frame,timestamp_s,obstacle_id,detection_source,cam_dist_m,lidar_dist_m,gt_dist_m,cam_error_m,lidar_error_m,cam_rel_error_pct,lidar_rel_error_pct,cam_within_1m,lidar_within_1m,cam_latency_ms,lidar_latency_ms,danger_level,angle_deg,sector,match_method
0,18.2456,t3,LIDAR_ONLY,14.1977,14.1977,47.4616,33.2639,33.2639,70.0859,70.0859,0,0,10.90,1.62,cautious,20.55,front,LIDAR_ONLY
0,18.2456,t3,LIDAR_ONLY,13.0648,13.0648,47.4616,34.3967,34.3967,72.4728,72.4728,0,0,10.90,1.62,cautious,24.59,front,LIDAR_ONLY
0,18.2456,t3,LIDAR_ONLY,11.8971,11.8971,47.4616,35.5645,35.5645,74.9332,74.9332,0,0,10.90,1.62,cautious,28.63,front,LIDAR_ONLY
0,18.2456,t4,LIDAR_ONLY,17.6397,17.6397,47.4616,29.8218,29.8218,62.8336,62.8336,0,0,10.90,1.62,drive,16.52,front,LIDAR_ONLY
0,18.4908,t10,LIDAR_ONLY,11.3304,11.3304,47.4616,36.1312,36.1312,76.1272,76.1272,0,0,15.65,1.33,cautious,26.06,front,LIDAR_ONLY
0,18.4908,t11,LIDAR_ONLY,21.4411,21.4411,47.4616,26.0205,26.0205,54.8243,54.8243,0,0,15.65,1.33,drive,13.58,front,LIDAR_ONLY
0,18.4908,t11,LIDAR_ONLY,18.9060,18.9060,47.4616,28.5555,28.5555,60.1656,60.1656,0,0,15.65,1.33,drive,17.74,front,LIDAR_ONLY
0,18.4908,t11,LIDAR_ONLY,16.3556,16.3556,47.4616,31.1060,31.1060,65.5393,65.5393,0,0,15.65,1.33,drive,21.90,front,LIDAR_ONLY
0,18.7860,t19,LIDAR_ONLY,14.6861,14.6861,47.4616,32.7755,32.7755,69.0569,69.0569,0,0,10.28,0.98,cautious,19.85,front,LIDAR_ONLY
0,18.7860,t19,LIDAR_ONLY,15.3896,15.3896,47.4616,32.0720,32.0720,67.5746,67.5746,0,0,10.28,0.98,cautious,15.78,front,LIDAR_ONLY
0,19.0351,t25,LIDAR_ONLY,12.1435,12.1435,47.4616,35.3181,35.3181,74.4140,74.4140,0,0,9.80,0.99,cautious,24.18,front,LIDAR_ONLY
0,19.0351,t26,LIDAR_ONLY,24.2924,24.2924,47.4616,23.1692,23.1692,48.8167,48.8167,0,0,9.80,0.99,drive,12.17,front,LIDAR_ONLY
0,19.0351,t25,LIDAR_ONLY,11.3314,11.3314,47.4616,36.1302,36.1302,76.1251,76.1251,0,0,9.80,0.99,cautious,28.18,front,LIDAR_ONLY
0,19.0351,t25,LIDAR_ONLY,11.6394,11.6394,47.4616,35.8222,35.8222,75.4762,75.4762,0,0,9.80,0.99,cautious,20.17,front,LIDAR_ONLY
0,19.2775,cam_0,CAM_ONLY,27.3586,,47.3802,20.0216,,42.2574,,0,,8.81,1.08,safe,,,CAMERA_ONLY
0,19.3436,t35,LIDAR_ONLY,12.6477,12.6477,47.2466,34.5988,34.5988,73.2304,73.2304,0,0,16.69,1.05,cautious,22.63,front,LIDAR_ONLY
0,19.3436,t35,LIDAR_ONLY,13.3196,13.3196,47.2466,33.9270,33.9270,71.8084,71.8084,0,0,16.69,1.05,cautious,14.46,front,LIDAR_ONLY
0,19.3436,t35,LIDAR_ONLY,13.8323,13.8323,47.2466,33.4143,33.4143,70.7232,70.7232,0,0,16.69,1.05,cautious,18.55,front,LIDAR_ONLY
0,19.3436,t35,LIDAR_ONLY,14.8578,14.8578,47.2466,32.3888,32.3888,68.5526,68.5526,0,0,16.69,1.05,cautious,10.37,front,LIDAR_ONLY
0,19.3436,t37,LIDAR_ONLY,10.8555,10.8555,47.2466,36.3911,36.3911,77.0238,77.0238,0,0,16.69,1.05,slow,26.72,front,LIDAR_ONLY
0,19.3976,t37,LIDAR_ONLY,10.4840,10.4840,47.1500,36.6659,36.6659,77.7645,77.7645,0,0,10.86,1.30,slow,28.99,front,LIDAR_ONLY
0,19.3976,t37,LIDAR_ONLY,10.8751,10.8751,47.1500,36.2748,36.2748,76.9350,76.9350,0,0,10.86,1.30,slow,20.62,front,LIDAR_ONLY
0,19.3976,t37,LIDAR_ONLY,11.5990,11.5990,47.1500,35.5510,35.5510,75.3998,75.3998,0,0,10.86,1.30,slow,16.43,front,LIDAR_ONLY
0,19.3976,t37,LIDAR_ONLY,12.0244,12.0244,47.1500,35.1255,35.1255,74.4975,74.4975,0,0,10.86,1.30,slow,24.80,front,LIDAR_ONLY
0,19.4647,cam_0,CAM_ONLY,27.8727,,46.9807,19.1080,,40.6720,,0,,18.23,0.90,slowdown,,,CAMERA_ONLY
0,19.5285,cam_0,CAM_ONLY,27.3231,,46.8316,19.5086,,41.6568,,0,,12.61,1.07,slowdown,,,CAMERA_ONLY
0,19.5959,cam_0,CAM_ONLY,27.5058,,46.6698,19.1641,,41.0631,,0,,13.01,1.24,slowdown,,,CAMERA_ONLY
0,19.5959,t37,LIDAR_ONLY,12.2181,12.2181,46.6698,34.4517,34.4517,73.8202,73.8202,0,0,13.01,1.24,slow,27.65,front,LIDAR_ONLY
0,19.6699,cam_0,CAM_ONLY,27.4966,,46.4731,18.9765,,40.8332,,0,,24.71,1.70,slowdown,,,CAMERA_ONLY
0,19.7486,t37,LIDAR_ONLY,12.2768,12.2768,46.3071,34.0303,34.0303,73.4883,73.4883,0,0,20.46,2.03,cautious,27.31,front,LIDAR_ONLY
0,19.7486,t44,LIDAR_ONLY,18.7813,18.7813,46.3071,27.5258,27.5258,59.4418,59.4418,0,0,20.46,2.03,drive,14.94,front,LIDAR_ONLY
0,19.7486,t37,LIDAR_ONLY,12.1568,12.1568,46.3071,34.1503,34.1503,73.7474,73.7474,0,0,20.46,2.03,cautious,23.19,front,LIDAR_ONLY
0,19.8643,cam_0,CAM_ONLY,27.0253,,46.0373,19.0119,,41.2968,,0,,14.20,0.85,slowdown,,,CAMERA_ONLY
0,19.9897,t51,LIDAR_ONLY,11.4082,11.4082,45.7169,34.3087,34.3087,75.0461,75.0461,0,0,16.13,1.34,slow,26.02,front,LIDAR_ONLY
0,19.9897,t51,LIDAR_ONLY,11.6233,11.6233,45.7169,34.0936,34.0936,74.5755,74.5755,0,0,16.13,1.34,slow,22.01,front,LIDAR_ONLY
0,19.9897,t51,LIDAR_ONLY,12.1078,12.1078,45.7169,33.6091,33.6091,73.5156,73.5156,0,0,16.13,1.34,slow,18.00,front,LIDAR_ONLY
0,19.9897,t51,LIDAR_ONLY,12.8390,12.8390,45.7169,32.8779,32.8779,71.9162,71.9162,0,0,16.13,1.34,slow,13.99,front,LIDAR_ONLY
0,20.2445,t57,LIDAR_ONLY,12.0659,12.0659,45.0280,32.9622,32.9622,73.2036,73.2036,0,0,10.84,2.73,slow,24.33,front,LIDAR_ONLY
0,20.2445,t57,LIDAR_ONLY,11.3408,11.3408,45.0280,33.6873,33.6873,74.8140,74.8140,0,0,10.84,2.73,slow,28.52,front,LIDAR_ONLY
0,20.2445,t59,LIDAR_ONLY,25.6220,25.6220,45.0280,19.4060,19.4060,43.0976,43.0976,0,0,10.84,2.73,drive,11.75,front,LIDAR_ONLY
0,20.2445,t59,LIDAR_ONLY,18.1659,18.1659,45.0280,26.8621,26.8621,59.6565,59.6565,0,0,10.84,2.73,drive,20.14,front,LIDAR_ONLY
0,20.2445,t59,LIDAR_ONLY,18.1662,18.1662,45.0280,26.8618,26.8618,59.6558,59.6558,0,0,10.84,2.73,drive,15.94,front,LIDAR_ONLY
0,20.5848,cam_1,CAM_ONLY,26.1930,,44.0036,17.8105,,40.4752,,0,,13.18,0.78,warning,,,CAMERA_ONLY
0,20.5848,t70,LIDAR_ONLY,15.4360,15.4360,44.0036,28.5676,28.5676,64.9211,64.9211,0,0,13.18,0.78,cautious,18.92,front,LIDAR_ONLY
0,20.6478,t70,LIDAR_ONLY,14.0817,14.0817,43.7644,29.6827,29.6827,67.8237,67.8237,0,0,9.49,1.33,cautious,23.03,front,LIDAR_ONLY
0,20.6478,t70,LIDAR_ONLY,12.6143,12.6143,43.7644,31.1501,31.1501,71.1767,71.1767,0,0,9.49,1.33,slow,27.18,front,LIDAR_ONLY
0,20.6478,t70,LIDAR_ONLY,12.9156,12.9156,43.7644,30.8488,30.8488,70.4883,70.4883,0,0,9.49,1.33,slow,18.89,front,LIDAR_ONLY
0,20.9386,t83,LIDAR_ONLY,19.1487,19.1487,42.7634,23.6146,23.6146,55.2216,55.2216,0,0,15.47,1.23,drive,14.35,front,LIDAR_ONLY
0,20.9386,t83,LIDAR_ONLY,14.4022,14.4022,42.7634,28.3612,28.3612,66.3211,66.3211,0,0,15.47,1.23,cautious,22.55,front,LIDAR_ONLY
0,20.9386,t85,LIDAR_ONLY,27.2792,27.2792,42.7634,15.4841,15.4841,36.2089,36.2089,0,0,15.47,1.23,drive,10.24,front,LIDAR_ONLY
0,20.9386,t83,LIDAR_ONLY,13.3075,13.3075,42.7634,29.4559,29.4559,68.8811,68.8811,0,0,15.47,1.23,cautious,26.65,front,LIDAR_ONLY
0,21.1126,cam_2,CAM_ONLY,59.5691,,42.0891,17.4801,,41.5311,,0,,12.99,0.92,safe,,,CAMERA_ONLY
0,21.2818,t92,LIDAR_ONLY,17.7252,17.7252,41.3941,23.6689,23.6689,57.1795,57.1795,0,0,14.42,0.92,cautious,11.91,front,LIDAR_ONLY
0,21.2818,t92,LIDAR_ONLY,18.7783,18.7783,41.3941,22.6158,22.6158,54.6353,54.6353,0,0,14.42,0.92,cautious,7.87,front,LIDAR_ONLY
0,21.3467,cam_2,CAM_ONLY,56.8224,,41.1214,15.7010,,38.1821,,0,,10.09,1.10,safe,,,CAMERA_ONLY
0,21.4855,t92,LIDAR_ONLY,17.6804,17.6804,40.4932,22.8128,22.8128,56.3375,56.3375,0,0,20.15,1.11,cautious,16.14,front,LIDAR_ONLY
0,21.4855,t92,LIDAR_ONLY,14.2942,14.2942,40.4932,26.1990,26.1990,64.6998,64.6998,0,0,20.15,1.11,cautious,24.21,front,LIDAR_ONLY
0,21.4855,t97,LIDAR_ONLY,23.7363,23.7363,40.4932,16.7569,16.7569,41.3821,41.3821,0,0,20.15,1.11,drive,8.06,front,LIDAR_ONLY
0,21.4855,t97,LIDAR_ONLY,19.9569,19.9569,40.4932,20.5363,20.5363,50.7154,50.7154,0,0,20.15,1.11,drive,12.10,front,LIDAR_ONLY
0,21.4855,t92,LIDAR_ONLY,13.8902,13.8902,40.4932,26.6030,26.6030,65.6975,65.6975,0,0,20.15,1.11,slow,20.17,front,LIDAR_ONLY
0,21.5469,cam_2,CAM_ONLY,56.9489,,40.2020,16.7469,,41.6569,,0,,12.81,1.35,safe,,,CAMERA_ONLY
0,21.5469,t92,LIDAR_ONLY,12.4707,12.4707,40.2020,27.7312,27.7312,68.9798,68.9798,0,0,12.81,1.35,slow,24.11,front,LIDAR_ONLY
0,21.5469,t92,LIDAR_ONLY,10.3385,10.3385,40.2020,29.8635,29.8635,74.2836,74.2836,0,0,12.81,1.35,slow,28.20,front,LIDAR_ONLY
0,21.7143,cam_2,CAM_ONLY,55.2072,,39.4011,15.8062,,40.1161,,0,,11.24,0.88,safe,,,CAMERA_ONLY
0,21.7739,cam_2,CAM_ONLY,55.2059,,39.1254,16.0804,,41.0996,,0,,11.26,1.14,safe,,,CAMERA_ONLY
0,21.8236,cam_2,CAM_ONLY,56.3382,,38.9179,17.4203,,44.7617,,0,,11.81,1.14,safe,,,CAMERA_ONLY
0,21.8923,t110,BOTH,56.1570,18.3115,38.6077,17.5493,20.2962,45.4555,52.5703,0,0,15.85,1.30,safe,,,FULL_ANGLE
0,21.8923,t108,LIDAR_ONLY,10.1738,10.1738,38.6077,28.4338,28.4338,73.6482,73.6482,0,0,15.85,1.30,slow,26.02,front,LIDAR_ONLY
0,21.8923,t110,LIDAR_ONLY,16.2791,16.2791,38.6077,22.3285,22.3285,57.8344,57.8344,0,0,15.85,1.30,cautious,17.99,front,LIDAR_ONLY
0,21.8923,t108,LIDAR_ONLY,10.3475,10.3475,38.6077,28.2602,28.2602,73.1985,73.1985,0,0,15.85,1.30,slow,22.00,front,LIDAR_ONLY
0,22.0787,cam_2,CAM_ONLY,54.8778,,37.7038,17.1741,,45.5500,,0,,13.01,1.20,safe,,,CAMERA_ONLY
0,22.1333,cam_2,CAM_ONLY,55.5678,,37.3887,18.1792,,48.6221,,0,,9.34,0.94,safe,,,CAMERA_ONLY
0,22.1824,cam_2,CAM_ONLY,55.0148,,37.1581,17.8567,,48.0560,,0,,11.28,0.92,safe,,,CAMERA_ONLY
0,22.1824,t116,LIDAR_ONLY,10.3235,10.3235,37.1581,26.8346,26.8346,72.2174,72.2174,0,0,11.28,0.92,slow,24.68,front,LIDAR_ONLY
0,22.1824,t116,LIDAR_ONLY,9.5353,9.5353,37.1581,27.6228,27.6228,74.3386,74.3386,0,0,11.28,0.92,stop,28.88,front,LIDAR_ONLY
0,22.1824,t117,LIDAR_ONLY,15.3242,15.3242,37.1581,21.8339,21.8339,58.7596,58.7596,0,0,11.28,0.92,cautious,16.27,front,LIDAR_ONLY
0,22.1824,t117,LIDAR_ONLY,13.5025,13.5025,37.1581,23.6556,23.6556,63.6621,63.6621,0,0,11.28,0.92,slow,20.48,front,LIDAR_ONLY
0,22.2357,cam_2,CAM_ONLY,53.7892,,36.8640,16.9252,,45.9125,,0,,9.09,0.94,safe,,,CAMERA_ONLY
0,22.2952,cam_2,CAM_ONLY,53.1809,,36.5752,16.6056,,45.4012,,0,,10.90,1.27,safe,,,CAMERA_ONLY
0,22.2952,t117,LIDAR_ONLY,12.5213,12.5213,36.5752,24.0540,24.0540,65.7657,65.7657,0,0,10.90,1.27,slow,23.92,front,LIDAR_ONLY
0,22.2952,t116,LIDAR_ONLY,9.4396,9.4396,36.5752,27.1357,27.1357,74.1913,74.1913,0,0,10.90,1.27,stop,27.98,front,LIDAR_ONLY
0,22.2952,t117,LIDAR_ONLY,12.5272,12.5272,36.5752,24.0481,24.0481,65.7496,65.7496,0,0,10.90,1.27,slow,19.87,front,LIDAR_ONLY
0,22.3538,cam_2,CAM_ONLY,53.7298,,36.3356,17.3942,,47.8710,,0,,15.48,1.26,safe,,,CAMERA_ONLY
0,22.4163,cam_2,CAM_ONLY,53.2261,,36.0125,17.2136,,47.7990,,0,,9.74,1.40,safe,,,CAMERA_ONLY
0,22.4753,cam_2,CAM_ONLY,52.1230,,35.7628,16.3602,,45.7465,,0,,15.44,1.18,safe,,,CAMERA_ONLY
0,22.5322,t130,BOTH,50.7804,19.6838,35.4624,15.3180,15.7786,43.1950,44.4938,0,0,14.28,1.03,safe,,,FULL_ANGLE
0,22.5322,t129,LIDAR_ONLY,10.1455,10.1455,35.4624,25.3170,25.3170,71.3910,71.3910,0,0,14.28,1.03,slow,25.75,front,LIDAR_ONLY
0,22.5322,t129,LIDAR_ONLY,9.2992,9.2992,35.4624,26.1632,26.1632,73.7773,73.7773,0,0,14.28,1.03,slow,29.97,front,LIDAR_ONLY
0,22.5322,t130,LIDAR_ONLY,15.8231,15.8231,35.4624,19.6393,19.6393,55.3807,55.3807,0,0,14.28,1.03,cautious,21.52,front,LIDAR_ONLY
0,22.5880,t130,LIDAR_ONLY,14.0472,14.0472,35.2089,21.1617,21.1617,60.1031,60.1031,0,0,11.99,1.17,slow,24.91,front,LIDAR_ONLY
0,22.5880,t129,LIDAR_ONLY,9.2311,9.2311,35.2089,25.9778,25.9778,73.7819,73.7819,0,0,11.99,1.17,stop,29.10,front,LIDAR_ONLY
0,22.5880,t130,LIDAR_ONLY,14.1822,14.1822,35.2089,21.0267,21.0267,59.7200,59.7200,0,0,11.99,1.17,slow,16.53,front,LIDAR_ONLY
0,22.6396,t130,BOTH,50.1251,13.8617,34.9854,15.1396,21.1237,43.2741,60.3787,0,0,9.45,1.06,safe,,,FULL_ANGLE
0,22.6396,t129,LIDAR_ONLY,9.3463,9.3463,34.9854,25.6391,25.6391,73.2851,73.2851,0,0,9.45,1.06,stop,25.53,front,LIDAR_ONLY
0,22.6396,t129,LIDAR_ONLY,9.3833,9.3833,34.9854,25.6021,25.6021,73.1793,73.1793,0,0,9.45,1.06,stop,29.61,front,LIDAR_ONLY
0,22.6396,t130,LIDAR_ONLY,13.8431,13.8431,34.9854,21.1424,21.1424,60.4319,60.4319,0,0,9.45,1.06,slow,21.45,front,LIDAR_ONLY
0,22.7186,cam_2,CAM_ONLY,49.7213,,34.6044,15.1169,,43.6848,,0,,22.92,1.19,safe,,,CAMERA_ONLY
0,22.7759,cam_2,CAM_ONLY,49.7317,,34.3050,15.4267,,44.9692,,0,,10.18,1.12,safe,,,CAMERA_ONLY
0,22.8323,cam_2,CAM_ONLY,49.9070,,34.0985,15.8085,,46.3612,,0,,10.38,0.80,safe,,,CAMERA_ONLY
0,22.8986,cam_2,CAM_ONLY,50.9224,,33.8162,17.1061,,50.5856,,0,,15.56,1.31,safe,,,CAMERA_ONLY
0,22.8986,t138,LIDAR_ONLY,9.7496,9.7496,33.8162,24.0666,24.0666,71.1689,71.1689,0,0,15.56,1.31,slow,28.20,front,LIDAR_ONLY
0,22.8986,t138,LIDAR_ONLY,10.1537,10.1537,33.8162,23.6625,23.6625,69.9739,69.9739,0,0,15.56,1.31,slow,20.12,front,LIDAR_ONLY
0,22.8986,t138,LIDAR_ONLY,10.4581,10.4581,33.8162,23.3582,23.3582,69.0738,69.0738,0,0,15.56,1.31,slow,24.16,front,LIDAR_ONLY
0,22.9573,cam_2,CAM_ONLY,50.1849,,33.5373,16.6476,,49.6389,,0,,10.86,1.17,safe,,,CAMERA_ONLY
0,23.0222,cam_2,CAM_ONLY,48.2824,,33.2420,15.0405,,45.2454,,0,,16.79,1.07,safe,,,CAMERA_ONLY
0,23.0883,cam_2,CAM_ONLY,47.4522,,32.8969,14.5552,,44.2449,,0,,13.20,1.04,safe,,,CAMERA_ONLY
0,23.1530,cam_2,CAM_ONLY,46.8498,,32.6272,14.2225,,43.5909,,0,,17.56,1.28,safe,,,CAMERA_ONLY
0,23.2079,cam_2,CAM_ONLY,46.5959,,32.3444,14.2516,,44.0620,,0,,11.38,0.91,safe,,,CAMERA_ONLY
0,23.3265,cam_2,CAM_ONLY,46.8170,,31.7829,15.0341,,47.3025,,0,,12.38,0.93,safe,,,CAMERA_ONLY
0,23.4042,cam_2,CAM_ONLY,46.4216,,31.3944,15.0272,,47.8659,,0,,22.61,1.34,safe,,,CAMERA_ONLY
0,23.4691,cam_2,CAM_ONLY,19.1363,,31.1018,11.9655,,38.4721,,0,,16.15,0.76,stop,,,CAMERA_ONLY
0,23.4691,cam_2,CAM_ONLY,46.1300,,31.1018,15.0282,,48.3192,,0,,16.15,0.76,safe,,,CAMERA_ONLY
0,23.5297,cam_2,CAM_ONLY,44.7326,,30.7783,13.9544,,45.3384,,0,,10.04,0.89,safe,,,CAMERA_ONLY
0,23.5872,cam_2,CAM_ONLY,43.9558,,30.4599,13.4959,,44.3071,,0,,9.38,0.94,safe,,,CAMERA_ONLY
0,23.6479,cam_2,CAM_ONLY,43.8177,,30.1420,13.6757,,45.3709,,0,,16.74,1.36,safe,,,CAMERA_ONLY
0,23.7087,cam_2,CAM_ONLY,43.4126,,29.8594,13.5533,,45.3903,,0,,10.92,0.91,safe,,,CAMERA_ONLY
0,23.7661,cam_2,CAM_ONLY,42.6993,,29.5963,13.1030,,44.2725,,0,,16.52,0.84,safe,,,CAMERA_ONLY
0,23.8303,t157,BOTH,42.3068,14.5469,29.2289,13.0779,14.6821,44.7429,50.2313,0,0,16.05,0.88,safe,,,FULL_ANGLE
0,23.8303,t157,LIDAR_ONLY,15.0090,15.0090,29.2289,14.2199,14.2199,48.6501,48.6501,0,0,16.05,0.88,cautious,18.98,front,LIDAR_ONLY
0,23.8303,t157,LIDAR_ONLY,14.0251,14.0251,29.2289,15.2038,15.2038,52.0164,52.0164,0,0,16.05,0.88,slow,23.03,front,LIDAR_ONLY
0,23.8914,cam_2,CAM_ONLY,41.8801,,28.9160,12.9641,,44.8337,,0,,10.55,1.22,safe,,,CAMERA_ONLY
0,23.9456,t163,BOTH,41.2693,23.8157,28.6199,12.6493,4.8042,44.1977,16.7862,0,0,11.15,1.41,safe,,,FULL_ANGLE
0,23.9456,t162,LIDAR_ONLY,10.1876,10.1876,28.6199,18.4323,18.4323,64.4039,64.4039,0,0,11.15,1.41,slow,27.95,front,LIDAR_ONLY
0,23.9456,t157,LIDAR_ONLY,15.1340,15.1340,28.6199,13.4859,13.4859,47.1207,47.1207,0,0,11.15,1.41,slow,15.84,front,LIDAR_ONLY
0,23.9456,t157,LIDAR_ONLY,15.4595,15.4595,28.6199,13.1604,13.1604,45.9832,45.9832,0,0,11.15,1.41,slow,19.88,front,LIDAR_ONLY
0,23.9456,t157,LIDAR_ONLY,15.4953,15.4953,28.6199,13.1247,13.1247,45.8585,45.8585,0,0,11.15,1.41,cautious,23.91,front,LIDAR_ONLY
0,24.0066,cam_2,CAM_ONLY,40.8773,,28.3334,12.5439,,44.2726,,0,,14.73,1.24,safe,,,CAMERA_ONLY
0,24.0634,cam_2,CAM_ONLY,40.3673,,28.0011,12.3662,,44.1631,,0,,8.68,1.21,safe,,,CAMERA_ONLY
0,24.1369,t157,BOTH,39.3694,14.8727,27.6458,11.7236,12.7730,42.4065,46.2025,0,0,21.67,1.27,safe,,,FULL_ANGLE
0,24.1369,t167,LIDAR_ONLY,33.6633,33.6633,27.6458,6.0175,6.0175,21.7665,21.7665,0,0,21.67,1.27,drive,-24.16,front,LIDAR_ONLY
0,24.1369,t162,LIDAR_ONLY,10.1478,10.1478,27.6458,17.4980,17.4980,63.2934,63.2934,0,0,21.67,1.27,slow,28.60,front,LIDAR_ONLY
0,24.1369,t157,LIDAR_ONLY,14.8577,14.8577,27.6458,12.7881,12.7881,46.2568,46.2568,0,0,21.67,1.27,cautious,24.55,front,LIDAR_ONLY
0,24.1369,t157,LIDAR_ONLY,14.0595,14.0595,27.6458,13.5862,13.5862,49.1440,49.1440,0,0,21.67,1.27,slow,20.49,front,LIDAR_ONLY
0,24.1965,cam_2,CAM_ONLY,38.3288,,27.3185,11.0103,,40.3036,,0,,10.28,1.19,slowdown,,,CAMERA_ONLY
0,24.2692,cam_2,CAM_ONLY,37.3314,,26.9520,10.3794,,38.5107,,0,,16.82,0.97,slowdown,,,CAMERA_ONLY
0,24.3225,cam_2,CAM_ONLY,37.3707,,26.7312,10.6395,,39.8020,,0,,13.59,1.05,slowdown,,,CAMERA_ONLY
0,24.3915,t172,BOTH,36.9405,11.8014,26.3687,10.5717,14.5674,40.0920,55.2448,0,0,19.07,2.59,slowdown,,,FULL_ANGLE
0,24.3915,t172,LIDAR_ONLY,10.1903,10.1903,26.3687,16.1784,16.1784,61.3545,61.3545,0,0,19.07,2.59,slow,28.64,front,LIDAR_ONLY
0,24.3915,t172,LIDAR_ONLY,10.8025,10.8025,26.3687,15.5662,15.5662,59.0328,59.0328,0,0,19.07,2.59,slow,20.42,front,LIDAR_ONLY
0,24.4559,cam_2,CAM_ONLY,36.1774,,26.0433,10.1341,,38.9125,,0,,14.94,1.01,slowdown,,,CAMERA_ONLY
0,24.5151,cam_2,CAM_ONLY,36.0419,,25.7452,10.2968,,39.9951,,0,,16.67,0.89,slowdown,,,CAMERA_ONLY
0,24.5715,cam_2,CAM_ONLY,36.6711,,25.5253,11.1457,,43.6653,,0,,11.02,0.93,slowdown,,,CAMERA_ONLY
0,24.6260,cam_2,CAM_ONLY,36.0779,,25.2382,10.8396,,42.9492,,0,,12.27,1.17,slowdown,,,CAMERA_ONLY
0,24.7001,cam_2,CAM_ONLY,34.9768,,24.9276,10.0491,,40.3133,,0,,11.02,1.07,slowdown,,,CAMERA_ONLY
0,24.7873,t186,BOTH,34.2483,19.4116,24.5154,9.7330,5.1037,39.7014,20.8185,0,0,21.60,1.32,slowdown,,,FULL_ANGLE
0,24.7873,t183,LIDAR_ONLY,14.4513,14.4513,24.5154,10.0641,10.0641,41.0522,41.0522,0,0,21.60,1.32,cautious,20.79,front,LIDAR_ONLY
0,24.7873,t183,LIDAR_ONLY,12.9074,12.9074,24.5154,11.6080,11.6080,47.3497,47.3497,0,0,21.60,1.32,slow,24.82,front,LIDAR_ONLY
0,24.7873,t183,LIDAR_ONLY,12.2153,12.2153,24.5154,12.3001,12.3001,50.1730,50.1730,0,0,21.60,1.32,slow,28.84,front,LIDAR_ONLY
0,24.7873,t185,LIDAR_ONLY,21.0612,21.0612,24.5154,3.4541,3.4541,14.0897,14.0897,0,0,21.60,1.32,drive,16.77,front,LIDAR_ONLY
0,24.8424,cam_2,CAM_ONLY,33.8407,,24.2515,9.5892,,39.5409,,0,,10.01,1.21,slowdown,,,CAMERA_ONLY
0,24.8424,t185,LIDAR_ONLY,15.9762,15.9762,24.2515,8.2753,8.2753,34.1227,34.1227,0,0,10.01,1.21,cautious,22.69,front,LIDAR_ONLY
0,24.8424,t183,LIDAR_ONLY,11.9194,11.9194,24.2515,12.3321,12.3321,50.8507,50.8507,0,0,10.01,1.21,slow,26.74,front,LIDAR_ONLY
0,24.8424,t185,LIDAR_ONLY,16.1031,16.1031,24.2515,8.1484,8.1484,33.5997,33.5997,0,0,10.01,1.21,cautious,18.64,front,LIDAR_ONLY
0,24.9075,cam_2,CAM_ONLY,33.2723,,23.9742,9.2981,,38.7839,,0,,16.08,1.67,slowdown,,,CAMERA_ONLY
0,24.9667,cam_2,CAM_ONLY,32.3149,,23.7208,8.5941,,36.2302,,0,,10.37,1.24,slowdown,,,CAMERA_ONLY
0,25.0259,cam_2,CAM_ONLY,32.2005,,23.4885,8.7120,,37.0904,,0,,15.00,0.90,slowdown,,,CAMERA_ONLY
0,25.0817,cam_2,CAM_ONLY,32.7629,,23.2843,9.4787,,40.7085,,0,,13.02,0.96,slowdown,,,CAMERA_ONLY
0,25.1314,cam_2,CAM_ONLY,32.9942,,23.0579,9.9362,,43.0925,,0,,10.19,0.83,slowdown,,,CAMERA_ONLY
0,25.1933,t196,BOTH,33.3192,13.5542,22.7715,10.5477,9.2173,46.3195,40.4773,0,0,12.08,1.28,slowdown,,,FULL_ANGLE
0,25.1933,t196,LIDAR_ONLY,12.0286,12.0286,22.7715,10.7429,10.7429,47.1770,47.1770,0,0,12.08,1.28,slow,24.47,front,LIDAR_ONLY
0,25.1933,t196,LIDAR_ONLY,14.4997,14.4997,22.7715,8.2718,8.2718,36.3253,36.3253,0,0,12.08,1.28,slow,20.26,front,LIDAR_ONLY
0,25.1933,t196,LIDAR_ONLY,14.3611,14.3611,22.7715,8.4104,8.4104,36.9338,36.9338,0,0,12.08,1.28,slow,28.67,front,LIDAR_ONLY
0,25.2547,cam_2,CAM_ONLY,32.6582,,22.5119,10.1463,,45.0707,,0,,13.49,1.18,slowdown,,,CAMERA_ONLY
0,25.3271,cam_2,CAM_ONLY,31.2904,,22.2540,9.0364,,40.6058,,0,,13.06,1.25,slowdown,,,CAMERA_ONLY
0,25.3949,cam_2,CAM_ONLY,30.9875,,21.9834,9.0041,,40.9586,,0,,17.84,1.29,slowdown,,,CAMERA_ONLY
0,25.3949,t196,LIDAR_ONLY,13.4350,13.4350,21.9834,8.5485,8.5485,38.8859,38.8859,0,0,17.84,1.29,slow,27.77,front,LIDAR_ONLY
0,25.3949,t196,LIDAR_ONLY,13.4846,13.4846,21.9834,8.4988,8.4988,38.6601,38.6601,0,0,17.84,1.29,slow,23.77,front,LIDAR_ONLY
0,25.4566,cam_2,CAM_ONLY,30.7888,,21.7055,9.0834,,41.8482,,0,,12.06,1.21,slowdown,,,CAMERA_ONLY
0,25.5069,cam_2,CAM_ONLY,29.9877,,21.5437,8.4440,,39.1947,,0,,11.26,1.26,warning,,,CAMERA_ONLY
0,25.5673,cam_2,CAM_ONLY,28.9973,,21.3115,7.6858,,36.0641,,0,,11.75,0.87,warning,,,CAMERA_ONLY
0,25.6404,t211,BOTH,28.8315,15.9286,21.0301,7.8014,5.1015,37.0961,24.2582,0,0,18.47,1.21,warning,,,FULL_ANGLE
0,25.6404,t209,LIDAR_ONLY,9.7942,9.7942,21.0301,11.2360,11.2360,53.4280,53.4280,0,0,18.47,1.21,slow,29.99,front,LIDAR_ONLY
0,25.6404,t209,LIDAR_ONLY,10.1062,10.1062,21.0301,10.9240,10.9240,51.9443,51.9443,0,0,18.47,1.21,slow,25.88,front,LIDAR_ONLY
0,25.6404,t209,LIDAR_ONLY,11.1073,11.1073,21.0301,9.9228,9.9228,47.1838,47.1838,0,0,18.47,1.21,slow,17.66,front,LIDAR_ONLY
0,25.6404,t209,LIDAR_ONLY,11.8681,11.8681,21.0301,9.1621,9.1621,43.5664,43.5664,0,0,18.47,1.21,slow,21.77,front,LIDAR_ONLY
0,25.7041,cam_2,CAM_ONLY,27.7317,,20.7941,6.9376,,33.3631,,0,,17.85,1.22,warning,,,CAMERA_ONLY
0,25.7672,cam_2,CAM_ONLY,27.0214,,20.5823,6.4392,,31.2850,,0,,11.46,0.77,warning,,,CAMERA_ONLY
0,25.8248,cam_2,CAM_ONLY,27.0850,,20.3631,6.7219,,33.0103,,0,,10.79,0.89,warning,,,CAMERA_ONLY
0,25.8819,cam_2,CAM_ONLY,26.3799,,20.1928,6.1871,,30.6400,,0,,13.82,0.88,warning,,,CAMERA_ONLY
0,25.9441,cam_2,CAM_ONLY,25.8453,,19.9856,5.8596,,29.3191,,0,,14.68,1.21,warning,,,CAMERA_ONLY
0,26.0020,cam_2,CAM_ONLY,25.7604,,19.8129,5.9476,,30.0187,,0,,10.40,1.14,warning,,,CAMERA_ONLY
0,26.0642,cam_2,CAM_ONLY,25.6834,,19.6260,6.0575,,30.8645,,0,,16.32,1.34,warning,,,CAMERA_ONLY
0,26.1225,cam_2,CAM_ONLY,25.3028,,19.4614,5.8414,,30.0154,,0,,12.49,1.09,warning,,,CAMERA_ONLY
0,26.1826,cam_2,CAM_ONLY,25.3866,,19.2961,6.0905,,31.5631,,0,,12.11,0.78,warning,,,CAMERA_ONLY
0,26.2345,cam_2,CAM_ONLY,25.0757,,19.1558,5.9199,,30.9041,,0,,13.11,0.88,warning,,,CAMERA_ONLY
0,26.2862,t230,BOTH,24.9724,13.9829,19.0166,5.9558,5.0338,31.3188,26.4703,0,0,9.89,0.91,warning,,,FULL_ANGLE
0,26.2862,t229,LIDAR_ONLY,10.3695,10.3695,19.0166,8.6471,8.6471,45.4715,45.4715,0,0,9.89,0.91,slow,28.92,front,LIDAR_ONLY
0,26.2862,t229,LIDAR_ONLY,11.1387,11.1387,19.0166,7.8779,7.8779,41.4264,41.4264,0,0,9.89,0.91,slow,20.51,front,LIDAR_ONLY
0,26.2862,t230,LIDAR_ONLY,13.9995,13.9995,19.0166,5.0172,5.0172,26.3830,26.3830,0,0,9.89,0.91,cautious,-0.53,front,LIDAR_ONLY
0,26.3495,cam_2,CAM_ONLY,24.9378,,18.8600,6.0778,,32.2261,,0,,10.98,1.06,warning,,,CAMERA_ONLY
0,26.4043,cam_2,CAM_ONLY,24.8453,,18.7277,6.1176,,32.6661,,0,,11.10,1.36,warning,,,CAMERA_ONLY
0,26.4627,cam_2,CAM_ONLY,24.4586,,18.5721,5.8865,,31.6952,,0,,9.22,0.95,warning,,,CAMERA_ONLY
0,26.5198,cam_2,CAM_ONLY,24.1637,,18.4526,5.7111,,30.9502,,0,,12.97,1.12,warning,,,CAMERA_ONLY
0,26.5942,cam_2,CAM_ONLY,24.0855,,18.3065,5.7790,,31.5679,,0,,16.83,1.41,warning,,,CAMERA_ONLY
0,26.5942,t242,LIDAR_ONLY,12.7506,12.7506,18.3065,5.5560,5.5560,30.3496,30.3496,0,0,16.83,1.41,cautious,24.80,front,LIDAR_ONLY
0,26.5942,t242,LIDAR_ONLY,11.7096,11.7096,18.3065,6.5969,6.5969,36.0359,36.0359,0,0,16.83,1.41,slow,28.99,front,LIDAR_ONLY
0,26.5942,t242,LIDAR_ONLY,12.0654,12.0654,18.3065,6.2411,6.2411,34.0922,34.0922,0,0,16.83,1.41,slow,20.60,front,LIDAR_ONLY
0,26.6531,cam_2,CAM_ONLY,24.0393,,18.1683,5.8709,,32.3142,,0,,11.04,1.13,warning,,,CAMERA_ONLY
0,26.7149,cam_2,CAM_ONLY,23.6889,,18.0613,5.6275,,31.1579,,0,,15.37,0.91,warning,,,CAMERA_ONLY
0,26.7764,cam_2,CAM_ONLY,23.5330,,17.9484,5.5846,,31.1149,,0,,13.56,1.08,warning,,,CAMERA_ONLY
0,26.8417,t250,BOTH,23.3941,12.8815,17.8363,5.5578,4.9548,31.1602,27.7793,0,0,13.37,1.24,warning,,,FULL_ANGLE
0,26.8417,t249,LIDAR_ONLY,14.9279,14.9279,17.8363,2.9084,2.9084,16.3060,16.3060,0,0,13.37,1.24,cautious,22.08,front,LIDAR_ONLY
0,26.8417,t249,LIDAR_ONLY,15.9363,15.9363,17.8363,1.9000,1.9000,10.6526,10.6526,0,0,13.37,1.24,cautious,17.96,front,LIDAR_ONLY
0,26.8417,t249,LIDAR_ONLY,16.0592,16.0592,17.8363,1.7771,1.7771,9.9632,9.9632,0,0,13.37,1.24,cautious,26.20,front,LIDAR_ONLY
0,26.8417,t250,LIDAR_ONLY,12.9501,12.9501,17.8363,4.8862,4.8862,27.3945,27.3945,0,0,13.37,1.24,cautious,-2.64,front,LIDAR_ONLY
0,26.9090,cam_2,CAM_ONLY,23.4701,,17.7589,5.7112,,32.1597,,0,,19.86,1.36,slowdown,,,CAMERA_ONLY
0,26.9704,cam_2,CAM_ONLY,23.9285,,17.7493,6.1792,,34.8137,,0,,14.97,1.02,safe,,,CAMERA_ONLY
0,27.0318,cam_2,CAM_ONLY,23.7516,,17.7394,6.0122,,33.8921,,0,,12.33,0.87,safe,,,CAMERA_ONLY
0,27.0968,cam_2,CAM_ONLY,23.9701,,17.7202,6.2499,,35.2700,,0,,14.10,1.19,safe,,,CAMERA_ONLY
0,27.1619,cam_2,CAM_ONLY,23.8735,,17.6902,6.1833,,34.9530,,0,,17.88,0.87,safe,,,CAMERA_ONLY
0,27.2277,cam_2,CAM_ONLY,23.5114,,17.6468,5.8646,,33.2333,,0,,17.61,0.90,safe,,,CAMERA_ONLY
0,27.3040,cam_2,CAM_ONLY,23.3386,,17.5813,5.7573,,32.7465,,0,,19.77,1.30,safe,,,CAMERA_ONLY
0,27.3762,cam_2,CAM_ONLY,23.1842,,17.4980,5.6862,,32.4961,,0,,13.67,1.09,slowdown,,,CAMERA_ONLY
0,27.4290,cam_2,CAM_ONLY,23.2052,,17.4419,5.7632,,33.0424,,0,,11.26,0.82,warning,,,CAMERA_ONLY
0,27.4829,cam_2,CAM_ONLY,22.8866,,17.3528,5.5338,,31.8901,,0,,9.14,0.93,warning,,,CAMERA_ONLY
0,27.5475,cam_2,CAM_ONLY,22.9905,,17.2697,5.7209,,33.1266,,0,,16.96,1.11,warning,,,CAMERA_ONLY
0,27.6046,cam_2,CAM_ONLY,22.5588,,17.1759,5.3829,,31.3398,,0,,10.61,1.21,warning,,,CAMERA_ONLY
0,27.6701,cam_2,CAM_ONLY,22.2771,,17.1144,5.1628,,30.1662,,0,,14.15,1.07,warning,,,CAMERA_ONLY
0,27.7856,t274,LIDAR_ONLY,15.1260,15.1260,17.1084,1.9824,1.9824,11.5874,11.5874,0,0,11.27,1.38,drive,21.48,front,LIDAR_ONLY
0,27.7856,t274,LIDAR_ONLY,13.2903,13.2903,17.1084,3.8181,3.8181,22.3172,22.3172,0,0,11.27,1.38,cautious,25.67,front,LIDAR_ONLY
0,27.7856,t274,LIDAR_ONLY,13.8993,13.8993,17.1084,3.2091,3.2091,18.7576,18.7576,0,0,11.27,1.38,cautious,17.28,front,LIDAR_ONLY
0,27.7856,t275,LIDAR_ONLY,12.2296,12.2296,17.1084,4.8788,4.8788,28.5172,28.5172,0,0,11.27,1.38,cautious,-3.69,front,LIDAR_ONLY
0,27.7856,t275,LIDAR_ONLY,12.1607,12.1607,17.1084,4.9477,4.9477,28.9198,28.9198,0,0,11.27,1.38,cautious,0.50,front,LIDAR_ONLY
0,27.7856,t275,LIDAR_ONLY,12.1208,12.1208,17.1084,4.9876,4.9876,29.1529,29.1529,0,0,11.27,1.38,cautious,4.70,front,LIDAR_ONLY
0,27.8389,t277,LIDAR_ONLY,10.0245,10.0245,17.1035,7.0790,7.0790,41.3893,41.3893,0,0,9.55,1.18,slow,29.75,front,LIDAR_ONLY
0,27.8389,t274,LIDAR_ONLY,14.3034,14.3034,17.1035,2.8001,2.8001,16.3718,16.3718,0,0,9.55,1.18,cautious,21.51,front,LIDAR_ONLY
0,27.8389,t274,LIDAR_ONLY,14.8949,14.8949,17.1035,2.2086,2.2086,12.9133,12.9133,0,0,9.55,1.18,cautious,17.39,front,LIDAR_ONLY
0,27.8389,t277,LIDAR_ONLY,10.2720,10.2720,17.1035,6.8315,6.8315,39.9422,39.9422,0,0,9.55,1.18,slow,25.63,front,LIDAR_ONLY
0,27.8389,t275,LIDAR_ONLY,12.1250,12.1250,17.1035,4.9785,4.9785,29.1079,29.1079,0,0,9.55,1.18,cautious,-3.21,front,LIDAR_ONLY
0,27.8389,t275,LIDAR_ONLY,12.1312,12.1312,17.1035,4.9723,4.9723,29.0716,29.0716,0,0,9.55,1.18,cautious,0.91,front,LIDAR_ONLY
0,27.8389,t275,LIDAR_ONLY,12.1155,12.1155,17.1035,4.9880,4.9880,29.1638,29.1638,0,0,9.55,1.18,cautious,5.03,front,LIDAR_ONLY
0,27.9143,cam_2,CAM_ONLY,22.3150,,17.1016,5.2134,,30.4849,,0,,15.66,0.88,safe,,,CAMERA_ONLY
0,27.9684,cam_2,CAM_ONLY,22.4861,,17.1004,5.3857,,31.4946,,0,,10.72,0.96,safe,,,CAMERA_ONLY
0,28.0262,cam_2,CAM_ONLY,22.4603,,17.0982,5.3621,,31.3605,,0,,13.43,1.08,safe,,,CAMERA_ONLY
0,28.0837,cam_2,CAM_ONLY,22.5534,,17.0896,5.4637,,31.9712,,0,,9.96,0.98,safe,,,CAMERA_ONLY
0,28.1459,t287,BOTH,22.5158,12.0569,17.0720,5.4438,5.0151,31.8871,29.3761,0,0,18.86,1.36,safe,,,FULL_ANGLE
0,28.1459,t284,LIDAR_ONLY,10.7601,10.7601,17.0720,6.3120,6.3120,36.9726,36.9726,0,0,18.86,1.36,cautious,28.05,front,LIDAR_ONLY
0,28.1459,t286,LIDAR_ONLY,26.8106,26.8106,17.0720,9.7386,9.7386,57.0439,57.0439,0,0,18.86,1.36,drive,15.46,front,LIDAR_ONLY
0,28.1459,t286,LIDAR_ONLY,21.9423,21.9423,17.0720,4.8702,4.8702,28.5276,28.5276,0,0,18.86,1.36,drive,19.66,front,LIDAR_ONLY
0,28.1459,t286,LIDAR_ONLY,19.4143,19.4143,17.0720,2.3423,2.3423,13.7199,13.7199,0,0,18.86,1.36,drive,23.85,front,LIDAR_ONLY
0,28.1459,t287,LIDAR_ONLY,12.1091,12.1091,17.0720,4.9630,4.9630,29.0706,29.0706,0,0,18.86,1.36,cautious,-1.31,front,LIDAR_ONLY
0,28.2237,cam_2,CAM_ONLY,22.2851,,17.0439,5.2412,,30.7511,,0,,21.98,1.03,safe,,,CAMERA_ONLY
0,28.2909,cam_2,CAM_ONLY,22.2214,,16.9988,5.2226,,30.7232,,0,,14.54,1.21,safe,,,CAMERA_ONLY
0,28.2909,t284,LIDAR_ONLY,10.2788,10.2788,16.9988,6.7200,6.7200,39.5324,39.5324,0,0,14.54,1.21,slow,29.83,front,LIDAR_ONLY
0,28.2909,t286,LIDAR_ONLY,18.4658,18.4658,16.9988,1.4670,1.4670,8.6301,8.6301,0,0,14.54,1.21,drive,21.47,front,LIDAR_ONLY
0,28.2909,t286,LIDAR_ONLY,16.8387,16.8387,16.9988,0.1601,0.1601,0.9420,0.9420,1,1,14.54,1.21,drive,25.65,front,LIDAR_ONLY
0,28.2909,t286,LIDAR_ONLY,15.2360,15.2360,16.9988,1.7629,1.7629,10.3705,10.3705,0,0,14.54,1.21,cautious,17.28,front,LIDAR_ONLY
0,28.3508,cam_2,CAM_ONLY,22.0961,,16.9769,5.1192,,30.1538,,0,,15.29,1.83,safe,,,CAMERA_ONLY
0,28.4304,cam_2,CAM_ONLY,22.2744,,16.9742,5.3002,,31.2252,,0,,14.57,0.84,safe,,,CAMERA_ONLY
0,28.4970,cam_2,CAM_ONLY,22.4865,,16.9621,5.5244,,32.5694,,0,,14.47,1.03,safe,,,CAMERA_ONLY
0,28.5707,cam_2,CAM_ONLY,22.5618,,16.9364,5.6254,,33.2146,,0,,19.29,1.13,safe,,,CAMERA_ONLY
0,28.6358,t300,BOTH,22.0579,11.9778,16.8986,5.1593,4.9207,30.5311,29.1192,0,0,16.12,1.24,slowdown,,,FULL_ANGLE
0,28.6358,t299,LIDAR_ONLY,11.1386,11.1386,16.8986,5.7600,5.7600,34.0858,34.0858,0,0,16.12,1.24,cautious,27.31,front,LIDAR_ONLY
0,28.6358,t299,LIDAR_ONLY,11.9379,11.9379,16.8986,4.9607,4.9607,29.3555,29.3555,0,0,16.12,1.24,cautious,19.17,front,LIDAR_ONLY
0,28.6358,t299,LIDAR_ONLY,12.4795,12.4795,16.8986,4.4191,4.4191,26.1507,26.1507,0,0,16.12,1.24,cautious,23.24,front,LIDAR_ONLY
0,28.6955,cam_2,CAM_ONLY,21.9076,,16.8568,5.0509,,29.9633,,0,,10.91,1.30,warning,,,CAMERA_ONLY
0,28.6955,t299,LIDAR_ONLY,12.6703,12.6703,16.8568,4.1864,4.1864,24.8354,24.8354,0,0,10.91,1.30,cautious,26.27,front,LIDAR_ONLY
0,28.7549,cam_2,CAM_ONLY,21.7696,,16.8050,4.9645,,29.5420,,0,,14.58,1.67,warning,,,CAMERA_ONLY
0,28.8234,cam_2,CAM_ONLY,21.7094,,16.7652,4.9442,,29.4909,,0,,17.00,1.14,safe,,,CAMERA_ONLY
0,28.8889,t309,BOTH,22.1669,11.7494,16.7638,5.4031,5.0144,32.2305,29.9120,0,0,17.91,1.28,safe,,,FULL_ANGLE
0,28.8889,t299,LIDAR_ONLY,12.7809,12.7809,16.7638,3.9829,3.9829,23.7589,23.7589,0,0,17.91,1.28,cautious,24.79,front,LIDAR_ONLY
0,28.8889,t299,LIDAR_ONLY,12.8673,12.8673,16.7638,3.8965,3.8965,23.2435,23.2435,0,0,17.91,1.28,cautious,29.02,front,LIDAR_ONLY
0,28.8889,t299,LIDAR_ONLY,12.9190,12.9190,16.7638,3.8448,3.8448,22.9354,22.9354,0,0,17.91,1.28,cautious,20.56,front,LIDAR_ONLY
0,28.8889,t299,LIDAR_ONLY,13.3192,13.3192,16.7638,3.4446,3.4446,20.5481,20.5481,0,0,17.91,1.28,cautious,16.33,front,LIDAR_ONLY
0,28.8889,t309,LIDAR_ONLY,11.8327,11.8327,16.7638,4.9312,4.9312,29.4155,29.4155,0,0,17.91,1.28,cautious,-0.59,front,LIDAR_ONLY
0,29.0132,cam_2,CAM_ONLY,21.6279,,16.7406,4.8873,,29.1943,,0,,16.09,0.99,safe,,,CAMERA_ONLY
0,29.0767,cam_2,CAM_ONLY,21.6176,,16.7207,4.8969,,29.2865,,0,,12.44,1.03,safe,,,CAMERA_ONLY
0,29.1445,cam_2,CAM_ONLY,21.4673,,11.1951,10.2722,,91.7558,,0,,14.18,1.36,warning,,,CAMERA_ONLY
0,29.2173,cam_2,CAM_ONLY,21.3961,,11.6787,9.7173,,83.2054,,0,,21.85,2.73,safe,,,CAMERA_ONLY
0,29.2826,cam_2,CAM_ONLY,21.6749,,12.3103,9.3646,,76.0710,,0,,22.09,1.54,safe,,,CAMERA_ONLY
0,29.3444,cam_2,CAM_ONLY,21.5514,,13.0366,8.5148,,65.3149,,0,,13.95,1.25,safe,,,CAMERA_ONLY
0,29.3444,t318,LIDAR_ONLY,15.3053,15.3053,13.0366,2.2687,2.2687,17.4027,17.4027,0,0,13.95,1.25,drive,21.37,front,LIDAR_ONLY
0,29.3444,t318,LIDAR_ONLY,12.2545,12.2545,13.0366,0.7821,0.7821,5.9994,5.9994,1,1,13.95,1.25,cautious,29.66,front,LIDAR_ONLY
0,29.3444,t319,LIDAR_ONLY,21.8052,21.8052,13.0366,8.7686,8.7686,67.2612,67.2612,0,0,13.95,1.25,drive,17.22,front,LIDAR_ONLY
0,29.4077,cam_2,CAM_ONLY,21.2467,,13.7632,7.4835,,54.3732,,0,,15.84,1.19,safe,,,CAMERA_ONLY
0,29.4737,cam_2,CAM_ONLY,21.2045,,14.6758,6.5288,,44.4869,,0,,15.49,1.09,warning,,,CAMERA_ONLY
0,29.5496,cam_2,CAM_ONLY,20.7598,,16.0292,4.7306,,29.5126,,0,,20.41,2.58,safe,,,CAMERA_ONLY
0,29.5496,t318,LIDAR_ONLY,11.9542,11.9542,16.0292,4.0750,4.0750,25.4224,25.4224,0,0,20.41,2.58,cautious,27.55,front,LIDAR_ONLY
0,29.5496,t318,LIDAR_ONLY,12.0288,12.0288,16.0292,4.0003,4.0003,24.9566,24.9566,0,0,20.41,2.58,cautious,23.42,front,LIDAR_ONLY
0,29.6242,cam_2,CAM_ONLY,21.1975,,16.5734,4.6241,,27.9006,,0,,15.86,1.19,safe,,,CAMERA_ONLY
0,29.6912,cam_2,CAM_ONLY,21.0358,,16.5651,4.4707,,26.9885,,0,,18.61,1.23,safe,,,CAMERA_ONLY
0,29.6912,t318,LIDAR_ONLY,12.1643,12.1643,16.5651,4.4009,4.4009,26.5670,26.5670,0,0,18.61,1.23,cautious,23.42,front,LIDAR_ONLY
0,29.6912,t318,LIDAR_ONLY,11.5883,11.5883,16.5651,4.9768,4.9768,30.0440,30.0440,0,0,18.61,1.23,cautious,27.49,front,LIDAR_ONLY
0,29.6912,t318,LIDAR_ONLY,11.9941,11.9941,16.5651,4.5710,4.5710,27.5943,27.5943,0,0,18.61,1.23,cautious,19.35,front,LIDAR_ONLY
0,29.7556,cam_2,CAM_ONLY,20.8044,,16.5512,4.2532,,25.6970,,0,,14.67,1.16,slowdown,,,CAMERA_ONLY
0,29.8187,cam_2,CAM_ONLY,20.7267,,16.5284,4.1983,,25.4007,,0,,19.59,1.01,warning,,,CAMERA_ONLY
0,29.8807,cam_2,CAM_ONLY,20.7130,,16.5222,4.1908,,25.3649,,0,,18.74,0.97,safe,,,CAMERA_ONLY
0,29.9437,t334,BOTH,21.2461,15.0423,16.5204,4.7257,1.4781,28.6049,8.9473,0,0,15.51,1.21,safe,,,FULL_ANGLE
0,29.9437,t334,LIDAR_ONLY,13.3836,13.3836,16.5204,3.1369,3.1369,18.9877,18.9877,0,0,15.51,1.21,cautious,23.65,front,LIDAR_ONLY
0,30.0105,cam_2,CAM_ONLY,21.2532,,16.5125,4.7407,,28.7098,,0,,16.10,1.30,safe,,,CAMERA_ONLY
0,30.0646,cam_2,CAM_ONLY,21.1261,,16.5023,4.6238,,28.0195,,0,,9.05,1.13,safe,,,CAMERA_ONLY
0,30.1302,t337,BOTH,20.9232,11.5015,16.4858,4.4374,4.9842,26.9168,30.2336,0,0,13.75,0.94,slowdown,,,FULL_ANGLE
0,30.1978,cam_2,CAM_ONLY,20.6167,,16.4573,4.1595,,25.2744,,0,,20.28,1.14,warning,,,CAMERA_ONLY
0,30.2619,cam_2,CAM_ONLY,20.6443,,16.4414,4.2030,,25.5635,,0,,17.21,1.15,safe,,,CAMERA_ONLY
0,30.3390,t337,BOTH,21.2101,11.4491,16.4402,4.7699,4.9911,29.0138,30.3594,0,0,25.96,1.28,safe,,,FULL_ANGLE
0,30.3390,t343,LIDAR_ONLY,18.2298,18.2298,16.4402,1.7896,1.7896,10.8854,10.8854,0,0,25.96,1.28,drive,19.02,front,LIDAR_ONLY
0,30.3390,t343,LIDAR_ONLY,16.0171,16.0171,16.4402,0.4231,0.4231,2.5738,2.5738,1,1,25.96,1.28,drive,23.06,front,LIDAR_ONLY
0,30.3390,t343,LIDAR_ONLY,14.7144,14.7144,16.4402,1.7258,1.7258,10.4977,10.4977,0,0,25.96,1.28,cautious,27.09,front,LIDAR_ONLY
0,30.3390,t337,LIDAR_ONLY,11.4528,11.4528,16.4402,4.9874,4.9874,30.3364,30.3364,0,0,25.96,1.28,cautious,-1.16,front,LIDAR_ONLY
0,30.4056,cam_2,CAM_ONLY,21.1521,,16.4351,4.7169,,28.7004,,0,,16.21,1.22,safe,,,CAMERA_ONLY
0,30.4637,cam_2,CAM_ONLY,20.8628,,16.4243,4.4385,,27.0240,,0,,13.34,0.82,safe,,,CAMERA_ONLY
0,30.5280,cam_2,CAM_ONLY,20.6911,,16.4064,4.2848,,26.1165,,0,,12.86,0.89,warning,,,CAMERA_ONLY
0,30.5818,cam_2,CAM_ONLY,20.4764,,16.3947,4.0816,,24.8961,,0,,11.08,0.69,safe,,,CAMERA_ONLY
0,30.6445,cam_2,CAM_ONLY,20.8944,,16.3921,4.5023,,27.4664,,0,,17.95,1.06,safe,,,CAMERA_ONLY
0,30.7098,cam_2,CAM_ONLY,20.7211,,16.3824,4.3388,,26.4843,,0,,17.16,1.26,slowdown,,,CAMERA_ONLY
0,30.7785,cam_2,CAM_ONLY,20.1843,,16.3623,3.8221,,23.3592,,0,,18.71,1.31,warning,,,CAMERA_ONLY
0,30.8457,cam_2,CAM_ONLY,20.2787,,16.3503,3.9284,,24.0262,,0,,15.23,1.25,safe,,,CAMERA_ONLY
0,30.8457,t353,LIDAR_ONLY,12.9155,12.9155,16.3503,3.4348,3.4348,21.0074,21.0074,0,0,15.23,1.25,cautious,24.30,front,LIDAR_ONLY
0,30.8457,t353,LIDAR_ONLY,11.6270,11.6270,16.3503,4.7233,4.7233,28.8883,28.8883,0,0,15.23,1.25,cautious,28.39,front,LIDAR_ONLY
0,30.9076,cam_2,CAM_ONLY,20.2672,,16.3494,3.9178,,23.9629,,0,,13.86,1.16,safe,,,CAMERA_ONLY
0,30.9688,cam_2,CAM_ONLY,20.5973,,16.3464,4.2508,,26.0045,,0,,12.23,0.96,safe,,,CAMERA_ONLY
0,31.0292,cam_2,CAM_ONLY,20.7304,,16.3346,4.3958,,26.9110,,0,,12.83,1.11,safe,,,CAMERA_ONLY
0,31.0907,t365,BOTH,20.5466,11.3104,16.3182,4.2284,5.0078,25.9124,30.6884,0,0,12.09,1.37,warning,,,FULL_ANGLE
0,31.0907,t363,LIDAR_ONLY,12.8182,12.8182,16.3182,3.5000,3.5000,21.4484,21.4484,0,0,12.09,1.37,cautious,24.43,front,LIDAR_ONLY
0,31.0907,t363,LIDAR_ONLY,11.4126,11.4126,16.3182,4.9055,4.9055,30.0619,30.0619,0,0,12.09,1.37,cautious,28.50,front,LIDAR_ONLY
0,31.0907,t364,LIDAR_ONLY,24.0589,24.0589,16.3182,7.7407,7.7407,47.4360,47.4360,0,0,12.09,1.37,drive,16.29,front,LIDAR_ONLY
0,31.0907,t364,LIDAR_ONLY,20.1591,20.1591,16.3182,3.8410,3.8410,23.5379,23.5379,0,0,12.09,1.37,drive,20.36,front,LIDAR_ONLY
0,31.0907,t365,LIDAR_ONLY,11.2682,11.2682,16.3182,5.0500,5.0500,30.9471,30.9471,0,0,12.09,1.37,cautious,4.07,front,LIDAR_ONLY
0,31.1524,cam_2,CAM_ONLY,20.3091,,16.3066,4.0025,,24.5451,,0,,13.33,0.98,safe,,,CAMERA_ONLY
0,31.2190,cam_2,CAM_ONLY,20.1487,,16.3047,3.8440,,23.5762,,0,,19.24,1.17,safe,,,CAMERA_ONLY
0,31.2810,cam_2,CAM_ONLY,19.9483,,16.2945,3.6538,,22.4235,,0,,16.54,0.92,warning,,,CAMERA_ONLY
0,31.3497,cam_2,CAM_ONLY,19.9780,,16.2876,3.6904,,22.6580,,0,,19.10,1.03,warning,,,CAMERA_ONLY
0,31.4078,cam_2,CAM_ONLY,20.1650,,16.2876,3.8774,,23.8058,,0,,10.97,1.23,safe,,,CAMERA_ONLY
0,31.4645,cam_2,CAM_ONLY,20.0860,,16.2871,3.7989,,23.3248,,0,,11.02,1.12,warning,,,CAMERA_ONLY
0,31.5207,cam_2,CAM_ONLY,20.0719,,16.2861,3.7858,,23.2455,,0,,14.26,1.14,safe,,,CAMERA_ONLY
0,31.5798,cam_2,CAM_ONLY,20.1634,,16.2853,3.8781,,23.8134,,0,,11.39,0.93,safe,,,CAMERA_ONLY
0,31.6411,t380,BOTH,20.0826,11.2321,16.2824,3.8002,5.0503,23.3396,31.0167,0,0,14.16,1.01,warning,,,FULL_ANGLE
0,31.6411,t378,LIDAR_ONLY,10.6718,10.6718,16.2824,5.6105,5.6105,34.4578,34.4578,0,0,14.16,1.01,cautious,28.40,front,LIDAR_ONLY
0,31.6411,t379,LIDAR_ONLY,25.4592,25.4592,16.2824,9.1768,9.1768,56.3605,56.3605,0,0,14.16,1.01,drive,15.83,front,LIDAR_ONLY
0,31.6411,t379,LIDAR_ONLY,21.0743,21.0743,16.2824,4.7919,4.7919,29.4303,29.4303,0,0,14.16,1.01,drive,20.02,front,LIDAR_ONLY
0,31.6411,t379,LIDAR_ONLY,17.9334,17.9334,16.2824,1.6511,1.6511,10.1402,10.1402,0,0,14.16,1.01,drive,24.21,front,LIDAR_ONLY
0,31.6411,t380,LIDAR_ONLY,11.2930,11.2930,16.2824,4.9894,4.9894,30.6430,30.6430,0,0,14.16,1.01,cautious,-0.93,front,LIDAR_ONLY
0,31.7003,cam_2,CAM_ONLY,20.1497,,16.2805,3.8692,,23.7662,,0,,15.88,1.15,safe,,,CAMERA_ONLY
0,31.7627,cam_2,CAM_ONLY,20.1373,,4.2829,15.8544,,370.1834,,0,,18.08,0.80,safe,,,CAMERA_ONLY
0,31.8257,cam_2,CAM_ONLY,20.1200,,4.9102,15.2098,,309.7590,,0,,20.75,1.35,warning,,,CAMERA_ONLY
0,31.8845,t390,BOTH,19.8100,11.2566,5.7387,14.0713,5.5179,245.2005,96.1532,0,0,15.85,1.00,warning,,,FULL_ANGLE
0,31.8845,t388,LIDAR_ONLY,11.1916,11.1916,5.7387,5.4529,5.4529,95.0193,95.0193,0,0,15.85,1.00,cautious,27.30,front,LIDAR_ONLY
0,31.8845,t388,LIDAR_ONLY,12.0812,12.0812,5.7387,6.3425,6.3425,110.5209,110.5209,0,0,15.85,1.00,cautious,18.91,front,LIDAR_ONLY
0,31.8845,t388,LIDAR_ONLY,12.6702,12.6702,5.7387,6.9315,6.9315,120.7861,120.7861,0,0,15.85,1.00,cautious,23.10,front,LIDAR_ONLY
0,31.8845,t390,LIDAR_ONLY,11.3324,11.3324,5.7387,5.5937,5.5937,97.4731,97.4731,0,0,15.85,1.00,cautious,-2.08,front,LIDAR_ONLY
0,31.9509,cam_2,CAM_ONLY,20.0458,,6.7548,13.2910,,196.7631,,0,,10.82,1.02,safe,,,CAMERA_ONLY
0,32.0087,cam_2,CAM_ONLY,20.1179,,7.7702,12.3477,,158.9108,,0,,12.15,1.26,safe,,,CAMERA_ONLY
0,32.0694,cam_2,CAM_ONLY,19.9845,,8.8785,11.1060,,125.0894,,0,,14.93,1.05,warning,,,CAMERA_ONLY
0,32.1372,t400,BOTH,20.4264,11.2632,10.1410,10.2854,1.1222,101.4237,11.0660,0,0,19.82,1.60,safe,,,FULL_ANGLE
0,32.1372,t399,LIDAR_ONLY,12.9359,12.9359,10.1410,2.7949,2.7949,27.5600,27.5600,0,0,19.82,1.60,cautious,24.27,front,LIDAR_ONLY
0,32.1372,t399,LIDAR_ONLY,13.3829,13.3829,10.1410,3.2419,3.2419,31.9687,31.9687,0,0,19.82,1.60,cautious,20.14,front,LIDAR_ONLY
0,32.1372,t400,LIDAR_ONLY,11.2160,11.2160,10.1410,1.0750,1.0750,10.6010,10.6010,0,0,19.82,1.60,cautious,3.63,front,LIDAR_ONLY
0,32.1372,t402,LIDAR_ONLY,8.1208,8.1208,10.1410,2.0202,2.0202,19.9207,19.9207,0,0,19.82,1.60,slow,-21.14,front,LIDAR_ONLY
0,32.2048,cam_2,CAM_ONLY,20.3566,,11.5055,8.8511,,76.9291,,0,,15.19,1.16,safe,,,CAMERA_ONLY
0,32.2637,cam_2,CAM_ONLY,19.7577,,12.6383,7.1194,,56.3321,,0,,11.69,0.83,warning,,,CAMERA_ONLY
0,32.3236,cam_2,CAM_ONLY,20.1132,,13.8299,6.2834,,45.4335,,0,,12.14,1.27,safe,,,CAMERA_ONLY
0,32.3967,cam_2,CAM_ONLY,20.2154,,15.5196,4.6958,,30.2572,,0,,23.65,1.32,safe,,,CAMERA_ONLY
0,32.3967,t408,LIDAR_ONLY,10.2573,10.2573,15.5196,5.2623,5.2623,33.9075,33.9075,0,0,23.65,1.32,cautious,29.38,front,LIDAR_ONLY
0,32.3967,t408,LIDAR_ONLY,10.4618,10.4618,15.5196,5.0578,5.0578,32.5896,32.5896,0,0,23.65,1.32,cautious,25.23,front,LIDAR_ONLY
0,32.3967,t408,LIDAR_ONLY,10.8312,10.8312,15.5196,4.6883,4.6883,30.2092,30.2092,0,0,23.65,1.32,cautious,21.08,front,LIDAR_ONLY
0,32.4545,cam_2,CAM_ONLY,20.2588,,16.2626,3.9963,,24.5734,,0,,11.15,1.15,safe,,,CAMERA_ONLY
0,32.5167,cam_2,CAM_ONLY,20.2049,,16.2570,3.9478,,24.2837,,0,,12.72,0.94,warning,,,CAMERA_ONLY
0,32.5827,t414,BOTH,19.7074,12.5252,16.2528,3.4547,3.7275,21.2558,22.9348,0,0,14.81,1.10,warning,,,FULL_ANGLE
0,32.5827,t408,LIDAR_ONLY,11.2416,11.2416,16.2528,5.0112,5.0112,30.8329,30.8329,0,0,14.81,1.10,cautious,22.22,front,LIDAR_ONLY
0,32.5827,t408,LIDAR_ONLY,11.4928,11.4928,16.2528,4.7600,4.7600,29.2874,29.2874,0,0,14.81,1.10,cautious,26.31,front,LIDAR_ONLY
0,32.5827,t408,LIDAR_ONLY,12.3792,12.3792,16.2528,3.8735,3.8735,23.8331,23.8331,0,0,14.81,1.10,cautious,18.12,front,LIDAR_ONLY
0,32.5827,t414,LIDAR_ONLY,15.2171,15.2171,16.2528,1.0357,1.0357,6.3722,6.3722,0,0,14.81,1.10,drive,-10.55,front,LIDAR_ONLY
0,32.5827,t414,LIDAR_ONLY,13.2339,13.2339,16.2528,3.0189,3.0189,18.5745,18.5745,0,0,14.81,1.10,cautious,-2.36,front,LIDAR_ONLY
0,32.5827,t414,LIDAR_ONLY,12.1475,12.1475,16.2528,4.1053,4.1053,25.2591,25.2591,0,0,14.81,1.10,cautious,5.83,front,LIDAR_ONLY
0,32.5827,t415,LIDAR_ONLY,15.5336,15.5336,16.2528,0.7191,0.7191,4.4247,4.4247,1,1,14.81,1.10,drive,-14.65,front,LIDAR_ONLY
0,32.6396,t414,BOTH,19.7292,11.9115,16.2528,3.4765,4.3412,21.3900,26.7108,0,0,12.50,1.24,warning,,,FULL_ANGLE
0,32.6396,t408,LIDAR_ONLY,12.9756,12.9756,16.2528,3.2772,3.2772,20.1640,20.1640,0,0,12.50,1.24,cautious,27.01,front,LIDAR_ONLY
0,32.6396,t408,LIDAR_ONLY,13.5958,13.5958,16.2528,2.6569,2.6569,16.3475,16.3475,0,0,12.50,1.24,cautious,18.87,front,LIDAR_ONLY
0,32.6396,t414,LIDAR_ONLY,11.2095,11.2095,16.2528,5.0432,5.0432,31.0300,31.0300,0,0,12.50,1.24,cautious,-1.49,front,LIDAR_ONLY
0,32.7011,cam_2,CAM_ONLY,19.7010,,16.2528,3.4482,,21.2161,,0,,17.89,1.16,warning,,,CAMERA_ONLY
0,32.7715,cam_2,CAM_ONLY,20.3232,,16.2528,4.0705,,25.0447,,0,,21.78,2.02,safe,,,CAMERA_ONLY
0,32.8488,cam_2,CAM_ONLY,20.5515,,16.2522,4.2993,,26.4539,,0,,18.37,1.02,safe,,,CAMERA_ONLY
0,32.9151,cam_2,CAM_ONLY,19.8439,,16.2497,3.5942,,22.1187,,0,,17.19,0.90,warning,,,CAMERA_ONLY
0,32.9851,t428,BOTH,19.9109,11.1760,16.2485,3.6625,5.0725,22.5405,31.2182,0,0,19.70,0.97,warning,,,FULL_ANGLE
0,32.9851,t428,LIDAR_ONLY,11.2798,11.2798,16.2485,4.9686,4.9686,30.5792,30.5792,0,0,19.70,0.97,cautious,-1.67,front,LIDAR_ONLY
0,32.9851,t428,LIDAR_ONLY,11.1751,11.1751,16.2485,5.0734,5.0734,31.2238,31.2238,0,0,19.70,0.97,cautious,6.53,front,LIDAR_ONLY
0,33.0558,cam_2,CAM_ONLY,20.2807,,16.2485,4.0322,,24.8159,,0,,15.14,1.28,safe,,,CAMERA_ONLY
0,33.1289,cam_2,CAM_ONLY,20.3527,,16.2477,4.1050,,25.2650,,0,,12.27,1.15,safe,,,CAMERA_ONLY
0,33.1900,t428,BOTH,20.4159,11.1861,16.2445,4.1714,5.0585,25.6786,31.1396,0,0,10.99,1.09,safe,,,FULL_ANGLE
0,33.1900,t435,LIDAR_ONLY,15.7936,15.7936,16.2445,0.4509,0.4509,2.7757,2.7757,1,1,10.99,1.09,drive,20.85,front,LIDAR_ONLY
0,33.1900,t435,LIDAR_ONLY,11.9103,11.9103,16.2445,4.3343,4.3343,26.6814,26.6814,0,0,10.99,1.09,cautious,28.84,front,LIDAR_ONLY
0,33.1900,t428,LIDAR_ONLY,11.1840,11.1840,16.2445,5.0605,5.0605,31.1520,31.1520,0,0,10.99,1.09,cautious,-3.13,front,LIDAR_ONLY
0,33.1900,t435,LIDAR_ONLY,11.9801,11.9801,16.2445,4.2644,4.2644,26.2514,26.2514,0,0,10.99,1.09,cautious,24.84,front,LIDAR_ONLY
0,33.2563,cam_2,CAM_ONLY,19.9222,,16.2329,3.6893,,22.7274,,0,,10.73,1.10,warning,,,CAMERA_ONLY
0,33.3132,cam_2,CAM_ONLY,19.8478,,11.2029,8.6449,,77.1664,,0,,9.22,0.96,warning,,,CAMERA_ONLY
0,33.3843,cam_2,CAM_ONLY,19.8988,,11.6420,8.2568,,70.9230,,0,,19.92,2.36,warning,,,CAMERA_ONLY
0,33.4409,t443,BOTH,20.2064,11.2117,12.0888,8.1175,0.8771,67.1491,7.2556,0,1,12.74,1.25,safe,,,FULL_ANGLE
0,33.4409,t441,LIDAR_ONLY,10.2389,10.2389,12.0888,1.8499,1.8499,15.3028,15.3028,0,0,12.74,1.25,cautious,29.45,front,LIDAR_ONLY
0,33.4409,t443,LIDAR_ONLY,11.1629,11.1629,12.0888,0.9259,0.9259,7.6595,7.6595,1,1,12.74,1.25,cautious,4.37,front,LIDAR_ONLY
0,33.4409,t443,LIDAR_ONLY,11.1788,11.1788,12.0888,0.9101,0.9101,7.5281,7.5281,1,1,12.74,1.25,cautious,-3.98,front,LIDAR_ONLY
0,33.5022,cam_2,CAM_ONLY,20.2103,,12.8103,7.4000,,57.7665,,0,,11.08,1.32,safe,,,CAMERA_ONLY
0,33.5022,t441,LIDAR_ONLY,11.0512,11.0512,12.8103,1.7590,1.7590,13.7313,13.7313,0,0,11.08,1.32,cautious,21.39,front,LIDAR_ONLY
0,33.5022,t441,LIDAR_ONLY,11.5579,11.5579,12.8103,1.2523,1.2523,9.7760,9.7760,0,0,11.08,1.32,cautious,25.49,front,LIDAR_ONLY
0,33.5022,t441,LIDAR_ONLY,11.6425,11.6425,12.8103,1.1678,1.1678,9.1160,9.1160,0,0,11.08,1.32,cautious,29.59,front,LIDAR_ONLY
0,33.5629,cam_2,CAM_ONLY,20.1095,,13.5556,6.5539,,48.3478,,0,,13.22,0.97,slowdown,,,CAMERA_ONLY
0,33.6225,cam_2,CAM_ONLY,20.1634,,14.3733,5.7901,,40.2838,,0,,11.30,1.11,safe,,,CAMERA_ONLY
0,33.6818,t451,BOTH,20.4746,11.1616,15.3908,5.0838,4.2292,33.0314,27.4789,0,0,10.94,0.91,safe,,,FULL_ANGLE
0,33.6818,t450,LIDAR_ONLY,18.8567,18.8567,15.3908,3.4659,3.4659,22.5192,22.5192,0,0,10.94,0.91,drive,18.66,front,LIDAR_ONLY
0,33.6818,t441,LIDAR_ONLY,11.6882,11.6882,15.3908,3.7026,3.7026,24.0575,24.0575,0,0,10.94,0.91,cautious,26.80,front,LIDAR_ONLY
0,33.6818,t451,LIDAR_ONLY,11.1710,11.1710,15.3908,4.2198,4.2198,27.4174,27.4174,0,0,10.94,0.91,cautious,-1.70,front,LIDAR_ONLY
0,33.7320,cam_2,CAM_ONLY,20.4000,,16.1464,4.2536,,26.3439,,0,,9.97,0.91,warning,,,CAMERA_ONLY
0,33.7971,t451,BOTH,20.2248,11.1760,16.2135,4.0113,5.0375,24.7405,31.0695,0,0,13.20,1.32,safe,,,FULL_ANGLE
0,33.7971,t450,LIDAR_ONLY,16.4174,16.4174,16.2135,0.2039,0.2039,1.2576,1.2576,1,1,13.20,1.32,drive,21.44,front,LIDAR_ONLY
0,33.7971,t441,LIDAR_ONLY,11.8304,11.8304,16.2135,4.3831,4.3831,27.0334,27.0334,0,0,13.20,1.32,cautious,25.54,front,LIDAR_ONLY
0,33.7971,t441,LIDAR_ONLY,11.0258,11.0258,16.2135,5.1877,5.1877,31.9962,31.9962,0,0,13.20,1.32,cautious,29.65,front,LIDAR_ONLY
0,33.7971,t451,LIDAR_ONLY,11.1718,11.1718,16.2135,5.0416,5.0416,31.0953,31.0953,0,0,13.20,1.32,cautious,5.03,front,LIDAR_ONLY
0,33.7971,t451,LIDAR_ONLY,11.1774,11.1774,16.2135,5.0361,5.0361,31.0613,31.0613,0,0,13.20,1.32,cautious,-3.17,front,LIDAR_ONLY
0,33.8590,cam_2,CAM_ONLY,20.3867,,16.2129,4.1738,,25.7437,,0,,13.17,1.39,safe,,,CAMERA_ONLY
0,33.9249,cam_2,CAM_ONLY,20.3711,,16.2100,4.1611,,25.6698,,0,,15.32,0.98,safe,,,CAMERA_ONLY
0,33.9855,t451,BOTH,20.4598,11.1784,16.2030,4.2569,5.0245,26.2722,31.0099,0,0,12.23,0.88,slowdown,,,FULL_ANGLE
0,34.0459,cam_2,CAM_ONLY,20.2266,,16.1863,4.0404,,24.9616,,0,,14.29,1.21,warning,,,CAMERA_ONLY
0,34.0459,t464,LIDAR_ONLY,10.0877,10.0877,16.1863,6.0986,6.0986,37.6776,37.6776,0,0,14.29,1.21,slow,29.82,front,LIDAR_ONLY
0,34.1072,cam_2,CAM_ONLY,20.2734,,16.1747,4.0987,,25.3402,,0,,12.56,1.20,safe,,,CAMERA_ONLY
0,34.1661,cam_2,CAM_ONLY,20.3460,,16.1743,4.1716,,25.7916,,0,,11.05,0.78,safe,,,CAMERA_ONLY
0,34.2336,t467,BOTH,20.3923,11.1165,16.1702,4.2221,5.0536,26.1105,31.2529,0,0,18.37,1.98,safe,,,FULL_ANGLE
0,34.2336,t464,LIDAR_ONLY,10.5542,10.5542,16.1702,5.6159,5.6159,34.7301,34.7301,0,0,18.37,1.98,slow,23.55,front,LIDAR_ONLY
0,34.2336,t464,LIDAR_ONLY,11.3175,11.3175,16.1702,4.8527,4.8527,30.0102,30.0102,0,0,18.37,1.98,slow,19.47,front,LIDAR_ONLY
0,34.2336,t464,LIDAR_ONLY,12.3869,12.3869,16.1702,3.7832,3.7832,23.3963,23.3963,0,0,18.37,1.98,cautious,15.39,front,LIDAR_ONLY
0,34.2336,t467,LIDAR_ONLY,11.1792,11.1792,16.1702,4.9910,4.9910,30.8653,30.8653,0,0,18.37,1.98,cautious,-0.94,front,LIDAR_ONLY
0,34.3098,cam_2,CAM_ONLY,20.3991,,16.1665,4.2326,,26.1814,,0,,15.68,1.23,safe,,,CAMERA_ONLY
0,34.3686,cam_2,CAM_ONLY,19.7825,,16.1650,3.6176,,22.3791,,0,,11.97,0.89,warning,,,CAMERA_ONLY
0,34.4398,t467,BOTH,19.8047,11.0891,16.1642,3.6405,5.0751,22.5221,31.3972,0,0,15.20,0.87,warning,,,FULL_ANGLE
0,34.4398,t464,LIDAR_ONLY,13.2650,13.2650,16.1642,2.8992,2.8992,17.9358,17.9358,0,0,15.20,0.87,cautious,18.79,front,LIDAR_ONLY
0,34.4978,cam_2,CAM_ONLY,20.3878,,16.1642,4.2236,,26.1294,,0,,12.09,1.16,safe,,,CAMERA_ONLY
0,34.5592,cam_2,CAM_ONLY,19.8744,,16.1638,3.7106,,22.9565,,0,,11.07,1.27,warning,,,CAMERA_ONLY
0,34.6363,cam_2,CAM_ONLY,20.3262,,16.1631,4.1631,,25.7569,,0,,22.35,1.41,safe,,,CAMERA_ONLY
0,34.7075,cam_2,CAM_ONLY,20.4365,,16.1624,4.2740,,26.4443,,0,,21.51,1.27,safe,,,CAMERA_ONLY
0,34.7724,cam_2,CAM_ONLY,20.4954,,16.1581,4.3373,,26.8428,,0,,14.81,1.18,safe,,,CAMERA_ONLY
0,34.8366,t484,BOTH,20.4455,11.1261,7.5836,12.8619,3.5426,169.6017,46.7135,0,0,18.37,0.99,warning,,,FULL_ANGLE
0,34.8366,t483,LIDAR_ONLY,21.8725,21.8725,7.5836,14.2889,14.2889,188.4189,188.4189,0,0,18.37,0.99,drive,17.16,front,LIDAR_ONLY
0,34.8366,t483,LIDAR_ONLY,19.0669,19.0669,7.5836,11.4833,11.4833,151.4236,151.4236,0,0,18.37,0.99,drive,21.30,front,LIDAR_ONLY
0,34.8366,t484,LIDAR_ONLY,11.2432,11.2432,7.5836,3.6596,3.6596,48.2575,48.2575,0,0,18.37,0.99,cautious,-3.54,front,LIDAR_ONLY
0,34.8366,t484,LIDAR_ONLY,11.1308,11.1308,7.5836,3.5472,3.5472,46.7747,46.7747,0,0,18.37,0.99,cautious,4.74,front,LIDAR_ONLY
0,34.9045,cam_2,CAM_ONLY,20.6018,,7.9479,12.6539,,159.2109,,0,,16.86,1.17,safe,,,CAMERA_ONLY
0,34.9648,cam_2,CAM_ONLY,20.2664,,8.6678,11.5986,,133.8119,,0,,10.62,0.88,safe,,,CAMERA_ONLY
0,35.0201,cam_2,CAM_ONLY,20.5608,,9.3770,11.1838,,119.2695,,0,,12.76,1.08,safe,,,CAMERA_ONLY
0,35.0856,t491,BOTH,20.2942,11.0528,10.3217,9.9724,0.7311,96.6156,7.0830,0,1,15.25,1.04,warning,,,FULL_ANGLE
0,35.0856,t490,LIDAR_ONLY,11.0017,11.0017,10.3217,0.6799,0.6799,6.5875,6.5875,1,1,15.25,1.04,cautious,27.75,front,LIDAR_ONLY
0,35.0856,t491,LIDAR_ONLY,11.0627,11.0627,10.3217,0.7409,0.7409,7.1784,7.1784,1,1,15.25,1.04,cautious,-1.50,front,LIDAR_ONLY
0,35.1426,t491,BOTH,20.2676,11.0772,11.2142,9.0534,0.1370,80.7315,1.2218,0,1,11.86,1.59,safe,,,FULL_ANGLE
0,35.1426,t490,LIDAR_ONLY,11.3927,11.3927,11.2142,0.1786,0.1786,1.5922,1.5922,1,1,11.86,1.59,cautious,22.91,front,LIDAR_ONLY
0,35.1426,t490,LIDAR_ONLY,12.3373,12.3373,11.2142,1.1231,1.1231,10.0148,10.0148,0,0,11.86,1.59,cautious,18.81,front,LIDAR_ONLY
0,35.1426,t491,LIDAR_ONLY,11.0741,11.0741,11.2142,0.1401,0.1401,1.2489,1.2489,1,1,11.86,1.59,cautious,-1.69,front,LIDAR_ONLY
0,35.1426,t491,LIDAR_ONLY,11.0635,11.0635,11.2142,0.1507,0.1507,1.3442,1.3442,1,1,11.86,1.59,cautious,6.51,front,LIDAR_ONLY
0,35.1426,t490,LIDAR_ONLY,12.8283,12.8283,11.2142,1.6141,1.6141,14.3934,14.3934,0,0,11.86,1.59,cautious,27.00,front,LIDAR_ONLY
0,35.2119,cam_2,CAM_ONLY,20.3170,,12.5232,7.7938,,62.2346,,0,,21.04,0.94,safe,,,CAMERA_ONLY
0,35.2686,cam_2,CAM_ONLY,20.2918,,13.6209,6.6709,,48.9755,,0,,12.41,1.28,warning,,,CAMERA_ONLY
0,35.3307,cam_2,CAM_ONLY,20.2748,,14.7595,5.5153,,37.3679,,0,,11.38,0.96,safe,,,CAMERA_ONLY
0,35.3877,t503,BOTH,20.4196,11.1260,4.2432,16.1764,6.8829,381.2317,162.2096,0,0,11.24,1.21,safe,,,FULL_ANGLE
0,35.3877,t501,LIDAR_ONLY,13.7252,13.7252,4.2432,9.4820,9.4820,223.4650,223.4650,0,0,11.24,1.21,cautious,23.21,front,LIDAR_ONLY
0,35.3877,t501,LIDAR_ONLY,12.4569,12.4569,4.2432,8.2137,8.2137,193.5736,193.5736,0,0,11.24,1.21,cautious,27.34,front,LIDAR_ONLY
0,35.3877,t501,LIDAR_ONLY,13.1104,13.1104,4.2432,8.8672,8.8672,208.9761,208.9761,0,0,11.24,1.21,cautious,19.09,front,LIDAR_ONLY
0,35.3877,t503,LIDAR_ONLY,11.2180,11.2180,4.2432,6.9748,6.9748,164.3773,164.3773,0,0,11.24,1.21,cautious,6.72,front,LIDAR_ONLY
0,35.4517,cam_2,CAM_ONLY,20.2234,,4.8206,15.4028,,319.5193,,0,,15.41,1.27,warning,,,CAMERA_ONLY
0,35.5143,cam_2,CAM_ONLY,20.1701,,5.7051,14.4651,,253.5468,,0,,9.41,1.32,safe,,,CAMERA_ONLY
0,35.5759,cam_2,CAM_ONLY,20.3083,,6.5384,13.7700,,210.6015,,0,,16.30,1.20,safe,,,CAMERA_ONLY
0,35.6409,cam_2,CAM_ONLY,20.4213,,7.7461,12.6752,,163.6338,,0,,20.72,2.16,safe,,,CAMERA_ONLY
0,35.6987,cam_2,CAM_ONLY,20.3787,,8.6557,11.7230,,135.4370,,0,,11.40,1.20,warning,,,CAMERA_ONLY
0,35.7709,cam_2,CAM_ONLY,20.3030,,9.9600,10.3430,,103.8455,,0,,18.70,1.56,safe,,,CAMERA_ONLY
0,35.8328,t514,BOTH,20.3962,11.0950,11.3504,9.0458,0.2554,79.6959,2.2505,0,1,14.09,2.31,safe,,,FULL_ANGLE
0,35.8328,t514,LIDAR_ONLY,11.1617,11.1617,11.3504,0.1887,0.1887,1.6629,1.6629,1,1,14.09,2.31,cautious,-3.38,front,LIDAR_ONLY
0,35.8328,t517,LIDAR_ONLY,7.5117,7.5117,11.3504,3.8387,3.8387,33.8200,33.8200,0,0,14.09,2.31,slow,-23.95,front,LIDAR_ONLY
0,35.8328,t517,LIDAR_ONLY,7.6208,7.6208,11.3504,3.7296,3.7296,32.8590,32.8590,0,0,14.09,2.31,slow,-19.84,front,LIDAR_ONLY
0,35.8328,t517,LIDAR_ONLY,7.8526,7.8526,11.3504,3.4978,3.4978,30.8167,30.8167,0,0,14.09,2.31,slow,-15.72,front,LIDAR_ONLY
0,35.9017,cam_2,CAM_ONLY,20.2306,,12.5363,7.6943,,61.3764,,0,,14.12,1.21,safe,,,CAMERA_ONLY
0,35.9680,cam_2,CAM_ONLY,20.1946,,13.7501,6.4445,,46.8685,,0,,13.12,1.00,safe,,,CAMERA_ONLY
0,36.0346,t514,BOTH,20.2020,11.0706,15.1888,5.0132,4.1182,33.0063,27.1134,0,0,14.58,1.12,slowdown,,,FULL_ANGLE
0,36.0346,t522,LIDAR_ONLY,13.5300,13.5300,15.1888,1.6588,1.6588,10.9212,10.9212,0,0,14.58,1.12,cautious,23.49,front,LIDAR_ONLY
0,36.0346,t522,LIDAR_ONLY,13.9978,13.9978,15.1888,1.1910,1.1910,7.8414,7.8414,0,0,14.58,1.12,cautious,19.31,front,LIDAR_ONLY
0,36.0346,t514,LIDAR_ONLY,11.0950,11.0950,15.1888,4.0937,4.0937,26.9523,26.9523,0,0,14.58,1.12,cautious,-1.56,front,LIDAR_ONLY
0,36.0346,t517,LIDAR_ONLY,8.2598,8.2598,15.1888,6.9290,6.9290,45.6189,45.6189,0,0,14.58,1.12,slow,-18.26,front,LIDAR_ONLY
0,36.0346,t517,LIDAR_ONLY,8.7440,8.7440,15.1888,6.4448,6.4448,42.4314,42.4314,0,0,14.58,1.12,slow,-9.91,front,LIDAR_ONLY
0,36.0346,t514,LIDAR_ONLY,11.1034,11.1034,15.1888,4.0853,4.0853,26.8971,26.8971,0,0,14.58,1.12,cautious,6.79,front,LIDAR_ONLY
0,36.0346,t517,LIDAR_ONLY,9.4186,9.4186,15.1888,5.7702,5.7702,37.9896,37.9896,0,0,14.58,1.12,slow,-14.09,front,LIDAR_ONLY
0,36.0346,t522,LIDAR_ONLY,14.0626,14.0626,15.1888,1.1262,1.1262,7.4146,7.4146,0,0,14.58,1.12,cautious,27.66,front,LIDAR_ONLY
0,36.0962,cam_2,CAM_ONLY,20.0038,,16.0665,3.9374,,24.5066,,0,,15.54,1.14,warning,,,CAMERA_ONLY
0,36.1561,cam_2,CAM_ONLY,20.0304,,16.0665,3.9639,,24.6722,,0,,10.47,1.21,safe,,,CAMERA_ONLY
0,36.2186,cam_2,CAM_ONLY,20.0040,,16.0666,3.9374,,24.5066,,0,,13.15,1.08,warning,,,CAMERA_ONLY
0,36.2901,t531,BOTH,20.0580,11.0352,16.0661,3.9919,5.0309,24.8468,31.3139,0,0,19.97,2.09,safe,,,FULL_ANGLE
0,36.2901,t530,LIDAR_ONLY,15.2432,15.2432,16.0661,0.8229,0.8229,5.1218,5.1218,1,1,19.97,2.09,drive,21.44,front,LIDAR_ONLY
0,36.2901,t530,LIDAR_ONLY,16.3068,16.3068,16.0661,0.2407,0.2407,1.4981,1.4981,1,1,19.97,2.09,drive,17.28,front,LIDAR_ONLY
0,36.2901,t531,LIDAR_ONLY,10.9969,10.9969,16.0661,5.0692,5.0692,31.5523,31.5523,0,0,19.97,2.09,cautious,4.81,front,LIDAR_ONLY
0,36.2901,t531,LIDAR_ONLY,11.0107,11.0107,16.0661,5.0554,5.0554,31.4663,31.4663,0,0,19.97,2.09,cautious,-3.51,front,LIDAR_ONLY
0,36.2901,t531,LIDAR_ONLY,11.2965,11.2965,16.0661,4.7696,4.7696,29.6874,29.6874,0,0,19.97,2.09,cautious,-11.83,front,LIDAR_ONLY
0,36.3565,cam_2,CAM_ONLY,19.5488,,16.0655,3.4833,,21.6818,,0,,13.04,1.37,warning,,,CAMERA_ONLY
0,36.4131,cam_2,CAM_ONLY,20.1902,,16.0650,4.1252,,25.6780,,0,,12.83,1.16,safe,,,CAMERA_ONLY
0,36.4756,cam_2,CAM_ONLY,20.2646,,16.0639,4.2007,,26.1498,,0,,13.73,1.14,safe,,,CAMERA_ONLY
0,36.5336,t540,BOTH,20.1289,10.9773,16.0617,4.0673,5.0843,25.3228,31.6551,0,0,9.25,1.18,safe,,,FULL_ANGLE
0,36.5336,t538,LIDAR_ONLY,10.0922,10.0922,16.0617,5.9694,5.9694,37.1658,37.1658,0,0,9.25,1.18,cautious,29.88,front,LIDAR_ONLY
0,36.5336,t538,LIDAR_ONLY,11.0039,11.0039,16.0617,5.0578,5.0578,31.4899,31.4899,0,0,9.25,1.18,cautious,21.48,front,LIDAR_ONLY
0,36.5336,t538,LIDAR_ONLY,11.5251,11.5251,16.0617,4.5366,4.5366,28.2447,28.2447,0,0,9.25,1.18,cautious,25.68,front,LIDAR_ONLY
0,36.5336,t538,LIDAR_ONLY,12.4173,12.4173,16.0617,3.6444,3.6444,22.6900,22.6900,0,0,9.25,1.18,cautious,17.28,front,LIDAR_ONLY
0,36.5336,t540,LIDAR_ONLY,10.9698,10.9698,16.0617,5.0919,5.0919,31.7020,31.7020,0,0,9.25,1.18,cautious,4.67,front,LIDAR_ONLY
0,36.5916,cam_2,CAM_ONLY,20.0643,,16.0544,4.0099,,24.9772,,0,,11.87,1.49,warning,,,CAMERA_ONLY
0,36.5916,t542,LIDAR_ONLY,10.2084,10.2084,16.0544,5.8460,5.8460,36.4136,36.4136,0,0,11.87,1.49,cautious,29.58,front,LIDAR_ONLY
0,36.5916,t538,LIDAR_ONLY,13.0882,13.0882,16.0544,2.9663,2.9663,18.4762,18.4762,0,0,11.87,1.49,cautious,21.50,front,LIDAR_ONLY
0,36.5916,t538,LIDAR_ONLY,13.6910,13.6910,16.0544,2.3634,2.3634,14.7211,14.7211,0,0,11.87,1.49,cautious,25.54,front,LIDAR_ONLY
0,36.6572,cam_2,CAM_ONLY,20.1597,,16.0497,4.1100,,25.6079,,0,,9.88,1.17,safe,,,CAMERA_ONLY
0,36.7377,cam_2,CAM_ONLY,20.3079,,16.0473,4.2606,,26.5505,,0,,19.09,1.74,slowdown,,,CAMERA_ONLY
0,36.7994,cam_2,CAM_ONLY,20.2859,,16.0442,4.2418,,26.4380,,0,,10.47,1.01,safe,,,CAMERA_ONLY
0,36.8670,cam_2,CAM_ONLY,20.3167,,16.0339,4.2828,,26.7107,,0,,15.60,0.93,warning,,,CAMERA_ONLY
0,36.9299,cam_2,CAM_ONLY,20.6052,,16.0283,4.5769,,28.5554,,0,,16.46,0.93,safe,,,CAMERA_ONLY
0,36.9921,cam_2,CAM_ONLY,20.7243,,16.0276,4.6967,,29.3037,,0,,11.25,1.02,safe,,,CAMERA_ONLY
0,37.0624,cam_2,CAM_ONLY,20.9979,,16.0235,4.9744,,31.0445,,0,,15.75,1.19,safe,,,CAMERA_ONLY
0,37.1200,cam_2,CAM_ONLY,20.6952,,16.0109,4.6843,,29.2568,,0,,10.83,0.94,warning,,,CAMERA_ONLY
0,37.1814,cam_2,CAM_ONLY,20.7738,,16.0023,4.7714,,29.8172,,0,,11.93,0.85,safe,,,CAMERA_ONLY
0,37.2424,t559,BOTH,21.0850,11.0326,16.0008,5.0841,4.9683,31.7742,31.0500,0,0,10.79,1.26,safe,,,FULL_ANGLE
0,37.2424,t558,LIDAR_ONLY,11.1626,11.1626,16.0008,4.8382,4.8382,30.2372,30.2372,0,0,10.79,1.26,cautious,27.42,front,LIDAR_ONLY
0,37.2424,t558,LIDAR_ONLY,12.0578,12.0578,16.0008,3.9430,3.9430,24.6427,24.6427,0,0,10.79,1.26,cautious,19.07,front,LIDAR_ONLY
0,37.2424,t558,LIDAR_ONLY,12.6609,12.6609,16.0008,3.3399,3.3399,20.8732,20.8732,0,0,10.79,1.26,cautious,23.25,front,LIDAR_ONLY
0,37.2424,t559,LIDAR_ONLY,10.9446,10.9446,16.0008,5.0562,5.0562,31.5996,31.5996,0,0,10.79,1.26,cautious,6.55,front,LIDAR_ONLY
0,37.3049,cam_2,CAM_ONLY,21.0212,,15.9918,5.0294,,31.4496,,0,,10.31,1.22,safe,,,CAMERA_ONLY
0,37.3718,cam_2,CAM_ONLY,20.8234,,15.9764,4.8470,,30.3383,,0,,20.16,2.35,slowdown,,,CAMERA_ONLY
0,37.4429,t559,BOTH,20.4835,10.9212,15.9513,4.5322,5.0301,28.4124,31.5342,0,0,16.03,1.29,warning,,,FULL_ANGLE
0,37.4429,t558,LIDAR_ONLY,12.9965,12.9965,15.9513,2.9548,2.9548,18.5237,18.5237,0,0,16.03,1.29,cautious,24.91,front,LIDAR_ONLY
0,37.4429,t558,LIDAR_ONLY,13.6592,13.6592,15.9513,2.2921,2.2921,14.3693,14.3693,0,0,16.03,1.29,cautious,16.80,front,LIDAR_ONLY
0,37.4429,t558,LIDAR_ONLY,14.6132,14.6132,15.9513,1.3381,1.3381,8.3886,8.3886,0,0,16.03,1.29,cautious,20.85,front,LIDAR_ONLY
0,37.4429,t558,LIDAR_ONLY,14.6404,14.6404,15.9513,1.3109,1.3109,8.2182,8.2182,0,0,16.03,1.29,cautious,28.97,front,LIDAR_ONLY
0,37.5172,cam_2,CAM_ONLY,20.5233,,15.9390,4.5843,,28.7614,,0,,19.32,1.12,safe,,,CAMERA_ONLY
0,37.5744,cam_2,CAM_ONLY,20.6646,,15.9380,4.7266,,29.6564,,0,,10.87,1.15,safe,,,CAMERA_ONLY
0,37.6370,t559,BOTH,20.8088,10.9169,15.9335,4.8753,5.0166,30.5978,31.4847,0,0,12.51,1.06,safe,,,FULL_ANGLE
0,37.6370,t558,LIDAR_ONLY,14.3686,14.3686,15.9335,1.5649,1.5649,9.8213,9.8213,0,0,12.51,1.06,cautious,24.19,front,LIDAR_ONLY
0,37.6370,t558,LIDAR_ONLY,13.7491,13.7491,15.9335,2.1844,2.1844,13.7096,13.7096,0,0,12.51,1.06,cautious,28.20,front,LIDAR_ONLY
0,37.6370,t558,LIDAR_ONLY,12.7852,12.7852,15.9335,3.1483,3.1483,19.7591,19.7591,0,0,12.51,1.06,cautious,20.18,front,LIDAR_ONLY
0,37.6370,t558,LIDAR_ONLY,13.0108,13.0108,15.9335,2.9227,2.9227,18.3428,18.3428,0,0,12.51,1.06,cautious,16.16,front,LIDAR_ONLY
0,37.6370,t559,LIDAR_ONLY,10.9201,10.9201,15.9335,5.0134,5.0134,31.4644,31.4644,0,0,12.51,1.06,cautious,-3.91,front,LIDAR_ONLY
0,37.6370,t559,LIDAR_ONLY,10.8887,10.8887,15.9335,5.0448,5.0448,31.6617,31.6617,0,0,12.51,1.06,cautious,4.12,front,LIDAR_ONLY
0,37.7036,cam_2,CAM_ONLY,20.8582,,15.9208,4.9374,,31.0119,,0,,15.25,1.05,safe,,,CAMERA_ONLY
0,37.7688,cam_2,CAM_ONLY,20.4907,,15.8971,4.5937,,28.8963,,0,,13.63,1.23,warning,,,CAMERA_ONLY
0,37.8329,t559,BOTH,20.6256,10.8839,15.8874,4.7382,5.0035,29.8238,31.4936,0,0,13.72,0.96,safe,,,FULL_ANGLE
0,37.9000,cam_2,CAM_ONLY,20.9634,,15.8868,5.0766,,31.9550,,0,,11.11,1.17,safe,,,CAMERA_ONLY
0,37.9597,cam_2,CAM_ONLY,20.9240,,15.8808,5.0432,,31.7565,,0,,14.40,1.17,safe,,,CAMERA_ONLY
0,38.0231,cam_2,CAM_ONLY,20.6742,,15.8689,4.8053,,30.2809,,0,,14.37,1.24,slowdown,,,CAMERA_ONLY
0,38.0855,t575,BOTH,20.2374,10.7586,15.8473,4.3901,5.0887,27.7026,32.1106,0,0,13.91,1.12,warning,,,FULL_ANGLE
0,38.0855,t574,LIDAR_ONLY,23.2109,23.2109,15.8473,7.3636,7.3636,46.4659,46.4659,0,0,13.91,1.12,drive,16.61,front,LIDAR_ONLY
0,38.0855,t574,LIDAR_ONLY,18.5693,18.5693,15.8473,2.7220,2.7220,17.1767,17.1767,0,0,13.91,1.12,drive,20.71,front,LIDAR_ONLY
0,38.0855,t575,LIDAR_ONLY,10.7783,10.7783,15.8473,5.0690,5.0690,31.9863,31.9863,0,0,13.91,1.12,cautious,-3.87,front,LIDAR_ONLY
0,38.1495,cam_2,CAM_ONLY,20.5382,,15.8345,4.7038,,29.7059,,0,,11.67,1.19,safe,,,CAMERA_ONLY
0,38.2062,cam_2,CAM_ONLY,20.3232,,15.8339,4.4893,,28.3522,,0,,10.74,1.45,safe,,,CAMERA_ONLY
0,38.2628,cam_2,CAM_ONLY,20.6113,,15.8303,4.7811,,30.2020,,0,,10.31,1.25,safe,,,CAMERA_ONLY
0,38.3213,cam_2,CAM_ONLY,20.3006,,15.8193,4.4813,,28.3282,,0,,12.54,1.08,warning,,,CAMERA_ONLY
0,38.3823,t587,BOTH,20.3970,10.7275,15.8103,4.5867,5.0828,29.0109,32.1489,0,0,12.29,0.83,safe,,,FULL_ANGLE
0,38.3823,t587,LIDAR_ONLY,10.7129,10.7129,15.8103,5.0974,5.0974,32.2412,32.2412,0,0,12.29,0.83,cautious,5.50,front,LIDAR_ONLY
0,38.4407,t587,BOTH,20.3807,10.7516,15.8092,4.5715,5.0575,28.9170,31.9912,0,0,9.08,1.16,safe,,,FULL_ANGLE
0,38.4407,t590,LIDAR_ONLY,13.9617,13.9617,15.8092,1.8475,1.8475,11.6860,11.6860,0,0,9.08,1.16,cautious,22.87,front,LIDAR_ONLY
0,38.4407,t590,LIDAR_ONLY,12.5305,12.5305,15.8092,3.2787,3.2787,20.7394,20.7394,0,0,9.08,1.16,cautious,26.86,front,LIDAR_ONLY
0,38.4407,t590,LIDAR_ONLY,12.8079,12.8079,15.8092,3.0013,3.0013,18.9845,18.9845,0,0,9.08,1.16,cautious,18.88,front,LIDAR_ONLY
0,38.4407,t587,LIDAR_ONLY,10.7444,10.7444,15.8092,5.0648,5.0648,32.0372,32.0372,0,0,9.08,1.16,cautious,-1.06,front,LIDAR_ONLY
0,38.4407,t587,LIDAR_ONLY,10.7853,10.7853,15.8092,5.0239,5.0239,31.7781,31.7781,0,0,9.08,1.16,cautious,6.92,front,LIDAR_ONLY
0,38.5011,cam_2,CAM_ONLY,20.6995,,15.8030,4.8965,,30.9849,,0,,10.46,1.11,safe,,,CAMERA_ONLY
0,38.5633,cam_2,CAM_ONLY,20.6122,,15.7914,4.8208,,30.5279,,0,,13.48,0.87,slowdown,,,CAMERA_ONLY
0,38.6241,cam_2,CAM_ONLY,20.4085,,15.7740,4.6346,,29.3811,,0,,10.82,1.11,warning,,,CAMERA_ONLY
0,38.6793,cam_2,CAM_ONLY,20.7572,,15.7630,4.9942,,31.6833,,0,,11.43,1.09,safe,,,CAMERA_ONLY
0,38.7402,cam_2,CAM_ONLY,20.8025,,15.7623,5.0401,,31.9759,,0,,11.65,1.14,safe,,,CAMERA_ONLY
0,38.7402,t600,LIDAR_ONLY,13.4286,13.4286,15.7623,2.3337,2.3337,14.8056,14.8056,0,0,11.65,1.14,cautious,23.59,front,LIDAR_ONLY
0,38.8034,cam_2,CAM_ONLY,20.5931,,15.7588,4.8343,,30.6766,,0,,16.30,1.39,safe,,,CAMERA_ONLY
0,38.8744,cam_2,CAM_ONLY,20.7046,,15.7492,4.9555,,31.4649,,0,,17.72,1.05,safe,,,CAMERA_ONLY
0,38.9347,t606,BOTH,20.5930,10.6565,15.7338,4.8593,5.0773,30.8843,32.2699,0,0,11.03,0.96,warning,,,FULL_ANGLE
0,38.9347,t600,LIDAR_ONLY,12.2009,12.2009,15.7338,3.5328,3.5328,22.4537,22.4537,0,0,11.03,0.96,cautious,28.34,front,LIDAR_ONLY
0,38.9347,t600,LIDAR_ONLY,12.2552,12.2552,15.7338,3.4785,3.4785,22.1087,22.1087,0,0,11.03,0.96,cautious,24.16,front,LIDAR_ONLY
0,38.9347,t600,LIDAR_ONLY,12.5899,12.5899,15.7338,3.1439,3.1439,19.9817,19.9817,0,0,11.03,0.96,cautious,19.98,front,LIDAR_ONLY
0,38.9915,t606,BOTH,20.6926,10.6584,15.7270,4.9656,5.0686,31.5738,32.2286,0,0,10.11,1.36,safe,,,FULL_ANGLE
0,38.9915,t600,LIDAR_ONLY,12.3777,12.3777,15.7270,3.3493,3.3493,21.2967,21.2967,0,0,10.11,1.36,cautious,29.68,front,LIDAR_ONLY
0,38.9915,t600,LIDAR_ONLY,12.4884,12.4884,15.7270,3.2386,3.2386,20.5928,20.5928,0,0,10.11,1.36,cautious,21.62,front,LIDAR_ONLY
0,38.9915,t606,LIDAR_ONLY,10.6489,10.6489,15.7270,5.0781,5.0781,32.2892,32.2892,0,0,10.11,1.36,cautious,5.50,front,LIDAR_ONLY
0,38.9915,t600,LIDAR_ONLY,12.6684,12.6684,15.7270,3.0586,3.0586,19.4482,19.4482,0,0,10.11,1.36,cautious,25.65,front,LIDAR_ONLY
0,39.0415,t606,BOTH,20.6512,10.6505,15.7258,4.9254,5.0753,31.3206,32.2738,0,0,10.64,1.19,safe,,,FULL_ANGLE
0,39.0415,t600,LIDAR_ONLY,13.0683,13.0683,15.7258,2.6575,2.6575,16.8993,16.8993,0,0,10.64,1.19,cautious,17.82,front,LIDAR_ONLY
0,39.0415,t600,LIDAR_ONLY,13.2398,13.2398,15.7258,2.4860,2.4860,15.8087,15.8087,0,0,10.64,1.19,cautious,22.02,front,LIDAR_ONLY
0,39.0415,t600,LIDAR_ONLY,13.7172,13.7172,15.7258,2.0086,2.0086,12.7728,12.7728,0,0,10.64,1.19,cautious,26.22,front,LIDAR_ONLY
0,39.1009,cam_2,CAM_ONLY,20.4824,,15.7199,4.7625,,30.2959,,0,,10.58,0.95,safe,,,CAMERA_ONLY
0,39.1614,cam_2,CAM_ONLY,20.6567,,15.7076,4.9491,,31.5080,,0,,10.35,1.03,slowdown,,,CAMERA_ONLY
0,39.2262,cam_2,CAM_ONLY,20.3353,,15.6887,4.6466,,29.6175,,0,,14.68,1.95,warning,,,CAMERA_ONLY
0,39.2812,t613,BOTH,20.5285,10.6386,15.6765,4.8520,5.0379,30.9508,32.1364,0,0,11.25,0.85,safe,,,FULL_ANGLE
0,39.2812,t613,LIDAR_ONLY,10.6466,10.6466,15.6765,5.0298,5.0298,32.0853,32.0853,0,0,11.25,0.85,cautious,5.02,front,LIDAR_ONLY
0,39.3516,cam_2,CAM_ONLY,20.9372,,15.6743,5.2629,,33.5767,,0,,21.27,2.36,safe,,,CAMERA_ONLY
0,39.4119,cam_2,CAM_ONLY,20.3259,,15.6692,4.6567,,29.7190,,0,,10.76,1.12,slowdown,,,CAMERA_ONLY
0,39.4809,cam_2,CAM_ONLY,20.4735,,15.6581,4.8155,,30.7540,,0,,20.20,0.89,warning,,,CAMERA_ONLY
0,39.5429,cam_2,CAM_ONLY,20.6470,,15.6518,4.9952,,31.9146,,0,,10.49,1.08,safe,,,CAMERA_ONLY
0,39.6000,cam_2,CAM_ONLY,20.8065,,15.6517,5.1548,,32.9345,,0,,9.03,1.25,safe,,,CAMERA_ONLY
0,39.6589,cam_2,CAM_ONLY,20.9443,,15.6501,5.2942,,33.8289,,0,,10.40,1.20,safe,,,CAMERA_ONLY
0,39.7202,cam_2,CAM_ONLY,20.6076,,15.6404,4.9672,,31.7586,,0,,15.02,0.93,slowdown,,,CAMERA_ONLY
0,39.7815,t625,BOTH,20.2676,10.6950,15.6197,4.6480,4.9247,29.7571,31.5287,0,0,13.26,0.88,warning,,,FULL_ANGLE
0,39.7815,t625,LIDAR_ONLY,10.6990,10.6990,15.6197,4.9207,4.9207,31.5033,31.5033,0,0,13.26,0.88,cautious,-3.45,front,LIDAR_ONLY
0,39.7815,t625,LIDAR_ONLY,10.6627,10.6627,15.6197,4.9570,4.9570,31.7355,31.7355,0,0,13.26,0.88,cautious,4.92,front,LIDAR_ONLY
0,39.8686,cam_2,CAM_ONLY,20.2493,,15.6087,4.6406,,29.7311,,0,,17.36,1.57,safe,,,CAMERA_ONLY
0,39.9319,t625,BOTH,20.6737,10.6330,15.6085,5.0652,4.9755,32.4513,31.8768,0,0,13.98,0.86,safe,,,FULL_ANGLE
0,39.9319,t625,LIDAR_ONLY,10.6287,10.6287,15.6085,4.9798,4.9798,31.9041,31.9041,0,0,13.98,0.86,cautious,4.92,front,LIDAR_ONLY
0,39.9319,t625,LIDAR_ONLY,10.6352,10.6352,15.6085,4.9733,4.9733,31.8630,31.8630,0,0,13.98,0.86,cautious,-3.48,front,LIDAR_ONLY
0,40.0011,cam_2,CAM_ONLY,20.1681,,15.6058,4.5622,,29.2343,,0,,18.50,1.23,slowdown,,,CAMERA_ONLY
0,40.0686,cam_2,CAM_ONLY,20.0812,,15.5958,4.4854,,28.7604,,0,,16.21,1.24,warning,,,CAMERA_ONLY
0,40.1269,cam_2,CAM_ONLY,20.3197,,15.5922,4.7274,,30.3192,,0,,10.35,0.97,safe,,,CAMERA_ONLY
0,40.1902,cam_2,CAM_ONLY,20.6988,,15.5912,5.1075,,32.7589,,0,,19.30,1.23,safe,,,CAMERA_ONLY
0,40.2471,cam_2,CAM_ONLY,20.6604,,15.5882,5.0722,,32.5385,,0,,10.46,1.21,safe,,,CAMERA_ONLY
0,40.2471,t636,LIDAR_ONLY,11.1358,11.1358,15.5882,4.4524,4.4524,28.5626,28.5626,0,0,10.46,1.21,cautious,27.56,front,LIDAR_ONLY
0,40.2471,t636,LIDAR_ONLY,11.4176,11.4176,15.5882,4.1706,4.1706,26.7550,26.7550,0,0,10.46,1.21,cautious,23.35,front,LIDAR_ONLY
0,40.3090,cam_2,CAM_ONLY,20.5052,,15.5766,4.9286,,31.6407,,0,,15.00,0.87,slowdown,,,CAMERA_ONLY
0,40.3697,cam_2,CAM_ONLY,20.3269,,4.3489,15.9780,,367.4041,,0,,16.54,1.05,warning,,,CAMERA_ONLY
0,40.4369,t640,BOTH,20.0068,10.5524,5.1278,14.8790,5.4246,290.1641,105.7887,0,0,17.21,1.86,safe,,,FULL_ANGLE
0,40.4369,t640,LIDAR_ONLY,10.6342,10.6342,5.1278,5.5065,5.5065,107.3845,107.3845,0,0,17.21,1.86,cautious,6.98,front,LIDAR_ONLY
0,40.4939,cam_2,CAM_ONLY,19.8824,,5.8396,14.0428,,240.4754,,0,,11.08,1.15,warning,,,CAMERA_ONLY
0,40.5624,cam_2,CAM_ONLY,19.7362,,6.9458,12.7905,,184.1479,,0,,22.34,2.44,warning,,,CAMERA_ONLY
0,40.6220,cam_2,CAM_ONLY,19.6605,,7.7808,11.8797,,152.6808,,0,,14.93,0.81,warning,,,CAMERA_ONLY
0,40.6788,cam_2,CAM_ONLY,19.5593,,8.9099,10.6494,,119.5235,,0,,10.85,1.02,warning,,,CAMERA_ONLY
0,40.6788,t648,LIDAR_ONLY,6.4824,6.4824,8.9099,2.4275,2.4275,27.2446,27.2446,0,0,10.85,1.02,slow,-28.11,front,LIDAR_ONLY
0,40.6788,t648,LIDAR_ONLY,6.5904,6.5904,8.9099,2.3195,2.3195,26.0331,26.0331,0,0,10.85,1.02,slow,-24.11,front,LIDAR_ONLY
0,40.6788,t648,LIDAR_ONLY,6.7742,6.7742,8.9099,2.1357,2.1357,23.9703,23.9703,0,0,10.85,1.02,slow,-20.12,front,LIDAR_ONLY
0,40.7376,t653,BOTH,19.3589,10.6695,9.9900,9.3689,0.6795,93.7831,6.8023,0,1,13.63,1.27,warning,,,FULL_ANGLE
0,40.7376,t648,LIDAR_ONLY,6.9677,6.9677,9.9900,3.0223,3.0223,30.2533,30.2533,0,0,13.63,1.27,slow,-21.01,front,LIDAR_ONLY
0,40.7376,t652,LIDAR_ONLY,13.1739,13.1739,9.9900,3.1839,3.1839,31.8706,31.8706,0,0,13.63,1.27,cautious,24.01,front,LIDAR_ONLY
0,40.7376,t652,LIDAR_ONLY,12.4006,12.4006,9.9900,2.4106,2.4106,24.1300,24.1300,0,0,13.63,1.27,cautious,28.10,front,LIDAR_ONLY
0,40.7376,t652,LIDAR_ONLY,12.8229,12.8229,9.9900,2.8329,2.8329,28.3575,28.3575,0,0,13.63,1.27,cautious,19.92,front,LIDAR_ONLY
0,40.7376,t652,LIDAR_ONLY,13.9350,13.9350,9.9900,3.9450,3.9450,39.4897,39.4897,0,0,13.63,1.27,cautious,15.83,front,LIDAR_ONLY
0,40.7376,t648,LIDAR_ONLY,7.2096,7.2096,9.9900,2.7804,2.7804,27.8320,27.8320,0,0,13.63,1.27,slow,-16.92,front,LIDAR_ONLY
0,40.8142,cam_2,CAM_ONLY,19.3210,,11.4803,7.8407,,68.2975,,0,,21.84,1.81,warning,,,CAMERA_ONLY
0,40.8799,cam_2,CAM_ONLY,19.0307,,12.6895,6.3412,,49.9723,,0,,11.88,1.09,warning,,,CAMERA_ONLY
0,40.8799,t648,LIDAR_ONLY,7.4931,7.4931,12.6895,5.1964,5.1964,40.9505,40.9505,0,0,11.88,1.09,slow,-26.92,front,LIDAR_ONLY
0,40.8799,t648,LIDAR_ONLY,7.7453,7.7453,12.6895,4.9442,4.9442,38.9628,38.9628,0,0,11.88,1.09,slow,-22.89,front,LIDAR_ONLY
0,40.8799,t648,LIDAR_ONLY,7.9662,7.9662,12.6895,4.7233,4.7233,37.2220,37.2220,0,0,11.88,1.09,slow,-18.87,front,LIDAR_ONLY
0,40.8799,t648,LIDAR_ONLY,8.2629,8.2629,12.6895,4.4265,4.4265,34.8834,34.8834,0,0,11.88,1.09,slow,-14.85,front,LIDAR_ONLY
0,40.9360,t658,BOTH,19.3782,10.5161,13.7894,5.5888,3.2733,40.5295,23.7379,0,0,11.45,1.22,warning,,,FULL_ANGLE
0,40.9360,t648,LIDAR_ONLY,8.4776,8.4776,13.7894,5.3118,5.3118,38.5211,38.5211,0,0,11.45,1.22,slow,-18.45,front,LIDAR_ONLY
0,40.9360,t648,LIDAR_ONLY,8.6838,8.6838,13.7894,5.1057,5.1057,37.0260,37.0260,0,0,11.45,1.22,slow,-22.68,front,LIDAR_ONLY
0,40.9360,t648,LIDAR_ONLY,8.9089,8.9089,13.7894,4.8805,4.8805,35.3934,35.3934,0,0,11.45,1.22,slow,-26.91,front,LIDAR_ONLY
0,40.9360,t653,LIDAR_ONLY,10.7114,10.7114,13.7894,3.0780,3.0780,22.3215,22.3215,0,0,11.45,1.22,cautious,-14.22,front,LIDAR_ONLY
0,40.9360,t652,LIDAR_ONLY,14.4580,14.4580,13.7894,0.6686,0.6686,4.8486,4.8486,1,1,11.45,1.22,cautious,23.85,front,LIDAR_ONLY
0,40.9360,t652,LIDAR_ONLY,15.1409,15.1409,13.7894,1.3515,1.3515,9.8007,9.8007,0,0,11.45,1.22,cautious,19.62,front,LIDAR_ONLY
0,40.9360,t658,LIDAR_ONLY,10.5670,10.5670,13.7894,3.2224,3.2224,23.3688,23.3688,0,0,11.45,1.22,cautious,-1.53,front,LIDAR_ONLY
0,40.9947,cam_2,CAM_ONLY,19.0232,,15.0166,4.0066,,26.6812,,0,,10.63,1.07,warning,,,CAMERA_ONLY
0,41.0469,cam_2,CAM_ONLY,18.9206,,15.5497,3.3709,,21.6782,,0,,10.80,1.17,warning,,,CAMERA_ONLY
0,41.1136,cam_2,CAM_ONLY,18.8993,,15.5497,3.3496,,21.5413,,0,,20.46,0.94,warning,,,CAMERA_ONLY
0,41.1751,cam_2,CAM_ONLY,18.8281,,15.5497,3.2784,,21.0832,,0,,15.29,1.21,warning,,,CAMERA_ONLY
0,41.2382,t668,BOTH,18.8158,13.1464,15.5497,3.2661,2.4034,21.0039,15.4560,0,0,12.96,1.33,warning,,,FULL_ANGLE
0,41.2382,t668,LIDAR_ONLY,15.1681,15.1681,15.5497,0.3816,0.3816,2.4539,2.4539,1,1,12.96,1.33,drive,-12.98,front,LIDAR_ONLY
0,41.2382,t668,LIDAR_ONLY,15.1757,15.1757,15.5497,0.3740,0.3740,2.4054,2.4054,1,1,12.96,1.33,drive,-8.94,front,LIDAR_ONLY
0,41.2382,t669,LIDAR_ONLY,17.8395,17.8395,15.5497,2.2897,2.2897,14.7253,14.7253,0,0,12.96,1.33,drive,19.35,front,LIDAR_ONLY
0,41.2382,t669,LIDAR_ONLY,15.4827,15.4827,15.5497,0.0671,0.0671,0.4313,0.4313,1,1,12.96,1.33,drive,23.39,front,LIDAR_ONLY
0,41.2382,t669,LIDAR_ONLY,13.5864,13.5864,15.5497,1.9634,1.9634,12.6263,12.6263,0,0,12.96,1.33,cautious,27.43,front,LIDAR_ONLY
0,41.2382,t668,LIDAR_ONLY,13.9311,13.9311,15.5497,1.6187,1.6187,10.4095,10.4095,0,0,12.96,1.33,cautious,-0.86,front,LIDAR_ONLY
0,41.3071,cam_2,CAM_ONLY,18.8410,,15.5497,3.2913,,21.1666,,0,,19.71,2.86,warning,,,CAMERA_ONLY
0,41.3717,cam_2,CAM_ONLY,18.9545,,15.5497,3.4048,,21.8962,,0,,10.61,0.82,warning,,,CAMERA_ONLY
0,41.4515,cam_2,CAM_ONLY,19.2418,,15.5497,3.6921,,23.7441,,0,,24.21,1.37,warning,,,CAMERA_ONLY
0,41.5132,cam_2,CAM_ONLY,18.8251,,15.5497,3.2754,,21.0643,,0,,14.34,1.24,warning,,,CAMERA_ONLY
0,41.6412,t678,BOTH,19.2969,13.4642,15.5502,3.7467,2.0861,24.0942,13.4149,0,0,16.79,2.30,warning,,,FULL_ANGLE
0,41.6412,t677,LIDAR_ONLY,13.8672,13.8672,15.5502,1.6831,1.6831,10.8233,10.8233,0,0,16.79,2.30,cautious,23.06,front,LIDAR_ONLY
0,41.6412,t678,LIDAR_ONLY,23.2318,23.2318,15.5502,7.6815,7.6815,49.3982,49.3982,0,0,16.79,2.30,drive,-5.03,front,LIDAR_ONLY
0,41.6412,t677,LIDAR_ONLY,12.2704,12.2704,15.5502,3.2798,3.2798,21.0918,21.0918,0,0,16.79,2.30,cautious,27.07,front,LIDAR_ONLY
0,41.6412,t678,LIDAR_ONLY,15.3594,15.3594,15.5502,0.1909,0.1909,1.2274,1.2274,1,1,16.79,2.30,drive,-1.02,front,LIDAR_ONLY
0,41.6412,t677,LIDAR_ONLY,12.6539,12.6539,15.5502,2.8963,2.8963,18.6256,18.6256,0,0,16.79,2.30,cautious,19.05,front,LIDAR_ONLY
0,41.7077,cam_2,CAM_ONLY,19.1307,,15.5503,3.5804,,23.0246,,0,,14.08,1.26,warning,,,CAMERA_ONLY
0,41.7628,cam_2,CAM_ONLY,19.1000,,15.5503,3.5497,,22.8275,,0,,9.36,1.09,warning,,,CAMERA_ONLY
0,41.8145,cam_2,CAM_ONLY,18.9301,,15.5503,3.3798,,21.7346,,0,,10.60,0.95,warning,,,CAMERA_ONLY
0,41.8745,cam_2,CAM_ONLY,19.6465,,15.5503,4.0962,,26.3417,,0,,15.36,1.50,warning,,,CAMERA_ONLY
0,41.9285,cam_2,CAM_ONLY,20.1337,,15.5503,4.5834,,29.4746,,0,,10.47,0.89,safe,,,CAMERA_ONLY
0,41.9844,cam_2,CAM_ONLY,19.5136,,15.5505,3.9631,,25.4851,,0,,13.51,0.91,warning,,,CAMERA_ONLY
0,42.0505,cam_2,CAM_ONLY,19.3710,,15.5507,3.8203,,24.5665,,0,,20.41,1.30,warning,,,CAMERA_ONLY
0,42.1156,cam_2,CAM_ONLY,19.7125,,15.5507,4.1618,,26.7628,,0,,17.83,1.01,warning,,,CAMERA_ONLY
0,42.1828,cam_2,CAM_ONLY,19.9446,,15.5507,4.3939,,28.2552,,0,,10.01,0.95,warning,,,CAMERA_ONLY
0,42.2448,cam_2,CAM_ONLY,19.6091,,15.5507,4.0583,,26.0973,,0,,11.07,1.31,warning,,,CAMERA_ONLY
0,42.2448,t693,LIDAR_ONLY,11.9020,11.9020,15.5507,3.6487,3.6487,23.4631,23.4631,0,0,11.07,1.31,cautious,26.06,front,LIDAR_ONLY
0,42.2448,t693,LIDAR_ONLY,12.9788,12.9788,15.5507,2.5719,2.5719,16.5390,16.5390,0,0,11.07,1.31,cautious,17.77,front,LIDAR_ONLY
0,42.2448,t693,LIDAR_ONLY,13.6913,13.6913,15.5507,1.8594,1.8594,11.9572,11.9572,0,0,11.07,1.31,cautious,21.92,front,LIDAR_ONLY
0,42.3100,cam_2,CAM_ONLY,19.3573,,15.5507,3.8066,,24.4783,,0,,13.89,1.27,warning,,,CAMERA_ONLY
0,42.3727,cam_2,CAM_ONLY,19.4059,,15.5507,3.8551,,24.7906,,0,,15.09,0.98,warning,,,CAMERA_ONLY
0,42.4347,cam_2,CAM_ONLY,19.8178,,15.5507,4.2670,,27.4394,,0,,12.04,1.73,warning,,,CAMERA_ONLY
0,42.5048,cam_2,CAM_ONLY,19.4874,,15.5507,3.9366,,25.3149,,0,,17.90,1.46,warning,,,CAMERA_ONLY
0,42.5628,cam_2,CAM_ONLY,20.1081,,15.5507,4.5574,,29.3064,,0,,13.14,2.66,safe,,,CAMERA_ONLY
0,42.6237,cam_2,CAM_ONLY,20.1991,,15.5511,4.6480,,29.8887,,0,,13.73,1.13,safe,,,CAMERA_ONLY
0,42.6833,t703,BOTH,20.8596,10.5035,15.5523,5.3073,5.0487,34.1259,32.4630,0,0,9.39,0.84,safe,,,FULL_ANGLE
0,42.7474,cam_2,CAM_ONLY,20.1409,,15.5483,4.5926,,29.5378,,0,,11.77,1.35,warning,,,CAMERA_ONLY
0,42.7474,t707,LIDAR_ONLY,12.2537,12.2537,15.5483,3.2946,3.2946,21.1893,21.1893,0,0,11.77,1.35,cautious,25.46,front,LIDAR_ONLY
0,42.7474,t707,LIDAR_ONLY,11.2404,11.2404,15.5483,4.3079,4.3079,27.7066,27.7066,0,0,11.77,1.35,cautious,29.60,front,LIDAR_ONLY
0,42.7474,t707,LIDAR_ONLY,11.5218,11.5218,15.5483,4.0265,4.0265,25.8968,25.8968,0,0,11.77,1.35,cautious,21.31,front,LIDAR_ONLY
0,42.8068,cam_2,CAM_ONLY,20.5962,,15.5462,5.0500,,32.4836,,0,,14.49,1.22,safe,,,CAMERA_ONLY
0,42.8757,cam_2,CAM_ONLY,20.7832,,15.5449,5.2383,,33.6977,,0,,13.09,1.06,safe,,,CAMERA_ONLY
0,42.9379,t707,LIDAR_ONLY,11.7254,11.7254,15.5419,3.8165,3.8165,24.5562,24.5562,0,0,16.05,1.33,cautious,25.45,front,LIDAR_ONLY
0,42.9379,t707,LIDAR_ONLY,11.4875,11.4875,15.5419,4.0544,4.0544,26.0866,26.0866,0,0,16.05,1.33,cautious,29.65,front,LIDAR_ONLY
0,42.9379,t707,LIDAR_ONLY,11.6173,11.6173,15.5419,3.9246,3.9246,25.2516,25.2516,0,0,16.05,1.33,cautious,21.25,front,LIDAR_ONLY
0,42.9379,t716,LIDAR_ONLY,10.4528,10.4528,15.5419,5.0891,5.0891,32.7444,32.7444,0,0,16.05,1.33,cautious,4.44,front,LIDAR_ONLY
0,42.9379,t716,LIDAR_ONLY,10.4740,10.4740,15.5419,5.0679,5.0679,32.6082,32.6082,0,0,16.05,1.33,cautious,0.24,front,LIDAR_ONLY
0,42.9952,t707,LIDAR_ONLY,11.7332,11.7332,15.5338,3.8005,3.8005,24.4663,24.4663,0,0,11.73,1.26,cautious,28.04,front,LIDAR_ONLY
0,42.9952,t707,LIDAR_ONLY,11.9938,11.9938,15.5338,3.5400,3.5400,22.7891,22.7891,0,0,11.73,1.26,cautious,20.06,front,LIDAR_ONLY
0,42.9952,t707,LIDAR_ONLY,12.2150,12.2150,15.5338,3.3187,3.3187,21.3646,21.3646,0,0,11.73,1.26,cautious,24.05,front,LIDAR_ONLY
0,43.1226,cam_2,CAM_ONLY,19.5131,,15.4924,4.0207,,25.9529,,0,,20.69,1.19,warning,,,CAMERA_ONLY
0,43.1899,t722,BOTH,19.7068,10.4434,15.4802,4.2266,5.0368,27.3034,32.5369,0,0,20.32,1.30,warning,,,FULL_ANGLE
0,43.1899,t707,LIDAR_ONLY,12.4663,12.4663,15.4802,3.0139,3.0139,19.4692,19.4692,0,0,20.32,1.30,cautious,29.31,front,LIDAR_ONLY
0,43.1899,t707,LIDAR_ONLY,12.5022,12.5022,15.4802,2.9780,2.9780,19.2376,19.2376,0,0,20.32,1.30,cautious,25.22,front,LIDAR_ONLY
0,43.1899,t707,LIDAR_ONLY,12.9555,12.9555,15.4802,2.5247,2.5247,16.3094,16.3094,0,0,20.32,1.30,cautious,17.05,front,LIDAR_ONLY
0,43.1899,t707,LIDAR_ONLY,13.1202,13.1202,15.4802,2.3600,2.3600,15.2452,15.2452,0,0,20.32,1.30,cautious,21.14,front,LIDAR_ONLY
0,43.2520,cam_2,CAM_ONLY,20.0171,,15.4802,4.5368,,29.3073,,0,,15.92,1.41,safe,,,CAMERA_ONLY
0,43.3108,cam_2,CAM_ONLY,19.8545,,15.4793,4.3752,,28.2646,,0,,10.10,0.97,warning,,,CAMERA_ONLY
0,43.3767,cam_2,CAM_ONLY,20.0714,,15.4786,4.5928,,29.6718,,0,,21.42,1.22,safe,,,CAMERA_ONLY
0,43.4449,t735,BOTH,19.7275,10.3800,15.4771,4.2504,5.0970,27.4629,32.9329,0,0,19.47,1.34,warning,,,FULL_ANGLE
0,43.4449,t733,LIDAR_ONLY,11.5303,11.5303,15.4771,3.9468,3.9468,25.5009,25.5009,0,0,19.47,1.34,cautious,26.76,front,LIDAR_ONLY
0,43.4449,t733,LIDAR_ONLY,12.8448,12.8448,15.4771,2.6322,2.6322,17.0074,17.0074,0,0,19.47,1.34,cautious,18.36,front,LIDAR_ONLY
0,43.4449,t733,LIDAR_ONLY,13.6121,13.6121,15.4771,1.8649,1.8649,12.0497,12.0497,0,0,19.47,1.34,cautious,22.56,front,LIDAR_ONLY
0,43.5039,cam_2,CAM_ONLY,19.5497,,15.4758,4.0739,,26.3242,,0,,11.62,1.13,warning,,,CAMERA_ONLY
0,43.5655,cam_2,CAM_ONLY,19.3102,,15.4758,3.8344,,24.7766,,0,,17.08,0.93,warning,,,CAMERA_ONLY
0,43.6387,t735,BOTH,19.9383,10.4052,15.4758,4.4625,5.0706,28.8350,32.7646,0,0,17.80,1.11,warning,,,FULL_ANGLE
0,43.6387,t733,LIDAR_ONLY,13.9493,13.9493,15.4758,1.5265,1.5265,9.8641,9.8641,0,0,17.80,1.11,cautious,23.34,front,LIDAR_ONLY
0,43.6387,t733,LIDAR_ONLY,13.7358,13.7358,15.4758,1.7401,1.7401,11.2437,11.2437,0,0,17.80,1.11,cautious,27.53,front,LIDAR_ONLY
0,43.6387,t733,LIDAR_ONLY,14.0098,14.0098,15.4758,1.4660,1.4660,9.4731,9.4731,0,0,17.80,1.11,cautious,19.15,front,LIDAR_ONLY
0,43.6387,t735,LIDAR_ONLY,10.3887,10.3887,15.4758,5.0871,5.0871,32.8714,32.8714,0,0,17.80,1.11,cautious,-1.80,front,LIDAR_ONLY
0,43.6387,t735,LIDAR_ONLY,10.4103,10.4103,15.4758,5.0656,5.0656,32.7321,32.7321,0,0,17.80,1.11,cautious,6.58,front,LIDAR_ONLY
0,43.6981,cam_2,CAM_ONLY,19.3093,,15.4758,3.8334,,24.7703,,0,,10.75,1.14,warning,,,CAMERA_ONLY
0,43.7793,cam_2,CAM_ONLY,19.1704,,15.4758,3.6946,,23.8732,,0,,18.93,0.88,warning,,,CAMERA_ONLY
0,43.8486,t735,BOTH,19.3027,10.4405,15.4758,3.8268,5.0354,24.7277,32.5369,0,0,20.66,2.79,warning,,,FULL_ANGLE
0,43.8486,t743,LIDAR_ONLY,10.3125,10.3125,15.4758,5.1633,5.1633,33.3636,33.3636,0,0,20.66,2.79,cautious,29.43,front,LIDAR_ONLY
0,43.8486,t743,LIDAR_ONLY,10.5349,10.5349,15.4758,4.9409,4.9409,31.9265,31.9265,0,0,20.66,2.79,cautious,25.37,front,LIDAR_ONLY
0,43.8486,t733,LIDAR_ONLY,14.1693,14.1693,15.4758,1.3066,1.3066,8.4428,8.4428,0,0,20.66,2.79,cautious,17.23,front,LIDAR_ONLY
0,43.8486,t733,LIDAR_ONLY,14.3373,14.3373,15.4758,1.1386,1.1386,7.3570,7.3570,0,0,20.66,2.79,cautious,21.30,front,LIDAR_ONLY
0,43.8486,t735,LIDAR_ONLY,10.4253,10.4253,15.4758,5.0506,5.0506,32.6353,32.6353,0,0,20.66,2.79,cautious,-3.10,front,LIDAR_ONLY
0,43.9035,cam_2,CAM_ONLY,19.1471,,15.4758,3.6712,,23.7224,,0,,11.47,1.13,warning,,,CAMERA_ONLY
0,43.9646,cam_2,CAM_ONLY,19.2197,,15.4758,3.7438,,24.1915,,0,,12.30,0.83,warning,,,CAMERA_ONLY
0,44.0234,cam_2,CAM_ONLY,19.3874,,15.4758,3.9115,,25.2751,,0,,9.05,0.94,warning,,,CAMERA_ONLY
0,44.0885,t752,BOTH,19.1204,10.5402,15.4758,3.6446,4.9356,23.5503,31.8923,0,0,20.30,1.20,warning,,,FULL_ANGLE
0,44.0885,t751,LIDAR_ONLY,13.7516,13.7516,15.4758,1.7243,1.7243,11.1417,11.1417,0,0,20.30,1.20,cautious,23.21,front,LIDAR_ONLY
0,44.0885,t751,LIDAR_ONLY,12.6053,12.6053,15.4758,2.8705,2.8705,18.5485,18.5485,0,0,20.30,1.20,cautious,27.25,front,LIDAR_ONLY
0,44.0885,t752,LIDAR_ONLY,10.5905,10.5905,15.4758,4.8854,4.8854,31.5677,31.5677,0,0,20.30,1.20,cautious,-1.01,front,LIDAR_ONLY
0,44.0885,t752,LIDAR_ONLY,10.5795,10.5795,15.4758,4.8963,4.8963,31.6383,31.6383,0,0,20.30,1.20,cautious,7.06,front,LIDAR_ONLY
0,44.1584,cam_2,CAM_ONLY,19.1174,,15.4758,3.6415,,23.5304,,0,,16.74,1.29,warning,,,CAMERA_ONLY
0,44.2188,cam_2,CAM_ONLY,19.1671,,15.4758,3.6913,,23.8518,,0,,17.31,0.92,warning,,,CAMERA_ONLY
0,44.2862,t752,BOTH,19.2253,10.5919,15.4758,3.7494,4.8839,24.2277,31.5584,0,0,17.38,1.10,warning,,,FULL_ANGLE
0,44.2862,t751,LIDAR_ONLY,12.3445,12.3445,15.4758,3.1313,3.1313,20.2338,20.2338,0,0,17.38,1.10,cautious,26.14,front,LIDAR_ONLY
0,44.2862,t751,LIDAR_ONLY,12.6556,12.6556,15.4758,2.8202,2.8202,18.2233,18.2233,0,0,17.38,1.10,cautious,17.86,front,LIDAR_ONLY
0,44.2862,t751,LIDAR_ONLY,12.9199,12.9199,15.4758,2.5559,2.5559,16.5156,16.5156,0,0,17.38,1.10,cautious,22.00,front,LIDAR_ONLY
0,44.2862,t752,LIDAR_ONLY,10.6021,10.6021,15.4758,4.8737,4.8737,31.4923,31.4923,0,0,17.38,1.10,cautious,-2.83,front,LIDAR_ONLY
0,44.3473,cam_2,CAM_ONLY,19.3536,,15.4758,3.8777,,25.0565,,0,,11.88,1.27,warning,,,CAMERA_ONLY
0,44.3473,t751,LIDAR_ONLY,12.9499,12.9499,15.4758,2.5259,2.5259,16.3216,16.3216,0,0,11.88,1.27,cautious,26.54,front,LIDAR_ONLY
0,44.4106,cam_2,CAM_ONLY,19.1400,,15.4758,3.6642,,23.6768,,0,,16.94,1.20,warning,,,CAMERA_ONLY
0,44.4730,cam_2,CAM_ONLY,19.1056,,15.4758,3.6297,,23.4542,,0,,14.29,1.09,warning,,,CAMERA_ONLY
0,44.5297,cam_2,CAM_ONLY,19.3083,,15.4758,3.8324,,24.7640,,0,,12.89,0.99,warning,,,CAMERA_ONLY
0,44.5931,t771,BOTH,19.1643,10.4661,15.4758,3.6884,5.0098,23.8334,32.3715,0,0,17.47,1.25,warning,,,FULL_ANGLE
0,44.5931,t770,LIDAR_ONLY,13.3206,13.3206,15.4758,2.1552,2.1552,13.9262,13.9262,0,0,17.47,1.25,cautious,23.80,front,LIDAR_ONLY
0,44.5931,t770,LIDAR_ONLY,12.3154,12.3154,15.4758,3.1605,3.1605,20.4219,20.4219,0,0,17.47,1.25,cautious,27.86,front,LIDAR_ONLY
0,44.5931,t771,LIDAR_ONLY,10.4242,10.4242,15.4758,5.0517,5.0517,32.6424,32.6424,0,0,17.47,1.25,cautious,3.53,front,LIDAR_ONLY
0,44.6512,cam_2,CAM_ONLY,19.5051,,15.4758,4.0293,,26.0359,,0,,12.21,1.15,warning,,,CAMERA_ONLY
0,44.7160,cam_2,CAM_ONLY,19.1794,,15.4758,3.7036,,23.9315,,0,,15.17,0.96,warning,,,CAMERA_ONLY
0,44.7847,cam_2,CAM_ONLY,19.1564,,15.4758,3.6805,,23.7823,,0,,12.13,1.05,warning,,,CAMERA_ONLY
0,44.8476,cam_2,CAM_ONLY,19.1795,,15.4758,3.7036,,23.9316,,0,,10.73,1.07,warning,,,CAMERA_ONLY
0,44.9171,cam_2,CAM_ONLY,19.5163,,15.4758,4.0405,,26.1083,,0,,21.63,1.74,warning,,,CAMERA_ONLY
0,44.9970,cam_2,CAM_ONLY,19.5940,,15.4758,4.1181,,26.6101,,0,,17.90,1.33,warning,,,CAMERA_ONLY
0,44.9970,t781,LIDAR_ONLY,13.5120,13.5120,15.4758,1.9638,1.9638,12.6897,12.6897,0,0,17.90,1.33,cautious,23.54,front,LIDAR_ONLY
0,44.9970,t781,LIDAR_ONLY,12.6929,12.6929,15.4758,2.7830,2.7830,17.9826,17.9826,0,0,17.90,1.33,cautious,27.68,front,LIDAR_ONLY
0,44.9970,t781,LIDAR_ONLY,13.0710,13.0710,15.4758,2.4048,2.4048,15.5392,15.5392,0,0,17.90,1.33,cautious,19.39,front,LIDAR_ONLY
0,45.0591,cam_2,CAM_ONLY,19.5534,,15.4758,4.0775,,26.3477,,0,,10.83,0.93,warning,,,CAMERA_ONLY
0,45.1166,cam_2,CAM_ONLY,19.2607,,15.4758,3.7849,,24.4569,,0,,13.07,0.89,warning,,,CAMERA_ONLY
0,45.1895,t784,BOTH,19.1943,10.5062,15.4758,3.7184,4.9696,24.0274,32.1123,0,0,15.19,0.98,warning,,,FULL_ANGLE
0,45.1895,t781,LIDAR_ONLY,13.1833,13.1833,15.4758,2.2926,2.2926,14.8140,14.8140,0,0,15.19,0.98,cautious,25.15,front,LIDAR_ONLY
0,45.1895,t781,LIDAR_ONLY,12.7807,12.7807,15.4758,2.6951,2.6951,17.4149,17.4149,0,0,15.19,0.98,cautious,29.15,front,LIDAR_ONLY
0,45.1895,t781,LIDAR_ONLY,12.8725,12.8725,15.4758,2.6033,2.6033,16.8218,16.8218,0,0,15.19,0.98,cautious,21.16,front,LIDAR_ONLY
0,45.1895,t784,LIDAR_ONLY,10.5303,10.5303,15.4758,4.9455,4.9455,31.9564,31.9564,0,0,15.19,0.98,cautious,-2.82,front,LIDAR_ONLY
0,45.1895,t784,LIDAR_ONLY,10.4686,10.4686,15.4758,5.0072,5.0072,32.3549,32.3549,0,0,15.19,0.98,cautious,5.17,front,LIDAR_ONLY
0,45.2540,cam_2,CAM_ONLY,19.1620,,15.4758,3.6862,,23.8189,,0,,15.11,1.26,warning,,,CAMERA_ONLY
0,45.3219,cam_2,CAM_ONLY,19.0728,,15.4758,3.5969,,23.2422,,0,,14.93,0.90,warning,,,CAMERA_ONLY
0,45.3936,t784,BOTH,19.0491,10.4521,15.4758,3.5732,5.0237,23.0891,32.4616,0,0,14.00,1.15,warning,,,FULL_ANGLE
0,45.3936,t781,LIDAR_ONLY,13.0140,13.0140,15.4758,2.4618,2.4618,15.9076,15.9076,0,0,14.00,1.15,cautious,24.49,front,LIDAR_ONLY
0,45.3936,t781,LIDAR_ONLY,12.1845,12.1845,15.4758,3.2913,3.2913,21.2673,21.2673,0,0,14.00,1.15,cautious,28.62,front,LIDAR_ONLY
0,45.3936,t781,LIDAR_ONLY,12.3510,12.3510,15.4758,3.1248,3.1248,20.1915,20.1915,0,0,14.00,1.15,cautious,20.36,front,LIDAR_ONLY
0,45.3936,t781,LIDAR_ONLY,13.2337,13.2337,15.4758,2.2421,2.2421,14.4880,14.4880,0,0,14.00,1.15,cautious,16.23,front,LIDAR_ONLY
0,45.4503,cam_2,CAM_ONLY,19.0932,,15.4758,3.6174,,23.3744,,0,,15.49,1.30,warning,,,CAMERA_ONLY
0,45.5057,cam_2,CAM_ONLY,19.2342,,15.4758,3.7583,,24.2851,,0,,12.00,1.25,warning,,,CAMERA_ONLY
0,45.5663,cam_2,CAM_ONLY,19.0746,,15.4758,3.5988,,23.2541,,0,,18.84,1.39,warning,,,CAMERA_ONLY
0,45.6308,t796,BOTH,19.0509,10.5398,15.4758,3.5750,4.9361,23.1008,31.8953,0,0,11.75,0.83,warning,,,FULL_ANGLE
0,45.6308,t796,LIDAR_ONLY,10.4891,10.4891,15.4758,4.9867,4.9867,32.2225,32.2225,0,0,11.75,0.83,cautious,5.15,front,LIDAR_ONLY
0,45.6308,t796,LIDAR_ONLY,10.4894,10.4894,15.4758,4.9865,4.9865,32.2211,32.2211,0,0,11.75,0.83,cautious,-3.20,front,LIDAR_ONLY
0,45.7136,cam_2,CAM_ONLY,19.0013,,15.4758,3.5255,,22.7807,,0,,19.47,1.37,warning,,,CAMERA_ONLY
0,45.7705,cam_2,CAM_ONLY,19.1815,,15.4758,3.7057,,23.9448,,0,,9.10,1.03,warning,,,CAMERA_ONLY
0,45.8340,t796,BOTH,19.1394,10.5108,15.4758,3.6636,4.9650,23.6730,32.0826,0,0,16.45,1.11,warning,,,FULL_ANGLE
0,45.8340,t798,LIDAR_ONLY,12.6207,12.6207,15.4758,2.8551,2.8551,18.4490,18.4490,0,0,16.45,1.11,cautious,24.85,front,LIDAR_ONLY
0,45.8340,t798,LIDAR_ONLY,13.1110,13.1110,15.4758,2.3648,2.3648,15.2807,15.2807,0,0,16.45,1.11,cautious,20.79,front,LIDAR_ONLY
0,45.8340,t798,LIDAR_ONLY,13.9709,13.9709,15.4758,1.5049,1.5049,9.7243,9.7243,0,0,16.45,1.11,cautious,16.73,front,LIDAR_ONLY
0,45.8340,t799,LIDAR_ONLY,10.5268,10.5268,15.4758,4.9490,4.9490,31.9789,31.9789,0,0,16.45,1.11,cautious,28.92,front,LIDAR_ONLY
0,45.8340,t796,LIDAR_ONLY,10.5013,10.5013,15.4758,4.9746,4.9746,32.1440,32.1440,0,0,16.45,1.11,cautious,-3.58,front,LIDAR_ONLY
0,45.8340,t796,LIDAR_ONLY,10.5110,10.5110,15.4758,4.9649,4.9649,32.0815,32.0815,0,0,16.45,1.11,cautious,4.54,front,LIDAR_ONLY
0,45.9087,cam_2,CAM_ONLY,19.1181,,15.4758,3.6423,,23.5354,,0,,21.48,1.18,warning,,,CAMERA_ONLY
0,45.9712,cam_2,CAM_ONLY,19.1161,,15.4758,3.6402,,23.5220,,0,,12.12,1.12,warning,,,CAMERA_ONLY
0,46.0288,cam_2,CAM_ONLY,19.3112,,15.4758,3.8353,,24.7827,,0,,12.75,0.95,warning,,,CAMERA_ONLY
0,46.0936,t808,BOTH,19.2601,10.3976,15.4758,3.7842,5.0783,24.4524,32.8142,0,0,15.14,1.28,warning,,,FULL_ANGLE
0,46.0936,t807,LIDAR_ONLY,11.1299,11.1299,15.4758,4.3460,4.3460,28.0822,28.0822,0,0,15.14,1.28,cautious,27.57,front,LIDAR_ONLY
0,46.0936,t807,LIDAR_ONLY,11.4583,11.4583,15.4758,4.0176,4.0176,25.9602,25.9602,0,0,15.14,1.28,cautious,23.53,front,LIDAR_ONLY
0,46.0936,t808,LIDAR_ONLY,10.4197,10.4197,15.4758,5.0561,5.0561,32.6709,32.6709,0,0,15.14,1.28,cautious,-4.74,front,LIDAR_ONLY
0,46.1498,cam_2,CAM_ONLY,19.1228,,15.4758,3.6470,,23.5654,,0,,9.41,1.25,warning,,,CAMERA_ONLY
0,46.2086,cam_2,CAM_ONLY,19.0893,,15.4758,3.6134,,23.3489,,0,,11.48,0.95,warning,,,CAMERA_ONLY
0,46.2668,cam_2,CAM_ONLY,19.1917,,15.4758,3.7159,,24.0108,,0,,14.07,0.99,warning,,,CAMERA_ONLY
0,46.3305,cam_2,CAM_ONLY,19.0785,,15.4758,3.6026,,23.2790,,0,,13.76,0.73,warning,,,CAMERA_ONLY
0,46.3953,cam_2,CAM_ONLY,19.3373,,15.4758,3.8615,,24.9516,,0,,13.81,1.24,warning,,,CAMERA_ONLY
0,46.3953,t816,LIDAR_ONLY,10.2539,10.2539,15.4758,5.2220,5.2220,33.7428,33.7428,0,0,13.81,1.24,cautious,29.58,front,LIDAR_ONLY
0,46.3953,t816,LIDAR_ONLY,10.4688,10.4688,15.4758,5.0070,5.0070,32.3537,32.3537,0,0,13.81,1.24,cautious,25.41,front,LIDAR_ONLY
0,46.4590,cam_2,CAM_ONLY,19.0784,,15.4758,3.6026,,23.2788,,0,,13.93,1.22,warning,,,CAMERA_ONLY
0,46.5430,cam_2,CAM_ONLY,19.1492,,15.4758,3.6734,,23.7362,,0,,25.42,1.02,warning,,,CAMERA_ONLY
0,46.6036,cam_2,CAM_ONLY,19.2007,,15.4758,3.7248,,24.0686,,0,,14.81,1.13,warning,,,CAMERA_ONLY
0,46.6656,cam_2,CAM_ONLY,19.1389,,15.4758,3.6631,,23.6697,,0,,14.83,1.08,warning,,,CAMERA_ONLY
0,46.7210,cam_2,CAM_ONLY,19.2092,,15.4758,3.7334,,24.1240,,0,,10.91,1.01,warning,,,CAMERA_ONLY
0,46.7970,cam_2,CAM_ONLY,19.1776,,15.4758,3.7017,,23.9194,,0,,9.42,1.35,warning,,,CAMERA_ONLY
0,46.7970,t828,LIDAR_ONLY,10.5295,10.5295,15.4758,4.9463,4.9463,31.9614,31.9614,0,0,9.42,1.35,cautious,28.91,front,LIDAR_ONLY
0,46.7970,t830,LIDAR_ONLY,23.9033,23.9033,15.4758,8.4274,8.4274,54.4553,54.4553,0,0,9.42,1.35,drive,16.37,front,LIDAR_ONLY
0,46.7970,t830,LIDAR_ONLY,20.5910,20.5910,15.4758,5.1152,5.1152,33.0527,33.0527,0,0,9.42,1.35,drive,20.55,front,LIDAR_ONLY
0,46.7970,t830,LIDAR_ONLY,17.2759,17.2759,15.4758,1.8001,1.8001,11.6314,11.6314,0,0,9.42,1.35,drive,24.73,front,LIDAR_ONLY
0,46.8653,cam_2,CAM_ONLY,19.3802,,15.4758,3.9044,,25.2289,,0,,17.62,1.04,warning,,,CAMERA_ONLY
0,46.9351,t832,BOTH,19.2436,10.5955,15.4758,3.7678,4.8804,24.3463,31.5354,0,0,18.96,1.02,warning,,,FULL_ANGLE
0,46.9351,t830,LIDAR_ONLY,15.9334,15.9334,15.4758,0.4575,0.4575,2.9564,2.9564,1,1,18.96,1.02,drive,24.66,front,LIDAR_ONLY
0,46.9351,t828,LIDAR_ONLY,10.5411,10.5411,15.4758,4.9347,4.9347,31.8866,31.8866,0,0,18.96,1.02,cautious,28.74,front,LIDAR_ONLY
0,46.9351,t830,LIDAR_ONLY,16.2745,16.2745,15.4758,0.7987,0.7987,5.1609,5.1609,1,1,18.96,1.02,drive,16.49,front,LIDAR_ONLY
0,46.9351,t832,LIDAR_ONLY,10.6671,10.6671,15.4758,4.8087,4.8087,31.0726,31.0726,0,0,18.96,1.02,cautious,-3.93,front,LIDAR_ONLY
0,46.9351,t832,LIDAR_ONLY,10.5526,10.5526,15.4758,4.9233,4.9233,31.8126,31.8126,0,0,18.96,1.02,cautious,4.24,front,LIDAR_ONLY
0,47.0021,cam_2,CAM_ONLY,19.4441,,15.4758,3.9682,,25.6416,,0,,16.24,1.17,warning,,,CAMERA_ONLY
0,47.0662,cam_2,CAM_ONLY,19.6927,,15.4758,4.2168,,27.2478,,0,,16.42,1.41,warning,,,CAMERA_ONLY
0,47.1289,cam_2,CAM_ONLY,19.2741,,15.4758,3.7982,,24.5429,,0,,11.55,0.90,warning,,,CAMERA_ONLY
0,47.1884,t840,BOTH,19.2759,10.5249,15.4758,3.8001,4.9509,24.5550,31.9914,0,0,10.65,1.20,warning,,,FULL_ANGLE
0,47.1884,t839,LIDAR_ONLY,14.7872,14.7872,15.4758,0.6886,0.6886,4.4498,4.4498,1,1,10.65,1.20,cautious,21.94,front,LIDAR_ONLY
0,47.1884,t839,LIDAR_ONLY,13.2271,13.2271,15.4758,2.2488,2.2488,14.5308,14.5308,0,0,10.65,1.20,cautious,26.06,front,LIDAR_ONLY
0,47.1884,t839,LIDAR_ONLY,13.7373,13.7373,15.4758,1.7385,1.7385,11.2336,11.2336,0,0,10.65,1.20,cautious,17.81,front,LIDAR_ONLY
0,47.1884,t840,LIDAR_ONLY,10.5300,10.5300,15.4758,4.9458,4.9458,31.9583,31.9583,0,0,10.65,1.20,cautious,-2.81,front,LIDAR_ONLY
0,47.1884,t840,LIDAR_ONLY,10.4670,10.4670,15.4758,5.0088,5.0088,32.3655,32.3655,0,0,10.65,1.20,cautious,5.44,front,LIDAR_ONLY
0,47.2503,cam_2,CAM_ONLY,19.4958,,15.4758,4.0199,,25.9756,,0,,14.33,1.17,warning,,,CAMERA_ONLY
0,47.3219,cam_2,CAM_ONLY,19.3674,,15.4758,3.8916,,25.1460,,0,,14.80,0.93,warning,,,CAMERA_ONLY
0,47.3815,cam_2,CAM_ONLY,19.3746,,15.4758,3.8988,,25.1926,,0,,10.34,0.72,warning,,,CAMERA_ONLY
0,47.4478,cam_2,CAM_ONLY,19.4491,,15.4758,3.9732,,25.6738,,0,,17.39,1.13,warning,,,CAMERA_ONLY
0,47.5126,cam_2,CAM_ONLY,19.3897,,15.4758,3.9138,,25.2899,,0,,18.34,1.25,warning,,,CAMERA_ONLY
0,47.5823,t849,BOTH,19.3419,10.4408,15.4758,3.8660,5.0350,24.9810,32.5347,0,0,20.73,2.03,warning,,,FULL_ANGLE
0,47.5823,t848,LIDAR_ONLY,12.5447,12.5447,15.4758,2.9311,2.9311,18.9401,18.9401,0,0,20.73,2.03,cautious,24.98,front,LIDAR_ONLY
0,47.5823,t848,LIDAR_ONLY,13.5418,13.5418,15.4758,1.9341,1.9341,12.4972,12.4972,0,0,20.73,2.03,cautious,16.86,front,LIDAR_ONLY
0,47.5823,t848,LIDAR_ONLY,14.2283,14.2283,15.4758,1.2475,1.2475,8.0609,8.0609,0,0,20.73,2.03,cautious,20.92,front,LIDAR_ONLY
0,47.5823,t849,LIDAR_ONLY,10.4530,10.4530,15.4758,5.0228,5.0228,32.4560,32.4560,0,0,20.73,2.03,cautious,-3.44,front,LIDAR_ONLY
0,47.5823,t849,LIDAR_ONLY,10.4581,10.4581,15.4758,5.0177,5.0177,32.4230,32.4230,0,0,20.73,2.03,cautious,4.68,front,LIDAR_ONLY
0,47.6439,cam_2,CAM_ONLY,19.2281,,15.4758,3.7522,,24.2459,,0,,19.12,1.27,warning,,,CAMERA_ONLY
0,47.6439,t848,LIDAR_ONLY,14.0124,14.0124,15.4758,1.4634,1.4634,9.4561,9.4561,0,0,19.12,1.27,cautious,29.80,front,LIDAR_ONLY
0,47.7059,cam_2,CAM_ONLY,19.1908,,15.4758,3.7150,,24.0050,,0,,14.67,1.20,warning,,,CAMERA_ONLY
0,47.7671,cam_2,CAM_ONLY,19.2950,,15.4758,3.8191,,24.6781,,0,,12.43,0.86,warning,,,CAMERA_ONLY
0,47.8236,cam_2,CAM_ONLY,19.1072,,15.4758,3.6314,,23.4647,,0,,11.55,0.99,warning,,,CAMERA_ONLY
0,47.8847,t857,BOTH,19.0935,10.5681,15.4758,3.6177,4.9077,23.3761,31.7122,0,0,13.37,0.88,warning,,,FULL_ANGLE
0,47.8847,t857,LIDAR_ONLY,10.5798,10.5798,15.4758,4.8960,4.8960,31.6364,31.6364,0,0,13.37,0.88,cautious,-4.27,front,LIDAR_ONLY
0,47.8847,t857,LIDAR_ONLY,10.4987,10.4987,15.4758,4.9771,4.9771,32.1607,32.1607,0,0,13.37,0.88,cautious,3.77,front,LIDAR_ONLY
0,47.9493,cam_2,CAM_ONLY,19.0955,,15.4758,3.6197,,23.3891,,0,,12.86,1.07,warning,,,CAMERA_ONLY
0,48.0103,cam_2,CAM_ONLY,19.0379,,15.4758,3.5621,,23.0169,,0,,10.60,1.24,warning,,,CAMERA_ONLY
0,48.0809,cam_2,CAM_ONLY,19.1303,,15.4758,3.6545,,23.6141,,0,,19.74,2.15,warning,,,CAMERA_ONLY
0,48.1443,cam_2,CAM_ONLY,19.1481,,15.4758,3.6722,,23.7288,,0,,10.49,1.30,warning,,,CAMERA_ONLY
0,48.1443,t867,LIDAR_ONLY,14.8056,14.8056,15.4758,0.6703,0.6703,4.3312,4.3312,1,1,10.49,1.30,cautious,21.92,front,LIDAR_ONLY
0,48.1443,t867,LIDAR_ONLY,13.5574,13.5574,15.4758,1.9185,1.9185,12.3966,12.3966,0,0,10.49,1.30,cautious,26.05,front,LIDAR_ONLY
0,48.1443,t867,LIDAR_ONLY,14.1852,14.1852,15.4758,1.2906,1.2906,8.3395,8.3395,0,0,10.49,1.30,cautious,17.78,front,LIDAR_ONLY
0,48.2034,cam_2,CAM_ONLY,19.2177,,15.4758,3.7419,,24.1790,,0,,13.34,1.23,warning,,,CAMERA_ONLY
0,48.2590,cam_2,CAM_ONLY,19.1733,,15.4758,3.6975,,23.8920,,0,,11.63,0.84,warning,,,CAMERA_ONLY
0,48.3169,cam_2,CAM_ONLY,19.1845,,15.4758,3.7086,,23.9639,,0,,12.47,0.91,warning,,,CAMERA_ONLY
0,48.3915,t872,BOTH,19.2174,10.5265,15.4758,3.7415,4.9494,24.1765,31.9814,0,0,18.32,1.10,warning,,,FULL_ANGLE
0,48.3915,t871,LIDAR_ONLY,12.8674,12.8674,15.4758,2.6085,2.6085,16.8550,16.8550,0,0,18.32,1.10,cautious,24.47,front,LIDAR_ONLY
0,48.3915,t871,LIDAR_ONLY,11.6307,11.6307,15.4758,3.8451,3.8451,24.8459,24.8459,0,0,18.32,1.10,cautious,28.62,front,LIDAR_ONLY
0,48.3915,t871,LIDAR_ONLY,12.1455,12.1455,15.4758,3.3304,3.3304,21.5197,21.5197,0,0,18.32,1.10,cautious,20.32,front,LIDAR_ONLY
0,48.3915,t872,LIDAR_ONLY,10.4807,10.4807,15.4758,4.9951,4.9951,32.2768,32.2768,0,0,18.32,1.10,cautious,3.73,front,LIDAR_ONLY
0,48.3915,t872,LIDAR_ONLY,10.4859,10.4859,15.4758,4.9900,4.9900,32.2436,32.2436,0,0,18.32,1.10,cautious,-4.56,front,LIDAR_ONLY
0,48.4591,cam_2,CAM_ONLY,19.2191,,15.4758,3.7433,,24.1879,,0,,17.70,1.08,warning,,,CAMERA_ONLY
0,48.5185,cam_2,CAM_ONLY,19.1313,,15.4758,3.6555,,23.6204,,0,,10.78,1.06,warning,,,CAMERA_ONLY
0,48.5792,t872,BOTH,19.1978,10.4869,15.4758,3.7220,4.9889,24.0504,32.2367,0,0,12.50,1.06,warning,,,FULL_ANGLE
0,48.5792,t872,LIDAR_ONLY,10.4693,10.4693,15.4758,5.0065,5.0065,32.3504,32.3504,0,0,12.50,1.06,cautious,4.15,front,LIDAR_ONLY
0,48.6397,t872,BOTH,19.1895,10.4726,15.4758,3.7137,5.0032,23.9968,32.3291,0,0,11.47,1.07,warning,,,FULL_ANGLE
0,48.6397,t877,LIDAR_ONLY,14.1046,14.1046,15.4758,1.3713,1.3713,8.8606,8.8606,0,0,11.47,1.07,cautious,22.76,front,LIDAR_ONLY
0,48.6397,t877,LIDAR_ONLY,13.0050,13.0050,15.4758,2.4709,2.4709,15.9661,15.9661,0,0,11.47,1.07,cautious,26.85,front,LIDAR_ONLY
0,48.6397,t872,LIDAR_ONLY,10.4705,10.4705,15.4758,5.0054,5.0054,32.3431,32.3431,0,0,11.47,1.07,cautious,6.37,front,LIDAR_ONLY
0,48.7136,cam_2,CAM_ONLY,19.1206,,15.4758,3.6447,,23.5510,,0,,20.49,1.05,warning,,,CAMERA_ONLY
0,48.7775,cam_2,CAM_ONLY,19.1997,,15.4758,3.7238,,24.0622,,0,,9.85,1.04,warning,,,CAMERA_ONLY
0,48.8456,cam_2,CAM_ONLY,19.1339,,15.4758,3.6580,,23.6370,,0,,16.36,1.23,warning,,,CAMERA_ONLY
0,48.9258,cam_2,CAM_ONLY,19.1011,,15.4758,3.6252,,23.4251,,0,,21.85,1.74,warning,,,CAMERA_ONLY
0,48.9905,t888,BOTH,19.3694,10.5917,15.4758,3.8936,4.8841,25.1590,31.5596,0,0,20.91,1.90,warning,,,FULL_ANGLE
0,48.9905,t887,LIDAR_ONLY,14.8045,14.8045,15.4758,0.6714,0.6714,4.3382,4.3382,1,1,20.91,1.90,cautious,21.92,front,LIDAR_ONLY
0,48.9905,t887,LIDAR_ONLY,13.0278,13.0278,15.4758,2.4481,2.4481,15.8186,15.8186,0,0,20.91,1.90,cautious,25.94,front,LIDAR_ONLY
0,48.9905,t887,LIDAR_ONLY,13.6220,13.6220,15.4758,1.8539,1.8539,11.9792,11.9792,0,0,20.91,1.90,cautious,17.90,front,LIDAR_ONLY
0,48.9905,t888,LIDAR_ONLY,10.6283,10.6283,15.4758,4.8475,4.8475,31.3231,31.3231,0,0,20.91,1.90,cautious,-2.22,front,LIDAR_ONLY
0,48.9905,t888,LIDAR_ONLY,10.5078,10.5078,15.4758,4.9680,4.9680,32.1018,32.1018,0,0,20.91,1.90,cautious,5.83,front,LIDAR_ONLY
0,49.0578,cam_2,CAM_ONLY,19.2639,,15.4758,3.7881,,24.4775,,0,,13.53,1.24,warning,,,CAMERA_ONLY
0,49.1250,cam_2,CAM_ONLY,19.3316,,15.4758,3.8558,,24.9147,,0,,19.49,1.03,warning,,,CAMERA_ONLY
0,49.1891,t888,BOTH,19.2895,10.5063,15.4758,3.8137,4.9695,24.6426,32.1116,0,0,19.78,1.24,warning,,,FULL_ANGLE
0,49.1891,t894,LIDAR_ONLY,10.2675,10.2675,15.4758,5.2083,5.2083,33.6547,33.6547,0,0,19.78,1.24,cautious,29.54,front,LIDAR_ONLY
0,49.1891,t887,LIDAR_ONLY,14.5425,14.5425,15.4758,0.9333,0.9333,6.0308,6.0308,1,1,19.78,1.24,cautious,17.41,front,LIDAR_ONLY
0,49.1891,t894,LIDAR_ONLY,10.5371,10.5371,15.4758,4.9388,4.9388,31.9129,31.9129,0,0,19.78,1.24,cautious,25.50,front,LIDAR_ONLY
0,49.1891,t887,LIDAR_ONLY,15.0944,15.0944,15.4758,0.3815,0.3815,2.4649,2.4649,1,1,19.78,1.24,cautious,21.45,front,LIDAR_ONLY
0,49.1891,t888,LIDAR_ONLY,10.5146,10.5146,15.4758,4.9612,4.9612,32.0578,32.0578,0,0,19.78,1.24,cautious,-2.82,front,LIDAR_ONLY
0,49.2579,cam_2,CAM_ONLY,19.2536,,15.4758,3.7778,,24.4108,,0,,15.00,1.28,warning,,,CAMERA_ONLY
0,49.3163,cam_2,CAM_ONLY,19.1206,,15.4758,3.6447,,23.5510,,0,,11.66,1.02,warning,,,CAMERA_ONLY
0,49.3778,t888,BOTH,19.2556,10.4616,15.4758,3.7798,5.0142,24.4236,32.4002,0,0,12.82,0.84,warning,,,FULL_ANGLE
0,49.4389,t888,BOTH,19.2135,10.4406,15.4758,3.7376,5.0353,24.1513,32.5363,0,0,16.79,1.17,warning,,,FULL_ANGLE
0,49.4389,t899,LIDAR_ONLY,14.0901,14.0901,15.4758,1.3858,1.3858,8.9544,8.9544,0,0,16.79,1.17,cautious,22.77,front,LIDAR_ONLY
0,49.4389,t899,LIDAR_ONLY,12.7726,12.7726,15.4758,2.7032,2.7032,17.4674,17.4674,0,0,16.79,1.17,cautious,26.88,front,LIDAR_ONLY
0,49.4389,t888,LIDAR_ONLY,10.4507,10.4507,15.4758,5.0252,5.0252,32.4711,32.4711,0,0,16.79,1.17,cautious,-1.85,front,LIDAR_ONLY
0,49.4389,t888,LIDAR_ONLY,10.4358,10.4358,15.4758,5.0401,5.0401,32.5674,32.5674,0,0,16.79,1.17,cautious,6.36,front,LIDAR_ONLY
0,49.5031,cam_2,CAM_ONLY,19.6842,,15.4758,4.2084,,27.1934,,0,,13.74,1.30,warning,,,CAMERA_ONLY
0,49.5631,cam_2,CAM_ONLY,19.3228,,15.4758,3.8469,,24.8577,,0,,10.99,0.85,warning,,,CAMERA_ONLY
0,49.6378,cam_2,CAM_ONLY,19.2295,,15.4758,3.7536,,24.2546,,0,,19.51,1.20,warning,,,CAMERA_ONLY
0,49.6378,t899,LIDAR_ONLY,12.9238,12.9238,15.4758,2.5520,2.5520,16.4902,16.4902,0,0,19.51,1.20,cautious,21.36,front,LIDAR_ONLY
0,49.6378,t899,LIDAR_ONLY,12.9598,12.9598,15.4758,2.5161,2.5161,16.2580,16.2580,0,0,19.51,1.20,cautious,25.59,front,LIDAR_ONLY
0,49.6378,t899,LIDAR_ONLY,12.3413,12.3413,15.4758,3.1346,3.1346,20.2547,20.2547,0,0,19.51,1.20,cautious,29.82,front,LIDAR_ONLY
0,49.6991,cam_2,CAM_ONLY,19.3224,,15.4758,3.8465,,24.8552,,0,,14.55,1.26,warning,,,CAMERA_ONLY
0,49.7601,cam_2,CAM_ONLY,19.2675,,15.4758,3.7916,,24.5003,,0,,18.16,1.34,warning,,,CAMERA_ONLY
0,49.8325,t908,BOTH,19.3111,10.4570,15.4758,3.8352,5.0188,24.7821,32.4302,0,0,15.29,0.92,warning,,,FULL_ANGLE
0,49.8325,t908,LIDAR_ONLY,10.4650,10.4650,15.4758,5.0109,5.0109,32.3787,32.3787,0,0,15.29,0.92,cautious,4.03,front,LIDAR_ONLY
0,49.9183,cam_2,CAM_ONLY,19.1236,,15.4758,3.6477,,23.5706,,0,,19.64,1.13,warning,,,CAMERA_ONLY
0,49.9890,t908,BOTH,19.2460,10.4843,15.4758,3.7701,4.9915,24.3613,32.2536,0,0,18.39,1.07,warning,,,FULL_ANGLE
0,49.9890,t910,LIDAR_ONLY,13.7479,13.7479,15.4758,1.7279,1.7279,11.1651,11.1651,0,0,18.39,1.07,cautious,23.22,front,LIDAR_ONLY
0,49.9890,t910,LIDAR_ONLY,14.2530,14.2530,15.4758,1.2228,1.2228,7.9015,7.9015,0,0,18.39,1.07,cautious,19.15,front,LIDAR_ONLY
0,49.9890,t908,LIDAR_ONLY,10.4828,10.4828,15.4758,4.9931,4.9931,32.2638,32.2638,0,0,18.39,1.07,cautious,-1.16,front,LIDAR_ONLY
0,50.0547,cam_2,CAM_ONLY,19.2243,,15.4758,3.7484,,24.2213,,0,,17.03,1.44,warning,,,CAMERA_ONLY
0,50.1177,cam_2,CAM_ONLY,19.2085,,15.4758,3.7327,,24.1195,,0,,12.62,0.87,warning,,,CAMERA_ONLY
0,50.1923,t908,BOTH,19.1690,10.4871,15.4758,3.6931,4.9887,23.8638,32.2354,0,0,21.20,1.25,warning,,,FULL_ANGLE
0,50.1923,t910,LIDAR_ONLY,14.4267,14.4267,15.4758,1.0491,1.0491,6.7792,6.7792,0,0,21.20,1.25,cautious,23.50,front,LIDAR_ONLY
0,50.1923,t910,LIDAR_ONLY,13.8209,13.8209,15.4758,1.6549,1.6549,10.6936,10.6936,0,0,21.20,1.25,cautious,27.59,front,LIDAR_ONLY
0,50.1923,t910,LIDAR_ONLY,13.9423,13.9423,15.4758,1.5336,1.5336,9.9096,9.9096,0,0,21.20,1.25,cautious,19.41,front,LIDAR_ONLY
0,50.1923,t908,LIDAR_ONLY,10.4846,10.4846,15.4758,4.9913,4.9913,32.2520,32.2520,0,0,21.20,1.25,cautious,-1.05,front,LIDAR_ONLY
0,50.2534,cam_2,CAM_ONLY,19.1958,,15.4758,3.7199,,24.0371,,0,,16.36,1.25,warning,,,CAMERA_ONLY
0,50.3133,cam_2,CAM_ONLY,19.1865,,15.4758,3.7107,,23.9773,,0,,10.68,0.93,warning,,,CAMERA_ONLY
0,50.3701,cam_2,CAM_ONLY,19.2061,,15.4758,3.7302,,24.1036,,0,,13.89,1.15,warning,,,CAMERA_ONLY
0,50.4437,t929,BOTH,19.1400,10.4408,15.4758,3.6641,5.0350,23.6764,32.5349,0,0,17.34,1.26,warning,,,FULL_ANGLE
0,50.4437,t927,LIDAR_ONLY,15.3680,15.3680,15.4758,0.1079,0.1079,0.6970,0.6970,1,1,17.34,1.26,drive,21.30,front,LIDAR_ONLY
0,50.4437,t927,LIDAR_ONLY,12.1472,12.1472,15.4758,3.3286,3.3286,21.5086,21.5086,0,0,17.34,1.26,cautious,29.55,front,LIDAR_ONLY
0,50.4437,t928,LIDAR_ONLY,21.8682,21.8682,15.4758,6.3924,6.3924,41.3053,41.3053,0,0,17.34,1.26,drive,17.18,front,LIDAR_ONLY
0,50.4437,t927,LIDAR_ONLY,12.1574,12.1574,15.4758,3.3185,3.3185,21.4428,21.4428,0,0,17.34,1.26,cautious,25.43,front,LIDAR_ONLY
0,50.5024,cam_2,CAM_ONLY,19.1108,,15.4758,3.6349,,23.4877,,0,,9.89,1.32,warning,,,CAMERA_ONLY
0,50.5568,cam_2,CAM_ONLY,19.1866,,15.4758,3.7107,,23.9776,,0,,10.47,1.45,warning,,,CAMERA_ONLY
0,50.6175,cam_2,CAM_ONLY,19.1325,,15.4758,3.6566,,23.6279,,0,,14.73,1.21,warning,,,CAMERA_ONLY
0,50.6782,cam_2,CAM_ONLY,19.0626,,15.4758,3.5867,,23.1764,,0,,12.07,0.94,warning,,,CAMERA_ONLY
0,50.7385,t939,BOTH,19.2169,10.5297,15.4758,3.7410,4.9461,24.1732,31.9602,0,0,10.83,0.98,warning,,,FULL_ANGLE
0,50.7385,t938,LIDAR_ONLY,14.1648,14.1648,15.4758,1.3111,1.3111,8.4716,8.4716,0,0,10.83,0.98,cautious,22.68,front,LIDAR_ONLY
0,50.7385,t938,LIDAR_ONLY,12.7966,12.7966,15.4758,2.6793,2.6793,17.3125,17.3125,0,0,10.83,0.98,cautious,26.93,front,LIDAR_ONLY
0,50.7385,t939,LIDAR_ONLY,10.4468,10.4468,15.4758,5.0290,5.0290,32.4961,32.4961,0,0,10.83,0.98,cautious,5.69,front,LIDAR_ONLY
0,50.8047,cam_2,CAM_ONLY,19.1223,,15.4758,3.6465,,23.5625,,0,,19.14,1.45,warning,,,CAMERA_ONLY
0,50.8723,cam_2,CAM_ONLY,19.0526,,15.4758,3.5768,,23.1119,,0,,17.12,1.11,warning,,,CAMERA_ONLY
0,50.9301,cam_2,CAM_ONLY,19.0761,,15.4758,3.6003,,23.2640,,0,,14.13,0.98,warning,,,CAMERA_ONLY
0,51.0028,t948,BOTH,19.1166,10.4000,15.4758,3.6407,5.0759,23.5252,32.7986,0,0,18.95,2.64,warning,,,FULL_ANGLE
0,51.0028,t947,LIDAR_ONLY,14.7270,14.7270,15.4758,0.7488,0.7488,4.8385,4.8385,1,1,18.95,2.64,cautious,22.01,front,LIDAR_ONLY
0,51.0028,t947,LIDAR_ONLY,15.5774,15.5774,15.4758,0.1016,0.1016,0.6565,0.6565,1,1,18.95,2.64,cautious,17.87,front,LIDAR_ONLY
0,51.0028,t947,LIDAR_ONLY,14.8791,14.8791,15.4758,0.5968,0.5968,3.8562,3.8562,1,1,18.95,2.64,cautious,26.14,front,LIDAR_ONLY
0,51.0028,t948,LIDAR_ONLY,10.3801,10.3801,15.4758,5.0957,5.0957,32.9269,32.9269,0,0,18.95,2.64,cautious,5.46,front,LIDAR_ONLY
0,51.0674,cam_2,CAM_ONLY,19.1861,,15.4758,3.7103,,23.9747,,0,,8.93,0.98,warning,,,CAMERA_ONLY
0,51.1214,cam_2,CAM_ONLY,19.0914,,15.4758,3.6156,,23.3628,,0,,12.14,0.96,warning,,,CAMERA_ONLY
0,51.1849,t948,BOTH,19.0650,10.4370,15.4758,3.5891,5.0388,23.1917,32.5592,0,0,13.79,1.00,warning,,,FULL_ANGLE
0,51.1849,t947,LIDAR_ONLY,14.5839,14.5839,15.4758,0.8919,0.8919,5.7634,5.7634,1,1,13.79,1.00,cautious,23.08,front,LIDAR_ONLY
0,51.1849,t947,LIDAR_ONLY,13.7460,13.7460,15.4758,1.7299,1.7299,11.1778,11.1778,0,0,13.79,1.00,cautious,27.29,front,LIDAR_ONLY
0,51.1849,t948,LIDAR_ONLY,10.4275,10.4275,15.4758,5.0484,5.0484,32.6210,32.6210,0,0,13.79,1.00,cautious,-2.12,front,LIDAR_ONLY
0,51.1849,t948,LIDAR_ONLY,10.4339,10.4339,15.4758,5.0419,5.0419,32.5795,32.5795,0,0,13.79,1.00,cautious,6.28,front,LIDAR_ONLY
0,51.2422,t948,BOTH,19.1536,10.4533,15.4758,3.6778,5.0226,23.7645,32.4543,0,0,9.01,1.22,warning,,,FULL_ANGLE
0,51.2422,t948,LIDAR_ONLY,10.4504,10.4504,15.4758,5.0254,5.0254,32.4726,32.4726,0,0,9.01,1.22,cautious,-1.12,front,LIDAR_ONLY
0,51.2422,t947,LIDAR_ONLY,13.1344,13.1344,15.4758,2.3414,2.3414,15.1295,15.1295,0,0,9.01,1.22,cautious,27.83,front,LIDAR_ONLY
0,51.3044,cam_2,CAM_ONLY,19.2054,,15.4758,3.7296,,24.0994,,0,,13.14,1.47,warning,,,CAMERA_ONLY
0,51.3647,cam_2,CAM_ONLY,19.1242,,15.4758,3.6484,,23.5748,,0,,11.63,0.84,warning,,,CAMERA_ONLY
0,51.4330,t948,BOTH,19.1123,10.4270,15.4758,3.6364,5.0489,23.4976,32.6241,0,0,15.08,0.88,warning,,,FULL_ANGLE
0,51.4330,t948,LIDAR_ONLY,10.4348,10.4348,15.4758,5.0410,5.0410,32.5737,32.5737,0,0,15.08,0.88,cautious,5.52,front,LIDAR_ONLY
0,51.5010,cam_2,CAM_ONLY,19.2947,,15.4758,3.8189,,24.6765,,0,,16.22,1.06,warning,,,CAMERA_ONLY
0,51.5787,t948,BOTH,19.1523,10.4438,15.4758,3.6764,5.0320,23.7558,32.5152,0,0,19.78,0.99,warning,,,FULL_ANGLE
0,51.5787,t948,LIDAR_ONLY,10.4429,10.4429,15.4758,5.0330,5.0330,32.5215,32.5215,0,0,19.78,0.99,cautious,-1.24,front,LIDAR_ONLY
0,51.6447,cam_2,CAM_ONLY,19.2075,,15.4758,3.7317,,24.1127,,0,,13.53,1.32,warning,,,CAMERA_ONLY
0,51.6447,t960,LIDAR_ONLY,14.9238,14.9238,15.4758,0.5521,0.5521,3.5672,3.5672,1,1,13.53,1.32,cautious,21.78,front,LIDAR_ONLY
0,51.6447,t960,LIDAR_ONLY,13.3450,13.3450,15.4758,2.1308,2.1308,13.7688,13.7688,0,0,13.53,1.32,cautious,25.82,front,LIDAR_ONLY
0,51.6447,t960,LIDAR_ONLY,11.8054,11.8054,15.4758,3.6704,3.6704,23.7172,23.7172,0,0,13.53,1.32,cautious,29.85,front,LIDAR_ONLY
0,51.7212,cam_2,CAM_ONLY,19.2537,,15.4758,3.7779,,24.4113,,0,,22.53,1.74,warning,,,CAMERA_ONLY
0,51.7846,t948,BOTH,19.2588,10.4459,15.4758,3.7830,5.0300,24.4444,32.5022,0,0,9.48,0.85,warning,,,FULL_ANGLE
0,51.7846,t948,LIDAR_ONLY,10.4567,10.4567,15.4758,5.0191,5.0191,32.4320,32.4320,0,0,9.48,0.85,cautious,-2.13,front,LIDAR_ONLY
0,51.8487,cam_2,CAM_ONLY,19.1255,,15.4758,3.6496,,23.5828,,0,,22.39,1.20,warning,,,CAMERA_ONLY
0,51.9129,cam_2,CAM_ONLY,19.0881,,15.4758,3.6123,,23.3415,,0,,19.96,1.55,warning,,,CAMERA_ONLY
0,51.9609,cam_2,CAM_ONLY,19.1813,,15.4758,3.7054,,23.9434,,0,,9.34,1.18,warning,,,CAMERA_ONLY
0,52.0169,cam_2,CAM_ONLY,19.3247,,15.4758,3.8489,,24.8702,,0,,10.72,0.97,warning,,,CAMERA_ONLY
0,52.0743,cam_2,CAM_ONLY,19.1071,,15.4758,3.6312,,23.4640,,0,,11.68,1.06,warning,,,CAMERA_ONLY
0,52.1349,t969,BOTH,19.1672,10.7373,15.4758,3.6914,4.7385,23.8525,30.6188,0,0,13.10,1.22,warning,,,FULL_ANGLE
0,52.2110,cam_2,CAM_ONLY,19.2196,,15.4758,3.7438,,24.1911,,0,,21.50,1.29,warning,,,CAMERA_ONLY
0,52.2750,cam_2,CAM_ONLY,19.2150,,15.4758,3.7392,,24.1614,,0,,17.65,1.20,warning,,,CAMERA_ONLY
0,52.3339,t969,BOTH,19.3301,10.5777,15.4758,3.8543,4.8981,24.9053,31.6502,0,0,12.50,0.84,warning,,,FULL_ANGLE
0,52.3339,t969,LIDAR_ONLY,10.4796,10.4796,15.4758,4.9962,4.9962,32.2841,32.2841,0,0,12.50,0.84,cautious,3.70,front,LIDAR_ONLY
0,52.3901,t969,BOTH,19.2065,10.4896,15.4758,3.7307,4.9862,24.1065,32.2192,0,0,9.80,1.24,warning,,,FULL_ANGLE
0,52.3901,t974,LIDAR_ONLY,10.5590,10.5590,15.4758,4.9168,4.9168,31.7710,31.7710,0,0,9.80,1.24,cautious,28.84,front,LIDAR_ONLY
0,52.3901,t974,LIDAR_ONLY,11.3069,11.3069,15.4758,4.1689,4.1689,26.9383,26.9383,0,0,9.80,1.24,cautious,20.35,front,LIDAR_ONLY
0,52.3901,t974,LIDAR_ONLY,11.8066,11.8066,15.4758,3.6693,3.6693,23.7098,23.7098,0,0,9.80,1.24,cautious,24.59,front,LIDAR_ONLY
0,52.3901,t974,LIDAR_ONLY,12.9547,12.9547,15.4758,2.5212,2.5212,16.2910,16.2910,0,0,9.80,1.24,cautious,16.10,front,LIDAR_ONLY
0,52.3901,t969,LIDAR_ONLY,10.4860,10.4860,15.4758,4.9898,4.9898,32.2427,32.2427,0,0,9.80,1.24,cautious,-0.89,front,LIDAR_ONLY
0,52.4459,cam_2,CAM_ONLY,19.1051,,15.4758,3.6293,,23.4511,,0,,9.68,1.21,warning,,,CAMERA_ONLY
0,52.5063,cam_2,CAM_ONLY,19.2005,,15.4758,3.7246,,24.0673,,0,,13.09,1.18,warning,,,CAMERA_ONLY
0,52.5630,cam_2,CAM_ONLY,19.3416,,15.4758,3.8657,,24.9790,,0,,10.30,1.28,warning,,,CAMERA_ONLY
0,52.6241,cam_2,CAM_ONLY,19.1857,,15.4758,3.7099,,23.9722,,0,,15.99,1.10,warning,,,CAMERA_ONLY
0,52.6921,cam_2,CAM_ONLY,19.0559,,15.4758,3.5800,,23.1330,,0,,17.85,1.27,warning,,,CAMERA_ONLY
0,52.6921,t984,LIDAR_ONLY,14.6873,14.6873,15.4758,0.7885,0.7885,5.0950,5.0950,1,1,17.85,1.27,cautious,22.05,front,LIDAR_ONLY
0,52.6921,t984,LIDAR_ONLY,12.9365,12.9365,15.4758,2.5394,2.5394,16.4087,16.4087,0,0,17.85,1.27,cautious,26.15,front,LIDAR_ONLY
0,52.7485,cam_2,CAM_ONLY,19.4520,,15.4758,3.9761,,25.6925,,0,,10.98,1.11,warning,,,CAMERA_ONLY
0,52.8116,cam_2,CAM_ONLY,19.1125,,15.4758,3.6366,,23.4988,,0,,20.12,1.09,warning,,,CAMERA_ONLY
0,52.8671,cam_2,CAM_ONLY,19.1811,,15.4758,3.7052,,23.9420,,0,,12.09,0.84,warning,,,CAMERA_ONLY
0,52.9239,cam_2,CAM_ONLY,19.1167,,15.4758,3.6409,,23.5261,,0,,11.54,1.16,warning,,,CAMERA_ONLY
0,52.9813,t990,BOTH,19.0803,10.5562,15.4758,3.6045,4.9196,23.2910,31.7890,0,0,12.80,0.95,warning,,,FULL_ANGLE
0,52.9813,t990,LIDAR_ONLY,10.5843,10.5843,15.4758,4.8916,4.8916,31.6077,31.6077,0,0,12.80,0.95,cautious,-4.39,front,LIDAR_ONLY
0,52.9813,t990,LIDAR_ONLY,10.5237,10.5237,15.4758,4.9521,4.9521,31.9989,31.9989,0,0,12.80,0.95,cautious,3.98,front,LIDAR_ONLY
0,53.0419,t990,BOTH,19.1587,10.4943,15.4758,3.6828,4.9816,23.7972,32.1893,0,0,13.59,1.22,warning,,,FULL_ANGLE
0,53.0419,t994,LIDAR_ONLY,13.1163,13.1163,15.4758,2.3595,2.3595,15.2465,15.2465,0,0,13.59,1.22,cautious,24.10,front,LIDAR_ONLY
0,53.0419,t994,LIDAR_ONLY,13.4819,13.4819,15.4758,1.9939,1.9939,12.8840,12.8840,0,0,13.59,1.22,cautious,20.09,front,LIDAR_ONLY
0,53.0419,t994,LIDAR_ONLY,13.4601,13.4601,15.4758,2.0157,2.0157,13.0249,13.0249,0,0,13.59,1.22,cautious,28.11,front,LIDAR_ONLY
0,53.0984,cam_2,CAM_ONLY,19.2475,,15.4758,3.7717,,24.3714,,0,,9.40,1.20,warning,,,CAMERA_ONLY
0,53.1549,cam_2,CAM_ONLY,19.2498,,15.4758,3.7740,,24.3863,,0,,10.27,1.38,warning,,,CAMERA_ONLY
0,53.2141,cam_2,CAM_ONLY,19.6115,,15.4758,4.1356,,26.7233,,0,,10.92,0.97,warning,,,CAMERA_ONLY
0,53.2785,cam_2,CAM_ONLY,19.0687,,15.4758,3.5929,,23.2162,,0,,13.47,0.79,warning,,,CAMERA_ONLY
0,53.3357,t1005,BOTH,19.2243,10.5386,15.4758,3.7485,4.9373,24.2214,31.9031,0,0,13.73,1.09,warning,,,FULL_ANGLE
0,53.3357,t1003,LIDAR_ONLY,13.4776,13.4776,15.4758,1.9982,1.9982,12.9118,12.9118,0,0,13.73,1.09,cautious,23.58,front,LIDAR_ONLY
0,53.3357,t1003,LIDAR_ONLY,12.3973,12.3973,15.4758,3.0785,3.0785,19.8926,19.8926,0,0,13.73,1.09,cautious,27.59,front,LIDAR_ONLY
0,53.3357,t1003,LIDAR_ONLY,12.7225,12.7225,15.4758,2.7534,2.7534,17.7914,17.7914,0,0,13.73,1.09,cautious,19.57,front,LIDAR_ONLY
0,53.3357,t1005,LIDAR_ONLY,10.4851,10.4851,15.4758,4.9907,4.9907,32.2485,32.2485,0,0,13.73,1.09,cautious,3.53,front,LIDAR_ONLY
0,53.4055,cam_2,CAM_ONLY,19.2869,,15.4758,3.8111,,24.6260,,0,,19.84,1.42,warning,,,CAMERA_ONLY
0,53.4687,cam_2,CAM_ONLY,19.2259,,15.4758,3.7500,,24.2316,,0,,12.37,1.21,warning,,,CAMERA_ONLY
0,53.5229,cam_2,CAM_ONLY,19.4534,,15.4758,3.9775,,25.7015,,0,,9.24,0.88,warning,,,CAMERA_ONLY
0,53.5800,cam_2,CAM_ONLY,19.2614,,15.4758,3.7856,,24.4612,,0,,9.05,0.88,warning,,,CAMERA_ONLY
0,53.6475,cam_2,CAM_ONLY,19.2903,,15.4758,3.8145,,24.6478,,0,,16.31,1.00,warning,,,CAMERA_ONLY
0,53.7038,cam_2,CAM_ONLY,19.3388,,15.4758,3.8630,,24.9612,,0,,10.87,1.11,warning,,,CAMERA_ONLY
0,53.7619,cam_2,CAM_ONLY,19.3370,,15.4758,3.8611,,24.9494,,0,,12.77,0.90,warning,,,CAMERA_ONLY
0,53.8206,cam_2,CAM_ONLY,19.4150,,15.4758,3.9392,,25.4538,,0,,14.78,1.14,warning,,,CAMERA_ONLY
0,53.8776,cam_2,CAM_ONLY,19.2356,,15.4758,3.7598,,24.2944,,0,,10.99,1.00,warning,,,CAMERA_ONLY
0,53.9349,t1020,BOTH,19.2581,10.5429,15.4758,3.7823,4.9330,24.4400,31.8753,0,0,9.59,0.94,warning,,,FULL_ANGLE
0,53.9349,t1020,LIDAR_ONLY,10.5836,10.5836,15.4758,4.8922,4.8922,31.6120,31.6120,0,0,9.59,0.94,cautious,-1.54,front,LIDAR_ONLY
0,53.9890,t1020,BOTH,19.2521,10.5312,15.4758,3.7762,4.9447,24.4008,31.9508,0,0,9.96,1.22,warning,,,FULL_ANGLE
0,53.9890,t1022,LIDAR_ONLY,10.8372,10.8372,15.4758,4.6386,4.6386,29.9735,29.9735,0,0,9.96,1.22,cautious,28.19,front,LIDAR_ONLY
0,53.9890,t1022,LIDAR_ONLY,11.2100,11.2100,15.4758,4.2658,4.2658,27.5643,27.5643,0,0,9.96,1.22,cautious,24.08,front,LIDAR_ONLY
0,53.9890,t1020,LIDAR_ONLY,10.5452,10.5452,15.4758,4.9306,4.9306,31.8602,31.8602,0,0,9.96,1.22,cautious,-4.72,front,LIDAR_ONLY
0,53.9890,t1022,LIDAR_ONLY,11.9241,11.9241,15.4758,3.5517,3.5517,22.9500,22.9500,0,0,9.96,1.22,cautious,19.96,front,LIDAR_ONLY
0,53.9890,t1020,LIDAR_ONLY,10.5129,10.5129,15.4758,4.9630,4.9630,32.0693,32.0693,0,0,9.96,1.22,cautious,3.50,front,LIDAR_ONLY
0,54.0483,cam_2,CAM_ONLY,19.5864,,15.4758,4.1106,,26.5611,,0,,10.38,1.29,warning,,,CAMERA_ONLY
0,54.1117,cam_2,CAM_ONLY,19.2262,,15.4758,3.7503,,24.2334,,0,,14.15,0.89,warning,,,CAMERA_ONLY
0,54.1701,cam_2,CAM_ONLY,19.3441,,15.4758,3.8683,,24.9956,,0,,9.75,0.99,warning,,,CAMERA_ONLY
0,54.2328,t1028,BOTH,19.2485,10.5222,15.4758,3.7727,4.9537,24.3779,32.0090,0,0,12.47,0.88,warning,,,FULL_ANGLE
0,54.2328,t1028,LIDAR_ONLY,10.5841,10.5841,15.4758,4.8917,4.8917,31.6089,31.6089,0,0,12.47,0.88,cautious,-4.39,front,LIDAR_ONLY
0,54.2905,t1028,BOTH,19.5382,10.4419,15.4758,4.0624,5.0339,26.2497,32.5276,0,0,11.79,1.17,warning,,,FULL_ANGLE
0,54.2905,t1032,LIDAR_ONLY,15.2913,15.2913,15.4758,0.1846,0.1846,1.1925,1.1925,1,1,11.79,1.17,drive,21.38,front,LIDAR_ONLY
0,54.2905,t1032,LIDAR_ONLY,13.5665,13.5665,15.4758,1.9093,1.9093,12.3375,12.3375,0,0,11.79,1.17,cautious,25.40,front,LIDAR_ONLY
0,54.2905,t1032,LIDAR_ONLY,12.0523,12.0523,15.4758,3.4235,3.4235,22.1217,22.1217,0,0,11.79,1.17,cautious,29.41,front,LIDAR_ONLY
0,54.3508,cam_2,CAM_ONLY,19.1853,,15.4758,3.7095,,23.9694,,0,,10.26,1.14,warning,,,CAMERA_ONLY
0,54.4269,cam_2,CAM_ONLY,19.1862,,15.4758,3.7104,,23.9755,,0,,21.52,1.00,warning,,,CAMERA_ONLY
0,54.5075,cam_2,CAM_ONLY,19.6406,,15.4758,4.1647,,26.9112,,0,,18.33,1.36,warning,,,CAMERA_ONLY
0,54.5650,cam_2,CAM_ONLY,19.2887,,15.4758,3.8128,,24.6372,,0,,10.38,0.99,warning,,,CAMERA_ONLY
0,54.6316,t1040,BOTH,19.2278,10.6145,15.4758,3.7519,4.8614,24.2438,31.4127,0,0,17.04,0.99,warning,,,FULL_ANGLE
0,54.6916,cam_2,CAM_ONLY,19.1943,,15.4758,3.7185,,24.0277,,0,,12.45,1.31,warning,,,CAMERA_ONLY
0,54.6916,t1045,LIDAR_ONLY,14.7175,14.7175,15.4758,0.7584,0.7584,4.9004,4.9004,1,1,12.45,1.31,cautious,22.02,front,LIDAR_ONLY
0,54.6916,t1045,LIDAR_ONLY,13.3165,13.3165,15.4758,2.1593,2.1593,13.9529,13.9529,0,0,12.45,1.31,cautious,26.02,front,LIDAR_ONLY
0,54.6916,t1045,LIDAR_ONLY,13.8222,13.8222,15.4758,1.6536,1.6536,10.6850,10.6850,0,0,12.45,1.31,cautious,18.02,front,LIDAR_ONLY
0,54.7564,cam_2,CAM_ONLY,19.1059,,15.4758,3.6300,,23.4560,,0,,17.28,2.39,warning,,,CAMERA_ONLY
0,54.8231,cam_2,CAM_ONLY,19.1719,,15.4758,3.6961,,23.8830,,0,,9.86,0.90,warning,,,CAMERA_ONLY
0,54.8740,cam_2,CAM_ONLY,19.2932,,15.4758,3.8174,,24.6666,,0,,10.80,0.86,warning,,,CAMERA_ONLY
0,54.9224,cam_2,CAM_ONLY,19.1990,,15.4758,3.7231,,24.0576,,0,,9.66,1.07,warning,,,CAMERA_ONLY
0,54.9810,cam_2,CAM_ONLY,19.2000,,15.4758,3.7242,,24.0644,,0,,8.97,0.80,warning,,,CAMERA_ONLY
0,55.0514,cam_2,CAM_ONLY,19.6555,,15.4758,4.1796,,27.0073,,0,,20.94,2.33,warning,,,CAMERA_ONLY
0,55.1122,cam_2,CAM_ONLY,19.2655,,15.4758,3.7897,,24.4876,,0,,18.22,0.85,warning,,,CAMERA_ONLY
0,55.1716,cam_2,CAM_ONLY,19.3386,,15.4758,3.8628,,24.9601,,0,,10.89,1.17,warning,,,CAMERA_ONLY
0,55.2285,cam_2,CAM_ONLY,19.2516,,15.4758,3.7757,,24.3976,,0,,15.54,0.98,warning,,,CAMERA_ONLY
0,55.2848,t1062,BOTH,19.1592,10.4652,15.4758,3.6834,5.0106,23.8008,32.3769,0,0,10.07,0.90,warning,,,FULL_ANGLE
0,55.2848,t1061,LIDAR_ONLY,21.0874,21.0874,15.4758,5.6115,5.6115,36.2599,36.2599,0,0,10.07,0.90,drive,17.53,front,LIDAR_ONLY
0,55.2848,t1062,LIDAR_ONLY,10.5195,10.5195,15.4758,4.9563,4.9563,32.0262,32.0262,0,0,10.07,0.90,cautious,-2.48,front,LIDAR_ONLY
0,55.2848,t1062,LIDAR_ONLY,10.4241,10.4241,15.4758,5.0518,5.0518,32.6431,32.6431,0,0,10.07,0.90,cautious,5.53,front,LIDAR_ONLY
0,55.3480,cam_2,CAM_ONLY,19.2498,,15.4758,3.7739,,24.3860,,0,,9.59,0.93,warning,,,CAMERA_ONLY
0,55.4079,cam_2,CAM_ONLY,19.1916,,15.4758,3.7158,,24.0100,,0,,15.43,1.27,warning,,,CAMERA_ONLY
0,55.4719,cam_2,CAM_ONLY,19.2375,,15.4758,3.7617,,24.3069,,0,,16.83,1.31,warning,,,CAMERA_ONLY
0,55.5306,cam_2,CAM_ONLY,19.2365,,15.4758,3.7606,,24.2999,,0,,9.77,1.24,warning,,,CAMERA_ONLY
0,55.5913,t1076,BOTH,19.2204,25.4381,15.4758,3.7445,9.9622,24.1961,64.3727,0,0,17.25,1.29,warning,,,FULL_ANGLE
0,55.5913,t1075,LIDAR_ONLY,12.9575,12.9575,15.4758,2.5184,2.5184,16.2730,16.2730,0,0,17.25,1.29,cautious,24.33,front,LIDAR_ONLY
0,55.5913,t1075,LIDAR_ONLY,11.5393,11.5393,15.4758,3.9366,3.9366,25.4368,25.4368,0,0,17.25,1.29,cautious,28.58,front,LIDAR_ONLY
0,55.5913,t1076,LIDAR_ONLY,20.6235,20.6235,15.4758,5.1477,5.1477,33.2627,33.2627,0,0,17.25,1.29,drive,20.09,front,LIDAR_ONLY
0,55.6534,cam_2,CAM_ONLY,19.2957,,15.4758,3.8198,,24.6825,,0,,12.71,1.23,warning,,,CAMERA_ONLY
0,55.7097,cam_2,CAM_ONLY,19.2598,,15.4758,3.7839,,24.4505,,0,,9.98,1.07,warning,,,CAMERA_ONLY
0,55.7634,cam_2,CAM_ONLY,19.6836,,15.4758,4.2078,,27.1892,,0,,10.92,1.16,warning,,,CAMERA_ONLY
0,55.8217,cam_2,CAM_ONLY,19.2128,,15.4758,3.7370,,24.1471,,0,,14.34,1.09,warning,,,CAMERA_ONLY
0,55.8848,t1086,BOTH,19.2922,10.5175,15.4758,3.8164,4.9583,24.6603,32.0391,0,0,14.39,1.01,warning,,,FULL_ANGLE
0,55.8848,t1084,LIDAR_ONLY,13.9510,13.9510,15.4758,1.5248,1.5248,9.8531,9.8531,0,0,14.39,1.01,cautious,22.95,front,LIDAR_ONLY
0,55.8848,t1084,LIDAR_ONLY,12.9025,12.9025,15.4758,2.5734,2.5734,16.6284,16.6284,0,0,14.39,1.01,cautious,27.12,front,LIDAR_ONLY
0,55.8848,t1086,LIDAR_ONLY,10.4765,10.4765,15.4758,4.9993,4.9993,32.3039,32.3039,0,0,14.39,1.01,cautious,6.28,front,LIDAR_ONLY
0,55.9378,t1086,BOTH,19.2251,10.4581,15.4758,3.7493,5.0177,24.2266,32.4228,0,0,10.44,1.16,warning,,,FULL_ANGLE
0,55.9378,t1084,LIDAR_ONLY,12.1697,12.1697,15.4758,3.3061,3.3061,21.3630,21.3630,0,0,10.44,1.16,cautious,28.45,front,LIDAR_ONLY
0,55.9378,t1084,LIDAR_ONLY,12.4555,12.4555,15.4758,3.0204,3.0204,19.5167,19.5167,0,0,10.44,1.16,cautious,20.12,front,LIDAR_ONLY
0,55.9378,t1084,LIDAR_ONLY,12.6485,12.6485,15.4758,2.8273,2.8273,18.2692,18.2692,0,0,10.44,1.16,cautious,24.29,front,LIDAR_ONLY
0,55.9378,t1087,LIDAR_ONLY,10.6016,10.6016,15.4758,4.8742,4.8742,31.4958,31.4958,0,0,10.44,1.16,cautious,-4.85,front,LIDAR_ONLY
0,55.9378,t1086,LIDAR_ONLY,10.4514,10.4514,15.4758,5.0244,5.0244,32.4662,32.4662,0,0,10.44,1.16,cautious,3.48,front,LIDAR_ONLY
0,55.9927,cam_2,CAM_ONLY,19.6651,,15.4758,4.1892,,27.0696,,0,,9.95,1.14,warning,,,CAMERA_ONLY
0,55.9927,t1084,LIDAR_ONLY,12.6889,12.6889,15.4758,2.7869,2.7869,18.0081,18.0081,0,0,9.95,1.14,cautious,24.75,front,LIDAR_ONLY
0,55.9927,t1084,LIDAR_ONLY,12.5248,12.5248,15.4758,2.9511,2.9511,19.0689,19.0689,0,0,9.95,1.14,cautious,28.82,front,LIDAR_ONLY
0,56.0536,cam_2,CAM_ONLY,19.1972,,15.4758,3.7214,,24.0464,,0,,11.00,1.15,warning,,,CAMERA_ONLY
0,56.1116,cam_2,CAM_ONLY,19.2760,,15.4758,3.8001,,24.5552,,0,,14.16,1.15,warning,,,CAMERA_ONLY
0,56.1662,cam_2,CAM_ONLY,19.2093,,15.4758,3.7335,,24.1245,,0,,9.96,0.78,warning,,,CAMERA_ONLY
0,56.2262,cam_2,CAM_ONLY,19.2649,,15.4758,3.7890,,24.4834,,0,,12.33,1.22,warning,,,CAMERA_ONLY
0,56.2942,t1099,BOTH,19.3857,10.5495,15.4758,3.9098,4.9263,25.2640,31.8323,0,0,19.52,1.57,warning,,,FULL_ANGLE
0,56.2942,t1098,LIDAR_ONLY,13.1352,13.1352,15.4758,2.3406,2.3406,15.1243,15.1243,0,0,19.52,1.57,cautious,24.07,front,LIDAR_ONLY
0,56.2942,t1098,LIDAR_ONLY,14.4742,14.4742,15.4758,1.0016,1.0016,6.4723,6.4723,0,0,19.52,1.57,cautious,15.94,front,LIDAR_ONLY
0,56.2942,t1098,LIDAR_ONLY,15.3429,15.3429,15.4758,0.1329,0.1329,0.8591,0.8591,1,1,19.52,1.57,cautious,20.00,front,LIDAR_ONLY
0,56.2942,t1098,LIDAR_ONLY,15.4558,15.4558,15.4758,0.0200,0.0200,0.1293,0.1293,1,1,19.52,1.57,cautious,28.14,front,LIDAR_ONLY
0,56.2942,t1099,LIDAR_ONLY,10.5350,10.5350,15.4758,4.9408,4.9408,31.9261,31.9261,0,0,19.52,1.57,cautious,3.73,front,LIDAR_ONLY
0,56.2942,t1099,LIDAR_ONLY,10.5361,10.5361,15.4758,4.9398,4.9398,31.9192,31.9192,0,0,19.52,1.57,cautious,-4.40,front,LIDAR_ONLY
0,56.3541,cam_2,CAM_ONLY,19.3784,,15.4758,3.9026,,25.2173,,0,,11.53,1.36,warning,,,CAMERA_ONLY
0,56.4033,cam_2,CAM_ONLY,19.2310,,15.4758,3.7552,,24.2647,,0,,9.11,1.09,warning,,,CAMERA_ONLY
0,56.4545,cam_2,CAM_ONLY,19.2865,,15.4758,3.8107,,24.6234,,0,,9.94,1.30,warning,,,CAMERA_ONLY
0,56.5139,cam_2,CAM_ONLY,19.2174,,15.4758,3.7416,,24.1771,,0,,15.80,0.86,warning,,,CAMERA_ONLY
0,56.5719,cam_2,CAM_ONLY,19.2725,,15.4758,3.7967,,24.5331,,0,,10.80,1.10,warning,,,CAMERA_ONLY
0,56.6313,cam_2,CAM_ONLY,19.2342,,15.4758,3.7584,,24.2854,,0,,8.90,0.87,warning,,,CAMERA_ONLY
0,56.7060,t1112,BOTH,19.7788,10.4493,15.4758,4.3030,5.0265,27.8043,32.4798,0,0,12.75,1.09,warning,,,FULL_ANGLE
0,56.7060,t1111,LIDAR_ONLY,11.0449,11.0449,15.4758,4.4309,4.4309,28.6310,28.6310,0,0,12.75,1.09,cautious,27.74,front,LIDAR_ONLY
0,56.7060,t1112,LIDAR_ONLY,10.4426,10.4426,15.4758,5.0332,5.0332,32.5230,32.5230,0,0,12.75,1.09,cautious,6.48,front,LIDAR_ONLY
0,56.7060,t1111,LIDAR_ONLY,11.4174,11.4174,15.4758,4.0584,4.0584,26.2242,26.2242,0,0,12.75,1.09,cautious,23.49,front,LIDAR_ONLY
0,56.7060,t1112,LIDAR_ONLY,10.4529,10.4529,15.4758,5.0229,5.0229,32.4565,32.4565,0,0,12.75,1.09,cautious,-2.03,front,LIDAR_ONLY
0,56.7621,cam_2,CAM_ONLY,19.3831,,15.4758,3.9073,,25.2476,,0,,11.51,0.82,warning,,,CAMERA_ONLY
0,56.8180,cam_2,CAM_ONLY,19.9317,,15.4758,4.4558,,28.7921,,0,,13.59,0.99,warning,,,CAMERA_ONLY
0,56.8842,t1112,BOTH,19.3435,10.4579,15.4758,3.8677,5.0179,24.9916,32.4243,0,0,15.40,1.15,warning,,,FULL_ANGLE
0,56.8842,t1111,LIDAR_ONLY,12.5515,12.5515,15.4758,2.9244,2.9244,18.8965,18.8965,0,0,15.40,1.15,cautious,17.51,front,LIDAR_ONLY
0,56.8842,t1111,LIDAR_ONLY,13.3375,13.3375,15.4758,2.1384,2.1384,13.8174,13.8174,0,0,15.40,1.15,cautious,21.62,front,LIDAR_ONLY
0,56.8842,t1112,LIDAR_ONLY,10.4569,10.4569,15.4758,5.0190,5.0190,32.4311,32.4311,0,0,15.40,1.15,cautious,-3.01,front,LIDAR_ONLY
0,56.8842,t1112,LIDAR_ONLY,10.4646,10.4646,15.4758,5.0112,5.0112,32.3811,32.3811,0,0,15.40,1.15,cautious,5.20,front,LIDAR_ONLY
0,56.9485,cam_2,CAM_ONLY,19.8254,,15.4758,4.3495,,28.1052,,0,,14.84,0.97,warning,,,CAMERA_ONLY
0,57.0153,cam_2,CAM_ONLY,19.2567,,15.4758,3.7809,,24.4308,,0,,16.20,0.87,warning,,,CAMERA_ONLY
0,57.0749,cam_2,CAM_ONLY,19.3466,,15.4758,3.8708,,25.0116,,0,,15.58,1.03,warning,,,CAMERA_ONLY
0,57.1426,t1123,BOTH,19.3663,10.5388,15.4758,3.8904,4.9371,25.1388,31.9019,0,0,15.53,1.26,warning,,,FULL_ANGLE
0,57.1426,t1122,LIDAR_ONLY,14.4262,14.4262,15.4758,1.0497,1.0497,6.7828,6.7828,0,0,15.53,1.26,cautious,22.36,front,LIDAR_ONLY
0,57.1426,t1122,LIDAR_ONLY,13.0369,13.0369,15.4758,2.4390,2.4390,15.7599,15.7599,0,0,15.53,1.26,cautious,26.51,front,LIDAR_ONLY
0,57.1426,t1123,LIDAR_ONLY,10.5996,10.5996,15.4758,4.8763,4.8763,31.5088,31.5088,0,0,15.53,1.26,cautious,-2.52,front,LIDAR_ONLY
0,57.1426,t1123,LIDAR_ONLY,10.4872,10.4872,15.4758,4.9886,4.9886,32.2349,32.2349,0,0,15.53,1.26,cautious,5.77,front,LIDAR_ONLY
0,57.2037,cam_2,CAM_ONLY,19.8296,,15.4758,4.3538,,28.1329,,0,,13.78,1.15,warning,,,CAMERA_ONLY
0,57.2673,cam_2,CAM_ONLY,19.4603,,15.4758,3.9844,,25.7462,,0,,18.69,1.09,warning,,,CAMERA_ONLY
0,57.3327,cam_2,CAM_ONLY,19.3692,,15.4758,3.8934,,25.1578,,0,,15.60,1.50,warning,,,CAMERA_ONLY
0,57.4131,cam_2,CAM_ONLY,19.2043,,15.4758,3.7284,,24.0920,,0,,23.65,1.02,warning,,,CAMERA_ONLY
0,57.4799,t1130,BOTH,19.1939,10.4051,15.4758,3.7180,5.0708,24.0248,32.7657,0,0,14.57,0.78,warning,,,FULL_ANGLE
0,57.5362,t1130,BOTH,19.1821,10.4222,15.4758,3.7063,5.0536,23.9488,32.6547,0,0,13.22,0.94,warning,,,FULL_ANGLE
0,57.5362,t1131,LIDAR_ONLY,11.2202,11.2202,15.4758,4.2557,4.2557,27.4987,27.4987,0,0,13.22,0.94,cautious,27.38,front,LIDAR_ONLY
0,57.5362,t1131,LIDAR_ONLY,11.5986,11.5986,15.4758,3.8773,3.8773,25.0537,25.0537,0,0,13.22,0.94,cautious,23.20,front,LIDAR_ONLY
0,57.5362,t1130,LIDAR_ONLY,10.4170,10.4170,15.4758,5.0588,5.0588,32.6886,32.6886,0,0,13.22,0.94,cautious,-1.87,front,LIDAR_ONLY
0,57.5362,t1130,LIDAR_ONLY,10.4096,10.4096,15.4758,5.0663,5.0663,32.7365,32.7365,0,0,13.22,0.94,cautious,6.49,front,LIDAR_ONLY
0,57.6026,cam_2,CAM_ONLY,19.2062,,15.4758,3.7303,,24.1042,,0,,17.72,1.10,warning,,,CAMERA_ONLY
0,57.6632,cam_2,CAM_ONLY,19.2350,,15.4758,3.7592,,24.2905,,0,,12.41,0.79,warning,,,CAMERA_ONLY
0,57.7299,cam_2,CAM_ONLY,19.3506,,15.4758,3.8747,,25.0373,,0,,20.15,0.83,warning,,,CAMERA_ONLY
0,57.7892,cam_2,CAM_ONLY,19.3657,,15.4758,3.8898,,25.1349,,0,,9.22,1.27,warning,,,CAMERA_ONLY
0,57.7892,t1135,LIDAR_ONLY,10.9152,10.9152,15.4758,4.5606,4.5606,29.4693,29.4693,0,0,9.22,1.27,cautious,28.02,front,LIDAR_ONLY
0,57.7892,t1135,LIDAR_ONLY,11.1894,11.1894,15.4758,4.2865,4.2865,27.6978,27.6978,0,0,9.22,1.27,cautious,23.95,front,LIDAR_ONLY
0,57.8439,cam_2,CAM_ONLY,19.2513,,15.4758,3.7755,,24.3959,,0,,10.49,0.98,warning,,,CAMERA_ONLY
0,57.9017,cam_2,CAM_ONLY,19.6801,,15.4758,4.2042,,27.1664,,0,,14.28,1.08,warning,,,CAMERA_ONLY
0,57.9623,cam_2,CAM_ONLY,19.2943,,15.4758,3.8184,,24.6734,,0,,15.10,1.02,warning,,,CAMERA_ONLY
0,58.0171,cam_2,CAM_ONLY,19.2955,,15.4758,3.8196,,24.6813,,0,,14.67,0.90,warning,,,CAMERA_ONLY
0,58.0826,t1140,BOTH,19.2523,10.5675,15.4758,3.7764,4.9083,24.4022,31.7161,0,0,12.75,0.94,warning,,,FULL_ANGLE
0,58.0826,t1140,LIDAR_ONLY,10.6268,10.6268,15.4758,4.8491,4.8491,31.3332,31.3332,0,0,12.75,0.94,cautious,-2.17,front,LIDAR_ONLY
0,58.0826,t1140,LIDAR_ONLY,10.5241,10.5241,15.4758,4.9518,4.9518,31.9969,31.9969,0,0,12.75,0.94,cautious,5.95,front,LIDAR_ONLY
0,58.1657,cam_2,CAM_ONLY,19.3492,,15.4758,3.8734,,25.0284,,0,,19.76,0.89,warning,,,CAMERA_ONLY
0,58.2225,cam_2,CAM_ONLY,19.2226,,15.4758,3.7468,,24.2103,,0,,14.08,0.92,warning,,,CAMERA_ONLY
0,58.2863,t1140,BOTH,19.6194,10.5175,15.4758,4.1436,4.9583,26.7747,32.0393,0,0,15.96,1.04,warning,,,FULL_ANGLE
0,58.2863,t1144,LIDAR_ONLY,12.1021,12.1021,15.4758,3.3738,3.3738,21.8002,21.8002,0,0,15.96,1.04,cautious,25.72,front,LIDAR_ONLY
0,58.2863,t1144,LIDAR_ONLY,12.9756,12.9756,15.4758,2.5002,2.5002,16.1557,16.1557,0,0,15.96,1.04,cautious,17.61,front,LIDAR_ONLY
0,58.2863,t1144,LIDAR_ONLY,13.5888,13.5888,15.4758,1.8871,1.8871,12.1936,12.1936,0,0,15.96,1.04,cautious,21.66,front,LIDAR_ONLY
0,58.2863,t1144,LIDAR_ONLY,13.7409,13.7409,15.4758,1.7349,1.7349,11.2106,11.2106,0,0,15.96,1.04,cautious,29.77,front,LIDAR_ONLY
0,58.2863,t1140,LIDAR_ONLY,10.4975,10.4975,15.4758,4.9783,4.9783,32.1684,32.1684,0,0,15.96,1.04,cautious,5.45,front,LIDAR_ONLY
0,58.3408,t1140,BOTH,19.5597,10.4597,15.4758,4.0838,5.0162,26.3885,32.4129,0,0,12.28,1.17,warning,,,FULL_ANGLE
0,58.3408,t1144,LIDAR_ONLY,12.6027,12.6027,15.4758,2.8732,2.8732,18.5655,18.5655,0,0,12.28,1.17,cautious,29.56,front,LIDAR_ONLY
0,58.3408,t1144,LIDAR_ONLY,12.6257,12.6257,15.4758,2.8502,2.8502,18.4170,18.4170,0,0,12.28,1.17,cautious,25.57,front,LIDAR_ONLY
0,58.3408,t1144,LIDAR_ONLY,12.0689,12.0689,15.4758,3.4070,3.4070,22.0148,22.0148,0,0,12.28,1.17,cautious,21.58,front,LIDAR_ONLY
0,58.3987,cam_2,CAM_ONLY,19.2096,,15.4758,3.7338,,24.1264,,0,,9.68,1.26,warning,,,CAMERA_ONLY
0,58.3987,t1144,LIDAR_ONLY,11.2330,11.2330,15.4758,4.2428,4.2428,27.4159,27.4159,0,0,9.68,1.26,cautious,29.63,front,LIDAR_ONLY
0,58.4527,cam_2,CAM_ONLY,19.1835,,15.4758,3.7077,,23.9578,,0,,11.19,1.20,warning,,,CAMERA_ONLY
0,58.5161,cam_2,CAM_ONLY,19.1688,,15.4758,3.6930,,23.8627,,0,,18.41,0.91,warning,,,CAMERA_ONLY
0,58.5787,cam_2,CAM_ONLY,19.5966,,15.4758,4.1208,,26.6272,,0,,15.57,0.74,warning,,,CAMERA_ONLY
0,58.6294,cam_2,CAM_ONLY,19.2328,,15.4758,3.7570,,24.2763,,0,,9.40,0.78,warning,,,CAMERA_ONLY
0,58.6833,t1157,BOTH,19.2821,10.5952,15.4758,3.8062,4.8806,24.5946,31.5371,0,0,9.04,0.99,warning,,,FULL_ANGLE
0,58.7316,cam_2,CAM_ONLY,19.2259,,15.4758,3.7501,,24.2319,,0,,9.02,0.69,warning,,,CAMERA_ONLY
0,58.7867,t1157,BOTH,19.7530,10.5659,15.4758,4.2772,4.9100,27.6377,31.7268,0,0,9.19,0.91,warning,,,FULL_ANGLE
0,58.7867,t1158,LIDAR_ONLY,19.0214,19.0214,15.4758,3.5455,3.5455,22.9101,22.9101,0,0,9.19,0.91,drive,18.63,front,LIDAR_ONLY
0,58.7867,t1157,LIDAR_ONLY,10.6027,10.6027,15.4758,4.8732,4.8732,31.4890,31.4890,0,0,9.19,0.91,cautious,-1.76,front,LIDAR_ONLY
0,58.8426,cam_2,CAM_ONLY,19.3824,,15.4758,3.9065,,25.2427,,0,,10.96,1.12,warning,,,CAMERA_ONLY
0,58.8426,t1158,LIDAR_ONLY,14.3702,14.3702,15.4758,1.1056,1.1056,7.1441,7.1441,0,0,10.96,1.12,cautious,26.56,front,LIDAR_ONLY
0,58.9089,cam_2,CAM_ONLY,19.8892,,15.4758,4.4134,,28.5179,,0,,20.30,0.89,warning,,,CAMERA_ONLY
0,58.9820,t1157,BOTH,19.1771,10.5491,15.4758,3.7013,4.9268,23.9166,31.8352,0,0,21.69,1.11,warning,,,FULL_ANGLE
0,59.0507,cam_2,CAM_ONLY,19.2259,,15.4758,3.7501,,24.2317,,0,,16.66,1.17,warning,,,CAMERA_ONLY
0,59.1140,cam_2,CAM_ONLY,19.6740,,15.4758,4.1981,,27.1270,,0,,16.37,1.06,warning,,,CAMERA_ONLY
0,59.1664,cam_2,CAM_ONLY,19.3253,,15.4758,3.8494,,24.8737,,0,,13.75,0.88,warning,,,CAMERA_ONLY
0,59.2294,cam_2,CAM_ONLY,19.3485,,15.4758,3.8727,,25.0241,,0,,13.12,0.82,warning,,,CAMERA_ONLY
0,59.2948,cam_2,CAM_ONLY,19.2459,,15.4758,3.7700,,24.3606,,0,,17.27,1.31,warning,,,CAMERA_ONLY
0,59.3627,cam_2,CAM_ONLY,19.2112,,15.4758,3.7354,,24.1368,,0,,20.06,2.24,warning,,,CAMERA_ONLY
0,59.4156,cam_2,CAM_ONLY,19.7430,,15.4758,4.2672,,27.5733,,0,,12.65,0.87,warning,,,CAMERA_ONLY
0,59.4798,cam_2,CAM_ONLY,19.2707,,15.4758,3.7949,,24.5214,,0,,17.48,0.81,warning,,,CAMERA_ONLY
0,59.5516,cam_2,CAM_ONLY,19.3142,,15.4758,3.8384,,24.8025,,0,,22.11,1.77,warning,,,CAMERA_ONLY
0,59.6033,cam_2,CAM_ONLY,19.2094,,15.4758,3.7336,,24.1251,,0,,8.86,1.15,warning,,,CAMERA_ONLY
0,59.6603,cam_2,CAM_ONLY,19.3407,,15.4758,3.8648,,24.9733,,0,,13.17,0.84,warning,,,CAMERA_ONLY
0,59.7166,cam_2,CAM_ONLY,19.2009,,15.4758,3.7251,,24.0701,,0,,11.23,0.91,warning,,,CAMERA_ONLY
0,59.7725,cam_2,CAM_ONLY,19.5790,,15.4758,4.1032,,26.5135,,0,,12.10,0.98,warning,,,CAMERA_ONLY
0,59.8288,cam_2,CAM_ONLY,19.2669,,15.4758,3.7911,,24.4966,,0,,11.92,0.92,warning,,,CAMERA_ONLY
0,59.8826,t1183,BOTH,19.2952,10.5431,15.4758,3.8194,4.9328,24.6797,31.8740,0,0,10.06,0.81,warning,,,FULL_ANGLE
0,59.9371,t1183,BOTH,19.2519,10.4531,15.4758,3.7761,5.0227,24.4000,32.4551,0,0,9.41,1.05,warning,,,FULL_ANGLE
0,59.9371,t1184,LIDAR_ONLY,14.7571,14.7571,15.4758,0.7188,0.7188,4.6444,4.6444,1,1,9.41,1.05,cautious,21.97,front,LIDAR_ONLY
0,59.9371,t1184,LIDAR_ONLY,13.3061,13.3061,15.4758,2.1698,2.1698,14.0204,14.0204,0,0,9.41,1.05,cautious,26.12,front,LIDAR_ONLY
0,59.9371,t1184,LIDAR_ONLY,13.7339,13.7339,15.4758,1.7419,1.7419,11.2558,11.2558,0,0,9.41,1.05,cautious,17.82,front,LIDAR_ONLY
0,59.9371,t1183,LIDAR_ONLY,10.4474,10.4474,15.4758,5.0284,5.0284,32.4921,32.4921,0,0,9.41,1.05,cautious,5.37,front,LIDAR_ONLY
0,59.9880,t1183,BOTH,19.5879,10.4478,15.4758,4.1120,5.0281,26.5706,32.4899,0,0,9.37,1.01,warning,,,FULL_ANGLE
0,59.9880,t1184,LIDAR_ONLY,13.9454,13.9454,15.4758,1.5305,1.5305,9.8895,9.8895,0,0,9.37,1.01,cautious,22.95,front,LIDAR_ONLY
0,59.9880,t1184,LIDAR_ONLY,13.9003,13.9003,15.4758,1.5755,1.5755,10.1807,10.1807,0,0,9.37,1.01,cautious,27.12,front,LIDAR_ONLY
0,59.9880,t1183,LIDAR_ONLY,10.4411,10.4411,15.4758,5.0347,5.0347,32.5328,32.5328,0,0,9.37,1.01,cautious,6.28,front,LIDAR_ONLY
0,60.0448,cam_2,CAM_ONLY,19.2973,,15.4758,3.8215,,24.6931,,0,,15.66,1.40,warning,,,CAMERA_ONLY
0,60.0448,t1184,LIDAR_ONLY,12.9238,12.9238,15.4758,2.5521,2.5521,16.4908,16.4908,0,0,15.66,1.40,cautious,29.01,front,LIDAR_ONLY
0,60.1026,cam_2,CAM_ONLY,19.2776,,15.4758,3.8018,,24.5660,,0,,11.66,1.15,warning,,,CAMERA_ONLY
0,60.1607,cam_2,CAM_ONLY,19.2785,,15.4758,3.8027,,24.5715,,0,,16.83,0.90,warning,,,CAMERA_ONLY
0,60.2241,cam_2,CAM_ONLY,19.5654,,15.4758,4.0895,,26.4254,,0,,18.85,1.35,warning,,,CAMERA_ONLY
0,60.3031,cam_2,CAM_ONLY,19.6203,,15.4758,4.1445,,26.7801,,0,,14.18,1.41,warning,,,CAMERA_ONLY
0,60.3727,cam_2,CAM_ONLY,19.1341,,15.4758,3.6583,,23.6388,,0,,19.94,1.03,warning,,,CAMERA_ONLY
0,60.4313,cam_2,CAM_ONLY,19.2357,,15.4758,3.7598,,24.2949,,0,,15.48,1.01,warning,,,CAMERA_ONLY
0,60.4903,cam_2,CAM_ONLY,19.2037,,15.4758,3.7278,,24.0879,,0,,11.22,1.07,warning,,,CAMERA_ONLY
0,60.5495,cam_2,CAM_ONLY,19.4525,,15.4758,3.9766,,25.6956,,0,,13.22,1.14,warning,,,CAMERA_ONLY
0,60.6108,cam_2,CAM_ONLY,19.2331,,15.4758,3.7572,,24.2780,,0,,14.67,0.88,warning,,,CAMERA_ONLY
0,60.6660,cam_2,CAM_ONLY,19.2677,,15.4758,3.7919,,24.5017,,0,,10.95,0.87,warning,,,CAMERA_ONLY
0,60.7309,cam_2,CAM_ONLY,19.2134,,15.4758,3.7375,,24.1507,,0,,13.04,0.84,warning,,,CAMERA_ONLY
0,60.7992,cam_2,CAM_ONLY,19.2211,,15.4758,3.7453,,24.2008,,0,,20.95,1.30,warning,,,CAMERA_ONLY
0,60.7992,t1206,LIDAR_ONLY,10.4384,10.4384,15.4758,5.0374,5.0374,32.5501,32.5501,0,0,20.95,1.30,cautious,29.13,front,LIDAR_ONLY
0,60.7992,t1206,LIDAR_ONLY,10.6032,10.6032,15.4758,4.8726,4.8726,31.4855,31.4855,0,0,20.95,1.30,cautious,25.09,front,LIDAR_ONLY
0,60.8545,cam_2,CAM_ONLY,19.6554,,15.4758,4.1796,,27.0073,,0,,14.55,1.17,warning,,,CAMERA_ONLY
0,60.9203,cam_2,CAM_ONLY,19.2387,,15.4758,3.7628,,24.3142,,0,,13.95,1.74,warning,,,CAMERA_ONLY
0,60.9773,cam_2,CAM_ONLY,19.3086,,15.4758,3.8327,,24.7658,,0,,16.72,0.76,warning,,,CAMERA_ONLY
0,61.0346,t1210,BOTH,19.1490,10.5805,15.4758,3.6731,4.8953,23.7345,31.6319,0,0,12.16,0.98,warning,,,FULL_ANGLE
0,61.0346,t1209,LIDAR_ONLY,11.3292,11.3292,15.4758,4.1467,4.1467,26.7945,26.7945,0,0,12.16,0.98,cautious,27.16,front,LIDAR_ONLY
0,61.0346,t1209,LIDAR_ONLY,12.1406,12.1406,15.4758,3.3352,3.3352,21.5512,21.5512,0,0,12.16,0.98,cautious,18.71,front,LIDAR_ONLY
0,61.0346,t1209,LIDAR_ONLY,12.7004,12.7004,15.4758,2.7755,2.7755,17.9342,17.9342,0,0,12.16,0.98,cautious,22.94,front,LIDAR_ONLY
0,61.0346,t1210,LIDAR_ONLY,10.6739,10.6739,15.4758,4.8019,4.8019,31.0285,31.0285,0,0,12.16,0.98,cautious,-2.41,front,LIDAR_ONLY
0,61.0346,t1210,LIDAR_ONLY,10.5292,10.5292,15.4758,4.9467,4.9467,31.9639,31.9639,0,0,12.16,0.98,cautious,6.04,front,LIDAR_ONLY
0,61.0972,cam_2,CAM_ONLY,19.1788,,15.4758,3.7029,,23.9272,,0,,11.86,1.01,warning,,,CAMERA_ONLY
0,61.1580,cam_2,CAM_ONLY,19.2293,,15.4758,3.7535,,24.2537,,0,,14.60,2.34,warning,,,CAMERA_ONLY
0,61.2182,cam_2,CAM_ONLY,19.2880,,15.4758,3.8122,,24.6331,,0,,15.51,1.00,warning,,,CAMERA_ONLY
0,61.2780,cam_2,CAM_ONLY,19.3345,,15.4758,3.8587,,24.9335,,0,,13.01,0.83,warning,,,CAMERA_ONLY
0,61.3464,cam_2,CAM_ONLY,19.3678,,15.4758,3.8920,,25.1486,,0,,19.80,1.97,warning,,,CAMERA_ONLY
0,61.4091,cam_2,CAM_ONLY,19.3881,,15.4758,3.9123,,25.2800,,0,,17.28,1.27,warning,,,CAMERA_ONLY
0,61.4716,cam_2,CAM_ONLY,19.2855,,15.4758,3.8096,,24.6167,,0,,13.91,1.15,warning,,,CAMERA_ONLY
0,61.5351,t1223,BOTH,19.2307,10.4442,15.4758,3.7549,5.0317,24.2627,32.5131,0,0,14.97,1.10,warning,,,FULL_ANGLE
0,61.5351,t1222,LIDAR_ONLY,10.5871,10.5871,15.4758,4.8887,4.8887,31.5894,31.5894,0,0,14.97,1.10,cautious,28.78,front,LIDAR_ONLY
0,61.5351,t1222,LIDAR_ONLY,11.3364,11.3364,15.4758,4.1395,4.1395,26.7478,26.7478,0,0,14.97,1.10,cautious,20.49,front,LIDAR_ONLY
0,61.5351,t1223,LIDAR_ONLY,10.3915,10.3915,15.4758,5.0844,5.0844,32.8535,32.8535,0,0,14.97,1.10,cautious,3.90,front,LIDAR_ONLY
0,61.5351,t1223,LIDAR_ONLY,10.4165,10.4165,15.4758,5.0594,5.0594,32.6922,32.6922,0,0,14.97,1.10,cautious,-4.39,front,LIDAR_ONLY
0,61.5932,cam_2,CAM_ONLY,19.2140,,15.4758,3.7382,,24.1551,,0,,8.98,0.99,warning,,,CAMERA_ONLY
0,61.6478,cam_2,CAM_ONLY,19.3721,,15.4758,3.8963,,25.1766,,0,,9.66,1.21,warning,,,CAMERA_ONLY
0,61.7194,cam_2,CAM_ONLY,19.2317,,15.4758,3.7558,,24.2689,,0,,15.90,1.24,warning,,,CAMERA_ONLY
0,61.7812,cam_2,CAM_ONLY,19.3626,,15.4758,3.8868,,25.1153,,0,,14.26,0.92,warning,,,CAMERA_ONLY
0,61.8556,cam_2,CAM_ONLY,19.3906,,15.4758,3.9148,,25.2961,,0,,15.06,1.40,warning,,,CAMERA_ONLY
0,61.9119,cam_2,CAM_ONLY,19.2837,,15.4758,3.8078,,24.6050,,0,,11.83,0.91,warning,,,CAMERA_ONLY
0,61.9723,cam_2,CAM_ONLY,19.7540,,15.4758,4.2782,,27.6442,,0,,14.34,1.28,warning,,,CAMERA_ONLY
0,62.0310,t1234,BOTH,19.8054,10.5768,15.4758,4.3296,4.8991,27.9765,31.6562,0,0,15.23,1.24,warning,,,FULL_ANGLE
0,62.0310,t1234,LIDAR_ONLY,10.5092,10.5092,15.4758,4.9667,4.9667,32.0929,32.0929,0,0,15.23,1.24,cautious,6.57,front,LIDAR_ONLY
0,62.0899,t1234,BOTH,19.3345,10.5305,15.4758,3.8586,4.9454,24.9332,31.9554,0,0,18.88,0.94,warning,,,FULL_ANGLE
0,62.0899,t1234,LIDAR_ONLY,10.5204,10.5204,15.4758,4.9555,4.9555,32.0208,32.0208,0,0,18.88,0.94,cautious,-3.26,front,LIDAR_ONLY
0,62.0899,t1234,LIDAR_ONLY,10.5251,10.5251,15.4758,4.9507,4.9507,31.9899,31.9899,0,0,18.88,0.94,cautious,4.75,front,LIDAR_ONLY
0,62.1485,cam_2,CAM_ONLY,19.2723,,15.4758,3.7965,,24.5318,,0,,15.17,1.06,warning,,,CAMERA_ONLY
0,62.2047,cam_2,CAM_ONLY,19.3391,,15.4758,3.8632,,24.9629,,0,,12.52,1.15,warning,,,CAMERA_ONLY
0,62.2667,cam_2,CAM_ONLY,19.6442,,15.4758,4.1684,,26.9348,,0,,15.66,0.99,warning,,,CAMERA_ONLY
0,62.3293,cam_2,CAM_ONLY,19.3069,,15.4758,3.8311,,24.7554,,0,,17.25,0.96,warning,,,CAMERA_ONLY
0,62.4001,cam_2,CAM_ONLY,19.3565,,15.4758,3.8807,,25.0757,,0,,17.23,1.14,warning,,,CAMERA_ONLY
0,62.4599,cam_2,CAM_ONLY,19.3112,,15.4758,3.8353,,24.7827,,0,,17.16,1.02,warning,,,CAMERA_ONLY
0,62.5191,cam_2,CAM_ONLY,19.2241,,15.4758,3.7482,,24.2198,,0,,14.06,1.00,warning,,,CAMERA_ONLY
0,62.5805,cam_2,CAM_ONLY,19.1963,,15.4758,3.7204,,24.0402,,0,,13.12,0.71,warning,,,CAMERA_ONLY
0,62.6379,t1249,BOTH,19.2073,10.5069,15.4758,3.7314,4.9690,24.1113,32.1079,0,0,13.32,0.96,warning,,,FULL_ANGLE
0,62.6379,t1248,LIDAR_ONLY,11.5807,11.5807,15.4758,3.8951,3.8951,25.1691,25.1691,0,0,13.32,0.96,cautious,26.67,front,LIDAR_ONLY
0,62.6379,t1248,LIDAR_ONLY,11.8032,11.8032,15.4758,3.6726,3.6726,23.7313,23.7313,0,0,13.32,0.96,cautious,22.48,front,LIDAR_ONLY
0,62.6379,t1249,LIDAR_ONLY,10.5243,10.5243,15.4758,4.9516,4.9516,31.9954,31.9954,0,0,13.32,0.96,cautious,-2.63,front,LIDAR_ONLY
0,62.6994,cam_2,CAM_ONLY,19.2672,,15.4758,3.7914,,24.4989,,0,,15.03,0.97,warning,,,CAMERA_ONLY
0,62.7673,cam_2,CAM_ONLY,19.2255,,15.4758,3.7497,,24.2291,,0,,16.70,1.11,warning,,,CAMERA_ONLY
0,62.8185,cam_2,CAM_ONLY,19.3242,,15.4758,3.8484,,24.8668,,0,,8.93,1.08,warning,,,CAMERA_ONLY
0,62.8763,cam_2,CAM_ONLY,19.2222,,15.4758,3.7464,,24.2079,,0,,14.53,0.71,warning,,,CAMERA_ONLY
0,62.9384,t1260,BOTH,19.2157,10.4711,15.4758,3.7398,5.0047,24.1656,32.3391,0,0,17.41,1.26,warning,,,FULL_ANGLE
0,62.9384,t1259,LIDAR_ONLY,14.4596,14.4596,15.4758,1.0162,1.0162,6.5666,6.5666,0,0,17.41,1.26,cautious,22.32,front,LIDAR_ONLY
0,62.9384,t1259,LIDAR_ONLY,12.6568,12.6568,15.4758,2.8191,2.8191,18.2160,18.2160,0,0,17.41,1.26,cautious,26.32,front,LIDAR_ONLY
0,62.9384,t1260,LIDAR_ONLY,10.6103,10.6103,15.4758,4.8655,4.8655,31.4394,31.4394,0,0,17.41,1.26,cautious,-1.67,front,LIDAR_ONLY
0,62.9384,t1260,LIDAR_ONLY,10.4682,10.4682,15.4758,5.0076,5.0076,32.3577,32.3577,0,0,17.41,1.26,cautious,6.33,front,LIDAR_ONLY
0,62.9384,t1259,LIDAR_ONLY,13.0654,13.0654,15.4758,2.4105,2.4105,15.5756,15.5756,0,0,17.41,1.26,cautious,18.32,front,LIDAR_ONLY
0,62.9943,cam_2,CAM_ONLY,19.7560,,15.4758,4.2802,,27.6573,,0,,12.12,1.16,warning,,,CAMERA_ONLY
0,62.9943,t1259,LIDAR_ONLY,13.0902,13.0902,15.4758,2.3857,2.3857,15.4155,15.4155,0,0,12.12,1.16,cautious,27.84,front,LIDAR_ONLY
0,62.9943,t1259,LIDAR_ONLY,13.3323,13.3323,15.4758,2.1436,2.1436,13.8511,13.8511,0,0,12.12,1.16,cautious,19.88,front,LIDAR_ONLY
0,62.9943,t1259,LIDAR_ONLY,13.4426,13.4426,15.4758,2.0333,2.0333,13.1383,13.1383,0,0,12.12,1.16,cautious,23.86,front,LIDAR_ONLY
0,63.0590,cam_2,CAM_ONLY,19.2344,,15.4758,3.7586,,24.2868,,0,,20.62,0.86,warning,,,CAMERA_ONLY
0,63.1113,cam_2,CAM_ONLY,19.4370,,15.4758,3.9611,,25.5956,,0,,14.86,0.80,warning,,,CAMERA_ONLY
0,63.1674,cam_2,CAM_ONLY,19.2604,,15.4758,3.7846,,24.4546,,0,,9.91,0.95,warning,,,CAMERA_ONLY
0,63.2278,cam_2,CAM_ONLY,19.3010,,15.4758,3.8252,,24.7172,,0,,13.77,0.98,warning,,,CAMERA_ONLY
0,63.2907,t1268,BOTH,19.2613,10.5582,15.4758,3.7854,4.9176,24.4602,31.7760,0,0,16.22,2.20,warning,,,FULL_ANGLE
0,63.2907,t1266,LIDAR_ONLY,12.5228,12.5228,15.4758,2.9531,2.9531,19.0819,19.0819,0,0,16.22,2.20,cautious,25.01,front,LIDAR_ONLY
0,63.2907,t1266,LIDAR_ONLY,11.4699,11.4699,15.4758,4.0059,4.0059,25.8851,25.8851,0,0,16.22,2.20,cautious,29.14,front,LIDAR_ONLY
0,63.2907,t1268,LIDAR_ONLY,10.6495,10.6495,15.4758,4.8264,4.8264,31.1866,31.1866,0,0,16.22,2.20,cautious,-3.91,front,LIDAR_ONLY
0,63.3522,cam_2,CAM_ONLY,19.2534,,15.4758,3.7775,,24.4092,,0,,13.94,1.23,warning,,,CAMERA_ONLY
0,63.4104,cam_2,CAM_ONLY,19.3486,,15.4758,3.8727,,25.0243,,0,,9.91,1.18,warning,,,CAMERA_ONLY
0,63.4621,cam_2,CAM_ONLY,19.2521,,15.4758,3.7762,,24.4007,,0,,9.07,0.91,warning,,,CAMERA_ONLY
0,63.5227,cam_2,CAM_ONLY,19.6034,,15.4758,4.1276,,26.6709,,0,,15.75,1.02,warning,,,CAMERA_ONLY
0,63.5784,cam_2,CAM_ONLY,19.2091,,15.4758,3.7333,,24.1234,,0,,11.62,1.05,warning,,,CAMERA_ONLY
0,63.6407,cam_2,CAM_ONLY,19.3060,,15.4758,3.8301,,24.7490,,0,,15.39,1.21,warning,,,CAMERA_ONLY
0,63.6407,t1278,LIDAR_ONLY,12.3348,12.3348,15.4758,3.1410,3.1410,20.2964,20.2964,0,0,15.39,1.21,cautious,25.32,front,LIDAR_ONLY
0,63.6407,t1278,LIDAR_ONLY,12.8150,12.8150,15.4758,2.6608,2.6608,17.1933,17.1933,0,0,15.39,1.21,cautious,21.11,front,LIDAR_ONLY
0,63.6407,t1278,LIDAR_ONLY,12.6981,12.6981,15.4758,2.7778,2.7778,17.9491,17.9491,0,0,15.39,1.21,cautious,29.53,front,LIDAR_ONLY
0,63.6407,t1279,LIDAR_ONLY,22.5359,22.5359,15.4758,7.0601,7.0601,45.6199,45.6199,0,0,15.39,1.21,drive,16.90,front,LIDAR_ONLY
0,63.7006,cam_2,CAM_ONLY,19.2763,,15.4758,3.8005,,24.5573,,0,,12.67,1.28,warning,,,CAMERA_ONLY
0,63.7837,t1283,BOTH,19.3942,10.4182,15.4758,3.9184,5.0576,25.3192,32.6809,0,0,22.10,0.93,warning,,,FULL_ANGLE
0,63.7837,t1279,LIDAR_ONLY,17.2822,17.2822,15.4758,1.8063,1.8063,11.6720,11.6720,0,0,22.10,0.93,drive,22.06,front,LIDAR_ONLY
0,63.7837,t1279,LIDAR_ONLY,17.5444,17.5444,15.4758,2.0685,2.0685,13.3662,13.3662,0,0,22.10,0.93,drive,18.02,front,LIDAR_ONLY
0,63.7837,t1283,LIDAR_ONLY,10.4210,10.4210,15.4758,5.0548,5.0548,32.6627,32.6627,0,0,22.10,0.93,cautious,5.89,front,LIDAR_ONLY
0,63.8474,cam_2,CAM_ONLY,19.3965,,15.4758,3.9207,,25.3343,,0,,16.07,1.12,warning,,,CAMERA_ONLY
0,63.9196,cam_2,CAM_ONLY,19.4014,,15.4758,3.9256,,25.3660,,0,,12.74,0.91,warning,,,CAMERA_ONLY
0,63.9668,cam_2,CAM_ONLY,19.3003,,15.4758,3.8245,,24.7125,,0,,9.04,1.04,warning,,,CAMERA_ONLY
0,64.0264,cam_2,CAM_ONLY,19.6503,,15.4758,4.1744,,26.9738,,0,,13.90,0.91,warning,,,CAMERA_ONLY
0,64.0814,cam_2,CAM_ONLY,19.7931,,15.4758,4.3173,,27.8967,,0,,10.76,0.81,warning,,,CAMERA_ONLY
0,64.1386,cam_2,CAM_ONLY,19.7276,,15.4758,4.2517,,27.4734,,0,,11.19,1.10,warning,,,CAMERA_ONLY
0,64.2022,cam_2,CAM_ONLY,19.3478,,15.4758,3.8720,,25.0194,,0,,16.84,1.10,warning,,,CAMERA_ONLY
0,64.2604,cam_2,CAM_ONLY,19.2368,,15.4758,3.7609,,24.3021,,0,,11.75,0.77,warning,,,CAMERA_ONLY
0,64.3087,cam_2,CAM_ONLY,19.5970,,15.4758,4.1211,,26.6294,,0,,9.08,1.34,warning,,,CAMERA_ONLY
0,64.3618,cam_2,CAM_ONLY,19.2537,,15.4758,3.7778,,24.4112,,0,,8.81,1.04,warning,,,CAMERA_ONLY
0,64.4170,cam_2,CAM_ONLY,19.3077,,15.4758,3.8318,,24.7601,,0,,11.44,0.88,warning,,,CAMERA_ONLY
0,64.4726,cam_2,CAM_ONLY,19.6260,,15.4758,4.1502,,26.8173,,0,,13.56,1.75,warning,,,CAMERA_ONLY
0,64.5437,cam_2,CAM_ONLY,19.6242,,15.4758,4.1484,,26.8054,,0,,17.08,1.22,warning,,,CAMERA_ONLY
0,64.5437,t1302,LIDAR_ONLY,11.1160,11.1160,15.4758,4.3599,4.3599,28.1721,28.1721,0,0,17.08,1.22,cautious,27.59,front,LIDAR_ONLY
0,64.6041,cam_2,CAM_ONLY,19.5783,,15.4758,4.1024,,26.5085,,0,,14.59,1.17,warning,,,CAMERA_ONLY
0,64.6723,cam_2,CAM_ONLY,19.2486,,15.4758,3.7727,,24.3781,,0,,14.99,0.97,warning,,,CAMERA_ONLY
0,64.7287,t1306,BOTH,19.2024,10.4106,15.4758,3.7266,5.0652,24.0798,32.7298,0,0,10.73,0.90,warning,,,FULL_ANGLE
0,64.7287,t1302,LIDAR_ONLY,11.6283,11.6283,15.4758,3.8476,3.8476,24.8619,24.8619,0,0,10.73,0.90,cautious,23.13,front,LIDAR_ONLY
0,64.7287,t1302,LIDAR_ONLY,12.5084,12.5084,15.4758,2.9674,2.9674,19.1747,19.1747,0,0,10.73,0.90,cautious,18.97,front,LIDAR_ONLY
0,64.7287,t1306,LIDAR_ONLY,10.3869,10.3869,15.4758,5.0889,5.0889,32.8831,32.8831,0,0,10.73,0.90,cautious,6.50,front,LIDAR_ONLY
0,64.7287,t1306,LIDAR_ONLY,10.4062,10.4062,15.4758,5.0697,5.0697,32.7587,32.7587,0,0,10.73,0.90,cautious,-1.82,front,LIDAR_ONLY
0,64.7965,cam_2,CAM_ONLY,19.3087,,15.4758,3.8329,,24.7667,,0,,17.09,1.16,warning,,,CAMERA_ONLY
0,64.8508,cam_2,CAM_ONLY,19.1939,,15.4758,3.7181,,24.0250,,0,,11.70,1.22,warning,,,CAMERA_ONLY
0,64.9133,cam_2,CAM_ONLY,19.2276,,15.4758,3.7518,,24.2427,,0,,13.93,0.84,warning,,,CAMERA_ONLY
0,64.9747,cam_2,CAM_ONLY,19.6220,,15.4758,4.1461,,26.7910,,0,,17.03,1.11,warning,,,CAMERA_ONLY
0,65.0360,t1317,BOTH,19.6089,10.3978,15.4758,4.1330,5.0780,26.7063,32.8126,0,0,14.12,1.04,warning,,,FULL_ANGLE
0,65.0360,t1316,LIDAR_ONLY,13.3685,13.3685,15.4758,2.1074,2.1074,13.6171,13.6171,0,0,14.12,1.04,cautious,23.74,front,LIDAR_ONLY
0,65.0360,t1316,LIDAR_ONLY,13.8198,13.8198,15.4758,1.6560,1.6560,10.7006,10.7006,0,0,14.12,1.04,cautious,19.65,front,LIDAR_ONLY
0,65.0360,t1316,LIDAR_ONLY,13.2011,13.2011,15.4758,2.2748,2.2748,14.6988,14.6988,0,0,14.12,1.04,cautious,27.82,front,LIDAR_ONLY
0,65.0975,cam_2,CAM_ONLY,19.2084,,15.4758,3.7326,,24.1188,,0,,12.41,1.31,warning,,,CAMERA_ONLY
0,65.1634,cam_2,CAM_ONLY,19.2873,,15.4758,3.8115,,24.6285,,0,,14.65,0.84,warning,,,CAMERA_ONLY
0,65.2411,cam_2,CAM_ONLY,19.2576,,15.4758,3.7818,,24.4365,,0,,18.31,1.76,warning,,,CAMERA_ONLY
0,65.3059,cam_2,CAM_ONLY,19.2617,,15.4758,3.7858,,24.4627,,0,,16.92,1.14,warning,,,CAMERA_ONLY
0,65.3614,cam_2,CAM_ONLY,19.3216,,15.4758,3.8458,,24.8503,,0,,12.66,0.87,warning,,,CAMERA_ONLY
0,65.4227,cam_2,CAM_ONLY,19.3688,,15.4758,3.8929,,25.1549,,0,,13.71,1.12,warning,,,CAMERA_ONLY
0,65.4777,cam_2,CAM_ONLY,19.2739,,15.4758,3.7981,,24.5421,,0,,11.12,1.04,warning,,,CAMERA_ONLY
0,65.5632,cam_2,CAM_ONLY,19.2676,,15.4758,3.7918,,24.5012,,0,,20.00,0.87,warning,,,CAMERA_ONLY
0,65.6226,cam_2,CAM_ONLY,19.1795,,15.4758,3.7037,,23.9322,,0,,11.39,1.04,warning,,,CAMERA_ONLY
0,65.6845,t1328,BOTH,19.6882,10.5164,15.4758,4.2123,4.9595,27.2187,32.0467,0,0,13.45,0.99,warning,,,FULL_ANGLE
0,65.6845,t1327,LIDAR_ONLY,17.9728,17.9728,15.4758,2.4970,2.4970,16.1348,16.1348,0,0,13.45,0.99,drive,19.27,front,LIDAR_ONLY
0,65.6845,t1327,LIDAR_ONLY,15.8161,15.8161,15.4758,0.3403,0.3403,2.1989,2.1989,1,1,13.45,0.99,drive,23.31,front,LIDAR_ONLY
0,65.6845,t1328,LIDAR_ONLY,10.6065,10.6065,15.4758,4.8694,4.8694,31.4643,31.4643,0,0,13.45,0.99,cautious,-4.97,front,LIDAR_ONLY
0,65.6845,t1328,LIDAR_ONLY,10.5795,10.5795,15.4758,4.8963,4.8963,31.6385,31.6385,0,0,13.45,0.99,cautious,-0.93,front,LIDAR_ONLY
0,65.7552,cam_2,CAM_ONLY,19.2176,,15.4758,3.7418,,24.1781,,0,,21.37,2.50,warning,,,CAMERA_ONLY
0,65.8262,cam_2,CAM_ONLY,19.2362,,15.4758,3.7604,,24.2985,,0,,12.75,0.96,warning,,,CAMERA_ONLY
0,65.8823,cam_2,CAM_ONLY,19.2269,,15.4758,3.7511,,24.2382,,0,,13.08,0.91,warning,,,CAMERA_ONLY
0,65.9400,t1332,BOTH,19.6440,10.5669,15.4758,4.1682,4.9089,26.9333,31.7200,0,0,15.81,0.95,warning,,,FULL_ANGLE
0,65.9400,t1331,LIDAR_ONLY,21.9145,21.9145,15.4758,6.4387,6.4387,41.6048,41.6048,0,0,15.81,0.95,drive,17.16,front,LIDAR_ONLY
0,65.9400,t1332,LIDAR_ONLY,10.6283,10.6283,15.4758,4.8476,4.8476,31.3234,31.3234,0,0,15.81,0.95,cautious,-3.66,front,LIDAR_ONLY
0,65.9400,t1332,LIDAR_ONLY,10.5269,10.5269,15.4758,4.9489,4.9489,31.9783,31.9783,0,0,15.81,0.95,cautious,4.67,front,LIDAR_ONLY
0,66.0002,cam_2,CAM_ONLY,19.3726,,15.4758,3.8968,,25.1798,,0,,18.02,0.99,warning,,,CAMERA_ONLY
0,66.0627,cam_2,CAM_ONLY,19.2518,,15.4758,3.7759,,24.3989,,0,,14.67,0.88,warning,,,CAMERA_ONLY
0,66.1208,cam_2,CAM_ONLY,19.1830,,15.4758,3.7072,,23.9547,,0,,11.98,1.13,warning,,,CAMERA_ONLY
0,66.1913,t1342,BOTH,19.3040,10.5360,15.4758,3.8281,4.9398,24.7360,31.9194,0,0,13.80,1.25,warning,,,FULL_ANGLE
0,66.1913,t1340,LIDAR_ONLY,12.6937,12.6937,15.4758,2.7821,2.7821,17.9771,17.9771,0,0,13.80,1.25,cautious,24.74,front,LIDAR_ONLY
0,66.1913,t1340,LIDAR_ONLY,11.6844,11.6844,15.4758,3.7914,3.7914,24.4990,24.4990,0,0,13.80,1.25,cautious,28.92,front,LIDAR_ONLY
0,66.1913,t1341,LIDAR_ONLY,23.9087,23.9087,15.4758,8.4328,8.4328,54.4902,54.4902,0,0,13.80,1.25,drive,16.37,front,LIDAR_ONLY
0,66.1913,t1342,LIDAR_ONLY,10.5121,10.5121,15.4758,4.9637,4.9637,32.0741,32.0741,0,0,13.80,1.25,cautious,3.81,front,LIDAR_ONLY
0,66.1913,t1341,LIDAR_ONLY,20.0409,20.0409,15.4758,4.5650,4.5650,29.4977,29.4977,0,0,13.80,1.25,drive,20.55,front,LIDAR_ONLY
0,66.2566,cam_2,CAM_ONLY,19.3412,,15.4758,3.8654,,24.9767,,0,,15.26,1.15,warning,,,CAMERA_ONLY
0,66.3341,cam_2,CAM_ONLY,19.2573,,15.4758,3.7814,,24.4344,,0,,16.51,1.32,warning,,,CAMERA_ONLY
0,66.3925,cam_2,CAM_ONLY,19.2255,,15.4758,3.7496,,24.2288,,0,,14.10,1.17,warning,,,CAMERA_ONLY
0,66.4488,cam_2,CAM_ONLY,19.2466,,15.4758,3.7707,,24.3653,,0,,12.84,1.06,warning,,,CAMERA_ONLY
0,66.5125,cam_2,CAM_ONLY,19.3063,,15.4758,3.8305,,24.7514,,0,,14.94,1.16,warning,,,CAMERA_ONLY
0,66.5768,cam_2,CAM_ONLY,19.2431,,15.4758,3.7672,,24.3427,,0,,17.24,0.84,warning,,,CAMERA_ONLY
0,66.6360,t1352,BOTH,19.2573,10.4796,15.4758,3.7814,4.9962,24.4345,32.2841,0,0,13.48,1.17,warning,,,FULL_ANGLE
0,66.6360,t1350,LIDAR_ONLY,12.6948,12.6948,15.4758,2.7811,2.7811,17.9703,17.9703,0,0,13.48,1.17,cautious,24.74,front,LIDAR_ONLY
0,66.6360,t1350,LIDAR_ONLY,13.8893,13.8893,15.4758,1.5865,1.5865,10.2517,10.2517,0,0,13.48,1.17,cautious,16.55,front,LIDAR_ONLY
0,66.6360,t1351,LIDAR_ONLY,10.5626,10.5626,15.4758,4.9132,4.9132,31.7477,31.7477,0,0,13.48,1.17,cautious,28.83,front,LIDAR_ONLY
0,66.6360,t1350,LIDAR_ONLY,14.6774,14.6774,15.4758,0.7984,0.7984,5.1592,5.1592,1,1,13.48,1.17,cautious,20.64,front,LIDAR_ONLY
0,66.6360,t1352,LIDAR_ONLY,10.5676,10.5676,15.4758,4.9082,4.9082,31.7153,31.7153,0,0,13.48,1.17,cautious,-3.93,front,LIDAR_ONLY
0,66.6360,t1352,LIDAR_ONLY,10.4742,10.4742,15.4758,5.0016,5.0016,32.3189,32.3189,0,0,13.48,1.17,cautious,4.26,front,LIDAR_ONLY
0,66.6925,cam_2,CAM_ONLY,19.2951,,15.4758,3.8193,,24.6790,,0,,11.85,1.30,warning,,,CAMERA_ONLY
0,66.6925,t1350,LIDAR_ONLY,15.0556,15.0556,15.4758,0.4202,0.4202,2.7152,2.7152,1,1,11.85,1.30,cautious,21.83,front,LIDAR_ONLY
0,66.6925,t1351,LIDAR_ONLY,10.7673,10.7673,15.4758,4.7086,4.7086,30.4253,30.4253,0,0,11.85,1.30,cautious,26.01,front,LIDAR_ONLY
0,66.7456,cam_2,CAM_ONLY,19.3658,,15.4758,3.8900,,25.1358,,0,,14.03,0.93,warning,,,CAMERA_ONLY
0,66.8033,cam_2,CAM_ONLY,19.3491,,15.4758,3.8733,,25.0279,,0,,14.31,1.16,warning,,,CAMERA_ONLY
0,66.8589,cam_2,CAM_ONLY,19.2668,,15.4758,3.7909,,24.4959,,0,,10.55,0.92,warning,,,CAMERA_ONLY
0,66.9201,cam_2,CAM_ONLY,19.3457,,15.4758,3.8699,,25.0061,,0,,13.28,0.95,warning,,,CAMERA_ONLY
0,66.9805,cam_2,CAM_ONLY,19.3675,,15.4758,3.8917,,25.1469,,0,,14.49,0.75,warning,,,CAMERA_ONLY
0,67.0456,t1364,BOTH,19.2519,10.5387,15.4758,3.7760,4.9371,24.3994,31.9021,0,0,15.11,1.17,warning,,,FULL_ANGLE
0,67.0456,t1362,LIDAR_ONLY,12.3771,12.3771,15.4758,3.0987,3.0987,20.0230,20.0230,0,0,15.11,1.17,cautious,25.25,front,LIDAR_ONLY
0,67.0456,t1362,LIDAR_ONLY,11.3674,11.3674,15.4758,4.1084,4.1084,26.5474,26.5474,0,0,15.11,1.17,cautious,29.29,front,LIDAR_ONLY
0,67.0456,t1363,LIDAR_ONLY,21.8793,21.8793,15.4758,6.4035,6.4035,41.3772,41.3772,0,0,15.11,1.17,drive,17.17,front,LIDAR_ONLY
0,67.0456,t1363,LIDAR_ONLY,17.8528,17.8528,15.4758,2.3770,2.3770,15.3595,15.3595,0,0,15.11,1.17,drive,21.21,front,LIDAR_ONLY
0,67.0456,t1364,LIDAR_ONLY,10.4692,10.4692,15.4758,5.0066,5.0066,32.3513,32.3513,0,0,15.11,1.17,cautious,5.06,front,LIDAR_ONLY
0,67.0456,t1364,LIDAR_ONLY,10.4801,10.4801,15.4758,4.9958,4.9958,32.2812,32.2812,0,0,15.11,1.17,cautious,-3.01,front,LIDAR_ONLY
0,67.0981,cam_2,CAM_ONLY,19.3321,,15.4758,3.8563,,24.9180,,0,,11.18,0.93,warning,,,CAMERA_ONLY
0,67.1605,cam_2,CAM_ONLY,19.2105,,15.4758,3.7347,,24.1324,,0,,17.93,0.91,warning,,,CAMERA_ONLY
0,67.2166,cam_2,CAM_ONLY,19.2326,,15.4758,3.7568,,24.2752,,0,,10.48,0.87,warning,,,CAMERA_ONLY
0,67.2778,cam_2,CAM_ONLY,19.2806,,15.4758,3.8048,,24.5854,,0,,14.14,1.02,warning,,,CAMERA_ONLY
0,67.3363,t1372,BOTH,19.2830,10.5708,15.4758,3.8072,4.9050,24.6008,31.6948,0,0,9.62,1.09,warning,,,FULL_ANGLE
0,67.3363,t1369,LIDAR_ONLY,10.2701,10.2701,15.4758,5.2057,5.2057,33.6376,33.6376,0,0,9.62,1.09,cautious,29.54,front,LIDAR_ONLY
0,67.3363,t1370,LIDAR_ONLY,22.9094,22.9094,15.4758,7.4336,7.4336,48.0335,48.0335,0,0,9.62,1.09,drive,16.75,front,LIDAR_ONLY
0,67.3363,t1370,LIDAR_ONLY,18.7493,18.7493,15.4758,3.2734,3.2734,21.1520,21.1520,0,0,9.62,1.09,drive,21.01,front,LIDAR_ONLY
0,67.3363,t1372,LIDAR_ONLY,10.4736,10.4736,15.4758,5.0022,5.0022,32.3226,32.3226,0,0,9.62,1.09,cautious,3.96,front,LIDAR_ONLY
0,67.3363,t1372,LIDAR_ONLY,10.4794,10.4794,15.4758,4.9965,4.9965,32.2857,32.2857,0,0,9.62,1.09,cautious,-4.57,front,LIDAR_ONLY
0,67.4052,cam_2,CAM_ONLY,19.3183,,15.4758,3.8425,,24.8287,,0,,14.78,2.30,warning,,,CAMERA_ONLY
0,67.4668,cam_2,CAM_ONLY,19.3036,,15.4758,3.8278,,24.7341,,0,,10.87,1.01,warning,,,CAMERA_ONLY
0,67.5287,t1372,BOTH,19.3732,10.4962,15.4758,3.8974,4.9796,25.1836,32.1767,0,0,16.24,0.82,warning,,,FULL_ANGLE
0,67.5963,cam_2,CAM_ONLY,19.2561,,15.4758,3.7803,,24.4268,,0,,11.71,1.25,warning,,,CAMERA_ONLY
0,67.5963,t1380,LIDAR_ONLY,10.1637,10.1637,15.4758,5.3121,5.3121,34.3252,34.3252,0,0,11.71,1.25,cautious,29.80,front,LIDAR_ONLY
0,67.5963,t1382,LIDAR_ONLY,20.7561,20.7561,15.4758,5.2803,5.2803,34.1195,34.1195,0,0,11.71,1.25,drive,17.70,front,LIDAR_ONLY
0,67.5963,t1380,LIDAR_ONLY,10.4698,10.4698,15.4758,5.0060,5.0060,32.3474,32.3474,0,0,11.71,1.25,cautious,25.77,front,LIDAR_ONLY
0,67.5963,t1382,LIDAR_ONLY,17.8501,17.8501,15.4758,2.3743,2.3743,15.3418,15.3418,0,0,11.71,1.25,drive,21.74,front,LIDAR_ONLY
0,67.6490,cam_2,CAM_ONLY,19.2477,,15.4758,3.7718,,24.3724,,0,,10.20,0.95,warning,,,CAMERA_ONLY
0,67.6981,cam_2,CAM_ONLY,19.3394,,15.4758,3.8636,,24.9652,,0,,10.61,1.16,warning,,,CAMERA_ONLY
0,67.7559,cam_2,CAM_ONLY,19.3215,,15.4758,3.8456,,24.8492,,0,,15.46,1.11,warning,,,CAMERA_ONLY
0,67.8202,cam_2,CAM_ONLY,19.3450,,15.4758,3.8692,,25.0014,,0,,15.23,1.53,warning,,,CAMERA_ONLY
0,67.8993,cam_2,CAM_ONLY,19.2182,,15.4758,3.7423,,24.1817,,0,,17.42,1.34,warning,,,CAMERA_ONLY
0,67.8993,t1391,LIDAR_ONLY,22.2176,22.2176,15.4758,6.7417,6.7417,43.5629,43.5629,0,0,17.42,1.34,drive,17.03,front,LIDAR_ONLY
0,67.8993,t1391,LIDAR_ONLY,15.8789,15.8789,15.4758,0.4031,0.4031,2.6045,2.6045,1,1,17.42,1.34,drive,25.34,front,LIDAR_ONLY
0,67.8993,t1391,LIDAR_ONLY,14.1048,14.1048,15.4758,1.3710,1.3710,8.8591,8.8591,0,0,17.42,1.34,cautious,29.50,front,LIDAR_ONLY
0,67.8993,t1391,LIDAR_ONLY,14.1870,14.1870,15.4758,1.2888,1.2888,8.3281,8.3281,0,0,17.42,1.34,cautious,21.18,front,LIDAR_ONLY
0,67.9529,cam_2,CAM_ONLY,19.2533,,15.4758,3.7775,,24.4090,,0,,12.74,1.40,warning,,,CAMERA_ONLY
0,68.0155,cam_2,CAM_ONLY,19.2260,,15.4758,3.7501,,24.2322,,0,,14.07,0.83,warning,,,CAMERA_ONLY
0,68.0847,t1395,BOTH,19.2418,10.5537,15.4758,3.7659,4.9221,24.3342,31.8053,0,0,13.25,1.34,warning,,,FULL_ANGLE
0,68.0847,t1391,LIDAR_ONLY,13.6406,13.6406,15.4758,1.8352,1.8352,11.8585,11.8585,0,0,13.25,1.34,cautious,26.23,front,LIDAR_ONLY
0,68.0847,t1391,LIDAR_ONLY,13.3492,13.3492,15.4758,2.1266,2.1266,13.7414,13.7414,0,0,13.25,1.34,cautious,18.02,front,LIDAR_ONLY
0,68.0847,t1391,LIDAR_ONLY,13.4970,13.4970,15.4758,1.9789,1.9789,12.7869,12.7869,0,0,13.25,1.34,cautious,22.13,front,LIDAR_ONLY
0,68.0847,t1395,LIDAR_ONLY,10.6148,10.6148,15.4758,4.8610,4.8610,31.4104,31.4104,0,0,13.25,1.34,cautious,-2.51,front,LIDAR_ONLY
0,68.0847,t1395,LIDAR_ONLY,10.4915,10.4915,15.4758,4.9844,4.9844,32.2074,32.2074,0,0,13.25,1.34,cautious,5.70,front,LIDAR_ONLY
0,68.1421,t1395,BOTH,19.6184,10.5061,15.4758,4.1426,4.9698,26.7679,32.1132,0,0,14.96,1.99,warning,,,FULL_ANGLE
0,68.1421,t1391,LIDAR_ONLY,13.7312,13.7312,15.4758,1.7446,1.7446,11.2732,11.2732,0,0,14.96,1.99,cautious,24.70,front,LIDAR_ONLY
0,68.1421,t1391,LIDAR_ONLY,13.9574,13.9574,15.4758,1.5185,1.5185,9.8117,9.8117,0,0,14.96,1.99,cautious,20.67,front,LIDAR_ONLY
0,68.1421,t1395,LIDAR_ONLY,10.5020,10.5020,15.4758,4.9738,4.9738,32.1394,32.1394,0,0,14.96,1.99,cautious,-3.50,front,LIDAR_ONLY
0,68.1421,t1395,LIDAR_ONLY,10.4922,10.4922,15.4758,4.9837,4.9837,32.2030,32.2030,0,0,14.96,1.99,cautious,4.56,front,LIDAR_ONLY
0,68.1421,t1391,LIDAR_ONLY,14.2432,14.2432,15.4758,1.2326,1.2326,7.9649,7.9649,0,0,14.96,1.99,cautious,28.73,front,LIDAR_ONLY
0,68.2109,cam_2,CAM_ONLY,19.3183,,15.4758,3.8425,,24.8287,,0,,21.15,0.82,warning,,,CAMERA_ONLY
0,68.2774,cam_2,CAM_ONLY,19.2936,,15.4758,3.8178,,24.6692,,0,,15.25,0.86,warning,,,CAMERA_ONLY
0,68.3333,t1395,BOTH,19.3438,10.5102,15.4758,3.8679,4.9656,24.9933,32.0864,0,0,13.59,1.04,warning,,,FULL_ANGLE
0,68.3333,t1398,LIDAR_ONLY,24.9604,24.9604,15.4758,9.4846,9.4846,61.2864,61.2864,0,0,13.59,1.04,drive,16.00,front,LIDAR_ONLY
0,68.3333,t1398,LIDAR_ONLY,20.3749,20.3749,15.4758,4.8991,4.8991,31.6563,31.6563,0,0,13.59,1.04,drive,20.14,front,LIDAR_ONLY
0,68.3333,t1391,LIDAR_ONLY,13.0750,13.0750,15.4758,2.4008,2.4008,15.5132,15.5132,0,0,13.59,1.04,cautious,28.42,front,LIDAR_ONLY
0,68.3333,t1395,LIDAR_ONLY,10.4939,10.4939,15.4758,4.9820,4.9820,32.1918,32.1918,0,0,13.59,1.04,cautious,-4.69,front,LIDAR_ONLY
0,68.3333,t1395,LIDAR_ONLY,10.5018,10.5018,15.4758,4.9740,4.9740,32.1404,32.1404,0,0,13.59,1.04,cautious,3.58,front,LIDAR_ONLY
0,68.3333,t1398,LIDAR_ONLY,18.0847,18.0847,15.4758,2.6089,2.6089,16.8579,16.8579,0,0,13.59,1.04,drive,24.28,front,LIDAR_ONLY
0,68.3983,cam_2,CAM_ONLY,19.3119,,15.4758,3.8360,,24.7873,,0,,15.49,1.12,warning,,,CAMERA_ONLY
0,68.4524,cam_2,CAM_ONLY,19.2996,,15.4758,3.8237,,24.7076,,0,,12.93,1.21,warning,,,CAMERA_ONLY
0,68.5127,cam_2,CAM_ONLY,19.2603,,15.4758,3.7845,,24.4540,,0,,15.33,0.81,warning,,,CAMERA_ONLY
0,68.5697,cam_2,CAM_ONLY,19.2104,,15.4758,3.7346,,24.1316,,0,,12.02,1.04,warning,,,CAMERA_ONLY
0,68.6290,cam_2,CAM_ONLY,19.2633,,15.4758,3.7874,,24.4731,,0,,14.17,1.05,warning,,,CAMERA_ONLY
0,68.6883,t1410,BOTH,19.3655,10.5760,15.4758,3.8897,4.8998,25.1339,31.6613,0,0,13.79,1.27,warning,,,FULL_ANGLE
0,68.6883,t1409,LIDAR_ONLY,13.4191,13.4191,15.4758,2.0568,2.0568,13.2901,13.2901,0,0,13.79,1.27,cautious,23.66,front,LIDAR_ONLY
0,68.6883,t1409,LIDAR_ONLY,12.0683,12.0683,15.4758,3.4075,3.4075,22.0184,22.0184,0,0,13.79,1.27,cautious,27.69,front,LIDAR_ONLY
0,68.6883,t1409,LIDAR_ONLY,12.4210,12.4210,15.4758,3.0549,3.0549,19.7395,19.7395,0,0,13.79,1.27,cautious,19.63,front,LIDAR_ONLY
0,68.6883,t1410,LIDAR_ONLY,10.5902,10.5902,15.4758,4.8856,4.8856,31.5692,31.5692,0,0,13.79,1.27,cautious,-4.55,front,LIDAR_ONLY
0,68.6883,t1410,LIDAR_ONLY,10.5348,10.5348,15.4758,4.9410,4.9410,31.9274,31.9274,0,0,13.79,1.27,cautious,3.51,front,LIDAR_ONLY
0,68.7586,cam_2,CAM_ONLY,19.3079,,15.4758,3.8321,,24.7618,,0,,21.51,1.59,warning,,,CAMERA_ONLY
0,68.8146,cam_2,CAM_ONLY,19.3441,,15.4758,3.8683,,24.9957,,0,,13.86,0.91,warning,,,CAMERA_ONLY
0,68.8752,cam_2,CAM_ONLY,19.2357,,15.4758,3.7598,,24.2948,,0,,14.51,0.82,warning,,,CAMERA_ONLY
0,68.9303,cam_2,CAM_ONLY,19.2353,,15.4758,3.7595,,24.2927,,0,,11.73,0.70,warning,,,CAMERA_ONLY
0,68.9866,t1416,BOTH,19.6613,10.5804,15.4758,4.1855,4.8954,27.0452,31.6327,0,0,11.00,1.02,warning,,,FULL_ANGLE
0,68.9866,t1415,LIDAR_ONLY,24.6902,24.6902,15.4758,9.2143,9.2143,59.5400,59.5400,0,0,11.00,1.02,drive,16.09,front,LIDAR_ONLY
0,68.9866,t1416,LIDAR_ONLY,10.5956,10.5956,15.4758,4.8803,4.8803,31.5347,31.5347,0,0,11.00,1.02,cautious,-4.69,front,LIDAR_ONLY
0,68.9866,t1416,LIDAR_ONLY,10.5399,10.5399,15.4758,4.9359,4.9359,31.8943,31.8943,0,0,11.00,1.02,cautious,3.62,front,LIDAR_ONLY
0,69.0502,cam_2,CAM_ONLY,19.3689,,15.4758,3.8930,,25.1554,,0,,12.96,1.25,warning,,,CAMERA_ONLY
0,69.1260,cam_2,CAM_ONLY,19.2735,,15.4758,3.7977,,24.5393,,0,,19.06,0.86,warning,,,CAMERA_ONLY
0,69.1863,t1416,BOTH,19.8314,10.5053,15.4758,4.3556,4.9705,28.1443,32.1181,0,0,13.29,1.02,warning,,,FULL_ANGLE
0,69.1863,t1415,LIDAR_ONLY,19.2918,19.2918,15.4758,3.8159,3.8159,24.6574,24.6574,0,0,13.29,1.02,drive,22.94,front,LIDAR_ONLY
0,69.1863,t1415,LIDAR_ONLY,16.6296,16.6296,15.4758,1.1538,1.1538,7.4555,7.4555,0,0,13.29,1.02,drive,27.02,front,LIDAR_ONLY
0,69.2487,cam_2,CAM_ONLY,19.3821,,15.4758,3.9062,,25.2408,,0,,16.81,1.10,warning,,,CAMERA_ONLY
0,69.3074,cam_2,CAM_ONLY,19.3683,,15.4758,3.8925,,25.1520,,0,,14.14,0.86,warning,,,CAMERA_ONLY
0,69.3597,cam_2,CAM_ONLY,19.2710,,15.4758,3.7951,,24.5229,,0,,10.77,0.86,warning,,,CAMERA_ONLY
0,69.4175,cam_2,CAM_ONLY,19.2836,,15.4758,3.8078,,24.6046,,0,,10.51,0.83,warning,,,CAMERA_ONLY
0,69.4852,t1425,BOTH,19.3210,10.4807,15.4758,3.8452,4.9951,24.8462,32.2768,0,0,18.75,0.99,warning,,,FULL_ANGLE
0,69.4852,t1423,LIDAR_ONLY,13.6562,13.6562,15.4758,1.8197,1.8197,11.7581,11.7581,0,0,18.75,0.99,cautious,23.34,front,LIDAR_ONLY
0,69.4852,t1423,LIDAR_ONLY,12.2067,12.2067,15.4758,3.2692,3.2692,21.1243,21.1243,0,0,18.75,0.99,cautious,27.56,front,LIDAR_ONLY
0,69.4852,t1425,LIDAR_ONLY,10.4937,10.4937,15.4758,4.9821,4.9821,32.1930,32.1930,0,0,18.75,0.99,cautious,-1.97,front,LIDAR_ONLY
0,69.4852,t1425,LIDAR_ONLY,10.4955,10.4955,15.4758,4.9803,4.9803,32.1812,32.1812,0,0,18.75,0.99,cautious,6.47,front,LIDAR_ONLY
0,69.5468,cam_2,CAM_ONLY,19.2764,,15.4758,3.8005,,24.5579,,0,,12.93,1.11,warning,,,CAMERA_ONLY
0,69.6044,cam_2,CAM_ONLY,19.4125,,15.4758,3.9367,,25.4377,,0,,12.79,2.52,warning,,,CAMERA_ONLY
0,69.6658,cam_2,CAM_ONLY,19.2969,,15.4758,3.8210,,24.6904,,0,,13.74,0.91,warning,,,CAMERA_ONLY
0,69.7271,cam_2,CAM_ONLY,19.3541,,15.4758,3.8782,,25.0598,,0,,12.08,0.88,warning,,,CAMERA_ONLY
0,69.7931,t1437,BOTH,19.2773,10.4002,15.4758,3.8015,5.0757,24.5638,32.7974,0,0,20.77,2.73,warning,,,FULL_ANGLE
0,69.7931,t1435,LIDAR_ONLY,13.2241,13.2241,15.4758,2.2518,2.2518,14.5502,14.5502,0,0,20.77,2.73,cautious,23.94,front,LIDAR_ONLY
0,69.7931,t1435,LIDAR_ONLY,11.8469,11.8469,15.4758,3.6289,3.6289,23.4489,23.4489,0,0,20.77,2.73,cautious,28.11,front,LIDAR_ONLY
0,69.7931,t1436,LIDAR_ONLY,26.1881,26.1881,15.4758,10.7123,10.7123,69.2193,69.2193,0,0,20.77,2.73,drive,15.61,front,LIDAR_ONLY
0,69.7931,t1436,LIDAR_ONLY,21.6939,21.6939,15.4758,6.2181,6.2181,40.1792,40.1792,0,0,20.77,2.73,drive,19.78,front,LIDAR_ONLY
0,69.8675,cam_2,CAM_ONLY,19.4056,,15.4758,3.9297,,25.3928,,0,,14.61,0.80,warning,,,CAMERA_ONLY
0,69.9209,cam_2,CAM_ONLY,19.1692,,15.4758,3.6934,,23.8654,,0,,13.38,0.96,warning,,,CAMERA_ONLY
0,69.9840,t1437,BOTH,19.6094,10.4347,15.4758,4.1336,5.0412,26.7097,32.5743,0,0,15.36,0.81,warning,,,FULL_ANGLE
0,69.9840,t1437,LIDAR_ONLY,10.4147,10.4147,15.4758,5.0611,5.0611,32.7033,32.7033,0,0,15.36,0.81,cautious,-3.30,front,LIDAR_ONLY
0,70.0508,cam_2,CAM_ONLY,19.2284,,15.4758,3.7526,,24.2479,,0,,20.96,1.15,warning,,,CAMERA_ONLY
0,70.1099,cam_2,CAM_ONLY,19.6843,,15.4758,4.2085,,27.1939,,0,,11.73,0.89,warning,,,CAMERA_ONLY
0,70.1714,cam_2,CAM_ONLY,19.3158,,15.4758,3.8400,,24.8128,,0,,13.72,0.97,warning,,,CAMERA_ONLY
0,70.2285,cam_2,CAM_ONLY,19.2812,,15.4758,3.8054,,24.5891,,0,,13.21,0.85,warning,,,CAMERA_ONLY
0,70.3051,cam_2,CAM_ONLY,19.3309,,15.4758,3.8550,,24.9101,,0,,17.58,1.21,warning,,,CAMERA_ONLY
0,70.3719,cam_2,CAM_ONLY,19.2215,,15.4758,3.7457,,24.2035,,0,,14.05,1.04,warning,,,CAMERA_ONLY
0,70.4433,cam_2,CAM_ONLY,19.3173,,15.4758,3.8414,,24.8220,,0,,21.22,1.34,warning,,,CAMERA_ONLY
0,70.4433,t1454,LIDAR_ONLY,12.8666,12.8666,15.4758,2.6093,2.6093,16.8603,16.8603,0,0,21.22,1.34,cautious,24.47,front,LIDAR_ONLY
0,70.4433,t1454,LIDAR_ONLY,13.2859,13.2859,15.4758,2.1899,2.1899,14.1505,14.1505,0,0,21.22,1.34,cautious,20.41,front,LIDAR_ONLY
0,70.4433,t1454,LIDAR_ONLY,14.2456,14.2456,15.4758,1.2303,1.2303,7.9495,7.9495,0,0,21.22,1.34,cautious,16.34,front,LIDAR_ONLY
0,70.4433,t1455,LIDAR_ONLY,10.6838,10.6838,15.4758,4.7920,4.7920,30.9644,30.9644,0,0,21.22,1.34,cautious,28.54,front,LIDAR_ONLY
0,70.5062,cam_2,CAM_ONLY,19.2661,,15.4758,3.7902,,24.4912,,0,,12.50,1.24,warning,,,CAMERA_ONLY
0,70.5564,cam_2,CAM_ONLY,19.2277,,15.4758,3.7518,,24.2432,,0,,9.47,1.17,warning,,,CAMERA_ONLY
0,70.6228,cam_2,CAM_ONLY,19.2184,,15.4758,3.7425,,24.1831,,0,,17.51,0.81,warning,,,CAMERA_ONLY
0,70.6799,t1458,BOTH,19.2021,10.4811,15.4758,3.7263,4.9947,24.0779,32.2742,0,0,10.61,1.65,warning,,,FULL_ANGLE
0,70.6799,t1458,LIDAR_ONLY,10.5316,10.5316,15.4758,4.9442,4.9442,31.9480,31.9480,0,0,10.61,1.65,cautious,-2.87,front,LIDAR_ONLY
0,70.7448,cam_2,CAM_ONLY,19.6439,,15.4758,4.1681,,26.9329,,0,,16.37,1.03,warning,,,CAMERA_ONLY
0,70.8127,cam_2,CAM_ONLY,19.7026,,15.4758,4.2268,,27.3119,,0,,17.21,0.78,warning,,,CAMERA_ONLY
0,70.8749,cam_2,CAM_ONLY,19.2114,,15.4758,3.7356,,24.1381,,0,,16.42,1.14,warning,,,CAMERA_ONLY
0,70.9415,cam_2,CAM_ONLY,19.6133,,15.4758,4.1375,,26.7352,,0,,12.93,1.28,warning,,,CAMERA_ONLY
0,70.9415,t1466,LIDAR_ONLY,12.2821,12.2821,15.4758,3.1938,3.1938,20.6371,20.6371,0,0,12.93,1.28,cautious,25.41,front,LIDAR_ONLY
0,70.9415,t1466,LIDAR_ONLY,11.1186,11.1186,15.4758,4.3572,4.3572,28.1549,28.1549,0,0,12.93,1.28,cautious,29.56,front,LIDAR_ONLY
0,70.9415,t1467,LIDAR_ONLY,22.0619,22.0619,15.4758,6.5860,6.5860,42.5568,42.5568,0,0,12.93,1.28,drive,17.10,front,LIDAR_ONLY
0,70.9415,t1467,LIDAR_ONLY,19.2023,19.2023,15.4758,3.7265,3.7265,24.0794,24.0794,0,0,12.93,1.28,drive,21.25,front,LIDAR_ONLY
0,71.0041,cam_2,CAM_ONLY,19.6275,,15.4758,4.1516,,26.8264,,0,,9.87,1.38,warning,,,CAMERA_ONLY
0,71.0630,cam_2,CAM_ONLY,19.4195,,15.4758,3.9437,,25.4827,,0,,15.35,0.79,warning,,,CAMERA_ONLY
0,71.1260,cam_2,CAM_ONLY,19.4429,,15.4758,3.9670,,25.6338,,0,,19.27,0.97,warning,,,CAMERA_ONLY
0,71.1851,t1477,BOTH,19.2940,10.5961,15.4758,3.8181,4.8798,24.6714,31.5316,0,0,12.63,1.11,warning,,,FULL_ANGLE
0,71.1851,t1476,LIDAR_ONLY,13.0396,13.0396,15.4758,2.4362,2.4362,15.7419,15.7419,0,0,12.63,1.11,cautious,24.21,front,LIDAR_ONLY
0,71.1851,t1476,LIDAR_ONLY,12.1428,12.1428,15.4758,3.3331,3.3331,21.5372,21.5372,0,0,12.63,1.11,cautious,28.24,front,LIDAR_ONLY
0,71.1851,t1476,LIDAR_ONLY,12.4530,12.4530,15.4758,3.0228,3.0228,19.5325,19.5325,0,0,12.63,1.11,cautious,20.18,front,LIDAR_ONLY
0,71.1851,t1477,LIDAR_ONLY,10.6953,10.6953,15.4758,4.7805,4.7805,30.8903,30.8903,0,0,12.63,1.11,cautious,-4.01,front,LIDAR_ONLY
0,71.2443,cam_2,CAM_ONLY,19.2052,,15.4758,3.7294,,24.0981,,0,,12.65,1.11,warning,,,CAMERA_ONLY
0,71.3101,cam_2,CAM_ONLY,19.2361,,15.4758,3.7603,,24.2978,,0,,15.70,1.18,warning,,,CAMERA_ONLY
0,71.3726,cam_2,CAM_ONLY,19.2091,,15.4758,3.7333,,24.1231,,0,,15.91,1.05,warning,,,CAMERA_ONLY
0,71.4425,cam_2,CAM_ONLY,19.1942,,15.4758,3.7184,,24.0269,,0,,13.70,1.22,warning,,,CAMERA_ONLY
0,71.4425,t1487,LIDAR_ONLY,12.2291,12.2291,15.4758,3.2467,3.2467,20.9795,20.9795,0,0,13.70,1.22,cautious,25.50,front,LIDAR_ONLY
0,71.4425,t1487,LIDAR_ONLY,13.3941,13.3941,15.4758,2.0817,2.0817,13.4514,13.4514,0,0,13.70,1.22,cautious,17.10,front,LIDAR_ONLY
0,71.4425,t1487,LIDAR_ONLY,14.1354,14.1354,15.4758,1.3405,1.3405,8.6617,8.6617,0,0,13.70,1.22,cautious,21.30,front,LIDAR_ONLY
0,71.4425,t1487,LIDAR_ONLY,14.0360,14.0360,15.4758,1.4398,1.4398,9.3036,9.3036,0,0,13.70,1.22,cautious,29.70,front,LIDAR_ONLY
0,71.5020,cam_2,CAM_ONLY,19.6403,,15.4758,4.1645,,26.9097,,0,,10.26,1.10,warning,,,CAMERA_ONLY
0,71.5621,cam_2,CAM_ONLY,19.7479,,15.4758,4.2721,,27.6047,,0,,12.68,0.82,warning,,,CAMERA_ONLY
0,71.6256,cam_2,CAM_ONLY,19.7912,,15.4758,4.3154,,27.8845,,0,,13.24,0.85,warning,,,CAMERA_ONLY
0,71.6880,t1494,BOTH,19.3317,10.5667,15.4758,3.8559,4.9092,24.9155,31.7215,0,0,17.51,1.10,warning,,,FULL_ANGLE
0,71.6880,t1492,LIDAR_ONLY,10.4315,10.4315,15.4758,5.0444,5.0444,32.5950,32.5950,0,0,17.51,1.10,cautious,29.14,front,LIDAR_ONLY
0,71.6880,t1493,LIDAR_ONLY,22.9007,22.9007,15.4758,7.4249,7.4249,47.9771,47.9771,0,0,17.51,1.10,drive,16.75,front,LIDAR_ONLY
0,71.6880,t1493,LIDAR_ONLY,18.8197,18.8197,15.4758,3.3438,3.3438,21.6068,21.6068,0,0,17.51,1.10,drive,20.88,front,LIDAR_ONLY
0,71.6880,t1493,LIDAR_ONLY,16.9129,16.9129,15.4758,1.4371,1.4371,9.2859,9.2859,0,0,17.51,1.10,drive,25.01,front,LIDAR_ONLY
0,71.7569,cam_2,CAM_ONLY,19.2444,,15.4758,3.7685,,24.3511,,0,,22.19,1.39,warning,,,CAMERA_ONLY
0,71.8271,cam_2,CAM_ONLY,19.3569,,15.4758,3.8810,,25.0781,,0,,13.27,2.05,warning,,,CAMERA_ONLY
0,71.8838,t1494,BOTH,19.3751,10.4969,15.4758,3.8993,4.9790,25.1959,32.1726,0,0,11.22,0.92,warning,,,FULL_ANGLE
0,71.8838,t1493,LIDAR_ONLY,17.5378,17.5378,15.4758,2.0620,2.0620,13.3240,13.3240,0,0,11.22,0.92,drive,16.64,front,LIDAR_ONLY
0,71.8838,t1494,LIDAR_ONLY,10.4375,10.4375,15.4758,5.0383,5.0383,32.5560,32.5560,0,0,11.22,0.92,cautious,4.55,front,LIDAR_ONLY
0,71.8838,t1494,LIDAR_ONLY,10.4439,10.4439,15.4758,5.0319,5.0319,32.5145,32.5145,0,0,11.22,0.92,cautious,-3.51,front,LIDAR_ONLY
0,71.9450,cam_2,CAM_ONLY,19.2946,,15.4758,3.8188,,24.6756,,0,,13.05,1.15,warning,,,CAMERA_ONLY
0,72.0028,cam_2,CAM_ONLY,19.3581,,15.4758,3.8822,,25.0857,,0,,12.05,1.15,warning,,,CAMERA_ONLY
0,72.0679,cam_2,CAM_ONLY,19.6955,,15.4758,4.2196,,27.2658,,0,,13.45,0.95,warning,,,CAMERA_ONLY
0,72.1280,t1506,BOTH,19.2590,10.4884,15.4758,3.7831,4.9875,24.4454,32.2273,0,0,16.41,1.24,warning,,,FULL_ANGLE
0,72.1280,t1505,LIDAR_ONLY,13.9313,13.9313,15.4758,1.5446,1.5446,9.9806,9.9806,0,0,16.41,1.24,cautious,22.98,front,LIDAR_ONLY
0,72.1280,t1506,LIDAR_ONLY,10.4403,10.4403,15.4758,5.0355,5.0355,32.5379,32.5379,0,0,16.41,1.24,cautious,6.70,front,LIDAR_ONLY
0,72.1830,t1506,BOTH,19.2417,10.4473,15.4758,3.7659,5.0285,24.3339,32.4929,0,0,13.34,1.01,warning,,,FULL_ANGLE
0,72.1830,t1505,LIDAR_ONLY,14.3085,14.3085,15.4758,1.1673,1.1673,7.5429,7.5429,0,0,13.34,1.01,cautious,19.16,front,LIDAR_ONLY
0,72.1830,t1505,LIDAR_ONLY,13.8221,13.8221,15.4758,1.6538,1.6538,10.6860,10.6860,0,0,13.34,1.01,cautious,27.56,front,LIDAR_ONLY
0,72.1830,t1506,LIDAR_ONLY,10.4392,10.4392,15.4758,5.0366,5.0366,32.5452,32.5452,0,0,13.34,1.01,cautious,6.55,front,LIDAR_ONLY
0,72.1830,t1506,LIDAR_ONLY,10.4470,10.4470,15.4758,5.0289,5.0289,32.4949,32.4949,0,0,13.34,1.01,cautious,-1.86,front,LIDAR_ONLY
0,72.1830,t1505,LIDAR_ONLY,13.7843,13.7843,15.4758,1.6916,1.6916,10.9304,10.9304,0,0,13.34,1.01,cautious,23.36,front,LIDAR_ONLY
0,72.2431,cam_2,CAM_ONLY,19.2420,,15.4758,3.7661,,24.3356,,0,,10.09,1.11,warning,,,CAMERA_ONLY
0,72.3128,cam_2,CAM_ONLY,19.3023,,15.4758,3.8265,,24.7255,,0,,17.71,1.10,warning,,,CAMERA_ONLY
0,72.3863,cam_2,CAM_ONLY,19.3259,,15.4758,3.8500,,24.8777,,0,,15.78,0.89,warning,,,CAMERA_ONLY
0,72.4389,cam_2,CAM_ONLY,19.2339,,15.4758,3.7580,,24.2833,,0,,10.67,1.13,warning,,,CAMERA_ONLY
0,72.4389,t1514,LIDAR_ONLY,11.0266,11.0266,15.4758,4.4493,4.4493,28.7499,28.7499,0,0,10.67,1.13,cautious,27.78,front,LIDAR_ONLY
0,72.4389,t1514,LIDAR_ONLY,11.3389,11.3389,15.4758,4.1370,4.1370,26.7319,26.7319,0,0,10.67,1.13,cautious,23.59,front,LIDAR_ONLY
0,72.4980,cam_2,CAM_ONLY,19.1817,,15.4758,3.7058,,23.9459,,0,,17.37,0.99,warning,,,CAMERA_ONLY
0,72.5587,cam_2,CAM_ONLY,19.1524,,15.4758,3.6765,,23.7564,,0,,13.48,1.17,warning,,,CAMERA_ONLY
0,72.6216,cam_2,CAM_ONLY,19.1207,,15.4758,3.6448,,23.5518,,0,,13.98,1.01,warning,,,CAMERA_ONLY
0,72.6760,cam_2,CAM_ONLY,19.2521,,15.4758,3.7762,,24.4009,,0,,12.38,0.93,warning,,,CAMERA_ONLY
0,72.7312,cam_2,CAM_ONLY,19.3311,,15.4758,3.8552,,24.9112,,0,,11.40,0.70,warning,,,CAMERA_ONLY
0,72.7863,cam_2,CAM_ONLY,19.1906,,15.4758,3.7148,,24.0039,,0,,11.15,1.25,warning,,,CAMERA_ONLY
0,72.7863,t1524,LIDAR_ONLY,11.5353,11.5353,15.4758,3.9406,3.9406,25.4627,25.4627,0,0,11.15,1.25,cautious,26.75,front,LIDAR_ONLY
0,72.7863,t1524,LIDAR_ONLY,11.8101,11.8101,15.4758,3.6658,3.6658,23.6870,23.6870,0,0,11.15,1.25,cautious,22.50,front,LIDAR_ONLY
0,72.8405,t1525,BOTH,19.2279,10.5296,15.4758,3.7520,4.9462,24.2446,31.9608,0,0,9.03,1.14,warning,,,FULL_ANGLE
0,72.8405,t1524,LIDAR_ONLY,12.2712,12.2712,15.4758,3.2047,3.2047,20.7077,20.7077,0,0,9.03,1.14,cautious,22.04,front,LIDAR_ONLY
0,72.8405,t1524,LIDAR_ONLY,12.4817,12.4817,15.4758,2.9942,2.9942,19.3473,19.3473,0,0,9.03,1.14,cautious,26.15,front,LIDAR_ONLY
0,72.8405,t1525,LIDAR_ONLY,10.4479,10.4479,15.4758,5.0280,5.0280,32.4891,32.4891,0,0,9.03,1.14,cautious,5.58,front,LIDAR_ONLY
0,72.8954,cam_2,CAM_ONLY,19.6610,,15.4758,4.1851,,27.0430,,0,,12.66,1.14,warning,,,CAMERA_ONLY
0,72.9540,cam_2,CAM_ONLY,19.3439,,15.4758,3.8681,,24.9944,,0,,11.42,0.85,warning,,,CAMERA_ONLY
0,73.0061,cam_2,CAM_ONLY,19.2512,,15.4758,3.7753,,24.3949,,0,,10.84,1.15,warning,,,CAMERA_ONLY
0,73.0644,cam_2,CAM_ONLY,19.2218,,15.4758,3.7459,,24.2049,,0,,10.16,1.00,warning,,,CAMERA_ONLY
0,73.1162,cam_2,CAM_ONLY,19.1697,,15.4758,3.6939,,23.8686,,0,,10.70,0.75,warning,,,CAMERA_ONLY
0,73.1807,cam_2,CAM_ONLY,19.3483,,15.4758,3.8724,,25.0225,,0,,21.10,0.90,warning,,,CAMERA_ONLY
0,73.2383,t1535,BOTH,19.3805,10.5537,15.4758,3.9046,4.9221,25.2303,31.8053,0,0,13.98,1.17,warning,,,FULL_ANGLE
0,73.2383,t1534,LIDAR_ONLY,13.1023,13.1023,15.4758,2.3735,2.3735,15.3368,15.3368,0,0,13.98,1.17,cautious,24.12,front,LIDAR_ONLY
0,73.2383,t1534,LIDAR_ONLY,11.8678,11.8678,15.4758,3.6081,3.6081,23.3143,23.3143,0,0,13.98,1.17,cautious,28.16,front,LIDAR_ONLY
0,73.2383,t1534,LIDAR_ONLY,12.1813,12.1813,15.4758,3.2945,3.2945,21.2882,21.2882,0,0,13.98,1.17,cautious,20.08,front,LIDAR_ONLY
0,73.2383,t1535,LIDAR_ONLY,10.5762,10.5762,15.4758,4.8996,4.8996,31.6598,31.6598,0,0,13.98,1.17,cautious,-4.17,front,LIDAR_ONLY
0,73.2383,t1535,LIDAR_ONLY,10.4866,10.4866,15.4758,4.9892,4.9892,32.2389,32.2389,0,0,13.98,1.17,cautious,3.91,front,LIDAR_ONLY
0,73.2960,cam_2,CAM_ONLY,19.3471,,15.4758,3.8713,,25.0151,,0,,10.50,1.02,warning,,,CAMERA_ONLY
0,73.3636,cam_2,CAM_ONLY,19.3431,,15.4758,3.8673,,24.9891,,0,,16.11,1.04,warning,,,CAMERA_ONLY
0,73.4208,cam_2,CAM_ONLY,19.3132,,15.4758,3.8373,,24.7957,,0,,15.23,1.06,warning,,,CAMERA_ONLY
0,73.4854,t1542,BOTH,19.2030,10.4077,15.4758,3.7272,5.0682,24.0839,32.7490,0,0,21.79,1.53,warning,,,FULL_ANGLE
0,73.4854,t1542,LIDAR_ONLY,10.4206,10.4206,15.4758,5.0553,5.0553,32.6656,32.6656,0,0,21.79,1.53,cautious,6.76,front,LIDAR_ONLY
0,73.4854,t1542,LIDAR_ONLY,10.4451,10.4451,15.4758,5.0308,5.0308,32.5072,32.5072,0,0,21.79,1.53,cautious,-1.67,front,LIDAR_ONLY
0,73.5370,t1542,BOTH,19.6468,10.4599,15.4758,4.1709,5.0160,26.9511,32.4117,0,0,9.70,1.03,warning,,,FULL_ANGLE
0,73.5370,t1544,LIDAR_ONLY,26.1130,26.1130,15.4758,10.6372,10.6372,68.7341,68.7341,0,0,9.70,1.03,drive,15.63,front,LIDAR_ONLY
0,73.5370,t1544,LIDAR_ONLY,21.6493,21.6493,15.4758,6.1734,6.1734,39.8907,39.8907,0,0,9.70,1.03,drive,19.79,front,LIDAR_ONLY
0,73.5370,t1544,LIDAR_ONLY,15.7866,15.7866,15.4758,0.3108,0.3108,2.0080,2.0080,1,1,9.70,1.03,drive,28.09,front,LIDAR_ONLY
0,73.5370,t1544,LIDAR_ONLY,15.0722,15.0722,15.4758,0.4036,0.4036,2.6080,2.6080,1,1,9.70,1.03,drive,23.94,front,LIDAR_ONLY
0,73.5916,cam_2,CAM_ONLY,19.6771,,15.4758,4.2012,,27.1471,,0,,9.66,1.42,warning,,,CAMERA_ONLY
0,73.5916,t1544,LIDAR_ONLY,14.5616,14.5616,15.4758,0.9143,0.9143,5.9077,5.9077,1,1,9.66,1.42,cautious,24.67,front,LIDAR_ONLY
0,73.5916,t1544,LIDAR_ONLY,14.2732,14.2732,15.4758,1.2027,1.2027,7.7712,7.7712,0,0,9.66,1.42,cautious,16.39,front,LIDAR_ONLY
0,73.5916,t1544,LIDAR_ONLY,14.1459,14.1459,15.4758,1.3299,1.3299,8.5937,8.5937,0,0,9.66,1.42,cautious,20.53,front,LIDAR_ONLY
0,73.6697,cam_2,CAM_ONLY,19.2251,,15.4758,3.7492,,24.2264,,0,,18.43,0.93,warning,,,CAMERA_ONLY
0,73.7278,t1542,BOTH,19.3456,10.4650,15.4758,3.8698,5.0108,25.0054,32.3783,0,0,9.64,0.86,warning,,,FULL_ANGLE
0,73.7278,t1544,LIDAR_ONLY,14.9944,14.9944,15.4758,0.4814,0.4814,3.1107,3.1107,1,1,9.64,0.86,cautious,16.90,front,LIDAR_ONLY
0,73.7278,t1542,LIDAR_ONLY,10.4701,10.4701,15.4758,5.0057,5.0057,32.3455,32.3455,0,0,9.64,0.86,cautious,4.64,front,LIDAR_ONLY
0,73.7831,t1542,BOTH,19.2566,10.4635,15.4758,3.7808,5.0124,24.4301,32.3884,0,0,12.56,0.96,warning,,,FULL_ANGLE
0,73.7831,t1544,LIDAR_ONLY,16.0546,16.0546,15.4758,0.5787,0.5787,3.7396,3.7396,1,1,12.56,0.96,cautious,18.41,front,LIDAR_ONLY
0,73.7831,t1542,LIDAR_ONLY,10.4744,10.4744,15.4758,5.0014,5.0014,32.3175,32.3175,0,0,12.56,0.96,cautious,-2.44,front,LIDAR_ONLY
0,73.7831,t1542,LIDAR_ONLY,10.4607,10.4607,15.4758,5.0151,5.0151,32.4063,32.4063,0,0,12.56,0.96,cautious,5.90,front,LIDAR_ONLY
0,73.8401,cam_2,CAM_ONLY,19.6664,,15.4758,4.1906,,27.0783,,0,,9.47,1.12,warning,,,CAMERA_ONLY
0,73.9030,cam_2,CAM_ONLY,19.3444,,15.4758,3.8685,,24.9971,,0,,18.92,1.96,warning,,,CAMERA_ONLY
0,73.9629,cam_2,CAM_ONLY,19.3237,,15.4758,3.8479,,24.8639,,0,,13.40,0.83,warning,,,CAMERA_ONLY
0,74.0345,t1557,BOTH,19.2463,10.4999,15.4758,3.7704,4.9760,24.3633,32.1533,0,0,15.91,1.06,warning,,,FULL_ANGLE
0,74.0345,t1555,LIDAR_ONLY,14.3275,14.3275,15.4758,1.1483,1.1483,7.4201,7.4201,0,0,15.91,1.06,cautious,22.48,front,LIDAR_ONLY
0,74.0345,t1555,LIDAR_ONLY,15.0097,15.0097,15.4758,0.4661,0.4661,3.0117,3.0117,1,1,15.91,1.06,cautious,18.37,front,LIDAR_ONLY
0,74.0345,t1555,LIDAR_ONLY,15.0228,15.0228,15.4758,0.4530,0.4530,2.9274,2.9274,1,1,15.91,1.06,cautious,26.59,front,LIDAR_ONLY
0,74.0345,t1557,LIDAR_ONLY,10.4390,10.4390,15.4758,5.0368,5.0368,32.5464,32.5464,0,0,15.91,1.06,cautious,6.05,front,LIDAR_ONLY
0,74.0345,t1557,LIDAR_ONLY,10.4528,10.4528,15.4758,5.0230,5.0230,32.4572,32.4572,0,0,15.91,1.06,cautious,-2.17,front,LIDAR_ONLY
0,74.0962,cam_2,CAM_ONLY,19.6133,,15.4758,4.1375,,26.7352,,0,,10.00,1.31,warning,,,CAMERA_ONLY
0,74.1486,cam_2,CAM_ONLY,19.1881,,15.4758,3.7123,,23.9874,,0,,13.68,1.15,warning,,,CAMERA_ONLY
0,74.2109,cam_2,CAM_ONLY,19.2981,,15.4758,3.8223,,24.6984,,0,,13.31,0.93,warning,,,CAMERA_ONLY
0,74.2881,t1562,BOTH,19.7462,10.5833,15.4758,4.2704,4.8925,27.5937,31.6141,0,0,21.87,1.51,warning,,,FULL_ANGLE
0,74.3470,cam_2,CAM_ONLY,19.1816,,15.4758,3.7058,,23.9457,,0,,9.38,0.94,warning,,,CAMERA_ONLY
0,74.4137,cam_2,CAM_ONLY,19.1508,,15.4758,3.6749,,23.7462,,0,,18.83,0.82,warning,,,CAMERA_ONLY
0,74.4906,t1562,BOTH,19.6356,10.4702,15.4758,4.1598,5.0056,26.8793,32.3447,0,0,20.52,1.41,warning,,,FULL_ANGLE
0,74.4906,t1567,LIDAR_ONLY,11.7346,11.7346,15.4758,3.7412,3.7412,24.1746,24.1746,0,0,20.52,1.41,cautious,26.38,front,LIDAR_ONLY
0,74.4906,t1567,LIDAR_ONLY,12.8176,12.8176,15.4758,2.6582,2.6582,17.1765,17.1765,0,0,20.52,1.41,cautious,18.28,front,LIDAR_ONLY
0,74.4906,t1567,LIDAR_ONLY,13.5128,13.5128,15.4758,1.9631,1.9631,12.6848,12.6848,0,0,20.52,1.41,cautious,22.33,front,LIDAR_ONLY
0,74.4906,t1562,LIDAR_ONLY,10.5415,10.5415,15.4758,4.9344,4.9344,31.8843,31.8843,0,0,20.52,1.41,cautious,-1.96,front,LIDAR_ONLY
0,74.4906,t1562,LIDAR_ONLY,10.4696,10.4696,15.4758,5.0063,5.0063,32.3489,32.3489,0,0,20.52,1.41,cautious,6.13,front,LIDAR_ONLY
0,74.5474,cam_2,CAM_ONLY,19.3055,,15.4758,3.8296,,24.7460,,0,,10.59,1.31,warning,,,CAMERA_ONLY
0,74.5474,t1567,LIDAR_ONLY,13.9589,13.9589,15.4758,1.5169,1.5169,9.8019,9.8019,0,0,10.59,1.31,cautious,22.22,front,LIDAR_ONLY
0,74.5474,t1567,LIDAR_ONLY,14.0379,14.0379,15.4758,1.4379,1.4379,9.2913,9.2913,0,0,10.59,1.31,cautious,26.25,front,LIDAR_ONLY
0,74.5474,t1567,LIDAR_ONLY,14.5037,14.5037,15.4758,0.9722,0.9722,6.2819,6.2819,1,1,10.59,1.31,cautious,18.20,front,LIDAR_ONLY
0,74.6047,cam_2,CAM_ONLY,19.7604,,15.4758,4.2846,,27.6857,,0,,11.75,1.21,warning,,,CAMERA_ONLY
0,74.6630,cam_2,CAM_ONLY,19.3017,,15.4758,3.8259,,24.7218,,0,,10.11,0.80,warning,,,CAMERA_ONLY
0,74.7293,cam_2,CAM_ONLY,19.2285,,15.4758,3.7527,,24.2485,,0,,17.86,1.64,warning,,,CAMERA_ONLY
0,74.8197,cam_2,CAM_ONLY,19.2816,,15.4758,3.8058,,24.5919,,0,,18.44,1.08,warning,,,CAMERA_ONLY
0,74.8879,cam_2,CAM_ONLY,19.3417,,15.4758,3.8658,,24.9797,,0,,19.83,2.02,warning,,,CAMERA_ONLY
0,74.8879,t1578,LIDAR_ONLY,16.4982,16.4982,15.4758,1.0223,1.0223,6.6060,6.6060,0,0,19.83,2.02,drive,20.32,front,LIDAR_ONLY
0,74.8879,t1578,LIDAR_ONLY,14.0891,14.0891,15.4758,1.3868,1.3868,8.9610,8.9610,0,0,19.83,2.02,cautious,24.42,front,LIDAR_ONLY
0,74.8879,t1578,LIDAR_ONLY,13.2277,13.2277,15.4758,2.2482,2.2482,14.5271,14.5271,0,0,19.83,2.02,cautious,28.53,front,LIDAR_ONLY
0,74.9620,cam_2,CAM_ONLY,19.3110,,15.4758,3.8352,,24.7818,,0,,20.26,1.57,warning,,,CAMERA_ONLY
0,75.0190,cam_2,CAM_ONLY,19.2536,,15.4758,3.7778,,24.4106,,0,,13.14,1.08,warning,,,CAMERA_ONLY
0,75.0783,cam_2,CAM_ONLY,19.3227,,15.4758,3.8469,,24.8573,,0,,12.32,0.81,warning,,,CAMERA_ONLY
0,75.1365,t1584,BOTH,19.2873,10.4850,15.4758,3.8115,4.9908,24.6287,32.2491,0,0,13.20,1.12,warning,,,FULL_ANGLE
0,75.1365,t1582,LIDAR_ONLY,13.6089,13.6089,15.4758,1.8669,1.8669,12.0634,12.0634,0,0,13.20,1.12,cautious,23.40,front,LIDAR_ONLY
0,75.1365,t1582,LIDAR_ONLY,12.2213,12.2213,15.4758,3.2546,3.2546,21.0299,21.0299,0,0,13.20,1.12,cautious,27.51,front,LIDAR_ONLY
0,75.1365,t1584,LIDAR_ONLY,10.4780,10.4780,15.4758,4.9978,4.9978,32.2945,32.2945,0,0,13.20,1.12,cautious,-1.25,front,LIDAR_ONLY
0,75.1998,cam_2,CAM_ONLY,19.3436,,15.4758,3.8678,,24.9922,,0,,13.68,1.19,warning,,,CAMERA_ONLY
0,75.2680,cam_2,CAM_ONLY,19.2047,,15.4758,3.7289,,24.0950,,0,,17.02,0.89,warning,,,CAMERA_ONLY
0,75.3373,t1584,BOTH,19.2024,10.5061,15.4758,3.7266,4.9698,24.0799,32.1131,0,0,13.80,1.34,warning,,,FULL_ANGLE
0,75.3373,t1582,LIDAR_ONLY,11.6150,11.6150,15.4758,3.8608,3.8608,24.9473,24.9473,0,0,13.80,1.34,cautious,28.62,front,LIDAR_ONLY
0,75.3373,t1591,LIDAR_ONLY,23.5587,23.5587,15.4758,8.0829,8.0829,52.2292,52.2292,0,0,13.80,1.34,drive,16.50,front,LIDAR_ONLY
0,75.3373,t1591,LIDAR_ONLY,20.2850,20.2850,15.4758,4.8091,4.8091,31.0750,31.0750,0,0,13.80,1.34,drive,20.54,front,LIDAR_ONLY
0,75.3373,t1584,LIDAR_ONLY,10.4936,10.4936,15.4758,4.9823,4.9823,32.1940,32.1940,0,0,13.80,1.34,cautious,-3.71,front,LIDAR_ONLY
0,75.3373,t1591,LIDAR_ONLY,17.9604,17.9604,15.4758,2.4845,2.4845,16.0543,16.0543,0,0,13.80,1.34,drive,24.58,front,LIDAR_ONLY
0,75.3373,t1584,LIDAR_ONLY,10.4996,10.4996,15.4758,4.9762,4.9762,32.1548,32.1548,0,0,13.80,1.34,cautious,4.37,front,LIDAR_ONLY
0,75.3899,cam_2,CAM_ONLY,19.3456,,15.4758,3.8698,,25.0054,,0,,11.24,1.22,warning,,,CAMERA_ONLY
0,75.3899,t1582,LIDAR_ONLY,11.4782,11.4782,15.4758,3.9976,3.9976,25.8312,25.8312,0,0,11.24,1.22,cautious,27.90,front,LIDAR_ONLY
0,75.3899,t1591,LIDAR_ONLY,17.9004,17.9004,15.4758,2.4245,2.4245,15.6664,15.6664,0,0,11.24,1.22,drive,19.49,front,LIDAR_ONLY
0,75.3899,t1591,LIDAR_ONLY,16.6644,16.6644,15.4758,1.1885,1.1885,7.6800,7.6800,0,0,11.24,1.22,drive,23.69,front,LIDAR_ONLY
0,75.4504,cam_2,CAM_ONLY,19.2124,,15.4758,3.7365,,24.1443,,0,,14.51,1.04,warning,,,CAMERA_ONLY
0,75.5053,cam_2,CAM_ONLY,19.4014,,15.4758,3.9256,,25.3660,,0,,9.04,0.76,warning,,,CAMERA_ONLY
0,75.5613,cam_2,CAM_ONLY,19.1844,,15.4758,3.7086,,23.9637,,0,,12.95,0.86,warning,,,CAMERA_ONLY
0,75.6269,t1595,BOTH,19.3046,10.5187,15.4758,3.8287,4.9572,24.7400,32.0318,0,0,13.91,1.58,warning,,,FULL_ANGLE
0,75.6269,t1595,LIDAR_ONLY,10.5223,10.5223,15.4758,4.9535,4.9535,32.0081,32.0081,0,0,13.91,1.58,cautious,-3.90,front,LIDAR_ONLY
0,75.7039,cam_2,CAM_ONLY,19.3022,,15.4758,3.8263,,24.7245,,0,,23.49,1.61,warning,,,CAMERA_ONLY
0,75.7039,t1601,LIDAR_ONLY,10.7833,10.7833,15.4758,4.6926,4.6926,30.3220,30.3220,0,0,23.49,1.61,cautious,28.31,front,LIDAR_ONLY
0,75.7730,cam_2,CAM_ONLY,19.2684,,15.4758,3.7926,,24.5066,,0,,15.88,2.04,warning,,,CAMERA_ONLY
0,75.8527,cam_2,CAM_ONLY,19.3497,,15.4758,3.8738,,25.0315,,0,,23.92,1.79,warning,,,CAMERA_ONLY
0,75.9098,cam_2,CAM_ONLY,19.2687,,15.4758,3.7929,,24.5083,,0,,12.30,0.87,warning,,,CAMERA_ONLY
0,75.9673,cam_2,CAM_ONLY,19.2631,,15.4758,3.7873,,24.4723,,0,,8.86,0.90,warning,,,CAMERA_ONLY
0,76.0262,cam_2,CAM_ONLY,19.7064,,15.4758,4.2306,,27.3367,,0,,12.26,1.01,warning,,,CAMERA_ONLY
0,76.0881,t1611,BOTH,19.2731,10.5544,15.4758,3.7972,4.9215,24.5365,31.8010,0,0,13.32,2.55,warning,,,FULL_ANGLE
0,76.0881,t1608,LIDAR_ONLY,13.1498,13.1498,15.4758,2.3260,2.3260,15.0300,15.0300,0,0,13.32,2.55,cautious,24.05,front,LIDAR_ONLY
0,76.0881,t1608,LIDAR_ONLY,13.6740,13.6740,15.4758,1.8018,1.8018,11.6427,11.6427,0,0,13.32,2.55,cautious,19.86,front,LIDAR_ONLY
0,76.0881,t1608,LIDAR_ONLY,13.4239,13.4239,15.4758,2.0519,2.0519,13.2588,13.2588,0,0,13.32,2.55,cautious,28.23,front,LIDAR_ONLY
0,76.0881,t1610,LIDAR_ONLY,25.9623,25.9623,15.4758,10.4865,10.4865,67.7604,67.7604,0,0,13.32,2.55,drive,15.68,front,LIDAR_ONLY
0,76.1635,cam_2,CAM_ONLY,19.1930,,15.4758,3.7172,,24.0192,,0,,18.02,1.25,warning,,,CAMERA_ONLY
0,76.2194,cam_2,CAM_ONLY,19.2338,,15.4758,3.7580,,24.2827,,0,,10.32,0.93,warning,,,CAMERA_ONLY
0,76.2752,cam_2,CAM_ONLY,19.2942,,15.4758,3.8184,,24.6733,,0,,10.19,1.23,warning,,,CAMERA_ONLY
0,76.3342,t1619,BOTH,19.2756,10.5107,15.4758,3.7998,4.9651,24.5529,32.0830,0,0,12.95,1.02,warning,,,FULL_ANGLE
0,76.3342,t1617,LIDAR_ONLY,13.4734,13.4734,15.4758,2.0024,2.0024,12.9391,12.9391,0,0,12.95,1.02,cautious,23.59,front,LIDAR_ONLY
0,76.3342,t1617,LIDAR_ONLY,12.2642,12.2642,15.4758,3.2116,3.2116,20.7526,20.7526,0,0,12.95,1.02,cautious,27.69,front,LIDAR_ONLY
0,76.3342,t1617,LIDAR_ONLY,12.7336,12.7336,15.4758,2.7423,2.7423,17.7198,17.7198,0,0,12.95,1.02,cautious,19.49,front,LIDAR_ONLY
0,76.3342,t1619,LIDAR_ONLY,10.5425,10.5425,15.4758,4.9333,4.9333,31.8774,31.8774,0,0,12.95,1.02,cautious,-1.02,front,LIDAR_ONLY
0,76.3892,cam_2,CAM_ONLY,19.2007,,15.4758,3.7249,,24.0691,,0,,10.62,1.20,warning,,,CAMERA_ONLY
0,76.4471,cam_2,CAM_ONLY,19.5727,,15.4758,4.0968,,26.4725,,0,,10.28,1.15,warning,,,CAMERA_ONLY
0,76.5074,cam_2,CAM_ONLY,19.2671,,15.4758,3.7913,,24.4981,,0,,11.64,1.09,warning,,,CAMERA_ONLY
0,76.5678,cam_2,CAM_ONLY,19.3815,,15.4758,3.9056,,25.2370,,0,,13.04,1.26,warning,,,CAMERA_ONLY
0,76.6237,cam_2,CAM_ONLY,19.2991,,15.4758,3.8232,,24.7044,,0,,9.68,1.04,warning,,,CAMERA_ONLY
0,76.6797,cam_2,CAM_ONLY,19.1926,,15.4758,3.7167,,24.0164,,0,,11.37,0.69,warning,,,CAMERA_ONLY
0,76.7427,cam_2,CAM_ONLY,19.2016,,15.4758,3.7258,,24.0749,,0,,11.79,1.23,warning,,,CAMERA_ONLY
0,76.7427,t1630,LIDAR_ONLY,10.8043,10.8043,15.4758,4.6715,4.6715,30.1861,30.1861,0,0,11.79,1.23,cautious,28.27,front,LIDAR_ONLY
0,76.7427,t1630,LIDAR_ONLY,11.0232,11.0232,15.4758,4.4527,4.4527,28.7717,28.7717,0,0,11.79,1.23,cautious,24.25,front,LIDAR_ONLY
0,76.8053,cam_2,CAM_ONLY,19.2305,,15.4758,3.7547,,24.2614,,0,,15.51,1.26,warning,,,CAMERA_ONLY
0,76.8752,cam_2,CAM_ONLY,19.3922,,15.4758,3.9163,,25.3060,,0,,21.46,1.78,warning,,,CAMERA_ONLY
0,76.9370,t1636,BOTH,19.3104,10.6173,15.4758,3.8346,4.8586,24.7780,31.3947,0,0,19.49,1.88,warning,,,FULL_ANGLE
0,76.9370,t1630,LIDAR_ONLY,12.2350,12.2350,15.4758,3.2408,3.2408,20.9412,20.9412,0,0,19.49,1.88,cautious,15.69,front,LIDAR_ONLY
0,76.9370,t1630,LIDAR_ONLY,13.2124,13.2124,15.4758,2.2634,2.2634,14.6253,14.6253,0,0,19.49,1.88,cautious,19.78,front,LIDAR_ONLY
0,76.9370,t1636,LIDAR_ONLY,10.5994,10.5994,15.4758,4.8764,4.8764,31.5101,31.5101,0,0,19.49,1.88,cautious,-4.74,front,LIDAR_ONLY
0,76.9370,t1636,LIDAR_ONLY,10.5471,10.5471,15.4758,4.9288,4.9288,31.8482,31.8482,0,0,19.49,1.88,cautious,3.43,front,LIDAR_ONLY
0,77.0093,cam_2,CAM_ONLY,19.2472,,15.4758,3.7714,,24.3694,,0,,14.06,1.18,warning,,,CAMERA_ONLY
0,77.0687,cam_2,CAM_ONLY,19.3279,,15.4758,3.8521,,24.8908,,0,,11.35,1.06,warning,,,CAMERA_ONLY
0,77.1335,t1636,BOTH,19.3553,10.5522,15.4758,3.8794,4.9237,25.0676,31.8153,0,0,18.78,1.25,warning,,,FULL_ANGLE
0,77.1335,t1630,LIDAR_ONLY,13.7990,13.7990,15.4758,1.6768,1.6768,10.8350,10.8350,0,0,18.78,1.25,cautious,24.25,front,LIDAR_ONLY
0,77.1335,t1630,LIDAR_ONLY,14.3309,14.3309,15.4758,1.1449,1.1449,7.3981,7.3981,0,0,18.78,1.25,cautious,28.40,front,LIDAR_ONLY
0,77.1335,t1636,LIDAR_ONLY,10.5491,10.5491,15.4758,4.9268,4.9268,31.8353,31.8353,0,0,18.78,1.25,cautious,-4.80,front,LIDAR_ONLY
0,77.1335,t1636,LIDAR_ONLY,10.5156,10.5156,15.4758,4.9602,4.9602,32.0515,32.0515,0,0,18.78,1.25,cautious,3.50,front,LIDAR_ONLY
0,77.1935,cam_2,CAM_ONLY,19.9396,,15.4758,4.4638,,28.8435,,0,,14.50,1.18,warning,,,CAMERA_ONLY
0,77.1935,t1630,LIDAR_ONLY,14.6387,14.6387,15.4758,0.8372,0.8372,5.4094,5.4094,1,1,14.50,1.18,cautious,23.73,front,LIDAR_ONLY
0,77.1935,t1630,LIDAR_ONLY,12.6821,12.6821,15.4758,2.7937,2.7937,18.0523,18.0523,0,0,14.50,1.18,cautious,27.86,front,LIDAR_ONLY
0,77.2488,cam_2,CAM_ONLY,19.2475,,15.4758,3.7717,,24.3715,,0,,12.89,0.98,warning,,,CAMERA_ONLY
0,77.3111,cam_2,CAM_ONLY,19.1797,,15.4758,3.7038,,23.9329,,0,,12.44,0.89,warning,,,CAMERA_ONLY
0,77.3798,t1643,BOTH,19.2580,10.5526,15.4758,3.7822,4.9233,24.4393,31.8127,0,0,12.01,0.88,warning,,,FULL_ANGLE
0,77.4452,cam_2,CAM_ONLY,19.7158,,15.4758,4.2399,,27.3972,,0,,12.67,1.02,warning,,,CAMERA_ONLY
0,77.5002,cam_2,CAM_ONLY,19.6633,,15.4758,4.1874,,27.0578,,0,,9.57,1.13,warning,,,CAMERA_ONLY
0,77.5703,cam_2,CAM_ONLY,19.2978,,15.4758,3.8220,,24.6963,,0,,18.68,1.14,warning,,,CAMERA_ONLY
0,77.6250,cam_2,CAM_ONLY,19.2445,,15.4758,3.7686,,24.3518,,0,,8.89,0.90,warning,,,CAMERA_ONLY
0,77.6917,t1653,BOTH,19.3767,10.3933,15.4758,3.9009,5.0825,25.2063,32.8416,0,0,16.08,1.05,warning,,,FULL_ANGLE
0,77.6917,t1652,LIDAR_ONLY,12.6823,12.6823,15.4758,2.7935,2.7935,18.0509,18.0509,0,0,16.08,1.05,cautious,24.76,front,LIDAR_ONLY
0,77.6917,t1652,LIDAR_ONLY,13.2075,13.2075,15.4758,2.2683,2.2683,14.6570,14.6570,0,0,16.08,1.05,cautious,20.55,front,LIDAR_ONLY
0,77.6917,t1652,LIDAR_ONLY,13.1074,13.1074,15.4758,2.3684,2.3684,15.3041,15.3041,0,0,16.08,1.05,cautious,28.96,front,LIDAR_ONLY
0,77.6917,t1653,LIDAR_ONLY,10.4081,10.4081,15.4758,5.0677,5.0677,32.7459,32.7459,0,0,16.08,1.05,cautious,-4.70,front,LIDAR_ONLY
0,77.7609,cam_2,CAM_ONLY,19.4234,,15.4758,3.9476,,25.5079,,0,,14.75,0.83,warning,,,CAMERA_ONLY
0,77.8292,cam_2,CAM_ONLY,19.3222,,15.4758,3.8463,,24.8537,,0,,16.55,1.35,warning,,,CAMERA_ONLY
0,77.8989,cam_2,CAM_ONLY,19.3896,,15.4758,3.9138,,25.2897,,0,,15.25,1.00,warning,,,CAMERA_ONLY
0,77.9758,cam_2,CAM_ONLY,19.4504,,15.4758,3.9745,,25.6821,,0,,19.26,1.01,warning,,,CAMERA_ONLY
0,78.0496,cam_2,CAM_ONLY,19.3294,,15.4758,3.8536,,24.9004,,0,,16.06,1.01,warning,,,CAMERA_ONLY
0,78.1053,cam_2,CAM_ONLY,19.3201,,15.4758,3.8442,,24.8401,,0,,10.46,1.16,warning,,,CAMERA_ONLY
0,78.1666,cam_2,CAM_ONLY,19.2377,,15.4758,3.7618,,24.3079,,0,,16.65,1.07,warning,,,CAMERA_ONLY
0,78.2295,cam_2,CAM_ONLY,19.2318,,15.4758,3.7560,,24.2700,,0,,14.35,1.03,warning,,,CAMERA_ONLY
0,78.2890,t1665,BOTH,19.6708,10.5099,15.4758,4.1949,4.9659,27.1063,32.0881,0,0,12.54,1.11,warning,,,FULL_ANGLE
0,78.2890,t1664,LIDAR_ONLY,14.7537,14.7537,15.4758,0.7222,0.7222,4.6665,4.6665,1,1,12.54,1.11,cautious,21.98,front,LIDAR_ONLY
0,78.2890,t1664,LIDAR_ONLY,13.5759,13.5759,15.4758,1.8999,1.8999,12.2766,12.2766,0,0,12.54,1.11,cautious,25.99,front,LIDAR_ONLY
0,78.3631,cam_2,CAM_ONLY,19.3038,,15.4758,3.8279,,24.7348,,0,,20.34,1.87,warning,,,CAMERA_ONLY
0,78.4355,t1665,BOTH,19.5784,10.4991,15.4758,4.1026,4.9767,26.5094,32.1582,0,0,19.49,1.49,warning,,,FULL_ANGLE
0,78.5039,cam_2,CAM_ONLY,19.1852,,15.4758,3.7093,,23.9686,,0,,18.62,1.25,warning,,,CAMERA_ONLY
0,78.5761,cam_2,CAM_ONLY,19.2537,,15.4758,3.7779,,24.4115,,0,,16.67,1.13,warning,,,CAMERA_ONLY
0,78.6314,t1665,BOTH,19.2783,10.5001,15.4758,3.8025,4.9758,24.5705,32.1518,0,0,14.19,0.83,warning,,,FULL_ANGLE
0,78.6918,cam_2,CAM_ONLY,19.2323,,15.4758,3.7565,,24.2732,,0,,11.63,1.17,warning,,,CAMERA_ONLY
0,78.7423,cam_2,CAM_ONLY,19.3899,,15.4758,3.9140,,25.2914,,0,,10.97,1.22,warning,,,CAMERA_ONLY
0,78.8188,cam_2,CAM_ONLY,19.3023,,15.4758,3.8265,,24.7254,,0,,21.72,0.98,warning,,,CAMERA_ONLY
0,78.8731,cam_2,CAM_ONLY,19.2322,,15.4758,3.7563,,24.2722,,0,,11.85,0.95,warning,,,CAMERA_ONLY
0,78.9276,cam_2,CAM_ONLY,19.7211,,15.4758,4.2452,,27.4314,,0,,10.29,0.71,warning,,,CAMERA_ONLY
0,78.9842,t1683,BOTH,19.8017,10.5783,15.4758,4.3259,4.8976,27.9523,31.6466,0,0,11.22,0.84,warning,,,FULL_ANGLE
0,78.9842,t1683,LIDAR_ONLY,10.6017,10.6017,15.4758,4.8742,4.8742,31.4952,31.4952,0,0,11.22,0.84,cautious,-2.11,front,LIDAR_ONLY
0,79.0649,cam_2,CAM_ONLY,19.4174,,15.4758,3.9416,,25.4692,,0,,25.05,1.74,warning,,,CAMERA_ONLY
0,79.1274,cam_2,CAM_ONLY,19.2690,,15.4758,3.7932,,24.5104,,0,,12.63,0.79,warning,,,CAMERA_ONLY
0,79.1917,cam_2,CAM_ONLY,19.3116,,15.4758,3.8357,,24.7854,,0,,16.67,1.23,warning,,,CAMERA_ONLY
0,79.1917,t1689,LIDAR_ONLY,13.1767,13.1767,15.4758,2.2992,2.2992,14.8566,14.8566,0,0,16.67,1.23,cautious,24.01,front,LIDAR_ONLY
0,79.1917,t1689,LIDAR_ONLY,12.2045,12.2045,15.4758,3.2714,3.2714,21.1386,21.1386,0,0,16.67,1.23,cautious,28.14,front,LIDAR_ONLY
0,79.1917,t1689,LIDAR_ONLY,12.4935,12.4935,15.4758,2.9824,2.9824,19.2712,19.2712,0,0,16.67,1.23,cautious,19.88,front,LIDAR_ONLY
0,79.2516,cam_2,CAM_ONLY,19.3026,,15.4758,3.8268,,24.7273,,0,,10.82,1.14,warning,,,CAMERA_ONLY
0,79.3189,cam_2,CAM_ONLY,19.3221,,15.4758,3.8463,,24.8533,,0,,18.56,1.09,warning,,,CAMERA_ONLY
0,79.3880,t1695,BOTH,19.3096,10.5385,15.4758,3.8337,4.9374,24.7722,31.9037,0,0,18.41,1.20,warning,,,FULL_ANGLE
0,79.3880,t1689,LIDAR_ONLY,12.6952,12.6952,15.4758,2.7806,2.7806,17.9674,17.9674,0,0,18.41,1.20,cautious,24.03,front,LIDAR_ONLY
0,79.3880,t1689,LIDAR_ONLY,12.6168,12.6168,15.4758,2.8590,2.8590,18.4739,18.4739,0,0,18.41,1.20,cautious,28.06,front,LIDAR_ONLY
0,79.3880,t1695,LIDAR_ONLY,10.5746,10.5746,15.4758,4.9012,4.9012,31.6701,31.6701,0,0,18.41,1.20,cautious,-4.13,front,LIDAR_ONLY
0,79.3880,t1695,LIDAR_ONLY,10.5265,10.5265,15.4758,4.9493,4.9493,31.9811,31.9811,0,0,18.41,1.20,cautious,3.92,front,LIDAR_ONLY
0,79.4426,t1695,BOTH,19.3165,10.4893,15.4758,3.8407,4.9865,24.8173,32.2215,0,0,9.37,1.32,warning,,,FULL_ANGLE
0,79.4426,t1689,LIDAR_ONLY,12.6739,12.6739,15.4758,2.8020,2.8020,18.1056,18.1056,0,0,9.37,1.32,cautious,22.53,front,LIDAR_ONLY
0,79.4426,t1689,LIDAR_ONLY,12.8045,12.8045,15.4758,2.6713,2.6713,17.2612,17.2612,0,0,9.37,1.32,cautious,26.53,front,LIDAR_ONLY
0,79.5088,cam_2,CAM_ONLY,19.2406,,15.4758,3.7648,,24.3269,,0,,19.28,1.32,warning,,,CAMERA_ONLY
0,79.5718,cam_2,CAM_ONLY,19.2469,,15.4758,3.7711,,24.3674,,0,,15.39,0.89,warning,,,CAMERA_ONLY
0,79.6364,t1689,BOTH,19.2279,13.3310,15.4758,3.7520,2.1449,24.2446,13.8594,0,0,16.40,1.00,warning,,,FULL_ANGLE
0,79.6364,t1689,LIDAR_ONLY,12.5870,12.5870,15.4758,2.8888,2.8888,18.6667,18.6667,0,0,16.40,1.00,cautious,24.18,front,LIDAR_ONLY
0,79.6364,t1689,LIDAR_ONLY,14.2992,14.2992,15.4758,1.1766,1.1766,7.6029,7.6029,0,0,16.40,1.00,cautious,20.06,front,LIDAR_ONLY
0,79.6364,t1689,LIDAR_ONLY,14.6798,14.6798,15.4758,0.7961,0.7961,5.1440,5.1440,1,1,16.40,1.00,cautious,28.31,front,LIDAR_ONLY
0,79.7156,cam_2,CAM_ONLY,19.6887,,15.4758,4.2129,,27.2223,,0,,18.77,1.51,warning,,,CAMERA_ONLY
0,79.7823,t1702,BOTH,19.2786,10.4708,15.4758,3.8028,5.0050,24.5723,32.3408,0,0,13.93,1.13,warning,,,FULL_ANGLE
0,79.7823,t1689,LIDAR_ONLY,14.9562,14.9562,15.4758,0.5197,0.5197,3.3581,3.3581,1,1,13.93,1.13,cautious,23.73,front,LIDAR_ONLY
0,79.7823,t1689,LIDAR_ONLY,14.6344,14.6344,15.4758,0.8415,0.8415,5.4374,5.4374,1,1,13.93,1.13,cautious,27.80,front,LIDAR_ONLY
0,79.7823,t1689,LIDAR_ONLY,13.3692,13.3692,15.4758,2.1067,2.1067,13.6126,13.6126,0,0,13.93,1.13,cautious,19.65,front,LIDAR_ONLY
0,79.7823,t1702,LIDAR_ONLY,10.4608,10.4608,15.4758,5.0150,5.0150,32.4055,32.4055,0,0,13.93,1.13,cautious,3.36,front,LIDAR_ONLY
0,79.7823,t1702,LIDAR_ONLY,10.4685,10.4685,15.4758,5.0073,5.0073,32.3557,32.3557,0,0,13.93,1.13,cautious,-4.79,front,LIDAR_ONLY
0,79.8414,cam_2,CAM_ONLY,19.2616,,15.4758,3.7857,,24.4621,,0,,11.67,1.15,warning,,,CAMERA_ONLY
0,79.8414,t1689,LIDAR_ONLY,13.1952,13.1952,15.4758,2.2807,2.2807,14.7369,14.7369,0,0,11.67,1.15,cautious,19.58,front,LIDAR_ONLY
0,79.8414,t1689,LIDAR_ONLY,13.1293,13.1293,15.4758,2.3465,2.3465,15.1624,15.1624,0,0,11.67,1.15,cautious,28.15,front,LIDAR_ONLY
0,79.8414,t1689,LIDAR_ONLY,13.1006,13.1006,15.4758,2.3752,2.3752,15.3481,15.3481,0,0,11.67,1.15,cautious,23.86,front,LIDAR_ONLY
0,79.9030,cam_2,CAM_ONLY,19.6740,,15.4758,4.1982,,27.1272,,0,,11.73,1.19,warning,,,CAMERA_ONLY
0,79.9766,cam_2,CAM_ONLY,19.6611,,15.4758,4.1853,,27.0441,,0,,16.41,0.84,warning,,,CAMERA_ONLY
0,80.0374,t1709,BOTH,19.6221,10.4245,15.4758,4.1463,5.0513,26.7920,32.6399,0,0,14.24,1.13,warning,,,FULL_ANGLE
0,80.0374,t1689,LIDAR_ONLY,14.0428,14.0428,15.4758,1.4330,1.4330,9.2597,9.2597,0,0,14.24,1.13,cautious,15.74,front,LIDAR_ONLY
0,80.0374,t1689,LIDAR_ONLY,14.6662,14.6662,15.4758,0.8097,0.8097,5.2320,5.2320,1,1,14.24,1.13,cautious,19.90,front,LIDAR_ONLY
0,80.0374,t1689,LIDAR_ONLY,14.8828,14.8828,15.4758,0.5931,0.5931,3.8322,3.8322,1,1,14.24,1.13,cautious,24.06,front,LIDAR_ONLY
0,80.0374,t1689,LIDAR_ONLY,15.0974,15.0974,15.4758,0.3784,0.3784,2.4452,2.4452,1,1,14.24,1.13,cautious,28.21,front,LIDAR_ONLY
0,80.0374,t1709,LIDAR_ONLY,10.4752,10.4752,15.4758,5.0007,5.0007,32.3126,32.3126,0,0,14.24,1.13,cautious,-0.89,front,LIDAR_ONLY
0,80.0985,cam_2,CAM_ONLY,19.2212,,15.4758,3.7453,,24.2012,,0,,13.06,1.06,warning,,,CAMERA_ONLY
0,80.1583,cam_2,CAM_ONLY,19.3630,,15.4758,3.8872,,25.1177,,0,,13.70,0.93,warning,,,CAMERA_ONLY
0,80.2197,cam_2,CAM_ONLY,19.2960,,15.4758,3.8202,,24.6847,,0,,10.79,0.90,warning,,,CAMERA_ONLY
0,80.2736,cam_2,CAM_ONLY,19.2907,,15.4758,3.8149,,24.6506,,0,,9.33,0.81,warning,,,CAMERA_ONLY
0,80.3339,t1717,BOTH,19.6586,10.4816,15.4758,4.1828,4.9942,27.0277,32.2712,0,0,16.27,0.98,warning,,,FULL_ANGLE
0,80.3339,t1716,LIDAR_ONLY,13.9934,13.9934,15.4758,1.4824,1.4824,9.5790,9.5790,0,0,16.27,0.98,cautious,22.90,front,LIDAR_ONLY
0,80.3339,t1717,LIDAR_ONLY,10.4883,10.4883,15.4758,4.9875,4.9875,32.2279,32.2279,0,0,16.27,0.98,cautious,-1.39,front,LIDAR_ONLY
0,80.3339,t1716,LIDAR_ONLY,14.5882,14.5882,15.4758,0.8876,0.8876,5.7355,5.7355,1,1,16.27,0.98,cautious,18.85,front,LIDAR_ONLY
0,80.3339,t1717,LIDAR_ONLY,10.4531,10.4531,15.4758,5.0228,5.0228,32.4555,32.4555,0,0,16.27,0.98,cautious,6.70,front,LIDAR_ONLY
0,80.3913,t1717,BOTH,19.5775,10.4602,15.4758,4.1017,5.0156,26.5038,32.4094,0,0,9.39,1.24,warning,,,FULL_ANGLE
0,80.3913,t1716,LIDAR_ONLY,14.8486,14.8486,15.4758,0.6273,0.6273,4.0533,4.0533,1,1,9.39,1.24,cautious,21.87,front,LIDAR_ONLY
0,80.3913,t1716,LIDAR_ONLY,14.3412,14.3412,15.4758,1.1347,1.1347,7.3318,7.3318,0,0,9.39,1.24,cautious,25.98,front,LIDAR_ONLY
0,80.3913,t1717,LIDAR_ONLY,10.4552,10.4552,15.4758,5.0207,5.0207,32.4421,32.4421,0,0,9.39,1.24,cautious,-2.79,front,LIDAR_ONLY
0,80.4555,cam_2,CAM_ONLY,19.6244,,15.4758,4.1485,,26.8064,,0,,11.84,1.18,warning,,,CAMERA_ONLY
0,80.5191,cam_2,CAM_ONLY,19.2017,,15.4758,3.7259,,24.0753,,0,,17.06,1.86,warning,,,CAMERA_ONLY
0,80.5864,t1717,BOTH,19.3362,10.4617,15.4758,3.8603,5.0142,24.9441,32.4001,0,0,20.15,1.03,warning,,,FULL_ANGLE
0,80.5864,t1716,LIDAR_ONLY,14.3571,14.3571,15.4758,1.1187,1.1187,7.2287,7.2287,0,0,20.15,1.03,cautious,22.16,front,LIDAR_ONLY
0,80.5864,t1716,LIDAR_ONLY,13.6884,13.6884,15.4758,1.7874,1.7874,11.5496,11.5496,0,0,20.15,1.03,cautious,26.36,front,LIDAR_ONLY
0,80.6655,cam_2,CAM_ONLY,19.3278,,15.4758,3.8519,,24.8899,,0,,14.04,0.91,warning,,,CAMERA_ONLY
0,80.7246,cam_2,CAM_ONLY,19.3193,,15.4758,3.8435,,24.8355,,0,,14.74,1.09,warning,,,CAMERA_ONLY
0,80.7824,t1717,BOTH,19.3130,10.4534,15.4758,3.8371,5.0225,24.7942,32.4537,0,0,14.01,0.91,warning,,,FULL_ANGLE
0,80.7824,t1717,LIDAR_ONLY,10.4351,10.4351,15.4758,5.0407,5.0407,32.5715,32.5715,0,0,14.01,0.91,cautious,6.76,front,LIDAR_ONLY
0,80.7824,t1716,LIDAR_ONLY,13.6803,13.6803,15.4758,1.7956,1.7956,11.6024,11.6024,0,0,14.01,0.91,cautious,18.90,front,LIDAR_ONLY
0,80.7824,t1717,LIDAR_ONLY,10.4455,10.4455,15.4758,5.0304,5.0304,32.5046,32.5046,0,0,14.01,0.91,cautious,-1.33,front,LIDAR_ONLY
0,80.8454,cam_2,CAM_ONLY,19.4513,,15.4758,3.9755,,25.6883,,0,,13.13,1.07,warning,,,CAMERA_ONLY
0,80.8454,t1716,LIDAR_ONLY,13.8143,13.8143,15.4758,1.6616,1.6616,10.7367,10.7367,0,0,13.13,1.07,cautious,19.01,front,LIDAR_ONLY
0,80.8454,t1716,LIDAR_ONLY,13.8690,13.8690,15.4758,1.6068,1.6068,10.3827,10.3827,0,0,13.13,1.07,cautious,27.01,front,LIDAR_ONLY
0,80.8454,t1716,LIDAR_ONLY,13.8643,13.8643,15.4758,1.6116,1.6116,10.4136,10.4136,0,0,13.13,1.07,cautious,23.01,front,LIDAR_ONLY
0,80.9144,cam_2,CAM_ONLY,19.2909,,15.4758,3.8151,,24.6517,,0,,21.93,1.41,warning,,,CAMERA_ONLY
0,80.9835,t1717,BOTH,19.4915,10.4668,15.4758,4.0156,5.0090,25.9476,32.3667,0,0,18.09,0.94,warning,,,FULL_ANGLE
0,80.9835,t1716,LIDAR_ONLY,13.7995,13.7995,15.4758,1.6763,1.6763,10.8318,10.8318,0,0,18.09,0.94,cautious,29.68,front,LIDAR_ONLY
0,80.9835,t1716,LIDAR_ONLY,12.9539,12.9539,15.4758,2.5220,2.5220,16.2961,16.2961,0,0,18.09,0.94,cautious,25.46,front,LIDAR_ONLY
0,80.9835,t1716,LIDAR_ONLY,12.4735,12.4735,15.4758,3.0024,3.0024,19.4004,19.4004,0,0,18.09,0.94,cautious,21.23,front,LIDAR_ONLY
0,80.9835,t1717,LIDAR_ONLY,10.4574,10.4574,15.4758,5.0185,5.0185,32.4278,32.4278,0,0,18.09,0.94,cautious,4.33,front,LIDAR_ONLY
0,81.0440,cam_2,CAM_ONLY,19.3146,,15.4758,3.8388,,24.8050,,0,,12.88,1.19,warning,,,CAMERA_ONLY
0,81.1121,cam_2,CAM_ONLY,19.2635,,15.4758,3.7876,,24.4744,,0,,19.68,0.83,warning,,,CAMERA_ONLY
0,81.1737,cam_2,CAM_ONLY,19.2759,,15.4758,3.8001,,24.5548,,0,,13.78,0.92,warning,,,CAMERA_ONLY
0,81.2332,t1734,BOTH,19.6760,10.4884,15.4758,4.2001,4.9875,27.1399,32.2274,0,0,10.69,0.89,warning,,,FULL_ANGLE
0,81.2332,t1734,LIDAR_ONLY,10.5425,10.5425,15.4758,4.9333,4.9333,31.8774,31.8774,0,0,10.69,0.89,cautious,-3.20,front,LIDAR_ONLY
0,81.2332,t1734,LIDAR_ONLY,10.4500,10.4500,15.4758,5.0259,5.0259,32.4757,32.4757,0,0,10.69,0.89,cautious,4.97,front,LIDAR_ONLY
0,81.2918,cam_2,CAM_ONLY,19.1865,,15.4758,3.7107,,23.9771,,0,,11.42,1.09,warning,,,CAMERA_ONLY
0,81.3530,cam_2,CAM_ONLY,19.6711,,15.4758,4.1953,,27.1086,,0,,11.49,1.22,warning,,,CAMERA_ONLY
0,81.4197,cam_2,CAM_ONLY,19.2885,,15.4758,3.8127,,24.6362,,0,,18.84,1.70,warning,,,CAMERA_ONLY
0,81.4745,cam_2,CAM_ONLY,19.1818,,15.4758,3.7059,,23.9466,,0,,9.76,1.09,warning,,,CAMERA_ONLY
0,81.5327,t1744,BOTH,19.3567,10.5148,15.4758,3.8808,4.9610,25.0767,32.0567,0,0,12.68,1.09,warning,,,FULL_ANGLE
0,81.5327,t1743,LIDAR_ONLY,14.5021,14.5021,15.4758,0.9737,0.9737,6.2918,6.2918,1,1,12.68,1.09,cautious,22.27,front,LIDAR_ONLY
0,81.5327,t1743,LIDAR_ONLY,15.1746,15.1746,15.4758,0.3013,0.3013,1.9467,1.9467,1,1,12.68,1.09,cautious,18.21,front,LIDAR_ONLY
0,81.5327,t1743,LIDAR_ONLY,14.4254,14.4254,15.4758,1.0505,1.0505,6.7878,6.7878,0,0,12.68,1.09,cautious,26.33,front,LIDAR_ONLY
0,81.5327,t1744,LIDAR_ONLY,10.6617,10.6617,15.4758,4.8141,4.8141,31.1072,31.1072,0,0,12.68,1.09,cautious,-2.06,front,LIDAR_ONLY
0,81.5327,t1744,LIDAR_ONLY,10.4775,10.4775,15.4758,4.9984,4.9984,32.2978,32.2978,0,0,12.68,1.09,cautious,6.05,front,LIDAR_ONLY
0,81.5951,cam_2,CAM_ONLY,19.3070,,15.4758,3.8311,,24.7557,,0,,11.72,1.25,warning,,,CAMERA_ONLY
0,81.6630,cam_2,CAM_ONLY,19.2332,,15.4758,3.7574,,24.2791,,0,,19.33,0.87,warning,,,CAMERA_ONLY
0,81.7416,cam_2,CAM_ONLY,19.2586,,15.4758,3.7827,,24.4428,,0,,15.92,0.82,warning,,,CAMERA_ONLY
0,81.8076,cam_2,CAM_ONLY,19.3183,,15.4758,3.8424,,24.8286,,0,,14.62,1.18,warning,,,CAMERA_ONLY
0,81.8720,cam_2,CAM_ONLY,19.2626,,15.4758,3.7868,,24.4691,,0,,20.35,1.58,warning,,,CAMERA_ONLY
0,81.9320,t1750,BOTH,19.4027,10.5645,15.4758,3.9268,4.9114,25.3740,31.7357,0,0,11.07,0.90,warning,,,FULL_ANGLE
0,81.9320,t1750,LIDAR_ONLY,10.5814,10.5814,15.4758,4.8944,4.8944,31.6262,31.6262,0,0,11.07,0.90,cautious,-4.31,front,LIDAR_ONLY
0,81.9320,t1750,LIDAR_ONLY,10.5393,10.5393,15.4758,4.9365,4.9365,31.8981,31.8981,0,0,11.07,0.90,cautious,4.20,front,LIDAR_ONLY
0,81.9960,cam_2,CAM_ONLY,19.2061,,15.4758,3.7303,,24.1039,,0,,16.62,1.17,warning,,,CAMERA_ONLY
0,82.0572,cam_2,CAM_ONLY,19.3046,,15.4758,3.8288,,24.7403,,0,,14.10,0.88,warning,,,CAMERA_ONLY
0,82.1222,cam_2,CAM_ONLY,19.6059,,15.4758,4.1301,,26.6873,,0,,23.54,1.67,warning,,,CAMERA_ONLY
0,82.1814,t1755,BOTH,19.2416,10.4963,15.4758,3.7657,4.9795,24.3328,32.1760,0,0,12.19,0.89,warning,,,FULL_ANGLE
0,82.1814,t1755,LIDAR_ONLY,10.4449,10.4449,15.4758,5.0309,5.0309,32.5082,32.5082,0,0,12.19,0.89,cautious,6.38,front,LIDAR_ONLY
0,82.1814,t1755,LIDAR_ONLY,10.4592,10.4592,15.4758,5.0166,5.0166,32.4157,32.4157,0,0,12.19,0.89,cautious,-2.10,front,LIDAR_ONLY
0,82.2457,cam_2,CAM_ONLY,19.3714,,15.4758,3.8956,,25.1721,,0,,12.92,1.13,warning,,,CAMERA_ONLY
0,82.3133,cam_2,CAM_ONLY,19.4285,,15.4758,3.9527,,25.5411,,0,,20.56,2.47,warning,,,CAMERA_ONLY
0,82.3717,cam_2,CAM_ONLY,19.2661,,15.4758,3.7903,,24.4917,,0,,14.05,1.06,warning,,,CAMERA_ONLY
0,82.4276,cam_2,CAM_ONLY,19.2251,,15.4758,3.7493,,24.2268,,0,,12.70,0.71,warning,,,CAMERA_ONLY
0,82.4920,t1768,BOTH,19.5944,10.4939,15.4758,4.1186,4.9819,26.6129,32.1918,0,0,18.24,2.07,warning,,,FULL_ANGLE
0,82.4920,t1766,LIDAR_ONLY,10.2581,10.2581,15.4758,5.2177,5.2177,33.7151,33.7151,0,0,18.24,2.07,cautious,29.57,front,LIDAR_ONLY
0,82.4920,t1766,LIDAR_ONLY,10.9107,10.9107,15.4758,4.5652,4.5652,29.4987,29.4987,0,0,18.24,2.07,cautious,21.26,front,LIDAR_ONLY
0,82.4920,t1766,LIDAR_ONLY,11.3593,11.3593,15.4758,4.1165,4.1165,26.5998,26.5998,0,0,18.24,2.07,cautious,25.41,front,LIDAR_ONLY
0,82.4920,t1768,LIDAR_ONLY,10.5582,10.5582,15.4758,4.9177,4.9177,31.7764,31.7764,0,0,18.24,2.07,cautious,-3.66,front,LIDAR_ONLY
0,82.4920,t1768,LIDAR_ONLY,10.4520,10.4520,15.4758,5.0239,5.0239,32.4627,32.4627,0,0,18.24,2.07,cautious,4.64,front,LIDAR_ONLY
0,82.5588,cam_2,CAM_ONLY,19.2713,,15.4758,3.7955,,24.5252,,0,,20.62,1.29,warning,,,CAMERA_ONLY
0,82.6242,cam_2,CAM_ONLY,19.1749,,15.4758,3.6990,,23.9020,,0,,17.51,1.05,warning,,,CAMERA_ONLY
0,82.6982,cam_2,CAM_ONLY,19.2730,,15.4758,3.7972,,24.5362,,0,,23.23,1.05,warning,,,CAMERA_ONLY
0,82.7694,cam_2,CAM_ONLY,19.6782,,15.4758,4.2024,,27.1544,,0,,21.71,1.14,warning,,,CAMERA_ONLY
0,82.8365,t1778,BOTH,19.5825,10.4821,15.4758,4.1067,4.9938,26.5360,32.2681,0,0,16.95,1.47,warning,,,FULL_ANGLE
0,82.8976,cam_2,CAM_ONLY,19.2357,,15.4758,3.7599,,24.2950,,0,,13.93,2.45,warning,,,CAMERA_ONLY
0,82.9597,cam_2,CAM_ONLY,19.6650,,15.4758,4.1892,,27.0692,,0,,13.75,0.81,warning,,,CAMERA_ONLY
0,83.0288,cam_2,CAM_ONLY,19.2542,,15.4758,3.7783,,24.4143,,0,,12.01,0.84,warning,,,CAMERA_ONLY
0,83.0876,cam_2,CAM_ONLY,19.3848,,15.4758,3.9090,,25.2585,,0,,11.01,1.20,warning,,,CAMERA_ONLY
0,83.0876,t1784,LIDAR_ONLY,13.8791,13.8791,15.4758,1.5968,1.5968,10.3179,10.3179,0,0,11.01,1.20,cautious,23.04,front,LIDAR_ONLY
0,83.0876,t1784,LIDAR_ONLY,14.5545,14.5545,15.4758,0.9214,0.9214,5.9535,5.9535,1,1,11.01,1.20,cautious,19.00,front,LIDAR_ONLY
0,83.0876,t1784,LIDAR_ONLY,14.1480,14.1480,15.4758,1.3279,1.3279,8.5804,8.5804,0,0,11.01,1.20,cautious,27.09,front,LIDAR_ONLY
0,83.1482,cam_2,CAM_ONLY,19.2767,,15.4758,3.8008,,24.5598,,0,,17.44,1.01,warning,,,CAMERA_ONLY
0,83.2191,cam_2,CAM_ONLY,19.2329,,15.4758,3.7571,,24.2770,,0,,19.65,0.97,warning,,,CAMERA_ONLY
0,83.2788,cam_2,CAM_ONLY,19.2462,,15.4758,3.7703,,24.3626,,0,,11.50,0.75,warning,,,CAMERA_ONLY
0,83.3403,t1793,BOTH,19.2562,10.4237,15.4758,3.7803,5.0521,24.4274,32.6452,0,0,13.85,1.35,warning,,,FULL_ANGLE
0,83.3403,t1791,LIDAR_ONLY,12.9020,12.9020,15.4758,2.5739,2.5739,16.6315,16.6315,0,0,13.85,1.35,cautious,24.42,front,LIDAR_ONLY
0,83.3403,t1791,LIDAR_ONLY,11.3471,11.3471,15.4758,4.1288,4.1288,26.6788,26.6788,0,0,13.85,1.35,cautious,28.58,front,LIDAR_ONLY
0,83.3403,t1792,LIDAR_ONLY,24.6743,24.6743,15.4758,9.1985,9.1985,59.4375,59.4375,0,0,13.85,1.35,drive,16.10,front,LIDAR_ONLY
0,83.3403,t1793,LIDAR_ONLY,10.3944,10.3944,15.4758,5.0814,5.0814,32.8346,32.8346,0,0,13.85,1.35,cautious,3.62,front,LIDAR_ONLY
0,83.3403,t1792,LIDAR_ONLY,20.6116,20.6116,15.4758,5.1357,5.1357,33.1854,33.1854,0,0,13.85,1.35,drive,20.26,front,LIDAR_ONLY
0,83.4150,cam_2,CAM_ONLY,19.2596,,15.4758,3.7837,,24.4493,,0,,19.96,0.91,warning,,,CAMERA_ONLY
0,83.4738,cam_2,CAM_ONLY,19.7094,,15.4758,4.2335,,27.3558,,0,,12.16,1.11,warning,,,CAMERA_ONLY
0,83.5335,t1793,BOTH,19.3577,10.4689,15.4758,3.8819,5.0069,25.0834,32.3532,0,0,12.06,0.87,warning,,,FULL_ANGLE
0,83.5335,t1793,LIDAR_ONLY,10.4505,10.4505,15.4758,5.0254,5.0254,32.4725,32.4725,0,0,12.06,0.87,cautious,-4.89,front,LIDAR_ONLY
0,83.5335,t1793,LIDAR_ONLY,10.4574,10.4574,15.4758,5.0184,5.0184,32.4273,32.4273,0,0,12.06,0.87,cautious,3.52,front,LIDAR_ONLY
0,83.5924,cam_2,CAM_ONLY,19.4060,,15.4758,3.9301,,25.3953,,0,,12.33,0.92,warning,,,CAMERA_ONLY
0,83.6482,cam_2,CAM_ONLY,19.4075,,15.4758,3.9317,,25.4053,,0,,10.08,1.09,warning,,,CAMERA_ONLY
0,83.7137,cam_2,CAM_ONLY,19.7622,,15.4758,4.2864,,27.6973,,0,,20.80,0.85,warning,,,CAMERA_ONLY
0,83.7734,cam_2,CAM_ONLY,19.6854,,15.4758,4.2095,,27.2006,,0,,10.14,1.04,warning,,,CAMERA_ONLY
0,83.8363,cam_2,CAM_ONLY,19.3639,,15.4758,3.8881,,25.1236,,0,,15.33,1.14,warning,,,CAMERA_ONLY
0,83.8363,t1804,LIDAR_ONLY,22.4231,22.4231,15.4758,6.9473,6.9473,44.8912,44.8912,0,0,15.33,1.14,drive,16.94,front,LIDAR_ONLY
0,83.8363,t1805,LIDAR_ONLY,10.3999,10.3999,15.4758,5.0759,5.0759,32.7991,32.7991,0,0,15.33,1.14,cautious,29.22,front,LIDAR_ONLY
0,83.8363,t1805,LIDAR_ONLY,10.6542,10.6542,15.4758,4.8216,4.8216,31.1559,31.1559,0,0,15.33,1.14,cautious,25.13,front,LIDAR_ONLY
0,83.8952,cam_2,CAM_ONLY,19.2537,,15.4758,3.7779,,24.4116,,0,,13.32,0.98,warning,,,CAMERA_ONLY
0,83.9582,cam_2,CAM_ONLY,19.3472,,15.4758,3.8714,,25.0157,,0,,12.79,1.17,warning,,,CAMERA_ONLY
0,84.0172,cam_2,CAM_ONLY,19.2864,,15.4758,3.8105,,24.6225,,0,,13.12,0.92,warning,,,CAMERA_ONLY
0,84.0853,t1813,BOTH,19.3376,10.5072,15.4758,3.8617,4.9687,24.9533,32.1060,0,0,12.58,1.01,warning,,,FULL_ANGLE
0,84.0853,t1812,LIDAR_ONLY,13.6743,13.6743,15.4758,1.8016,1.8016,11.6412,11.6412,0,0,12.58,1.01,cautious,23.31,front,LIDAR_ONLY
0,84.0853,t1812,LIDAR_ONLY,12.3317,12.3317,15.4758,3.1442,3.1442,20.3166,20.3166,0,0,12.58,1.01,cautious,27.37,front,LIDAR_ONLY
0,84.0853,t1812,LIDAR_ONLY,12.8555,12.8555,15.4758,2.6203,2.6203,16.9316,16.9316,0,0,12.58,1.01,cautious,19.26,front,LIDAR_ONLY
0,84.0853,t1813,LIDAR_ONLY,10.6092,10.6092,15.4758,4.8667,4.8667,31.4469,31.4469,0,0,12.58,1.01,cautious,-5.04,front,LIDAR_ONLY
0,84.0853,t1813,LIDAR_ONLY,10.5768,10.5768,15.4758,4.8990,4.8990,31.6559,31.6559,0,0,12.58,1.01,cautious,-0.99,front,LIDAR_ONLY
0,84.1565,cam_2,CAM_ONLY,19.3016,,15.4758,3.8258,,24.7209,,0,,21.89,2.51,warning,,,CAMERA_ONLY
0,84.2276,cam_2,CAM_ONLY,19.2726,,15.4758,3.7967,,24.5333,,0,,19.81,0.85,warning,,,CAMERA_ONLY
0,84.2930,t1813,BOTH,19.2676,10.5074,15.4758,3.7918,4.9684,24.5012,32.1042,0,0,9.89,1.22,warning,,,FULL_ANGLE
0,84.2930,t1812,LIDAR_ONLY,13.3139,13.3139,15.4758,2.1619,2.1619,13.9697,13.9697,0,0,9.89,1.22,cautious,21.48,front,LIDAR_ONLY
0,84.2930,t1812,LIDAR_ONLY,13.4973,13.4973,15.4758,1.9785,1.9785,12.7846,12.7846,0,0,9.89,1.22,cautious,25.45,front,LIDAR_ONLY
0,84.2930,t1812,LIDAR_ONLY,14.0215,14.0215,15.4758,1.4543,1.4543,9.3974,9.3974,0,0,9.89,1.22,cautious,17.51,front,LIDAR_ONLY
0,84.2930,t1818,LIDAR_ONLY,10.3180,10.3180,15.4758,5.1578,5.1578,33.3281,33.3281,0,0,9.89,1.22,cautious,29.42,front,LIDAR_ONLY
0,84.3445,cam_2,CAM_ONLY,19.5308,,15.4758,4.0550,,26.2021,,0,,9.70,1.08,warning,,,CAMERA_ONLY
0,84.4008,cam_2,CAM_ONLY,19.2253,,15.4758,3.7495,,24.2281,,0,,11.76,1.15,warning,,,CAMERA_ONLY
0,84.4565,cam_2,CAM_ONLY,19.3110,,15.4758,3.8352,,24.7818,,0,,10.79,1.12,warning,,,CAMERA_ONLY
0,84.5123,cam_2,CAM_ONLY,19.2856,,15.4758,3.8097,,24.6172,,0,,10.58,0.96,warning,,,CAMERA_ONLY
0,84.5667,cam_2,CAM_ONLY,19.6665,,15.4758,4.1907,,27.0790,,0,,12.00,0.75,warning,,,CAMERA_ONLY
0,84.6315,cam_2,CAM_ONLY,19.1763,,15.4758,3.7005,,23.9114,,0,,14.58,1.51,warning,,,CAMERA_ONLY
0,84.6932,cam_2,CAM_ONLY,19.2487,,15.4758,3.7729,,24.3792,,0,,13.00,1.01,warning,,,CAMERA_ONLY
0,84.7445,cam_2,CAM_ONLY,19.2274,,15.4758,3.7515,,24.2413,,0,,9.63,1.18,warning,,,CAMERA_ONLY
0,84.8056,cam_2,CAM_ONLY,19.2545,,15.4758,3.7787,,24.4167,,0,,16.03,2.25,warning,,,CAMERA_ONLY
0,84.8684,cam_2,CAM_ONLY,19.3553,,15.4758,3.8794,,25.0676,,0,,11.56,1.02,warning,,,CAMERA_ONLY
0,84.9388,cam_2,CAM_ONLY,19.4723,,15.4758,3.9964,,25.8235,,0,,12.18,1.18,warning,,,CAMERA_ONLY
0,84.9388,t1830,LIDAR_ONLY,10.2033,10.2033,15.4758,5.2726,5.2726,34.0697,34.0697,0,0,12.18,1.18,cautious,29.70,front,LIDAR_ONLY
0,85.0033,cam_2,CAM_ONLY,19.3162,,15.4758,3.8404,,24.8152,,0,,16.39,1.23,warning,,,CAMERA_ONLY
0,85.0590,cam_2,CAM_ONLY,19.3391,,15.4758,3.8633,,24.9632,,0,,13.30,1.03,warning,,,CAMERA_ONLY
0,85.1217,cam_2,CAM_ONLY,19.2977,,15.4758,3.8219,,24.6958,,0,,14.31,1.03,warning,,,CAMERA_ONLY
0,85.1820,t1836,BOTH,19.4112,10.5384,15.4758,3.9353,4.9375,25.4289,31.9045,0,0,14.61,0.87,warning,,,FULL_ANGLE
0,85.1820,t1836,LIDAR_ONLY,10.6271,10.6271,15.4758,4.8487,4.8487,31.3307,31.3307,0,0,14.61,0.87,cautious,-2.86,front,LIDAR_ONLY
0,85.1820,t1836,LIDAR_ONLY,10.4799,10.4799,15.4758,4.9960,4.9960,32.2825,32.2825,0,0,14.61,0.87,cautious,5.57,front,LIDAR_ONLY
0,85.2454,cam_2,CAM_ONLY,19.8777,,15.4758,4.4019,,28.4435,,0,,17.98,1.00,warning,,,CAMERA_ONLY
0,85.3226,cam_2,CAM_ONLY,19.5025,,15.4758,4.0267,,26.0190,,0,,15.33,1.02,warning,,,CAMERA_ONLY
0,85.3859,t1836,BOTH,19.3789,10.4876,15.4758,3.9031,4.9882,25.2206,32.2322,0,0,17.73,0.99,warning,,,FULL_ANGLE
0,85.3859,t1840,LIDAR_ONLY,10.1979,10.1979,15.4758,5.2780,5.2780,34.1046,34.1046,0,0,17.73,0.99,cautious,29.72,front,LIDAR_ONLY
0,85.3859,t1840,LIDAR_ONLY,10.4199,10.4199,15.4758,5.0560,5.0560,32.6701,32.6701,0,0,17.73,0.99,cautious,25.46,front,LIDAR_ONLY
0,85.3859,t1840,LIDAR_ONLY,10.9938,10.9938,15.4758,4.4820,4.4820,28.9616,28.9616,0,0,17.73,0.99,cautious,21.20,front,LIDAR_ONLY
0,85.3859,t1836,LIDAR_ONLY,10.4825,10.4825,15.4758,4.9933,4.9933,32.2653,32.2653,0,0,17.73,0.99,cautious,-4.36,front,LIDAR_ONLY
0,85.4436,cam_2,CAM_ONLY,19.2646,,15.4758,3.7887,,24.4817,,0,,10.66,1.22,warning,,,CAMERA_ONLY
0,85.5062,cam_2,CAM_ONLY,19.3755,,15.4758,3.8996,,25.1982,,0,,17.04,1.25,warning,,,CAMERA_ONLY
0,85.5692,cam_2,CAM_ONLY,19.2234,,15.4758,3.7475,,24.2153,,0,,18.62,1.06,warning,,,CAMERA_ONLY
0,85.6317,t1848,BOTH,19.3325,10.5046,15.4758,3.8567,4.9712,24.9206,32.1226,0,0,12.39,0.84,warning,,,FULL_ANGLE
0,85.6317,t1848,LIDAR_ONLY,10.4978,10.4978,15.4758,4.9780,4.9780,32.1664,32.1664,0,0,12.39,0.84,cautious,3.42,front,LIDAR_ONLY
0,85.6317,t1848,LIDAR_ONLY,10.5043,10.5043,15.4758,4.9716,4.9716,32.1247,32.1247,0,0,12.39,0.84,cautious,-4.61,front,LIDAR_ONLY
0,85.6941,cam_2,CAM_ONLY,19.2841,,15.4758,3.8083,,24.6079,,0,,13.09,1.25,warning,,,CAMERA_ONLY
0,85.7483,cam_2,CAM_ONLY,19.7765,,15.4758,4.3007,,27.7896,,0,,11.10,0.96,warning,,,CAMERA_ONLY
0,85.8193,cam_2,CAM_ONLY,19.4382,,15.4758,3.9623,,25.6034,,0,,16.59,1.12,warning,,,CAMERA_ONLY
0,85.8854,t1858,BOTH,19.3142,10.5193,15.4758,3.8383,4.9565,24.8022,32.0276,0,0,15.63,0.98,warning,,,FULL_ANGLE
0,85.8854,t1857,LIDAR_ONLY,14.6842,14.6842,15.4758,0.7917,0.7917,5.1157,5.1157,1,1,15.63,0.98,cautious,22.06,front,LIDAR_ONLY
0,85.8854,t1857,LIDAR_ONLY,15.7626,15.7626,15.4758,0.2867,0.2867,1.8528,1.8528,1,1,15.63,0.98,cautious,17.85,front,LIDAR_ONLY
0,85.8854,t1857,LIDAR_ONLY,15.2273,15.2273,15.4758,0.2485,0.2485,1.6058,1.6058,1,1,15.63,0.98,cautious,26.26,front,LIDAR_ONLY
0,85.8854,t1858,LIDAR_ONLY,10.6619,10.6619,15.4758,4.8140,4.8140,31.1063,31.1063,0,0,15.63,0.98,cautious,-3.16,front,LIDAR_ONLY
0,85.8854,t1858,LIDAR_ONLY,10.5140,10.5140,15.4758,4.9619,4.9619,32.0621,32.0621,0,0,15.63,0.98,cautious,5.25,front,LIDAR_ONLY
0,85.9516,cam_2,CAM_ONLY,19.3866,,15.4758,3.9107,,25.2698,,0,,18.86,1.15,warning,,,CAMERA_ONLY
0,86.0113,cam_2,CAM_ONLY,19.3465,,15.4758,3.8706,,25.0109,,0,,14.16,0.92,warning,,,CAMERA_ONLY
0,86.0736,cam_2,CAM_ONLY,19.4309,,15.4758,3.9551,,25.5565,,0,,16.56,0.83,warning,,,CAMERA_ONLY
0,86.1420,t1865,BOTH,19.3780,10.4849,15.4758,3.9021,4.9910,25.2144,32.2500,0,0,14.90,1.27,warning,,,FULL_ANGLE
0,86.1420,t1862,LIDAR_ONLY,10.5209,10.5209,15.4758,4.9550,4.9550,32.0175,32.0175,0,0,14.90,1.27,cautious,28.93,front,LIDAR_ONLY
0,86.1420,t1864,LIDAR_ONLY,23.9767,23.9767,15.4758,8.5008,8.5008,54.9295,54.9295,0,0,14.90,1.27,drive,16.34,front,LIDAR_ONLY
0,86.1420,t1862,LIDAR_ONLY,10.8086,10.8086,15.4758,4.6672,4.6672,30.1579,30.1579,0,0,14.90,1.27,cautious,24.73,front,LIDAR_ONLY
0,86.1420,t1865,LIDAR_ONLY,10.4735,10.4735,15.4758,5.0023,5.0023,32.3234,32.3234,0,0,14.90,1.27,cautious,3.75,front,LIDAR_ONLY
0,86.1420,t1862,LIDAR_ONLY,11.3603,11.3603,15.4758,4.1155,4.1155,26.5933,26.5933,0,0,14.90,1.27,cautious,20.54,front,LIDAR_ONLY
0,86.2018,cam_2,CAM_ONLY,19.3141,,15.4758,3.8382,,24.8015,,0,,13.13,1.20,warning,,,CAMERA_ONLY
0,86.2580,cam_2,CAM_ONLY,19.2913,,15.4758,3.8155,,24.6544,,0,,11.94,0.99,warning,,,CAMERA_ONLY
0,86.3110,cam_2,CAM_ONLY,19.6259,,15.4758,4.1501,,26.8167,,0,,9.73,0.86,warning,,,CAMERA_ONLY
0,86.3747,cam_2,CAM_ONLY,19.3065,,15.4758,3.8307,,24.7525,,0,,12.73,1.30,warning,,,CAMERA_ONLY
0,86.4369,t1876,BOTH,19.3609,10.4289,15.4758,3.8851,5.0469,25.1040,32.6115,0,0,16.86,1.04,warning,,,FULL_ANGLE
0,86.4369,t1875,LIDAR_ONLY,10.2461,10.2461,15.4758,5.2297,5.2297,33.7928,33.7928,0,0,16.86,1.04,cautious,29.60,front,LIDAR_ONLY
0,86.4369,t1875,LIDAR_ONLY,10.4641,10.4641,15.4758,5.0117,5.0117,32.3840,32.3840,0,0,16.86,1.04,cautious,25.54,front,LIDAR_ONLY
0,86.4369,t1875,LIDAR_ONLY,11.7882,11.7882,15.4758,3.6876,3.6876,23.8281,23.8281,0,0,16.86,1.04,cautious,17.44,front,LIDAR_ONLY
0,86.4369,t1876,LIDAR_ONLY,10.4439,10.4439,15.4758,5.0320,5.0320,32.5150,32.5150,0,0,16.86,1.04,cautious,-2.82,front,LIDAR_ONLY
0,86.4981,cam_2,CAM_ONLY,19.3471,,15.4758,3.8712,,25.0147,,0,,11.21,1.02,warning,,,CAMERA_ONLY
0,86.5543,cam_2,CAM_ONLY,19.2380,,15.4758,3.7622,,24.3099,,0,,13.65,1.00,warning,,,CAMERA_ONLY
0,86.6174,cam_2,CAM_ONLY,19.2772,,15.4758,3.8013,,24.5631,,0,,12.69,0.98,warning,,,CAMERA_ONLY
0,86.6768,cam_2,CAM_ONLY,19.6372,,15.4758,4.1614,,26.8894,,0,,12.21,0.78,warning,,,CAMERA_ONLY
0,86.7511,cam_2,CAM_ONLY,19.6739,,15.4758,4.1980,,27.1263,,0,,20.26,2.15,warning,,,CAMERA_ONLY
0,86.8102,cam_2,CAM_ONLY,19.5596,,15.4758,4.0837,,26.3877,,0,,12.77,1.06,warning,,,CAMERA_ONLY
0,86.8624,cam_2,CAM_ONLY,19.4024,,15.4758,3.9265,,25.3720,,0,,13.12,0.78,warning,,,CAMERA_ONLY
0,86.9185,cam_2,CAM_ONLY,19.4073,,15.4758,3.9314,,25.4037,,0,,9.58,0.87,warning,,,CAMERA_ONLY
0,86.9795,cam_2,CAM_ONLY,19.3501,,15.4758,3.8743,,25.0343,,0,,12.44,0.82,warning,,,CAMERA_ONLY
0,87.0532,cam_2,CAM_ONLY,19.2494,,15.4758,3.7735,,24.3834,,0,,15.26,0.98,warning,,,CAMERA_ONLY
0,87.1129,cam_2,CAM_ONLY,19.2611,,15.4758,3.7853,,24.4591,,0,,13.58,0.82,warning,,,CAMERA_ONLY
0,87.1726,cam_2,CAM_ONLY,19.2569,,15.4758,3.7811,,24.4321,,0,,15.58,1.11,warning,,,CAMERA_ONLY
0,87.2453,cam_2,CAM_ONLY,19.7710,,15.4758,4.2951,,27.7539,,0,,22.78,1.19,warning,,,CAMERA_ONLY
0,87.3119,cam_2,CAM_ONLY,19.7253,,15.4758,4.2495,,27.4587,,0,,12.49,0.77,warning,,,CAMERA_ONLY
0,87.3791,cam_2,CAM_ONLY,19.7911,,15.4758,4.3152,,27.8836,,0,,16.40,0.77,warning,,,CAMERA_ONLY
0,87.4477,cam_2,CAM_ONLY,19.7759,,15.4758,4.3001,,27.7858,,0,,15.07,1.07,warning,,,CAMERA_ONLY
0,87.5139,cam_2,CAM_ONLY,19.2667,,15.4758,3.7908,,24.4952,,0,,16.73,0.85,warning,,,CAMERA_ONLY
0,87.5733,cam_2,CAM_ONLY,19.3677,,15.4758,3.8919,,25.1480,,0,,13.76,1.01,warning,,,CAMERA_ONLY
0,87.6319,t1898,BOTH,19.3274,10.4298,15.4758,3.8516,5.0460,24.8878,32.6057,0,0,15.62,0.85,warning,,,FULL_ANGLE
0,87.6319,t1897,LIDAR_ONLY,26.1678,26.1678,15.4758,10.6919,10.6919,69.0880,69.0880,0,0,15.62,0.85,drive,15.62,front,LIDAR_ONLY
0,87.6319,t1898,LIDAR_ONLY,10.4815,10.4815,15.4758,4.9944,4.9944,32.2721,32.2721,0,0,15.62,0.85,cautious,-1.13,front,LIDAR_ONLY
0,87.6930,cam_2,CAM_ONLY,19.3530,,15.4758,3.8772,,25.0531,,0,,13.34,1.23,warning,,,CAMERA_ONLY
0,87.6930,t1897,LIDAR_ONLY,17.3360,17.3360,15.4758,1.8602,1.8602,12.0197,12.0197,0,0,13.34,1.23,drive,23.40,front,LIDAR_ONLY
0,87.6930,t1897,LIDAR_ONLY,14.7603,14.7603,15.4758,0.7156,0.7156,4.6237,4.6237,1,1,13.34,1.23,cautious,27.53,front,LIDAR_ONLY
0,87.7549,cam_2,CAM_ONLY,19.4761,,15.4758,4.0002,,25.8482,,0,,12.16,1.30,warning,,,CAMERA_ONLY
0,87.8159,cam_2,CAM_ONLY,19.7095,,15.4758,4.2337,,27.3565,,0,,18.77,1.07,warning,,,CAMERA_ONLY
0,87.8678,cam_2,CAM_ONLY,19.6984,,15.4758,4.2226,,27.2848,,0,,11.67,0.91,warning,,,CAMERA_ONLY
0,87.9387,t1914,BOTH,19.3574,10.5702,15.4758,3.8816,4.9056,25.0814,31.6984,0,0,17.91,1.77,warning,,,FULL_ANGLE
0,87.9387,t1912,LIDAR_ONLY,12.8448,12.8448,15.4758,2.6311,2.6311,17.0011,17.0011,0,0,17.91,1.77,cautious,24.50,front,LIDAR_ONLY
0,87.9387,t1912,LIDAR_ONLY,11.5817,11.5817,15.4758,3.8941,3.8941,25.1624,25.1624,0,0,17.91,1.77,cautious,28.64,front,LIDAR_ONLY
0,87.9387,t1914,LIDAR_ONLY,10.4872,10.4872,15.4758,4.9886,4.9886,32.2350,32.2350,0,0,17.91,1.77,cautious,3.85,front,LIDAR_ONLY
0,87.9387,t1914,LIDAR_ONLY,10.4925,10.4925,15.4758,4.9833,4.9833,32.2007,32.2007,0,0,17.91,1.77,cautious,-4.42,front,LIDAR_ONLY
0,88.0089,cam_2,CAM_ONLY,19.2801,,15.4758,3.8043,,24.5821,,0,,14.77,1.01,warning,,,CAMERA_ONLY
0,88.0797,cam_2,CAM_ONLY,19.7991,,15.4758,4.3233,,27.9356,,0,,21.04,1.18,warning,,,CAMERA_ONLY
0,88.1505,cam_2,CAM_ONLY,19.8213,,15.4758,4.3454,,28.0787,,0,,13.39,1.10,warning,,,CAMERA_ONLY
0,88.2179,cam_2,CAM_ONLY,19.7879,,15.4758,4.3121,,27.8631,,0,,16.77,1.53,warning,,,CAMERA_ONLY
0,88.2734,cam_2,CAM_ONLY,19.3669,,15.4758,3.8911,,25.1430,,0,,14.43,1.02,warning,,,CAMERA_ONLY
0,88.3248,cam_2,CAM_ONLY,19.3832,,15.4758,3.9073,,25.2478,,0,,10.25,0.87,warning,,,CAMERA_ONLY
0,88.3855,t1923,BOTH,19.2514,10.5587,15.4758,3.7755,4.9172,24.3962,31.7733,0,0,12.59,1.05,warning,,,FULL_ANGLE
0,88.3855,t1921,LIDAR_ONLY,15.2828,15.2828,15.4758,0.1930,0.1930,1.2473,1.2473,1,1,12.59,1.05,drive,21.39,front,LIDAR_ONLY
0,88.3855,t1921,LIDAR_ONLY,13.9195,13.9195,15.4758,1.5564,1.5564,10.0567,10.0567,0,0,12.59,1.05,cautious,25.49,front,LIDAR_ONLY
0,88.3855,t1921,LIDAR_ONLY,12.2954,12.2954,15.4758,3.1804,3.1804,20.5509,20.5509,0,0,12.59,1.05,cautious,29.59,front,LIDAR_ONLY
0,88.3855,t1922,LIDAR_ONLY,21.6031,21.6031,15.4758,6.1273,6.1273,39.5927,39.5927,0,0,12.59,1.05,drive,17.30,front,LIDAR_ONLY
0,88.3855,t1923,LIDAR_ONLY,10.6629,10.6629,15.4758,4.8129,4.8129,31.0995,31.0995,0,0,12.59,1.05,cautious,-3.19,front,LIDAR_ONLY
0,88.3855,t1923,LIDAR_ONLY,10.4919,10.4919,15.4758,4.9839,4.9839,32.2044,32.2044,0,0,12.59,1.05,cautious,5.01,front,LIDAR_ONLY
0,88.4442,cam_2,CAM_ONLY,19.2561,,15.4758,3.7803,,24.4271,,0,,10.79,0.99,warning,,,CAMERA_ONLY
0,88.5022,cam_2,CAM_ONLY,19.8358,,15.4758,4.3599,,28.1726,,0,,10.36,1.17,warning,,,CAMERA_ONLY
0,88.5542,cam_2,CAM_ONLY,19.3920,,15.4758,3.9161,,25.3047,,0,,10.15,1.26,warning,,,CAMERA_ONLY
0,88.6242,cam_2,CAM_ONLY,19.4274,,15.4758,3.9516,,25.5339,,0,,16.53,1.07,warning,,,CAMERA_ONLY
0,88.6816,t1934,BOTH,19.4525,10.6077,15.4758,3.9767,4.8681,25.6960,31.4563,0,0,10.26,0.87,warning,,,FULL_ANGLE
0,88.6816,t1934,LIDAR_ONLY,10.6791,10.6791,15.4758,4.7967,4.7967,30.9947,30.9947,0,0,10.26,0.87,cautious,-3.61,front,LIDAR_ONLY
0,88.7463,cam_2,CAM_ONLY,19.3439,,15.4758,3.8680,,24.9938,,0,,16.14,1.06,warning,,,CAMERA_ONLY
0,88.8098,cam_2,CAM_ONLY,19.2962,,15.4758,3.8203,,24.6859,,0,,13.93,1.60,warning,,,CAMERA_ONLY
0,88.8760,cam_2,CAM_ONLY,19.2453,,15.4758,3.7695,,24.3573,,0,,9.38,1.25,warning,,,CAMERA_ONLY
0,88.9273,cam_2,CAM_ONLY,19.8268,,15.4758,4.3509,,28.1143,,0,,8.89,1.00,warning,,,CAMERA_ONLY
0,88.9800,cam_2,CAM_ONLY,19.4491,,15.4758,3.9732,,25.6737,,0,,9.79,0.94,warning,,,CAMERA_ONLY
0,89.0383,t1943,BOTH,19.4065,10.4951,15.4758,3.9306,4.9807,25.3986,32.1840,0,0,12.50,1.31,warning,,,FULL_ANGLE
0,89.0383,t1942,LIDAR_ONLY,13.8150,13.8150,15.4758,1.6608,1.6608,10.7318,10.7318,0,0,12.50,1.31,cautious,23.13,front,LIDAR_ONLY
0,89.0383,t1942,LIDAR_ONLY,12.6250,12.6250,15.4758,2.8509,2.8509,18.4213,18.4213,0,0,12.50,1.31,cautious,27.31,front,LIDAR_ONLY
0,89.0383,t1942,LIDAR_ONLY,12.9504,12.9504,15.4758,2.5254,2.5254,16.3186,16.3186,0,0,12.50,1.31,cautious,18.95,front,LIDAR_ONLY
0,89.0383,t1943,LIDAR_ONLY,10.4358,10.4358,15.4758,5.0401,5.0401,32.5674,32.5674,0,0,12.50,1.31,cautious,6.40,front,LIDAR_ONLY
0,89.0383,t1943,LIDAR_ONLY,10.4376,10.4376,15.4758,5.0382,5.0382,32.5553,32.5553,0,0,12.50,1.31,cautious,-1.96,front,LIDAR_ONLY
0,89.1045,cam_2,CAM_ONLY,19.4140,,15.4758,3.9382,,25.4474,,0,,15.19,1.01,warning,,,CAMERA_ONLY
0,89.1626,cam_2,CAM_ONLY,19.3637,,15.4758,3.8878,,25.1220,,0,,12.52,0.86,warning,,,CAMERA_ONLY
0,89.2295,t1943,BOTH,19.3315,10.4410,15.4758,3.8557,5.0349,24.9141,32.5339,0,0,15.82,0.99,warning,,,FULL_ANGLE
0,89.2858,t1943,BOTH,19.8252,10.4465,15.4758,4.3494,5.0293,28.1043,32.4981,0,0,12.22,0.86,warning,,,FULL_ANGLE
0,89.2858,t1948,LIDAR_ONLY,19.5803,19.5803,15.4758,4.1044,4.1044,26.5216,26.5216,0,0,12.22,0.86,drive,18.31,front,LIDAR_ONLY
0,89.3478,cam_2,CAM_ONLY,19.7922,,15.4758,4.3163,,27.8909,,0,,12.72,1.12,warning,,,CAMERA_ONLY
0,89.4082,cam_2,CAM_ONLY,19.8310,,15.4758,4.3551,,28.1414,,0,,13.19,0.91,warning,,,CAMERA_ONLY
0,89.4700,cam_2,CAM_ONLY,19.3394,,15.4758,3.8635,,24.9650,,0,,16.97,0.98,warning,,,CAMERA_ONLY
0,89.5302,t1956,BOTH,19.9892,10.6563,15.4758,4.5133,4.8195,29.1637,31.1421,0,0,13.79,0.87,warning,,,FULL_ANGLE
0,89.5909,t1956,BOTH,19.4078,10.5260,15.4758,3.9320,4.9498,25.4072,31.9843,0,0,12.25,1.21,warning,,,FULL_ANGLE
0,89.5909,t1959,LIDAR_ONLY,14.7830,14.7830,15.4758,0.6929,0.6929,4.4772,4.4772,1,1,12.25,1.21,cautious,21.94,front,LIDAR_ONLY
0,89.5909,t1959,LIDAR_ONLY,15.4975,15.4975,15.4758,0.0217,0.0217,0.1400,0.1400,1,1,12.25,1.21,cautious,17.70,front,LIDAR_ONLY
0,89.5909,t1959,LIDAR_ONLY,15.3714,15.3714,15.4758,0.1045,0.1045,0.6751,0.6751,1,1,12.25,1.21,cautious,26.19,front,LIDAR_ONLY
0,89.6586,cam_2,CAM_ONLY,19.3746,,15.4758,3.8988,,25.1927,,0,,19.53,0.94,warning,,,CAMERA_ONLY
0,89.7193,cam_2,CAM_ONLY,19.2973,,15.4758,3.8215,,24.6933,,0,,15.04,0.92,warning,,,CAMERA_ONLY
0,89.7862,t1956,BOTH,19.2996,10.5430,15.4758,3.8238,4.9328,24.7080,31.8742,0,0,20.15,1.23,warning,,,FULL_ANGLE
0,89.7862,t1959,LIDAR_ONLY,15.2807,15.2807,15.4758,0.1952,0.1952,1.2612,1.2612,1,1,20.15,1.23,drive,21.77,front,LIDAR_ONLY
0,89.7862,t1959,LIDAR_ONLY,14.3872,14.3872,15.4758,1.0886,1.0886,7.0344,7.0344,0,0,20.15,1.23,cautious,25.92,front,LIDAR_ONLY
0,89.7862,t1956,LIDAR_ONLY,10.5373,10.5373,15.4758,4.9385,4.9385,31.9110,31.9110,0,0,20.15,1.23,cautious,-3.13,front,LIDAR_ONLY
0,89.7862,t1956,LIDAR_ONLY,10.5110,10.5110,15.4758,4.9649,4.9649,32.0814,32.0814,0,0,20.15,1.23,cautious,5.17,front,LIDAR_ONLY
0,89.8405,cam_2,CAM_ONLY,19.7555,,15.4758,4.2796,,27.6537,,0,,10.93,1.06,warning,,,CAMERA_ONLY
0,89.8986,cam_2,CAM_ONLY,19.3829,,15.4758,3.9071,,25.2462,,0,,11.24,0.96,warning,,,CAMERA_ONLY
0,89.9602,cam_2,CAM_ONLY,19.2888,,15.4758,3.8129,,24.6379,,0,,9.66,0.84,warning,,,CAMERA_ONLY
0,90.0192,cam_2,CAM_ONLY,19.3943,,15.4758,3.9185,,25.3200,,0,,11.46,1.07,warning,,,CAMERA_ONLY
0,90.0808,cam_2,CAM_ONLY,19.4045,,15.4758,3.9287,,25.3858,,0,,15.55,1.29,warning,,,CAMERA_ONLY
0,90.1435,t1975,BOTH,19.2719,10.4900,15.4758,3.7961,4.9858,24.5290,32.2167,0,0,15.81,1.22,warning,,,FULL_ANGLE
0,90.1435,t1974,LIDAR_ONLY,12.8346,12.8346,15.4758,2.6412,2.6412,17.0667,17.0667,0,0,15.81,1.22,cautious,24.52,front,LIDAR_ONLY
0,90.1435,t1974,LIDAR_ONLY,12.1746,12.1746,15.4758,3.3013,3.3013,21.3317,21.3317,0,0,15.81,1.22,cautious,28.61,front,LIDAR_ONLY
0,90.1435,t1974,LIDAR_ONLY,12.4605,12.4605,15.4758,3.0153,3.0153,19.4840,19.4840,0,0,15.81,1.22,cautious,20.43,front,LIDAR_ONLY
0,90.2038,cam_2,CAM_ONLY,19.6564,,15.4758,4.1806,,27.0137,,0,,12.91,1.31,warning,,,CAMERA_ONLY
0,90.2713,cam_2,CAM_ONLY,19.7366,,15.4758,4.2608,,27.5318,,0,,14.62,1.15,warning,,,CAMERA_ONLY
0,90.3445,cam_2,CAM_ONLY,19.6584,,15.4758,4.1826,,27.0264,,0,,21.13,1.10,warning,,,CAMERA_ONLY
0,90.3989,cam_2,CAM_ONLY,19.3453,,15.4758,3.8695,,25.0033,,0,,11.82,1.14,warning,,,CAMERA_ONLY
0,90.4615,cam_2,CAM_ONLY,19.3014,,15.4758,3.8255,,24.7193,,0,,12.61,0.84,warning,,,CAMERA_ONLY
0,90.5259,t1985,BOTH,19.3972,10.5007,15.4758,3.9214,4.9751,25.3388,32.1477,0,0,11.28,0.84,warning,,,FULL_ANGLE
0,90.5259,t1985,LIDAR_ONLY,10.5159,10.5159,15.4758,4.9600,4.9600,32.0497,32.0497,0,0,11.28,0.84,cautious,-2.26,front,LIDAR_ONLY
0,90.5804,t1985,BOTH,19.2337,10.5014,15.4758,3.7579,4.9744,24.2823,32.1433,0,0,9.25,1.00,warning,,,FULL_ANGLE
0,90.5804,t1987,LIDAR_ONLY,13.3749,13.3749,15.4758,2.1010,2.1010,13.5758,13.5758,0,0,9.25,1.00,cautious,23.73,front,LIDAR_ONLY
0,90.5804,t1987,LIDAR_ONLY,11.9963,11.9963,15.4758,3.4796,3.4796,22.4840,22.4840,0,0,9.25,1.00,cautious,27.79,front,LIDAR_ONLY
0,90.5804,t1987,LIDAR_ONLY,12.3150,12.3150,15.4758,3.1608,3.1608,20.4243,20.4243,0,0,9.25,1.00,cautious,19.67,front,LIDAR_ONLY
0,90.5804,t1985,LIDAR_ONLY,10.4918,10.4918,15.4758,4.9840,4.9840,32.2052,32.2052,0,0,9.25,1.00,cautious,3.42,front,LIDAR_ONLY
0,90.5804,t1985,LIDAR_ONLY,10.4949,10.4949,15.4758,4.9810,4.9810,32.1855,32.1855,0,0,9.25,1.00,cautious,-4.70,front,LIDAR_ONLY
0,90.6365,cam_2,CAM_ONLY,19.6614,,15.4758,4.1856,,27.0458,,0,,11.41,1.16,warning,,,CAMERA_ONLY
0,90.6365,t1987,LIDAR_ONLY,12.6185,12.6185,15.4758,2.8573,2.8573,18.4633,18.4633,0,0,11.41,1.16,cautious,22.89,front,LIDAR_ONLY
0,90.6365,t1987,LIDAR_ONLY,12.7216,12.7216,15.4758,2.7542,2.7542,17.7969,17.7969,0,0,11.41,1.16,cautious,26.93,front,LIDAR_ONLY
0,90.6916,cam_2,CAM_ONLY,19.6863,,15.4758,4.2104,,27.2065,,0,,10.58,1.18,warning,,,CAMERA_ONLY
0,90.6916,t1987,LIDAR_ONLY,12.7303,12.7303,15.4758,2.7455,2.7455,17.7407,17.7407,0,0,10.58,1.18,cautious,25.29,front,LIDAR_ONLY
0,90.6916,t1987,LIDAR_ONLY,12.6618,12.6618,15.4758,2.8140,2.8140,18.1834,18.1834,0,0,10.58,1.18,cautious,29.30,front,LIDAR_ONLY
0,90.7474,cam_2,CAM_ONLY,19.3423,,15.4758,3.8665,,24.9840,,0,,11.39,0.96,warning,,,CAMERA_ONLY
0,90.8087,cam_2,CAM_ONLY,19.3131,,15.4758,3.8372,,24.7950,,0,,10.85,0.84,warning,,,CAMERA_ONLY
0,90.8718,cam_2,CAM_ONLY,19.2398,,15.4758,3.7640,,24.3217,,0,,13.85,1.04,warning,,,CAMERA_ONLY
0,90.9281,cam_2,CAM_ONLY,19.2659,,15.4758,3.7900,,24.4900,,0,,12.92,0.78,warning,,,CAMERA_ONLY
0,90.9951,cam_2,CAM_ONLY,19.7204,,15.4758,4.2446,,27.4272,,0,,15.77,0.92,warning,,,CAMERA_ONLY
0,91.0550,cam_2,CAM_ONLY,19.6511,,15.4758,4.1752,,26.9791,,0,,13.20,1.06,warning,,,CAMERA_ONLY
0,91.1225,cam_2,CAM_ONLY,19.2865,,15.4758,3.8106,,24.6232,,0,,19.09,2.15,warning,,,CAMERA_ONLY
0,91.1785,cam_2,CAM_ONLY,19.3670,,15.4758,3.8912,,25.1436,,0,,9.65,1.38,warning,,,CAMERA_ONLY
0,91.2392,t2003,BOTH,19.3252,10.5081,15.4758,3.8494,4.9678,24.8736,32.1003,0,0,14.34,1.20,warning,,,FULL_ANGLE
0,91.2392,t2002,LIDAR_ONLY,15.4027,15.4027,15.4758,0.0731,0.0731,0.4727,0.4727,1,1,14.34,1.20,drive,21.27,front,LIDAR_ONLY
0,91.2392,t2002,LIDAR_ONLY,13.8564,13.8564,15.4758,1.6195,1.6195,10.4646,10.4646,0,0,14.34,1.20,cautious,25.33,front,LIDAR_ONLY
0,91.2392,t2002,LIDAR_ONLY,12.6643,12.6643,15.4758,2.8116,2.8116,18.1674,18.1674,0,0,14.34,1.20,cautious,29.40,front,LIDAR_ONLY
0,91.2392,t2003,LIDAR_ONLY,10.6609,10.6609,15.4758,4.8150,4.8150,31.1128,31.1128,0,0,14.34,1.20,cautious,-3.13,front,LIDAR_ONLY
0,91.2392,t2003,LIDAR_ONLY,10.5448,10.5448,15.4758,4.9310,4.9310,31.8628,31.8628,0,0,14.34,1.20,cautious,5.00,front,LIDAR_ONLY
0,91.2999,cam_2,CAM_ONLY,19.4465,,15.4758,3.9706,,25.6568,,0,,11.36,1.03,warning,,,CAMERA_ONLY
0,91.3583,cam_2,CAM_ONLY,19.4293,,15.4758,3.9535,,25.5461,,0,,11.59,1.03,warning,,,CAMERA_ONLY
0,91.4152,cam_2,CAM_ONLY,19.2355,,15.4758,3.7597,,24.2938,,0,,10.62,1.26,warning,,,CAMERA_ONLY
0,91.4673,cam_2,CAM_ONLY,19.3599,,15.4758,3.8840,,25.0973,,0,,13.83,0.93,warning,,,CAMERA_ONLY
0,91.5284,cam_2,CAM_ONLY,19.2985,,15.4758,3.8226,,24.7005,,0,,13.09,0.78,warning,,,CAMERA_ONLY
0,91.5885,t2014,BOTH,19.3446,10.5353,15.4758,3.8687,4.9406,24.9985,31.9243,0,0,12.25,1.18,warning,,,FULL_ANGLE
0,91.5885,t2012,LIDAR_ONLY,13.3289,13.3289,15.4758,2.1470,2.1470,13.8730,13.8730,0,0,12.25,1.18,cautious,23.79,front,LIDAR_ONLY
0,91.5885,t2012,LIDAR_ONLY,13.7741,13.7741,15.4758,1.7018,1.7018,10.9964,10.9964,0,0,12.25,1.18,cautious,19.63,front,LIDAR_ONLY
0,91.5885,t2012,LIDAR_ONLY,13.7696,13.7696,15.4758,1.7063,1.7063,11.0254,11.0254,0,0,12.25,1.18,cautious,27.95,front,LIDAR_ONLY
0,91.5885,t2014,LIDAR_ONLY,10.5729,10.5729,15.4758,4.9029,4.9029,31.6812,31.6812,0,0,12.25,1.18,cautious,-1.18,front,LIDAR_ONLY
0,91.6449,cam_2,CAM_ONLY,19.3439,,15.4758,3.8681,,24.9944,,0,,10.75,1.22,warning,,,CAMERA_ONLY
0,91.6449,t2012,LIDAR_ONLY,12.7787,12.7787,15.4758,2.6971,2.6971,17.4278,17.4278,0,0,10.75,1.22,cautious,29.35,front,LIDAR_ONLY
0,91.6449,t2012,LIDAR_ONLY,12.8741,12.8741,15.4758,2.6017,2.6017,16.8114,16.8114,0,0,10.75,1.22,cautious,21.33,front,LIDAR_ONLY
0,91.6968,cam_2,CAM_ONLY,19.7408,,15.4758,4.2650,,27.5588,,0,,12.77,1.14,warning,,,CAMERA_ONLY
0,91.7601,cam_2,CAM_ONLY,19.3769,,15.4758,3.9011,,25.2075,,0,,18.31,1.32,warning,,,CAMERA_ONLY
0,91.8204,cam_2,CAM_ONLY,19.2638,,15.4758,3.7880,,24.4768,,0,,14.66,0.99,warning,,,CAMERA_ONLY
0,91.8802,t2021,BOTH,19.6527,10.6509,15.4758,4.1768,4.8249,26.9894,31.1772,0,0,12.49,0.78,warning,,,FULL_ANGLE
0,91.9431,cam_2,CAM_ONLY,19.2954,,15.4758,3.8195,,24.6806,,0,,12.80,1.23,warning,,,CAMERA_ONLY
0,91.9431,t2024,LIDAR_ONLY,10.9712,10.9712,15.4758,4.5047,4.5047,29.1078,29.1078,0,0,12.80,1.23,cautious,27.90,front,LIDAR_ONLY
0,92.0159,cam_2,CAM_ONLY,19.3068,,15.4758,3.8309,,24.7544,,0,,13.34,0.95,warning,,,CAMERA_ONLY
0,92.0831,t2021,BOTH,19.3241,10.6203,15.4758,3.8482,4.8555,24.8660,31.3749,0,0,19.00,0.89,warning,,,FULL_ANGLE
0,92.0831,t2021,LIDAR_ONLY,10.6539,10.6539,15.4758,4.8220,4.8220,31.1579,31.1579,0,0,19.00,0.89,cautious,-3.46,front,LIDAR_ONLY
0,92.0831,t2021,LIDAR_ONLY,10.5893,10.5893,15.4758,4.8865,4.8865,31.5751,31.5751,0,0,19.00,0.89,cautious,4.69,front,LIDAR_ONLY
0,92.1448,cam_2,CAM_ONLY,19.3028,,15.4758,3.8270,,24.7287,,0,,12.43,0.97,warning,,,CAMERA_ONLY
0,92.2190,cam_2,CAM_ONLY,19.3201,,15.4758,3.8443,,24.8404,,0,,16.75,0.87,warning,,,CAMERA_ONLY
0,92.2777,cam_2,CAM_ONLY,19.3147,,15.4758,3.8389,,24.8056,,0,,13.59,0.70,warning,,,CAMERA_ONLY
0,92.3489,cam_2,CAM_ONLY,19.3950,,15.4758,3.9192,,25.3243,,0,,17.35,1.21,warning,,,CAMERA_ONLY
0,92.4090,cam_2,CAM_ONLY,19.3368,,15.4758,3.8610,,24.9482,,0,,13.93,1.39,warning,,,CAMERA_ONLY
0,92.4794,cam_2,CAM_ONLY,19.2470,,15.4758,3.7711,,24.3679,,0,,13.54,0.91,warning,,,CAMERA_ONLY
0,92.5320,t2032,BOTH,19.2466,10.5387,15.4758,3.7708,4.9371,24.3655,31.9021,0,0,9.35,0.95,warning,,,FULL_ANGLE
0,92.5320,t2032,LIDAR_ONLY,10.4925,10.4925,15.4758,4.9833,4.9833,32.2005,32.2005,0,0,9.35,0.95,cautious,3.72,front,LIDAR_ONLY
0,92.5320,t2032,LIDAR_ONLY,10.4967,10.4967,15.4758,4.9792,4.9792,32.1739,32.1739,0,0,9.35,0.95,cautious,-4.68,front,LIDAR_ONLY
0,92.5933,cam_2,CAM_ONLY,19.6754,,15.4758,4.1996,,27.1363,,0,,13.12,1.17,warning,,,CAMERA_ONLY
0,92.5933,t2035,LIDAR_ONLY,13.7013,13.7013,15.4758,1.7745,1.7745,11.4664,11.4664,0,0,13.12,1.17,cautious,23.28,front,LIDAR_ONLY
0,92.5933,t2035,LIDAR_ONLY,12.6773,12.6773,15.4758,2.7985,2.7985,18.0833,18.0833,0,0,13.12,1.17,cautious,27.50,front,LIDAR_ONLY
0,92.6618,cam_2,CAM_ONLY,19.3635,,15.4758,3.8877,,25.1210,,0,,20.82,1.53,warning,,,CAMERA_ONLY
0,92.7226,cam_2,CAM_ONLY,19.3185,,15.4758,3.8427,,24.8300,,0,,11.87,1.13,warning,,,CAMERA_ONLY
0,92.7794,t2042,BOTH,19.2722,10.5654,15.4758,3.7963,4.9105,24.5306,31.7300,0,0,10.55,1.11,warning,,,FULL_ANGLE
0,92.7794,t2042,LIDAR_ONLY,10.5952,10.5952,15.4758,4.8806,4.8806,31.5370,31.5370,0,0,10.55,1.11,cautious,-4.68,front,LIDAR_ONLY
0,92.7794,t2042,LIDAR_ONLY,10.5116,10.5116,15.4758,4.9643,4.9643,32.0775,32.0775,0,0,10.55,1.11,cautious,3.68,front,LIDAR_ONLY
0,92.8406,t2042,BOTH,19.3440,10.4799,15.4758,3.8682,4.9960,24.9949,32.2824,0,0,10.12,0.97,warning,,,FULL_ANGLE
0,92.8406,t2044,LIDAR_ONLY,13.9284,13.9284,15.4758,1.5474,1.5474,9.9990,9.9990,0,0,10.12,0.97,cautious,22.98,front,LIDAR_ONLY
0,92.8406,t2044,LIDAR_ONLY,12.4031,12.4031,15.4758,3.0728,3.0728,19.8552,19.8552,0,0,10.12,0.97,cautious,27.16,front,LIDAR_ONLY
0,92.8406,t2042,LIDAR_ONLY,10.4980,10.4980,15.4758,4.9778,4.9778,32.1652,32.1652,0,0,10.12,0.97,cautious,6.25,front,LIDAR_ONLY
0,92.9028,cam_2,CAM_ONLY,19.3281,,15.4758,3.8523,,24.8922,,0,,12.17,1.20,warning,,,CAMERA_ONLY
0,92.9691,cam_2,CAM_ONLY,19.2360,,15.4758,3.7602,,24.2972,,0,,19.17,0.94,warning,,,CAMERA_ONLY
0,93.0326,t2042,BOTH,19.2932,10.4567,15.4758,3.8174,5.0191,24.6667,32.4320,0,0,16.23,0.84,warning,,,FULL_ANGLE
0,93.0326,t2042,LIDAR_ONLY,10.4689,10.4689,15.4758,5.0069,5.0069,32.3533,32.3533,0,0,16.23,0.84,cautious,-2.23,front,LIDAR_ONLY
0,93.0326,t2042,LIDAR_ONLY,10.4598,10.4598,15.4758,5.0160,5.0160,32.4118,32.4118,0,0,16.23,0.84,cautious,6.03,front,LIDAR_ONLY
0,93.0969,cam_2,CAM_ONLY,19.6870,,15.4758,4.2112,,27.2113,,0,,17.77,1.06,warning,,,CAMERA_ONLY
0,93.1547,cam_2,CAM_ONLY,19.7528,,15.4758,4.2769,,27.6361,,0,,14.73,1.25,warning,,,CAMERA_ONLY
0,93.2074,cam_2,CAM_ONLY,19.3042,,15.4758,3.8284,,24.7378,,0,,12.02,1.11,warning,,,CAMERA_ONLY
0,93.2721,cam_2,CAM_ONLY,19.3662,,15.4758,3.8904,,25.1386,,0,,19.41,0.95,warning,,,CAMERA_ONLY
0,93.3352,t2060,BOTH,19.4600,10.5447,15.4758,3.9842,4.9312,25.7445,31.8637,0,0,17.20,1.02,warning,,,FULL_ANGLE
0,93.3352,t2057,LIDAR_ONLY,10.5262,10.5262,15.4758,4.9496,4.9496,31.9830,31.9830,0,0,17.20,1.02,cautious,28.92,front,LIDAR_ONLY
0,93.3352,t2059,LIDAR_ONLY,22.6537,22.6537,15.4758,7.1778,7.1778,46.3808,46.3808,0,0,17.20,1.02,drive,16.85,front,LIDAR_ONLY
0,93.3352,t2059,LIDAR_ONLY,18.2742,18.2742,15.4758,2.7984,2.7984,18.0823,18.0823,0,0,17.20,1.02,drive,20.87,front,LIDAR_ONLY
0,93.3352,t2060,LIDAR_ONLY,10.4580,10.4580,15.4758,5.0179,5.0179,32.4240,32.4240,0,0,17.20,1.02,cautious,4.78,front,LIDAR_ONLY
0,93.3352,t2060,LIDAR_ONLY,10.4749,10.4749,15.4758,5.0010,5.0010,32.3148,32.3148,0,0,17.20,1.02,cautious,-3.27,front,LIDAR_ONLY
0,93.3932,cam_2,CAM_ONLY,19.2721,,15.4758,3.7963,,24.5302,,0,,12.77,1.04,warning,,,CAMERA_ONLY
0,93.4502,cam_2,CAM_ONLY,19.6661,,15.4758,4.1903,,27.0761,,0,,12.16,1.27,warning,,,CAMERA_ONLY
0,93.5050,cam_2,CAM_ONLY,19.6080,,15.4758,4.1322,,26.7010,,0,,10.54,1.14,warning,,,CAMERA_ONLY
0,93.5592,cam_2,CAM_ONLY,19.2055,,15.4758,3.7296,,24.0998,,0,,11.88,0.94,warning,,,CAMERA_ONLY
0,93.6177,cam_2,CAM_ONLY,19.3425,,15.4758,3.8667,,24.9852,,0,,9.64,0.99,warning,,,CAMERA_ONLY
0,93.6711,cam_2,CAM_ONLY,19.2383,,15.4758,3.7625,,24.3118,,0,,10.84,1.09,warning,,,CAMERA_ONLY
0,93.7267,cam_2,CAM_ONLY,19.5695,,15.4758,4.0936,,26.4517,,0,,13.00,0.86,warning,,,CAMERA_ONLY
0,93.7924,t2075,BOTH,19.6827,10.5898,15.4758,4.2069,4.8860,27.1836,31.5719,0,0,14.09,1.38,warning,,,FULL_ANGLE
0,93.7924,t2073,LIDAR_ONLY,13.1612,13.1612,15.4758,2.3146,2.3146,14.9562,14.9562,0,0,14.09,1.38,cautious,24.03,front,LIDAR_ONLY
0,93.7924,t2073,LIDAR_ONLY,11.9217,11.9217,15.4758,3.5541,3.5541,22.9654,22.9654,0,0,14.09,1.38,cautious,28.11,front,LIDAR_ONLY
0,93.7924,t2074,LIDAR_ONLY,25.3604,25.3604,15.4758,9.8846,9.8846,63.8709,63.8709,0,0,14.09,1.38,drive,15.87,front,LIDAR_ONLY
0,93.7924,t2074,LIDAR_ONLY,21.1594,21.1594,15.4758,5.6836,5.6836,36.7255,36.7255,0,0,14.09,1.38,drive,19.95,front,LIDAR_ONLY
0,93.8693,cam_2,CAM_ONLY,19.3184,,15.4758,3.8425,,24.8292,,0,,19.15,1.10,warning,,,CAMERA_ONLY
0,93.9376,t2075,BOTH,19.1831,10.5783,15.4758,3.7072,4.8976,23.9549,31.6464,0,0,13.89,1.16,warning,,,FULL_ANGLE
0,93.9376,t2074,LIDAR_ONLY,18.1304,18.1304,15.4758,2.6545,2.6545,17.1527,17.1527,0,0,13.89,1.16,drive,21.56,front,LIDAR_ONLY
0,93.9376,t2073,LIDAR_ONLY,11.9394,11.9394,15.4758,3.5365,3.5365,22.8515,22.8515,0,0,13.89,1.16,cautious,25.60,front,LIDAR_ONLY
0,93.9376,t2073,LIDAR_ONLY,11.3708,11.3708,15.4758,4.1051,4.1051,26.5256,26.5256,0,0,13.89,1.16,cautious,29.63,front,LIDAR_ONLY
0,93.9376,t2075,LIDAR_ONLY,10.5899,10.5899,15.4758,4.8860,4.8860,31.5717,31.5717,0,0,13.89,1.16,cautious,-2.63,front,LIDAR_ONLY
0,93.9919,cam_2,CAM_ONLY,19.2551,,15.4758,3.7793,,24.4205,,0,,10.80,1.44,warning,,,CAMERA_ONLY
0,93.9919,t2073,LIDAR_ONLY,11.4079,11.4079,15.4758,4.0680,4.0680,26.2859,26.2859,0,0,10.80,1.44,cautious,25.65,front,LIDAR_ONLY
0,93.9919,t2073,LIDAR_ONLY,10.8645,10.8645,15.4758,4.6113,4.6113,29.7971,29.7971,0,0,10.80,1.44,cautious,29.67,front,LIDAR_ONLY
0,93.9919,t2074,LIDAR_ONLY,17.3607,17.3607,15.4758,1.8848,1.8848,12.1792,12.1792,0,0,10.80,1.44,drive,21.63,front,LIDAR_ONLY
0,94.0524,cam_2,CAM_ONLY,19.3794,,15.4758,3.9035,,25.2235,,0,,12.59,1.23,warning,,,CAMERA_ONLY
0,94.1142,cam_2,CAM_ONLY,19.2484,,15.4758,3.7725,,24.3768,,0,,17.09,0.96,warning,,,CAMERA_ONLY
0,94.1819,t2082,BOTH,19.2700,10.5007,15.4758,3.7941,4.9751,24.5165,32.1475,0,0,17.69,1.47,warning,,,FULL_ANGLE
0,94.1819,t2082,LIDAR_ONLY,10.4996,10.4996,15.4758,4.9763,4.9763,32.1552,32.1552,0,0,17.69,1.47,cautious,-2.35,front,LIDAR_ONLY
0,94.2423,cam_2,CAM_ONLY,19.3362,,15.4758,3.8604,,24.9446,,0,,12.02,1.23,warning,,,CAMERA_ONLY
0,94.2423,t2086,LIDAR_ONLY,17.4411,17.4411,15.4758,1.9652,1.9652,12.6986,12.6986,0,0,12.02,1.23,drive,19.63,front,LIDAR_ONLY
0,94.2423,t2086,LIDAR_ONLY,16.0953,16.0953,15.4758,0.6195,0.6195,4.0027,4.0027,1,1,12.02,1.23,drive,23.65,front,LIDAR_ONLY
0,94.2423,t2086,LIDAR_ONLY,14.5317,14.5317,15.4758,0.9441,0.9441,6.1005,6.1005,1,1,12.02,1.23,cautious,27.68,front,LIDAR_ONLY
0,94.2998,cam_2,CAM_ONLY,19.8128,,15.4758,4.3369,,28.0239,,0,,13.46,1.21,warning,,,CAMERA_ONLY
0,94.3556,cam_2,CAM_ONLY,19.4262,,15.4758,3.9503,,25.5259,,0,,10.22,1.21,warning,,,CAMERA_ONLY
0,94.4097,cam_2,CAM_ONLY,19.3575,,15.4758,3.8817,,25.0821,,0,,11.65,0.85,warning,,,CAMERA_ONLY
0,94.4655,cam_2,CAM_ONLY,19.3301,,15.4758,3.8543,,24.9051,,0,,15.46,0.79,warning,,,CAMERA_ONLY
0,94.5291,cam_2,CAM_ONLY,19.3054,,15.4758,3.8296,,24.7457,,0,,12.63,0.77,warning,,,CAMERA_ONLY
0,94.5858,t2095,BOTH,19.6494,10.5655,15.4758,4.1736,4.9103,26.9683,31.7291,0,0,12.68,0.99,warning,,,FULL_ANGLE
0,94.5858,t2093,LIDAR_ONLY,13.1778,13.1778,15.4758,2.2980,2.2980,14.8492,14.8492,0,0,12.68,0.99,cautious,24.01,front,LIDAR_ONLY
0,94.5858,t2093,LIDAR_ONLY,13.7123,13.7123,15.4758,1.7635,1.7635,11.3952,11.3952,0,0,12.68,0.99,cautious,19.85,front,LIDAR_ONLY
0,94.5858,t2093,LIDAR_ONLY,14.9547,14.9547,15.4758,0.5211,0.5211,3.3675,3.3675,1,1,12.68,0.99,cautious,15.70,front,LIDAR_ONLY
0,94.5858,t2094,LIDAR_ONLY,10.8507,10.8507,15.4758,4.6251,4.6251,29.8862,29.8862,0,0,12.68,0.99,cautious,28.16,front,LIDAR_ONLY
0,94.6463,cam_2,CAM_ONLY,19.6752,,15.4758,4.1993,,27.1347,,0,,11.51,1.08,warning,,,CAMERA_ONLY
0,94.7100,cam_2,CAM_ONLY,19.2963,,15.4758,3.8204,,24.6864,,0,,16.69,0.82,warning,,,CAMERA_ONLY
0,94.7803,t2095,BOTH,19.2565,10.4943,15.4758,3.7807,4.9816,24.4296,32.1894,0,0,20.37,0.91,warning,,,FULL_ANGLE
0,94.7803,t2095,LIDAR_ONLY,10.5053,10.5053,15.4758,4.9705,4.9705,32.1181,32.1181,0,0,20.37,0.91,cautious,-1.98,front,LIDAR_ONLY
0,94.7803,t2095,LIDAR_ONLY,10.5054,10.5054,15.4758,4.9705,4.9705,32.1175,32.1175,0,0,20.37,0.91,cautious,6.27,front,LIDAR_ONLY
0,94.8555,cam_2,CAM_ONLY,19.6849,,15.4758,4.2091,,27.1978,,0,,24.63,2.26,warning,,,CAMERA_ONLY
0,94.9286,cam_2,CAM_ONLY,19.2283,,15.4758,3.7524,,24.2470,,0,,13.15,0.85,warning,,,CAMERA_ONLY
0,94.9888,t2095,BOTH,19.7068,10.4912,15.4758,4.2309,4.9847,27.3390,32.2093,0,0,12.59,1.12,warning,,,FULL_ANGLE
0,94.9888,t2104,LIDAR_ONLY,11.0383,11.0383,15.4758,4.4375,4.4375,28.6740,28.6740,0,0,12.59,1.12,cautious,27.76,front,LIDAR_ONLY
0,94.9888,t2104,LIDAR_ONLY,11.9131,11.9131,15.4758,3.5628,3.5628,23.0216,23.0216,0,0,12.59,1.12,cautious,19.46,front,LIDAR_ONLY
0,94.9888,t2095,LIDAR_ONLY,10.5013,10.5013,15.4758,4.9746,4.9746,32.1442,32.1442,0,0,12.59,1.12,cautious,-1.28,front,LIDAR_ONLY
0,95.0575,cam_2,CAM_ONLY,19.3214,,15.4758,3.8455,,24.8486,,0,,20.92,1.06,warning,,,CAMERA_ONLY
0,95.1191,cam_2,CAM_ONLY,19.4286,,15.4758,3.9528,,25.5417,,0,,12.71,0.88,warning,,,CAMERA_ONLY
0,95.1754,t2095,BOTH,19.3910,10.4952,15.4758,3.9151,4.9807,25.2982,32.1835,0,0,9.24,0.76,warning,,,FULL_ANGLE
0,95.2324,t2095,BOTH,19.2991,10.4634,15.4758,3.8233,5.0124,24.7050,32.3888,0,0,15.22,0.99,warning,,,FULL_ANGLE
0,95.2324,t2107,LIDAR_ONLY,13.2325,13.2325,15.4758,2.2433,2.2433,14.4956,14.4956,0,0,15.22,0.99,cautious,23.93,front,LIDAR_ONLY
0,95.2324,t2107,LIDAR_ONLY,14.5742,14.5742,15.4758,0.9016,0.9016,5.8261,5.8261,1,1,15.22,0.99,cautious,15.90,front,LIDAR_ONLY
0,95.2324,t2095,LIDAR_ONLY,10.4573,10.4573,15.4758,5.0185,5.0185,32.4282,32.4282,0,0,15.22,0.99,cautious,3.85,front,LIDAR_ONLY
0,95.2324,t2107,LIDAR_ONLY,15.4465,15.4465,15.4758,0.0294,0.0294,0.1898,0.1898,1,1,15.22,0.99,cautious,19.91,front,LIDAR_ONLY
0,95.2935,cam_2,CAM_ONLY,19.2910,,15.4758,3.8152,,24.6527,,0,,12.20,1.13,warning,,,CAMERA_ONLY
0,95.3495,cam_2,CAM_ONLY,19.2608,,15.4758,3.7849,,24.4570,,0,,12.95,1.04,warning,,,CAMERA_ONLY
0,95.4228,cam_2,CAM_ONLY,19.2478,,15.4758,3.7720,,24.3735,,0,,21.58,2.36,warning,,,CAMERA_ONLY
0,95.4901,t2117,BOTH,19.2468,10.5884,15.4758,3.7709,4.8874,24.3666,31.5811,0,0,14.83,0.97,warning,,,FULL_ANGLE
0,95.4901,t2116,LIDAR_ONLY,12.7571,12.7571,15.4758,2.7188,2.7188,17.5679,17.5679,0,0,14.83,0.97,cautious,24.64,front,LIDAR_ONLY
0,95.4901,t2116,LIDAR_ONLY,13.0617,13.0617,15.4758,2.4141,2.4141,15.5993,15.5993,0,0,14.83,0.97,cautious,20.58,front,LIDAR_ONLY
0,95.4901,t2117,LIDAR_ONLY,10.6453,10.6453,15.4758,4.8305,4.8305,31.2132,31.2132,0,0,14.83,0.97,cautious,-3.80,front,LIDAR_ONLY
0,95.4901,t2116,LIDAR_ONLY,13.0356,13.0356,15.4758,2.4402,2.4402,15.7679,15.7679,0,0,14.83,0.97,cautious,28.70,front,LIDAR_ONLY
0,95.4901,t2117,LIDAR_ONLY,10.5370,10.5370,15.4758,4.9388,4.9388,31.9129,31.9129,0,0,14.83,0.97,cautious,4.33,front,LIDAR_ONLY
0,95.5448,cam_2,CAM_ONLY,19.2350,,15.4758,3.7592,,24.2907,,0,,9.06,1.14,warning,,,CAMERA_ONLY
0,95.5448,t2116,LIDAR_ONLY,12.8633,12.8633,15.4758,2.6125,2.6125,16.8812,16.8812,0,0,9.06,1.14,cautious,24.98,front,LIDAR_ONLY
0,95.5448,t2116,LIDAR_ONLY,12.1676,12.1676,15.4758,3.3083,3.3083,21.3770,21.3770,0,0,9.06,1.14,cautious,29.09,front,LIDAR_ONLY
0,95.6004,cam_2,CAM_ONLY,19.3680,,15.4758,3.8921,,25.1496,,0,,9.74,1.01,warning,,,CAMERA_ONLY
0,95.6708,cam_2,CAM_ONLY,19.4273,,15.4758,3.9515,,25.5331,,0,,18.29,2.19,warning,,,CAMERA_ONLY
0,95.7289,cam_2,CAM_ONLY,19.3994,,15.4758,3.9235,,25.3527,,0,,10.01,0.72,warning,,,CAMERA_ONLY
0,95.7921,cam_2,CAM_ONLY,19.2596,,15.4758,3.7837,,24.4493,,0,,18.00,1.17,warning,,,CAMERA_ONLY
0,95.7921,t2128,LIDAR_ONLY,11.2020,11.2020,15.4758,4.2739,4.2739,27.6164,27.6164,0,0,18.00,1.17,cautious,27.42,front,LIDAR_ONLY
0,95.8516,cam_2,CAM_ONLY,19.2994,,15.4758,3.8236,,24.7067,,0,,13.17,1.20,warning,,,CAMERA_ONLY
0,95.9186,cam_2,CAM_ONLY,19.7173,,15.4758,4.2415,,27.4070,,0,,17.58,1.10,warning,,,CAMERA_ONLY
0,95.9805,cam_2,CAM_ONLY,19.7514,,15.4758,4.2756,,27.6273,,0,,14.01,0.76,warning,,,CAMERA_ONLY
0,96.0452,cam_2,CAM_ONLY,19.2345,,15.4758,3.7587,,24.2873,,0,,18.57,1.08,warning,,,CAMERA_ONLY
0,96.1221,cam_2,CAM_ONLY,19.6728,,15.4758,4.1970,,27.1196,,0,,20.54,1.99,warning,,,CAMERA_ONLY
0,96.1872,t2140,BOTH,19.3322,24.4811,15.4758,3.8563,9.0053,24.9183,58.1892,0,0,18.08,1.11,warning,,,FULL_ANGLE
0,96.1872,t2141,LIDAR_ONLY,10.7667,10.7667,15.4758,4.7091,4.7091,30.4290,30.4290,0,0,18.08,1.11,cautious,28.35,front,LIDAR_ONLY
0,96.1872,t2141,LIDAR_ONLY,11.0501,11.0501,15.4758,4.4257,4.4257,28.5977,28.5977,0,0,18.08,1.11,cautious,24.29,front,LIDAR_ONLY
0,96.2632,cam_2,CAM_ONLY,19.7302,,15.4758,4.2544,,27.4904,,0,,21.54,0.90,warning,,,CAMERA_ONLY
0,96.3363,t2143,BOTH,19.2836,10.4522,15.4758,3.8078,5.0237,24.6047,32.4614,0,0,21.57,1.44,warning,,,FULL_ANGLE
0,96.3363,t2141,LIDAR_ONLY,11.4971,11.4971,15.4758,3.9787,3.9787,25.7091,25.7091,0,0,21.57,1.44,cautious,23.26,front,LIDAR_ONLY
0,96.3363,t2141,LIDAR_ONLY,11.6753,11.6753,15.4758,3.8005,3.8005,24.5579,24.5579,0,0,21.57,1.44,cautious,27.42,front,LIDAR_ONLY
0,96.3363,t2143,LIDAR_ONLY,10.5878,10.5878,15.4758,4.8880,4.8880,31.5849,31.5849,0,0,21.57,1.44,cautious,-1.68,front,LIDAR_ONLY
0,96.3363,t2143,LIDAR_ONLY,10.4668,10.4668,15.4758,5.0091,5.0091,32.3670,32.3670,0,0,21.57,1.44,cautious,6.63,front,LIDAR_ONLY
0,96.3363,t2140,LIDAR_ONLY,21.3460,21.3460,15.4758,5.8702,5.8702,37.9314,37.9314,0,0,21.57,1.44,drive,19.11,front,LIDAR_ONLY
0,96.3925,cam_2,CAM_ONLY,19.1662,,15.4758,3.6903,,23.8458,,0,,11.28,1.14,warning,,,CAMERA_ONLY
0,96.3925,t2141,LIDAR_ONLY,11.7619,11.7619,15.4758,3.7140,3.7140,23.9985,23.9985,0,0,11.28,1.14,cautious,26.81,front,LIDAR_ONLY
0,96.4583,cam_2,CAM_ONLY,19.2494,,15.4758,3.7736,,24.3838,,0,,21.43,1.22,warning,,,CAMERA_ONLY
0,96.5167,cam_2,CAM_ONLY,19.2701,,15.4758,3.7943,,24.5176,,0,,13.25,0.86,warning,,,CAMERA_ONLY
0,96.5859,t2149,BOTH,19.3898,10.5643,15.4758,3.9140,4.9116,25.2910,31.7369,0,0,17.62,1.13,warning,,,FULL_ANGLE
0,96.5859,t2141,LIDAR_ONLY,11.6667,11.6667,15.4758,3.8091,3.8091,24.6134,24.6134,0,0,17.62,1.13,cautious,29.74,front,LIDAR_ONLY
0,96.5859,t2141,LIDAR_ONLY,11.6052,11.6052,15.4758,3.8706,3.8706,25.0109,25.0109,0,0,17.62,1.13,cautious,25.48,front,LIDAR_ONLY
0,96.5859,t2141,LIDAR_ONLY,11.6586,11.6586,15.4758,3.8172,3.8172,24.6656,24.6656,0,0,17.62,1.13,cautious,21.23,front,LIDAR_ONLY
0,96.5859,t2149,LIDAR_ONLY,10.5799,10.5799,15.4758,4.8960,4.8960,31.6362,31.6362,0,0,17.62,1.13,cautious,-4.27,front,LIDAR_ONLY
0,96.5859,t2149,LIDAR_ONLY,10.5245,10.5245,15.4758,4.9513,4.9513,31.9938,31.9938,0,0,17.62,1.13,cautious,4.23,front,LIDAR_ONLY
0,96.6474,cam_2,CAM_ONLY,19.3160,,15.4758,3.8402,,24.8140,,0,,13.23,1.00,warning,,,CAMERA_ONLY
0,96.7064,cam_2,CAM_ONLY,19.2337,,15.4758,3.7579,,24.2823,,0,,12.66,1.33,warning,,,CAMERA_ONLY
0,96.7771,cam_2,CAM_ONLY,19.2534,,15.4758,3.7775,,24.4093,,0,,21.63,0.73,warning,,,CAMERA_ONLY
0,96.8371,t2152,BOTH,19.2475,10.5060,15.4758,3.7716,4.9698,24.3710,32.1135,0,0,16.32,1.00,warning,,,FULL_ANGLE
0,96.8371,t2152,LIDAR_ONLY,10.6050,10.6050,15.4758,4.8708,4.8708,31.4739,31.4739,0,0,16.32,1.00,cautious,-4.93,front,LIDAR_ONLY
0,96.8371,t2152,LIDAR_ONLY,10.5872,10.5872,15.4758,4.8886,4.8886,31.5887,31.5887,0,0,16.32,1.00,cautious,-0.84,front,LIDAR_ONLY
0,96.8905,cam_2,CAM_ONLY,19.2685,,15.4758,3.7927,,24.5072,,0,,13.70,1.09,warning,,,CAMERA_ONLY
0,96.9628,cam_2,CAM_ONLY,19.3016,,15.4758,3.8257,,24.7208,,0,,16.83,0.89,warning,,,CAMERA_ONLY
0,97.0189,cam_2,CAM_ONLY,19.2481,,15.4758,3.7723,,24.3753,,0,,10.78,0.93,warning,,,CAMERA_ONLY
0,97.0709,cam_2,CAM_ONLY,19.4133,,15.4758,3.9374,,25.4423,,0,,10.90,1.06,warning,,,CAMERA_ONLY
0,97.1449,cam_2,CAM_ONLY,19.5091,,15.4758,4.0333,,26.0616,,0,,14.43,1.01,warning,,,CAMERA_ONLY
0,97.2041,cam_2,CAM_ONLY,19.3167,,15.4758,3.8408,,24.8181,,0,,15.07,1.04,warning,,,CAMERA_ONLY
0,97.2791,cam_2,CAM_ONLY,19.5039,,15.4758,4.0281,,26.0283,,0,,16.13,2.20,warning,,,CAMERA_ONLY
0,97.3552,cam_2,CAM_ONLY,19.3545,,15.4758,3.8787,,25.0628,,0,,15.64,0.89,warning,,,CAMERA_ONLY
0,97.4113,cam_2,CAM_ONLY,19.3543,,15.4758,3.8784,,25.0613,,0,,12.04,0.83,warning,,,CAMERA_ONLY
0,97.4696,cam_2,CAM_ONLY,19.3227,,15.4758,3.8469,,24.8572,,0,,10.44,1.06,warning,,,CAMERA_ONLY
0,97.5237,cam_2,CAM_ONLY,19.2878,,15.4758,3.8119,,24.6314,,0,,12.24,0.98,warning,,,CAMERA_ONLY
0,97.5822,t2166,BOTH,19.2434,10.5848,15.4758,3.7675,4.8910,24.3446,31.6044,0,0,13.71,1.86,warning,,,FULL_ANGLE
0,97.5822,t2165,LIDAR_ONLY,13.6068,13.6068,15.4758,1.8690,1.8690,12.0769,12.0769,0,0,13.71,1.86,cautious,23.41,front,LIDAR_ONLY
0,97.5822,t2165,LIDAR_ONLY,12.4835,12.4835,15.4758,2.9923,2.9923,19.3355,19.3355,0,0,13.71,1.86,cautious,27.44,front,LIDAR_ONLY
0,97.5822,t2166,LIDAR_ONLY,10.5851,10.5851,15.4758,4.8908,4.8908,31.6027,31.6027,0,0,13.71,1.86,cautious,-4.85,front,LIDAR_ONLY
0,97.6432,cam_2,CAM_ONLY,19.4197,,15.4758,3.9438,,25.4838,,0,,15.67,1.18,warning,,,CAMERA_ONLY
0,97.6432,t2165,LIDAR_ONLY,12.1497,12.1497,15.4758,3.3262,3.3262,21.4927,21.4927,0,0,15.67,1.18,cautious,26.76,front,LIDAR_ONLY
0,97.7050,cam_2,CAM_ONLY,19.4129,,15.4758,3.9370,,25.4397,,0,,12.58,1.14,warning,,,CAMERA_ONLY
0,97.7673,cam_2,CAM_ONLY,19.3535,,15.4758,3.8776,,25.0561,,0,,14.34,0.87,warning,,,CAMERA_ONLY
0,97.8283,cam_2,CAM_ONLY,19.3436,,15.4758,3.8678,,24.9923,,0,,12.44,1.50,warning,,,CAMERA_ONLY
0,97.9009,cam_2,CAM_ONLY,19.3983,,15.4758,3.9225,,25.3460,,0,,16.68,1.25,warning,,,CAMERA_ONLY
0,97.9666,cam_2,CAM_ONLY,19.3142,,15.4758,3.8384,,24.8023,,0,,16.17,1.21,warning,,,CAMERA_ONLY
0,98.0293,cam_2,CAM_ONLY,19.7656,,15.4758,4.2898,,27.7190,,0,,18.58,0.71,warning,,,CAMERA_ONLY
0,98.0957,cam_2,CAM_ONLY,19.7316,,15.4758,4.2558,,27.4995,,0,,15.57,1.04,warning,,,CAMERA_ONLY
0,98.1508,cam_2,CAM_ONLY,19.4329,,15.4758,3.9570,,25.5692,,0,,13.47,1.22,warning,,,CAMERA_ONLY
0,98.2159,cam_2,CAM_ONLY,19.3404,,15.4758,3.8646,,24.9716,,0,,21.07,1.36,warning,,,CAMERA_ONLY
0,98.2845,t2184,BOTH,19.8263,10.5520,15.4758,4.3505,4.9239,28.1113,31.8165,0,0,17.49,0.97,warning,,,FULL_ANGLE
0,98.2845,t2183,LIDAR_ONLY,12.0780,12.0780,15.4758,3.3978,3.3978,21.9555,21.9555,0,0,17.49,0.97,cautious,25.76,front,LIDAR_ONLY
0,98.2845,t2183,LIDAR_ONLY,13.1308,13.1308,15.4758,2.3451,2.3451,15.1532,15.1532,0,0,17.49,0.97,cautious,17.32,front,LIDAR_ONLY
0,98.2845,t2183,LIDAR_ONLY,13.8235,13.8235,15.4758,1.6523,1.6523,10.6766,10.6766,0,0,17.49,0.97,cautious,21.54,front,LIDAR_ONLY
0,98.2845,t2184,LIDAR_ONLY,10.5699,10.5699,15.4758,4.9060,4.9060,31.7009,31.7009,0,0,17.49,0.97,cautious,-3.77,front,LIDAR_ONLY
0,98.3561,cam_2,CAM_ONLY,19.4464,,15.4758,3.9705,,25.6564,,0,,13.50,1.17,warning,,,CAMERA_ONLY
0,98.4214,cam_2,CAM_ONLY,19.3744,,15.4758,3.8985,,25.1909,,0,,13.43,1.08,warning,,,CAMERA_ONLY
0,98.4828,t2184,BOTH,19.3784,10.5751,15.4758,3.9026,4.9008,25.2171,31.6672,0,0,13.80,0.85,warning,,,FULL_ANGLE
0,98.4828,t2184,LIDAR_ONLY,10.5484,10.5484,15.4758,4.9274,4.9274,31.8393,31.8393,0,0,13.80,0.85,cautious,3.66,front,LIDAR_ONLY
0,98.5446,cam_2,CAM_ONLY,19.4965,,15.4758,4.0206,,25.9800,,0,,15.04,1.00,warning,,,CAMERA_ONLY
0,98.6133,cam_2,CAM_ONLY,19.3998,,15.4758,3.9240,,25.3555,,0,,19.71,1.39,warning,,,CAMERA_ONLY
0,98.6761,cam_2,CAM_ONLY,19.3848,,15.4758,3.9089,,25.2583,,0,,11.33,0.83,warning,,,CAMERA_ONLY
0,98.7371,t2193,BOTH,19.5074,10.4701,15.4758,4.0316,5.0058,26.0507,32.3458,0,0,15.21,1.05,warning,,,FULL_ANGLE
0,98.7371,t2192,LIDAR_ONLY,13.6105,13.6105,15.4758,1.8653,1.8653,12.0533,12.0533,0,0,15.21,1.05,cautious,23.40,front,LIDAR_ONLY
0,98.7371,t2192,LIDAR_ONLY,12.1732,12.1732,15.4758,3.3026,3.3026,21.3403,21.3403,0,0,15.21,1.05,cautious,27.50,front,LIDAR_ONLY
0,98.7371,t2193,LIDAR_ONLY,10.4836,10.4836,15.4758,4.9923,4.9923,32.2585,32.2585,0,0,15.21,1.05,cautious,-1.21,front,LIDAR_ONLY
0,98.8141,cam_2,CAM_ONLY,19.3406,,15.4758,3.8647,,24.9728,,0,,16.81,0.81,warning,,,CAMERA_ONLY
0,98.8771,cam_2,CAM_ONLY,19.3316,,15.4758,3.8557,,24.9146,,0,,20.03,0.78,warning,,,CAMERA_ONLY
0,98.9413,t2193,BOTH,19.3190,10.4807,15.4758,3.8432,4.9952,24.8334,32.2773,0,0,15.01,1.25,warning,,,FULL_ANGLE
0,98.9413,t2192,LIDAR_ONLY,11.7234,11.7234,15.4758,3.7525,3.7525,24.2473,24.2473,0,0,15.01,1.25,cautious,28.62,front,LIDAR_ONLY
0,98.9413,t2196,LIDAR_ONLY,23.7175,23.7175,15.4758,8.2416,8.2416,53.2548,53.2548,0,0,15.01,1.25,drive,16.44,front,LIDAR_ONLY
0,98.9413,t2196,LIDAR_ONLY,20.5129,20.5129,15.4758,5.0371,5.0371,32.5481,32.5481,0,0,15.01,1.25,drive,20.50,front,LIDAR_ONLY
0,98.9413,t2193,LIDAR_ONLY,10.4775,10.4775,15.4758,4.9983,4.9983,32.2976,32.2976,0,0,15.01,1.25,cautious,-3.87,front,LIDAR_ONLY
0,98.9413,t2196,LIDAR_ONLY,17.6879,17.6879,15.4758,2.2120,2.2120,14.2933,14.2933,0,0,15.01,1.25,drive,24.56,front,LIDAR_ONLY
0,99.0131,cam_2,CAM_ONLY,19.2872,,15.4758,3.8114,,24.6280,,0,,17.15,0.84,warning,,,CAMERA_ONLY
0,99.0904,t2193,BOTH,19.5331,10.4847,15.4758,4.0573,4.9911,26.2169,32.2512,0,0,16.51,1.30,warning,,,FULL_ANGLE
0,99.0904,t2192,LIDAR_ONLY,11.2642,11.2642,15.4758,4.2117,4.2117,27.2144,27.2144,0,0,16.51,1.30,cautious,29.47,front,LIDAR_ONLY
0,99.0904,t2196,LIDAR_ONLY,17.9776,17.9776,15.4758,2.5018,2.5018,16.1659,16.1659,0,0,16.51,1.30,drive,17.03,front,LIDAR_ONLY
0,99.0904,t2196,LIDAR_ONLY,17.8186,17.8186,15.4758,2.3427,2.3427,15.1381,15.1381,0,0,16.51,1.30,drive,21.18,front,LIDAR_ONLY
0,99.0904,t2192,LIDAR_ONLY,11.3174,11.3174,15.4758,4.1585,4.1585,26.8706,26.8706,0,0,16.51,1.30,cautious,25.32,front,LIDAR_ONLY
0,99.0904,t2193,LIDAR_ONLY,10.4700,10.4700,15.4758,5.0058,5.0058,32.3459,32.3459,0,0,16.51,1.30,cautious,4.60,front,LIDAR_ONLY
0,99.0904,t2193,LIDAR_ONLY,10.4803,10.4803,15.4758,4.9956,4.9956,32.2797,32.2797,0,0,16.51,1.30,cautious,-3.69,front,LIDAR_ONLY
0,99.1563,cam_2,CAM_ONLY,19.3098,,15.4758,3.8339,,24.7736,,0,,13.80,0.77,warning,,,CAMERA_ONLY
0,99.2102,cam_2,CAM_ONLY,19.8019,,15.4758,4.3260,,27.9534,,0,,12.70,1.07,warning,,,CAMERA_ONLY
0,99.2649,cam_2,CAM_ONLY,19.3415,,15.4758,3.8657,,24.9786,,0,,9.02,0.86,warning,,,CAMERA_ONLY
0,99.3318,cam_2,CAM_ONLY,19.3821,,15.4758,3.9063,,25.2411,,0,,22.47,0.83,warning,,,CAMERA_ONLY
0,99.3922,t2208,BOTH,19.3720,10.5012,15.4758,3.8961,4.9746,25.1756,32.1443,0,0,13.88,1.37,warning,,,FULL_ANGLE
0,99.3922,t2206,LIDAR_ONLY,14.0287,14.0287,15.4758,1.4472,1.4472,9.3512,9.3512,0,0,13.88,1.37,cautious,22.85,front,LIDAR_ONLY
0,99.3922,t2206,LIDAR_ONLY,12.2176,12.2176,15.4758,3.2583,3.2583,21.0539,21.0539,0,0,13.88,1.37,cautious,26.97,front,LIDAR_ONLY
0,99.3922,t2206,LIDAR_ONLY,12.5846,12.5846,15.4758,2.8913,2.8913,18.6823,18.6823,0,0,13.88,1.37,cautious,18.73,front,LIDAR_ONLY
0,99.3922,t2208,LIDAR_ONLY,10.5938,10.5938,15.4758,4.8820,4.8820,31.5459,31.5459,0,0,13.88,1.37,cautious,-1.87,front,LIDAR_ONLY
0,99.3922,t2208,LIDAR_ONLY,10.4977,10.4977,15.4758,4.9782,4.9782,32.1675,32.1675,0,0,13.88,1.37,cautious,6.37,front,LIDAR_ONLY
0,99.4523,cam_2,CAM_ONLY,19.3838,,15.4758,3.9079,,25.2519,,0,,9.17,1.16,warning,,,CAMERA_ONLY
0,99.5063,cam_2,CAM_ONLY,19.3006,,15.4758,3.8248,,24.7144,,0,,10.00,1.27,warning,,,CAMERA_ONLY
0,99.5751,cam_2,CAM_ONLY,19.2872,,15.4758,3.8113,,24.6277,,0,,14.90,0.95,warning,,,CAMERA_ONLY
0,99.6367,t2218,BOTH,19.3151,10.5163,15.4758,3.8393,4.9595,24.8081,32.0468,0,0,11.68,1.12,warning,,,FULL_ANGLE
0,99.6367,t2217,LIDAR_ONLY,13.9463,13.9463,15.4758,1.5296,1.5296,9.8835,9.8835,0,0,11.68,1.12,cautious,22.96,front,LIDAR_ONLY
0,99.6367,t2218,LIDAR_ONLY,10.5901,10.5901,15.4758,4.8857,4.8857,31.5700,31.5700,0,0,11.68,1.12,cautious,-1.75,front,LIDAR_ONLY
0,99.6367,t2217,LIDAR_ONLY,12.6505,12.6505,15.4758,2.8254,2.8254,18.2566,18.2566,0,0,11.68,1.12,cautious,27.08,front,LIDAR_ONLY
0,99.6960,cam_2,CAM_ONLY,19.7317,,15.4758,4.2558,,27.4998,,0,,14.89,1.03,warning,,,CAMERA_ONLY
0,99.7719,cam_2,CAM_ONLY,19.3243,,15.4758,3.8485,,24.8675,,0,,14.30,0.98,warning,,,CAMERA_ONLY
0,99.8363,t2218,BOTH,19.2832,10.4747,15.4758,3.8074,5.0011,24.6021,32.3158,0,0,13.88,1.06,warning,,,FULL_ANGLE
0,99.8363,t2217,LIDAR_ONLY,11.9826,11.9826,15.4758,3.4933,3.4933,22.5725,22.5725,0,0,13.88,1.06,cautious,28.10,front,LIDAR_ONLY
0,99.8363,t2217,LIDAR_ONLY,12.2957,12.2957,15.4758,3.1802,3.1802,20.5492,20.5492,0,0,13.88,1.06,cautious,19.74,front,LIDAR_ONLY
0,99.8363,t2217,LIDAR_ONLY,13.0267,13.0267,15.4758,2.4491,2.4491,15.8254,15.8254,0,0,13.88,1.06,cautious,15.56,front,LIDAR_ONLY
0,99.8363,t2217,LIDAR_ONLY,13.4921,13.4921,15.4758,1.9838,1.9838,12.8184,12.8184,0,0,13.88,1.06,cautious,23.92,front,LIDAR_ONLY
0,99.8363,t2218,LIDAR_ONLY,10.5066,10.5066,15.4758,4.9692,4.9692,32.1094,32.1094,0,0,13.88,1.06,cautious,-1.15,front,LIDAR_ONLY
0,99.8363,t2218,LIDAR_ONLY,10.5011,10.5011,15.4758,4.9748,4.9748,32.1455,32.1455,0,0,13.88,1.06,cautious,7.21,front,LIDAR_ONLY
0,99.9029,cam_2,CAM_ONLY,19.2479,,15.4758,3.7721,,24.3740,,0,,12.20,1.24,warning,,,CAMERA_ONLY
0,99.9838,t2218,BOTH,19.2599,10.5145,15.4758,3.7841,4.9614,24.4516,32.0589,0,0,24.76,1.99,warning,,,FULL_ANGLE
0,99.9838,t2218,LIDAR_ONLY,10.5189,10.5189,15.4758,4.9569,4.9569,32.0300,32.0300,0,0,24.76,1.99,cautious,5.76,front,LIDAR_ONLY
0,99.9838,t2218,LIDAR_ONLY,10.5303,10.5303,15.4758,4.9455,4.9455,31.9564,31.9564,0,0,24.76,1.99,cautious,-2.58,front,LIDAR_ONLY
0,100.0496,cam_2,CAM_ONLY,19.2200,,15.4758,3.7442,,24.1938,,0,,16.09,0.99,warning,,,CAMERA_ONLY
0,100.1395,t2218,BOTH,19.3154,10.5320,15.4758,3.8395,4.9439,24.8098,31.9456,0,0,9.66,1.26,warning,,,FULL_ANGLE
0,100.1395,t2229,LIDAR_ONLY,10.4859,10.4859,15.4758,4.9899,4.9899,32.2434,32.2434,0,0,9.66,1.26,cautious,29.01,front,LIDAR_ONLY
0,100.1395,t2229,LIDAR_ONLY,10.7946,10.7946,15.4758,4.6812,4.6812,30.2485,30.2485,0,0,9.66,1.26,cautious,24.95,front,LIDAR_ONLY
0,100.1395,t2229,LIDAR_ONLY,11.3102,11.3102,15.4758,4.1656,4.1656,26.9168,26.9168,0,0,9.66,1.26,cautious,20.89,front,LIDAR_ONLY
0,100.1395,t2229,LIDAR_ONLY,12.0458,12.0458,15.4758,3.4300,3.4300,22.1637,22.1637,0,0,9.66,1.26,cautious,16.84,front,LIDAR_ONLY
0,100.1395,t2218,LIDAR_ONLY,10.5521,10.5521,15.4758,4.9238,4.9238,31.8157,31.8157,0,0,9.66,1.26,cautious,-3.46,front,LIDAR_ONLY
0,100.1395,t2218,LIDAR_ONLY,10.5110,10.5110,15.4758,4.9649,4.9649,32.0815,32.0815,0,0,9.66,1.26,cautious,4.66,front,LIDAR_ONLY
0,100.1987,cam_2,CAM_ONLY,19.7377,,15.4758,4.2619,,27.5389,,0,,10.59,1.01,warning,,,CAMERA_ONLY
0,100.2576,cam_2,CAM_ONLY,19.3994,,15.4758,3.9236,,25.3529,,0,,15.21,1.07,warning,,,CAMERA_ONLY
0,100.3227,cam_2,CAM_ONLY,19.4121,,15.4758,3.9363,,25.4351,,0,,12.94,1.09,warning,,,CAMERA_ONLY
0,100.3831,t2236,BOTH,19.4903,10.5235,15.4758,4.0145,4.9523,25.9403,32.0003,0,0,12.42,0.92,warning,,,FULL_ANGLE
0,100.3831,t2235,LIDAR_ONLY,15.1107,15.1107,15.4758,0.3651,0.3651,2.3593,2.3593,1,1,12.42,0.92,drive,21.58,front,LIDAR_ONLY
0,100.3831,t2235,LIDAR_ONLY,13.7581,13.7581,15.4758,1.7177,1.7177,11.0995,11.0995,0,0,12.42,0.92,cautious,25.74,front,LIDAR_ONLY
0,100.3831,t2236,LIDAR_ONLY,10.4465,10.4465,15.4758,5.0294,5.0294,32.4983,32.4983,0,0,12.42,0.92,cautious,4.92,front,LIDAR_ONLY
0,100.3831,t2236,LIDAR_ONLY,10.4503,10.4503,15.4758,5.0256,5.0256,32.4736,32.4736,0,0,12.42,0.92,cautious,-3.41,front,LIDAR_ONLY
0,100.4416,cam_2,CAM_ONLY,19.5055,,15.4758,4.0297,,26.0384,,0,,10.56,1.14,warning,,,CAMERA_ONLY
0,100.5000,cam_2,CAM_ONLY,19.3656,,15.4758,3.8897,,25.1342,,0,,10.70,1.03,warning,,,CAMERA_ONLY
0,100.5578,cam_2,CAM_ONLY,19.7797,,15.4758,4.3039,,27.8103,,0,,12.40,1.20,warning,,,CAMERA_ONLY
0,100.6128,cam_2,CAM_ONLY,19.4313,,15.4758,3.9555,,25.5590,,0,,9.18,0.84,warning,,,CAMERA_ONLY
0,100.6782,cam_2,CAM_ONLY,19.3842,,15.4758,3.9083,,25.2543,,0,,18.86,0.73,warning,,,CAMERA_ONLY
0,100.7389,t2246,BOTH,19.4482,10.4032,15.4758,3.9724,5.0726,25.6684,32.7777,0,0,14.69,1.28,warning,,,FULL_ANGLE
0,100.7389,t2245,LIDAR_ONLY,26.3708,26.3708,15.4758,10.8949,10.8949,70.3996,70.3996,0,0,14.69,1.28,drive,15.56,front,LIDAR_ONLY
0,100.7389,t2245,LIDAR_ONLY,21.7799,21.7799,15.4758,6.3040,6.3040,40.7345,40.7345,0,0,14.69,1.28,drive,19.78,front,LIDAR_ONLY
0,100.7389,t2245,LIDAR_ONLY,18.4451,18.4451,15.4758,2.9692,2.9692,19.1862,19.1862,0,0,14.69,1.28,drive,24.01,front,LIDAR_ONLY
0,100.7389,t2246,LIDAR_ONLY,10.4137,10.4137,15.4758,5.0622,5.0622,32.7100,32.7100,0,0,14.69,1.28,cautious,-1.35,front,LIDAR_ONLY
0,100.7389,t2245,LIDAR_ONLY,16.9921,16.9921,15.4758,1.5162,1.5162,9.7974,9.7974,0,0,14.69,1.28,drive,28.24,front,LIDAR_ONLY
0,100.7945,cam_2,CAM_ONLY,19.4521,,15.4758,3.9762,,25.6931,,0,,9.47,1.24,warning,,,CAMERA_ONLY
0,100.7945,t2245,LIDAR_ONLY,15.9142,15.9142,15.4758,0.4383,0.4383,2.8323,2.8323,1,1,9.47,1.24,drive,24.17,front,LIDAR_ONLY
0,100.7945,t2245,LIDAR_ONLY,13.2270,13.2270,15.4758,2.2488,2.2488,14.5313,14.5313,0,0,9.47,1.24,cautious,28.17,front,LIDAR_ONLY
0,100.7945,t2245,LIDAR_ONLY,13.2888,13.2888,15.4758,2.1871,2.1871,14.1320,14.1320,0,0,9.47,1.24,cautious,20.18,front,LIDAR_ONLY
0,100.8553,cam_2,CAM_ONLY,19.3409,,15.4758,3.8651,,24.9750,,0,,12.99,1.22,warning,,,CAMERA_ONLY
0,100.9139,cam_2,CAM_ONLY,19.7403,,15.4758,4.2644,,27.5554,,0,,12.45,0.84,warning,,,CAMERA_ONLY
0,100.9693,cam_2,CAM_ONLY,19.2918,,15.4758,3.8160,,24.6575,,0,,10.12,1.09,warning,,,CAMERA_ONLY
0,101.0267,cam_2,CAM_ONLY,19.4368,,15.4758,3.9609,,25.5942,,0,,9.97,0.70,warning,,,CAMERA_ONLY
0,101.0825,t2256,BOTH,19.4365,10.5249,15.4758,3.9607,4.9510,25.5928,31.9915,0,0,12.69,0.86,warning,,,FULL_ANGLE
0,101.0825,t2255,LIDAR_ONLY,16.4672,16.4672,15.4758,0.9913,0.9913,6.4058,6.4058,1,1,12.69,0.86,drive,20.34,front,LIDAR_ONLY
0,101.0825,t2255,LIDAR_ONLY,17.4648,17.4648,15.4758,1.9889,1.9889,12.8518,12.8518,0,0,12.69,0.86,drive,16.24,front,LIDAR_ONLY
0,101.1543,cam_2,CAM_ONLY,19.4673,,15.4758,3.9914,,25.7912,,0,,20.76,1.53,warning,,,CAMERA_ONLY
0,101.2169,cam_2,CAM_ONLY,19.3106,,15.4758,3.8348,,24.7791,,0,,12.48,1.06,warning,,,CAMERA_ONLY
0,101.2742,cam_2,CAM_ONLY,19.3814,,15.4758,3.9056,,25.2365,,0,,11.38,0.83,warning,,,CAMERA_ONLY
0,101.3304,cam_2,CAM_ONLY,19.4998,,15.4758,4.0239,,26.0013,,0,,16.16,0.81,warning,,,CAMERA_ONLY
0,101.3855,t2263,BOTH,19.4354,10.4866,15.4758,3.9596,4.9892,25.5857,32.2386,0,0,12.04,0.94,warning,,,FULL_ANGLE
0,101.3855,t2262,LIDAR_ONLY,13.9176,13.9176,15.4758,1.5582,1.5582,10.0686,10.0686,0,0,12.04,0.94,cautious,22.99,front,LIDAR_ONLY
0,101.3855,t2262,LIDAR_ONLY,12.6446,12.6446,15.4758,2.8312,2.8312,18.2943,18.2943,0,0,12.04,0.94,cautious,27.04,front,LIDAR_ONLY
0,101.3855,t2262,LIDAR_ONLY,13.0443,13.0443,15.4758,2.4316,2.4316,15.7121,15.7121,0,0,12.04,0.94,cautious,18.95,front,LIDAR_ONLY
0,101.3855,t2263,LIDAR_ONLY,10.4750,10.4750,15.4758,5.0008,5.0008,32.3137,32.3137,0,0,12.04,0.94,cautious,6.80,front,LIDAR_ONLY
0,101.4416,cam_2,CAM_ONLY,19.5244,,15.4758,4.0485,,26.1602,,0,,11.00,1.19,warning,,,CAMERA_ONLY
0,101.4416,t2262,LIDAR_ONLY,13.2010,13.2010,15.4758,2.2748,2.2748,14.6991,14.6991,0,0,11.00,1.19,cautious,25.47,front,LIDAR_ONLY
0,101.4416,t2262,LIDAR_ONLY,13.4374,13.4374,15.4758,2.0384,2.0384,13.1717,13.1717,0,0,11.00,1.19,cautious,21.23,front,LIDAR_ONLY
0,101.4416,t2262,LIDAR_ONLY,13.4290,13.4290,15.4758,2.0469,2.0469,13.2262,13.2262,0,0,11.00,1.19,cautious,29.71,front,LIDAR_ONLY
0,101.5035,cam_2,CAM_ONLY,19.3556,,15.4758,3.8797,,25.0695,,0,,13.05,1.15,warning,,,CAMERA_ONLY
0,101.5594,cam_2,CAM_ONLY,19.7242,,15.4758,4.2484,,27.4518,,0,,8.96,1.01,warning,,,CAMERA_ONLY
0,101.6168,cam_2,CAM_ONLY,19.4042,,15.4758,3.9284,,25.3838,,0,,12.50,0.76,warning,,,CAMERA_ONLY
0,101.6645,cam_2,CAM_ONLY,19.4500,,15.4758,3.9742,,25.6799,,0,,9.18,0.89,warning,,,CAMERA_ONLY
0,101.7193,cam_2,CAM_ONLY,19.3044,,15.4758,3.8286,,24.7389,,0,,12.34,1.14,warning,,,CAMERA_ONLY
0,101.7776,cam_2,CAM_ONLY,19.2967,,15.4758,3.8208,,24.6891,,0,,10.30,0.88,warning,,,CAMERA_ONLY
0,101.8401,t2279,BOTH,19.2698,10.4756,15.4758,3.7939,5.0003,24.5152,32.3101,0,0,11.72,1.17,warning,,,FULL_ANGLE
0,101.8401,t2278,LIDAR_ONLY,14.4490,14.4490,15.4758,1.0268,1.0268,6.6348,6.6348,0,0,11.72,1.17,cautious,22.33,front,LIDAR_ONLY
0,101.8401,t2278,LIDAR_ONLY,15.2074,15.2074,15.4758,0.2685,0.2685,1.7349,1.7349,1,1,11.72,1.17,cautious,18.34,front,LIDAR_ONLY
0,101.8401,t2278,LIDAR_ONLY,14.7220,14.7220,15.4758,0.7539,0.7539,4.8712,4.8712,1,1,11.72,1.17,cautious,26.33,front,LIDAR_ONLY
0,101.8950,cam_2,CAM_ONLY,19.3258,,15.4758,3.8499,,24.8770,,0,,8.96,1.08,warning,,,CAMERA_ONLY
0,101.9477,cam_2,CAM_ONLY,19.5010,,15.4758,4.0252,,26.0094,,0,,11.14,1.02,warning,,,CAMERA_ONLY
0,102.0091,cam_2,CAM_ONLY,19.6871,,15.4758,4.2113,,27.2119,,0,,16.10,1.26,warning,,,CAMERA_ONLY
0,102.0741,cam_2,CAM_ONLY,19.6969,,15.4758,4.2211,,27.2754,,0,,13.85,0.90,warning,,,CAMERA_ONLY
0,102.1342,t2286,BOTH,19.6905,10.5050,15.4758,4.2146,4.9708,27.2337,32.1198,0,0,15.04,0.96,warning,,,FULL_ANGLE
0,102.1342,t2285,LIDAR_ONLY,25.6398,25.6398,15.4758,10.1640,10.1640,65.6765,65.6765,0,0,15.04,0.96,drive,15.78,front,LIDAR_ONLY
0,102.1342,t2285,LIDAR_ONLY,20.1079,20.1079,15.4758,4.6321,4.6321,29.9312,29.9312,0,0,15.04,0.96,drive,23.85,front,LIDAR_ONLY
0,102.1342,t2285,LIDAR_ONLY,19.2025,19.2025,15.4758,3.7267,3.7267,24.0806,24.0806,0,0,15.04,0.96,drive,19.82,front,LIDAR_ONLY
0,102.1342,t2286,LIDAR_ONLY,10.5847,10.5847,15.4758,4.8911,4.8911,31.6051,31.6051,0,0,15.04,0.96,cautious,-4.40,front,LIDAR_ONLY
0,102.1342,t2286,LIDAR_ONLY,10.5013,10.5013,15.4758,4.9746,4.9746,32.1442,32.1442,0,0,15.04,0.96,cautious,3.67,front,LIDAR_ONLY
0,102.1997,cam_2,CAM_ONLY,19.7419,,15.4758,4.2661,,27.5659,,0,,15.57,1.10,warning,,,CAMERA_ONLY
0,102.2599,cam_2,CAM_ONLY,19.3693,,15.4758,3.8935,,25.1583,,0,,11.96,1.07,warning,,,CAMERA_ONLY
0,102.3229,cam_2,CAM_ONLY,19.4130,,15.4758,3.9372,,25.4407,,0,,18.11,0.93,warning,,,CAMERA_ONLY
0,102.3862,t2293,BOTH,19.4513,10.4205,15.4758,3.9755,5.0554,25.6882,32.6662,0,0,14.06,1.54,warning,,,FULL_ANGLE
0,102.3862,t2293,LIDAR_ONLY,10.5342,10.5342,15.4758,4.9417,4.9417,31.9316,31.9316,0,0,14.06,1.54,cautious,-2.94,front,LIDAR_ONLY
0,102.4540,cam_2,CAM_ONLY,19.5059,,15.4758,4.0301,,26.0409,,0,,16.42,1.23,warning,,,CAMERA_ONLY
0,102.5191,cam_2,CAM_ONLY,19.3262,,15.4758,3.8504,,24.8800,,0,,19.16,0.83,warning,,,CAMERA_ONLY
0,102.5802,cam_2,CAM_ONLY,19.3492,,15.4758,3.8734,,25.0287,,0,,14.31,0.71,warning,,,CAMERA_ONLY
0,102.6481,cam_2,CAM_ONLY,19.3240,,15.4758,3.8482,,24.8656,,0,,15.06,1.05,warning,,,CAMERA_ONLY
0,102.7093,cam_2,CAM_ONLY,19.7539,,15.4758,4.2781,,27.6437,,0,,16.57,0.88,warning,,,CAMERA_ONLY
0,102.7726,cam_2,CAM_ONLY,19.2006,,15.4758,3.7247,,24.0681,,0,,13.99,0.97,warning,,,CAMERA_ONLY
0,102.8339,t2303,BOTH,19.3375,10.6051,15.4758,3.8617,4.8708,24.9529,31.4734,0,0,16.66,0.89,warning,,,FULL_ANGLE
0,102.8339,t2303,LIDAR_ONLY,10.5872,10.5872,15.4758,4.8886,4.8886,31.5889,31.5889,0,0,16.66,0.89,cautious,-4.36,front,LIDAR_ONLY
0,102.8908,t2303,BOTH,19.4030,10.5662,15.4758,3.9272,4.9097,25.3761,31.7249,0,0,16.02,2.47,warning,,,FULL_ANGLE
0,102.8908,t2305,LIDAR_ONLY,12.4191,12.4191,15.4758,3.0567,3.0567,19.7515,19.7515,0,0,16.02,2.47,cautious,25.18,front,LIDAR_ONLY
0,102.8908,t2305,LIDAR_ONLY,13.4585,13.4585,15.4758,2.0173,2.0173,13.0352,13.0352,0,0,16.02,2.47,cautious,17.10,front,LIDAR_ONLY
0,102.8908,t2307,LIDAR_ONLY,10.3990,10.3990,15.4758,5.0769,5.0769,32.8052,32.8052,0,0,16.02,2.47,cautious,29.22,front,LIDAR_ONLY
0,102.8908,t2305,LIDAR_ONLY,14.1630,14.1630,15.4758,1.3128,1.3128,8.4829,8.4829,0,0,16.02,2.47,cautious,21.14,front,LIDAR_ONLY
0,102.8908,t2303,LIDAR_ONLY,10.5678,10.5678,15.4758,4.9080,4.9080,31.7140,31.7140,0,0,16.02,2.47,cautious,-3.11,front,LIDAR_ONLY
0,102.9434,cam_2,CAM_ONLY,19.3036,,15.4758,3.8278,,24.7340,,0,,12.65,1.17,warning,,,CAMERA_ONLY
0,102.9434,t2307,LIDAR_ONLY,10.2814,10.2814,15.4758,5.1945,5.1945,33.5651,33.5651,0,0,12.65,1.17,cautious,29.67,front,LIDAR_ONLY
0,102.9434,t2307,LIDAR_ONLY,10.4119,10.4119,15.4758,5.0640,5.0640,32.7218,32.7218,0,0,12.65,1.17,cautious,25.44,front,LIDAR_ONLY
0,102.9997,cam_2,CAM_ONLY,19.7470,,15.4758,4.2712,,27.5990,,0,,11.63,1.10,warning,,,CAMERA_ONLY
0,103.0632,cam_2,CAM_ONLY,19.4469,,15.4758,3.9711,,25.6598,,0,,15.81,0.77,warning,,,CAMERA_ONLY
0,103.1307,cam_2,CAM_ONLY,19.3583,,15.4758,3.8825,,25.0875,,0,,17.99,1.98,warning,,,CAMERA_ONLY
0,103.1951,cam_2,CAM_ONLY,19.4464,,15.4758,3.9706,,25.6567,,0,,13.69,1.04,warning,,,CAMERA_ONLY
0,103.2497,cam_2,CAM_ONLY,19.5838,,15.4758,4.1080,,26.5444,,0,,8.88,0.89,warning,,,CAMERA_ONLY
0,103.3017,cam_2,CAM_ONLY,19.4689,,15.4758,3.9931,,25.8018,,0,,10.23,1.13,warning,,,CAMERA_ONLY
0,103.3594,cam_2,CAM_ONLY,19.3588,,15.4758,3.8830,,25.0907,,0,,9.51,1.16,warning,,,CAMERA_ONLY
0,103.4186,cam_2,CAM_ONLY,19.5302,,15.4758,4.0544,,26.1981,,0,,13.25,1.20,warning,,,CAMERA_ONLY
0,103.4886,cam_2,CAM_ONLY,19.3933,,15.4758,3.9174,,25.3132,,0,,15.94,1.15,warning,,,CAMERA_ONLY
0,103.4886,t2325,LIDAR_ONLY,10.4179,10.4179,15.4758,5.0579,5.0579,32.6826,32.6826,0,0,15.94,1.15,cautious,29.18,front,LIDAR_ONLY
0,103.4886,t2325,LIDAR_ONLY,10.9906,10.9906,15.4758,4.4852,4.4852,28.9822,28.9822,0,0,15.94,1.15,cautious,21.07,front,LIDAR_ONLY
0,103.4886,t2325,LIDAR_ONLY,11.4005,11.4005,15.4758,4.0753,4.0753,26.3335,26.3335,0,0,15.94,1.15,cautious,25.12,front,LIDAR_ONLY
0,103.5634,cam_2,CAM_ONLY,19.3156,,15.4758,3.8397,,24.8112,,0,,21.35,1.23,warning,,,CAMERA_ONLY
0,103.6332,t2329,BOTH,19.3377,10.4218,15.4758,3.8619,5.0540,24.9544,32.6576,0,0,22.76,2.52,warning,,,FULL_ANGLE
0,103.6332,t2325,LIDAR_ONLY,11.7184,11.7184,15.4758,3.7574,3.7574,24.2793,24.2793,0,0,22.76,2.52,cautious,24.00,front,LIDAR_ONLY
0,103.6332,t2325,LIDAR_ONLY,11.8313,11.8313,15.4758,3.6445,3.6445,23.5496,23.5496,0,0,22.76,2.52,cautious,28.16,front,LIDAR_ONLY
0,103.6332,t2328,LIDAR_ONLY,25.9628,25.9628,15.4758,10.4869,10.4869,67.7633,67.7633,0,0,22.76,2.52,drive,15.68,front,LIDAR_ONLY
0,103.6332,t2328,LIDAR_ONLY,20.9075,20.9075,15.4758,5.4316,5.4316,35.0975,35.0975,0,0,22.76,2.52,drive,19.84,front,LIDAR_ONLY
0,103.6332,t2329,LIDAR_ONLY,10.4769,10.4769,15.4758,4.9990,4.9990,32.3018,32.3018,0,0,22.76,2.52,cautious,-0.96,front,LIDAR_ONLY
0,103.7038,cam_2,CAM_ONLY,19.3540,,15.4758,3.8781,,25.0594,,0,,16.81,1.15,warning,,,CAMERA_ONLY
0,103.7729,cam_2,CAM_ONLY,19.4394,,15.4758,3.9635,,25.6112,,0,,17.31,1.03,warning,,,CAMERA_ONLY
0,103.8356,t2329,BOTH,19.4366,10.4530,15.4758,3.9608,5.0228,25.5934,32.4558,0,0,21.26,0.94,warning,,,FULL_ANGLE
0,103.8356,t2325,LIDAR_ONLY,11.9972,11.9972,15.4758,3.4786,3.4786,22.4776,22.4776,0,0,21.26,0.94,cautious,29.64,front,LIDAR_ONLY
0,103.8356,t2325,LIDAR_ONLY,11.5925,11.5925,15.4758,3.8833,3.8833,25.0928,25.0928,0,0,21.26,0.94,cautious,25.54,front,LIDAR_ONLY
0,103.8356,t2328,LIDAR_ONLY,18.8373,18.8373,15.4758,3.3614,3.3614,21.7204,21.7204,0,0,21.26,0.94,drive,21.44,front,LIDAR_ONLY
0,103.8356,t2329,LIDAR_ONLY,10.4433,10.4433,15.4758,5.0325,5.0325,32.5187,32.5187,0,0,21.26,0.94,cautious,-3.15,front,LIDAR_ONLY
0,103.9018,cam_2,CAM_ONLY,19.4037,,15.4758,3.9279,,25.3807,,0,,17.18,1.20,warning,,,CAMERA_ONLY
0,103.9673,cam_2,CAM_ONLY,19.5025,,15.4758,4.0267,,26.0191,,0,,11.52,0.99,warning,,,CAMERA_ONLY
0,104.0255,cam_2,CAM_ONLY,19.2910,,15.4758,3.8152,,24.6526,,0,,13.53,0.88,warning,,,CAMERA_ONLY
0,104.0945,cam_2,CAM_ONLY,19.4176,,15.4758,3.9417,,25.4701,,0,,17.09,1.22,warning,,,CAMERA_ONLY
0,104.1587,cam_2,CAM_ONLY,19.8775,,15.4758,4.4017,,28.4423,,0,,17.78,1.03,warning,,,CAMERA_ONLY
0,104.2217,cam_2,CAM_ONLY,19.3926,,15.4758,3.9168,,25.3089,,0,,21.14,0.95,warning,,,CAMERA_ONLY
0,104.2794,cam_2,CAM_ONLY,19.5136,,15.4758,4.0378,,26.0908,,0,,11.31,0.71,warning,,,CAMERA_ONLY
0,104.3465,cam_2,CAM_ONLY,19.3767,,15.4758,3.9009,,25.2061,,0,,17.88,1.11,warning,,,CAMERA_ONLY
0,104.4124,cam_2,CAM_ONLY,19.4214,,15.4758,3.9456,,25.4951,,0,,20.77,0.86,warning,,,CAMERA_ONLY
0,104.4807,t2344,BOTH,19.4317,10.4814,15.4758,3.9559,4.9944,25.5617,32.2724,0,0,23.13,0.94,warning,,,FULL_ANGLE
0,104.4807,t2344,LIDAR_ONLY,10.5864,10.5864,15.4758,4.8894,4.8894,31.5937,31.5937,0,0,23.13,0.94,cautious,-4.45,front,LIDAR_ONLY
0,104.4807,t2344,LIDAR_ONLY,10.4869,10.4869,15.4758,4.9890,4.9890,32.2370,32.2370,0,0,23.13,0.94,cautious,3.59,front,LIDAR_ONLY
0,104.5424,cam_2,CAM_ONLY,19.4357,,15.4758,3.9598,,25.5871,,0,,13.58,1.26,warning,,,CAMERA_ONLY
0,104.5424,t2348,LIDAR_ONLY,18.2455,18.2455,15.4758,2.7696,2.7696,17.8965,17.8965,0,0,13.58,1.26,drive,19.09,front,LIDAR_ONLY
0,104.5424,t2348,LIDAR_ONLY,14.1998,14.1998,15.4758,1.2760,1.2760,8.2453,8.2453,0,0,13.58,1.26,cautious,27.36,front,LIDAR_ONLY
0,104.6003,cam_2,CAM_ONLY,19.3516,,15.4758,3.8758,,25.0442,,0,,15.40,1.11,warning,,,CAMERA_ONLY
0,104.6598,cam_2,CAM_ONLY,19.3816,,15.4758,3.9057,,25.2376,,0,,10.62,0.98,warning,,,CAMERA_ONLY
0,104.7174,cam_2,CAM_ONLY,19.3396,,15.4758,3.8638,,24.9667,,0,,17.95,1.03,warning,,,CAMERA_ONLY
0,104.7727,cam_2,CAM_ONLY,19.8416,,15.4758,4.3657,,28.2099,,0,,10.18,0.92,warning,,,CAMERA_ONLY
0,104.8393,t2356,BOTH,19.3499,10.4864,15.4758,3.8741,4.9894,25.0331,32.2400,0,0,16.53,1.11,warning,,,FULL_ANGLE
0,104.8393,t2355,LIDAR_ONLY,13.2158,13.2158,15.4758,2.2600,2.2600,14.6036,14.6036,0,0,16.53,1.11,cautious,23.95,front,LIDAR_ONLY
0,104.8393,t2355,LIDAR_ONLY,11.7895,11.7895,15.4758,3.6863,3.6863,23.8199,23.8199,0,0,16.53,1.11,cautious,28.16,front,LIDAR_ONLY
0,104.8393,t2355,LIDAR_ONLY,12.2532,12.2532,15.4758,3.2226,3.2226,20.8234,20.8234,0,0,16.53,1.11,cautious,19.75,front,LIDAR_ONLY
0,104.8393,t2356,LIDAR_ONLY,10.4857,10.4857,15.4758,4.9901,4.9901,32.2447,32.2447,0,0,16.53,1.11,cautious,-1.30,front,LIDAR_ONLY
0,104.8393,t2356,LIDAR_ONLY,10.5302,10.5302,15.4758,4.9456,4.9456,31.9571,31.9571,0,0,16.53,1.11,cautious,7.12,front,LIDAR_ONLY
0,104.9059,cam_2,CAM_ONLY,19.2917,,15.4758,3.8159,,24.6571,,0,,23.81,1.33,warning,,,CAMERA_ONLY
0,104.9625,cam_2,CAM_ONLY,19.3311,,15.4758,3.8553,,24.9117,,0,,11.68,0.90,warning,,,CAMERA_ONLY
0,105.0344,t2356,BOTH,19.3418,10.5426,15.4758,3.8659,4.9333,24.9803,31.8772,0,0,21.12,1.00,warning,,,FULL_ANGLE
0,105.0344,t2355,LIDAR_ONLY,12.7167,12.7167,15.4758,2.7592,2.7592,17.8288,17.8288,0,0,21.12,1.00,cautious,21.59,front,LIDAR_ONLY
0,105.0344,t2355,LIDAR_ONLY,12.9193,12.9193,15.4758,2.5565,2.5565,16.5195,16.5195,0,0,21.12,1.00,cautious,25.69,front,LIDAR_ONLY
0,105.0344,t2356,LIDAR_ONLY,10.5406,10.5406,15.4758,4.9352,4.9352,31.8900,31.8900,0,0,21.12,1.00,cautious,5.16,front,LIDAR_ONLY
0,105.0344,t2356,LIDAR_ONLY,10.5431,10.5431,15.4758,4.9327,4.9327,31.8736,31.8736,0,0,21.12,1.00,cautious,-3.05,front,LIDAR_ONLY
0,105.1031,cam_2,CAM_ONLY,19.3775,,15.4758,3.9017,,25.2112,,0,,14.77,1.23,warning,,,CAMERA_ONLY
0,105.1690,cam_2,CAM_ONLY,19.3752,,15.4758,3.8993,,25.1964,,0,,13.24,0.97,warning,,,CAMERA_ONLY
0,105.2269,cam_2,CAM_ONLY,19.8169,,15.4758,4.3410,,28.0505,,0,,15.35,0.69,warning,,,CAMERA_ONLY
0,105.2811,cam_2,CAM_ONLY,19.4928,,15.4758,4.0170,,25.9564,,0,,10.03,0.84,warning,,,CAMERA_ONLY
0,105.3453,cam_2,CAM_ONLY,19.4209,,15.4758,3.9451,,25.4919,,0,,17.74,1.19,warning,,,CAMERA_ONLY
0,105.4020,cam_2,CAM_ONLY,19.3498,,15.4758,3.8740,,25.0325,,0,,13.30,1.28,warning,,,CAMERA_ONLY
0,105.4575,cam_2,CAM_ONLY,19.3079,,15.4758,3.8320,,24.7613,,0,,10.46,1.15,warning,,,CAMERA_ONLY
0,105.5188,cam_2,CAM_ONLY,19.8369,,15.4758,4.3611,,28.1798,,0,,12.64,1.04,warning,,,CAMERA_ONLY
0,105.5761,cam_2,CAM_ONLY,19.4184,,15.4758,3.9425,,25.4754,,0,,11.15,0.80,warning,,,CAMERA_ONLY
0,105.6328,t2377,BOTH,19.4120,10.4647,15.4758,3.9362,5.0111,25.4343,32.3804,0,0,13.99,0.93,warning,,,FULL_ANGLE
0,105.6328,t2376,LIDAR_ONLY,25.5606,25.5606,15.4758,10.0848,10.0848,65.1646,65.1646,0,0,13.99,0.93,drive,15.80,front,LIDAR_ONLY
0,105.6328,t2376,LIDAR_ONLY,17.8127,17.8127,15.4758,2.3368,2.3368,15.0997,15.0997,0,0,13.99,0.93,drive,23.92,front,LIDAR_ONLY
0,105.6328,t2376,LIDAR_ONLY,17.5393,17.5393,15.4758,2.0635,2.0635,13.3337,13.3337,0,0,13.99,0.93,drive,19.87,front,LIDAR_ONLY
0,105.6328,t2377,LIDAR_ONLY,10.5882,10.5882,15.4758,4.8876,4.8876,31.5822,31.5822,0,0,13.99,0.93,cautious,-4.50,front,LIDAR_ONLY
0,105.6328,t2377,LIDAR_ONLY,10.4649,10.4649,15.4758,5.0109,5.0109,32.3789,32.3789,0,0,13.99,0.93,cautious,3.62,front,LIDAR_ONLY
0,105.6986,cam_2,CAM_ONLY,19.3995,,15.4758,3.9237,,25.3537,,0,,16.07,1.39,warning,,,CAMERA_ONLY
0,105.7594,cam_2,CAM_ONLY,19.5022,,15.4758,4.0264,,26.0173,,0,,13.32,1.14,warning,,,CAMERA_ONLY
0,105.8278,cam_2,CAM_ONLY,19.3005,,15.4758,3.8246,,24.7136,,0,,11.08,1.03,warning,,,CAMERA_ONLY
0,105.8801,cam_2,CAM_ONLY,19.2678,,15.4758,3.7919,,24.5022,,0,,9.14,0.80,warning,,,CAMERA_ONLY
0,105.9413,t2388,BOTH,19.2967,24.1281,15.4758,3.8208,8.6522,24.6889,55.9081,0,0,18.70,1.21,warning,,,FULL_ANGLE
0,105.9413,t2387,LIDAR_ONLY,10.6807,10.6807,15.4758,4.7951,4.7951,30.9845,30.9845,0,0,18.70,1.21,cautious,28.54,front,LIDAR_ONLY
0,105.9413,t2388,LIDAR_ONLY,20.6927,20.6927,15.4758,5.2168,5.2168,33.7095,33.7095,0,0,18.70,1.21,drive,20.37,front,LIDAR_ONLY
0,105.9413,t2388,LIDAR_ONLY,17.2463,17.2463,15.4758,1.7704,1.7704,11.4400,11.4400,0,0,18.70,1.21,drive,24.46,front,LIDAR_ONLY
0,106.0021,cam_2,CAM_ONLY,19.3463,,15.4758,3.8704,,25.0095,,0,,11.95,1.17,warning,,,CAMERA_ONLY
0,106.0622,cam_2,CAM_ONLY,19.4525,,15.4758,3.9766,,25.6958,,0,,12.72,0.86,warning,,,CAMERA_ONLY
0,106.1347,t2392,BOTH,19.4215,10.5301,15.4758,3.9456,4.9458,25.4954,31.9581,0,0,17.34,1.15,warning,,,FULL_ANGLE
0,106.1347,t2388,LIDAR_ONLY,15.8502,15.8502,15.4758,0.3744,0.3744,2.4191,2.4191,1,1,17.34,1.15,drive,24.74,front,LIDAR_ONLY
0,106.1347,t2387,LIDAR_ONLY,10.6214,10.6214,15.4758,4.8545,4.8545,31.3682,31.3682,0,0,17.34,1.15,cautious,28.86,front,LIDAR_ONLY
0,106.1347,t2388,LIDAR_ONLY,16.1141,16.1141,15.4758,0.6382,0.6382,4.1241,4.1241,1,1,17.34,1.15,drive,16.50,front,LIDAR_ONLY
0,106.1347,t2388,LIDAR_ONLY,15.2039,15.2039,15.4758,0.2719,0.2719,1.7572,1.7572,1,1,17.34,1.15,drive,20.62,front,LIDAR_ONLY
0,106.1347,t2392,LIDAR_ONLY,10.5730,10.5730,15.4758,4.9028,4.9028,31.6804,31.6804,0,0,17.34,1.15,cautious,-4.08,front,LIDAR_ONLY
0,106.1978,cam_2,CAM_ONLY,19.4560,,15.4758,3.9802,,25.7185,,0,,12.66,0.96,warning,,,CAMERA_ONLY
0,106.2598,cam_2,CAM_ONLY,19.4563,,15.4758,3.9804,,25.7204,,0,,13.96,0.97,warning,,,CAMERA_ONLY
0,106.3165,cam_2,CAM_ONLY,19.3216,,15.4758,3.8458,,24.8502,,0,,9.65,0.91,warning,,,CAMERA_ONLY
0,106.3726,cam_2,CAM_ONLY,19.2766,,15.4758,3.8008,,24.5594,,0,,12.44,1.02,warning,,,CAMERA_ONLY
0,106.4283,cam_2,CAM_ONLY,19.3854,,15.4758,3.9095,,25.2622,,0,,11.31,0.77,warning,,,CAMERA_ONLY
0,106.4800,cam_2,CAM_ONLY,19.3441,,15.4758,3.8682,,24.9952,,0,,10.47,0.82,warning,,,CAMERA_ONLY
0,106.5416,t2404,BOTH,19.3393,10.3841,15.4758,3.8634,5.0917,24.9643,32.9009,0,0,14.15,1.24,warning,,,FULL_ANGLE
0,106.5416,t2403,LIDAR_ONLY,10.1392,10.1392,15.4758,5.3366,5.3366,34.4836,34.4836,0,0,14.15,1.24,cautious,29.87,front,LIDAR_ONLY
0,106.5416,t2403,LIDAR_ONLY,10.5029,10.5029,15.4758,4.9730,4.9730,32.1338,32.1338,0,0,14.15,1.24,cautious,25.69,front,LIDAR_ONLY
0,106.5416,t2403,LIDAR_ONLY,11.4628,11.4628,15.4758,4.0130,4.0130,25.9309,25.9309,0,0,14.15,1.24,cautious,17.32,front,LIDAR_ONLY
0,106.5948,cam_2,CAM_ONLY,19.4891,,15.4758,4.0132,,25.9321,,0,,15.23,1.15,warning,,,CAMERA_ONLY
0,106.6591,cam_2,CAM_ONLY,19.4479,,15.4758,3.9720,,25.6659,,0,,19.75,1.01,warning,,,CAMERA_ONLY
0,106.7231,cam_2,CAM_ONLY,19.5290,,15.4758,4.0532,,26.1905,,0,,15.51,1.10,warning,,,CAMERA_ONLY
0,106.7805,cam_2,CAM_ONLY,19.4526,,15.4758,3.9768,,25.6965,,0,,12.11,0.69,warning,,,CAMERA_ONLY
0,106.8569,cam_2,CAM_ONLY,19.4376,,15.4758,3.9617,,25.5995,,0,,23.92,1.28,warning,,,CAMERA_ONLY
0,106.9257,cam_2,CAM_ONLY,19.4476,,15.4758,3.9717,,25.6641,,0,,15.63,1.05,warning,,,CAMERA_ONLY
0,106.9858,t2415,BOTH,19.2849,10.4817,15.4758,3.8091,4.9941,24.6132,32.2706,0,0,14.81,1.16,warning,,,FULL_ANGLE
0,106.9858,t2414,LIDAR_ONLY,13.9085,13.9085,15.4758,1.5673,1.5673,10.1274,10.1274,0,0,14.81,1.16,cautious,23.01,front,LIDAR_ONLY
0,106.9858,t2414,LIDAR_ONLY,14.5216,14.5216,15.4758,0.9542,0.9542,6.1657,6.1657,1,1,14.81,1.16,cautious,18.98,front,LIDAR_ONLY
0,106.9858,t2414,LIDAR_ONLY,14.5122,14.5122,15.4758,0.9636,0.9636,6.2267,6.2267,1,1,14.81,1.16,cautious,27.03,front,LIDAR_ONLY
0,107.0544,cam_2,CAM_ONLY,19.4118,,15.4758,3.9360,,25.4332,,0,,12.98,1.23,warning,,,CAMERA_ONLY
0,107.1155,cam_2,CAM_ONLY,19.3020,,15.4758,3.8261,,24.7232,,0,,14.90,0.93,warning,,,CAMERA_ONLY
0,107.1756,cam_2,CAM_ONLY,19.3113,,15.4758,3.8355,,24.7837,,0,,12.79,0.71,warning,,,CAMERA_ONLY
0,107.2358,t2423,BOTH,19.7506,10.6750,15.4758,4.2748,4.8008,27.6224,31.0214,0,0,14.15,2.50,warning,,,FULL_ANGLE
0,107.2358,t2422,LIDAR_ONLY,14.2122,14.2122,15.4758,1.2636,1.2636,8.1650,8.1650,0,0,14.15,2.50,cautious,22.62,front,LIDAR_ONLY
0,107.2358,t2422,LIDAR_ONLY,12.4863,12.4863,15.4758,2.9896,2.9896,19.3176,19.3176,0,0,14.15,2.50,cautious,26.80,front,LIDAR_ONLY
0,107.2965,cam_2,CAM_ONLY,19.3041,,15.4758,3.8282,,24.7368,,0,,9.95,1.10,warning,,,CAMERA_ONLY
0,107.3596,cam_2,CAM_ONLY,19.3027,,15.4758,3.8269,,24.7282,,0,,13.01,0.98,warning,,,CAMERA_ONLY
0,107.4333,t2423,BOTH,19.4084,10.5439,15.4758,3.9326,4.9319,25.4110,31.8684,0,0,22.74,0.97,warning,,,FULL_ANGLE
0,107.4333,t2423,LIDAR_ONLY,10.6563,10.6563,15.4758,4.8196,4.8196,31.1426,31.1426,0,0,22.74,0.97,cautious,-3.37,front,LIDAR_ONLY
0,107.4333,t2423,LIDAR_ONLY,10.5419,10.5419,15.4758,4.9340,4.9340,31.8817,31.8817,0,0,22.74,0.97,cautious,5.05,front,LIDAR_ONLY
0,107.4905,t2423,BOTH,19.3307,10.5258,15.4758,3.8548,4.9500,24.9087,31.9854,0,0,9.14,1.04,warning,,,FULL_ANGLE
0,107.4905,t2427,LIDAR_ONLY,12.6363,12.6363,15.4758,2.8395,2.8395,18.3480,18.3480,0,0,9.14,1.04,cautious,24.83,front,LIDAR_ONLY
0,107.4905,t2427,LIDAR_ONLY,11.7602,11.7602,15.4758,3.7157,3.7157,24.0096,24.0096,0,0,9.14,1.04,cautious,28.86,front,LIDAR_ONLY
0,107.4905,t2428,LIDAR_ONLY,22.8673,22.8673,15.4758,7.3915,7.3915,47.7615,47.7615,0,0,9.14,1.04,drive,16.76,front,LIDAR_ONLY
0,107.4905,t2428,LIDAR_ONLY,19.3730,19.3730,15.4758,3.8972,3.8972,25.1825,25.1825,0,0,9.14,1.04,drive,20.80,front,LIDAR_ONLY
0,107.5551,cam_2,CAM_ONLY,19.4706,,15.4758,3.9947,,25.8126,,0,,12.80,1.12,warning,,,CAMERA_ONLY
0,107.6119,cam_2,CAM_ONLY,19.4196,,15.4758,3.9438,,25.4833,,0,,12.32,0.88,warning,,,CAMERA_ONLY
0,107.6662,cam_2,CAM_ONLY,19.2900,,15.4758,3.8141,,24.6457,,0,,10.10,0.81,warning,,,CAMERA_ONLY
0,107.7280,cam_2,CAM_ONLY,19.7916,,15.4758,4.3158,,27.8871,,0,,12.88,0.75,warning,,,CAMERA_ONLY
0,107.7855,t2432,BOTH,19.4432,10.5562,15.4758,3.9673,4.9197,25.6357,31.7892,0,0,9.49,0.84,warning,,,FULL_ANGLE
0,107.7855,t2432,LIDAR_ONLY,10.5234,10.5234,15.4758,4.9524,4.9524,32.0011,32.0011,0,0,9.49,0.84,cautious,3.47,front,LIDAR_ONLY
0,107.8391,t2432,BOTH,19.3751,10.5086,15.4758,3.8993,4.9673,25.1958,32.0970,0,0,10.38,1.18,warning,,,FULL_ANGLE
0,107.8391,t2435,LIDAR_ONLY,18.8407,18.8407,15.4758,3.3649,3.3649,21.7428,21.7428,0,0,10.38,1.18,drive,18.73,front,LIDAR_ONLY
0,107.8391,t2435,LIDAR_ONLY,14.1352,14.1352,15.4758,1.3406,1.3406,8.6628,8.6628,0,0,10.38,1.18,cautious,27.07,front,LIDAR_ONLY
0,107.8391,t2432,LIDAR_ONLY,10.5165,10.5165,15.4758,4.9594,4.9594,32.0460,32.0460,0,0,10.38,1.18,cautious,-2.13,front,LIDAR_ONLY
0,107.8391,t2432,LIDAR_ONLY,10.5062,10.5062,15.4758,4.9696,4.9696,32.1121,32.1121,0,0,10.38,1.18,cautious,6.22,front,LIDAR_ONLY
0,107.8391,t2435,LIDAR_ONLY,14.0791,14.0791,15.4758,1.3968,1.3968,9.0255,9.0255,0,0,10.38,1.18,cautious,22.90,front,LIDAR_ONLY
0,107.9000,cam_2,CAM_ONLY,19.9519,,15.4758,4.4761,,28.9230,,0,,13.03,1.14,warning,,,CAMERA_ONLY
0,107.9611,cam_2,CAM_ONLY,19.3108,,15.4758,3.8350,,24.7803,,0,,16.35,0.89,warning,,,CAMERA_ONLY
0,108.0149,cam_2,CAM_ONLY,19.6897,,15.4758,4.2139,,27.2286,,0,,9.88,0.76,warning,,,CAMERA_ONLY
0,108.1101,cam_2,CAM_ONLY,19.6720,,15.4758,4.1961,,27.1140,,0,,20.21,29.61,warning,,,CAMERA_ONLY
0,108.1880,t2441,BOTH,19.4658,10.4369,15.4758,3.9899,5.0389,25.7816,32.5600,0,0,15.00,1.09,warning,,,FULL_ANGLE
0,108.1880,t2439,LIDAR_ONLY,11.2604,11.2604,15.4758,4.2155,4.2155,27.2391,27.2391,0,0,15.00,1.09,cautious,27.30,front,LIDAR_ONLY
0,108.1880,t2441,LIDAR_ONLY,10.4836,10.4836,15.4758,4.9923,4.9923,32.2584,32.2584,0,0,15.00,1.09,cautious,-1.22,front,LIDAR_ONLY
0,108.2534,cam_2,CAM_ONLY,19.3800,,15.4758,3.9042,,25.2276,,0,,13.84,1.20,warning,,,CAMERA_ONLY
0,108.3102,cam_2,CAM_ONLY,19.3527,,15.4758,3.8768,,25.0508,,0,,8.88,1.18,warning,,,CAMERA_ONLY
0,108.3774,cam_2,CAM_ONLY,19.3168,,15.4758,3.8409,,24.8189,,0,,17.20,1.38,warning,,,CAMERA_ONLY
0,108.4467,cam_2,CAM_ONLY,19.2689,,15.4758,3.7931,,24.5099,,0,,20.88,1.07,warning,,,CAMERA_ONLY
0,108.5063,cam_2,CAM_ONLY,19.7308,,15.4758,4.2550,,27.4942,,0,,12.06,1.24,warning,,,CAMERA_ONLY
0,108.5661,cam_2,CAM_ONLY,19.4124,,15.4758,3.9366,,25.4370,,0,,14.92,0.89,warning,,,CAMERA_ONLY
0,108.6273,cam_2,CAM_ONLY,19.4026,,15.4758,3.9268,,25.3735,,0,,11.38,0.90,warning,,,CAMERA_ONLY
0,108.6868,t2453,BOTH,19.5227,10.5214,15.4758,4.0468,4.9544,26.1493,32.0139,0,0,10.39,0.97,warning,,,FULL_ANGLE
0,108.6868,t2452,LIDAR_ONLY,14.1165,14.1165,15.4758,1.3594,1.3594,8.7837,8.7837,0,0,10.39,0.97,cautious,22.74,front,LIDAR_ONLY
0,108.6868,t2452,LIDAR_ONLY,12.5281,12.5281,15.4758,2.9478,2.9478,19.0475,19.0475,0,0,10.39,0.97,cautious,26.86,front,LIDAR_ONLY
0,108.6868,t2453,LIDAR_ONLY,10.5965,10.5965,15.4758,4.8794,4.8794,31.5291,31.5291,0,0,10.39,0.97,cautious,-1.95,front,LIDAR_ONLY
0,108.7463,cam_2,CAM_ONLY,19.4697,,15.4758,3.9939,,25.8073,,0,,11.82,1.00,warning,,,CAMERA_ONLY
0,108.8057,cam_2,CAM_ONLY,19.3072,,15.4758,3.8313,,24.7570,,0,,17.10,1.20,warning,,,CAMERA_ONLY
0,108.8676,cam_2,CAM_ONLY,19.3744,,15.4758,3.8986,,25.1912,,0,,15.19,0.76,warning,,,CAMERA_ONLY
0,108.9261,cam_2,CAM_ONLY,19.7312,,15.4758,4.2554,,27.4970,,0,,14.89,0.90,warning,,,CAMERA_ONLY
0,108.9862,t2460,BOTH,19.8981,10.4509,15.4758,4.4223,5.0250,28.5754,32.4697,0,0,12.79,1.07,warning,,,FULL_ANGLE
0,108.9862,t2459,LIDAR_ONLY,13.8998,13.8998,15.4758,1.5761,1.5761,10.1840,10.1840,0,0,12.79,1.07,cautious,23.02,front,LIDAR_ONLY
0,108.9862,t2459,LIDAR_ONLY,14.4745,14.4745,15.4758,1.0013,1.0013,6.4704,6.4704,0,0,12.79,1.07,cautious,18.81,front,LIDAR_ONLY
0,108.9862,t2459,LIDAR_ONLY,14.4848,14.4848,15.4758,0.9910,0.9910,6.4037,6.4037,1,1,12.79,1.07,cautious,27.23,front,LIDAR_ONLY
0,108.9862,t2460,LIDAR_ONLY,10.5128,10.5128,15.4758,4.9630,4.9630,32.0693,32.0693,0,0,12.79,1.07,cautious,-2.26,front,LIDAR_ONLY
0,108.9862,t2460,LIDAR_ONLY,10.4467,10.4467,15.4758,5.0292,5.0292,32.4968,32.4968,0,0,12.79,1.07,cautious,6.17,front,LIDAR_ONLY
0,109.0471,cam_2,CAM_ONLY,19.8367,,15.4758,4.3608,,28.1783,,0,,12.93,1.07,warning,,,CAMERA_ONLY
0,109.1042,cam_2,CAM_ONLY,19.3545,,15.4758,3.8787,,25.0628,,0,,9.51,1.86,warning,,,CAMERA_ONLY
0,109.1614,cam_2,CAM_ONLY,19.3450,,15.4758,3.8691,,25.0010,,0,,15.37,0.78,warning,,,CAMERA_ONLY
0,109.2223,cam_2,CAM_ONLY,19.3133,,15.4758,3.8375,,24.7964,,0,,12.48,1.17,warning,,,CAMERA_ONLY
0,109.2838,t2472,BOTH,19.2545,10.4701,15.4758,3.7787,5.0057,24.4165,32.3455,0,0,14.10,0.96,warning,,,FULL_ANGLE
0,109.2838,t2470,LIDAR_ONLY,10.3303,10.3303,15.4758,5.1455,5.1455,33.2486,33.2486,0,0,14.10,0.96,cautious,29.39,front,LIDAR_ONLY
0,109.2838,t2470,LIDAR_ONLY,10.6183,10.6183,15.4758,4.8575,4.8575,31.3877,31.3877,0,0,14.10,0.96,cautious,25.17,front,LIDAR_ONLY
0,109.2838,t2470,LIDAR_ONLY,11.6269,11.6269,15.4758,3.8489,3.8489,24.8706,24.8706,0,0,14.10,0.96,cautious,16.73,front,LIDAR_ONLY
0,109.3522,cam_2,CAM_ONLY,19.2925,,15.4758,3.8167,,24.6622,,0,,13.33,1.13,warning,,,CAMERA_ONLY
0,109.4131,cam_2,CAM_ONLY,19.7150,,15.4758,4.2392,,27.3922,,0,,12.42,0.85,warning,,,CAMERA_ONLY
0,109.4706,cam_2,CAM_ONLY,19.2365,,15.4758,3.7606,,24.2999,,0,,12.33,1.09,warning,,,CAMERA_ONLY
0,109.5327,t2477,BOTH,19.7176,10.4984,15.4758,4.2418,4.9775,27.4091,32.1628,0,0,14.62,0.83,warning,,,FULL_ANGLE
0,109.5327,t2477,LIDAR_ONLY,10.4997,10.4997,15.4758,4.9761,4.9761,32.1540,32.1540,0,0,14.62,0.83,cautious,-2.81,front,LIDAR_ONLY
0,109.5327,t2477,LIDAR_ONLY,10.4635,10.4635,15.4758,5.0123,5.0123,32.3879,32.3879,0,0,14.62,0.83,cautious,5.35,front,LIDAR_ONLY
0,109.5957,cam_2,CAM_ONLY,19.3229,,15.4758,3.8471,,24.8585,,0,,12.59,1.10,warning,,,CAMERA_ONLY
0,109.6635,cam_2,CAM_ONLY,19.4622,,15.4758,3.9864,,25.7586,,0,,19.05,0.88,warning,,,CAMERA_ONLY
0,109.7267,cam_2,CAM_ONLY,19.4523,,15.4758,3.9765,,25.6948,,0,,14.22,0.79,warning,,,CAMERA_ONLY
0,109.7866,t2484,BOTH,19.3489,10.4030,15.4758,3.8731,5.0728,25.0267,32.7789,0,0,10.93,1.21,warning,,,FULL_ANGLE
0,109.7866,t2483,LIDAR_ONLY,11.3771,11.3771,15.4758,4.0988,4.0988,26.4850,26.4850,0,0,10.93,1.21,cautious,27.06,front,LIDAR_ONLY
0,109.7866,t2483,LIDAR_ONLY,12.5356,12.5356,15.4758,2.9403,2.9403,18.9990,18.9990,0,0,10.93,1.21,cautious,19.00,front,LIDAR_ONLY
0,109.7866,t2483,LIDAR_ONLY,13.2449,13.2449,15.4758,2.2309,2.2309,14.4155,14.4155,0,0,10.93,1.21,cautious,23.03,front,LIDAR_ONLY
0,109.7866,t2484,LIDAR_ONLY,10.4146,10.4146,15.4758,5.0612,5.0612,32.7041,32.7041,0,0,10.93,1.21,cautious,-1.14,front,LIDAR_ONLY
0,109.7866,t2484,LIDAR_ONLY,10.4746,10.4746,15.4758,5.0012,5.0012,32.3162,32.3162,0,0,10.93,1.21,cautious,6.92,front,LIDAR_ONLY
0,109.8409,cam_2,CAM_ONLY,19.7752,,15.4758,4.2994,,27.7813,,0,,9.67,1.20,warning,,,CAMERA_ONLY
0,109.8409,t2483,LIDAR_ONLY,13.5030,13.5030,15.4758,1.9728,1.9728,12.7479,12.7479,0,0,9.67,1.20,cautious,26.35,front,LIDAR_ONLY
0,109.8409,t2483,LIDAR_ONLY,13.9978,13.9978,15.4758,1.4780,1.4780,9.5504,9.5504,0,0,9.67,1.20,cautious,18.42,front,LIDAR_ONLY
0,109.8409,t2483,LIDAR_ONLY,14.5291,14.5291,15.4758,0.9467,0.9467,6.1174,6.1174,1,1,9.67,1.20,cautious,22.39,front,LIDAR_ONLY
0,109.9072,cam_2,CAM_ONLY,19.7657,,15.4758,4.2898,,27.7195,,0,,16.62,0.83,warning,,,CAMERA_ONLY
0,109.9671,cam_2,CAM_ONLY,19.9730,,15.4758,4.4971,,29.0591,,0,,10.33,0.89,warning,,,CAMERA_ONLY
0,110.0261,cam_2,CAM_ONLY,19.4317,,15.4758,3.9558,,25.5613,,0,,15.22,0.74,warning,,,CAMERA_ONLY
0,110.0879,t2489,BOTH,19.4594,10.5427,15.4758,3.9836,4.9332,25.7407,31.8766,0,0,15.32,2.20,warning,,,FULL_ANGLE
0,110.0879,t2488,LIDAR_ONLY,11.6739,11.6739,15.4758,3.8020,3.8020,24.5672,24.5672,0,0,15.32,2.20,cautious,26.49,front,LIDAR_ONLY
0,110.0879,t2489,LIDAR_ONLY,10.6425,10.6425,15.4758,4.8333,4.8333,31.2313,31.2313,0,0,15.32,2.20,cautious,-3.29,front,LIDAR_ONLY
0,110.0879,t2488,LIDAR_ONLY,12.7982,12.7982,15.4758,2.6777,2.6777,17.3022,17.3022,0,0,15.32,2.20,cautious,17.98,front,LIDAR_ONLY
0,110.0879,t2488,LIDAR_ONLY,13.5029,13.5029,15.4758,1.9730,1.9730,12.7487,12.7487,0,0,15.32,2.20,cautious,22.24,front,LIDAR_ONLY
0,110.0879,t2489,LIDAR_ONLY,10.5086,10.5086,15.4758,4.9673,4.9673,32.0971,32.0971,0,0,15.32,2.20,cautious,5.22,front,LIDAR_ONLY
0,110.1584,cam_2,CAM_ONLY,19.9537,,15.4758,4.4778,,28.9342,,0,,21.91,1.23,warning,,,CAMERA_ONLY
0,110.2239,cam_2,CAM_ONLY,19.4431,,15.4758,3.9672,,25.6349,,0,,17.55,0.95,warning,,,CAMERA_ONLY
0,110.2944,t2489,BOTH,19.4285,10.5208,15.4758,3.9526,4.9551,25.5405,32.0181,0,0,20.88,2.68,warning,,,FULL_ANGLE
0,110.2944,t2488,LIDAR_ONLY,13.5749,13.5749,15.4758,1.9009,1.9009,12.2831,12.2831,0,0,20.88,2.68,cautious,29.78,front,LIDAR_ONLY
0,110.2944,t2488,LIDAR_ONLY,13.7109,13.7109,15.4758,1.7650,1.7650,11.4047,11.4047,0,0,20.88,2.68,cautious,21.35,front,LIDAR_ONLY
0,110.2944,t2488,LIDAR_ONLY,13.7924,13.7924,15.4758,1.6835,1.6835,10.8780,10.8780,0,0,20.88,2.68,cautious,25.57,front,LIDAR_ONLY
0,110.2944,t2488,LIDAR_ONLY,13.8367,13.8367,15.4758,1.6391,1.6391,10.5917,10.5917,0,0,20.88,2.68,cautious,17.14,front,LIDAR_ONLY
0,110.2944,t2489,LIDAR_ONLY,10.5197,10.5197,15.4758,4.9561,4.9561,32.0251,32.0251,0,0,20.88,2.68,cautious,-3.93,front,LIDAR_ONLY
0,110.2944,t2489,LIDAR_ONLY,10.4784,10.4784,15.4758,4.9975,4.9975,32.2920,32.2920,0,0,20.88,2.68,cautious,4.50,front,LIDAR_ONLY
0,110.3646,cam_2,CAM_ONLY,19.4556,,15.4758,3.9798,,25.7160,,0,,12.51,0.90,warning,,,CAMERA_ONLY
0,110.4290,cam_2,CAM_ONLY,19.9954,,15.4758,4.5196,,29.2040,,0,,12.90,0.87,warning,,,CAMERA_ONLY
0,110.4861,t2489,BOTH,19.2729,10.4814,15.4758,3.7971,4.9944,24.5356,32.2723,0,0,11.58,1.01,warning,,,FULL_ANGLE
0,110.4861,t2488,LIDAR_ONLY,13.8610,13.8610,15.4758,1.6149,1.6149,10.4348,10.4348,0,0,11.58,1.01,cautious,22.59,front,LIDAR_ONLY
0,110.4861,t2488,LIDAR_ONLY,13.8823,13.8823,15.4758,1.5936,1.5936,10.2972,10.2972,0,0,11.58,1.01,cautious,26.62,front,LIDAR_ONLY
0,110.4861,t2488,LIDAR_ONLY,14.1516,14.1516,15.4758,1.3243,1.3243,8.5571,8.5571,0,0,11.58,1.01,cautious,18.56,front,LIDAR_ONLY
0,110.4861,t2489,LIDAR_ONLY,10.4797,10.4797,15.4758,4.9962,4.9962,32.2836,32.2836,0,0,11.58,1.01,cautious,6.46,front,LIDAR_ONLY
0,110.5461,cam_2,CAM_ONLY,19.8258,,15.4758,4.3500,,28.1082,,0,,12.82,1.07,warning,,,CAMERA_ONLY
0,110.6181,cam_2,CAM_ONLY,19.7027,,15.4758,4.2269,,27.3126,,0,,19.17,1.93,warning,,,CAMERA_ONLY
0,110.6890,cam_2,CAM_ONLY,19.7647,,15.4758,4.2889,,27.7132,,0,,23.26,1.91,warning,,,CAMERA_ONLY
0,110.7503,cam_2,CAM_ONLY,19.4173,,15.4758,3.9414,,25.4681,,0,,20.33,1.19,warning,,,CAMERA_ONLY
0,110.8136,cam_2,CAM_ONLY,19.3020,,15.4758,3.8261,,24.7234,,0,,16.21,1.73,warning,,,CAMERA_ONLY
0,110.8846,t2503,BOTH,19.3003,10.5175,15.4758,3.8244,4.9584,24.7122,32.0396,0,0,23.58,1.11,warning,,,FULL_ANGLE
0,110.8846,t2502,LIDAR_ONLY,11.9129,11.9129,15.4758,3.5629,3.5629,23.0224,23.0224,0,0,23.58,1.11,cautious,26.05,front,LIDAR_ONLY
0,110.8846,t2502,LIDAR_ONLY,13.0903,13.0903,15.4758,2.3856,2.3856,15.4149,15.4149,0,0,23.58,1.11,cautious,17.76,front,LIDAR_ONLY
0,110.8846,t2502,LIDAR_ONLY,13.8184,13.8184,15.4758,1.6574,1.6574,10.7097,10.7097,0,0,23.58,1.11,cautious,21.91,front,LIDAR_ONLY
0,110.8846,t2503,LIDAR_ONLY,10.5345,10.5345,15.4758,4.9414,4.9414,31.9295,31.9295,0,0,23.58,1.11,cautious,-2.95,front,LIDAR_ONLY
0,110.8846,t2503,LIDAR_ONLY,10.4750,10.4750,15.4758,5.0008,5.0008,32.3136,32.3136,0,0,23.58,1.11,cautious,5.33,front,LIDAR_ONLY
0,110.9591,cam_2,CAM_ONLY,19.7943,,15.4758,4.3185,,27.9047,,0,,19.36,0.97,warning,,,CAMERA_ONLY
0,111.0236,cam_2,CAM_ONLY,19.2470,,15.4758,3.7711,,24.3679,,0,,15.53,0.95,warning,,,CAMERA_ONLY
0,111.0871,t2503,BOTH,19.2452,10.4800,15.4758,3.7693,4.9958,24.3562,32.2814,0,0,15.02,0.79,warning,,,FULL_ANGLE
0,111.1457,cam_2,CAM_ONLY,19.3945,,15.4758,3.9187,,25.3212,,0,,13.91,1.10,warning,,,CAMERA_ONLY
0,111.2096,cam_2,CAM_ONLY,19.4787,,15.4758,4.0029,,25.8653,,0,,13.90,1.05,warning,,,CAMERA_ONLY
0,111.2733,cam_2,CAM_ONLY,19.1939,,15.4758,3.7181,,24.0251,,0,,16.30,1.12,warning,,,CAMERA_ONLY
0,111.3384,t2516,BOTH,19.3007,10.4330,15.4758,3.8248,5.0428,24.7149,32.5852,0,0,13.77,1.31,warning,,,FULL_ANGLE
0,111.3384,t2514,LIDAR_ONLY,10.4746,10.4746,15.4758,5.0012,5.0012,32.3164,32.3164,0,0,13.77,1.31,cautious,29.04,front,LIDAR_ONLY
0,111.3384,t2514,LIDAR_ONLY,10.7339,10.7339,15.4758,4.7420,4.7420,30.6412,30.6412,0,0,13.77,1.31,cautious,25.04,front,LIDAR_ONLY
0,111.3384,t2514,LIDAR_ONLY,11.4784,11.4784,15.4758,3.9975,3.9975,25.8303,25.8303,0,0,13.77,1.31,cautious,17.03,front,LIDAR_ONLY
0,111.3384,t2514,LIDAR_ONLY,12.1629,12.1629,15.4758,3.3129,3.3129,21.4071,21.4071,0,0,13.77,1.31,cautious,21.03,front,LIDAR_ONLY
0,111.3384,t2516,LIDAR_ONLY,10.4038,10.4038,15.4758,5.0721,5.0721,32.7740,32.7740,0,0,13.77,1.31,cautious,5.02,front,LIDAR_ONLY
0,111.3384,t2516,LIDAR_ONLY,10.4095,10.4095,15.4758,5.0663,5.0663,32.7369,32.7369,0,0,13.77,1.31,cautious,-2.99,front,LIDAR_ONLY
0,111.4070,cam_2,CAM_ONLY,19.2391,,15.4758,3.7632,,24.3167,,0,,10.45,0.92,warning,,,CAMERA_ONLY
0,111.4654,cam_2,CAM_ONLY,19.7154,,15.4758,4.2396,,27.3949,,0,,17.21,0.95,warning,,,CAMERA_ONLY
0,111.5469,t2516,BOTH,19.6735,10.4432,15.4758,4.1977,5.0326,27.1242,32.5191,0,0,19.26,1.42,warning,,,FULL_ANGLE
0,111.5469,t2514,LIDAR_ONLY,12.3539,12.3539,15.4758,3.1219,3.1219,20.1730,20.1730,0,0,19.26,1.42,cautious,29.69,front,LIDAR_ONLY
0,111.5469,t2514,LIDAR_ONLY,12.6645,12.6645,15.4758,2.8113,2.8113,18.1658,18.1658,0,0,19.26,1.42,cautious,25.53,front,LIDAR_ONLY
0,111.5469,t2514,LIDAR_ONLY,13.2601,13.2601,15.4758,2.2157,2.2157,14.3172,14.3172,0,0,19.26,1.42,cautious,17.20,front,LIDAR_ONLY
0,111.5469,t2514,LIDAR_ONLY,13.4565,13.4565,15.4758,2.0193,2.0193,13.0483,13.0483,0,0,19.26,1.42,cautious,21.37,front,LIDAR_ONLY
0,111.5469,t2516,LIDAR_ONLY,10.4302,10.4302,15.4758,5.0456,5.0456,32.6034,32.6034,0,0,19.26,1.42,cautious,-3.61,front,LIDAR_ONLY
0,111.5469,t2516,LIDAR_ONLY,10.4548,10.4548,15.4758,5.0211,5.0211,32.4446,32.4446,0,0,19.26,1.42,cautious,4.71,front,LIDAR_ONLY
0,111.6177,cam_2,CAM_ONLY,19.7169,,15.4758,4.2411,,27.4046,,0,,12.95,0.97,warning,,,CAMERA_ONLY
0,111.7009,t2516,BOTH,19.6522,10.4848,15.4758,4.1764,4.9910,26.9864,32.2506,0,0,25.45,2.03,warning,,,FULL_ANGLE
0,111.7009,t2514,LIDAR_ONLY,13.2521,13.2521,15.4758,2.2237,2.2237,14.3689,14.3689,0,0,25.45,2.03,cautious,25.29,front,LIDAR_ONLY
0,111.7009,t2514,LIDAR_ONLY,13.6957,13.6957,15.4758,1.7801,1.7801,11.5027,11.5027,0,0,25.45,2.03,cautious,21.13,front,LIDAR_ONLY
0,111.7009,t2516,LIDAR_ONLY,10.4774,10.4774,15.4758,4.9985,4.9985,32.2986,32.2986,0,0,25.45,2.03,cautious,-3.83,front,LIDAR_ONLY
0,111.7009,t2516,LIDAR_ONLY,10.4863,10.4863,15.4758,4.9896,4.9896,32.2409,32.2409,0,0,25.45,2.03,cautious,4.49,front,LIDAR_ONLY
0,111.7746,cam_2,CAM_ONLY,19.6219,,15.4758,4.1460,,26.7904,,0,,20.18,1.11,warning,,,CAMERA_ONLY
0,111.8465,cam_2,CAM_ONLY,19.3245,,15.4758,3.8487,,24.8688,,0,,22.11,1.14,warning,,,CAMERA_ONLY
0,111.9097,cam_2,CAM_ONLY,19.3395,,15.4758,3.8636,,24.9655,,0,,19.28,1.32,warning,,,CAMERA_ONLY
0,111.9695,cam_2,CAM_ONLY,19.8322,,15.4758,4.3564,,28.1495,,0,,9.64,0.84,warning,,,CAMERA_ONLY
0,112.0419,t2529,BOTH,19.3777,10.5199,15.4758,3.9018,4.9559,25.2123,32.0236,0,0,13.76,1.17,warning,,,FULL_ANGLE
0,112.0419,t2528,LIDAR_ONLY,11.9966,11.9966,15.4758,3.4792,3.4792,22.4816,22.4816,0,0,13.76,1.17,cautious,25.90,front,LIDAR_ONLY
0,112.1019,cam_2,CAM_ONLY,19.3259,,15.4758,3.8501,,24.8779,,0,,9.94,1.18,warning,,,CAMERA_ONLY
0,112.1627,cam_2,CAM_ONLY,19.4455,,15.4758,3.9697,,25.6508,,0,,13.13,0.90,warning,,,CAMERA_ONLY
0,112.2246,cam_2,CAM_ONLY,19.4282,,15.4758,3.9523,,25.5386,,0,,14.00,1.17,warning,,,CAMERA_ONLY
0,112.2939,t2538,BOTH,19.1917,10.5075,15.4758,3.7159,4.9683,24.0107,32.1036,0,0,18.04,1.30,warning,,,FULL_ANGLE
0,112.2939,t2536,LIDAR_ONLY,11.7753,11.7753,15.4758,3.7005,3.7005,23.9117,23.9117,0,0,18.04,1.30,cautious,26.30,front,LIDAR_ONLY
0,112.2939,t2536,LIDAR_ONLY,13.0099,13.0099,15.4758,2.4659,2.4659,15.9338,15.9338,0,0,18.04,1.30,cautious,18.04,front,LIDAR_ONLY
0,112.2939,t2536,LIDAR_ONLY,13.7435,13.7435,15.4758,1.7324,1.7324,11.1940,11.1940,0,0,18.04,1.30,cautious,22.17,front,LIDAR_ONLY
0,112.2939,t2538,LIDAR_ONLY,10.4761,10.4761,15.4758,4.9997,4.9997,32.3067,32.3067,0,0,18.04,1.30,cautious,5.65,front,LIDAR_ONLY
0,112.3607,cam_2,CAM_ONLY,19.2648,,15.4758,3.7889,,24.4829,,0,,18.19,0.89,warning,,,CAMERA_ONLY
0,112.4245,cam_2,CAM_ONLY,19.6709,,15.4758,4.1951,,27.1074,,0,,16.85,0.95,warning,,,CAMERA_ONLY
0,112.4809,t2538,BOTH,19.2079,10.4516,15.4758,3.7321,5.0243,24.1154,32.4652,0,0,14.75,0.82,warning,,,FULL_ANGLE
0,112.5403,cam_2,CAM_ONLY,19.7143,,15.4758,4.2385,,27.3879,,0,,14.81,1.12,warning,,,CAMERA_ONLY
0,112.5403,t2542,LIDAR_ONLY,13.8308,13.8308,15.4758,1.6450,1.6450,10.6295,10.6295,0,0,14.81,1.12,cautious,23.11,front,LIDAR_ONLY
0,112.5403,t2542,LIDAR_ONLY,12.2427,12.2427,15.4758,3.2331,3.2331,20.8916,20.8916,0,0,14.81,1.12,cautious,27.21,front,LIDAR_ONLY
0,112.6044,cam_2,CAM_ONLY,19.2838,,15.4758,3.8079,,24.6056,,0,,13.64,1.20,warning,,,CAMERA_ONLY
0,112.6630,cam_2,CAM_ONLY,19.3675,,15.4758,3.8917,,25.1466,,0,,14.91,0.93,warning,,,CAMERA_ONLY
0,112.7308,t2548,BOTH,19.3890,10.5858,15.4758,3.9131,4.8900,25.2855,31.5977,0,0,12.90,0.83,warning,,,FULL_ANGLE
0,112.7308,t2548,LIDAR_ONLY,10.6000,10.6000,15.4758,4.8759,4.8759,31.5064,31.5064,0,0,12.90,0.83,cautious,-3.64,front,LIDAR_ONLY
0,112.7974,cam_2,CAM_ONLY,19.3016,,15.4758,3.8257,,24.7207,,0,,13.62,0.96,warning,,,CAMERA_ONLY
0,112.8643,cam_2,CAM_ONLY,19.2355,,15.4758,3.7597,,24.2937,,0,,15.91,1.21,warning,,,CAMERA_ONLY
0,112.9161,cam_2,CAM_ONLY,19.6733,,15.4758,4.1974,,27.1226,,0,,10.91,0.96,warning,,,CAMERA_ONLY
0,112.9715,cam_2,CAM_ONLY,19.2273,,15.4758,3.7515,,24.2409,,0,,13.53,0.98,warning,,,CAMERA_ONLY
0,113.0441,cam_2,CAM_ONLY,19.7237,,15.4758,4.2478,,27.4481,,0,,17.38,1.10,warning,,,CAMERA_ONLY
0,113.1091,cam_2,CAM_ONLY,19.3183,,15.4758,3.8425,,24.8287,,0,,15.22,1.35,warning,,,CAMERA_ONLY
0,113.1722,cam_2,CAM_ONLY,19.5103,,15.4758,4.0345,,26.0696,,0,,13.83,1.06,warning,,,CAMERA_ONLY
0,113.2293,cam_2,CAM_ONLY,19.2558,,15.4758,3.7799,,24.4248,,0,,15.33,0.76,warning,,,CAMERA_ONLY
0,113.2961,t2562,BOTH,19.2642,10.4958,15.4758,3.7883,4.9800,24.4790,32.1792,0,0,17.73,1.15,warning,,,FULL_ANGLE
0,113.2961,t2560,LIDAR_ONLY,12.4505,12.4505,15.4758,3.0253,3.0253,19.5488,19.5488,0,0,17.73,1.15,cautious,25.13,front,LIDAR_ONLY
0,113.2961,t2560,LIDAR_ONLY,11.1940,11.1940,15.4758,4.2819,4.2819,27.6682,27.6682,0,0,17.73,1.15,cautious,29.30,front,LIDAR_ONLY
0,113.2961,t2560,LIDAR_ONLY,11.5267,11.5267,15.4758,3.9491,3.9491,25.5182,25.5182,0,0,17.73,1.15,cautious,20.96,front,LIDAR_ONLY
0,113.2961,t2562,LIDAR_ONLY,10.5713,10.5713,15.4758,4.9045,4.9045,31.6914,31.6914,0,0,17.73,1.15,cautious,-4.04,front,LIDAR_ONLY
0,113.2961,t2562,LIDAR_ONLY,10.4798,10.4798,15.4758,4.9960,4.9960,32.2828,32.2828,0,0,17.73,1.15,cautious,4.30,front,LIDAR_ONLY
0,113.3586,cam_2,CAM_ONLY,19.7635,,15.4758,4.2877,,27.7055,,0,,13.61,0.88,warning,,,CAMERA_ONLY
0,113.4224,cam_2,CAM_ONLY,19.6667,,15.4758,4.1909,,27.0802,,0,,17.64,1.80,warning,,,CAMERA_ONLY
0,113.4856,t2562,BOTH,19.7495,10.4869,15.4758,4.2737,4.9889,27.6152,32.2370,0,0,13.50,1.22,warning,,,FULL_ANGLE
0,113.4856,t2560,LIDAR_ONLY,11.8079,11.8079,15.4758,3.6680,3.6680,23.7013,23.7013,0,0,13.50,1.22,cautious,24.38,front,LIDAR_ONLY
0,113.4856,t2560,LIDAR_ONLY,11.8935,11.8935,15.4758,3.5824,3.5824,23.1482,23.1482,0,0,13.50,1.22,cautious,28.55,front,LIDAR_ONLY
0,113.4856,t2560,LIDAR_ONLY,12.0623,12.0623,15.4758,3.4136,3.4136,22.0574,22.0574,0,0,13.50,1.22,cautious,20.22,front,LIDAR_ONLY
0,113.5467,cam_2,CAM_ONLY,19.6192,,15.4758,4.1434,,26.7734,,0,,9.74,0.98,warning,,,CAMERA_ONLY
0,113.6068,cam_2,CAM_ONLY,19.2435,,15.4758,3.7676,,24.3452,,0,,13.79,1.06,warning,,,CAMERA_ONLY
0,113.6728,cam_2,CAM_ONLY,19.7042,,15.4758,4.2284,,27.3226,,0,,17.88,1.02,warning,,,CAMERA_ONLY
0,113.7329,cam_2,CAM_ONLY,19.6681,,15.4758,4.1923,,27.0892,,0,,11.61,1.10,warning,,,CAMERA_ONLY
0,113.7329,t2573,LIDAR_ONLY,12.1614,12.1614,15.4758,3.3145,3.3145,21.4172,21.4172,0,0,11.61,1.10,cautious,25.61,front,LIDAR_ONLY
0,113.7329,t2573,LIDAR_ONLY,12.7557,12.7557,15.4758,2.7202,2.7202,17.5768,17.5768,0,0,11.61,1.10,cautious,21.54,front,LIDAR_ONLY
0,113.7329,t2573,LIDAR_ONLY,12.7188,12.7188,15.4758,2.7570,2.7570,17.8150,17.8150,0,0,11.61,1.10,cautious,29.69,front,LIDAR_ONLY
0,113.7926,cam_2,CAM_ONLY,19.3609,,15.4758,3.8850,,25.1039,,0,,14.53,1.18,warning,,,CAMERA_ONLY
0,113.8538,cam_2,CAM_ONLY,19.2345,,15.4758,3.7587,,24.2875,,0,,13.12,1.19,warning,,,CAMERA_ONLY
0,113.9239,cam_2,CAM_ONLY,19.9204,,15.4758,4.4446,,28.7196,,0,,9.76,0.91,warning,,,CAMERA_ONLY
0,113.9845,t2580,BOTH,19.2996,10.5373,15.4758,3.8238,4.9386,24.7080,31.9114,0,0,11.86,0.98,warning,,,FULL_ANGLE
0,113.9845,t2579,LIDAR_ONLY,10.3546,10.3546,15.4758,5.1213,5.1213,33.0920,33.0920,0,0,11.86,0.98,cautious,29.33,front,LIDAR_ONLY
0,113.9845,t2579,LIDAR_ONLY,10.6463,10.6463,15.4758,4.8295,4.8295,31.2068,31.2068,0,0,11.86,0.98,cautious,25.12,front,LIDAR_ONLY
0,113.9845,t2579,LIDAR_ONLY,11.1772,11.1772,15.4758,4.2986,4.2986,27.7763,27.7763,0,0,11.86,0.98,cautious,20.91,front,LIDAR_ONLY
0,113.9845,t2580,LIDAR_ONLY,10.5820,10.5820,15.4758,4.8938,4.8938,31.6222,31.6222,0,0,11.86,0.98,cautious,-4.33,front,LIDAR_ONLY
0,114.0482,cam_2,CAM_ONLY,19.3270,,15.4758,3.8512,,24.8849,,0,,14.46,1.29,warning,,,CAMERA_ONLY
0,114.1101,cam_2,CAM_ONLY,19.8023,,15.4758,4.3264,,27.9561,,0,,11.64,1.39,warning,,,CAMERA_ONLY
0,114.1743,cam_2,CAM_ONLY,19.7426,,15.4758,4.2668,,27.5705,,0,,15.40,1.04,warning,,,CAMERA_ONLY
0,114.2377,t2586,BOTH,19.4188,10.5581,15.4758,3.9430,4.9177,25.4781,31.7767,0,0,16.48,1.49,warning,,,FULL_ANGLE
0,114.2377,t2585,LIDAR_ONLY,15.2553,15.2553,15.4758,0.2205,0.2205,1.4250,1.4250,1,1,16.48,1.49,drive,21.42,front,LIDAR_ONLY
0,114.2377,t2585,LIDAR_ONLY,16.2186,16.2186,15.4758,0.7428,0.7428,4.7997,4.7997,1,1,16.48,1.49,drive,17.25,front,LIDAR_ONLY
0,114.2377,t2586,LIDAR_ONLY,10.6376,10.6376,15.4758,4.8382,4.8382,31.2630,31.2630,0,0,16.48,1.49,cautious,-3.59,front,LIDAR_ONLY
0,114.2377,t2586,LIDAR_ONLY,10.5165,10.5165,15.4758,4.9593,4.9593,32.0454,32.0454,0,0,16.48,1.49,cautious,4.74,front,LIDAR_ONLY
0,114.3208,cam_2,CAM_ONLY,19.3778,,15.4758,3.9019,,25.2131,,0,,22.90,2.43,warning,,,CAMERA_ONLY
0,114.3861,t2586,BOTH,19.3708,10.5062,15.4758,3.8950,4.9696,25.1680,32.1121,0,0,20.35,1.13,warning,,,FULL_ANGLE
0,114.3861,t2585,LIDAR_ONLY,16.3316,16.3316,15.4758,0.8557,0.8557,5.5294,5.5294,1,1,20.35,1.13,drive,23.38,front,LIDAR_ONLY
0,114.3861,t2585,LIDAR_ONLY,15.3073,15.3073,15.4758,0.1685,0.1685,1.0889,1.0889,1,1,20.35,1.13,drive,27.44,front,LIDAR_ONLY
0,114.3861,t2585,LIDAR_ONLY,15.4234,15.4234,15.4758,0.0524,0.0524,0.3388,0.3388,1,1,20.35,1.13,drive,19.32,front,LIDAR_ONLY
0,114.3861,t2586,LIDAR_ONLY,10.5194,10.5194,15.4758,4.9564,4.9564,32.0269,32.0269,0,0,20.35,1.13,cautious,-0.98,front,LIDAR_ONLY
0,114.4428,cam_2,CAM_ONLY,19.3177,,15.4758,3.8419,,24.8250,,0,,11.00,1.28,warning,,,CAMERA_ONLY
0,114.4971,cam_2,CAM_ONLY,19.4287,,15.4758,3.9529,,25.5421,,0,,12.01,1.01,warning,,,CAMERA_ONLY
0,114.5585,cam_2,CAM_ONLY,19.2985,,15.4758,3.8226,,24.7006,,0,,13.95,1.19,warning,,,CAMERA_ONLY
0,114.6135,cam_2,CAM_ONLY,19.2961,,15.4758,3.8203,,24.6854,,0,,9.54,0.89,warning,,,CAMERA_ONLY
0,114.6684,cam_2,CAM_ONLY,19.7478,,15.4758,4.2720,,27.6042,,0,,9.58,0.93,warning,,,CAMERA_ONLY
0,114.7289,cam_2,CAM_ONLY,19.3906,,15.4758,3.9148,,25.2961,,0,,13.24,0.74,warning,,,CAMERA_ONLY
0,114.7932,cam_2,CAM_ONLY,19.3284,,15.4758,3.8526,,24.8941,,0,,19.09,1.18,warning,,,CAMERA_ONLY
0,114.8504,cam_2,CAM_ONLY,19.9840,,15.4758,4.5082,,29.1303,,0,,12.54,1.26,warning,,,CAMERA_ONLY
0,114.9099,cam_2,CAM_ONLY,19.3337,,15.4758,3.8579,,24.9285,,0,,14.48,0.99,warning,,,CAMERA_ONLY
0,114.9776,cam_2,CAM_ONLY,19.2375,,15.4758,3.7616,,24.3064,,0,,16.73,2.16,warning,,,CAMERA_ONLY
0,115.0415,cam_2,CAM_ONLY,19.7131,,15.4758,4.2372,,27.3795,,0,,17.99,1.75,warning,,,CAMERA_ONLY
0,115.1066,cam_2,CAM_ONLY,19.6976,,15.4758,4.2218,,27.2799,,0,,13.32,0.89,warning,,,CAMERA_ONLY
0,115.1694,cam_2,CAM_ONLY,19.7713,,15.4758,4.2955,,27.7559,,0,,19.77,0.92,warning,,,CAMERA_ONLY
0,115.2414,cam_2,CAM_ONLY,19.4269,,15.4758,3.9511,,25.5305,,0,,20.18,2.43,warning,,,CAMERA_ONLY
0,115.2414,t2610,LIDAR_ONLY,11.5345,11.5345,15.4758,3.9414,3.9414,25.4679,25.4679,0,0,20.18,2.43,cautious,26.76,front,LIDAR_ONLY
0,115.3040,cam_2,CAM_ONLY,19.2803,,15.4758,3.8045,,24.5834,,0,,12.76,1.92,warning,,,CAMERA_ONLY
0,115.3623,cam_2,CAM_ONLY,19.3655,,15.4758,3.8897,,25.1339,,0,,12.22,0.81,warning,,,CAMERA_ONLY
0,115.4238,cam_2,CAM_ONLY,19.3648,,15.4758,3.8890,,25.1292,,0,,14.22,0.99,warning,,,CAMERA_ONLY
0,115.4862,t2618,BOTH,19.3694,10.4827,15.4758,3.8936,4.9932,25.1592,32.2644,0,0,14.96,0.97,warning,,,FULL_ANGLE
0,115.4862,t2617,LIDAR_ONLY,17.8667,17.8667,15.4758,2.3908,2.3908,15.4488,15.4488,0,0,14.96,0.97,drive,19.34,front,LIDAR_ONLY
0,115.4862,t2617,LIDAR_ONLY,15.9994,15.9994,15.4758,0.5235,0.5235,3.3829,3.3829,1,1,14.96,0.97,drive,23.51,front,LIDAR_ONLY
0,115.4862,t2618,LIDAR_ONLY,10.4914,10.4914,15.4758,4.9844,4.9844,32.2079,32.2079,0,0,14.96,0.97,cautious,-1.51,front,LIDAR_ONLY
0,115.4862,t2618,LIDAR_ONLY,10.4454,10.4454,15.4758,5.0305,5.0305,32.5054,32.5054,0,0,14.96,0.97,cautious,6.83,front,LIDAR_ONLY
0,115.5459,cam_2,CAM_ONLY,19.3603,,15.4758,3.8845,,25.1003,,0,,12.49,0.97,warning,,,CAMERA_ONLY
0,115.6157,cam_2,CAM_ONLY,19.3403,,15.4758,3.8645,,24.9709,,0,,14.53,0.86,warning,,,CAMERA_ONLY
0,115.6770,cam_2,CAM_ONLY,19.3178,,15.4758,3.8419,,24.8254,,0,,13.43,0.93,warning,,,CAMERA_ONLY
0,115.7318,cam_2,CAM_ONLY,19.7323,,15.4758,4.2565,,27.5039,,0,,10.25,0.68,warning,,,CAMERA_ONLY
0,115.7871,t2627,BOTH,19.3793,10.4583,15.4758,3.9034,5.0176,25.2227,32.4221,0,0,11.31,1.00,warning,,,FULL_ANGLE
0,115.7871,t2625,LIDAR_ONLY,12.4084,12.4084,15.4758,3.0674,3.0674,19.8209,19.8209,0,0,11.31,1.00,cautious,25.20,front,LIDAR_ONLY
0,115.7871,t2625,LIDAR_ONLY,11.3152,11.3152,15.4758,4.1607,4.1607,26.8851,26.8851,0,0,11.31,1.00,cautious,29.18,front,LIDAR_ONLY
0,115.7871,t2627,LIDAR_ONLY,10.5254,10.5254,15.4758,4.9505,4.9505,31.9883,31.9883,0,0,11.31,1.00,cautious,-2.67,front,LIDAR_ONLY
0,115.7871,t2627,LIDAR_ONLY,10.4549,10.4549,15.4758,5.0210,5.0210,32.4439,32.4439,0,0,11.31,1.00,cautious,5.29,front,LIDAR_ONLY
0,115.7871,t2625,LIDAR_ONLY,11.6414,11.6414,15.4758,3.8344,3.8344,24.7769,24.7769,0,0,11.31,1.00,cautious,21.22,front,LIDAR_ONLY
0,115.8507,cam_2,CAM_ONLY,19.9819,,15.4758,4.5061,,29.1170,,0,,18.63,1.57,warning,,,CAMERA_ONLY
0,115.9088,cam_2,CAM_ONLY,19.2964,,15.4758,3.8206,,24.6875,,0,,15.11,1.15,warning,,,CAMERA_ONLY
0,115.9598,cam_2,CAM_ONLY,19.7057,,15.4758,4.2299,,27.3321,,0,,9.23,1.01,warning,,,CAMERA_ONLY
0,116.0186,cam_2,CAM_ONLY,19.4059,,15.4758,3.9300,,25.3946,,0,,13.91,0.80,warning,,,CAMERA_ONLY
0,116.0903,t2636,BOTH,19.3512,10.4776,15.4758,3.8754,4.9982,25.0415,32.2970,0,0,23.63,1.86,warning,,,FULL_ANGLE
0,116.0903,t2635,LIDAR_ONLY,11.0948,11.0948,15.4758,4.3811,4.3811,28.3092,28.3092,0,0,23.63,1.86,cautious,27.64,front,LIDAR_ONLY
0,116.0903,t2635,LIDAR_ONLY,11.4129,11.4129,15.4758,4.0629,4.0629,26.2535,26.2535,0,0,23.63,1.86,cautious,23.43,front,LIDAR_ONLY
0,116.0903,t2636,LIDAR_ONLY,10.6152,10.6152,15.4758,4.8607,4.8607,31.4081,31.4081,0,0,23.63,1.86,cautious,-1.82,front,LIDAR_ONLY
0,116.0903,t2636,LIDAR_ONLY,10.4729,10.4729,15.4758,5.0029,5.0029,32.3272,32.3272,0,0,23.63,1.86,cautious,6.60,front,LIDAR_ONLY
0,116.1542,cam_2,CAM_ONLY,19.3285,,15.4758,3.8526,,24.8944,,0,,17.80,1.19,warning,,,CAMERA_ONLY
0,116.2132,cam_2,CAM_ONLY,19.3725,,15.4758,3.8967,,25.1792,,0,,12.60,0.95,warning,,,CAMERA_ONLY
0,116.2756,cam_2,CAM_ONLY,19.9030,,15.4758,4.4271,,28.6066,,0,,13.41,0.80,warning,,,CAMERA_ONLY
0,116.3497,cam_2,CAM_ONLY,19.9051,,15.4758,4.4293,,28.6205,,0,,24.45,2.03,warning,,,CAMERA_ONLY
0,116.4048,cam_2,CAM_ONLY,19.3604,,15.4758,3.8846,,25.1009,,0,,11.37,1.14,warning,,,CAMERA_ONLY
0,116.4591,cam_2,CAM_ONLY,19.2057,,15.4758,3.7298,,24.1011,,0,,10.21,1.15,warning,,,CAMERA_ONLY
0,116.5117,cam_2,CAM_ONLY,19.6484,,15.4758,4.1725,,26.9615,,0,,9.36,0.92,warning,,,CAMERA_ONLY
0,116.5814,cam_2,CAM_ONLY,19.3424,,15.4758,3.8665,,24.9844,,0,,15.78,0.87,warning,,,CAMERA_ONLY
0,116.6426,cam_2,CAM_ONLY,19.3508,,15.4758,3.8750,,25.0388,,0,,14.68,1.32,warning,,,CAMERA_ONLY
0,116.6426,t2651,LIDAR_ONLY,11.7395,11.7395,15.4758,3.7364,3.7364,24.1432,24.1432,0,0,14.68,1.32,cautious,26.37,front,LIDAR_ONLY
0,116.6426,t2651,LIDAR_ONLY,12.7644,12.7644,15.4758,2.7114,2.7114,17.5204,17.5204,0,0,14.68,1.32,cautious,18.35,front,LIDAR_ONLY
0,116.6426,t2651,LIDAR_ONLY,13.4146,13.4146,15.4758,2.0612,2.0612,13.3191,13.3191,0,0,14.68,1.32,cautious,22.36,front,LIDAR_ONLY
0,116.6995,cam_2,CAM_ONLY,19.4470,,15.4758,3.9712,,25.6604,,0,,12.14,1.23,warning,,,CAMERA_ONLY
0,116.7598,cam_2,CAM_ONLY,19.2003,,15.4758,3.7245,,24.0665,,0,,15.77,0.85,warning,,,CAMERA_ONLY
0,116.8195,cam_2,CAM_ONLY,19.3038,,15.4758,3.8279,,24.7348,,0,,12.69,0.99,warning,,,CAMERA_ONLY
0,116.9071,cam_2,CAM_ONLY,19.2414,,15.4758,3.7655,,24.3316,,0,,25.63,1.27,warning,,,CAMERA_ONLY
0,116.9726,cam_2,CAM_ONLY,19.2754,,15.4758,3.7995,,24.5514,,0,,16.79,1.11,warning,,,CAMERA_ONLY
0,117.0359,cam_2,CAM_ONLY,19.2801,,15.4758,3.8043,,24.5820,,0,,16.85,1.28,warning,,,CAMERA_ONLY
0,117.0359,t2661,LIDAR_ONLY,13.3861,13.3861,15.4758,2.0897,2.0897,13.5032,13.5032,0,0,16.85,1.28,cautious,23.71,front,LIDAR_ONLY
0,117.0359,t2661,LIDAR_ONLY,12.1608,12.1608,15.4758,3.3151,3.3151,21.4210,21.4210,0,0,16.85,1.28,cautious,27.94,front,LIDAR_ONLY
0,117.0359,t2661,LIDAR_ONLY,12.4861,12.4861,15.4758,2.9898,2.9898,19.3189,19.3189,0,0,16.85,1.28,cautious,19.48,front,LIDAR_ONLY
0,117.0925,cam_2,CAM_ONLY,19.2564,,15.4758,3.7805,,24.4286,,0,,11.03,1.23,warning,,,CAMERA_ONLY
0,117.0925,t2662,LIDAR_ONLY,10.1818,10.1818,15.4758,5.2940,5.2940,34.2083,34.2083,0,0,11.03,1.23,cautious,29.76,front,LIDAR_ONLY
0,117.0925,t2661,LIDAR_ONLY,12.8231,12.8231,15.4758,2.6527,2.6527,17.1409,17.1409,0,0,11.03,1.23,cautious,21.72,front,LIDAR_ONLY
0,117.1541,cam_2,CAM_ONLY,19.7252,,15.4758,4.2493,,27.4580,,0,,16.32,1.19,warning,,,CAMERA_ONLY
0,117.2112,cam_2,CAM_ONLY,19.7361,,15.4758,4.2603,,27.5285,,0,,11.33,0.84,warning,,,CAMERA_ONLY
0,117.2747,cam_2,CAM_ONLY,19.4622,,15.4758,3.9864,,25.7587,,0,,14.95,2.08,warning,,,CAMERA_ONLY
0,117.3332,t2670,BOTH,19.3563,10.6525,15.4758,3.8804,4.8233,25.0740,31.1667,0,0,13.35,0.80,warning,,,FULL_ANGLE
0,117.3936,cam_2,CAM_ONLY,19.4182,,15.4758,3.9423,,25.4741,,0,,14.43,1.05,warning,,,CAMERA_ONLY
0,117.4580,cam_2,CAM_ONLY,19.3690,,15.4758,3.8932,,25.1564,,0,,20.42,1.08,warning,,,CAMERA_ONLY
0,117.5288,cam_2,CAM_ONLY,19.4435,,15.4758,3.9677,,25.6379,,0,,20.56,0.86,warning,,,CAMERA_ONLY
0,117.5857,cam_2,CAM_ONLY,19.4093,,15.4758,3.9335,,25.4168,,0,,9.21,1.18,warning,,,CAMERA_ONLY
0,117.5857,t2678,LIDAR_ONLY,11.5002,11.5002,15.4758,3.9756,3.9756,25.6891,25.6891,0,0,9.21,1.18,cautious,26.82,front,LIDAR_ONLY
0,117.6403,cam_2,CAM_ONLY,19.2600,,15.4758,3.7842,,24.4522,,0,,9.63,1.04,warning,,,CAMERA_ONLY
0,117.6940,cam_2,CAM_ONLY,19.5913,,15.4758,4.1155,,26.5928,,0,,12.55,1.23,warning,,,CAMERA_ONLY
0,117.7487,cam_2,CAM_ONLY,19.3000,,15.4758,3.8242,,24.7105,,0,,10.16,1.01,warning,,,CAMERA_ONLY
0,117.8030,cam_2,CAM_ONLY,19.2159,,15.4758,3.7400,,24.1668,,0,,12.59,1.21,warning,,,CAMERA_ONLY
0,117.8608,cam_2,CAM_ONLY,19.2663,,15.4758,3.7904,,24.4927,,0,,11.74,0.91,warning,,,CAMERA_ONLY
0,117.9251,cam_2,CAM_ONLY,19.6575,,15.4758,4.1817,,27.0206,,0,,14.36,0.92,warning,,,CAMERA_ONLY
0,117.9852,t2688,BOTH,19.4135,10.5088,15.4758,3.9377,4.9670,25.4439,32.0952,0,0,12.79,1.15,warning,,,FULL_ANGLE
0,117.9852,t2685,LIDAR_ONLY,12.9337,12.9337,15.4758,2.5422,2.5422,16.4267,16.4267,0,0,12.79,1.15,cautious,24.37,front,LIDAR_ONLY
0,117.9852,t2685,LIDAR_ONLY,11.4916,11.4916,15.4758,3.9842,3.9842,25.7449,25.7449,0,0,12.79,1.15,cautious,28.50,front,LIDAR_ONLY
0,117.9852,t2687,LIDAR_ONLY,24.6195,24.6195,15.4758,9.1437,9.1437,59.0836,59.0836,0,0,12.79,1.15,drive,16.12,front,LIDAR_ONLY
0,117.9852,t2688,LIDAR_ONLY,10.5891,10.5891,15.4758,4.8868,4.8868,31.5767,31.5767,0,0,12.79,1.15,cautious,-4.52,front,LIDAR_ONLY
0,117.9852,t2688,LIDAR_ONLY,10.5041,10.5041,15.4758,4.9717,4.9717,32.1256,32.1256,0,0,12.79,1.15,cautious,3.73,front,LIDAR_ONLY
0,117.9852,t2687,LIDAR_ONLY,20.5939,20.5939,15.4758,5.1180,5.1180,33.0712,33.0712,0,0,12.79,1.15,drive,20.24,front,LIDAR_ONLY
0,118.0494,cam_2,CAM_ONLY,19.8384,,15.4758,4.3625,,28.1892,,0,,18.60,1.11,warning,,,CAMERA_ONLY
0,118.1140,cam_2,CAM_ONLY,19.3646,,15.4758,3.8887,,25.1277,,0,,12.32,0.79,warning,,,CAMERA_ONLY
0,118.1781,cam_2,CAM_ONLY,19.4431,,15.4758,3.9673,,25.6352,,0,,12.54,1.35,warning,,,CAMERA_ONLY
0,118.2344,t2692,BOTH,19.3253,10.5589,15.4758,3.8495,4.9170,24.8740,31.7720,0,0,9.15,0.80,warning,,,FULL_ANGLE
0,118.2344,t2692,LIDAR_ONLY,10.6021,10.6021,15.4758,4.8738,4.8738,31.4929,31.4929,0,0,9.15,0.80,cautious,6.98,front,LIDAR_ONLY
0,118.3020,cam_2,CAM_ONLY,19.7558,,15.4758,4.2799,,27.6557,,0,,21.83,2.23,warning,,,CAMERA_ONLY
0,118.3667,cam_2,CAM_ONLY,19.7533,,15.4758,4.2774,,27.6395,,0,,18.52,1.14,warning,,,CAMERA_ONLY
0,118.4184,cam_2,CAM_ONLY,19.7476,,15.4758,4.2718,,27.6029,,0,,12.58,1.05,warning,,,CAMERA_ONLY
0,118.4812,t2701,BOTH,19.4514,10.4945,15.4758,3.9756,4.9814,25.6891,32.1880,0,0,11.60,0.86,warning,,,FULL_ANGLE
0,118.4812,t2701,LIDAR_ONLY,10.5322,10.5322,15.4758,4.9437,4.9437,31.9445,31.9445,0,0,11.60,0.86,cautious,3.37,front,LIDAR_ONLY
0,118.5401,cam_2,CAM_ONLY,19.4068,,15.4758,3.9309,,25.4005,,0,,14.62,1.00,warning,,,CAMERA_ONLY
0,118.6012,cam_2,CAM_ONLY,19.9686,,15.4758,4.4927,,29.0306,,0,,12.63,1.23,warning,,,CAMERA_ONLY
0,118.6673,cam_2,CAM_ONLY,19.4780,,15.4758,4.0022,,25.8610,,0,,13.68,0.99,warning,,,CAMERA_ONLY
0,118.7415,t2713,BOTH,19.4507,10.4994,15.4758,3.9748,4.9764,25.6842,32.1559,0,0,23.12,2.84,warning,,,FULL_ANGLE
0,118.7415,t2711,LIDAR_ONLY,12.9403,12.9403,15.4758,2.5356,2.5356,16.3841,16.3841,0,0,23.12,2.84,cautious,24.36,front,LIDAR_ONLY
0,118.7415,t2711,LIDAR_ONLY,11.7329,11.7329,15.4758,3.7429,3.7429,24.1856,24.1856,0,0,23.12,2.84,cautious,28.47,front,LIDAR_ONLY
0,118.7415,t2712,LIDAR_ONLY,24.5684,24.5684,15.4758,9.0925,9.0925,58.7531,58.7531,0,0,23.12,2.84,drive,16.13,front,LIDAR_ONLY
0,118.7415,t2712,LIDAR_ONLY,20.5659,20.5659,15.4758,5.0901,5.0901,32.8906,32.8906,0,0,23.12,2.84,drive,20.25,front,LIDAR_ONLY
0,118.7415,t2713,LIDAR_ONLY,10.5858,10.5858,15.4758,4.8900,4.8900,31.5976,31.5976,0,0,23.12,2.84,cautious,-4.43,front,LIDAR_ONLY
0,118.7415,t2713,LIDAR_ONLY,10.4899,10.4899,15.4758,4.9859,4.9859,32.2176,32.2176,0,0,23.12,2.84,cautious,3.79,front,LIDAR_ONLY
0,118.8076,cam_2,CAM_ONLY,20.0097,,15.4758,4.5339,,29.2966,,0,,14.39,1.34,safe,,,CAMERA_ONLY
0,118.8680,cam_2,CAM_ONLY,19.8549,,15.4771,4.3778,,28.2857,,0,,14.45,0.97,warning,,,CAMERA_ONLY
0,118.9295,cam_2,CAM_ONLY,19.8622,,15.4768,4.3853,,28.3349,,0,,15.37,0.80,warning,,,CAMERA_ONLY
0,119.0036,cam_2,CAM_ONLY,19.3678,,15.4768,3.8910,,25.1409,,0,,18.53,1.55,warning,,,CAMERA_ONLY
0,119.0624,cam_2,CAM_ONLY,19.7473,,15.4768,4.2704,,27.5925,,0,,10.22,0.93,warning,,,CAMERA_ONLY
0,119.1224,cam_2,CAM_ONLY,19.6923,,15.4768,4.2154,,27.2371,,0,,12.14,1.04,warning,,,CAMERA_ONLY
0,119.1855,t2719,BOTH,19.3349,10.4971,15.4768,3.8581,4.9798,24.9281,32.1757,0,0,12.86,0.85,warning,,,FULL_ANGLE
0,119.1855,t2719,LIDAR_ONLY,10.4370,10.4370,15.4768,5.0398,5.0398,32.5634,32.5634,0,0,12.86,0.85,cautious,6.42,front,LIDAR_ONLY
0,119.1855,t2719,LIDAR_ONLY,10.4391,10.4391,15.4768,5.0378,5.0378,32.5504,32.5504,0,0,12.86,0.85,cautious,-2.09,front,LIDAR_ONLY
0,119.2464,cam_2,CAM_ONLY,19.8350,,15.4768,4.3582,,28.1592,,0,,15.39,1.13,warning,,,CAMERA_ONLY
0,119.3139,cam_2,CAM_ONLY,19.4081,,15.4768,3.9312,,25.4007,,0,,16.85,0.84,warning,,,CAMERA_ONLY
0,119.3753,cam_2,CAM_ONLY,19.4416,,15.4768,3.9648,,25.6176,,0,,13.51,0.98,warning,,,CAMERA_ONLY
0,119.4563,cam_2,CAM_ONLY,19.4031,,15.4768,3.9263,,25.3690,,0,,23.50,2.41,warning,,,CAMERA_ONLY
0,119.5255,cam_2,CAM_ONLY,19.3572,,15.4768,3.8803,,25.0719,,0,,11.64,1.07,warning,,,CAMERA_ONLY
0,119.5870,t2729,BOTH,19.3808,10.4784,15.4768,3.9040,4.9984,25.2245,32.2962,0,0,15.12,1.12,warning,,,FULL_ANGLE
0,119.5870,t2728,LIDAR_ONLY,10.3374,10.3374,15.4768,5.1394,5.1394,33.2070,33.2070,0,0,15.12,1.12,cautious,29.37,front,LIDAR_ONLY
0,119.5870,t2728,LIDAR_ONLY,10.6644,10.6644,15.4768,4.8124,4.8124,31.0944,31.0944,0,0,15.12,1.12,cautious,25.30,front,LIDAR_ONLY
0,119.5870,t2728,LIDAR_ONLY,11.2652,11.2652,15.4768,4.2116,4.2116,27.2123,27.2123,0,0,15.12,1.12,cautious,21.22,front,LIDAR_ONLY
0,119.5870,t2729,LIDAR_ONLY,10.6652,10.6652,15.4768,4.8117,4.8117,31.0895,31.0895,0,0,15.12,1.12,cautious,-3.21,front,LIDAR_ONLY
0,119.5870,t2729,LIDAR_ONLY,10.4710,10.4710,15.4768,5.0059,5.0059,32.3443,32.3443,0,0,15.12,1.12,cautious,4.93,front,LIDAR_ONLY
0,119.6457,t2729,BOTH,19.2547,10.4805,15.4768,3.7779,4.9964,24.4100,32.2829,0,0,14.11,1.25,warning,,,FULL_ANGLE
0,119.6457,t2728,LIDAR_ONLY,11.6924,11.6924,15.4768,3.7844,3.7844,24.4523,24.4523,0,0,14.11,1.25,cautious,24.66,front,LIDAR_ONLY
0,119.6457,t2728,LIDAR_ONLY,12.4890,12.4890,15.4768,2.9878,2.9878,19.3049,19.3049,0,0,14.11,1.25,cautious,16.46,front,LIDAR_ONLY
0,119.6457,t2731,LIDAR_ONLY,10.5972,10.5972,15.4768,4.8796,4.8796,31.5284,31.5284,0,0,14.11,1.25,cautious,28.75,front,LIDAR_ONLY
0,119.6457,t2728,LIDAR_ONLY,13.3807,13.3807,15.4768,2.0961,2.0961,13.5434,13.5434,0,0,14.11,1.25,cautious,20.56,front,LIDAR_ONLY
0,119.6457,t2729,LIDAR_ONLY,10.4792,10.4792,15.4768,4.9976,4.9976,32.2908,32.2908,0,0,14.11,1.25,cautious,4.17,front,LIDAR_ONLY
0,119.7072,cam_2,CAM_ONLY,19.2978,,15.4768,3.8210,,24.6883,,0,,16.85,1.24,warning,,,CAMERA_ONLY
0,119.7802,cam_2,CAM_ONLY,19.7620,,15.4768,4.2852,,27.6878,,0,,17.81,0.77,warning,,,CAMERA_ONLY
0,119.8512,cam_2,CAM_ONLY,19.7866,,15.4768,4.3097,,27.8465,,0,,15.63,0.98,warning,,,CAMERA_ONLY
0,119.9094,cam_2,CAM_ONLY,19.8607,,15.4768,4.3838,,28.3252,,0,,14.86,0.85,warning,,,CAMERA_ONLY
0,119.9733,cam_2,CAM_ONLY,19.3911,,15.4768,3.9143,,25.2912,,0,,14.88,1.09,warning,,,CAMERA_ONLY
0,120.0367,cam_2,CAM_ONLY,19.7990,,15.4768,4.3221,,27.9265,,0,,14.68,1.19,warning,,,CAMERA_ONLY
0,120.0367,t2742,LIDAR_ONLY,14.3070,14.3070,15.4768,1.1698,1.1698,7.5585,7.5585,0,0,14.68,1.19,cautious,22.51,front,LIDAR_ONLY
0,120.0367,t2742,LIDAR_ONLY,13.3982,13.3982,15.4768,2.0786,2.0786,13.4303,13.4303,0,0,14.68,1.19,cautious,26.63,front,LIDAR_ONLY
0,120.0943,cam_2,CAM_ONLY,19.3878,,15.4768,3.9110,,25.2699,,0,,13.66,1.02,warning,,,CAMERA_ONLY
0,120.1660,cam_2,CAM_ONLY,19.4886,,15.4768,4.0118,,25.9211,,0,,19.10,1.52,warning,,,CAMERA_ONLY
0,120.2376,t2742,BOTH,19.3210,14.3911,15.4768,3.8442,1.0857,24.8382,7.0151,0,0,16.61,1.19,warning,,,FULL_ANGLE
0,120.2376,t2742,LIDAR_ONLY,13.7501,13.7501,15.4768,1.7267,1.7267,11.1570,11.1570,0,0,16.61,1.19,cautious,20.44,front,LIDAR_ONLY
0,120.2376,t2742,LIDAR_ONLY,13.8372,13.8372,15.4768,1.6396,1.6396,10.5938,10.5938,0,0,16.61,1.19,cautious,24.69,front,LIDAR_ONLY
0,120.2376,t2745,LIDAR_ONLY,10.5130,10.5130,15.4768,4.9638,4.9638,32.0727,32.0727,0,0,16.61,1.19,cautious,28.95,front,LIDAR_ONLY
0,120.3073,cam_2,CAM_ONLY,19.3231,,15.4768,3.8463,,24.8518,,0,,14.85,1.25,warning,,,CAMERA_ONLY
0,120.3672,cam_2,CAM_ONLY,19.2905,,15.4768,3.8136,,24.6409,,0,,15.47,1.40,warning,,,CAMERA_ONLY
0,120.4383,t2749,BOTH,19.7023,10.6553,15.4768,4.2255,4.8216,27.3020,31.1534,0,0,14.77,0.91,warning,,,FULL_ANGLE
0,120.4383,t2742,LIDAR_ONLY,15.1490,15.1490,15.4768,0.3278,0.3278,2.1181,2.1181,1,1,14.77,0.91,cautious,18.10,front,LIDAR_ONLY
0,120.4383,t2745,LIDAR_ONLY,10.6494,10.6494,15.4768,4.8274,4.8274,31.1915,31.1915,0,0,14.77,0.91,cautious,26.53,front,LIDAR_ONLY
0,120.4383,t2749,LIDAR_ONLY,10.5100,10.5100,15.4768,4.9668,4.9668,32.0920,32.0920,0,0,14.77,0.91,cautious,5.47,front,LIDAR_ONLY
0,120.4981,cam_2,CAM_ONLY,19.3705,,15.4768,3.8937,,25.1584,,0,,13.65,1.03,warning,,,CAMERA_ONLY
0,120.5632,cam_2,CAM_ONLY,19.2615,,15.4768,3.7847,,24.4538,,0,,15.57,0.89,warning,,,CAMERA_ONLY
0,120.6300,t2749,BOTH,19.2129,10.4672,15.4768,3.7361,5.0097,24.1398,32.3688,0,0,12.47,0.83,warning,,,FULL_ANGLE
0,120.6910,cam_2,CAM_ONLY,19.3259,,15.4768,3.8491,,24.8700,,0,,10.74,1.07,warning,,,CAMERA_ONLY
0,120.6910,t2754,LIDAR_ONLY,10.9581,10.9581,15.4768,4.5187,4.5187,29.1968,29.1968,0,0,10.74,1.07,cautious,27.93,front,LIDAR_ONLY
0,120.6910,t2754,LIDAR_ONLY,11.2413,11.2413,15.4768,4.2355,4.2355,27.3667,27.3667,0,0,10.74,1.07,cautious,23.78,front,LIDAR_ONLY
0,120.7522,cam_2,CAM_ONLY,19.7381,,15.4768,4.2613,,27.5332,,0,,14.14,1.18,warning,,,CAMERA_ONLY
0,120.8143,cam_2,CAM_ONLY,19.7421,,15.4768,4.2653,,27.5592,,0,,14.04,0.86,warning,,,CAMERA_ONLY
0,120.8869,t2760,BOTH,19.7319,10.4967,15.4768,4.2550,4.9801,27.4930,32.1780,0,0,12.46,1.24,warning,,,FULL_ANGLE
0,120.8869,t2754,LIDAR_ONLY,11.3560,11.3560,15.4768,4.1208,4.1208,26.6257,26.6257,0,0,12.46,1.24,cautious,28.29,front,LIDAR_ONLY
0,120.8869,t2759,LIDAR_ONLY,24.3091,24.3091,15.4768,8.8323,8.8323,57.0676,57.0676,0,0,12.46,1.24,drive,16.22,front,LIDAR_ONLY
0,120.8869,t2754,LIDAR_ONLY,11.5048,11.5048,15.4768,3.9721,3.9721,25.6645,25.6645,0,0,12.46,1.24,cautious,24.27,front,LIDAR_ONLY
0,120.8869,t2760,LIDAR_ONLY,10.5670,10.5670,15.4768,4.9098,4.9098,31.7239,31.7239,0,0,12.46,1.24,cautious,-3.88,front,LIDAR_ONLY
0,120.8869,t2760,LIDAR_ONLY,10.4832,10.4832,15.4768,4.9936,4.9936,32.2651,32.2651,0,0,12.46,1.24,cautious,4.16,front,LIDAR_ONLY
0,120.8869,t2754,LIDAR_ONLY,11.8089,11.8089,15.4768,3.6679,3.6679,23.6995,23.6995,0,0,12.46,1.24,cautious,20.25,front,LIDAR_ONLY
0,120.9500,cam_2,CAM_ONLY,19.3811,,15.4768,3.9043,,25.2268,,0,,15.87,1.14,warning,,,CAMERA_ONLY
0,121.0110,cam_2,CAM_ONLY,19.4225,,15.4768,3.9457,,25.4941,,0,,10.87,0.82,warning,,,CAMERA_ONLY
0,121.0791,cam_2,CAM_ONLY,19.4376,,15.4768,3.9608,,25.5920,,0,,19.84,2.00,warning,,,CAMERA_ONLY
0,121.1527,cam_2,CAM_ONLY,19.4601,,15.4768,3.9832,,25.7369,,0,,12.10,2.46,warning,,,CAMERA_ONLY
0,121.2164,cam_2,CAM_ONLY,19.3512,,15.4768,3.8744,,25.0334,,0,,16.92,1.05,warning,,,CAMERA_ONLY
0,121.2731,cam_2,CAM_ONLY,19.4803,,15.4768,4.0035,,25.8677,,0,,12.18,0.97,warning,,,CAMERA_ONLY
0,121.3335,t2766,BOTH,19.5251,10.5041,15.4768,4.0483,4.9728,26.1569,32.1304,0,0,11.34,0.86,warning,,,FULL_ANGLE
0,121.3335,t2765,LIDAR_ONLY,25.8839,25.8839,15.4768,10.4071,10.4071,67.2433,67.2433,0,0,11.34,0.86,drive,15.70,front,LIDAR_ONLY
0,121.3335,t2766,LIDAR_ONLY,10.6080,10.6080,15.4768,4.8688,4.8688,31.4587,31.4587,0,0,11.34,0.86,cautious,-4.98,front,LIDAR_ONLY
0,121.3963,cam_2,CAM_ONLY,19.3014,,15.4768,3.8245,,24.7114,,0,,15.63,1.00,warning,,,CAMERA_ONLY
0,121.4531,cam_2,CAM_ONLY,19.7964,,15.4768,4.3195,,27.9097,,0,,10.82,1.13,warning,,,CAMERA_ONLY
0,121.5116,cam_2,CAM_ONLY,19.3730,,15.4768,3.8962,,25.1746,,0,,15.93,0.77,warning,,,CAMERA_ONLY
0,121.5746,cam_2,CAM_ONLY,19.7687,,15.4768,4.2919,,27.7311,,0,,13.44,1.30,warning,,,CAMERA_ONLY
0,121.6316,t2773,BOTH,19.4439,10.5397,15.4768,3.9670,4.9371,25.6322,31.9000,0,0,14.19,1.43,warning,,,FULL_ANGLE
0,121.6316,t2773,LIDAR_ONLY,10.4867,10.4867,15.4768,4.9901,4.9901,32.2423,32.2423,0,0,14.19,1.43,cautious,4.31,front,LIDAR_ONLY
0,121.6935,cam_2,CAM_ONLY,19.4476,,15.4768,3.9708,,25.6562,,0,,16.39,1.18,warning,,,CAMERA_ONLY
0,121.6935,t2777,LIDAR_ONLY,12.7473,12.7473,15.4768,2.7295,2.7295,17.6362,17.6362,0,0,16.39,1.18,cautious,24.66,front,LIDAR_ONLY
0,121.6935,t2777,LIDAR_ONLY,11.9077,11.9077,15.4768,3.5691,3.5691,23.0609,23.0609,0,0,16.39,1.18,cautious,28.91,front,LIDAR_ONLY
0,121.7539,cam_2,CAM_ONLY,19.2869,,15.4768,3.8101,,24.6181,,0,,15.61,1.12,warning,,,CAMERA_ONLY
0,121.8091,cam_2,CAM_ONLY,19.7371,,15.4768,4.2603,,27.5269,,0,,12.78,0.99,warning,,,CAMERA_ONLY
0,121.8716,cam_2,CAM_ONLY,19.6774,,15.4768,4.2005,,27.1409,,0,,13.00,0.85,warning,,,CAMERA_ONLY
0,121.9323,t2782,BOTH,19.3749,10.4138,15.4768,3.8981,5.0631,25.1868,32.7139,0,0,13.56,0.86,warning,,,FULL_ANGLE
0,121.9323,t2782,LIDAR_ONLY,10.3911,10.3911,15.4768,5.0857,5.0857,32.8600,32.8600,0,0,13.56,0.86,cautious,6.36,front,LIDAR_ONLY
0,121.9323,t2782,LIDAR_ONLY,10.3980,10.3980,15.4768,5.0788,5.0788,32.8157,32.8157,0,0,13.56,0.86,cautious,-1.96,front,LIDAR_ONLY
0,122.0091,cam_2,CAM_ONLY,19.3401,,15.4768,3.8633,,24.9616,,0,,22.39,1.24,warning,,,CAMERA_ONLY
0,122.0772,cam_2,CAM_ONLY,19.7336,,15.4768,4.2568,,27.5043,,0,,17.26,0.91,warning,,,CAMERA_ONLY
0,122.1311,t2782,BOTH,19.7389,10.4044,15.4768,4.2621,5.0724,27.5383,32.7744,0,0,10.77,0.82,warning,,,FULL_ANGLE
0,122.1881,t2782,BOTH,19.4614,10.4318,15.4768,3.9846,5.0450,25.7454,32.5974,0,0,9.74,0.92,warning,,,FULL_ANGLE
0,122.1881,t2782,LIDAR_ONLY,10.4141,10.4141,15.4768,5.0627,5.0627,32.7113,32.7113,0,0,9.74,0.92,cautious,-4.31,front,LIDAR_ONLY
0,122.1881,t2782,LIDAR_ONLY,10.4518,10.4518,15.4768,5.0251,5.0251,32.4683,32.4683,0,0,9.74,0.92,cautious,3.92,front,LIDAR_ONLY
0,122.2443,cam_2,CAM_ONLY,19.4014,,15.4768,3.9246,,25.3579,,0,,13.20,1.02,warning,,,CAMERA_ONLY
0,122.3283,cam_2,CAM_ONLY,19.3510,,15.4768,3.8742,,25.0322,,0,,28.03,2.24,warning,,,CAMERA_ONLY
0,122.3813,cam_2,CAM_ONLY,19.7183,,15.4768,4.2415,,27.4053,,0,,11.07,0.72,warning,,,CAMERA_ONLY
0,122.4458,cam_2,CAM_ONLY,19.6901,,15.4768,4.2133,,27.2231,,0,,12.93,1.12,warning,,,CAMERA_ONLY
0,122.5150,cam_2,CAM_ONLY,19.2330,,15.4768,3.7562,,24.2698,,0,,17.98,1.00,warning,,,CAMERA_ONLY
0,122.5740,cam_2,CAM_ONLY,19.2458,,15.4768,3.7690,,24.3525,,0,,15.87,1.05,warning,,,CAMERA_ONLY
0,122.6337,cam_2,CAM_ONLY,19.8595,,15.4768,4.3827,,28.3177,,0,,18.22,0.88,warning,,,CAMERA_ONLY
0,122.6930,cam_2,CAM_ONLY,19.4747,,15.4768,3.9979,,25.8315,,0,,13.74,1.09,warning,,,CAMERA_ONLY
0,122.7623,cam_2,CAM_ONLY,19.4165,,15.4768,3.9397,,25.4554,,0,,17.46,0.93,warning,,,CAMERA_ONLY
0,122.8250,cam_2,CAM_ONLY,19.4660,,15.4768,3.9892,,25.7751,,0,,12.63,1.10,warning,,,CAMERA_ONLY
0,122.8872,t2801,BOTH,19.2712,10.5085,15.4768,3.7943,4.9683,24.5163,32.1016,0,0,13.03,1.26,warning,,,FULL_ANGLE
0,122.8872,t2800,LIDAR_ONLY,17.9969,17.9969,15.4768,2.5201,2.5201,16.2829,16.2829,0,0,13.03,1.26,drive,19.25,front,LIDAR_ONLY
0,122.8872,t2800,LIDAR_ONLY,14.0141,14.0141,15.4768,1.4627,1.4627,9.4508,9.4508,0,0,13.03,1.26,cautious,27.36,front,LIDAR_ONLY
0,122.8872,t2801,LIDAR_ONLY,10.5692,10.5692,15.4768,4.9077,4.9077,31.7098,31.7098,0,0,13.03,1.26,cautious,-1.02,front,LIDAR_ONLY
0,122.8872,t2800,LIDAR_ONLY,13.9473,13.9473,15.4768,1.5295,1.5295,9.8826,9.8826,0,0,13.03,1.26,cautious,23.31,front,LIDAR_ONLY
0,122.9453,cam_2,CAM_ONLY,19.3419,,15.4768,3.8651,,24.9735,,0,,10.98,0.97,warning,,,CAMERA_ONLY
0,123.0083,cam_2,CAM_ONLY,19.7575,,15.4768,4.2806,,27.6584,,0,,14.52,1.13,warning,,,CAMERA_ONLY
0,123.0657,cam_2,CAM_ONLY,19.7067,,15.4768,4.2299,,27.3305,,0,,12.49,0.84,warning,,,CAMERA_ONLY
0,123.1217,cam_2,CAM_ONLY,19.4726,,15.4768,3.9958,,25.8180,,0,,11.45,1.26,warning,,,CAMERA_ONLY
0,123.1827,cam_2,CAM_ONLY,19.4583,,15.4768,3.9815,,25.7253,,0,,12.05,0.74,warning,,,CAMERA_ONLY
0,123.2410,cam_2,CAM_ONLY,19.3690,,15.4768,3.8921,,25.1481,,0,,12.26,1.16,warning,,,CAMERA_ONLY
0,123.2410,t2810,LIDAR_ONLY,10.3487,10.3487,15.4768,5.1281,5.1281,33.1340,33.1340,0,0,12.26,1.16,cautious,29.34,front,LIDAR_ONLY
0,123.2410,t2810,LIDAR_ONLY,10.6239,10.6239,15.4768,4.8529,4.8529,31.3558,31.3558,0,0,12.26,1.16,cautious,25.29,front,LIDAR_ONLY
0,123.2410,t2810,LIDAR_ONLY,11.0469,11.0469,15.4768,4.4299,4.4299,28.6227,28.6227,0,0,12.26,1.16,cautious,21.24,front,LIDAR_ONLY
0,123.3024,cam_2,CAM_ONLY,19.3531,,15.4768,3.8762,,25.0455,,0,,12.66,1.21,warning,,,CAMERA_ONLY
0,123.3587,cam_2,CAM_ONLY,19.7250,,15.4768,4.2482,,27.4489,,0,,10.16,1.18,warning,,,CAMERA_ONLY
0,123.4219,cam_2,CAM_ONLY,19.7847,,15.4768,4.3079,,27.8345,,0,,16.91,0.91,warning,,,CAMERA_ONLY
0,123.4819,cam_2,CAM_ONLY,19.3932,,15.4768,3.9164,,25.3049,,0,,16.55,1.52,warning,,,CAMERA_ONLY
0,123.5479,cam_2,CAM_ONLY,19.7706,,15.4768,4.2938,,27.7433,,0,,13.36,1.01,warning,,,CAMERA_ONLY
0,123.6076,cam_2,CAM_ONLY,19.4187,,15.4768,3.9419,,25.4697,,0,,12.03,1.06,warning,,,CAMERA_ONLY
0,123.7085,cam_2,CAM_ONLY,19.2843,,15.4768,3.8075,,24.6011,,0,,19.03,1.12,warning,,,CAMERA_ONLY
0,123.7677,cam_2,CAM_ONLY,19.3434,,15.4768,3.8665,,24.9828,,0,,13.00,0.89,warning,,,CAMERA_ONLY
0,123.8254,cam_2,CAM_ONLY,19.4052,,15.4768,3.9284,,25.3823,,0,,11.74,0.99,warning,,,CAMERA_ONLY
0,123.8900,t2827,BOTH,19.3934,10.4511,15.4768,3.9166,5.0257,25.3062,32.4723,0,0,15.22,1.13,warning,,,FULL_ANGLE
0,123.8900,t2826,LIDAR_ONLY,14.2512,14.2512,15.4768,1.2256,1.2256,7.9189,7.9189,0,0,15.22,1.13,cautious,22.57,front,LIDAR_ONLY
0,123.8900,t2826,LIDAR_ONLY,12.9093,12.9093,15.4768,2.5675,2.5675,16.5894,16.5894,0,0,15.22,1.13,cautious,26.66,front,LIDAR_ONLY
0,123.8900,t2826,LIDAR_ONLY,13.4239,13.4239,15.4768,2.0529,2.0529,13.2643,13.2643,0,0,15.22,1.13,cautious,18.49,front,LIDAR_ONLY
0,123.8900,t2827,LIDAR_ONLY,10.4442,10.4442,15.4768,5.0327,5.0327,32.5173,32.5173,0,0,15.22,1.13,cautious,6.22,front,LIDAR_ONLY
0,123.9568,cam_2,CAM_ONLY,19.2909,,15.4768,3.8141,,24.6438,,0,,16.76,1.76,warning,,,CAMERA_ONLY
0,124.0184,cam_2,CAM_ONLY,19.7711,,15.4768,4.2943,,27.7466,,0,,17.02,0.94,warning,,,CAMERA_ONLY
0,124.0796,cam_2,CAM_ONLY,19.7189,,15.4768,4.2421,,27.4091,,0,,13.81,0.73,warning,,,CAMERA_ONLY
0,124.1447,t2835,BOTH,19.6971,10.3862,15.4768,4.2202,5.0906,27.2681,32.8919,0,0,16.13,1.98,warning,,,FULL_ANGLE
0,124.1447,t2834,LIDAR_ONLY,10.6199,10.6199,15.4768,4.8569,4.8569,31.3817,31.3817,0,0,16.13,1.98,cautious,28.70,front,LIDAR_ONLY
0,124.1447,t2834,LIDAR_ONLY,10.8476,10.8476,15.4768,4.6292,4.6292,29.9104,29.9104,0,0,16.13,1.98,cautious,24.69,front,LIDAR_ONLY
0,124.1447,t2834,LIDAR_ONLY,11.3751,11.3751,15.4768,4.1017,4.1017,26.5024,26.5024,0,0,16.13,1.98,cautious,20.68,front,LIDAR_ONLY
0,124.2025,cam_2,CAM_ONLY,19.3236,,15.4768,3.8467,,24.8549,,0,,11.51,1.13,warning,,,CAMERA_ONLY
0,124.2588,cam_2,CAM_ONLY,19.4740,,15.4768,3.9971,,25.8265,,0,,12.04,0.75,warning,,,CAMERA_ONLY
0,124.3164,cam_2,CAM_ONLY,19.3117,,15.4768,3.8348,,24.7779,,0,,14.46,0.82,warning,,,CAMERA_ONLY
0,124.3846,t2841,BOTH,19.3086,10.5331,15.4768,3.8318,4.9437,24.7581,31.9429,0,0,14.89,1.02,warning,,,FULL_ANGLE
0,124.3846,t2840,LIDAR_ONLY,11.8255,11.8255,15.4768,3.6513,3.6513,23.5923,23.5923,0,0,14.89,1.02,cautious,26.21,front,LIDAR_ONLY
0,124.3846,t2840,LIDAR_ONLY,12.3576,12.3576,15.4768,3.1192,3.1192,20.1543,20.1543,0,0,14.89,1.02,cautious,22.07,front,LIDAR_ONLY
0,124.3846,t2841,LIDAR_ONLY,10.4612,10.4612,15.4768,5.0156,5.0156,32.4073,32.4073,0,0,14.89,1.02,cautious,5.50,front,LIDAR_ONLY
0,124.3846,t2841,LIDAR_ONLY,10.4777,10.4777,15.4768,4.9991,4.9991,32.3009,32.3009,0,0,14.89,1.02,cautious,-2.79,front,LIDAR_ONLY
0,124.3846,t2840,LIDAR_ONLY,13.2746,13.2746,15.4768,2.2022,2.2022,14.2289,14.2289,0,0,14.89,1.02,cautious,17.92,front,LIDAR_ONLY
0,124.4529,cam_2,CAM_ONLY,19.4492,,15.4768,3.9723,,25.6664,,0,,12.17,1.21,warning,,,CAMERA_ONLY
0,124.5134,cam_2,CAM_ONLY,19.2446,,15.4768,3.7678,,24.3446,,0,,12.17,0.79,warning,,,CAMERA_ONLY
0,124.5841,t2841,BOTH,19.2301,10.4978,15.4768,3.7532,4.9790,24.2506,32.1705,0,0,14.38,1.03,warning,,,FULL_ANGLE
0,124.5841,t2841,LIDAR_ONLY,10.5025,10.5025,15.4768,4.9743,4.9743,32.1402,32.1402,0,0,14.38,1.03,cautious,5.79,front,LIDAR_ONLY
0,124.6385,t2841,BOTH,19.6624,10.4906,15.4768,4.1856,4.9862,27.0442,32.2172,0,0,10.01,1.13,warning,,,FULL_ANGLE
0,124.6385,t2846,LIDAR_ONLY,14.7770,14.7770,15.4768,0.6998,0.6998,4.5217,4.5217,1,1,10.01,1.13,cautious,21.95,front,LIDAR_ONLY
0,124.6385,t2846,LIDAR_ONLY,13.5150,13.5150,15.4768,1.9618,1.9618,12.6760,12.6760,0,0,10.01,1.13,cautious,25.98,front,LIDAR_ONLY
0,124.6385,t2846,LIDAR_ONLY,14.1370,14.1370,15.4768,1.3399,1.3399,8.6572,8.6572,0,0,10.01,1.13,cautious,17.93,front,LIDAR_ONLY
0,124.6385,t2841,LIDAR_ONLY,10.5105,10.5105,15.4768,4.9663,4.9663,32.0887,32.0887,0,0,10.01,1.13,cautious,-2.20,front,LIDAR_ONLY
0,124.6385,t2841,LIDAR_ONLY,10.5137,10.5137,15.4768,4.9631,4.9631,32.0679,32.0679,0,0,10.01,1.13,cautious,5.85,front,LIDAR_ONLY
0,124.6945,cam_2,CAM_ONLY,19.2809,,15.4768,3.8041,,24.5793,,0,,10.38,0.95,warning,,,CAMERA_ONLY
0,124.7445,cam_2,CAM_ONLY,19.3941,,15.4768,3.9172,,25.3104,,0,,10.02,1.12,warning,,,CAMERA_ONLY
0,124.8028,cam_2,CAM_ONLY,19.2140,,15.4768,3.7372,,24.1471,,0,,12.55,1.24,warning,,,CAMERA_ONLY
0,124.8627,cam_2,CAM_ONLY,19.7346,,15.4768,4.2578,,27.5105,,0,,13.32,0.80,warning,,,CAMERA_ONLY
0,124.9382,cam_2,CAM_ONLY,19.6565,,15.4768,4.1797,,27.0061,,0,,20.97,2.25,warning,,,CAMERA_ONLY
0,124.9985,cam_2,CAM_ONLY,19.7425,,15.4768,4.2657,,27.5619,,0,,13.64,1.30,warning,,,CAMERA_ONLY
0,125.0743,cam_2,CAM_ONLY,19.2247,,15.4768,3.7479,,24.2161,,0,,19.82,0.97,warning,,,CAMERA_ONLY
0,125.1404,cam_2,CAM_ONLY,19.6599,,15.4768,4.1831,,27.0283,,0,,17.03,1.28,warning,,,CAMERA_ONLY
0,125.1404,t2858,LIDAR_ONLY,19.9092,19.9092,15.4768,4.4324,4.4324,28.6387,28.6387,0,0,17.03,1.28,drive,18.13,front,LIDAR_ONLY
0,125.1404,t2858,LIDAR_ONLY,17.4860,17.4860,15.4768,2.0091,2.0091,12.9816,12.9816,0,0,17.03,1.28,drive,22.30,front,LIDAR_ONLY
0,125.1404,t2858,LIDAR_ONLY,15.6837,15.6837,15.4768,0.2069,0.2069,1.3367,1.3367,1,1,17.03,1.28,drive,26.46,front,LIDAR_ONLY
0,125.2081,cam_2,CAM_ONLY,19.2840,,15.4768,3.8072,,24.5991,,0,,17.53,1.07,warning,,,CAMERA_ONLY
0,125.2705,cam_2,CAM_ONLY,19.4251,,15.4768,3.9483,,25.5112,,0,,13.74,0.97,warning,,,CAMERA_ONLY
0,125.3268,t2861,BOTH,19.3425,10.5035,15.4768,3.8657,4.9733,24.9771,32.1341,0,0,11.88,0.80,warning,,,FULL_ANGLE
0,125.3268,t2861,LIDAR_ONLY,10.4087,10.4087,15.4768,5.0682,5.0682,32.7468,32.7468,0,0,11.88,0.80,cautious,6.15,front,LIDAR_ONLY
0,125.3953,cam_2,CAM_ONLY,19.4619,,15.4768,3.9851,,25.7487,,0,,12.95,1.03,warning,,,CAMERA_ONLY
0,125.4573,cam_2,CAM_ONLY,19.3894,,15.4768,3.9126,,25.2803,,0,,14.54,1.14,warning,,,CAMERA_ONLY
0,125.5097,cam_2,CAM_ONLY,19.2914,,15.4768,3.8146,,24.6472,,0,,11.65,0.97,warning,,,CAMERA_ONLY
0,125.5684,cam_2,CAM_ONLY,19.6986,,15.4768,4.2218,,27.2782,,0,,13.53,0.92,warning,,,CAMERA_ONLY
0,125.6199,cam_2,CAM_ONLY,19.3052,,15.4768,3.8284,,24.7365,,0,,10.43,1.05,warning,,,CAMERA_ONLY
0,125.6776,cam_2,CAM_ONLY,19.3509,,15.4768,3.8741,,25.0316,,0,,10.22,0.70,warning,,,CAMERA_ONLY
0,125.7380,t2873,BOTH,19.2136,10.7148,15.4768,3.7368,4.7620,24.1445,30.7687,0,0,18.21,1.16,warning,,,FULL_ANGLE
0,125.7380,t2871,LIDAR_ONLY,10.6055,10.6055,15.4768,4.8713,4.8713,31.4748,31.4748,0,0,18.21,1.16,cautious,28.73,front,LIDAR_ONLY
0,125.7380,t2872,LIDAR_ONLY,23.1203,23.1203,15.4768,7.6435,7.6435,49.3868,49.3868,0,0,18.21,1.16,drive,16.66,front,LIDAR_ONLY
0,125.7380,t2872,LIDAR_ONLY,18.6800,18.6800,15.4768,3.2032,3.2032,20.6969,20.6969,0,0,18.21,1.16,drive,20.69,front,LIDAR_ONLY
0,125.7380,t2872,LIDAR_ONLY,16.1033,16.1033,15.4768,0.6265,0.6265,4.0481,4.0481,1,1,18.21,1.16,drive,24.71,front,LIDAR_ONLY
0,125.7962,cam_2,CAM_ONLY,19.3327,,15.4768,3.8558,,24.9136,,0,,14.18,1.03,warning,,,CAMERA_ONLY
0,125.8567,cam_2,CAM_ONLY,19.6984,,15.4768,4.2216,,27.2768,,0,,14.87,1.26,warning,,,CAMERA_ONLY
0,125.9159,cam_2,CAM_ONLY,19.7279,,15.4768,4.2511,,27.4672,,0,,12.75,0.93,warning,,,CAMERA_ONLY
0,125.9760,cam_2,CAM_ONLY,19.7504,,15.4768,4.2736,,27.6129,,0,,12.59,0.88,warning,,,CAMERA_ONLY
0,126.0422,t2885,BOTH,19.7729,10.4497,15.4768,4.2961,5.0271,27.7582,32.4815,0,0,17.34,1.27,warning,,,FULL_ANGLE
0,126.0422,t2884,LIDAR_ONLY,11.0541,11.0541,15.4768,4.4227,4.4227,28.5763,28.5763,0,0,17.34,1.27,cautious,27.73,front,LIDAR_ONLY
0,126.0422,t2884,LIDAR_ONLY,11.3579,11.3579,15.4768,4.1189,4.1189,26.6136,26.6136,0,0,17.34,1.27,cautious,23.55,front,LIDAR_ONLY
0,126.0422,t2885,LIDAR_ONLY,10.4927,10.4927,15.4768,4.9842,4.9842,32.2040,32.2040,0,0,17.34,1.27,cautious,-1.51,front,LIDAR_ONLY
0,126.0422,t2885,LIDAR_ONLY,10.4450,10.4450,15.4768,5.0318,5.0318,32.5119,32.5119,0,0,17.34,1.27,cautious,6.84,front,LIDAR_ONLY
0,126.1083,cam_2,CAM_ONLY,19.8079,,15.4768,4.3311,,27.9846,,0,,19.68,1.03,warning,,,CAMERA_ONLY
0,126.1741,cam_2,CAM_ONLY,19.3158,,15.4768,3.8390,,24.8048,,0,,14.07,1.07,warning,,,CAMERA_ONLY
0,126.2362,cam_2,CAM_ONLY,19.4223,,15.4768,3.9455,,25.4927,,0,,13.00,0.90,warning,,,CAMERA_ONLY
0,126.2362,t2884,LIDAR_ONLY,11.4423,11.4423,15.4768,4.0345,4.0345,26.0682,26.0682,0,0,13.00,0.90,cautious,29.29,front,LIDAR_ONLY
0,126.2362,t2884,LIDAR_ONLY,11.6901,11.6901,15.4768,3.7867,3.7867,24.4670,24.4670,0,0,13.00,0.90,cautious,20.98,front,LIDAR_ONLY
0,126.2362,t2884,LIDAR_ONLY,11.8748,11.8748,15.4768,3.6020,3.6020,23.2736,23.2736,0,0,13.00,0.90,cautious,25.13,front,LIDAR_ONLY
0,126.2981,cam_2,CAM_ONLY,19.2780,,15.4768,3.8012,,24.5608,,0,,15.36,1.20,warning,,,CAMERA_ONLY
0,126.3508,cam_2,CAM_ONLY,19.7246,,15.4768,4.2478,,27.4459,,0,,9.99,1.12,warning,,,CAMERA_ONLY
0,126.4121,cam_2,CAM_ONLY,19.4052,,15.4768,3.9283,,25.3821,,0,,14.60,0.83,warning,,,CAMERA_ONLY
0,126.4648,cam_2,CAM_ONLY,19.3924,,15.4768,3.9156,,25.2997,,0,,10.12,0.78,warning,,,CAMERA_ONLY
0,126.5273,cam_2,CAM_ONLY,19.4463,,15.4768,3.9695,,25.6478,,0,,10.57,0.93,warning,,,CAMERA_ONLY
0,126.5879,t2900,BOTH,19.2581,10.4914,15.4768,3.7813,4.9854,24.4321,32.2119,0,0,18.44,1.91,warning,,,FULL_ANGLE
0,126.5879,t2898,LIDAR_ONLY,10.8823,10.8823,15.4768,4.5945,4.5945,29.6866,29.6866,0,0,18.44,1.91,cautious,28.09,front,LIDAR_ONLY
0,126.5879,t2899,LIDAR_ONLY,24.3249,24.3249,15.4768,8.8481,8.8481,57.1699,57.1699,0,0,18.44,1.91,drive,16.22,front,LIDAR_ONLY
0,126.5879,t2898,LIDAR_ONLY,11.2114,11.2114,15.4768,4.2654,4.2654,27.5601,27.5601,0,0,18.44,1.91,cautious,24.14,front,LIDAR_ONLY
0,126.5879,t2900,LIDAR_ONLY,10.6544,10.6544,15.4768,4.8224,4.8224,31.1591,31.1591,0,0,18.44,1.91,cautious,-3.57,front,LIDAR_ONLY
0,126.5879,t2900,LIDAR_ONLY,10.5115,10.5115,15.4768,4.9654,4.9654,32.0825,32.0825,0,0,18.44,1.91,cautious,4.34,front,LIDAR_ONLY
0,126.5879,t2898,LIDAR_ONLY,11.9069,11.9069,15.4768,3.5699,3.5699,23.0661,23.0661,0,0,18.44,1.91,cautious,20.18,front,LIDAR_ONLY
0,126.6506,cam_2,CAM_ONLY,19.3129,,15.4768,3.8360,,24.7857,,0,,13.33,1.18,warning,,,CAMERA_ONLY
0,126.7186,cam_2,CAM_ONLY,19.2223,,15.4768,3.7455,,24.2005,,0,,18.55,1.34,warning,,,CAMERA_ONLY
0,126.7788,cam_2,CAM_ONLY,19.2834,,15.4768,3.8066,,24.5954,,0,,14.01,0.85,warning,,,CAMERA_ONLY
0,126.8374,t2908,BOTH,19.7288,10.4015,15.4768,4.2520,5.0753,27.4733,32.7928,0,0,13.35,1.05,warning,,,FULL_ANGLE
0,126.8374,t2907,LIDAR_ONLY,17.7452,17.7452,15.4768,2.2684,2.2684,14.6565,14.6565,0,0,13.35,1.05,drive,19.42,front,LIDAR_ONLY
0,126.8374,t2907,LIDAR_ONLY,14.8728,14.8728,15.4768,0.6040,0.6040,3.9028,3.9028,1,1,13.35,1.05,cautious,27.59,front,LIDAR_ONLY
0,126.8374,t2907,LIDAR_ONLY,14.2545,14.2545,15.4768,1.2223,1.2223,7.8977,7.8977,0,0,13.35,1.05,cautious,23.50,front,LIDAR_ONLY
0,126.9030,cam_2,CAM_ONLY,19.7293,,15.4768,4.2524,,27.4762,,0,,11.15,1.18,warning,,,CAMERA_ONLY
0,126.9583,cam_2,CAM_ONLY,19.3514,,15.4768,3.8746,,25.0347,,0,,10.08,1.19,warning,,,CAMERA_ONLY
0,127.0234,cam_2,CAM_ONLY,19.4631,,15.4768,3.9863,,25.7563,,0,,18.33,0.82,warning,,,CAMERA_ONLY
0,127.0780,cam_2,CAM_ONLY,19.2532,,15.4768,3.7764,,24.4004,,0,,16.84,0.89,warning,,,CAMERA_ONLY
0,127.1313,cam_2,CAM_ONLY,19.2568,,15.4768,3.7800,,24.4235,,0,,11.12,0.71,warning,,,CAMERA_ONLY
0,127.1894,cam_2,CAM_ONLY,19.7134,,15.4768,4.2366,,27.3739,,0,,13.83,1.07,warning,,,CAMERA_ONLY
0,127.1894,t2918,LIDAR_ONLY,10.4435,10.4435,15.4768,5.0334,5.0334,32.5220,32.5220,0,0,13.83,1.07,cautious,29.12,front,LIDAR_ONLY
0,127.2461,cam_2,CAM_ONLY,19.2999,,15.4768,3.8231,,24.7019,,0,,11.29,0.97,warning,,,CAMERA_ONLY
0,127.3061,cam_2,CAM_ONLY,19.3184,,15.4768,3.8416,,24.8214,,0,,12.56,1.25,warning,,,CAMERA_ONLY
0,127.3842,cam_2,CAM_ONLY,19.4016,,15.4768,3.9248,,25.3591,,0,,24.55,1.51,warning,,,CAMERA_ONLY
0,127.4435,cam_2,CAM_ONLY,19.3441,,15.4768,3.8672,,24.9873,,0,,12.74,1.23,warning,,,CAMERA_ONLY
0,127.4435,t2925,LIDAR_ONLY,10.7412,10.7412,15.4768,4.7356,4.7356,30.5982,30.5982,0,0,12.74,1.23,cautious,28.41,front,LIDAR_ONLY
0,127.4435,t2925,LIDAR_ONLY,11.6278,11.6278,15.4768,3.8490,3.8490,24.8696,24.8696,0,0,12.74,1.23,cautious,20.15,front,LIDAR_ONLY
0,127.4435,t2925,LIDAR_ONLY,12.1998,12.1998,15.4768,3.2770,3.2770,21.1738,21.1738,0,0,12.74,1.23,cautious,24.28,front,LIDAR_ONLY
0,127.5049,cam_2,CAM_ONLY,19.2732,,15.4768,3.7964,,24.5296,,0,,17.71,0.86,warning,,,CAMERA_ONLY
0,127.5654,cam_2,CAM_ONLY,19.2506,,15.4768,3.7738,,24.3834,,0,,10.98,0.82,warning,,,CAMERA_ONLY
0,127.6269,cam_2,CAM_ONLY,19.7322,,15.4768,4.2553,,27.4949,,0,,14.86,1.00,warning,,,CAMERA_ONLY
0,127.6822,cam_2,CAM_ONLY,19.2379,,15.4768,3.7611,,24.3012,,0,,9.52,0.69,warning,,,CAMERA_ONLY
0,127.7331,t2930,BOTH,19.4313,10.5812,15.4768,3.9545,4.8956,25.5508,31.6320,0,0,9.75,0.88,warning,,,FULL_ANGLE
0,127.7331,t2930,LIDAR_ONLY,10.5042,10.5042,15.4768,4.9726,4.9726,32.1292,32.1292,0,0,9.75,0.88,cautious,3.50,front,LIDAR_ONLY
0,127.7331,t2930,LIDAR_ONLY,10.5092,10.5092,15.4768,4.9676,4.9676,32.0972,32.0972,0,0,9.75,0.88,cautious,-4.80,front,LIDAR_ONLY
0,127.8008,cam_2,CAM_ONLY,19.5001,,15.4768,4.0233,,25.9955,,0,,16.37,2.38,warning,,,CAMERA_ONLY
0,127.8679,cam_2,CAM_ONLY,19.3137,,15.4768,3.8369,,24.7912,,0,,17.60,0.88,warning,,,CAMERA_ONLY
0,127.9297,cam_2,CAM_ONLY,19.4355,,15.4768,3.9587,,25.5781,,0,,12.31,0.77,warning,,,CAMERA_ONLY
0,128.0060,cam_2,CAM_ONLY,19.3055,,15.4768,3.8286,,24.7378,,0,,24.81,1.54,warning,,,CAMERA_ONLY
0,128.0647,cam_2,CAM_ONLY,19.6657,,15.4768,4.1889,,27.0657,,0,,12.56,0.81,warning,,,CAMERA_ONLY
0,128.1287,cam_2,CAM_ONLY,19.6564,,15.4768,4.1796,,27.0055,,0,,12.70,1.67,warning,,,CAMERA_ONLY
0,128.1898,t2942,BOTH,19.2894,10.3776,15.4768,3.8125,5.0992,24.6338,32.9476,0,0,11.94,1.22,warning,,,FULL_ANGLE
0,128.1898,t2941,LIDAR_ONLY,13.8813,13.8813,15.4768,1.5955,1.5955,10.3092,10.3092,0,0,11.94,1.22,cautious,23.04,front,LIDAR_ONLY
0,128.1898,t2941,LIDAR_ONLY,14.2907,14.2907,15.4768,1.1862,1.1862,7.6640,7.6640,0,0,11.94,1.22,cautious,18.96,front,LIDAR_ONLY
0,128.1898,t2941,LIDAR_ONLY,13.9334,13.9334,15.4768,1.5434,1.5434,9.9722,9.9722,0,0,11.94,1.22,cautious,27.12,front,LIDAR_ONLY
0,128.2574,cam_2,CAM_ONLY,19.4054,,15.4768,3.9286,,25.3839,,0,,18.62,1.31,warning,,,CAMERA_ONLY
0,128.3185,cam_2,CAM_ONLY,19.3120,,15.4768,3.8352,,24.7802,,0,,13.08,0.90,warning,,,CAMERA_ONLY
0,128.3780,cam_2,CAM_ONLY,19.2348,,15.4768,3.7580,,24.2815,,0,,12.98,0.91,warning,,,CAMERA_ONLY
0,128.4368,t2950,BOTH,19.7944,10.4387,15.4768,4.3176,5.0382,27.8969,32.5530,0,0,14.97,1.05,warning,,,FULL_ANGLE
0,128.4368,t2949,LIDAR_ONLY,15.3370,15.3370,15.4768,0.1398,0.1398,0.9035,0.9035,1,1,14.97,1.05,drive,21.34,front,LIDAR_ONLY
0,128.4368,t2949,LIDAR_ONLY,13.9605,13.9605,15.4768,1.5163,1.5163,9.7975,9.7975,0,0,14.97,1.05,cautious,25.45,front,LIDAR_ONLY
0,128.4368,t2949,LIDAR_ONLY,12.3229,12.3229,15.4768,3.1539,3.1539,20.3781,20.3781,0,0,14.97,1.05,cautious,29.56,front,LIDAR_ONLY
0,128.4368,t2950,LIDAR_ONLY,10.4048,10.4048,15.4768,5.0720,5.0720,32.7715,32.7715,0,0,14.97,1.05,cautious,4.89,front,LIDAR_ONLY
0,128.4368,t2950,LIDAR_ONLY,10.4322,10.4322,15.4768,5.0446,5.0446,32.5945,32.5945,0,0,14.97,1.05,cautious,-3.33,front,LIDAR_ONLY
0,128.4979,cam_2,CAM_ONLY,19.8790,,15.4768,4.4022,,28.4439,,0,,11.81,1.26,warning,,,CAMERA_ONLY
0,128.5648,cam_2,CAM_ONLY,19.7775,,15.4768,4.3007,,27.7880,,0,,17.64,0.83,warning,,,CAMERA_ONLY
0,128.6300,cam_2,CAM_ONLY,19.2634,,15.4768,3.7866,,24.4663,,0,,15.33,1.02,warning,,,CAMERA_ONLY
0,128.6851,cam_2,CAM_ONLY,19.3034,,15.4768,3.8266,,24.7246,,0,,9.14,1.15,warning,,,CAMERA_ONLY
0,128.6851,t2957,LIDAR_ONLY,13.1912,13.1912,15.4768,2.2856,2.2856,14.7680,14.7680,0,0,9.14,1.15,cautious,23.99,front,LIDAR_ONLY
0,128.6851,t2957,LIDAR_ONLY,12.2348,12.2348,15.4768,3.2421,3.2421,20.9478,20.9478,0,0,9.14,1.15,cautious,28.23,front,LIDAR_ONLY
0,128.6851,t2957,LIDAR_ONLY,12.5792,12.5792,15.4768,2.8976,2.8976,18.7222,18.7222,0,0,9.14,1.15,cautious,19.75,front,LIDAR_ONLY
0,128.7471,cam_2,CAM_ONLY,19.4569,,15.4768,3.9801,,25.7163,,0,,15.74,1.95,warning,,,CAMERA_ONLY
0,128.8065,cam_2,CAM_ONLY,19.2573,,15.4768,3.7805,,24.4266,,0,,16.71,1.00,warning,,,CAMERA_ONLY
0,128.8661,cam_2,CAM_ONLY,19.2363,,15.4768,3.7595,,24.2912,,0,,14.65,0.84,warning,,,CAMERA_ONLY
0,128.9292,cam_2,CAM_ONLY,19.6807,,15.4768,4.2039,,27.1623,,0,,12.19,0.88,warning,,,CAMERA_ONLY
0,128.9894,cam_2,CAM_ONLY,19.3336,,15.4768,3.8568,,24.9196,,0,,15.77,1.17,warning,,,CAMERA_ONLY
0,128.9894,t2967,LIDAR_ONLY,17.6868,17.6868,15.4768,2.2100,2.2100,14.2793,14.2793,0,0,15.77,1.17,drive,19.46,front,LIDAR_ONLY
0,128.9894,t2967,LIDAR_ONLY,15.2149,15.2149,15.4768,0.2619,0.2619,1.6924,1.6924,1,1,15.77,1.17,drive,23.60,front,LIDAR_ONLY
0,128.9894,t2967,LIDAR_ONLY,14.1602,14.1602,15.4768,1.3166,1.3166,8.5072,8.5072,0,0,15.77,1.17,cautious,27.74,front,LIDAR_ONLY
0,129.0428,t2969,BOTH,19.3244,10.3786,15.4768,3.8476,5.0982,24.8605,32.9409,0,0,8.80,1.22,warning,,,FULL_ANGLE
0,129.0428,t2967,LIDAR_ONLY,14.1369,14.1369,15.4768,1.3399,1.3399,8.6576,8.6576,0,0,8.80,1.22,cautious,22.87,front,LIDAR_ONLY
0,129.0428,t2967,LIDAR_ONLY,13.5572,13.5572,15.4768,1.9196,1.9196,12.4033,12.4033,0,0,8.80,1.22,cautious,27.06,front,LIDAR_ONLY
0,129.0428,t2967,LIDAR_ONLY,13.5668,13.5668,15.4768,1.9100,1.9100,12.3413,12.3413,0,0,8.80,1.22,cautious,18.69,front,LIDAR_ONLY
0,129.1010,cam_2,CAM_ONLY,19.4137,,15.4768,3.9369,,25.4371,,0,,11.72,1.07,warning,,,CAMERA_ONLY
0,129.1571,cam_2,CAM_ONLY,19.3562,,15.4768,3.8794,,25.0659,,0,,12.22,1.11,warning,,,CAMERA_ONLY
0,129.2125,cam_2,CAM_ONLY,19.7631,,15.4768,4.2862,,27.6946,,0,,9.85,0.86,warning,,,CAMERA_ONLY
0,129.2826,cam_2,CAM_ONLY,19.7260,,15.4768,4.2492,,27.4553,,0,,17.64,0.97,warning,,,CAMERA_ONLY
0,129.3359,t2978,BOTH,19.3323,10.5095,15.4768,3.8554,4.9673,24.9110,32.0950,0,0,10.70,0.94,warning,,,FULL_ANGLE
0,129.3359,t2976,LIDAR_ONLY,14.4635,14.4635,15.4768,1.0133,1.0133,6.5471,6.5471,0,0,10.70,0.94,cautious,22.32,front,LIDAR_ONLY
0,129.3359,t2976,LIDAR_ONLY,12.6643,12.6643,15.4768,2.8125,2.8125,18.1724,18.1724,0,0,10.70,0.94,cautious,26.30,front,LIDAR_ONLY
0,129.3359,t2976,LIDAR_ONLY,13.2925,13.2925,15.4768,2.1844,2.1844,14.1138,14.1138,0,0,10.70,0.94,cautious,18.33,front,LIDAR_ONLY
0,129.3930,cam_2,CAM_ONLY,19.3387,,15.4768,3.8619,,24.9527,,0,,13.43,1.37,warning,,,CAMERA_ONLY
0,129.3930,t2981,LIDAR_ONLY,10.0924,10.0924,15.4768,5.3844,5.3844,34.7900,34.7900,0,0,13.43,1.37,cautious,29.99,front,LIDAR_ONLY
0,129.3930,t2976,LIDAR_ONLY,13.7343,13.7343,15.4768,1.7426,1.7426,11.2592,11.2592,0,0,13.43,1.37,cautious,21.94,front,LIDAR_ONLY
0,129.3930,t2976,LIDAR_ONLY,13.9223,13.9223,15.4768,1.5545,1.5545,10.0440,10.0440,0,0,13.43,1.37,cautious,25.97,front,LIDAR_ONLY
0,129.4467,cam_2,CAM_ONLY,19.3283,,15.4768,3.8515,,24.8856,,0,,9.65,1.09,warning,,,CAMERA_ONLY
0,129.5114,cam_2,CAM_ONLY,19.7887,,15.4768,4.3118,,27.8600,,0,,14.22,1.03,warning,,,CAMERA_ONLY
0,129.5721,cam_2,CAM_ONLY,19.7687,,15.4768,4.2918,,27.7308,,0,,11.41,0.81,warning,,,CAMERA_ONLY
0,129.6241,cam_2,CAM_ONLY,19.3765,,15.4768,3.8997,,25.1969,,0,,10.73,1.11,warning,,,CAMERA_ONLY
0,129.6771,cam_2,CAM_ONLY,19.4054,,15.4768,3.9286,,25.3836,,0,,11.27,0.94,warning,,,CAMERA_ONLY
0,129.7382,t2991,BOTH,19.3531,10.4661,15.4768,3.8762,5.0108,25.0454,32.3759,0,0,14.79,1.11,warning,,,FULL_ANGLE
0,129.7382,t2989,LIDAR_ONLY,10.2277,10.2277,15.4768,5.2491,5.2491,33.9161,33.9161,0,0,14.79,1.11,cautious,29.64,front,LIDAR_ONLY
0,129.7382,t2989,LIDAR_ONLY,10.5578,10.5578,15.4768,4.9190,4.9190,31.7831,31.7831,0,0,14.79,1.11,cautious,25.45,front,LIDAR_ONLY
0,129.7382,t2989,LIDAR_ONLY,11.1114,11.1114,15.4768,4.3654,4.3654,28.2060,28.2060,0,0,14.79,1.11,cautious,21.25,front,LIDAR_ONLY
0,129.7382,t2991,LIDAR_ONLY,10.4540,10.4540,15.4768,5.0228,5.0228,32.4536,32.4536,0,0,14.79,1.11,cautious,4.48,front,LIDAR_ONLY
0,129.7958,cam_2,CAM_ONLY,19.3887,,15.4768,3.9119,,25.2757,,0,,9.90,0.99,warning,,,CAMERA_ONLY
0,129.8505,cam_2,CAM_ONLY,19.4052,,15.4768,3.9284,,25.3822,,0,,13.04,0.94,warning,,,CAMERA_ONLY
0,129.9096,cam_2,CAM_ONLY,19.7789,,15.4768,4.3021,,27.7970,,0,,10.34,0.89,warning,,,CAMERA_ONLY
0,129.9660,cam_2,CAM_ONLY,19.4743,,15.4768,3.9975,,25.8290,,0,,9.19,0.94,warning,,,CAMERA_ONLY
0,130.0353,t2997,BOTH,19.2953,10.5377,7.6820,11.6133,2.8557,151.1754,37.1734,0,0,18.27,1.01,warning,,,FULL_ANGLE
0,130.0353,t2997,LIDAR_ONLY,10.4972,10.4972,7.6820,2.8152,2.8152,36.6468,36.6468,0,0,18.27,1.01,cautious,4.21,front,LIDAR_ONLY
0,130.0353,t2997,LIDAR_ONLY,10.5101,10.5101,7.6820,2.8281,2.8281,36.8145,36.8145,0,0,18.27,1.01,cautious,-3.84,front,LIDAR_ONLY
0,130.0921,cam_2,CAM_ONLY,19.3237,,8.0643,11.2594,,139.6196,,0,,13.20,1.03,warning,,,CAMERA_ONLY
0,130.1511,cam_2,CAM_ONLY,19.8383,,8.5609,11.2774,,131.7310,,0,,11.98,1.14,warning,,,CAMERA_ONLY
0,130.2083,cam_2,CAM_ONLY,19.3303,,9.1760,10.1543,,110.6621,,0,,9.79,1.12,warning,,,CAMERA_ONLY
0,130.2685,cam_2,CAM_ONLY,19.4930,,10.0845,9.4084,,93.2960,,0,,17.26,0.99,warning,,,CAMERA_ONLY
0,130.3348,t3006,BOTH,19.6290,10.4680,11.0944,8.5347,0.6264,76.9277,5.6464,0,1,13.30,0.97,warning,,,FULL_ANGLE
0,130.3348,t3004,LIDAR_ONLY,12.7839,12.7839,11.0944,1.6895,1.6895,15.2285,15.2285,0,0,13.30,0.97,cautious,24.60,front,LIDAR_ONLY
0,130.3348,t3004,LIDAR_ONLY,11.6745,11.6745,11.0944,0.5801,0.5801,5.2289,5.2289,1,1,13.30,0.97,cautious,28.79,front,LIDAR_ONLY
0,130.3348,t3005,LIDAR_ONLY,24.3385,24.3385,11.0944,13.2441,13.2441,119.3765,119.3765,0,0,13.30,0.97,drive,16.21,front,LIDAR_ONLY
0,130.3348,t3005,LIDAR_ONLY,18.7582,18.7582,11.0944,7.6638,7.6638,69.0784,69.0784,0,0,13.30,0.97,drive,20.41,front,LIDAR_ONLY
0,130.3348,t3006,LIDAR_ONLY,10.4287,10.4287,11.0944,0.6657,0.6657,5.9999,5.9999,1,1,13.30,0.97,cautious,3.64,front,LIDAR_ONLY
0,130.3348,t3006,LIDAR_ONLY,10.4429,10.4429,11.0944,0.6515,0.6515,5.8721,5.8721,1,1,13.30,0.97,cautious,-4.75,front,LIDAR_ONLY
0,130.3942,cam_2,CAM_ONLY,19.6889,,12.1360,7.5529,,62.2354,,0,,11.72,1.08,warning,,,CAMERA_ONLY
0,130.4463,cam_2,CAM_ONLY,19.3974,,12.9978,6.3997,,49.2367,,0,,11.48,0.98,warning,,,CAMERA_ONLY
0,130.5063,cam_2,CAM_ONLY,19.3969,,14.1779,5.2190,,36.8108,,0,,12.29,1.22,warning,,,CAMERA_ONLY
0,130.5575,cam_2,CAM_ONLY,19.4577,,15.0658,4.3919,,29.1512,,0,,10.94,1.04,warning,,,CAMERA_ONLY
0,130.6138,cam_2,CAM_ONLY,19.3600,,15.4768,3.8831,,25.0900,,0,,13.02,0.89,warning,,,CAMERA_ONLY
0,130.6747,cam_2,CAM_ONLY,19.3142,,15.4768,3.8374,,24.7942,,0,,13.31,0.90,warning,,,CAMERA_ONLY
0,130.7356,t3016,BOTH,19.4911,10.5485,15.4768,4.0143,4.9283,25.9373,31.8433,0,0,12.37,1.28,warning,,,FULL_ANGLE
0,130.7356,t3015,LIDAR_ONLY,10.4364,10.4364,15.4768,5.0405,5.0405,32.5679,32.5679,0,0,12.37,1.28,cautious,29.13,front,LIDAR_ONLY
0,130.7356,t3015,LIDAR_ONLY,10.8053,10.8053,15.4768,4.6715,4.6715,30.1838,30.1838,0,0,12.37,1.28,cautious,24.96,front,LIDAR_ONLY
0,130.7356,t3015,LIDAR_ONLY,11.4844,11.4844,15.4768,3.9924,3.9924,25.7963,25.7963,0,0,12.37,1.28,cautious,20.78,front,LIDAR_ONLY
0,130.7356,t3016,LIDAR_ONLY,10.5810,10.5810,15.4768,4.8959,4.8959,31.6335,31.6335,0,0,12.37,1.28,cautious,-4.27,front,LIDAR_ONLY
0,130.7356,t3016,LIDAR_ONLY,10.5070,10.5070,15.4768,4.9698,4.9698,32.1115,32.1115,0,0,12.37,1.28,cautious,4.08,front,LIDAR_ONLY
0,130.7356,t3017,LIDAR_ONLY,14.8374,14.8374,15.4768,0.6394,0.6394,4.1313,4.1313,1,1,12.37,1.28,cautious,-25.15,front,LIDAR_ONLY
0,130.7356,t3017,LIDAR_ONLY,15.0473,15.0473,15.4768,0.4296,0.4296,2.7756,2.7756,1,1,12.37,1.28,cautious,-20.97,front,LIDAR_ONLY
0,130.8282,cam_2,CAM_ONLY,19.6218,,15.4768,4.1449,,26.7816,,0,,15.71,0.70,warning,,,CAMERA_ONLY
0,130.8976,cam_2,CAM_ONLY,19.5431,,15.4768,4.0663,,26.2734,,0,,21.41,1.10,warning,,,CAMERA_ONLY
0,130.9510,cam_2,CAM_ONLY,19.4606,,15.4768,3.9838,,25.7405,,0,,10.31,1.08,warning,,,CAMERA_ONLY
0,131.0124,cam_2,CAM_ONLY,19.4180,,15.4768,3.9412,,25.4653,,0,,16.34,0.84,warning,,,CAMERA_ONLY
0,131.0673,cam_2,CAM_ONLY,19.1929,,15.4768,3.7160,,24.0104,,0,,14.52,0.96,warning,,,CAMERA_ONLY
0,131.1228,cam_2,CAM_ONLY,19.2567,,15.4768,3.7799,,24.4228,,0,,13.54,0.71,warning,,,CAMERA_ONLY
0,131.1780,cam_2,CAM_ONLY,19.2448,,15.4768,3.7680,,24.3459,,0,,10.49,0.83,warning,,,CAMERA_ONLY
0,131.2254,t3026,BOTH,19.2410,10.5581,15.4768,3.7642,4.9187,24.3213,31.7810,0,0,9.58,0.83,warning,,,FULL_ANGLE
0,131.2254,t3026,LIDAR_ONLY,10.6216,10.6216,15.4768,4.8552,4.8552,31.3708,31.3708,0,0,9.58,0.83,cautious,-2.68,front,LIDAR_ONLY
0,131.2837,t3026,BOTH,19.2478,10.5581,15.4768,3.7709,4.9187,24.3650,31.7811,0,0,13.34,0.97,warning,,,FULL_ANGLE
0,131.2837,t3027,LIDAR_ONLY,12.7196,12.7196,15.4768,2.7572,2.7572,17.8152,17.8152,0,0,13.34,0.97,cautious,24.70,front,LIDAR_ONLY
0,131.2837,t3027,LIDAR_ONLY,13.7912,13.7912,15.4768,1.6856,1.6856,10.8913,10.8913,0,0,13.34,0.97,cautious,16.50,front,LIDAR_ONLY
0,131.2837,t3028,LIDAR_ONLY,10.5767,10.5767,15.4768,4.9001,4.9001,31.6611,31.6611,0,0,13.34,0.97,cautious,28.80,front,LIDAR_ONLY
0,131.2837,t3027,LIDAR_ONLY,14.5277,14.5277,15.4768,0.9491,0.9491,6.1324,6.1324,1,1,13.34,0.97,cautious,20.60,front,LIDAR_ONLY
0,131.2837,t3026,LIDAR_ONLY,10.5581,10.5581,15.4768,4.9187,4.9187,31.7811,31.7811,0,0,13.34,0.97,cautious,-4.01,front,LIDAR_ONLY
0,131.3484,cam_2,CAM_ONLY,19.2587,,15.4768,3.7819,,24.4356,,0,,14.36,1.00,warning,,,CAMERA_ONLY
0,131.4014,cam_2,CAM_ONLY,19.3018,,4.3055,14.9963,,348.3046,,0,,9.64,1.10,warning,,,CAMERA_ONLY
0,131.4606,cam_2,CAM_ONLY,19.0279,,4.9883,14.0395,,281.4465,,0,,14.31,0.96,warning,,,CAMERA_ONLY
0,131.5192,cam_2,CAM_ONLY,18.9490,,5.9363,13.0127,,219.2045,,0,,11.28,1.00,warning,,,CAMERA_ONLY
0,131.5821,t3039,BOTH,19.0001,10.5360,7.0932,11.9070,3.4428,167.8654,48.5376,0,0,10.30,1.04,warning,,,FULL_ANGLE
0,131.5821,t3038,LIDAR_ONLY,25.8203,25.8203,7.0932,18.7272,18.7272,264.0174,264.0174,0,0,10.30,1.04,drive,15.72,front,LIDAR_ONLY
0,131.5821,t3038,LIDAR_ONLY,17.8647,17.8647,7.0932,10.7715,10.7715,151.8583,151.8583,0,0,10.30,1.04,drive,24.03,front,LIDAR_ONLY
0,131.5821,t3038,LIDAR_ONLY,17.6532,17.6532,7.0932,10.5601,10.5601,148.8768,148.8768,0,0,10.30,1.04,drive,19.88,front,LIDAR_ONLY
0,131.5821,t3038,LIDAR_ONLY,15.2184,15.2184,7.0932,8.1252,8.1252,114.5502,114.5502,0,0,10.30,1.04,drive,28.18,front,LIDAR_ONLY
0,131.5821,t3039,LIDAR_ONLY,10.6099,10.6099,7.0932,3.5167,3.5167,49.5789,49.5789,0,0,10.30,1.04,cautious,-5.03,front,LIDAR_ONLY
0,131.5821,t3039,LIDAR_ONLY,10.5246,10.5246,7.0932,3.4314,3.4314,48.3766,48.3766,0,0,10.30,1.04,cautious,3.27,front,LIDAR_ONLY
0,131.6453,cam_2,CAM_ONLY,19.2247,,8.2580,10.9667,,132.7999,,0,,16.09,1.25,warning,,,CAMERA_ONLY
0,131.6453,t3038,LIDAR_ONLY,14.8854,14.8854,8.2580,6.6273,6.6273,80.2529,80.2529,0,0,16.09,1.25,cautious,24.26,front,LIDAR_ONLY
0,131.6453,t3038,LIDAR_ONLY,12.3240,12.3240,8.2580,4.0659,4.0659,49.2360,49.2360,0,0,16.09,1.25,cautious,28.46,front,LIDAR_ONLY
0,131.7080,cam_2,CAM_ONLY,19.1833,,9.7236,9.4597,,97.2861,,0,,14.48,0.73,warning,,,CAMERA_ONLY
0,131.7654,cam_2,CAM_ONLY,19.1610,,10.8887,8.2723,,75.9714,,0,,13.58,1.02,warning,,,CAMERA_ONLY
0,131.8271,cam_2,CAM_ONLY,19.2060,,12.2093,6.9967,,57.3064,,0,,21.03,0.89,warning,,,CAMERA_ONLY
0,131.8271,t3047,LIDAR_ONLY,10.0785,10.0785,12.2093,2.1308,2.1308,17.4520,17.4520,0,0,21.03,0.89,cautious,-21.76,front,LIDAR_ONLY
0,131.8902,cam_2,CAM_ONLY,19.2450,,13.7826,5.4624,,39.6324,,0,,11.38,1.28,warning,,,CAMERA_ONLY
0,131.8902,t3050,LIDAR_ONLY,13.9108,13.9108,13.7826,0.1282,0.1282,0.9305,0.9305,1,1,11.38,1.28,cautious,23.00,front,LIDAR_ONLY
0,131.8902,t3050,LIDAR_ONLY,14.5585,14.5585,13.7826,0.7759,0.7759,5.6294,5.6294,1,1,11.38,1.28,cautious,18.76,front,LIDAR_ONLY
0,131.8902,t3050,LIDAR_ONLY,13.9563,13.9563,13.7826,0.1737,0.1737,1.2601,1.2601,1,1,11.38,1.28,cautious,27.25,front,LIDAR_ONLY
0,131.9461,cam_2,CAM_ONLY,19.4408,,14.8326,4.6083,,31.0686,,0,,10.21,1.28,warning,,,CAMERA_ONLY
0,131.9461,t3050,LIDAR_ONLY,14.0037,14.0037,14.8326,0.8288,0.8288,5.5878,5.5878,1,1,10.21,1.28,cautious,21.74,front,LIDAR_ONLY
0,131.9461,t3050,LIDAR_ONLY,13.4943,13.4943,14.8326,1.3382,1.3382,9.0222,9.0222,0,0,10.21,1.28,cautious,25.84,front,LIDAR_ONLY
0,131.9461,t3050,LIDAR_ONLY,12.5954,12.5954,14.8326,2.2372,2.2372,15.0827,15.0827,0,0,10.21,1.28,cautious,29.93,front,LIDAR_ONLY
0,132.0118,cam_2,CAM_ONLY,19.2236,,15.4768,3.7468,,24.2091,,0,,12.76,0.78,warning,,,CAMERA_ONLY
0,132.0691,cam_2,CAM_ONLY,19.4031,,15.4768,3.9262,,25.3686,,0,,15.76,1.05,warning,,,CAMERA_ONLY
0,132.1284,cam_2,CAM_ONLY,19.1464,,15.4768,3.6695,,23.7099,,0,,9.38,0.85,warning,,,CAMERA_ONLY
0,132.1948,cam_2,CAM_ONLY,19.2075,,15.4768,3.7307,,24.1049,,0,,13.96,1.23,warning,,,CAMERA_ONLY
0,132.1948,t3060,LIDAR_ONLY,10.9831,10.9831,15.4768,4.4937,4.4937,29.0350,29.0350,0,0,13.96,1.23,cautious,27.88,front,LIDAR_ONLY
0,132.2578,cam_2,CAM_ONLY,19.5359,,15.4768,4.0591,,26.2271,,0,,12.36,1.05,warning,,,CAMERA_ONLY
0,132.3353,t3063,BOTH,19.5691,10.5295,15.4768,4.0923,4.9474,26.4413,31.9663,0,0,22.22,1.10,warning,,,FULL_ANGLE
0,132.3353,t3060,LIDAR_ONLY,11.0208,11.0208,15.4768,4.4560,4.4560,28.7915,28.7915,0,0,22.22,1.10,cautious,27.46,front,LIDAR_ONLY
0,132.3353,t3060,LIDAR_ONLY,11.5880,11.5880,15.4768,3.8888,3.8888,25.1266,25.1266,0,0,22.22,1.10,cautious,19.26,front,LIDAR_ONLY
0,132.3353,t3060,LIDAR_ONLY,12.0310,12.0310,15.4768,3.4458,3.4458,22.2643,22.2643,0,0,22.22,1.10,cautious,23.36,front,LIDAR_ONLY
0,132.3353,t3063,LIDAR_ONLY,10.5985,10.5985,15.4768,4.8783,4.8783,31.5200,31.5200,0,0,22.22,1.10,cautious,-1.25,front,LIDAR_ONLY
0,132.3978,cam_2,CAM_ONLY,19.5181,,15.4768,4.0412,,26.1115,,0,,15.25,1.06,warning,,,CAMERA_ONLY
0,132.4588,cam_2,CAM_ONLY,19.2929,,15.4768,3.8161,,24.6570,,0,,11.50,0.94,warning,,,CAMERA_ONLY
0,132.5289,cam_2,CAM_ONLY,19.2214,,15.4768,3.7446,,24.1946,,0,,18.85,1.21,warning,,,CAMERA_ONLY
0,132.5947,cam_2,CAM_ONLY,19.3883,,15.4768,3.9115,,25.2730,,0,,10.43,1.07,warning,,,CAMERA_ONLY
0,132.6541,cam_2,CAM_ONLY,19.4277,,15.4768,3.9509,,25.5280,,0,,11.92,1.16,warning,,,CAMERA_ONLY
0,132.7195,cam_2,CAM_ONLY,19.3420,,15.4768,3.8652,,24.9741,,0,,12.24,1.00,warning,,,CAMERA_ONLY
0,132.7827,t3073,BOTH,19.2258,10.5544,15.4768,3.7490,4.9224,24.2234,31.8052,0,0,14.86,0.87,warning,,,FULL_ANGLE
0,132.7827,t3072,LIDAR_ONLY,17.9550,17.9550,15.4768,2.4781,2.4781,16.0120,16.0120,0,0,14.86,0.87,drive,19.28,front,LIDAR_ONLY
0,132.7827,t3073,LIDAR_ONLY,10.6112,10.6112,15.4768,4.8656,4.8656,31.4380,31.4380,0,0,14.86,0.87,cautious,-1.66,front,LIDAR_ONLY
0,132.8473,cam_2,CAM_ONLY,19.2587,,15.4768,3.7819,,24.4357,,0,,18.32,1.02,warning,,,CAMERA_ONLY
0,132.9071,cam_2,CAM_ONLY,19.2185,,15.4768,3.7417,,24.1762,,0,,12.95,1.15,warning,,,CAMERA_ONLY
0,132.9723,cam_2,CAM_ONLY,19.6694,,15.4768,4.1925,,27.0892,,0,,14.60,0.96,warning,,,CAMERA_ONLY
0,133.0296,cam_2,CAM_ONLY,19.2729,,15.4768,3.7961,,24.5275,,0,,12.83,0.85,warning,,,CAMERA_ONLY
0,133.0913,t3083,BOTH,19.4260,10.5301,15.4768,3.9491,4.9468,25.5165,31.9624,0,0,13.20,1.07,warning,,,FULL_ANGLE
0,133.0913,t3082,LIDAR_ONLY,13.0462,13.0462,15.4768,2.4306,2.4306,15.7050,15.7050,0,0,13.20,1.07,cautious,24.20,front,LIDAR_ONLY
0,133.0913,t3082,LIDAR_ONLY,11.7350,11.7350,15.4768,3.7418,3.7418,24.1770,24.1770,0,0,13.20,1.07,cautious,28.25,front,LIDAR_ONLY
0,133.0913,t3082,LIDAR_ONLY,12.2272,12.2272,15.4768,3.2497,3.2497,20.9969,20.9969,0,0,13.20,1.07,cautious,20.15,front,LIDAR_ONLY
0,133.0913,t3083,LIDAR_ONLY,10.5329,10.5329,15.4768,4.9439,4.9439,31.9438,31.9438,0,0,13.20,1.07,cautious,-4.15,front,LIDAR_ONLY
0,133.0913,t3083,LIDAR_ONLY,10.5275,10.5275,15.4768,4.9494,4.9494,31.9792,31.9792,0,0,13.20,1.07,cautious,3.95,front,LIDAR_ONLY
0,133.1550,cam_2,CAM_ONLY,19.2363,,15.4768,3.7595,,24.2909,,0,,20.48,1.41,warning,,,CAMERA_ONLY
0,133.2229,cam_2,CAM_ONLY,19.2849,,15.4768,3.8080,,24.6047,,0,,14.60,0.95,warning,,,CAMERA_ONLY
0,133.2748,t3083,BOTH,19.2042,10.5340,15.4768,3.7274,4.9428,24.0836,31.9369,0,0,9.29,0.76,warning,,,FULL_ANGLE
0,133.3359,t3083,BOTH,19.6524,10.5351,15.4768,4.1756,4.9417,26.9795,31.9299,0,0,16.18,1.17,warning,,,FULL_ANGLE
0,133.3359,t3089,LIDAR_ONLY,10.9541,10.9541,15.4768,4.5227,4.5227,29.2226,29.2226,0,0,16.18,1.17,cautious,27.94,front,LIDAR_ONLY
0,133.3359,t3089,LIDAR_ONLY,11.7454,11.7454,15.4768,3.7314,3.7314,24.1098,24.1098,0,0,16.18,1.17,cautious,19.49,front,LIDAR_ONLY
0,133.3359,t3083,LIDAR_ONLY,10.5091,10.5091,15.4768,4.9678,4.9678,32.0980,32.0980,0,0,16.18,1.17,cautious,6.82,front,LIDAR_ONLY
0,133.3359,t3089,LIDAR_ONLY,12.2849,12.2849,15.4768,3.1919,3.1919,20.6239,20.6239,0,0,16.18,1.17,cautious,23.71,front,LIDAR_ONLY
0,133.3920,t3091,BOTH,19.7062,10.4696,15.4768,4.2293,5.0072,27.3269,32.3528,0,0,10.11,1.18,warning,,,FULL_ANGLE
0,133.3920,t3089,LIDAR_ONLY,12.6006,12.6006,15.4768,2.8762,2.8762,18.5841,18.5841,0,0,10.11,1.18,cautious,24.27,front,LIDAR_ONLY
0,133.3920,t3089,LIDAR_ONLY,12.6507,12.6507,15.4768,2.8262,2.8262,18.2607,18.2607,0,0,10.11,1.18,cautious,28.28,front,LIDAR_ONLY
0,133.3920,t3083,LIDAR_ONLY,11.3940,11.3940,15.4768,4.0828,4.0828,26.3801,26.3801,0,0,10.11,1.18,cautious,16.25,front,LIDAR_ONLY
0,133.3920,t3083,LIDAR_ONLY,12.3608,12.3608,15.4768,3.1161,3.1161,20.1337,20.1337,0,0,10.11,1.18,cautious,20.26,front,LIDAR_ONLY
0,133.3920,t3091,LIDAR_ONLY,10.4909,10.4909,15.4768,4.9859,4.9859,32.2154,32.2154,0,0,10.11,1.18,cautious,-3.80,front,LIDAR_ONLY
0,133.4571,cam_2,CAM_ONLY,19.3183,,15.4768,3.8415,,24.8208,,0,,20.65,1.86,warning,,,CAMERA_ONLY
0,133.5143,cam_2,CAM_ONLY,19.3698,,15.4768,3.8930,,25.1539,,0,,11.24,0.88,warning,,,CAMERA_ONLY
0,133.5846,t3091,BOTH,19.2696,10.5220,15.4768,3.7928,4.9548,24.5064,32.0146,0,0,22.25,0.88,warning,,,FULL_ANGLE
0,133.5846,t3091,LIDAR_ONLY,10.5073,10.5073,15.4768,4.9695,4.9695,32.1092,32.1092,0,0,22.25,0.88,cautious,-4.28,front,LIDAR_ONLY
0,133.5846,t3091,LIDAR_ONLY,10.5235,10.5235,15.4768,4.9533,4.9533,32.0048,32.0048,0,0,22.25,0.88,cautious,3.85,front,LIDAR_ONLY
0,133.6394,cam_2,CAM_ONLY,19.2770,,15.4768,3.8001,,24.5538,,0,,9.56,1.33,warning,,,CAMERA_ONLY
0,133.7022,cam_2,CAM_ONLY,19.1902,,15.4768,3.7133,,23.9928,,0,,18.64,1.17,warning,,,CAMERA_ONLY
0,133.7623,cam_2,CAM_ONLY,19.1975,,15.4768,3.7207,,24.0405,,0,,12.53,0.88,warning,,,CAMERA_ONLY
0,133.8266,cam_2,CAM_ONLY,19.2625,,15.4768,3.7857,,24.4606,,0,,14.88,1.09,warning,,,CAMERA_ONLY
0,133.8896,t3107,BOTH,19.2853,10.4335,15.4768,3.8085,5.0433,24.6075,32.5862,0,0,15.21,1.25,warning,,,FULL_ANGLE
0,133.8896,t3105,LIDAR_ONLY,10.1230,10.1230,15.4768,5.3538,5.3538,34.5924,34.5924,0,0,15.21,1.25,cautious,29.91,front,LIDAR_ONLY
0,133.8896,t3105,LIDAR_ONLY,10.3395,10.3395,15.4768,5.1373,5.1373,33.1935,33.1935,0,0,15.21,1.25,cautious,25.78,front,LIDAR_ONLY
0,133.8896,t3105,LIDAR_ONLY,10.6863,10.6863,15.4768,4.7906,4.7906,30.9531,30.9531,0,0,15.21,1.25,cautious,21.65,front,LIDAR_ONLY
0,133.8896,t3105,LIDAR_ONLY,11.3133,11.3133,15.4768,4.1636,4.1636,26.9019,26.9019,0,0,15.21,1.25,cautious,17.53,front,LIDAR_ONLY
0,133.8896,t3107,LIDAR_ONLY,10.3828,10.3828,15.4768,5.0940,5.0940,32.9136,32.9136,0,0,15.21,1.25,cautious,5.14,front,LIDAR_ONLY
0,133.8896,t3107,LIDAR_ONLY,10.4158,10.4158,15.4768,5.0611,5.0611,32.7009,32.7009,0,0,15.21,1.25,cautious,-3.11,front,LIDAR_ONLY
0,133.9650,cam_2,CAM_ONLY,19.2571,,15.4768,3.7803,,24.4257,,0,,20.72,1.68,warning,,,CAMERA_ONLY
0,134.0286,t3107,BOTH,19.2712,10.4686,15.4768,3.7944,5.0083,24.5167,32.3597,0,0,12.09,0.81,warning,,,FULL_ANGLE
0,134.0286,t3107,LIDAR_ONLY,10.4508,10.4508,15.4768,5.0261,5.0261,32.4747,32.4747,0,0,12.09,0.81,cautious,-4.42,front,LIDAR_ONLY
0,134.0826,t3107,BOTH,19.3500,10.5038,15.4768,3.8732,4.9730,25.0255,32.1319,0,0,10.60,1.21,warning,,,FULL_ANGLE
0,134.0826,t3105,LIDAR_ONLY,11.7954,11.7954,15.4768,3.6814,3.6814,23.7868,23.7868,0,0,10.60,1.21,cautious,23.62,front,LIDAR_ONLY
0,134.0826,t3105,LIDAR_ONLY,12.4153,12.4153,15.4768,3.0615,3.0615,19.7814,19.7814,0,0,10.60,1.21,cautious,27.86,front,LIDAR_ONLY
0,134.0826,t3107,LIDAR_ONLY,10.4990,10.4990,15.4768,4.9778,4.9778,32.1632,32.1632,0,0,10.60,1.21,cautious,-1.81,front,LIDAR_ONLY
0,134.0826,t3107,LIDAR_ONLY,10.4974,10.4974,15.4768,4.9794,4.9794,32.1734,32.1734,0,0,10.60,1.21,cautious,6.66,front,LIDAR_ONLY
0,134.1377,t3107,BOTH,19.2609,10.4897,15.4768,3.7841,4.9872,24.4500,32.2235,0,0,12.53,1.14,warning,,,FULL_ANGLE
0,134.1377,t3105,LIDAR_ONLY,13.0803,13.0803,15.4768,2.3966,2.3966,15.4849,15.4849,0,0,12.53,1.14,cautious,21.79,front,LIDAR_ONLY
0,134.1377,t3105,LIDAR_ONLY,13.7973,13.7973,15.4768,1.6795,1.6795,10.8518,10.8518,0,0,12.53,1.14,cautious,17.60,front,LIDAR_ONLY
0,134.1377,t3105,LIDAR_ONLY,13.8786,13.8786,15.4768,1.5983,1.5983,10.3268,10.3268,0,0,12.53,1.14,cautious,25.97,front,LIDAR_ONLY
0,134.1377,t3107,LIDAR_ONLY,10.4944,10.4944,15.4768,4.9824,4.9824,32.1929,32.1929,0,0,12.53,1.14,cautious,-3.32,front,LIDAR_ONLY
0,134.1377,t3107,LIDAR_ONLY,10.4425,10.4425,15.4768,5.0343,5.0343,32.5280,32.5280,0,0,12.53,1.14,cautious,5.05,front,LIDAR_ONLY
0,134.1935,cam_2,CAM_ONLY,19.6248,,15.4768,4.1480,,26.8014,,0,,12.44,1.16,warning,,,CAMERA_ONLY
0,134.1935,t3105,LIDAR_ONLY,13.9449,13.9449,15.4768,1.5319,1.5319,9.8979,9.8979,0,0,12.44,1.16,cautious,24.22,front,LIDAR_ONLY
0,134.1935,t3105,LIDAR_ONLY,13.8789,13.8789,15.4768,1.5979,1.5979,10.3246,10.3246,0,0,12.44,1.16,cautious,28.40,front,LIDAR_ONLY
0,134.2571,cam_2,CAM_ONLY,19.1973,,15.4768,3.7204,,24.0388,,0,,14.19,1.30,warning,,,CAMERA_ONLY
0,134.3255,cam_2,CAM_ONLY,19.2515,,15.4768,3.7746,,24.3890,,0,,14.57,1.95,warning,,,CAMERA_ONLY
0,134.3877,t3118,BOTH,19.4623,10.5285,15.4768,3.9855,4.9483,25.7515,31.9724,0,0,15.69,1.10,warning,,,FULL_ANGLE
0,134.3877,t3105,LIDAR_ONLY,13.7108,13.7108,15.4768,1.7660,1.7660,11.4105,11.4105,0,0,15.69,1.10,cautious,22.69,front,LIDAR_ONLY
0,134.3877,t3105,LIDAR_ONLY,13.7119,13.7119,15.4768,1.7649,1.7649,11.4035,11.4035,0,0,15.69,1.10,cautious,18.54,front,LIDAR_ONLY
0,134.3877,t3105,LIDAR_ONLY,13.3697,13.3697,15.4768,2.1072,2.1072,13.6150,13.6150,0,0,15.69,1.10,cautious,26.84,front,LIDAR_ONLY
0,134.3877,t3118,LIDAR_ONLY,10.6054,10.6054,15.4768,4.8715,4.8715,31.4758,31.4758,0,0,15.69,1.10,cautious,-2.19,front,LIDAR_ONLY
0,134.3877,t3118,LIDAR_ONLY,10.4733,10.4733,15.4768,5.0035,5.0035,32.3292,32.3292,0,0,15.69,1.10,cautious,6.10,front,LIDAR_ONLY
0,134.4505,cam_2,CAM_ONLY,19.4151,,15.4768,3.9383,,25.4464,,0,,11.56,0.97,warning,,,CAMERA_ONLY
0,134.5118,cam_2,CAM_ONLY,19.2726,,15.4768,3.7958,,24.5256,,0,,16.44,0.85,warning,,,CAMERA_ONLY
0,134.5818,cam_2,CAM_ONLY,19.1918,,15.4768,3.7150,,24.0034,,0,,21.68,1.19,warning,,,CAMERA_ONLY
0,134.6415,t3124,BOTH,19.1350,10.4209,15.4768,3.6582,5.0559,23.6367,32.6676,0,0,13.32,1.15,warning,,,FULL_ANGLE
0,134.6415,t3122,LIDAR_ONLY,10.1614,10.1614,15.4768,5.3154,5.3154,34.3444,34.3444,0,0,13.32,1.15,cautious,29.81,front,LIDAR_ONLY
0,134.6415,t3122,LIDAR_ONLY,10.8658,10.8658,15.4768,4.6110,4.6110,29.7929,29.7929,0,0,13.32,1.15,cautious,21.79,front,LIDAR_ONLY
0,134.6415,t3122,LIDAR_ONLY,11.3187,11.3187,15.4768,4.1582,4.1582,26.8671,26.8671,0,0,13.32,1.15,cautious,25.80,front,LIDAR_ONLY
0,134.6415,t3124,LIDAR_ONLY,10.4247,10.4247,15.4768,5.0521,5.0521,32.6432,32.6432,0,0,13.32,1.15,cautious,5.76,front,LIDAR_ONLY
0,134.7091,cam_2,CAM_ONLY,19.1525,,15.4768,3.6757,,23.7498,,0,,11.16,0.83,warning,,,CAMERA_ONLY
0,134.7645,cam_2,CAM_ONLY,19.3144,,15.4768,3.8376,,24.7957,,0,,11.70,0.77,warning,,,CAMERA_ONLY
0,134.8274,cam_2,CAM_ONLY,19.3725,,15.4768,3.8957,,25.1711,,0,,8.97,0.91,warning,,,CAMERA_ONLY
0,134.8960,cam_2,CAM_ONLY,19.3865,,15.4768,3.9096,,25.2613,,0,,19.89,1.23,warning,,,CAMERA_ONLY
0,134.9740,cam_2,CAM_ONLY,19.3523,,15.4768,3.8755,,25.0404,,0,,20.49,1.27,warning,,,CAMERA_ONLY
0,135.0300,t3132,BOTH,19.7542,10.4626,15.4768,4.2774,5.0143,27.6372,32.3986,0,0,13.14,0.86,warning,,,FULL_ANGLE
0,135.0300,t3132,LIDAR_ONLY,10.4768,10.4768,15.4768,5.0000,5.0000,32.3065,32.3065,0,0,13.14,0.86,cautious,-4.35,front,LIDAR_ONLY
0,135.0898,cam_2,CAM_ONLY,19.7302,,15.4768,4.2533,,27.4820,,0,,15.62,1.11,warning,,,CAMERA_ONLY
0,135.1570,cam_2,CAM_ONLY,19.3296,,15.4768,3.8528,,24.8938,,0,,18.62,1.25,warning,,,CAMERA_ONLY
0,135.2192,cam_2,CAM_ONLY,19.4352,,15.4768,3.9584,,25.5763,,0,,13.28,0.93,warning,,,CAMERA_ONLY
0,135.2914,t3141,BOTH,19.3902,10.4158,15.4768,3.9134,5.0610,25.2855,32.7004,0,0,17.48,1.42,warning,,,FULL_ANGLE
0,135.2914,t3140,LIDAR_ONLY,11.7125,11.7125,15.4768,3.7643,3.7643,24.3224,24.3224,0,0,17.48,1.42,cautious,26.42,front,LIDAR_ONLY
0,135.2914,t3140,LIDAR_ONLY,12.4120,12.4120,15.4768,3.0648,3.0648,19.8027,19.8027,0,0,17.48,1.42,cautious,18.30,front,LIDAR_ONLY
0,135.2914,t3140,LIDAR_ONLY,12.9344,12.9344,15.4768,2.5424,2.5424,16.4270,16.4270,0,0,17.48,1.42,cautious,22.36,front,LIDAR_ONLY
0,135.2914,t3141,LIDAR_ONLY,10.4231,10.4231,15.4768,5.0537,5.0537,32.6535,32.6535,0,0,17.48,1.42,cautious,6.12,front,LIDAR_ONLY
0,135.3614,cam_2,CAM_ONLY,19.4234,,15.4768,3.9466,,25.5001,,0,,20.94,0.90,warning,,,CAMERA_ONLY
0,135.4279,cam_2,CAM_ONLY,19.4493,,15.4768,3.9725,,25.6672,,0,,19.15,1.47,warning,,,CAMERA_ONLY
0,135.4899,cam_2,CAM_ONLY,19.3127,,15.4768,3.8358,,24.7844,,0,,14.69,1.26,warning,,,CAMERA_ONLY
0,135.4899,t3140,LIDAR_ONLY,13.2149,13.2149,15.4768,2.2619,2.2619,14.6149,14.6149,0,0,14.69,1.26,cautious,24.45,front,LIDAR_ONLY
0,135.4899,t3140,LIDAR_ONLY,13.0689,13.0689,15.4768,2.4079,2.4079,15.5580,15.5580,0,0,14.69,1.26,cautious,28.49,front,LIDAR_ONLY
0,135.5534,cam_2,CAM_ONLY,19.2530,,15.4768,3.7762,,24.3990,,0,,13.65,1.18,warning,,,CAMERA_ONLY
0,135.6153,cam_2,CAM_ONLY,19.6904,,15.4768,4.2136,,27.2252,,0,,9.95,0.90,warning,,,CAMERA_ONLY
0,135.6735,cam_2,CAM_ONLY,19.6433,,15.4768,4.1665,,26.9209,,0,,12.82,1.05,warning,,,CAMERA_ONLY
0,135.7409,t3153,BOTH,19.7096,10.3884,15.4768,4.2327,5.0885,27.3489,32.8780,0,0,18.72,1.42,warning,,,FULL_ANGLE
0,135.7409,t3152,LIDAR_ONLY,12.3494,12.3494,15.4768,3.1274,3.1274,20.2070,20.2070,0,0,18.72,1.42,cautious,25.30,front,LIDAR_ONLY
0,135.7409,t3152,LIDAR_ONLY,11.3132,11.3132,15.4768,4.1637,4.1637,26.9025,26.9025,0,0,18.72,1.42,cautious,29.48,front,LIDAR_ONLY
0,135.7409,t3152,LIDAR_ONLY,11.5638,11.5638,15.4768,3.9131,3.9131,25.2834,25.2834,0,0,18.72,1.42,cautious,21.11,front,LIDAR_ONLY
0,135.8072,cam_2,CAM_ONLY,19.3394,,15.4768,3.8626,,24.9570,,0,,20.68,1.25,warning,,,CAMERA_ONLY
0,135.8578,cam_2,CAM_ONLY,19.3268,,15.4768,3.8500,,24.8759,,0,,9.64,1.07,warning,,,CAMERA_ONLY
0,135.9278,cam_2,CAM_ONLY,19.3866,,15.4768,3.9098,,25.2622,,0,,13.23,0.79,warning,,,CAMERA_ONLY
0,135.9836,t3157,BOTH,19.2893,10.5077,15.4768,3.8125,4.9691,24.6333,32.1070,0,0,11.96,0.95,warning,,,FULL_ANGLE
0,135.9836,t3156,LIDAR_ONLY,20.4017,20.4017,15.4768,4.9249,4.9249,31.8208,31.8208,0,0,11.96,0.95,drive,17.88,front,LIDAR_ONLY
0,135.9836,t3157,LIDAR_ONLY,10.4537,10.4537,15.4768,5.0231,5.0231,32.4556,32.4556,0,0,11.96,0.95,cautious,5.65,front,LIDAR_ONLY
0,135.9836,t3157,LIDAR_ONLY,10.4571,10.4571,15.4768,5.0197,5.0197,32.4335,32.4335,0,0,11.96,0.95,cautious,-2.50,front,LIDAR_ONLY
0,136.0422,cam_2,CAM_ONLY,19.3523,,15.4768,3.8755,,25.0408,,0,,13.26,1.19,warning,,,CAMERA_ONLY
0,136.1015,cam_2,CAM_ONLY,19.3035,,15.4768,3.8267,,24.7253,,0,,13.62,1.20,warning,,,CAMERA_ONLY
0,136.1698,cam_2,CAM_ONLY,19.4445,,15.4768,3.9676,,25.6359,,0,,19.26,0.98,warning,,,CAMERA_ONLY
0,136.2417,t3169,BOTH,19.4405,10.5645,15.4768,3.9636,4.9123,25.6102,31.7399,0,0,20.02,1.25,warning,,,FULL_ANGLE
0,136.2417,t3168,LIDAR_ONLY,10.9253,10.9253,15.4768,4.5515,4.5515,29.4087,29.4087,0,0,20.02,1.25,cautious,28.00,front,LIDAR_ONLY
0,136.2417,t3168,LIDAR_ONLY,11.8154,11.8154,15.4768,3.6615,3.6615,23.6576,23.6576,0,0,20.02,1.25,cautious,20.00,front,LIDAR_ONLY
0,136.2417,t3169,LIDAR_ONLY,10.4717,10.4717,15.4768,5.0051,5.0051,32.3395,32.3395,0,0,20.02,1.25,cautious,3.98,front,LIDAR_ONLY
0,136.2417,t3168,LIDAR_ONLY,12.3676,12.3676,15.4768,3.1092,3.1092,20.0896,20.0896,0,0,20.02,1.25,cautious,24.00,front,LIDAR_ONLY
0,136.3033,cam_2,CAM_ONLY,19.3676,,15.4768,3.8908,,25.1393,,0,,16.22,1.07,warning,,,CAMERA_ONLY
0,136.3676,cam_2,CAM_ONLY,19.3139,,15.4768,3.8370,,24.7921,,0,,12.90,0.98,warning,,,CAMERA_ONLY
0,136.4276,cam_2,CAM_ONLY,19.2971,,15.4768,3.8203,,24.6838,,0,,11.23,0.84,warning,,,CAMERA_ONLY
0,136.4883,t3173,BOTH,19.7685,10.3871,15.4768,4.2917,5.0898,27.7297,32.8864,0,0,12.32,1.11,warning,,,FULL_ANGLE
0,136.4883,t3172,LIDAR_ONLY,14.0669,14.0669,15.4768,1.4099,1.4099,9.1099,9.1099,0,0,12.32,1.11,cautious,22.80,front,LIDAR_ONLY
0,136.4883,t3172,LIDAR_ONLY,14.5150,14.5150,15.4768,0.9618,0.9618,6.2145,6.2145,1,1,12.32,1.11,cautious,18.59,front,LIDAR_ONLY
0,136.4883,t3172,LIDAR_ONLY,13.9860,13.9860,15.4768,1.4908,1.4908,9.6326,9.6326,0,0,12.32,1.11,cautious,27.02,front,LIDAR_ONLY
0,136.4883,t3173,LIDAR_ONLY,10.3791,10.3791,15.4768,5.0977,5.0977,32.9375,32.9375,0,0,12.32,1.11,cautious,5.96,front,LIDAR_ONLY
0,136.5409,t3173,BOTH,19.2448,10.4379,15.4768,3.7679,5.0389,24.3457,32.5576,0,0,9.34,1.06,warning,,,FULL_ANGLE
0,136.5409,t3172,LIDAR_ONLY,13.3453,13.3453,15.4768,2.1315,2.1315,13.7722,13.7722,0,0,9.34,1.06,cautious,26.53,front,LIDAR_ONLY
0,136.5409,t3173,LIDAR_ONLY,10.4144,10.4144,15.4768,5.0624,5.0624,32.7098,32.7098,0,0,9.34,1.06,cautious,-3.09,front,LIDAR_ONLY
0,136.5409,t3173,LIDAR_ONLY,10.4447,10.4447,15.4768,5.0321,5.0321,32.5137,32.5137,0,0,9.34,1.06,cautious,5.38,front,LIDAR_ONLY
0,136.6074,cam_2,CAM_ONLY,19.3982,,15.4768,3.9214,,25.3371,,0,,15.57,1.30,warning,,,CAMERA_ONLY
0,136.6821,cam_2,CAM_ONLY,19.3316,,15.4768,3.8548,,24.9070,,0,,21.54,1.27,warning,,,CAMERA_ONLY
0,136.7447,cam_2,CAM_ONLY,19.3030,,15.4768,3.8262,,24.7220,,0,,19.08,1.19,warning,,,CAMERA_ONLY
0,136.7447,t3172,LIDAR_ONLY,12.7388,12.7388,15.4768,2.7380,2.7380,17.6909,17.6909,0,0,19.08,1.19,cautious,29.92,front,LIDAR_ONLY
0,136.7447,t3172,LIDAR_ONLY,12.2366,12.2366,15.4768,3.2402,3.2402,20.9360,20.9360,0,0,19.08,1.19,cautious,25.72,front,LIDAR_ONLY
0,136.8093,cam_2,CAM_ONLY,19.7351,,15.4768,4.2583,,27.5142,,0,,16.38,1.60,warning,,,CAMERA_ONLY
0,136.8754,cam_2,CAM_ONLY,19.3505,,15.4768,3.8737,,25.0288,,0,,14.00,0.99,warning,,,CAMERA_ONLY
0,136.9440,t3184,BOTH,19.7271,10.5298,15.4768,4.2503,4.9470,27.4621,31.9642,0,0,17.10,1.14,warning,,,FULL_ANGLE
0,136.9440,t3172,LIDAR_ONLY,12.0779,12.0779,15.4768,3.3989,3.3989,21.9613,21.9613,0,0,17.10,1.14,cautious,21.87,front,LIDAR_ONLY
0,136.9440,t3172,LIDAR_ONLY,12.1138,12.1138,15.4768,3.3630,3.3630,21.7295,21.7295,0,0,17.10,1.14,cautious,25.94,front,LIDAR_ONLY
0,136.9440,t3184,LIDAR_ONLY,10.4843,10.4843,15.4768,4.9925,4.9925,32.2580,32.2580,0,0,17.10,1.14,cautious,5.58,front,LIDAR_ONLY
0,136.9440,t3184,LIDAR_ONLY,10.4942,10.4942,15.4768,4.9827,4.9827,32.1944,32.1944,0,0,17.10,1.14,cautious,-2.56,front,LIDAR_ONLY
0,136.9981,cam_2,CAM_ONLY,19.7693,,15.4768,4.2924,,27.7347,,0,,9.91,0.94,warning,,,CAMERA_ONLY
0,137.0615,cam_2,CAM_ONLY,19.4220,,15.4768,3.9452,,25.4909,,0,,15.18,0.90,warning,,,CAMERA_ONLY
0,137.1233,cam_2,CAM_ONLY,19.5109,,15.4768,4.0341,,26.0652,,0,,13.58,1.13,warning,,,CAMERA_ONLY
0,137.1829,t3190,BOTH,19.2859,10.5332,15.4768,3.8091,4.9436,24.6113,31.9422,0,0,14.07,1.14,warning,,,FULL_ANGLE
0,137.1829,t3189,LIDAR_ONLY,18.5797,18.5797,15.4768,3.1028,3.1028,20.0483,20.0483,0,0,14.07,1.14,drive,18.89,front,LIDAR_ONLY
0,137.1829,t3189,LIDAR_ONLY,15.4624,15.4624,15.4768,0.0145,0.0145,0.0935,0.0935,1,1,14.07,1.14,drive,22.99,front,LIDAR_ONLY
0,137.1829,t3190,LIDAR_ONLY,10.5878,10.5878,15.4768,4.8890,4.8890,31.5892,31.5892,0,0,14.07,1.14,cautious,-1.65,front,LIDAR_ONLY
0,137.1829,t3190,LIDAR_ONLY,10.4941,10.4941,15.4768,4.9827,4.9827,32.1945,32.1945,0,0,14.07,1.14,cautious,6.57,front,LIDAR_ONLY
0,137.1829,t3189,LIDAR_ONLY,13.8054,13.8054,15.4768,1.6714,1.6714,10.7993,10.7993,0,0,14.07,1.14,cautious,27.10,front,LIDAR_ONLY
0,137.2358,t3190,BOTH,19.7083,10.5065,15.4768,4.2315,4.9703,27.3407,32.1147,0,0,12.90,0.97,warning,,,FULL_ANGLE
0,137.2358,t3189,LIDAR_ONLY,13.7745,13.7745,15.4768,1.7023,1.7023,10.9991,10.9991,0,0,12.90,0.97,cautious,23.31,front,LIDAR_ONLY
0,137.2358,t3189,LIDAR_ONLY,12.9543,12.9543,15.4768,2.5225,2.5225,16.2985,16.2985,0,0,12.90,0.97,cautious,27.52,front,LIDAR_ONLY
0,137.2358,t3190,LIDAR_ONLY,10.5006,10.5006,15.4768,4.9762,4.9762,32.1529,32.1529,0,0,12.90,0.97,cautious,-1.96,front,LIDAR_ONLY
0,137.2358,t3190,LIDAR_ONLY,10.5042,10.5042,15.4768,4.9727,4.9727,32.1297,32.1297,0,0,12.90,0.97,cautious,6.46,front,LIDAR_ONLY
0,137.2981,cam_2,CAM_ONLY,19.2109,,15.4768,3.7340,,24.1266,,0,,13.99,1.00,warning,,,CAMERA_ONLY
0,137.3499,cam_2,CAM_ONLY,19.3819,,15.4768,3.9051,,25.2317,,0,,12.05,1.21,warning,,,CAMERA_ONLY
0,137.4096,cam_2,CAM_ONLY,19.2427,,15.4768,3.7659,,24.3324,,0,,15.82,0.91,warning,,,CAMERA_ONLY
0,137.4914,t3198,BOTH,19.2747,10.4398,15.4768,3.7979,5.0370,24.5392,32.5454,0,0,22.64,1.12,warning,,,FULL_ANGLE
0,137.4914,t3195,LIDAR_ONLY,10.3636,10.3636,15.4768,5.1132,5.1132,33.0379,33.0379,0,0,22.64,1.12,cautious,29.31,front,LIDAR_ONLY
0,137.4914,t3197,LIDAR_ONLY,22.1603,22.1603,15.4768,6.6834,6.6834,43.1835,43.1835,0,0,22.64,1.12,drive,17.05,front,LIDAR_ONLY
0,137.4914,t3195,LIDAR_ONLY,10.5646,10.5646,15.4768,4.9122,4.9122,31.7391,31.7391,0,0,22.64,1.12,cautious,25.22,front,LIDAR_ONLY
0,137.4914,t3197,LIDAR_ONLY,18.8316,18.8316,15.4768,3.3548,3.3548,21.6760,21.6760,0,0,22.64,1.12,drive,21.14,front,LIDAR_ONLY
0,137.4914,t3198,LIDAR_ONLY,10.4502,10.4502,15.4768,5.0266,5.0266,32.4781,32.4781,0,0,22.64,1.12,cautious,-3.37,front,LIDAR_ONLY
0,137.4914,t3198,LIDAR_ONLY,10.4552,10.4552,15.4768,5.0217,5.0217,32.4463,32.4463,0,0,22.64,1.12,cautious,4.80,front,LIDAR_ONLY
0,137.5476,cam_2,CAM_ONLY,19.2439,,15.4768,3.7671,,24.3401,,0,,9.02,1.20,warning,,,CAMERA_ONLY
0,137.6050,cam_2,CAM_ONLY,19.7291,,15.4768,4.2523,,27.4754,,0,,13.32,1.20,warning,,,CAMERA_ONLY
0,137.6604,cam_2,CAM_ONLY,19.3039,,15.4768,3.8271,,24.7278,,0,,10.51,0.86,warning,,,CAMERA_ONLY
0,137.7148,cam_2,CAM_ONLY,19.4285,,15.4768,3.9517,,25.5330,,0,,9.57,0.92,warning,,,CAMERA_ONLY
0,137.7802,cam_2,CAM_ONLY,19.2623,,15.4768,3.7855,,24.4591,,0,,11.04,0.78,warning,,,CAMERA_ONLY
0,137.8383,cam_2,CAM_ONLY,19.2759,,15.4768,3.7991,,24.5471,,0,,15.12,1.20,warning,,,CAMERA_ONLY
0,137.8383,t3206,LIDAR_ONLY,11.2144,11.2144,15.4768,4.2624,4.2624,27.5404,27.5404,0,0,15.12,1.20,cautious,27.39,front,LIDAR_ONLY
0,137.8970,cam_2,CAM_ONLY,19.2702,,15.4768,3.7933,,24.5098,,0,,11.95,0.97,warning,,,CAMERA_ONLY
0,137.9656,cam_2,CAM_ONLY,19.2848,,15.4768,3.8080,,24.6044,,0,,19.97,1.59,warning,,,CAMERA_ONLY
0,138.0319,t3209,BOTH,19.7239,10.5016,15.4768,4.2471,4.9753,27.4417,32.1465,0,0,17.22,0.86,warning,,,FULL_ANGLE
0,138.0319,t3209,LIDAR_ONLY,10.5702,10.5702,15.4768,4.9066,4.9066,31.7032,31.7032,0,0,17.22,0.86,cautious,-1.05,front,LIDAR_ONLY
0,138.0319,t3209,LIDAR_ONLY,10.5436,10.5436,15.4768,4.9333,4.9333,31.8752,31.8752,0,0,17.22,0.86,cautious,6.96,front,LIDAR_ONLY
0,138.0929,t3209,BOTH,19.3625,10.5586,15.4768,3.8857,4.9182,25.1063,31.7779,0,0,15.13,1.36,warning,,,FULL_ANGLE
0,138.0929,t3212,LIDAR_ONLY,10.1546,10.1546,15.4768,5.3222,5.3222,34.3880,34.3880,0,0,15.13,1.36,cautious,29.83,front,LIDAR_ONLY
0,138.0929,t3213,LIDAR_ONLY,21.3646,21.3646,15.4768,5.8878,5.8878,38.0428,38.0428,0,0,15.13,1.36,drive,17.41,front,LIDAR_ONLY
0,138.0929,t3213,LIDAR_ONLY,17.7967,17.7967,15.4768,2.3198,2.3198,14.9892,14.9892,0,0,15.13,1.36,drive,21.55,front,LIDAR_ONLY
0,138.0929,t3213,LIDAR_ONLY,15.7133,15.7133,15.4768,0.2365,0.2365,1.5281,1.5281,1,1,15.13,1.36,drive,25.69,front,LIDAR_ONLY
0,138.0929,t3209,LIDAR_ONLY,10.5531,10.5531,15.4768,4.9237,4.9237,31.8135,31.8135,0,0,15.13,1.36,cautious,4.98,front,LIDAR_ONLY
0,138.1487,cam_2,CAM_ONLY,19.2385,,15.4768,3.7617,,24.3052,,0,,14.01,0.97,warning,,,CAMERA_ONLY
0,138.2029,cam_2,CAM_ONLY,19.5820,,15.4768,4.1051,,26.5244,,0,,12.98,1.20,warning,,,CAMERA_ONLY
0,138.2689,cam_2,CAM_ONLY,19.2170,,15.4768,3.7402,,24.1662,,0,,19.37,1.57,warning,,,CAMERA_ONLY
0,138.3349,t3221,BOTH,19.3097,10.4881,15.4768,3.8329,4.9887,24.7656,32.2334,0,0,13.32,1.09,warning,,,FULL_ANGLE
0,138.3349,t3220,LIDAR_ONLY,11.7289,11.7289,15.4768,3.7479,3.7479,24.2161,24.2161,0,0,13.32,1.09,cautious,26.39,front,LIDAR_ONLY
0,138.3349,t3220,LIDAR_ONLY,12.1793,12.1793,15.4768,3.2975,3.2975,21.3059,21.3059,0,0,13.32,1.09,cautious,22.28,front,LIDAR_ONLY
0,138.3349,t3221,LIDAR_ONLY,10.5178,10.5178,15.4768,4.9591,4.9591,32.0418,32.0418,0,0,13.32,1.09,cautious,-2.39,front,LIDAR_ONLY
0,138.3349,t3221,LIDAR_ONLY,10.4757,10.4757,15.4768,5.0011,5.0011,32.3135,32.3135,0,0,13.32,1.09,cautious,5.84,front,LIDAR_ONLY
0,138.3956,cam_2,CAM_ONLY,19.3162,,15.4768,3.8394,,24.8073,,0,,11.30,0.97,warning,,,CAMERA_ONLY
0,138.4598,cam_2,CAM_ONLY,19.3394,,15.4768,3.8626,,24.9574,,0,,17.81,0.86,warning,,,CAMERA_ONLY
0,138.5379,t3221,BOTH,19.3051,10.4803,15.4768,3.8283,4.9965,24.7354,32.2838,0,0,19.83,1.25,warning,,,FULL_ANGLE
0,138.5379,t3220,LIDAR_ONLY,13.1946,13.1946,15.4768,2.2822,2.2822,14.7461,14.7461,0,0,19.83,1.25,cautious,16.24,front,LIDAR_ONLY
0,138.5379,t3220,LIDAR_ONLY,13.6702,13.6702,15.4768,1.8067,1.8067,11.6733,11.6733,0,0,19.83,1.25,cautious,24.32,front,LIDAR_ONLY
0,138.5379,t3220,LIDAR_ONLY,13.8435,13.8435,15.4768,1.6333,1.6333,10.5533,10.5533,0,0,19.83,1.25,cautious,28.37,front,LIDAR_ONLY
0,138.5379,t3221,LIDAR_ONLY,10.4817,10.4817,15.4768,4.9951,4.9951,32.2747,32.2747,0,0,19.83,1.25,cautious,4.11,front,LIDAR_ONLY
0,138.5379,t3220,LIDAR_ONLY,14.2634,14.2634,15.4768,1.2134,1.2134,7.8401,7.8401,0,0,19.83,1.25,cautious,20.28,front,LIDAR_ONLY
0,138.6076,cam_2,CAM_ONLY,19.7083,,15.4768,4.2314,,27.3405,,0,,10.02,1.19,warning,,,CAMERA_ONLY
0,138.6704,cam_2,CAM_ONLY,19.3388,,15.4768,3.8620,,24.9533,,0,,12.46,0.97,warning,,,CAMERA_ONLY
0,138.7377,t3221,BOTH,19.2329,10.4738,15.4768,3.7561,5.0030,24.2692,32.3259,0,0,22.65,1.08,warning,,,FULL_ANGLE
0,138.7377,t3220,LIDAR_ONLY,14.2880,14.2880,15.4768,1.1888,1.1888,7.6812,7.6812,0,0,22.65,1.08,cautious,25.87,front,LIDAR_ONLY
0,138.7377,t3221,LIDAR_ONLY,10.4836,10.4836,15.4768,4.9932,4.9932,32.2623,32.2623,0,0,22.65,1.08,cautious,-3.06,front,LIDAR_ONLY
0,138.7377,t3220,LIDAR_ONLY,13.2756,13.2756,15.4768,2.2012,2.2012,14.2227,14.2227,0,0,22.65,1.08,cautious,21.74,front,LIDAR_ONLY
0,138.8013,cam_2,CAM_ONLY,19.2527,,15.4768,3.7759,,24.3972,,0,,13.76,1.05,warning,,,CAMERA_ONLY
0,138.8549,cam_2,CAM_ONLY,19.6759,,15.4768,4.1991,,27.1313,,0,,11.24,1.22,warning,,,CAMERA_ONLY
0,138.9308,t3221,BOTH,19.7325,10.4770,15.4768,4.2557,4.9998,27.4973,32.3054,0,0,13.83,0.79,warning,,,FULL_ANGLE
0,138.9958,cam_2,CAM_ONLY,19.6882,,15.4768,4.2114,,27.2110,,0,,15.13,1.18,warning,,,CAMERA_ONLY
0,138.9958,t3235,LIDAR_ONLY,10.2951,10.2951,15.4768,5.1817,5.1817,33.4806,33.4806,0,0,15.13,1.18,cautious,29.48,front,LIDAR_ONLY
0,138.9958,t3235,LIDAR_ONLY,10.7777,10.7777,15.4768,4.6991,4.6991,30.3624,30.3624,0,0,15.13,1.18,cautious,21.04,front,LIDAR_ONLY
0,139.0647,cam_2,CAM_ONLY,19.6554,,15.4768,4.1786,,26.9988,,0,,18.75,1.17,warning,,,CAMERA_ONLY
0,139.1248,cam_2,CAM_ONLY,19.7289,,15.4768,4.2521,,27.4741,,0,,12.16,1.14,warning,,,CAMERA_ONLY
0,139.1797,cam_2,CAM_ONLY,19.4347,,15.4768,3.9578,,25.5727,,0,,11.95,0.86,warning,,,CAMERA_ONLY
0,139.2393,t3244,BOTH,19.2713,10.5653,15.4768,3.7945,4.9115,24.5173,31.7348,0,0,10.84,1.16,warning,,,FULL_ANGLE
0,139.2393,t3243,LIDAR_ONLY,14.4484,14.4484,15.4768,1.0284,1.0284,6.6448,6.6448,0,0,10.84,1.16,cautious,22.33,front,LIDAR_ONLY
0,139.2393,t3243,LIDAR_ONLY,12.9590,12.9590,15.4768,2.5178,2.5178,16.2682,16.2682,0,0,10.84,1.16,cautious,26.45,front,LIDAR_ONLY
0,139.2393,t3243,LIDAR_ONLY,13.4324,13.4324,15.4768,2.0444,2.0444,13.2095,13.2095,0,0,10.84,1.16,cautious,18.22,front,LIDAR_ONLY
0,139.2393,t3244,LIDAR_ONLY,10.6099,10.6099,15.4768,4.8669,4.8669,31.4465,31.4465,0,0,10.84,1.16,cautious,-2.33,front,LIDAR_ONLY
0,139.2982,cam_2,CAM_ONLY,19.6850,,15.4768,4.2082,,27.1905,,0,,13.04,1.05,warning,,,CAMERA_ONLY
0,139.3647,cam_2,CAM_ONLY,19.3138,,15.4768,3.8370,,24.7919,,0,,13.91,0.97,warning,,,CAMERA_ONLY
0,139.4241,cam_2,CAM_ONLY,19.3515,,15.4768,3.8747,,25.0355,,0,,13.74,0.97,warning,,,CAMERA_ONLY
0,139.4796,cam_2,CAM_ONLY,19.4195,,15.4768,3.9427,,25.4748,,0,,9.97,0.87,warning,,,CAMERA_ONLY
0,139.5492,cam_2,CAM_ONLY,19.2485,,15.4768,3.7716,,24.3696,,0,,17.12,1.27,warning,,,CAMERA_ONLY
0,139.6092,cam_2,CAM_ONLY,19.5992,,15.4768,4.1223,,26.6356,,0,,11.56,0.97,warning,,,CAMERA_ONLY
0,139.6768,cam_2,CAM_ONLY,19.6438,,15.4768,4.1669,,26.9237,,0,,19.81,1.30,warning,,,CAMERA_ONLY
0,139.7392,cam_2,CAM_ONLY,19.2948,,15.4768,3.8179,,24.6687,,0,,17.84,1.02,warning,,,CAMERA_ONLY
0,139.7917,t3258,BOTH,19.7387,10.4600,15.4768,4.2619,5.0169,27.5374,32.4153,0,0,10.17,1.12,warning,,,FULL_ANGLE
0,139.7917,t3257,LIDAR_ONLY,12.2145,12.2145,15.4768,3.2623,3.2623,21.0785,21.0785,0,0,10.17,1.12,cautious,25.52,front,LIDAR_ONLY
0,139.7917,t3257,LIDAR_ONLY,11.0772,11.0772,15.4768,4.3996,4.3996,28.4273,28.4273,0,0,10.17,1.12,cautious,29.52,front,LIDAR_ONLY
0,139.7917,t3257,LIDAR_ONLY,11.3183,11.3183,15.4768,4.1586,4.1586,26.8697,26.8697,0,0,10.17,1.12,cautious,21.53,front,LIDAR_ONLY
0,139.8517,cam_2,CAM_ONLY,19.3870,,15.4768,3.9102,,25.2648,,0,,13.20,1.49,warning,,,CAMERA_ONLY
0,139.9080,cam_2,CAM_ONLY,19.2715,,15.4768,3.7947,,24.5186,,0,,9.46,1.16,warning,,,CAMERA_ONLY
0,139.9699,cam_2,CAM_ONLY,19.7691,,15.4768,4.2923,,27.7338,,0,,15.00,0.89,warning,,,CAMERA_ONLY
0,140.0296,cam_2,CAM_ONLY,19.7318,,15.4768,4.2549,,27.4923,,0,,13.64,0.78,warning,,,CAMERA_ONLY
0,140.0897,t3268,BOTH,19.3915,10.6260,15.4768,3.9146,4.8509,25.2936,31.3427,0,0,14.02,1.26,warning,,,FULL_ANGLE
0,140.0897,t3266,LIDAR_ONLY,12.5457,12.5457,15.4768,2.9312,2.9312,18.9391,18.9391,0,0,14.02,1.26,cautious,24.97,front,LIDAR_ONLY
0,140.0897,t3266,LIDAR_ONLY,14.0367,14.0367,15.4768,1.4402,1.4402,9.3053,9.3053,0,0,14.02,1.26,cautious,16.89,front,LIDAR_ONLY
0,140.0897,t3267,LIDAR_ONLY,10.4834,10.4834,15.4768,4.9934,4.9934,32.2638,32.2638,0,0,14.02,1.26,cautious,29.02,front,LIDAR_ONLY
0,140.0897,t3268,LIDAR_ONLY,10.6698,10.6698,15.4768,4.8070,4.8070,31.0594,31.0594,0,0,14.02,1.26,cautious,-3.34,front,LIDAR_ONLY
0,140.0897,t3268,LIDAR_ONLY,10.5235,10.5235,15.4768,4.9533,4.9533,32.0046,32.0046,0,0,14.02,1.26,cautious,4.75,front,LIDAR_ONLY
0,140.1443,cam_2,CAM_ONLY,19.4375,,15.4768,3.9607,,25.5911,,0,,10.50,1.20,warning,,,CAMERA_ONLY
0,140.1443,t3267,LIDAR_ONLY,10.7425,10.7425,15.4768,4.7344,4.7344,30.5901,30.5901,0,0,10.50,1.20,cautious,24.12,front,LIDAR_ONLY
0,140.1443,t3267,LIDAR_ONLY,10.8712,10.8712,15.4768,4.6057,4.6057,29.7585,29.7585,0,0,10.50,1.20,cautious,28.23,front,LIDAR_ONLY
0,140.2033,cam_2,CAM_ONLY,19.2596,,15.4768,3.7827,,24.4413,,0,,13.90,1.45,warning,,,CAMERA_ONLY
0,140.2606,cam_2,CAM_ONLY,19.3151,,15.4768,3.8383,,24.8003,,0,,9.21,1.20,warning,,,CAMERA_ONLY
0,140.3195,cam_2,CAM_ONLY,19.6982,,15.4768,4.2214,,27.2755,,0,,14.22,1.62,warning,,,CAMERA_ONLY
0,140.3846,t3276,BOTH,19.7582,10.5417,15.4768,4.2814,4.9351,27.6633,31.8871,0,0,20.40,1.07,warning,,,FULL_ANGLE
0,140.3846,t3275,LIDAR_ONLY,14.7867,14.7867,15.4768,0.6901,0.6901,4.4588,4.4588,1,1,20.40,1.07,cautious,21.94,front,LIDAR_ONLY
0,140.3846,t3275,LIDAR_ONLY,13.1865,13.1865,15.4768,2.2903,2.2903,14.7984,14.7984,0,0,20.40,1.07,cautious,26.13,front,LIDAR_ONLY
0,140.3846,t3275,LIDAR_ONLY,13.7787,13.7787,15.4768,1.6981,1.6981,10.9720,10.9720,0,0,20.40,1.07,cautious,17.75,front,LIDAR_ONLY
0,140.3846,t3276,LIDAR_ONLY,10.6244,10.6244,15.4768,4.8524,4.8524,31.3530,31.3530,0,0,20.40,1.07,cautious,-3.21,front,LIDAR_ONLY
0,140.3846,t3276,LIDAR_ONLY,10.4923,10.4923,15.4768,4.9845,4.9845,32.2065,32.2065,0,0,20.40,1.07,cautious,5.18,front,LIDAR_ONLY
0,140.4436,cam_2,CAM_ONLY,19.3702,,15.4768,3.8934,,25.1563,,0,,12.47,1.23,warning,,,CAMERA_ONLY
0,140.4436,t3275,LIDAR_ONLY,14.0247,14.0247,15.4768,1.4521,1.4521,9.3823,9.3823,0,0,12.47,1.23,cautious,23.97,front,LIDAR_ONLY
0,140.4436,t3275,LIDAR_ONLY,13.8660,13.8660,15.4768,1.6109,1.6109,10.4082,10.4082,0,0,12.47,1.23,cautious,28.20,front,LIDAR_ONLY
0,140.4436,t3275,LIDAR_ONLY,13.9349,13.9349,15.4768,1.5419,1.5419,9.9629,9.9629,0,0,12.47,1.23,cautious,19.75,front,LIDAR_ONLY
0,140.5058,cam_2,CAM_ONLY,19.2244,,15.4768,3.7476,,24.2141,,0,,14.55,1.17,warning,,,CAMERA_ONLY
0,140.5655,cam_2,CAM_ONLY,19.2724,,15.4768,3.7956,,24.5243,,0,,13.29,0.92,warning,,,CAMERA_ONLY
0,140.6284,cam_2,CAM_ONLY,19.6293,,15.4768,4.1524,,26.8301,,0,,11.88,0.89,warning,,,CAMERA_ONLY
0,140.6923,cam_2,CAM_ONLY,19.6624,,15.4768,4.1856,,27.0444,,0,,12.78,1.24,warning,,,CAMERA_ONLY
0,140.6923,t3287,LIDAR_ONLY,13.2332,13.2332,15.4768,2.2437,2.2437,14.4969,14.4969,0,0,12.78,1.24,cautious,23.93,front,LIDAR_ONLY
0,140.6923,t3287,LIDAR_ONLY,12.2112,12.2112,15.4768,3.2657,3.2657,21.1004,21.1004,0,0,12.78,1.24,cautious,28.13,front,LIDAR_ONLY
0,140.6923,t3287,LIDAR_ONLY,12.8412,12.8412,15.4768,2.6357,2.6357,17.0298,17.0298,0,0,12.78,1.24,cautious,19.73,front,LIDAR_ONLY
0,140.7493,cam_2,CAM_ONLY,19.2871,,15.4768,3.8102,,24.6190,,0,,10.42,1.18,warning,,,CAMERA_ONLY
0,140.8113,cam_2,CAM_ONLY,19.3676,,15.4768,3.8908,,25.1394,,0,,13.39,1.00,warning,,,CAMERA_ONLY
0,140.8718,cam_2,CAM_ONLY,19.2415,,15.4768,3.7647,,24.3245,,0,,11.95,1.22,warning,,,CAMERA_ONLY
0,140.9246,cam_2,CAM_ONLY,19.6329,,15.4768,4.1561,,26.8537,,0,,11.42,0.83,warning,,,CAMERA_ONLY
0,141.0000,cam_2,CAM_ONLY,19.2672,,15.4768,3.7904,,24.4908,,0,,17.76,1.37,warning,,,CAMERA_ONLY
0,141.0615,cam_2,CAM_ONLY,19.2802,,15.4768,3.8034,,24.5747,,0,,12.94,0.98,warning,,,CAMERA_ONLY
0,141.1228,cam_2,CAM_ONLY,19.4601,,15.4768,3.9833,,25.7371,,0,,18.23,2.32,warning,,,CAMERA_ONLY
0,141.1784,cam_2,CAM_ONLY,19.2983,,15.4768,3.8215,,24.6916,,0,,11.23,0.99,warning,,,CAMERA_ONLY
0,141.2396,t3304,BOTH,19.3103,10.5351,15.4768,3.8335,4.9417,24.7694,31.9298,0,0,13.25,1.30,warning,,,FULL_ANGLE
0,141.2396,t3302,LIDAR_ONLY,12.7335,12.7335,15.4768,2.7434,2.7434,17.7256,17.7256,0,0,13.25,1.30,cautious,24.68,front,LIDAR_ONLY
0,141.2396,t3302,LIDAR_ONLY,11.4837,11.4837,15.4768,3.9931,3.9931,25.8006,25.8006,0,0,13.25,1.30,cautious,28.84,front,LIDAR_ONLY
0,141.2396,t3304,LIDAR_ONLY,10.5002,10.5002,15.4768,4.9767,4.9767,32.1556,32.1556,0,0,13.25,1.30,cautious,3.86,front,LIDAR_ONLY
0,141.2396,t3302,LIDAR_ONLY,11.7319,11.7319,15.4768,3.7450,3.7450,24.1972,24.1972,0,0,13.25,1.30,cautious,20.51,front,LIDAR_ONLY
0,141.3011,cam_2,CAM_ONLY,19.6278,,15.4768,4.1510,,26.8205,,0,,13.41,1.20,warning,,,CAMERA_ONLY
0,141.3674,cam_2,CAM_ONLY,19.2469,,15.4768,3.7701,,24.3596,,0,,19.04,1.31,warning,,,CAMERA_ONLY
0,141.4276,cam_2,CAM_ONLY,19.7117,,10.8572,8.8545,,81.5544,,0,,13.51,0.83,warning,,,CAMERA_ONLY
0,141.4919,cam_2,CAM_ONLY,19.3646,,11.0180,8.3466,,75.7540,,0,,17.31,1.12,warning,,,CAMERA_ONLY
0,141.4919,t3314,LIDAR_ONLY,11.1410,11.1410,11.0180,0.1230,0.1230,1.1165,1.1165,1,1,17.31,1.12,cautious,27.54,front,LIDAR_ONLY
0,141.5512,cam_2,CAM_ONLY,19.3917,,11.2626,8.1291,,72.1775,,0,,13.40,1.10,warning,,,CAMERA_ONLY
0,141.5999,cam_2,CAM_ONLY,19.6835,,11.5195,8.1640,,70.8713,,0,,9.20,1.16,warning,,,CAMERA_ONLY
0,141.6539,cam_2,CAM_ONLY,19.2110,,11.8252,7.3858,,62.4576,,0,,13.80,1.22,warning,,,CAMERA_ONLY
0,141.7239,cam_2,CAM_ONLY,19.7135,,12.3251,7.3883,,59.9453,,0,,16.22,1.14,warning,,,CAMERA_ONLY
0,141.7947,t3327,BOTH,19.3967,10.5548,12.9279,6.4688,2.3731,50.0372,18.3562,0,0,14.75,1.34,warning,,,FULL_ANGLE
0,141.7947,t3325,LIDAR_ONLY,10.2374,10.2374,12.9279,2.6906,2.6906,20.8120,20.8120,0,0,14.75,1.34,cautious,29.62,front,LIDAR_ONLY
0,141.7947,t3326,LIDAR_ONLY,22.0967,22.0967,12.9279,9.1688,9.1688,70.9221,70.9221,0,0,14.75,1.34,drive,17.08,front,LIDAR_ONLY
0,141.7947,t3326,LIDAR_ONLY,18.2628,18.2628,12.9279,5.3349,5.3349,41.2666,41.2666,0,0,14.75,1.34,drive,21.26,front,LIDAR_ONLY
0,141.7947,t3326,LIDAR_ONLY,16.4457,16.4457,12.9279,3.5177,3.5177,27.2103,27.2103,0,0,14.75,1.34,drive,25.44,front,LIDAR_ONLY
0,141.7947,t3327,LIDAR_ONLY,10.5137,10.5137,12.9279,2.4142,2.4142,18.6742,18.6742,0,0,14.75,1.34,cautious,4.54,front,LIDAR_ONLY
0,141.8557,cam_2,CAM_ONLY,19.4492,,13.4891,5.9601,,44.1846,,0,,11.57,1.22,warning,,,CAMERA_ONLY
0,141.9182,cam_2,CAM_ONLY,19.2981,,14.1510,5.1471,,36.3728,,0,,13.31,1.05,warning,,,CAMERA_ONLY
0,141.9790,cam_2,CAM_ONLY,19.2636,,14.8191,4.4445,,29.9916,,0,,14.39,1.04,warning,,,CAMERA_ONLY
0,142.0489,cam_2,CAM_ONLY,19.5284,,15.4768,4.0516,,26.1785,,0,,15.28,1.00,warning,,,CAMERA_ONLY
0,142.1119,cam_2,CAM_ONLY,19.4128,,15.4768,3.9360,,25.4317,,0,,14.34,1.08,warning,,,CAMERA_ONLY
0,142.1877,t3338,BOTH,19.4246,10.5029,15.4768,3.9478,4.9739,25.5079,32.1378,0,0,23.58,2.73,warning,,,FULL_ANGLE
0,142.1877,t3337,LIDAR_ONLY,14.2250,14.2250,15.4768,1.2518,1.2518,8.0881,8.0881,0,0,23.58,2.73,cautious,22.61,front,LIDAR_ONLY
0,142.1877,t3337,LIDAR_ONLY,12.5031,12.5031,15.4768,2.9737,2.9737,19.2142,19.2142,0,0,23.58,2.73,cautious,26.76,front,LIDAR_ONLY
0,142.1877,t3338,LIDAR_ONLY,10.4500,10.4500,15.4768,5.0268,5.0268,32.4794,32.4794,0,0,23.58,2.73,cautious,5.98,front,LIDAR_ONLY
0,142.1877,t3338,LIDAR_ONLY,10.4649,10.4649,15.4768,5.0120,5.0120,32.3836,32.3836,0,0,23.58,2.73,cautious,-2.33,front,LIDAR_ONLY
0,142.2581,cam_2,CAM_ONLY,19.3659,,15.4768,3.8891,,25.1287,,0,,15.93,1.25,warning,,,CAMERA_ONLY
0,142.3125,cam_2,CAM_ONLY,19.3270,,15.4768,3.8502,,24.8771,,0,,9.72,0.88,warning,,,CAMERA_ONLY
0,142.3703,cam_2,CAM_ONLY,19.5981,,15.4768,4.1213,,26.6289,,0,,11.48,0.82,warning,,,CAMERA_ONLY
0,142.4306,t3344,BOTH,19.3363,10.5210,15.4768,3.8595,4.9558,24.9373,32.0208,0,0,20.17,0.90,warning,,,FULL_ANGLE
0,142.4306,t3344,LIDAR_ONLY,10.5711,10.5711,15.4768,4.9057,4.9057,31.6969,31.6969,0,0,20.17,0.90,cautious,-1.08,front,LIDAR_ONLY
0,142.4306,t3345,LIDAR_ONLY,19.7568,19.7568,15.4768,4.2800,4.2800,27.6543,27.6543,0,0,20.17,0.90,drive,-25.55,front,LIDAR_ONLY
0,142.5039,cam_2,CAM_ONLY,19.3081,,15.4768,3.8313,,24.7548,,0,,13.60,1.18,warning,,,CAMERA_ONLY
0,142.5607,cam_2,CAM_ONLY,19.3359,,15.4768,3.8591,,24.9344,,0,,12.25,1.09,warning,,,CAMERA_ONLY
0,142.6198,cam_2,CAM_ONLY,19.4765,,15.4768,3.9997,,25.8429,,0,,14.17,1.89,warning,,,CAMERA_ONLY
0,142.6796,cam_2,CAM_ONLY,19.0773,,15.4768,3.6004,,23.2634,,0,,13.01,0.72,warning,,,CAMERA_ONLY
0,142.7499,cam_2,CAM_ONLY,19.0470,,15.4768,3.5701,,23.0676,,0,,19.85,2.51,warning,,,CAMERA_ONLY
0,142.7499,t3353,LIDAR_ONLY,13.8534,13.8534,15.4768,1.6234,1.6234,10.4892,10.4892,0,0,19.85,2.51,cautious,23.08,front,LIDAR_ONLY
0,142.7499,t3353,LIDAR_ONLY,12.5856,12.5856,15.4768,2.8912,2.8912,18.6810,18.6810,0,0,19.85,2.51,cautious,27.15,front,LIDAR_ONLY
0,142.8323,t3357,BOTH,19.0711,10.4992,15.4768,3.5943,4.9776,23.2237,32.1618,0,0,20.03,0.95,warning,,,FULL_ANGLE
0,142.8323,t3355,LIDAR_ONLY,25.4899,25.4899,15.4768,10.0131,10.0131,64.6976,64.6976,0,0,20.03,0.95,drive,15.83,front,LIDAR_ONLY
0,142.8323,t3356,LIDAR_ONLY,25.6892,25.6892,15.4768,10.2124,10.2124,65.9851,65.9851,0,0,20.03,0.95,drive,-16.75,front,LIDAR_ONLY
0,142.8323,t3357,LIDAR_ONLY,10.4762,10.4762,15.4768,5.0006,5.0006,32.3102,32.3102,0,0,20.03,0.95,cautious,3.61,front,LIDAR_ONLY
0,142.8323,t3357,LIDAR_ONLY,10.4854,10.4854,15.4768,4.9914,4.9914,32.2508,32.2508,0,0,20.03,0.95,cautious,-4.54,front,LIDAR_ONLY
0,142.8996,cam_2,CAM_ONLY,19.2121,,15.4768,3.7352,,24.1344,,0,,14.26,1.23,warning,,,CAMERA_ONLY
0,142.9625,cam_2,CAM_ONLY,19.2512,,15.4768,3.7744,,24.3875,,0,,16.33,0.99,warning,,,CAMERA_ONLY
0,143.0317,t3357,BOTH,19.1092,10.5185,15.4768,3.6324,4.9583,23.4698,32.0372,0,0,18.76,0.86,warning,,,FULL_ANGLE
0,143.0317,t3357,LIDAR_ONLY,10.5110,10.5110,15.4768,4.9658,4.9658,32.0856,32.0856,0,0,18.76,0.86,cautious,-4.21,front,LIDAR_ONLY
0,143.0317,t3357,LIDAR_ONLY,10.5202,10.5202,15.4768,4.9567,4.9567,32.0264,32.0264,0,0,18.76,0.86,cautious,3.96,front,LIDAR_ONLY
0,143.0965,cam_2,CAM_ONLY,19.0687,,15.4768,3.5919,,23.2079,,0,,14.11,1.12,warning,,,CAMERA_ONLY
0,143.1672,cam_2,CAM_ONLY,19.1335,,15.4768,3.6566,,23.6265,,0,,12.92,0.98,warning,,,CAMERA_ONLY
0,143.2313,t3357,BOTH,19.1199,10.5213,15.4768,3.6431,4.9555,23.5388,32.0189,0,0,13.81,0.77,warning,,,FULL_ANGLE
0,143.2977,cam_2,CAM_ONLY,19.5858,,15.4768,4.1090,,26.5492,,0,,14.45,1.09,warning,,,CAMERA_ONLY
0,143.3642,cam_2,CAM_ONLY,19.0101,,15.4768,3.5333,,22.8296,,0,,17.40,0.84,warning,,,CAMERA_ONLY
0,143.4220,cam_2,CAM_ONLY,19.5055,,15.4768,4.0286,,26.0302,,0,,13.95,1.05,warning,,,CAMERA_ONLY
0,143.4866,t3370,BOTH,19.2632,10.4720,15.4768,3.7864,5.0048,24.4651,32.3373,0,0,16.32,1.69,warning,,,FULL_ANGLE
0,143.4866,t3369,LIDAR_ONLY,13.7139,13.7139,15.4768,1.7629,1.7629,11.3908,11.3908,0,0,16.32,1.69,cautious,23.26,front,LIDAR_ONLY
0,143.4866,t3369,LIDAR_ONLY,14.3216,14.3216,15.4768,1.1553,1.1553,7.4645,7.4645,0,0,16.32,1.69,cautious,19.17,front,LIDAR_ONLY
0,143.4866,t3370,LIDAR_ONLY,10.4864,10.4864,15.4768,4.9904,4.9904,32.2447,32.2447,0,0,16.32,1.69,cautious,-1.28,front,LIDAR_ONLY
0,143.5449,cam_2,CAM_ONLY,19.2020,,15.4768,3.7252,,24.0693,,0,,12.02,1.03,warning,,,CAMERA_ONLY
0,143.6038,cam_2,CAM_ONLY,19.1601,,15.4768,3.6833,,23.7988,,0,,13.81,1.29,warning,,,CAMERA_ONLY
0,143.6699,cam_2,CAM_ONLY,19.4753,,15.4768,3.9984,,25.8350,,0,,22.61,1.65,warning,,,CAMERA_ONLY
0,143.7398,t3382,BOTH,19.3925,10.5863,15.4768,3.9157,4.8906,25.3003,31.5993,0,0,17.94,1.20,warning,,,FULL_ANGLE
0,143.7398,t3380,LIDAR_ONLY,14.8493,14.8493,15.4768,0.6275,0.6275,4.0545,4.0545,1,1,17.94,1.20,cautious,21.87,front,LIDAR_ONLY
0,143.7398,t3380,LIDAR_ONLY,11.8800,11.8800,15.4768,3.5968,3.5968,23.2401,23.2401,0,0,17.94,1.20,cautious,29.85,front,LIDAR_ONLY
0,143.7398,t3381,LIDAR_ONLY,20.4100,20.4100,15.4768,4.9332,4.9332,31.8749,31.8749,0,0,17.94,1.20,drive,17.88,front,LIDAR_ONLY
0,143.7398,t3382,LIDAR_ONLY,10.5384,10.5384,15.4768,4.9384,4.9384,31.9083,31.9083,0,0,17.94,1.20,cautious,5.90,front,LIDAR_ONLY
0,143.7962,cam_2,CAM_ONLY,19.4565,,15.4768,3.9797,,25.7139,,0,,12.52,1.04,warning,,,CAMERA_ONLY
0,143.8601,cam_2,CAM_ONLY,19.5304,,15.4768,4.0535,,26.1910,,0,,12.44,1.11,warning,,,CAMERA_ONLY
0,143.9291,cam_2,CAM_ONLY,19.5358,,15.4768,4.0590,,26.2263,,0,,17.40,0.70,warning,,,CAMERA_ONLY
0,143.9936,cam_2,CAM_ONLY,19.4024,,15.4768,3.9255,,25.3640,,0,,13.43,1.27,warning,,,CAMERA_ONLY
0,143.9936,t3388,LIDAR_ONLY,10.4061,10.4061,15.4768,5.0708,5.0708,32.7636,32.7636,0,0,13.43,1.27,cautious,29.21,front,LIDAR_ONLY
0,143.9936,t3388,LIDAR_ONLY,10.6892,10.6892,15.4768,4.7877,4.7877,30.9344,30.9344,0,0,13.43,1.27,cautious,25.10,front,LIDAR_ONLY
0,143.9936,t3388,LIDAR_ONLY,11.2417,11.2417,15.4768,4.2352,4.2352,27.3645,27.3645,0,0,13.43,1.27,cautious,21.00,front,LIDAR_ONLY
0,143.9936,t3388,LIDAR_ONLY,12.1650,12.1650,15.4768,3.3118,3.3118,21.3986,21.3986,0,0,13.43,1.27,cautious,16.90,front,LIDAR_ONLY
0,144.0661,cam_2,CAM_ONLY,19.2191,,15.4768,3.7423,,24.1800,,0,,15.25,1.37,warning,,,CAMERA_ONLY
0,144.1239,cam_2,CAM_ONLY,19.7107,,15.4768,4.2339,,27.3562,,0,,9.40,0.89,warning,,,CAMERA_ONLY
0,144.1941,t3394,BOTH,19.1850,10.5149,15.4768,3.7082,4.9619,23.9598,32.0602,0,0,22.59,1.98,warning,,,FULL_ANGLE
0,144.1941,t3393,LIDAR_ONLY,11.2615,11.2615,15.4768,4.2153,4.2153,27.2364,27.2364,0,0,22.59,1.98,cautious,27.30,front,LIDAR_ONLY
0,144.1941,t3388,LIDAR_ONLY,12.9648,12.9648,15.4768,2.5121,2.5121,16.2311,16.2311,0,0,22.59,1.98,cautious,18.87,front,LIDAR_ONLY
0,144.1941,t3388,LIDAR_ONLY,13.8730,13.8730,15.4768,1.6039,1.6039,10.3629,10.3629,0,0,22.59,1.98,cautious,23.08,front,LIDAR_ONLY
0,144.1941,t3394,LIDAR_ONLY,10.5126,10.5126,15.4768,4.9643,4.9643,32.0755,32.0755,0,0,22.59,1.98,cautious,-2.21,front,LIDAR_ONLY
0,144.2464,cam_2,CAM_ONLY,19.2583,,15.4768,3.7814,,24.4330,,0,,11.34,1.01,warning,,,CAMERA_ONLY
0,144.3188,cam_2,CAM_ONLY,19.6737,,15.4768,4.1969,,27.1175,,0,,19.23,1.00,warning,,,CAMERA_ONLY
0,144.3815,t3394,BOTH,19.7103,10.5205,15.4768,4.2335,4.9563,27.3538,32.0242,0,0,13.60,0.78,warning,,,FULL_ANGLE
0,144.4401,cam_2,CAM_ONLY,19.2476,,15.4768,3.7708,,24.3640,,0,,13.85,1.17,warning,,,CAMERA_ONLY
0,144.4401,t3399,LIDAR_ONLY,10.4371,10.4371,15.4768,5.0397,5.0397,32.5630,32.5630,0,0,13.85,1.17,cautious,29.13,front,LIDAR_ONLY
0,144.4401,t3399,LIDAR_ONLY,10.7115,10.7115,15.4768,4.7653,4.7653,30.7899,30.7899,0,0,13.85,1.17,cautious,25.11,front,LIDAR_ONLY
0,144.4401,t3399,LIDAR_ONLY,11.2952,11.2952,15.4768,4.1816,4.1816,27.0187,27.0187,0,0,13.85,1.17,cautious,21.08,front,LIDAR_ONLY
0,144.4992,cam_2,CAM_ONLY,19.4230,,15.4768,3.9462,,25.4975,,0,,13.50,1.20,warning,,,CAMERA_ONLY
0,144.5547,cam_2,CAM_ONLY,19.2603,,15.4768,3.7835,,24.4460,,0,,11.41,1.22,warning,,,CAMERA_ONLY
0,144.6088,cam_2,CAM_ONLY,19.6310,,15.4768,4.1542,,26.8416,,0,,10.66,1.17,warning,,,CAMERA_ONLY
0,144.6659,cam_2,CAM_ONLY,19.2324,,15.4768,3.7556,,24.2658,,0,,12.32,0.99,warning,,,CAMERA_ONLY
0,144.7331,t3408,BOTH,19.2197,10.4598,15.4768,3.7428,5.0171,24.1835,32.4167,0,0,15.78,0.90,warning,,,FULL_ANGLE
0,144.7331,t3408,LIDAR_ONLY,10.4201,10.4201,15.4768,5.0568,5.0568,32.6731,32.6731,0,0,15.78,0.90,cautious,3.82,front,LIDAR_ONLY
0,144.7331,t3408,LIDAR_ONLY,10.4321,10.4321,15.4768,5.0447,5.0447,32.5951,32.5951,0,0,15.78,0.90,cautious,-4.24,front,LIDAR_ONLY
0,144.7962,cam_2,CAM_ONLY,19.7116,,15.4768,4.2348,,27.3622,,0,,16.28,1.00,warning,,,CAMERA_ONLY
0,144.8568,cam_2,CAM_ONLY,19.7136,,15.4768,4.2367,,27.3748,,0,,10.55,1.12,warning,,,CAMERA_ONLY
0,144.9169,cam_2,CAM_ONLY,19.2388,,15.4768,3.7620,,24.3074,,0,,13.65,0.99,warning,,,CAMERA_ONLY
0,144.9761,cam_2,CAM_ONLY,19.2741,,15.4768,3.7972,,24.5351,,0,,17.23,1.07,warning,,,CAMERA_ONLY
0,145.0434,t3419,BOTH,19.2583,10.5132,15.4768,3.7815,4.9636,24.4331,32.0713,0,0,15.24,1.16,warning,,,FULL_ANGLE
0,145.0434,t3418,LIDAR_ONLY,14.4562,14.4562,15.4768,1.0206,1.0206,6.5945,6.5945,0,0,15.24,1.16,cautious,22.33,front,LIDAR_ONLY
0,145.0434,t3418,LIDAR_ONLY,15.0697,15.0697,15.4768,0.4071,0.4071,2.6304,2.6304,1,1,15.24,1.16,cautious,18.12,front,LIDAR_ONLY
0,145.0434,t3418,LIDAR_ONLY,15.0981,15.0981,15.4768,0.3787,0.3787,2.4469,2.4469,1,1,15.24,1.16,cautious,26.53,front,LIDAR_ONLY
0,145.0434,t3419,LIDAR_ONLY,10.5065,10.5065,15.4768,4.9703,4.9703,32.1148,32.1148,0,0,15.24,1.16,cautious,5.50,front,LIDAR_ONLY
0,145.1005,cam_2,CAM_ONLY,19.2540,,15.4768,3.7772,,24.4054,,0,,11.38,0.98,warning,,,CAMERA_ONLY
0,145.1519,cam_2,CAM_ONLY,19.4041,,15.4768,3.9273,,25.3755,,0,,10.53,1.22,warning,,,CAMERA_ONLY
0,145.2104,cam_2,CAM_ONLY,19.2765,,15.4768,3.7997,,24.5507,,0,,12.33,1.01,warning,,,CAMERA_ONLY
0,145.2634,cam_2,CAM_ONLY,19.7122,,15.4768,4.2354,,27.3660,,0,,10.26,1.39,warning,,,CAMERA_ONLY
0,145.3194,cam_2,CAM_ONLY,19.3931,,15.4768,3.9163,,25.3043,,0,,11.38,1.18,warning,,,CAMERA_ONLY
0,145.3798,cam_2,CAM_ONLY,19.3681,,15.4768,3.8913,,25.1426,,0,,13.50,0.78,warning,,,CAMERA_ONLY
0,145.4370,t3430,BOTH,19.2424,10.5261,15.4768,3.7656,4.9507,24.3306,31.9878,0,0,9.97,0.97,warning,,,FULL_ANGLE
0,145.4370,t3429,LIDAR_ONLY,13.7024,13.7024,15.4768,1.7744,1.7744,11.4648,11.4648,0,0,9.97,0.97,cautious,23.28,front,LIDAR_ONLY
0,145.4370,t3429,LIDAR_ONLY,14.1286,14.1286,15.4768,1.3482,1.3482,8.7113,8.7113,0,0,9.97,0.97,cautious,19.26,front,LIDAR_ONLY
0,145.4370,t3430,LIDAR_ONLY,10.6032,10.6032,15.4768,4.8736,4.8736,31.4897,31.4897,0,0,9.97,0.97,cautious,-4.86,front,LIDAR_ONLY
0,145.4370,t3430,LIDAR_ONLY,10.5728,10.5728,15.4768,4.9041,4.9041,31.6864,31.6864,0,0,9.97,0.97,cautious,-0.84,front,LIDAR_ONLY
0,145.4944,cam_2,CAM_ONLY,19.1535,,15.4768,3.6766,,23.7558,,0,,14.65,1.26,warning,,,CAMERA_ONLY
0,145.4944,t3429,LIDAR_ONLY,13.3918,13.3918,15.4768,2.0851,2.0851,13.4721,13.4721,0,0,14.65,1.26,cautious,27.42,front,LIDAR_ONLY
0,145.5571,cam_2,CAM_ONLY,19.2057,,15.4768,3.7288,,24.0931,,0,,13.24,1.27,warning,,,CAMERA_ONLY
0,145.6184,cam_2,CAM_ONLY,19.2520,,15.4768,3.7752,,24.3926,,0,,13.21,0.91,warning,,,CAMERA_ONLY
0,145.6863,t3436,BOTH,19.2801,10.5514,15.4768,3.8033,4.9254,24.5743,31.8245,0,0,13.88,0.84,warning,,,FULL_ANGLE
0,145.6863,t3436,LIDAR_ONLY,10.6011,10.6011,15.4768,4.8757,4.8757,31.5033,31.5033,0,0,13.88,0.84,cautious,-4.81,front,LIDAR_ONLY
0,145.7526,cam_2,CAM_ONLY,19.1990,,15.4768,3.7222,,24.0500,,0,,20.69,1.25,warning,,,CAMERA_ONLY
0,145.8207,cam_2,CAM_ONLY,19.5746,,15.4768,4.0978,,26.4768,,0,,20.99,1.17,warning,,,CAMERA_ONLY
0,145.8789,t3436,BOTH,19.2910,10.5296,15.4768,3.8142,4.9472,24.6444,31.9652,0,0,12.65,0.92,warning,,,FULL_ANGLE
0,145.8789,t3442,LIDAR_ONLY,13.5251,13.5251,15.4768,1.9517,1.9517,12.6108,12.6108,0,0,12.65,0.92,cautious,23.52,front,LIDAR_ONLY
0,145.8789,t3442,LIDAR_ONLY,13.9971,13.9971,15.4768,1.4797,1.4797,9.5608,9.5608,0,0,12.65,0.92,cautious,19.42,front,LIDAR_ONLY
0,145.8789,t3442,LIDAR_ONLY,13.2183,13.2183,15.4768,2.2585,2.2585,14.5929,14.5929,0,0,12.65,0.92,cautious,27.62,front,LIDAR_ONLY
0,145.8789,t3436,LIDAR_ONLY,10.5210,10.5210,15.4768,4.9558,4.9558,32.0210,32.0210,0,0,12.65,0.92,cautious,-1.08,front,LIDAR_ONLY
0,145.9406,t3436,BOTH,19.7094,10.5226,15.4768,4.2325,4.9542,27.3476,32.0105,0,0,15.15,1.25,warning,,,FULL_ANGLE
0,145.9406,t3444,LIDAR_ONLY,25.2755,25.2755,15.4768,9.7987,9.7987,63.3122,63.3122,0,0,15.15,1.25,drive,15.90,front,LIDAR_ONLY
0,145.9406,t3444,LIDAR_ONLY,20.1236,20.1236,15.4768,4.6467,4.6467,30.0238,30.0238,0,0,15.15,1.25,drive,19.90,front,LIDAR_ONLY
0,145.9406,t3442,LIDAR_ONLY,13.2202,13.2202,15.4768,2.2566,2.2566,14.5806,14.5806,0,0,15.15,1.25,cautious,23.91,front,LIDAR_ONLY
0,145.9406,t3436,LIDAR_ONLY,10.4898,10.4898,15.4768,4.9870,4.9870,32.2226,32.2226,0,0,15.15,1.25,cautious,3.88,front,LIDAR_ONLY
0,145.9406,t3442,LIDAR_ONLY,12.9137,12.9137,15.4768,2.5631,2.5631,16.5610,16.5610,0,0,15.15,1.25,cautious,27.91,front,LIDAR_ONLY
0,145.9406,t3436,LIDAR_ONLY,10.4814,10.4814,15.4768,4.9954,4.9954,32.2767,32.2767,0,0,15.15,1.25,cautious,-4.13,front,LIDAR_ONLY
0,146.0076,cam_2,CAM_ONLY,19.3496,,15.4768,3.8727,,25.0228,,0,,20.13,1.26,warning,,,CAMERA_ONLY
0,146.0641,cam_2,CAM_ONLY,19.1636,,15.4768,3.6868,,23.8212,,0,,12.09,0.89,warning,,,CAMERA_ONLY
0,146.1279,cam_2,CAM_ONLY,19.3032,,15.4768,3.8263,,24.7230,,0,,9.71,0.91,warning,,,CAMERA_ONLY
0,146.1797,cam_2,CAM_ONLY,19.6908,,15.4768,4.2139,,27.2274,,0,,11.15,0.82,warning,,,CAMERA_ONLY
0,146.2345,t3453,BOTH,19.3142,10.6125,15.4768,3.8374,4.8643,24.7943,31.4298,0,0,13.28,1.02,warning,,,FULL_ANGLE
0,146.2345,t3452,LIDAR_ONLY,14.8666,14.8666,15.4768,0.6102,0.6102,3.9428,3.9428,1,1,13.28,1.02,cautious,21.85,front,LIDAR_ONLY
0,146.2345,t3452,LIDAR_ONLY,13.6442,13.6442,15.4768,1.8326,1.8326,11.8412,11.8412,0,0,13.28,1.02,cautious,25.98,front,LIDAR_ONLY
0,146.2345,t3453,LIDAR_ONLY,10.6550,10.6550,15.4768,4.8219,4.8219,31.1554,31.1554,0,0,13.28,1.02,cautious,-2.94,front,LIDAR_ONLY
0,146.2345,t3453,LIDAR_ONLY,10.5330,10.5330,15.4768,4.9439,4.9439,31.9436,31.9436,0,0,13.28,1.02,cautious,5.32,front,LIDAR_ONLY
0,146.2904,cam_2,CAM_ONLY,19.3126,,15.4768,3.8358,,24.7839,,0,,11.09,1.19,warning,,,CAMERA_ONLY
0,146.2904,t3452,LIDAR_ONLY,13.6539,13.6539,15.4768,1.8229,1.8229,11.7785,11.7785,0,0,11.09,1.19,cautious,23.21,front,LIDAR_ONLY
0,146.2904,t3452,LIDAR_ONLY,12.9095,12.9095,15.4768,2.5673,2.5673,16.5881,16.5881,0,0,11.09,1.19,cautious,27.22,front,LIDAR_ONLY
0,146.2904,t3452,LIDAR_ONLY,13.1212,13.1212,15.4768,2.3557,2.3557,15.2206,15.2206,0,0,11.09,1.19,cautious,19.20,front,LIDAR_ONLY
0,146.3465,cam_2,CAM_ONLY,19.2189,,15.4768,3.7421,,24.1786,,0,,11.17,1.07,warning,,,CAMERA_ONLY
0,146.4034,cam_2,CAM_ONLY,19.3543,,15.4768,3.8775,,25.0537,,0,,12.40,1.15,warning,,,CAMERA_ONLY
0,146.4624,cam_2,CAM_ONLY,19.2843,,15.4768,3.8075,,24.6012,,0,,11.98,1.08,warning,,,CAMERA_ONLY
0,146.5252,cam_2,CAM_ONLY,19.3806,,15.4768,3.9038,,25.2233,,0,,13.27,1.02,warning,,,CAMERA_ONLY
0,146.5778,t3462,BOTH,19.2012,10.4541,15.4768,3.7243,5.0227,24.0639,32.4534,0,0,9.31,0.87,warning,,,FULL_ANGLE
0,146.5778,t3461,LIDAR_ONLY,14.8776,14.8776,15.4768,0.5993,0.5993,3.8719,3.8719,1,1,9.31,0.87,cautious,21.84,front,LIDAR_ONLY
0,146.5778,t3462,LIDAR_ONLY,10.4585,10.4585,15.4768,5.0183,5.0183,32.4247,32.4247,0,0,9.31,0.87,cautious,5.85,front,LIDAR_ONLY
0,146.5778,t3461,LIDAR_ONLY,15.5949,15.5949,15.4768,0.1181,0.1181,0.7631,0.7631,1,1,9.31,0.87,cautious,17.84,front,LIDAR_ONLY
0,146.6451,t3462,BOTH,19.7086,10.4575,15.4768,4.2318,5.0193,27.3428,32.4310,0,0,19.32,2.58,warning,,,FULL_ANGLE
0,146.6451,t3464,LIDAR_ONLY,10.4153,10.4153,15.4768,5.0615,5.0615,32.7037,32.7037,0,0,19.32,2.58,cautious,29.18,front,LIDAR_ONLY
0,146.6451,t3464,LIDAR_ONLY,10.7583,10.7583,15.4768,4.7186,4.7186,30.4879,30.4879,0,0,19.32,2.58,cautious,25.01,front,LIDAR_ONLY
0,146.6451,t3461,LIDAR_ONLY,15.9698,15.9698,15.4768,0.4930,0.4930,3.1851,3.1851,1,1,19.32,2.58,cautious,20.84,front,LIDAR_ONLY
0,146.6451,t3462,LIDAR_ONLY,10.4624,10.4624,15.4768,5.0144,5.0144,32.3995,32.3995,0,0,19.32,2.58,cautious,-4.21,front,LIDAR_ONLY
0,146.7146,cam_2,CAM_ONLY,19.2087,,15.4768,3.7319,,24.1125,,0,,18.63,1.65,warning,,,CAMERA_ONLY
0,146.7889,t3462,BOTH,19.6474,10.4672,15.4768,4.1706,5.0097,26.9474,32.3688,0,0,19.27,1.28,warning,,,FULL_ANGLE
0,146.7889,t3464,LIDAR_ONLY,11.1748,11.1748,15.4768,4.3020,4.3020,27.7965,27.7965,0,0,19.27,1.28,cautious,23.93,front,LIDAR_ONLY
0,146.7889,t3461,LIDAR_ONLY,16.8811,16.8811,15.4768,1.4043,1.4043,9.0737,9.0737,0,0,19.27,1.28,drive,15.59,front,LIDAR_ONLY
0,146.7889,t3464,LIDAR_ONLY,11.3668,11.3668,15.4768,4.1101,4.1101,26.5562,26.5562,0,0,19.27,1.28,cautious,28.10,front,LIDAR_ONLY
0,146.7889,t3462,LIDAR_ONLY,10.4657,10.4657,15.4768,5.0112,5.0112,32.3785,32.3785,0,0,19.27,1.28,cautious,-1.10,front,LIDAR_ONLY
0,146.8584,cam_2,CAM_ONLY,19.5444,,15.4768,4.0676,,26.2818,,0,,18.66,1.04,warning,,,CAMERA_ONLY
0,146.9221,cam_2,CAM_ONLY,19.1570,,15.4768,3.6802,,23.7789,,0,,14.43,2.18,warning,,,CAMERA_ONLY
0,146.9912,t3462,BOTH,19.1827,10.4667,15.4768,3.7059,5.0102,23.9448,32.3721,0,0,13.81,1.21,warning,,,FULL_ANGLE
0,146.9912,t3464,LIDAR_ONLY,11.4583,11.4583,15.4768,4.0185,4.0185,25.9647,25.9647,0,0,13.81,1.21,cautious,27.57,front,LIDAR_ONLY
0,146.9912,t3461,LIDAR_ONLY,17.4035,17.4035,15.4768,1.9267,1.9267,12.4490,12.4490,0,0,13.81,1.21,drive,19.39,front,LIDAR_ONLY
0,146.9912,t3461,LIDAR_ONLY,17.6116,17.6116,15.4768,2.1348,2.1348,13.7935,13.7935,0,0,13.81,1.21,drive,23.48,front,LIDAR_ONLY
0,147.0451,cam_2,CAM_ONLY,19.1543,,15.4768,3.6775,,23.7612,,0,,10.59,0.98,warning,,,CAMERA_ONLY
0,147.1195,cam_2,CAM_ONLY,19.1589,,15.4768,3.6821,,23.7909,,0,,16.18,1.11,warning,,,CAMERA_ONLY
0,147.1923,cam_2,CAM_ONLY,19.2336,,15.4768,3.7568,,24.2739,,0,,18.51,1.04,warning,,,CAMERA_ONLY
0,147.2489,cam_2,CAM_ONLY,19.3821,,15.4768,3.9053,,25.2329,,0,,11.91,1.15,warning,,,CAMERA_ONLY
0,147.3145,cam_2,CAM_ONLY,19.1943,,15.4768,3.7175,,24.0197,,0,,19.53,1.33,warning,,,CAMERA_ONLY
0,147.3697,cam_2,CAM_ONLY,19.2402,,15.4768,3.7634,,24.3165,,0,,13.74,1.13,warning,,,CAMERA_ONLY
0,147.4331,t3479,BOTH,19.6610,10.5030,15.4768,4.1841,4.9739,27.0349,32.1375,0,0,14.03,0.94,warning,,,FULL_ANGLE
0,147.4331,t3479,LIDAR_ONLY,10.4734,10.4734,15.4768,5.0034,5.0034,32.3285,32.3285,0,0,14.03,0.94,cautious,6.02,front,LIDAR_ONLY
0,147.4331,t3479,LIDAR_ONLY,10.4833,10.4833,15.4768,4.9935,4.9935,32.2644,32.2644,0,0,14.03,0.94,cautious,-2.37,front,LIDAR_ONLY
0,147.5025,cam_2,CAM_ONLY,19.6674,,15.4768,4.1905,,27.0763,,0,,17.47,1.18,warning,,,CAMERA_ONLY
0,147.5583,cam_2,CAM_ONLY,19.5857,,15.4768,4.1089,,26.5487,,0,,10.41,1.14,warning,,,CAMERA_ONLY
0,147.6282,cam_2,CAM_ONLY,19.2689,,15.4768,3.7920,,24.5013,,0,,18.98,0.82,warning,,,CAMERA_ONLY
0,147.6798,cam_2,CAM_ONLY,19.3336,,15.4768,3.8568,,24.9199,,0,,12.33,0.70,warning,,,CAMERA_ONLY
0,147.7432,t3486,BOTH,19.3145,10.3817,15.4768,3.8377,5.0951,24.7963,32.9209,0,0,13.28,1.19,warning,,,FULL_ANGLE
0,147.7432,t3485,LIDAR_ONLY,20.4774,20.4774,15.4768,5.0006,5.0006,32.3100,32.3100,0,0,13.28,1.19,drive,17.84,front,LIDAR_ONLY
0,147.7432,t3485,LIDAR_ONLY,15.6419,15.6419,15.4768,0.1651,0.1651,1.0666,1.0666,1,1,13.28,1.19,drive,26.17,front,LIDAR_ONLY
0,147.7432,t3485,LIDAR_ONLY,15.4131,15.4131,15.4768,0.0637,0.0637,0.4116,0.4116,1,1,13.28,1.19,drive,22.01,front,LIDAR_ONLY
0,147.8015,cam_2,CAM_ONLY,19.2568,,15.4768,3.7800,,24.4235,,0,,12.87,1.20,warning,,,CAMERA_ONLY
0,147.8622,cam_2,CAM_ONLY,19.5903,,15.4768,4.1135,,26.5786,,0,,13.71,0.91,warning,,,CAMERA_ONLY
0,147.9264,cam_2,CAM_ONLY,19.6371,,15.4768,4.1603,,26.8809,,0,,17.60,0.86,warning,,,CAMERA_ONLY
0,147.9846,t3492,BOTH,19.7203,10.5303,15.4768,4.2435,4.9466,27.4186,31.9610,0,0,14.83,0.93,warning,,,FULL_ANGLE
0,147.9846,t3491,LIDAR_ONLY,14.5029,14.5029,15.4768,0.9739,0.9739,6.2928,6.2928,1,1,14.83,0.93,cautious,22.27,front,LIDAR_ONLY
0,147.9846,t3491,LIDAR_ONLY,13.3742,13.3742,15.4768,2.1026,2.1026,13.5855,13.5855,0,0,14.83,0.93,cautious,26.44,front,LIDAR_ONLY
0,147.9846,t3492,LIDAR_ONLY,10.6479,10.6479,15.4768,4.8289,4.8289,31.2007,31.2007,0,0,14.83,0.93,cautious,-2.75,front,LIDAR_ONLY
0,147.9846,t3492,LIDAR_ONLY,10.5129,10.5129,15.4768,4.9639,4.9639,32.0733,32.0733,0,0,14.83,0.93,cautious,5.59,front,LIDAR_ONLY
0,148.0531,cam_2,CAM_ONLY,19.3544,,15.4768,3.8776,,25.0542,,0,,19.83,2.39,warning,,,CAMERA_ONLY
0,148.1174,cam_2,CAM_ONLY,19.3624,,15.4768,3.8856,,25.1058,,0,,13.18,0.97,warning,,,CAMERA_ONLY
0,148.1775,cam_2,CAM_ONLY,19.3591,,15.4768,3.8823,,25.0846,,0,,12.28,0.91,warning,,,CAMERA_ONLY
0,148.2359,t3500,BOTH,19.3196,10.5022,15.4768,3.8428,4.9746,24.8293,32.1424,0,0,11.50,0.91,warning,,,FULL_ANGLE
0,148.2359,t3499,LIDAR_ONLY,17.4549,17.4549,15.4768,1.9781,1.9781,12.7812,12.7812,0,0,11.50,0.91,drive,19.62,front,LIDAR_ONLY
0,148.2359,t3500,LIDAR_ONLY,10.5724,10.5724,15.4768,4.9044,4.9044,31.6889,31.6889,0,0,11.50,0.91,cautious,-1.13,front,LIDAR_ONLY
0,148.2912,cam_2,CAM_ONLY,19.6021,,15.4768,4.1253,,26.6545,,0,,11.24,1.21,warning,,,CAMERA_ONLY
0,148.2912,t3499,LIDAR_ONLY,13.1770,13.1770,15.4768,2.2998,2.2998,14.8596,14.8596,0,0,11.24,1.21,cautious,26.62,front,LIDAR_ONLY
0,148.2912,t3499,LIDAR_ONLY,13.2994,13.2994,15.4768,2.1774,2.1774,14.0690,14.0690,0,0,11.24,1.21,cautious,22.47,front,LIDAR_ONLY
0,148.3448,cam_2,CAM_ONLY,19.3378,,15.4768,3.8610,,24.9471,,0,,12.25,1.22,warning,,,CAMERA_ONLY
0,148.3448,t3499,LIDAR_ONLY,12.6794,12.6794,15.4768,2.7974,2.7974,18.0748,18.0748,0,0,12.25,1.22,cautious,29.81,front,LIDAR_ONLY
0,148.4108,cam_2,CAM_ONLY,19.2736,,15.4768,3.7968,,24.5318,,0,,19.93,1.59,warning,,,CAMERA_ONLY
0,148.4640,cam_2,CAM_ONLY,19.2537,,15.4768,3.7769,,24.4036,,0,,11.08,1.05,warning,,,CAMERA_ONLY
0,148.5248,cam_2,CAM_ONLY,19.5622,,15.4768,4.0854,,26.3969,,0,,20.21,0.81,warning,,,CAMERA_ONLY
0,148.5825,cam_2,CAM_ONLY,19.1761,,15.4768,3.6993,,23.9022,,0,,10.01,0.70,warning,,,CAMERA_ONLY
0,148.6416,cam_2,CAM_ONLY,19.3087,,15.4768,3.8319,,24.7587,,0,,13.58,1.17,warning,,,CAMERA_ONLY
0,148.6416,t3509,LIDAR_ONLY,10.7103,10.7103,15.4768,4.7665,4.7665,30.7976,30.7976,0,0,13.58,1.17,cautious,28.48,front,LIDAR_ONLY
0,148.7035,cam_2,CAM_ONLY,19.2954,,15.4768,3.8186,,24.6728,,0,,12.90,1.19,warning,,,CAMERA_ONLY
0,148.7686,cam_2,CAM_ONLY,19.1851,,15.4768,3.7083,,23.9600,,0,,19.67,0.99,warning,,,CAMERA_ONLY
0,148.8308,cam_2,CAM_ONLY,19.2084,,15.4768,3.7315,,24.1105,,0,,14.73,0.80,warning,,,CAMERA_ONLY
0,148.9022,cam_2,CAM_ONLY,19.2054,,15.4768,3.7286,,24.0914,,0,,15.30,1.12,warning,,,CAMERA_ONLY
0,148.9609,cam_2,CAM_ONLY,19.6561,,15.4768,4.1793,,27.0037,,0,,12.92,0.85,warning,,,CAMERA_ONLY
0,149.0254,t3517,BOTH,19.7087,10.5352,15.4768,4.2319,4.9416,27.3433,31.9292,0,0,10.98,0.82,warning,,,FULL_ANGLE
0,149.0254,t3517,LIDAR_ONLY,10.5543,10.5543,15.4768,4.9225,4.9225,31.8057,31.8057,0,0,10.98,0.82,cautious,-3.98,front,LIDAR_ONLY
0,149.0884,t3517,BOTH,19.6822,10.5728,15.4768,4.2054,4.9040,27.1722,31.6864,0,0,16.11,1.58,warning,,,FULL_ANGLE
0,149.0884,t3519,LIDAR_ONLY,11.8039,11.8039,15.4768,3.6729,3.6729,23.7319,23.7319,0,0,16.11,1.58,cautious,26.25,front,LIDAR_ONLY
0,149.0884,t3519,LIDAR_ONLY,13.3023,13.3023,15.4768,2.1745,2.1745,14.0502,14.0502,0,0,16.11,1.58,cautious,17.78,front,LIDAR_ONLY
0,149.0884,t3519,LIDAR_ONLY,14.1640,14.1640,15.4768,1.3129,1.3129,8.4828,8.4828,0,0,16.11,1.58,cautious,22.01,front,LIDAR_ONLY
0,149.0884,t3517,LIDAR_ONLY,10.5726,10.5726,15.4768,4.9042,4.9042,31.6875,31.6875,0,0,16.11,1.58,cautious,-3.41,front,LIDAR_ONLY
0,149.0884,t3517,LIDAR_ONLY,10.5563,10.5563,15.4768,4.9205,4.9205,31.7930,31.7930,0,0,16.11,1.58,cautious,5.06,front,LIDAR_ONLY
0,149.1560,cam_2,CAM_ONLY,19.2164,,15.4768,3.7395,,24.1621,,0,,12.47,1.19,warning,,,CAMERA_ONLY
0,149.2288,cam_2,CAM_ONLY,19.3040,,15.4768,3.8271,,24.7283,,0,,18.33,0.88,warning,,,CAMERA_ONLY
0,149.2914,cam_2,CAM_ONLY,19.2953,,15.4768,3.8185,,24.6724,,0,,12.73,1.22,warning,,,CAMERA_ONLY
0,149.2914,t3519,LIDAR_ONLY,14.4772,14.4772,15.4768,0.9996,0.9996,6.4588,6.4588,1,1,12.73,1.22,cautious,24.55,front,LIDAR_ONLY
0,149.2914,t3519,LIDAR_ONLY,13.3755,13.3755,15.4768,2.1013,2.1013,13.5774,13.5774,0,0,12.73,1.22,cautious,28.79,front,LIDAR_ONLY
0,149.2914,t3519,LIDAR_ONLY,13.6452,13.6452,15.4768,1.8317,1.8317,11.8349,11.8349,0,0,12.73,1.22,cautious,20.32,front,LIDAR_ONLY
0,149.3599,cam_2,CAM_ONLY,19.2942,,15.4768,3.8174,,24.6651,,0,,19.79,0.94,warning,,,CAMERA_ONLY
0,149.4250,cam_2,CAM_ONLY,19.3080,,15.4768,3.8312,,24.7542,,0,,16.61,0.92,warning,,,CAMERA_ONLY
0,149.4958,cam_2,CAM_ONLY,19.4408,,15.4768,3.9640,,25.6123,,0,,15.15,1.11,warning,,,CAMERA_ONLY
0,149.5633,cam_2,CAM_ONLY,19.2470,,15.4768,3.7702,,24.3602,,0,,19.85,1.79,warning,,,CAMERA_ONLY
0,149.6482,t3531,BOTH,19.3904,10.5120,15.4768,3.9136,4.9648,25.2868,32.0792,0,0,24.90,1.51,warning,,,FULL_ANGLE
0,149.6482,t3530,LIDAR_ONLY,11.0059,11.0059,15.4768,4.4709,4.4709,28.8879,28.8879,0,0,24.90,1.51,cautious,27.83,front,LIDAR_ONLY
0,149.6482,t3530,LIDAR_ONLY,11.3597,11.3597,15.4768,4.1171,4.1171,26.6018,26.6018,0,0,24.90,1.51,cautious,23.72,front,LIDAR_ONLY
0,149.6482,t3530,LIDAR_ONLY,11.9984,11.9984,15.4768,3.4784,3.4784,22.4750,22.4750,0,0,24.90,1.51,cautious,19.61,front,LIDAR_ONLY
0,149.6482,t3531,LIDAR_ONLY,10.6101,10.6101,15.4768,4.8667,4.8667,31.4450,31.4450,0,0,24.90,1.51,cautious,-5.04,front,LIDAR_ONLY
0,149.6482,t3531,LIDAR_ONLY,10.5191,10.5191,15.4768,4.9577,4.9577,32.0333,32.0333,0,0,24.90,1.51,cautious,-0.93,front,LIDAR_ONLY
0,149.7131,cam_2,CAM_ONLY,19.4055,,15.4768,3.9287,,25.3844,,0,,18.07,0.85,warning,,,CAMERA_ONLY
0,149.7738,cam_2,CAM_ONLY,19.2088,,15.4768,3.7319,,24.1131,,0,,14.04,1.04,warning,,,CAMERA_ONLY
0,149.8358,t3531,BOTH,19.3197,10.4790,15.4768,3.8428,4.9979,24.8297,32.2925,0,0,15.14,0.95,warning,,,FULL_ANGLE
0,149.8358,t3530,LIDAR_ONLY,12.9321,12.9321,15.4768,2.5447,2.5447,16.4422,16.4422,0,0,15.14,0.95,cautious,17.26,front,LIDAR_ONLY
0,149.8358,t3531,LIDAR_ONLY,10.4963,10.4963,15.4768,4.9806,4.9806,32.1807,32.1807,0,0,15.14,0.95,cautious,5.23,front,LIDAR_ONLY
0,149.8358,t3531,LIDAR_ONLY,10.4968,10.4968,15.4768,4.9801,4.9801,32.1776,32.1776,0,0,15.14,0.95,cautious,-2.79,front,LIDAR_ONLY
0,149.8912,cam_2,CAM_ONLY,19.8039,,15.4768,4.3271,,27.9586,,0,,14.26,1.26,warning,,,CAMERA_ONLY
0,149.8912,t3530,LIDAR_ONLY,13.9082,13.9082,15.4768,1.5686,1.5686,10.1351,10.1351,0,0,14.26,1.26,cautious,17.29,front,LIDAR_ONLY
0,149.8912,t3537,LIDAR_ONLY,10.1347,10.1347,15.4768,5.3421,5.3421,34.5169,34.5169,0,0,14.26,1.26,cautious,29.88,front,LIDAR_ONLY
0,149.8912,t3530,LIDAR_ONLY,15.0012,15.0012,15.4768,0.4756,0.4756,3.0733,3.0733,1,1,14.26,1.26,cautious,21.49,front,LIDAR_ONLY
0,149.8912,t3530,LIDAR_ONLY,15.8175,15.8175,15.4768,0.3406,0.3406,2.2009,2.2009,1,1,14.26,1.26,cautious,25.68,front,LIDAR_ONLY
0,149.9550,cam_2,CAM_ONLY,19.7501,,15.4768,4.2732,,27.6105,,0,,18.55,1.47,warning,,,CAMERA_ONLY
0,150.0179,cam_2,CAM_ONLY,19.3368,,15.4768,3.8600,,24.9402,,0,,15.88,1.14,warning,,,CAMERA_ONLY
0,150.0831,t3540,BOTH,19.3599,10.4700,15.4768,3.8830,5.0068,25.0893,32.3503,0,0,16.05,0.84,warning,,,FULL_ANGLE
0,150.0831,t3530,LIDAR_ONLY,16.8135,16.8135,15.4768,1.3367,1.3367,8.6368,8.6368,0,0,16.05,0.84,cautious,16.63,front,LIDAR_ONLY
0,150.1392,t3540,BOTH,19.1932,10.5148,15.4768,3.7164,4.9620,24.0124,32.0610,0,0,9.83,1.08,warning,,,FULL_ANGLE
0,150.1392,t3542,LIDAR_ONLY,10.4758,10.4758,15.4768,5.0010,5.0010,32.3129,32.3129,0,0,9.83,1.08,cautious,29.04,front,LIDAR_ONLY
0,150.1392,t3540,LIDAR_ONLY,10.4919,10.4919,15.4768,4.9849,4.9849,32.2091,32.2091,0,0,9.83,1.08,cautious,-3.92,front,LIDAR_ONLY
0,150.1392,t3530,LIDAR_ONLY,17.1633,17.1633,15.4768,1.6864,1.6864,10.8965,10.8965,0,0,9.83,1.08,drive,20.80,front,LIDAR_ONLY
0,150.1392,t3530,LIDAR_ONLY,15.9963,15.9963,15.4768,0.5194,0.5194,3.3562,3.3562,1,1,9.83,1.08,drive,24.92,front,LIDAR_ONLY
0,150.1392,t3540,LIDAR_ONLY,10.5043,10.5043,15.4768,4.9725,4.9725,32.1287,32.1287,0,0,9.83,1.08,cautious,4.32,front,LIDAR_ONLY
0,150.2104,cam_2,CAM_ONLY,19.7001,,15.4768,4.2232,,27.2875,,0,,17.12,0.92,warning,,,CAMERA_ONLY
0,150.2690,cam_2,CAM_ONLY,19.6791,,15.4768,4.2023,,27.1521,,0,,13.38,0.87,warning,,,CAMERA_ONLY
0,150.3315,t3540,BOTH,19.2560,10.5303,15.4768,3.7792,4.9465,24.4182,31.9607,0,0,13.27,0.91,warning,,,FULL_ANGLE
0,150.3315,t3540,LIDAR_ONLY,10.5223,10.5223,15.4768,4.9546,4.9546,32.0127,32.0127,0,0,13.27,0.91,cautious,-4.20,front,LIDAR_ONLY
0,150.3315,t3540,LIDAR_ONLY,10.4839,10.4839,15.4768,4.9929,4.9929,32.2607,32.2607,0,0,13.27,0.91,cautious,4.21,front,LIDAR_ONLY
0,150.4060,cam_2,CAM_ONLY,19.2723,,15.4768,3.7955,,24.5238,,0,,17.07,1.30,warning,,,CAMERA_ONLY
0,150.4704,cam_2,CAM_ONLY,19.7434,,15.4768,4.2666,,27.5676,,0,,12.63,0.97,warning,,,CAMERA_ONLY
0,150.5265,cam_2,CAM_ONLY,19.4262,,15.4768,3.9494,,25.5180,,0,,9.83,0.91,warning,,,CAMERA_ONLY
0,150.5892,t3553,BOTH,19.2144,10.4964,15.4768,3.7375,4.9804,24.1493,32.1798,0,0,13.05,1.21,warning,,,FULL_ANGLE
0,150.5892,t3551,LIDAR_ONLY,10.1000,10.1000,15.4768,5.3768,5.3768,34.7411,34.7411,0,0,13.05,1.21,cautious,29.97,front,LIDAR_ONLY
0,150.5892,t3551,LIDAR_ONLY,10.2738,10.2738,15.4768,5.2030,5.2030,33.6179,33.6179,0,0,13.05,1.21,cautious,25.89,front,LIDAR_ONLY
0,150.5892,t3551,LIDAR_ONLY,11.0858,11.0858,15.4768,4.3910,4.3910,28.3713,28.3713,0,0,13.05,1.21,cautious,17.74,front,LIDAR_ONLY
0,150.5892,t3551,LIDAR_ONLY,11.8034,11.8034,15.4768,3.6735,3.6735,23.7353,23.7353,0,0,13.05,1.21,cautious,21.81,front,LIDAR_ONLY
0,150.5892,t3553,LIDAR_ONLY,10.4650,10.4650,15.4768,5.0118,5.0118,32.3826,32.3826,0,0,13.05,1.21,cautious,5.51,front,LIDAR_ONLY
0,150.5892,t3553,LIDAR_ONLY,10.4658,10.4658,15.4768,5.0110,5.0110,32.3776,32.3776,0,0,13.05,1.21,cautious,-2.65,front,LIDAR_ONLY
0,150.6583,cam_2,CAM_ONLY,19.6282,,15.4768,4.1513,,26.8230,,0,,21.79,1.44,warning,,,CAMERA_ONLY
0,150.7265,cam_2,CAM_ONLY,19.2051,,15.4768,3.7283,,24.0895,,0,,14.93,0.90,warning,,,CAMERA_ONLY
0,150.7866,t3553,BOTH,19.1926,10.4704,15.4768,3.7157,5.0064,24.0084,32.3479,0,0,13.08,1.10,warning,,,FULL_ANGLE
0,150.7866,t3551,LIDAR_ONLY,12.3179,12.3179,15.4768,3.1589,3.1589,20.4105,20.4105,0,0,13.08,1.10,cautious,23.21,front,LIDAR_ONLY
0,150.7866,t3551,LIDAR_ONLY,12.9353,12.9353,15.4768,2.5415,2.5415,16.4214,16.4214,0,0,13.08,1.10,cautious,27.40,front,LIDAR_ONLY
0,150.7866,t3551,LIDAR_ONLY,13.7000,13.7000,15.4768,1.7768,1.7768,11.4805,11.4805,0,0,13.08,1.10,cautious,19.02,front,LIDAR_ONLY
0,150.7866,t3553,LIDAR_ONLY,10.4670,10.4670,15.4768,5.0098,5.0098,32.3696,32.3696,0,0,13.08,1.10,cautious,-1.95,front,LIDAR_ONLY
0,150.7866,t3553,LIDAR_ONLY,10.4616,10.4616,15.4768,5.0152,5.0152,32.4044,32.4044,0,0,13.08,1.10,cautious,6.44,front,LIDAR_ONLY
0,150.8501,cam_2,CAM_ONLY,19.2905,,15.4768,3.8137,,24.6414,,0,,16.48,1.15,warning,,,CAMERA_ONLY
0,150.9062,cam_2,CAM_ONLY,19.3140,,15.4768,3.8371,,24.7928,,0,,9.64,1.16,warning,,,CAMERA_ONLY
0,150.9695,cam_2,CAM_ONLY,19.2577,,15.4768,3.7809,,24.4291,,0,,18.11,0.86,warning,,,CAMERA_ONLY
0,151.0249,cam_2,CAM_ONLY,19.7194,,15.4768,4.2426,,27.4128,,0,,11.26,0.89,warning,,,CAMERA_ONLY
0,151.0915,t3565,BOTH,19.6716,25.0618,15.4768,4.1947,9.5850,27.1033,61.9311,0,0,20.76,1.18,warning,,,FULL_ANGLE
0,151.0915,t3564,LIDAR_ONLY,13.0356,13.0356,15.4768,2.4412,2.4412,15.7734,15.7734,0,0,20.76,1.18,cautious,24.22,front,LIDAR_ONLY
0,151.0915,t3564,LIDAR_ONLY,11.8953,11.8953,15.4768,3.5815,3.5815,23.1414,23.1414,0,0,20.76,1.18,cautious,28.34,front,LIDAR_ONLY
0,151.0915,t3565,LIDAR_ONLY,20.9145,20.9145,15.4768,5.4377,5.4377,35.1343,35.1343,0,0,20.76,1.18,drive,20.09,front,LIDAR_ONLY
0,151.1578,cam_2,CAM_ONLY,19.2774,,15.4768,3.8006,,24.5567,,0,,19.26,2.36,warning,,,CAMERA_ONLY
0,151.2188,cam_2,CAM_ONLY,19.2985,,15.4768,3.8217,,24.6928,,0,,12.81,1.06,warning,,,CAMERA_ONLY
0,151.2821,cam_2,CAM_ONLY,19.3725,,15.4768,3.8957,,25.1711,,0,,17.04,0.80,warning,,,CAMERA_ONLY
0,151.3525,cam_2,CAM_ONLY,19.3673,,15.4768,3.8904,,25.1372,,0,,21.05,1.82,warning,,,CAMERA_ONLY
0,151.4103,cam_2,CAM_ONLY,19.3825,,15.4768,3.9057,,25.2356,,0,,11.45,1.05,warning,,,CAMERA_ONLY
0,151.4720,cam_2,CAM_ONLY,19.2098,,15.4768,3.7330,,24.1201,,0,,15.03,1.09,warning,,,CAMERA_ONLY
0,151.5281,cam_2,CAM_ONLY,19.6957,,15.4768,4.2189,,27.2595,,0,,9.55,0.87,warning,,,CAMERA_ONLY
0,151.5872,t3580,BOTH,19.2340,10.5415,15.4768,3.7572,4.9353,24.2761,31.8886,0,0,12.31,1.14,warning,,,FULL_ANGLE
0,151.5872,t3578,LIDAR_ONLY,12.7628,12.7628,15.4768,2.7140,2.7140,17.5358,17.5358,0,0,12.31,1.14,cautious,24.63,front,LIDAR_ONLY
0,151.5872,t3578,LIDAR_ONLY,13.2798,13.2798,15.4768,2.1970,2.1970,14.1956,14.1956,0,0,12.31,1.14,cautious,20.53,front,LIDAR_ONLY
0,151.5872,t3578,LIDAR_ONLY,13.3467,13.3467,15.4768,2.1302,2.1302,13.7635,13.7635,0,0,12.31,1.14,cautious,28.73,front,LIDAR_ONLY
0,151.5872,t3580,LIDAR_ONLY,10.4785,10.4785,15.4768,4.9983,4.9983,32.2953,32.2953,0,0,12.31,1.14,cautious,4.13,front,LIDAR_ONLY
0,151.5872,t3580,LIDAR_ONLY,10.4847,10.4847,15.4768,4.9921,4.9921,32.2556,32.2556,0,0,12.31,1.14,cautious,-4.08,front,LIDAR_ONLY
0,151.6536,cam_2,CAM_ONLY,19.3835,,15.4768,3.9066,,25.2418,,0,,15.02,1.07,warning,,,CAMERA_ONLY
0,151.7245,cam_2,CAM_ONLY,19.3805,,15.4768,3.9036,,25.2225,,0,,15.02,1.08,warning,,,CAMERA_ONLY
0,151.7833,t3580,BOTH,19.2278,10.4933,15.4768,3.7510,4.9835,24.2362,32.1997,0,0,16.53,0.92,warning,,,FULL_ANGLE
0,151.7833,t3578,LIDAR_ONLY,13.5716,13.5716,15.4768,1.9052,1.9052,12.3102,12.3102,0,0,16.53,0.92,cautious,20.32,front,LIDAR_ONLY
0,151.7833,t3580,LIDAR_ONLY,10.4923,10.4923,15.4768,4.9845,4.9845,32.2064,32.2064,0,0,16.53,0.92,cautious,-4.02,front,LIDAR_ONLY
0,151.7833,t3580,LIDAR_ONLY,10.4760,10.4760,15.4768,5.0009,5.0009,32.3119,32.3119,0,0,16.53,0.92,cautious,4.10,front,LIDAR_ONLY
0,151.8470,cam_2,CAM_ONLY,19.7294,,15.4768,4.2526,,27.4771,,0,,13.88,1.03,warning,,,CAMERA_ONLY
0,151.9083,cam_2,CAM_ONLY,19.7975,,15.4768,4.3207,,27.9170,,0,,10.66,1.11,warning,,,CAMERA_ONLY
0,151.9628,cam_2,CAM_ONLY,19.3039,,15.4768,3.8270,,24.7276,,0,,12.98,0.93,warning,,,CAMERA_ONLY
0,152.0294,cam_2,CAM_ONLY,19.3610,,15.4768,3.8842,,25.0967,,0,,16.30,0.95,warning,,,CAMERA_ONLY
0,152.0917,cam_2,CAM_ONLY,19.2420,,15.4768,3.7652,,24.3281,,0,,15.02,1.25,warning,,,CAMERA_ONLY
0,152.0917,t3591,LIDAR_ONLY,10.4623,10.4623,15.4768,5.0145,5.0145,32.3999,32.3999,0,0,15.02,1.25,cautious,29.07,front,LIDAR_ONLY
0,152.0917,t3591,LIDAR_ONLY,10.7442,10.7442,15.4768,4.7326,4.7326,30.5787,30.5787,0,0,15.02,1.25,cautious,24.90,front,LIDAR_ONLY
0,152.0917,t3591,LIDAR_ONLY,11.4856,11.4856,15.4768,3.9912,3.9912,25.7881,25.7881,0,0,15.02,1.25,cautious,20.73,front,LIDAR_ONLY
0,152.1558,cam_2,CAM_ONLY,19.2424,,15.4768,3.7656,,24.3303,,0,,12.90,1.26,warning,,,CAMERA_ONLY
0,152.2135,cam_2,CAM_ONLY,19.7717,,15.4768,4.2949,,27.7506,,0,,9.43,0.97,warning,,,CAMERA_ONLY
0,152.2725,cam_2,CAM_ONLY,19.8909,,15.4768,4.4140,,28.5203,,0,,15.94,1.17,warning,,,CAMERA_ONLY
0,152.3363,t3597,BOTH,19.3504,10.5286,15.4768,3.8736,4.9482,25.0281,31.9716,0,0,14.35,0.87,warning,,,FULL_ANGLE
0,152.3363,t3597,LIDAR_ONLY,10.5582,10.5582,15.4768,4.9186,4.9186,31.7806,31.7806,0,0,14.35,0.87,cautious,-3.63,front,LIDAR_ONLY
0,152.3363,t3597,LIDAR_ONLY,10.5170,10.5170,15.4768,4.9598,4.9598,32.0466,32.0466,0,0,14.35,0.87,cautious,4.60,front,LIDAR_ONLY
0,152.3920,t3601,BOTH,19.3582,25.8209,15.4768,3.8814,10.3441,25.0789,66.8360,0,0,9.91,1.25,warning,,,FULL_ANGLE
0,152.3920,t3601,LIDAR_ONLY,20.9242,20.9242,15.4768,5.4474,5.4474,35.1970,35.1970,0,0,9.91,1.25,drive,19.74,front,LIDAR_ONLY
0,152.3920,t3601,LIDAR_ONLY,18.1494,18.1494,15.4768,2.6726,2.6726,17.2684,17.2684,0,0,9.91,1.25,drive,23.76,front,LIDAR_ONLY
0,152.3920,t3601,LIDAR_ONLY,16.6009,16.6009,15.4768,1.1241,1.1241,7.2629,7.2629,0,0,9.91,1.25,drive,27.78,front,LIDAR_ONLY
0,152.4486,cam_2,CAM_ONLY,19.3020,,15.4768,3.8252,,24.7158,,0,,9.83,1.07,warning,,,CAMERA_ONLY
0,152.5143,cam_2,CAM_ONLY,19.2786,,15.4768,3.8018,,24.5644,,0,,15.94,0.82,warning,,,CAMERA_ONLY
0,152.5728,cam_2,CAM_ONLY,19.3841,,15.4768,3.9072,,25.2457,,0,,12.56,1.23,warning,,,CAMERA_ONLY
0,152.6439,cam_2,CAM_ONLY,19.2970,,15.4768,3.8201,,24.6830,,0,,13.58,1.23,warning,,,CAMERA_ONLY
0,152.6439,t3607,LIDAR_ONLY,11.7201,11.7201,15.4768,3.7567,3.7567,24.2734,24.2734,0,0,13.58,1.23,cautious,26.40,front,LIDAR_ONLY
0,152.6439,t3607,LIDAR_ONLY,12.1432,12.1432,15.4768,3.3336,3.3336,21.5392,21.5392,0,0,13.58,1.23,cautious,22.20,front,LIDAR_ONLY
0,152.7060,cam_2,CAM_ONLY,19.4114,,15.4768,3.9346,,25.4226,,0,,12.74,1.23,warning,,,CAMERA_ONLY
0,152.7751,cam_2,CAM_ONLY,19.4183,,15.4768,3.9414,,25.4667,,0,,22.83,2.15,warning,,,CAMERA_ONLY
0,152.8281,cam_2,CAM_ONLY,19.3138,,15.4768,3.8370,,24.7918,,0,,9.68,0.82,warning,,,CAMERA_ONLY
0,152.8925,t3618,BOTH,19.6719,10.4571,15.4768,4.1950,5.0197,27.1054,32.4335,0,0,16.69,1.59,warning,,,FULL_ANGLE
0,152.8925,t3617,LIDAR_ONLY,18.4868,18.4868,15.4768,3.0100,3.0100,19.4482,19.4482,0,0,16.69,1.59,drive,18.94,front,LIDAR_ONLY
0,152.8925,t3617,LIDAR_ONLY,16.3880,16.3880,15.4768,0.9112,0.9112,5.8876,5.8876,1,1,16.69,1.59,drive,23.16,front,LIDAR_ONLY
0,152.8925,t3617,LIDAR_ONLY,14.5209,14.5209,15.4768,0.9559,0.9559,6.1763,6.1763,1,1,16.69,1.59,cautious,27.38,front,LIDAR_ONLY
0,152.9586,cam_2,CAM_ONLY,19.6977,,15.4768,4.2208,,27.2720,,0,,13.27,1.24,warning,,,CAMERA_ONLY
0,153.0286,cam_2,CAM_ONLY,19.6870,,15.4768,4.2102,,27.2031,,0,,13.59,0.96,warning,,,CAMERA_ONLY
0,153.0933,cam_2,CAM_ONLY,19.7322,,15.4768,4.2554,,27.4952,,0,,15.73,1.20,warning,,,CAMERA_ONLY
0,153.0933,t3617,LIDAR_ONLY,12.9487,12.9487,15.4768,2.5281,2.5281,16.3346,16.3346,0,0,15.73,1.20,cautious,29.58,front,LIDAR_ONLY
0,153.0933,t3617,LIDAR_ONLY,13.0678,13.0678,15.4768,2.4090,2.4090,15.5652,15.5652,0,0,15.73,1.20,cautious,21.11,front,LIDAR_ONLY
0,153.0933,t3617,LIDAR_ONLY,12.1658,12.1658,15.4768,3.3110,3.3110,21.3935,21.3935,0,0,15.73,1.20,cautious,25.34,front,LIDAR_ONLY
0,153.1505,cam_2,CAM_ONLY,19.3186,,15.4768,3.8418,,24.8230,,0,,11.38,1.04,warning,,,CAMERA_ONLY
0,153.2111,cam_2,CAM_ONLY,19.2328,,15.4768,3.7560,,24.2686,,0,,10.23,1.21,warning,,,CAMERA_ONLY
0,153.2724,cam_2,CAM_ONLY,19.2305,,15.4768,3.7536,,24.2532,,0,,9.08,0.97,warning,,,CAMERA_ONLY
0,153.3346,cam_2,CAM_ONLY,19.2456,,15.4768,3.7688,,24.3512,,0,,14.06,0.68,warning,,,CAMERA_ONLY
0,153.3851,cam_2,CAM_ONLY,19.2566,,15.4768,3.7797,,24.4219,,0,,12.57,0.80,warning,,,CAMERA_ONLY
0,153.4452,cam_2,CAM_ONLY,19.3009,,15.4768,3.8241,,24.7083,,0,,14.37,1.23,warning,,,CAMERA_ONLY
0,153.4452,t3630,LIDAR_ONLY,10.7655,10.7655,15.4768,4.7113,4.7113,30.4410,30.4410,0,0,14.37,1.23,cautious,28.35,front,LIDAR_ONLY
0,153.5099,cam_2,CAM_ONLY,19.5039,,15.4768,4.0271,,26.0199,,0,,13.92,1.09,warning,,,CAMERA_ONLY
0,153.5712,cam_2,CAM_ONLY,19.3964,,15.4768,3.9196,,25.3255,,0,,12.96,0.96,warning,,,CAMERA_ONLY
0,153.6395,t3638,BOTH,19.2742,10.3945,15.4768,3.7973,5.0823,24.5356,32.8384,0,0,15.63,2.07,warning,,,FULL_ANGLE
0,153.6395,t3630,LIDAR_ONLY,11.0767,11.0767,15.4768,4.4001,4.4001,28.4301,28.4301,0,0,15.63,2.07,cautious,24.82,front,LIDAR_ONLY
0,153.6395,t3630,LIDAR_ONLY,11.1135,11.1135,15.4768,4.3633,4.3633,28.1924,28.1924,0,0,15.63,2.07,cautious,28.92,front,LIDAR_ONLY
0,153.6395,t3637,LIDAR_ONLY,23.2177,23.2177,15.4768,7.7409,7.7409,50.0158,50.0158,0,0,15.63,2.07,drive,16.63,front,LIDAR_ONLY
0,153.6395,t3638,LIDAR_ONLY,10.3886,10.3886,15.4768,5.0882,5.0882,32.8766,32.8766,0,0,15.63,2.07,cautious,4.34,front,LIDAR_ONLY
0,153.6953,cam_2,CAM_ONLY,19.5869,,15.4768,4.1100,,26.5560,,0,,13.22,1.17,warning,,,CAMERA_ONLY
0,153.7532,cam_2,CAM_ONLY,19.2345,,15.4768,3.7576,,24.2791,,0,,13.49,1.30,warning,,,CAMERA_ONLY
0,153.8222,cam_2,CAM_ONLY,19.2662,,15.4768,3.7894,,24.4843,,0,,11.74,1.05,warning,,,CAMERA_ONLY
0,153.8837,t3646,BOTH,19.3578,10.5303,15.4768,3.8810,4.9465,25.0759,31.9608,0,0,13.62,0.91,warning,,,FULL_ANGLE
0,153.8837,t3645,LIDAR_ONLY,16.4951,16.4951,15.4768,1.0183,1.0183,6.5795,6.5795,0,0,13.62,0.91,drive,20.32,front,LIDAR_ONLY
0,153.8837,t3646,LIDAR_ONLY,10.5797,10.5797,15.4768,4.8971,4.8971,31.6416,31.6416,0,0,13.62,0.91,cautious,-4.24,front,LIDAR_ONLY
0,153.9479,cam_2,CAM_ONLY,19.3102,,15.4768,3.8333,,24.7683,,0,,18.60,1.05,warning,,,CAMERA_ONLY
0,154.0039,cam_2,CAM_ONLY,19.2290,,15.4768,3.7521,,24.2436,,0,,9.40,1.11,warning,,,CAMERA_ONLY
0,154.0551,cam_2,CAM_ONLY,19.6625,,15.4768,4.1856,,27.0445,,0,,9.01,1.22,warning,,,CAMERA_ONLY
0,154.1098,cam_2,CAM_ONLY,19.3066,,15.4768,3.8298,,24.7453,,0,,12.47,1.17,warning,,,CAMERA_ONLY
0,154.1656,cam_2,CAM_ONLY,19.4067,,15.4768,3.9299,,25.3919,,0,,9.74,0.77,warning,,,CAMERA_ONLY
0,154.2165,cam_2,CAM_ONLY,19.7321,,15.4768,4.2553,,27.4947,,0,,10.22,0.96,warning,,,CAMERA_ONLY
0,154.2753,cam_2,CAM_ONLY,19.6885,,15.4768,4.2117,,27.2128,,0,,13.29,0.96,warning,,,CAMERA_ONLY
0,154.3378,t3660,BOTH,19.3792,10.4862,15.4768,3.9024,4.9906,25.2144,32.2458,0,0,15.80,1.20,warning,,,FULL_ANGLE
0,154.3378,t3659,LIDAR_ONLY,13.6964,13.6964,15.4768,1.7804,1.7804,11.5039,11.5039,0,0,15.80,1.20,cautious,23.29,front,LIDAR_ONLY
0,154.3378,t3659,LIDAR_ONLY,12.1239,12.1239,15.4768,3.3529,3.3529,21.6639,21.6639,0,0,15.80,1.20,cautious,27.44,front,LIDAR_ONLY
0,154.3378,t3659,LIDAR_ONLY,12.4822,12.4822,15.4768,2.9946,2.9946,19.3492,19.3492,0,0,15.80,1.20,cautious,19.14,front,LIDAR_ONLY
0,154.3378,t3660,LIDAR_ONLY,10.4954,10.4954,15.4768,4.9814,4.9814,32.1862,32.1862,0,0,15.80,1.20,cautious,-1.61,front,LIDAR_ONLY
0,154.3965,cam_2,CAM_ONLY,19.3620,,15.4768,3.8852,,25.1032,,0,,12.84,1.23,warning,,,CAMERA_ONLY
0,154.4582,cam_2,CAM_ONLY,19.2859,,15.4768,3.8090,,24.6113,,0,,14.86,1.18,warning,,,CAMERA_ONLY
0,154.5225,cam_2,CAM_ONLY,19.2637,,15.4768,3.7869,,24.4679,,0,,12.48,1.03,warning,,,CAMERA_ONLY
0,154.5830,t3668,BOTH,19.2826,10.4450,15.4768,3.8058,5.0318,24.5903,32.5118,0,0,13.86,0.89,warning,,,FULL_ANGLE
0,154.5830,t3668,LIDAR_ONLY,10.5081,10.5081,15.4768,4.9687,4.9687,32.1044,32.1044,0,0,13.86,0.89,cautious,-2.06,front,LIDAR_ONLY
0,154.5830,t3668,LIDAR_ONLY,10.4104,10.4104,15.4768,5.0664,5.0664,32.7356,32.7356,0,0,13.86,0.89,cautious,6.38,front,LIDAR_ONLY
0,154.6445,cam_2,CAM_ONLY,19.3863,,15.4768,3.9095,,25.2603,,0,,13.96,1.14,warning,,,CAMERA_ONLY
0,154.7095,cam_2,CAM_ONLY,19.3581,,15.4768,3.8813,,25.0783,,0,,16.28,1.19,warning,,,CAMERA_ONLY
0,154.7653,cam_2,CAM_ONLY,19.3821,,15.4768,3.9052,,25.2328,,0,,9.90,1.11,warning,,,CAMERA_ONLY
0,154.8196,cam_2,CAM_ONLY,19.1932,,15.4768,3.7164,,24.0124,,0,,10.95,0.88,warning,,,CAMERA_ONLY
0,154.8735,cam_2,CAM_ONLY,19.6799,,15.4768,4.2031,,27.1574,,0,,9.34,0.77,warning,,,CAMERA_ONLY
0,154.9373,t3678,BOTH,19.2431,10.5540,15.4768,3.7663,4.9229,24.3349,31.8080,0,0,18.94,1.29,warning,,,FULL_ANGLE
0,154.9373,t3678,LIDAR_ONLY,10.4764,10.4764,15.4768,5.0004,5.0004,32.3088,32.3088,0,0,18.94,1.29,cautious,3.68,front,LIDAR_ONLY
0,154.9910,cam_2,CAM_ONLY,19.4139,,15.4768,3.9371,,25.4385,,0,,12.99,1.22,warning,,,CAMERA_ONLY
0,154.9910,t3681,LIDAR_ONLY,10.1175,10.1175,15.4768,5.3594,5.3594,34.6283,34.6283,0,0,12.99,1.22,cautious,29.92,front,LIDAR_ONLY
0,154.9910,t3681,LIDAR_ONLY,10.3176,10.3176,15.4768,5.1593,5.1593,33.3354,33.3354,0,0,12.99,1.22,cautious,25.89,front,LIDAR_ONLY
0,154.9910,t3681,LIDAR_ONLY,11.0910,11.0910,15.4768,4.3858,4.3858,28.3380,28.3380,0,0,12.99,1.22,cautious,17.83,front,LIDAR_ONLY
0,154.9910,t3681,LIDAR_ONLY,11.7387,11.7387,15.4768,3.7381,3.7381,24.1532,24.1532,0,0,12.99,1.22,cautious,21.86,front,LIDAR_ONLY
0,155.0554,cam_2,CAM_ONLY,19.2994,,15.4768,3.8225,,24.6984,,0,,13.03,1.23,warning,,,CAMERA_ONLY
0,155.1281,cam_2,CAM_ONLY,19.2336,,15.4768,3.7568,,24.2736,,0,,18.54,1.02,warning,,,CAMERA_ONLY
0,155.1900,cam_2,CAM_ONLY,19.2507,,15.4768,3.7739,,24.3842,,0,,15.55,1.22,warning,,,CAMERA_ONLY
0,155.1900,t3681,LIDAR_ONLY,12.1579,12.1579,15.4768,3.3189,3.3189,21.4445,21.4445,0,0,15.55,1.22,cautious,24.54,front,LIDAR_ONLY
0,155.1900,t3681,LIDAR_ONLY,12.9563,12.9563,15.4768,2.5205,2.5205,16.2857,16.2857,0,0,15.55,1.22,cautious,20.44,front,LIDAR_ONLY
0,155.1900,t3681,LIDAR_ONLY,13.3904,13.3904,15.4768,2.0864,2.0864,13.4808,13.4808,0,0,15.55,1.22,cautious,28.64,front,LIDAR_ONLY
0,155.2514,cam_2,CAM_ONLY,19.7444,,15.4768,4.2676,,27.5741,,0,,13.73,1.03,warning,,,CAMERA_ONLY
0,155.3051,cam_2,CAM_ONLY,19.6983,,15.4768,4.2215,,27.2764,,0,,9.35,1.14,warning,,,CAMERA_ONLY
0,155.3595,cam_2,CAM_ONLY,19.3901,,15.4768,3.9133,,25.2850,,0,,11.33,1.06,warning,,,CAMERA_ONLY
0,155.4170,cam_2,CAM_ONLY,19.3097,,15.4768,3.8329,,24.7653,,0,,11.44,1.04,warning,,,CAMERA_ONLY
0,155.4703,cam_2,CAM_ONLY,19.6688,,15.4768,4.1920,,27.0856,,0,,10.20,0.87,warning,,,CAMERA_ONLY
0,155.5426,t3696,BOTH,19.6080,10.4652,15.4768,4.1312,5.0116,26.6926,32.3814,0,0,14.52,1.29,warning,,,FULL_ANGLE
0,155.5426,t3695,LIDAR_ONLY,13.0366,13.0366,15.4768,2.4403,2.4403,15.7672,15.7672,0,0,14.52,1.29,cautious,24.22,front,LIDAR_ONLY
0,155.5426,t3695,LIDAR_ONLY,11.7969,11.7969,15.4768,3.6800,3.6800,23.7773,23.7773,0,0,14.52,1.29,cautious,28.33,front,LIDAR_ONLY
0,155.5426,t3695,LIDAR_ONLY,12.1900,12.1900,15.4768,3.2869,3.2869,21.2372,21.2372,0,0,14.52,1.29,cautious,20.11,front,LIDAR_ONLY
0,155.5426,t3696,LIDAR_ONLY,10.4673,10.4673,15.4768,5.0095,5.0095,32.3680,32.3680,0,0,14.52,1.29,cautious,3.67,front,LIDAR_ONLY
0,155.6013,cam_2,CAM_ONLY,19.2347,,15.4768,3.7579,,24.2810,,0,,14.03,1.00,warning,,,CAMERA_ONLY
0,155.6567,cam_2,CAM_ONLY,19.3352,,15.4768,3.8584,,24.9302,,0,,10.08,1.22,warning,,,CAMERA_ONLY
0,155.7094,cam_2,CAM_ONLY,19.2779,,15.4768,3.8011,,24.5600,,0,,9.85,0.89,warning,,,CAMERA_ONLY
0,155.7639,cam_2,CAM_ONLY,19.2545,,15.4768,3.7776,,24.4084,,0,,12.17,0.91,warning,,,CAMERA_ONLY
0,155.8284,cam_2,CAM_ONLY,19.4633,,15.4768,3.9865,,25.7578,,0,,18.17,1.11,warning,,,CAMERA_ONLY
0,155.8978,cam_2,CAM_ONLY,19.4342,,15.4768,3.9574,,25.5696,,0,,20.74,1.31,warning,,,CAMERA_ONLY
0,155.8978,t3705,LIDAR_ONLY,14.0765,14.0765,15.4768,1.4003,1.4003,9.0480,9.0480,0,0,20.74,1.31,cautious,22.79,front,LIDAR_ONLY
0,155.8978,t3705,LIDAR_ONLY,13.2732,13.2732,15.4768,2.2036,2.2036,14.2384,14.2384,0,0,20.74,1.31,cautious,26.98,front,LIDAR_ONLY
0,155.9609,cam_2,CAM_ONLY,19.3013,,15.4768,3.8245,,24.7110,,0,,16.46,0.94,warning,,,CAMERA_ONLY
0,156.0210,cam_2,CAM_ONLY,19.7372,,15.4768,4.2603,,27.5272,,0,,14.78,0.95,warning,,,CAMERA_ONLY
0,156.0863,t3709,BOTH,19.7047,10.4259,15.4768,4.2278,5.0509,27.3172,32.6351,0,0,15.11,1.05,warning,,,FULL_ANGLE
0,156.0863,t3705,LIDAR_ONLY,13.3721,13.3721,15.4768,2.1048,2.1048,13.5995,13.5995,0,0,15.11,1.05,cautious,22.03,front,LIDAR_ONLY
0,156.0863,t3705,LIDAR_ONLY,13.1161,13.1161,15.4768,2.3607,2.3607,15.2533,15.2533,0,0,15.11,1.05,cautious,26.15,front,LIDAR_ONLY
0,156.0863,t3709,LIDAR_ONLY,10.4320,10.4320,15.4768,5.0449,5.0449,32.5962,32.5962,0,0,15.11,1.05,cautious,5.57,front,LIDAR_ONLY
0,156.0863,t3705,LIDAR_ONLY,13.4213,13.4213,15.4768,2.0555,2.0555,13.2814,13.2814,0,0,15.11,1.05,cautious,17.92,front,LIDAR_ONLY
0,156.1572,cam_2,CAM_ONLY,19.7075,,15.4768,4.2306,,27.3354,,0,,20.44,1.02,warning,,,CAMERA_ONLY
0,156.2106,cam_2,CAM_ONLY,19.4324,,15.4768,3.9556,,25.5581,,0,,15.11,0.92,warning,,,CAMERA_ONLY
0,156.2690,cam_2,CAM_ONLY,19.2637,,15.4768,3.7869,,24.4682,,0,,13.52,0.82,warning,,,CAMERA_ONLY
0,156.3273,cam_2,CAM_ONLY,19.2926,,15.4768,3.8158,,24.6550,,0,,9.20,0.89,warning,,,CAMERA_ONLY
0,156.3912,t3715,BOTH,19.6445,10.5088,15.4768,4.1676,4.9680,26.9282,32.0997,0,0,19.29,1.10,warning,,,FULL_ANGLE
0,156.3912,t3714,LIDAR_ONLY,11.7868,11.7868,15.4768,3.6900,3.6900,23.8422,23.8422,0,0,19.29,1.10,cautious,26.28,front,LIDAR_ONLY
0,156.3912,t3714,LIDAR_ONLY,12.7114,12.7114,15.4768,2.7654,2.7654,17.8680,17.8680,0,0,19.29,1.10,cautious,18.03,front,LIDAR_ONLY
0,156.3912,t3714,LIDAR_ONLY,13.3276,13.3276,15.4768,2.1492,2.1492,13.8866,13.8866,0,0,19.29,1.10,cautious,22.16,front,LIDAR_ONLY
0,156.3912,t3715,LIDAR_ONLY,10.5243,10.5243,15.4768,4.9526,4.9526,31.9999,31.9999,0,0,19.29,1.10,cautious,-2.60,front,LIDAR_ONLY
0,156.3912,t3715,LIDAR_ONLY,10.4661,10.4661,15.4768,5.0107,5.0107,32.3755,32.3755,0,0,19.29,1.10,cautious,5.65,front,LIDAR_ONLY
0,156.4570,cam_2,CAM_ONLY,19.3111,,15.4768,3.8343,,24.7742,,0,,22.35,1.23,warning,,,CAMERA_ONLY
0,156.5240,cam_2,CAM_ONLY,19.2754,,15.4768,3.7986,,24.5439,,0,,21.66,1.33,warning,,,CAMERA_ONLY
0,156.5759,cam_2,CAM_ONLY,19.4054,,15.4768,3.9286,,25.3836,,0,,9.86,0.98,warning,,,CAMERA_ONLY
0,156.6488,cam_2,CAM_ONLY,19.2099,,15.4768,3.7331,,24.1207,,0,,20.22,1.44,warning,,,CAMERA_ONLY
0,156.6488,t3724,LIDAR_ONLY,10.1257,10.1257,15.4768,5.3511,5.3511,34.5748,34.5748,0,0,20.22,1.44,cautious,29.90,front,LIDAR_ONLY
0,156.7038,cam_2,CAM_ONLY,19.1981,,15.4768,3.7213,,24.0442,,0,,10.43,1.03,warning,,,CAMERA_ONLY
0,156.7593,cam_2,CAM_ONLY,19.2815,,15.4768,3.8047,,24.5832,,0,,15.13,1.11,warning,,,CAMERA_ONLY
0,156.8268,cam_2,CAM_ONLY,19.2510,,15.4768,3.7742,,24.3861,,0,,12.62,0.90,warning,,,CAMERA_ONLY
0,156.8890,t3733,BOTH,19.6700,10.6011,15.4768,4.1932,4.8757,27.0933,31.5035,0,0,13.35,1.15,warning,,,FULL_ANGLE
0,156.8890,t3732,LIDAR_ONLY,11.9926,11.9926,15.4768,3.4842,3.4842,22.5123,22.5123,0,0,13.35,1.15,cautious,25.91,front,LIDAR_ONLY
0,156.8890,t3732,LIDAR_ONLY,10.9654,10.9654,15.4768,4.5114,4.5114,29.1492,29.1492,0,0,13.35,1.15,cautious,29.97,front,LIDAR_ONLY
0,156.8890,t3732,LIDAR_ONLY,11.2862,11.2862,15.4768,4.1906,4.1906,27.0766,27.0766,0,0,13.35,1.15,cautious,21.85,front,LIDAR_ONLY
0,156.8890,t3733,LIDAR_ONLY,10.5480,10.5480,15.4768,4.9289,4.9289,31.8467,31.8467,0,0,13.35,1.15,cautious,5.59,front,LIDAR_ONLY
0,156.9438,cam_2,CAM_ONLY,19.3904,,15.4768,3.9135,,25.2865,,0,,10.50,1.17,warning,,,CAMERA_ONLY
0,157.0063,cam_2,CAM_ONLY,19.2397,,15.4768,3.7629,,24.3128,,0,,17.59,1.30,warning,,,CAMERA_ONLY
0,157.0761,cam_2,CAM_ONLY,19.2903,,15.4768,3.8134,,24.6397,,0,,16.70,0.97,warning,,,CAMERA_ONLY
0,157.1351,t3740,BOTH,19.6694,10.4580,15.4768,4.1926,5.0188,27.0893,32.4280,0,0,10.70,1.01,warning,,,FULL_ANGLE
0,157.1351,t3739,LIDAR_ONLY,25.3531,25.3531,15.4768,9.8763,9.8763,63.8134,63.8134,0,0,10.70,1.01,drive,15.87,front,LIDAR_ONLY
0,157.1351,t3739,LIDAR_ONLY,20.6198,20.6198,15.4768,5.1430,5.1430,33.2303,33.2303,0,0,10.70,1.01,drive,19.87,front,LIDAR_ONLY
0,157.1351,t3740,LIDAR_ONLY,10.4145,10.4145,15.4768,5.0623,5.0623,32.7089,32.7089,0,0,10.70,1.01,cautious,3.87,front,LIDAR_ONLY
0,157.1351,t3740,LIDAR_ONLY,10.4251,10.4251,15.4768,5.0518,5.0518,32.6408,32.6408,0,0,10.70,1.01,cautious,-4.13,front,LIDAR_ONLY
0,157.1910,cam_2,CAM_ONLY,19.2476,,15.4768,3.7708,,24.3642,,0,,11.36,1.28,warning,,,CAMERA_ONLY
0,157.1910,t3739,LIDAR_ONLY,17.2298,17.2298,15.4768,1.7530,1.7530,11.3268,11.3268,0,0,11.36,1.28,drive,24.96,front,LIDAR_ONLY
0,157.1910,t3739,LIDAR_ONLY,15.1924,15.1924,15.4768,0.2844,0.2844,1.8375,1.8375,1,1,11.36,1.28,drive,29.19,front,LIDAR_ONLY
0,157.1910,t3743,LIDAR_ONLY,23.5402,23.5402,15.4768,8.0634,8.0634,52.1000,52.1000,0,0,11.36,1.28,drive,16.50,front,LIDAR_ONLY
0,157.1910,t3743,LIDAR_ONLY,20.2870,20.2870,15.4768,4.8102,4.8102,31.0801,31.0801,0,0,11.36,1.28,drive,20.73,front,LIDAR_ONLY
0,157.2449,cam_2,CAM_ONLY,19.2730,,15.4768,3.7962,,24.5283,,0,,14.01,1.20,warning,,,CAMERA_ONLY
0,157.3027,cam_2,CAM_ONLY,19.3344,,15.4768,3.8576,,24.9248,,0,,12.15,1.14,warning,,,CAMERA_ONLY
0,157.3643,cam_2,CAM_ONLY,19.2380,,15.4768,3.7612,,24.3020,,0,,12.96,0.91,warning,,,CAMERA_ONLY
0,157.4201,cam_2,CAM_ONLY,19.2297,,15.4768,3.7529,,24.2485,,0,,9.18,0.92,warning,,,CAMERA_ONLY
0,157.4747,cam_2,CAM_ONLY,19.4236,,15.4768,3.9468,,25.5014,,0,,10.49,0.97,warning,,,CAMERA_ONLY
0,157.5493,t3753,BOTH,19.3749,10.5297,15.4768,3.8981,4.9472,25.1865,31.9650,0,0,18.30,1.40,warning,,,FULL_ANGLE
0,157.5493,t3752,LIDAR_ONLY,11.0028,11.0028,15.4768,4.4740,4.4740,28.9079,28.9079,0,0,18.30,1.40,cautious,27.83,front,LIDAR_ONLY
0,157.5493,t3752,LIDAR_ONLY,11.3047,11.3047,15.4768,4.1721,4.1721,26.9570,26.9570,0,0,18.30,1.40,cautious,23.64,front,LIDAR_ONLY
0,157.5493,t3753,LIDAR_ONLY,10.5844,10.5844,15.4768,4.8924,4.8924,31.6112,31.6112,0,0,18.30,1.40,cautious,-1.53,front,LIDAR_ONLY
0,157.5493,t3752,LIDAR_ONLY,11.8531,11.8531,15.4768,3.6237,3.6237,23.4137,23.4137,0,0,18.30,1.40,cautious,19.44,front,LIDAR_ONLY
0,157.6104,cam_2,CAM_ONLY,19.3347,,15.4768,3.8579,,24.9269,,0,,16.93,0.87,warning,,,CAMERA_ONLY
0,157.6784,cam_2,CAM_ONLY,19.2456,,15.4768,3.7687,,24.3508,,0,,16.73,0.88,warning,,,CAMERA_ONLY
0,157.7355,t3753,BOTH,19.4348,10.5155,15.4768,3.9580,4.9613,25.5736,32.0563,0,0,13.96,0.98,warning,,,FULL_ANGLE
0,157.7355,t3752,LIDAR_ONLY,12.2471,12.2471,15.4768,3.2297,3.2297,20.8681,20.8681,0,0,13.96,0.98,cautious,23.90,front,LIDAR_ONLY
0,157.7355,t3752,LIDAR_ONLY,13.1103,13.1103,15.4768,2.3665,2.3665,15.2907,15.2907,0,0,13.96,0.98,cautious,15.79,front,LIDAR_ONLY
0,157.7355,t3752,LIDAR_ONLY,14.2283,14.2283,15.4768,1.2485,1.2485,8.0671,8.0671,0,0,13.96,0.98,cautious,19.85,front,LIDAR_ONLY
0,157.7355,t3753,LIDAR_ONLY,10.5322,10.5322,15.4768,4.9446,4.9446,31.9484,31.9484,0,0,13.96,0.98,cautious,-4.48,front,LIDAR_ONLY
0,157.7927,cam_2,CAM_ONLY,19.3033,,15.4768,3.8265,,24.7240,,0,,10.82,1.33,warning,,,CAMERA_ONLY
0,157.7927,t3752,LIDAR_ONLY,14.6084,14.6084,15.4768,0.8684,0.8684,5.6108,5.6108,1,1,10.82,1.33,cautious,27.85,front,LIDAR_ONLY
0,157.7927,t3752,LIDAR_ONLY,14.7125,14.7125,15.4768,0.7644,0.7644,4.9387,4.9387,1,1,10.82,1.33,cautious,23.73,front,LIDAR_ONLY
0,157.8511,cam_2,CAM_ONLY,19.3443,,15.4768,3.8674,,24.9886,,0,,17.77,1.76,warning,,,CAMERA_ONLY
0,157.9164,cam_2,CAM_ONLY,19.7247,,15.4768,4.2479,,27.4470,,0,,16.44,1.45,warning,,,CAMERA_ONLY
0,157.9764,cam_2,CAM_ONLY,19.7025,,15.4768,4.2257,,27.3035,,0,,14.83,1.59,warning,,,CAMERA_ONLY
0,158.0335,t3765,BOTH,19.3519,10.5554,15.4768,3.8751,4.9214,25.0378,31.7985,0,0,14.77,2.28,warning,,,FULL_ANGLE
0,158.0335,t3764,LIDAR_ONLY,11.2669,11.2669,15.4768,4.2099,4.2099,27.2016,27.2016,0,0,14.77,2.28,cautious,27.29,front,LIDAR_ONLY
0,158.0335,t3764,LIDAR_ONLY,11.4905,11.4905,15.4768,3.9863,3.9863,25.7566,25.7566,0,0,14.77,2.28,cautious,23.27,front,LIDAR_ONLY
0,158.0335,t3765,LIDAR_ONLY,10.6036,10.6036,15.4768,4.8733,4.8733,31.4875,31.4875,0,0,14.77,2.28,cautious,-4.87,front,LIDAR_ONLY
0,158.0335,t3765,LIDAR_ONLY,10.5755,10.5755,15.4768,4.9014,4.9014,31.6691,31.6691,0,0,14.77,2.28,cautious,-0.85,front,LIDAR_ONLY
0,158.0962,cam_2,CAM_ONLY,19.3904,,15.4768,3.9135,,25.2864,,0,,12.68,1.28,warning,,,CAMERA_ONLY
0,158.0962,t3764,LIDAR_ONLY,11.7882,11.7882,15.4768,3.6886,3.6886,23.8332,23.8332,0,0,12.68,1.28,cautious,23.26,front,LIDAR_ONLY
0,158.0962,t3764,LIDAR_ONLY,12.2954,12.2954,15.4768,3.1814,3.1814,20.5558,20.5558,0,0,12.68,1.28,cautious,19.23,front,LIDAR_ONLY
0,158.0962,t3764,LIDAR_ONLY,12.5474,12.5474,15.4768,2.9294,2.9294,18.9278,18.9278,0,0,12.68,1.28,cautious,27.29,front,LIDAR_ONLY
0,158.1623,cam_2,CAM_ONLY,19.2494,,15.4768,3.7726,,24.3757,,0,,13.21,1.05,warning,,,CAMERA_ONLY
0,158.2246,cam_2,CAM_ONLY,19.7076,,15.4768,4.2308,,27.3362,,0,,15.43,1.15,warning,,,CAMERA_ONLY
0,158.2857,t3773,BOTH,19.2252,10.4346,15.4768,3.7483,5.0422,24.2191,32.5793,0,0,13.93,1.10,warning,,,FULL_ANGLE
0,158.2857,t3764,LIDAR_ONLY,12.8718,12.8718,15.4768,2.6050,2.6050,16.8316,16.8316,0,0,13.93,1.10,cautious,26.05,front,LIDAR_ONLY
0,158.2857,t3764,LIDAR_ONLY,13.3687,13.3687,15.4768,2.1081,2.1081,13.6210,13.6210,0,0,13.93,1.10,cautious,18.03,front,LIDAR_ONLY
0,158.2857,t3764,LIDAR_ONLY,13.7879,13.7879,15.4768,1.6889,1.6889,10.9124,10.9124,0,0,13.93,1.10,cautious,22.04,front,LIDAR_ONLY
0,158.2857,t3773,LIDAR_ONLY,10.3790,10.3790,15.4768,5.0978,5.0978,32.9385,32.9385,0,0,13.93,1.10,cautious,6.01,front,LIDAR_ONLY
0,158.2857,t3773,LIDAR_ONLY,10.4078,10.4078,15.4768,5.0690,5.0690,32.7521,32.7521,0,0,13.93,1.10,cautious,-2.01,front,LIDAR_ONLY
0,158.3486,cam_2,CAM_ONLY,19.3095,,15.4768,3.8326,,24.7638,,0,,17.07,1.09,warning,,,CAMERA_ONLY
0,158.4082,cam_2,CAM_ONLY,19.3351,,15.4768,3.8583,,24.9297,,0,,14.47,1.22,warning,,,CAMERA_ONLY
0,158.4710,cam_2,CAM_ONLY,19.2088,,15.4768,3.7320,,24.1136,,0,,16.02,1.09,warning,,,CAMERA_ONLY
0,158.5391,t3786,BOTH,19.2577,10.4737,15.4768,3.7809,5.0031,24.4293,32.3263,0,0,15.26,1.25,warning,,,FULL_ANGLE
0,158.5391,t3784,LIDAR_ONLY,25.8102,25.8102,15.4768,10.3334,10.3334,66.7670,66.7670,0,0,15.26,1.25,drive,15.73,front,LIDAR_ONLY
0,158.5391,t3785,LIDAR_ONLY,10.8729,10.8729,15.4768,4.6039,4.6039,29.7470,29.7470,0,0,15.26,1.25,cautious,28.12,front,LIDAR_ONLY
0,158.5391,t3784,LIDAR_ONLY,21.4493,21.4493,15.4768,5.9725,5.9725,38.5899,38.5899,0,0,15.26,1.25,drive,19.86,front,LIDAR_ONLY
0,158.5391,t3784,LIDAR_ONLY,17.6703,17.6703,15.4768,2.1935,2.1935,14.1728,14.1728,0,0,15.26,1.25,drive,23.99,front,LIDAR_ONLY
0,158.5938,cam_2,CAM_ONLY,19.1806,,15.4768,3.7037,,23.9309,,0,,9.79,1.05,warning,,,CAMERA_ONLY
0,158.6474,cam_2,CAM_ONLY,19.2787,,15.4768,3.8019,,24.5652,,0,,10.65,1.09,warning,,,CAMERA_ONLY
0,158.7119,cam_2,CAM_ONLY,19.3081,,15.4768,3.8313,,24.7551,,0,,19.66,2.29,warning,,,CAMERA_ONLY
0,158.7676,cam_2,CAM_ONLY,19.2313,,15.4768,3.7544,,24.2584,,0,,12.34,0.82,warning,,,CAMERA_ONLY
0,158.8309,cam_2,CAM_ONLY,19.1903,,15.4768,3.7135,,23.9941,,0,,14.81,0.72,warning,,,CAMERA_ONLY
0,158.8948,cam_2,CAM_ONLY,19.7190,,15.4768,4.2421,,27.4097,,0,,12.26,1.21,warning,,,CAMERA_ONLY
0,158.8948,t3792,LIDAR_ONLY,11.2296,11.2296,15.4768,4.2472,4.2472,27.4422,27.4422,0,0,12.26,1.21,cautious,27.36,front,LIDAR_ONLY
0,158.9496,cam_2,CAM_ONLY,19.3779,,15.4768,3.9011,,25.2061,,0,,13.21,1.13,warning,,,CAMERA_ONLY
0,159.0066,cam_2,CAM_ONLY,19.4241,,15.4768,3.9473,,25.5045,,0,,11.33,1.15,warning,,,CAMERA_ONLY
0,159.0704,cam_2,CAM_ONLY,19.2496,,15.4768,3.7728,,24.3771,,0,,14.67,1.06,warning,,,CAMERA_ONLY
0,159.1325,t3798,BOTH,19.2837,10.5125,15.4768,3.8068,4.9643,24.5971,32.0758,0,0,12.57,1.06,warning,,,FULL_ANGLE
0,159.1325,t3798,LIDAR_ONLY,10.6323,10.6323,15.4768,4.8446,4.8446,31.3021,31.3021,0,0,12.57,1.06,cautious,-2.98,front,LIDAR_ONLY
0,159.1325,t3798,LIDAR_ONLY,10.5123,10.5123,15.4768,4.9645,4.9645,32.0771,32.0771,0,0,12.57,1.06,cautious,5.36,front,LIDAR_ONLY
0,159.1914,cam_2,CAM_ONLY,19.2543,,15.4768,3.7775,,24.4075,,0,,12.79,1.12,warning,,,CAMERA_ONLY
0,159.1914,t3803,LIDAR_ONLY,11.0922,11.0922,15.4768,4.3847,4.3847,28.3306,28.3306,0,0,12.79,1.12,cautious,27.65,front,LIDAR_ONLY
0,159.1914,t3803,LIDAR_ONLY,11.4432,11.4432,15.4768,4.0336,4.0336,26.0623,26.0623,0,0,12.79,1.12,cautious,23.63,front,LIDAR_ONLY
0,159.2469,cam_2,CAM_ONLY,19.4537,,15.4768,3.9769,,25.6959,,0,,11.22,1.21,warning,,,CAMERA_ONLY
0,159.2469,t3803,LIDAR_ONLY,11.5256,11.5256,15.4768,3.9512,3.9512,25.5296,25.5296,0,0,11.22,1.21,cautious,28.04,front,LIDAR_ONLY
0,159.3137,cam_2,CAM_ONLY,19.4560,,15.4768,3.9792,,25.7105,,0,,14.60,0.92,warning,,,CAMERA_ONLY
0,159.3735,cam_2,CAM_ONLY,19.3215,,15.4768,3.8446,,24.8413,,0,,12.92,0.99,warning,,,CAMERA_ONLY
0,159.4302,cam_2,CAM_ONLY,19.7735,,15.4768,4.2966,,27.7618,,0,,13.88,0.80,warning,,,CAMERA_ONLY
0,159.4855,t3809,BOTH,19.3177,10.4703,15.4768,3.8409,5.0065,24.8170,32.3486,0,0,9.88,0.82,warning,,,FULL_ANGLE
0,159.4855,t3809,LIDAR_ONLY,10.4725,10.4725,15.4768,5.0043,5.0043,32.3343,32.3343,0,0,9.88,0.82,cautious,3.45,front,LIDAR_ONLY
0,159.4855,t3809,LIDAR_ONLY,10.4821,10.4821,15.4768,4.9947,4.9947,32.2721,32.2721,0,0,9.88,0.82,cautious,-4.75,front,LIDAR_ONLY
0,159.5530,cam_2,CAM_ONLY,19.2923,,15.4768,3.8155,,24.6531,,0,,15.12,1.13,warning,,,CAMERA_ONLY
0,159.6235,cam_2,CAM_ONLY,19.3556,,15.4768,3.8788,,25.0621,,0,,17.47,1.11,warning,,,CAMERA_ONLY
0,159.6809,cam_2,CAM_ONLY,19.3950,,15.4768,3.9182,,25.3167,,0,,13.11,0.78,warning,,,CAMERA_ONLY
0,159.7397,t3818,BOTH,19.2957,10.5707,15.4768,3.8189,4.9061,24.6748,31.6998,0,0,13.12,1.26,warning,,,FULL_ANGLE
0,159.7397,t3817,LIDAR_ONLY,14.8161,14.8161,15.4768,0.6608,0.6608,4.2693,4.2693,1,1,13.12,1.26,cautious,21.91,front,LIDAR_ONLY
0,159.7397,t3817,LIDAR_ONLY,12.8767,12.8767,15.4768,2.6002,2.6002,16.8004,16.8004,0,0,13.12,1.26,cautious,26.04,front,LIDAR_ONLY
0,159.7397,t3817,LIDAR_ONLY,13.6984,13.6984,15.4768,1.7784,1.7784,11.4910,11.4910,0,0,13.12,1.26,cautious,17.77,front,LIDAR_ONLY
0,159.7397,t3818,LIDAR_ONLY,10.5829,10.5829,15.4768,4.8940,4.8940,31.6212,31.6212,0,0,13.12,1.26,cautious,-2.90,front,LIDAR_ONLY
0,159.7973,cam_2,CAM_ONLY,19.2913,,15.4768,3.8145,,24.6465,,0,,11.22,1.10,warning,,,CAMERA_ONLY
0,159.8505,cam_2,CAM_ONLY,19.3575,,15.4768,3.8807,,25.0742,,0,,9.38,1.22,warning,,,CAMERA_ONLY
0,159.9072,cam_2,CAM_ONLY,19.2638,,15.4768,3.7869,,24.4685,,0,,12.76,1.22,warning,,,CAMERA_ONLY
0,159.9770,cam_2,CAM_ONLY,19.6620,,15.4768,4.1852,,27.0418,,0,,21.07,1.97,warning,,,CAMERA_ONLY
0,160.0388,t3829,BOTH,19.6214,10.5130,15.4768,4.1446,4.9638,26.7792,32.0724,0,0,17.50,1.98,warning,,,FULL_ANGLE
0,160.0388,t3828,LIDAR_ONLY,14.0254,14.0254,15.4768,1.4515,1.4515,9.3783,9.3783,0,0,17.50,1.98,cautious,22.86,front,LIDAR_ONLY
0,160.0388,t3829,LIDAR_ONLY,10.6035,10.6035,15.4768,4.8734,4.8734,31.4882,31.4882,0,0,17.50,1.98,cautious,-1.41,front,LIDAR_ONLY
0,160.0388,t3828,LIDAR_ONLY,14.5489,14.5489,15.4768,0.9279,0.9279,5.9956,5.9956,1,1,17.50,1.98,cautious,18.81,front,LIDAR_ONLY
0,160.0388,t3829,LIDAR_ONLY,10.4846,10.4846,15.4768,4.9922,4.9922,32.2560,32.2560,0,0,17.50,1.98,cautious,6.68,front,LIDAR_ONLY
0,160.0388,t3828,LIDAR_ONLY,14.5588,14.5588,15.4768,0.9180,0.9180,5.9313,5.9313,1,1,17.50,1.98,cautious,26.90,front,LIDAR_ONLY
0,160.1040,cam_2,CAM_ONLY,19.6195,,15.4768,4.1427,,26.7672,,0,,22.05,1.81,warning,,,CAMERA_ONLY
0,160.1701,cam_2,CAM_ONLY,19.3272,,15.4768,3.8504,,24.8784,,0,,18.57,1.12,warning,,,CAMERA_ONLY
0,160.2327,cam_2,CAM_ONLY,19.3183,,15.4768,3.8414,,24.8206,,0,,12.86,0.95,warning,,,CAMERA_ONLY
0,160.2852,t3834,BOTH,19.2256,10.4247,15.4768,3.7488,5.0521,24.2219,32.6429,0,0,11.39,0.93,warning,,,FULL_ANGLE
0,160.2852,t3834,LIDAR_ONLY,10.4797,10.4797,15.4768,4.9971,4.9971,32.2875,32.2875,0,0,11.39,0.93,cautious,-1.03,front,LIDAR_ONLY
0,160.3445,t3834,BOTH,19.6081,10.4162,15.4768,4.1313,5.0606,26.6933,32.6981,0,0,15.53,1.75,warning,,,FULL_ANGLE
0,160.3445,t3838,LIDAR_ONLY,24.9416,24.9416,15.4768,9.4647,9.4647,61.1543,61.1543,0,0,15.53,1.75,drive,16.01,front,LIDAR_ONLY
0,160.3445,t3838,LIDAR_ONLY,18.0228,18.0228,15.4768,2.5460,2.5460,16.4503,16.4503,0,0,15.53,1.75,drive,24.40,front,LIDAR_ONLY
0,160.3445,t3838,LIDAR_ONLY,17.4494,17.4494,15.4768,1.9725,1.9725,12.7451,12.7451,0,0,15.53,1.75,drive,20.20,front,LIDAR_ONLY
0,160.3445,t3838,LIDAR_ONLY,15.1537,15.1537,15.4768,0.3232,0.3232,2.0880,2.0880,1,1,15.53,1.75,drive,28.59,front,LIDAR_ONLY
0,160.4072,cam_2,CAM_ONLY,19.2048,,15.4768,3.7280,,24.0874,,0,,13.19,1.25,warning,,,CAMERA_ONLY
0,160.4647,cam_2,CAM_ONLY,19.3146,,15.4768,3.8377,,24.7966,,0,,11.67,0.91,warning,,,CAMERA_ONLY
0,160.5235,cam_2,CAM_ONLY,19.3989,,15.4768,3.9220,,25.3414,,0,,12.12,1.17,warning,,,CAMERA_ONLY
0,160.5833,t3847,BOTH,19.2614,10.5387,15.4768,3.7846,4.9382,24.4531,31.9069,0,0,16.51,1.11,warning,,,FULL_ANGLE
0,160.5833,t3846,LIDAR_ONLY,18.0975,18.0975,15.4768,2.6207,2.6207,16.9330,16.9330,0,0,16.51,1.11,drive,19.19,front,LIDAR_ONLY
0,160.6420,cam_2,CAM_ONLY,19.7185,,15.4768,4.2417,,27.4069,,0,,11.81,1.32,warning,,,CAMERA_ONLY
0,160.6420,t3846,LIDAR_ONLY,15.8942,15.8942,15.4768,0.4174,0.4174,2.6968,2.6968,1,1,11.81,1.32,drive,22.57,front,LIDAR_ONLY
0,160.6420,t3846,LIDAR_ONLY,16.3169,16.3169,15.4768,0.8401,0.8401,5.4279,5.4279,1,1,11.81,1.32,drive,18.48,front,LIDAR_ONLY
0,160.6420,t3846,LIDAR_ONLY,15.8556,15.8556,15.4768,0.3788,0.3788,2.4472,2.4472,1,1,11.81,1.32,drive,26.67,front,LIDAR_ONLY
0,160.6993,cam_2,CAM_ONLY,19.7732,,15.4768,4.2963,,27.7598,,0,,11.36,1.13,warning,,,CAMERA_ONLY
0,160.7554,cam_2,CAM_ONLY,19.2546,,15.4768,3.7778,,24.4093,,0,,13.09,1.23,warning,,,CAMERA_ONLY
0,160.8158,cam_2,CAM_ONLY,19.6525,,15.4768,4.1757,,26.9804,,0,,15.49,0.88,warning,,,CAMERA_ONLY
0,160.8728,cam_2,CAM_ONLY,19.6267,,15.4768,4.1499,,26.8137,,0,,12.17,1.04,warning,,,CAMERA_ONLY
0,160.9388,t3861,BOTH,19.6888,10.5148,15.4768,4.2119,4.9620,27.2145,32.0607,0,0,13.50,1.32,warning,,,FULL_ANGLE
0,160.9388,t3860,LIDAR_ONLY,12.7370,12.7370,15.4768,2.7398,2.7398,17.7026,17.7026,0,0,13.50,1.32,cautious,24.67,front,LIDAR_ONLY
0,160.9388,t3860,LIDAR_ONLY,12.0027,12.0027,15.4768,3.4741,3.4741,22.4470,22.4470,0,0,13.50,1.32,cautious,28.85,front,LIDAR_ONLY
0,160.9388,t3861,LIDAR_ONLY,10.5932,10.5932,15.4768,4.8836,4.8836,31.5546,31.5546,0,0,13.50,1.32,cautious,-4.60,front,LIDAR_ONLY
0,160.9388,t3861,LIDAR_ONLY,10.4962,10.4962,15.4768,4.9807,4.9807,32.1815,32.1815,0,0,13.50,1.32,cautious,3.76,front,LIDAR_ONLY
0,160.9979,cam_2,CAM_ONLY,19.3362,,15.4768,3.8594,,24.9365,,0,,9.86,1.11,warning,,,CAMERA_ONLY
0,161.0520,cam_2,CAM_ONLY,19.2498,,15.4768,3.7730,,24.3781,,0,,9.83,1.06,warning,,,CAMERA_ONLY
0,161.1063,cam_2,CAM_ONLY,19.7198,,15.4768,4.2429,,27.4148,,0,,10.14,1.15,warning,,,CAMERA_ONLY
0,161.1593,cam_2,CAM_ONLY,19.6387,,15.4768,4.1619,,26.8911,,0,,10.81,1.20,warning,,,CAMERA_ONLY
0,161.2153,cam_2,CAM_ONLY,19.3847,,15.4768,3.9079,,25.2499,,0,,11.72,0.82,warning,,,CAMERA_ONLY
0,161.2728,cam_2,CAM_ONLY,19.3262,,15.4768,3.8494,,24.8719,,0,,9.74,1.09,warning,,,CAMERA_ONLY
0,161.3397,t3876,BOTH,19.7187,10.4898,15.4768,4.2419,4.9870,27.4080,32.2223,0,0,15.21,1.35,warning,,,FULL_ANGLE
0,161.3397,t3873,LIDAR_ONLY,10.9656,10.9656,15.4768,4.5112,4.5112,29.1482,29.1482,0,0,15.21,1.35,cautious,27.91,front,LIDAR_ONLY
0,161.3397,t3874,LIDAR_ONLY,26.1295,26.1295,15.4768,10.6527,10.6527,68.8299,68.8299,0,0,15.21,1.35,drive,15.63,front,LIDAR_ONLY
0,161.3397,t3874,LIDAR_ONLY,22.3334,22.3334,15.4768,6.8566,6.8566,44.3023,44.3023,0,0,15.21,1.35,drive,19.72,front,LIDAR_ONLY
0,161.3397,t3876,LIDAR_ONLY,10.4795,10.4795,15.4768,4.9973,4.9973,32.2890,32.2890,0,0,15.21,1.35,cautious,3.34,front,LIDAR_ONLY
0,161.3397,t3874,LIDAR_ONLY,19.0265,19.0265,15.4768,3.5497,3.5497,22.9353,22.9353,0,0,15.21,1.35,drive,23.82,front,LIDAR_ONLY
0,161.3397,t3876,LIDAR_ONLY,10.5010,10.5010,15.4768,4.9759,4.9759,32.1504,32.1504,0,0,15.21,1.35,cautious,-4.85,front,LIDAR_ONLY
0,161.4007,cam_2,CAM_ONLY,19.6693,,15.4768,4.1925,,27.0886,,0,,16.63,1.24,warning,,,CAMERA_ONLY
0,161.4618,cam_2,CAM_ONLY,19.3615,,15.4768,3.8847,,25.1000,,0,,13.20,0.85,warning,,,CAMERA_ONLY
0,161.5263,cam_2,CAM_ONLY,19.2772,,15.4768,3.8004,,24.5552,,0,,17.18,0.79,warning,,,CAMERA_ONLY
0,161.5903,t3886,BOTH,19.3409,10.4200,15.4768,3.8641,5.0568,24.9668,32.6733,0,0,17.34,1.28,warning,,,FULL_ANGLE
0,161.5903,t3884,LIDAR_ONLY,10.1241,10.1241,15.4768,5.3527,5.3527,34.5854,34.5854,0,0,17.34,1.28,cautious,29.91,front,LIDAR_ONLY
0,161.5903,t3885,LIDAR_ONLY,20.4405,20.4405,15.4768,4.9636,4.9636,32.0714,32.0714,0,0,17.34,1.28,drive,17.86,front,LIDAR_ONLY
0,161.5903,t3884,LIDAR_ONLY,10.3235,10.3235,15.4768,5.1533,5.1533,33.2968,33.2968,0,0,17.34,1.28,cautious,25.89,front,LIDAR_ONLY
0,161.5903,t3886,LIDAR_ONLY,10.4252,10.4252,15.4768,5.0516,5.0516,32.6399,32.6399,0,0,17.34,1.28,cautious,5.82,front,LIDAR_ONLY
0,161.6548,cam_2,CAM_ONLY,19.3436,,15.4768,3.8668,,24.9845,,0,,16.32,1.21,warning,,,CAMERA_ONLY
0,161.7092,cam_2,CAM_ONLY,19.1882,,15.4768,3.7113,,23.9799,,0,,10.14,1.05,warning,,,CAMERA_ONLY
0,161.7759,cam_2,CAM_ONLY,19.3249,,15.4768,3.8481,,24.8638,,0,,19.15,1.09,warning,,,CAMERA_ONLY
0,161.8421,t3896,BOTH,19.2501,10.5343,15.4768,3.7733,4.9426,24.3800,31.9352,0,0,19.03,1.24,warning,,,FULL_ANGLE
0,161.8421,t3895,LIDAR_ONLY,14.6818,14.6818,15.4768,0.7950,0.7950,5.1369,5.1369,1,1,19.03,1.24,cautious,22.06,front,LIDAR_ONLY
0,161.8421,t3895,LIDAR_ONLY,12.7800,12.7800,15.4768,2.6969,2.6969,17.4252,17.4252,0,0,19.03,1.24,cautious,26.18,front,LIDAR_ONLY
0,161.8421,t3896,LIDAR_ONLY,10.5127,10.5127,15.4768,4.9641,4.9641,32.0747,32.0747,0,0,19.03,1.24,cautious,5.57,front,LIDAR_ONLY
0,161.8421,t3896,LIDAR_ONLY,10.5303,10.5303,15.4768,4.9465,4.9465,31.9609,31.9609,0,0,19.03,1.24,cautious,-2.67,front,LIDAR_ONLY
0,161.9007,cam_2,CAM_ONLY,19.3771,,15.4768,3.9003,,25.2009,,0,,10.58,1.05,warning,,,CAMERA_ONLY
0,161.9734,cam_2,CAM_ONLY,19.3163,,15.4768,3.8395,,24.8080,,0,,21.30,1.16,warning,,,CAMERA_ONLY
0,162.0273,cam_2,CAM_ONLY,19.3681,,15.4768,3.8913,,25.1426,,0,,10.36,1.13,warning,,,CAMERA_ONLY
0,162.0914,t3903,BOTH,19.3359,10.4770,15.4768,3.8591,4.9998,24.9348,32.3050,0,0,13.07,1.17,warning,,,FULL_ANGLE
0,162.0914,t3902,LIDAR_ONLY,14.3015,14.3015,15.4768,1.1753,1.1753,7.5939,7.5939,0,0,13.07,1.17,cautious,22.51,front,LIDAR_ONLY
0,162.0914,t3902,LIDAR_ONLY,12.6872,12.6872,15.4768,2.7897,2.7897,18.0248,18.0248,0,0,13.07,1.17,cautious,26.58,front,LIDAR_ONLY
0,162.1528,cam_2,CAM_ONLY,19.7105,,15.4768,4.2336,,27.3546,,0,,17.87,1.21,warning,,,CAMERA_ONLY
0,162.2119,cam_2,CAM_ONLY,19.6649,,15.4768,4.1881,,27.0604,,0,,13.40,0.85,warning,,,CAMERA_ONLY
0,162.2640,cam_2,CAM_ONLY,19.4444,,15.4768,3.9676,,25.6355,,0,,9.80,0.87,warning,,,CAMERA_ONLY
0,162.3262,cam_2,CAM_ONLY,19.2638,,15.4768,3.7870,,24.4688,,0,,15.61,0.87,warning,,,CAMERA_ONLY
0,162.3972,cam_2,CAM_ONLY,19.3196,,15.4768,3.8428,,24.8295,,0,,19.74,1.34,warning,,,CAMERA_ONLY
0,162.3972,t3912,LIDAR_ONLY,11.7582,11.7582,15.4768,3.7186,3.7186,24.0268,24.0268,0,0,19.74,1.34,cautious,26.33,front,LIDAR_ONLY
0,162.4605,cam_2,CAM_ONLY,19.6173,,15.4768,4.1405,,26.7526,,0,,13.70,0.99,warning,,,CAMERA_ONLY
0,162.5209,cam_2,CAM_ONLY,19.2150,,15.4768,3.7382,,24.1534,,0,,12.45,1.23,warning,,,CAMERA_ONLY
0,162.5896,t3914,BOTH,19.2886,10.5079,15.4768,3.8118,4.9689,24.6290,32.1054,0,0,14.05,1.70,warning,,,FULL_ANGLE
0,162.5896,t3912,LIDAR_ONLY,11.3621,11.3621,15.4768,4.1147,4.1147,26.5865,26.5865,0,0,14.05,1.70,cautious,27.74,front,LIDAR_ONLY
0,162.5896,t3912,LIDAR_ONLY,11.9433,11.9433,15.4768,3.5336,3.5336,22.8313,22.8313,0,0,14.05,1.70,cautious,19.42,front,LIDAR_ONLY
0,162.5896,t3914,LIDAR_ONLY,10.4933,10.4933,15.4768,4.9836,4.9836,32.2001,32.2001,0,0,14.05,1.70,cautious,-1.40,front,LIDAR_ONLY
0,162.5896,t3912,LIDAR_ONLY,12.3603,12.3603,15.4768,3.1165,3.1165,20.1365,20.1365,0,0,14.05,1.70,cautious,23.58,front,LIDAR_ONLY
0,162.5896,t3914,LIDAR_ONLY,10.5411,10.5411,15.4768,4.9357,4.9357,31.8909,31.8909,0,0,14.05,1.70,cautious,6.93,front,LIDAR_ONLY
0,162.6503,cam_2,CAM_ONLY,19.3295,,15.4768,3.8527,,24.8931,,0,,12.52,1.15,warning,,,CAMERA_ONLY
0,162.7082,cam_2,CAM_ONLY,19.2191,,15.4768,3.7422,,24.1797,,0,,13.66,1.13,warning,,,CAMERA_ONLY
0,162.7728,cam_2,CAM_ONLY,19.2094,,15.4768,3.7326,,24.1174,,0,,16.37,1.05,warning,,,CAMERA_ONLY
0,162.8303,cam_2,CAM_ONLY,19.2010,,15.4768,3.7241,,24.0626,,0,,12.62,0.89,warning,,,CAMERA_ONLY
0,162.8920,t3925,BOTH,19.2134,10.4865,15.4768,3.7365,4.9903,24.1428,32.2439,0,0,13.22,1.18,warning,,,FULL_ANGLE
0,162.8920,t3923,LIDAR_ONLY,10.1903,10.1903,15.4768,5.2865,5.2865,34.1577,34.1577,0,0,13.22,1.18,cautious,29.74,front,LIDAR_ONLY
0,162.8920,t3923,LIDAR_ONLY,10.8810,10.8810,15.4768,4.5958,4.5958,29.6946,29.6946,0,0,13.22,1.18,cautious,21.34,front,LIDAR_ONLY
0,162.8920,t3923,LIDAR_ONLY,11.3415,11.3415,15.4768,4.1354,4.1354,26.7197,26.7197,0,0,13.22,1.18,cautious,25.54,front,LIDAR_ONLY
0,162.8920,t3923,LIDAR_ONLY,12.1320,12.1320,15.4768,3.3448,3.3448,21.6116,21.6116,0,0,13.22,1.18,cautious,17.15,front,LIDAR_ONLY
0,162.9537,cam_2,CAM_ONLY,19.3429,,15.4768,3.8661,,24.9797,,0,,15.08,1.24,warning,,,CAMERA_ONLY
0,163.0157,cam_2,CAM_ONLY,19.2534,,15.4768,3.7766,,24.4015,,0,,13.69,1.01,warning,,,CAMERA_ONLY
0,163.0746,cam_2,CAM_ONLY,19.6123,,15.4768,4.1354,,26.7203,,0,,10.14,1.02,warning,,,CAMERA_ONLY
0,163.1309,cam_2,CAM_ONLY,19.2844,,15.4768,3.8076,,24.6018,,0,,9.82,0.81,warning,,,CAMERA_ONLY
0,163.1925,t3936,BOTH,19.3087,10.5106,15.4768,3.8319,4.9662,24.7591,32.0883,0,0,14.07,1.23,warning,,,FULL_ANGLE
0,163.1925,t3935,LIDAR_ONLY,14.0526,14.0526,15.4768,1.4242,1.4242,9.2021,9.2021,0,0,14.07,1.23,cautious,22.82,front,LIDAR_ONLY
0,163.1925,t3935,LIDAR_ONLY,12.8809,12.8809,15.4768,2.5959,2.5959,16.7727,16.7727,0,0,14.07,1.23,cautious,26.95,front,LIDAR_ONLY
0,163.1925,t3935,LIDAR_ONLY,13.3280,13.3280,15.4768,2.1488,2.1488,13.8842,13.8842,0,0,14.07,1.23,cautious,18.69,front,LIDAR_ONLY
0,163.1925,t3936,LIDAR_ONLY,10.6207,10.6207,15.4768,4.8561,4.8561,31.3767,31.3767,0,0,14.07,1.23,cautious,-1.95,front,LIDAR_ONLY
0,163.1925,t3936,LIDAR_ONLY,10.4670,10.4670,15.4768,5.0099,5.0099,32.3701,32.3701,0,0,14.07,1.23,cautious,6.31,front,LIDAR_ONLY
0,163.2519,cam_2,CAM_ONLY,19.2451,,15.4768,3.7683,,24.3479,,0,,16.30,1.18,warning,,,CAMERA_ONLY
0,163.3050,cam_2,CAM_ONLY,19.2491,,15.4768,3.7723,,24.3740,,0,,11.17,1.17,warning,,,CAMERA_ONLY
0,163.3632,cam_2,CAM_ONLY,19.3721,,15.4768,3.8953,,25.1683,,0,,12.81,0.96,warning,,,CAMERA_ONLY
0,163.4274,cam_2,CAM_ONLY,19.2840,,15.4768,3.8072,,24.5994,,0,,12.89,1.04,warning,,,CAMERA_ONLY
0,163.5077,t3947,BOTH,19.3777,10.4780,15.4768,3.9009,4.9988,25.2048,32.2986,0,0,22.45,1.23,warning,,,FULL_ANGLE
0,163.5077,t3945,LIDAR_ONLY,13.8139,13.8139,15.4768,1.6629,1.6629,10.7446,10.7446,0,0,22.45,1.23,cautious,23.13,front,LIDAR_ONLY
0,163.5077,t3945,LIDAR_ONLY,12.4201,12.4201,15.4768,3.0568,3.0568,19.7506,19.7506,0,0,22.45,1.23,cautious,27.18,front,LIDAR_ONLY
0,163.5077,t3947,LIDAR_ONLY,10.4834,10.4834,15.4768,4.9934,4.9934,32.2639,32.2639,0,0,22.45,1.23,cautious,-1.17,front,LIDAR_ONLY
0,163.5077,t3945,LIDAR_ONLY,12.8535,12.8535,15.4768,2.6233,2.6233,16.9500,16.9500,0,0,22.45,1.23,cautious,19.08,front,LIDAR_ONLY
0,163.5706,cam_2,CAM_ONLY,19.2591,,15.4768,3.7823,,24.4386,,0,,16.22,1.07,warning,,,CAMERA_ONLY
0,163.6347,t3947,BOTH,19.6783,10.4978,15.4768,4.2015,4.9791,27.1471,32.1711,0,0,14.59,0.96,warning,,,FULL_ANGLE
0,163.6347,t3945,LIDAR_ONLY,12.9976,12.9976,15.4768,2.4792,2.4792,16.0190,16.0190,0,0,14.59,0.96,cautious,27.35,front,LIDAR_ONLY
0,163.6347,t3945,LIDAR_ONLY,13.1301,13.1301,15.4768,2.3467,2.3467,15.1626,15.1626,0,0,14.59,0.96,cautious,23.21,front,LIDAR_ONLY
0,163.6347,t3947,LIDAR_ONLY,10.4888,10.4888,15.4768,4.9880,4.9880,32.2287,32.2287,0,0,14.59,0.96,cautious,-1.67,front,LIDAR_ONLY
0,163.6347,t3947,LIDAR_ONLY,10.4762,10.4762,15.4768,5.0006,5.0006,32.3101,32.3101,0,0,14.59,0.96,cautious,6.63,front,LIDAR_ONLY
0,163.6905,t3947,BOTH,19.7190,10.4677,15.4768,4.2422,5.0092,27.4098,32.3656,0,0,9.83,1.20,warning,,,FULL_ANGLE
0,163.6905,t3945,LIDAR_ONLY,13.1958,13.1958,15.4768,2.2810,2.2810,14.7384,14.7384,0,0,9.83,1.20,cautious,23.75,front,LIDAR_ONLY
0,163.6905,t3945,LIDAR_ONLY,14.0088,14.0088,15.4768,1.4680,1.4680,9.4851,9.4851,0,0,9.83,1.20,cautious,15.58,front,LIDAR_ONLY
0,163.6905,t3945,LIDAR_ONLY,14.5605,14.5605,15.4768,0.9163,0.9163,5.9207,5.9207,1,1,9.83,1.20,cautious,19.67,front,LIDAR_ONLY
0,163.6905,t3945,LIDAR_ONLY,14.8027,14.8027,15.4768,0.6741,0.6741,4.3554,4.3554,1,1,9.83,1.20,cautious,27.83,front,LIDAR_ONLY
0,163.6905,t3947,LIDAR_ONLY,10.4710,10.4710,15.4768,5.0058,5.0058,32.3441,32.3441,0,0,9.83,1.20,cautious,-4.84,front,LIDAR_ONLY
0,163.7490,cam_2,CAM_ONLY,19.3070,,15.4768,3.8302,,24.7479,,0,,10.67,1.27,warning,,,CAMERA_ONLY
0,163.8059,cam_2,CAM_ONLY,19.2639,,15.4768,3.7871,,24.4694,,0,,12.51,1.35,warning,,,CAMERA_ONLY
0,163.8744,cam_2,CAM_ONLY,19.2519,,15.4768,3.7751,,24.3920,,0,,18.35,1.04,warning,,,CAMERA_ONLY
0,163.9398,cam_2,CAM_ONLY,19.2346,,15.4768,3.7577,,24.2798,,0,,16.27,1.26,warning,,,CAMERA_ONLY
0,163.9398,t3955,LIDAR_ONLY,13.7228,13.7228,15.4768,1.7541,1.7541,11.3334,11.3334,0,0,16.27,1.26,cautious,23.25,front,LIDAR_ONLY
0,163.9398,t3955,LIDAR_ONLY,12.4443,12.4443,15.4768,3.0326,3.0326,19.5943,19.5943,0,0,16.27,1.26,cautious,27.46,front,LIDAR_ONLY
0,163.9398,t3955,LIDAR_ONLY,12.8802,12.8802,15.4768,2.5966,2.5966,16.7772,16.7772,0,0,16.27,1.26,cautious,19.04,front,LIDAR_ONLY
0,164.0008,cam_2,CAM_ONLY,19.2010,,15.4768,3.7241,,24.0627,,0,,15.21,1.23,warning,,,CAMERA_ONLY
0,164.0550,cam_2,CAM_ONLY,19.2352,,15.4768,3.7584,,24.2840,,0,,13.42,1.31,warning,,,CAMERA_ONLY
0,164.1230,cam_2,CAM_ONLY,19.3668,,15.4768,3.8900,,25.1343,,0,,22.98,2.23,warning,,,CAMERA_ONLY
0,164.1884,t3963,BOTH,19.3655,10.4062,15.4768,3.8887,5.0706,25.1257,32.7624,0,0,14.34,1.06,warning,,,FULL_ANGLE
0,164.1884,t3962,LIDAR_ONLY,13.5276,13.5276,15.4768,1.9492,1.9492,12.5945,12.5945,0,0,14.34,1.06,cautious,23.51,front,LIDAR_ONLY
0,164.1884,t3962,LIDAR_ONLY,12.4066,12.4066,15.4768,3.0702,3.0702,19.8376,19.8376,0,0,14.34,1.06,cautious,27.67,front,LIDAR_ONLY
0,164.1884,t3962,LIDAR_ONLY,12.9108,12.9108,15.4768,2.5660,2.5660,16.5798,16.5798,0,0,14.34,1.06,cautious,19.36,front,LIDAR_ONLY
0,164.1884,t3963,LIDAR_ONLY,10.4339,10.4339,15.4768,5.0429,5.0429,32.5839,32.5839,0,0,14.34,1.06,cautious,-1.44,front,LIDAR_ONLY
0,164.2460,cam_2,CAM_ONLY,19.2881,,15.4768,3.8112,,24.6255,,0,,13.04,1.10,warning,,,CAMERA_ONLY
0,164.3119,cam_2,CAM_ONLY,19.6160,,15.4768,4.1392,,26.7447,,0,,18.61,0.95,warning,,,CAMERA_ONLY
0,164.3713,cam_2,CAM_ONLY,19.1782,,15.4768,3.7013,,23.9154,,0,,14.07,0.99,warning,,,CAMERA_ONLY
0,164.4309,t3968,BOTH,19.3785,10.5795,11.0713,8.3072,0.4918,75.0337,4.4417,0,1,16.52,0.82,warning,,,FULL_ANGLE
0,164.4309,t3968,LIDAR_ONLY,10.6025,10.6025,11.0713,0.4687,0.4687,4.2339,4.2339,1,1,16.52,0.82,cautious,-2.11,front,LIDAR_ONLY
0,164.4994,cam_2,CAM_ONLY,19.3225,,11.4426,7.8800,,68.8652,,0,,14.08,1.04,warning,,,CAMERA_ONLY
0,164.5646,cam_2,CAM_ONLY,19.3044,,11.8768,7.4276,,62.5388,,0,,15.17,0.87,warning,,,CAMERA_ONLY
0,164.6368,t3968,BOTH,19.2096,10.4771,12.7178,6.4918,2.2407,51.0447,17.6189,0,0,22.01,0.95,warning,,,FULL_ANGLE
0,164.6368,t3968,LIDAR_ONLY,10.4753,10.4753,12.7178,2.2425,2.2425,17.6330,17.6330,0,0,22.01,0.95,cautious,6.19,front,LIDAR_ONLY
0,164.6368,t3968,LIDAR_ONLY,10.4784,10.4784,12.7178,2.2394,2.2394,17.6086,17.6086,0,0,22.01,0.95,cautious,-1.98,front,LIDAR_ONLY
0,164.6896,cam_2,CAM_ONLY,19.5892,,13.3694,6.2198,,46.5223,,0,,10.53,0.97,warning,,,CAMERA_ONLY
0,164.7509,cam_2,CAM_ONLY,19.2394,,14.0676,5.1718,,36.7642,,0,,17.68,1.12,warning,,,CAMERA_ONLY
0,164.8088,cam_2,CAM_ONLY,19.4267,,15.0337,4.3930,,29.2212,,0,,15.81,1.06,warning,,,CAMERA_ONLY
0,164.8706,cam_2,CAM_ONLY,18.9796,,15.4768,3.5027,,22.6322,,0,,12.80,1.06,warning,,,CAMERA_ONLY
0,164.9423,t3977,BOTH,19.1859,10.5279,15.4768,3.7091,4.9490,23.9653,31.9766,0,0,18.67,1.05,warning,,,FULL_ANGLE
0,164.9423,t3976,LIDAR_ONLY,12.9550,12.9550,15.4768,2.5218,2.5218,16.2941,16.2941,0,0,18.67,1.05,cautious,24.34,front,LIDAR_ONLY
0,164.9423,t3976,LIDAR_ONLY,11.4807,11.4807,15.4768,3.9962,3.9962,25.8204,25.8204,0,0,18.67,1.05,cautious,28.38,front,LIDAR_ONLY
0,164.9423,t3976,LIDAR_ONLY,11.8535,11.8535,15.4768,3.6233,3.6233,23.4113,23.4113,0,0,18.67,1.05,cautious,20.30,front,LIDAR_ONLY
0,164.9423,t3977,LIDAR_ONLY,10.5695,10.5695,15.4768,4.9073,4.9073,31.7077,31.7077,0,0,18.67,1.05,cautious,-3.95,front,LIDAR_ONLY
0,165.0057,cam_2,CAM_ONLY,19.3119,,15.4768,3.8351,,24.7795,,0,,20.03,1.06,warning,,,CAMERA_ONLY
0,165.0596,cam_2,CAM_ONLY,19.1115,,15.4768,3.6347,,23.4849,,0,,13.06,0.99,warning,,,CAMERA_ONLY
0,165.1210,cam_2,CAM_ONLY,19.2502,,15.4768,3.7734,,24.3810,,0,,13.60,1.08,warning,,,CAMERA_ONLY
0,165.1787,cam_2,CAM_ONLY,19.4948,,15.4768,4.0180,,25.9616,,0,,12.73,0.82,warning,,,CAMERA_ONLY
0,165.2411,cam_2,CAM_ONLY,19.2997,,15.4768,3.8228,,24.7004,,0,,14.83,1.30,warning,,,CAMERA_ONLY
0,165.2411,t3987,LIDAR_ONLY,11.9378,11.9378,15.4768,3.5390,3.5390,22.8666,22.8666,0,0,14.83,1.30,cautious,26.01,front,LIDAR_ONLY
0,165.2411,t3987,LIDAR_ONLY,13.2634,13.2634,15.4768,2.2134,2.2134,14.3014,14.3014,0,0,14.83,1.30,cautious,17.66,front,LIDAR_ONLY
0,165.2411,t3987,LIDAR_ONLY,14.0437,14.0437,15.4768,1.4331,1.4331,9.2599,9.2599,0,0,14.83,1.30,cautious,21.83,front,LIDAR_ONLY
0,165.3066,cam_2,CAM_ONLY,19.4769,,15.4768,4.0001,,25.8457,,0,,15.90,1.13,warning,,,CAMERA_ONLY
0,165.3672,cam_2,CAM_ONLY,19.3404,,15.4768,3.8636,,24.9639,,0,,15.13,1.74,warning,,,CAMERA_ONLY
0,165.4194,cam_2,CAM_ONLY,19.3928,,15.4768,3.9160,,25.3020,,0,,10.85,0.99,warning,,,CAMERA_ONLY
0,165.4746,cam_2,CAM_ONLY,19.2257,,15.4768,3.7489,,24.2228,,0,,11.60,1.02,warning,,,CAMERA_ONLY
0,165.5408,t3997,BOTH,19.0855,10.5487,15.4768,3.6086,4.9282,23.3163,31.8422,0,0,17.19,1.15,warning,,,FULL_ANGLE
0,165.5408,t3996,LIDAR_ONLY,13.9933,13.9933,15.4768,1.4835,1.4835,9.5855,9.5855,0,0,17.19,1.15,cautious,22.90,front,LIDAR_ONLY
0,165.5408,t3997,LIDAR_ONLY,10.5756,10.5756,15.4768,4.9013,4.9013,31.6684,31.6684,0,0,17.19,1.15,cautious,-2.10,front,LIDAR_ONLY
0,165.5408,t3996,LIDAR_ONLY,12.8226,12.8226,15.4768,2.6542,2.6542,17.1498,17.1498,0,0,17.19,1.15,cautious,27.06,front,LIDAR_ONLY
0,165.6070,cam_2,CAM_ONLY,19.1289,,15.4768,3.6521,,23.5972,,0,,15.03,1.20,warning,,,CAMERA_ONLY
0,165.6737,cam_2,CAM_ONLY,19.3403,,7.6672,11.6731,,152.2463,,0,,18.32,1.12,warning,,,CAMERA_ONLY
0,165.7325,t3997,BOTH,19.4913,10.5179,8.1382,11.3531,2.3797,139.5046,29.2412,0,0,9.25,1.17,warning,,,FULL_ANGLE
0,165.7325,t3996,LIDAR_ONLY,12.9187,12.9187,8.1382,4.7805,4.7805,58.7422,58.7422,0,0,9.25,1.17,cautious,23.06,front,LIDAR_ONLY
0,165.7325,t3996,LIDAR_ONLY,13.3466,13.3466,8.1382,5.2084,5.2084,63.9999,63.9999,0,0,9.25,1.17,cautious,19.06,front,LIDAR_ONLY
0,165.7325,t3996,LIDAR_ONLY,13.4119,13.4119,8.1382,5.2737,5.2737,64.8020,64.8020,0,0,9.25,1.17,cautious,27.06,front,LIDAR_ONLY
0,165.7325,t3997,LIDAR_ONLY,10.5515,10.5515,8.1382,2.4133,2.4133,29.6539,29.6539,0,0,9.25,1.17,cautious,-4.94,front,LIDAR_ONLY
0,165.7325,t3997,LIDAR_ONLY,10.5409,10.5409,8.1382,2.4027,2.4027,29.5237,29.5237,0,0,9.25,1.17,cautious,-0.94,front,LIDAR_ONLY
0,165.7325,t3997,LIDAR_ONLY,10.5350,10.5350,8.1382,2.3969,2.3969,29.4519,29.4519,0,0,9.25,1.17,cautious,7.06,front,LIDAR_ONLY
0,165.7862,t4003,BOTH,19.1342,10.5326,8.7438,10.3903,1.7888,118.8306,20.4578,0,0,11.02,0.94,warning,,,FULL_ANGLE
0,165.7862,t4003,LIDAR_ONLY,10.5389,10.5389,8.7438,1.7951,1.7951,20.5297,20.5297,0,0,11.02,0.94,cautious,-3.06,front,LIDAR_ONLY
0,165.7862,t3997,LIDAR_ONLY,10.5304,10.5304,8.7438,1.7866,1.7866,20.4322,20.4322,0,0,11.02,0.94,cautious,5.12,front,LIDAR_ONLY
0,165.8426,cam_2,CAM_ONLY,19.0609,,9.3905,9.6704,,102.9811,,0,,11.49,1.22,warning,,,CAMERA_ONLY
0,165.8426,t3996,LIDAR_ONLY,12.3677,12.3677,9.3905,2.9772,2.9772,31.7050,31.7050,0,0,11.49,1.22,cautious,29.58,front,LIDAR_ONLY
0,165.8426,t3996,LIDAR_ONLY,12.4046,12.4046,9.3905,3.0142,3.0142,32.0984,32.0984,0,0,11.49,1.22,cautious,25.45,front,LIDAR_ONLY
0,165.8426,t3996,LIDAR_ONLY,12.7674,12.7674,9.3905,3.3770,3.3770,35.9615,35.9615,0,0,11.49,1.22,cautious,17.17,front,LIDAR_ONLY
0,165.8426,t3996,LIDAR_ONLY,12.9199,12.9199,9.3905,3.5294,3.5294,37.5851,37.5851,0,0,11.49,1.22,cautious,21.31,front,LIDAR_ONLY
0,165.9055,cam_2,CAM_ONLY,18.9743,,10.3934,8.5808,,82.5602,,0,,12.77,1.18,warning,,,CAMERA_ONLY
0,165.9689,cam_2,CAM_ONLY,19.2517,,11.6288,7.6229,,65.5516,,0,,18.58,0.98,warning,,,CAMERA_ONLY
0,166.0383,t4012,BOTH,18.9931,10.5620,12.8749,6.1182,2.3129,47.5207,17.9642,0,0,22.20,1.53,warning,,,FULL_ANGLE
0,166.0383,t3996,LIDAR_ONLY,13.6854,13.6854,12.8749,0.8105,0.8105,6.2956,6.2956,1,1,22.20,1.53,cautious,15.86,front,LIDAR_ONLY
0,166.0383,t3996,LIDAR_ONLY,14.9422,14.9422,12.8749,2.0674,2.0674,16.0573,16.0573,0,0,22.20,1.53,cautious,20.02,front,LIDAR_ONLY
0,166.0383,t4012,LIDAR_ONLY,10.5135,10.5135,12.8749,2.3614,2.3614,18.3409,18.3409,0,0,22.20,1.53,cautious,3.40,front,LIDAR_ONLY
0,166.1071,cam_2,CAM_ONLY,19.1697,,14.0641,5.1056,,36.3026,,0,,14.83,1.35,warning,,,CAMERA_ONLY
0,166.1720,cam_2,CAM_ONLY,19.2269,,15.4148,3.8121,,24.7303,,0,,14.09,0.93,warning,,,CAMERA_ONLY
0,166.2344,t4012,BOTH,19.3230,10.5253,15.4768,3.8461,4.9515,24.8510,31.9931,0,0,15.67,1.07,warning,,,FULL_ANGLE
0,166.2344,t3996,LIDAR_ONLY,15.8586,15.8586,15.4768,0.3818,0.3818,2.4669,2.4669,1,1,15.67,1.07,cautious,24.56,front,LIDAR_ONLY
0,166.2344,t3996,LIDAR_ONLY,16.2169,16.2169,15.4768,0.7401,0.7401,4.7818,4.7818,1,1,15.67,1.07,cautious,20.35,front,LIDAR_ONLY
0,166.2344,t3996,LIDAR_ONLY,16.9078,16.9078,15.4768,1.4310,1.4310,9.2458,9.2458,0,0,15.67,1.07,drive,16.14,front,LIDAR_ONLY
0,166.2344,t4016,LIDAR_ONLY,10.5878,10.5878,15.4768,4.8890,4.8890,31.5895,31.5895,0,0,15.67,1.07,cautious,28.78,front,LIDAR_ONLY
0,166.2344,t4012,LIDAR_ONLY,10.5185,10.5185,15.4768,4.9583,4.9583,32.0371,32.0371,0,0,15.67,1.07,cautious,-4.91,front,LIDAR_ONLY
0,166.2344,t4017,LIDAR_ONLY,13.9397,13.9397,15.4768,1.5372,1.5372,9.9320,9.9320,0,0,15.67,1.07,cautious,-25.96,front,LIDAR_ONLY
0,166.3000,cam_2,CAM_ONLY,19.2251,,15.4768,3.7483,,24.2189,,0,,18.94,1.16,warning,,,CAMERA_ONLY
0,166.3686,cam_2,CAM_ONLY,19.1705,,15.4768,3.6937,,23.8659,,0,,14.61,0.91,warning,,,CAMERA_ONLY
0,166.4335,t4012,BOTH,19.0751,10.5191,15.4768,3.5983,4.9577,23.2495,32.0332,0,0,19.64,0.95,warning,,,FULL_ANGLE
0,166.4335,t4012,LIDAR_ONLY,10.5370,10.5370,15.4768,4.9398,4.9398,31.9173,31.9173,0,0,19.64,0.95,cautious,-3.85,front,LIDAR_ONLY
0,166.4335,t4017,LIDAR_ONLY,14.6694,14.6694,15.4768,0.8075,0.8075,5.2173,5.2173,1,1,19.64,0.95,cautious,-16.20,front,LIDAR_ONLY
0,166.4995,cam_2,CAM_ONLY,19.3735,,15.4768,3.8967,,25.1775,,0,,18.85,1.14,warning,,,CAMERA_ONLY
0,166.5622,cam_2,CAM_ONLY,19.1424,,15.4768,3.6655,,23.6840,,0,,15.81,0.87,warning,,,CAMERA_ONLY
0,166.6137,cam_2,CAM_ONLY,19.4743,,15.4768,3.9975,,25.8288,,0,,9.50,0.89,warning,,,CAMERA_ONLY
0,166.6807,cam_2,CAM_ONLY,19.3630,,15.4768,3.8862,,25.1095,,0,,14.72,0.97,warning,,,CAMERA_ONLY
0,166.7456,cam_2,CAM_ONLY,19.1986,,15.4768,3.7218,,24.0476,,0,,15.38,1.28,warning,,,CAMERA_ONLY
0,166.7456,t4029,LIDAR_ONLY,14.7213,14.7213,15.4768,0.7555,0.7555,4.8814,4.8814,1,1,15.38,1.28,cautious,22.01,front,LIDAR_ONLY
0,166.7456,t4029,LIDAR_ONLY,13.4319,13.4319,15.4768,2.0449,2.0449,13.2129,13.2129,0,0,15.38,1.28,cautious,26.07,front,LIDAR_ONLY
0,166.8032,cam_2,CAM_ONLY,19.1114,,15.4768,3.6346,,23.4839,,0,,9.80,1.10,warning,,,CAMERA_ONLY
0,166.8676,cam_2,CAM_ONLY,19.4607,,15.4768,3.9839,,25.7410,,0,,15.96,0.84,warning,,,CAMERA_ONLY
0,166.9272,cam_2,CAM_ONLY,19.5051,,15.4768,4.0283,,26.0280,,0,,17.74,1.06,warning,,,CAMERA_ONLY
0,166.9890,t4039,BOTH,19.1041,10.4917,15.4768,3.6273,4.9851,23.4371,32.2103,0,0,14.28,1.41,warning,,,FULL_ANGLE
0,166.9890,t4037,LIDAR_ONLY,13.9653,13.9653,15.4768,1.5115,1.5115,9.7664,9.7664,0,0,14.28,1.41,cautious,22.93,front,LIDAR_ONLY
0,166.9890,t4037,LIDAR_ONLY,12.5740,12.5740,15.4768,2.9029,2.9029,18.7561,18.7561,0,0,14.28,1.41,cautious,26.96,front,LIDAR_ONLY
0,166.9890,t4039,LIDAR_ONLY,10.4852,10.4852,15.4768,4.9916,4.9916,32.2524,32.2524,0,0,14.28,1.41,cautious,-1.24,front,LIDAR_ONLY
0,166.9890,t4037,LIDAR_ONLY,12.9535,12.9535,15.4768,2.5233,2.5233,16.3037,16.3037,0,0,14.28,1.41,cautious,18.91,front,LIDAR_ONLY
0,166.9890,t4039,LIDAR_ONLY,10.4806,10.4806,15.4768,4.9962,4.9962,32.2821,32.2821,0,0,14.28,1.41,cautious,6.82,front,LIDAR_ONLY
0,167.0512,cam_2,CAM_ONLY,19.1593,,15.4768,3.6824,,23.7932,,0,,13.61,1.23,warning,,,CAMERA_ONLY
0,167.1068,cam_2,CAM_ONLY,19.1407,,15.4768,3.6639,,23.6733,,0,,10.32,1.37,warning,,,CAMERA_ONLY
0,167.1656,cam_2,CAM_ONLY,19.0696,,15.4768,3.5928,,23.2142,,0,,13.94,0.84,warning,,,CAMERA_ONLY
0,167.2279,cam_2,CAM_ONLY,19.0428,,15.4768,3.5660,,23.0411,,0,,13.33,0.90,warning,,,CAMERA_ONLY
0,167.3013,cam_2,CAM_ONLY,19.7103,,15.4768,4.2335,,27.3536,,0,,21.01,1.67,warning,,,CAMERA_ONLY
0,167.3592,cam_2,CAM_ONLY,19.2501,,15.4768,3.7732,,24.3800,,0,,12.48,1.27,warning,,,CAMERA_ONLY
0,167.4353,t4048,BOTH,19.3537,10.4400,15.4768,3.8769,5.0369,25.0495,32.5445,0,0,24.41,1.45,warning,,,FULL_ANGLE
0,167.4985,cam_2,CAM_ONLY,19.3331,,15.4768,3.8563,,24.9164,,0,,19.05,2.04,warning,,,CAMERA_ONLY
0,167.5601,cam_2,CAM_ONLY,19.1678,,15.4768,3.6910,,23.8485,,0,,12.94,0.89,warning,,,CAMERA_ONLY
0,167.6263,cam_2,CAM_ONLY,19.2220,,15.4768,3.7451,,24.1984,,0,,19.04,1.16,warning,,,CAMERA_ONLY
0,167.6987,cam_2,CAM_ONLY,19.2487,,15.4768,3.7718,,24.3708,,0,,21.78,1.69,warning,,,CAMERA_ONLY
0,167.7534,cam_2,CAM_ONLY,19.2153,,15.4768,3.7384,,24.1550,,0,,9.93,1.15,warning,,,CAMERA_ONLY
0,167.8246,cam_2,CAM_ONLY,19.2618,,15.4768,3.7850,,24.4557,,0,,20.52,1.92,warning,,,CAMERA_ONLY
0,167.8981,t4064,BOTH,19.2785,10.6117,15.4768,3.8017,4.8651,24.5637,31.4346,0,0,21.28,2.82,warning,,,FULL_ANGLE
0,167.8981,t4062,LIDAR_ONLY,10.4703,10.4703,15.4768,5.0065,5.0065,32.3483,32.3483,0,0,21.28,2.82,cautious,29.05,front,LIDAR_ONLY
0,167.8981,t4063,LIDAR_ONLY,23.7701,23.7701,15.4768,8.2933,8.2933,53.5853,53.5853,0,0,21.28,2.82,drive,16.42,front,LIDAR_ONLY
0,167.8981,t4062,LIDAR_ONLY,10.7920,10.7920,15.4768,4.6848,4.6848,30.2700,30.2700,0,0,21.28,2.82,cautious,24.84,front,LIDAR_ONLY
0,167.8981,t4064,LIDAR_ONLY,10.4802,10.4802,15.4768,4.9967,4.9967,32.2848,32.2848,0,0,21.28,2.82,cautious,3.79,front,LIDAR_ONLY
0,167.8981,t4064,LIDAR_ONLY,10.4861,10.4861,15.4768,4.9908,4.9908,32.2467,32.2467,0,0,21.28,2.82,cautious,-4.64,front,LIDAR_ONLY
0,167.9919,cam_2,CAM_ONLY,19.2145,,15.4768,3.7376,,24.1500,,0,,22.44,1.22,warning,,,CAMERA_ONLY
0,167.9919,t4062,LIDAR_ONLY,11.0050,11.0050,15.4768,4.4719,4.4719,28.8939,28.8939,0,0,22.44,1.22,cautious,26.90,front,LIDAR_ONLY
0,167.9919,t4062,LIDAR_ONLY,11.3432,11.3432,15.4768,4.1336,4.1336,26.7084,26.7084,0,0,22.44,1.22,cautious,22.67,front,LIDAR_ONLY
0,168.0435,t4064,BOTH,19.5310,10.4883,15.4768,4.0542,4.9885,26.1953,32.2320,0,0,11.56,1.33,warning,,,FULL_ANGLE
0,168.0435,t4062,LIDAR_ONLY,11.6345,11.6345,15.4768,3.8423,3.8423,24.8261,24.8261,0,0,11.56,1.33,cautious,24.15,front,LIDAR_ONLY
0,168.0435,t4063,LIDAR_ONLY,20.2863,20.2863,15.4768,4.8095,4.8095,31.0754,31.0754,0,0,11.56,1.33,drive,20.07,front,LIDAR_ONLY
0,168.0435,t4062,LIDAR_ONLY,11.8216,11.8216,15.4768,3.6552,3.6552,23.6174,23.6174,0,0,11.56,1.33,cautious,28.23,front,LIDAR_ONLY
0,168.1057,cam_2,CAM_ONLY,19.6405,,15.4768,4.1637,,26.9027,,0,,16.66,1.33,warning,,,CAMERA_ONLY
0,168.1627,cam_2,CAM_ONLY,19.2710,,15.4768,3.7942,,24.5151,,0,,12.34,0.94,warning,,,CAMERA_ONLY
0,168.2214,cam_2,CAM_ONLY,19.1475,,15.4768,3.6707,,23.7174,,0,,13.01,1.02,warning,,,CAMERA_ONLY
0,168.2777,cam_2,CAM_ONLY,19.2100,,15.4768,3.7332,,24.1210,,0,,12.03,0.74,warning,,,CAMERA_ONLY
0,168.3317,t4074,BOTH,19.1745,10.4983,15.4768,3.6977,4.9785,23.8919,32.1676,0,0,15.21,0.87,warning,,,FULL_ANGLE
0,168.3317,t4074,LIDAR_ONLY,10.6186,10.6186,15.4768,4.8583,4.8583,31.3905,31.3905,0,0,15.21,0.87,cautious,-3.04,front,LIDAR_ONLY
0,168.3832,t4074,BOTH,19.3472,10.5158,15.4768,3.8704,4.9610,25.0076,32.0547,0,0,10.20,0.92,warning,,,FULL_ANGLE
0,168.3832,t4074,LIDAR_ONLY,10.5090,10.5090,15.4768,4.9678,4.9678,32.0982,32.0982,0,0,10.20,0.92,cautious,-2.42,front,LIDAR_ONLY
0,168.3832,t4074,LIDAR_ONLY,10.5178,10.5178,15.4768,4.9590,4.9590,32.0415,32.0415,0,0,10.20,0.92,cautious,5.59,front,LIDAR_ONLY
0,168.4413,cam_2,CAM_ONLY,19.1443,,15.4768,3.6675,,23.6965,,0,,11.63,1.25,warning,,,CAMERA_ONLY
0,168.4935,cam_2,CAM_ONLY,19.3321,,15.4768,3.8553,,24.9102,,0,,11.07,1.20,warning,,,CAMERA_ONLY
0,168.4935,t4078,LIDAR_ONLY,10.1244,10.1244,15.4768,5.3524,5.3524,34.5833,34.5833,0,0,11.07,1.20,cautious,29.90,front,LIDAR_ONLY
0,168.5484,cam_2,CAM_ONLY,19.1848,,15.4768,3.7080,,23.9583,,0,,12.31,1.25,warning,,,CAMERA_ONLY
0,168.6002,cam_2,CAM_ONLY,19.1811,,15.4768,3.7043,,23.9342,,0,,9.56,0.97,warning,,,CAMERA_ONLY
0,168.6690,cam_2,CAM_ONLY,19.2806,,15.4768,3.8038,,24.5775,,0,,16.97,1.07,warning,,,CAMERA_ONLY
0,168.7307,cam_2,CAM_ONLY,19.2872,,15.4768,3.8103,,24.6197,,0,,12.73,0.83,warning,,,CAMERA_ONLY
0,168.7872,t4089,BOTH,19.1979,10.4170,15.4768,3.7210,5.0599,24.0426,32.6932,0,0,12.57,1.04,warning,,,FULL_ANGLE
0,168.7872,t4087,LIDAR_ONLY,12.4059,12.4059,15.4768,3.0709,3.0709,19.8420,19.8420,0,0,12.57,1.04,cautious,25.20,front,LIDAR_ONLY
0,168.7872,t4087,LIDAR_ONLY,11.5331,11.5331,15.4768,3.9437,3.9437,25.4816,25.4816,0,0,12.57,1.04,cautious,29.39,front,LIDAR_ONLY
0,168.7872,t4088,LIDAR_ONLY,22.7247,22.7247,15.4768,7.2479,7.2479,46.8304,46.8304,0,0,12.57,1.04,drive,16.82,front,LIDAR_ONLY
0,168.7872,t4088,LIDAR_ONLY,18.6698,18.6698,15.4768,3.1930,3.1930,20.6308,20.6308,0,0,12.57,1.04,drive,21.01,front,LIDAR_ONLY
0,168.7872,t4089,LIDAR_ONLY,10.3893,10.3893,15.4768,5.0875,5.0875,32.8718,32.8718,0,0,12.57,1.04,cautious,4.25,front,LIDAR_ONLY
0,168.8541,cam_2,CAM_ONLY,19.1121,,15.4768,3.6352,,23.4882,,0,,16.47,1.22,warning,,,CAMERA_ONLY
0,168.9208,cam_2,CAM_ONLY,19.7454,,15.4768,4.2686,,27.5806,,0,,18.73,2.00,warning,,,CAMERA_ONLY
0,168.9928,t4089,BOTH,19.7002,10.4449,15.4768,4.2234,5.0319,27.2887,32.5124,0,0,22.66,1.31,warning,,,FULL_ANGLE
0,168.9928,t4088,LIDAR_ONLY,16.3008,16.3008,15.4768,0.8240,0.8240,5.3241,5.3241,1,1,22.66,1.31,drive,24.24,front,LIDAR_ONLY
0,168.9928,t4087,LIDAR_ONLY,11.2879,11.2879,15.4768,4.1889,4.1889,27.0655,27.0655,0,0,22.66,1.31,cautious,28.28,front,LIDAR_ONLY
0,168.9928,t4088,LIDAR_ONLY,16.3274,16.3274,15.4768,0.8505,0.8505,5.4955,5.4955,1,1,22.66,1.31,drive,20.20,front,LIDAR_ONLY
0,168.9928,t4089,LIDAR_ONLY,10.4542,10.4542,15.4768,5.0226,5.0226,32.4524,32.4524,0,0,22.66,1.31,cautious,4.04,front,LIDAR_ONLY
0,169.0557,cam_2,CAM_ONLY,19.6184,,15.4768,4.1416,,26.7599,,0,,11.65,1.26,warning,,,CAMERA_ONLY
0,169.1186,cam_2,CAM_ONLY,19.6328,,15.4768,4.1560,,26.8529,,0,,12.76,0.86,warning,,,CAMERA_ONLY
0,169.1816,t4089,BOTH,19.4679,10.4834,15.4768,3.9911,4.9934,25.7873,32.2636,0,0,14.22,0.95,warning,,,FULL_ANGLE
0,169.1816,t4089,LIDAR_ONLY,10.4704,10.4704,15.4768,5.0065,5.0065,32.3481,32.3481,0,0,14.22,0.95,cautious,-3.03,front,LIDAR_ONLY
0,169.1816,t4089,LIDAR_ONLY,10.4799,10.4799,15.4768,4.9969,4.9969,32.2864,32.2864,0,0,14.22,0.95,cautious,5.11,front,LIDAR_ONLY
0,169.2393,t4089,BOTH,19.4075,10.4712,15.4768,3.9307,5.0056,25.3972,32.3425,0,0,12.41,1.28,warning,,,FULL_ANGLE
0,169.2393,t4103,LIDAR_ONLY,14.8211,14.8211,15.4768,0.6557,0.6557,4.2367,4.2367,1,1,12.41,1.28,cautious,21.90,front,LIDAR_ONLY
0,169.2393,t4103,LIDAR_ONLY,15.6967,15.6967,15.4768,0.2199,0.2199,1.4209,1.4209,1,1,12.41,1.28,cautious,17.74,front,LIDAR_ONLY
0,169.2393,t4103,LIDAR_ONLY,14.9955,14.9955,15.4768,0.4813,0.4813,3.1099,3.1099,1,1,12.41,1.28,cautious,26.06,front,LIDAR_ONLY
0,169.2393,t4089,LIDAR_ONLY,10.4704,10.4704,15.4768,5.0064,5.0064,32.3478,32.3478,0,0,12.41,1.28,cautious,5.27,front,LIDAR_ONLY
0,169.2956,cam_2,CAM_ONLY,19.3282,,15.4768,3.8514,,24.8850,,0,,10.07,1.15,warning,,,CAMERA_ONLY
0,169.3569,cam_2,CAM_ONLY,19.1241,,11.1989,7.9252,,70.7681,,0,,14.46,1.24,warning,,,CAMERA_ONLY
0,169.4214,cam_2,CAM_ONLY,19.2727,,11.6698,7.6029,,65.1505,,0,,17.25,1.08,warning,,,CAMERA_ONLY
0,169.4767,cam_2,CAM_ONLY,19.3364,,12.1249,7.2115,,59.4772,,0,,10.18,1.08,warning,,,CAMERA_ONLY
0,169.5404,cam_2,CAM_ONLY,19.2287,,4.2422,14.9865,,353.2757,,0,,17.26,1.12,warning,,,CAMERA_ONLY
0,169.5404,t4115,LIDAR_ONLY,12.7563,12.7563,4.2422,8.5142,8.5142,200.7034,200.7034,0,0,17.26,1.12,cautious,24.64,front,LIDAR_ONLY
0,169.5404,t4115,LIDAR_ONLY,13.1752,13.1752,4.2422,8.9331,8.9331,210.5782,210.5782,0,0,17.26,1.12,cautious,20.50,front,LIDAR_ONLY
0,169.5404,t4115,LIDAR_ONLY,13.1196,13.1196,4.2422,8.8775,8.8775,209.2678,209.2678,0,0,17.26,1.12,cautious,28.79,front,LIDAR_ONLY
0,169.6070,cam_2,CAM_ONLY,19.6397,,4.8583,14.7814,,304.2516,,0,,13.73,1.41,warning,,,CAMERA_ONLY
0,169.6635,cam_2,CAM_ONLY,19.5510,,5.6643,13.8867,,245.1617,,0,,10.62,0.81,warning,,,CAMERA_ONLY
0,169.7201,cam_2,CAM_ONLY,19.2566,,6.5878,12.6689,,192.3082,,0,,12.02,1.11,warning,,,CAMERA_ONLY
0,169.7879,t4122,BOTH,19.3127,10.5016,7.7509,11.5618,2.7507,149.1674,35.4892,0,0,17.89,1.97,warning,,,FULL_ANGLE
0,169.7879,t4121,LIDAR_ONLY,22.9741,22.9741,7.7509,15.2232,15.2232,196.4060,196.4060,0,0,17.89,1.97,drive,16.72,front,LIDAR_ONLY
0,169.7879,t4122,LIDAR_ONLY,10.5515,10.5515,7.7509,2.8006,2.8006,36.1331,36.1331,0,0,17.89,1.97,cautious,-3.44,front,LIDAR_ONLY
0,169.7879,t4122,LIDAR_ONLY,10.4750,10.4750,7.7509,2.7241,2.7241,35.1450,35.1450,0,0,17.89,1.97,cautious,4.63,front,LIDAR_ONLY
0,169.8448,cam_2,CAM_ONLY,19.1248,,8.9216,10.2032,,114.3650,,0,,11.16,1.25,warning,,,CAMERA_ONLY
0,169.8448,t4126,LIDAR_ONLY,10.2198,10.2198,8.9216,1.2982,1.2982,14.5509,14.5509,0,0,11.16,1.25,cautious,29.66,front,LIDAR_ONLY
0,169.8448,t4126,LIDAR_ONLY,10.6257,10.6257,8.9216,1.7041,1.7041,19.1008,19.1008,0,0,11.16,1.25,cautious,25.45,front,LIDAR_ONLY
0,169.8448,t4121,LIDAR_ONLY,22.6512,22.6512,8.9216,13.7296,13.7296,153.8914,153.8914,0,0,11.16,1.25,drive,17.02,front,LIDAR_ONLY
0,169.9131,cam_2,CAM_ONLY,19.4121,,10.4477,8.9644,,85.8021,,0,,20.19,1.10,warning,,,CAMERA_ONLY
0,169.9760,cam_2,CAM_ONLY,19.2206,,11.4958,7.7248,,67.1969,,0,,18.52,1.13,warning,,,CAMERA_ONLY
0,170.0514,cam_2,CAM_ONLY,19.2087,,13.1471,6.0616,,46.1062,,0,,15.59,1.10,warning,,,CAMERA_ONLY
0,170.1197,cam_2,CAM_ONLY,19.3793,,14.6132,4.7661,,32.6151,,0,,14.69,0.87,warning,,,CAMERA_ONLY
0,170.1788,cam_2,CAM_ONLY,19.3668,,15.4768,3.8900,,25.1342,,0,,13.13,0.94,warning,,,CAMERA_ONLY
0,170.1788,t4136,LIDAR_ONLY,12.0930,12.0930,15.4768,3.3838,3.3838,21.8640,21.8640,0,0,13.13,0.94,cautious,-17.65,front,LIDAR_ONLY
0,170.2406,t4141,BOTH,19.1242,10.5102,15.4768,3.6474,4.9666,23.5669,32.0908,0,0,12.68,1.26,warning,,,FULL_ANGLE
0,170.2406,t4139,LIDAR_ONLY,13.6429,13.6429,15.4768,1.8339,1.8339,11.8493,11.8493,0,0,12.68,1.26,cautious,23.36,front,LIDAR_ONLY
0,170.2406,t4139,LIDAR_ONLY,12.3931,12.3931,15.4768,3.0837,3.0837,19.9249,19.9249,0,0,12.68,1.26,cautious,27.51,front,LIDAR_ONLY
0,170.2406,t4139,LIDAR_ONLY,12.8518,12.8518,15.4768,2.6250,2.6250,16.9607,16.9607,0,0,12.68,1.26,cautious,19.21,front,LIDAR_ONLY
0,170.2406,t4141,LIDAR_ONLY,10.4466,10.4466,15.4768,5.0302,5.0302,32.5014,32.5014,0,0,12.68,1.26,cautious,6.77,front,LIDAR_ONLY
0,170.3057,cam_2,CAM_ONLY,18.8661,,15.4768,3.3893,,21.8993,,0,,19.81,1.13,warning,,,CAMERA_ONLY
0,170.3840,t4141,BOTH,19.3160,10.4542,15.4768,3.8392,5.0226,24.8061,32.4524,0,0,11.89,0.98,warning,,,FULL_ANGLE
0,170.3840,t4141,LIDAR_ONLY,10.4530,10.4530,15.4768,5.0238,5.0238,32.4603,32.4603,0,0,11.89,0.98,cautious,5.11,front,LIDAR_ONLY
0,170.3840,t4145,LIDAR_ONLY,16.6328,16.6328,15.4768,1.1560,1.1560,7.4691,7.4691,0,0,11.89,0.98,drive,-6.95,front,LIDAR_ONLY
0,170.3840,t4145,LIDAR_ONLY,13.6557,13.6557,15.4768,1.8211,1.8211,11.7667,11.7667,0,0,11.89,0.98,cautious,-2.93,front,LIDAR_ONLY
0,170.4456,cam_2,CAM_ONLY,19.3600,,15.4768,3.8831,,25.0900,,0,,13.27,1.08,warning,,,CAMERA_ONLY
0,170.5072,cam_2,CAM_ONLY,19.3126,,15.4768,3.8358,,24.7840,,0,,15.83,1.24,warning,,,CAMERA_ONLY
0,170.5609,cam_2,CAM_ONLY,19.0532,,15.4768,3.5763,,23.1076,,0,,9.95,0.94,warning,,,CAMERA_ONLY
0,170.6203,cam_2,CAM_ONLY,19.0524,,15.4768,3.5756,,23.1029,,0,,13.26,0.97,warning,,,CAMERA_ONLY
0,170.6874,t4153,BOTH,19.0532,10.5112,15.4768,3.5764,4.9657,23.1080,32.0845,0,0,15.32,1.15,warning,,,FULL_ANGLE
0,170.6874,t4151,LIDAR_ONLY,10.4694,10.4694,15.4768,5.0075,5.0075,32.3546,32.3546,0,0,15.32,1.15,cautious,29.05,front,LIDAR_ONLY
0,170.6874,t4152,LIDAR_ONLY,23.4918,23.4918,15.4768,8.0150,8.0150,51.7873,51.7873,0,0,15.32,1.15,drive,16.52,front,LIDAR_ONLY
0,170.6874,t4151,LIDAR_ONLY,10.7878,10.7878,15.4768,4.6890,4.6890,30.2971,30.2971,0,0,15.32,1.15,cautious,24.88,front,LIDAR_ONLY
0,170.6874,t4153,LIDAR_ONLY,10.5843,10.5843,15.4768,4.8925,4.8925,31.6117,31.6117,0,0,15.32,1.15,cautious,-4.36,front,LIDAR_ONLY
0,170.6874,t4153,LIDAR_ONLY,10.5042,10.5042,15.4768,4.9727,4.9727,32.1298,32.1298,0,0,15.32,1.15,cautious,3.99,front,LIDAR_ONLY
0,170.6874,t4151,LIDAR_ONLY,11.4543,11.4543,15.4768,4.0225,4.0225,25.9905,25.9905,0,0,15.32,1.15,cautious,20.70,front,LIDAR_ONLY
0,170.7629,cam_2,CAM_ONLY,19.4700,,15.4768,3.9932,,25.8009,,0,,21.94,0.90,warning,,,CAMERA_ONLY
0,170.8349,t4153,BOTH,19.3214,10.5160,15.4768,3.8446,4.9609,24.8412,32.0534,0,0,18.98,0.80,warning,,,FULL_ANGLE
0,170.9011,cam_2,CAM_ONLY,19.2397,,15.4768,3.7628,,24.3127,,0,,18.41,1.21,warning,,,CAMERA_ONLY
0,170.9605,cam_2,CAM_ONLY,19.3083,,15.4768,3.8314,,24.7559,,0,,12.64,1.16,warning,,,CAMERA_ONLY
0,171.0326,cam_2,CAM_ONLY,19.0764,,15.4768,3.5996,,23.2578,,0,,16.71,1.08,warning,,,CAMERA_ONLY
0,171.0902,t4161,BOTH,19.0376,10.4901,15.4768,3.5608,4.9867,23.0071,32.2207,0,0,11.15,1.07,warning,,,FULL_ANGLE
0,171.0902,t4160,LIDAR_ONLY,10.9611,10.9611,15.4768,4.5157,4.5157,29.1772,29.1772,0,0,11.15,1.07,cautious,27.92,front,LIDAR_ONLY
0,171.0902,t4161,LIDAR_ONLY,10.4890,10.4890,15.4768,4.9878,4.9878,32.2277,32.2277,0,0,11.15,1.07,cautious,-1.38,front,LIDAR_ONLY
0,171.1538,cam_2,CAM_ONLY,19.0355,,15.4768,3.5587,,22.9939,,0,,15.09,1.02,warning,,,CAMERA_ONLY
0,171.2170,cam_2,CAM_ONLY,19.2796,,15.4768,3.8028,,24.5708,,0,,18.84,1.08,warning,,,CAMERA_ONLY
0,171.2825,t4161,BOTH,19.1552,10.5006,15.4768,3.6784,4.9762,23.7673,32.1528,0,0,13.75,0.88,warning,,,FULL_ANGLE
0,171.2825,t4161,LIDAR_ONLY,10.4969,10.4969,15.4768,4.9799,4.9799,32.1763,32.1763,0,0,13.75,0.88,cautious,-4.13,front,LIDAR_ONLY
0,171.2825,t4161,LIDAR_ONLY,10.4973,10.4973,15.4768,4.9796,4.9796,32.1743,32.1743,0,0,13.75,0.88,cautious,4.34,front,LIDAR_ONLY
0,171.3482,cam_2,CAM_ONLY,19.4030,,15.4768,3.9261,,25.3679,,0,,11.16,1.06,warning,,,CAMERA_ONLY
0,171.4043,cam_2,CAM_ONLY,19.3142,,15.4768,3.8374,,24.7943,,0,,12.13,1.17,warning,,,CAMERA_ONLY
0,171.4666,cam_2,CAM_ONLY,19.2443,,15.4768,3.7675,,24.3427,,0,,9.82,0.86,warning,,,CAMERA_ONLY
0,171.5373,cam_2,CAM_ONLY,19.2612,,15.4768,3.7843,,24.4517,,0,,17.17,1.21,warning,,,CAMERA_ONLY
0,171.5373,t4168,LIDAR_ONLY,12.7321,12.7321,15.4768,2.7447,2.7447,17.7343,17.7343,0,0,17.17,1.21,cautious,24.68,front,LIDAR_ONLY
0,171.5373,t4168,LIDAR_ONLY,11.7344,11.7344,15.4768,3.7424,3.7424,24.1808,24.1808,0,0,17.17,1.21,cautious,28.85,front,LIDAR_ONLY
0,171.5373,t4168,LIDAR_ONLY,12.1537,12.1537,15.4768,3.3231,3.3231,21.4714,21.4714,0,0,17.17,1.21,cautious,20.50,front,LIDAR_ONLY
0,171.6235,cam_2,CAM_ONLY,19.2164,,15.4768,3.7396,,24.1623,,0,,22.57,1.09,warning,,,CAMERA_ONLY
0,171.6792,cam_2,CAM_ONLY,19.7774,,15.4768,4.3006,,27.7875,,0,,18.30,0.75,warning,,,CAMERA_ONLY
0,171.7353,t4175,BOTH,19.2857,10.3903,15.4768,3.8089,5.0865,24.6102,32.8653,0,0,10.41,0.88,warning,,,FULL_ANGLE
0,171.7353,t4175,LIDAR_ONLY,10.3858,10.3858,15.4768,5.0910,5.0910,32.8945,32.8945,0,0,10.41,0.88,cautious,4.69,front,LIDAR_ONLY
0,171.7353,t4175,LIDAR_ONLY,10.4152,10.4152,15.4768,5.0617,5.0617,32.7048,32.7048,0,0,10.41,0.88,cautious,-3.54,front,LIDAR_ONLY
0,171.7964,cam_2,CAM_ONLY,19.2680,,15.4768,3.7912,,24.4959,,0,,15.49,1.02,warning,,,CAMERA_ONLY
0,171.8581,cam_2,CAM_ONLY,19.6386,,15.4768,4.1618,,26.8905,,0,,9.36,1.06,warning,,,CAMERA_ONLY
0,171.9179,cam_2,CAM_ONLY,19.2178,,15.4768,3.7410,,24.1713,,0,,13.49,1.07,warning,,,CAMERA_ONLY
0,171.9784,cam_2,CAM_ONLY,19.2091,,15.4768,3.7323,,24.1153,,0,,13.73,0.88,warning,,,CAMERA_ONLY
0,172.0393,cam_2,CAM_ONLY,19.2690,,15.4768,3.7922,,24.5023,,0,,10.28,1.15,warning,,,CAMERA_ONLY
0,172.1056,cam_2,CAM_ONLY,19.1605,,15.4768,3.6836,,23.8009,,0,,16.25,1.31,warning,,,CAMERA_ONLY
0,172.1694,cam_2,CAM_ONLY,19.2396,,15.4768,3.7628,,24.3122,,0,,16.46,1.85,warning,,,CAMERA_ONLY
0,172.2307,cam_2,CAM_ONLY,19.5107,,15.4768,4.0339,,26.0640,,0,,12.21,0.82,warning,,,CAMERA_ONLY
0,172.2892,t4194,BOTH,19.2101,10.4300,15.4768,3.7333,5.0468,24.1218,32.6089,0,0,9.22,1.09,warning,,,FULL_ANGLE
0,172.2892,t4193,LIDAR_ONLY,11.8346,11.8346,15.4768,3.6423,3.6423,23.5337,23.5337,0,0,9.22,1.09,cautious,26.19,front,LIDAR_ONLY
0,172.2892,t4193,LIDAR_ONLY,12.5261,12.5261,15.4768,2.9508,2.9508,19.0656,19.0656,0,0,9.22,1.09,cautious,17.87,front,LIDAR_ONLY
0,172.2892,t4193,LIDAR_ONLY,13.0464,13.0464,15.4768,2.4304,2.4304,15.7036,15.7036,0,0,9.22,1.09,cautious,22.03,front,LIDAR_ONLY
0,172.2892,t4194,LIDAR_ONLY,10.4614,10.4614,15.4768,5.0154,5.0154,32.4062,32.4062,0,0,9.22,1.09,cautious,-2.93,front,LIDAR_ONLY
0,172.2892,t4194,LIDAR_ONLY,10.4681,10.4681,15.4768,5.0087,5.0087,32.3628,32.3628,0,0,9.22,1.09,cautious,5.39,front,LIDAR_ONLY
0,172.3531,cam_2,CAM_ONLY,19.2075,,15.4768,3.7306,,24.1047,,0,,20.62,1.22,warning,,,CAMERA_ONLY
0,172.4216,cam_2,CAM_ONLY,19.3468,,15.4768,3.8700,,25.0052,,0,,13.30,0.99,warning,,,CAMERA_ONLY
0,172.4877,t4194,BOTH,19.1196,10.4737,15.4768,3.6427,5.0031,23.5368,32.3266,0,0,12.95,0.82,warning,,,FULL_ANGLE
0,172.4877,t4194,LIDAR_ONLY,10.4722,10.4722,15.4768,5.0046,5.0046,32.3360,32.3360,0,0,12.95,0.82,cautious,6.27,front,LIDAR_ONLY
0,172.4877,t4194,LIDAR_ONLY,10.4816,10.4816,15.4768,4.9952,4.9952,32.2752,32.2752,0,0,12.95,0.82,cautious,-1.95,front,LIDAR_ONLY
0,172.5434,cam_2,CAM_ONLY,19.0598,,15.4768,3.5830,,23.1505,,0,,13.85,1.50,warning,,,CAMERA_ONLY
0,172.5434,t4203,LIDAR_ONLY,10.2773,10.2773,15.4768,5.1995,5.1995,33.5957,33.5957,0,0,13.85,1.50,cautious,29.52,front,LIDAR_ONLY
0,172.5434,t4203,LIDAR_ONLY,10.5181,10.5181,15.4768,4.9587,4.9587,32.0398,32.0398,0,0,13.85,1.50,cautious,25.51,front,LIDAR_ONLY
0,172.6150,cam_2,CAM_ONLY,19.1940,,15.4768,3.7171,,24.0175,,0,,17.59,1.76,warning,,,CAMERA_ONLY
0,172.6738,cam_2,CAM_ONLY,19.2246,,15.4768,3.7477,,24.2151,,0,,14.31,1.03,warning,,,CAMERA_ONLY
0,172.7328,cam_2,CAM_ONLY,19.3736,,15.4768,3.8968,,25.1784,,0,,9.05,0.83,warning,,,CAMERA_ONLY
0,172.7941,cam_2,CAM_ONLY,19.2699,,15.4768,3.7931,,24.5083,,0,,11.67,1.21,warning,,,CAMERA_ONLY
0,172.7941,t4211,LIDAR_ONLY,10.3019,10.3019,15.4768,5.1750,5.1750,33.4368,33.4368,0,0,11.67,1.21,cautious,29.46,front,LIDAR_ONLY
0,172.7941,t4211,LIDAR_ONLY,10.5666,10.5666,15.4768,4.9102,4.9102,31.7262,31.7262,0,0,11.67,1.21,cautious,25.45,front,LIDAR_ONLY
0,172.8528,cam_2,CAM_ONLY,19.1274,,15.4768,3.6506,,23.5874,,0,,11.84,1.12,warning,,,CAMERA_ONLY
0,172.9143,cam_2,CAM_ONLY,19.0516,,4.3053,14.7463,,342.5123,,0,,12.49,0.92,warning,,,CAMERA_ONLY
0,172.9684,cam_2,CAM_ONLY,19.3080,,4.8917,14.4163,,294.7061,,0,,12.42,1.25,warning,,,CAMERA_ONLY
0,173.0248,cam_2,CAM_ONLY,19.1349,,5.6812,13.4537,,236.8092,,0,,9.98,1.24,warning,,,CAMERA_ONLY
0,173.0857,t4222,BOTH,19.4334,10.5934,6.6860,12.7473,3.9073,190.6556,58.4402,0,0,13.76,1.16,warning,,,FULL_ANGLE
0,173.0857,t4219,LIDAR_ONLY,10.4929,10.4929,6.6860,3.8068,3.8068,56.9366,56.9366,0,0,13.76,1.16,cautious,29.00,front,LIDAR_ONLY
0,173.0857,t4221,LIDAR_ONLY,22.5454,22.5454,6.6860,15.8593,15.8593,237.2003,237.2003,0,0,13.76,1.16,drive,16.89,front,LIDAR_ONLY
0,173.0857,t4221,LIDAR_ONLY,19.5067,19.5067,6.6860,12.8206,12.8206,191.7523,191.7523,0,0,13.76,1.16,drive,20.93,front,LIDAR_ONLY
0,173.0857,t4221,LIDAR_ONLY,16.7018,16.7018,6.6860,10.0158,10.0158,149.8013,149.8013,0,0,13.76,1.16,drive,24.96,front,LIDAR_ONLY
0,173.0857,t4222,LIDAR_ONLY,10.6432,10.6432,6.6860,3.9571,3.9571,59.1847,59.1847,0,0,13.76,1.16,cautious,-3.28,front,LIDAR_ONLY
0,173.0857,t4222,LIDAR_ONLY,10.5329,10.5329,6.6860,3.8468,3.8468,57.5354,57.5354,0,0,13.76,1.16,cautious,4.79,front,LIDAR_ONLY
0,173.1528,cam_2,CAM_ONLY,19.1197,,7.8852,11.2345,,142.4760,,0,,15.78,1.46,warning,,,CAMERA_ONLY
0,173.2236,cam_2,CAM_ONLY,19.6845,,9.1713,10.5132,,114.6307,,0,,20.00,1.32,warning,,,CAMERA_ONLY
0,173.2820,t4222,BOTH,19.6918,10.5411,10.3383,9.3535,0.2028,90.4743,1.9618,0,1,12.07,1.27,warning,,,FULL_ANGLE
0,173.2820,t4227,LIDAR_ONLY,7.2937,7.2937,10.3383,3.0446,3.0446,29.4495,29.4495,0,0,12.07,1.27,slow,-23.82,front,LIDAR_ONLY
0,173.2820,t4227,LIDAR_ONLY,7.3996,7.3996,10.3383,2.9387,2.9387,28.4250,28.4250,0,0,12.07,1.27,slow,-19.78,front,LIDAR_ONLY
0,173.3409,cam_2,CAM_ONLY,18.9778,,11.0508,7.9270,,71.7326,,0,,9.57,1.07,warning,,,CAMERA_ONLY
0,173.4053,cam_2,CAM_ONLY,19.3577,,11.3323,8.0254,,70.8191,,0,,16.55,3.03,warning,,,CAMERA_ONLY
0,173.4053,t4233,LIDAR_ONLY,10.8615,10.8615,11.3323,0.4708,0.4708,4.1547,4.1547,1,1,16.55,3.03,cautious,28.14,front,LIDAR_ONLY
0,173.4737,cam_2,CAM_ONLY,19.1227,,11.7644,7.3583,,62.5475,,0,,14.22,1.10,warning,,,CAMERA_ONLY
0,173.5374,t4237,BOTH,19.1476,10.5295,12.3519,6.7956,1.8225,55.0167,14.7545,0,0,15.00,1.04,warning,,,FULL_ANGLE
0,173.5374,t4233,LIDAR_ONLY,10.8667,10.8667,12.3519,1.4852,1.4852,12.0244,12.0244,0,0,15.00,1.04,cautious,28.06,front,LIDAR_ONLY
0,173.5374,t4233,LIDAR_ONLY,11.0319,11.0319,12.3519,1.3201,1.3201,10.6872,10.6872,0,0,15.00,1.04,cautious,23.99,front,LIDAR_ONLY
0,173.5374,t4233,LIDAR_ONLY,11.5239,11.5239,12.3519,0.8280,0.8280,6.7037,6.7037,1,1,15.00,1.04,cautious,19.92,front,LIDAR_ONLY
0,173.5374,t4237,LIDAR_ONLY,10.5893,10.5893,12.3519,1.7626,1.7626,14.2702,14.2702,0,0,15.00,1.04,cautious,-4.50,front,LIDAR_ONLY
0,173.5374,t4237,LIDAR_ONLY,10.5021,10.5021,12.3519,1.8498,1.8498,14.9761,14.9761,0,0,15.00,1.04,cautious,3.64,front,LIDAR_ONLY
0,173.5374,t4238,LIDAR_ONLY,11.8477,11.8477,12.3519,0.5043,0.5043,4.0824,4.0824,1,1,15.00,1.04,cautious,-20.77,front,LIDAR_ONLY
0,173.5374,t4238,LIDAR_ONLY,11.8036,11.8036,12.3519,0.5483,0.5483,4.4392,4.4392,1,1,15.00,1.04,cautious,-12.63,front,LIDAR_ONLY
0,173.5996,cam_2,CAM_ONLY,19.0214,,13.1375,5.8839,,44.7872,,0,,14.89,1.19,warning,,,CAMERA_ONLY
0,173.6666,cam_2,CAM_ONLY,18.8203,,14.0014,4.8189,,34.4173,,0,,14.71,0.98,warning,,,CAMERA_ONLY
0,173.7245,cam_2,CAM_ONLY,19.1807,,14.8565,4.3241,,29.1060,,0,,10.28,1.07,warning,,,CAMERA_ONLY
0,173.7920,cam_2,CAM_ONLY,19.1246,,15.4768,3.6478,,23.5692,,0,,12.36,1.22,warning,,,CAMERA_ONLY
0,173.7920,t4248,LIDAR_ONLY,20.7539,20.7539,15.4768,5.2771,5.2771,34.0965,34.0965,0,0,12.36,1.22,drive,17.71,front,LIDAR_ONLY
0,173.7920,t4248,LIDAR_ONLY,15.3713,15.3713,15.4768,0.1055,0.1055,0.6817,0.6817,1,1,12.36,1.22,drive,26.16,front,LIDAR_ONLY
0,173.8615,cam_2,CAM_ONLY,19.1163,,15.4768,3.6395,,23.5159,,0,,17.96,1.16,warning,,,CAMERA_ONLY
0,173.9215,cam_2,CAM_ONLY,19.2465,,15.4768,3.7697,,24.3568,,0,,9.60,1.05,warning,,,CAMERA_ONLY
0,173.9726,cam_2,CAM_ONLY,19.1062,,15.4768,3.6294,,23.4504,,0,,12.79,1.08,warning,,,CAMERA_ONLY
0,174.0251,cam_2,CAM_ONLY,19.2248,,15.4768,3.7480,,24.2167,,0,,10.60,1.08,warning,,,CAMERA_ONLY
0,174.0832,t4258,BOTH,19.2478,10.4997,15.4768,3.7709,4.9772,24.3650,32.1588,0,0,10.85,1.04,warning,,,FULL_ANGLE
0,174.0832,t4257,LIDAR_ONLY,17.5483,17.5483,15.4768,2.0715,2.0715,13.3846,13.3846,0,0,10.85,1.04,drive,19.55,front,LIDAR_ONLY
0,174.0832,t4257,LIDAR_ONLY,13.3667,13.3667,15.4768,2.1101,2.1101,13.6342,13.6342,0,0,10.85,1.04,cautious,28.02,front,LIDAR_ONLY
0,174.0832,t4258,LIDAR_ONLY,10.4955,10.4955,15.4768,4.9813,4.9813,32.1858,32.1858,0,0,10.85,1.04,cautious,-1.62,front,LIDAR_ONLY
0,174.1386,t4258,BOTH,19.2318,10.5096,15.4768,3.7550,4.9672,24.2621,32.0943,0,0,10.04,1.15,warning,,,FULL_ANGLE
0,174.1386,t4257,LIDAR_ONLY,13.1247,13.1247,15.4768,2.3521,2.3521,15.1977,15.1977,0,0,10.04,1.15,cautious,24.82,front,LIDAR_ONLY
0,174.1386,t4257,LIDAR_ONLY,12.1755,12.1755,15.4768,3.3013,3.3013,21.3306,21.3306,0,0,10.04,1.15,cautious,28.81,front,LIDAR_ONLY
0,174.1386,t4257,LIDAR_ONLY,12.3656,12.3656,15.4768,3.1113,3.1113,20.1028,20.1028,0,0,10.04,1.15,cautious,20.83,front,LIDAR_ONLY
0,174.1386,t4258,LIDAR_ONLY,10.5043,10.5043,15.4768,4.9725,4.9725,32.1289,32.1289,0,0,10.04,1.15,cautious,-3.11,front,LIDAR_ONLY
0,174.1386,t4258,LIDAR_ONLY,10.5112,10.5112,15.4768,4.9656,4.9656,32.0840,32.0840,0,0,10.04,1.15,cautious,4.87,front,LIDAR_ONLY
0,174.1988,cam_2,CAM_ONLY,19.3339,,15.4768,3.8571,,24.9216,,0,,12.38,1.36,warning,,,CAMERA_ONLY
0,174.2608,cam_2,CAM_ONLY,19.2916,,15.4768,3.8148,,24.6485,,0,,9.64,1.39,warning,,,CAMERA_ONLY
0,174.3164,cam_2,CAM_ONLY,19.4396,,15.4768,3.9628,,25.6045,,0,,10.39,1.13,warning,,,CAMERA_ONLY
0,174.3739,cam_2,CAM_ONLY,19.0596,,15.4768,3.5828,,23.1492,,0,,13.04,1.37,warning,,,CAMERA_ONLY
0,174.4399,cam_2,CAM_ONLY,19.0886,,7.5421,11.5465,,153.0928,,0,,11.56,1.32,warning,,,CAMERA_ONLY
0,174.4399,t4269,LIDAR_ONLY,13.9960,13.9960,7.5421,6.4538,6.4538,85.5704,85.5704,0,0,11.56,1.32,cautious,22.89,front,LIDAR_ONLY
0,174.4399,t4269,LIDAR_ONLY,12.5880,12.5880,7.5421,5.0459,5.0459,66.9023,66.9023,0,0,11.56,1.32,cautious,26.96,front,LIDAR_ONLY
0,174.5056,cam_2,CAM_ONLY,19.0484,,7.8392,11.2092,,142.9888,,0,,12.19,1.22,warning,,,CAMERA_ONLY
0,174.5822,cam_2,CAM_ONLY,19.0973,,8.5347,10.5626,,123.7612,,0,,22.08,1.50,warning,,,CAMERA_ONLY
0,174.6488,cam_2,CAM_ONLY,19.2712,,9.2652,10.0061,,107.9967,,0,,17.72,1.18,warning,,,CAMERA_ONLY
0,174.7058,cam_2,CAM_ONLY,19.1852,,10.0162,9.1690,,91.5418,,0,,10.07,1.35,warning,,,CAMERA_ONLY
0,174.7718,cam_2,CAM_ONLY,19.2638,,10.8647,8.3991,,77.3065,,0,,17.64,1.20,warning,,,CAMERA_ONLY
0,174.8290,cam_2,CAM_ONLY,19.3507,,11.8390,7.5116,,63.4478,,0,,8.98,1.26,warning,,,CAMERA_ONLY
0,174.8901,cam_2,CAM_ONLY,19.2425,,12.7600,6.4826,,50.8041,,0,,12.14,1.20,warning,,,CAMERA_ONLY
0,174.8901,t4283,LIDAR_ONLY,19.5603,19.5603,12.7600,6.8003,6.8003,53.2943,53.2943,0,0,12.14,1.20,drive,18.32,front,LIDAR_ONLY
0,174.8901,t4283,LIDAR_ONLY,16.9291,16.9291,12.7600,4.1691,4.1691,32.6734,32.6734,0,0,12.14,1.20,drive,22.49,front,LIDAR_ONLY
0,174.8901,t4283,LIDAR_ONLY,15.4552,15.4552,12.7600,2.6952,2.6952,21.1226,21.1226,0,0,12.14,1.20,drive,26.66,front,LIDAR_ONLY
0,174.9595,cam_2,CAM_ONLY,19.4673,,13.9611,5.5062,,39.4398,,0,,16.42,1.64,warning,,,CAMERA_ONLY
0,175.0304,cam_2,CAM_ONLY,19.2782,,15.1681,4.1101,,27.0967,,0,,19.48,1.06,warning,,,CAMERA_ONLY
0,175.0304,t4284,LIDAR_ONLY,12.4295,12.4295,15.1681,2.7386,2.7386,18.0550,18.0550,0,0,19.48,1.06,cautious,-27.90,front,LIDAR_ONLY
0,175.0304,t4284,LIDAR_ONLY,12.7636,12.7636,15.1681,2.4046,2.4046,15.8528,15.8528,0,0,19.48,1.06,cautious,-23.74,front,LIDAR_ONLY
0,175.0975,cam_2,CAM_ONLY,19.1384,,15.4768,3.6616,,23.6585,,0,,12.49,1.32,warning,,,CAMERA_ONLY
0,175.0975,t4283,LIDAR_ONLY,14.4348,14.4348,15.4768,1.0421,1.0421,6.7331,6.7331,0,0,12.49,1.32,cautious,26.51,front,LIDAR_ONLY
0,175.0975,t4283,LIDAR_ONLY,14.4318,14.4318,15.4768,1.0450,1.0450,6.7520,6.7520,0,0,12.49,1.32,cautious,22.37,front,LIDAR_ONLY
0,175.1585,cam_2,CAM_ONLY,18.7988,,15.4768,3.3219,,21.4639,,0,,11.61,1.11,warning,,,CAMERA_ONLY
0,175.2252,cam_2,CAM_ONLY,18.8095,,15.4768,3.3327,,21.5334,,0,,18.34,1.83,warning,,,CAMERA_ONLY
0,175.2811,cam_2,CAM_ONLY,18.8354,,15.4768,3.3586,,21.7007,,0,,14.81,0.99,warning,,,CAMERA_ONLY
0,175.2811,t4290,LIDAR_ONLY,15.9296,15.9296,15.4768,0.4528,0.4528,2.9256,2.9256,1,1,14.81,0.99,drive,-29.29,front,LIDAR_ONLY
0,175.2811,t4290,LIDAR_ONLY,15.5940,15.5940,15.4768,0.1171,0.1171,0.7568,0.7568,1,1,14.81,0.99,drive,-25.11,front,LIDAR_ONLY
0,175.2811,t4290,LIDAR_ONLY,15.5180,15.5180,15.4768,0.0411,0.0411,0.2657,0.2657,1,1,14.81,0.99,drive,-20.94,front,LIDAR_ONLY
0,175.3400,t4294,BOTH,18.8581,10.5559,15.4768,3.3812,4.9209,21.8472,31.7955,0,0,14.08,1.32,warning,,,FULL_ANGLE
0,175.3400,t4292,LIDAR_ONLY,10.2036,10.2036,15.4768,5.2733,5.2733,34.0719,34.0719,0,0,14.08,1.32,cautious,29.70,front,LIDAR_ONLY
0,175.3400,t4292,LIDAR_ONLY,10.4925,10.4925,15.4768,4.9844,4.9844,32.2054,32.2054,0,0,14.08,1.32,cautious,25.65,front,LIDAR_ONLY
0,175.3400,t4292,LIDAR_ONLY,11.4635,11.4635,15.4768,4.0133,4.0133,25.9309,25.9309,0,0,14.08,1.32,cautious,17.53,front,LIDAR_ONLY
0,175.3400,t4292,LIDAR_ONLY,12.2287,12.2287,15.4768,3.2481,3.2481,20.9869,20.9869,0,0,14.08,1.32,cautious,21.59,front,LIDAR_ONLY
0,175.3400,t4294,LIDAR_ONLY,10.5974,10.5974,15.4768,4.8794,4.8794,31.5270,31.5270,0,0,14.08,1.32,cautious,-2.76,front,LIDAR_ONLY
0,175.3400,t4294,LIDAR_ONLY,10.5143,10.5143,15.4768,4.9626,4.9626,32.0645,32.0645,0,0,14.08,1.32,cautious,5.36,front,LIDAR_ONLY
0,175.4059,cam_2,CAM_ONLY,18.9247,,15.4768,3.4478,,22.2774,,0,,12.14,1.21,warning,,,CAMERA_ONLY
0,175.4650,cam_2,CAM_ONLY,18.9376,,15.4768,3.4607,,22.3607,,0,,15.29,0.89,warning,,,CAMERA_ONLY
0,175.5274,cam_2,CAM_ONLY,18.8939,,15.4768,3.4170,,22.0784,,0,,11.58,1.11,warning,,,CAMERA_ONLY
0,175.5908,t4304,BOTH,19.0284,10.5361,15.4768,3.5516,4.9407,22.9477,31.9230,0,0,17.41,1.11,warning,,,FULL_ANGLE
0,175.5908,t4302,LIDAR_ONLY,10.9846,10.9846,15.4768,4.4922,4.4922,29.0256,29.0256,0,0,17.41,1.11,cautious,27.87,front,LIDAR_ONLY
0,175.5908,t4303,LIDAR_ONLY,21.4326,21.4326,15.4768,5.9557,5.9557,38.4817,38.4817,0,0,17.41,1.11,drive,-17.44,front,LIDAR_ONLY
0,175.5908,t4303,LIDAR_ONLY,21.0130,21.0130,15.4768,5.5361,5.5361,35.7705,35.7705,0,0,17.41,1.11,drive,-13.32,front,LIDAR_ONLY
0,175.5908,t4302,LIDAR_ONLY,11.6773,11.6773,15.4768,3.7995,3.7995,24.5496,24.5496,0,0,17.41,1.11,cautious,19.63,front,LIDAR_ONLY
0,175.5908,t4302,LIDAR_ONLY,12.1688,12.1688,15.4768,3.3080,3.3080,21.3740,21.3740,0,0,17.41,1.11,cautious,23.75,front,LIDAR_ONLY
0,175.5908,t4304,LIDAR_ONLY,10.5478,10.5478,15.4768,4.9290,4.9290,31.8478,31.8478,0,0,17.41,1.11,cautious,-0.96,front,LIDAR_ONLY
0,175.6550,cam_2,CAM_ONLY,18.9546,,15.4768,3.4778,,22.4708,,0,,12.04,1.40,warning,,,CAMERA_ONLY
0,175.7210,cam_2,CAM_ONLY,18.9610,,15.4768,3.4841,,22.5119,,0,,19.88,1.22,warning,,,CAMERA_ONLY
0,175.7814,t4303,BOTH,18.9305,21.5159,15.4768,3.4537,6.0391,22.3153,39.0201,0,0,12.80,0.78,warning,,,FULL_ANGLE
0,175.8418,t4303,BOTH,19.1528,20.0097,15.4768,3.6759,4.5329,23.7512,29.2883,0,0,14.34,1.15,warning,,,FULL_ANGLE
0,175.8418,t4310,LIDAR_ONLY,13.3913,13.3913,15.4768,2.0855,2.0855,13.4749,13.4749,0,0,14.34,1.15,cautious,23.70,front,LIDAR_ONLY
0,175.8418,t4310,LIDAR_ONLY,12.1739,12.1739,15.4768,3.3029,3.3029,21.3409,21.3409,0,0,14.34,1.15,cautious,27.90,front,LIDAR_ONLY
0,175.8418,t4303,LIDAR_ONLY,22.2407,22.2407,15.4768,6.7639,6.7639,43.7035,43.7035,0,0,14.34,1.15,drive,-5.66,front,LIDAR_ONLY
0,175.8418,t4310,LIDAR_ONLY,12.4959,12.4959,15.4768,2.9809,2.9809,19.2607,19.2607,0,0,14.34,1.15,cautious,19.51,front,LIDAR_ONLY
0,175.9082,cam_2,CAM_ONLY,19.7773,,15.4768,4.3005,,27.7866,,0,,19.83,1.39,warning,,,CAMERA_ONLY
0,175.9696,cam_2,CAM_ONLY,19.7922,,15.4768,4.3154,,27.8830,,0,,12.21,0.91,warning,,,CAMERA_ONLY
0,176.0476,cam_2,CAM_ONLY,19.5915,,15.4768,4.1147,,26.5860,,0,,22.01,1.04,warning,,,CAMERA_ONLY
0,176.1180,cam_2,CAM_ONLY,19.7552,,15.4768,4.2784,,27.6436,,0,,23.73,0.98,warning,,,CAMERA_ONLY
0,176.1832,cam_2,CAM_ONLY,19.6571,,15.4768,4.1802,,27.0096,,0,,17.28,1.18,warning,,,CAMERA_ONLY
0,176.2428,cam_2,CAM_ONLY,19.7659,,15.4768,4.2891,,27.7129,,0,,16.83,1.28,warning,,,CAMERA_ONLY
0,176.2428,t4321,LIDAR_ONLY,12.9274,12.9274,15.4768,2.5494,2.5494,16.4722,16.4722,0,0,16.83,1.28,cautious,24.38,front,LIDAR_ONLY
0,176.2428,t4321,LIDAR_ONLY,13.5071,13.5071,15.4768,1.9697,1.9697,12.7267,12.7267,0,0,16.83,1.28,cautious,20.33,front,LIDAR_ONLY
0,176.2428,t4321,LIDAR_ONLY,13.5782,13.5782,15.4768,1.8987,1.8987,12.2678,12.2678,0,0,16.83,1.28,cautious,28.43,front,LIDAR_ONLY
0,176.3016,cam_2,CAM_ONLY,19.7533,,15.4768,4.2765,,27.6314,,0,,9.57,0.94,warning,,,CAMERA_ONLY
0,176.3542,cam_2,CAM_ONLY,19.2518,,15.4768,3.7749,,24.3909,,0,,10.53,1.45,warning,,,CAMERA_ONLY
0,176.4090,cam_2,CAM_ONLY,19.2273,,15.4768,3.7505,,24.2330,,0,,10.40,1.40,warning,,,CAMERA_ONLY
0,176.4658,cam_2,CAM_ONLY,19.2296,,15.4768,3.7528,,24.2476,,0,,10.78,1.07,warning,,,CAMERA_ONLY
0,176.5392,t4332,BOTH,19.1929,10.5488,15.4768,3.7161,4.9280,24.0107,31.8412,0,0,21.54,1.31,warning,,,FULL_ANGLE
0,176.5392,t4331,LIDAR_ONLY,13.0906,13.0906,15.4768,2.3862,2.3862,15.4178,15.4178,0,0,21.54,1.31,cautious,24.14,front,LIDAR_ONLY
0,176.5392,t4331,LIDAR_ONLY,14.2116,14.2116,15.4768,1.2652,1.2652,8.1747,8.1747,0,0,21.54,1.31,cautious,15.76,front,LIDAR_ONLY
0,176.5392,t4331,LIDAR_ONLY,15.0074,15.0074,15.4768,0.4695,0.4695,3.0334,3.0334,1,1,21.54,1.31,cautious,19.95,front,LIDAR_ONLY
0,176.5392,t4332,LIDAR_ONLY,10.6279,10.6279,15.4768,4.8489,4.8489,31.3299,31.3299,0,0,21.54,1.31,cautious,-0.98,front,LIDAR_ONLY
0,176.5392,t4331,LIDAR_ONLY,15.1285,15.1285,15.4768,0.3483,0.3483,2.2507,2.2507,1,1,21.54,1.31,cautious,28.32,front,LIDAR_ONLY
0,176.5951,cam_2,CAM_ONLY,19.1881,,15.4768,3.7113,,23.9797,,0,,9.67,1.15,warning,,,CAMERA_ONLY
0,176.6528,cam_2,CAM_ONLY,19.2371,,15.4768,3.7602,,24.2959,,0,,11.33,1.23,warning,,,CAMERA_ONLY
0,176.7233,cam_2,CAM_ONLY,19.2648,,15.4768,3.7880,,24.4752,,0,,21.20,1.16,warning,,,CAMERA_ONLY
0,176.7822,cam_2,CAM_ONLY,19.1892,,15.4768,3.7123,,23.9865,,0,,14.14,0.72,warning,,,CAMERA_ONLY
0,176.8423,cam_2,CAM_ONLY,19.1909,,15.4768,3.7141,,23.9979,,0,,12.71,1.23,warning,,,CAMERA_ONLY
0,176.8423,t4342,LIDAR_ONLY,17.5818,17.5818,15.4768,2.1050,2.1050,13.6011,13.6011,0,0,12.71,1.23,drive,19.53,front,LIDAR_ONLY
0,176.8423,t4342,LIDAR_ONLY,14.9313,14.9313,15.4768,0.5456,0.5456,3.5250,3.5250,1,1,12.71,1.23,cautious,23.75,front,LIDAR_ONLY
0,176.8423,t4342,LIDAR_ONLY,13.0499,13.0499,15.4768,2.4269,2.4269,15.6808,15.6808,0,0,12.71,1.23,cautious,27.97,front,LIDAR_ONLY
0,176.8992,cam_2,CAM_ONLY,19.1515,,4.7132,14.4383,,306.3393,,0,,14.82,1.12,warning,,,CAMERA_ONLY
0,176.9615,cam_2,CAM_ONLY,19.0514,,5.6210,13.4303,,238.9314,,0,,18.51,1.00,warning,,,CAMERA_ONLY
0,177.0354,t4346,BOTH,19.0259,10.5880,6.9125,12.1134,3.6755,175.2382,53.1718,0,0,17.09,1.11,warning,,,FULL_ANGLE
0,177.0354,t4346,LIDAR_ONLY,10.6790,10.6790,6.9125,3.7665,3.7665,54.4880,54.4880,0,0,17.09,1.11,cautious,-3.58,front,LIDAR_ONLY
0,177.0354,t4346,LIDAR_ONLY,10.5305,10.5305,6.9125,3.6180,3.6180,52.3398,52.3398,0,0,17.09,1.11,cautious,4.79,front,LIDAR_ONLY
0,177.1122,cam_2,CAM_ONLY,19.0961,,8.6628,10.4334,,120.4388,,0,,16.48,2.29,warning,,,CAMERA_ONLY
0,177.1758,cam_2,CAM_ONLY,19.2501,,9.8579,9.3922,,95.2763,,0,,19.52,1.63,warning,,,CAMERA_ONLY
0,177.2402,t4346,BOTH,19.4694,10.5383,11.1306,8.3388,0.5923,74.9178,5.3216,0,1,16.24,1.19,warning,,,FULL_ANGLE
0,177.2402,t4355,LIDAR_ONLY,11.0581,11.0581,11.1306,0.0725,0.0725,0.6509,0.6509,1,1,16.24,1.19,cautious,27.72,front,LIDAR_ONLY
0,177.2402,t4355,LIDAR_ONLY,11.3443,11.3443,11.1306,0.2137,0.2137,1.9198,1.9198,1,1,16.24,1.19,cautious,23.61,front,LIDAR_ONLY
0,177.2402,t4355,LIDAR_ONLY,12.1004,12.1004,11.1306,0.9699,0.9699,8.7134,8.7134,1,1,16.24,1.19,cautious,19.49,front,LIDAR_ONLY
0,177.2402,t4346,LIDAR_ONLY,10.5356,10.5356,11.1306,0.5950,0.5950,5.3458,5.3458,1,1,16.24,1.19,cautious,-1.06,front,LIDAR_ONLY
0,177.2402,t4356,LIDAR_ONLY,9.5147,9.5147,11.1306,1.6159,1.6159,14.5177,14.5177,0,0,16.24,1.19,slow,-17.51,front,LIDAR_ONLY
0,177.2402,t4346,LIDAR_ONLY,10.5572,10.5572,11.1306,0.5734,0.5734,5.1513,5.1513,1,1,16.24,1.19,cautious,7.16,front,LIDAR_ONLY
0,177.3019,cam_2,CAM_ONLY,19.3469,,11.4548,7.8921,,68.8977,,0,,12.41,1.09,warning,,,CAMERA_ONLY
0,177.3703,cam_2,CAM_ONLY,19.1431,,12.0448,7.0983,,58.9321,,0,,19.10,2.49,warning,,,CAMERA_ONLY
0,177.4339,t4356,BOTH,19.3528,10.6994,12.6696,6.6832,1.9701,52.7501,15.5501,0,0,15.63,0.96,warning,,,FULL_ANGLE
0,177.4339,t4356,LIDAR_ONLY,9.8962,9.8962,12.6696,2.7733,2.7733,21.8896,21.8896,0,0,15.63,0.96,slow,-16.09,front,LIDAR_ONLY
0,177.4339,t4356,LIDAR_ONLY,10.3245,10.3245,12.6696,2.3450,2.3450,18.5092,18.5092,0,0,15.63,0.96,slow,-12.07,front,LIDAR_ONLY
0,177.4339,t4356,LIDAR_ONLY,10.5669,10.5669,12.6696,2.1027,2.1027,16.5963,16.5963,0,0,15.63,0.96,slow,-4.03,front,LIDAR_ONLY
0,177.4339,t4346,LIDAR_ONLY,10.5669,10.5669,12.6696,2.1027,2.1027,16.5965,16.5965,0,0,15.63,0.96,cautious,4.00,front,LIDAR_ONLY
0,177.4896,cam_2,CAM_ONLY,19.0219,,13.4576,5.5643,,41.3466,,0,,9.68,1.11,warning,,,CAMERA_ONLY
0,177.5436,cam_2,CAM_ONLY,18.8897,,14.1165,4.7733,,33.8134,,0,,10.01,1.24,warning,,,CAMERA_ONLY
0,177.5436,t4361,LIDAR_ONLY,12.9309,12.9309,14.1165,1.1856,1.1856,8.3988,8.3988,0,0,10.01,1.24,cautious,24.37,front,LIDAR_ONLY
0,177.5436,t4361,LIDAR_ONLY,11.9174,11.9174,14.1165,2.1991,2.1991,15.5779,15.5779,0,0,10.01,1.24,cautious,28.39,front,LIDAR_ONLY
0,177.5436,t4361,LIDAR_ONLY,12.1684,12.1684,14.1165,1.9481,1.9481,13.8000,13.8000,0,0,10.01,1.24,cautious,20.36,front,LIDAR_ONLY
0,177.6063,cam_2,CAM_ONLY,18.9775,,15.1170,3.8605,,25.5376,,0,,11.48,1.19,warning,,,CAMERA_ONLY
0,177.6607,cam_2,CAM_ONLY,18.9241,,15.4768,3.4472,,22.2736,,0,,13.05,0.90,warning,,,CAMERA_ONLY
0,177.7256,cam_2,CAM_ONLY,18.9144,,15.4768,3.4376,,22.2111,,0,,13.25,1.02,warning,,,CAMERA_ONLY
0,177.7880,t4370,BOTH,18.8778,13.8232,15.4768,3.4010,1.6536,21.9750,10.6845,0,0,12.04,1.32,warning,,,FULL_ANGLE
0,177.7880,t4369,LIDAR_ONLY,14.4428,14.4428,15.4768,1.0340,1.0340,6.6812,6.6812,0,0,12.04,1.32,cautious,22.34,front,LIDAR_ONLY
0,177.7880,t4369,LIDAR_ONLY,12.9137,12.9137,15.4768,2.5631,2.5631,16.5610,16.5610,0,0,12.04,1.32,cautious,26.53,front,LIDAR_ONLY
0,177.7880,t4370,LIDAR_ONLY,19.4424,19.4424,15.4768,3.9656,3.9656,25.6228,25.6228,0,0,12.04,1.32,drive,-6.95,front,LIDAR_ONLY
0,177.7880,t4370,LIDAR_ONLY,12.8952,12.8952,15.4768,2.5816,2.5816,16.6805,16.6805,0,0,12.04,1.32,cautious,5.60,front,LIDAR_ONLY
0,177.7880,t4369,LIDAR_ONLY,13.3553,13.3553,15.4768,2.1215,2.1215,13.7075,13.7075,0,0,12.04,1.32,cautious,18.16,front,LIDAR_ONLY
0,177.7880,t4370,LIDAR_ONLY,12.4215,12.4215,15.4768,3.0553,3.0553,19.7414,19.7414,0,0,12.04,1.32,cautious,-2.77,front,LIDAR_ONLY
0,177.8539,cam_2,CAM_ONLY,19.4244,,15.4768,3.9476,,25.5062,,0,,20.17,1.29,warning,,,CAMERA_ONLY
0,177.9105,cam_2,CAM_ONLY,19.3417,,15.4768,3.8649,,24.9722,,0,,12.05,0.95,warning,,,CAMERA_ONLY
0,177.9856,cam_2,CAM_ONLY,19.0687,,15.4768,3.5919,,23.2084,,0,,20.72,1.92,warning,,,CAMERA_ONLY
0,177.9856,t4376,LIDAR_ONLY,19.7922,19.7922,15.4768,4.3154,4.3154,27.8829,27.8829,0,0,20.72,1.92,drive,-26.20,front,LIDAR_ONLY
0,178.0520,cam_2,CAM_ONLY,19.5294,,15.4768,4.0525,,26.1846,,0,,15.67,1.09,warning,,,CAMERA_ONLY
0,178.1128,cam_2,CAM_ONLY,20.1200,,15.4768,4.6432,,30.0007,,0,,9.78,1.06,safe,,,CAMERA_ONLY
0,178.1681,cam_2,CAM_ONLY,19.8839,,15.4771,4.4068,,28.4732,,0,,9.58,0.93,warning,,,CAMERA_ONLY
0,178.2323,t4380,BOTH,19.5914,10.4791,15.4772,4.1142,4.9980,26.5825,32.2928,0,0,16.60,0.78,warning,,,FULL_ANGLE
0,178.3066,cam_2,CAM_ONLY,19.2276,,15.4772,3.7504,,24.2318,,0,,18.73,1.23,warning,,,CAMERA_ONLY
0,178.3718,cam_2,CAM_ONLY,19.2688,,15.4772,3.7916,,24.4980,,0,,18.96,1.03,warning,,,CAMERA_ONLY
0,178.4470,cam_2,CAM_ONLY,19.3103,,15.4772,3.8332,,24.7667,,0,,18.22,1.39,warning,,,CAMERA_ONLY
0,178.4470,t4388,LIDAR_ONLY,13.0407,13.0407,15.4772,2.4365,2.4365,15.7424,15.7424,0,0,18.22,1.39,cautious,24.21,front,LIDAR_ONLY
0,178.4470,t4388,LIDAR_ONLY,11.7196,11.7196,15.4772,3.7575,3.7575,24.2779,24.2779,0,0,18.22,1.39,cautious,28.30,front,LIDAR_ONLY
0,178.4470,t4388,LIDAR_ONLY,12.1586,12.1586,15.4772,3.3185,3.3185,21.4415,21.4415,0,0,18.22,1.39,cautious,20.12,front,LIDAR_ONLY
0,178.5027,cam_2,CAM_ONLY,19.2831,,15.4772,3.8059,,24.5905,,0,,10.26,1.16,warning,,,CAMERA_ONLY
0,178.5592,cam_2,CAM_ONLY,19.4826,,15.4772,4.0055,,25.8798,,0,,8.96,0.86,warning,,,CAMERA_ONLY
0,178.6178,cam_2,CAM_ONLY,19.5804,,15.4772,4.1032,,26.5115,,0,,13.35,0.93,warning,,,CAMERA_ONLY
0,178.6786,cam_2,CAM_ONLY,19.4644,,15.4772,3.9872,,25.7618,,0,,12.01,1.01,warning,,,CAMERA_ONLY
0,178.7378,t4397,BOTH,19.5561,10.5690,15.4772,4.0790,4.9082,26.3549,31.7125,0,0,9.95,1.12,warning,,,FULL_ANGLE
0,178.7378,t4396,LIDAR_ONLY,14.9533,14.9533,15.4772,0.5238,0.5238,3.3846,3.3846,1,1,9.95,1.12,cautious,21.75,front,LIDAR_ONLY
0,178.7378,t4396,LIDAR_ONLY,15.7658,15.7658,15.4772,0.2886,0.2886,1.8650,1.8650,1,1,9.95,1.12,cautious,17.54,front,LIDAR_ONLY
0,178.7378,t4397,LIDAR_ONLY,10.6774,10.6774,15.4772,4.7998,4.7998,31.0121,31.0121,0,0,9.95,1.12,cautious,-3.52,front,LIDAR_ONLY
0,178.7378,t4397,LIDAR_ONLY,10.4857,10.4857,15.4772,4.9914,4.9914,32.2504,32.2504,0,0,9.95,1.12,cautious,4.90,front,LIDAR_ONLY
0,178.7953,cam_2,CAM_ONLY,19.9324,,15.4772,4.4553,,28.7861,,0,,10.32,1.19,warning,,,CAMERA_ONLY
0,178.8550,cam_2,CAM_ONLY,19.3326,,15.4772,3.8554,,24.9104,,0,,13.57,1.19,warning,,,CAMERA_ONLY
0,178.9117,cam_2,CAM_ONLY,19.7832,,15.4772,4.3061,,27.8221,,0,,10.33,1.03,warning,,,CAMERA_ONLY
0,178.9782,cam_2,CAM_ONLY,20.0771,,15.4772,4.6000,,29.7210,,0,,14.20,0.84,safe,,,CAMERA_ONLY
0,179.0360,t4404,BOTH,19.6995,10.4951,15.4756,4.2238,4.9805,27.2934,32.1828,0,0,11.13,1.04,warning,,,FULL_ANGLE
0,179.0360,t4402,LIDAR_ONLY,13.0861,13.0861,15.4756,2.3896,2.3896,15.4408,15.4408,0,0,11.13,1.04,cautious,24.14,front,LIDAR_ONLY
0,179.0360,t4402,LIDAR_ONLY,11.6897,11.6897,15.4756,3.7859,3.7859,24.4637,24.4637,0,0,11.13,1.04,cautious,28.21,front,LIDAR_ONLY
0,179.0360,t4403,LIDAR_ONLY,24.9524,24.9524,15.4756,9.4767,9.4767,61.2366,61.2366,0,0,11.13,1.04,drive,16.00,front,LIDAR_ONLY
0,179.0360,t4404,LIDAR_ONLY,10.5824,10.5824,15.4756,4.8932,4.8932,31.6186,31.6186,0,0,11.13,1.04,cautious,-4.35,front,LIDAR_ONLY
0,179.0360,t4403,LIDAR_ONLY,20.2919,20.2919,15.4756,4.8162,4.8162,31.1214,31.1214,0,0,11.13,1.04,drive,20.07,front,LIDAR_ONLY
0,179.0911,t4402,LIDAR_ONLY,11.2742,11.2742,15.4747,4.2005,4.2005,27.1444,27.1444,0,0,11.61,1.19,cautious,29.70,front,LIDAR_ONLY
0,179.0911,t4402,LIDAR_ONLY,11.3336,11.3336,15.4747,4.1410,4.1410,26.7602,26.7602,0,0,11.61,1.19,cautious,25.56,front,LIDAR_ONLY
0,179.0911,t4403,LIDAR_ONLY,18.7714,18.7714,15.4747,3.2968,3.2968,21.3044,21.3044,0,0,11.61,1.19,drive,21.43,front,LIDAR_ONLY
0,179.0911,t4404,LIDAR_ONLY,10.5097,10.5097,15.4747,4.9650,4.9650,32.0845,32.0845,0,0,11.61,1.19,cautious,-3.36,front,LIDAR_ONLY
0,179.0911,t4404,LIDAR_ONLY,10.5149,10.5149,15.4747,4.9598,4.9598,32.0511,32.0511,0,0,11.61,1.19,cautious,0.77,front,LIDAR_ONLY
0,179.0911,t4404,LIDAR_ONLY,10.5038,10.5038,15.4747,4.9709,4.9709,32.1226,32.1226,0,0,11.61,1.19,cautious,4.90,front,LIDAR_ONLY
0,179.1559,cam_2,CAM_ONLY,19.4729,,15.4741,3.9988,,25.8420,,0,,13.98,1.21,warning,,,CAMERA_ONLY
0,179.2191,cam_2,CAM_ONLY,19.2407,,15.4735,3.7672,,24.3464,,0,,22.24,1.49,warning,,,CAMERA_ONLY
0,179.2711,cam_2,CAM_ONLY,19.1789,,15.4735,3.7054,,23.9470,,0,,10.38,0.98,warning,,,CAMERA_ONLY
0,179.3361,t4411,BOTH,19.1173,10.4384,15.4735,3.6438,5.0350,23.5489,32.5399,0,0,17.35,0.81,warning,,,FULL_ANGLE
0,179.3361,t4411,LIDAR_ONLY,10.5509,10.5509,15.4735,4.9226,4.9226,31.8132,31.8132,0,0,17.35,0.81,cautious,-3.52,front,LIDAR_ONLY
0,179.3966,cam_2,CAM_ONLY,19.1381,,15.4735,3.6646,,23.6832,,0,,14.04,1.21,warning,,,CAMERA_ONLY
0,179.4604,cam_2,CAM_ONLY,19.3257,,15.4735,3.8523,,24.8960,,0,,19.70,2.17,warning,,,CAMERA_ONLY
0,179.5244,cam_2,CAM_ONLY,19.2467,,15.4735,3.7732,,24.3853,,0,,17.12,0.76,warning,,,CAMERA_ONLY
0,179.5916,t4417,BOTH,19.7519,10.5392,15.4735,4.2784,4.9343,27.6502,31.8885,0,0,17.07,2.16,warning,,,FULL_ANGLE
0,179.5916,t4416,LIDAR_ONLY,13.2743,13.2743,15.4735,2.1991,2.1991,14.2123,14.2123,0,0,17.07,2.16,cautious,23.87,front,LIDAR_ONLY
0,179.5916,t4416,LIDAR_ONLY,12.1195,12.1195,15.4735,3.3539,3.3539,21.6753,21.6753,0,0,17.07,2.16,cautious,27.88,front,LIDAR_ONLY
0,179.5916,t4416,LIDAR_ONLY,12.5556,12.5556,15.4735,2.9178,2.9178,18.8570,18.8570,0,0,17.07,2.16,cautious,19.85,front,LIDAR_ONLY
0,179.5916,t4417,LIDAR_ONLY,10.5761,10.5761,15.4735,4.8974,4.8974,31.6501,31.6501,0,0,17.07,2.16,cautious,-4.24,front,LIDAR_ONLY
0,179.5916,t4417,LIDAR_ONLY,10.4934,10.4934,15.4735,4.9801,4.9801,32.1845,32.1845,0,0,17.07,2.16,cautious,3.79,front,LIDAR_ONLY
0,179.6614,cam_2,CAM_ONLY,19.2569,,15.4735,3.7834,,24.4512,,0,,18.05,1.04,warning,,,CAMERA_ONLY
0,179.7155,cam_2,CAM_ONLY,19.1925,,15.4735,3.7191,,24.0352,,0,,11.77,0.95,warning,,,CAMERA_ONLY
0,179.7788,cam_2,CAM_ONLY,19.0606,,15.4735,3.5872,,23.1826,,0,,16.43,0.77,warning,,,CAMERA_ONLY
0,179.8441,t4426,BOTH,19.0400,10.4175,15.4735,3.5666,5.0559,23.0495,32.6748,0,0,13.07,1.30,warning,,,FULL_ANGLE
0,179.8441,t4425,LIDAR_ONLY,14.3731,14.3731,15.4735,1.1004,1.1004,7.1116,7.1116,0,0,13.07,1.30,cautious,22.42,front,LIDAR_ONLY
0,179.8441,t4425,LIDAR_ONLY,12.7233,12.7233,15.4735,2.7502,2.7502,17.7737,17.7737,0,0,13.07,1.30,cautious,26.56,front,LIDAR_ONLY
0,179.8441,t4425,LIDAR_ONLY,13.0634,13.0634,15.4735,2.4101,2.4101,15.5757,15.5757,0,0,13.07,1.30,cautious,18.29,front,LIDAR_ONLY
0,179.8441,t4426,LIDAR_ONLY,10.4240,10.4240,15.4735,5.0494,5.0494,32.6328,32.6328,0,0,13.07,1.30,cautious,5.88,front,LIDAR_ONLY
0,179.9070,cam_2,CAM_ONLY,19.5069,,15.4735,4.0335,,26.0670,,0,,12.45,1.17,warning,,,CAMERA_ONLY
0,179.9585,cam_2,CAM_ONLY,19.0457,,15.4735,3.5722,,23.0859,,0,,10.18,1.46,warning,,,CAMERA_ONLY
0,180.0142,cam_2,CAM_ONLY,19.1096,,15.4735,3.6362,,23.4994,,0,,12.61,0.94,warning,,,CAMERA_ONLY
0,180.0746,cam_2,CAM_ONLY,19.1215,,15.4735,3.6480,,23.5761,,0,,13.53,0.99,warning,,,CAMERA_ONLY
0,180.1323,cam_2,CAM_ONLY,19.2521,,15.4735,3.7786,,24.4200,,0,,8.71,0.83,warning,,,CAMERA_ONLY
0,180.1895,t4436,BOTH,19.2414,10.5307,15.4735,3.7680,4.9428,24.3511,31.9435,0,0,10.45,1.27,warning,,,FULL_ANGLE
0,180.1895,t4434,LIDAR_ONLY,12.7948,12.7948,15.4735,2.6787,2.6787,17.3115,17.3115,0,0,10.45,1.27,cautious,24.58,front,LIDAR_ONLY
0,180.1895,t4434,LIDAR_ONLY,14.0536,14.0536,15.4735,1.4199,1.4199,9.1762,9.1762,0,0,10.45,1.27,cautious,16.29,front,LIDAR_ONLY
0,180.1895,t4435,LIDAR_ONLY,10.6096,10.6096,15.4735,4.8639,4.8639,31.4337,31.4337,0,0,10.45,1.27,cautious,28.72,front,LIDAR_ONLY
0,180.1895,t4434,LIDAR_ONLY,14.8816,14.8816,15.4735,0.5918,0.5918,3.8248,3.8248,1,1,10.45,1.27,cautious,20.44,front,LIDAR_ONLY
0,180.1895,t4436,LIDAR_ONLY,10.5220,10.5220,15.4735,4.9515,4.9515,31.9997,31.9997,0,0,10.45,1.27,cautious,3.87,front,LIDAR_ONLY
0,180.1895,t4436,LIDAR_ONLY,10.5238,10.5238,15.4735,4.9497,4.9497,31.9881,31.9881,0,0,10.45,1.27,cautious,-4.42,front,LIDAR_ONLY
0,180.2480,cam_2,CAM_ONLY,19.2327,,15.4735,3.7592,,24.2948,,0,,10.87,1.10,warning,,,CAMERA_ONLY
0,180.3109,cam_2,CAM_ONLY,19.1878,,15.4735,3.7144,,24.0047,,0,,11.24,0.94,warning,,,CAMERA_ONLY
0,180.3712,cam_2,CAM_ONLY,19.3348,,15.4735,3.8613,,24.9546,,0,,8.85,0.85,warning,,,CAMERA_ONLY
0,180.4298,cam_2,CAM_ONLY,19.2395,,15.4735,3.7661,,24.3388,,0,,16.72,0.90,warning,,,CAMERA_ONLY
0,180.5055,cam_2,CAM_ONLY,19.1912,,15.4735,3.7177,,24.0264,,0,,22.33,1.26,warning,,,CAMERA_ONLY
0,180.5601,cam_2,CAM_ONLY,19.2604,,15.4735,3.7869,,24.4736,,0,,12.62,1.01,warning,,,CAMERA_ONLY
0,180.6248,cam_2,CAM_ONLY,19.1754,,15.4735,3.7019,,23.9244,,0,,10.68,0.91,warning,,,CAMERA_ONLY
0,180.6888,t4446,BOTH,19.3511,10.4628,15.4735,3.8776,5.0107,25.0597,32.3824,0,0,18.54,1.23,warning,,,FULL_ANGLE
0,180.6888,t4445,LIDAR_ONLY,19.5636,19.5636,15.4735,4.0901,4.0901,26.4333,26.4333,0,0,18.54,1.23,drive,18.32,front,LIDAR_ONLY
0,180.6888,t4445,LIDAR_ONLY,15.1270,15.1270,15.4735,0.3464,0.3464,2.2388,2.2388,1,1,18.54,1.23,drive,26.54,front,LIDAR_ONLY
0,180.6888,t4446,LIDAR_ONLY,10.5098,10.5098,15.4735,4.9636,4.9636,32.0784,32.0784,0,0,18.54,1.23,cautious,-2.24,front,LIDAR_ONLY
0,180.6888,t4445,LIDAR_ONLY,14.9371,14.9371,15.4735,0.5364,0.5364,3.4663,3.4663,1,1,18.54,1.23,cautious,22.43,front,LIDAR_ONLY
0,180.6888,t4446,LIDAR_ONLY,10.4431,10.4431,15.4735,5.0304,5.0304,32.5096,32.5096,0,0,18.54,1.23,cautious,5.98,front,LIDAR_ONLY
0,180.7501,cam_2,CAM_ONLY,19.8991,,15.4735,4.4256,,28.6013,,0,,14.20,1.17,warning,,,CAMERA_ONLY
0,180.8095,cam_2,CAM_ONLY,19.9166,,15.4735,4.4431,,28.7143,,0,,11.92,0.97,warning,,,CAMERA_ONLY
0,180.8710,cam_2,CAM_ONLY,19.8269,,15.4735,4.3535,,28.1352,,0,,18.64,1.10,warning,,,CAMERA_ONLY
0,180.9318,t4452,BOTH,20.0349,10.4969,15.4735,4.5615,4.9766,29.4794,32.1620,0,0,13.96,0.94,safe,,,FULL_ANGLE
0,180.9318,t4452,LIDAR_ONLY,10.5141,10.5141,15.4735,4.9594,4.9594,32.0509,32.0509,0,0,13.96,0.94,cautious,-2.83,front,LIDAR_ONLY
0,180.9931,t4452,BOTH,20.1327,10.5056,4.6202,15.5124,5.8854,335.7484,127.3826,0,0,11.88,1.34,slowdown,,,FULL_ANGLE
0,180.9931,t4456,LIDAR_ONLY,14.0712,14.0712,4.6202,9.4509,9.4509,204.5548,204.5548,0,0,11.88,1.34,cautious,22.80,front,LIDAR_ONLY
0,180.9931,t4456,LIDAR_ONLY,14.7950,14.7950,4.6202,10.1748,10.1748,220.2216,220.2216,0,0,11.88,1.34,cautious,18.68,front,LIDAR_ONLY
0,180.9931,t4456,LIDAR_ONLY,14.6120,14.6120,4.6202,9.9918,9.9918,216.2602,216.2602,0,0,11.88,1.34,cautious,26.91,front,LIDAR_ONLY
0,180.9931,t4452,LIDAR_ONLY,10.4971,10.4971,4.6202,5.8768,5.8768,127.1971,127.1971,0,0,11.88,1.34,cautious,6.35,front,LIDAR_ONLY
0,181.0530,cam_2,CAM_ONLY,19.9231,,5.3410,14.5821,,273.0240,,0,,16.64,1.80,warning,,,CAMERA_ONLY
0,181.1156,cam_2,CAM_ONLY,19.2744,,6.4733,12.8011,,197.7534,,0,,15.67,0.94,warning,,,CAMERA_ONLY
0,181.1819,cam_2,CAM_ONLY,19.1294,,7.7641,11.3652,,146.3812,,0,,16.76,0.99,warning,,,CAMERA_ONLY
0,181.1819,t4463,LIDAR_ONLY,6.7862,6.7862,7.7641,0.9780,0.9780,12.5958,12.5958,1,1,16.76,0.99,slow,-24.53,front,LIDAR_ONLY
0,181.2421,t4468,BOTH,19.2371,10.5153,9.0695,10.1676,1.4458,112.1074,15.9416,0,0,12.81,1.35,warning,,,FULL_ANGLE
0,181.2421,t4466,LIDAR_ONLY,10.4070,10.4070,9.0695,1.3375,1.3375,14.7470,14.7470,0,0,12.81,1.35,cautious,29.20,front,LIDAR_ONLY
0,181.2421,t4466,LIDAR_ONLY,10.6379,10.6379,9.0695,1.5683,1.5683,17.2925,17.2925,0,0,12.81,1.35,cautious,25.17,front,LIDAR_ONLY
0,181.2421,t4466,LIDAR_ONLY,11.5503,11.5503,9.0695,2.4808,2.4808,27.3534,27.3534,0,0,12.81,1.35,cautious,17.11,front,LIDAR_ONLY
0,181.2421,t4466,LIDAR_ONLY,12.2940,12.2940,9.0695,3.2245,3.2245,35.5528,35.5528,0,0,12.81,1.35,cautious,21.14,front,LIDAR_ONLY
0,181.3134,cam_2,CAM_ONLY,19.0231,,10.6216,8.4015,,79.0989,,0,,12.80,1.07,warning,,,CAMERA_ONLY
0,181.3784,cam_2,CAM_ONLY,18.9211,,12.1581,6.7629,,55.6246,,0,,13.72,0.92,warning,,,CAMERA_ONLY
0,181.3784,t4463,LIDAR_ONLY,7.0173,7.0173,12.1581,5.1409,5.1409,42.2833,42.2833,0,0,13.72,0.92,slow,-23.02,front,LIDAR_ONLY
0,181.3784,t4463,LIDAR_ONLY,7.4246,7.4246,12.1581,4.7336,4.7336,38.9335,38.9335,0,0,13.72,0.92,slow,-14.63,front,LIDAR_ONLY
0,181.4356,t4468,BOTH,19.0926,10.5092,13.3905,5.7021,2.8812,42.5837,21.5169,0,0,15.93,1.06,warning,,,FULL_ANGLE
0,181.4356,t4466,LIDAR_ONLY,12.7156,12.7156,13.3905,0.6748,0.6748,5.0396,5.0396,1,1,15.93,1.06,cautious,24.52,front,LIDAR_ONLY
0,181.4356,t4466,LIDAR_ONLY,13.8051,13.8051,13.3905,0.4146,0.4146,3.0965,3.0965,1,1,15.93,1.06,cautious,16.48,front,LIDAR_ONLY
0,181.4356,t4466,LIDAR_ONLY,14.8010,14.8010,13.3905,1.4106,1.4106,10.5341,10.5341,0,0,15.93,1.06,cautious,20.50,front,LIDAR_ONLY
0,181.4356,t4468,LIDAR_ONLY,10.4769,10.4769,13.3905,2.9135,2.9135,21.7583,21.7583,0,0,15.93,1.06,cautious,4.42,front,LIDAR_ONLY
0,181.4356,t4463,LIDAR_ONLY,7.8812,7.8812,13.3905,5.5092,5.5092,41.1431,41.1431,0,0,15.93,1.06,slow,-15.68,front,LIDAR_ONLY
0,181.4356,t4463,LIDAR_ONLY,8.2109,8.2109,13.3905,5.1796,5.1796,38.6813,38.6813,0,0,15.93,1.06,slow,-23.72,front,LIDAR_ONLY
0,181.5062,cam_2,CAM_ONLY,18.8985,,15.0518,3.8466,,25.5559,,0,,17.46,1.26,warning,,,CAMERA_ONLY
0,181.5774,cam_2,CAM_ONLY,18.9766,,15.4762,3.5004,,22.6179,,0,,22.13,2.18,warning,,,CAMERA_ONLY
0,181.6474,cam_2,CAM_ONLY,18.8882,,15.4762,3.4120,,22.0467,,0,,14.52,1.08,warning,,,CAMERA_ONLY
0,181.7168,cam_2,CAM_ONLY,18.8988,,15.4762,3.4225,,22.1148,,0,,20.67,1.66,warning,,,CAMERA_ONLY
0,181.7776,cam_2,CAM_ONLY,19.0047,,15.4762,3.5284,,22.7992,,0,,18.74,1.07,warning,,,CAMERA_ONLY
0,181.8381,t4480,BOTH,19.4165,10.5063,15.4762,3.9403,4.9699,25.4604,32.1130,0,0,16.94,1.15,warning,,,FULL_ANGLE
0,181.8381,t4479,LIDAR_ONLY,18.7719,18.7719,15.4762,3.2957,3.2957,21.2951,21.2951,0,0,16.94,1.15,drive,18.77,front,LIDAR_ONLY
0,181.8381,t4479,LIDAR_ONLY,16.0941,16.0941,15.4762,0.6179,0.6179,3.9927,3.9927,1,1,16.94,1.15,drive,22.76,front,LIDAR_ONLY
0,181.8381,t4480,LIDAR_ONLY,10.4845,10.4845,15.4762,4.9917,4.9917,32.2540,32.2540,0,0,16.94,1.15,cautious,6.81,front,LIDAR_ONLY
0,181.8381,t4480,LIDAR_ONLY,10.4932,10.4932,15.4762,4.9830,4.9830,32.1978,32.1978,0,0,16.94,1.15,cautious,-1.16,front,LIDAR_ONLY
0,181.9035,cam_2,CAM_ONLY,19.0712,,15.4762,3.5950,,23.2292,,0,,14.79,0.93,warning,,,CAMERA_ONLY
0,181.9711,cam_2,CAM_ONLY,19.0287,,15.4762,3.5525,,22.9545,,0,,15.73,0.94,warning,,,CAMERA_ONLY
0,182.0320,t4480,BOTH,18.9968,10.5039,15.4762,3.5206,4.9723,22.7486,32.1288,0,0,18.45,0.82,warning,,,FULL_ANGLE
0,182.0995,cam_2,CAM_ONLY,19.3235,,15.4762,3.8473,,24.8594,,0,,14.36,1.07,warning,,,CAMERA_ONLY
0,182.1586,cam_2,CAM_ONLY,19.2694,,15.4762,3.7931,,24.5095,,0,,11.83,1.43,warning,,,CAMERA_ONLY
0,182.2175,cam_2,CAM_ONLY,19.2490,,15.4762,3.7728,,24.3781,,0,,15.27,0.84,warning,,,CAMERA_ONLY
0,182.2725,cam_2,CAM_ONLY,19.1889,,15.4762,3.7127,,23.9898,,0,,12.54,0.97,warning,,,CAMERA_ONLY
0,182.3299,cam_2,CAM_ONLY,19.2323,,15.4762,3.7561,,24.2703,,0,,12.61,0.84,warning,,,CAMERA_ONLY
0,182.3932,cam_2,CAM_ONLY,19.2545,,15.4762,3.7783,,24.4134,,0,,12.02,1.27,warning,,,CAMERA_ONLY
0,182.3932,t4492,LIDAR_ONLY,12.9233,12.9233,15.4762,2.5529,2.5529,16.4955,16.4955,0,0,12.02,1.27,cautious,24.39,front,LIDAR_ONLY
0,182.3932,t4492,LIDAR_ONLY,11.5991,11.5991,15.4762,3.8771,3.8771,25.0518,25.0518,0,0,12.02,1.27,cautious,28.44,front,LIDAR_ONLY
0,182.4546,cam_2,CAM_ONLY,19.3160,,15.4762,3.8398,,24.8108,,0,,10.31,1.26,warning,,,CAMERA_ONLY
0,182.5174,cam_2,CAM_ONLY,19.2493,,15.4762,3.7730,,24.3796,,0,,13.84,1.04,warning,,,CAMERA_ONLY
0,182.5761,cam_2,CAM_ONLY,19.6556,,15.4762,4.1793,,27.0050,,0,,10.78,1.00,warning,,,CAMERA_ONLY
0,182.6520,cam_2,CAM_ONLY,19.2027,,15.4762,3.7265,,24.0790,,0,,18.36,1.33,warning,,,CAMERA_ONLY
0,182.7099,cam_2,CAM_ONLY,19.3213,,15.4762,3.8451,,24.8451,,0,,10.64,1.21,warning,,,CAMERA_ONLY
0,182.7700,cam_2,CAM_ONLY,19.4470,,15.4762,3.9708,,25.6572,,0,,13.04,1.02,warning,,,CAMERA_ONLY
0,182.8375,t4505,BOTH,19.2217,10.4947,15.4762,3.7455,4.9816,24.2016,32.1885,0,0,17.57,1.02,warning,,,FULL_ANGLE
0,182.8375,t4504,LIDAR_ONLY,13.3908,13.3908,15.4762,2.0854,2.0854,13.4747,13.4747,0,0,17.57,1.02,cautious,23.70,front,LIDAR_ONLY
0,182.8375,t4504,LIDAR_ONLY,13.9134,13.9134,15.4762,1.5628,1.5628,10.0980,10.0980,0,0,17.57,1.02,cautious,19.70,front,LIDAR_ONLY
0,182.8918,t4505,BOTH,19.2211,10.4887,15.4762,3.7449,4.9875,24.1977,32.2267,0,0,10.53,1.11,warning,,,FULL_ANGLE
0,182.8918,t4504,LIDAR_ONLY,13.4404,13.4404,15.4762,2.0358,2.0358,13.1546,13.1546,0,0,10.53,1.11,cautious,27.96,front,LIDAR_ONLY
0,182.8918,t4504,LIDAR_ONLY,13.4139,13.4139,15.4762,2.0624,2.0624,13.3260,13.3260,0,0,10.53,1.11,cautious,23.78,front,LIDAR_ONLY
0,182.8918,t4504,LIDAR_ONLY,13.5707,13.5707,15.4762,1.9055,1.9055,12.3123,12.3123,0,0,10.53,1.11,cautious,19.61,front,LIDAR_ONLY
0,182.9567,cam_2,CAM_ONLY,19.1835,,15.4762,3.7073,,23.9546,,0,,17.14,2.21,warning,,,CAMERA_ONLY
0,183.0084,cam_2,CAM_ONLY,19.2569,,15.4762,3.7807,,24.4292,,0,,10.31,1.04,warning,,,CAMERA_ONLY
0,183.0580,cam_2,CAM_ONLY,19.6395,,15.4762,4.1633,,26.9010,,0,,9.49,1.32,warning,,,CAMERA_ONLY
0,183.1195,cam_2,CAM_ONLY,19.1266,,15.4762,3.6504,,23.5869,,0,,13.00,1.10,warning,,,CAMERA_ONLY
0,183.1905,t4517,BOTH,19.2916,10.4668,15.4762,3.8154,5.0094,24.6532,32.3682,0,0,18.85,2.21,warning,,,FULL_ANGLE
0,183.1905,t4515,LIDAR_ONLY,12.4570,12.4570,15.4762,3.0192,3.0192,19.5087,19.5087,0,0,18.85,2.21,cautious,25.12,front,LIDAR_ONLY
0,183.1905,t4515,LIDAR_ONLY,13.7887,13.7887,15.4762,1.6875,1.6875,10.9038,10.9038,0,0,18.85,2.21,cautious,16.74,front,LIDAR_ONLY
0,183.1905,t4515,LIDAR_ONLY,14.5751,14.5751,15.4762,0.9011,0.9011,5.8224,5.8224,1,1,18.85,2.21,cautious,20.93,front,LIDAR_ONLY
0,183.1905,t4517,LIDAR_ONLY,10.4560,10.4560,15.4762,5.0202,5.0202,32.4384,32.4384,0,0,18.85,2.21,cautious,4.18,front,LIDAR_ONLY
0,183.1905,t4515,LIDAR_ONLY,14.6647,14.6647,15.4762,0.8116,0.8116,5.2439,5.2439,1,1,18.85,2.21,cautious,29.31,front,LIDAR_ONLY
0,183.2605,cam_2,CAM_ONLY,19.3526,,15.4762,3.8764,,25.0476,,0,,16.55,0.90,warning,,,CAMERA_ONLY
0,183.3214,cam_2,CAM_ONLY,19.2689,,15.4762,3.7927,,24.5066,,0,,10.22,1.12,warning,,,CAMERA_ONLY
0,183.3924,t4517,BOTH,19.1957,10.4780,15.4762,3.7195,4.9982,24.0337,32.2960,0,0,19.16,1.22,warning,,,FULL_ANGLE
0,183.3924,t4515,LIDAR_ONLY,13.8988,13.8988,15.4762,1.5774,1.5774,10.1922,10.1922,0,0,19.16,1.22,cautious,27.15,front,LIDAR_ONLY
0,183.3924,t4515,LIDAR_ONLY,14.1954,14.1954,15.4762,1.2808,1.2808,8.2762,8.2762,0,0,19.16,1.22,cautious,18.68,front,LIDAR_ONLY
0,183.3924,t4515,LIDAR_ONLY,13.6442,13.6442,15.4762,1.8320,1.8320,11.8374,11.8374,0,0,19.16,1.22,cautious,22.92,front,LIDAR_ONLY
0,183.3924,t4517,LIDAR_ONLY,10.4720,10.4720,15.4762,5.0042,5.0042,32.3351,32.3351,0,0,19.16,1.22,cautious,5.98,front,LIDAR_ONLY
0,183.3924,t4517,LIDAR_ONLY,10.4816,10.4816,15.4762,4.9946,4.9946,32.2727,32.2727,0,0,19.16,1.22,cautious,-2.49,front,LIDAR_ONLY
0,183.4519,cam_2,CAM_ONLY,19.1833,,15.4762,3.7071,,23.9537,,0,,10.40,1.13,warning,,,CAMERA_ONLY
0,183.5137,cam_2,CAM_ONLY,19.2282,,15.4762,3.7520,,24.2434,,0,,13.92,2.46,warning,,,CAMERA_ONLY
0,183.5732,cam_2,CAM_ONLY,19.2244,,15.4762,3.7482,,24.2188,,0,,13.84,1.04,warning,,,CAMERA_ONLY
0,183.6382,t4528,BOTH,19.0884,10.5388,15.4762,3.6121,4.9374,23.3400,31.9032,0,0,16.40,0.94,warning,,,FULL_ANGLE
0,183.6382,t4527,LIDAR_ONLY,17.1173,17.1173,15.4762,1.6411,1.6411,10.6042,10.6042,0,0,16.40,0.94,drive,19.85,front,LIDAR_ONLY
0,183.6382,t4528,LIDAR_ONLY,10.5298,10.5298,15.4762,4.9464,4.9464,31.9611,31.9611,0,0,16.40,0.94,cautious,3.60,front,LIDAR_ONLY
0,183.6382,t4528,LIDAR_ONLY,10.5324,10.5324,15.4762,4.9438,4.9438,31.9447,31.9447,0,0,16.40,0.94,cautious,-4.53,front,LIDAR_ONLY
0,183.6948,cam_2,CAM_ONLY,19.5484,,15.4762,4.0722,,26.3127,,0,,11.53,1.18,warning,,,CAMERA_ONLY
0,183.7538,cam_2,CAM_ONLY,19.3201,,15.4762,3.8438,,24.8370,,0,,9.68,1.24,warning,,,CAMERA_ONLY
0,183.8109,cam_2,CAM_ONLY,19.2420,,15.4762,3.7658,,24.3330,,0,,12.11,1.00,warning,,,CAMERA_ONLY
0,183.8863,t4536,BOTH,19.3253,10.4016,15.4762,3.8491,5.0746,24.8709,32.7895,0,0,18.51,0.93,warning,,,FULL_ANGLE
0,183.8863,t4535,LIDAR_ONLY,11.2516,11.2516,15.4762,4.2246,4.2246,27.2977,27.2977,0,0,18.51,0.93,cautious,27.32,front,LIDAR_ONLY
0,183.8863,t4535,LIDAR_ONLY,11.8538,11.8538,15.4762,3.6224,3.6224,23.4065,23.4065,0,0,18.51,0.93,cautious,19.22,front,LIDAR_ONLY
0,183.9408,t4536,BOTH,19.1977,10.3941,15.4762,3.7215,5.0821,24.0467,32.8384,0,0,10.06,1.19,warning,,,FULL_ANGLE
0,183.9408,t4535,LIDAR_ONLY,12.4132,12.4132,15.4762,3.0630,3.0630,19.7919,19.7919,0,0,10.06,1.19,cautious,22.11,front,LIDAR_ONLY
0,183.9408,t4535,LIDAR_ONLY,13.2175,13.2175,15.4762,2.2587,2.2587,14.5946,14.5946,0,0,10.06,1.19,cautious,17.92,front,LIDAR_ONLY
0,183.9408,t4535,LIDAR_ONLY,13.5717,13.5717,15.4762,1.9045,1.9045,12.3060,12.3060,0,0,10.06,1.19,cautious,26.29,front,LIDAR_ONLY
0,183.9408,t4536,LIDAR_ONLY,10.3907,10.3907,15.4762,5.0856,5.0856,32.8605,32.8605,0,0,10.06,1.19,cautious,5.37,front,LIDAR_ONLY
0,183.9965,cam_2,CAM_ONLY,19.0759,,15.4762,3.5996,,23.2592,,0,,9.78,1.19,warning,,,CAMERA_ONLY
0,184.0544,cam_2,CAM_ONLY,19.2508,,15.4762,3.7746,,24.3896,,0,,13.41,1.11,warning,,,CAMERA_ONLY
0,184.1142,cam_2,CAM_ONLY,19.2817,,15.4762,3.8055,,24.5893,,0,,14.74,0.90,warning,,,CAMERA_ONLY
0,184.1734,cam_2,CAM_ONLY,19.2772,,15.4762,3.8010,,24.5601,,0,,14.42,1.07,warning,,,CAMERA_ONLY
0,184.2377,t4549,BOTH,19.1933,10.4752,15.4762,3.7170,5.0011,24.0177,32.3145,0,0,17.27,2.07,warning,,,FULL_ANGLE
0,184.2377,t4546,LIDAR_ONLY,13.0627,13.0627,15.4762,2.4135,2.4135,15.5950,15.5950,0,0,17.27,2.07,cautious,24.18,front,LIDAR_ONLY
0,184.2377,t4546,LIDAR_ONLY,11.7801,11.7801,15.4762,3.6961,3.6961,23.8827,23.8827,0,0,17.27,2.07,cautious,28.35,front,LIDAR_ONLY
0,184.2377,t4548,LIDAR_ONLY,25.4624,25.4624,15.4762,9.9862,9.9862,64.5258,64.5258,0,0,17.27,2.07,drive,15.84,front,LIDAR_ONLY
0,184.2377,t4549,LIDAR_ONLY,10.6086,10.6086,15.4762,4.8676,4.8676,31.4524,31.4524,0,0,17.27,2.07,cautious,-5.01,front,LIDAR_ONLY
0,184.2377,t4549,LIDAR_ONLY,10.5345,10.5345,15.4762,4.9417,4.9417,31.9308,31.9308,0,0,17.27,2.07,cautious,-0.84,front,LIDAR_ONLY
0,184.3014,cam_2,CAM_ONLY,19.1544,,15.4762,3.6782,,23.7669,,0,,15.68,1.19,warning,,,CAMERA_ONLY
0,184.3739,cam_2,CAM_ONLY,19.2419,,15.4762,3.7657,,24.3324,,0,,18.73,1.13,warning,,,CAMERA_ONLY
0,184.4380,t4549,BOTH,19.3771,10.4913,15.4762,3.9008,4.9849,25.2054,32.2100,0,0,16.02,1.23,warning,,,FULL_ANGLE
0,184.4380,t4546,LIDAR_ONLY,11.3863,11.3863,15.4762,4.0899,4.0899,26.4270,26.4270,0,0,16.02,1.23,cautious,28.09,front,LIDAR_ONLY
0,184.4380,t4548,LIDAR_ONLY,21.1538,21.1538,15.4762,5.6776,5.6776,36.6860,36.6860,0,0,16.02,1.23,drive,20.03,front,LIDAR_ONLY
0,184.4380,t4548,LIDAR_ONLY,18.0479,18.0479,15.4762,2.5717,2.5717,16.6172,16.6172,0,0,16.02,1.23,drive,24.06,front,LIDAR_ONLY
0,184.4380,t4549,LIDAR_ONLY,10.4833,10.4833,15.4762,4.9929,4.9929,32.2616,32.2616,0,0,16.02,1.23,cautious,-4.15,front,LIDAR_ONLY
0,184.4380,t4549,LIDAR_ONLY,10.4903,10.4903,15.4762,4.9859,4.9859,32.2167,32.2167,0,0,16.02,1.23,cautious,3.91,front,LIDAR_ONLY
0,184.5041,cam_2,CAM_ONLY,19.3227,,15.4762,3.8465,,24.8541,,0,,12.10,1.17,warning,,,CAMERA_ONLY
0,184.5661,cam_2,CAM_ONLY,19.2634,,15.4762,3.7872,,24.4710,,0,,13.92,0.99,warning,,,CAMERA_ONLY
0,184.6218,cam_2,CAM_ONLY,19.1501,,15.4762,3.6738,,23.7386,,0,,9.47,1.08,warning,,,CAMERA_ONLY
0,184.7324,cam_2,CAM_ONLY,19.1805,,15.4762,3.7043,,23.9352,,0,,19.44,0.86,warning,,,CAMERA_ONLY
0,184.8083,cam_2,CAM_ONLY,19.3319,,15.4762,3.8557,,24.9138,,0,,18.67,1.26,warning,,,CAMERA_ONLY
0,184.8724,cam_2,CAM_ONLY,19.2562,,15.4762,3.7800,,24.4243,,0,,15.61,1.00,warning,,,CAMERA_ONLY
0,184.9342,t4565,BOTH,19.2507,10.5236,15.4762,3.7745,4.9526,24.3888,32.0017,0,0,10.62,0.91,warning,,,FULL_ANGLE
0,184.9342,t4565,LIDAR_ONLY,10.5660,10.5660,15.4762,4.9102,4.9102,31.7272,31.7272,0,0,10.62,0.91,cautious,-3.88,front,LIDAR_ONLY
0,184.9342,t4565,LIDAR_ONLY,10.5159,10.5159,15.4762,4.9603,4.9603,32.0513,32.0513,0,0,10.62,0.91,cautious,4.39,front,LIDAR_ONLY
0,184.9914,t4565,BOTH,19.1786,10.5272,15.4762,3.7024,4.9490,23.9233,31.9781,0,0,11.74,2.17,warning,,,FULL_ANGLE
0,184.9914,t4569,LIDAR_ONLY,16.8363,16.8363,15.4762,1.3600,1.3600,8.7880,8.7880,0,0,11.74,2.17,drive,20.06,front,LIDAR_ONLY
0,184.9914,t4569,LIDAR_ONLY,14.4662,14.4662,15.4762,1.0100,1.0100,6.5263,6.5263,0,0,11.74,2.17,cautious,24.18,front,LIDAR_ONLY
0,184.9914,t4565,LIDAR_ONLY,10.5236,10.5236,15.4762,4.9526,4.9526,32.0012,32.0012,0,0,11.74,2.17,cautious,3.57,front,LIDAR_ONLY
0,184.9914,t4569,LIDAR_ONLY,13.4505,13.4505,15.4762,2.0258,2.0258,13.0895,13.0895,0,0,11.74,2.17,cautious,28.31,front,LIDAR_ONLY
0,185.0572,cam_2,CAM_ONLY,19.3240,,15.4762,3.8478,,24.8625,,0,,20.98,1.16,warning,,,CAMERA_ONLY
0,185.1240,cam_2,CAM_ONLY,19.3950,,15.4762,3.9188,,25.3215,,0,,20.90,0.94,warning,,,CAMERA_ONLY
0,185.1918,t4565,BOTH,19.2225,10.5311,15.4762,3.7463,4.9451,24.2068,31.9527,0,0,16.09,1.23,warning,,,FULL_ANGLE
0,185.1918,t4569,LIDAR_ONLY,13.4030,13.4030,15.4762,2.0732,2.0732,13.3960,13.3960,0,0,16.09,1.23,cautious,23.79,front,LIDAR_ONLY
0,185.1918,t4569,LIDAR_ONLY,12.6592,12.6592,15.4762,2.8170,2.8170,18.2019,18.2019,0,0,16.09,1.23,cautious,27.83,front,LIDAR_ONLY
0,185.1918,t4565,LIDAR_ONLY,10.5323,10.5323,15.4762,4.9439,4.9439,31.9455,31.9455,0,0,16.09,1.23,cautious,3.62,front,LIDAR_ONLY
0,185.2497,cam_2,CAM_ONLY,19.2294,,15.4762,3.7531,,24.2511,,0,,9.16,1.20,warning,,,CAMERA_ONLY
0,185.3131,cam_2,CAM_ONLY,19.2479,,15.4762,3.7717,,24.3706,,0,,13.51,1.32,warning,,,CAMERA_ONLY
0,185.3713,cam_2,CAM_ONLY,19.2388,,15.4762,3.7625,,24.3118,,0,,13.20,1.03,warning,,,CAMERA_ONLY
0,185.4259,cam_2,CAM_ONLY,19.3060,,15.4762,3.8298,,24.7465,,0,,9.41,0.89,warning,,,CAMERA_ONLY
0,185.4890,t4584,BOTH,19.3236,10.4693,15.4762,3.8473,5.0069,24.8597,32.3523,0,0,14.50,1.04,warning,,,FULL_ANGLE
0,185.4890,t4582,LIDAR_ONLY,10.1169,10.1169,15.4762,5.3593,5.3593,34.6295,34.6295,0,0,14.50,1.04,cautious,29.92,front,LIDAR_ONLY
0,185.4890,t4582,LIDAR_ONLY,10.4341,10.4341,15.4762,5.0421,5.0421,32.5796,32.5796,0,0,14.50,1.04,cautious,25.73,front,LIDAR_ONLY
0,185.4890,t4582,LIDAR_ONLY,11.3701,11.3701,15.4762,4.1061,4.1061,26.5318,26.5318,0,0,14.50,1.04,cautious,17.34,front,LIDAR_ONLY
0,185.4890,t4582,LIDAR_ONLY,12.0966,12.0966,15.4762,3.3796,3.3796,21.8373,21.8373,0,0,14.50,1.04,cautious,21.54,front,LIDAR_ONLY
0,185.4890,t4584,LIDAR_ONLY,10.4415,10.4415,15.4762,5.0347,5.0347,32.5317,32.5317,0,0,14.50,1.04,cautious,4.76,front,LIDAR_ONLY
0,185.4890,t4584,LIDAR_ONLY,10.4600,10.4600,15.4762,5.0162,5.0162,32.4121,32.4121,0,0,14.50,1.04,cautious,-3.62,front,LIDAR_ONLY
0,185.5564,cam_2,CAM_ONLY,19.7133,,15.4762,4.2371,,27.3779,,0,,20.65,2.23,warning,,,CAMERA_ONLY
0,185.6103,cam_2,CAM_ONLY,19.1635,,15.4762,3.6873,,23.8258,,0,,12.97,1.05,warning,,,CAMERA_ONLY
0,185.6817,cam_2,CAM_ONLY,19.2893,,15.4762,3.8130,,24.6381,,0,,21.00,1.40,warning,,,CAMERA_ONLY
0,185.7364,t4591,BOTH,19.3604,10.4476,15.4762,3.8842,5.0287,25.0979,32.4928,0,0,12.13,0.99,warning,,,FULL_ANGLE
0,185.7364,t4589,LIDAR_ONLY,12.8286,12.8286,15.4762,2.6477,2.6477,17.1079,17.1079,0,0,12.13,0.99,cautious,24.53,front,LIDAR_ONLY
0,185.7364,t4589,LIDAR_ONLY,13.2564,13.2564,15.4762,2.2198,2.2198,14.3431,14.3431,0,0,12.13,0.99,cautious,20.49,front,LIDAR_ONLY
0,185.7364,t4589,LIDAR_ONLY,13.0463,13.0463,15.4762,2.4299,2.4299,15.7009,15.7009,0,0,12.13,0.99,cautious,28.57,front,LIDAR_ONLY
0,185.7364,t4591,LIDAR_ONLY,10.4464,10.4464,15.4762,5.0298,5.0298,32.5001,32.5001,0,0,12.13,0.99,cautious,4.35,front,LIDAR_ONLY
0,185.7936,cam_2,CAM_ONLY,19.2465,,15.4762,3.7703,,24.3621,,0,,10.83,1.13,warning,,,CAMERA_ONLY
0,185.7936,t4589,LIDAR_ONLY,13.1604,13.1604,15.4762,2.3158,2.3158,14.9639,14.9639,0,0,10.83,1.13,cautious,21.92,front,LIDAR_ONLY
0,185.7936,t4589,LIDAR_ONLY,13.5434,13.5434,15.4762,1.9328,1.9328,12.4887,12.4887,0,0,10.83,1.13,cautious,17.92,front,LIDAR_ONLY
0,185.7936,t4594,LIDAR_ONLY,10.1160,10.1160,15.4762,5.3602,5.3602,34.6350,34.6350,0,0,10.83,1.13,cautious,29.93,front,LIDAR_ONLY
0,185.8530,cam_2,CAM_ONLY,19.7105,,15.4762,4.2343,,27.3600,,0,,13.20,1.13,warning,,,CAMERA_ONLY
0,185.9300,cam_2,CAM_ONLY,19.1984,,15.4762,3.7222,,24.0512,,0,,18.50,1.50,warning,,,CAMERA_ONLY
0,185.9866,t4599,BOTH,19.2791,10.5549,15.4762,3.8029,4.9213,24.5725,31.7991,0,0,10.63,0.97,warning,,,FULL_ANGLE
0,185.9866,t4599,LIDAR_ONLY,10.6798,10.6798,15.4762,4.7964,4.7964,30.9922,30.9922,0,0,10.63,0.97,cautious,-3.61,front,LIDAR_ONLY
0,186.0439,cam_2,CAM_ONLY,19.2572,,15.4762,3.7809,,24.4306,,0,,10.58,1.19,warning,,,CAMERA_ONLY
0,186.0439,t4603,LIDAR_ONLY,11.6542,11.6542,15.4762,3.8221,3.8221,24.6963,24.6963,0,0,10.58,1.19,cautious,26.53,front,LIDAR_ONLY
0,186.0439,t4603,LIDAR_ONLY,12.7180,12.7180,15.4762,2.7582,2.7582,17.8222,17.8222,0,0,10.58,1.19,cautious,18.33,front,LIDAR_ONLY
0,186.0995,cam_2,CAM_ONLY,19.2962,,15.4762,3.8200,,24.6830,,0,,11.64,1.15,warning,,,CAMERA_ONLY
0,186.1522,cam_2,CAM_ONLY,19.7059,,15.4762,4.2297,,27.3303,,0,,9.16,1.01,warning,,,CAMERA_ONLY
0,186.2076,cam_2,CAM_ONLY,19.3987,,15.4762,3.9225,,25.3453,,0,,11.32,1.09,warning,,,CAMERA_ONLY
0,186.2602,cam_2,CAM_ONLY,19.2531,,15.4762,3.7769,,24.4047,,0,,10.06,1.04,warning,,,CAMERA_ONLY
0,186.3203,cam_2,CAM_ONLY,19.2439,,15.4762,3.7677,,24.3451,,0,,15.43,0.81,warning,,,CAMERA_ONLY
0,186.3766,t4609,BOTH,19.2948,10.3801,15.4762,3.8186,5.0962,24.6738,32.9290,0,0,10.51,0.77,warning,,,FULL_ANGLE
0,186.4339,t4609,BOTH,19.3688,10.3934,15.4762,3.8926,5.0828,25.1520,32.8427,0,0,11.04,0.94,warning,,,FULL_ANGLE
0,186.4339,t4609,LIDAR_ONLY,10.3961,10.3961,15.4762,5.0801,5.0801,32.8252,32.8252,0,0,11.04,0.94,cautious,5.91,front,LIDAR_ONLY
0,186.4893,cam_2,CAM_ONLY,19.2242,,15.4762,3.7479,,24.2174,,0,,9.18,1.15,warning,,,CAMERA_ONLY
0,186.4893,t4613,LIDAR_ONLY,11.1788,11.1788,15.4762,4.2974,4.2974,27.7676,27.7676,0,0,9.18,1.15,cautious,27.47,front,LIDAR_ONLY
0,186.5503,cam_2,CAM_ONLY,19.6445,,15.4762,4.1683,,26.9333,,0,,13.59,1.13,warning,,,CAMERA_ONLY
0,186.6117,cam_2,CAM_ONLY,19.2862,,15.4762,3.8100,,24.6181,,0,,13.70,0.85,warning,,,CAMERA_ONLY
0,186.6679,cam_2,CAM_ONLY,19.3228,,15.4762,3.8466,,24.8548,,0,,10.71,0.93,warning,,,CAMERA_ONLY
0,186.7311,t4620,BOTH,19.2887,10.5467,15.4762,3.8125,4.9295,24.6345,31.8524,0,0,17.23,0.85,warning,,,FULL_ANGLE
0,186.7311,t4620,LIDAR_ONLY,10.5442,10.5442,15.4762,4.9320,4.9320,31.8685,31.8685,0,0,17.23,0.85,cautious,-3.24,front,LIDAR_ONLY
0,186.7894,t4620,BOTH,19.2404,10.5493,15.4762,3.7642,4.9270,24.3224,31.8357,0,0,13.94,1.22,warning,,,FULL_ANGLE
0,186.7894,t4622,LIDAR_ONLY,10.3553,10.3553,15.4762,5.1209,5.1209,33.0889,33.0889,0,0,13.94,1.22,cautious,29.33,front,LIDAR_ONLY
0,186.7894,t4624,LIDAR_ONLY,22.8460,22.8460,15.4762,7.3698,7.3698,47.6199,47.6199,0,0,13.94,1.22,drive,16.77,front,LIDAR_ONLY
0,186.7894,t4624,LIDAR_ONLY,19.7735,19.7735,15.4762,4.2972,4.2972,27.7667,27.7667,0,0,13.94,1.22,drive,20.96,front,LIDAR_ONLY
0,186.7894,t4620,LIDAR_ONLY,10.5293,10.5293,15.4762,4.9469,4.9469,31.9645,31.9645,0,0,13.94,1.22,cautious,4.22,front,LIDAR_ONLY
0,186.7894,t4624,LIDAR_ONLY,17.0832,17.0832,15.4762,1.6070,1.6070,10.3834,10.3834,0,0,13.94,1.22,drive,25.14,front,LIDAR_ONLY
0,186.7894,t4620,LIDAR_ONLY,10.5302,10.5302,15.4762,4.9460,4.9460,31.9585,31.9585,0,0,13.94,1.22,cautious,-4.15,front,LIDAR_ONLY
0,186.8490,cam_2,CAM_ONLY,19.6219,,15.4762,4.1456,,26.7872,,0,,12.62,1.17,warning,,,CAMERA_ONLY
0,186.9078,cam_2,CAM_ONLY,19.2603,,15.4762,3.7841,,24.4512,,0,,12.19,1.14,warning,,,CAMERA_ONLY
0,186.9645,cam_2,CAM_ONLY,19.2759,,15.4762,3.7997,,24.5519,,0,,15.95,0.94,warning,,,CAMERA_ONLY
0,187.0271,cam_2,CAM_ONLY,19.2252,,15.4762,3.7490,,24.2242,,0,,15.02,0.81,warning,,,CAMERA_ONLY
0,187.0969,t4633,BOTH,19.1994,10.3783,15.4762,3.7231,5.0979,24.0572,32.9401,0,0,19.23,3.07,warning,,,FULL_ANGLE
0,187.0969,t4632,LIDAR_ONLY,18.9702,18.9702,15.4762,3.4940,3.4940,22.5766,22.5766,0,0,19.23,3.07,drive,18.66,front,LIDAR_ONLY
0,187.0969,t4632,LIDAR_ONLY,17.1034,17.1034,15.4762,1.6272,1.6272,10.5142,10.5142,0,0,19.23,3.07,drive,22.87,front,LIDAR_ONLY
0,187.0969,t4632,LIDAR_ONLY,14.6215,14.6215,15.4762,0.8547,0.8547,5.5225,5.5225,1,1,19.23,3.07,cautious,27.08,front,LIDAR_ONLY
0,187.1638,cam_2,CAM_ONLY,19.2259,,15.4762,3.7497,,24.2288,,0,,19.38,1.40,warning,,,CAMERA_ONLY
0,187.2152,cam_2,CAM_ONLY,19.7080,,15.4762,4.2318,,27.3438,,0,,10.54,0.93,warning,,,CAMERA_ONLY
0,187.2819,t4633,BOTH,19.3989,10.3789,15.4762,3.9227,5.0974,25.3465,32.9367,0,0,21.20,0.87,warning,,,FULL_ANGLE
0,187.2819,t4632,LIDAR_ONLY,15.0305,15.0305,15.4762,0.4457,0.4457,2.8800,2.8800,1,1,21.20,0.87,cautious,17.68,front,LIDAR_ONLY
0,187.2819,t4633,LIDAR_ONLY,10.3871,10.3871,15.4762,5.0891,5.0891,32.8837,32.8837,0,0,21.20,0.87,cautious,-3.00,front,LIDAR_ONLY
0,187.3428,cam_2,CAM_ONLY,19.2167,,15.4762,3.7405,,24.1695,,0,,14.22,1.23,warning,,,CAMERA_ONLY
0,187.3428,t4632,LIDAR_ONLY,14.9046,14.9046,15.4762,0.5716,0.5716,3.6935,3.6935,1,1,14.22,1.23,cautious,27.67,front,LIDAR_ONLY
0,187.3428,t4632,LIDAR_ONLY,13.7204,13.7204,15.4762,1.7558,1.7558,11.3452,11.3452,0,0,14.22,1.23,cautious,23.58,front,LIDAR_ONLY
0,187.3428,t4632,LIDAR_ONLY,13.8603,13.8603,15.4762,1.6159,1.6159,10.4410,10.4410,0,0,14.22,1.23,cautious,19.50,front,LIDAR_ONLY
0,187.4110,cam_2,CAM_ONLY,19.2249,,15.4762,3.7487,,24.2222,,0,,12.04,0.94,warning,,,CAMERA_ONLY
0,187.4696,cam_2,CAM_ONLY,19.2057,,15.4762,3.7295,,24.0985,,0,,11.28,1.06,warning,,,CAMERA_ONLY
0,187.5260,cam_2,CAM_ONLY,19.1845,,15.4762,3.7082,,23.9609,,0,,9.89,0.97,warning,,,CAMERA_ONLY
0,187.5801,cam_2,CAM_ONLY,19.3554,,15.4762,3.8792,,25.0654,,0,,9.44,0.95,warning,,,CAMERA_ONLY
0,187.6362,t4648,BOTH,19.6794,10.4634,15.4762,4.2032,5.0128,27.1591,32.3906,0,0,10.31,1.23,warning,,,FULL_ANGLE
0,187.6362,t4646,LIDAR_ONLY,12.2253,12.2253,15.4762,3.2509,3.2509,21.0057,21.0057,0,0,10.31,1.23,cautious,25.51,front,LIDAR_ONLY
0,187.6362,t4646,LIDAR_ONLY,12.6506,12.6506,15.4762,2.8256,2.8256,18.2580,18.2580,0,0,10.31,1.23,cautious,21.31,front,LIDAR_ONLY
0,187.6362,t4646,LIDAR_ONLY,12.2890,12.2890,15.4762,3.1872,3.1872,20.5944,20.5944,0,0,10.31,1.23,cautious,29.70,front,LIDAR_ONLY
0,187.6362,t4648,LIDAR_ONLY,10.3865,10.3865,15.4762,5.0897,5.0897,32.8873,32.8873,0,0,10.31,1.23,cautious,4.52,front,LIDAR_ONLY
0,187.6362,t4648,LIDAR_ONLY,10.4303,10.4303,15.4762,5.0459,5.0459,32.6044,32.6044,0,0,10.31,1.23,cautious,-3.88,front,LIDAR_ONLY
0,187.6913,cam_2,CAM_ONLY,19.2043,,15.4762,3.7281,,24.0892,,0,,10.35,1.27,warning,,,CAMERA_ONLY
0,187.6913,t4646,LIDAR_ONLY,11.5578,11.5578,15.4762,3.9185,3.9185,25.3192,25.3192,0,0,10.35,1.27,cautious,29.56,front,LIDAR_ONLY
0,187.6913,t4646,LIDAR_ONLY,11.6619,11.6619,15.4762,3.8144,3.8144,24.6465,24.6465,0,0,10.35,1.27,cautious,21.48,front,LIDAR_ONLY
0,187.6913,t4646,LIDAR_ONLY,12.0090,12.0090,15.4762,3.4672,3.4672,22.4036,22.4036,0,0,10.35,1.27,cautious,17.44,front,LIDAR_ONLY
0,187.6913,t4646,LIDAR_ONLY,12.0856,12.0856,15.4762,3.3906,3.3906,21.9084,21.9084,0,0,10.35,1.27,cautious,25.52,front,LIDAR_ONLY
0,187.7546,cam_2,CAM_ONLY,19.4219,,15.4762,3.9457,,25.4950,,0,,19.43,1.21,warning,,,CAMERA_ONLY
0,187.8112,cam_2,CAM_ONLY,19.2144,,15.4762,3.7382,,24.1544,,0,,12.90,0.92,warning,,,CAMERA_ONLY
0,187.8673,cam_2,CAM_ONLY,19.2083,,15.4762,3.7321,,24.1148,,0,,10.42,1.03,warning,,,CAMERA_ONLY
0,187.9216,cam_2,CAM_ONLY,19.2350,,15.4762,3.7588,,24.2877,,0,,12.70,0.98,warning,,,CAMERA_ONLY
0,187.9797,cam_2,CAM_ONLY,19.2071,,15.4762,3.7309,,24.1072,,0,,12.93,0.78,warning,,,CAMERA_ONLY
0,188.0398,cam_2,CAM_ONLY,19.6464,,15.4762,4.1701,,26.9454,,0,,11.16,1.18,warning,,,CAMERA_ONLY
0,188.0398,t4658,LIDAR_ONLY,11.8009,11.8009,15.4762,3.6753,3.6753,23.7479,23.7479,0,0,11.16,1.18,cautious,26.26,front,LIDAR_ONLY
0,188.0398,t4658,LIDAR_ONLY,12.1911,12.1911,15.4762,3.2852,3.2852,21.2271,21.2271,0,0,11.16,1.18,cautious,22.06,front,LIDAR_ONLY
0,188.0904,t4659,BOTH,19.6444,10.5551,15.4762,4.1682,4.9211,26.9331,31.7980,0,0,8.62,1.08,warning,,,FULL_ANGLE
0,188.0904,t4658,LIDAR_ONLY,12.2157,12.2157,15.4762,3.2606,3.2606,21.0682,21.0682,0,0,8.62,1.08,cautious,29.03,front,LIDAR_ONLY
0,188.0904,t4658,LIDAR_ONLY,12.2637,12.2637,15.4762,3.2125,3.2125,20.7578,20.7578,0,0,8.62,1.08,cautious,24.81,front,LIDAR_ONLY
0,188.0904,t4658,LIDAR_ONLY,12.4699,12.4699,15.4762,3.0063,3.0063,19.4251,19.4251,0,0,8.62,1.08,cautious,20.59,front,LIDAR_ONLY
0,188.0904,t4659,LIDAR_ONLY,10.4880,10.4880,15.4762,4.9882,4.9882,32.2314,32.2314,0,0,8.62,1.08,cautious,3.69,front,LIDAR_ONLY
0,188.1454,cam_2,CAM_ONLY,19.3276,,15.4762,3.8514,,24.8856,,0,,10.73,1.20,warning,,,CAMERA_ONLY
0,188.1454,t4658,LIDAR_ONLY,12.5962,12.5962,15.4762,2.8800,2.8800,18.6091,18.6091,0,0,10.73,1.20,cautious,28.10,front,LIDAR_ONLY
0,188.1988,cam_2,CAM_ONLY,19.2704,,15.4762,3.7942,,24.5165,,0,,10.03,0.97,warning,,,CAMERA_ONLY
0,188.2545,cam_2,CAM_ONLY,19.1957,,15.4762,3.7195,,24.0335,,0,,9.95,1.30,warning,,,CAMERA_ONLY
0,188.3107,cam_2,CAM_ONLY,19.3654,,15.4762,3.8892,,25.1299,,0,,12.25,0.85,warning,,,CAMERA_ONLY
0,188.3794,cam_2,CAM_ONLY,19.2806,,15.4762,3.8044,,24.5820,,0,,13.94,0.72,warning,,,CAMERA_ONLY
0,188.4398,t4664,BOTH,19.3013,10.4434,15.4762,3.8251,5.0328,24.7160,32.5198,0,0,12.17,1.09,warning,,,FULL_ANGLE
0,188.4398,t4663,LIDAR_ONLY,13.8520,13.8520,15.4762,1.6242,1.6242,10.4947,10.4947,0,0,12.17,1.09,cautious,23.08,front,LIDAR_ONLY
0,188.4398,t4663,LIDAR_ONLY,12.6924,12.6924,15.4762,2.7838,2.7838,17.9878,17.9878,0,0,12.17,1.09,cautious,27.18,front,LIDAR_ONLY
0,188.4398,t4664,LIDAR_ONLY,10.4925,10.4925,15.4762,4.9838,4.9838,32.2027,32.2027,0,0,12.17,1.09,cautious,-1.53,front,LIDAR_ONLY
0,188.4398,t4664,LIDAR_ONLY,10.4079,10.4079,15.4762,5.0683,5.0683,32.7490,32.7490,0,0,12.17,1.09,cautious,6.67,front,LIDAR_ONLY
0,188.5170,cam_2,CAM_ONLY,19.6339,,15.4762,4.1577,,26.8652,,0,,23.73,1.04,warning,,,CAMERA_ONLY
0,188.5843,t4664,BOTH,19.2141,10.4165,15.4762,3.7379,5.0597,24.1528,32.6935,0,0,20.35,1.22,warning,,,FULL_ANGLE
0,188.5843,t4663,LIDAR_ONLY,12.7870,12.7870,15.4762,2.6892,2.6892,17.3766,17.3766,0,0,20.35,1.22,cautious,23.55,front,LIDAR_ONLY
0,188.5843,t4663,LIDAR_ONLY,12.4172,12.4172,15.4762,3.0590,3.0590,19.7658,19.7658,0,0,20.35,1.22,cautious,27.62,front,LIDAR_ONLY
0,188.5843,t4663,LIDAR_ONLY,12.6682,12.6682,15.4762,2.8081,2.8081,18.1443,18.1443,0,0,20.35,1.22,cautious,19.47,front,LIDAR_ONLY
0,188.5843,t4664,LIDAR_ONLY,10.4238,10.4238,15.4762,5.0524,5.0524,32.6464,32.6464,0,0,20.35,1.22,cautious,-0.92,front,LIDAR_ONLY
0,188.6452,cam_2,CAM_ONLY,19.2128,,15.4762,3.7366,,24.1440,,0,,11.74,1.36,warning,,,CAMERA_ONLY
0,188.6452,t4670,LIDAR_ONLY,10.2293,10.2293,15.4762,5.2469,5.2469,33.9029,33.9029,0,0,11.74,1.36,cautious,29.64,front,LIDAR_ONLY
0,188.7049,cam_2,CAM_ONLY,19.2944,,15.4762,3.8181,,24.6710,,0,,12.47,1.17,warning,,,CAMERA_ONLY
0,188.7676,cam_2,CAM_ONLY,19.2307,,15.4762,3.7545,,24.2596,,0,,12.28,0.90,warning,,,CAMERA_ONLY
0,188.8515,cam_2,CAM_ONLY,19.2383,,15.4762,3.7621,,24.3089,,0,,22.93,1.23,warning,,,CAMERA_ONLY
0,188.8515,t4670,LIDAR_ONLY,10.6065,10.6065,15.4762,4.8697,4.8697,31.4656,31.4656,0,0,22.93,1.23,cautious,23.23,front,LIDAR_ONLY
0,188.8515,t4670,LIDAR_ONLY,10.8457,10.8457,15.4762,4.6305,4.6305,29.9203,29.9203,0,0,22.93,1.23,cautious,27.38,front,LIDAR_ONLY
0,188.9037,cam_2,CAM_ONLY,19.2062,,15.4762,3.7300,,24.1015,,0,,9.72,1.26,warning,,,CAMERA_ONLY
0,188.9626,cam_2,CAM_ONLY,19.2819,,15.4762,3.8057,,24.5904,,0,,14.76,1.05,warning,,,CAMERA_ONLY
0,189.0317,cam_2,CAM_ONLY,19.3298,,15.4762,3.8536,,24.9002,,0,,17.39,1.22,warning,,,CAMERA_ONLY
0,189.0972,cam_2,CAM_ONLY,19.3624,,15.4762,3.8862,,25.1108,,0,,15.66,1.18,warning,,,CAMERA_ONLY
0,189.1643,cam_2,CAM_ONLY,19.2284,,15.4762,3.7521,,24.2445,,0,,18.90,1.01,warning,,,CAMERA_ONLY
0,189.2250,cam_2,CAM_ONLY,19.6924,,15.4762,4.2162,,27.2430,,0,,16.93,0.90,warning,,,CAMERA_ONLY
0,189.2838,t4682,BOTH,19.3541,10.4925,15.4762,3.8779,4.9837,25.0574,32.2023,0,0,18.94,0.99,warning,,,FULL_ANGLE
0,189.2838,t4681,LIDAR_ONLY,13.1939,13.1939,15.4762,2.2823,2.2823,14.7472,14.7472,0,0,18.94,0.99,cautious,23.98,front,LIDAR_ONLY
0,189.2838,t4681,LIDAR_ONLY,13.5659,13.5659,15.4762,1.9103,1.9103,12.3434,12.3434,0,0,18.94,0.99,cautious,19.98,front,LIDAR_ONLY
0,189.2838,t4681,LIDAR_ONLY,13.5482,13.5482,15.4762,1.9280,1.9280,12.4580,12.4580,0,0,18.94,0.99,cautious,27.99,front,LIDAR_ONLY
0,189.2838,t4682,LIDAR_ONLY,10.5713,10.5713,15.4762,4.9049,4.9049,31.6933,31.6933,0,0,18.94,0.99,cautious,-4.02,front,LIDAR_ONLY
0,189.2838,t4682,LIDAR_ONLY,10.4372,10.4372,15.4762,5.0390,5.0390,32.5594,32.5594,0,0,18.94,0.99,cautious,3.98,front,LIDAR_ONLY
0,189.3438,t4682,BOTH,19.2612,10.4359,15.4762,3.7850,5.0403,24.4568,32.5683,0,0,13.99,1.32,warning,,,FULL_ANGLE
0,189.3438,t4681,LIDAR_ONLY,12.5709,12.5709,15.4762,2.9054,2.9054,18.7730,18.7730,0,0,13.99,1.32,cautious,29.54,front,LIDAR_ONLY
0,189.3438,t4681,LIDAR_ONLY,12.7522,12.7522,15.4762,2.7240,2.7240,17.6010,17.6010,0,0,13.99,1.32,cautious,21.43,front,LIDAR_ONLY
0,189.3438,t4681,LIDAR_ONLY,13.2640,13.2640,15.4762,2.2122,2.2122,14.2944,14.2944,0,0,13.99,1.32,cautious,17.37,front,LIDAR_ONLY
0,189.3438,t4681,LIDAR_ONLY,13.4000,13.4000,15.4762,2.0762,2.0762,13.4155,13.4155,0,0,13.99,1.32,cautious,25.48,front,LIDAR_ONLY
0,189.4156,cam_2,CAM_ONLY,19.5170,,15.4762,4.0408,,26.1096,,0,,23.89,1.64,warning,,,CAMERA_ONLY
0,189.4741,cam_2,CAM_ONLY,19.3137,,15.4762,3.8375,,24.7959,,0,,17.45,1.03,warning,,,CAMERA_ONLY
0,189.5292,cam_2,CAM_ONLY,19.1807,,15.4762,3.7045,,23.9366,,0,,9.54,0.80,warning,,,CAMERA_ONLY
0,189.5877,t4691,BOTH,19.2541,10.5206,15.4762,3.7779,4.9556,24.4111,32.0207,0,0,12.92,1.16,warning,,,FULL_ANGLE
0,189.5877,t4690,LIDAR_ONLY,13.4555,13.4555,15.4762,2.0207,2.0207,13.0570,13.0570,0,0,12.92,1.16,cautious,23.61,front,LIDAR_ONLY
0,189.5877,t4690,LIDAR_ONLY,14.1734,14.1734,15.4762,1.3029,1.3029,8.4185,8.4185,0,0,12.92,1.16,cautious,19.40,front,LIDAR_ONLY
0,189.5877,t4690,LIDAR_ONLY,14.0978,14.0978,15.4762,1.3784,1.3784,8.9065,8.9065,0,0,12.92,1.16,cautious,27.83,front,LIDAR_ONLY
0,189.5877,t4691,LIDAR_ONLY,10.5888,10.5888,15.4762,4.8875,4.8875,31.5804,31.5804,0,0,12.92,1.16,cautious,-1.70,front,LIDAR_ONLY
0,189.6443,cam_2,CAM_ONLY,19.3268,,15.4762,3.8506,,24.8804,,0,,10.11,1.48,warning,,,CAMERA_ONLY
0,189.6443,t4690,LIDAR_ONLY,14.2309,14.2309,15.4762,1.2453,1.2453,8.0463,8.0463,0,0,10.11,1.48,cautious,20.63,front,LIDAR_ONLY
0,189.6443,t4690,LIDAR_ONLY,14.1195,14.1195,15.4762,1.3568,1.3568,8.7667,8.7667,0,0,10.11,1.48,cautious,24.87,front,LIDAR_ONLY
0,189.6443,t4690,LIDAR_ONLY,13.3309,13.3309,15.4762,2.1453,2.1453,13.8621,13.8621,0,0,10.11,1.48,cautious,29.11,front,LIDAR_ONLY
0,189.7059,cam_2,CAM_ONLY,19.1656,,15.4762,3.6894,,23.8392,,0,,16.79,1.25,warning,,,CAMERA_ONLY
0,189.7629,cam_2,CAM_ONLY,19.1611,,15.4762,3.6849,,23.8101,,0,,10.43,0.94,warning,,,CAMERA_ONLY
0,189.8190,cam_2,CAM_ONLY,19.2500,,15.4762,3.7738,,24.3846,,0,,11.75,0.98,warning,,,CAMERA_ONLY
0,189.8754,t4700,BOTH,19.2785,10.4261,15.4762,3.8022,5.0501,24.5683,32.6314,0,0,14.28,0.99,warning,,,FULL_ANGLE
0,189.8754,t4700,LIDAR_ONLY,10.4534,10.4534,15.4762,5.0228,5.0228,32.4552,32.4552,0,0,14.28,0.99,cautious,-2.70,front,LIDAR_ONLY
0,189.9430,t4700,BOTH,19.3481,10.4799,15.4762,3.8719,4.9963,25.0182,32.2836,0,0,18.14,1.25,warning,,,FULL_ANGLE
0,189.9430,t4704,LIDAR_ONLY,13.9153,13.9153,15.4762,1.5609,1.5609,10.0858,10.0858,0,0,18.14,1.25,cautious,23.00,front,LIDAR_ONLY
0,189.9430,t4704,LIDAR_ONLY,12.7570,12.7570,15.4762,2.7192,2.7192,17.5701,17.5701,0,0,18.14,1.25,cautious,27.05,front,LIDAR_ONLY
0,189.9430,t4704,LIDAR_ONLY,13.1211,13.1211,15.4762,2.3552,2.3552,15.2179,15.2179,0,0,18.14,1.25,cautious,18.95,front,LIDAR_ONLY
0,189.9430,t4700,LIDAR_ONLY,10.4696,10.4696,15.4762,5.0066,5.0066,32.3505,32.3505,0,0,18.14,1.25,cautious,-1.32,front,LIDAR_ONLY
0,189.9430,t4700,LIDAR_ONLY,10.4822,10.4822,15.4762,4.9940,4.9940,32.2687,32.2687,0,0,18.14,1.25,cautious,6.79,front,LIDAR_ONLY
0,190.0055,cam_2,CAM_ONLY,19.6565,,15.4762,4.1802,,27.0107,,0,,15.02,1.09,warning,,,CAMERA_ONLY
0,190.0626,cam_2,CAM_ONLY,19.8179,,15.4762,4.3417,,28.0542,,0,,13.36,0.98,warning,,,CAMERA_ONLY
0,190.1202,cam_2,CAM_ONLY,19.3705,,15.4762,3.8942,,25.1627,,0,,10.04,0.79,warning,,,CAMERA_ONLY
0,190.1807,cam_2,CAM_ONLY,19.2103,,15.4762,3.7340,,24.1276,,0,,15.58,0.88,warning,,,CAMERA_ONLY
0,190.2475,cam_2,CAM_ONLY,19.4830,,15.4762,4.0068,,25.8897,,0,,15.31,0.96,warning,,,CAMERA_ONLY
0,190.3054,cam_2,CAM_ONLY,19.1029,,15.4762,3.6267,,23.4339,,0,,10.31,1.20,warning,,,CAMERA_ONLY
0,190.3612,cam_2,CAM_ONLY,19.1410,,15.4762,3.6648,,23.6800,,0,,10.52,1.26,warning,,,CAMERA_ONLY
0,190.4177,cam_2,CAM_ONLY,19.0395,,15.4762,3.5633,,23.0241,,0,,12.77,0.81,warning,,,CAMERA_ONLY
0,190.4177,cam_2,CAM_ONLY,20.9442,,15.4762,5.4680,,35.3314,,0,,12.77,0.81,safe,,,CAMERA_ONLY
0,190.4739,cam_2,CAM_ONLY,18.9999,,15.4762,3.5237,,22.7684,,0,,9.41,0.79,warning,,,CAMERA_ONLY
0,190.4739,cam_2,CAM_ONLY,21.1781,,15.4762,5.7019,,36.8427,,0,,9.41,0.79,safe,,,CAMERA_ONLY
0,190.5284,cam_2,CAM_ONLY,19.2654,,15.4762,3.7892,,24.4840,,0,,10.40,0.85,warning,,,CAMERA_ONLY
0,190.5284,cam_2,CAM_ONLY,21.1566,,15.4762,5.6804,,36.7041,,0,,10.40,0.85,safe,,,CAMERA_ONLY
0,190.5820,cam_2,CAM_ONLY,19.2008,,15.4762,3.7246,,24.0665,,0,,9.74,0.81,warning,,,CAMERA_ONLY
0,190.5820,cam_2,CAM_ONLY,21.2665,,15.4762,5.7902,,37.4138,,0,,9.74,0.81,safe,,,CAMERA_ONLY
0,190.6441,cam_2,CAM_ONLY,19.2407,,15.4762,3.7645,,24.3243,,0,,12.97,1.38,warning,,,CAMERA_ONLY
0,190.6441,t4721,LIDAR_ONLY,12.6582,12.6582,15.4762,2.8180,2.8180,18.2087,18.2087,0,0,12.97,1.38,cautious,24.80,front,LIDAR_ONLY
0,190.6441,t4721,LIDAR_ONLY,11.6760,11.6760,15.4762,3.8002,3.8002,24.5551,24.5551,0,0,12.97,1.38,cautious,28.95,front,LIDAR_ONLY
0,190.6441,t4721,LIDAR_ONLY,11.9558,11.9558,15.4762,3.5205,3.5205,22.7475,22.7475,0,0,12.97,1.38,cautious,20.64,front,LIDAR_ONLY
0,190.7003,cam_2,CAM_ONLY,19.5938,,15.4762,4.1175,,26.6056,,0,,9.42,1.31,warning,,,CAMERA_ONLY
0,190.7558,cam_2,CAM_ONLY,19.3811,,15.4762,3.9048,,25.2312,,0,,12.46,1.18,warning,,,CAMERA_ONLY
0,190.8285,cam_2,CAM_ONLY,19.7126,,15.4762,4.2364,,27.3733,,0,,13.66,1.05,warning,,,CAMERA_ONLY
0,190.8942,cam_2,CAM_ONLY,19.6727,,15.4762,4.1964,,27.1154,,0,,13.73,1.15,warning,,,CAMERA_ONLY
0,190.9564,cam_2,CAM_ONLY,20.1034,,15.4762,4.6272,,29.8987,,0,,12.38,1.26,safe,,,CAMERA_ONLY
0,191.0169,cam_2,CAM_ONLY,19.8464,,15.4769,4.3696,,28.2329,,0,,10.00,0.94,warning,,,CAMERA_ONLY
0,191.0702,cam_2,CAM_ONLY,19.3408,,15.4770,3.8638,,24.9647,,0,,10.23,1.09,warning,,,CAMERA_ONLY
0,191.1292,cam_2,CAM_ONLY,19.1681,,15.4770,3.6911,,23.8490,,0,,10.25,1.13,warning,,,CAMERA_ONLY
0,191.2018,cam_2,CAM_ONLY,19.1502,,15.4770,3.6732,,23.7330,,0,,14.36,1.16,warning,,,CAMERA_ONLY
0,191.2550,cam_2,CAM_ONLY,19.0898,,15.4770,3.6128,,23.3428,,0,,11.47,1.19,warning,,,CAMERA_ONLY
0,191.3233,cam_2,CAM_ONLY,19.1918,,15.4770,3.7148,,24.0018,,0,,19.42,1.46,warning,,,CAMERA_ONLY
0,191.3762,cam_2,CAM_ONLY,19.3244,,15.4770,3.8474,,24.8589,,0,,9.21,0.98,warning,,,CAMERA_ONLY
0,191.4341,cam_2,CAM_ONLY,19.1743,,15.4770,3.6973,,23.8888,,0,,10.45,1.10,warning,,,CAMERA_ONLY
0,191.4968,cam_2,CAM_ONLY,19.2180,,15.4770,3.7410,,24.1713,,0,,20.89,1.34,warning,,,CAMERA_ONLY
0,191.4968,t4747,LIDAR_ONLY,14.3804,14.3804,15.4770,1.0966,1.0966,7.0855,7.0855,0,0,20.89,1.34,cautious,22.42,front,LIDAR_ONLY
0,191.4968,t4747,LIDAR_ONLY,12.4849,12.4849,15.4770,2.9921,2.9921,19.3325,19.3325,0,0,20.89,1.34,cautious,26.48,front,LIDAR_ONLY
0,191.5595,cam_2,CAM_ONLY,19.1725,,15.4770,3.6955,,23.8774,,0,,16.33,0.90,warning,,,CAMERA_ONLY
0,191.6138,cam_2,CAM_ONLY,19.4717,,15.4770,3.9947,,25.8107,,0,,15.72,0.81,warning,,,CAMERA_ONLY
0,191.6737,cam_2,CAM_ONLY,19.3777,,15.4770,3.9006,,25.2028,,0,,17.61,1.04,warning,,,CAMERA_ONLY
0,191.7512,cam_2,CAM_ONLY,19.2231,,15.4770,3.7461,,24.2045,,0,,19.34,1.21,warning,,,CAMERA_ONLY
0,191.8142,cam_2,CAM_ONLY,19.2635,,15.4770,3.7865,,24.4654,,0,,15.05,1.03,warning,,,CAMERA_ONLY
0,191.8731,cam_2,CAM_ONLY,19.6675,,15.4770,4.1905,,27.0755,,0,,13.35,1.22,warning,,,CAMERA_ONLY
0,191.9387,t4759,BOTH,19.3192,10.5624,15.4770,3.8422,4.9147,24.8255,31.7545,0,0,16.22,1.16,warning,,,FULL_ANGLE
0,191.9387,t4758,LIDAR_ONLY,13.2172,13.2172,15.4770,2.2598,2.2598,14.6012,14.6012,0,0,16.22,1.16,cautious,23.95,front,LIDAR_ONLY
0,191.9387,t4758,LIDAR_ONLY,12.0610,12.0610,15.4770,3.4160,3.4160,22.0716,22.0716,0,0,16.22,1.16,cautious,28.01,front,LIDAR_ONLY
0,191.9387,t4758,LIDAR_ONLY,12.3574,12.3574,15.4770,3.1196,3.1196,20.1565,20.1565,0,0,16.22,1.16,cautious,19.89,front,LIDAR_ONLY
0,191.9387,t4759,LIDAR_ONLY,10.5888,10.5888,15.4770,4.8882,4.8882,31.5838,31.5838,0,0,16.22,1.16,cautious,-4.48,front,LIDAR_ONLY
0,191.9387,t4759,LIDAR_ONLY,10.4993,10.4993,15.4770,4.9777,4.9777,32.1621,32.1621,0,0,16.22,1.16,cautious,3.65,front,LIDAR_ONLY
0,191.9990,cam_2,CAM_ONLY,19.1991,,15.4770,3.7221,,24.0491,,0,,13.46,1.11,warning,,,CAMERA_ONLY
0,192.0793,cam_2,CAM_ONLY,19.2539,,15.4770,3.7769,,24.4031,,0,,19.97,2.56,warning,,,CAMERA_ONLY
0,192.1369,t4759,BOTH,19.5606,10.4622,15.4770,4.0836,5.0148,26.3847,32.4016,0,0,16.63,0.97,warning,,,FULL_ANGLE
0,192.1369,t4758,LIDAR_ONLY,12.9709,12.9709,15.4770,2.5061,2.5061,16.1927,16.1927,0,0,16.63,0.97,cautious,17.44,front,LIDAR_ONLY
0,192.1369,t4758,LIDAR_ONLY,13.4620,13.4620,15.4770,2.0150,2.0150,13.0192,13.0192,0,0,16.63,0.97,cautious,21.45,front,LIDAR_ONLY
0,192.1369,t4758,LIDAR_ONLY,13.7905,13.7905,15.4770,1.6865,1.6865,10.8969,10.8969,0,0,16.63,0.97,cautious,25.46,front,LIDAR_ONLY
0,192.1369,t4759,LIDAR_ONLY,10.4690,10.4690,15.4770,5.0081,5.0081,32.3581,32.3581,0,0,16.63,0.97,cautious,5.41,front,LIDAR_ONLY
0,192.2062,cam_2,CAM_ONLY,19.8186,,15.4770,4.3416,,28.0516,,0,,16.69,1.34,warning,,,CAMERA_ONLY
0,192.2712,cam_2,CAM_ONLY,19.8755,,15.4770,4.3985,,28.4195,,0,,18.47,1.12,warning,,,CAMERA_ONLY
0,192.3350,t4759,BOTH,19.8791,10.4410,15.4770,4.4021,5.0360,28.4428,32.5385,0,0,13.86,1.12,warning,,,FULL_ANGLE
0,192.3350,t4758,LIDAR_ONLY,14.1766,14.1766,15.4770,1.3004,1.3004,8.4023,8.4023,0,0,13.86,1.12,cautious,24.60,front,LIDAR_ONLY
0,192.3350,t4758,LIDAR_ONLY,14.0241,14.0241,15.4770,1.4529,1.4529,9.3873,9.3873,0,0,13.86,1.12,cautious,28.82,front,LIDAR_ONLY
0,192.3350,t4764,LIDAR_ONLY,24.4746,24.4746,15.4770,8.9976,8.9976,58.1355,58.1355,0,0,13.86,1.12,drive,16.17,front,LIDAR_ONLY
0,192.3350,t4759,LIDAR_ONLY,10.4628,10.4628,15.4770,5.0142,5.0142,32.3978,32.3978,0,0,13.86,1.12,cautious,-4.92,front,LIDAR_ONLY
0,192.3350,t4759,LIDAR_ONLY,10.4494,10.4494,15.4770,5.0276,5.0276,32.4846,32.4846,0,0,13.86,1.12,cautious,3.51,front,LIDAR_ONLY
0,192.3350,t4764,LIDAR_ONLY,20.4301,20.4301,15.4770,4.9531,4.9531,32.0027,32.0027,0,0,13.86,1.12,drive,20.39,front,LIDAR_ONLY
0,192.3866,t4759,BOTH,20.0556,10.4916,15.4770,4.5786,4.9854,29.5833,32.2116,0,0,10.69,0.95,safe,,,FULL_ANGLE
0,192.3866,t4764,LIDAR_ONLY,17.4061,17.4061,15.4770,1.9291,1.9291,12.4642,12.4642,0,0,10.69,0.95,drive,22.38,front,LIDAR_ONLY
0,192.3866,t4759,LIDAR_ONLY,10.4728,10.4728,15.4770,5.0042,5.0042,32.3330,32.3330,0,0,10.69,0.95,cautious,-2.56,front,LIDAR_ONLY
0,192.3866,t4759,LIDAR_ONLY,10.4940,10.4940,15.4770,4.9830,4.9830,32.1961,32.1961,0,0,10.69,0.95,cautious,5.76,front,LIDAR_ONLY
0,192.4441,cam_2,CAM_ONLY,19.8923,,15.4776,4.4147,,28.5231,,0,,10.24,1.24,warning,,,CAMERA_ONLY
0,192.4441,t4758,LIDAR_ONLY,12.5654,12.5654,15.4776,2.9122,2.9122,18.8157,18.8157,0,0,10.24,1.24,cautious,26.90,front,LIDAR_ONLY
0,192.4441,t4764,LIDAR_ONLY,16.5920,16.5920,15.4776,1.1143,1.1143,7.1996,7.1996,0,0,10.24,1.24,drive,22.68,front,LIDAR_ONLY
0,192.5036,cam_2,CAM_ONLY,19.5449,,15.4778,4.0671,,26.2769,,0,,13.29,1.17,warning,,,CAMERA_ONLY
0,192.5659,cam_2,CAM_ONLY,19.6551,,15.4778,4.1773,,26.9891,,0,,16.88,1.02,warning,,,CAMERA_ONLY
0,192.6341,cam_2,CAM_ONLY,19.3731,,15.4778,3.8953,,25.1671,,0,,20.99,0.76,warning,,,CAMERA_ONLY
0,192.6893,cam_2,CAM_ONLY,19.4006,,15.4778,3.9228,,25.3447,,0,,11.22,1.05,warning,,,CAMERA_ONLY
0,192.7470,cam_2,CAM_ONLY,19.0625,,15.4778,3.5847,,23.1602,,0,,12.85,1.90,warning,,,CAMERA_ONLY
0,192.7470,t4776,LIDAR_ONLY,13.6005,13.6005,15.4778,1.8773,1.8773,12.1292,12.1292,0,0,12.85,1.90,cautious,23.42,front,LIDAR_ONLY
0,192.7470,t4776,LIDAR_ONLY,12.5234,12.5234,15.4778,2.9544,2.9544,19.0883,19.0883,0,0,12.85,1.90,cautious,27.62,front,LIDAR_ONLY
0,192.7470,t4776,LIDAR_ONLY,12.8127,12.8127,15.4778,2.6651,2.6651,17.2189,17.2189,0,0,12.85,1.90,cautious,19.22,front,LIDAR_ONLY
0,192.8071,cam_2,CAM_ONLY,18.9959,,15.4778,3.5180,,22.7296,,0,,14.24,1.16,warning,,,CAMERA_ONLY
0,192.8708,cam_2,CAM_ONLY,19.0379,,15.4778,3.5601,,23.0012,,0,,15.09,1.10,warning,,,CAMERA_ONLY
0,192.9399,t4781,BOTH,19.1614,10.5578,15.4778,3.6836,4.9200,23.7995,31.7876,0,0,21.95,2.53,warning,,,FULL_ANGLE
0,192.9399,t4776,LIDAR_ONLY,12.8409,12.8409,15.4778,2.6369,2.6369,17.0370,17.0370,0,0,21.95,2.53,cautious,26.23,front,LIDAR_ONLY
0,192.9399,t4776,LIDAR_ONLY,12.9145,12.9145,15.4778,2.5633,2.5633,16.5611,16.5611,0,0,21.95,2.53,cautious,22.09,front,LIDAR_ONLY
0,192.9399,t4776,LIDAR_ONLY,13.2561,13.2561,15.4778,2.2217,2.2217,14.3544,14.3544,0,0,21.95,2.53,cautious,17.96,front,LIDAR_ONLY
0,192.9399,t4781,LIDAR_ONLY,10.6085,10.6085,15.4778,4.8693,4.8693,31.4599,31.4599,0,0,21.95,2.53,cautious,-2.72,front,LIDAR_ONLY
0,192.9994,cam_2,CAM_ONLY,19.0936,,15.4778,3.6158,,23.3611,,0,,13.45,1.18,warning,,,CAMERA_ONLY
0,193.0547,cam_2,CAM_ONLY,19.2760,,15.4778,3.7982,,24.5394,,0,,8.78,1.58,warning,,,CAMERA_ONLY
0,193.0547,t4785,LIDAR_ONLY,10.1781,10.1781,15.4778,5.2997,5.2997,34.2408,34.2408,0,0,8.78,1.58,cautious,29.77,front,LIDAR_ONLY
0,193.1117,cam_2,CAM_ONLY,19.1293,,15.4778,3.6515,,23.5916,,0,,13.48,0.88,warning,,,CAMERA_ONLY
0,193.1939,t4788,BOTH,19.1288,10.5797,15.4778,3.6510,4.8981,23.5888,31.6462,0,0,16.26,1.38,warning,,,FULL_ANGLE
0,193.1939,t4785,LIDAR_ONLY,10.5587,10.5587,15.4778,4.9192,4.9192,31.7820,31.7820,0,0,16.26,1.38,cautious,24.02,front,LIDAR_ONLY
0,193.1939,t4785,LIDAR_ONLY,10.7868,10.7868,15.4778,4.6910,4.6910,30.3081,30.3081,0,0,16.26,1.38,cautious,28.11,front,LIDAR_ONLY
0,193.1939,t4787,LIDAR_ONLY,25.4913,25.4913,15.4778,10.0135,10.0135,64.6960,64.6960,0,0,16.26,1.38,drive,15.83,front,LIDAR_ONLY
0,193.1939,t4787,LIDAR_ONLY,19.8337,19.8337,15.4778,4.3559,4.3559,28.1426,28.1426,0,0,16.26,1.38,drive,19.92,front,LIDAR_ONLY
0,193.1939,t4788,LIDAR_ONLY,10.5042,10.5042,15.4778,4.9736,4.9736,32.1338,32.1338,0,0,16.26,1.38,cautious,3.54,front,LIDAR_ONLY
0,193.2575,cam_2,CAM_ONLY,19.0301,,15.4778,3.5523,,22.9510,,0,,13.18,0.98,warning,,,CAMERA_ONLY
0,193.3098,cam_2,CAM_ONLY,19.1205,,15.4778,3.6427,,23.5349,,0,,9.60,1.14,warning,,,CAMERA_ONLY
0,193.3753,cam_2,CAM_ONLY,19.1870,,15.4778,3.7092,,23.9645,,0,,11.46,1.09,warning,,,CAMERA_ONLY
0,193.4336,t4796,BOTH,19.1499,10.5163,15.4778,3.6721,4.9615,23.7250,32.0559,0,0,15.05,0.85,warning,,,FULL_ANGLE
0,193.4336,t4795,LIDAR_ONLY,16.4262,16.4262,15.4778,0.9483,0.9483,6.1271,6.1271,1,1,15.05,0.85,drive,20.38,front,LIDAR_ONLY
0,193.4336,t4796,LIDAR_ONLY,10.6418,10.6418,15.4778,4.8360,4.8360,31.2448,31.2448,0,0,15.05,0.85,cautious,-3.64,front,LIDAR_ONLY
0,193.4980,cam_2,CAM_ONLY,19.1293,,15.4778,3.6515,,23.5919,,0,,14.71,1.08,warning,,,CAMERA_ONLY
0,193.5553,cam_2,CAM_ONLY,19.1303,,15.4778,3.6525,,23.5985,,0,,12.04,1.21,warning,,,CAMERA_ONLY
0,193.6215,cam_2,CAM_ONLY,19.1820,,15.4778,3.7042,,23.9321,,0,,20.21,0.89,warning,,,CAMERA_ONLY
0,193.6805,cam_2,CAM_ONLY,19.1620,,15.4778,3.6842,,23.8033,,0,,15.27,0.91,warning,,,CAMERA_ONLY
0,193.7500,cam_2,CAM_ONLY,19.0286,,15.4778,3.5508,,22.9415,,0,,20.96,2.43,warning,,,CAMERA_ONLY
0,193.7500,t4806,LIDAR_ONLY,10.6772,10.6772,15.4778,4.8006,4.8006,31.0158,31.0158,0,0,20.96,2.43,cautious,28.55,front,LIDAR_ONLY
0,193.8172,cam_2,CAM_ONLY,19.1041,,15.4778,3.6263,,23.4288,,0,,15.30,1.12,warning,,,CAMERA_ONLY
0,193.8842,t4810,BOTH,19.1113,10.5329,15.4778,3.6335,4.9449,23.4755,31.9480,0,0,23.35,0.93,warning,,,FULL_ANGLE
0,193.8842,t4809,LIDAR_ONLY,25.5672,25.5672,15.4778,10.0894,10.0894,65.1865,65.1865,0,0,23.35,0.93,drive,15.81,front,LIDAR_ONLY
0,193.8842,t4809,LIDAR_ONLY,20.7437,20.7437,15.4778,5.2659,5.2659,34.0221,34.0221,0,0,23.35,0.93,drive,19.83,front,LIDAR_ONLY
0,193.8842,t4810,LIDAR_ONLY,10.5846,10.5846,15.4778,4.8933,4.8933,31.6146,31.6146,0,0,23.35,0.93,cautious,-4.34,front,LIDAR_ONLY
0,193.8842,t4810,LIDAR_ONLY,10.5054,10.5054,15.4778,4.9724,4.9724,32.1259,32.1259,0,0,23.35,0.93,cautious,3.72,front,LIDAR_ONLY
0,193.9429,cam_2,CAM_ONLY,19.0365,,15.4778,3.5587,,22.9922,,0,,12.47,1.11,warning,,,CAMERA_ONLY
0,193.9429,t4806,LIDAR_ONLY,10.4600,10.4600,15.4778,5.0178,5.0178,32.4192,32.4192,0,0,12.47,1.11,cautious,29.39,front,LIDAR_ONLY
0,193.9429,t4806,LIDAR_ONLY,10.6856,10.6856,15.4778,4.7922,4.7922,30.9615,30.9615,0,0,12.47,1.11,cautious,25.16,front,LIDAR_ONLY
0,194.0100,cam_2,CAM_ONLY,19.1190,,15.4778,3.6412,,23.5251,,0,,15.71,1.32,warning,,,CAMERA_ONLY
0,194.0738,cam_2,CAM_ONLY,18.9882,,15.4778,3.5104,,22.6800,,0,,14.17,1.25,warning,,,CAMERA_ONLY
0,194.1264,cam_2,CAM_ONLY,19.2526,,15.4778,3.7748,,24.3885,,0,,11.48,0.96,warning,,,CAMERA_ONLY
0,194.2042,cam_2,CAM_ONLY,19.0482,,15.4778,3.5704,,23.0677,,0,,20.52,1.23,warning,,,CAMERA_ONLY
0,194.2622,cam_2,CAM_ONLY,19.1830,,15.4778,3.7052,,23.9385,,0,,10.07,0.87,warning,,,CAMERA_ONLY
0,194.3313,cam_2,CAM_ONLY,19.0151,,15.4778,3.5373,,22.8543,,0,,18.48,0.83,warning,,,CAMERA_ONLY
0,194.3894,t4825,BOTH,19.0471,10.6158,15.4778,3.5693,4.8620,23.0607,31.4125,0,0,9.94,1.24,warning,,,FULL_ANGLE
0,194.3894,t4824,LIDAR_ONLY,11.4302,11.4302,15.4778,4.0476,4.0476,26.1513,26.1513,0,0,9.94,1.24,cautious,26.96,front,LIDAR_ONLY
0,194.3894,t4824,LIDAR_ONLY,11.7860,11.7860,15.4778,3.6918,3.6918,23.8523,23.8523,0,0,9.94,1.24,cautious,22.74,front,LIDAR_ONLY
0,194.3894,t4824,LIDAR_ONLY,12.6368,12.6368,15.4778,2.8410,2.8410,18.3553,18.3553,0,0,9.94,1.24,cautious,18.52,front,LIDAR_ONLY
0,194.3894,t4825,LIDAR_ONLY,10.6827,10.6827,15.4778,4.7952,4.7952,30.9808,30.9808,0,0,9.94,1.24,cautious,-2.58,front,LIDAR_ONLY
0,194.3894,t4825,LIDAR_ONLY,10.5458,10.5458,15.4778,4.9320,4.9320,31.8649,31.8649,0,0,9.94,1.24,cautious,5.86,front,LIDAR_ONLY
0,194.4470,cam_2,CAM_ONLY,19.2283,,15.4778,3.7505,,24.2317,,0,,10.74,1.01,warning,,,CAMERA_ONLY
0,194.5054,cam_2,CAM_ONLY,19.0794,,15.4778,3.6016,,23.2692,,0,,12.41,1.38,warning,,,CAMERA_ONLY
0,194.5595,cam_2,CAM_ONLY,19.1361,,15.4778,3.6583,,23.6355,,0,,9.65,1.30,warning,,,CAMERA_ONLY
0,194.6132,cam_2,CAM_ONLY,19.4018,,15.4778,3.9240,,25.3522,,0,,9.61,0.92,warning,,,CAMERA_ONLY
0,194.6674,cam_2,CAM_ONLY,19.2062,,15.4778,3.7284,,24.0887,,0,,10.20,1.00,warning,,,CAMERA_ONLY
0,194.7232,cam_2,CAM_ONLY,19.2162,,15.4778,3.7384,,24.1531,,0,,9.71,1.10,warning,,,CAMERA_ONLY
0,194.8052,cam_2,CAM_ONLY,19.4214,,15.4778,3.9436,,25.4790,,0,,9.79,1.20,warning,,,CAMERA_ONLY
0,194.8683,cam_2,CAM_ONLY,19.3876,,15.4778,3.9098,,25.2606,,0,,16.48,0.99,warning,,,CAMERA_ONLY
0,194.9315,t4837,BOTH,19.1955,10.6387,15.4778,3.7177,4.8391,24.0198,31.2650,0,0,17.77,0.91,warning,,,FULL_ANGLE
0,194.9956,cam_2,CAM_ONLY,19.6413,,15.4778,4.1635,,26.8996,,0,,16.57,1.00,warning,,,CAMERA_ONLY
0,195.0636,cam_2,CAM_ONLY,19.2197,,15.4778,3.7419,,24.1762,,0,,13.12,1.24,warning,,,CAMERA_ONLY
0,195.1302,cam_2,CAM_ONLY,19.1453,,15.4778,3.6675,,23.6955,,0,,14.02,0.99,warning,,,CAMERA_ONLY
0,195.1959,cam_2,CAM_ONLY,19.3245,,15.4778,3.8466,,24.8527,,0,,17.14,1.16,warning,,,CAMERA_ONLY
0,195.2467,cam_2,CAM_ONLY,19.1943,,15.4778,3.7165,,24.0117,,0,,10.47,1.07,warning,,,CAMERA_ONLY
0,195.3004,cam_2,CAM_ONLY,19.1180,,15.4778,3.6402,,23.5188,,0,,15.72,1.30,warning,,,CAMERA_ONLY
0,195.3586,cam_2,CAM_ONLY,19.1571,,15.4778,3.6793,,23.7716,,0,,9.33,1.03,warning,,,CAMERA_ONLY
0,195.4223,cam_2,CAM_ONLY,19.2711,,15.4778,3.7933,,24.5080,,0,,13.01,1.21,warning,,,CAMERA_ONLY
0,195.4790,cam_2,CAM_ONLY,19.2507,,15.4778,3.7729,,24.3761,,0,,10.19,0.98,warning,,,CAMERA_ONLY
0,195.5451,t4855,BOTH,19.2724,10.4428,15.4778,3.7946,5.0351,24.5163,32.5308,0,0,14.01,2.57,warning,,,FULL_ANGLE
0,195.5451,t4854,LIDAR_ONLY,12.4828,12.4828,15.4778,2.9950,2.9950,19.3503,19.3503,0,0,14.01,2.57,cautious,25.08,front,LIDAR_ONLY
0,195.5451,t4854,LIDAR_ONLY,11.3795,11.3795,15.4778,4.0983,4.0983,26.4784,26.4784,0,0,14.01,2.57,cautious,29.15,front,LIDAR_ONLY
0,195.5451,t4854,LIDAR_ONLY,11.6459,11.6459,15.4778,3.8319,3.8319,24.7573,24.7573,0,0,14.01,2.57,cautious,21.00,front,LIDAR_ONLY
0,195.5451,t4855,LIDAR_ONLY,10.4533,10.4533,15.4778,5.0245,5.0245,32.4627,32.4627,0,0,14.01,2.57,cautious,4.70,front,LIDAR_ONLY
0,195.6135,cam_2,CAM_ONLY,19.6145,,15.4778,4.1367,,26.7265,,0,,19.09,1.73,warning,,,CAMERA_ONLY
0,195.6841,cam_2,CAM_ONLY,19.2110,,15.4778,3.7332,,24.1198,,0,,17.57,1.05,warning,,,CAMERA_ONLY
0,195.7444,cam_2,CAM_ONLY,19.3521,,15.4778,3.8743,,25.0311,,0,,15.50,1.31,warning,,,CAMERA_ONLY
0,195.7444,t4854,LIDAR_ONLY,11.7097,11.7097,15.4778,3.7682,3.7682,24.3455,24.3455,0,0,15.50,1.31,cautious,29.41,front,LIDAR_ONLY
0,195.7444,t4854,LIDAR_ONLY,11.7713,11.7713,15.4778,3.7065,3.7065,23.9472,23.9472,0,0,15.50,1.31,cautious,25.26,front,LIDAR_ONLY
0,195.8084,cam_2,CAM_ONLY,19.2120,,15.4778,3.7342,,24.1261,,0,,14.09,1.11,warning,,,CAMERA_ONLY
0,195.8614,cam_2,CAM_ONLY,19.7383,,15.4778,4.2605,,27.5266,,0,,9.95,0.92,warning,,,CAMERA_ONLY
0,195.9332,t4860,BOTH,19.7353,10.5295,15.4778,4.2575,4.9483,27.5072,31.9704,0,0,10.76,0.92,warning,,,FULL_ANGLE
0,195.9332,t4854,LIDAR_ONLY,12.1335,12.1335,15.4778,3.3444,3.3444,21.6074,21.6074,0,0,10.76,0.92,cautious,19.75,front,LIDAR_ONLY
0,195.9332,t4860,LIDAR_ONLY,10.6113,10.6113,15.4778,4.8665,4.8665,31.4417,31.4417,0,0,10.76,0.92,cautious,-5.04,front,LIDAR_ONLY
0,195.9906,t4860,BOTH,19.2876,10.4962,15.4778,3.8098,4.9816,24.6147,32.1852,0,0,9.73,1.22,warning,,,FULL_ANGLE
0,195.9906,t4854,LIDAR_ONLY,12.4803,12.4803,15.4778,2.9976,2.9976,19.3668,19.3668,0,0,9.73,1.22,cautious,29.45,front,LIDAR_ONLY
0,195.9906,t4854,LIDAR_ONLY,12.5464,12.5464,15.4778,2.9314,2.9314,18.9395,18.9395,0,0,9.73,1.22,cautious,25.31,front,LIDAR_ONLY
0,195.9906,t4854,LIDAR_ONLY,13.1404,13.1404,15.4778,2.3374,2.3374,15.1017,15.1017,0,0,9.73,1.22,cautious,17.05,front,LIDAR_ONLY
0,195.9906,t4854,LIDAR_ONLY,13.6844,13.6844,15.4778,1.7934,1.7934,11.5868,11.5868,0,0,9.73,1.22,cautious,21.18,front,LIDAR_ONLY
0,195.9906,t4860,LIDAR_ONLY,10.4801,10.4801,15.4778,4.9977,4.9977,32.2898,32.2898,0,0,9.73,1.22,cautious,4.65,front,LIDAR_ONLY
0,196.0465,cam_2,CAM_ONLY,19.2799,,15.4778,3.8021,,24.5648,,0,,9.82,1.08,warning,,,CAMERA_ONLY
0,196.1014,cam_2,CAM_ONLY,19.2881,,15.4778,3.8103,,24.6181,,0,,9.57,1.10,warning,,,CAMERA_ONLY
0,196.1571,cam_2,CAM_ONLY,19.5722,,15.4778,4.0944,,26.4532,,0,,13.04,1.21,warning,,,CAMERA_ONLY
0,196.2344,t4870,BOTH,19.2162,10.5958,15.4778,3.7384,4.8820,24.1533,31.5420,0,0,19.50,1.43,warning,,,FULL_ANGLE
0,196.2344,t4869,LIDAR_ONLY,12.2649,12.2649,15.4778,3.2129,3.2129,20.7581,20.7581,0,0,19.50,1.43,cautious,25.44,front,LIDAR_ONLY
0,196.2344,t4869,LIDAR_ONLY,12.6057,12.6057,15.4778,2.8721,2.8721,18.5565,18.5565,0,0,19.50,1.43,cautious,21.36,front,LIDAR_ONLY
0,196.2344,t4870,LIDAR_ONLY,10.6627,10.6627,15.4778,4.8152,4.8152,31.1101,31.1101,0,0,19.50,1.43,cautious,-3.12,front,LIDAR_ONLY
0,196.2344,t4869,LIDAR_ONLY,13.5118,13.5118,15.4778,1.9660,1.9660,12.7020,12.7020,0,0,19.50,1.43,cautious,17.28,front,LIDAR_ONLY
0,196.2344,t4870,LIDAR_ONLY,10.5451,10.5451,15.4778,4.9327,4.9327,31.8696,31.8696,0,0,19.50,1.43,cautious,5.04,front,LIDAR_ONLY
0,196.2952,cam_2,CAM_ONLY,19.7046,,15.4778,4.2268,,27.3088,,0,,10.13,1.15,warning,,,CAMERA_ONLY
0,196.3450,cam_2,CAM_ONLY,19.2591,,15.4778,3.7813,,24.4306,,0,,10.21,1.40,warning,,,CAMERA_ONLY
0,196.3450,t4872,LIDAR_ONLY,10.5364,10.5364,15.4778,4.9414,4.9414,31.9259,31.9259,0,0,10.21,1.40,cautious,28.90,front,LIDAR_ONLY
0,196.3450,t4869,LIDAR_ONLY,14.1826,14.1826,15.4778,1.2952,1.2952,8.3681,8.3681,0,0,10.21,1.40,cautious,20.56,front,LIDAR_ONLY
0,196.3450,t4869,LIDAR_ONLY,14.4898,14.4898,15.4778,0.9880,0.9880,6.3834,6.3834,1,1,10.21,1.40,cautious,24.73,front,LIDAR_ONLY
0,196.3984,cam_2,CAM_ONLY,19.6798,,15.4778,4.2020,,27.1485,,0,,9.66,1.00,warning,,,CAMERA_ONLY
0,196.4606,cam_2,CAM_ONLY,19.1802,,15.4778,3.7024,,23.9209,,0,,20.57,0.93,warning,,,CAMERA_ONLY
0,196.5168,cam_2,CAM_ONLY,19.3515,,15.4778,3.8737,,25.0272,,0,,11.28,0.92,warning,,,CAMERA_ONLY
0,196.5860,t4881,BOTH,19.2771,10.4173,15.4778,3.7993,5.0605,24.5468,32.6951,0,0,19.08,2.63,warning,,,FULL_ANGLE
0,196.5860,t4879,LIDAR_ONLY,12.0820,12.0820,15.4778,3.3958,3.3958,21.9399,21.9399,0,0,19.08,2.63,cautious,25.75,front,LIDAR_ONLY
0,196.5860,t4879,LIDAR_ONLY,10.8463,10.8463,15.4778,4.6315,4.6315,29.9233,29.9233,0,0,19.08,2.63,cautious,29.79,front,LIDAR_ONLY
0,196.5860,t4880,LIDAR_ONLY,20.8105,20.8105,15.4778,5.3327,5.3327,34.4536,34.4536,0,0,19.08,2.63,drive,17.68,front,LIDAR_ONLY
0,196.5860,t4880,LIDAR_ONLY,17.8875,17.8875,15.4778,2.4097,2.4097,15.5689,15.5689,0,0,19.08,2.63,drive,21.72,front,LIDAR_ONLY
0,196.5860,t4881,LIDAR_ONLY,10.5224,10.5224,15.4778,4.9554,4.9554,32.0164,32.0164,0,0,19.08,2.63,cautious,-2.50,front,LIDAR_ONLY
0,196.5860,t4881,LIDAR_ONLY,10.4165,10.4165,15.4778,5.0613,5.0613,32.7002,32.7002,0,0,19.08,2.63,cautious,5.57,front,LIDAR_ONLY
0,196.6480,cam_2,CAM_ONLY,19.2272,,15.4778,3.7494,,24.2245,,0,,10.19,1.25,warning,,,CAMERA_ONLY
0,196.7028,cam_2,CAM_ONLY,19.5871,,15.4778,4.1093,,26.5497,,0,,10.93,1.13,warning,,,CAMERA_ONLY
0,196.7737,cam_2,CAM_ONLY,19.2404,,15.4778,3.7626,,24.3095,,0,,23.36,2.40,warning,,,CAMERA_ONLY
0,196.8399,t4891,BOTH,19.2901,10.4263,15.4778,3.8123,5.0515,24.6308,32.6373,0,0,14.19,1.27,warning,,,FULL_ANGLE
0,196.8399,t4890,LIDAR_ONLY,14.4246,14.4246,15.4778,1.0532,1.0532,6.8043,6.8043,0,0,14.19,1.27,cautious,22.37,front,LIDAR_ONLY
0,196.8399,t4890,LIDAR_ONLY,12.5667,12.5667,15.4778,2.9111,2.9111,18.8081,18.8081,0,0,14.19,1.27,cautious,26.54,front,LIDAR_ONLY
0,196.8399,t4891,LIDAR_ONLY,10.4632,10.4632,15.4778,5.0146,5.0146,32.3989,32.3989,0,0,14.19,1.27,cautious,-2.68,front,LIDAR_ONLY
0,196.8399,t4891,LIDAR_ONLY,10.4680,10.4680,15.4778,5.0098,5.0098,32.3676,32.3676,0,0,14.19,1.27,cautious,5.67,front,LIDAR_ONLY
0,196.8964,cam_2,CAM_ONLY,19.3676,,15.4778,3.8898,,25.1313,,0,,10.27,1.08,warning,,,CAMERA_ONLY
0,196.9584,cam_2,CAM_ONLY,19.2198,,15.4778,3.7420,,24.1768,,0,,16.87,1.06,warning,,,CAMERA_ONLY
0,197.0194,cam_2,CAM_ONLY,19.1772,,15.4778,3.6994,,23.9014,,0,,14.57,0.95,warning,,,CAMERA_ONLY
0,197.0896,t4897,BOTH,19.2206,10.5337,15.4778,3.7428,4.9441,24.1819,31.9434,0,0,20.99,1.36,warning,,,FULL_ANGLE
0,197.0896,t4896,LIDAR_ONLY,12.0523,12.0523,15.4778,3.4255,3.4255,22.1316,22.1316,0,0,20.99,1.36,cautious,25.81,front,LIDAR_ONLY
0,197.0896,t4896,LIDAR_ONLY,12.8328,12.8328,15.4778,2.6450,2.6450,17.0891,17.0891,0,0,20.99,1.36,cautious,17.66,front,LIDAR_ONLY
0,197.0896,t4896,LIDAR_ONLY,13.4107,13.4107,15.4778,2.0671,2.0671,13.3552,13.3552,0,0,20.99,1.36,cautious,21.74,front,LIDAR_ONLY
0,197.1679,cam_2,CAM_ONLY,19.1931,,15.4778,3.7153,,24.0042,,0,,19.56,1.06,warning,,,CAMERA_ONLY
0,197.2344,t4897,BOTH,19.2397,10.5058,15.4778,3.7619,4.9720,24.3049,32.1236,0,0,19.77,1.14,warning,,,FULL_ANGLE
0,197.2344,t4896,LIDAR_ONLY,13.7195,13.7195,15.4778,1.7583,1.7583,11.3601,11.3601,0,0,19.77,1.14,cautious,23.91,front,LIDAR_ONLY
0,197.2344,t4896,LIDAR_ONLY,13.3716,13.3716,15.4778,2.1062,2.1062,13.6079,13.6079,0,0,19.77,1.14,cautious,28.11,front,LIDAR_ONLY
0,197.2344,t4896,LIDAR_ONLY,13.6469,13.6469,15.4778,1.8309,1.8309,11.8294,11.8294,0,0,19.77,1.14,cautious,19.70,front,LIDAR_ONLY
0,197.2903,t4897,BOTH,19.3916,10.5130,15.4778,3.9138,4.9648,25.2866,32.0772,0,0,11.96,1.19,warning,,,FULL_ANGLE
0,197.2903,t4896,LIDAR_ONLY,13.1968,13.1968,15.4778,2.2810,2.2810,14.7372,14.7372,0,0,11.96,1.19,cautious,24.60,front,LIDAR_ONLY
0,197.2903,t4896,LIDAR_ONLY,12.2825,12.2825,15.4778,3.1953,3.1953,20.6442,20.6442,0,0,11.96,1.19,cautious,28.82,front,LIDAR_ONLY
0,197.2903,t4896,LIDAR_ONLY,12.4211,12.4211,15.4778,3.0567,3.0567,19.7490,19.7490,0,0,11.96,1.19,cautious,20.38,front,LIDAR_ONLY
0,197.2903,t4897,LIDAR_ONLY,10.5015,10.5015,15.4778,4.9763,4.9763,32.1515,32.1515,0,0,11.96,1.19,cautious,3.51,front,LIDAR_ONLY
0,197.3530,cam_2,CAM_ONLY,19.5778,,15.4778,4.1000,,26.4896,,0,,16.09,1.26,warning,,,CAMERA_ONLY
0,197.4282,cam_2,CAM_ONLY,19.2096,,15.4778,3.7318,,24.1104,,0,,10.38,0.96,warning,,,CAMERA_ONLY
0,197.5000,cam_2,CAM_ONLY,19.1163,,15.4778,3.6385,,23.5081,,0,,20.49,2.40,warning,,,CAMERA_ONLY
0,197.5555,cam_2,CAM_ONLY,19.1913,,15.4778,3.7135,,23.9923,,0,,9.75,1.19,warning,,,CAMERA_ONLY
0,197.6121,cam_2,CAM_ONLY,19.3173,,15.4778,3.8395,,24.8067,,0,,10.64,0.99,warning,,,CAMERA_ONLY
0,197.6786,t4908,BOTH,19.3445,10.5133,15.4778,3.8667,4.9645,24.9823,32.0747,0,0,14.66,0.95,warning,,,FULL_ANGLE
0,197.6786,t4907,LIDAR_ONLY,14.4162,14.4162,15.4778,1.0616,1.0616,6.8588,6.8588,0,0,14.66,0.95,cautious,22.38,front,LIDAR_ONLY
0,197.6786,t4907,LIDAR_ONLY,13.0618,13.0618,15.4778,2.4160,2.4160,15.6098,15.6098,0,0,14.66,0.95,cautious,26.40,front,LIDAR_ONLY
0,197.6786,t4907,LIDAR_ONLY,13.5035,13.5035,15.4778,1.9743,1.9743,12.7556,12.7556,0,0,14.66,0.95,cautious,18.35,front,LIDAR_ONLY
0,197.6786,t4908,LIDAR_ONLY,10.5778,10.5778,15.4778,4.9000,4.9000,31.6581,31.6581,0,0,14.66,0.95,cautious,-1.78,front,LIDAR_ONLY
0,197.6786,t4908,LIDAR_ONLY,10.5130,10.5130,15.4778,4.9648,4.9648,32.0768,32.0768,0,0,14.66,0.95,cautious,6.27,front,LIDAR_ONLY
0,197.7503,cam_2,CAM_ONLY,19.2970,,15.4778,3.8192,,24.6756,,0,,14.75,1.08,warning,,,CAMERA_ONLY
0,197.8025,cam_2,CAM_ONLY,19.6808,,15.4778,4.2030,,27.1551,,0,,9.20,1.04,warning,,,CAMERA_ONLY
0,197.8614,cam_2,CAM_ONLY,19.1949,,15.4778,3.7171,,24.0155,,0,,12.12,1.15,warning,,,CAMERA_ONLY
0,197.9297,t4910,BOTH,19.3632,10.4888,15.4778,3.8854,4.9890,25.1027,32.2335,0,0,20.51,1.80,warning,,,FULL_ANGLE
0,197.9297,t4909,LIDAR_ONLY,14.6559,14.6559,15.4778,0.8219,0.8219,5.3104,5.3104,1,1,20.51,1.80,cautious,22.09,front,LIDAR_ONLY
0,197.9297,t4909,LIDAR_ONLY,15.5540,15.5540,15.4778,0.0761,0.0761,0.4920,0.4920,1,1,20.51,1.80,cautious,18.06,front,LIDAR_ONLY
0,197.9297,t4909,LIDAR_ONLY,15.6437,15.6437,15.4778,0.1659,0.1659,1.0716,1.0716,1,1,20.51,1.80,cautious,26.13,front,LIDAR_ONLY
0,197.9297,t4910,LIDAR_ONLY,10.5048,10.5048,15.4778,4.9730,4.9730,32.1299,32.1299,0,0,20.51,1.80,cautious,-2.13,front,LIDAR_ONLY
0,197.9864,t4910,BOTH,19.3616,10.5234,15.4778,3.8838,4.9544,25.0924,32.0099,0,0,14.41,0.78,warning,,,FULL_ANGLE
0,197.9864,t4910,LIDAR_ONLY,10.5182,10.5182,15.4778,4.9596,4.9596,32.0433,32.0433,0,0,14.41,0.78,cautious,-4.96,front,LIDAR_ONLY
0,198.0404,t4910,BOTH,19.2282,10.5264,15.4778,3.7504,4.9514,24.2305,31.9906,0,0,9.16,1.18,warning,,,FULL_ANGLE
0,198.0404,t4909,LIDAR_ONLY,15.0046,15.0046,15.4778,0.4732,0.4732,3.0570,3.0570,1,1,9.16,1.18,drive,24.01,front,LIDAR_ONLY
0,198.0404,t4909,LIDAR_ONLY,14.2851,14.2851,15.4778,1.1927,1.1927,7.7058,7.7058,0,0,9.16,1.18,cautious,28.01,front,LIDAR_ONLY
0,198.0404,t4909,LIDAR_ONLY,14.3717,14.3717,15.4778,1.1061,1.1061,7.1464,7.1464,0,0,9.16,1.18,cautious,20.01,front,LIDAR_ONLY
0,198.0404,t4910,LIDAR_ONLY,10.5319,10.5319,15.4778,4.9459,4.9459,31.9548,31.9548,0,0,9.16,1.18,cautious,4.00,front,LIDAR_ONLY
0,198.0947,cam_2,CAM_ONLY,19.6018,,15.4778,4.1240,,26.6448,,0,,9.51,1.23,warning,,,CAMERA_ONLY
0,198.1612,cam_2,CAM_ONLY,19.3076,,15.4778,3.8298,,24.7437,,0,,15.89,1.85,warning,,,CAMERA_ONLY
0,198.2256,cam_2,CAM_ONLY,19.3095,,15.4778,3.8317,,24.7563,,0,,14.66,1.15,warning,,,CAMERA_ONLY
0,198.2795,cam_2,CAM_ONLY,19.2936,,15.4778,3.8157,,24.6530,,0,,9.05,1.29,warning,,,CAMERA_ONLY
0,198.3413,cam_2,CAM_ONLY,19.6125,,15.4778,4.1347,,26.7136,,0,,16.12,1.31,warning,,,CAMERA_ONLY
0,198.3413,t4923,LIDAR_ONLY,11.9003,11.9003,15.4778,3.5775,3.5775,23.1138,23.1138,0,0,16.12,1.31,cautious,26.08,front,LIDAR_ONLY
0,198.3922,cam_2,CAM_ONLY,19.1954,,15.4778,3.7176,,24.0187,,0,,10.28,1.25,warning,,,CAMERA_ONLY
0,198.4442,cam_2,CAM_ONLY,19.1937,,15.4778,3.7159,,24.0079,,0,,12.19,1.11,warning,,,CAMERA_ONLY
0,198.5129,cam_2,CAM_ONLY,19.2219,,15.4778,3.7441,,24.1901,,0,,10.26,0.90,warning,,,CAMERA_ONLY
0,198.5717,cam_2,CAM_ONLY,19.6068,,15.4778,4.1290,,26.6769,,0,,11.63,0.98,warning,,,CAMERA_ONLY
0,198.6265,cam_2,CAM_ONLY,19.2147,,15.4778,3.7369,,24.1435,,0,,10.16,0.90,warning,,,CAMERA_ONLY
0,198.6969,cam_2,CAM_ONLY,19.3525,,15.4778,3.8747,,25.0336,,0,,15.90,1.46,warning,,,CAMERA_ONLY
0,198.7479,cam_2,CAM_ONLY,19.2150,,15.4778,3.7372,,24.1453,,0,,10.23,1.07,warning,,,CAMERA_ONLY
0,198.8053,cam_2,CAM_ONLY,19.1738,,15.4778,3.6960,,23.8794,,0,,10.81,1.15,warning,,,CAMERA_ONLY
0,198.8644,cam_2,CAM_ONLY,19.2391,,15.4778,3.7613,,24.3011,,0,,12.61,0.98,warning,,,CAMERA_ONLY
0,198.9364,cam_2,CAM_ONLY,19.2797,,15.4778,3.8019,,24.5637,,0,,17.66,0.92,warning,,,CAMERA_ONLY
0,198.9949,cam_2,CAM_ONLY,19.2183,,15.4778,3.7405,,24.1669,,0,,12.67,1.16,warning,,,CAMERA_ONLY
0,199.0516,cam_2,CAM_ONLY,19.7215,,15.4778,4.2437,,27.4178,,0,,9.84,1.07,warning,,,CAMERA_ONLY
0,199.1114,cam_2,CAM_ONLY,19.1796,,15.4778,3.7018,,23.9167,,0,,12.43,1.12,warning,,,CAMERA_ONLY
0,199.1622,cam_2,CAM_ONLY,19.3550,,15.4778,3.8771,,25.0497,,0,,10.80,1.01,warning,,,CAMERA_ONLY
0,199.2205,cam_2,CAM_ONLY,19.1908,,15.4778,3.7130,,23.9891,,0,,14.54,0.93,warning,,,CAMERA_ONLY
0,199.2755,cam_2,CAM_ONLY,19.1157,,15.4778,3.6379,,23.5041,,0,,10.73,1.20,warning,,,CAMERA_ONLY
0,199.3342,t4946,BOTH,19.2652,10.5693,15.4778,3.7874,4.9085,24.4699,31.7130,0,0,13.16,0.86,warning,,,FULL_ANGLE
0,199.3342,t4945,LIDAR_ONLY,15.0721,15.0721,15.4778,0.4057,0.4057,2.6213,2.6213,1,1,13.16,0.86,drive,21.62,front,LIDAR_ONLY
0,199.3342,t4946,LIDAR_ONLY,10.5985,10.5985,15.4778,4.8793,4.8793,31.5245,31.5245,0,0,13.16,0.86,cautious,-2.76,front,LIDAR_ONLY
0,199.3989,cam_2,CAM_ONLY,19.2829,,15.4778,3.8051,,24.5843,,0,,12.86,1.23,warning,,,CAMERA_ONLY
0,199.4582,cam_2,CAM_ONLY,19.2269,,15.4778,3.7491,,24.2226,,0,,10.64,1.27,warning,,,CAMERA_ONLY
0,199.5141,cam_2,CAM_ONLY,19.1707,,15.4778,3.6929,,23.8591,,0,,10.12,1.26,warning,,,CAMERA_ONLY
0,199.5765,cam_2,CAM_ONLY,19.3492,,15.4778,3.8714,,25.0128,,0,,15.03,1.08,warning,,,CAMERA_ONLY
0,199.6436,cam_2,CAM_ONLY,19.3560,,15.4778,3.8782,,25.0565,,0,,19.37,1.24,warning,,,CAMERA_ONLY
0,199.6436,t4957,LIDAR_ONLY,11.4304,11.4304,15.4778,4.0474,4.0474,26.1495,26.1495,0,0,19.37,1.24,cautious,26.96,front,LIDAR_ONLY
0,199.6975,cam_2,CAM_ONLY,19.2321,,15.4778,3.7543,,24.2559,,0,,10.93,1.21,warning,,,CAMERA_ONLY
0,199.7642,cam_2,CAM_ONLY,19.6037,,15.4778,4.1259,,26.6571,,0,,16.72,0.83,warning,,,CAMERA_ONLY
0,199.8251,cam_2,CAM_ONLY,19.2533,,15.4778,3.7755,,24.3930,,0,,13.96,1.04,warning,,,CAMERA_ONLY
0,199.8891,t4965,BOTH,19.2951,10.4967,15.4778,3.8173,4.9811,24.6630,32.1824,0,0,14.97,1.09,warning,,,FULL_ANGLE
0,199.8891,t4964,LIDAR_ONLY,11.0953,11.0953,15.4778,4.3825,4.3825,28.3145,28.3145,0,0,14.97,1.09,cautious,27.64,front,LIDAR_ONLY
0,199.8891,t4965,LIDAR_ONLY,10.5673,10.5673,15.4778,4.9105,4.9105,31.7261,31.7261,0,0,14.97,1.09,cautious,-1.43,front,LIDAR_ONLY
0,199.8891,t4964,LIDAR_ONLY,11.8474,11.8474,15.4778,3.6304,3.6304,23.4557,23.4557,0,0,14.97,1.09,cautious,19.34,front,LIDAR_ONLY
0,199.8891,t4965,LIDAR_ONLY,10.5322,10.5322,15.4778,4.9456,4.9456,31.9527,31.9527,0,0,14.97,1.09,cautious,6.88,front,LIDAR_ONLY
0,199.9534,cam_2,CAM_ONLY,19.1798,,15.4778,3.7020,,23.9181,,0,,14.03,1.12,warning,,,CAMERA_ONLY
0,200.0169,cam_2,CAM_ONLY,19.6752,,15.4778,4.1974,,27.1190,,0,,17.64,1.50,warning,,,CAMERA_ONLY
0,200.0856,t4969,BOTH,19.5553,10.5549,15.4778,4.0775,4.9229,26.3440,31.8062,0,0,17.60,0.98,warning,,,FULL_ANGLE
0,200.1477,t4973,BOTH,19.2494,26.2026,15.4778,3.7716,10.7248,24.3678,69.2917,0,0,14.28,2.32,warning,,,FULL_ANGLE
0,200.1477,t4972,LIDAR_ONLY,13.2006,13.2006,15.4778,2.2772,2.2772,14.7127,14.7127,0,0,14.28,2.32,cautious,23.98,front,LIDAR_ONLY
0,200.1477,t4972,LIDAR_ONLY,11.7839,11.7839,15.4778,3.6939,3.6939,23.8659,23.8659,0,0,14.28,2.32,cautious,28.16,front,LIDAR_ONLY
0,200.2108,cam_2,CAM_ONLY,19.2483,,15.4778,3.7705,,24.3604,,0,,10.91,1.15,warning,,,CAMERA_ONLY
0,200.2730,cam_2,CAM_ONLY,19.2181,,15.4778,3.7403,,24.1656,,0,,12.95,1.16,warning,,,CAMERA_ONLY
0,200.3432,cam_2,CAM_ONLY,19.1359,,15.4778,3.6581,,23.6347,,0,,15.32,1.15,warning,,,CAMERA_ONLY
0,200.3964,cam_2,CAM_ONLY,19.1135,,15.4778,3.6357,,23.4899,,0,,8.99,1.28,warning,,,CAMERA_ONLY
0,200.3964,t4980,LIDAR_ONLY,10.6344,10.6344,15.4778,4.8434,4.8434,31.2925,31.2925,0,0,8.99,1.28,cautious,28.67,front,LIDAR_ONLY
0,200.3964,t4981,LIDAR_ONLY,23.3416,23.3416,15.4778,7.8638,7.8638,50.8072,50.8072,0,0,8.99,1.28,drive,16.58,front,LIDAR_ONLY
0,200.3964,t4981,LIDAR_ONLY,19.3238,19.3238,15.4778,3.8460,3.8460,24.8486,24.8486,0,0,8.99,1.28,drive,20.61,front,LIDAR_ONLY
0,200.3964,t4981,LIDAR_ONLY,17.2862,17.2862,15.4778,1.8084,1.8084,11.6835,11.6835,0,0,8.99,1.28,drive,24.64,front,LIDAR_ONLY
0,200.4587,cam_2,CAM_ONLY,19.2325,,15.4778,3.7547,,24.2583,,0,,17.16,1.24,warning,,,CAMERA_ONLY
0,200.5242,cam_2,CAM_ONLY,19.2338,,15.4778,3.7560,,24.2668,,0,,13.66,0.94,warning,,,CAMERA_ONLY
0,200.5928,t4988,BOTH,19.2948,10.4567,15.4778,3.8170,5.0212,24.6612,32.4410,0,0,14.42,1.33,warning,,,FULL_ANGLE
0,200.5928,t4981,LIDAR_ONLY,15.4250,15.4250,15.4778,0.0528,0.0528,0.3413,0.3413,1,1,14.42,1.33,drive,25.87,front,LIDAR_ONLY
0,200.5928,t4981,LIDAR_ONLY,15.3277,15.3277,15.4778,0.1501,0.1501,0.9696,0.9696,1,1,14.42,1.33,drive,21.70,front,LIDAR_ONLY
0,200.5928,t4988,LIDAR_ONLY,10.3846,10.3846,15.4778,5.0932,5.0932,32.9063,32.9063,0,0,14.42,1.33,cautious,5.02,front,LIDAR_ONLY
0,200.5928,t4981,LIDAR_ONLY,14.9891,14.9891,15.4778,0.4887,0.4887,3.1573,3.1573,1,1,14.42,1.33,cautious,17.53,front,LIDAR_ONLY
0,200.5928,t4988,LIDAR_ONLY,10.4255,10.4255,15.4778,5.0523,5.0523,32.6425,32.6425,0,0,14.42,1.33,cautious,-3.33,front,LIDAR_ONLY
0,200.6576,cam_2,CAM_ONLY,19.1973,,15.4778,3.7195,,24.0311,,0,,18.76,1.23,warning,,,CAMERA_ONLY
0,200.7190,cam_2,CAM_ONLY,19.6574,,15.4778,4.1796,,27.0040,,0,,13.74,1.00,warning,,,CAMERA_ONLY
0,200.8009,cam_2,CAM_ONLY,19.6922,,15.4778,4.2143,,27.2283,,0,,19.87,2.09,warning,,,CAMERA_ONLY
0,200.8552,cam_2,CAM_ONLY,19.6327,,15.4778,4.1549,,26.8444,,0,,10.62,1.15,warning,,,CAMERA_ONLY
0,200.9167,cam_2,CAM_ONLY,19.3672,,15.4778,3.8894,,25.1286,,0,,18.77,0.85,warning,,,CAMERA_ONLY
0,200.9797,cam_2,CAM_ONLY,19.3245,,15.4778,3.8466,,24.8527,,0,,14.46,1.13,warning,,,CAMERA_ONLY
0,201.0407,t4999,BOTH,19.2535,10.4090,15.4778,3.7757,5.0688,24.3944,32.7485,0,0,16.38,1.24,warning,,,FULL_ANGLE
0,201.0407,t4998,LIDAR_ONLY,14.0813,14.0813,15.4778,1.3965,1.3965,9.0224,9.0224,0,0,16.38,1.24,cautious,22.79,front,LIDAR_ONLY
0,201.0407,t4998,LIDAR_ONLY,14.6053,14.6053,15.4778,0.8725,0.8725,5.6370,5.6370,1,1,16.38,1.24,cautious,18.78,front,LIDAR_ONLY
0,201.0407,t4998,LIDAR_ONLY,14.1533,14.1533,15.4778,1.3245,1.3245,8.5573,8.5573,0,0,16.38,1.24,cautious,26.80,front,LIDAR_ONLY
0,201.0407,t4999,LIDAR_ONLY,10.3786,10.3786,15.4778,5.0992,5.0992,32.9456,32.9456,0,0,16.38,1.24,cautious,6.75,front,LIDAR_ONLY
0,201.0987,cam_2,CAM_ONLY,19.2030,,15.4778,3.7252,,24.0681,,0,,10.05,0.98,warning,,,CAMERA_ONLY
0,201.1551,cam_2,CAM_ONLY,19.2147,,15.4778,3.7369,,24.1438,,0,,10.54,1.27,warning,,,CAMERA_ONLY
0,201.2057,cam_2,CAM_ONLY,19.2224,,15.4778,3.7446,,24.1936,,0,,10.82,1.28,warning,,,CAMERA_ONLY
0,201.2769,cam_2,CAM_ONLY,19.6704,,15.4778,4.1926,,27.0878,,0,,20.60,0.84,warning,,,CAMERA_ONLY
0,201.3346,t5007,BOTH,19.1770,10.5793,15.4778,3.6992,4.8986,23.9002,31.6489,0,0,14.04,0.95,warning,,,FULL_ANGLE
0,201.3346,t5006,LIDAR_ONLY,23.3902,23.3902,15.4778,7.9123,7.9123,51.1206,51.1206,0,0,14.04,0.95,drive,16.56,front,LIDAR_ONLY
0,201.3346,t5007,LIDAR_ONLY,10.6879,10.6879,15.4778,4.7899,4.7899,30.9471,30.9471,0,0,14.04,0.95,cautious,-3.77,front,LIDAR_ONLY
0,201.3346,t5006,LIDAR_ONLY,19.7370,19.7370,15.4778,4.2592,4.2592,27.5182,27.5182,0,0,14.04,0.95,drive,20.63,front,LIDAR_ONLY
0,201.3868,t5007,BOTH,19.2987,10.5344,15.4778,3.8209,4.9434,24.6861,31.9387,0,0,9.51,0.98,warning,,,FULL_ANGLE
0,201.3868,t5006,LIDAR_ONLY,14.7530,14.7530,15.4778,0.7248,0.7248,4.6827,4.6827,1,1,9.51,0.98,cautious,28.77,front,LIDAR_ONLY
0,201.3868,t5006,LIDAR_ONLY,14.2820,14.2820,15.4778,1.1959,1.1959,7.7263,7.7263,0,0,9.51,0.98,cautious,24.64,front,LIDAR_ONLY
0,201.3868,t5006,LIDAR_ONLY,14.3703,14.3703,15.4778,1.1075,1.1075,7.1552,7.1552,0,0,9.51,0.98,cautious,20.51,front,LIDAR_ONLY
0,201.4499,cam_2,CAM_ONLY,19.2039,,15.4778,3.7261,,24.0739,,0,,12.57,2.28,warning,,,CAMERA_ONLY
0,201.5178,cam_2,CAM_ONLY,19.1558,,15.4778,3.6780,,23.7628,,0,,12.03,1.02,warning,,,CAMERA_ONLY
0,201.5729,cam_2,CAM_ONLY,19.1824,,15.4778,3.7046,,23.9347,,0,,9.89,1.00,warning,,,CAMERA_ONLY
0,201.6350,t5015,BOTH,19.1988,10.4096,15.4778,3.7210,5.0682,24.0411,32.7448,0,0,16.50,1.08,warning,,,FULL_ANGLE
0,201.6350,t5014,LIDAR_ONLY,14.2942,14.2942,15.4778,1.1836,1.1836,7.6472,7.6472,0,0,16.50,1.08,cautious,22.52,front,LIDAR_ONLY
0,201.6350,t5014,LIDAR_ONLY,13.1942,13.1942,15.4778,2.2836,2.2836,14.7543,14.7543,0,0,16.50,1.08,cautious,26.70,front,LIDAR_ONLY
0,201.6350,t5015,LIDAR_ONLY,10.3807,10.3807,15.4778,5.0971,5.0971,32.9319,32.9319,0,0,16.50,1.08,cautious,5.81,front,LIDAR_ONLY
0,201.6350,t5015,LIDAR_ONLY,10.3909,10.3909,15.4778,5.0869,5.0869,32.8659,32.8659,0,0,16.50,1.08,cautious,-2.54,front,LIDAR_ONLY
0,201.6960,cam_2,CAM_ONLY,19.3478,,15.4778,3.8700,,25.0034,,0,,17.89,2.33,warning,,,CAMERA_ONLY
0,201.7565,cam_2,CAM_ONLY,19.2268,,15.4778,3.7490,,24.2218,,0,,10.37,1.13,warning,,,CAMERA_ONLY
0,201.8077,cam_2,CAM_ONLY,19.1478,,15.4778,3.6700,,23.7115,,0,,8.74,1.26,warning,,,CAMERA_ONLY
0,201.8605,cam_2,CAM_ONLY,19.3017,,15.4778,3.8239,,24.7059,,0,,9.70,0.93,warning,,,CAMERA_ONLY
0,201.9275,cam_2,CAM_ONLY,19.1941,,15.4778,3.7163,,24.0103,,0,,21.20,1.83,warning,,,CAMERA_ONLY
0,201.9961,cam_2,CAM_ONLY,19.2352,,15.4778,3.7574,,24.2761,,0,,19.78,1.26,warning,,,CAMERA_ONLY
0,201.9961,t5028,LIDAR_ONLY,11.9458,11.9458,15.4778,3.5320,3.5320,22.8200,22.8200,0,0,19.78,1.26,cautious,25.99,front,LIDAR_ONLY
0,202.0483,cam_2,CAM_ONLY,19.1141,,15.4778,3.6363,,23.4935,,0,,9.60,1.26,warning,,,CAMERA_ONLY
0,202.0483,t5028,LIDAR_ONLY,11.4768,11.4768,15.4778,4.0010,4.0010,25.8498,25.8498,0,0,9.60,1.26,cautious,28.43,front,LIDAR_ONLY
0,202.1030,cam_2,CAM_ONLY,19.2524,,15.4778,3.7746,,24.3872,,0,,9.71,1.17,warning,,,CAMERA_ONLY
0,202.1644,cam_2,CAM_ONLY,19.2494,,15.4778,3.7715,,24.3674,,0,,17.09,0.98,warning,,,CAMERA_ONLY
0,202.2339,t5032,BOTH,19.2697,10.3874,15.4778,3.7919,5.0904,24.4989,32.8881,0,0,20.99,2.16,warning,,,FULL_ANGLE
0,202.2339,t5028,LIDAR_ONLY,11.0349,11.0349,15.4778,4.4429,4.4429,28.7053,28.7053,0,0,20.99,2.16,cautious,29.66,front,LIDAR_ONLY
0,202.2339,t5028,LIDAR_ONLY,11.0947,11.0947,15.4778,4.3831,4.3831,28.3186,28.3186,0,0,20.99,2.16,cautious,25.48,front,LIDAR_ONLY
0,202.2339,t5028,LIDAR_ONLY,11.5861,11.5861,15.4778,3.8917,3.8917,25.1438,25.1438,0,0,20.99,2.16,cautious,17.13,front,LIDAR_ONLY
0,202.2339,t5028,LIDAR_ONLY,12.1399,12.1399,15.4778,3.3379,3.3379,21.5660,21.5660,0,0,20.99,2.16,cautious,21.31,front,LIDAR_ONLY
0,202.2339,t5032,LIDAR_ONLY,10.4240,10.4240,15.4778,5.0538,5.0538,32.6520,32.6520,0,0,20.99,2.16,cautious,-3.75,front,LIDAR_ONLY
0,202.3058,cam_2,CAM_ONLY,19.6056,,15.4778,4.1278,,26.6693,,0,,15.85,1.27,warning,,,CAMERA_ONLY
0,202.3627,cam_2,CAM_ONLY,19.5801,,15.4778,4.1023,,26.5042,,0,,12.30,0.96,warning,,,CAMERA_ONLY
0,202.4266,cam_2,CAM_ONLY,19.2668,,15.4778,3.7890,,24.4804,,0,,13.41,0.87,warning,,,CAMERA_ONLY
0,202.4830,t5039,BOTH,19.4455,10.4402,15.4778,3.9677,5.0376,25.6348,32.5476,0,0,10.40,0.83,warning,,,FULL_ANGLE
0,202.5482,cam_2,CAM_ONLY,19.4296,,15.4778,3.9518,,25.5323,,0,,12.89,1.04,warning,,,CAMERA_ONLY
0,202.6146,cam_2,CAM_ONLY,19.7035,,15.4778,4.2257,,27.3019,,0,,17.53,1.04,warning,,,CAMERA_ONLY
0,202.6937,t5039,BOTH,19.2023,10.4430,15.4778,3.7245,5.0348,24.0633,32.5294,0,0,15.49,1.91,warning,,,FULL_ANGLE
0,202.6937,t5043,LIDAR_ONLY,15.1145,15.1145,15.4778,0.3633,0.3633,2.3474,2.3474,1,1,15.49,1.91,drive,21.58,front,LIDAR_ONLY
0,202.6937,t5043,LIDAR_ONLY,13.2622,13.2622,15.4778,2.2156,2.2156,14.3145,14.3145,0,0,15.49,1.91,cautious,25.82,front,LIDAR_ONLY
0,202.6937,t5043,LIDAR_ONLY,13.8284,13.8284,15.4778,1.6495,1.6495,10.6569,10.6569,0,0,15.49,1.91,cautious,17.33,front,LIDAR_ONLY
0,202.6937,t5039,LIDAR_ONLY,10.4621,10.4621,15.4778,5.0157,5.0157,32.4057,32.4057,0,0,15.49,1.91,cautious,-3.90,front,LIDAR_ONLY
0,202.7707,cam_2,CAM_ONLY,19.2453,,15.4778,3.7675,,24.3413,,0,,22.50,1.86,warning,,,CAMERA_ONLY
0,202.8322,cam_2,CAM_ONLY,19.5943,,15.4778,4.1165,,26.5958,,0,,16.79,0.80,warning,,,CAMERA_ONLY
0,202.8888,t5039,BOTH,19.2406,10.4884,15.4778,3.7628,4.9894,24.3109,32.2360,0,0,10.17,1.11,warning,,,FULL_ANGLE
0,202.8888,t5043,LIDAR_ONLY,14.0871,14.0871,15.4778,1.3907,1.3907,8.9850,8.9850,0,0,10.17,1.11,cautious,23.55,front,LIDAR_ONLY
0,202.8888,t5043,LIDAR_ONLY,13.6851,13.6851,15.4778,1.7927,1.7927,11.5824,11.5824,0,0,10.17,1.11,cautious,27.56,front,LIDAR_ONLY
0,202.8888,t5039,LIDAR_ONLY,10.4789,10.4789,15.4778,4.9989,4.9989,32.2973,32.2973,0,0,10.17,1.11,cautious,-4.50,front,LIDAR_ONLY
0,202.9586,cam_2,CAM_ONLY,19.2314,,15.4778,3.7536,,24.2517,,0,,15.34,1.07,warning,,,CAMERA_ONLY
0,203.0194,cam_2,CAM_ONLY,19.3049,,15.4778,3.8271,,24.7261,,0,,12.37,0.95,warning,,,CAMERA_ONLY
0,203.0792,cam_2,CAM_ONLY,19.1161,,15.4778,3.6383,,23.5068,,0,,12.56,0.78,warning,,,CAMERA_ONLY
0,203.1391,cam_2,CAM_ONLY,19.0791,,15.4778,3.6013,,23.2672,,0,,9.31,1.06,warning,,,CAMERA_ONLY
0,203.2094,cam_2,CAM_ONLY,19.1822,,15.4778,3.7044,,23.9334,,0,,23.19,2.52,warning,,,CAMERA_ONLY
0,203.2735,cam_2,CAM_ONLY,19.2400,,15.4778,3.7622,,24.3073,,0,,14.57,1.13,warning,,,CAMERA_ONLY
0,203.3449,t5060,BOTH,19.2620,10.5339,15.4778,3.7842,4.9439,24.4490,31.9417,0,0,13.23,1.14,warning,,,FULL_ANGLE
0,203.3449,t5058,LIDAR_ONLY,13.9493,13.9493,15.4778,1.5285,1.5285,9.8752,9.8752,0,0,13.23,1.14,cautious,22.96,front,LIDAR_ONLY
0,203.3449,t5058,LIDAR_ONLY,12.4148,12.4148,15.4778,3.0630,3.0630,19.7898,19.7898,0,0,13.23,1.14,cautious,27.01,front,LIDAR_ONLY
0,203.3449,t5058,LIDAR_ONLY,12.9357,12.9357,15.4778,2.5421,2.5421,16.4244,16.4244,0,0,13.23,1.14,cautious,18.90,front,LIDAR_ONLY
0,203.3449,t5060,LIDAR_ONLY,10.6036,10.6036,15.4778,4.8742,4.8742,31.4913,31.4913,0,0,13.23,1.14,cautious,-1.38,front,LIDAR_ONLY
0,203.3449,t5060,LIDAR_ONLY,10.4849,10.4849,15.4778,4.9929,4.9929,32.2584,32.2584,0,0,13.23,1.14,cautious,6.73,front,LIDAR_ONLY
0,203.4105,cam_2,CAM_ONLY,19.1979,,15.4778,3.7201,,24.0348,,0,,20.31,0.98,warning,,,CAMERA_ONLY
0,203.4609,cam_2,CAM_ONLY,19.5877,,15.4778,4.1099,,26.5532,,0,,9.39,1.00,warning,,,CAMERA_ONLY
0,203.5275,cam_2,CAM_ONLY,19.5031,,15.4778,4.0253,,26.0068,,0,,9.83,0.96,warning,,,CAMERA_ONLY
0,203.5871,t5066,BOTH,19.1713,10.4890,15.4778,3.6935,4.9888,23.8631,32.2321,0,0,13.47,1.22,warning,,,FULL_ANGLE
0,203.5871,t5065,LIDAR_ONLY,20.7801,20.7801,15.4778,5.3023,5.3023,34.2577,34.2577,0,0,13.47,1.22,drive,17.70,front,LIDAR_ONLY
0,203.5871,t5065,LIDAR_ONLY,16.7708,16.7708,15.4778,1.2930,1.2930,8.3540,8.3540,0,0,13.47,1.22,drive,26.17,front,LIDAR_ONLY
0,203.5871,t5066,LIDAR_ONLY,10.7180,10.7180,15.4778,4.7598,4.7598,30.7526,30.7526,0,0,13.47,1.22,cautious,-3.49,front,LIDAR_ONLY
0,203.5871,t5066,LIDAR_ONLY,10.4826,10.4826,15.4778,4.9952,4.9952,32.2732,32.2732,0,0,13.47,1.22,cautious,4.98,front,LIDAR_ONLY
0,203.5871,t5065,LIDAR_ONLY,16.2756,16.2756,15.4778,0.7978,0.7978,5.1542,5.1542,1,1,13.47,1.22,drive,21.93,front,LIDAR_ONLY
0,203.6447,cam_2,CAM_ONLY,19.2328,,15.4778,3.7550,,24.2608,,0,,13.44,1.15,warning,,,CAMERA_ONLY
0,203.7110,cam_2,CAM_ONLY,19.2113,,15.4778,3.7335,,24.1215,,0,,18.89,2.45,warning,,,CAMERA_ONLY
0,203.7839,t5066,BOTH,19.3208,10.4401,15.4778,3.8430,5.0377,24.8293,32.5479,0,0,21.02,0.98,warning,,,FULL_ANGLE
0,203.7839,t5066,LIDAR_ONLY,10.4935,10.4935,15.4778,4.9843,4.9843,32.2027,32.2027,0,0,21.02,0.98,cautious,-2.55,front,LIDAR_ONLY
0,203.7839,t5066,LIDAR_ONLY,10.4794,10.4794,15.4778,4.9984,4.9984,32.2940,32.2940,0,0,21.02,0.98,cautious,5.51,front,LIDAR_ONLY
0,203.8408,t5066,BOTH,19.2251,10.4374,15.4778,3.7473,5.0404,24.2106,32.5656,0,0,11.90,0.96,warning,,,FULL_ANGLE
0,203.8408,t5071,LIDAR_ONLY,11.0342,11.0342,15.4778,4.4436,4.4436,28.7093,28.7093,0,0,11.90,0.96,cautious,27.77,front,LIDAR_ONLY
0,203.8408,t5066,LIDAR_ONLY,10.4578,10.4578,15.4778,5.0200,5.0200,32.4336,32.4336,0,0,11.90,0.96,cautious,-2.01,front,LIDAR_ONLY
0,203.8408,t5066,LIDAR_ONLY,10.4527,10.4527,15.4778,5.0251,5.0251,32.4667,32.4667,0,0,11.90,0.96,cautious,6.50,front,LIDAR_ONLY
0,203.9008,cam_2,CAM_ONLY,19.7057,,15.4778,4.2279,,27.3157,,0,,13.31,1.16,warning,,,CAMERA_ONLY
0,203.9574,cam_2,CAM_ONLY,19.6400,,15.4778,4.1622,,26.8911,,0,,8.71,1.13,warning,,,CAMERA_ONLY
0,204.0137,cam_2,CAM_ONLY,19.3648,,15.4778,3.8869,,25.1130,,0,,9.68,1.27,warning,,,CAMERA_ONLY
0,204.0611,cam_2,CAM_ONLY,19.5608,,15.4778,4.0830,,26.3798,,0,,9.54,1.06,warning,,,CAMERA_ONLY
0,204.1235,cam_2,CAM_ONLY,19.1489,,15.4778,3.6711,,23.7183,,0,,14.98,1.95,warning,,,CAMERA_ONLY
0,204.1844,t5078,BOTH,19.3922,10.5253,15.4778,3.9144,4.9525,25.2903,31.9973,0,0,12.89,0.99,warning,,,FULL_ANGLE
0,204.1844,t5077,LIDAR_ONLY,14.5157,14.5157,15.4778,0.9621,0.9621,6.2158,6.2158,1,1,12.89,0.99,cautious,22.26,front,LIDAR_ONLY
0,204.1844,t5077,LIDAR_ONLY,12.7679,12.7679,15.4778,2.7099,2.7099,17.5085,17.5085,0,0,12.89,0.99,cautious,26.38,front,LIDAR_ONLY
0,204.1844,t5078,LIDAR_ONLY,10.5226,10.5226,15.4778,4.9552,4.9552,32.0149,32.0149,0,0,12.89,0.99,cautious,-2.51,front,LIDAR_ONLY
0,204.1844,t5078,LIDAR_ONLY,10.4568,10.4568,15.4778,5.0210,5.0210,32.4402,32.4402,0,0,12.89,0.99,cautious,5.75,front,LIDAR_ONLY
0,204.2424,cam_2,CAM_ONLY,19.2584,,15.4778,3.7806,,24.4260,,0,,12.00,1.16,warning,,,CAMERA_ONLY
0,204.2424,t5077,LIDAR_ONLY,12.8230,12.8230,15.4778,2.6548,2.6548,17.1523,17.1523,0,0,12.00,1.16,cautious,23.98,front,LIDAR_ONLY
0,204.2424,t5077,LIDAR_ONLY,12.3930,12.3930,15.4778,3.0848,3.0848,19.9305,19.9305,0,0,12.00,1.16,cautious,28.17,front,LIDAR_ONLY
0,204.2424,t5077,LIDAR_ONLY,12.5873,12.5873,15.4778,2.8905,2.8905,18.6749,18.6749,0,0,12.00,1.16,cautious,19.79,front,LIDAR_ONLY
0,204.2993,cam_2,CAM_ONLY,19.6552,,15.4778,4.1774,,26.9898,,0,,10.59,0.99,warning,,,CAMERA_ONLY
0,204.3668,cam_2,CAM_ONLY,19.2073,,15.4778,3.7295,,24.0959,,0,,18.51,2.04,warning,,,CAMERA_ONLY
0,204.4357,cam_2,CAM_ONLY,19.1626,,15.4778,3.6848,,23.8070,,0,,15.68,1.00,warning,,,CAMERA_ONLY
0,204.4357,t5077,LIDAR_ONLY,12.6502,12.6502,15.4778,2.8276,2.8276,18.2686,18.2686,0,0,15.68,1.00,cautious,24.67,front,LIDAR_ONLY
0,204.4357,t5077,LIDAR_ONLY,12.9478,12.9478,15.4778,2.5300,2.5300,16.3458,16.3458,0,0,15.68,1.00,cautious,20.61,front,LIDAR_ONLY
0,204.4357,t5077,LIDAR_ONLY,12.8229,12.8229,15.4778,2.6549,2.6549,17.1531,17.1531,0,0,15.68,1.00,cautious,28.74,front,LIDAR_ONLY
0,204.5011,cam_2,CAM_ONLY,19.1681,,15.4778,3.6903,,23.8423,,0,,19.59,1.23,warning,,,CAMERA_ONLY
0,204.5011,t5077,LIDAR_ONLY,13.0073,13.0073,15.4778,2.4705,2.4705,15.9618,15.9618,0,0,19.59,1.23,cautious,23.35,front,LIDAR_ONLY
0,204.5011,t5077,LIDAR_ONLY,13.2833,13.2833,15.4778,2.1945,2.1945,14.1784,14.1784,0,0,19.59,1.23,cautious,19.14,front,LIDAR_ONLY
0,204.5011,t5077,LIDAR_ONLY,13.3159,13.3159,15.4778,2.1619,2.1619,13.9679,13.9679,0,0,19.59,1.23,cautious,27.56,front,LIDAR_ONLY
0,204.5521,cam_2,CAM_ONLY,19.2419,,15.4778,3.7641,,24.3191,,0,,11.50,0.99,warning,,,CAMERA_ONLY
0,204.6123,cam_2,CAM_ONLY,19.6637,,15.4778,4.1859,,27.0445,,0,,17.00,0.84,warning,,,CAMERA_ONLY
0,204.6691,cam_2,CAM_ONLY,19.5701,,15.4778,4.0923,,26.4399,,0,,10.46,0.95,warning,,,CAMERA_ONLY
0,204.7555,t5091,BOTH,19.6193,10.5690,15.4778,4.1415,4.9089,26.7575,31.7154,0,0,14.81,0.84,warning,,,FULL_ANGLE
0,204.7555,t5091,LIDAR_ONLY,10.6022,10.6022,15.4778,4.8756,4.8756,31.5003,31.5003,0,0,14.81,0.84,cautious,-4.81,front,LIDAR_ONLY
0,204.8083,cam_2,CAM_ONLY,19.1773,,15.4778,3.6995,,23.9017,,0,,9.10,1.32,warning,,,CAMERA_ONLY
0,204.8681,cam_2,CAM_ONLY,19.2947,,15.4778,3.8169,,24.6604,,0,,16.40,0.94,warning,,,CAMERA_ONLY
0,204.9271,cam_2,CAM_ONLY,19.2174,,15.4778,3.7396,,24.1609,,0,,10.70,0.83,warning,,,CAMERA_ONLY
0,204.9853,cam_2,CAM_ONLY,19.6386,,15.4778,4.1608,,26.8823,,0,,9.26,1.18,warning,,,CAMERA_ONLY
0,204.9853,t5099,LIDAR_ONLY,10.3758,10.3758,15.4778,5.1020,5.1020,32.9636,32.9636,0,0,9.26,1.18,cautious,29.28,front,LIDAR_ONLY
0,204.9853,t5101,LIDAR_ONLY,23.5213,23.5213,15.4778,8.0435,8.0435,51.9681,51.9681,0,0,9.26,1.18,drive,16.51,front,LIDAR_ONLY
0,204.9853,t5099,LIDAR_ONLY,10.6029,10.6029,15.4778,4.8749,4.8749,31.4961,31.4961,0,0,9.26,1.18,cautious,25.02,front,LIDAR_ONLY
0,204.9853,t5099,LIDAR_ONLY,11.0117,11.0117,15.4778,4.4661,4.4661,28.8546,28.8546,0,0,9.26,1.18,cautious,20.77,front,LIDAR_ONLY
0,205.0422,t5102,BOTH,19.2606,10.4726,15.4778,3.7828,5.0052,24.4402,32.3381,0,0,9.02,1.29,warning,,,FULL_ANGLE
0,205.0422,t5099,LIDAR_ONLY,11.1847,11.1847,15.4778,4.2931,4.2931,27.7371,27.7371,0,0,9.02,1.29,cautious,29.42,front,LIDAR_ONLY
0,205.0422,t5101,LIDAR_ONLY,19.4713,19.4713,15.4778,3.9935,3.9935,25.8016,25.8016,0,0,9.02,1.29,drive,21.22,front,LIDAR_ONLY
0,205.0422,t5101,LIDAR_ONLY,17.0708,17.0708,15.4778,1.5930,1.5930,10.2920,10.2920,0,0,9.02,1.29,drive,25.32,front,LIDAR_ONLY
0,205.0422,t5102,LIDAR_ONLY,10.6728,10.6728,15.4778,4.8050,4.8050,31.0447,31.0447,0,0,9.02,1.29,cautious,-3.38,front,LIDAR_ONLY
0,205.0422,t5102,LIDAR_ONLY,10.4867,10.4867,15.4778,4.9911,4.9911,32.2465,32.2465,0,0,9.02,1.29,cautious,4.82,front,LIDAR_ONLY
0,205.0944,cam_2,CAM_ONLY,19.2197,,15.4778,3.7418,,24.1756,,0,,9.12,1.13,warning,,,CAMERA_ONLY
0,205.1656,cam_2,CAM_ONLY,19.2579,,15.4778,3.7801,,24.4229,,0,,18.12,1.90,warning,,,CAMERA_ONLY
0,205.2297,cam_2,CAM_ONLY,19.1910,,15.4778,3.7132,,23.9905,,0,,15.22,0.90,warning,,,CAMERA_ONLY
0,205.2910,cam_2,CAM_ONLY,19.2025,,15.4778,3.7247,,24.0647,,0,,13.05,1.15,warning,,,CAMERA_ONLY
0,205.3463,cam_2,CAM_ONLY,19.2042,,15.4778,3.7264,,24.0756,,0,,13.22,1.10,warning,,,CAMERA_ONLY
0,205.4139,cam_2,CAM_ONLY,19.2569,,15.4778,3.7791,,24.4164,,0,,18.95,1.97,warning,,,CAMERA_ONLY
0,205.4769,cam_2,CAM_ONLY,19.2681,,15.4778,3.7903,,24.4887,,0,,13.32,0.81,warning,,,CAMERA_ONLY
0,205.5336,t5112,BOTH,19.1416,10.4900,15.4778,3.6638,4.9878,23.6715,32.2255,0,0,10.71,1.04,warning,,,FULL_ANGLE
0,205.5336,t5111,LIDAR_ONLY,14.4219,14.4219,15.4778,1.0559,1.0559,6.8221,6.8221,0,0,10.71,1.04,cautious,22.37,front,LIDAR_ONLY
0,205.5336,t5111,LIDAR_ONLY,15.2006,15.2006,15.4778,0.2773,0.2773,1.7913,1.7913,1,1,10.71,1.04,cautious,18.28,front,LIDAR_ONLY
0,205.5336,t5111,LIDAR_ONLY,15.2079,15.2079,15.4778,0.2699,0.2699,1.7440,1.7440,1,1,10.71,1.04,cautious,26.45,front,LIDAR_ONLY
0,205.5336,t5112,LIDAR_ONLY,10.5115,10.5115,15.4778,4.9663,4.9663,32.0864,32.0864,0,0,10.71,1.04,cautious,-2.14,front,LIDAR_ONLY
0,205.5336,t5112,LIDAR_ONLY,10.4537,10.4537,15.4778,5.0241,5.0241,32.4603,32.4603,0,0,10.71,1.04,cautious,6.03,front,LIDAR_ONLY
0,205.5922,t5112,BOTH,19.1327,10.4647,15.4778,3.6549,5.0131,23.6138,32.3890,0,0,14.68,1.21,warning,,,FULL_ANGLE
0,205.5922,t5111,LIDAR_ONLY,15.1100,15.1100,15.4778,0.3678,0.3678,2.3763,2.3763,1,1,14.68,1.21,drive,21.84,front,LIDAR_ONLY
0,205.5922,t5111,LIDAR_ONLY,14.3363,14.3363,15.4778,1.1415,1.1415,7.3750,7.3750,0,0,14.68,1.21,cautious,25.83,front,LIDAR_ONLY
0,205.5922,t5111,LIDAR_ONLY,13.3437,13.3437,15.4778,2.1341,2.1341,13.7880,13.7880,0,0,14.68,1.21,cautious,29.82,front,LIDAR_ONLY
0,205.5922,t5112,LIDAR_ONLY,10.4565,10.4565,15.4778,5.0213,5.0213,32.4421,32.4421,0,0,14.68,1.21,cautious,-2.12,front,LIDAR_ONLY
0,205.5922,t5112,LIDAR_ONLY,10.4592,10.4592,15.4778,5.0186,5.0186,32.4244,32.4244,0,0,14.68,1.21,cautious,5.87,front,LIDAR_ONLY
0,205.6477,cam_2,CAM_ONLY,19.2166,,15.4778,3.7388,,24.1556,,0,,10.57,1.03,warning,,,CAMERA_ONLY
0,205.7073,cam_2,CAM_ONLY,19.3343,,15.4778,3.8565,,24.9161,,0,,9.29,1.19,warning,,,CAMERA_ONLY
0,205.7566,cam_2,CAM_ONLY,19.1930,,15.4778,3.7152,,24.0032,,0,,11.02,1.15,warning,,,CAMERA_ONLY
0,205.8120,cam_2,CAM_ONLY,19.3541,,15.4778,3.8763,,25.0445,,0,,13.26,0.90,warning,,,CAMERA_ONLY
0,205.8678,cam_2,CAM_ONLY,19.3898,,15.4778,3.9120,,25.2750,,0,,9.75,0.92,warning,,,CAMERA_ONLY
0,205.9242,cam_2,CAM_ONLY,19.5554,,15.4778,4.0775,,26.3445,,0,,12.85,1.04,warning,,,CAMERA_ONLY
0,205.9864,t5126,BOTH,19.1764,10.5640,15.4778,3.6986,4.9138,23.8960,31.7471,0,0,14.45,1.09,warning,,,FULL_ANGLE
0,205.9864,t5125,LIDAR_ONLY,16.0480,16.0480,15.4778,0.5702,0.5702,3.6839,3.6839,1,1,14.45,1.09,drive,20.68,front,LIDAR_ONLY
0,205.9864,t5125,LIDAR_ONLY,13.9993,13.9993,15.4778,1.4785,1.4785,9.5522,9.5522,0,0,14.45,1.09,cautious,24.81,front,LIDAR_ONLY
0,205.9864,t5125,LIDAR_ONLY,13.1843,13.1843,15.4778,2.2935,2.2935,14.8181,14.8181,0,0,14.45,1.09,cautious,28.95,front,LIDAR_ONLY
0,205.9864,t5126,LIDAR_ONLY,10.5769,10.5769,15.4778,4.9009,4.9009,31.6643,31.6643,0,0,14.45,1.09,cautious,-4.13,front,LIDAR_ONLY
0,205.9864,t5126,LIDAR_ONLY,10.5262,10.5262,15.4778,4.9516,4.9516,31.9916,31.9916,0,0,14.45,1.09,cautious,4.14,front,LIDAR_ONLY
0,206.0509,cam_2,CAM_ONLY,19.2517,,15.4778,3.7739,,24.3824,,0,,19.81,1.16,warning,,,CAMERA_ONLY
0,206.1186,cam_2,CAM_ONLY,19.2364,,15.4778,3.7586,,24.2836,,0,,20.11,0.94,warning,,,CAMERA_ONLY
0,206.1764,t5126,BOTH,19.1752,10.4859,15.4778,3.6974,4.9919,23.8885,32.2518,0,0,9.85,0.92,warning,,,FULL_ANGLE
0,206.1764,t5126,LIDAR_ONLY,10.4754,10.4754,15.4778,5.0024,5.0024,32.3196,32.3196,0,0,9.85,0.92,cautious,5.17,front,LIDAR_ONLY
0,206.1764,t5126,LIDAR_ONLY,10.4845,10.4845,15.4778,4.9934,4.9934,32.2614,32.2614,0,0,9.85,0.92,cautious,-3.05,front,LIDAR_ONLY
0,206.2348,t5126,BOTH,19.6328,10.4673,15.4778,4.1550,5.0105,26.8446,32.3725,0,0,16.62,0.94,warning,,,FULL_ANGLE
0,206.2348,t5131,LIDAR_ONLY,11.9190,11.9190,15.4778,3.5588,3.5588,22.9928,22.9928,0,0,16.62,0.94,cautious,26.04,front,LIDAR_ONLY
0,206.2348,t5131,LIDAR_ONLY,12.3182,12.3182,15.4778,3.1596,3.1596,20.4137,20.4137,0,0,16.62,0.94,cautious,21.85,front,LIDAR_ONLY
0,206.2348,t5126,LIDAR_ONLY,10.4754,10.4754,15.4778,5.0024,5.0024,32.3197,32.3197,0,0,16.62,0.94,cautious,-3.29,front,LIDAR_ONLY
0,206.2973,cam_2,CAM_ONLY,19.1131,,15.4778,3.6353,,23.4872,,0,,16.52,1.38,warning,,,CAMERA_ONLY
0,206.2973,t5131,LIDAR_ONLY,12.3330,12.3330,15.4778,3.1448,3.1448,20.3181,20.3181,0,0,16.52,1.38,cautious,27.85,front,LIDAR_ONLY
0,206.2973,t5131,LIDAR_ONLY,12.5455,12.5455,15.4778,2.9323,2.9323,18.9450,18.9450,0,0,16.52,1.38,cautious,19.84,front,LIDAR_ONLY
0,206.2973,t5131,LIDAR_ONLY,12.7113,12.7113,15.4778,2.7666,2.7666,17.8743,17.8743,0,0,16.52,1.38,cautious,23.84,front,LIDAR_ONLY
0,206.3632,cam_2,CAM_ONLY,19.2329,,15.4778,3.7551,,24.2614,,0,,16.13,2.62,warning,,,CAMERA_ONLY
0,206.4328,t5126,BOTH,19.2699,10.4875,15.4778,3.7921,4.9903,24.5001,32.2415,0,0,19.07,2.43,warning,,,FULL_ANGLE
0,206.4328,t5131,LIDAR_ONLY,12.8561,12.8561,15.4778,2.6217,2.6217,16.9383,16.9383,0,0,19.07,2.43,cautious,26.03,front,LIDAR_ONLY
0,206.4328,t5131,LIDAR_ONLY,12.9293,12.9293,15.4778,2.5485,2.5485,16.4658,16.4658,0,0,19.07,2.43,cautious,22.03,front,LIDAR_ONLY
0,206.4328,t5131,LIDAR_ONLY,13.5177,13.5177,15.4778,1.9601,1.9601,12.6637,12.6637,0,0,19.07,2.43,cautious,18.02,front,LIDAR_ONLY
0,206.4328,t5126,LIDAR_ONLY,10.4855,10.4855,15.4778,4.9923,4.9923,32.2547,32.2547,0,0,19.07,2.43,cautious,6.02,front,LIDAR_ONLY
0,206.4328,t5126,LIDAR_ONLY,10.4836,10.4836,15.4778,4.9942,4.9942,32.2668,32.2668,0,0,19.07,2.43,cautious,-1.99,front,LIDAR_ONLY
0,206.4975,cam_2,CAM_ONLY,19.3199,,15.4778,3.8421,,24.8232,,0,,12.03,1.25,warning,,,CAMERA_ONLY
0,206.4975,t5131,LIDAR_ONLY,13.7981,13.7981,15.4778,1.6797,1.6797,10.8521,10.8521,0,0,12.03,1.25,cautious,22.55,front,LIDAR_ONLY
0,206.4975,t5131,LIDAR_ONLY,13.8413,13.8413,15.4778,1.6365,1.6365,10.5732,10.5732,0,0,12.03,1.25,cautious,26.76,front,LIDAR_ONLY
0,206.4975,t5131,LIDAR_ONLY,14.2424,14.2424,15.4778,1.2354,1.2354,7.9817,7.9817,0,0,12.03,1.25,cautious,18.35,front,LIDAR_ONLY
0,206.5572,cam_2,CAM_ONLY,19.2471,,15.4778,3.7693,,24.3531,,0,,14.57,1.25,warning,,,CAMERA_ONLY
0,206.6217,cam_2,CAM_ONLY,19.2241,,15.4778,3.7463,,24.2045,,0,,15.85,0.84,warning,,,CAMERA_ONLY
0,206.6975,t5139,BOTH,19.2013,10.5038,15.4778,3.7235,4.9740,24.0567,32.1363,0,0,17.08,2.97,warning,,,FULL_ANGLE
0,206.6975,t5131,LIDAR_ONLY,14.4418,14.4418,15.4778,1.0360,1.0360,6.6936,6.6936,0,0,17.08,2.97,cautious,24.49,front,LIDAR_ONLY
0,206.6975,t5139,LIDAR_ONLY,10.6059,10.6059,15.4778,4.8719,4.8719,31.4769,31.4769,0,0,17.08,2.97,cautious,-4.90,front,LIDAR_ONLY
0,206.6975,t5139,LIDAR_ONLY,10.4968,10.4968,15.4778,4.9810,4.9810,32.1814,32.1814,0,0,17.08,2.97,cautious,3.50,front,LIDAR_ONLY
0,206.6975,t5131,LIDAR_ONLY,13.1408,13.1408,15.4778,2.3370,2.3370,15.0991,15.0991,0,0,17.08,2.97,cautious,28.69,front,LIDAR_ONLY
0,206.6975,t5131,LIDAR_ONLY,13.2683,13.2683,15.4778,2.2095,2.2095,14.2756,14.2756,0,0,17.08,2.97,cautious,20.29,front,LIDAR_ONLY
0,206.7618,cam_2,CAM_ONLY,19.2133,,15.4778,3.7355,,24.1347,,0,,12.30,0.88,warning,,,CAMERA_ONLY
0,206.8246,cam_2,CAM_ONLY,19.1341,,15.4778,3.6563,,23.6230,,0,,16.61,0.91,warning,,,CAMERA_ONLY
0,206.9013,cam_2,CAM_ONLY,19.1440,,15.4778,3.6662,,23.6867,,0,,13.91,0.99,warning,,,CAMERA_ONLY
0,206.9601,cam_2,CAM_ONLY,19.3014,,15.4778,3.8236,,24.7040,,0,,11.76,0.86,warning,,,CAMERA_ONLY
0,207.0201,cam_2,CAM_ONLY,19.3029,,15.4778,3.8251,,24.7135,,0,,13.49,0.84,warning,,,CAMERA_ONLY
0,207.0812,t5143,BOTH,19.2014,10.5140,15.4778,3.7236,4.9638,24.0576,32.0703,0,0,15.79,0.86,warning,,,FULL_ANGLE
0,207.0812,t5143,LIDAR_ONLY,10.5808,10.5808,15.4778,4.8970,4.8970,31.6386,31.6386,0,0,15.79,0.86,cautious,-4.24,front,LIDAR_ONLY
0,207.0812,t5143,LIDAR_ONLY,10.5061,10.5061,15.4778,4.9717,4.9717,32.1214,32.1214,0,0,15.79,0.86,cautious,3.86,front,LIDAR_ONLY
0,207.1430,cam_2,CAM_ONLY,19.1673,,15.4778,3.6895,,23.8373,,0,,11.90,1.14,warning,,,CAMERA_ONLY
0,207.2012,cam_2,CAM_ONLY,19.1247,,15.4778,3.6469,,23.5618,,0,,15.43,1.09,warning,,,CAMERA_ONLY
0,207.2599,cam_2,CAM_ONLY,19.2480,,15.4778,3.7702,,24.3590,,0,,12.92,1.11,warning,,,CAMERA_ONLY
0,207.3208,cam_2,CAM_ONLY,19.2624,,15.4778,3.7846,,24.4520,,0,,13.47,1.27,warning,,,CAMERA_ONLY
0,207.3790,cam_2,CAM_ONLY,19.6024,,15.4778,4.1246,,26.6482,,0,,13.05,0.78,warning,,,CAMERA_ONLY
0,207.4370,t5154,BOTH,19.1006,10.4887,15.4778,3.6228,4.9891,23.4066,32.2340,0,0,10.42,0.92,warning,,,FULL_ANGLE
0,207.4370,t5153,LIDAR_ONLY,14.0247,14.0247,15.4778,1.4531,1.4531,9.3883,9.3883,0,0,10.42,0.92,cautious,22.86,front,LIDAR_ONLY
0,207.4370,t5153,LIDAR_ONLY,14.5904,14.5904,15.4778,0.8874,0.8874,5.7333,5.7333,1,1,10.42,0.92,cautious,18.59,front,LIDAR_ONLY
0,207.4370,t5154,LIDAR_ONLY,10.4798,10.4798,15.4778,4.9980,4.9980,32.2917,32.2917,0,0,10.42,0.92,cautious,5.79,front,LIDAR_ONLY
0,207.4370,t5153,LIDAR_ONLY,14.3729,14.3729,15.4778,1.1049,1.1049,7.1388,7.1388,0,0,10.42,0.92,cautious,27.13,front,LIDAR_ONLY
0,207.4976,cam_2,CAM_ONLY,19.2298,,15.4778,3.7520,,24.2410,,0,,16.66,1.24,warning,,,CAMERA_ONLY
0,207.5573,cam_2,CAM_ONLY,19.3188,,15.4778,3.8410,,24.8163,,0,,13.05,1.21,warning,,,CAMERA_ONLY
0,207.6146,cam_2,CAM_ONLY,19.2201,,15.4778,3.7423,,24.1782,,0,,9.56,0.85,warning,,,CAMERA_ONLY
0,207.6725,cam_2,CAM_ONLY,19.6620,,15.4778,4.1842,,27.0338,,0,,10.54,1.03,warning,,,CAMERA_ONLY
0,207.7290,t5163,BOTH,19.6892,10.5082,15.4778,4.2114,4.9696,27.2095,32.1077,0,0,10.79,0.83,warning,,,FULL_ANGLE
0,207.7290,t5163,LIDAR_ONLY,10.6670,10.6670,15.4778,4.8108,4.8108,31.0817,31.0817,0,0,10.79,0.83,cautious,-3.87,front,LIDAR_ONLY
0,207.7290,t5163,LIDAR_ONLY,10.5242,10.5242,15.4778,4.9536,4.9536,32.0047,32.0047,0,0,10.79,0.83,cautious,4.43,front,LIDAR_ONLY
0,207.7830,t5163,BOTH,19.4077,10.5081,15.4778,3.9299,4.9697,25.3903,32.1086,0,0,13.43,0.87,warning,,,FULL_ANGLE
0,207.7830,t5163,LIDAR_ONLY,10.5112,10.5112,15.4778,4.9667,4.9667,32.0889,32.0889,0,0,13.43,0.87,cautious,-4.23,front,LIDAR_ONLY
0,207.8424,cam_2,CAM_ONLY,19.2514,,15.4778,3.7736,,24.3805,,0,,12.26,1.36,warning,,,CAMERA_ONLY
0,207.8424,t5168,LIDAR_ONLY,13.3092,13.3092,15.4778,2.1686,2.1686,14.0108,14.0108,0,0,12.26,1.36,cautious,23.82,front,LIDAR_ONLY
0,207.8424,t5168,LIDAR_ONLY,13.8018,13.8018,15.4778,1.6760,1.6760,10.8285,10.8285,0,0,12.26,1.36,cautious,19.63,front,LIDAR_ONLY
0,207.8424,t5168,LIDAR_ONLY,13.2742,13.2742,15.4778,2.2036,2.2036,14.2369,14.2369,0,0,12.26,1.36,cautious,28.01,front,LIDAR_ONLY
0,207.9047,cam_2,CAM_ONLY,19.1930,,15.4778,3.7152,,24.0033,,0,,10.33,1.25,warning,,,CAMERA_ONLY
0,207.9580,cam_2,CAM_ONLY,19.6734,,15.4778,4.1956,,27.1074,,0,,12.40,1.12,warning,,,CAMERA_ONLY
0,208.0140,cam_2,CAM_ONLY,19.2982,,15.4778,3.8204,,24.6832,,0,,8.90,0.86,warning,,,CAMERA_ONLY
0,208.0691,cam_2,CAM_ONLY,19.2750,,15.4778,3.7972,,24.5331,,0,,12.25,1.00,warning,,,CAMERA_ONLY
0,208.1260,cam_2,CAM_ONLY,19.5893,,15.4778,4.1115,,26.5641,,0,,9.61,0.81,warning,,,CAMERA_ONLY
0,208.1809,t5176,BOTH,19.2121,10.5602,15.4778,3.7343,4.9176,24.1269,31.7717,0,0,12.42,0.83,warning,,,FULL_ANGLE
0,208.1809,t5176,LIDAR_ONLY,10.6446,10.6446,15.4778,4.8332,4.8332,31.2267,31.2267,0,0,12.42,0.83,cautious,-1.47,front,LIDAR_ONLY
0,208.2479,cam_2,CAM_ONLY,19.3325,,15.4778,3.8547,,24.9048,,0,,16.29,2.21,warning,,,CAMERA_ONLY
0,208.3030,cam_2,CAM_ONLY,19.1670,,15.4778,3.6892,,23.8353,,0,,12.62,1.25,warning,,,CAMERA_ONLY
0,208.3586,cam_2,CAM_ONLY,19.5821,,15.4778,4.1043,,26.5173,,0,,14.91,0.91,warning,,,CAMERA_ONLY
0,208.4162,cam_2,CAM_ONLY,19.1299,,15.4778,3.6521,,23.5956,,0,,12.57,0.89,warning,,,CAMERA_ONLY
0,208.4828,t5183,BOTH,19.3164,10.4557,15.4778,3.8385,5.0221,24.8003,32.4474,0,0,15.77,1.61,warning,,,FULL_ANGLE
0,208.4828,t5183,LIDAR_ONLY,10.4928,10.4928,15.4778,4.9850,4.9850,32.2074,32.2074,0,0,15.77,1.61,cautious,-1.48,front,LIDAR_ONLY
0,208.5465,cam_2,CAM_ONLY,19.3461,,15.4778,3.8683,,24.9925,,0,,12.01,1.18,warning,,,CAMERA_ONLY
0,208.6008,cam_2,CAM_ONLY,19.2099,,15.4778,3.7321,,24.1123,,0,,11.34,1.68,warning,,,CAMERA_ONLY
0,208.6527,cam_2,CAM_ONLY,19.2230,,15.4778,3.7452,,24.1974,,0,,11.14,1.09,warning,,,CAMERA_ONLY
0,208.7145,cam_2,CAM_ONLY,19.2024,,15.4778,3.7246,,24.0642,,0,,13.00,1.01,warning,,,CAMERA_ONLY
0,208.7789,cam_2,CAM_ONLY,19.2742,,15.4778,3.7964,,24.5282,,0,,10.54,0.72,warning,,,CAMERA_ONLY
0,208.8372,cam_2,CAM_ONLY,19.3012,,15.4778,3.8234,,24.7024,,0,,9.06,1.17,warning,,,CAMERA_ONLY
0,208.8372,t5195,LIDAR_ONLY,13.7570,13.7570,15.4778,1.7208,1.7208,11.1182,11.1182,0,0,9.06,1.17,cautious,23.21,front,LIDAR_ONLY
0,208.8372,t5195,LIDAR_ONLY,12.7201,12.7201,15.4778,2.7577,2.7577,17.8172,17.8172,0,0,9.06,1.17,cautious,27.25,front,LIDAR_ONLY
0,208.8950,cam_2,CAM_ONLY,19.1866,,15.4778,3.7088,,23.9622,,0,,12.46,1.10,warning,,,CAMERA_ONLY
0,208.9516,cam_2,CAM_ONLY,19.2218,,15.4778,3.7440,,24.1897,,0,,11.06,1.12,warning,,,CAMERA_ONLY
0,209.0084,cam_2,CAM_ONLY,19.1442,,15.4778,3.6664,,23.6879,,0,,9.06,0.85,warning,,,CAMERA_ONLY
0,209.0651,cam_2,CAM_ONLY,19.2410,,15.4778,3.7632,,24.3136,,0,,13.76,0.83,warning,,,CAMERA_ONLY
0,209.1180,cam_2,CAM_ONLY,19.3483,,15.4778,3.8705,,25.0065,,0,,10.21,0.95,warning,,,CAMERA_ONLY
0,209.1765,cam_2,CAM_ONLY,19.2208,,15.4778,3.7430,,24.1829,,0,,12.12,1.05,warning,,,CAMERA_ONLY
0,209.2358,t5205,BOTH,19.1698,10.5669,15.4778,3.6919,4.9109,23.8532,31.7288,0,0,14.48,1.02,warning,,,FULL_ANGLE
0,209.2358,t5204,LIDAR_ONLY,10.3481,10.3481,15.4778,5.1297,5.1297,33.1421,33.1421,0,0,14.48,1.02,cautious,29.35,front,LIDAR_ONLY
0,209.2358,t5205,LIDAR_ONLY,10.5827,10.5827,15.4778,4.8951,4.8951,31.6269,31.6269,0,0,14.48,1.02,cautious,-4.29,front,LIDAR_ONLY
0,209.2358,t5204,LIDAR_ONLY,10.5395,10.5395,15.4778,4.9383,4.9383,31.9054,31.9054,0,0,14.48,1.02,cautious,25.14,front,LIDAR_ONLY
0,209.2358,t5205,LIDAR_ONLY,10.5422,10.5422,15.4778,4.9356,4.9356,31.8880,31.8880,0,0,14.48,1.02,cautious,4.12,front,LIDAR_ONLY
0,209.2948,cam_2,CAM_ONLY,19.2643,,15.4778,3.7865,,24.4641,,0,,13.66,1.24,warning,,,CAMERA_ONLY
0,209.2948,t5204,LIDAR_ONLY,10.7469,10.7469,15.4778,4.7309,4.7309,30.5656,30.5656,0,0,13.66,1.24,cautious,26.47,front,LIDAR_ONLY
0,209.3505,cam_2,CAM_ONLY,19.2735,,15.4778,3.7957,,24.5237,,0,,10.00,1.17,warning,,,CAMERA_ONLY
0,209.4148,cam_2,CAM_ONLY,19.3164,,15.4778,3.8386,,24.8009,,0,,13.29,0.94,warning,,,CAMERA_ONLY
0,209.4748,cam_2,CAM_ONLY,19.1986,,15.4778,3.7208,,24.0395,,0,,9.56,1.00,warning,,,CAMERA_ONLY
0,209.5294,cam_2,CAM_ONLY,19.2333,,15.4778,3.7555,,24.2639,,0,,10.94,1.04,warning,,,CAMERA_ONLY
0,209.5848,t5216,BOTH,19.3209,10.4895,15.4778,3.8431,4.9883,24.8296,32.2285,0,0,12.25,1.11,warning,,,FULL_ANGLE
0,209.5848,t5215,LIDAR_ONLY,10.8919,10.8919,15.4778,4.5859,4.5859,29.6290,29.6290,0,0,12.25,1.11,cautious,28.08,front,LIDAR_ONLY
0,209.5848,t5215,LIDAR_ONLY,11.3686,11.3686,15.4778,4.1092,4.1092,26.5492,26.5492,0,0,12.25,1.11,cautious,19.68,front,LIDAR_ONLY
0,209.5848,t5215,LIDAR_ONLY,11.7495,11.7495,15.4778,3.7283,3.7283,24.0882,24.0882,0,0,12.25,1.11,cautious,23.88,front,LIDAR_ONLY
0,209.5848,t5216,LIDAR_ONLY,10.4884,10.4884,15.4778,4.9895,4.9895,32.2362,32.2362,0,0,12.25,1.11,cautious,-1.32,front,LIDAR_ONLY
0,209.5848,t5216,LIDAR_ONLY,10.5384,10.5384,15.4778,4.9395,4.9395,31.9131,31.9131,0,0,12.25,1.11,cautious,7.08,front,LIDAR_ONLY
0,209.6498,cam_2,CAM_ONLY,19.3479,,15.4778,3.8701,,25.0039,,0,,14.71,1.01,warning,,,CAMERA_ONLY
0,209.7152,cam_2,CAM_ONLY,19.2662,,15.4778,3.7884,,24.4765,,0,,18.50,1.07,warning,,,CAMERA_ONLY
0,209.7689,cam_2,CAM_ONLY,19.7113,,15.4778,4.2335,,27.3521,,0,,12.06,0.88,warning,,,CAMERA_ONLY
0,209.8254,cam_2,CAM_ONLY,19.4019,,15.4778,3.9241,,25.3533,,0,,13.59,1.17,warning,,,CAMERA_ONLY
0,209.8953,cam_2,CAM_ONLY,19.2926,,11.1203,8.1723,,73.4901,,0,,22.17,1.82,warning,,,CAMERA_ONLY
0,209.9599,cam_2,CAM_ONLY,19.8610,,11.4974,8.3636,,72.7436,,0,,14.15,1.16,warning,,,CAMERA_ONLY
0,210.0139,cam_2,CAM_ONLY,19.6777,,11.8748,7.8029,,65.7101,,0,,12.32,0.94,warning,,,CAMERA_ONLY
0,210.0678,cam_2,CAM_ONLY,19.7047,,12.4371,7.2676,,58.4347,,0,,10.29,0.99,warning,,,CAMERA_ONLY
0,210.1276,cam_2,CAM_ONLY,19.3783,,13.1059,6.2723,,47.8589,,0,,13.80,0.88,warning,,,CAMERA_ONLY
0,210.1853,t5229,BOTH,19.3101,10.5110,13.8799,5.4302,3.3689,39.1228,24.2717,0,0,12.25,0.93,warning,,,FULL_ANGLE
0,210.1853,t5228,LIDAR_ONLY,13.8092,13.8092,13.8799,0.0707,0.0707,0.5095,0.5095,1,1,12.25,0.93,cautious,23.14,front,LIDAR_ONLY
0,210.1853,t5228,LIDAR_ONLY,14.5055,14.5055,13.8799,0.6256,0.6256,4.5071,4.5071,1,1,12.25,0.93,cautious,18.96,front,LIDAR_ONLY
0,210.1853,t5229,LIDAR_ONLY,10.5062,10.5062,13.8799,3.3737,3.3737,24.3062,24.3062,0,0,12.25,0.93,cautious,-1.96,front,LIDAR_ONLY
0,210.1853,t5229,LIDAR_ONLY,10.5044,10.5044,13.8799,3.3755,3.3755,24.3197,24.3197,0,0,12.25,0.93,cautious,6.41,front,LIDAR_ONLY
0,210.2488,cam_2,CAM_ONLY,19.7257,,14.8324,4.8933,,32.9902,,0,,12.32,1.00,warning,,,CAMERA_ONLY
0,210.3090,cam_2,CAM_ONLY,19.3337,,15.4778,3.8559,,24.9126,,0,,12.27,1.22,warning,,,CAMERA_ONLY
0,210.3714,cam_2,CAM_ONLY,19.2965,,15.4778,3.8187,,24.6723,,0,,14.20,1.06,warning,,,CAMERA_ONLY
0,210.4339,t5239,BOTH,19.3935,10.4451,15.4778,3.9157,5.0327,25.2990,32.5158,0,0,18.67,1.01,warning,,,FULL_ANGLE
0,210.4339,t5237,LIDAR_ONLY,14.2135,14.2135,15.4778,1.2643,1.2643,8.1688,8.1688,0,0,18.67,1.01,cautious,22.62,front,LIDAR_ONLY
0,210.4339,t5237,LIDAR_ONLY,14.9377,14.9377,15.4778,0.5401,0.5401,3.4894,3.4894,1,1,18.67,1.01,cautious,18.60,front,LIDAR_ONLY
0,210.4339,t5237,LIDAR_ONLY,14.5361,14.5361,15.4778,0.9417,0.9417,6.0844,6.0844,1,1,18.67,1.01,cautious,26.64,front,LIDAR_ONLY
0,210.4339,t5239,LIDAR_ONLY,10.4931,10.4931,15.4778,4.9847,4.9847,32.2058,32.2058,0,0,18.67,1.01,cautious,-1.49,front,LIDAR_ONLY
0,210.5096,cam_2,CAM_ONLY,19.3759,,15.4778,3.8981,,25.1850,,0,,13.46,1.16,warning,,,CAMERA_ONLY
0,210.5678,cam_2,CAM_ONLY,19.1902,,15.4778,3.7124,,23.9851,,0,,13.81,0.98,warning,,,CAMERA_ONLY
0,210.6379,t5239,BOTH,19.2717,10.4450,15.4778,3.7939,5.0328,24.5120,32.5163,0,0,20.24,1.20,warning,,,FULL_ANGLE
0,210.6379,t5237,LIDAR_ONLY,14.1262,14.1262,15.4778,1.3516,1.3516,8.7325,8.7325,0,0,20.24,1.20,cautious,24.67,front,LIDAR_ONLY
0,210.6379,t5237,LIDAR_ONLY,13.4691,13.4691,15.4778,2.0087,2.0087,12.9781,12.9781,0,0,20.24,1.20,cautious,28.69,front,LIDAR_ONLY
0,210.6379,t5239,LIDAR_ONLY,10.4466,10.4466,15.4778,5.0312,5.0312,32.5059,32.5059,0,0,20.24,1.20,cautious,4.55,front,LIDAR_ONLY
0,210.6983,cam_2,CAM_ONLY,19.2402,,15.4778,3.7623,,24.3080,,0,,13.39,1.26,warning,,,CAMERA_ONLY
0,210.7583,cam_2,CAM_ONLY,19.3707,,15.4778,3.8929,,25.1512,,0,,15.07,1.21,warning,,,CAMERA_ONLY
0,210.8177,cam_2,CAM_ONLY,19.3362,,15.4778,3.8584,,24.9284,,0,,11.98,1.05,warning,,,CAMERA_ONLY
0,210.8803,cam_2,CAM_ONLY,19.4741,,15.4778,3.9963,,25.8193,,0,,14.67,1.09,warning,,,CAMERA_ONLY
0,210.9357,t5250,BOTH,19.0882,10.5572,15.4778,3.6104,4.9206,23.3265,31.7916,0,0,12.49,0.89,warning,,,FULL_ANGLE
0,210.9357,t5249,LIDAR_ONLY,23.4918,23.4918,15.4778,8.0140,8.0140,51.7773,51.7773,0,0,12.49,0.89,drive,16.52,front,LIDAR_ONLY
0,210.9357,t5250,LIDAR_ONLY,10.5847,10.5847,15.4778,4.8931,4.8931,31.6135,31.6135,0,0,12.49,0.89,cautious,-4.34,front,LIDAR_ONLY
0,210.9357,t5250,LIDAR_ONLY,10.5137,10.5137,15.4778,4.9641,4.9641,32.0722,32.0722,0,0,12.49,0.89,cautious,4.00,front,LIDAR_ONLY
0,210.9904,cam_2,CAM_ONLY,19.0115,,15.4778,3.5337,,22.8307,,0,,10.76,1.15,warning,,,CAMERA_ONLY
0,210.9904,t5249,LIDAR_ONLY,17.3266,17.3266,15.4778,1.8488,1.8488,11.9446,11.9446,0,0,10.76,1.15,drive,24.61,front,LIDAR_ONLY
0,210.9904,t5249,LIDAR_ONLY,14.2081,14.2081,15.4778,1.2697,1.2697,8.2033,8.2033,0,0,10.76,1.15,cautious,28.63,front,LIDAR_ONLY
0,210.9904,t5249,LIDAR_ONLY,14.3694,14.3694,15.4778,1.1085,1.1085,7.1616,7.1616,0,0,10.76,1.15,cautious,20.59,front,LIDAR_ONLY
0,211.0465,cam_2,CAM_ONLY,19.1423,,15.4778,3.6645,,23.6758,,0,,13.19,1.15,warning,,,CAMERA_ONLY
0,211.1078,cam_2,CAM_ONLY,19.3169,,15.4778,3.8391,,24.8042,,0,,15.32,1.21,warning,,,CAMERA_ONLY
0,211.1697,cam_2,CAM_ONLY,19.2331,,15.4778,3.7553,,24.2626,,0,,14.12,0.92,warning,,,CAMERA_ONLY
0,211.2397,t5259,BOTH,19.2141,10.5098,15.4778,3.7363,4.9680,24.1399,32.0973,0,0,18.62,1.30,warning,,,FULL_ANGLE
0,211.2397,t5258,LIDAR_ONLY,24.4908,24.4908,15.4778,9.0130,9.0130,58.2318,58.2318,0,0,18.62,1.30,drive,16.16,front,LIDAR_ONLY
0,211.2397,t5258,LIDAR_ONLY,20.4592,20.4592,15.4778,4.9814,4.9814,32.1841,32.1841,0,0,18.62,1.30,drive,20.35,front,LIDAR_ONLY
0,211.2397,t5258,LIDAR_ONLY,17.5710,17.5710,15.4778,2.0932,2.0932,13.5236,13.5236,0,0,18.62,1.30,drive,24.54,front,LIDAR_ONLY
0,211.2397,t5259,LIDAR_ONLY,10.6016,10.6016,15.4778,4.8762,4.8762,31.5045,31.5045,0,0,18.62,1.30,cautious,-4.79,front,LIDAR_ONLY
0,211.2397,t5259,LIDAR_ONLY,10.5276,10.5276,15.4778,4.9502,4.9502,31.9824,31.9824,0,0,18.62,1.30,cautious,3.59,front,LIDAR_ONLY
0,211.2397,t5258,LIDAR_ONLY,16.4525,16.4525,15.4778,0.9747,0.9747,6.2971,6.2971,1,1,18.62,1.30,drive,28.73,front,LIDAR_ONLY
0,211.3040,cam_2,CAM_ONLY,19.1982,,15.4778,3.7204,,24.0370,,0,,13.94,1.06,warning,,,CAMERA_ONLY
0,211.3589,cam_2,CAM_ONLY,19.1684,,15.4778,3.6906,,23.8444,,0,,12.49,1.24,warning,,,CAMERA_ONLY
0,211.4335,t5259,BOTH,19.1309,10.4838,15.4778,3.6531,4.9940,23.6023,32.2653,0,0,15.47,0.91,warning,,,FULL_ANGLE
0,211.4335,t5259,LIDAR_ONLY,10.5165,10.5165,15.4778,4.9613,4.9613,32.0543,32.0543,0,0,15.47,0.91,cautious,-4.97,front,LIDAR_ONLY
0,211.4335,t5259,LIDAR_ONLY,10.5071,10.5071,15.4778,4.9707,4.9707,32.1150,32.1150,0,0,15.47,0.91,cautious,3.43,front,LIDAR_ONLY
0,211.4999,cam_2,CAM_ONLY,19.2179,,15.4778,3.7401,,24.1645,,0,,19.54,1.14,warning,,,CAMERA_ONLY
0,211.5586,cam_2,CAM_ONLY,19.2921,,15.4778,3.8143,,24.6439,,0,,13.57,1.15,warning,,,CAMERA_ONLY
0,211.6335,t5259,BOTH,19.1698,10.5044,15.4778,3.6920,4.9734,23.8532,32.1327,0,0,19.18,1.00,warning,,,FULL_ANGLE
0,211.6335,t5262,LIDAR_ONLY,10.1073,10.1073,15.4778,5.3705,5.3705,34.6984,34.6984,0,0,19.18,1.00,cautious,29.95,front,LIDAR_ONLY
0,211.6335,t5263,LIDAR_ONLY,20.7352,20.7352,15.4778,5.2574,5.2574,33.9675,33.9675,0,0,19.18,1.00,drive,17.72,front,LIDAR_ONLY
0,211.6335,t5263,LIDAR_ONLY,17.4916,17.4916,15.4778,2.0138,2.0138,13.0107,13.0107,0,0,19.18,1.00,drive,21.80,front,LIDAR_ONLY
0,211.6335,t5263,LIDAR_ONLY,15.7896,15.7896,15.4778,0.3118,0.3118,2.0142,2.0142,1,1,19.18,1.00,drive,25.87,front,LIDAR_ONLY
0,211.6335,t5259,LIDAR_ONLY,10.4951,10.4951,15.4778,4.9827,4.9827,32.1924,32.1924,0,0,19.18,1.00,cautious,-2.67,front,LIDAR_ONLY
0,211.6335,t5259,LIDAR_ONLY,10.4846,10.4846,15.4778,4.9932,4.9932,32.2603,32.2603,0,0,19.18,1.00,cautious,5.48,front,LIDAR_ONLY
0,211.6961,cam_2,CAM_ONLY,19.2291,,15.4778,3.7513,,24.2367,,0,,12.88,1.07,warning,,,CAMERA_ONLY
0,211.7621,cam_2,CAM_ONLY,19.0672,,15.4778,3.5894,,23.1903,,0,,19.50,2.00,warning,,,CAMERA_ONLY
0,211.8198,cam_2,CAM_ONLY,19.3975,,15.4778,3.9196,,25.3243,,0,,11.13,1.05,warning,,,CAMERA_ONLY
0,211.8832,t5272,BOTH,19.6945,10.4530,15.4778,4.2167,5.0248,27.2433,32.4644,0,0,17.62,0.88,warning,,,FULL_ANGLE
0,211.8832,t5271,LIDAR_ONLY,24.3476,24.3476,15.4778,8.8698,8.8698,57.3067,57.3067,0,0,17.62,0.88,drive,16.21,front,LIDAR_ONLY
0,211.8832,t5272,LIDAR_ONLY,10.4563,10.4563,15.4778,5.0215,5.0215,32.4435,32.4435,0,0,17.62,0.88,cautious,4.16,front,LIDAR_ONLY
0,211.9543,cam_2,CAM_ONLY,19.5826,,15.4778,4.1048,,26.5206,,0,,17.86,1.16,warning,,,CAMERA_ONLY
0,212.0183,cam_2,CAM_ONLY,19.2074,,15.4778,3.7296,,24.0966,,0,,14.73,0.87,warning,,,CAMERA_ONLY
0,212.0819,t5272,BOTH,19.3552,10.4655,15.4778,3.8774,5.0123,25.0516,32.3840,0,0,18.22,0.89,warning,,,FULL_ANGLE
0,212.0819,t5272,LIDAR_ONLY,10.4822,10.4822,15.4778,4.9956,4.9956,32.2757,32.2757,0,0,18.22,0.89,cautious,-3.02,front,LIDAR_ONLY
0,212.1465,cam_2,CAM_ONLY,19.3578,,15.4778,3.8800,,25.0680,,0,,18.91,1.21,warning,,,CAMERA_ONLY
0,212.2111,cam_2,CAM_ONLY,19.2409,,15.4778,3.7631,,24.3131,,0,,13.34,0.94,warning,,,CAMERA_ONLY
0,212.2681,cam_2,CAM_ONLY,19.3057,,15.4778,3.8279,,24.7314,,0,,11.13,0.98,warning,,,CAMERA_ONLY
0,212.3332,t5279,BOTH,19.5754,10.5000,15.4778,4.0976,4.9778,26.4741,32.1611,0,0,15.80,0.91,warning,,,FULL_ANGLE
0,212.3332,t5278,LIDAR_ONLY,20.6756,20.6756,15.4778,5.1978,5.1978,33.5823,33.5823,0,0,15.80,0.91,drive,17.75,front,LIDAR_ONLY
0,212.3332,t5279,LIDAR_ONLY,10.4988,10.4988,15.4778,4.9790,4.9790,32.1687,32.1687,0,0,15.80,0.91,cautious,5.41,front,LIDAR_ONLY
0,212.4015,cam_2,CAM_ONLY,19.2156,,15.4778,3.7378,,24.1491,,0,,17.55,2.14,warning,,,CAMERA_ONLY
0,212.4590,cam_2,CAM_ONLY,19.2104,,15.4778,3.7326,,24.1159,,0,,12.81,1.09,warning,,,CAMERA_ONLY
0,212.5093,cam_2,CAM_ONLY,19.3046,,15.4778,3.8268,,24.7244,,0,,8.89,1.12,warning,,,CAMERA_ONLY
0,212.5649,cam_2,CAM_ONLY,19.2345,,15.4778,3.7567,,24.2715,,0,,13.53,1.20,warning,,,CAMERA_ONLY
0,212.6363,t5287,BOTH,19.1580,10.4363,4.6383,14.5197,5.7980,313.0381,125.0020,0,0,16.76,1.00,warning,,,FULL_ANGLE
0,212.6363,t5285,LIDAR_ONLY,11.2176,11.2176,4.6383,6.5793,6.5793,141.8467,141.8467,0,0,16.76,1.00,cautious,27.39,front,LIDAR_ONLY
0,212.6363,t5285,LIDAR_ONLY,11.4948,11.4948,4.6383,6.8565,6.8565,147.8219,147.8219,0,0,16.76,1.00,cautious,23.37,front,LIDAR_ONLY
0,212.6363,t5285,LIDAR_ONLY,12.1598,12.1598,4.6383,7.5215,7.5215,162.1593,162.1593,0,0,16.76,1.00,cautious,19.34,front,LIDAR_ONLY
0,212.6363,t5287,LIDAR_ONLY,10.4742,10.4742,4.6383,5.8359,5.8359,125.8185,125.8185,0,0,16.76,1.00,cautious,-0.77,front,LIDAR_ONLY
0,212.6943,cam_2,CAM_ONLY,19.1096,,5.4336,13.6759,,251.6904,,0,,12.97,1.21,warning,,,CAMERA_ONLY
0,212.6943,t5290,LIDAR_ONLY,10.3407,10.3407,5.4336,4.9070,4.9070,90.3086,90.3086,0,0,12.97,1.21,cautious,29.37,front,LIDAR_ONLY
0,212.7581,cam_2,CAM_ONLY,19.1988,,6.5169,12.6819,,194.5987,,0,,14.78,1.24,warning,,,CAMERA_ONLY
0,212.8244,cam_2,CAM_ONLY,19.2332,,7.7901,11.4431,,146.8929,,0,,19.67,1.03,warning,,,CAMERA_ONLY
0,212.8881,t5296,BOTH,19.1382,10.5347,9.0895,10.0487,1.4451,110.5525,15.8990,0,0,11.88,1.03,warning,,,FULL_ANGLE
0,212.8881,t5290,LIDAR_ONLY,10.6324,10.6324,9.0895,1.5428,1.5428,16.9738,16.9738,0,0,11.88,1.03,cautious,25.11,front,LIDAR_ONLY
0,212.8881,t5290,LIDAR_ONLY,10.7311,10.7311,9.0895,1.6416,1.6416,18.0605,18.0605,0,0,11.88,1.03,cautious,29.23,front,LIDAR_ONLY
0,212.8881,t5290,LIDAR_ONLY,11.0224,11.0224,9.0895,1.9329,1.9329,21.2649,21.2649,0,0,11.88,1.03,cautious,20.98,front,LIDAR_ONLY
0,212.8881,t5296,LIDAR_ONLY,10.4630,10.4630,9.0895,1.3734,1.3734,15.1100,15.1100,0,0,11.88,1.03,cautious,4.49,front,LIDAR_ONLY
0,212.8881,t5296,LIDAR_ONLY,10.4797,10.4797,9.0895,1.3902,1.3902,15.2941,15.2941,0,0,11.88,1.03,cautious,-3.76,front,LIDAR_ONLY
0,212.9551,cam_2,CAM_ONLY,19.1599,,10.4966,8.6633,,82.5338,,0,,13.35,1.13,warning,,,CAMERA_ONLY
0,213.0207,cam_2,CAM_ONLY,19.1066,,11.9876,7.1190,,59.3859,,0,,13.47,0.99,warning,,,CAMERA_ONLY
0,213.0785,cam_2,CAM_ONLY,19.1083,,13.2714,5.8368,,43.9804,,0,,11.29,1.00,warning,,,CAMERA_ONLY
0,213.1367,t5300,BOTH,19.1660,10.6485,14.7853,4.3807,4.1368,29.6284,27.9792,0,0,12.22,0.85,warning,,,FULL_ANGLE
0,213.1921,cam_2,CAM_ONLY,19.1885,,15.4778,3.7107,,23.9744,,0,,9.13,0.99,warning,,,CAMERA_ONLY
0,213.2425,cam_2,CAM_ONLY,19.1947,,15.4778,3.7169,,24.0143,,0,,9.60,1.23,warning,,,CAMERA_ONLY
0,213.2425,t5304,LIDAR_ONLY,11.1687,11.1687,15.4778,4.3091,4.3091,27.8403,27.8403,0,0,9.60,1.23,cautious,27.49,front,LIDAR_ONLY
0,213.2425,t5304,LIDAR_ONLY,11.9917,11.9917,15.4778,3.4861,3.4861,22.5231,22.5231,0,0,9.60,1.23,cautious,19.18,front,LIDAR_ONLY
0,213.2425,t5304,LIDAR_ONLY,12.5429,12.5429,15.4778,2.9349,2.9349,18.9620,18.9620,0,0,9.60,1.23,cautious,23.33,front,LIDAR_ONLY
0,213.2992,cam_2,CAM_ONLY,19.1789,,15.4778,3.7011,,23.9123,,0,,9.80,1.42,warning,,,CAMERA_ONLY
0,213.3681,cam_2,CAM_ONLY,19.1328,,15.4778,3.6550,,23.6144,,0,,19.31,1.55,warning,,,CAMERA_ONLY
0,213.4245,cam_2,CAM_ONLY,19.0215,,15.4778,3.5437,,22.8951,,0,,10.38,0.96,warning,,,CAMERA_ONLY
0,213.4815,cam_2,CAM_ONLY,19.4533,,15.4778,3.9754,,25.6848,,0,,11.93,0.71,warning,,,CAMERA_ONLY
0,213.5412,t5313,BOTH,19.5891,10.5425,15.4778,4.1113,4.9353,26.5624,31.8865,0,0,11.50,1.19,warning,,,FULL_ANGLE
0,213.5412,t5312,LIDAR_ONLY,10.5589,10.5589,15.4778,4.9189,4.9189,31.7805,31.7805,0,0,11.50,1.19,cautious,28.84,front,LIDAR_ONLY
0,213.5412,t5312,LIDAR_ONLY,11.0728,11.0728,15.4778,4.4050,4.4050,28.4601,28.4601,0,0,11.50,1.19,cautious,20.88,front,LIDAR_ONLY
0,213.5412,t5312,LIDAR_ONLY,11.4740,11.4740,15.4778,4.0038,4.0038,25.8678,25.8678,0,0,11.50,1.19,cautious,24.86,front,LIDAR_ONLY
0,213.5412,t5313,LIDAR_ONLY,10.4574,10.4574,15.4778,5.0204,5.0204,32.4359,32.4359,0,0,11.50,1.19,cautious,4.95,front,LIDAR_ONLY
0,213.5956,cam_2,CAM_ONLY,19.4539,,15.4778,3.9761,,25.6888,,0,,11.92,0.96,warning,,,CAMERA_ONLY
0,213.6660,cam_2,CAM_ONLY,18.9667,,15.4778,3.4889,,22.5410,,0,,17.68,0.90,warning,,,CAMERA_ONLY
0,213.7317,t5313,BOTH,19.3120,10.4503,15.4778,3.8342,5.0275,24.7721,32.4818,0,0,13.22,0.95,warning,,,FULL_ANGLE
0,213.7317,t5313,LIDAR_ONLY,10.4593,10.4593,15.4778,5.0185,5.0185,32.4239,32.4239,0,0,13.22,0.95,cautious,-1.47,front,LIDAR_ONLY
0,213.7941,cam_2,CAM_ONLY,19.3594,,15.4778,3.8816,,25.0784,,0,,12.39,1.11,warning,,,CAMERA_ONLY
0,213.8609,cam_2,CAM_ONLY,19.2333,,15.4778,3.7555,,24.2637,,0,,15.83,2.39,warning,,,CAMERA_ONLY
0,213.9244,cam_2,CAM_ONLY,19.3414,,15.4778,3.8636,,24.9623,,0,,10.32,0.91,warning,,,CAMERA_ONLY
0,213.9806,cam_2,CAM_ONLY,19.2475,,15.4778,3.7697,,24.3557,,0,,13.51,0.73,warning,,,CAMERA_ONLY
0,214.0456,cam_2,CAM_ONLY,19.3482,,15.4778,3.8704,,25.0063,,0,,12.72,1.14,warning,,,CAMERA_ONLY
0,214.1027,cam_2,CAM_ONLY,19.3353,,15.4778,3.8575,,24.9225,,0,,10.96,1.24,warning,,,CAMERA_ONLY
0,214.1617,cam_2,CAM_ONLY,19.3108,,15.4778,3.8330,,24.7642,,0,,14.49,0.98,warning,,,CAMERA_ONLY
0,214.2126,cam_2,CAM_ONLY,19.1983,,15.4778,3.7205,,24.0377,,0,,10.03,0.91,warning,,,CAMERA_ONLY
0,214.2658,cam_2,CAM_ONLY,19.3687,,15.4778,3.8909,,25.1384,,0,,13.13,1.02,warning,,,CAMERA_ONLY
0,214.3347,cam_2,CAM_ONLY,19.2571,,11.2393,8.0178,,71.3369,,0,,20.99,1.42,warning,,,CAMERA_ONLY
0,214.3347,t5331,LIDAR_ONLY,13.5679,13.5679,11.2393,2.3286,2.3286,20.7181,20.7181,0,0,20.99,1.42,cautious,23.46,front,LIDAR_ONLY
0,214.3347,t5331,LIDAR_ONLY,12.6342,12.6342,11.2393,1.3949,1.3949,12.4106,12.4106,0,0,20.99,1.42,cautious,27.64,front,LIDAR_ONLY
0,214.3991,cam_2,CAM_ONLY,19.1693,,11.6474,7.5219,,64.5805,,0,,14.26,2.04,warning,,,CAMERA_ONLY
0,214.4626,cam_2,CAM_ONLY,19.2291,,12.1793,7.0498,,57.8835,,0,,10.90,0.84,warning,,,CAMERA_ONLY
0,214.5286,t5335,BOTH,19.2150,10.5290,12.9967,6.2183,2.4677,47.8456,18.9873,0,0,17.28,1.04,warning,,,FULL_ANGLE
0,214.5286,t5331,LIDAR_ONLY,11.7589,11.7589,12.9967,1.2378,1.2378,9.5241,9.5241,0,0,17.28,1.04,cautious,28.34,front,LIDAR_ONLY
0,214.5286,t5334,LIDAR_ONLY,26.0780,26.0780,12.9967,13.0813,13.0813,100.6510,100.6510,0,0,17.28,1.04,drive,15.65,front,LIDAR_ONLY
0,214.5286,t5334,LIDAR_ONLY,20.9255,20.9255,12.9967,7.9289,7.9289,61.0068,61.0068,0,0,17.28,1.04,drive,19.88,front,LIDAR_ONLY
0,214.5286,t5335,LIDAR_ONLY,10.5523,10.5523,12.9967,2.4444,2.4444,18.8078,18.8078,0,0,17.28,1.04,cautious,-1.29,front,LIDAR_ONLY
0,214.5930,cam_2,CAM_ONLY,19.6375,,13.8191,5.8184,,42.1038,,0,,19.09,1.10,warning,,,CAMERA_ONLY
0,214.6596,cam_2,CAM_ONLY,19.1962,,14.8211,4.3750,,29.5189,,0,,19.81,2.33,warning,,,CAMERA_ONLY
0,214.7204,cam_2,CAM_ONLY,19.1795,,15.4778,3.7017,,23.9163,,0,,12.80,0.93,warning,,,CAMERA_ONLY
0,214.7768,cam_2,CAM_ONLY,19.3603,,15.4778,3.8825,,25.0843,,0,,9.12,0.91,warning,,,CAMERA_ONLY
0,214.8407,t5344,BOTH,19.3082,10.5047,15.4778,3.8303,4.9731,24.7474,32.1304,0,0,15.85,1.28,warning,,,FULL_ANGLE
0,214.8407,t5343,LIDAR_ONLY,22.1617,22.1617,15.4778,6.6839,6.6839,43.1840,43.1840,0,0,15.85,1.28,drive,17.06,front,LIDAR_ONLY
0,214.8407,t5343,LIDAR_ONLY,18.8541,18.8541,15.4778,3.3763,3.3763,21.8137,21.8137,0,0,15.85,1.28,drive,21.10,front,LIDAR_ONLY
0,214.8407,t5343,LIDAR_ONLY,16.0858,16.0858,15.4778,0.6079,0.6079,3.9279,3.9279,1,1,15.85,1.28,drive,25.14,front,LIDAR_ONLY
0,214.8407,t5343,LIDAR_ONLY,14.1687,14.1687,15.4778,1.3091,1.3091,8.4578,8.4578,0,0,15.85,1.28,cautious,29.18,front,LIDAR_ONLY
0,214.8407,t5344,LIDAR_ONLY,10.6397,10.6397,15.4778,4.8381,4.8381,31.2586,31.2586,0,0,15.85,1.28,cautious,-3.15,front,LIDAR_ONLY
0,214.8407,t5344,LIDAR_ONLY,10.5008,10.5008,15.4778,4.9770,4.9770,32.1560,32.1560,0,0,15.85,1.28,cautious,4.93,front,LIDAR_ONLY
0,214.9046,cam_2,CAM_ONLY,19.2190,,15.4778,3.7412,,24.1714,,0,,14.10,1.18,warning,,,CAMERA_ONLY
0,214.9659,cam_2,CAM_ONLY,19.1539,,15.4778,3.6761,,23.7508,,0,,14.40,0.89,warning,,,CAMERA_ONLY
0,215.0293,cam_2,CAM_ONLY,19.1007,,15.4778,3.6229,,23.4073,,0,,14.47,1.01,warning,,,CAMERA_ONLY
0,215.0945,t5353,BOTH,19.2139,24.6909,15.4778,3.7361,9.2131,24.1386,59.5243,0,0,20.79,1.94,warning,,,FULL_ANGLE
0,215.0945,t5353,LIDAR_ONLY,20.7068,20.7068,15.4778,5.2290,5.2290,33.7839,33.7839,0,0,20.79,1.94,drive,20.13,front,LIDAR_ONLY
0,215.0945,t5353,LIDAR_ONLY,17.7482,17.7482,15.4778,2.2704,2.2704,14.6687,14.6687,0,0,20.79,1.94,drive,24.16,front,LIDAR_ONLY
0,215.0945,t5353,LIDAR_ONLY,16.0974,16.0974,15.4778,0.6196,0.6196,4.0031,4.0031,1,1,20.79,1.94,drive,28.20,front,LIDAR_ONLY
0,215.1552,cam_2,CAM_ONLY,19.4531,,15.4778,3.9753,,25.6840,,0,,18.10,2.37,warning,,,CAMERA_ONLY
0,215.2237,cam_2,CAM_ONLY,19.4401,,15.4778,3.9623,,25.5996,,0,,17.56,1.04,warning,,,CAMERA_ONLY
0,215.2922,cam_2,CAM_ONLY,19.3933,,15.4778,3.9155,,25.2976,,0,,21.23,1.08,warning,,,CAMERA_ONLY
0,215.3453,cam_2,CAM_ONLY,19.0085,,15.4778,3.5307,,22.8115,,0,,11.54,1.43,warning,,,CAMERA_ONLY
0,215.4051,cam_2,CAM_ONLY,19.1212,,15.4778,3.6434,,23.5395,,0,,15.39,1.19,warning,,,CAMERA_ONLY
0,215.4585,cam_2,CAM_ONLY,19.1399,,15.4778,3.6621,,23.6603,,0,,10.81,0.89,warning,,,CAMERA_ONLY
0,215.5174,cam_2,CAM_ONLY,19.0804,,15.4778,3.6026,,23.2759,,0,,16.28,1.07,warning,,,CAMERA_ONLY
0,215.5820,t5364,BOTH,19.5763,10.6409,15.4778,4.0985,4.8369,26.4797,31.2507,0,0,16.54,0.88,warning,,,FULL_ANGLE
0,215.6436,cam_2,CAM_ONLY,19.0990,,15.4778,3.6212,,23.3961,,0,,12.88,1.13,warning,,,CAMERA_ONLY
0,215.6436,t5366,LIDAR_ONLY,13.5044,13.5044,15.4778,1.9734,1.9734,12.7498,12.7498,0,0,12.88,1.13,cautious,23.55,front,LIDAR_ONLY
0,215.6436,t5366,LIDAR_ONLY,12.3814,12.3814,15.4778,3.0964,3.0964,20.0056,20.0056,0,0,12.88,1.13,cautious,27.66,front,LIDAR_ONLY
0,215.6436,t5366,LIDAR_ONLY,12.7535,12.7535,15.4778,2.7243,2.7243,17.6014,17.6014,0,0,12.88,1.13,cautious,19.44,front,LIDAR_ONLY
0,215.7039,cam_2,CAM_ONLY,19.1239,,15.4778,3.6460,,23.5566,,0,,13.65,1.29,warning,,,CAMERA_ONLY
0,215.7621,cam_2,CAM_ONLY,19.2118,,15.4778,3.7339,,24.1245,,0,,12.13,0.83,warning,,,CAMERA_ONLY
0,215.8224,cam_2,CAM_ONLY,19.0525,,15.4778,3.5747,,23.0959,,0,,13.84,1.14,warning,,,CAMERA_ONLY
0,215.8815,cam_2,CAM_ONLY,19.0624,,15.4778,3.5846,,23.1595,,0,,10.08,0.66,warning,,,CAMERA_ONLY
0,215.9394,t5379,BOTH,19.2803,10.4740,15.4778,3.8025,5.0038,24.5674,32.3286,0,0,11.91,1.32,warning,,,FULL_ANGLE
0,215.9394,t5377,LIDAR_ONLY,13.8953,13.8953,15.4778,1.5825,1.5825,10.2241,10.2241,0,0,11.91,1.32,cautious,23.03,front,LIDAR_ONLY
0,215.9394,t5377,LIDAR_ONLY,14.3024,14.3024,15.4778,1.1754,1.1754,7.5941,7.5941,0,0,11.91,1.32,cautious,18.97,front,LIDAR_ONLY
0,215.9394,t5377,LIDAR_ONLY,13.5118,13.5118,15.4778,1.9660,1.9660,12.7018,12.7018,0,0,11.91,1.32,cautious,27.08,front,LIDAR_ONLY
0,215.9394,t5379,LIDAR_ONLY,10.4881,10.4881,15.4778,4.9897,4.9897,32.2380,32.2380,0,0,11.91,1.32,cautious,-1.31,front,LIDAR_ONLY
0,215.9394,t5379,LIDAR_ONLY,10.4509,10.4509,15.4778,5.0269,5.0269,32.4784,32.4784,0,0,11.91,1.32,cautious,6.80,front,LIDAR_ONLY
0,216.0036,cam_2,CAM_ONLY,19.2128,,15.4778,3.7350,,24.1312,,0,,9.17,1.21,warning,,,CAMERA_ONLY
0,216.0605,cam_2,CAM_ONLY,19.0170,,15.4778,3.5392,,22.8660,,0,,11.27,1.20,warning,,,CAMERA_ONLY
0,216.1162,cam_2,CAM_ONLY,19.0541,,15.4778,3.5763,,23.1060,,0,,10.14,1.00,warning,,,CAMERA_ONLY
0,216.1716,cam_2,CAM_ONLY,19.1092,,15.4778,3.6314,,23.4622,,0,,12.59,0.96,warning,,,CAMERA_ONLY
0,216.2422,cam_2,CAM_ONLY,19.0873,,15.4778,3.6095,,23.3203,,0,,19.03,1.13,warning,,,CAMERA_ONLY
0,216.3057,cam_2,CAM_ONLY,19.7424,,15.4778,4.2646,,27.5530,,0,,14.65,1.13,warning,,,CAMERA_ONLY
0,216.3663,cam_2,CAM_ONLY,19.2881,,15.4778,3.8103,,24.6180,,0,,13.82,0.92,warning,,,CAMERA_ONLY
0,216.4290,cam_2,CAM_ONLY,19.6637,,15.4778,4.1859,,27.0447,,0,,13.22,0.73,warning,,,CAMERA_ONLY
0,216.4921,t5394,BOTH,19.6767,25.1058,15.4778,4.1989,9.6280,27.1285,62.2051,0,0,13.23,1.23,warning,,,FULL_ANGLE
0,216.4921,t5392,LIDAR_ONLY,10.7724,10.7724,15.4778,4.7054,4.7054,30.4008,30.4008,0,0,13.23,1.23,cautious,28.34,front,LIDAR_ONLY
0,216.4921,t5392,LIDAR_ONLY,11.0424,11.0424,15.4778,4.4354,4.4354,28.6564,28.6564,0,0,13.23,1.23,cautious,24.21,front,LIDAR_ONLY
0,216.4921,t5392,LIDAR_ONLY,11.7389,11.7389,15.4778,3.7389,3.7389,24.1567,24.1567,0,0,13.23,1.23,cautious,20.08,front,LIDAR_ONLY
0,216.5591,cam_2,CAM_ONLY,19.6298,,15.4778,4.1520,,26.8254,,0,,17.43,2.19,warning,,,CAMERA_ONLY
0,216.6183,cam_2,CAM_ONLY,19.3149,,15.4778,3.8371,,24.7912,,0,,16.09,1.14,warning,,,CAMERA_ONLY
0,216.6811,cam_2,CAM_ONLY,19.3492,,15.4778,3.8714,,25.0128,,0,,14.17,0.80,warning,,,CAMERA_ONLY
0,216.7536,cam_2,CAM_ONLY,19.3617,,15.4778,3.8839,,25.0933,,0,,17.44,1.44,warning,,,CAMERA_ONLY
0,216.8157,cam_2,CAM_ONLY,19.1918,,15.4778,3.7140,,23.9954,,0,,17.40,0.87,warning,,,CAMERA_ONLY
0,216.8736,cam_2,CAM_ONLY,19.1960,,15.4778,3.7182,,24.0226,,0,,12.63,1.04,warning,,,CAMERA_ONLY
0,216.9313,t5406,BOTH,19.2436,10.5572,15.4778,3.7657,4.9206,24.3300,31.7913,0,0,13.23,0.86,warning,,,FULL_ANGLE
0,216.9913,t5410,BOTH,19.2698,26.2703,15.4778,3.7920,10.7924,24.4997,69.7285,0,0,13.21,1.18,warning,,,FULL_ANGLE
0,216.9913,t5409,LIDAR_ONLY,13.2582,13.2582,15.4778,2.2196,2.2196,14.3404,14.3404,0,0,13.21,1.18,cautious,23.89,front,LIDAR_ONLY
0,216.9913,t5409,LIDAR_ONLY,11.9666,11.9666,15.4778,3.5112,3.5112,22.6856,22.6856,0,0,13.21,1.18,cautious,28.05,front,LIDAR_ONLY
0,217.0559,cam_2,CAM_ONLY,19.3191,,15.4778,3.8413,,24.8179,,0,,17.52,1.27,warning,,,CAMERA_ONLY
0,217.1215,cam_2,CAM_ONLY,19.3610,,15.4778,3.8832,,25.0891,,0,,12.98,1.21,warning,,,CAMERA_ONLY
0,217.1834,t5417,BOTH,19.1631,10.5489,15.4778,3.6853,4.9289,23.8101,31.8450,0,0,14.51,0.86,warning,,,FULL_ANGLE
0,217.1834,t5417,LIDAR_ONLY,10.6675,10.6675,15.4778,4.8103,4.8103,31.0787,31.0787,0,0,14.51,0.86,cautious,-3.88,front,LIDAR_ONLY
0,217.1834,t5417,LIDAR_ONLY,10.5866,10.5866,15.4778,4.8912,4.8912,31.6015,31.6015,0,0,14.51,0.86,cautious,4.46,front,LIDAR_ONLY
0,217.2479,cam_2,CAM_ONLY,19.6326,,15.4778,4.1548,,26.8436,,0,,15.57,1.08,warning,,,CAMERA_ONLY
0,217.3205,cam_2,CAM_ONLY,19.1336,,15.4778,3.6558,,23.6195,,0,,18.62,1.00,warning,,,CAMERA_ONLY
0,217.3771,cam_2,CAM_ONLY,19.5206,,15.4778,4.0428,,26.1201,,0,,11.66,0.82,warning,,,CAMERA_ONLY
0,217.4447,cam_2,CAM_ONLY,19.1470,,15.4778,3.6692,,23.7060,,0,,14.55,1.16,warning,,,CAMERA_ONLY
0,217.4447,t5421,LIDAR_ONLY,14.3334,14.3334,15.4778,1.1444,1.1444,7.3939,7.3939,0,0,14.55,1.16,cautious,22.48,front,LIDAR_ONLY
0,217.4447,t5421,LIDAR_ONLY,13.4366,13.4366,15.4778,2.0412,2.0412,13.1881,13.1881,0,0,14.55,1.16,cautious,26.51,front,LIDAR_ONLY
0,217.5007,cam_2,CAM_ONLY,19.2128,,15.4778,3.7350,,24.1315,,0,,10.69,1.31,warning,,,CAMERA_ONLY
0,217.5576,cam_2,CAM_ONLY,19.1379,,15.4778,3.6601,,23.6476,,0,,14.47,1.15,warning,,,CAMERA_ONLY
0,217.6140,cam_2,CAM_ONLY,19.1609,,15.4778,3.6831,,23.7962,,0,,12.45,1.10,warning,,,CAMERA_ONLY
0,217.6778,cam_2,CAM_ONLY,19.1608,,15.4778,3.6830,,23.7954,,0,,15.04,0.82,warning,,,CAMERA_ONLY
0,217.7390,t5429,BOTH,19.6782,10.5775,15.4778,4.2004,4.9003,27.1383,31.6599,0,0,10.80,1.26,warning,,,FULL_ANGLE
0,217.7390,t5428,LIDAR_ONLY,20.8399,20.8399,15.4778,5.3621,5.3621,34.6436,34.6436,0,0,10.80,1.26,drive,17.67,front,LIDAR_ONLY
0,217.7390,t5428,LIDAR_ONLY,15.1374,15.1374,15.4778,0.3404,0.3404,2.1991,2.1991,1,1,10.80,1.26,drive,26.00,front,LIDAR_ONLY
0,217.7390,t5429,LIDAR_ONLY,10.6646,10.6646,15.4778,4.8132,4.8132,31.0975,31.0975,0,0,10.80,1.26,cautious,-3.17,front,LIDAR_ONLY
0,217.7390,t5429,LIDAR_ONLY,10.5056,10.5056,15.4778,4.9722,4.9722,32.1249,32.1249,0,0,10.80,1.26,cautious,5.16,front,LIDAR_ONLY
0,217.7390,t5428,LIDAR_ONLY,15.0692,15.0692,15.4778,0.4086,0.4086,2.6396,2.6396,1,1,10.80,1.26,drive,21.83,front,LIDAR_ONLY
0,217.8029,cam_2,CAM_ONLY,19.3620,,15.4778,3.8842,,25.0952,,0,,18.41,1.16,warning,,,CAMERA_ONLY
0,217.8732,cam_2,CAM_ONLY,19.1625,,15.4778,3.6847,,23.8066,,0,,15.42,1.11,warning,,,CAMERA_ONLY
0,217.9299,cam_2,CAM_ONLY,19.1443,,15.4778,3.6664,,23.6884,,0,,10.87,1.14,warning,,,CAMERA_ONLY
0,217.9863,t5439,BOTH,19.5816,10.5107,15.4778,4.1038,4.9672,26.5139,32.0921,0,0,10.06,0.98,warning,,,FULL_ANGLE
0,217.9863,t5438,LIDAR_ONLY,11.0787,11.0787,15.4778,4.3991,4.3991,28.4218,28.4218,0,0,10.06,0.98,cautious,27.68,front,LIDAR_ONLY
0,217.9863,t5438,LIDAR_ONLY,11.9168,11.9168,15.4778,3.5610,3.5610,23.0072,23.0072,0,0,10.06,0.98,cautious,19.34,front,LIDAR_ONLY
0,217.9863,t5438,LIDAR_ONLY,12.4737,12.4737,15.4778,3.0041,3.0041,19.4093,19.4093,0,0,10.06,0.98,cautious,23.51,front,LIDAR_ONLY
0,217.9863,t5439,LIDAR_ONLY,10.5209,10.5209,15.4778,4.9569,4.9569,32.0256,32.0256,0,0,10.06,0.98,cautious,-1.51,front,LIDAR_ONLY
0,217.9863,t5439,LIDAR_ONLY,10.5217,10.5217,15.4778,4.9561,4.9561,32.0205,32.0205,0,0,10.06,0.98,cautious,6.83,front,LIDAR_ONLY
0,218.0470,cam_2,CAM_ONLY,19.6867,,15.4778,4.2089,,27.1934,,0,,12.44,1.34,warning,,,CAMERA_ONLY
0,218.0470,t5438,LIDAR_ONLY,12.5200,12.5200,15.4778,2.9578,2.9578,19.1100,19.1100,0,0,12.44,1.34,cautious,28.98,front,LIDAR_ONLY
0,218.0994,cam_2,CAM_ONLY,19.1376,,15.4778,3.6598,,23.6457,,0,,10.61,1.09,warning,,,CAMERA_ONLY
0,218.1680,cam_2,CAM_ONLY,19.1908,,15.4778,3.7130,,23.9891,,0,,18.24,1.56,warning,,,CAMERA_ONLY
0,218.2357,t5444,BOTH,19.6954,10.4779,15.4778,4.2176,4.9999,27.2491,32.3035,0,0,18.30,1.68,warning,,,FULL_ANGLE
0,218.2357,t5438,LIDAR_ONLY,12.6095,12.6095,15.4778,2.8683,2.8683,18.5316,18.5316,0,0,18.30,1.68,cautious,22.30,front,LIDAR_ONLY
0,218.2357,t5438,LIDAR_ONLY,12.7370,12.7370,15.4778,2.7408,2.7408,17.7078,17.7078,0,0,18.30,1.68,cautious,26.29,front,LIDAR_ONLY
0,218.3077,cam_2,CAM_ONLY,19.1338,,15.4778,3.6560,,23.6210,,0,,20.73,2.38,warning,,,CAMERA_ONLY
0,218.3824,t5446,BOTH,19.1062,10.5454,15.4778,3.6284,4.9324,23.4423,31.8674,0,0,24.84,0.94,warning,,,FULL_ANGLE
0,218.3824,t5438,LIDAR_ONLY,12.9078,12.9078,15.4778,2.5700,2.5700,16.6043,16.6043,0,0,24.84,0.94,cautious,16.50,front,LIDAR_ONLY
0,218.3824,t5438,LIDAR_ONLY,13.1771,13.1771,15.4778,2.3008,2.3008,14.8649,14.8649,0,0,24.84,0.94,cautious,20.59,front,LIDAR_ONLY
0,218.3824,t5446,LIDAR_ONLY,10.5710,10.5710,15.4778,4.9068,4.9068,31.7023,31.7023,0,0,24.84,0.94,cautious,-3.97,front,LIDAR_ONLY
0,218.3824,t5444,LIDAR_ONLY,10.4793,10.4793,15.4778,4.9985,4.9985,32.2945,32.2945,0,0,24.84,0.94,cautious,4.22,front,LIDAR_ONLY
0,218.4493,cam_2,CAM_ONLY,19.1532,,15.4778,3.6753,,23.7459,,0,,15.47,1.07,warning,,,CAMERA_ONLY
0,218.5148,cam_2,CAM_ONLY,19.1793,,15.4778,3.7015,,23.9148,,0,,15.83,1.01,warning,,,CAMERA_ONLY
0,218.5690,cam_2,CAM_ONLY,19.3226,,15.4778,3.8448,,24.8407,,0,,11.73,1.15,warning,,,CAMERA_ONLY
0,218.6280,cam_2,CAM_ONLY,19.1989,,4.1835,15.0154,,358.9244,,0,,11.87,0.83,warning,,,CAMERA_ONLY
0,218.6879,t5456,BOTH,19.2027,10.5556,4.6974,14.5053,5.8582,308.7908,124.7097,0,0,12.97,1.22,warning,,,FULL_ANGLE
0,218.6879,t5455,LIDAR_ONLY,12.5106,12.5106,4.6974,7.8131,7.8131,166.3271,166.3271,0,0,12.97,1.22,cautious,25.03,front,LIDAR_ONLY
0,218.6879,t5455,LIDAR_ONLY,13.5702,13.5702,4.6974,8.8727,8.8727,188.8843,188.8843,0,0,12.97,1.22,cautious,16.98,front,LIDAR_ONLY
0,218.6879,t5455,LIDAR_ONLY,14.2756,14.2756,4.6974,9.5782,9.5782,203.9020,203.9020,0,0,12.97,1.22,cautious,21.01,front,LIDAR_ONLY
0,218.6879,t5455,LIDAR_ONLY,14.3164,14.3164,4.6974,9.6190,9.6190,204.7699,204.7699,0,0,12.97,1.22,cautious,29.06,front,LIDAR_ONLY
0,218.6879,t5456,LIDAR_ONLY,10.6233,10.6233,4.6974,5.9258,5.9258,126.1497,126.1497,0,0,12.97,1.22,cautious,-3.14,front,LIDAR_ONLY
0,218.6879,t5456,LIDAR_ONLY,10.4879,10.4879,4.6974,5.7905,5.7905,123.2683,123.2683,0,0,12.97,1.22,cautious,4.91,front,LIDAR_ONLY
0,218.7561,cam_2,CAM_ONLY,19.1847,,5.6508,13.5339,,239.5039,,0,,17.08,2.39,warning,,,CAMERA_ONLY
0,218.8218,cam_2,CAM_ONLY,19.0177,,6.6107,12.4070,,187.6823,,0,,14.71,1.15,warning,,,CAMERA_ONLY
0,218.8771,cam_2,CAM_ONLY,19.1553,,7.6523,11.5031,,150.3222,,0,,9.00,0.92,warning,,,CAMERA_ONLY
0,218.9512,cam_2,CAM_ONLY,19.0747,,8.9613,10.1134,,112.8569,,0,,16.86,1.63,warning,,,CAMERA_ONLY
0,219.0244,cam_2,CAM_ONLY,19.3957,,10.3285,9.0672,,87.7875,,0,,18.64,0.93,warning,,,CAMERA_ONLY
0,219.0786,cam_2,CAM_ONLY,19.3140,,11.4915,7.8226,,68.0728,,0,,8.92,0.94,warning,,,CAMERA_ONLY
0,219.1401,t5468,BOTH,18.9326,10.6008,12.5317,6.4009,1.9309,51.0775,15.4080,0,0,14.90,1.09,warning,,,FULL_ANGLE
0,219.1401,t5466,LIDAR_ONLY,13.4381,13.4381,12.5317,0.9064,0.9064,7.2327,7.2327,1,1,14.90,1.09,cautious,23.64,front,LIDAR_ONLY
0,219.1401,t5467,LIDAR_ONLY,9.9848,9.9848,12.5317,2.5469,2.5469,20.3238,20.3238,0,0,14.90,1.09,slow,-16.92,front,LIDAR_ONLY
0,219.1401,t5468,LIDAR_ONLY,10.6001,10.6001,12.5317,1.9316,1.9316,15.4137,15.4137,0,0,14.90,1.09,cautious,-4.75,front,LIDAR_ONLY
0,219.1401,t5468,LIDAR_ONLY,10.5237,10.5237,12.5317,2.0080,2.0080,16.0232,16.0232,0,0,14.90,1.09,cautious,3.36,front,LIDAR_ONLY
0,219.2149,cam_2,CAM_ONLY,19.0720,,14.2395,4.8325,,33.9374,,0,,18.54,1.30,warning,,,CAMERA_ONLY
0,219.3089,cam_2,CAM_ONLY,18.9959,,15.4778,3.5181,,22.7298,,0,,11.38,1.33,warning,,,CAMERA_ONLY
0,219.3793,t5468,BOTH,18.9676,10.5363,15.4778,3.4898,4.9415,22.5474,31.9261,0,0,21.72,0.92,warning,,,FULL_ANGLE
0,219.3793,t5468,LIDAR_ONLY,10.5311,10.5311,15.4778,4.9467,4.9467,31.9599,31.9599,0,0,21.72,0.92,cautious,-2.33,front,LIDAR_ONLY
0,219.3793,t5468,LIDAR_ONLY,10.5255,10.5255,15.4778,4.9523,4.9523,31.9965,31.9965,0,0,21.72,0.92,cautious,6.11,front,LIDAR_ONLY
0,219.3793,t5467,LIDAR_ONLY,10.3832,10.3832,15.4778,5.0946,5.0946,32.9158,32.9158,0,0,21.72,0.92,slow,-14.98,front,LIDAR_ONLY
0,219.3793,t5467,LIDAR_ONLY,10.8391,10.8391,15.4778,4.6387,4.6387,29.9702,29.9702,0,0,21.72,0.92,slow,-10.76,front,LIDAR_ONLY
0,219.4366,t5468,BOTH,18.8509,10.4962,15.4778,3.3730,4.9816,21.7928,32.1854,0,0,14.79,1.01,warning,,,FULL_ANGLE
0,219.4366,t5468,LIDAR_ONLY,10.4964,10.4964,15.4778,4.9814,4.9814,32.1841,32.1841,0,0,14.79,1.01,cautious,4.36,front,LIDAR_ONLY
0,219.4366,t5471,LIDAR_ONLY,15.5574,15.5574,15.4778,0.0796,0.0796,0.5141,0.5141,1,1,14.79,1.01,drive,21.11,front,LIDAR_ONLY
0,219.4366,t5467,LIDAR_ONLY,11.3781,11.3781,15.4778,4.0997,4.0997,26.4876,26.4876,0,0,14.79,1.01,cautious,-12.38,front,LIDAR_ONLY
0,219.4366,t5467,LIDAR_ONLY,11.6457,11.6457,15.4778,3.8321,3.8321,24.7587,24.7587,0,0,14.79,1.01,cautious,-4.01,front,LIDAR_ONLY
0,219.5094,cam_2,CAM_ONLY,19.0571,,15.4778,3.5793,,23.1256,,0,,14.21,1.19,warning,,,CAMERA_ONLY
0,219.5686,cam_2,CAM_ONLY,18.9151,,15.4778,3.4373,,22.2077,,0,,13.93,1.07,warning,,,CAMERA_ONLY
0,219.6374,t5468,BOTH,19.0809,10.4649,15.4778,3.6031,5.0129,23.2793,32.3875,0,0,15.11,1.81,warning,,,FULL_ANGLE
0,219.6374,t5471,LIDAR_ONLY,16.6492,16.6492,15.4778,1.1714,1.1714,7.5683,7.5683,0,0,15.11,1.81,drive,17.15,front,LIDAR_ONLY
0,219.6374,t5467,LIDAR_ONLY,12.4130,12.4130,15.4778,3.0648,3.0648,19.8010,19.8010,0,0,15.11,1.81,cautious,-6.89,front,LIDAR_ONLY
0,219.6374,t5467,LIDAR_ONLY,12.6853,12.6853,15.4778,2.7925,2.7925,18.0422,18.0422,0,0,15.11,1.81,cautious,-2.88,front,LIDAR_ONLY
0,219.6374,t5468,LIDAR_ONLY,10.4364,10.4364,15.4778,5.0414,5.0414,32.5716,32.5716,0,0,15.11,1.81,cautious,5.13,front,LIDAR_ONLY
0,219.7005,cam_2,CAM_ONLY,19.2524,,15.4778,3.7746,,24.3874,,0,,17.48,1.19,warning,,,CAMERA_ONLY
0,219.7739,cam_2,CAM_ONLY,19.1989,,15.4778,3.7211,,24.0413,,0,,13.11,1.19,warning,,,CAMERA_ONLY
0,219.8400,t5468,BOTH,19.0272,10.4234,15.4778,3.5494,5.0544,22.9322,32.6557,0,0,14.72,1.22,warning,,,FULL_ANGLE
0,219.8400,t5471,LIDAR_ONLY,16.5493,16.5493,15.4778,1.0715,1.0715,6.9226,6.9226,0,0,14.72,1.22,drive,24.44,front,LIDAR_ONLY
0,219.8400,t5471,LIDAR_ONLY,15.0560,15.0560,15.4778,0.4219,0.4219,2.7255,2.7255,1,1,14.72,1.22,drive,28.58,front,LIDAR_ONLY
0,219.8400,t5482,LIDAR_ONLY,24.5207,24.5207,15.4778,9.0429,9.0429,58.4248,58.4248,0,0,14.72,1.22,drive,16.15,front,LIDAR_ONLY
0,219.8400,t5482,LIDAR_ONLY,21.0829,21.0829,15.4778,5.6051,5.6051,36.2135,36.2135,0,0,14.72,1.22,drive,20.30,front,LIDAR_ONLY
0,219.8400,t5467,LIDAR_ONLY,12.6110,12.6110,15.4778,2.8668,2.8668,18.5220,18.5220,0,0,14.72,1.22,cautious,-4.57,front,LIDAR_ONLY
0,219.8400,t5468,LIDAR_ONLY,10.4239,10.4239,15.4778,5.0539,5.0539,32.6527,32.6527,0,0,14.72,1.22,cautious,3.72,front,LIDAR_ONLY
0,219.9018,cam_2,CAM_ONLY,19.0088,,15.4778,3.5310,,22.8130,,0,,10.12,1.18,warning,,,CAMERA_ONLY
0,219.9637,cam_2,CAM_ONLY,19.4106,,15.4778,3.9328,,25.4090,,0,,14.31,0.82,warning,,,CAMERA_ONLY
0,220.0222,cam_2,CAM_ONLY,19.5147,,15.4778,4.0368,,26.0815,,0,,9.07,1.06,warning,,,CAMERA_ONLY
0,220.0754,cam_2,CAM_ONLY,19.6352,,15.4778,4.1574,,26.8606,,0,,10.44,0.87,warning,,,CAMERA_ONLY
0,220.1413,cam_2,CAM_ONLY,19.6460,,15.4778,4.1682,,26.9301,,0,,18.26,2.68,warning,,,CAMERA_ONLY
0,220.1413,t5490,LIDAR_ONLY,12.4943,12.4943,15.4778,2.9835,2.9835,19.2758,19.2758,0,0,18.26,2.68,cautious,25.06,front,LIDAR_ONLY
0,220.1413,t5490,LIDAR_ONLY,11.5475,11.5475,15.4778,3.9303,3.9303,25.3932,25.3932,0,0,18.26,2.68,cautious,29.16,front,LIDAR_ONLY
0,220.1958,cam_2,CAM_ONLY,19.3130,,15.4778,3.8352,,24.7786,,0,,10.38,1.21,warning,,,CAMERA_ONLY
0,220.1958,t5490,LIDAR_ONLY,11.7951,11.7951,15.4778,3.6827,3.6827,23.7933,23.7933,0,0,10.38,1.21,cautious,23.01,front,LIDAR_ONLY
0,220.1958,t5490,LIDAR_ONLY,11.9071,11.9071,15.4778,3.5707,3.5707,23.0696,23.0696,0,0,10.38,1.21,cautious,27.21,front,LIDAR_ONLY
0,220.1958,t5490,LIDAR_ONLY,12.2940,12.2940,15.4778,3.1838,3.1838,20.5700,20.5700,0,0,10.38,1.21,cautious,18.82,front,LIDAR_ONLY
0,220.2458,cam_2,CAM_ONLY,19.3323,,15.4778,3.8545,,24.9035,,0,,9.26,1.30,warning,,,CAMERA_ONLY
0,220.3094,cam_2,CAM_ONLY,19.7300,,15.4778,4.2522,,27.4731,,0,,14.17,1.16,warning,,,CAMERA_ONLY
0,220.3694,cam_2,CAM_ONLY,19.2450,,15.4778,3.7672,,24.3395,,0,,13.98,1.10,warning,,,CAMERA_ONLY
0,220.4373,t5501,BOTH,19.6295,10.5307,15.4778,4.1517,4.9471,26.8238,31.9625,0,0,19.22,1.17,warning,,,FULL_ANGLE
0,220.4373,t5500,LIDAR_ONLY,10.1522,10.1522,15.4778,5.3256,5.3256,34.4081,34.4081,0,0,19.22,1.17,cautious,29.84,front,LIDAR_ONLY
0,220.4373,t5500,LIDAR_ONLY,10.6788,10.6788,15.4778,4.7990,4.7990,31.0056,31.0056,0,0,19.22,1.17,cautious,21.63,front,LIDAR_ONLY
0,220.4373,t5500,LIDAR_ONLY,11.0623,11.0623,15.4778,4.4155,4.4155,28.5280,28.5280,0,0,19.22,1.17,cautious,25.73,front,LIDAR_ONLY
0,220.4373,t5501,LIDAR_ONLY,10.6174,10.6174,15.4778,4.8604,4.8604,31.4024,31.4024,0,0,19.22,1.17,cautious,-2.98,front,LIDAR_ONLY
0,220.4373,t5501,LIDAR_ONLY,10.5376,10.5376,15.4778,4.9402,4.9402,31.9180,31.9180,0,0,19.22,1.17,cautious,5.23,front,LIDAR_ONLY
0,220.4996,cam_2,CAM_ONLY,19.3003,,15.4778,3.8225,,24.6969,,0,,16.52,1.25,warning,,,CAMERA_ONLY
0,220.5680,cam_2,CAM_ONLY,19.3830,,15.4778,3.9052,,25.2310,,0,,18.30,1.54,warning,,,CAMERA_ONLY
0,220.6248,cam_2,CAM_ONLY,19.2021,,15.4778,3.7242,,24.0618,,0,,14.06,0.87,warning,,,CAMERA_ONLY
0,220.6903,t5507,BOTH,19.3062,10.4789,15.4778,3.8284,4.9989,24.7345,32.2975,0,0,15.32,1.21,warning,,,FULL_ANGLE
0,220.6903,t5506,LIDAR_ONLY,13.7270,13.7270,15.4778,1.7508,1.7508,11.3118,11.3118,0,0,15.32,1.21,cautious,23.25,front,LIDAR_ONLY
0,220.6903,t5506,LIDAR_ONLY,12.5772,12.5772,15.4778,2.9006,2.9006,18.7405,18.7405,0,0,15.32,1.21,cautious,27.26,front,LIDAR_ONLY
0,220.6903,t5506,LIDAR_ONLY,12.8465,12.8465,15.4778,2.6313,2.6313,17.0003,17.0003,0,0,15.32,1.21,cautious,19.23,front,LIDAR_ONLY
0,220.6903,t5507,LIDAR_ONLY,10.4761,10.4761,15.4778,5.0017,5.0017,32.3154,32.3154,0,0,15.32,1.21,cautious,-0.84,front,LIDAR_ONLY
0,220.6903,t5507,LIDAR_ONLY,10.4875,10.4875,15.4778,4.9904,4.9904,32.2420,32.2420,0,0,15.32,1.21,cautious,-4.86,front,LIDAR_ONLY
0,220.7480,cam_2,CAM_ONLY,19.4920,,15.4778,4.0142,,25.9354,,0,,13.06,1.07,warning,,,CAMERA_ONLY
0,220.8093,cam_2,CAM_ONLY,19.2209,,15.4778,3.7431,,24.1839,,0,,12.05,1.14,warning,,,CAMERA_ONLY
0,220.8643,cam_2,CAM_ONLY,19.2689,,15.4778,3.7911,,24.4938,,0,,13.34,0.84,warning,,,CAMERA_ONLY
0,220.9237,cam_2,CAM_ONLY,19.1428,,15.4778,3.6650,,23.6789,,0,,13.29,0.93,warning,,,CAMERA_ONLY
0,220.9778,cam_2,CAM_ONLY,19.6390,,15.4778,4.1612,,26.8847,,0,,10.06,0.81,warning,,,CAMERA_ONLY
0,221.0398,t5518,BOTH,19.1719,10.5063,15.4778,3.6941,4.9715,23.8668,32.1203,0,0,9.34,1.32,warning,,,FULL_ANGLE
0,221.0398,t5517,LIDAR_ONLY,13.8046,13.8046,15.4778,1.6732,1.6732,10.8101,10.8101,0,0,9.34,1.32,cautious,23.14,front,LIDAR_ONLY
0,221.0398,t5517,LIDAR_ONLY,12.5167,12.5167,15.4778,2.9611,2.9611,19.1311,19.1311,0,0,9.34,1.32,cautious,27.33,front,LIDAR_ONLY
0,221.0398,t5517,LIDAR_ONLY,12.9238,12.9238,15.4778,2.5540,2.5540,16.5012,16.5012,0,0,9.34,1.32,cautious,18.96,front,LIDAR_ONLY
0,221.0398,t5518,LIDAR_ONLY,10.5067,10.5067,15.4778,4.9711,4.9711,32.1178,32.1178,0,0,9.34,1.32,cautious,-1.97,front,LIDAR_ONLY
0,221.0398,t5518,LIDAR_ONLY,10.4827,10.4827,15.4778,4.9951,4.9951,32.2727,32.2727,0,0,9.34,1.32,cautious,6.40,front,LIDAR_ONLY
0,221.0998,cam_2,CAM_ONLY,19.3169,,15.4778,3.8391,,24.8039,,0,,11.41,1.09,warning,,,CAMERA_ONLY
0,221.1585,cam_2,CAM_ONLY,19.1882,,15.4778,3.7104,,23.9726,,0,,11.82,1.00,warning,,,CAMERA_ONLY
0,221.2159,cam_2,CAM_ONLY,19.1159,,15.4778,3.6381,,23.5053,,0,,10.91,0.90,warning,,,CAMERA_ONLY
0,221.2677,cam_2,CAM_ONLY,19.2153,,15.4778,3.7375,,24.1474,,0,,9.51,0.90,warning,,,CAMERA_ONLY
0,221.3239,cam_2,CAM_ONLY,19.2383,,15.4778,3.7605,,24.2959,,0,,10.06,1.18,warning,,,CAMERA_ONLY
0,221.3798,cam_2,CAM_ONLY,19.1794,,15.4778,3.7016,,23.9156,,0,,10.09,1.13,warning,,,CAMERA_ONLY
0,221.4381,t5528,BOTH,19.1991,10.5583,15.4778,3.7213,4.9195,24.0428,31.7840,0,0,13.65,1.04,warning,,,FULL_ANGLE
0,221.4381,t5527,LIDAR_ONLY,13.0194,13.0194,15.4778,2.4584,2.4584,15.8831,15.8831,0,0,13.65,1.04,cautious,24.24,front,LIDAR_ONLY
0,221.4381,t5527,LIDAR_ONLY,11.6525,11.6525,15.4778,3.8254,3.8254,24.7151,24.7151,0,0,13.65,1.04,cautious,28.38,front,LIDAR_ONLY
0,221.4381,t5528,LIDAR_ONLY,10.5610,10.5610,15.4778,4.9168,4.9168,31.7670,31.7670,0,0,13.65,1.04,cautious,-4.72,front,LIDAR_ONLY
0,221.5076,cam_2,CAM_ONLY,19.5486,,15.4778,4.0708,,26.3009,,0,,19.96,1.19,warning,,,CAMERA_ONLY
0,221.5661,cam_2,CAM_ONLY,19.4667,,15.4778,3.9889,,25.7719,,0,,10.68,0.88,warning,,,CAMERA_ONLY
0,221.6244,cam_2,CAM_ONLY,19.6649,,15.4778,4.1871,,27.0521,,0,,14.01,1.01,warning,,,CAMERA_ONLY
0,221.6847,t5533,BOTH,19.5581,10.5167,15.4778,4.0803,4.9612,26.3621,32.0533,0,0,12.23,1.02,warning,,,FULL_ANGLE
0,221.6847,t5533,LIDAR_ONLY,10.5190,10.5190,15.4778,4.9588,4.9588,32.0379,32.0379,0,0,12.23,1.02,cautious,-2.39,front,LIDAR_ONLY
0,221.6847,t5533,LIDAR_ONLY,10.4438,10.4438,15.4778,5.0340,5.0340,32.5238,32.5238,0,0,12.23,1.02,cautious,5.77,front,LIDAR_ONLY
0,221.6847,t5534,LIDAR_ONLY,20.1376,20.1376,15.4778,4.6598,4.6598,30.1063,30.1063,0,0,12.23,1.02,drive,18.02,front,LIDAR_ONLY
0,221.7467,cam_2,CAM_ONLY,19.5360,,15.4778,4.0582,,26.2195,,0,,13.17,1.14,warning,,,CAMERA_ONLY
0,221.8111,cam_2,CAM_ONLY,19.2539,,15.4778,3.7761,,24.3966,,0,,16.56,1.29,warning,,,CAMERA_ONLY
0,221.8663,cam_2,CAM_ONLY,19.1351,,15.4778,3.6573,,23.6294,,0,,9.52,1.05,warning,,,CAMERA_ONLY
0,221.9370,t5540,BOTH,19.1362,10.4819,15.4778,3.6584,4.9959,23.6367,32.2781,0,0,20.77,1.56,warning,,,FULL_ANGLE
0,221.9370,t5539,LIDAR_ONLY,25.0364,25.0364,15.4778,9.5586,9.5586,61.7566,61.7566,0,0,20.77,1.56,drive,15.98,front,LIDAR_ONLY
0,221.9370,t5540,LIDAR_ONLY,10.4944,10.4944,15.4778,4.9834,4.9834,32.1970,32.1970,0,0,20.77,1.56,cautious,-0.99,front,LIDAR_ONLY
0,222.0008,cam_2,CAM_ONLY,19.1220,,15.4778,3.6442,,23.5445,,0,,16.65,1.06,warning,,,CAMERA_ONLY
0,222.0628,cam_2,CAM_ONLY,19.2614,,15.4778,3.7836,,24.4455,,0,,16.84,0.88,warning,,,CAMERA_ONLY
0,222.1308,cam_2,CAM_ONLY,19.2933,,15.4778,3.8155,,24.6513,,0,,17.26,0.93,warning,,,CAMERA_ONLY
0,222.1987,cam_2,CAM_ONLY,19.2555,,15.4778,3.7777,,24.4072,,0,,19.63,1.20,warning,,,CAMERA_ONLY
0,222.2530,cam_2,CAM_ONLY,19.2737,,15.4778,3.7959,,24.5249,,0,,10.46,1.13,warning,,,CAMERA_ONLY
0,222.3194,cam_2,CAM_ONLY,19.1491,,15.4778,3.6713,,23.7200,,0,,18.63,0.91,warning,,,CAMERA_ONLY
0,222.3803,t5549,BOTH,19.1919,10.5108,15.4778,3.7141,4.9670,23.9962,32.0910,0,0,12.77,0.80,warning,,,FULL_ANGLE
0,222.4539,cam_2,CAM_ONLY,19.1948,,15.4778,3.7170,,24.0153,,0,,17.95,1.79,warning,,,CAMERA_ONLY
0,222.5222,cam_2,CAM_ONLY,19.2082,,15.4778,3.7304,,24.1016,,0,,16.19,1.99,warning,,,CAMERA_ONLY
0,222.5799,t5549,BOTH,19.3241,10.5189,15.4778,3.8463,4.9589,24.8505,32.0386,0,0,9.31,0.76,warning,,,FULL_ANGLE
0,222.6342,t5549,BOTH,19.1716,10.4993,15.4778,3.6937,4.9785,23.8648,32.1655,0,0,11.78,0.95,warning,,,FULL_ANGLE
0,222.6342,t5552,LIDAR_ONLY,10.1825,10.1825,15.4778,5.2953,5.2953,34.2123,34.2123,0,0,11.78,0.95,cautious,29.76,front,LIDAR_ONLY
0,222.6342,t5552,LIDAR_ONLY,10.9474,10.9474,15.4778,4.5304,4.5304,29.2701,29.2701,0,0,11.78,0.95,cautious,21.33,front,LIDAR_ONLY
0,222.6342,t5552,LIDAR_ONLY,11.4477,11.4477,15.4778,4.0302,4.0302,26.0383,26.0383,0,0,11.78,0.95,cautious,25.54,front,LIDAR_ONLY
0,222.6342,t5552,LIDAR_ONLY,12.1949,12.1949,15.4778,3.2830,3.2830,21.2107,21.2107,0,0,11.78,0.95,cautious,17.11,front,LIDAR_ONLY
0,222.6342,t5549,LIDAR_ONLY,10.5265,10.5265,15.4778,4.9513,4.9513,31.9897,31.9897,0,0,11.78,0.95,cautious,-3.97,front,LIDAR_ONLY
0,222.6342,t5549,LIDAR_ONLY,10.5079,10.5079,15.4778,4.9699,4.9699,32.1098,32.1098,0,0,11.78,0.95,cautious,4.46,front,LIDAR_ONLY
0,222.6926,t5549,BOTH,19.2013,10.4805,15.4778,3.7235,4.9973,24.0571,32.2868,0,0,13.62,1.24,warning,,,FULL_ANGLE
0,222.6926,t5552,LIDAR_ONLY,12.7333,12.7333,15.4778,2.7445,2.7445,17.7316,17.7316,0,0,13.62,1.24,cautious,22.63,front,LIDAR_ONLY
0,222.6926,t5552,LIDAR_ONLY,13.2278,13.2278,15.4778,2.2500,2.2500,14.5368,14.5368,0,0,13.62,1.24,cautious,26.65,front,LIDAR_ONLY
0,222.6926,t5552,LIDAR_ONLY,13.7276,13.7276,15.4778,1.7502,1.7502,11.3076,11.3076,0,0,13.62,1.24,cautious,18.61,front,LIDAR_ONLY
0,222.6926,t5549,LIDAR_ONLY,10.4549,10.4549,15.4778,5.0229,5.0229,32.4523,32.4523,0,0,13.62,1.24,cautious,6.54,front,LIDAR_ONLY
0,222.7584,cam_2,CAM_ONLY,19.1090,,15.4778,3.6312,,23.4604,,0,,15.41,1.23,warning,,,CAMERA_ONLY
0,222.8245,cam_2,CAM_ONLY,19.3579,,15.4778,3.8801,,25.0690,,0,,13.92,1.37,warning,,,CAMERA_ONLY
0,222.8834,t5549,BOTH,19.1636,10.4557,4.3197,14.8439,6.1360,343.6318,142.0479,0,0,10.84,1.02,warning,,,FULL_ANGLE
0,222.8834,t5549,LIDAR_ONLY,10.4490,10.4490,4.3197,6.1293,6.1293,141.8919,141.8919,0,0,10.84,1.02,cautious,6.24,front,LIDAR_ONLY
0,222.8834,t5549,LIDAR_ONLY,10.4502,10.4502,4.3197,6.1305,6.1305,141.9187,141.9187,0,0,10.84,1.02,cautious,-2.11,front,LIDAR_ONLY
0,222.9494,cam_2,CAM_ONLY,19.4814,,4.9660,14.5154,,292.2939,,0,,15.29,1.56,warning,,,CAMERA_ONLY
0,223.0204,cam_2,CAM_ONLY,19.0384,,6.0279,13.0105,,215.8376,,0,,14.27,0.97,warning,,,CAMERA_ONLY
0,223.0952,cam_2,CAM_ONLY,19.0060,,7.2550,11.7511,,161.9725,,0,,19.10,1.31,warning,,,CAMERA_ONLY
0,223.0952,t5566,LIDAR_ONLY,10.3026,10.3026,7.2550,3.0476,3.0476,42.0073,42.0073,0,0,19.10,1.31,cautious,29.46,front,LIDAR_ONLY
0,223.0952,t5566,LIDAR_ONLY,10.5618,10.5618,7.2550,3.3068,3.3068,45.5798,45.5798,0,0,19.10,1.31,cautious,25.32,front,LIDAR_ONLY
0,223.0952,t5566,LIDAR_ONLY,11.0266,11.0266,7.2550,3.7716,3.7716,51.9861,51.9861,0,0,19.10,1.31,cautious,21.18,front,LIDAR_ONLY
0,223.1641,cam_2,CAM_ONLY,19.1435,,8.6161,10.5274,,122.1822,,0,,17.92,1.86,warning,,,CAMERA_ONLY
0,223.2251,cam_2,CAM_ONLY,19.0143,,9.7638,9.2505,,94.7425,,0,,19.40,1.60,warning,,,CAMERA_ONLY
0,223.2251,t5569,LIDAR_ONLY,6.9680,6.9680,9.7638,2.7959,2.7959,28.6349,28.6349,0,0,19.40,1.60,slow,-25.94,front,LIDAR_ONLY
0,223.2251,t5569,LIDAR_ONLY,7.1056,7.1056,9.7638,2.6582,2.6582,27.2252,27.2252,0,0,19.40,1.60,slow,-21.77,front,LIDAR_ONLY
0,223.2804,t5570,BOTH,19.0811,10.4274,10.8399,8.2412,0.4124,76.0271,3.8048,0,1,12.58,0.95,warning,,,FULL_ANGLE
0,223.2804,t5566,LIDAR_ONLY,11.5499,11.5499,10.8399,0.7100,0.7100,6.5501,6.5501,1,1,12.58,0.95,cautious,21.96,front,LIDAR_ONLY
0,223.2804,t5566,LIDAR_ONLY,12.3086,12.3086,10.8399,1.4687,1.4687,13.5491,13.5491,0,0,12.58,0.95,cautious,17.85,front,LIDAR_ONLY
0,223.2804,t5570,LIDAR_ONLY,10.3948,10.3948,10.8399,0.4451,0.4451,4.1058,4.1058,1,1,12.58,0.95,cautious,5.54,front,LIDAR_ONLY
0,223.3404,t5570,BOTH,19.1771,10.4191,11.8845,7.2926,1.4654,61.3623,12.3303,0,0,15.48,1.30,warning,,,FULL_ANGLE
0,223.3404,t5572,LIDAR_ONLY,10.1837,10.1837,11.8845,1.7008,1.7008,14.3112,14.3112,0,0,15.48,1.30,cautious,29.76,front,LIDAR_ONLY
0,223.3404,t5572,LIDAR_ONLY,10.4455,10.4455,11.8845,1.4390,1.4390,12.1080,12.1080,0,0,15.48,1.30,cautious,25.56,front,LIDAR_ONLY
0,223.3404,t5566,LIDAR_ONLY,13.5177,13.5177,11.8845,1.6332,1.6332,13.7427,13.7427,0,0,15.48,1.30,cautious,17.16,front,LIDAR_ONLY
0,223.3404,t5566,LIDAR_ONLY,14.6144,14.6144,11.8845,2.7299,2.7299,22.9703,22.9703,0,0,15.48,1.30,cautious,21.36,front,LIDAR_ONLY
0,223.3404,t5570,LIDAR_ONLY,10.4038,10.4038,11.8845,1.4806,1.4806,12.4586,12.4586,0,0,15.48,1.30,cautious,4.57,front,LIDAR_ONLY
0,223.3404,t5570,LIDAR_ONLY,10.4405,10.4405,11.8845,1.4440,1.4440,12.1502,12.1502,0,0,15.48,1.30,cautious,-3.83,front,LIDAR_ONLY
0,223.3404,t5569,LIDAR_ONLY,7.2792,7.2792,11.8845,4.6053,4.6053,38.7505,38.7505,0,0,15.48,1.30,slow,-20.62,front,LIDAR_ONLY
0,223.4045,cam_2,CAM_ONLY,19.1825,,13.2416,5.9409,,44.8659,,0,,10.39,2.43,warning,,,CAMERA_ONLY
0,223.4761,cam_2,CAM_ONLY,19.0985,,14.6895,4.4091,,30.0151,,0,,19.10,0.75,warning,,,CAMERA_ONLY
0,223.5393,t5575,BOTH,19.0134,10.4016,15.4778,3.5355,5.0762,22.8427,32.7966,0,0,15.99,1.29,warning,,,FULL_ANGLE
0,223.5393,t5566,LIDAR_ONLY,15.2756,15.2756,15.4778,0.2022,0.2022,1.3064,1.3064,1,1,15.99,1.29,cautious,22.72,front,LIDAR_ONLY
0,223.5393,t5566,LIDAR_ONLY,16.0331,16.0331,15.4778,0.5553,0.5553,3.5876,3.5876,1,1,15.99,1.29,cautious,18.71,front,LIDAR_ONLY
0,223.5393,t5575,LIDAR_ONLY,10.3786,10.3786,15.4778,5.0992,5.0992,32.9451,32.9451,0,0,15.99,1.29,cautious,6.69,front,LIDAR_ONLY
0,223.5393,t5569,LIDAR_ONLY,7.7505,7.7505,15.4778,7.7273,7.7273,49.9249,49.9249,0,0,15.99,1.29,slow,-13.36,front,LIDAR_ONLY
0,223.5393,t5572,LIDAR_ONLY,10.6582,10.6582,15.4778,4.8196,4.8196,31.1390,31.1390,0,0,15.99,1.29,cautious,26.73,front,LIDAR_ONLY
0,223.5393,t5569,LIDAR_ONLY,8.2977,8.2977,15.4778,7.1801,7.1801,46.3899,46.3899,0,0,15.99,1.29,slow,-9.35,front,LIDAR_ONLY
0,223.5393,t5570,LIDAR_ONLY,10.4642,10.4642,15.4778,5.0136,5.0136,32.3921,32.3921,0,0,15.99,1.29,cautious,-1.33,front,LIDAR_ONLY
0,223.6009,cam_2,CAM_ONLY,19.0382,,15.4778,3.5604,,23.0030,,0,,15.86,1.30,warning,,,CAMERA_ONLY
0,223.6590,cam_2,CAM_ONLY,18.8337,,15.4778,3.3559,,21.6820,,0,,12.91,1.17,warning,,,CAMERA_ONLY
0,223.7252,cam_2,CAM_ONLY,18.9142,,7.5359,11.3783,,150.9875,,0,,16.41,1.11,warning,,,CAMERA_ONLY
0,223.7862,t5584,BOTH,18.9851,11.6783,7.7529,11.2321,3.9254,144.8757,50.6310,0,0,14.36,0.95,warning,,,FULL_ANGLE
0,223.7862,t5583,LIDAR_ONLY,23.3016,23.3016,7.7529,15.5487,15.5487,200.5522,200.5522,0,0,14.36,0.95,drive,16.60,front,LIDAR_ONLY
0,223.7862,t5584,LIDAR_ONLY,10.5566,10.5566,7.7529,2.8036,2.8036,36.1622,36.1622,0,0,14.36,0.95,cautious,-3.55,front,LIDAR_ONLY
0,223.7862,t5584,LIDAR_ONLY,11.4043,11.4043,7.7529,3.6513,3.6513,47.0961,47.0961,0,0,14.36,0.95,cautious,-7.58,front,LIDAR_ONLY
0,223.7862,t5584,LIDAR_ONLY,11.7421,11.7421,7.7529,3.9892,3.9892,51.4539,51.4539,0,0,14.36,0.95,cautious,4.51,front,LIDAR_ONLY
0,223.8450,cam_2,CAM_ONLY,19.0310,,8.0260,11.0050,,137.1176,,0,,9.87,1.23,warning,,,CAMERA_ONLY
0,223.8450,t5583,LIDAR_ONLY,18.5199,18.5199,8.0260,10.4939,10.4939,130.7499,130.7499,0,0,9.87,1.23,drive,23.16,front,LIDAR_ONLY
0,223.8450,t5583,LIDAR_ONLY,15.6051,15.6051,8.0260,7.5792,7.5792,94.4332,94.4332,0,0,9.87,1.23,drive,27.19,front,LIDAR_ONLY
0,223.9150,cam_2,CAM_ONLY,19.1525,,8.4542,10.6983,,126.5433,,0,,13.46,0.93,warning,,,CAMERA_ONLY
0,223.9781,cam_2,CAM_ONLY,19.1108,,8.8940,10.2169,,114.8738,,0,,11.62,0.88,warning,,,CAMERA_ONLY
0,224.0564,cam_2,CAM_ONLY,19.0372,,9.5055,9.5317,,100.2759,,0,,17.93,1.40,warning,,,CAMERA_ONLY
0,224.1163,cam_2,CAM_ONLY,19.1176,,10.0305,9.0871,,90.5953,,0,,13.08,1.10,warning,,,CAMERA_ONLY
0,224.1767,t5594,BOTH,19.5353,10.6251,10.6516,8.8837,0.0265,83.4025,0.2487,0,1,11.75,0.80,warning,,,FULL_ANGLE
0,224.2288,cam_2,CAM_ONLY,19.6518,,11.1019,8.5499,,77.0134,,0,,10.18,0.91,warning,,,CAMERA_ONLY
0,224.2868,t5594,BOTH,19.2884,10.5017,11.6776,7.6108,1.1759,65.1747,10.0695,0,0,12.30,0.87,warning,,,FULL_ANGLE
0,224.2868,t5597,LIDAR_ONLY,20.3838,20.3838,11.6776,8.7062,8.7062,74.5550,74.5550,0,0,12.30,0.87,drive,17.89,front,LIDAR_ONLY
0,224.2868,t5594,LIDAR_ONLY,10.4978,10.4978,11.6776,1.1798,1.1798,10.1027,10.1027,0,0,12.30,0.87,cautious,5.91,front,LIDAR_ONLY
0,224.2868,t5594,LIDAR_ONLY,10.5107,10.5107,11.6776,1.1668,1.1668,9.9920,9.9920,0,0,12.30,0.87,cautious,-2.08,front,LIDAR_ONLY
0,224.4194,cam_2,CAM_ONLY,19.1469,,13.1310,6.0159,,45.8145,,0,,21.46,1.02,warning,,,CAMERA_ONLY
0,224.4793,cam_2,CAM_ONLY,19.2200,,13.8627,5.3573,,38.6458,,0,,9.41,1.01,warning,,,CAMERA_ONLY
0,224.5385,t5605,BOTH,19.1879,10.4054,14.4547,4.7332,4.0493,32.7455,28.0138,0,0,13.03,1.00,warning,,,FULL_ANGLE
0,224.5385,t5604,LIDAR_ONLY,13.7039,13.7039,14.4547,0.7508,0.7508,5.1940,5.1940,1,1,13.03,1.00,cautious,23.28,front,LIDAR_ONLY
0,224.5385,t5604,LIDAR_ONLY,14.3012,14.3012,14.4547,0.1535,0.1535,1.0617,1.0617,1,1,13.03,1.00,cautious,19.18,front,LIDAR_ONLY
0,224.5385,t5604,LIDAR_ONLY,14.4284,14.4284,14.4547,0.0262,0.0262,0.1814,0.1814,1,1,13.03,1.00,cautious,27.37,front,LIDAR_ONLY
0,224.6730,cam_2,CAM_ONLY,19.2380,,15.4764,3.7616,,24.3057,,0,,12.58,1.06,warning,,,CAMERA_ONLY
0,224.7373,t5605,BOTH,19.1605,10.4331,15.4761,3.6844,5.0430,23.8069,32.5859,0,0,13.00,1.14,warning,,,FULL_ANGLE
0,224.7373,t5604,LIDAR_ONLY,14.2334,14.2334,15.4761,1.2427,1.2427,8.0298,8.0298,0,0,13.00,1.14,cautious,25.97,front,LIDAR_ONLY
0,224.7373,t5605,LIDAR_ONLY,10.4234,10.4234,15.4761,5.0527,5.0527,32.6487,32.6487,0,0,13.00,1.14,cautious,-3.68,front,LIDAR_ONLY
0,224.7373,t5605,LIDAR_ONLY,10.4237,10.4237,15.4761,5.0524,5.0524,32.6467,32.6467,0,0,13.00,1.14,cautious,4.79,front,LIDAR_ONLY
0,224.7935,t5605,BOTH,19.2022,10.4253,15.4761,3.7261,5.0508,24.0763,32.6362,0,0,8.93,1.24,warning,,,FULL_ANGLE
0,224.7935,t5604,LIDAR_ONLY,13.9120,13.9120,15.4761,1.5641,1.5641,10.1065,10.1065,0,0,8.93,1.24,cautious,24.54,front,LIDAR_ONLY
0,224.7935,t5604,LIDAR_ONLY,14.1061,14.1061,15.4761,1.3700,1.3700,8.8525,8.8525,0,0,8.93,1.24,cautious,20.40,front,LIDAR_ONLY
0,224.7935,t5604,LIDAR_ONLY,12.7807,12.7807,15.4761,2.6954,2.6954,17.4164,17.4164,0,0,8.93,1.24,cautious,28.67,front,LIDAR_ONLY
0,224.7935,t5611,LIDAR_ONLY,24.1969,24.1969,15.4761,8.7209,8.7209,56.3505,56.3505,0,0,8.93,1.24,drive,16.26,front,LIDAR_ONLY
0,224.7935,t5605,LIDAR_ONLY,10.4302,10.4302,15.4761,5.0459,5.0459,32.6044,32.6044,0,0,8.93,1.24,cautious,3.85,front,LIDAR_ONLY
0,224.7935,t5605,LIDAR_ONLY,10.4355,10.4355,15.4761,5.0406,5.0406,32.5703,32.5703,0,0,8.93,1.24,cautious,-4.42,front,LIDAR_ONLY
0,224.8790,cam_2,CAM_ONLY,19.2431,,15.4761,3.7670,,24.3407,,0,,25.24,1.15,warning,,,CAMERA_ONLY
0,224.9356,t5605,BOTH,19.1772,10.4436,15.4761,3.7011,5.0325,23.9149,32.5179,0,0,12.53,1.00,warning,,,FULL_ANGLE
0,224.9356,t5611,LIDAR_ONLY,19.3337,19.3337,15.4761,3.8576,3.8576,24.9265,24.9265,0,0,12.53,1.00,drive,22.25,front,LIDAR_ONLY
0,224.9356,t5605,LIDAR_ONLY,10.4482,10.4482,15.4761,5.0279,5.0279,32.4879,32.4879,0,0,12.53,1.00,cautious,5.69,front,LIDAR_ONLY
0,225.0065,cam_2,CAM_ONLY,19.1379,,15.4761,3.6618,,23.6608,,0,,19.30,1.26,warning,,,CAMERA_ONLY
0,225.0723,cam_2,CAM_ONLY,19.1994,,15.4761,3.7233,,24.0584,,0,,15.72,1.10,warning,,,CAMERA_ONLY
0,225.1380,t5605,BOTH,19.1362,10.4503,15.4761,3.6602,5.0258,23.6504,32.4747,0,0,16.81,1.02,warning,,,FULL_ANGLE
0,225.1380,t5611,LIDAR_ONLY,18.0448,18.0448,15.4761,2.5687,2.5687,16.5980,16.5980,0,0,16.81,1.02,drive,22.12,front,LIDAR_ONLY
0,225.1380,t5611,LIDAR_ONLY,15.8195,15.8195,15.4761,0.3434,0.3434,2.2190,2.2190,1,1,16.81,1.02,drive,26.25,front,LIDAR_ONLY
0,225.1380,t5611,LIDAR_ONLY,16.0149,16.0149,15.4761,0.5388,0.5388,3.4816,3.4816,1,1,16.81,1.02,drive,17.99,front,LIDAR_ONLY
0,225.2061,cam_2,CAM_ONLY,19.3613,,15.4761,3.8852,,25.1043,,0,,15.46,1.38,warning,,,CAMERA_ONLY
0,225.2709,cam_2,CAM_ONLY,19.3719,,15.4761,3.8958,,25.1728,,0,,17.67,1.14,warning,,,CAMERA_ONLY
0,225.3254,t5605,BOTH,19.2977,10.4572,15.4761,3.8216,5.0189,24.6937,32.4297,0,0,8.81,0.90,warning,,,FULL_ANGLE
0,225.3815,t5605,BOTH,19.3580,10.4601,15.4761,3.8820,5.0160,25.0836,32.4115,0,0,11.82,0.86,warning,,,FULL_ANGLE
0,225.4433,cam_2,CAM_ONLY,19.2331,,15.4761,3.7570,,24.2764,,0,,13.14,1.23,warning,,,CAMERA_ONLY
0,225.4433,t5624,LIDAR_ONLY,11.7859,11.7859,15.4761,3.6902,3.6902,23.8446,23.8446,0,0,13.14,1.23,cautious,26.28,front,LIDAR_ONLY
0,225.4433,t5624,LIDAR_ONLY,12.1754,12.1754,15.4761,3.3007,3.3007,21.3279,21.3279,0,0,13.14,1.23,cautious,22.17,front,LIDAR_ONLY
0,225.4433,t5624,LIDAR_ONLY,12.7919,12.7919,15.4761,2.6842,2.6842,17.3440,17.3440,0,0,13.14,1.23,cautious,18.06,front,LIDAR_ONLY
0,225.5064,cam_2,CAM_ONLY,19.4665,,15.4761,3.9904,,25.7846,,0,,15.36,1.23,warning,,,CAMERA_ONLY
0,225.5741,cam_2,CAM_ONLY,19.3488,,15.4761,3.8727,,25.0235,,0,,15.69,1.03,warning,,,CAMERA_ONLY
0,225.6481,cam_2,CAM_ONLY,19.4262,,15.4761,3.9501,,25.5237,,0,,21.10,2.48,warning,,,CAMERA_ONLY
0,225.6481,t5624,LIDAR_ONLY,13.1299,13.1299,15.4761,2.3462,2.3462,15.1604,15.1604,0,0,21.10,2.48,cautious,24.29,front,LIDAR_ONLY
0,225.6481,t5624,LIDAR_ONLY,13.5280,13.5280,15.4761,1.9480,1.9480,12.5874,12.5874,0,0,21.10,2.48,cautious,20.22,front,LIDAR_ONLY
0,225.6481,t5624,LIDAR_ONLY,13.8825,13.8825,15.4761,1.5935,1.5935,10.2968,10.2968,0,0,21.10,2.48,cautious,28.37,front,LIDAR_ONLY
0,225.7130,cam_2,CAM_ONLY,19.0560,,15.4761,3.5799,,23.1319,,0,,11.38,1.00,warning,,,CAMERA_ONLY
0,225.7736,cam_2,CAM_ONLY,19.4184,,15.4761,3.9424,,25.4738,,0,,18.80,1.19,warning,,,CAMERA_ONLY
0,225.8296,cam_2,CAM_ONLY,19.2726,,15.4761,3.7965,,24.5316,,0,,13.30,0.71,warning,,,CAMERA_ONLY
0,225.9051,cam_2,CAM_ONLY,19.1994,,15.4761,3.7233,,24.0583,,0,,17.10,1.32,warning,,,CAMERA_ONLY
0,225.9666,cam_2,CAM_ONLY,19.6359,,15.4761,4.1598,,26.8789,,0,,13.02,1.13,warning,,,CAMERA_ONLY
0,226.0294,cam_2,CAM_ONLY,19.3111,,15.4761,3.8350,,24.7801,,0,,13.53,0.91,warning,,,CAMERA_ONLY
0,226.0887,t5639,BOTH,19.3640,10.4839,15.4761,3.8879,4.9922,25.1220,32.2572,0,0,9.06,1.01,warning,,,FULL_ANGLE
0,226.0887,t5638,LIDAR_ONLY,13.1529,13.1529,15.4761,2.3232,2.3232,15.0115,15.0115,0,0,9.06,1.01,cautious,24.04,front,LIDAR_ONLY
0,226.0887,t5638,LIDAR_ONLY,11.8842,11.8842,15.4761,3.5919,3.5919,23.2094,23.2094,0,0,9.06,1.01,cautious,28.25,front,LIDAR_ONLY
0,226.0887,t5639,LIDAR_ONLY,10.4694,10.4694,15.4761,5.0067,5.0067,32.3509,32.3509,0,0,9.06,1.01,cautious,3.02,front,LIDAR_ONLY
0,226.1535,cam_2,CAM_ONLY,18.9893,,15.4761,3.5132,,22.7011,,0,,13.76,1.17,warning,,,CAMERA_ONLY
0,226.2094,cam_2,CAM_ONLY,19.6303,,15.4761,4.1542,,26.8430,,0,,13.67,1.14,warning,,,CAMERA_ONLY
0,226.2721,cam_2,CAM_ONLY,19.1779,,15.4761,3.7018,,23.9195,,0,,13.16,1.06,warning,,,CAMERA_ONLY
0,226.3499,cam_2,CAM_ONLY,19.1796,,7.5590,11.6206,,153.7325,,0,,18.49,1.19,warning,,,CAMERA_ONLY
0,226.4140,cam_2,CAM_ONLY,19.1326,,7.8784,11.2542,,142.8475,,0,,11.50,0.93,warning,,,CAMERA_ONLY
0,226.4741,cam_2,CAM_ONLY,19.1190,,8.3276,10.7914,,129.5852,,0,,9.31,1.22,warning,,,CAMERA_ONLY
0,226.5396,t5653,BOTH,19.2687,10.4905,8.7763,10.4924,1.7142,119.5533,19.5322,0,0,18.01,1.23,warning,,,FULL_ANGLE
0,226.5396,t5652,LIDAR_ONLY,14.2576,14.2576,8.7763,5.4813,5.4813,62.4554,62.4554,0,0,18.01,1.23,cautious,22.57,front,LIDAR_ONLY
0,226.5396,t5652,LIDAR_ONLY,12.9353,12.9353,8.7763,4.1589,4.1589,47.3883,47.3883,0,0,18.01,1.23,cautious,26.58,front,LIDAR_ONLY
0,226.5396,t5652,LIDAR_ONLY,13.3959,13.3959,8.7763,4.6195,4.6195,52.6362,52.6362,0,0,18.01,1.23,cautious,18.56,front,LIDAR_ONLY
0,226.5396,t5653,LIDAR_ONLY,10.4420,10.4420,8.7763,1.6657,1.6657,18.9792,18.9792,0,0,18.01,1.23,cautious,6.52,front,LIDAR_ONLY
0,226.5396,t5653,LIDAR_ONLY,10.4551,10.4551,8.7763,1.6788,1.6788,19.1283,19.1283,0,0,18.01,1.23,cautious,-1.50,front,LIDAR_ONLY
0,226.5940,t5653,BOTH,19.2533,10.4577,9.3545,9.8988,1.1033,105.8195,11.7939,0,0,10.03,1.15,warning,,,FULL_ANGLE
0,226.5940,t5652,LIDAR_ONLY,13.3584,13.3584,9.3545,4.0039,4.0039,42.8023,42.8023,0,0,10.03,1.15,cautious,28.15,front,LIDAR_ONLY
0,226.5940,t5656,LIDAR_ONLY,26.0146,26.0146,9.3545,16.6602,16.6602,178.0986,178.0986,0,0,10.03,1.15,drive,15.66,front,LIDAR_ONLY
0,226.5940,t5652,LIDAR_ONLY,13.3286,13.3286,9.3545,3.9742,3.9742,42.4843,42.4843,0,0,10.03,1.15,cautious,23.99,front,LIDAR_ONLY
0,226.6590,cam_2,CAM_ONLY,19.1486,,9.9725,9.1761,,92.0135,,0,,13.50,1.26,warning,,,CAMERA_ONLY
0,226.7253,cam_2,CAM_ONLY,19.1464,,10.6995,8.4469,,78.9464,,0,,14.49,1.23,warning,,,CAMERA_ONLY
0,226.7917,t5653,BOTH,19.2590,10.4643,11.4790,7.7801,1.0147,67.7767,8.8394,0,0,17.18,1.23,warning,,,FULL_ANGLE
0,226.7917,t5652,LIDAR_ONLY,12.6930,12.6930,11.4790,1.2141,1.2141,10.5765,10.5765,0,0,17.18,1.23,cautious,28.72,front,LIDAR_ONLY
0,226.7917,t5652,LIDAR_ONLY,12.7684,12.7684,11.4790,1.2894,1.2894,11.2330,11.2330,0,0,17.18,1.23,cautious,24.71,front,LIDAR_ONLY
0,226.7917,t5653,LIDAR_ONLY,10.4627,10.4627,11.4790,1.0163,1.0163,8.8536,8.8536,0,0,17.18,1.23,cautious,4.68,front,LIDAR_ONLY
0,226.7917,t5652,LIDAR_ONLY,12.3341,12.3341,11.4790,0.8552,0.8552,7.4498,7.4498,1,1,17.18,1.23,cautious,20.71,front,LIDAR_ONLY
0,226.8607,cam_2,CAM_ONLY,19.1731,,12.3580,6.8151,,55.1474,,0,,23.51,1.00,warning,,,CAMERA_ONLY
0,226.9175,cam_2,CAM_ONLY,19.2331,,13.1774,6.0557,,45.9553,,0,,9.90,1.07,warning,,,CAMERA_ONLY
0,226.9807,cam_2,CAM_ONLY,19.1498,,13.9230,5.2268,,37.5407,,0,,11.18,1.00,warning,,,CAMERA_ONLY
0,226.9807,t5664,LIDAR_ONLY,13.0514,13.0514,13.9230,0.8716,0.8716,6.2603,6.2603,1,1,11.18,1.00,cautious,-25.99,front,LIDAR_ONLY
0,227.0512,cam_2,CAM_ONLY,19.0547,,4.5132,14.5415,,322.1957,,0,,23.95,1.54,warning,,,CAMERA_ONLY
0,227.0512,t5672,LIDAR_ONLY,11.6992,11.6992,4.5132,7.1860,7.1860,159.2198,159.2198,0,0,23.95,1.54,cautious,26.44,front,LIDAR_ONLY
0,227.1168,cam_2,CAM_ONLY,19.1350,,5.2819,13.8530,,262.2737,,0,,16.95,0.88,warning,,,CAMERA_ONLY
0,227.1865,t5674,BOTH,19.2969,10.4228,6.3323,12.9646,4.0905,204.7367,64.5972,0,0,16.65,1.37,warning,,,FULL_ANGLE
0,227.1865,t5672,LIDAR_ONLY,10.6254,10.6254,6.3323,4.2931,4.2931,67.7961,67.7961,0,0,16.65,1.37,cautious,29.64,front,LIDAR_ONLY
0,227.1865,t5672,LIDAR_ONLY,10.9745,10.9745,6.3323,4.6422,4.6422,73.3095,73.3095,0,0,16.65,1.37,cautious,21.63,front,LIDAR_ONLY
0,227.1865,t5672,LIDAR_ONLY,11.2416,11.2416,6.3323,4.9093,4.9093,77.5270,77.5270,0,0,16.65,1.37,cautious,25.64,front,LIDAR_ONLY
0,227.1865,t5672,LIDAR_ONLY,11.8927,11.8927,6.3323,5.5604,5.5604,87.8095,87.8095,0,0,16.65,1.37,cautious,17.62,front,LIDAR_ONLY
0,227.1865,t5674,LIDAR_ONLY,10.4306,10.4306,6.3323,4.0982,4.0982,64.7189,64.7189,0,0,16.65,1.37,cautious,5.60,front,LIDAR_ONLY
0,227.1865,t5674,LIDAR_ONLY,10.4523,10.4523,6.3323,4.1199,4.1199,65.0617,65.0617,0,0,16.65,1.37,cautious,-2.42,front,LIDAR_ONLY
0,227.2450,cam_2,CAM_ONLY,19.2825,,7.2092,12.0732,,167.4688,,0,,10.12,1.21,warning,,,CAMERA_ONLY
0,227.3030,cam_2,CAM_ONLY,19.0545,,8.1990,10.8555,,132.3996,,0,,10.77,1.16,warning,,,CAMERA_ONLY
0,227.3593,cam_2,CAM_ONLY,19.0054,,9.3083,9.6971,,104.1762,,0,,13.26,0.89,warning,,,CAMERA_ONLY
0,227.4214,cam_2,CAM_ONLY,19.0422,,10.3751,8.6670,,83.5364,,0,,13.97,1.05,warning,,,CAMERA_ONLY
0,227.4889,t5685,BOTH,18.9721,10.5253,11.6211,7.3509,1.0959,63.2547,9.4301,0,0,18.57,1.19,warning,,,FULL_ANGLE
0,227.4889,t5682,LIDAR_ONLY,8.6856,8.6856,11.6211,2.9356,2.9356,25.2607,25.2607,0,0,18.57,1.19,slow,-19.51,front,LIDAR_ONLY
0,227.4889,t5684,LIDAR_ONLY,14.6087,14.6087,11.6211,2.9876,2.9876,25.7079,25.7079,0,0,18.57,1.19,cautious,22.14,front,LIDAR_ONLY
0,227.4889,t5684,LIDAR_ONLY,13.0234,13.0234,11.6211,1.4022,1.4022,12.0660,12.0660,0,0,18.57,1.19,cautious,26.31,front,LIDAR_ONLY
0,227.4889,t5684,LIDAR_ONLY,13.8783,13.8783,11.6211,2.2571,2.2571,19.4224,19.4224,0,0,18.57,1.19,cautious,17.98,front,LIDAR_ONLY
0,227.4889,t5682,LIDAR_ONLY,8.8738,8.8738,11.6211,2.7473,2.7473,23.6409,23.6409,0,0,18.57,1.19,slow,-15.35,front,LIDAR_ONLY
0,227.4889,t5685,LIDAR_ONLY,10.5314,10.5314,11.6211,1.0897,1.0897,9.3770,9.3770,0,0,18.57,1.19,cautious,-2.85,front,LIDAR_ONLY
0,227.4889,t5685,LIDAR_ONLY,10.4765,10.4765,11.6211,1.1446,1.1446,9.8494,9.8494,0,0,18.57,1.19,cautious,5.48,front,LIDAR_ONLY
0,227.5569,cam_2,CAM_ONLY,19.0121,,12.9663,6.0458,,46.6273,,0,,17.02,1.20,warning,,,CAMERA_ONLY
0,227.6161,cam_2,CAM_ONLY,18.9476,,14.0965,4.8510,,34.4129,,0,,12.57,1.03,warning,,,CAMERA_ONLY
0,227.6906,t5685,BOTH,18.8306,10.4825,15.4761,3.3545,4.9935,21.6757,32.2662,0,0,21.59,2.56,warning,,,FULL_ANGLE
0,227.6906,t5682,LIDAR_ONLY,9.1901,9.1901,15.4761,6.2860,6.2860,40.6173,40.6173,0,0,21.59,2.56,slow,-15.05,front,LIDAR_ONLY
0,227.6906,t5684,LIDAR_ONLY,14.3854,14.3854,15.4761,1.0907,1.0907,7.0474,7.0474,0,0,21.59,2.56,cautious,22.36,front,LIDAR_ONLY
0,227.6906,t5682,LIDAR_ONLY,9.4652,9.4652,15.4761,6.0109,6.0109,38.8399,38.8399,0,0,21.59,2.56,slow,-19.21,front,LIDAR_ONLY
0,227.6906,t5684,LIDAR_ONLY,15.0426,15.0426,15.4761,0.4335,0.4335,2.8011,2.8011,1,1,21.59,2.56,cautious,18.20,front,LIDAR_ONLY
0,227.6906,t5684,LIDAR_ONLY,15.3067,15.3067,15.4761,0.1694,0.1694,1.0943,1.0943,1,1,21.59,2.56,cautious,26.51,front,LIDAR_ONLY
0,227.6906,t5682,LIDAR_ONLY,9.7147,9.7147,15.4761,5.7613,5.7613,37.2274,37.2274,0,0,21.59,2.56,slow,-23.36,front,LIDAR_ONLY
0,227.6906,t5690,LIDAR_ONLY,12.9554,12.9554,15.4761,2.5207,2.5207,16.2875,16.2875,0,0,21.59,2.56,cautious,-10.89,front,LIDAR_ONLY
0,227.6906,t5685,LIDAR_ONLY,10.4785,10.4785,15.4761,4.9976,4.9976,32.2921,32.2921,0,0,21.59,2.56,cautious,-2.58,front,LIDAR_ONLY
0,227.6906,t5685,LIDAR_ONLY,10.4625,10.4625,15.4761,5.0136,5.0136,32.3956,32.3956,0,0,21.59,2.56,cautious,5.73,front,LIDAR_ONLY
0,227.7566,cam_2,CAM_ONLY,18.7634,,15.4761,3.2873,,21.2412,,0,,21.51,0.94,warning,,,CAMERA_ONLY
0,227.8140,cam_2,CAM_ONLY,18.8148,,15.4761,3.3387,,21.5731,,0,,11.34,1.85,warning,,,CAMERA_ONLY
0,227.8836,t5685,BOTH,18.8042,10.4463,15.4761,3.3281,5.0298,21.5045,32.5006,0,0,19.85,0.89,warning,,,FULL_ANGLE
0,227.8836,t5690,LIDAR_ONLY,13.2556,13.2556,15.4761,2.2205,2.2205,14.3478,14.3478,0,0,19.85,0.89,cautious,-9.27,front,LIDAR_ONLY
0,227.8836,t5685,LIDAR_ONLY,10.4528,10.4528,15.4761,5.0233,5.0233,32.4582,32.4582,0,0,19.85,0.89,cautious,3.26,front,LIDAR_ONLY
0,227.9418,t5685,BOTH,18.8288,10.4619,15.4761,3.3527,5.0142,21.6640,32.3995,0,0,14.59,1.28,warning,,,FULL_ANGLE
0,227.9418,t5690,LIDAR_ONLY,13.7010,13.7010,15.4761,1.7751,1.7751,11.4698,11.4698,0,0,14.59,1.28,cautious,-8.49,front,LIDAR_ONLY
0,227.9418,t5694,LIDAR_ONLY,12.7489,12.7489,15.4761,2.7272,2.7272,17.6218,17.6218,0,0,14.59,1.28,cautious,24.65,front,LIDAR_ONLY
0,227.9418,t5694,LIDAR_ONLY,11.5576,11.5576,15.4761,3.9185,3.9185,25.3196,25.3196,0,0,14.59,1.28,cautious,28.80,front,LIDAR_ONLY
0,227.9418,t5696,LIDAR_ONLY,23.9077,23.9077,15.4761,8.4316,8.4316,54.4817,54.4817,0,0,14.59,1.28,drive,16.37,front,LIDAR_ONLY
0,227.9418,t5696,LIDAR_ONLY,20.0674,20.0674,15.4761,4.5913,4.5913,29.6672,29.6672,0,0,14.59,1.28,drive,20.51,front,LIDAR_ONLY
0,227.9418,t5685,LIDAR_ONLY,10.4658,10.4658,15.4761,5.0103,5.0103,32.3746,32.3746,0,0,14.59,1.28,cautious,3.94,front,LIDAR_ONLY
0,228.0115,cam_2,CAM_ONLY,18.8123,,15.4761,3.3362,,21.5570,,0,,12.96,1.11,warning,,,CAMERA_ONLY
0,228.0758,t5685,BOTH,18.8748,10.4858,15.4761,3.3987,4.9903,21.9607,32.2451,0,0,18.47,0.85,warning,,,FULL_ANGLE
0,228.0758,t5690,LIDAR_ONLY,14.2943,14.2943,15.4761,1.1818,1.1818,7.6362,7.6362,0,0,18.47,0.85,cautious,-9.71,front,LIDAR_ONLY
0,228.0758,t5685,LIDAR_ONLY,10.4807,10.4807,15.4761,4.9954,4.9954,32.2784,32.2784,0,0,18.47,0.85,cautious,-1.39,front,LIDAR_ONLY
0,228.1436,cam_2,CAM_ONLY,18.7679,,15.4761,3.2919,,21.2706,,0,,18.11,1.94,warning,,,CAMERA_ONLY
0,228.2133,cam_2,CAM_ONLY,18.9640,,15.4761,3.4879,,22.5376,,0,,16.39,0.93,warning,,,CAMERA_ONLY
0,228.2691,cam_2,CAM_ONLY,19.5427,,15.4761,4.0666,,26.2769,,0,,10.44,0.86,warning,,,CAMERA_ONLY
0,228.3339,t5701,BOTH,19.0495,10.4717,7.5126,11.5369,2.9591,153.5667,39.3888,0,0,14.91,0.99,warning,,,FULL_ANGLE
0,228.3339,t5701,LIDAR_ONLY,10.5920,10.5920,7.5126,3.0794,3.0794,40.9897,40.9897,0,0,14.91,0.99,cautious,-2.29,front,LIDAR_ONLY
0,228.3339,t5701,LIDAR_ONLY,10.4674,10.4674,7.5126,2.9548,2.9548,39.3308,39.3308,0,0,14.91,0.99,cautious,6.04,front,LIDAR_ONLY
0,228.3976,cam_2,CAM_ONLY,18.8306,,7.7116,11.1191,,144.1864,,0,,16.03,1.31,warning,,,CAMERA_ONLY
0,228.4591,cam_2,CAM_ONLY,18.9263,,7.9898,10.9365,,136.8806,,0,,14.42,1.95,warning,,,CAMERA_ONLY
0,228.5184,cam_2,CAM_ONLY,19.0604,,8.3809,10.6794,,127.4253,,0,,11.50,1.29,warning,,,CAMERA_ONLY
0,228.5736,cam_2,CAM_ONLY,19.2781,,8.7928,10.4853,,119.2498,,0,,13.19,1.10,warning,,,CAMERA_ONLY
0,228.6286,t5711,BOTH,19.3023,10.6202,9.2076,10.0947,1.4127,109.6344,15.3423,0,0,10.25,0.87,warning,,,FULL_ANGLE
0,228.6286,t5711,LIDAR_ONLY,10.6010,10.6010,9.2076,1.3934,1.3934,15.1336,15.1336,0,0,10.25,0.87,cautious,-4.78,front,LIDAR_ONLY
0,228.6286,t5711,LIDAR_ONLY,10.5323,10.5323,9.2076,1.3247,1.3247,14.3867,14.3867,0,0,10.25,0.87,cautious,3.28,front,LIDAR_ONLY
0,228.6798,cam_2,CAM_ONLY,19.1668,,9.6745,9.4923,,98.1174,,0,,8.96,1.40,warning,,,CAMERA_ONLY
0,228.7367,t5711,BOTH,19.1621,10.4941,10.1450,9.0171,0.3490,88.8822,3.4406,0,1,11.24,1.22,warning,,,FULL_ANGLE
0,228.7367,t5715,LIDAR_ONLY,15.2817,15.2817,10.1450,5.1367,5.1367,50.6327,50.6327,0,0,11.24,1.22,drive,21.39,front,LIDAR_ONLY
0,228.7367,t5715,LIDAR_ONLY,13.2334,13.2334,10.1450,3.0884,3.0884,30.4425,30.4425,0,0,11.24,1.22,cautious,25.51,front,LIDAR_ONLY
0,228.7367,t5715,LIDAR_ONLY,14.0023,14.0023,10.1450,3.8573,3.8573,38.0215,38.0215,0,0,11.24,1.22,cautious,17.28,front,LIDAR_ONLY
0,228.7367,t5716,LIDAR_ONLY,10.2333,10.2333,10.1450,0.0883,0.0883,0.8699,0.8699,1,1,11.24,1.22,cautious,29.63,front,LIDAR_ONLY
0,228.7367,t5711,LIDAR_ONLY,10.4797,10.4797,10.1450,0.3347,0.3347,3.2991,3.2991,1,1,11.24,1.22,cautious,4.92,front,LIDAR_ONLY
0,228.7367,t5711,LIDAR_ONLY,10.4906,10.4906,10.1450,0.3456,0.3456,3.4064,3.4064,1,1,11.24,1.22,cautious,-3.31,front,LIDAR_ONLY
0,228.7920,cam_2,CAM_ONLY,19.5143,,10.6789,8.8354,,82.7367,,0,,10.70,1.26,warning,,,CAMERA_ONLY
0,228.7920,t5716,LIDAR_ONLY,10.3491,10.3491,10.6789,0.3298,0.3298,3.0884,3.0884,1,1,10.70,1.26,cautious,27.82,front,LIDAR_ONLY
0,228.7920,t5716,LIDAR_ONLY,10.7857,10.7857,10.6789,0.1068,0.1068,0.9998,0.9998,1,1,10.70,1.26,cautious,23.68,front,LIDAR_ONLY
0,228.8518,cam_2,CAM_ONLY,19.1468,,11.2418,7.9050,,70.3176,,0,,17.06,1.37,warning,,,CAMERA_ONLY
0,228.9128,cam_2,CAM_ONLY,19.0428,,11.8343,7.2084,,60.9110,,0,,13.64,0.89,warning,,,CAMERA_ONLY
0,228.9755,cam_2,CAM_ONLY,19.2502,,12.4895,6.7607,,54.1316,,0,,12.31,0.96,warning,,,CAMERA_ONLY
0,229.0431,cam_2,CAM_ONLY,19.2372,,13.3011,5.9361,,44.6282,,0,,14.06,1.21,warning,,,CAMERA_ONLY
0,229.0431,t5729,LIDAR_ONLY,12.5522,12.5522,13.3011,0.7490,0.7490,5.6309,5.6309,1,1,14.06,1.21,cautious,24.96,front,LIDAR_ONLY
0,229.0431,t5729,LIDAR_ONLY,12.9861,12.9861,13.3011,0.3151,0.3151,2.3688,2.3688,1,1,14.06,1.21,cautious,20.91,front,LIDAR_ONLY
0,229.0431,t5729,LIDAR_ONLY,12.7427,12.7427,13.3011,0.5584,0.5584,4.1984,4.1984,1,1,14.06,1.21,cautious,29.02,front,LIDAR_ONLY
0,229.1089,cam_2,CAM_ONLY,19.2765,,13.9697,5.3068,,37.9880,,0,,16.90,1.20,warning,,,CAMERA_ONLY
0,229.1644,cam_2,CAM_ONLY,19.2991,,14.4715,4.8277,,33.3601,,0,,10.90,0.85,warning,,,CAMERA_ONLY
0,229.2304,cam_2,CAM_ONLY,19.2696,,15.1781,4.0916,,26.9571,,0,,15.50,1.03,warning,,,CAMERA_ONLY
0,229.3090,cam_2,CAM_ONLY,19.5294,,15.4761,4.0534,,26.1911,,0,,16.16,1.19,warning,,,CAMERA_ONLY
0,229.3747,cam_2,CAM_ONLY,19.4522,,15.4761,3.9761,,25.6918,,0,,14.67,1.05,warning,,,CAMERA_ONLY
0,229.4378,cam_2,CAM_ONLY,19.3145,,15.4761,3.8384,,24.8022,,0,,9.16,1.21,warning,,,CAMERA_ONLY
0,229.4378,t5742,LIDAR_ONLY,15.2950,15.2950,15.4761,0.1811,0.1811,1.1699,1.1699,1,1,9.16,1.21,drive,21.38,front,LIDAR_ONLY
0,229.4378,t5742,LIDAR_ONLY,13.2510,13.2510,15.4761,2.2251,2.2251,14.3778,14.3778,0,0,9.16,1.21,cautious,25.48,front,LIDAR_ONLY
0,229.4378,t5742,LIDAR_ONLY,11.9262,11.9262,15.4761,3.5499,3.5499,22.9379,22.9379,0,0,9.16,1.21,cautious,29.58,front,LIDAR_ONLY
0,229.5129,cam_2,CAM_ONLY,19.4254,,15.4761,3.9493,,25.5186,,0,,14.43,1.23,warning,,,CAMERA_ONLY
0,229.5733,cam_2,CAM_ONLY,19.4200,,15.4761,3.9439,,25.4838,,0,,17.20,1.04,warning,,,CAMERA_ONLY
0,229.6300,cam_2,CAM_ONLY,19.4355,,15.4761,3.9594,,25.5843,,0,,10.10,0.79,warning,,,CAMERA_ONLY
0,229.6941,t5747,BOTH,19.4643,10.4611,15.4761,3.9882,5.0150,25.7701,32.4050,0,0,19.20,1.21,warning,,,FULL_ANGLE
0,229.6941,t5746,LIDAR_ONLY,14.8386,14.8386,15.4761,0.6375,0.6375,4.1192,4.1192,1,1,19.20,1.21,cautious,21.88,front,LIDAR_ONLY
0,229.6941,t5746,LIDAR_ONLY,13.0055,13.0055,15.4761,2.4706,2.4706,15.9637,15.9637,0,0,19.20,1.21,cautious,26.12,front,LIDAR_ONLY
0,229.6941,t5747,LIDAR_ONLY,10.4497,10.4497,15.4761,5.0264,5.0264,32.4783,32.4783,0,0,19.20,1.21,cautious,4.92,front,LIDAR_ONLY
0,229.7629,cam_2,CAM_ONLY,18.9576,,15.4761,3.4815,,22.4960,,0,,19.25,1.49,warning,,,CAMERA_ONLY
0,229.8295,t5747,BOTH,18.8970,10.4679,15.4761,3.4209,5.0082,22.1043,32.3606,0,0,12.64,0.85,warning,,,FULL_ANGLE
0,229.8903,t5747,BOTH,18.9939,10.4810,15.4761,3.5178,4.9951,22.7308,32.2763,0,0,20.70,1.13,warning,,,FULL_ANGLE
0,229.8903,t5746,LIDAR_ONLY,12.9917,12.9917,15.4761,2.4844,2.4844,16.0532,16.0532,0,0,20.70,1.13,cautious,24.32,front,LIDAR_ONLY
0,229.8903,t5746,LIDAR_ONLY,12.2718,12.2718,15.4761,3.2043,3.2043,20.7049,20.7049,0,0,20.70,1.13,cautious,28.51,front,LIDAR_ONLY
0,229.8903,t5746,LIDAR_ONLY,12.4991,12.4991,15.4761,2.9770,2.9770,19.2363,19.2363,0,0,20.70,1.13,cautious,20.13,front,LIDAR_ONLY
0,229.8903,t5746,LIDAR_ONLY,12.9009,12.9009,15.4761,2.5752,2.5752,16.6397,16.6397,0,0,20.70,1.13,cautious,15.93,front,LIDAR_ONLY
0,229.8903,t5747,LIDAR_ONLY,10.4764,10.4764,15.4761,4.9997,4.9997,32.3059,32.3059,0,0,20.70,1.13,cautious,-5.04,front,LIDAR_ONLY
0,229.9703,cam_2,CAM_ONLY,19.0842,,15.4761,3.6082,,23.3144,,0,,22.97,1.18,warning,,,CAMERA_ONLY
0,230.0295,t5747,BOTH,19.5766,10.4987,15.4761,4.1005,4.9774,26.4957,32.1616,0,0,13.71,0.78,warning,,,FULL_ANGLE
0,230.0931,t5747,BOTH,19.5138,10.5007,15.4761,4.0377,4.9754,26.0902,32.1487,0,0,9.76,1.21,warning,,,FULL_ANGLE
0,230.0931,t5746,LIDAR_ONLY,13.7219,13.7219,15.4761,1.7542,1.7542,11.3347,11.3347,0,0,9.76,1.21,cautious,15.83,front,LIDAR_ONLY
0,230.0931,t5746,LIDAR_ONLY,14.5803,14.5803,15.4761,0.8958,0.8958,5.7883,5.7883,1,1,9.76,1.21,cautious,20.06,front,LIDAR_ONLY
0,230.0931,t5746,LIDAR_ONLY,15.7506,15.7506,15.4761,0.2745,0.2745,1.7737,1.7737,1,1,9.76,1.21,cautious,28.53,front,LIDAR_ONLY
0,230.0931,t5746,LIDAR_ONLY,16.2813,16.2813,15.4761,0.8052,0.8052,5.2031,5.2031,1,1,9.76,1.21,cautious,24.29,front,LIDAR_ONLY
0,230.0931,t5747,LIDAR_ONLY,10.5069,10.5069,15.4761,4.9692,4.9692,32.1089,32.1089,0,0,9.76,1.21,cautious,-1.10,front,LIDAR_ONLY
0,230.1455,cam_2,CAM_ONLY,19.4530,,15.4761,3.9769,,25.6970,,0,,9.35,1.23,warning,,,CAMERA_ONLY
0,230.1455,t5746,LIDAR_ONLY,15.4136,15.4136,15.4761,0.0625,0.0625,0.4040,0.4040,1,1,9.35,1.23,drive,25.08,front,LIDAR_ONLY
0,230.1455,t5746,LIDAR_ONLY,15.4093,15.4093,15.4761,0.0668,0.0668,0.4318,0.4318,1,1,9.35,1.23,drive,16.74,front,LIDAR_ONLY
0,230.1455,t5754,LIDAR_ONLY,10.3894,10.3894,15.4761,5.0867,5.0867,32.8680,32.8680,0,0,9.35,1.23,cautious,29.24,front,LIDAR_ONLY
0,230.1455,t5746,LIDAR_ONLY,15.1831,15.1831,15.4761,0.2930,0.2930,1.8931,1.8931,1,1,9.35,1.23,drive,20.91,front,LIDAR_ONLY
0,230.2025,cam_2,CAM_ONLY,19.2540,,15.4761,3.7779,,24.4111,,0,,11.71,1.36,warning,,,CAMERA_ONLY
0,230.2647,cam_2,CAM_ONLY,19.0524,,15.4761,3.5763,,23.1085,,0,,10.87,0.96,warning,,,CAMERA_ONLY
0,230.3206,cam_2,CAM_ONLY,19.5189,,15.4761,4.0428,,26.1231,,0,,11.76,1.22,warning,,,CAMERA_ONLY
0,230.3788,cam_2,CAM_ONLY,19.1331,,15.4761,3.6570,,23.6298,,0,,12.79,0.90,warning,,,CAMERA_ONLY
0,230.4503,cam_2,CAM_ONLY,19.0161,,15.4761,3.5400,,22.8740,,0,,19.30,1.79,warning,,,CAMERA_ONLY
0,230.5126,cam_2,CAM_ONLY,19.0907,,15.4761,3.6146,,23.3563,,0,,12.80,1.41,warning,,,CAMERA_ONLY
0,230.5825,cam_2,CAM_ONLY,19.0861,,15.4761,3.6100,,23.3266,,0,,20.32,1.62,warning,,,CAMERA_ONLY
0,230.6516,cam_2,CAM_ONLY,18.9560,,15.4761,3.4799,,22.4856,,0,,15.38,1.12,warning,,,CAMERA_ONLY
0,230.7160,cam_2,CAM_ONLY,19.1038,,15.4761,3.6277,,23.4405,,0,,12.82,1.00,warning,,,CAMERA_ONLY
0,230.7836,t5768,BOTH,19.0697,10.4954,15.4761,3.5936,4.9807,23.2205,32.1834,0,0,13.15,0.81,warning,,,FULL_ANGLE
0,230.7836,t5768,LIDAR_ONLY,10.4949,10.4949,15.4761,4.9812,4.9812,32.1862,32.1862,0,0,13.15,0.81,cautious,-1.62,front,LIDAR_ONLY
0,230.8437,cam_2,CAM_ONLY,19.0374,,15.4761,3.5613,,23.0115,,0,,10.35,1.25,warning,,,CAMERA_ONLY
0,230.8437,t5771,LIDAR_ONLY,11.3807,11.3807,15.4761,4.0954,4.0954,26.4629,26.4629,0,0,10.35,1.25,cautious,27.06,front,LIDAR_ONLY
0,230.8437,t5771,LIDAR_ONLY,12.5232,12.5232,15.4761,2.9529,2.9529,19.0801,19.0801,0,0,10.35,1.25,cautious,19.06,front,LIDAR_ONLY
0,230.8437,t5771,LIDAR_ONLY,13.1641,13.1641,15.4761,2.3120,2.3120,14.9390,14.9390,0,0,10.35,1.25,cautious,23.06,front,LIDAR_ONLY
0,230.9042,cam_2,CAM_ONLY,18.9966,,15.4761,3.5205,,22.7478,,0,,11.33,1.13,warning,,,CAMERA_ONLY
0,230.9553,cam_2,CAM_ONLY,19.2145,,15.4761,3.7384,,24.1563,,0,,9.35,1.21,warning,,,CAMERA_ONLY
0,231.0196,cam_2,CAM_ONLY,19.0901,,15.4761,3.6140,,23.3524,,0,,15.21,0.99,warning,,,CAMERA_ONLY
0,231.0913,cam_2,CAM_ONLY,19.5007,,15.4761,4.0246,,26.0055,,0,,18.23,1.27,warning,,,CAMERA_ONLY
0,231.0913,t5781,LIDAR_ONLY,10.6351,10.6351,15.4761,4.8410,4.8410,31.2803,31.2803,0,0,18.23,1.27,cautious,28.67,front,LIDAR_ONLY
0,231.1474,cam_2,CAM_ONLY,19.5485,,15.4761,4.0724,,26.3144,,0,,14.02,1.10,warning,,,CAMERA_ONLY
0,231.2014,cam_2,CAM_ONLY,19.2228,,15.4761,3.7467,,24.2099,,0,,11.39,1.18,warning,,,CAMERA_ONLY
0,231.2628,cam_2,CAM_ONLY,19.3253,,15.4761,3.8492,,24.8721,,0,,12.75,1.17,warning,,,CAMERA_ONLY
0,231.3247,cam_2,CAM_ONLY,19.3224,,15.4761,3.8464,,24.8535,,0,,14.03,1.10,warning,,,CAMERA_ONLY
0,231.3924,t5792,BOTH,19.7410,10.4783,15.4761,4.2649,4.9978,27.5583,32.2935,0,0,17.45,1.41,warning,,,FULL_ANGLE
0,231.3924,t5790,LIDAR_ONLY,10.8587,10.8587,15.4761,4.6174,4.6174,29.8354,29.8354,0,0,17.45,1.41,cautious,28.15,front,LIDAR_ONLY
0,231.3924,t5791,LIDAR_ONLY,25.9281,25.9281,15.4761,10.4520,10.4520,67.5367,67.5367,0,0,17.45,1.41,drive,15.69,front,LIDAR_ONLY
0,231.3924,t5791,LIDAR_ONLY,22.0068,22.0068,15.4761,6.5307,6.5307,42.1989,42.1989,0,0,17.45,1.41,drive,19.84,front,LIDAR_ONLY
0,231.3924,t5791,LIDAR_ONLY,19.7823,19.7823,15.4761,4.3062,4.3062,27.8250,27.8250,0,0,17.45,1.41,drive,23.99,front,LIDAR_ONLY
0,231.3924,t5792,LIDAR_ONLY,10.4762,10.4762,15.4761,4.9999,4.9999,32.3074,32.3074,0,0,17.45,1.41,cautious,-0.92,front,LIDAR_ONLY
0,231.4551,cam_2,CAM_ONLY,19.9136,,15.4761,4.4375,,28.6735,,0,,15.88,1.22,warning,,,CAMERA_ONLY
0,231.5399,t5792,BOTH,19.8940,10.5033,15.4761,4.4180,4.9728,28.5470,32.1324,0,0,16.21,1.25,warning,,,FULL_ANGLE
0,231.5399,t5790,LIDAR_ONLY,10.8197,10.8197,15.4761,4.6564,4.6564,30.0879,30.0879,0,0,16.21,1.25,cautious,28.31,front,LIDAR_ONLY
0,231.5399,t5791,LIDAR_ONLY,19.1657,19.1657,15.4761,3.6896,3.6896,23.8407,23.8407,0,0,16.21,1.25,drive,20.16,front,LIDAR_ONLY
0,231.5399,t5792,LIDAR_ONLY,10.4882,10.4882,15.4761,4.9879,4.9879,32.2299,32.2299,0,0,16.21,1.25,cautious,-4.30,front,LIDAR_ONLY
0,231.5399,t5792,LIDAR_ONLY,10.4942,10.4942,15.4761,4.9819,4.9819,32.1910,32.1910,0,0,16.21,1.25,cautious,3.85,front,LIDAR_ONLY
0,231.5399,t5791,LIDAR_ONLY,18.1330,18.1330,15.4761,2.6570,2.6570,17.1681,17.1681,0,0,16.21,1.25,drive,24.23,front,LIDAR_ONLY
0,231.5982,cam_2,CAM_ONLY,19.9954,,15.4761,4.5193,,29.2019,,0,,10.60,1.03,warning,,,CAMERA_ONLY
0,231.6559,cam_2,CAM_ONLY,19.2055,,15.4761,3.7294,,24.0978,,0,,11.80,1.16,warning,,,CAMERA_ONLY
0,231.7149,cam_2,CAM_ONLY,19.7183,,15.4761,4.2422,,27.4113,,0,,10.79,0.93,warning,,,CAMERA_ONLY
0,231.7797,t5797,BOTH,19.7382,10.6521,15.4761,4.2622,4.8240,27.5402,31.1706,0,0,13.87,0.79,warning,,,FULL_ANGLE
0,231.8413,t5797,BOTH,19.3016,10.5439,15.4761,3.8256,4.9322,24.7191,31.8700,0,0,9.59,1.16,warning,,,FULL_ANGLE
0,231.8413,t5799,LIDAR_ONLY,13.5829,13.5829,15.4761,1.8932,1.8932,12.2329,12.2329,0,0,9.59,1.16,cautious,23.44,front,LIDAR_ONLY
0,231.8413,t5799,LIDAR_ONLY,14.0606,14.0606,15.4761,1.4155,1.4155,9.1466,9.1466,0,0,9.59,1.16,cautious,19.26,front,LIDAR_ONLY
0,231.8413,t5799,LIDAR_ONLY,13.5761,13.5761,15.4761,1.9000,1.9000,12.2769,12.2769,0,0,9.59,1.16,cautious,27.62,front,LIDAR_ONLY
0,231.8413,t5797,LIDAR_ONLY,10.6152,10.6152,15.4761,4.8608,4.8608,31.4087,31.4087,0,0,9.59,1.16,cautious,-1.64,front,LIDAR_ONLY
0,231.8413,t5797,LIDAR_ONLY,10.5117,10.5117,15.4761,4.9644,4.9644,32.0781,32.0781,0,0,9.59,1.16,cautious,6.72,front,LIDAR_ONLY
0,231.8975,cam_2,CAM_ONLY,19.1603,,15.4761,3.6842,,23.8060,,0,,9.01,1.14,warning,,,CAMERA_ONLY
0,231.9548,cam_2,CAM_ONLY,19.1092,,15.4761,3.6331,,23.4758,,0,,10.84,1.25,warning,,,CAMERA_ONLY
0,232.0141,cam_2,CAM_ONLY,19.1611,,15.4761,3.6851,,23.8113,,0,,10.13,0.86,warning,,,CAMERA_ONLY
0,232.0697,cam_2,CAM_ONLY,19.2561,,15.4761,3.7800,,24.4250,,0,,10.44,0.97,warning,,,CAMERA_ONLY
0,232.1297,cam_2,CAM_ONLY,19.2386,,15.4761,3.7625,,24.3119,,0,,10.04,0.88,warning,,,CAMERA_ONLY
0,232.1929,cam_2,CAM_ONLY,19.1959,,15.4761,3.7198,,24.0356,,0,,18.94,1.10,warning,,,CAMERA_ONLY
0,232.2655,cam_2,CAM_ONLY,19.2478,,15.4761,3.7717,,24.3709,,0,,20.44,1.63,warning,,,CAMERA_ONLY
0,232.3196,cam_2,CAM_ONLY,19.3420,,15.4761,3.8659,,24.9800,,0,,13.65,1.04,warning,,,CAMERA_ONLY
0,232.3764,cam_2,CAM_ONLY,19.2924,,15.4761,3.8163,,24.6592,,0,,13.17,1.00,warning,,,CAMERA_ONLY
0,232.4413,t5817,BOTH,19.0921,10.4480,15.4761,3.6160,5.0281,23.3650,32.4895,0,0,14.51,1.25,warning,,,FULL_ANGLE
0,232.4413,t5816,LIDAR_ONLY,10.3151,10.3151,15.4761,5.1610,5.1610,33.3483,33.3483,0,0,14.51,1.25,cautious,29.43,front,LIDAR_ONLY
0,232.4413,t5816,LIDAR_ONLY,10.5184,10.5184,15.4761,4.9577,4.9577,32.0343,32.0343,0,0,14.51,1.25,cautious,25.26,front,LIDAR_ONLY
0,232.4413,t5816,LIDAR_ONLY,11.3313,11.3313,15.4761,4.1448,4.1448,26.7820,26.7820,0,0,14.51,1.25,cautious,16.94,front,LIDAR_ONLY
0,232.4413,t5816,LIDAR_ONLY,12.0467,12.0467,15.4761,3.4294,3.4294,22.1594,22.1594,0,0,14.51,1.25,cautious,21.10,front,LIDAR_ONLY
0,232.4413,t5817,LIDAR_ONLY,10.4822,10.4822,15.4761,4.9939,4.9939,32.2685,32.2685,0,0,14.51,1.25,cautious,-3.88,front,LIDAR_ONLY
0,232.4413,t5817,LIDAR_ONLY,10.4907,10.4907,15.4761,4.9854,4.9854,32.2137,32.2137,0,0,14.51,1.25,cautious,4.45,front,LIDAR_ONLY
0,232.4999,cam_2,CAM_ONLY,19.2525,,15.4761,3.7764,,24.4018,,0,,11.06,1.27,warning,,,CAMERA_ONLY
0,232.5641,cam_2,CAM_ONLY,19.3442,,15.4761,3.8681,,24.9938,,0,,14.58,1.12,warning,,,CAMERA_ONLY
0,232.6203,cam_2,CAM_ONLY,19.2064,,15.4761,3.7304,,24.1040,,0,,9.89,1.02,warning,,,CAMERA_ONLY
0,232.6832,t5824,BOTH,19.4161,10.4457,15.4761,3.9400,5.0304,25.4584,32.5045,0,0,16.31,0.87,warning,,,FULL_ANGLE
0,232.6832,t5824,LIDAR_ONLY,10.4791,10.4791,15.4761,4.9970,4.9970,32.2884,32.2884,0,0,16.31,0.87,cautious,-3.70,front,LIDAR_ONLY
0,232.6832,t5824,LIDAR_ONLY,10.4853,10.4853,15.4761,4.9908,4.9908,32.2483,32.2483,0,0,16.31,0.87,cautious,4.49,front,LIDAR_ONLY
0,232.7656,cam_2,CAM_ONLY,19.1678,,15.4761,3.6917,,23.8543,,0,,17.84,1.15,warning,,,CAMERA_ONLY
0,232.8280,cam_2,CAM_ONLY,19.4243,,15.4761,3.9482,,25.5119,,0,,19.33,1.81,warning,,,CAMERA_ONLY
0,232.8954,cam_2,CAM_ONLY,19.4343,,15.4761,3.9582,,25.5763,,0,,11.66,1.18,warning,,,CAMERA_ONLY
0,232.9558,cam_2,CAM_ONLY,19.1889,,15.4761,3.7129,,23.9909,,0,,16.98,1.30,warning,,,CAMERA_ONLY
0,233.0127,cam_2,CAM_ONLY,19.2418,,15.4761,3.7657,,24.3324,,0,,11.46,0.81,warning,,,CAMERA_ONLY
0,233.0679,cam_2,CAM_ONLY,19.3156,,15.4761,3.8395,,24.8095,,0,,11.26,0.90,warning,,,CAMERA_ONLY
0,233.1260,cam_2,CAM_ONLY,19.2355,,15.4761,3.7594,,24.2920,,0,,10.66,0.94,warning,,,CAMERA_ONLY
0,233.1976,t5838,BOTH,19.6153,10.5090,15.4761,4.1392,4.9671,26.7461,32.0953,0,0,18.13,1.33,warning,,,FULL_ANGLE
0,233.1976,t5837,LIDAR_ONLY,11.3823,11.3823,15.4761,4.0938,4.0938,26.4527,26.4527,0,0,18.13,1.33,cautious,27.05,front,LIDAR_ONLY
0,233.1976,t5837,LIDAR_ONLY,12.2678,12.2678,15.4761,3.2083,3.2083,20.7308,20.7308,0,0,18.13,1.33,cautious,18.72,front,LIDAR_ONLY
0,233.1976,t5837,LIDAR_ONLY,12.8465,12.8465,15.4761,2.6296,2.6296,16.9915,16.9915,0,0,18.13,1.33,cautious,22.89,front,LIDAR_ONLY
0,233.2551,cam_2,CAM_ONLY,19.1104,,15.4761,3.6344,,23.4837,,0,,12.46,1.23,warning,,,CAMERA_ONLY
0,233.3201,cam_2,CAM_ONLY,19.3135,,15.4761,3.8374,,24.7955,,0,,16.50,0.91,warning,,,CAMERA_ONLY
0,233.3887,t5838,BOTH,19.3596,10.4761,15.4761,3.8835,5.0000,25.0933,32.3077,0,0,16.63,0.94,warning,,,FULL_ANGLE
0,233.3887,t5837,LIDAR_ONLY,13.1870,13.1870,15.4761,2.2891,2.2891,14.7912,14.7912,0,0,16.63,0.94,cautious,24.17,front,LIDAR_ONLY
0,233.3887,t5837,LIDAR_ONLY,13.3032,13.3032,15.4761,2.1729,2.1729,14.0405,14.0405,0,0,16.63,0.94,cautious,28.35,front,LIDAR_ONLY
0,233.3887,t5838,LIDAR_ONLY,10.5140,10.5140,15.4761,4.9621,4.9621,32.0629,32.0629,0,0,16.63,0.94,cautious,-0.96,front,LIDAR_ONLY
0,233.4585,cam_2,CAM_ONLY,19.2041,,15.4761,3.7280,,24.0886,,0,,19.88,1.30,warning,,,CAMERA_ONLY
0,233.5187,cam_2,CAM_ONLY,19.2091,,15.4761,3.7330,,24.1213,,0,,10.41,1.00,warning,,,CAMERA_ONLY
0,233.5972,cam_2,CAM_ONLY,19.2393,,15.4761,3.7632,,24.3162,,0,,19.74,1.26,warning,,,CAMERA_ONLY
0,233.5972,t5837,LIDAR_ONLY,13.3637,13.3637,15.4761,2.1123,2.1123,13.6491,13.6491,0,0,19.74,1.26,cautious,28.65,front,LIDAR_ONLY
0,233.6604,cam_2,CAM_ONLY,19.2753,,15.4761,3.7992,,24.5488,,0,,18.38,1.16,warning,,,CAMERA_ONLY
0,233.7264,cam_2,CAM_ONLY,19.2833,,15.4761,3.8072,,24.6005,,0,,9.89,0.80,warning,,,CAMERA_ONLY
0,233.7916,t5849,BOTH,19.1389,10.5553,15.4761,3.6628,4.9208,23.6673,31.7961,0,0,19.55,2.47,warning,,,FULL_ANGLE
0,233.7916,t5837,LIDAR_ONLY,12.0678,12.0678,15.4761,3.4083,3.4083,22.0227,22.0227,0,0,19.55,2.47,cautious,28.22,front,LIDAR_ONLY
0,233.7916,t5837,LIDAR_ONLY,12.1882,12.1882,15.4761,3.2879,3.2879,21.2447,21.2447,0,0,19.55,2.47,cautious,20.25,front,LIDAR_ONLY
0,233.7916,t5837,LIDAR_ONLY,12.2841,12.2841,15.4761,3.1920,3.1920,20.6250,20.6250,0,0,19.55,2.47,cautious,24.23,front,LIDAR_ONLY
0,233.7916,t5849,LIDAR_ONLY,10.6408,10.6408,15.4761,4.8352,4.8352,31.2433,31.2433,0,0,19.55,2.47,cautious,-3.67,front,LIDAR_ONLY
0,233.8575,cam_2,CAM_ONLY,19.7512,,15.4761,4.2751,,27.6240,,0,,19.50,2.40,warning,,,CAMERA_ONLY
0,233.9160,cam_2,CAM_ONLY,19.7604,,15.4761,4.2843,,27.6832,,0,,13.98,0.93,warning,,,CAMERA_ONLY
0,233.9773,cam_2,CAM_ONLY,19.8560,,15.4761,4.3799,,28.3012,,0,,15.83,1.83,warning,,,CAMERA_ONLY
0,234.0502,cam_2,CAM_ONLY,19.3130,,15.4761,3.8369,,24.7926,,0,,18.26,0.99,warning,,,CAMERA_ONLY
0,234.1160,cam_2,CAM_ONLY,19.1875,,15.4761,3.7114,,23.9815,,0,,18.47,1.51,warning,,,CAMERA_ONLY
0,234.1761,cam_2,CAM_ONLY,19.2978,,15.4761,3.8218,,24.6946,,0,,12.86,0.90,warning,,,CAMERA_ONLY
0,234.2420,t5860,BOTH,19.2401,10.5213,15.4761,3.7640,4.9548,24.3217,32.0161,0,0,20.00,1.27,warning,,,FULL_ANGLE
0,234.2420,t5859,LIDAR_ONLY,13.7350,13.7350,15.4761,1.7411,1.7411,11.2504,11.2504,0,0,20.00,1.27,cautious,23.23,front,LIDAR_ONLY
0,234.2420,t5859,LIDAR_ONLY,11.9090,11.9090,15.4761,3.5671,3.5671,23.0489,23.0489,0,0,20.00,1.27,cautious,27.35,front,LIDAR_ONLY
0,234.2420,t5860,LIDAR_ONLY,10.5559,10.5559,15.4761,4.9202,4.9202,31.7920,31.7920,0,0,20.00,1.27,cautious,-1.48,front,LIDAR_ONLY
0,234.2420,t5860,LIDAR_ONLY,10.4970,10.4970,15.4761,4.9791,4.9791,32.1727,32.1727,0,0,20.00,1.27,cautious,6.76,front,LIDAR_ONLY
0,234.3122,cam_2,CAM_ONLY,19.1651,,15.4761,3.6890,,23.8366,,0,,18.39,1.05,warning,,,CAMERA_ONLY
0,234.3813,cam_2,CAM_ONLY,19.3065,,15.4761,3.8304,,24.7505,,0,,11.09,1.00,warning,,,CAMERA_ONLY
0,234.4533,cam_2,CAM_ONLY,19.3632,,15.4761,3.8871,,25.1169,,0,,20.11,1.31,warning,,,CAMERA_ONLY
0,234.5231,cam_2,CAM_ONLY,19.2705,,15.4761,3.7944,,24.5176,,0,,17.00,1.06,warning,,,CAMERA_ONLY
0,234.5894,t5868,BOTH,19.1793,10.4803,15.4761,3.7032,4.9957,23.9286,32.2804,0,0,18.01,0.83,warning,,,FULL_ANGLE
0,234.5894,t5868,LIDAR_ONLY,10.4726,10.4726,15.4761,5.0035,5.0035,32.3306,32.3306,0,0,18.01,0.83,cautious,-1.02,front,LIDAR_ONLY
0,234.6473,t5868,BOTH,19.1931,10.4814,15.4761,3.7170,4.9947,24.0178,32.2734,0,0,10.37,1.29,warning,,,FULL_ANGLE
0,234.6473,t5872,LIDAR_ONLY,10.8123,10.8123,15.4761,4.6638,4.6638,30.1354,30.1354,0,0,10.37,1.29,cautious,28.25,front,LIDAR_ONLY
0,234.6473,t5872,LIDAR_ONLY,11.5007,11.5007,15.4761,3.9754,3.9754,25.6874,25.6874,0,0,10.37,1.29,cautious,20.22,front,LIDAR_ONLY
0,234.6473,t5872,LIDAR_ONLY,11.9725,11.9725,15.4761,3.5036,3.5036,22.6387,22.6387,0,0,10.37,1.29,cautious,24.23,front,LIDAR_ONLY
0,234.6473,t5868,LIDAR_ONLY,10.4581,10.4581,15.4761,5.0180,5.0180,32.4240,32.4240,0,0,10.37,1.29,cautious,4.15,front,LIDAR_ONLY
0,234.6473,t5872,LIDAR_ONLY,12.8035,12.8035,15.4761,2.6726,2.6726,17.2694,17.2694,0,0,10.37,1.29,cautious,16.20,front,LIDAR_ONLY
0,234.6473,t5868,LIDAR_ONLY,10.4697,10.4697,15.4761,5.0063,5.0063,32.3489,32.3489,0,0,10.37,1.29,cautious,-3.88,front,LIDAR_ONLY
0,234.7207,cam_2,CAM_ONLY,19.3338,,15.4761,3.8577,,24.9271,,0,,15.98,0.94,warning,,,CAMERA_ONLY
0,234.7923,t5868,BOTH,19.1649,10.4917,15.4761,3.6888,4.9844,23.8354,32.2070,0,0,15.29,1.29,warning,,,FULL_ANGLE
0,234.7923,t5872,LIDAR_ONLY,13.3487,13.3487,15.4761,2.1274,2.1274,13.7461,13.7461,0,0,15.29,1.29,cautious,22.72,front,LIDAR_ONLY
0,234.7923,t5872,LIDAR_ONLY,14.2557,14.2557,15.4761,1.2204,1.2204,7.8854,7.8854,0,0,15.29,1.29,cautious,18.71,front,LIDAR_ONLY
0,234.7923,t5872,LIDAR_ONLY,14.6226,14.6226,15.4761,0.8534,0.8534,5.5146,5.5146,1,1,15.29,1.29,cautious,26.73,front,LIDAR_ONLY
0,234.8522,cam_2,CAM_ONLY,19.2154,,15.4761,3.7394,,24.1621,,0,,11.47,1.15,warning,,,CAMERA_ONLY
0,234.9112,cam_2,CAM_ONLY,19.2669,,15.4761,3.7908,,24.4948,,0,,11.85,0.99,warning,,,CAMERA_ONLY
0,234.9803,t5868,BOTH,19.3709,10.5066,15.4761,3.8948,4.9695,25.1665,32.1109,0,0,17.45,0.86,warning,,,FULL_ANGLE
0,235.0527,cam_2,CAM_ONLY,19.3633,,15.4761,3.8872,,25.1177,,0,,20.32,1.83,warning,,,CAMERA_ONLY
0,235.1202,cam_2,CAM_ONLY,19.2472,,15.4761,3.7711,,24.3672,,0,,15.73,1.23,warning,,,CAMERA_ONLY
0,235.1801,cam_2,CAM_ONLY,19.3270,,15.4761,3.8509,,24.8830,,0,,10.88,0.86,warning,,,CAMERA_ONLY
0,235.2364,t5881,BOTH,19.1799,10.4687,15.4761,3.7038,5.0074,23.9325,32.3555,0,0,10.71,0.88,warning,,,FULL_ANGLE
0,235.2364,t5880,LIDAR_ONLY,12.7012,12.7012,15.4761,2.7748,2.7748,17.9299,17.9299,0,0,10.71,0.88,cautious,24.73,front,LIDAR_ONLY
0,235.2364,t5880,LIDAR_ONLY,14.1559,14.1559,15.4761,1.3202,1.3202,8.5304,8.5304,0,0,10.71,0.88,cautious,16.53,front,LIDAR_ONLY
0,235.2992,cam_2,CAM_ONLY,19.3633,,15.4761,3.8872,,25.1174,,0,,13.44,1.17,warning,,,CAMERA_ONLY
0,235.3586,cam_2,CAM_ONLY,19.3421,,15.4761,3.8660,,24.9807,,0,,10.54,1.17,warning,,,CAMERA_ONLY
0,235.4202,cam_2,CAM_ONLY,19.2503,,15.4761,3.7742,,24.3873,,0,,11.55,0.85,warning,,,CAMERA_ONLY
0,235.4773,cam_2,CAM_ONLY,19.2733,,15.4761,3.7972,,24.5362,,0,,9.12,0.99,warning,,,CAMERA_ONLY
0,235.5422,t5893,BOTH,19.3412,10.6289,15.4761,3.8651,4.8472,24.9747,31.3206,0,0,16.87,1.28,warning,,,FULL_ANGLE
0,235.5422,t5892,LIDAR_ONLY,14.1487,14.1487,15.4761,1.3274,1.3274,8.5773,8.5773,0,0,16.87,1.28,cautious,22.70,front,LIDAR_ONLY
0,235.5422,t5892,LIDAR_ONLY,13.0301,13.0301,15.4761,2.4460,2.4460,15.8048,15.8048,0,0,16.87,1.28,cautious,26.85,front,LIDAR_ONLY
0,235.5422,t5892,LIDAR_ONLY,13.5657,13.5657,15.4761,1.9104,1.9104,12.3444,12.3444,0,0,16.87,1.28,cautious,18.55,front,LIDAR_ONLY
0,235.5422,t5893,LIDAR_ONLY,10.5506,10.5506,15.4761,4.9255,4.9255,31.8267,31.8267,0,0,16.87,1.28,cautious,6.08,front,LIDAR_ONLY
0,235.6154,cam_2,CAM_ONLY,19.3219,,15.4761,3.8458,,24.8498,,0,,22.65,1.39,warning,,,CAMERA_ONLY
0,235.6791,cam_2,CAM_ONLY,19.3057,,15.4761,3.8296,,24.7455,,0,,16.25,0.93,warning,,,CAMERA_ONLY
0,235.7432,t5893,BOTH,19.2148,10.4999,15.4761,3.7387,4.9762,24.1582,32.1539,0,0,13.58,1.31,warning,,,FULL_ANGLE
0,235.7432,t5892,LIDAR_ONLY,13.6267,13.6267,15.4761,1.8494,1.8494,11.9499,11.9499,0,0,13.58,1.31,cautious,27.29,front,LIDAR_ONLY
0,235.7432,t5892,LIDAR_ONLY,13.6718,13.6718,15.4761,1.8043,1.8043,11.6586,11.6586,0,0,13.58,1.31,cautious,23.12,front,LIDAR_ONLY
0,235.7432,t5893,LIDAR_ONLY,10.4601,10.4601,15.4761,5.0160,5.0160,32.4110,32.4110,0,0,13.58,1.31,cautious,6.43,front,LIDAR_ONLY
0,235.7432,t5893,LIDAR_ONLY,10.4683,10.4683,15.4761,5.0078,5.0078,32.3584,32.3584,0,0,13.58,1.31,cautious,-1.92,front,LIDAR_ONLY
0,235.7983,cam_2,CAM_ONLY,19.7120,,15.4761,4.2359,,27.3704,,0,,8.90,1.30,warning,,,CAMERA_ONLY
0,235.8551,cam_2,CAM_ONLY,19.2856,,15.4761,3.8095,,24.6154,,0,,11.60,1.26,warning,,,CAMERA_ONLY
0,235.9257,cam_2,CAM_ONLY,19.1928,,15.4761,3.7167,,24.0157,,0,,20.58,1.54,warning,,,CAMERA_ONLY
0,235.9889,t5902,BOTH,19.2699,10.4756,15.4761,3.7938,5.0005,24.5141,32.3109,0,0,17.61,1.07,warning,,,FULL_ANGLE
0,235.9889,t5901,LIDAR_ONLY,13.3418,13.3418,15.4761,2.1343,2.1343,13.7912,13.7912,0,0,17.61,1.07,cautious,23.77,front,LIDAR_ONLY
0,235.9889,t5901,LIDAR_ONLY,12.0107,12.0107,15.4761,3.4654,3.4654,22.3919,22.3919,0,0,17.61,1.07,cautious,27.93,front,LIDAR_ONLY
0,235.9889,t5901,LIDAR_ONLY,12.4133,12.4133,15.4761,3.0628,3.0628,19.7907,19.7907,0,0,17.61,1.07,cautious,19.62,front,LIDAR_ONLY
0,235.9889,t5902,LIDAR_ONLY,10.4819,10.4819,15.4761,4.9942,4.9942,32.2704,32.2704,0,0,17.61,1.07,cautious,-1.14,front,LIDAR_ONLY
0,236.0575,cam_2,CAM_ONLY,19.3176,,15.4761,3.8415,,24.8223,,0,,14.01,1.24,warning,,,CAMERA_ONLY
0,236.1134,cam_2,CAM_ONLY,19.2350,,15.4761,3.7589,,24.2885,,0,,10.13,0.91,warning,,,CAMERA_ONLY
0,236.1755,cam_2,CAM_ONLY,19.6705,,15.4761,4.1944,,27.1022,,0,,14.34,1.05,warning,,,CAMERA_ONLY
0,236.2385,t5908,BOTH,19.3808,10.5132,15.4761,3.9047,4.9629,25.2307,32.0681,0,0,10.29,1.17,warning,,,FULL_ANGLE
0,236.2385,t5906,LIDAR_ONLY,10.1672,10.1672,15.4761,5.3089,5.3089,34.3038,34.3038,0,0,10.29,1.17,cautious,29.80,front,LIDAR_ONLY
0,236.2385,t5906,LIDAR_ONLY,10.4500,10.4500,15.4761,5.0261,5.0261,32.4764,32.4764,0,0,10.29,1.17,cautious,25.78,front,LIDAR_ONLY
0,236.2385,t5906,LIDAR_ONLY,11.0476,11.0476,15.4761,4.4285,4.4285,28.6149,28.6149,0,0,10.29,1.17,cautious,17.75,front,LIDAR_ONLY
0,236.2385,t5906,LIDAR_ONLY,11.6090,11.6090,15.4761,3.8671,3.8671,24.9878,24.9878,0,0,10.29,1.17,cautious,21.76,front,LIDAR_ONLY
0,236.2385,t5908,LIDAR_ONLY,10.6092,10.6092,15.4761,4.8669,4.8669,31.4481,31.4481,0,0,10.29,1.17,cautious,-2.33,front,LIDAR_ONLY
0,236.2385,t5908,LIDAR_ONLY,10.5481,10.5481,15.4761,4.9279,4.9279,31.8423,31.8423,0,0,10.29,1.17,cautious,5.70,front,LIDAR_ONLY
0,236.2966,cam_2,CAM_ONLY,19.4711,,15.4761,3.9950,,25.8142,,0,,10.64,1.33,warning,,,CAMERA_ONLY
0,236.3627,cam_2,CAM_ONLY,19.2394,,15.4761,3.7634,,24.3172,,0,,16.00,1.18,warning,,,CAMERA_ONLY
0,236.4329,t5908,BOTH,19.2232,10.5155,15.4761,3.7471,4.9606,24.2121,32.0533,0,0,14.01,0.92,warning,,,FULL_ANGLE
0,236.4329,t5908,LIDAR_ONLY,10.4910,10.4910,15.4761,4.9851,4.9851,32.2114,32.2114,0,0,14.01,0.92,cautious,4.28,front,LIDAR_ONLY
0,236.4329,t5908,LIDAR_ONLY,10.4939,10.4939,15.4761,4.9822,4.9822,32.1928,32.1928,0,0,14.01,0.92,cautious,-4.05,front,LIDAR_ONLY
0,236.5063,cam_2,CAM_ONLY,19.6936,,15.4761,4.2175,,27.2518,,0,,14.88,1.24,warning,,,CAMERA_ONLY
0,236.5622,cam_2,CAM_ONLY,19.3298,,15.4761,3.8537,,24.9010,,0,,11.01,0.98,warning,,,CAMERA_ONLY
0,236.6350,t5908,BOTH,19.3486,10.5063,15.4761,3.8725,4.9698,25.0223,32.1126,0,0,20.37,1.46,warning,,,FULL_ANGLE
0,236.6350,t5908,LIDAR_ONLY,10.5006,10.5006,15.4761,4.9755,4.9755,32.1498,32.1498,0,0,20.37,1.46,cautious,-4.38,front,LIDAR_ONLY
0,236.7041,cam_2,CAM_ONLY,19.3649,,15.4761,3.8888,,25.1280,,0,,14.87,0.99,warning,,,CAMERA_ONLY
0,236.7631,cam_2,CAM_ONLY,19.6858,,15.4761,4.2097,,27.2015,,0,,16.12,0.97,warning,,,CAMERA_ONLY
0,236.8436,cam_2,CAM_ONLY,19.6759,,15.4761,4.1999,,27.1377,,0,,20.03,1.62,warning,,,CAMERA_ONLY
0,236.9092,cam_2,CAM_ONLY,19.2024,,15.4761,3.7263,,24.0776,,0,,12.88,1.20,warning,,,CAMERA_ONLY
0,236.9677,cam_2,CAM_ONLY,19.3529,,15.4761,3.8768,,25.0505,,0,,9.24,0.91,warning,,,CAMERA_ONLY
0,237.0276,cam_2,CAM_ONLY,19.1736,,15.4761,3.6975,,23.8918,,0,,11.00,1.04,warning,,,CAMERA_ONLY
0,237.0964,t5929,BOTH,19.6643,10.3825,15.4761,4.1882,5.0935,27.0621,32.9124,0,0,15.61,1.40,warning,,,FULL_ANGLE
0,237.0964,t5927,LIDAR_ONLY,12.3764,12.3764,15.4761,3.0997,3.0997,20.0288,20.0288,0,0,15.61,1.40,cautious,25.25,front,LIDAR_ONLY
0,237.0964,t5927,LIDAR_ONLY,13.7889,13.7889,15.4761,1.6872,1.6872,10.9020,10.9020,0,0,15.61,1.40,cautious,17.18,front,LIDAR_ONLY
0,237.0964,t5928,LIDAR_ONLY,10.3718,10.3718,15.4761,5.1043,5.1043,32.9819,32.9819,0,0,15.61,1.40,cautious,29.29,front,LIDAR_ONLY
0,237.0964,t5927,LIDAR_ONLY,14.6142,14.6142,15.4761,0.8619,0.8619,5.5693,5.5693,1,1,15.61,1.40,cautious,21.21,front,LIDAR_ONLY
0,237.1652,cam_2,CAM_ONLY,19.2858,,15.4761,3.8097,,24.6166,,0,,15.71,0.90,warning,,,CAMERA_ONLY
0,237.2280,cam_2,CAM_ONLY,19.3073,,15.4761,3.8312,,24.7557,,0,,10.81,0.99,warning,,,CAMERA_ONLY
0,237.2975,cam_2,CAM_ONLY,19.3758,,15.4761,3.8997,,25.1982,,0,,18.33,0.99,warning,,,CAMERA_ONLY
0,237.3663,cam_2,CAM_ONLY,19.3938,,15.4761,3.9177,,25.3148,,0,,9.96,0.81,warning,,,CAMERA_ONLY
0,237.4272,t5932,BOTH,19.2775,10.4052,15.4761,3.8014,5.0709,24.5631,32.7662,0,0,12.15,0.81,warning,,,FULL_ANGLE
0,237.4272,t5932,LIDAR_ONLY,10.3962,10.3962,15.4761,5.0799,5.0799,32.8240,32.8240,0,0,12.15,0.81,cautious,3.47,front,LIDAR_ONLY
0,237.4905,t5932,BOTH,19.7223,10.4373,15.4761,4.2462,5.0388,27.4372,32.5583,0,0,18.64,1.25,warning,,,FULL_ANGLE
0,237.4905,t5934,LIDAR_ONLY,14.2254,14.2254,15.4761,1.2507,1.2507,8.0817,8.0817,0,0,18.64,1.25,cautious,22.61,front,LIDAR_ONLY
0,237.4905,t5934,LIDAR_ONLY,12.3004,12.3004,15.4761,3.1756,3.1756,20.5197,20.5197,0,0,18.64,1.25,cautious,26.85,front,LIDAR_ONLY
0,237.4905,t5932,LIDAR_ONLY,10.4200,10.4200,15.4761,5.0560,5.0560,32.6701,32.6701,0,0,18.64,1.25,cautious,-2.86,front,LIDAR_ONLY
0,237.4905,t5932,LIDAR_ONLY,10.4402,10.4402,15.4761,5.0359,5.0359,32.5398,32.5398,0,0,18.64,1.25,cautious,5.63,front,LIDAR_ONLY
0,237.5605,cam_2,CAM_ONLY,19.3256,,15.4761,3.8495,,24.8738,,0,,21.16,1.23,warning,,,CAMERA_ONLY
0,237.6277,cam_2,CAM_ONLY,19.2665,,15.4761,3.7905,,24.4923,,0,,15.51,1.50,warning,,,CAMERA_ONLY
0,237.6869,cam_2,CAM_ONLY,19.3899,,15.4761,3.9138,,25.2894,,0,,10.81,1.14,warning,,,CAMERA_ONLY
0,237.6869,t5934,LIDAR_ONLY,11.8748,11.8748,15.4761,3.6013,3.6013,23.2700,23.2700,0,0,10.81,1.14,cautious,27.78,front,LIDAR_ONLY
0,237.7471,cam_2,CAM_ONLY,19.2305,,15.4761,3.7544,,24.2595,,0,,12.37,1.23,warning,,,CAMERA_ONLY
0,237.7471,t5934,LIDAR_ONLY,11.3579,11.3579,15.4761,4.1182,4.1182,26.6102,26.6102,0,0,12.37,1.23,cautious,29.55,front,LIDAR_ONLY
0,237.7471,t5934,LIDAR_ONLY,11.4006,11.4006,15.4761,4.0755,4.0755,26.3343,26.3343,0,0,12.37,1.23,cautious,25.40,front,LIDAR_ONLY
0,237.8134,cam_2,CAM_ONLY,19.6438,,15.4761,4.1677,,26.9297,,0,,13.80,0.93,warning,,,CAMERA_ONLY
0,237.8669,cam_2,CAM_ONLY,19.2993,,15.4761,3.8232,,24.7039,,0,,11.55,1.02,warning,,,CAMERA_ONLY
0,237.9246,cam_2,CAM_ONLY,19.3949,,15.4761,3.9188,,25.3215,,0,,9.67,0.77,warning,,,CAMERA_ONLY
0,237.9820,t5946,BOTH,19.6406,10.5071,15.4761,4.1646,4.9690,26.9096,32.1076,0,0,18.49,0.80,warning,,,FULL_ANGLE
0,238.0505,cam_2,CAM_ONLY,19.6131,,15.4761,4.1370,,26.7315,,0,,19.01,2.54,warning,,,CAMERA_ONLY
0,238.0505,t5950,LIDAR_ONLY,12.3028,12.3028,15.4761,3.1733,3.1733,20.5045,20.5045,0,0,19.01,2.54,cautious,25.37,front,LIDAR_ONLY
0,238.0505,t5950,LIDAR_ONLY,13.5879,13.5879,15.4761,1.8882,1.8882,12.2007,12.2007,0,0,19.01,2.54,cautious,16.95,front,LIDAR_ONLY
0,238.0505,t5950,LIDAR_ONLY,14.3691,14.3691,15.4761,1.1070,1.1070,7.1531,7.1531,0,0,19.01,2.54,cautious,21.16,front,LIDAR_ONLY
0,238.0505,t5950,LIDAR_ONLY,14.3057,14.3057,15.4761,1.1704,1.1704,7.5624,7.5624,0,0,19.01,2.54,cautious,29.58,front,LIDAR_ONLY
0,238.1176,cam_2,CAM_ONLY,19.6033,,15.4761,4.1273,,26.6686,,0,,18.85,1.37,warning,,,CAMERA_ONLY
0,238.1837,t5946,BOTH,19.3434,10.5312,15.4761,3.8673,4.9449,24.9890,31.9520,0,0,18.31,0.89,warning,,,FULL_ANGLE
0,238.1837,t5950,LIDAR_ONLY,14.3849,14.3849,15.4761,1.0912,1.0912,7.0511,7.0511,0,0,18.31,0.89,cautious,20.73,front,LIDAR_ONLY
0,238.1837,t5946,LIDAR_ONLY,10.5221,10.5221,15.4761,4.9540,4.9540,32.0109,32.0109,0,0,18.31,0.89,cautious,-4.79,front,LIDAR_ONLY
0,238.1837,t5946,LIDAR_ONLY,10.5114,10.5114,15.4761,4.9647,4.9647,32.0799,32.0799,0,0,18.31,0.89,cautious,3.72,front,LIDAR_ONLY
0,238.2451,cam_2,CAM_ONLY,19.2864,,15.4761,3.8103,,24.6204,,0,,11.30,1.16,warning,,,CAMERA_ONLY
0,238.2451,t5950,LIDAR_ONLY,14.4574,14.4574,15.4761,1.0187,1.0187,6.5826,6.5826,0,0,11.30,1.16,cautious,23.90,front,LIDAR_ONLY
0,238.2451,t5950,LIDAR_ONLY,12.6126,12.6126,15.4761,2.8635,2.8635,18.5029,18.5029,0,0,11.30,1.16,cautious,27.90,front,LIDAR_ONLY
0,238.3013,cam_2,CAM_ONLY,19.6870,,15.4761,4.2109,,27.2090,,0,,12.62,1.28,warning,,,CAMERA_ONLY
0,238.3564,cam_2,CAM_ONLY,19.2171,,15.4761,3.7411,,24.1731,,0,,10.68,1.19,warning,,,CAMERA_ONLY
0,238.4215,cam_2,CAM_ONLY,19.3274,,15.4761,3.8513,,24.8858,,0,,17.16,1.03,warning,,,CAMERA_ONLY
0,238.4917,t5962,BOTH,19.3757,10.4147,15.4761,3.8996,5.0614,25.1975,32.7047,0,0,14.13,1.27,warning,,,FULL_ANGLE
0,238.4917,t5961,LIDAR_ONLY,13.8445,13.8445,15.4761,1.6316,1.6316,10.5428,10.5428,0,0,14.13,1.27,cautious,23.09,front,LIDAR_ONLY
0,238.4917,t5961,LIDAR_ONLY,12.4289,12.4289,15.4761,3.0472,3.0472,19.6898,19.6898,0,0,14.13,1.27,cautious,27.29,front,LIDAR_ONLY
0,238.4917,t5961,LIDAR_ONLY,12.9148,12.9148,15.4761,2.5612,2.5612,16.5497,16.5497,0,0,14.13,1.27,cautious,18.89,front,LIDAR_ONLY
0,238.4917,t5962,LIDAR_ONLY,10.4188,10.4188,15.4761,5.0573,5.0573,32.6779,32.6779,0,0,14.13,1.27,cautious,6.29,front,LIDAR_ONLY
0,238.5525,cam_2,CAM_ONLY,19.1962,,15.4761,3.7201,,24.0377,,0,,13.52,1.27,warning,,,CAMERA_ONLY
0,238.6117,cam_2,CAM_ONLY,19.6114,,15.4761,4.1353,,26.7208,,0,,12.53,0.91,warning,,,CAMERA_ONLY
0,238.6758,cam_2,CAM_ONLY,19.3721,,15.4761,3.8961,,25.1747,,0,,13.17,1.02,warning,,,CAMERA_ONLY
0,238.7419,cam_2,CAM_ONLY,19.2622,,15.4761,3.7861,,24.4643,,0,,17.94,1.36,warning,,,CAMERA_ONLY
0,238.7419,t5970,LIDAR_ONLY,11.3756,11.3756,15.4761,4.1005,4.1005,26.4958,26.4958,0,0,17.94,1.36,cautious,27.07,front,LIDAR_ONLY
0,238.7958,cam_2,CAM_ONLY,19.7010,,15.4761,4.2249,,27.2996,,0,,11.24,1.11,warning,,,CAMERA_ONLY
0,238.8518,cam_2,CAM_ONLY,19.2690,,15.4761,3.7929,,24.5080,,0,,10.39,1.09,warning,,,CAMERA_ONLY
0,238.9282,cam_2,CAM_ONLY,19.3249,,15.4761,3.8488,,24.8692,,0,,23.92,2.19,warning,,,CAMERA_ONLY
0,238.9945,t5979,BOTH,19.3555,10.3779,15.4761,3.8794,5.0982,25.0669,32.9422,0,0,14.20,1.22,warning,,,FULL_ANGLE
0,238.9945,t5977,LIDAR_ONLY,14.4035,14.4035,15.4761,1.0726,1.0726,6.9304,6.9304,0,0,14.20,1.22,cautious,22.39,front,LIDAR_ONLY
0,238.9945,t5977,LIDAR_ONLY,15.1743,15.1743,15.4761,0.3018,0.3018,1.9503,1.9503,1,1,14.20,1.22,cautious,18.32,front,LIDAR_ONLY
0,238.9945,t5977,LIDAR_ONLY,14.9220,14.9220,15.4761,0.5541,0.5541,3.5801,3.5801,1,1,14.20,1.22,cautious,26.46,front,LIDAR_ONLY
0,239.0449,cam_2,CAM_ONLY,19.6671,,15.4761,4.1910,,27.0808,,0,,11.54,1.07,warning,,,CAMERA_ONLY
0,239.1082,cam_2,CAM_ONLY,19.3734,,15.4761,3.8973,,25.1827,,0,,16.59,1.26,warning,,,CAMERA_ONLY
0,239.1799,cam_2,CAM_ONLY,19.3378,,15.4761,3.8617,,24.9530,,0,,20.61,2.00,warning,,,CAMERA_ONLY
0,239.2487,cam_2,CAM_ONLY,19.4652,,15.4761,3.9891,,25.7756,,0,,15.70,1.24,warning,,,CAMERA_ONLY
0,239.3138,cam_2,CAM_ONLY,19.2685,,15.4761,3.7924,,24.5047,,0,,14.52,0.95,warning,,,CAMERA_ONLY
0,239.3795,cam_2,CAM_ONLY,19.2445,,15.4761,3.7684,,24.3497,,0,,17.57,0.81,warning,,,CAMERA_ONLY
0,239.4394,t5991,BOTH,19.3290,10.4591,15.4761,3.8529,5.0170,24.8959,32.4177,0,0,11.48,1.23,warning,,,FULL_ANGLE
0,239.4394,t5990,LIDAR_ONLY,12.0128,12.0128,15.4761,3.4633,3.4633,22.3786,22.3786,0,0,11.48,1.23,cautious,25.87,front,LIDAR_ONLY
0,239.4394,t5990,LIDAR_ONLY,12.3570,12.3570,15.4761,3.1191,3.1191,20.1542,20.1542,0,0,11.48,1.23,cautious,21.81,front,LIDAR_ONLY
0,239.4977,t5991,BOTH,19.3800,10.4422,15.4761,3.9039,5.0339,25.2256,32.5270,0,0,9.04,1.35,warning,,,FULL_ANGLE
0,239.4977,t5990,LIDAR_ONLY,11.8491,11.8491,15.4761,3.6270,3.6270,23.4359,23.4359,0,0,9.04,1.35,cautious,29.18,front,LIDAR_ONLY
0,239.4977,t5990,LIDAR_ONLY,11.8820,11.8820,15.4761,3.5941,3.5941,23.2237,23.2237,0,0,9.04,1.35,cautious,25.08,front,LIDAR_ONLY
0,239.4977,t5990,LIDAR_ONLY,12.1018,12.1018,15.4761,3.3743,3.3743,21.8033,21.8033,0,0,9.04,1.35,cautious,20.98,front,LIDAR_ONLY
0,239.4977,t5991,LIDAR_ONLY,10.4478,10.4478,15.4761,5.0282,5.0282,32.4904,32.4904,0,0,9.04,1.35,cautious,-3.61,front,LIDAR_ONLY
0,239.4977,t5991,LIDAR_ONLY,10.4525,10.4525,15.4761,5.0236,5.0236,32.4602,32.4602,0,0,9.04,1.35,cautious,4.59,front,LIDAR_ONLY
0,239.5587,cam_2,CAM_ONLY,19.2241,,15.4761,3.7480,,24.2180,,0,,10.50,1.19,warning,,,CAMERA_ONLY
0,239.6146,cam_2,CAM_ONLY,19.6869,,15.4761,4.2108,,27.2085,,0,,9.72,0.85,warning,,,CAMERA_ONLY
0,239.6743,cam_2,CAM_ONLY,19.3678,,15.4761,3.8918,,25.1469,,0,,9.25,0.70,warning,,,CAMERA_ONLY
0,239.7399,t5997,BOTH,19.4550,10.5823,15.4761,3.9789,4.8938,25.7101,31.6214,0,0,13.04,1.15,warning,,,FULL_ANGLE
0,239.7399,t5996,LIDAR_ONLY,11.5913,11.5913,15.4761,3.8848,3.8848,25.1018,25.1018,0,0,13.04,1.15,cautious,26.65,front,LIDAR_ONLY
0,239.7399,t5996,LIDAR_ONLY,11.9032,11.9032,15.4761,3.5728,3.5728,23.0862,23.0862,0,0,13.04,1.15,cautious,22.41,front,LIDAR_ONLY
0,239.7399,t5997,LIDAR_ONLY,10.6330,10.6330,15.4761,4.8430,4.8430,31.2937,31.2937,0,0,13.04,1.15,cautious,-3.02,front,LIDAR_ONLY
0,239.7399,t5997,LIDAR_ONLY,10.5189,10.5189,15.4761,4.9572,4.9572,32.0315,32.0315,0,0,13.04,1.15,cautious,5.46,front,LIDAR_ONLY
0,239.7989,cam_2,CAM_ONLY,19.2048,,15.4761,3.7288,,24.0936,,0,,9.62,1.03,warning,,,CAMERA_ONLY
0,239.8479,cam_2,CAM_ONLY,19.3605,,15.4761,3.8844,,25.0994,,0,,9.17,1.19,warning,,,CAMERA_ONLY
0,239.9091,cam_2,CAM_ONLY,19.3357,,15.4761,3.8596,,24.9389,,0,,15.62,0.99,warning,,,CAMERA_ONLY
0,239.9863,t6002,BOTH,19.3460,10.4792,15.4761,3.8699,4.9969,25.0056,32.2881,0,0,20.72,1.56,warning,,,FULL_ANGLE
0,239.9863,t6002,LIDAR_ONLY,10.5790,10.5790,15.4761,4.8971,4.8971,31.6432,31.6432,0,0,20.72,1.56,cautious,-4.24,front,LIDAR_ONLY
0,240.0451,cam_2,CAM_ONLY,19.2640,,15.4761,3.7879,,24.4760,,0,,11.71,1.00,warning,,,CAMERA_ONLY
0,240.1007,cam_2,CAM_ONLY,19.3051,,15.4761,3.8290,,24.7411,,0,,11.21,1.18,warning,,,CAMERA_ONLY
0,240.1550,cam_2,CAM_ONLY,19.4897,,15.4761,4.0136,,25.9342,,0,,10.93,1.18,warning,,,CAMERA_ONLY
0,240.2110,cam_2,CAM_ONLY,19.3422,,15.4761,3.8661,,24.9814,,0,,10.64,0.82,warning,,,CAMERA_ONLY
0,240.2687,cam_2,CAM_ONLY,19.3222,,15.4761,3.8461,,24.8520,,0,,14.13,1.23,warning,,,CAMERA_ONLY
0,240.3219,cam_2,CAM_ONLY,19.6802,,15.4761,4.2042,,27.1655,,0,,11.63,0.99,warning,,,CAMERA_ONLY
0,240.4094,cam_2,CAM_ONLY,19.1809,,15.4761,3.7048,,23.9390,,0,,21.33,1.44,warning,,,CAMERA_ONLY
0,240.4786,cam_2,CAM_ONLY,19.7621,,15.4761,4.2860,,27.6942,,0,,12.64,0.81,warning,,,CAMERA_ONLY
0,240.5566,cam_2,CAM_ONLY,19.7150,,15.4761,4.2389,,27.3898,,0,,22.86,2.44,warning,,,CAMERA_ONLY
0,240.6119,cam_2,CAM_ONLY,19.3562,,15.4761,3.8801,,25.0715,,0,,9.70,0.95,warning,,,CAMERA_ONLY
0,240.6719,cam_2,CAM_ONLY,19.3521,,15.4761,3.8760,,25.0452,,0,,12.98,1.05,warning,,,CAMERA_ONLY
0,240.7499,cam_2,CAM_ONLY,19.3016,,15.4761,3.8255,,24.7190,,0,,24.50,1.01,warning,,,CAMERA_ONLY
0,240.8142,cam_2,CAM_ONLY,19.3214,,15.4761,3.8453,,24.8470,,0,,14.85,0.87,warning,,,CAMERA_ONLY
0,240.8829,cam_2,CAM_ONLY,19.2649,,15.4761,3.7888,,24.4816,,0,,20.50,1.48,warning,,,CAMERA_ONLY
0,240.9435,cam_2,CAM_ONLY,19.2894,,15.4761,3.8133,,24.6397,,0,,10.39,0.96,warning,,,CAMERA_ONLY
0,241.0074,cam_2,CAM_ONLY,19.4405,,15.4761,3.9644,,25.6163,,0,,19.23,2.30,warning,,,CAMERA_ONLY
0,241.0597,cam_2,CAM_ONLY,19.3476,,15.4761,3.8715,,25.0161,,0,,9.95,1.30,warning,,,CAMERA_ONLY
0,241.1201,cam_2,CAM_ONLY,19.4005,,15.4761,3.9244,,25.3580,,0,,13.77,0.80,warning,,,CAMERA_ONLY
0,241.1853,t6027,BOTH,19.2496,10.5186,15.4761,3.7735,4.9575,24.3826,32.0333,0,0,19.19,1.23,warning,,,FULL_ANGLE
0,241.1853,t6026,LIDAR_ONLY,14.0343,14.0343,15.4761,1.4418,1.4418,9.3162,9.3162,0,0,19.19,1.23,cautious,22.84,front,LIDAR_ONLY
0,241.1853,t6026,LIDAR_ONLY,13.0622,13.0622,15.4761,2.4139,2.4139,15.5976,15.5976,0,0,19.19,1.23,cautious,27.05,front,LIDAR_ONLY
0,241.1853,t6026,LIDAR_ONLY,13.4400,13.4400,15.4761,2.0361,2.0361,13.1563,13.1563,0,0,19.19,1.23,cautious,18.64,front,LIDAR_ONLY
0,241.1853,t6027,LIDAR_ONLY,10.5961,10.5961,15.4761,4.8800,4.8800,31.5326,31.5326,0,0,19.19,1.23,cautious,-2.41,front,LIDAR_ONLY
0,241.2443,cam_2,CAM_ONLY,19.7663,,15.4761,4.2902,,27.7214,,0,,11.36,1.24,warning,,,CAMERA_ONLY
0,241.2443,t6026,LIDAR_ONLY,13.6766,13.6766,15.4761,1.7995,1.7995,11.6273,11.6273,0,0,11.36,1.24,cautious,22.93,front,LIDAR_ONLY
0,241.2443,t6026,LIDAR_ONLY,14.0636,14.0636,15.4761,1.4125,1.4125,9.1270,9.1270,0,0,11.36,1.24,cautious,18.94,front,LIDAR_ONLY
0,241.2443,t6026,LIDAR_ONLY,14.1326,14.1326,15.4761,1.3435,1.3435,8.6810,8.6810,0,0,11.36,1.24,cautious,26.92,front,LIDAR_ONLY
0,241.2997,cam_2,CAM_ONLY,19.4543,,15.4761,3.9782,,25.7054,,0,,12.66,1.04,warning,,,CAMERA_ONLY
0,241.3637,cam_2,CAM_ONLY,19.5074,,15.4761,4.0313,,26.0487,,0,,13.40,1.54,warning,,,CAMERA_ONLY
0,241.4341,cam_2,CAM_ONLY,19.2588,,15.4761,3.7827,,24.4421,,0,,19.69,1.53,warning,,,CAMERA_ONLY
0,241.4998,cam_2,CAM_ONLY,19.2659,,15.4761,3.7898,,24.4884,,0,,15.13,2.19,warning,,,CAMERA_ONLY
0,241.5672,cam_2,CAM_ONLY,19.7150,,15.4761,4.2389,,27.3899,,0,,17.56,1.05,warning,,,CAMERA_ONLY
0,241.6315,t6037,BOTH,19.7269,10.6188,15.4761,4.2508,4.8573,27.4667,31.3857,0,0,15.06,0.81,warning,,,FULL_ANGLE
0,241.7048,cam_2,CAM_ONLY,19.4305,,15.4761,3.9544,,25.5516,,0,,19.52,2.62,warning,,,CAMERA_ONLY
0,241.7686,cam_2,CAM_ONLY,19.5198,,15.4761,4.0437,,26.1287,,0,,10.52,1.08,warning,,,CAMERA_ONLY
0,241.8228,cam_2,CAM_ONLY,19.3546,,15.4761,3.8785,,25.0613,,0,,10.84,1.05,warning,,,CAMERA_ONLY
0,241.8872,t6047,BOTH,19.2666,10.5049,15.4761,3.7905,4.9712,24.4926,32.1221,0,0,15.26,1.09,warning,,,FULL_ANGLE
0,241.8872,t6046,LIDAR_ONLY,14.1762,14.1762,15.4761,1.2999,1.2999,8.3993,8.3993,0,0,15.26,1.09,cautious,22.67,front,LIDAR_ONLY
0,241.8872,t6046,LIDAR_ONLY,12.6986,12.6986,15.4761,2.7775,2.7775,17.9471,17.9471,0,0,15.26,1.09,cautious,26.86,front,LIDAR_ONLY
0,241.8872,t6047,LIDAR_ONLY,10.5196,10.5196,15.4761,4.9565,4.9565,32.0270,32.0270,0,0,15.26,1.09,cautious,-2.47,front,LIDAR_ONLY
0,241.8872,t6047,LIDAR_ONLY,10.4751,10.4751,15.4761,5.0010,5.0010,32.3143,32.3143,0,0,15.26,1.09,cautious,5.91,front,LIDAR_ONLY
0,241.9443,cam_2,CAM_ONLY,19.3262,,15.4761,3.8501,,24.8777,,0,,9.66,1.19,warning,,,CAMERA_ONLY
0,241.9443,t6046,LIDAR_ONLY,11.7724,11.7724,15.4761,3.7037,3.7037,23.9318,23.9318,0,0,9.66,1.19,cautious,29.96,front,LIDAR_ONLY
0,241.9443,t6046,LIDAR_ONLY,11.7959,11.7959,15.4761,3.6802,3.6802,23.7800,23.7800,0,0,9.66,1.19,cautious,25.77,front,LIDAR_ONLY
0,242.0091,cam_2,CAM_ONLY,19.2674,,15.4761,3.7913,,24.4976,,0,,15.27,1.29,warning,,,CAMERA_ONLY
0,242.0631,cam_2,CAM_ONLY,19.3737,,15.4761,3.8976,,25.1850,,0,,9.99,0.83,warning,,,CAMERA_ONLY
0,242.1283,cam_2,CAM_ONLY,19.3572,,15.4761,3.8811,,25.0781,,0,,18.16,0.79,warning,,,CAMERA_ONLY
0,242.1831,t6056,BOTH,19.2347,10.5442,15.4761,3.7586,4.9319,24.2863,31.8676,0,0,9.44,1.16,warning,,,FULL_ANGLE
0,242.1831,t6055,LIDAR_ONLY,13.0179,13.0179,15.4761,2.4582,2.4582,15.8838,15.8838,0,0,9.44,1.16,cautious,24.24,front,LIDAR_ONLY
0,242.1831,t6055,LIDAR_ONLY,13.5805,13.5805,15.4761,1.8956,1.8956,12.2487,12.2487,0,0,9.44,1.16,cautious,20.10,front,LIDAR_ONLY
0,242.1831,t6055,LIDAR_ONLY,13.2809,13.2809,15.4761,2.1952,2.1952,14.1846,14.1846,0,0,9.44,1.16,cautious,28.39,front,LIDAR_ONLY
0,242.1831,t6056,LIDAR_ONLY,10.5996,10.5996,15.4761,4.8765,4.8765,31.5101,31.5101,0,0,9.44,1.16,cautious,-4.79,front,LIDAR_ONLY
0,242.1831,t6056,LIDAR_ONLY,10.4787,10.4787,15.4761,4.9974,4.9974,32.2913,32.2913,0,0,9.44,1.16,cautious,3.51,front,LIDAR_ONLY
0,242.2395,t6056,BOTH,19.6618,10.4716,15.4761,4.1857,5.0045,27.0464,32.3367,0,0,10.91,1.22,warning,,,FULL_ANGLE
0,242.2395,t6055,LIDAR_ONLY,13.5113,13.5113,15.4761,1.9648,1.9648,12.6956,12.6956,0,0,10.91,1.22,cautious,20.66,front,LIDAR_ONLY
0,242.2395,t6055,LIDAR_ONLY,13.5960,13.5960,15.4761,1.8801,1.8801,12.1486,12.1486,0,0,10.91,1.22,cautious,24.81,front,LIDAR_ONLY
0,242.2395,t6055,LIDAR_ONLY,13.2050,13.2050,15.4761,2.2711,2.2711,14.6749,14.6749,0,0,10.91,1.22,cautious,28.95,front,LIDAR_ONLY
0,242.2395,t6056,LIDAR_ONLY,10.4757,10.4757,15.4761,5.0004,5.0004,32.3106,32.3106,0,0,10.91,1.22,cautious,-4.21,front,LIDAR_ONLY
0,242.2395,t6056,LIDAR_ONLY,10.4634,10.4634,15.4761,5.0127,5.0127,32.3901,32.3901,0,0,10.91,1.22,cautious,4.08,front,LIDAR_ONLY
0,242.3184,cam_2,CAM_ONLY,19.6010,,15.4761,4.1250,,26.6537,,0,,19.83,1.89,warning,,,CAMERA_ONLY
0,242.3874,t6056,BOTH,19.2420,10.4646,15.4761,3.7659,5.0115,24.3334,32.3821,0,0,14.74,0.92,warning,,,FULL_ANGLE
0,242.3874,t6055,LIDAR_ONLY,12.6725,12.6725,15.4761,2.8036,2.8036,18.1159,18.1159,0,0,14.74,0.92,cautious,24.01,front,LIDAR_ONLY
0,242.3874,t6055,LIDAR_ONLY,12.6804,12.6804,15.4761,2.7957,2.7957,18.0646,18.0646,0,0,14.74,0.92,cautious,28.08,front,LIDAR_ONLY
0,242.3874,t6055,LIDAR_ONLY,12.5428,12.5428,15.4761,2.9333,2.9333,18.9537,18.9537,0,0,14.74,0.92,cautious,19.94,front,LIDAR_ONLY
0,242.3874,t6055,LIDAR_ONLY,13.0084,13.0084,15.4761,2.4677,2.4677,15.9451,15.9451,0,0,14.74,0.92,cautious,15.87,front,LIDAR_ONLY
0,242.4473,cam_2,CAM_ONLY,19.2491,,15.4761,3.7730,,24.3795,,0,,16.83,0.99,warning,,,CAMERA_ONLY
0,242.5070,cam_2,CAM_ONLY,19.3634,,15.4761,3.8874,,25.1185,,0,,10.22,1.26,warning,,,CAMERA_ONLY
0,242.5650,cam_2,CAM_ONLY,19.2804,,15.4761,3.8044,,24.5821,,0,,10.60,1.07,warning,,,CAMERA_ONLY
0,242.6377,t6065,BOTH,19.6650,10.4953,15.4761,4.1889,4.9807,27.0670,32.1835,0,0,24.18,1.96,warning,,,FULL_ANGLE
0,242.6377,t6064,LIDAR_ONLY,24.8062,24.8062,15.4761,9.3301,9.3301,60.2872,60.2872,0,0,24.18,1.96,drive,16.05,front,LIDAR_ONLY
0,242.6377,t6064,LIDAR_ONLY,20.2011,20.2011,15.4761,4.7250,4.7250,30.5307,30.5307,0,0,24.18,1.96,drive,20.11,front,LIDAR_ONLY
0,242.6377,t6065,LIDAR_ONLY,10.5788,10.5788,15.4761,4.8972,4.8972,31.6439,31.6439,0,0,24.18,1.96,cautious,-4.24,front,LIDAR_ONLY
0,242.6377,t6065,LIDAR_ONLY,10.5092,10.5092,15.4761,4.9669,4.9669,32.0938,32.0938,0,0,24.18,1.96,cautious,3.88,front,LIDAR_ONLY
0,242.6993,cam_2,CAM_ONLY,19.6865,,15.4761,4.2104,,27.2057,,0,,16.04,1.02,warning,,,CAMERA_ONLY
0,242.7683,cam_2,CAM_ONLY,19.3095,,15.4761,3.8334,,24.7699,,0,,19.80,1.90,warning,,,CAMERA_ONLY
0,242.8324,t6065,BOTH,19.2789,10.5016,15.4761,3.8028,4.9745,24.5724,32.1430,0,0,17.53,0.86,warning,,,FULL_ANGLE
0,242.9101,cam_2,CAM_ONLY,19.3419,,15.4761,3.8658,,24.9790,,0,,24.85,1.44,warning,,,CAMERA_ONLY
0,242.9718,cam_2,CAM_ONLY,19.4729,,15.4761,3.9968,,25.8256,,0,,11.38,0.93,warning,,,CAMERA_ONLY
0,243.0409,t6065,BOTH,19.2299,10.5162,15.4761,3.7538,4.9599,24.2556,32.0488,0,0,15.75,1.36,warning,,,FULL_ANGLE
0,243.0409,t6077,LIDAR_ONLY,13.5261,13.5261,15.4761,1.9500,1.9500,12.6001,12.6001,0,0,15.75,1.36,cautious,23.52,front,LIDAR_ONLY
0,243.0409,t6077,LIDAR_ONLY,12.3296,12.3296,15.4761,3.1465,3.1465,20.3314,20.3314,0,0,15.75,1.36,cautious,27.53,front,LIDAR_ONLY
0,243.0409,t6077,LIDAR_ONLY,12.8531,12.8531,15.4761,2.6229,2.6229,16.9484,16.9484,0,0,15.75,1.36,cautious,19.50,front,LIDAR_ONLY
0,243.0409,t6065,LIDAR_ONLY,10.5051,10.5051,15.4761,4.9709,4.9709,32.1201,32.1201,0,0,15.75,1.36,cautious,3.46,front,LIDAR_ONLY
0,243.0409,t6065,LIDAR_ONLY,10.5073,10.5073,15.4761,4.9688,4.9688,32.1063,32.1063,0,0,15.75,1.36,cautious,-4.57,front,LIDAR_ONLY
0,243.0974,cam_2,CAM_ONLY,19.2153,,15.4761,3.7392,,24.1610,,0,,10.23,1.14,warning,,,CAMERA_ONLY
0,243.1578,cam_2,CAM_ONLY,19.2468,,15.4761,3.7707,,24.3648,,0,,9.71,1.30,warning,,,CAMERA_ONLY
0,243.2318,t6065,BOTH,19.3461,10.5252,15.4761,3.8700,4.9509,25.0061,31.9904,0,0,14.67,1.02,warning,,,FULL_ANGLE
0,243.2318,t6065,LIDAR_ONLY,10.5278,10.5278,15.4761,4.9483,4.9483,31.9736,31.9736,0,0,14.67,1.02,cautious,3.89,front,LIDAR_ONLY
0,243.2318,t6065,LIDAR_ONLY,10.5318,10.5318,15.4761,4.9443,4.9443,31.9479,31.9479,0,0,14.67,1.02,cautious,-4.27,front,LIDAR_ONLY
0,243.2954,cam_2,CAM_ONLY,19.3070,,15.4761,3.8310,,24.7540,,0,,13.97,1.12,warning,,,CAMERA_ONLY
0,243.3599,cam_2,CAM_ONLY,19.3911,,15.4761,3.9150,,25.2974,,0,,17.19,1.18,warning,,,CAMERA_ONLY
0,243.4263,cam_2,CAM_ONLY,19.2775,,15.4761,3.8014,,24.5629,,0,,16.55,0.95,warning,,,CAMERA_ONLY
0,243.4925,t6086,BOTH,19.2495,24.3287,15.4761,3.7734,8.8526,24.3820,57.2020,0,0,12.97,1.25,warning,,,FULL_ANGLE
0,243.4925,t6085,LIDAR_ONLY,10.7465,10.7465,15.4761,4.7296,4.7296,30.5608,30.5608,0,0,12.97,1.25,cautious,28.39,front,LIDAR_ONLY
0,243.4925,t6086,LIDAR_ONLY,19.8715,19.8715,15.4761,4.3954,4.3954,28.4012,28.4012,0,0,12.97,1.25,drive,20.28,front,LIDAR_ONLY
0,243.5577,cam_2,CAM_ONLY,19.2254,,15.4761,3.7493,,24.2266,,0,,16.90,1.31,warning,,,CAMERA_ONLY
0,243.6254,cam_2,CAM_ONLY,19.1643,,15.4761,3.6882,,23.8316,,0,,15.56,1.44,warning,,,CAMERA_ONLY
0,243.6921,cam_2,CAM_ONLY,19.4246,,15.4761,3.9485,,25.5137,,0,,15.24,1.16,warning,,,CAMERA_ONLY
0,243.6921,t6086,LIDAR_ONLY,17.1638,17.1638,15.4761,1.6878,1.6878,10.9056,10.9056,0,0,15.24,1.16,drive,23.67,front,LIDAR_ONLY
0,243.6921,t6086,LIDAR_ONLY,17.1871,17.1871,15.4761,1.7110,1.7110,11.0556,11.0556,0,0,15.24,1.16,drive,19.60,front,LIDAR_ONLY
0,243.6921,t6085,LIDAR_ONLY,10.7959,10.7959,15.4761,4.6802,4.6802,30.2417,30.2417,0,0,15.24,1.16,cautious,27.74,front,LIDAR_ONLY
0,243.7496,cam_2,CAM_ONLY,19.4272,,15.4761,3.9511,,25.5304,,0,,15.70,1.13,warning,,,CAMERA_ONLY
0,243.8069,cam_2,CAM_ONLY,19.4068,,15.4761,3.9307,,25.3988,,0,,9.04,1.22,warning,,,CAMERA_ONLY
0,243.8614,cam_2,CAM_ONLY,19.2868,,15.4761,3.8107,,24.6230,,0,,11.51,0.94,warning,,,CAMERA_ONLY
0,243.9178,cam_2,CAM_ONLY,19.7306,,15.4761,4.2545,,27.4907,,0,,10.45,0.92,warning,,,CAMERA_ONLY
0,243.9783,cam_2,CAM_ONLY,19.3904,,15.4761,3.9143,,25.2928,,0,,12.91,0.82,warning,,,CAMERA_ONLY
0,244.0429,cam_2,CAM_ONLY,19.4480,,15.4761,3.9719,,25.6645,,0,,17.46,1.18,warning,,,CAMERA_ONLY
0,244.0429,t6098,LIDAR_ONLY,11.4307,11.4307,15.4761,4.0454,4.0454,26.1395,26.1395,0,0,17.46,1.18,cautious,26.96,front,LIDAR_ONLY
0,244.1015,cam_2,CAM_ONLY,19.4274,,15.4761,3.9513,,25.5314,,0,,12.87,1.26,warning,,,CAMERA_ONLY
0,244.1606,cam_2,CAM_ONLY,19.2489,,15.4761,3.7728,,24.3785,,0,,11.26,1.25,warning,,,CAMERA_ONLY
0,244.2169,cam_2,CAM_ONLY,19.2419,,15.4761,3.7658,,24.3332,,0,,10.16,0.91,warning,,,CAMERA_ONLY
0,244.2759,cam_2,CAM_ONLY,19.3331,,15.4761,3.8570,,24.9224,,0,,10.93,1.02,warning,,,CAMERA_ONLY
0,244.3326,cam_2,CAM_ONLY,19.2815,,15.4761,3.8054,,24.5891,,0,,8.63,0.98,warning,,,CAMERA_ONLY
0,244.3895,cam_2,CAM_ONLY,19.6700,,15.4761,4.1939,,27.0993,,0,,9.37,1.11,warning,,,CAMERA_ONLY
0,244.4516,cam_2,CAM_ONLY,19.3889,,15.4761,3.9128,,25.2827,,0,,13.33,1.19,warning,,,CAMERA_ONLY
0,244.5108,cam_2,CAM_ONLY,19.4189,,15.4761,3.9428,,25.4768,,0,,11.74,0.93,warning,,,CAMERA_ONLY
0,244.5753,cam_2,CAM_ONLY,19.3515,,15.4761,3.8754,,25.0414,,0,,15.96,1.02,warning,,,CAMERA_ONLY
0,244.6447,t6118,BOTH,19.2383,10.5219,15.4761,3.7622,4.9542,24.3100,32.0118,0,0,19.13,1.50,warning,,,FULL_ANGLE
0,244.6447,t6117,LIDAR_ONLY,11.5717,11.5717,15.4761,3.9044,3.9044,25.2283,25.2283,0,0,19.13,1.50,cautious,26.68,front,LIDAR_ONLY
0,244.6447,t6117,LIDAR_ONLY,11.9108,11.9108,15.4761,3.5653,3.5653,23.0374,23.0374,0,0,19.13,1.50,cautious,22.51,front,LIDAR_ONLY
0,244.6447,t6118,LIDAR_ONLY,10.4748,10.4748,15.4761,5.0013,5.0013,32.3164,32.3164,0,0,19.13,1.50,cautious,5.80,front,LIDAR_ONLY
0,244.7001,cam_2,CAM_ONLY,19.3027,,15.4761,3.8266,,24.7261,,0,,13.21,1.17,warning,,,CAMERA_ONLY
0,244.7616,cam_2,CAM_ONLY,19.2597,,15.4761,3.7836,,24.4479,,0,,11.95,0.95,warning,,,CAMERA_ONLY
0,244.8302,t6118,BOTH,19.3899,10.4942,15.4761,3.9138,4.9819,25.2892,32.1912,0,0,15.96,0.90,warning,,,FULL_ANGLE
0,244.8302,t6118,LIDAR_ONLY,10.4891,10.4891,15.4761,4.9870,4.9870,32.2238,32.2238,0,0,15.96,0.90,cautious,-2.80,front,LIDAR_ONLY
0,244.8905,t6118,BOTH,19.3579,10.4974,15.4761,3.8819,4.9786,25.0829,32.1699,0,0,10.94,1.32,warning,,,FULL_ANGLE
0,244.8905,t6125,LIDAR_ONLY,17.9835,17.9835,15.4761,2.5074,2.5074,16.2015,16.2015,0,0,10.94,1.32,drive,19.26,front,LIDAR_ONLY
0,244.8905,t6125,LIDAR_ONLY,15.0119,15.0119,15.4761,0.4642,0.4642,2.9995,2.9995,1,1,10.94,1.32,drive,27.57,front,LIDAR_ONLY
0,244.8905,t6118,LIDAR_ONLY,10.5021,10.5021,15.4761,4.9740,4.9740,32.1396,32.1396,0,0,10.94,1.32,cautious,-1.50,front,LIDAR_ONLY
0,244.8905,t6118,LIDAR_ONLY,10.4968,10.4968,15.4761,4.9793,4.9793,32.1742,32.1742,0,0,10.94,1.32,cautious,6.81,front,LIDAR_ONLY
0,244.8905,t6125,LIDAR_ONLY,14.5875,14.5875,15.4761,0.8886,0.8886,5.7416,5.7416,1,1,10.94,1.32,cautious,23.41,front,LIDAR_ONLY
0,244.9534,cam_2,CAM_ONLY,19.3933,,15.4761,3.9172,,25.3111,,0,,17.31,1.24,warning,,,CAMERA_ONLY
0,245.0219,cam_2,CAM_ONLY,19.3285,,15.4761,3.8524,,24.8924,,0,,18.02,0.88,warning,,,CAMERA_ONLY
0,245.0867,t6118,BOTH,19.2946,10.5015,15.4761,3.8185,4.9746,24.6736,32.1436,0,0,17.16,0.99,warning,,,FULL_ANGLE
0,245.0867,t6125,LIDAR_ONLY,15.1335,15.1335,15.4761,0.3426,0.3426,2.2134,2.2134,1,1,17.16,0.99,cautious,16.89,front,LIDAR_ONLY
0,245.0867,t6125,LIDAR_ONLY,15.4708,15.4708,15.4761,0.0053,0.0053,0.0343,0.0343,1,1,17.16,0.99,cautious,20.89,front,LIDAR_ONLY
0,245.0867,t6125,LIDAR_ONLY,14.0675,14.0675,15.4761,1.4086,1.4086,9.1017,9.1017,0,0,17.16,0.99,cautious,28.88,front,LIDAR_ONLY
0,245.0867,t6118,LIDAR_ONLY,10.4982,10.4982,15.4761,4.9779,4.9779,32.1649,32.1649,0,0,17.16,0.99,cautious,-3.09,front,LIDAR_ONLY
0,245.0867,t6125,LIDAR_ONLY,14.1386,14.1386,15.4761,1.3375,1.3375,8.6425,8.6425,0,0,17.16,0.99,cautious,24.89,front,LIDAR_ONLY
0,245.1430,cam_2,CAM_ONLY,19.2697,,15.4761,3.7936,,24.5130,,0,,10.13,1.20,warning,,,CAMERA_ONLY
0,245.1430,t6125,LIDAR_ONLY,13.4807,13.4807,15.4761,1.9954,1.9954,12.8936,12.8936,0,0,10.13,1.20,cautious,27.91,front,LIDAR_ONLY
0,245.1430,t6125,LIDAR_ONLY,13.2667,13.2667,15.4761,2.2094,2.2094,14.2764,14.2764,0,0,10.13,1.20,cautious,19.88,front,LIDAR_ONLY
0,245.1430,t6125,LIDAR_ONLY,12.8836,12.8836,15.4761,2.5925,2.5925,16.7518,16.7518,0,0,10.13,1.20,cautious,23.89,front,LIDAR_ONLY
0,245.2019,cam_2,CAM_ONLY,19.4206,,15.4761,3.9445,,25.4874,,0,,12.84,1.19,warning,,,CAMERA_ONLY
0,245.2599,cam_2,CAM_ONLY,19.3761,,15.4761,3.9000,,25.2003,,0,,12.05,1.36,warning,,,CAMERA_ONLY
0,245.3176,cam_2,CAM_ONLY,19.4163,,15.4761,3.9402,,25.4599,,0,,8.98,1.05,warning,,,CAMERA_ONLY
0,245.3843,t6141,BOTH,19.2367,10.5143,15.4761,3.7606,4.9618,24.2997,32.0612,0,0,20.48,1.03,warning,,,FULL_ANGLE
0,245.3843,t6140,LIDAR_ONLY,24.2863,24.2863,15.4761,8.8102,8.8102,56.9277,56.9277,0,0,20.48,1.03,drive,16.23,front,LIDAR_ONLY
0,245.3843,t6140,LIDAR_ONLY,20.3606,20.3606,15.4761,4.8845,4.8845,31.5616,31.5616,0,0,20.48,1.03,drive,20.35,front,LIDAR_ONLY
0,245.3843,t6140,LIDAR_ONLY,16.9324,16.9324,15.4761,1.4563,1.4563,9.4098,9.4098,0,0,20.48,1.03,drive,24.46,front,LIDAR_ONLY
0,245.3843,t6141,LIDAR_ONLY,10.5827,10.5827,15.4761,4.8934,4.8934,31.6191,31.6191,0,0,20.48,1.03,cautious,-4.34,front,LIDAR_ONLY
0,245.3843,t6141,LIDAR_ONLY,10.4753,10.4753,15.4761,5.0008,5.0008,32.3133,32.3133,0,0,20.48,1.03,cautious,3.89,front,LIDAR_ONLY
0,245.4521,cam_2,CAM_ONLY,19.7081,,15.4761,4.2320,,27.3455,,0,,16.63,1.26,warning,,,CAMERA_ONLY
0,245.5143,cam_2,CAM_ONLY,19.3576,,15.4761,3.8815,,25.0807,,0,,18.67,1.23,warning,,,CAMERA_ONLY
0,245.5739,cam_2,CAM_ONLY,19.3006,,15.4761,3.8245,,24.7123,,0,,11.95,1.06,warning,,,CAMERA_ONLY
0,245.6415,t6150,BOTH,19.2271,10.5177,15.4761,3.7511,4.9584,24.2377,32.0393,0,0,20.23,1.72,warning,,,FULL_ANGLE
0,245.6415,t6148,LIDAR_ONLY,14.2883,14.2883,15.4761,1.1878,1.1878,7.6751,7.6751,0,0,20.23,1.72,cautious,22.53,front,LIDAR_ONLY
0,245.6415,t6148,LIDAR_ONLY,12.9217,12.9217,15.4761,2.5544,2.5544,16.5054,16.5054,0,0,20.23,1.72,cautious,26.68,front,LIDAR_ONLY
0,245.6415,t6148,LIDAR_ONLY,13.3698,13.3698,15.4761,2.1063,2.1063,13.6100,13.6100,0,0,20.23,1.72,cautious,18.37,front,LIDAR_ONLY
0,245.7047,cam_2,CAM_ONLY,19.1684,,15.4761,3.6923,,23.8583,,0,,16.61,1.23,warning,,,CAMERA_ONLY
0,245.7673,cam_2,CAM_ONLY,19.2735,,15.4761,3.7974,,24.5370,,0,,15.61,0.91,warning,,,CAMERA_ONLY
0,245.8288,cam_2,CAM_ONLY,19.2670,,15.4761,3.7910,,24.4956,,0,,14.05,0.79,warning,,,CAMERA_ONLY
0,245.8986,cam_2,CAM_ONLY,19.3239,,15.4761,3.8478,,24.8632,,0,,14.00,1.22,warning,,,CAMERA_ONLY
0,245.9652,cam_2,CAM_ONLY,19.3777,,15.4761,3.9017,,25.2109,,0,,17.65,0.88,warning,,,CAMERA_ONLY
0,246.0299,cam_2,CAM_ONLY,19.2859,,15.4761,3.8098,,24.6175,,0,,14.96,0.87,warning,,,CAMERA_ONLY
0,246.0954,cam_2,CAM_ONLY,19.3919,,15.4761,3.9158,,25.3022,,0,,14.99,1.19,warning,,,CAMERA_ONLY
0,246.0954,t6160,LIDAR_ONLY,10.6856,10.6856,15.4761,4.7905,4.7905,30.9543,30.9543,0,0,14.99,1.19,cautious,28.53,front,LIDAR_ONLY
0,246.1616,cam_2,CAM_ONLY,19.2580,,15.4761,3.7819,,24.4374,,0,,20.01,1.03,warning,,,CAMERA_ONLY
0,246.2307,t6162,BOTH,19.6776,10.5088,15.4761,4.2015,4.9673,27.1486,32.0967,0,0,16.61,0.99,warning,,,FULL_ANGLE
0,246.2307,t6162,LIDAR_ONLY,10.5759,10.5759,15.4761,4.9002,4.9002,31.6632,31.6632,0,0,16.61,0.99,cautious,-4.15,front,LIDAR_ONLY
0,246.2973,cam_2,CAM_ONLY,19.1438,,15.4761,3.6678,,23.6995,,0,,18.87,1.01,warning,,,CAMERA_ONLY
0,246.3617,cam_2,CAM_ONLY,19.3130,,15.4761,3.8369,,24.7923,,0,,17.82,1.51,warning,,,CAMERA_ONLY
0,246.4179,cam_2,CAM_ONLY,19.3479,,15.4761,3.8718,,25.0179,,0,,14.11,0.93,warning,,,CAMERA_ONLY
0,246.4846,t6169,BOTH,19.3204,10.5089,15.4761,3.8443,4.9672,24.8406,32.0958,0,0,14.08,0.92,warning,,,FULL_ANGLE
0,246.4846,t6168,LIDAR_ONLY,15.2560,15.2560,15.4761,0.2201,0.2201,1.4221,1.4221,1,1,14.08,0.92,drive,21.42,front,LIDAR_ONLY
0,246.4846,t6168,LIDAR_ONLY,13.5583,13.5583,15.4761,1.9178,1.9178,12.3918,12.3918,0,0,14.08,0.92,cautious,25.62,front,LIDAR_ONLY
0,246.4846,t6168,LIDAR_ONLY,14.0798,14.0798,15.4761,1.3963,1.3963,9.0222,9.0222,0,0,14.08,0.92,cautious,17.23,front,LIDAR_ONLY
0,246.4846,t6169,LIDAR_ONLY,10.6319,10.6319,15.4761,4.8441,4.8441,31.3009,31.3009,0,0,14.08,0.92,cautious,-3.75,front,LIDAR_ONLY
0,246.5488,cam_2,CAM_ONLY,19.2511,,15.4761,3.7750,,24.3923,,0,,17.67,0.92,warning,,,CAMERA_ONLY
0,246.6171,cam_2,CAM_ONLY,19.2916,,15.4761,3.8156,,24.6545,,0,,14.12,1.04,warning,,,CAMERA_ONLY
0,246.6847,t6169,BOTH,19.3527,10.4938,15.4761,3.8766,4.9823,25.0490,32.1936,0,0,20.35,1.12,warning,,,FULL_ANGLE
0,246.6847,t6174,LIDAR_ONLY,10.3903,10.3903,15.4761,5.0858,5.0858,32.8626,32.8626,0,0,20.35,1.12,cautious,29.24,front,LIDAR_ONLY
0,246.6847,t6168,LIDAR_ONLY,14.4878,14.4878,15.4761,0.9883,0.9883,6.3860,6.3860,1,1,20.35,1.12,cautious,20.85,front,LIDAR_ONLY
0,246.6847,t6168,LIDAR_ONLY,14.6190,14.6190,15.4761,0.8571,0.8571,5.5384,5.5384,1,1,20.35,1.12,cautious,25.04,front,LIDAR_ONLY
0,246.6847,t6169,LIDAR_ONLY,10.5112,10.5112,15.4761,4.9649,4.9649,32.0808,32.0808,0,0,20.35,1.12,cautious,-4.34,front,LIDAR_ONLY
0,246.6847,t6169,LIDAR_ONLY,10.5005,10.5005,15.4761,4.9756,4.9756,32.1500,32.1500,0,0,20.35,1.12,cautious,4.06,front,LIDAR_ONLY
0,246.7504,cam_2,CAM_ONLY,19.7590,,15.4761,4.2829,,27.6742,,0,,12.30,1.09,warning,,,CAMERA_ONLY
0,246.8145,cam_2,CAM_ONLY,19.3158,,15.4761,3.8397,,24.8107,,0,,12.79,0.90,warning,,,CAMERA_ONLY
0,246.8743,cam_2,CAM_ONLY,19.3311,,15.4761,3.8550,,24.9093,,0,,14.13,1.01,warning,,,CAMERA_ONLY
0,246.9434,cam_2,CAM_ONLY,19.2200,,15.4761,3.7439,,24.1918,,0,,22.83,1.18,warning,,,CAMERA_ONLY
0,246.9434,t6182,LIDAR_ONLY,13.6735,13.6735,15.4761,1.8026,1.8026,11.6477,11.6477,0,0,22.83,1.18,cautious,23.32,front,LIDAR_ONLY
0,246.9434,t6182,LIDAR_ONLY,12.1343,12.1343,15.4761,3.3418,3.3418,21.5931,21.5931,0,0,22.83,1.18,cautious,27.37,front,LIDAR_ONLY
0,246.9434,t6182,LIDAR_ONLY,12.7135,12.7135,15.4761,2.7626,2.7626,17.8510,17.8510,0,0,22.83,1.18,cautious,19.26,front,LIDAR_ONLY
0,246.9998,cam_2,CAM_ONLY,19.2979,,15.4761,3.8218,,24.6951,,0,,11.49,1.10,warning,,,CAMERA_ONLY
0,247.0757,cam_2,CAM_ONLY,19.7897,,15.4761,4.3136,,27.8725,,0,,19.67,1.44,warning,,,CAMERA_ONLY
0,247.1351,t6185,BOTH,19.7462,10.4604,15.4761,4.2701,5.0156,27.5914,32.4090,0,0,12.99,1.10,warning,,,FULL_ANGLE
0,247.1351,t6182,LIDAR_ONLY,13.1127,13.1127,15.4761,2.3634,2.3634,15.2713,15.2713,0,0,12.99,1.10,cautious,22.89,front,LIDAR_ONLY
0,247.1351,t6182,LIDAR_ONLY,13.1574,13.1574,15.4761,2.3187,2.3187,14.9825,14.9825,0,0,12.99,1.10,cautious,27.05,front,LIDAR_ONLY
0,247.1351,t6182,LIDAR_ONLY,13.4380,13.4380,15.4761,2.0381,2.0381,13.1695,13.1695,0,0,12.99,1.10,cautious,18.74,front,LIDAR_ONLY
0,247.1351,t6185,LIDAR_ONLY,10.5068,10.5068,15.4761,4.9693,4.9693,32.1094,32.1094,0,0,12.99,1.10,cautious,-2.04,front,LIDAR_ONLY
0,247.1351,t6185,LIDAR_ONLY,10.4214,10.4214,15.4761,5.0547,5.0547,32.6616,32.6616,0,0,12.99,1.10,cautious,6.27,front,LIDAR_ONLY
0,247.2156,cam_2,CAM_ONLY,19.2988,,15.4761,3.8227,,24.7009,,0,,19.36,0.93,warning,,,CAMERA_ONLY
0,247.2804,cam_2,CAM_ONLY,19.2947,,15.4761,3.8187,,24.6745,,0,,14.50,0.69,warning,,,CAMERA_ONLY
0,247.3657,cam_2,CAM_ONLY,19.2560,,15.4761,3.7799,,24.4244,,0,,16.14,0.95,warning,,,CAMERA_ONLY
0,247.4323,t6188,BOTH,19.1891,10.4028,15.4761,3.7130,5.0733,23.9919,32.7814,0,0,14.29,0.88,warning,,,FULL_ANGLE
0,247.4323,t6188,LIDAR_ONLY,10.3825,10.3825,15.4761,5.0936,5.0936,32.9128,32.9128,0,0,14.29,0.88,cautious,5.08,front,LIDAR_ONLY
0,247.4999,cam_2,CAM_ONLY,19.2202,,15.4761,3.7441,,24.1930,,0,,15.17,1.11,warning,,,CAMERA_ONLY
0,247.5610,cam_2,CAM_ONLY,19.3253,,15.4761,3.8492,,24.8719,,0,,13.95,0.99,warning,,,CAMERA_ONLY
0,247.6285,cam_2,CAM_ONLY,19.3547,,15.4761,3.8786,,25.0619,,0,,17.18,1.90,warning,,,CAMERA_ONLY
0,247.6843,t6198,BOTH,19.2597,10.4515,15.4761,3.7836,5.0246,24.4478,32.4669,0,0,11.30,0.95,warning,,,FULL_ANGLE
0,247.6843,t6197,LIDAR_ONLY,19.1115,19.1115,15.4761,3.6354,3.6354,23.4907,23.4907,0,0,11.30,0.95,drive,18.57,front,LIDAR_ONLY
0,247.6843,t6198,LIDAR_ONLY,10.4442,10.4442,15.4761,5.0319,5.0319,32.5138,32.5138,0,0,11.30,0.95,cautious,5.94,front,LIDAR_ONLY
0,247.6843,t6198,LIDAR_ONLY,10.4442,10.4442,15.4761,5.0318,5.0318,32.5137,32.5137,0,0,11.30,0.95,cautious,-2.48,front,LIDAR_ONLY
0,247.7545,cam_2,CAM_ONLY,19.2615,,15.4761,3.7855,,24.4600,,0,,15.41,1.20,warning,,,CAMERA_ONLY
0,247.8190,cam_2,CAM_ONLY,19.6506,,15.4761,4.1745,,26.9740,,0,,20.02,0.84,warning,,,CAMERA_ONLY
0,247.8839,cam_2,CAM_ONLY,19.2691,,15.4761,3.7930,,24.5086,,0,,17.15,0.87,warning,,,CAMERA_ONLY
0,247.9444,cam_2,CAM_ONLY,19.2391,,15.4761,3.7630,,24.3151,,0,,13.24,1.09,warning,,,CAMERA_ONLY
0,248.0112,cam_2,CAM_ONLY,19.3210,,15.4761,3.8449,,24.8440,,0,,14.25,0.99,warning,,,CAMERA_ONLY
0,248.0770,cam_2,CAM_ONLY,19.2963,,15.4761,3.8203,,24.6849,,0,,15.58,2.18,warning,,,CAMERA_ONLY
0,248.1393,t6211,BOTH,19.2385,10.5540,15.4761,3.7624,4.9221,24.3109,31.8043,0,0,16.25,1.18,warning,,,FULL_ANGLE
0,248.1393,t6210,LIDAR_ONLY,12.8193,12.8193,15.4761,2.6568,2.6568,17.1671,17.1671,0,0,16.25,1.18,cautious,24.54,front,LIDAR_ONLY
0,248.1393,t6210,LIDAR_ONLY,11.3544,11.3544,15.4761,4.1217,4.1217,26.6324,26.6324,0,0,16.25,1.18,cautious,28.67,front,LIDAR_ONLY
0,248.1393,t6210,LIDAR_ONLY,11.8495,11.8495,15.4761,3.6266,3.6266,23.4334,23.4334,0,0,16.25,1.18,cautious,20.42,front,LIDAR_ONLY
0,248.1393,t6211,LIDAR_ONLY,10.5830,10.5830,15.4761,4.8931,4.8931,31.6172,31.6172,0,0,16.25,1.18,cautious,-4.35,front,LIDAR_ONLY
0,248.1393,t6210,LIDAR_ONLY,12.6649,12.6649,15.4761,2.8112,2.8112,18.1647,18.1647,0,0,16.25,1.18,cautious,16.29,front,LIDAR_ONLY
0,248.1393,t6211,LIDAR_ONLY,10.5103,10.5103,15.4761,4.9658,4.9658,32.0868,32.0868,0,0,16.25,1.18,cautious,3.91,front,LIDAR_ONLY
0,248.2026,cam_2,CAM_ONLY,19.2625,,15.4761,3.7864,,24.4660,,0,,12.77,1.19,warning,,,CAMERA_ONLY
0,248.2704,cam_2,CAM_ONLY,19.6725,,15.4761,4.1964,,27.1153,,0,,14.82,1.04,warning,,,CAMERA_ONLY
0,248.3295,cam_2,CAM_ONLY,19.2838,,15.4761,3.8077,,24.6037,,0,,10.85,0.93,warning,,,CAMERA_ONLY
0,248.3982,cam_2,CAM_ONLY,19.3801,,15.4761,3.9040,,25.2258,,0,,17.15,1.12,warning,,,CAMERA_ONLY
0,248.4670,cam_2,CAM_ONLY,19.3246,,15.4761,3.8485,,24.8672,,0,,13.08,0.91,warning,,,CAMERA_ONLY
0,248.5280,t6217,BOTH,19.2191,10.7018,15.4761,3.7430,4.7743,24.1856,30.8495,0,0,12.70,0.97,warning,,,FULL_ANGLE
0,248.5879,t6217,BOTH,19.3181,10.5888,15.4761,3.8420,4.8873,24.8254,31.5794,0,0,12.20,1.05,warning,,,FULL_ANGLE
0,248.5879,t6218,LIDAR_ONLY,18.6487,18.6487,15.4761,3.1726,3.1726,20.4998,20.4998,0,0,12.20,1.05,drive,18.85,front,LIDAR_ONLY
0,248.5879,t6218,LIDAR_ONLY,14.5304,14.5304,15.4761,0.9457,0.9457,6.1108,6.1108,1,1,12.20,1.05,cautious,27.21,front,LIDAR_ONLY
0,248.5879,t6217,LIDAR_ONLY,10.6816,10.6816,15.4761,4.7945,4.7945,30.9800,30.9800,0,0,12.20,1.05,cautious,-2.06,front,LIDAR_ONLY
0,248.5879,t6218,LIDAR_ONLY,14.3707,14.3707,15.4761,1.1054,1.1054,7.1425,7.1425,0,0,12.20,1.05,cautious,23.03,front,LIDAR_ONLY
0,248.6468,cam_2,CAM_ONLY,19.2926,,15.4761,3.8165,,24.6606,,0,,13.43,1.05,warning,,,CAMERA_ONLY
0,248.7021,cam_2,CAM_ONLY,19.3542,,15.4761,3.8781,,25.0585,,0,,12.45,1.15,warning,,,CAMERA_ONLY
0,248.7555,cam_2,CAM_ONLY,19.3716,,15.4761,3.8955,,25.1711,,0,,11.67,1.19,warning,,,CAMERA_ONLY
0,248.8092,cam_2,CAM_ONLY,19.8115,,15.4761,4.3355,,28.0139,,0,,11.70,1.07,warning,,,CAMERA_ONLY
0,248.8973,t6227,BOTH,19.7072,10.4851,15.4761,4.2311,4.9910,27.3395,32.2494,0,0,31.92,1.51,warning,,,FULL_ANGLE
0,248.8973,t6225,LIDAR_ONLY,13.1527,13.1527,15.4761,2.3234,2.3234,15.0131,15.0131,0,0,31.92,1.51,cautious,24.04,front,LIDAR_ONLY
0,248.8973,t6225,LIDAR_ONLY,12.1334,12.1334,15.4761,3.3427,3.3427,21.5991,21.5991,0,0,31.92,1.51,cautious,28.11,front,LIDAR_ONLY
0,248.8973,t6226,LIDAR_ONLY,25.2125,25.2125,15.4761,9.7364,9.7364,62.9128,62.9128,0,0,31.92,1.51,drive,15.92,front,LIDAR_ONLY
0,248.8973,t6226,LIDAR_ONLY,20.4742,20.4742,15.4761,4.9981,4.9981,32.2955,32.2955,0,0,31.92,1.51,drive,19.98,front,LIDAR_ONLY
0,248.8973,t6227,LIDAR_ONLY,10.4741,10.4741,15.4761,5.0020,5.0020,32.3210,32.3210,0,0,31.92,1.51,cautious,3.73,front,LIDAR_ONLY
0,248.9574,cam_2,CAM_ONLY,19.3887,,15.4761,3.9126,,25.2816,,0,,13.71,1.18,warning,,,CAMERA_ONLY
0,249.0288,cam_2,CAM_ONLY,19.2747,,15.4761,3.7986,,24.5451,,0,,13.84,0.83,warning,,,CAMERA_ONLY
0,249.0953,cam_2,CAM_ONLY,19.3362,,15.4761,3.8601,,24.9425,,0,,20.26,1.36,warning,,,CAMERA_ONLY
0,249.0953,t6225,LIDAR_ONLY,11.3656,11.3656,15.4761,4.1105,4.1105,26.5600,26.5600,0,0,20.26,1.36,cautious,29.24,front,LIDAR_ONLY
0,249.0953,t6226,LIDAR_ONLY,20.6533,20.6533,15.4761,5.1772,5.1772,33.4530,33.4530,0,0,20.26,1.36,drive,17.07,front,LIDAR_ONLY
0,249.0953,t6226,LIDAR_ONLY,19.3343,19.3343,15.4761,3.8582,3.8582,24.9299,24.9299,0,0,20.26,1.36,drive,21.13,front,LIDAR_ONLY
0,249.0953,t6225,LIDAR_ONLY,11.4403,11.4403,15.4761,4.0358,4.0358,26.0775,26.0775,0,0,20.26,1.36,cautious,25.18,front,LIDAR_ONLY
0,249.1570,cam_2,CAM_ONLY,19.2818,,15.4761,3.8057,,24.5907,,0,,18.88,1.28,warning,,,CAMERA_ONLY
0,249.2238,cam_2,CAM_ONLY,19.2004,,15.4761,3.7243,,24.0648,,0,,16.11,2.32,warning,,,CAMERA_ONLY
0,249.2953,cam_2,CAM_ONLY,19.2518,,15.4761,3.7757,,24.3973,,0,,17.61,1.09,warning,,,CAMERA_ONLY
0,249.3591,cam_2,CAM_ONLY,19.7229,,15.4761,4.2468,,27.4412,,0,,14.27,1.98,warning,,,CAMERA_ONLY
0,249.4226,cam_2,CAM_ONLY,19.6706,,15.4761,4.1945,,27.1031,,0,,11.62,1.00,warning,,,CAMERA_ONLY
0,249.4801,cam_2,CAM_ONLY,19.7053,,15.4761,4.2292,,27.3275,,0,,12.43,0.76,warning,,,CAMERA_ONLY
0,249.5444,cam_2,CAM_ONLY,19.3660,,15.4761,3.8899,,25.1352,,0,,16.35,0.95,warning,,,CAMERA_ONLY
0,249.6049,cam_2,CAM_ONLY,19.2100,,15.4761,3.7339,,24.1272,,0,,9.52,1.05,warning,,,CAMERA_ONLY
0,249.6657,cam_2,CAM_ONLY,19.7516,,15.4761,4.2755,,27.6263,,0,,14.87,1.79,warning,,,CAMERA_ONLY
0,249.7294,cam_2,CAM_ONLY,19.7057,,15.4761,4.2296,,27.3301,,0,,11.50,0.93,warning,,,CAMERA_ONLY
0,249.8051,cam_2,CAM_ONLY,19.6540,,15.4761,4.1779,,26.9959,,0,,19.13,1.22,warning,,,CAMERA_ONLY
0,249.8683,cam_2,CAM_ONLY,19.3198,,15.4761,3.8437,,24.8366,,0,,18.93,2.01,warning,,,CAMERA_ONLY
0,249.9322,t6247,BOTH,19.3312,10.5125,15.4761,3.8551,4.9636,24.9103,32.0729,0,0,9.63,0.90,warning,,,FULL_ANGLE
0,249.9956,cam_2,CAM_ONLY,19.4119,,15.4761,3.9358,,25.4313,,0,,14.80,1.11,warning,,,CAMERA_ONLY
0,250.0590,cam_2,CAM_ONLY,19.3450,,15.4761,3.8689,,24.9993,,0,,12.65,1.18,warning,,,CAMERA_ONLY
0,250.1153,cam_2,CAM_ONLY,19.3302,,15.4761,3.8541,,24.9039,,0,,10.99,0.88,warning,,,CAMERA_ONLY
0,250.1805,cam_2,CAM_ONLY,19.7176,,15.4761,4.2415,,27.4069,,0,,15.12,0.83,warning,,,CAMERA_ONLY
0,250.2534,cam_2,CAM_ONLY,19.2664,,15.4761,3.7903,,24.4915,,0,,25.35,2.43,warning,,,CAMERA_ONLY
0,250.3095,cam_2,CAM_ONLY,19.8419,,15.4761,4.3658,,28.2100,,0,,11.53,0.90,warning,,,CAMERA_ONLY
0,250.3690,cam_2,CAM_ONLY,19.3820,,15.4761,3.9059,,25.2383,,0,,17.18,1.06,warning,,,CAMERA_ONLY
0,250.4313,t6260,BOTH,19.2417,10.4901,15.4761,3.7656,4.9860,24.3319,32.2174,0,0,13.79,1.22,warning,,,FULL_ANGLE
0,250.4313,t6259,LIDAR_ONLY,17.4069,17.4069,15.4761,1.9308,1.9308,12.4760,12.4760,0,0,13.79,1.22,drive,19.65,front,LIDAR_ONLY
0,250.4313,t6259,LIDAR_ONLY,15.0352,15.0352,15.4761,0.4409,0.4409,2.8490,2.8490,1,1,13.79,1.22,drive,23.87,front,LIDAR_ONLY
0,250.4313,t6260,LIDAR_ONLY,10.5465,10.5465,15.4761,4.9295,4.9295,31.8527,31.8527,0,0,13.79,1.22,cautious,6.99,front,LIDAR_ONLY
0,250.4969,cam_2,CAM_ONLY,19.2769,,15.4761,3.8008,,24.5594,,0,,15.43,1.19,warning,,,CAMERA_ONLY
0,250.4969,t6259,LIDAR_ONLY,14.5341,14.5341,15.4761,0.9420,0.9420,6.0868,6.0868,1,1,15.43,1.19,cautious,22.95,front,LIDAR_ONLY
0,250.4969,t6259,LIDAR_ONLY,13.6479,13.6479,15.4761,1.8282,1.8282,11.8129,11.8129,0,0,15.43,1.19,cautious,27.07,front,LIDAR_ONLY
0,250.5631,cam_2,CAM_ONLY,19.2604,,15.4761,3.7843,,24.4524,,0,,16.30,1.15,warning,,,CAMERA_ONLY
0,250.6336,cam_2,CAM_ONLY,19.3234,,15.4761,3.8473,,24.8598,,0,,18.31,1.79,warning,,,CAMERA_ONLY
0,250.6960,cam_2,CAM_ONLY,19.3384,,15.4761,3.8623,,24.9565,,0,,16.39,1.13,warning,,,CAMERA_ONLY
0,250.7560,cam_2,CAM_ONLY,19.3697,,15.4761,3.8936,,25.1586,,0,,14.90,1.21,warning,,,CAMERA_ONLY
0,250.8159,cam_2,CAM_ONLY,19.3523,,15.4761,3.8762,,25.0467,,0,,10.26,0.99,warning,,,CAMERA_ONLY
0,250.8715,cam_2,CAM_ONLY,19.7056,,15.4761,4.2296,,27.3296,,0,,15.06,0.96,warning,,,CAMERA_ONLY
0,250.9266,cam_2,CAM_ONLY,19.4283,,15.4761,3.9522,,25.5373,,0,,9.54,0.94,warning,,,CAMERA_ONLY
0,250.9833,t6278,BOTH,19.2769,10.5198,15.4761,3.8008,4.9563,24.5594,32.0256,0,0,13.83,0.94,warning,,,FULL_ANGLE
0,250.9833,t6277,LIDAR_ONLY,10.4622,10.4622,15.4761,5.0139,5.0139,32.3978,32.3978,0,0,13.83,0.94,cautious,29.07,front,LIDAR_ONLY
0,250.9833,t6277,LIDAR_ONLY,10.6878,10.6878,15.4761,4.7883,4.7883,30.9401,30.9401,0,0,13.83,0.94,cautious,24.97,front,LIDAR_ONLY
0,250.9833,t6277,LIDAR_ONLY,11.5780,11.5780,15.4761,3.8981,3.8981,25.1878,25.1878,0,0,13.83,0.94,cautious,16.77,front,LIDAR_ONLY
0,250.9833,t6277,LIDAR_ONLY,12.3428,12.3428,15.4761,3.1333,3.1333,20.2459,20.2459,0,0,13.83,0.94,cautious,20.87,front,LIDAR_ONLY
0,251.0512,cam_2,CAM_ONLY,19.2967,,15.4761,3.8206,,24.6871,,0,,19.46,1.21,warning,,,CAMERA_ONLY
0,251.1106,cam_2,CAM_ONLY,19.7114,,15.4761,4.2353,,27.3668,,0,,16.05,1.02,warning,,,CAMERA_ONLY
0,251.1867,t6278,BOTH,19.2708,10.4840,15.4761,3.7947,4.9921,24.5196,32.2566,0,0,20.79,1.79,warning,,,FULL_ANGLE
0,251.1867,t6277,LIDAR_ONLY,13.5240,13.5240,15.4761,1.9521,1.9521,12.6136,12.6136,0,0,20.79,1.79,cautious,15.63,front,LIDAR_ONLY
0,251.1867,t6278,LIDAR_ONLY,10.5229,10.5229,15.4761,4.9532,4.9532,32.0057,32.0057,0,0,20.79,1.79,cautious,-4.67,front,LIDAR_ONLY
0,251.2448,t6278,BOTH,19.3788,10.4862,15.4761,3.9027,4.9899,25.2176,32.2424,0,0,9.72,1.17,warning,,,FULL_ANGLE
0,251.2448,t6285,LIDAR_ONLY,11.4626,11.4626,15.4761,4.0135,4.0135,25.9336,25.9336,0,0,9.72,1.17,cautious,26.90,front,LIDAR_ONLY
0,251.2448,t6278,LIDAR_ONLY,10.4835,10.4835,15.4761,4.9926,4.9926,32.2601,32.2601,0,0,9.72,1.17,cautious,-1.28,front,LIDAR_ONLY
0,251.2448,t6285,LIDAR_ONLY,11.7387,11.7387,15.4761,3.7374,3.7374,24.1495,24.1495,0,0,9.72,1.17,cautious,22.87,front,LIDAR_ONLY
0,251.3041,cam_2,CAM_ONLY,19.3710,,15.4761,3.8949,,25.1673,,0,,16.79,1.26,warning,,,CAMERA_ONLY
0,251.3620,cam_2,CAM_ONLY,19.2759,,15.4761,3.7998,,24.5528,,0,,11.20,1.03,warning,,,CAMERA_ONLY
0,251.4250,cam_2,CAM_ONLY,19.2819,,15.4761,3.8058,,24.5914,,0,,12.44,0.89,warning,,,CAMERA_ONLY
0,251.4866,t6294,BOTH,19.7433,10.6163,15.4761,4.2672,4.8598,27.5730,31.4022,0,0,11.19,1.22,warning,,,FULL_ANGLE
0,251.4866,t6293,LIDAR_ONLY,11.2741,11.2741,15.4761,4.2019,4.2019,27.1512,27.1512,0,0,11.19,1.22,cautious,27.27,front,LIDAR_ONLY
0,251.4866,t6293,LIDAR_ONLY,11.6292,11.6292,15.4761,3.8469,3.8469,24.8572,24.8572,0,0,11.19,1.22,cautious,23.11,front,LIDAR_ONLY
0,251.4866,t6293,LIDAR_ONLY,12.1743,12.1743,15.4761,3.3018,3.3018,21.3350,21.3350,0,0,11.19,1.22,cautious,18.95,front,LIDAR_ONLY
0,251.4866,t6294,LIDAR_ONLY,10.4868,10.4868,15.4761,4.9893,4.9893,32.2390,32.2390,0,0,11.19,1.22,cautious,6.48,front,LIDAR_ONLY
0,251.5416,cam_2,CAM_ONLY,19.5217,,15.4761,4.0456,,26.1409,,0,,13.15,1.31,warning,,,CAMERA_ONLY
0,251.5416,t6293,LIDAR_ONLY,12.6005,12.6005,15.4761,2.8756,2.8756,18.5807,18.5807,0,0,13.15,1.31,cautious,22.92,front,LIDAR_ONLY
0,251.5416,t6293,LIDAR_ONLY,12.8258,12.8258,15.4761,2.6503,2.6503,17.1251,17.1251,0,0,13.15,1.31,cautious,27.13,front,LIDAR_ONLY
0,251.5989,cam_2,CAM_ONLY,19.2646,,15.4761,3.7885,,24.4798,,0,,9.79,1.24,warning,,,CAMERA_ONLY
0,251.6516,cam_2,CAM_ONLY,19.7274,,15.4761,4.2513,,27.4701,,0,,11.38,1.16,warning,,,CAMERA_ONLY
0,251.7076,cam_2,CAM_ONLY,19.3879,,15.4761,3.9118,,25.2766,,0,,11.94,1.15,warning,,,CAMERA_ONLY
0,251.7724,cam_2,CAM_ONLY,19.3669,,15.4761,3.8908,,25.1407,,0,,14.89,1.03,warning,,,CAMERA_ONLY
0,251.8404,t6305,BOTH,19.2892,10.4003,15.4761,3.8131,5.0758,24.6386,32.7977,0,0,19.08,1.37,warning,,,FULL_ANGLE
0,251.8404,t6304,LIDAR_ONLY,12.9864,12.9864,15.4761,2.4897,2.4897,16.0874,16.0874,0,0,19.08,1.37,cautious,24.29,front,LIDAR_ONLY
0,251.8404,t6304,LIDAR_ONLY,11.9346,11.9346,15.4761,3.5415,3.5415,22.8835,22.8835,0,0,19.08,1.37,cautious,28.52,front,LIDAR_ONLY
0,251.8404,t6304,LIDAR_ONLY,12.3222,12.3222,15.4761,3.1539,3.1539,20.3791,20.3791,0,0,19.08,1.37,cautious,20.06,front,LIDAR_ONLY
0,251.8404,t6305,LIDAR_ONLY,10.4103,10.4103,15.4761,5.0658,5.0658,32.7332,32.7332,0,0,19.08,1.37,cautious,-1.11,front,LIDAR_ONLY
0,251.9018,cam_2,CAM_ONLY,19.3022,,15.4761,3.8261,,24.7226,,0,,14.53,1.19,warning,,,CAMERA_ONLY
0,251.9627,cam_2,CAM_ONLY,19.7486,,15.4761,4.2725,,27.6071,,0,,13.82,0.87,warning,,,CAMERA_ONLY
0,252.0267,cam_2,CAM_ONLY,19.6537,,15.4761,4.1776,,26.9939,,0,,19.06,0.80,warning,,,CAMERA_ONLY
0,252.0846,t6309,BOTH,19.8348,10.5486,15.4761,4.3587,4.9275,28.1640,31.8393,0,0,10.27,0.94,warning,,,FULL_ANGLE
0,252.0846,t6309,LIDAR_ONLY,10.4439,10.4439,15.4761,5.0322,5.0322,32.5157,32.5157,0,0,10.27,0.94,cautious,6.47,front,LIDAR_ONLY
0,252.1396,t6309,BOTH,19.3948,10.4696,15.4761,3.9187,5.0065,25.3209,32.3500,0,0,9.41,1.09,warning,,,FULL_ANGLE
0,252.1396,t6312,LIDAR_ONLY,12.6498,12.6498,15.4761,2.8263,2.8263,18.2625,18.2625,0,0,9.41,1.09,cautious,24.81,front,LIDAR_ONLY
0,252.1396,t6312,LIDAR_ONLY,11.8078,11.8078,15.4761,3.6683,3.6683,23.7033,23.7033,0,0,9.41,1.09,cautious,28.84,front,LIDAR_ONLY
0,252.1396,t6312,LIDAR_ONLY,12.2659,12.2659,15.4761,3.2102,3.2102,20.7428,20.7428,0,0,9.41,1.09,cautious,20.78,front,LIDAR_ONLY
0,252.1396,t6309,LIDAR_ONLY,10.4614,10.4614,15.4761,5.0147,5.0147,32.4028,32.4028,0,0,9.41,1.09,cautious,-3.38,front,LIDAR_ONLY
0,252.1396,t6309,LIDAR_ONLY,10.4725,10.4725,15.4761,5.0036,5.0036,32.3312,32.3312,0,0,9.41,1.09,cautious,4.67,front,LIDAR_ONLY
0,252.1978,cam_2,CAM_ONLY,19.3271,,15.4761,3.8511,,24.8839,,0,,9.43,1.12,warning,,,CAMERA_ONLY
0,252.2530,cam_2,CAM_ONLY,19.7214,,15.4761,4.2453,,27.4314,,0,,11.72,1.30,warning,,,CAMERA_ONLY
0,252.3314,t6309,BOTH,19.6065,10.4763,15.4761,4.1304,4.9998,26.6891,32.3063,0,0,20.81,0.96,warning,,,FULL_ANGLE
0,252.3314,t6312,LIDAR_ONLY,13.1049,13.1049,15.4761,2.3712,2.3712,15.3217,15.3217,0,0,20.81,0.96,cautious,16.18,front,LIDAR_ONLY
0,252.3314,t6309,LIDAR_ONLY,10.4877,10.4877,15.4761,4.9884,4.9884,32.2328,32.2328,0,0,20.81,0.96,cautious,3.59,front,LIDAR_ONLY
0,252.3314,t6309,LIDAR_ONLY,10.4896,10.4896,15.4761,4.9865,4.9865,32.2208,32.2208,0,0,20.81,0.96,cautious,-4.80,front,LIDAR_ONLY
0,252.3915,t6309,BOTH,19.2836,10.4865,15.4761,3.8075,4.9896,24.6023,32.2404,0,0,9.05,1.18,warning,,,FULL_ANGLE
0,252.3915,t6312,LIDAR_ONLY,13.6623,13.6623,15.4761,1.8137,1.8137,11.7196,11.7196,0,0,9.05,1.18,cautious,22.47,front,LIDAR_ONLY
0,252.3915,t6312,LIDAR_ONLY,13.9697,13.9697,15.4761,1.5064,1.5064,9.7339,9.7339,0,0,9.05,1.18,cautious,26.52,front,LIDAR_ONLY
0,252.3915,t6309,LIDAR_ONLY,10.4929,10.4929,15.4761,4.9832,4.9832,32.1993,32.1993,0,0,9.05,1.18,cautious,-1.83,front,LIDAR_ONLY
0,252.3915,t6309,LIDAR_ONLY,10.4929,10.4929,15.4761,4.9832,4.9832,32.1991,32.1991,0,0,9.05,1.18,cautious,6.27,front,LIDAR_ONLY
0,252.4578,cam_2,CAM_ONLY,19.2164,,15.4761,3.7403,,24.1680,,0,,19.53,0.90,warning,,,CAMERA_ONLY
0,252.5196,cam_2,CAM_ONLY,19.3263,,15.4761,3.8502,,24.8783,,0,,15.11,1.03,warning,,,CAMERA_ONLY
0,252.5987,t6309,BOTH,19.2961,10.4572,15.4761,3.8200,5.0189,24.6831,32.4298,0,0,18.08,1.32,warning,,,FULL_ANGLE
0,252.5987,t6312,LIDAR_ONLY,14.5399,14.5399,15.4761,0.9362,0.9362,6.0494,6.0494,1,1,18.08,1.32,cautious,19.67,front,LIDAR_ONLY
0,252.5987,t6312,LIDAR_ONLY,14.7414,14.7414,15.4761,0.7347,0.7347,4.7472,4.7472,1,1,18.08,1.32,cautious,23.82,front,LIDAR_ONLY
0,252.5987,t6312,LIDAR_ONLY,12.9968,12.9968,15.4761,2.4793,2.4793,16.0199,16.0199,0,0,18.08,1.32,cautious,27.97,front,LIDAR_ONLY
0,252.5987,t6309,LIDAR_ONLY,10.4842,10.4842,15.4761,4.9919,4.9919,32.2557,32.2557,0,0,18.08,1.32,cautious,-1.06,front,LIDAR_ONLY
0,252.6677,cam_2,CAM_ONLY,19.2239,,15.4761,3.7479,,24.2170,,0,,18.08,1.07,warning,,,CAMERA_ONLY
0,252.7207,cam_2,CAM_ONLY,19.2615,,15.4761,3.7854,,24.4598,,0,,10.24,0.83,warning,,,CAMERA_ONLY
0,252.7745,cam_2,CAM_ONLY,19.3287,,15.4761,3.8526,,24.8936,,0,,10.10,0.83,warning,,,CAMERA_ONLY
0,252.8305,cam_2,CAM_ONLY,19.1908,,15.4761,3.7147,,24.0031,,0,,11.48,0.75,warning,,,CAMERA_ONLY
0,252.8879,t6327,BOTH,19.6655,10.4016,15.4761,4.1895,5.0744,27.0705,32.7889,0,0,8.91,1.13,warning,,,FULL_ANGLE
0,252.8879,t6325,LIDAR_ONLY,10.5623,10.5623,15.4761,4.9138,4.9138,31.7509,31.7509,0,0,8.91,1.13,cautious,28.83,front,LIDAR_ONLY
0,252.8879,t6326,LIDAR_ONLY,23.9294,23.9294,15.4761,8.4533,8.4533,54.6220,54.6220,0,0,8.91,1.13,drive,16.36,front,LIDAR_ONLY
0,252.8879,t6326,LIDAR_ONLY,20.0735,20.0735,15.4761,4.5974,4.5974,29.7066,29.7066,0,0,8.91,1.13,drive,20.52,front,LIDAR_ONLY
0,252.8879,t6326,LIDAR_ONLY,17.6055,17.6055,15.4761,2.1294,2.1294,13.7594,13.7594,0,0,8.91,1.13,drive,24.68,front,LIDAR_ONLY
0,252.8879,t6327,LIDAR_ONLY,10.3919,10.3919,15.4761,5.0842,5.0842,32.8519,32.8519,0,0,8.91,1.13,cautious,3.89,front,LIDAR_ONLY
0,252.9420,t6326,BOTH,19.2852,17.9969,15.4761,3.8091,2.5208,24.6131,16.2883,0,0,12.31,1.20,warning,,,FULL_ANGLE
0,252.9420,t6325,LIDAR_ONLY,10.6305,10.6305,15.4761,4.8456,4.8456,31.3099,31.3099,0,0,12.31,1.20,cautious,27.96,front,LIDAR_ONLY
0,252.9420,t6326,LIDAR_ONLY,18.1518,18.1518,15.4761,2.6757,2.6757,17.2892,17.2892,0,0,12.31,1.20,drive,19.88,front,LIDAR_ONLY
0,252.9420,t6326,LIDAR_ONLY,16.3266,16.3266,15.4761,0.8505,0.8505,5.4953,5.4953,1,1,12.31,1.20,drive,23.92,front,LIDAR_ONLY
0,252.9975,cam_2,CAM_ONLY,19.3563,,15.4761,3.8802,,25.0722,,0,,9.59,0.96,warning,,,CAMERA_ONLY
0,253.0631,cam_2,CAM_ONLY,19.2661,,15.4761,3.7900,,24.4894,,0,,18.48,1.94,warning,,,CAMERA_ONLY
0,253.1354,t6332,BOTH,19.2948,10.4910,15.4761,3.8187,4.9850,24.6748,32.2113,0,0,14.14,0.87,warning,,,FULL_ANGLE
0,253.1354,t6332,LIDAR_ONLY,10.6106,10.6106,15.4761,4.8655,4.8655,31.4388,31.4388,0,0,14.14,0.87,cautious,-1.67,front,LIDAR_ONLY
0,253.1354,t6332,LIDAR_ONLY,10.4736,10.4736,15.4761,5.0025,5.0025,32.3242,32.3242,0,0,14.14,0.87,cautious,6.75,front,LIDAR_ONLY
0,253.2043,cam_2,CAM_ONLY,19.6765,,15.4761,4.2004,,27.1414,,0,,18.08,1.33,warning,,,CAMERA_ONLY
0,253.2726,cam_2,CAM_ONLY,19.2806,,15.4761,3.8045,,24.5832,,0,,17.99,1.06,warning,,,CAMERA_ONLY
0,253.3369,t6332,BOTH,19.2581,10.4748,15.4761,3.7820,5.0013,24.4380,32.3162,0,0,12.27,0.99,warning,,,FULL_ANGLE
0,253.3369,t6338,LIDAR_ONLY,12.8989,12.8989,15.4761,2.5772,2.5772,16.6529,16.6529,0,0,12.27,0.99,cautious,24.42,front,LIDAR_ONLY
0,253.3369,t6338,LIDAR_ONLY,11.7823,11.7823,15.4761,3.6938,3.6938,23.8675,23.8675,0,0,12.27,0.99,cautious,28.54,front,LIDAR_ONLY
0,253.3369,t6339,LIDAR_ONLY,10.5859,10.5859,15.4761,4.8902,4.8902,31.5983,31.5983,0,0,12.27,0.99,cautious,-4.43,front,LIDAR_ONLY
0,253.4117,cam_2,CAM_ONLY,19.3659,,15.4761,3.8899,,25.1346,,0,,23.16,1.76,warning,,,CAMERA_ONLY
0,253.4753,cam_2,CAM_ONLY,19.3612,,15.4761,3.8851,,25.1039,,0,,19.86,1.17,warning,,,CAMERA_ONLY
0,253.5414,t6332,BOTH,19.3459,10.4755,15.4761,3.8698,5.0006,25.0050,32.3117,0,0,16.78,1.27,warning,,,FULL_ANGLE
0,253.5414,t6338,LIDAR_ONLY,11.9552,11.9552,15.4761,3.5209,3.5209,22.7506,22.7506,0,0,16.78,1.27,cautious,22.75,front,LIDAR_ONLY
0,253.5414,t6338,LIDAR_ONLY,12.0159,12.0159,15.4761,3.4602,3.4602,22.3583,22.3583,0,0,16.78,1.27,cautious,26.79,front,LIDAR_ONLY
0,253.5414,t6338,LIDAR_ONLY,12.3055,12.3055,15.4761,3.1706,3.1706,20.4869,20.4869,0,0,16.78,1.27,cautious,18.72,front,LIDAR_ONLY
0,253.5414,t6339,LIDAR_ONLY,10.5302,10.5302,15.4761,4.9459,4.9459,31.9585,31.9585,0,0,16.78,1.27,cautious,-1.45,front,LIDAR_ONLY
0,253.5414,t6332,LIDAR_ONLY,10.4382,10.4382,15.4761,5.0379,5.0379,32.5525,32.5525,0,0,16.78,1.27,cautious,6.62,front,LIDAR_ONLY
0,253.5998,cam_2,CAM_ONLY,19.2230,,15.4761,3.7469,,24.2107,,0,,12.93,1.02,warning,,,CAMERA_ONLY
0,253.6585,cam_2,CAM_ONLY,19.6280,,15.4761,4.1519,,26.8278,,0,,10.04,1.00,warning,,,CAMERA_ONLY
0,253.7203,cam_2,CAM_ONLY,19.2688,,15.4761,3.7927,,24.5071,,0,,12.61,0.84,warning,,,CAMERA_ONLY
0,253.7828,t6345,BOTH,19.3488,10.5178,15.4761,3.8727,4.9583,25.0238,32.0383,0,0,12.80,0.90,warning,,,FULL_ANGLE
0,253.7828,t6345,LIDAR_ONLY,10.5982,10.5982,15.4761,4.8779,4.8779,31.5190,31.5190,0,0,12.80,0.90,cautious,-4.75,front,LIDAR_ONLY
0,253.7828,t6345,LIDAR_ONLY,10.4873,10.4873,15.4761,4.9887,4.9887,32.2352,32.2352,0,0,12.80,0.90,cautious,3.48,front,LIDAR_ONLY
0,253.8431,cam_2,CAM_ONLY,19.2711,,15.4761,3.7950,,24.5215,,0,,10.40,1.25,warning,,,CAMERA_ONLY
0,253.8431,t6350,LIDAR_ONLY,12.5545,12.5545,15.4761,2.9216,2.9216,18.8784,18.8784,0,0,10.40,1.25,cautious,24.96,front,LIDAR_ONLY
0,253.8431,t6350,LIDAR_ONLY,11.6262,11.6262,15.4761,3.8499,3.8499,24.8765,24.8765,0,0,10.40,1.25,cautious,29.20,front,LIDAR_ONLY
0,253.9104,cam_2,CAM_ONLY,19.6766,,15.4761,4.2005,,27.1419,,0,,19.50,0.92,warning,,,CAMERA_ONLY
0,253.9823,t6345,BOTH,19.7486,10.4736,15.4761,4.2725,5.0025,27.6069,32.3242,0,0,21.73,0.94,warning,,,FULL_ANGLE
0,253.9823,t6351,LIDAR_ONLY,24.4956,24.4956,15.4761,9.0195,9.0195,58.2802,58.2802,0,0,21.73,0.94,drive,16.16,front,LIDAR_ONLY
0,253.9823,t6351,LIDAR_ONLY,20.0411,20.0411,15.4761,4.5650,4.5650,29.4971,29.4971,0,0,21.73,0.94,drive,20.31,front,LIDAR_ONLY
0,253.9823,t6345,LIDAR_ONLY,10.4933,10.4933,15.4761,4.9828,4.9828,32.1966,32.1966,0,0,21.73,0.94,cautious,-4.62,front,LIDAR_ONLY
0,254.0494,cam_2,CAM_ONLY,19.7447,,15.4761,4.2686,,27.5821,,0,,16.00,1.11,warning,,,CAMERA_ONLY
0,254.1125,cam_2,CAM_ONLY,19.3116,,15.4761,3.8355,,24.7835,,0,,11.76,0.86,warning,,,CAMERA_ONLY
0,254.1656,cam_2,CAM_ONLY,19.3617,,15.4761,3.8856,,25.1074,,0,,10.19,1.05,warning,,,CAMERA_ONLY
0,254.2228,cam_2,CAM_ONLY,19.2252,,15.4761,3.7491,,24.2252,,0,,11.79,1.01,warning,,,CAMERA_ONLY
0,254.2823,t6356,BOTH,19.1823,10.5335,15.4761,3.7062,4.9426,23.9481,31.9372,0,0,14.85,0.88,warning,,,FULL_ANGLE
0,254.2823,t6356,LIDAR_ONLY,10.5959,10.5959,15.4761,4.8802,4.8802,31.5337,31.5337,0,0,14.85,0.88,cautious,-4.69,front,LIDAR_ONLY
0,254.2823,t6356,LIDAR_ONLY,10.4587,10.4587,15.4761,5.0174,5.0174,32.4203,32.4203,0,0,14.85,0.88,cautious,3.66,front,LIDAR_ONLY
0,254.3474,cam_2,CAM_ONLY,19.3292,,15.4761,3.8531,,24.8970,,0,,13.86,1.07,warning,,,CAMERA_ONLY
0,254.4091,cam_2,CAM_ONLY,19.3240,,15.4761,3.8479,,24.8633,,0,,17.77,1.48,warning,,,CAMERA_ONLY
0,254.4695,cam_2,CAM_ONLY,19.2869,,15.4761,3.8108,,24.6235,,0,,13.53,0.98,warning,,,CAMERA_ONLY
0,254.5282,cam_2,CAM_ONLY,19.2935,,15.4761,3.8174,,24.6663,,0,,13.38,0.91,warning,,,CAMERA_ONLY
0,254.5890,t6367,BOTH,19.7216,10.5261,15.4761,4.2456,4.9500,27.4330,31.9847,0,0,12.81,1.20,warning,,,FULL_ANGLE
0,254.5890,t6365,LIDAR_ONLY,15.5959,15.5959,15.4761,0.1198,0.1198,0.7742,0.7742,1,1,12.81,1.20,drive,21.07,front,LIDAR_ONLY
0,254.5890,t6365,LIDAR_ONLY,13.6398,13.6398,15.4761,1.8363,1.8363,11.8652,11.8652,0,0,12.81,1.20,cautious,29.09,front,LIDAR_ONLY
0,254.5890,t6366,LIDAR_ONLY,22.1600,22.1600,15.4761,6.6839,6.6839,43.1889,43.1889,0,0,12.81,1.20,drive,17.05,front,LIDAR_ONLY
0,254.5890,t6367,LIDAR_ONLY,10.6967,10.6967,15.4761,4.7794,4.7794,30.8824,30.8824,0,0,12.81,1.20,cautious,-3.01,front,LIDAR_ONLY
0,254.5890,t6367,LIDAR_ONLY,10.5134,10.5134,15.4761,4.9627,4.9627,32.0668,32.0668,0,0,12.81,1.20,cautious,5.02,front,LIDAR_ONLY
0,254.5890,t6365,LIDAR_ONLY,13.3226,13.3226,15.4761,2.1535,2.1535,13.9151,13.9151,0,0,12.81,1.20,cautious,25.08,front,LIDAR_ONLY
0,254.6501,cam_2,CAM_ONLY,19.4255,,15.4761,3.9494,,25.5191,,0,,10.92,1.16,warning,,,CAMERA_ONLY
0,254.7106,cam_2,CAM_ONLY,19.3278,,15.4761,3.8517,,24.8881,,0,,13.94,1.08,warning,,,CAMERA_ONLY
0,254.7782,cam_2,CAM_ONLY,19.2786,,15.4761,3.8025,,24.5702,,0,,20.03,1.07,warning,,,CAMERA_ONLY
0,254.8464,cam_2,CAM_ONLY,19.2032,,15.4761,3.7271,,24.0827,,0,,19.58,2.22,warning,,,CAMERA_ONLY
0,254.9092,cam_2,CAM_ONLY,19.3174,,15.4761,3.8413,,24.8212,,0,,12.92,1.15,warning,,,CAMERA_ONLY
0,254.9814,t6376,BOTH,19.3316,10.6241,15.4761,3.8555,4.8520,24.9128,31.3515,0,0,15.73,0.81,warning,,,FULL_ANGLE
0,255.0456,cam_2,CAM_ONLY,19.7355,,15.4761,4.2594,,27.5223,,0,,13.51,1.47,warning,,,CAMERA_ONLY
0,255.1135,cam_2,CAM_ONLY,19.6920,,15.4761,4.2159,,27.2412,,0,,14.92,0.99,warning,,,CAMERA_ONLY
0,255.1801,cam_2,CAM_ONLY,19.3687,,15.4761,3.8926,,25.1526,,0,,15.30,0.89,warning,,,CAMERA_ONLY
0,255.2494,cam_2,CAM_ONLY,19.4544,,15.4761,3.9783,,25.7059,,0,,15.24,1.19,warning,,,CAMERA_ONLY
0,255.3106,cam_2,CAM_ONLY,19.5083,,15.4761,4.0323,,26.0548,,0,,11.27,0.99,warning,,,CAMERA_ONLY
0,255.3665,cam_2,CAM_ONLY,19.3364,,15.4761,3.8604,,24.9440,,0,,13.64,0.88,warning,,,CAMERA_ONLY
0,255.4278,cam_2,CAM_ONLY,19.2807,,15.4761,3.8046,,24.5835,,0,,13.08,0.92,warning,,,CAMERA_ONLY
0,255.4892,t6389,BOTH,19.3087,10.4524,15.4761,3.8326,5.0237,24.7650,32.4608,0,0,16.61,1.11,warning,,,FULL_ANGLE
0,255.4892,t6387,LIDAR_ONLY,13.6482,13.6482,15.4761,1.8279,1.8279,11.8109,11.8109,0,0,16.61,1.11,cautious,23.35,front,LIDAR_ONLY
0,255.4892,t6389,LIDAR_ONLY,10.6029,10.6029,15.4761,4.8732,4.8732,31.4885,31.4885,0,0,16.61,1.11,cautious,-1.42,front,LIDAR_ONLY
0,255.4892,t6389,LIDAR_ONLY,10.4794,10.4794,15.4761,4.9967,4.9967,32.2867,32.2867,0,0,16.61,1.11,cautious,6.84,front,LIDAR_ONLY
0,255.5535,cam_2,CAM_ONLY,19.3627,,15.4761,3.8866,,25.1138,,0,,15.70,1.38,warning,,,CAMERA_ONLY
0,255.6155,cam_2,CAM_ONLY,19.3015,,15.4761,3.8254,,24.7181,,0,,17.51,1.02,warning,,,CAMERA_ONLY
0,255.6756,cam_2,CAM_ONLY,19.2720,,15.4761,3.7959,,24.5277,,0,,18.84,1.03,warning,,,CAMERA_ONLY
0,255.7477,cam_2,CAM_ONLY,19.2400,,15.4761,3.7640,,24.3211,,0,,19.09,1.21,warning,,,CAMERA_ONLY
0,255.8050,cam_2,CAM_ONLY,19.7117,,15.4761,4.2356,,27.3689,,0,,10.58,1.13,warning,,,CAMERA_ONLY
0,255.8712,cam_2,CAM_ONLY,19.3309,,15.4761,3.8549,,24.9084,,0,,15.53,0.91,warning,,,CAMERA_ONLY
0,255.9322,t6401,BOTH,19.7392,10.4840,15.4761,4.2631,4.9921,27.5463,32.2566,0,0,15.73,0.83,warning,,,FULL_ANGLE
0,255.9322,t6401,LIDAR_ONLY,10.4758,10.4758,15.4761,5.0003,5.0003,32.3097,32.3097,0,0,15.73,0.83,cautious,-1.06,front,LIDAR_ONLY
0,255.9976,cam_2,CAM_ONLY,19.3215,,15.4761,3.8454,,24.8473,,0,,16.31,1.17,warning,,,CAMERA_ONLY
0,256.0523,cam_2,CAM_ONLY,19.8605,,15.4761,4.3844,,28.3302,,0,,12.34,1.19,warning,,,CAMERA_ONLY
0,256.1121,cam_2,CAM_ONLY,19.6330,,15.4761,4.1569,,26.8601,,0,,19.76,1.56,warning,,,CAMERA_ONLY
0,256.1764,cam_2,CAM_ONLY,19.2364,,15.4761,3.7603,,24.2973,,0,,15.39,0.92,warning,,,CAMERA_ONLY
0,256.2427,t6409,BOTH,19.3896,10.6367,15.4761,3.9135,4.8394,25.2877,31.2704,0,0,14.74,1.23,warning,,,FULL_ANGLE
0,256.2427,t6408,LIDAR_ONLY,13.7537,13.7537,15.4761,1.7223,1.7223,11.1291,11.1291,0,0,14.74,1.23,cautious,23.21,front,LIDAR_ONLY
0,256.2427,t6408,LIDAR_ONLY,12.1895,12.1895,15.4761,3.2866,3.2866,21.2367,21.2367,0,0,14.74,1.23,cautious,27.29,front,LIDAR_ONLY
0,256.3086,cam_2,CAM_ONLY,19.4259,,15.4761,3.9498,,25.5218,,0,,15.64,1.35,warning,,,CAMERA_ONLY
0,256.3766,cam_2,CAM_ONLY,19.4300,,15.4761,3.9539,,25.5483,,0,,13.43,1.25,warning,,,CAMERA_ONLY
0,256.4418,cam_2,CAM_ONLY,19.4648,,15.4761,3.9887,,25.7732,,0,,12.98,1.16,warning,,,CAMERA_ONLY
0,256.4418,t6408,LIDAR_ONLY,12.1110,12.1110,15.4761,3.3651,3.3651,21.7436,21.7436,0,0,12.98,1.16,cautious,25.86,front,LIDAR_ONLY
0,256.4418,t6408,LIDAR_ONLY,11.3652,11.3652,15.4761,4.1109,4.1109,26.5627,26.5627,0,0,12.98,1.16,cautious,29.86,front,LIDAR_ONLY
0,256.4418,t6416,LIDAR_ONLY,20.4713,20.4713,15.4761,4.9952,4.9952,32.2767,32.2767,0,0,12.98,1.16,drive,17.85,front,LIDAR_ONLY
0,256.5078,cam_2,CAM_ONLY,19.2066,,15.4761,3.7305,,24.1052,,0,,15.07,1.10,warning,,,CAMERA_ONLY
0,256.5781,cam_2,CAM_ONLY,19.2858,,15.4761,3.8097,,24.6165,,0,,15.16,0.92,warning,,,CAMERA_ONLY
0,256.6403,t6417,BOTH,19.6444,10.5104,15.4761,4.1683,4.9657,26.9341,32.0864,0,0,17.21,1.28,warning,,,FULL_ANGLE
0,256.6403,t6416,LIDAR_ONLY,16.5154,16.5154,15.4761,1.0393,1.0393,6.7154,6.7154,0,0,17.21,1.28,drive,22.68,front,LIDAR_ONLY
0,256.6403,t6408,LIDAR_ONLY,11.3734,11.3734,15.4761,4.1027,4.1027,26.5101,26.5101,0,0,17.21,1.28,cautious,26.82,front,LIDAR_ONLY
0,256.6403,t6417,LIDAR_ONLY,10.4169,10.4169,15.4761,5.0592,5.0592,32.6905,32.6905,0,0,17.21,1.28,cautious,6.12,front,LIDAR_ONLY
0,256.7026,cam_2,CAM_ONLY,19.2615,,15.4761,3.7854,,24.4596,,0,,13.42,1.21,warning,,,CAMERA_ONLY
0,256.7617,cam_2,CAM_ONLY,19.7148,,15.4761,4.2387,,27.3888,,0,,12.21,0.87,warning,,,CAMERA_ONLY
0,256.8330,cam_2,CAM_ONLY,19.4692,,15.4761,3.9931,,25.8020,,0,,19.02,1.41,warning,,,CAMERA_ONLY
0,256.8890,t6423,BOTH,19.2791,10.5844,15.4761,3.8030,4.8917,24.5732,31.6081,0,0,14.56,1.24,warning,,,FULL_ANGLE
0,256.8890,t6422,LIDAR_ONLY,12.7666,12.7666,15.4761,2.7094,2.7094,17.5073,17.5073,0,0,14.56,1.24,cautious,24.62,front,LIDAR_ONLY
0,256.8890,t6422,LIDAR_ONLY,14.0143,14.0143,15.4761,1.4618,1.4618,9.4458,9.4458,0,0,14.56,1.24,cautious,16.45,front,LIDAR_ONLY
0,256.8890,t6422,LIDAR_ONLY,14.8479,14.8479,15.4761,0.6282,0.6282,4.0592,4.0592,1,1,14.56,1.24,cautious,20.54,front,LIDAR_ONLY
0,256.8890,t6422,LIDAR_ONLY,14.8590,14.8590,15.4761,0.6171,0.6171,3.9872,3.9872,1,1,14.56,1.24,cautious,28.71,front,LIDAR_ONLY
0,256.8890,t6423,LIDAR_ONLY,10.6950,10.6950,15.4761,4.7811,4.7811,30.8933,30.8933,0,0,14.56,1.24,cautious,-4.00,front,LIDAR_ONLY
0,256.8890,t6423,LIDAR_ONLY,10.5202,10.5202,15.4761,4.9559,4.9559,32.0226,32.0226,0,0,14.56,1.24,cautious,4.18,front,LIDAR_ONLY
0,256.9571,cam_2,CAM_ONLY,19.2411,,15.4761,3.7650,,24.3282,,0,,14.04,1.15,warning,,,CAMERA_ONLY
0,257.0205,cam_2,CAM_ONLY,19.2326,,15.4761,3.7565,,24.2730,,0,,12.13,0.97,warning,,,CAMERA_ONLY
0,257.0835,t6423,BOTH,19.2765,10.5222,15.4761,3.8004,4.9539,24.5566,32.0101,0,0,15.89,0.99,warning,,,FULL_ANGLE
0,257.0835,t6429,LIDAR_ONLY,24.2275,24.2275,15.4761,8.7515,8.7515,56.5482,56.5482,0,0,15.89,0.99,drive,16.25,front,LIDAR_ONLY
0,257.0835,t6422,LIDAR_ONLY,14.6562,14.6562,15.4761,0.8199,0.8199,5.2976,5.2976,1,1,15.89,0.99,cautious,24.40,front,LIDAR_ONLY
0,257.0835,t6422,LIDAR_ONLY,14.9634,14.9634,15.4761,0.5127,0.5127,3.3129,3.3129,1,1,15.89,0.99,cautious,20.33,front,LIDAR_ONLY
0,257.0835,t6423,LIDAR_ONLY,10.4918,10.4918,15.4761,4.9843,4.9843,32.2062,32.2062,0,0,15.89,0.99,cautious,4.03,front,LIDAR_ONLY
0,257.1486,cam_2,CAM_ONLY,19.3018,,15.4761,3.8258,,24.7204,,0,,15.10,1.03,warning,,,CAMERA_ONLY
0,257.2039,cam_2,CAM_ONLY,19.2950,,15.4761,3.8189,,24.6762,,0,,11.96,1.16,warning,,,CAMERA_ONLY
0,257.2700,cam_2,CAM_ONLY,19.1737,,15.4761,3.6976,,23.8926,,0,,12.19,1.03,warning,,,CAMERA_ONLY
0,257.3234,cam_2,CAM_ONLY,19.1632,,15.4761,3.6871,,23.8246,,0,,8.91,0.77,warning,,,CAMERA_ONLY
0,257.3782,cam_2,CAM_ONLY,19.3516,,15.4761,3.8755,,25.0421,,0,,10.24,0.97,warning,,,CAMERA_ONLY
0,257.4784,cam_2,CAM_ONLY,19.6699,,15.4761,4.1938,,27.0986,,0,,17.97,0.93,warning,,,CAMERA_ONLY
0,257.5347,t6439,BOTH,19.7722,10.5162,15.4761,4.2961,4.9599,27.7599,32.0485,0,0,12.08,0.76,warning,,,FULL_ANGLE
0,257.6016,cam_2,CAM_ONLY,19.3236,,15.4761,3.8475,,24.8611,,0,,14.07,0.96,warning,,,CAMERA_ONLY
0,257.6698,cam_2,CAM_ONLY,19.2950,,15.4761,3.8189,,24.6762,,0,,19.98,0.90,warning,,,CAMERA_ONLY
0,257.7274,cam_2,CAM_ONLY,19.3752,,15.4761,3.8991,,25.1942,,0,,10.06,0.68,warning,,,CAMERA_ONLY
0,257.7823,t6443,BOTH,19.7799,10.4725,15.4761,4.3038,5.0036,27.8092,32.3313,0,0,9.90,1.04,warning,,,FULL_ANGLE
0,257.8408,cam_2,CAM_ONLY,19.4830,,15.4761,4.0069,,25.8909,,0,,9.99,1.01,warning,,,CAMERA_ONLY
0,257.8913,t6443,BOTH,19.4483,10.4841,15.4761,3.9722,4.9920,25.6670,32.2562,0,0,9.68,1.13,warning,,,FULL_ANGLE
0,257.8913,t6447,LIDAR_ONLY,26.2576,26.2576,15.4761,10.7815,10.7815,69.6653,69.6653,0,0,9.68,1.13,drive,15.59,front,LIDAR_ONLY
0,257.8913,t6447,LIDAR_ONLY,17.1793,17.1793,15.4761,1.7032,1.7032,11.0053,11.0053,0,0,9.68,1.13,drive,23.76,front,LIDAR_ONLY
0,257.8913,t6447,LIDAR_ONLY,14.6045,14.6045,15.4761,0.8716,0.8716,5.6317,5.6317,1,1,9.68,1.13,cautious,27.85,front,LIDAR_ONLY
0,257.8913,t6443,LIDAR_ONLY,10.4807,10.4807,15.4761,4.9954,4.9954,32.2784,32.2784,0,0,9.68,1.13,cautious,-4.84,front,LIDAR_ONLY
0,257.8913,t6443,LIDAR_ONLY,10.4919,10.4919,15.4761,4.9842,4.9842,32.2058,32.2058,0,0,9.68,1.13,cautious,-0.75,front,LIDAR_ONLY
0,257.9534,cam_2,CAM_ONLY,19.3479,,15.4761,3.8718,,25.0182,,0,,15.15,1.21,warning,,,CAMERA_ONLY
0,258.0127,cam_2,CAM_ONLY,19.7002,,15.4761,4.2241,,27.2944,,0,,12.94,0.83,warning,,,CAMERA_ONLY
0,258.0732,cam_2,CAM_ONLY,19.2902,,15.4761,3.8141,,24.6454,,0,,14.95,1.08,warning,,,CAMERA_ONLY
0,258.1294,cam_2,CAM_ONLY,19.2291,,15.4761,3.7530,,24.2506,,0,,9.72,0.93,warning,,,CAMERA_ONLY
0,258.1886,t6456,BOTH,19.2720,10.5235,15.4761,3.7959,4.9526,24.5274,32.0016,0,0,10.60,1.16,warning,,,FULL_ANGLE
0,258.1886,t6455,LIDAR_ONLY,13.2810,13.2810,15.4761,2.1951,2.1951,14.1836,14.1836,0,0,10.60,1.16,cautious,23.86,front,LIDAR_ONLY
0,258.1886,t6455,LIDAR_ONLY,12.1205,12.1205,15.4761,3.3556,3.3556,21.6823,21.6823,0,0,10.60,1.16,cautious,27.89,front,LIDAR_ONLY
0,258.1886,t6456,LIDAR_ONLY,10.5841,10.5841,15.4761,4.8919,4.8919,31.6097,31.6097,0,0,10.60,1.16,cautious,-4.38,front,LIDAR_ONLY
0,258.1886,t6456,LIDAR_ONLY,10.4915,10.4915,15.4761,4.9846,4.9846,32.2085,32.2085,0,0,10.60,1.16,cautious,3.69,front,LIDAR_ONLY
0,258.2404,cam_2,CAM_ONLY,19.6650,,15.4761,4.1889,,27.0668,,0,,10.12,1.11,warning,,,CAMERA_ONLY
0,258.2956,cam_2,CAM_ONLY,19.2503,,15.4761,3.7743,,24.3876,,0,,9.34,1.20,warning,,,CAMERA_ONLY
0,258.3658,cam_2,CAM_ONLY,19.7220,,15.4761,4.2459,,27.4352,,0,,18.75,1.13,warning,,,CAMERA_ONLY
0,258.4251,cam_2,CAM_ONLY,19.3068,,15.4761,3.8307,,24.7526,,0,,9.91,0.99,warning,,,CAMERA_ONLY
0,258.4871,t6467,BOTH,19.2611,11.0654,15.4761,3.7850,4.4107,24.4572,28.5003,0,0,16.13,0.91,warning,,,FULL_ANGLE
0,258.4871,t6465,LIDAR_ONLY,13.3654,13.3654,15.4761,2.1107,2.1107,13.6384,13.6384,0,0,16.13,0.91,cautious,23.74,front,LIDAR_ONLY
0,258.5546,cam_2,CAM_ONLY,19.2662,,15.4761,3.7902,,24.4904,,0,,11.35,1.19,warning,,,CAMERA_ONLY
0,258.6133,cam_2,CAM_ONLY,19.6322,,15.4761,4.1561,,26.8547,,0,,11.23,0.91,warning,,,CAMERA_ONLY
0,258.6822,cam_2,CAM_ONLY,19.3332,,15.4761,3.8571,,24.9232,,0,,17.13,0.84,warning,,,CAMERA_ONLY
0,258.7481,cam_2,CAM_ONLY,19.3541,,15.4761,3.8780,,25.0578,,0,,14.74,0.99,warning,,,CAMERA_ONLY
0,258.8079,cam_2,CAM_ONLY,19.3722,,15.4761,3.8961,,25.1749,,0,,14.44,0.97,warning,,,CAMERA_ONLY
0,258.8757,cam_2,CAM_ONLY,19.2639,,15.4761,3.7878,,24.4750,,0,,15.48,0.80,warning,,,CAMERA_ONLY
0,258.9334,t6475,BOTH,19.2940,10.6253,15.4761,3.8179,4.8508,24.6696,31.3440,0,0,12.75,0.88,warning,,,FULL_ANGLE
0,258.9334,t6475,LIDAR_ONLY,10.5077,10.5077,15.4761,4.9684,4.9684,32.1037,32.1037,0,0,12.75,0.88,cautious,5.49,front,LIDAR_ONLY
0,258.9963,cam_2,CAM_ONLY,19.7018,,15.4761,4.2257,,27.3048,,0,,16.39,0.97,warning,,,CAMERA_ONLY
0,259.0635,cam_2,CAM_ONLY,19.7604,,15.4761,4.2843,,27.6831,,0,,11.16,0.90,warning,,,CAMERA_ONLY
0,259.1175,cam_2,CAM_ONLY,19.8131,,15.4761,4.3370,,28.0241,,0,,9.77,1.04,warning,,,CAMERA_ONLY
0,259.1776,cam_2,CAM_ONLY,19.4069,,15.4761,3.9308,,25.3993,,0,,10.18,0.83,warning,,,CAMERA_ONLY
0,259.2436,t6483,BOTH,19.7564,10.4892,15.4761,4.2804,4.9869,27.6579,32.2230,0,0,24.61,1.28,warning,,,FULL_ANGLE
0,259.2436,t6481,LIDAR_ONLY,13.9412,13.9412,15.4761,1.5349,1.5349,9.9179,9.9179,0,0,24.61,1.28,cautious,22.96,front,LIDAR_ONLY
0,259.2436,t6481,LIDAR_ONLY,12.9425,12.9425,15.4761,2.5336,2.5336,16.3707,16.3707,0,0,24.61,1.28,cautious,27.09,front,LIDAR_ONLY
0,259.2436,t6481,LIDAR_ONLY,13.2605,13.2605,15.4761,2.2156,2.2156,14.3164,14.3164,0,0,24.61,1.28,cautious,18.84,front,LIDAR_ONLY
0,259.2436,t6483,LIDAR_ONLY,10.4995,10.4995,15.4761,4.9766,4.9766,32.1569,32.1569,0,0,24.61,1.28,cautious,-1.79,front,LIDAR_ONLY
0,259.2436,t6483,LIDAR_ONLY,10.4643,10.4643,15.4761,5.0118,5.0118,32.3841,32.3841,0,0,24.61,1.28,cautious,6.46,front,LIDAR_ONLY
0,259.3083,cam_2,CAM_ONLY,19.7220,,15.4761,4.2459,,27.4351,,0,,16.20,1.22,warning,,,CAMERA_ONLY
0,259.3661,cam_2,CAM_ONLY,19.2713,,15.4761,3.7952,,24.5230,,0,,13.39,0.88,warning,,,CAMERA_ONLY
0,259.4369,t6483,BOTH,19.2311,10.4543,15.4761,3.7550,5.0218,24.2633,32.4490,0,0,20.06,1.66,warning,,,FULL_ANGLE
0,259.4369,t6481,LIDAR_ONLY,13.5186,13.5186,15.4761,1.9575,1.9575,12.6485,12.6485,0,0,20.06,1.66,cautious,22.35,front,LIDAR_ONLY
0,259.4369,t6481,LIDAR_ONLY,13.9466,13.9466,15.4761,1.5295,1.5295,9.8829,9.8829,0,0,20.06,1.66,cautious,18.34,front,LIDAR_ONLY
0,259.4369,t6483,LIDAR_ONLY,10.4358,10.4358,15.4761,5.0402,5.0402,32.5680,32.5680,0,0,20.06,1.66,cautious,6.32,front,LIDAR_ONLY
0,259.4369,t6481,LIDAR_ONLY,14.1404,14.1404,15.4761,1.3356,1.3356,8.6304,8.6304,0,0,20.06,1.66,cautious,26.35,front,LIDAR_ONLY
0,259.4369,t6483,LIDAR_ONLY,10.4426,10.4426,15.4761,5.0335,5.0335,32.5243,32.5243,0,0,20.06,1.66,cautious,-1.70,front,LIDAR_ONLY
0,259.4957,cam_2,CAM_ONLY,19.2739,,15.4761,3.7978,,24.5400,,0,,9.20,1.17,warning,,,CAMERA_ONLY
0,259.4957,t6481,LIDAR_ONLY,14.0854,14.0854,15.4761,1.3907,1.3907,8.9862,8.9862,0,0,9.20,1.17,cautious,28.95,front,LIDAR_ONLY
0,259.5606,cam_2,CAM_ONLY,19.1999,,15.4761,3.7238,,24.0617,,0,,16.85,1.12,warning,,,CAMERA_ONLY
0,259.6223,cam_2,CAM_ONLY,19.1732,,15.4761,3.6971,,23.8893,,0,,11.47,1.05,warning,,,CAMERA_ONLY
0,259.6835,t6493,BOTH,19.2333,10.5178,15.4761,3.7572,4.9583,24.2778,32.0383,0,0,10.55,1.41,warning,,,FULL_ANGLE
0,259.6835,t6481,LIDAR_ONLY,13.6118,13.6118,15.4761,1.8643,1.8643,12.0461,12.0461,0,0,10.55,1.41,cautious,22.59,front,LIDAR_ONLY
0,259.6835,t6481,LIDAR_ONLY,13.0296,13.0296,15.4761,2.4465,2.4465,15.8082,15.8082,0,0,10.55,1.41,cautious,26.66,front,LIDAR_ONLY
0,259.6835,t6493,LIDAR_ONLY,10.5790,10.5790,15.4761,4.8971,4.8971,31.6427,31.6427,0,0,10.55,1.41,cautious,-1.88,front,LIDAR_ONLY
0,259.6835,t6493,LIDAR_ONLY,10.4590,10.4590,15.4761,5.0171,5.0171,32.4185,32.4185,0,0,10.55,1.41,cautious,6.27,front,LIDAR_ONLY
0,259.7557,cam_2,CAM_ONLY,19.2194,,15.4761,3.7433,,24.1874,,0,,17.18,1.21,warning,,,CAMERA_ONLY
0,259.8212,cam_2,CAM_ONLY,19.2833,,15.4761,3.8072,,24.6005,,0,,17.22,0.99,warning,,,CAMERA_ONLY
0,259.8779,cam_2,CAM_ONLY,19.3066,,15.4761,3.8305,,24.7509,,0,,12.40,0.86,warning,,,CAMERA_ONLY
0,259.9422,cam_2,CAM_ONLY,19.3428,,15.4761,3.8667,,24.9851,,0,,13.74,1.23,warning,,,CAMERA_ONLY
0,259.9422,t6499,LIDAR_ONLY,13.7104,13.7104,15.4761,1.7657,1.7657,11.4094,11.4094,0,0,13.74,1.23,cautious,23.27,front,LIDAR_ONLY
0,259.9422,t6499,LIDAR_ONLY,14.0391,14.0391,15.4761,1.4370,1.4370,9.2853,9.2853,0,0,13.74,1.23,cautious,19.17,front,LIDAR_ONLY
0,259.9422,t6499,LIDAR_ONLY,13.4755,13.4755,15.4761,2.0006,2.0006,12.9271,12.9271,0,0,13.74,1.23,cautious,27.36,front,LIDAR_ONLY
0,260.0106,cam_2,CAM_ONLY,19.2098,,15.4761,3.7337,,24.1258,,0,,18.11,1.06,warning,,,CAMERA_ONLY
0,260.0781,cam_2,CAM_ONLY,19.2244,,15.4761,3.7483,,24.2202,,0,,16.39,0.80,warning,,,CAMERA_ONLY
0,260.1297,cam_2,CAM_ONLY,19.7636,,15.4761,4.2875,,27.7040,,0,,10.34,1.75,warning,,,CAMERA_ONLY
0,260.1916,cam_2,CAM_ONLY,19.3943,,15.4761,3.9182,,25.3179,,0,,11.71,1.23,warning,,,CAMERA_ONLY
0,260.1916,t6506,LIDAR_ONLY,12.0093,12.0093,15.4761,3.4668,3.4668,22.4007,22.4007,0,0,11.71,1.23,cautious,25.88,front,LIDAR_ONLY
0,260.1916,t6506,LIDAR_ONLY,10.8730,10.8730,15.4761,4.6031,4.6031,29.7435,29.7435,0,0,11.71,1.23,cautious,29.90,front,LIDAR_ONLY
0,260.1916,t6507,LIDAR_ONLY,20.4823,20.4823,15.4761,5.0062,5.0062,32.3479,32.3479,0,0,11.71,1.23,drive,17.84,front,LIDAR_ONLY
0,260.1916,t6507,LIDAR_ONLY,17.9719,17.9719,15.4761,2.4958,2.4958,16.1269,16.1269,0,0,11.71,1.23,drive,21.86,front,LIDAR_ONLY
0,260.2565,cam_2,CAM_ONLY,19.3355,,15.4761,3.8594,,24.9380,,0,,13.87,1.25,warning,,,CAMERA_ONLY
0,260.3112,cam_2,CAM_ONLY,19.3018,,15.4761,3.8257,,24.7203,,0,,9.34,0.88,warning,,,CAMERA_ONLY
0,260.3663,cam_2,CAM_ONLY,19.2390,,15.4761,3.7629,,24.3143,,0,,9.96,0.93,warning,,,CAMERA_ONLY
0,260.4355,cam_2,CAM_ONLY,19.2146,,15.4761,3.7385,,24.1564,,0,,20.85,2.47,warning,,,CAMERA_ONLY
0,260.4355,t6513,LIDAR_ONLY,10.1374,10.1374,15.4761,5.3387,5.3387,34.4963,34.4963,0,0,20.85,2.47,cautious,29.87,front,LIDAR_ONLY
0,260.4355,t6513,LIDAR_ONLY,10.8191,10.8191,15.4761,4.6570,4.6570,30.0917,30.0917,0,0,20.85,2.47,cautious,21.62,front,LIDAR_ONLY
0,260.4355,t6513,LIDAR_ONLY,11.9445,11.9445,15.4761,3.5316,3.5316,22.8194,22.8194,0,0,20.85,2.47,cautious,17.49,front,LIDAR_ONLY
0,260.4355,t6513,LIDAR_ONLY,12.6073,12.6073,15.4761,2.8688,2.8688,18.5371,18.5371,0,0,20.85,2.47,cautious,25.74,front,LIDAR_ONLY
0,260.5059,cam_2,CAM_ONLY,19.7612,,15.4761,4.2851,,27.6887,,0,,13.81,1.35,warning,,,CAMERA_ONLY
0,260.5732,cam_2,CAM_ONLY,19.4214,,15.4761,3.9453,,25.4932,,0,,18.84,1.06,warning,,,CAMERA_ONLY
0,260.6315,cam_2,CAM_ONLY,19.3154,,15.4761,3.8393,,24.8080,,0,,12.46,0.82,warning,,,CAMERA_ONLY
0,260.6904,t6524,BOTH,19.3876,10.4813,15.4761,3.9115,4.9948,25.2746,32.2744,0,0,10.12,1.20,warning,,,FULL_ANGLE
0,260.6904,t6523,LIDAR_ONLY,12.9772,12.9772,15.4761,2.4989,2.4989,16.1466,16.1466,0,0,10.12,1.20,cautious,24.30,front,LIDAR_ONLY
0,260.6904,t6523,LIDAR_ONLY,14.0700,14.0700,15.4761,1.4061,1.4061,9.0859,9.0859,0,0,10.12,1.20,cautious,15.90,front,LIDAR_ONLY
0,260.6904,t6523,LIDAR_ONLY,14.8486,14.8486,15.4761,0.6275,0.6275,4.0547,4.0547,1,1,10.12,1.20,cautious,20.10,front,LIDAR_ONLY
0,260.6904,t6523,LIDAR_ONLY,14.9155,14.9155,15.4761,0.5605,0.5605,3.6220,3.6220,1,1,10.12,1.20,cautious,28.51,front,LIDAR_ONLY
0,260.6904,t6524,LIDAR_ONLY,10.4760,10.4760,15.4761,5.0001,5.0001,32.3088,32.3088,0,0,10.12,1.20,cautious,-0.91,front,LIDAR_ONLY
0,260.7522,cam_2,CAM_ONLY,19.2967,,15.4761,3.8207,,24.6875,,0,,17.21,1.15,warning,,,CAMERA_ONLY
0,260.8109,cam_2,CAM_ONLY,19.7069,,15.4761,4.2308,,27.3374,,0,,13.27,1.10,warning,,,CAMERA_ONLY
0,260.8705,cam_2,CAM_ONLY,19.3206,,15.4761,3.8446,,24.8419,,0,,13.66,1.06,warning,,,CAMERA_ONLY
0,260.9426,cam_2,CAM_ONLY,19.8256,,15.4761,4.3495,,28.1044,,0,,10.80,1.15,warning,,,CAMERA_ONLY
0,260.9426,t6535,LIDAR_ONLY,13.8064,13.8064,15.4761,1.6697,1.6697,10.7890,10.7890,0,0,10.80,1.15,cautious,23.14,front,LIDAR_ONLY
0,260.9426,t6535,LIDAR_ONLY,14.3840,14.3840,15.4761,1.0921,1.0921,7.0565,7.0565,0,0,10.80,1.15,cautious,19.15,front,LIDAR_ONLY
0,260.9426,t6535,LIDAR_ONLY,13.9595,13.9595,15.4761,1.5166,1.5166,9.7999,9.7999,0,0,10.80,1.15,cautious,27.13,front,LIDAR_ONLY
0,260.9996,cam_2,CAM_ONLY,19.7974,,15.4761,4.3213,,27.9225,,0,,9.50,0.98,warning,,,CAMERA_ONLY
0,261.0618,cam_2,CAM_ONLY,19.3906,,15.4761,3.9145,,25.2936,,0,,15.29,0.98,warning,,,CAMERA_ONLY
0,261.1296,cam_2,CAM_ONLY,19.3823,,15.4761,3.9062,,25.2400,,0,,13.86,1.00,warning,,,CAMERA_ONLY
0,261.1985,cam_2,CAM_ONLY,19.2024,,15.4761,3.7263,,24.0780,,0,,17.12,1.27,warning,,,CAMERA_ONLY
0,261.1985,t6542,LIDAR_ONLY,12.6427,12.6427,15.4761,2.8334,2.8334,18.3084,18.3084,0,0,17.12,1.27,cautious,24.82,front,LIDAR_ONLY
0,261.1985,t6542,LIDAR_ONLY,11.7329,11.7329,15.4761,3.7432,3.7432,24.1872,24.1872,0,0,17.12,1.27,cautious,29.03,front,LIDAR_ONLY
0,261.1985,t6542,LIDAR_ONLY,11.9933,11.9933,15.4761,3.4828,3.4828,22.5042,22.5042,0,0,17.12,1.27,cautious,20.60,front,LIDAR_ONLY
0,261.2616,cam_2,CAM_ONLY,19.2242,,15.4761,3.7481,,24.2185,,0,,13.34,1.28,warning,,,CAMERA_ONLY
0,261.3207,cam_2,CAM_ONLY,19.3991,,15.4761,3.9230,,25.3487,,0,,15.85,0.98,warning,,,CAMERA_ONLY
0,261.3811,t6545,BOTH,19.3927,10.4335,15.4761,3.9166,5.0426,25.3075,32.5829,0,0,13.32,0.85,warning,,,FULL_ANGLE
0,261.4383,t6545,BOTH,19.3865,10.4541,15.4761,3.9104,5.0220,25.2672,32.4497,0,0,12.01,1.18,warning,,,FULL_ANGLE
0,261.4383,t6548,LIDAR_ONLY,11.5284,11.5284,15.4761,3.9477,3.9477,25.5081,25.5081,0,0,12.01,1.18,cautious,26.77,front,LIDAR_ONLY
0,261.4383,t6548,LIDAR_ONLY,12.6790,12.6790,15.4761,2.7971,2.7971,18.0734,18.0734,0,0,12.01,1.18,cautious,18.48,front,LIDAR_ONLY
0,261.4383,t6548,LIDAR_ONLY,13.3690,13.3690,15.4761,2.1071,2.1071,13.6154,13.6154,0,0,12.01,1.18,cautious,22.62,front,LIDAR_ONLY
0,261.4383,t6545,LIDAR_ONLY,10.4452,10.4452,15.4761,5.0309,5.0309,32.5074,32.5074,0,0,12.01,1.18,cautious,-2.24,front,LIDAR_ONLY
0,261.4383,t6545,LIDAR_ONLY,10.4598,10.4598,15.4761,5.0162,5.0162,32.4129,32.4129,0,0,12.01,1.18,cautious,6.05,front,LIDAR_ONLY
0,261.5116,cam_2,CAM_ONLY,19.3114,,15.4761,3.8353,,24.7818,,0,,21.30,0.96,warning,,,CAMERA_ONLY
0,261.5864,t6545,BOTH,19.2632,10.4800,15.4761,3.7871,4.9961,24.4705,32.2828,0,0,22.07,1.64,warning,,,FULL_ANGLE
0,261.5864,t6545,LIDAR_ONLY,10.4718,10.4718,15.4761,5.0043,5.0043,32.3354,32.3354,0,0,22.07,1.64,cautious,-2.82,front,LIDAR_ONLY
0,261.5864,t6545,LIDAR_ONLY,10.4836,10.4836,15.4761,4.9925,4.9925,32.2593,32.2593,0,0,22.07,1.64,cautious,5.20,front,LIDAR_ONLY
0,261.6433,t6545,BOTH,19.2718,10.4949,15.4761,3.7957,4.9812,24.5260,32.1864,0,0,12.03,1.36,warning,,,FULL_ANGLE
0,261.6433,t6548,LIDAR_ONLY,13.4252,13.4252,15.4761,2.0509,2.0509,13.2519,13.2519,0,0,12.03,1.36,cautious,29.67,front,LIDAR_ONLY
0,261.6433,t6548,LIDAR_ONLY,13.2806,13.2806,15.4761,2.1955,2.1955,14.1862,14.1862,0,0,12.03,1.36,cautious,25.69,front,LIDAR_ONLY
0,261.6433,t6548,LIDAR_ONLY,13.8005,13.8005,15.4761,1.6756,1.6756,10.8268,10.8268,0,0,12.03,1.36,cautious,17.74,front,LIDAR_ONLY
0,261.6433,t6548,LIDAR_ONLY,13.9218,13.9218,15.4761,1.5543,1.5543,10.0432,10.0432,0,0,12.03,1.36,cautious,21.72,front,LIDAR_ONLY
0,261.6433,t6545,LIDAR_ONLY,10.4926,10.4926,15.4761,4.9835,4.9835,32.2014,32.2014,0,0,12.03,1.36,cautious,-2.15,front,LIDAR_ONLY
0,261.6433,t6545,LIDAR_ONLY,10.4533,10.4533,15.4761,5.0228,5.0228,32.4549,32.4549,0,0,12.03,1.36,cautious,5.81,front,LIDAR_ONLY
0,261.7025,cam_2,CAM_ONLY,19.6842,,15.4761,4.2081,,27.1910,,0,,12.65,1.18,warning,,,CAMERA_ONLY
0,261.7593,cam_2,CAM_ONLY,19.6855,,15.4761,4.2094,,27.1994,,0,,11.49,0.86,warning,,,CAMERA_ONLY
0,261.8332,cam_2,CAM_ONLY,19.2625,,15.4761,3.7864,,24.4660,,0,,17.95,1.80,warning,,,CAMERA_ONLY
0,261.9026,cam_2,CAM_ONLY,19.3705,,15.4761,3.8944,,25.1641,,0,,13.65,2.29,warning,,,CAMERA_ONLY
0,261.9663,cam_2,CAM_ONLY,19.3501,,15.4761,3.8740,,25.0324,,0,,11.75,0.94,warning,,,CAMERA_ONLY
0,262.0384,cam_2,CAM_ONLY,19.2963,,15.4761,3.8202,,24.6848,,0,,21.46,1.19,warning,,,CAMERA_ONLY
0,262.0384,t6563,LIDAR_ONLY,10.4192,10.4192,15.4761,5.0569,5.0569,32.6754,32.6754,0,0,21.46,1.19,cautious,29.17,front,LIDAR_ONLY
0,262.0384,t6564,LIDAR_ONLY,22.2316,22.2316,15.4761,6.7555,6.7555,43.6515,43.6515,0,0,21.46,1.19,drive,17.02,front,LIDAR_ONLY
0,262.0384,t6563,LIDAR_ONLY,10.7223,10.7223,15.4761,4.7538,4.7538,30.7168,30.7168,0,0,21.46,1.19,cautious,25.12,front,LIDAR_ONLY
0,262.0384,t6564,LIDAR_ONLY,18.8991,18.8991,15.4761,3.4230,3.4230,22.1181,22.1181,0,0,21.46,1.19,drive,21.07,front,LIDAR_ONLY
0,262.1003,cam_2,CAM_ONLY,19.2878,,15.4761,3.8117,,24.6298,,0,,12.18,1.13,warning,,,CAMERA_ONLY
0,262.1621,cam_2,CAM_ONLY,19.6852,,15.4761,4.2091,,27.1977,,0,,13.64,0.89,warning,,,CAMERA_ONLY
0,262.2260,cam_2,CAM_ONLY,19.7261,,15.4761,4.2500,,27.4615,,0,,13.04,1.07,warning,,,CAMERA_ONLY
0,262.2839,t6570,BOTH,19.7276,10.4193,15.4761,4.2515,5.0568,27.4713,32.6748,0,0,13.80,0.92,warning,,,FULL_ANGLE
0,262.2839,t6569,LIDAR_ONLY,14.1090,14.1090,15.4761,1.3671,1.3671,8.8337,8.8337,0,0,13.80,0.92,cautious,22.75,front,LIDAR_ONLY
0,262.2839,t6570,LIDAR_ONLY,10.4335,10.4335,15.4761,5.0426,5.0426,32.5829,32.5829,0,0,13.80,0.92,cautious,-2.39,front,LIDAR_ONLY
0,262.2839,t6570,LIDAR_ONLY,10.4429,10.4429,15.4761,5.0332,5.0332,32.5224,32.5224,0,0,13.80,0.92,cautious,5.99,front,LIDAR_ONLY
0,262.3504,cam_2,CAM_ONLY,19.3097,,15.4761,3.8336,,24.7709,,0,,17.63,1.09,warning,,,CAMERA_ONLY
0,262.4124,cam_2,CAM_ONLY,19.3524,,15.4761,3.8763,,25.0468,,0,,13.11,0.87,warning,,,CAMERA_ONLY
0,262.4766,t6570,BOTH,19.2621,10.4538,15.4761,3.7860,5.0223,24.4637,32.4522,0,0,12.68,0.83,warning,,,FULL_ANGLE
0,262.4766,t6570,LIDAR_ONLY,10.4512,10.4512,15.4761,5.0249,5.0249,32.4689,32.4689,0,0,12.68,0.83,cautious,-1.52,front,LIDAR_ONLY
0,262.4766,t6570,LIDAR_ONLY,10.4842,10.4842,15.4761,4.9919,4.9919,32.2557,32.2557,0,0,12.68,0.83,cautious,6.87,front,LIDAR_ONLY
0,262.5398,t6570,BOTH,19.7037,10.5189,15.4761,4.2276,4.9572,27.3169,32.0316,0,0,14.78,1.22,warning,,,FULL_ANGLE
0,262.5398,t6576,LIDAR_ONLY,12.6623,12.6623,15.4761,2.8137,2.8137,18.1812,18.1812,0,0,14.78,1.22,cautious,24.79,front,LIDAR_ONLY
0,262.5398,t6576,LIDAR_ONLY,13.1066,13.1066,15.4761,2.3695,2.3695,15.3109,15.3109,0,0,14.78,1.22,cautious,20.70,front,LIDAR_ONLY
0,262.5398,t6576,LIDAR_ONLY,12.6878,12.6878,15.4761,2.7883,2.7883,18.0170,18.0170,0,0,14.78,1.22,cautious,28.87,front,LIDAR_ONLY
0,262.5398,t6570,LIDAR_ONLY,10.4976,10.4976,15.4761,4.9785,4.9785,32.1692,32.1692,0,0,14.78,1.22,cautious,4.36,front,LIDAR_ONLY
0,262.5398,t6570,LIDAR_ONLY,10.5074,10.5074,15.4761,4.9687,4.9687,32.1054,32.1054,0,0,14.78,1.22,cautious,-3.81,front,LIDAR_ONLY
0,262.6041,cam_2,CAM_ONLY,19.7304,,15.4761,4.2543,,27.4897,,0,,13.63,1.24,warning,,,CAMERA_ONLY
0,262.6621,cam_2,CAM_ONLY,19.3973,,15.4761,3.9212,,25.3370,,0,,10.04,0.98,warning,,,CAMERA_ONLY
0,262.7315,cam_2,CAM_ONLY,19.3136,,15.4761,3.8375,,24.7964,,0,,19.31,1.15,warning,,,CAMERA_ONLY
0,262.7944,cam_2,CAM_ONLY,19.4446,,15.4761,3.9685,,25.6431,,0,,16.29,1.10,warning,,,CAMERA_ONLY
0,262.8578,cam_2,CAM_ONLY,19.2526,,15.4761,3.7765,,24.4019,,0,,17.06,1.15,warning,,,CAMERA_ONLY
0,262.9152,cam_2,CAM_ONLY,19.2923,,15.4761,3.8162,,24.6587,,0,,8.87,0.86,warning,,,CAMERA_ONLY
0,262.9728,cam_2,CAM_ONLY,19.6632,,15.4761,4.1871,,27.0552,,0,,10.06,1.21,warning,,,CAMERA_ONLY
0,263.0354,t6591,BOTH,19.2576,10.5178,15.4761,3.7815,4.9583,24.4346,32.0387,0,0,13.90,0.91,warning,,,FULL_ANGLE
0,263.0354,t6590,LIDAR_ONLY,11.1138,11.1138,15.4761,4.3623,4.3623,28.1876,28.1876,0,0,13.90,0.91,cautious,27.60,front,LIDAR_ONLY
0,263.0354,t6590,LIDAR_ONLY,11.9926,11.9926,15.4761,3.4835,3.4835,22.5086,22.5086,0,0,13.90,0.91,cautious,19.23,front,LIDAR_ONLY
0,263.0354,t6590,LIDAR_ONLY,12.5596,12.5596,15.4761,2.9165,2.9165,18.8452,18.8452,0,0,13.90,0.91,cautious,23.41,front,LIDAR_ONLY
0,263.0354,t6591,LIDAR_ONLY,10.5083,10.5083,15.4761,4.9678,4.9678,32.0999,32.0999,0,0,13.90,0.91,cautious,6.67,front,LIDAR_ONLY
0,263.0997,cam_2,CAM_ONLY,19.3537,,15.4761,3.8776,,25.0556,,0,,16.11,1.17,warning,,,CAMERA_ONLY
0,263.1678,cam_2,CAM_ONLY,19.9317,,15.4761,4.4557,,28.7906,,0,,14.69,0.94,warning,,,CAMERA_ONLY
0,263.2368,t6591,BOTH,19.2152,10.5410,15.4761,3.7391,4.9351,24.1603,31.8888,0,0,21.03,0.91,warning,,,FULL_ANGLE
0,263.2368,t6591,LIDAR_ONLY,10.5315,10.5315,15.4761,4.9445,4.9445,31.9496,31.9496,0,0,21.03,0.91,cautious,-2.51,front,LIDAR_ONLY
0,263.2949,cam_2,CAM_ONLY,19.2416,,15.4761,3.7655,,24.3311,,0,,11.98,1.06,warning,,,CAMERA_ONLY
0,263.3565,cam_2,CAM_ONLY,19.6041,,15.4761,4.1280,,26.6732,,0,,16.20,1.15,warning,,,CAMERA_ONLY
0,263.4143,cam_2,CAM_ONLY,19.3451,,15.4761,3.8690,,24.9998,,0,,10.48,0.81,warning,,,CAMERA_ONLY
0,263.4702,cam_2,CAM_ONLY,19.4029,,15.4761,3.9268,,25.3733,,0,,13.63,1.12,warning,,,CAMERA_ONLY
0,263.5256,cam_2,CAM_ONLY,19.2916,,15.4761,3.8156,,24.6545,,0,,10.69,0.96,warning,,,CAMERA_ONLY
0,263.5815,t6605,BOTH,19.7568,10.5236,15.4761,4.2807,4.9525,27.6602,32.0007,0,0,11.01,0.87,warning,,,FULL_ANGLE
0,263.5815,t6604,LIDAR_ONLY,15.0017,15.0017,15.4761,0.4743,0.4743,3.0650,3.0650,1,1,11.01,0.87,drive,21.70,front,LIDAR_ONLY
0,263.5815,t6605,LIDAR_ONLY,10.4862,10.4862,15.4761,4.9899,4.9899,32.2426,32.2426,0,0,11.01,0.87,cautious,4.95,front,LIDAR_ONLY
0,263.5815,t6605,LIDAR_ONLY,10.4878,10.4878,15.4761,4.9882,4.9882,32.2319,32.2319,0,0,11.01,0.87,cautious,-3.43,front,LIDAR_ONLY
0,263.6364,t6605,BOTH,19.2355,10.5039,15.4761,3.7594,4.9721,24.2915,32.1279,0,0,11.02,1.15,warning,,,FULL_ANGLE
0,263.6364,t6604,LIDAR_ONLY,13.6389,13.6389,15.4761,1.8372,1.8372,11.8709,11.8709,0,0,11.02,1.15,cautious,25.72,front,LIDAR_ONLY
0,263.6364,t6604,LIDAR_ONLY,12.6234,12.6234,15.4761,2.8527,2.8527,18.4327,18.4327,0,0,11.02,1.15,cautious,29.88,front,LIDAR_ONLY
0,263.6364,t6608,LIDAR_ONLY,21.3462,21.3462,15.4761,5.8701,5.8701,37.9301,37.9301,0,0,11.02,1.15,drive,17.41,front,LIDAR_ONLY
0,263.6364,t6608,LIDAR_ONLY,18.6669,18.6669,15.4761,3.1909,3.1909,20.6180,20.6180,0,0,11.02,1.15,drive,21.57,front,LIDAR_ONLY
0,263.6364,t6605,LIDAR_ONLY,10.4994,10.4994,15.4761,4.9767,4.9767,32.1573,32.1573,0,0,11.02,1.15,cautious,-3.36,front,LIDAR_ONLY
0,263.6925,cam_2,CAM_ONLY,19.2474,,15.4761,3.7714,,24.3689,,0,,13.27,1.10,warning,,,CAMERA_ONLY
0,263.6925,t6604,LIDAR_ONLY,12.4388,12.4388,15.4761,3.0373,3.0373,19.6258,19.6258,0,0,13.27,1.10,cautious,26.87,front,LIDAR_ONLY
0,263.7608,cam_2,CAM_ONLY,19.2536,,15.4761,3.7775,,24.4088,,0,,16.18,1.24,warning,,,CAMERA_ONLY
0,263.8249,cam_2,CAM_ONLY,19.6480,,15.4761,4.1719,,26.9570,,0,,11.25,0.77,warning,,,CAMERA_ONLY
0,263.8740,cam_2,CAM_ONLY,19.6979,,15.4761,4.2218,,27.2796,,0,,10.50,0.94,warning,,,CAMERA_ONLY
0,263.9458,cam_2,CAM_ONLY,19.3301,,15.4761,3.8540,,24.9031,,0,,21.15,1.23,warning,,,CAMERA_ONLY
0,264.0141,cam_2,CAM_ONLY,19.3116,,15.4761,3.8356,,24.7837,,0,,17.60,1.02,warning,,,CAMERA_ONLY
0,264.0773,cam_2,CAM_ONLY,19.1776,,15.4761,3.7015,,23.9176,,0,,13.88,0.89,warning,,,CAMERA_ONLY
0,264.1391,t6620,BOTH,19.1891,10.5280,15.4761,3.7130,4.9480,23.9919,31.9722,0,0,16.12,1.14,warning,,,FULL_ANGLE
0,264.1391,t6618,LIDAR_ONLY,10.1059,10.1059,15.4761,5.3702,5.3702,34.7001,34.7001,0,0,16.12,1.14,cautious,29.95,front,LIDAR_ONLY
0,264.1391,t6618,LIDAR_ONLY,10.6173,10.6173,15.4761,4.8588,4.8588,31.3957,31.3957,0,0,16.12,1.14,cautious,21.84,front,LIDAR_ONLY
0,264.1391,t6618,LIDAR_ONLY,10.9973,10.9973,15.4761,4.4788,4.4788,28.9398,28.9398,0,0,16.12,1.14,cautious,25.90,front,LIDAR_ONLY
0,264.1391,t6618,LIDAR_ONLY,11.7300,11.7300,15.4761,3.7461,3.7461,24.2058,24.2058,0,0,16.12,1.14,cautious,17.78,front,LIDAR_ONLY
0,264.1391,t6620,LIDAR_ONLY,10.4967,10.4967,15.4761,4.9794,4.9794,32.1748,32.1748,0,0,16.12,1.14,cautious,5.61,front,LIDAR_ONLY
0,264.1391,t6620,LIDAR_ONLY,10.5069,10.5069,15.4761,4.9692,4.9692,32.1090,32.1090,0,0,16.12,1.14,cautious,-2.50,front,LIDAR_ONLY
0,264.1984,cam_2,CAM_ONLY,19.2776,,15.4761,3.8015,,24.5634,,0,,15.95,1.00,warning,,,CAMERA_ONLY
0,264.2609,cam_2,CAM_ONLY,19.2574,,15.4761,3.7813,,24.4331,,0,,14.82,0.81,warning,,,CAMERA_ONLY
0,264.3256,cam_2,CAM_ONLY,19.2104,,15.4761,3.7343,,24.1295,,0,,14.27,0.88,warning,,,CAMERA_ONLY
0,264.4041,cam_2,CAM_ONLY,19.2958,,15.4761,3.8198,,24.6817,,0,,21.98,1.39,warning,,,CAMERA_ONLY
0,264.4707,cam_2,CAM_ONLY,19.3007,,15.4761,3.8246,,24.7128,,0,,19.93,1.09,warning,,,CAMERA_ONLY
0,264.5291,cam_2,CAM_ONLY,19.3061,,15.4761,3.8300,,24.7481,,0,,13.35,0.84,warning,,,CAMERA_ONLY
0,264.5865,t6629,BOTH,19.2517,10.5072,15.4761,3.7756,4.9688,24.3964,32.1066,0,0,13.69,1.02,warning,,,FULL_ANGLE
0,264.5865,t6629,LIDAR_ONLY,10.4088,10.4088,15.4761,5.0673,5.0673,32.7430,32.7430,0,0,13.69,1.02,cautious,6.17,front,LIDAR_ONLY
0,264.6483,cam_2,CAM_ONLY,19.6935,,15.4761,4.2174,,27.2512,,0,,12.03,1.01,warning,,,CAMERA_ONLY
0,264.7036,cam_2,CAM_ONLY,19.4413,,15.4761,3.9652,,25.6215,,0,,10.69,1.23,warning,,,CAMERA_ONLY
0,264.7578,cam_2,CAM_ONLY,19.3433,,15.4761,3.8672,,24.9882,,0,,11.94,1.16,warning,,,CAMERA_ONLY
0,264.8125,cam_2,CAM_ONLY,19.2794,,15.4761,3.8033,,24.5752,,0,,11.20,0.84,warning,,,CAMERA_ONLY
0,264.8718,cam_2,CAM_ONLY,19.7198,,15.4761,4.2437,,27.4213,,0,,14.02,1.27,warning,,,CAMERA_ONLY
0,264.9217,cam_2,CAM_ONLY,19.8509,,15.4761,4.3748,,28.2681,,0,,11.23,0.88,warning,,,CAMERA_ONLY
0,264.9802,cam_2,CAM_ONLY,19.3481,,15.4761,3.8720,,25.0192,,0,,15.25,0.83,warning,,,CAMERA_ONLY
0,265.0438,cam_2,CAM_ONLY,19.3435,,15.4761,3.8674,,24.9898,,0,,12.10,1.16,warning,,,CAMERA_ONLY
0,265.1066,cam_2,CAM_ONLY,19.2778,,15.4761,3.8017,,24.5651,,0,,19.14,1.07,warning,,,CAMERA_ONLY
0,265.1773,cam_2,CAM_ONLY,19.3954,,15.4761,3.9193,,25.3252,,0,,12.10,0.85,warning,,,CAMERA_ONLY
0,265.2372,t6643,BOTH,19.2493,10.4125,15.4761,3.7732,5.0636,24.3808,32.7189,0,0,11.19,1.08,warning,,,FULL_ANGLE
0,265.2372,t6642,LIDAR_ONLY,19.6930,19.6930,15.4761,4.2169,4.2169,27.2477,27.2477,0,0,11.19,1.08,drive,18.25,front,LIDAR_ONLY
0,265.2372,t6642,LIDAR_ONLY,16.5771,16.5771,15.4761,1.1010,1.1010,7.1140,7.1140,0,0,11.19,1.08,drive,22.25,front,LIDAR_ONLY
0,265.2372,t6642,LIDAR_ONLY,14.5927,14.5927,15.4761,0.8834,0.8834,5.7080,5.7080,1,1,11.19,1.08,cautious,26.26,front,LIDAR_ONLY
0,265.3003,cam_2,CAM_ONLY,19.2575,,15.4761,3.7814,,24.4340,,0,,15.43,1.08,warning,,,CAMERA_ONLY
0,265.3592,cam_2,CAM_ONLY,19.2383,,15.4761,3.7622,,24.3099,,0,,14.14,1.43,warning,,,CAMERA_ONLY
0,265.4245,cam_2,CAM_ONLY,19.6506,,15.4761,4.1745,,26.9741,,0,,14.72,0.94,warning,,,CAMERA_ONLY
0,265.4958,cam_2,CAM_ONLY,19.2658,,15.4761,3.7897,,24.4877,,0,,23.71,1.44,warning,,,CAMERA_ONLY
0,265.4958,t6651,LIDAR_ONLY,11.5156,11.5156,15.4761,3.9605,3.9605,25.5912,25.5912,0,0,23.71,1.44,cautious,26.79,front,LIDAR_ONLY
0,265.5476,cam_2,CAM_ONLY,19.2530,,15.4761,3.7769,,24.4049,,0,,11.25,0.96,warning,,,CAMERA_ONLY
0,265.6050,cam_2,CAM_ONLY,19.3460,,15.4761,3.8699,,25.0055,,0,,12.05,1.15,warning,,,CAMERA_ONLY
0,265.6665,cam_2,CAM_ONLY,19.2206,,15.4761,3.7445,,24.1955,,0,,15.35,0.99,warning,,,CAMERA_ONLY
0,265.7260,cam_2,CAM_ONLY,19.1578,,15.4761,3.6818,,23.7899,,0,,15.78,1.10,warning,,,CAMERA_ONLY
0,265.7813,t6661,BOTH,19.3131,10.5916,15.4761,3.8370,4.8845,24.7934,31.5613,0,0,12.86,0.87,warning,,,FULL_ANGLE
0,265.8474,cam_2,CAM_ONLY,19.3893,,15.4761,3.9132,,25.2856,,0,,18.18,2.55,warning,,,CAMERA_ONLY
0,265.8474,t6665,LIDAR_ONLY,13.0495,13.0495,15.4761,2.4266,2.4266,15.6795,15.6795,0,0,18.18,2.55,cautious,24.20,front,LIDAR_ONLY
0,265.8474,t6665,LIDAR_ONLY,13.4973,13.4973,15.4761,1.9787,1.9787,12.7858,12.7858,0,0,18.18,2.55,cautious,19.97,front,LIDAR_ONLY
0,265.8474,t6665,LIDAR_ONLY,13.3255,13.3255,15.4761,2.1505,2.1505,13.8959,13.8959,0,0,18.18,2.55,cautious,28.42,front,LIDAR_ONLY
0,265.9066,cam_2,CAM_ONLY,19.3015,,15.4761,3.8254,,24.7182,,0,,12.57,1.22,warning,,,CAMERA_ONLY
0,265.9697,cam_2,CAM_ONLY,19.3040,,15.4761,3.8279,,24.7345,,0,,15.38,1.16,warning,,,CAMERA_ONLY
0,266.0286,cam_2,CAM_ONLY,19.1730,,15.4761,3.6969,,23.8876,,0,,10.01,0.84,warning,,,CAMERA_ONLY
0,266.0792,cam_2,CAM_ONLY,19.6241,,15.4761,4.1480,,26.8024,,0,,9.91,1.06,warning,,,CAMERA_ONLY
0,266.1481,cam_2,CAM_ONLY,19.2446,,15.4761,3.7685,,24.3506,,0,,21.64,1.10,warning,,,CAMERA_ONLY
0,266.2120,cam_2,CAM_ONLY,19.7523,,15.4761,4.2762,,27.6308,,0,,12.15,0.89,warning,,,CAMERA_ONLY
0,266.2762,cam_2,CAM_ONLY,19.3098,,15.4761,3.8337,,24.7721,,0,,13.36,0.92,warning,,,CAMERA_ONLY
0,266.3326,t6678,BOTH,19.2944,10.4241,15.4761,3.8184,5.0520,24.6726,32.6436,0,0,11.68,0.96,warning,,,FULL_ANGLE
0,266.3326,t6677,LIDAR_ONLY,19.7552,19.7552,15.4761,4.2791,4.2791,27.6499,27.6499,0,0,11.68,0.96,drive,18.22,front,LIDAR_ONLY
0,266.3326,t6678,LIDAR_ONLY,10.4514,10.4514,15.4761,5.0247,5.0247,32.4676,32.4676,0,0,11.68,0.96,cautious,-2.66,front,LIDAR_ONLY
0,266.3326,t6678,LIDAR_ONLY,10.4542,10.4542,15.4761,5.0219,5.0219,32.4493,32.4493,0,0,11.68,0.96,cautious,5.69,front,LIDAR_ONLY
0,266.3876,t6683,BOTH,19.7365,10.5445,15.4761,4.2604,4.9315,27.5288,31.8656,0,0,10.64,1.17,warning,,,FULL_ANGLE
0,266.3876,t6677,LIDAR_ONLY,15.0988,15.0988,15.4761,0.3773,0.3773,2.4380,2.4380,1,1,10.64,1.17,drive,25.08,front,LIDAR_ONLY
0,266.3876,t6677,LIDAR_ONLY,13.4059,13.4059,15.4761,2.0702,2.0702,13.3766,13.3766,0,0,10.64,1.17,cautious,29.30,front,LIDAR_ONLY
0,266.3876,t6682,LIDAR_ONLY,23.1812,23.1812,15.4761,7.7051,7.7051,49.7871,49.7871,0,0,10.64,1.17,drive,16.64,front,LIDAR_ONLY
0,266.3876,t6682,LIDAR_ONLY,20.0169,20.0169,15.4761,4.5408,4.5408,29.3410,29.3410,0,0,10.64,1.17,drive,20.86,front,LIDAR_ONLY
0,266.3876,t6683,LIDAR_ONLY,10.5871,10.5871,15.4761,4.8890,4.8890,31.5904,31.5904,0,0,10.64,1.17,cautious,-4.46,front,LIDAR_ONLY
0,266.3876,t6678,LIDAR_ONLY,10.4593,10.4593,15.4761,5.0167,5.0167,32.4161,32.4161,0,0,10.64,1.17,cautious,3.98,front,LIDAR_ONLY
0,266.4499,cam_2,CAM_ONLY,19.3374,,15.4761,3.8613,,24.9504,,0,,11.81,1.96,warning,,,CAMERA_ONLY
0,266.5218,cam_2,CAM_ONLY,19.3052,,15.4761,3.8291,,24.7422,,0,,20.83,1.28,warning,,,CAMERA_ONLY
0,266.5888,t6678,BOTH,19.6925,10.4507,15.4761,4.2164,5.0254,27.2447,32.4721,0,0,15.24,0.99,warning,,,FULL_ANGLE
0,266.5888,t6677,LIDAR_ONLY,12.4016,12.4016,15.4761,3.0745,3.0745,19.8661,19.8661,0,0,15.24,0.99,cautious,29.45,front,LIDAR_ONLY
0,266.5888,t6682,LIDAR_ONLY,18.0440,18.0440,15.4761,2.5679,2.5679,16.5927,16.5927,0,0,15.24,0.99,drive,21.38,front,LIDAR_ONLY
0,266.5888,t6682,LIDAR_ONLY,16.1043,16.1043,15.4761,0.6282,0.6282,4.0591,4.0591,1,1,15.24,0.99,drive,25.42,front,LIDAR_ONLY
0,266.5888,t6683,LIDAR_ONLY,10.5554,10.5554,15.4761,4.9207,4.9207,31.7955,31.7955,0,0,15.24,0.99,cautious,-2.86,front,LIDAR_ONLY
0,266.6446,cam_2,CAM_ONLY,19.3009,,15.4761,3.8249,,24.7146,,0,,12.74,1.18,warning,,,CAMERA_ONLY
0,266.7068,cam_2,CAM_ONLY,19.3391,,15.4761,3.8630,,24.9611,,0,,11.83,1.36,warning,,,CAMERA_ONLY
0,266.7617,cam_2,CAM_ONLY,19.2210,,15.4761,3.7449,,24.1979,,0,,10.36,0.90,warning,,,CAMERA_ONLY
0,266.8120,cam_2,CAM_ONLY,19.7495,,15.4761,4.2734,,27.6128,,0,,9.82,0.92,warning,,,CAMERA_ONLY
0,266.8732,cam_2,CAM_ONLY,19.7658,,15.4761,4.2897,,27.7184,,0,,12.39,1.21,warning,,,CAMERA_ONLY
0,266.9359,t6700,BOTH,19.8017,10.5311,15.4761,4.3256,4.9450,27.9505,31.9526,0,0,16.46,1.06,warning,,,FULL_ANGLE
0,266.9359,t6699,LIDAR_ONLY,13.2337,13.2337,15.4761,2.2424,2.2424,14.4894,14.4894,0,0,16.46,1.06,cautious,23.93,front,LIDAR_ONLY
0,266.9359,t6699,LIDAR_ONLY,13.8454,13.8454,15.4761,1.6307,1.6307,10.5367,10.5367,0,0,16.46,1.06,cautious,19.70,front,LIDAR_ONLY
0,266.9359,t6700,LIDAR_ONLY,10.6031,10.6031,15.4761,4.8730,4.8730,31.4870,31.4870,0,0,16.46,1.06,cautious,-1.43,front,LIDAR_ONLY
0,266.9359,t6699,LIDAR_ONLY,13.7825,13.7825,15.4761,1.6936,1.6936,10.9433,10.9433,0,0,16.46,1.06,cautious,28.15,front,LIDAR_ONLY
0,266.9359,t6700,LIDAR_ONLY,10.5677,10.5677,15.4761,4.9084,4.9084,31.7163,31.7163,0,0,16.46,1.06,cautious,7.02,front,LIDAR_ONLY
0,267.0015,cam_2,CAM_ONLY,19.3123,,15.4761,3.8362,,24.7877,,0,,18.53,1.12,warning,,,CAMERA_ONLY
0,267.0619,cam_2,CAM_ONLY,19.2776,,15.4761,3.8015,,24.5636,,0,,12.81,0.97,warning,,,CAMERA_ONLY
0,267.1177,cam_2,CAM_ONLY,19.4120,,15.4761,3.9359,,25.4322,,0,,14.75,0.98,warning,,,CAMERA_ONLY
0,267.1896,cam_2,CAM_ONLY,19.2082,,15.4761,3.7321,,24.1156,,0,,16.39,0.97,warning,,,CAMERA_ONLY
0,267.2458,cam_2,CAM_ONLY,19.6304,,15.4761,4.1543,,26.8431,,0,,13.02,0.96,warning,,,CAMERA_ONLY
0,267.2995,cam_2,CAM_ONLY,19.6185,,15.4761,4.1424,,26.7667,,0,,10.43,0.96,warning,,,CAMERA_ONLY
0,267.3571,cam_2,CAM_ONLY,19.2558,,15.4761,3.7797,,24.4231,,0,,11.74,1.64,warning,,,CAMERA_ONLY
0,267.4205,cam_2,CAM_ONLY,19.2573,,15.4761,3.7812,,24.4323,,0,,13.35,1.03,warning,,,CAMERA_ONLY
0,267.4788,cam_2,CAM_ONLY,19.3009,,15.4761,3.8248,,24.7141,,0,,15.34,0.79,warning,,,CAMERA_ONLY
0,267.5438,t6711,BOTH,19.1626,10.5016,15.4761,3.6865,4.9745,23.8205,32.1431,0,0,21.12,1.28,warning,,,FULL_ANGLE
0,267.5438,t6710,LIDAR_ONLY,13.8343,13.8343,15.4761,1.6418,1.6418,10.6087,10.6087,0,0,21.12,1.28,cautious,23.10,front,LIDAR_ONLY
0,267.5438,t6710,LIDAR_ONLY,12.5255,12.5255,15.4761,2.9506,2.9506,19.0656,19.0656,0,0,21.12,1.28,cautious,27.35,front,LIDAR_ONLY
0,267.5438,t6711,LIDAR_ONLY,10.4720,10.4720,15.4761,5.0041,5.0041,32.3342,32.3342,0,0,21.12,1.28,cautious,6.11,front,LIDAR_ONLY
0,267.5998,cam_2,CAM_ONLY,19.6808,,15.4761,4.2047,,27.1691,,0,,14.29,1.21,warning,,,CAMERA_ONLY
0,267.6601,cam_2,CAM_ONLY,19.2308,,15.4761,3.7547,,24.2613,,0,,12.60,0.89,warning,,,CAMERA_ONLY
0,267.7284,t6711,BOTH,19.3456,10.4763,15.4761,3.8695,4.9998,25.0032,32.3064,0,0,16.59,1.05,warning,,,FULL_ANGLE
0,267.7284,t6714,LIDAR_ONLY,10.6062,10.6062,15.4761,4.8698,4.8698,31.4669,31.4669,0,0,16.59,1.05,cautious,-4.96,front,LIDAR_ONLY
0,267.7284,t6710,LIDAR_ONLY,12.9600,12.9600,15.4761,2.5161,2.5161,16.2581,16.2581,0,0,16.59,1.05,cautious,19.49,front,LIDAR_ONLY
0,267.7284,t6714,LIDAR_ONLY,10.6066,10.6066,15.4761,4.8695,4.8695,31.4646,31.4646,0,0,16.59,1.05,cautious,-0.89,front,LIDAR_ONLY
0,267.7796,cam_2,CAM_ONLY,19.3648,,15.4761,3.8887,,25.1274,,0,,10.23,0.83,warning,,,CAMERA_ONLY
0,267.8441,cam_2,CAM_ONLY,19.3185,,15.4761,3.8424,,24.8280,,0,,20.44,0.98,warning,,,CAMERA_ONLY
0,267.9110,cam_2,CAM_ONLY,19.3416,,15.4761,3.8655,,24.9776,,0,,15.44,0.85,warning,,,CAMERA_ONLY
0,267.9707,cam_2,CAM_ONLY,19.3353,,15.4761,3.8592,,24.9365,,0,,12.17,1.09,warning,,,CAMERA_ONLY
0,268.0285,cam_2,CAM_ONLY,19.2215,,15.4761,3.7454,,24.2014,,0,,10.18,2.12,warning,,,CAMERA_ONLY
0,268.0939,cam_2,CAM_ONLY,19.2861,,15.4761,3.8100,,24.6185,,0,,15.55,1.30,warning,,,CAMERA_ONLY
0,268.0939,t6724,LIDAR_ONLY,10.6758,10.6758,15.4761,4.8002,4.8002,31.0172,31.0172,0,0,15.55,1.30,cautious,28.56,front,LIDAR_ONLY
0,268.0939,t6724,LIDAR_ONLY,11.5287,11.5287,15.4761,3.9473,3.9473,25.5061,25.5061,0,0,15.55,1.30,cautious,20.37,front,LIDAR_ONLY
0,268.0939,t6724,LIDAR_ONLY,12.0675,12.0675,15.4761,3.4086,3.4086,22.0251,22.0251,0,0,15.55,1.30,cautious,24.46,front,LIDAR_ONLY
0,268.1483,cam_2,CAM_ONLY,19.6641,,15.4761,4.1880,,27.0614,,0,,10.91,0.96,warning,,,CAMERA_ONLY
0,268.2095,cam_2,CAM_ONLY,19.6117,,15.4761,4.1356,,26.7225,,0,,12.44,1.04,warning,,,CAMERA_ONLY
0,268.2770,cam_2,CAM_ONLY,19.2649,,15.4761,3.7888,,24.4816,,0,,16.73,1.12,warning,,,CAMERA_ONLY
0,268.3319,t6732,BOTH,19.4333,10.4891,15.4761,3.9572,4.9870,25.5697,32.2241,0,0,12.70,0.81,warning,,,FULL_ANGLE
0,268.3319,t6732,LIDAR_ONLY,10.4558,10.4558,15.4761,5.0203,5.0203,32.4390,32.4390,0,0,12.70,0.81,cautious,6.71,front,LIDAR_ONLY
0,268.3925,cam_2,CAM_ONLY,19.4429,,15.4761,3.9668,,25.6321,,0,,9.81,1.13,warning,,,CAMERA_ONLY
0,268.3925,t6735,LIDAR_ONLY,10.2492,10.2492,15.4761,5.2269,5.2269,33.7738,33.7738,0,0,9.81,1.13,cautious,29.59,front,LIDAR_ONLY
0,268.3925,t6735,LIDAR_ONLY,10.4443,10.4443,15.4761,5.0318,5.0318,32.5135,32.5135,0,0,9.81,1.13,cautious,25.52,front,LIDAR_ONLY
0,268.4555,cam_2,CAM_ONLY,19.2106,,15.4761,3.7345,,24.1309,,0,,13.71,1.24,warning,,,CAMERA_ONLY
0,268.5224,cam_2,CAM_ONLY,19.1899,,15.4761,3.7139,,23.9974,,0,,12.34,1.25,warning,,,CAMERA_ONLY
0,268.5851,t6744,BOTH,19.2237,10.5965,15.4761,3.7476,4.8796,24.2153,31.5299,0,0,17.75,1.00,warning,,,FULL_ANGLE
0,268.5851,t6735,LIDAR_ONLY,10.8428,10.8428,15.4761,4.6333,4.6333,29.9382,29.9382,0,0,17.75,1.00,cautious,23.01,front,LIDAR_ONLY
0,268.5851,t6735,LIDAR_ONLY,11.0878,11.0878,15.4761,4.3883,4.3883,28.3552,28.3552,0,0,17.75,1.00,cautious,27.05,front,LIDAR_ONLY
0,268.6493,cam_2,CAM_ONLY,19.1815,,15.4761,3.7054,,23.9428,,0,,13.64,1.07,warning,,,CAMERA_ONLY
0,268.7071,cam_2,CAM_ONLY,19.6688,,15.4761,4.1927,,27.0915,,0,,10.05,1.24,warning,,,CAMERA_ONLY
0,268.7612,cam_2,CAM_ONLY,19.3129,,15.4761,3.8369,,24.7922,,0,,10.34,1.00,warning,,,CAMERA_ONLY
0,268.8282,cam_2,CAM_ONLY,19.3976,,15.4761,3.9215,,25.3389,,0,,13.58,0.89,warning,,,CAMERA_ONLY
0,268.8952,cam_2,CAM_ONLY,19.3311,,15.4761,3.8550,,24.9095,,0,,17.09,1.07,warning,,,CAMERA_ONLY
0,268.9727,cam_2,CAM_ONLY,19.3212,,15.4761,3.8452,,24.8458,,0,,16.47,0.90,warning,,,CAMERA_ONLY
0,269.0315,t6753,BOTH,19.3367,10.5911,15.4761,3.8606,4.8850,24.9459,31.5646,0,0,10.41,0.85,warning,,,FULL_ANGLE
0,269.0315,t6753,LIDAR_ONLY,10.5913,10.5913,15.4761,4.8848,4.8848,31.5633,31.5633,0,0,10.41,0.85,cautious,-4.57,front,LIDAR_ONLY
0,269.0315,t6753,LIDAR_ONLY,10.5562,10.5562,15.4761,4.9199,4.9199,31.7905,31.7905,0,0,10.41,0.85,cautious,3.96,front,LIDAR_ONLY
0,269.0993,cam_2,CAM_ONLY,19.2648,,15.4761,3.7887,,24.4813,,0,,17.41,1.26,warning,,,CAMERA_ONLY
0,269.1598,cam_2,CAM_ONLY,19.2794,,15.4761,3.8033,,24.5755,,0,,15.40,1.26,warning,,,CAMERA_ONLY
0,269.2165,cam_2,CAM_ONLY,19.6728,,15.4761,4.1967,,27.1175,,0,,12.68,0.94,warning,,,CAMERA_ONLY
0,269.2936,cam_2,CAM_ONLY,19.6065,,15.4761,4.1304,,26.6890,,0,,20.86,1.17,warning,,,CAMERA_ONLY
0,269.3612,cam_2,CAM_ONLY,19.1505,,15.4761,3.6744,,23.7423,,0,,15.71,1.04,warning,,,CAMERA_ONLY
0,269.4349,t6764,BOTH,19.2700,10.4038,15.4761,3.7939,5.0723,24.5144,32.7752,0,0,23.71,0.97,warning,,,FULL_ANGLE
0,269.4349,t6763,LIDAR_ONLY,13.6038,13.6038,15.4761,1.8723,1.8723,12.0981,12.0981,0,0,23.71,0.97,cautious,23.41,front,LIDAR_ONLY
0,269.4349,t6763,LIDAR_ONLY,12.2580,12.2580,15.4761,3.2180,3.2180,20.7937,20.7937,0,0,23.71,0.97,cautious,27.52,front,LIDAR_ONLY
0,269.4349,t6763,LIDAR_ONLY,12.7062,12.7062,15.4761,2.7699,2.7699,17.8978,17.8978,0,0,23.71,0.97,cautious,19.30,front,LIDAR_ONLY
0,269.4349,t6764,LIDAR_ONLY,10.4140,10.4140,15.4761,5.0621,5.0621,32.7094,32.7094,0,0,23.71,0.97,cautious,-1.26,front,LIDAR_ONLY
0,269.4856,t6764,BOTH,19.2539,10.4328,15.4761,3.7778,5.0433,24.4106,32.5874,0,0,10.67,0.89,warning,,,FULL_ANGLE
0,269.4856,t6763,LIDAR_ONLY,13.3991,13.3991,15.4761,2.0770,2.0770,13.4208,13.4208,0,0,10.67,0.89,cautious,17.38,front,LIDAR_ONLY
0,269.4856,t6764,LIDAR_ONLY,10.4379,10.4379,15.4761,5.0382,5.0382,32.5546,32.5546,0,0,10.67,0.89,cautious,5.22,front,LIDAR_ONLY
0,269.4856,t6764,LIDAR_ONLY,10.4537,10.4537,15.4761,5.0224,5.0224,32.4524,32.4524,0,0,10.67,0.89,cautious,-2.88,front,LIDAR_ONLY
0,269.5452,cam_2,CAM_ONLY,19.3418,,15.4761,3.8657,,24.9787,,0,,12.85,1.07,warning,,,CAMERA_ONLY
0,269.6107,cam_2,CAM_ONLY,19.3189,,15.4761,3.8428,,24.8304,,0,,13.15,0.93,warning,,,CAMERA_ONLY
0,269.6683,cam_2,CAM_ONLY,19.2374,,15.4761,3.7614,,24.3043,,0,,10.34,1.02,warning,,,CAMERA_ONLY
0,269.7288,cam_2,CAM_ONLY,19.6311,,15.4761,4.1550,,26.8478,,0,,16.41,0.76,warning,,,CAMERA_ONLY
0,269.7911,cam_2,CAM_ONLY,19.1896,,15.4761,3.7135,,23.9949,,0,,13.29,1.13,warning,,,CAMERA_ONLY
0,269.7911,t6773,LIDAR_ONLY,13.0787,13.0787,15.4761,2.3974,2.3974,15.4911,15.4911,0,0,13.29,1.13,cautious,24.15,front,LIDAR_ONLY
0,269.7911,t6773,LIDAR_ONLY,11.9336,11.9336,15.4761,3.5425,3.5425,22.8902,22.8902,0,0,13.29,1.13,cautious,28.27,front,LIDAR_ONLY
0,269.7911,t6773,LIDAR_ONLY,12.3180,12.3180,15.4761,3.1581,3.1581,20.4060,20.4060,0,0,13.29,1.13,cautious,20.04,front,LIDAR_ONLY
0,269.8542,cam_2,CAM_ONLY,19.2721,,15.4761,3.7960,,24.5280,,0,,12.61,1.22,warning,,,CAMERA_ONLY
0,269.9106,cam_2,CAM_ONLY,19.7848,,15.4761,4.3087,,27.8408,,0,,10.12,1.32,warning,,,CAMERA_ONLY
0,269.9674,cam_2,CAM_ONLY,19.3911,,15.4761,3.9150,,25.2970,,0,,12.12,1.05,warning,,,CAMERA_ONLY
0,270.0272,cam_2,CAM_ONLY,19.9023,,15.4761,4.4262,,28.6002,,0,,11.59,0.87,warning,,,CAMERA_ONLY
0,270.0824,cam_2,CAM_ONLY,19.2787,,15.4761,3.8026,,24.5711,,0,,10.07,0.89,warning,,,CAMERA_ONLY
0,270.1507,cam_2,CAM_ONLY,19.6939,,15.4761,4.2178,,27.2539,,0,,13.28,2.19,warning,,,CAMERA_ONLY
0,270.2469,cam_2,CAM_ONLY,19.3341,,15.4761,3.8580,,24.9291,,0,,14.75,1.15,warning,,,CAMERA_ONLY
0,270.2469,t6787,LIDAR_ONLY,13.6591,13.6591,15.4761,1.8170,1.8170,11.7404,11.7404,0,0,14.75,1.15,cautious,23.34,front,LIDAR_ONLY
0,270.2469,t6787,LIDAR_ONLY,12.3282,12.3282,15.4761,3.1479,3.1479,20.3405,20.3405,0,0,14.75,1.15,cautious,27.35,front,LIDAR_ONLY
0,270.3097,cam_2,CAM_ONLY,19.2542,,15.4761,3.7781,,24.4128,,0,,20.89,1.04,warning,,,CAMERA_ONLY
0,270.3721,cam_2,CAM_ONLY,19.2408,,15.4761,3.7647,,24.3259,,0,,13.58,1.07,warning,,,CAMERA_ONLY
0,270.4314,cam_2,CAM_ONLY,19.1110,,15.4761,3.6349,,23.4873,,0,,12.03,1.19,warning,,,CAMERA_ONLY
0,270.4978,cam_2,CAM_ONLY,19.2295,,15.4761,3.7534,,24.2530,,0,,18.28,1.21,warning,,,CAMERA_ONLY
0,270.5596,cam_2,CAM_ONLY,19.2709,,15.4761,3.7948,,24.5203,,0,,15.08,0.90,warning,,,CAMERA_ONLY
0,270.6227,cam_2,CAM_ONLY,19.2113,,15.4761,3.7352,,24.1356,,0,,13.92,0.91,warning,,,CAMERA_ONLY
0,270.6959,cam_2,CAM_ONLY,19.3170,,15.4761,3.8409,,24.8180,,0,,21.09,1.97,warning,,,CAMERA_ONLY
0,270.7667,cam_2,CAM_ONLY,19.2595,,15.4761,3.7834,,24.4468,,0,,16.05,0.82,warning,,,CAMERA_ONLY
0,270.8376,t6799,BOTH,19.3756,10.7248,15.4761,3.8995,4.7513,25.1972,30.7006,0,0,18.67,1.19,warning,,,FULL_ANGLE
0,270.8376,t6798,LIDAR_ONLY,11.3742,11.3742,15.4761,4.1018,4.1018,26.5044,26.5044,0,0,18.67,1.19,cautious,27.07,front,LIDAR_ONLY
0,270.8376,t6798,LIDAR_ONLY,11.6869,11.6869,15.4761,3.7892,3.7892,24.4840,24.4840,0,0,18.67,1.19,cautious,23.02,front,LIDAR_ONLY
0,270.8376,t6799,LIDAR_ONLY,10.8258,10.8258,15.4761,4.6503,4.6503,30.0485,30.0485,0,0,18.67,1.19,cautious,6.85,front,LIDAR_ONLY
0,270.8376,t6798,LIDAR_ONLY,12.3512,12.3512,15.4761,3.1248,3.1248,20.1915,20.1915,0,0,18.67,1.19,cautious,18.98,front,LIDAR_ONLY
0,270.9076,cam_2,CAM_ONLY,19.7696,,15.4761,4.2936,,27.7432,,0,,15.29,0.97,warning,,,CAMERA_ONLY
0,270.9687,cam_2,CAM_ONLY,19.3233,,15.4761,3.8472,,24.8592,,0,,11.86,0.79,warning,,,CAMERA_ONLY
0,271.0289,cam_2,CAM_ONLY,19.3504,,15.4761,3.8743,,25.0339,,0,,13.22,0.71,warning,,,CAMERA_ONLY
0,271.1010,cam_2,CAM_ONLY,19.3766,,15.4761,3.9005,,25.2034,,0,,22.12,2.89,warning,,,CAMERA_ONLY
0,271.1674,cam_2,CAM_ONLY,19.3244,,15.4761,3.8483,,24.8663,,0,,13.68,1.04,warning,,,CAMERA_ONLY
0,271.2255,cam_2,CAM_ONLY,19.2770,,15.4761,3.8009,,24.5600,,0,,11.37,1.30,warning,,,CAMERA_ONLY
0,271.2958,cam_2,CAM_ONLY,19.3275,,15.4761,3.8514,,24.8860,,0,,21.15,1.30,warning,,,CAMERA_ONLY
0,271.2958,t6808,LIDAR_ONLY,11.6431,11.6431,15.4761,3.8330,3.8330,24.7672,24.7672,0,0,21.15,1.30,cautious,26.55,front,LIDAR_ONLY
0,271.2958,t6808,LIDAR_ONLY,12.0530,12.0530,15.4761,3.4231,3.4231,22.1187,22.1187,0,0,21.15,1.30,cautious,22.40,front,LIDAR_ONLY
0,271.2958,t6808,LIDAR_ONLY,12.7969,12.7969,15.4761,2.6792,2.6792,17.3121,17.3121,0,0,21.15,1.30,cautious,18.25,front,LIDAR_ONLY
0,271.3849,t6811,BOTH,19.2527,10.4820,15.4761,3.7766,4.9941,24.4031,32.2696,0,0,14.02,1.16,warning,,,FULL_ANGLE
0,271.3849,t6808,LIDAR_ONLY,13.2783,13.2783,15.4761,2.1978,2.1978,14.2011,14.2011,0,0,14.02,1.16,cautious,23.10,front,LIDAR_ONLY
0,271.3849,t6808,LIDAR_ONLY,13.3623,13.3623,15.4761,2.1138,2.1138,13.6584,13.6584,0,0,14.02,1.16,cautious,27.14,front,LIDAR_ONLY
0,271.4463,cam_2,CAM_ONLY,19.2981,,15.4761,3.8220,,24.6964,,0,,13.21,0.97,warning,,,CAMERA_ONLY
0,271.5086,cam_2,CAM_ONLY,19.3041,,15.4761,3.8280,,24.7348,,0,,17.80,1.11,warning,,,CAMERA_ONLY
0,271.5707,cam_2,CAM_ONLY,19.3586,,15.4761,3.8825,,25.0873,,0,,13.17,0.92,warning,,,CAMERA_ONLY
0,271.6482,cam_2,CAM_ONLY,19.3598,,15.4761,3.8837,,25.0947,,0,,19.28,2.26,warning,,,CAMERA_ONLY
0,271.7189,cam_2,CAM_ONLY,19.2723,,15.4761,3.7962,,24.5292,,0,,15.19,0.92,warning,,,CAMERA_ONLY
0,271.7800,cam_2,CAM_ONLY,19.4232,,15.4761,3.9471,,25.5046,,0,,12.45,0.82,warning,,,CAMERA_ONLY
0,271.8414,t6824,BOTH,19.1809,10.4053,15.4761,3.7048,5.0708,23.9389,32.7651,0,0,14.62,1.33,warning,,,FULL_ANGLE
0,271.8414,t6822,LIDAR_ONLY,13.6375,13.6375,15.4761,1.8386,1.8386,11.8801,11.8801,0,0,14.62,1.33,cautious,23.36,front,LIDAR_ONLY
0,271.8414,t6822,LIDAR_ONLY,14.2919,14.2919,15.4761,1.1842,1.1842,7.6520,7.6520,0,0,14.62,1.33,cautious,19.24,front,LIDAR_ONLY
0,271.8414,t6822,LIDAR_ONLY,13.8048,13.8048,15.4761,1.6713,1.6713,10.7993,10.7993,0,0,14.62,1.33,cautious,27.49,front,LIDAR_ONLY
0,271.8414,t6824,LIDAR_ONLY,10.4295,10.4295,15.4761,5.0465,5.0465,32.6087,32.6087,0,0,14.62,1.33,cautious,-1.39,front,LIDAR_ONLY
0,271.8993,cam_2,CAM_ONLY,19.1923,,15.4761,3.7162,,24.0124,,0,,12.90,1.36,warning,,,CAMERA_ONLY
0,271.9704,cam_2,CAM_ONLY,19.1992,,15.4761,3.7231,,24.0570,,0,,18.89,2.17,warning,,,CAMERA_ONLY
0,272.0433,cam_2,CAM_ONLY,19.6271,,15.4761,4.1510,,26.8221,,0,,21.33,1.23,warning,,,CAMERA_ONLY
0,272.0433,t6822,LIDAR_ONLY,13.3301,13.3301,15.4761,2.1460,2.1460,13.8666,13.8666,0,0,21.33,1.23,cautious,27.54,front,LIDAR_ONLY
0,272.1092,cam_2,CAM_ONLY,19.2168,,15.4761,3.7407,,24.1711,,0,,16.96,0.92,warning,,,CAMERA_ONLY
0,272.1721,cam_2,CAM_ONLY,19.6401,,15.4761,4.1640,,26.9060,,0,,11.13,1.03,warning,,,CAMERA_ONLY
0,272.2410,t6835,BOTH,19.3081,10.4479,15.4761,3.8320,5.0282,24.7608,32.4899,0,0,20.02,1.35,warning,,,FULL_ANGLE
0,272.2410,t6822,LIDAR_ONLY,13.1810,13.1810,15.4761,2.2951,2.2951,14.8301,14.8301,0,0,20.02,1.35,cautious,24.64,front,LIDAR_ONLY
0,272.2410,t6822,LIDAR_ONLY,12.6552,12.6552,15.4761,2.8209,2.8209,18.2277,18.2277,0,0,20.02,1.35,cautious,28.65,front,LIDAR_ONLY
0,272.2410,t6834,LIDAR_ONLY,23.2801,23.2801,15.4761,7.8041,7.8041,50.4265,50.4265,0,0,20.02,1.35,drive,16.60,front,LIDAR_ONLY
0,272.2410,t6834,LIDAR_ONLY,18.7916,18.7916,15.4761,3.3155,3.3155,21.4236,21.4236,0,0,20.02,1.35,drive,20.62,front,LIDAR_ONLY
0,272.2410,t6835,LIDAR_ONLY,10.4659,10.4659,15.4761,5.0102,5.0102,32.3740,32.3740,0,0,20.02,1.35,cautious,4.55,front,LIDAR_ONLY
0,272.3003,cam_2,CAM_ONLY,19.2586,,15.4761,3.7825,,24.4409,,0,,14.15,1.33,warning,,,CAMERA_ONLY
0,272.3611,cam_2,CAM_ONLY,19.8283,,15.4761,4.3522,,28.1221,,0,,12.90,0.90,warning,,,CAMERA_ONLY
0,272.4220,cam_2,CAM_ONLY,19.2919,,15.4761,3.8158,,24.6558,,0,,12.52,0.99,warning,,,CAMERA_ONLY
0,272.4772,t6843,BOTH,19.2005,10.4771,15.4761,3.7244,4.9989,24.0658,32.3011,0,0,8.94,1.00,warning,,,FULL_ANGLE
0,272.4772,t6842,LIDAR_ONLY,18.6306,18.6306,15.4761,3.1546,3.1546,20.3834,20.3834,0,0,8.94,1.00,drive,18.86,front,LIDAR_ONLY
0,272.4772,t6843,LIDAR_ONLY,10.4926,10.4926,15.4761,4.9835,4.9835,32.2014,32.2014,0,0,8.94,1.00,cautious,-1.54,front,LIDAR_ONLY
0,272.4772,t6843,LIDAR_ONLY,10.4584,10.4584,15.4761,5.0177,5.0177,32.4223,32.4223,0,0,8.94,1.00,cautious,6.62,front,LIDAR_ONLY
0,272.5361,t6843,BOTH,19.2161,10.4561,15.4761,3.7401,5.0200,24.1666,32.4372,0,0,11.66,0.99,warning,,,FULL_ANGLE
0,272.5361,t6842,LIDAR_ONLY,14.7043,14.7043,15.4761,0.7718,0.7718,4.9870,4.9870,1,1,11.66,0.99,cautious,24.62,front,LIDAR_ONLY
0,272.5361,t6842,LIDAR_ONLY,15.3821,15.3821,15.4761,0.0940,0.0940,0.6075,0.6075,1,1,11.66,0.99,cautious,16.40,front,LIDAR_ONLY
0,272.5361,t6842,LIDAR_ONLY,15.7937,15.7937,15.4761,0.3176,0.3176,2.0520,2.0520,1,1,11.66,0.99,cautious,20.51,front,LIDAR_ONLY
0,272.5361,t6843,LIDAR_ONLY,10.4575,10.4575,15.4761,5.0186,5.0186,32.4279,32.4279,0,0,11.66,0.99,cautious,4.06,front,LIDAR_ONLY
0,272.5923,cam_2,CAM_ONLY,19.2278,,15.4761,3.7517,,24.2421,,0,,11.05,0.97,warning,,,CAMERA_ONLY
0,272.6511,cam_2,CAM_ONLY,19.3009,,15.4761,3.8248,,24.7145,,0,,12.44,1.14,warning,,,CAMERA_ONLY
0,272.7103,cam_2,CAM_ONLY,19.2993,,15.4761,3.8232,,24.7040,,0,,10.95,0.90,warning,,,CAMERA_ONLY
0,272.7715,cam_2,CAM_ONLY,19.3285,,15.4761,3.8524,,24.8925,,0,,13.27,0.95,warning,,,CAMERA_ONLY
0,272.8311,t6850,BOTH,19.1562,10.6483,15.4761,3.6801,4.8278,23.7793,31.1949,0,0,15.05,0.85,warning,,,FULL_ANGLE
0,272.8311,t6850,LIDAR_ONLY,10.6964,10.6964,15.4761,4.7797,4.7797,30.8846,30.8846,0,0,15.05,0.85,cautious,-4.03,front,LIDAR_ONLY
0,272.8960,cam_2,CAM_ONLY,19.2485,,15.4761,3.7724,,24.3757,,0,,12.14,1.46,warning,,,CAMERA_ONLY
0,272.9541,cam_2,CAM_ONLY,19.6434,,15.4761,4.1673,,26.9273,,0,,11.90,1.19,warning,,,CAMERA_ONLY
0,273.0148,cam_2,CAM_ONLY,19.6258,,15.4761,4.1497,,26.8137,,0,,14.15,0.91,warning,,,CAMERA_ONLY
0,273.0732,cam_2,CAM_ONLY,19.2465,,15.4761,3.7704,,24.3626,,0,,12.18,0.89,warning,,,CAMERA_ONLY
0,273.1359,t6861,BOTH,19.3446,10.5647,15.4761,3.8685,4.9114,24.9969,31.7354,0,0,14.65,1.05,warning,,,FULL_ANGLE
0,273.1359,t6860,LIDAR_ONLY,14.8436,14.8436,15.4761,0.6325,0.6325,4.0870,4.0870,1,1,14.65,1.05,cautious,21.87,front,LIDAR_ONLY
0,273.1359,t6860,LIDAR_ONLY,15.7411,15.7411,15.4761,0.2650,0.2650,1.7126,1.7126,1,1,14.65,1.05,cautious,17.66,front,LIDAR_ONLY
0,273.1359,t6860,LIDAR_ONLY,15.2648,15.2648,15.4761,0.2112,0.2112,1.3650,1.3650,1,1,14.65,1.05,cautious,26.09,front,LIDAR_ONLY
0,273.1359,t6861,LIDAR_ONLY,10.6477,10.6477,15.4761,4.8284,4.8284,31.1993,31.1993,0,0,14.65,1.05,cautious,-3.42,front,LIDAR_ONLY
0,273.1359,t6861,LIDAR_ONLY,10.5101,10.5101,15.4761,4.9660,4.9660,32.0881,32.0881,0,0,14.65,1.05,cautious,5.01,front,LIDAR_ONLY
0,273.2022,cam_2,CAM_ONLY,19.2912,,15.4761,3.8151,,24.6517,,0,,17.58,1.20,warning,,,CAMERA_ONLY
0,273.2616,cam_2,CAM_ONLY,19.4106,,15.4761,3.9346,,25.4235,,0,,12.00,0.86,warning,,,CAMERA_ONLY
0,273.3291,cam_2,CAM_ONLY,19.4200,,15.4761,3.9440,,25.4842,,0,,17.96,1.20,warning,,,CAMERA_ONLY
0,273.4009,cam_2,CAM_ONLY,19.3314,,15.4761,3.8553,,24.9114,,0,,14.99,1.17,warning,,,CAMERA_ONLY
0,273.4592,cam_2,CAM_ONLY,19.2351,,15.4761,3.7590,,24.2889,,0,,9.91,1.32,warning,,,CAMERA_ONLY
0,273.5238,cam_2,CAM_ONLY,19.2562,,15.4761,3.7801,,24.4252,,0,,17.48,0.93,warning,,,CAMERA_ONLY
0,273.5800,cam_2,CAM_ONLY,19.7186,,15.4761,4.2425,,27.4135,,0,,10.93,0.71,warning,,,CAMERA_ONLY
0,273.6383,t6872,BOTH,19.3183,10.4499,15.4761,3.8423,5.0262,24.8270,32.4771,0,0,10.63,1.14,warning,,,FULL_ANGLE
0,273.6383,t6871,LIDAR_ONLY,22.4185,22.4185,15.4761,6.9424,6.9424,44.8589,44.8589,0,0,10.63,1.14,drive,16.95,front,LIDAR_ONLY
0,273.6383,t6871,LIDAR_ONLY,19.4553,19.4553,15.4761,3.9792,3.9792,25.7117,25.7117,0,0,10.63,1.14,drive,21.13,front,LIDAR_ONLY
0,273.6383,t6871,LIDAR_ONLY,15.5746,15.5746,15.4761,0.0985,0.0985,0.6363,0.6363,1,1,10.63,1.14,drive,29.51,front,LIDAR_ONLY
0,273.6383,t6871,LIDAR_ONLY,14.7590,14.7590,15.4761,0.7171,0.7171,4.6333,4.6333,1,1,10.63,1.14,cautious,25.32,front,LIDAR_ONLY
0,273.6383,t6872,LIDAR_ONLY,10.4569,10.4569,15.4761,5.0192,5.0192,32.4318,32.4318,0,0,10.63,1.14,cautious,4.38,front,LIDAR_ONLY
0,273.6927,cam_2,CAM_ONLY,19.3310,,15.4761,3.8549,,24.9085,,0,,11.28,1.06,warning,,,CAMERA_ONLY
0,273.7544,cam_2,CAM_ONLY,19.3491,,15.4761,3.8730,,25.0258,,0,,13.07,1.16,warning,,,CAMERA_ONLY
0,273.8158,cam_2,CAM_ONLY,19.1703,,15.4761,3.6943,,23.8707,,0,,13.39,0.96,warning,,,CAMERA_ONLY
0,273.8825,cam_2,CAM_ONLY,19.1882,,15.4761,3.7121,,23.9859,,0,,17.47,1.50,warning,,,CAMERA_ONLY
0,273.9448,cam_2,CAM_ONLY,19.5939,,15.4761,4.1178,,26.6073,,0,,13.77,1.23,warning,,,CAMERA_ONLY
0,273.9448,t6882,LIDAR_ONLY,13.0314,13.0314,15.4761,2.4446,2.4446,15.7963,15.7963,0,0,13.77,1.23,cautious,24.22,front,LIDAR_ONLY
0,273.9448,t6882,LIDAR_ONLY,11.9869,11.9869,15.4761,3.4891,3.4891,22.5454,22.5454,0,0,13.77,1.23,cautious,28.39,front,LIDAR_ONLY
0,273.9998,cam_2,CAM_ONLY,19.2647,,15.4761,3.7886,,24.4806,,0,,10.64,1.01,warning,,,CAMERA_ONLY
0,274.0679,cam_2,CAM_ONLY,19.2327,,15.4761,3.7566,,24.2736,,0,,10.91,1.05,warning,,,CAMERA_ONLY
0,274.1336,t6886,BOTH,19.3492,10.5414,15.4761,3.8731,4.9347,25.0264,31.8859,0,0,22.13,0.94,warning,,,FULL_ANGLE
0,274.1336,t6882,LIDAR_ONLY,12.4076,12.4076,15.4761,3.0685,3.0685,19.8274,19.8274,0,0,22.13,0.94,cautious,21.04,front,LIDAR_ONLY
0,274.1336,t6886,LIDAR_ONLY,10.5344,10.5344,15.4761,4.9417,4.9417,31.9314,31.9314,0,0,22.13,0.94,cautious,-3.11,front,LIDAR_ONLY
0,274.1336,t6886,LIDAR_ONLY,10.5033,10.5033,15.4761,4.9728,4.9728,32.1319,32.1319,0,0,22.13,0.94,cautious,4.94,front,LIDAR_ONLY
0,274.1902,cam_2,CAM_ONLY,19.3664,,15.4761,3.8903,,25.1373,,0,,9.04,1.23,warning,,,CAMERA_ONLY
0,274.1902,t6882,LIDAR_ONLY,12.5783,12.5783,15.4761,2.8978,2.8978,18.7242,18.7242,0,0,9.04,1.23,cautious,26.81,front,LIDAR_ONLY
0,274.2639,cam_2,CAM_ONLY,19.2208,,15.4761,3.7447,,24.1969,,0,,19.35,2.42,warning,,,CAMERA_ONLY
0,274.3226,cam_2,CAM_ONLY,19.5985,,15.4761,4.1224,,26.6370,,0,,15.43,2.05,warning,,,CAMERA_ONLY
0,274.3744,cam_2,CAM_ONLY,19.1275,,15.4761,3.6514,,23.5936,,0,,10.52,1.11,warning,,,CAMERA_ONLY
0,274.4460,cam_2,CAM_ONLY,19.2050,,15.4761,3.7289,,24.0947,,0,,16.85,1.24,warning,,,CAMERA_ONLY
0,274.5099,cam_2,CAM_ONLY,19.3163,,15.4761,3.8402,,24.8136,,0,,17.28,2.64,warning,,,CAMERA_ONLY
0,274.5774,cam_2,CAM_ONLY,19.2335,,15.4761,3.7574,,24.2786,,0,,11.16,0.81,warning,,,CAMERA_ONLY
0,274.6378,t6906,BOTH,19.2179,10.5518,15.4761,3.7418,4.9243,24.1780,31.8186,0,0,13.26,1.13,warning,,,FULL_ANGLE
0,274.6378,t6905,LIDAR_ONLY,14.3928,14.3928,15.4761,1.0832,1.0832,6.9995,6.9995,0,0,13.26,1.13,cautious,22.40,front,LIDAR_ONLY
0,274.6378,t6905,LIDAR_ONLY,13.1140,13.1140,15.4761,2.3621,2.3621,15.2631,15.2631,0,0,13.26,1.13,cautious,26.63,front,LIDAR_ONLY
0,274.6378,t6905,LIDAR_ONLY,13.6469,13.6469,15.4761,1.8292,1.8292,11.8197,11.8197,0,0,13.26,1.13,cautious,18.17,front,LIDAR_ONLY
0,274.6378,t6906,LIDAR_ONLY,10.6561,10.6561,15.4761,4.8200,4.8200,31.1446,31.1446,0,0,13.26,1.13,cautious,-3.00,front,LIDAR_ONLY
0,274.7018,cam_2,CAM_ONLY,19.2733,,15.4761,3.7972,,24.5360,,0,,14.61,1.16,warning,,,CAMERA_ONLY
0,274.7667,cam_2,CAM_ONLY,19.2812,,15.4761,3.8051,,24.5868,,0,,17.37,1.08,warning,,,CAMERA_ONLY
0,274.8368,t6906,BOTH,19.3847,10.5608,15.4761,3.9086,4.9153,25.2558,31.7606,0,0,11.35,0.96,warning,,,FULL_ANGLE
0,274.8368,t6905,LIDAR_ONLY,13.9617,13.9617,15.4761,1.5144,1.5144,9.7857,9.7857,0,0,11.35,0.96,cautious,22.62,front,LIDAR_ONLY
0,274.8368,t6905,LIDAR_ONLY,14.3545,14.3545,15.4761,1.1216,1.1216,7.2473,7.2473,0,0,11.35,0.96,cautious,18.45,front,LIDAR_ONLY
0,274.8368,t6906,LIDAR_ONLY,10.5509,10.5509,15.4761,4.9252,4.9252,31.8243,31.8243,0,0,11.35,0.96,cautious,5.93,front,LIDAR_ONLY
0,274.8368,t6905,LIDAR_ONLY,14.4505,14.4505,15.4761,1.0256,1.0256,6.6272,6.6272,0,0,11.35,0.96,cautious,26.80,front,LIDAR_ONLY
0,274.8950,cam_2,CAM_ONLY,19.2066,,15.4761,3.7305,,24.1048,,0,,12.86,1.10,warning,,,CAMERA_ONLY
0,274.9612,cam_2,CAM_ONLY,19.3020,,15.4761,3.8259,,24.7213,,0,,18.26,1.22,warning,,,CAMERA_ONLY
0,275.0281,cam_2,CAM_ONLY,19.7355,,15.4761,4.2594,,27.5227,,0,,18.44,1.87,warning,,,CAMERA_ONLY
0,275.0825,t6914,BOTH,19.2323,10.4856,15.4761,3.7562,4.9905,24.2712,32.2467,0,0,12.57,1.20,warning,,,FULL_ANGLE
0,275.0825,t6913,LIDAR_ONLY,17.4155,17.4155,15.4761,1.9395,1.9395,12.5320,12.5320,0,0,12.57,1.20,drive,19.64,front,LIDAR_ONLY
0,275.0825,t6914,LIDAR_ONLY,10.4791,10.4791,15.4761,4.9970,4.9970,32.2887,32.2887,0,0,12.57,1.20,cautious,-1.03,front,LIDAR_ONLY
0,275.1424,cam_2,CAM_ONLY,19.6271,,15.4761,4.1510,,26.8222,,0,,9.44,1.07,warning,,,CAMERA_ONLY
0,275.1424,t6913,LIDAR_ONLY,13.6996,13.6996,15.4761,1.7765,1.7765,11.4789,11.4789,0,0,9.44,1.07,cautious,27.89,front,LIDAR_ONLY
0,275.2032,cam_2,CAM_ONLY,19.3540,,15.4761,3.8779,,25.0576,,0,,12.64,1.13,warning,,,CAMERA_ONLY
0,275.2610,cam_2,CAM_ONLY,19.3436,,15.4761,3.8675,,24.9903,,0,,15.68,1.08,warning,,,CAMERA_ONLY
0,275.3219,cam_2,CAM_ONLY,19.1974,,15.4761,3.7213,,24.0454,,0,,12.33,1.04,warning,,,CAMERA_ONLY
0,275.3782,cam_2,CAM_ONLY,19.2666,,15.4761,3.7905,,24.4925,,0,,13.24,0.83,warning,,,CAMERA_ONLY
0,275.4302,cam_2,CAM_ONLY,19.3974,,15.4761,3.9213,,25.3380,,0,,9.42,0.94,warning,,,CAMERA_ONLY
0,275.4899,cam_2,CAM_ONLY,19.3972,,15.4761,3.9211,,25.3363,,0,,13.10,1.18,warning,,,CAMERA_ONLY
0,275.4899,t6927,LIDAR_ONLY,13.0027,13.0027,15.4761,2.4734,2.4734,15.9822,15.9822,0,0,13.10,1.18,cautious,24.27,front,LIDAR_ONLY
0,275.4899,t6927,LIDAR_ONLY,11.5307,11.5307,15.4761,3.9454,3.9454,25.4933,25.4933,0,0,13.10,1.18,cautious,28.27,front,LIDAR_ONLY
0,275.5503,cam_2,CAM_ONLY,19.3586,,15.4761,3.8825,,25.0869,,0,,15.07,1.12,warning,,,CAMERA_ONLY
0,275.6045,cam_2,CAM_ONLY,19.2551,,15.4761,3.7790,,24.4182,,0,,12.09,1.03,warning,,,CAMERA_ONLY
0,275.6614,cam_2,CAM_ONLY,19.2270,,15.4761,3.7509,,24.2370,,0,,13.22,1.06,warning,,,CAMERA_ONLY
0,275.7239,cam_2,CAM_ONLY,19.7031,,15.4761,4.2270,,27.3132,,0,,14.00,1.18,warning,,,CAMERA_ONLY
0,275.7853,t6940,BOTH,19.2434,10.4176,15.4761,3.7673,5.0585,24.3426,32.6856,0,0,17.21,1.27,warning,,,FULL_ANGLE
0,275.7853,t6939,LIDAR_ONLY,11.8999,11.8999,15.4761,3.5762,3.5762,23.1078,23.1078,0,0,17.21,1.27,cautious,26.07,front,LIDAR_ONLY
0,275.7853,t6940,LIDAR_ONLY,10.3946,10.3946,15.4761,5.0815,5.0815,32.8347,32.8347,0,0,17.21,1.27,cautious,5.93,front,LIDAR_ONLY
0,275.7853,t6939,LIDAR_ONLY,12.3165,12.3165,15.4761,3.1596,3.1596,20.4158,20.4158,0,0,17.21,1.27,cautious,22.05,front,LIDAR_ONLY
0,275.8374,t6940,BOTH,19.3514,10.4350,15.4761,3.8753,5.0411,25.0408,32.5735,0,0,9.56,1.00,warning,,,FULL_ANGLE
0,275.8374,t6939,LIDAR_ONLY,12.7975,12.7975,15.4761,2.6785,2.6785,17.3077,17.3077,0,0,9.56,1.00,cautious,21.49,front,LIDAR_ONLY
0,275.8374,t6939,LIDAR_ONLY,12.9576,12.9576,15.4761,2.5185,2.5185,16.2732,16.2732,0,0,9.56,1.00,cautious,25.61,front,LIDAR_ONLY
0,275.8374,t6939,LIDAR_ONLY,13.5065,13.5065,15.4761,1.9696,1.9696,12.7268,12.7268,0,0,9.56,1.00,cautious,17.37,front,LIDAR_ONLY
0,275.8374,t6941,LIDAR_ONLY,10.1919,10.1919,15.4761,5.2842,5.2842,34.1445,34.1445,0,0,9.56,1.00,cautious,29.73,front,LIDAR_ONLY
0,275.8374,t6940,LIDAR_ONLY,10.4019,10.4019,15.4761,5.0742,5.0742,32.7874,32.7874,0,0,9.56,1.00,cautious,5.01,front,LIDAR_ONLY
0,275.8374,t6940,LIDAR_ONLY,10.4189,10.4189,15.4761,5.0571,5.0571,32.6772,32.6772,0,0,9.56,1.00,cautious,-3.23,front,LIDAR_ONLY
0,275.8955,cam_2,CAM_ONLY,19.2609,,15.4761,3.7848,,24.4556,,0,,12.70,0.99,warning,,,CAMERA_ONLY
0,275.9598,cam_2,CAM_ONLY,19.2977,,15.4761,3.8216,,24.6933,,0,,14.70,0.89,warning,,,CAMERA_ONLY
0,276.0234,cam_2,CAM_ONLY,19.1826,,15.4761,3.7065,,23.9501,,0,,12.38,1.12,warning,,,CAMERA_ONLY
0,276.0872,t6947,BOTH,19.2132,10.4640,15.4761,3.7371,5.0121,24.1475,32.3863,0,0,19.89,1.71,warning,,,FULL_ANGLE
0,276.0872,t6946,LIDAR_ONLY,17.4857,17.4857,15.4761,2.0096,2.0096,12.9854,12.9854,0,0,19.89,1.71,drive,19.60,front,LIDAR_ONLY
0,276.0872,t6946,LIDAR_ONLY,14.8396,14.8396,15.4761,0.6365,0.6365,4.1129,4.1129,1,1,19.89,1.71,cautious,23.77,front,LIDAR_ONLY
0,276.0872,t6947,LIDAR_ONLY,10.4858,10.4858,15.4761,4.9903,4.9903,32.2450,32.2450,0,0,19.89,1.71,cautious,-1.29,front,LIDAR_ONLY
0,276.1456,cam_2,CAM_ONLY,19.3504,,15.4761,3.8743,,25.0342,,0,,12.86,1.26,warning,,,CAMERA_ONLY
0,276.1456,t6946,LIDAR_ONLY,13.9754,13.9754,15.4761,1.5007,1.5007,9.6970,9.6970,0,0,12.86,1.26,cautious,26.58,front,LIDAR_ONLY
0,276.1456,t6946,LIDAR_ONLY,13.9939,13.9939,15.4761,1.4821,1.4821,9.5770,9.5770,0,0,12.86,1.26,cautious,22.55,front,LIDAR_ONLY
0,276.1989,cam_2,CAM_ONLY,19.2924,,15.4761,3.8163,,24.6592,,0,,12.89,1.08,warning,,,CAMERA_ONLY
0,276.2554,cam_2,CAM_ONLY,19.2222,,15.4761,3.7461,,24.2059,,0,,8.82,1.18,warning,,,CAMERA_ONLY
0,276.3201,cam_2,CAM_ONLY,19.2468,,15.4761,3.7707,,24.3650,,0,,14.87,1.20,warning,,,CAMERA_ONLY
0,276.3813,t6957,BOTH,19.2294,10.5015,15.4761,3.7533,4.9746,24.2521,32.1436,0,0,10.93,0.86,warning,,,FULL_ANGLE
0,276.3813,t6957,LIDAR_ONLY,10.5020,10.5020,15.4761,4.9741,4.9741,32.1408,32.1408,0,0,10.93,0.86,cautious,-1.87,front,LIDAR_ONLY
0,276.3813,t6957,LIDAR_ONLY,10.4554,10.4554,15.4761,5.0207,5.0207,32.4415,32.4415,0,0,10.93,0.86,cautious,6.43,front,LIDAR_ONLY
0,276.4443,cam_2,CAM_ONLY,19.6396,,15.4761,4.1635,,26.9027,,0,,13.58,1.11,warning,,,CAMERA_ONLY
0,276.5119,cam_2,CAM_ONLY,19.6276,,15.4761,4.1515,,26.8255,,0,,19.13,1.00,warning,,,CAMERA_ONLY
0,276.5743,cam_2,CAM_ONLY,19.2260,,15.4761,3.7499,,24.2303,,0,,17.73,0.93,warning,,,CAMERA_ONLY
0,276.6334,t6963,BOTH,19.6443,10.4335,15.4761,4.1682,5.0426,26.9334,32.5834,0,0,11.19,0.96,warning,,,FULL_ANGLE
0,276.6334,t6962,LIDAR_ONLY,14.8095,14.8095,15.4761,0.6665,0.6665,4.3070,4.3070,1,1,11.19,0.96,cautious,21.91,front,LIDAR_ONLY
0,276.6334,t6962,LIDAR_ONLY,15.4690,15.4690,15.4761,0.0071,0.0071,0.0459,0.0459,1,1,11.19,0.96,cautious,17.73,front,LIDAR_ONLY
0,276.6334,t6962,LIDAR_ONLY,15.2848,15.2848,15.4761,0.1913,0.1913,1.2363,1.2363,1,1,11.19,0.96,cautious,26.09,front,LIDAR_ONLY
0,276.6334,t6963,LIDAR_ONLY,10.4418,10.4418,15.4761,5.0343,5.0343,32.5297,32.5297,0,0,11.19,0.96,cautious,5.19,front,LIDAR_ONLY
0,276.7045,cam_2,CAM_ONLY,19.2816,,15.4761,3.8055,,24.5898,,0,,20.57,1.00,warning,,,CAMERA_ONLY
0,276.7783,cam_2,CAM_ONLY,19.2897,,15.4761,3.8136,,24.6419,,0,,14.42,0.83,warning,,,CAMERA_ONLY
0,276.8407,cam_2,CAM_ONLY,19.3172,,15.4761,3.8411,,24.8194,,0,,15.38,1.25,warning,,,CAMERA_ONLY
0,276.8407,t6962,LIDAR_ONLY,14.4923,14.4923,15.4761,0.9838,0.9838,6.3571,6.3571,1,1,15.38,1.25,cautious,24.39,front,LIDAR_ONLY
0,276.8407,t6962,LIDAR_ONLY,13.7870,13.7870,15.4761,1.6891,1.6891,10.9143,10.9143,0,0,15.38,1.25,cautious,28.58,front,LIDAR_ONLY
0,276.8407,t6962,LIDAR_ONLY,13.8759,13.8759,15.4761,1.6002,1.6002,10.3399,10.3399,0,0,15.38,1.25,cautious,20.21,front,LIDAR_ONLY
0,276.8968,cam_2,CAM_ONLY,19.3292,,15.4761,3.8531,,24.8972,,0,,12.19,0.95,warning,,,CAMERA_ONLY
0,276.9593,cam_2,CAM_ONLY,19.3329,,15.4761,3.8568,,24.9213,,0,,17.66,1.05,warning,,,CAMERA_ONLY
0,277.0255,cam_2,CAM_ONLY,19.2706,,15.4761,3.7945,,24.5183,,0,,16.28,0.94,warning,,,CAMERA_ONLY
0,277.0900,t6976,BOTH,19.7452,10.4852,15.4761,4.2691,4.9909,27.5852,32.2490,0,0,15.48,1.35,warning,,,FULL_ANGLE
0,277.0900,t6974,LIDAR_ONLY,13.1659,13.1659,15.4761,2.3102,2.3102,14.9276,14.9276,0,0,15.48,1.35,cautious,24.03,front,LIDAR_ONLY
0,277.0900,t6974,LIDAR_ONLY,11.5310,11.5310,15.4761,3.9451,3.9451,25.4913,25.4913,0,0,15.48,1.35,cautious,28.19,front,LIDAR_ONLY
0,277.0900,t6975,LIDAR_ONLY,25.8856,25.8856,15.4761,10.4095,10.4095,67.2617,67.2617,0,0,15.48,1.35,drive,15.70,front,LIDAR_ONLY
0,277.0900,t6975,LIDAR_ONLY,20.9929,20.9929,15.4761,5.5168,5.5168,35.6472,35.6472,0,0,15.48,1.35,drive,19.86,front,LIDAR_ONLY
0,277.0900,t6976,LIDAR_ONLY,10.5663,10.5663,15.4761,4.9098,4.9098,31.7249,31.7249,0,0,15.48,1.35,cautious,-0.94,front,LIDAR_ONLY
0,277.1457,cam_2,CAM_ONLY,19.7189,,15.4761,4.2428,,27.4151,,0,,10.90,1.06,warning,,,CAMERA_ONLY
0,277.2136,cam_2,CAM_ONLY,19.4329,,15.4761,3.9568,,25.5670,,0,,13.23,1.17,warning,,,CAMERA_ONLY
0,277.2805,cam_2,CAM_ONLY,19.4075,,15.4761,3.9314,,25.4032,,0,,20.96,1.31,warning,,,CAMERA_ONLY
0,277.3393,t6986,BOTH,19.3615,10.4791,15.4761,3.8855,4.9970,25.1062,32.2883,0,0,11.69,1.18,warning,,,FULL_ANGLE
0,277.3393,t6984,LIDAR_ONLY,12.4123,12.4123,15.4761,3.0638,3.0638,19.7968,19.7968,0,0,11.69,1.18,cautious,25.19,front,LIDAR_ONLY
0,277.3393,t6984,LIDAR_ONLY,11.2933,11.2933,15.4761,4.1828,4.1828,27.0277,27.0277,0,0,11.69,1.18,cautious,29.35,front,LIDAR_ONLY
0,277.3393,t6985,LIDAR_ONLY,22.5686,22.5686,15.4761,7.0925,7.0925,45.8287,45.8287,0,0,11.69,1.18,drive,16.88,front,LIDAR_ONLY
0,277.3393,t6986,LIDAR_ONLY,10.4670,10.4670,15.4761,5.0091,5.0091,32.3669,32.3669,0,0,11.69,1.18,cautious,4.42,front,LIDAR_ONLY
0,277.3393,t6985,LIDAR_ONLY,19.0844,19.0844,15.4761,3.6083,3.6083,23.3154,23.3154,0,0,11.69,1.18,drive,21.04,front,LIDAR_ONLY
0,277.3976,cam_2,CAM_ONLY,19.3008,,15.4761,3.8247,,24.7135,,0,,15.93,1.08,warning,,,CAMERA_ONLY
0,277.4695,cam_2,CAM_ONLY,19.3120,,15.4761,3.8359,,24.7859,,0,,16.34,0.91,warning,,,CAMERA_ONLY
0,277.5328,t6986,BOTH,19.2380,10.4794,15.4761,3.7619,4.9967,24.3077,32.2865,0,0,13.61,1.24,warning,,,FULL_ANGLE
0,277.5328,t6984,LIDAR_ONLY,11.0043,11.0043,15.4761,4.4718,4.4718,28.8951,28.8951,0,0,13.61,1.24,cautious,29.26,front,LIDAR_ONLY
0,277.5328,t6985,LIDAR_ONLY,19.3890,19.3890,15.4761,3.9129,3.9129,25.2833,25.2833,0,0,13.61,1.24,drive,17.29,front,LIDAR_ONLY
0,277.5328,t6984,LIDAR_ONLY,11.0747,11.0747,15.4761,4.4014,4.4014,28.4397,28.4397,0,0,13.61,1.24,cautious,25.27,front,LIDAR_ONLY
0,277.5328,t6985,LIDAR_ONLY,19.0085,19.0085,15.4761,3.5324,3.5324,22.8248,22.8248,0,0,13.61,1.24,drive,21.28,front,LIDAR_ONLY
0,277.5328,t6986,LIDAR_ONLY,10.4896,10.4896,15.4761,4.9865,4.9865,32.2204,32.2204,0,0,13.61,1.24,cautious,-2.67,front,LIDAR_ONLY
0,277.5925,cam_2,CAM_ONLY,19.2136,,15.4761,3.7375,,24.1501,,0,,14.75,1.00,warning,,,CAMERA_ONLY
0,277.6453,cam_2,CAM_ONLY,19.6123,,15.4761,4.1362,,26.7267,,0,,9.39,0.92,warning,,,CAMERA_ONLY
0,277.7096,cam_2,CAM_ONLY,19.2952,,15.4761,3.8191,,24.6774,,0,,13.83,1.07,warning,,,CAMERA_ONLY
0,277.7649,cam_2,CAM_ONLY,19.3716,,15.4761,3.8955,,25.1711,,0,,12.02,0.83,warning,,,CAMERA_ONLY
0,277.8273,cam_2,CAM_ONLY,19.4137,,15.4761,3.9376,,25.4434,,0,,13.32,0.94,warning,,,CAMERA_ONLY
0,277.8906,cam_2,CAM_ONLY,19.2149,,15.4761,3.7388,,24.1587,,0,,17.69,1.15,warning,,,CAMERA_ONLY
0,277.8906,t6996,LIDAR_ONLY,11.0245,11.0245,15.4761,4.4516,4.4516,28.7641,28.7641,0,0,17.69,1.15,cautious,27.79,front,LIDAR_ONLY
0,277.8906,t6996,LIDAR_ONLY,11.5744,11.5744,15.4761,3.9017,3.9017,25.2113,25.2113,0,0,17.69,1.15,cautious,19.77,front,LIDAR_ONLY
0,277.8906,t6996,LIDAR_ONLY,12.0072,12.0072,15.4761,3.4689,3.4689,22.4145,22.4145,0,0,17.69,1.15,cautious,23.78,front,LIDAR_ONLY
0,277.9525,cam_2,CAM_ONLY,19.7077,,15.4761,4.2316,,27.3430,,0,,16.11,1.04,warning,,,CAMERA_ONLY
0,278.0245,cam_2,CAM_ONLY,19.6977,,15.4761,4.2216,,27.2781,,0,,23.32,1.08,warning,,,CAMERA_ONLY
0,278.0830,t7003,BOTH,19.2024,10.4500,15.4761,3.7263,5.0261,24.0779,32.4764,0,0,14.87,0.85,warning,,,FULL_ANGLE
0,278.0830,t7003,LIDAR_ONLY,10.4872,10.4872,15.4761,4.9889,4.9889,32.2360,32.2360,0,0,14.87,0.85,cautious,-1.34,front,LIDAR_ONLY
0,278.0830,t7003,LIDAR_ONLY,10.4959,10.4959,15.4761,4.9802,4.9802,32.1797,32.1797,0,0,14.87,0.85,cautious,6.89,front,LIDAR_ONLY
0,278.1433,cam_2,CAM_ONLY,19.6175,,15.4761,4.1414,,26.7601,,0,,9.48,1.07,warning,,,CAMERA_ONLY
0,278.1973,cam_2,CAM_ONLY,19.3128,,15.4761,3.8367,,24.7913,,0,,12.18,1.03,warning,,,CAMERA_ONLY
0,278.2506,cam_2,CAM_ONLY,19.2611,,15.4761,3.7851,,24.4574,,0,,12.26,1.13,warning,,,CAMERA_ONLY
0,278.3228,cam_2,CAM_ONLY,19.3211,,15.4761,3.8450,,24.8450,,0,,18.19,1.19,warning,,,CAMERA_ONLY
0,278.3981,cam_2,CAM_ONLY,19.2430,,15.4761,3.7669,,24.3400,,0,,22.55,2.67,warning,,,CAMERA_ONLY
0,278.3981,t7012,LIDAR_ONLY,21.2533,21.2533,15.4761,5.7772,5.7772,37.3299,37.3299,0,0,22.55,2.67,drive,17.46,front,LIDAR_ONLY
0,278.3981,t7012,LIDAR_ONLY,16.0122,16.0122,15.4761,0.5361,0.5361,3.4638,3.4638,1,1,22.55,2.67,drive,25.63,front,LIDAR_ONLY
0,278.3981,t7012,LIDAR_ONLY,13.2931,13.2931,15.4761,2.1830,2.1830,14.1057,14.1057,0,0,22.55,2.67,cautious,29.72,front,LIDAR_ONLY
0,278.4676,cam_2,CAM_ONLY,19.3123,,15.4761,3.8362,,24.7881,,0,,12.17,0.81,warning,,,CAMERA_ONLY
0,278.5357,t7014,BOTH,19.2787,10.5117,15.4761,3.8026,4.9644,24.5708,32.0781,0,0,18.44,1.17,warning,,,FULL_ANGLE
0,278.5357,t7012,LIDAR_ONLY,12.9746,12.9746,15.4761,2.5015,2.5015,16.1637,16.1637,0,0,18.44,1.17,cautious,25.40,front,LIDAR_ONLY
0,278.5357,t7012,LIDAR_ONLY,12.2254,12.2254,15.4761,3.2507,3.2507,21.0048,21.0048,0,0,18.44,1.17,cautious,29.65,front,LIDAR_ONLY
0,278.5357,t7012,LIDAR_ONLY,11.9847,11.9847,15.4761,3.4914,3.4914,22.5599,22.5599,0,0,18.44,1.17,cautious,21.15,front,LIDAR_ONLY
0,278.5357,t7014,LIDAR_ONLY,10.5832,10.5832,15.4761,4.8929,4.8929,31.6158,31.6158,0,0,18.44,1.17,cautious,-4.35,front,LIDAR_ONLY
0,278.5357,t7014,LIDAR_ONLY,10.5074,10.5074,15.4761,4.9686,4.9686,32.1053,32.1053,0,0,18.44,1.17,cautious,4.15,front,LIDAR_ONLY
0,278.5976,cam_2,CAM_ONLY,19.2908,,15.4761,3.8147,,24.6493,,0,,12.50,1.07,warning,,,CAMERA_ONLY
0,278.6570,cam_2,CAM_ONLY,19.2591,,15.4761,3.7830,,24.4444,,0,,12.11,1.21,warning,,,CAMERA_ONLY
0,278.7140,cam_2,CAM_ONLY,19.7212,,15.4761,4.2451,,27.4299,,0,,11.56,0.81,warning,,,CAMERA_ONLY
0,278.7711,cam_2,CAM_ONLY,19.3328,,15.4761,3.8567,,24.9204,,0,,13.77,1.05,warning,,,CAMERA_ONLY
0,278.8323,t7021,BOTH,19.4534,10.5620,15.4761,3.9773,4.9141,25.6998,31.7527,0,0,16.11,0.90,warning,,,FULL_ANGLE
0,278.8323,t7020,LIDAR_ONLY,26.0255,26.0255,15.4761,10.5495,10.5495,68.1661,68.1661,0,0,16.11,0.90,drive,15.66,front,LIDAR_ONLY
0,278.8323,t7021,LIDAR_ONLY,10.5855,10.5855,15.4761,4.8906,4.8906,31.6011,31.6011,0,0,16.11,0.90,cautious,-4.42,front,LIDAR_ONLY
0,278.8323,t7021,LIDAR_ONLY,10.5132,10.5132,15.4761,4.9629,4.9629,32.0683,32.0683,0,0,16.11,0.90,cautious,3.61,front,LIDAR_ONLY
0,278.8935,cam_2,CAM_ONLY,19.2753,,15.4761,3.7992,,24.5489,,0,,12.84,1.21,warning,,,CAMERA_ONLY
0,278.8935,t7026,LIDAR_ONLY,11.7357,11.7357,15.4761,3.7404,3.7404,24.1689,24.1689,0,0,12.84,1.21,cautious,26.37,front,LIDAR_ONLY
0,278.9613,cam_2,CAM_ONLY,19.3145,,15.4761,3.8384,,24.8024,,0,,12.44,0.89,warning,,,CAMERA_ONLY
0,279.0187,cam_2,CAM_ONLY,19.2620,,15.4761,3.7859,,24.4632,,0,,11.47,0.87,warning,,,CAMERA_ONLY
0,279.0834,t7029,BOTH,19.6743,10.4436,15.4761,4.1982,5.0325,27.1271,32.5177,0,0,14.78,0.88,warning,,,FULL_ANGLE
0,279.0834,t7029,LIDAR_ONLY,10.5922,10.5922,15.4761,4.8839,4.8839,31.5577,31.5577,0,0,14.78,0.88,cautious,-1.81,front,LIDAR_ONLY
0,279.0834,t7029,LIDAR_ONLY,10.4568,10.4568,15.4761,5.0192,5.0192,32.4323,32.4323,0,0,14.78,0.88,cautious,6.53,front,LIDAR_ONLY
0,279.1468,cam_2,CAM_ONLY,19.4283,,15.4761,3.9522,,25.5375,,0,,15.11,0.99,warning,,,CAMERA_ONLY
0,279.2110,cam_2,CAM_ONLY,19.4297,,15.4761,3.9536,,25.5463,,0,,13.29,0.97,warning,,,CAMERA_ONLY
0,279.2820,t7029,BOTH,19.3843,10.4631,15.4761,3.9083,5.0130,25.2535,32.3920,0,0,17.80,0.91,warning,,,FULL_ANGLE
0,279.2820,t7029,LIDAR_ONLY,10.4539,10.4539,15.4761,5.0221,5.0221,32.4510,32.4510,0,0,17.80,0.91,cautious,-1.93,front,LIDAR_ONLY
0,279.2820,t7029,LIDAR_ONLY,10.4451,10.4451,15.4761,5.0310,5.0310,32.5079,32.5079,0,0,17.80,0.91,cautious,6.38,front,LIDAR_ONLY
0,279.3427,cam_2,CAM_ONLY,19.2680,,15.4761,3.7919,,24.5016,,0,,11.74,1.20,warning,,,CAMERA_ONLY
0,279.3427,t7035,LIDAR_ONLY,13.7169,13.7169,15.4761,1.7592,1.7592,11.3675,11.3675,0,0,11.74,1.20,cautious,23.26,front,LIDAR_ONLY
0,279.3427,t7035,LIDAR_ONLY,12.5993,12.5993,15.4761,2.8768,2.8768,18.5886,18.5886,0,0,11.74,1.20,cautious,27.38,front,LIDAR_ONLY
0,279.4015,cam_2,CAM_ONLY,19.3648,,15.4761,3.8887,,25.1274,,0,,11.61,1.15,warning,,,CAMERA_ONLY
0,279.4599,cam_2,CAM_ONLY,19.2570,,15.4761,3.7809,,24.4306,,0,,12.28,1.10,warning,,,CAMERA_ONLY
0,279.5217,cam_2,CAM_ONLY,19.2793,,15.4761,3.8033,,24.5750,,0,,13.02,0.97,warning,,,CAMERA_ONLY
0,279.5867,t7041,BOTH,19.7430,10.5396,15.4761,4.2669,4.9365,27.5708,31.8974,0,0,16.98,0.97,warning,,,FULL_ANGLE
0,279.5867,t7040,LIDAR_ONLY,23.6836,23.6836,15.4761,8.2075,8.2075,53.0337,53.0337,0,0,16.98,0.97,drive,16.45,front,LIDAR_ONLY
0,279.5867,t7041,LIDAR_ONLY,10.5413,10.5413,15.4761,4.9348,4.9348,31.8868,31.8868,0,0,16.98,0.97,cautious,-4.02,front,LIDAR_ONLY
0,279.6510,cam_2,CAM_ONLY,19.7189,,15.4761,4.2428,,27.4151,,0,,18.85,1.25,warning,,,CAMERA_ONLY
0,279.7212,cam_2,CAM_ONLY,19.7332,,15.4761,4.2571,,27.5074,,0,,22.12,0.90,warning,,,CAMERA_ONLY
0,279.7743,cam_2,CAM_ONLY,19.8314,,15.4761,4.3553,,28.1420,,0,,11.68,1.09,warning,,,CAMERA_ONLY
0,279.8407,t7050,BOTH,19.7913,10.6023,15.4761,4.3152,4.8737,27.8830,31.4921,0,0,12.60,0.99,warning,,,FULL_ANGLE
0,279.8407,t7049,LIDAR_ONLY,11.3840,11.3840,15.4761,4.0921,4.0921,26.4411,26.4411,0,0,12.60,0.99,cautious,27.05,front,LIDAR_ONLY
0,279.8407,t7049,LIDAR_ONLY,11.7627,11.7627,15.4761,3.7134,3.7134,23.9942,23.9942,0,0,12.60,0.99,cautious,22.99,front,LIDAR_ONLY
0,279.8407,t7050,LIDAR_ONLY,10.4632,10.4632,15.4761,5.0129,5.0129,32.3910,32.3910,0,0,12.60,0.99,cautious,6.73,front,LIDAR_ONLY
0,279.8959,cam_2,CAM_ONLY,19.3165,,15.4761,3.8404,,24.8152,,0,,13.75,1.16,warning,,,CAMERA_ONLY
0,279.9578,cam_2,CAM_ONLY,19.2035,,15.4761,3.7274,,24.0852,,0,,13.00,1.24,warning,,,CAMERA_ONLY
0,280.0188,cam_2,CAM_ONLY,19.7516,,15.4761,4.2755,,27.6264,,0,,15.86,0.93,warning,,,CAMERA_ONLY
0,280.0867,t7060,BOTH,19.2706,10.4126,15.4761,3.7945,5.0635,24.5188,32.7183,0,0,13.22,0.98,warning,,,FULL_ANGLE
0,280.0867,t7059,LIDAR_ONLY,11.7512,11.7512,15.4761,3.7249,3.7249,24.0689,24.0689,0,0,13.22,0.98,cautious,26.35,front,LIDAR_ONLY
0,280.0867,t7059,LIDAR_ONLY,12.7197,12.7197,15.4761,2.7564,2.7564,17.8107,17.8107,0,0,13.22,0.98,cautious,18.31,front,LIDAR_ONLY
0,280.0867,t7059,LIDAR_ONLY,13.3661,13.3661,15.4761,2.1099,2.1099,13.6336,13.6336,0,0,13.22,0.98,cautious,22.33,front,LIDAR_ONLY
0,280.1429,cam_2,CAM_ONLY,19.7199,,15.4761,4.2438,,27.4218,,0,,10.26,1.30,warning,,,CAMERA_ONLY
0,280.2061,cam_2,CAM_ONLY,19.3816,,15.4761,3.9055,,25.2357,,0,,13.76,1.19,warning,,,CAMERA_ONLY
0,280.2642,cam_2,CAM_ONLY,19.5160,,15.4761,4.0399,,26.1039,,0,,13.28,1.56,warning,,,CAMERA_ONLY
0,280.3182,cam_2,CAM_ONLY,19.3188,,15.4761,3.8427,,24.8301,,0,,10.03,0.90,warning,,,CAMERA_ONLY
0,280.3804,t7069,BOTH,19.2847,10.5166,15.4761,3.8086,4.9595,24.6098,32.0460,0,0,15.66,0.90,warning,,,FULL_ANGLE
0,280.3804,t7069,LIDAR_ONLY,10.5182,10.5182,15.4761,4.9579,4.9579,32.0359,32.0359,0,0,15.66,0.90,cautious,-2.42,front,LIDAR_ONLY
0,280.3804,t7069,LIDAR_ONLY,10.4722,10.4722,15.4761,5.0039,5.0039,32.3328,32.3328,0,0,15.66,0.90,cautious,5.57,front,LIDAR_ONLY
0,280.4375,cam_2,CAM_ONLY,19.7292,,15.4761,4.2531,,27.4820,,0,,9.44,1.26,warning,,,CAMERA_ONLY
0,280.4375,t7073,LIDAR_ONLY,11.7171,11.7171,15.4761,3.7590,3.7590,24.2888,24.2888,0,0,9.44,1.26,cautious,26.41,front,LIDAR_ONLY
0,280.4375,t7073,LIDAR_ONLY,12.0337,12.0337,15.4761,3.4424,3.4424,22.2431,22.2431,0,0,9.44,1.26,cautious,22.21,front,LIDAR_ONLY
0,280.5047,cam_2,CAM_ONLY,19.6935,,15.4761,4.2174,,27.2509,,0,,21.10,1.23,warning,,,CAMERA_ONLY
0,280.5667,cam_2,CAM_ONLY,19.3370,,15.4761,3.8609,,24.9477,,0,,17.14,1.08,warning,,,CAMERA_ONLY
0,280.6418,cam_2,CAM_ONLY,19.7281,,15.4761,4.2520,,27.4745,,0,,16.97,1.18,warning,,,CAMERA_ONLY
0,280.6418,t7073,LIDAR_ONLY,12.0595,12.0595,15.4761,3.4166,3.4166,22.0766,22.0766,0,0,16.97,1.18,cautious,27.31,front,LIDAR_ONLY
0,280.7044,cam_2,CAM_ONLY,19.6867,,15.4761,4.2106,,27.2069,,0,,14.12,1.21,warning,,,CAMERA_ONLY
0,280.7655,cam_2,CAM_ONLY,19.3296,,15.4761,3.8535,,24.8995,,0,,12.19,0.93,warning,,,CAMERA_ONLY
0,280.8242,cam_2,CAM_ONLY,19.7122,,15.4761,4.2361,,27.3722,,0,,12.33,1.02,warning,,,CAMERA_ONLY
0,280.9088,cam_2,CAM_ONLY,19.2513,,15.4761,3.7753,,24.3941,,0,,23.32,1.48,warning,,,CAMERA_ONLY
0,280.9724,cam_2,CAM_ONLY,19.3478,,15.4761,3.8717,,25.0174,,0,,22.40,1.19,warning,,,CAMERA_ONLY
0,281.0337,t7087,BOTH,19.3193,10.5000,15.4761,3.8432,4.9761,24.8330,32.1532,0,0,10.23,0.90,warning,,,FULL_ANGLE
0,281.0337,t7086,LIDAR_ONLY,18.2386,18.2386,15.4761,2.7625,2.7625,17.8503,17.8503,0,0,10.23,0.90,drive,19.10,front,LIDAR_ONLY
0,281.0337,t7087,LIDAR_ONLY,10.5771,10.5771,15.4761,4.8990,4.8990,31.6553,31.6553,0,0,10.23,0.90,cautious,-2.17,front,LIDAR_ONLY
0,281.0337,t7087,LIDAR_ONLY,10.4986,10.4986,15.4761,4.9775,4.9775,32.1624,32.1624,0,0,10.23,0.90,cautious,6.34,front,LIDAR_ONLY
0,281.1094,cam_2,CAM_ONLY,19.3298,,15.4761,3.8538,,24.9013,,0,,22.50,1.38,warning,,,CAMERA_ONLY
0,281.1772,cam_2,CAM_ONLY,19.4541,,15.4761,3.9780,,25.7042,,0,,17.95,2.12,warning,,,CAMERA_ONLY
0,281.2382,t7087,BOTH,19.4827,10.4954,15.4761,4.0066,4.9807,25.8890,32.1833,0,0,11.20,1.16,warning,,,FULL_ANGLE
0,281.2382,t7086,LIDAR_ONLY,15.9411,15.9411,15.4761,0.4650,0.4650,3.0045,3.0045,1,1,11.20,1.16,drive,22.74,front,LIDAR_ONLY
0,281.2382,t7086,LIDAR_ONLY,14.0016,14.0016,15.4761,1.4745,1.4745,9.5276,9.5276,0,0,11.20,1.16,cautious,26.73,front,LIDAR_ONLY
0,281.2382,t7087,LIDAR_ONLY,10.5054,10.5054,15.4761,4.9707,4.9707,32.1183,32.1183,0,0,11.20,1.16,cautious,-1.22,front,LIDAR_ONLY
0,281.2382,t7087,LIDAR_ONLY,10.4460,10.4460,15.4761,5.0301,5.0301,32.5026,32.5026,0,0,11.20,1.16,cautious,6.77,front,LIDAR_ONLY
0,281.2978,cam_2,CAM_ONLY,19.1869,,15.4761,3.7108,,23.9776,,0,,14.89,1.09,warning,,,CAMERA_ONLY
0,281.3599,cam_2,CAM_ONLY,19.2266,,15.4761,3.7505,,24.2342,,0,,17.96,1.42,warning,,,CAMERA_ONLY
0,281.4233,cam_2,CAM_ONLY,19.3135,,15.4761,3.8374,,24.7959,,0,,13.00,1.13,warning,,,CAMERA_ONLY
0,281.4782,t7094,BOTH,19.6754,10.5286,15.4761,4.1993,4.9475,27.1339,31.9687,0,0,12.00,0.76,warning,,,FULL_ANGLE
0,281.5401,t7094,BOTH,19.2957,10.4656,15.4761,3.8196,5.0105,24.6807,32.3759,0,0,19.40,1.20,warning,,,FULL_ANGLE
0,281.5401,t7097,LIDAR_ONLY,12.5841,12.5841,15.4761,2.8920,2.8920,18.6866,18.6866,0,0,19.40,1.20,cautious,24.91,front,LIDAR_ONLY
0,281.5401,t7097,LIDAR_ONLY,11.4558,11.4558,15.4761,4.0203,4.0203,25.9773,25.9773,0,0,19.40,1.20,cautious,28.91,front,LIDAR_ONLY
0,281.5401,t7097,LIDAR_ONLY,11.8533,11.8533,15.4761,3.6228,3.6228,23.4089,23.4089,0,0,19.40,1.20,cautious,20.91,front,LIDAR_ONLY
0,281.5998,cam_2,CAM_ONLY,19.3297,,15.4761,3.8536,,24.9004,,0,,13.24,1.03,warning,,,CAMERA_ONLY
0,281.6611,cam_2,CAM_ONLY,19.3934,,15.4761,3.9173,,25.3117,,0,,12.05,0.90,warning,,,CAMERA_ONLY
0,281.7295,cam_2,CAM_ONLY,19.2918,,15.4761,3.8157,,24.6557,,0,,18.14,0.92,warning,,,CAMERA_ONLY
0,281.7945,t7108,BOTH,19.2343,10.3771,15.4761,3.7582,5.0990,24.2837,32.9477,0,0,14.61,2.38,warning,,,FULL_ANGLE
0,281.7945,t7107,LIDAR_ONLY,11.3575,11.3575,15.4761,4.1186,4.1186,26.6129,26.6129,0,0,14.61,2.38,cautious,27.10,front,LIDAR_ONLY
0,281.7945,t7107,LIDAR_ONLY,11.7046,11.7046,15.4761,3.7714,3.7714,24.3695,24.3695,0,0,14.61,2.38,cautious,22.99,front,LIDAR_ONLY
0,281.8538,cam_2,CAM_ONLY,19.6406,,15.4761,4.1645,,26.9092,,0,,17.04,1.28,warning,,,CAMERA_ONLY
0,281.9142,cam_2,CAM_ONLY,19.3088,,15.4761,3.8327,,24.7654,,0,,16.38,1.01,warning,,,CAMERA_ONLY
0,282.0022,cam_2,CAM_ONLY,19.7816,,15.4761,4.3055,,27.8203,,0,,14.39,1.26,warning,,,CAMERA_ONLY
0,282.0584,cam_2,CAM_ONLY,19.3118,,15.4761,3.8357,,24.7850,,0,,10.29,1.09,warning,,,CAMERA_ONLY
0,282.1224,cam_2,CAM_ONLY,19.3602,,15.4761,3.8841,,25.0977,,0,,23.21,2.14,warning,,,CAMERA_ONLY
0,282.1805,cam_2,CAM_ONLY,19.3224,,15.4761,3.8463,,24.8531,,0,,9.30,0.85,warning,,,CAMERA_ONLY
0,282.2408,t7119,BOTH,19.2697,10.5376,15.4761,3.7936,4.9385,24.5126,31.9103,0,0,13.57,1.18,warning,,,FULL_ANGLE
0,282.2408,t7118,LIDAR_ONLY,13.6326,13.6326,15.4761,1.8435,1.8435,11.9121,11.9121,0,0,13.57,1.18,cautious,23.37,front,LIDAR_ONLY
0,282.2408,t7118,LIDAR_ONLY,12.4026,12.4026,15.4761,3.0735,3.0735,19.8599,19.8599,0,0,13.57,1.18,cautious,27.45,front,LIDAR_ONLY
0,282.2408,t7118,LIDAR_ONLY,12.8712,12.8712,15.4761,2.6049,2.6049,16.8320,16.8320,0,0,13.57,1.18,cautious,19.30,front,LIDAR_ONLY
0,282.3060,cam_2,CAM_ONLY,19.2077,,15.4761,3.7316,,24.1123,,0,,12.94,1.22,warning,,,CAMERA_ONLY
0,282.3824,cam_2,CAM_ONLY,19.1887,,15.4761,3.7126,,23.9894,,0,,25.82,1.15,warning,,,CAMERA_ONLY
0,282.4478,cam_2,CAM_ONLY,19.2551,,15.4761,3.7790,,24.4184,,0,,15.15,1.07,warning,,,CAMERA_ONLY
0,282.5075,cam_2,CAM_ONLY,19.6556,,15.4761,4.1796,,27.0065,,0,,10.63,1.06,warning,,,CAMERA_ONLY
0,282.5642,cam_2,CAM_ONLY,19.2330,,15.4761,3.7569,,24.2757,,0,,14.91,0.92,warning,,,CAMERA_ONLY
0,282.6338,t7125,BOTH,19.7593,10.4887,15.4761,4.2832,4.9874,27.6764,32.2265,0,0,17.13,0.98,warning,,,FULL_ANGLE
0,282.6338,t7124,LIDAR_ONLY,11.3508,11.3508,15.4761,4.1253,4.1253,26.6561,26.6561,0,0,17.13,0.98,cautious,27.12,front,LIDAR_ONLY
0,282.6338,t7124,LIDAR_ONLY,12.0665,12.0665,15.4761,3.4096,3.4096,22.0316,22.0316,0,0,17.13,0.98,cautious,18.87,front,LIDAR_ONLY
0,282.6338,t7124,LIDAR_ONLY,12.5858,12.5858,15.4761,2.8903,2.8903,18.6760,18.6760,0,0,17.13,0.98,cautious,22.99,front,LIDAR_ONLY
0,282.6338,t7125,LIDAR_ONLY,10.4986,10.4986,15.4761,4.9775,4.9775,32.1625,32.1625,0,0,17.13,0.98,cautious,-1.76,front,LIDAR_ONLY
0,282.6338,t7125,LIDAR_ONLY,10.4503,10.4503,15.4761,5.0258,5.0258,32.4748,32.4748,0,0,17.13,0.98,cautious,6.49,front,LIDAR_ONLY
0,282.6931,cam_2,CAM_ONLY,19.3562,,15.4761,3.8801,,25.0714,,0,,9.28,1.07,warning,,,CAMERA_ONLY
0,282.6931,t7124,LIDAR_ONLY,12.7246,12.7246,15.4761,2.7515,2.7515,17.7788,17.7788,0,0,9.28,1.07,cautious,29.22,front,LIDAR_ONLY
0,282.7581,cam_2,CAM_ONLY,19.8696,,15.4761,4.3935,,28.3890,,0,,18.05,1.20,warning,,,CAMERA_ONLY
0,282.8103,cam_2,CAM_ONLY,19.2221,,15.4761,3.7460,,24.2050,,0,,10.64,0.85,warning,,,CAMERA_ONLY
0,282.8763,cam_2,CAM_ONLY,19.2473,,15.4761,3.7712,,24.3677,,0,,18.27,0.97,warning,,,CAMERA_ONLY
0,282.9376,t7135,BOTH,19.7484,10.5346,15.4761,4.2723,4.9415,27.6061,31.9301,0,0,14.15,1.19,warning,,,FULL_ANGLE
0,282.9376,t7134,LIDAR_ONLY,15.1292,15.1292,15.4761,0.3469,0.3469,2.2417,2.2417,1,1,14.15,1.19,drive,21.56,front,LIDAR_ONLY
0,282.9376,t7134,LIDAR_ONLY,13.5786,13.5786,15.4761,1.8974,1.8974,12.2605,12.2605,0,0,14.15,1.19,cautious,25.81,front,LIDAR_ONLY
0,282.9376,t7135,LIDAR_ONLY,10.4722,10.4722,15.4761,5.0039,5.0039,32.3332,32.3332,0,0,14.15,1.19,cautious,4.54,front,LIDAR_ONLY
0,282.9376,t7135,LIDAR_ONLY,10.4907,10.4907,15.4761,4.9854,4.9854,32.2135,32.2135,0,0,14.15,1.19,cautious,-3.97,front,LIDAR_ONLY
0,282.9988,cam_2,CAM_ONLY,19.2672,,15.4761,3.7911,,24.4964,,0,,11.91,1.09,warning,,,CAMERA_ONLY
0,283.0600,cam_2,CAM_ONLY,19.3330,,15.4761,3.8569,,24.9216,,0,,13.28,0.87,warning,,,CAMERA_ONLY
0,283.1172,cam_2,CAM_ONLY,19.7532,,15.4761,4.2771,,27.6366,,0,,11.71,0.93,warning,,,CAMERA_ONLY
0,283.1789,cam_2,CAM_ONLY,19.3647,,15.4761,3.8886,,25.1268,,0,,13.95,0.83,warning,,,CAMERA_ONLY
0,283.2487,cam_2,CAM_ONLY,19.3693,,15.4761,3.8932,,25.1565,,0,,19.76,1.29,warning,,,CAMERA_ONLY
0,283.3112,cam_2,CAM_ONLY,19.2060,,15.4761,3.7299,,24.1013,,0,,15.10,0.86,warning,,,CAMERA_ONLY
0,283.3735,cam_2,CAM_ONLY,19.2864,,15.4761,3.8103,,24.6204,,0,,13.13,1.20,warning,,,CAMERA_ONLY
0,283.4349,t7149,BOTH,19.6781,10.5060,15.4761,4.2020,4.9701,27.1514,32.1147,0,0,13.09,0.92,warning,,,FULL_ANGLE
0,283.4349,t7148,LIDAR_ONLY,13.9153,13.9153,15.4761,1.5608,1.5608,10.0852,10.0852,0,0,13.09,0.92,cautious,23.00,front,LIDAR_ONLY
0,283.4349,t7149,LIDAR_ONLY,10.5153,10.5153,15.4761,4.9608,4.9608,32.0546,32.0546,0,0,13.09,0.92,cautious,-1.19,front,LIDAR_ONLY
0,283.4349,t7149,LIDAR_ONLY,10.5577,10.5577,15.4761,4.9183,4.9183,31.7803,31.7803,0,0,13.09,0.92,cautious,6.87,front,LIDAR_ONLY
0,283.4952,cam_2,CAM_ONLY,19.6244,,15.4761,4.1483,,26.8046,,0,,12.47,1.08,warning,,,CAMERA_ONLY
0,283.5617,cam_2,CAM_ONLY,19.2301,,15.4761,3.7540,,24.2567,,0,,17.93,1.13,warning,,,CAMERA_ONLY
0,283.6200,cam_2,CAM_ONLY,19.2871,,15.4761,3.8110,,24.6250,,0,,13.39,0.99,warning,,,CAMERA_ONLY
0,283.6773,cam_2,CAM_ONLY,19.3057,,15.4761,3.8297,,24.7456,,0,,9.54,0.78,warning,,,CAMERA_ONLY
0,283.7427,cam_2,CAM_ONLY,19.4206,,15.4761,3.9445,,25.4879,,0,,17.93,0.99,warning,,,CAMERA_ONLY
0,283.7972,cam_2,CAM_ONLY,19.4388,,15.4761,3.9627,,25.6052,,0,,9.02,0.98,warning,,,CAMERA_ONLY
0,283.8631,cam_2,CAM_ONLY,19.2771,,15.4761,3.8010,,24.5603,,0,,14.94,0.87,warning,,,CAMERA_ONLY
0,283.9159,cam_2,CAM_ONLY,19.3574,,15.4761,3.8813,,25.0796,,0,,9.74,0.86,warning,,,CAMERA_ONLY
0,283.9785,cam_2,CAM_ONLY,19.5843,,15.4761,4.1082,,26.5454,,0,,12.69,0.88,warning,,,CAMERA_ONLY
0,284.0413,cam_2,CAM_ONLY,19.1975,,15.4761,3.7214,,24.0463,,0,,12.89,1.25,warning,,,CAMERA_ONLY
0,284.0413,t7164,LIDAR_ONLY,10.9531,10.9531,15.4761,4.5230,4.5230,29.2257,29.2257,0,0,12.89,1.25,cautious,27.94,front,LIDAR_ONLY
0,284.0413,t7164,LIDAR_ONLY,11.5088,11.5088,15.4761,3.9673,3.9673,25.6352,25.6352,0,0,12.89,1.25,cautious,19.89,front,LIDAR_ONLY
0,284.1019,cam_2,CAM_ONLY,19.2299,,15.4761,3.7538,,24.2557,,0,,13.57,1.19,warning,,,CAMERA_ONLY
0,284.1607,cam_2,CAM_ONLY,19.2905,,15.4761,3.8144,,24.6471,,0,,13.15,0.86,warning,,,CAMERA_ONLY
0,284.2245,t7168,BOTH,19.3331,10.5293,15.4761,3.8570,4.9468,24.9221,31.9644,0,0,10.47,0.87,warning,,,FULL_ANGLE
0,284.2245,t7168,LIDAR_ONLY,10.6027,10.6027,15.4761,4.8734,4.8734,31.4896,31.4896,0,0,10.47,0.87,cautious,-4.87,front,LIDAR_ONLY
0,284.2775,cam_2,CAM_ONLY,19.1726,,15.4761,3.6965,,23.8854,,0,,11.25,0.77,warning,,,CAMERA_ONLY
0,284.3409,t7173,BOTH,19.2081,12.9861,15.4761,3.7320,2.4900,24.1144,16.0893,0,0,18.82,1.20,warning,,,FULL_ANGLE
0,284.3409,t7173,LIDAR_ONLY,12.9903,12.9903,15.4761,2.4858,2.4858,16.0620,16.0620,0,0,18.82,1.20,cautious,24.28,front,LIDAR_ONLY
0,284.3409,t7173,LIDAR_ONLY,11.7700,11.7700,15.4761,3.7061,3.7061,23.9472,23.9472,0,0,18.82,1.20,cautious,28.35,front,LIDAR_ONLY
0,284.3409,t7173,LIDAR_ONLY,12.1534,12.1534,15.4761,3.3226,3.3226,21.4696,21.4696,0,0,18.82,1.20,cautious,20.22,front,LIDAR_ONLY
0,284.4122,cam_2,CAM_ONLY,19.3188,,15.4761,3.8427,,24.8300,,0,,14.45,1.28,warning,,,CAMERA_ONLY
0,284.4677,cam_2,CAM_ONLY,19.1471,,15.4761,3.6710,,23.7204,,0,,10.49,0.91,warning,,,CAMERA_ONLY
0,284.5291,t7177,BOTH,19.2668,10.4982,15.4761,3.7907,4.9779,24.4942,32.1649,0,0,16.75,0.86,warning,,,FULL_ANGLE
0,284.5291,t7177,LIDAR_ONLY,10.5682,10.5682,15.4761,4.9079,4.9079,31.7129,31.7129,0,0,16.75,0.86,cautious,-1.01,front,LIDAR_ONLY
0,284.5933,cam_2,CAM_ONLY,19.2475,,15.4761,3.7714,,24.3695,,0,,14.43,1.28,warning,,,CAMERA_ONLY
0,284.5933,t7181,LIDAR_ONLY,11.4942,11.4942,15.4761,3.9819,3.9819,25.7291,25.7291,0,0,14.43,1.28,cautious,26.83,front,LIDAR_ONLY
0,284.5933,t7181,LIDAR_ONLY,12.6603,12.6603,15.4761,2.8158,2.8158,18.1945,18.1945,0,0,14.43,1.28,cautious,18.83,front,LIDAR_ONLY
0,284.5933,t7181,LIDAR_ONLY,13.3695,13.3695,15.4761,2.1065,2.1065,13.6116,13.6116,0,0,14.43,1.28,cautious,22.83,front,LIDAR_ONLY
0,284.6532,cam_2,CAM_ONLY,19.3339,,15.4761,3.8578,,24.9278,,0,,12.85,1.20,warning,,,CAMERA_ONLY
0,284.7264,cam_2,CAM_ONLY,19.2752,,15.4761,3.7991,,24.5480,,0,,18.73,0.92,warning,,,CAMERA_ONLY
0,284.7940,t7188,BOTH,19.2012,10.5322,15.4761,3.7251,4.9439,24.0698,31.9456,0,0,18.26,2.60,warning,,,FULL_ANGLE
0,284.7940,t7181,LIDAR_ONLY,13.8359,13.8359,15.4761,1.6402,1.6402,10.5981,10.5981,0,0,18.26,2.60,cautious,22.13,front,LIDAR_ONLY
0,284.7940,t7181,LIDAR_ONLY,13.9724,13.9724,15.4761,1.5036,1.5036,9.7159,9.7159,0,0,18.26,2.60,cautious,26.28,front,LIDAR_ONLY
0,284.7940,t7181,LIDAR_ONLY,14.4830,14.4830,15.4761,0.9931,0.9931,6.4167,6.4167,1,1,18.26,2.60,cautious,17.98,front,LIDAR_ONLY
0,284.7940,t7188,LIDAR_ONLY,10.5293,10.5293,15.4761,4.9467,4.9467,31.9638,31.9638,0,0,18.26,2.60,cautious,-2.78,front,LIDAR_ONLY
0,284.7940,t7188,LIDAR_ONLY,10.4654,10.4654,15.4761,5.0107,5.0107,32.3769,32.3769,0,0,18.26,2.60,cautious,5.52,front,LIDAR_ONLY
0,284.8758,cam_2,CAM_ONLY,19.3498,,15.4761,3.8737,,25.0305,,0,,25.74,1.21,warning,,,CAMERA_ONLY
0,284.9315,t7192,BOTH,19.2696,10.5512,15.4761,3.7935,4.9249,24.5122,31.8228,0,0,10.70,0.79,warning,,,FULL_ANGLE
0,284.9315,t7192,LIDAR_ONLY,10.5889,10.5889,15.4761,4.8872,4.8872,31.5791,31.5791,0,0,10.70,0.79,cautious,-4.51,front,LIDAR_ONLY
0,284.9940,cam_2,CAM_ONLY,19.2758,,15.4761,3.7997,,24.5519,,0,,12.15,1.15,warning,,,CAMERA_ONLY
0,285.0499,cam_2,CAM_ONLY,19.2836,,15.4761,3.8075,,24.6023,,0,,10.85,1.05,warning,,,CAMERA_ONLY
0,285.1183,cam_2,CAM_ONLY,19.3618,,15.4761,3.8857,,25.1076,,0,,15.41,1.10,warning,,,CAMERA_ONLY
0,285.1778,cam_2,CAM_ONLY,19.2724,,15.4761,3.7963,,24.5299,,0,,12.50,0.70,warning,,,CAMERA_ONLY
0,285.2358,t7200,BOTH,19.3628,10.4816,15.4761,3.8867,4.9945,25.1144,32.2721,0,0,14.98,1.06,warning,,,FULL_ANGLE
0,285.2358,t7198,LIDAR_ONLY,10.1825,10.1825,15.4761,5.2935,5.2935,34.2047,34.2047,0,0,14.98,1.06,cautious,29.76,front,LIDAR_ONLY
0,285.2358,t7198,LIDAR_ONLY,10.8043,10.8043,15.4761,4.6718,4.6718,30.1874,30.1874,0,0,14.98,1.06,cautious,21.60,front,LIDAR_ONLY
0,285.2358,t7198,LIDAR_ONLY,12.3350,12.3350,15.4761,3.1411,3.1411,20.2962,20.2962,0,0,14.98,1.06,cautious,17.52,front,LIDAR_ONLY
0,285.2358,t7198,LIDAR_ONLY,13.0255,13.0255,15.4761,2.4506,2.4506,15.8348,15.8348,0,0,14.98,1.06,cautious,25.68,front,LIDAR_ONLY
0,285.2358,t7200,LIDAR_ONLY,10.5320,10.5320,15.4761,4.9441,4.9441,31.9466,31.9466,0,0,14.98,1.06,cautious,-2.87,front,LIDAR_ONLY
0,285.2971,cam_2,CAM_ONLY,19.4674,,15.4761,3.9913,,25.7900,,0,,10.85,1.02,warning,,,CAMERA_ONLY
0,285.3590,cam_2,CAM_ONLY,19.2485,,15.4761,3.7724,,24.3756,,0,,10.89,1.27,warning,,,CAMERA_ONLY
0,285.4103,cam_2,CAM_ONLY,19.6473,,15.4761,4.1712,,26.9527,,0,,8.85,1.26,warning,,,CAMERA_ONLY
0,285.4720,cam_2,CAM_ONLY,19.2750,,15.4761,3.7990,,24.5473,,0,,14.40,1.25,warning,,,CAMERA_ONLY
0,285.5289,cam_2,CAM_ONLY,19.2422,,15.4761,3.7661,,24.3351,,0,,9.74,1.11,warning,,,CAMERA_ONLY
0,285.5963,cam_2,CAM_ONLY,19.2979,,15.4761,3.8218,,24.6948,,0,,18.13,1.33,warning,,,CAMERA_ONLY
0,285.6587,cam_2,CAM_ONLY,19.3435,,15.4761,3.8674,,24.9893,,0,,19.65,1.22,warning,,,CAMERA_ONLY
0,285.7190,cam_2,CAM_ONLY,19.2400,,15.4761,3.7639,,24.3210,,0,,13.49,1.25,warning,,,CAMERA_ONLY
0,285.7797,cam_2,CAM_ONLY,19.2643,,15.4761,3.7882,,24.4777,,0,,13.66,0.70,warning,,,CAMERA_ONLY
0,285.8410,t7221,BOTH,19.2344,10.3822,15.4761,3.7583,5.0939,24.2844,32.9144,0,0,13.61,1.22,warning,,,FULL_ANGLE
0,285.8410,t7219,LIDAR_ONLY,10.4114,10.4114,15.4761,5.0646,5.0646,32.7256,32.7256,0,0,13.61,1.22,cautious,29.19,front,LIDAR_ONLY
0,285.8410,t7219,LIDAR_ONLY,10.7106,10.7106,15.4761,4.7655,4.7655,30.7925,30.7925,0,0,13.61,1.22,cautious,25.18,front,LIDAR_ONLY
0,285.8410,t7219,LIDAR_ONLY,11.2763,11.2763,15.4761,4.1998,4.1998,27.1373,27.1373,0,0,13.61,1.22,cautious,21.17,front,LIDAR_ONLY
0,285.8410,t7219,LIDAR_ONLY,12.0851,12.0851,15.4761,3.3910,3.3910,21.9109,21.9109,0,0,13.61,1.22,cautious,17.16,front,LIDAR_ONLY
0,285.9027,cam_2,CAM_ONLY,19.2357,,15.4761,3.7596,,24.2930,,0,,18.39,1.26,warning,,,CAMERA_ONLY
0,285.9626,cam_2,CAM_ONLY,19.6576,,15.4761,4.1815,,27.0190,,0,,12.76,0.88,warning,,,CAMERA_ONLY
0,286.0171,cam_2,CAM_ONLY,19.2341,,15.4761,3.7580,,24.2827,,0,,8.84,0.92,warning,,,CAMERA_ONLY
0,286.0753,cam_2,CAM_ONLY,19.3030,,15.4761,3.8269,,24.7276,,0,,14.90,0.82,warning,,,CAMERA_ONLY
0,286.1287,t7228,BOTH,19.1980,10.4228,15.4761,3.7219,5.0533,24.0496,32.6523,0,0,10.40,0.79,warning,,,FULL_ANGLE
0,286.1287,t7228,LIDAR_ONLY,10.4276,10.4276,15.4761,5.0485,5.0485,32.6212,32.6212,0,0,10.40,0.79,cautious,5.68,front,LIDAR_ONLY
0,286.1932,t7231,BOTH,19.5962,10.5321,15.4761,4.1201,4.9439,26.6224,31.9457,0,0,17.15,2.58,warning,,,FULL_ANGLE
0,286.1932,t7230,LIDAR_ONLY,12.8265,12.8265,15.4761,2.6496,2.6496,17.1208,17.1208,0,0,17.15,2.58,cautious,24.53,front,LIDAR_ONLY
0,286.1932,t7230,LIDAR_ONLY,13.3651,13.3651,15.4761,2.1109,2.1109,13.6400,13.6400,0,0,17.15,2.58,cautious,20.36,front,LIDAR_ONLY
0,286.1932,t7231,LIDAR_ONLY,10.5942,10.5942,15.4761,4.8819,4.8819,31.5448,31.5448,0,0,17.15,2.58,cautious,-4.65,front,LIDAR_ONLY
0,286.1932,t7228,LIDAR_ONLY,10.4265,10.4265,15.4761,5.0496,5.0496,32.6282,32.6282,0,0,17.15,2.58,cautious,3.69,front,LIDAR_ONLY
0,286.2538,cam_2,CAM_ONLY,19.6574,,15.4761,4.1813,,27.0176,,0,,12.43,1.21,warning,,,CAMERA_ONLY
0,286.3185,cam_2,CAM_ONLY,19.3130,,15.4761,3.8369,,24.7927,,0,,14.01,0.99,warning,,,CAMERA_ONLY
0,286.3749,cam_2,CAM_ONLY,19.2692,,15.4761,3.7931,,24.5096,,0,,11.95,1.03,warning,,,CAMERA_ONLY
0,286.4398,cam_2,CAM_ONLY,19.3588,,15.4761,3.8827,,25.0886,,0,,13.63,1.19,warning,,,CAMERA_ONLY
0,286.4398,t7240,LIDAR_ONLY,13.2405,13.2405,15.4761,2.2356,2.2356,14.4457,14.4457,0,0,13.63,1.19,cautious,23.92,front,LIDAR_ONLY
0,286.4398,t7240,LIDAR_ONLY,13.6953,13.6953,15.4761,1.7808,1.7808,11.5065,11.5065,0,0,13.63,1.19,cautious,19.72,front,LIDAR_ONLY
0,286.5009,cam_2,CAM_ONLY,19.4344,,15.4761,3.9583,,25.5771,,0,,13.69,2.62,warning,,,CAMERA_ONLY
0,286.5613,cam_2,CAM_ONLY,19.3464,,15.4761,3.8703,,25.0081,,0,,12.09,0.92,warning,,,CAMERA_ONLY
0,286.6291,t7245,BOTH,19.2467,10.5110,15.4761,3.7706,4.9650,24.3639,32.0821,0,0,16.85,0.91,warning,,,FULL_ANGLE
0,286.6291,t7240,LIDAR_ONLY,13.8067,13.8067,15.4761,1.6694,1.6694,10.7872,10.7872,0,0,16.85,0.91,cautious,23.72,front,LIDAR_ONLY
0,286.6291,t7240,LIDAR_ONLY,14.0534,14.0534,15.4761,1.4227,1.4227,9.1926,9.1926,0,0,16.85,0.91,cautious,19.48,front,LIDAR_ONLY
0,286.7022,cam_2,CAM_ONLY,19.2694,,15.4761,3.7933,,24.5109,,0,,17.22,1.13,warning,,,CAMERA_ONLY
0,286.7630,cam_2,CAM_ONLY,19.4024,,15.4761,3.9263,,25.3699,,0,,14.86,1.03,warning,,,CAMERA_ONLY
0,286.8218,cam_2,CAM_ONLY,19.3245,,15.4761,3.8484,,24.8666,,0,,11.93,1.12,warning,,,CAMERA_ONLY
0,286.8809,t7249,BOTH,19.7015,10.4039,15.4761,4.2254,5.0721,27.3030,32.7741,0,0,13.24,0.84,warning,,,FULL_ANGLE
0,286.8809,t7249,LIDAR_ONLY,10.4143,10.4143,15.4761,5.0618,5.0618,32.7071,32.7071,0,0,13.24,0.84,cautious,6.83,front,LIDAR_ONLY
0,286.9413,t7249,BOTH,19.6494,10.4316,15.4761,4.1734,5.0445,26.9665,32.5955,0,0,14.54,1.21,warning,,,FULL_ANGLE
0,286.9413,t7252,LIDAR_ONLY,10.1971,10.1971,15.4761,5.2789,5.2789,34.1103,34.1103,0,0,14.54,1.21,cautious,29.72,front,LIDAR_ONLY
0,286.9413,t7252,LIDAR_ONLY,10.4272,10.4272,15.4761,5.0489,5.0489,32.6236,32.6236,0,0,14.54,1.21,cautious,25.53,front,LIDAR_ONLY
0,286.9413,t7252,LIDAR_ONLY,11.3452,11.3452,15.4761,4.1309,4.1309,26.6919,26.6919,0,0,14.54,1.21,cautious,17.15,front,LIDAR_ONLY
0,286.9413,t7249,LIDAR_ONLY,10.4367,10.4367,15.4761,5.0394,5.0394,32.5626,32.5626,0,0,14.54,1.21,cautious,4.59,front,LIDAR_ONLY
0,287.0016,cam_2,CAM_ONLY,19.2460,,15.4761,3.7699,,24.3597,,0,,12.47,0.99,warning,,,CAMERA_ONLY
0,287.0735,cam_2,CAM_ONLY,19.3171,,15.4761,3.8410,,24.8191,,0,,16.94,1.02,warning,,,CAMERA_ONLY
0,287.1386,t7249,BOTH,19.3167,10.4546,15.4761,3.8406,5.0215,24.8164,32.4465,0,0,16.17,1.05,warning,,,FULL_ANGLE
0,287.1386,t7252,LIDAR_ONLY,11.8610,11.8610,15.4761,3.6151,3.6151,23.3590,23.3590,0,0,16.17,1.05,cautious,26.12,front,LIDAR_ONLY
0,287.1386,t7252,LIDAR_ONLY,12.2968,12.2968,15.4761,3.1793,3.1793,20.5432,20.5432,0,0,16.17,1.05,cautious,21.97,front,LIDAR_ONLY
0,287.1386,t7249,LIDAR_ONLY,10.4432,10.4432,15.4761,5.0328,5.0328,32.5201,32.5201,0,0,16.17,1.05,cautious,5.39,front,LIDAR_ONLY
0,287.2076,cam_2,CAM_ONLY,19.2629,,15.4761,3.7868,,24.4688,,0,,19.56,0.94,warning,,,CAMERA_ONLY
0,287.2704,cam_2,CAM_ONLY,19.3491,,15.4761,3.8730,,25.0255,,0,,13.10,0.97,warning,,,CAMERA_ONLY
0,287.3328,cam_2,CAM_ONLY,19.3167,,15.4761,3.8406,,24.8163,,0,,9.68,0.69,warning,,,CAMERA_ONLY
0,287.4007,cam_2,CAM_ONLY,19.2679,,15.4761,3.7918,,24.5012,,0,,12.99,1.84,warning,,,CAMERA_ONLY
0,287.4586,cam_2,CAM_ONLY,19.2937,,15.4761,3.8176,,24.6678,,0,,10.31,1.24,warning,,,CAMERA_ONLY
0,287.5148,cam_2,CAM_ONLY,19.2384,,15.4761,3.7623,,24.3104,,0,,10.16,0.96,warning,,,CAMERA_ONLY
0,287.5877,t7264,BOTH,19.2379,10.5552,15.4761,3.7618,4.9209,24.3069,31.7968,0,0,18.67,0.88,warning,,,FULL_ANGLE
0,287.5877,t7264,LIDAR_ONLY,10.6365,10.6365,15.4761,4.8396,4.8396,31.2715,31.2715,0,0,18.67,0.88,cautious,-1.28,front,LIDAR_ONLY
0,287.5877,t7265,LIDAR_ONLY,17.8568,17.8568,15.4761,2.3807,2.3807,15.3832,15.3832,0,0,18.67,0.88,drive,19.35,front,LIDAR_ONLY
0,287.6462,cam_2,CAM_ONLY,19.7521,,15.4761,4.2761,,27.6300,,0,,15.65,1.03,warning,,,CAMERA_ONLY
0,287.7108,cam_2,CAM_ONLY,19.2477,,15.4761,3.7717,,24.3709,,0,,12.57,0.90,warning,,,CAMERA_ONLY
0,287.7744,cam_2,CAM_ONLY,19.1647,,15.4761,3.6886,,23.8340,,0,,11.25,1.15,warning,,,CAMERA_ONLY
0,287.8267,cam_2,CAM_ONLY,19.3370,,15.4761,3.8609,,24.9477,,0,,10.55,0.89,warning,,,CAMERA_ONLY
0,287.9003,cam_2,CAM_ONLY,19.3858,,15.4761,3.9097,,25.2629,,0,,16.42,1.27,warning,,,CAMERA_ONLY
0,287.9645,cam_2,CAM_ONLY,19.3643,,15.4761,3.8882,,25.1237,,0,,15.11,1.08,warning,,,CAMERA_ONLY
0,288.0193,cam_2,CAM_ONLY,19.3641,,15.4761,3.8880,,25.1229,,0,,11.82,1.05,warning,,,CAMERA_ONLY
0,288.0787,cam_2,CAM_ONLY,19.2636,,15.4761,3.7875,,24.4735,,0,,12.05,0.80,warning,,,CAMERA_ONLY
0,288.1433,cam_2,CAM_ONLY,19.7427,,15.4761,4.2666,,27.5693,,0,,13.41,1.22,warning,,,CAMERA_ONLY
0,288.1433,t7279,LIDAR_ONLY,13.0233,13.0233,15.4761,2.4528,2.4528,15.8489,15.8489,0,0,13.41,1.22,cautious,24.24,front,LIDAR_ONLY
0,288.1433,t7279,LIDAR_ONLY,11.4308,11.4308,15.4761,4.0453,4.0453,26.1390,26.1390,0,0,13.41,1.22,cautious,28.37,front,LIDAR_ONLY
0,288.2161,cam_2,CAM_ONLY,19.7119,,15.4761,4.2358,,27.3703,,0,,20.91,0.86,warning,,,CAMERA_ONLY
0,288.2707,cam_2,CAM_ONLY,19.6150,,15.4761,4.1389,,26.7439,,0,,12.54,0.95,warning,,,CAMERA_ONLY
0,288.3542,cam_2,CAM_ONLY,19.3223,,15.4761,3.8463,,24.8529,,0,,25.62,1.23,warning,,,CAMERA_ONLY
0,288.4303,t7287,BOTH,19.6203,10.4835,15.4761,4.1442,4.9926,26.7783,32.2598,0,0,22.66,1.85,warning,,,FULL_ANGLE
0,288.4303,t7286,LIDAR_ONLY,14.9951,14.9951,15.4761,0.4810,0.4810,3.1080,3.1080,1,1,22.66,1.85,cautious,21.71,front,LIDAR_ONLY
0,288.4303,t7286,LIDAR_ONLY,13.0006,13.0006,15.4761,2.4755,2.4755,15.9957,15.9957,0,0,22.66,1.85,cautious,25.87,front,LIDAR_ONLY
0,288.4303,t7286,LIDAR_ONLY,13.4784,13.4784,15.4761,1.9977,1.9977,12.9081,12.9081,0,0,22.66,1.85,cautious,17.54,front,LIDAR_ONLY
0,288.4303,t7287,LIDAR_ONLY,10.5452,10.5452,15.4761,4.9309,4.9309,31.8612,31.8612,0,0,22.66,1.85,cautious,-3.27,front,LIDAR_ONLY
0,288.4303,t7287,LIDAR_ONLY,10.4679,10.4679,15.4761,5.0082,5.0082,32.3609,32.3609,0,0,22.66,1.85,cautious,5.05,front,LIDAR_ONLY
0,288.4941,cam_2,CAM_ONLY,19.2197,,15.4761,3.7436,,24.1897,,0,,13.53,1.16,warning,,,CAMERA_ONLY
0,288.5564,cam_2,CAM_ONLY,19.6545,,15.4761,4.1784,,26.9991,,0,,9.98,1.30,warning,,,CAMERA_ONLY
0,288.6184,cam_2,CAM_ONLY,19.3026,,15.4761,3.8265,,24.7250,,0,,14.41,1.09,warning,,,CAMERA_ONLY
0,288.6866,t7295,BOTH,19.3825,10.4026,15.4761,3.9064,5.0735,25.2418,32.7826,0,0,18.55,1.45,warning,,,FULL_ANGLE
0,288.6866,t7295,LIDAR_ONLY,10.4267,10.4267,15.4761,5.0494,5.0494,32.6272,32.6272,0,0,18.55,1.45,cautious,-1.19,front,LIDAR_ONLY
0,288.7491,cam_2,CAM_ONLY,19.3804,,15.4761,3.9044,,25.2283,,0,,18.45,1.35,warning,,,CAMERA_ONLY
0,288.8173,cam_2,CAM_ONLY,19.3334,,15.4761,3.8573,,24.9245,,0,,19.05,1.94,warning,,,CAMERA_ONLY
0,288.8719,cam_2,CAM_ONLY,19.3057,,15.4761,3.8296,,24.7453,,0,,9.93,0.97,warning,,,CAMERA_ONLY
0,288.9299,t7297,BOTH,19.2312,10.5885,15.4761,3.7551,4.8876,24.2638,31.5813,0,0,11.32,0.87,warning,,,FULL_ANGLE
0,288.9299,t7297,LIDAR_ONLY,10.6612,10.6612,15.4761,4.8149,4.8149,31.1121,31.1121,0,0,11.32,0.87,cautious,-3.77,front,LIDAR_ONLY
0,288.9299,t7297,LIDAR_ONLY,10.5125,10.5125,15.4761,4.9636,4.9636,32.0726,32.0726,0,0,11.32,0.87,cautious,4.69,front,LIDAR_ONLY
0,288.9903,t7302,BOTH,19.2109,24.3858,15.4761,3.7349,8.9098,24.1330,57.5711,0,0,18.96,1.33,warning,,,FULL_ANGLE
0,288.9903,t7301,LIDAR_ONLY,12.8583,12.8583,15.4761,2.6178,2.6178,16.9153,16.9153,0,0,18.96,1.33,cautious,24.48,front,LIDAR_ONLY
0,288.9903,t7301,LIDAR_ONLY,11.9051,11.9051,15.4761,3.5710,3.5710,23.0745,23.0745,0,0,18.96,1.33,cautious,28.63,front,LIDAR_ONLY
0,288.9903,t7302,LIDAR_ONLY,20.4138,20.4138,15.4761,4.9377,4.9377,31.9052,31.9052,0,0,18.96,1.33,drive,20.34,front,LIDAR_ONLY
0,289.0557,cam_2,CAM_ONLY,19.2842,,15.4761,3.8081,,24.6066,,0,,18.12,1.28,warning,,,CAMERA_ONLY
0,289.1097,cam_2,CAM_ONLY,19.2821,,15.4761,3.8060,,24.5930,,0,,11.28,0.95,warning,,,CAMERA_ONLY
0,289.1652,cam_2,CAM_ONLY,19.3403,,15.4761,3.8642,,24.9690,,0,,9.49,1.14,warning,,,CAMERA_ONLY
0,289.2239,cam_2,CAM_ONLY,19.1768,,15.4761,3.7008,,23.9127,,0,,11.38,1.04,warning,,,CAMERA_ONLY
0,289.2781,cam_2,CAM_ONLY,19.1447,,15.4761,3.6687,,23.7053,,0,,11.39,0.91,warning,,,CAMERA_ONLY
0,289.3312,cam_2,CAM_ONLY,19.2709,,15.4761,3.7948,,24.5207,,0,,10.32,0.68,warning,,,CAMERA_ONLY
0,289.3940,cam_2,CAM_ONLY,19.3390,,15.4761,3.8629,,24.9604,,0,,14.68,1.13,warning,,,CAMERA_ONLY
0,289.3940,t7311,LIDAR_ONLY,10.3493,10.3493,15.4761,5.1268,5.1268,33.1271,33.1271,0,0,14.68,1.13,cautious,29.34,front,LIDAR_ONLY
0,289.3940,t7311,LIDAR_ONLY,10.5666,10.5666,15.4761,4.9095,4.9095,31.7229,31.7229,0,0,14.68,1.13,cautious,25.28,front,LIDAR_ONLY
0,289.3940,t7311,LIDAR_ONLY,11.0638,11.0638,15.4761,4.4123,4.4123,28.5104,28.5104,0,0,14.68,1.13,cautious,21.21,front,LIDAR_ONLY
0,289.4551,cam_2,CAM_ONLY,19.3464,,15.4761,3.8703,,25.0084,,0,,10.72,0.90,warning,,,CAMERA_ONLY
0,289.5116,cam_2,CAM_ONLY,19.2353,,15.4761,3.7593,,24.2907,,0,,11.56,0.86,warning,,,CAMERA_ONLY
0,289.5716,cam_2,CAM_ONLY,19.1968,,15.4761,3.7208,,24.0419,,0,,10.71,1.01,warning,,,CAMERA_ONLY
0,289.6290,cam_2,CAM_ONLY,19.7228,,15.4761,4.2467,,27.4405,,0,,10.76,0.70,warning,,,CAMERA_ONLY
0,289.6903,t7319,BOTH,19.2669,10.5378,15.4761,3.7908,4.9383,24.4947,31.9090,0,0,15.61,1.21,warning,,,FULL_ANGLE
0,289.6903,t7318,LIDAR_ONLY,13.6235,13.6235,15.4761,1.8526,1.8526,11.9708,11.9708,0,0,15.61,1.21,cautious,23.38,front,LIDAR_ONLY
0,289.6903,t7318,LIDAR_ONLY,12.1126,12.1126,15.4761,3.3635,3.3635,21.7338,21.7338,0,0,15.61,1.21,cautious,27.46,front,LIDAR_ONLY
0,289.6903,t7318,LIDAR_ONLY,12.5168,12.5168,15.4761,2.9593,2.9593,19.1215,19.1215,0,0,15.61,1.21,cautious,19.31,front,LIDAR_ONLY
0,289.7512,cam_2,CAM_ONLY,19.7530,,15.4761,4.2769,,27.6354,,0,,12.60,1.17,warning,,,CAMERA_ONLY
0,289.8081,cam_2,CAM_ONLY,20.0039,,15.4761,4.5278,,29.2566,,0,,9.69,1.23,warning,,,CAMERA_ONLY
0,289.8682,cam_2,CAM_ONLY,19.2597,,15.4761,3.7836,,24.4478,,0,,14.13,0.93,warning,,,CAMERA_ONLY
0,289.9250,cam_2,CAM_ONLY,19.2667,,15.4761,3.7906,,24.4931,,0,,12.79,0.83,warning,,,CAMERA_ONLY
0,289.9860,t7327,BOTH,19.7051,10.5228,15.4761,4.2290,4.9533,27.3260,32.0059,0,0,9.40,1.05,warning,,,FULL_ANGLE
0,289.9860,t7326,LIDAR_ONLY,11.5040,11.5040,15.4761,3.9720,3.9720,25.6657,25.6657,0,0,9.40,1.05,cautious,26.81,front,LIDAR_ONLY
0,289.9860,t7326,LIDAR_ONLY,12.0271,12.0271,15.4761,3.4490,3.4490,22.2861,22.2861,0,0,9.40,1.05,cautious,22.72,front,LIDAR_ONLY
0,289.9860,t7327,LIDAR_ONLY,10.6154,10.6154,15.4761,4.8607,4.8607,31.4077,31.4077,0,0,9.40,1.05,cautious,-1.82,front,LIDAR_ONLY
0,289.9860,t7327,LIDAR_ONLY,10.5434,10.5434,15.4761,4.9327,4.9327,31.8731,31.8731,0,0,9.40,1.05,cautious,6.36,front,LIDAR_ONLY
0,290.0560,cam_2,CAM_ONLY,19.3734,,15.4761,3.8974,,25.1831,,0,,18.72,1.78,warning,,,CAMERA_ONLY
0,290.1268,cam_2,CAM_ONLY,19.5888,,15.4761,4.1127,,26.5749,,0,,16.69,0.82,warning,,,CAMERA_ONLY
0,290.1847,t7327,BOTH,19.2209,10.5256,15.4761,3.7448,4.9505,24.1971,31.9878,0,0,12.35,0.93,warning,,,FULL_ANGLE
0,290.1847,t7326,LIDAR_ONLY,12.4869,12.4869,15.4761,2.9892,2.9892,19.3149,19.3149,0,0,12.35,0.93,cautious,22.27,front,LIDAR_ONLY
0,290.1847,t7326,LIDAR_ONLY,12.6195,12.6195,15.4761,2.8566,2.8566,18.4578,18.4578,0,0,12.35,0.93,cautious,26.48,front,LIDAR_ONLY
0,290.1847,t7327,LIDAR_ONLY,10.5039,10.5039,15.4761,4.9721,4.9721,32.1279,32.1279,0,0,12.35,0.93,cautious,5.43,front,LIDAR_ONLY
0,290.2449,cam_2,CAM_ONLY,19.6660,,15.4761,4.1899,,27.0736,,0,,12.56,1.15,warning,,,CAMERA_ONLY
0,290.3052,cam_2,CAM_ONLY,19.3009,,15.4761,3.8248,,24.7144,,0,,14.40,1.41,warning,,,CAMERA_ONLY
0,290.3702,cam_2,CAM_ONLY,19.3165,,15.4761,3.8404,,24.8149,,0,,11.79,0.89,warning,,,CAMERA_ONLY
0,290.4379,cam_2,CAM_ONLY,19.2166,,15.4761,3.7405,,24.1693,,0,,18.48,1.35,warning,,,CAMERA_ONLY
0,290.4379,t7339,LIDAR_ONLY,11.3014,11.3014,15.4761,4.1746,4.1746,26.9748,26.9748,0,0,18.48,1.35,cautious,27.21,front,LIDAR_ONLY
0,290.4379,t7339,LIDAR_ONLY,11.6429,11.6429,15.4761,3.8331,3.8331,24.7682,24.7682,0,0,18.48,1.35,cautious,23.17,front,LIDAR_ONLY
0,290.4930,cam_2,CAM_ONLY,19.6287,,15.4761,4.1526,,26.8322,,0,,12.91,1.38,warning,,,CAMERA_ONLY
0,290.4930,t7339,LIDAR_ONLY,11.7954,11.7954,15.4761,3.6807,3.6807,23.7834,23.7834,0,0,12.91,1.38,cautious,26.60,front,LIDAR_ONLY
0,290.4930,t7339,LIDAR_ONLY,12.2658,12.2658,15.4761,3.2103,3.2103,20.7435,20.7435,0,0,12.91,1.38,cautious,18.33,front,LIDAR_ONLY
0,290.4930,t7339,LIDAR_ONLY,12.6455,12.6455,15.4761,2.8306,2.8306,18.2900,18.2900,0,0,12.91,1.38,cautious,22.46,front,LIDAR_ONLY
0,290.5559,cam_2,CAM_ONLY,19.5636,,15.4761,4.0875,,26.4119,,0,,17.47,1.26,warning,,,CAMERA_ONLY
0,290.6095,cam_2,CAM_ONLY,19.2367,,15.4761,3.7606,,24.2993,,0,,9.85,1.05,warning,,,CAMERA_ONLY
0,290.6661,cam_2,CAM_ONLY,19.4018,,15.4761,3.9258,,25.3666,,0,,10.22,0.78,warning,,,CAMERA_ONLY
0,290.7233,cam_2,CAM_ONLY,19.4232,,15.4761,3.9471,,25.5044,,0,,11.15,1.01,warning,,,CAMERA_ONLY
0,290.7952,cam_2,CAM_ONLY,19.2227,,15.4761,3.7466,,24.2091,,0,,15.69,1.20,warning,,,CAMERA_ONLY
0,290.8592,cam_2,CAM_ONLY,19.1773,,15.4761,3.7012,,23.9159,,0,,15.26,0.99,warning,,,CAMERA_ONLY
0,290.9214,cam_2,CAM_ONLY,19.1996,,15.4761,3.7235,,24.0595,,0,,12.04,1.14,warning,,,CAMERA_ONLY
0,290.9859,t7349,BOTH,19.7367,10.4836,15.4761,4.2606,4.9925,27.5304,32.2593,0,0,15.13,0.81,warning,,,FULL_ANGLE
0,290.9859,t7349,LIDAR_ONLY,10.5614,10.5614,15.4761,4.9147,4.9147,31.7568,31.7568,0,0,15.13,0.81,cautious,-1.29,front,LIDAR_ONLY
0,291.0587,cam_2,CAM_ONLY,19.2562,,15.4761,3.7801,,24.4255,,0,,14.96,0.87,warning,,,CAMERA_ONLY
0,291.1223,cam_2,CAM_ONLY,19.2727,,15.4761,3.7966,,24.5322,,0,,13.14,0.98,warning,,,CAMERA_ONLY
0,291.1846,t7349,BOTH,19.7168,10.4949,15.4761,4.2407,4.9812,27.4018,32.1866,0,0,10.81,0.96,warning,,,FULL_ANGLE
0,291.1846,t7351,LIDAR_ONLY,19.1096,19.1096,15.4761,3.6336,3.6336,23.4785,23.4785,0,0,10.81,0.96,drive,18.57,front,LIDAR_ONLY
0,291.1846,t7351,LIDAR_ONLY,16.1623,16.1623,15.4761,0.6862,0.6862,4.4342,4.4342,1,1,10.81,0.96,drive,22.62,front,LIDAR_ONLY
0,291.1846,t7349,LIDAR_ONLY,10.4938,10.4938,15.4761,4.9823,4.9823,32.1935,32.1935,0,0,10.81,0.96,cautious,-1.65,front,LIDAR_ONLY
0,291.1846,t7349,LIDAR_ONLY,10.4845,10.4845,15.4761,4.9916,4.9916,32.2536,32.2536,0,0,10.81,0.96,cautious,6.44,front,LIDAR_ONLY
0,291.2405,t7349,BOTH,19.3437,10.4552,15.4761,3.8676,5.0209,24.9911,32.4431,0,0,12.63,1.18,warning,,,FULL_ANGLE
0,291.2405,t7351,LIDAR_ONLY,15.3012,15.3012,15.4761,0.1749,0.1749,1.1301,1.1301,1,1,12.63,1.18,drive,23.43,front,LIDAR_ONLY
0,291.2405,t7351,LIDAR_ONLY,14.5945,14.5945,15.4761,0.8816,0.8816,5.6965,5.6965,1,1,12.63,1.18,cautious,27.60,front,LIDAR_ONLY
0,291.2405,t7351,LIDAR_ONLY,14.7782,14.7782,15.4761,0.6979,0.6979,4.5094,4.5094,1,1,12.63,1.18,cautious,19.26,front,LIDAR_ONLY
0,291.3042,cam_2,CAM_ONLY,19.3114,,15.4761,3.8353,,24.7820,,0,,12.71,1.20,warning,,,CAMERA_ONLY
0,291.3640,cam_2,CAM_ONLY,19.3540,,15.4761,3.8779,,25.0571,,0,,12.97,0.91,warning,,,CAMERA_ONLY
0,291.4243,cam_2,CAM_ONLY,19.3400,,15.4761,3.8639,,24.9669,,0,,10.63,0.86,warning,,,CAMERA_ONLY
0,291.4783,cam_2,CAM_ONLY,19.7527,,15.4761,4.2766,,27.6339,,0,,12.69,0.87,warning,,,CAMERA_ONLY
0,291.5400,cam_2,CAM_ONLY,19.7478,,15.4761,4.2718,,27.6023,,0,,12.52,1.33,warning,,,CAMERA_ONLY
0,291.5400,t7362,LIDAR_ONLY,13.3383,13.3383,15.4761,2.1378,2.1378,13.8136,13.8136,0,0,12.52,1.33,cautious,23.78,front,LIDAR_ONLY
0,291.5400,t7362,LIDAR_ONLY,11.8503,11.8503,15.4761,3.6258,3.6258,23.4282,23.4282,0,0,12.52,1.33,cautious,27.82,front,LIDAR_ONLY
0,291.5400,t7362,LIDAR_ONLY,12.2788,12.2788,15.4761,3.1973,3.1973,20.6596,20.6596,0,0,12.52,1.33,cautious,19.74,front,LIDAR_ONLY
0,291.5929,cam_2,CAM_ONLY,19.3761,,15.4761,3.9000,,25.2002,,0,,9.60,1.16,warning,,,CAMERA_ONLY
0,291.5929,t7362,LIDAR_ONLY,12.3372,12.3372,15.4761,3.1388,3.1388,20.2819,20.2819,0,0,9.60,1.16,cautious,29.00,front,LIDAR_ONLY
0,291.6504,cam_2,CAM_ONLY,19.2786,,15.4761,3.8026,,24.5705,,0,,12.78,1.12,warning,,,CAMERA_ONLY
0,291.7552,cam_2,CAM_ONLY,19.2334,,15.4761,3.7573,,24.2784,,0,,12.94,1.23,warning,,,CAMERA_ONLY
0,291.8138,cam_2,CAM_ONLY,19.3490,,15.4761,3.8729,,25.0248,,0,,12.27,1.86,warning,,,CAMERA_ONLY
0,291.8752,cam_2,CAM_ONLY,19.1857,,15.4761,3.7096,,23.9701,,0,,13.77,0.84,warning,,,CAMERA_ONLY
0,291.9399,t7373,BOTH,19.2144,10.5002,15.4761,3.7383,4.9759,24.1554,32.1520,0,0,21.03,1.40,warning,,,FULL_ANGLE
0,291.9399,t7372,LIDAR_ONLY,10.4979,10.4979,15.4761,4.9782,4.9782,32.1668,32.1668,0,0,21.03,1.40,cautious,28.99,front,LIDAR_ONLY
0,291.9399,t7372,LIDAR_ONLY,11.2273,11.2273,15.4761,4.2488,4.2488,27.4538,27.4538,0,0,21.03,1.40,cautious,20.85,front,LIDAR_ONLY
0,291.9399,t7372,LIDAR_ONLY,11.7088,11.7088,15.4761,3.7673,3.7673,24.3427,24.3427,0,0,21.03,1.40,cautious,24.92,front,LIDAR_ONLY
0,291.9399,t7373,LIDAR_ONLY,10.5544,10.5544,15.4761,4.9217,4.9217,31.8019,31.8019,0,0,21.03,1.40,cautious,-3.55,front,LIDAR_ONLY
0,291.9399,t7373,LIDAR_ONLY,10.4522,10.4522,15.4761,5.0239,5.0239,32.4620,32.4620,0,0,21.03,1.40,cautious,4.59,front,LIDAR_ONLY
0,292.0027,cam_2,CAM_ONLY,19.7338,,15.4761,4.2577,,27.5113,,0,,13.84,1.18,warning,,,CAMERA_ONLY
0,292.0568,cam_2,CAM_ONLY,19.5860,,15.4761,4.1099,,26.5565,,0,,11.02,1.12,warning,,,CAMERA_ONLY
0,292.1109,cam_2,CAM_ONLY,19.2600,,15.4761,3.7839,,24.4500,,0,,10.42,0.87,warning,,,CAMERA_ONLY
0,292.1703,cam_2,CAM_ONLY,19.3613,,15.4761,3.8852,,25.1044,,0,,9.77,1.03,warning,,,CAMERA_ONLY
0,292.2504,cam_2,CAM_ONLY,19.3405,,15.4761,3.8644,,24.9701,,0,,23.16,1.82,warning,,,CAMERA_ONLY
0,292.3151,cam_2,CAM_ONLY,19.2948,,15.4761,3.8188,,24.6752,,0,,14.99,0.91,warning,,,CAMERA_ONLY
0,292.3964,cam_2,CAM_ONLY,19.3031,,15.4761,3.8270,,24.7283,,0,,22.40,1.04,warning,,,CAMERA_ONLY
0,292.4528,cam_2,CAM_ONLY,19.3209,,15.4761,3.8449,,24.8439,,0,,13.24,1.30,warning,,,CAMERA_ONLY
0,292.5104,cam_2,CAM_ONLY,19.1990,,15.4761,3.7229,,24.0556,,0,,13.46,0.87,warning,,,CAMERA_ONLY
0,292.5726,cam_2,CAM_ONLY,19.7381,,15.4761,4.2620,,27.5394,,0,,14.78,1.09,warning,,,CAMERA_ONLY
0,292.6271,cam_2,CAM_ONLY,19.3590,,15.4761,3.8829,,25.0900,,0,,12.04,0.77,warning,,,CAMERA_ONLY
0,292.6958,t7390,BOTH,19.3415,10.5608,15.4761,3.8654,4.9153,24.9765,31.7607,0,0,19.80,1.48,warning,,,FULL_ANGLE
0,292.6958,t7389,LIDAR_ONLY,10.6748,10.6748,15.4761,4.8013,4.8013,31.0239,31.0239,0,0,19.80,1.48,cautious,28.56,front,LIDAR_ONLY
0,292.6958,t7389,LIDAR_ONLY,11.5633,11.5633,15.4761,3.9128,3.9128,25.2826,25.2826,0,0,19.80,1.48,cautious,20.19,front,LIDAR_ONLY
0,292.6958,t7389,LIDAR_ONLY,12.1364,12.1364,15.4761,3.3396,3.3396,21.5794,21.5794,0,0,19.80,1.48,cautious,24.37,front,LIDAR_ONLY
0,292.6958,t7390,LIDAR_ONLY,10.5010,10.5010,15.4761,4.9750,4.9750,32.1467,32.1467,0,0,19.80,1.48,cautious,3.44,front,LIDAR_ONLY
0,292.7472,cam_2,CAM_ONLY,19.4514,,15.4761,3.9753,,25.6868,,0,,9.25,1.11,warning,,,CAMERA_ONLY
0,292.8083,cam_2,CAM_ONLY,19.2260,,15.4761,3.7500,,24.2306,,0,,16.67,1.51,warning,,,CAMERA_ONLY
0,292.8840,t7390,BOTH,19.1965,10.4982,15.4761,3.7204,4.9779,24.0399,32.1651,0,0,14.24,0.92,warning,,,FULL_ANGLE
0,292.8840,t7390,LIDAR_ONLY,10.4909,10.4909,15.4761,4.9852,4.9852,32.2120,32.2120,0,0,14.24,0.92,cautious,3.74,front,LIDAR_ONLY
0,292.8840,t7390,LIDAR_ONLY,10.4926,10.4926,15.4761,4.9835,4.9835,32.2014,32.2014,0,0,14.24,0.92,cautious,-4.41,front,LIDAR_ONLY
0,292.9397,t7390,BOTH,19.6811,10.5128,15.4761,4.2051,4.9633,27.1713,32.0706,0,0,15.81,1.25,warning,,,FULL_ANGLE
0,292.9397,t7396,LIDAR_ONLY,13.2685,13.2685,15.4761,2.2076,2.2076,14.2646,14.2646,0,0,15.81,1.25,cautious,23.88,front,LIDAR_ONLY
0,292.9397,t7396,LIDAR_ONLY,14.5973,14.5973,15.4761,0.8788,0.8788,5.6783,5.6783,1,1,15.81,1.25,cautious,15.80,front,LIDAR_ONLY
0,292.9397,t7390,LIDAR_ONLY,10.5001,10.5001,15.4761,4.9760,4.9760,32.1530,32.1530,0,0,15.81,1.25,cautious,-4.39,front,LIDAR_ONLY
0,292.9397,t7390,LIDAR_ONLY,10.5005,10.5005,15.4761,4.9756,4.9756,32.1504,32.1504,0,0,15.81,1.25,cautious,3.69,front,LIDAR_ONLY
0,292.9397,t7397,LIDAR_ONLY,10.9649,10.9649,15.4761,4.5112,4.5112,29.1496,29.1496,0,0,15.81,1.25,cautious,27.92,front,LIDAR_ONLY
0,293.0076,cam_2,CAM_ONLY,19.3603,,15.4761,3.8843,,25.0984,,0,,20.91,1.61,warning,,,CAMERA_ONLY
0,293.0694,cam_2,CAM_ONLY,19.7175,,15.4761,4.2414,,27.4061,,0,,10.37,0.93,warning,,,CAMERA_ONLY
0,293.1306,cam_2,CAM_ONLY,19.4078,,15.4761,3.9317,,25.4050,,0,,10.73,0.74,warning,,,CAMERA_ONLY
0,293.1903,cam_2,CAM_ONLY,19.3193,,15.4761,3.8432,,24.8331,,0,,10.86,1.24,warning,,,CAMERA_ONLY
0,293.1903,t7404,LIDAR_ONLY,13.4989,13.4989,15.4761,1.9772,1.9772,12.7761,12.7761,0,0,10.86,1.24,cautious,23.55,front,LIDAR_ONLY
0,293.1903,t7404,LIDAR_ONLY,11.7855,11.7855,15.4761,3.6906,3.6906,23.8471,23.8471,0,0,10.86,1.24,cautious,27.71,front,LIDAR_ONLY
0,293.1903,t7404,LIDAR_ONLY,12.3774,12.3774,15.4761,3.0987,3.0987,20.0227,20.0227,0,0,10.86,1.24,cautious,19.40,front,LIDAR_ONLY
0,293.2460,cam_2,CAM_ONLY,19.4678,,15.4761,3.9917,,25.7929,,0,,9.52,1.15,warning,,,CAMERA_ONLY
0,293.3019,cam_2,CAM_ONLY,19.2972,,15.4761,3.8211,,24.6905,,0,,9.62,1.14,warning,,,CAMERA_ONLY
0,293.3682,cam_2,CAM_ONLY,19.7380,,15.4761,4.2619,,27.5389,,0,,20.50,1.13,warning,,,CAMERA_ONLY
0,293.4345,t7414,BOTH,19.2777,10.4951,15.4761,3.8016,4.9810,24.5646,32.1848,0,0,17.75,0.95,warning,,,FULL_ANGLE
0,293.4345,t7413,LIDAR_ONLY,17.5715,17.5715,15.4761,2.0954,2.0954,13.5398,13.5398,0,0,17.75,0.95,drive,19.54,front,LIDAR_ONLY
0,293.4345,t7413,LIDAR_ONLY,15.7498,15.7498,15.4761,0.2737,0.2737,1.7688,1.7688,1,1,17.75,0.95,drive,23.77,front,LIDAR_ONLY
0,293.4345,t7414,LIDAR_ONLY,10.4292,10.4292,15.4761,5.0469,5.0469,32.6109,32.6109,0,0,17.75,0.95,cautious,6.84,front,LIDAR_ONLY
0,293.4972,cam_2,CAM_ONLY,19.7319,,15.4761,4.2558,,27.4994,,0,,19.34,1.23,warning,,,CAMERA_ONLY
0,293.5541,cam_2,CAM_ONLY,19.6256,,15.4761,4.1496,,26.8127,,0,,12.19,1.19,warning,,,CAMERA_ONLY
0,293.6174,cam_2,CAM_ONLY,19.3237,,15.4761,3.8476,,24.8615,,0,,13.70,0.88,warning,,,CAMERA_ONLY
0,293.6755,cam_2,CAM_ONLY,19.2564,,15.4761,3.7804,,24.4270,,0,,10.16,0.93,warning,,,CAMERA_ONLY
0,293.7318,t7426,BOTH,19.3501,10.5463,15.4761,3.8740,4.9298,25.0320,31.8544,0,0,9.11,1.12,warning,,,FULL_ANGLE
0,293.7318,t7425,LIDAR_ONLY,11.3612,11.3612,15.4761,4.1149,4.1149,26.5887,26.5887,0,0,9.11,1.12,cautious,27.10,front,LIDAR_ONLY
0,293.7318,t7425,LIDAR_ONLY,12.1214,12.1214,15.4761,3.3547,3.3547,21.6766,21.6766,0,0,9.11,1.12,cautious,18.59,front,LIDAR_ONLY
0,293.7318,t7426,LIDAR_ONLY,10.6442,10.6442,15.4761,4.8319,4.8319,31.2219,31.2219,0,0,9.11,1.12,cautious,-2.66,front,LIDAR_ONLY
0,293.7318,t7426,LIDAR_ONLY,10.4949,10.4949,15.4761,4.9812,4.9812,32.1866,32.1866,0,0,9.11,1.12,cautious,5.84,front,LIDAR_ONLY
0,293.7318,t7425,LIDAR_ONLY,12.6619,12.6619,15.4761,2.8142,2.8142,18.1841,18.1841,0,0,9.11,1.12,cautious,22.84,front,LIDAR_ONLY
0,293.7899,t7426,BOTH,19.3779,11.2061,15.4761,3.9018,4.2700,25.2118,27.5909,0,0,11.23,1.18,warning,,,FULL_ANGLE
0,293.7899,t7425,LIDAR_ONLY,13.0005,13.0005,15.4761,2.4756,2.4756,15.9961,15.9961,0,0,11.23,1.18,cautious,23.61,front,LIDAR_ONLY
0,293.7899,t7425,LIDAR_ONLY,12.9836,12.9836,15.4761,2.4925,2.4925,16.1057,16.1057,0,0,11.23,1.18,cautious,27.58,front,LIDAR_ONLY
0,293.7899,t7426,LIDAR_ONLY,11.9675,11.9675,15.4761,3.5086,3.5086,22.6709,22.6709,0,0,11.23,1.18,cautious,19.64,front,LIDAR_ONLY
0,293.8484,cam_2,CAM_ONLY,19.3299,,15.4761,3.8538,,24.9017,,0,,12.09,1.37,warning,,,CAMERA_ONLY
0,293.9057,cam_2,CAM_ONLY,19.6684,,15.4761,4.1923,,27.0890,,0,,11.35,1.16,warning,,,CAMERA_ONLY
0,293.9674,cam_2,CAM_ONLY,19.3029,,15.4761,3.8268,,24.7270,,0,,14.18,0.82,warning,,,CAMERA_ONLY
0,294.0321,t7433,BOTH,19.3791,10.4922,15.4761,3.9030,4.9839,25.2193,32.2039,0,0,14.47,0.89,warning,,,FULL_ANGLE
0,294.0321,t7433,LIDAR_ONLY,10.4764,10.4764,15.4761,4.9997,4.9997,32.3062,32.3062,0,0,14.47,0.89,cautious,6.17,front,LIDAR_ONLY
0,294.0902,cam_2,CAM_ONLY,19.3905,,15.4761,3.9144,,25.2931,,0,,13.42,1.25,warning,,,CAMERA_ONLY
0,294.0902,t7436,LIDAR_ONLY,15.0252,15.0252,15.4761,0.4509,0.4509,2.9135,2.9135,1,1,13.42,1.25,drive,21.67,front,LIDAR_ONLY
0,294.0902,t7436,LIDAR_ONLY,12.9459,12.9459,15.4761,2.5302,2.5302,16.3492,16.3492,0,0,13.42,1.25,cautious,25.78,front,LIDAR_ONLY
0,294.0902,t7436,LIDAR_ONLY,13.6330,13.6330,15.4761,1.8431,1.8431,11.9094,11.9094,0,0,13.42,1.25,cautious,17.56,front,LIDAR_ONLY
0,294.0902,t7437,LIDAR_ONLY,10.1304,10.1304,15.4761,5.3457,5.3457,34.5419,34.5419,0,0,13.42,1.25,cautious,29.89,front,LIDAR_ONLY
0,294.1507,cam_2,CAM_ONLY,19.3358,,15.4761,3.8597,,24.9399,,0,,11.82,1.20,warning,,,CAMERA_ONLY
0,294.2095,cam_2,CAM_ONLY,19.2195,,15.4761,3.7434,,24.1885,,0,,12.87,0.93,warning,,,CAMERA_ONLY
0,294.2690,cam_2,CAM_ONLY,19.2401,,15.4761,3.7640,,24.3213,,0,,11.28,0.95,warning,,,CAMERA_ONLY
0,294.3355,cam_2,CAM_ONLY,19.2350,,15.4761,3.7589,,24.2884,,0,,18.15,1.47,warning,,,CAMERA_ONLY
0,294.3962,cam_2,CAM_ONLY,19.2831,,15.4761,3.8070,,24.5992,,0,,18.30,1.88,warning,,,CAMERA_ONLY
0,294.4515,cam_2,CAM_ONLY,19.2316,,15.4761,3.7555,,24.2665,,0,,10.19,1.15,warning,,,CAMERA_ONLY
0,294.5065,cam_2,CAM_ONLY,19.2276,,15.4761,3.7515,,24.2409,,0,,15.70,1.17,warning,,,CAMERA_ONLY
0,294.5627,cam_2,CAM_ONLY,19.2237,,15.4761,3.7476,,24.2154,,0,,10.45,0.97,warning,,,CAMERA_ONLY
0,294.6152,cam_2,CAM_ONLY,19.6271,,15.4761,4.1510,,26.8218,,0,,11.29,0.87,warning,,,CAMERA_ONLY
0,294.6887,cam_2,CAM_ONLY,19.2390,,15.4761,3.7629,,24.3145,,0,,12.43,0.81,warning,,,CAMERA_ONLY
0,294.7575,cam_2,CAM_ONLY,19.1764,,15.4761,3.7004,,23.9101,,0,,16.42,1.03,warning,,,CAMERA_ONLY
0,294.8134,cam_2,CAM_ONLY,19.2333,,15.4761,3.7572,,24.2777,,0,,12.66,1.04,warning,,,CAMERA_ONLY
0,294.8819,t7452,BOTH,19.3243,10.6516,15.4761,3.8482,4.8245,24.8656,31.1738,0,0,19.25,0.81,warning,,,FULL_ANGLE
0,294.9628,cam_2,CAM_ONLY,19.2461,,15.4761,3.7700,,24.3602,,0,,22.45,1.23,warning,,,CAMERA_ONLY
0,295.0227,cam_2,CAM_ONLY,19.2347,,15.4761,3.7586,,24.2864,,0,,10.42,0.89,warning,,,CAMERA_ONLY
0,295.0817,t7452,BOTH,19.3053,10.6046,15.4761,3.8293,4.8715,24.7430,31.4773,0,0,10.09,1.31,warning,,,FULL_ANGLE
0,295.0817,t7452,LIDAR_ONLY,10.6208,10.6208,15.4761,4.8553,4.8553,31.3730,31.3730,0,0,10.09,1.31,cautious,-4.92,front,LIDAR_ONLY
0,295.1427,cam_2,CAM_ONLY,19.3270,,15.4761,3.8509,,24.8830,,0,,11.93,1.19,warning,,,CAMERA_ONLY
0,295.1427,t7458,LIDAR_ONLY,13.7430,13.7430,15.4761,1.7331,1.7331,11.1985,11.1985,0,0,11.93,1.19,cautious,23.22,front,LIDAR_ONLY
0,295.1427,t7458,LIDAR_ONLY,12.7804,12.7804,15.4761,2.6957,2.6957,17.4185,17.4185,0,0,11.93,1.19,cautious,27.43,front,LIDAR_ONLY
0,295.2177,cam_2,CAM_ONLY,19.2025,,15.4761,3.7265,,24.0788,,0,,15.88,1.01,warning,,,CAMERA_ONLY
0,295.2801,t7452,BOTH,19.2123,10.5598,15.4761,3.7362,4.9162,24.1418,31.7667,0,0,11.87,0.96,warning,,,FULL_ANGLE
0,295.2801,t7458,LIDAR_ONLY,11.7325,11.7325,15.4761,3.7436,3.7436,24.1896,24.1896,0,0,11.87,0.96,cautious,28.86,front,LIDAR_ONLY
0,295.2801,t7458,LIDAR_ONLY,12.0567,12.0567,15.4761,3.4194,3.4194,22.0949,22.0949,0,0,11.87,0.96,cautious,20.62,front,LIDAR_ONLY
0,295.2801,t7458,LIDAR_ONLY,12.2789,12.2789,15.4761,3.1972,3.1972,20.6592,20.6592,0,0,11.87,0.96,cautious,24.74,front,LIDAR_ONLY
0,295.3403,cam_2,CAM_ONLY,19.2149,,15.4761,3.7388,,24.1585,,0,,13.69,1.22,warning,,,CAMERA_ONLY
0,295.3403,t7458,LIDAR_ONLY,12.1850,12.1850,15.4761,3.2910,3.2910,21.2654,21.2654,0,0,13.69,1.22,cautious,27.54,front,LIDAR_ONLY
0,295.3403,t7458,LIDAR_ONLY,12.5101,12.5101,15.4761,2.9660,2.9660,19.1652,19.1652,0,0,13.69,1.22,cautious,19.06,front,LIDAR_ONLY
0,295.3403,t7458,LIDAR_ONLY,13.0171,13.0171,15.4761,2.4590,2.4590,15.8889,15.8889,0,0,13.69,1.22,cautious,23.30,front,LIDAR_ONLY
0,295.4086,cam_2,CAM_ONLY,19.3729,,15.4761,3.8968,,25.1798,,0,,20.51,1.50,warning,,,CAMERA_ONLY
0,295.4770,cam_2,CAM_ONLY,19.7519,,15.4761,4.2758,,27.6287,,0,,12.36,0.91,warning,,,CAMERA_ONLY
0,295.5491,cam_2,CAM_ONLY,19.6814,,15.4761,4.2053,,27.1731,,0,,20.08,2.46,warning,,,CAMERA_ONLY
0,295.6142,cam_2,CAM_ONLY,19.8071,,15.4761,4.3310,,27.9853,,0,,14.55,1.52,warning,,,CAMERA_ONLY
0,295.6757,cam_2,CAM_ONLY,19.2459,,15.4761,3.7699,,24.3592,,0,,13.41,1.08,warning,,,CAMERA_ONLY
0,295.7366,t7472,BOTH,19.1723,10.5897,15.4761,3.6962,4.8864,23.8831,31.5739,0,0,10.53,1.03,warning,,,FULL_ANGLE
0,295.7366,t7470,LIDAR_ONLY,12.3784,12.3784,15.4761,3.0977,3.0977,20.0162,20.0162,0,0,10.53,1.03,cautious,25.25,front,LIDAR_ONLY
0,295.7366,t7470,LIDAR_ONLY,11.1414,11.1414,15.4761,4.3347,4.3347,28.0091,28.0091,0,0,10.53,1.03,cautious,29.39,front,LIDAR_ONLY
0,295.7366,t7471,LIDAR_ONLY,22.3872,22.3872,15.4761,6.9111,6.9111,44.6567,44.6567,0,0,10.53,1.03,drive,16.96,front,LIDAR_ONLY
0,295.7366,t7471,LIDAR_ONLY,19.8163,19.8163,15.4761,4.3403,4.3403,28.0449,28.0449,0,0,10.53,1.03,drive,21.10,front,LIDAR_ONLY
0,295.7366,t7472,LIDAR_ONLY,10.5476,10.5476,15.4761,4.9285,4.9285,31.8459,31.8459,0,0,10.53,1.03,cautious,4.52,front,LIDAR_ONLY
0,295.7366,t7472,LIDAR_ONLY,10.5575,10.5575,15.4761,4.9186,4.9186,31.7822,31.7822,0,0,10.53,1.03,cautious,-3.76,front,LIDAR_ONLY
0,295.7996,cam_2,CAM_ONLY,19.4049,,15.4761,3.9289,,25.3866,,0,,16.09,1.19,warning,,,CAMERA_ONLY
0,295.8623,cam_2,CAM_ONLY,19.3084,,15.4761,3.8323,,24.7627,,0,,14.93,0.86,warning,,,CAMERA_ONLY
0,295.9158,cam_2,CAM_ONLY,19.3333,,15.4761,3.8572,,24.9235,,0,,9.19,0.98,warning,,,CAMERA_ONLY
0,295.9716,cam_2,CAM_ONLY,19.2704,,15.4761,3.7943,,24.5173,,0,,15.35,0.88,warning,,,CAMERA_ONLY
0,296.0348,t7482,BOTH,19.2431,10.4837,15.4761,3.7670,4.9924,24.3409,32.2587,0,0,10.82,1.10,warning,,,FULL_ANGLE
0,296.0348,t7481,LIDAR_ONLY,16.6650,16.6650,15.4761,1.1889,1.1889,7.6820,7.6820,0,0,10.82,1.10,drive,20.19,front,LIDAR_ONLY
0,296.0348,t7481,LIDAR_ONLY,12.8660,12.8660,15.4761,2.6101,2.6101,16.8655,16.8655,0,0,10.82,1.10,cautious,28.65,front,LIDAR_ONLY
0,296.0348,t7482,LIDAR_ONLY,10.5519,10.5519,15.4761,4.9242,4.9242,31.8181,31.8181,0,0,10.82,1.10,cautious,-0.96,front,LIDAR_ONLY
0,296.0348,t7481,LIDAR_ONLY,12.8689,12.8689,15.4761,2.6072,2.6072,16.8466,16.8466,0,0,10.82,1.10,cautious,24.42,front,LIDAR_ONLY
0,296.0913,cam_2,CAM_ONLY,19.7352,,15.4761,4.2592,,27.5209,,0,,11.67,1.30,warning,,,CAMERA_ONLY
0,296.0913,t7481,LIDAR_ONLY,11.8323,11.8323,15.4761,3.6438,3.6438,23.5444,23.5444,0,0,11.67,1.30,cautious,29.66,front,LIDAR_ONLY
0,296.0913,t7485,LIDAR_ONLY,21.2004,21.2004,15.4761,5.7243,5.7243,36.9882,36.9882,0,0,11.67,1.30,drive,17.48,front,LIDAR_ONLY
0,296.0913,t7485,LIDAR_ONLY,18.5948,18.5948,15.4761,3.1187,3.1187,20.1518,20.1518,0,0,11.67,1.30,drive,21.54,front,LIDAR_ONLY
0,296.0913,t7485,LIDAR_ONLY,16.2361,16.2361,15.4761,0.7600,0.7600,4.9109,4.9109,1,1,11.67,1.30,drive,25.60,front,LIDAR_ONLY
0,296.1537,cam_2,CAM_ONLY,19.2223,,15.4761,3.7462,,24.2061,,0,,13.45,1.31,warning,,,CAMERA_ONLY
0,296.2155,cam_2,CAM_ONLY,19.3653,,15.4761,3.8892,,25.1303,,0,,10.58,0.90,warning,,,CAMERA_ONLY
0,296.2849,t7489,BOTH,19.3582,10.4731,15.4761,3.8821,5.0030,25.0845,32.3273,0,0,12.89,0.80,warning,,,FULL_ANGLE
0,296.3615,cam_2,CAM_ONLY,19.2482,,15.4761,3.7721,,24.3735,,0,,18.70,0.99,warning,,,CAMERA_ONLY
0,296.4228,cam_2,CAM_ONLY,19.2532,,15.4761,3.7771,,24.4062,,0,,11.63,0.94,warning,,,CAMERA_ONLY
0,296.4863,t7489,BOTH,19.3490,10.4851,15.4761,3.8729,4.9910,25.0251,32.2499,0,0,12.81,0.92,warning,,,FULL_ANGLE
0,296.4863,t7493,LIDAR_ONLY,17.1656,17.1656,15.4761,1.6895,1.6895,10.9171,10.9171,0,0,12.81,0.92,drive,19.82,front,LIDAR_ONLY
0,296.4863,t7489,LIDAR_ONLY,10.4839,10.4839,15.4761,4.9921,4.9921,32.2572,32.2572,0,0,12.81,0.92,cautious,-4.91,front,LIDAR_ONLY
0,296.4863,t7489,LIDAR_ONLY,10.4907,10.4907,15.4761,4.9853,4.9853,32.2132,32.2132,0,0,12.81,0.92,cautious,-0.79,front,LIDAR_ONLY
0,296.5395,cam_2,CAM_ONLY,19.2562,,15.4761,3.7801,,24.4252,,0,,10.36,1.09,warning,,,CAMERA_ONLY
0,296.5395,t7493,LIDAR_ONLY,15.4524,15.4524,15.4761,0.0237,0.0237,0.1531,0.1531,1,1,10.36,1.09,drive,23.79,front,LIDAR_ONLY
0,296.5395,t7493,LIDAR_ONLY,13.4588,13.4588,15.4761,2.0173,2.0173,13.0348,13.0348,0,0,10.36,1.09,cautious,27.96,front,LIDAR_ONLY
0,296.6021,cam_2,CAM_ONLY,19.2726,,15.4761,3.7965,,24.5316,,0,,11.77,1.17,warning,,,CAMERA_ONLY
0,296.6637,cam_2,CAM_ONLY,19.2505,,15.4761,3.7744,,24.3887,,0,,11.61,1.00,warning,,,CAMERA_ONLY
0,296.7196,cam_2,CAM_ONLY,19.6349,,15.4761,4.1588,,26.8727,,0,,10.09,0.88,warning,,,CAMERA_ONLY
0,296.7767,cam_2,CAM_ONLY,19.2704,,15.4761,3.7943,,24.5170,,0,,12.61,0.87,warning,,,CAMERA_ONLY
0,296.8491,cam_2,CAM_ONLY,19.3235,,15.4761,3.8474,,24.8601,,0,,15.64,1.11,warning,,,CAMERA_ONLY
0,296.9138,cam_2,CAM_ONLY,19.2931,,15.4761,3.8170,,24.6640,,0,,20.11,1.58,warning,,,CAMERA_ONLY
0,296.9680,cam_2,CAM_ONLY,19.7720,,15.4761,4.2959,,27.7581,,0,,10.40,1.03,warning,,,CAMERA_ONLY
0,297.0155,cam_2,CAM_ONLY,19.2457,,15.4761,3.7696,,24.3578,,0,,9.24,1.04,warning,,,CAMERA_ONLY
0,297.0740,cam_2,CAM_ONLY,19.6424,,15.4761,4.1663,,26.9211,,0,,12.18,1.08,warning,,,CAMERA_ONLY
0,297.1363,t7509,BOTH,19.6702,10.4510,15.4761,4.1941,5.0251,27.1008,32.4703,0,0,13.46,1.01,warning,,,FULL_ANGLE
0,297.1363,t7507,LIDAR_ONLY,10.5284,10.5284,15.4761,4.9477,4.9477,31.9696,31.9696,0,0,13.46,1.01,cautious,28.91,front,LIDAR_ONLY
0,297.1363,t7507,LIDAR_ONLY,11.5502,11.5502,15.4761,3.9259,3.9259,25.3675,25.3675,0,0,13.46,1.01,cautious,20.70,front,LIDAR_ONLY
0,297.1363,t7507,LIDAR_ONLY,13.1962,13.1962,15.4761,2.2799,2.2799,14.7320,14.7320,0,0,13.46,1.01,cautious,16.59,front,LIDAR_ONLY
0,297.1363,t7509,LIDAR_ONLY,10.4666,10.4666,15.4761,5.0095,5.0095,32.3692,32.3692,0,0,13.46,1.01,cautious,-3.96,front,LIDAR_ONLY
0,297.1363,t7509,LIDAR_ONLY,10.4683,10.4683,15.4761,5.0078,5.0078,32.3581,32.3581,0,0,13.46,1.01,cautious,4.26,front,LIDAR_ONLY
0,297.2004,cam_2,CAM_ONLY,19.7419,,15.4761,4.2658,,27.5639,,0,,16.53,1.12,warning,,,CAMERA_ONLY
0,297.2628,cam_2,CAM_ONLY,19.3563,,15.4761,3.8802,,25.0720,,0,,15.77,0.92,warning,,,CAMERA_ONLY
0,297.3337,t7509,BOTH,19.3547,10.4747,15.4761,3.8786,5.0014,25.0621,32.3167,0,0,14.50,0.86,warning,,,FULL_ANGLE
0,297.3337,t7509,LIDAR_ONLY,10.4717,10.4717,15.4761,5.0044,5.0044,32.3363,32.3363,0,0,14.50,0.86,cautious,-2.51,front,LIDAR_ONLY
0,297.3337,t7509,LIDAR_ONLY,10.4598,10.4598,15.4761,5.0163,5.0163,32.4133,32.4133,0,0,14.50,0.86,cautious,5.99,front,LIDAR_ONLY
0,297.3935,cam_2,CAM_ONLY,19.2294,,15.4761,3.7533,,24.2522,,0,,14.06,1.37,warning,,,CAMERA_ONLY
0,297.3935,t7515,LIDAR_ONLY,10.3279,10.3279,15.4761,5.1482,5.1482,33.2654,33.2654,0,0,14.06,1.37,cautious,29.39,front,LIDAR_ONLY
0,297.3935,t7515,LIDAR_ONLY,10.5654,10.5654,15.4761,4.9107,4.9107,31.7306,31.7306,0,0,14.06,1.37,cautious,25.20,front,LIDAR_ONLY
0,297.3935,t7515,LIDAR_ONLY,11.1036,11.1036,15.4761,4.3725,4.3725,28.2530,28.2530,0,0,14.06,1.37,cautious,21.01,front,LIDAR_ONLY
0,297.4846,t7509,BOTH,19.3194,10.4425,15.4761,3.8433,5.0336,24.8336,32.5251,0,0,19.03,0.88,warning,,,FULL_ANGLE
0,297.4846,t7515,LIDAR_ONLY,12.0503,12.0503,15.4761,3.4258,3.4258,22.1363,22.1363,0,0,19.03,0.88,cautious,15.69,front,LIDAR_ONLY
0,297.4846,t7515,LIDAR_ONLY,12.8167,12.8167,15.4761,2.6594,2.6594,17.1840,17.1840,0,0,19.03,0.88,cautious,19.91,front,LIDAR_ONLY
0,297.4846,t7509,LIDAR_ONLY,10.4488,10.4488,15.4761,5.0273,5.0273,32.4842,32.4842,0,0,19.03,0.88,cautious,-1.17,front,LIDAR_ONLY
0,297.5466,t7517,BOTH,19.3272,25.3011,15.4761,3.8511,9.8251,24.8840,63.4854,0,0,15.16,1.40,warning,,,FULL_ANGLE
0,297.5466,t7515,LIDAR_ONLY,13.4154,13.4154,15.4761,2.0607,2.0607,13.3153,13.3153,0,0,15.16,1.40,cautious,28.00,front,LIDAR_ONLY
0,297.5466,t7517,LIDAR_ONLY,21.7393,21.7393,15.4761,6.2632,6.2632,40.4700,40.4700,0,0,15.16,1.40,drive,19.93,front,LIDAR_ONLY
0,297.5466,t7517,LIDAR_ONLY,17.7745,17.7745,15.4761,2.2984,2.2984,14.8512,14.8512,0,0,15.16,1.40,drive,23.96,front,LIDAR_ONLY
0,297.6048,cam_2,CAM_ONLY,19.2164,,15.4761,3.7403,,24.1681,,0,,12.71,1.18,warning,,,CAMERA_ONLY
0,297.6724,cam_2,CAM_ONLY,19.2457,,15.4761,3.7696,,24.3579,,0,,15.69,0.89,warning,,,CAMERA_ONLY
0,297.7376,cam_2,CAM_ONLY,19.2370,,15.4761,3.7609,,24.3014,,0,,16.72,1.27,warning,,,CAMERA_ONLY
0,297.7376,t7515,LIDAR_ONLY,13.7319,13.7319,15.4761,1.7442,1.7442,11.2705,11.2705,0,0,16.72,1.27,cautious,26.19,front,LIDAR_ONLY
0,297.7376,t7517,LIDAR_ONLY,17.9101,17.9101,15.4761,2.4340,2.4340,15.7277,15.7277,0,0,16.72,1.27,drive,17.99,front,LIDAR_ONLY
0,297.7376,t7517,LIDAR_ONLY,17.5099,17.5099,15.4761,2.0338,2.0338,13.1418,13.1418,0,0,16.72,1.27,drive,22.09,front,LIDAR_ONLY
0,297.8114,cam_2,CAM_ONLY,19.3290,,15.4761,3.8529,,24.8956,,0,,19.50,1.01,warning,,,CAMERA_ONLY
0,297.8736,cam_2,CAM_ONLY,19.2357,,15.4761,3.7596,,24.2927,,0,,9.51,1.94,warning,,,CAMERA_ONLY
0,297.9270,cam_2,CAM_ONLY,19.6834,,15.4761,4.2073,,27.1856,,0,,10.57,0.83,warning,,,CAMERA_ONLY
0,297.9824,cam_2,CAM_ONLY,19.3801,,15.4761,3.9040,,25.2262,,0,,8.91,0.70,warning,,,CAMERA_ONLY
0,298.0400,t7529,BOTH,19.2763,10.5015,15.4761,3.8002,4.9746,24.5555,32.1439,0,0,9.71,1.07,warning,,,FULL_ANGLE
0,298.0400,t7528,LIDAR_ONLY,14.5956,14.5956,15.4761,0.8805,0.8805,5.6897,5.6897,1,1,9.71,1.07,cautious,22.16,front,LIDAR_ONLY
0,298.0400,t7528,LIDAR_ONLY,12.7018,12.7018,15.4761,2.7743,2.7743,17.9265,17.9265,0,0,9.71,1.07,cautious,26.32,front,LIDAR_ONLY
0,298.0400,t7528,LIDAR_ONLY,13.2544,13.2544,15.4761,2.2217,2.2217,14.3557,14.3557,0,0,9.71,1.07,cautious,18.00,front,LIDAR_ONLY
0,298.0400,t7529,LIDAR_ONLY,10.5294,10.5294,15.4761,4.9467,4.9467,31.9637,31.9637,0,0,9.71,1.07,cautious,-2.79,front,LIDAR_ONLY
0,298.0400,t7529,LIDAR_ONLY,10.4751,10.4751,15.4761,5.0010,5.0010,32.3142,32.3142,0,0,9.71,1.07,cautious,5.53,front,LIDAR_ONLY
0,298.0988,cam_2,CAM_ONLY,19.3557,,15.4761,3.8796,,25.0684,,0,,12.20,1.08,warning,,,CAMERA_ONLY
0,298.1645,cam_2,CAM_ONLY,19.3827,,15.4761,3.9066,,25.2427,,0,,15.26,0.97,warning,,,CAMERA_ONLY
0,298.2246,cam_2,CAM_ONLY,19.2432,,15.4761,3.7671,,24.3417,,0,,14.32,0.98,warning,,,CAMERA_ONLY
0,298.2907,cam_2,CAM_ONLY,19.2181,,15.4761,3.7420,,24.1795,,0,,17.49,1.17,warning,,,CAMERA_ONLY
0,298.2907,t7537,LIDAR_ONLY,11.7580,11.7580,15.4761,3.7181,3.7181,24.0245,24.0245,0,0,17.49,1.17,cautious,26.33,front,LIDAR_ONLY
0,298.2907,t7537,LIDAR_ONLY,12.1403,12.1403,15.4761,3.3358,3.3358,21.5545,21.5545,0,0,17.49,1.17,cautious,22.23,front,LIDAR_ONLY
0,298.3560,cam_2,CAM_ONLY,19.2230,,15.4761,3.7469,,24.2107,,0,,16.56,1.69,warning,,,CAMERA_ONLY
0,298.4293,cam_2,CAM_ONLY,19.6881,,15.4761,4.2120,,27.2159,,0,,24.70,1.20,warning,,,CAMERA_ONLY
0,298.4939,cam_2,CAM_ONLY,19.2042,,15.4761,3.7281,,24.0895,,0,,12.04,1.28,warning,,,CAMERA_ONLY
0,298.4939,t7537,LIDAR_ONLY,12.8534,12.8534,15.4761,2.6227,2.6227,16.9466,16.9466,0,0,12.04,1.28,cautious,18.40,front,LIDAR_ONLY
0,298.4939,t7537,LIDAR_ONLY,13.1223,13.1223,15.4761,2.3538,2.3538,15.2093,15.2093,0,0,12.04,1.28,cautious,26.63,front,LIDAR_ONLY
0,298.5452,cam_2,CAM_ONLY,19.2702,,15.4761,3.7941,,24.5157,,0,,9.44,1.11,warning,,,CAMERA_ONLY
0,298.6023,cam_2,CAM_ONLY,19.2153,,15.4761,3.7392,,24.1613,,0,,10.48,1.35,warning,,,CAMERA_ONLY
0,298.6624,cam_2,CAM_ONLY,19.2913,,15.4761,3.8152,,24.6522,,0,,11.46,0.81,warning,,,CAMERA_ONLY
0,298.7217,cam_2,CAM_ONLY,19.2607,,15.4761,3.7846,,24.4547,,0,,13.02,1.05,warning,,,CAMERA_ONLY
0,298.7818,t7545,BOTH,19.6610,10.4686,15.4761,4.1849,5.0075,27.0410,32.3564,0,0,16.91,0.89,warning,,,FULL_ANGLE
0,298.7818,t7545,LIDAR_ONLY,10.4660,10.4660,15.4761,5.0101,5.0101,32.3731,32.3731,0,0,16.91,0.89,cautious,-0.99,front,LIDAR_ONLY
0,298.7818,t7545,LIDAR_ONLY,10.5046,10.5046,15.4761,4.9715,4.9715,32.1235,32.1235,0,0,16.91,0.89,cautious,7.16,front,LIDAR_ONLY
0,298.8357,t7545,BOTH,19.6144,10.5291,15.4761,4.1383,4.9470,26.7398,31.9654,0,0,12.40,0.94,warning,,,FULL_ANGLE
0,298.8357,t7547,LIDAR_ONLY,13.6024,13.6024,15.4761,1.8737,1.8737,12.1070,12.1070,0,0,12.40,0.94,cautious,23.41,front,LIDAR_ONLY
0,298.8357,t7547,LIDAR_ONLY,11.9390,11.9390,15.4761,3.5371,3.5371,22.8552,22.8552,0,0,12.40,0.94,cautious,27.59,front,LIDAR_ONLY
0,298.8357,t7547,LIDAR_ONLY,12.3892,12.3892,15.4761,3.0868,3.0868,19.9459,19.9459,0,0,12.40,0.94,cautious,19.23,front,LIDAR_ONLY
0,298.8357,t7545,LIDAR_ONLY,10.5357,10.5357,15.4761,4.9404,4.9404,31.9226,31.9226,0,0,12.40,0.94,cautious,6.70,front,LIDAR_ONLY
0,298.8941,cam_2,CAM_ONLY,19.2594,,15.4761,3.7833,,24.4461,,0,,10.21,0.99,warning,,,CAMERA_ONLY
0,298.9552,cam_2,CAM_ONLY,19.3605,,15.4761,3.8844,,25.0993,,0,,19.37,1.17,warning,,,CAMERA_ONLY
0,299.0113,cam_2,CAM_ONLY,19.3748,,15.4761,3.8987,,25.1920,,0,,10.38,0.84,warning,,,CAMERA_ONLY
0,299.0649,cam_2,CAM_ONLY,19.2723,,15.4761,3.7962,,24.5295,,0,,10.33,0.78,warning,,,CAMERA_ONLY
0,299.1217,cam_2,CAM_ONLY,19.2414,,15.4761,3.7653,,24.3300,,0,,9.44,0.95,warning,,,CAMERA_ONLY
0,299.1791,cam_2,CAM_ONLY,19.1796,,15.4761,3.7035,,23.9307,,0,,11.06,0.76,warning,,,CAMERA_ONLY
0,299.2391,cam_2,CAM_ONLY,19.3110,,15.4761,3.8349,,24.7797,,0,,16.42,1.21,warning,,,CAMERA_ONLY
0,299.2391,t7555,LIDAR_ONLY,15.1263,15.1263,15.4761,0.3498,0.3498,2.2602,2.2602,1,1,16.42,1.21,drive,21.56,front,LIDAR_ONLY
0,299.2391,t7555,LIDAR_ONLY,15.8854,15.8854,15.4761,0.4093,0.4093,2.6448,2.6448,1,1,16.42,1.21,drive,17.56,front,LIDAR_ONLY
0,299.2391,t7555,LIDAR_ONLY,15.6514,15.6514,15.4761,0.1753,0.1753,1.1329,1.1329,1,1,16.42,1.21,drive,25.56,front,LIDAR_ONLY
0,299.2391,t7555,LIDAR_ONLY,13.5244,13.5244,15.4761,1.9517,1.9517,12.6109,12.6109,0,0,16.42,1.21,cautious,29.57,front,LIDAR_ONLY
0,299.2997,cam_2,CAM_ONLY,19.2811,,15.4761,3.8050,,24.5866,,0,,11.34,1.03,warning,,,CAMERA_ONLY
0,299.3597,cam_2,CAM_ONLY,19.3327,,15.4761,3.8566,,24.9199,,0,,13.52,0.90,warning,,,CAMERA_ONLY
0,299.4211,cam_2,CAM_ONLY,19.2472,,15.4761,3.7711,,24.3672,,0,,14.03,1.12,warning,,,CAMERA_ONLY
0,299.4866,t7563,BOTH,19.2716,10.4789,15.4761,3.7955,4.9972,24.5252,32.2898,0,0,17.45,1.44,warning,,,FULL_ANGLE
0,299.4866,t7562,LIDAR_ONLY,17.4518,17.4518,15.4761,1.9758,1.9758,12.7665,12.7665,0,0,17.45,1.44,drive,19.62,front,LIDAR_ONLY
0,299.4866,t7562,LIDAR_ONLY,14.8589,14.8589,15.4761,0.6172,0.6172,3.9883,3.9883,1,1,17.45,1.44,cautious,23.81,front,LIDAR_ONLY
0,299.4866,t7562,LIDAR_ONLY,13.7740,13.7740,15.4761,1.7021,1.7021,10.9980,10.9980,0,0,17.45,1.44,cautious,27.99,front,LIDAR_ONLY
0,299.4866,t7563,LIDAR_ONLY,10.4866,10.4866,15.4761,4.9895,4.9895,32.2399,32.2399,0,0,17.45,1.44,cautious,-1.32,front,LIDAR_ONLY
0,299.4866,t7563,LIDAR_ONLY,10.5160,10.5160,15.4761,4.9601,4.9601,32.0500,32.0500,0,0,17.45,1.44,cautious,7.06,front,LIDAR_ONLY
0,299.5522,cam_2,CAM_ONLY,19.2308,,15.4761,3.7547,,24.2614,,0,,16.20,2.51,warning,,,CAMERA_ONLY
0,299.6184,cam_2,CAM_ONLY,19.4141,,15.4761,3.9380,,25.4456,,0,,12.66,0.99,warning,,,CAMERA_ONLY
0,299.6814,t7569,BOTH,19.2659,10.5747,15.4761,3.7899,4.9014,24.4884,31.6707,0,0,13.22,0.80,warning,,,FULL_ANGLE
0,299.7384,cam_2,CAM_ONLY,19.6141,,15.4761,4.1380,,26.7378,,0,,13.13,1.29,warning,,,CAMERA_ONLY
0,299.7384,t7572,LIDAR_ONLY,17.1977,17.1977,15.4761,1.7216,1.7216,11.1244,11.1244,0,0,13.13,1.29,drive,19.80,front,LIDAR_ONLY
0,299.7384,t7572,LIDAR_ONLY,13.7362,13.7362,15.4761,1.7399,1.7399,11.2425,11.2425,0,0,13.13,1.29,cautious,28.02,front,LIDAR_ONLY
0,299.7384,t7572,LIDAR_ONLY,13.5829,13.5829,15.4761,1.8932,1.8932,12.2329,12.2329,0,0,13.13,1.29,cautious,23.91,front,LIDAR_ONLY
0,299.7917,cam_2,CAM_ONLY,19.2793,,15.4761,3.8032,,24.5748,,0,,13.36,1.06,warning,,,CAMERA_ONLY
0,299.8662,cam_2,CAM_ONLY,19.2406,,15.4761,3.7645,,24.3245,,0,,18.53,0.96,warning,,,CAMERA_ONLY
0,299.9244,cam_2,CAM_ONLY,19.6107,,15.4761,4.1346,,26.7162,,0,,10.83,0.86,warning,,,CAMERA_ONLY
0,299.9810,t7578,BOTH,19.2717,10.4860,15.4761,3.7956,4.9901,24.5258,32.2441,0,0,10.91,0.90,warning,,,FULL_ANGLE
0,299.9810,t7577,LIDAR_ONLY,14.2912,14.2912,15.4761,1.1849,1.1849,7.6561,7.6561,0,0,10.91,0.90,cautious,22.52,front,LIDAR_ONLY
0,299.9810,t7577,LIDAR_ONLY,13.0747,13.0747,15.4761,2.4014,2.4014,15.5170,15.5170,0,0,10.91,0.90,cautious,26.49,front,LIDAR_ONLY
0,300.0335,t7578,BOTH,19.3360,10.4942,15.4761,3.8599,4.9819,24.9408,32.1907,0,0,11.94,0.92,warning,,,FULL_ANGLE
0,300.0335,t7578,LIDAR_ONLY,10.4758,10.4758,15.4761,5.0003,5.0003,32.3099,32.3099,0,0,11.94,0.92,cautious,4.16,front,LIDAR_ONLY
0,300.0335,t7578,LIDAR_ONLY,10.4866,10.4866,15.4761,4.9895,4.9895,32.2398,32.2398,0,0,11.94,0.92,cautious,-3.82,front,LIDAR_ONLY
0,300.0922,cam_2,CAM_ONLY,19.2197,,15.4761,3.7436,,24.1895,,0,,10.97,1.25,warning,,,CAMERA_ONLY
0,300.0922,t7577,LIDAR_ONLY,12.0219,12.0219,15.4761,3.4542,3.4542,22.3195,22.3195,0,0,10.97,1.25,cautious,29.96,front,LIDAR_ONLY
0,300.0922,t7577,LIDAR_ONLY,12.0159,12.0159,15.4761,3.4602,3.4602,22.3581,22.3581,0,0,10.97,1.25,cautious,25.92,front,LIDAR_ONLY
0,300.0922,t7577,LIDAR_ONLY,12.1355,12.1355,15.4761,3.3406,3.3406,21.5853,21.5853,0,0,10.97,1.25,cautious,21.88,front,LIDAR_ONLY
0,300.1485,cam_2,CAM_ONLY,19.2541,,15.4761,3.7781,,24.4122,,0,,15.57,1.35,warning,,,CAMERA_ONLY
0,300.2100,cam_2,CAM_ONLY,19.2463,,15.4761,3.7702,,24.3615,,0,,13.87,1.18,warning,,,CAMERA_ONLY
0,300.2769,cam_2,CAM_ONLY,19.2516,,15.4761,3.7755,,24.3957,,0,,20.05,0.97,warning,,,CAMERA_ONLY
0,300.3456,cam_2,CAM_ONLY,19.3580,,15.4761,3.8819,,25.0832,,0,,18.80,1.03,warning,,,CAMERA_ONLY
0,300.4083,cam_2,CAM_ONLY,19.2689,,15.4761,3.7928,,24.5075,,0,,14.86,1.26,warning,,,CAMERA_ONLY
0,300.4729,cam_2,CAM_ONLY,19.2226,,15.4761,3.7465,,24.2084,,0,,14.03,1.06,warning,,,CAMERA_ONLY
0,300.5479,cam_2,CAM_ONLY,19.3368,,15.4761,3.8607,,24.9463,,0,,10.27,0.96,warning,,,CAMERA_ONLY
0,300.6141,cam_2,CAM_ONLY,19.1785,,15.4761,3.7024,,23.9235,,0,,15.55,0.91,warning,,,CAMERA_ONLY
0,300.6853,t7599,BOTH,19.2415,24.3922,15.4761,3.7654,8.9161,24.3307,57.6120,0,0,16.05,1.19,warning,,,FULL_ANGLE
0,300.6853,t7598,LIDAR_ONLY,12.8895,12.8895,15.4761,2.5866,2.5866,16.7133,16.7133,0,0,16.05,1.19,cautious,24.44,front,LIDAR_ONLY
0,300.6853,t7598,LIDAR_ONLY,11.5533,11.5533,15.4761,3.9228,3.9228,25.3474,25.3474,0,0,16.05,1.19,cautious,28.56,front,LIDAR_ONLY
0,300.6853,t7599,LIDAR_ONLY,20.4331,20.4331,15.4761,4.9570,4.9570,32.0302,32.0302,0,0,16.05,1.19,drive,20.32,front,LIDAR_ONLY
0,300.7514,cam_2,CAM_ONLY,19.3171,,15.4761,3.8410,,24.8190,,0,,19.29,1.11,warning,,,CAMERA_ONLY
0,300.8243,cam_2,CAM_ONLY,19.3487,,15.4761,3.8726,,25.0233,,0,,13.17,1.11,warning,,,CAMERA_ONLY
0,300.8916,t7603,BOTH,19.1741,10.5309,15.4761,3.6980,4.9452,23.8952,31.9536,0,0,16.18,2.40,warning,,,FULL_ANGLE
0,300.8916,t7599,LIDAR_ONLY,17.5168,17.5168,15.4761,2.0407,2.0407,13.1859,13.1859,0,0,16.18,2.40,drive,23.98,front,LIDAR_ONLY
0,300.8916,t7598,LIDAR_ONLY,11.3486,11.3486,15.4761,4.1275,4.1275,26.6703,26.6703,0,0,16.18,2.40,cautious,28.19,front,LIDAR_ONLY
0,300.8916,t7599,LIDAR_ONLY,17.4331,17.4331,15.4761,1.9570,1.9570,12.6454,12.6454,0,0,16.18,2.40,drive,19.78,front,LIDAR_ONLY
0,300.8916,t7603,LIDAR_ONLY,10.5600,10.5600,15.4761,4.9161,4.9161,31.7655,31.7655,0,0,16.18,2.40,cautious,-1.25,front,LIDAR_ONLY
0,300.8916,t7603,LIDAR_ONLY,10.5639,10.5639,15.4761,4.9122,4.9122,31.7405,31.7405,0,0,16.18,2.40,cautious,7.16,front,LIDAR_ONLY
0,300.9573,cam_2,CAM_ONLY,19.2387,,15.4761,3.7626,,24.3121,,0,,15.93,1.10,warning,,,CAMERA_ONLY
0,301.0234,cam_2,CAM_ONLY,19.2404,,15.4761,3.7643,,24.3232,,0,,17.99,0.76,warning,,,CAMERA_ONLY
0,301.0788,t7603,BOTH,19.1835,10.5915,15.4761,3.7074,4.8845,23.9556,31.5619,0,0,12.25,0.96,warning,,,FULL_ANGLE
0,301.0788,t7599,LIDAR_ONLY,17.6076,17.6076,15.4761,2.1315,2.1315,13.7727,13.7727,0,0,12.25,0.96,drive,18.27,front,LIDAR_ONLY
0,301.0788,t7603,LIDAR_ONLY,10.5863,10.5863,15.4761,4.8897,4.8897,31.5955,31.5955,0,0,12.25,0.96,cautious,-1.61,front,LIDAR_ONLY
0,301.0788,t7603,LIDAR_ONLY,10.5957,10.5957,15.4761,4.8803,4.8803,31.5348,31.5348,0,0,12.25,0.96,cautious,6.35,front,LIDAR_ONLY
0,301.1410,t7603,BOTH,19.2996,10.4985,15.4761,3.8235,4.9776,24.7057,32.1630,0,0,18.13,1.13,warning,,,FULL_ANGLE
0,301.1410,t7607,LIDAR_ONLY,10.2392,10.2392,15.4761,5.2369,5.2369,33.8385,33.8385,0,0,18.13,1.13,cautious,29.61,front,LIDAR_ONLY
0,301.1410,t7599,LIDAR_ONLY,16.5746,16.5746,15.4761,1.0985,1.0985,7.0982,7.0982,0,0,18.13,1.13,drive,21.45,front,LIDAR_ONLY
0,301.1410,t7599,LIDAR_ONLY,16.8689,16.8689,15.4761,1.3928,1.3928,9.0000,9.0000,0,0,18.13,1.13,drive,17.37,front,LIDAR_ONLY
0,301.1410,t7607,LIDAR_ONLY,10.4343,10.4343,15.4761,5.0418,5.0418,32.5779,32.5779,0,0,18.13,1.13,cautious,25.53,front,LIDAR_ONLY
0,301.1410,t7603,LIDAR_ONLY,10.5958,10.5958,15.4761,4.8803,4.8803,31.5343,31.5343,0,0,18.13,1.13,cautious,-3.04,front,LIDAR_ONLY
0,301.1410,t7603,LIDAR_ONLY,10.4592,10.4592,15.4761,5.0169,5.0169,32.4172,32.4172,0,0,18.13,1.13,cautious,5.12,front,LIDAR_ONLY
0,301.2068,cam_2,CAM_ONLY,19.3319,,15.4761,3.8558,,24.9148,,0,,19.59,1.27,warning,,,CAMERA_ONLY
0,301.2728,cam_2,CAM_ONLY,19.2934,,15.4761,3.8173,,24.6659,,0,,13.66,1.66,warning,,,CAMERA_ONLY
0,301.3431,t7603,BOTH,19.2583,10.4786,15.4761,3.7822,4.9975,24.4391,32.2920,0,0,20.36,1.12,warning,,,FULL_ANGLE
0,301.3431,t7607,LIDAR_ONLY,10.5005,10.5005,15.4761,4.9756,4.9756,32.1504,32.1504,0,0,20.36,1.12,cautious,29.58,front,LIDAR_ONLY
0,301.3431,t7599,LIDAR_ONLY,17.2033,17.2033,15.4761,1.7272,1.7272,11.1603,11.1603,0,0,20.36,1.12,drive,21.37,front,LIDAR_ONLY
0,301.3431,t7599,LIDAR_ONLY,16.1781,16.1781,15.4761,0.7020,0.7020,4.5360,4.5360,1,1,20.36,1.12,drive,25.47,front,LIDAR_ONLY
0,301.3431,t7599,LIDAR_ONLY,16.1351,16.1351,15.4761,0.6590,0.6590,4.2584,4.2584,1,1,20.36,1.12,drive,17.27,front,LIDAR_ONLY
0,301.3431,t7603,LIDAR_ONLY,10.4678,10.4678,15.4761,5.0083,5.0083,32.3613,32.3613,0,0,20.36,1.12,cautious,-3.23,front,LIDAR_ONLY
0,301.3431,t7603,LIDAR_ONLY,10.4802,10.4802,15.4761,4.9958,4.9958,32.2811,32.2811,0,0,20.36,1.12,cautious,4.97,front,LIDAR_ONLY
0,301.3960,cam_2,CAM_ONLY,19.3547,,15.4761,3.8786,,25.0621,,0,,10.51,0.97,warning,,,CAMERA_ONLY
0,301.4562,cam_2,CAM_ONLY,19.2357,,15.4761,3.7596,,24.2932,,0,,9.32,1.12,warning,,,CAMERA_ONLY
0,301.5168,cam_2,CAM_ONLY,19.5828,,15.4761,4.1067,,26.5355,,0,,17.81,0.92,warning,,,CAMERA_ONLY
0,301.5797,cam_2,CAM_ONLY,19.2032,,15.4761,3.7271,,24.0830,,0,,18.12,0.77,warning,,,CAMERA_ONLY
0,301.6431,cam_2,CAM_ONLY,19.3361,,15.4761,3.8600,,24.9415,,0,,13.69,0.98,warning,,,CAMERA_ONLY
0,301.7080,cam_2,CAM_ONLY,19.3224,,15.4761,3.8463,,24.8531,,0,,16.75,1.96,warning,,,CAMERA_ONLY
0,301.7770,cam_2,CAM_ONLY,19.8105,,15.4761,4.3344,,28.0072,,0,,12.62,0.90,warning,,,CAMERA_ONLY
0,301.8382,t7624,BOTH,19.2745,10.5020,15.4761,3.7984,4.9741,24.5436,32.1404,0,0,14.49,1.19,warning,,,FULL_ANGLE
0,301.8382,t7623,LIDAR_ONLY,12.8696,12.8696,15.4761,2.6065,2.6065,16.8420,16.8420,0,0,14.49,1.19,cautious,24.47,front,LIDAR_ONLY
0,301.8382,t7623,LIDAR_ONLY,13.9641,13.9641,15.4761,1.5120,1.5120,9.7696,9.7696,0,0,14.49,1.19,cautious,16.36,front,LIDAR_ONLY
0,301.8382,t7623,LIDAR_ONLY,14.7152,14.7152,15.4761,0.7609,0.7609,4.9168,4.9168,1,1,14.49,1.19,cautious,20.41,front,LIDAR_ONLY
0,301.8382,t7623,LIDAR_ONLY,14.8498,14.8498,15.4761,0.6262,0.6262,4.0465,4.0465,1,1,14.49,1.19,cautious,28.52,front,LIDAR_ONLY
0,301.8382,t7624,LIDAR_ONLY,10.5675,10.5675,15.4761,4.9086,4.9086,31.7173,31.7173,0,0,14.49,1.19,cautious,-3.92,front,LIDAR_ONLY
0,301.9035,cam_2,CAM_ONLY,19.4491,,15.4761,3.9730,,25.6719,,0,,12.50,1.20,warning,,,CAMERA_ONLY
0,301.9774,cam_2,CAM_ONLY,19.3202,,15.4761,3.8441,,24.8390,,0,,19.95,1.61,warning,,,CAMERA_ONLY
0,302.0420,t7624,BOTH,19.7910,10.4511,15.4761,4.3149,5.0250,27.8808,32.4694,0,0,12.65,1.32,warning,,,FULL_ANGLE
0,302.0420,t7623,LIDAR_ONLY,14.9242,14.9242,15.4761,0.5519,0.5519,3.5662,3.5662,1,1,12.65,1.32,cautious,21.81,front,LIDAR_ONLY
0,302.0420,t7623,LIDAR_ONLY,14.7827,14.7827,15.4761,0.6934,0.6934,4.4806,4.4806,1,1,12.65,1.32,cautious,29.96,front,LIDAR_ONLY
0,302.0420,t7630,LIDAR_ONLY,20.6840,20.6840,15.4761,5.2079,5.2079,33.6512,33.6512,0,0,12.65,1.32,drive,17.74,front,LIDAR_ONLY
0,302.0420,t7623,LIDAR_ONLY,13.0346,13.0346,15.4761,2.4414,2.4414,15.7756,15.7756,0,0,12.65,1.32,cautious,25.89,front,LIDAR_ONLY
0,302.1055,cam_2,CAM_ONLY,19.3658,,15.4761,3.8897,,25.1335,,0,,19.86,1.36,warning,,,CAMERA_ONLY
0,302.1783,cam_2,CAM_ONLY,19.3309,,15.4761,3.8548,,24.9079,,0,,20.87,0.79,warning,,,CAMERA_ONLY
0,302.2569,cam_2,CAM_ONLY,19.2980,,15.4761,3.8219,,24.6957,,0,,21.47,1.41,warning,,,CAMERA_ONLY
0,302.3156,cam_2,CAM_ONLY,19.3487,,15.4761,3.8726,,25.0233,,0,,16.80,0.93,warning,,,CAMERA_ONLY
0,302.3746,cam_2,CAM_ONLY,19.3317,,15.4761,3.8556,,24.9135,,0,,9.70,0.85,warning,,,CAMERA_ONLY
0,302.4550,cam_2,CAM_ONLY,19.2849,,15.4761,3.8088,,24.6112,,0,,14.46,1.24,warning,,,CAMERA_ONLY
0,302.5114,cam_2,CAM_ONLY,19.3451,,15.4761,3.8690,,24.9999,,0,,12.07,0.85,warning,,,CAMERA_ONLY
0,302.5675,cam_2,CAM_ONLY,19.2443,,15.4761,3.7682,,24.3483,,0,,10.37,1.19,warning,,,CAMERA_ONLY
0,302.6283,cam_2,CAM_ONLY,19.6516,,15.4761,4.1755,,26.9802,,0,,12.93,0.73,warning,,,CAMERA_ONLY
0,302.6963,cam_2,CAM_ONLY,19.6830,,15.4761,4.2069,,27.1832,,0,,13.42,1.02,warning,,,CAMERA_ONLY
0,302.7676,cam_2,CAM_ONLY,19.6174,,15.4761,4.1413,,26.7595,,0,,17.38,0.85,warning,,,CAMERA_ONLY
0,302.8395,cam_2,CAM_ONLY,19.6754,,15.4761,4.1993,,27.1340,,0,,16.73,1.21,warning,,,CAMERA_ONLY
0,302.8395,t7643,LIDAR_ONLY,12.0068,12.0068,15.4761,3.4693,3.4693,22.4173,22.4173,0,0,16.73,1.21,cautious,25.88,front,LIDAR_ONLY
0,302.8937,cam_2,CAM_ONLY,19.6438,,15.4761,4.1677,,26.9297,,0,,10.15,1.13,warning,,,CAMERA_ONLY
0,302.9561,cam_2,CAM_ONLY,19.3207,,15.4761,3.8446,,24.8425,,0,,17.48,1.09,warning,,,CAMERA_ONLY
0,303.0199,cam_2,CAM_ONLY,19.4353,,4.3437,15.0915,,347.4311,,0,,17.76,1.00,warning,,,CAMERA_ONLY
0,303.0835,t7648,BOTH,19.3146,10.6369,5.0698,14.2447,5.5670,280.9695,109.8070,0,0,14.32,1.36,warning,,,FULL_ANGLE
0,303.1543,cam_2,CAM_ONLY,19.4176,,6.2073,13.2103,,212.8191,,0,,12.25,1.21,warning,,,CAMERA_ONLY
0,303.2258,cam_2,CAM_ONLY,19.2508,,7.6656,11.5852,,151.1320,,0,,19.30,1.87,warning,,,CAMERA_ONLY
0,303.2884,t7648,BOTH,19.1853,10.5506,8.8625,10.3228,1.6881,116.4766,19.0472,0,0,11.11,1.15,warning,,,FULL_ANGLE
0,303.2884,t7655,LIDAR_ONLY,14.1639,14.1639,8.8625,5.3013,5.3013,59.8174,59.8174,0,0,11.11,1.15,cautious,22.68,front,LIDAR_ONLY
0,303.2884,t7655,LIDAR_ONLY,12.8320,12.8320,8.8625,3.9695,3.9695,44.7895,44.7895,0,0,11.11,1.15,cautious,26.79,front,LIDAR_ONLY
0,303.2884,t7655,LIDAR_ONLY,13.2043,13.2043,8.8625,4.3418,4.3418,48.9900,48.9900,0,0,11.11,1.15,cautious,18.57,front,LIDAR_ONLY
0,303.2884,t7648,LIDAR_ONLY,10.4960,10.4960,8.8625,1.6335,1.6335,18.4315,18.4315,0,0,11.11,1.15,cautious,6.25,front,LIDAR_ONLY
0,303.2884,t7648,LIDAR_ONLY,10.5042,10.5042,8.8625,1.6417,1.6417,18.5237,18.5237,0,0,11.11,1.15,cautious,-1.97,front,LIDAR_ONLY
0,303.3527,cam_2,CAM_ONLY,19.1131,,10.2533,8.8598,,86.4088,,0,,17.29,1.41,warning,,,CAMERA_ONLY
0,303.4244,cam_2,CAM_ONLY,19.0818,,11.9838,7.0979,,59.2294,,0,,22.63,1.11,warning,,,CAMERA_ONLY
0,303.4872,t7648,BOTH,19.2873,10.5126,13.3684,5.9188,2.8558,44.2748,21.3624,0,0,15.60,1.77,warning,,,FULL_ANGLE
0,303.4872,t7659,LIDAR_ONLY,10.5783,10.5783,13.3684,2.7901,2.7901,20.8709,20.8709,0,0,15.60,1.77,cautious,28.80,front,LIDAR_ONLY
0,303.4872,t7659,LIDAR_ONLY,10.9251,10.9251,13.3684,2.4433,2.4433,18.2767,18.2767,0,0,15.60,1.77,cautious,24.67,front,LIDAR_ONLY
0,303.4872,t7655,LIDAR_ONLY,14.0717,14.0717,13.3684,0.7032,0.7032,5.2605,5.2605,1,1,15.60,1.77,cautious,16.41,front,LIDAR_ONLY
0,303.4872,t7659,LIDAR_ONLY,11.4163,11.4163,13.3684,1.9521,1.9521,14.6024,14.6024,0,0,15.60,1.77,cautious,20.54,front,LIDAR_ONLY
0,303.4872,t7648,LIDAR_ONLY,10.5118,10.5118,13.3684,2.8566,2.8566,21.3687,21.3687,0,0,15.60,1.77,cautious,-4.23,front,LIDAR_ONLY
0,303.5506,cam_2,CAM_ONLY,19.2840,,14.8048,4.4792,,30.2549,,0,,15.69,1.07,warning,,,CAMERA_ONLY
0,303.6103,cam_2,CAM_ONLY,19.2731,,15.4761,3.7970,,24.5349,,0,,13.49,1.16,warning,,,CAMERA_ONLY
0,303.6669,cam_2,CAM_ONLY,19.2099,,15.4761,3.7338,,24.1263,,0,,9.49,1.07,warning,,,CAMERA_ONLY
0,303.7218,cam_2,CAM_ONLY,19.4609,,15.4761,3.9848,,25.7483,,0,,9.16,1.11,warning,,,CAMERA_ONLY
0,303.7811,t7668,BOTH,19.6227,10.5271,15.4761,4.1466,4.9489,26.7938,31.9780,0,0,14.54,0.77,warning,,,FULL_ANGLE
0,303.7811,t7668,LIDAR_ONLY,10.5180,10.5180,15.4761,4.9581,4.9581,32.0370,32.0370,0,0,14.54,0.77,cautious,-2.58,front,LIDAR_ONLY
0,303.8469,cam_2,CAM_ONLY,19.1699,,15.4761,3.6938,,23.8677,,0,,13.23,1.15,warning,,,CAMERA_ONLY
0,303.8469,t7672,LIDAR_ONLY,10.6106,10.6106,15.4761,4.8655,4.8655,31.4389,31.4389,0,0,13.23,1.15,cautious,28.72,front,LIDAR_ONLY
0,303.8991,cam_2,CAM_ONLY,19.2597,,15.4761,3.7836,,24.4478,,0,,11.07,1.26,warning,,,CAMERA_ONLY
0,303.9672,cam_2,CAM_ONLY,19.3625,,15.4761,3.8864,,25.1124,,0,,19.68,1.06,warning,,,CAMERA_ONLY
0,304.0337,t7677,BOTH,19.1077,10.5648,15.4761,3.6316,4.9113,23.4661,31.7350,0,0,19.46,0.83,warning,,,FULL_ANGLE
0,304.0337,t7677,LIDAR_ONLY,10.4958,10.4958,15.4761,4.9803,4.9803,32.1808,32.1808,0,0,19.46,0.83,cautious,3.30,front,LIDAR_ONLY
0,304.0981,cam_2,CAM_ONLY,19.2872,,15.4761,3.8111,,24.6259,,0,,18.66,0.98,warning,,,CAMERA_ONLY
0,304.1689,cam_2,CAM_ONLY,19.3131,,15.4761,3.8370,,24.7931,,0,,19.50,1.13,warning,,,CAMERA_ONLY
0,304.2390,cam_2,CAM_ONLY,19.3228,,15.4761,3.8467,,24.8558,,0,,21.17,2.26,warning,,,CAMERA_ONLY
0,304.3011,cam_2,CAM_ONLY,19.2499,,15.4761,3.7738,,24.3848,,0,,13.16,1.00,warning,,,CAMERA_ONLY
0,304.3616,cam_2,CAM_ONLY,19.7086,,15.4761,4.2325,,27.3489,,0,,15.45,0.93,warning,,,CAMERA_ONLY
0,304.4326,t7686,BOTH,19.2168,10.5242,15.4761,3.7407,4.9519,24.1710,31.9972,0,0,19.31,0.91,warning,,,FULL_ANGLE
0,304.4326,t7685,LIDAR_ONLY,19.5093,19.5093,15.4761,4.0333,4.0333,26.0612,26.0612,0,0,19.31,0.91,drive,18.35,front,LIDAR_ONLY
0,304.4326,t7685,LIDAR_ONLY,14.8530,14.8530,15.4761,0.6231,0.6231,4.0264,4.0264,1,1,19.31,0.91,cautious,26.64,front,LIDAR_ONLY
0,304.4326,t7685,LIDAR_ONLY,14.7452,14.7452,15.4761,0.7309,0.7309,4.7229,4.7229,1,1,19.31,0.91,cautious,22.50,front,LIDAR_ONLY
0,304.4326,t7686,LIDAR_ONLY,10.5386,10.5386,15.4761,4.9375,4.9375,31.9038,31.9038,0,0,19.31,0.91,cautious,-2.39,front,LIDAR_ONLY
0,304.5107,cam_2,CAM_ONLY,19.2335,,7.8637,11.3697,,144.5843,,0,,17.73,1.76,warning,,,CAMERA_ONLY
0,304.5783,cam_2,CAM_ONLY,19.2586,,8.4827,10.7759,,127.0349,,0,,17.93,0.98,warning,,,CAMERA_ONLY
0,304.6383,cam_2,CAM_ONLY,19.2364,,9.1476,10.0888,,110.2890,,0,,11.90,1.25,warning,,,CAMERA_ONLY
0,304.6995,cam_2,CAM_ONLY,19.2462,,9.9967,9.2495,,92.5258,,0,,17.22,0.97,warning,,,CAMERA_ONLY
0,304.7700,cam_2,CAM_ONLY,19.4445,,11.0161,8.4284,,76.5093,,0,,16.78,1.02,warning,,,CAMERA_ONLY
0,304.8262,cam_2,CAM_ONLY,19.5360,,11.9163,7.6197,,63.9430,,0,,14.59,0.96,warning,,,CAMERA_ONLY
0,304.8882,t7702,BOTH,19.3788,10.5288,12.9853,6.3936,2.4565,49.2370,18.9177,0,0,14.02,1.24,warning,,,FULL_ANGLE
0,304.8882,t7699,LIDAR_ONLY,10.2945,10.2945,12.9853,2.6907,2.6907,20.7214,20.7214,0,0,14.02,1.24,cautious,29.48,front,LIDAR_ONLY
0,304.8882,t7700,LIDAR_ONLY,21.3445,21.3445,12.9853,8.3592,8.3592,64.3748,64.3748,0,0,14.02,1.24,drive,17.41,front,LIDAR_ONLY
0,304.8882,t7699,LIDAR_ONLY,10.5026,10.5026,12.9853,2.4827,2.4827,19.1194,19.1194,0,0,14.02,1.24,cautious,25.46,front,LIDAR_ONLY
0,304.8882,t7700,LIDAR_ONLY,17.5209,17.5209,12.9853,4.5356,4.5356,34.9288,34.9288,0,0,14.02,1.24,drive,21.43,front,LIDAR_ONLY
0,304.8882,t7702,LIDAR_ONLY,10.6213,10.6213,12.9853,2.3640,2.3640,18.2049,18.2049,0,0,14.02,1.24,cautious,-2.69,front,LIDAR_ONLY
0,304.8882,t7702,LIDAR_ONLY,10.4616,10.4616,12.9853,2.5237,2.5237,19.4348,19.4348,0,0,14.02,1.24,cautious,5.35,front,LIDAR_ONLY
0,304.9559,cam_2,CAM_ONLY,19.3046,,14.3011,5.0034,,34.9863,,0,,19.17,2.19,warning,,,CAMERA_ONLY
0,305.0167,cam_2,CAM_ONLY,19.3973,,15.4761,3.9212,,25.3372,,0,,17.16,0.84,warning,,,CAMERA_ONLY
0,305.0810,cam_2,CAM_ONLY,19.1616,,15.4761,3.6855,,23.8143,,0,,14.95,0.73,warning,,,CAMERA_ONLY
0,305.1400,cam_2,CAM_ONLY,19.2985,,15.4761,3.8224,,24.6988,,0,,10.91,1.27,warning,,,CAMERA_ONLY
0,305.1400,t7708,LIDAR_ONLY,11.8420,11.8420,15.4761,3.6341,3.6341,23.4821,23.4821,0,0,10.91,1.27,cautious,26.18,front,LIDAR_ONLY
0,305.2070,cam_2,CAM_ONLY,19.4098,,15.4761,3.9337,,25.4177,,0,,15.57,1.04,warning,,,CAMERA_ONLY
0,305.2732,cam_2,CAM_ONLY,18.9572,,15.4761,3.4811,,22.4934,,0,,16.48,1.14,warning,,,CAMERA_ONLY
0,305.3331,t7713,BOTH,19.0126,10.6095,15.4761,3.5365,4.8665,22.8512,31.4456,0,0,12.57,0.86,warning,,,FULL_ANGLE
0,305.3331,t7713,LIDAR_ONLY,10.6836,10.6836,15.4761,4.7925,4.7925,30.9670,30.9670,0,0,12.57,0.86,cautious,-3.72,front,LIDAR_ONLY
0,305.3331,t7713,LIDAR_ONLY,10.5255,10.5255,15.4761,4.9506,4.9506,31.9889,31.9889,0,0,12.57,0.86,cautious,4.78,front,LIDAR_ONLY
0,305.4022,cam_2,CAM_ONLY,19.3741,,15.4761,3.8980,,25.1870,,0,,19.82,2.48,warning,,,CAMERA_ONLY
0,305.4597,cam_2,CAM_ONLY,19.3004,,15.4761,3.8243,,24.7112,,0,,11.98,0.88,warning,,,CAMERA_ONLY
0,305.5204,cam_2,CAM_ONLY,19.2012,,15.4761,3.7251,,24.0702,,0,,12.94,0.95,warning,,,CAMERA_ONLY
0,305.6156,cam_2,CAM_ONLY,19.0839,,15.4761,3.6078,,23.3119,,0,,24.63,1.40,warning,,,CAMERA_ONLY
0,305.6742,cam_2,CAM_ONLY,19.2349,,15.4761,3.7588,,24.2879,,0,,11.54,0.99,warning,,,CAMERA_ONLY
0,305.7340,t7723,BOTH,19.0644,10.5130,15.4761,3.5883,4.9631,23.1864,32.0697,0,0,13.00,0.88,warning,,,FULL_ANGLE
0,305.7340,t7722,LIDAR_ONLY,25.0586,25.0586,15.4761,9.5825,9.5825,61.9180,61.9180,0,0,13.00,0.88,drive,15.97,front,LIDAR_ONLY
0,305.7340,t7722,LIDAR_ONLY,20.2826,20.2826,15.4761,4.8065,4.8065,31.0575,31.0575,0,0,13.00,0.88,drive,20.14,front,LIDAR_ONLY
0,305.7340,t7723,LIDAR_ONLY,10.6044,10.6044,15.4761,4.8717,4.8717,31.4789,31.4789,0,0,13.00,0.88,cautious,-4.91,front,LIDAR_ONLY
0,305.7985,cam_2,CAM_ONLY,19.1472,,15.4761,3.6711,,23.7211,,0,,16.75,1.18,warning,,,CAMERA_ONLY
0,305.8638,cam_2,CAM_ONLY,19.0827,,15.4761,3.6067,,23.3047,,0,,12.33,0.93,warning,,,CAMERA_ONLY
0,305.9189,cam_2,CAM_ONLY,18.9173,,15.4761,3.4413,,22.2360,,0,,13.28,1.17,warning,,,CAMERA_ONLY
0,305.9841,t7730,BOTH,18.9861,10.4158,15.4761,3.5100,5.0603,22.6803,32.6974,0,0,12.69,0.84,warning,,,FULL_ANGLE
0,305.9841,t7730,LIDAR_ONLY,10.4417,10.4417,15.4761,5.0344,5.0344,32.5302,32.5302,0,0,12.69,0.84,cautious,-2.08,front,LIDAR_ONLY
0,306.0493,cam_2,CAM_ONLY,19.0209,,15.4761,3.5448,,22.9053,,0,,18.77,1.00,warning,,,CAMERA_ONLY
0,306.1189,cam_2,CAM_ONLY,18.9919,,15.4761,3.5158,,22.7174,,0,,20.32,1.16,warning,,,CAMERA_ONLY
0,306.1873,t7730,BOTH,19.2407,10.4710,15.4761,3.7646,5.0050,24.3254,32.3405,0,0,19.03,1.57,warning,,,FULL_ANGLE
0,306.1873,t7730,LIDAR_ONLY,10.4753,10.4753,15.4761,5.0008,5.0008,32.3133,32.3133,0,0,19.03,1.57,cautious,6.47,front,LIDAR_ONLY
0,306.2452,cam_2,CAM_ONLY,19.2406,,15.4761,3.7645,,24.3249,,0,,16.65,1.10,warning,,,CAMERA_ONLY
0,306.3001,cam_2,CAM_ONLY,19.3336,,15.4761,3.8575,,24.9258,,0,,10.90,0.94,warning,,,CAMERA_ONLY
