frame,timestamp_s,obstacle_id,detection_source,cam_dist_m,lidar_dist_m,gt_dist_m,cam_error_m,lidar_error_m,cam_rel_error_pct,lidar_rel_error_pct,cam_within_1m,lidar_within_1m,cam_latency_ms,lidar_latency_ms,danger_level,angle_deg,sector,match_method
0,13.6575,t11,LIDAR_ONLY,10.6252,10.6252,42.7123,32.0872,32.0872,75.1239,75.1239,0,0,14.91,1.34,slow,27.41,front,LIDAR_ONLY
0,13.6575,t11,LIDAR_ONLY,11.0970,11.0970,42.7123,31.6154,31.6154,74.0193,74.0193,0,0,14.91,1.34,slow,19.16,front,LIDAR_ONLY
0,13.6575,t11,LIDAR_ONLY,11.9752,11.9752,42.7123,30.7372,30.7372,71.9632,71.9632,0,0,14.91,1.34,slow,15.03,front,LIDAR_ONLY
0,13.6575,t11,LIDAR_ONLY,12.4158,12.4158,42.7123,30.2965,30.2965,70.9315,70.9315,0,0,14.91,1.34,slow,23.28,front,LIDAR_ONLY
0,13.9614,cam_0,CAM_ONLY,41.3313,,40.9563,0.3751,,0.9158,,1,,15.38,1.31,safe,,,CAMERA_ONLY
0,13.9614,t23,LIDAR_ONLY,9.3636,9.3636,40.9563,31.5926,31.5926,77.1374,77.1374,0,0,15.38,1.31,stop,26.51,front,LIDAR_ONLY
0,13.9614,t23,LIDAR_ONLY,9.6615,9.6615,40.9563,31.2948,31.2948,76.4103,76.4103,0,0,15.38,1.31,stop,18.24,front,LIDAR_ONLY
0,13.9614,t23,LIDAR_ONLY,10.2270,10.2270,40.9563,30.7292,30.7292,75.0294,75.0294,0,0,15.38,1.31,stop,14.11,front,LIDAR_ONLY
0,13.9614,t23,LIDAR_ONLY,10.5775,10.5775,40.9563,30.3788,30.3788,74.1738,74.1738,0,0,15.38,1.31,stop,22.38,front,LIDAR_ONLY
0,14.1246,cam_0,CAM_ONLY,38.7977,,39.9237,1.1260,,2.8204,,0,,10.18,1.33,slowdown,,,CAMERA_ONLY
0,14.4622,cam_0,CAM_ONLY,36.0888,,37.9760,1.8872,,4.9694,,0,,12.16,1.22,slowdown,,,CAMERA_ONLY
0,14.4622,t34,LIDAR_ONLY,10.1052,10.1052,37.9760,27.8708,27.8708,73.3905,73.3905,0,0,12.16,1.22,slow,23.33,front,LIDAR_ONLY
0,14.4622,t34,LIDAR_ONLY,9.4129,9.4129,37.9760,28.5631,28.5631,75.2136,75.2136,0,0,12.16,1.22,stop,27.51,front,LIDAR_ONLY
0,14.5814,cam_0,CAM_ONLY,37.1145,,37.3652,0.2508,,0.6711,,1,,8.74,1.08,slowdown,,,CAMERA_ONLY
0,14.6413,cam_0,CAM_ONLY,34.9147,,37.0951,2.1804,,5.8778,,0,,12.72,1.19,slowdown,,,CAMERA_ONLY
0,14.7061,t43,BOTH,36.2718,23.5835,36.7791,0.5073,13.1957,1.3793,35.8781,1,0,15.64,1.26,slowdown,,,FULL_ANGLE
0,14.7061,t42,LIDAR_ONLY,10.9659,10.9659,36.7791,25.8132,25.8132,70.1844,70.1844,0,0,15.64,1.26,slow,23.27,front,LIDAR_ONLY
0,14.7061,t42,LIDAR_ONLY,10.2155,10.2155,36.7791,26.5636,26.5636,72.2248,72.2248,0,0,15.64,1.26,slow,27.46,front,LIDAR_ONLY
0,14.7061,t42,LIDAR_ONLY,10.3962,10.3962,36.7791,26.3829,26.3829,71.7333,71.7333,0,0,15.64,1.26,slow,19.07,front,LIDAR_ONLY
0,14.7690,cam_0,CAM_ONLY,33.7736,,36.4802,2.7065,,7.4191,,0,,13.81,1.22,slowdown,,,CAMERA_ONLY
0,14.8992,t43,BOTH,34.6776,21.3753,35.8631,1.1855,14.4878,3.3055,40.3974,0,0,21.59,0.82,slowdown,,,FULL_ANGLE
0,14.9516,t43,BOTH,32.9062,18.5863,35.6096,2.7033,17.0232,7.5916,47.8052,0,0,11.51,1.05,slowdown,,,FULL_ANGLE
0,14.9516,t47,LIDAR_ONLY,10.1251,10.1251,35.6096,25.4845,25.4845,71.5664,71.5664,0,0,11.51,1.05,slow,27.97,front,LIDAR_ONLY
0,14.9516,t43,LIDAR_ONLY,18.5522,18.5522,35.6096,17.0574,17.0574,47.9011,47.9011,0,0,11.51,1.05,cautious,19.61,front,LIDAR_ONLY
0,14.9516,t47,LIDAR_ONLY,10.3281,10.3281,35.6096,25.2815,25.2815,70.9964,70.9964,0,0,11.51,1.05,slow,23.79,front,LIDAR_ONLY
0,15.0277,cam_0,CAM_ONLY,31.5170,,35.2830,3.7660,,10.6737,,0,,18.48,1.23,warning,,,CAMERA_ONLY
0,15.0933,cam_0,CAM_ONLY,31.1106,,35.0014,3.8908,,11.1160,,0,,18.08,1.12,warning,,,CAMERA_ONLY
0,15.1579,t43,BOTH,30.9371,18.6259,34.6978,3.7607,16.0719,10.8385,46.3196,0,0,18.93,1.41,warning,,,FULL_ANGLE
0,15.1579,t47,LIDAR_ONLY,10.5369,10.5369,34.6978,24.1609,24.1609,69.6323,69.6323,0,0,18.93,1.41,slow,23.85,front,LIDAR_ONLY
0,15.1579,t47,LIDAR_ONLY,10.5993,10.5993,34.6978,24.0985,24.0985,69.4525,69.4525,0,0,18.93,1.41,slow,27.99,front,LIDAR_ONLY
0,15.1579,t43,LIDAR_ONLY,17.1919,17.1919,34.6978,17.5059,17.5059,50.4525,50.4525,0,0,18.93,1.41,cautious,19.70,front,LIDAR_ONLY
0,15.2177,cam_0,CAM_ONLY,32.0602,,34.4433,2.3831,,6.9190,,0,,15.31,1.26,slowdown,,,CAMERA_ONLY
0,15.2750,cam_0,CAM_ONLY,32.6053,,34.2261,1.6207,,4.7354,,0,,9.27,1.36,slowdown,,,CAMERA_ONLY
0,15.3359,cam_0,CAM_ONLY,32.5678,,33.9638,1.3960,,4.1103,,0,,15.44,0.91,slowdown,,,CAMERA_ONLY
0,15.4103,t64,LIDAR_ONLY,10.8903,10.8903,33.6703,22.7800,22.7800,67.6561,67.6561,0,0,14.96,1.84,slow,25.04,front,LIDAR_ONLY
0,15.4103,t64,LIDAR_ONLY,11.1792,11.1792,33.6703,22.4911,22.4911,66.7980,66.7980,0,0,14.96,1.84,slow,20.85,front,LIDAR_ONLY
0,15.4103,t64,LIDAR_ONLY,10.7543,10.7543,33.6703,22.9160,22.9160,68.0600,68.0600,0,0,14.96,1.84,slow,29.23,front,LIDAR_ONLY
0,15.4103,t65,LIDAR_ONLY,22.3221,22.3221,33.6703,11.3482,11.3482,33.7039,33.7039,0,0,14.96,1.84,drive,12.47,front,LIDAR_ONLY
0,15.4103,t65,LIDAR_ONLY,19.7978,19.7978,33.6703,13.8725,13.8725,41.2011,41.2011,0,0,14.96,1.84,drive,16.66,front,LIDAR_ONLY
0,15.6684,cam_0,CAM_ONLY,30.4909,,32.6853,2.1944,,6.7136,,0,,13.73,2.63,warning,,,CAMERA_ONLY
0,15.6684,t69,LIDAR_ONLY,10.3398,10.3398,32.6853,22.3455,22.3455,68.3657,68.3657,0,0,13.73,2.63,slow,26.76,front,LIDAR_ONLY
0,15.7275,cam_0,CAM_ONLY,29.8957,,32.4404,2.5447,,7.8443,,0,,11.52,1.13,warning,,,CAMERA_ONLY
0,15.7907,cam_0,CAM_ONLY,29.0852,,32.1784,3.0932,,9.6127,,0,,13.70,1.26,warning,,,CAMERA_ONLY
0,15.8492,cam_0,CAM_ONLY,28.9698,,31.9235,2.9537,,9.2525,,0,,12.92,1.20,warning,,,CAMERA_ONLY
0,15.9140,t78,BOTH,29.4498,11.5886,31.7159,2.2661,20.1273,7.1449,63.4613,0,0,17.21,1.36,warning,,,FULL_ANGLE
0,15.9140,t78,LIDAR_ONLY,10.1446,10.1446,31.7159,21.5713,21.5713,68.0140,68.0140,0,0,17.21,1.36,slow,27.93,front,LIDAR_ONLY
0,15.9140,t78,LIDAR_ONLY,10.6116,10.6116,31.7159,21.1043,21.1043,66.5416,66.5416,0,0,17.21,1.36,slow,19.67,front,LIDAR_ONLY
0,15.9140,t78,LIDAR_ONLY,10.9607,10.9607,31.7159,20.7552,20.7552,65.4410,65.4410,0,0,17.21,1.36,slow,23.80,front,LIDAR_ONLY
0,15.9785,cam_0,CAM_ONLY,29.5952,,31.4676,1.8725,,5.9504,,0,,16.18,1.05,warning,,,CAMERA_ONLY
0,16.0468,cam_0,CAM_ONLY,29.5861,,31.1937,1.6076,,5.1536,,0,,18.28,2.74,warning,,,CAMERA_ONLY
0,16.0987,cam_0,CAM_ONLY,29.1776,,31.0477,1.8701,,6.0232,,0,,8.67,1.27,warning,,,CAMERA_ONLY
0,16.0987,t84,LIDAR_ONLY,36.6433,36.6433,31.0477,5.5956,5.5956,18.0226,18.0226,0,0,8.67,1.27,drive,-21.94,front,LIDAR_ONLY
0,16.1548,cam_0,CAM_ONLY,29.1189,,30.8251,1.7062,,5.5352,,0,,13.18,1.55,slowdown,,,CAMERA_ONLY
0,16.1548,t87,LIDAR_ONLY,9.9073,9.9073,30.8251,20.9179,20.9179,67.8598,67.8598,0,0,13.18,1.55,slow,28.79,front,LIDAR_ONLY
0,16.1548,t87,LIDAR_ONLY,10.1154,10.1154,30.8251,20.7097,20.7097,67.1845,67.1845,0,0,13.18,1.55,slow,24.59,front,LIDAR_ONLY
0,16.1548,t87,LIDAR_ONLY,10.5604,10.5604,30.8251,20.2648,20.2648,65.7411,65.7411,0,0,13.18,1.55,slow,20.39,front,LIDAR_ONLY
0,16.2172,cam_0,CAM_ONLY,28.6145,,30.6164,2.0019,,6.5386,,0,,15.78,1.29,warning,,,CAMERA_ONLY
0,16.2172,t87,LIDAR_ONLY,10.7354,10.7354,30.6164,19.8810,19.8810,64.9358,64.9358,0,0,15.78,1.29,slow,29.64,front,LIDAR_ONLY
0,16.2172,t87,LIDAR_ONLY,10.8597,10.8597,30.6164,19.7568,19.7568,64.5300,64.5300,0,0,15.78,1.29,slow,25.48,front,LIDAR_ONLY
0,16.2829,cam_0,CAM_ONLY,28.1557,,30.4287,2.2730,,7.4699,,0,,19.45,1.05,warning,,,CAMERA_ONLY
0,16.3482,t90,BOTH,28.0407,17.1885,30.2219,2.1812,13.0334,7.2172,43.1256,0,0,14.31,1.05,warning,,,FULL_ANGLE
0,16.3482,t87,LIDAR_ONLY,11.2305,11.2305,30.2219,18.9914,18.9914,62.8400,62.8400,0,0,14.31,1.05,slow,20.98,front,LIDAR_ONLY
0,16.3482,t87,LIDAR_ONLY,11.4664,11.4664,30.2219,18.7555,18.7555,62.0593,62.0593,0,0,14.31,1.05,slow,25.15,front,LIDAR_ONLY
0,16.3482,t87,LIDAR_ONLY,11.2480,11.2480,30.2219,18.9739,18.9739,62.7820,62.7820,0,0,14.31,1.05,slow,29.32,front,LIDAR_ONLY
0,16.4105,cam_0,CAM_ONLY,27.8457,,30.0505,2.2047,,7.3368,,0,,18.41,1.40,warning,,,CAMERA_ONLY
0,16.4871,cam_0,CAM_ONLY,27.5634,,29.8466,2.2832,,7.6499,,0,,15.29,1.03,slowdown,,,CAMERA_ONLY
0,16.5471,cam_0,CAM_ONLY,27.3593,,29.6788,2.3195,,7.8154,,0,,12.06,0.96,slowdown,,,CAMERA_ONLY
0,16.6067,cam_0,CAM_ONLY,26.9658,,29.4989,2.5331,,8.5872,,0,,11.51,1.03,warning,,,CAMERA_ONLY
0,16.6737,cam_0,CAM_ONLY,26.5955,,29.3358,2.7403,,9.3411,,0,,17.98,1.26,warning,,,CAMERA_ONLY
0,16.7331,cam_0,CAM_ONLY,26.7619,,29.1700,2.4081,,8.2552,,0,,9.06,0.94,warning,,,CAMERA_ONLY
0,16.7903,cam_0,CAM_ONLY,26.4705,,29.0553,2.5848,,8.8962,,0,,14.37,1.10,warning,,,CAMERA_ONLY
0,16.8461,cam_0,CAM_ONLY,26.6273,,28.9144,2.2870,,7.9096,,0,,10.73,1.11,slowdown,,,CAMERA_ONLY
0,16.9057,cam_0,CAM_ONLY,26.4857,,28.7657,2.2800,,7.9263,,0,,12.64,1.35,slowdown,,,CAMERA_ONLY
0,16.9057,t105,LIDAR_ONLY,14.2789,14.2789,28.7657,14.4868,14.4868,50.3614,50.3614,0,0,12.64,1.35,cautious,20.26,front,LIDAR_ONLY
0,16.9057,t105,LIDAR_ONLY,12.6490,12.6490,28.7657,16.1167,16.1167,56.0274,56.0274,0,0,12.64,1.35,cautious,24.35,front,LIDAR_ONLY
0,16.9057,t105,LIDAR_ONLY,11.5420,11.5420,28.7657,17.2237,17.2237,59.8758,59.8758,0,0,12.64,1.35,slow,28.43,front,LIDAR_ONLY
0,16.9724,cam_0,CAM_ONLY,26.1845,,28.6173,2.4328,,8.5011,,0,,14.79,1.27,warning,,,CAMERA_ONLY
0,17.0379,cam_0,CAM_ONLY,26.2351,,28.4672,2.2321,,7.8408,,0,,16.13,1.26,slowdown,,,CAMERA_ONLY
0,17.1068,cam_0,CAM_ONLY,25.9943,,28.3122,2.3179,,8.1868,,0,,10.36,1.24,slowdown,,,CAMERA_ONLY
0,17.1068,t105,LIDAR_ONLY,11.6611,11.6611,28.3122,16.6511,16.6511,58.8125,58.8125,0,0,10.36,1.24,slow,21.93,front,LIDAR_ONLY
0,17.1068,t105,LIDAR_ONLY,11.6842,11.6842,28.3122,16.6280,16.6280,58.7308,58.7308,0,0,10.36,1.24,slow,26.00,front,LIDAR_ONLY
0,17.1790,cam_0,CAM_ONLY,26.1293,,28.1752,2.0459,,7.2612,,0,,11.88,1.02,slowdown,,,CAMERA_ONLY
0,17.2346,cam_0,CAM_ONLY,25.9824,,28.0570,2.0747,,7.3945,,0,,10.70,0.92,slowdown,,,CAMERA_ONLY
0,17.2922,cam_0,CAM_ONLY,25.9372,,27.9193,1.9822,,7.0996,,0,,10.84,1.26,slowdown,,,CAMERA_ONLY
0,17.3572,t115,BOTH,25.7607,24.2050,27.8095,2.0488,3.6045,7.3671,12.9613,0,0,18.11,1.18,slowdown,,,FULL_ANGLE
0,17.3572,t114,LIDAR_ONLY,12.6802,12.6802,27.8095,15.1292,15.1292,54.4032,54.4032,0,0,18.11,1.18,cautious,22.95,front,LIDAR_ONLY
0,17.3572,t114,LIDAR_ONLY,11.6335,11.6335,27.8095,16.1760,16.1760,58.1671,58.1671,0,0,18.11,1.18,slow,27.08,front,LIDAR_ONLY
0,17.3572,t115,LIDAR_ONLY,18.4581,18.4581,27.8095,9.3514,9.3514,33.6266,33.6266,0,0,18.11,1.18,drive,18.82,front,LIDAR_ONLY
0,17.4229,cam_0,CAM_ONLY,25.2650,,27.6700,2.4050,,8.6916,,0,,17.97,1.27,warning,,,CAMERA_ONLY
0,17.4925,cam_0,CAM_ONLY,25.7485,,27.5295,1.7809,,6.4692,,0,,18.49,1.10,slowdown,,,CAMERA_ONLY
0,17.5599,cam_0,CAM_ONLY,25.6376,,27.3975,1.7599,,6.4235,,0,,18.22,1.28,slowdown,,,CAMERA_ONLY
0,17.5599,t114,LIDAR_ONLY,10.9753,10.9753,27.3975,16.4222,16.4222,59.9404,59.9404,0,0,18.22,1.28,slow,28.81,front,LIDAR_ONLY
0,17.6251,cam_0,CAM_ONLY,24.8565,,27.2605,2.4041,,8.8189,,0,,12.36,1.24,warning,,,CAMERA_ONLY
0,17.6831,cam_0,CAM_ONLY,24.8168,,27.1649,2.3480,,8.6436,,0,,14.03,0.89,warning,,,CAMERA_ONLY
0,17.7395,cam_0,CAM_ONLY,24.4356,,27.0537,2.6181,,9.6773,,0,,11.54,0.87,warning,,,CAMERA_ONLY
0,17.7948,cam_0,CAM_ONLY,24.5362,,26.9581,2.4219,,8.9841,,0,,14.23,1.09,warning,,,CAMERA_ONLY
0,17.8481,cam_0,CAM_ONLY,24.0061,,26.8968,2.8907,,10.7474,,0,,9.87,1.01,slowdown,,,CAMERA_ONLY
0,17.9092,t132,BOTH,23.4849,19.7531,26.8464,3.3616,7.0934,12.5215,26.4221,0,0,11.55,1.18,safe,,,FULL_ANGLE
0,17.9092,t130,LIDAR_ONLY,10.1085,10.1085,26.8464,16.7379,16.7379,62.3469,62.3469,0,0,11.55,1.18,slow,29.31,front,LIDAR_ONLY
0,17.9092,t132,LIDAR_ONLY,17.3578,17.3578,26.8464,9.4886,9.4886,35.3441,35.3441,0,0,11.55,1.18,drive,21.01,front,LIDAR_ONLY
0,17.9092,t130,LIDAR_ONLY,10.2717,10.2717,26.8464,16.5747,16.5747,61.7390,61.7390,0,0,11.55,1.18,slow,25.16,front,LIDAR_ONLY
0,17.9868,cam_0,CAM_ONLY,23.5228,,26.8132,3.2904,,12.2716,,0,,20.14,0.91,safe,,,CAMERA_ONLY
0,18.0440,cam_0,CAM_ONLY,23.6431,,26.8123,3.1692,,11.8198,,0,,10.61,1.16,safe,,,CAMERA_ONLY
0,18.1002,cam_0,CAM_ONLY,23.7222,,26.8088,3.0867,,11.5137,,0,,11.76,0.78,safe,,,CAMERA_ONLY
0,18.1568,cam_0,CAM_ONLY,23.7937,,26.7963,3.0026,,11.2052,,0,,11.25,1.00,safe,,,CAMERA_ONLY
0,18.2230,cam_0,CAM_ONLY,23.6123,,26.7743,3.1620,,11.8100,,0,,16.91,1.52,safe,,,CAMERA_ONLY
0,18.2230,t141,LIDAR_ONLY,11.3045,11.3045,26.7743,15.4698,15.4698,57.7786,57.7786,0,0,16.91,1.52,cautious,26.18,front,LIDAR_ONLY
0,18.2230,t141,LIDAR_ONLY,11.6615,11.6615,26.7743,15.1128,15.1128,56.4453,56.4453,0,0,16.91,1.52,cautious,22.11,front,LIDAR_ONLY
0,18.2902,cam_0,CAM_ONLY,23.5984,,26.7431,3.1447,,11.7589,,0,,16.16,1.07,safe,,,CAMERA_ONLY
0,18.3554,t141,LIDAR_ONLY,11.9045,11.9045,26.6977,14.7932,14.7932,55.4100,55.4100,0,0,16.79,1.37,cautious,23.86,front,LIDAR_ONLY
0,18.3554,t141,LIDAR_ONLY,11.7466,11.7466,26.6977,14.9510,14.9510,56.0012,56.0012,0,0,16.79,1.37,cautious,28.09,front,LIDAR_ONLY
0,18.3554,t147,LIDAR_ONLY,24.0906,24.0906,26.6977,2.6070,2.6070,9.7650,9.7650,0,0,16.79,1.37,drive,15.40,front,LIDAR_ONLY
0,18.3554,t147,LIDAR_ONLY,19.6718,19.6718,26.6977,7.0259,7.0259,26.3165,26.3165,0,0,16.79,1.37,drive,19.63,front,LIDAR_ONLY
0,18.4831,cam_0,CAM_ONLY,23.6967,,26.5943,2.8976,,10.8956,,0,,15.86,0.91,safe,,,CAMERA_ONLY
0,18.5593,t147,BOTH,23.4584,17.5080,26.5163,3.0579,9.0083,11.5323,33.9727,0,0,20.23,2.83,slowdown,,,FULL_ANGLE
0,18.5593,t141,LIDAR_ONLY,11.3538,11.3538,26.5163,15.1625,15.1625,57.1816,57.1816,0,0,20.23,2.83,cautious,29.62,front,LIDAR_ONLY
0,18.5593,t147,LIDAR_ONLY,17.3810,17.3810,26.5163,9.1353,9.1353,34.4515,34.4515,0,0,20.23,2.83,drive,21.37,front,LIDAR_ONLY
0,18.5593,t141,LIDAR_ONLY,11.3642,11.3642,26.5163,15.1521,15.1521,57.1427,57.1427,0,0,20.23,2.83,cautious,25.50,front,LIDAR_ONLY
0,18.6216,cam_0,CAM_ONLY,23.3580,,26.4460,3.0880,,11.6766,,0,,15.12,1.23,slowdown,,,CAMERA_ONLY
0,18.6807,cam_0,CAM_ONLY,23.4068,,26.3556,2.9488,,11.1885,,0,,10.36,1.23,warning,,,CAMERA_ONLY
0,18.7409,cam_0,CAM_ONLY,23.1321,,26.2942,3.1621,,12.0259,,0,,16.24,0.93,slowdown,,,CAMERA_ONLY
0,18.8013,t158,BOTH,23.3016,26.8080,26.2725,2.9709,0.5355,11.3082,2.0381,0,1,14.95,0.99,safe,,,FULL_ANGLE
0,18.8013,t157,LIDAR_ONLY,12.9707,12.9707,26.2725,13.3018,13.3018,50.6300,50.6300,0,0,14.95,0.99,cautious,22.98,front,LIDAR_ONLY
0,18.8013,t157,LIDAR_ONLY,11.9710,11.9710,26.2725,14.3015,14.3015,54.4352,54.4352,0,0,14.95,0.99,cautious,27.02,front,LIDAR_ONLY
0,18.8013,t158,LIDAR_ONLY,22.3077,22.3077,26.2725,3.9648,3.9648,15.0911,15.0911,0,0,14.95,0.99,drive,18.94,front,LIDAR_ONLY
0,18.8656,cam_0,CAM_ONLY,23.6380,,26.2526,2.6147,,9.9596,,0,,13.58,1.24,safe,,,CAMERA_ONLY
0,18.9357,cam_0,CAM_ONLY,23.3056,,26.2200,2.9144,,11.1153,,0,,16.97,0.98,safe,,,CAMERA_ONLY
0,19.0036,cam_0,CAM_ONLY,23.4068,,26.1755,2.7688,,10.5777,,0,,16.46,0.95,safe,,,CAMERA_ONLY
0,19.0710,cam_0,CAM_ONLY,23.3882,,26.1208,2.7326,,10.4613,,0,,23.19,1.18,safe,,,CAMERA_ONLY
0,19.1387,cam_0,CAM_ONLY,23.6358,,26.0570,2.4212,,9.2918,,0,,19.55,0.91,safe,,,CAMERA_ONLY
0,19.2036,t169,BOTH,23.7944,22.8810,25.9885,2.1941,3.1075,8.4425,11.9572,0,0,17.50,0.95,slowdown,,,FULL_ANGLE
0,19.2036,t168,LIDAR_ONLY,15.0407,15.0407,25.9885,10.9479,10.9479,42.1258,42.1258,0,0,17.50,0.95,cautious,20.05,front,LIDAR_ONLY
0,19.2036,t168,LIDAR_ONLY,13.4830,13.4830,25.9885,12.5055,12.5055,48.1195,48.1195,0,0,17.50,0.95,cautious,24.07,front,LIDAR_ONLY
0,19.2036,t168,LIDAR_ONLY,12.3094,12.3094,25.9885,13.6791,13.6791,52.6353,52.6353,0,0,17.50,0.95,cautious,28.09,front,LIDAR_ONLY
0,19.2753,cam_0,CAM_ONLY,23.9555,,25.8918,1.9363,,7.4786,,0,,13.50,1.26,slowdown,,,CAMERA_ONLY
0,19.4548,t173,LIDAR_ONLY,13.7743,13.7743,25.6041,11.8298,11.8298,46.2028,46.2028,0,0,10.10,1.16,cautious,21.77,front,LIDAR_ONLY
0,19.4548,t173,LIDAR_ONLY,12.5519,12.5519,25.6041,13.0522,13.0522,50.9771,50.9771,0,0,10.10,1.16,cautious,25.82,front,LIDAR_ONLY
0,19.4548,t173,LIDAR_ONLY,11.8554,11.8554,25.6041,13.7487,13.7487,53.6973,53.6973,0,0,10.10,1.16,cautious,29.86,front,LIDAR_ONLY
0,19.4548,t174,LIDAR_ONLY,19.0245,19.0245,25.6041,6.5796,6.5796,25.6974,25.6974,0,0,10.10,1.16,drive,17.72,front,LIDAR_ONLY
0,19.9073,t185,LIDAR_ONLY,10.1146,10.1146,24.5678,14.4532,14.4532,58.8297,58.8297,0,0,8.80,0.99,slow,29.51,front,LIDAR_ONLY
0,19.9073,t185,LIDAR_ONLY,10.3640,10.3640,24.5678,14.2038,14.2038,57.8148,57.8148,0,0,8.80,0.99,slow,25.30,front,LIDAR_ONLY
0,19.9073,t187,LIDAR_ONLY,20.4013,20.4013,24.5678,4.1665,4.1665,16.9593,16.9593,0,0,8.80,0.99,drive,4.28,front,LIDAR_ONLY
0,19.9625,cam_1,CAM_ONLY,22.5834,,24.4059,1.8226,,7.4677,,0,,9.84,1.21,warning,,,CAMERA_ONLY
0,20.0147,cam_1,CAM_ONLY,22.4029,,24.2612,1.8583,,7.6597,,0,,10.25,1.14,warning,,,CAMERA_ONLY
0,20.0711,cam_1,CAM_ONLY,22.0178,,24.0921,2.0743,,8.6098,,0,,11.18,1.23,warning,,,CAMERA_ONLY
0,20.1302,cam_1,CAM_ONLY,21.9901,,23.9341,1.9440,,8.1223,,0,,12.93,1.04,warning,,,CAMERA_ONLY
0,20.1922,cam_1,CAM_ONLY,21.3524,,23.7514,2.3990,,10.1004,,0,,12.91,0.98,warning,,,CAMERA_ONLY
0,20.2549,t196,LIDAR_ONLY,12.7298,12.7298,23.5834,10.8536,10.8536,46.0221,46.0221,0,0,11.43,1.03,cautious,23.52,front,LIDAR_ONLY
0,20.2549,t196,LIDAR_ONLY,11.7738,11.7738,23.5834,11.8097,11.8097,50.0761,50.0761,0,0,11.43,1.03,slow,27.60,front,LIDAR_ONLY
0,20.2549,t197,LIDAR_ONLY,28.6467,28.6467,23.5834,5.0632,5.0632,21.4694,21.4694,0,0,11.43,1.03,drive,15.36,front,LIDAR_ONLY
0,20.2549,t198,LIDAR_ONLY,19.4000,19.4000,23.5834,4.1835,4.1835,17.7391,17.7391,0,0,11.43,1.03,drive,3.12,front,LIDAR_ONLY
0,20.3087,t196,LIDAR_ONLY,11.8219,11.8219,23.4134,11.5916,11.5916,49.5082,49.5082,0,0,10.20,1.29,slow,24.27,front,LIDAR_ONLY
0,20.3087,t196,LIDAR_ONLY,12.0493,12.0493,23.4134,11.3642,11.3642,48.5370,48.5370,0,0,10.20,1.29,slow,20.14,front,LIDAR_ONLY
0,20.3087,t196,LIDAR_ONLY,12.1045,12.1045,23.4134,11.3089,11.3089,48.3009,48.3009,0,0,10.20,1.29,slow,28.40,front,LIDAR_ONLY
0,20.3832,cam_1,CAM_ONLY,67.2162,,23.2402,43.9759,,189.2231,,0,,12.64,1.06,safe,,,CAMERA_ONLY
0,20.4406,cam_1,CAM_ONLY,19.8669,,23.0865,3.2196,,13.9460,,0,,12.07,1.23,warning,,,CAMERA_ONLY
0,20.4406,cam_1,CAM_ONLY,67.9708,,23.0865,44.8843,,194.4179,,0,,12.07,1.23,safe,,,CAMERA_ONLY
0,20.5023,t196,BOTH,19.5973,12.4623,22.9536,3.3562,10.4913,14.6219,45.7065,0,0,18.33,1.00,warning,,,FULL_ANGLE
0,20.5023,t196,LIDAR_ONLY,12.7324,12.7324,22.9536,10.2212,10.2212,44.5297,44.5297,0,0,18.33,1.00,slow,26.96,front,LIDAR_ONLY
0,20.5023,t196,LIDAR_ONLY,13.0078,13.0078,22.9536,9.9457,9.9457,43.3298,43.3298,0,0,18.33,1.00,cautious,22.76,front,LIDAR_ONLY
0,20.5703,cam_1,CAM_ONLY,19.1286,,22.7934,3.6648,,16.0784,,0,,14.07,1.32,stop,,,CAMERA_ONLY
0,20.6357,cam_1,CAM_ONLY,19.2253,,22.6486,3.4233,,15.1149,,0,,18.02,1.68,warning,,,CAMERA_ONLY
0,20.6962,cam_1,CAM_ONLY,19.1725,,22.5130,3.3405,,14.8381,,0,,16.80,1.01,warning,,,CAMERA_ONLY
0,20.7584,cam_1,CAM_ONLY,18.9477,,22.3763,3.4287,,15.3227,,0,,13.43,1.36,warning,,,CAMERA_ONLY
0,20.7584,t212,LIDAR_ONLY,10.2067,10.2067,22.3763,12.1696,12.1696,54.3862,54.3862,0,0,13.43,1.36,slow,29.21,front,LIDAR_ONLY
0,20.7584,t212,LIDAR_ONLY,10.4819,10.4819,22.3763,11.8944,11.8944,53.1563,53.1563,0,0,13.43,1.36,slow,25.09,front,LIDAR_ONLY
0,20.7584,t212,LIDAR_ONLY,11.0441,11.0441,22.3763,11.3322,11.3322,50.6436,50.6436,0,0,13.43,1.36,slow,20.98,front,LIDAR_ONLY
0,20.8191,cam_1,CAM_ONLY,18.7945,,22.2416,3.4471,,15.4983,,0,,12.50,1.19,warning,,,CAMERA_ONLY
0,20.8774,cam_1,CAM_ONLY,18.4750,,22.1459,3.6709,,16.5760,,0,,10.88,1.07,warning,,,CAMERA_ONLY
0,20.9421,cam_1,CAM_ONLY,18.4429,,22.0112,3.5683,,16.2112,,0,,15.40,2.06,warning,,,CAMERA_ONLY
0,20.9421,cam_1,CAM_ONLY,66.9938,,22.0112,44.9827,,204.3628,,0,,15.40,2.06,safe,,,CAMERA_ONLY
0,21.0093,cam_1,CAM_ONLY,18.6514,,21.8982,3.2468,,14.8269,,0,,15.87,1.28,warning,,,CAMERA_ONLY
0,21.0093,t223,BOTH,66.8397,10.7106,21.8982,44.9415,11.1876,205.2295,51.0892,0,0,15.87,1.28,safe,,,FULL_ANGLE
0,21.0093,t223,LIDAR_ONLY,10.0731,10.0731,21.8982,11.8251,11.8251,54.0005,54.0005,0,0,15.87,1.28,slow,29.55,front,LIDAR_ONLY
0,21.0093,t223,LIDAR_ONLY,11.1127,11.1127,21.8982,10.7855,10.7855,49.2529,49.2529,0,0,15.87,1.28,slow,25.49,front,LIDAR_ONLY
0,21.0707,cam_1,CAM_ONLY,18.5254,,21.8032,3.2778,,15.0336,,0,,13.85,1.21,warning,,,CAMERA_ONLY
0,21.0707,cam_1,CAM_ONLY,67.4190,,21.8032,45.6158,,209.2161,,0,,13.85,1.21,safe,,,CAMERA_ONLY
0,21.1252,cam_1,CAM_ONLY,18.5378,,21.7216,3.1838,,14.6573,,0,,9.22,1.25,warning,,,CAMERA_ONLY
0,21.1929,cam_1,CAM_ONLY,19.1619,,21.6578,2.4958,,11.5240,,0,,19.94,1.06,warning,,,CAMERA_ONLY
0,21.2494,cam_1,CAM_ONLY,18.7509,,21.6553,2.9044,,13.4122,,0,,12.51,0.95,warning,,,CAMERA_ONLY
0,21.3114,cam_1,CAM_ONLY,18.7899,,21.6552,2.8653,,13.2316,,0,,15.55,1.32,warning,,,CAMERA_ONLY
0,21.3114,t237,LIDAR_ONLY,11.2733,11.2733,21.6552,10.3819,10.3819,47.9418,47.9418,0,0,15.55,1.32,cautious,26.05,front,LIDAR_ONLY
0,21.3678,cam_1,CAM_ONLY,18.8402,,21.6551,2.8149,,12.9988,,0,,10.19,1.19,warning,,,CAMERA_ONLY
0,21.4316,cam_1,CAM_ONLY,18.6912,,21.6550,2.9638,,13.6865,,0,,17.23,1.00,warning,,,CAMERA_ONLY
0,21.4955,cam_1,CAM_ONLY,18.8283,,21.6549,2.8266,,13.0528,,0,,15.63,0.91,warning,,,CAMERA_ONLY
0,21.5522,t249,BOTH,19.0965,28.7674,21.6549,2.5583,7.1125,11.8141,32.8449,0,0,9.21,1.22,warning,,,FULL_ANGLE
0,21.5522,t248,LIDAR_ONLY,13.1062,13.1062,21.6549,8.5486,8.5486,39.4767,39.4767,0,0,9.21,1.22,cautious,23.38,front,LIDAR_ONLY
0,21.5522,t248,LIDAR_ONLY,12.2207,12.2207,21.6549,9.4341,9.4341,43.5658,43.5658,0,0,9.21,1.22,cautious,27.46,front,LIDAR_ONLY
0,21.5522,t249,LIDAR_ONLY,24.5434,24.5434,21.6549,2.8885,2.8885,13.3389,13.3389,0,0,9.21,1.22,drive,19.30,front,LIDAR_ONLY
0,21.6027,t249,BOTH,18.7654,21.0742,21.6549,2.8894,0.5807,13.3431,2.6815,0,1,10.44,0.97,warning,,,FULL_ANGLE
0,21.6027,t249,LIDAR_ONLY,20.9901,20.9901,21.6549,0.6647,0.6647,3.0697,3.0697,1,1,10.44,0.97,drive,21.02,front,LIDAR_ONLY
0,21.6027,t248,LIDAR_ONLY,12.0841,12.0841,21.6549,9.5707,9.5707,44.1967,44.1967,0,0,10.44,0.97,cautious,25.17,front,LIDAR_ONLY
0,21.6636,cam_1,CAM_ONLY,18.9303,,21.6548,2.7245,,12.5815,,0,,14.17,1.19,warning,,,CAMERA_ONLY
0,21.7251,cam_1,CAM_ONLY,19.0418,,21.6548,2.6130,,12.0664,,0,,10.71,1.02,warning,,,CAMERA_ONLY
0,21.7925,cam_1,CAM_ONLY,18.7972,,21.6548,2.8576,,13.1963,,0,,18.76,1.11,warning,,,CAMERA_ONLY
0,21.8564,cam_1,CAM_ONLY,18.8589,,21.6548,2.7958,,12.9109,,0,,15.09,1.31,warning,,,CAMERA_ONLY
0,21.8564,t257,LIDAR_ONLY,13.5808,13.5808,21.6548,8.0740,8.0740,37.2851,37.2851,0,0,15.09,1.31,cautious,22.81,front,LIDAR_ONLY
0,21.8564,t257,LIDAR_ONLY,14.0701,14.0701,21.6548,7.5846,7.5846,35.0253,35.0253,0,0,15.09,1.31,cautious,18.68,front,LIDAR_ONLY
0,21.8564,t257,LIDAR_ONLY,13.8538,13.8538,21.6548,7.8010,7.8010,36.0244,36.0244,0,0,15.09,1.31,cautious,26.95,front,LIDAR_ONLY
0,21.9227,cam_1,CAM_ONLY,18.7679,,21.6548,2.8869,,13.3313,,0,,17.26,2.27,warning,,,CAMERA_ONLY
0,21.9890,cam_1,CAM_ONLY,19.0189,,21.6548,2.6359,,12.1722,,0,,16.84,1.18,warning,,,CAMERA_ONLY
0,22.0575,cam_1,CAM_ONLY,18.9897,,21.6548,2.6651,,12.3071,,0,,18.18,1.34,warning,,,CAMERA_ONLY
0,22.0575,t257,LIDAR_ONLY,13.6596,13.6596,21.6548,7.9951,7.9951,36.9208,36.9208,0,0,18.18,1.34,cautious,23.22,front,LIDAR_ONLY
0,22.1241,cam_1,CAM_ONLY,19.0140,,21.6548,2.6408,,12.1950,,0,,22.21,1.38,warning,,,CAMERA_ONLY
0,22.1846,cam_1,CAM_ONLY,18.9217,,21.6548,2.7331,,12.6211,,0,,17.16,1.01,warning,,,CAMERA_ONLY
0,22.2465,cam_1,CAM_ONLY,18.9540,,21.6548,2.7008,,12.4721,,0,,12.04,0.95,warning,,,CAMERA_ONLY
0,22.3062,cam_1,CAM_ONLY,18.9188,,21.6548,2.7359,,12.6343,,0,,13.07,1.17,warning,,,CAMERA_ONLY
0,22.3062,t270,LIDAR_ONLY,10.9880,10.9880,21.6548,10.6667,10.6667,49.2581,49.2581,0,0,13.07,1.17,cautious,26.58,front,LIDAR_ONLY
0,22.3062,t270,LIDAR_ONLY,11.8616,11.8616,21.6548,9.7932,9.7932,45.2240,45.2240,0,0,13.07,1.17,cautious,18.33,front,LIDAR_ONLY
0,22.3062,t270,LIDAR_ONLY,12.4733,12.4733,21.6548,9.1814,9.1814,42.3991,42.3991,0,0,13.07,1.17,cautious,22.45,front,LIDAR_ONLY
0,22.3647,cam_1,CAM_ONLY,18.8096,,21.6548,2.8452,,13.1388,,0,,12.33,1.27,warning,,,CAMERA_ONLY
0,22.4287,cam_1,CAM_ONLY,18.8072,,21.6548,2.8476,,13.1499,,0,,14.85,1.09,warning,,,CAMERA_ONLY
0,22.4928,cam_1,CAM_ONLY,18.9208,,21.6548,2.7339,,12.6250,,0,,15.66,0.79,warning,,,CAMERA_ONLY
0,22.5483,cam_1,CAM_ONLY,18.8159,,21.6548,2.8389,,13.1099,,0,,11.20,1.00,warning,,,CAMERA_ONLY
0,22.6115,cam_1,CAM_ONLY,18.7409,,21.6548,2.9139,,13.4562,,0,,13.00,1.21,warning,,,CAMERA_ONLY
0,22.6817,cam_1,CAM_ONLY,18.7365,,21.6548,2.9182,,13.4762,,0,,12.68,0.92,warning,,,CAMERA_ONLY
0,22.7454,cam_1,CAM_ONLY,18.5569,,21.6548,3.0979,,14.3058,,0,,10.49,0.89,warning,,,CAMERA_ONLY
0,22.7999,cam_1,CAM_ONLY,18.7528,,21.6548,2.9020,,13.4012,,0,,11.73,1.02,warning,,,CAMERA_ONLY
0,22.7999,t279,LIDAR_ONLY,28.2210,28.2210,21.6548,6.5663,6.5663,30.3226,30.3226,0,0,11.73,1.02,drive,-29.90,front,LIDAR_ONLY
0,22.7999,t280,LIDAR_ONLY,10.9512,10.9512,21.6548,10.7036,10.7036,49.4284,49.4284,0,0,11.73,1.02,cautious,26.67,front,LIDAR_ONLY
0,22.7999,t280,LIDAR_ONLY,11.7807,11.7807,21.6548,9.8740,9.8740,45.5975,45.5975,0,0,11.73,1.02,cautious,18.59,front,LIDAR_ONLY
0,22.7999,t280,LIDAR_ONLY,12.3640,12.3640,21.6548,9.2908,9.2908,42.9040,42.9040,0,0,11.73,1.02,cautious,22.63,front,LIDAR_ONLY
0,22.8564,cam_1,CAM_ONLY,18.8274,,21.6548,2.8274,,13.0565,,0,,10.87,1.18,warning,,,CAMERA_ONLY
0,22.8564,t280,LIDAR_ONLY,12.7310,12.7310,21.6548,8.9238,8.9238,41.2093,41.2093,0,0,10.87,1.18,cautious,23.33,front,LIDAR_ONLY
0,22.8564,t280,LIDAR_ONLY,13.1413,13.1413,21.6548,8.5135,8.5135,39.3145,39.3145,0,0,10.87,1.18,cautious,19.18,front,LIDAR_ONLY
0,22.8564,t280,LIDAR_ONLY,13.5465,13.5465,21.6548,8.1083,8.1083,37.4435,37.4435,0,0,10.87,1.18,cautious,27.48,front,LIDAR_ONLY
0,22.9181,cam_1,CAM_ONLY,18.6881,,21.6548,2.9667,,13.7000,,0,,11.07,1.24,warning,,,CAMERA_ONLY
0,22.9834,cam_1,CAM_ONLY,18.8546,,21.6548,2.8002,,12.9310,,0,,12.69,1.16,warning,,,CAMERA_ONLY
0,23.0406,cam_1,CAM_ONLY,18.8129,,21.6548,2.8419,,13.1235,,0,,13.68,1.16,warning,,,CAMERA_ONLY
0,23.1084,cam_1,CAM_ONLY,18.7299,,21.6548,2.9248,,13.5066,,0,,17.72,1.08,warning,,,CAMERA_ONLY
0,23.1732,cam_1,CAM_ONLY,18.7062,,21.6548,2.9485,,13.6160,,0,,21.05,0.74,warning,,,CAMERA_ONLY
0,23.2320,cam_1,CAM_ONLY,18.8530,,21.6548,2.8017,,12.9382,,0,,19.20,0.93,warning,,,CAMERA_ONLY
0,23.2935,cam_1,CAM_ONLY,18.7989,,21.6548,2.8559,,13.1882,,0,,9.47,1.54,warning,,,CAMERA_ONLY
0,23.3588,cam_1,CAM_ONLY,18.7729,,21.6548,2.8819,,13.3082,,0,,17.85,1.24,warning,,,CAMERA_ONLY
0,23.3588,t295,LIDAR_ONLY,12.7070,12.7070,21.6548,8.9478,8.9478,41.3202,41.3202,0,0,17.85,1.24,cautious,23.89,front,LIDAR_ONLY
0,23.3588,t295,LIDAR_ONLY,13.2475,13.2475,21.6548,8.4073,8.4073,38.8242,38.8242,0,0,17.85,1.24,cautious,19.72,front,LIDAR_ONLY
0,23.3588,t295,LIDAR_ONLY,13.0087,13.0087,21.6548,8.6461,8.6461,39.9270,39.9270,0,0,17.85,1.24,cautious,28.06,front,LIDAR_ONLY
0,23.4317,cam_1,CAM_ONLY,18.8043,,21.6548,2.8505,,13.1632,,0,,16.69,1.13,warning,,,CAMERA_ONLY
0,23.4940,cam_1,CAM_ONLY,18.9074,,21.6548,2.7473,,12.6870,,0,,13.50,1.09,warning,,,CAMERA_ONLY
0,23.5645,t295,BOTH,18.7955,13.3663,21.6548,2.8592,8.2885,13.2038,38.2755,0,0,18.28,1.42,warning,,,FULL_ANGLE
0,23.5645,t295,LIDAR_ONLY,13.0821,13.0821,21.6548,8.5726,8.5726,39.5877,39.5877,0,0,18.28,1.42,cautious,22.18,front,LIDAR_ONLY
0,23.5645,t295,LIDAR_ONLY,13.5850,13.5850,21.6548,8.0698,8.0698,37.2656,37.2656,0,0,18.28,1.42,cautious,26.27,front,LIDAR_ONLY
0,23.6333,cam_1,CAM_ONLY,18.8483,,21.6548,2.8064,,12.9598,,0,,15.09,1.01,warning,,,CAMERA_ONLY
0,23.7038,t300,BOTH,18.7701,17.5369,21.6548,2.8846,4.1179,13.3211,19.0159,0,0,20.73,1.21,warning,,,FULL_ANGLE
0,23.7038,t295,LIDAR_ONLY,12.7007,12.7007,21.6548,8.9541,8.9541,41.3491,41.3491,0,0,20.73,1.21,cautious,28.55,front,LIDAR_ONLY
0,23.7038,t295,LIDAR_ONLY,12.9000,12.9000,21.6548,8.7548,8.7548,40.4289,40.4289,0,0,20.73,1.21,cautious,24.47,front,LIDAR_ONLY
0,23.7660,cam_1,CAM_ONLY,18.7175,,21.6548,2.9372,,13.5639,,0,,10.66,1.15,warning,,,CAMERA_ONLY
0,23.8225,cam_1,CAM_ONLY,18.8243,,21.6548,2.8305,,13.0708,,0,,10.98,1.16,warning,,,CAMERA_ONLY
0,23.8845,cam_1,CAM_ONLY,18.7980,,21.6548,2.8568,,13.1923,,0,,10.67,0.85,warning,,,CAMERA_ONLY
0,23.9548,t307,BOTH,18.8339,14.9567,21.6548,2.8208,6.6981,13.0263,30.9313,0,0,15.87,1.22,warning,,,FULL_ANGLE
0,23.9548,t307,LIDAR_ONLY,13.2377,13.2377,21.6548,8.4171,8.4171,38.8694,38.8694,0,0,15.87,1.22,cautious,23.22,front,LIDAR_ONLY
0,23.9548,t307,LIDAR_ONLY,16.0800,16.0800,21.6548,5.5747,5.5747,25.7437,25.7437,0,0,15.87,1.22,cautious,19.05,front,LIDAR_ONLY
0,23.9548,t307,LIDAR_ONLY,15.9950,15.9950,21.6548,5.6598,5.6598,26.1365,26.1365,0,0,15.87,1.22,cautious,27.38,front,LIDAR_ONLY
0,24.0304,cam_1,CAM_ONLY,18.7268,,21.6548,2.9279,,13.5209,,0,,20.84,1.36,warning,,,CAMERA_ONLY
0,24.1050,cam_1,CAM_ONLY,18.7649,,21.6548,2.8898,,13.3449,,0,,22.97,1.02,warning,,,CAMERA_ONLY
0,24.1050,t307,LIDAR_ONLY,13.9723,13.9723,21.6548,7.6825,7.6825,35.4771,35.4771,0,0,22.97,1.02,cautious,29.29,front,LIDAR_ONLY
0,24.1050,t307,LIDAR_ONLY,14.0770,14.0770,21.6548,7.5777,7.5777,34.9933,34.9933,0,0,22.97,1.02,cautious,21.06,front,LIDAR_ONLY
0,24.1681,cam_1,CAM_ONLY,18.8336,,21.6548,2.8212,,13.0279,,0,,18.06,1.31,warning,,,CAMERA_ONLY
0,24.2349,cam_1,CAM_ONLY,18.6898,,21.6548,2.9650,,13.6920,,0,,13.66,1.31,warning,,,CAMERA_ONLY
0,24.3012,t310,BOTH,18.8507,17.5297,11.1542,7.6965,6.3755,69.0005,57.1577,0,0,14.07,1.18,warning,,,FULL_ANGLE
0,24.3012,t307,LIDAR_ONLY,11.5576,11.5576,11.1542,0.4034,0.4034,3.6163,3.6163,1,1,14.07,1.18,cautious,29.03,front,LIDAR_ONLY
0,24.3012,t307,LIDAR_ONLY,11.3318,11.3318,11.1542,0.1775,0.1775,1.5917,1.5917,1,1,14.07,1.18,cautious,20.69,front,LIDAR_ONLY
0,24.3012,t307,LIDAR_ONLY,11.4224,11.4224,11.1542,0.2681,0.2681,2.4040,2.4040,1,1,14.07,1.18,cautious,24.86,front,LIDAR_ONLY
0,24.3671,t307,BOTH,18.6842,12.9143,11.6162,7.0680,1.2981,60.8464,11.1749,0,0,17.66,1.33,warning,,,FULL_ANGLE
0,24.3671,t307,LIDAR_ONLY,11.8447,11.8447,11.6162,0.2285,0.2285,1.9673,1.9673,1,1,17.66,1.33,cautious,21.22,front,LIDAR_ONLY
0,24.3671,t307,LIDAR_ONLY,11.9958,11.9958,11.6162,0.3796,0.3796,3.2677,3.2677,1,1,17.66,1.33,cautious,25.42,front,LIDAR_ONLY
0,24.3671,t312,LIDAR_ONLY,9.9072,9.9072,11.6162,1.7090,1.7090,14.7120,14.7120,0,0,17.66,1.33,slow,29.61,front,LIDAR_ONLY
0,24.4249,cam_1,CAM_ONLY,18.7431,,12.0650,6.6782,,55.3519,,0,,12.60,1.27,warning,,,CAMERA_ONLY
0,24.4796,cam_1,CAM_ONLY,18.7439,,12.8004,5.9435,,46.4320,,0,,11.35,1.21,warning,,,CAMERA_ONLY
0,24.5401,cam_1,CAM_ONLY,18.8083,,13.5080,5.3004,,39.2388,,0,,12.64,1.15,warning,,,CAMERA_ONLY
0,24.6242,cam_1,CAM_ONLY,18.6902,,14.6340,4.0562,,27.7173,,0,,22.24,1.39,warning,,,CAMERA_ONLY
0,24.6242,t324,LIDAR_ONLY,13.5735,13.5735,14.6340,1.0606,1.0606,7.2473,7.2473,0,0,22.24,1.39,cautious,22.82,front,LIDAR_ONLY
0,24.6242,t324,LIDAR_ONLY,12.0475,12.0475,14.6340,2.5865,2.5865,17.6748,17.6748,0,0,22.24,1.39,cautious,26.95,front,LIDAR_ONLY
0,24.6965,cam_1,CAM_ONLY,18.6343,,15.9992,2.6350,,16.4697,,0,,17.97,1.18,warning,,,CAMERA_ONLY
0,24.7597,cam_1,CAM_ONLY,18.7640,,17.1014,1.6626,,9.7222,,0,,14.94,1.30,warning,,,CAMERA_ONLY
0,24.7597,t324,LIDAR_ONLY,11.9378,11.9378,17.1014,5.1636,5.1636,30.1942,30.1942,0,0,14.94,1.30,cautious,25.23,front,LIDAR_ONLY
0,24.7597,t324,LIDAR_ONLY,11.3167,11.3167,17.1014,5.7847,5.7847,33.8261,33.8261,0,0,14.94,1.30,cautious,29.31,front,LIDAR_ONLY
0,24.7597,t324,LIDAR_ONLY,11.4933,11.4933,17.1014,5.6081,5.6081,32.7932,32.7932,0,0,14.94,1.30,cautious,21.16,front,LIDAR_ONLY
0,24.8278,cam_1,CAM_ONLY,18.6166,,18.3650,0.2516,,1.3697,,1,,21.11,0.88,warning,,,CAMERA_ONLY
0,24.8836,cam_1,CAM_ONLY,18.6315,,19.5777,0.9463,,4.8333,,1,,12.84,1.12,warning,,,CAMERA_ONLY
0,24.9407,cam_1,CAM_ONLY,18.6153,,20.5004,1.8850,,9.1951,,0,,11.25,1.01,warning,,,CAMERA_ONLY
0,25.0048,cam_1,CAM_ONLY,18.7124,,21.6548,2.9424,,13.5878,,0,,13.99,0.85,warning,,,CAMERA_ONLY
0,25.0659,cam_1,CAM_ONLY,18.7693,,21.6548,2.8855,,13.3248,,0,,10.95,1.18,warning,,,CAMERA_ONLY
0,25.1244,cam_1,CAM_ONLY,18.7391,,21.6548,2.9157,,13.4645,,0,,11.11,1.23,warning,,,CAMERA_ONLY
0,25.1873,cam_1,CAM_ONLY,18.9624,,21.6548,2.6924,,12.4333,,0,,15.37,1.21,warning,,,CAMERA_ONLY
0,25.2587,cam_1,CAM_ONLY,19.0975,,21.6548,2.5573,,11.8092,,0,,18.92,1.27,warning,,,CAMERA_ONLY
0,25.2587,t340,LIDAR_ONLY,12.1372,12.1372,21.6548,9.5176,9.5176,43.9514,43.9514,0,0,18.92,1.27,cautious,24.68,front,LIDAR_ONLY
0,25.2587,t340,LIDAR_ONLY,11.0004,11.0004,21.6548,10.6543,10.6543,49.2009,49.2009,0,0,18.92,1.27,cautious,28.72,front,LIDAR_ONLY
0,25.3241,cam_1,CAM_ONLY,19.0694,,21.6548,2.5853,,11.9389,,0,,11.55,1.14,warning,,,CAMERA_ONLY
0,25.3786,cam_1,CAM_ONLY,19.0184,,21.6548,2.6364,,12.1747,,0,,10.53,0.84,warning,,,CAMERA_ONLY
0,25.4342,cam_1,CAM_ONLY,19.1254,,21.6548,2.5293,,11.6802,,0,,13.59,0.99,warning,,,CAMERA_ONLY
0,25.5262,cam_1,CAM_ONLY,19.0421,,21.6548,2.6127,,12.0653,,0,,12.35,1.32,warning,,,CAMERA_ONLY
0,25.5882,cam_1,CAM_ONLY,19.1179,,21.6548,2.5368,,11.7148,,0,,12.48,1.31,warning,,,CAMERA_ONLY
0,25.5882,cam_1,CAM_ONLY,27.7477,,21.6548,6.0929,,28.1367,,0,,12.48,1.31,safe,,,CAMERA_ONLY
0,25.6449,cam_1,CAM_ONLY,19.0246,,21.6548,2.6301,,12.1457,,0,,12.01,0.89,warning,,,CAMERA_ONLY
0,25.6997,t345,BOTH,18.9014,11.7382,21.6548,2.7533,9.9166,12.7147,45.7940,0,0,10.56,1.11,warning,,,FULL_ANGLE
0,25.6997,t345,LIDAR_ONLY,9.8320,9.8320,21.6548,11.8227,11.8227,54.5964,54.5964,0,0,10.56,1.11,slow,29.85,front,LIDAR_ONLY
0,25.6997,t345,LIDAR_ONLY,10.6129,10.6129,21.6548,11.0418,11.0418,50.9904,50.9904,0,0,10.56,1.11,slow,21.75,front,LIDAR_ONLY
0,25.6997,t345,LIDAR_ONLY,12.2296,12.2296,21.6548,9.4252,9.4252,43.5248,43.5248,0,0,10.56,1.11,cautious,25.80,front,LIDAR_ONLY
0,25.7730,cam_1,CAM_ONLY,19.0038,,21.6548,2.6509,,12.2418,,0,,15.06,1.14,warning,,,CAMERA_ONLY
0,25.8278,cam_1,CAM_ONLY,18.9143,,21.6548,2.7405,,12.6554,,0,,10.04,0.86,warning,,,CAMERA_ONLY
0,25.8949,cam_1,CAM_ONLY,18.9758,,21.6548,2.6790,,12.3713,,0,,18.02,1.01,warning,,,CAMERA_ONLY
0,25.9652,cam_1,CAM_ONLY,19.0157,,21.6548,2.6391,,12.1870,,0,,22.66,1.21,warning,,,CAMERA_ONLY
0,26.0344,cam_1,CAM_ONLY,19.0969,,21.6548,2.5578,,11.8118,,0,,17.44,0.91,warning,,,CAMERA_ONLY
0,26.1030,cam_1,CAM_ONLY,19.2137,,21.6548,2.4411,,11.2727,,0,,14.67,1.09,warning,,,CAMERA_ONLY
0,26.1570,t357,BOTH,19.3572,19.4916,21.6548,2.2976,2.1632,10.6100,9.9894,0,0,9.01,1.06,warning,,,FULL_ANGLE
0,26.1570,t357,LIDAR_ONLY,16.4324,16.4324,21.6548,5.2224,5.2224,24.1165,24.1165,0,0,9.01,1.06,drive,22.34,front,LIDAR_ONLY
0,26.2221,cam_1,CAM_ONLY,19.2986,,21.6548,2.3562,,10.8807,,0,,15.50,2.27,warning,,,CAMERA_ONLY
0,26.2980,cam_1,CAM_ONLY,19.0287,,21.6548,2.6260,,12.1268,,0,,14.71,0.91,warning,,,CAMERA_ONLY
0,26.3570,t357,BOTH,18.7724,13.1202,21.6548,2.8824,8.5346,13.3105,39.4120,0,0,12.42,1.18,warning,,,FULL_ANGLE
0,26.3570,t357,LIDAR_ONLY,14.8792,14.8792,21.6548,6.7756,6.7756,31.2892,31.2892,0,0,12.42,1.18,cautious,25.79,front,LIDAR_ONLY
0,26.3570,t357,LIDAR_ONLY,12.9351,12.9351,21.6548,8.7196,8.7196,40.2665,40.2665,0,0,12.42,1.18,cautious,29.79,front,LIDAR_ONLY
0,26.3570,t357,LIDAR_ONLY,13.0275,13.0275,21.6548,8.6273,8.6273,39.8402,39.8402,0,0,12.42,1.18,cautious,21.78,front,LIDAR_ONLY
0,26.4299,cam_1,CAM_ONLY,18.7314,,21.6548,2.9234,,13.4999,,0,,13.66,0.88,warning,,,CAMERA_ONLY
0,26.4939,cam_1,CAM_ONLY,18.8625,,21.6548,2.7923,,12.8946,,0,,17.43,0.89,warning,,,CAMERA_ONLY
0,26.5508,cam_1,CAM_ONLY,19.5820,,21.6548,2.0728,,9.5720,,0,,9.67,1.14,warning,,,CAMERA_ONLY
0,26.5508,t357,LIDAR_ONLY,12.6249,12.6249,21.6548,9.0299,9.0299,41.6994,41.6994,0,0,9.67,1.14,cautious,26.60,front,LIDAR_ONLY
0,26.5508,t357,LIDAR_ONLY,12.7399,12.7399,21.6548,8.9148,8.9148,41.1680,41.1680,0,0,9.67,1.14,cautious,22.46,front,LIDAR_ONLY
0,26.6149,cam_1,CAM_ONLY,19.4311,,21.6548,2.2236,,10.2685,,0,,19.72,2.04,warning,,,CAMERA_ONLY
0,26.6149,t357,LIDAR_ONLY,12.9004,12.9004,21.6548,8.7544,8.7544,40.4269,40.4269,0,0,19.72,2.04,cautious,29.42,front,LIDAR_ONLY
0,26.6149,t357,LIDAR_ONLY,12.7100,12.7100,21.6548,8.9447,8.9447,41.3061,41.3061,0,0,19.72,2.04,cautious,25.36,front,LIDAR_ONLY
0,26.6714,cam_1,CAM_ONLY,18.4738,,21.6548,3.1809,,14.6894,,0,,9.59,1.25,warning,,,CAMERA_ONLY
0,26.7283,cam_1,CAM_ONLY,18.4235,,21.6548,3.2313,,14.9219,,0,,10.72,1.28,warning,,,CAMERA_ONLY
0,26.7920,cam_1,CAM_ONLY,17.9109,,21.6548,3.7439,,17.2888,,0,,16.47,0.95,warning,,,CAMERA_ONLY
0,26.8574,cam_1,CAM_ONLY,17.9511,,21.6548,3.7037,,17.1032,,0,,16.51,1.16,warning,,,CAMERA_ONLY
0,26.8574,t370,LIDAR_ONLY,10.6982,10.6982,21.6548,10.9566,10.9566,50.5966,50.5966,0,0,16.51,1.16,cautious,27.32,front,LIDAR_ONLY
0,26.8574,t370,LIDAR_ONLY,11.8003,11.8003,21.6548,9.8544,9.8544,45.5069,45.5069,0,0,16.51,1.16,cautious,18.92,front,LIDAR_ONLY
0,26.8574,t370,LIDAR_ONLY,12.4990,12.4990,21.6548,9.1558,9.1558,42.2808,42.2808,0,0,16.51,1.16,cautious,23.12,front,LIDAR_ONLY
0,26.9154,t373,BOTH,18.4676,23.4172,21.6548,3.1872,1.7625,14.7182,8.1390,0,0,8.73,1.50,warning,,,FULL_ANGLE
0,26.9154,t370,LIDAR_ONLY,12.4961,12.4961,21.6548,9.1587,9.1587,42.2941,42.2941,0,0,8.73,1.50,cautious,28.77,front,LIDAR_ONLY
0,26.9154,t370,LIDAR_ONLY,12.4198,12.4198,21.6548,9.2350,9.2350,42.6465,42.6465,0,0,8.73,1.50,cautious,24.68,front,LIDAR_ONLY
0,26.9154,t373,LIDAR_ONLY,19.6193,19.6193,21.6548,2.0355,2.0355,9.3997,9.3997,0,0,8.73,1.50,drive,20.59,front,LIDAR_ONLY
0,26.9787,cam_1,CAM_ONLY,18.3608,,21.6548,3.2939,,15.2111,,0,,15.36,1.01,warning,,,CAMERA_ONLY
0,27.0447,cam_1,CAM_ONLY,18.5418,,21.6548,3.1129,,14.3753,,0,,17.84,1.34,warning,,,CAMERA_ONLY
0,27.1093,cam_1,CAM_ONLY,18.9893,,21.6548,2.6654,,12.3088,,0,,15.53,1.23,warning,,,CAMERA_ONLY
0,27.1093,t370,LIDAR_ONLY,12.5143,12.5143,21.6548,9.1405,9.1405,42.2101,42.2101,0,0,15.53,1.23,cautious,24.51,front,LIDAR_ONLY
0,27.1093,t370,LIDAR_ONLY,11.1975,11.1975,21.6548,10.4572,10.4572,48.2906,48.2906,0,0,15.53,1.23,cautious,28.63,front,LIDAR_ONLY
0,27.1784,cam_1,CAM_ONLY,18.9890,,21.6548,2.6657,,12.3101,,0,,19.25,0.99,warning,,,CAMERA_ONLY
0,27.2302,cam_1,CAM_ONLY,19.7884,,21.6548,1.8664,,8.6188,,0,,9.43,1.33,warning,,,CAMERA_ONLY
0,27.2870,cam_1,CAM_ONLY,20.2497,,21.6548,1.4050,,6.4884,,0,,11.93,1.00,safe,,,CAMERA_ONLY
0,27.3469,cam_1,CAM_ONLY,20.6523,,21.6551,1.0028,,4.6309,,0,,17.17,0.88,safe,,,CAMERA_ONLY
0,27.4164,cam_1,CAM_ONLY,20.6543,,21.6563,1.0020,,4.6270,,0,,17.39,1.17,safe,,,CAMERA_ONLY
0,27.4164,t385,LIDAR_ONLY,13.0008,13.0008,21.6563,8.6556,8.6556,39.9678,39.9678,0,0,17.39,1.17,cautious,23.51,front,LIDAR_ONLY
0,27.4164,t385,LIDAR_ONLY,11.3622,11.3622,21.6563,10.2941,10.2941,47.5339,47.5339,0,0,17.39,1.17,cautious,27.71,front,LIDAR_ONLY
0,27.4164,t385,LIDAR_ONLY,11.8985,11.8985,21.6563,9.7578,9.7578,45.0576,45.0576,0,0,17.39,1.17,cautious,19.31,front,LIDAR_ONLY
0,27.4769,cam_1,CAM_ONLY,19.5230,,21.6539,2.1309,,9.8408,,0,,12.98,1.18,warning,,,CAMERA_ONLY
0,27.5413,cam_1,CAM_ONLY,19.3775,,21.6504,2.2730,,10.4985,,0,,18.48,1.33,warning,,,CAMERA_ONLY
0,27.6080,t385,BOTH,18.9536,12.7862,21.6504,2.6968,8.8643,12.4561,40.9428,0,0,9.21,1.10,warning,,,FULL_ANGLE
0,27.6080,t385,LIDAR_ONLY,13.1731,13.1731,21.6504,8.4773,8.4773,39.1555,39.1555,0,0,9.21,1.10,cautious,26.27,front,LIDAR_ONLY
0,27.6080,t385,LIDAR_ONLY,13.4947,13.4947,21.6504,8.1557,8.1557,37.6701,37.6701,0,0,9.21,1.10,cautious,22.12,front,LIDAR_ONLY
0,27.6653,cam_1,CAM_ONLY,18.7574,,21.6504,2.8930,,13.3623,,0,,12.29,1.13,warning,,,CAMERA_ONLY
0,27.6653,cam_1,CAM_ONLY,27.5714,,21.6504,5.9209,,27.3478,,0,,12.29,1.13,safe,,,CAMERA_ONLY
0,27.7369,cam_1,CAM_ONLY,18.7899,,21.6504,2.8605,,13.2124,,0,,14.31,1.00,warning,,,CAMERA_ONLY
0,27.7978,cam_1,CAM_ONLY,18.6954,,21.6504,2.9551,,13.6490,,0,,11.31,0.79,warning,,,CAMERA_ONLY
0,27.8576,cam_1,CAM_ONLY,18.6655,,21.6504,2.9850,,13.7871,,0,,10.47,1.22,warning,,,CAMERA_ONLY
0,27.8576,t397,LIDAR_ONLY,13.4092,13.4092,21.6504,8.2412,8.2412,38.0649,38.0649,0,0,10.47,1.22,cautious,23.02,front,LIDAR_ONLY
0,27.8576,t397,LIDAR_ONLY,11.9179,11.9179,21.6504,9.7325,9.7325,44.9529,44.9529,0,0,10.47,1.22,cautious,27.22,front,LIDAR_ONLY
0,27.9235,cam_1,CAM_ONLY,18.7526,,21.6504,2.8978,,13.3846,,0,,13.02,0.83,warning,,,CAMERA_ONLY
0,27.9789,cam_1,CAM_ONLY,18.7995,,21.6504,2.8510,,13.1682,,0,,9.62,0.85,warning,,,CAMERA_ONLY
0,28.0365,cam_1,CAM_ONLY,18.8101,,21.6504,2.8403,,13.1191,,0,,11.29,1.16,warning,,,CAMERA_ONLY
0,28.0999,cam_1,CAM_ONLY,18.7723,,21.6504,2.8781,,13.2936,,0,,15.31,0.91,warning,,,CAMERA_ONLY
0,28.1625,cam_1,CAM_ONLY,18.6840,,21.6504,2.9665,,13.7018,,0,,14.16,1.34,warning,,,CAMERA_ONLY
0,28.1625,t405,LIDAR_ONLY,11.0762,11.0762,21.6504,10.5743,10.5743,48.8409,48.8409,0,0,14.16,1.34,cautious,26.36,front,LIDAR_ONLY
0,28.2359,cam_1,CAM_ONLY,18.7293,,21.6504,2.9211,,13.4923,,0,,19.23,1.06,warning,,,CAMERA_ONLY
0,28.2955,cam_1,CAM_ONLY,18.7295,,21.6504,2.9209,,13.4913,,0,,12.16,1.00,warning,,,CAMERA_ONLY
0,28.3530,t405,BOTH,18.8231,11.5055,21.6504,2.8274,10.1449,13.0592,46.8577,0,0,10.18,1.13,warning,,,FULL_ANGLE
0,28.3530,t405,LIDAR_ONLY,10.3657,10.3657,21.6504,11.2848,11.2848,52.1226,52.1226,0,0,10.18,1.13,cautious,29.16,front,LIDAR_ONLY
0,28.3530,t405,LIDAR_ONLY,10.5094,10.5094,21.6504,11.1411,11.1411,51.4589,51.4589,0,0,10.18,1.13,cautious,25.05,front,LIDAR_ONLY
0,28.3530,t405,LIDAR_ONLY,10.8929,10.8929,21.6504,10.7575,10.7575,49.6874,49.6874,0,0,10.18,1.13,cautious,20.94,front,LIDAR_ONLY
0,28.4159,cam_1,CAM_ONLY,18.8419,,21.6504,2.8086,,12.9725,,0,,16.11,1.21,warning,,,CAMERA_ONLY
0,28.4868,cam_1,CAM_ONLY,18.7956,,21.6504,2.8548,,13.1859,,0,,15.03,1.21,warning,,,CAMERA_ONLY
0,28.5430,cam_1,CAM_ONLY,18.9118,,21.6504,2.7387,,12.6496,,0,,9.29,1.21,warning,,,CAMERA_ONLY
0,28.6123,cam_1,CAM_ONLY,18.9001,,21.6504,2.7503,,12.7032,,0,,20.61,1.27,warning,,,CAMERA_ONLY
0,28.6123,t414,LIDAR_ONLY,9.9960,9.9960,21.6504,11.6544,11.6544,53.8301,53.8301,0,0,20.61,1.27,slow,29.34,front,LIDAR_ONLY
0,28.6837,cam_1,CAM_ONLY,18.9005,,4.7057,14.1948,,301.6534,,0,,17.77,1.39,warning,,,CAMERA_ONLY
0,28.7439,cam_1,CAM_ONLY,18.7778,,5.4807,13.2971,,242.6175,,0,,13.38,1.22,warning,,,CAMERA_ONLY
0,28.8109,t414,BOTH,18.8169,11.4667,6.6905,12.1265,4.7763,181.2497,71.3888,0,0,18.47,1.41,warning,,,FULL_ANGLE
0,28.8109,t414,LIDAR_ONLY,10.2518,10.2518,6.6905,3.5613,3.5613,53.2299,53.2299,0,0,18.47,1.41,slow,24.67,front,LIDAR_ONLY
0,28.8109,t418,LIDAR_ONLY,10.2007,10.2007,6.6905,3.5102,3.5102,52.4655,52.4655,0,0,18.47,1.41,cautious,28.72,front,LIDAR_ONLY
0,28.8109,t414,LIDAR_ONLY,12.3966,12.3966,6.6905,5.7061,5.7061,85.2869,85.2869,0,0,18.47,1.41,cautious,20.62,front,LIDAR_ONLY
0,28.8783,cam_1,CAM_ONLY,18.9694,,7.9367,11.0327,,139.0097,,0,,15.14,1.33,warning,,,CAMERA_ONLY
0,28.9403,cam_1,CAM_ONLY,18.9721,,9.2478,9.7243,,105.1524,,0,,9.60,0.94,warning,,,CAMERA_ONLY
0,29.0057,t414,BOTH,18.6152,14.3237,10.7028,7.9124,3.6208,73.9281,33.8306,0,0,17.17,1.28,warning,,,FULL_ANGLE
0,29.0057,t418,LIDAR_ONLY,10.0006,10.0006,10.7028,0.7022,0.7022,6.5612,6.5612,1,1,17.17,1.28,slow,29.82,front,LIDAR_ONLY
0,29.0057,t414,LIDAR_ONLY,13.0722,13.0722,10.7028,2.3694,2.3694,22.1381,22.1381,0,0,17.17,1.28,cautious,21.45,front,LIDAR_ONLY
0,29.0057,t418,LIDAR_ONLY,10.1985,10.1985,10.7028,0.5043,0.5043,4.7122,4.7122,1,1,17.17,1.28,slow,25.64,front,LIDAR_ONLY
0,29.0057,t423,LIDAR_ONLY,7.3486,7.3486,10.7028,3.3543,3.3543,31.3399,31.3399,0,0,17.17,1.28,slow,-28.79,front,LIDAR_ONLY
0,29.0057,t423,LIDAR_ONLY,7.4735,7.4735,10.7028,3.2293,3.2293,30.1722,30.1722,0,0,17.17,1.28,slow,-20.42,front,LIDAR_ONLY
0,29.0057,t423,LIDAR_ONLY,7.4422,7.4422,10.7028,3.2606,3.2606,30.4650,30.4650,0,0,17.17,1.28,slow,-24.60,front,LIDAR_ONLY
0,29.0664,cam_1,CAM_ONLY,18.6040,,12.0435,6.5605,,54.4732,,0,,10.58,1.06,warning,,,CAMERA_ONLY
0,29.1243,cam_1,CAM_ONLY,18.4915,,13.5318,4.9597,,36.6524,,0,,11.72,1.40,warning,,,CAMERA_ONLY
0,29.1834,cam_1,CAM_ONLY,18.5651,,14.7758,3.7893,,25.6454,,0,,11.70,0.90,warning,,,CAMERA_ONLY
0,29.2383,cam_1,CAM_ONLY,18.5361,,16.1836,2.3525,,14.5366,,0,,10.53,0.91,warning,,,CAMERA_ONLY
0,29.3016,t429,BOTH,18.7134,13.8122,17.4559,1.2576,3.6437,7.2042,20.8735,0,0,17.16,0.87,warning,,,FULL_ANGLE
0,29.3577,t434,BOTH,18.6037,17.5624,18.9483,0.3446,1.3858,1.8185,7.3138,1,0,11.32,1.18,warning,,,FULL_ANGLE
0,29.3577,t432,LIDAR_ONLY,10.0161,10.0161,18.9483,8.9322,8.9322,47.1399,47.1399,0,0,11.32,1.18,cautious,29.27,front,LIDAR_ONLY
0,29.3577,t432,LIDAR_ONLY,10.3629,10.3629,18.9483,8.5853,8.5853,45.3092,45.3092,0,0,11.32,1.18,cautious,25.13,front,LIDAR_ONLY
0,29.3577,t432,LIDAR_ONLY,11.3084,11.3084,18.9483,7.6399,7.6399,40.3196,40.3196,0,0,11.32,1.18,cautious,16.84,front,LIDAR_ONLY
0,29.3577,t432,LIDAR_ONLY,12.0949,12.0949,18.9483,6.8534,6.8534,36.1690,36.1690,0,0,11.32,1.18,cautious,20.98,front,LIDAR_ONLY
0,29.4124,cam_1,CAM_ONLY,18.8290,,20.0309,1.2019,,6.0001,,0,,11.25,1.33,warning,,,CAMERA_ONLY
0,29.4124,t432,LIDAR_ONLY,12.4195,12.4195,20.0309,7.6114,7.6114,37.9983,37.9983,0,0,11.25,1.33,cautious,26.70,front,LIDAR_ONLY
0,29.4124,t432,LIDAR_ONLY,13.0429,13.0429,20.0309,6.9880,6.9880,34.8861,34.8861,0,0,11.25,1.33,cautious,18.35,front,LIDAR_ONLY
0,29.4124,t432,LIDAR_ONLY,13.6998,13.6998,20.0309,6.3311,6.3311,31.6065,31.6065,0,0,11.25,1.33,cautious,22.53,front,LIDAR_ONLY
0,29.4826,cam_1,CAM_ONLY,18.7517,,21.6504,2.8987,,13.3887,,0,,20.22,0.98,warning,,,CAMERA_ONLY
0,29.5435,cam_1,CAM_ONLY,18.9940,,21.6504,2.6565,,12.2699,,0,,14.21,1.08,warning,,,CAMERA_ONLY
0,29.6135,cam_1,CAM_ONLY,19.1627,,21.6504,2.4877,,11.4903,,0,,21.43,1.28,warning,,,CAMERA_ONLY
0,29.6135,t432,LIDAR_ONLY,12.9487,12.9487,21.6504,8.7018,8.7018,40.1920,40.1920,0,0,21.43,1.28,cautious,28.94,front,LIDAR_ONLY
0,29.6135,t432,LIDAR_ONLY,12.3936,12.3936,21.6504,9.2569,9.2569,42.7561,42.7561,0,0,21.43,1.28,cautious,24.79,front,LIDAR_ONLY
0,29.6135,t432,LIDAR_ONLY,12.6293,12.6293,21.6504,9.0212,9.0212,41.6673,41.6673,0,0,21.43,1.28,cautious,20.65,front,LIDAR_ONLY
0,29.6799,cam_1,CAM_ONLY,19.0587,,21.6504,2.5918,,11.9711,,0,,18.64,1.78,warning,,,CAMERA_ONLY
0,29.7453,cam_1,CAM_ONLY,18.8413,,21.6504,2.8092,,12.9751,,0,,16.30,0.73,warning,,,CAMERA_ONLY
0,29.8194,cam_1,CAM_ONLY,19.3938,,21.6504,2.2566,,10.4230,,0,,20.46,1.20,warning,,,CAMERA_ONLY
0,29.8798,cam_1,CAM_ONLY,18.4988,,21.6504,3.1517,,14.5572,,0,,12.96,0.82,warning,,,CAMERA_ONLY
0,29.9449,cam_1,CAM_ONLY,19.1220,,21.6504,2.5284,,11.6783,,0,,17.01,1.11,warning,,,CAMERA_ONLY
0,30.0113,cam_1,CAM_ONLY,18.9455,,21.6504,2.7050,,12.4938,,0,,13.92,1.26,warning,,,CAMERA_ONLY
0,30.0113,t451,LIDAR_ONLY,12.6063,12.6063,21.6504,9.0441,9.0441,41.7734,41.7734,0,0,13.92,1.26,cautious,24.03,front,LIDAR_ONLY
0,30.0113,t451,LIDAR_ONLY,13.0976,13.0976,21.6504,8.5528,8.5528,39.5042,39.5042,0,0,13.92,1.26,cautious,20.01,front,LIDAR_ONLY
0,30.0113,t451,LIDAR_ONLY,13.1012,13.1012,21.6504,8.5492,8.5492,39.4874,39.4874,0,0,13.92,1.26,cautious,28.05,front,LIDAR_ONLY
0,30.0761,cam_1,CAM_ONLY,19.1984,,21.6504,2.4521,,11.3257,,0,,10.34,1.21,warning,,,CAMERA_ONLY
0,30.1415,cam_1,CAM_ONLY,18.2443,,21.6504,3.4061,,15.7323,,0,,14.67,1.24,warning,,,CAMERA_ONLY
0,30.2045,cam_1,CAM_ONLY,17.1450,,21.6504,4.5054,,20.8099,,0,,14.80,1.07,warning,,,CAMERA_ONLY
0,30.2045,t451,LIDAR_ONLY,13.0363,13.0363,21.6504,8.6142,8.6142,39.7875,39.7875,0,0,14.80,1.07,cautious,24.01,front,LIDAR_ONLY
0,30.2045,t451,LIDAR_ONLY,13.2559,13.2559,21.6504,8.3945,8.3945,38.7729,38.7729,0,0,14.80,1.07,cautious,19.88,front,LIDAR_ONLY
0,30.2045,t451,LIDAR_ONLY,13.3799,13.3799,21.6504,8.2706,8.2706,38.2004,38.2004,0,0,14.80,1.07,cautious,28.14,front,LIDAR_ONLY
0,30.2664,cam_1,CAM_ONLY,17.9544,,21.6504,3.6961,,17.0715,,0,,12.24,1.36,warning,,,CAMERA_ONLY
0,30.3352,cam_1,CAM_ONLY,18.4958,,21.6504,3.1547,,14.5709,,0,,13.91,0.80,warning,,,CAMERA_ONLY
0,30.3949,cam_1,CAM_ONLY,18.5905,,21.6504,3.0599,,14.1332,,0,,13.23,1.01,warning,,,CAMERA_ONLY
0,30.3949,t457,LIDAR_ONLY,28.2394,28.2394,21.6504,6.5890,6.5890,30.4333,30.4333,0,0,13.23,1.01,drive,-29.69,front,LIDAR_ONLY
0,30.4734,cam_1,CAM_ONLY,18.7700,,21.6504,2.8804,,13.3043,,0,,19.46,1.34,warning,,,CAMERA_ONLY
0,30.5303,cam_1,CAM_ONLY,19.0048,,21.6504,2.6456,,12.2196,,0,,9.76,1.21,warning,,,CAMERA_ONLY
0,30.5897,cam_1,CAM_ONLY,19.0317,,21.6504,2.6187,,12.0954,,0,,17.73,1.05,warning,,,CAMERA_ONLY
0,30.6488,t464,BOTH,19.9138,17.5622,21.6504,1.7366,4.0883,8.0213,18.8832,0,0,9.36,1.06,warning,,,FULL_ANGLE
0,30.6488,t463,LIDAR_ONLY,18.6568,18.6568,21.6504,2.9936,2.9936,13.8271,13.8271,0,0,9.36,1.06,drive,18.59,front,LIDAR_ONLY
0,30.6488,t463,LIDAR_ONLY,15.7356,15.7356,21.6504,5.9149,5.9149,27.3200,27.3200,0,0,9.36,1.06,drive,22.72,front,LIDAR_ONLY
0,30.7084,cam_1,CAM_ONLY,19.5028,,21.6504,2.1476,,9.9196,,0,,10.45,1.35,warning,,,CAMERA_ONLY
0,30.7084,t463,LIDAR_ONLY,15.4915,15.4915,21.6504,6.1590,6.1590,28.4473,28.4473,0,0,10.45,1.35,drive,21.27,front,LIDAR_ONLY
0,30.7084,t463,LIDAR_ONLY,14.5761,14.5761,21.6504,7.0743,7.0743,32.6752,32.6752,0,0,10.45,1.35,cautious,25.34,front,LIDAR_ONLY
0,30.7084,t463,LIDAR_ONLY,14.0740,14.0740,21.6504,7.5764,7.5764,34.9944,34.9944,0,0,10.45,1.35,cautious,29.41,front,LIDAR_ONLY
0,30.7701,cam_1,CAM_ONLY,19.7974,,21.6504,1.8531,,8.5592,,0,,12.98,1.22,warning,,,CAMERA_ONLY
0,30.8339,cam_1,CAM_ONLY,19.2255,,21.6504,2.4250,,11.2005,,0,,15.08,1.13,warning,,,CAMERA_ONLY
0,30.8965,cam_1,CAM_ONLY,20.1969,,21.6504,1.4536,,6.7139,,0,,14.39,1.15,safe,,,CAMERA_ONLY
0,30.9616,cam_1,CAM_ONLY,19.2723,,21.6504,2.3781,,10.9840,,0,,15.58,1.27,warning,,,CAMERA_ONLY
0,30.9616,t478,LIDAR_ONLY,13.3894,13.3894,21.6504,8.2610,8.2610,38.1564,38.1564,0,0,15.58,1.27,cautious,23.04,front,LIDAR_ONLY
0,30.9616,t478,LIDAR_ONLY,11.9634,11.9634,21.6504,9.6870,9.6870,44.7429,44.7429,0,0,15.58,1.27,cautious,27.17,front,LIDAR_ONLY
0,30.9616,t478,LIDAR_ONLY,12.3061,12.3061,21.6504,9.3443,9.3443,43.1599,43.1599,0,0,15.58,1.27,cautious,18.91,front,LIDAR_ONLY
0,31.0286,cam_1,CAM_ONLY,19.2632,,21.6505,2.3874,,11.0268,,0,,18.37,2.32,warning,,,CAMERA_ONLY
0,31.0880,cam_1,CAM_ONLY,19.2179,,21.6505,2.4326,,11.2360,,0,,11.98,1.29,warning,,,CAMERA_ONLY
0,31.1481,cam_1,CAM_ONLY,18.9805,,21.6505,2.6700,,12.3325,,0,,18.14,0.91,warning,,,CAMERA_ONLY
0,31.2199,cam_1,CAM_ONLY,18.8273,,7.7370,11.0903,,143.3411,,0,,14.31,2.04,warning,,,CAMERA_ONLY
0,31.3000,t486,BOTH,19.0202,17.5109,8.5111,10.5091,8.9998,123.4749,105.7420,0,0,24.29,1.71,warning,,,FULL_ANGLE
0,31.3818,cam_1,CAM_ONLY,19.2011,,9.7723,9.4288,,96.4846,,0,,20.48,1.37,warning,,,CAMERA_ONLY
0,31.4434,cam_1,CAM_ONLY,18.9277,,10.6627,8.2650,,77.5134,,0,,16.73,1.34,warning,,,CAMERA_ONLY
0,31.4434,cam_1,CAM_ONLY,29.3140,,10.6627,18.6513,,174.9212,,0,,16.73,1.34,safe,,,CAMERA_ONLY
0,31.5152,cam_1,CAM_ONLY,18.7368,,11.9466,6.7902,,56.8381,,0,,14.66,1.23,warning,,,CAMERA_ONLY
0,31.5152,cam_1,CAM_ONLY,29.2312,,11.9466,17.2846,,144.6823,,0,,14.66,1.23,safe,,,CAMERA_ONLY
0,31.5789,cam_1,CAM_ONLY,18.5950,,13.1728,5.4222,,41.1621,,0,,13.35,1.08,warning,,,CAMERA_ONLY
0,31.5789,cam_1,CAM_ONLY,29.2787,,13.1728,16.1059,,122.2665,,0,,13.35,1.08,safe,,,CAMERA_ONLY
0,31.6368,cam_1,CAM_ONLY,18.7336,,14.3223,4.4113,,30.8000,,0,,11.05,1.13,warning,,,CAMERA_ONLY
0,31.6994,cam_1,CAM_ONLY,18.3632,,15.7848,2.5783,,16.3342,,0,,13.48,1.14,warning,,,CAMERA_ONLY
0,31.7592,cam_1,CAM_ONLY,18.1633,,16.9355,1.2278,,7.2501,,0,,17.97,1.27,warning,,,CAMERA_ONLY
0,31.7592,t501,LIDAR_ONLY,10.5864,10.5864,16.9355,6.3491,6.3491,37.4901,37.4901,0,0,17.97,1.27,cautious,27.62,front,LIDAR_ONLY
0,31.7592,t501,LIDAR_ONLY,11.8885,11.8885,16.9355,5.0470,5.0470,29.8016,29.8016,0,0,17.97,1.27,cautious,19.58,front,LIDAR_ONLY
0,31.7592,t501,LIDAR_ONLY,12.6153,12.6153,16.9355,4.3202,4.3202,25.5095,25.5095,0,0,17.97,1.27,cautious,23.60,front,LIDAR_ONLY
0,31.8334,cam_1,CAM_ONLY,18.1909,,18.5054,0.3145,,1.6997,,1,,17.09,0.91,warning,,,CAMERA_ONLY
0,31.8902,cam_1,CAM_ONLY,18.2562,,19.7910,1.5348,,7.7550,,0,,15.10,1.08,warning,,,CAMERA_ONLY
0,31.9566,t501,BOTH,18.6393,13.8020,21.3558,2.7166,7.5538,12.7205,35.3712,0,0,10.00,0.96,warning,,,FULL_ANGLE
0,31.9566,t501,LIDAR_ONLY,12.9288,12.9288,21.3558,8.4270,8.4270,39.4599,39.4599,0,0,10.00,0.96,cautious,24.51,front,LIDAR_ONLY
0,31.9566,t501,LIDAR_ONLY,14.6172,14.6172,21.3558,6.7386,6.7386,31.5541,31.5541,0,0,10.00,0.96,cautious,20.39,front,LIDAR_ONLY
0,31.9566,t504,LIDAR_ONLY,16.8502,16.8502,21.3558,4.5056,4.5056,21.0978,21.0978,0,0,10.00,0.96,drive,-20.84,front,LIDAR_ONLY
0,32.0337,cam_1,CAM_ONLY,18.6695,,21.6505,2.9810,,13.7688,,0,,21.07,1.34,warning,,,CAMERA_ONLY
0,32.0864,cam_1,CAM_ONLY,18.8581,,21.6505,2.7924,,12.8978,,0,,9.85,0.91,warning,,,CAMERA_ONLY
0,32.1528,t501,BOTH,18.7099,15.3054,21.6505,2.9407,6.3451,13.5824,29.3070,0,0,16.61,1.09,warning,,,FULL_ANGLE
0,32.1528,t501,LIDAR_ONLY,15.6947,15.6947,21.6505,5.9558,5.9558,27.5090,27.5090,0,0,16.61,1.09,cautious,26.17,front,LIDAR_ONLY
0,32.1528,t504,LIDAR_ONLY,17.5258,17.5258,21.6505,4.1247,4.1247,19.0513,19.0513,0,0,16.61,1.09,drive,-14.76,front,LIDAR_ONLY
0,32.2174,cam_1,CAM_ONLY,18.7799,,21.6505,2.8707,,13.2591,,0,,14.48,1.17,warning,,,CAMERA_ONLY
0,32.2753,cam_1,CAM_ONLY,18.8891,,21.6505,2.7614,,12.7545,,0,,10.08,1.18,warning,,,CAMERA_ONLY
0,32.3397,cam_1,CAM_ONLY,18.9213,,21.6505,2.7292,,12.6056,,0,,13.53,2.07,warning,,,CAMERA_ONLY
0,32.3964,cam_1,CAM_ONLY,18.4347,,21.6505,3.2159,,14.8535,,0,,10.15,1.09,warning,,,CAMERA_ONLY
0,32.4520,t517,BOTH,18.6778,13.6172,21.6505,2.9728,8.0333,13.7307,37.1046,0,0,10.78,1.15,warning,,,FULL_ANGLE
0,32.4520,t517,LIDAR_ONLY,14.4000,14.4000,21.6505,7.2506,7.2506,33.4891,33.4891,0,0,10.78,1.15,cautious,21.93,front,LIDAR_ONLY
0,32.4520,t517,LIDAR_ONLY,12.9522,12.9522,21.6505,8.6983,8.6983,40.1760,40.1760,0,0,10.78,1.15,cautious,26.04,front,LIDAR_ONLY
0,32.5056,cam_1,CAM_ONLY,18.8210,,21.6505,2.8295,,13.0689,,0,,9.01,1.28,warning,,,CAMERA_ONLY
0,32.5056,t519,LIDAR_ONLY,10.2484,10.2484,21.6505,11.4021,11.4021,52.6643,52.6643,0,0,9.01,1.28,cautious,28.58,front,LIDAR_ONLY
0,32.5056,t519,LIDAR_ONLY,10.5015,10.5015,21.6505,11.1490,11.1490,51.4954,51.4954,0,0,9.01,1.28,cautious,24.55,front,LIDAR_ONLY
0,32.5688,cam_1,CAM_ONLY,19.3757,,21.6505,2.2748,,10.5071,,0,,14.87,1.27,warning,,,CAMERA_ONLY
0,32.6529,t522,BOTH,19.3718,17.5582,21.6505,2.2787,4.0923,10.5250,18.9015,0,0,12.80,0.76,warning,,,FULL_ANGLE
0,32.7318,cam_1,CAM_ONLY,19.3071,,21.6505,2.3434,,10.8238,,0,,21.05,2.27,warning,,,CAMERA_ONLY
0,32.7885,cam_1,CAM_ONLY,18.7983,,21.6505,2.8523,,13.1741,,0,,18.01,1.23,warning,,,CAMERA_ONLY
0,32.8539,cam_1,CAM_ONLY,17.9169,,21.6505,3.7336,,17.2449,,0,,15.12,0.92,warning,,,CAMERA_ONLY
0,32.8539,t530,LIDAR_ONLY,12.3065,12.3065,21.6505,9.3440,9.3440,43.1585,43.1585,0,0,15.12,0.92,cautious,24.44,front,LIDAR_ONLY
0,32.8539,t530,LIDAR_ONLY,11.4995,11.4995,21.6505,10.1510,10.1510,46.8857,46.8857,0,0,15.12,0.92,cautious,28.64,front,LIDAR_ONLY
0,32.8539,t530,LIDAR_ONLY,11.8922,11.8922,21.6505,9.7583,9.7583,45.0718,45.0718,0,0,15.12,0.92,cautious,20.25,front,LIDAR_ONLY
0,32.9164,cam_1,CAM_ONLY,17.0533,,21.6505,4.5972,,21.2336,,0,,12.22,1.17,warning,,,CAMERA_ONLY
0,32.9673,cam_1,CAM_ONLY,16.7421,,21.6505,4.9084,,22.6710,,0,,10.21,1.13,warning,,,CAMERA_ONLY
0,33.0392,cam_1,CAM_ONLY,16.6201,,21.6505,5.0305,,23.2349,,0,,21.89,1.12,warning,,,CAMERA_ONLY
0,33.1214,cam_1,CAM_ONLY,16.0540,,21.6505,5.5965,,25.8493,,0,,17.91,1.68,warning,,,CAMERA_ONLY
0,33.1835,cam_1,CAM_ONLY,16.7167,,21.6505,4.9339,,22.7887,,0,,11.68,0.99,warning,,,CAMERA_ONLY
0,33.2443,cam_1,CAM_ONLY,15.9426,,21.6505,5.7080,,26.3640,,0,,14.29,1.20,warning,,,CAMERA_ONLY
0,33.2443,cam_1,CAM_ONLY,24.1914,,21.6505,2.5409,,11.7359,,0,,14.29,1.20,safe,,,CAMERA_ONLY
0,33.3005,cam_1,CAM_ONLY,17.0649,,21.6505,4.5856,,21.1802,,0,,10.12,0.93,warning,,,CAMERA_ONLY
0,33.3005,cam_1,CAM_ONLY,24.2115,,21.6505,2.5610,,11.8287,,0,,10.12,0.93,safe,,,CAMERA_ONLY
0,33.3617,cam_1,CAM_ONLY,16.8112,,21.6505,4.8393,,22.3521,,0,,9.53,1.18,warning,,,CAMERA_ONLY
0,33.3617,cam_1,CAM_ONLY,24.5405,,21.6505,2.8900,,13.3484,,0,,9.53,1.18,safe,,,CAMERA_ONLY
0,33.4164,cam_1,CAM_ONLY,16.7838,,21.6505,4.8667,,22.4786,,0,,10.83,1.02,warning,,,CAMERA_ONLY
0,33.4164,cam_1,CAM_ONLY,24.7938,,21.6505,3.1433,,14.5182,,0,,10.83,1.02,safe,,,CAMERA_ONLY
0,33.4760,cam_1,CAM_ONLY,16.8296,,21.6505,4.8210,,22.2672,,0,,10.79,1.06,warning,,,CAMERA_ONLY
0,33.4760,cam_1,CAM_ONLY,24.6508,,21.6505,3.0003,,13.8578,,0,,10.79,1.06,safe,,,CAMERA_ONLY
0,33.5300,cam_1,CAM_ONLY,16.5086,,21.6505,5.1419,,23.7495,,0,,10.02,1.11,warning,,,CAMERA_ONLY
0,33.5300,cam_1,CAM_ONLY,25.0859,,21.6505,3.4353,,15.8673,,0,,10.02,1.11,safe,,,CAMERA_ONLY
0,33.5863,cam_1,CAM_ONLY,16.8185,,21.6505,4.8320,,22.3181,,0,,10.15,1.07,warning,,,CAMERA_ONLY
0,33.5863,cam_1,CAM_ONLY,25.4294,,21.6505,3.7789,,17.4541,,0,,10.15,1.07,safe,,,CAMERA_ONLY
0,33.6389,cam_1,CAM_ONLY,16.4676,,21.6505,5.1829,,23.9389,,0,,9.34,1.08,warning,,,CAMERA_ONLY
0,33.6963,cam_1,CAM_ONLY,16.9757,,21.6505,4.6749,,21.5924,,0,,9.14,0.88,warning,,,CAMERA_ONLY
0,33.6963,t548,LIDAR_ONLY,28.1754,28.1754,21.6505,6.5249,6.5249,30.1373,30.1373,0,0,9.14,0.88,drive,-29.86,front,LIDAR_ONLY
0,33.7514,t551,BOTH,17.7824,11.5514,21.6505,3.8682,10.0991,17.8664,46.6462,0,0,13.91,0.95,warning,,,FULL_ANGLE
0,33.7514,t551,LIDAR_ONLY,9.9085,9.9085,21.6505,11.7420,11.7420,54.2342,54.2342,0,0,13.91,0.95,slow,29.61,front,LIDAR_ONLY
0,33.7514,t551,LIDAR_ONLY,10.2986,10.2986,21.6505,11.3519,11.3519,52.4324,52.4324,0,0,13.91,0.95,slow,21.56,front,LIDAR_ONLY
0,33.7514,t551,LIDAR_ONLY,12.2960,12.2960,21.6505,9.3545,9.3545,43.2068,43.2068,0,0,13.91,0.95,cautious,25.58,front,LIDAR_ONLY
0,33.8070,cam_1,CAM_ONLY,17.2159,,21.6505,4.4346,,20.4829,,0,,10.90,1.17,warning,,,CAMERA_ONLY
0,33.8070,t551,LIDAR_ONLY,12.8095,12.8095,21.6505,8.8411,8.8411,40.8353,40.8353,0,0,10.90,1.17,cautious,22.48,front,LIDAR_ONLY
0,33.8070,t551,LIDAR_ONLY,13.9833,13.9833,21.6505,7.6672,7.6672,35.4134,35.4134,0,0,10.90,1.17,cautious,18.27,front,LIDAR_ONLY
0,33.8070,t551,LIDAR_ONLY,14.5546,14.5546,21.6505,7.0959,7.0959,32.7749,32.7749,0,0,10.90,1.17,cautious,26.69,front,LIDAR_ONLY
0,33.8620,cam_1,CAM_ONLY,17.4823,,21.6505,4.1682,,19.2524,,0,,9.66,1.19,warning,,,CAMERA_ONLY
0,33.9242,cam_1,CAM_ONLY,17.5842,,21.6505,4.0663,,18.7817,,0,,12.02,1.17,warning,,,CAMERA_ONLY
0,33.9864,cam_1,CAM_ONLY,16.1472,,21.6505,5.5033,,25.4188,,0,,12.68,0.87,warning,,,CAMERA_ONLY
0,34.0392,cam_1,CAM_ONLY,16.0894,,21.6505,5.5611,,25.6857,,0,,12.45,0.93,warning,,,CAMERA_ONLY
0,34.0989,cam_1,CAM_ONLY,16.4519,,21.6505,5.1987,,24.0117,,0,,17.38,0.89,warning,,,CAMERA_ONLY
0,34.1632,cam_1,CAM_ONLY,16.7287,,21.6505,4.9218,,22.7329,,0,,10.43,2.55,warning,,,CAMERA_ONLY
0,34.1632,t562,BOTH,27.9279,10.6058,21.6505,6.2774,11.0448,28.9943,51.0138,0,0,10.43,2.55,safe,,,FULL_ANGLE
0,34.1632,t562,LIDAR_ONLY,9.8457,9.8457,21.6505,11.8048,11.8048,54.5242,54.5242,0,0,10.43,2.55,slow,29.81,front,LIDAR_ONLY
0,34.1632,t562,LIDAR_ONLY,11.0364,11.0364,21.6505,10.6141,10.6141,49.0246,49.0246,0,0,10.43,2.55,slow,25.80,front,LIDAR_ONLY
0,34.2418,cam_1,CAM_ONLY,16.8045,,21.6505,4.8461,,22.3831,,0,,17.41,1.06,warning,,,CAMERA_ONLY
0,34.3088,t565,BOTH,16.0660,17.5599,21.6505,5.5845,4.0906,25.7940,18.8937,0,0,18.93,1.41,warning,,,FULL_ANGLE
0,34.3088,t562,LIDAR_ONLY,11.1873,11.1873,21.6505,10.4632,10.4632,48.3277,48.3277,0,0,18.93,1.41,cautious,28.91,front,LIDAR_ONLY
0,34.3088,t562,LIDAR_ONLY,11.4746,11.4746,21.6505,10.1759,10.1759,47.0009,47.0009,0,0,18.93,1.41,cautious,20.73,front,LIDAR_ONLY
0,34.3088,t562,LIDAR_ONLY,11.8061,11.8061,21.6505,9.8444,9.8444,45.4695,45.4695,0,0,18.93,1.41,cautious,24.82,front,LIDAR_ONLY
0,34.3088,t562,LIDAR_ONLY,12.2837,12.2837,21.6505,9.3668,9.3668,43.2638,43.2638,0,0,18.93,1.41,cautious,16.64,front,LIDAR_ONLY
0,34.3715,cam_1,CAM_ONLY,17.2314,,21.6505,4.4191,,20.4111,,0,,13.18,1.35,warning,,,CAMERA_ONLY
0,34.4347,cam_1,CAM_ONLY,18.3914,,21.6505,3.2591,,15.0534,,0,,13.34,0.94,warning,,,CAMERA_ONLY
0,34.5013,cam_1,CAM_ONLY,17.9652,,21.6505,3.6854,,17.0220,,0,,15.08,1.22,warning,,,CAMERA_ONLY
0,34.5013,cam_1,CAM_ONLY,27.9906,,21.6505,6.3401,,29.2839,,0,,15.08,1.22,safe,,,CAMERA_ONLY
0,34.5643,cam_1,CAM_ONLY,18.4888,,21.6505,3.1617,,14.6033,,0,,12.19,1.10,warning,,,CAMERA_ONLY
0,34.6230,cam_1,CAM_ONLY,18.0470,,21.6505,3.6035,,16.6440,,0,,13.07,1.38,warning,,,CAMERA_ONLY
0,34.6830,cam_1,CAM_ONLY,17.9901,,21.6505,3.6604,,16.9069,,0,,10.15,0.92,warning,,,CAMERA_ONLY
0,34.7508,cam_1,CAM_ONLY,17.8176,,21.6505,3.8329,,17.7036,,0,,16.42,0.78,warning,,,CAMERA_ONLY
0,34.8168,cam_1,CAM_ONLY,18.2373,,21.6505,3.4132,,15.7651,,0,,14.80,1.31,warning,,,CAMERA_ONLY
0,34.8797,cam_1,CAM_ONLY,19.0296,,21.6505,2.6209,,12.1056,,0,,11.62,0.93,warning,,,CAMERA_ONLY
0,34.9451,cam_1,CAM_ONLY,19.3318,,21.6505,2.3187,,10.7096,,0,,13.19,0.98,warning,,,CAMERA_ONLY
0,35.0173,cam_1,CAM_ONLY,19.7006,,21.6505,1.9499,,9.0063,,0,,19.88,1.14,warning,,,CAMERA_ONLY
0,35.0813,cam_1,CAM_ONLY,19.7559,,21.6505,1.8946,,8.7511,,0,,15.30,0.89,warning,,,CAMERA_ONLY
0,35.1461,cam_1,CAM_ONLY,19.4892,,21.6505,2.1613,,9.9826,,0,,12.19,0.92,warning,,,CAMERA_ONLY
0,35.2163,cam_1,CAM_ONLY,19.1050,,21.6505,2.5455,,11.7574,,0,,21.85,1.55,warning,,,CAMERA_ONLY
0,35.2163,t579,LIDAR_ONLY,9.8270,9.8270,21.6505,11.8235,11.8235,54.6108,54.6108,0,0,21.85,1.55,slow,29.87,front,LIDAR_ONLY
0,35.2163,t579,LIDAR_ONLY,9.9396,9.9396,21.6505,11.7109,11.7109,54.0908,54.0908,0,0,21.85,1.55,slow,25.71,front,LIDAR_ONLY
0,35.2762,cam_1,CAM_ONLY,19.3770,,21.6505,2.2735,,10.5010,,0,,11.10,1.15,warning,,,CAMERA_ONLY
0,35.3387,cam_1,CAM_ONLY,19.7673,,21.6505,1.8833,,8.6984,,0,,12.59,1.77,warning,,,CAMERA_ONLY
0,35.3944,cam_1,CAM_ONLY,19.9083,,21.6505,1.7422,,8.0469,,0,,14.01,0.99,warning,,,CAMERA_ONLY
0,35.4592,cam_1,CAM_ONLY,19.4841,,21.6505,2.1664,,10.0064,,0,,12.80,1.21,warning,,,CAMERA_ONLY
0,35.4592,t588,LIDAR_ONLY,13.4951,13.4951,21.6505,8.1554,8.1554,37.6685,37.6685,0,0,12.80,1.21,cautious,22.92,front,LIDAR_ONLY
0,35.4592,t588,LIDAR_ONLY,14.0482,14.0482,21.6505,7.6023,7.6023,35.1139,35.1139,0,0,12.80,1.21,cautious,18.91,front,LIDAR_ONLY
0,35.4592,t588,LIDAR_ONLY,14.1215,14.1215,21.6505,7.5290,7.5290,34.7753,34.7753,0,0,12.80,1.21,cautious,26.92,front,LIDAR_ONLY
0,35.5304,cam_1,CAM_ONLY,19.6390,,21.6505,2.0115,,9.2907,,0,,16.86,2.37,warning,,,CAMERA_ONLY
0,35.5943,cam_1,CAM_ONLY,19.8055,,21.6505,1.8450,,8.5219,,0,,12.77,2.38,warning,,,CAMERA_ONLY
0,35.6597,cam_1,CAM_ONLY,19.2276,,21.6505,2.4230,,11.1912,,0,,13.26,1.22,warning,,,CAMERA_ONLY
0,35.7137,t597,BOTH,18.7982,13.2788,21.6505,2.8523,8.3717,13.1745,38.6676,0,0,14.33,1.32,warning,,,FULL_ANGLE
0,35.7137,t597,LIDAR_ONLY,14.3580,14.3580,21.6505,7.2925,7.2925,33.6827,33.6827,0,0,14.33,1.32,cautious,21.97,front,LIDAR_ONLY
0,35.7137,t597,LIDAR_ONLY,12.7786,12.7786,21.6505,8.8719,8.8719,40.9776,40.9776,0,0,14.33,1.32,cautious,26.15,front,LIDAR_ONLY
0,35.7795,cam_1,CAM_ONLY,18.8659,,21.6505,2.7846,,12.8617,,0,,20.63,0.83,warning,,,CAMERA_ONLY
0,35.8434,cam_1,CAM_ONLY,19.0723,,21.6505,2.5782,,11.9083,,0,,17.51,1.01,warning,,,CAMERA_ONLY
0,35.9066,t597,BOTH,19.0520,14.2405,21.6505,2.5986,7.4100,12.0023,34.2256,0,0,13.60,1.29,warning,,,FULL_ANGLE
0,35.9066,t601,LIDAR_ONLY,10.2918,10.2918,21.6505,11.3588,11.3588,52.4641,52.4641,0,0,13.60,1.29,cautious,28.45,front,LIDAR_ONLY
0,35.9066,t601,LIDAR_ONLY,10.6332,10.6332,21.6505,11.0173,11.0173,50.8871,50.8871,0,0,13.60,1.29,cautious,24.29,front,LIDAR_ONLY
0,35.9066,t597,LIDAR_ONLY,14.9101,14.9101,21.6505,6.7404,6.7404,31.1327,31.1327,0,0,13.60,1.29,cautious,20.12,front,LIDAR_ONLY
0,35.9745,cam_1,CAM_ONLY,13.5151,,21.6505,8.1354,,37.5760,,0,,16.21,1.14,stop,,,CAMERA_ONLY
0,35.9745,cam_1,CAM_ONLY,18.9084,,21.6505,2.7422,,12.6656,,0,,16.21,1.14,warning,,,CAMERA_ONLY
0,36.0413,cam_1,CAM_ONLY,19.6294,,21.6505,2.0211,,9.3350,,0,,18.34,1.05,warning,,,CAMERA_ONLY
0,36.0994,cam_1,CAM_ONLY,19.6533,,21.6505,1.9972,,9.2247,,0,,14.67,0.79,warning,,,CAMERA_ONLY
0,36.1640,cam_1,CAM_ONLY,19.4797,,21.6505,2.1708,,10.0265,,0,,12.53,1.17,warning,,,CAMERA_ONLY
0,36.2229,cam_1,CAM_ONLY,19.8813,,21.6505,1.7693,,8.1719,,0,,13.50,1.20,warning,,,CAMERA_ONLY
0,36.3019,cam_1,CAM_ONLY,19.9242,,21.6505,1.7264,,7.9738,,0,,24.31,1.64,warning,,,CAMERA_ONLY
0,36.3019,t609,LIDAR_ONLY,28.2327,28.2327,21.6505,6.5821,6.5821,30.4017,30.4017,0,0,24.31,1.64,drive,-29.78,front,LIDAR_ONLY
0,36.3568,t613,BOTH,20.2973,22.0720,21.6505,1.3533,0.4215,6.2504,1.9467,0,1,10.08,1.18,safe,,,FULL_ANGLE
0,36.3568,t611,LIDAR_ONLY,10.0930,10.0930,21.6505,11.5575,11.5575,53.3820,53.3820,0,0,10.08,1.18,cautious,29.04,front,LIDAR_ONLY
0,36.3568,t611,LIDAR_ONLY,10.2879,10.2879,21.6505,11.3626,11.3626,52.4821,52.4821,0,0,10.08,1.18,cautious,25.00,front,LIDAR_ONLY
0,36.3568,t613,LIDAR_ONLY,18.7362,18.7362,21.6505,2.9143,2.9143,13.4607,13.4607,0,0,10.08,1.18,drive,20.95,front,LIDAR_ONLY
0,36.4164,cam_1,CAM_ONLY,20.1108,,21.6508,1.5400,,7.1129,,0,,13.14,1.12,safe,,,CAMERA_ONLY
0,36.4842,cam_1,CAM_ONLY,19.9424,,21.6514,1.7090,,7.8934,,0,,18.39,0.96,warning,,,CAMERA_ONLY
0,36.5380,cam_1,CAM_ONLY,19.7834,,21.6514,1.8680,,8.6274,,0,,10.63,1.12,warning,,,CAMERA_ONLY
0,36.6025,cam_1,CAM_ONLY,19.6870,,21.6514,1.9644,,9.0727,,0,,17.93,0.93,warning,,,CAMERA_ONLY
0,36.6025,t622,LIDAR_ONLY,13.8021,13.8021,21.6514,7.8492,7.8492,36.2528,36.2528,0,0,17.93,0.93,cautious,22.57,front,LIDAR_ONLY
0,36.6025,t622,LIDAR_ONLY,14.3037,14.3037,21.6514,7.3477,7.3477,33.9364,33.9364,0,0,17.93,0.93,cautious,18.47,front,LIDAR_ONLY
0,36.6638,cam_1,CAM_ONLY,19.5963,,21.6514,2.0551,,9.4919,,0,,11.46,1.19,warning,,,CAMERA_ONLY
0,36.7342,cam_1,CAM_ONLY,19.1820,,21.6514,2.4693,,11.4050,,0,,15.76,1.08,warning,,,CAMERA_ONLY
0,36.8048,cam_1,CAM_ONLY,19.0939,,21.6514,2.5575,,11.8121,,0,,18.30,1.04,warning,,,CAMERA_ONLY
0,36.8048,t628,LIDAR_ONLY,9.8557,9.8557,21.6514,11.7957,11.7957,54.4800,54.4800,0,0,18.30,1.04,slow,29.78,front,LIDAR_ONLY
0,36.8048,t622,LIDAR_ONLY,14.5625,14.5625,21.6514,7.0889,7.0889,32.7411,32.7411,0,0,18.30,1.04,cautious,21.71,front,LIDAR_ONLY
0,36.8048,t622,LIDAR_ONLY,14.1820,14.1820,21.6514,7.4694,7.4694,34.4983,34.4983,0,0,18.30,1.04,cautious,25.74,front,LIDAR_ONLY
0,36.8664,cam_1,CAM_ONLY,18.7342,,21.6514,2.9172,,13.4736,,0,,16.55,1.17,warning,,,CAMERA_ONLY
0,36.9267,cam_1,CAM_ONLY,18.2885,,21.6514,3.3629,,15.5318,,0,,10.60,1.17,warning,,,CAMERA_ONLY
0,37.0007,cam_1,CAM_ONLY,18.5349,,21.6514,3.1165,,14.3938,,0,,21.36,0.95,warning,,,CAMERA_ONLY
0,37.0007,t628,LIDAR_ONLY,9.8981,9.8981,21.6514,11.7533,11.7533,54.2843,54.2843,0,0,21.36,0.95,slow,28.78,front,LIDAR_ONLY
0,37.0007,t622,LIDAR_ONLY,13.6495,13.6495,21.6514,8.0018,8.0018,36.9577,36.9577,0,0,21.36,0.95,cautious,24.58,front,LIDAR_ONLY
0,37.0007,t622,LIDAR_ONLY,13.7602,13.7602,21.6514,7.8912,7.8912,36.4465,36.4465,0,0,21.36,0.95,cautious,20.38,front,LIDAR_ONLY
0,37.0667,cam_1,CAM_ONLY,18.9149,,21.6514,2.7365,,12.6387,,0,,15.89,1.06,warning,,,CAMERA_ONLY
0,37.1313,cam_1,CAM_ONLY,19.2306,,21.6514,2.4208,,11.1808,,0,,13.20,1.04,warning,,,CAMERA_ONLY
0,37.1945,cam_1,CAM_ONLY,19.0598,,21.6514,2.5915,,11.9694,,0,,14.33,1.86,warning,,,CAMERA_ONLY
0,37.2568,cam_1,CAM_ONLY,18.6651,,21.6514,2.9863,,13.7926,,0,,13.46,1.24,warning,,,CAMERA_ONLY
0,37.2568,t638,LIDAR_ONLY,10.2042,10.2042,21.6514,11.4471,11.4471,52.8703,52.8703,0,0,13.46,1.24,cautious,28.71,front,LIDAR_ONLY
0,37.2568,t638,LIDAR_ONLY,10.6037,10.6037,21.6514,11.0477,11.0477,51.0253,51.0253,0,0,13.46,1.24,cautious,24.47,front,LIDAR_ONLY
0,37.2568,t638,LIDAR_ONLY,11.1955,11.1955,21.6514,10.4559,10.4559,48.2919,48.2919,0,0,13.46,1.24,cautious,20.24,front,LIDAR_ONLY
0,37.3170,cam_1,CAM_ONLY,18.9279,,21.6514,2.7235,,12.5789,,0,,11.22,1.06,warning,,,CAMERA_ONLY
0,37.3797,cam_1,CAM_ONLY,19.1447,,21.6514,2.5067,,11.5775,,0,,12.32,1.11,warning,,,CAMERA_ONLY
0,37.4484,cam_1,CAM_ONLY,19.6909,,21.6514,1.9605,,9.0548,,0,,15.70,1.60,warning,,,CAMERA_ONLY
0,37.5126,t648,BOTH,20.0760,17.5939,21.6514,1.5754,4.0575,7.2761,18.7400,0,0,17.15,1.38,safe,,,FULL_ANGLE
0,37.5126,t646,LIDAR_ONLY,9.9166,9.9166,21.6514,11.7347,11.7347,54.1985,54.1985,0,0,17.15,1.38,slow,29.58,front,LIDAR_ONLY
0,37.5126,t646,LIDAR_ONLY,10.1557,10.1557,21.6514,11.4957,11.4957,53.0946,53.0946,0,0,17.15,1.38,slow,25.45,front,LIDAR_ONLY
0,37.5126,t646,LIDAR_ONLY,10.5917,10.5917,21.6514,11.0596,11.0596,51.0805,51.0805,0,0,17.15,1.38,slow,21.31,front,LIDAR_ONLY
0,37.5126,t646,LIDAR_ONLY,11.2882,11.2882,21.6514,10.3632,10.3632,47.8638,47.8638,0,0,17.15,1.38,cautious,17.17,front,LIDAR_ONLY
0,37.5721,cam_1,CAM_ONLY,20.2994,,21.6514,1.3520,,6.2443,,0,,10.61,1.38,safe,,,CAMERA_ONLY
0,37.5721,t650,LIDAR_ONLY,9.8620,9.8620,21.6514,11.7894,11.7894,54.4509,54.4509,0,0,10.61,1.38,slow,29.76,front,LIDAR_ONLY
0,37.5721,t650,LIDAR_ONLY,10.0859,10.0859,21.6514,11.5654,11.5654,53.4167,53.4167,0,0,10.61,1.38,slow,25.64,front,LIDAR_ONLY
0,37.6309,cam_1,CAM_ONLY,19.9271,,21.6514,1.7243,,7.9640,,0,,12.01,0.83,warning,,,CAMERA_ONLY
0,37.6934,cam_1,CAM_ONLY,19.8542,,21.6514,1.7972,,8.3004,,0,,14.94,0.95,warning,,,CAMERA_ONLY
0,37.7616,cam_1,CAM_ONLY,19.7136,,21.6514,1.9378,,8.9499,,0,,16.35,1.33,warning,,,CAMERA_ONLY
0,37.7616,t650,LIDAR_ONLY,10.1629,10.1629,21.6514,11.4885,11.4885,53.0611,53.0611,0,0,16.35,1.33,slow,29.55,front,LIDAR_ONLY
0,37.7616,t650,LIDAR_ONLY,10.3143,10.3143,21.6514,11.3370,11.3370,52.3618,52.3618,0,0,16.35,1.33,cautious,25.42,front,LIDAR_ONLY
0,37.8249,cam_1,CAM_ONLY,19.6361,,21.6514,2.0153,,9.3078,,0,,15.34,1.16,warning,,,CAMERA_ONLY
0,37.8852,cam_1,CAM_ONLY,19.3275,,21.6514,2.3239,,10.7331,,0,,15.22,0.84,warning,,,CAMERA_ONLY
0,37.9477,cam_1,CAM_ONLY,18.9671,,21.6514,2.6843,,12.3978,,0,,13.60,1.19,warning,,,CAMERA_ONLY
0,38.0123,cam_1,CAM_ONLY,18.9976,,21.6514,2.6538,,12.2570,,0,,16.14,1.01,warning,,,CAMERA_ONLY
0,38.0692,cam_1,CAM_ONLY,18.7970,,21.6514,2.8544,,13.1835,,0,,8.58,1.30,warning,,,CAMERA_ONLY
0,38.1259,cam_1,CAM_ONLY,18.7648,,21.6514,2.8866,,13.3322,,0,,11.19,1.17,warning,,,CAMERA_ONLY
0,38.1924,cam_1,CAM_ONLY,18.5293,,21.6514,3.1220,,14.4196,,0,,13.02,1.14,warning,,,CAMERA_ONLY
0,38.2886,cam_1,CAM_ONLY,18.3844,,21.6514,3.2670,,15.0890,,0,,17.24,1.06,warning,,,CAMERA_ONLY
0,38.3430,cam_1,CAM_ONLY,18.4882,,21.6514,3.1631,,14.6094,,0,,8.93,0.76,warning,,,CAMERA_ONLY
0,38.4015,cam_1,CAM_ONLY,18.9480,,21.6514,2.7034,,12.4858,,0,,14.76,1.14,warning,,,CAMERA_ONLY
0,38.4541,cam_1,CAM_ONLY,18.6442,,21.6514,3.0072,,13.8891,,0,,13.61,1.27,warning,,,CAMERA_ONLY
0,38.4541,t668,LIDAR_ONLY,10.2293,10.2293,21.6514,11.4221,11.4221,52.7547,52.7547,0,0,13.61,1.27,cautious,28.63,front,LIDAR_ONLY
0,38.4541,t668,LIDAR_ONLY,11.0933,11.0933,21.6514,10.5581,10.5581,48.7641,48.7641,0,0,13.61,1.27,cautious,20.42,front,LIDAR_ONLY
0,38.4541,t668,LIDAR_ONLY,11.5875,11.5875,21.6514,10.0639,10.0639,46.4816,46.4816,0,0,13.61,1.27,cautious,24.52,front,LIDAR_ONLY
0,38.5295,cam_1,CAM_ONLY,18.3783,,21.6514,3.2730,,15.1170,,0,,16.85,1.23,warning,,,CAMERA_ONLY
0,38.5857,cam_1,CAM_ONLY,18.6202,,21.6514,3.0312,,13.9998,,0,,10.61,1.02,warning,,,CAMERA_ONLY
0,38.6566,cam_1,CAM_ONLY,19.1742,,21.6514,2.4771,,11.4411,,0,,13.47,1.14,warning,,,CAMERA_ONLY
0,38.6566,t674,LIDAR_ONLY,28.2780,28.2780,21.6514,6.6267,6.6267,30.6062,30.6062,0,0,13.47,1.14,drive,-29.75,front,LIDAR_ONLY
0,38.6566,t668,LIDAR_ONLY,11.7254,11.7254,21.6514,9.9260,9.9260,45.8447,45.8447,0,0,13.47,1.14,cautious,28.01,front,LIDAR_ONLY
0,38.6566,t668,LIDAR_ONLY,12.0093,12.0093,21.6514,9.6421,9.6421,44.5333,44.5333,0,0,13.47,1.14,cautious,19.75,front,LIDAR_ONLY
0,38.7190,cam_1,CAM_ONLY,19.2967,,21.6514,2.3547,,10.8753,,0,,13.02,1.29,warning,,,CAMERA_ONLY
0,38.7782,cam_1,CAM_ONLY,18.6914,,21.6514,2.9599,,13.6708,,0,,10.44,0.87,warning,,,CAMERA_ONLY
0,38.8437,cam_1,CAM_ONLY,18.9769,,21.6514,2.6745,,12.3526,,0,,16.62,0.98,warning,,,CAMERA_ONLY
0,38.8437,cam_1,CAM_ONLY,25.7351,,21.6514,4.0837,,18.8613,,0,,16.62,0.98,safe,,,CAMERA_ONLY
0,38.9077,cam_1,CAM_ONLY,18.8646,,21.6514,2.7867,,12.8709,,0,,9.89,1.22,warning,,,CAMERA_ONLY
0,38.9077,t682,LIDAR_ONLY,10.3294,10.3294,21.6514,11.3220,11.3220,52.2924,52.2924,0,0,9.89,1.22,cautious,28.34,front,LIDAR_ONLY
0,38.9077,t682,LIDAR_ONLY,10.6227,10.6227,21.6514,11.0286,11.0286,50.9373,50.9373,0,0,9.89,1.22,cautious,24.18,front,LIDAR_ONLY
0,38.9634,cam_1,CAM_ONLY,18.2985,,21.6514,3.3529,,15.4858,,0,,11.12,1.11,warning,,,CAMERA_ONLY
0,39.0279,cam_1,CAM_ONLY,17.4920,,21.6514,4.1594,,19.2109,,0,,15.51,1.03,warning,,,CAMERA_ONLY
0,39.0960,cam_1,CAM_ONLY,17.4195,,21.6514,4.2319,,19.5457,,0,,17.18,0.74,warning,,,CAMERA_ONLY
0,39.1582,t685,BOTH,18.1451,12.8389,21.6514,3.5062,8.8125,16.1941,40.7017,0,0,14.37,1.18,warning,,,FULL_ANGLE
0,39.1582,t685,LIDAR_ONLY,14.0778,14.0778,21.6514,7.5736,7.5736,34.9795,34.9795,0,0,14.37,1.18,cautious,22.26,front,LIDAR_ONLY
0,39.1582,t685,LIDAR_ONLY,12.3089,12.3089,21.6514,9.3425,9.3425,43.1498,43.1498,0,0,14.37,1.18,cautious,26.40,front,LIDAR_ONLY
0,39.2216,cam_1,CAM_ONLY,18.2983,,21.6514,3.3531,,15.4866,,0,,18.80,1.25,warning,,,CAMERA_ONLY
0,39.2921,cam_1,CAM_ONLY,18.7673,,21.6514,2.8841,,13.3206,,0,,17.05,1.10,warning,,,CAMERA_ONLY
0,39.3542,t692,BOTH,19.4565,22.7861,21.6514,2.1948,1.1348,10.1372,5.2410,0,0,12.62,1.38,warning,,,FULL_ANGLE
0,39.3542,t685,LIDAR_ONLY,13.0197,13.0197,21.6514,8.6317,8.6317,39.8668,39.8668,0,0,12.62,1.38,cautious,24.89,front,LIDAR_ONLY
0,39.3542,t685,LIDAR_ONLY,12.6533,12.6533,21.6514,8.9981,8.9981,41.5590,41.5590,0,0,12.62,1.38,cautious,28.99,front,LIDAR_ONLY
0,39.3542,t692,LIDAR_ONLY,19.1881,19.1881,21.6514,2.4632,2.4632,11.3768,11.3768,0,0,12.62,1.38,drive,20.79,front,LIDAR_ONLY
0,39.4158,cam_1,CAM_ONLY,19.4491,,21.6514,2.2023,,10.1717,,0,,10.27,1.10,warning,,,CAMERA_ONLY
0,39.4773,cam_1,CAM_ONLY,19.2050,,21.6514,2.4464,,11.2989,,0,,14.70,1.02,warning,,,CAMERA_ONLY
0,39.4773,cam_1,CAM_ONLY,22.8502,,21.6514,1.1988,,5.5369,,0,,14.70,1.02,safe,,,CAMERA_ONLY
0,39.5330,cam_1,CAM_ONLY,18.4167,,21.6514,3.2346,,14.9397,,0,,10.38,0.78,warning,,,CAMERA_ONLY
0,39.5330,cam_1,CAM_ONLY,22.7110,,21.6514,1.0596,,4.8938,,0,,10.38,0.78,safe,,,CAMERA_ONLY
0,39.6010,cam_1,CAM_ONLY,17.6509,,21.6514,4.0005,,18.4770,,0,,16.87,0.81,warning,,,CAMERA_ONLY
0,39.6711,cam_1,CAM_ONLY,17.7688,,21.6514,3.8826,,17.9322,,0,,13.19,1.23,warning,,,CAMERA_ONLY
0,39.7361,cam_1,CAM_ONLY,17.4632,,21.6514,4.1881,,19.3435,,0,,17.52,1.08,warning,,,CAMERA_ONLY
0,39.8063,t702,BOTH,17.1196,12.0497,21.6514,4.5318,9.6017,20.9307,44.3468,0,0,18.04,2.04,warning,,,FULL_ANGLE
0,39.8063,t702,LIDAR_ONLY,9.9925,9.9925,21.6514,11.6589,11.6589,53.8482,53.8482,0,0,18.04,2.04,slow,29.35,front,LIDAR_ONLY
0,39.8063,t702,LIDAR_ONLY,10.7452,10.7452,21.6514,10.9061,10.9061,50.3715,50.3715,0,0,18.04,2.04,slow,21.27,front,LIDAR_ONLY
0,39.8063,t702,LIDAR_ONLY,11.1862,11.1862,21.6514,10.4651,10.4651,48.3347,48.3347,0,0,18.04,2.04,slow,25.31,front,LIDAR_ONLY
0,39.8806,cam_1,CAM_ONLY,16.9350,,21.6514,4.7164,,21.7834,,0,,17.65,1.75,warning,,,CAMERA_ONLY
0,39.9461,cam_1,CAM_ONLY,17.0015,,21.6514,4.6499,,21.4762,,0,,11.07,0.83,warning,,,CAMERA_ONLY
0,40.0020,t702,BOTH,16.5869,13.7099,21.6514,5.0645,7.9415,23.3910,36.6789,0,0,10.51,1.04,warning,,,FULL_ANGLE
0,40.0020,t702,LIDAR_ONLY,12.6435,12.6435,21.6514,9.0079,9.0079,41.6042,41.6042,0,0,10.51,1.04,cautious,22.42,front,LIDAR_ONLY
0,40.0020,t702,LIDAR_ONLY,13.1795,13.1795,21.6514,8.4719,8.4719,39.1287,39.1287,0,0,10.51,1.04,cautious,26.55,front,LIDAR_ONLY
0,40.0591,cam_1,CAM_ONLY,17.1951,,21.6514,4.4563,,20.5822,,0,,10.99,1.30,warning,,,CAMERA_ONLY
0,40.0591,t707,LIDAR_ONLY,10.1580,10.1580,21.6514,11.4934,11.4934,53.0839,53.0839,0,0,10.99,1.30,cautious,28.84,front,LIDAR_ONLY
0,40.0591,t707,LIDAR_ONLY,10.4147,10.4147,21.6514,11.2366,11.2366,51.8981,51.8981,0,0,10.99,1.30,cautious,24.64,front,LIDAR_ONLY
0,40.0591,t702,LIDAR_ONLY,14.3951,14.3951,21.6514,7.2563,7.2563,33.5144,33.5144,0,0,10.99,1.30,cautious,20.43,front,LIDAR_ONLY
0,40.1220,cam_1,CAM_ONLY,17.0259,,21.6514,4.6254,,21.3633,,0,,13.13,1.40,warning,,,CAMERA_ONLY
0,40.1952,cam_1,CAM_ONLY,17.3239,,21.6514,4.3275,,19.9873,,0,,20.11,2.46,warning,,,CAMERA_ONLY
0,40.2658,cam_1,CAM_ONLY,17.6532,,21.6514,3.9982,,18.4663,,0,,13.64,1.28,warning,,,CAMERA_ONLY
0,40.2658,t707,LIDAR_ONLY,10.5597,10.5597,21.6514,11.0916,11.0916,51.2283,51.2283,0,0,13.64,1.28,cautious,27.41,front,LIDAR_ONLY
0,40.2658,t702,LIDAR_ONLY,14.4277,14.4277,21.6514,7.2237,7.2237,33.3638,33.3638,0,0,13.64,1.28,cautious,23.35,front,LIDAR_ONLY
0,40.3227,cam_1,CAM_ONLY,18.1775,,21.6514,3.4739,,16.0445,,0,,10.10,1.55,warning,,,CAMERA_ONLY
0,40.3827,cam_1,CAM_ONLY,18.4251,,21.6514,3.2263,,14.9009,,0,,13.38,1.24,warning,,,CAMERA_ONLY
0,40.4401,cam_1,CAM_ONLY,19.1230,,21.6514,2.5284,,11.6776,,0,,10.93,1.04,warning,,,CAMERA_ONLY
0,40.4974,cam_1,CAM_ONLY,18.7554,,21.6514,2.8960,,13.3757,,0,,8.83,1.33,warning,,,CAMERA_ONLY
0,40.5534,cam_1,CAM_ONLY,18.4089,,21.6514,3.2425,,14.9757,,0,,11.62,0.99,warning,,,CAMERA_ONLY
0,40.5534,t721,LIDAR_ONLY,13.0000,13.0000,21.6514,8.6513,8.6513,39.9575,39.9575,0,0,11.62,0.99,cautious,23.52,front,LIDAR_ONLY
0,40.5534,t721,LIDAR_ONLY,11.6806,11.6806,21.6514,9.9708,9.9708,46.0514,46.0514,0,0,11.62,0.99,cautious,27.60,front,LIDAR_ONLY
0,40.5534,t721,LIDAR_ONLY,12.1287,12.1287,21.6514,9.5227,9.5227,43.9818,43.9818,0,0,11.62,0.99,cautious,19.43,front,LIDAR_ONLY
0,40.6207,cam_1,CAM_ONLY,19.3418,,21.6514,2.3096,,10.6672,,0,,16.11,1.03,warning,,,CAMERA_ONLY
0,40.6890,cam_1,CAM_ONLY,19.7311,,21.6514,1.9203,,8.8692,,0,,20.35,2.20,warning,,,CAMERA_ONLY
0,40.7627,t721,BOTH,19.3509,13.1816,21.6514,2.3005,8.4698,10.6252,39.1189,0,0,16.94,2.73,warning,,,FULL_ANGLE
0,40.7627,t721,LIDAR_ONLY,13.8040,13.8040,21.6514,7.8474,7.8474,36.2441,36.2441,0,0,16.94,2.73,cautious,23.55,front,LIDAR_ONLY
0,40.7627,t721,LIDAR_ONLY,14.0064,14.0064,21.6514,7.6450,7.6450,35.3094,35.3094,0,0,16.94,2.73,cautious,27.65,front,LIDAR_ONLY
0,40.7627,t721,LIDAR_ONLY,14.6567,14.6567,21.6514,6.9947,6.9947,32.3061,32.3061,0,0,16.94,2.73,cautious,19.44,front,LIDAR_ONLY
0,40.8226,cam_1,CAM_ONLY,19.5958,,21.6514,2.0556,,9.4941,,0,,9.47,1.33,warning,,,CAMERA_ONLY
0,40.8853,cam_1,CAM_ONLY,19.3597,,21.6514,2.2916,,10.5843,,0,,14.55,1.14,warning,,,CAMERA_ONLY
0,40.9461,cam_1,CAM_ONLY,18.8527,,21.6514,2.7987,,12.9261,,0,,16.97,1.18,warning,,,CAMERA_ONLY
0,41.0149,cam_1,CAM_ONLY,19.5700,,21.6514,2.0814,,9.6133,,0,,17.47,1.07,warning,,,CAMERA_ONLY
0,56.6035,t744,LIDAR_ONLY,40.3193,40.3193,25.7014,14.6180,14.6180,56.8763,56.8763,0,0,14.00,1.06,drive,27.74,front,LIDAR_ONLY
0,57.1488,t768,LIDAR_ONLY,20.9761,20.9761,25.6021,4.6261,4.6261,18.0690,18.0690,0,0,9.47,0.93,drive,-15.94,front,LIDAR_ONLY
0,57.1488,t768,LIDAR_ONLY,18.2086,18.2086,25.6021,7.3935,7.3935,28.8786,28.8786,0,0,9.47,0.93,drive,-24.16,front,LIDAR_ONLY
0,57.3002,t772,LIDAR_ONLY,30.7658,30.7658,25.5015,5.2643,5.2643,20.6433,20.6433,0,0,12.75,0.90,drive,-7.49,front,LIDAR_ONLY
0,57.3002,t774,LIDAR_ONLY,21.2063,21.2063,25.5015,4.2951,4.2951,16.8427,16.8427,0,0,12.75,0.90,drive,25.71,front,LIDAR_ONLY
0,57.4923,t783,LIDAR_ONLY,13.6512,13.6512,25.3534,11.7023,11.7023,46.1565,46.1565,0,0,19.32,1.26,cautious,-25.87,front,LIDAR_ONLY
0,58.0508,cam_2,CAM_ONLY,23.2893,,24.9317,1.6425,,6.5879,,0,,13.63,1.06,warning,,,CAMERA_ONLY
0,58.0508,t799,LIDAR_ONLY,14.1170,14.1170,24.9317,10.8147,10.8147,43.3773,43.3773,0,0,13.63,1.06,cautious,-21.91,front,LIDAR_ONLY
0,58.0508,t799,LIDAR_ONLY,14.3859,14.3859,24.9317,10.5458,10.5458,42.2987,42.2987,0,0,13.63,1.06,cautious,-17.76,front,LIDAR_ONLY
0,58.2394,cam_2,CAM_ONLY,21.6900,,24.7597,3.0697,,12.3980,,0,,20.46,1.40,warning,,,CAMERA_ONLY
0,59.2046,cam_3,CAM_ONLY,18.8085,,23.7826,4.9741,,20.9148,,0,,11.19,0.94,stop,,,CAMERA_ONLY
0,59.2623,cam_3,CAM_ONLY,18.5807,,23.7148,5.1341,,21.6495,,0,,10.41,1.21,stop,,,CAMERA_ONLY
0,59.3143,cam_3,CAM_ONLY,18.6719,,23.6698,4.9980,,21.1154,,0,,12.05,1.48,stop,,,CAMERA_ONLY
0,59.3742,cam_3,CAM_ONLY,18.6094,,23.6140,5.0046,,21.1933,,0,,9.24,1.16,stop,,,CAMERA_ONLY
0,59.4339,cam_3,CAM_ONLY,18.4739,,23.5789,5.1050,,21.6507,,0,,13.15,1.45,stop,,,CAMERA_ONLY
0,59.4915,cam_3,CAM_ONLY,18.5369,,23.5498,5.0129,,21.2865,,0,,13.27,1.27,stop,,,CAMERA_ONLY
0,59.5452,cam_3,CAM_ONLY,18.4993,,23.5300,5.0307,,21.3800,,0,,9.66,1.17,stop,,,CAMERA_ONLY
0,59.6086,cam_3,CAM_ONLY,18.5866,,23.5137,4.9271,,20.9542,,0,,14.56,1.06,stop,,,CAMERA_ONLY
0,59.6665,cam_3,CAM_ONLY,18.4338,,23.5064,5.0726,,21.5796,,0,,12.59,1.25,stop,,,CAMERA_ONLY
0,59.7319,cam_3,CAM_ONLY,18.5972,,23.5066,4.9093,,20.8849,,0,,15.74,1.05,stop,,,CAMERA_ONLY
0,60.0492,t868,LIDAR_ONLY,23.3070,23.3070,23.5744,0.2674,0.2674,1.1341,1.1341,1,1,20.58,1.07,drive,-6.07,front,LIDAR_ONLY
0,60.0492,t869,LIDAR_ONLY,13.7249,13.7249,23.5744,9.8494,9.8494,41.7803,41.7803,0,0,20.58,1.07,cautious,-18.60,front,LIDAR_ONLY
0,60.0492,t869,LIDAR_ONLY,12.2986,12.2986,23.5744,11.2758,11.2758,47.8307,47.8307,0,0,20.58,1.07,cautious,-26.96,front,LIDAR_ONLY
0,60.0492,t869,LIDAR_ONLY,12.2158,12.2158,23.5744,11.3586,11.3586,48.1820,48.1820,0,0,20.58,1.07,cautious,-22.78,front,LIDAR_ONLY
0,60.1049,cam_4,CAM_ONLY,18.3654,,23.5798,5.2144,,22.1138,,0,,9.88,0.86,stop,,,CAMERA_ONLY
0,60.1049,t869,LIDAR_ONLY,12.3784,12.3784,23.5798,11.2013,11.2013,47.5040,47.5040,0,0,9.88,0.86,cautious,-16.64,front,LIDAR_ONLY
0,60.1644,cam_4,CAM_ONLY,18.7113,,23.5832,4.8720,,20.6586,,0,,9.91,1.25,stop,,,CAMERA_ONLY
0,60.2207,cam_4,CAM_ONLY,19.0318,,23.5873,4.5554,,19.3131,,0,,13.29,2.66,stop,,,CAMERA_ONLY
0,60.2769,cam_4,CAM_ONLY,19.2322,,23.5951,4.3629,,18.4909,,0,,10.04,0.81,warning,,,CAMERA_ONLY
0,60.3359,cam_4,CAM_ONLY,18.7660,,23.6083,4.8423,,20.5111,,0,,13.12,1.12,warning,,,CAMERA_ONLY
0,60.3998,cam_4,CAM_ONLY,18.8207,,23.6283,4.8076,,20.3469,,0,,16.38,0.96,warning,,,CAMERA_ONLY
0,60.3998,t879,LIDAR_ONLY,10.8675,10.8675,23.6283,12.7608,12.7608,54.0063,54.0063,0,0,16.38,0.96,slow,-26.16,front,LIDAR_ONLY
0,60.4571,cam_4,CAM_ONLY,18.9060,,23.6511,4.7451,,20.0630,,0,,10.16,0.93,warning,,,CAMERA_ONLY
0,60.5194,cam_4,CAM_ONLY,19.2811,,23.6825,4.4013,,18.5848,,0,,16.99,1.20,warning,,,CAMERA_ONLY
0,60.5793,cam_4,CAM_ONLY,20.3123,,23.7280,3.4157,,14.3950,,0,,13.21,1.11,warning,,,CAMERA_ONLY
0,60.6493,cam_4,CAM_ONLY,19.8454,,23.8630,4.0176,,16.8361,,0,,18.84,0.92,warning,,,CAMERA_ONLY
0,60.6493,t889,LIDAR_ONLY,12.3143,12.3143,23.8630,11.5487,11.5487,48.3957,48.3957,0,0,18.84,0.92,cautious,-20.49,front,LIDAR_ONLY
0,60.6493,t889,LIDAR_ONLY,10.8904,10.8904,23.8630,12.9727,12.9727,54.3631,54.3631,0,0,18.84,0.92,cautious,-28.66,front,LIDAR_ONLY
0,60.6493,t889,LIDAR_ONLY,10.9035,10.9035,23.8630,12.9595,12.9595,54.3080,54.3080,0,0,18.84,0.92,cautious,-24.57,front,LIDAR_ONLY
0,60.6493,t889,LIDAR_ONLY,11.0926,11.0926,23.8630,12.7705,12.7705,53.5157,53.5157,0,0,18.84,0.92,cautious,-16.40,front,LIDAR_ONLY
0,60.7156,cam_4,CAM_ONLY,19.7570,,24.0201,4.2631,,17.7480,,0,,16.11,1.47,warning,,,CAMERA_ONLY
0,60.7771,cam_4,CAM_ONLY,19.8286,,24.1615,4.3330,,17.9333,,0,,18.52,0.88,warning,,,CAMERA_ONLY
0,60.8394,cam_4,CAM_ONLY,20.0118,,24.3061,4.2943,,17.6677,,0,,12.37,1.12,safe,,,CAMERA_ONLY
0,60.9118,cam_4,CAM_ONLY,20.1329,,24.4945,4.3616,,17.8063,,0,,20.78,1.30,safe,,,CAMERA_ONLY
0,60.9714,cam_4,CAM_ONLY,20.0321,,24.6190,4.5869,,18.6315,,0,,15.38,1.07,safe,,,CAMERA_ONLY
0,61.0253,cam_4,CAM_ONLY,20.1434,,24.7405,4.5971,,18.5812,,0,,9.55,0.93,safe,,,CAMERA_ONLY
0,61.0916,cam_4,CAM_ONLY,20.1934,,24.9013,4.7079,,18.9062,,0,,13.41,1.42,safe,,,CAMERA_ONLY
0,61.1485,t906,BOTH,20.5116,22.1155,25.0323,4.5207,2.9168,18.0594,11.6522,0,0,12.13,1.11,safe,,,FULL_ANGLE
0,61.1485,t907,LIDAR_ONLY,10.6147,10.6147,25.0323,14.4176,14.4176,57.5960,57.5960,0,0,12.13,1.11,cautious,-26.29,front,LIDAR_ONLY
0,61.2033,cam_4,CAM_ONLY,20.7063,,25.1633,4.4570,,17.7124,,0,,13.89,0.89,safe,,,CAMERA_ONLY
0,61.2688,cam_4,CAM_ONLY,21.0992,,25.3099,4.2107,,16.6366,,0,,17.81,1.27,safe,,,CAMERA_ONLY
0,61.3292,cam_4,CAM_ONLY,21.0316,,25.4583,4.4267,,17.3882,,0,,14.45,1.11,safe,,,CAMERA_ONLY
0,61.3890,cam_4,CAM_ONLY,21.0605,,25.5893,4.5288,,17.6981,,0,,13.29,1.26,safe,,,CAMERA_ONLY
0,61.4617,cam_4,CAM_ONLY,21.2892,,25.7617,4.4725,,17.3609,,0,,14.95,1.28,safe,,,CAMERA_ONLY
0,61.5899,t924,LIDAR_ONLY,10.6302,10.6302,26.0783,15.4481,15.4481,59.2375,59.2375,0,0,20.34,3.12,cautious,-26.20,front,LIDAR_ONLY
0,61.7151,cam_4,CAM_ONLY,22.0167,,26.3699,4.3532,,16.5083,,0,,19.11,1.34,safe,,,CAMERA_ONLY
0,61.7723,cam_4,CAM_ONLY,22.0531,,26.5015,4.4484,,16.7856,,0,,16.50,1.20,safe,,,CAMERA_ONLY
0,61.8603,cam_4,CAM_ONLY,22.0068,,26.7044,4.6976,,17.5912,,0,,17.85,1.24,safe,,,CAMERA_ONLY
0,61.9239,cam_4,CAM_ONLY,22.1054,,26.8477,4.7423,,17.6638,,0,,18.07,0.96,safe,,,CAMERA_ONLY
0,61.9856,cam_4,CAM_ONLY,21.7836,,26.9495,5.1659,,19.1688,,0,,13.13,1.06,safe,,,CAMERA_ONLY
0,62.0472,cam_4,CAM_ONLY,21.8596,,27.0646,5.2050,,19.2319,,0,,14.06,1.42,slowdown,,,CAMERA_ONLY
0,62.1117,cam_4,CAM_ONLY,22.1983,,27.1795,4.9812,,18.3271,,0,,15.20,1.19,warning,,,CAMERA_ONLY
0,62.1711,cam_4,CAM_ONLY,22.4260,,27.2946,4.8686,,17.8371,,0,,11.09,1.14,safe,,,CAMERA_ONLY
0,62.2279,cam_4,CAM_ONLY,22.8993,,27.4128,4.5135,,16.4649,,0,,10.76,1.04,safe,,,CAMERA_ONLY
0,62.2854,cam_4,CAM_ONLY,23.4616,,27.5317,4.0701,,14.7834,,0,,13.30,1.26,safe,,,CAMERA_ONLY
0,62.3585,cam_4,CAM_ONLY,23.1718,,27.6856,4.5138,,16.3038,,0,,20.78,1.19,safe,,,CAMERA_ONLY
0,62.4254,cam_4,CAM_ONLY,24.4193,,27.8138,3.3945,,12.2044,,0,,20.51,2.01,safe,,,CAMERA_ONLY
0,62.5038,cam_4,CAM_ONLY,23.9061,,27.9337,4.0276,,14.4184,,0,,18.66,0.97,safe,,,CAMERA_ONLY
0,62.5684,cam_4,CAM_ONLY,24.2820,,28.0230,3.7411,,13.3500,,0,,19.99,1.17,safe,,,CAMERA_ONLY
0,62.7454,t957,LIDAR_ONLY,9.8351,9.8351,28.2087,18.3736,18.3736,65.1346,65.1346,0,0,11.66,1.17,slow,-28.67,front,LIDAR_ONLY
0,62.8744,cam_4,CAM_ONLY,24.0970,,28.2949,4.1979,,14.8363,,0,,10.13,0.83,warning,,,CAMERA_ONLY
0,62.9389,cam_4,CAM_ONLY,24.4442,,28.3352,3.8910,,13.7319,,0,,20.75,1.43,warning,,,CAMERA_ONLY
0,63.0101,cam_4,CAM_ONLY,24.5204,,28.3723,3.8519,,13.5764,,0,,21.90,2.32,warning,,,CAMERA_ONLY
0,63.0101,t966,LIDAR_ONLY,21.0409,21.0409,28.3723,7.3314,7.3314,25.8399,25.8399,0,0,21.90,2.32,drive,-5.81,front,LIDAR_ONLY
0,63.0101,t968,LIDAR_ONLY,12.7803,12.7803,28.3723,15.5920,15.5920,54.9549,54.9549,0,0,21.90,2.32,cautious,-17.88,front,LIDAR_ONLY
0,63.0101,t968,LIDAR_ONLY,11.5167,11.5167,28.3723,16.8556,16.8556,59.4085,59.4085,0,0,21.90,2.32,slow,-25.92,front,LIDAR_ONLY
0,63.0101,t968,LIDAR_ONLY,11.4594,11.4594,28.3723,16.9129,16.9129,59.6107,59.6107,0,0,21.90,2.32,slow,-21.90,front,LIDAR_ONLY
0,63.0707,cam_4,CAM_ONLY,23.9318,,28.4037,4.4719,,15.7442,,0,,15.73,1.14,warning,,,CAMERA_ONLY
0,63.1348,cam_4,CAM_ONLY,23.3465,,28.4444,5.0979,,17.9224,,0,,15.43,1.13,warning,,,CAMERA_ONLY
0,63.1985,cam_4,CAM_ONLY,23.1752,,28.4979,5.3226,,18.6773,,0,,19.19,1.10,warning,,,CAMERA_ONLY
0,63.1985,t968,LIDAR_ONLY,11.1383,11.1383,28.4979,17.3595,17.3595,60.9152,60.9152,0,0,19.19,1.10,slow,-25.10,front,LIDAR_ONLY
0,63.1985,t968,LIDAR_ONLY,11.1659,11.1659,28.4979,17.3320,17.3320,60.8186,60.8186,0,0,19.19,1.10,slow,-21.06,front,LIDAR_ONLY
0,63.2592,cam_4,CAM_ONLY,22.9369,,28.5470,5.6101,,19.6520,,0,,15.94,1.93,warning,,,CAMERA_ONLY
0,63.3302,cam_4,CAM_ONLY,24.6950,,28.6607,3.9657,,13.8366,,0,,16.94,0.96,safe,,,CAMERA_ONLY
0,63.3932,cam_4,CAM_ONLY,25.2891,,28.8098,3.5208,,12.2207,,0,,12.11,1.30,safe,,,CAMERA_ONLY
0,63.4493,cam_4,CAM_ONLY,25.4137,,28.9425,3.5289,,12.1926,,0,,13.01,0.95,safe,,,CAMERA_ONLY
0,63.4493,t983,LIDAR_ONLY,14.3075,14.3075,28.9425,14.6351,14.6351,50.5659,50.5659,0,0,13.01,0.95,cautious,-14.33,front,LIDAR_ONLY
0,63.5122,cam_4,CAM_ONLY,24.3777,,29.0939,4.7163,,16.2105,,0,,16.16,1.26,safe,,,CAMERA_ONLY
0,63.5746,cam_4,CAM_ONLY,25.3487,,29.2538,3.9052,,13.3493,,0,,12.41,0.91,safe,,,CAMERA_ONLY
0,63.6383,cam_4,CAM_ONLY,24.9873,,29.3912,4.4039,,14.9836,,0,,16.68,1.25,safe,,,CAMERA_ONLY
0,63.6988,cam_4,CAM_ONLY,25.1460,,29.5312,4.3852,,14.8494,,0,,13.06,1.12,safe,,,CAMERA_ONLY
0,63.6988,t993,LIDAR_ONLY,21.5066,21.5066,29.5312,8.0246,8.0246,27.1732,27.1732,0,0,13.06,1.12,drive,-5.17,front,LIDAR_ONLY
0,63.6988,t994,LIDAR_ONLY,10.3966,10.3966,29.5312,19.1346,19.1346,64.7946,64.7946,0,0,13.06,1.12,cautious,-25.27,front,LIDAR_ONLY
0,63.6988,t994,LIDAR_ONLY,10.5621,10.5621,29.5312,18.9691,18.9691,64.2339,64.2339,0,0,13.06,1.12,cautious,-21.25,front,LIDAR_ONLY
0,63.7602,cam_4,CAM_ONLY,25.2823,,29.6800,4.3977,,14.8170,,0,,11.84,1.29,safe,,,CAMERA_ONLY
0,63.8134,cam_4,CAM_ONLY,25.5665,,29.7976,4.2311,,14.1995,,0,,12.90,1.40,safe,,,CAMERA_ONLY
0,63.8748,cam_4,CAM_ONLY,25.4334,,29.9394,4.5060,,15.0505,,0,,9.53,0.84,safe,,,CAMERA_ONLY
0,63.9308,cam_4,CAM_ONLY,25.9771,,30.0753,4.0981,,13.6262,,0,,13.80,1.17,safe,,,CAMERA_ONLY
0,63.9901,cam_4,CAM_ONLY,26.2331,,30.2147,3.9816,,13.1776,,0,,14.98,1.29,safe,,,CAMERA_ONLY
0,64.0459,cam_4,CAM_ONLY,26.3089,,30.3431,4.0342,,13.2953,,0,,13.24,1.34,safe,,,CAMERA_ONLY
0,64.0459,t1011,LIDAR_ONLY,15.1483,15.1483,30.3431,15.1948,15.1948,50.0767,50.0767,0,0,13.24,1.34,drive,-12.80,front,LIDAR_ONLY
0,64.0459,t1012,LIDAR_ONLY,9.5604,9.5604,30.3431,20.7827,20.7827,68.4924,68.4924,0,0,13.24,1.34,slow,-29.09,front,LIDAR_ONLY
0,64.0459,t1012,LIDAR_ONLY,9.6918,9.6918,30.3431,20.6513,20.6513,68.0592,68.0592,0,0,13.24,1.34,slow,-25.01,front,LIDAR_ONLY
0,64.0459,t1012,LIDAR_ONLY,9.9102,9.9102,30.3431,20.4329,20.4329,67.3396,67.3396,0,0,13.24,1.34,slow,-20.94,front,LIDAR_ONLY
0,64.1086,cam_4,CAM_ONLY,26.5430,,30.4849,3.9419,,12.9307,,0,,15.04,0.96,safe,,,CAMERA_ONLY
0,64.3427,t1022,LIDAR_ONLY,9.8010,9.8010,30.9842,21.1832,21.1832,68.3677,68.3677,0,0,19.08,1.16,slow,-28.03,front,LIDAR_ONLY
0,64.3427,t1022,LIDAR_ONLY,10.1229,10.1229,30.9842,20.8613,20.8613,67.3288,67.3288,0,0,19.08,1.16,slow,-19.71,front,LIDAR_ONLY
0,64.4020,t1022,LIDAR_ONLY,10.4595,10.4595,31.0886,20.6290,20.6290,66.3557,66.3557,0,0,12.99,0.82,slow,-19.74,front,LIDAR_ONLY
0,64.8962,t1047,LIDAR_ONLY,12.7632,12.7632,31.9386,19.1754,19.1754,60.0383,60.0383,0,0,20.03,2.49,cautious,-18.06,front,LIDAR_ONLY
0,64.8962,t1047,LIDAR_ONLY,13.0240,13.0240,31.9386,18.9147,18.9147,59.2219,59.2219,0,0,20.03,2.49,cautious,-13.96,front,LIDAR_ONLY
0,64.8962,t1047,LIDAR_ONLY,12.8184,12.8184,31.9386,19.1203,19.1203,59.8656,59.8656,0,0,20.03,2.49,cautious,-22.16,front,LIDAR_ONLY
0,64.8962,t1047,LIDAR_ONLY,12.1268,12.1268,31.9386,19.8118,19.8118,62.0309,62.0309,0,0,20.03,2.49,cautious,-26.26,front,LIDAR_ONLY
0,65.2022,t1058,LIDAR_ONLY,11.3007,11.3007,32.1726,20.8719,20.8719,64.8747,64.8747,0,0,15.94,0.82,slow,-21.72,front,LIDAR_ONLY
0,65.3836,cam_5,CAM_ONLY,30.2859,,32.1989,1.9130,,5.9412,,0,,13.98,1.25,safe,,,CAMERA_ONLY
0,65.4428,t1070,LIDAR_ONLY,9.9301,9.9301,32.1963,22.2662,22.2662,69.1576,69.1576,0,0,14.67,1.43,slow,-26.81,front,LIDAR_ONLY
0,65.5758,cam_5,CAM_ONLY,31.8464,,32.1717,0.3253,,1.0111,,1,,20.63,1.67,safe,,,CAMERA_ONLY
0,65.6386,cam_5,CAM_ONLY,31.1870,,32.1531,0.9661,,3.0047,,1,,15.07,1.35,safe,,,CAMERA_ONLY
0,65.7034,cam_5,CAM_ONLY,29.2378,,32.1196,2.8817,,8.9719,,0,,15.91,1.43,safe,,,CAMERA_ONLY
0,65.7034,t1077,LIDAR_ONLY,11.4813,11.4813,32.1196,20.6383,20.6383,64.2546,64.2546,0,0,15.91,1.43,slow,-21.30,front,LIDAR_ONLY
0,65.7735,cam_5,CAM_ONLY,28.1118,,32.0845,3.9727,,12.3820,,0,,17.34,0.88,slowdown,,,CAMERA_ONLY
0,65.8481,cam_5,CAM_ONLY,27.6720,,32.0467,4.3747,,13.6510,,0,,17.41,0.85,slowdown,,,CAMERA_ONLY
0,65.8481,t1077,LIDAR_ONLY,11.8502,11.8502,32.0467,20.1965,20.1965,63.0220,63.0220,0,0,17.41,0.85,slow,-15.40,front,LIDAR_ONLY
0,65.8481,t1078,LIDAR_ONLY,9.7888,9.7888,32.0467,22.2579,22.2579,69.4544,69.4544,0,0,17.41,0.85,slow,-27.71,front,LIDAR_ONLY
0,65.9080,cam_5,CAM_ONLY,25.9610,,32.0234,6.0623,,18.9310,,0,,10.98,1.19,warning,,,CAMERA_ONLY
0,65.9604,cam_5,CAM_ONLY,26.8178,,32.0091,5.1913,,16.2182,,0,,10.10,0.94,slowdown,,,CAMERA_ONLY
0,66.0204,cam_5,CAM_ONLY,26.3526,,31.9961,5.6435,,17.6382,,0,,11.80,1.04,slowdown,,,CAMERA_ONLY
0,66.0822,cam_5,CAM_ONLY,25.6287,,31.9966,6.3679,,19.9017,,0,,11.64,1.29,slowdown,,,CAMERA_ONLY
0,66.1402,cam_5,CAM_ONLY,25.0880,,32.0078,6.9199,,21.6193,,0,,13.01,1.41,slowdown,,,CAMERA_ONLY
0,66.1992,cam_5,CAM_ONLY,26.7718,,32.0277,5.2559,,16.4104,,0,,12.95,0.87,safe,,,CAMERA_ONLY
0,66.1992,t1092,LIDAR_ONLY,13.8750,13.8750,32.0277,18.1527,18.1527,56.6782,56.6782,0,0,12.95,0.87,cautious,-15.87,front,LIDAR_ONLY
0,66.1992,t1093,LIDAR_ONLY,9.6304,9.6304,32.0277,22.3973,22.3973,69.9310,69.9310,0,0,12.95,0.87,slow,-28.47,front,LIDAR_ONLY
0,66.1992,t1092,LIDAR_ONLY,12.9315,12.9315,32.0277,19.0961,19.0961,59.6238,59.6238,0,0,12.95,0.87,cautious,-20.07,front,LIDAR_ONLY
0,66.2612,cam_5,CAM_ONLY,27.1759,,32.0869,4.9110,,15.3054,,0,,12.35,1.25,safe,,,CAMERA_ONLY
0,66.3242,cam_5,CAM_ONLY,27.9599,,32.2044,4.2446,,13.1800,,0,,15.05,0.80,safe,,,CAMERA_ONLY
0,66.3858,cam_5,CAM_ONLY,27.7549,,32.3327,4.5777,,14.1582,,0,,18.29,2.31,safe,,,CAMERA_ONLY
0,66.4527,cam_5,CAM_ONLY,28.2338,,32.4546,4.2208,,13.0053,,0,,17.71,0.95,safe,,,CAMERA_ONLY
0,66.5151,cam_5,CAM_ONLY,27.9289,,32.5762,4.6473,,14.2660,,0,,14.31,1.35,safe,,,CAMERA_ONLY
0,66.5810,cam_5,CAM_ONLY,26.8006,,32.7088,5.9082,,18.0630,,0,,17.69,1.14,safe,,,CAMERA_ONLY
0,66.6401,cam_5,CAM_ONLY,26.4791,,32.8225,6.3434,,19.3265,,0,,10.66,1.34,safe,,,CAMERA_ONLY
0,66.6958,cam_5,CAM_ONLY,26.6449,,32.9221,6.2772,,19.0668,,0,,11.75,1.19,safe,,,CAMERA_ONLY
0,66.6958,t1113,LIDAR_ONLY,18.0445,18.0445,32.9221,14.8776,14.8776,45.1904,45.1904,0,0,11.75,1.19,drive,-10.60,front,LIDAR_ONLY
0,66.6958,t1113,LIDAR_ONLY,14.8775,14.8775,32.9221,18.0446,18.0446,54.8099,54.8099,0,0,11.75,1.19,cautious,-18.89,front,LIDAR_ONLY
0,66.6958,t1113,LIDAR_ONLY,13.6931,13.6931,32.9221,19.2290,19.2290,58.4076,58.4076,0,0,11.75,1.19,cautious,-23.04,front,LIDAR_ONLY
0,66.7617,cam_5,CAM_ONLY,26.9042,,33.0407,6.1365,,18.5727,,0,,13.91,1.22,safe,,,CAMERA_ONLY
0,66.8936,t1113,LIDAR_ONLY,13.7474,13.7474,33.3136,19.5662,19.5662,58.7333,58.7333,0,0,19.58,1.26,cautious,-14.83,front,LIDAR_ONLY
0,66.9549,cam_5,CAM_ONLY,26.3806,,33.4301,7.0495,,21.0874,,0,,18.45,1.49,safe,,,CAMERA_ONLY
0,67.1726,cam_5,CAM_ONLY,26.5441,,33.7693,7.2252,,21.3958,,0,,15.40,1.00,safe,,,CAMERA_ONLY
0,67.2353,cam_5,CAM_ONLY,26.2567,,33.8487,7.5920,,22.4293,,0,,14.04,1.21,safe,,,CAMERA_ONLY
0,67.2924,cam_5,CAM_ONLY,26.7492,,33.9228,7.1736,,21.1467,,0,,12.05,1.13,safe,,,CAMERA_ONLY
0,67.3535,cam_5,CAM_ONLY,26.3659,,33.9756,7.6097,,22.3976,,0,,18.30,0.89,safe,,,CAMERA_ONLY
0,67.4216,cam_5,CAM_ONLY,26.7609,,34.0240,7.2630,,21.3468,,0,,18.73,0.95,safe,,,CAMERA_ONLY
0,67.4785,cam_5,CAM_ONLY,26.6936,,34.0506,7.3571,,21.6062,,0,,13.27,1.12,safe,,,CAMERA_ONLY
0,67.5469,cam_5,CAM_ONLY,26.9827,,34.0785,7.0958,,20.8220,,0,,19.74,2.95,safe,,,CAMERA_ONLY
0,67.6201,cam_5,CAM_ONLY,27.0632,,34.1126,7.0494,,20.6651,,0,,22.58,1.36,safe,,,CAMERA_ONLY
0,67.6764,cam_5,CAM_ONLY,27.2536,,34.1974,6.9438,,20.3051,,0,,9.76,0.92,safe,,,CAMERA_ONLY
0,67.7956,t1145,LIDAR_ONLY,17.3130,17.3130,34.4348,17.1218,17.1218,49.7223,49.7223,0,0,16.14,1.10,drive,-11.55,front,LIDAR_ONLY
0,67.7956,t1146,LIDAR_ONLY,9.8594,9.8594,34.4348,24.5755,24.5755,71.3680,71.3680,0,0,16.14,1.10,slow,-27.79,front,LIDAR_ONLY
0,67.7956,t1146,LIDAR_ONLY,10.0327,10.0327,34.4348,24.4022,24.4022,70.8648,70.8648,0,0,16.14,1.10,slow,-23.73,front,LIDAR_ONLY
0,68.0465,t1157,LIDAR_ONLY,10.2804,10.2804,34.9229,24.6425,24.6425,70.5626,70.5626,0,0,16.45,0.95,cautious,-26.07,front,LIDAR_ONLY
0,68.0465,t1157,LIDAR_ONLY,10.7155,10.7155,34.9229,24.2075,24.2075,69.3169,69.3169,0,0,16.45,0.95,cautious,-17.66,front,LIDAR_ONLY
0,68.1008,t1157,LIDAR_ONLY,11.1875,11.1875,35.0214,23.8340,23.8340,68.0554,68.0554,0,0,11.51,0.78,cautious,-17.31,front,LIDAR_ONLY
0,68.3910,t1167,LIDAR_ONLY,10.6261,10.6261,35.5970,24.9709,24.9709,70.1488,70.1488,0,0,18.72,1.24,cautious,-24.90,front,LIDAR_ONLY
0,68.3910,t1167,LIDAR_ONLY,10.1116,10.1116,35.5970,25.4854,25.4854,71.5943,71.5943,0,0,18.72,1.24,cautious,-28.91,front,LIDAR_ONLY
0,68.4512,t1170,LIDAR_ONLY,14.7789,14.7789,35.7083,20.9294,20.9294,58.6121,58.6121,0,0,9.67,0.92,cautious,-14.85,front,LIDAR_ONLY
0,68.6483,t1170,LIDAR_ONLY,14.5102,14.5102,36.0998,21.5897,21.5897,59.8055,59.8055,0,0,16.76,1.10,cautious,-16.09,front,LIDAR_ONLY
0,68.6483,t1177,LIDAR_ONLY,9.7522,9.7522,36.0998,26.3477,26.3477,72.9856,72.9856,0,0,16.76,1.10,slow,-28.29,front,LIDAR_ONLY
0,68.8499,t1170,LIDAR_ONLY,14.9588,14.9588,36.4916,21.5328,21.5328,59.0076,59.0076,0,0,22.26,1.03,cautious,-11.69,front,LIDAR_ONLY
0,69.1436,cam_6,CAM_ONLY,31.8913,,36.9785,5.0872,,13.7572,,0,,13.45,1.11,safe,,,CAMERA_ONLY
0,69.1436,t1192,LIDAR_ONLY,12.8610,12.8610,36.9785,24.1175,24.1175,65.2204,65.2204,0,0,13.45,1.11,cautious,-18.58,front,LIDAR_ONLY
0,69.1436,t1192,LIDAR_ONLY,11.4374,11.4374,36.9785,25.5412,25.5412,69.0703,69.0703,0,0,13.45,1.11,cautious,-26.95,front,LIDAR_ONLY
0,69.2062,cam_6,CAM_ONLY,31.7868,,37.0565,5.2697,,14.2207,,0,,14.15,0.90,safe,,,CAMERA_ONLY
0,69.2664,cam_6,CAM_ONLY,31.6304,,37.1408,5.5104,,14.8365,,0,,12.29,1.11,safe,,,CAMERA_ONLY
0,69.3228,cam_6,CAM_ONLY,31.8854,,37.2228,5.3373,,14.3389,,0,,17.26,0.93,safe,,,CAMERA_ONLY
0,69.3885,cam_6,CAM_ONLY,31.7756,,37.3286,5.5529,,14.8758,,0,,14.44,1.34,safe,,,CAMERA_ONLY
0,69.3885,t1201,LIDAR_ONLY,13.1791,13.1791,37.3286,24.1495,24.1495,64.6944,64.6944,0,0,14.44,1.34,cautious,-18.22,front,LIDAR_ONLY
0,69.3885,t1201,LIDAR_ONLY,11.4941,11.4941,37.3286,25.8344,25.8344,69.2083,69.2083,0,0,14.44,1.34,cautious,-26.36,front,LIDAR_ONLY
0,69.4503,cam_6,CAM_ONLY,32.5269,,37.4328,4.9059,,13.1060,,0,,17.35,2.22,safe,,,CAMERA_ONLY
0,69.4503,t1201,LIDAR_ONLY,11.6477,11.6477,37.4328,25.7851,25.7851,68.8837,68.8837,0,0,17.35,2.22,cautious,-18.81,front,LIDAR_ONLY
0,69.4503,t1201,LIDAR_ONLY,11.4908,11.4908,37.4328,25.9420,25.9420,69.3027,69.3027,0,0,17.35,2.22,cautious,-26.97,front,LIDAR_ONLY
0,69.8475,t1216,LIDAR_ONLY,10.0403,10.0403,38.2267,28.1864,28.1864,73.7348,73.7348,0,0,14.25,0.88,slow,-28.23,front,LIDAR_ONLY
0,70.2001,t1229,LIDAR_ONLY,15.4960,15.4960,39.0181,23.5221,23.5221,60.2852,60.2852,0,0,13.93,0.85,cautious,-16.45,front,LIDAR_ONLY
0,70.2001,t1229,LIDAR_ONLY,14.3360,14.3360,39.0181,24.6821,24.6821,63.2581,63.2581,0,0,13.93,0.85,cautious,-20.58,front,LIDAR_ONLY
0,70.9455,t1252,LIDAR_ONLY,20.6051,20.6051,40.0568,19.4517,19.4517,48.5602,48.5602,0,0,15.60,1.10,drive,-9.11,front,LIDAR_ONLY
0,71.1515,t1252,LIDAR_ONLY,20.2648,20.2648,40.1437,19.8789,19.8789,49.5194,49.5194,0,0,18.86,0.89,drive,-10.50,front,LIDAR_ONLY
0,71.4005,t1263,LIDAR_ONLY,15.0107,15.0107,40.1579,25.1472,25.1472,62.6208,62.6208,0,0,19.12,0.78,cautious,-17.18,front,LIDAR_ONLY
0,71.6919,t1272,LIDAR_ONLY,10.4477,10.4477,40.2090,29.7613,29.7613,74.0165,74.0165,0,0,11.65,1.24,slow,-29.28,front,LIDAR_ONLY
0,71.9971,t1285,LIDAR_ONLY,12.5696,12.5696,40.3994,27.8298,27.8298,68.8868,68.8868,0,0,17.39,0.93,slow,-22.39,front,LIDAR_ONLY
0,71.9971,t1285,LIDAR_ONLY,13.1155,13.1155,40.3994,27.2839,27.2839,67.5353,67.5353,0,0,17.39,0.93,slow,-14.14,front,LIDAR_ONLY
0,72.2953,cam_7,CAM_ONLY,36.3939,,40.5467,4.1528,,10.2420,,0,,14.92,1.13,slowdown,,,CAMERA_ONLY
0,72.2953,t1300,LIDAR_ONLY,12.8189,12.8189,40.5467,27.7277,27.7277,68.3848,68.3848,0,0,14.92,1.13,slow,-21.83,front,LIDAR_ONLY
0,72.3578,cam_7,CAM_ONLY,37.2485,,40.5642,3.3157,,8.1738,,0,,14.65,1.15,slowdown,,,CAMERA_ONLY
0,72.4176,cam_7,CAM_ONLY,37.2919,,40.5820,3.2901,,8.1074,,0,,13.55,1.57,slowdown,,,CAMERA_ONLY
0,72.4809,cam_7,CAM_ONLY,37.3326,,40.6019,3.2693,,8.0521,,0,,17.75,1.16,slowdown,,,CAMERA_ONLY
0,72.6309,t1314,LIDAR_ONLY,14.2338,14.2338,40.6557,26.4218,26.4218,64.9893,64.9893,0,0,11.43,30.32,slow,-19.15,front,LIDAR_ONLY
0,72.7040,t1315,LIDAR_ONLY,36.2435,36.2435,40.6777,4.4342,4.4342,10.9009,10.9009,0,0,20.61,0.84,drive,-1.09,front,LIDAR_ONLY
0,72.7700,cam_7,CAM_ONLY,38.0512,,40.7008,2.6496,,6.5099,,0,,20.28,2.10,safe,,,CAMERA_ONLY
0,72.8386,cam_7,CAM_ONLY,38.4275,,40.7212,2.2937,,5.6326,,0,,15.17,1.33,safe,,,CAMERA_ONLY
0,72.8966,cam_7,CAM_ONLY,37.5335,,40.7426,3.2090,,7.8763,,0,,13.06,1.41,slowdown,,,CAMERA_ONLY
0,72.8966,t1325,LIDAR_ONLY,14.3117,14.3117,40.7426,26.4308,26.4308,64.8728,64.8728,0,0,13.06,1.41,slow,-19.53,front,LIDAR_ONLY
0,72.8966,t1325,LIDAR_ONLY,12.3823,12.3823,40.7426,28.3602,28.3602,69.6083,69.6083,0,0,13.06,1.41,slow,-27.58,front,LIDAR_ONLY
0,72.9685,cam_7,CAM_ONLY,37.4794,,40.7731,3.2937,,8.0782,,0,,16.13,1.29,slowdown,,,CAMERA_ONLY
0,73.0234,cam_7,CAM_ONLY,38.9522,,40.7958,1.8436,,4.5191,,0,,14.04,0.86,safe,,,CAMERA_ONLY
0,73.0797,cam_7,CAM_ONLY,39.0000,,40.8321,1.8321,,4.4869,,0,,9.56,0.97,safe,,,CAMERA_ONLY
0,73.1425,t1333,LIDAR_ONLY,15.8641,15.8641,40.8719,25.0077,25.0077,61.1857,61.1857,0,0,14.36,1.10,cautious,-17.09,front,LIDAR_ONLY
0,73.1425,t1334,LIDAR_ONLY,10.3652,10.3652,40.8719,30.5067,30.5067,74.6398,74.6398,0,0,14.36,1.10,slow,-29.66,front,LIDAR_ONLY
0,73.1425,t1333,LIDAR_ONLY,14.6172,14.6172,40.8719,26.2547,26.2547,64.2366,64.2366,0,0,14.36,1.10,cautious,-21.28,front,LIDAR_ONLY
0,73.4487,t1345,LIDAR_ONLY,32.6959,32.6959,41.1237,8.4278,8.4278,20.4937,20.4937,0,0,19.38,0.80,drive,-3.01,front,LIDAR_ONLY
0,73.7023,t1355,LIDAR_ONLY,43.1317,43.1317,41.2567,1.8750,1.8750,4.5447,4.5447,0,0,12.70,0.81,drive,29.41,front,LIDAR_ONLY
0,73.7023,t1356,LIDAR_ONLY,16.2241,16.2241,41.2567,25.0326,25.0326,60.6753,60.6753,0,0,12.70,0.81,cautious,-17.12,front,LIDAR_ONLY
0,73.9338,cam_8,CAM_ONLY,38.6010,,41.3106,2.7095,,6.5590,,0,,10.26,1.47,safe,,,CAMERA_ONLY
0,73.9917,cam_8,CAM_ONLY,37.3169,,41.3217,4.0048,,9.6916,,0,,14.44,1.24,slowdown,,,CAMERA_ONLY
0,74.0590,cam_8,CAM_ONLY,37.0612,,41.3315,4.2703,,10.3318,,0,,21.99,3.10,slowdown,,,CAMERA_ONLY
0,74.1199,cam_8,CAM_ONLY,37.0570,,41.3373,4.2803,,10.3546,,0,,11.01,1.07,slowdown,,,CAMERA_ONLY
0,74.1748,cam_8,CAM_ONLY,37.9445,,41.3407,3.3962,,8.2151,,0,,13.72,0.88,slowdown,,,CAMERA_ONLY
0,74.2530,cam_8,CAM_ONLY,36.1195,,41.2966,5.1771,,12.5364,,0,,12.96,0.87,slowdown,,,CAMERA_ONLY
0,74.2530,t1375,LIDAR_ONLY,11.9182,11.9182,41.2966,29.3784,29.3784,71.1400,71.1400,0,0,12.96,0.87,slow,-25.55,front,LIDAR_ONLY
0,74.3175,cam_8,CAM_ONLY,36.1271,,41.1728,5.0457,,12.2549,,0,,15.14,1.10,slowdown,,,CAMERA_ONLY
0,74.4421,cam_8,CAM_ONLY,35.8860,,40.8093,4.9232,,12.0640,,0,,17.10,1.11,slowdown,,,CAMERA_ONLY
0,74.4421,t1375,LIDAR_ONLY,12.2046,12.2046,40.8093,28.6046,28.6046,70.0935,70.0935,0,0,17.10,1.11,slow,-20.88,front,LIDAR_ONLY
0,74.8689,cam_9,CAM_ONLY,37.0326,,39.6781,2.6455,,6.6675,,0,,17.67,1.02,safe,,,CAMERA_ONLY
0,74.9390,cam_9,CAM_ONLY,36.8167,,39.5253,2.7086,,6.8529,,0,,20.23,2.25,safe,,,CAMERA_ONLY
0,75.0024,cam_9,CAM_ONLY,36.2033,,39.3913,3.1880,,8.0931,,0,,16.04,0.70,safe,,,CAMERA_ONLY
0,75.0654,cam_9,CAM_ONLY,35.9184,,39.2429,3.3245,,8.4715,,0,,13.39,1.73,safe,,,CAMERA_ONLY
0,75.1247,cam_9,CAM_ONLY,35.6831,,39.1091,3.4259,,8.7599,,0,,14.65,1.00,slowdown,,,CAMERA_ONLY
0,75.1820,cam_9,CAM_ONLY,35.5131,,38.9962,3.4831,,8.9320,,0,,14.76,1.32,slowdown,,,CAMERA_ONLY
0,75.2397,cam_9,CAM_ONLY,35.1986,,38.8585,3.6599,,9.4186,,0,,11.73,1.27,slowdown,,,CAMERA_ONLY
0,75.2991,cam_9,CAM_ONLY,35.2363,,38.7396,3.5033,,9.0433,,0,,12.75,1.05,slowdown,,,CAMERA_ONLY
0,75.2991,t1414,LIDAR_ONLY,12.7358,12.7358,38.7396,26.0039,26.0039,67.1247,67.1247,0,0,12.75,1.05,slow,-22.87,front,LIDAR_ONLY
0,75.2991,t1414,LIDAR_ONLY,12.0313,12.0313,38.7396,26.7083,26.7083,68.9431,68.9431,0,0,12.75,1.05,slow,-26.92,front,LIDAR_ONLY
0,75.3595,cam_9,CAM_ONLY,35.4257,,38.5963,3.1706,,8.2148,,0,,12.45,1.36,slowdown,,,CAMERA_ONLY
0,75.4193,cam_9,CAM_ONLY,34.4129,,38.4709,4.0580,,10.5482,,0,,14.37,2.75,slowdown,,,CAMERA_ONLY
0,75.4863,cam_9,CAM_ONLY,34.8258,,38.3151,3.4893,,9.1070,,0,,16.93,1.05,slowdown,,,CAMERA_ONLY
0,75.5414,cam_9,CAM_ONLY,34.3479,,38.2053,3.8574,,10.0965,,0,,10.25,1.05,slowdown,,,CAMERA_ONLY
0,75.6040,cam_9,CAM_ONLY,35.1497,,38.0764,2.9266,,7.6863,,0,,15.89,0.82,slowdown,,,CAMERA_ONLY
0,75.6565,cam_9,CAM_ONLY,35.4927,,37.9557,2.4631,,6.4893,,0,,9.19,1.23,slowdown,,,CAMERA_ONLY
0,75.7989,t1435,LIDAR_ONLY,13.1827,13.1827,37.6569,24.4742,24.4742,64.9926,64.9926,0,0,21.57,1.72,slow,-21.76,front,LIDAR_ONLY
0,76.3089,cam_10,CAM_ONLY,33.7411,,36.7275,2.9864,,8.1313,,0,,17.17,1.17,slowdown,,,CAMERA_ONLY
0,76.3710,cam_10,CAM_ONLY,33.8349,,36.6182,2.7833,,7.6009,,0,,18.38,0.86,slowdown,,,CAMERA_ONLY
0,76.4360,cam_10,CAM_ONLY,33.6136,,36.5205,2.9070,,7.9598,,0,,16.75,1.26,slowdown,,,CAMERA_ONLY
0,76.5069,cam_10,CAM_ONLY,33.3747,,36.4147,3.0400,,8.3483,,0,,16.32,1.42,slowdown,,,CAMERA_ONLY
0,76.5627,cam_10,CAM_ONLY,33.1434,,36.3457,3.2023,,8.8107,,0,,10.31,1.29,slowdown,,,CAMERA_ONLY
0,76.6220,cam_10,CAM_ONLY,32.9419,,36.2823,3.3404,,9.2066,,0,,15.69,0.95,slowdown,,,CAMERA_ONLY
0,76.6824,cam_10,CAM_ONLY,32.4470,,36.2137,3.7667,,10.4014,,0,,13.35,1.23,safe,,,CAMERA_ONLY
0,76.7472,cam_10,CAM_ONLY,32.7868,,36.1484,3.3616,,9.2996,,0,,14.08,1.03,safe,,,CAMERA_ONLY
0,76.7472,t1461,LIDAR_ONLY,10.6114,10.6114,36.1484,25.5371,25.5371,70.6450,70.6450,0,0,14.08,1.03,slow,-28.58,front,LIDAR_ONLY
0,76.8067,t1464,BOTH,33.0866,49.7334,36.0923,3.0057,13.6410,8.3279,37.7948,0,0,10.85,0.79,safe,,,FULL_ANGLE
0,76.8067,t1465,LIDAR_ONLY,15.7011,15.7011,36.0923,20.3912,20.3912,56.4974,56.4974,0,0,10.85,0.79,cautious,-16.84,front,LIDAR_ONLY
0,76.8674,cam_10,CAM_ONLY,33.3879,,36.0364,2.6485,,7.3495,,0,,13.44,1.24,safe,,,CAMERA_ONLY
0,76.9391,cam_10,CAM_ONLY,33.0502,,35.9751,2.9249,,8.1303,,0,,21.93,1.23,safe,,,CAMERA_ONLY
0,76.9983,cam_10,CAM_ONLY,31.9221,,35.9302,4.0081,,11.1553,,0,,12.83,0.98,safe,,,CAMERA_ONLY
0,76.9983,t1465,LIDAR_ONLY,15.7813,15.7813,35.9302,20.1489,20.1489,56.0779,56.0779,0,0,12.83,0.98,cautious,-16.25,front,LIDAR_ONLY
0,76.9983,t1465,LIDAR_ONLY,14.5939,14.5939,35.9302,21.3363,21.3363,59.3826,59.3826,0,0,12.83,0.98,cautious,-24.51,front,LIDAR_ONLY
0,77.0546,cam_10,CAM_ONLY,31.1132,,35.8759,4.7628,,13.2756,,0,,11.52,0.92,slowdown,,,CAMERA_ONLY
0,77.1099,cam_10,CAM_ONLY,30.4937,,35.8188,5.3251,,14.8667,,0,,10.41,0.99,slowdown,,,CAMERA_ONLY
0,77.1682,cam_10,CAM_ONLY,30.4380,,35.7526,5.3146,,14.8649,,0,,14.51,1.18,slowdown,,,CAMERA_ONLY
0,77.2407,cam_10,CAM_ONLY,30.8222,,35.6735,4.8513,,13.5992,,0,,20.78,1.31,slowdown,,,CAMERA_ONLY
0,77.2952,cam_10,CAM_ONLY,30.8032,,35.6097,4.8065,,13.4978,,0,,11.31,0.83,slowdown,,,CAMERA_ONLY
0,77.2952,t1482,LIDAR_ONLY,16.4428,16.4428,35.6097,19.1669,19.1669,53.8250,53.8250,0,0,11.31,0.83,cautious,-17.23,front,LIDAR_ONLY
0,77.2952,t1482,LIDAR_ONLY,14.9981,14.9981,35.6097,20.6116,20.6116,57.8820,57.8820,0,0,11.31,0.83,cautious,-21.29,front,LIDAR_ONLY
0,77.3513,cam_10,CAM_ONLY,30.6807,,35.5522,4.8715,,13.7024,,0,,13.59,0.85,slowdown,,,CAMERA_ONLY
0,77.4126,cam_10,CAM_ONLY,30.6991,,35.4781,4.7790,,13.4703,,0,,11.95,1.28,slowdown,,,CAMERA_ONLY
0,77.4853,cam_10,CAM_ONLY,30.3761,,35.3857,5.0096,,14.1571,,0,,20.28,1.18,slowdown,,,CAMERA_ONLY
0,77.5464,cam_10,CAM_ONLY,30.2513,,35.3113,5.0599,,14.3295,,0,,12.15,1.37,slowdown,,,CAMERA_ONLY
0,77.5464,t1493,LIDAR_ONLY,13.9889,13.9889,35.3113,21.3223,21.3223,60.3839,60.3839,0,0,12.15,1.37,cautious,-20.44,front,LIDAR_ONLY
0,77.6080,cam_10,CAM_ONLY,30.2359,,35.2382,5.0023,,14.1957,,0,,11.07,1.08,slowdown,,,CAMERA_ONLY
0,77.6623,cam_10,CAM_ONLY,30.1191,,35.1802,5.0611,,14.3863,,0,,9.00,1.27,slowdown,,,CAMERA_ONLY
0,77.7188,cam_10,CAM_ONLY,29.7053,,35.1146,5.4093,,15.4048,,0,,10.88,1.21,slowdown,,,CAMERA_ONLY
0,77.7859,cam_10,CAM_ONLY,29.6432,,35.0275,5.3843,,15.3716,,0,,14.93,2.69,slowdown,,,CAMERA_ONLY
0,77.8502,cam_10,CAM_ONLY,29.7678,,34.9523,5.1845,,14.8330,,0,,12.27,0.79,slowdown,,,CAMERA_ONLY
0,77.8502,t1500,LIDAR_ONLY,14.5982,14.5982,34.9523,20.3541,20.3541,58.2339,58.2339,0,0,12.27,0.79,cautious,-19.50,front,LIDAR_ONLY
0,77.9244,cam_10,CAM_ONLY,29.9822,,34.8551,4.8729,,13.9805,,0,,23.94,1.06,slowdown,,,CAMERA_ONLY
0,78.0007,cam_10,CAM_ONLY,30.4731,,34.7526,4.2795,,12.3141,,0,,20.06,0.94,slowdown,,,CAMERA_ONLY
0,78.0007,t1500,LIDAR_ONLY,14.6407,14.6407,34.7526,20.1119,20.1119,57.8717,57.8717,0,0,20.06,0.94,cautious,-18.59,front,LIDAR_ONLY
0,78.0007,t1500,LIDAR_ONLY,13.8690,13.8690,34.7526,20.8836,20.8836,60.0922,60.0922,0,0,20.06,0.94,cautious,-26.87,front,LIDAR_ONLY
0,78.0583,cam_10,CAM_ONLY,30.2851,,34.6898,4.4047,,12.6974,,0,,14.92,1.26,slowdown,,,CAMERA_ONLY
0,78.1257,cam_10,CAM_ONLY,29.9776,,34.6098,4.6321,,13.3839,,0,,9.56,0.83,slowdown,,,CAMERA_ONLY
0,78.1910,cam_10,CAM_ONLY,29.8278,,34.5354,4.7075,,13.6310,,0,,19.45,2.15,slowdown,,,CAMERA_ONLY
0,78.2490,cam_10,CAM_ONLY,29.8528,,34.4717,4.6189,,13.3992,,0,,15.57,1.10,slowdown,,,CAMERA_ONLY
0,78.2490,t1510,LIDAR_ONLY,15.7735,15.7735,34.4717,18.6982,18.6982,54.2422,54.2422,0,0,15.57,1.10,cautious,-17.04,front,LIDAR_ONLY
0,78.2490,t1510,LIDAR_ONLY,13.8757,13.8757,34.4717,20.5961,20.5961,59.7477,59.7477,0,0,15.57,1.10,cautious,-25.22,front,LIDAR_ONLY
0,78.3039,cam_10,CAM_ONLY,30.0380,,34.3959,4.3579,,12.6699,,0,,9.02,0.86,slowdown,,,CAMERA_ONLY
0,78.3039,t1510,LIDAR_ONLY,13.4405,13.4405,34.3959,20.9555,20.9555,60.9243,60.9243,0,0,9.02,0.86,cautious,-23.24,front,LIDAR_ONLY
0,78.3039,t1510,LIDAR_ONLY,13.0046,13.0046,34.3959,21.3913,21.3913,62.1915,62.1915,0,0,9.02,0.86,slow,-27.35,front,LIDAR_ONLY
0,78.3668,cam_10,CAM_ONLY,30.2359,,34.3306,4.0947,,11.9274,,0,,15.25,1.25,slowdown,,,CAMERA_ONLY
0,78.4267,cam_10,CAM_ONLY,30.2186,,34.2623,4.0437,,11.8023,,0,,15.12,0.89,slowdown,,,CAMERA_ONLY
0,78.4903,cam_10,CAM_ONLY,30.2150,,34.1926,3.9777,,11.6331,,0,,15.92,1.16,slowdown,,,CAMERA_ONLY
0,78.5460,cam_10,CAM_ONLY,30.0493,,34.1337,4.0843,,11.9657,,0,,10.34,1.07,slowdown,,,CAMERA_ONLY
0,78.6081,cam_10,CAM_ONLY,29.8476,,34.0549,4.2073,,12.3544,,0,,13.16,1.65,slowdown,,,CAMERA_ONLY
0,78.6711,cam_10,CAM_ONLY,30.1072,,33.9857,3.8785,,11.4122,,0,,16.93,1.34,slowdown,,,CAMERA_ONLY
0,78.7323,cam_10,CAM_ONLY,29.9264,,33.9292,4.0028,,11.7976,,0,,12.75,1.15,slowdown,,,CAMERA_ONLY
0,78.8063,cam_10,CAM_ONLY,29.3167,,33.8477,4.5309,,13.3863,,0,,14.63,1.08,warning,,,CAMERA_ONLY
0,78.8721,cam_10,CAM_ONLY,29.0740,,33.7724,4.6985,,13.9121,,0,,15.53,1.08,warning,,,CAMERA_ONLY
0,78.9251,cam_10,CAM_ONLY,29.0424,,33.7169,4.6745,,13.8639,,0,,13.44,0.87,warning,,,CAMERA_ONLY
0,78.9836,cam_10,CAM_ONLY,28.6908,,33.6562,4.9654,,14.7534,,0,,12.83,1.11,warning,,,CAMERA_ONLY
0,79.0393,cam_10,CAM_ONLY,28.4054,,33.6103,5.2049,,15.4861,,0,,11.52,1.01,warning,,,CAMERA_ONLY
0,79.1018,cam_10,CAM_ONLY,28.2995,,33.5666,5.2671,,15.6915,,0,,12.82,0.89,warning,,,CAMERA_ONLY
0,79.1018,t1533,LIDAR_ONLY,13.1764,13.1764,33.5666,20.3902,20.3902,60.7454,60.7454,0,0,12.82,0.89,cautious,-22.24,front,LIDAR_ONLY
0,79.1775,cam_10,CAM_ONLY,28.2978,,33.5188,5.2210,,15.5762,,0,,21.25,0.85,slowdown,,,CAMERA_ONLY
0,79.2357,cam_10,CAM_ONLY,28.6917,,33.4951,4.8034,,14.3407,,0,,14.02,1.05,slowdown,,,CAMERA_ONLY
0,79.3141,cam_10,CAM_ONLY,28.6658,,33.4636,4.7978,,14.3373,,0,,18.60,1.48,slowdown,,,CAMERA_ONLY
0,79.3735,cam_10,CAM_ONLY,28.4738,,33.4402,4.9663,,14.8513,,0,,14.42,1.13,slowdown,,,CAMERA_ONLY
0,79.4366,cam_10,CAM_ONLY,28.3200,,33.4189,5.0989,,15.2576,,0,,14.05,1.23,slowdown,,,CAMERA_ONLY
0,79.4883,cam_10,CAM_ONLY,29.1488,,33.4048,4.2560,,12.7408,,0,,9.42,0.94,slowdown,,,CAMERA_ONLY
0,79.5509,cam_10,CAM_ONLY,29.2039,,33.3844,4.1805,,12.5224,,0,,10.84,1.16,slowdown,,,CAMERA_ONLY
0,79.5509,t1543,LIDAR_ONLY,13.8264,13.8264,33.3844,19.5579,19.5579,58.5841,58.5841,0,0,10.84,1.16,cautious,-20.18,front,LIDAR_ONLY
0,79.5509,t1543,LIDAR_ONLY,12.3879,12.3879,33.3844,20.9964,20.9964,62.8930,62.8930,0,0,10.84,1.16,slow,-28.25,front,LIDAR_ONLY
0,79.6138,cam_10,CAM_ONLY,29.2536,,33.3657,4.1120,,12.3241,,0,,17.79,1.48,slowdown,,,CAMERA_ONLY
0,79.6715,cam_10,CAM_ONLY,28.5644,,33.3504,4.7860,,14.3507,,0,,13.25,0.98,slowdown,,,CAMERA_ONLY
0,79.7467,cam_10,CAM_ONLY,27.8504,,33.3337,5.4832,,16.4495,,0,,21.47,0.95,slowdown,,,CAMERA_ONLY
0,79.8029,cam_10,CAM_ONLY,27.7986,,33.3229,5.5243,,16.5782,,0,,10.20,0.81,slowdown,,,CAMERA_ONLY
0,79.8029,t1551,LIDAR_ONLY,13.1990,13.1990,33.3229,20.1240,20.1240,60.3908,60.3908,0,0,10.20,0.81,cautious,-21.74,front,LIDAR_ONLY
0,79.8646,cam_10,CAM_ONLY,27.7790,,33.3095,5.5305,,16.6034,,0,,13.42,1.24,slowdown,,,CAMERA_ONLY
0,79.9261,cam_10,CAM_ONLY,27.6862,,33.2969,5.6107,,16.8504,,0,,13.69,0.84,warning,,,CAMERA_ONLY
0,79.9918,cam_10,CAM_ONLY,27.7955,,33.2833,5.4877,,16.4880,,0,,17.98,1.25,slowdown,,,CAMERA_ONLY
0,80.0615,cam_10,CAM_ONLY,27.8799,,33.2724,5.3924,,16.2069,,0,,14.78,1.44,slowdown,,,CAMERA_ONLY
0,80.1257,cam_10,CAM_ONLY,27.9033,,33.2645,5.3612,,16.1169,,0,,13.18,0.84,slowdown,,,CAMERA_ONLY
0,80.1887,cam_10,CAM_ONLY,27.7508,,33.2565,5.5057,,16.5552,,0,,11.67,1.07,slowdown,,,CAMERA_ONLY
0,80.2468,cam_10,CAM_ONLY,27.8759,,33.2487,5.3728,,16.1595,,0,,12.74,1.08,slowdown,,,CAMERA_ONLY
0,80.3191,cam_10,CAM_ONLY,27.8693,,33.2385,5.3692,,16.1536,,0,,16.77,1.48,slowdown,,,CAMERA_ONLY
0,80.3786,cam_10,CAM_ONLY,28.3381,,33.2291,4.8910,,14.7191,,0,,12.97,1.26,slowdown,,,CAMERA_ONLY
0,80.4389,cam_10,CAM_ONLY,28.6189,,33.2194,4.6005,,13.8489,,0,,12.12,1.01,slowdown,,,CAMERA_ONLY
0,80.4943,cam_10,CAM_ONLY,28.9854,,33.2090,4.2235,,12.7181,,0,,9.94,1.14,slowdown,,,CAMERA_ONLY
0,80.5496,cam_10,CAM_ONLY,29.0628,,33.1985,4.1358,,12.4577,,0,,12.18,0.97,slowdown,,,CAMERA_ONLY
0,80.5496,t1579,LIDAR_ONLY,14.7266,14.7266,33.1985,18.4719,18.4719,55.6408,55.6408,0,0,12.18,0.97,cautious,-18.46,front,LIDAR_ONLY
0,80.5496,t1579,LIDAR_ONLY,12.9921,12.9921,33.1985,20.2064,20.2064,60.8655,60.8655,0,0,12.18,0.97,cautious,-26.71,front,LIDAR_ONLY
0,80.6119,cam_10,CAM_ONLY,28.8285,,33.1843,4.3558,,13.1262,,0,,12.39,1.35,slowdown,,,CAMERA_ONLY
0,80.6664,cam_10,CAM_ONLY,29.2332,,33.1740,3.9408,,11.8792,,0,,9.10,1.30,slowdown,,,CAMERA_ONLY
0,80.7232,cam_10,CAM_ONLY,29.2454,,33.1607,3.9154,,11.8072,,0,,11.53,0.93,slowdown,,,CAMERA_ONLY
0,80.7804,cam_10,CAM_ONLY,29.0450,,33.1468,4.1017,,12.3745,,0,,11.48,1.15,slowdown,,,CAMERA_ONLY
0,80.8494,cam_10,CAM_ONLY,29.2014,,33.1285,3.9271,,11.8542,,0,,19.09,0.84,slowdown,,,CAMERA_ONLY
0,80.8494,t1591,LIDAR_ONLY,12.8728,12.8728,33.1285,20.2557,20.2557,61.1427,61.1427,0,0,19.09,0.84,cautious,-22.31,front,LIDAR_ONLY
0,80.9098,cam_10,CAM_ONLY,28.8215,,33.1122,4.2907,,12.9580,,0,,14.02,1.30,slowdown,,,CAMERA_ONLY
0,80.9726,cam_10,CAM_ONLY,29.3044,,33.0921,3.7877,,11.4459,,0,,16.17,1.11,slowdown,,,CAMERA_ONLY
0,81.0279,cam_10,CAM_ONLY,29.4897,,33.0773,3.5876,,10.8462,,0,,11.42,1.07,slowdown,,,CAMERA_ONLY
0,81.0852,cam_10,CAM_ONLY,29.4035,,33.0581,3.6546,,11.0551,,0,,12.40,1.33,slowdown,,,CAMERA_ONLY
0,81.1500,t1600,BOTH,29.2733,35.7800,33.0388,3.7656,2.7412,11.3974,8.2968,0,0,12.03,1.01,slowdown,,,FULL_ANGLE
0,81.1500,t1600,LIDAR_ONLY,30.7784,30.7784,33.0388,2.2604,2.2604,6.8417,6.8417,0,0,12.03,1.01,drive,-10.10,front,LIDAR_ONLY
0,81.1500,t1600,LIDAR_ONLY,26.6744,26.6744,33.0388,6.3644,6.3644,19.2633,19.2633,0,0,12.03,1.01,drive,-18.45,front,LIDAR_ONLY
0,81.1500,t1600,LIDAR_ONLY,23.4522,23.4522,33.0388,9.5866,9.5866,29.0162,29.0162,0,0,12.03,1.01,drive,-26.80,front,LIDAR_ONLY
0,81.2140,cam_10,CAM_ONLY,29.3355,,33.0143,3.6788,,11.1429,,0,,14.99,1.42,slowdown,,,CAMERA_ONLY
0,81.2685,cam_10,CAM_ONLY,29.6764,,32.9981,3.3217,,10.0664,,0,,11.22,1.13,slowdown,,,CAMERA_ONLY
0,81.3270,cam_10,CAM_ONLY,29.7692,,32.9754,3.2062,,9.7229,,0,,14.49,1.17,slowdown,,,CAMERA_ONLY
0,81.3821,cam_10,CAM_ONLY,29.6449,,32.9536,3.3087,,10.0404,,0,,13.14,1.22,slowdown,,,CAMERA_ONLY
0,81.4440,cam_10,CAM_ONLY,29.6937,,32.9323,3.2386,,9.8341,,0,,17.35,1.30,slowdown,,,CAMERA_ONLY
0,81.4440,t1614,LIDAR_ONLY,10.3811,10.3811,32.9323,22.5512,22.5512,68.4776,68.4776,0,0,17.35,1.30,slow,-29.80,front,LIDAR_ONLY
0,81.5076,cam_10,CAM_ONLY,30.0504,,32.9056,2.8551,,8.6768,,0,,12.74,1.21,slowdown,,,CAMERA_ONLY
0,81.5692,cam_10,CAM_ONLY,29.7798,,32.8869,3.1071,,9.4478,,0,,13.21,1.26,slowdown,,,CAMERA_ONLY
0,81.6299,cam_10,CAM_ONLY,29.4858,,32.8669,3.3812,,10.2874,,0,,10.58,1.08,slowdown,,,CAMERA_ONLY
0,81.6870,cam_10,CAM_ONLY,29.8909,,32.8487,2.9578,,9.0044,,0,,14.93,1.31,slowdown,,,CAMERA_ONLY
0,81.7378,cam_10,CAM_ONLY,29.8385,,32.8344,2.9960,,9.1245,,0,,10.74,1.22,slowdown,,,CAMERA_ONLY
0,81.8096,cam_10,CAM_ONLY,30.1480,,32.8126,2.6646,,8.1207,,0,,14.52,0.86,slowdown,,,CAMERA_ONLY
0,81.8671,cam_10,CAM_ONLY,30.4862,,32.7917,2.3055,,7.0308,,0,,15.34,1.38,slowdown,,,CAMERA_ONLY
0,81.9297,cam_10,CAM_ONLY,30.7132,,32.7692,2.0560,,6.2742,,0,,11.59,1.02,slowdown,,,CAMERA_ONLY
0,81.9866,cam_10,CAM_ONLY,30.4795,,32.7457,2.2662,,6.9206,,0,,11.50,1.23,slowdown,,,CAMERA_ONLY
0,82.0574,cam_10,CAM_ONLY,30.3497,,32.7186,2.3690,,7.2404,,0,,14.10,0.93,slowdown,,,CAMERA_ONLY
0,82.1130,cam_10,CAM_ONLY,30.2245,,32.6983,2.4738,,7.5654,,0,,12.10,1.13,slowdown,,,CAMERA_ONLY
0,82.1130,t1639,LIDAR_ONLY,12.0503,12.0503,32.6983,20.6481,20.6481,63.1472,63.1472,0,0,12.10,1.13,slow,-24.13,front,LIDAR_ONLY
0,82.1759,cam_10,CAM_ONLY,30.1909,,32.6725,2.4816,,7.5954,,0,,18.56,1.01,slowdown,,,CAMERA_ONLY
0,82.2228,cam_10,CAM_ONLY,30.1517,,32.6590,2.5073,,7.6773,,0,,9.83,1.17,slowdown,,,CAMERA_ONLY
0,82.2836,cam_10,CAM_ONLY,30.4607,,32.6382,2.1775,,6.6717,,0,,10.91,1.09,slowdown,,,CAMERA_ONLY
0,82.3469,cam_10,CAM_ONLY,29.9919,,32.6181,2.6263,,8.0515,,0,,15.40,1.19,slowdown,,,CAMERA_ONLY
0,82.3993,cam_10,CAM_ONLY,30.0574,,32.6002,2.5428,,7.7999,,0,,11.11,0.78,slowdown,,,CAMERA_ONLY
0,82.3993,t1648,LIDAR_ONLY,10.3972,10.3972,32.6002,22.2030,22.2030,68.1070,68.1070,0,0,11.11,0.78,slow,-29.79,front,LIDAR_ONLY
0,82.4499,cam_10,CAM_ONLY,30.5322,,32.5815,2.0492,,6.2896,,0,,8.78,0.91,slowdown,,,CAMERA_ONLY
0,82.5034,cam_10,CAM_ONLY,30.7651,,32.5677,1.8026,,5.5351,,0,,10.36,0.84,slowdown,,,CAMERA_ONLY
0,82.5034,t1649,LIDAR_ONLY,15.6330,15.6330,32.5677,16.9347,16.9347,51.9985,51.9985,0,0,10.36,0.84,cautious,-16.84,front,LIDAR_ONLY
0,82.5034,t1649,LIDAR_ONLY,14.6200,14.6200,32.5677,17.9477,17.9477,55.1089,55.1089,0,0,10.36,0.84,cautious,-20.91,front,LIDAR_ONLY
0,82.5543,cam_10,CAM_ONLY,30.5328,,32.5531,2.0203,,6.2061,,0,,9.68,0.87,slowdown,,,CAMERA_ONLY
0,82.6136,cam_10,CAM_ONLY,30.7792,,32.5352,1.7561,,5.3974,,0,,11.18,1.51,slowdown,,,CAMERA_ONLY
0,82.6671,cam_10,CAM_ONLY,30.6766,,32.5209,1.8443,,5.6711,,0,,11.09,1.20,slowdown,,,CAMERA_ONLY
0,82.7362,cam_10,CAM_ONLY,30.4678,,32.5001,2.0323,,6.2532,,0,,15.26,1.07,slowdown,,,CAMERA_ONLY
0,82.8050,cam_10,CAM_ONLY,30.0569,,32.4773,2.4204,,7.4525,,0,,13.38,1.52,slowdown,,,CAMERA_ONLY
0,83.0025,t1663,BOTH,29.9791,30.1025,32.4089,2.4298,2.3064,7.4973,7.1167,0,0,21.78,1.39,slowdown,,,FULL_ANGLE
0,83.0598,cam_10,CAM_ONLY,29.8845,,32.3892,2.5047,,7.7330,,0,,13.47,1.32,slowdown,,,CAMERA_ONLY
0,83.1192,cam_10,CAM_ONLY,29.9176,,32.3695,2.4519,,7.5746,,0,,20.75,1.15,slowdown,,,CAMERA_ONLY
0,83.2355,cam_10,CAM_ONLY,29.4221,,32.3457,2.9235,,9.0383,,0,,11.34,1.20,slowdown,,,CAMERA_ONLY
0,83.2936,cam_10,CAM_ONLY,29.7793,,32.3376,2.5583,,7.9112,,0,,17.13,1.12,slowdown,,,CAMERA_ONLY
0,83.2936,t1670,LIDAR_ONLY,16.1756,16.1756,32.3376,16.1620,16.1620,49.9791,49.9791,0,0,17.13,1.12,cautious,-15.33,front,LIDAR_ONLY
0,83.2936,t1671,LIDAR_ONLY,10.9010,10.9010,32.3376,21.4366,21.4366,66.2901,66.2901,0,0,17.13,1.12,slow,-28.04,front,LIDAR_ONLY
0,83.3545,cam_10,CAM_ONLY,29.9923,,32.3300,2.3378,,7.2309,,0,,12.56,1.00,slowdown,,,CAMERA_ONLY
0,83.4080,cam_10,CAM_ONLY,29.7520,,32.3270,2.5750,,7.9654,,0,,12.65,0.96,slowdown,,,CAMERA_ONLY
0,83.4811,cam_10,CAM_ONLY,29.8889,,32.3273,2.4384,,7.5429,,0,,23.91,1.28,safe,,,CAMERA_ONLY
0,83.5513,cam_10,CAM_ONLY,29.7934,,32.3329,2.5395,,7.8544,,0,,13.44,0.97,safe,,,CAMERA_ONLY
0,83.5513,t1678,LIDAR_ONLY,12.7052,12.7052,32.3329,19.6277,19.6277,60.7049,60.7049,0,0,13.44,0.97,cautious,-22.08,front,LIDAR_ONLY
0,83.5513,t1678,LIDAR_ONLY,12.9719,12.9719,32.3329,19.3610,19.3610,59.8801,59.8801,0,0,13.44,0.97,cautious,-18.01,front,LIDAR_ONLY
0,83.6140,cam_10,CAM_ONLY,29.3565,,32.3400,2.9835,,9.2254,,0,,14.77,1.29,slowdown,,,CAMERA_ONLY
0,83.6789,cam_10,CAM_ONLY,29.0191,,32.3466,3.3275,,10.2871,,0,,13.80,0.95,slowdown,,,CAMERA_ONLY
0,83.7355,cam_10,CAM_ONLY,28.9527,,32.3501,3.3974,,10.5020,,0,,14.93,1.19,slowdown,,,CAMERA_ONLY
0,83.7956,cam_10,CAM_ONLY,28.4906,,32.3539,3.8633,,11.9408,,0,,11.91,1.03,slowdown,,,CAMERA_ONLY
0,83.7956,t1686,LIDAR_ONLY,11.7934,11.7934,32.3539,20.5605,20.5605,63.5487,63.5487,0,0,11.91,1.03,slow,-24.26,front,LIDAR_ONLY
0,83.8622,cam_10,CAM_ONLY,28.6387,,32.3570,3.7183,,11.4916,,0,,11.05,1.16,slowdown,,,CAMERA_ONLY
0,83.9180,cam_10,CAM_ONLY,28.3002,,32.3616,4.0614,,12.5500,,0,,9.66,1.34,slowdown,,,CAMERA_ONLY
0,83.9765,cam_10,CAM_ONLY,28.6650,,32.3676,3.7025,,11.4391,,0,,10.24,0.90,slowdown,,,CAMERA_ONLY
0,84.0399,cam_10,CAM_ONLY,28.8450,,32.3738,3.5288,,10.9003,,0,,16.52,0.99,slowdown,,,CAMERA_ONLY
0,84.1066,cam_10,CAM_ONLY,28.4605,,32.3793,3.9188,,12.1027,,0,,13.99,0.96,slowdown,,,CAMERA_ONLY
0,84.1680,cam_10,CAM_ONLY,28.2093,,32.3837,4.1744,,12.8905,,0,,15.66,3.12,slowdown,,,CAMERA_ONLY
0,84.2208,cam_10,CAM_ONLY,28.7954,,32.3878,3.5923,,11.0917,,0,,11.59,1.02,slowdown,,,CAMERA_ONLY
0,84.2839,cam_10,CAM_ONLY,28.6478,,32.3997,3.7519,,11.5800,,0,,13.79,1.27,slowdown,,,CAMERA_ONLY
0,84.3480,cam_10,CAM_ONLY,27.9996,,32.4232,4.4236,,13.6434,,0,,14.63,1.03,slowdown,,,CAMERA_ONLY
0,84.3480,t1706,LIDAR_ONLY,13.0483,13.0483,32.4232,19.3749,19.3749,59.7562,59.7562,0,0,14.63,1.03,cautious,-21.07,front,LIDAR_ONLY
0,84.4136,cam_10,CAM_ONLY,28.2387,,32.4687,4.2300,,13.0279,,0,,15.34,1.41,slowdown,,,CAMERA_ONLY
0,84.4737,cam_10,CAM_ONLY,27.8330,,32.5148,4.6818,,14.3991,,0,,13.63,0.83,slowdown,,,CAMERA_ONLY
0,84.5390,cam_10,CAM_ONLY,28.1311,,32.5833,4.4523,,13.6643,,0,,11.11,1.08,slowdown,,,CAMERA_ONLY
0,84.5947,cam_10,CAM_ONLY,27.8770,,32.6561,4.7791,,14.6347,,0,,12.10,0.95,slowdown,,,CAMERA_ONLY
0,84.5947,t1717,LIDAR_ONLY,13.2276,13.2276,32.6561,19.4285,19.4285,59.4942,59.4942,0,0,12.10,0.95,cautious,-20.80,front,LIDAR_ONLY
0,84.6528,cam_10,CAM_ONLY,28.0072,,32.7438,4.7365,,14.4654,,0,,10.65,0.82,slowdown,,,CAMERA_ONLY
0,84.6528,t1717,LIDAR_ONLY,12.0383,12.0383,32.7438,20.7055,20.7055,63.2348,63.2348,0,0,10.65,0.82,slow,-27.34,front,LIDAR_ONLY
0,84.7195,cam_10,CAM_ONLY,28.3271,,32.8529,4.5258,,13.7758,,0,,16.71,2.98,slowdown,,,CAMERA_ONLY
0,84.7923,cam_10,CAM_ONLY,29.4467,,33.0231,3.5763,,10.8298,,0,,24.48,2.44,slowdown,,,CAMERA_ONLY
0,84.8560,t1717,LIDAR_ONLY,12.2791,12.2791,33.1510,20.8720,20.8720,62.9602,62.9602,0,0,19.38,1.60,slow,-19.19,front,LIDAR_ONLY
0,84.8560,t1717,LIDAR_ONLY,12.4057,12.4057,33.1510,20.7453,20.7453,62.5782,62.5782,0,0,19.38,1.60,slow,-23.33,front,LIDAR_ONLY
0,85.0930,cam_10,CAM_ONLY,31.8929,,33.8117,1.9187,,5.6747,,0,,21.30,1.19,safe,,,CAMERA_ONLY
0,85.1554,cam_10,CAM_ONLY,32.0651,,34.0093,1.9442,,5.7166,,0,,14.71,1.18,safe,,,CAMERA_ONLY
0,85.2126,cam_10,CAM_ONLY,32.4654,,34.1869,1.7215,,5.0354,,0,,13.52,1.31,safe,,,CAMERA_ONLY
0,85.2691,cam_10,CAM_ONLY,32.2253,,34.3771,2.1517,,6.2592,,0,,9.67,1.18,safe,,,CAMERA_ONLY
0,85.3224,cam_10,CAM_ONLY,31.7924,,34.5206,2.7282,,7.9031,,0,,10.58,1.08,safe,,,CAMERA_ONLY
0,85.3842,cam_10,CAM_ONLY,31.7709,,34.7043,2.9334,,8.4526,,0,,15.25,1.12,slowdown,,,CAMERA_ONLY
0,85.4450,cam_10,CAM_ONLY,32.2223,,34.8808,2.6585,,7.6216,,0,,15.77,1.21,slowdown,,,CAMERA_ONLY
0,85.4450,t1748,LIDAR_ONLY,10.4157,10.4157,34.8808,24.4650,24.4650,70.1390,70.1390,0,0,15.77,1.21,slow,-29.19,front,LIDAR_ONLY
0,85.4450,t1748,LIDAR_ONLY,10.6344,10.6344,34.8808,24.2464,24.2464,69.5121,69.5121,0,0,15.77,1.21,slow,-24.96,front,LIDAR_ONLY
0,85.5116,cam_10,CAM_ONLY,32.3228,,35.0890,2.7661,,7.8832,,0,,19.33,1.29,slowdown,,,CAMERA_ONLY
0,85.5706,cam_10,CAM_ONLY,32.3745,,35.2540,2.8795,,8.1678,,0,,13.07,1.01,slowdown,,,CAMERA_ONLY
0,85.6293,cam_10,CAM_ONLY,32.9474,,35.4295,2.4821,,7.0056,,0,,10.92,1.02,safe,,,CAMERA_ONLY
0,85.6946,cam_10,CAM_ONLY,32.5754,,35.6390,3.0636,,8.5963,,0,,15.80,1.05,slowdown,,,CAMERA_ONLY
0,85.6946,t1756,LIDAR_ONLY,12.0820,12.0820,35.6390,23.5570,23.5570,66.0990,66.0990,0,0,15.80,1.05,slow,-23.85,front,LIDAR_ONLY
0,85.7624,cam_10,CAM_ONLY,32.2629,,35.8575,3.5946,,10.0248,,0,,19.48,1.32,slowdown,,,CAMERA_ONLY
0,85.8253,cam_10,CAM_ONLY,31.7927,,36.0842,4.2914,,11.8929,,0,,13.31,0.97,slowdown,,,CAMERA_ONLY
0,85.8872,cam_10,CAM_ONLY,32.5137,,36.2845,3.7708,,10.3922,,0,,17.01,1.24,safe,,,CAMERA_ONLY
0,86.1223,cam_10,CAM_ONLY,37.0003,,37.0896,0.0893,,0.2406,,1,,13.31,1.15,safe,,,CAMERA_ONLY
0,86.2376,cam_10,CAM_ONLY,37.1615,,37.4764,0.3149,,0.8403,,1,,9.25,1.22,safe,,,CAMERA_ONLY
0,86.2926,cam_10,CAM_ONLY,37.1372,,37.6534,0.5162,,1.3709,,1,,10.44,1.12,safe,,,CAMERA_ONLY
0,86.3573,cam_10,CAM_ONLY,36.6696,,37.8465,1.1768,,3.1095,,0,,17.18,0.94,safe,,,CAMERA_ONLY
0,86.4260,cam_10,CAM_ONLY,36.7390,,38.0595,1.3205,,3.4697,,0,,17.93,2.74,safe,,,CAMERA_ONLY
0,86.4866,cam_10,CAM_ONLY,37.3388,,38.2189,0.8801,,2.3028,,1,,13.33,1.03,safe,,,CAMERA_ONLY
0,86.5451,cam_10,CAM_ONLY,38.3835,,38.3522,0.0313,,0.0817,,1,,13.01,1.06,safe,,,CAMERA_ONLY
0,86.6109,cam_10,CAM_ONLY,37.9614,,38.5164,0.5550,,1.4409,,1,,14.70,1.32,safe,,,CAMERA_ONLY
0,86.6755,cam_10,CAM_ONLY,38.2731,,38.6605,0.3873,,1.0019,,1,,12.65,0.88,safe,,,CAMERA_ONLY
0,86.7431,cam_10,CAM_ONLY,37.6551,,38.8055,1.1504,,2.9645,,0,,16.65,1.14,safe,,,CAMERA_ONLY
0,86.8056,cam_10,CAM_ONLY,38.0734,,38.9468,0.8734,,2.2424,,1,,10.93,0.90,safe,,,CAMERA_ONLY
0,86.8687,cam_10,CAM_ONLY,39.7215,,39.0587,0.6629,,1.6971,,1,,12.44,2.66,safe,,,CAMERA_ONLY
0,87.0435,t1799,LIDAR_ONLY,20.3910,20.3910,39.3559,18.9650,18.9650,48.1884,48.1884,0,0,13.54,1.40,drive,-11.22,front,LIDAR_ONLY
0,87.0435,t1800,LIDAR_ONLY,12.7801,12.7801,39.3559,26.5758,26.5758,67.5268,67.5268,0,0,13.54,1.40,slow,-23.74,front,LIDAR_ONLY
0,87.0435,t1800,LIDAR_ONLY,11.9195,11.9195,39.3559,27.4364,27.4364,69.7136,69.7136,0,0,13.54,1.40,slow,-27.92,front,LIDAR_ONLY
0,87.1001,t1799,LIDAR_ONLY,18.5366,18.5366,39.4326,20.8961,20.8961,52.9918,52.9918,0,0,12.62,0.96,cautious,-18.11,front,LIDAR_ONLY
0,87.1001,t1799,LIDAR_ONLY,16.7900,16.7900,39.4326,22.6426,22.6426,57.4211,57.4211,0,0,12.62,0.96,cautious,-22.34,front,LIDAR_ONLY
0,87.2881,cam_11,CAM_ONLY,40.7394,,39.7306,1.0089,,2.5393,,0,,12.79,1.23,safe,,,CAMERA_ONLY
0,87.3468,t1809,LIDAR_ONLY,13.8489,13.8489,39.8312,25.9823,25.9823,65.2310,65.2310,0,0,11.35,0.98,slow,-20.80,front,LIDAR_ONLY
0,88.2993,t1836,LIDAR_ONLY,10.6769,10.6769,41.6477,30.9709,30.9709,74.3639,74.3639,0,0,18.48,0.92,slow,-29.15,front,LIDAR_ONLY
0,88.2993,t1836,LIDAR_ONLY,10.8530,10.8530,41.6477,30.7947,30.7947,73.9408,73.9408,0,0,18.48,0.92,slow,-25.08,front,LIDAR_ONLY
0,88.3619,cam_12,CAM_ONLY,43.2336,,41.7372,1.4964,,3.5854,,0,,13.85,1.34,safe,,,CAMERA_ONLY
0,88.5421,t1843,LIDAR_ONLY,11.5977,11.5977,41.9989,30.4012,30.4012,72.3857,72.3857,0,0,13.38,0.97,slow,-26.36,front,LIDAR_ONLY
0,89.2962,t1861,LIDAR_ONLY,12.6391,12.6391,43.0001,30.3610,30.3610,70.6069,70.6069,0,0,18.78,1.40,slow,-21.61,front,LIDAR_ONLY
0,89.8009,cam_13,CAM_ONLY,41.5672,,42.9080,1.3408,,3.1248,,0,,13.07,1.12,slowdown,,,CAMERA_ONLY
0,89.8009,t1872,LIDAR_ONLY,12.6812,12.6812,42.9080,30.2267,30.2267,70.4455,70.4455,0,0,13.07,1.12,slow,-24.98,front,LIDAR_ONLY
0,89.8009,t1872,LIDAR_ONLY,11.8460,11.8460,42.9080,31.0619,31.0619,72.3920,72.3920,0,0,13.07,1.12,slow,-29.22,front,LIDAR_ONLY
0,89.8566,t1877,LIDAR_ONLY,16.6610,16.6610,42.8505,26.1895,26.1895,61.1183,61.1183,0,0,9.22,0.98,cautious,-16.98,front,LIDAR_ONLY
0,90.3946,t1891,LIDAR_ONLY,12.5903,12.5903,42.4179,29.8276,29.8276,70.3185,70.3185,0,0,10.18,1.06,slow,-23.39,front,LIDAR_ONLY
0,90.4621,cam_14,CAM_ONLY,40.2246,,42.3551,2.1304,,5.0299,,0,,13.25,1.22,slowdown,,,CAMERA_ONLY
0,90.5966,cam_14,CAM_ONLY,41.7164,,42.2439,0.5275,,1.2487,,1,,15.35,0.90,slowdown,,,CAMERA_ONLY
0,90.5966,t1901,LIDAR_ONLY,19.4999,19.4999,42.2439,22.7441,22.7441,53.8399,53.8399,0,0,15.35,0.90,cautious,-11.60,front,LIDAR_ONLY
0,90.5966,t1891,LIDAR_ONLY,12.7904,12.7904,42.2439,29.4536,29.4536,69.7226,69.7226,0,0,15.35,0.90,slow,-19.96,front,LIDAR_ONLY
0,90.6566,cam_14,CAM_ONLY,42.6552,,42.2091,0.4461,,1.0569,,1,,13.20,1.28,safe,,,CAMERA_ONLY
0,90.7746,cam_14,CAM_ONLY,40.7963,,42.1523,1.3560,,3.2169,,0,,10.03,0.81,slowdown,,,CAMERA_ONLY
0,90.8337,cam_14,CAM_ONLY,41.9729,,42.1281,0.1552,,0.3683,,1,,13.70,1.06,safe,,,CAMERA_ONLY
0,90.8948,cam_14,CAM_ONLY,43.5113,,42.1037,1.4076,,3.3431,,0,,8.94,0.66,safe,,,CAMERA_ONLY
0,90.9618,cam_14,CAM_ONLY,43.6582,,42.0832,1.5750,,3.7426,,0,,17.45,1.04,safe,,,CAMERA_ONLY
0,90.9618,t1910,LIDAR_ONLY,40.7219,40.7219,42.0832,1.3612,1.3612,3.2346,3.2346,0,0,17.45,1.04,drive,29.01,front,LIDAR_ONLY
0,91.0258,cam_14,CAM_ONLY,43.2316,,42.0639,1.1677,,2.7760,,0,,17.84,2.08,safe,,,CAMERA_ONLY
0,91.1000,cam_14,CAM_ONLY,41.6727,,42.0366,0.3639,,0.8657,,1,,22.52,1.37,safe,,,CAMERA_ONLY
0,91.1000,t1913,LIDAR_ONLY,10.9711,10.9711,42.0366,31.0655,31.0655,73.9011,73.9011,0,0,22.52,1.37,slow,-29.84,front,LIDAR_ONLY
0,91.2209,cam_14,CAM_ONLY,39.8047,,41.9877,2.1830,,5.1991,,0,,13.39,1.02,slowdown,,,CAMERA_ONLY
0,91.2878,cam_14,CAM_ONLY,40.5805,,41.9673,1.3868,,3.3044,,0,,14.33,1.02,slowdown,,,CAMERA_ONLY
0,91.3540,cam_14,CAM_ONLY,40.4799,,41.9541,1.4742,,3.5138,,0,,14.53,0.84,safe,,,CAMERA_ONLY
0,91.3540,t1921,LIDAR_ONLY,14.2152,14.2152,41.9541,27.7389,27.7389,66.1172,66.1172,0,0,14.53,0.84,slow,-19.76,front,LIDAR_ONLY
0,91.5957,t1928,LIDAR_ONLY,14.4466,14.4466,42.0077,27.5611,27.5611,65.6097,65.6097,0,0,11.51,1.14,slow,-18.26,front,LIDAR_ONLY
0,91.6584,cam_14,CAM_ONLY,40.8356,,42.0293,1.1937,,2.8402,,0,,19.93,1.47,safe,,,CAMERA_ONLY
0,91.7112,cam_14,CAM_ONLY,40.1931,,42.0628,1.8697,,4.4449,,0,,9.32,1.28,safe,,,CAMERA_ONLY
0,91.8881,cam_14,CAM_ONLY,39.1279,,42.1549,3.0270,,7.1807,,0,,13.22,1.26,safe,,,CAMERA_ONLY
0,91.9513,cam_14,CAM_ONLY,38.4307,,42.1802,3.7495,,8.8893,,0,,14.03,1.13,slowdown,,,CAMERA_ONLY
0,91.9513,t1942,LIDAR_ONLY,21.8888,21.8888,42.1802,20.2914,20.2914,48.1064,48.1064,0,0,14.03,1.13,drive,-7.06,front,LIDAR_ONLY
0,91.9513,t1943,LIDAR_ONLY,10.3705,10.3705,42.1802,31.8097,31.8097,75.4138,75.4138,0,0,14.03,1.13,slow,-27.32,front,LIDAR_ONLY
0,91.9513,t1943,LIDAR_ONLY,10.5752,10.5752,42.1802,31.6050,31.6050,74.9286,74.9286,0,0,14.03,1.13,slow,-23.26,front,LIDAR_ONLY
0,92.0139,cam_14,CAM_ONLY,39.4005,,42.2022,2.8017,,6.6388,,0,,9.78,1.32,safe,,,CAMERA_ONLY
0,92.0828,cam_14,CAM_ONLY,42.4396,,42.2272,0.2124,,0.5030,,1,,15.06,1.10,safe,,,CAMERA_ONLY
0,92.1425,cam_14,CAM_ONLY,40.7648,,42.2521,1.4874,,3.5202,,0,,13.71,1.04,safe,,,CAMERA_ONLY
0,92.2019,t1953,LIDAR_ONLY,13.3429,13.3429,42.2745,28.9316,28.9316,68.4375,68.4375,0,0,8.49,0.93,slow,-21.09,front,LIDAR_ONLY
0,92.2019,t1953,LIDAR_ONLY,11.8326,11.8326,42.2745,30.4419,30.4419,72.0101,72.0101,0,0,8.49,0.93,slow,-29.21,front,LIDAR_ONLY
0,92.2573,cam_14,CAM_ONLY,42.2852,,42.2904,0.0053,,0.0125,,1,,10.05,1.26,safe,,,CAMERA_ONLY
0,92.3771,cam_14,CAM_ONLY,42.5147,,42.3219,0.1927,,0.4554,,1,,8.98,1.04,safe,,,CAMERA_ONLY
0,92.4319,cam_14,CAM_ONLY,43.1531,,42.3317,0.8213,,1.9402,,1,,8.71,0.98,safe,,,CAMERA_ONLY
0,92.4951,cam_14,CAM_ONLY,43.3154,,42.3419,0.9735,,2.2991,,1,,12.88,1.09,safe,,,CAMERA_ONLY
0,92.4951,t1963,LIDAR_ONLY,12.6301,12.6301,42.3419,29.7118,29.7118,70.1711,70.1711,0,0,12.88,1.09,slow,-25.11,front,LIDAR_ONLY
0,92.4951,t1963,LIDAR_ONLY,11.8114,11.8114,42.3419,30.5305,30.5305,72.1047,72.1047,0,0,12.88,1.09,slow,-29.27,front,LIDAR_ONLY
0,92.5606,t1970,LIDAR_ONLY,40.8846,40.8846,42.3480,1.4634,1.4634,3.4557,3.4557,0,0,14.52,1.62,drive,29.10,front,LIDAR_ONLY
0,92.9000,t1977,LIDAR_ONLY,13.0477,13.0477,42.4449,29.3972,29.3972,69.2597,69.2597,0,0,20.93,1.10,slow,-22.18,front,LIDAR_ONLY
0,92.9000,t1977,LIDAR_ONLY,12.2246,12.2246,42.4449,30.2204,30.2204,71.1990,71.1990,0,0,20.93,1.10,slow,-26.34,front,LIDAR_ONLY
0,92.9625,cam_15,CAM_ONLY,40.4912,,42.4724,1.9812,,4.6647,,0,,14.58,1.44,safe,,,CAMERA_ONLY
0,93.0972,t1977,LIDAR_ONLY,11.9969,11.9969,42.5313,30.5344,30.5344,71.7928,71.7928,0,0,16.95,2.09,slow,-25.70,front,LIDAR_ONLY
0,93.1587,t1977,LIDAR_ONLY,11.5050,11.5050,42.5502,31.0452,31.0452,72.9614,72.9614,0,0,15.54,0.91,slow,-28.88,front,LIDAR_ONLY
0,93.1587,t1977,LIDAR_ONLY,11.5123,11.5123,42.5502,31.0379,31.0379,72.9442,72.9442,0,0,15.54,0.91,slow,-24.78,front,LIDAR_ONLY
0,93.2913,t1977,LIDAR_ONLY,11.4011,11.4011,42.7556,31.3545,31.3545,73.3343,73.3343,0,0,17.61,1.13,slow,-22.99,front,LIDAR_ONLY
0,93.2913,t1977,LIDAR_ONLY,11.2562,11.2562,42.7556,31.4994,31.4994,73.6731,73.6731,0,0,17.61,1.13,slow,-27.22,front,LIDAR_ONLY
0,93.3527,t1990,LIDAR_ONLY,15.0380,15.0380,42.8655,27.8275,27.8275,64.9182,64.9182,0,0,12.43,0.83,cautious,-16.86,front,LIDAR_ONLY
0,93.3527,t1990,LIDAR_ONLY,14.0284,14.0284,42.8655,28.8371,28.8371,67.2735,67.2735,0,0,12.43,0.83,cautious,-20.92,front,LIDAR_ONLY
0,93.3527,t1977,LIDAR_ONLY,11.0693,11.0693,42.8655,31.7962,31.7962,74.1767,74.1767,0,0,12.43,0.83,slow,-29.05,front,LIDAR_ONLY
0,93.5002,t1990,LIDAR_ONLY,14.1269,14.1269,43.1749,29.0480,29.0480,67.2798,67.2798,0,0,22.00,1.52,cautious,-18.56,front,LIDAR_ONLY
0,93.6435,t1990,LIDAR_ONLY,13.9968,13.9968,43.4632,29.4663,29.4663,67.7961,67.7961,0,0,19.00,1.13,cautious,-22.45,front,LIDAR_ONLY
0,94.2939,t2015,LIDAR_ONLY,13.5031,13.5031,44.3977,30.8947,30.8947,69.5861,69.5861,0,0,17.91,1.21,slow,-20.99,front,LIDAR_ONLY
0,94.2939,t2015,LIDAR_ONLY,11.8306,11.8306,44.3977,32.5672,32.5672,73.3532,73.3532,0,0,17.91,1.21,slow,-29.05,front,LIDAR_ONLY
0,94.2939,t2015,LIDAR_ONLY,11.8327,11.8327,44.3977,32.5651,32.5651,73.3485,73.3485,0,0,17.91,1.21,slow,-25.02,front,LIDAR_ONLY
0,94.3501,t2015,LIDAR_ONLY,11.6959,11.6959,44.4421,32.7462,32.7462,73.6828,73.6828,0,0,8.78,1.21,slow,-26.51,front,LIDAR_ONLY
0,94.3501,t2015,LIDAR_ONLY,11.8177,11.8177,44.4421,32.6244,32.6244,73.4088,73.4088,0,0,8.78,1.21,slow,-18.13,front,LIDAR_ONLY
0,94.3501,t2015,LIDAR_ONLY,11.8811,11.8811,44.4421,32.5610,32.5610,73.2661,73.2661,0,0,8.78,1.21,slow,-22.32,front,LIDAR_ONLY
0,94.4035,t2020,LIDAR_ONLY,42.1292,42.1292,44.4831,2.3539,2.3539,5.2918,5.2918,0,0,8.97,1.29,drive,28.80,front,LIDAR_ONLY
0,94.4035,t2015,LIDAR_ONLY,11.9390,11.9390,44.4831,32.5441,32.5441,73.1606,73.1606,0,0,8.97,1.29,slow,-29.41,front,LIDAR_ONLY
0,95.0384,cam_16,CAM_ONLY,26.7370,,45.1810,18.4441,,40.8226,,0,,10.81,1.06,warning,,,CAMERA_ONLY
0,95.0959,cam_16,CAM_ONLY,26.7612,,45.2316,18.4704,,40.8351,,0,,11.59,1.25,warning,,,CAMERA_ONLY
0,95.1564,cam_16,CAM_ONLY,25.9805,,45.2931,19.3126,,42.6392,,0,,11.01,1.31,warning,,,CAMERA_ONLY
0,95.5929,t2054,LIDAR_ONLY,12.1039,12.1039,45.8105,33.7066,33.7066,73.5782,73.5782,0,0,21.86,1.22,slow,-24.48,front,LIDAR_ONLY
0,95.5929,t2054,LIDAR_ONLY,11.3982,11.3982,45.8105,34.4123,34.4123,75.1189,75.1189,0,0,21.86,1.22,slow,-28.63,front,LIDAR_ONLY
0,95.8856,cam_17,CAM_ONLY,44.8578,,46.1283,1.2705,,2.7542,,0,,11.36,0.99,safe,,,CAMERA_ONLY
0,95.9526,cam_17,CAM_ONLY,45.4518,,46.2179,0.7661,,1.6576,,1,,15.20,1.03,safe,,,CAMERA_ONLY
0,95.9526,t2065,LIDAR_ONLY,14.6638,14.6638,46.2179,31.5541,31.5541,68.2725,68.2725,0,0,15.20,1.03,cautious,-18.10,front,LIDAR_ONLY
0,96.0231,cam_17,CAM_ONLY,45.9859,,46.3218,0.3359,,0.7252,,1,,19.14,0.85,safe,,,CAMERA_ONLY
0,96.2005,t2070,LIDAR_ONLY,13.0783,13.0783,46.5710,33.4927,33.4927,71.9175,71.9175,0,0,13.75,0.92,slow,-21.70,front,LIDAR_ONLY
0,96.2005,t2070,LIDAR_ONLY,13.3794,13.3794,46.5710,33.1916,33.1916,71.2710,71.2710,0,0,13.75,0.92,slow,-17.58,front,LIDAR_ONLY
0,96.2005,t2070,LIDAR_ONLY,13.0441,13.0441,46.5710,33.5269,33.5269,71.9909,71.9909,0,0,13.75,0.92,slow,-25.82,front,LIDAR_ONLY
0,96.3948,t2070,LIDAR_ONLY,12.6233,12.6233,46.8440,34.2207,34.2207,73.0525,73.0525,0,0,14.60,2.18,slow,-26.78,front,LIDAR_ONLY
0,96.3948,t2070,LIDAR_ONLY,12.6265,12.6265,46.8440,34.2175,34.2175,73.0456,73.0456,0,0,14.60,2.18,slow,-22.64,front,LIDAR_ONLY
0,96.6491,cam_18,CAM_ONLY,46.2667,,47.2433,0.9766,,2.0672,,1,,17.48,1.22,safe,,,CAMERA_ONLY
0,96.6491,t2085,LIDAR_ONLY,12.9225,12.9225,47.2433,34.3208,34.3208,72.6469,72.6469,0,0,17.48,1.22,slow,-21.80,front,LIDAR_ONLY
0,96.7782,cam_18,CAM_ONLY,45.3335,,47.4449,2.1114,,4.4501,,0,,11.95,0.94,safe,,,CAMERA_ONLY
0,96.8398,cam_18,CAM_ONLY,45.6976,,47.5384,1.8409,,3.8724,,0,,10.83,1.03,safe,,,CAMERA_ONLY
0,96.9033,cam_18,CAM_ONLY,45.3493,,47.6308,2.2815,,4.7900,,0,,14.60,0.73,safe,,,CAMERA_ONLY
0,96.9033,t2096,LIDAR_ONLY,12.5761,12.5761,47.6308,35.0547,35.0547,73.5967,73.5967,0,0,14.60,0.73,slow,-23.13,front,LIDAR_ONLY
0,96.9653,cam_18,CAM_ONLY,47.1759,,47.7195,0.5436,,1.1391,,1,,11.38,1.21,safe,,,CAMERA_ONLY
0,97.2874,cam_18,CAM_ONLY,46.5036,,48.2327,1.7291,,3.5848,,0,,17.83,0.94,safe,,,CAMERA_ONLY
0,97.3473,t2113,LIDAR_ONLY,15.5477,15.5477,48.3201,32.7724,32.7724,67.8235,67.8235,0,0,17.74,1.10,cautious,-17.16,front,LIDAR_ONLY
0,97.3473,t2115,LIDAR_ONLY,10.3547,10.3547,48.3201,37.9654,37.9654,78.5707,78.5707,0,0,17.74,1.10,slow,-29.31,front,LIDAR_ONLY
0,97.5464,t2115,LIDAR_ONLY,10.4644,10.4644,48.6170,38.1526,38.1526,78.4759,78.4759,0,0,14.75,1.03,slow,-26.79,front,LIDAR_ONLY
0,97.6068,t2115,LIDAR_ONLY,10.8207,10.8207,48.6998,37.8791,37.8791,77.7808,77.7808,0,0,12.96,0.93,slow,-20.72,front,LIDAR_ONLY
0,97.6068,t2115,LIDAR_ONLY,10.9788,10.9788,48.6998,37.7210,37.7210,77.4562,77.4562,0,0,12.96,0.93,slow,-28.91,front,LIDAR_ONLY
0,97.7333,cam_19,CAM_ONLY,47.7086,,48.9145,1.2059,,2.4653,,0,,13.46,1.11,safe,,,CAMERA_ONLY
0,98.1991,t2139,LIDAR_ONLY,14.9608,14.9608,49.5937,34.6329,34.6329,69.8332,69.8332,0,0,14.38,1.09,cautious,-18.11,front,LIDAR_ONLY
0,98.6374,cam_20,CAM_ONLY,46.2201,,50.0071,3.7871,,7.5731,,0,,11.53,0.95,safe,,,CAMERA_ONLY
0,98.7020,t2153,LIDAR_ONLY,13.3765,13.3765,50.0465,36.6700,36.6700,73.2719,73.2719,0,0,12.22,0.79,slow,-20.73,front,LIDAR_ONLY
0,98.8832,cam_20,CAM_ONLY,47.1796,,50.1699,2.9903,,5.9603,,0,,14.37,1.02,safe,,,CAMERA_ONLY
0,98.9397,cam_20,CAM_ONLY,45.8546,,50.2129,4.3583,,8.6796,,0,,10.47,1.06,safe,,,CAMERA_ONLY
0,99.0182,cam_20,CAM_ONLY,45.0635,,50.2709,5.2074,,10.3587,,0,,13.58,1.16,safe,,,CAMERA_ONLY
0,99.3990,t2175,LIDAR_ONLY,14.8877,14.8877,50.4316,35.5439,35.5439,70.4794,70.4794,0,0,11.70,1.21,slow,-16.32,front,LIDAR_ONLY
0,99.3990,t2176,LIDAR_ONLY,10.1083,10.1083,50.4316,40.3233,40.3233,79.9563,79.9563,0,0,11.70,1.21,stop,-28.76,front,LIDAR_ONLY
0,99.9036,t2196,LIDAR_ONLY,21.1802,21.1802,49.5415,28.3614,28.3614,57.2476,57.2476,0,0,12.94,0.93,drive,-10.51,front,LIDAR_ONLY
0,99.9036,t2197,LIDAR_ONLY,12.8402,12.8402,49.5415,36.7013,36.7013,74.0819,74.0819,0,0,12.94,0.93,slow,-22.50,front,LIDAR_ONLY
0,100.1533,t2201,LIDAR_ONLY,12.9893,12.9893,48.8389,35.8496,35.8496,73.4039,73.4039,0,0,8.59,0.82,slow,-23.08,front,LIDAR_ONLY
0,100.2713,cam_21,CAM_ONLY,44.1878,,48.5093,4.3215,,8.9087,,0,,13.89,0.90,safe,,,CAMERA_ONLY
0,100.3323,cam_21,CAM_ONLY,44.4385,,48.3587,3.9202,,8.1064,,0,,12.29,1.08,safe,,,CAMERA_ONLY
0,100.4550,cam_21,CAM_ONLY,45.5094,,48.0326,2.5232,,5.2530,,0,,13.30,1.09,safe,,,CAMERA_ONLY
0,100.5321,cam_21,CAM_ONLY,43.8042,,47.8297,4.0255,,8.4163,,0,,14.64,1.13,safe,,,CAMERA_ONLY
0,100.7932,t2220,LIDAR_ONLY,10.5875,10.5875,47.0537,36.4662,36.4662,77.4991,77.4991,0,0,13.63,1.25,stop,-27.57,front,LIDAR_ONLY
0,100.7932,t2220,LIDAR_ONLY,10.7995,10.7995,47.0537,36.2541,36.2541,77.0485,77.0485,0,0,13.63,1.25,stop,-23.47,front,LIDAR_ONLY
0,100.9824,cam_22,CAM_ONLY,42.2237,,46.4789,4.2551,,9.1550,,0,,12.97,1.09,slowdown,,,CAMERA_ONLY
0,101.0511,t2225,LIDAR_ONLY,13.5580,13.5580,46.2624,32.7043,32.7043,70.6932,70.6932,0,0,18.14,2.05,slow,-20.43,front,LIDAR_ONLY
0,101.0511,t2225,LIDAR_ONLY,12.2994,12.2994,46.2624,33.9630,33.9630,73.4139,73.4139,0,0,18.14,2.05,slow,-28.65,front,LIDAR_ONLY
0,101.1146,cam_22,CAM_ONLY,40.5858,,46.1023,5.5165,,11.9657,,0,,12.11,1.42,slowdown,,,CAMERA_ONLY
0,101.1766,cam_22,CAM_ONLY,39.8625,,45.9286,6.0661,,13.2076,,0,,11.89,1.01,slowdown,,,CAMERA_ONLY
0,101.2368,cam_22,CAM_ONLY,41.3783,,45.7651,4.3868,,9.5855,,0,,14.15,2.08,safe,,,CAMERA_ONLY
0,101.2899,cam_22,CAM_ONLY,39.0326,,45.6498,6.6173,,14.4957,,0,,11.01,1.11,slowdown,,,CAMERA_ONLY
0,101.3497,cam_22,CAM_ONLY,38.1388,,45.5180,7.3792,,16.2117,,0,,11.03,0.95,slowdown,,,CAMERA_ONLY
0,101.3497,t2237,LIDAR_ONLY,20.2314,20.2314,45.5180,25.2866,25.2866,55.5529,55.5529,0,0,11.03,0.95,drive,-11.58,front,LIDAR_ONLY
0,101.4154,cam_22,CAM_ONLY,37.9419,,45.3740,7.4321,,16.3796,,0,,11.86,1.38,slowdown,,,CAMERA_ONLY
0,101.6857,cam_22,CAM_ONLY,35.0310,,44.8561,9.8251,,21.9035,,0,,12.90,1.39,slowdown,,,CAMERA_ONLY
0,101.7448,cam_22,CAM_ONLY,34.9109,,44.7523,9.8415,,21.9910,,0,,9.86,1.13,slowdown,,,CAMERA_ONLY
0,101.8101,cam_22,CAM_ONLY,39.8590,,44.6311,4.7720,,10.6921,,0,,13.03,1.04,safe,,,CAMERA_ONLY
0,101.8698,cam_22,CAM_ONLY,41.2259,,44.5141,3.2881,,7.3867,,0,,10.20,1.09,safe,,,CAMERA_ONLY
0,101.9271,cam_22,CAM_ONLY,39.3864,,44.4168,5.0304,,11.3254,,0,,16.81,0.81,safe,,,CAMERA_ONLY
0,101.9962,cam_22,CAM_ONLY,39.7443,,44.2905,4.5462,,10.2644,,0,,16.88,1.14,safe,,,CAMERA_ONLY
0,101.9962,t2258,LIDAR_ONLY,12.0868,12.0868,44.2905,32.2037,32.2037,72.7101,72.7101,0,0,16.88,1.14,slow,-22.41,front,LIDAR_ONLY
0,102.0548,cam_22,CAM_ONLY,40.6635,,44.1852,3.5218,,7.9704,,0,,13.05,0.80,safe,,,CAMERA_ONLY
0,102.1155,cam_22,CAM_ONLY,39.2188,,44.0923,4.8734,,11.0528,,0,,12.11,1.53,safe,,,CAMERA_ONLY
0,102.1796,cam_22,CAM_ONLY,37.4875,,43.9930,6.5054,,14.7875,,0,,16.12,0.89,safe,,,CAMERA_ONLY
0,102.2475,cam_22,CAM_ONLY,39.9851,,43.8812,3.8961,,8.8787,,0,,15.86,1.11,safe,,,CAMERA_ONLY
0,102.2475,t2267,LIDAR_ONLY,14.9998,14.9998,43.8812,28.8814,28.8814,65.8173,65.8173,0,0,15.86,1.11,cautious,-17.85,front,LIDAR_ONLY
0,102.2475,t2267,LIDAR_ONLY,12.8396,12.8396,43.8812,31.0416,31.0416,70.7401,70.7401,0,0,15.86,1.11,slow,-26.15,front,LIDAR_ONLY
0,103.0989,cam_23,CAM_ONLY,39.0836,,42.3906,3.3070,,7.8012,,0,,10.42,0.91,safe,,,CAMERA_ONLY
0,103.0989,t2294,LIDAR_ONLY,11.2082,11.2082,42.3906,31.1823,31.1823,73.5596,73.5596,0,0,10.42,0.91,slow,-24.45,front,LIDAR_ONLY
0,103.3968,t2305,LIDAR_ONLY,10.8499,10.8499,41.7605,30.9106,30.9106,74.0188,74.0188,0,0,10.92,1.11,slow,-27.29,front,LIDAR_ONLY
0,103.5224,cam_24,CAM_ONLY,38.0614,,41.4698,3.4084,,8.2190,,0,,15.38,0.89,slowdown,,,CAMERA_ONLY
0,103.5958,cam_24,CAM_ONLY,38.3867,,41.2943,2.9076,,7.0411,,0,,21.89,1.25,slowdown,,,CAMERA_ONLY
0,103.6507,t2315,BOTH,37.6726,30.7623,41.1913,3.5187,10.4290,8.5424,25.3185,0,0,12.13,0.97,slowdown,,,FULL_ANGLE
0,103.6507,t2316,LIDAR_ONLY,16.0485,16.0485,41.1913,25.1428,25.1428,61.0391,61.0391,0,0,12.13,0.97,cautious,-17.29,front,LIDAR_ONLY
0,103.8439,cam_24,CAM_ONLY,36.9010,,40.7834,3.8824,,9.5196,,0,,13.49,1.93,slowdown,,,CAMERA_ONLY
0,104.0956,cam_24,CAM_ONLY,36.9888,,40.3405,3.3517,,8.3086,,0,,13.08,1.12,slowdown,,,CAMERA_ONLY
0,104.0956,t2333,LIDAR_ONLY,21.3075,21.3075,40.3405,19.0330,19.0330,47.1808,47.1808,0,0,13.08,1.12,drive,-10.36,front,LIDAR_ONLY
0,104.0956,t2334,LIDAR_ONLY,12.9533,12.9533,40.3405,27.3873,27.3873,67.8902,67.8902,0,0,13.08,1.12,slow,-22.62,front,LIDAR_ONLY
0,104.1625,cam_24,CAM_ONLY,37.2740,,40.2221,2.9481,,7.3297,,0,,15.00,2.92,safe,,,CAMERA_ONLY
0,104.2406,cam_24,CAM_ONLY,36.9520,,40.1187,3.1667,,7.8933,,0,,14.52,1.14,safe,,,CAMERA_ONLY
0,104.3053,cam_24,CAM_ONLY,36.3242,,40.0302,3.7060,,9.2580,,0,,13.46,1.26,slowdown,,,CAMERA_ONLY
0,104.3666,cam_24,CAM_ONLY,36.3363,,39.9418,3.6055,,9.0268,,0,,9.90,1.22,slowdown,,,CAMERA_ONLY
0,104.4269,cam_24,CAM_ONLY,36.6200,,39.8526,3.2326,,8.1113,,0,,16.77,1.14,slowdown,,,CAMERA_ONLY
0,104.4918,cam_24,CAM_ONLY,36.4513,,39.7431,3.2917,,8.2826,,0,,12.87,0.98,slowdown,,,CAMERA_ONLY
0,104.5670,cam_24,CAM_ONLY,36.6591,,39.5920,2.9329,,7.4078,,0,,14.96,2.44,slowdown,,,CAMERA_ONLY
0,104.6275,cam_24,CAM_ONLY,36.7331,,39.4885,2.7554,,6.9778,,0,,13.69,1.03,safe,,,CAMERA_ONLY
0,104.6914,cam_24,CAM_ONLY,36.9470,,39.3631,2.4161,,6.1379,,0,,13.15,1.03,safe,,,CAMERA_ONLY
0,104.7528,cam_24,CAM_ONLY,36.4961,,39.2411,2.7450,,6.9953,,0,,14.55,0.92,slowdown,,,CAMERA_ONLY
0,104.7528,t2353,LIDAR_ONLY,12.4487,12.4487,39.2411,26.7924,26.7924,68.2764,68.2764,0,0,14.55,0.92,slow,-23.37,front,LIDAR_ONLY
0,104.8157,cam_24,CAM_ONLY,35.7494,,39.0772,3.3278,,8.5160,,0,,12.22,1.62,slowdown,,,CAMERA_ONLY
0,104.8724,cam_24,CAM_ONLY,36.0723,,38.9680,2.8957,,7.4311,,0,,12.21,0.89,slowdown,,,CAMERA_ONLY
0,104.9454,cam_24,CAM_ONLY,36.6053,,38.8087,2.2034,,5.6775,,0,,18.66,1.02,slowdown,,,CAMERA_ONLY
0,104.9454,t2353,LIDAR_ONLY,12.4596,12.4596,38.8087,26.3490,26.3490,67.8947,67.8947,0,0,18.66,1.02,slow,-23.58,front,LIDAR_ONLY
0,105.0101,cam_24,CAM_ONLY,37.3875,,38.6855,1.2981,,3.3554,,0,,14.64,0.97,safe,,,CAMERA_ONLY
0,105.0663,cam_24,CAM_ONLY,38.5492,,38.5728,0.0236,,0.0612,,1,,9.97,1.49,safe,,,CAMERA_ONLY
0,105.1246,cam_24,CAM_ONLY,37.2549,,38.4442,1.1893,,3.0935,,0,,10.15,1.09,safe,,,CAMERA_ONLY
0,105.1926,cam_24,CAM_ONLY,34.1566,,38.3185,4.1619,,10.8614,,0,,16.43,1.02,slowdown,,,CAMERA_ONLY
0,105.2592,cam_24,CAM_ONLY,34.4820,,38.1808,3.6988,,9.6875,,0,,14.28,1.13,slowdown,,,CAMERA_ONLY
0,105.3231,cam_24,CAM_ONLY,35.2748,,38.0502,2.7754,,7.2940,,0,,13.33,0.96,slowdown,,,CAMERA_ONLY
0,105.3858,cam_24,CAM_ONLY,36.1331,,37.9172,1.7841,,4.7053,,0,,14.34,1.12,slowdown,,,CAMERA_ONLY
0,105.4484,t2373,LIDAR_ONLY,11.4309,11.4309,37.7833,26.3524,26.3524,69.7461,69.7461,0,0,12.93,0.87,slow,-27.04,front,LIDAR_ONLY
0,105.6346,cam_24,CAM_ONLY,36.1226,,37.4043,1.2818,,3.4268,,0,,14.31,0.98,slowdown,,,CAMERA_ONLY
0,105.6993,cam_24,CAM_ONLY,35.3909,,37.2832,1.8923,,5.0755,,0,,12.72,0.92,slowdown,,,CAMERA_ONLY
0,105.6993,t2383,LIDAR_ONLY,10.5318,10.5318,37.2832,26.7514,26.7514,71.7518,71.7518,0,0,12.72,0.92,slow,-29.76,front,LIDAR_ONLY
0,106.1342,cam_25,CAM_ONLY,33.5756,,36.5075,2.9319,,8.0309,,0,,14.08,0.97,slowdown,,,CAMERA_ONLY
0,106.1942,cam_25,CAM_ONLY,34.1834,,36.3900,2.2066,,6.0638,,0,,12.55,1.00,slowdown,,,CAMERA_ONLY
0,106.1942,t2400,LIDAR_ONLY,16.8822,16.8822,36.3900,19.5078,19.5078,53.6076,53.6076,0,0,12.55,1.00,cautious,-15.64,front,LIDAR_ONLY
0,106.1942,t2401,LIDAR_ONLY,10.8762,10.8762,36.3900,25.5138,25.5138,70.1122,70.1122,0,0,12.55,1.00,slow,-28.00,front,LIDAR_ONLY
0,106.2584,cam_25,CAM_ONLY,33.5598,,36.2609,2.7012,,7.4492,,0,,15.62,1.25,slowdown,,,CAMERA_ONLY
0,106.3160,cam_25,CAM_ONLY,33.1557,,36.1412,2.9855,,8.2606,,0,,9.77,1.25,slowdown,,,CAMERA_ONLY
0,106.3785,cam_25,CAM_ONLY,33.0247,,36.0081,2.9834,,8.2854,,0,,16.67,1.06,slowdown,,,CAMERA_ONLY
0,106.5731,cam_25,CAM_ONLY,35.9253,,35.6152,0.3101,,0.8706,,1,,10.17,1.00,slowdown,,,CAMERA_ONLY
0,106.7006,cam_25,CAM_ONLY,33.7017,,35.3415,1.6398,,4.6398,,0,,12.12,0.89,slowdown,,,CAMERA_ONLY
0,106.7006,t2416,LIDAR_ONLY,14.0453,14.0453,35.3415,21.2962,21.2962,60.2583,60.2583,0,0,12.12,0.89,slow,-21.80,front,LIDAR_ONLY
0,106.7668,cam_25,CAM_ONLY,33.2874,,35.1959,1.9085,,5.4224,,0,,12.04,1.33,slowdown,,,CAMERA_ONLY
0,106.8953,t2416,LIDAR_ONLY,13.7411,13.7411,34.8991,21.1580,21.1580,60.6261,60.6261,0,0,10.02,0.82,slow,-23.30,front,LIDAR_ONLY
0,107.1495,t2428,LIDAR_ONLY,12.6055,12.6055,34.3479,21.7424,21.7424,63.3004,63.3004,0,0,20.29,1.04,slow,-25.42,front,LIDAR_ONLY
0,107.6468,t2445,LIDAR_ONLY,12.0379,12.0379,33.2768,21.2389,21.2389,63.8250,63.8250,0,0,11.19,1.03,slow,-25.59,front,LIDAR_ONLY
0,107.7119,cam_26,CAM_ONLY,30.7478,,33.1206,2.3728,,7.1641,,0,,19.33,2.47,warning,,,CAMERA_ONLY
0,107.7745,cam_26,CAM_ONLY,30.5479,,32.9895,2.4416,,7.4011,,0,,16.41,0.93,warning,,,CAMERA_ONLY
0,107.8626,cam_26,CAM_ONLY,31.0283,,32.7917,1.7634,,5.3777,,0,,15.26,1.39,warning,,,CAMERA_ONLY
0,107.9303,cam_26,CAM_ONLY,31.6623,,32.6513,0.9890,,3.0289,,1,,11.68,1.31,warning,,,CAMERA_ONLY
0,107.9999,cam_26,CAM_ONLY,31.2456,,32.5269,1.2814,,3.9394,,0,,16.43,0.88,warning,,,CAMERA_ONLY
0,108.0619,cam_26,CAM_ONLY,29.6601,,32.4161,2.7560,,8.5020,,0,,9.32,1.26,warning,,,CAMERA_ONLY
0,108.0619,t2459,LIDAR_ONLY,39.7970,39.7970,32.4161,7.3809,7.3809,22.7692,22.7692,0,0,9.32,1.26,drive,26.58,front,LIDAR_ONLY
0,108.1357,cam_26,CAM_ONLY,30.0322,,32.3130,2.2808,,7.0586,,0,,20.69,2.04,warning,,,CAMERA_ONLY
0,108.1968,cam_26,CAM_ONLY,30.9638,,32.2377,1.2739,,3.9517,,0,,12.56,1.09,slowdown,,,CAMERA_ONLY
0,108.1968,t2462,LIDAR_ONLY,12.5689,12.5689,32.2377,19.6688,19.6688,61.0119,61.0119,0,0,12.56,1.09,slow,-25.61,front,LIDAR_ONLY
0,108.2842,cam_26,CAM_ONLY,31.3016,,32.1244,0.8228,,2.5612,,1,,20.96,1.56,slowdown,,,CAMERA_ONLY
0,108.3444,cam_26,CAM_ONLY,30.1359,,32.0674,1.9315,,6.0233,,0,,12.05,1.11,slowdown,,,CAMERA_ONLY
0,108.3444,t2462,LIDAR_ONLY,12.9702,12.9702,32.0674,19.0972,19.0972,59.5534,59.5534,0,0,12.05,1.11,slow,-20.07,front,LIDAR_ONLY
0,108.3444,t2462,LIDAR_ONLY,13.0213,13.0213,32.0674,19.0461,19.0461,59.3938,59.3938,0,0,12.05,1.11,slow,-28.33,front,LIDAR_ONLY
0,108.3974,cam_26,CAM_ONLY,29.7329,,32.0200,2.2870,,7.1425,,0,,10.85,1.13,slowdown,,,CAMERA_ONLY
0,108.3974,t2462,LIDAR_ONLY,12.8674,12.8674,32.0200,19.1526,19.1526,59.8146,59.8146,0,0,10.85,1.13,slow,-27.07,front,LIDAR_ONLY
0,108.4564,cam_26,CAM_ONLY,29.0870,,31.9699,2.8829,,9.0174,,0,,10.76,1.01,warning,,,CAMERA_ONLY
0,108.4564,t2466,LIDAR_ONLY,36.1653,36.1653,31.9699,4.1954,4.1954,13.1230,13.1230,0,0,10.76,1.01,drive,27.86,front,LIDAR_ONLY
0,108.5218,cam_26,CAM_ONLY,29.1171,,31.9144,2.7973,,8.7650,,0,,11.91,1.03,slowdown,,,CAMERA_ONLY
0,108.5782,cam_26,CAM_ONLY,28.9370,,31.8756,2.9386,,9.2190,,0,,13.46,1.04,slowdown,,,CAMERA_ONLY
0,108.6438,cam_26,CAM_ONLY,28.1683,,31.8283,3.6600,,11.4991,,0,,10.02,1.04,warning,,,CAMERA_ONLY
0,108.7057,cam_26,CAM_ONLY,28.1206,,31.7931,3.6725,,11.5513,,0,,10.22,1.20,warning,,,CAMERA_ONLY
0,108.7057,t2474,LIDAR_ONLY,33.4094,33.4094,31.7931,1.6164,1.6164,5.0840,5.0840,0,0,10.22,1.20,drive,29.82,front,LIDAR_ONLY
0,108.7656,cam_26,CAM_ONLY,27.9617,,31.7634,3.8017,,11.9689,,0,,12.58,1.49,warning,,,CAMERA_ONLY
0,108.8261,cam_26,CAM_ONLY,28.4999,,31.7309,3.2310,,10.1826,,0,,11.71,0.89,slowdown,,,CAMERA_ONLY
0,108.8880,cam_26,CAM_ONLY,28.6316,,31.7010,3.0694,,9.6824,,0,,15.21,2.14,slowdown,,,CAMERA_ONLY
0,108.9556,cam_26,CAM_ONLY,29.2284,,31.6786,2.4502,,7.7347,,0,,22.78,1.02,slowdown,,,CAMERA_ONLY
0,108.9556,t2482,LIDAR_ONLY,38.7213,38.7213,31.6786,7.0427,7.0427,22.2317,22.2317,0,0,22.78,1.02,drive,26.03,front,LIDAR_ONLY
0,108.9556,t2483,LIDAR_ONLY,15.4860,15.4860,31.6786,16.1927,16.1927,51.1155,51.1155,0,0,22.78,1.02,cautious,-19.81,front,LIDAR_ONLY
0,108.9556,t2483,LIDAR_ONLY,14.3650,14.3650,31.6786,17.3136,17.3136,54.6539,54.6539,0,0,22.78,1.02,cautious,-23.98,front,LIDAR_ONLY
0,109.0219,cam_26,CAM_ONLY,29.9404,,31.6589,1.7186,,5.4283,,0,,18.34,1.23,slowdown,,,CAMERA_ONLY
0,109.0830,cam_26,CAM_ONLY,30.1458,,31.6422,1.4964,,4.7293,,0,,12.74,0.89,slowdown,,,CAMERA_ONLY
0,109.1390,cam_26,CAM_ONLY,29.9642,,31.6280,1.6639,,5.2607,,0,,13.96,1.30,slowdown,,,CAMERA_ONLY
0,109.2217,cam_26,CAM_ONLY,30.3249,,31.5956,1.2706,,4.0215,,0,,16.22,1.23,slowdown,,,CAMERA_ONLY
0,109.2848,cam_26,CAM_ONLY,29.9504,,31.5660,1.6156,,5.1182,,0,,15.02,1.18,slowdown,,,CAMERA_ONLY
0,109.3421,cam_26,CAM_ONLY,30.2740,,31.5415,1.2675,,4.0186,,0,,11.85,0.99,slowdown,,,CAMERA_ONLY
0,109.4094,cam_26,CAM_ONLY,30.3104,,31.5088,1.1984,,3.8034,,0,,14.77,1.15,slowdown,,,CAMERA_ONLY
0,109.4745,cam_26,CAM_ONLY,30.3690,,31.4821,1.1130,,3.5354,,0,,14.27,0.82,slowdown,,,CAMERA_ONLY
0,109.5488,cam_26,CAM_ONLY,29.9414,,31.4670,1.5256,,4.8482,,0,,19.65,1.16,slowdown,,,CAMERA_ONLY
0,109.6390,cam_26,CAM_ONLY,29.7358,,31.4784,1.7426,,5.5358,,0,,25.09,1.17,slowdown,,,CAMERA_ONLY
0,109.7008,cam_26,CAM_ONLY,29.8538,,31.5018,1.6480,,5.2315,,0,,11.11,0.78,slowdown,,,CAMERA_ONLY
0,109.7564,cam_26,CAM_ONLY,29.6210,,31.5370,1.9160,,6.0754,,0,,14.24,1.26,slowdown,,,CAMERA_ONLY
0,109.8296,cam_26,CAM_ONLY,29.2671,,31.6004,2.3334,,7.3839,,0,,21.86,1.24,slowdown,,,CAMERA_ONLY
0,109.8963,cam_26,CAM_ONLY,29.5546,,31.6751,2.1205,,6.6945,,0,,14.09,1.38,slowdown,,,CAMERA_ONLY
0,109.9534,cam_26,CAM_ONLY,30.5521,,31.7524,1.2004,,3.7804,,0,,9.96,0.92,slowdown,,,CAMERA_ONLY
0,109.9534,t2507,LIDAR_ONLY,16.7704,16.7704,31.7524,14.9820,14.9820,47.1838,47.1838,0,0,9.96,0.92,cautious,-18.18,front,LIDAR_ONLY
0,110.0176,cam_26,CAM_ONLY,30.4576,,31.8626,1.4050,,4.4096,,0,,12.69,1.33,slowdown,,,CAMERA_ONLY
0,110.0897,cam_26,CAM_ONLY,31.2237,,31.9919,0.7682,,2.4012,,1,,14.40,1.00,slowdown,,,CAMERA_ONLY
0,110.1596,cam_26,CAM_ONLY,30.0426,,32.1381,2.0955,,6.5203,,0,,11.95,1.08,slowdown,,,CAMERA_ONLY
0,110.2254,cam_26,CAM_ONLY,29.1355,,32.2960,3.1605,,9.7861,,0,,13.79,0.88,slowdown,,,CAMERA_ONLY
0,110.2940,cam_26,CAM_ONLY,29.9419,,32.4732,2.5313,,7.7952,,0,,11.76,1.01,slowdown,,,CAMERA_ONLY
0,110.3513,cam_26,CAM_ONLY,30.7881,,32.6217,1.8336,,5.6208,,0,,14.55,1.03,slowdown,,,CAMERA_ONLY
0,110.3513,t2519,LIDAR_ONLY,14.0757,14.0757,32.6217,18.5460,18.5460,56.8517,56.8517,0,0,14.55,1.03,cautious,-23.37,front,LIDAR_ONLY
0,110.3513,t2519,LIDAR_ONLY,14.4136,14.4136,32.6217,18.2081,18.2081,55.8160,55.8160,0,0,14.55,1.03,cautious,-19.15,front,LIDAR_ONLY
0,110.4164,cam_26,CAM_ONLY,31.8623,,32.8235,0.9612,,2.9285,,1,,14.92,1.48,safe,,,CAMERA_ONLY
0,110.6954,t2528,LIDAR_ONLY,13.3605,13.3605,33.7184,20.3580,20.3580,60.3764,60.3764,0,0,13.84,1.12,cautious,-25.28,front,LIDAR_ONLY
0,110.8393,cam_27,CAM_ONLY,33.4762,,34.2000,0.7238,,2.1163,,1,,19.06,1.30,slowdown,,,CAMERA_ONLY
0,110.8393,t2528,LIDAR_ONLY,13.0640,13.0640,34.2000,21.1360,21.1360,61.8011,61.8011,0,0,19.06,1.30,slow,-26.94,front,LIDAR_ONLY
0,110.9048,t2537,BOTH,34.2673,37.8078,34.4006,0.1333,3.4072,0.3874,9.9044,1,0,11.85,1.11,safe,,,FULL_ANGLE
0,110.9048,t2538,LIDAR_ONLY,38.3523,38.3523,34.4006,3.9517,3.9517,11.4872,11.4872,0,0,11.85,1.11,drive,24.47,front,LIDAR_ONLY
0,110.9048,t2528,LIDAR_ONLY,13.2802,13.2802,34.4006,21.1204,21.1204,61.3954,61.3954,0,0,11.85,1.11,slow,-21.82,front,LIDAR_ONLY
0,110.9690,cam_27,CAM_ONLY,34.2732,,34.6013,0.3281,,0.9482,,1,,15.04,1.22,safe,,,CAMERA_ONLY
0,111.1573,t2547,LIDAR_ONLY,43.9169,43.9169,35.2236,8.6934,8.6934,24.6805,24.6805,0,0,14.44,0.97,drive,21.47,front,LIDAR_ONLY
0,111.1573,t2547,LIDAR_ONLY,37.4503,37.4503,35.2236,2.2267,2.2267,6.3216,6.3216,0,0,14.44,0.97,drive,29.88,front,LIDAR_ONLY
0,111.2274,cam_27,CAM_ONLY,34.5877,,35.4636,0.8759,,2.4699,,1,,15.77,1.21,safe,,,CAMERA_ONLY
0,111.6061,t2559,LIDAR_ONLY,19.7280,19.7280,36.6692,16.9412,16.9412,46.2002,46.2002,0,0,11.43,1.21,drive,-16.06,front,LIDAR_ONLY
0,111.6061,t2559,LIDAR_ONLY,17.8757,17.8757,36.6692,18.7935,18.7935,51.2515,51.2515,0,0,11.43,1.21,cautious,-20.14,front,LIDAR_ONLY
0,111.7423,t2559,LIDAR_ONLY,18.2470,18.2470,37.1139,18.8669,18.8669,50.8351,50.8351,0,0,12.42,1.09,cautious,-14.53,front,LIDAR_ONLY
0,111.8030,t2564,LIDAR_ONLY,37.8515,37.8515,37.2961,0.5555,0.5555,1.4894,1.4894,1,1,9.82,1.30,drive,25.01,front,LIDAR_ONLY
0,111.8030,t2564,LIDAR_ONLY,35.1387,35.1387,37.2961,2.1574,2.1574,5.7845,5.7845,0,0,9.82,1.30,drive,29.04,front,LIDAR_ONLY
0,111.8614,t2564,LIDAR_ONLY,35.5092,35.5092,37.4453,1.9361,1.9361,5.1703,5.1703,0,0,9.82,1.21,drive,24.34,front,LIDAR_ONLY
0,112.0509,t2570,LIDAR_ONLY,15.8675,15.8675,37.9741,22.1066,22.1066,58.2149,58.2149,0,0,15.37,1.00,cautious,-20.87,front,LIDAR_ONLY
0,112.2555,t2570,LIDAR_ONLY,16.7213,16.7213,38.4752,21.7539,21.7539,56.5400,56.5400,0,0,18.14,2.05,cautious,-15.56,front,LIDAR_ONLY
0,112.9938,t2599,LIDAR_ONLY,11.6262,11.6262,40.0381,28.4119,28.4119,70.9622,70.9622,0,0,16.18,1.06,slow,-28.89,front,LIDAR_ONLY
0,113.6448,t2614,LIDAR_ONLY,33.2108,33.2108,41.6788,8.4680,8.4680,20.3172,20.3172,0,0,8.82,0.89,drive,27.43,front,LIDAR_ONLY
0,113.7539,t2617,LIDAR_ONLY,47.3238,47.3238,41.8978,5.4260,5.4260,12.9505,12.9505,0,0,11.28,1.25,drive,12.40,front,LIDAR_ONLY
0,113.7539,t2619,LIDAR_ONLY,20.9003,20.9003,41.8978,20.9975,20.9975,50.1159,50.1159,0,0,11.28,1.25,drive,-16.67,front,LIDAR_ONLY
0,113.9521,t2619,LIDAR_ONLY,17.4512,17.4512,42.2265,24.7753,24.7753,58.6724,58.6724,0,0,15.14,0.90,cautious,-24.39,front,LIDAR_ONLY
0,113.9521,t2619,LIDAR_ONLY,15.6544,15.6544,42.2265,26.5720,26.5720,62.9274,62.9274,0,0,15.14,0.90,cautious,-28.60,front,LIDAR_ONLY
0,114.3948,t2635,LIDAR_ONLY,15.7870,15.7870,42.9105,27.1234,27.1234,63.2094,63.2094,0,0,14.54,1.07,cautious,-20.05,front,LIDAR_ONLY
0,114.3948,t2635,LIDAR_ONLY,13.6610,13.6610,42.9105,29.2495,29.2495,68.1640,68.1640,0,0,14.54,1.07,slow,-28.35,front,LIDAR_ONLY
0,114.5959,t2635,LIDAR_ONLY,13.1095,13.1095,43.3114,30.2019,30.2019,69.7319,69.7319,0,0,17.54,1.05,slow,-27.12,front,LIDAR_ONLY
0,114.5959,t2635,LIDAR_ONLY,13.1717,13.1717,43.3114,30.1397,30.1397,69.5884,69.5884,0,0,17.54,1.05,slow,-22.93,front,LIDAR_ONLY
0,114.8563,t2647,LIDAR_ONLY,31.9840,31.9840,43.8769,11.8929,11.8929,27.1051,27.1051,0,0,18.94,1.21,drive,29.86,front,LIDAR_ONLY
0,115.0477,t2652,LIDAR_ONLY,17.7307,17.7307,44.2577,26.5270,26.5270,59.9375,59.9375,0,0,15.30,2.01,cautious,-22.14,front,LIDAR_ONLY
0,115.1053,t2652,LIDAR_ONLY,17.6041,17.6041,44.3651,26.7610,26.7610,60.3200,60.3200,0,0,10.03,0.96,cautious,-22.73,front,LIDAR_ONLY
0,115.2894,t2652,LIDAR_ONLY,16.7909,16.7909,44.7161,27.9252,27.9252,62.4501,62.4501,0,0,9.18,1.15,cautious,-25.25,front,LIDAR_ONLY
0,115.5492,t2672,LIDAR_ONLY,13.5700,13.5700,45.1888,31.6188,31.6188,69.9704,69.9704,0,0,11.42,1.47,slow,-23.90,front,LIDAR_ONLY
0,115.5492,t2672,LIDAR_ONLY,12.7952,12.7952,45.1888,32.3937,32.3937,71.6851,71.6851,0,0,11.42,1.47,slow,-27.99,front,LIDAR_ONLY
0,117.2483,t2712,LIDAR_ONLY,20.9568,20.9568,48.2551,27.2984,27.2984,56.5709,56.5709,0,0,16.47,1.11,drive,-13.31,front,LIDAR_ONLY
0,117.2483,t2714,LIDAR_ONLY,11.7823,11.7823,48.2551,36.4728,36.4728,75.5833,75.5833,0,0,16.47,1.11,slow,-25.96,front,LIDAR_ONLY
0,117.3101,t2716,LIDAR_ONLY,37.5988,37.5988,48.3712,10.7724,10.7724,22.2702,22.2702,0,0,12.50,1.32,drive,29.84,front,LIDAR_ONLY
0,117.4587,t2712,LIDAR_ONLY,20.9651,20.9651,48.6410,27.6759,27.6759,56.8983,56.8983,0,0,19.48,0.95,drive,-12.83,front,LIDAR_ONLY
0,117.4587,t2714,LIDAR_ONLY,12.0928,12.0928,48.6410,36.5481,36.5481,75.1386,75.1386,0,0,19.48,0.95,slow,-20.91,front,LIDAR_ONLY
0,117.4587,t2712,LIDAR_ONLY,19.5424,19.5424,48.6410,29.0985,29.0985,59.8231,59.8231,0,0,19.48,0.95,cautious,-16.87,front,LIDAR_ONLY
0,117.4587,t2714,LIDAR_ONLY,11.9002,11.9002,48.6410,36.7408,36.7408,75.5347,75.5347,0,0,19.48,0.95,slow,-28.99,front,LIDAR_ONLY
0,117.4587,t2714,LIDAR_ONLY,11.9039,11.9039,48.6410,36.7371,36.7371,75.5271,75.5271,0,0,19.48,0.95,slow,-24.95,front,LIDAR_ONLY
0,117.8497,t2731,LIDAR_ONLY,14.4873,14.4873,49.3920,34.9047,34.9047,70.6688,70.6688,0,0,16.16,1.84,slow,-23.56,front,LIDAR_ONLY
0,118.0478,t2731,LIDAR_ONLY,14.1770,14.1770,49.7047,35.5277,35.5277,71.4776,71.4776,0,0,10.54,1.12,slow,-25.22,front,LIDAR_ONLY
0,118.0478,t2731,LIDAR_ONLY,13.4336,13.4336,49.7047,36.2710,36.2710,72.9731,72.9731,0,0,10.54,1.12,slow,-29.24,front,LIDAR_ONLY
0,118.3492,t2744,LIDAR_ONLY,12.9239,12.9239,50.4058,37.4819,37.4819,74.3603,74.3603,0,0,12.48,2.39,slow,-25.39,front,LIDAR_ONLY
0,118.3492,t2744,LIDAR_ONLY,13.2690,13.2690,50.4058,37.1368,37.1368,73.6757,73.6757,0,0,12.48,2.39,slow,-21.26,front,LIDAR_ONLY
0,118.7466,t2755,LIDAR_ONLY,13.9024,13.9024,51.6689,37.7665,37.7665,73.0933,73.0933,0,0,21.13,2.13,slow,-21.95,front,LIDAR_ONLY
0,118.9005,t2760,LIDAR_ONLY,48.9094,48.9094,52.0891,3.1797,3.1797,6.1044,6.1044,0,0,11.61,0.98,drive,23.59,front,LIDAR_ONLY
0,118.9005,t2755,LIDAR_ONLY,14.9461,14.9461,52.0891,37.1430,37.1430,71.3067,71.3067,0,0,11.61,0.98,slow,-13.87,front,LIDAR_ONLY
0,118.9005,t2755,LIDAR_ONLY,15.3114,15.3114,52.0891,36.7777,36.7777,70.6054,70.6054,0,0,11.61,0.98,slow,-22.19,front,LIDAR_ONLY
0,118.9005,t2755,LIDAR_ONLY,15.5947,15.5947,52.0891,36.4944,36.4944,70.0615,70.0615,0,0,11.61,0.98,cautious,-18.03,front,LIDAR_ONLY
0,119.0947,t2755,LIDAR_ONLY,15.5676,15.5676,52.6551,37.0874,37.0874,70.4347,70.4347,0,0,22.03,1.13,cautious,-25.03,front,LIDAR_ONLY
0,119.0947,t2755,LIDAR_ONLY,15.6457,15.6457,52.6551,37.0094,37.0094,70.2864,70.2864,0,0,22.03,1.13,cautious,-20.97,front,LIDAR_ONLY
0,119.0947,t2755,LIDAR_ONLY,13.8950,13.8950,52.6551,38.7600,38.7600,73.6112,73.6112,0,0,22.03,1.13,slow,-29.09,front,LIDAR_ONLY
0,119.5510,t2774,LIDAR_ONLY,20.2589,20.2589,53.9086,33.6497,33.6497,62.4199,62.4199,0,0,12.09,0.81,drive,-15.42,front,LIDAR_ONLY
0,119.7510,t2774,LIDAR_ONLY,16.4577,16.4577,54.3120,37.8543,37.8543,69.6979,69.6979,0,0,18.23,2.29,cautious,-24.49,front,LIDAR_ONLY
0,119.7510,t2774,LIDAR_ONLY,14.6198,14.6198,54.3120,39.6922,39.6922,73.0819,73.0819,0,0,18.23,2.29,cautious,-28.67,front,LIDAR_ONLY
0,120.0532,t2792,LIDAR_ONLY,14.2753,14.2753,54.7575,40.4822,40.4822,73.9300,73.9300,0,0,11.17,0.93,cautious,-20.99,front,LIDAR_ONLY
0,120.0532,t2792,LIDAR_ONLY,12.1430,12.1430,54.7575,42.6144,42.6144,77.8240,77.8240,0,0,11.17,0.93,slow,-29.42,front,LIDAR_ONLY
0,120.2498,t2792,LIDAR_ONLY,11.7435,11.7435,54.6837,42.9402,42.9402,78.5248,78.5248,0,0,19.36,0.98,slow,-28.21,front,LIDAR_ONLY
0,120.5000,t2807,LIDAR_ONLY,42.3444,42.3444,54.5437,12.1993,12.1993,22.3661,22.3661,0,0,11.24,0.91,drive,26.64,front,LIDAR_ONLY
0,120.7412,t2814,LIDAR_ONLY,11.6606,11.6606,54.3281,42.6675,42.6675,78.5367,78.5367,0,0,16.72,1.18,slow,-26.87,front,LIDAR_ONLY
0,121.1093,t2827,LIDAR_ONLY,39.7570,39.7570,54.0224,14.2654,14.2654,26.4065,26.4065,0,0,15.69,0.86,drive,28.90,front,LIDAR_ONLY
0,121.4944,t2838,LIDAR_ONLY,10.1889,10.1889,53.7624,43.5735,43.5735,81.0482,81.0482,0,0,16.78,1.02,slow,-29.76,front,LIDAR_ONLY
0,122.1975,t2852,LIDAR_ONLY,21.5841,21.5841,53.5086,31.9246,31.9246,59.6624,59.6624,0,0,13.69,1.02,drive,-12.26,front,LIDAR_ONLY
0,122.1975,t2852,LIDAR_ONLY,17.6066,17.6066,53.5086,35.9021,35.9021,67.0958,67.0958,0,0,13.69,1.02,cautious,-20.56,front,LIDAR_ONLY
0,122.3948,t2852,LIDAR_ONLY,15.6523,15.6523,53.4800,37.8277,37.8277,70.7325,70.7325,0,0,10.24,1.08,cautious,-24.31,front,LIDAR_ONLY
0,122.6502,t2858,LIDAR_ONLY,9.8875,9.8875,53.4862,43.5987,43.5987,81.5139,81.5139,0,0,14.91,1.20,slow,-29.94,front,LIDAR_ONLY
0,122.9070,t2865,LIDAR_ONLY,38.9962,38.9962,53.5169,14.5208,14.5208,27.1331,27.1331,0,0,13.66,1.14,drive,22.63,front,LIDAR_ONLY
0,123.1004,t2870,LIDAR_ONLY,13.1044,13.1044,53.4839,40.3795,40.3795,75.4984,75.4984,0,0,11.45,0.89,slow,-22.60,front,LIDAR_ONLY
0,123.1004,t2870,LIDAR_ONLY,12.1652,12.1652,53.4839,41.3187,41.3187,77.2545,77.2545,0,0,11.45,0.89,slow,-26.72,front,LIDAR_ONLY
0,123.3577,t2872,LIDAR_ONLY,39.8403,39.8403,53.3540,13.5136,13.5136,25.3283,25.3283,0,0,15.02,0.93,drive,29.57,front,LIDAR_ONLY
0,123.6030,t2879,LIDAR_ONLY,35.3968,35.3968,53.1368,17.7400,17.7400,33.3855,33.3855,0,0,11.27,1.03,drive,24.31,front,LIDAR_ONLY
0,123.6030,t2882,LIDAR_ONLY,11.6483,11.6483,53.1368,41.4885,41.4885,78.0787,78.0787,0,0,11.27,1.03,slow,-28.12,front,LIDAR_ONLY
0,123.8489,t2889,LIDAR_ONLY,13.5220,13.5220,52.8339,39.3119,39.3119,74.4065,74.4065,0,0,9.66,0.88,slow,-23.58,front,LIDAR_ONLY
0,123.8489,t2889,LIDAR_ONLY,13.9413,13.9413,52.8339,38.8926,38.8926,73.6130,73.6130,0,0,9.66,0.88,slow,-19.38,front,LIDAR_ONLY
0,123.8489,t2889,LIDAR_ONLY,13.7734,13.7734,52.8339,39.0605,39.0605,73.9307,73.9307,0,0,9.66,0.88,slow,-27.78,front,LIDAR_ONLY
0,123.9038,t2889,LIDAR_ONLY,13.6816,13.6816,52.7686,39.0870,39.0870,74.0725,74.0725,0,0,8.72,1.00,slow,-23.47,front,LIDAR_ONLY
0,124.0503,t2889,LIDAR_ONLY,13.3495,13.3495,52.5652,39.2157,39.2157,74.6040,74.6040,0,0,19.21,1.22,slow,-26.14,front,LIDAR_ONLY
0,124.3585,t2902,LIDAR_ONLY,33.8955,33.8955,52.3070,18.4115,18.4115,35.1988,35.1988,0,0,13.45,1.11,drive,29.88,front,LIDAR_ONLY
0,124.3585,t2904,LIDAR_ONLY,12.3458,12.3458,52.3070,39.9612,39.9612,76.3974,76.3974,0,0,13.45,1.11,slow,-24.29,front,LIDAR_ONLY
0,124.5445,t2904,LIDAR_ONLY,11.2050,11.2050,52.1983,40.9933,40.9933,78.5338,78.5338,0,0,11.84,1.98,slow,-28.69,front,LIDAR_ONLY
0,124.8033,t2918,LIDAR_ONLY,13.8738,13.8738,52.1121,38.2383,38.2383,73.3770,73.3770,0,0,16.78,0.96,cautious,-21.66,front,LIDAR_ONLY
0,124.8033,t2918,LIDAR_ONLY,12.8356,12.8356,52.1121,39.2765,39.2765,75.3692,75.3692,0,0,16.78,0.96,slow,-25.80,front,LIDAR_ONLY
0,124.8033,t2918,LIDAR_ONLY,11.9723,11.9723,52.1121,40.1398,40.1398,77.0259,77.0259,0,0,16.78,0.96,slow,-29.95,front,LIDAR_ONLY
0,125.0515,t2922,LIDAR_ONLY,30.0828,30.0828,52.0964,22.0137,22.0137,42.2556,42.2556,0,0,9.48,1.19,drive,29.36,front,LIDAR_ONLY
0,125.0515,t2923,LIDAR_ONLY,16.4630,16.4630,52.0964,35.6334,35.6334,68.3989,68.3989,0,0,9.48,1.19,cautious,-19.22,front,LIDAR_ONLY
0,125.8945,t2937,LIDAR_ONLY,11.1545,11.1545,51.9600,40.8054,40.8054,78.5324,78.5324,0,0,12.52,1.19,slow,-26.49,front,LIDAR_ONLY
0,126.1983,t2946,LIDAR_ONLY,18.5922,18.5922,52.0532,33.4611,33.4611,64.2824,64.2824,0,0,11.25,1.08,cautious,-19.04,front,LIDAR_ONLY
0,126.1983,t2946,LIDAR_ONLY,15.9379,15.9379,52.0532,36.1154,36.1154,69.3816,69.3816,0,0,11.25,1.08,cautious,-23.17,front,LIDAR_ONLY
0,126.4603,t2956,LIDAR_ONLY,41.7276,41.7276,52.0751,10.3475,10.3475,19.8704,19.8704,0,0,23.49,0.88,drive,26.01,front,LIDAR_ONLY
0,127.0977,t2972,LIDAR_ONLY,14.1991,14.1991,51.7407,37.5416,37.5416,72.5573,72.5573,0,0,18.99,2.14,slow,-25.19,front,LIDAR_ONLY
0,127.0977,t2972,LIDAR_ONLY,12.4893,12.4893,51.7407,39.2514,39.2514,75.8617,75.8617,0,0,18.99,2.14,slow,-29.28,front,LIDAR_ONLY
0,127.0977,t2972,LIDAR_ONLY,12.2495,12.2495,51.7407,39.4912,39.4912,76.3253,76.3253,0,0,18.99,2.14,slow,-25.19,front,LIDAR_ONLY
0,127.3494,t2977,LIDAR_ONLY,12.9478,12.9478,51.6572,38.7094,38.7094,74.9352,74.9352,0,0,15.19,1.01,slow,-27.64,front,LIDAR_ONLY
0,127.3494,t2977,LIDAR_ONLY,13.0885,13.0885,51.6572,38.5687,38.5687,74.6629,74.6629,0,0,15.19,1.01,slow,-19.49,front,LIDAR_ONLY
0,127.3494,t2977,LIDAR_ONLY,12.6121,12.6121,51.6572,39.0450,39.0450,75.5849,75.5849,0,0,15.19,1.01,slow,-27.64,front,LIDAR_ONLY
0,127.4974,t2977,LIDAR_ONLY,12.1197,12.1197,51.6881,39.5684,39.5684,76.5522,76.5522,0,0,23.28,1.89,slow,-27.69,front,LIDAR_ONLY
0,127.7008,t2977,LIDAR_ONLY,12.1942,12.1942,51.7784,39.5842,39.5842,76.4493,76.4493,0,0,15.40,1.01,slow,-19.95,front,LIDAR_ONLY
0,127.7008,t2977,LIDAR_ONLY,11.6194,11.6194,51.7784,40.1590,40.1590,77.5594,77.5594,0,0,15.40,1.01,slow,-28.08,front,LIDAR_ONLY
0,128.9931,t3006,LIDAR_ONLY,9.6951,9.6951,51.8044,42.1093,42.1093,81.2852,81.2852,0,0,19.48,0.95,slow,-29.49,front,LIDAR_ONLY
0,131.0465,t3038,LIDAR_ONLY,21.5387,21.5387,50.3419,28.8032,28.8032,57.2152,57.2152,0,0,8.78,0.77,drive,-16.23,front,LIDAR_ONLY
0,132.2075,t3051,LIDAR_ONLY,47.6247,47.6247,49.5603,1.9356,1.9356,3.9055,3.9055,0,0,17.46,0.93,drive,25.30,front,LIDAR_ONLY
0,132.5459,t3054,LIDAR_ONLY,22.4979,22.4979,49.2077,26.7098,26.7098,54.2797,54.2797,0,0,12.68,0.85,drive,-16.40,front,LIDAR_ONLY
0,132.7924,t3056,LIDAR_ONLY,11.5111,11.5111,49.1011,37.5901,37.5901,76.5564,76.5564,0,0,11.16,0.79,slow,-29.13,front,LIDAR_ONLY
0,132.9406,t3056,LIDAR_ONLY,11.5300,11.5300,49.0847,37.5546,37.5546,76.5099,76.5099,0,0,19.35,0.83,slow,-27.90,front,LIDAR_ONLY
0,133.1530,t3056,LIDAR_ONLY,11.6991,11.6991,49.0933,37.3942,37.3942,76.1696,76.1696,0,0,23.62,0.89,slow,-24.08,front,LIDAR_ONLY
0,134.1086,t3074,LIDAR_ONLY,14.8353,14.8353,48.8443,34.0089,34.0089,69.6273,69.6273,0,0,21.28,1.46,slow,-25.77,front,LIDAR_ONLY
0,134.1086,t3075,LIDAR_ONLY,39.7132,39.7132,48.8443,9.1311,9.1311,18.6943,18.6943,0,0,21.28,1.46,drive,28.49,front,LIDAR_ONLY
0,134.3001,t3074,LIDAR_ONLY,14.3697,14.3697,48.7483,34.3787,34.3787,70.5228,70.5228,0,0,11.55,0.96,slow,-22.31,front,LIDAR_ONLY
0,134.9946,t3086,LIDAR_ONLY,12.8764,12.8764,48.0738,35.1974,35.1974,73.2153,73.2153,0,0,13.59,1.08,slow,-28.83,front,LIDAR_ONLY
0,136.4019,t3110,LIDAR_ONLY,47.6015,47.6015,45.4053,2.1962,2.1962,4.8369,4.8369,0,0,21.25,0.81,drive,22.76,front,LIDAR_ONLY
0,136.4019,t3111,LIDAR_ONLY,16.0414,16.0414,45.4053,29.3639,29.3639,64.6706,64.6706,0,0,21.25,0.81,cautious,-21.33,front,LIDAR_ONLY
0,136.6563,t3115,LIDAR_ONLY,32.2757,32.2757,44.9790,12.7033,12.7033,28.2428,28.2428,0,0,12.54,0.83,drive,15.45,front,LIDAR_ONLY
0,136.9026,t3120,LIDAR_ONLY,31.0348,31.0348,44.7029,13.6682,13.6682,30.5755,30.5755,0,0,18.08,0.91,drive,16.43,front,LIDAR_ONLY
0,136.9026,t3120,LIDAR_ONLY,32.6579,32.6579,44.7029,12.0450,12.0450,26.9446,26.9446,0,0,18.08,0.91,drive,24.57,front,LIDAR_ONLY
0,137.1029,t3120,LIDAR_ONLY,34.5639,34.5639,44.4380,9.8741,9.8741,22.2200,22.2200,0,0,20.14,1.59,drive,25.18,front,LIDAR_ONLY
0,137.1029,t3125,LIDAR_ONLY,14.1371,14.1371,44.4380,30.3009,30.3009,68.1869,68.1869,0,0,20.14,1.59,slow,-23.23,front,LIDAR_ONLY
0,137.1029,t3125,LIDAR_ONLY,13.1627,13.1627,44.4380,31.2754,31.2754,70.3797,70.3797,0,0,20.14,1.59,slow,-27.26,front,LIDAR_ONLY
0,137.6987,t3135,LIDAR_ONLY,14.9698,14.9698,43.4574,28.4876,28.4876,65.5529,65.5529,0,0,27.97,1.21,slow,-21.67,front,LIDAR_ONLY
0,138.4034,t3153,LIDAR_ONLY,34.8480,34.8480,43.1878,8.3398,8.3398,19.3105,19.3105,0,0,14.24,0.95,drive,25.94,front,LIDAR_ONLY
0,138.6001,t3156,LIDAR_ONLY,16.3646,16.3646,43.0035,26.6389,26.6389,61.9459,61.9459,0,0,13.94,0.79,cautious,-20.17,front,LIDAR_ONLY
0,139.5957,t3179,LIDAR_ONLY,11.8336,11.8336,42.3340,30.5004,30.5004,72.0471,72.0471,0,0,21.21,2.12,slow,-26.28,front,LIDAR_ONLY
0,139.8486,t3188,LIDAR_ONLY,12.8101,12.8101,42.4299,29.6198,29.6198,69.8087,69.8087,0,0,12.62,1.06,slow,-24.31,front,LIDAR_ONLY
0,140.0482,t3188,LIDAR_ONLY,12.7197,12.7197,42.6113,29.8916,29.8916,70.1495,70.1495,0,0,11.11,0.91,slow,-26.19,front,LIDAR_ONLY
0,140.2604,t3194,LIDAR_ONLY,47.5059,47.5059,42.9116,4.5943,4.5943,10.7063,10.7063,0,0,15.89,0.88,drive,-6.94,front,LIDAR_ONLY
0,140.2604,t3196,LIDAR_ONLY,33.5744,33.5744,42.9116,9.3372,9.3372,21.7592,21.7592,0,0,15.89,0.88,drive,26.19,front,LIDAR_ONLY
0,140.3405,t3198,LIDAR_ONLY,14.1824,14.1824,43.0739,28.8915,28.8915,67.0742,67.0742,0,0,15.21,1.25,cautious,-23.12,front,LIDAR_ONLY
0,140.4561,t3194,LIDAR_ONLY,47.0812,47.0812,43.2861,3.7951,3.7951,8.7674,8.7674,0,0,8.33,0.96,drive,-6.97,front,LIDAR_ONLY
0,140.4561,t3196,LIDAR_ONLY,34.3600,34.3600,43.2861,8.9261,8.9261,20.6212,20.6212,0,0,8.33,0.96,drive,22.23,front,LIDAR_ONLY
0,140.7598,t3207,LIDAR_ONLY,14.4172,14.4172,43.9049,29.4877,29.4877,67.1627,67.1627,0,0,9.71,0.91,slow,-22.24,front,LIDAR_ONLY
0,140.8910,t3207,LIDAR_ONLY,12.8336,12.8336,44.1860,31.3524,31.3524,70.9556,70.9556,0,0,14.10,1.47,slow,-27.60,front,LIDAR_ONLY
0,141.1515,t3217,LIDAR_ONLY,36.5560,36.5560,44.8791,8.3231,8.3231,18.5455,18.5455,0,0,13.80,0.88,drive,24.74,front,LIDAR_ONLY
0,141.1515,t3218,LIDAR_ONLY,14.2147,14.2147,44.8791,30.6645,30.6645,68.3268,68.3268,0,0,13.80,0.88,cautious,-21.82,front,LIDAR_ONLY
0,141.5955,t3227,LIDAR_ONLY,13.3412,13.3412,46.0081,32.6669,32.6669,71.0025,71.0025,0,0,11.78,1.11,slow,-24.35,front,LIDAR_ONLY
0,141.5955,t3227,LIDAR_ONLY,12.4531,12.4531,46.0081,33.5550,33.5550,72.9329,72.9329,0,0,11.78,1.11,slow,-28.37,front,LIDAR_ONLY
0,141.6589,t3232,LIDAR_ONLY,41.7302,41.7302,46.1345,4.4043,4.4043,9.5466,9.5466,0,0,13.44,1.09,drive,20.36,front,LIDAR_ONLY
0,141.6589,t3232,LIDAR_ONLY,38.5537,38.5537,46.1345,7.5808,7.5808,16.4320,16.4320,0,0,13.44,1.09,drive,24.44,front,LIDAR_ONLY
0,141.6589,t3232,LIDAR_ONLY,35.9622,35.9622,46.1345,10.1723,10.1723,22.0491,22.0491,0,0,13.44,1.09,drive,28.52,front,LIDAR_ONLY
0,141.7918,t3227,LIDAR_ONLY,12.6163,12.6163,46.4217,33.8054,33.8054,72.8225,72.8225,0,0,13.32,1.41,slow,-23.90,front,LIDAR_ONLY
0,141.7918,t3227,LIDAR_ONLY,12.6565,12.6565,46.4217,33.7652,33.7652,72.7358,72.7358,0,0,13.32,1.41,slow,-27.90,front,LIDAR_ONLY
0,142.1005,t3241,LIDAR_ONLY,13.8003,13.8003,47.1161,33.3158,33.3158,70.7100,70.7100,0,0,8.81,1.15,slow,-22.92,front,LIDAR_ONLY
0,142.1005,t3241,LIDAR_ONLY,14.2084,14.2084,47.1161,32.9077,32.9077,69.8438,69.8438,0,0,8.81,1.15,slow,-18.82,front,LIDAR_ONLY
0,142.1005,t3241,LIDAR_ONLY,14.0487,14.0487,47.1161,33.0674,33.0674,70.1828,70.1828,0,0,8.81,1.15,slow,-27.02,front,LIDAR_ONLY
0,142.1574,t3243,LIDAR_ONLY,49.1666,49.1666,47.2311,1.9355,1.9355,4.0979,4.0979,0,0,8.79,1.05,drive,27.04,front,LIDAR_ONLY
0,142.3557,t3243,LIDAR_ONLY,46.5132,46.5132,47.7661,1.2529,1.2529,2.6230,2.6230,0,0,12.71,0.94,drive,20.78,front,LIDAR_ONLY
0,142.3557,t3243,LIDAR_ONLY,41.5318,41.5318,47.7661,6.2343,6.2343,13.0517,13.0517,0,0,12.71,0.94,drive,29.02,front,LIDAR_ONLY
0,142.5482,t3253,LIDAR_ONLY,10.5553,10.5553,48.3272,37.7719,37.7719,78.1587,78.1587,0,0,11.17,0.87,slow,-29.68,front,LIDAR_ONLY
0,142.9913,t3264,LIDAR_ONLY,10.6173,10.6173,49.6779,39.0606,39.0606,78.6276,78.6276,0,0,10.86,1.15,slow,-27.57,front,LIDAR_ONLY
0,143.2462,t3271,LIDAR_ONLY,13.1318,13.1318,50.3669,37.2350,37.2350,73.9276,73.9276,0,0,12.56,1.01,slow,-21.80,front,LIDAR_ONLY
0,143.2462,t3271,LIDAR_ONLY,11.1637,11.1637,50.3669,39.2032,39.2032,77.8353,77.8353,0,0,12.56,1.01,slow,-29.87,front,LIDAR_ONLY
0,143.7005,t3282,LIDAR_ONLY,44.0650,44.0650,51.4515,7.3866,7.3866,14.3564,14.3564,0,0,11.17,0.94,drive,19.28,front,LIDAR_ONLY
0,144.0051,t3289,LIDAR_ONLY,36.6915,36.6915,51.9774,15.2859,15.2859,29.4088,29.4088,0,0,10.75,1.94,drive,23.84,front,LIDAR_ONLY
0,144.0051,t3289,LIDAR_ONLY,34.0664,34.0664,51.9774,17.9111,17.9111,34.4593,34.4593,0,0,10.75,1.94,drive,27.89,front,LIDAR_ONLY
0,144.1526,t3292,LIDAR_ONLY,15.5239,15.5239,52.2128,36.6890,36.6890,70.2681,70.2681,0,0,13.73,1.05,cautious,-19.67,front,LIDAR_ONLY
0,144.8505,t3308,LIDAR_ONLY,10.1497,10.1497,53.5069,43.3571,43.3571,81.0310,81.0310,0,0,17.00,1.08,slow,-29.21,front,LIDAR_ONLY
0,144.8505,t3308,LIDAR_ONLY,10.3585,10.3585,53.5069,43.1484,43.1484,80.6409,80.6409,0,0,17.00,1.08,slow,-25.14,front,LIDAR_ONLY
0,145.0960,t3316,LIDAR_ONLY,21.3444,21.3444,53.4001,32.0557,32.0557,60.0293,60.0293,0,0,11.58,1.10,drive,-15.11,front,LIDAR_ONLY
0,145.0960,t3316,LIDAR_ONLY,18.9337,18.9337,53.4001,34.4663,34.4663,64.5436,64.5436,0,0,11.58,1.10,cautious,-19.37,front,LIDAR_ONLY
0,145.4027,t3326,LIDAR_ONLY,23.0226,23.0226,52.4869,29.4643,29.4643,56.1364,56.1364,0,0,9.56,1.38,drive,-14.49,front,LIDAR_ONLY
0,145.4027,t3326,LIDAR_ONLY,18.5460,18.5460,52.4869,33.9409,33.9409,64.6655,64.6655,0,0,9.56,1.38,cautious,-22.66,front,LIDAR_ONLY
0,145.4027,t3326,LIDAR_ONLY,18.1770,18.1770,52.4869,34.3100,34.3100,65.3686,65.3686,0,0,9.56,1.38,cautious,-18.58,front,LIDAR_ONLY
0,145.7056,t3334,LIDAR_ONLY,4.8965,4.8965,51.8382,46.9417,46.9417,90.5543,90.5543,0,0,14.48,1.23,emergency_stop,26.26,front,LIDAR_ONLY
0,146.1003,t3342,LIDAR_ONLY,10.4007,10.4007,51.1247,40.7240,40.7240,79.6562,79.6562,0,0,16.18,0.87,slow,-29.48,front,LIDAR_ONLY
0,146.1003,t3342,LIDAR_ONLY,10.6133,10.6133,51.1247,40.5114,40.5114,79.2404,79.2404,0,0,16.18,0.87,slow,-25.39,front,LIDAR_ONLY
0,146.1003,t3343,LIDAR_ONLY,7.1998,7.1998,51.1247,43.9249,43.9249,85.9172,85.9172,0,0,16.18,0.87,stop,22.20,front,LIDAR_ONLY
0,146.1003,t3343,LIDAR_ONLY,7.1654,7.1654,51.1247,43.9593,43.9593,85.9845,85.9845,0,0,16.18,0.87,stop,27.88,front,LIDAR_ONLY
0,146.1665,cam_28,CAM_ONLY,46.8987,,50.9857,4.0871,,8.0161,,0,,14.98,1.21,safe,,,CAMERA_ONLY
0,146.2910,cam_28,CAM_ONLY,46.6850,,50.7283,4.0433,,7.9706,,0,,15.34,1.01,safe,,,CAMERA_ONLY
0,146.2910,t3342,LIDAR_ONLY,10.7121,10.7121,50.7283,40.0162,40.0162,78.8834,78.8834,0,0,15.34,1.01,slow,-28.84,front,LIDAR_ONLY
0,146.3624,cam_28,CAM_ONLY,48.0055,,50.5873,2.5818,,5.1037,,0,,17.71,1.21,safe,,,CAMERA_ONLY
0,146.5478,t3353,LIDAR_ONLY,10.7611,10.7611,50.1998,39.4386,39.4386,78.5634,78.5634,0,0,17.37,0.98,slow,-29.24,front,LIDAR_ONLY
0,146.8440,t3364,LIDAR_ONLY,11.0028,11.0028,49.5751,38.5723,38.5723,77.8058,77.8058,0,0,12.04,1.09,slow,-27.97,front,LIDAR_ONLY
0,146.9028,t3364,LIDAR_ONLY,12.0791,12.0791,49.4533,37.3742,37.3742,75.5747,75.5747,0,0,9.61,0.85,slow,-18.98,front,LIDAR_ONLY
0,147.2230,cam_29,CAM_ONLY,18.5521,,48.8806,30.3285,,62.0461,,0,,13.69,0.88,stop,,,CAMERA_ONLY
0,147.3468,t3378,LIDAR_ONLY,10.2073,10.2073,48.6976,38.4903,38.4903,79.0394,79.0394,0,0,12.13,0.93,slow,-28.98,front,LIDAR_ONLY
0,147.3468,t3378,LIDAR_ONLY,10.3711,10.3711,48.6976,38.3266,38.3266,78.7031,78.7031,0,0,12.13,0.93,slow,-24.80,front,LIDAR_ONLY
0,147.8033,cam_30,CAM_ONLY,26.4414,,48.0930,21.6516,,45.0203,,0,,18.14,1.14,warning,,,CAMERA_ONLY
0,147.8664,cam_30,CAM_ONLY,26.4831,,47.9830,21.4999,,44.8074,,0,,9.44,0.84,warning,,,CAMERA_ONLY
0,148.0458,t3397,LIDAR_ONLY,10.9652,10.9652,47.6846,36.7195,36.7195,77.0048,77.0048,0,0,9.37,1.20,slow,-28.55,front,LIDAR_ONLY
0,148.1865,cam_30,CAM_ONLY,30.2836,,47.4554,17.1719,,36.1853,,0,,18.91,1.42,warning,,,CAMERA_ONLY
0,148.2517,cam_30,CAM_ONLY,29.1630,,47.3593,18.1963,,38.4218,,0,,15.93,0.83,warning,,,CAMERA_ONLY
0,148.2517,t3397,LIDAR_ONLY,10.9703,10.9703,47.3593,36.3890,36.3890,76.8360,76.8360,0,0,15.93,0.83,slow,-27.80,front,LIDAR_ONLY
0,148.3150,cam_30,CAM_ONLY,28.5223,,47.2681,18.7458,,39.6584,,0,,12.38,1.39,warning,,,CAMERA_ONLY
0,148.6990,t3417,LIDAR_ONLY,12.6144,12.6144,46.8168,34.2024,34.2024,73.0558,73.0558,0,0,14.59,1.17,slow,-23.10,front,LIDAR_ONLY
0,148.6990,t3417,LIDAR_ONLY,12.9204,12.9204,46.8168,33.8964,33.8964,72.4022,72.4022,0,0,14.59,1.17,slow,-18.97,front,LIDAR_ONLY
0,148.6990,t3417,LIDAR_ONLY,12.7850,12.7850,46.8168,34.0319,34.0319,72.6915,72.6915,0,0,14.59,1.17,slow,-27.23,front,LIDAR_ONLY
0,149.3962,t3439,LIDAR_ONLY,15.2596,15.2596,45.9408,30.6811,30.6811,66.7841,66.7841,0,0,12.01,1.02,cautious,-18.72,front,LIDAR_ONLY
0,149.8984,t3450,LIDAR_ONLY,11.1469,11.1469,44.8768,33.7299,33.7299,75.1610,75.1610,0,0,15.09,0.92,slow,-27.11,front,LIDAR_ONLY
0,150.0923,t3450,LIDAR_ONLY,10.6578,10.6578,44.3857,33.7278,33.7278,75.9881,75.9881,0,0,12.28,1.10,slow,-29.86,front,LIDAR_ONLY
0,150.6511,t3477,LIDAR_ONLY,20.5231,20.5231,43.6531,23.1300,23.1300,52.9859,52.9859,0,0,9.05,1.02,drive,-7.44,front,LIDAR_ONLY
0,150.6511,t3478,LIDAR_ONLY,10.2564,10.2564,43.6531,33.3967,33.3967,76.5048,76.5048,0,0,9.05,1.02,slow,-27.69,front,LIDAR_ONLY
0,151.1011,t3489,LIDAR_ONLY,11.5873,11.5873,43.2223,31.6350,31.6350,73.1915,73.1915,0,0,14.28,1.10,slow,-21.62,front,LIDAR_ONLY
0,151.3508,t3500,LIDAR_ONLY,10.0144,10.0144,42.9825,32.9681,32.9681,76.7012,76.7012,0,0,15.61,0.80,slow,-26.61,front,LIDAR_ONLY
0,151.5455,t3506,LIDAR_ONLY,14.3925,14.3925,42.8226,28.4301,28.4301,66.3903,66.3903,0,0,17.01,1.14,cautious,-15.18,front,LIDAR_ONLY
0,151.5455,t3500,LIDAR_ONLY,9.7561,9.7561,42.8226,33.0665,33.0665,77.2175,77.2175,0,0,17.01,1.14,slow,-27.78,front,LIDAR_ONLY
0,151.7929,t3512,LIDAR_ONLY,9.7663,9.7663,42.6440,32.8777,32.8777,77.0981,77.0981,0,0,16.26,1.25,slow,-26.91,front,LIDAR_ONLY
0,152.0506,t3523,LIDAR_ONLY,21.3925,21.3925,42.4840,21.0915,21.0915,49.6458,49.6458,0,0,23.47,0.99,drive,-2.35,front,LIDAR_ONLY
0,152.0506,t3524,LIDAR_ONLY,10.8726,10.8726,42.4840,31.6114,31.6114,74.4078,74.4078,0,0,23.47,0.99,slow,-23.10,front,LIDAR_ONLY
0,152.0506,t3524,LIDAR_ONLY,11.0782,11.0782,42.4840,31.4058,31.4058,73.9238,73.9238,0,0,23.47,0.99,slow,-18.95,front,LIDAR_ONLY
0,152.0506,t3524,LIDAR_ONLY,10.9798,10.9798,42.4840,31.5042,31.5042,74.1555,74.1555,0,0,23.47,0.99,slow,-27.25,front,LIDAR_ONLY
0,152.2427,t3524,LIDAR_ONLY,10.5514,10.5514,42.3822,31.8308,31.8308,75.1041,75.1041,0,0,14.39,1.14,slow,-29.38,front,LIDAR_ONLY
0,152.5944,t3540,LIDAR_ONLY,9.9957,9.9957,42.2333,32.2376,32.2376,76.3323,76.3323,0,0,12.59,1.05,slow,-26.55,front,LIDAR_ONLY
0,152.6537,t3540,LIDAR_ONLY,10.4331,10.4331,42.2058,31.7727,31.7727,75.2804,75.2804,0,0,9.25,1.11,slow,-16.88,front,LIDAR_ONLY
0,152.6537,t3540,LIDAR_ONLY,10.7776,10.7776,42.2058,31.4282,31.4282,74.4642,74.4642,0,0,9.25,1.11,slow,-20.90,front,LIDAR_ONLY
0,152.6537,t3540,LIDAR_ONLY,10.8069,10.8069,42.2058,31.3989,31.3989,74.3948,74.3948,0,0,9.25,1.11,slow,-28.95,front,LIDAR_ONLY
0,152.8433,t3540,LIDAR_ONLY,10.7752,10.7752,42.1501,31.3749,31.3749,74.4361,74.4361,0,0,9.48,1.03,slow,-25.06,front,LIDAR_ONLY
0,152.8433,t3540,LIDAR_ONLY,10.8634,10.8634,42.1501,31.2867,31.2867,74.2269,74.2269,0,0,9.48,1.03,slow,-20.83,front,LIDAR_ONLY
0,152.8433,t3540,LIDAR_ONLY,10.2305,10.2305,42.1501,31.9196,31.9196,75.7285,75.7285,0,0,9.48,1.03,slow,-29.29,front,LIDAR_ONLY
0,153.2917,t3564,LIDAR_ONLY,10.8497,10.8497,41.9344,31.0848,31.0848,74.1271,74.1271,0,0,11.58,0.99,slow,-22.09,front,LIDAR_ONLY
0,153.2917,t3564,LIDAR_ONLY,10.4770,10.4770,41.9344,31.4574,31.4574,75.0157,75.0157,0,0,11.58,0.99,slow,-26.18,front,LIDAR_ONLY
0,153.6010,t3575,LIDAR_ONLY,9.9154,9.9154,41.6292,31.7138,31.7138,76.1816,76.1816,0,0,11.70,0.88,slow,-25.87,front,LIDAR_ONLY
0,153.6010,t3575,LIDAR_ONLY,10.1312,10.1312,41.6292,31.4980,31.4980,75.6632,75.6632,0,0,11.70,0.88,slow,-17.62,front,LIDAR_ONLY
0,153.7975,t3575,LIDAR_ONLY,10.4859,10.4859,41.4035,30.9176,30.9176,74.6739,74.6739,0,0,9.03,1.08,slow,-15.37,front,LIDAR_ONLY
0,153.7975,t3575,LIDAR_ONLY,10.9185,10.9185,41.4035,30.4850,30.4850,73.6291,73.6291,0,0,9.03,1.08,slow,-11.22,front,LIDAR_ONLY
0,153.7975,t3583,LIDAR_ONLY,9.4854,9.4854,41.4035,31.9181,31.9181,77.0903,77.0903,0,0,9.03,1.08,slow,-27.83,front,LIDAR_ONLY
0,153.7975,t3583,LIDAR_ONLY,9.6019,9.6019,41.4035,31.8016,31.8016,76.8090,76.8090,0,0,9.03,1.08,slow,-23.68,front,LIDAR_ONLY
0,154.0532,t3588,LIDAR_ONLY,14.2120,14.2120,41.1285,26.9165,26.9165,65.4448,65.4448,0,0,11.52,0.78,cautious,-12.21,front,LIDAR_ONLY
0,154.4460,t3599,LIDAR_ONLY,9.2470,9.2470,40.7854,31.5384,31.5384,77.3277,77.3277,0,0,17.63,1.06,slow,-28.83,front,LIDAR_ONLY
0,154.4460,t3599,LIDAR_ONLY,9.3337,9.3337,40.7854,31.4517,31.4517,77.1151,77.1151,0,0,17.63,1.06,slow,-24.63,front,LIDAR_ONLY
0,154.6478,t3599,LIDAR_ONLY,9.6773,9.6773,40.6243,30.9470,30.9470,76.1786,76.1786,0,0,21.29,1.36,slow,-15.21,front,LIDAR_ONLY
0,154.6478,t3599,LIDAR_ONLY,10.1668,10.1668,40.6243,30.4575,30.4575,74.9736,74.9736,0,0,21.29,1.36,slow,-11.13,front,LIDAR_ONLY
0,154.6478,t3599,LIDAR_ONLY,10.7633,10.7633,40.6243,29.8610,29.8610,73.5053,73.5053,0,0,21.29,1.36,slow,-7.04,front,LIDAR_ONLY
0,154.6478,t3605,LIDAR_ONLY,9.4187,9.4187,40.6243,31.2055,31.2055,76.8150,76.8150,0,0,21.29,1.36,slow,-27.45,front,LIDAR_ONLY
0,154.6478,t3605,LIDAR_ONLY,9.5720,9.5720,40.6243,31.0523,31.0523,76.4378,76.4378,0,0,21.29,1.36,slow,-23.37,front,LIDAR_ONLY
0,154.8948,t3610,LIDAR_ONLY,16.4107,16.4107,40.4312,24.0205,24.0205,59.4107,59.4107,0,0,10.78,1.08,cautious,-28.80,front,LIDAR_ONLY
0,154.8948,t3611,LIDAR_ONLY,12.4704,12.4704,40.4312,27.9608,27.9608,69.1566,69.1566,0,0,10.78,1.08,slow,-16.18,front,LIDAR_ONLY
0,154.8948,t3611,LIDAR_ONLY,12.6694,12.6694,40.4312,27.7618,27.7618,68.6642,68.6642,0,0,10.78,1.08,slow,-11.98,front,LIDAR_ONLY
0,154.8948,t3610,LIDAR_ONLY,12.1645,12.1645,40.4312,28.2666,28.2666,69.9130,69.9130,0,0,10.78,1.08,slow,-28.80,front,LIDAR_ONLY
0,154.8948,t3610,LIDAR_ONLY,11.7938,11.7938,40.4312,28.6373,28.6373,70.8298,70.8298,0,0,10.78,1.08,slow,-20.39,front,LIDAR_ONLY
0,154.9472,t3610,LIDAR_ONLY,14.6590,14.6590,40.3995,25.7405,25.7405,63.7150,63.7150,0,0,10.01,1.16,slow,-21.04,front,LIDAR_ONLY
0,155.0059,t3615,LIDAR_ONLY,19.6178,19.6178,40.3647,20.7469,20.7469,51.3987,51.3987,0,0,10.69,0.90,drive,-1.66,front,LIDAR_ONLY
0,155.0059,t3610,LIDAR_ONLY,16.1914,16.1914,40.3647,24.1733,24.1733,59.8873,59.8873,0,0,10.69,0.90,slow,-17.81,front,LIDAR_ONLY
0,155.3019,t3626,LIDAR_ONLY,20.5920,20.5920,40.3311,19.7391,19.7391,48.9427,48.9427,0,0,11.96,0.92,drive,-0.06,front,LIDAR_ONLY
0,155.3019,t3627,LIDAR_ONLY,13.5092,13.5092,40.3311,26.8219,26.8219,66.5042,66.5042,0,0,11.96,0.92,cautious,-12.35,front,LIDAR_ONLY
0,155.3019,t3627,LIDAR_ONLY,13.7757,13.7757,40.3311,26.5554,26.5554,65.8435,65.8435,0,0,11.96,0.92,cautious,-8.25,front,LIDAR_ONLY
0,155.3019,t3627,LIDAR_ONLY,13.6333,13.6333,40.3311,26.6977,26.6977,66.1964,66.1964,0,0,11.96,0.92,cautious,-16.44,front,LIDAR_ONLY
0,155.5597,t3633,LIDAR_ONLY,20.6661,20.6661,40.3825,19.7165,19.7165,48.8242,48.8242,0,0,19.80,1.07,drive,0.04,front,LIDAR_ONLY
0,155.8087,t3638,LIDAR_ONLY,37.8801,37.8801,40.4610,2.5809,2.5809,6.3786,6.3786,0,0,17.74,1.04,drive,-26.85,front,LIDAR_ONLY
0,155.8087,t3639,LIDAR_ONLY,14.6467,14.6467,40.4610,25.8143,25.8143,63.8005,63.8005,0,0,17.74,1.04,cautious,-10.36,front,LIDAR_ONLY
0,155.8087,t3639,LIDAR_ONLY,14.9976,14.9976,40.4610,25.4633,25.4633,62.9331,62.9331,0,0,17.74,1.04,cautious,-6.23,front,LIDAR_ONLY
0,155.8087,t3638,LIDAR_ONLY,25.3708,25.3708,40.4610,15.0902,15.0902,37.2957,37.2957,0,0,17.74,1.04,drive,-26.85,front,LIDAR_ONLY
0,155.8087,t3638,LIDAR_ONLY,20.8045,20.8045,40.4610,19.6565,19.6565,48.5814,48.5814,0,0,17.74,1.04,drive,-22.72,front,LIDAR_ONLY
0,155.8087,t3638,LIDAR_ONLY,19.0542,19.0542,40.4610,21.4068,21.4068,52.9073,52.9073,0,0,17.74,1.04,drive,-18.60,front,LIDAR_ONLY
0,155.9407,t3638,LIDAR_ONLY,17.5804,17.5804,40.5161,22.9357,22.9357,56.6088,56.6088,0,0,20.11,2.11,cautious,-26.71,front,LIDAR_ONLY
0,155.9407,t3638,LIDAR_ONLY,10.3700,10.3700,40.5161,30.1461,30.1461,74.4052,74.4052,0,0,20.11,2.11,slow,-22.62,front,LIDAR_ONLY
0,156.3470,t3653,LIDAR_ONLY,47.6208,47.6208,40.7365,6.8843,6.8843,16.8997,16.8997,0,0,9.97,1.06,drive,-9.13,front,LIDAR_ONLY
0,156.3470,t3653,LIDAR_ONLY,34.8585,34.8585,40.7365,5.8780,5.8780,14.4293,14.4293,0,0,9.97,1.06,drive,-13.23,front,LIDAR_ONLY
0,156.3470,t3653,LIDAR_ONLY,28.5940,28.5940,40.7365,12.1425,12.1425,29.8075,29.8075,0,0,9.97,1.06,drive,-17.34,front,LIDAR_ONLY
0,156.8971,t3670,LIDAR_ONLY,16.2028,16.2028,41.0061,24.8032,24.8032,60.4868,60.4868,0,0,12.15,1.14,cautious,-10.46,front,LIDAR_ONLY
0,156.8971,t3670,LIDAR_ONLY,15.1077,15.1077,41.0061,25.8984,25.8984,63.1574,63.1574,0,0,12.15,1.14,cautious,-14.65,front,LIDAR_ONLY
0,156.8971,t3671,LIDAR_ONLY,9.5107,9.5107,41.0061,31.4954,31.4954,76.8067,76.8067,0,0,12.15,1.14,slow,-27.25,front,LIDAR_ONLY
0,156.8971,t3671,LIDAR_ONLY,9.6307,9.6307,41.0061,31.3754,31.3754,76.5141,76.5141,0,0,12.15,1.14,slow,-23.05,front,LIDAR_ONLY
0,157.2045,t3685,LIDAR_ONLY,13.4468,13.4468,41.0925,27.6457,27.6457,67.2769,67.2769,0,0,13.24,0.97,cautious,-13.99,front,LIDAR_ONLY
0,157.4984,t3689,LIDAR_ONLY,14.1044,14.1044,41.1553,27.0509,27.0509,65.7289,65.7289,0,0,20.64,1.16,cautious,-15.12,front,LIDAR_ONLY
0,157.4984,t3689,LIDAR_ONLY,13.5474,13.5474,41.1553,27.6079,27.6079,67.0823,67.0823,0,0,20.64,1.16,cautious,-15.12,front,LIDAR_ONLY
0,157.4984,t3689,LIDAR_ONLY,12.6554,12.6554,41.1553,28.4999,28.4999,69.2497,69.2497,0,0,20.64,1.16,slow,-23.40,front,LIDAR_ONLY
0,157.7052,t3689,LIDAR_ONLY,11.7088,11.7088,41.2198,29.5110,29.5110,71.5941,71.5941,0,0,20.31,1.85,slow,-26.32,front,LIDAR_ONLY
0,157.7052,t3689,LIDAR_ONLY,11.7249,11.7249,41.2198,29.4950,29.4950,71.5553,71.5553,0,0,20.31,1.85,slow,-18.09,front,LIDAR_ONLY
0,157.7052,t3689,LIDAR_ONLY,11.0924,11.0924,41.2198,30.1274,30.1274,73.0896,73.0896,0,0,20.31,1.85,slow,-22.20,front,LIDAR_ONLY
0,158.1491,t3706,LIDAR_ONLY,9.6682,9.6682,41.4040,31.7358,31.7358,76.6491,76.6491,0,0,14.49,1.12,slow,-27.86,front,LIDAR_ONLY
0,158.1491,t3706,LIDAR_ONLY,9.7891,9.7891,41.4040,31.6150,31.6150,76.3572,76.3572,0,0,14.49,1.12,slow,-23.74,front,LIDAR_ONLY
0,158.1491,t3706,LIDAR_ONLY,10.0278,10.0278,41.4040,31.3762,31.3762,75.7805,75.7805,0,0,14.49,1.12,slow,-19.62,front,LIDAR_ONLY
0,158.1491,t3706,LIDAR_ONLY,10.4113,10.4113,41.4040,30.9927,30.9927,74.8544,74.8544,0,0,14.49,1.12,slow,-11.37,front,LIDAR_ONLY
0,159.0001,t3737,LIDAR_ONLY,15.8662,15.8662,41.7442,25.8781,25.8781,61.9920,61.9920,0,0,14.87,1.13,cautious,-29.32,front,LIDAR_ONLY
0,159.0001,t3737,LIDAR_ONLY,15.9875,15.9875,41.7442,25.7567,25.7567,61.7013,61.7013,0,0,14.87,1.13,cautious,-25.24,front,LIDAR_ONLY
0,159.0001,t3737,LIDAR_ONLY,14.1516,14.1516,41.7442,27.5926,27.5926,66.0992,66.0992,0,0,14.87,1.13,cautious,-25.24,front,LIDAR_ONLY
0,159.6517,t3756,LIDAR_ONLY,13.6320,13.6320,41.7144,28.0824,28.0824,67.3207,67.3207,0,0,13.26,1.32,cautious,-13.52,front,LIDAR_ONLY
0,159.6517,t3757,LIDAR_ONLY,9.6980,9.6980,41.7144,32.0164,32.0164,76.7514,76.7514,0,0,13.26,1.32,slow,-26.05,front,LIDAR_ONLY
0,159.6517,t3757,LIDAR_ONLY,9.8421,9.8421,41.7144,31.8723,31.8723,76.4060,76.4060,0,0,13.26,1.32,slow,-21.88,front,LIDAR_ONLY
0,159.6517,t3757,LIDAR_ONLY,10.1497,10.1497,41.7144,31.5647,31.5647,75.6686,75.6686,0,0,13.26,1.32,slow,-17.70,front,LIDAR_ONLY
0,159.8507,t3756,LIDAR_ONLY,13.3101,13.3101,41.7271,28.4170,28.4170,68.1019,68.1019,0,0,18.13,1.05,slow,-15.26,front,LIDAR_ONLY
0,159.8507,t3757,LIDAR_ONLY,10.4048,10.4048,41.7271,31.3223,31.3223,75.0646,75.0646,0,0,18.13,1.05,slow,-19.37,front,LIDAR_ONLY
0,160.0473,t3757,LIDAR_ONLY,10.5751,10.5751,41.7021,31.1270,31.1270,74.6413,74.6413,0,0,12.30,1.04,slow,-21.57,front,LIDAR_ONLY
0,160.2582,t3768,LIDAR_ONLY,20.5428,20.5428,41.5811,21.0383,21.0383,50.5958,50.5958,0,0,12.81,0.84,drive,-0.46,front,LIDAR_ONLY
0,160.4493,t3774,LIDAR_ONLY,13.9180,13.9180,41.3834,27.4654,27.4654,66.3681,66.3681,0,0,14.84,2.21,cautious,-11.79,front,LIDAR_ONLY
0,160.4493,t3775,LIDAR_ONLY,9.3825,9.3825,41.3834,32.0010,32.0010,77.3280,77.3280,0,0,14.84,2.21,slow,-28.55,front,LIDAR_ONLY
0,160.4493,t3775,LIDAR_ONLY,9.5199,9.5199,41.3834,31.8635,31.8635,76.9959,76.9959,0,0,14.84,2.21,slow,-24.36,front,LIDAR_ONLY
0,160.4493,t3775,LIDAR_ONLY,9.7645,9.7645,41.3834,31.6189,31.6189,76.4047,76.4047,0,0,14.84,2.21,slow,-20.17,front,LIDAR_ONLY
0,160.5988,t3774,LIDAR_ONLY,14.0548,14.0548,41.1984,27.1436,27.1436,65.8851,65.8851,0,0,14.30,1.08,cautious,-9.59,front,LIDAR_ONLY
0,160.5988,t3775,LIDAR_ONLY,9.9752,9.9752,41.1984,31.2233,31.2233,75.7875,75.7875,0,0,14.30,1.08,slow,-21.98,front,LIDAR_ONLY
0,160.5988,t3775,LIDAR_ONLY,10.0956,10.0956,41.1984,31.1028,31.1028,75.4951,75.4951,0,0,14.30,1.08,slow,-26.11,front,LIDAR_ONLY
0,160.7514,t3775,LIDAR_ONLY,10.2742,10.2742,41.0085,30.7344,30.7344,74.9463,74.9463,0,0,15.05,1.65,slow,-21.41,front,LIDAR_ONLY
0,160.7514,t3774,LIDAR_ONLY,13.9846,13.9846,41.0085,27.0240,27.0240,65.8984,65.8984,0,0,15.05,1.65,cautious,-13.29,front,LIDAR_ONLY
0,160.7514,t3775,LIDAR_ONLY,10.3419,10.3419,41.0085,30.6667,30.6667,74.7811,74.7811,0,0,15.05,1.65,slow,-29.54,front,LIDAR_ONLY
0,161.7497,t3800,LIDAR_ONLY,10.9727,10.9727,39.5237,28.5510,28.5510,72.2378,72.2378,0,0,14.23,1.09,slow,-19.59,front,LIDAR_ONLY
0,162.1473,t3807,LIDAR_ONLY,8.8982,8.8982,38.8715,29.9733,29.9733,77.1087,77.1087,0,0,13.44,1.04,slow,-29.07,front,LIDAR_ONLY
0,162.4982,t3817,LIDAR_ONLY,10.2793,10.2793,38.2822,28.0029,28.0029,73.1486,73.1486,0,0,13.73,1.36,slow,-22.94,front,LIDAR_ONLY
0,162.8494,t3828,LIDAR_ONLY,9.7547,9.7547,37.7728,28.0181,28.0181,74.1753,74.1753,0,0,9.35,1.06,slow,-25.78,front,LIDAR_ONLY
0,162.8494,t3828,LIDAR_ONLY,10.0338,10.0338,37.7728,27.7389,27.7389,73.4363,73.4363,0,0,9.35,1.06,slow,-17.36,front,LIDAR_ONLY
0,162.8494,t3830,LIDAR_ONLY,8.8485,8.8485,37.7728,28.9242,28.9242,76.5743,76.5743,0,0,9.35,1.06,slow,-29.99,front,LIDAR_ONLY
0,163.0451,t3828,LIDAR_ONLY,10.5457,10.5457,37.4609,26.9151,26.9151,71.8487,71.8487,0,0,8.67,1.11,slow,-11.99,front,LIDAR_ONLY
0,163.0451,t3830,LIDAR_ONLY,9.1102,9.1102,37.4609,28.3506,28.3506,75.6806,75.6806,0,0,8.67,1.11,slow,-24.18,front,LIDAR_ONLY
0,163.2588,t3836,LIDAR_ONLY,23.4399,23.4399,37.1873,13.7474,13.7474,36.9680,36.9680,0,0,16.17,1.06,drive,1.56,front,LIDAR_ONLY
0,163.2588,t3836,LIDAR_ONLY,22.5048,22.5048,37.1873,14.6824,14.6824,39.4824,39.4824,0,0,16.17,1.06,drive,1.56,front,LIDAR_ONLY
0,163.2588,t3830,LIDAR_ONLY,9.4199,9.4199,37.1873,27.7673,27.7673,74.6690,74.6690,0,0,16.17,1.06,slow,-18.79,front,LIDAR_ONLY
0,163.2588,t3830,LIDAR_ONLY,9.5896,9.5896,37.1873,27.5977,27.5977,74.2127,74.2127,0,0,16.17,1.06,slow,-26.93,front,LIDAR_ONLY
0,163.2588,t3830,LIDAR_ONLY,9.7288,9.7288,37.1873,27.4585,27.4585,73.8385,73.8385,0,0,16.17,1.06,slow,-22.86,front,LIDAR_ONLY
0,163.3968,t3830,LIDAR_ONLY,9.9341,9.9341,36.9923,27.0582,27.0582,73.1456,73.1456,0,0,14.75,1.46,slow,-19.35,front,LIDAR_ONLY
0,163.3968,t3830,LIDAR_ONLY,10.1831,10.1831,36.9923,26.8092,26.8092,72.4724,72.4724,0,0,14.75,1.46,slow,-15.29,front,LIDAR_ONLY
0,163.3968,t3838,LIDAR_ONLY,9.3820,9.3820,36.9923,27.6102,27.6102,74.6379,74.6379,0,0,14.75,1.46,slow,-27.45,front,LIDAR_ONLY
0,163.6560,t3845,LIDAR_ONLY,11.0488,11.0488,36.6484,25.5995,25.5995,69.8518,69.8518,0,0,12.20,1.01,slow,-18.77,front,LIDAR_ONLY
0,163.6560,t3845,LIDAR_ONLY,10.0281,10.0281,36.6484,26.6203,26.6203,72.6370,72.6370,0,0,12.20,1.01,slow,-26.91,front,LIDAR_ONLY
0,163.7974,t3845,LIDAR_ONLY,10.1714,10.1714,36.4525,26.2811,26.2811,72.0967,72.0967,0,0,12.95,1.06,slow,-17.46,front,LIDAR_ONLY
0,163.7974,t3848,LIDAR_ONLY,8.8193,8.8193,36.4525,27.6332,27.6332,75.8061,75.8061,0,0,12.95,1.06,slow,-29.75,front,LIDAR_ONLY
0,163.8596,t3845,LIDAR_ONLY,10.2537,10.2537,36.3754,26.1216,26.1216,71.8113,71.8113,0,0,9.00,1.08,slow,-22.05,front,LIDAR_ONLY
0,163.8596,t3848,LIDAR_ONLY,8.9050,8.9050,36.3754,27.4703,27.4703,75.5191,75.5191,0,0,9.00,1.08,slow,-26.16,front,LIDAR_ONLY
0,163.8596,t3845,LIDAR_ONLY,10.3529,10.3529,36.3754,26.0224,26.0224,71.5386,71.5386,0,0,9.00,1.08,slow,-17.94,front,LIDAR_ONLY
0,164.4504,t3862,LIDAR_ONLY,17.8694,17.8694,35.6539,17.7844,17.7844,49.8808,49.8808,0,0,10.58,1.13,cautious,-22.24,front,LIDAR_ONLY
0,164.4504,t3863,LIDAR_ONLY,14.8696,14.8696,35.6539,20.7843,20.7843,58.2946,58.2946,0,0,10.58,1.13,cautious,-9.97,front,LIDAR_ONLY
0,164.4504,t3862,LIDAR_ONLY,13.5492,13.5492,35.6539,22.1047,22.1047,61.9979,61.9979,0,0,10.58,1.13,cautious,-22.24,front,LIDAR_ONLY
0,164.4504,t3862,LIDAR_ONLY,12.9203,12.9203,35.6539,22.7335,22.7335,63.7617,63.7617,0,0,10.58,1.13,slow,-18.15,front,LIDAR_ONLY
0,164.4504,t3862,LIDAR_ONLY,12.0993,12.0993,35.6539,23.5546,23.5546,66.0647,66.0647,0,0,10.58,1.13,slow,-26.34,front,LIDAR_ONLY
0,164.5057,t3863,LIDAR_ONLY,15.7167,15.7167,35.5928,19.8761,19.8761,55.8431,55.8431,0,0,9.20,1.36,cautious,-4.73,front,LIDAR_ONLY
0,164.5057,t3862,LIDAR_ONLY,14.5233,14.5233,35.5928,21.0695,21.0695,59.1958,59.1958,0,0,9.20,1.36,slow,-17.28,front,LIDAR_ONLY
0,164.5057,t3863,LIDAR_ONLY,16.5254,16.5254,35.5928,19.0674,19.0674,53.5710,53.5710,0,0,9.20,1.36,cautious,-0.55,front,LIDAR_ONLY
0,164.5057,t3862,LIDAR_ONLY,15.6284,15.6284,35.5928,19.9644,19.9644,56.0910,56.0910,0,0,9.20,1.36,slow,-25.65,front,LIDAR_ONLY
0,164.5057,t3862,LIDAR_ONLY,16.5535,16.5535,35.5928,19.0393,19.0393,53.4921,53.4921,0,0,9.20,1.36,cautious,-21.47,front,LIDAR_ONLY
0,164.5057,t3862,LIDAR_ONLY,16.8916,16.8916,35.5928,18.7012,18.7012,52.5420,52.5420,0,0,9.20,1.36,cautious,-29.84,front,LIDAR_ONLY
0,164.9521,t3879,LIDAR_ONLY,17.6759,17.6759,35.1063,17.4304,17.4304,49.6504,49.6504,0,0,8.81,1.02,cautious,-7.23,front,LIDAR_ONLY
0,164.9521,t3880,LIDAR_ONLY,48.6434,48.6434,35.1063,13.5371,13.5371,38.5604,38.5604,0,0,8.81,1.02,drive,21.25,front,LIDAR_ONLY
0,164.9521,t3881,LIDAR_ONLY,10.2048,10.2048,35.1063,24.9015,24.9015,70.9316,70.9316,0,0,8.81,1.02,slow,-23.50,front,LIDAR_ONLY
0,165.5568,t3895,LIDAR_ONLY,46.7052,46.7052,35.1286,11.5767,11.5767,32.9551,32.9551,0,0,14.29,0.89,drive,19.63,front,LIDAR_ONLY
0,165.5568,t3897,LIDAR_ONLY,12.0306,12.0306,35.1286,23.0980,23.0980,65.7527,65.7527,0,0,14.29,0.89,slow,-17.28,front,LIDAR_ONLY
0,165.8453,t3901,LIDAR_ONLY,10.0311,10.0311,35.3806,25.3495,25.3495,71.6481,71.6481,0,0,16.15,1.20,slow,-24.83,front,LIDAR_ONLY
0,165.8453,t3901,LIDAR_ONLY,9.5387,9.5387,35.3806,25.8419,25.8419,73.0397,73.0397,0,0,16.15,1.20,slow,-28.90,front,LIDAR_ONLY
0,165.9086,t3905,LIDAR_ONLY,14.4507,14.4507,35.4478,20.9971,20.9971,59.2339,59.2339,0,0,15.41,0.92,cautious,-13.90,front,LIDAR_ONLY
0,165.9901,t3901,LIDAR_ONLY,9.5268,9.5268,35.5571,26.0303,26.0303,73.2071,73.2071,0,0,23.69,1.51,slow,-27.07,front,LIDAR_ONLY
0,166.4009,t3915,LIDAR_ONLY,40.7864,40.7864,36.2252,4.5613,4.5613,12.5914,12.5914,0,0,18.44,0.92,drive,-28.79,front,LIDAR_ONLY
0,166.5445,t3915,LIDAR_ONLY,40.5393,40.5393,36.4755,4.0638,4.0638,11.1411,11.1411,0,0,19.13,1.25,drive,-29.57,front,LIDAR_ONLY
0,166.5445,t3915,LIDAR_ONLY,33.1577,33.1577,36.4755,3.3178,3.3178,9.0960,9.0960,0,0,19.13,1.25,drive,-29.57,front,LIDAR_ONLY
0,166.5445,t3915,LIDAR_ONLY,29.4440,29.4440,36.4755,7.0315,7.0315,19.2773,19.2773,0,0,19.13,1.25,drive,-25.44,front,LIDAR_ONLY
0,166.8576,t3923,LIDAR_ONLY,9.1762,9.1762,37.0111,27.8348,27.8348,75.2068,75.2068,0,0,9.59,0.87,slow,-28.37,front,LIDAR_ONLY
0,167.3472,t3941,LIDAR_ONLY,9.4336,9.4336,37.8962,28.4626,28.4626,75.1067,75.1067,0,0,19.98,2.17,slow,-27.51,front,LIDAR_ONLY
0,167.4155,cam_31,CAM_ONLY,32.8259,,38.0227,5.1968,,13.6677,,0,,18.16,1.00,safe,,,CAMERA_ONLY
0,167.4735,cam_31,CAM_ONLY,32.7968,,38.1182,5.3214,,13.9604,,0,,9.53,1.07,safe,,,CAMERA_ONLY
0,167.5335,cam_31,CAM_ONLY,33.2102,,38.2292,5.0189,,13.1286,,0,,12.45,1.21,safe,,,CAMERA_ONLY
0,168.1883,cam_32,CAM_ONLY,32.3379,,39.1086,6.7707,,17.3126,,0,,14.29,0.94,slowdown,,,CAMERA_ONLY
0,168.2497,t3961,LIDAR_ONLY,9.2232,9.2232,39.1622,29.9390,29.9390,76.4487,76.4487,0,0,11.18,0.94,slow,-28.50,front,LIDAR_ONLY
0,168.9118,cam_33,CAM_ONLY,34.0932,,39.9236,5.8304,,14.6038,,0,,18.90,0.77,safe,,,CAMERA_ONLY
0,168.9118,t3977,LIDAR_ONLY,11.7967,11.7967,39.9236,28.1269,28.1269,70.4519,70.4519,0,0,18.90,0.77,slow,-17.93,front,LIDAR_ONLY
0,169.4619,cam_34,CAM_ONLY,38.5161,,40.6732,2.1571,,5.3035,,0,,15.21,0.82,safe,,,CAMERA_ONLY
0,170.2487,cam_35,CAM_ONLY,35.1502,,41.4094,6.2593,,15.1156,,0,,13.19,0.69,slowdown,,,CAMERA_ONLY
0,170.5864,cam_35,CAM_ONLY,35.9828,,42.1218,6.1390,,14.5744,,0,,14.83,0.91,safe,,,CAMERA_ONLY
0,170.6598,t4010,BOTH,33.9541,27.5999,42.3095,8.3554,14.7096,19.7484,34.7667,0,0,13.97,0.84,slowdown,,,FULL_ANGLE
0,170.7286,cam_35,CAM_ONLY,35.1754,,42.4958,7.3204,,17.2261,,0,,13.12,0.95,safe,,,CAMERA_ONLY
0,170.8052,cam_35,CAM_ONLY,36.5759,,42.7025,6.1266,,14.3471,,0,,16.44,0.73,safe,,,CAMERA_ONLY
0,170.8710,cam_35,CAM_ONLY,36.0237,,42.8951,6.8714,,16.0191,,0,,11.69,1.22,safe,,,CAMERA_ONLY
0,170.9453,cam_35,CAM_ONLY,36.5758,,43.0622,6.4864,,15.0629,,0,,17.78,2.29,safe,,,CAMERA_ONLY
0,171.0192,cam_35,CAM_ONLY,36.0316,,43.2472,7.2156,,16.6846,,0,,18.54,1.19,safe,,,CAMERA_ONLY
0,171.0816,cam_35,CAM_ONLY,36.0674,,43.3945,7.3270,,16.8847,,0,,8.96,0.91,slowdown,,,CAMERA_ONLY
0,171.1462,t4021,LIDAR_ONLY,8.3413,8.3413,43.5421,35.2008,35.2008,80.8430,80.8430,0,0,12.21,0.90,stop,-29.05,front,LIDAR_ONLY
0,171.1462,t4021,LIDAR_ONLY,8.4619,8.4619,43.5421,35.0802,35.0802,80.5662,80.5662,0,0,12.21,0.90,stop,-24.85,front,LIDAR_ONLY
0,171.7025,t4026,LIDAR_ONLY,10.7450,10.7450,44.7268,33.9818,33.9818,75.9763,75.9763,0,0,19.65,1.98,slow,-23.39,front,LIDAR_ONLY
0,171.7025,t4026,LIDAR_ONLY,10.9518,10.9518,44.7268,33.7750,33.7750,75.5140,75.5140,0,0,19.65,1.98,slow,-19.27,front,LIDAR_ONLY
0,172.3009,t4040,LIDAR_ONLY,19.7481,19.7481,45.7853,26.0372,26.0372,56.8680,56.8680,0,0,11.20,1.07,drive,-11.93,front,LIDAR_ONLY
0,172.3009,t4040,LIDAR_ONLY,16.4168,16.4168,45.7853,29.3685,29.3685,64.1439,64.1439,0,0,11.20,1.07,cautious,-20.30,front,LIDAR_ONLY
0,172.3009,t4040,LIDAR_ONLY,16.1585,16.1585,45.7853,29.6268,29.6268,64.7082,64.7082,0,0,11.20,1.07,cautious,-16.12,front,LIDAR_ONLY
0,172.3009,t4041,LIDAR_ONLY,9.8828,9.8828,45.7853,35.9025,35.9025,78.4150,78.4150,0,0,11.20,1.07,slow,-28.66,front,LIDAR_ONLY
0,172.4424,t4041,LIDAR_ONLY,9.9186,9.9186,46.1510,36.2324,36.2324,78.5084,78.5084,0,0,16.68,1.13,slow,-27.14,front,LIDAR_ONLY
0,172.5089,cam_36,CAM_ONLY,40.6000,,46.3488,5.7489,,12.4034,,0,,10.38,0.91,safe,,,CAMERA_ONLY
0,172.5673,cam_36,CAM_ONLY,41.2397,,46.5093,5.2696,,11.3302,,0,,11.57,1.18,safe,,,CAMERA_ONLY
0,172.6352,cam_36,CAM_ONLY,41.8081,,46.7321,4.9240,,10.5367,,0,,14.35,1.03,safe,,,CAMERA_ONLY
0,172.7101,cam_36,CAM_ONLY,42.2198,,46.9566,4.7368,,10.0875,,0,,13.99,0.99,safe,,,CAMERA_ONLY
0,172.7714,cam_36,CAM_ONLY,39.9073,,47.1295,7.2222,,15.3241,,0,,12.03,1.11,safe,,,CAMERA_ONLY
0,172.8980,t4053,LIDAR_ONLY,13.9982,13.9982,47.4702,33.4720,33.4720,70.5116,70.5116,0,0,11.82,1.14,cautious,-19.20,front,LIDAR_ONLY
0,172.8980,t4053,LIDAR_ONLY,12.2247,12.2247,47.4702,35.2455,35.2455,74.2476,74.2476,0,0,11.82,1.14,slow,-27.34,front,LIDAR_ONLY
0,173.2550,t4062,LIDAR_ONLY,14.9156,14.9156,48.4176,33.5020,33.5020,69.1938,69.1938,0,0,9.32,1.15,cautious,-19.85,front,LIDAR_ONLY
0,173.3969,t4062,LIDAR_ONLY,12.7554,12.7554,48.7439,35.9886,35.9886,73.8319,73.8319,0,0,11.53,1.01,slow,-29.38,front,LIDAR_ONLY
0,173.9462,t4073,LIDAR_ONLY,13.1177,13.1177,50.0889,36.9712,36.9712,73.8112,73.8112,0,0,13.62,1.18,slow,-22.04,front,LIDAR_ONLY
0,174.0987,t4077,LIDAR_ONLY,47.3205,47.3205,50.4877,3.1672,3.1672,6.2732,6.2732,0,0,13.04,1.24,drive,-5.66,front,LIDAR_ONLY
0,174.3609,t4083,LIDAR_ONLY,11.4787,11.4787,51.1707,39.6919,39.6919,77.5677,77.5677,0,0,14.62,0.93,slow,-26.73,front,LIDAR_ONLY
0,174.7426,t4091,LIDAR_ONLY,13.4787,13.4787,52.0972,38.6184,38.6184,74.1277,74.1277,0,0,11.87,1.29,slow,-22.10,front,LIDAR_ONLY
0,174.8651,t4094,LIDAR_ONLY,43.3937,43.3937,52.3812,8.9875,8.9875,17.1579,17.1579,0,0,12.48,0.93,drive,28.43,front,LIDAR_ONLY
0,175.7071,t4114,LIDAR_ONLY,40.4077,40.4077,53.4610,13.0533,13.0533,24.4165,24.4165,0,0,9.07,0.87,drive,28.52,front,LIDAR_ONLY
0,176.1902,t4132,LIDAR_ONLY,11.4855,11.4855,53.6377,42.1522,42.1522,78.5868,78.5868,0,0,9.16,1.16,slow,-26.68,front,LIDAR_ONLY
0,176.1902,t4132,LIDAR_ONLY,11.7740,11.7740,53.6377,41.8637,41.8637,78.0490,78.0490,0,0,9.16,1.16,slow,-22.63,front,LIDAR_ONLY
0,176.3451,t4132,LIDAR_ONLY,11.9421,11.9421,53.6177,41.6756,41.6756,77.7273,77.7273,0,0,17.55,1.24,slow,-26.33,front,LIDAR_ONLY
0,176.3994,t4132,LIDAR_ONLY,12.3073,12.3073,53.6133,41.3061,41.3061,77.0444,77.0444,0,0,8.77,1.18,slow,-20.17,front,LIDAR_ONLY
