frame,timestamp_s,obstacle_id,detection_source,cam_dist_m,lidar_dist_m,gt_dist_m,cam_error_m,lidar_error_m,cam_rel_error_pct,lidar_rel_error_pct,cam_within_1m,lidar_within_1m,cam_latency_ms,lidar_latency_ms,danger_level,angle_deg,sector,match_method
0,14.0804,cam_0,CAM_ONLY,27.2270,,13.8536,13.3734,,96.5341,,0,,10.25,1.33,safe,,,CAMERA_ONLY
0,14.1479,cam_0,CAM_ONLY,27.3448,,14.4885,12.8563,,88.7348,,0,,16.12,1.19,safe,,,CAMERA_ONLY
0,14.2067,cam_0,CAM_ONLY,27.3196,,15.1335,12.1861,,80.5236,,0,,13.52,1.25,safe,,,CAMERA_ONLY
0,14.2710,cam_0,CAM_ONLY,27.3457,,15.9808,11.3649,,71.1157,,0,,11.88,1.21,safe,,,CAMERA_ONLY
0,14.3439,t9,BOTH,27.1308,13.6422,16.6700,10.4608,3.0278,62.7523,18.1631,0,0,18.96,0.98,safe,,,FULL_ANGLE
0,14.3439,t9,LIDAR_ONLY,12.9376,12.9376,16.6700,3.7324,3.7324,22.3899,22.3899,0,0,18.96,0.98,cautious,22.63,front,LIDAR_ONLY
0,14.3439,t10,LIDAR_ONLY,11.0771,11.0771,16.6700,5.5929,5.5929,33.5509,33.5509,0,0,18.96,0.98,cautious,26.70,front,LIDAR_ONLY
0,14.3439,t9,LIDAR_ONLY,14.1655,14.1655,16.6700,2.5045,2.5045,15.0239,15.0239,0,0,18.96,0.98,cautious,18.56,front,LIDAR_ONLY
0,14.4041,cam_0,CAM_ONLY,27.0014,,17.6566,9.3449,,52.9259,,0,,11.53,1.58,safe,,,CAMERA_ONLY
0,14.4595,cam_0,CAM_ONLY,27.1001,,18.3555,8.7446,,47.6403,,0,,10.83,1.04,safe,,,CAMERA_ONLY
0,14.5150,cam_0,CAM_ONLY,27.3375,,19.0291,8.3084,,43.6617,,0,,10.47,0.98,safe,,,CAMERA_ONLY
0,14.5762,cam_0,CAM_ONLY,27.3256,,20.0576,7.2680,,36.2353,,0,,10.46,1.20,safe,,,CAMERA_ONLY
0,14.6430,t21,BOTH,27.6178,14.2022,20.9295,6.6883,6.7274,31.9561,32.1429,0,0,18.46,1.34,safe,,,FULL_ANGLE
0,14.6430,t21,LIDAR_ONLY,13.2958,13.2958,20.9295,7.6338,7.6338,36.4737,36.4737,0,0,18.46,1.34,cautious,21.99,front,LIDAR_ONLY
0,14.6430,t22,LIDAR_ONLY,11.3317,11.3317,20.9295,9.5979,9.5979,45.8579,45.8579,0,0,18.46,1.34,cautious,26.06,front,LIDAR_ONLY
0,14.7153,cam_0,CAM_ONLY,28.2716,,22.0426,6.2290,,28.2587,,0,,17.67,1.24,safe,,,CAMERA_ONLY
0,14.7764,cam_0,CAM_ONLY,28.1172,,23.0958,5.0214,,21.7415,,0,,16.35,0.88,safe,,,CAMERA_ONLY
0,14.8381,t22,LIDAR_ONLY,10.5562,10.5562,24.0473,13.4912,13.4912,56.1025,56.1025,0,0,16.62,1.37,cautious,29.85,front,LIDAR_ONLY
0,14.8381,t21,LIDAR_ONLY,14.5093,14.5093,24.0473,9.5380,9.5380,39.6635,39.6635,0,0,16.62,1.37,cautious,21.77,front,LIDAR_ONLY
0,14.8381,t21,LIDAR_ONLY,15.0822,15.0822,24.0473,8.9651,8.9651,37.2810,37.2810,0,0,16.62,1.37,cautious,13.68,front,LIDAR_ONLY
0,14.8381,t21,LIDAR_ONLY,15.4844,15.4844,24.0473,8.5629,8.5629,35.6085,35.6085,0,0,16.62,1.37,cautious,17.73,front,LIDAR_ONLY
0,14.8381,t22,LIDAR_ONLY,10.6326,10.6326,24.0473,13.4147,13.4147,55.7846,55.7846,0,0,16.62,1.37,cautious,25.81,front,LIDAR_ONLY
0,14.8381,t21,LIDAR_ONLY,16.7403,16.7403,24.0473,7.3071,7.3071,30.3862,30.3862,0,0,16.62,1.37,drive,9.64,front,LIDAR_ONLY
0,14.8980,t22,LIDAR_ONLY,10.7599,10.7599,25.1612,14.4013,14.4013,57.2361,57.2361,0,0,10.92,1.49,cautious,24.36,front,LIDAR_ONLY
0,14.8980,t22,LIDAR_ONLY,10.7968,10.7968,25.1612,14.3644,14.3644,57.0895,57.0895,0,0,10.92,1.49,cautious,28.55,front,LIDAR_ONLY
0,14.8980,t22,LIDAR_ONLY,10.9565,10.9565,25.1612,14.2047,14.2047,56.4548,56.4548,0,0,10.92,1.49,cautious,20.17,front,LIDAR_ONLY
0,15.0949,t22,LIDAR_ONLY,11.1198,11.1198,28.4058,17.2860,17.2860,60.8537,60.8537,0,0,16.92,1.45,cautious,29.08,front,LIDAR_ONLY
0,15.0949,t33,LIDAR_ONLY,17.4414,17.4414,28.4058,10.9644,10.9644,38.5991,38.5991,0,0,16.92,1.45,drive,16.59,front,LIDAR_ONLY
0,15.0949,t33,LIDAR_ONLY,15.9500,15.9500,28.4058,12.4558,12.4558,43.8495,43.8495,0,0,16.92,1.45,drive,20.75,front,LIDAR_ONLY
0,15.0949,t22,LIDAR_ONLY,11.2481,11.2481,28.4058,17.1577,17.1577,60.4022,60.4022,0,0,16.92,1.45,cautious,24.92,front,LIDAR_ONLY
0,15.3303,cam_1,CAM_ONLY,26.8625,,31.4951,4.6325,,14.7088,,0,,10.90,0.90,slowdown,,,CAMERA_ONLY
0,15.3941,cam_1,CAM_ONLY,27.0559,,32.3108,5.2549,,16.2635,,0,,17.23,1.02,warning,,,CAMERA_ONLY
0,15.4637,cam_1,CAM_ONLY,26.9809,,33.2278,6.2470,,18.8004,,0,,23.26,2.55,warning,,,CAMERA_ONLY
0,15.4637,cam_1,CAM_ONLY,33.5966,,33.2278,0.3688,,1.1099,,1,,23.26,2.55,safe,,,CAMERA_ONLY
0,15.5328,cam_1,CAM_ONLY,26.5653,,34.1464,7.5811,,22.2017,,0,,18.47,2.20,warning,,,CAMERA_ONLY
0,15.5328,cam_1,CAM_ONLY,34.4501,,34.1464,0.3037,,0.8895,,1,,18.47,2.20,safe,,,CAMERA_ONLY
0,15.5967,cam_1,CAM_ONLY,26.9329,,34.8826,7.9496,,22.7897,,0,,11.45,1.16,warning,,,CAMERA_ONLY
0,15.6649,cam_1,CAM_ONLY,34.0498,,35.8218,1.7720,,4.9467,,0,,22.86,2.11,safe,,,CAMERA_ONLY
0,15.8928,t54,LIDAR_ONLY,15.0522,15.0522,38.5494,23.4972,23.4972,60.9534,60.9534,0,0,19.70,1.31,cautious,19.69,front,LIDAR_ONLY
0,15.8928,t54,LIDAR_ONLY,13.7747,13.7747,38.5494,24.7747,24.7747,64.2674,64.2674,0,0,19.70,1.31,cautious,23.72,front,LIDAR_ONLY
0,15.8928,t55,LIDAR_ONLY,26.6186,26.6186,38.5494,11.9309,11.9309,30.9495,30.9495,0,0,19.70,1.31,drive,11.63,front,LIDAR_ONLY
0,15.8928,t54,LIDAR_ONLY,12.7585,12.7585,38.5494,25.7909,25.7909,66.9036,66.9036,0,0,19.70,1.31,cautious,27.76,front,LIDAR_ONLY
0,15.9661,cam_1,CAM_ONLY,26.5578,,39.2704,12.7127,,32.3721,,0,,23.14,2.09,warning,,,CAMERA_ONLY
0,15.9661,cam_1,CAM_ONLY,35.4818,,39.2704,3.7886,,9.6474,,0,,23.14,2.09,safe,,,CAMERA_ONLY
0,16.0277,cam_1,CAM_ONLY,36.1521,,39.6379,3.4857,,8.7940,,0,,9.75,1.11,safe,,,CAMERA_ONLY
0,16.0967,t54,LIDAR_ONLY,12.0537,12.0537,40.0304,27.9768,27.9768,69.8888,69.8888,0,0,19.86,2.29,slow,27.58,front,LIDAR_ONLY
0,16.0967,t54,LIDAR_ONLY,12.0872,12.0872,40.0304,27.9432,27.9432,69.8050,69.8050,0,0,19.86,2.29,slow,23.46,front,LIDAR_ONLY
0,16.1620,cam_1,CAM_ONLY,26.4596,,40.2965,13.8369,,34.3378,,0,,14.15,1.20,warning,,,CAMERA_ONLY
0,16.1620,cam_1,CAM_ONLY,37.9087,,40.2965,2.3878,,5.9255,,0,,14.15,1.20,safe,,,CAMERA_ONLY
0,16.2290,cam_1,CAM_ONLY,26.4796,,40.6077,14.1281,,34.7917,,0,,13.71,1.19,warning,,,CAMERA_ONLY
0,16.2290,cam_1,CAM_ONLY,39.0635,,40.6077,1.5442,,3.8028,,0,,13.71,1.19,safe,,,CAMERA_ONLY
0,16.2930,t54,LIDAR_ONLY,12.1308,12.1308,40.8895,28.7587,28.7587,70.3327,70.3327,0,0,13.70,1.27,slow,19.51,front,LIDAR_ONLY
0,16.2930,t54,LIDAR_ONLY,11.9322,11.9322,40.8895,28.9574,28.9574,70.8186,70.8186,0,0,13.70,1.27,slow,27.67,front,LIDAR_ONLY
0,16.2930,t59,LIDAR_ONLY,18.8499,18.8499,40.8895,22.0397,22.0397,53.9005,53.9005,0,0,13.70,1.27,drive,15.42,front,LIDAR_ONLY
0,16.2930,t54,LIDAR_ONLY,12.0076,12.0076,40.8895,28.8819,28.8819,70.6340,70.6340,0,0,13.70,1.27,slow,23.59,front,LIDAR_ONLY
0,16.4268,cam_1,CAM_ONLY,26.3809,,41.8180,15.4370,,36.9149,,0,,9.71,1.24,warning,,,CAMERA_ONLY
0,16.4849,cam_1,CAM_ONLY,26.4834,,42.1846,15.7012,,37.2202,,0,,11.55,1.08,warning,,,CAMERA_ONLY
0,16.4849,t54,LIDAR_ONLY,12.1520,12.1520,42.1846,30.0327,30.0327,71.1934,71.1934,0,0,11.55,1.08,slow,26.34,front,LIDAR_ONLY
0,16.4849,t59,LIDAR_ONLY,17.6000,17.6000,42.1846,24.5846,24.5846,58.2785,58.2785,0,0,11.55,1.08,drive,18.28,front,LIDAR_ONLY
0,16.4849,t59,LIDAR_ONLY,15.9609,15.9609,42.1846,26.2238,26.2238,62.1643,62.1643,0,0,11.55,1.08,cautious,22.31,front,LIDAR_ONLY
0,16.5454,cam_1,CAM_ONLY,25.9909,,42.6588,16.6680,,39.0727,,0,,12.25,1.34,warning,,,CAMERA_ONLY
0,16.5454,t54,LIDAR_ONLY,12.1590,12.1590,42.6588,30.4998,30.4998,71.4970,71.4970,0,0,12.25,1.34,slow,27.22,front,LIDAR_ONLY
0,16.8901,t69,LIDAR_ONLY,11.1358,11.1358,42.8966,31.7607,31.7607,74.0402,74.0402,0,0,12.27,1.34,slow,25.46,front,LIDAR_ONLY
0,16.8901,t69,LIDAR_ONLY,10.5667,10.5667,42.8966,32.3298,32.3298,75.3670,75.3670,0,0,12.27,1.34,slow,29.57,front,LIDAR_ONLY
0,16.8901,t70,LIDAR_ONLY,15.9489,15.9489,42.8966,26.9477,26.9477,62.8201,62.8201,0,0,12.27,1.34,cautious,17.24,front,LIDAR_ONLY
0,16.8901,t70,LIDAR_ONLY,14.6578,14.6578,42.8966,28.2388,28.2388,65.8299,65.8299,0,0,12.27,1.34,cautious,21.35,front,LIDAR_ONLY
0,16.8901,t70,LIDAR_ONLY,15.0730,15.0730,42.8966,27.8236,27.8236,64.8621,64.8621,0,0,12.27,1.34,cautious,13.12,front,LIDAR_ONLY
0,16.9486,cam_2,CAM_ONLY,25.7194,,42.7169,16.9975,,39.7911,,0,,11.52,1.35,warning,,,CAMERA_ONLY
0,16.9486,t69,LIDAR_ONLY,10.5679,10.5679,42.7169,32.1490,32.1490,75.2605,75.2605,0,0,11.52,1.35,slow,26.41,front,LIDAR_ONLY
0,16.9486,t70,LIDAR_ONLY,15.2507,15.2507,42.7169,27.4662,27.4662,64.2982,64.2982,0,0,11.52,1.35,cautious,18.31,front,LIDAR_ONLY
0,16.9486,t70,LIDAR_ONLY,15.1020,15.1020,42.7169,27.6149,27.6149,64.6464,64.6464,0,0,11.52,1.35,cautious,22.36,front,LIDAR_ONLY
0,17.0107,cam_2,CAM_ONLY,24.7461,,42.5460,17.7999,,41.8368,,0,,17.30,1.24,warning,,,CAMERA_ONLY
0,17.0765,cam_2,CAM_ONLY,59.4426,,42.3911,17.0514,,40.2241,,0,,18.49,1.42,safe,,,CAMERA_ONLY
0,17.1471,t70,BOTH,24.2503,14.4832,42.2071,17.9569,27.7239,42.5447,65.6854,0,0,16.58,1.49,warning,,,FULL_ANGLE
0,17.1471,t70,BOTH,41.9133,14.4832,42.2071,0.2938,27.7239,0.6962,65.6854,1,0,16.58,1.49,safe,,,FULL_ANGLE
0,17.1471,t69,LIDAR_ONLY,10.1908,10.1908,42.2071,32.0163,32.0163,75.8552,75.8552,0,0,16.58,1.49,slow,28.28,front,LIDAR_ONLY
0,17.1471,t70,LIDAR_ONLY,14.8783,14.8783,42.2071,27.3288,27.3288,64.7493,64.7493,0,0,16.58,1.49,cautious,15.95,front,LIDAR_ONLY
0,17.1471,t70,LIDAR_ONLY,14.6533,14.6533,42.2071,27.5539,27.5539,65.2825,65.2825,0,0,16.58,1.49,cautious,20.06,front,LIDAR_ONLY
0,17.1471,t69,LIDAR_ONLY,10.2031,10.2031,42.2071,32.0041,32.0041,75.8262,75.8262,0,0,16.58,1.49,slow,24.17,front,LIDAR_ONLY
0,17.2047,cam_2,CAM_ONLY,57.5382,,42.0572,15.4810,,36.8093,,0,,11.96,1.41,safe,,,CAMERA_ONLY
0,17.2642,cam_2,CAM_ONLY,58.6888,,41.9017,16.7871,,40.0632,,0,,12.21,1.02,safe,,,CAMERA_ONLY
0,17.3220,cam_2,CAM_ONLY,25.1138,,41.7506,16.6367,,39.8479,,0,,16.91,1.25,warning,,,CAMERA_ONLY
0,17.3791,cam_2,CAM_ONLY,25.5284,,41.5700,16.0416,,38.5893,,0,,10.75,1.26,warning,,,CAMERA_ONLY
0,17.5844,t91,LIDAR_ONLY,9.5036,9.5036,41.0274,31.5239,31.5239,76.8361,76.8361,0,0,8.91,1.31,slow,26.83,front,LIDAR_ONLY
0,17.5844,t93,LIDAR_ONLY,16.1342,16.1342,41.0274,24.8932,24.8932,60.6746,60.6746,0,0,8.91,1.31,cautious,14.33,front,LIDAR_ONLY
0,17.5844,t93,LIDAR_ONLY,14.0316,14.0316,41.0274,26.9958,26.9958,65.7995,65.7995,0,0,8.91,1.31,cautious,18.50,front,LIDAR_ONLY
0,17.5844,t93,LIDAR_ONLY,12.9224,12.9224,41.0274,28.1050,28.1050,68.5031,68.5031,0,0,8.91,1.31,cautious,22.67,front,LIDAR_ONLY
0,17.6416,t91,LIDAR_ONLY,9.3923,9.3923,40.8898,31.4975,31.4975,77.0303,77.0303,0,0,10.01,1.37,slow,27.63,front,LIDAR_ONLY
0,17.6416,t93,LIDAR_ONLY,13.1479,13.1479,40.8898,27.7419,27.7419,67.8455,67.8455,0,0,10.01,1.37,cautious,15.09,front,LIDAR_ONLY
0,17.6416,t91,LIDAR_ONLY,9.4676,9.4676,40.8898,31.4222,31.4222,76.8460,76.8460,0,0,10.01,1.37,slow,23.45,front,LIDAR_ONLY
0,17.6416,t93,LIDAR_ONLY,13.5749,13.5749,40.8898,27.3149,27.3149,66.8012,66.8012,0,0,10.01,1.37,cautious,10.91,front,LIDAR_ONLY
0,17.6416,t91,LIDAR_ONLY,9.6319,9.6319,40.8898,31.2579,31.2579,76.4443,76.4443,0,0,10.01,1.37,slow,19.27,front,LIDAR_ONLY
0,17.8993,cam_3,CAM_ONLY,56.6906,,40.1874,16.5032,,41.0656,,0,,24.21,1.39,safe,,,CAMERA_ONLY
0,18.1334,t107,LIDAR_ONLY,9.3365,9.3365,39.4575,30.1209,30.1209,76.3377,76.3377,0,0,17.49,1.14,slow,27.73,front,LIDAR_ONLY
0,18.1334,t107,LIDAR_ONLY,9.5541,9.5541,39.4575,29.9034,29.9034,75.7863,75.7863,0,0,17.49,1.14,slow,23.67,front,LIDAR_ONLY
0,18.1334,t107,LIDAR_ONLY,10.0417,10.0417,39.4575,29.4158,29.4158,74.5506,74.5506,0,0,17.49,1.14,slow,15.56,front,LIDAR_ONLY
0,18.1334,t107,LIDAR_ONLY,10.4673,10.4673,39.4575,28.9901,28.9901,73.4719,73.4719,0,0,17.49,1.14,slow,19.61,front,LIDAR_ONLY
0,18.3178,cam_4,CAM_ONLY,56.0250,,38.8052,17.2198,,44.3748,,0,,15.95,1.04,safe,,,CAMERA_ONLY
0,18.4342,t116,BOTH,54.3027,25.5378,38.3940,15.9087,12.8562,41.4355,33.4849,0,0,9.12,0.96,safe,,,FULL_ANGLE
0,18.4998,cam_4,CAM_ONLY,23.5730,,38.1542,14.5812,,38.2165,,0,,12.67,1.15,warning,,,CAMERA_ONLY
0,18.6301,cam_4,CAM_ONLY,23.1739,,37.6232,14.4493,,38.4053,,0,,17.74,0.95,warning,,,CAMERA_ONLY
0,18.6881,cam_4,CAM_ONLY,55.2478,,37.3994,17.8484,,47.7237,,0,,9.69,1.07,safe,,,CAMERA_ONLY
0,18.6881,t125,LIDAR_ONLY,12.9621,12.9621,37.3994,24.4373,24.4373,65.3415,65.3415,0,0,9.69,1.07,slow,19.62,front,LIDAR_ONLY
0,18.6881,t125,LIDAR_ONLY,10.7009,10.7009,37.3994,26.6985,26.6985,71.3876,71.3876,0,0,9.69,1.07,slow,27.75,front,LIDAR_ONLY
0,18.6881,t125,LIDAR_ONLY,10.7081,10.7081,37.3994,26.6913,26.6913,71.3681,71.3681,0,0,9.69,1.07,slow,23.69,front,LIDAR_ONLY
0,18.7615,cam_4,CAM_ONLY,54.5740,,37.1117,17.4623,,47.0533,,0,,25.08,1.35,safe,,,CAMERA_ONLY
0,18.8227,cam_4,CAM_ONLY,22.5589,,36.8445,14.2857,,38.7729,,0,,10.61,1.15,warning,,,CAMERA_ONLY
0,18.8227,cam_4,CAM_ONLY,41.5346,,36.8445,4.6900,,12.7293,,0,,10.61,1.15,safe,,,CAMERA_ONLY
0,18.8899,t125,BOTH,53.4561,11.5354,36.6231,16.8330,25.0878,45.9627,68.5025,0,0,19.19,1.19,safe,,,FULL_ANGLE
0,18.8899,t125,LIDAR_ONLY,10.8563,10.8563,36.6231,25.7669,25.7669,70.3568,70.3568,0,0,19.19,1.19,slow,20.68,front,LIDAR_ONLY
0,18.8899,t125,LIDAR_ONLY,11.1313,11.1313,36.6231,25.4918,25.4918,69.6058,69.6058,0,0,19.19,1.19,slow,16.63,front,LIDAR_ONLY
0,18.8899,t129,LIDAR_ONLY,10.4443,10.4443,36.6231,26.1788,26.1788,71.4816,71.4816,0,0,19.19,1.19,slow,24.72,front,LIDAR_ONLY
0,18.8899,t129,LIDAR_ONLY,9.8548,9.8548,36.6231,26.7683,26.7683,73.0913,73.0913,0,0,19.19,1.19,slow,28.77,front,LIDAR_ONLY
0,18.9533,cam_4,CAM_ONLY,53.2281,,36.3706,16.8575,,46.3493,,0,,16.64,1.28,safe,,,CAMERA_ONLY
0,19.0109,cam_4,CAM_ONLY,53.9410,,36.1544,17.7866,,49.1963,,0,,15.20,0.84,safe,,,CAMERA_ONLY
0,19.0718,cam_4,CAM_ONLY,51.7660,,35.9385,15.8275,,44.0407,,0,,20.13,1.14,safe,,,CAMERA_ONLY
0,19.1326,cam_4,CAM_ONLY,51.6474,,35.7356,15.9118,,44.5264,,0,,12.53,0.94,safe,,,CAMERA_ONLY
0,19.2093,cam_4,CAM_ONLY,51.0486,,35.4427,15.6059,,44.0312,,0,,13.63,1.27,safe,,,CAMERA_ONLY
0,19.2768,cam_4,CAM_ONLY,51.0672,,35.1813,15.8859,,45.1542,,0,,14.38,1.22,safe,,,CAMERA_ONLY
0,19.3527,cam_4,CAM_ONLY,50.1973,,34.8664,15.3309,,43.9705,,0,,18.45,1.42,safe,,,CAMERA_ONLY
0,19.4114,cam_4,CAM_ONLY,49.9436,,34.6287,15.3149,,44.2261,,0,,11.28,1.22,safe,,,CAMERA_ONLY
0,19.4857,t143,BOTH,49.5525,29.5605,34.2914,15.2611,4.7309,44.5040,13.7963,0,0,17.76,1.23,safe,,,FULL_ANGLE
0,19.4857,t142,LIDAR_ONLY,9.8451,9.8451,34.2914,24.4463,24.4463,71.2899,71.2899,0,0,17.76,1.23,slow,27.35,front,LIDAR_ONLY
0,19.4857,t142,LIDAR_ONLY,10.0611,10.0611,34.2914,24.2304,24.2304,70.6601,70.6601,0,0,17.76,1.23,slow,23.20,front,LIDAR_ONLY
0,19.4857,t143,LIDAR_ONLY,22.3059,22.3059,34.2914,11.9855,11.9855,34.9519,34.9519,0,0,17.76,1.23,drive,14.89,front,LIDAR_ONLY
0,19.4857,t143,LIDAR_ONLY,18.7371,18.7371,34.2914,15.5543,15.5543,45.3592,45.3592,0,0,17.76,1.23,cautious,19.04,front,LIDAR_ONLY
0,19.5472,t142,LIDAR_ONLY,10.1765,10.1765,34.0209,23.8445,23.8445,70.0876,70.0876,0,0,9.61,1.48,slow,26.67,front,LIDAR_ONLY
0,19.5472,t143,LIDAR_ONLY,16.6506,16.6506,34.0209,17.3704,17.3704,51.0579,51.0579,0,0,9.61,1.48,cautious,22.62,front,LIDAR_ONLY
0,19.5472,t143,LIDAR_ONLY,16.2090,16.2090,34.0209,17.8119,17.8119,52.3558,52.3558,0,0,9.61,1.48,cautious,18.57,front,LIDAR_ONLY
0,19.5472,t143,LIDAR_ONLY,15.0459,15.0459,34.0209,18.9751,18.9751,55.7746,55.7746,0,0,9.61,1.48,cautious,14.52,front,LIDAR_ONLY
0,19.6161,cam_4,CAM_ONLY,48.3157,,33.7086,14.6071,,43.3334,,0,,17.14,1.02,safe,,,CAMERA_ONLY
0,19.6862,t143,BOTH,47.8496,14.6162,33.3920,14.4576,18.7758,43.2965,56.2284,0,0,13.79,1.06,safe,,,FULL_ANGLE
0,19.6862,t142,LIDAR_ONLY,10.1583,10.1583,33.3920,23.2337,23.2337,69.5786,69.5786,0,0,13.79,1.06,slow,29.02,front,LIDAR_ONLY
0,19.6862,t142,LIDAR_ONLY,10.1879,10.1879,33.3920,23.2041,23.2041,69.4900,69.4900,0,0,13.79,1.06,slow,24.84,front,LIDAR_ONLY
0,19.6862,t142,LIDAR_ONLY,10.3999,10.3999,33.3920,22.9921,22.9921,68.8550,68.8550,0,0,13.79,1.06,slow,20.66,front,LIDAR_ONLY
0,19.7404,t143,BOTH,48.0245,15.2106,33.1171,14.9074,17.9065,45.0143,54.0702,0,0,9.81,1.22,safe,,,FULL_ANGLE
0,19.7404,t142,LIDAR_ONLY,10.6926,10.6926,33.1171,22.4245,22.4245,67.7127,67.7127,0,0,9.81,1.22,slow,19.72,front,LIDAR_ONLY
0,19.7404,t142,LIDAR_ONLY,10.9639,10.9639,33.1171,22.1531,22.1531,66.8934,66.8934,0,0,9.81,1.22,slow,23.83,front,LIDAR_ONLY
0,19.7404,t142,LIDAR_ONLY,11.2025,11.2025,33.1171,21.9146,21.9146,66.1732,66.1732,0,0,9.81,1.22,slow,27.95,front,LIDAR_ONLY
0,19.8006,cam_4,CAM_ONLY,47.3927,,32.8972,14.4955,,44.0629,,0,,14.21,1.35,safe,,,CAMERA_ONLY
0,20.0461,cam_4,CAM_ONLY,19.5718,,31.8675,12.2956,,38.5837,,0,,14.92,1.04,stop,,,CAMERA_ONLY
0,20.1047,cam_4,CAM_ONLY,47.2214,,31.6012,15.6203,,49.4294,,0,,10.32,1.29,safe,,,CAMERA_ONLY
0,20.1618,cam_4,CAM_ONLY,47.0886,,31.4190,15.6696,,49.8731,,0,,9.52,1.19,safe,,,CAMERA_ONLY
0,20.2303,cam_4,CAM_ONLY,44.7723,,31.1022,13.6701,,43.9522,,0,,19.22,2.10,safe,,,CAMERA_ONLY
0,20.2303,t159,LIDAR_ONLY,36.8652,36.8652,31.1022,5.7630,5.7630,18.5294,18.5294,0,0,19.22,2.10,drive,-22.05,front,LIDAR_ONLY
0,20.2850,cam_4,CAM_ONLY,44.7313,,30.9269,13.8045,,44.6358,,0,,10.60,1.04,safe,,,CAMERA_ONLY
0,20.2850,t159,LIDAR_ONLY,36.7248,36.7248,30.9269,5.7979,5.7979,18.7471,18.7471,0,0,10.60,1.04,drive,-22.22,front,LIDAR_ONLY
0,20.3473,cam_4,CAM_ONLY,44.9127,,30.6348,14.2779,,46.6070,,0,,10.03,1.23,safe,,,CAMERA_ONLY
0,20.4049,cam_4,CAM_ONLY,46.3018,,30.4342,15.8677,,52.1377,,0,,9.38,1.41,safe,,,CAMERA_ONLY
0,20.4625,cam_4,CAM_ONLY,18.8259,,30.1866,11.3607,,37.6348,,0,,9.11,1.23,stop,,,CAMERA_ONLY
0,20.4625,cam_4,CAM_ONLY,46.1031,,30.1866,15.9165,,52.7269,,0,,9.11,1.23,safe,,,CAMERA_ONLY
0,20.5242,t165,BOTH,18.6501,24.9498,29.8663,11.2162,4.9165,37.5546,16.4617,0,0,15.17,1.05,stop,,,FULL_ANGLE
0,20.5242,t165,BOTH,44.5277,24.9498,29.8663,14.6613,4.9165,49.0899,16.4617,0,0,15.17,1.05,safe,,,FULL_ANGLE
0,20.5766,cam_4,CAM_ONLY,18.6128,,29.6227,11.0099,,37.1670,,0,,11.03,1.21,stop,,,CAMERA_ONLY
0,20.5766,cam_4,CAM_ONLY,44.8033,,29.6227,15.1806,,51.2466,,0,,11.03,1.21,safe,,,CAMERA_ONLY
0,20.6336,t165,BOTH,18.4380,24.7716,29.4147,10.9766,4.6431,37.3169,15.7848,0,0,10.28,1.01,stop,,,FULL_ANGLE
0,20.6336,t165,BOTH,44.0073,24.7716,29.4147,14.5926,4.6431,49.6100,15.7848,0,0,10.28,1.01,safe,,,FULL_ANGLE
0,20.6336,t169,LIDAR_ONLY,13.9710,13.9710,29.4147,15.4437,15.4437,52.5033,52.5033,0,0,10.28,1.01,cautious,20.04,front,LIDAR_ONLY
0,20.6336,t169,LIDAR_ONLY,14.5330,14.5330,29.4147,14.8817,14.8817,50.5927,50.5927,0,0,10.28,1.01,cautious,15.91,front,LIDAR_ONLY
0,20.7143,cam_4,CAM_ONLY,18.3320,,29.0685,10.7366,,36.9353,,0,,15.80,0.95,stop,,,CAMERA_ONLY
0,20.7143,cam_4,CAM_ONLY,43.5058,,29.0685,14.4373,,49.6664,,0,,15.80,0.95,safe,,,CAMERA_ONLY
0,20.7778,cam_4,CAM_ONLY,17.9717,,28.8414,10.8697,,37.6878,,0,,14.77,1.09,stop,,,CAMERA_ONLY
0,20.7778,cam_4,CAM_ONLY,42.2787,,28.8414,13.4373,,46.5904,,0,,14.77,1.09,safe,,,CAMERA_ONLY
0,20.8346,t169,BOTH,18.0319,15.4286,28.5963,10.5644,13.1676,36.9432,46.0467,0,0,11.30,0.94,stop,,,FULL_ANGLE
0,20.8346,t169,BOTH,42.7592,15.4286,28.5963,14.1629,13.1676,49.5272,46.0467,0,0,11.30,0.94,safe,,,FULL_ANGLE
0,20.8346,t169,LIDAR_ONLY,15.8609,15.8609,28.5963,12.7354,12.7354,44.5350,44.5350,0,0,11.30,0.94,cautious,18.71,front,LIDAR_ONLY
0,20.8346,t169,LIDAR_ONLY,14.6926,14.6926,28.5963,13.9037,13.9037,48.6205,48.6205,0,0,11.30,0.94,cautious,26.80,front,LIDAR_ONLY
0,20.8958,cam_4,CAM_ONLY,41.2028,,28.3703,12.8325,,45.2324,,0,,10.07,1.37,safe,,,CAMERA_ONLY
0,20.8958,t169,LIDAR_ONLY,13.3480,13.3480,28.3703,15.0223,15.0223,52.9508,52.9508,0,0,10.07,1.37,cautious,28.85,front,LIDAR_ONLY
0,20.9657,cam_4,CAM_ONLY,40.6959,,28.1203,12.5756,,44.7208,,0,,13.49,1.01,safe,,,CAMERA_ONLY
0,21.0345,t175,BOTH,17.1211,26.7745,27.8825,10.7614,1.1080,38.5956,3.9739,0,0,12.69,0.94,stop,,,FULL_ANGLE
0,21.0345,t175,BOTH,39.8779,26.7745,27.8825,11.9954,1.1080,43.0211,3.9739,0,0,12.69,0.94,safe,,,FULL_ANGLE
0,21.0345,t169,LIDAR_ONLY,11.9573,11.9573,27.8825,15.9253,15.9253,57.1156,57.1156,0,0,12.69,0.94,slow,29.49,front,LIDAR_ONLY
0,21.0345,t169,LIDAR_ONLY,11.0656,11.0656,27.8825,16.8169,16.8169,60.3133,60.3133,0,0,12.69,0.94,slow,21.42,front,LIDAR_ONLY
0,21.0345,t169,LIDAR_ONLY,10.6462,10.6462,27.8825,17.2363,17.2363,61.8175,61.8175,0,0,12.69,0.94,slow,25.46,front,LIDAR_ONLY
0,21.0345,t175,LIDAR_ONLY,20.7222,20.7222,27.8825,7.1603,7.1603,25.6802,25.6802,0,0,12.69,0.94,drive,17.39,front,LIDAR_ONLY
0,21.0921,t175,BOTH,16.5498,15.2340,27.6539,11.1041,12.4198,40.1538,44.9117,0,0,9.51,1.43,stop,,,FULL_ANGLE
0,21.0921,t175,BOTH,38.6820,15.2340,27.6539,11.0281,12.4198,39.8792,44.9117,0,0,9.51,1.43,safe,,,FULL_ANGLE
0,21.0921,t169,LIDAR_ONLY,10.5145,10.5145,27.6539,17.1393,17.1393,61.9781,61.9781,0,0,9.51,1.43,slow,29.20,front,LIDAR_ONLY
0,21.0921,t175,LIDAR_ONLY,16.8798,16.8798,27.6539,10.7741,10.7741,38.9606,38.9606,0,0,9.51,1.43,cautious,20.87,front,LIDAR_ONLY
0,21.0921,t175,LIDAR_ONLY,15.0869,15.0869,27.6539,12.5669,12.5669,45.4437,45.4437,0,0,9.51,1.43,cautious,25.03,front,LIDAR_ONLY
0,21.1607,cam_4,CAM_ONLY,38.6554,,27.4442,11.2112,,40.8508,,0,,21.88,1.29,safe,,,CAMERA_ONLY
0,21.2310,cam_4,CAM_ONLY,38.2328,,27.2348,10.9980,,40.3821,,0,,16.25,1.07,safe,,,CAMERA_ONLY
0,21.2959,cam_4,CAM_ONLY,37.5018,,27.0014,10.5004,,38.8884,,0,,17.82,1.23,safe,,,CAMERA_ONLY
0,21.3901,cam_4,CAM_ONLY,37.3190,,26.6840,10.6350,,39.8551,,0,,27.75,1.21,safe,,,CAMERA_ONLY
0,21.3901,t183,LIDAR_ONLY,13.8373,13.8373,26.6840,12.8467,12.8467,48.1437,48.1437,0,0,27.75,1.21,cautious,21.11,front,LIDAR_ONLY
0,21.3901,t183,LIDAR_ONLY,12.9178,12.9178,26.6840,13.7662,13.7662,51.5897,51.5897,0,0,27.75,1.21,slow,25.16,front,LIDAR_ONLY
0,21.3901,t183,LIDAR_ONLY,11.8014,11.8014,26.6840,14.8827,14.8827,55.7737,55.7737,0,0,27.75,1.21,slow,29.21,front,LIDAR_ONLY
0,21.4552,cam_4,CAM_ONLY,37.1877,,26.4467,10.7410,,40.6139,,0,,17.15,1.18,safe,,,CAMERA_ONLY
0,21.5148,cam_4,CAM_ONLY,36.4370,,26.2346,10.2025,,38.8893,,0,,16.57,0.91,safe,,,CAMERA_ONLY
0,21.5894,t189,BOTH,36.3642,21.0817,25.9567,10.4075,4.8750,40.0958,18.7814,0,0,18.78,1.38,safe,,,FULL_ANGLE
0,21.5894,t183,LIDAR_ONLY,11.8077,11.8077,25.9567,14.1490,14.1490,54.5101,54.5101,0,0,18.78,1.38,slow,24.66,front,LIDAR_ONLY
0,21.5894,t183,LIDAR_ONLY,11.4638,11.4638,25.9567,14.4929,14.4929,55.8349,55.8349,0,0,18.78,1.38,slow,28.81,front,LIDAR_ONLY
0,21.5894,t188,LIDAR_ONLY,21.0494,21.0494,25.9567,4.9073,4.9073,18.9057,18.9057,0,0,18.78,1.38,drive,16.36,front,LIDAR_ONLY
0,21.5894,t188,LIDAR_ONLY,17.6969,17.6969,25.9567,8.2598,8.2598,31.8214,31.8214,0,0,18.78,1.38,cautious,20.51,front,LIDAR_ONLY
0,21.6562,cam_4,CAM_ONLY,36.4701,,25.7218,10.7482,,41.7864,,0,,11.67,1.21,safe,,,CAMERA_ONLY
0,21.7161,cam_4,CAM_ONLY,36.5998,,25.4912,11.1087,,43.5786,,0,,12.87,0.93,safe,,,CAMERA_ONLY
0,21.8294,cam_4,CAM_ONLY,35.3003,,25.0630,10.2373,,40.8464,,0,,14.36,1.33,safe,,,CAMERA_ONLY
0,21.8294,t192,LIDAR_ONLY,31.2013,31.2013,25.0630,6.1383,6.1383,24.4914,24.4914,0,0,14.36,1.33,drive,-26.16,front,LIDAR_ONLY
0,21.8960,cam_4,CAM_ONLY,34.9368,,24.7905,10.1463,,40.9281,,0,,17.12,1.25,safe,,,CAMERA_ONLY
0,21.9555,cam_4,CAM_ONLY,34.0437,,24.5685,9.4753,,38.5667,,0,,9.10,1.29,slowdown,,,CAMERA_ONLY
0,22.0172,cam_4,CAM_ONLY,33.3739,,24.2638,9.1101,,37.5462,,0,,13.61,1.13,slowdown,,,CAMERA_ONLY
0,22.0904,cam_4,CAM_ONLY,32.7150,,24.0065,8.7085,,36.2755,,0,,16.75,1.37,slowdown,,,CAMERA_ONLY
0,22.0904,t199,LIDAR_ONLY,30.2968,30.2968,24.0065,6.2903,6.2903,26.2025,26.2025,0,0,16.75,1.37,drive,-27.05,front,LIDAR_ONLY
0,22.0904,t201,LIDAR_ONLY,12.9053,12.9053,24.0065,11.1012,11.1012,46.2424,46.2424,0,0,16.75,1.37,slow,22.90,front,LIDAR_ONLY
0,22.0904,t201,LIDAR_ONLY,11.4983,11.4983,24.0065,12.5082,12.5082,52.1033,52.1033,0,0,16.75,1.37,slow,27.06,front,LIDAR_ONLY
0,22.1571,cam_4,CAM_ONLY,33.0036,,23.7001,9.3034,,39.2548,,0,,12.55,1.21,slowdown,,,CAMERA_ONLY
0,22.2218,cam_4,CAM_ONLY,33.3835,,23.4428,9.9407,,42.4042,,0,,15.03,1.18,slowdown,,,CAMERA_ONLY
0,22.2784,cam_4,CAM_ONLY,31.9468,,23.1987,8.7481,,37.7096,,0,,9.88,1.16,slowdown,,,CAMERA_ONLY
0,22.3358,cam_4,CAM_ONLY,32.2432,,22.9160,9.3272,,40.7016,,0,,10.31,0.89,slowdown,,,CAMERA_ONLY
0,22.3358,t208,LIDAR_ONLY,13.0835,13.0835,22.9160,9.8325,9.8325,42.9068,42.9068,0,0,10.31,0.89,slow,23.11,front,LIDAR_ONLY
0,22.3358,t208,LIDAR_ONLY,13.5677,13.5677,22.9160,9.3483,9.3483,40.7939,40.7939,0,0,10.31,0.89,slow,18.96,front,LIDAR_ONLY
0,22.3928,cam_4,CAM_ONLY,32.3356,,22.7167,9.6189,,42.3427,,0,,11.55,1.31,slowdown,,,CAMERA_ONLY
0,22.3928,t208,LIDAR_ONLY,13.7404,13.7404,22.7167,8.9763,8.9763,39.5142,39.5142,0,0,11.55,1.31,slow,23.53,front,LIDAR_ONLY
0,22.3928,t208,LIDAR_ONLY,13.0252,13.0252,22.7167,9.6915,9.6915,42.6624,42.6624,0,0,11.55,1.31,slow,27.65,front,LIDAR_ONLY
0,22.3928,t208,LIDAR_ONLY,13.1632,13.1632,22.7167,9.5534,9.5534,42.0547,42.0547,0,0,11.55,1.31,slow,19.40,front,LIDAR_ONLY
0,22.4581,cam_4,CAM_ONLY,32.0354,,22.4836,9.5518,,42.4832,,0,,18.81,1.11,slowdown,,,CAMERA_ONLY
0,22.5369,cam_4,CAM_ONLY,31.5825,,22.1319,9.4506,,42.7014,,0,,20.95,1.19,slowdown,,,CAMERA_ONLY
0,22.5369,t208,LIDAR_ONLY,13.1722,13.1722,22.1319,8.9596,8.9596,40.4829,40.4829,0,0,20.95,1.19,slow,26.90,front,LIDAR_ONLY
0,22.5369,t208,LIDAR_ONLY,13.2252,13.2252,22.1319,8.9067,8.9067,40.2438,40.2438,0,0,20.95,1.19,slow,18.57,front,LIDAR_ONLY
0,22.5369,t208,LIDAR_ONLY,13.3139,13.3139,22.1319,8.8180,8.8180,39.8430,39.8430,0,0,20.95,1.19,slow,22.73,front,LIDAR_ONLY
0,22.6034,cam_4,CAM_ONLY,31.3416,,21.8768,9.4647,,43.2637,,0,,18.24,1.23,slowdown,,,CAMERA_ONLY
0,22.6695,cam_4,CAM_ONLY,29.3789,,21.6274,7.7515,,35.8412,,0,,15.00,1.08,warning,,,CAMERA_ONLY
0,22.7313,cam_4,CAM_ONLY,29.5973,,21.4128,8.1844,,38.2221,,0,,11.12,1.91,warning,,,CAMERA_ONLY
0,22.7313,t219,LIDAR_ONLY,27.9144,27.9144,21.4128,6.5016,6.5016,30.3631,30.3631,0,0,11.12,1.91,drive,-29.88,front,LIDAR_ONLY
0,22.8004,cam_4,CAM_ONLY,28.6251,,21.1566,7.4685,,35.3012,,0,,13.04,1.29,warning,,,CAMERA_ONLY
0,22.8618,cam_4,CAM_ONLY,27.7390,,20.9167,6.8223,,32.6167,,0,,16.45,0.97,warning,,,CAMERA_ONLY
0,22.9175,cam_4,CAM_ONLY,27.1291,,20.7081,6.4210,,31.0074,,0,,11.20,0.96,warning,,,CAMERA_ONLY
0,22.9735,cam_4,CAM_ONLY,26.3260,,20.5191,5.8069,,28.2998,,0,,9.79,0.97,warning,,,CAMERA_ONLY
0,23.0302,t227,BOTH,26.4425,15.4879,20.3660,6.0765,4.8781,29.8366,23.9521,0,0,11.04,0.94,warning,,,FULL_ANGLE
0,23.0990,cam_4,CAM_ONLY,26.1510,,20.1514,5.9996,,29.7728,,0,,21.99,1.09,warning,,,CAMERA_ONLY
0,23.1656,cam_4,CAM_ONLY,25.7908,,19.9650,5.8258,,29.1802,,0,,11.06,1.63,warning,,,CAMERA_ONLY
0,23.2338,t227,BOTH,25.6776,14.9646,19.7640,5.9136,4.7994,29.9211,24.2834,0,0,13.31,0.85,warning,,,FULL_ANGLE
0,23.2338,t227,LIDAR_ONLY,15.1292,15.1292,19.7640,4.6348,4.6348,23.4507,23.4507,0,0,13.31,0.85,cautious,0.96,front,LIDAR_ONLY
0,23.3134,cam_4,CAM_ONLY,25.3340,,19.5228,5.8111,,29.7659,,0,,19.78,1.67,warning,,,CAMERA_ONLY
0,23.3783,cam_4,CAM_ONLY,25.1421,,19.3690,5.7731,,29.8061,,0,,14.18,0.81,warning,,,CAMERA_ONLY
0,23.4583,cam_4,CAM_ONLY,25.4794,,19.1514,6.3280,,33.0420,,0,,21.22,1.41,warning,,,CAMERA_ONLY
0,23.5141,cam_4,CAM_ONLY,25.5212,,19.0365,6.4847,,34.0645,,0,,14.15,0.86,warning,,,CAMERA_ONLY
0,23.6077,cam_4,CAM_ONLY,24.7682,,18.8149,5.9533,,31.6417,,0,,23.27,1.24,warning,,,CAMERA_ONLY
0,23.6773,cam_4,CAM_ONLY,24.5898,,18.6673,5.9225,,31.7264,,0,,14.99,1.19,warning,,,CAMERA_ONLY
0,23.7317,t243,BOTH,24.4357,13.6327,18.5473,5.8884,4.9146,31.7478,26.4979,0,0,14.50,0.85,warning,,,FULL_ANGLE
0,23.8023,cam_4,CAM_ONLY,24.3814,,18.4191,5.9624,,32.3706,,0,,12.41,1.41,warning,,,CAMERA_ONLY
0,23.8023,t247,LIDAR_ONLY,12.2065,12.2065,18.4191,6.2126,6.2126,33.7293,33.7293,0,0,12.41,1.41,cautious,25.69,front,LIDAR_ONLY
0,23.8023,t247,LIDAR_ONLY,10.9889,10.9889,18.4191,7.4302,7.4302,40.3398,40.3398,0,0,12.41,1.41,slow,29.83,front,LIDAR_ONLY
0,23.8023,t247,LIDAR_ONLY,11.3934,11.3934,18.4191,7.0257,7.0257,38.1437,38.1437,0,0,12.41,1.41,slow,21.55,front,LIDAR_ONLY
0,23.8643,cam_4,CAM_ONLY,24.1155,,18.2946,5.8208,,31.8172,,0,,12.98,0.93,warning,,,CAMERA_ONLY
0,23.9362,t243,BOTH,23.9690,13.3667,18.1591,5.8098,4.7924,31.9941,26.3914,0,0,18.91,1.17,warning,,,FULL_ANGLE
0,23.9362,t247,LIDAR_ONLY,11.7727,11.7727,18.1591,6.3864,6.3864,35.1691,35.1691,0,0,18.91,1.17,slow,23.29,front,LIDAR_ONLY
0,23.9362,t247,LIDAR_ONLY,11.9787,11.9787,18.1591,6.1804,6.1804,34.0348,34.0348,0,0,18.91,1.17,slow,27.45,front,LIDAR_ONLY
0,23.9362,t247,LIDAR_ONLY,12.4109,12.4109,18.1591,5.7482,5.7482,31.6546,31.6546,0,0,18.91,1.17,cautious,19.12,front,LIDAR_ONLY
0,23.9362,t243,LIDAR_ONLY,13.2457,13.2457,18.1591,4.9134,4.9134,27.0573,27.0573,0,0,18.91,1.17,cautious,6.63,front,LIDAR_ONLY
0,24.0047,cam_4,CAM_ONLY,23.5824,,18.0450,5.5374,,30.6865,,0,,13.31,1.29,warning,,,CAMERA_ONLY
0,24.0758,cam_4,CAM_ONLY,23.4721,,17.9226,5.5496,,30.9641,,0,,20.16,0.96,warning,,,CAMERA_ONLY
0,24.1356,t243,BOTH,23.3595,13.0636,17.8545,5.5050,4.7909,30.8328,26.8331,0,0,9.16,0.94,slowdown,,,FULL_ANGLE
0,24.1356,t247,LIDAR_ONLY,13.3990,13.3990,17.8545,4.4555,4.4555,24.9544,24.9544,0,0,9.16,0.94,cautious,17.85,front,LIDAR_ONLY
0,24.1356,t243,LIDAR_ONLY,13.1214,13.1214,17.8545,4.7331,4.7331,26.5091,26.5091,0,0,9.16,0.94,cautious,5.25,front,LIDAR_ONLY
0,24.2062,cam_4,CAM_ONLY,23.3597,,17.8456,5.5141,,30.8989,,0,,18.83,1.29,safe,,,CAMERA_ONLY
0,24.2770,cam_4,CAM_ONLY,23.4493,,17.8328,5.6165,,31.4950,,0,,16.77,1.08,safe,,,CAMERA_ONLY
0,24.3440,cam_4,CAM_ONLY,23.3078,,17.8106,5.4972,,30.8650,,0,,18.29,1.48,safe,,,CAMERA_ONLY
0,24.3986,cam_4,CAM_ONLY,23.1130,,17.7860,5.3270,,29.9505,,0,,12.76,1.14,safe,,,CAMERA_ONLY
0,24.4592,cam_4,CAM_ONLY,23.0190,,17.7412,5.2778,,29.7489,,0,,13.79,1.28,safe,,,CAMERA_ONLY
0,24.5294,cam_4,CAM_ONLY,22.9140,,17.6903,5.2237,,29.5289,,0,,15.90,1.08,slowdown,,,CAMERA_ONLY
0,24.5988,cam_4,CAM_ONLY,22.8824,,17.6156,5.2668,,29.8988,,0,,13.19,1.15,warning,,,CAMERA_ONLY
0,24.6617,cam_4,CAM_ONLY,22.9146,,17.5417,5.3729,,30.6293,,0,,12.56,1.09,warning,,,CAMERA_ONLY
0,24.7294,cam_4,CAM_ONLY,22.6284,,17.4548,5.1736,,29.6401,,0,,11.75,0.89,warning,,,CAMERA_ONLY
0,24.8012,cam_4,CAM_ONLY,22.7927,,17.4052,5.3876,,30.9538,,0,,15.78,1.08,safe,,,CAMERA_ONLY
0,24.8637,cam_4,CAM_ONLY,22.9517,,17.4046,5.5471,,31.8712,,0,,14.03,1.34,safe,,,CAMERA_ONLY
0,24.9693,cam_4,CAM_ONLY,22.7579,,17.3908,5.3671,,30.8619,,0,,19.04,1.06,safe,,,CAMERA_ONLY
0,25.0414,t273,BOTH,22.9978,12.3637,17.3641,5.6336,5.0004,32.4441,28.7972,0,0,19.70,1.38,safe,,,FULL_ANGLE
0,25.0414,t272,LIDAR_ONLY,12.4340,12.4340,17.3641,4.9302,4.9302,28.3928,28.3928,0,0,19.70,1.38,cautious,25.25,front,LIDAR_ONLY
0,25.0414,t272,LIDAR_ONLY,12.7727,12.7727,17.3641,4.5914,4.5914,26.4421,26.4421,0,0,19.70,1.38,cautious,21.08,front,LIDAR_ONLY
0,25.0414,t272,LIDAR_ONLY,12.3783,12.3783,17.3641,4.9858,4.9858,28.7134,28.7134,0,0,19.70,1.38,cautious,29.42,front,LIDAR_ONLY
0,25.0414,t273,LIDAR_ONLY,12.3539,12.3539,17.3641,5.0102,5.0102,28.8536,28.8536,0,0,19.70,1.38,cautious,4.40,front,LIDAR_ONLY
0,25.1181,cam_4,CAM_ONLY,22.6577,,17.3217,5.3360,,30.8051,,0,,20.10,1.19,safe,,,CAMERA_ONLY
0,25.1838,cam_4,CAM_ONLY,22.7343,,17.2702,5.4641,,31.6391,,0,,10.05,1.10,slowdown,,,CAMERA_ONLY
0,25.2464,t273,BOTH,22.3983,12.3138,17.2163,5.1820,4.9025,30.0991,28.4759,0,0,12.71,2.79,slowdown,,,FULL_ANGLE
0,25.2464,t272,LIDAR_ONLY,11.5572,11.5572,17.2163,5.6591,5.6591,32.8708,32.8708,0,0,12.71,2.79,cautious,29.43,front,LIDAR_ONLY
0,25.2464,t277,LIDAR_ONLY,22.5767,22.5767,17.2163,5.3604,5.3604,31.1356,31.1356,0,0,12.71,2.79,drive,17.16,front,LIDAR_ONLY
0,25.2464,t277,LIDAR_ONLY,19.1179,19.1179,17.2163,1.9016,1.9016,11.0451,11.0451,0,0,12.71,2.79,drive,21.25,front,LIDAR_ONLY
0,25.2464,t277,LIDAR_ONLY,15.4732,15.4732,17.2163,1.7431,1.7431,10.1250,10.1250,0,0,12.71,2.79,cautious,25.34,front,LIDAR_ONLY
0,25.2464,t273,LIDAR_ONLY,12.2772,12.2772,17.2163,4.9391,4.9391,28.6886,28.6886,0,0,12.71,2.79,cautious,4.90,front,LIDAR_ONLY
0,25.3072,cam_4,CAM_ONLY,22.1992,,17.1573,5.0420,,29.3869,,0,,10.29,1.45,warning,,,CAMERA_ONLY
0,25.3651,cam_4,CAM_ONLY,22.3190,,17.0965,5.2225,,30.5471,,0,,11.97,1.12,warning,,,CAMERA_ONLY
0,25.4231,cam_4,CAM_ONLY,22.1602,,17.0332,5.1270,,30.1000,,0,,12.41,0.88,warning,,,CAMERA_ONLY
0,25.4927,cam_4,CAM_ONLY,22.0885,,17.0016,5.0869,,29.9198,,0,,23.23,2.45,safe,,,CAMERA_ONLY
0,25.4927,t285,LIDAR_ONLY,13.8939,13.8939,17.0016,3.1077,3.1077,18.2790,18.2790,0,0,23.23,2.45,cautious,23.28,front,LIDAR_ONLY
0,25.4927,t285,LIDAR_ONLY,12.2590,12.2590,17.0016,4.7426,4.7426,27.8950,27.8950,0,0,23.23,2.45,cautious,27.29,front,LIDAR_ONLY
0,25.4927,t285,LIDAR_ONLY,12.8171,12.8171,17.0016,4.1845,4.1845,24.6122,24.6122,0,0,23.23,2.45,cautious,19.27,front,LIDAR_ONLY
0,25.5571,cam_4,CAM_ONLY,22.5130,,17.0009,5.5121,,32.4227,,0,,13.37,1.04,safe,,,CAMERA_ONLY
0,25.6379,t288,BOTH,22.7402,12.0194,16.9947,5.7455,4.9754,33.8073,29.2759,0,0,20.78,1.09,safe,,,FULL_ANGLE
0,25.6379,t285,LIDAR_ONLY,13.2531,13.2531,16.9947,3.7416,3.7416,22.0165,22.0165,0,0,20.78,1.09,cautious,22.13,front,LIDAR_ONLY
0,25.6379,t285,LIDAR_ONLY,13.3700,13.3700,16.9947,3.6247,3.6247,21.3286,21.3286,0,0,20.78,1.09,cautious,26.31,front,LIDAR_ONLY
0,25.6379,t285,LIDAR_ONLY,13.7554,13.7554,16.9947,3.2394,3.2394,19.0610,19.0610,0,0,20.78,1.09,cautious,17.95,front,LIDAR_ONLY
0,25.6379,t288,LIDAR_ONLY,12.1732,12.1732,16.9947,4.8215,4.8215,28.3706,28.3706,0,0,20.78,1.09,cautious,-2.96,front,LIDAR_ONLY
0,25.7111,cam_4,CAM_ONLY,22.1530,,16.9788,5.1741,,30.4741,,0,,12.02,1.31,safe,,,CAMERA_ONLY
0,25.7757,cam_4,CAM_ONLY,21.9530,,16.9559,4.9971,,29.4710,,0,,13.88,0.94,safe,,,CAMERA_ONLY
0,25.8469,cam_4,CAM_ONLY,21.9234,,16.9143,5.0091,,29.6144,,0,,21.29,1.29,safe,,,CAMERA_ONLY
0,25.8469,t285,LIDAR_ONLY,13.9584,13.9584,16.9143,2.9559,2.9559,17.4758,17.4758,0,0,21.29,1.29,cautious,26.66,front,LIDAR_ONLY
0,25.8469,t285,LIDAR_ONLY,13.8194,13.8194,16.9143,3.0949,3.0949,18.2975,18.2975,0,0,21.29,1.29,cautious,22.46,front,LIDAR_ONLY
0,25.9077,cam_4,CAM_ONLY,21.9553,,16.8753,5.0799,,30.1027,,0,,15.50,0.82,slowdown,,,CAMERA_ONLY
0,25.9700,cam_4,CAM_ONLY,21.8135,,16.8275,4.9859,,29.6297,,0,,17.74,1.18,warning,,,CAMERA_ONLY
0,26.0292,cam_4,CAM_ONLY,21.7172,,16.7877,4.9295,,29.3638,,0,,10.29,1.02,warning,,,CAMERA_ONLY
0,26.0926,cam_4,CAM_ONLY,21.9961,,16.7868,5.2093,,31.0319,,0,,13.68,1.31,safe,,,CAMERA_ONLY
0,26.0926,t303,LIDAR_ONLY,12.0826,12.0826,16.7868,4.7042,4.7042,28.0230,28.0230,0,0,13.68,1.31,cautious,25.94,front,LIDAR_ONLY
0,26.0926,t303,LIDAR_ONLY,13.2396,13.2396,16.7868,3.5472,3.5472,21.1306,21.1306,0,0,13.68,1.31,cautious,17.78,front,LIDAR_ONLY
0,26.0926,t303,LIDAR_ONLY,13.9271,13.9271,16.7868,2.8597,2.8597,17.0352,17.0352,0,0,13.68,1.31,cautious,21.86,front,LIDAR_ONLY
0,26.1544,cam_4,CAM_ONLY,22.2083,,16.7860,5.4223,,32.3025,,0,,12.11,1.24,safe,,,CAMERA_ONLY
0,26.2203,cam_4,CAM_ONLY,22.0877,,16.7828,5.3050,,31.6095,,0,,18.83,1.08,safe,,,CAMERA_ONLY
0,26.3207,cam_4,CAM_ONLY,21.5625,,16.7656,4.7969,,28.6117,,0,,11.36,1.27,safe,,,CAMERA_ONLY
0,26.3946,cam_4,CAM_ONLY,21.4506,,16.7338,4.7168,,28.1874,,0,,14.61,1.48,slowdown,,,CAMERA_ONLY
0,26.3946,t310,LIDAR_ONLY,11.2646,11.2646,16.7338,5.4692,5.4692,32.6835,32.6835,0,0,14.61,1.48,cautious,27.47,front,LIDAR_ONLY
0,26.3946,t310,LIDAR_ONLY,11.7533,11.7533,16.7338,4.9804,4.9804,29.7629,29.7629,0,0,14.61,1.48,cautious,23.37,front,LIDAR_ONLY
0,26.4561,cam_4,CAM_ONLY,21.5520,,16.6909,4.8611,,29.1242,,0,,9.12,1.39,warning,,,CAMERA_ONLY
0,26.5213,cam_4,CAM_ONLY,21.5499,,16.6678,4.8821,,29.2904,,0,,12.46,1.24,safe,,,CAMERA_ONLY
0,26.5846,t316,BOTH,22.0669,11.6007,16.6662,5.4007,5.0656,32.4049,30.3942,0,0,12.49,1.01,safe,,,FULL_ANGLE
0,26.5846,t316,LIDAR_ONLY,11.6252,11.6252,16.6662,5.0410,5.0410,30.2470,30.2470,0,0,12.49,1.01,cautious,-1.17,front,LIDAR_ONLY
0,26.6537,cam_4,CAM_ONLY,22.2202,,16.6581,5.5621,,33.3901,,0,,19.33,1.35,safe,,,CAMERA_ONLY
0,26.7203,cam_4,CAM_ONLY,21.8226,,16.6420,5.1806,,31.1300,,0,,15.20,1.21,safe,,,CAMERA_ONLY
0,26.7902,t316,BOTH,21.4662,11.6391,16.6183,4.8479,4.9792,29.1721,29.9624,0,0,16.21,1.37,safe,,,FULL_ANGLE
0,26.7902,t321,LIDAR_ONLY,12.9998,12.9998,16.6183,3.6185,3.6185,21.7744,21.7744,0,0,16.21,1.37,cautious,24.55,front,LIDAR_ONLY
0,26.7902,t321,LIDAR_ONLY,12.0134,12.0134,16.6183,4.6049,4.6049,27.7101,27.7101,0,0,16.21,1.37,cautious,28.67,front,LIDAR_ONLY
0,26.7902,t322,LIDAR_ONLY,25.1361,25.1361,16.6183,8.5178,8.5178,51.2554,51.2554,0,0,16.21,1.37,drive,16.30,front,LIDAR_ONLY
0,26.8728,cam_4,CAM_ONLY,21.2876,,16.5731,4.7145,,28.4469,,0,,16.76,1.03,warning,,,CAMERA_ONLY
0,26.9330,t316,BOTH,21.2622,11.6293,16.5450,4.7173,4.9157,28.5117,29.7113,0,0,10.58,0.93,slowdown,,,FULL_ANGLE
0,26.9330,t316,LIDAR_ONLY,11.6462,11.6462,16.5450,4.8988,4.8988,29.6091,29.6091,0,0,10.58,0.93,cautious,-1.31,front,LIDAR_ONLY
0,26.9330,t316,LIDAR_ONLY,11.6014,11.6014,16.5450,4.9436,4.9436,29.8795,29.8795,0,0,10.58,0.93,cautious,6.92,front,LIDAR_ONLY
0,26.9999,cam_4,CAM_ONLY,21.2311,,16.5436,4.6874,,28.3337,,0,,13.53,2.06,safe,,,CAMERA_ONLY
0,27.0699,cam_4,CAM_ONLY,21.4696,,16.5361,4.9336,,29.8351,,0,,20.32,1.04,safe,,,CAMERA_ONLY
0,27.1313,cam_4,CAM_ONLY,21.2790,,16.5224,4.7566,,28.7886,,0,,9.63,1.05,safe,,,CAMERA_ONLY
0,27.1910,cam_4,CAM_ONLY,21.2074,,16.4950,4.7124,,28.5687,,0,,15.37,0.98,slowdown,,,CAMERA_ONLY
0,27.2454,cam_4,CAM_ONLY,20.9668,,16.4684,4.4984,,27.3153,,0,,11.44,1.49,warning,,,CAMERA_ONLY
0,27.2454,t328,LIDAR_ONLY,10.1508,10.1508,16.4684,6.3177,6.3177,38.3623,38.3623,0,0,11.44,1.49,slow,29.95,front,LIDAR_ONLY
0,27.2454,t328,LIDAR_ONLY,10.4779,10.4779,16.4684,5.9905,5.9905,36.3756,36.3756,0,0,11.44,1.49,slow,25.81,front,LIDAR_ONLY
0,27.2454,t328,LIDAR_ONLY,11.3663,11.3663,16.4684,5.1021,5.1021,30.9813,30.9813,0,0,11.44,1.49,slow,17.51,front,LIDAR_ONLY
0,27.2454,t328,LIDAR_ONLY,12.1720,12.1720,16.4684,4.2964,4.2964,26.0886,26.0886,0,0,11.44,1.49,slow,21.66,front,LIDAR_ONLY
0,27.3104,cam_4,CAM_ONLY,20.9884,,16.4409,4.5475,,27.6598,,0,,16.71,0.83,slowdown,,,CAMERA_ONLY
0,27.3706,cam_4,CAM_ONLY,21.4308,,16.4403,4.9906,,30.3559,,0,,10.13,1.10,safe,,,CAMERA_ONLY
0,27.4353,t335,BOTH,21.0702,11.4303,16.4334,4.6369,5.0030,28.2162,30.4445,0,0,14.29,1.27,safe,,,FULL_ANGLE
0,27.4353,t328,LIDAR_ONLY,12.5718,12.5718,16.4334,3.8616,3.8616,23.4983,23.4983,0,0,14.29,1.27,cautious,26.81,front,LIDAR_ONLY
0,27.4353,t328,LIDAR_ONLY,13.3243,13.3243,16.4334,3.1090,3.1090,18.9190,18.9190,0,0,14.29,1.27,cautious,18.58,front,LIDAR_ONLY
0,27.4353,t335,LIDAR_ONLY,11.4886,11.4886,16.4334,4.9448,4.9448,30.0900,30.0900,0,0,14.29,1.27,cautious,-2.00,front,LIDAR_ONLY
0,27.4353,t335,LIDAR_ONLY,11.3816,11.3816,16.4334,5.0518,5.0518,30.7411,30.7411,0,0,14.29,1.27,cautious,6.23,front,LIDAR_ONLY
0,27.4985,cam_4,CAM_ONLY,21.0050,,16.4193,4.5856,,27.9283,,0,,14.56,1.23,safe,,,CAMERA_ONLY
0,27.5670,cam_4,CAM_ONLY,20.8651,,16.3980,4.4671,,27.2414,,0,,17.26,1.11,warning,,,CAMERA_ONLY
0,27.6365,t335,BOTH,21.1938,11.3852,16.3868,4.8070,5.0016,29.3345,30.5219,0,0,15.59,1.15,safe,,,FULL_ANGLE
0,27.6365,t328,LIDAR_ONLY,13.7555,13.7555,16.3868,2.6313,2.6313,16.0577,16.0577,0,0,15.59,1.15,cautious,26.46,front,LIDAR_ONLY
0,27.6365,t328,LIDAR_ONLY,14.1056,14.1056,16.3868,2.2813,2.2813,13.9213,13.9213,0,0,15.59,1.15,cautious,18.37,front,LIDAR_ONLY
0,27.6365,t328,LIDAR_ONLY,14.3042,14.3042,16.3868,2.0826,2.0826,12.7092,12.7092,0,0,15.59,1.15,cautious,22.41,front,LIDAR_ONLY
0,27.6365,t335,LIDAR_ONLY,11.3737,11.3737,16.3868,5.0131,5.0131,30.5922,30.5922,0,0,15.59,1.15,cautious,6.22,front,LIDAR_ONLY
0,27.6926,cam_4,CAM_ONLY,21.2929,,16.3865,4.9064,,29.9418,,0,,12.14,1.25,safe,,,CAMERA_ONLY
0,27.6926,t328,LIDAR_ONLY,14.5266,14.5266,16.3865,1.8600,1.8600,11.3505,11.3505,0,0,12.14,1.25,cautious,25.25,front,LIDAR_ONLY
0,27.6926,t328,LIDAR_ONLY,13.3053,13.3053,16.3865,3.0812,3.0812,18.8032,18.8032,0,0,12.14,1.25,cautious,29.47,front,LIDAR_ONLY
0,27.6926,t328,LIDAR_ONLY,13.5470,13.5470,16.3865,2.8395,2.8395,17.3280,17.3280,0,0,12.14,1.25,cautious,21.04,front,LIDAR_ONLY
0,27.7483,cam_4,CAM_ONLY,21.1247,,16.3835,4.7412,,28.9385,,0,,12.75,1.23,safe,,,CAMERA_ONLY
0,27.8177,cam_4,CAM_ONLY,21.1421,,16.3734,4.7688,,29.1251,,0,,16.56,0.86,safe,,,CAMERA_ONLY
0,27.8883,t344,BOTH,21.0244,11.3980,16.3543,4.6701,4.9563,28.5555,30.3060,0,0,16.78,1.20,slowdown,,,FULL_ANGLE
0,27.8883,t328,LIDAR_ONLY,13.0307,13.0307,16.3543,3.3237,3.3237,20.3229,20.3229,0,0,16.78,1.20,cautious,23.19,front,LIDAR_ONLY
0,27.8883,t328,LIDAR_ONLY,13.1845,13.1845,16.3543,3.1698,3.1698,19.3821,19.3821,0,0,16.78,1.20,cautious,19.04,front,LIDAR_ONLY
0,27.8883,t344,LIDAR_ONLY,11.2960,11.2960,16.3543,5.0583,5.0583,30.9295,30.9295,0,0,16.78,1.20,cautious,6.59,front,LIDAR_ONLY
0,27.8883,t328,LIDAR_ONLY,13.2457,13.2457,16.3543,3.1086,3.1086,19.0080,19.0080,0,0,16.78,1.20,cautious,27.34,front,LIDAR_ONLY
0,27.9471,cam_4,CAM_ONLY,20.5452,,16.3301,4.2151,,25.8118,,0,,13.88,1.14,warning,,,CAMERA_ONLY
0,28.0059,cam_4,CAM_ONLY,20.6088,,16.3092,4.2996,,26.3631,,0,,12.67,1.43,slowdown,,,CAMERA_ONLY
0,28.0640,cam_4,CAM_ONLY,20.8133,,16.3081,4.5052,,27.6254,,0,,10.59,1.34,safe,,,CAMERA_ONLY
0,28.1244,cam_4,CAM_ONLY,21.0772,,16.3035,4.7737,,29.2799,,0,,14.71,1.00,safe,,,CAMERA_ONLY
0,28.1966,cam_4,CAM_ONLY,21.2651,,16.2881,4.9770,,30.5557,,0,,21.71,1.51,safe,,,CAMERA_ONLY
0,28.1966,t354,LIDAR_ONLY,10.3385,10.3385,16.2881,5.9496,5.9496,36.5272,36.5272,0,0,21.71,1.51,cautious,29.53,front,LIDAR_ONLY
0,28.1966,t355,LIDAR_ONLY,22.6352,22.6352,16.2881,6.3471,6.3471,38.9674,38.9674,0,0,21.71,1.51,drive,17.12,front,LIDAR_ONLY
0,28.1966,t354,LIDAR_ONLY,10.6841,10.6841,16.2881,5.6041,5.6041,34.4060,34.4060,0,0,21.71,1.51,cautious,25.39,front,LIDAR_ONLY
0,28.1966,t355,LIDAR_ONLY,18.6508,18.6508,16.2881,2.3626,2.3626,14.5052,14.5052,0,0,21.71,1.51,drive,21.26,front,LIDAR_ONLY
0,28.2649,cam_4,CAM_ONLY,20.5779,,16.2640,4.3139,,26.5239,,0,,13.87,0.96,warning,,,CAMERA_ONLY
0,28.3472,cam_4,CAM_ONLY,20.6183,,16.2430,4.3753,,26.9368,,0,,15.86,1.27,safe,,,CAMERA_ONLY
0,28.4094,cam_4,CAM_ONLY,20.7170,,16.2419,4.4751,,27.5529,,0,,19.91,1.39,safe,,,CAMERA_ONLY
0,28.4642,cam_4,CAM_ONLY,20.8137,,16.2400,4.5737,,28.1633,,0,,9.87,1.04,safe,,,CAMERA_ONLY
0,28.5363,t360,BOTH,20.5890,11.1873,16.2273,4.3616,5.0400,26.8783,31.0588,0,0,21.03,1.41,warning,,,FULL_ANGLE
0,28.5985,cam_4,CAM_ONLY,20.6468,,16.2179,4.4288,,27.3082,,0,,11.15,1.23,safe,,,CAMERA_ONLY
0,28.6578,cam_4,CAM_ONLY,20.7898,,16.2177,4.5721,,28.1923,,0,,10.87,1.14,safe,,,CAMERA_ONLY
0,28.7236,cam_4,CAM_ONLY,20.4860,,16.2113,4.2746,,26.3682,,0,,13.37,1.26,slowdown,,,CAMERA_ONLY
0,28.7794,cam_4,CAM_ONLY,20.3653,,16.2007,4.1646,,25.7059,,0,,11.81,0.84,warning,,,CAMERA_ONLY
0,28.8430,cam_4,CAM_ONLY,20.6261,,16.1931,4.4330,,27.3757,,0,,11.78,1.34,safe,,,CAMERA_ONLY
0,28.8430,t369,LIDAR_ONLY,14.6700,14.6700,16.1931,1.5231,1.5231,9.4059,9.4059,0,0,11.78,1.34,cautious,22.37,front,LIDAR_ONLY
0,28.8430,t369,LIDAR_ONLY,13.1069,13.1069,16.1931,3.0862,3.0862,19.0589,19.0589,0,0,11.78,1.34,cautious,26.38,front,LIDAR_ONLY
0,28.8430,t369,LIDAR_ONLY,13.6170,13.6170,16.1931,2.5761,2.5761,15.9085,15.9085,0,0,11.78,1.34,cautious,18.37,front,LIDAR_ONLY
0,28.8995,cam_4,CAM_ONLY,20.3899,,16.1929,4.1970,,25.9188,,0,,11.51,1.17,safe,,,CAMERA_ONLY
0,28.9655,cam_4,CAM_ONLY,20.5198,,16.1891,4.3308,,26.7511,,0,,16.37,0.93,safe,,,CAMERA_ONLY
0,29.0212,cam_4,CAM_ONLY,20.3717,,16.1796,4.1921,,25.9094,,0,,11.43,0.99,warning,,,CAMERA_ONLY
0,29.0757,cam_4,CAM_ONLY,20.4669,,16.1745,4.2923,,26.5377,,0,,9.24,1.08,safe,,,CAMERA_ONLY
0,29.1316,t375,BOTH,20.7948,11.2969,16.1739,4.6210,4.8770,28.5706,30.1537,0,0,9.95,0.93,safe,,,FULL_ANGLE
0,29.1906,t375,BOTH,20.3598,11.2483,16.1691,4.1907,4.9208,25.9181,30.4332,0,0,13.00,1.20,slowdown,,,FULL_ANGLE
0,29.1906,t378,LIDAR_ONLY,12.6913,12.6913,16.1691,3.4777,3.4777,21.5086,21.5086,0,0,13.00,1.20,cautious,25.02,front,LIDAR_ONLY
0,29.1906,t378,LIDAR_ONLY,13.1895,13.1895,16.1691,2.9796,2.9796,18.4275,18.4275,0,0,13.00,1.20,cautious,20.95,front,LIDAR_ONLY
0,29.1906,t375,LIDAR_ONLY,11.2861,11.2861,16.1691,4.8830,4.8830,30.1994,30.1994,0,0,13.00,1.20,cautious,-3.42,front,LIDAR_ONLY
0,29.1906,t378,LIDAR_ONLY,12.9112,12.9112,16.1691,3.2579,3.2579,20.1487,20.1487,0,0,13.00,1.20,cautious,29.08,front,LIDAR_ONLY
0,29.2561,cam_4,CAM_ONLY,20.6025,,16.1565,4.4460,,27.5185,,0,,15.22,1.29,slowdown,,,CAMERA_ONLY
0,29.3306,cam_4,CAM_ONLY,20.6861,,16.1375,4.5486,,28.1867,,0,,21.63,1.84,slowdown,,,CAMERA_ONLY
0,29.3953,cam_4,CAM_ONLY,20.8345,,16.1195,4.7150,,29.2502,,0,,17.87,1.31,warning,,,CAMERA_ONLY
0,29.3953,t378,LIDAR_ONLY,12.5967,12.5967,16.1195,3.5228,3.5228,21.8544,21.8544,0,0,17.87,1.31,cautious,26.37,front,LIDAR_ONLY
0,29.4587,cam_4,CAM_ONLY,20.5811,,16.1075,4.4737,,27.7739,,0,,11.83,1.27,safe,,,CAMERA_ONLY
0,29.5253,cam_4,CAM_ONLY,20.8143,,16.1066,4.7077,,29.2287,,0,,9.22,1.05,safe,,,CAMERA_ONLY
0,29.5821,cam_4,CAM_ONLY,20.5289,,16.1039,4.4250,,27.4779,,0,,10.34,0.98,safe,,,CAMERA_ONLY
0,29.6466,cam_4,CAM_ONLY,20.1772,,16.0916,4.0855,,25.3892,,0,,13.42,1.19,warning,,,CAMERA_ONLY
0,29.7217,cam_4,CAM_ONLY,20.3237,,16.0835,4.2402,,26.3639,,0,,19.37,1.17,safe,,,CAMERA_ONLY
0,29.7785,cam_4,CAM_ONLY,19.9802,,16.0828,3.8974,,24.2335,,0,,11.04,1.13,warning,,,CAMERA_ONLY
0,29.8372,t393,BOTH,20.3535,11.1091,16.0819,4.2716,4.9728,26.5615,30.9220,0,0,13.01,0.98,safe,,,FULL_ANGLE
0,29.8372,t392,LIDAR_ONLY,13.3987,13.3987,16.0819,2.6832,2.6832,16.6844,16.6844,0,0,13.01,0.98,cautious,23.95,front,LIDAR_ONLY
0,29.8372,t392,LIDAR_ONLY,12.0353,12.0353,16.0819,4.0466,4.0466,25.1625,25.1625,0,0,13.01,0.98,cautious,28.16,front,LIDAR_ONLY
0,29.8372,t392,LIDAR_ONLY,12.5427,12.5427,16.0819,3.5392,3.5392,22.0071,22.0071,0,0,13.01,0.98,cautious,19.74,front,LIDAR_ONLY
0,29.9057,cam_4,CAM_ONLY,20.4898,,16.0811,4.4087,,27.4156,,0,,18.01,2.35,safe,,,CAMERA_ONLY
0,29.9738,cam_4,CAM_ONLY,20.1148,,16.0791,4.0357,,25.0990,,0,,14.21,1.03,warning,,,CAMERA_ONLY
0,30.0362,t393,BOTH,20.5015,11.0150,16.0757,4.4258,5.0607,27.5313,31.4804,0,0,16.02,0.80,safe,,,FULL_ANGLE
0,30.0989,cam_4,CAM_ONLY,20.3924,,16.0754,4.3170,,26.8550,,0,,10.22,1.12,safe,,,CAMERA_ONLY
0,30.1646,cam_4,CAM_ONLY,20.1039,,16.0714,4.0324,,25.0907,,0,,14.34,1.10,warning,,,CAMERA_ONLY
0,30.2335,cam_4,CAM_ONLY,21.1607,,16.0674,5.0933,,31.6997,,0,,10.11,1.04,safe,,,CAMERA_ONLY
0,30.2958,t406,BOTH,20.2017,10.9782,16.0666,4.1351,5.0884,25.7373,31.6708,0,0,15.24,1.25,slowdown,,,FULL_ANGLE
0,30.2958,t405,LIDAR_ONLY,10.5028,10.5028,16.0666,5.5638,5.5638,34.6297,34.6297,0,0,15.24,1.25,cautious,29.19,front,LIDAR_ONLY
0,30.2958,t405,LIDAR_ONLY,10.7942,10.7942,16.0666,5.2725,5.2725,32.8162,32.8162,0,0,15.24,1.25,cautious,25.10,front,LIDAR_ONLY
0,30.2958,t405,LIDAR_ONLY,11.9521,11.9521,16.0666,4.1145,4.1145,25.6091,25.6091,0,0,15.24,1.25,cautious,16.93,front,LIDAR_ONLY
0,30.2958,t405,LIDAR_ONLY,12.8172,12.8172,16.0666,3.2494,3.2494,20.2244,20.2244,0,0,15.24,1.25,cautious,21.02,front,LIDAR_ONLY
0,30.3597,cam_4,CAM_ONLY,20.1259,,16.0617,4.0642,,25.3035,,0,,14.12,1.49,warning,,,CAMERA_ONLY
0,30.4222,cam_4,CAM_ONLY,20.1843,,16.0596,4.1247,,25.6838,,0,,13.99,1.04,safe,,,CAMERA_ONLY
0,30.4802,t406,BOTH,20.2762,11.0022,16.0589,4.2173,5.0567,26.2611,31.4887,0,0,14.93,1.21,safe,,,FULL_ANGLE
0,30.4802,t405,LIDAR_ONLY,13.4286,13.4286,16.0589,2.6303,2.6303,16.3791,16.3791,0,0,14.93,1.21,cautious,21.98,front,LIDAR_ONLY
0,30.4802,t405,LIDAR_ONLY,14.0336,14.0336,16.0589,2.0254,2.0254,12.6121,12.6121,0,0,14.93,1.21,cautious,26.18,front,LIDAR_ONLY
0,30.4802,t406,LIDAR_ONLY,10.9922,10.9922,16.0589,5.0667,5.0667,31.5506,31.5506,0,0,14.93,1.21,cautious,-3.17,front,LIDAR_ONLY
0,30.4802,t406,LIDAR_ONLY,11.0028,11.0028,16.0589,5.0561,5.0561,31.4848,31.4848,0,0,14.93,1.21,cautious,5.21,front,LIDAR_ONLY
0,30.5340,cam_4,CAM_ONLY,19.9693,,16.0577,3.9116,,24.3600,,0,,13.31,0.90,warning,,,CAMERA_ONLY
0,30.5340,t405,LIDAR_ONLY,14.6732,14.6732,16.0577,1.3845,1.3845,8.6219,8.6219,0,0,13.31,0.90,cautious,22.02,front,LIDAR_ONLY
0,30.5340,t405,LIDAR_ONLY,14.8794,14.8794,16.0577,1.1783,1.1783,7.3376,7.3376,0,0,13.31,0.90,cautious,17.94,front,LIDAR_ONLY
0,30.6050,cam_4,CAM_ONLY,19.9672,,16.0572,3.9101,,24.3511,,0,,18.87,2.54,warning,,,CAMERA_ONLY
0,30.6745,cam_4,CAM_ONLY,19.9474,,16.0572,3.8903,,24.2275,,0,,19.00,1.82,warning,,,CAMERA_ONLY
0,30.7488,cam_4,CAM_ONLY,20.0494,,16.0572,3.9923,,24.8629,,0,,14.14,1.23,safe,,,CAMERA_ONLY
0,30.8076,cam_4,CAM_ONLY,19.9230,,16.0570,3.8660,,24.0764,,0,,9.83,1.44,warning,,,CAMERA_ONLY
0,30.8758,cam_4,CAM_ONLY,19.9401,,16.0576,3.8826,,24.1789,,0,,15.11,2.30,warning,,,CAMERA_ONLY
0,30.9379,t423,BOTH,19.8421,11.0161,16.0576,3.7845,5.0415,23.5685,31.3963,0,0,11.94,1.02,warning,,,FULL_ANGLE
0,30.9379,t422,LIDAR_ONLY,10.2056,10.2056,16.0576,5.8520,5.8520,36.4435,36.4435,0,0,11.94,1.02,cautious,29.90,front,LIDAR_ONLY
0,30.9379,t423,LIDAR_ONLY,11.1255,11.1255,16.0576,4.9321,4.9321,30.7153,30.7153,0,0,11.94,1.02,cautious,-2.60,front,LIDAR_ONLY
0,30.9379,t423,LIDAR_ONLY,11.0163,11.0163,16.0576,5.0413,5.0413,31.3951,31.3951,0,0,11.94,1.02,cautious,5.52,front,LIDAR_ONLY
0,31.0093,cam_4,CAM_ONLY,19.9188,,16.0576,3.8613,,24.0464,,0,,15.22,1.25,warning,,,CAMERA_ONLY
0,31.0720,cam_4,CAM_ONLY,19.9238,,16.0576,3.8662,,24.0769,,0,,11.27,1.13,warning,,,CAMERA_ONLY
0,31.1257,cam_4,CAM_ONLY,20.1418,,16.0576,4.0843,,25.4350,,0,,10.57,1.39,safe,,,CAMERA_ONLY
0,31.1891,t430,BOTH,20.7742,11.0042,16.0579,4.7163,5.0537,29.3706,31.4716,0,0,16.18,1.44,safe,,,FULL_ANGLE
0,31.1891,t429,LIDAR_ONLY,14.3514,14.3514,16.0579,1.7065,1.7065,10.6272,10.6272,0,0,16.18,1.44,cautious,22.72,front,LIDAR_ONLY
0,31.1891,t429,LIDAR_ONLY,13.2006,13.2006,16.0579,2.8573,2.8573,17.7938,17.7938,0,0,16.18,1.44,cautious,26.84,front,LIDAR_ONLY
0,31.1891,t429,LIDAR_ONLY,13.6686,13.6686,16.0579,2.3893,2.3893,14.8790,14.8790,0,0,16.18,1.44,cautious,18.59,front,LIDAR_ONLY
0,31.1891,t430,LIDAR_ONLY,10.9781,10.9781,16.0579,5.0798,5.0798,31.6344,31.6344,0,0,16.18,1.44,cautious,6.21,front,LIDAR_ONLY
0,31.1891,t430,LIDAR_ONLY,10.9881,10.9881,16.0579,5.0698,5.0698,31.5720,31.5720,0,0,16.18,1.44,cautious,-2.04,front,LIDAR_ONLY
0,31.2590,cam_4,CAM_ONLY,20.6733,,16.0593,4.6140,,28.7308,,0,,17.33,1.57,safe,,,CAMERA_ONLY
0,31.3267,cam_4,CAM_ONLY,19.9768,,16.0588,3.9179,,24.3973,,0,,15.59,1.05,warning,,,CAMERA_ONLY
0,31.3934,cam_4,CAM_ONLY,20.2252,,16.0569,4.1683,,25.9599,,0,,15.69,1.41,safe,,,CAMERA_ONLY
0,31.3934,t429,LIDAR_ONLY,13.7466,13.7466,16.0569,2.3103,2.3103,14.3881,14.3881,0,0,15.69,1.41,cautious,26.61,front,LIDAR_ONLY
0,31.3934,t429,LIDAR_ONLY,14.0026,14.0026,16.0569,2.0542,2.0542,12.7934,12.7934,0,0,15.69,1.41,cautious,18.55,front,LIDAR_ONLY
0,31.3934,t429,LIDAR_ONLY,14.1984,14.1984,16.0569,1.8585,1.8585,11.5744,11.5744,0,0,15.69,1.41,cautious,22.58,front,LIDAR_ONLY
0,31.4663,cam_4,CAM_ONLY,20.0602,,16.0559,4.0042,,24.9393,,0,,17.44,1.01,warning,,,CAMERA_ONLY
0,31.5217,cam_4,CAM_ONLY,20.7094,,16.0556,4.6537,,28.9849,,0,,10.20,1.13,safe,,,CAMERA_ONLY
0,31.5760,cam_4,CAM_ONLY,20.1380,,16.0550,4.0831,,25.4318,,0,,9.33,1.01,warning,,,CAMERA_ONLY
0,31.6510,cam_4,CAM_ONLY,19.8774,,16.0538,3.8236,,23.8176,,0,,23.24,2.88,warning,,,CAMERA_ONLY
0,31.6510,t440,LIDAR_ONLY,11.4723,11.4723,16.0538,4.5815,4.5815,28.5385,28.5385,0,0,23.24,2.88,cautious,27.10,front,LIDAR_ONLY
0,31.6510,t440,LIDAR_ONLY,12.3720,12.3720,16.0538,3.6818,3.6818,22.9341,22.9341,0,0,23.24,2.88,cautious,19.01,front,LIDAR_ONLY
0,31.6510,t440,LIDAR_ONLY,12.9719,12.9719,16.0538,3.0818,3.0818,19.1970,19.1970,0,0,23.24,2.88,cautious,23.06,front,LIDAR_ONLY
0,31.7145,cam_4,CAM_ONLY,20.8088,,16.0538,4.7550,,29.6195,,0,,20.15,1.53,safe,,,CAMERA_ONLY
0,31.7856,t443,BOTH,19.9493,11.0220,16.0535,3.8958,5.0315,24.2675,31.3423,0,0,8.98,1.00,warning,,,FULL_ANGLE
0,31.7856,t443,LIDAR_ONLY,11.0734,11.0734,16.0535,4.9801,4.9801,31.0220,31.0220,0,0,8.98,1.00,cautious,-1.08,front,LIDAR_ONLY
0,31.7856,t443,LIDAR_ONLY,11.0754,11.0754,16.0535,4.9781,4.9781,31.0097,31.0097,0,0,8.98,1.00,cautious,7.12,front,LIDAR_ONLY
0,31.8427,t443,BOTH,19.9287,11.1098,16.0535,3.8752,4.9437,24.1393,30.7949,0,0,10.25,1.30,warning,,,FULL_ANGLE
0,31.8427,t440,LIDAR_ONLY,13.3403,13.3403,16.0535,2.7132,2.7132,16.9008,16.9008,0,0,10.25,1.30,cautious,23.60,front,LIDAR_ONLY
0,31.8427,t440,LIDAR_ONLY,13.3946,13.3946,16.0535,2.6589,2.6589,16.5629,16.5629,0,0,10.25,1.30,cautious,27.69,front,LIDAR_ONLY
0,31.8427,t443,LIDAR_ONLY,11.1010,11.1010,16.0535,4.9525,4.9525,30.8502,30.8502,0,0,10.25,1.30,cautious,-0.94,front,LIDAR_ONLY
0,31.8427,t443,LIDAR_ONLY,11.1514,11.1514,16.0535,4.9021,4.9021,30.5360,30.5360,0,0,10.25,1.30,cautious,7.24,front,LIDAR_ONLY
0,31.9020,cam_4,CAM_ONLY,20.6797,,16.0535,4.6262,,28.8172,,0,,11.74,1.38,safe,,,CAMERA_ONLY
0,31.9590,cam_4,CAM_ONLY,20.0909,,16.0532,4.0377,,25.1518,,0,,8.86,0.95,warning,,,CAMERA_ONLY
0,32.0164,cam_4,CAM_ONLY,20.4696,,16.0532,4.4164,,27.5113,,0,,9.33,0.91,safe,,,CAMERA_ONLY
0,32.0756,cam_4,CAM_ONLY,20.7128,,16.0526,4.6602,,29.0308,,0,,9.25,1.25,safe,,,CAMERA_ONLY
0,32.1320,t453,BOTH,20.0756,10.9980,16.0517,4.0239,5.0537,25.0681,31.4838,0,0,13.16,0.93,warning,,,FULL_ANGLE
0,32.1320,t453,LIDAR_ONLY,10.9664,10.9664,16.0517,5.0853,5.0853,31.6807,31.6807,0,0,13.16,0.93,cautious,6.16,front,LIDAR_ONLY
0,32.1320,t453,LIDAR_ONLY,10.9726,10.9726,16.0517,5.0791,5.0791,31.6423,31.6423,0,0,13.16,0.93,cautious,-2.00,front,LIDAR_ONLY
0,32.1943,t453,BOTH,20.8398,10.9881,16.0510,4.7888,5.0629,29.8346,31.5426,0,0,10.72,1.39,safe,,,FULL_ANGLE
0,32.1943,t456,LIDAR_ONLY,12.8048,12.8048,16.0510,3.2462,3.2462,20.2245,20.2245,0,0,10.72,1.39,cautious,24.81,front,LIDAR_ONLY
0,32.1943,t456,LIDAR_ONLY,11.3087,11.3087,16.0510,4.7424,4.7424,29.5457,29.5457,0,0,10.72,1.39,cautious,28.83,front,LIDAR_ONLY
0,32.1943,t456,LIDAR_ONLY,11.6460,11.6460,16.0510,4.4051,4.4051,27.4441,27.4441,0,0,10.72,1.39,cautious,20.79,front,LIDAR_ONLY
0,32.1943,t453,LIDAR_ONLY,10.9743,10.9743,16.0510,5.0767,5.0767,31.6285,31.6285,0,0,10.72,1.39,cautious,4.70,front,LIDAR_ONLY
0,32.1943,t453,LIDAR_ONLY,10.9816,10.9816,16.0510,5.0694,5.0694,31.5832,31.5832,0,0,10.72,1.39,cautious,-3.35,front,LIDAR_ONLY
0,32.2514,cam_4,CAM_ONLY,20.1000,,16.0500,4.0500,,25.2336,,0,,10.57,1.26,warning,,,CAMERA_ONLY
0,32.3182,cam_4,CAM_ONLY,19.9908,,16.0496,3.9412,,24.5562,,0,,19.87,1.46,warning,,,CAMERA_ONLY
0,32.3905,t453,BOTH,20.6364,11.0150,16.0496,4.5867,5.0346,28.5786,31.3689,0,0,21.81,2.37,safe,,,FULL_ANGLE
0,32.3905,t456,LIDAR_ONLY,12.0646,12.0646,16.0496,3.9850,3.9850,24.8290,24.8290,0,0,21.81,2.37,cautious,22.21,front,LIDAR_ONLY
0,32.3905,t456,LIDAR_ONLY,12.6156,12.6156,16.0496,3.4340,3.4340,21.3959,21.3959,0,0,21.81,2.37,cautious,18.02,front,LIDAR_ONLY
0,32.3905,t456,LIDAR_ONLY,12.9567,12.9567,16.0496,3.0930,3.0930,19.2712,19.2712,0,0,21.81,2.37,cautious,26.40,front,LIDAR_ONLY
0,32.3905,t453,LIDAR_ONLY,11.0062,11.0062,16.0496,5.0434,5.0434,31.4240,31.4240,0,0,21.81,2.37,cautious,-2.91,front,LIDAR_ONLY
0,32.4455,t453,BOTH,20.6446,11.0251,16.0493,4.5952,5.0242,28.6319,31.3050,0,0,9.01,1.23,safe,,,FULL_ANGLE
0,32.4455,t456,LIDAR_ONLY,13.3661,13.3661,16.0493,2.6833,2.6833,16.7188,16.7188,0,0,9.01,1.23,cautious,28.87,front,LIDAR_ONLY
0,32.4455,t456,LIDAR_ONLY,13.6289,13.6289,16.0493,2.4205,2.4205,15.0814,15.0814,0,0,9.01,1.23,cautious,20.74,front,LIDAR_ONLY
0,32.5144,cam_4,CAM_ONLY,20.0083,,16.0483,3.9601,,24.6759,,0,,17.48,1.08,warning,,,CAMERA_ONLY
0,32.5774,cam_4,CAM_ONLY,19.9700,,16.0481,3.9219,,24.4386,,0,,19.69,0.91,warning,,,CAMERA_ONLY
0,32.6450,cam_4,CAM_ONLY,20.5475,,16.0481,4.4994,,28.0368,,0,,12.67,1.19,safe,,,CAMERA_ONLY
0,32.7086,cam_4,CAM_ONLY,19.8942,,16.0478,3.8464,,23.9686,,0,,17.77,1.12,warning,,,CAMERA_ONLY
0,32.7788,cam_4,CAM_ONLY,20.0679,,16.0476,4.0203,,25.0521,,0,,17.57,1.01,safe,,,CAMERA_ONLY
0,32.8432,cam_4,CAM_ONLY,19.8356,,16.0469,3.7887,,23.6105,,0,,14.05,1.34,warning,,,CAMERA_ONLY
0,32.8432,t470,LIDAR_ONLY,21.5944,21.5944,16.0469,5.5475,5.5475,34.5707,34.5707,0,0,14.05,1.34,drive,17.56,front,LIDAR_ONLY
0,32.8432,t471,LIDAR_ONLY,10.2004,10.2004,16.0469,5.8465,5.8465,36.4339,36.4339,0,0,14.05,1.34,cautious,29.91,front,LIDAR_ONLY
0,32.8432,t471,LIDAR_ONLY,10.4119,10.4119,16.0469,5.6350,5.6350,35.1159,35.1159,0,0,14.05,1.34,cautious,25.80,front,LIDAR_ONLY
0,32.9036,cam_4,CAM_ONLY,20.5909,,16.0462,4.5447,,28.3228,,0,,13.37,1.33,safe,,,CAMERA_ONLY
0,32.9651,cam_4,CAM_ONLY,20.0886,,16.0457,4.0428,,25.1957,,0,,11.66,1.56,warning,,,CAMERA_ONLY
0,33.0325,t474,BOTH,20.5828,11.0031,16.0454,4.5374,5.0423,28.2784,31.4251,0,0,18.80,0.84,safe,,,FULL_ANGLE
0,33.0966,t474,BOTH,20.0726,10.9962,16.0449,4.0276,5.0487,25.1022,31.4660,0,0,12.83,1.25,warning,,,FULL_ANGLE
0,33.0966,t478,LIDAR_ONLY,11.8006,11.8006,16.0449,4.2444,4.2444,26.4531,26.4531,0,0,12.83,1.25,cautious,26.49,front,LIDAR_ONLY
0,33.0966,t478,LIDAR_ONLY,12.2651,12.2651,16.0449,3.7798,3.7798,23.5579,23.5579,0,0,12.83,1.25,cautious,22.42,front,LIDAR_ONLY
0,33.0966,t474,LIDAR_ONLY,11.0034,11.0034,16.0449,5.0416,5.0416,31.4217,31.4217,0,0,12.83,1.25,cautious,-2.00,front,LIDAR_ONLY
0,33.1746,cam_4,CAM_ONLY,20.0057,,16.0446,3.9611,,24.6883,,0,,14.85,0.92,safe,,,CAMERA_ONLY
0,33.2505,cam_4,CAM_ONLY,20.0172,,16.0442,3.9730,,24.7629,,0,,16.86,1.34,warning,,,CAMERA_ONLY
0,33.2505,t478,LIDAR_ONLY,12.2626,12.2626,16.0442,3.7816,3.7816,23.5699,23.5699,0,0,16.86,1.34,cautious,28.32,front,LIDAR_ONLY
0,33.2505,t478,LIDAR_ONLY,12.3285,12.3285,16.0442,3.7157,3.7157,23.1589,23.1589,0,0,16.86,1.34,cautious,24.24,front,LIDAR_ONLY
0,33.3084,cam_4,CAM_ONLY,19.9977,,16.0440,3.9537,,24.6427,,0,,11.88,1.79,warning,,,CAMERA_ONLY
0,33.3742,cam_4,CAM_ONLY,20.0290,,16.0440,3.9850,,24.8377,,0,,18.33,1.30,safe,,,CAMERA_ONLY
0,33.4442,cam_4,CAM_ONLY,20.0290,,16.0433,3.9857,,24.8434,,0,,16.70,1.23,warning,,,CAMERA_ONLY
0,33.4442,t478,LIDAR_ONLY,12.1337,12.1337,16.0433,3.9095,3.9095,24.3686,24.3686,0,0,16.70,1.23,cautious,28.76,front,LIDAR_ONLY
0,33.5076,cam_4,CAM_ONLY,19.8488,,16.0433,3.8055,,23.7201,,0,,16.38,0.97,warning,,,CAMERA_ONLY
0,33.5630,cam_4,CAM_ONLY,19.9904,,16.0433,3.9471,,24.6025,,0,,12.46,0.84,warning,,,CAMERA_ONLY
0,33.6311,cam_4,CAM_ONLY,19.9777,,16.0433,3.9344,,24.5235,,0,,15.32,0.87,warning,,,CAMERA_ONLY
0,33.6907,cam_4,CAM_ONLY,19.8129,,16.0433,3.7696,,23.4963,,0,,11.90,1.23,warning,,,CAMERA_ONLY
0,33.6907,t492,LIDAR_ONLY,14.3164,14.3164,16.0433,1.7270,1.7270,10.7643,10.7643,0,0,11.90,1.23,cautious,22.76,front,LIDAR_ONLY
0,33.7435,t493,BOTH,19.8735,10.9825,16.0433,3.8302,5.0608,23.8739,31.5446,0,0,12.40,1.44,warning,,,FULL_ANGLE
0,33.7435,t492,LIDAR_ONLY,14.3102,14.3102,16.0433,1.7331,1.7331,10.8029,10.8029,0,0,12.40,1.44,cautious,22.77,front,LIDAR_ONLY
0,33.7435,t492,LIDAR_ONLY,14.8037,14.8037,16.0433,1.2396,1.2396,7.7266,7.7266,0,0,12.40,1.44,cautious,18.71,front,LIDAR_ONLY
0,33.7435,t492,LIDAR_ONLY,14.6670,14.6670,16.0433,1.3764,1.3764,8.5790,8.5790,0,0,12.40,1.44,cautious,26.82,front,LIDAR_ONLY
0,33.7435,t493,LIDAR_ONLY,10.9592,10.9592,16.0433,5.0841,5.0841,31.6898,31.6898,0,0,12.40,1.44,cautious,6.55,front,LIDAR_ONLY
0,33.8059,cam_4,CAM_ONLY,19.9127,,16.0433,3.8694,,24.1184,,0,,10.08,1.39,warning,,,CAMERA_ONLY
0,33.8615,cam_4,CAM_ONLY,19.8948,,16.0433,3.8515,,24.0067,,0,,10.15,1.16,warning,,,CAMERA_ONLY
0,33.9260,cam_4,CAM_ONLY,19.9427,,16.0433,3.8994,,24.3053,,0,,17.42,1.03,warning,,,CAMERA_ONLY
0,33.9915,cam_4,CAM_ONLY,19.8942,,16.0433,3.8508,,24.0027,,0,,17.48,1.32,warning,,,CAMERA_ONLY
0,33.9915,t504,LIDAR_ONLY,14.5351,14.5351,16.0433,1.5082,1.5082,9.4009,9.4009,0,0,17.48,1.32,cautious,22.50,front,LIDAR_ONLY
0,33.9915,t504,LIDAR_ONLY,13.2783,13.2783,16.0433,2.7650,2.7650,17.2346,17.2346,0,0,17.48,1.32,cautious,26.62,front,LIDAR_ONLY
0,33.9915,t504,LIDAR_ONLY,14.0690,14.0690,16.0433,1.9744,1.9744,12.3064,12.3064,0,0,17.48,1.32,cautious,18.37,front,LIDAR_ONLY
0,34.0665,cam_4,CAM_ONLY,19.7893,,16.0433,3.7460,,23.3491,,0,,16.41,1.10,warning,,,CAMERA_ONLY
0,34.1303,t507,BOTH,19.9316,11.0745,16.0433,3.8883,4.9688,24.2363,30.9711,0,0,18.09,1.14,warning,,,FULL_ANGLE
0,34.1968,cam_4,CAM_ONLY,19.9513,,16.0433,3.9080,,24.3589,,0,,14.09,1.37,warning,,,CAMERA_ONLY
0,34.2577,cam_4,CAM_ONLY,19.9791,,16.0433,3.9357,,24.5319,,0,,10.10,1.18,warning,,,CAMERA_ONLY
0,34.3292,cam_4,CAM_ONLY,19.9546,,16.0433,3.9113,,24.3796,,0,,16.25,0.86,warning,,,CAMERA_ONLY
0,34.4006,cam_4,CAM_ONLY,20.0794,,16.0433,4.0361,,25.1573,,0,,17.05,1.36,safe,,,CAMERA_ONLY
0,34.4006,t512,LIDAR_ONLY,10.9772,10.9772,16.0433,5.0661,5.0661,31.5777,31.5777,0,0,17.05,1.36,cautious,28.12,front,LIDAR_ONLY
0,34.4565,cam_4,CAM_ONLY,20.0170,,16.0437,3.9733,,24.7654,,0,,11.28,1.28,warning,,,CAMERA_ONLY
0,34.5245,cam_4,CAM_ONLY,19.8149,,16.0446,3.7703,,23.4988,,0,,16.53,1.00,warning,,,CAMERA_ONLY
0,34.5815,cam_4,CAM_ONLY,19.9149,,16.0446,3.8703,,24.1224,,0,,10.10,0.91,warning,,,CAMERA_ONLY
0,34.6313,cam_4,CAM_ONLY,19.9299,,16.0446,3.8853,,24.2156,,0,,9.20,1.19,warning,,,CAMERA_ONLY
0,34.6892,t523,BOTH,19.9370,11.0343,16.0446,3.8923,5.0103,24.2595,31.2271,0,0,9.35,1.19,warning,,,FULL_ANGLE
0,34.6892,t522,LIDAR_ONLY,20.2944,20.2944,16.0446,4.2497,4.2497,26.4871,26.4871,0,0,9.35,1.19,drive,18.18,front,LIDAR_ONLY
0,34.6892,t522,LIDAR_ONLY,17.4902,17.4902,16.0446,1.4456,1.4456,9.0099,9.0099,0,0,9.35,1.19,drive,22.30,front,LIDAR_ONLY
0,34.6892,t522,LIDAR_ONLY,15.0469,15.0469,16.0446,0.9977,0.9977,6.2185,6.2185,1,1,9.35,1.19,drive,26.42,front,LIDAR_ONLY
0,34.6892,t523,LIDAR_ONLY,11.1060,11.1060,16.0446,4.9386,4.9386,30.7802,30.7802,0,0,9.35,1.19,cautious,-2.43,front,LIDAR_ONLY
0,34.7440,t523,BOTH,20.7483,11.0004,16.0446,4.7037,5.0442,29.3162,31.4386,0,0,10.38,1.53,safe,,,FULL_ANGLE
0,34.7440,t522,LIDAR_ONLY,14.3626,14.3626,16.0446,1.6820,1.6820,10.4833,10.4833,0,0,10.38,1.53,cautious,24.85,front,LIDAR_ONLY
0,34.7440,t522,LIDAR_ONLY,14.8152,14.8152,16.0446,1.2294,1.2294,7.6623,7.6623,0,0,10.38,1.53,cautious,16.78,front,LIDAR_ONLY
0,34.7440,t522,LIDAR_ONLY,14.9574,14.9574,16.0446,1.0872,1.0872,6.7761,6.7761,0,0,10.38,1.53,cautious,20.81,front,LIDAR_ONLY
0,34.7440,t522,LIDAR_ONLY,14.0323,14.0323,16.0446,2.0123,2.0123,12.5418,12.5418,0,0,10.38,1.53,cautious,28.89,front,LIDAR_ONLY
0,34.7440,t523,LIDAR_ONLY,11.0086,11.0086,16.0446,5.0360,5.0360,31.3876,31.3876,0,0,10.38,1.53,cautious,-3.42,front,LIDAR_ONLY
0,34.8044,cam_4,CAM_ONLY,19.9119,,16.0449,3.8671,,24.1016,,0,,15.44,2.30,warning,,,CAMERA_ONLY
0,34.8813,t523,BOTH,19.9960,11.0101,16.0454,3.9506,5.0353,24.6214,31.3817,0,0,17.50,0.89,warning,,,FULL_ANGLE
0,34.8813,t528,LIDAR_ONLY,21.8865,21.8865,16.0454,5.8411,5.8411,36.4034,36.4034,0,0,17.50,0.89,drive,17.42,front,LIDAR_ONLY
0,34.8813,t528,LIDAR_ONLY,18.6426,18.6426,16.0454,2.5972,2.5972,16.1864,16.1864,0,0,17.50,0.89,drive,21.52,front,LIDAR_ONLY
0,34.8813,t523,LIDAR_ONLY,11.0107,11.0107,16.0454,5.0347,5.0347,31.3777,31.3777,0,0,17.50,0.89,cautious,-3.05,front,LIDAR_ONLY
0,34.9482,cam_4,CAM_ONLY,19.9626,,16.0454,3.9172,,24.4135,,0,,17.15,1.22,warning,,,CAMERA_ONLY
0,35.0058,cam_4,CAM_ONLY,20.8194,,16.0454,4.7740,,29.7533,,0,,10.50,1.31,safe,,,CAMERA_ONLY
0,35.0840,t523,BOTH,19.8942,11.0319,16.0455,3.8488,5.0136,23.9867,31.2462,0,0,25.47,2.14,warning,,,FULL_ANGLE
0,35.0840,t523,LIDAR_ONLY,11.0201,11.0201,16.0455,5.0254,5.0254,31.3197,31.3197,0,0,25.47,2.14,cautious,-4.15,front,LIDAR_ONLY
0,35.1579,cam_4,CAM_ONLY,19.8716,,16.0455,3.8261,,23.8455,,0,,18.56,1.28,warning,,,CAMERA_ONLY
0,35.2363,cam_4,CAM_ONLY,20.8616,,16.0455,4.8161,,30.0153,,0,,10.65,0.95,safe,,,CAMERA_ONLY
0,35.2912,t523,BOTH,19.8647,10.9934,16.0452,3.8195,5.0518,23.8046,31.4846,0,0,10.62,1.24,warning,,,FULL_ANGLE
0,35.2912,t536,LIDAR_ONLY,11.2600,11.2600,16.0452,4.7852,4.7852,29.8234,29.8234,0,0,10.62,1.24,cautious,27.52,front,LIDAR_ONLY
0,35.2912,t536,LIDAR_ONLY,11.5753,11.5753,16.0452,4.4699,4.4699,27.8584,27.8584,0,0,10.62,1.24,cautious,23.40,front,LIDAR_ONLY
0,35.3479,cam_4,CAM_ONLY,19.9292,,16.0452,3.8840,,24.2064,,0,,8.80,1.38,warning,,,CAMERA_ONLY
0,35.3479,t536,LIDAR_ONLY,11.6606,11.6606,16.0452,4.3846,4.3846,27.3263,27.3263,0,0,8.80,1.38,cautious,28.53,front,LIDAR_ONLY
0,35.4070,cam_4,CAM_ONLY,19.8909,,16.0452,3.8457,,23.9682,,0,,13.11,1.32,warning,,,CAMERA_ONLY
0,35.4680,cam_4,CAM_ONLY,19.9254,,16.0452,3.8802,,24.1827,,0,,12.25,1.00,warning,,,CAMERA_ONLY
0,35.5363,t541,BOTH,19.8975,11.1032,16.0452,3.8523,4.9420,24.0090,30.8002,0,0,19.59,1.22,warning,,,FULL_ANGLE
0,35.5363,t536,LIDAR_ONLY,11.8257,11.8257,16.0452,4.2195,4.2195,26.2974,26.2974,0,0,19.59,1.22,cautious,22.87,front,LIDAR_ONLY
0,35.5363,t536,LIDAR_ONLY,12.2160,12.2160,16.0452,3.8292,3.8292,23.8653,23.8653,0,0,19.59,1.22,cautious,18.67,front,LIDAR_ONLY
0,35.5363,t536,LIDAR_ONLY,12.6193,12.6193,16.0452,3.4259,3.4259,21.3513,21.3513,0,0,19.59,1.22,cautious,27.07,front,LIDAR_ONLY
0,35.6063,cam_4,CAM_ONLY,19.9449,,16.0452,3.8997,,24.3044,,0,,15.48,1.44,warning,,,CAMERA_ONLY
0,35.6724,cam_4,CAM_ONLY,19.9976,,16.0452,3.9524,,24.6330,,0,,17.26,1.07,warning,,,CAMERA_ONLY
0,35.7318,t541,BOTH,19.9296,11.0946,16.0452,3.8844,4.9506,24.2094,30.8540,0,0,10.65,1.02,warning,,,FULL_ANGLE
0,35.7962,cam_4,CAM_ONLY,19.9061,,16.0452,3.8610,,24.0630,,0,,16.17,1.28,warning,,,CAMERA_ONLY
0,35.8571,cam_4,CAM_ONLY,20.8568,,16.0452,4.8116,,29.9877,,0,,11.20,1.24,safe,,,CAMERA_ONLY
0,35.9339,t541,BOTH,20.0864,11.0557,16.0466,4.0398,4.9909,25.1754,31.1024,0,0,20.08,2.15,warning,,,FULL_ANGLE
0,35.9339,t554,LIDAR_ONLY,13.7290,13.7290,16.0466,2.3176,2.3176,14.4427,14.4427,0,0,20.08,2.15,cautious,23.50,front,LIDAR_ONLY
0,35.9339,t554,LIDAR_ONLY,11.9420,11.9420,16.0466,4.1046,4.1046,25.5791,25.5791,0,0,20.08,2.15,cautious,27.67,front,LIDAR_ONLY
0,35.9339,t554,LIDAR_ONLY,12.3712,12.3712,16.0466,3.6754,3.6754,22.9047,22.9047,0,0,20.08,2.15,cautious,19.33,front,LIDAR_ONLY
0,35.9339,t541,LIDAR_ONLY,11.0882,11.0882,16.0466,4.9584,4.9584,30.8998,30.8998,0,0,20.08,2.15,cautious,-1.53,front,LIDAR_ONLY
0,35.9339,t541,LIDAR_ONLY,11.0125,11.0125,16.0466,5.0341,5.0341,31.3717,31.3717,0,0,20.08,2.15,cautious,6.81,front,LIDAR_ONLY
0,36.0085,cam_4,CAM_ONLY,20.0590,,16.0469,4.0121,,25.0020,,0,,16.77,1.13,safe,,,CAMERA_ONLY
0,36.0729,cam_4,CAM_ONLY,19.8771,,16.0463,3.8308,,23.8735,,0,,9.60,1.34,warning,,,CAMERA_ONLY
0,36.1291,cam_4,CAM_ONLY,20.5226,,16.0457,4.4768,,27.9004,,0,,9.11,1.17,safe,,,CAMERA_ONLY
0,36.1870,t563,BOTH,20.0929,11.0058,16.0451,4.0478,5.0393,25.2273,31.4071,0,0,9.41,0.95,warning,,,FULL_ANGLE
0,36.1870,t562,LIDAR_ONLY,13.2553,13.2553,16.0451,2.7898,2.7898,17.3872,17.3872,0,0,9.41,0.95,cautious,24.15,front,LIDAR_ONLY
0,36.1870,t563,LIDAR_ONLY,11.0551,11.0551,16.0451,4.9900,4.9900,31.0997,31.0997,0,0,9.41,0.95,cautious,-0.73,front,LIDAR_ONLY
0,36.1870,t562,LIDAR_ONLY,12.1997,12.1997,16.0451,3.8455,3.8455,23.9665,23.9665,0,0,9.41,0.95,cautious,28.29,front,LIDAR_ONLY
0,36.2518,cam_4,CAM_ONLY,19.9319,,16.0450,3.8869,,24.2252,,0,,12.08,1.26,warning,,,CAMERA_ONLY
0,36.3146,cam_4,CAM_ONLY,20.0577,,16.0450,4.0127,,25.0090,,0,,12.52,1.00,safe,,,CAMERA_ONLY
0,36.3740,cam_4,CAM_ONLY,20.0127,,16.0448,3.9679,,24.7303,,0,,12.44,1.29,warning,,,CAMERA_ONLY
0,36.4438,cam_4,CAM_ONLY,19.9524,,16.0452,3.9072,,24.3513,,0,,18.13,1.49,warning,,,CAMERA_ONLY
0,36.4438,t572,LIDAR_ONLY,11.1265,11.1265,16.0452,4.9187,4.9187,30.6553,30.6553,0,0,18.13,1.49,cautious,27.81,front,LIDAR_ONLY
0,36.4438,t572,LIDAR_ONLY,11.8191,11.8191,16.0452,4.2261,4.2261,26.3387,26.3387,0,0,18.13,1.49,cautious,19.37,front,LIDAR_ONLY
0,36.4438,t572,LIDAR_ONLY,12.3208,12.3208,16.0452,3.7244,3.7244,23.2121,23.2121,0,0,18.13,1.49,cautious,23.59,front,LIDAR_ONLY
0,36.5010,cam_4,CAM_ONLY,20.0300,,16.0452,3.9848,,24.8351,,0,,9.14,1.24,safe,,,CAMERA_ONLY
0,36.5583,cam_4,CAM_ONLY,20.1068,,16.0448,4.0620,,25.3163,,0,,12.96,1.49,warning,,,CAMERA_ONLY
0,36.6180,cam_4,CAM_ONLY,19.9193,,16.0445,3.8748,,24.1503,,0,,11.64,1.05,warning,,,CAMERA_ONLY
0,36.6919,t581,BOTH,19.9763,10.9711,16.0445,3.9318,5.0734,24.5057,31.6210,0,0,21.19,1.31,warning,,,FULL_ANGLE
0,36.6919,t580,LIDAR_ONLY,26.1368,26.1368,16.0445,10.0923,10.0923,62.9021,62.9021,0,0,21.19,1.31,drive,15.90,front,LIDAR_ONLY
0,36.6919,t580,LIDAR_ONLY,21.5981,21.5981,16.0445,5.5536,5.5536,34.6135,34.6135,0,0,21.19,1.31,drive,20.09,front,LIDAR_ONLY
0,36.6919,t580,LIDAR_ONLY,17.3956,17.3956,16.0445,1.3511,1.3511,8.4207,8.4207,0,0,21.19,1.31,drive,28.46,front,LIDAR_ONLY
0,36.6919,t580,LIDAR_ONLY,16.0521,16.0521,16.0445,0.0076,0.0076,0.0477,0.0477,1,1,21.19,1.31,drive,24.28,front,LIDAR_ONLY
0,36.6919,t581,LIDAR_ONLY,10.9804,10.9804,16.0445,5.0641,5.0641,31.5628,31.5628,0,0,21.19,1.31,cautious,-0.84,front,LIDAR_ONLY
0,36.7544,cam_4,CAM_ONLY,20.0234,,16.0445,3.9789,,24.7989,,0,,12.80,1.34,safe,,,CAMERA_ONLY
0,36.7544,t580,LIDAR_ONLY,14.9546,14.9546,16.0445,1.0899,1.0899,6.7932,6.7932,0,0,12.80,1.34,cautious,28.39,front,LIDAR_ONLY
0,36.8193,cam_4,CAM_ONLY,19.9096,,16.0444,3.8651,,24.0903,,0,,15.47,0.94,warning,,,CAMERA_ONLY
0,36.8812,cam_4,CAM_ONLY,20.0479,,16.0450,4.0030,,24.9485,,0,,10.36,0.88,safe,,,CAMERA_ONLY
0,36.9406,t584,BOTH,20.0056,11.0261,16.0445,3.9611,5.0183,24.6884,31.2776,0,0,11.82,1.17,warning,,,FULL_ANGLE
0,36.9406,t580,LIDAR_ONLY,12.5518,12.5518,16.0445,3.4927,3.4927,21.7688,21.7688,0,0,11.82,1.17,cautious,26.66,front,LIDAR_ONLY
0,36.9406,t580,LIDAR_ONLY,12.0503,12.0503,16.0445,3.9942,3.9942,24.8945,24.8945,0,0,11.82,1.17,cautious,22.54,front,LIDAR_ONLY
0,36.9406,t584,LIDAR_ONLY,11.0983,11.0983,16.0445,4.9461,4.9461,30.8277,30.8277,0,0,11.82,1.17,cautious,-2.19,front,LIDAR_ONLY
0,36.9406,t584,LIDAR_ONLY,10.9938,10.9938,16.0445,5.0506,5.0506,31.4789,31.4789,0,0,11.82,1.17,cautious,6.05,front,LIDAR_ONLY
0,37.0096,cam_4,CAM_ONLY,20.0521,,16.0441,4.0080,,24.9810,,0,,20.31,1.28,safe,,,CAMERA_ONLY
0,37.0754,cam_4,CAM_ONLY,20.0920,,16.0433,4.0487,,25.2357,,0,,21.07,0.87,warning,,,CAMERA_ONLY
0,37.1403,t590,BOTH,20.1782,23.9548,16.0427,4.1355,7.9121,25.7783,49.3188,0,0,14.29,1.33,safe,,,FULL_ANGLE
0,37.1403,t580,LIDAR_ONLY,11.9137,11.9137,16.0427,4.1290,4.1290,25.7377,25.7377,0,0,14.29,1.33,cautious,29.27,front,LIDAR_ONLY
0,37.1403,t590,LIDAR_ONLY,19.4613,19.4613,16.0427,3.4186,3.4186,21.3094,21.3094,0,0,14.29,1.33,drive,20.83,front,LIDAR_ONLY
0,37.1403,t590,LIDAR_ONLY,17.3989,17.3989,16.0427,1.3562,1.3562,8.4539,8.4539,0,0,14.29,1.33,drive,25.05,front,LIDAR_ONLY
0,37.2127,cam_4,CAM_ONLY,20.1923,,16.0421,4.1502,,25.8709,,0,,19.86,1.07,safe,,,CAMERA_ONLY
0,37.2697,cam_4,CAM_ONLY,20.0249,,16.0405,3.9844,,24.8395,,0,,10.58,1.16,warning,,,CAMERA_ONLY
0,37.3276,t593,BOTH,20.1441,11.0343,16.0400,4.1041,5.0058,25.5866,31.2079,0,0,10.86,0.86,safe,,,FULL_ANGLE
0,37.3276,t593,LIDAR_ONLY,11.0493,11.0493,16.0400,4.9907,4.9907,31.1141,31.1141,0,0,10.86,0.86,cautious,-4.22,front,LIDAR_ONLY
0,37.3895,t593,BOTH,20.0935,11.0425,16.0393,4.0542,4.9967,25.2768,31.1531,0,0,10.14,1.24,warning,,,FULL_ANGLE
0,37.3895,t596,LIDAR_ONLY,13.6325,13.6325,16.0393,2.4067,2.4067,15.0053,15.0053,0,0,10.14,1.24,cautious,23.63,front,LIDAR_ONLY
0,37.3895,t596,LIDAR_ONLY,12.5329,12.5329,16.0393,3.5064,3.5064,21.8613,21.8613,0,0,10.14,1.24,cautious,27.70,front,LIDAR_ONLY
0,37.3895,t593,LIDAR_ONLY,11.0560,11.0560,16.0393,4.9833,4.9833,31.0694,31.0694,0,0,10.14,1.24,cautious,-0.77,front,LIDAR_ONLY
0,37.3895,t596,LIDAR_ONLY,12.9283,12.9283,16.0393,3.1110,3.1110,19.3960,19.3960,0,0,10.14,1.24,cautious,19.56,front,LIDAR_ONLY
0,37.3895,t593,LIDAR_ONLY,11.0731,11.0731,16.0393,4.9661,4.9661,30.9622,30.9622,0,0,10.14,1.24,cautious,7.36,front,LIDAR_ONLY
0,37.4523,cam_4,CAM_ONLY,20.3247,,16.0389,4.2858,,26.7216,,0,,17.86,1.34,safe,,,CAMERA_ONLY
0,37.5100,cam_4,CAM_ONLY,20.0472,,16.0384,4.0088,,24.9950,,0,,10.25,1.23,warning,,,CAMERA_ONLY
0,37.5696,cam_4,CAM_ONLY,20.1619,,16.0384,4.1235,,25.7100,,0,,13.71,1.17,safe,,,CAMERA_ONLY
0,37.6338,t606,BOTH,19.9749,10.9762,16.0379,3.9370,5.0618,24.5478,31.5613,0,0,11.32,1.05,warning,,,FULL_ANGLE
0,37.6338,t604,LIDAR_ONLY,13.8704,13.8704,16.0379,2.1675,2.1675,13.5151,13.5151,0,0,11.32,1.05,cautious,23.31,front,LIDAR_ONLY
0,37.6338,t604,LIDAR_ONLY,12.0556,12.0556,16.0379,3.9824,3.9824,24.8310,24.8310,0,0,11.32,1.05,cautious,27.47,front,LIDAR_ONLY
0,37.6338,t604,LIDAR_ONLY,12.4954,12.4954,16.0379,3.5425,3.5425,22.0881,22.0881,0,0,11.32,1.05,cautious,19.16,front,LIDAR_ONLY
0,37.6338,t606,LIDAR_ONLY,10.9528,10.9528,16.0379,5.0851,5.0851,31.7068,31.7068,0,0,11.32,1.05,cautious,6.71,front,LIDAR_ONLY
0,37.7066,cam_4,CAM_ONLY,20.6053,,11.0111,9.5942,,87.1317,,0,,14.47,1.00,safe,,,CAMERA_ONLY
0,37.7688,cam_4,CAM_ONLY,20.0189,,11.1890,8.8299,,78.9162,,0,,15.91,1.23,warning,,,CAMERA_ONLY
0,37.8339,t606,BOTH,20.1213,10.9578,11.5150,8.6063,0.5571,74.7400,4.8384,0,1,13.25,0.95,safe,,,FULL_ANGLE
0,37.8339,t604,LIDAR_ONLY,12.7730,12.7730,11.5150,1.2580,1.2580,10.9253,10.9253,0,0,13.25,0.95,cautious,24.38,front,LIDAR_ONLY
0,37.8339,t604,LIDAR_ONLY,13.6326,13.6326,11.5150,2.1176,2.1176,18.3897,18.3897,0,0,13.25,0.95,cautious,16.18,front,LIDAR_ONLY
0,37.8339,t604,LIDAR_ONLY,14.3890,14.3890,11.5150,2.8741,2.8741,24.9593,24.9593,0,0,13.25,0.95,cautious,20.28,front,LIDAR_ONLY
0,37.8339,t606,LIDAR_ONLY,10.9604,10.9604,11.5150,0.5546,0.5546,4.8162,4.8162,1,1,13.25,0.95,cautious,3.89,front,LIDAR_ONLY
0,37.8992,cam_4,CAM_ONLY,19.9891,,12.0049,7.9842,,66.5084,,0,,11.67,1.23,warning,,,CAMERA_ONLY
0,37.9634,cam_4,CAM_ONLY,20.1835,,12.5340,7.6494,,61.0293,,0,,18.52,1.00,safe,,,CAMERA_ONLY
0,38.0351,t606,BOTH,20.5324,10.9650,13.2845,7.2479,2.3195,54.5595,17.4599,0,0,15.12,1.17,safe,,,FULL_ANGLE
0,38.0351,t604,LIDAR_ONLY,15.1199,15.1199,13.2845,1.8354,1.8354,13.8164,13.8164,0,0,15.12,1.17,cautious,24.54,front,LIDAR_ONLY
0,38.0351,t604,LIDAR_ONLY,15.8821,15.8821,13.2845,2.5976,2.5976,19.5537,19.5537,0,0,15.12,1.17,cautious,16.27,front,LIDAR_ONLY
0,38.0351,t604,LIDAR_ONLY,16.5833,16.5833,13.2845,3.2988,3.2988,24.8322,24.8322,0,0,15.12,1.17,drive,20.40,front,LIDAR_ONLY
0,38.0351,t604,LIDAR_ONLY,15.7955,15.7955,13.2845,2.5111,2.5111,18.9023,18.9023,0,0,15.12,1.17,drive,28.67,front,LIDAR_ONLY
0,38.0351,t606,LIDAR_ONLY,10.9659,10.9659,13.2845,2.3185,2.3185,17.4529,17.4529,0,0,15.12,1.17,cautious,3.87,front,LIDAR_ONLY
0,38.1015,cam_4,CAM_ONLY,20.0527,,14.0232,6.0295,,42.9966,,0,,12.01,1.06,warning,,,CAMERA_ONLY
0,38.1769,cam_4,CAM_ONLY,20.7062,,15.0270,5.6793,,37.7938,,0,,19.33,1.74,safe,,,CAMERA_ONLY
0,38.2353,t606,BOTH,20.4574,10.9725,15.9538,4.5036,4.9813,28.2290,31.2232,0,0,12.16,1.13,safe,,,FULL_ANGLE
0,38.2353,t606,LIDAR_ONLY,10.9816,10.9816,15.9538,4.9722,4.9722,31.1660,31.1660,0,0,12.16,1.13,cautious,-3.75,front,LIDAR_ONLY
0,38.2353,t606,LIDAR_ONLY,10.9875,10.9875,15.9538,4.9663,4.9663,31.1293,31.1293,0,0,12.16,1.13,cautious,4.30,front,LIDAR_ONLY
0,38.2923,cam_4,CAM_ONLY,20.5480,,16.0316,4.5164,,28.1719,,0,,9.49,1.24,safe,,,CAMERA_ONLY
0,38.3569,cam_4,CAM_ONLY,20.4448,,16.0284,4.4165,,27.5540,,0,,16.12,1.29,safe,,,CAMERA_ONLY
0,38.4170,cam_4,CAM_ONLY,20.4951,,16.0171,4.4780,,27.9579,,0,,10.95,1.17,warning,,,CAMERA_ONLY
0,38.4721,cam_4,CAM_ONLY,20.3734,,16.0130,4.3604,,27.2301,,0,,11.78,1.27,safe,,,CAMERA_ONLY
0,38.5270,cam_4,CAM_ONLY,20.1373,,16.0124,4.1249,,25.7605,,0,,11.14,1.14,slowdown,,,CAMERA_ONLY
0,38.5875,t625,BOTH,20.1686,10.9809,16.0044,4.1642,5.0235,26.0188,31.3883,0,0,9.48,1.32,warning,,,FULL_ANGLE
0,38.5875,t623,LIDAR_ONLY,13.7831,13.7831,16.0044,2.2213,2.2213,13.8793,13.8793,0,0,9.48,1.32,cautious,23.42,front,LIDAR_ONLY
0,38.5875,t623,LIDAR_ONLY,14.4566,14.4566,16.0044,1.5478,1.5478,9.6713,9.6713,0,0,9.48,1.32,cautious,19.28,front,LIDAR_ONLY
0,38.5875,t624,LIDAR_ONLY,19.8454,19.8454,16.0044,3.8409,3.8409,23.9990,23.9990,0,0,9.48,1.32,drive,-26.24,front,LIDAR_ONLY
0,38.5875,t625,LIDAR_ONLY,11.0347,11.0347,16.0044,4.9698,4.9698,31.0524,31.0524,0,0,9.48,1.32,cautious,-1.41,front,LIDAR_ONLY
0,38.5875,t623,LIDAR_ONLY,14.4142,14.4142,16.0044,1.5903,1.5903,9.9366,9.9366,0,0,9.48,1.32,cautious,27.56,front,LIDAR_ONLY
0,38.6550,cam_4,CAM_ONLY,20.1464,,16.0017,4.1448,,25.9022,,0,,16.15,1.33,safe,,,CAMERA_ONLY
0,38.7176,cam_4,CAM_ONLY,19.5562,,16.0012,3.5549,,22.2165,,0,,9.39,1.17,warning,,,CAMERA_ONLY
0,38.7768,cam_4,CAM_ONLY,20.4517,,16.0001,4.4515,,27.8218,,0,,9.88,1.42,safe,,,CAMERA_ONLY
0,38.8335,t636,BOTH,19.7041,10.9706,15.9994,3.7047,5.0288,23.1555,31.4310,0,0,9.49,1.05,warning,,,FULL_ANGLE
0,38.8335,t635,LIDAR_ONLY,23.7390,23.7390,15.9994,7.7396,7.7396,48.3745,48.3745,0,0,9.49,1.05,drive,-19.95,front,LIDAR_ONLY
0,38.8982,cam_4,CAM_ONLY,19.7452,,15.9996,3.7457,,23.4111,,0,,15.59,1.10,warning,,,CAMERA_ONLY
0,38.9580,cam_4,CAM_ONLY,19.8646,,15.9996,3.8650,,24.1570,,0,,8.83,1.39,warning,,,CAMERA_ONLY
0,39.0152,cam_4,CAM_ONLY,19.7623,,15.9996,3.7627,,23.5177,,0,,11.07,0.97,warning,,,CAMERA_ONLY
0,39.0744,cam_4,CAM_ONLY,19.9061,,15.9996,3.9065,,24.4164,,0,,11.03,1.16,warning,,,CAMERA_ONLY
0,39.1359,t651,BOTH,19.8499,10.9208,15.9996,3.8503,5.0787,24.0651,31.7430,0,0,11.79,1.04,warning,,,FULL_ANGLE
0,39.1359,t649,LIDAR_ONLY,13.1576,13.1576,15.9996,2.8420,2.8420,17.7630,17.7630,0,0,11.79,1.04,cautious,24.28,front,LIDAR_ONLY
0,39.1359,t650,LIDAR_ONLY,26.8311,26.8311,15.9996,10.8315,10.8315,67.6988,67.6988,0,0,11.79,1.04,drive,-16.79,front,LIDAR_ONLY
0,39.1359,t649,LIDAR_ONLY,14.6321,14.6321,15.9996,1.3675,1.3675,8.5472,8.5472,0,0,11.79,1.04,cautious,16.07,front,LIDAR_ONLY
0,39.1359,t649,LIDAR_ONLY,15.5871,15.5871,15.9996,0.4124,0.4124,2.5778,2.5778,1,1,11.79,1.04,cautious,20.17,front,LIDAR_ONLY
0,39.1359,t649,LIDAR_ONLY,15.5866,15.5866,15.9996,0.4130,0.4130,2.5812,2.5812,1,1,11.79,1.04,cautious,28.39,front,LIDAR_ONLY
0,39.2046,cam_4,CAM_ONLY,20.6030,,15.9996,4.6034,,28.7721,,0,,14.37,1.09,safe,,,CAMERA_ONLY
0,39.2656,cam_4,CAM_ONLY,19.8675,,15.9999,3.8676,,24.1726,,0,,15.12,0.96,warning,,,CAMERA_ONLY
0,39.3249,cam_4,CAM_ONLY,19.7916,,16.0009,3.7908,,23.6912,,0,,11.98,1.05,warning,,,CAMERA_ONLY
0,39.4095,cam_4,CAM_ONLY,20.0305,,16.0009,4.0297,,25.1840,,0,,14.74,1.27,safe,,,CAMERA_ONLY
0,39.4723,cam_4,CAM_ONLY,20.2704,,16.0007,4.2697,,26.6844,,0,,15.07,1.20,safe,,,CAMERA_ONLY
0,39.5390,cam_4,CAM_ONLY,19.9585,,16.0001,3.9584,,24.7396,,0,,15.47,1.20,warning,,,CAMERA_ONLY
0,39.5952,t663,BOTH,20.2393,11.0297,15.9992,4.2401,4.9695,26.5018,31.0610,0,0,16.99,1.24,safe,,,FULL_ANGLE
0,39.5952,t662,LIDAR_ONLY,12.3756,12.3756,15.9992,3.6236,3.6236,22.6486,22.6486,0,0,16.99,1.24,cautious,25.49,front,LIDAR_ONLY
0,39.5952,t662,LIDAR_ONLY,10.9120,10.9120,15.9992,5.0872,5.0872,31.7965,31.7965,0,0,16.99,1.24,cautious,29.68,front,LIDAR_ONLY
0,39.5952,t663,LIDAR_ONLY,11.1111,11.1111,15.9992,4.8881,4.8881,30.5519,30.5519,0,0,16.99,1.24,cautious,-3.87,front,LIDAR_ONLY
0,39.5952,t663,LIDAR_ONLY,10.9731,10.9731,15.9992,5.0262,5.0262,31.4150,31.4150,0,0,16.99,1.24,cautious,4.52,front,LIDAR_ONLY
0,39.5952,t662,LIDAR_ONLY,11.3104,11.3104,15.9992,4.6888,4.6888,29.3064,29.3064,0,0,16.99,1.24,cautious,21.29,front,LIDAR_ONLY
0,39.6476,cam_4,CAM_ONLY,20.4868,,15.9987,4.4880,,28.0523,,0,,9.73,1.27,safe,,,CAMERA_ONLY
0,39.7151,cam_4,CAM_ONLY,21.1002,,15.9970,5.1033,,31.9014,,0,,14.50,0.97,safe,,,CAMERA_ONLY
0,39.7840,t663,BOTH,20.7500,10.9440,15.9870,4.7631,5.0429,29.7934,31.5440,0,0,15.79,1.18,safe,,,FULL_ANGLE
0,39.7840,t662,LIDAR_ONLY,11.6357,11.6357,15.9870,4.3513,4.3513,27.2177,27.2177,0,0,15.79,1.18,cautious,24.93,front,LIDAR_ONLY
0,39.7840,t662,LIDAR_ONLY,11.7559,11.7559,15.9870,4.2311,4.2311,26.4660,26.4660,0,0,15.79,1.18,cautious,29.04,front,LIDAR_ONLY
0,39.7840,t662,LIDAR_ONLY,12.0779,12.0779,15.9870,3.9090,3.9090,24.4514,24.4514,0,0,15.79,1.18,cautious,20.81,front,LIDAR_ONLY
0,39.7840,t663,LIDAR_ONLY,10.9426,10.9426,15.9870,5.0444,5.0444,31.5532,31.5532,0,0,15.79,1.18,cautious,4.36,front,LIDAR_ONLY
0,39.7840,t663,LIDAR_ONLY,10.9473,10.9473,15.9870,5.0396,5.0396,31.5233,31.5233,0,0,15.79,1.18,cautious,-3.87,front,LIDAR_ONLY
0,39.8443,t663,BOTH,21.5650,10.9222,15.9720,5.5931,5.0498,35.0179,31.6167,0,0,16.94,1.27,safe,,,FULL_ANGLE
0,39.8443,t662,LIDAR_ONLY,12.4944,12.4944,15.9720,3.4776,3.4776,21.7732,21.7732,0,0,16.94,1.27,cautious,24.81,front,LIDAR_ONLY
0,39.8443,t662,LIDAR_ONLY,12.4799,12.4799,15.9720,3.4920,3.4920,21.8635,21.8635,0,0,16.94,1.27,cautious,28.89,front,LIDAR_ONLY
0,39.8443,t667,LIDAR_ONLY,23.7474,23.7474,15.9720,7.7754,7.7754,48.6814,48.6814,0,0,16.94,1.27,drive,16.66,front,LIDAR_ONLY
0,39.9073,cam_4,CAM_ONLY,20.8163,,15.9453,4.8709,,30.5477,,0,,12.02,1.20,warning,,,CAMERA_ONLY
0,39.9717,cam_4,CAM_ONLY,20.7684,,15.9287,4.8397,,30.3835,,0,,14.65,1.15,safe,,,CAMERA_ONLY
0,40.0343,t663,BOTH,20.1578,10.9193,15.9278,4.2299,5.0086,26.5568,31.4453,0,0,16.49,1.28,slowdown,,,FULL_ANGLE
0,40.0343,t662,LIDAR_ONLY,11.9689,11.9689,15.9278,3.9590,3.9590,24.8558,24.8558,0,0,16.49,1.28,cautious,29.43,front,LIDAR_ONLY
0,40.0343,t662,LIDAR_ONLY,12.0551,12.0551,15.9278,3.8727,3.8727,24.3142,24.3142,0,0,16.49,1.28,cautious,25.34,front,LIDAR_ONLY
0,40.0343,t662,LIDAR_ONLY,12.0899,12.0899,15.9278,3.8380,3.8380,24.0959,24.0959,0,0,16.49,1.28,cautious,21.25,front,LIDAR_ONLY
0,40.0343,t663,LIDAR_ONLY,10.9257,10.9257,15.9278,5.0021,5.0021,31.4049,31.4049,0,0,16.49,1.28,cautious,-3.32,front,LIDAR_ONLY
0,40.0951,cam_4,CAM_ONLY,21.0393,,15.9245,5.1148,,32.1192,,0,,11.95,1.19,safe,,,CAMERA_ONLY
0,40.1647,cam_4,CAM_ONLY,20.0876,,15.9139,4.1737,,26.2268,,0,,15.38,1.12,warning,,,CAMERA_ONLY
0,40.2446,t663,BOTH,19.9529,10.8925,15.9081,4.0448,5.0156,25.4259,31.5288,0,0,18.86,1.36,warning,,,FULL_ANGLE
0,40.2446,t662,LIDAR_ONLY,11.8010,11.8010,15.9081,4.1072,4.1072,25.8182,25.8182,0,0,18.86,1.36,cautious,28.56,front,LIDAR_ONLY
0,40.2446,t674,LIDAR_ONLY,25.3105,25.3105,15.9081,9.4024,9.4024,59.1042,59.1042,0,0,18.86,1.36,drive,16.13,front,LIDAR_ONLY
0,40.2446,t674,LIDAR_ONLY,21.0505,21.0505,15.9081,5.1424,5.1424,32.3254,32.3254,0,0,18.86,1.36,drive,20.27,front,LIDAR_ONLY
0,40.2446,t674,LIDAR_ONLY,17.8284,17.8284,15.9081,1.9202,1.9202,12.0708,12.0708,0,0,18.86,1.36,drive,24.42,front,LIDAR_ONLY
0,40.2446,t663,LIDAR_ONLY,10.9023,10.9023,15.9081,5.0058,5.0058,31.4671,31.4671,0,0,18.86,1.36,cautious,3.69,front,LIDAR_ONLY
0,40.3010,cam_4,CAM_ONLY,20.0123,,15.9081,4.1042,,25.7994,,0,,14.37,1.33,safe,,,CAMERA_ONLY
0,40.3558,cam_4,CAM_ONLY,19.9346,,15.9079,4.0267,,25.3122,,0,,10.21,1.23,warning,,,CAMERA_ONLY
0,40.4238,cam_4,CAM_ONLY,19.8264,,15.9073,3.9191,,24.6371,,0,,12.66,0.89,warning,,,CAMERA_ONLY
0,40.4897,t682,BOTH,20.1164,10.9297,15.9073,4.2091,4.9776,26.4600,31.2913,0,0,12.24,2.30,safe,,,FULL_ANGLE
0,40.4897,t681,LIDAR_ONLY,11.1011,11.1011,15.9073,4.8062,4.8062,30.2138,30.2138,0,0,12.24,2.30,cautious,27.84,front,LIDAR_ONLY
0,40.4897,t681,LIDAR_ONLY,12.1105,12.1105,15.9073,3.7968,3.7968,23.8682,23.8682,0,0,12.24,2.30,cautious,19.52,front,LIDAR_ONLY
0,40.4897,t681,LIDAR_ONLY,12.7283,12.7283,15.9073,3.1790,3.1790,19.9847,19.9847,0,0,12.24,2.30,cautious,23.68,front,LIDAR_ONLY
0,40.4897,t682,LIDAR_ONLY,11.0633,11.0633,15.9073,4.8440,4.8440,30.4516,30.4516,0,0,12.24,2.30,cautious,7.04,front,LIDAR_ONLY
0,40.5515,cam_4,CAM_ONLY,19.8660,,15.9068,3.9591,,24.8895,,0,,17.60,1.22,warning,,,CAMERA_ONLY
0,40.6060,cam_4,CAM_ONLY,20.0406,,15.9068,4.1338,,25.9873,,0,,9.05,1.24,safe,,,CAMERA_ONLY
0,40.6674,cam_4,CAM_ONLY,20.1164,,15.9063,4.2101,,26.4679,,0,,15.79,1.62,warning,,,CAMERA_ONLY
0,40.7244,cam_4,CAM_ONLY,20.0129,,15.9059,4.1069,,25.8202,,0,,12.05,1.21,safe,,,CAMERA_ONLY
0,40.7816,t689,BOTH,19.8341,10.8310,15.9050,3.9291,5.0740,24.7037,31.9017,0,0,10.97,0.82,warning,,,FULL_ANGLE
0,40.7816,t689,LIDAR_ONLY,10.9480,10.9480,15.9050,4.9570,4.9570,31.1662,31.1662,0,0,10.97,0.82,cautious,7.33,front,LIDAR_ONLY
0,40.8419,t689,BOTH,20.1380,10.9792,15.9038,4.2342,4.9246,26.6238,30.9647,0,0,9.52,1.26,safe,,,FULL_ANGLE
0,40.8419,t693,LIDAR_ONLY,12.2532,12.2532,15.9038,3.6506,3.6506,22.9544,22.9544,0,0,9.52,1.26,cautious,25.68,front,LIDAR_ONLY
0,40.8419,t693,LIDAR_ONLY,11.1583,11.1583,15.9038,4.7455,4.7455,29.8389,29.8389,0,0,9.52,1.26,cautious,29.77,front,LIDAR_ONLY
0,40.8419,t693,LIDAR_ONLY,11.4219,11.4219,15.9038,4.4819,4.4819,28.1815,28.1815,0,0,9.52,1.26,cautious,21.60,front,LIDAR_ONLY
0,40.8419,t689,LIDAR_ONLY,10.9853,10.9853,15.9038,4.9185,4.9185,30.9263,30.9263,0,0,9.52,1.26,cautious,5.26,front,LIDAR_ONLY
0,40.8979,cam_4,CAM_ONLY,19.9579,,15.9033,4.0546,,25.4953,,0,,12.07,1.31,warning,,,CAMERA_ONLY
0,40.9688,cam_4,CAM_ONLY,19.7847,,15.9028,3.8819,,24.4102,,0,,13.51,1.06,warning,,,CAMERA_ONLY
0,41.0254,t689,BOTH,20.0167,10.9728,15.9028,4.1140,4.9299,25.8695,31.0005,0,0,13.90,0.85,safe,,,FULL_ANGLE
0,41.0254,t689,LIDAR_ONLY,10.9783,10.9783,15.9028,4.9244,4.9244,30.9658,30.9658,0,0,13.90,0.85,cautious,-2.85,front,LIDAR_ONLY
0,41.0912,t689,BOTH,20.2560,10.8551,15.9025,4.3535,5.0474,27.3761,31.7395,0,0,19.84,1.37,safe,,,FULL_ANGLE
0,41.0912,t700,LIDAR_ONLY,13.5441,13.5441,15.9025,2.3584,2.3584,14.8302,14.8302,0,0,19.84,1.37,cautious,23.73,front,LIDAR_ONLY
0,41.0912,t700,LIDAR_ONLY,11.9956,11.9956,15.9025,3.9069,3.9069,24.5678,24.5678,0,0,19.84,1.37,cautious,27.80,front,LIDAR_ONLY
0,41.0912,t700,LIDAR_ONLY,12.4455,12.4455,15.9025,3.4570,3.4570,21.7387,21.7387,0,0,19.84,1.37,cautious,19.66,front,LIDAR_ONLY
0,41.0912,t689,LIDAR_ONLY,10.8669,10.8669,15.9025,5.0356,5.0356,31.6657,31.6657,0,0,19.84,1.37,cautious,-0.69,front,LIDAR_ONLY
0,41.1587,cam_4,CAM_ONLY,20.1047,,15.9023,4.2024,,26.4267,,0,,14.90,0.97,warning,,,CAMERA_ONLY
0,41.2238,cam_4,CAM_ONLY,19.8792,,15.9016,3.9776,,25.0140,,0,,15.55,1.05,warning,,,CAMERA_ONLY
0,41.2857,t689,BOTH,20.1883,10.8623,15.9016,4.2867,5.0393,26.9577,31.6906,0,0,12.13,0.93,safe,,,FULL_ANGLE
0,41.2857,t700,LIDAR_ONLY,12.7811,12.7811,15.9016,3.1205,3.1205,19.6238,19.6238,0,0,12.13,0.93,cautious,23.36,front,LIDAR_ONLY
0,41.2857,t700,LIDAR_ONLY,13.3042,13.3042,15.9016,2.5974,2.5974,16.3342,16.3342,0,0,12.13,0.93,cautious,19.32,front,LIDAR_ONLY
0,41.2857,t700,LIDAR_ONLY,13.4623,13.4623,15.9016,2.4393,2.4393,15.3398,15.3398,0,0,12.13,0.93,cautious,27.39,front,LIDAR_ONLY
0,41.3493,cam_4,CAM_ONLY,20.3862,,15.9014,4.4848,,28.2038,,0,,12.25,1.28,safe,,,CAMERA_ONLY
0,41.4077,cam_4,CAM_ONLY,19.8924,,15.9013,3.9910,,25.0989,,0,,11.36,1.14,warning,,,CAMERA_ONLY
0,41.4599,cam_4,CAM_ONLY,20.1733,,15.9015,4.2718,,26.8645,,0,,9.89,0.86,safe,,,CAMERA_ONLY
0,41.5231,cam_4,CAM_ONLY,20.0310,,15.9009,4.1301,,25.9739,,0,,11.16,1.08,safe,,,CAMERA_ONLY
0,41.5807,cam_4,CAM_ONLY,19.8290,,15.8975,3.9315,,24.7305,,0,,14.28,1.07,warning,,,CAMERA_ONLY
0,41.6421,cam_4,CAM_ONLY,20.1740,,15.8951,4.2789,,26.9196,,0,,15.14,1.29,safe,,,CAMERA_ONLY
0,41.6421,t715,LIDAR_ONLY,10.7685,10.7685,15.8951,5.1266,5.1266,32.2527,32.2527,0,0,15.14,1.29,cautious,28.57,front,LIDAR_ONLY
0,41.7009,cam_4,CAM_ONLY,20.0924,,15.8941,4.1983,,26.4139,,0,,13.28,1.08,safe,,,CAMERA_ONLY
0,41.7731,cam_4,CAM_ONLY,19.7946,,15.8896,3.9050,,24.5759,,0,,17.38,0.94,warning,,,CAMERA_ONLY
0,41.8286,cam_4,CAM_ONLY,19.8811,,15.8869,3.9942,,25.1412,,0,,9.89,0.77,warning,,,CAMERA_ONLY
0,41.8858,t725,BOTH,19.8020,10.8561,15.8869,3.9151,5.0308,24.6434,31.6665,0,0,12.90,1.22,warning,,,FULL_ANGLE
0,41.8858,t724,LIDAR_ONLY,12.0772,12.0772,15.8869,3.8097,3.8097,23.9803,23.9803,0,0,12.90,1.22,cautious,25.98,front,LIDAR_ONLY
0,41.8858,t724,LIDAR_ONLY,12.4913,12.4913,15.8869,3.3956,3.3956,21.3737,21.3737,0,0,12.90,1.22,cautious,21.79,front,LIDAR_ONLY
0,41.8858,t725,LIDAR_ONLY,10.9750,10.9750,15.8869,4.9119,4.9119,30.9181,30.9181,0,0,12.90,1.22,cautious,-3.33,front,LIDAR_ONLY
0,41.9485,cam_4,CAM_ONLY,19.6122,,15.8869,3.7253,,23.4488,,0,,10.56,1.02,warning,,,CAMERA_ONLY
0,42.0020,cam_4,CAM_ONLY,19.8131,,15.8869,3.9262,,24.7131,,0,,10.36,1.33,warning,,,CAMERA_ONLY
0,42.0651,cam_4,CAM_ONLY,20.0081,,15.8869,4.1212,,25.9408,,0,,11.38,1.36,safe,,,CAMERA_ONLY
0,42.1193,cam_4,CAM_ONLY,19.8914,,15.8869,4.0045,,25.2063,,0,,10.34,0.89,warning,,,CAMERA_ONLY
0,42.1766,cam_4,CAM_ONLY,19.9591,,15.8871,4.0721,,25.6314,,0,,10.44,1.00,warning,,,CAMERA_ONLY
0,42.2347,t735,BOTH,19.8383,10.8311,15.8871,3.9512,5.0560,24.8706,31.8244,0,0,12.90,0.89,warning,,,FULL_ANGLE
0,42.2347,t735,LIDAR_ONLY,10.8053,10.8053,15.8871,5.0817,5.0817,31.9866,31.9866,0,0,12.90,0.89,cautious,6.19,front,LIDAR_ONLY
0,42.2347,t735,LIDAR_ONLY,10.8118,10.8118,15.8871,5.0753,5.0753,31.9459,31.9459,0,0,12.90,0.89,cautious,-1.93,front,LIDAR_ONLY
0,42.2985,cam_4,CAM_ONLY,19.6394,,15.8871,3.7524,,23.6191,,0,,13.37,1.20,warning,,,CAMERA_ONLY
0,42.3592,cam_4,CAM_ONLY,19.8358,,15.8871,3.9487,,24.8548,,0,,11.49,0.80,warning,,,CAMERA_ONLY
0,42.4117,cam_4,CAM_ONLY,19.7564,,15.8871,3.8693,,24.3551,,0,,9.88,1.14,warning,,,CAMERA_ONLY
0,42.4702,cam_4,CAM_ONLY,19.6946,,15.8871,3.8075,,23.9661,,0,,11.24,1.11,warning,,,CAMERA_ONLY
0,42.5340,t742,BOTH,19.8093,10.9319,15.8871,3.9222,4.9551,24.6882,31.1897,0,0,19.74,1.14,warning,,,FULL_ANGLE
0,42.5340,t741,LIDAR_ONLY,10.8514,10.8514,15.8871,5.0357,5.0357,31.6966,31.6966,0,0,19.74,1.14,cautious,28.39,front,LIDAR_ONLY
0,42.5340,t741,LIDAR_ONLY,11.1373,11.1373,15.8871,4.7497,4.7497,29.8967,29.8967,0,0,19.74,1.14,cautious,24.36,front,LIDAR_ONLY
0,42.5340,t742,LIDAR_ONLY,10.9933,10.9933,15.8871,4.8938,4.8938,30.8036,30.8036,0,0,19.74,1.14,cautious,-3.82,front,LIDAR_ONLY
0,42.5340,t742,LIDAR_ONLY,10.8783,10.8783,15.8871,5.0088,5.0088,31.5273,31.5273,0,0,19.74,1.14,cautious,4.23,front,LIDAR_ONLY
0,42.5340,t741,LIDAR_ONLY,11.6611,11.6611,15.8871,4.2260,4.2260,26.6001,26.6001,0,0,19.74,1.14,cautious,20.34,front,LIDAR_ONLY
0,42.5988,cam_4,CAM_ONLY,19.9359,,15.8871,4.0488,,25.4851,,0,,15.50,1.30,warning,,,CAMERA_ONLY
0,42.6619,cam_4,CAM_ONLY,19.6516,,15.8871,3.7645,,23.6954,,0,,15.52,0.89,warning,,,CAMERA_ONLY
0,42.7185,cam_4,CAM_ONLY,19.9751,,15.8871,4.0881,,25.7320,,0,,12.23,1.05,warning,,,CAMERA_ONLY
0,42.7820,t751,BOTH,19.9650,10.8120,15.8871,4.0779,5.0751,25.6683,31.9446,0,0,13.09,0.97,warning,,,FULL_ANGLE
0,42.7820,t750,LIDAR_ONLY,25.7429,25.7429,15.8871,9.8558,9.8558,62.0368,62.0368,0,0,13.09,0.97,drive,15.98,front,LIDAR_ONLY
0,42.7820,t751,LIDAR_ONLY,10.8223,10.8223,15.8871,5.0648,5.0648,31.8798,31.8798,0,0,13.09,0.97,cautious,-0.78,front,LIDAR_ONLY
0,42.8462,cam_4,CAM_ONLY,19.7379,,15.8871,3.8509,,24.2392,,0,,14.84,1.18,warning,,,CAMERA_ONLY
0,42.9022,cam_4,CAM_ONLY,19.9284,,15.8871,4.0413,,25.4379,,0,,9.96,1.30,warning,,,CAMERA_ONLY
0,42.9578,cam_4,CAM_ONLY,20.0248,,15.8871,4.1377,,26.0446,,0,,11.38,1.30,safe,,,CAMERA_ONLY
0,43.0150,cam_4,CAM_ONLY,19.8779,,15.8879,3.9900,,25.1132,,0,,13.02,0.84,warning,,,CAMERA_ONLY
0,43.0812,cam_4,CAM_ONLY,19.8798,,15.8884,3.9914,,25.1215,,0,,15.42,0.95,warning,,,CAMERA_ONLY
0,43.1428,t765,BOTH,19.8946,10.7935,15.8884,4.0062,5.0950,25.2145,32.0671,0,0,13.65,1.27,warning,,,FULL_ANGLE
0,43.1428,t763,LIDAR_ONLY,10.1673,10.1673,15.8884,5.7212,5.7212,36.0084,36.0084,0,0,13.65,1.27,cautious,29.99,front,LIDAR_ONLY
0,43.1428,t763,LIDAR_ONLY,10.3983,10.3983,15.8884,5.4902,5.4902,34.5545,34.5545,0,0,13.65,1.27,cautious,25.92,front,LIDAR_ONLY
0,43.1428,t763,LIDAR_ONLY,10.8421,10.8421,15.8884,5.0463,5.0463,31.7610,31.7610,0,0,13.65,1.27,cautious,21.85,front,LIDAR_ONLY
0,43.1428,t763,LIDAR_ONLY,11.6592,11.6592,15.8884,4.2292,4.2292,26.6181,26.6181,0,0,13.65,1.27,cautious,17.78,front,LIDAR_ONLY
0,43.2063,cam_4,CAM_ONLY,19.8072,,15.8884,3.9188,,24.6645,,0,,18.42,1.09,warning,,,CAMERA_ONLY
0,43.2787,cam_4,CAM_ONLY,19.8646,,15.8884,3.9762,,25.0255,,0,,16.05,1.22,warning,,,CAMERA_ONLY
0,43.3420,cam_4,CAM_ONLY,20.0015,,15.8884,4.1130,,25.8870,,0,,13.94,1.28,warning,,,CAMERA_ONLY
0,43.3420,t763,LIDAR_ONLY,12.0247,12.0247,15.8884,3.8637,3.8637,24.3177,24.3177,0,0,13.94,1.28,cautious,27.39,front,LIDAR_ONLY
0,43.3420,t763,LIDAR_ONLY,12.5797,12.5797,15.8884,3.3087,3.3087,20.8248,20.8248,0,0,13.94,1.28,cautious,23.20,front,LIDAR_ONLY
0,43.4004,cam_4,CAM_ONLY,19.9552,,15.8884,4.0668,,25.5961,,0,,11.19,1.09,warning,,,CAMERA_ONLY
0,43.4656,cam_4,CAM_ONLY,19.9486,,15.8884,4.0602,,25.5544,,0,,13.92,0.85,warning,,,CAMERA_ONLY
0,43.5341,t771,BOTH,19.6521,10.8878,15.8884,3.7637,5.0006,23.6880,31.4733,0,0,16.24,1.60,warning,,,FULL_ANGLE
0,43.5341,t763,LIDAR_ONLY,13.5826,13.5826,15.8884,2.3059,2.3059,14.5128,14.5128,0,0,16.24,1.60,cautious,15.70,front,LIDAR_ONLY
0,43.5341,t771,LIDAR_ONLY,10.8563,10.8563,15.8884,5.0321,5.0321,31.6717,31.6717,0,0,16.24,1.60,cautious,3.59,front,LIDAR_ONLY
0,43.5967,cam_4,CAM_ONLY,19.7803,,15.8884,3.8918,,24.4948,,0,,14.56,1.21,warning,,,CAMERA_ONLY
0,43.5967,t776,LIDAR_ONLY,11.9818,11.9818,15.8884,3.9067,3.9067,24.5881,24.5881,0,0,14.56,1.21,cautious,26.15,front,LIDAR_ONLY
0,43.6656,cam_4,CAM_ONLY,19.8288,,15.8884,3.9404,,24.8002,,0,,20.30,1.90,warning,,,CAMERA_ONLY
0,43.7223,cam_4,CAM_ONLY,19.7050,,15.8884,3.8166,,24.0211,,0,,11.19,1.08,warning,,,CAMERA_ONLY
0,43.7823,t780,BOTH,19.6321,10.8957,15.8884,3.7436,4.9927,23.5620,31.4237,0,0,12.32,0.79,warning,,,FULL_ANGLE
0,43.8436,cam_4,CAM_ONLY,19.8481,,15.8884,3.9597,,24.9221,,0,,10.38,1.18,warning,,,CAMERA_ONLY
0,43.9048,cam_4,CAM_ONLY,19.8990,,15.8884,4.0106,,25.2420,,0,,9.24,1.19,warning,,,CAMERA_ONLY
0,43.9624,cam_4,CAM_ONLY,19.8076,,15.8884,3.9192,,24.6670,,0,,13.17,0.93,warning,,,CAMERA_ONLY
0,44.0177,cam_4,CAM_ONLY,19.9598,,15.8884,4.0713,,25.6245,,0,,13.25,1.99,warning,,,CAMERA_ONLY
0,44.0979,cam_4,CAM_ONLY,19.9882,,15.8884,4.0998,,25.8034,,0,,22.92,2.46,warning,,,CAMERA_ONLY
0,44.1679,cam_4,CAM_ONLY,19.7909,,15.8884,3.9024,,24.5615,,0,,14.39,0.98,warning,,,CAMERA_ONLY
0,44.2235,cam_4,CAM_ONLY,19.6270,,15.8884,3.7386,,23.5304,,0,,11.90,0.97,warning,,,CAMERA_ONLY
0,44.2853,t794,BOTH,19.6068,14.1864,15.8884,3.7184,1.7020,23.4031,10.7123,0,0,19.20,1.30,warning,,,FULL_ANGLE
0,44.2853,t794,LIDAR_ONLY,12.7259,12.7259,15.8884,3.1625,3.1625,19.9044,19.9044,0,0,19.20,1.30,cautious,24.91,front,LIDAR_ONLY
0,44.2853,t795,LIDAR_ONLY,10.5260,10.5260,15.8884,5.3624,5.3624,33.7506,33.7506,0,0,19.20,1.30,cautious,29.12,front,LIDAR_ONLY
0,44.2853,t794,LIDAR_ONLY,15.0873,15.0873,15.8884,0.8011,0.8011,5.0421,5.0421,1,1,19.20,1.30,cautious,20.70,front,LIDAR_ONLY
0,44.3491,cam_4,CAM_ONLY,19.9482,,15.8884,4.0597,,25.5515,,0,,18.90,1.56,warning,,,CAMERA_ONLY
0,44.4107,cam_4,CAM_ONLY,19.9667,,15.8884,4.0783,,25.6684,,0,,16.33,1.08,warning,,,CAMERA_ONLY
0,44.4746,cam_4,CAM_ONLY,19.7018,,15.8884,3.8134,,24.0012,,0,,15.76,1.05,warning,,,CAMERA_ONLY
0,44.5379,t802,BOTH,19.8652,10.8032,15.8884,3.9768,5.0852,25.0295,32.0058,0,0,12.03,1.09,warning,,,FULL_ANGLE
0,44.5379,t801,LIDAR_ONLY,10.3983,10.3983,15.8884,5.4901,5.4901,34.5543,34.5543,0,0,12.03,1.09,cautious,29.43,front,LIDAR_ONLY
0,44.5379,t801,LIDAR_ONLY,11.0017,11.0017,15.8884,4.8867,4.8867,30.7562,30.7562,0,0,12.03,1.09,cautious,21.05,front,LIDAR_ONLY
0,44.5379,t801,LIDAR_ONLY,11.4351,11.4351,15.8884,4.4533,4.4533,28.0285,28.0285,0,0,12.03,1.09,cautious,25.24,front,LIDAR_ONLY
0,44.5379,t801,LIDAR_ONLY,12.3718,12.3718,15.8884,3.5167,3.5167,22.1335,22.1335,0,0,12.03,1.09,cautious,16.87,front,LIDAR_ONLY
0,44.5379,t802,LIDAR_ONLY,10.8246,10.8246,15.8884,5.0638,5.0638,31.8713,31.8713,0,0,12.03,1.09,cautious,-4.06,front,LIDAR_ONLY
0,44.6001,cam_4,CAM_ONLY,19.8646,,15.8884,3.9762,,25.0255,,0,,11.83,1.20,warning,,,CAMERA_ONLY
0,44.6669,cam_4,CAM_ONLY,19.7836,,15.8884,3.8951,,24.5156,,0,,18.72,1.10,warning,,,CAMERA_ONLY
0,44.7205,cam_4,CAM_ONLY,19.9951,,15.8884,4.1066,,25.8467,,0,,10.63,1.67,warning,,,CAMERA_ONLY
0,44.7925,t811,BOTH,20.2248,10.8542,15.8884,4.3364,5.0342,27.2926,31.6849,0,0,15.23,1.35,safe,,,FULL_ANGLE
0,44.7925,t810,LIDAR_ONLY,13.6430,13.6430,15.8884,2.2454,2.2454,14.1323,14.1323,0,0,15.23,1.35,cautious,23.59,front,LIDAR_ONLY
0,44.7925,t810,LIDAR_ONLY,12.6565,12.6565,15.8884,3.2320,3.2320,20.3416,20.3416,0,0,15.23,1.35,cautious,27.64,front,LIDAR_ONLY
0,44.7925,t811,LIDAR_ONLY,10.8955,10.8955,15.8884,4.9929,4.9929,31.4250,31.4250,0,0,15.23,1.35,cautious,-0.74,front,LIDAR_ONLY
0,44.7925,t810,LIDAR_ONLY,13.0138,13.0138,15.8884,2.8747,2.8747,18.0929,18.0929,0,0,15.23,1.35,cautious,19.53,front,LIDAR_ONLY
0,44.8563,cam_4,CAM_ONLY,20.1170,,15.8888,4.2282,,26.6113,,0,,15.20,1.25,safe,,,CAMERA_ONLY
0,44.9240,cam_4,CAM_ONLY,19.8999,,15.8903,4.0096,,25.2327,,0,,21.26,2.39,warning,,,CAMERA_ONLY
0,44.9928,cam_4,CAM_ONLY,19.8346,,15.8902,3.9444,,24.8225,,0,,20.25,1.44,warning,,,CAMERA_ONLY
0,44.9928,t817,LIDAR_ONLY,10.3474,10.3474,15.8902,5.5428,5.5428,34.8820,34.8820,0,0,20.25,1.44,cautious,29.55,front,LIDAR_ONLY
0,44.9928,t817,LIDAR_ONLY,10.5559,10.5559,15.8902,5.3343,5.3343,33.5699,33.5699,0,0,20.25,1.44,cautious,25.35,front,LIDAR_ONLY
0,45.0558,cam_4,CAM_ONLY,20.1739,,15.8902,4.2837,,26.9581,,0,,13.21,1.26,safe,,,CAMERA_ONLY
0,45.1176,cam_4,CAM_ONLY,20.1231,,15.8900,4.2331,,26.6401,,0,,12.14,1.06,safe,,,CAMERA_ONLY
0,45.1855,t819,BOTH,20.0793,10.8511,15.8883,4.1909,5.0372,26.3775,31.7041,0,0,18.91,1.24,safe,,,FULL_ANGLE
0,45.1855,t817,LIDAR_ONLY,10.6435,10.6435,15.8883,5.2449,5.2449,33.0108,33.0108,0,0,18.91,1.24,cautious,29.74,front,LIDAR_ONLY
0,45.1855,t817,LIDAR_ONLY,10.9249,10.9249,15.8883,4.9635,4.9635,31.2397,31.2397,0,0,18.91,1.24,cautious,21.58,front,LIDAR_ONLY
0,45.1855,t817,LIDAR_ONLY,11.1679,11.1679,15.8883,4.7204,4.7204,29.7101,29.7101,0,0,18.91,1.24,cautious,25.66,front,LIDAR_ONLY
0,45.1855,t819,LIDAR_ONLY,10.9620,10.9620,15.8883,4.9263,4.9263,31.0061,31.0061,0,0,18.91,1.24,cautious,-2.91,front,LIDAR_ONLY
0,45.2584,cam_4,CAM_ONLY,20.0325,,15.8781,4.1544,,26.1646,,0,,20.58,0.94,warning,,,CAMERA_ONLY
0,45.3151,cam_4,CAM_ONLY,19.9607,,15.8725,4.0882,,25.7563,,0,,11.02,1.11,warning,,,CAMERA_ONLY
0,45.3826,t819,BOTH,19.8778,10.8259,15.8725,4.0053,5.0466,25.2340,31.7946,0,0,17.58,0.84,warning,,,FULL_ANGLE
0,45.3826,t817,LIDAR_ONLY,11.8514,11.8514,15.8725,4.0212,4.0212,25.3341,25.3341,0,0,17.58,0.84,cautious,17.85,front,LIDAR_ONLY
0,45.4433,cam_4,CAM_ONLY,20.1043,,15.8725,4.2318,,26.6611,,0,,10.17,1.23,safe,,,CAMERA_ONLY
0,45.5042,cam_4,CAM_ONLY,19.8380,,15.8729,3.9651,,24.9804,,0,,9.39,0.91,warning,,,CAMERA_ONLY
0,45.5658,cam_4,CAM_ONLY,19.8071,,15.8726,3.9344,,24.7873,,0,,13.61,0.93,warning,,,CAMERA_ONLY
0,45.6199,cam_4,CAM_ONLY,19.7540,,15.8726,3.8814,,24.4534,,0,,12.62,0.91,warning,,,CAMERA_ONLY
0,45.6863,t831,BOTH,19.8551,10.8210,15.8726,3.9824,5.0517,25.0898,31.8263,0,0,17.62,2.71,warning,,,FULL_ANGLE
0,45.6863,t829,LIDAR_ONLY,11.9702,11.9702,15.8726,3.9025,3.9025,24.5862,24.5862,0,0,17.62,2.71,cautious,26.16,front,LIDAR_ONLY
0,45.6863,t829,LIDAR_ONLY,13.2301,13.2301,15.8726,2.6426,2.6426,16.6485,16.6485,0,0,17.62,2.71,cautious,18.07,front,LIDAR_ONLY
0,45.6863,t829,LIDAR_ONLY,14.0319,14.0319,15.8726,1.8407,1.8407,11.5969,11.5969,0,0,17.62,2.71,cautious,22.11,front,LIDAR_ONLY
0,45.7444,cam_4,CAM_ONLY,19.7854,,15.8726,3.9128,,24.6510,,0,,12.80,1.35,warning,,,CAMERA_ONLY
0,45.7444,t829,LIDAR_ONLY,14.3234,14.3234,15.8726,1.5492,1.5492,9.7604,9.7604,0,0,12.80,1.35,cautious,25.54,front,LIDAR_ONLY
0,45.7444,t829,LIDAR_ONLY,14.5498,14.5498,15.8726,1.3228,1.3228,8.3341,8.3341,0,0,12.80,1.35,cautious,21.32,front,LIDAR_ONLY
0,45.7444,t829,LIDAR_ONLY,14.6968,14.6968,15.8726,1.1759,1.1759,7.4082,7.4082,0,0,12.80,1.35,cautious,29.76,front,LIDAR_ONLY
0,45.8254,cam_4,CAM_ONLY,19.8014,,15.8726,3.9287,,24.7514,,0,,17.77,0.98,warning,,,CAMERA_ONLY
0,45.8899,t831,BOTH,19.6759,10.8150,15.8726,3.8032,5.0577,23.9610,31.8642,0,0,15.57,1.24,warning,,,FULL_ANGLE
0,45.8899,t829,LIDAR_ONLY,13.2913,13.2913,15.8726,2.5813,2.5813,16.2628,16.2628,0,0,15.57,1.24,cautious,22.57,front,LIDAR_ONLY
0,45.8899,t829,LIDAR_ONLY,12.6857,12.6857,15.8726,3.1870,3.1870,20.0785,20.0785,0,0,15.57,1.24,cautious,26.57,front,LIDAR_ONLY
0,45.8899,t831,LIDAR_ONLY,10.7910,10.7910,15.8726,5.0817,5.0817,32.0152,32.0152,0,0,15.57,1.24,cautious,6.57,front,LIDAR_ONLY
0,45.9725,cam_4,CAM_ONLY,19.7377,,15.8726,3.8651,,24.3504,,0,,14.20,0.99,warning,,,CAMERA_ONLY
0,46.0288,t831,BOTH,19.8554,10.7897,15.8726,3.9827,5.0829,25.0919,32.0232,0,0,12.02,1.11,warning,,,FULL_ANGLE
0,46.0288,t829,LIDAR_ONLY,13.1507,13.1507,15.8726,2.7219,2.7219,17.1486,17.1486,0,0,12.02,1.11,cautious,16.88,front,LIDAR_ONLY
0,46.0288,t829,LIDAR_ONLY,13.5305,13.5305,15.8726,2.3421,2.3421,14.7556,14.7556,0,0,12.02,1.11,cautious,21.02,front,LIDAR_ONLY
0,46.0288,t836,LIDAR_ONLY,10.9777,10.9777,15.8726,4.8950,4.8950,30.8391,30.8391,0,0,12.02,1.11,cautious,-3.80,front,LIDAR_ONLY
0,46.0796,cam_4,CAM_ONLY,19.8313,,15.8726,3.9586,,24.9400,,0,,8.64,0.75,warning,,,CAMERA_ONLY
0,46.1529,cam_4,CAM_ONLY,19.7678,,15.8726,3.8951,,24.5399,,0,,23.00,2.42,warning,,,CAMERA_ONLY
0,46.1529,t829,LIDAR_ONLY,13.6459,13.6459,15.8726,2.2268,2.2268,14.0290,14.0290,0,0,23.00,2.42,cautious,28.80,front,LIDAR_ONLY
0,46.2120,cam_4,CAM_ONLY,19.8850,,15.8726,4.0124,,25.2786,,0,,17.57,0.99,warning,,,CAMERA_ONLY
0,46.2804,cam_4,CAM_ONLY,19.9666,,15.8726,4.0940,,25.7928,,0,,15.98,2.11,warning,,,CAMERA_ONLY
0,46.3476,cam_4,CAM_ONLY,20.0285,,15.8726,4.1558,,26.1823,,0,,13.88,1.35,safe,,,CAMERA_ONLY
0,46.4001,cam_4,CAM_ONLY,19.8390,,15.8730,3.9659,,24.9855,,0,,9.18,1.33,warning,,,CAMERA_ONLY
0,46.4601,cam_4,CAM_ONLY,20.0007,,15.8738,4.1269,,25.9981,,0,,14.21,0.89,warning,,,CAMERA_ONLY
0,46.5286,t850,BOTH,20.0569,10.8602,15.8738,4.1831,5.0136,26.3525,31.5841,0,0,16.61,0.84,safe,,,FULL_ANGLE
0,46.5286,t850,LIDAR_ONLY,10.9149,10.9149,15.8738,4.9589,4.9589,31.2397,31.2397,0,0,16.61,0.84,cautious,-1.93,front,LIDAR_ONLY
0,46.5855,t850,BOTH,19.7402,10.8695,15.8736,3.8666,5.0042,24.3585,31.5250,0,0,10.41,0.98,warning,,,FULL_ANGLE
0,46.5855,t851,LIDAR_ONLY,20.5184,20.5184,15.8736,4.6447,4.6447,29.2607,29.2607,0,0,10.41,0.98,drive,18.03,front,LIDAR_ONLY
0,46.5855,t850,LIDAR_ONLY,10.8690,10.8690,15.8736,5.0047,5.0047,31.5282,31.5282,0,0,10.41,0.98,cautious,-2.75,front,LIDAR_ONLY
0,46.5855,t850,LIDAR_ONLY,10.8460,10.8460,15.8736,5.0276,5.0276,31.6728,31.6728,0,0,10.41,0.98,cautious,5.56,front,LIDAR_ONLY
0,46.6531,cam_4,CAM_ONLY,19.8134,,15.8740,3.9394,,24.8165,,0,,15.94,1.13,warning,,,CAMERA_ONLY
0,46.7194,cam_4,CAM_ONLY,19.8911,,15.8740,4.0171,,25.3060,,0,,13.89,1.11,warning,,,CAMERA_ONLY
0,46.7818,t850,BOTH,19.9861,10.8430,15.8740,4.1121,5.0311,25.9046,31.6937,0,0,13.48,0.92,warning,,,FULL_ANGLE
0,46.7818,t851,LIDAR_ONLY,17.0756,17.0756,15.8740,1.2016,1.2016,7.5695,7.5695,0,0,13.48,0.92,drive,23.54,front,LIDAR_ONLY
0,46.7818,t851,LIDAR_ONLY,17.1732,17.1732,15.8740,1.2992,1.2992,8.1842,8.1842,0,0,13.48,0.92,drive,19.41,front,LIDAR_ONLY
0,46.7818,t850,LIDAR_ONLY,10.8459,10.8459,15.8740,5.0282,5.0282,31.6755,31.6755,0,0,13.48,0.92,cautious,-1.24,front,LIDAR_ONLY
0,46.7818,t850,LIDAR_ONLY,10.8755,10.8755,15.8740,4.9985,4.9985,31.4884,31.4884,0,0,13.48,0.92,cautious,7.02,front,LIDAR_ONLY
0,46.8606,cam_4,CAM_ONLY,19.9865,,15.8740,4.1125,,25.9072,,0,,19.40,1.29,warning,,,CAMERA_ONLY
0,46.9168,cam_4,CAM_ONLY,19.8240,,15.8740,3.9500,,24.8834,,0,,11.36,1.02,warning,,,CAMERA_ONLY
0,46.9776,cam_4,CAM_ONLY,19.7803,,15.8740,3.9063,,24.6078,,0,,14.29,0.96,warning,,,CAMERA_ONLY
0,47.0565,cam_4,CAM_ONLY,19.9788,,15.8740,4.1047,,25.8581,,0,,19.77,1.31,warning,,,CAMERA_ONLY
0,47.1186,cam_4,CAM_ONLY,20.0520,,15.8740,4.1780,,26.3197,,0,,15.75,1.04,safe,,,CAMERA_ONLY
0,47.1740,cam_4,CAM_ONLY,19.9696,,15.8751,4.0945,,25.7918,,0,,10.35,0.99,warning,,,CAMERA_ONLY
0,47.2356,t866,BOTH,19.8585,10.7890,15.8753,3.9832,5.0863,25.0903,32.0392,0,0,11.63,1.28,warning,,,FULL_ANGLE
0,47.2356,t864,LIDAR_ONLY,10.3513,10.3513,15.8753,5.5240,5.5240,34.7964,34.7964,0,0,11.63,1.28,cautious,29.53,front,LIDAR_ONLY
0,47.2356,t864,LIDAR_ONLY,11.0753,11.0753,15.8753,4.8000,4.8000,30.2356,30.2356,0,0,11.63,1.28,cautious,21.16,front,LIDAR_ONLY
0,47.2356,t864,LIDAR_ONLY,11.5569,11.5569,15.8753,4.3184,4.3184,27.2022,27.2022,0,0,11.63,1.28,cautious,25.35,front,LIDAR_ONLY
0,47.2356,t864,LIDAR_ONLY,12.3959,12.3959,15.8753,3.4795,3.4795,21.9174,21.9174,0,0,11.63,1.28,cautious,16.98,front,LIDAR_ONLY
0,47.2953,cam_4,CAM_ONLY,19.9516,,15.8753,4.0763,,25.6772,,0,,11.46,1.09,warning,,,CAMERA_ONLY
0,47.3618,cam_4,CAM_ONLY,19.8215,,15.8753,3.9462,,24.8575,,0,,11.38,0.93,warning,,,CAMERA_ONLY
0,47.4235,cam_4,CAM_ONLY,19.9582,,15.8753,4.0829,,25.7182,,0,,11.11,0.86,warning,,,CAMERA_ONLY
0,47.4930,cam_4,CAM_ONLY,19.8280,,15.8753,3.9527,,24.8986,,0,,19.04,1.09,warning,,,CAMERA_ONLY
0,47.5505,cam_4,CAM_ONLY,19.7716,,15.8753,3.8963,,24.5429,,0,,12.30,1.18,warning,,,CAMERA_ONLY
0,47.6116,cam_4,CAM_ONLY,19.8880,,15.8753,4.0127,,25.2761,,0,,10.87,0.97,warning,,,CAMERA_ONLY
0,47.6768,t872,BOTH,19.8973,10.8548,15.8753,4.0220,5.0205,25.3348,31.6244,0,0,12.12,1.46,warning,,,FULL_ANGLE
0,47.6768,t872,LIDAR_ONLY,10.9763,10.9763,15.8753,4.8990,4.8990,30.8591,30.8591,0,0,12.12,1.46,cautious,-3.69,front,LIDAR_ONLY
0,47.6768,t872,LIDAR_ONLY,10.8551,10.8551,15.8753,5.0202,5.0202,31.6230,31.6230,0,0,12.12,1.46,cautious,4.45,front,LIDAR_ONLY
0,47.7498,cam_4,CAM_ONLY,20.2349,,15.8753,4.3596,,27.4615,,0,,20.11,1.45,safe,,,CAMERA_ONLY
0,47.8155,cam_4,CAM_ONLY,20.0862,,15.8760,4.2102,,26.5192,,0,,19.92,1.01,warning,,,CAMERA_ONLY
0,47.8742,cam_4,CAM_ONLY,20.1802,,15.8764,4.3038,,27.1080,,0,,9.22,0.97,safe,,,CAMERA_ONLY
0,47.9426,cam_4,CAM_ONLY,20.2681,,15.8756,4.3925,,27.6681,,0,,13.87,1.25,safe,,,CAMERA_ONLY
0,48.0095,cam_4,CAM_ONLY,20.4899,,15.8733,4.6166,,29.0841,,0,,16.65,0.92,safe,,,CAMERA_ONLY
0,48.0627,cam_4,CAM_ONLY,20.6794,,15.8676,4.8118,,30.3244,,0,,10.60,1.02,safe,,,CAMERA_ONLY
0,48.1336,t883,BOTH,20.5451,10.8571,15.8476,4.6975,4.9905,29.6414,31.4904,0,0,14.67,1.08,warning,,,FULL_ANGLE
0,48.1336,t882,LIDAR_ONLY,10.2891,10.2891,15.8476,5.5585,5.5585,35.0747,35.0747,0,0,14.67,1.08,slow,29.72,front,LIDAR_ONLY
0,48.1336,t882,LIDAR_ONLY,10.5211,10.5211,15.8476,5.3265,5.3265,33.6105,33.6105,0,0,14.67,1.08,slow,25.59,front,LIDAR_ONLY
0,48.1336,t882,LIDAR_ONLY,11.0945,11.0945,15.8476,4.7531,4.7531,29.9926,29.9926,0,0,14.67,1.08,slow,21.47,front,LIDAR_ONLY
0,48.1336,t883,LIDAR_ONLY,10.9343,10.9343,15.8476,4.9133,4.9133,31.0033,31.0033,0,0,14.67,1.08,cautious,-3.29,front,LIDAR_ONLY
0,48.1336,t883,LIDAR_ONLY,10.8116,10.8116,15.8476,5.0360,5.0360,31.7777,31.7777,0,0,14.67,1.08,cautious,4.96,front,LIDAR_ONLY
0,48.1992,cam_4,CAM_ONLY,20.8229,,15.8364,4.9865,,31.4876,,0,,13.99,1.36,safe,,,CAMERA_ONLY
0,48.2684,cam_4,CAM_ONLY,20.0866,,15.8332,4.2534,,26.8640,,0,,19.65,0.96,warning,,,CAMERA_ONLY
0,48.3275,t883,BOTH,19.8956,10.8105,15.8313,4.0643,5.0209,25.6725,31.7148,0,0,9.87,0.99,warning,,,FULL_ANGLE
0,48.3275,t882,LIDAR_ONLY,11.5186,11.5186,15.8313,4.3127,4.3127,27.2417,27.2417,0,0,9.87,0.99,cautious,24.71,front,LIDAR_ONLY
0,48.3275,t882,LIDAR_ONLY,11.7158,11.7158,15.8313,4.1155,4.1155,25.9961,25.9961,0,0,9.87,0.99,cautious,28.82,front,LIDAR_ONLY
0,48.3275,t889,LIDAR_ONLY,24.2766,24.2766,15.8313,8.4453,8.4453,53.3452,53.3452,0,0,9.87,0.99,drive,16.47,front,LIDAR_ONLY
0,48.3275,t889,LIDAR_ONLY,19.3489,19.3489,15.8313,3.5176,3.5176,22.2193,22.2193,0,0,9.87,0.99,drive,20.59,front,LIDAR_ONLY
0,48.3275,t883,LIDAR_ONLY,10.8179,10.8179,15.8313,5.0134,5.0134,31.6675,31.6675,0,0,9.87,0.99,cautious,-4.11,front,LIDAR_ONLY
0,48.3834,t883,BOTH,19.7642,10.7663,15.8314,3.9329,5.0650,24.8422,31.9937,0,0,10.82,1.21,warning,,,FULL_ANGLE
0,48.3834,t882,LIDAR_ONLY,11.9365,11.9365,15.8314,3.8949,3.8949,24.6023,24.6023,0,0,10.82,1.21,cautious,27.58,front,LIDAR_ONLY
0,48.3834,t889,LIDAR_ONLY,18.9987,18.9987,15.8314,3.1674,3.1674,20.0071,20.0071,0,0,10.82,1.21,drive,19.19,front,LIDAR_ONLY
0,48.3834,t889,LIDAR_ONLY,17.7683,17.7683,15.8314,1.9370,1.9370,12.2351,12.2351,0,0,10.82,1.21,drive,23.39,front,LIDAR_ONLY
0,48.3834,t883,LIDAR_ONLY,10.7770,10.7770,15.8314,5.0544,5.0544,31.9263,31.9263,0,0,10.82,1.21,cautious,6.61,front,LIDAR_ONLY
0,48.4515,cam_4,CAM_ONLY,19.8145,,15.8313,3.9832,,25.1602,,0,,12.43,1.14,warning,,,CAMERA_ONLY
0,48.5221,cam_4,CAM_ONLY,20.5340,,15.8313,4.7027,,29.7051,,0,,19.29,1.08,safe,,,CAMERA_ONLY
0,48.5796,cam_4,CAM_ONLY,19.7450,,15.8314,3.9136,,24.7203,,0,,11.74,0.81,warning,,,CAMERA_ONLY
0,48.6432,cam_4,CAM_ONLY,19.7678,,15.8301,3.9377,,24.8747,,0,,16.11,1.27,warning,,,CAMERA_ONLY
0,48.7016,cam_4,CAM_ONLY,19.9650,,15.8301,4.1348,,26.1200,,0,,13.95,1.14,warning,,,CAMERA_ONLY
0,48.7655,cam_4,CAM_ONLY,19.7654,,15.8301,3.9352,,24.8591,,0,,20.36,1.58,warning,,,CAMERA_ONLY
0,48.8381,t904,BOTH,19.8496,10.8431,15.8301,4.0195,4.9871,25.3911,31.5036,0,0,10.44,1.05,warning,,,FULL_ANGLE
0,48.8381,t903,LIDAR_ONLY,15.5873,15.5873,15.8301,0.2428,0.2428,1.5337,1.5337,1,1,10.44,1.05,drive,21.33,front,LIDAR_ONLY
0,48.8381,t903,LIDAR_ONLY,13.8313,13.8313,15.8301,1.9988,1.9988,12.6269,12.6269,0,0,10.44,1.05,cautious,25.38,front,LIDAR_ONLY
0,48.8381,t903,LIDAR_ONLY,12.5922,12.5922,15.8301,3.2379,3.2379,20.4539,20.4539,0,0,10.44,1.05,cautious,29.43,front,LIDAR_ONLY
0,48.8381,t904,LIDAR_ONLY,10.9055,10.9055,15.8301,4.9246,4.9246,31.1091,31.1091,0,0,10.44,1.05,cautious,-2.99,front,LIDAR_ONLY
0,48.8940,t904,BOTH,19.8758,10.8255,15.8301,4.0457,5.0047,25.5569,31.6148,0,0,10.33,1.64,warning,,,FULL_ANGLE
0,48.8940,t907,LIDAR_ONLY,20.0484,20.0484,15.8301,4.2183,4.2183,26.6471,26.6471,0,0,10.33,1.64,drive,18.29,front,LIDAR_ONLY
0,48.8940,t907,LIDAR_ONLY,17.6725,17.6725,15.8301,1.8423,1.8423,11.6381,11.6381,0,0,10.33,1.64,drive,22.49,front,LIDAR_ONLY
0,48.8940,t903,LIDAR_ONLY,12.4332,12.4332,15.8301,3.3969,3.3969,21.4588,21.4588,0,0,10.33,1.64,cautious,26.69,front,LIDAR_ONLY
0,48.8940,t904,LIDAR_ONLY,10.7961,10.7961,15.8301,5.0340,5.0340,31.8000,31.8000,0,0,10.33,1.64,cautious,5.69,front,LIDAR_ONLY
0,48.9499,cam_4,CAM_ONLY,20.0092,,15.8301,4.1791,,26.3994,,0,,10.53,1.67,safe,,,CAMERA_ONLY
0,48.9499,t903,LIDAR_ONLY,12.1981,12.1981,15.8301,3.6321,3.6321,22.9439,22.9439,0,0,10.53,1.67,cautious,26.81,front,LIDAR_ONLY
0,49.0078,cam_4,CAM_ONLY,19.6890,,15.8306,3.8584,,24.3732,,0,,9.55,1.17,warning,,,CAMERA_ONLY
0,49.0854,t904,BOTH,19.9238,10.8021,15.8307,4.0931,5.0287,25.8553,31.7652,0,0,18.31,1.24,warning,,,FULL_ANGLE
0,49.0854,t907,LIDAR_ONLY,15.1211,15.1211,15.8307,0.7096,0.7096,4.4826,4.4826,1,1,18.31,1.24,drive,24.64,front,LIDAR_ONLY
0,49.0854,t903,LIDAR_ONLY,11.3173,11.3173,15.8307,4.5135,4.5135,28.5107,28.5107,0,0,18.31,1.24,cautious,28.73,front,LIDAR_ONLY
0,49.0854,t907,LIDAR_ONLY,15.5759,15.5759,15.8307,0.2549,0.2549,1.6099,1.6099,1,1,18.31,1.24,drive,16.47,front,LIDAR_ONLY
0,49.0854,t907,LIDAR_ONLY,15.8867,15.8867,15.8307,0.0559,0.0559,0.3534,0.3534,1,1,18.31,1.24,drive,20.55,front,LIDAR_ONLY
0,49.1555,cam_4,CAM_ONLY,19.8610,,15.8307,4.0302,,25.4583,,0,,20.03,1.26,warning,,,CAMERA_ONLY
0,49.2134,cam_4,CAM_ONLY,19.8600,,15.8307,4.0292,,25.4518,,0,,11.22,0.90,warning,,,CAMERA_ONLY
0,49.2767,t904,BOTH,19.9047,10.7972,15.8307,4.0740,5.0335,25.7346,31.7959,0,0,19.68,0.95,warning,,,FULL_ANGLE
0,49.2767,t904,LIDAR_ONLY,10.8037,10.8037,15.8307,5.0270,5.0270,31.7549,31.7549,0,0,19.68,0.95,cautious,-1.44,front,LIDAR_ONLY
0,49.3464,cam_4,CAM_ONLY,19.8341,,15.8307,4.0033,,25.2883,,0,,14.91,1.34,warning,,,CAMERA_ONLY
0,49.3464,t917,LIDAR_ONLY,14.6210,14.6210,15.8307,1.2098,1.2098,7.6419,7.6419,0,0,14.91,1.34,cautious,22.38,front,LIDAR_ONLY
0,49.3464,t917,LIDAR_ONLY,13.0183,13.0183,15.8307,2.8124,2.8124,17.7656,17.7656,0,0,14.91,1.34,cautious,26.58,front,LIDAR_ONLY
0,49.4255,cam_4,CAM_ONLY,19.6787,,15.8307,3.8480,,24.3070,,0,,23.12,1.06,warning,,,CAMERA_ONLY
0,49.4833,t904,BOTH,19.8577,10.8139,15.8307,4.0270,5.0168,25.4378,31.6905,0,0,14.62,1.13,warning,,,FULL_ANGLE
0,49.4833,t917,LIDAR_ONLY,13.0563,13.0563,15.8307,2.7745,2.7745,17.5258,17.5258,0,0,14.62,1.13,cautious,23.89,front,LIDAR_ONLY
0,49.4833,t917,LIDAR_ONLY,12.5627,12.5627,15.8307,3.2680,3.2680,20.6435,20.6435,0,0,14.62,1.13,cautious,27.93,front,LIDAR_ONLY
0,49.4833,t920,LIDAR_ONLY,26.3018,26.3018,15.8307,10.4711,10.4711,66.1439,66.1439,0,0,14.62,1.13,drive,15.82,front,LIDAR_ONLY
0,49.4833,t920,LIDAR_ONLY,21.2109,21.2109,15.8307,5.3802,5.3802,33.9857,33.9857,0,0,14.62,1.13,drive,19.86,front,LIDAR_ONLY
0,49.4833,t904,LIDAR_ONLY,10.8056,10.8056,15.8307,5.0251,5.0251,31.7428,31.7428,0,0,14.62,1.13,cautious,-4.36,front,LIDAR_ONLY
0,49.5637,cam_4,CAM_ONLY,19.8964,,15.8307,4.0657,,25.6822,,0,,20.18,0.97,warning,,,CAMERA_ONLY
0,49.6377,t904,BOTH,19.8252,10.7855,15.8307,3.9945,5.0452,25.2325,31.8696,0,0,16.48,2.07,warning,,,FULL_ANGLE
0,49.6377,t920,LIDAR_ONLY,18.6888,18.6888,15.8307,2.8581,2.8581,18.0538,18.0538,0,0,16.48,2.07,drive,22.74,front,LIDAR_ONLY
0,49.6377,t917,LIDAR_ONLY,12.3876,12.3876,15.8307,3.4432,3.4432,21.7498,21.7498,0,0,16.48,2.07,cautious,26.86,front,LIDAR_ONLY
0,49.6377,t920,LIDAR_ONLY,18.7348,18.7348,15.8307,2.9041,2.9041,18.3444,18.3444,0,0,16.48,2.07,drive,18.63,front,LIDAR_ONLY
0,49.6878,t904,BOTH,19.7240,10.7803,15.8307,3.8933,5.0505,24.5932,31.9030,0,0,9.11,1.27,warning,,,FULL_ANGLE
0,49.6878,t917,LIDAR_ONLY,12.1680,12.1680,15.8307,3.6628,3.6628,23.1372,23.1372,0,0,9.11,1.27,cautious,23.94,front,LIDAR_ONLY
0,49.6878,t920,LIDAR_ONLY,18.4232,18.4232,15.8307,2.5925,2.5925,16.3763,16.3763,0,0,9.11,1.27,drive,19.83,front,LIDAR_ONLY
0,49.6878,t917,LIDAR_ONLY,11.8785,11.8785,15.8307,3.9522,3.9522,24.9655,24.9655,0,0,9.11,1.27,cautious,28.05,front,LIDAR_ONLY
0,49.6878,t904,LIDAR_ONLY,10.7807,10.7807,15.8307,5.0501,5.0501,31.9004,31.9004,0,0,9.11,1.27,cautious,-0.70,front,LIDAR_ONLY
0,49.7447,cam_4,CAM_ONLY,19.8032,,15.8307,3.9725,,25.0934,,0,,10.68,0.97,warning,,,CAMERA_ONLY
0,49.8036,cam_4,CAM_ONLY,19.7478,,15.8307,3.9170,,24.7431,,0,,17.82,1.21,warning,,,CAMERA_ONLY
0,49.8633,cam_4,CAM_ONLY,19.9067,,15.8307,4.0760,,25.7471,,0,,13.68,1.05,warning,,,CAMERA_ONLY
0,49.9205,cam_4,CAM_ONLY,19.9082,,15.8307,4.0775,,25.7567,,0,,10.57,0.93,warning,,,CAMERA_ONLY
0,49.9868,t931,BOTH,19.7985,10.8822,15.8307,3.9678,4.9486,25.0639,31.2592,0,0,17.21,0.87,warning,,,FULL_ANGLE
0,49.9868,t930,LIDAR_ONLY,25.2628,25.2628,15.8307,9.4321,9.4321,59.5807,59.5807,0,0,17.21,0.87,drive,16.14,front,LIDAR_ONLY
0,49.9868,t931,LIDAR_ONLY,10.9545,10.9545,15.8307,4.8763,4.8763,30.8026,30.8026,0,0,17.21,0.87,cautious,-4.30,front,LIDAR_ONLY
0,49.9868,t931,LIDAR_ONLY,10.8318,10.8318,15.8307,4.9989,4.9989,31.5773,31.5773,0,0,17.21,0.87,cautious,3.88,front,LIDAR_ONLY
0,50.0366,t931,BOTH,19.8628,10.8189,15.8307,4.0320,5.0118,25.4695,31.6587,0,0,10.16,1.21,warning,,,FULL_ANGLE
0,50.0366,t934,LIDAR_ONLY,11.0116,11.0116,15.8307,4.8192,4.8192,30.4420,30.4420,0,0,10.16,1.21,cautious,28.04,front,LIDAR_ONLY
0,50.0366,t934,LIDAR_ONLY,11.2320,11.2320,15.8307,4.5987,4.5987,29.0492,29.0492,0,0,10.16,1.21,cautious,23.90,front,LIDAR_ONLY
0,50.0366,t931,LIDAR_ONLY,10.8328,10.8328,15.8307,4.9979,4.9979,31.5711,31.5711,0,0,10.16,1.21,cautious,-0.94,front,LIDAR_ONLY
0,50.0366,t931,LIDAR_ONLY,10.8459,10.8459,15.8307,4.9849,4.9849,31.4887,31.4887,0,0,10.16,1.21,cautious,7.34,front,LIDAR_ONLY
0,50.1124,cam_4,CAM_ONLY,19.8143,,15.8307,3.9836,,25.1636,,0,,17.86,0.96,warning,,,CAMERA_ONLY
0,50.1836,t930,BOTH,19.8076,24.6278,15.8307,3.9768,8.7971,25.1210,55.5698,0,0,12.77,0.98,warning,,,FULL_ANGLE
0,50.1836,t934,LIDAR_ONLY,11.2516,11.2516,15.8307,4.5791,4.5791,28.9256,28.9256,0,0,12.77,0.98,cautious,29.03,front,LIDAR_ONLY
0,50.1836,t930,LIDAR_ONLY,20.7641,20.7641,15.8307,4.9333,4.9333,31.1629,31.1629,0,0,12.77,0.98,drive,20.69,front,LIDAR_ONLY
0,50.1836,t930,LIDAR_ONLY,19.2497,19.2497,15.8307,3.4189,3.4189,21.5968,21.5968,0,0,12.77,0.98,drive,24.86,front,LIDAR_ONLY
0,50.2557,cam_4,CAM_ONLY,19.8730,,15.8307,4.0422,,25.5340,,0,,13.27,1.34,warning,,,CAMERA_ONLY
0,50.2557,t934,LIDAR_ONLY,11.0937,11.0937,15.8307,4.7370,4.7370,29.9231,29.9231,0,0,13.27,1.34,cautious,29.24,front,LIDAR_ONLY
0,50.2557,t930,LIDAR_ONLY,17.4209,17.4209,15.8307,1.5902,1.5902,10.0449,10.0449,0,0,13.27,1.34,drive,25.12,front,LIDAR_ONLY
0,50.2557,t930,LIDAR_ONLY,17.1388,17.1388,15.8307,1.3081,1.3081,8.2628,8.2628,0,0,13.27,1.34,drive,16.88,front,LIDAR_ONLY
0,50.2557,t930,LIDAR_ONLY,15.6415,15.6415,15.8307,0.1892,0.1892,1.1954,1.1954,1,1,13.27,1.34,drive,21.00,front,LIDAR_ONLY
0,50.3197,cam_4,CAM_ONLY,19.8752,,15.8307,4.0445,,25.5484,,0,,16.88,1.66,warning,,,CAMERA_ONLY
0,50.3920,cam_4,CAM_ONLY,19.9183,,15.8307,4.0876,,25.8205,,0,,15.39,1.31,warning,,,CAMERA_ONLY
0,50.3920,t934,LIDAR_ONLY,11.0300,11.0300,15.8307,4.8008,4.8008,30.3255,30.3255,0,0,15.39,1.31,cautious,28.67,front,LIDAR_ONLY
0,50.3920,t930,LIDAR_ONLY,15.5972,15.5972,15.8307,0.2336,0.2336,1.4755,1.4755,1,1,15.39,1.31,drive,20.60,front,LIDAR_ONLY
0,50.3920,t930,LIDAR_ONLY,15.4849,15.4849,15.8307,0.3459,0.3459,2.1847,2.1847,1,1,15.39,1.31,drive,24.63,front,LIDAR_ONLY
0,50.3920,t930,LIDAR_ONLY,16.2419,16.2419,15.8307,0.4112,0.4112,2.5973,2.5973,1,1,15.39,1.31,drive,16.57,front,LIDAR_ONLY
0,50.4537,cam_4,CAM_ONLY,19.7451,,15.8307,3.9144,,24.7266,,0,,17.57,1.21,warning,,,CAMERA_ONLY
0,50.5182,cam_4,CAM_ONLY,19.7081,,15.8307,3.8773,,24.4925,,0,,11.90,1.11,warning,,,CAMERA_ONLY
0,50.5803,cam_4,CAM_ONLY,19.7366,,15.8307,3.9059,,24.6726,,0,,15.76,0.95,warning,,,CAMERA_ONLY
0,50.6390,t949,BOTH,19.5769,10.7455,15.8307,3.7462,5.0852,23.6638,32.1224,0,0,10.88,1.20,warning,,,FULL_ANGLE
0,50.6390,t947,LIDAR_ONLY,10.3956,10.3956,15.8307,5.4351,5.4351,34.3327,34.3327,0,0,10.88,1.20,cautious,29.45,front,LIDAR_ONLY
0,50.6390,t947,LIDAR_ONLY,10.6921,10.6921,15.8307,5.1386,5.1386,32.4598,32.4598,0,0,10.88,1.20,cautious,25.47,front,LIDAR_ONLY
0,50.6390,t947,LIDAR_ONLY,11.2992,11.2992,15.8307,4.5315,4.5315,28.6247,28.6247,0,0,10.88,1.20,cautious,21.49,front,LIDAR_ONLY
0,50.6390,t947,LIDAR_ONLY,12.2796,12.2796,15.8307,3.5511,3.5511,22.4318,22.4318,0,0,10.88,1.20,cautious,17.51,front,LIDAR_ONLY
0,50.6390,t949,LIDAR_ONLY,10.7360,10.7360,15.8307,5.0947,5.0947,32.1826,32.1826,0,0,10.88,1.20,cautious,5.57,front,LIDAR_ONLY
0,50.6923,cam_4,CAM_ONLY,19.7366,,15.8307,3.9059,,24.6729,,0,,9.81,1.18,warning,,,CAMERA_ONLY
0,50.6923,t947,LIDAR_ONLY,12.7625,12.7625,15.8307,3.0683,3.0683,19.3817,19.3817,0,0,9.81,1.18,cautious,26.02,front,LIDAR_ONLY
0,50.7501,cam_4,CAM_ONLY,19.6617,,15.8307,3.8310,,24.1995,,0,,9.12,1.26,warning,,,CAMERA_ONLY
0,50.8122,cam_4,CAM_ONLY,19.7465,,15.8307,3.9158,,24.7353,,0,,12.71,0.89,warning,,,CAMERA_ONLY
0,50.8719,cam_4,CAM_ONLY,19.6698,,15.8307,3.8390,,24.2503,,0,,10.30,1.26,warning,,,CAMERA_ONLY
0,50.9321,t958,BOTH,19.7639,10.8457,15.8307,3.9332,4.9850,24.8451,31.4894,0,0,12.33,0.87,warning,,,FULL_ANGLE
0,50.9321,t957,LIDAR_ONLY,16.9255,16.9255,15.8307,1.0947,1.0947,6.9152,6.9152,0,0,12.33,0.87,drive,20.20,front,LIDAR_ONLY
0,50.9321,t957,LIDAR_ONLY,18.2617,18.2617,15.8307,2.4309,2.4309,15.3558,15.3558,0,0,12.33,0.87,drive,15.95,front,LIDAR_ONLY
0,50.9889,t958,BOTH,19.6413,10.8459,15.8307,3.8106,4.9849,24.0708,31.4887,0,0,8.91,1.11,warning,,,FULL_ANGLE
0,50.9889,t961,LIDAR_ONLY,10.9708,10.9708,15.8307,4.8600,4.8600,30.6996,30.6996,0,0,8.91,1.11,cautious,28.15,front,LIDAR_ONLY
0,50.9889,t961,LIDAR_ONLY,11.3289,11.3289,15.8307,4.5019,4.5019,28.4376,28.4376,0,0,8.91,1.11,cautious,23.97,front,LIDAR_ONLY
0,51.0551,cam_4,CAM_ONLY,19.6593,,15.8307,3.8285,,24.1841,,0,,18.88,1.40,warning,,,CAMERA_ONLY
0,51.1167,cam_4,CAM_ONLY,19.7225,,15.8307,3.8918,,24.5835,,0,,19.23,0.89,warning,,,CAMERA_ONLY
0,51.1740,cam_4,CAM_ONLY,19.7807,,15.8307,3.9500,,24.9513,,0,,9.53,1.02,warning,,,CAMERA_ONLY
0,51.2261,cam_4,CAM_ONLY,19.6548,,15.8307,3.8241,,24.1561,,0,,9.21,0.96,warning,,,CAMERA_ONLY
0,51.2794,cam_4,CAM_ONLY,19.8990,,15.8307,4.0682,,25.6983,,0,,8.95,0.97,warning,,,CAMERA_ONLY
0,51.3370,t971,BOTH,19.6703,10.7543,15.8307,3.8396,5.0765,24.2539,32.0673,0,0,14.34,1.27,warning,,,FULL_ANGLE
0,51.3370,t970,LIDAR_ONLY,13.5942,13.5942,15.8307,2.2366,2.2366,14.1281,14.1281,0,0,14.34,1.27,cautious,23.67,front,LIDAR_ONLY
0,51.3370,t970,LIDAR_ONLY,12.2449,12.2449,15.8307,3.5859,3.5859,22.6514,22.6514,0,0,14.34,1.27,cautious,27.69,front,LIDAR_ONLY
0,51.3370,t970,LIDAR_ONLY,12.7460,12.7460,15.8307,3.0848,3.0848,19.4860,19.4860,0,0,14.34,1.27,cautious,19.64,front,LIDAR_ONLY
0,51.3370,t971,LIDAR_ONLY,10.7625,10.7625,15.8307,5.0683,5.0683,32.0153,32.0153,0,0,14.34,1.27,cautious,-0.49,front,LIDAR_ONLY
0,51.4017,cam_4,CAM_ONLY,19.6038,,15.8307,3.7731,,23.8338,,0,,15.48,1.23,warning,,,CAMERA_ONLY
0,51.4647,cam_4,CAM_ONLY,19.6422,,15.8307,3.8114,,24.0761,,0,,12.75,0.93,warning,,,CAMERA_ONLY
0,51.5256,cam_4,CAM_ONLY,19.7386,,15.8307,3.9079,,24.6853,,0,,12.67,0.93,warning,,,CAMERA_ONLY
0,51.5910,t981,BOTH,19.7085,10.8169,15.8307,3.8777,5.0138,24.4949,31.6714,0,0,17.28,1.14,warning,,,FULL_ANGLE
0,51.5910,t980,LIDAR_ONLY,24.3720,24.3720,15.8307,8.5413,8.5413,53.9538,53.9538,0,0,17.28,1.14,drive,16.44,front,LIDAR_ONLY
0,51.5910,t980,LIDAR_ONLY,16.6962,16.6962,15.8307,0.8655,0.8655,5.4669,5.4669,1,1,17.28,1.14,drive,24.63,front,LIDAR_ONLY
0,51.6533,cam_4,CAM_ONLY,19.7784,,15.8307,3.9477,,24.9369,,0,,12.92,1.23,warning,,,CAMERA_ONLY
0,51.7127,cam_4,CAM_ONLY,19.8343,,15.8307,4.0036,,25.2900,,0,,15.62,0.87,warning,,,CAMERA_ONLY
0,51.7783,t981,BOTH,19.7652,10.8182,15.8307,3.9345,5.0125,24.8533,31.6633,0,0,16.63,0.96,warning,,,FULL_ANGLE
0,51.8363,t981,BOTH,19.7513,10.7851,15.8307,3.9206,5.0456,24.7656,31.8722,0,0,10.92,1.23,warning,,,FULL_ANGLE
0,51.8363,t991,LIDAR_ONLY,14.6878,14.6878,15.8307,1.1430,1.1430,7.2200,7.2200,0,0,10.92,1.23,cautious,22.30,front,LIDAR_ONLY
0,51.8363,t991,LIDAR_ONLY,13.3773,13.3773,15.8307,2.4534,2.4534,15.4980,15.4980,0,0,10.92,1.23,cautious,26.37,front,LIDAR_ONLY
0,51.8964,cam_4,CAM_ONLY,19.7873,,15.8307,3.9565,,24.9927,,0,,14.49,2.26,warning,,,CAMERA_ONLY
0,51.9646,cam_4,CAM_ONLY,19.8015,,15.8307,3.9708,,25.0826,,0,,13.48,0.97,warning,,,CAMERA_ONLY
0,52.0307,t981,BOTH,20.2652,10.7973,15.8307,4.4344,5.0335,28.0116,31.7956,0,0,17.19,0.90,safe,,,FULL_ANGLE
0,52.0307,t981,LIDAR_ONLY,10.7958,10.7958,15.8307,5.0349,5.0349,31.8046,31.8046,0,0,17.19,0.90,cautious,-3.67,front,LIDAR_ONLY
0,52.0307,t981,LIDAR_ONLY,10.7972,10.7972,15.8307,5.0336,5.0336,31.7962,31.7962,0,0,17.19,0.90,cautious,4.41,front,LIDAR_ONLY
0,52.0896,t981,BOTH,20.0902,10.7976,15.8312,4.2590,5.0337,26.9025,31.7959,0,0,10.24,1.15,warning,,,FULL_ANGLE
0,52.0896,t994,LIDAR_ONLY,16.6504,16.6504,15.8312,0.8192,0.8192,5.1745,5.1745,1,1,10.24,1.15,drive,20.41,front,LIDAR_ONLY
0,52.0896,t994,LIDAR_ONLY,14.7826,14.7826,15.8312,1.0487,1.0487,6.6241,6.6241,0,0,10.24,1.15,cautious,24.61,front,LIDAR_ONLY
0,52.0896,t994,LIDAR_ONLY,13.3945,13.3945,15.8312,2.4367,2.4367,15.3919,15.3919,0,0,10.24,1.15,cautious,28.81,front,LIDAR_ONLY
0,52.0896,t995,LIDAR_ONLY,25.0650,25.0650,15.8312,9.2338,9.2338,58.3266,58.3266,0,0,10.24,1.15,drive,16.21,front,LIDAR_ONLY
0,52.0896,t981,LIDAR_ONLY,10.8004,10.8004,15.8312,5.0308,5.0308,31.7780,31.7780,0,0,10.24,1.15,cautious,3.60,front,LIDAR_ONLY
0,52.1474,cam_4,CAM_ONLY,20.5349,,15.8319,4.7030,,29.7056,,0,,12.18,0.92,safe,,,CAMERA_ONLY
0,52.2110,cam_4,CAM_ONLY,20.2272,,15.8318,4.3954,,27.7633,,0,,16.92,1.26,safe,,,CAMERA_ONLY
0,52.2793,cam_4,CAM_ONLY,20.4422,,15.8293,4.6130,,29.1420,,0,,22.07,1.66,safe,,,CAMERA_ONLY
0,52.3369,t1003,BOTH,20.5841,10.7401,15.8231,4.7611,5.0830,30.0893,32.1241,0,0,12.22,1.16,safe,,,FULL_ANGLE
0,52.3369,t1001,LIDAR_ONLY,12.8549,12.8549,15.8231,2.9681,2.9681,18.7583,18.7583,0,0,12.22,1.16,cautious,24.74,front,LIDAR_ONLY
0,52.3369,t1001,LIDAR_ONLY,11.7465,11.7465,15.8231,4.0766,4.0766,25.7637,25.7637,0,0,12.22,1.16,cautious,28.86,front,LIDAR_ONLY
0,52.3369,t1002,LIDAR_ONLY,24.2318,24.2318,15.8231,8.4087,8.4087,53.1420,53.1420,0,0,12.22,1.16,drive,16.50,front,LIDAR_ONLY
0,52.3369,t1002,LIDAR_ONLY,19.7372,19.7372,15.8231,3.9142,3.9142,24.7371,24.7371,0,0,12.22,1.16,drive,20.62,front,LIDAR_ONLY
0,52.3915,t1002,LIDAR_ONLY,17.8767,17.8767,15.8100,2.0667,2.0667,13.0722,13.0722,0,0,11.06,1.27,drive,23.69,front,LIDAR_ONLY
0,52.3915,t1002,LIDAR_ONLY,17.8625,17.8625,15.8100,2.0525,2.0525,12.9822,12.9822,0,0,11.06,1.27,drive,19.59,front,LIDAR_ONLY
0,52.3915,t1001,LIDAR_ONLY,11.6237,11.6237,15.8100,4.1863,4.1863,26.4786,26.4786,0,0,11.06,1.27,cautious,27.79,front,LIDAR_ONLY
0,52.5820,cam_4,CAM_ONLY,20.2603,,15.7302,4.5301,,28.7991,,0,,18.58,1.34,warning,,,CAMERA_ONLY
0,52.6436,t1012,BOTH,19.8583,10.6624,15.7005,4.1578,5.0381,26.4820,32.0887,0,0,10.08,1.15,warning,,,FULL_ANGLE
0,52.6436,t1011,LIDAR_ONLY,13.5785,13.5785,15.7005,2.1220,2.1220,13.5155,13.5155,0,0,10.08,1.15,cautious,23.73,front,LIDAR_ONLY
0,52.6436,t1011,LIDAR_ONLY,12.6564,12.6564,15.7005,3.0441,3.0441,19.3884,19.3884,0,0,10.08,1.15,cautious,27.83,front,LIDAR_ONLY
0,52.6436,t1012,LIDAR_ONLY,10.7101,10.7101,15.7005,4.9904,4.9904,31.7852,31.7852,0,0,10.08,1.15,cautious,-0.87,front,LIDAR_ONLY
0,52.7005,cam_4,CAM_ONLY,20.3332,,15.7006,4.6326,,29.5061,,0,,11.27,1.17,safe,,,CAMERA_ONLY
0,52.7804,t1012,BOTH,20.4615,10.6478,15.6976,4.7639,5.0498,30.3481,32.1692,0,0,14.07,0.93,safe,,,FULL_ANGLE
0,52.7804,t1011,LIDAR_ONLY,13.3010,13.3010,15.6976,2.3966,2.3966,15.2676,15.2676,0,0,14.07,0.93,cautious,19.32,front,LIDAR_ONLY
0,52.7804,t1012,LIDAR_ONLY,10.6505,10.6505,15.6976,5.0471,5.0471,32.1521,32.1521,0,0,14.07,0.93,cautious,-0.67,front,LIDAR_ONLY
0,52.7804,t1012,LIDAR_ONLY,10.6888,10.6888,15.6976,5.0088,5.0088,31.9082,31.9082,0,0,14.07,0.93,cautious,7.33,front,LIDAR_ONLY
0,52.8513,cam_4,CAM_ONLY,20.3189,,15.6898,4.6290,,29.5033,,0,,17.84,1.45,warning,,,CAMERA_ONLY
0,52.9083,cam_4,CAM_ONLY,20.0136,,15.6877,4.3259,,27.5752,,0,,13.58,2.00,safe,,,CAMERA_ONLY
0,52.9758,cam_4,CAM_ONLY,20.1351,,15.6869,4.4482,,28.3561,,0,,14.03,0.90,safe,,,CAMERA_ONLY
0,53.0381,cam_4,CAM_ONLY,19.7245,,15.6842,4.0403,,25.7606,,0,,11.77,1.17,warning,,,CAMERA_ONLY
0,53.1046,cam_4,CAM_ONLY,19.5329,,15.6811,3.8518,,24.5636,,0,,18.00,1.12,warning,,,CAMERA_ONLY
0,53.1719,cam_4,CAM_ONLY,19.8055,,15.6811,4.1244,,26.3021,,0,,16.67,1.07,warning,,,CAMERA_ONLY
0,53.2403,t1027,BOTH,19.6100,10.6619,15.6811,3.9290,5.0191,25.0555,32.0075,0,0,10.25,1.18,warning,,,FULL_ANGLE
0,53.2403,t1026,LIDAR_ONLY,11.2014,11.2014,15.6811,4.4797,4.4797,28.5675,28.5675,0,0,10.25,1.18,cautious,27.70,front,LIDAR_ONLY
0,53.2403,t1026,LIDAR_ONLY,11.5481,11.5481,15.6811,4.1329,4.1329,26.3562,26.3562,0,0,10.25,1.18,cautious,23.48,front,LIDAR_ONLY
0,53.2403,t1026,LIDAR_ONLY,12.1739,12.1739,15.6811,3.5072,3.5072,22.3658,22.3658,0,0,10.25,1.18,cautious,19.26,front,LIDAR_ONLY
0,53.2403,t1027,LIDAR_ONLY,10.7175,10.7175,15.6811,4.9636,4.9636,31.6535,31.6535,0,0,10.25,1.18,cautious,-1.84,front,LIDAR_ONLY
0,53.3033,cam_4,CAM_ONLY,19.4688,,15.6810,3.7878,,24.1550,,0,,18.22,1.07,warning,,,CAMERA_ONLY
0,53.3659,cam_4,CAM_ONLY,19.7071,,15.6810,4.0261,,25.6748,,0,,13.90,0.84,warning,,,CAMERA_ONLY
0,53.4257,cam_4,CAM_ONLY,19.3804,,15.6810,3.6994,,23.5916,,0,,13.38,1.10,warning,,,CAMERA_ONLY
0,53.4837,t1031,BOTH,19.2479,10.6557,15.6810,3.5669,5.0253,22.7466,32.0472,0,0,10.27,0.92,warning,,,FULL_ANGLE
0,53.4837,t1031,LIDAR_ONLY,10.7079,10.7079,15.6810,4.9732,4.9732,31.7145,31.7145,0,0,10.27,0.92,cautious,-1.51,front,LIDAR_ONLY
0,53.5463,cam_4,CAM_ONLY,19.6669,,15.6810,3.9859,,25.4188,,0,,13.27,1.11,warning,,,CAMERA_ONLY
0,53.6110,cam_4,CAM_ONLY,19.4707,,15.6810,3.7897,,24.1673,,0,,13.01,0.94,warning,,,CAMERA_ONLY
0,53.6806,t1031,BOTH,19.3596,10.6586,15.6810,3.6786,5.0224,23.4588,32.0284,0,0,16.45,0.79,warning,,,FULL_ANGLE
0,53.7480,cam_4,CAM_ONLY,19.4159,,15.6810,3.7349,,23.8179,,0,,16.61,1.99,warning,,,CAMERA_ONLY
0,53.8127,cam_4,CAM_ONLY,19.3331,,15.6810,3.6521,,23.2898,,0,,12.41,0.86,warning,,,CAMERA_ONLY
0,53.8681,cam_4,CAM_ONLY,19.6806,,15.6810,3.9996,,25.5062,,0,,14.23,1.12,warning,,,CAMERA_ONLY
0,53.9339,t1046,BOTH,19.5402,10.6053,15.6810,3.8592,5.0758,24.6103,32.3688,0,0,18.78,1.25,warning,,,FULL_ANGLE
0,53.9339,t1043,LIDAR_ONLY,10.6762,10.6762,15.6810,5.0048,5.0048,31.9163,31.9163,0,0,18.78,1.25,cautious,28.85,front,LIDAR_ONLY
0,53.9339,t1044,LIDAR_ONLY,25.2320,25.2320,15.6810,9.5510,9.5510,60.9080,60.9080,0,0,18.78,1.25,drive,16.18,front,LIDAR_ONLY
0,53.9339,t1043,LIDAR_ONLY,10.9770,10.9770,15.6810,4.7040,4.7040,29.9981,29.9981,0,0,18.78,1.25,cautious,24.63,front,LIDAR_ONLY
0,53.9339,t1043,LIDAR_ONLY,11.5605,11.5605,15.6810,4.1206,4.1206,26.2774,26.2774,0,0,18.78,1.25,cautious,20.40,front,LIDAR_ONLY
0,53.9998,cam_4,CAM_ONLY,19.4627,,15.6810,3.7816,,24.1160,,0,,14.85,1.38,warning,,,CAMERA_ONLY
0,54.0697,cam_4,CAM_ONLY,19.3097,,15.6810,3.6287,,23.1407,,0,,20.51,1.00,warning,,,CAMERA_ONLY
0,54.1367,t1046,BOTH,19.4117,10.6245,15.6810,3.7306,5.0565,23.7908,32.2459,0,0,16.37,1.48,warning,,,FULL_ANGLE
0,54.1367,t1043,LIDAR_ONLY,12.0663,12.0663,15.6810,3.6147,3.6147,23.0515,23.0515,0,0,16.37,1.48,cautious,22.49,front,LIDAR_ONLY
0,54.1367,t1043,LIDAR_ONLY,12.2776,12.2776,15.6810,3.4034,3.4034,21.7039,21.7039,0,0,16.37,1.48,cautious,26.62,front,LIDAR_ONLY
0,54.1367,t1044,LIDAR_ONLY,22.5933,22.5933,15.6810,6.9123,6.9123,44.0808,44.0808,0,0,16.37,1.48,drive,18.37,front,LIDAR_ONLY
0,54.1367,t1046,LIDAR_ONLY,10.6179,10.6179,15.6810,5.0631,5.0631,32.2880,32.2880,0,0,16.37,1.48,cautious,-2.26,front,LIDAR_ONLY
0,54.1367,t1046,LIDAR_ONLY,10.6225,10.6225,15.6810,5.0585,5.0585,32.2590,32.2590,0,0,16.37,1.48,cautious,5.99,front,LIDAR_ONLY
0,54.2007,cam_4,CAM_ONLY,19.5473,,15.6810,3.8662,,24.6556,,0,,16.46,1.21,warning,,,CAMERA_ONLY
0,54.2649,cam_4,CAM_ONLY,19.7379,,15.6810,4.0569,,25.8713,,0,,13.81,1.11,warning,,,CAMERA_ONLY
0,54.3252,cam_4,CAM_ONLY,19.5109,,15.6810,3.8299,,24.4235,,0,,14.90,0.91,warning,,,CAMERA_ONLY
0,54.3882,t1056,BOTH,19.5000,10.7679,15.6810,3.8190,4.9131,24.3542,31.3315,0,0,8.90,1.00,warning,,,FULL_ANGLE
0,54.3882,t1054,LIDAR_ONLY,10.4922,10.4922,15.6810,5.1889,5.1889,33.0901,33.0901,0,0,8.90,1.00,cautious,29.28,front,LIDAR_ONLY
0,54.3882,t1054,LIDAR_ONLY,10.7182,10.7182,15.6810,4.9628,4.9628,31.6488,31.6488,0,0,8.90,1.00,cautious,25.20,front,LIDAR_ONLY
0,54.3882,t1054,LIDAR_ONLY,11.1664,11.1664,15.6810,4.5146,4.5146,28.7902,28.7902,0,0,8.90,1.00,cautious,21.11,front,LIDAR_ONLY
0,54.4479,cam_4,CAM_ONLY,19.3856,,15.6810,3.7046,,23.6246,,0,,11.77,1.06,warning,,,CAMERA_ONLY
0,54.5133,cam_4,CAM_ONLY,19.7020,,15.6810,4.0210,,25.6425,,0,,21.27,1.43,warning,,,CAMERA_ONLY
0,54.5718,cam_4,CAM_ONLY,19.9062,,15.6810,4.2251,,26.9443,,0,,15.69,0.90,warning,,,CAMERA_ONLY
0,54.6364,t1063,BOTH,19.5811,10.6440,15.6810,3.9000,5.0370,24.8711,32.1217,0,0,15.26,1.32,warning,,,FULL_ANGLE
0,54.6364,t1062,LIDAR_ONLY,13.7109,13.7109,15.6810,1.9701,1.9701,12.5638,12.5638,0,0,15.26,1.32,cautious,23.55,front,LIDAR_ONLY
0,54.6364,t1062,LIDAR_ONLY,12.3530,12.3530,15.6810,3.3280,3.3280,21.2231,21.2231,0,0,15.26,1.32,cautious,27.63,front,LIDAR_ONLY
0,54.6364,t1062,LIDAR_ONLY,12.8046,12.8046,15.6810,2.8764,2.8764,18.3434,18.3434,0,0,15.26,1.32,cautious,19.47,front,LIDAR_ONLY
0,54.6364,t1063,LIDAR_ONLY,10.6917,10.6917,15.6810,4.9893,4.9893,31.8173,31.8173,0,0,15.26,1.32,cautious,-0.94,front,LIDAR_ONLY
0,54.7103,cam_4,CAM_ONLY,19.6180,,15.6810,3.9370,,25.1069,,0,,24.36,1.67,warning,,,CAMERA_ONLY
0,54.7683,cam_4,CAM_ONLY,19.4129,,15.6810,3.7319,,23.7987,,0,,13.06,0.94,warning,,,CAMERA_ONLY
0,54.8262,cam_4,CAM_ONLY,19.4789,,15.6810,3.7979,,24.2199,,0,,9.98,1.02,warning,,,CAMERA_ONLY
0,54.8758,cam_4,CAM_ONLY,19.7457,,15.6810,4.0647,,25.9210,,0,,10.84,0.92,warning,,,CAMERA_ONLY
0,54.9393,cam_4,CAM_ONLY,19.5005,,15.6810,3.8195,,24.3576,,0,,19.14,1.19,warning,,,CAMERA_ONLY
0,54.9957,cam_4,CAM_ONLY,19.4337,,15.6810,3.7526,,23.9310,,0,,10.26,1.65,warning,,,CAMERA_ONLY
0,55.0474,cam_4,CAM_ONLY,19.3242,,15.6810,3.6432,,23.2333,,0,,10.08,1.07,warning,,,CAMERA_ONLY
0,55.1031,cam_4,CAM_ONLY,19.8458,,15.6810,4.1648,,26.5593,,0,,9.05,0.88,warning,,,CAMERA_ONLY
0,55.1591,cam_4,CAM_ONLY,19.4400,,15.6810,3.7590,,23.9717,,0,,12.38,0.82,warning,,,CAMERA_ONLY
0,55.2190,cam_4,CAM_ONLY,19.3879,,15.6810,3.7069,,23.6394,,0,,19.87,1.02,warning,,,CAMERA_ONLY
0,55.2776,cam_4,CAM_ONLY,19.6793,,15.6810,3.9983,,25.4974,,0,,9.00,0.99,warning,,,CAMERA_ONLY
0,55.3377,t1083,BOTH,19.6744,24.6832,15.6810,3.9934,9.0022,25.4662,57.4082,0,0,13.97,1.29,warning,,,FULL_ANGLE
0,55.3377,t1084,LIDAR_ONLY,10.8712,10.8712,15.6810,4.8099,4.8099,30.6732,30.6732,0,0,13.97,1.29,cautious,28.40,front,LIDAR_ONLY
0,55.3377,t1084,LIDAR_ONLY,11.1491,11.1491,15.6810,4.5319,4.5319,28.9008,28.9008,0,0,13.97,1.29,cautious,24.39,front,LIDAR_ONLY
0,55.4084,cam_4,CAM_ONLY,19.6651,,15.6810,3.9841,,25.4071,,0,,15.31,0.96,warning,,,CAMERA_ONLY
0,55.4724,cam_4,CAM_ONLY,19.5684,,15.6810,3.8874,,24.7903,,0,,15.79,1.07,warning,,,CAMERA_ONLY
0,55.5556,cam_4,CAM_ONLY,19.6302,,15.6810,3.9492,,25.1846,,0,,23.10,2.41,warning,,,CAMERA_ONLY
0,55.6096,cam_4,CAM_ONLY,19.5192,,15.6810,3.8382,,24.4766,,0,,13.62,0.88,warning,,,CAMERA_ONLY
0,55.6750,cam_4,CAM_ONLY,19.3593,,15.6810,3.6783,,23.4567,,0,,12.47,0.85,warning,,,CAMERA_ONLY
0,55.7248,cam_4,CAM_ONLY,19.6331,,15.6810,3.9521,,25.2032,,0,,9.70,1.04,warning,,,CAMERA_ONLY
0,55.7784,t1097,BOTH,19.5103,10.6015,15.6810,3.8293,5.0795,24.4197,32.3926,0,0,9.85,1.38,warning,,,FULL_ANGLE
0,55.7784,t1095,LIDAR_ONLY,12.6059,12.6059,15.6810,3.0751,3.0751,19.6102,19.6102,0,0,9.85,1.38,cautious,25.16,front,LIDAR_ONLY
0,55.7784,t1095,LIDAR_ONLY,11.4566,11.4566,15.6810,4.2244,4.2244,26.9397,26.9397,0,0,9.85,1.38,cautious,29.30,front,LIDAR_ONLY
0,55.7784,t1096,LIDAR_ONLY,23.2240,23.2240,15.6810,7.5430,7.5430,48.1028,48.1028,0,0,9.85,1.38,drive,16.89,front,LIDAR_ONLY
0,55.7784,t1097,LIDAR_ONLY,10.5949,10.5949,15.6810,5.0861,5.0861,32.4349,32.4349,0,0,9.85,1.38,cautious,4.48,front,LIDAR_ONLY
0,55.8387,cam_4,CAM_ONLY,19.4113,,15.6810,3.7303,,23.7884,,0,,13.68,1.30,warning,,,CAMERA_ONLY
0,55.8387,t1096,LIDAR_ONLY,18.1008,18.1008,15.6810,2.4197,2.4197,15.4310,15.4310,0,0,13.68,1.30,drive,22.30,front,LIDAR_ONLY
0,55.8387,t1095,LIDAR_ONLY,11.4827,11.4827,15.6810,4.1983,4.1983,26.7732,26.7732,0,0,13.68,1.30,cautious,26.32,front,LIDAR_ONLY
0,55.9011,cam_4,CAM_ONLY,19.4720,,15.6810,3.7910,,24.1759,,0,,15.14,2.61,warning,,,CAMERA_ONLY
0,55.9590,cam_4,CAM_ONLY,19.5877,,15.6810,3.9066,,24.9131,,0,,12.73,1.02,warning,,,CAMERA_ONLY
0,56.0209,cam_4,CAM_ONLY,19.8259,,15.6810,4.1449,,26.4323,,0,,12.54,1.01,warning,,,CAMERA_ONLY
0,56.0779,cam_4,CAM_ONLY,19.5418,,15.6810,3.8607,,24.6204,,0,,11.07,0.85,warning,,,CAMERA_ONLY
0,56.1335,t1109,BOTH,19.5012,10.7127,15.6810,3.8202,4.9683,24.3618,31.6836,0,0,11.95,1.00,warning,,,FULL_ANGLE
0,56.1335,t1108,LIDAR_ONLY,20.8368,20.8368,15.6810,5.1557,5.1557,32.8789,32.8789,0,0,11.95,1.00,drive,17.93,front,LIDAR_ONLY
0,56.1335,t1108,LIDAR_ONLY,16.3210,16.3210,15.6810,0.6400,0.6400,4.0813,4.0813,1,1,11.95,1.00,drive,26.38,front,LIDAR_ONLY
0,56.1335,t1108,LIDAR_ONLY,15.9804,15.9804,15.6810,0.2993,0.2993,1.9090,1.9090,1,1,11.95,1.00,drive,22.15,front,LIDAR_ONLY
0,56.1335,t1109,LIDAR_ONLY,10.7079,10.7079,15.6810,4.9731,4.9731,31.7144,31.7144,0,0,11.95,1.00,cautious,-3.20,front,LIDAR_ONLY
0,56.1975,cam_4,CAM_ONLY,19.3596,,15.6810,3.6785,,23.4585,,0,,14.75,1.06,warning,,,CAMERA_ONLY
0,56.2686,cam_4,CAM_ONLY,19.4485,,15.6810,3.7674,,24.0255,,0,,19.77,1.11,warning,,,CAMERA_ONLY
0,56.3351,t1109,BOTH,19.2808,10.6903,15.6810,3.5998,4.9908,22.9563,31.8267,0,0,14.02,1.07,warning,,,FULL_ANGLE
0,56.3351,t1108,LIDAR_ONLY,15.5039,15.5039,15.6810,0.1771,0.1771,1.1297,1.1297,1,1,14.02,1.07,drive,22.83,front,LIDAR_ONLY
0,56.3351,t1108,LIDAR_ONLY,14.5025,14.5025,15.6810,1.1785,1.1785,7.5154,7.5154,0,0,14.02,1.07,cautious,27.03,front,LIDAR_ONLY
0,56.3351,t1108,LIDAR_ONLY,13.9947,13.9947,15.6810,1.6863,1.6863,10.7541,10.7541,0,0,14.02,1.07,cautious,18.64,front,LIDAR_ONLY
0,56.3351,t1109,LIDAR_ONLY,10.7091,10.7091,15.6810,4.9719,4.9719,31.7064,31.7064,0,0,14.02,1.07,cautious,-2.33,front,LIDAR_ONLY
0,56.3949,cam_4,CAM_ONLY,19.6863,,15.6810,4.0053,,25.5421,,0,,14.98,1.07,warning,,,CAMERA_ONLY
0,56.4578,cam_4,CAM_ONLY,19.9528,,15.6810,4.2718,,27.2418,,0,,13.08,1.08,warning,,,CAMERA_ONLY
0,56.5298,t1109,BOTH,19.6165,10.6968,15.6810,3.9354,4.9842,25.0968,31.7852,0,0,23.49,0.93,warning,,,FULL_ANGLE
0,56.5298,t1109,LIDAR_ONLY,10.6943,10.6943,15.6810,4.9867,4.9867,31.8007,31.8007,0,0,23.49,0.93,cautious,-3.74,front,LIDAR_ONLY
0,56.5298,t1109,LIDAR_ONLY,10.6645,10.6645,15.6810,5.0165,5.0165,31.9907,31.9907,0,0,23.49,0.93,cautious,4.56,front,LIDAR_ONLY
0,56.5943,cam_4,CAM_ONLY,19.4411,,15.6810,3.7600,,23.9783,,0,,17.58,0.96,warning,,,CAMERA_ONLY
0,56.6516,cam_4,CAM_ONLY,19.3709,,15.6810,3.6899,,23.5310,,0,,12.64,1.17,warning,,,CAMERA_ONLY
0,56.7133,cam_4,CAM_ONLY,19.4728,,15.6810,3.7918,,24.1806,,0,,13.47,1.12,warning,,,CAMERA_ONLY
0,56.7768,t1123,BOTH,19.6392,10.7597,15.6810,3.9582,4.9214,25.2417,31.3842,0,0,15.60,0.79,warning,,,FULL_ANGLE
0,56.8377,t1123,BOTH,19.7693,10.7200,15.6810,4.0883,4.9611,26.0718,31.6373,0,0,9.36,0.98,warning,,,FULL_ANGLE
0,56.8377,t1125,LIDAR_ONLY,13.4064,13.4064,15.6810,2.2746,2.2746,14.5053,14.5053,0,0,9.36,0.98,cautious,23.97,front,LIDAR_ONLY
0,56.8377,t1125,LIDAR_ONLY,12.2319,12.2319,15.6810,3.4491,3.4491,21.9953,21.9953,0,0,9.36,0.98,cautious,27.97,front,LIDAR_ONLY
0,56.8377,t1123,LIDAR_ONLY,10.7453,10.7453,15.6810,4.9357,4.9357,31.4758,31.4758,0,0,9.36,0.98,cautious,-4.06,front,LIDAR_ONLY
0,56.8965,cam_4,CAM_ONLY,19.4171,,15.6810,3.7361,,23.8258,,0,,17.78,1.11,warning,,,CAMERA_ONLY
0,56.9507,cam_4,CAM_ONLY,19.4332,,15.6810,3.7522,,23.9282,,0,,9.68,1.36,warning,,,CAMERA_ONLY
0,57.0072,cam_4,CAM_ONLY,19.5934,,15.6810,3.9124,,24.9498,,0,,11.83,0.97,warning,,,CAMERA_ONLY
0,57.0676,cam_4,CAM_ONLY,19.6228,,15.6810,3.9417,,25.1370,,0,,15.77,1.16,warning,,,CAMERA_ONLY
0,57.1225,cam_4,CAM_ONLY,19.5760,,15.6810,3.8950,,24.8391,,0,,10.29,0.91,warning,,,CAMERA_ONLY
0,57.1743,cam_4,CAM_ONLY,19.4849,,15.6810,3.8038,,24.2576,,0,,10.28,0.90,warning,,,CAMERA_ONLY
0,57.2304,t1137,BOTH,19.5994,10.6535,15.6810,3.9184,5.0275,24.9880,32.0612,0,0,9.24,1.19,warning,,,FULL_ANGLE
0,57.2304,t1135,LIDAR_ONLY,14.1741,14.1741,15.6810,1.5069,1.5069,9.6096,9.6096,0,0,9.24,1.19,cautious,22.95,front,LIDAR_ONLY
0,57.2304,t1135,LIDAR_ONLY,14.9986,14.9986,15.6810,0.6824,0.6824,4.3520,4.3520,1,1,9.24,1.19,cautious,18.90,front,LIDAR_ONLY
0,57.2304,t1135,LIDAR_ONLY,14.6623,14.6623,15.6810,1.0187,1.0187,6.4965,6.4965,0,0,9.24,1.19,cautious,27.01,front,LIDAR_ONLY
0,57.2304,t1137,LIDAR_ONLY,10.7040,10.7040,15.6810,4.9771,4.9771,31.7395,31.7395,0,0,9.24,1.19,cautious,-1.38,front,LIDAR_ONLY
0,57.2304,t1137,LIDAR_ONLY,10.6547,10.6547,15.6810,5.0263,5.0263,32.0535,32.0535,0,0,9.24,1.19,cautious,6.73,front,LIDAR_ONLY
0,57.2838,t1137,BOTH,19.6085,11.4420,15.6810,3.9275,4.2390,25.0464,27.0327,0,0,8.97,1.22,warning,,,FULL_ANGLE
0,57.2838,t1137,LIDAR_ONLY,12.2011,12.2011,15.6810,3.4799,3.4799,22.1917,22.1917,0,0,8.97,1.22,cautious,20.69,front,LIDAR_ONLY
0,57.2838,t1135,LIDAR_ONLY,14.2886,14.2886,15.6810,1.3924,1.3924,8.8797,8.8797,0,0,8.97,1.22,cautious,24.85,front,LIDAR_ONLY
0,57.3484,cam_4,CAM_ONLY,19.5043,,15.6810,3.8233,,24.3817,,0,,17.01,1.95,warning,,,CAMERA_ONLY
0,57.4108,cam_4,CAM_ONLY,19.3502,,15.6810,3.6692,,23.3987,,0,,16.57,1.07,warning,,,CAMERA_ONLY
0,57.4748,cam_4,CAM_ONLY,19.3572,,15.6810,3.6762,,23.4437,,0,,17.54,1.36,warning,,,CAMERA_ONLY
0,57.5402,cam_4,CAM_ONLY,19.6822,,15.6810,4.0011,,25.5159,,0,,22.19,1.16,warning,,,CAMERA_ONLY
0,57.5962,cam_4,CAM_ONLY,19.8842,,15.6810,4.2032,,26.8041,,0,,9.45,0.99,warning,,,CAMERA_ONLY
0,57.6603,cam_4,CAM_ONLY,19.4867,,15.6810,3.8056,,24.2691,,0,,13.88,1.12,warning,,,CAMERA_ONLY
0,57.7375,t1152,BOTH,19.4106,10.6886,15.6810,3.7296,4.9925,23.7843,31.8376,0,0,20.97,1.98,warning,,,FULL_ANGLE
0,57.7375,t1151,LIDAR_ONLY,10.3446,10.3446,15.6810,5.3365,5.3365,34.0313,34.0313,0,0,20.97,1.98,cautious,29.64,front,LIDAR_ONLY
0,57.7375,t1152,LIDAR_ONLY,10.7490,10.7490,15.6810,4.9320,4.9320,31.4519,31.4519,0,0,20.97,1.98,cautious,-2.84,front,LIDAR_ONLY
0,57.7961,cam_4,CAM_ONLY,19.4344,,15.6810,3.7534,,23.9359,,0,,13.54,1.02,warning,,,CAMERA_ONLY
0,57.8584,cam_4,CAM_ONLY,19.4433,,15.6810,3.7623,,23.9925,,0,,13.46,1.09,warning,,,CAMERA_ONLY
0,57.9140,cam_4,CAM_ONLY,19.4245,,15.6810,3.7435,,23.8727,,0,,10.16,1.29,warning,,,CAMERA_ONLY
0,57.9790,t1156,BOTH,19.6969,10.5985,15.6810,4.0159,5.0825,25.6100,32.4120,0,0,21.22,0.90,warning,,,FULL_ANGLE
0,57.9790,t1156,LIDAR_ONLY,10.5915,10.5915,15.6810,5.0895,5.0895,32.4565,32.4565,0,0,21.22,0.90,cautious,4.88,front,LIDAR_ONLY
0,57.9790,t1156,LIDAR_ONLY,10.6175,10.6175,15.6810,5.0635,5.0635,32.2905,32.2905,0,0,21.22,0.90,cautious,-3.48,front,LIDAR_ONLY
0,58.0435,cam_4,CAM_ONLY,19.5332,,15.6810,3.8522,,24.5658,,0,,14.27,1.10,warning,,,CAMERA_ONLY
0,58.1014,cam_4,CAM_ONLY,19.6166,,15.6810,3.9356,,25.0977,,0,,9.13,1.17,warning,,,CAMERA_ONLY
0,58.1582,cam_4,CAM_ONLY,19.3593,,15.6810,3.6783,,23.4571,,0,,12.97,0.95,warning,,,CAMERA_ONLY
0,58.2197,cam_4,CAM_ONLY,19.2916,,15.6810,3.6106,,23.0250,,0,,13.62,1.14,warning,,,CAMERA_ONLY
0,58.2951,cam_4,CAM_ONLY,19.4033,,15.6810,3.7222,,23.7372,,0,,14.23,1.18,warning,,,CAMERA_ONLY
0,58.3616,cam_4,CAM_ONLY,19.3530,,15.6810,3.6720,,23.4168,,0,,17.15,1.42,warning,,,CAMERA_ONLY
0,58.4323,t1169,BOTH,19.4154,10.6049,15.6810,3.7344,5.0761,23.8145,32.3708,0,0,20.42,1.09,warning,,,FULL_ANGLE
0,58.4323,t1167,LIDAR_ONLY,44.3460,44.3460,15.6810,28.6650,28.6650,182.8005,182.8005,0,0,20.42,1.09,drive,-28.75,front,LIDAR_ONLY
0,58.4323,t1168,LIDAR_ONLY,24.9557,24.9557,15.6810,9.2747,9.2747,59.1461,59.1461,0,0,20.42,1.09,drive,16.27,front,LIDAR_ONLY
0,58.4323,t1169,LIDAR_ONLY,10.5997,10.5997,15.6810,5.0813,5.0813,32.4044,32.4044,0,0,20.42,1.09,cautious,3.99,front,LIDAR_ONLY
0,58.4887,cam_4,CAM_ONLY,19.4324,,7.4978,11.9345,,159.1736,,0,,10.60,1.17,warning,,,CAMERA_ONLY
0,58.4887,t1173,LIDAR_ONLY,10.4796,10.4796,7.4978,2.9818,2.9818,39.7686,39.7686,0,0,10.60,1.17,cautious,29.31,front,LIDAR_ONLY
0,58.4887,t1173,LIDAR_ONLY,10.6791,10.6791,7.4978,3.1813,3.1813,42.4290,42.4290,0,0,10.60,1.17,cautious,25.07,front,LIDAR_ONLY
0,58.5423,cam_4,CAM_ONLY,19.4800,,7.6047,11.8752,,156.1558,,0,,10.93,1.03,warning,,,CAMERA_ONLY
0,58.5992,cam_4,CAM_ONLY,19.3772,,7.7544,11.6228,,149.8858,,0,,12.58,1.18,warning,,,CAMERA_ONLY
0,58.6562,cam_4,CAM_ONLY,19.2193,,7.9698,11.2496,,141.1528,,0,,12.84,1.05,warning,,,CAMERA_ONLY
0,58.7078,cam_4,CAM_ONLY,19.4698,,8.1740,11.2958,,138.1909,,0,,9.45,0.98,warning,,,CAMERA_ONLY
0,58.7651,cam_4,CAM_ONLY,19.4860,,8.4062,11.0798,,131.8053,,0,,12.60,0.99,warning,,,CAMERA_ONLY
0,58.8263,t1180,BOTH,19.4773,10.6934,8.7244,10.7529,1.9690,123.2506,22.5685,0,0,13.33,1.11,warning,,,FULL_ANGLE
0,58.8962,cam_4,CAM_ONLY,19.2526,,9.1460,10.1065,,110.5019,,0,,16.76,1.26,warning,,,CAMERA_ONLY
0,58.8962,t1183,LIDAR_ONLY,10.3918,10.3918,9.1460,1.2458,1.2458,13.6207,13.6207,0,0,16.76,1.26,cautious,29.52,front,LIDAR_ONLY
0,58.9519,cam_4,CAM_ONLY,19.6693,,9.4652,10.2041,,107.8064,,0,,11.59,1.12,warning,,,CAMERA_ONLY
0,59.0117,cam_4,CAM_ONLY,20.0020,,9.8412,10.1607,,103.2461,,0,,11.77,0.97,warning,,,CAMERA_ONLY
0,59.0876,cam_4,CAM_ONLY,19.9449,,10.3690,9.5759,,92.3517,,0,,21.29,2.03,warning,,,CAMERA_ONLY
0,59.1552,cam_4,CAM_ONLY,19.5857,,10.8600,8.7258,,80.3479,,0,,12.91,2.45,warning,,,CAMERA_ONLY
0,59.2236,cam_4,CAM_ONLY,19.8863,,11.3276,8.5587,,75.5562,,0,,14.20,1.26,warning,,,CAMERA_ONLY
0,59.2830,t1198,BOTH,19.9975,10.6159,11.7860,8.2115,1.1701,69.6719,9.9276,0,0,12.40,1.08,warning,,,FULL_ANGLE
0,59.2830,t1195,LIDAR_ONLY,11.5839,11.5839,11.7860,0.2021,0.2021,1.7147,1.7147,1,1,12.40,1.08,cautious,-28.07,front,LIDAR_ONLY
0,59.2830,t1196,LIDAR_ONLY,11.6465,11.6465,11.7860,0.1394,0.1394,1.1832,1.1832,1,1,12.40,1.08,cautious,26.82,front,LIDAR_ONLY
0,59.2830,t1196,LIDAR_ONLY,12.1046,12.1046,11.7860,0.3186,0.3186,2.7032,2.7032,1,1,12.40,1.08,cautious,22.60,front,LIDAR_ONLY
0,59.2830,t1196,LIDAR_ONLY,12.8553,12.8553,11.7860,1.0693,1.0693,9.0730,9.0730,0,0,12.40,1.08,cautious,18.38,front,LIDAR_ONLY
0,59.2830,t1198,LIDAR_ONLY,10.5862,10.5862,11.7860,1.1997,1.1997,10.1793,10.1793,0,0,12.40,1.08,cautious,5.71,front,LIDAR_ONLY
0,59.2830,t1198,LIDAR_ONLY,10.6042,10.6042,11.7860,1.1817,1.1817,10.0266,10.0266,0,0,12.40,1.08,cautious,-2.73,front,LIDAR_ONLY
0,59.3473,cam_4,CAM_ONLY,19.9319,,12.3497,7.5822,,61.3955,,0,,16.82,1.22,warning,,,CAMERA_ONLY
0,59.4044,cam_4,CAM_ONLY,19.8675,,12.7594,7.1080,,55.7081,,0,,9.74,1.03,warning,,,CAMERA_ONLY
0,59.4579,cam_4,CAM_ONLY,19.7327,,13.1869,6.5457,,49.6377,,0,,14.14,1.08,warning,,,CAMERA_ONLY
0,59.5161,cam_4,CAM_ONLY,19.6764,,13.6865,5.9899,,43.7651,,0,,12.40,0.98,warning,,,CAMERA_ONLY
0,59.5820,t1209,BOTH,19.8874,10.6706,14.2499,5.6375,3.5793,39.5618,25.1182,0,0,18.57,1.20,warning,,,FULL_ANGLE
0,59.5820,t1206,LIDAR_ONLY,11.2328,11.2328,14.2499,3.0171,3.0171,21.1726,21.1726,0,0,18.57,1.20,cautious,-28.77,front,LIDAR_ONLY
0,59.5820,t1206,LIDAR_ONLY,11.6375,11.6375,14.2499,2.6123,2.6123,18.3323,18.3323,0,0,18.57,1.20,cautious,-20.57,front,LIDAR_ONLY
0,59.5820,t1206,LIDAR_ONLY,11.9221,11.9221,14.2499,2.3278,2.3278,16.3355,16.3355,0,0,18.57,1.20,cautious,-24.67,front,LIDAR_ONLY
0,59.5820,t1208,LIDAR_ONLY,10.7734,10.7734,14.2499,3.4764,3.4764,24.3963,24.3963,0,0,18.57,1.20,cautious,28.63,front,LIDAR_ONLY
0,59.5820,t1209,LIDAR_ONLY,10.7966,10.7966,14.2499,3.4532,3.4532,24.2333,24.2333,0,0,18.57,1.20,cautious,-4.17,front,LIDAR_ONLY
0,59.5820,t1208,LIDAR_ONLY,11.1071,11.1071,14.2499,3.1428,3.1428,22.0547,22.0547,0,0,18.57,1.20,cautious,24.53,front,LIDAR_ONLY
0,59.6509,cam_4,CAM_ONLY,19.8231,,14.8438,4.9794,,33.5452,,0,,21.90,1.25,warning,,,CAMERA_ONLY
0,59.7075,cam_4,CAM_ONLY,19.8880,,15.3419,4.5462,,29.6323,,0,,12.16,0.86,warning,,,CAMERA_ONLY
0,59.7649,cam_4,CAM_ONLY,19.7731,,15.6810,4.0921,,26.0960,,0,,9.66,0.98,warning,,,CAMERA_ONLY
0,59.8304,t1219,BOTH,19.7285,10.7189,15.6810,4.0475,4.9621,25.8116,31.6438,0,0,18.79,1.26,warning,,,FULL_ANGLE
0,59.8304,t1216,LIDAR_ONLY,11.4719,11.4719,15.6810,4.2091,4.2091,26.8421,26.8421,0,0,18.79,1.26,cautious,-28.04,front,LIDAR_ONLY
0,59.8304,t1216,LIDAR_ONLY,11.6372,11.6372,15.6810,4.0438,4.0438,25.7881,25.7881,0,0,18.79,1.26,cautious,-23.99,front,LIDAR_ONLY
0,59.8304,t1216,LIDAR_ONLY,12.0105,12.0105,15.6810,3.6705,3.6705,23.4071,23.4071,0,0,18.79,1.26,cautious,-19.93,front,LIDAR_ONLY
0,59.8304,t1216,LIDAR_ONLY,12.5331,12.5331,15.6810,3.1479,3.1479,20.0748,20.0748,0,0,18.79,1.26,cautious,-15.87,front,LIDAR_ONLY
0,59.8304,t1218,LIDAR_ONLY,24.0182,24.0182,15.6810,8.3371,8.3371,53.1670,53.1670,0,0,18.79,1.26,drive,16.59,front,LIDAR_ONLY
0,59.8304,t1218,LIDAR_ONLY,20.1956,20.1956,15.6810,4.5146,4.5146,28.7902,28.7902,0,0,18.79,1.26,drive,20.65,front,LIDAR_ONLY
0,59.8304,t1219,LIDAR_ONLY,10.7791,10.7791,15.6810,4.9019,4.9019,31.2603,31.2603,0,0,18.79,1.26,cautious,-3.70,front,LIDAR_ONLY
0,59.8950,cam_4,CAM_ONLY,19.7017,,15.6810,4.0207,,25.6403,,0,,15.97,1.28,warning,,,CAMERA_ONLY
0,59.8950,t1218,LIDAR_ONLY,16.0073,16.0073,15.6810,0.3263,0.3263,2.0806,2.0806,1,1,15.97,1.28,drive,29.12,front,LIDAR_ONLY
0,59.9608,cam_4,CAM_ONLY,19.5803,,15.6810,3.8993,,24.8662,,0,,17.59,0.86,warning,,,CAMERA_ONLY
0,60.0394,cam_4,CAM_ONLY,19.8754,,15.6810,4.1944,,26.7483,,0,,12.00,1.23,warning,,,CAMERA_ONLY
0,60.0394,t1218,LIDAR_ONLY,15.7132,15.7132,15.6810,0.0322,0.0322,0.2051,0.2051,1,1,12.00,1.23,drive,22.10,front,LIDAR_ONLY
0,60.0394,t1218,LIDAR_ONLY,14.9309,14.9309,15.6810,0.7501,0.7501,4.7834,4.7834,1,1,12.00,1.23,cautious,26.19,front,LIDAR_ONLY
0,60.0986,cam_4,CAM_ONLY,19.4951,,15.6810,3.8141,,24.3231,,0,,15.00,1.15,warning,,,CAMERA_ONLY
0,60.1514,cam_4,CAM_ONLY,19.4808,,15.6810,3.7997,,24.2314,,0,,9.61,1.28,warning,,,CAMERA_ONLY
0,60.2058,cam_4,CAM_ONLY,19.2446,,15.6810,3.5636,,22.7253,,0,,12.65,1.11,warning,,,CAMERA_ONLY
0,60.2729,cam_4,CAM_ONLY,18.8642,,15.6810,3.1832,,20.2996,,0,,15.82,0.96,warning,,,CAMERA_ONLY
0,60.3521,cam_4,CAM_ONLY,19.4060,,15.6810,3.7249,,23.7545,,0,,25.22,1.64,warning,,,CAMERA_ONLY
0,60.4134,cam_4,CAM_ONLY,19.3235,,15.6810,3.6425,,23.2286,,0,,14.76,0.98,warning,,,CAMERA_ONLY
0,60.4647,cam_4,CAM_ONLY,18.9610,,15.6810,3.2800,,20.9171,,0,,11.29,0.88,warning,,,CAMERA_ONLY
0,60.5235,cam_4,CAM_ONLY,19.2287,,15.6810,3.5477,,22.6241,,0,,12.89,0.99,warning,,,CAMERA_ONLY
0,60.5235,t1233,LIDAR_ONLY,16.8512,16.8512,15.6810,1.1702,1.1702,7.4627,7.4627,0,0,12.89,0.99,drive,-19.42,front,LIDAR_ONLY
0,60.5235,t1233,LIDAR_ONLY,16.9289,16.9289,15.6810,1.2478,1.2478,7.9576,7.9576,0,0,12.89,0.99,drive,-23.56,front,LIDAR_ONLY
0,60.5796,cam_4,CAM_ONLY,19.1989,,15.6810,3.5179,,22.4340,,0,,9.35,1.11,warning,,,CAMERA_ONLY
0,60.5796,t1233,LIDAR_ONLY,17.0069,17.0069,15.6810,1.3259,1.3259,8.4554,8.4554,0,0,9.35,1.11,drive,-18.77,front,LIDAR_ONLY
0,60.5796,t1233,LIDAR_ONLY,17.1300,17.1300,15.6810,1.4490,1.4490,9.2402,9.2402,0,0,9.35,1.11,drive,-22.84,front,LIDAR_ONLY
0,60.5796,t1233,LIDAR_ONLY,17.2372,17.2372,15.6810,1.5562,1.5562,9.9240,9.9240,0,0,9.35,1.11,drive,-14.70,front,LIDAR_ONLY
0,60.6417,cam_4,CAM_ONLY,18.9744,,15.6810,3.2934,,21.0025,,0,,13.73,1.20,warning,,,CAMERA_ONLY
0,60.6417,t1241,LIDAR_ONLY,10.9713,10.9713,15.6810,4.7097,4.7097,30.0345,30.0345,0,0,13.73,1.20,cautious,28.18,front,LIDAR_ONLY
0,60.6417,t1241,LIDAR_ONLY,11.2414,11.2414,15.6810,4.4396,4.4396,28.3119,28.3119,0,0,13.73,1.20,cautious,23.98,front,LIDAR_ONLY
0,60.7038,cam_4,CAM_ONLY,19.1343,,15.6810,3.4533,,22.0220,,0,,17.10,1.11,warning,,,CAMERA_ONLY
0,60.7627,cam_4,CAM_ONLY,19.1671,,15.6810,3.4861,,22.2312,,0,,11.57,0.85,warning,,,CAMERA_ONLY
0,60.8229,cam_4,CAM_ONLY,19.2046,,15.6810,3.5236,,22.4705,,0,,10.49,1.13,warning,,,CAMERA_ONLY
0,60.8891,t1249,BOTH,19.1462,10.6032,15.6810,3.4652,5.0778,22.0982,32.3818,0,0,19.38,1.44,warning,,,FULL_ANGLE
0,60.8891,t1248,LIDAR_ONLY,13.1314,13.1314,15.6810,2.5496,2.5496,16.2592,16.2592,0,0,19.38,1.44,cautious,24.36,front,LIDAR_ONLY
0,60.8891,t1248,LIDAR_ONLY,12.1033,12.1033,15.6810,3.5777,3.5777,22.8154,22.8154,0,0,19.38,1.44,cautious,28.50,front,LIDAR_ONLY
0,60.8891,t1248,LIDAR_ONLY,12.6191,12.6191,15.6810,3.0620,3.0620,19.5265,19.5265,0,0,19.38,1.44,cautious,20.22,front,LIDAR_ONLY
0,60.9448,cam_4,CAM_ONLY,19.1850,,15.6810,3.5039,,22.3452,,0,,13.08,1.41,warning,,,CAMERA_ONLY
0,60.9448,t1248,LIDAR_ONLY,12.7551,12.7551,15.6810,2.9259,2.9259,18.6591,18.6591,0,0,13.08,1.41,cautious,28.12,front,LIDAR_ONLY
0,60.9448,t1248,LIDAR_ONLY,12.8730,12.8730,15.6810,2.8080,2.8080,17.9073,17.9073,0,0,13.08,1.41,cautious,23.92,front,LIDAR_ONLY
0,61.0186,cam_4,CAM_ONLY,19.2078,,15.6810,3.5267,,22.4905,,0,,24.10,1.03,warning,,,CAMERA_ONLY
0,61.0839,t1254,BOTH,19.0708,10.5831,15.6810,3.3898,5.0979,21.6170,32.5100,0,0,11.30,1.00,warning,,,FULL_ANGLE
0,61.0839,t1249,LIDAR_ONLY,13.3704,13.3704,15.6810,2.3106,2.3106,14.7350,14.7350,0,0,11.30,1.00,cautious,-5.94,front,LIDAR_ONLY
0,61.0839,t1249,LIDAR_ONLY,15.6118,15.6118,15.6810,0.0692,0.0692,0.4415,0.4415,1,1,11.30,1.00,cautious,-14.28,front,LIDAR_ONLY
0,61.0839,t1248,LIDAR_ONLY,12.5649,12.5649,15.6810,3.1161,3.1161,19.8720,19.8720,0,0,11.30,1.00,cautious,27.43,front,LIDAR_ONLY
0,61.0839,t1249,LIDAR_ONLY,17.2565,17.2565,15.6810,1.5755,1.5755,10.0471,10.0471,0,0,11.30,1.00,cautious,-10.11,front,LIDAR_ONLY
0,61.1433,cam_4,CAM_ONLY,19.2420,,15.6810,3.5609,,22.7085,,0,,9.83,1.11,warning,,,CAMERA_ONLY
0,61.1942,cam_4,CAM_ONLY,19.5537,,15.6810,3.8727,,24.6964,,0,,10.57,1.01,warning,,,CAMERA_ONLY
0,61.2510,cam_4,CAM_ONLY,19.3193,,15.6810,3.6383,,23.2018,,0,,14.63,1.24,warning,,,CAMERA_ONLY
0,61.3190,cam_4,CAM_ONLY,19.6604,,15.6810,3.9794,,25.3773,,0,,19.11,1.66,warning,,,CAMERA_ONLY
0,61.3874,t1263,BOTH,19.7388,10.6416,15.6810,4.0577,5.0395,25.8767,32.1374,0,0,11.84,1.23,warning,,,FULL_ANGLE
0,61.3874,t1262,LIDAR_ONLY,14.8404,14.8404,15.6810,0.8406,0.8406,5.3608,5.3608,1,1,11.84,1.23,cautious,22.16,front,LIDAR_ONLY
0,61.3874,t1262,LIDAR_ONLY,13.3634,13.3634,15.6810,2.3177,2.3177,14.7800,14.7800,0,0,11.84,1.23,cautious,26.35,front,LIDAR_ONLY
0,61.4435,cam_4,CAM_ONLY,19.5884,,15.6810,3.9073,,24.9176,,0,,10.08,1.12,warning,,,CAMERA_ONLY
0,61.5121,cam_4,CAM_ONLY,19.7545,,15.6810,4.0735,,25.9771,,0,,17.37,0.97,warning,,,CAMERA_ONLY
0,61.5813,t1263,BOTH,20.1093,13.0733,15.6810,4.4283,2.6077,28.2397,16.6297,0,0,16.27,0.93,safe,,,FULL_ANGLE
0,61.6441,cam_4,CAM_ONLY,19.7822,,15.6812,4.1010,,26.1525,,0,,16.77,1.33,warning,,,CAMERA_ONLY
0,61.6441,t1268,LIDAR_ONLY,14.1473,14.1473,15.6812,1.5339,1.5339,9.7815,9.7815,0,0,16.77,1.33,cautious,22.99,front,LIDAR_ONLY
0,61.6441,t1268,LIDAR_ONLY,12.9001,12.9001,15.6812,2.7811,2.7811,17.7354,17.7354,0,0,16.77,1.33,cautious,27.12,front,LIDAR_ONLY
0,61.7032,cam_4,CAM_ONLY,19.9374,,15.6811,4.2563,,27.1427,,0,,9.88,1.14,warning,,,CAMERA_ONLY
0,61.7719,cam_4,CAM_ONLY,19.9500,,15.6811,4.2689,,27.2232,,0,,22.61,1.21,warning,,,CAMERA_ONLY
0,61.8437,cam_4,CAM_ONLY,19.9660,,15.6811,4.2849,,27.3250,,0,,13.81,1.24,warning,,,CAMERA_ONLY
0,61.9006,cam_4,CAM_ONLY,19.5896,,15.6811,3.9085,,24.9251,,0,,12.19,1.75,warning,,,CAMERA_ONLY
0,61.9523,cam_4,CAM_ONLY,19.1141,,15.6811,3.4330,,21.8924,,0,,11.06,1.18,warning,,,CAMERA_ONLY
0,62.0152,cam_4,CAM_ONLY,18.7728,,15.6811,3.0917,,19.7158,,0,,12.87,1.00,warning,,,CAMERA_ONLY
0,62.0765,t1280,BOTH,18.8011,32.3168,15.6811,3.1200,16.6357,19.8966,106.0872,0,0,17.29,0.78,warning,,,FULL_ANGLE
0,62.1423,cam_4,CAM_ONLY,18.9406,,15.6811,3.2595,,20.7863,,0,,14.02,0.96,warning,,,CAMERA_ONLY
0,62.2020,cam_4,CAM_ONLY,18.8415,,15.6811,3.1604,,20.1542,,0,,10.82,0.91,warning,,,CAMERA_ONLY
0,62.2587,cam_4,CAM_ONLY,18.8841,,15.6811,3.2030,,20.4257,,0,,13.34,0.85,warning,,,CAMERA_ONLY
0,62.3239,t1282,BOTH,19.0280,10.6439,15.6811,3.3469,5.0372,21.3434,32.1228,0,0,17.76,1.10,warning,,,FULL_ANGLE
0,62.3796,t1282,BOTH,19.2907,10.6324,15.6811,3.6096,5.0487,23.0185,32.1960,0,0,13.37,0.89,warning,,,FULL_ANGLE
0,62.3796,t1282,LIDAR_ONLY,10.6054,10.6054,15.6811,5.0757,5.0757,32.3680,32.3680,0,0,13.37,0.89,cautious,6.36,front,LIDAR_ONLY
0,62.3796,t1282,LIDAR_ONLY,10.6095,10.6095,15.6811,5.0716,5.0716,32.3419,32.3419,0,0,13.37,0.89,cautious,-1.73,front,LIDAR_ONLY
0,62.4527,cam_4,CAM_ONLY,19.6191,,15.6811,3.9380,,25.1132,,0,,16.56,1.17,warning,,,CAMERA_ONLY
0,62.5101,cam_4,CAM_ONLY,19.2712,,15.6811,3.5901,,22.8944,,0,,12.90,0.92,warning,,,CAMERA_ONLY
0,62.5665,cam_4,CAM_ONLY,19.7753,,15.6811,4.0942,,26.1088,,0,,11.83,0.99,warning,,,CAMERA_ONLY
0,62.6265,cam_4,CAM_ONLY,19.4818,,15.6811,3.8007,,24.2373,,0,,14.43,1.69,warning,,,CAMERA_ONLY
0,62.6911,cam_4,CAM_ONLY,19.6135,,15.6811,3.9324,,25.0772,,0,,11.62,1.18,warning,,,CAMERA_ONLY
0,62.7639,cam_4,CAM_ONLY,19.6797,,15.6811,3.9986,,25.4994,,0,,15.83,1.10,warning,,,CAMERA_ONLY
0,62.8261,cam_4,CAM_ONLY,19.7953,,15.6811,4.1142,,26.2366,,0,,13.45,0.89,warning,,,CAMERA_ONLY
0,62.8996,cam_4,CAM_ONLY,19.5939,,15.6811,3.9128,,24.9522,,0,,21.54,1.92,warning,,,CAMERA_ONLY
0,62.9656,cam_4,CAM_ONLY,19.5470,,15.6811,3.8658,,24.6529,,0,,18.07,1.20,warning,,,CAMERA_ONLY
0,63.0253,cam_4,CAM_ONLY,19.4030,,15.6811,3.7219,,23.7348,,0,,13.33,1.00,warning,,,CAMERA_ONLY
0,63.0943,cam_4,CAM_ONLY,19.3679,,15.6811,3.6868,,23.5108,,0,,16.39,2.25,warning,,,CAMERA_ONLY
0,63.1581,cam_4,CAM_ONLY,19.5384,,15.6811,3.8573,,24.5985,,0,,13.88,0.95,warning,,,CAMERA_ONLY
0,63.2236,cam_4,CAM_ONLY,19.4285,,15.6811,3.7474,,23.8978,,0,,15.66,1.02,warning,,,CAMERA_ONLY
0,63.2820,t1305,BOTH,19.6253,10.6534,15.6811,3.9442,5.0277,25.1528,32.0622,0,0,15.71,1.00,warning,,,FULL_ANGLE
0,63.2820,t1303,LIDAR_ONLY,15.1303,15.1303,15.6811,0.5508,0.5508,3.5127,3.5127,1,1,15.71,1.00,drive,21.84,front,LIDAR_ONLY
0,63.2820,t1303,LIDAR_ONLY,15.7647,15.7647,15.6811,0.0835,0.0835,0.5327,0.5327,1,1,15.71,1.00,drive,17.60,front,LIDAR_ONLY
0,63.2820,t1303,LIDAR_ONLY,15.8156,15.8156,15.6811,0.1345,0.1345,0.8576,0.8576,1,1,15.71,1.00,drive,26.08,front,LIDAR_ONLY
0,63.2820,t1305,LIDAR_ONLY,10.6695,10.6695,15.6811,5.0116,5.0116,31.9597,31.9597,0,0,15.71,1.00,cautious,-3.59,front,LIDAR_ONLY
0,63.2820,t1305,LIDAR_ONLY,10.6813,10.6813,15.6811,4.9998,4.9998,31.8842,31.8842,0,0,15.71,1.00,cautious,4.89,front,LIDAR_ONLY
0,63.3424,cam_4,CAM_ONLY,19.5231,,15.6811,3.8420,,24.5008,,0,,9.13,1.27,warning,,,CAMERA_ONLY
0,63.3424,t1303,LIDAR_ONLY,15.7145,15.7145,15.6811,0.0334,0.0334,0.2128,0.2128,1,1,9.13,1.27,drive,22.50,front,LIDAR_ONLY
0,63.3424,t1303,LIDAR_ONLY,15.0155,15.0155,15.6811,0.6656,0.6656,4.2446,4.2446,1,1,9.13,1.27,drive,26.65,front,LIDAR_ONLY
0,63.3981,cam_4,CAM_ONLY,19.8988,,15.6811,4.2177,,26.8968,,0,,10.76,1.06,warning,,,CAMERA_ONLY
0,63.4626,cam_4,CAM_ONLY,19.7529,,15.6811,4.0718,,25.9662,,0,,15.74,0.88,warning,,,CAMERA_ONLY
0,63.5173,cam_4,CAM_ONLY,19.7039,,15.6811,4.0228,,25.6536,,0,,12.91,1.14,warning,,,CAMERA_ONLY
0,63.5798,cam_4,CAM_ONLY,19.5951,,15.6811,3.9140,,24.9598,,0,,13.05,0.74,warning,,,CAMERA_ONLY
0,63.6473,cam_4,CAM_ONLY,19.5297,,15.6811,3.8486,,24.5427,,0,,16.02,1.11,warning,,,CAMERA_ONLY
0,63.7099,cam_4,CAM_ONLY,19.1755,,15.6811,3.4944,,22.2838,,0,,12.40,0.83,warning,,,CAMERA_ONLY
0,63.7723,cam_4,CAM_ONLY,19.4895,,15.6811,3.8084,,24.2863,,0,,10.63,0.94,warning,,,CAMERA_ONLY
0,63.8341,t1320,BOTH,19.6069,10.6357,15.6811,3.9258,5.0455,25.0349,32.1753,0,0,17.00,1.03,warning,,,FULL_ANGLE
0,63.8341,t1319,LIDAR_ONLY,14.8784,14.8784,15.6811,0.8027,0.8027,5.1187,5.1187,1,1,17.00,1.03,cautious,22.12,front,LIDAR_ONLY
0,63.8341,t1319,LIDAR_ONLY,15.5284,15.5284,15.6811,0.1527,0.1527,0.9736,0.9736,1,1,17.00,1.03,cautious,18.00,front,LIDAR_ONLY
0,63.8341,t1319,LIDAR_ONLY,15.3365,15.3365,15.6811,0.3446,0.3446,2.1977,2.1977,1,1,17.00,1.03,cautious,26.24,front,LIDAR_ONLY
0,63.8341,t1320,LIDAR_ONLY,10.6419,10.6419,15.6811,5.0392,5.0392,32.1354,32.1354,0,0,17.00,1.03,cautious,5.65,front,LIDAR_ONLY
0,63.8942,cam_4,CAM_ONLY,19.4369,,15.6811,3.7557,,23.9507,,0,,17.18,0.96,warning,,,CAMERA_ONLY
0,63.9596,cam_4,CAM_ONLY,19.2861,,15.6811,3.6050,,22.9894,,0,,16.67,2.46,warning,,,CAMERA_ONLY
0,64.0350,t1320,BOTH,19.6251,10.6569,15.6811,3.9439,5.0242,25.1509,32.0401,0,0,14.24,0.86,warning,,,FULL_ANGLE
0,64.0350,t1320,LIDAR_ONLY,10.6511,10.6511,15.6811,5.0301,5.0301,32.0772,32.0772,0,0,14.24,0.86,cautious,-4.26,front,LIDAR_ONLY
0,64.0350,t1320,LIDAR_ONLY,10.6621,10.6621,15.6811,5.0190,5.0190,32.0067,32.0067,0,0,14.24,0.86,cautious,4.23,front,LIDAR_ONLY
0,64.0884,t1320,BOTH,19.6637,10.6740,15.6811,3.9825,5.0071,25.3971,31.9310,0,0,9.90,1.25,warning,,,FULL_ANGLE
0,64.0884,t1325,LIDAR_ONLY,14.5481,14.5481,15.6811,1.1330,1.1330,7.2252,7.2252,0,0,9.90,1.25,cautious,22.50,front,LIDAR_ONLY
0,64.0884,t1325,LIDAR_ONLY,13.1262,13.1262,15.6811,2.5549,2.5549,16.2928,16.2928,0,0,9.90,1.25,cautious,26.68,front,LIDAR_ONLY
0,64.0884,t1320,LIDAR_ONLY,10.6697,10.6697,15.6811,5.0114,5.0114,31.9580,31.9580,0,0,9.90,1.25,cautious,-2.61,front,LIDAR_ONLY
0,64.0884,t1325,LIDAR_ONLY,13.6880,13.6880,15.6811,1.9931,1.9931,12.7104,12.7104,0,0,9.90,1.25,cautious,18.31,front,LIDAR_ONLY
0,64.0884,t1320,LIDAR_ONLY,10.6753,10.6753,15.6811,5.0058,5.0058,31.9223,31.9223,0,0,9.90,1.25,cautious,5.76,front,LIDAR_ONLY
0,64.1403,t1320,BOTH,19.4616,10.6754,15.6811,3.7804,5.0057,24.1083,31.9218,0,0,11.36,1.29,warning,,,FULL_ANGLE
0,64.1403,t1325,LIDAR_ONLY,14.0670,14.0670,15.6811,1.6142,1.6142,10.2937,10.2937,0,0,11.36,1.29,cautious,22.15,front,LIDAR_ONLY
0,64.1403,t1325,LIDAR_ONLY,14.1493,14.1493,15.6811,1.5319,1.5319,9.7688,9.7688,0,0,11.36,1.29,cautious,26.31,front,LIDAR_ONLY
0,64.1403,t1320,LIDAR_ONLY,10.6439,10.6439,15.6811,5.0372,5.0372,32.1228,32.1228,0,0,11.36,1.29,cautious,5.54,front,LIDAR_ONLY
0,64.2011,cam_4,CAM_ONLY,19.8046,,15.6811,4.1234,,26.2956,,0,,12.55,1.33,warning,,,CAMERA_ONLY
0,64.2586,cam_4,CAM_ONLY,19.9711,,15.6811,4.2900,,27.3576,,0,,13.95,1.03,warning,,,CAMERA_ONLY
0,64.3182,cam_4,CAM_ONLY,19.6667,,15.6811,3.9856,,25.4165,,0,,12.43,0.99,warning,,,CAMERA_ONLY
0,64.3730,cam_4,CAM_ONLY,19.8947,,15.6811,4.2136,,26.8702,,0,,10.59,1.14,warning,,,CAMERA_ONLY
0,64.4299,t1336,BOTH,19.3855,10.6667,15.6811,3.7044,5.0144,23.6231,31.9774,0,0,11.29,1.14,warning,,,FULL_ANGLE
0,64.4299,t1336,LIDAR_ONLY,10.7481,10.7481,15.6811,4.9330,4.9330,31.4581,31.4581,0,0,11.29,1.14,cautious,-2.81,front,LIDAR_ONLY
0,64.4299,t1336,LIDAR_ONLY,10.6769,10.6769,15.6811,5.0042,5.0042,31.9121,31.9121,0,0,11.29,1.14,cautious,5.23,front,LIDAR_ONLY
0,64.4885,cam_4,CAM_ONLY,19.4202,,15.6811,3.7391,,23.8448,,0,,11.14,1.19,warning,,,CAMERA_ONLY
0,64.4885,t1340,LIDAR_ONLY,14.3011,14.3011,15.6811,1.3801,1.3801,8.8008,8.8008,0,0,11.14,1.19,cautious,22.80,front,LIDAR_ONLY
0,64.4885,t1340,LIDAR_ONLY,14.8843,14.8843,15.6811,0.7968,0.7968,5.0814,5.0814,1,1,11.14,1.19,cautious,18.61,front,LIDAR_ONLY
0,64.4885,t1340,LIDAR_ONLY,14.2203,14.2203,15.6811,1.4608,1.4608,9.3155,9.3155,0,0,11.14,1.19,cautious,26.98,front,LIDAR_ONLY
0,64.5480,cam_4,CAM_ONLY,19.7355,,15.6811,4.0544,,25.8553,,0,,13.21,1.00,warning,,,CAMERA_ONLY
0,64.6060,cam_4,CAM_ONLY,19.9110,,15.6811,4.2299,,26.9746,,0,,16.39,1.25,warning,,,CAMERA_ONLY
0,64.6740,cam_4,CAM_ONLY,19.3995,,15.6811,3.7183,,23.7123,,0,,13.70,2.05,warning,,,CAMERA_ONLY
0,64.7290,t1347,BOTH,19.2670,10.6060,15.6811,3.5859,5.0752,22.8675,32.3648,0,0,9.32,0.80,warning,,,FULL_ANGLE
0,64.7290,t1347,BOTH,22.0175,10.6060,15.6811,6.3364,5.0752,40.4076,32.3648,0,0,9.32,0.80,safe,,,FULL_ANGLE
0,64.7976,cam_4,CAM_ONLY,19.2069,,15.6811,3.5258,,22.4844,,0,,17.79,1.32,warning,,,CAMERA_ONLY
0,64.8556,cam_4,CAM_ONLY,19.2753,,15.6811,3.5942,,22.9205,,0,,12.29,1.12,warning,,,CAMERA_ONLY
0,64.8556,cam_4,CAM_ONLY,20.9910,,15.6811,5.3099,,33.8617,,0,,12.29,1.12,safe,,,CAMERA_ONLY
0,64.9089,cam_4,CAM_ONLY,19.4356,,15.6811,3.7544,,23.9424,,0,,9.30,0.90,warning,,,CAMERA_ONLY
0,64.9687,cam_4,CAM_ONLY,19.5134,,15.6811,3.8323,,24.4389,,0,,11.94,1.07,warning,,,CAMERA_ONLY
0,65.0277,cam_4,CAM_ONLY,19.4402,,15.6811,3.7591,,23.9721,,0,,12.49,1.59,warning,,,CAMERA_ONLY
0,65.0850,t1359,BOTH,19.2888,10.6379,15.6811,3.6077,5.0432,23.0066,32.1611,0,0,12.50,1.18,warning,,,FULL_ANGLE
0,65.0850,t1358,LIDAR_ONLY,17.2310,17.2310,15.6811,1.5498,1.5498,9.8835,9.8835,0,0,12.50,1.18,drive,20.03,front,LIDAR_ONLY
0,65.0850,t1358,LIDAR_ONLY,14.5779,14.5779,15.6811,1.1032,1.1032,7.0351,7.0351,0,0,12.50,1.18,cautious,24.17,front,LIDAR_ONLY
0,65.0850,t1358,LIDAR_ONLY,13.4388,13.4388,15.6811,2.2423,2.2423,14.2995,14.2995,0,0,12.50,1.18,cautious,28.30,front,LIDAR_ONLY
0,65.0850,t1359,LIDAR_ONLY,10.6842,10.6842,15.6811,4.9970,4.9970,31.8661,31.8661,0,0,12.50,1.18,cautious,-0.64,front,LIDAR_ONLY
0,65.1439,cam_4,CAM_ONLY,19.2842,,15.6811,3.6031,,22.9775,,0,,9.92,1.05,warning,,,CAMERA_ONLY
0,65.2022,cam_4,CAM_ONLY,19.3163,,15.6811,3.6352,,23.1821,,0,,12.41,1.22,warning,,,CAMERA_ONLY
0,65.2750,cam_4,CAM_ONLY,19.8873,,15.6811,4.2062,,26.8233,,0,,13.32,1.05,warning,,,CAMERA_ONLY
0,65.3332,t1369,BOTH,19.8279,10.6850,15.6811,4.1468,4.9961,26.4446,31.8605,0,0,13.24,1.26,warning,,,FULL_ANGLE
0,65.3332,t1367,LIDAR_ONLY,12.5192,12.5192,15.6811,3.1619,3.1619,20.1638,20.1638,0,0,13.24,1.26,cautious,25.30,front,LIDAR_ONLY
0,65.3332,t1367,LIDAR_ONLY,11.0225,11.0225,15.6811,4.6586,4.6586,29.7085,29.7085,0,0,13.24,1.26,cautious,29.30,front,LIDAR_ONLY
0,65.3332,t1368,LIDAR_ONLY,22.1802,22.1802,15.6811,6.4990,6.4990,41.4450,41.4450,0,0,13.24,1.26,drive,17.31,front,LIDAR_ONLY
0,65.3332,t1368,LIDAR_ONLY,17.8100,17.8100,15.6811,2.1289,2.1289,13.5764,13.5764,0,0,13.24,1.26,drive,21.30,front,LIDAR_ONLY
0,65.3332,t1369,LIDAR_ONLY,10.7435,10.7435,15.6811,4.9376,4.9376,31.4876,31.4876,0,0,13.24,1.26,cautious,-2.67,front,LIDAR_ONLY
0,65.3332,t1369,LIDAR_ONLY,10.6524,10.6524,15.6811,5.0287,5.0287,32.0685,32.0685,0,0,13.24,1.26,cautious,5.32,front,LIDAR_ONLY
0,65.4044,cam_4,CAM_ONLY,19.6851,,15.6811,4.0040,,25.5340,,0,,20.90,1.02,warning,,,CAMERA_ONLY
0,65.4765,cam_4,CAM_ONLY,19.9985,,15.6811,4.3174,,27.5322,,0,,9.17,1.16,warning,,,CAMERA_ONLY
0,65.5409,cam_4,CAM_ONLY,19.7351,,15.6811,4.0539,,25.8524,,0,,16.05,1.17,warning,,,CAMERA_ONLY
0,65.5409,t1367,LIDAR_ONLY,10.9451,10.9451,15.6811,4.7360,4.7360,30.2018,30.2018,0,0,16.05,1.17,cautious,28.77,front,LIDAR_ONLY
0,65.5409,t1368,LIDAR_ONLY,16.3020,16.3020,15.6811,0.6209,0.6209,3.9596,3.9596,1,1,16.05,1.17,drive,24.63,front,LIDAR_ONLY
0,65.5409,t1368,LIDAR_ONLY,16.3225,16.3225,15.6811,0.6414,0.6414,4.0904,4.0904,1,1,16.05,1.17,drive,20.50,front,LIDAR_ONLY
0,65.6017,cam_4,CAM_ONLY,19.6051,,15.6811,3.9240,,25.0235,,0,,15.67,1.15,warning,,,CAMERA_ONLY
0,65.6723,cam_4,CAM_ONLY,19.6802,,15.6811,3.9991,,25.5025,,0,,16.07,1.06,warning,,,CAMERA_ONLY
0,65.7362,t1377,BOTH,19.4451,10.6233,15.6811,3.7640,5.0578,24.0036,32.2539,0,0,13.97,1.25,warning,,,FULL_ANGLE
0,65.7362,t1367,LIDAR_ONLY,10.9700,10.9700,15.6811,4.7111,4.7111,30.0435,30.0435,0,0,13.97,1.25,cautious,27.38,front,LIDAR_ONLY
0,65.7362,t1368,LIDAR_ONLY,15.6723,15.6723,15.6811,0.0088,0.0088,0.0561,0.0561,1,1,13.97,1.25,drive,23.19,front,LIDAR_ONLY
0,65.7362,t1377,LIDAR_ONLY,10.6355,10.6355,15.6811,5.0456,5.0456,32.1763,32.1763,0,0,13.97,1.25,cautious,6.43,front,LIDAR_ONLY
0,65.7987,cam_4,CAM_ONLY,19.6280,,15.6811,3.9469,,25.1695,,0,,18.87,1.23,warning,,,CAMERA_ONLY
0,65.8658,cam_4,CAM_ONLY,19.4966,,15.6811,3.8155,,24.3315,,0,,12.26,0.93,warning,,,CAMERA_ONLY
0,65.9265,cam_4,CAM_ONLY,19.6826,,15.6811,4.0015,,25.5178,,0,,12.86,0.79,warning,,,CAMERA_ONLY
0,65.9888,cam_4,CAM_ONLY,19.8117,,15.6811,4.1306,,26.3409,,0,,14.65,1.01,warning,,,CAMERA_ONLY
0,66.0466,cam_4,CAM_ONLY,19.6149,,15.6811,3.9338,,25.0861,,0,,13.25,1.10,warning,,,CAMERA_ONLY
0,66.1138,cam_4,CAM_ONLY,19.6304,,15.6811,3.9493,,25.1852,,0,,20.24,1.13,warning,,,CAMERA_ONLY
0,66.1138,cam_4,CAM_ONLY,59.7281,,15.6811,44.0470,,280.8919,,0,,20.24,1.13,safe,,,CAMERA_ONLY
0,66.1720,cam_4,CAM_ONLY,19.5288,,15.6811,3.8477,,24.5371,,0,,15.32,1.05,warning,,,CAMERA_ONLY
0,66.1720,cam_4,CAM_ONLY,59.5501,,15.6811,43.8690,,279.7571,,0,,15.32,1.05,safe,,,CAMERA_ONLY
0,66.2354,cam_4,CAM_ONLY,19.4121,,15.6811,3.7310,,23.7930,,0,,15.23,1.19,warning,,,CAMERA_ONLY
0,66.2354,cam_4,CAM_ONLY,59.6963,,15.6811,44.0152,,280.6893,,0,,15.23,1.19,safe,,,CAMERA_ONLY
0,66.2354,t1393,LIDAR_ONLY,10.4013,10.4013,15.6811,5.2798,5.2798,33.6699,33.6699,0,0,15.23,1.19,cautious,29.50,front,LIDAR_ONLY
0,66.2889,cam_4,CAM_ONLY,19.4972,,15.6811,3.8160,,24.3353,,0,,14.08,0.99,warning,,,CAMERA_ONLY
0,66.3472,cam_4,CAM_ONLY,19.6604,,15.6811,3.9793,,25.3763,,0,,11.16,2.06,warning,,,CAMERA_ONLY
0,66.4232,cam_4,CAM_ONLY,19.5867,,15.6811,3.9056,,24.9066,,0,,17.33,0.99,warning,,,CAMERA_ONLY
0,66.4857,t1401,BOTH,19.7066,10.6941,15.6811,4.0254,4.9870,25.6706,31.8029,0,0,13.16,1.11,warning,,,FULL_ANGLE
0,66.4857,t1401,BOTH,60.2904,10.6610,15.6811,44.6093,5.0201,284.4779,32.0135,0,0,13.16,1.11,safe,,,FULL_ANGLE
0,66.4857,t1400,LIDAR_ONLY,14.0121,14.0121,15.6811,1.6690,1.6690,10.6432,10.6432,0,0,13.16,1.11,cautious,23.16,front,LIDAR_ONLY
0,66.4857,t1400,LIDAR_ONLY,12.9408,12.9408,15.6811,2.7403,2.7403,17.4755,17.4755,0,0,13.16,1.11,cautious,27.19,front,LIDAR_ONLY
0,66.5505,cam_4,CAM_ONLY,19.8532,,15.6811,4.1721,,26.6059,,0,,16.04,1.07,warning,,,CAMERA_ONLY
0,66.6102,cam_4,CAM_ONLY,19.6578,,15.6811,3.9767,,25.3597,,0,,13.43,0.98,warning,,,CAMERA_ONLY
0,66.6708,cam_4,CAM_ONLY,19.4388,,15.6811,3.7577,,23.9629,,0,,20.08,1.06,warning,,,CAMERA_ONLY
0,66.6708,cam_4,CAM_ONLY,60.0183,,15.6811,44.3372,,282.7425,,0,,20.08,1.06,safe,,,CAMERA_ONLY
0,66.7324,t1408,BOTH,19.4644,10.6064,15.6811,3.7833,5.0747,24.1266,32.3617,0,0,15.54,1.03,warning,,,FULL_ANGLE
0,66.7324,t1405,LIDAR_ONLY,13.0036,13.0036,15.6811,2.6775,2.6775,17.0747,17.0747,0,0,15.54,1.03,cautious,24.55,front,LIDAR_ONLY
0,66.7324,t1405,LIDAR_ONLY,11.6854,11.6854,15.6811,3.9957,3.9957,25.4808,25.4808,0,0,15.54,1.03,cautious,28.77,front,LIDAR_ONLY
0,66.7324,t1407,LIDAR_ONLY,25.4934,25.4934,15.6811,9.8123,9.8123,62.5740,62.5740,0,0,15.54,1.03,drive,16.09,front,LIDAR_ONLY
0,66.7324,t1407,LIDAR_ONLY,20.0657,20.0657,15.6811,4.3846,4.3846,27.9608,27.9608,0,0,15.54,1.03,drive,20.32,front,LIDAR_ONLY
0,66.7324,t1408,LIDAR_ONLY,10.6149,10.6149,15.6811,5.0662,5.0662,32.3079,32.3079,0,0,15.54,1.03,cautious,-0.81,front,LIDAR_ONLY
0,66.8035,cam_4,CAM_ONLY,19.5108,,15.6811,3.8297,,24.4223,,0,,18.95,1.46,warning,,,CAMERA_ONLY
0,66.8663,cam_4,CAM_ONLY,19.4871,,15.6811,3.8060,,24.2714,,0,,11.79,1.06,warning,,,CAMERA_ONLY
0,66.9320,t1408,BOTH,19.5232,10.6518,15.6811,3.8421,5.0293,24.5013,32.0722,0,0,15.07,0.86,warning,,,FULL_ANGLE
0,66.9320,t1408,LIDAR_ONLY,10.6377,10.6377,15.6811,5.0435,5.0435,32.1627,32.1627,0,0,15.07,0.86,cautious,-4.33,front,LIDAR_ONLY
0,66.9898,cam_4,CAM_ONLY,19.9091,,15.6811,4.2280,,26.9623,,0,,15.20,1.03,warning,,,CAMERA_ONLY
0,67.0492,cam_4,CAM_ONLY,19.7233,,15.6811,4.0422,,25.7775,,0,,15.87,1.22,warning,,,CAMERA_ONLY
0,67.1132,cam_4,CAM_ONLY,19.6417,,15.6811,3.9606,,25.2568,,0,,20.01,0.98,warning,,,CAMERA_ONLY
0,67.1714,cam_4,CAM_ONLY,19.5361,,15.6811,3.8550,,24.5835,,0,,9.05,0.93,warning,,,CAMERA_ONLY
0,67.2319,t1422,BOTH,19.5924,10.7229,15.6811,3.9113,4.9582,24.9427,31.6190,0,0,13.02,0.98,warning,,,FULL_ANGLE
0,67.2319,t1420,LIDAR_ONLY,13.2715,13.2715,15.6811,2.4096,2.4096,15.3664,15.3664,0,0,13.02,0.98,cautious,24.16,front,LIDAR_ONLY
0,67.2319,t1420,LIDAR_ONLY,13.9233,13.9233,15.6811,1.7578,1.7578,11.2095,11.2095,0,0,13.02,0.98,cautious,20.13,front,LIDAR_ONLY
0,67.2319,t1420,LIDAR_ONLY,13.1873,13.1873,15.6811,2.4938,2.4938,15.9030,15.9030,0,0,13.02,0.98,cautious,28.18,front,LIDAR_ONLY
0,67.2319,t1422,LIDAR_ONLY,10.7911,10.7911,15.6811,4.8900,4.8900,31.1842,31.1842,0,0,13.02,0.98,cautious,-4.02,front,LIDAR_ONLY
0,67.2918,cam_4,CAM_ONLY,19.6386,,15.6811,3.9575,,25.2375,,0,,9.88,1.11,warning,,,CAMERA_ONLY
0,67.3559,cam_4,CAM_ONLY,19.5644,,15.6811,3.8833,,24.7642,,0,,14.62,1.24,warning,,,CAMERA_ONLY
0,67.4137,cam_4,CAM_ONLY,20.0300,,15.6811,4.3489,,27.7334,,0,,11.59,2.29,safe,,,CAMERA_ONLY
0,67.4849,t1434,BOTH,19.8519,10.6505,15.6821,4.1699,5.0316,26.5900,32.0850,0,0,20.84,1.29,warning,,,FULL_ANGLE
0,67.4849,t1433,LIDAR_ONLY,14.9181,14.9181,15.6821,0.7640,0.7640,4.8718,4.8718,1,1,20.84,1.29,cautious,22.08,front,LIDAR_ONLY
0,67.4849,t1433,LIDAR_ONLY,12.9104,12.9104,15.6821,2.7717,2.7717,17.6743,17.6743,0,0,20.84,1.29,cautious,26.32,front,LIDAR_ONLY
0,67.4849,t1433,LIDAR_ONLY,13.5136,13.5136,15.6821,2.1684,2.1684,13.8274,13.8274,0,0,20.84,1.29,cautious,17.83,front,LIDAR_ONLY
0,67.4849,t1434,LIDAR_ONLY,10.6214,10.6214,15.6821,5.0607,5.0607,32.2706,32.2706,0,0,20.84,1.29,cautious,5.08,front,LIDAR_ONLY
0,67.5458,cam_4,CAM_ONLY,20.0041,,15.6830,4.3211,,27.5526,,0,,13.18,1.02,safe,,,CAMERA_ONLY
0,67.6079,cam_4,CAM_ONLY,19.6650,,15.6818,3.9832,,25.4004,,0,,14.55,0.98,warning,,,CAMERA_ONLY
0,67.6681,cam_4,CAM_ONLY,19.7014,,15.6817,4.0197,,25.6330,,0,,12.15,1.11,warning,,,CAMERA_ONLY
0,67.7413,t1444,BOTH,19.5164,25.1227,15.6817,3.8346,9.4410,24.4530,60.2038,0,0,16.18,1.29,warning,,,FULL_ANGLE
0,67.7413,t1443,LIDAR_ONLY,13.1211,13.1211,15.6817,2.5606,2.5606,16.3288,16.3288,0,0,16.18,1.29,cautious,24.37,front,LIDAR_ONLY
0,67.7413,t1443,LIDAR_ONLY,11.6667,11.6667,15.6817,4.0150,4.0150,25.6032,25.6032,0,0,16.18,1.29,cautious,28.45,front,LIDAR_ONLY
0,67.7413,t1444,LIDAR_ONLY,21.5723,21.5723,15.6817,5.8906,5.8906,37.5635,37.5635,0,0,16.18,1.29,drive,20.29,front,LIDAR_ONLY
0,67.8039,cam_4,CAM_ONLY,19.4980,,15.6817,3.8163,,24.3359,,0,,15.48,1.19,warning,,,CAMERA_ONLY
0,67.8613,cam_4,CAM_ONLY,19.5398,,15.6817,3.8580,,24.6021,,0,,11.07,0.93,warning,,,CAMERA_ONLY
0,67.9248,cam_4,CAM_ONLY,19.6036,,15.6817,3.9218,,25.0090,,0,,15.71,0.81,warning,,,CAMERA_ONLY
0,67.9863,cam_4,CAM_ONLY,19.8213,,15.6817,4.1396,,26.3974,,0,,17.95,1.22,warning,,,CAMERA_ONLY
0,67.9863,t1452,LIDAR_ONLY,14.7483,14.7483,15.6817,0.9335,0.9335,5.9525,5.9525,1,1,17.95,1.22,cautious,22.27,front,LIDAR_ONLY
0,67.9863,t1452,LIDAR_ONLY,12.7848,12.7848,15.6817,2.8970,2.8970,18.4736,18.4736,0,0,17.95,1.22,cautious,26.51,front,LIDAR_ONLY
0,67.9863,t1452,LIDAR_ONLY,13.3669,13.3669,15.6817,2.3149,2.3149,14.7615,14.7615,0,0,17.95,1.22,cautious,18.02,front,LIDAR_ONLY
0,68.0571,cam_4,CAM_ONLY,19.7988,,15.6817,4.1171,,26.2542,,0,,20.26,1.79,warning,,,CAMERA_ONLY
0,68.1233,cam_4,CAM_ONLY,19.8537,,15.6817,4.1720,,26.6043,,0,,17.93,0.90,warning,,,CAMERA_ONLY
0,68.1787,cam_4,CAM_ONLY,20.0977,,15.6817,4.4159,,28.1597,,0,,11.13,0.73,safe,,,CAMERA_ONLY
0,68.2584,cam_4,CAM_ONLY,19.8193,,15.6828,4.1365,,26.3764,,0,,19.95,1.22,warning,,,CAMERA_ONLY
0,68.3132,cam_4,CAM_ONLY,19.6834,,15.6829,4.0005,,25.5089,,0,,10.16,1.04,warning,,,CAMERA_ONLY
0,68.3675,cam_4,CAM_ONLY,19.5381,,15.6829,3.8553,,24.5826,,0,,12.62,1.01,warning,,,CAMERA_ONLY
0,68.4222,cam_4,CAM_ONLY,19.6012,,15.6829,3.9183,,24.9849,,0,,12.54,0.93,warning,,,CAMERA_ONLY
0,68.4786,t1463,BOTH,19.8255,10.7072,15.6829,4.1427,4.9756,26.4152,31.7266,0,0,11.15,0.87,warning,,,FULL_ANGLE
0,68.4786,t1463,LIDAR_ONLY,10.7765,10.7765,15.6829,4.9064,4.9064,31.2850,31.2850,0,0,11.15,0.87,cautious,-3.57,front,LIDAR_ONLY
0,68.4786,t1463,LIDAR_ONLY,10.7239,10.7239,15.6829,4.9590,4.9590,31.6204,31.6204,0,0,11.15,0.87,cautious,4.66,front,LIDAR_ONLY
0,68.5432,cam_4,CAM_ONLY,19.7546,,15.6829,4.0717,,25.9628,,0,,16.73,1.09,warning,,,CAMERA_ONLY
0,68.6029,cam_4,CAM_ONLY,19.7770,,15.6829,4.0942,,26.1061,,0,,15.29,1.24,warning,,,CAMERA_ONLY
0,68.6741,cam_4,CAM_ONLY,19.6945,,15.6829,4.0116,,25.5797,,0,,17.18,1.03,warning,,,CAMERA_ONLY
0,68.7312,t1472,BOTH,19.5432,10.6660,15.6829,3.8604,5.0168,24.6153,31.9892,0,0,11.38,1.27,warning,,,FULL_ANGLE
0,68.7312,t1471,LIDAR_ONLY,11.0004,11.0004,15.6829,4.6825,4.6825,29.8575,29.8575,0,0,11.38,1.27,cautious,28.12,front,LIDAR_ONLY
0,68.7312,t1471,LIDAR_ONLY,11.2046,11.2046,15.6829,4.4782,4.4782,28.5549,28.5549,0,0,11.38,1.27,cautious,24.13,front,LIDAR_ONLY
0,68.7312,t1471,LIDAR_ONLY,12.2755,12.2755,15.6829,3.4073,3.4073,21.7266,21.7266,0,0,11.38,1.27,cautious,16.14,front,LIDAR_ONLY
0,68.7312,t1472,LIDAR_ONLY,10.6821,10.6821,15.6829,5.0008,5.0008,31.8871,31.8871,0,0,11.38,1.27,cautious,-3.83,front,LIDAR_ONLY
0,68.7312,t1472,LIDAR_ONLY,10.6666,10.6666,15.6829,5.0163,5.0163,31.9858,31.9858,0,0,11.38,1.27,cautious,4.16,front,LIDAR_ONLY
0,68.7931,cam_4,CAM_ONLY,19.4620,,15.6829,3.7792,,24.0974,,0,,13.09,1.15,warning,,,CAMERA_ONLY
0,68.8592,cam_4,CAM_ONLY,19.5502,,15.6829,3.8674,,24.6598,,0,,9.39,0.88,warning,,,CAMERA_ONLY
0,68.9174,cam_4,CAM_ONLY,19.4968,,15.6829,3.8139,,24.3189,,0,,10.39,1.12,warning,,,CAMERA_ONLY
0,68.9971,cam_4,CAM_ONLY,19.4050,,15.6829,3.7222,,23.7340,,0,,20.26,1.51,warning,,,CAMERA_ONLY
0,69.0483,cam_4,CAM_ONLY,19.4750,,15.6829,3.7921,,24.1801,,0,,10.79,1.22,warning,,,CAMERA_ONLY
0,69.1205,cam_4,CAM_ONLY,19.5050,,15.6829,3.8222,,24.3717,,0,,18.85,1.04,warning,,,CAMERA_ONLY
0,69.1793,t1479,BOTH,19.8055,10.6977,15.6829,4.1227,4.9852,26.2878,31.7873,0,0,14.63,1.57,warning,,,FULL_ANGLE
0,69.1793,t1479,LIDAR_ONLY,10.7797,10.7797,15.6829,4.9032,4.9032,31.2645,31.2645,0,0,14.63,1.57,cautious,-3.66,front,LIDAR_ONLY
0,69.1793,t1479,LIDAR_ONLY,10.6460,10.6460,15.6829,5.0369,5.0369,32.1172,32.1172,0,0,14.63,1.57,cautious,4.61,front,LIDAR_ONLY
0,69.2492,cam_4,CAM_ONLY,19.6218,,15.6829,3.9389,,25.1159,,0,,13.18,1.29,warning,,,CAMERA_ONLY
0,69.3291,t1479,BOTH,19.5230,10.6508,15.6829,3.8402,5.0321,24.4864,32.0865,0,0,10.86,0.84,warning,,,FULL_ANGLE
0,69.3291,t1479,LIDAR_ONLY,10.6478,10.6478,15.6829,5.0350,5.0350,32.1053,32.1053,0,0,10.86,0.84,cautious,6.49,front,LIDAR_ONLY
0,69.4029,cam_4,CAM_ONLY,19.6078,,15.6829,3.9249,,25.0267,,0,,19.13,1.21,warning,,,CAMERA_ONLY
0,69.4621,cam_4,CAM_ONLY,19.5123,,15.6829,3.8294,,24.4177,,0,,12.56,1.01,warning,,,CAMERA_ONLY
0,69.5208,cam_4,CAM_ONLY,19.9603,,15.6829,4.2774,,27.2747,,0,,10.66,1.23,warning,,,CAMERA_ONLY
0,69.5852,t1488,BOTH,19.6474,10.5946,15.6829,3.9645,5.0883,25.2794,32.4447,0,0,16.61,1.04,warning,,,FULL_ANGLE
0,69.5852,t1487,LIDAR_ONLY,13.8716,13.8716,15.6829,1.8113,1.8113,11.5493,11.5493,0,0,16.61,1.04,cautious,23.34,front,LIDAR_ONLY
0,69.5852,t1487,LIDAR_ONLY,14.4126,14.4126,15.6829,1.2702,1.2702,8.0996,8.0996,0,0,16.61,1.04,cautious,19.26,front,LIDAR_ONLY
0,69.5852,t1488,LIDAR_ONLY,10.5843,10.5843,15.6829,5.0986,5.0986,32.5104,32.5104,0,0,16.61,1.04,cautious,7.00,front,LIDAR_ONLY
0,69.5852,t1488,LIDAR_ONLY,10.5897,10.5897,15.6829,5.0932,5.0932,32.4760,32.4760,0,0,16.61,1.04,cautious,-1.16,front,LIDAR_ONLY
0,69.6493,cam_4,CAM_ONLY,19.5665,,15.6829,3.8837,,24.7638,,0,,19.63,1.20,warning,,,CAMERA_ONLY
0,69.7132,cam_4,CAM_ONLY,19.5523,,15.6829,3.8695,,24.6732,,0,,17.66,0.76,warning,,,CAMERA_ONLY
0,69.7638,cam_4,CAM_ONLY,19.4797,,15.6829,3.7968,,24.2101,,0,,9.54,0.89,warning,,,CAMERA_ONLY
0,69.8245,cam_4,CAM_ONLY,19.4258,,15.6829,3.7430,,23.8667,,0,,13.36,0.85,warning,,,CAMERA_ONLY
0,69.9056,cam_4,CAM_ONLY,19.6801,,15.6829,3.9972,,25.4877,,0,,25.31,1.44,warning,,,CAMERA_ONLY
0,69.9830,t1497,BOTH,19.4730,10.7028,15.6829,3.7902,4.9801,24.1676,31.7550,0,0,16.01,1.11,warning,,,FULL_ANGLE
0,69.9830,t1494,LIDAR_ONLY,10.2922,10.2922,15.6829,5.3907,5.3907,34.3733,34.3733,0,0,16.01,1.11,cautious,29.77,front,LIDAR_ONLY
0,69.9830,t1496,LIDAR_ONLY,22.1574,22.1574,15.6829,6.4746,6.4746,41.2843,41.2843,0,0,16.01,1.11,drive,17.32,front,LIDAR_ONLY
0,69.9830,t1494,LIDAR_ONLY,10.5613,10.5613,15.6829,5.1216,5.1216,32.6572,32.6572,0,0,16.01,1.11,cautious,25.62,front,LIDAR_ONLY
0,69.9830,t1496,LIDAR_ONLY,17.9736,17.9736,15.6829,2.2907,2.2907,14.6065,14.6065,0,0,16.01,1.11,drive,21.47,front,LIDAR_ONLY
0,69.9830,t1497,LIDAR_ONLY,10.7711,10.7711,15.6829,4.9117,4.9117,31.3191,31.3191,0,0,16.01,1.11,cautious,-3.42,front,LIDAR_ONLY
0,69.9830,t1497,LIDAR_ONLY,10.7228,10.7228,15.6829,4.9601,4.9601,31.6274,31.6274,0,0,16.01,1.11,cautious,4.88,front,LIDAR_ONLY
0,70.0549,cam_4,CAM_ONLY,19.5634,,15.6829,3.8805,,24.7437,,0,,13.20,1.17,warning,,,CAMERA_ONLY
0,70.1169,cam_4,CAM_ONLY,19.4646,,15.6829,3.7818,,24.1139,,0,,16.80,1.05,warning,,,CAMERA_ONLY
0,70.1820,t1497,BOTH,19.5154,10.6746,15.6829,3.8325,5.0082,24.4378,31.9344,0,0,12.64,0.90,warning,,,FULL_ANGLE
0,70.1820,t1496,LIDAR_ONLY,16.2406,16.2406,15.6829,0.5577,0.5577,3.5561,3.5561,1,1,12.64,0.90,drive,23.24,front,LIDAR_ONLY
0,70.1820,t1497,LIDAR_ONLY,10.6836,10.6836,15.6829,4.9992,4.9992,31.8771,31.8771,0,0,12.64,0.90,cautious,6.78,front,LIDAR_ONLY
0,70.2409,cam_4,CAM_ONLY,19.7292,,15.6829,4.0463,,25.8010,,0,,14.18,1.10,warning,,,CAMERA_ONLY
0,70.2986,cam_4,CAM_ONLY,19.8879,,15.6829,4.2051,,26.8133,,0,,11.92,1.29,warning,,,CAMERA_ONLY
0,70.3606,cam_4,CAM_ONLY,19.7605,,15.6829,4.0776,,26.0006,,0,,14.73,0.82,warning,,,CAMERA_ONLY
0,70.4244,cam_4,CAM_ONLY,19.7676,,15.6829,4.0848,,26.0461,,0,,11.83,0.87,warning,,,CAMERA_ONLY
0,70.4978,cam_4,CAM_ONLY,19.7579,,15.6829,4.0751,,25.9843,,0,,22.31,1.92,warning,,,CAMERA_ONLY
0,70.5586,cam_4,CAM_ONLY,19.6660,,15.6829,3.9831,,25.3981,,0,,12.98,0.95,warning,,,CAMERA_ONLY
0,70.6214,cam_4,CAM_ONLY,19.6566,,15.6829,3.9738,,25.3382,,0,,13.59,0.80,warning,,,CAMERA_ONLY
0,70.6781,t1513,BOTH,19.3831,10.6070,15.6829,3.7002,5.0759,23.5939,32.3657,0,0,13.25,0.91,warning,,,FULL_ANGLE
0,70.6781,t1512,LIDAR_ONLY,21.4424,21.4424,15.6829,5.7595,5.7595,36.7250,36.7250,0,0,13.25,0.91,drive,17.63,front,LIDAR_ONLY
0,70.6781,t1513,LIDAR_ONLY,10.5890,10.5890,15.6829,5.0938,5.0938,32.4803,32.4803,0,0,13.25,0.91,cautious,5.54,front,LIDAR_ONLY
0,70.6781,t1513,LIDAR_ONLY,10.5987,10.5987,15.6829,5.0842,5.0842,32.4188,32.4188,0,0,13.25,0.91,cautious,-2.53,front,LIDAR_ONLY
0,70.7348,t1513,BOTH,19.5604,10.6081,15.6829,3.8775,5.0748,24.7244,32.3586,0,0,11.36,1.07,warning,,,FULL_ANGLE
0,70.7348,t1512,LIDAR_ONLY,16.9289,16.9289,15.6829,1.2461,1.2461,7.9454,7.9454,0,0,11.36,1.07,drive,22.71,front,LIDAR_ONLY
0,70.7348,t1512,LIDAR_ONLY,15.0542,15.0542,15.6829,0.6286,0.6286,4.0085,4.0085,1,1,11.36,1.07,drive,26.78,front,LIDAR_ONLY
0,70.7348,t1512,LIDAR_ONLY,15.3537,15.3537,15.6829,0.3292,0.3292,2.0989,2.0989,1,1,11.36,1.07,drive,18.63,front,LIDAR_ONLY
0,70.8006,cam_4,CAM_ONLY,19.7704,,15.6829,4.0875,,26.0635,,0,,17.52,1.26,warning,,,CAMERA_ONLY
0,70.8590,cam_4,CAM_ONLY,19.9756,,15.6829,4.2928,,27.3724,,0,,14.79,0.75,warning,,,CAMERA_ONLY
0,70.9186,cam_4,CAM_ONLY,19.6878,,15.6829,4.0050,,25.5373,,0,,13.56,1.08,warning,,,CAMERA_ONLY
0,70.9742,cam_4,CAM_ONLY,19.4058,,15.6829,3.7229,,23.7389,,0,,9.17,1.04,warning,,,CAMERA_ONLY
0,71.0328,t1523,BOTH,19.3528,10.6810,15.6829,3.6700,5.0018,23.4012,31.8937,0,0,13.40,1.17,warning,,,FULL_ANGLE
0,71.0328,t1522,LIDAR_ONLY,14.7254,14.7254,15.6829,0.9574,0.9574,6.1049,6.1049,1,1,13.40,1.17,cautious,22.29,front,LIDAR_ONLY
0,71.0328,t1522,LIDAR_ONLY,12.8948,12.8948,15.6829,2.7881,2.7881,17.7777,17.7777,0,0,13.40,1.17,cautious,26.43,front,LIDAR_ONLY
0,71.0328,t1523,LIDAR_ONLY,10.7402,10.7402,15.6829,4.9427,4.9427,31.5163,31.5163,0,0,13.40,1.17,cautious,-2.51,front,LIDAR_ONLY
0,71.0328,t1523,LIDAR_ONLY,10.6840,10.6840,15.6829,4.9989,4.9989,31.8749,31.8749,0,0,13.40,1.17,cautious,5.76,front,LIDAR_ONLY
0,71.0933,cam_4,CAM_ONLY,19.5020,,15.6829,3.8192,,24.3525,,0,,14.00,1.03,warning,,,CAMERA_ONLY
0,71.1525,cam_4,CAM_ONLY,19.7898,,15.6829,4.1069,,26.1872,,0,,12.79,1.27,warning,,,CAMERA_ONLY
0,71.2236,cam_4,CAM_ONLY,19.9909,,15.6829,4.3081,,27.4699,,0,,18.40,1.05,warning,,,CAMERA_ONLY
0,71.2804,t1529,BOTH,19.7779,10.7173,15.6829,4.0950,4.9655,26.1115,31.6621,0,0,11.53,0.87,warning,,,FULL_ANGLE
0,71.2804,t1529,LIDAR_ONLY,10.7761,10.7761,15.6829,4.9068,4.9068,31.2877,31.2877,0,0,11.53,0.87,cautious,-3.56,front,LIDAR_ONLY
0,71.3421,cam_4,CAM_ONLY,19.5826,,15.6829,3.8997,,24.8663,,0,,13.61,1.23,warning,,,CAMERA_ONLY
0,71.4011,cam_4,CAM_ONLY,19.5241,,15.6829,3.8412,,24.4932,,0,,12.49,1.21,warning,,,CAMERA_ONLY
0,71.4564,cam_4,CAM_ONLY,19.5319,,15.6829,3.8491,,24.5433,,0,,9.21,0.98,warning,,,CAMERA_ONLY
0,71.5117,cam_4,CAM_ONLY,19.7235,,15.6829,4.0407,,25.7650,,0,,11.20,0.92,warning,,,CAMERA_ONLY
0,71.5736,cam_4,CAM_ONLY,19.7601,,15.6829,4.0773,,25.9983,,0,,16.58,1.01,warning,,,CAMERA_ONLY
0,71.6417,cam_4,CAM_ONLY,19.9856,,15.6829,4.3028,,27.4362,,0,,12.77,1.19,warning,,,CAMERA_ONLY
0,71.6417,t1540,LIDAR_ONLY,10.7840,10.7840,15.6829,4.8989,4.8989,31.2372,31.2372,0,0,12.77,1.19,cautious,28.61,front,LIDAR_ONLY
0,71.7044,cam_4,CAM_ONLY,19.7074,,15.6829,4.0245,,25.6619,,0,,13.37,1.28,warning,,,CAMERA_ONLY
0,71.7672,cam_4,CAM_ONLY,19.7649,,15.6829,4.0820,,26.0285,,0,,11.38,0.98,warning,,,CAMERA_ONLY
0,71.8254,t1544,BOTH,19.4965,10.6468,15.6829,3.8137,5.0360,24.3175,32.1116,0,0,11.31,0.84,warning,,,FULL_ANGLE
0,71.8254,t1543,LIDAR_ONLY,22.8198,22.8198,15.6829,7.1369,7.1369,45.5079,45.5079,0,0,11.31,0.84,drive,17.05,front,LIDAR_ONLY
0,71.8254,t1544,LIDAR_ONLY,10.6611,10.6611,15.6829,5.0218,5.0218,32.0208,32.0208,0,0,11.31,0.84,cautious,-2.95,front,LIDAR_ONLY
0,71.8835,t1544,BOTH,19.4071,10.6831,15.6829,3.7243,4.9998,23.7473,31.8806,0,0,14.13,1.20,warning,,,FULL_ANGLE
0,71.8835,t1543,LIDAR_ONLY,17.7299,17.7299,15.6829,2.0470,2.0470,13.0526,13.0526,0,0,14.13,1.20,drive,21.76,front,LIDAR_ONLY
0,71.8835,t1543,LIDAR_ONLY,18.1919,18.1919,15.6829,2.5090,2.5090,15.9984,15.9984,0,0,14.13,1.20,drive,17.57,front,LIDAR_ONLY
0,71.8835,t1544,LIDAR_ONLY,10.6780,10.6780,15.6829,5.0049,5.0049,31.9131,31.9131,0,0,14.13,1.20,cautious,-3.39,front,LIDAR_ONLY
0,71.8835,t1544,LIDAR_ONLY,10.6850,10.6850,15.6829,4.9978,4.9978,31.8682,31.8682,0,0,14.13,1.20,cautious,4.99,front,LIDAR_ONLY
0,71.9443,cam_4,CAM_ONLY,19.5039,,15.6829,3.8210,,24.3643,,0,,14.01,1.00,warning,,,CAMERA_ONLY
0,72.0168,cam_4,CAM_ONLY,19.4884,,15.6829,3.8055,,24.2654,,0,,18.97,1.12,warning,,,CAMERA_ONLY
0,72.0729,t1544,BOTH,19.5393,10.6765,15.6829,3.8565,5.0064,24.5904,31.9224,0,0,10.67,0.83,warning,,,FULL_ANGLE
0,72.0729,t1544,LIDAR_ONLY,10.6900,10.6900,15.6829,4.9928,4.9928,31.8363,31.8363,0,0,10.67,0.83,cautious,-1.59,front,LIDAR_ONLY
0,72.1440,cam_4,CAM_ONLY,19.4978,,15.6829,3.8149,,24.3253,,0,,12.24,1.01,warning,,,CAMERA_ONLY
0,72.2090,cam_4,CAM_ONLY,19.9280,,15.6829,4.2451,,27.0685,,0,,16.66,1.15,warning,,,CAMERA_ONLY
0,72.2716,cam_4,CAM_ONLY,19.8312,,15.6829,4.1483,,26.4513,,0,,11.30,1.05,warning,,,CAMERA_ONLY
0,72.3321,t1554,BOTH,19.6261,10.6828,15.6829,3.9432,5.0001,25.1436,31.8824,0,0,9.65,0.99,warning,,,FULL_ANGLE
0,72.3321,t1553,LIDAR_ONLY,12.9015,12.9015,15.6829,2.7814,2.7814,17.7351,17.7351,0,0,9.65,0.99,cautious,24.70,front,LIDAR_ONLY
0,72.3321,t1553,LIDAR_ONLY,11.6831,11.6831,15.6829,3.9997,3.9997,25.5040,25.5040,0,0,9.65,0.99,cautious,28.91,front,LIDAR_ONLY
0,72.3321,t1553,LIDAR_ONLY,12.0871,12.0871,15.6829,3.5957,3.5957,22.9277,22.9277,0,0,9.65,0.99,cautious,20.50,front,LIDAR_ONLY
0,72.3321,t1553,LIDAR_ONLY,13.0065,13.0065,15.6829,2.6763,2.6763,17.0654,17.0654,0,0,9.65,0.99,cautious,16.29,front,LIDAR_ONLY
0,72.3321,t1554,LIDAR_ONLY,10.6367,10.6367,15.6829,5.0462,5.0462,32.1762,32.1762,0,0,9.65,0.99,cautious,3.68,front,LIDAR_ONLY
0,72.3932,cam_4,CAM_ONLY,19.6928,,15.6829,4.0100,,25.5692,,0,,13.56,1.06,warning,,,CAMERA_ONLY
0,72.4496,cam_4,CAM_ONLY,19.4930,,15.6829,3.8101,,24.2947,,0,,9.65,1.06,warning,,,CAMERA_ONLY
0,72.5041,cam_4,CAM_ONLY,19.8581,,15.6829,4.1752,,26.6229,,0,,13.11,1.06,warning,,,CAMERA_ONLY
0,72.5709,cam_4,CAM_ONLY,19.8680,,15.6829,4.1852,,26.6862,,0,,15.00,0.89,warning,,,CAMERA_ONLY
0,72.6347,t1562,BOTH,20.0376,10.6600,15.6829,4.3548,5.0229,27.7678,32.0280,0,0,17.65,0.99,safe,,,FULL_ANGLE
0,72.6347,t1560,LIDAR_ONLY,12.0991,12.0991,15.6829,3.5838,3.5838,22.8517,22.8517,0,0,17.65,0.99,cautious,26.01,front,LIDAR_ONLY
0,72.6347,t1560,LIDAR_ONLY,12.5559,12.5559,15.6829,3.1270,3.1270,19.9387,19.9387,0,0,17.65,0.99,cautious,21.81,front,LIDAR_ONLY
0,72.6347,t1562,LIDAR_ONLY,10.7700,10.7700,15.6829,4.9129,4.9129,31.3264,31.3264,0,0,17.65,0.99,cautious,-3.39,front,LIDAR_ONLY
0,72.6347,t1562,LIDAR_ONLY,10.6628,10.6628,15.6829,5.0201,5.0201,32.0100,32.0100,0,0,17.65,0.99,cautious,5.01,front,LIDAR_ONLY
0,72.7028,cam_4,CAM_ONLY,20.0160,,15.6849,4.3311,,27.6133,,0,,21.72,1.39,warning,,,CAMERA_ONLY
0,72.7634,cam_4,CAM_ONLY,19.7274,,15.6854,4.0420,,25.7694,,0,,14.27,0.83,warning,,,CAMERA_ONLY
0,72.8227,cam_4,CAM_ONLY,19.6313,,15.6854,3.9459,,25.1569,,0,,10.56,0.84,warning,,,CAMERA_ONLY
0,72.8763,cam_4,CAM_ONLY,19.5308,,15.6854,3.8454,,24.5158,,0,,12.93,0.95,warning,,,CAMERA_ONLY
0,72.9337,t1572,BOTH,19.5868,10.6334,15.6854,3.9015,5.0519,24.8732,32.2079,0,0,9.53,1.25,warning,,,FULL_ANGLE
0,72.9337,t1571,LIDAR_ONLY,13.7636,13.7636,15.6854,1.9217,1.9217,12.2517,12.2517,0,0,9.53,1.25,cautious,23.48,front,LIDAR_ONLY
0,72.9337,t1571,LIDAR_ONLY,12.4138,12.4138,15.6854,3.2715,3.2715,20.8572,20.8572,0,0,9.53,1.25,cautious,27.50,front,LIDAR_ONLY
0,72.9337,t1572,LIDAR_ONLY,10.6876,10.6876,15.6854,4.9978,4.9978,31.8629,31.8629,0,0,9.53,1.25,cautious,-0.61,front,LIDAR_ONLY
0,72.9337,t1572,LIDAR_ONLY,10.6920,10.6920,15.6854,4.9934,4.9934,31.8347,31.8347,0,0,9.53,1.25,cautious,7.42,front,LIDAR_ONLY
0,72.9859,t1574,BOTH,20.0281,10.6022,15.6854,4.3427,5.0831,27.6862,32.4068,0,0,10.81,1.35,safe,,,FULL_ANGLE
0,72.9859,t1571,LIDAR_ONLY,12.4313,12.4313,15.6854,3.2540,3.2540,20.7456,20.7456,0,0,10.81,1.35,cautious,25.12,front,LIDAR_ONLY
0,72.9859,t1571,LIDAR_ONLY,11.9694,11.9694,15.6854,3.7160,3.7160,23.6908,23.6908,0,0,10.81,1.35,cautious,29.31,front,LIDAR_ONLY
0,72.9859,t1572,LIDAR_ONLY,11.5300,11.5300,15.6854,4.1553,4.1553,26.4918,26.4918,0,0,10.81,1.35,cautious,16.74,front,LIDAR_ONLY
0,72.9859,t1574,LIDAR_ONLY,10.6196,10.6196,15.6854,5.0657,5.0657,32.2960,32.2960,0,0,10.81,1.35,cautious,-4.21,front,LIDAR_ONLY
0,73.0512,cam_4,CAM_ONLY,19.8027,,15.6850,4.1177,,26.2523,,0,,12.85,1.24,warning,,,CAMERA_ONLY
0,73.1075,cam_4,CAM_ONLY,19.7480,,15.6842,4.0638,,25.9102,,0,,12.04,1.19,warning,,,CAMERA_ONLY
0,73.1636,cam_4,CAM_ONLY,19.4498,,15.6842,3.7656,,24.0087,,0,,13.80,0.83,warning,,,CAMERA_ONLY
0,73.2322,t1580,BOTH,19.6592,10.6310,15.6842,3.9749,5.0532,25.3434,32.2183,0,0,14.87,0.95,warning,,,FULL_ANGLE
0,73.2322,t1579,LIDAR_ONLY,14.6086,14.6086,15.6842,1.0756,1.0756,6.8581,6.8581,0,0,14.87,0.95,cautious,22.43,front,LIDAR_ONLY
0,73.2322,t1579,LIDAR_ONLY,12.8514,12.8514,15.6842,2.8328,2.8328,18.0616,18.0616,0,0,14.87,0.95,cautious,26.52,front,LIDAR_ONLY
0,73.2322,t1580,LIDAR_ONLY,10.6447,10.6447,15.6842,5.0396,5.0396,32.1314,32.1314,0,0,14.87,0.95,cautious,6.06,front,LIDAR_ONLY
0,73.2322,t1580,LIDAR_ONLY,10.6554,10.6554,15.6842,5.0288,5.0288,32.0627,32.0627,0,0,14.87,0.95,cautious,-2.12,front,LIDAR_ONLY
0,73.2886,t1580,BOTH,19.7052,10.6580,15.6842,4.0210,5.0263,25.6371,32.0466,0,0,12.57,1.38,warning,,,FULL_ANGLE
0,73.2886,t1579,LIDAR_ONLY,13.0733,13.0733,15.6842,2.6109,2.6109,16.6466,16.6466,0,0,12.57,1.38,cautious,21.89,front,LIDAR_ONLY
0,73.2886,t1579,LIDAR_ONLY,12.7382,12.7382,15.6842,2.9460,2.9460,18.7833,18.7833,0,0,12.57,1.38,cautious,29.93,front,LIDAR_ONLY
0,73.2886,t1579,LIDAR_ONLY,12.6212,12.6212,15.6842,3.0630,3.0630,19.5295,19.5295,0,0,12.57,1.38,cautious,25.91,front,LIDAR_ONLY
0,73.2886,t1580,LIDAR_ONLY,10.6662,10.6662,15.6842,5.0180,5.0180,31.9939,31.9939,0,0,12.57,1.38,cautious,-2.21,front,LIDAR_ONLY
0,73.2886,t1580,LIDAR_ONLY,10.6574,10.6574,15.6842,5.0268,5.0268,32.0501,32.0501,0,0,12.57,1.38,cautious,5.83,front,LIDAR_ONLY
0,73.3521,cam_4,CAM_ONLY,19.5396,,15.6842,3.8554,,24.5813,,0,,12.23,1.21,warning,,,CAMERA_ONLY
0,73.4100,cam_4,CAM_ONLY,19.8779,,15.6842,4.1937,,26.7381,,0,,12.93,0.80,warning,,,CAMERA_ONLY
0,73.4710,cam_4,CAM_ONLY,19.7474,,15.6842,4.0632,,25.9062,,0,,13.31,1.05,warning,,,CAMERA_ONLY
0,73.5320,t1593,BOTH,19.8837,10.6092,15.6842,4.1995,5.0750,26.7754,32.3573,0,0,11.83,1.00,warning,,,FULL_ANGLE
0,73.5320,t1592,LIDAR_ONLY,13.3463,13.3463,15.6842,2.3379,2.3379,14.9060,14.9060,0,0,11.83,1.00,cautious,24.05,front,LIDAR_ONLY
0,73.5320,t1592,LIDAR_ONLY,11.8578,11.8578,15.6842,3.8265,3.8265,24.3968,24.3968,0,0,11.83,1.00,cautious,28.17,front,LIDAR_ONLY
0,73.5320,t1592,LIDAR_ONLY,12.3034,12.3034,15.6842,3.3808,3.3808,21.5555,21.5555,0,0,11.83,1.00,cautious,19.93,front,LIDAR_ONLY
0,73.5320,t1593,LIDAR_ONLY,10.6208,10.6208,15.6842,5.0635,5.0635,32.2837,32.2837,0,0,11.83,1.00,cautious,-0.68,front,LIDAR_ONLY
0,73.5882,cam_4,CAM_ONLY,19.9028,,15.6842,4.2185,,26.8966,,0,,9.49,1.25,warning,,,CAMERA_ONLY
0,73.6409,cam_4,CAM_ONLY,19.4625,,15.6842,3.7783,,24.0897,,0,,11.22,1.15,warning,,,CAMERA_ONLY
0,73.6948,cam_4,CAM_ONLY,19.7133,,15.6842,4.0291,,25.6887,,0,,11.41,0.97,warning,,,CAMERA_ONLY
0,73.7536,cam_4,CAM_ONLY,19.8508,,15.6842,4.1665,,26.5652,,0,,10.62,1.04,warning,,,CAMERA_ONLY
0,73.8073,cam_4,CAM_ONLY,19.7488,,15.6842,4.0646,,25.9151,,0,,9.47,1.28,warning,,,CAMERA_ONLY
0,73.8618,cam_4,CAM_ONLY,19.6515,,15.6842,3.9673,,25.2949,,0,,13.70,0.88,warning,,,CAMERA_ONLY
0,73.9476,cam_4,CAM_ONLY,19.6403,,15.6842,3.9561,,25.2234,,0,,22.35,1.13,warning,,,CAMERA_ONLY
0,74.0047,cam_4,CAM_ONLY,19.5724,,15.6842,3.8882,,24.7905,,0,,13.34,1.25,warning,,,CAMERA_ONLY
0,74.0567,cam_4,CAM_ONLY,19.5664,,15.6842,3.8821,,24.7518,,0,,8.95,0.86,warning,,,CAMERA_ONLY
0,74.1289,t1605,BOTH,19.9498,10.6530,15.6842,4.2656,5.0312,27.1965,32.0782,0,0,20.14,1.06,warning,,,FULL_ANGLE
0,74.1289,t1604,LIDAR_ONLY,11.6838,11.6838,15.6842,4.0004,4.0004,25.5058,25.5058,0,0,20.14,1.06,cautious,26.76,front,LIDAR_ONLY
0,74.1289,t1604,LIDAR_ONLY,12.5597,12.5597,15.6842,3.1245,3.1245,19.9212,19.9212,0,0,20.14,1.06,cautious,18.69,front,LIDAR_ONLY
0,74.1289,t1605,LIDAR_ONLY,10.7101,10.7101,15.6842,4.9741,4.9741,31.7139,31.7139,0,0,20.14,1.06,cautious,-1.48,front,LIDAR_ONLY
0,74.1289,t1605,LIDAR_ONLY,10.6531,10.6531,15.6842,5.0312,5.0312,32.0778,32.0778,0,0,20.14,1.06,cautious,6.59,front,LIDAR_ONLY
0,74.1943,cam_4,CAM_ONLY,19.8254,,15.6842,4.1412,,26.4033,,0,,17.65,1.13,warning,,,CAMERA_ONLY
0,74.2597,cam_4,CAM_ONLY,19.9305,,15.6842,4.2462,,27.0732,,0,,15.67,0.86,warning,,,CAMERA_ONLY
0,74.3286,t1605,BOTH,20.0475,10.6394,15.6842,4.3632,5.0449,27.8193,32.1653,0,0,19.59,1.91,safe,,,FULL_ANGLE
0,74.3286,t1604,LIDAR_ONLY,13.3199,13.3199,15.6842,2.3643,2.3643,15.0745,15.0745,0,0,19.59,1.91,cautious,20.42,front,LIDAR_ONLY
0,74.3286,t1608,LIDAR_ONLY,10.7822,10.7822,15.6842,4.9020,4.9020,31.2545,31.2545,0,0,19.59,1.91,cautious,-3.69,front,LIDAR_ONLY
0,74.3286,t1604,LIDAR_ONLY,13.7362,13.7362,15.6842,1.9480,1.9480,12.4201,12.4201,0,0,19.59,1.91,cautious,24.44,front,LIDAR_ONLY
0,74.3989,cam_4,CAM_ONLY,19.7648,,15.6858,4.0791,,26.0050,,0,,14.25,1.36,warning,,,CAMERA_ONLY
0,74.4579,cam_4,CAM_ONLY,19.8162,,15.6858,4.1304,,26.3319,,0,,13.11,0.90,warning,,,CAMERA_ONLY
0,74.5140,cam_4,CAM_ONLY,19.7732,,15.6858,4.0874,,26.0578,,0,,9.76,0.91,warning,,,CAMERA_ONLY
0,74.5765,cam_4,CAM_ONLY,19.6659,,15.6858,3.9800,,25.3734,,0,,15.19,0.74,warning,,,CAMERA_ONLY
0,74.6379,cam_4,CAM_ONLY,19.5903,,15.6858,3.9045,,24.8918,,0,,12.86,1.21,warning,,,CAMERA_ONLY
0,74.6379,t1614,LIDAR_ONLY,10.4125,10.4125,15.6858,5.2733,5.2733,33.6181,33.6181,0,0,12.86,1.21,cautious,29.47,front,LIDAR_ONLY
0,74.6379,t1614,LIDAR_ONLY,10.5923,10.5923,15.6858,5.0935,5.0935,32.4722,32.4722,0,0,12.86,1.21,cautious,25.45,front,LIDAR_ONLY
0,74.7003,cam_4,CAM_ONLY,19.6203,,15.6858,3.9344,,25.0827,,0,,12.54,1.33,warning,,,CAMERA_ONLY
0,74.7626,cam_4,CAM_ONLY,19.5895,,15.6858,3.9037,,24.8868,,0,,17.16,0.89,warning,,,CAMERA_ONLY
0,74.8284,t1620,BOTH,19.8833,10.7593,15.6858,4.1975,4.9265,26.7598,31.4076,0,0,19.70,0.82,warning,,,FULL_ANGLE
0,74.8881,cam_4,CAM_ONLY,20.0908,,15.6858,4.4049,,28.0822,,0,,12.67,1.21,safe,,,CAMERA_ONLY
0,74.8881,t1624,LIDAR_ONLY,10.3841,10.3841,15.6858,5.3017,5.3017,33.7994,33.7994,0,0,12.67,1.21,cautious,29.54,front,LIDAR_ONLY
0,74.8881,t1625,LIDAR_ONLY,22.8980,22.8980,15.6858,7.2122,7.2122,45.9791,45.9791,0,0,12.67,1.21,drive,17.02,front,LIDAR_ONLY
0,74.8881,t1624,LIDAR_ONLY,10.5755,10.5755,15.6858,5.1103,5.1103,32.5791,32.5791,0,0,12.67,1.21,cautious,25.37,front,LIDAR_ONLY
0,74.9559,cam_4,CAM_ONLY,20.0641,,15.6868,4.3773,,27.9042,,0,,18.70,0.87,slowdown,,,CAMERA_ONLY
0,75.0171,cam_4,CAM_ONLY,19.7314,,15.6889,4.0424,,25.7662,,0,,15.64,0.97,warning,,,CAMERA_ONLY
0,75.0918,cam_4,CAM_ONLY,20.0801,,15.6888,4.3913,,27.9902,,0,,18.19,1.02,safe,,,CAMERA_ONLY
0,75.1499,cam_4,CAM_ONLY,19.9205,,15.6883,4.2322,,26.9770,,0,,10.82,1.20,warning,,,CAMERA_ONLY
0,75.2152,cam_4,CAM_ONLY,19.8655,,15.6888,4.1766,,26.6217,,0,,10.86,0.95,warning,,,CAMERA_ONLY
0,75.2963,cam_4,CAM_ONLY,20.0065,,15.6888,4.3177,,27.5209,,0,,17.52,1.31,safe,,,CAMERA_ONLY
0,75.3491,cam_4,CAM_ONLY,19.9278,,15.6882,4.2396,,27.0241,,0,,10.35,1.15,warning,,,CAMERA_ONLY
0,75.4099,cam_4,CAM_ONLY,19.9030,,15.6873,4.2157,,26.8736,,0,,11.02,0.87,warning,,,CAMERA_ONLY
0,75.4679,cam_4,CAM_ONLY,19.4939,,15.6873,3.8066,,24.2652,,0,,14.37,1.03,warning,,,CAMERA_ONLY
0,75.5249,cam_4,CAM_ONLY,19.5722,,15.6873,3.8849,,24.7645,,0,,11.05,0.88,warning,,,CAMERA_ONLY
0,75.5963,cam_4,CAM_ONLY,19.8570,,15.6873,4.1697,,26.5798,,0,,12.46,1.07,warning,,,CAMERA_ONLY
0,75.6576,cam_4,CAM_ONLY,19.9768,,15.6873,4.2894,,27.3433,,0,,15.26,0.90,warning,,,CAMERA_ONLY
0,75.7145,cam_4,CAM_ONLY,19.9194,,15.6873,4.2320,,26.9774,,0,,9.39,0.98,warning,,,CAMERA_ONLY
0,75.7753,cam_4,CAM_ONLY,19.9788,,15.6873,4.2914,,27.3561,,0,,12.20,1.03,warning,,,CAMERA_ONLY
0,75.8413,t1647,BOTH,19.6470,10.6903,15.6873,3.9597,4.9970,25.2413,31.8536,0,0,18.05,1.07,warning,,,FULL_ANGLE
0,75.8413,t1646,LIDAR_ONLY,15.1409,15.1409,15.6873,0.5464,0.5464,3.4830,3.4830,1,1,18.05,1.07,drive,21.83,front,LIDAR_ONLY
0,75.8413,t1646,LIDAR_ONLY,13.4719,13.4719,15.6873,2.2154,2.2154,14.1223,14.1223,0,0,18.05,1.07,cautious,25.92,front,LIDAR_ONLY
0,75.8413,t1646,LIDAR_ONLY,14.1809,14.1809,15.6873,1.5064,1.5064,9.6026,9.6026,0,0,18.05,1.07,cautious,17.75,front,LIDAR_ONLY
0,75.8413,t1647,LIDAR_ONLY,10.7501,10.7501,15.6873,4.9373,4.9373,31.4730,31.4730,0,0,18.05,1.07,cautious,-2.67,front,LIDAR_ONLY
0,75.8413,t1647,LIDAR_ONLY,10.6859,10.6859,15.6873,5.0014,5.0014,31.8818,31.8818,0,0,18.05,1.07,cautious,5.50,front,LIDAR_ONLY
0,75.8957,cam_4,CAM_ONLY,19.7810,,15.6873,4.0937,,26.0956,,0,,11.12,1.27,warning,,,CAMERA_ONLY
0,75.9533,cam_4,CAM_ONLY,19.9848,,15.6873,4.2975,,27.3948,,0,,12.74,2.41,warning,,,CAMERA_ONLY
0,76.0240,cam_4,CAM_ONLY,19.6604,,15.6873,3.9731,,25.3268,,0,,13.86,0.96,warning,,,CAMERA_ONLY
0,76.0939,t1655,BOTH,19.9194,10.7299,15.6873,4.2320,4.9575,26.9775,31.6017,0,0,15.12,1.08,warning,,,FULL_ANGLE
0,76.0939,t1654,LIDAR_ONLY,11.6119,11.6119,15.6873,4.0754,4.0754,25.9792,25.9792,0,0,15.12,1.08,cautious,26.89,front,LIDAR_ONLY
0,76.0939,t1654,LIDAR_ONLY,12.6497,12.6497,15.6873,3.0376,3.0376,19.3636,19.3636,0,0,15.12,1.08,cautious,18.63,front,LIDAR_ONLY
0,76.0939,t1655,LIDAR_ONLY,10.6671,10.6671,15.6873,5.0202,5.0202,32.0016,32.0016,0,0,15.12,1.08,cautious,6.23,front,LIDAR_ONLY
0,76.1524,cam_4,CAM_ONLY,20.0276,,15.6873,4.3403,,27.6673,,0,,14.02,1.11,safe,,,CAMERA_ONLY
0,76.2112,cam_4,CAM_ONLY,19.7553,,15.6880,4.0673,,25.9262,,0,,16.03,1.01,warning,,,CAMERA_ONLY
0,76.2691,cam_4,CAM_ONLY,19.5685,,15.6891,3.8794,,24.7270,,0,,13.54,0.88,warning,,,CAMERA_ONLY
0,76.3278,t1658,BOTH,19.7314,10.6196,15.6891,4.0423,5.0695,25.7648,32.3120,0,0,16.59,1.58,warning,,,FULL_ANGLE
0,76.3278,t1658,LIDAR_ONLY,10.6922,10.6922,15.6891,4.9969,4.9969,31.8492,31.8492,0,0,16.59,1.58,cautious,7.11,front,LIDAR_ONLY
0,76.3954,cam_4,CAM_ONLY,19.7943,,15.6891,4.1052,,26.1657,,0,,12.65,1.00,warning,,,CAMERA_ONLY
0,76.4796,t1664,BOTH,19.4735,10.7025,15.6891,3.7844,4.9866,24.1210,31.7837,0,0,12.28,1.25,warning,,,FULL_ANGLE
0,76.4796,t1663,LIDAR_ONLY,10.4786,10.4786,15.6891,5.2105,5.2105,33.2111,33.2111,0,0,12.28,1.25,cautious,29.32,front,LIDAR_ONLY
0,76.4796,t1663,LIDAR_ONLY,10.7617,10.7617,15.6891,4.9274,4.9274,31.4064,31.4064,0,0,12.28,1.25,cautious,25.27,front,LIDAR_ONLY
0,76.4796,t1663,LIDAR_ONLY,11.3134,11.3134,15.6891,4.3757,4.3757,27.8899,27.8899,0,0,12.28,1.25,cautious,21.23,front,LIDAR_ONLY
0,76.4796,t1663,LIDAR_ONLY,12.1163,12.1163,15.6891,3.5728,3.5728,22.7725,22.7725,0,0,12.28,1.25,cautious,17.19,front,LIDAR_ONLY
0,76.4796,t1664,LIDAR_ONLY,10.7643,10.7643,15.6891,4.9248,4.9248,31.3900,31.3900,0,0,12.28,1.25,cautious,-3.04,front,LIDAR_ONLY
0,76.4796,t1658,LIDAR_ONLY,10.7102,10.7102,15.6891,4.9789,4.9789,31.7350,31.7350,0,0,12.28,1.25,cautious,5.05,front,LIDAR_ONLY
0,76.5349,t1664,BOTH,19.5664,10.7076,15.6891,3.8773,4.9815,24.7132,31.7513,0,0,9.19,1.05,warning,,,FULL_ANGLE
0,76.5349,t1665,LIDAR_ONLY,10.4573,10.4573,15.6891,5.2318,5.2318,33.3469,33.3469,0,0,9.19,1.05,cautious,29.37,front,LIDAR_ONLY
0,76.5349,t1665,LIDAR_ONLY,10.6957,10.6957,15.6891,4.9934,4.9934,31.8271,31.8271,0,0,9.19,1.05,cautious,25.27,front,LIDAR_ONLY
0,76.5349,t1663,LIDAR_ONLY,13.1798,13.1798,15.6891,2.5093,2.5093,15.9940,15.9940,0,0,9.19,1.05,cautious,17.07,front,LIDAR_ONLY
0,76.5349,t1663,LIDAR_ONLY,14.4142,14.4142,15.6891,1.2749,1.2749,8.1263,8.1263,0,0,9.19,1.05,cautious,21.17,front,LIDAR_ONLY
0,76.5349,t1664,LIDAR_ONLY,10.7094,10.7094,15.6891,4.9797,4.9797,31.7396,31.7396,0,0,9.19,1.05,cautious,-3.43,front,LIDAR_ONLY
0,76.5884,t1658,BOTH,19.8310,10.7174,15.6891,4.1419,4.9717,26.3996,31.6886,0,0,10.43,1.18,warning,,,FULL_ANGLE
0,76.5884,t1663,LIDAR_ONLY,15.8507,15.8507,15.6891,0.1616,0.1616,1.0298,1.0298,1,1,10.43,1.18,cautious,18.16,front,LIDAR_ONLY
0,76.5884,t1665,LIDAR_ONLY,11.0565,11.0565,15.6891,4.6326,4.6326,29.5274,29.5274,0,0,10.43,1.18,cautious,22.27,front,LIDAR_ONLY
0,76.6600,cam_4,CAM_ONLY,19.9109,,15.6891,4.2218,,26.9091,,0,,20.03,0.82,warning,,,CAMERA_ONLY
0,76.7230,cam_4,CAM_ONLY,19.9774,,15.6891,4.2883,,27.3329,,0,,13.16,1.05,warning,,,CAMERA_ONLY
0,76.7886,cam_4,CAM_ONLY,19.9028,,15.6891,4.2137,,26.8574,,0,,16.72,1.28,warning,,,CAMERA_ONLY
0,76.7886,t1665,LIDAR_ONLY,11.1592,11.1592,15.6891,4.5299,4.5299,28.8732,28.8732,0,0,16.72,1.28,cautious,29.83,front,LIDAR_ONLY
0,76.7886,t1663,LIDAR_ONLY,16.7265,16.7265,15.6891,1.0374,1.0374,6.6125,6.6125,0,0,16.72,1.28,cautious,21.60,front,LIDAR_ONLY
0,76.7886,t1663,LIDAR_ONLY,16.8523,16.8523,15.6891,1.1632,1.1632,7.4140,7.4140,0,0,16.72,1.28,drive,25.71,front,LIDAR_ONLY
0,76.8568,cam_4,CAM_ONLY,19.9229,,15.6891,4.2338,,26.9854,,0,,19.40,1.05,warning,,,CAMERA_ONLY
0,76.9300,t1673,BOTH,19.8073,10.6010,15.6891,4.1182,5.0881,26.2490,32.4307,0,0,14.98,1.20,warning,,,FULL_ANGLE
0,76.9300,t1665,LIDAR_ONLY,11.1596,11.1596,15.6891,4.5295,4.5295,28.8704,28.8704,0,0,14.98,1.20,cautious,29.54,front,LIDAR_ONLY
0,76.9300,t1663,LIDAR_ONLY,15.6165,15.6165,15.6891,0.0726,0.0726,0.4627,0.4627,1,1,14.98,1.20,drive,21.27,front,LIDAR_ONLY
0,76.9300,t1663,LIDAR_ONLY,14.8567,14.8567,15.6891,0.8324,0.8324,5.3057,5.3057,1,1,14.98,1.20,cautious,25.41,front,LIDAR_ONLY
0,77.0053,cam_4,CAM_ONLY,20.0869,,15.6891,4.3978,,28.0312,,0,,19.07,1.32,safe,,,CAMERA_ONLY
0,77.0688,cam_4,CAM_ONLY,19.8573,,15.6904,4.1670,,26.5575,,0,,14.46,1.01,warning,,,CAMERA_ONLY
0,77.1293,t1673,BOTH,19.9914,10.6304,15.6908,4.3006,5.0604,27.4084,32.2507,0,0,10.13,0.89,warning,,,FULL_ANGLE
0,77.1293,t1673,LIDAR_ONLY,10.6215,10.6215,15.6908,5.0694,5.0694,32.3079,32.3079,0,0,10.13,0.89,cautious,-3.93,front,LIDAR_ONLY
0,77.1849,t1673,BOTH,19.7318,10.6459,15.6908,4.0409,5.0449,25.7533,32.1522,0,0,10.66,0.96,warning,,,FULL_ANGLE
0,77.1849,t1679,LIDAR_ONLY,23.6997,23.6997,15.6908,8.0089,8.0089,51.0417,51.0417,0,0,10.66,0.96,drive,16.72,front,LIDAR_ONLY
0,77.1849,t1679,LIDAR_ONLY,19.4749,19.4749,15.6908,3.7841,3.7841,24.1164,24.1164,0,0,10.66,0.96,drive,20.71,front,LIDAR_ONLY
0,77.1849,t1673,LIDAR_ONLY,10.6421,10.6421,15.6908,5.0487,5.0487,32.1763,32.1763,0,0,10.66,0.96,cautious,-3.27,front,LIDAR_ONLY
0,77.2481,cam_4,CAM_ONLY,19.5389,,15.6908,3.8480,,24.5241,,0,,16.91,1.23,warning,,,CAMERA_ONLY
0,77.3106,cam_4,CAM_ONLY,19.6329,,15.6908,3.9421,,25.1233,,0,,12.37,0.89,warning,,,CAMERA_ONLY
0,77.3757,cam_4,CAM_ONLY,19.5430,,15.6908,3.8522,,24.5506,,0,,15.16,0.81,warning,,,CAMERA_ONLY
0,77.4356,t1689,BOTH,19.6625,10.6593,15.6908,3.9716,5.0316,25.3119,32.0668,0,0,11.94,1.36,warning,,,FULL_ANGLE
0,77.4356,t1688,LIDAR_ONLY,13.8562,13.8562,15.6908,1.8346,1.8346,11.6924,11.6924,0,0,11.94,1.36,cautious,23.36,front,LIDAR_ONLY
0,77.4356,t1688,LIDAR_ONLY,14.3476,14.3476,15.6908,1.3432,1.3432,8.5607,8.5607,0,0,11.94,1.36,cautious,19.27,front,LIDAR_ONLY
0,77.4356,t1689,LIDAR_ONLY,10.7090,10.7090,15.6908,4.9818,4.9818,31.7498,31.7498,0,0,11.94,1.36,cautious,-1.20,front,LIDAR_ONLY
0,77.4356,t1689,LIDAR_ONLY,10.6617,10.6617,15.6908,5.0291,5.0291,32.0515,32.0515,0,0,11.94,1.36,cautious,6.99,front,LIDAR_ONLY
0,77.4356,t1688,LIDAR_ONLY,14.3542,14.3542,15.6908,1.3366,1.3366,8.5183,8.5183,0,0,11.94,1.36,cautious,27.46,front,LIDAR_ONLY
0,77.5050,cam_4,CAM_ONLY,19.8777,,15.6908,4.1868,,26.6831,,0,,14.16,0.99,warning,,,CAMERA_ONLY
0,77.5650,cam_4,CAM_ONLY,19.7599,,15.6908,4.0690,,25.9325,,0,,11.16,0.93,warning,,,CAMERA_ONLY
0,77.6191,cam_4,CAM_ONLY,19.8336,,15.6908,4.1428,,26.4025,,0,,9.55,0.92,warning,,,CAMERA_ONLY
0,77.6833,t1695,BOTH,20.0071,10.7023,15.6908,4.3163,4.9885,27.5082,31.7927,0,0,13.36,1.06,safe,,,FULL_ANGLE
0,77.6833,t1694,LIDAR_ONLY,18.4675,18.4675,15.6908,2.7767,2.7767,17.6961,17.6961,0,0,13.36,1.06,drive,19.22,front,LIDAR_ONLY
0,77.6833,t1694,LIDAR_ONLY,16.1938,16.1938,15.6908,0.5030,0.5030,3.2054,3.2054,1,1,13.36,1.06,drive,23.26,front,LIDAR_ONLY
0,77.6833,t1694,LIDAR_ONLY,14.3809,14.3809,15.6908,1.3099,1.3099,8.3483,8.3483,0,0,13.36,1.06,cautious,27.29,front,LIDAR_ONLY
0,77.7497,cam_4,CAM_ONLY,19.7958,,15.6922,4.1037,,26.1511,,0,,13.69,1.15,warning,,,CAMERA_ONLY
0,77.8042,cam_4,CAM_ONLY,19.6087,,15.6923,3.9164,,24.9572,,0,,10.69,1.04,warning,,,CAMERA_ONLY
0,77.8759,cam_4,CAM_ONLY,19.5214,,15.6923,3.8291,,24.4013,,0,,15.64,0.83,warning,,,CAMERA_ONLY
0,77.9418,cam_4,CAM_ONLY,19.8067,,15.6923,4.1143,,26.2189,,0,,15.12,2.45,warning,,,CAMERA_ONLY
0,77.9418,t1702,LIDAR_ONLY,13.1137,13.1137,15.6923,2.5786,2.5786,16.4323,16.4323,0,0,15.12,2.45,cautious,24.39,front,LIDAR_ONLY
0,77.9418,t1702,LIDAR_ONLY,11.8163,11.8163,15.6923,3.8760,3.8760,24.7001,24.7001,0,0,15.12,2.45,cautious,28.44,front,LIDAR_ONLY
0,78.0010,cam_4,CAM_ONLY,19.7873,,15.6923,4.0949,,26.0952,,0,,13.04,1.20,warning,,,CAMERA_ONLY
0,78.0535,cam_4,CAM_ONLY,19.7070,,15.6923,4.0147,,25.5840,,0,,10.85,1.08,warning,,,CAMERA_ONLY
0,78.1097,cam_4,CAM_ONLY,19.7580,,15.6923,4.0657,,25.9091,,0,,11.02,0.88,warning,,,CAMERA_ONLY
0,78.1756,t1708,BOTH,19.5661,10.6860,15.6923,3.8738,5.0063,24.6858,31.9029,0,0,18.64,1.01,warning,,,FULL_ANGLE
0,78.1756,t1707,LIDAR_ONLY,20.0735,20.0735,15.6923,4.3812,4.3812,27.9192,27.9192,0,0,18.64,1.01,drive,18.32,front,LIDAR_ONLY
0,78.1756,t1708,LIDAR_ONLY,10.7439,10.7439,15.6923,4.9484,4.9484,31.5342,31.5342,0,0,18.64,1.01,cautious,-2.32,front,LIDAR_ONLY
0,78.1756,t1708,LIDAR_ONLY,10.6424,10.6424,15.6923,5.0499,5.0499,32.1810,32.1810,0,0,18.64,1.01,cautious,5.94,front,LIDAR_ONLY
0,78.2372,t1708,BOTH,19.4760,10.6362,15.6923,3.7837,5.0561,24.1120,32.2201,0,0,13.35,1.31,warning,,,FULL_ANGLE
0,78.2372,t1707,LIDAR_ONLY,15.5950,15.5950,15.6923,0.0973,0.0973,0.6199,0.6199,1,1,13.35,1.31,drive,24.46,front,LIDAR_ONLY
0,78.2372,t1707,LIDAR_ONLY,16.2257,16.2257,15.6923,0.5334,0.5334,3.3990,3.3990,1,1,13.35,1.31,drive,16.10,front,LIDAR_ONLY
0,78.2372,t1707,LIDAR_ONLY,16.6038,16.6038,15.6923,0.9115,0.9115,5.8087,5.8087,1,1,13.35,1.31,drive,20.28,front,LIDAR_ONLY
0,78.2372,t1707,LIDAR_ONLY,16.0666,16.0666,15.6923,0.3743,0.3743,2.3854,2.3854,1,1,13.35,1.31,drive,28.63,front,LIDAR_ONLY
0,78.2946,cam_4,CAM_ONLY,19.7350,,15.6923,4.0427,,25.7624,,0,,11.27,1.06,warning,,,CAMERA_ONLY
0,78.3504,cam_4,CAM_ONLY,19.9378,,15.6923,4.2455,,27.0548,,0,,11.20,1.17,warning,,,CAMERA_ONLY
0,78.4116,cam_4,CAM_ONLY,19.6642,,15.6923,3.9718,,25.3108,,0,,12.95,0.83,warning,,,CAMERA_ONLY
0,78.4734,cam_4,CAM_ONLY,19.6709,,15.6923,3.9786,,25.3537,,0,,16.88,0.80,warning,,,CAMERA_ONLY
0,78.5406,cam_4,CAM_ONLY,19.6493,,15.6923,3.9570,,25.2162,,0,,18.09,1.24,warning,,,CAMERA_ONLY
0,78.6041,cam_4,CAM_ONLY,19.6741,,15.6923,3.9818,,25.3744,,0,,13.73,1.13,warning,,,CAMERA_ONLY
0,78.6624,cam_4,CAM_ONLY,19.5486,,15.6923,3.8563,,24.5747,,0,,12.69,1.03,warning,,,CAMERA_ONLY
0,78.7194,cam_4,CAM_ONLY,19.5098,,15.6923,3.8175,,24.3270,,0,,9.43,1.09,warning,,,CAMERA_ONLY
0,78.7750,t1728,BOTH,19.9330,10.6853,15.6923,4.2407,5.0070,27.0240,31.9074,0,0,14.92,0.91,warning,,,FULL_ANGLE
0,78.7750,t1728,LIDAR_ONLY,10.7436,10.7436,15.6923,4.9487,4.9487,31.5358,31.5358,0,0,14.92,0.91,cautious,-2.31,front,LIDAR_ONLY
0,78.7750,t1728,LIDAR_ONLY,10.6824,10.6824,15.6923,5.0099,5.0099,31.9261,31.9261,0,0,14.92,0.91,cautious,6.03,front,LIDAR_ONLY
0,78.8247,cam_4,CAM_ONLY,19.8500,,15.6923,4.1577,,26.4952,,0,,10.66,0.81,warning,,,CAMERA_ONLY
