frame,timestamp_s,cam_dist_m,lidar_bbox_dist_m,gt_dist_m,cam_error_m,lidar_error_m,cam_latency_ms,lidar_latency_ms
1,36.7398,,,,,,15.59,1.77
2,36.8151,,,,,,20.03,1.41
3,36.8838,,8.6694,,,,17.63,1.40
4,36.9479,,,,,,10.32,1.49
5,37.0087,,,,,,10.61,1.08
6,37.0735,,,,,,18.93,1.37
7,37.1412,,9.1291,,,,15.22,1.26
8,37.1990,,,,,,9.38,1.40
9,37.2605,,,56.4058,,,16.92,0.93
10,37.3177,,,55.9464,,,9.47,1.11
11,37.3722,,,55.5420,,,9.01,1.47
12,37.4377,,10.1032,55.1124,,45.0091,17.75,1.40
13,37.5037,,,54.6118,,,18.45,1.31
14,37.5723,,,54.0587,,,18.73,1.25
15,37.6383,,9.7508,53.5250,,43.7742,16.36,1.34
16,37.6973,,,53.0596,,,9.54,1.67
17,37.7595,,,52.4928,,,14.18,1.02
18,37.8325,,20.4937,,,,17.95,1.24
19,37.8883,,8.8248,,,,9.49,1.10
20,37.9549,,,,,,17.61,1.29
21,38.0263,,,,,,18.50,1.14
22,38.1058,,,,,,19.34,2.80
23,38.1682,,,,,,12.73,1.41
24,38.2396,,8.5784,,,,15.50,1.63
25,38.3001,,,,,,11.93,1.72
26,38.3631,,,,,,12.63,1.02
27,38.4169,,,,,,8.96,0.94
28,38.4780,,,,,,8.83,1.36
29,38.5602,,7.5567,,,,13.57,4.45
30,38.6385,,,,,,17.72,3.78
31,38.7213,,,,,,12.35,1.60
32,38.7787,,,,,,9.01,1.62
33,38.8435,,7.3971,,,,8.83,1.33
34,38.9287,,,,,,20.36,2.30
35,38.9822,,7.2794,,,,14.18,1.53
36,39.0580,,7.1421,,,,14.47,2.22
37,39.1185,,,,,,8.70,3.59
38,39.1975,,7.0759,,,,13.20,2.11
39,39.2534,,7.0808,,,,9.61,1.59
40,39.3195,,,,,,11.85,1.93
41,39.3862,,,,,,10.98,1.30
42,39.4595,,,,,,15.58,3.75
43,39.5286,,,,,,11.82,2.23
44,39.5979,,11.3568,,,,17.84,2.01
45,39.6651,,9.5379,,,,13.11,3.06
46,39.7321,,8.3412,,,,16.38,1.74
47,39.7987,,9.1095,,,,15.55,1.91
48,39.8694,,,,,,20.19,1.53
49,39.9333,,11.3799,,,,12.92,1.52
50,40.0047,,13.4073,,,,15.52,1.41
51,40.0659,,,,,,9.84,1.96
52,40.1371,,14.0555,,,,16.81,1.56
53,40.1926,,15.3257,,,,9.81,1.54
54,40.2723,,,,,,19.69,1.62
55,40.3509,,,,,,14.59,1.44
56,40.4200,,,,,,14.25,1.34
57,40.4848,,,,,,13.92,3.31
58,40.5558,,,,,,17.74,1.58
59,40.6178,,,,,,16.81,1.57
60,40.6789,,,,,,8.95,1.69
61,40.7439,,20.7673,,,,9.19,1.45
62,40.8173,,,,,,12.90,1.51
63,40.8773,,,,,,8.45,1.54
64,40.9233,,,,,,8.09,1.77
65,40.9717,,,,,,8.59,1.61
66,41.0419,,23.7755,,,,16.36,2.85
67,41.1028,,,,,,11.98,1.58
68,41.1690,,,,,,15.35,1.65
69,41.2325,,,,,,14.68,1.56
70,41.2938,,17.9467,,,,8.38,1.45
71,41.3595,,18.6012,,,,9.33,2.02
72,41.4291,,,,,,9.56,1.57
73,41.4925,,,,,,9.30,1.61
74,41.5559,,21.1142,,,,9.45,1.73
75,41.6368,,,,,,25.02,1.48
76,41.6896,,,,,,8.47,1.62
77,41.7538,,22.8608,,,,11.82,1.98
78,41.8170,,,,,,9.75,1.93
79,41.8800,,,,,,8.86,1.36
80,41.9480,,23.6517,,,,11.09,1.58
81,42.0058,,23.6805,,,,8.72,2.00
82,42.0663,,,,,,8.72,1.80
83,42.1301,,,,,,8.24,1.44
84,42.2092,,,,,,17.57,1.65
85,42.2666,,,,,,10.25,2.12
86,42.3271,,,,,,18.69,1.21
87,42.3843,,,,,,8.56,1.36
88,42.4529,,,,,,14.07,1.82
89,42.5218,,,,,,20.73,1.71
90,42.5757,,,,,,8.67,1.65
91,42.6412,,,,,,11.41,1.35
92,42.7168,,,,,,8.90,1.66
93,42.7963,,23.6382,,,,12.75,1.84
94,42.8573,,,,,,17.72,1.80
95,42.9214,,,,,,13.23,2.47
96,42.9807,,,,,,9.16,1.55
97,43.0446,,,,,,9.46,1.47
98,43.1181,,,,,,12.12,1.43
99,43.1831,,,,,,13.24,1.67
100,43.2430,,27.6419,,,,10.48,1.32
101,43.3215,,,,,,20.35,1.69
102,43.3762,,,,,,8.25,2.03
103,43.4376,,,,,,8.40,1.56
104,43.5011,,,,,,8.37,1.65
105,43.5627,,23.1952,,,,8.63,2.18
106,43.6390,,,,,,9.09,1.20
107,43.6908,,30.5978,,,,8.18,1.54
108,43.7674,,,,,,13.24,1.91
109,43.8319,,,,,,13.66,2.24
110,43.9032,,,,,,12.74,1.81
111,43.9679,,,,,,12.30,1.52
112,44.0303,,,,,,10.02,1.50
113,44.0967,,21.0348,,,,10.55,2.15
114,44.1647,,,,,,14.15,1.46
115,44.2328,,,,,,14.57,1.35
116,44.2856,,,,,,8.86,1.57
117,44.3670,,,,,,20.97,4.15
118,44.4440,,19.9125,,,,18.32,1.69
119,44.5003,,21.4816,,,,8.97,1.53
120,44.5746,,,,,,12.35,1.55
121,44.6278,,,,,,9.52,1.59
122,44.7000,,22.8027,,,,16.29,2.04
123,44.7694,,,,,,20.71,1.61
124,44.8254,,,,,,15.85,1.28
125,44.8909,,22.8581,,,,14.25,1.70
126,44.9604,,,,,,11.85,2.04
127,45.0485,,,,,,17.37,1.56
128,45.1108,,,,,,19.95,1.99
129,45.1643,,,,,,8.93,2.13
130,45.3898,,23.9715,24.5247,,0.5532,14.28,1.60
131,45.4489,,,24.1834,,,11.80,2.15
132,45.5124,,,23.8611,,,17.36,2.18
133,45.5735,,,23.6367,,,9.24,1.71
134,45.6500,,24.2063,23.2081,,0.9982,23.43,1.99
135,45.7054,,20.3083,22.8944,,2.5862,9.46,1.71
136,45.7668,,,22.7035,,,9.46,2.05
137,45.8440,,19.5209,22.3271,,2.8062,9.20,1.44
138,45.9169,,,22.0238,,,10.65,2.17
139,45.9784,,,21.7651,,,8.86,1.35
140,46.0663,,,21.4881,,,8.60,2.29
141,46.1425,,13.3316,21.3180,,7.9864,20.49,1.83
142,46.2057,,,21.2296,,,18.53,2.02
143,46.2615,,13.5304,21.1609,,7.6304,11.91,1.99
144,46.3247,,,21.1105,,,10.15,1.94
145,46.3851,,13.5016,21.0769,,7.5753,12.50,2.71
146,46.4670,,17.4931,21.0502,,3.5572,27.02,2.26
147,46.5352,,,21.0428,,,12.22,1.26
148,46.6020,,14.0586,21.0632,,7.0047,8.61,1.76
149,46.6766,,,21.0948,,,14.46,1.44
150,46.7366,,12.8564,21.1252,,8.2688,14.14,1.81
151,46.8070,,13.0451,21.1410,,8.0959,16.87,1.91
152,46.8726,,,21.1662,,,17.13,1.34
153,46.9402,,11.7268,21.2050,,9.4782,19.63,1.26
154,47.0006,,11.5003,21.2586,,9.7584,17.62,2.18
155,47.0629,,,21.3194,,,19.54,1.44
156,47.1120,,,21.3602,,,9.88,2.06
157,47.1820,,11.1742,21.4134,,10.2392,16.29,1.45
158,47.2380,,11.6254,21.4402,,9.8148,10.53,1.43
159,47.3115,,,21.4977,,,16.36,1.80
160,47.3663,,,21.5331,,,9.73,3.65
161,47.4378,,10.0408,21.5913,,11.5505,21.06,1.51
162,47.4966,,9.8404,21.6356,,11.7952,13.78,1.93
163,47.5502,,9.8589,21.6879,,11.8290,10.21,1.72
164,47.6189,,,21.7509,,,16.72,1.34
165,47.6818,,9.5487,21.8145,,12.2658,17.67,1.55
166,47.7475,,9.2260,21.8763,,12.6504,21.03,1.92
167,47.8002,,8.8491,21.9185,,13.0693,11.06,1.59
168,47.8648,,,22.0085,,,9.25,2.29
169,47.9314,,,22.1172,,,8.98,1.13
170,48.0107,,,22.1945,,,19.97,1.94
171,48.0694,,,22.2733,,,12.04,2.18
172,48.1386,,8.2344,22.3411,,14.1068,18.43,1.48
173,48.2022,,8.4020,22.4136,,14.0116,17.78,2.21
174,48.2588,,8.5538,22.4952,,13.9414,12.22,2.20
175,48.3233,,,22.5847,,,9.48,1.54
176,48.4054,,8.7945,22.6754,,13.8809,9.05,1.77
177,48.4691,,,22.7608,,,9.38,2.05
178,48.5313,,,22.8502,,,9.05,1.44
179,48.5923,,7.4227,22.9409,,15.5182,9.25,1.40
180,48.6601,,7.5055,23.0302,,15.5247,10.12,2.29
181,48.7211,,,23.1182,,,11.92,1.80
182,48.7843,,,23.2461,,,8.89,1.48
183,48.8471,,8.6231,23.3356,,14.7126,10.14,1.62
184,48.9106,,7.2808,23.3995,,16.1188,10.50,2.27
185,48.9883,,6.6082,23.5282,,16.9201,18.32,1.81
186,49.0624,,6.9701,23.6387,,16.6686,18.08,2.26
187,49.1248,,,23.7649,,,18.22,1.28
188,49.1897,,7.6618,23.8795,,16.2178,19.86,1.35
189,49.2483,,7.3601,23.9855,,16.6254,16.89,2.04
190,49.3142,,,24.0988,,,20.62,1.71
191,49.3680,,,24.1814,,,9.64,1.97
192,49.4340,,,24.3362,,,10.46,1.25
193,49.5002,,,24.4420,,,11.68,1.97
194,49.5740,,,24.5426,,,15.19,1.51
195,49.6449,,6.8852,24.6686,,17.7834,16.82,1.91
196,49.7004,,7.0363,24.7295,,17.6932,11.84,1.36
197,49.7757,,,24.8552,,,19.50,1.42
198,49.8314,,,24.9532,,,14.87,1.52
199,49.8924,,7.0601,25.0451,,17.9850,9.94,2.09
200,49.9560,,6.7467,25.1444,,18.3977,12.74,1.93
201,50.0164,,,25.2053,,,9.20,2.08
202,50.0958,,6.8207,25.3219,,18.5012,20.05,1.88
203,50.1585,,,25.3893,,,17.45,1.77
204,50.2257,,,25.4504,,,8.80,1.35
205,50.2820,,,25.5177,,,13.16,1.57
206,50.3520,,6.2119,25.5754,,19.3635,17.12,2.17
207,50.4130,,,25.6308,,,19.16,1.60
208,50.4790,,,25.6889,,,20.07,1.24
209,50.5964,,6.4614,25.8107,,19.3493,14.27,1.57
210,50.6465,,,25.8856,,,9.92,1.91
211,50.7270,,,25.9700,,,14.39,2.74
212,50.8039,,6.6500,26.0831,,19.4330,18.19,2.07
213,50.8682,,,26.1811,,,17.18,1.34
214,50.9267,,,26.2838,,,12.14,1.91
215,50.9843,,,26.3590,,,8.88,1.28
216,51.0463,,5.7099,26.4681,,20.7582,8.58,1.46
217,51.0946,,7.5413,26.5477,,19.0064,8.53,1.34
218,51.1625,,8.9107,26.6644,,17.7536,8.64,1.94
219,51.2353,,9.6702,26.8253,,17.1551,19.77,1.21
220,51.2871,,,26.9568,,,10.63,1.16
221,51.3559,,11.1040,27.0992,,15.9952,15.76,1.53
222,51.4268,,,27.2393,,,19.70,1.23
223,51.4822,,,27.3896,,,12.49,1.22
224,51.5491,,,27.5319,,,14.17,1.85
225,51.6253,,,27.6855,,,22.23,1.35
226,51.6794,,,27.8432,,,10.34,1.55
227,51.7533,,21.1933,27.9829,,6.7896,14.23,1.97
228,51.8133,,,28.1238,,,16.12,1.68
229,51.8782,,,28.2668,,,20.05,1.32
230,51.9307,,,28.3543,,,8.97,1.43
231,51.9928,,,28.5182,,,9.02,1.18
232,52.0535,,18.3308,28.5972,,10.2664,9.39,1.48
233,52.1281,,,28.7498,,,9.18,1.23
234,52.1790,,19.9887,28.8738,,8.8851,11.22,1.19
235,52.2377,,,28.9490,,,9.58,1.38
236,52.3022,,20.9276,29.0628,,8.1352,8.84,1.52
237,52.3648,,23.1508,29.1997,,6.0489,9.68,1.88
238,52.4282,,,29.2695,,,8.21,1.52
239,52.4877,,,29.3604,,,9.14,1.17
240,52.5569,28.0555,,29.4390,1.3835,,8.97,1.46
241,52.6200,,,29.5120,,,9.83,2.10
242,52.6800,28.4825,,29.5444,1.0619,,9.05,1.31
243,87.1836,25.6083,9.5373,27.1145,1.5062,17.5772,19.92,1.42
244,87.2673,25.9861,,27.1521,1.1660,,21.87,1.42
245,87.3287,,,27.1999,,,9.82,1.46
246,87.3971,26.9399,,27.2721,0.3322,,13.58,1.07
247,87.4504,27.4190,13.3753,27.3134,0.1056,13.9381,8.95,1.24
248,87.5117,,,27.3861,,,8.21,1.24
249,87.5837,27.6715,10.9230,27.4925,0.1789,16.5696,19.28,1.47
250,87.6454,27.1124,11.3643,27.5698,0.4574,16.2055,12.82,1.25
251,87.7056,28.6054,,27.6497,0.9557,,9.79,1.17
252,87.7665,30.5116,,27.7328,2.7788,,14.92,1.24
253,87.8370,,13.3376,27.8271,,14.4895,21.01,2.85
254,87.8967,,,27.9231,,,17.10,0.99
255,87.9627,29.2453,,28.0187,1.2266,,20.26,1.05
256,88.0250,28.2281,,28.1243,0.1038,,20.21,1.32
257,88.0883,,10.1912,28.2267,,18.0355,8.50,1.25
258,88.1386,29.1408,10.5282,28.2983,0.8425,17.7701,9.19,1.38
259,88.1988,29.8534,10.9120,28.4194,1.4340,17.5074,8.94,1.23
260,88.2685,,,28.5606,,,15.07,1.25
261,88.3223,30.8035,,28.6335,2.1700,,9.22,1.08
262,88.3990,30.9940,11.1073,28.7836,2.2104,17.6764,21.88,1.11
263,88.4639,,,28.8717,,,10.14,0.99
264,88.5314,29.3366,10.5023,28.9764,0.3602,18.4740,8.85,1.25
265,88.5918,29.8093,9.8653,29.0380,0.7713,19.1726,9.11,1.28
266,88.6527,30.1129,9.8180,29.0747,1.0382,19.2568,10.02,1.30
267,88.7263,,,29.1533,,,21.24,1.35
268,88.7846,,9.7476,29.2340,,19.4864,14.57,1.20
269,88.8367,,8.9643,29.3746,,20.4103,8.57,1.45
270,88.8961,,8.2585,29.4798,,21.2213,8.34,1.14
271,88.9645,,,29.6849,,,12.49,1.03
272,89.0187,,,29.8506,,,11.32,1.27
273,89.0794,,8.0090,30.0255,,22.0165,9.10,1.10
274,89.1527,,,30.2001,,,23.27,1.47
275,89.2322,,,30.4765,,,19.91,1.54
276,89.2967,,,30.6454,,,13.70,1.11
277,89.3630,,,30.8176,,,17.45,0.99
278,89.4119,,,30.9939,,,8.80,1.07
279,89.4764,,8.0089,31.1541,,23.1452,16.31,1.12
280,89.5357,,7.7031,31.3008,,23.5978,11.77,1.28
281,89.5997,,,31.4439,,,16.14,1.28
282,89.6639,,,31.5783,,,16.72,2.44
283,89.7233,,7.6732,31.7100,,24.0367,15.70,1.46
284,89.7899,,10.3593,31.8317,,21.4724,15.05,1.08
285,89.8385,,7.6847,31.9093,,24.2246,8.88,1.33
286,89.9023,,7.6921,32.0151,,24.3230,8.87,1.22
287,89.9646,,,32.1109,,,8.81,1.12
288,90.0356,,7.4810,32.2448,,24.7638,12.84,1.25
289,90.0879,,,32.3457,,,11.65,1.39
290,90.1609,,,32.6061,,,16.46,1.32
291,90.2318,,7.4345,32.8098,,25.3753,16.96,1.46
292,90.2797,,,32.9347,,,8.93,1.45
293,90.3490,,,33.1528,,,13.21,1.12
294,90.4112,,,33.3276,,,15.82,1.07
295,90.4743,,,33.4924,,,8.25,1.35
296,90.5625,,,33.7053,,,15.90,1.11
297,90.6321,,8.5240,33.9187,,25.3947,9.26,1.29
298,90.6917,,7.8025,34.0094,,26.2069,8.34,1.25
299,90.7520,,9.6975,34.1255,,24.4280,9.33,1.09
300,90.8257,,7.9856,34.2406,,26.2549,14.35,1.41
301,90.8782,,,34.2896,,,8.19,1.37
302,90.9410,,8.1162,34.3458,,26.2296,12.65,1.21
303,91.0068,,,34.4282,,,13.10,0.99
304,91.0736,,,34.4737,,,14.99,1.26
305,91.1326,,8.1910,34.5147,,26.3237,15.79,1.05
306,91.1892,,8.4075,34.5390,,26.1315,12.56,1.25
307,91.2610,,,34.5481,,,22.49,1.19
308,91.3222,,,34.5507,,,19.38,2.27
309,91.3840,,8.8545,34.5489,,25.6944,16.88,1.10
310,91.4441,,41.6929,34.5353,,7.1576,17.93,0.96
311,91.5115,,,34.5115,,,16.95,1.10
312,91.5725,,8.9751,34.4825,,25.5074,16.04,1.38
313,91.6357,,8.7671,34.4439,,25.6768,15.86,1.00
314,91.6934,,8.7149,34.4088,,25.6939,11.20,1.36
315,91.7570,,8.8348,34.3573,,25.5225,10.85,0.99
316,91.8216,,,34.2972,,,12.75,1.31
317,91.8757,,,34.2705,,,10.81,1.20
318,91.9619,,,34.2378,,,12.36,1.11
319,92.0397,,7.8571,34.1969,,26.3398,16.86,1.89
320,92.1198,,,34.1618,,,19.73,2.15
321,92.1949,,8.0549,34.1101,,26.0551,10.57,1.29
322,92.2676,,,34.0646,,,15.83,1.31
323,92.3287,,8.2075,34.0343,,25.8268,19.69,1.88
324,92.3954,,10.6287,34.0004,,23.3717,18.97,2.11
325,92.4654,,,33.9654,,,21.33,1.41
326,92.5425,,8.2698,33.9137,,25.6439,19.07,1.39
327,92.6054,,,33.8738,,,18.59,1.38
328,92.6545,,,33.8467,,,8.56,1.14
329,92.7051,,,33.8200,,,8.72,1.18
330,92.7795,,,33.7881,,,18.51,1.28
331,92.8362,,,33.7597,,,10.22,1.43
332,92.9070,,,33.7227,,,16.49,1.33
333,92.9647,,,33.6801,,,10.09,1.27
334,93.0225,,,33.6480,,,8.78,1.46
335,93.0891,,8.5404,33.6036,,25.0632,11.61,1.21
336,93.1538,,8.6040,33.5254,,24.9214,14.28,1.31
337,93.2168,,,33.4677,,,12.15,1.13
338,93.2782,,8.6504,33.4073,,24.7569,14.45,1.19
339,93.3354,,9.0750,33.3630,,24.2881,8.93,1.53
340,93.4118,,,33.2836,,,20.53,1.40
341,93.4697,,9.3927,33.2309,,23.8382,14.44,1.48
342,93.5378,,9.5103,33.1869,,23.6766,16.10,1.12
343,93.6038,,,33.1432,,,20.46,1.13
344,93.6744,,,33.1019,,,20.77,1.31
345,93.7341,,40.9328,33.0592,,7.8736,16.22,1.10
346,93.7889,,,33.0141,,,8.79,1.60
347,93.8553,,,32.9686,,,13.50,1.14
348,93.9067,,,32.9370,,,8.93,0.99
349,93.9744,,,32.8816,,,8.24,1.19
350,94.0357,,,32.8223,,,8.38,1.42
351,94.1141,,,32.7272,,,10.64,1.27
352,94.1910,,,32.6348,,,19.63,1.02
353,94.2532,,,32.5560,,,19.47,1.13
354,94.3110,,,32.4817,,,16.16,1.24
355,94.3695,,,32.4002,,,13.99,1.20
356,94.4330,,41.8959,32.3136,,9.5823,14.22,1.09
357,94.4916,,,32.2247,,,15.14,1.03
358,94.5472,,39.1435,32.1676,,6.9759,8.45,1.06
359,94.6099,,,32.0794,,,8.82,1.22
360,94.6736,,,31.9656,,,8.33,1.27
361,94.7348,,,31.8824,,,9.75,0.97
362,94.8107,,,31.7900,,,20.91,2.14
363,94.8667,,,31.6936,,,14.20,1.23
364,94.9252,,,31.5955,,,11.48,1.97
365,94.9999,,,31.4957,,,19.06,1.03
366,95.0595,,,31.4079,,,11.75,1.10
367,95.1262,,,31.2920,,,12.46,1.33
368,95.1983,,,31.2011,,,20.95,1.03
369,95.2570,,,31.0986,,,18.93,1.18
370,95.3220,,,30.9833,,,16.22,1.21
371,95.3880,31.0765,,30.8451,0.2314,,15.26,0.82
372,95.4450,30.9845,,30.6915,0.2930,,10.24,1.14
373,95.5064,,,30.5321,,,10.79,1.09
374,95.5787,,,30.3636,,,14.75,1.10
375,95.6465,31.2937,,30.2358,1.0579,,12.29,0.77
376,95.7238,31.8969,,30.0917,1.8051,,20.53,1.06
377,95.7850,,11.8005,30.0048,,18.2043,19.29,0.92
378,95.8496,31.1469,,29.9289,1.2180,,21.58,0.97
379,95.9115,,,29.8833,,,15.62,1.22
380,95.9753,31.8436,,29.8640,1.9796,,19.01,1.22
381,96.0348,,,29.8713,,,18.05,0.92
382,96.1005,30.5715,,29.9003,0.6713,,19.99,1.10
383,96.1562,30.7876,,29.9517,0.8359,,13.52,1.50
384,96.2255,,,30.0141,,,14.55,1.09
385,96.2759,,,30.0689,,,8.60,1.38
386,96.3556,30.8201,,30.2131,0.6070,,20.61,0.96
387,96.4316,31.9048,,30.3756,1.5292,,18.04,2.27
388,96.4979,33.0431,,30.4916,2.5515,,14.70,0.98
389,96.5606,31.4045,,30.6247,0.7798,,17.97,1.12
390,96.6320,31.2081,,30.7976,0.4105,,16.81,1.80
391,96.7076,31.4347,,30.9431,0.4916,,20.85,1.25
392,96.7585,31.6233,,31.0278,0.5954,,9.13,1.05
393,96.8257,31.0363,,31.1894,0.1531,,18.21,0.70
394,96.8922,32.8199,,31.2971,1.5228,,11.85,0.79
395,96.9555,32.9264,,31.3960,1.5304,,12.21,0.98
396,97.0287,32.7080,,31.5158,1.1922,,9.65,1.01
397,97.0916,32.7432,,31.6038,1.1395,,21.82,0.77
398,97.1532,,,31.6768,,,15.39,1.01
399,97.2148,33.2215,,31.7542,1.4673,,19.82,1.36
400,97.2681,35.1985,,31.8857,3.3129,,10.73,1.04
401,97.3283,,,31.9820,,,8.13,1.07
402,97.4042,35.7064,,32.1890,3.5174,,11.70,1.01
403,97.4767,35.0608,,32.3810,2.6798,,9.90,0.99
404,97.5420,34.5423,17.4058,32.5357,2.0065,15.1300,12.63,0.95
405,97.6155,,,32.7142,,,9.88,1.04
406,97.6770,36.9654,,32.8582,4.1071,,13.26,0.93
407,97.7679,,,33.0880,,,21.23,2.13
408,97.8380,,26.7126,33.2400,,6.5274,13.19,0.80
409,97.8994,,22.0498,33.4312,,11.3814,10.52,0.86
410,97.9708,35.4007,,33.5725,1.8283,,18.00,0.99
411,98.0303,,,33.7153,,,10.13,0.72
412,98.0810,,,33.8159,,,8.03,0.82
413,98.1483,,,34.0054,,,11.49,1.03
414,98.2034,,14.9340,34.1002,,19.1661,9.03,0.97
415,98.2668,,,34.2860,,,10.39,1.07
416,98.3349,,,34.4193,,,11.76,0.90
417,98.3953,,13.6494,34.5557,,20.9063,9.92,0.85
418,98.4590,,,34.6970,,,12.55,1.05
419,98.5220,,,34.8841,,,12.83,1.13
420,98.5925,,,35.0301,,,9.92,0.91
421,98.6426,,13.3819,35.1816,,21.7997,8.65,0.84
422,98.6981,,15.1421,35.2906,,20.1485,8.22,0.96
423,98.7456,,,35.3947,,,8.16,0.80
424,98.8076,,,35.6094,,,8.71,1.09
425,98.8669,,,35.7175,,,8.49,1.15
426,98.9245,,,35.8741,,,8.28,1.15
427,98.9883,,11.5554,36.0424,,24.4869,8.49,0.89
428,99.0669,,,36.2324,,,12.97,1.03
429,99.1259,,11.3819,36.3683,,24.9864,19.94,0.84
430,99.1844,,,36.4928,,,12.67,1.04
431,99.2533,,,36.5922,,,10.00,1.11
432,99.3055,,,36.6947,,,8.48,0.91
433,99.3739,,11.5028,36.9211,,25.4183,12.85,0.85
434,99.4378,,,37.0778,,,18.98,0.89
435,99.4953,,11.6377,37.2315,,25.5938,16.00,1.03
436,99.5677,,9.1014,37.4411,,28.3398,17.84,0.83
437,99.6487,,,37.6254,,,11.44,0.94
438,99.7058,,,37.7885,,,13.67,1.85
439,99.7664,,,37.9488,,,11.26,1.06
440,99.8283,,,38.1144,,,12.33,0.89
441,99.9036,,,38.3325,,,10.31,1.02
442,99.9815,,14.9746,38.5410,,23.5663,14.88,0.97
443,100.0417,,13.9910,38.7178,,24.7268,15.62,0.93
444,100.1017,,,38.8962,,,13.60,1.04
445,100.1557,,,39.0069,,,8.43,0.88
446,100.2177,,,39.1783,,,10.94,0.97
447,100.2965,,,39.4372,,,16.54,0.86
448,100.3597,,,39.6097,,,12.09,1.07
449,100.4370,,,39.8734,,,15.85,0.88
450,100.4987,,9.6904,39.9885,,30.2980,10.05,0.97
451,100.5764,,,40.2190,,,8.50,1.01
452,100.6379,,,40.4439,,,9.54,1.00
453,100.6982,,,40.5622,,,8.15,0.98
454,100.7582,,,40.7308,,,8.70,1.00
455,100.8243,,,40.9432,,,10.87,0.97
456,100.8852,,15.9322,41.1053,,25.1731,11.71,1.02
457,100.9347,,,41.2222,,,8.40,1.01
458,100.9967,,,41.3860,,,8.44,0.96
459,101.0738,,,41.5952,,,8.07,0.94
460,101.1320,,14.4107,41.7422,,27.3315,17.33,1.00
461,101.1860,,13.3449,41.8785,,28.5336,16.69,1.09
462,101.2548,,,41.9972,,,10.80,0.95
463,101.3445,,16.5029,42.1607,,25.6578,18.07,1.20
464,101.3920,,12.5738,42.2166,,29.6428,8.35,1.05
465,101.4498,,,42.2901,,,8.03,1.09
466,101.4984,,9.8802,42.3361,,32.4558,8.70,1.15
467,101.5601,,,42.4500,,,8.29,0.87
468,101.6173,,,42.5879,,,7.88,0.95
469,101.6860,,10.0400,42.7865,,32.7465,12.37,1.22
470,101.7446,,10.7909,42.9365,,32.1456,12.14,1.10
471,101.8060,,,43.0773,,,8.47,1.00
472,101.8536,,9.1069,43.1712,,34.0643,8.14,0.94
473,101.9307,,9.3393,43.3747,,34.0354,11.06,1.36
474,101.9906,,9.8289,43.5139,,33.6850,14.59,1.14
475,102.0530,,,43.6519,,,17.07,0.94
476,102.1276,,,43.8121,,,19.81,1.15
477,102.2004,,9.9699,43.9611,,33.9912,19.91,1.17
478,102.2679,,,44.1337,,,16.86,0.98
479,102.3350,,10.2914,44.2622,,33.9708,12.08,1.11
480,102.4064,,,44.4226,,,17.89,0.98
481,102.4716,,,44.5519,,,18.51,1.08
482,102.5321,,10.4640,44.6800,,34.2160,18.33,1.27
483,102.5827,,,44.7692,,,8.50,1.21
484,102.6473,,10.5208,44.8972,,34.3764,8.22,1.31
485,102.7183,,,45.0710,,,18.03,1.01
486,102.7782,,10.9801,45.1933,,34.2132,18.07,1.18
487,102.8433,,11.4722,45.3180,,33.8458,11.15,1.25
488,102.9026,,,45.4633,,,19.97,0.97
489,102.9679,,,45.5878,,,17.67,0.98
490,103.0323,,10.2987,45.7288,,35.4301,15.85,1.19
491,103.1249,,10.0966,45.9521,,35.8555,16.54,1.23
492,103.1838,,,46.0344,,,10.94,1.09
493,103.2580,,,46.2322,,,10.05,1.02
494,103.3148,,,46.3717,,,13.94,1.06
495,103.3736,,,46.4689,,,9.00,1.06
496,103.4521,,,46.6890,,,12.67,1.27
497,103.5197,,,46.8028,,,13.76,1.04
498,103.5814,,20.1028,46.9230,,26.8202,9.40,1.59
499,103.6610,,,47.0690,,,10.60,1.04
500,103.7382,,10.8656,47.2161,,36.3505,17.22,1.16
501,103.7939,,11.2943,47.2933,,35.9990,8.37,1.07
502,103.8663,,,47.4351,,,9.43,1.13
503,103.9173,,,47.5485,,,10.11,1.29
504,103.9851,,39.7614,47.6663,,7.9049,14.57,1.25
505,104.0524,,,47.7775,,,9.42,0.92
506,104.1132,,,47.8942,,,15.29,1.12
507,104.1672,,,48.0062,,,10.01,1.02
508,104.2412,,12.3446,48.1153,,35.7707,20.54,2.35
509,104.3151,,,48.2528,,,12.18,1.12
510,104.3647,,,48.3276,,,8.17,0.95
511,104.4329,,10.9235,48.4847,,37.5611,17.28,1.16
512,104.5019,,,48.5935,,,14.54,0.97
513,104.5782,,10.9999,48.7418,,37.7418,10.64,1.46
514,104.6405,,11.0433,48.8596,,37.8163,11.31,1.26
515,104.7117,,,49.0165,,,16.87,1.43
516,104.7827,,,49.1448,,,12.21,1.40
517,104.8528,,,49.3112,,,9.72,0.97
518,104.9252,,,49.4665,,,9.10,1.22
519,104.9739,,12.2371,49.5881,,37.3510,9.87,1.23
520,105.0337,,11.4105,49.6761,,38.2656,10.06,1.48
521,105.1106,,,49.8383,,,21.33,1.94
522,105.1730,,,49.9571,,,18.22,1.11
523,105.2382,,11.0970,50.0892,,38.9922,12.70,1.16
524,105.3198,,,50.2498,,,10.64,1.12
525,105.3829,,,50.3719,,,8.36,1.24
526,105.4521,,,50.5412,,,15.77,0.97
527,105.5182,,,50.6671,,,17.59,1.30
528,105.5768,,11.3045,50.7883,,39.4838,15.19,1.15
529,105.6453,,11.6699,50.8929,,39.2230,13.25,1.02
530,105.7168,,,51.0315,,,20.44,1.05
531,105.7920,,11.7004,51.1225,,39.4221,11.68,1.17
532,105.8682,,,51.2277,,,11.45,1.27
533,105.9441,,11.6665,51.3301,,39.6636,15.14,2.12
534,106.0285,,,51.4505,,,13.22,1.44
535,106.0990,,,51.5660,,,16.10,0.91
536,106.1652,,,51.6565,,,12.57,1.09
537,106.2530,,,51.8031,,,18.94,0.92
538,106.3125,,,51.8631,,,10.26,0.99
539,106.3946,,,51.9871,,,19.29,0.97
540,106.4590,,,52.0548,,,15.86,1.19
541,106.5204,,,52.1234,,,19.21,1.33
542,106.5895,,,52.2081,,,17.93,0.98
543,106.6542,,,52.2678,,,15.79,1.05
544,106.7199,,,52.3277,,,9.28,1.17
545,106.7829,,,52.3870,,,9.11,1.20
546,106.8444,,12.5379,52.4420,,39.9042,12.80,1.18
547,106.9078,,20.2001,52.5166,,32.3166,8.38,0.99
548,106.9852,,,52.5765,,,11.36,1.33
549,107.0550,,45.0931,52.6594,,7.5663,16.37,1.06
550,107.1181,,,52.7211,,,17.99,1.30
551,107.1771,,9.8133,52.7764,,42.9631,14.19,1.26
552,107.2250,,,52.8189,,,9.31,1.32
553,107.2724,,,52.8638,,,10.62,1.32
554,107.3418,,29.6015,52.9429,,23.3414,11.39,1.24
555,107.4095,,,53.0278,,,14.47,1.27
556,107.4782,,,53.0904,,,16.94,1.76
557,107.5525,,31.6575,53.1735,,21.5160,9.85,1.01
558,107.6101,,,53.2309,,,12.40,1.07
559,107.6743,,,53.2946,,,15.33,1.30
560,107.7358,,,53.3571,,,16.45,1.18
561,107.8074,,41.6534,53.4216,,11.7682,12.70,1.03
562,107.8828,,,53.4943,,,15.57,1.16
563,107.9456,,11.6494,53.5385,,41.8890,14.62,1.07
564,108.0116,,,53.5715,,,11.25,0.94
565,108.0897,,10.9367,53.6023,,42.6656,11.11,1.09
566,108.1592,,,53.6085,,,13.47,1.18
567,108.2204,,,53.6007,,,14.33,1.26
568,108.2741,,,53.5878,,,8.14,1.27
569,108.3388,,12.3247,53.6245,,41.2998,15.00,1.14
570,108.4117,,,53.6768,,,20.83,0.95
571,108.4918,,10.9023,53.7554,,42.8531,11.03,1.36
572,108.5484,,,53.8179,,,16.81,0.97
573,108.6112,,,53.8800,,,13.07,1.02
574,108.6865,,10.3847,53.9604,,43.5757,17.49,1.46
575,108.7557,,43.4548,54.0186,,10.5638,15.39,1.12
576,108.8434,,9.7345,54.1075,,44.3730,19.71,1.12
577,108.8970,,,54.1757,,,14.69,0.93
578,108.9628,,,54.2436,,,19.61,2.24
579,109.0273,,,54.3171,,,11.05,1.43
580,109.1091,,,54.4231,,,12.26,1.11
581,109.1601,,,54.4959,,,8.71,1.09
582,109.2304,,9.3165,54.5575,,45.2410,12.81,1.42
583,109.2909,,9.6434,54.6145,,44.9711,10.79,1.13
584,109.3484,,,54.6779,,,17.93,0.95
585,109.4060,,,54.7436,,,11.54,1.23
586,109.4726,,9.7978,54.8197,,45.0219,15.86,1.52
587,109.5414,,9.8869,54.8920,,45.0051,11.18,1.23
588,109.6084,,41.0449,54.9997,,13.9548,8.11,1.37
589,109.6798,,9.9857,55.0826,,45.0969,11.60,2.74
590,109.7476,,10.0595,55.1876,,45.1281,19.45,1.17
591,109.8155,,,55.2886,,,8.10,0.97
592,109.8862,,14.4320,55.4188,,40.9868,10.00,1.39
593,109.9420,,21.1410,55.5085,,34.3675,12.11,1.07
594,110.0006,,13.7342,55.5615,,41.8273,9.15,1.17
595,110.0806,,11.8251,55.6408,,43.8157,22.55,1.35
596,110.1415,,8.6329,55.6674,,47.0345,16.08,1.10
597,110.2071,,,55.6737,,,20.66,1.16
598,110.2658,,,55.6611,,,18.07,1.20
599,110.3260,,8.7196,55.6298,,46.9102,15.91,1.41
600,110.3903,,8.5708,55.5809,,47.0100,13.66,1.35
601,110.4617,,,55.5029,,,11.15,1.07
602,110.5145,,,55.4460,,,10.07,1.03
603,110.5727,,,55.4418,,,12.28,1.12
604,110.6348,,10.7099,55.4432,,44.7333,14.25,1.84
605,110.7010,,,55.4279,,,15.51,0.93
606,110.7630,,,55.4007,,,12.72,1.17
607,110.8238,,10.1368,55.3675,,45.2307,16.67,1.17
608,110.8984,,,55.3084,,,17.37,1.67
609,110.9738,,,55.2560,,,13.00,1.53
610,111.0262,,,55.2203,,,8.52,1.19
611,111.0958,,,55.1535,,,18.64,1.03
612,111.1499,,9.0933,55.1191,,46.0258,8.32,1.25
613,111.2191,,,55.0482,,,14.97,1.22
614,111.2791,,,55.0009,,,13.05,1.35
615,111.3387,,9.8468,54.9544,,45.1076,15.12,1.13
616,111.3994,,41.9201,54.9098,,12.9897,16.50,0.98
617,111.4551,,,54.8707,,,11.30,1.11
618,111.5234,,,54.8385,,,12.30,1.26
619,111.5872,,,54.8074,,,10.91,1.12
620,111.6577,,,54.7713,,,11.97,0.92
621,111.7188,,,54.7428,,,17.51,1.33
622,111.7768,,,54.7136,,,11.49,1.12
623,111.8455,,16.5516,54.6871,,38.1355,17.61,1.12
624,111.9085,,,54.6626,,,11.08,1.65
625,111.9599,,,54.6406,,,9.73,1.00
626,112.0380,,,54.6176,,,16.18,0.90
627,112.0951,,,54.6012,,,9.87,1.29
628,112.1587,,,54.5843,,,14.48,1.10
629,112.2217,,,54.5681,,,10.09,1.27
630,112.2960,,12.6594,54.5465,,41.8871,9.71,1.14
631,112.3646,,,54.5279,,,8.37,0.98
632,112.4431,,11.9377,54.5090,,42.5713,16.94,2.73
633,112.5046,,34.5504,54.4981,,19.9476,15.13,1.10
634,112.5820,,11.9047,54.4882,,42.5835,7.99,1.45
635,112.6526,,,54.4781,,,11.13,1.02
636,112.7091,,,54.4666,,,12.22,1.15
637,112.7707,,,54.4511,,,12.39,1.11
638,112.8351,,19.3697,54.4271,,35.0574,17.65,1.12
639,112.9062,,36.5012,54.4135,,17.9123,12.45,1.14
640,112.9836,,,54.3890,,,12.46,1.46
641,113.0557,,,54.3588,,,11.79,1.12
642,113.1173,,,54.3227,,,8.21,1.11
643,113.1870,,11.3312,54.2916,,42.9604,14.57,1.26
644,113.2368,,10.5082,54.2694,,43.7612,11.34,1.30
645,113.2957,,10.8016,54.2259,,43.4243,8.18,1.24
646,113.3668,,,54.1949,,,19.78,1.26
647,113.4390,,,54.1656,,,18.11,1.01
648,113.5062,,,54.1500,,,19.00,1.91
649,113.5707,,,54.1328,,,20.37,2.46
650,113.6388,,9.0777,54.1168,,45.0391,18.84,2.94
651,113.7076,,,54.0943,,,10.46,0.96
652,113.7849,,9.3498,54.0745,,44.7246,10.71,1.38
653,113.8533,,,54.0582,,,14.32,1.08
654,113.9227,,,54.0457,,,17.71,1.05
655,113.9949,,9.6562,54.0376,,44.3815,9.00,1.14
656,114.0586,,32.0787,54.0302,,21.9514,8.15,1.13
657,114.1366,,9.8444,54.0206,,44.1761,16.78,1.48
658,114.2074,,,54.0166,,,14.22,0.95
659,114.2612,,,54.0154,,,10.97,1.22
660,114.3225,,9.9756,54.0157,,44.0401,10.86,1.22
661,114.3893,,10.2268,54.0143,,43.7875,11.45,1.30
662,114.4506,,10.4512,54.0133,,43.5621,8.34,1.26
663,114.5251,,,54.0159,,,10.92,1.21
664,114.5864,,32.7635,54.0254,,21.2619,17.43,0.96
665,114.6598,,,54.0354,,,15.63,1.11
666,114.7499,,32.3970,54.0483,,21.6513,17.94,1.35
667,114.8205,,,54.0504,,,13.60,1.21
668,114.8857,,11.8293,54.0461,,42.2169,15.87,1.20
669,114.9543,,,54.0370,,,22.10,1.45
670,115.0266,,,54.0230,,,12.65,1.21
671,115.0880,,11.3479,54.0153,,42.6674,9.50,1.10
672,115.1529,,11.0376,54.0067,,42.9691,11.95,1.27
673,115.2401,,17.5008,53.9961,,36.4952,13.39,1.20
674,115.3041,,,53.9954,,,19.44,1.23
675,115.3543,,,53.9975,,,8.13,1.22
676,115.4275,,,53.9997,,,13.08,1.28
677,115.4901,,35.6156,53.9922,,18.3766,8.20,1.13
678,115.5596,,,53.9749,,,9.91,1.03
679,115.6102,,,53.9554,,,9.03,1.20
680,115.6697,,,53.9123,,,9.09,1.22
681,115.7414,,10.2628,53.8436,,43.5808,8.21,1.29
682,115.8197,,9.0832,53.7395,,44.6563,7.99,1.25
683,115.8864,,9.2033,53.6650,,44.4617,8.05,1.23
684,115.9651,,,53.5489,,,16.63,1.26
685,116.0353,,9.4877,53.4863,,43.9986,15.56,1.68
686,116.1071,,,53.5522,,,17.82,1.16
687,116.1720,,,53.6470,,,11.16,1.58
688,116.2288,,,53.7613,,,9.40,1.51
689,116.2944,,,53.9155,,,15.10,1.24
690,116.3535,,,54.0391,,,15.19,1.33
691,116.4180,,,54.1735,,,17.80,1.24
692,116.4823,,,54.3478,,,17.57,2.48
693,116.5606,,40.1550,54.4834,,14.3284,15.67,1.14
694,116.6340,,19.7706,54.6770,,34.9065,17.94,1.26
695,116.7099,,,54.8777,,,15.35,1.20
696,116.7762,,13.0651,55.0511,,41.9860,20.93,1.52
697,116.8429,,10.5232,55.1999,,44.6767,13.47,1.62
698,116.9208,,,55.3956,,,22.67,1.30
699,116.9872,,9.4413,55.5579,,46.1166,17.87,1.26
700,117.0683,,,55.7885,,,18.06,1.12
701,117.1397,,9.2732,56.0023,,46.7291,13.28,1.39
702,117.1890,,,56.1172,,,8.36,1.24
703,117.2508,,,56.2925,,,8.01,1.22
704,117.3249,,,56.5296,,,16.75,1.45
705,117.3881,,,56.7487,,,18.37,1.56
706,117.4779,,9.8001,56.9723,,47.1723,17.43,1.45
707,117.5544,,,57.1765,,,18.77,1.15
708,117.6163,,,57.3264,,,15.51,1.26
709,117.6806,,10.1008,57.4705,,47.3696,9.56,1.39
710,117.7310,,,57.6081,,,8.57,1.38
711,117.7915,,28.4693,57.7396,,29.2703,11.03,1.33
712,117.8498,,,57.8789,,,10.99,1.22
713,117.9123,,,58.0072,,,10.35,1.03
714,117.9737,,,58.1221,,,11.95,1.21
715,118.0478,,11.5139,58.2593,,46.7455,11.28,1.41
716,118.1299,,,58.4103,,,12.70,1.42
717,118.1963,,11.6569,58.5374,,46.8805,13.00,1.26
718,118.2525,,,58.6534,,,12.50,1.16
719,118.3077,,,58.7268,,,8.49,1.30
720,118.3815,,11.0721,58.8761,,47.8040,11.11,1.41
721,118.4582,,,59.0290,,,16.24,1.02
722,118.5236,,,59.1370,,,12.61,1.23
723,118.5948,,33.7805,59.2721,,25.4916,12.56,1.31
724,118.6663,,,59.4082,,,13.18,1.27
725,118.7390,,10.2565,59.5375,,49.2810,12.01,1.49
726,118.7976,,,59.6269,,,10.12,1.34
727,118.8574,,,59.7169,,,10.45,1.72
728,118.9282,,,59.8352,,,9.84,1.26
729,118.9779,,,59.9291,,,8.63,1.31
730,119.0460,,,60.0209,,,9.91,1.34
731,119.0994,,,60.1086,,,11.40,1.38
732,119.1653,,,60.1906,,,11.97,1.28
733,119.2390,,9.6679,60.2906,,50.6227,9.41,1.39
734,119.3004,,9.6656,60.3573,,50.6917,8.40,1.44
735,119.3688,,,60.4249,,,12.19,1.27
736,119.4158,,,60.4469,,,8.54,1.22
737,119.4886,,9.8228,60.4589,,50.6360,11.74,2.50
738,119.5577,,,60.4225,,,11.78,1.31
739,119.6107,,36.1524,60.3816,,24.2292,8.21,1.39
740,119.6811,,10.2047,60.2545,,50.0498,9.19,1.36
741,119.7561,,,60.0531,,,9.29,1.39
742,119.8019,,8.8243,59.9020,,51.0777,8.42,1.40
743,119.8908,,8.9330,59.9544,,51.0214,9.99,1.31
744,119.9529,,,60.0088,,,12.68,1.34
745,120.0270,,9.3498,60.0977,,50.7479,14.54,1.33
746,120.0903,,,60.1916,,,12.65,1.24
747,120.1497,,,60.2883,,,11.83,1.35
748,120.2167,,,60.4000,,,11.65,1.32
749,120.2897,,8.9907,60.5393,,51.5486,9.18,1.33
750,120.3403,,8.7694,60.6036,,51.8342,8.31,1.41
751,120.4176,,,60.6835,,,17.75,1.28
752,120.4895,,8.6979,60.7569,,52.0590,12.53,1.49
753,120.5565,,,60.8290,,,17.42,1.37
754,120.6251,,8.7038,60.9233,,52.2194,12.77,1.16
755,120.6885,,8.8547,60.9943,,52.1396,12.40,1.33
756,120.7600,,,61.0457,,,14.94,1.31
757,120.8370,,,61.0936,,,11.52,1.30
758,120.9079,,,61.2020,,,17.75,1.46
759,120.9587,,,61.2486,,,9.29,1.27
760,121.0161,,,61.3165,,,8.04,1.23
761,121.0718,,,61.3710,,,11.21,1.26
762,121.1206,,,61.4036,,,8.26,1.44
763,121.1954,,10.4717,61.4605,,50.9888,13.52,3.00
764,121.2548,,16.6549,61.4707,,44.8159,9.95,1.57
765,121.3238,,,61.4445,,,9.08,1.36
766,121.3771,,14.9069,61.4247,,46.5177,15.42,1.13
767,121.4369,,12.8125,61.4274,,48.6149,10.88,1.55
768,121.4988,,,61.3985,,,14.69,1.44
769,121.5624,,,61.3805,,,13.63,1.39
770,121.6471,,9.0193,61.4093,,52.3901,12.85,1.74
771,121.7109,,,61.4238,,,9.30,1.62
772,121.7677,,,61.4035,,,8.54,1.73
773,121.8264,,,61.3117,,,8.22,1.21
774,121.8875,,9.2176,61.1862,,51.9686,8.20,1.31
775,121.9607,,,61.0033,,,16.42,1.27
776,122.0508,,,60.5973,,,16.17,2.38
777,122.1057,,9.3001,60.3147,,51.0146,9.30,1.36
778,122.1801,,,59.9549,,,15.77,1.25
779,122.2618,,,59.3672,,,20.22,3.29
780,122.3346,,9.3126,58.8021,,49.4895,10.66,1.16
781,122.3917,,,58.3898,,,17.49,1.39
782,122.4408,,8.3997,58.1515,,49.7517,9.38,1.25
783,122.5150,,,58.1407,,,12.01,1.54
784,122.5888,,7.9006,58.2929,,50.3923,12.39,1.36
785,122.6522,,,58.4387,,,8.97,1.61
786,122.7136,,,58.5614,,,18.12,1.46
787,122.7702,,,58.6974,,,17.79,1.29
788,122.8342,,7.2304,58.8269,,51.5965,18.12,1.26
789,122.9033,,10.2595,58.9260,,48.6665,14.37,2.09
790,122.9740,,,59.0328,,,15.93,1.19
791,123.0415,,7.6613,59.0984,,51.4371,14.72,1.61
792,123.0984,,,59.1682,,,14.83,1.61
793,123.1611,,,59.2290,,,15.08,1.51
794,123.2140,,,59.2705,,,9.49,1.69
795,123.2902,,10.1142,59.3467,,49.2324,10.32,1.10
796,123.3703,,9.0317,59.3928,,50.3611,17.72,2.11
797,123.4402,,9.1247,59.3704,,50.2456,10.17,1.29
798,123.5014,,8.8053,59.3093,,50.5040,8.80,1.63
799,123.5635,,,59.1988,,,8.70,1.53
800,123.6281,,,59.0683,,,8.17,1.24
801,123.6944,,,59.0872,,,18.34,1.61
802,123.7674,,,59.1327,,,18.79,2.53
803,123.8490,,7.7457,59.1643,,51.4186,16.69,3.07
804,123.9224,,,59.1627,,,16.40,1.85
805,123.9807,,,59.1502,,,8.15,1.31
806,124.0370,,8.4433,59.1526,,50.7093,8.27,1.43
807,124.1019,,,59.1336,,,11.90,1.44
808,124.1621,,,59.1032,,,11.72,1.43
809,124.2274,,8.9730,59.0913,,50.1183,13.73,1.43
810,124.2866,,9.1506,59.0553,,49.9047,12.41,1.27
811,124.3746,,9.1934,58.9093,,49.7158,14.24,1.29
812,124.4400,,9.2715,58.7755,,49.5039,10.29,1.21
813,124.5127,,,58.5318,,,19.43,2.57
814,124.5809,,8.8336,58.3740,,49.5404,19.11,1.76
815,124.6427,,13.4634,58.3323,,44.8689,17.85,1.59
816,124.7073,,,58.2408,,,17.94,1.72
817,124.7688,,,58.1744,,,8.96,1.18
818,124.8333,,,58.1652,,,8.93,1.35
819,124.9025,,,58.1522,,,9.26,1.61
820,124.9669,,,58.1365,,,9.55,1.49
821,125.0278,,,58.1110,,,8.52,1.13
822,125.0966,,,58.0676,,,9.93,1.34
823,125.1549,,,58.0252,,,8.35,1.43
824,125.2029,,9.2767,57.9870,,48.7103,9.39,1.74
825,125.2825,,9.4889,57.8825,,48.3936,11.62,1.33
826,125.3528,,,57.6945,,,15.01,1.68
827,125.4143,,,57.5536,,,16.25,1.36
828,125.4783,,8.6966,57.4723,,48.7757,15.43,1.53
829,125.5460,,9.3925,57.3770,,47.9844,12.61,1.38
830,125.6277,,,57.1011,,,21.01,1.38
831,125.7060,,,56.9407,,,19.32,1.34
832,125.7729,,,56.8639,,,15.99,1.35
833,125.8358,,10.9076,56.7891,,45.8815,9.46,1.36
834,125.8998,,,56.7022,,,8.51,1.51
835,125.9666,,,56.5277,,,16.71,1.44
836,126.0377,,,56.4056,,,13.29,1.18
837,126.1055,,,56.3142,,,11.55,1.66
838,126.1753,,9.1365,56.1797,,47.0432,14.09,1.41
839,126.2430,,9.1877,56.0319,,46.8442,13.95,1.48
840,126.3196,,,55.7602,,,21.24,2.18
841,126.3721,,9.1140,55.5482,,46.4341,12.55,1.39
842,126.4545,,,55.3416,,,18.30,1.67
843,126.5205,,,55.1862,,,17.68,1.31
844,126.5752,,,55.0970,,,8.71,1.59
845,126.6479,,,54.9612,,,11.91,1.32
846,126.7216,,,54.8116,,,18.54,1.44
847,126.7917,,13.9018,54.6867,,40.7849,10.95,1.22
848,126.8628,,,54.4932,,,8.39,1.66
849,126.9349,,13.3641,54.1898,,40.8257,19.68,1.16
850,126.9946,,10.0968,53.8597,,43.7630,14.57,1.72
851,127.0594,,,53.4279,,,10.63,2.65
852,127.1194,,,53.0822,,,11.65,1.32
853,127.2119,,,52.9092,,,19.57,1.59
854,127.2705,,,52.7844,,,10.61,1.45
855,127.3344,,,52.6146,,,9.67,1.31
856,127.4040,,,52.2209,,,17.00,1.50
857,127.4643,,,51.9603,,,11.66,1.51
858,127.5465,,,51.8036,,,15.24,3.52
859,127.6248,,,51.6619,,,12.66,1.61
860,127.6912,,8.4017,51.3735,,42.9718,10.94,3.28
861,127.7623,,,51.0338,,,9.09,1.60
862,127.8322,,,50.6416,,,11.94,1.28
863,127.9020,,,50.5004,,,17.46,1.48
864,127.9638,,,50.4430,,,18.00,1.39
865,128.0253,,,50.3861,,,10.73,1.44
866,128.0833,,9.7010,50.3211,,40.6201,18.35,1.29
867,128.1459,,9.4668,50.2128,,40.7459,9.36,1.57
868,128.2281,,9.4478,49.9136,,40.4658,21.34,1.54
869,128.2918,,,49.5684,,,14.91,1.59
870,128.3459,,9.3978,49.3618,,39.9640,8.67,1.25
871,128.4136,,,49.2146,,,15.00,1.28
872,128.4718,,,49.1122,,,8.15,1.83
873,128.5407,,9.2292,49.0861,,39.8569,9.88,1.39
874,128.5949,,,49.0201,,,11.48,1.50
875,128.6620,,,48.9460,,,11.76,1.66
876,128.7371,,9.1176,48.9090,,39.7914,17.61,1.36
877,128.7897,,9.0198,48.8410,,39.8212,8.31,1.49
878,128.8489,,9.0515,48.7501,,39.6986,9.28,1.42
879,128.9145,,,48.4122,,,11.45,1.44
880,128.9846,,9.1053,48.2139,,39.1085,17.90,1.32
881,129.0360,,9.1969,48.1480,,38.9511,13.29,1.51
882,129.0960,,9.2566,48.0772,,38.8206,9.97,1.25
883,129.1610,,,47.7934,,,14.72,1.44
884,129.2169,,,47.6400,,,8.58,1.82
885,129.2858,,9.3321,47.6462,,38.3141,17.27,1.18
886,129.3509,,,47.6354,,,15.68,1.64
887,129.4092,,,47.6138,,,14.59,1.28
888,129.4709,,,47.6352,,,13.04,1.39
889,129.5311,,13.6428,47.6610,,34.0182,14.95,1.27
890,129.5802,,,47.6612,,,8.44,1.32
891,129.6535,,,47.6257,,,14.42,1.53
892,129.7146,,,47.6468,,,15.62,1.34
893,129.7766,,9.2329,47.6697,,38.4368,18.79,1.71
894,129.8529,,,47.6377,,,16.36,1.50
895,129.9126,,,47.6066,,,15.95,1.42
896,129.9792,,9.0736,47.6253,,38.5517,12.07,1.51
897,130.0513,,,47.5870,,,21.83,2.14
898,130.1184,,,47.5604,,,11.63,1.81
899,130.1793,,,47.5865,,,8.35,1.38
900,130.2411,,9.5165,47.6056,,38.0891,8.26,1.28
901,130.3164,,,47.5957,,,18.09,1.56
902,130.3736,,9.7123,47.5611,,37.8488,16.64,1.44
903,130.4609,,,47.5207,,,13.70,1.82
904,130.5196,,,47.4009,,,11.39,1.28
905,130.5844,,14.8347,47.3205,,32.4858,9.33,1.22
906,130.6530,,14.2308,47.3429,,33.1121,8.30,1.38
907,130.7141,,,47.2683,,,9.18,1.92
908,130.7658,,,47.2044,,,11.36,1.76
909,130.8281,,,47.2431,,,8.26,1.48
910,130.8897,,9.7180,47.3038,,37.5858,8.59,1.46
911,130.9610,,,47.3453,,,11.60,1.93
912,131.0160,,,47.3539,,,8.48,1.78
913,131.0809,,9.7475,47.4169,,37.6694,17.56,1.24
914,131.1421,,9.7380,47.4406,,37.7026,17.93,1.45
915,131.2082,,,47.3649,,,17.67,1.64
916,131.2698,,,47.2960,,,15.66,1.38
917,131.3304,,9.8212,47.3610,,37.5398,10.97,1.67
918,131.4007,,12.7502,47.4012,,34.6509,21.22,1.09
919,131.4720,,,47.3326,,,12.58,1.28
920,131.5508,,12.7603,47.2418,,34.4814,10.98,1.64
921,131.6156,,,47.3001,,,8.12,1.58
922,131.6860,,9.1015,47.3427,,38.2413,17.12,1.40
923,131.7388,,9.4779,47.3966,,37.9187,9.98,1.29
924,131.8021,,9.4870,47.3943,,37.9073,8.32,1.28
925,131.8640,,,47.2232,,,8.78,1.59
926,131.9276,,,47.1227,,,9.25,2.15
927,132.0028,,,47.2068,,,13.31,2.72
928,132.0580,,,47.1801,,,14.01,1.56
929,132.1177,,,47.0608,,,11.72,1.26
930,132.1776,,9.3235,46.8319,,37.5084,12.13,1.21
931,132.2422,,12.6067,46.4621,,33.8554,12.83,1.47
932,132.3033,,,45.9598,,,9.95,1.63
933,132.3511,,13.2553,45.6247,,32.3694,8.46,1.37
934,132.4107,,,45.6326,,,8.16,1.53
935,132.4832,,8.8330,45.8583,,37.0253,17.17,1.39
936,132.5369,,,46.0828,,,10.12,1.49
937,132.5942,,8.0465,46.2112,,38.1648,9.02,1.24
938,132.6740,,,46.5071,,,9.98,1.60
939,132.7530,,9.7129,46.7975,,37.0846,14.58,1.45
940,132.8187,,8.1844,46.9909,,38.8065,16.99,2.59
941,132.8813,,8.2902,47.0831,,38.7930,11.52,1.22
942,132.9472,,8.5822,47.0780,,38.4959,9.28,1.46
943,133.0126,,,46.9551,,,15.37,1.45
944,133.0635,,,46.9163,,,13.87,1.49
945,133.1335,,8.6833,47.1074,,38.4241,12.84,1.46
946,133.2068,,,47.3649,,,9.77,1.58
947,133.2642,,,47.5443,,,17.27,1.55
948,133.3165,,,47.7139,,,9.36,1.72
949,133.3781,,,47.9284,,,9.91,1.34
950,133.4499,,,48.2268,,,17.32,1.40
951,133.5043,,,48.4453,,,10.83,1.50
952,133.5673,,,48.6435,,,12.74,1.33
953,133.6309,,8.8944,48.8660,,39.9716,9.25,1.71
954,133.6929,,8.8929,49.0309,,40.1380,11.20,1.20
955,133.7743,,,49.1399,,,13.25,2.55
956,133.8480,,,49.2400,,,15.76,1.36
957,133.9163,,,49.4145,,,16.86,1.60
958,133.9775,,,49.6090,,,8.99,1.39
959,134.0459,,9.5773,49.8528,,40.2755,9.30,1.55
960,134.1053,,,50.0036,,,8.35,1.55
961,134.1582,,,50.1424,,,13.27,1.44
962,134.2148,,,50.3425,,,11.53,1.62
963,134.2775,,37.4982,50.5198,,13.0215,13.20,1.19
964,134.3412,,11.9443,50.7120,,38.7677,14.73,1.47
965,134.4196,,14.8851,50.9003,,36.0152,20.56,3.42
966,134.4885,,9.7803,50.9487,,41.1685,14.02,1.27
967,134.5466,,,50.8869,,,11.30,1.56
968,134.6148,,,50.9007,,,14.74,1.69
969,134.6727,,,51.0856,,,14.32,1.41
970,134.7215,,,51.2795,,,8.55,1.60
971,134.7795,,,51.4091,,,10.33,1.31
972,134.8439,,8.8052,51.6833,,42.8781,11.35,2.09
973,134.9029,,8.8226,51.8097,,42.9872,10.96,2.68
974,134.9808,,,51.9172,,,14.58,1.49
975,135.0385,,8.9629,51.8993,,42.9365,8.38,1.51
976,135.1078,,,51.7348,,,14.44,1.54
977,135.1647,,,51.4551,,,9.30,1.58
978,135.2348,,9.0358,51.3250,,42.2892,13.99,1.72
979,135.2981,,9.1213,51.4932,,42.3720,11.02,1.47
980,135.3587,,,51.5991,,,18.39,1.64
981,135.4224,,,51.7188,,,9.26,1.45
982,135.4706,,,51.8810,,,8.01,1.81
983,135.5400,,8.5752,52.2346,,43.6594,17.74,1.39
984,135.6022,,,52.4695,,,14.13,1.51
985,135.6684,,,52.6022,,,18.88,2.56
986,135.7284,,10.9092,52.7331,,41.8239,11.65,1.54
987,135.7857,,8.3228,52.9451,,44.6223,11.49,1.54
988,135.8545,,,53.0675,,,8.40,1.47
989,135.9168,,,53.0860,,,10.74,1.62
990,135.9882,,16.5100,53.1143,,36.6043,15.97,1.21
991,136.0525,,,53.3274,,,16.97,1.51
992,136.1209,,,53.5851,,,17.01,1.28
993,136.1876,,9.1226,53.8730,,44.7503,14.05,1.23
994,136.2518,,14.9201,54.1585,,39.2384,20.76,1.70
995,136.3126,,,54.3094,,,13.30,1.26
996,136.3706,,,54.3890,,,8.28,1.43
997,136.4335,,,54.7693,,,8.02,1.36
998,136.4951,,9.1112,55.0735,,45.9623,8.83,1.32
999,136.5608,,,55.3214,,,11.89,1.42
1000,136.6167,,,55.4571,,,8.49,1.51
1001,136.7021,,9.1725,55.9488,,46.7763,20.78,1.88
1002,136.7670,,,56.1963,,,12.06,1.59
1003,136.8288,,,56.4362,,,8.66,1.47
1004,136.9015,,,56.7308,,,18.26,1.25
1005,136.9568,,8.7425,57.0279,,48.2854,10.06,1.44
1006,137.0362,,8.8854,57.2824,,48.3970,15.13,1.53
1007,137.1052,,11.4451,57.4101,,45.9650,22.09,1.70
1008,137.1678,,,57.4171,,,9.96,1.46
1009,137.2192,,9.3798,57.4810,,48.1011,8.53,1.36
1010,137.2947,,9.8682,57.7474,,47.8792,15.89,1.50
1011,137.3501,,9.0235,57.8456,,48.8221,8.56,1.34
1012,137.4266,,,57.8991,,,10.42,1.33
1013,137.4934,,8.9997,57.8948,,48.8952,9.47,1.27
1014,137.5725,,,58.2318,,,12.41,1.43
1015,137.6279,,,58.3995,,,12.53,1.50
1016,137.6929,,9.1752,58.8358,,49.6605,12.30,1.31
1017,137.7656,,,59.1043,,,18.66,1.27
1018,137.8213,,,59.2245,,,9.58,1.41
1019,137.9057,,15.5111,59.3325,,43.8214,11.13,1.80
1020,137.9834,,12.4656,59.2708,,46.8052,10.18,2.08
1021,138.0495,69.5092,15.2003,59.0738,10.4354,43.8735,19.00,1.51
1022,138.1107,,,58.7465,,,17.83,1.43
1023,138.1737,,15.5749,58.2823,,42.7074,17.15,1.43
1024,138.2430,,8.0998,57.6307,,49.5309,15.58,1.59
1025,138.3132,,,56.8562,,,12.76,1.64
1026,138.3750,,,56.2704,,,12.26,1.46
1027,138.4232,,,56.4350,,,8.51,1.42
1028,138.4852,,7.7246,57.2242,,49.4996,9.45,1.40
1029,138.5466,,7.7698,57.6408,,49.8710,8.42,1.18
1030,138.6095,,12.4966,58.2926,,45.7960,11.34,1.45
1031,138.6812,,8.1840,58.6461,,50.4621,17.63,1.14
1032,138.7372,,,58.8118,,,8.10,1.49
1033,138.8035,,8.6169,59.0294,,50.4125,8.62,1.69
1034,138.8800,,15.6273,59.6312,,44.0038,14.36,1.45
1035,138.9555,,,60.1667,,,16.41,1.48
1036,139.0184,,,60.5841,,,13.45,1.43
1037,139.0874,,8.7968,61.0990,,52.3023,15.79,1.42
1038,139.1551,,,61.6000,,,11.83,1.44
1039,139.2375,,10.2409,62.1899,,51.9489,11.26,1.10
1040,139.2904,,7.9121,62.5112,,54.5991,8.54,1.66
1041,139.3708,,,63.0163,,,12.10,1.23
1042,139.4216,,,63.2283,,,8.84,1.54
1043,139.4886,,8.0690,63.8430,,55.7740,9.07,1.62
1044,139.5530,,8.0882,64.1467,,56.0585,8.59,1.50
1045,139.6213,,,64.5410,,,9.15,1.87
1046,139.6839,,,64.7954,,,8.82,1.46
1047,139.7471,,8.1181,65.2496,,57.1315,8.93,1.96
1048,139.8536,,8.1705,65.9516,,57.7811,10.02,1.41
1049,139.9352,,8.2493,66.2645,,58.0152,11.04,1.47
1050,139.9833,,8.4474,66.4180,,57.9705,8.43,1.42
1051,140.0744,,,66.5865,,,8.42,1.57
1052,140.1509,,8.5683,66.7185,,58.1503,13.96,1.75
1053,140.2349,,8.6786,67.1691,,58.4905,11.51,1.46
1054,140.3222,,,67.5451,,,8.98,1.28
1055,140.3875,,8.7073,67.8452,,59.1379,12.64,1.24
1056,140.4365,,8.5584,68.0927,,59.5343,8.36,2.12
1057,140.5138,,,68.4736,,,17.11,3.90
1058,140.5755,,,68.6454,,,13.70,1.54
1059,140.6398,,8.5656,68.8070,,60.2415,13.53,1.57
1060,140.7111,,,68.9796,,,11.03,1.75
1061,140.7764,,9.9677,69.1596,,59.1919,15.77,1.37
1062,140.8517,,8.4926,69.3125,,60.8200,17.68,3.54
1063,140.9369,,10.0724,69.4990,,59.4266,15.56,1.44
1064,140.9945,,10.2602,69.6578,,59.3976,11.95,1.51
1065,141.0754,,,69.8006,,,12.05,1.53
1066,141.1389,,12.0492,69.9255,,57.8763,12.25,1.28
1067,141.2010,,10.3719,70.0418,,59.6699,8.98,1.48
1068,141.2733,,,70.1437,,,18.10,1.38
1069,141.3333,,13.4754,70.2285,,56.7531,14.67,1.15
1070,141.4042,,,70.3008,,,13.68,1.46
1071,141.4676,,,70.2826,,,20.06,2.06
1072,141.5333,,8.6701,70.2098,,61.5398,12.58,1.67
1073,141.5888,,8.5260,70.1232,,61.5972,8.18,1.70
1074,141.6527,,8.5462,70.1958,,61.6495,8.56,1.60
1075,141.7172,,,70.2661,,,10.55,1.63
1076,141.7707,,,70.3252,,,14.49,1.59
1077,141.8444,,8.3930,70.3610,,61.9680,19.23,1.38
1078,141.9111,,,70.4034,,,11.26,1.65
1079,141.9743,,,70.4577,,,20.91,1.75
1080,142.0398,,8.4908,70.4814,,61.9906,12.58,1.53
1081,142.1097,,,70.5140,,,15.33,1.61
1082,142.1797,,,70.5776,,,15.81,1.45
1083,142.2321,,,70.6335,,,9.67,1.69
1084,142.2976,,8.2362,70.7115,,62.4752,8.49,1.18
1085,142.3787,,,70.7859,,,12.80,1.50
1086,142.4564,,,70.8715,,,17.09,1.47
1087,142.5111,,,70.9025,,,8.68,1.50
1088,142.5780,,,70.9273,,,9.37,1.50
1089,142.6426,,12.7168,70.9370,,58.2202,8.68,1.15
1090,142.7214,,,71.0965,,,13.00,1.36
1091,142.7950,,11.2866,71.2174,,59.9308,18.14,2.46
1092,142.8707,,,71.3628,,,10.03,3.40
1093,142.9423,,9.3097,71.4003,,62.0906,13.99,1.56
1094,143.0186,,,71.3667,,,12.20,1.53
1095,143.0991,,9.6066,71.2331,,61.6264,12.57,1.57
1096,143.1523,,8.9021,71.1187,,62.2166,9.49,1.67
1097,143.2305,,8.2886,70.7816,,62.4930,11.37,1.35
1098,143.2878,,8.3897,70.5634,,62.1737,8.35,1.49
1099,143.3488,,7.7693,70.3375,,62.5683,8.54,1.53
1100,143.4374,,7.7436,70.4215,,62.6779,11.00,1.51
1101,143.4991,,,70.4865,,,18.21,1.42
1102,143.5715,,,70.5462,,,18.32,1.53
1103,143.6236,,,70.5944,,,8.66,1.60
1104,143.7036,,14.8334,70.6927,,55.8592,10.20,1.48
1105,143.7501,,8.7629,70.7930,,62.0300,8.08,1.62
1106,143.8048,,11.1910,70.8735,,59.6826,10.10,1.45
1107,143.8832,,9.7475,70.9601,,61.2126,11.31,1.50
1108,143.9334,,9.1969,71.0073,,61.8105,8.87,1.52
1109,144.0192,,8.7134,71.1035,,62.3902,18.20,1.41
1110,144.0860,,7.8836,71.1644,,63.2808,11.68,1.23
1111,144.1611,,,71.2331,,,16.26,1.54
1112,144.2267,,,71.3003,,,11.43,1.43
1113,144.2789,,,71.3656,,,8.58,1.61
1114,144.3570,,,71.4452,,,11.35,1.51
1115,144.4090,,13.5402,71.5576,,58.0174,9.02,1.77
1116,144.4879,,7.7848,71.7195,,63.9347,12.84,1.29
1117,144.5534,,,71.7825,,,12.30,1.74
1118,144.6216,,,71.8529,,,21.21,2.22
1119,144.6863,,7.8072,71.9345,,64.1273,12.84,1.39
1120,144.7504,,,72.0154,,,16.54,1.47
1121,144.8184,,,72.0809,,,13.92,1.58
1122,144.8821,,8.3925,72.1642,,63.7717,16.40,1.50
1123,144.9540,,,72.2433,,,11.09,1.52
1124,145.0114,,,72.3121,,,16.26,1.39
1125,145.0700,,,72.4006,,,8.43,1.58
1126,145.1388,,8.1678,72.5008,,64.3330,10.35,1.52
1127,145.2059,,10.9988,72.5364,,61.5376,12.48,3.09
1128,145.2749,,12.8983,72.6015,,59.7032,16.66,1.68
1129,145.3338,,,72.6667,,,9.24,1.42
1130,145.4119,,,72.7351,,,18.06,3.24
1131,145.4972,,16.8578,72.8592,,56.0014,16.95,1.64
1132,145.5567,,,72.9972,,,17.35,1.57
1133,145.6279,,,73.1595,,,15.54,1.53
1134,145.7130,,,73.4440,,,18.48,1.71
1135,145.7779,,9.1619,73.7125,,64.5506,18.26,2.84
1136,145.8527,,9.1861,73.9901,,64.8040,11.41,1.65
1137,145.9219,,,74.4858,,,8.65,2.08
1138,146.0045,,9.4127,74.8307,,65.4180,23.11,1.52
1139,146.0601,,20.4944,74.9537,,54.4594,8.64,1.52
1140,146.1456,,10.2192,75.0920,,64.8728,9.82,1.48
1141,146.1979,,10.1071,75.1774,,65.0703,8.48,1.20
1142,146.2748,,,75.3283,,,10.55,1.28
1143,146.3300,,,75.4181,,,10.91,1.28
1144,146.4129,,,75.6334,,,10.44,1.90
1145,146.4960,,8.7302,75.8706,,67.1404,8.28,1.43
1146,146.5489,,12.2402,76.1008,,63.8606,11.00,1.41
1147,146.6306,,13.7907,76.2908,,62.5001,12.29,1.40
1148,146.6868,,14.5020,76.4022,,61.9001,8.50,1.46
1149,146.7671,,,76.6069,,,14.67,1.54
1150,146.8408,,9.0365,76.7605,,67.7240,16.58,2.38
1151,146.9246,,,76.9852,,,14.08,1.43
1152,146.9823,,,77.1550,,,7.94,1.54
1153,147.0675,,,77.3318,,,18.66,3.38
1154,147.1502,,8.7826,77.6014,,68.8187,9.54,1.44
1155,147.2517,,8.8467,77.9294,,69.0827,15.57,1.71
1156,147.3061,,8.0605,78.0434,,69.9829,8.73,1.64
1157,147.3846,,8.2148,78.2523,,70.0375,11.06,1.78
1158,147.4505,,8.3668,78.4166,,70.0499,10.46,1.58
1159,147.5183,,,78.5872,,,11.96,1.57
1160,147.5698,,,78.6939,,,8.33,1.59
1161,147.6485,,8.5463,78.9074,,70.3611,11.07,1.66
1162,147.7149,,,79.0783,,,11.20,1.80
1163,147.7704,,,79.1939,,,7.97,1.42
1164,147.8504,,9.0047,79.4350,,70.4303,15.25,1.67
1165,147.9186,,,79.6084,,,20.18,2.51
1166,147.9761,,,79.7302,,,12.02,1.72
1167,148.0544,,20.5689,79.9583,,59.3894,12.63,1.50
1168,148.1145,,,80.1829,,,13.86,1.58
1169,148.1925,,7.8693,80.4540,,72.5847,17.85,1.47
1170,148.2764,,,80.7872,,,9.76,1.45
1171,148.3375,,8.0581,80.9599,,72.9018,17.06,1.35
1172,148.4139,,,81.1418,,,15.70,1.57
1173,148.4919,,8.9407,81.3622,,72.4214,17.32,1.57
1174,148.5618,,,81.5300,,,18.64,1.82
1175,148.6333,,9.1542,81.7003,,72.5461,14.38,1.46
1176,148.6900,,8.8336,81.8893,,73.0556,11.84,1.39
1177,148.7662,,,82.0472,,,12.90,2.21
1178,148.8356,,10.5352,82.2170,,71.6817,12.70,1.74
1179,148.9065,,,82.3874,,,22.20,1.69
1180,148.9557,,13.2208,82.5216,,69.3008,8.55,2.10
1181,149.0404,,8.9286,82.7462,,73.8176,23.44,2.27
1182,149.1085,,,82.9335,,,18.09,1.73
1183,149.1788,,8.7075,83.1080,,74.4005,20.65,1.46
1184,149.2557,,32.4888,83.2883,,50.7995,17.17,1.87
1185,149.3216,,,83.4638,,,13.12,1.38
1186,149.3826,,8.7854,83.6348,,74.8494,17.29,1.50
1187,149.4562,,8.7981,83.8077,,75.0096,18.12,4.31
1188,149.5334,,8.7753,84.0164,,75.2411,15.78,1.58
1189,149.5823,,,84.1296,,,9.12,1.49
1190,149.6488,,7.2055,84.3057,,77.1002,12.19,1.80
1191,149.6997,,8.3134,84.4201,,76.1067,9.15,1.26
1192,149.7798,,8.4938,84.6375,,76.1436,15.58,1.51
1193,149.8490,,7.4057,84.8133,,77.4076,15.08,1.87
1194,149.9005,,7.5990,84.9254,,77.3264,9.34,1.45
1195,149.9677,,,85.0886,,,8.69,1.71
1196,150.0382,,8.5763,85.3231,,76.7467,9.11,1.50
1197,150.1192,,,85.4888,,,16.43,1.75
1198,150.1858,,8.5767,85.6586,,77.0819,10.43,1.52
1199,150.2522,,,85.8304,,,14.64,1.36
1200,150.3207,,,86.0041,,,14.46,1.60
1201,150.3710,,,86.1177,,,9.70,1.50
1202,150.4382,,,86.3864,,,11.92,1.51
1203,150.5172,,,86.5642,,,11.90,1.68
1204,150.5730,,,86.7532,,,12.92,1.68
1205,150.6607,,10.0218,87.2460,,77.2242,19.91,1.84
1206,150.7345,,9.6328,87.5518,,77.9191,15.45,1.32
1207,150.7921,,9.2441,87.6714,,78.4272,11.11,1.55
1208,150.8683,,,87.8910,,,12.26,1.56
1209,150.9345,,8.5301,88.0598,,79.5297,13.22,1.49
1210,150.9998,,11.4692,88.2262,,76.7570,20.66,1.58
1211,151.0732,,,88.3793,,,16.32,1.60
1212,151.1345,,8.6457,88.5349,,79.8892,17.30,1.24
1213,151.2032,,,88.6812,,,11.76,1.27
1214,151.2628,,,88.8164,,,16.69,1.39
1215,151.3319,,8.8051,88.9641,,80.1590,17.77,1.45
1216,151.3843,,,89.0573,,,9.08,1.37
1217,151.4595,,,89.2360,,,20.04,1.63
1218,151.5329,,8.8818,89.3897,,80.5078,17.33,1.54
1219,151.5941,,9.3102,89.5280,,80.2178,12.03,1.75
1220,151.6626,,,89.6665,,,9.20,1.59
1221,151.7422,,9.1850,89.8485,,80.6636,15.27,1.41
1222,151.7962,,9.1435,89.9459,,80.8024,8.72,1.32
1223,151.8658,,,90.0916,,,9.17,1.53
1224,151.9480,,9.2311,90.2817,,81.0505,15.35,2.08
1225,152.0031,,9.1370,90.3875,,81.2505,8.84,1.37
1226,152.0745,,,90.5302,,,12.85,1.64
1227,152.1733,,8.6523,90.7905,,82.1382,23.82,1.57
1228,152.2493,,8.7987,90.9308,,82.1322,15.79,1.42
1229,152.3204,,,91.0847,,,15.16,1.28
1230,152.3729,,,91.1814,,,9.41,2.65
1231,152.4513,,9.1161,91.3696,,82.2535,15.47,1.56
1232,152.5046,,8.7206,91.5289,,82.8082,9.27,1.48
1233,152.5826,,9.1123,91.6671,,82.5547,17.32,1.44
1234,152.6510,,9.2780,91.8054,,82.5274,15.76,1.62
1235,152.7134,,,91.9483,,,19.81,1.62
1236,152.7807,,9.2243,92.0829,,82.8586,14.80,2.15
1237,152.8427,,9.2709,92.2254,,82.9545,11.70,1.40
1238,152.9144,,,92.3725,,,14.44,1.84
1239,152.9816,,9.2937,92.5150,,83.2213,12.22,1.49
1240,153.0686,,,92.7000,,,18.41,1.57
1241,153.1412,,8.1160,92.8518,,84.7358,18.10,1.52
1242,153.2102,,,93.0099,,,10.56,1.53
1243,153.2652,,,93.1575,,,8.19,1.53
1244,153.3287,,,93.3091,,,13.06,1.56
1245,153.3917,,8.2762,93.4080,,85.1318,11.68,1.40
1246,153.4655,,,93.6609,,,17.55,1.56
1247,153.5306,,8.1393,93.7992,,85.6598,14.91,1.45
1248,153.6003,,8.3825,93.9433,,85.5608,15.19,1.49
1249,153.6906,,8.5423,94.1393,,85.5970,19.11,1.15
1250,153.7554,,,94.3033,,,18.74,1.64
1251,153.8244,,8.6735,94.4496,,85.7761,14.87,1.60
1252,153.8814,,,94.5451,,,9.89,1.24
1253,153.9591,,,94.7277,,,14.91,1.48
1254,154.0408,,8.7325,94.8961,,86.1636,15.21,1.43
1255,154.0987,,,95.0587,,,10.94,1.44
1256,154.1770,,8.7203,95.2046,,86.4843,17.86,1.41
1257,154.2436,,8.7381,95.3573,,86.6192,17.50,1.46
1258,154.3240,,8.6338,95.5372,,86.9034,17.68,1.45
1259,154.3838,,,95.6725,,,10.29,1.35
1260,154.4549,,,95.8186,,,17.28,1.60
1261,154.5271,,,95.9637,,,15.01,1.31
1262,154.5801,,,96.0624,,,10.63,1.36
1263,154.6599,,,96.3087,,,13.65,1.49
1264,154.7417,,8.0691,96.5989,,88.5298,13.08,1.63
1265,154.7918,,13.2301,96.7151,,83.4850,8.44,1.29
1266,154.8733,,,96.8931,,,12.38,2.78
1267,154.9381,,8.3878,97.0355,,88.6477,15.25,1.31
1268,154.9924,,8.6054,97.1319,,88.5265,8.45,1.45
1269,155.0701,,,97.3349,,,11.65,1.54
1270,155.1302,,,97.4261,,,13.64,1.45
1271,155.2082,,,97.6346,,,10.51,1.54
1272,155.2619,,,97.7574,,,8.48,1.52
1273,155.3284,,,97.9514,,,8.21,1.34
1274,155.4056,,,98.2511,,,17.14,1.56
1275,155.4735,,,98.5254,,,15.61,1.39
1276,155.5348,,8.5833,98.8483,,90.2651,13.47,1.37
1277,155.5896,,8.6670,98.9761,,90.3091,9.52,1.61
1278,155.6673,,,98.8981,,,11.20,1.85
1279,155.7213,,,99.0471,,,8.94,1.71
1280,155.7988,,12.6927,99.2171,,86.5243,11.81,1.60
1281,155.8795,,11.5170,99.4716,,87.9546,19.10,1.44
1282,155.9475,,10.5461,99.6462,,89.1001,18.31,1.62
1283,156.0138,,,99.7900,,,15.71,1.74
1284,156.0844,,8.5638,99.9584,,91.3946,11.94,1.46
1285,156.1673,,,100.2941,,,9.09,1.54
1286,156.2372,,,100.4485,,,11.60,1.54
1287,156.3160,,,100.5550,,,12.27,1.68
1288,156.3856,,9.2771,100.7318,,91.4547,16.08,1.48
1289,156.4456,,,100.9048,,,14.86,1.54
1290,156.5194,,,100.9898,,,15.50,2.43
1291,156.5836,,13.2339,101.0951,,87.8611,15.24,1.36
1292,156.6391,,13.2897,101.1565,,87.8668,9.75,1.42
1293,156.7213,,,101.2458,,,11.97,1.52
1294,156.8055,,12.9419,101.3556,,88.4137,11.77,1.63
1295,156.8823,,9.2222,101.4613,,92.2391,19.72,1.55
1296,156.9559,,,101.5742,,,15.33,1.67
1297,157.0265,,,101.6544,,,11.97,1.62
1298,157.0877,,8.7620,101.7248,,92.9628,16.32,1.43
1299,157.1554,,,101.8254,,,13.51,1.42
1300,157.2158,,,101.9020,,,14.79,1.33
1301,157.2826,,8.6173,102.0014,,93.3840,17.24,1.19
1302,157.3611,,,102.0546,,,15.33,1.57
1303,157.4399,,9.8609,102.1568,,92.2959,18.49,2.95
1304,157.4971,,8.6226,102.2132,,93.5905,8.15,1.51
1305,157.5797,,8.6793,102.3330,,93.6537,10.81,1.50
1306,157.6422,,8.7210,102.3993,,93.6783,13.69,1.46
1307,157.7034,,,102.4694,,,14.19,1.36
1308,157.7635,,,102.5187,,,8.76,1.54
1309,157.8436,,8.6790,102.6213,,93.9423,11.85,1.55
1310,157.8954,,14.4756,102.6600,,88.1844,9.00,1.30
1311,157.9744,,,102.7614,,,12.98,1.57
1312,158.0278,,,102.8164,,,9.10,1.76
1313,158.1046,,,102.9229,,,13.78,1.42
1314,158.1682,,,103.0414,,,12.43,1.58
1315,158.2214,,,103.1539,,,10.47,1.44
1316,158.2975,,9.4505,103.4134,,93.9629,12.71,1.68
1317,158.3492,,8.1557,103.5521,,95.3964,8.01,1.60
1318,158.4335,,14.6462,103.6572,,89.0111,23.52,1.31
1319,158.4988,,14.9007,103.7352,,88.8346,17.38,1.39
1320,158.5729,,8.3444,103.8397,,95.4953,13.29,1.66
1321,158.6449,,8.6290,103.9163,,95.2872,8.36,1.44
1322,158.7135,,,103.9812,,,8.87,1.47
1323,158.7901,,8.8663,104.0779,,95.2116,12.43,1.48
1324,158.8569,,,104.1533,,,12.93,1.53
1325,158.9114,,,104.2046,,,8.02,1.48
1326,158.9819,,,104.2840,,,9.91,1.55
1327,159.0613,,,104.4210,,,11.73,1.63
1328,159.1463,,8.4172,104.6130,,96.1958,9.24,1.35
1329,159.2204,,,104.8173,,,10.52,1.57
1330,159.2865,,,104.9161,,,9.57,1.67
1331,159.3634,,,105.0328,,,16.79,1.50
1332,159.4371,,8.8814,105.1787,,96.2972,15.46,1.35
1333,159.5072,,12.9395,105.3435,,92.4040,15.48,1.52
1334,159.5883,,8.6614,105.4441,,96.7827,20.19,1.55
1335,159.6554,,,105.5137,,,17.93,1.62
1336,159.7279,,,105.5858,,,11.63,1.49
1337,159.7896,,8.6601,105.6767,,97.0166,13.18,1.29
1338,159.8581,,,105.7679,,,11.30,1.47
1339,159.9151,,,105.8510,,,9.37,1.48
1340,159.9850,,8.6618,105.9633,,97.3015,11.34,1.41
1341,160.0468,,8.9647,106.0181,,97.0534,8.96,1.36
1342,160.1234,,,106.1138,,,11.65,1.24
1343,160.1776,,,106.1671,,,8.33,1.40
1344,160.2386,,9.4573,106.2557,,96.7984,18.82,1.39
1345,160.2942,,9.5923,106.3192,,96.7270,9.11,1.33
1346,160.3777,,,106.4166,,,14.09,1.41
1347,160.4507,,,106.5120,,,17.34,1.44
1348,160.5197,,,106.5961,,,14.02,1.37
1349,160.5869,,9.3896,106.7012,,97.3115,12.03,1.26
1350,160.6520,,,106.8110,,,12.85,1.50
1351,160.7066,,12.5561,106.8927,,94.3366,8.52,1.81
1352,160.7845,,16.4890,106.9674,,90.4784,11.72,1.35
1353,160.8524,,9.3475,107.0370,,97.6894,14.95,1.53
1354,160.9169,,,107.1047,,,8.49,1.55
1355,160.9995,,9.2208,107.1985,,97.9777,12.93,1.67
1356,161.0769,,9.1213,107.2938,,98.1725,17.21,1.41
1357,161.1476,,9.2557,107.3655,,98.1098,9.61,1.44
1358,161.2366,,9.4121,107.4665,,98.0543,15.13,1.31
1359,161.2890,,9.7093,107.5187,,97.8094,9.11,1.44
1360,161.3748,,,107.6178,,,12.69,1.33
1361,161.4327,,9.8764,107.6927,,97.8163,14.81,1.35
1362,161.4955,,,107.7663,,,11.24,1.31
1363,161.5616,,,107.8421,,,8.74,1.48
1364,161.6380,,9.6459,107.9445,,98.2986,13.97,1.46
1365,161.6950,,9.8350,108.0595,,98.2245,9.39,1.55
1366,161.7623,,,108.1352,,,8.65,1.35
1367,161.8334,,,108.2156,,,12.91,1.80
1368,161.9079,,,108.3298,,,20.79,1.68
1369,161.9781,,8.6385,108.4465,,99.8080,18.43,1.52
1370,162.0419,,8.8160,108.5626,,99.7466,16.62,1.45
1371,162.1074,,,108.6354,,,18.35,1.61
1372,162.1852,,8.7987,108.7106,,99.9119,15.76,1.60
1373,162.2669,,,108.8137,,,12.87,1.26
1374,162.3314,,11.2421,108.8956,,97.6535,10.68,1.32
1375,162.4064,,,108.9933,,,12.79,1.48
1376,162.4652,,,109.0965,,,8.67,1.79
1377,162.5276,,,109.1733,,,8.45,1.37
1378,162.5894,,8.7454,109.3158,,100.5704,16.33,1.48
1379,162.6622,,,109.4682,,,11.97,1.65
1380,162.7294,,,109.5395,,,12.04,1.56
1381,162.8142,,,109.7048,,,14.47,1.78
1382,162.8903,,9.5915,109.9290,,100.3375,18.55,3.17
1383,162.9591,,,110.0565,,,16.18,2.27
1384,163.0263,,9.0717,110.1398,,101.0681,16.79,1.48
1385,163.0900,,9.1115,110.2296,,101.1181,18.23,1.43
1386,163.1578,,,110.3039,,,12.20,1.45
1387,163.2142,,,110.3591,,,8.94,1.54
1388,163.2850,,9.1744,110.4698,,101.2954,13.79,1.55
1389,163.3430,,9.1798,110.5393,,101.3595,8.31,1.39
1390,163.4262,,9.1725,110.6437,,101.4712,15.87,1.68
1391,163.4980,,,110.7192,,,19.43,1.52
1392,163.5597,,,110.7957,,,14.85,1.61
1393,163.6328,,8.6614,110.8715,,102.2102,12.27,1.45
1394,163.7059,,,110.9778,,,10.09,1.40
1395,163.7838,,8.7794,111.0632,,102.2838,19.13,1.62
1396,163.8586,,8.9925,111.1506,,102.1581,17.93,1.56
1397,163.9206,,,111.2285,,,18.62,1.40
1398,163.9770,,,111.2788,,,8.80,1.46
1399,164.0569,,22.4281,111.3792,,88.9512,12.52,1.68
1400,164.1214,,,111.4854,,,15.35,1.46
1401,164.1866,,8.9372,111.6170,,102.6798,12.07,1.32
1402,164.2564,,,111.7223,,,9.65,1.49
1403,164.3238,,,111.7996,,,13.25,1.32
1404,164.3886,,9.0020,111.8915,,102.8895,20.08,1.59
1405,164.4494,,,111.9935,,,11.45,1.46
1406,164.5078,,,112.0415,,,8.26,1.70
1407,164.5789,,8.8714,112.1642,,103.2928,16.47,1.26
1408,164.6506,,8.8694,112.2528,,103.3834,11.73,1.49
1409,164.7267,,,112.3275,,,18.61,1.44
1410,164.7788,,,112.3872,,,10.99,1.44
1411,164.8678,,,112.5150,,,12.95,1.53
1412,164.9326,,,112.6197,,,8.21,1.43
1413,165.0096,,,112.8382,,,18.93,1.74
1414,165.0805,,8.3243,113.0528,,104.7286,13.03,1.55
1415,165.1503,,10.2726,113.2400,,102.9674,15.05,1.67
1416,165.2146,,,113.3154,,,12.56,1.65
1417,165.2807,,,113.3981,,,17.78,1.14
1418,165.3399,,8.4579,113.4808,,105.0229,8.23,1.52
1419,165.4123,,,113.6554,,,11.04,1.21
1420,165.4850,,8.5198,113.7322,,105.2123,13.44,1.39
1421,165.5395,,10.2837,113.7916,,103.5079,9.81,1.41
1422,165.5883,,8.6179,113.8440,,105.2261,8.87,1.52
1423,165.6573,,,113.9273,,,13.19,1.47
1424,165.7106,,,113.9765,,,8.47,1.27
1425,165.7750,,,114.0563,,,9.05,1.39
1426,165.8540,,19.8847,114.2071,,94.3224,10.84,1.55
1427,165.9079,,,114.3073,,,8.04,1.44
1428,165.9675,,,114.5011,,,17.93,1.41
1429,166.0404,,9.4397,114.6936,,105.2539,14.11,1.39
1430,166.1075,,,114.8912,,,13.63,1.61
1431,166.1648,,,114.9478,,,10.03,1.48
1432,166.2469,,9.2672,115.1173,,105.8501,14.61,1.59
1433,166.3230,,,115.2220,,,16.99,1.45
1434,166.3969,,,115.3170,,,17.57,1.40
1435,166.4743,,,115.3979,,,12.99,3.32
1436,166.5463,,8.8299,115.5339,,106.7040,15.43,1.63
1437,166.6119,,,115.7195,,,15.89,1.55
1438,166.6803,,9.1185,115.8026,,106.6841,14.26,1.67
1439,166.7354,,,115.8720,,,10.34,1.41
1440,166.8209,,,115.9951,,,17.67,1.48
1441,166.8850,,8.8338,116.0902,,107.2565,13.01,1.39
1442,166.9642,,,116.1918,,,13.22,1.67
1443,167.0192,,,116.2739,,,8.57,2.00
1444,167.0966,,8.9333,116.3857,,107.4525,12.11,1.69
1445,167.1588,,11.8116,116.4549,,104.6434,8.59,1.45
1446,167.2460,,8.8523,116.5609,,107.7085,14.30,1.25
1447,167.3297,,8.8025,116.6603,,107.8578,11.20,1.59
1448,167.3956,,11.0221,116.7416,,105.7195,13.05,1.57
1449,167.4561,,8.6851,116.7958,,108.1107,8.69,1.65
1450,167.5212,,,116.8693,,,8.77,1.62
1451,167.6018,,11.3395,116.9689,,105.6294,13.46,1.61
1452,167.6719,,,117.0512,,,19.18,2.74
1453,167.7432,,9.0310,117.1560,,108.1250,18.97,1.80
1454,167.8173,,,117.2411,,,12.78,1.43
1455,167.8984,,8.9217,117.3258,,108.4041,20.97,3.00
1456,167.9786,,8.9038,117.4442,,108.5404,13.64,1.40
1457,168.0558,,,117.5221,,,16.37,1.43
1458,168.1254,,,117.5975,,,10.83,1.53
1459,168.1825,,,117.6530,,,10.12,1.40
1460,168.2505,,19.3410,117.7414,,98.4004,10.06,1.45
1461,168.3314,,17.2501,117.9687,,100.7185,14.10,1.40
1462,168.3930,,10.1124,118.0723,,107.9599,12.82,1.42
1463,168.4579,,,118.2949,,,8.36,2.19
1464,168.5270,,,118.4960,,,10.50,1.47
1465,168.5768,,,118.7314,,,8.18,1.33
1466,168.6678,,,119.1911,,,12.17,2.21
1467,168.7291,,,119.6093,,,10.33,1.66
1468,168.8003,,16.1395,119.8974,,103.7579,9.97,1.15
1469,168.8882,,,120.5055,,,13.59,1.42
1470,168.9644,,,121.0801,,,18.14,1.32
1471,169.0351,,9.0419,121.3318,,112.2899,14.18,1.42
1472,169.0957,,8.8631,121.4112,,112.5482,10.80,1.46
1473,169.1780,,8.9132,121.2485,,112.3353,10.97,2.19
1474,169.2551,,10.9722,120.9055,,109.9333,18.48,1.59
1475,169.3239,,11.2087,120.2382,,109.0295,15.31,1.39
1476,169.4033,,,119.5267,,,11.10,1.38
1477,169.4627,,,119.1008,,,18.03,1.29
1478,169.5277,,9.0918,119.6557,,110.5639,12.82,1.41
1479,169.5989,,28.3395,120.3441,,92.0046,20.66,2.40
1480,169.6518,,10.5627,120.7222,,110.1595,10.82,1.47
1481,169.7208,,,121.4468,,,15.52,1.70
1482,169.7857,,11.6292,122.0364,,110.4072,11.74,1.46
1483,169.8425,,8.8071,122.4604,,113.6533,9.59,2.49
1484,169.9170,,,122.9988,,,8.84,1.64
1485,169.9875,,,123.5168,,,10.65,1.53
1486,170.0673,,,124.1210,,,13.25,1.43
1487,170.1386,,25.8976,124.7591,,98.8616,13.43,2.43
1488,170.2057,,,125.3516,,,19.24,2.55
1489,170.2613,,20.5475,125.8406,,105.2931,11.09,1.59
1490,170.3448,,9.8238,126.5637,,116.7399,12.33,1.67
1491,170.4204,,,126.9406,,,15.99,1.77
1492,170.4732,,,127.0877,,,8.96,1.53
1493,170.5381,,11.7505,127.1063,,115.3558,8.87,1.36
1494,170.5994,,,126.8138,,,15.68,1.52
1495,170.6577,,13.5505,126.5422,,112.9916,8.67,1.36
1496,170.7174,,,125.9201,,,9.00,1.62
1497,170.7778,,13.9295,125.0171,,111.0876,12.00,1.44
1498,170.8338,,8.7438,124.2488,,115.5050,8.76,1.66
1499,170.9163,,,122.5124,,,16.73,1.61
1500,170.9811,,7.9960,121.3751,,113.3791,18.21,1.21
1501,171.0383,,7.5788,121.6473,,114.0685,8.99,1.63
1502,171.1185,,,122.6677,,,12.59,1.61
1503,171.1906,,7.4090,123.6623,,116.2534,11.75,1.30
1504,171.2697,,,124.6251,,,11.25,1.61
1505,171.3459,,13.6455,125.8095,,112.1640,15.14,1.59
1506,171.4178,,,126.7089,,,17.71,1.55
1507,171.4759,,,127.2601,,,10.70,1.56
1508,171.5462,,,128.4668,,,11.30,1.54
1509,171.6221,,,129.3425,,,12.09,1.50
1510,171.6894,,9.2904,130.2413,,120.9509,17.76,1.47
1511,171.7482,,9.1745,130.7644,,121.5899,8.26,1.20
1512,171.8425,,7.6616,131.6126,,123.9511,16.74,1.56
1513,171.9091,,,132.0643,,,13.72,1.51
1514,171.9813,,15.7489,132.5082,,116.7594,13.40,1.55
1515,172.0454,,11.2274,132.9740,,121.7466,14.57,1.91
1516,172.1375,,,133.6792,,,19.09,1.45
1517,172.1994,,9.6338,134.2173,,124.5835,15.11,1.48
1518,172.2938,,7.9171,134.7992,,126.8821,24.27,1.58
1519,172.3645,,,135.2581,,,9.04,1.59
1520,172.4463,,8.1612,135.7632,,127.6020,22.44,2.56
1521,172.5209,,,136.2447,,,17.25,1.43
1522,172.5782,,,136.5496,,,8.95,1.43
1523,172.6585,,,137.2213,,,13.30,1.63
1524,172.7287,,8.7471,137.7563,,129.0091,11.47,1.53
1525,172.7884,,8.7834,138.0968,,129.3134,8.89,1.50
1526,172.8739,,,138.5228,,,10.18,1.91
1527,172.9278,,,138.7064,,,8.26,1.47
1528,172.9977,,8.9884,139.1549,,130.1665,8.48,1.30
1529,173.0783,,8.9941,139.7163,,130.7222,15.82,1.39
1530,173.1554,,8.4195,139.9859,,131.5664,11.79,1.62
1531,173.2218,,8.4497,140.1015,,131.6518,17.91,1.59
1532,173.2881,,,140.0936,,,12.03,2.05
1533,173.3713,,,140.1401,,,13.80,1.41
1534,173.4412,,8.4942,140.5672,,132.0730,11.95,1.60
1535,173.4984,,8.8539,140.8599,,132.0059,8.70,1.66
1536,173.5743,,,141.1370,,,19.20,3.67
1537,173.6453,,8.6281,141.3429,,132.7147,8.90,1.28
1538,173.7215,,,141.8643,,,11.89,1.74
1539,173.7869,,8.5913,142.0772,,133.4858,8.88,1.49
1540,173.8759,,,142.5479,,,14.95,1.60
1541,173.9490,,8.5696,142.8628,,134.2932,9.71,1.63
1542,174.0284,,8.6645,143.3337,,134.6692,16.52,3.12
1543,174.1027,,,143.5336,,,12.00,1.50
1544,174.1818,,8.8565,143.7856,,134.9290,19.54,1.57
1545,174.2411,,9.6259,144.0294,,134.4035,7.95,1.46
1546,174.2916,,9.1616,144.1858,,135.0242,8.28,1.52
1547,174.3837,,8.8950,144.2970,,135.4020,14.13,1.59
1548,174.4387,,8.7451,144.2749,,135.5298,8.94,1.68
1549,174.5101,,8.8240,144.1497,,135.3256,11.54,1.53
1550,174.5868,,8.4060,143.9219,,135.5160,16.05,1.64
1551,174.6507,,8.4692,143.9647,,135.4955,11.04,1.49
1552,174.7316,,8.5109,144.0821,,135.5712,14.94,1.46
1553,174.8081,,,144.1637,,,16.79,1.52
1554,174.8671,,,144.2225,,,9.12,1.64
1555,174.9568,,,144.3435,,,12.19,1.56
1556,175.0107,,,144.4277,,,8.18,1.47
1557,175.0987,,8.0391,144.6280,,136.5890,12.88,2.35
1558,175.1540,,11.0834,144.7166,,133.6332,8.87,1.69
1559,175.2241,,,144.7961,,,9.39,1.59
1560,175.3040,,,144.9215,,,18.44,1.55
1561,175.3762,,8.4617,145.0702,,136.6086,18.58,1.55
1562,175.4477,,8.8191,145.1617,,136.3426,14.59,1.47
1563,175.5190,,,145.2431,,,12.88,1.50
1564,175.5847,,,145.3038,,,13.87,1.48
1565,175.6648,,,145.4571,,,14.85,1.57
1566,175.7347,,9.4211,145.5642,,136.1431,18.91,1.29
1567,175.7975,,15.4798,145.6382,,130.1584,9.23,1.35
1568,175.8855,,16.5781,145.7532,,129.1751,14.65,1.33
1569,175.9438,,8.4233,145.8175,,137.3942,8.88,1.50
1570,175.9981,,11.2114,145.8773,,134.6659,10.36,1.47
1571,176.0710,,,145.9657,,,11.85,1.85
1572,176.1407,,10.6593,146.0533,,135.3940,9.51,1.57
1573,176.2100,,10.6133,146.1394,,135.5261,8.60,1.44
1574,176.2746,,,146.2328,,,8.80,1.46
1575,176.3476,,13.1615,146.3705,,133.2090,8.70,1.62
1576,176.4139,,,146.4699,,,10.11,1.41
1577,176.4797,,,146.5806,,,8.57,1.40
1578,176.5650,,,146.7968,,,15.56,1.87
1579,176.6370,,8.0455,146.9919,,138.9464,16.46,1.54
1580,176.6900,,8.3950,147.1893,,138.7943,8.73,1.44
1581,176.7782,,8.7056,147.3307,,138.6250,15.14,1.74
1582,176.8337,,,147.4007,,,8.77,1.47
1583,176.9146,,,147.5424,,,17.89,1.57
1584,176.9859,,8.0298,147.6452,,139.6155,18.39,1.35
1585,177.0473,,16.8072,147.7160,,130.9088,9.11,1.30
1586,177.1376,,8.0820,147.8632,,139.7812,10.82,1.64
1587,177.2136,,,147.9746,,,10.54,3.06
1588,177.2721,,,148.0545,,,9.81,1.68
1589,177.3688,,,148.2030,,,12.52,1.88
1590,177.4263,,,148.3153,,,10.76,1.72
1591,177.4952,,16.5099,148.4981,,131.9882,9.91,1.80
1592,177.5462,,15.3355,148.6150,,133.2795,8.62,1.28
1593,177.5987,,8.4335,148.7961,,140.3625,8.95,1.28
1594,177.6932,,8.5313,149.0639,,140.5326,17.61,1.47
1595,177.7690,,,149.1784,,,18.57,1.78
1596,177.8437,,8.5806,149.2979,,140.7173,17.79,1.70
1597,177.9037,,8.8774,149.3764,,140.4990,13.80,1.59
1598,177.9867,,8.8252,149.5234,,140.6982,14.62,1.55
1599,178.0485,,8.9947,149.5967,,140.6020,10.13,1.49
1600,178.1493,,9.3217,149.7612,,140.4396,12.50,1.78
1601,178.2197,,,149.8763,,,13.79,1.50
1602,178.2811,,,149.9499,,,8.27,1.25
1603,178.3782,,,150.0909,,,23.59,1.60
1604,178.4391,,11.5874,150.2346,,138.6472,13.94,1.73
1605,178.5056,,14.8779,150.3511,,135.4732,10.40,1.68
1606,178.5751,,,150.5239,,,8.31,1.66
1607,178.6492,,12.6954,150.6370,,137.9417,9.38,1.19
1608,178.7382,,9.4989,150.9114,,141.4125,12.52,1.45
1609,178.7958,,8.1450,151.0848,,142.9397,8.10,1.38
1610,178.8624,,,151.2397,,,14.73,1.60
1611,178.9241,,,151.3157,,,11.47,1.62
1612,178.9945,,10.2481,151.4266,,141.1785,9.73,1.34
1613,179.0676,,,151.5415,,,8.58,1.73
1614,179.1343,,10.2703,151.6553,,141.3849,9.47,1.66
1615,179.1909,,13.0972,151.7348,,138.6376,12.06,1.60
1616,179.2644,,13.9626,151.8460,,137.8834,8.16,1.60
1617,179.3359,,,151.9559,,,9.48,1.50
1618,179.4241,,,152.1103,,,14.78,1.76
1619,179.4989,,,152.2342,,,13.19,1.65
1620,179.5534,,8.2137,152.3615,,144.1478,9.26,1.58
1621,179.6350,,,152.5564,,,13.48,1.25
1622,179.7120,,,152.6698,,,13.68,1.68
1623,179.7649,,,152.7551,,,9.13,1.55
1624,179.8408,,9.6176,152.9659,,143.3483,9.14,1.50
1625,179.9127,,9.1842,153.0902,,143.9059,8.42,1.54
1626,179.9834,,,153.1711,,,9.07,1.44
1627,180.0835,,,153.3240,,,24.27,4.01
1628,180.1548,,9.2104,153.4525,,144.2421,20.12,1.57
1629,180.2129,,,153.5459,,,11.89,1.54
1630,180.2871,,8.9570,153.6538,,144.6968,9.84,1.60
1631,180.3623,,,153.7633,,,10.46,1.46
1632,180.4331,,,153.8784,,,8.65,1.78
1633,180.5035,,10.9628,154.0000,,143.0372,8.91,1.50
1634,180.5724,,,154.1508,,,8.79,1.79
1635,180.6431,,16.4489,154.2608,,137.8120,9.14,1.42
1636,180.7210,,,154.3934,,,8.78,1.68
1637,180.7899,,8.3904,154.5369,,146.1465,10.70,1.51
1638,180.8404,,8.2583,154.6538,,146.3955,8.96,1.50
1639,180.8971,,8.2866,154.7313,,146.4447,9.03,1.37
1640,180.9855,,8.3290,154.8923,,146.5632,11.89,1.26
1641,181.0460,,8.3408,154.9723,,146.6315,8.62,1.45
1642,181.1170,,,155.0825,,,8.88,1.55
1643,181.2098,,,155.2549,,,19.87,1.76
1644,181.3068,,,155.4365,,,18.31,1.67
1645,181.3666,,,155.5434,,,8.52,1.77
1646,181.4369,,9.1314,155.7457,,146.6143,13.45,1.64
1647,181.5388,,,156.0595,,,22.04,1.41
1648,181.6167,,,156.3063,,,15.13,1.61
1649,181.6804,,,156.4823,,,13.28,1.71
1650,181.7548,,9.1320,156.7295,,147.5975,7.99,1.43
1651,181.8240,,,156.9632,,,8.27,1.73
1652,181.8743,,,157.1068,,,9.46,1.66
1653,181.9352,,15.5223,157.3734,,141.8511,14.85,1.38
1654,181.9983,,11.0320,157.5389,,146.5069,9.37,1.69
1655,182.0926,,8.0986,157.9081,,149.8095,12.10,3.29
1656,182.1715,,,158.2589,,,11.49,1.37
1657,182.2604,,14.5459,158.4652,,143.9193,20.52,1.55
1658,182.3210,,,158.6712,,,16.22,1.47
1659,182.3996,,16.2137,158.8949,,142.6813,12.71,1.51
1660,182.4623,,15.2046,159.0796,,143.8750,8.76,1.52
1661,182.5376,,,159.3288,,,15.55,1.54
1662,182.6292,,,159.7657,,,15.41,1.71
1663,182.7241,,,160.2057,,,21.88,1.63
1664,182.7966,,9.0467,160.5612,,151.5145,17.80,1.76
1665,182.8693,,,160.9274,,,15.35,1.63
1666,182.9317,,,161.1744,,,9.36,1.59
1667,183.0148,,,161.7070,,,12.16,1.68
1668,183.0754,,,161.9227,,,10.26,1.89
1669,183.1555,,,162.1919,,,12.50,1.49
1670,183.2140,,,162.2465,,,9.99,1.61
1671,183.2830,,8.4926,162.1858,,153.6932,8.13,1.82
1672,183.3659,,,161.7911,,,10.67,1.35
1673,183.4263,,,161.5672,,,8.26,1.50
1674,183.4777,,,161.8682,,,8.11,1.47
1675,183.5639,,,162.7859,,,13.33,1.69
1676,183.6391,,19.8097,163.4914,,143.6817,15.56,1.37
1677,183.6971,,11.1912,163.9809,,152.7897,10.34,1.42
1678,183.7692,,,164.6826,,,8.18,1.91
1679,183.8352,,10.8112,165.2764,,154.4651,14.31,1.38
1680,183.8926,,8.7134,165.6768,,156.9635,9.06,1.44
1681,183.9653,,,166.1423,,,9.55,1.46
1682,184.0471,,8.8246,166.6700,,157.8454,12.61,1.69
1683,184.1056,,9.0038,167.0383,,158.0345,8.46,1.51
1684,184.1818,,,167.5663,,,10.49,2.35
1685,184.2541,,,167.9388,,,19.49,1.46
1686,184.3135,,,168.2802,,,9.19,1.81
1687,184.3984,,10.7032,169.0064,,158.3032,15.11,1.68
1688,184.4532,,11.0175,169.3566,,158.3391,8.36,1.53
1689,184.5304,,,169.8443,,,11.98,1.65
1690,184.6175,,,170.2383,,,13.81,1.81
1691,184.6807,,11.6700,170.7675,,159.0975,18.31,2.52
1692,184.7592,,,171.2134,,,11.22,1.44
1693,184.8187,,,171.5264,,,9.30,1.67
1694,184.9055,,,172.2291,,,9.40,1.39
1695,184.9648,,,172.5856,,,10.08,1.53
1696,185.0463,,42.7029,173.2689,,130.5660,12.29,1.59
1697,185.1066,,8.5140,173.6363,,165.1223,9.50,1.56
1698,185.1833,,8.8699,174.2653,,165.3954,9.27,1.39
1699,185.2616,,,174.5608,,,18.94,1.88
1700,185.3205,81.0445,,174.7543,93.7097,,9.84,1.80
1701,185.3949,81.3660,8.3619,175.2185,93.8525,166.8566,9.46,1.42
1702,185.4761,71.2483,,175.5748,104.3265,,9.91,1.57
1703,185.5600,,,175.7803,,,12.19,1.83
1704,185.6223,,,175.7814,,,8.15,1.60
1705,185.6986,,9.8487,175.5605,,165.7119,10.79,1.45
1706,185.7755,,,175.1225,,,19.80,3.48
1707,185.8446,,9.3732,174.4892,,165.1160,16.44,1.28
1708,185.9092,,9.1288,173.5969,,164.4681,12.39,1.49
1709,185.9825,,,172.9410,,,12.25,1.88
1710,186.0669,,,171.8039,,,12.73,1.63
1711,186.1263,,,172.2056,,,8.37,1.52
1712,186.1876,,8.1999,173.2883,,165.0884,17.06,2.70
1713,186.2693,,,174.3475,,,17.38,1.66
1714,186.3309,,,174.9643,,,10.82,1.43
1715,186.4190,,,176.1602,,,19.41,1.58
1716,186.4981,,8.6349,177.1311,,168.4962,18.20,1.46
1717,186.5520,,38.8192,177.6822,,138.8630,9.31,1.37
1718,186.6219,,,178.3400,,,8.24,1.74
1719,186.7060,,,179.2794,,,11.45,1.55
1720,186.7675,,,179.8072,,,10.36,2.00
1721,186.8245,,,180.2246,,,9.37,1.57
1722,186.9108,,,181.0911,,,11.86,1.71
1723,186.9709,,,181.4798,,,8.29,1.67
1724,187.0390,,10.3490,182.0239,,171.6748,8.68,1.49
1725,187.1134,,,182.5455,,,11.62,1.39
1726,187.1888,,10.1679,183.0079,,172.8400,10.23,1.41
1727,187.2706,,,183.6174,,,11.29,1.50
1728,187.3444,,36.5389,183.8879,,147.3490,9.02,1.32
1729,187.4241,,,184.4947,,,15.02,1.56
1730,187.5184,,,184.9243,,,22.11,1.49
1731,187.5727,,,185.2598,,,9.44,1.68
1732,187.6463,,,185.7094,,,21.91,3.68
1733,187.7058,,,186.0920,,,12.00,1.57
1734,187.7890,,,186.4723,,,13.69,1.26
1735,187.8487,,,186.7145,,,9.68,1.19
1736,187.9343,,34.6955,187.1439,,152.4484,16.10,1.37
1737,188.0127,,,187.4010,,,19.29,1.90
1738,188.0729,,,187.5021,,,13.17,1.41
1739,188.1543,,,187.4753,,,12.06,1.32
1740,188.2150,,,187.3575,,,9.27,1.52
1741,188.2893,,,187.0088,,,8.69,1.47
1742,188.3580,,,186.4697,,,10.08,1.28
1743,188.4159,,,185.9408,,,8.63,1.35
1744,188.5032,,32.5087,185.0082,,152.4995,16.13,1.27
1745,188.5650,,13.4663,185.3042,,171.8380,12.13,1.49
1746,188.6488,,,186.2882,,,15.67,1.67
1747,188.7168,,,186.6948,,,9.55,1.56
1748,188.7802,,,187.2770,,,8.49,1.37
1749,188.8302,,,187.6683,,,8.82,1.45
1750,188.8839,,,188.0739,,,10.59,1.37
1751,188.9355,,,188.4063,,,8.02,1.30
1752,188.9871,,16.6284,188.7319,,172.1035,10.37,1.32
1753,189.0388,,,189.0129,,,8.86,1.20
1754,189.0934,,,189.2371,,,9.05,1.21
1755,189.1435,,14.8801,189.4845,,174.6043,8.57,1.21
1756,189.2230,,,189.8134,,,11.84,1.31
1757,189.2957,,,190.0606,,,9.23,1.18
1758,189.3661,,,190.3238,,,10.96,1.64
1759,189.4432,,15.9901,190.5817,,174.5916,10.15,1.45
1760,189.5103,,,190.7292,,,9.47,1.33
1761,189.5687,,,190.7404,,,9.12,1.30
1762,189.6562,,,190.7719,,,18.32,1.47
1763,189.7219,,,190.9657,,,14.87,1.39
1764,189.7963,,,191.0436,,,11.16,1.26
1765,189.8667,,,191.0212,,,10.64,1.28
1766,189.9280,,,190.9441,,,8.23,1.22
1767,189.9799,,,190.7846,,,8.81,1.34
1768,190.0539,,13.6523,190.4480,,176.7956,9.89,1.22
1769,190.1246,,,189.9153,,,8.12,1.46
1770,190.2135,,,189.2330,,,11.78,1.58
1771,190.2746,,,189.4174,,,10.08,1.46
1772,190.3440,,7.5539,189.8901,,182.3362,10.38,1.06
1773,190.4098,,,190.3184,,,11.33,3.41
1774,190.4910,,7.6331,190.6448,,183.0117,17.96,1.17
1775,190.5493,,7.7981,190.8580,,183.0599,9.43,1.16
1776,190.6245,,11.8159,191.1468,,179.3309,8.87,1.17
1777,190.7082,,,191.3575,,,14.01,1.48
1778,190.7697,,,191.4733,,,8.22,1.63
1779,190.8412,,8.1323,191.6360,,183.5037,10.43,1.14
1780,190.8995,,13.1473,191.7337,,178.5864,10.23,1.44
1781,190.9525,,8.1747,191.7717,,183.5970,8.45,1.43
1782,191.0057,,8.2951,191.7656,,183.4705,9.30,1.48
1783,191.0646,,8.3692,191.6900,,183.3209,11.66,1.57
1784,191.1334,,,191.6154,,,10.18,1.14
1785,191.2120,,14.2836,191.4873,,177.2037,8.52,1.45
1786,191.2818,,,191.5716,,,8.05,1.21
1787,191.3422,,8.5192,191.6413,,183.1221,13.21,1.38
1788,191.4266,,8.6906,191.7801,,183.0895,12.16,1.34
1789,191.5047,,,191.8292,,,12.12,1.29
1790,191.5774,,8.9644,191.8880,,182.9236,11.95,1.28
1791,191.6427,,9.2764,191.9480,,182.6715,8.24,1.26
1792,191.6975,,9.0725,191.9880,,182.9155,11.09,1.48
1793,191.7538,,8.9096,191.9988,,183.0892,8.63,1.32
1794,191.8272,,,191.9767,,,10.28,1.58
1795,191.8835,,,191.9643,,,11.17,1.36
1796,191.9408,,8.9367,192.0240,,183.0873,8.37,1.27
1797,191.9985,,8.9903,192.0833,,183.0930,13.40,1.55
1798,192.0634,,,192.1270,,,9.98,1.31
1799,192.1159,,,192.1585,,,8.51,1.42
1800,192.1915,,,192.2381,,,10.66,1.36
1801,192.2718,,,192.3207,,,10.49,1.19
1802,192.3428,,8.0917,192.3911,,184.2995,8.30,1.31
1803,192.4188,,,192.4352,,,9.89,1.43
1804,192.5065,,,192.4734,,,12.26,1.33
1805,192.5721,,,192.5041,,,8.99,1.35
1806,192.6454,,10.7082,192.5410,,181.8329,8.45,1.18
1807,192.7253,,,192.5634,,,10.43,1.56
1808,192.8223,,,192.5656,,,14.45,1.36
1809,192.8987,,9.4258,192.5728,,183.1470,10.47,2.09
1810,192.9904,,9.2972,192.5622,,183.2650,19.63,1.31
1811,193.0707,,,192.5366,,,12.66,1.29
1812,193.1371,,9.3980,192.5306,,183.1326,12.18,1.20
1813,193.2153,,,192.5357,,,10.75,1.20
1814,193.2841,,9.9032,192.5339,,182.6307,8.73,1.47
1815,193.3820,,,192.5294,,,15.19,1.36
1816,193.4343,,,192.5251,,,10.60,1.34
1817,193.4935,,16.3886,192.5297,,176.1411,13.87,1.27
1818,193.5507,,13.0424,192.5338,,179.4914,12.06,1.34
1819,193.6296,,,192.5311,,,8.25,1.28
1820,193.6960,,11.8957,192.5175,,180.6218,9.08,1.39
1821,193.7493,,11.3800,192.5149,,181.1349,8.39,1.40
1822,193.8023,,,192.5022,,,8.42,1.20
1823,193.8524,,9.1478,192.4881,,183.3403,9.56,1.35
1824,193.9069,,9.0237,192.4846,,183.4610,8.22,1.37
1825,193.9620,,,192.4785,,,10.15,1.82
1826,194.0379,,,192.4738,,,10.45,1.67
1827,194.1114,,,192.4929,,,18.45,1.98
1828,194.1848,,,192.4984,,,8.56,1.74
1829,194.2541,,14.6445,192.4959,,177.8514,8.98,1.31
1830,194.3291,,,192.4863,,,8.31,1.55
1831,194.3919,,11.9685,192.4691,,180.5005,18.93,1.30
1832,194.4631,,,192.4558,,,14.34,1.54
1833,194.5326,,,192.4476,,,12.70,1.60
1834,194.6241,,,192.4303,,,19.45,1.49
1835,194.6825,,10.2278,192.4082,,182.1804,10.76,1.62
1836,194.7417,,10.4541,192.3715,,181.9174,10.29,1.55
1837,194.8319,,9.0648,192.2803,,183.2156,17.59,1.72
1838,194.8965,,9.2446,192.2265,,182.9819,12.06,1.44
1839,194.9689,,,192.1409,,,8.96,1.26
1840,195.0699,,,192.0055,,,19.77,2.81
1841,195.1217,,,191.9145,,,10.94,1.34
1842,195.1937,,10.9465,191.7482,,180.8017,10.33,1.24
1843,195.2507,,7.7702,191.7225,,183.9522,8.94,1.20
1844,195.3317,,,191.7323,,,13.27,2.46
1845,195.4008,,7.8225,191.7377,,183.9152,9.59,1.38
1846,195.4846,,8.0454,191.8008,,183.7555,17.00,1.31
1847,195.5667,,,191.8268,,,20.93,1.26
1848,195.6462,,8.5877,191.8570,,183.2693,16.35,1.47
1849,195.7048,,17.1645,191.8898,,174.7253,11.76,1.23
1850,195.7964,,9.2676,191.9350,,182.6674,15.60,1.27
1851,195.8691,,,191.9585,,,19.77,1.51
1852,195.9325,,,191.9747,,,12.55,1.58
1853,196.0076,,9.3734,192.0225,,182.6492,9.89,1.38
1854,196.0838,,,192.0719,,,9.29,1.45
1855,196.1655,,20.4191,192.1104,,171.6913,8.65,1.35
1856,196.2397,,9.1768,192.1473,,182.9705,10.80,1.51
1857,196.3011,,10.2244,192.1600,,181.9357,11.69,1.72
1858,196.3799,,,192.1586,,,10.34,1.61
1859,196.4540,,23.0857,192.1520,,169.0664,11.13,1.35
1860,196.5398,,18.4706,192.1650,,173.6944,11.77,1.43
1861,196.6064,,16.3845,192.1694,,175.7848,13.74,1.36
1862,196.6646,,11.8479,192.1679,,180.3200,9.91,1.12
1863,196.7503,,12.0093,192.1586,,180.1493,10.04,2.06
1864,196.8295,,,192.1392,,,9.18,1.33
1865,196.9023,,12.4006,192.1096,,179.7090,15.41,1.58
1866,196.9616,,11.2858,192.1038,,180.8180,14.43,1.45
1867,197.0473,,8.7895,192.0804,,183.2909,22.13,1.02
1868,197.1101,,8.6592,192.0676,,183.4084,10.34,1.26
1869,197.1969,,,192.0406,,,17.21,1.05
1870,197.2674,,8.4983,192.0388,,183.5405,13.91,1.64
1871,197.3448,,8.5179,192.0497,,183.5317,9.26,1.72
1872,197.4230,,8.6225,192.0594,,183.4368,14.84,1.82
1873,197.4980,,8.9987,192.0677,,183.0689,14.95,1.80
1874,197.5762,,,192.0753,,,16.46,1.11
1875,197.6744,,,192.1133,,,12.14,1.26
1876,197.7655,,,192.1800,,,16.40,1.20
1877,197.8353,,,192.2086,,,13.20,1.86
1878,197.9095,,9.4234,192.2262,,182.8027,8.62,1.32
1879,197.9923,,9.2752,192.2279,,182.9527,11.87,1.22
1880,198.0573,,8.9081,192.2218,,183.3136,10.34,1.34
1881,198.1157,,20.5796,192.2138,,171.6342,9.04,1.23
1882,198.1724,,,192.2062,,,8.01,1.77
1883,198.2491,,9.0493,192.1944,,183.1452,9.13,1.51
1884,198.3351,,9.1157,192.1949,,183.0792,10.96,1.34
1885,198.4153,,,192.1868,,,13.53,1.59
1886,198.4788,,,192.1850,,,11.06,1.59
1887,198.5624,,,192.1996,,,19.11,1.63
1888,198.6420,,10.6235,192.2019,,181.5784,14.26,1.33
1889,198.7066,,10.7479,192.1944,,181.4465,10.92,1.23
1890,198.7867,,10.6037,192.1683,,181.5646,10.03,1.29
1891,198.8781,,10.2350,192.1510,,181.9160,9.54,1.62
1892,198.9520,,10.1630,192.1454,,181.9824,9.67,1.45
1893,199.0323,,,192.1452,,,9.72,1.52
1894,199.1026,,10.2233,192.1511,,181.9278,8.48,1.05
1895,199.1567,,9.4892,192.1707,,182.6815,8.43,1.17
1896,199.2099,,17.5848,192.1910,,174.6062,8.69,1.30
1897,199.2785,,,192.2282,,,13.20,1.52
1898,199.3417,,8.9958,192.2577,,183.2619,9.73,1.57
1899,199.4296,,14.3058,192.3044,,177.9985,10.47,1.63
1900,199.4950,,13.8078,192.3196,,178.5119,11.99,1.53
1901,199.5815,,,192.3340,,,8.54,1.54
1902,199.6617,,,192.3465,,,10.00,1.56
1903,199.7323,,,192.3685,,,10.45,1.48
1904,199.8059,,10.5316,192.3857,,181.8541,10.75,1.52
1905,199.8763,,9.8810,192.3882,,182.5071,11.74,1.63
1906,199.9405,,9.4200,192.3809,,182.9609,8.54,1.54
1907,200.0145,,,192.3663,,,8.27,1.39
1908,200.0669,,,192.3595,,,9.51,1.51
1909,200.1311,,9.7213,192.3627,,182.6414,16.29,1.52
1910,200.2069,,,192.3660,,,20.27,1.58
1911,200.2704,,,192.3676,,,10.26,1.53
1912,200.3533,,,192.3658,,,16.18,1.15
1913,200.4161,,,192.3598,,,11.59,1.72
1914,200.5030,,,192.3407,,,15.94,1.33
1915,200.5656,,,192.3283,,,10.01,1.34
1916,200.6163,,,192.3120,,,9.32,1.35
1917,200.6724,,,192.2881,,,9.36,1.46
1918,200.7506,,12.9786,192.2466,,179.2680,14.42,1.57
1919,200.8245,,,192.1993,,,12.56,1.44
1920,200.8956,,,192.1479,,,9.85,1.25
1921,200.9550,,20.3579,192.0974,,171.7395,11.70,1.33
1922,201.0460,,,192.0368,,,18.60,1.50
1923,201.1027,,18.7086,191.9909,,173.2823,10.64,1.11
1924,201.1746,,,191.9187,,,17.22,1.33
1925,201.2397,,11.7709,191.8662,,180.0953,11.62,1.70
1926,201.3288,,12.0622,191.7664,,179.7042,19.79,1.43
1927,201.3967,,,191.7218,,,9.98,1.46
1928,201.4716,,,191.6510,,,10.44,1.42
1929,201.5371,,,191.5788,,,19.09,1.18
1930,201.6093,,,191.5058,,,19.16,1.44
1931,201.6727,,,191.4603,,,9.98,1.50
1932,201.7293,,,191.4086,,,11.58,1.40
1933,201.8046,,,191.3295,,,10.42,1.45
1934,201.9025,,,191.2004,,,18.17,2.41
1935,201.9969,,9.8587,191.0635,,181.2048,15.21,1.22
1936,202.0544,,10.4896,190.9799,,180.4903,11.17,1.33
1937,202.1255,,,190.8681,,,19.26,1.54
1938,202.1958,,,190.7782,,,13.62,1.42
1939,202.2545,,46.2202,190.6877,,144.4675,9.72,1.25
1940,202.3389,,9.8127,190.5412,,180.7285,12.33,1.16
1941,202.4205,,,190.4164,,,12.11,1.56
1942,202.5125,,42.8439,190.2858,,147.4419,21.45,1.40
1943,202.6017,,9.8781,190.1694,,180.2913,24.62,1.20
1944,202.6613,,9.9460,190.0914,,180.1454,8.43,1.18
1945,202.7210,,,190.0195,,,12.77,1.27
1946,202.7961,,11.4997,189.9323,,178.4326,10.63,1.25
1947,202.8547,,12.2758,189.8783,,177.6025,9.65,1.28
1948,202.9330,,,189.8058,,,8.92,1.47
1949,203.0131,,,189.7310,,,13.34,2.90
1950,203.0846,,13.4379,189.6614,,176.2235,11.33,1.42
1951,203.1429,,,189.6095,,,12.43,1.67
1952,203.2297,,,189.5488,,,14.96,1.44
1953,203.3081,,,189.4732,,,16.16,1.37
1954,203.3827,,,189.4339,,,10.47,2.72
1955,203.4626,,10.9926,189.3382,,178.3456,15.65,1.63
1956,203.5765,,6.3476,189.2532,,182.9056,20.05,1.18
1957,203.6628,,,189.1544,,,9.21,1.68
1958,203.7450,,,189.1153,,,17.70,1.52
1959,203.8251,,,189.0490,,,16.21,1.56
1960,203.8976,,7.8698,189.0122,,181.1424,9.70,1.48
1961,203.9725,,,188.9527,,,11.17,1.24
1962,204.0520,,8.9381,188.8912,,179.9530,15.21,1.65
1963,204.1116,,9.5068,188.8495,,179.3428,12.29,1.18
1964,204.1898,,10.7465,188.8033,,178.0568,9.17,1.84
1965,204.2696,,10.4019,188.7725,,178.3705,15.14,1.09
1966,204.3438,,11.3662,188.7426,,177.3764,8.60,1.57
1967,204.3988,,11.3247,188.7252,,177.4005,9.11,1.20
1968,204.4548,,11.0359,188.7070,,177.6711,8.64,1.27
1969,204.5128,,,188.6891,,,13.68,1.38
1970,204.5901,,10.7144,188.6585,,177.9441,13.05,1.79
1971,204.6490,,10.2595,188.6266,,178.3670,8.79,1.42
1972,204.7070,,9.0337,188.5795,,179.5458,11.24,1.23
1973,204.7834,,,188.5010,,,10.81,1.46
1974,204.8598,,8.6613,188.4215,,179.7601,12.74,1.31
1975,204.9335,,,188.4394,,,9.28,1.37
1976,205.0135,,8.6198,188.5075,,179.8877,9.04,1.30
1977,205.0965,,8.7395,188.5499,,179.8105,10.98,1.57
1978,205.1757,,,188.6015,,,10.80,2.68
1979,205.2535,,8.7697,188.7437,,179.9740,10.91,1.60
1980,205.3304,,,188.8999,,,9.64,1.40
1981,205.4073,,8.8145,189.0406,,180.2262,9.12,1.41
1982,205.4961,,8.9293,189.2303,,180.3010,9.87,1.33
1983,205.5589,,8.9599,189.3307,,180.3708,9.13,1.31
1984,205.6341,,8.9279,189.4815,,180.5536,8.66,1.63
1985,205.7098,,8.6064,189.6265,,181.0201,14.00,1.25
1986,205.7631,,14.7497,189.7382,,174.9884,9.92,1.20
1987,205.8168,,,189.8340,,,9.10,1.13
1988,205.8892,30.1215,,189.9627,159.8412,,9.79,1.53
1989,205.9850,,8.2333,190.1580,,181.9247,11.90,1.54
1990,206.0485,,7.9119,190.2602,,182.3484,8.84,1.30
1991,206.1044,37.0083,8.1245,190.3634,153.3551,182.2389,11.80,1.30
1992,206.1748,38.0271,,190.5129,152.4858,,9.49,1.31
1993,206.2478,,8.3034,190.6674,,182.3641,9.76,1.16
1994,206.3009,,10.1975,190.7837,,180.5862,10.33,1.35
1995,206.3537,,10.5170,190.8952,,180.3782,9.16,1.13
1996,206.4211,,,191.0701,,,14.37,1.44
1997,206.4809,,,191.1792,,,8.89,1.42
1998,206.5572,,21.6421,191.3763,,169.7342,23.55,1.16
1999,206.6480,,8.3967,191.5509,,183.1542,16.84,1.54
2000,206.7362,,19.3906,191.7749,,172.3844,17.14,1.38
2001,206.7977,,8.4763,191.9039,,183.4276,12.89,1.50
2002,206.8823,,8.4881,192.1370,,183.6489,10.80,1.33
2003,206.9482,,8.3820,192.2593,,183.8773,8.37,1.28
2004,207.0250,,,192.4501,,,11.27,1.40
2005,207.0795,,,192.5832,,,10.34,1.52
2006,207.1380,,8.4002,192.7164,,184.3162,8.44,1.58
2007,207.2129,,10.2303,192.8918,,182.6615,11.35,1.00
2008,207.2887,,,193.0698,,,11.55,1.53
2009,207.3602,,10.3387,193.2516,,182.9128,12.65,1.20
2010,207.4402,,10.0118,193.4369,,183.4251,9.87,1.43
2011,207.5141,,,193.6182,,,8.42,1.12
2012,207.6046,,,193.8339,,,14.95,1.11
2013,207.6740,,,193.9596,,,16.39,1.36
2014,207.7682,,,194.1649,,,18.43,1.44
2015,207.9246,,,,,,15.21,1.55
2016,207.9978,,8.3908,,,,14.32,1.26
2017,208.0600,,8.4374,,,,9.01,1.18
2018,208.1161,,,,,,10.05,1.22
2019,208.2016,,8.9697,,,,10.09,1.64
2020,208.2770,,,,,,10.60,1.65
2021,208.3320,,,,,,8.31,1.57
2022,208.4139,,,,,,8.31,1.59
2023,208.4872,,,,,,8.78,1.53
2024,208.5600,,11.6258,,,,9.55,1.51
2025,208.6136,,,,,,9.72,1.23
2026,208.6889,,,,,,11.62,1.54
2027,208.7813,,,,,,14.76,1.36
2028,208.8419,,14.3021,,,,12.43,2.56
2029,208.9201,,,,,,10.78,1.33
2030,208.9798,,,,,,9.43,1.48
2031,209.0365,,9.5606,,,,8.58,1.51
2032,209.1216,,7.0097,,,,16.63,1.61
2033,209.2055,,7.2471,,,,9.81,1.48
2034,209.2963,,10.0153,,,,9.85,1.53
2035,209.3671,,,,,,9.78,1.34
2036,209.4288,,,,,,12.16,1.30
2037,209.5031,,10.5567,,,,9.91,1.32
2038,209.5756,,,,,,8.87,1.49
2039,209.6281,,,,,,8.54,1.37
2040,209.7044,,9.8328,,,,9.14,1.18
2041,209.7840,,,,,,8.52,1.38
2042,209.8445,,,,,,18.03,1.37
2043,209.9160,,,,,,10.29,1.15
2044,209.9900,,10.6212,,,,9.64,1.41
2045,210.0464,,9.4768,,,,9.50,1.24
2046,210.1261,,,,,,12.71,1.34
2047,210.2128,,,,,,20.36,1.39
2048,210.2814,,,,,,11.10,1.39
2049,210.3654,,,,,,11.86,1.50
2050,210.4431,,,,,,13.43,1.32
2051,210.5106,,8.7499,,,,16.30,1.35
2052,210.5705,,,,,,8.80,1.39
2053,210.6441,,18.2054,,,,9.71,1.28
2054,210.7286,,8.8897,,,,17.04,1.35
2055,210.7922,,9.0825,,,,11.18,1.38
2056,210.8503,,9.5335,,,,12.86,1.38
2057,210.9201,,,,,,13.00,1.31
2058,210.9841,,,,,,13.26,1.23
2059,211.0772,,9.7667,,,,20.31,1.48
2060,211.1478,,,,,,12.01,1.36
2061,211.2330,,10.1085,,,,13.37,1.33
2062,211.2972,,10.7852,,,,11.14,1.21
2063,211.3875,,10.5863,,,,13.38,1.19
2064,211.4652,,,,,,15.37,1.39
2065,211.5388,,,,,,18.38,1.16
2066,211.6112,,18.7445,,,,9.09,1.11
2067,211.6738,,,,,,8.66,1.31
2068,211.7490,,,,,,10.51,1.12
2069,211.8062,,9.1887,,,,10.87,1.21
2070,211.8906,,9.4043,,,,17.22,1.35
2071,211.9591,,9.2787,,,,11.26,1.21
2072,212.0318,,,,,,13.77,1.41
2073,212.1110,,,,,,18.85,2.43
2074,212.1702,,,,,,12.12,1.19
2075,212.2533,,12.4566,,,,11.17,2.05
2076,212.3433,,,,,,14.66,1.19
2077,212.4088,,10.7787,,,,11.84,1.35
2078,212.4866,,10.3526,,,,8.73,1.52
2079,212.5649,,,,,,12.24,1.17
2080,212.6407,,10.3041,,,,11.48,1.41
2081,212.7238,,10.0806,,,,11.22,1.67
2082,212.7910,,9.3641,,,,12.67,1.59
2083,212.8442,,12.7906,,,,9.03,1.37
2084,212.9177,,,,,,8.93,1.20
2085,212.9994,,13.2540,,,,11.63,1.81
2086,213.0686,,13.7304,,,,11.15,1.16
2087,213.1505,,8.9962,,,,12.25,1.18
2088,213.2272,,,,,,12.89,1.41
2089,213.2977,,9.6286,,,,10.43,1.32
2090,213.5382,,10.1508,24.7740,,14.6232,18.05,1.30
2091,213.6187,21.8244,,24.6425,2.8182,,20.26,1.26
2092,213.6878,,10.1610,24.5472,,14.3862,13.10,1.50
2093,213.7901,26.9012,,24.5393,2.3620,,18.38,1.49
2094,213.8654,26.9043,,24.5377,2.3665,,12.21,1.10
2095,213.9549,27.5367,,24.5329,3.0038,,17.24,1.08
2096,214.0333,26.7597,14.3471,24.5171,2.2426,10.1700,16.36,1.21
2097,214.1105,27.3728,,24.5106,2.8621,,10.43,1.24
2098,214.1992,26.8887,14.3260,24.5810,2.3077,10.2549,17.60,1.20
2099,214.2677,26.4689,,24.6969,1.7720,,20.85,1.44
2100,214.3388,26.4434,,24.8318,1.6116,,14.08,1.60
2101,214.4080,26.4555,14.7302,24.9278,1.5276,10.1976,10.00,1.12
2102,214.4952,25.9851,,25.1276,0.8575,,18.87,1.09
2103,214.5579,26.5724,14.7655,25.2252,1.3472,10.4597,11.63,1.10
2104,214.6338,27.1453,,25.3759,1.7694,,9.38,1.32
2105,214.7233,26.7263,,25.5814,1.1449,,14.78,1.41
2106,214.7922,26.7286,15.1858,25.7339,0.9947,10.5480,12.81,0.96
2107,214.8680,26.7624,10.0941,25.8734,0.8890,15.7793,10.08,1.48
2108,214.9444,26.5638,10.3776,25.9726,0.5912,15.5950,18.04,1.56
2109,215.0198,27.1656,,26.1148,1.0508,,8.78,1.04
2110,215.0790,26.5118,,26.2297,0.2822,,17.18,1.43
2111,215.1417,26.5785,10.4737,26.3451,0.2334,15.8714,11.32,1.51
2112,215.2341,,9.2476,26.5521,,17.3045,12.93,1.35
2113,215.3278,26.9269,,26.7037,0.2232,,19.17,1.27
2114,215.4288,,,26.9101,,,19.99,1.37
2115,215.4875,,11.4780,27.0351,,15.5570,8.83,1.68
2116,215.5791,26.6301,11.7543,27.2449,0.6148,15.4906,20.48,1.47
2117,215.6453,,,27.3361,,,11.00,1.43
2118,215.7279,,,27.4994,,,12.80,1.32
2119,215.7894,,11.1114,27.6211,,16.5097,16.67,1.55
2120,215.8569,,10.8172,27.7422,,16.9250,19.88,2.87
2121,215.9395,,,27.9230,,,12.34,1.22
2122,216.0028,,10.8994,28.0155,,17.1161,10.33,1.23
2123,216.0974,,11.1268,28.2391,,17.1123,9.36,1.08
2124,216.1561,,10.3965,28.3479,,17.9514,11.17,1.17
2125,216.2257,,9.3705,28.5146,,19.1441,13.69,1.37
2126,216.2951,,8.7933,28.6365,,19.8432,11.33,1.60
2127,216.3739,30.2262,,28.8249,1.4013,,12.20,1.23
2128,216.4533,,8.5043,29.0111,,20.5068,13.94,1.18
2129,216.5349,,,29.2904,,,16.55,1.62
2130,216.6080,,8.7352,29.4222,,20.6870,10.34,1.21
2131,216.6957,,9.0531,29.7418,,20.6887,18.60,1.21
2132,216.7858,30.5014,9.3800,30.0510,0.4504,20.6710,9.78,1.40
2133,216.8513,32.2435,9.7093,30.3521,1.8914,20.6428,11.62,1.29
2134,216.9317,,10.3103,30.6332,,20.3229,12.84,1.20
2135,216.9992,33.6366,10.3814,30.8408,2.7957,20.4594,13.25,1.50
2136,217.0732,,,31.1220,,,9.58,1.28
2137,217.1440,,10.1365,31.4117,,21.2752,8.40,1.31
2138,217.2240,,,31.7135,,,9.48,1.47
2139,217.3028,,9.7761,32.0069,,22.2308,7.94,1.34
2140,217.3622,,9.5308,32.2265,,22.6957,10.83,1.45
2141,217.4176,,,32.4375,,,9.86,1.36
2142,217.4719,,,32.6479,,,11.27,1.38
2143,217.5273,,,32.8500,,,9.69,1.24
2144,217.5847,,,33.0504,,,10.37,1.70
2145,217.6579,,9.1599,33.3496,,24.1897,10.97,1.33
2146,217.7205,,,33.5388,,,14.54,1.25
2147,217.7778,,,33.7666,,,14.47,1.44
2148,217.8669,,,34.1399,,,16.41,1.24
2149,217.9336,,,34.3215,,,10.72,1.46
2150,218.0023,,13.9561,34.5773,,20.6213,8.72,1.22
2151,218.0805,,,34.8264,,,10.58,1.39
2152,218.1561,,11.4580,35.0673,,23.6093,11.80,1.30
2153,218.2462,,10.4666,35.3516,,24.8850,16.22,1.18
2154,218.3148,,,35.5748,,,8.96,1.02
2155,218.3898,,,35.7567,,,11.69,2.67
2156,218.4640,,10.3046,36.0177,,25.7131,8.44,1.02
2157,218.5354,,9.9294,36.2995,,26.3701,8.69,1.53
2158,218.5904,,10.0616,36.5058,,26.4441,8.75,1.68
2159,218.6725,,,36.9009,,,8.74,1.47
2160,218.7508,,9.9319,37.1296,,27.1977,9.14,1.92
2161,218.8091,,9.9528,37.3865,,27.4336,14.09,1.21
2162,218.8755,,9.6451,37.6917,,28.0466,10.63,1.46
2163,218.9551,,,38.0150,,,19.77,1.15
2164,219.0289,,,38.2548,,,8.41,1.22
2165,219.1016,,9.6121,38.5766,,28.9644,11.94,1.49
2166,219.1741,,,38.8959,,,9.59,1.21
2167,219.2281,,,39.1345,,,8.31,1.32
2168,219.2812,,9.5951,39.4086,,29.8135,10.17,1.62
2169,219.3446,,14.5905,39.6371,,25.0466,8.79,1.36
2170,219.4026,,9.4105,39.8768,,30.4663,10.71,1.56
2171,219.4807,,,40.2165,,,8.19,1.35
2172,219.5376,,9.3362,40.4677,,31.1315,15.95,1.60
2173,219.6140,,9.3468,40.7828,,31.4360,15.56,2.04
2174,219.6940,,9.1003,41.1575,,32.0572,12.65,1.37
2175,219.7569,,9.0151,41.5346,,32.5195,12.18,1.38
2176,219.8332,,,41.7756,,,14.07,1.32
2177,219.9166,,,42.2336,,,18.84,1.36
2178,219.9925,,9.2173,42.5784,,33.3612,17.81,1.22
2179,220.0636,,,42.9027,,,14.31,2.63
2180,220.1453,,9.4622,43.2582,,33.7960,21.83,1.36
2181,220.2117,,9.1499,43.4762,,34.3264,12.32,1.10
2182,220.2970,,9.2787,43.9164,,34.6377,14.71,1.13
2183,220.3690,,48.8204,44.2830,,4.5373,13.93,1.10
2184,220.4466,,9.3905,44.5415,,35.1510,11.86,1.73
2185,220.5022,,13.3169,44.7913,,31.4744,8.24,1.23
2186,220.5766,,,45.1267,,,11.16,1.44
2187,220.6322,,,45.3677,,,8.20,1.33
2188,220.7113,,13.4093,45.8137,,32.4045,8.63,1.24
2189,220.7904,,,46.1419,,,15.40,2.59
2190,220.8623,,12.4577,46.3800,,33.9223,9.26,1.14
2191,220.9356,,10.0590,46.6894,,36.6304,8.43,1.43
2192,221.0158,,9.6880,46.9730,,37.2850,8.79,1.87
2193,221.1083,,17.0544,47.4140,,30.3596,19.98,1.21
2194,221.1883,,9.5033,47.7767,,38.2734,11.82,1.36
2195,221.2509,,14.7298,48.0212,,33.2914,11.17,1.16
2196,221.3279,,,48.3595,,,9.78,1.43
2197,221.4058,,13.1556,48.7437,,35.5881,11.96,1.51
2198,221.4608,,,48.9682,,,9.03,1.09
2199,221.5348,,,49.2718,,,9.12,1.46
2200,221.6272,,10.3042,49.7108,,39.4066,15.89,1.67
2201,221.6918,,,49.9087,,,13.37,1.34
2202,221.7651,,,50.2074,,,8.21,1.19
2203,221.8485,,9.9061,50.5001,,40.5940,11.04,1.44
2204,221.9277,,,50.8064,,,16.60,1.54
2205,221.9923,,9.5667,51.0895,,41.5228,18.59,1.73
2206,222.0491,,,51.3574,,,9.34,1.35
2207,222.1075,,10.1857,51.5797,,41.3940,8.40,1.18
2208,222.1917,,,52.0598,,,15.92,2.95
2209,222.2678,,,52.4009,,,17.11,1.48
2210,222.3414,,8.0664,52.6327,,44.5663,8.73,1.64
2211,222.4243,,8.5388,53.0986,,44.5598,8.20,1.37
2212,222.4930,,8.7874,53.3246,,44.5372,9.85,1.30
2213,222.5592,,,53.6830,,,11.28,1.24
2214,222.6270,,,53.9412,,,10.03,1.46
2215,222.6821,,,54.1805,,,9.31,1.32
2216,222.7337,,9.0220,54.4156,,45.3937,8.57,1.45
2217,222.8022,,,54.7599,,,9.35,0.95
2218,222.8660,,,54.9961,,,10.56,1.85
2219,222.9369,,9.7552,55.3162,,45.5610,8.37,1.41
2220,222.9970,,10.2194,55.5635,,45.3441,12.35,1.39
2221,223.0702,,,55.8750,,,9.31,1.10
2222,223.1619,,,56.3034,,,13.84,1.36
2223,223.2274,,,56.4985,,,10.63,1.27
2224,223.3210,,,56.8705,,,13.94,1.51
2225,223.3906,,9.6597,57.0561,,47.3964,10.17,1.43
2226,223.4481,,9.7176,57.2300,,47.5124,8.64,1.24
2227,223.5344,,9.7557,57.6185,,47.8628,18.81,1.25
2228,223.6183,,,57.9092,,,20.39,2.41
2229,223.6878,,9.5459,58.1637,,48.6178,18.56,1.45
2230,223.7506,,13.4776,58.3294,,44.8517,10.66,1.46
2231,223.8419,,,58.6780,,,14.60,1.48
2232,223.9135,,13.5665,58.8155,,45.2491,12.20,1.13
2233,223.9885,,10.8546,59.0122,,48.1576,9.03,1.70
2234,224.0733,,,59.2020,,,11.77,2.06
2235,224.1490,,10.6226,59.3642,,48.7415,11.06,1.31
2236,224.2032,,9.8406,59.4598,,49.6192,10.08,1.21
2237,224.2685,,9.6661,59.5520,,49.8859,12.98,1.09
2238,224.3449,,9.3937,59.7146,,50.3209,12.77,1.40
2239,224.4196,,,59.8475,,,11.61,1.12
2240,224.5015,,9.2968,59.9936,,50.6968,11.32,1.30
2241,224.5750,,,60.1410,,,9.11,1.45
2242,224.6580,,,60.3337,,,12.34,1.25
2243,224.7207,,,60.4371,,,10.32,1.31
2244,224.7769,,,60.5327,,,9.35,1.23
2245,224.8521,,9.2495,60.6559,,51.4065,11.87,1.33
2246,224.9258,,,60.7747,,,8.55,1.37
2247,225.0165,,,60.9597,,,14.97,1.30
2248,225.0760,,,61.0558,,,8.27,1.38
2249,225.1494,,9.5417,61.1818,,51.6401,8.00,1.14
2250,225.2020,,,61.2892,,,8.60,1.22
2251,225.2632,,,61.3915,,,9.96,1.08
2252,225.3201,,,61.4828,,,8.15,1.08
2253,225.4034,,11.5495,61.6712,,50.1217,11.19,1.32
2254,225.4738,,,61.7436,,,9.58,1.91
2255,225.5584,,,61.8707,,,19.97,1.49
2256,225.6260,,,61.9503,,,16.54,1.25
2257,225.7137,,,62.0202,,,20.07,2.14
2258,225.7879,,9.2626,62.0781,,52.8155,8.46,1.63
2259,225.8593,,10.0164,62.1243,,52.1078,10.00,1.11
2260,225.9157,,,62.1559,,,9.42,1.14
2261,225.9925,,9.1330,62.2015,,53.0685,18.26,1.52
2262,226.0542,,9.0191,62.2422,,53.2231,11.95,1.53
2263,226.1275,,,62.2628,,,9.77,1.29
2264,226.2126,,9.0307,62.2953,,53.2646,14.60,1.69
2265,226.2867,,,62.3357,,,8.65,1.66
2266,226.3430,,9.0423,62.3654,,53.3232,11.88,1.50
2267,226.4255,,9.2026,62.4104,,53.2079,13.88,1.75
2268,226.4962,,9.3172,62.4395,,53.1222,9.95,1.36
2269,226.5709,,,62.4904,,,8.56,1.40
2270,226.6524,,9.7425,62.6143,,52.8717,9.51,1.42
2271,226.7437,,16.6027,62.8156,,46.2129,20.94,2.28
2272,226.8015,,9.7544,62.9103,,53.1559,10.42,1.20
2273,226.8607,,9.8062,63.0212,,53.2150,10.72,2.14
2274,226.9398,,9.7907,63.1659,,53.3752,9.02,1.53
2275,227.0165,,,63.3051,,,8.19,1.02
2276,227.0904,,,63.4427,,,8.65,1.40
2277,227.1503,,12.3092,63.5386,,51.2294,14.09,2.70
2278,227.2245,,,63.6767,,,12.01,1.35
2279,227.2844,,,63.7615,,,15.76,1.38
2280,227.3638,,,63.9201,,,12.36,1.64
2281,227.4434,,,63.9853,,,8.96,1.36
2282,227.5178,,,64.0808,,,8.32,1.27
2283,227.5760,,,64.1310,,,11.71,2.66
2284,227.6519,,,64.1660,,,16.18,1.41
2285,227.7307,,,64.2078,,,11.10,1.47
2286,227.8058,,10.0391,64.2279,,54.1888,9.07,1.13
2287,227.8901,,,64.2349,,,8.31,1.72
2288,227.9616,,,64.2359,,,8.86,1.07
2289,228.0184,,,64.2356,,,9.54,1.48
2290,228.0981,,,64.2214,,,16.42,1.87
2291,228.1671,,,64.2049,,,10.73,1.34
2292,228.2251,,,64.1853,,,8.63,1.49
2293,228.3006,,10.6002,64.1533,,53.5532,8.18,1.45
2294,228.3739,,,64.1197,,,10.49,1.34
2295,228.4421,,17.5308,64.0821,,46.5513,12.61,1.34
2296,228.5099,,10.6340,64.0566,,53.4226,13.45,1.39
2297,228.5822,,,64.0172,,,10.34,2.49
2298,228.6667,,,63.9672,,,11.76,1.40
2299,228.7432,,10.6574,63.9260,,53.2686,17.51,1.27
2300,228.8062,,,63.8974,,,8.20,1.22
2301,228.8900,,10.6910,63.8333,,53.1423,15.05,1.37
2302,228.9800,,,63.7847,,,11.46,1.30
2303,229.0560,,10.7654,63.7313,,52.9658,10.39,1.44
2304,229.1359,,,63.6912,,,9.44,1.26
2305,229.2129,,,63.6498,,,12.36,1.53
2306,229.2718,,,63.6280,,,9.89,1.55
2307,229.3576,,,63.5836,,,15.37,1.43
2308,229.4278,,,63.5574,,,8.46,1.54
2309,229.5226,,,63.5024,,,14.22,1.32
2310,229.5897,,13.0148,63.4516,,50.4368,15.44,1.47
2311,229.6566,,12.6424,63.4132,,50.7708,11.91,1.48
2312,229.7408,,12.2986,63.3347,,51.0361,17.12,2.50
2313,229.8148,,,63.2822,,,10.37,1.22
2314,229.8868,,10.5541,63.2456,,52.6915,11.55,1.62
2315,229.9419,,10.8048,63.2169,,52.4121,8.89,1.44
2316,230.0391,,10.8481,63.1713,,52.3232,16.76,1.49
2317,230.1036,,,63.1466,,,13.56,1.39
2318,230.1741,,,63.1379,,,11.72,1.24
2319,230.2541,,10.9158,63.1270,,52.2113,17.18,2.50
2320,230.3333,,11.0706,63.1181,,52.0476,16.43,1.32
2321,230.3979,,11.0662,63.1136,,52.0474,8.91,1.30
2322,230.4494,,10.8392,63.1117,,52.2725,9.82,1.33
2323,230.5155,,,63.1156,,,17.07,1.29
2324,230.5870,,10.4697,63.1287,,52.6590,18.19,1.28
2325,230.6736,,,63.1467,,,14.27,1.50
2326,230.7326,,,63.1607,,,12.65,1.53
2327,230.7922,,10.1812,63.1777,,52.9965,9.12,1.35
2328,230.8765,,10.5506,63.2021,,52.6515,14.48,1.46
2329,230.9419,,9.4225,63.2118,,53.7893,8.76,1.38
2330,231.0253,,,63.2336,,,8.61,1.35
2331,231.0975,,9.7569,63.2594,,53.5025,8.09,1.39
2332,231.1547,,9.9850,63.2816,,53.2967,13.00,1.35
2333,231.2527,,10.2074,63.4146,,53.2072,13.82,1.24
2334,231.3329,,10.7304,63.5705,,52.8401,10.70,1.65
2335,231.3938,,11.3317,63.6765,,52.3448,10.19,1.51
2336,231.4711,,,63.8325,,,8.98,1.41
2337,231.5460,,11.6027,63.9839,,52.3812,8.10,1.38
2338,231.6009,,11.6274,64.0926,,52.4652,10.62,1.42
2339,231.6627,,,64.2424,,,14.45,1.48
2340,231.7321,,,64.3374,,,9.46,1.45
2341,231.8097,,34.8808,64.4685,,29.5877,9.75,1.22
2342,231.8921,,12.1333,64.6259,,52.4927,18.25,1.17
2343,231.9758,,11.2221,64.7297,,53.5077,19.11,1.62
2344,232.0403,,11.1641,64.7901,,53.6261,9.62,1.87
2345,232.1178,,39.1037,64.8761,,25.7724,8.94,1.30
2346,232.2057,,,64.9877,,,16.46,1.20
2347,232.2723,,,65.0418,,,10.75,1.25
2348,232.3428,,12.1963,65.1042,,52.9079,8.33,1.43
2349,232.4207,,,65.1541,,,8.75,1.12
2350,232.4985,,11.7134,65.2052,,53.4919,15.33,3.22
2351,232.5724,,,65.2246,,,10.47,1.21
2352,232.6325,,,65.2417,,,15.85,1.74
2353,232.6965,,11.8601,65.2520,,53.3919,14.68,1.58
2354,232.7921,,11.8049,65.2544,,53.4494,18.11,1.53
2355,232.8850,,,65.2450,,,11.52,1.70
2356,232.9642,,,65.2321,,,8.82,0.96
2357,233.0468,,,65.2149,,,10.48,1.35
2358,233.1171,,,65.1910,,,8.14,1.26
2359,233.1990,,14.7985,65.1605,,50.3620,8.69,1.69
2360,233.2527,,,65.1331,,,9.96,1.60
2361,233.3065,,13.4926,65.1077,,51.6151,8.20,1.13
2362,233.3668,,13.1783,65.0771,,51.8989,11.79,1.15
2363,233.4625,,,65.0169,,,15.02,1.30
2364,233.5251,,,64.9903,,,8.03,1.30
2365,233.5806,,,64.9657,,,11.01,1.94
2366,233.6490,,,64.9275,,,17.29,1.19
2367,233.7380,,9.3748,64.8844,,55.5096,15.25,1.39
2368,233.8020,,9.0358,64.8545,,55.8187,8.93,2.05
2369,233.8841,,,64.8229,,,14.18,1.45
2370,233.9502,,13.8288,64.8181,,50.9893,10.42,1.32
2371,234.0205,,9.1355,64.8426,,55.7071,19.51,3.47
2372,234.1082,,,64.8944,,,10.93,1.10
2373,234.1694,,,64.9441,,,11.52,1.20
2374,234.2433,,9.2541,65.0420,,55.7879,8.33,1.45
2375,234.3300,,9.3791,65.1967,,55.8177,8.84,1.49
2376,234.3985,,9.5132,65.2790,,55.7658,9.16,1.42
2377,234.4548,,9.5736,65.3820,,55.8084,8.60,1.31
2378,234.5430,,9.6060,65.5869,,55.9809,12.26,1.33
2379,234.6153,,9.6672,65.7189,,56.0517,12.17,1.18
2380,234.6949,,9.5999,65.9130,,56.3132,12.65,1.51
2381,234.7931,,9.4596,66.3012,,56.8416,14.63,2.15
2382,234.8511,,13.0127,66.5404,,53.5276,12.61,1.44
2383,234.9280,,9.4249,66.9120,,57.4870,8.10,1.71
2384,234.9911,,9.5937,67.1493,,57.5556,9.11,1.47
2385,235.0855,,,67.6362,,,10.67,1.29
2386,235.1548,,9.7481,67.8573,,58.1092,12.90,1.29
2387,235.2401,,9.2833,68.3175,,59.0341,14.97,1.46
2388,235.3024,,9.2545,68.5891,,59.3345,10.12,1.52
2389,235.3789,,,68.9330,,,18.62,1.49
2390,235.4451,,9.3382,69.1723,,59.8341,10.47,2.17
2391,235.5337,,9.5295,69.6656,,60.1361,13.20,1.74
2392,235.6062,,,70.0133,,,17.21,1.23
2393,235.6786,,,70.2369,,,12.67,1.98
2394,235.7657,,,70.7446,,,17.26,1.64
2395,235.8371,,,71.0758,,,13.49,1.65
2396,235.9028,,11.2061,71.2791,,60.0730,8.15,1.37
2397,235.9777,,,71.5965,,,9.19,1.73
2398,236.0518,,10.7548,71.8983,,61.1435,8.37,1.32
2399,236.1269,,,72.1816,,,8.06,1.39
2400,236.1936,,,72.4882,,,12.98,1.28
2401,236.2709,,,72.7602,,,20.27,2.70
2402,236.3395,,9.1317,73.0166,,63.8849,12.94,1.32
2403,236.4037,,9.6365,73.1973,,63.5609,8.71,1.26
2404,236.4594,,10.0293,73.3734,,63.3441,9.11,1.23
2405,236.5491,,10.2130,73.7058,,63.4928,14.04,1.13
2406,236.6179,,10.0886,73.9720,,63.8834,18.77,1.47
2407,236.6903,,9.7603,74.2321,,64.4718,10.64,1.76
2408,236.7434,,,74.4638,,,8.25,1.19
2409,236.7961,,9.8548,74.7174,,64.8626,9.09,1.46
2410,236.8536,,10.2318,74.9738,,64.7420,8.42,1.40
2411,236.9164,,10.2520,75.3586,,65.1066,13.73,1.45
2412,236.9881,,10.4564,75.5866,,65.1301,11.32,1.66
2413,237.0635,,,75.9220,,,9.84,1.01
2414,237.1400,,10.4856,76.2661,,65.7805,8.51,1.62
2415,237.2122,,,76.6041,,,8.71,1.25
2416,237.2707,,,76.8378,,,10.55,1.43
2417,237.3629,,,77.2675,,,18.91,1.31
2418,237.4267,,,77.5056,,,12.10,1.58
2419,237.4862,,,77.7084,,,8.36,1.35
2420,237.5640,,8.6754,78.0033,,69.3280,14.56,1.40
2421,237.6350,,16.7894,78.2791,,61.4897,10.53,1.61
2422,237.6902,,9.0477,78.4890,,69.4413,8.66,1.45
2423,237.7667,,,78.8091,,,7.94,1.21
2424,237.8192,,,79.0720,,,10.70,1.96
2425,237.8987,,9.1966,79.4139,,70.2173,9.10,1.33
2426,237.9694,,9.2871,79.6866,,70.3994,8.22,1.58
2427,238.0540,,,80.1773,,,12.82,1.24
2428,238.1205,,,80.4094,,,8.68,1.43
2429,238.2109,,,80.8967,,,13.18,1.48
2430,238.2771,,,81.1408,,,8.34,1.34
2431,238.3277,,,81.3776,,,9.81,1.40
2432,238.3818,,,81.5971,,,8.26,1.48
2433,238.4359,,9.7587,81.8637,,72.1051,10.67,1.72
2434,238.5007,,9.0739,82.0792,,73.0052,10.41,1.46
2435,238.5740,,,82.4300,,,8.69,1.29
2436,238.6502,,9.4619,82.7949,,73.3329,8.45,1.40
2437,238.7394,,9.6851,83.2321,,73.5470,9.59,1.25
2438,238.8013,,9.9979,83.5229,,73.5250,8.64,1.56
2439,238.8642,,,83.7751,,,11.28,1.19
2440,238.9435,,10.4103,84.0852,,73.6749,8.86,1.72
2441,239.0351,,10.8550,84.5457,,73.6907,18.53,1.45
2442,239.1005,,9.8464,84.8009,,74.9545,9.19,1.41
2443,239.1569,,9.8144,85.0235,,75.2092,12.32,1.38
2444,239.2336,,,85.3268,,,12.26,1.32
2445,239.3156,,,85.7522,,,17.60,2.18
2446,239.3935,,9.5965,85.9692,,76.3726,10.84,1.74
2447,239.4788,,9.6647,86.3805,,76.7159,9.06,1.43
2448,239.5536,,9.7941,86.6014,,76.8073,10.84,1.36
2449,239.6344,,,86.9141,,,12.38,1.52
2450,239.7284,,,87.3519,,,19.31,1.35
2451,239.8068,,,87.6491,,,14.48,1.21
2452,239.8712,,,87.8399,,,10.52,1.17
2453,239.9520,,9.5638,88.1448,,78.5810,10.23,1.47
2454,240.0286,,,88.4199,,,10.69,1.48
2455,240.0992,,10.8234,88.6999,,77.8765,8.16,1.32
2456,240.1537,,,88.9215,,,8.18,1.26
2457,240.2055,,11.9097,89.1206,,77.2109,8.40,1.26
2458,240.2807,,12.3659,89.4393,,77.0734,18.88,1.51
2459,240.3611,,,89.7445,,,14.81,1.41
2460,240.4269,,,89.9551,,,10.01,1.62
2461,240.5294,,,90.3443,,,21.64,1.48
2462,240.6003,,,90.6423,,,16.23,1.42
2463,240.6661,,,90.8095,,,10.95,1.23
2464,240.7394,,,91.0470,,,10.65,1.42
2465,240.8039,,11.1247,91.2752,,80.1505,16.44,1.54
2466,240.8821,,11.3444,91.4688,,80.1245,18.59,1.45
2467,240.9527,,11.4756,91.6626,,80.1870,12.11,3.12
2468,241.0259,,,91.8498,,,11.67,1.39
2469,241.0976,,11.2450,91.9709,,80.7260,10.49,1.59
2470,241.1788,,,92.2085,,,12.63,1.42
2471,241.2599,,,92.3934,,,17.93,1.33
2472,241.3245,,,92.5026,,,9.19,1.34
2473,241.4076,,,92.7070,,,11.21,1.44
2474,241.4869,,22.0918,92.8544,,70.7626,11.67,1.44
2475,241.5562,,17.9788,92.9502,,74.9714,9.11,1.30
2476,241.6301,,,93.0632,,,9.00,1.31
2477,241.7064,,16.2196,93.1741,,76.9545,10.35,1.44
2478,241.7616,,26.2326,93.2486,,67.0160,8.61,1.32
2479,241.8202,,,93.3206,,,10.07,1.21
2480,241.8726,,,93.3907,,,11.63,1.47
2481,241.9332,,8.9630,93.4810,,84.5180,14.65,1.37
2482,242.0196,,,93.5540,,,14.98,1.43
2483,242.0888,,9.1017,93.6183,,84.5166,14.53,1.31
2484,242.1638,,,93.6700,,,17.70,1.34
2485,242.2311,,,93.7012,,,9.24,1.44
2486,242.3208,,9.2092,93.8020,,84.5928,15.39,1.44
2487,242.3973,,9.2696,93.9181,,84.6485,12.35,1.55
2488,242.4688,,,93.9726,,,9.23,1.17
2489,242.5294,,,94.0374,,,11.28,1.55
2490,242.6074,,9.6782,94.1360,,84.4578,8.85,1.50
2491,242.6826,,,94.2337,,,8.12,1.50
2492,242.7378,,,94.2989,,,9.24,1.61
2493,242.8283,,10.3772,94.4163,,84.0391,15.95,1.49
2494,242.9041,,,94.5060,,,13.71,1.11
2495,242.9814,,10.4111,94.5999,,84.1888,20.65,1.61
2496,243.0599,,,94.6962,,,18.62,3.11
2497,243.1329,,,94.7926,,,9.95,1.31
2498,243.2165,,,94.8923,,,11.72,1.45
2499,243.2831,,9.5778,94.9621,,85.3843,10.48,1.57
2500,243.3608,,,95.0564,,,10.82,1.10
2501,243.4172,,,95.1193,,,7.97,1.40
2502,243.4688,,,95.1847,,,8.48,1.45
2503,243.5422,,13.6682,95.2678,,81.5996,10.21,1.55
2504,243.6200,,,95.3552,,,8.76,1.34
2505,243.6930,,12.2458,95.4343,,83.1885,11.75,1.44
2506,243.7659,,48.4305,95.5157,,47.0852,9.66,1.36
2507,243.8548,,48.4806,95.6184,,47.1378,12.55,1.17
2508,243.9287,,,95.6663,,,9.16,1.86
2509,244.0105,,13.4879,95.7193,,82.2313,11.62,1.31
2510,244.0641,,48.4407,95.7392,,47.2985,8.47,1.21
2511,244.1352,,,95.7544,,,9.33,1.39
2512,244.1916,,14.7466,95.7578,,81.0111,8.52,1.51
2513,244.2850,,9.6318,95.7486,,86.1168,11.12,1.74
2514,244.3415,,9.6118,95.7400,,86.1282,9.23,1.37
2515,244.3961,,,95.7367,,,9.33,1.45
2516,244.4678,,,95.7418,,,9.50,1.35
2517,244.5405,,13.4146,95.7543,,82.3396,9.54,1.68
2518,244.6186,,,95.7634,,,8.45,1.23
2519,244.6709,,,95.7635,,,10.45,1.38
2520,244.7450,,,95.7533,,,12.24,1.50
2521,244.8171,,,95.7243,,,17.28,3.10
2522,244.8913,,9.4332,95.6940,,86.2608,9.69,1.62
2523,244.9719,,,95.6702,,,13.81,1.35
2524,245.0698,,,95.6366,,,17.14,1.43
2525,245.1374,,,95.6253,,,10.28,1.44
2526,245.2239,,,95.6077,,,10.12,1.43
2527,245.3045,,11.2740,95.5890,,84.3150,11.37,2.59
2528,245.3852,,,95.5596,,,10.82,1.85
2529,245.4755,,,95.5184,,,16.01,3.43
2530,245.5407,,,95.4905,,,12.75,1.86
2531,245.6194,,,95.4661,,,17.95,1.84
2532,245.7022,,,95.4355,,,17.44,1.32
2533,245.7710,,,95.4053,,,12.59,1.57
2534,245.8440,,9.8945,95.3869,,85.4924,13.20,2.55
2535,245.9270,,,95.3515,,,21.21,1.77
2536,245.9870,,9.7082,95.3376,,85.6293,8.20,1.52
2537,246.0746,,,95.3153,,,8.31,1.73
2538,246.1686,,,95.2992,,,17.54,1.48
2539,246.2297,,,95.2955,,,10.26,1.48
2540,246.3113,,12.1443,95.2912,,83.1468,15.51,2.35
2541,246.3947,,11.7425,95.2782,,83.5356,14.01,1.81
2542,246.4756,,,95.2610,,,9.91,1.42
2543,246.5534,,10.4655,95.2543,,84.7889,13.79,1.45
2544,246.6251,,,95.2559,,,13.55,1.39
2545,246.6926,,,95.2636,,,9.90,1.49
2546,246.7683,,,95.2756,,,10.63,1.16
2547,246.8479,,13.2900,95.2844,,81.9944,12.70,1.34
2548,246.9429,,12.4404,95.2908,,82.8504,17.68,1.46
2549,247.0074,,11.9719,95.2966,,83.3247,9.71,1.62
2550,247.0958,,11.5401,95.3130,,83.7729,9.96,1.42
2551,247.1616,,10.9539,95.3273,,84.3733,14.21,1.32
2552,247.2476,,13.6930,95.3678,,81.6748,18.35,1.29
2553,247.3332,,,95.4104,,,20.36,1.56
2554,247.3936,,,95.4497,,,12.31,1.68
2555,247.4832,,12.2700,95.4779,,83.2079,18.97,1.60
2556,247.5405,,11.7288,95.4929,,83.7642,12.23,1.60
2557,247.6127,,,95.5107,,,8.61,1.08
2558,247.6987,,,95.5423,,,17.52,1.23
2559,247.7829,,,95.5744,,,12.81,1.54
2560,247.8583,,10.2422,95.6192,,85.3770,11.63,1.39
2561,247.9354,,,95.6386,,,10.63,1.46
2562,248.0117,,,95.6697,,,8.18,1.37
2563,248.0929,,10.0856,95.7011,,85.6155,11.28,1.47
2564,248.1621,,,95.7207,,,8.02,1.24
2565,248.2152,,,95.7303,,,9.11,1.27
2566,248.3023,,,95.7498,,,11.96,1.43
2567,248.3862,,9.4677,95.7629,,86.2952,9.12,1.42
2568,248.4477,,9.6636,95.7706,,86.1070,8.34,1.37
2569,248.5148,,,95.7844,,,19.45,2.33
2570,248.5962,,,95.8064,,,14.22,2.16
2571,248.6529,,9.9396,95.8228,,85.8832,11.37,1.28
2572,248.7314,,,95.8393,,,12.78,1.36
2573,248.8046,,10.0834,95.8525,,85.7691,9.11,1.34
2574,248.8773,,,95.8692,,,8.90,1.56
2575,248.9484,,10.3320,95.8952,,85.5632,8.86,1.51
2576,249.0024,,10.2956,95.9219,,85.6264,8.78,1.36
2577,249.0777,,,95.9779,,,8.75,1.31
2578,249.1453,,10.4842,96.0530,,85.5688,12.31,1.42
2579,249.2078,,,96.1137,,,9.43,1.15
2580,249.2618,,,96.1778,,,9.06,1.16
2581,249.3148,,,96.2487,,,10.85,1.37
2582,249.3771,,,96.3262,,,10.02,1.56
2583,249.4541,,,96.4365,,,9.76,1.50
2584,249.5335,,10.1450,96.5521,,86.4071,11.17,1.69
2585,249.5965,,,96.6613,,,14.83,1.23
2586,249.6871,,10.2417,96.7692,,86.5275,16.27,2.33
2587,249.7589,,,96.8900,,,12.33,1.34
2588,249.8197,,,96.9715,,,8.39,1.64
2589,249.8917,,,97.1030,,,15.63,1.61
2590,249.9576,,9.3804,97.1851,,87.8047,13.10,1.47
2591,250.0380,,9.5296,97.3416,,87.8120,14.14,1.66
2592,250.1073,,,97.4272,,,11.68,1.51
2593,250.1789,,,97.5529,,,8.09,1.21
2594,250.2312,,10.2245,97.6550,,87.4305,10.34,1.56
2595,250.2875,,,97.7459,,,8.56,1.56
2596,250.3611,,10.5047,97.8773,,87.3726,8.71,1.41
2597,250.4531,,,98.0571,,,12.08,1.69
2598,250.5127,,,98.1589,,,10.62,1.27
2599,250.6103,,,98.3480,,,12.82,1.43
2600,250.6716,,,98.4405,,,8.16,1.43
2601,250.7245,,,98.5306,,,8.55,1.30
2602,250.8002,,,98.6528,,,8.34,1.45
2603,250.8728,,,98.7736,,,11.25,1.53
2604,250.9341,,,98.8967,,,14.64,1.27
2605,251.0097,,9.9876,98.9732,,88.9857,11.50,1.54
2606,251.0673,,,99.0482,,,12.08,1.27
2607,251.1456,,,99.1444,,,12.31,1.41
2608,251.2184,,,99.2544,,,9.49,1.19
2609,251.2721,,,99.3330,,,11.57,1.83
2610,251.3310,,,99.4083,,,8.34,1.42
2611,251.3921,,,99.4762,,,12.19,1.84
2612,251.4646,,,99.5909,,,9.20,1.43
2613,251.5335,,,99.6438,,,9.19,1.67
2614,251.6043,,,99.7178,,,8.55,1.46
2615,251.6593,,10.3521,99.7731,,89.4209,10.65,1.33
2616,251.7182,,,99.8199,,,12.62,1.40
2617,251.8170,,,99.9193,,,17.20,1.56
2618,251.8766,,,99.9729,,,9.73,1.56
2619,251.9484,,9.9556,100.0505,,90.0949,14.67,1.50
2620,252.0100,,10.0040,100.0984,,90.0944,10.80,1.33
2621,252.0901,,10.3701,100.1772,,89.8071,13.67,1.67
2622,252.1516,,,100.2375,,,14.28,1.35
2623,252.2265,,,100.3293,,,8.40,1.44
2624,252.3079,,10.5871,100.4416,,89.8545,11.74,1.73
2625,252.3638,,,100.5075,,,8.13,1.29
2626,252.4285,,,100.6147,,,14.44,3.11
2627,252.4954,,10.7688,100.6724,,89.9037,8.95,1.31
2628,252.5699,,,100.7701,,,8.80,1.48
2629,252.6642,,,100.9031,,,20.85,3.19
2630,252.7439,,,101.0098,,,18.51,1.30
2631,252.8154,,15.8501,101.1133,,85.2632,11.99,3.23
2632,252.9097,,13.9380,101.2081,,87.2701,21.93,2.69
2633,252.9745,,,101.2824,,,14.62,3.17
2634,253.0460,,12.9420,101.3813,,88.4393,8.18,1.28
2635,253.1085,,12.5576,101.4925,,88.9350,19.52,1.45
2636,253.1881,,,101.5672,,,11.59,1.42
2637,253.2618,,12.6082,101.6858,,89.0776,9.29,1.20
2638,253.3388,,,101.8077,,,9.02,1.48
2639,253.4125,,29.9062,101.9264,,72.0201,10.36,1.30
2640,253.5050,,,102.1054,,,17.57,1.61
2641,253.5938,,24.9266,102.2177,,77.2911,14.40,1.53
2642,253.6598,,,102.3261,,,17.58,1.38
2643,253.7261,,,102.3818,,,10.33,1.35
2644,253.8150,,,102.4830,,,9.64,1.53
2645,253.8820,,,102.5180,,,14.14,1.35
2646,253.9457,,9.2741,102.5600,,93.2859,11.92,1.53
2647,254.0223,,,102.5708,,,13.09,1.32
2648,254.1150,,,102.5701,,,20.23,1.54
2649,254.1827,,,102.5619,,,11.94,1.63
2650,254.2604,,,102.5376,,,12.32,1.49
2651,254.3386,,,102.4995,,,9.96,1.57
2652,254.3928,,,102.4675,,,9.37,1.58
2653,254.4512,,10.5738,102.4313,,91.8574,9.11,1.33
2654,254.5304,,,102.3783,,,13.46,1.80
2655,254.6085,,,102.3314,,,11.51,1.67
2656,254.6611,,,102.3070,,,9.76,1.16
2657,254.7177,,,102.2857,,,11.93,1.41
2658,254.7989,,,102.2559,,,10.96,1.41
2659,254.8752,,,102.2251,,,16.71,1.65
2660,254.9405,,25.2955,102.1902,,76.8948,17.64,1.76
2661,255.0100,,9.7520,102.1646,,92.4126,10.41,1.55
2662,255.0872,,,102.1246,,,9.91,1.71
2663,255.1751,,,102.0782,,,16.23,1.54
2664,255.2345,,10.0420,102.0574,,92.0153,10.59,1.56
2665,255.3124,,10.1139,102.0292,,91.9153,9.35,1.27
2666,255.3868,,10.2996,102.0118,,91.7122,9.13,1.51
2667,255.4434,,10.4958,102.0070,,91.5112,8.15,1.60
2668,255.5202,,,102.0043,,,8.19,1.40
2669,255.5744,,,102.0049,,,10.89,1.75
2670,255.6367,,,102.0110,,,15.36,1.66
2671,255.7060,,10.3312,102.0165,,91.6853,8.21,1.47
2672,255.7873,,,102.0270,,,15.12,1.42
2673,255.8615,,10.4210,102.0337,,91.6127,10.62,1.51
2674,255.9400,,,102.0447,,,10.35,1.67
2675,256.0227,,10.5098,102.0527,,91.5429,11.67,1.69
2676,256.0876,,10.6673,102.0562,,91.3889,8.98,1.60
2677,256.1718,,,102.0721,,,8.36,1.28
2678,256.2600,,,102.1004,,,20.02,1.45
2679,256.3316,,,102.1324,,,14.15,1.66
2680,256.4026,,,102.1522,,,8.55,1.35
2681,256.4731,,,102.1798,,,8.06,1.56
2682,256.5309,,,102.1934,,,12.96,1.86
2683,256.5871,,9.6757,102.2015,,92.5258,10.37,1.41
2684,256.6650,,,102.2069,,,8.29,1.34
2685,256.7295,,9.8839,102.2130,,92.3291,12.09,1.53
2686,256.8046,,,102.2228,,,10.98,1.49
2687,256.8691,,,102.2303,,,10.37,1.70
2688,256.9232,,,102.2368,,,8.62,1.50
2689,256.9839,,,102.2422,,,8.45,1.45
2690,257.0554,,9.2402,102.2438,,93.0037,9.25,1.66
2691,257.1416,,,102.2454,,,11.64,1.43
2692,257.2076,,9.5222,102.2506,,92.7284,10.73,1.63
2693,257.2948,,17.1044,102.2635,,85.1591,8.56,1.65
2694,257.3654,,,102.2817,,,19.97,3.07
2695,257.4382,,9.9074,102.2958,,92.3884,17.35,1.81
2696,257.5121,,17.9256,102.3073,,84.3817,9.06,1.34
2697,257.5860,,10.2666,102.3287,,92.0621,8.43,1.62
2698,257.6399,,,102.3493,,,8.36,1.54
2699,257.6951,,,102.3733,,,8.71,1.28
2700,257.7777,,,102.4263,,,12.10,1.44
2701,257.8440,,12.0017,102.4534,,90.4517,10.70,1.42
2702,257.9312,,,102.4966,,,16.54,1.58
2703,257.9941,,,102.5180,,,8.60,1.44
2704,258.0886,,45.8117,102.5537,,56.7420,15.11,1.60
2705,258.1540,,9.3309,102.5680,,93.2371,9.46,1.53
2706,258.2285,,,102.5832,,,8.09,1.57
2707,258.3267,,,102.6097,,,15.76,1.48
2708,258.4090,,9.5634,102.6284,,93.0650,14.54,1.36
2709,258.4849,,,102.6427,,,9.43,1.30
2710,258.5545,,,102.6528,,,13.81,1.29
2711,258.6264,,,102.6698,,,7.95,1.68
2712,258.7128,,12.1515,102.6769,,90.5254,8.03,1.56
2713,258.7725,,,102.6643,,,12.35,1.63
2714,258.8605,,,102.6076,,,19.10,3.39
2715,258.9316,,,102.5621,,,9.03,1.72
2716,258.9895,,12.3020,102.5103,,90.2084,11.42,1.69
2717,259.0631,,,102.4293,,,10.33,1.76
2718,259.1221,,,102.3803,,,8.43,1.69
2719,259.2102,,,102.3485,,,10.69,1.73
2720,259.2814,,,102.3322,,,15.56,2.00
2721,259.3352,,,102.3146,,,8.21,1.99
2722,259.4104,,8.4118,102.2854,,93.8735,11.49,1.71
2723,259.4831,,,102.2510,,,11.31,1.67
2724,259.5635,,8.6788,102.2162,,93.5374,14.07,1.71
2725,259.6533,,8.7769,102.1759,,93.3990,15.86,1.38
2726,259.7136,,13.4707,102.1559,,88.6852,14.25,1.45
2727,259.7803,,8.8314,102.1318,,93.3005,17.68,1.42
2728,259.8596,,7.6721,102.1117,,94.4395,19.26,1.54
2729,259.9276,,8.8790,102.0998,,93.2208,15.65,1.36
2730,260.0128,,,102.0972,,,15.16,1.78
2731,260.0830,,,102.1067,,,11.74,1.74
2732,260.1596,,8.9453,102.1476,,93.2023,16.32,1.48
2733,260.2226,,13.5840,102.1797,,88.5957,13.52,1.57
2734,260.2986,,,102.2210,,,13.38,1.37
2735,260.3941,,9.0097,102.2795,,93.2698,21.69,1.28
2736,260.4666,,9.3096,102.3154,,93.0057,8.49,1.47
2737,260.5498,,9.8545,102.3606,,92.5061,12.51,1.23
2738,260.6386,,,102.4228,,,17.36,1.13
2739,260.7186,,,102.4881,,,24.45,1.58
2740,260.7795,,,102.5342,,,8.48,1.52
2741,260.8340,,,102.5816,,,8.52,1.65
2742,260.8880,,10.0367,102.6250,,92.5884,8.64,1.74
2743,260.9719,,,102.6781,,,9.73,2.01
2744,261.0486,,10.2145,102.7211,,92.5066,13.67,1.50
2745,261.1045,,10.0904,102.7506,,92.6602,8.22,1.31
2746,261.1701,,,102.7920,,,15.02,1.58
2747,261.2330,,9.9744,102.8249,,92.8505,11.55,1.50
2748,261.2902,,,102.8646,,,8.04,1.42
2749,261.3442,,9.8945,102.9014,,93.0069,9.03,1.33
2750,261.4250,,,102.9607,,,12.47,1.47
2751,261.5137,,,103.0430,,,9.29,1.65
2752,261.5748,,,103.0849,,,8.24,1.72
2753,261.6481,,10.0460,103.1375,,93.0915,8.97,1.15
2754,261.7021,,,103.1788,,,11.54,1.65
2755,261.7659,,,103.2114,,,8.71,1.46
2756,261.8651,,,103.2727,,,20.14,1.78
2757,261.9495,,48.9262,103.3147,,54.3885,10.59,1.30
2758,262.0225,,,103.3470,,,12.40,1.72
2759,262.0950,,12.0708,103.3691,,91.2983,16.85,2.29
2760,262.1725,,,103.3781,,,10.36,1.77
2761,262.2442,,10.3790,103.3785,,92.9995,11.43,1.28
2762,262.3010,,10.0806,103.3738,,93.2932,9.41,1.45
2763,262.3548,,9.9692,103.3657,,93.3965,8.15,1.31
2764,262.4327,,,103.3540,,,8.30,1.58
2765,262.4920,,,103.3538,,,14.15,2.71
2766,262.5750,,,103.3751,,,10.22,1.62
2767,262.6292,,,103.3907,,,10.62,1.92
2768,262.6861,,,103.4016,,,11.01,1.68
2769,262.7602,,,103.4129,,,12.62,2.86
2770,262.8346,,,103.4172,,,8.72,1.61
2771,262.9169,,,103.4146,,,10.37,1.60
2772,262.9924,,,103.4050,,,9.47,1.56
2773,263.0619,,7.0097,103.3876,,96.3779,8.48,1.55
2774,263.1260,,,103.3718,,,8.98,1.62
2775,263.2043,,7.8711,103.3457,,95.4745,15.53,1.35
2776,263.3018,,8.7412,103.3299,,94.5887,16.57,1.52
2777,263.3733,,,103.3225,,,15.47,1.69
2778,263.4410,,,103.3237,,,13.98,2.10
2779,263.5212,,,103.3302,,,10.93,1.87
2780,263.5771,,,103.3337,,,11.19,3.14
2781,263.6721,,,103.3354,,,20.63,1.63
2782,263.7460,,,103.3316,,,9.78,1.36
2783,263.8221,,,103.3222,,,13.34,1.42
2784,263.8944,,,103.3076,,,9.57,1.43
2785,263.9738,,,103.2893,,,8.23,1.32
2786,264.0491,,10.0639,103.2762,,93.2124,8.65,1.31
2787,264.1322,,10.0656,103.2848,,93.2192,15.05,1.26
2788,264.2114,,,103.3103,,,13.38,2.96
2789,264.2871,,,103.3683,,,9.18,1.49
2790,264.3588,,9.9184,103.4458,,93.5274,9.09,1.20
2791,264.4344,,,103.5344,,,8.95,1.58
2792,264.5214,,,103.6766,,,18.38,1.56
2793,264.5842,,,103.7551,,,9.35,1.46
2794,264.6711,,,103.9211,,,13.64,1.60
2795,264.7495,,,104.0566,,,11.29,1.20
2796,264.8188,,,104.1385,,,14.80,2.60
2797,264.9013,,41.4328,104.3128,,62.8800,14.94,1.75
2798,264.9760,,,104.4022,,,8.62,1.69
2799,265.0338,,,104.4869,,,9.29,1.52
2800,265.1293,,,104.6714,,,19.08,3.02
2801,265.1946,,36.2967,104.7506,,68.4539,8.78,1.31
2802,265.2677,,,104.8771,,,11.04,1.45
2803,265.3318,,,104.9979,,,14.75,1.26
2804,265.4116,,10.5159,105.1131,,94.5972,16.24,1.22
2805,265.4961,,,105.2062,,,17.54,3.19
2806,265.5673,,38.4508,105.2562,,66.8054,7.88,1.41
2807,265.6574,,39.6235,105.3874,,65.7639,17.42,1.35
2808,265.7192,,,105.4580,,,9.85,1.34
2809,265.8117,,,105.5911,,,19.06,1.70
2810,265.8802,,,105.7023,,,8.55,1.57
2811,265.9487,,9.4604,105.7735,,96.3131,9.46,1.10
2812,266.0113,,9.6928,105.8466,,96.1538,8.34,1.36
2813,266.0808,,,105.9594,,,8.68,1.51
2814,266.1569,,9.7851,106.0721,,96.2870,8.66,1.01
2815,266.2511,,9.9632,106.2542,,96.2911,17.75,2.45
2816,266.3254,,,106.3740,,,10.45,1.52
2817,266.4003,,44.5308,106.5194,,61.9886,11.09,1.45
2818,266.4790,,,106.6982,,,8.33,1.58
2819,266.5323,,,106.8078,,,8.06,1.47
2820,266.6111,,31.5981,106.9679,,75.3698,8.94,1.29
2821,266.6834,,24.6040,107.1215,,82.5176,9.56,1.63
2822,266.7469,,,107.2716,,,14.93,1.08
2823,266.8268,,20.4415,107.4236,,86.9821,11.03,1.50
2824,266.8951,,,107.5144,,,11.08,1.32
2825,266.9795,,,107.6811,,,12.28,1.22
2826,267.0384,,18.1081,107.7571,,89.6490,8.59,1.35
2827,267.0968,,,107.8297,,,9.44,1.13
2828,267.1825,,,107.9772,,,19.17,1.42
2829,267.2533,,,108.0777,,,13.65,1.41
2830,267.3262,,,108.1831,,,12.15,1.45
2831,267.3951,,,108.2892,,,9.46,2.32
2832,267.4666,,,108.3527,,,10.18,1.21
2833,267.5406,,,108.4412,,,10.15,1.40
2834,267.6111,,,108.5126,,,9.13,1.24
2835,267.6861,,,108.5572,,,8.91,1.57
2836,267.7618,,,108.6370,,,8.88,1.30
2837,267.8220,,,108.6899,,,9.09,1.47
2838,267.9014,,27.0385,108.7646,,81.7261,10.80,1.36
2839,267.9936,,9.6538,108.8713,,99.2175,9.23,1.17
2840,268.0636,,9.4567,108.9543,,99.4976,13.88,1.62
2841,268.1447,,,109.0387,,,17.21,2.45
2842,268.2048,,9.5402,109.1005,,99.5603,8.29,1.26
2843,268.2947,,,109.2337,,,15.28,1.01
2844,268.3645,,,109.3269,,,8.69,1.14
2845,268.4408,,9.6616,109.4517,,99.7901,8.48,1.33
2846,268.5243,,,109.6069,,,12.74,1.52
2847,268.5855,,,109.6924,,,8.48,1.62
2848,268.6578,,,109.8237,,,8.41,1.35
2849,268.7321,,,109.9503,,,12.29,1.51
2850,268.8029,,9.7504,110.0868,,100.3364,10.19,1.16
2851,268.8671,,,110.2111,,,11.53,1.44
2852,268.9310,,,110.2883,,,8.30,1.48
2853,269.0094,,23.2067,110.3916,,87.1849,8.48,1.21
2854,269.0829,,,110.4570,,,8.34,1.55
2855,269.1600,,,110.5064,,,17.25,2.41
2856,269.2419,,,110.5486,,,19.41,1.27
2857,269.3138,,,110.5702,,,18.79,1.28
2858,269.3754,,,110.5703,,,13.28,1.44
2859,269.4278,,,110.5610,,,10.72,1.41
2860,269.4952,,,110.5314,,,20.52,0.97
2861,269.5664,,11.1613,110.4975,,99.3362,10.95,1.38
2862,269.6381,,10.8078,110.4396,,99.6319,10.84,1.57
2863,269.7227,,10.4347,110.3499,,99.9152,14.22,1.47
2864,269.8052,,10.2107,110.2816,,100.0709,13.03,1.14
2865,269.8639,,,110.2241,,,14.73,1.26
2866,269.9203,,,110.1734,,,11.69,1.38
2867,270.0115,,,110.1074,,,20.34,2.36
2868,270.0709,,,110.0724,,,8.71,1.40
2869,270.1530,,,110.0121,,,13.49,1.22
2870,270.2204,,,109.9583,,,17.09,1.36
2871,270.3005,,,109.8979,,,21.06,1.07
2872,270.3607,,,109.8568,,,8.22,0.94
2873,270.4321,,,109.7879,,,8.39,1.52
2874,270.5034,,10.9290,109.7292,,98.8001,8.23,1.23
2875,270.5855,,,109.6640,,,13.60,1.35
2876,270.6755,,,109.5798,,,18.89,1.35
2877,270.7346,,11.7317,109.5207,,97.7889,17.81,1.07
2878,270.8147,,,109.4678,,,13.68,1.34
2879,270.8741,,,109.4232,,,14.96,1.35
2880,270.9360,,,109.3989,,,9.32,1.52
2881,271.0230,,,109.3402,,,12.47,1.58
2882,271.0804,,,109.3025,,,11.34,1.43
2883,271.1328,,,109.2617,,,8.53,1.39
2884,271.2162,,,109.1675,,,14.09,2.83
2885,271.2800,,,109.1200,,,9.00,1.60
2886,271.3344,,,109.0741,,,9.93,1.41
2887,271.4018,,11.3348,108.9988,,97.6641,8.22,1.18
2888,271.4588,,11.9764,108.9299,,96.9536,11.65,1.55
2889,271.5404,,12.4343,108.7756,,96.3413,18.75,1.37
2890,271.6175,,,108.6681,,,12.21,1.29
2891,271.6796,,,108.6016,,,8.45,1.45
2892,271.7529,,12.8530,108.5366,,95.6836,8.56,1.20
2893,271.8383,,12.5692,108.4571,,95.8879,9.77,1.19
2894,271.8991,,11.0722,108.4110,,97.3388,8.24,1.28
2895,271.9813,,,108.3492,,,8.27,1.47
2896,272.0418,,13.4957,108.3099,,94.8142,11.59,1.16
2897,272.1034,,10.2358,108.2925,,98.0567,8.85,1.56
2898,272.1793,,,108.2628,,,8.58,1.41
2899,272.2344,,,108.2445,,,8.49,1.38
2900,272.3101,,,108.2173,,,16.87,1.38
2901,272.3793,,,108.2045,,,11.56,1.26
2902,272.4523,,,108.1828,,,8.77,1.29
2903,272.5221,,,108.1572,,,8.71,1.33
2904,272.5912,,12.4296,108.1236,,95.6940,8.29,1.33
2905,272.6808,,,108.0651,,,17.71,1.58
2906,272.7540,,12.4415,108.0175,,95.5760,13.93,1.09
2907,272.8360,,48.7385,107.9741,,59.2356,19.04,1.37
2908,272.9026,,,107.9334,,,11.48,1.11
2909,272.9620,,,107.9049,,,8.39,1.17
2910,273.0339,,,107.8607,,,8.08,1.54
2911,273.1119,,,107.8099,,,9.04,1.16
2912,273.1920,,10.3250,107.7560,,97.4310,8.58,1.73
2913,273.2694,,,107.7015,,,8.31,1.29
2914,273.3205,,,107.6661,,,10.47,1.56
2915,273.3762,,,107.6300,,,8.09,1.40
2916,273.4494,,13.4121,107.5725,,94.1604,8.08,1.34
2917,273.5272,,,107.4925,,,11.64,1.26
2918,273.5903,,12.2961,107.4470,,95.1509,9.05,1.51
2919,273.6656,,,107.3804,,,8.72,1.23
2920,273.7526,,,107.2981,,,18.68,1.17
2921,273.8172,,,107.2400,,,15.58,1.52
2922,273.8849,,,107.1964,,,8.97,1.47
2923,273.9639,,,107.0970,,,15.32,1.26
2924,274.0520,,,106.9984,,,16.92,1.25
2925,274.1221,,,106.8646,,,12.07,1.40
2926,274.2026,,10.8028,106.7486,,95.9458,14.63,1.23
2927,274.2663,,,106.6524,,,12.21,1.35
2928,274.3400,,10.9156,106.5473,,95.6317,8.48,1.45
2929,274.4155,,,106.4369,,,10.01,1.34
2930,274.4979,,43.4279,106.3130,,62.8851,8.71,1.11
2931,274.5603,,10.9429,106.2441,,95.3012,12.64,1.57
2932,274.6282,,11.0056,106.1418,,95.1362,9.30,1.62
2933,274.6963,,10.8292,106.0493,,95.2201,14.52,1.48
2934,274.7649,,,106.0008,,,10.96,1.14
2935,274.8543,,,105.9105,,,15.46,1.17
2936,274.9228,,,105.8450,,,16.81,1.36
2937,274.9923,,9.8288,105.8053,,95.9765,11.72,1.72
2938,275.0728,,10.5537,105.7126,,95.1589,18.75,2.84
2939,275.1591,,,105.6464,,,13.56,1.70
2940,275.2240,,,105.6130,,,8.83,1.40
2941,275.3028,,11.1781,105.5630,,94.3849,12.41,1.24
2942,275.3894,,11.4646,105.4888,,94.0242,13.13,1.36
2943,275.4541,,,105.4430,,,12.83,1.30
2944,275.5310,,,105.4104,,,17.42,1.11
2945,275.5987,,,105.3800,,,14.80,1.26
2946,275.6584,,40.0162,105.3571,,65.3408,8.39,1.26
2947,275.7574,,,105.2892,,,11.05,1.65
2948,275.8171,,,105.2489,,,9.79,1.32
2949,275.8877,,10.4067,105.1907,,94.7839,9.64,1.48
2950,275.9666,,,105.1133,,,15.82,1.43
2951,276.0317,,,105.0810,,,11.18,1.40
2952,276.1026,,,105.0290,,,9.92,1.36
2953,276.1944,,,104.9460,,,16.93,1.45
2954,276.2580,,,104.8786,,,18.42,1.48
2955,276.3169,,,104.8293,,,10.94,1.32
2956,276.3974,,,104.7194,,,12.53,1.15
2957,276.4560,,9.8710,104.6558,,94.7848,8.15,1.20
2958,276.5106,,,104.5781,,,14.36,1.15
2959,276.5664,,,104.4857,,,8.60,1.41
2960,276.6331,,10.2802,104.3840,,94.1038,9.51,1.46
2961,276.6847,,10.4407,104.3117,,93.8709,7.98,1.47
2962,276.7379,,10.5440,104.2318,,93.6877,10.17,1.71
2963,276.7913,,10.6641,104.1645,,93.5005,8.05,1.35
2964,276.8800,,10.4978,104.0468,,93.5490,10.58,1.36
2965,276.9538,,,103.9687,,,12.36,1.44
2966,277.0433,,10.5536,103.8989,,93.3453,10.88,1.53
2967,277.1060,,10.0501,103.8528,,93.8027,10.68,1.47
2968,277.1898,,,103.7842,,,12.87,1.19
2969,277.2698,,,103.7389,,,22.36,2.40
2970,277.3341,,,103.7092,,,11.04,1.35
2971,277.4102,,,103.6507,,,17.51,2.53
2972,277.4752,,,103.6199,,,8.79,1.70
2973,277.5552,,,103.5540,,,18.39,1.34
2974,277.6190,,,103.5182,,,10.29,1.38
2975,277.6926,,16.2928,103.4494,,87.1565,12.19,1.78
2976,277.7663,,,103.3775,,,8.70,1.50
2977,277.8463,,,103.2870,,,12.59,1.14
2978,277.9081,,,103.2369,,,8.42,1.20
2979,277.9777,,,103.1761,,,9.01,1.54
2980,278.0572,,11.3103,103.1055,,91.7952,11.24,1.50
2981,278.1437,,,102.9921,,,18.47,1.28
2982,278.2219,,,102.9125,,,17.18,1.26
2983,278.2809,,,102.8500,,,11.24,1.45
2984,278.3352,,,102.7899,,,10.43,1.88
2985,278.4091,,,102.6883,,,8.76,1.34
2986,278.4809,,,102.6317,,,10.46,2.21
2987,278.5588,,,102.5170,,,17.38,1.53
2988,278.6213,,,102.4501,,,8.63,1.54
2989,278.6965,,,102.3218,,,8.42,1.15
2990,278.7752,,,102.1641,,,8.25,1.23
2991,278.8336,,10.4104,102.0389,,91.6284,10.97,1.13
2992,278.9093,,,101.9139,,,11.57,1.44
2993,278.9765,,,101.7833,,,15.95,3.45
2994,279.0454,,13.6164,101.7003,,88.0839,10.07,1.34
2995,279.1272,,13.0200,101.5427,,88.5228,15.66,1.32
2996,279.1943,,12.8612,101.4773,,88.6160,9.12,1.59
2997,279.2730,,,101.3795,,,18.72,1.36
2998,279.3558,,,101.3395,,,16.93,1.39
2999,279.4200,,,101.3207,,,19.82,1.38
3000,279.4930,,11.4094,101.3152,,89.9058,18.41,1.41
3001,279.5694,,,101.3205,,,18.69,1.34
3002,279.6391,,,101.3422,,,19.89,1.31
3003,279.7000,,10.8129,101.3610,,90.5482,11.82,1.35
3004,279.7940,,16.5822,101.4105,,84.8283,12.72,1.29
3005,279.8649,,10.8907,101.4487,,90.5580,13.96,1.44
3006,279.9376,,10.9767,101.5113,,90.5346,9.12,1.28
3007,279.9955,,,101.5575,,,9.66,1.28
3008,280.0808,,11.1215,101.6629,,90.5414,10.99,1.48
3009,280.1607,,,101.7553,,,14.93,1.19
3010,280.2284,,,101.8543,,,19.42,1.47
3011,280.2911,,11.2332,101.9303,,90.6971,8.39,1.41
3012,280.3795,,,102.0569,,,16.82,1.46
3013,280.4369,,,102.1257,,,8.31,2.18
3014,280.5202,,,102.2655,,,22.82,1.32
3015,280.5768,,,102.3283,,,9.14,1.45
3016,280.6481,,9.8622,102.4177,,92.5556,10.13,1.24
3017,280.7166,,,102.4969,,,11.33,1.54
3018,280.7707,,,102.5579,,,10.26,1.65
3019,280.8249,,,102.6102,,,8.32,1.36
3020,280.8743,,,102.6591,,,7.98,1.37
3021,280.9685,,,102.7447,,,18.44,2.75
3022,281.0447,,9.0091,102.8118,,93.8027,15.37,1.75
3023,281.1105,,,102.8731,,,15.22,1.49
3024,281.1924,,,102.9303,,,17.48,1.13
3025,281.2588,,,102.9937,,,18.65,1.51
3026,281.3193,,,103.0336,,,8.69,1.36
3027,281.3900,,9.1034,103.0938,,93.9903,8.57,1.28
3028,281.4578,,,103.1549,,,13.47,1.12
3029,281.5165,,,103.1999,,,8.58,1.32
3030,281.5967,,,103.2844,,,12.37,1.18
3031,281.6556,,,103.3297,,,8.50,0.90
3032,281.7187,,,103.3910,,,12.79,1.32
3033,281.7799,,,103.4324,,,10.41,1.79
3034,281.8347,,,103.4756,,,8.88,1.51
3035,281.9163,,,103.5446,,,12.18,1.52
3036,281.9738,,,103.5805,,,11.43,1.46
3037,282.0418,,,103.6322,,,8.83,1.32
3038,282.1275,,,103.7031,,,11.59,1.33
3039,282.1852,,,103.7376,,,8.29,1.45
3040,282.2628,,,103.8046,,,11.73,1.43
3041,282.3392,,19.8385,103.8583,,84.0198,10.10,1.11
3042,282.4001,,,103.8976,,,8.44,1.22
3043,282.4879,,,103.9733,,,12.46,1.10
3044,282.5449,,,104.0088,,,8.09,1.11
3045,282.5968,,18.9133,104.0515,,85.1382,10.22,1.23
3046,282.6528,,16.3542,104.0931,,87.7389,8.48,1.26
3047,282.7288,,,104.1515,,,9.03,1.57
3048,282.7983,,,104.2125,,,9.03,0.98
3049,282.8694,,,104.2700,,,9.65,1.43
3050,282.9488,,,104.3283,,,10.20,1.15
3051,283.0059,,,104.3464,,,8.43,1.07
3052,283.0863,,10.5368,104.3567,,93.8199,18.56,1.13
3053,283.1676,,,104.3490,,,12.39,1.40
3054,283.2507,,,104.3372,,,18.22,1.19
3055,283.3279,,,104.3431,,,17.63,1.89
3056,283.4065,,,104.3650,,,21.80,1.02
3057,283.4644,,,104.3811,,,12.23,1.15
3058,283.5399,,9.7749,104.4026,,94.6277,11.75,1.08
3059,283.6112,,,104.4164,,,11.97,1.33
3060,283.6875,,10.0183,104.4349,,94.4166,12.17,1.38
3061,283.7436,,10.3143,104.4492,,94.1349,8.78,1.25
3062,283.8107,,,104.4750,,,8.07,1.19
3063,283.8608,,,104.5014,,,10.18,1.25
3064,283.9140,,,104.5287,,,8.11,1.15
3065,283.9810,,14.2483,104.5687,,90.3204,10.99,1.85
3066,284.0401,,13.7306,104.5938,,90.8633,9.03,1.52
3067,284.1360,,13.8086,104.6392,,90.8305,13.40,1.33
3068,284.2106,,,104.6696,,,14.49,1.20
3069,284.2846,,13.9399,104.7012,,90.7612,18.33,1.40
3070,284.3670,,,104.7202,,,19.82,1.49
3071,284.4381,,13.2932,104.7341,,91.4409,18.32,1.33
3072,284.4932,,13.2255,104.7426,,91.5171,8.32,1.37
3073,284.5675,,,104.7589,,,13.38,1.38
3074,284.6348,,12.5820,104.7829,,92.2009,20.38,1.28
3075,284.6967,,12.4162,104.8013,,92.3851,10.85,1.39
3076,284.7778,,,104.8495,,,12.49,1.55
3077,284.8328,,,104.8766,,,8.16,1.66
3078,284.9035,,11.8051,104.9134,,93.1083,8.52,1.16
3079,284.9738,,,104.9455,,,9.36,1.27
3080,285.0597,,,104.9940,,,15.19,1.31
3081,285.1226,,,105.0266,,,17.10,2.49
3082,285.2074,,,105.0830,,,18.55,1.15
3083,285.2728,,10.8947,105.1192,,94.2244,19.10,1.38
3084,285.3399,,,105.1449,,,16.89,2.77
3085,285.4180,87.0474,,105.1687,18.1213,,17.02,1.30
3086,285.4778,,,105.1859,,,9.41,1.38
3087,285.5676,,,105.2200,,,14.96,1.26
3088,285.6323,,,105.2426,,,10.36,1.14
3089,285.6994,,,105.2574,,,17.01,1.93
3090,285.7646,,,105.2599,,,8.33,1.13
3091,285.8440,,,105.2482,,,11.74,1.05
3092,285.9170,,,105.2248,,,11.51,1.27
3093,285.9793,,,105.2039,,,11.19,1.52
3094,286.0601,,,105.1635,,,11.74,1.38
3095,286.1235,,,105.1414,,,8.63,1.26
3096,286.2082,,,105.0888,,,12.06,1.21
3097,286.2796,,10.5963,105.0478,,94.4515,12.08,1.39
3098,286.3553,,,105.0082,,,16.27,1.09
3099,286.4196,,,104.9872,,,13.43,1.28
3100,286.5035,,11.1449,104.9585,,93.8137,17.27,1.08
3101,286.5578,,11.6308,104.9449,,93.3141,8.14,0.99
3102,286.6362,,,104.9229,,,19.41,2.64
3103,286.7141,,,104.9139,,,10.92,1.45
3104,286.7871,,11.8903,104.9072,,93.0169,12.24,1.13
3105,286.8488,,12.3037,104.9068,,92.6031,10.60,1.41
3106,286.9024,,,104.9142,,,9.29,1.08
3107,286.9534,,12.3959,104.9271,,92.5313,8.49,1.06
3108,287.0320,,11.8998,104.9526,,93.0528,17.38,1.27
3109,287.1196,,,104.9758,,,11.49,1.34
3110,287.1830,,11.5732,105.0040,,93.4307,19.28,1.19
3111,287.2615,,,105.0348,,,10.22,1.22
3112,287.3347,,10.2677,105.0740,,94.8063,17.49,1.37
3113,287.4049,,,105.1081,,,11.38,1.41
3114,287.4907,,10.3812,105.1808,,94.7996,20.70,1.32
3115,287.5735,,,105.2282,,,12.87,1.59
3116,287.6381,,,105.2759,,,19.08,1.17
3117,287.7027,,10.5230,105.3086,,94.7856,10.49,1.24
3118,287.7593,,11.1962,105.3474,,94.1512,10.66,1.09
3119,287.8388,,,105.4050,,,9.91,1.56
3120,287.9028,,11.7813,105.4676,,93.6863,9.26,1.17
3121,287.9694,,,105.5350,,,18.38,1.51
3122,288.0340,,,105.5802,,,11.27,1.35
3123,288.1120,,12.0131,105.6426,,93.6294,13.47,0.99
3124,288.1999,,11.4408,105.7153,,94.2745,12.17,1.16
3125,288.2565,,10.6284,105.7518,,95.1234,11.76,1.19
3126,288.3206,,,105.8184,,,16.34,1.45
3127,288.3882,,10.1103,105.8605,,95.7502,8.52,1.84
3128,288.4682,,,105.9621,,,17.81,1.63
3129,288.5351,,,106.0129,,,9.23,1.66
3130,288.6207,,,106.1040,,,15.84,1.48
3131,288.6760,,,106.1515,,,10.38,1.35
3132,288.7474,,11.5903,106.2081,,94.6178,8.41,1.32
3133,288.8277,,11.6041,106.2842,,94.6801,17.27,2.51
3134,288.9152,,,106.3439,,,16.95,1.23
3135,288.9665,,,106.3879,,,11.13,1.17
3136,289.0239,,,106.4326,,,11.77,1.35
3137,289.1139,,,106.5179,,,11.79,1.40
3138,289.1818,,,106.5750,,,12.76,1.30
3139,289.2548,,,106.6328,,,15.06,1.05
3140,289.3142,,,106.6725,,,10.28,1.12
3141,289.3911,,10.3340,106.7477,,96.4137,11.53,1.46
3142,289.4669,,,106.8017,,,18.06,1.48
3143,289.5475,,10.3765,106.8574,,96.4809,12.63,1.57
3144,289.6178,,,106.9169,,,8.12,1.38
3145,289.6696,,,106.9615,,,9.41,1.27
3146,289.7368,,,107.0271,,,9.37,1.81
3147,289.8044,,14.0189,107.0904,,93.0715,9.35,1.03
3148,289.8742,,,107.1577,,,14.85,2.19
3149,289.9285,,,107.2021,,,7.98,1.32
3150,289.9848,,,107.2527,,,13.93,1.69
3151,290.0659,,,107.3415,,,16.06,1.36
3152,290.1317,,,107.3816,,,9.17,1.36
3153,290.1984,,44.2661,107.4423,,63.1762,9.02,1.13
3154,290.2502,,,107.4804,,,10.62,1.18
3155,290.3050,,,107.5150,,,8.94,1.23
3156,290.3750,,,107.5613,,,8.08,1.44
3157,290.4282,,,107.5932,,,12.00,2.92
3158,290.4817,,,107.6221,,,9.99,1.42
3159,290.5579,,,107.6752,,,10.95,1.20
3160,290.6408,,12.9194,107.7189,,94.7995,18.43,1.89
3161,290.7164,,,107.7620,,,19.95,1.27
3162,290.7935,73.1265,,107.7949,34.6684,,16.60,1.26
3163,290.8463,,,107.8109,,,11.13,1.33
3164,290.8999,,10.4608,107.8187,,97.3580,8.47,1.35
3165,290.9921,,10.0132,107.8101,,97.7969,12.04,1.42
3166,291.0514,,10.2975,107.7993,,97.5017,8.48,1.49
3167,291.1421,,10.2548,107.7915,,97.5367,14.03,1.39
3168,291.1987,,10.0682,107.7984,,97.7302,8.81,1.60
3169,291.2862,,16.0130,107.8353,,91.8223,10.33,1.39
3170,291.3531,,,107.8812,,,12.02,1.06
3171,291.4122,,,107.9148,,,8.83,1.16
3172,291.4927,,11.7630,107.9906,,96.2276,13.72,1.22
3173,291.5800,,,108.0435,,,15.88,1.60
3174,291.6319,,,108.0860,,,8.11,1.63
3175,291.6995,,11.7138,108.1478,,96.4340,14.29,1.04
3176,291.7671,,,108.2072,,,19.59,1.36
3177,291.8436,,11.3781,108.2738,,96.8957,12.75,1.20
3178,291.9127,,10.9217,108.3467,,97.4251,14.31,2.42
3179,291.9878,,,108.3966,,,14.06,1.42
3180,292.0609,,,108.4757,,,12.20,1.09
3181,292.1306,,,108.5598,,,8.81,1.74
3182,292.1985,,10.1688,108.6374,,98.4685,8.59,1.54
3183,292.2762,,,108.7408,,,16.32,1.39
3184,292.3429,,10.8222,108.7871,,97.9649,10.31,1.61
3185,292.4238,,,108.8866,,,11.99,1.43
3186,292.4862,,,108.9424,,,11.13,1.85
3187,292.5556,,11.0822,109.0209,,97.9387,9.07,1.25
3188,292.6293,,,109.1003,,,8.44,1.37
3189,292.7169,,,109.2113,,,12.94,2.07
3190,292.7982,,,109.3054,,,24.86,1.22
3191,292.8574,,,109.3584,,,9.17,0.96
3192,292.9377,,13.6386,109.4471,,95.8086,14.06,1.11
3193,292.9951,,13.9438,109.4926,,95.5488,9.38,1.22
3194,293.0838,,12.4648,109.5805,,97.1157,13.22,1.48
3195,293.1487,,,109.6444,,,17.14,1.04
3196,293.2255,,11.7041,109.7048,,98.0007,17.01,1.37
3197,293.2931,,10.5724,109.7571,,99.1847,8.46,2.00
3198,293.3700,,,109.8152,,,17.70,1.52
3199,293.4432,,,109.8828,,,17.31,0.98
3200,293.5227,,,109.9482,,,15.86,1.30
3201,293.5841,,,109.9905,,,11.13,1.35
3202,293.6542,,16.9271,110.0525,,93.1254,9.32,1.16
3203,293.7456,,14.4933,110.1151,,95.6218,14.82,2.62
3204,293.8295,,,110.1670,,,10.19,1.24
3205,293.9040,,,110.2320,,,12.05,1.16
3206,293.9729,,,110.2962,,,8.74,2.02
3207,294.0461,,9.4703,110.3604,,100.8902,9.99,1.54
3208,294.1385,,9.5300,110.4466,,100.9167,11.64,1.37
3209,294.2045,,,110.5167,,,11.77,1.11
3210,294.2728,,,110.6016,,,13.67,1.34
3211,294.3678,,,110.7040,,,13.39,1.20
3212,294.4355,,17.0090,110.7840,,93.7750,11.07,1.42
3213,294.4984,,,110.8387,,,10.80,0.99
3214,294.5753,,,110.9317,,,16.15,1.08
3215,294.6571,,,110.9945,,,14.49,1.02
3216,294.7206,,,111.0432,,,13.44,1.43
3217,294.7741,,,111.0880,,,8.51,1.25
3218,294.8599,,,111.1605,,,14.11,1.03
3219,294.9147,,,111.2010,,,9.20,0.95
3220,295.0001,,,111.2793,,,12.90,1.05
3221,295.0714,,,111.3353,,,12.17,1.40
3222,295.1269,,,111.3707,,,10.37,1.46
3223,295.1898,,11.6384,111.4263,,99.7879,13.01,1.06
3224,295.2660,,,111.4844,,,11.17,1.29
3225,295.3303,,,111.5370,,,13.19,2.09
3226,295.4102,,11.3694,111.5990,,100.2297,11.59,1.00
3227,295.5084,,,111.6705,,,24.37,1.89
3228,295.5843,,,111.7476,,,14.75,1.18
3229,295.6617,,,111.8105,,,23.90,1.77
3230,295.7253,,,111.8601,,,12.34,1.28
3231,295.7960,,,111.9260,,,15.12,1.24
3232,295.8627,,,111.9719,,,10.06,0.92
3233,295.9518,,10.4979,112.0063,,101.5084,19.15,2.54
3234,296.0398,,,112.0174,,,12.76,1.22
3235,296.1050,,11.2010,112.0255,,100.8245,8.15,1.33
3236,296.1792,,,112.0388,,,8.29,1.27
3237,296.2565,,11.7539,112.0668,,100.3128,8.45,1.27
3238,296.3365,,11.9526,112.1117,,100.1592,12.17,1.20
3239,296.4101,,,112.1491,,,12.16,1.14
3240,296.4773,,12.0343,112.1877,,100.1534,18.02,1.33
3241,296.5568,,,112.2241,,,10.38,0.95
3242,296.6281,,,112.2679,,,17.31,1.36
3243,296.6807,,,112.3015,,,9.55,1.14
3244,296.7547,,,112.3555,,,8.12,1.08
3245,296.8214,,,112.4129,,,8.80,1.41
3246,296.8912,,,112.4675,,,8.31,1.40
3247,296.9773,,11.0561,112.5436,,101.4874,19.20,1.55
3248,297.0573,,,112.5947,,,18.71,0.97
3249,297.1123,,,112.6312,,,9.99,0.93
3250,297.1790,,,112.6836,,,10.42,1.47
3251,297.2372,,,112.7312,,,9.01,1.30
3252,297.2905,,10.3146,112.7696,,102.4551,8.60,1.49
3253,297.3759,,,112.8548,,,11.88,1.54
3254,297.4396,,,112.9089,,,8.73,1.60
3255,297.5187,,,113.0067,,,15.38,1.46
3256,297.5993,,,113.0761,,,18.26,0.99
3257,297.6752,,,113.1444,,,12.02,1.46
3258,297.7564,,,113.2151,,,18.62,1.13
3259,297.8432,,26.4418,113.2769,,86.8351,14.20,1.17
3260,297.9254,,,113.3472,,,14.90,1.19
3261,298.0097,,,113.4016,,,17.97,1.06
3262,298.0670,,,113.4417,,,12.53,1.20
3263,298.1324,,,113.4990,,,8.79,1.37
3264,298.2176,,,113.5637,,,12.00,1.40
3265,298.2695,,,113.5836,,,8.07,1.31
3266,298.3809,,,113.5921,,,13.42,1.43
3267,298.4431,,,113.5905,,,9.48,1.28
3268,298.5135,,,113.5882,,,9.47,1.02
3269,298.5854,,,113.5887,,,8.31,1.56
3270,298.6595,,,113.5939,,,8.15,0.92
3271,298.7555,,15.9056,113.6005,,97.6949,15.85,1.04
3272,298.8509,,14.6852,113.6096,,98.9244,18.91,1.02
3273,298.9264,,,113.6336,,,11.94,1.39
3274,299.0182,,,113.6801,,,16.09,1.27
3275,299.0762,,,113.7059,,,9.87,1.96
3276,299.1541,,,113.7325,,,11.69,0.97
3277,299.2258,,,113.7354,,,9.08,1.33
3278,299.3058,,,113.7228,,,18.04,0.89
3279,299.3799,,,113.6915,,,11.87,1.23
3280,299.4390,,17.0487,113.6650,,96.6163,8.65,1.31
3281,299.5191,,,113.5996,,,11.92,1.35
3282,299.5818,,,113.5678,,,8.12,1.39
3283,299.6566,,,113.5008,,,17.62,1.22
3284,299.7339,,,113.4281,,,13.56,1.14
3285,299.7976,,,113.3346,,,10.94,0.99
3286,299.8776,,,113.2385,,,12.50,1.31
3287,299.9403,,,113.1683,,,11.18,1.33
3288,300.0052,,11.1252,113.0535,,101.9283,11.37,1.13
3289,300.0885,,,112.9019,,,8.79,0.89
3290,300.1553,,18.2255,112.8278,,94.6022,11.64,1.05
3291,300.2256,,,112.7282,,,10.70,1.20
3292,300.3069,,,112.5936,,,13.00,0.94
3293,300.3675,,,112.4797,,,11.74,0.95
3294,300.4470,,24.1634,112.3707,,88.2073,13.25,1.03
3295,300.5036,,,112.2924,,,11.15,1.09
3296,300.5721,,,112.1733,,,8.85,1.16
3297,300.6444,,,112.0412,,,8.81,1.16
3298,300.7246,,,111.8640,,,18.06,1.11
3299,300.7994,,11.5034,111.7385,,100.2351,11.28,1.13
3300,300.8686,,,111.6146,,,12.92,1.04
3301,300.9251,,,111.5351,,,8.13,1.19
3302,300.9821,,,111.4582,,,9.15,1.13
3303,301.0591,,,111.3149,,,19.01,1.16
3304,301.1305,,,111.2064,,,14.99,1.10
3305,301.1929,,16.6676,111.0865,,94.4189,13.82,1.42
3306,301.2621,,14.3027,111.0163,,96.7136,13.26,1.04
3307,301.3380,,,110.8788,,,9.35,1.28
3308,301.4055,,13.3884,110.8251,,97.4367,8.76,1.20
3309,301.5072,,,110.6812,,,19.27,1.03
3310,301.5670,,,110.6338,,,8.93,0.96
3311,301.6359,,,110.5685,,,9.43,1.24
3312,301.7106,,,110.4759,,,15.39,1.03
3313,301.7734,,,110.4163,,,8.97,1.06
3314,301.8463,,11.3316,110.3191,,98.9876,10.86,1.38
3315,301.9375,,11.4784,110.1552,,98.6768,16.93,1.12
3316,302.0060,,,110.0270,,,19.28,0.95
3317,302.0663,,,109.9483,,,9.52,1.06
3318,302.1366,,,109.8377,,,16.98,1.14
3319,302.2046,,12.4106,109.7399,,97.3293,16.33,2.25
3320,302.2737,,,109.6454,,,12.39,1.17
3321,302.3518,,,109.5497,,,18.27,1.11
3322,302.4186,,,109.4661,,,15.65,1.27
3323,302.4852,,,109.4020,,,9.71,1.18
3324,302.5593,,,109.3088,,,12.74,1.02
3325,302.6397,,10.5609,109.2007,,98.6398,13.29,0.95
3326,302.7167,,,109.1151,,,12.10,1.09
3327,302.8012,,,109.0079,,,12.41,1.19
3328,302.8677,,,108.9186,,,18.88,1.23
3329,302.9317,,,108.8553,,,8.92,1.42
