frame,timestamp_s,cam_dist_m,lidar_bbox_dist_m,gt_dist_m,cam_error_m,lidar_error_m,cam_latency_ms,lidar_latency_ms
1,597.6570,,,103.7023,,,17.09,7.38
2,597.7131,,24.0365,103.8339,,79.7974,12.06,1.57
3,597.7806,,,103.9438,,,10.09,1.28
4,597.8501,,,104.0482,,,12.78,3.19
5,597.9223,,24.3214,104.1310,,79.8096,15.56,1.46
6,597.9874,,,104.1724,,,13.20,1.06
7,598.0486,,,104.1846,,,14.73,1.50
8,598.1103,,20.1974,104.1708,,83.9733,11.26,0.85
9,598.1711,,,104.1145,,,13.07,1.62
10,598.2524,,,104.0109,,,13.87,1.51
11,598.3141,,,103.8671,,,12.02,1.36
12,598.3793,,,103.7326,,,16.93,1.52
13,598.4400,,,103.5705,,,11.15,1.05
14,598.5016,,,103.3998,,,11.37,1.54
15,598.5645,,,103.2025,,,14.45,0.95
16,598.6272,,,103.0043,,,13.43,1.76
17,598.6919,,,102.7774,,,11.94,1.11
18,598.7550,,,102.5643,,,15.31,1.01
19,598.8150,,,102.3403,,,12.23,1.04
20,598.8882,,,102.1120,,,12.98,1.15
21,598.9606,,19.4062,101.9157,,82.5095,14.69,0.81
22,599.0287,,,101.7325,,,13.79,1.68
23,599.0860,,,101.5699,,,10.48,1.22
24,599.1611,,,101.3983,,,21.48,0.81
25,599.2211,,,101.2620,,,8.92,1.48
26,599.2758,,,101.3364,,,9.30,1.46
27,599.3363,,,101.4047,,,17.34,1.07
28,599.3972,,,101.4776,,,10.50,1.41
29,599.4751,,,101.5620,,,21.56,1.35
30,599.5482,,,101.6518,,,13.01,1.45
31,599.6141,,,101.7361,,,9.66,1.53
32,599.6847,,,101.8120,,,16.82,1.37
33,599.7590,,,101.8977,,,14.49,0.92
34,599.8322,,,101.9804,,,18.85,1.33
35,599.9083,,,102.0773,,,18.45,1.26
36,599.9804,,,102.1583,,,22.55,1.56
37,600.0465,,,102.2542,,,16.18,2.44
38,600.1215,,,102.3715,,,23.37,2.71
39,600.1871,,,102.4733,,,13.63,1.33
40,600.2558,,,102.6088,,,18.86,1.37
41,600.3221,,,102.8646,,,19.68,1.52
42,600.3855,,,103.1083,,,15.21,1.26
43,600.4520,,,103.4731,,,17.86,1.19
44,600.5220,,27.0287,103.9100,,76.8813,20.37,1.46
45,600.5855,,,104.4039,,,14.92,1.11
46,600.6559,,,104.8405,,,17.89,1.35
47,600.7216,,,104.6987,,,9.61,1.71
48,600.7855,,,104.4730,,,14.80,3.78
49,600.8358,,,104.2871,,,9.32,1.10
50,600.8966,,,104.0893,,,14.59,1.10
51,600.9665,,26.0861,103.8012,,77.7151,18.71,1.19
52,601.0337,,,103.6016,,,15.65,1.36
53,601.1016,,,103.3492,,,18.58,1.29
54,601.1591,,21.0176,103.1334,,82.1158,8.95,1.16
55,601.2210,,,102.9337,,,19.69,1.57
56,601.2786,,,102.7272,,,10.39,1.09
57,601.3406,,,102.5370,,,21.04,0.94
58,601.4042,,,102.3244,,,15.18,1.26
59,601.4576,,,102.1625,,,13.26,1.14
60,601.5116,,32.5107,101.9869,,69.4762,11.69,0.92
61,601.5677,,,101.8406,,,10.15,1.43
62,601.6359,,,101.7254,,,16.24,1.20
63,601.6977,,,101.6844,,,10.22,1.35
64,601.7616,,,101.7599,,,12.21,1.25
65,601.8231,,,101.9411,,,11.82,1.45
66,601.8902,,,101.9828,,,18.48,1.20
67,601.9485,,,101.7975,,,10.95,1.33
68,602.0128,,21.0112,101.5743,,80.5631,16.21,0.84
69,602.0780,,,101.3454,,,16.89,1.62
70,602.1546,,,101.1023,,,13.92,1.10
71,602.2198,,43.8403,100.9060,,57.0656,15.86,1.24
72,602.2830,,,100.7370,,,12.89,1.31
73,602.3393,,,100.6089,,,10.85,1.14
74,602.4087,,,100.6119,,,21.33,1.07
75,602.4682,,39.3313,100.7205,,61.3892,13.30,1.25
76,602.5294,,,100.9423,,,12.50,1.24
77,602.5852,,,101.2272,,,12.98,1.01
78,602.6614,,,101.7488,,,20.97,1.14
79,602.7336,,,102.4179,,,16.32,1.22
80,602.7933,,,103.0080,,,19.42,1.05
81,602.8643,,24.0943,103.8191,,79.7248,19.71,1.85
82,602.9311,,,104.4280,,,16.19,1.68
83,603.0002,,,104.0976,,,20.73,1.39
84,603.0715,,,103.5487,,,19.39,1.35
85,603.1377,,,102.8801,,,16.28,1.29
86,603.1974,,,102.4545,,,13.72,1.23
87,603.2672,,,101.8918,,,19.82,2.50
88,603.3263,,,101.5145,,,18.33,1.66
89,603.3947,,,101.0732,,,17.75,1.17
90,603.4643,,22.3985,100.6789,,78.2804,13.94,1.05
91,603.5388,,,100.2219,,,23.18,1.67
92,603.5897,,,99.9730,,,11.14,0.90
93,603.6513,,,99.7342,,,15.56,1.17
94,603.7132,,19.5734,99.4429,,79.8695,10.83,0.88
95,603.7696,,17.8049,99.2365,,81.4316,13.95,0.98
96,603.8358,,,99.0825,,,15.97,2.22
97,603.9003,,,98.9008,,,19.48,1.26
98,603.9647,,18.0522,98.7428,,80.6907,17.35,0.86
99,604.0297,,,98.5859,,,13.77,1.35
100,604.0884,,,98.5403,,,11.85,1.01
101,604.1430,,,98.5892,,,12.01,1.04
102,604.2013,,,98.7312,,,9.97,1.15
103,604.2688,,15.8816,99.0004,,83.1188,19.11,1.25
104,604.3379,,,99.4369,,,16.69,1.44
105,604.3994,,,99.7953,,,13.36,1.39
106,604.4575,,15.8176,100.3125,,84.4949,10.25,0.82
107,604.5129,,15.5719,100.8453,,85.2734,9.87,1.38
108,604.5750,,,101.3746,,,12.58,1.73
109,604.6334,,,101.9419,,,9.27,1.61
110,604.7051,,20.3859,101.7631,,81.3773,15.63,1.02
111,604.7624,,18.4411,101.3706,,82.9295,12.41,0.91
112,604.8294,,,100.8464,,,15.14,1.38
113,604.9024,,,100.3875,,,19.00,1.32
114,604.9697,,15.6455,99.9394,,84.2939,16.34,1.36
115,605.0277,,,99.5843,,,9.82,1.28
116,605.0901,,,99.3102,,,18.91,1.00
117,605.1467,,,99.0108,,,13.04,1.26
118,605.2102,,,98.7210,,,13.95,1.07
119,605.2681,,14.5380,98.4662,,83.9281,14.18,0.95
120,605.3399,,,98.1561,,,17.15,1.14
121,605.4002,,,97.9651,,,14.92,1.29
122,605.4575,,,97.7210,,,10.12,1.20
123,605.5173,,14.3870,97.5019,,83.1149,15.36,1.07
124,605.5775,,,97.3561,,,14.25,1.78
125,605.6486,,,97.1514,,,15.92,1.38
126,605.7118,,14.0666,96.9599,,82.8933,13.49,1.23
127,605.7745,,,96.8322,,,16.81,1.58
128,605.8709,,13.5674,96.6072,,83.0398,24.12,1.78
129,605.9350,,,96.4896,,,20.32,2.93
130,605.9943,,,96.4030,,,12.11,0.90
131,606.0599,,,96.2588,,,18.64,0.88
132,606.1322,,,96.1440,,,15.99,1.19
133,606.1987,,,96.1269,,,15.82,1.41
134,606.2589,,12.2793,96.2014,,83.9221,15.38,1.08
135,606.3306,,,96.3589,,,14.17,1.48
136,606.3885,,,96.5931,,,9.20,1.32
137,606.4436,,,96.8071,,,12.36,0.99
138,606.5082,,,97.2089,,,13.30,1.11
139,606.5662,,10.4831,97.6271,,87.1440,18.32,1.21
140,606.6393,,,98.1960,,,18.85,1.05
141,606.7112,,19.3111,98.8106,,79.4995,21.27,1.11
142,606.7866,,,99.3224,,,20.10,1.09
143,606.8509,,,99.1140,,,12.83,1.35
144,606.9070,,,98.7675,,,12.48,1.27
145,606.9698,,,98.3216,,,15.10,1.51
146,607.0391,,,97.8931,,,16.79,0.86
147,607.1057,,,97.4907,,,19.34,1.21
148,607.1731,,,97.0495,,,20.44,1.45
149,607.2364,,,96.7539,,,18.80,1.25
150,607.2965,,,96.4010,,,10.64,1.24
151,607.3517,,,96.1094,,,11.37,1.14
152,607.4172,,19.5842,95.8376,,76.2534,17.02,1.21
153,607.4947,,,95.4803,,,13.48,1.14
154,607.5730,,32.0476,95.1163,,63.0688,19.81,1.43
155,607.6458,,,94.8758,,,18.91,1.13
156,607.7103,,16.6093,94.6476,,78.0383,17.51,0.89
157,607.7769,,,94.4637,,,17.86,1.57
158,607.8442,,,94.2918,,,21.38,1.11
159,607.9109,,,94.1109,,,19.05,0.97
160,607.9647,,,93.9330,,,11.78,1.41
161,608.0200,,,93.7877,,,10.37,1.68
162,608.0841,,,93.6722,,,20.61,1.05
163,608.1395,,,93.6491,,,10.77,1.16
164,608.2081,,,93.7254,,,18.59,3.03
165,608.2715,,,93.9059,,,13.72,1.38
166,608.3345,,,94.1277,,,17.33,1.31
167,608.3944,,,94.4981,,,10.86,1.18
168,608.4580,,,94.9321,,,15.25,1.09
169,608.5100,,25.2371,95.4151,,70.1780,9.36,1.09
170,608.5723,,,95.9796,,,12.80,1.46
171,608.6375,,,96.7131,,,13.92,1.25
172,608.6985,,,97.2045,,,12.70,1.26
173,608.7580,,,97.1720,,,12.63,0.95
174,608.8270,,,96.7405,,,16.71,1.96
175,608.8973,,,96.2784,,,15.79,1.37
176,608.9647,,27.7127,95.8839,,68.1712,14.30,1.20
177,609.0228,,,95.5707,,,16.08,1.33
178,609.0900,,,95.2136,,,15.27,1.05
179,609.1564,,,94.9795,,,19.97,1.36
180,609.2214,,,94.7318,,,16.72,1.67
181,609.2862,,,94.5200,,,12.98,1.09
182,609.3507,,,94.3026,,,9.99,1.19
183,609.4119,,,94.1465,,,11.48,1.02
184,609.4724,,,94.0192,,,19.66,1.23
185,609.5363,,,93.8634,,,9.35,1.03
186,609.6011,,,93.7557,,,15.43,1.34
187,609.6576,,20.1594,93.6444,,73.4850,10.05,1.02
188,609.7135,,,93.5629,,,9.67,0.91
189,609.7747,,,93.5273,,,11.50,1.46
190,609.8517,,,93.5810,,,15.29,2.72
191,609.9173,,,93.7202,,,11.58,1.24
192,609.9805,,,93.9342,,,11.20,1.31
193,610.0372,,,94.2577,,,10.39,1.11
194,610.0973,,,94.5944,,,11.37,1.21
195,610.1558,,,95.1325,,,9.76,1.30
196,610.2109,,,95.5383,,,10.25,1.11
197,610.2694,,24.5315,96.2560,,71.7245,9.60,1.15
198,610.3346,,,96.7455,,,16.79,1.13
199,610.3966,,,96.6665,,,11.95,1.52
200,610.4489,,20.9300,96.3820,,75.4520,12.16,1.21
201,610.5041,,,96.0784,,,11.69,0.81
202,610.5639,,30.5917,95.7963,,65.2046,13.49,1.16
203,610.6144,,20.8050,95.5767,,74.7717,12.46,0.96
204,610.6740,,28.7437,95.2914,,66.5478,9.01,1.39
205,610.7379,,,95.0860,,,16.07,0.96
206,610.8099,,28.9608,94.8520,,65.8912,13.33,1.05
207,610.8643,,,94.7331,,,10.80,1.21
208,610.9265,,,94.5868,,,12.59,1.58
209,610.9832,,,94.4870,,,15.25,1.34
210,611.0346,,,94.3955,,,11.50,1.00
211,611.1054,,,94.3029,,,16.70,1.08
212,611.1679,,,94.2233,,,10.46,1.08
213,611.2280,,,94.1499,,,9.50,1.64
214,611.2823,,,94.0991,,,8.87,1.69
215,611.3633,,,94.0437,,,19.66,1.10
216,611.4229,,31.0103,94.0021,,62.9918,12.36,1.61
217,611.4749,,,94.0053,,,12.30,1.40
218,611.5383,,,94.1046,,,12.36,0.96
219,611.5892,,,94.2781,,,8.93,1.23
220,611.6456,,,94.4916,,,11.69,1.04
221,611.7103,,,94.8583,,,13.79,1.06
222,611.7807,,,95.3968,,,12.49,1.47
223,611.8348,,,95.9589,,,9.95,1.02
224,611.9019,,,96.5509,,,19.35,3.27
225,611.9589,,22.6142,97.3289,,74.7147,9.24,1.19
226,612.0113,,,97.7704,,,10.86,0.94
227,612.0853,,,97.7931,,,17.43,2.61
228,612.1427,,,97.4690,,,9.23,1.19
229,612.1958,,,97.2149,,,10.24,1.17
230,612.2629,,,96.8800,,,18.43,0.87
231,612.3293,,,96.5823,,,14.88,1.72
232,612.3922,,,96.3219,,,17.04,1.10
233,612.4616,,20.5247,96.1034,,75.5788,15.44,1.06
234,612.5360,,,95.8888,,,14.90,1.48
235,612.6035,,,95.6909,,,16.85,1.87
236,612.6576,,,95.5870,,,9.44,1.00
237,612.7174,,,95.4934,,,13.45,1.38
238,612.7809,,,95.4027,,,18.62,2.86
239,612.8485,,,95.3170,,,15.73,1.19
240,612.9258,,,95.2265,,,12.15,3.72
241,612.9968,,,95.1625,,,14.33,0.99
242,613.0709,,,95.1450,,,13.75,1.11
243,613.1346,,,95.2118,,,14.83,1.29
244,613.2239,,,95.4803,,,26.77,2.22
245,613.2799,,,95.7163,,,10.64,1.54
246,613.3456,,,96.0354,,,17.11,2.76
247,613.4294,,27.4228,96.6465,,69.2237,12.62,1.27
248,613.4942,,,97.0368,,,14.24,0.93
249,613.5602,,,97.6858,,,15.10,1.34
250,613.6229,,25.9370,98.2797,,72.3428,11.50,1.67
251,613.6938,,,98.8157,,,13.20,1.11
252,613.7490,,,98.6331,,,11.94,1.28
253,613.8144,,,98.2126,,,17.74,0.98
254,613.8757,,,97.6832,,,11.13,1.54
255,613.9373,,,97.2805,,,16.56,1.01
256,613.9957,,,96.8216,,,9.86,1.32
257,614.0689,,,96.4153,,,18.43,1.24
258,614.1269,,,96.0454,,,9.02,1.38
259,614.1921,,,95.6850,,,19.26,0.87
260,614.2505,,,95.4218,,,10.47,0.99
261,614.3111,,,95.1819,,,16.48,0.86
262,614.3689,,,94.9567,,,9.56,0.99
263,614.4364,,,94.6821,,,19.30,1.57
264,614.4956,,,94.4475,,,11.62,1.28
265,614.5566,,,94.2310,,,11.73,1.16
266,614.6271,,,94.0454,,,13.93,1.49
267,614.6907,,,93.8401,,,16.12,0.98
268,614.7598,,,93.6681,,,14.55,0.87
269,614.8167,,,93.6086,,,14.89,1.09
270,614.8829,,,93.6386,,,18.54,1.86
271,614.9641,,,93.7894,,,22.85,0.88
272,615.0293,,,93.9941,,,10.19,1.46
273,615.1107,,20.5999,94.4195,,73.8196,21.66,1.27
274,615.1718,,,94.7297,,,12.91,1.64
275,615.2272,,,95.1125,,,13.06,1.56
276,615.2983,,,95.7125,,,21.53,2.79
277,615.3689,,,96.3233,,,15.27,0.82
278,615.4335,,,96.6756,,,16.20,1.34
279,615.5010,,,96.4724,,,18.46,1.11
280,615.5639,,,96.0073,,,13.78,0.83
281,615.6263,,,95.3943,,,12.96,1.67
282,615.6946,,,94.7844,,,13.18,1.07
283,615.7581,,,94.2591,,,18.31,2.10
284,615.8197,,28.7414,93.8861,,65.1447,13.16,1.14
285,615.8862,,,93.4249,,,16.25,1.32
286,615.9400,,,93.0870,,,12.63,1.06
287,615.9933,,,92.7885,,,12.99,1.33
288,616.0490,,,92.5039,,,14.56,1.34
289,616.1071,,19.7791,92.2512,,72.4720,16.31,0.99
290,616.1688,,,91.9724,,,10.51,1.17
291,616.2324,,,91.6914,,,12.88,1.46
292,616.2862,,,91.4977,,,10.20,1.01
293,616.3543,,35.1305,91.2183,,56.0877,9.03,0.92
294,616.4206,,,91.0326,,,18.26,1.34
295,616.4995,,,90.7784,,,14.19,1.17
296,616.5500,,,90.5923,,,9.26,1.16
297,616.6141,,,90.4875,,,15.38,0.90
298,616.6828,,,90.4312,,,14.44,1.57
299,616.7461,,,90.4629,,,15.22,0.98
300,616.8179,,39.3439,90.6296,,51.2857,15.96,1.10
301,616.8861,,,90.8163,,,17.81,1.46
302,616.9516,,,91.1509,,,11.28,0.96
303,617.0137,,19.8732,91.5220,,71.6489,11.37,0.80
304,617.0849,,,91.8768,,,13.69,1.49
305,617.1551,,,92.2506,,,19.32,1.21
306,617.2181,,26.3072,91.9645,,65.6573,11.89,1.53
307,617.2884,,,91.3420,,,14.95,1.14
308,617.3546,,19.4442,90.7186,,71.2745,15.95,0.86
309,617.4267,,,90.1499,,,16.13,1.85
310,617.4920,,,89.7385,,,14.72,1.01
311,617.5657,,,89.4915,,,15.74,0.98
312,617.6293,,,89.2381,,,14.10,1.59
313,617.6907,,,89.0789,,,14.62,1.56
314,617.7659,,,88.8534,,,19.59,2.99
315,617.8333,,,88.6918,,,18.79,1.29
316,617.9011,,,88.4812,,,12.18,0.92
317,617.9544,,,88.3631,,,12.06,1.13
318,618.0231,,37.2358,88.1879,,50.9522,18.09,1.50
319,618.0912,,,88.0249,,,18.59,1.00
320,618.1491,,,87.8763,,,9.24,1.14
321,618.2049,,,87.7848,,,9.12,1.25
322,618.2815,,,87.6662,,,16.40,1.53
323,618.3483,,,87.6359,,,15.92,1.19
324,618.4047,,,87.6730,,,9.54,0.84
325,618.4666,,,87.7737,,,15.80,1.38
326,618.5382,,,87.9716,,,16.34,2.59
327,618.6067,,,88.2634,,,13.95,1.04
328,618.6630,,,88.5416,,,14.65,0.91
329,618.7380,,,88.9883,,,23.23,1.45
330,618.7990,,,89.3638,,,14.17,1.10
331,618.8615,,19.7713,89.8382,,70.0669,16.70,0.85
332,618.9312,,,90.2088,,,12.34,1.75
333,618.9955,,,89.9796,,,9.80,0.85
334,619.0562,,24.4642,89.5812,,65.1170,9.29,1.02
335,619.1105,,,89.1835,,,9.09,1.15
336,619.1698,,24.5636,88.7588,,64.1951,11.50,0.98
337,619.2462,,,88.2992,,,19.27,1.11
338,619.2964,,,87.9475,,,12.60,1.00
339,619.3571,,,87.6369,,,12.75,0.90
340,619.4083,,21.1829,87.3409,,66.1581,9.88,0.95
341,619.4621,,21.0490,87.1171,,66.0680,10.74,0.89
342,619.5236,,,86.7934,,,9.90,1.40
343,619.5809,,,86.5619,,,9.14,3.17
344,619.6433,,,86.3505,,,13.53,1.40
345,619.7142,,,86.0713,,,12.06,1.16
346,619.7674,,,85.8711,,,9.38,1.50
347,619.8233,,,85.6867,,,10.42,1.23
348,619.8920,,,85.4691,,,16.84,1.18
349,619.9489,,,85.3276,,,11.16,0.97
350,620.0183,,,85.1443,,,13.18,1.52
351,620.0808,,,84.9199,,,17.50,1.60
352,620.1367,,,84.6221,,,13.66,0.97
353,620.1882,,,84.3583,,,10.86,1.30
354,620.2520,,,84.0474,,,16.20,1.40
355,620.3175,,,83.8231,,,14.80,1.10
356,620.4193,,,83.6211,,,12.87,0.99
357,620.4849,,,83.5558,,,13.19,1.38
358,620.5519,,,83.5792,,,13.19,1.18
359,620.6186,,,83.7036,,,11.38,1.29
360,620.6772,,,83.8707,,,13.08,1.82
361,620.7406,,,84.1160,,,13.19,1.23
362,620.7983,,,84.4709,,,10.09,0.89
363,620.8560,,,84.8171,,,11.30,1.14
364,620.9264,,,85.2446,,,15.22,1.75
365,620.9917,,,85.5112,,,19.51,1.60
366,621.0727,,23.1745,85.2206,,62.0461,19.85,3.40
367,621.1418,,,84.7209,,,16.96,1.96
368,621.2058,,,84.1609,,,11.81,1.15
369,621.2731,,,83.9199,,,13.50,1.55
370,621.3336,,,83.6629,,,10.62,0.97
371,621.3874,,,83.4622,,,8.87,1.05
372,621.4400,,,83.2729,,,9.11,1.08
373,621.5146,,,83.0363,,,14.14,1.03
374,621.5702,,,82.8488,,,14.94,1.42
375,621.6324,,,82.6273,,,15.66,1.66
376,621.6986,,,82.4769,,,16.49,1.06
377,621.7654,,,82.3490,,,15.29,1.10
378,621.8335,,,82.2920,,,16.47,1.55
379,621.8947,,,82.2868,,,16.89,0.92
380,621.9697,,,82.3450,,,19.38,2.01
381,622.0414,,,82.4450,,,17.11,1.19
382,622.1077,,,82.6158,,,18.04,1.04
383,622.1872,,,82.8771,,,15.84,1.10
384,622.2391,,,82.9766,,,12.72,1.01
385,622.2967,,,82.8056,,,11.04,1.02
386,622.3614,,23.1363,82.4184,,59.2821,14.63,0.99
387,622.4305,,,82.0507,,,14.73,1.61
388,622.4977,,,81.6992,,,12.85,0.98
389,622.5594,,24.7889,81.3749,,56.5860,14.30,0.99
390,622.6100,,,81.1432,,,12.23,1.38
391,622.6595,,,80.9405,,,11.52,0.97
392,622.7209,,,80.6717,,,12.66,1.53
393,622.7711,,,80.4944,,,12.63,1.32
394,622.8428,,,80.2211,,,19.49,0.97
395,622.9089,,20.9577,79.9954,,59.0377,16.74,1.13
396,622.9801,,,79.7777,,,17.90,1.85
397,623.0451,,,79.5873,,,14.06,0.91
398,623.1100,,,79.4124,,,17.18,0.87
399,623.1730,,33.3041,79.3203,,46.0162,19.87,2.15
400,623.2293,,,79.2909,,,9.87,1.19
401,623.3022,,,79.3150,,,17.69,1.37
402,623.3660,,,79.3823,,,11.86,0.92
403,623.4336,,,79.5027,,,17.61,1.30
404,623.4929,,,79.6783,,,10.05,1.08
405,623.5664,,,79.8910,,,17.93,1.15
406,623.6193,,,80.1078,,,10.42,1.67
407,623.6769,,23.4732,80.3237,,56.8505,9.76,1.57
408,623.7321,,,80.4437,,,12.45,1.82
409,623.7842,,,80.3054,,,10.78,0.91
410,623.8417,,,79.9830,,,9.14,0.94
411,623.9094,,,79.6480,,,13.28,1.12
412,623.9807,,,79.1876,,,18.56,1.81
413,624.0469,,,78.7684,,,13.01,1.03
414,624.1058,,,78.4895,,,14.73,0.99
415,624.1633,,,78.2090,,,16.11,0.87
416,624.2290,,,77.8999,,,15.88,1.64
417,624.2866,,,77.6401,,,14.91,1.15
418,624.3487,,,77.4005,,,20.41,1.12
419,624.4174,,,77.1520,,,15.18,1.05
420,624.4836,,,76.8990,,,15.11,1.21
421,624.5351,,,76.7182,,,9.06,1.49
422,624.5940,,,76.5484,,,9.52,1.83
423,624.6604,,,76.3968,,,15.24,0.93
424,624.7362,,,76.1911,,,20.34,2.83
425,624.8193,,,76.0799,,,16.39,1.26
426,624.8820,,,76.0229,,,14.22,1.20
427,624.9370,,,76.0173,,,12.65,0.97
428,624.9870,,,76.0560,,,9.09,1.42
429,625.0437,,,76.1157,,,9.30,1.18
430,625.0992,,,76.2468,,,9.47,1.08
431,625.1669,,,76.4175,,,19.34,1.42
432,625.2364,,,76.5792,,,18.16,1.20
433,625.3099,,,76.8183,,,20.19,2.60
434,625.3724,,22.1994,76.9011,,54.7018,16.39,1.52
435,625.4444,,,76.6849,,,17.70,0.98
436,625.5098,,21.7018,76.2744,,54.5726,10.55,0.94
437,625.5702,,21.7900,75.9748,,54.1848,17.75,1.54
438,625.6291,,,75.6266,,,10.15,1.82
439,625.6874,,,75.3585,,,13.45,0.92
440,625.7421,,,75.0886,,,13.53,1.14
441,625.7973,,,74.8945,,,8.98,0.99
442,625.8525,,,74.6278,,,9.15,1.27
443,625.9146,,19.4867,74.4109,,54.9242,13.07,1.02
444,625.9870,,,74.1401,,,18.83,1.13
445,626.0600,,,73.9116,,,20.67,2.01
446,626.1194,,,73.6829,,,9.02,1.64
447,626.1784,,,73.5273,,,14.29,1.54
448,626.2422,,,73.3458,,,12.85,1.04
449,626.2984,,,73.2037,,,12.74,0.98
450,626.3540,,20.4341,73.0680,,52.6338,9.43,0.89
451,626.4361,,,72.8876,,,22.02,1.04
452,626.5023,,,72.7400,,,19.84,1.70
453,626.5641,,,72.6268,,,12.36,1.08
454,626.6154,,,72.5346,,,13.65,0.96
455,626.6779,,,72.4121,,,12.20,1.57
456,626.7485,,,72.2880,,,10.69,1.15
457,626.8011,,,72.2400,,,8.71,1.04
458,626.8842,,,72.2262,,,19.06,1.85
459,626.9489,,,72.2431,,,12.25,1.18
460,627.0145,,,72.2945,,,19.23,1.10
461,627.0863,,,72.4022,,,16.83,1.20
462,627.1452,,,72.5135,,,12.62,1.00
463,627.2030,,,72.6442,,,15.19,1.21
464,627.2663,,,72.7845,,,16.17,1.02
465,627.3178,,25.8212,72.8511,,47.0299,9.02,1.07
466,627.3786,,,72.7258,,,11.72,1.75
467,627.4445,,,72.4351,,,14.09,0.99
468,627.5004,,,72.1397,,,9.20,1.15
469,627.5550,,35.1441,71.8983,,36.7542,8.76,0.88
470,627.6230,,31.5310,71.6625,,40.1315,16.74,1.27
471,627.6883,,,71.3818,,,15.82,1.08
472,627.7539,,,71.1430,,,14.33,1.08
473,627.8109,,30.6831,70.8923,,40.2092,9.55,1.19
474,627.8688,,18.6258,70.7316,,52.1058,15.31,1.11
475,627.9378,,,70.5158,,,13.21,1.25
476,628.0050,,,70.3130,,,17.55,1.18
477,628.0551,,,70.1550,,,9.10,1.15
478,628.1156,,,70.0014,,,8.81,2.01
479,628.1708,,,69.8564,,,9.08,1.13
480,628.2389,,,69.7051,,,12.37,1.29
481,628.2910,,,69.5909,,,9.75,1.05
482,628.3487,,19.1427,69.5153,,50.3726,10.07,1.07
483,628.4097,,19.1549,69.4817,,50.3268,11.81,1.28
484,628.4843,,,69.4878,,,16.95,3.05
485,628.5439,,,69.5297,,,12.71,1.07
486,628.6070,,,69.6213,,,19.55,2.47
487,628.6624,,,69.7208,,,9.08,1.32
488,628.7268,,,69.8640,,,13.06,1.49
489,628.7876,,,69.9828,,,12.21,1.11
490,628.8513,,,70.1418,,,12.31,1.03
491,628.9097,,,70.2150,,,13.41,1.05
492,628.9788,,,70.1093,,,14.90,1.99
493,629.0362,,,69.9298,,,12.28,1.42
494,629.0875,,,69.7822,,,9.99,1.25
495,629.1520,,,69.5788,,,15.31,2.23
496,629.2038,,19.9305,69.4275,,49.4970,10.77,0.98
497,629.2614,,,69.3090,,,9.31,0.99
498,629.3261,,,69.1460,,,11.85,1.72
499,629.3809,,,69.0218,,,14.00,1.34
500,629.4421,,,68.9121,,,18.90,1.59
501,629.5050,,,68.7964,,,12.02,1.23
502,629.5713,,,68.6896,,,12.52,1.59
503,629.6243,,,68.6207,,,12.30,1.60
504,629.6801,,,68.5647,,,9.57,1.71
505,629.7475,,,68.5234,,,12.04,0.86
506,629.8283,,,68.4783,,,23.34,2.02
507,629.8988,,,68.4687,,,13.64,1.91
508,629.9760,,,68.4944,,,13.47,1.57
509,630.0281,,,68.5417,,,9.84,1.23
510,630.0926,,,68.6126,,,15.96,0.90
511,630.1653,,,68.7179,,,16.47,0.96
512,630.2476,,,68.8864,,,19.18,1.21
513,630.3109,,,69.0410,,,12.61,1.09
514,630.3781,,,69.1855,,,16.02,1.79
515,630.4307,,,69.3251,,,10.44,0.96
516,630.4908,,,69.4579,,,9.07,1.13
517,630.5470,,,69.5307,,,8.90,1.04
518,630.6056,,26.4555,69.4737,,43.0181,8.87,0.88
519,630.6644,,26.2035,69.3510,,43.1475,9.52,1.49
520,630.7235,,26.2976,69.2122,,42.9146,9.40,1.22
521,630.7857,,,69.0901,,,14.15,1.17
522,630.8382,,,68.9660,,,9.44,0.96
523,630.8955,,,68.8526,,,9.88,1.28
524,630.9561,,,68.7477,,,13.97,1.06
525,631.0076,,,68.6474,,,8.86,0.83
526,631.0639,,,68.5548,,,9.08,1.30
527,631.1209,,,68.4674,,,9.39,1.54
528,631.1805,,,68.3989,,,11.94,1.61
529,631.2477,,,68.3079,,,14.66,1.18
530,631.3080,,,68.2591,,,14.07,1.18
531,631.3720,,,68.2033,,,14.31,1.80
532,631.4336,,,68.1728,,,16.96,1.44
533,631.5029,,,68.1427,,,15.91,1.33
534,631.5638,,,68.1200,,,14.24,1.80
535,631.6302,,,68.1058,,,13.88,1.65
536,631.6950,,,68.1038,,,16.76,1.13
537,631.7581,,,68.1307,,,16.88,1.10
538,631.8104,,37.8418,68.1798,,30.3380,10.45,1.05
539,631.8662,,,68.2488,,,9.94,0.95
540,631.9308,,,68.2330,,,17.14,1.65
541,631.9898,,,68.0857,,,9.43,1.05
542,632.0563,,,67.9808,,,17.39,0.85
543,632.1156,,,67.9069,,,15.84,0.98
544,632.1785,,,67.8022,,,17.94,1.34
545,632.2400,,,67.6808,,,16.20,1.09
546,632.2973,,,67.5269,,,11.11,0.99
547,632.3723,,22.9306,67.1520,,44.2213,13.31,1.58
548,632.4325,,,66.7737,,,14.98,1.59
549,632.4900,,,66.5160,,,11.17,1.41
550,632.5528,,,66.1606,,,13.13,1.10
551,632.6178,,23.8128,65.8208,,42.0080,13.76,0.80
552,632.6805,,,65.4545,,,13.00,1.39
553,632.7442,,,65.1483,,,15.04,1.01
554,632.8020,,,64.8103,,,9.38,0.90
555,632.8602,,,64.5251,,,10.61,1.22
556,632.9209,,43.5373,64.2254,,20.6881,16.15,2.05
557,632.9818,,,63.9867,,,11.27,1.44
558,633.0570,,,63.6758,,,14.49,1.13
559,633.1283,,,63.3242,,,16.47,1.48
560,633.1894,,,63.1030,,,17.46,0.93
561,633.2486,,,62.8380,,,9.55,1.15
562,633.3068,,,62.6122,,,10.87,0.86
563,633.3682,,,62.4075,,,12.94,0.96
564,633.4378,,,62.1433,,,19.16,1.18
565,633.5088,,,61.8676,,,18.95,1.15
566,633.5810,,,61.6475,,,21.31,1.72
567,633.6404,,,61.4200,,,10.77,1.25
568,633.7286,,,61.1848,,,16.29,2.29
569,633.8032,,,60.9741,,,20.12,1.18
570,633.8710,,32.9024,60.7876,,27.8852,15.13,1.06
571,633.9342,,,60.5829,,,14.07,1.20
572,634.0027,,,60.3857,,,12.09,1.23
573,634.0600,,,60.1987,,,11.67,1.05
574,634.1314,,,59.9070,,,13.16,1.65
575,634.1938,,,59.5459,,,12.70,1.41
576,634.2573,,,59.2651,,,13.80,1.34
577,634.3266,,,58.8865,,,19.63,1.77
578,634.3927,,,58.5623,,,13.54,0.94
579,634.4594,,,58.2266,,,17.91,0.94
580,634.5315,,,57.8917,,,22.30,2.52
581,634.5992,,,57.5689,,,18.26,1.18
582,634.6716,,,57.2608,,,13.67,1.33
583,634.7336,,,56.9589,,,10.44,1.65
584,634.8011,,,56.7201,,,18.24,1.10
585,634.8724,40.6325,,56.4113,15.7788,,14.25,1.66
586,634.9296,,,56.1876,,,10.12,1.19
587,634.9949,,,55.9750,,,13.55,0.99
588,635.0585,,19.6414,55.7317,,36.0903,12.55,1.02
589,635.1385,40.6152,,55.4050,14.7898,,19.68,3.47
590,635.2019,,,55.1855,,,18.51,0.96
591,635.2768,,,54.8887,,,20.53,1.54
592,635.3358,,,54.6361,,,11.03,0.84
593,635.3947,,,54.4307,,,15.71,0.98
594,635.4619,,22.0804,54.1884,,32.1079,15.02,1.11
595,635.5259,,,53.9326,,,14.17,1.68
596,635.5875,,,53.7134,,,18.31,1.47
597,635.6541,,,53.4220,,,12.85,1.22
598,635.7216,,33.3572,53.1990,,19.8418,11.49,1.05
599,635.7857,,,52.8792,,,11.07,0.92
600,635.8501,,,52.5942,,,14.48,1.09
601,635.9118,,,52.2965,,,14.05,0.99
602,635.9758,,,51.9359,,,14.74,1.62
603,636.0352,,,51.6582,,,17.06,1.22
604,636.0965,,,51.3733,,,15.99,0.89
605,636.1651,,,51.0021,,,13.22,1.29
606,636.2306,,,50.7320,,,15.06,2.08
607,636.2885,,,50.4229,,,11.12,0.90
608,636.3439,,,50.1654,,,10.22,0.92
609,636.4097,,,49.9269,,,12.54,1.09
610,636.4872,,,49.5640,,,19.41,3.95
611,636.5710,,30.0139,49.2785,,19.2646,17.95,0.81
612,636.6356,30.0864,,48.9588,18.8724,,15.94,1.76
613,636.6967,30.8069,,48.7357,17.9288,,13.17,1.22
614,636.7682,30.8366,,48.4573,17.6207,,22.57,1.63
615,636.8339,31.7514,,48.2657,16.5143,,17.23,1.42
616,636.8984,,,48.0197,,,13.00,1.24
617,636.9598,,,47.8459,,,14.13,0.91
618,637.0219,,,47.6249,,,11.14,1.90
619,637.0857,,,47.4387,,,16.73,1.13
620,637.1512,,,47.2047,,,13.83,1.00
621,637.2147,,,46.9309,,,21.00,1.25
622,637.2981,,,46.5572,,,16.96,1.07
623,637.3638,,,46.2908,,,16.53,0.85
624,637.4260,,,46.0438,,,14.77,1.54
625,637.4928,,,45.7940,,,19.91,0.97
626,637.5636,29.7333,,45.5342,15.8009,,16.72,0.87
627,637.6350,,,45.2495,,,16.87,1.69
628,637.6925,,,45.0403,,,16.80,0.85
629,637.7601,28.1479,14.6962,44.7656,16.6177,30.0694,15.04,0.98
630,637.8202,,,44.5602,,,15.81,1.30
631,637.8794,,,44.3077,,,10.96,1.19
632,637.9424,29.2875,,44.1021,14.8146,,11.82,0.97
633,638.0112,28.5668,,43.8233,15.2564,,13.11,1.20
634,638.0738,28.4803,,43.6044,15.1240,,14.13,1.74
635,638.1305,28.1775,,43.3917,15.2142,,10.35,1.13
636,638.1958,,,43.1932,,,20.66,1.55
637,638.2603,,,42.9637,,,15.14,1.00
638,638.3287,,,42.7154,,,20.12,1.57
639,638.3923,,,42.5389,,,17.34,0.92
640,638.4661,,,42.3045,,,18.39,0.95
641,638.5392,,,42.0760,,,14.78,1.22
642,638.6134,27.3997,26.8665,41.8177,14.4180,14.9512,22.01,1.20
643,638.6822,27.9695,,41.6001,13.6306,,13.39,1.95
644,638.7446,27.8429,,41.4082,13.5653,,20.44,0.91
645,638.8146,,,41.1570,,,13.64,0.90
646,638.8698,,28.2698,41.0267,,12.7568,12.18,1.02
647,638.9418,,,40.8054,,,18.53,1.32
648,639.0216,,28.0194,40.5626,,12.5432,26.95,1.12
649,639.1083,,,40.2422,,,13.93,0.99
650,639.1726,,29.0644,39.9889,,10.9246,12.61,1.23
651,639.2579,,,39.5645,,,24.62,1.03
652,639.3274,,,39.2806,,,20.88,1.47
653,639.3882,26.4768,,39.0360,12.5592,,11.82,1.53
654,639.4445,,,38.8837,,,10.45,0.94
655,639.5043,,26.1676,38.6436,,12.4760,10.60,0.81
656,639.5705,25.8782,24.8324,38.4576,12.5794,13.6252,14.45,1.12
657,639.6296,,24.9401,38.2215,,13.2814,9.85,1.85
658,639.6900,,,38.0464,,,13.75,1.67
659,639.7586,26.2915,,37.8076,11.5160,,14.26,1.07
660,639.8224,25.5935,,37.5528,11.9593,,19.93,1.61
661,639.8872,,,37.3520,,,16.51,2.46
662,639.9492,,,37.1357,,,13.62,1.09
663,640.0143,,23.7553,36.9067,,13.1514,22.01,3.10
664,640.0832,,,36.6915,,,20.48,1.21
665,640.1437,,,36.4677,,,18.95,1.28
666,640.2078,,,36.2723,,,15.41,1.00
667,640.2687,,23.3407,36.0710,,12.7303,17.74,1.44
668,640.3358,,,35.8457,,,16.48,1.19
669,640.4028,,,35.6129,,,14.31,1.49
670,640.4560,,25.2540,35.4064,,10.1524,9.66,0.95
671,640.5268,,,35.1945,,,17.18,1.81
672,640.6053,,,34.9205,,,20.84,1.11
673,640.6668,,26.7979,34.7169,,7.9191,14.82,0.88
674,640.7454,,,34.4403,,,12.48,1.21
675,640.8107,,,34.2081,,,17.08,0.91
676,640.8712,,,33.9760,,,11.18,1.72
677,640.9247,,21.0393,33.7797,,12.7404,9.56,1.32
678,640.9908,,,33.5611,,,20.02,0.92
679,641.0523,30.9191,,33.2998,2.3807,,14.51,0.83
680,641.1272,,,33.0213,,,16.00,2.10
681,641.1871,,,32.7343,,,9.87,0.98
682,641.2493,,,32.4917,,,13.49,1.12
683,641.3138,,19.5340,32.1746,,12.6407,16.40,0.97
684,641.3777,32.7187,,31.8288,0.8898,,14.03,1.76
685,641.4471,29.9371,,31.4724,1.5353,,15.59,0.87
686,641.5151,32.5724,19.1566,30.9557,1.6167,11.7991,11.62,0.92
687,641.5721,30.7044,18.9362,30.5832,0.1212,11.6470,11.11,1.22
688,641.6309,30.5470,,30.1690,0.3780,,10.24,1.08
689,641.6980,30.8604,,29.7785,1.0819,,18.08,0.90
690,641.7697,17.3252,18.5555,29.2761,11.9509,10.7206,17.84,1.26
691,641.8450,29.4117,,28.7436,0.6681,,23.44,1.25
692,641.9135,,18.3261,28.4105,,10.0844,19.11,1.10
693,641.9860,,,28.0024,,,18.61,1.52
694,642.0529,,17.6602,27.8296,,10.1694,20.15,1.04
695,642.1144,,14.6404,27.7853,,13.1449,18.49,0.96
696,642.1730,,,27.7392,,,13.89,1.95
697,642.2428,,,27.6869,,,20.28,1.05
698,642.3175,,16.7174,27.5989,,10.8815,14.76,1.33
699,642.3879,,,27.4994,,,17.61,1.01
700,642.4631,,16.2456,27.3782,,11.1326,15.13,0.89
701,642.5249,,,27.2588,,,13.29,1.64
702,642.5860,,,27.1573,,,19.18,1.34
703,642.6618,,12.9871,27.0028,,14.0157,20.75,2.24
704,642.7327,,,26.8455,,,15.40,1.66
705,642.7880,,,26.7382,,,13.04,1.57
706,642.8593,24.7633,,26.5710,1.8077,,15.75,0.90
707,642.9356,,,26.4134,,,20.86,1.24
708,643.0233,23.7044,13.7949,26.1929,2.4885,12.3980,29.22,1.47
709,643.0989,,,26.0194,,,23.60,1.00
710,643.1558,23.1329,,25.8810,2.7481,,14.90,1.00
711,643.2176,23.0939,11.3526,25.7501,2.6562,14.3975,17.54,1.22
712,643.2818,20.8860,,25.5936,4.7076,,15.82,1.90
713,643.3395,20.5802,,25.4459,4.8657,,11.80,0.95
714,643.4190,22.3422,22.5555,25.2265,2.8843,2.6709,26.22,1.66
715,643.4732,20.0254,,25.0864,5.0610,,11.54,1.61
716,643.5340,21.4640,,24.9543,3.4903,,13.55,1.45
717,643.5984,21.4513,,24.7724,3.3212,,10.60,1.17
718,643.6579,21.2458,10.2728,24.6183,3.3725,14.3455,12.98,1.04
719,643.7443,20.9576,,24.3962,3.4386,,28.57,1.28
720,643.8041,20.8185,11.9641,24.2518,3.4333,12.2877,12.50,1.08
721,643.8679,,11.9255,24.1036,,12.1781,14.72,1.15
722,643.9409,20.4863,,23.9070,3.4207,,19.64,1.60
723,644.0124,20.4621,11.6675,23.7308,3.2686,12.0633,23.72,2.39
724,644.0865,,21.0335,23.5924,,2.5589,18.27,2.47
725,644.1466,19.5272,,23.5605,4.0333,,12.83,0.97
726,644.2241,19.4924,,23.5496,4.0571,,22.92,4.34
727,644.2884,,,23.5495,,,16.05,0.99
728,644.3536,,,23.5490,,,17.16,1.18
729,644.4058,,,23.5482,,,12.62,1.07
730,644.4821,,,23.5411,,,21.73,2.93
731,644.5405,,,23.5292,,,14.31,1.24
732,644.6111,19.8115,11.2673,23.5036,3.6921,12.2363,11.25,1.18
733,644.6687,19.7439,11.2512,23.4844,3.7405,12.2332,14.92,1.28
734,644.7391,,,23.4838,,,13.44,1.62
735,644.8058,,,23.4833,,,16.56,0.98
736,644.8776,,,23.4795,,,21.06,3.25
737,644.9340,18.1608,,23.4709,5.3101,,11.68,1.00
738,644.9946,18.2413,,23.4667,5.2254,,12.51,1.40
739,645.0558,18.2263,11.1780,23.4669,5.2406,12.2889,15.82,1.92
740,645.1360,,,23.4669,,,22.06,1.78
741,645.2160,,9.9707,23.4666,,13.4959,21.65,1.24
742,645.2855,,,23.4652,,,13.56,1.48
743,645.3441,,,23.4595,,,11.38,1.00
744,645.4080,18.2147,11.3553,23.4512,5.2365,12.0959,16.41,0.97
745,645.4824,,,23.4489,,,15.76,1.55
746,645.5389,,,23.4485,,,11.74,0.92
747,645.5941,,,23.4454,,,9.99,1.03
748,645.6564,,,23.4367,,,14.51,0.99
749,645.7246,,9.3772,23.4187,,14.0415,16.00,1.62
750,645.7799,18.2210,17.6628,23.4100,5.1889,5.7472,11.86,1.67
751,645.8495,18.1247,,23.4102,5.2854,,18.01,1.07
752,645.9173,18.1387,11.0741,23.4103,5.2716,12.3361,13.00,1.17
753,645.9815,18.1382,,23.4104,5.2723,,10.30,1.83
754,646.0484,18.1390,,23.4106,5.2715,,20.83,1.15
755,646.1063,18.2024,,23.4108,5.2084,,10.92,1.11
756,646.1671,18.1962,22.8054,23.4111,5.2149,0.6056,11.46,1.37
757,646.2243,18.1991,19.8139,23.4111,5.2121,3.5973,12.40,1.43
758,646.2919,18.1710,,23.4112,5.2402,,13.80,1.04
759,646.3538,18.1810,,23.4112,5.2303,,16.72,1.05
760,646.4228,18.1875,21.1575,23.4113,5.2238,2.2538,15.18,3.68
761,646.4998,18.1857,,23.4116,5.2258,,21.12,1.08
762,646.5673,18.2161,9.4997,23.4117,5.1956,13.9120,20.47,1.07
763,646.6377,18.2282,,23.4118,5.1836,,20.68,1.05
764,646.6994,18.2079,,23.4120,5.2042,,11.91,0.98
765,646.7646,18.2144,11.0860,23.4120,5.1976,12.3260,13.93,1.04
766,646.8356,18.2102,,23.4121,5.2019,,14.50,1.38
767,646.8895,18.2117,,23.4122,5.2005,,12.52,1.39
768,646.9581,18.2239,,23.4123,5.1884,,14.95,1.23
769,647.0240,18.2465,,23.4123,5.1658,,12.03,1.60
770,647.0810,18.2225,,23.4125,5.1900,,11.18,1.17
771,647.1355,18.2114,,23.4126,5.2012,,10.95,0.94
772,647.1909,18.2234,,23.4127,5.1893,,9.96,1.14
773,647.2556,18.2106,,23.4129,5.2023,,15.86,1.16
774,647.3292,18.2328,20.3164,23.4131,5.1803,3.0967,22.08,1.53
775,647.3926,18.2384,,23.4132,5.1748,,11.37,0.88
776,647.4651,18.2046,11.1010,23.4135,5.2090,12.3125,19.62,1.43
777,647.5203,18.2070,11.1041,23.4137,5.2066,12.3095,11.26,1.12
778,647.5954,18.2113,,23.4138,5.2025,,20.37,1.39
779,647.6536,18.1958,,23.4138,5.2180,,15.47,0.94
780,647.7257,18.2476,20.8786,23.4140,5.1664,2.5354,19.93,1.58
781,647.7894,18.1974,,23.4141,5.2166,,13.08,1.75
782,647.8689,18.1941,11.0834,23.4140,5.2199,12.3306,15.47,1.01
783,647.9529,18.1987,,23.4141,5.2154,,15.12,1.01
784,648.0195,18.2255,11.0927,23.4143,5.1888,12.3216,16.45,1.32
785,648.0878,18.2199,,23.4147,5.1948,,17.42,1.40
786,648.1559,18.1997,,23.4150,5.2153,,18.64,1.02
787,648.2295,18.1782,,23.4152,5.2370,,21.16,3.32
788,648.2938,18.2049,,23.4152,5.2102,,14.38,1.18
789,648.3540,18.1932,,23.4154,5.2223,,12.58,1.17
790,648.4076,18.2053,,23.4156,5.2102,,15.65,1.14
791,648.4741,18.2337,,23.4157,5.1820,,14.13,1.68
792,648.5503,18.1894,,23.4158,5.2264,,20.27,1.08
793,648.6112,18.1861,,23.4160,5.2299,,10.95,0.99
794,648.6776,18.2335,,23.4159,5.1824,,17.79,1.74
795,648.7409,18.1967,,23.4161,5.2195,,12.74,1.08
796,648.8078,18.1775,,23.4162,5.2387,,18.50,1.10
797,648.8903,18.1865,,23.4164,5.2299,,19.69,1.97
798,648.9726,18.2105,9.5698,23.4165,5.2060,13.8466,20.10,1.17
799,649.0296,18.2018,,23.4167,5.2149,,10.92,1.89
800,649.0921,18.2199,,23.4168,5.1969,,11.08,1.49
801,649.1532,18.2237,,23.4170,5.1933,,13.43,1.10
802,649.2268,18.1923,,23.4172,5.2249,,16.19,1.64
803,649.2878,18.1942,,23.4173,5.2230,,11.33,1.97
804,649.3548,18.2380,,23.4175,5.1796,,18.74,1.06
805,649.4346,18.2258,20.6402,23.4176,5.1918,2.7774,19.38,1.30
806,649.4969,18.1951,,23.4177,5.2226,,17.30,0.89
807,649.5537,18.2157,9.1970,23.4178,5.2021,14.2208,9.90,0.94
808,649.6129,18.2080,11.1681,23.4179,5.2099,12.2498,10.28,1.55
809,649.6814,18.1912,,23.4180,5.2269,,16.62,1.38
810,649.7463,18.2200,,23.4181,5.1980,,14.06,1.17
811,649.8228,18.2456,11.1591,23.4184,5.1728,12.2593,15.11,1.25
812,649.8918,18.1945,,23.4184,5.2239,,11.83,1.04
813,649.9596,18.1985,28.1837,23.4184,5.2199,4.7653,19.70,1.05
814,650.0293,18.2191,,23.4187,5.1995,,14.83,1.52
815,650.0990,18.2375,,23.4189,5.1814,,14.50,1.43
816,650.1644,18.1982,11.1132,23.4190,5.2209,12.3059,18.13,0.95
817,650.2358,18.1873,,23.4193,5.2320,,18.85,1.38
818,650.2947,18.2053,,23.4195,5.2142,,12.32,0.94
819,650.3633,18.2046,9.8400,23.4196,5.2150,13.5796,21.13,1.42
820,650.4222,18.1940,11.2057,23.4197,5.2257,12.2140,10.74,1.23
821,650.4786,18.2121,,23.4199,5.2077,,9.85,1.42
822,650.5448,18.2329,,23.4199,5.1869,,12.44,1.01
823,650.6098,18.1881,,23.4200,5.2319,,12.59,0.95
824,650.6752,18.2156,,23.4202,5.2046,,13.88,1.91
825,650.7503,18.2210,,23.4203,5.1993,,22.64,1.04
826,650.8131,18.1876,11.1053,23.4205,5.2329,12.3152,13.08,0.96
827,650.8853,18.2142,,23.4207,5.2065,,16.63,1.58
828,650.9468,18.2082,,23.4209,5.2127,,14.27,1.22
829,651.0114,18.2246,11.1074,23.4209,5.1963,12.3135,13.99,0.92
830,651.0797,18.1974,,23.4210,5.2235,,16.28,1.90
831,651.1538,18.1975,,23.4212,5.2236,,17.79,1.04
832,651.2081,18.2299,9.6975,23.4213,5.1914,13.7238,13.21,1.09
833,651.2661,18.1957,9.7020,23.4214,5.2257,13.7194,12.02,1.50
834,651.3261,18.2171,21.4152,23.4215,5.2044,2.0063,16.65,1.39
835,651.3924,18.2183,,23.4217,5.2034,,13.63,0.90
836,651.4538,18.1937,,23.4217,5.2280,,15.12,1.16
837,651.5199,18.1869,11.0655,23.4220,5.2351,12.3565,17.57,1.36
838,651.5784,18.2300,,23.4221,5.1921,,9.81,1.40
839,651.6471,18.1925,,23.4223,5.2298,,19.01,0.90
840,651.7236,18.1796,11.0713,23.4224,5.2428,12.3511,14.13,1.60
841,651.7850,18.2312,,23.4225,5.1912,,17.15,1.77
842,651.8469,18.2000,,23.4226,5.2226,,11.51,1.27
843,651.9174,18.1975,20.7338,23.4228,5.2253,2.6890,16.80,1.52
844,651.9803,18.2254,,23.4230,5.1976,,13.43,2.64
845,652.0504,18.1996,,23.4232,5.2235,,17.87,1.19
846,652.1204,18.1866,21.5707,23.4232,5.2365,1.8525,21.26,3.24
847,652.2023,18.2152,11.2259,23.4234,5.2082,12.1975,24.74,1.92
848,652.2670,18.2034,11.1600,23.4236,5.2202,12.2636,14.60,0.85
849,652.3278,18.2033,21.7020,23.4238,5.2204,1.7217,13.35,1.59
850,652.4011,18.1788,,23.4238,5.2450,,20.02,1.16
851,652.4622,18.1974,11.1308,23.4241,5.2267,12.2933,15.33,1.27
852,652.5300,18.1825,22.0402,23.4241,5.2416,1.3838,20.88,1.96
853,652.5989,18.1800,,23.4240,5.2440,,13.34,1.08
854,652.6691,18.2073,11.1262,23.4243,5.2170,12.2981,18.65,1.32
855,652.7404,18.1930,,23.4246,5.2316,,15.01,1.70
856,652.7964,18.1725,,23.4249,5.2524,,10.63,0.95
857,652.8556,18.1878,,23.4250,5.2372,,10.87,1.26
858,652.9120,18.2297,,23.4251,5.1954,,12.37,0.93
859,652.9727,18.1953,11.0514,23.4250,5.2297,12.3736,12.14,1.36
860,653.0505,18.2285,,23.4249,5.1964,,19.77,0.95
861,653.1161,18.2116,9.7635,23.4252,5.2135,13.6616,13.21,0.90
862,653.1750,18.1857,18.6717,23.4254,5.2397,4.7537,13.79,1.55
863,653.2339,18.1917,,23.4256,5.2339,,11.38,1.07
864,653.2915,18.2033,,23.4258,5.2225,,10.02,1.06
865,653.3479,18.1992,,23.4260,5.2267,,13.31,0.89
866,653.4060,18.2018,9.4952,23.4261,5.2243,13.9309,10.74,0.96
867,653.4689,18.2326,9.4361,23.4260,5.1935,13.9899,14.24,1.20
868,653.5299,18.2063,,23.4261,5.2198,,10.27,1.27
869,653.5858,18.2026,,23.4263,5.2237,,10.91,0.83
870,653.6512,18.2089,,23.4266,5.2177,,16.74,1.29
871,653.7165,18.1874,11.1073,23.4268,5.2395,12.3195,17.37,1.33
872,653.7840,18.2187,,23.4269,5.2083,,18.70,1.88
873,653.8413,18.2128,,23.4271,5.2143,,10.00,0.92
874,653.9075,18.2045,11.0981,23.4273,5.2228,12.3292,13.75,1.06
875,653.9960,18.2017,,23.4274,5.2257,,24.61,1.59
876,654.0640,18.1815,11.0886,23.4276,5.2460,12.3390,21.14,1.11
877,654.1381,18.2149,,23.4275,5.2126,,20.12,1.45
878,654.2085,18.1906,,23.4277,5.2371,,15.20,1.03
879,654.2719,18.2149,16.2673,23.4279,5.2130,7.1606,15.24,1.10
880,654.3346,18.2477,,23.4281,5.1804,,13.96,1.42
881,654.3886,18.1972,,23.4282,5.2310,,11.77,0.93
882,654.4448,18.1836,,23.4283,5.2447,,11.05,0.95
883,654.5094,18.2276,9.4920,23.4285,5.2009,13.9365,14.04,1.17
884,654.5696,18.1897,10.3230,23.4284,5.2387,13.1054,16.08,1.62
885,654.6670,18.1868,11.1065,23.4285,5.2417,12.3220,12.74,1.36
886,654.7187,18.2165,22.0221,23.4287,5.2123,1.4067,10.22,1.68
887,654.7837,18.2017,,23.4289,5.2272,,12.85,1.58
888,654.8581,18.2082,11.1052,23.4292,5.2210,12.3239,23.05,2.29
889,654.9233,18.2289,11.0966,23.4293,5.2004,12.3327,19.12,2.49
890,654.9964,18.2205,,23.4295,5.2090,,16.35,1.15
891,655.0592,18.1950,,23.4297,5.2347,,14.75,1.07
892,655.1265,18.1901,11.0889,23.4298,5.2397,12.3409,19.74,1.47
893,655.2013,18.2383,,23.4299,5.1915,,20.55,1.41
894,655.2727,18.2320,,23.4300,5.1980,,16.80,1.53
895,655.3347,18.1944,9.2565,23.4302,5.2358,14.1737,18.24,2.11
896,655.4024,18.1984,,23.4304,5.2320,,19.18,1.21
897,655.4717,18.2401,9.3062,23.4305,5.1904,14.1244,16.42,1.44
898,655.5364,18.1763,,23.4307,5.2545,,17.65,1.29
899,655.5994,18.2068,,23.4309,5.2242,,13.01,1.14
900,655.6652,18.2578,11.1177,23.4310,5.1732,12.3133,14.68,1.15
901,655.7185,18.1927,9.4528,23.4312,5.2384,13.9783,14.36,1.12
902,655.7856,18.1967,,23.4314,5.2346,,11.53,1.75
903,655.8469,18.2343,,23.4315,5.1971,,13.42,1.17
904,655.9179,18.1944,11.0978,23.4314,5.2371,12.3336,21.43,1.08
905,655.9764,18.2018,,23.4315,5.2297,,10.43,1.93
906,656.0552,18.2149,,23.4317,5.2168,,17.96,0.96
907,656.1198,18.1974,,23.4319,5.2345,,11.10,1.66
908,656.1782,18.2089,,23.4319,5.2230,,9.90,1.42
909,656.2508,18.2170,,23.4321,5.2150,,22.29,1.03
910,656.3117,18.1961,11.0705,23.4321,5.2360,12.3616,12.27,1.20
911,656.3692,18.1737,,23.4323,5.2586,,11.47,1.62
912,656.4292,18.2140,30.2267,23.4324,5.2184,6.7943,15.15,2.17
913,656.4948,18.1810,,23.4324,5.2514,,12.74,1.00
914,656.5663,18.1893,11.1295,23.4329,5.2436,12.3034,15.76,1.69
915,656.6426,18.2061,,23.4332,5.2271,,14.92,1.20
916,656.7006,18.2096,,23.4332,5.2236,,11.47,0.87
917,656.7718,18.1930,9.5986,23.4335,5.2405,13.8349,19.83,1.55
918,656.8437,18.1830,,23.4336,5.2506,,16.83,1.20
919,656.9183,18.1983,10.4467,23.4338,5.2354,12.9870,19.31,1.11
920,656.9762,18.1940,,23.4339,5.2399,,15.05,2.50
921,657.0461,18.1861,,23.4340,5.2479,,16.28,1.05
922,657.1229,18.1907,10.4394,23.4341,5.2435,12.9947,18.66,1.43
923,657.1844,18.2265,,23.4342,5.2077,,13.84,1.08
924,657.2556,18.1952,,23.4345,5.2393,,18.24,1.40
925,657.3300,18.2128,19.9974,23.4345,5.2217,3.4372,22.57,1.96
926,657.3980,18.2047,,23.4347,5.2300,,12.26,1.06
927,657.4669,18.2273,11.0772,23.4350,5.2077,12.3578,14.94,0.95
928,657.5375,18.1751,,23.4352,5.2601,,16.11,1.62
929,657.6020,18.2003,,23.4353,5.2349,,17.32,0.94
930,657.6618,18.2625,,23.4354,5.1728,,10.36,1.04
931,657.7258,18.2047,,23.4355,5.2308,,11.13,1.58
932,657.7885,18.1994,,23.4357,5.2363,,15.59,1.56
933,657.8522,18.2097,,23.4357,5.2260,,10.44,1.14
934,657.9079,18.2055,11.1450,23.4359,5.2303,12.2908,10.13,0.98
935,657.9704,18.2174,20.8434,23.4360,5.2186,2.5926,17.64,1.34
936,658.0440,18.2225,,23.4362,5.2136,,21.31,2.01
937,658.0969,18.1775,,23.4363,5.2588,,13.24,0.94
938,658.1588,18.1956,11.0887,23.4364,5.2408,12.3477,11.39,0.92
939,658.2255,18.1957,11.1090,23.4366,5.2409,12.3276,16.15,1.18
940,658.3121,18.2318,9.5341,23.4368,5.2050,13.9027,26.75,2.39
941,658.3870,18.1967,,23.4371,5.2403,,15.43,4.26
942,658.4530,18.1885,,23.4371,5.2486,,12.04,2.00
943,658.5251,18.1999,19.4694,23.4373,5.2373,3.9678,20.55,1.64
944,658.5988,18.2069,,23.4374,5.2305,,17.20,1.07
945,658.6662,18.2154,11.1033,23.4376,5.2222,12.3343,13.12,1.51
946,658.7290,18.2015,9.5399,23.4378,5.2363,13.8978,18.02,1.83
947,658.7945,18.1991,,23.4378,5.2388,,16.37,1.20
948,658.8672,18.2328,11.1039,23.4379,5.2051,12.3340,15.13,1.90
949,658.9392,18.1854,,23.4382,5.2528,,21.48,1.50
950,658.9996,18.2025,,23.4382,5.2357,,16.28,1.19
951,659.0536,18.1969,,23.4384,5.2415,,15.23,1.18
952,659.1332,18.1958,,23.4385,5.2427,,18.50,1.70
953,659.1934,18.2171,,23.4385,5.2215,,13.46,0.97
954,659.2594,18.2166,,23.4387,5.2221,,12.44,0.92
955,659.3262,18.1933,,23.4388,5.2456,,12.40,1.71
956,659.3860,18.1884,,23.4390,5.2505,,10.01,1.00
957,659.4468,18.2218,,23.4392,5.2174,,11.32,0.92
958,659.5140,18.1801,11.0649,23.4394,5.2593,12.3745,18.85,1.25
959,659.5751,18.2066,11.0721,23.4395,5.2328,12.3674,16.43,2.32
960,659.6421,18.2413,,23.4397,5.1984,,18.33,1.27
961,659.7119,18.1927,,23.4397,5.2470,,13.14,0.95
962,659.7820,18.1945,,23.4399,5.2454,,16.89,1.51
963,659.8448,18.2028,,23.4400,5.2372,,12.51,0.82
964,659.9075,18.2041,,23.4400,5.2359,,13.82,0.96
965,659.9776,18.1906,22.5085,23.4403,5.2496,0.9317,18.56,1.71
966,660.0445,18.1862,,23.4404,5.2541,,17.51,0.94
967,660.1307,18.1916,9.2535,23.4406,5.2491,14.1871,19.07,1.83
968,660.1943,18.2425,,23.4408,5.1983,,12.69,0.87
969,660.2668,18.2010,21.9143,23.4409,5.2399,1.5266,11.76,1.39
970,660.3354,18.2253,,23.4409,5.2156,,23.13,1.02
971,660.4037,18.2094,,23.4412,5.2319,,16.13,1.27
972,660.4761,18.2277,9.3353,23.4414,5.2137,14.1061,17.18,1.86
973,660.5539,18.1880,,23.4415,5.2535,,14.20,1.06
974,660.6116,18.2158,,23.4416,5.2258,,16.13,1.15
975,660.6699,18.2206,,23.4417,5.2211,,10.23,1.74
976,660.7352,18.1988,,23.4417,5.2429,,17.56,1.82
977,660.8003,18.2080,,23.4419,5.2339,,15.40,1.20
978,660.8752,18.2214,9.4166,23.4422,5.2208,14.0256,15.09,1.04
979,660.9488,18.1920,,23.4423,5.2503,,22.23,1.48
980,661.0258,18.2007,12.4521,23.4424,5.2417,10.9903,16.71,1.45
981,661.0883,18.2137,,23.4425,5.2287,,12.16,0.88
982,661.1449,18.1852,,23.4427,5.2575,,13.44,1.10
983,661.2162,18.1850,11.0900,23.4428,5.2577,12.3528,22.04,0.94
984,661.2878,18.2097,,23.4429,5.2331,,20.23,1.41
985,661.3540,18.2157,,23.4430,5.2273,,17.52,1.08
986,661.4131,18.2078,11.0969,23.4432,5.2354,12.3463,10.51,1.04
987,661.4856,18.2071,,23.4433,5.2362,,20.19,4.31
988,661.5479,18.1889,,23.4435,5.2546,,10.46,0.97
989,661.6086,18.2110,,23.4437,5.2326,,15.39,1.06
990,661.6801,18.1877,,23.4439,5.2562,,22.39,2.67
991,661.7438,18.2213,,23.4439,5.2226,,15.21,1.10
992,661.8227,18.2371,11.2023,23.4438,5.2068,12.2415,23.22,1.37
993,661.8872,18.1974,,23.4440,5.2466,,11.31,0.90
994,661.9463,18.2246,,23.4442,5.2195,,13.74,0.96
995,662.0092,18.2241,9.8425,23.4444,5.2203,13.6019,10.33,1.02
996,662.0659,18.2021,13.3186,23.4446,5.2426,10.1261,11.09,1.48
997,662.1221,18.1928,,23.4447,5.2519,,9.98,1.77
998,662.1912,18.2058,,23.4448,5.2391,,23.58,1.45
999,662.2624,18.1884,11.0672,23.4448,5.2565,12.3776,18.38,1.04
1000,662.3210,18.2316,11.0942,23.4451,5.2135,12.3509,11.14,1.23
1001,662.3760,18.2413,21.8262,23.4452,5.2039,1.6190,10.05,1.51
1002,662.4431,18.1917,,23.4453,5.2536,,15.09,0.93
1003,662.5027,18.2147,,23.4452,5.2306,,14.84,1.15
1004,662.5641,18.2358,11.1288,23.4455,5.2098,12.3168,11.19,1.36
1005,662.6239,18.1972,11.1097,23.4457,5.2485,12.3360,17.52,1.11
1006,662.6870,18.2078,,23.4459,5.2381,,17.48,1.79
1007,662.7572,18.1853,,23.4460,5.2606,,16.94,1.00
1008,662.8187,18.2062,11.0995,23.4461,5.2399,12.3466,11.23,1.40
1009,662.8737,18.2273,,23.4462,5.2189,,11.66,1.84
1010,662.9394,18.1908,,23.4465,5.2557,,17.40,1.05
1011,663.0106,18.1944,,23.4467,5.2524,,20.14,1.02
1012,663.0822,18.2031,,23.4469,5.2438,,18.08,3.45
1013,663.1579,18.2558,,23.4470,5.1912,,21.10,0.97
1014,663.2260,18.1977,20.7003,23.4469,5.2492,2.7467,13.06,1.50
1015,663.2933,18.1931,,23.4471,5.2540,,19.46,0.95
1016,663.3649,18.2030,11.1074,23.4473,5.2443,12.3399,20.50,0.96
1017,663.4336,18.1914,,23.4474,5.2560,,15.58,1.61
1018,663.5040,18.1964,11.1111,23.4475,5.2511,12.3364,20.66,1.79
1019,663.5766,18.1980,18.5916,23.4476,5.2497,4.8561,20.86,4.30
1020,663.6527,18.1973,,23.4480,5.2507,,19.69,1.00
1021,663.7191,18.2126,11.1001,23.4481,5.2355,12.3479,21.23,1.12
1022,663.7863,18.2428,,23.4481,5.2053,,13.69,1.47
1023,663.8590,18.2074,,23.4483,5.2410,,14.35,1.08
1024,663.9316,18.2028,,23.4485,5.2457,,12.97,1.71
1025,664.0007,18.2073,,23.4486,5.2413,,12.46,0.97
1026,664.0681,18.2294,12.2567,23.4488,5.2194,11.1921,11.76,1.35
1027,664.1320,18.2032,,23.4489,5.2457,,18.79,1.73
1028,664.1962,18.2241,,23.4490,5.2249,,11.46,1.52
1029,664.2605,18.2352,11.1348,23.4492,5.2141,12.3144,17.38,0.99
1030,664.3295,18.1992,,23.4494,5.2502,,13.45,1.61
1031,664.3944,18.2036,,23.4494,5.2459,,13.01,0.94
1032,664.4652,18.2091,9.2718,23.4497,5.2406,14.1779,16.12,1.35
1033,664.5257,18.2356,,23.4498,5.2142,,15.47,1.62
1034,664.5914,18.2029,,23.4500,5.2471,,14.79,1.19
1035,664.6584,18.2043,,23.4500,5.2457,,16.96,1.03
1036,664.7211,18.2533,,23.4502,5.1969,,10.97,1.53
1037,664.7770,18.1862,9.6169,23.4504,5.2642,13.8335,14.41,1.61
1038,664.8441,18.2151,,23.4504,5.2354,,16.40,1.34
1039,664.9260,18.1975,11.1130,23.4506,5.2531,12.3376,15.93,1.33
1040,664.9915,18.2044,,23.4507,5.2463,,17.17,1.09
1041,665.0742,18.1986,,23.4509,5.2523,,27.04,3.53
1042,665.1373,18.1960,,23.4511,5.2550,,14.85,0.88
1043,665.2078,18.2278,,23.4512,5.2234,,18.71,1.01
1044,665.2775,18.2538,17.5872,23.4515,5.1977,5.8643,15.22,1.45
1045,665.3485,18.2190,,23.4517,5.2326,,19.49,1.76
1046,665.4174,18.2089,11.1608,23.4518,5.2429,12.2910,14.68,2.15
1047,665.4909,18.1992,,23.4519,5.2527,,15.27,1.00
1048,665.5691,18.2348,11.1283,23.4520,5.2173,12.3237,20.14,1.11
1049,665.6334,18.2088,,23.4522,5.2434,,14.38,1.62
1050,665.6951,18.2075,,23.4524,5.2449,,10.23,1.14
1051,665.7501,18.2508,,23.4525,5.2017,,10.26,1.01
1052,665.8189,18.2022,9.4950,23.4526,5.2504,13.9576,16.87,1.01
1053,665.8906,18.1976,,23.4527,5.2551,,15.43,1.15
1054,665.9465,18.2537,,23.4529,5.1992,,14.18,1.08
1055,666.0043,18.2111,,23.4530,5.2419,,13.60,1.16
1056,666.0884,18.1972,,23.4532,5.2560,,15.45,1.77
1057,666.1696,18.1926,9.9047,23.4534,5.2608,13.5487,15.88,1.15
1058,666.2394,18.2460,,23.4535,5.2075,,19.46,1.21
1059,666.2978,18.1985,,23.4535,5.2550,,15.62,1.08
1060,666.3611,18.1989,11.5045,23.4536,5.2547,11.9491,18.14,0.93
1061,666.4225,18.2353,9.3779,23.4538,5.2186,14.0759,17.05,1.62
1062,666.4941,18.1974,,23.4540,5.2566,,13.93,2.01
1063,666.5579,18.1966,,23.4540,5.2574,,13.65,1.01
1064,666.6221,18.1954,9.4233,23.4541,5.2587,14.0308,17.60,1.33
1065,666.7040,18.2369,,23.4543,5.2174,,24.18,1.10
1066,666.7731,18.2075,9.9931,23.4545,5.2470,13.4614,20.06,1.45
1067,666.8345,18.1803,,23.4546,5.2744,,13.97,1.85
1068,666.8919,18.1951,,23.4548,5.2596,,13.29,1.00
1069,666.9549,18.1951,,23.4549,5.2598,,14.64,1.06
1070,667.0199,18.1960,11.2672,23.4550,5.2590,12.1879,18.54,1.28
1071,667.0887,18.2072,,23.4551,5.2479,,19.87,1.56
1072,667.1526,18.2379,,23.4553,5.2174,,13.93,1.19
1073,667.2241,18.1954,35.5647,23.4555,5.2601,12.1092,17.86,1.50
1074,667.2948,18.2086,,23.4556,5.2470,,20.73,2.74
1075,667.3567,18.2457,,23.4556,5.2100,,14.72,1.06
1076,667.4368,18.1975,,23.4558,5.2583,,21.54,2.42
1077,667.5021,18.1917,,23.4560,5.2643,,15.98,0.96
1078,667.5680,18.1982,11.1155,23.4560,5.2578,12.3405,18.60,1.03
1079,667.6301,18.2448,,23.4563,5.2115,,12.07,1.47
1080,667.6959,18.2141,,23.4565,5.2424,,16.43,0.98
1081,667.7639,18.2031,11.1273,23.4567,5.2536,12.3294,16.45,1.00
1082,667.8406,18.2287,,23.4569,5.2282,,19.76,1.77
1083,667.9060,18.2352,,23.4569,5.2216,,18.02,0.94
1084,667.9771,18.1986,,23.4570,5.2584,,20.31,1.55
1085,668.0421,18.2017,,23.4572,5.2554,,16.67,1.00
1086,668.1128,18.2205,9.2448,23.4573,5.2368,14.2125,11.87,1.14
1087,668.1694,18.2364,10.1927,23.4573,5.2210,13.2646,12.23,0.98
1088,668.2273,18.1964,9.3789,23.4573,5.2610,14.0785,14.26,1.55
1089,668.3000,18.2156,,23.4574,5.2418,,20.91,1.03
1090,668.3691,18.2304,11.0764,23.4576,5.2272,12.3812,19.30,1.01
1091,668.4374,18.2131,,23.4579,5.2448,,16.89,1.54
1092,668.5024,18.1993,,23.4581,5.2589,,15.00,1.16
1093,668.5667,,11.0876,23.4584,,12.3709,18.26,1.10
1094,668.6342,18.2541,,23.4591,5.2051,,13.10,1.76
1095,668.6960,18.1863,,23.4598,5.2735,,12.42,1.06
1096,668.7654,18.2103,11.3176,23.4598,5.2495,12.1422,19.25,1.22
1097,668.8350,,,23.4599,,,15.45,1.55
1098,668.8977,18.1911,,23.4603,5.2692,,10.49,0.88
1099,668.9557,18.2045,,23.4606,5.2561,,10.42,1.01
1100,669.0134,18.2526,9.4819,23.4608,5.2082,13.9789,15.07,1.01
1101,669.0784,18.2064,13.0890,23.4609,5.2545,10.3720,11.32,1.52
1102,669.1437,18.2311,,23.4611,5.2299,,13.21,0.99
1103,669.1987,18.2314,,23.4611,5.2296,,12.99,0.90
1104,669.2643,18.1997,11.1451,23.4612,5.2614,12.3161,18.72,0.94
1105,669.3314,,,23.4613,,,12.80,1.58
1106,669.3891,,,23.4617,,,10.75,0.88
1107,669.4451,,,23.4619,,,9.46,1.03
1108,669.5077,18.1989,,23.4611,5.2622,,15.17,1.00
1109,669.5739,,,23.4594,,,17.23,1.40
1110,669.6425,18.1344,,23.4589,5.3245,,20.29,2.37
1111,669.7036,18.0899,,23.4588,5.3689,,16.32,1.26
1112,669.7812,18.0953,9.8125,23.4589,5.3636,13.6464,23.17,2.01
1113,669.8357,18.1374,,23.4590,5.3216,,10.35,1.52
1114,669.8957,18.0889,,23.4591,5.3703,,11.40,1.02
1115,669.9616,18.1044,11.1549,23.4593,5.3549,12.3043,17.43,0.87
1116,670.0222,18.1475,,23.4593,5.3118,,10.56,1.87
1117,670.1020,18.1050,,23.4596,5.3546,,21.09,0.89
1118,670.1709,18.1088,9.4130,23.4598,5.3510,14.0468,15.76,1.77
1119,670.2396,18.1112,,23.4598,5.3486,,14.35,1.26
1120,670.3025,18.1109,,23.4598,5.3490,,11.96,1.50
1121,670.3612,18.1098,11.2935,23.4598,5.3500,12.1663,13.14,0.91
1122,670.4313,18.0924,,23.4600,5.3676,,15.35,1.68
1123,670.4915,18.1571,,23.4602,5.3031,,17.70,0.96
1124,670.5568,18.0945,,23.4604,5.3659,,13.52,1.26
1125,670.6272,18.0969,9.3775,23.4608,5.3638,14.0832,14.07,1.30
1126,670.7120,,9.4066,23.4609,,14.0542,23.15,1.41
1127,670.7877,18.1307,,23.4610,5.3303,,18.70,1.63
1128,670.8454,18.1248,,23.4611,5.3363,,10.83,1.03
1129,670.9141,18.0917,11.1215,23.4613,5.3696,12.3397,16.92,1.02
1130,670.9734,18.1072,,23.4614,5.3542,,10.47,1.74
1131,671.0287,18.1679,,23.4613,5.2934,,10.31,1.63
1132,671.0984,18.1221,,23.4616,5.3395,,21.77,1.67
1133,671.1638,18.1096,11.1222,23.4618,5.3522,12.3396,12.96,1.06
1134,671.2304,18.1295,,23.4621,5.3326,,14.05,2.03
1135,671.2975,18.1309,,23.4622,5.3313,,14.52,1.01
1136,671.3582,18.1091,9.5019,23.4622,5.3531,13.9604,15.74,0.95
1137,671.4291,18.1156,,23.4621,5.3465,,19.55,1.82
1138,671.4876,18.1451,,23.4624,5.3173,,11.66,0.99
1139,671.5527,18.1033,,23.4626,5.3593,,17.23,1.03
1140,671.6180,18.1268,9.7865,23.4628,5.3360,13.6763,17.29,1.30
1141,671.6798,18.1432,,23.4629,5.3196,,10.55,1.48
1142,671.7356,18.1296,,23.4631,5.3335,,10.01,1.82
1143,671.8014,18.1247,,23.4632,5.3384,,13.54,1.01
1144,671.8584,,,23.4633,,,14.33,1.18
1145,671.9230,18.1293,,23.4637,5.3344,,13.92,1.50
1146,671.9968,18.1185,,23.4642,5.3457,,18.35,1.85
1147,672.0626,,11.1435,23.4643,,12.3207,17.18,1.00
1148,672.1406,18.1489,,23.4648,5.3159,,18.48,1.47
1149,672.2055,,,23.4647,,,16.23,1.13
1150,672.2753,,9.4800,23.4646,,13.9846,21.49,1.34
1151,672.3403,,,23.4644,,,13.47,1.02
1152,672.3952,18.1032,,23.4643,5.3611,,13.86,1.17
1153,672.4588,18.1110,,23.4643,5.3532,,13.85,1.14
1154,672.5244,18.1269,,23.4645,5.3376,,16.15,1.45
1155,672.5937,18.1181,,23.4647,5.3465,,14.33,0.94
1156,672.6529,18.1087,,23.4647,5.3560,,14.31,1.02
1157,672.7119,,28.1788,23.4648,,4.7140,10.15,0.98
1158,672.7798,18.1347,24.5961,23.4653,5.3306,1.1308,17.77,1.61
1159,672.8387,18.0960,,23.4658,5.3699,,11.45,0.95
1160,672.9006,,,23.4660,,,16.82,1.18
1161,672.9548,18.1559,,23.4655,5.3096,,13.21,1.06
1162,673.0183,18.0976,9.4886,23.4650,5.3675,13.9764,14.73,1.01
1163,673.0908,18.1073,,23.4651,5.3578,,16.30,1.58
1164,673.1753,18.1059,11.0853,23.4652,5.3593,12.3799,25.92,1.49
1165,673.2507,18.1263,,23.4655,5.3392,,20.39,1.02
1166,673.3178,18.0948,16.1749,23.4656,5.3708,7.2907,17.75,1.40
1167,673.3871,18.0933,,23.4658,5.3725,,16.29,1.53
1168,673.4473,18.0950,,23.4658,5.3709,,12.17,1.01
1169,673.5070,18.0888,,23.4660,5.3772,,10.04,1.11
1170,673.5735,,11.0761,23.4657,,12.3896,17.21,0.93
1171,673.6326,18.1416,,23.4655,5.3238,,12.14,1.35
1172,673.6926,18.1077,,23.4652,5.3574,,14.16,1.13
1173,673.7542,18.1380,11.0803,23.4646,5.3266,12.3843,13.72,1.10
1174,673.8194,18.1185,11.1009,23.4641,5.3456,12.3631,19.00,1.22
1175,673.8923,18.0931,,23.4636,5.3705,,20.12,1.43
1176,673.9512,,,23.4632,,,12.11,1.51
1177,674.0170,18.1363,11.1122,23.4634,5.3271,12.3512,21.60,1.04
1178,674.0874,18.1498,,23.4637,5.3140,,14.62,1.02
1179,674.1435,18.0938,,23.4636,5.3698,,9.81,1.11
1180,674.2061,18.0960,,23.4638,5.3678,,16.42,0.91
1181,674.2708,18.1223,9.4687,23.4637,5.3414,13.9950,13.36,1.42
1182,674.3445,18.1107,,23.4637,5.3530,,20.80,1.14
1183,674.4047,,,23.4638,,,10.41,1.03
1184,674.4813,18.1324,,23.4640,5.3316,,24.11,1.91
1185,674.5414,18.1106,,23.4642,5.3536,,14.84,1.52
1186,674.6174,18.1008,11.1172,23.4640,5.3632,12.3467,19.72,2.68
1187,674.6977,18.1282,,23.4642,5.3360,,22.26,1.90
1188,674.7665,18.1363,11.1238,23.4645,5.3281,12.3407,17.51,1.11
1189,674.8267,18.1102,,23.4646,5.3544,,14.17,1.45
1190,674.8834,18.1441,,23.4645,5.3204,,13.71,1.41
1191,674.9468,18.1533,,23.4645,5.3112,,14.82,0.90
1192,675.0102,18.1348,11.1129,23.4646,5.3298,12.3517,18.25,0.86
1193,675.0680,18.1370,11.1356,23.4647,5.3277,12.3291,16.20,0.98
1194,675.1322,18.1226,,23.4648,5.3422,,12.90,1.47
1195,675.1914,,,23.4649,,,13.18,1.40
1196,675.2580,18.1460,,23.4657,5.3196,,15.45,0.99
1197,675.3264,18.1135,9.2950,23.4656,5.3522,14.1707,13.64,1.51
1198,675.3975,18.1144,,23.4657,5.3513,,20.10,1.02
1199,675.4617,18.1266,11.0950,23.4656,5.3390,12.3706,12.39,0.91
1200,675.5260,18.1745,,23.4657,5.2913,,13.26,1.34
1201,675.5866,18.1307,,23.4656,5.3349,,10.02,1.88
1202,675.6449,18.1548,,23.4659,5.3111,,10.99,1.28
1203,675.7096,18.2013,,23.4660,5.2647,,14.07,1.08
1204,675.7789,18.1309,20.8414,23.4661,5.3351,2.6247,16.22,1.49
1205,675.8527,18.1580,,23.4661,5.3081,,19.70,1.09
1206,675.9233,18.1531,9.6057,23.4661,5.3130,13.8604,17.92,1.49
1207,675.9933,18.1631,,23.4661,5.3030,,18.56,2.03
1208,676.0671,18.1160,11.1289,23.4662,5.3502,12.3373,17.18,1.05
1209,676.1274,18.1274,,23.4663,5.3389,,11.54,1.56
1210,676.1895,18.1336,,23.4664,5.3328,,17.34,1.24
1211,676.2554,18.1712,,23.4663,5.2951,,14.88,1.95
1212,676.3271,18.1446,19.2015,23.4664,5.3218,4.2649,17.50,1.67
1213,676.4030,18.1371,,23.4665,5.3295,,21.43,1.04
1214,676.4603,18.1558,9.4070,23.4666,5.3108,14.0596,10.76,1.15
1215,676.5234,18.1478,,23.4667,5.3189,,12.77,1.74
1216,676.5846,18.1371,,23.4666,5.3296,,13.61,1.28
1217,676.6491,18.1935,,23.4666,5.2731,,19.71,0.99
1218,676.7082,18.1201,,23.4668,5.3467,,9.76,1.07
1219,676.7685,18.1625,11.0577,23.4669,5.3044,12.4092,17.34,1.07
1220,676.8324,18.1521,,23.4668,5.3147,,11.53,1.55
1221,676.9038,18.1720,,23.4669,5.2948,,18.55,1.04
1222,676.9784,18.1376,9.4121,23.4670,5.3294,14.0549,19.16,2.70
1223,677.0536,18.1417,11.2878,23.4669,5.3253,12.1791,21.93,1.79
1224,677.1352,18.1343,,23.4671,5.3328,,18.50,1.44
1225,677.2030,18.1436,11.2832,23.4671,5.3236,12.1839,17.11,1.10
1226,677.2656,18.1602,9.1893,23.4672,5.3070,14.2779,14.77,1.02
1227,677.3272,18.1462,9.2384,23.4673,5.3210,14.2288,9.67,1.50
1228,677.3940,18.1482,,23.4674,5.3192,,21.72,1.00
1229,677.4630,18.1796,,23.4675,5.2879,,10.67,1.00
1230,677.5190,18.1449,22.7644,23.4675,5.3226,0.7032,10.42,1.61
1231,677.5876,18.1598,,23.4676,5.3079,,10.36,1.12
1232,677.6525,18.2008,,23.4675,5.2667,,16.89,1.12
1233,677.7189,18.1558,9.4046,23.4676,5.3117,14.0630,17.09,1.23
1234,677.7803,18.1637,23.3571,23.4676,5.3039,0.1105,11.41,1.58
1235,677.8403,18.1672,,23.4676,5.3004,,12.95,1.34
1236,677.9072,18.1349,,23.4676,5.3327,,18.15,1.04
1237,677.9682,18.1460,11.1001,23.4677,5.3218,12.3677,11.46,1.19
1238,678.0212,18.1590,,23.4678,5.3087,,11.12,1.74
1239,678.0804,18.1377,22.5428,23.4679,5.3302,0.9251,11.31,1.59
1240,678.1377,18.1612,,23.4679,5.3067,,10.70,0.78
1241,678.2022,18.1799,,23.4679,5.2880,,15.76,1.21
1242,678.2817,18.1663,,23.4679,5.3016,,16.44,1.83
1243,678.3360,18.1380,,23.4680,5.3300,,13.23,1.51
1244,678.4012,18.1627,28.1911,23.4680,5.3052,4.7231,21.72,2.23
1245,678.4712,18.1482,11.0922,23.4681,5.3199,12.3759,17.04,0.92
1246,678.5408,18.1449,,23.4681,5.3232,,14.55,0.93
1247,678.6069,18.1874,,23.4681,5.2807,,20.47,1.03
1248,678.6679,18.1304,9.5386,23.4681,5.3377,13.9295,12.21,1.29
1249,678.7263,18.1646,,23.4681,5.3035,,10.16,1.64
1250,678.7950,18.2108,,23.4681,5.2573,,17.31,0.98
1251,678.8622,18.1340,9.4761,23.4681,5.3341,13.9920,17.30,1.04
1252,678.9206,18.1338,11.1408,23.4682,5.3344,12.3273,16.27,2.06
1253,678.9866,18.1947,,23.4681,5.2734,,10.52,1.53
1254,679.0531,18.1349,,23.4682,5.3332,,15.31,1.11
1255,679.1173,18.1532,11.1452,23.4682,5.3150,12.3230,12.73,0.95
1256,679.1826,18.1499,,23.4684,5.3185,,12.72,1.39
1257,679.2412,18.1267,,23.4685,5.3418,,11.58,1.14
1258,679.2991,18.1167,,23.4685,5.3518,,10.10,0.97
1259,679.3550,18.1510,,23.4685,5.3174,,11.70,0.95
1260,679.4311,18.1275,22.1441,23.4685,5.3410,1.3244,17.43,3.04
1261,679.4972,18.1507,,23.4685,5.3178,,15.21,0.82
1262,679.5683,18.1820,11.1069,23.4685,5.2865,12.3616,20.81,1.17
1263,679.6432,18.1790,,23.4687,5.2896,,28.26,1.11
1264,679.6962,18.1579,,23.4686,5.3107,,15.28,1.09
1265,679.7617,18.1809,11.1031,23.4686,5.2877,12.3656,11.92,1.01
1266,679.8181,18.1442,23.0903,23.4685,5.3243,0.3782,11.40,1.51
1267,679.8753,18.1440,22.9079,23.4687,5.3247,0.5607,12.33,1.41
1268,679.9422,18.1712,,23.4689,5.2977,,20.77,1.11
1269,680.0088,18.1252,9.2962,23.4690,5.3438,14.1728,11.08,1.12
1270,680.0666,18.1523,18.4162,23.4690,5.3167,5.0528,11.54,1.56
1271,680.1325,18.1458,,23.4691,5.3233,,14.21,1.55
1272,680.1934,18.1353,,23.4691,5.3338,,14.00,1.09
1273,680.2606,18.1545,9.5316,23.4692,5.3147,13.9376,12.33,0.98
1274,680.3285,18.1628,,23.4692,5.3064,,9.71,1.51
1275,680.3884,18.1755,,23.4692,5.2936,,11.39,1.80
1276,680.4462,18.1451,,23.4692,5.3241,,10.66,0.96
1277,680.5105,18.1617,11.0871,23.4692,5.3075,12.3821,12.58,0.97
1278,680.5825,18.1843,,23.4694,5.2851,,13.45,0.96
1279,680.6488,18.1355,,23.4695,5.3340,,11.48,1.14
1280,680.7107,18.1519,,23.4695,5.3175,,12.72,0.83
1281,680.7753,18.1756,,23.4695,5.2938,,11.67,1.81
1282,680.8363,18.1536,,23.4695,5.3159,,12.34,1.84
1283,680.8957,18.1390,,23.4696,5.3306,,15.20,1.04
1284,680.9567,18.1585,,23.4696,5.3111,,13.39,1.17
1285,681.0208,18.1625,,23.4698,5.3073,,11.60,1.44
1286,681.0924,18.1357,,23.4699,5.3342,,16.01,1.06
1287,681.1467,18.1615,,23.4700,5.3085,,11.80,0.91
1288,681.2114,18.1416,11.1695,23.4699,5.3283,12.3004,18.08,0.94
1289,681.2746,18.1532,23.5773,23.4699,5.3167,0.1074,15.06,1.64
1290,681.3664,18.1630,9.3220,23.4700,5.3070,14.1481,20.70,1.50
1291,681.4229,18.1759,,23.4700,5.2941,,10.78,1.59
1292,681.4800,18.1614,,23.4700,5.3086,,9.83,1.34
1293,681.5404,18.1886,,23.4702,5.2816,,11.68,1.65
1294,681.6024,18.1680,,23.4702,5.3021,,17.50,1.11
1295,681.6660,18.1669,11.1049,23.4702,5.3033,12.3653,17.11,1.04
1296,681.7264,18.1940,,23.4703,5.2763,,10.79,1.61
1297,681.7856,18.1632,,23.4703,5.3071,,12.52,3.05
1298,681.8573,18.1640,9.8495,23.4703,5.3063,13.6208,13.51,1.27
1299,681.9224,18.2015,23.4648,23.4704,5.2689,0.0056,16.96,1.31
1300,681.9876,18.1806,,23.4705,5.2899,,11.69,1.40
1301,682.0608,18.1260,11.1093,23.4705,5.3444,12.3612,20.99,1.33
1302,682.1258,18.1483,21.5037,23.4705,5.3222,1.9668,12.70,1.35
1303,682.1854,18.1907,,23.4707,5.2800,,11.72,0.96
1304,682.2646,18.1572,11.1270,23.4708,5.3136,12.3438,21.61,1.01
1305,682.3433,18.1659,,23.4708,5.3049,,18.80,1.02
1306,682.4063,18.1787,,23.4708,5.2921,,18.63,1.10
1307,682.5000,18.1817,,23.4708,5.2891,,22.08,0.95
1308,682.5630,18.1524,9.7894,23.4708,5.3184,13.6815,17.33,0.97
1309,682.6316,18.1395,,23.4709,5.3314,,13.28,1.16
1310,682.6880,18.1763,,23.4709,5.2946,,12.67,0.92
1311,682.7519,18.1735,,23.4710,5.2975,,16.02,1.25
1312,682.8134,18.1586,11.2730,23.4709,5.3123,12.1978,10.23,1.26
1313,682.8763,18.1425,,23.4710,5.3285,,13.29,1.78
1314,682.9406,18.1600,,23.4710,5.3110,,18.22,1.28
1315,683.0062,18.1612,,23.4710,5.3098,,18.89,1.00
1316,683.0665,18.1450,11.1372,23.4712,5.3262,12.3340,12.02,1.11
1317,683.1392,18.1655,,23.4712,5.3057,,19.54,2.11
1318,683.2090,18.1697,,23.4714,5.3017,,13.62,1.00
1319,683.2723,18.1588,11.1194,23.4715,5.3127,12.3521,14.98,0.95
1320,683.3468,18.1645,,23.4714,5.3069,,20.67,0.93
1321,683.4123,18.1755,9.2938,23.4716,5.2961,14.1778,13.29,1.18
1322,683.4653,18.1541,9.3142,23.4716,5.3174,14.1574,11.25,1.22
1323,683.5329,18.1751,,23.4716,5.2965,,17.47,1.93
1324,683.5920,18.1927,,23.4717,5.2790,,12.58,0.97
1325,683.6771,18.1706,11.7941,23.4723,5.3016,11.6782,23.44,3.04
1326,683.7498,18.1713,,23.4732,5.3019,,17.24,1.13
1327,683.8168,18.1797,11.0958,23.4742,5.2944,12.3784,15.41,1.33
1328,683.8862,18.1862,,23.4749,5.2887,,21.19,1.53
1329,683.9564,18.1446,,23.4757,5.3311,,19.99,0.98
1330,684.0154,18.1571,11.4309,23.4762,5.3191,12.0453,11.71,0.98
1331,684.0710,18.1885,11.4385,23.4765,5.2880,12.0380,11.44,1.01
1332,684.1400,18.1401,,23.4769,5.3368,,17.75,1.41
1333,684.2142,18.1651,11.1253,23.4774,5.3123,12.3521,20.54,2.52
1334,684.2710,18.1943,,23.4776,5.2833,,11.39,1.74
1335,684.3281,18.1639,,23.4778,5.3139,,13.43,1.45
1336,684.4021,18.1753,,23.4779,5.3026,,23.80,1.53
1337,684.4914,18.1799,,23.4781,5.2982,,20.15,2.54
1338,684.5607,18.1978,11.2081,23.4783,5.2805,12.2702,19.66,1.22
1339,684.6365,18.1312,,23.4784,5.3473,,17.57,1.54
1340,684.7131,18.1559,9.2987,23.4785,5.3226,14.1798,12.33,1.33
1341,684.7744,18.1841,9.3005,23.4785,5.2944,14.1780,15.45,1.19
1342,684.8396,18.2079,,23.4788,5.2709,,12.40,1.16
1343,684.8991,18.1585,,23.4790,5.3205,,11.41,0.96
1344,684.9684,18.1766,,23.4792,5.3026,,19.93,1.59
1345,685.0264,18.1783,9.5401,23.4793,5.3011,13.9393,11.66,1.40
1346,685.0951,18.1648,,23.4794,5.3146,,19.11,1.94
1347,685.1613,18.1505,,23.4797,5.3292,,16.34,1.08
1348,685.2344,18.1624,,23.4798,5.3175,,13.64,3.63
1349,685.3184,18.1685,11.8965,23.4799,5.3114,11.5833,18.33,2.13
1350,685.3878,18.1475,,23.4799,5.3324,,17.45,1.54
1351,685.4576,18.1546,,23.4802,5.3256,,16.86,2.22
1352,685.5154,18.2023,11.1846,23.4803,5.2780,12.2956,11.65,1.03
1353,685.5807,18.1701,,23.4804,5.3103,,16.47,3.46
1354,685.6443,18.1628,,23.4808,5.3179,,13.84,0.93
1355,685.7100,18.2002,,23.4808,5.2806,,12.84,1.13
1356,685.7701,18.1766,,23.4809,5.3043,,10.51,1.62
1357,685.8457,18.1602,,23.4812,5.3210,,19.72,1.12
1358,685.9041,18.1859,,23.4813,5.2954,,11.79,1.05
1359,685.9752,18.1784,20.7454,23.4813,5.3029,2.7359,19.06,1.53
1360,686.0440,18.1493,,23.4813,5.3320,,15.55,1.11
1361,686.1142,18.1376,11.0870,23.4814,5.3438,12.3944,22.13,1.64
1362,686.1882,18.1720,,23.4816,5.3096,,17.54,1.54
1363,686.2541,18.1854,,23.4818,5.2964,,20.07,1.93
1364,686.3357,18.1707,,23.4820,5.3113,,17.30,1.55
1365,686.3941,18.1390,,23.4821,5.3431,,10.71,1.16
1366,686.4523,18.1590,,23.4823,5.3233,,10.35,1.06
1367,686.5173,18.1749,9.2690,23.4824,5.3075,14.2134,17.75,1.17
1368,686.5836,18.1312,,23.4827,5.3515,,14.93,2.34
1369,686.6671,18.1439,11.0978,23.4829,5.3390,12.3851,17.00,1.18
1370,686.7319,18.1716,,23.4831,5.3115,,22.12,2.70
1371,686.7938,18.1993,,23.4833,5.2840,,14.71,1.17
1372,686.8593,18.1526,,23.4833,5.3306,,14.31,1.03
1373,686.9295,18.1435,,23.4834,5.3399,,16.35,1.86
1374,686.9938,18.1637,,23.4836,5.3200,,12.03,1.43
1375,687.0620,18.1777,,23.4839,5.3062,,13.68,1.04
1376,687.1194,18.1342,21.1528,23.4839,5.3498,2.3311,9.98,1.57
1377,687.1922,18.1651,,23.4841,5.3190,,20.56,3.51
1378,687.2569,18.1620,,23.4841,5.3221,,16.60,1.25
1379,687.3190,18.1453,11.0775,23.4842,5.3389,12.4066,12.80,1.01
1380,687.3794,18.1457,17.2467,23.4842,5.3384,6.2375,12.18,1.50
1381,687.4554,18.1739,,23.4843,5.3103,,18.18,0.97
1382,687.5145,18.1572,18.0521,23.4844,5.3272,5.4323,15.05,1.21
1383,687.5800,18.1823,,23.4845,5.3022,,19.10,1.68
1384,687.6508,18.2094,,23.4847,5.2753,,16.77,1.04
1385,687.7113,18.1818,11.1325,23.4849,5.3031,12.3525,10.02,1.06
1386,687.7796,18.1517,,23.4851,5.3335,,12.10,1.57
1387,687.8416,18.1847,,23.4851,5.3003,,12.97,1.13
1388,687.9030,18.1745,,23.4852,5.3107,,13.56,1.09
1389,687.9681,18.1339,11.1005,23.4853,5.3514,12.3848,15.47,1.32
1390,688.0386,18.1363,,23.4854,5.3492,,15.67,1.57
1391,688.0994,18.1805,,23.4856,5.3051,,11.87,1.02
1392,688.1690,18.1594,11.0880,23.4858,5.3264,12.3978,18.07,1.09
1393,688.2374,18.1485,,23.4860,5.3376,,18.32,1.49
1394,688.3060,18.1581,,23.4863,5.3282,,17.36,1.00
1395,688.3741,18.1764,18.7600,23.4865,5.3100,4.7264,17.06,1.59
1396,688.4538,18.1432,,23.4867,5.3434,,19.65,1.14
1397,688.5222,18.1428,11.1102,23.4867,5.3439,12.3765,15.53,1.29
1398,688.5887,18.1651,,23.4869,5.3218,,18.94,1.51
1399,688.6488,18.2026,,23.4870,5.2844,,11.61,1.03
1400,688.7069,18.1595,,23.4871,5.3275,,13.20,1.26
1401,688.7806,18.1476,19.8150,23.4873,5.3397,3.6723,19.78,2.12
1402,688.8504,18.1622,,23.4874,5.3252,,14.28,0.86
1403,688.9060,18.1363,9.5076,23.4875,5.3512,13.9799,10.96,1.03
1404,688.9763,18.1582,,23.4876,5.3293,,21.50,1.74
1405,689.0409,18.1518,,23.4876,5.3358,,12.15,0.98
1406,689.1039,18.1740,,23.4877,5.3138,,15.98,1.19
1407,689.1794,18.1156,21.5729,23.4878,5.3722,1.9149,15.73,1.78
1408,689.2495,18.1382,,23.4882,5.3500,,13.01,0.88
1409,689.3220,18.1423,9.7448,23.4886,5.3463,13.7438,20.06,1.37
1410,689.3895,18.1855,,23.4886,5.3032,,13.59,2.06
1411,689.4552,18.1507,,23.4888,5.3381,,16.88,1.07
1412,689.5202,18.1744,11.1101,23.4889,5.3145,12.3788,19.10,1.04
1413,689.5908,18.1715,,23.4891,5.3176,,14.27,1.46
1414,689.6573,18.1639,,23.4891,5.3252,,18.53,1.14
1415,689.7264,18.1621,12.9861,23.4894,5.3273,10.5033,14.34,1.31
1416,689.7852,18.1829,,23.4894,5.3065,,12.14,1.63
1417,689.8648,18.1720,11.1605,23.4897,5.3177,12.3292,22.45,0.91
1418,689.9420,18.1593,,23.4899,5.3306,,21.11,1.96
1419,690.0141,18.1269,11.1097,23.4899,5.3630,12.3801,19.94,0.98
1420,690.0782,18.1238,,23.4899,5.3661,,12.95,2.00
1421,690.1485,18.1976,,23.4900,5.2924,,15.04,0.91
1422,690.2111,18.1364,,23.4902,5.3539,,15.56,0.97
1423,690.2697,18.1387,,23.4903,5.3516,,11.17,1.56
1424,690.3302,18.1822,,23.4904,5.3083,,12.78,1.43
1425,690.3881,18.1412,,23.4906,5.3494,,10.80,1.67
1426,690.4634,18.1341,11.1257,23.4907,5.3567,12.3650,15.01,1.05
1427,690.5238,18.1623,,23.4909,5.3286,,11.02,1.60
1428,690.5891,18.1325,,23.4910,5.3586,,14.00,3.69
1429,690.6773,18.1470,24.7887,23.4911,5.3442,1.2976,23.59,1.51
1430,690.7348,18.1351,,23.4912,5.3561,,10.44,1.82
1431,690.7902,18.2018,,23.4914,5.2896,,11.10,0.89
1432,690.8625,18.1471,,23.4914,5.3444,,19.94,1.09
1433,690.9321,18.1338,,23.4916,5.3578,,18.26,1.89
1434,690.9998,18.1644,,23.4919,5.3275,,11.90,0.98
1435,691.0648,18.1895,9.5127,23.4920,5.3025,13.9793,12.46,0.94
1436,691.1332,18.1340,,23.4922,5.3581,,16.82,1.81
1437,691.2043,18.1247,11.1109,23.4924,5.3678,12.3815,11.18,1.01
1438,691.2603,18.1366,10.1851,23.4925,5.3559,13.3074,13.67,1.09
1439,691.3168,18.1233,11.1104,23.4926,5.3693,12.3821,13.38,0.93
1440,691.3773,18.1187,11.1005,23.4927,5.3740,12.3921,10.43,1.36
1441,691.4375,18.1906,,23.4927,5.3021,,13.40,1.65
1442,691.5014,18.1571,,23.4927,5.3356,,12.26,0.88
1443,691.5688,18.1734,11.0757,23.4929,5.3195,12.4172,18.95,1.06
1444,691.6431,18.1809,,23.4932,5.3123,,17.31,0.98
1445,691.7083,18.1810,11.0785,23.4934,5.3123,12.4149,13.19,0.93
1446,691.7732,18.1594,13.9877,23.4930,5.3336,9.5054,14.52,2.08
1447,691.8368,18.1639,,23.4935,5.3296,,15.11,1.45
1448,691.9040,18.1570,,23.4937,5.3367,,18.02,1.07
1449,691.9717,18.1360,11.1083,23.4939,5.3579,12.3857,13.90,1.08
1450,692.0352,18.1055,,23.4940,5.3885,,16.67,1.50
1451,692.0946,18.1543,,23.4942,5.3399,,14.75,1.32
1452,692.1560,18.1261,,23.4943,5.3682,,15.66,1.04
1453,692.2244,18.1300,11.0974,23.4943,5.3643,12.3970,15.43,1.39
1454,692.2863,18.1585,,23.4945,5.3360,,13.76,1.11
1455,692.3500,18.1636,,23.4946,5.3310,,14.88,0.91
1456,692.4144,18.1314,11.0818,23.4948,5.3634,12.4130,16.89,1.02
1457,692.4739,18.1630,,23.4949,5.3319,,10.12,3.07
1458,692.5371,18.1468,,23.4952,5.3484,,19.09,1.56
1459,692.6084,18.1213,,23.4952,5.3740,,19.19,0.86
1460,692.6786,18.1712,22.3180,23.4953,5.3241,1.1774,19.72,1.71
1461,692.7383,18.2113,,23.4954,5.2842,,11.35,0.82
1462,692.8086,18.1500,,23.4957,5.3457,,20.71,2.59
1463,692.8811,18.1362,,23.4958,5.3597,,20.34,1.52
1464,692.9421,18.1646,,23.4959,5.3313,,11.94,3.40
1465,693.0081,18.1621,,23.4961,5.3339,,15.41,1.06
1466,693.0768,18.1351,11.1072,23.4962,5.3611,12.3889,19.44,1.61
1467,693.1485,18.1403,,23.4963,5.3560,,21.30,2.25
1468,693.2128,18.1438,,23.4964,5.3526,,15.54,1.05
1469,693.2706,18.1282,9.3508,23.4966,5.3684,14.1458,11.47,1.04
1470,693.3304,18.1161,21.3910,23.4968,5.3807,2.1058,11.03,1.64
1471,693.3864,18.1889,,23.4969,5.3079,,10.06,0.91
1472,693.4469,18.1447,,23.4970,5.3523,,9.96,1.03
1473,693.5021,18.1684,,23.4969,5.3285,,10.97,0.96
1474,693.5583,18.1818,,23.4970,5.3152,,10.75,0.96
1475,693.6192,18.1431,21.2549,23.4972,5.3540,2.2423,9.89,1.46
1476,693.6783,18.1680,9.3440,23.4973,5.3293,14.1533,10.39,1.49
1477,693.7439,18.1818,,23.4974,5.3156,,14.44,1.18
1478,693.8147,18.1306,,23.4977,5.3671,,11.55,1.11
1479,693.8936,18.1306,,23.4977,5.3671,,19.90,1.27
1480,693.9584,18.1505,,23.4980,5.3475,,15.96,1.60
1481,694.0243,18.1457,,23.4983,5.3525,,12.81,1.76
1482,694.0914,18.1204,,23.4985,5.3781,,15.78,1.37
1483,694.1499,18.1562,,23.4985,5.3423,,12.89,1.01
1484,694.2173,18.1608,9.5589,23.4987,5.3379,13.9398,15.20,1.04
1485,694.2881,18.1348,,23.4988,5.3640,,19.26,1.98
1486,694.3502,18.1205,,23.4990,5.3784,,12.98,0.97
1487,694.4116,18.1635,11.1184,23.4991,5.3356,12.3807,18.60,0.97
1488,694.4780,18.1347,,23.4993,5.3646,,14.46,1.77
1489,694.5374,18.1357,,23.4994,5.3637,,11.53,0.82
1490,694.6136,18.1421,11.1136,23.4996,5.3575,12.3859,19.52,0.93
1491,694.6759,18.1994,,23.4997,5.3003,,11.36,1.94
1492,694.7404,18.1355,,23.4998,5.3644,,13.07,1.28
1493,694.8142,18.1502,,23.4999,5.3498,,18.71,0.99
1494,694.8710,18.1609,9.5399,23.5001,5.3391,13.9602,10.39,1.00
1495,694.9289,18.1345,,23.5002,5.3657,,9.78,1.49
1496,694.9864,18.1279,,23.5003,5.3724,,11.61,0.88
1497,695.0413,18.1587,,23.5006,5.3419,,9.84,1.04
1498,695.1097,18.1248,,23.5005,5.3757,,18.32,1.15
1499,695.1717,18.1240,21.5496,23.5007,5.3767,1.9510,11.04,1.88
1500,695.2278,18.1520,,23.5007,5.3487,,9.85,1.37
1501,695.2852,18.1202,,23.5008,5.3806,,9.88,0.88
1502,695.3534,18.1638,11.0790,23.5010,5.3372,12.4220,19.38,1.69
1503,695.4292,18.1627,19.8912,23.5010,5.3384,3.6098,21.36,2.23
1504,695.4943,18.1402,,23.5012,5.3610,,20.90,1.32
1505,695.5542,18.1477,,23.5015,5.3538,,16.49,1.23
1506,695.6183,18.1827,18.4494,23.5016,5.3189,5.0522,17.28,1.46
1507,695.6840,18.1739,,23.5017,5.3278,,15.01,1.73
1508,695.7401,18.1477,,23.5017,5.3540,,12.25,1.39
1509,695.8097,18.1756,,23.5019,5.3264,,21.05,1.10
1510,695.8762,18.1774,21.1792,23.5021,5.3247,2.3229,16.79,1.65
1511,695.9482,18.1325,,23.5022,5.3697,,21.41,1.09
1512,696.0135,18.1258,9.4203,23.5023,5.3765,14.0821,11.16,1.15
1513,696.0700,18.1723,,23.5025,5.3302,,10.11,1.53
1514,696.1289,18.1257,21.3430,23.5025,5.3768,2.1595,12.03,1.36
1515,696.1907,18.1610,,23.5027,5.3417,,11.93,1.54
1516,696.2664,18.1778,9.8679,23.5029,5.3251,13.6351,20.73,1.07
1517,696.3331,18.1359,,23.5031,5.3672,,16.22,1.57
1518,696.3928,18.1322,,23.5034,5.3712,,13.46,0.90
1519,696.4497,18.1839,,23.5035,5.3195,,16.39,1.14
1520,696.5066,18.1390,,23.5035,5.3646,,12.49,1.15
1521,696.5843,18.1170,,23.5036,5.3867,,16.90,1.69
1522,696.6589,18.1523,,23.5039,5.3516,,21.71,1.15
1523,696.7202,18.1855,9.8639,23.5040,5.3186,13.6401,11.86,0.90
1524,696.7843,18.1587,,23.5041,5.3454,,16.85,1.69
1525,696.8548,18.1660,,23.5042,5.3381,,21.89,1.39
1526,696.9168,18.1914,9.5777,23.5043,5.3129,13.9266,16.61,1.10
1527,696.9871,18.1227,,23.5044,5.3818,,20.24,2.99
1528,697.0431,18.1494,,23.5046,5.3552,,15.62,1.55
1529,697.1105,18.1358,9.5873,23.5046,5.3689,13.9173,9.88,1.09
1530,697.1946,18.1608,,23.5046,5.3439,,21.85,1.66
1531,697.2583,18.1284,,23.5048,5.3764,,19.69,1.01
1532,697.3338,18.1258,,23.5051,5.3794,,15.59,1.59
1533,697.4036,18.1730,,23.5054,5.3323,,21.06,1.67
1534,697.4605,18.1445,11.1130,23.5055,5.3610,12.3925,10.67,1.14
1535,697.5195,18.1369,,23.5056,5.3687,,10.40,1.47
1536,697.5760,18.1902,,23.5058,5.3156,,12.35,1.62
1537,697.6513,18.1812,,23.5059,5.3248,,15.04,1.18
1538,697.7096,18.1390,,23.5061,5.3671,,9.80,1.09
1539,697.7839,18.1646,22.3461,23.5063,5.3417,1.1602,23.77,3.68
1540,697.8443,18.1875,,23.5063,5.3188,,13.42,0.84
1541,697.9059,18.1439,,23.5064,5.3625,,10.79,1.00
1542,697.9728,18.1754,9.3460,23.5066,5.3312,14.1606,17.74,3.91
1543,698.0545,18.1687,11.1007,23.5068,5.3381,12.4061,25.19,0.91
1544,698.1315,18.1662,,23.5069,5.3407,,20.31,1.61
1545,698.1895,18.1332,,23.5069,5.3737,,12.06,0.94
1546,698.2470,18.1535,,23.5071,5.3537,,10.21,1.14
1547,698.3118,18.1600,,23.5073,5.3473,,19.05,0.90
1548,698.3814,18.1269,,23.5074,5.3804,,18.11,1.63
1549,698.4418,18.1165,,23.5075,5.3910,,13.93,1.61
1550,698.5067,18.1869,,23.5076,5.3207,,16.15,1.16
1551,698.5801,18.1293,11.0676,23.5078,5.3785,12.4402,19.16,1.74
1552,698.6513,18.1450,,23.5078,5.3628,,16.23,1.01
1553,698.7197,18.1701,9.4208,23.5080,5.3380,14.0872,19.46,0.89
1554,698.7847,18.1782,,23.5083,5.3300,,11.40,1.20
1555,698.8596,18.1342,,23.5084,5.3741,,21.09,1.25
1556,698.9344,18.1317,,23.5085,5.3768,,18.96,1.22
1557,698.9889,18.1736,,23.5086,5.3350,,11.87,1.55
1558,699.0487,18.1493,,23.5087,5.3594,,14.87,1.03
1559,699.1260,18.1385,9.7838,23.5087,5.3702,13.7249,13.98,1.40
1560,699.1880,18.1619,,23.5088,5.3469,,11.43,1.79
1561,699.2496,18.1329,,23.5091,5.3762,,15.29,0.97
1562,699.3079,18.1621,9.5673,23.5093,5.3471,13.9420,10.83,0.99
1563,699.3753,18.1573,9.5746,23.5095,5.3522,13.9349,19.31,1.39
1564,699.4547,18.1444,,23.5095,5.3651,,20.49,1.14
1565,699.5240,18.1298,11.0808,23.5097,5.3799,12.4289,16.49,3.49
1566,699.5845,18.1688,,23.5098,5.3410,,11.58,1.07
1567,699.6459,18.1786,,23.5101,5.3315,,15.55,1.08
1568,699.7019,18.1396,,23.5102,5.3706,,14.22,1.06
1569,699.7623,18.1670,11.1627,23.5103,5.3433,12.3476,14.34,1.05
1570,699.8341,18.1816,,23.5105,5.3289,,17.91,1.79
1571,699.9015,18.1388,,23.5106,5.3718,,12.32,0.92
1572,699.9663,18.1338,9.4573,23.5107,5.3769,14.0534,10.79,1.34
1573,700.0295,18.1535,,23.5107,5.3572,,11.60,1.66
1574,700.1014,18.1444,,23.5110,5.3666,,20.69,1.05
1575,700.1672,18.1310,11.0950,23.5111,5.3802,12.4161,19.58,1.01
1576,700.2417,18.1300,,23.5113,5.3813,,18.76,1.51
1577,700.3159,18.1605,11.0928,23.5113,5.3508,12.4185,22.48,0.97
1578,700.3861,18.1798,,23.5116,5.3317,,16.29,1.73
1579,700.4558,18.1346,,23.5118,5.3772,,17.23,1.23
1580,700.5207,18.1277,11.0930,23.5119,5.3842,12.4189,17.86,1.29
1581,700.5909,18.1620,,23.5121,5.3501,,20.32,1.40
1582,700.6480,18.1270,,23.5122,5.3852,,15.08,0.84
1583,700.7116,18.1563,9.3851,23.5123,5.3560,14.1272,11.87,1.07
1584,700.7856,18.1743,,23.5125,5.3382,,17.75,1.96
1585,700.8528,18.1966,11.0864,23.5125,5.3159,12.4261,15.08,0.99
1586,700.9136,18.1437,9.4065,23.5126,5.3689,14.1061,12.39,1.13
1587,700.9776,18.1579,9.8260,23.5129,5.3549,13.6869,14.45,1.48
1588,701.0383,18.1856,,23.5130,5.3273,,14.74,1.81
1589,701.1077,18.1393,,23.5131,5.3738,,19.26,1.08
1590,701.1680,18.1289,9.8775,23.5134,5.3845,13.6359,12.64,1.49
1591,701.2324,18.1742,,23.5134,5.3392,,17.99,1.57
1592,701.3027,18.1267,,23.5134,5.3867,,23.01,2.00
1593,701.3785,18.1336,,23.5136,5.3800,,21.90,1.50
1594,701.4352,18.1604,,23.5138,5.3533,,11.20,1.77
1595,701.5062,18.1370,,23.5140,5.3770,,21.12,1.89
1596,701.5687,18.1648,11.0484,23.5142,5.3494,12.4658,15.35,1.41
1597,701.6535,18.1539,,23.5143,5.3604,,19.96,1.25
1598,701.7227,18.1570,11.0576,23.5143,5.3573,12.4567,19.53,1.27
1599,701.7879,18.1740,,23.5146,5.3406,,16.90,1.22
1600,701.8455,18.1396,,23.5148,5.3751,,10.37,1.17
1601,701.9280,18.1290,,23.5149,5.3859,,25.43,4.29
1602,701.9976,18.1603,,23.5150,5.3547,,10.07,1.12
1603,702.0618,18.1660,,23.5152,5.3492,,14.54,1.15
1604,702.1275,18.1286,,23.5152,5.3867,,18.05,1.52
1605,702.1942,18.1330,,23.5153,5.3823,,13.47,1.08
1606,702.2554,18.1688,,23.5154,5.3467,,16.50,1.06
1607,702.3234,18.1425,9.1971,23.5155,5.3730,14.3183,15.49,1.04
1608,702.3821,18.1368,,23.5157,5.3788,,10.88,1.42
1609,702.4478,18.1527,,23.5158,5.3632,,19.45,0.82
1610,702.5173,18.1859,20.2402,23.5162,5.3303,3.2760,13.57,1.49
1611,702.5750,18.1264,,23.5162,5.3898,,12.16,1.53
1612,702.6367,18.1669,,23.5163,5.3494,,16.46,1.48
1613,702.7043,18.1697,,23.5164,5.3467,,15.08,1.20
1614,702.7727,18.1810,20.7808,23.5166,5.3356,2.7358,15.57,1.16
1615,702.8446,18.1385,,23.5168,5.3783,,18.27,1.38
1616,702.9176,18.1411,11.0485,23.5170,5.3759,12.4685,12.76,0.91
1617,702.9786,18.1927,,23.5171,5.3243,,10.68,1.36
1618,703.0465,18.1400,,23.5171,5.3771,,19.93,0.87
1619,703.1099,18.1347,11.0378,23.5173,5.3826,12.4795,14.15,0.92
1620,703.1803,18.1501,,23.5176,5.3674,,17.34,1.84
1621,703.2512,18.1722,,23.5177,5.3455,,19.08,1.09
1622,703.3127,18.1240,,23.5178,5.3938,,13.12,1.21
1623,703.3790,18.1546,11.0699,23.5179,5.3633,12.4480,17.35,2.70
1624,703.4496,18.1749,,23.5180,5.3431,,15.78,0.89
1625,703.5149,18.1490,9.3499,23.5181,5.3691,14.1681,18.32,1.07
1626,703.5756,18.1590,,23.5183,5.3593,,10.57,1.88
1627,703.6316,18.2075,,23.5184,5.3110,,9.93,1.28
1628,703.6913,18.1576,,23.5185,5.3609,,12.21,1.45
1629,703.7501,18.1778,,23.5186,5.3408,,11.02,0.97
1630,703.8101,18.2047,11.4966,23.5187,5.3141,12.0221,10.43,1.00
1631,703.8661,18.1344,11.2513,23.5188,5.3844,12.2675,12.95,1.16
1632,703.9366,18.1605,,23.5191,5.3585,,15.08,1.62
1633,704.0069,18.1581,,23.5192,5.3612,,20.07,1.24
1634,704.0752,18.1366,11.1146,23.5193,5.3827,12.4047,12.88,1.24
1635,704.1340,18.1302,,23.5194,5.3892,,17.40,1.71
1636,704.1993,18.1530,,23.5196,5.3665,,14.74,0.95
1637,704.2763,18.1601,21.2160,23.5197,5.3595,2.3036,22.86,1.45
1638,704.3447,18.1410,,23.5199,5.3789,,16.98,1.06
1639,704.3996,18.1527,,23.5202,5.3675,,11.20,0.96
1640,704.4623,18.1491,9.3698,23.5203,5.3712,14.1505,12.99,1.08
1641,704.5286,18.1442,,23.5204,5.3762,,17.92,1.63
1642,704.5969,18.1634,,23.5207,5.3573,,19.67,0.95
1643,704.6820,18.1715,,23.5207,5.3493,,13.02,1.80
1644,704.7520,18.1370,,23.5207,5.3837,,16.50,1.19
1645,704.8129,18.1219,11.0773,23.5208,5.3989,12.4435,16.83,0.99
1646,704.8727,18.1544,,23.5210,5.3666,,11.66,1.62
1647,704.9319,18.1327,22.5834,23.5211,5.3885,0.9378,12.05,1.75
1648,705.0013,18.1364,,23.5213,5.3849,,17.58,0.95
1649,705.0631,18.1543,11.1006,23.5215,5.3671,12.4209,12.70,1.06
1650,705.1339,18.1300,21.0389,23.5216,5.3916,2.4827,16.84,1.62
1651,705.1972,18.1182,,23.5217,5.4036,,14.56,1.30
1652,705.2610,18.1442,,23.5217,5.3775,,13.43,0.92
1653,705.3329,18.1516,,23.5219,5.3703,,20.24,1.94
1654,705.3946,18.1098,,23.5222,5.4124,,14.98,1.26
1655,705.4653,18.1503,11.0958,23.5224,5.3721,12.4266,16.05,1.06
1656,705.5228,18.1536,13.8803,23.5225,5.3689,9.6422,12.41,1.19
1657,705.5870,18.1452,,23.5226,5.3774,,17.14,1.66
1658,705.6556,18.1713,,23.5228,5.3515,,15.03,1.04
1659,705.7156,18.1868,11.1098,23.5229,5.3361,12.4131,18.86,1.55
1660,705.7805,18.1520,21.0420,23.5229,5.3710,2.4809,13.45,1.58
1661,705.8566,18.1381,,23.5231,5.3849,,16.09,1.13
1662,705.9179,18.1620,11.0484,23.5233,5.3613,12.4749,11.13,1.42
1663,705.9870,18.1125,,23.5236,5.4112,,21.61,1.68
1664,706.0475,18.1265,,23.5235,5.3970,,11.15,1.20
1665,706.1128,,,23.5236,,,16.20,1.17
1666,706.1717,,9.3473,23.5237,,14.1763,10.86,1.06
1667,706.2382,18.1468,,23.5243,5.3775,,14.61,1.48
1668,706.2974,18.1266,,23.5246,5.3981,,10.94,0.88
1669,706.3546,18.1245,,23.5247,5.4002,,9.99,0.97
1670,706.4273,18.1289,23.2619,23.5250,5.3961,0.2631,22.14,1.86
1671,706.4894,18.1855,,23.5252,5.3397,,19.41,0.93
1672,706.5468,18.1207,,23.5253,5.4046,,10.87,1.12
1673,706.6111,18.1326,11.1272,23.5254,5.3928,12.3981,15.51,0.91
1674,706.6721,18.1605,11.1167,23.5256,5.3651,12.4089,11.71,1.07
1675,706.7377,18.1726,,23.5257,5.3531,,12.25,1.45
1676,706.8057,18.1357,,23.5258,5.3900,,15.30,1.03
1677,706.8702,18.1563,9.4123,23.5259,5.3696,14.1136,15.36,1.06
1678,706.9359,18.1940,,23.5260,5.3320,,16.01,1.76
1679,707.0006,18.1320,,23.5262,5.3942,,15.98,1.29
1680,707.0689,18.1353,9.3928,23.5263,5.3910,14.1335,19.86,0.95
1681,707.1285,18.1746,,23.5264,5.3518,,16.28,2.66
1682,707.1827,18.1432,,23.5264,5.3832,,13.25,1.07
1683,707.2513,18.1266,,23.5265,5.3999,,12.37,0.95
1684,707.3248,18.1417,9.4657,23.5268,5.3850,14.0611,19.54,1.29
1685,707.3956,18.1661,,23.5269,5.3608,,13.10,1.29
1686,707.4511,18.1478,,23.5269,5.3791,,12.33,0.99
1687,707.5097,18.1676,9.4178,23.5271,5.3595,14.1093,10.30,1.01
1688,707.5765,18.1534,9.4070,23.5272,5.3737,14.1202,18.62,3.52
1689,707.6475,18.1546,,23.5274,5.3728,,19.94,0.83
1690,707.7036,18.1796,11.0907,23.5276,5.3480,12.4368,10.72,0.96
1691,707.7863,18.2022,,23.5277,5.3256,,23.63,1.75
1692,707.8707,18.1788,9.5529,23.5280,5.3492,13.9751,18.10,1.05
1693,707.9423,18.1363,,23.5282,5.3918,,11.29,1.42
1694,708.0074,18.1486,11.0764,23.5282,5.3796,12.4518,17.59,1.01
1695,708.0706,18.1682,10.2201,23.5284,5.3602,13.3083,19.55,1.34
1696,708.1321,18.1428,,23.5285,5.3857,,19.67,1.75
1697,708.1972,18.1522,,23.5286,5.3764,,15.53,1.05
1698,708.2572,18.1413,,23.5287,5.3873,,12.20,0.92
1699,708.3359,18.1601,,23.5289,5.3688,,12.69,1.89
1700,708.3964,18.1410,,23.5288,5.3879,,12.07,1.29
1701,708.4659,18.1668,9.5752,23.5290,5.3622,13.9538,19.84,1.14
1702,708.5276,18.1667,11.0982,23.5290,5.3623,12.4309,15.57,1.09
1703,708.5936,18.1107,,23.5292,5.4185,,13.91,1.09
1704,708.6622,18.1653,11.0772,23.5294,5.3641,12.4522,18.50,1.04
1705,708.7411,18.1847,,23.5295,5.3448,,14.15,1.64
1706,708.8112,18.1852,11.0803,23.5296,5.3444,12.4493,13.19,0.93
1707,708.8792,18.1500,,23.5299,5.3799,,15.85,1.91
1708,708.9377,18.1674,,23.5301,5.3627,,11.93,0.95
1709,709.0158,18.1782,11.0825,23.5302,5.3520,12.4476,21.44,1.25
1710,709.0728,18.1546,11.1001,23.5302,5.3756,12.4301,15.04,0.85
1711,709.1443,18.1443,,23.5304,5.3860,,12.79,1.25
1712,709.2111,18.1753,11.0998,23.5304,5.3551,12.4306,16.88,0.88
1713,709.2632,18.1180,11.0981,23.5305,5.4125,12.4324,10.14,1.29
1714,709.3232,18.1661,11.1028,23.5307,5.3646,12.4278,16.01,1.09
1715,709.3887,18.1693,,23.5309,5.3616,,18.05,1.41
1716,709.4593,18.1318,,23.5311,5.3993,,16.45,1.40
1717,709.5161,18.1564,21.1550,23.5313,5.3750,2.3764,9.89,1.37
1718,709.5768,18.2206,22.2749,23.5314,5.3108,1.2565,12.90,1.56
1719,709.6369,18.1499,,23.5316,5.3817,,11.22,0.91
1720,709.6938,18.1794,,23.5317,5.3523,,11.16,0.96
1721,709.7570,18.2119,,23.5318,5.3199,,12.45,1.06
1722,709.8302,18.1302,19.1564,23.5320,5.4018,4.3756,14.94,1.89
1723,709.8928,18.1330,,23.5320,5.3990,,11.82,1.04
1724,709.9572,18.1623,,23.5321,5.3698,,18.83,1.03
1725,710.0183,18.1347,14.1287,23.5323,5.3977,9.4036,11.27,1.63
1726,710.0966,18.1374,,23.5324,5.3950,,17.58,0.97
1727,710.1643,18.1514,,23.5327,5.3813,,13.57,0.82
1728,710.2342,18.1875,,23.5330,5.3455,,17.97,1.75
1729,710.2991,18.1341,,23.5332,5.3990,,18.07,1.00
1730,710.3601,18.1435,,23.5333,5.3898,,16.45,1.11
1731,710.4385,18.1568,,23.5335,5.3768,,22.98,4.05
1732,710.5104,18.1695,,23.5336,5.3641,,14.22,1.13
1733,710.5736,18.1417,,23.5338,5.3921,,11.59,1.61
1734,710.6309,18.1546,,23.5339,5.3793,,10.46,1.37
1735,710.6980,18.2045,,23.5341,5.3296,,22.02,1.24
1736,710.7546,18.1501,,23.5341,5.3840,,14.34,1.01
1737,710.8181,18.1380,11.1569,23.5342,5.3962,12.3774,14.98,1.03
1738,710.8847,18.1558,,23.5344,5.3786,,16.15,1.60
1739,710.9501,18.1380,,23.5345,5.3964,,20.97,1.89
1740,711.0047,18.1516,11.1484,23.5345,5.3829,12.3861,11.73,0.91
1741,711.0641,18.1816,11.1056,23.5347,5.3531,12.4291,15.11,1.06
1742,711.1316,18.1166,,23.5350,5.4184,,11.94,1.60
1743,711.1910,18.1242,,23.5351,5.4109,,12.69,1.60
1744,711.2607,18.1650,,23.5352,5.3702,,16.38,1.09
1745,711.3267,18.1445,11.1115,23.5353,5.3908,12.4238,15.33,1.26
1746,711.3824,18.1290,,23.5354,5.4065,,10.79,1.29
1747,711.4508,18.1532,,23.5355,5.3823,,15.23,0.99
1748,711.5113,18.1420,11.1120,23.5356,5.3936,12.4236,11.48,1.02
1749,711.5794,18.1671,11.1013,23.5358,5.3687,12.4345,17.54,1.02
1750,711.6462,18.2024,,23.5359,5.3335,,16.88,1.19
1751,711.7086,18.1560,11.0880,23.5362,5.3802,12.4481,13.25,0.85
1752,711.7690,18.1623,16.0160,23.5364,5.3741,7.5204,11.90,1.72
1753,711.8226,18.1851,,23.5365,5.3515,,10.99,1.66
1754,711.8819,18.1299,,23.5365,5.4067,,10.70,1.74
1755,711.9527,18.1660,,23.5366,5.3706,,17.75,1.08
1756,712.0185,18.1582,9.3864,23.5370,5.3788,14.1506,15.34,0.87
1757,712.0877,18.1344,,23.5371,5.4027,,17.90,4.20
1758,712.1430,18.1359,,23.5372,5.4013,,10.98,1.49
1759,712.2155,18.1804,11.0726,23.5373,5.3569,12.4647,19.72,1.06
1760,712.2849,18.1606,,23.5374,5.3769,,15.71,1.53
1761,712.3545,18.1489,,23.5377,5.3888,,20.21,1.14
1762,712.4123,18.1695,11.0798,23.5377,5.3682,12.4579,13.81,1.09
1763,712.4856,18.1529,,23.5379,5.3850,,16.83,1.79
1764,712.5396,18.1404,,23.5381,5.3977,,10.13,1.58
1765,712.6024,18.1522,,23.5382,5.3861,,17.36,1.13
1766,712.6694,18.1709,9.5974,23.5384,5.3675,13.9410,15.56,1.11
1767,712.7369,18.1406,,23.5385,5.3979,,16.01,1.36
1768,712.8027,18.1435,11.1018,23.5387,5.3952,12.4368,11.13,1.23
1769,712.8592,18.1969,9.5309,23.5387,5.3418,14.0078,9.95,1.00
1770,712.9170,18.1435,15.7619,23.5389,5.3954,7.7770,10.49,1.49
1771,712.9849,18.1551,,23.5390,5.3839,,21.47,2.00
1772,713.0537,18.1384,11.1179,23.5391,5.4007,12.4212,10.77,1.22
1773,713.1134,18.1088,9.3535,23.5392,5.4304,14.1856,10.83,1.23
1774,713.1814,18.1137,,23.5394,5.4256,,20.45,1.70
1775,713.2399,18.1495,,23.5395,5.3901,,10.95,1.64
1776,713.3001,18.1356,,23.5395,5.4039,,10.11,1.02
1777,713.3607,18.1289,,23.5397,5.4108,,12.94,1.00
1778,713.4311,18.1427,,23.5399,5.3972,,16.57,1.68
1779,713.4984,18.1662,,23.5400,5.3738,,17.26,1.11
1780,713.5570,18.1629,9.4064,23.5400,5.3771,14.1336,10.86,0.94
1781,713.6124,18.1768,11.0963,23.5402,5.3635,12.4439,9.77,1.21
1782,713.6738,18.1463,,23.5406,5.3942,,12.16,1.59
1783,713.7313,18.1621,,23.5407,5.3786,,11.01,1.45
1784,713.7931,18.1857,,23.5407,5.3550,,13.93,1.39
1785,713.8714,18.1421,9.4182,23.5408,5.3987,14.1226,21.45,1.07
1786,713.9401,18.1375,,23.5408,5.4033,,18.10,1.24
1787,714.0068,18.1424,,23.5409,5.3985,,17.36,2.47
1788,714.0839,18.1723,,23.5412,5.3689,,16.83,1.41
1789,714.1419,18.1534,,23.5413,5.3879,,11.64,0.92
1790,714.1974,18.1628,,23.5414,5.3786,,10.89,1.18
1791,714.2555,18.1662,,23.5416,5.3754,,13.11,1.03
1792,714.3416,18.1484,,23.5417,5.3933,,22.61,1.77
1793,714.4089,18.1454,,23.5417,5.3963,,18.78,1.03
1794,714.4733,18.1570,,23.5420,5.3850,,11.66,1.69
1795,714.5379,18.1525,,23.5421,5.3896,,18.17,1.41
1796,714.6119,18.1487,,23.5424,5.3937,,19.87,2.61
1797,714.6735,18.1587,23.2033,23.5425,5.3837,0.3392,14.34,1.52
1798,714.7486,18.1564,,23.5427,5.3864,,17.30,0.97
1799,714.8170,18.1531,11.0571,23.5428,5.3896,12.4857,17.28,1.10
1800,714.8835,18.1457,,23.5428,5.3972,,12.18,1.79
1801,714.9512,18.1564,,23.5431,5.3866,,16.08,1.17
1802,715.0128,18.2019,11.0709,23.5432,5.3413,12.4723,10.22,1.24
1803,715.0943,18.1273,,23.5435,5.4162,,19.59,1.16
1804,715.1558,18.1338,11.0759,23.5435,5.4097,12.4677,11.39,1.00
1805,715.2208,18.1587,11.0859,23.5436,5.3848,12.4577,14.49,1.04
1806,715.2955,18.1638,,23.5436,5.3798,,15.64,1.00
1807,715.3552,18.1281,,23.5436,5.4155,,12.31,0.99
1808,715.4275,18.1492,,23.5440,5.3947,,21.08,1.97
1809,715.4811,18.1894,21.9520,23.5442,5.3547,1.5922,10.59,1.43
1810,715.5377,18.1463,,23.5441,5.3978,,12.71,2.02
1811,715.5983,18.1758,,23.5443,5.3685,,14.26,1.71
1812,715.6744,18.2155,22.5969,23.5444,5.3289,0.9475,18.13,1.79
1813,715.7384,18.1838,,23.5444,5.3606,,12.70,1.59
1814,715.8001,18.1461,,23.5447,5.3986,,16.65,1.10
1815,715.8682,18.1573,11.0763,23.5449,5.3876,12.4685,16.84,0.98
1816,715.9353,18.1727,,23.5450,5.3724,,16.11,1.61
1817,715.9941,18.1167,,23.5451,5.4284,,12.86,1.29
1818,716.0611,18.1242,,23.5453,5.4210,,13.09,1.00
1819,716.1278,18.1279,,23.5453,5.4174,,17.33,1.45
1820,716.1948,18.1666,,23.5456,5.3789,,16.98,0.98
1821,716.2674,18.1321,11.1011,23.5457,5.4136,12.4446,18.46,0.96
1822,716.3697,18.1412,11.2063,23.5459,5.4047,12.3396,30.49,3.15
1823,716.4481,18.1148,,23.5459,5.4311,,14.08,0.95
1824,716.5204,18.1378,11.2159,23.5462,5.4084,12.3303,17.29,0.97
1825,716.5973,18.1661,,23.5463,5.3802,,15.69,1.04
1826,716.6568,18.1370,,23.5465,5.4095,,14.14,1.11
1827,716.7313,18.1662,,23.5466,5.3804,,21.01,3.15
1828,716.7945,18.1826,,23.5466,5.3640,,15.22,1.06
1829,716.8731,18.1830,17.5383,23.5468,5.3638,6.0085,20.50,1.61
1830,716.9474,18.1403,,23.5470,5.4067,,18.74,0.84
1831,717.0138,18.1426,9.5145,23.5473,5.4047,14.0328,11.81,1.03
1832,717.0790,18.1556,9.5171,23.5475,5.3918,14.0303,11.20,1.51
1833,717.1410,18.1423,,23.5475,5.4052,,11.57,2.01
1834,717.2313,18.1460,,23.5478,5.4017,,11.45,1.48
1835,717.2889,18.1687,,23.5479,5.3792,,10.55,0.80
1836,717.3482,18.1656,,23.5481,5.3825,,13.93,0.96
1837,717.4068,18.1398,9.4773,23.5482,5.4084,14.0709,10.10,0.94
1838,717.4660,18.1395,11.1044,23.5483,5.4088,12.4439,10.75,1.04
1839,717.5248,18.1253,9.4460,23.5485,5.4231,14.1025,11.28,1.34
1840,717.5819,18.1575,,23.5485,5.3910,,12.64,1.99
1841,717.6533,18.1720,,23.5486,5.3766,,13.26,1.02
1842,717.7206,18.1951,9.4312,23.5486,5.3535,14.1174,14.04,1.16
1843,717.7950,18.1506,,23.5488,5.3982,,20.52,1.10
1844,717.8663,18.1585,,23.5491,5.3906,,20.62,2.08
1845,717.9330,18.1455,,23.5493,5.4038,,12.65,1.73
1846,718.0005,18.1296,,23.5492,5.4196,,14.98,2.11
1847,718.0637,18.1300,,23.5494,5.4194,,15.55,0.83
1848,718.1395,18.1381,,23.5496,5.4115,,21.82,1.72
1849,718.2068,18.1250,,23.5497,5.4247,,20.97,2.12
1850,718.2793,18.1286,19.1565,23.5499,5.4214,4.3934,16.72,1.73
1851,718.3433,18.1450,,23.5500,5.4050,,12.44,1.10
1852,718.4018,18.1710,,23.5502,5.3791,,18.41,1.49
1853,718.4716,18.1426,9.3729,23.5502,5.4076,14.1773,18.33,1.26
1854,718.5385,18.1650,,23.5504,5.3854,,20.00,1.46
1855,718.5981,18.1682,,23.5506,5.3824,,14.65,1.04
1856,718.6668,18.1327,11.0531,23.5508,5.4180,12.4977,15.64,0.94
1857,718.7282,18.1676,,23.5509,5.3833,,10.41,1.55
1858,718.7918,18.1584,,23.5510,5.3927,,14.96,1.35
1859,718.8537,18.1457,,23.5513,5.4056,,15.78,1.01
1860,718.9132,18.1690,9.4168,23.5512,5.3821,14.1344,10.83,1.29
1861,718.9775,18.1613,9.4825,23.5513,5.3900,14.0688,15.56,1.17
1862,719.0423,18.1503,,23.5515,5.4012,,16.58,1.30
1863,719.1109,18.1362,,23.5518,5.4156,,13.77,1.04
1864,719.1702,18.1827,9.5144,23.5519,5.3691,14.0375,13.31,1.19
1865,719.2310,18.1453,,23.5520,5.4066,,9.86,1.59
1866,719.2910,18.1658,,23.5522,5.3864,,11.99,0.84
1867,719.3594,18.1660,,23.5522,5.3863,,16.62,1.03
1868,719.4195,18.1478,9.5641,23.5523,5.4045,13.9882,15.08,0.95
1869,719.4824,18.1750,,23.5525,5.3775,,11.72,1.43
1870,719.5388,18.1738,,23.5526,5.3788,,12.26,2.37
1871,719.6009,18.1599,,23.5528,5.3929,,10.38,0.97
1872,719.6610,18.1749,,23.5528,5.3779,,10.68,1.02
1873,719.7182,18.1438,9.3837,23.5531,5.4093,14.1694,12.75,1.13
1874,719.7809,18.1527,,23.5532,5.4005,,13.04,1.77
1875,719.8343,18.1886,,23.5533,5.3648,,11.61,1.27
1876,719.9018,18.1388,,23.5535,5.4148,,14.16,0.99
1877,719.9637,18.1627,11.1097,23.5536,5.3909,12.4439,14.82,0.99
1878,720.0289,18.1394,20.1392,23.5537,5.4144,3.4146,12.09,1.72
1879,720.0926,18.1174,,23.5538,5.4364,,14.26,0.97
1880,720.1662,18.1417,11.1224,23.5539,5.4122,12.4315,21.87,1.16
1881,720.2228,18.1583,11.1293,23.5541,5.3958,12.4248,11.27,0.98
1882,720.2825,18.1274,,23.5542,5.4268,,10.97,1.64
1883,720.3499,18.1361,,23.5543,5.4182,,16.41,1.14
1884,720.4027,18.1668,,23.5543,5.3875,,10.90,1.04
1885,720.4649,18.1250,11.1012,23.5545,5.4295,12.4533,17.00,0.98
1886,720.5409,18.1312,,23.5548,5.4236,,16.51,1.71
1887,720.6070,18.1488,11.0979,23.5549,5.4061,12.4570,9.76,1.21
1888,720.6695,18.1787,9.4137,23.5551,5.3764,14.1414,13.39,0.97
1889,720.7364,18.1517,,23.5552,5.4035,,14.15,1.63
1890,720.7965,18.1824,,23.5552,5.3728,,16.44,1.00
1891,720.8554,18.1858,,23.5553,5.3695,,13.66,1.04
1892,720.9123,18.1421,9.5649,23.5554,5.4134,13.9905,11.18,1.05
1893,720.9778,18.1505,23.1340,23.5556,5.4050,0.4216,19.35,1.51
1894,721.0564,18.1866,11.0972,23.5558,5.3692,12.4586,12.41,1.05
1895,721.1335,18.1633,,23.5560,5.3928,,16.15,1.60
1896,721.2026,18.1298,,23.5562,5.4264,,21.00,0.89
1897,721.2627,18.1731,11.0703,23.5563,5.3831,12.4860,14.68,1.02
1898,721.3157,18.1658,11.0710,23.5563,5.3904,12.4852,10.99,1.20
1899,721.3809,18.1553,,23.5564,5.4011,,21.57,1.72
1900,721.4483,18.1878,,23.5566,5.3687,,20.27,0.97
1901,721.5179,18.1960,11.0745,23.5567,5.3607,12.4822,20.11,1.00
1902,721.6048,18.1848,,23.5568,5.3720,,22.27,1.07
1903,721.6719,18.1670,11.0737,23.5570,5.3901,12.4833,17.71,1.33
1904,721.7313,18.1622,,23.5573,5.3950,,9.76,1.32
1905,721.7962,18.2064,,23.5573,5.3510,,16.55,0.98
1906,721.8706,18.1514,11.0923,23.5575,5.4062,12.4652,19.63,1.26
1907,721.9402,18.1317,,23.5576,5.4259,,15.17,1.45
1908,722.0012,18.1478,,23.5578,5.4100,,9.85,0.98
1909,722.0712,18.1621,11.1068,23.5579,5.3957,12.4511,17.28,3.42
1910,722.1336,18.1503,,23.5580,5.4077,,14.14,1.76
1911,722.1925,18.1738,,23.5581,5.3843,,11.24,0.89
1912,722.2574,18.1362,,23.5583,5.4221,,19.10,1.03
1913,722.3219,18.1516,16.1184,23.5584,5.4069,7.4401,15.93,1.23
1914,722.3937,18.1714,,23.5585,5.3871,,17.72,1.39
1915,722.4546,18.1777,,23.5587,5.3810,,11.34,1.12
1916,722.5196,18.1459,11.0423,23.5589,5.4129,12.5165,16.12,1.02
1917,722.6030,18.1546,,23.5590,5.4044,,24.74,1.06
1918,722.6700,18.1681,11.0586,23.5592,5.3912,12.5007,15.47,1.22
1919,722.7292,18.1973,,23.5593,5.3620,,10.57,1.50
1920,722.7876,18.1566,,23.5595,5.4029,,11.05,1.46
1921,722.8512,18.1801,,23.5596,5.3796,,10.36,0.98
1922,722.9082,18.1678,11.0940,23.5599,5.3921,12.4658,11.06,0.93
1923,722.9652,18.1386,,23.5599,5.4213,,10.94,0.86
1924,723.0347,18.1693,,23.5601,5.3908,,16.82,1.83
1925,723.1019,18.1843,,23.5601,5.3758,,17.40,0.94
1926,723.1622,18.1478,9.4893,23.5601,5.4123,14.0709,10.12,1.06
1927,723.2322,18.1331,,23.5603,5.4272,,15.63,1.53
1928,723.2915,18.1735,,23.5606,5.3871,,10.49,1.08
1929,723.3590,18.1419,,23.5607,5.4187,,15.51,1.10
1930,723.4163,18.1441,9.4759,23.5608,5.4167,14.0849,14.66,1.12
1931,723.4822,18.1651,,23.5608,5.3957,,16.72,2.09
1932,723.5498,18.1396,,23.5610,5.4213,,16.55,0.86
1933,723.6194,18.1543,9.4808,23.5610,5.4067,14.0802,18.98,1.16
1934,723.6738,18.1649,9.4582,23.5613,5.3965,14.1031,11.83,1.15
1935,723.7358,18.1664,,23.5615,5.3951,,12.24,1.28
1936,723.7926,18.1663,,23.5616,5.3953,,13.54,1.41
1937,723.8651,18.1523,11.1068,23.5617,5.4093,12.4549,17.39,1.18
1938,723.9345,18.1256,,23.5618,5.4362,,18.66,1.58
1939,723.9966,18.1268,,23.5619,5.4351,,12.56,1.34
1940,724.0627,18.1838,,23.5620,5.3782,,17.66,1.09
1941,724.1249,18.1645,11.0937,23.5620,5.3975,12.4683,15.82,1.47
1942,724.1811,18.1417,,23.5620,5.4203,,10.30,1.60
1943,724.2376,18.1826,,23.5622,5.3796,,11.04,0.94
1944,724.2938,18.1440,,23.5622,5.4182,,11.36,1.46
1945,724.3547,18.1715,,23.5622,5.3907,,15.54,1.12
1946,724.4183,18.1697,9.5272,23.5622,5.3925,14.0351,13.27,1.49
1947,724.4766,18.1298,11.0868,23.5622,5.4325,12.4755,15.23,1.41
1948,724.5536,18.1743,11.0878,23.5625,5.3882,12.4747,18.95,0.95
1949,724.6253,18.1656,11.0931,23.5626,5.3970,12.4695,16.82,1.28
1950,724.7050,18.1568,,23.5628,5.4060,,24.89,1.21
1951,724.7650,18.1556,11.0865,23.5628,5.4072,12.4763,10.08,1.23
1952,724.8232,18.1871,11.0861,23.5630,5.3759,12.4769,11.42,1.09
1953,724.8863,18.1486,,23.5632,5.4146,,17.51,1.59
1954,724.9522,18.1515,,23.5633,5.4118,,14.82,1.11
1955,725.0325,18.1415,20.1191,23.5633,5.4218,3.4443,23.27,3.71
1956,725.1089,18.1757,,23.5635,5.3879,,16.75,2.31
1957,725.1819,18.1543,,23.5637,5.4093,,12.57,1.52
1958,725.2510,18.1707,,23.5639,5.3932,,14.70,1.08
1959,725.3235,18.1401,19.5320,23.5640,5.4240,4.0320,18.83,2.26
1960,725.3863,18.1826,,23.5641,5.3816,,17.45,1.75
1961,725.4505,18.1671,,23.5641,5.3970,,11.82,1.05
1962,725.5218,18.1331,9.6097,23.5643,5.4312,13.9546,21.24,1.03
1963,725.5879,18.1727,,23.5645,5.3918,,13.26,1.69
1964,725.6483,18.1916,,23.5646,5.3730,,15.23,1.00
1965,725.7146,18.1969,11.1004,23.5647,5.3679,12.4643,18.59,0.90
1966,725.7852,18.1525,,23.5649,5.4124,,19.66,2.04
1967,725.8445,18.1841,,23.5650,5.3808,,17.70,0.93
1968,725.9207,18.1559,9.3378,23.5652,5.4093,14.2274,16.59,1.23
1969,725.9817,18.1495,,23.5654,5.4159,,9.98,1.54
1970,726.0496,18.1347,,23.5655,5.4308,,16.41,1.13
1971,726.1144,18.1660,11.1218,23.5655,5.3995,12.4437,18.72,1.21
1972,726.1794,18.1978,,23.5657,5.3679,,12.56,1.52
1973,726.2402,18.1390,,23.5658,5.4268,,15.13,1.46
1974,726.3048,18.1267,,23.5660,5.4393,,15.16,0.83
1975,726.3722,18.1920,9.3591,23.5661,5.3740,14.2070,16.87,1.50
1976,726.4247,18.1472,,23.5662,5.4190,,11.05,1.55
1977,726.4883,18.1678,,23.5664,5.3986,,18.02,0.95
1978,726.5455,18.1761,,23.5665,5.3904,,9.99,1.09
1979,726.6096,18.1447,11.0840,23.5666,5.4219,12.4826,14.41,0.85
1980,726.6662,18.1520,11.0876,23.5667,5.4147,12.4791,9.76,1.24
1981,726.7343,18.1813,,23.5668,5.3856,,14.23,1.69
1982,726.8032,18.1568,,23.5669,5.4101,,18.11,2.30
1983,726.8761,18.1760,9.4825,23.5671,5.3911,14.0845,20.97,1.40
1984,726.9434,18.1839,,23.5672,5.3833,,15.21,1.32
1985,727.0148,18.1336,11.0989,23.5674,5.4338,12.4685,17.42,0.99
1986,727.0909,18.1232,,23.5674,5.4442,,19.75,1.32
1987,727.1575,18.1291,,23.5676,5.4385,,14.66,1.02
1988,727.2295,18.1535,19.8428,23.5677,5.4142,3.7249,14.34,1.31
1989,727.2914,18.1339,,23.5679,5.4340,,11.99,1.12
1990,727.3594,18.1240,,23.5680,5.4441,,19.01,1.13
1991,727.4294,18.1590,13.9837,23.5681,5.4091,9.5845,13.48,1.41
1992,727.4905,18.1703,,23.5684,5.3980,,12.41,1.61
1993,727.5545,18.1600,,23.5684,5.4085,,14.47,0.91
1994,727.6223,18.1716,11.0772,23.5686,5.3970,12.4914,19.89,2.71
1995,727.6924,18.1980,,23.5686,5.3706,,15.91,1.23
1996,727.7724,18.1824,9.3684,23.5688,5.3864,14.2004,17.02,1.27
1997,727.8381,18.1502,,23.5688,5.4187,,13.53,2.94
1998,727.9061,18.1567,,23.5691,5.4123,,17.47,0.92
1999,727.9749,18.1695,9.2880,23.5692,5.3997,14.2812,18.04,1.36
2000,728.0457,18.1152,,23.5693,5.4541,,18.15,1.09
2001,728.1098,18.1447,9.7901,23.5695,5.4248,13.7794,11.48,0.87
2002,728.1815,18.1457,21.1285,23.5696,5.4239,2.4411,20.23,2.13
2003,728.2432,18.1230,,23.5696,5.4466,,10.41,0.96
2004,728.3201,18.1422,10.1656,23.5697,5.4275,13.4041,15.47,1.13
2005,728.3865,18.1701,,23.5698,5.3997,,18.42,1.73
2006,728.4545,18.1884,,23.5699,5.3814,,18.38,0.92
2007,728.5231,18.1305,10.7961,23.5701,5.4396,12.7740,17.59,1.45
2008,728.5955,18.1308,,23.5703,5.4395,,22.96,1.27
2009,728.6919,18.1527,11.0914,23.5704,5.4177,12.4790,18.18,2.27
2010,728.7605,18.1754,,23.5705,5.3951,,14.68,1.05
2011,728.8255,18.1674,19.2154,23.5706,5.4032,4.3552,16.86,1.59
2012,728.8898,18.1564,,23.5707,5.4143,,13.53,1.59
2013,728.9675,18.1536,9.6846,23.5709,5.4174,13.8864,16.74,1.04
2014,729.0214,18.1963,9.4999,23.5711,5.3748,14.0712,13.60,0.98
2015,729.0827,18.1527,,23.5713,5.4187,,12.18,1.46
2016,729.1395,18.1746,,23.5714,5.3969,,16.29,1.62
2017,729.2109,18.1823,,23.5718,5.3894,,16.64,1.08
2018,729.2746,18.1458,11.1297,23.5719,5.4261,12.4422,18.99,1.40
2019,729.3357,18.1416,,23.5721,5.4305,,13.32,1.60
2020,729.3946,18.1832,,23.5722,5.3890,,9.70,0.97
2021,729.4528,18.1460,,23.5724,5.4263,,14.28,1.02
2022,729.5195,18.1681,11.0870,23.5727,5.4047,12.4857,15.38,1.22
2023,729.5821,18.1806,,23.5730,5.3924,,19.31,4.39
2024,729.6507,18.1500,,23.5730,5.4230,,15.06,1.25
2025,729.7194,18.1681,9.3252,23.5730,5.4049,14.2479,21.06,1.85
2026,729.7945,18.1734,,23.5729,5.3995,,17.27,1.52
2027,729.8516,18.1383,,23.5731,5.4347,,11.35,1.04
2028,729.9098,18.1438,,23.5734,5.4296,,10.66,1.12
2029,729.9786,18.1429,11.0924,23.5735,5.4306,12.4812,15.92,1.32
2030,730.0348,18.1220,,23.5736,5.4516,,10.02,1.14
2031,730.0992,18.1385,,23.5737,5.4352,,18.34,0.99
2032,730.1666,18.1558,11.0784,23.5739,5.4181,12.4955,15.61,1.02
2033,730.2351,18.1461,,23.5742,5.4280,,19.23,1.89
2034,730.3030,18.1220,,23.5743,5.4523,,21.26,0.96
2035,730.3700,18.1451,9.3604,23.5745,5.4295,14.2142,18.75,1.03
2036,730.4315,18.1389,,23.5747,5.4358,,10.54,1.41
2037,730.4904,18.1320,,23.5748,5.4428,,13.08,1.45
2038,730.5577,18.1269,,23.5750,5.4481,,12.47,1.18
2039,730.6179,18.1437,9.5229,23.5751,5.4314,14.0522,14.41,0.96
2040,730.6790,18.1317,9.4618,23.5752,5.4435,14.1134,9.74,1.51
2041,730.7474,18.1492,,23.5753,5.4261,,16.24,2.02
2042,730.8151,18.1719,11.0935,23.5753,5.4035,12.4819,13.70,2.34
2043,730.8941,18.1775,,23.5756,5.3981,,20.01,2.39
2044,730.9510,18.1340,,23.5759,5.4419,,10.85,1.00
2045,731.0169,18.1545,11.0952,23.5760,5.4214,12.4808,20.18,0.97
2046,731.1027,18.1368,,23.5760,5.4392,,15.33,1.16
2047,731.1685,18.1527,11.0982,23.5762,5.4235,12.4780,18.33,0.93
2048,731.2354,18.1300,,23.5764,5.4464,,15.35,1.66
2049,731.2948,18.1316,,23.5764,5.4448,,12.14,1.72
2050,731.3650,18.1644,11.0999,23.5765,5.4121,12.4767,19.86,1.39
2051,731.4317,18.1589,,23.5766,5.4177,,10.81,1.44
2052,731.4941,18.1435,,23.5768,5.4333,,14.92,1.16
2053,731.5589,18.1609,,23.5768,5.4159,,16.61,1.09
2054,731.6292,18.1801,,23.5771,5.3969,,11.97,1.60
2055,731.6884,18.1329,,23.5772,5.4443,,12.38,1.46
2056,731.7576,18.1761,,23.5773,5.4013,,17.84,1.28
2057,731.8217,18.1700,11.0817,23.5774,5.4074,12.4957,19.09,1.10
2058,731.8863,18.1297,,23.5775,5.4478,,17.21,1.66
2059,731.9550,18.1618,,23.5775,5.4157,,16.82,1.19
2060,732.0226,18.1487,11.3003,23.5778,5.4291,12.2775,17.98,1.28
2061,732.0907,18.1326,,23.5780,5.4455,,13.73,1.25
2062,732.1561,18.1411,,23.5781,5.4370,,17.63,1.05
2063,732.2291,18.1507,,23.5784,5.4277,,16.96,1.55
2064,732.2873,18.1664,,23.5784,5.4119,,11.11,0.95
2065,732.3413,18.1208,,23.5785,5.4576,,12.17,1.37
2066,732.4115,18.1593,,23.5786,5.4192,,18.14,1.15
2067,732.4816,18.1596,,23.5787,5.4191,,16.30,1.65
2068,732.5536,18.1382,,23.5790,5.4408,,22.41,1.23
2069,732.6174,18.1482,9.2613,23.5792,5.4310,14.3180,18.04,1.07
2070,732.6785,18.1789,,23.5794,5.4004,,10.38,1.64
2071,732.7485,18.1792,,23.5795,5.4003,,15.66,1.81
2072,732.8269,18.1437,11.0898,23.5797,5.4360,12.4899,19.04,1.54
2073,732.9046,18.1331,,23.5798,5.4467,,16.85,1.58
2074,732.9698,18.1495,11.0908,23.5800,5.4305,12.4892,13.67,0.82
2075,733.0401,18.1833,,23.5802,5.3969,,17.26,1.50
2076,733.1053,18.1342,,23.5802,5.4460,,15.66,0.94
2077,733.1742,18.1427,21.1952,23.5803,5.4376,2.3851,13.57,2.07
2078,733.2351,18.1331,,23.5804,5.4473,,11.09,1.14
2079,733.2905,18.1162,,23.5804,5.4642,,10.21,0.91
2080,733.3483,18.1312,,23.5805,5.4493,,14.41,1.09
2081,733.4246,18.1844,,23.5806,5.3962,,24.91,2.51
2082,733.4916,18.1189,,23.5807,5.4618,,18.47,1.26
2083,733.5606,18.1641,,23.5809,5.4168,,15.64,1.11
2084,733.6260,18.1778,9.4801,23.5810,5.4032,14.1009,15.93,1.76
2085,733.6933,18.2044,,23.5813,5.3769,,15.84,0.95
2086,733.7618,18.1750,,23.5815,5.4065,,16.83,0.99
2087,733.8355,18.1460,,23.5817,5.4357,,19.27,1.91
2088,733.9002,18.1705,,23.5819,5.4113,,15.59,1.15
2089,733.9652,18.1692,11.1065,23.5819,5.4127,12.4754,16.69,0.86
2090,734.0350,18.1325,,23.5821,5.4496,,17.83,1.72
2091,734.0936,18.1591,,23.5823,5.4232,,12.83,0.99
2092,734.1615,18.1706,,23.5825,5.4119,,15.66,1.22
2093,734.2275,18.1191,25.2691,23.5826,5.4635,1.6864,17.76,1.53
2094,734.2919,18.1424,,23.5827,5.4403,,13.78,0.92
2095,734.3471,18.1879,,23.5828,5.3949,,9.86,1.09
2096,734.4092,18.1357,,23.5829,5.4472,,16.60,1.10
2097,734.4812,18.1384,,23.5830,5.4446,,17.46,1.80
2098,734.5446,18.1867,,23.5831,5.3965,,17.66,0.96
2099,734.6113,18.1686,,23.5832,5.4146,,13.36,1.03
2100,734.6833,18.1411,17.8957,23.5833,5.4422,5.6877,22.04,2.01
2101,734.7495,18.1755,,23.5835,5.4080,,18.64,0.99
2102,734.8172,18.1883,11.1003,23.5837,5.3954,12.4833,14.85,0.96
2103,734.8705,18.1349,11.0949,23.5838,5.4489,12.4889,12.51,1.25
2104,734.9442,18.1500,,23.5840,5.4339,,16.34,1.01
2105,735.0058,18.1554,,23.5840,5.4286,,17.83,1.07
2106,735.0678,18.1424,11.0871,23.5842,5.4418,12.4971,14.21,1.03
2107,735.1354,18.1548,,23.5844,5.4295,,17.20,1.71
2108,735.2054,18.1808,,23.5845,5.4037,,18.61,1.16
2109,735.2644,18.1187,,23.5847,5.4660,,10.24,1.01
2110,735.3326,18.1244,,23.5849,5.4605,,18.98,1.71
2111,735.3940,18.1357,,23.5850,5.4493,,13.91,1.66
2112,735.4558,18.1210,,23.5851,5.4641,,11.07,0.97
2113,735.5250,18.1385,9.4184,23.5853,5.4468,14.1668,21.14,1.22
2114,735.5889,18.1756,,23.5854,5.4099,,12.14,1.46
2115,735.6612,18.1978,,23.5855,5.3877,,13.01,1.20
2116,735.7231,18.1470,11.0895,23.5857,5.4387,12.4962,10.74,1.11
2117,735.7869,18.1640,,23.5858,5.4218,,14.37,1.94
2118,735.8407,18.1633,,23.5858,5.4225,,9.74,1.78
2119,735.9080,18.1327,,23.5859,5.4531,,16.12,0.98
2120,735.9777,18.1658,9.3174,23.5861,5.4204,14.2687,18.10,1.97
2121,736.0465,18.1330,,23.5863,5.4533,,15.30,1.33
2122,736.1067,18.1103,11.0795,23.5863,5.4760,12.5068,10.22,0.99
2123,736.1724,18.1221,10.3091,23.5866,5.4646,13.2775,17.17,1.14
2124,736.2425,18.1366,,23.5868,5.4502,,19.84,1.18
2125,736.3200,18.1860,10.7071,23.5868,5.4008,12.8797,20.81,0.99
2126,736.3794,18.1344,,23.5868,5.4524,,11.67,1.33
2127,736.4404,18.1456,,23.5871,5.4415,,13.27,1.48
2128,736.5088,18.1412,,23.5873,5.4461,,14.40,1.11
2129,736.5898,18.1194,,23.5875,5.4681,,21.27,4.36
2130,736.6512,18.1503,,23.5876,5.4372,,11.32,0.88
2131,736.7211,18.1462,11.0780,23.5877,5.4415,12.5098,15.45,0.95
2132,736.7884,18.1576,,23.5879,5.4303,,15.64,1.61
2133,736.8566,18.1472,,23.5880,5.4408,,19.27,1.23
2134,736.9408,18.1382,,23.5884,5.4503,,19.53,1.05
2135,737.0036,18.1426,,23.5884,5.4458,,21.74,2.61
2136,737.0770,18.1552,,23.5885,5.4334,,11.83,1.77
2137,737.1379,18.1826,,23.5886,5.4060,,12.24,1.56
2138,737.1970,18.1281,,23.5887,5.4607,,14.99,0.85
2139,737.2642,18.1317,,23.5888,5.4571,,14.62,0.98
2140,737.3316,18.1450,21.0212,23.5890,5.4440,2.5678,14.90,2.63
2141,737.3920,18.1809,,23.5891,5.4083,,13.06,1.37
2142,737.4574,18.1349,,23.5892,5.4543,,15.28,0.97
2143,737.5197,18.1710,9.4733,23.5895,5.4185,14.1162,14.05,1.27
2144,737.5720,18.1484,9.4785,23.5895,5.4411,14.1110,10.28,1.00
2145,737.6357,18.1492,,23.5896,5.4404,,15.12,1.63
2146,737.7041,18.1864,,23.5898,5.4033,,17.33,1.16
2147,737.7731,18.1584,9.4804,23.5899,5.4315,14.1095,17.37,1.29
2148,737.8351,18.1420,,23.5902,5.4482,,13.66,1.58
2149,737.8994,18.1691,,23.5905,5.4214,,20.05,2.28
2150,737.9655,18.1533,,23.5907,5.4374,,17.02,1.19
2151,738.0363,18.1478,,23.5906,5.4428,,21.62,1.46
2152,738.1029,18.1519,,23.5908,5.4388,,12.70,1.49
2153,738.1668,18.1497,9.4170,23.5909,5.4411,14.1739,14.06,1.17
2154,738.2230,18.1340,12.3426,23.5908,5.4568,11.2482,14.47,1.81
2155,738.2981,18.1323,,23.5911,5.4588,,19.63,1.42
2156,738.3583,18.1586,,23.5912,5.4327,,16.42,1.01
2157,738.4295,18.1524,,23.5915,5.4390,,16.13,1.57
2158,738.4991,18.1287,,23.5915,5.4628,,19.40,1.20
2159,738.5653,18.1335,,23.5916,5.4581,,14.11,1.00
2160,738.6315,18.1441,20.9003,23.5916,5.4475,2.6913,14.68,1.56
2161,738.6976,18.1649,,23.5919,5.4270,,12.22,1.03
2162,738.7680,18.1507,9.5616,23.5920,5.4412,14.0304,15.23,1.09
2163,738.8476,18.1507,,23.5922,5.4415,,18.71,0.93
2164,738.9147,18.1518,11.1142,23.5924,5.4406,12.4782,14.22,0.94
2165,738.9712,18.1285,20.6548,23.5926,5.4641,2.9378,10.39,1.55
2166,739.0385,18.1555,,23.5926,5.4371,,19.06,1.46
2167,739.1070,18.1744,,23.5926,5.4182,,14.86,0.95
2168,739.1778,18.1675,9.3409,23.5930,5.4255,14.2521,20.15,2.79
2169,739.2523,18.1416,,23.5930,5.4514,,22.73,1.93
2170,739.3119,18.1426,,23.5932,5.4506,,14.80,1.18
2171,739.3850,18.1693,20.7554,23.5933,5.4240,2.8379,18.89,1.63
2172,739.4520,18.1796,,23.5933,5.4137,,18.96,1.06
2173,739.5216,18.1454,11.0910,23.5935,5.4481,12.5026,20.15,1.10
2174,739.5891,18.1446,,23.5938,5.4492,,18.05,1.43
2175,739.6548,18.1754,,23.5939,5.4185,,14.69,0.94
2176,739.7280,18.1782,20.1360,23.5940,5.4158,3.4580,22.36,2.21
2177,739.7873,18.1482,,23.5940,5.4459,,15.88,1.69
2178,739.8474,18.1584,,23.5943,5.4359,,13.68,1.03
2179,739.9029,18.1353,,23.5945,5.4592,,10.80,1.11
2180,739.9744,18.1366,11.1100,23.5947,5.4581,12.4847,17.61,1.29
2181,740.0462,18.1570,,23.5948,5.4379,,15.27,1.33
2182,740.1083,18.1527,,23.5950,5.4423,,10.89,1.09
2183,740.1822,18.1441,20.9833,23.5951,5.4510,2.6119,17.03,1.56
2184,740.2587,18.1324,11.1304,23.5953,5.4629,12.4648,19.88,0.91
2185,740.3223,18.1535,11.0984,23.5954,5.4419,12.4969,21.14,2.21
2186,740.3819,18.1408,,23.5954,5.4545,,10.60,1.44
2187,740.4453,18.1369,,23.5955,5.4586,,18.65,1.01
2188,740.5125,18.1596,11.1022,23.5956,5.4359,12.4934,17.11,1.39
2189,740.5786,18.1593,,23.5959,5.4366,,14.57,1.53
2190,740.6395,18.1569,,23.5959,5.4391,,10.15,1.76
2191,740.6954,18.1648,,23.5960,5.4312,,10.13,1.14
2192,740.7570,18.1765,11.0993,23.5962,5.4197,12.4969,15.47,1.40
2193,740.8282,18.1529,,23.5964,5.4435,,12.73,1.13
2194,740.8951,18.1319,,23.5964,5.4645,,14.15,1.10
2195,740.9664,18.1481,11.1047,23.5966,5.4485,12.4918,17.89,1.12
2196,741.0278,18.1170,11.1015,23.5968,5.4798,12.4954,14.27,1.26
2197,741.0968,18.1231,,23.5968,5.4737,,18.53,0.93
2198,741.1680,18.1461,10.7186,23.5968,5.4507,12.8782,18.98,0.97
2199,741.2713,18.1592,10.3908,23.5970,5.4378,13.2062,25.16,1.35
2200,741.3356,18.1604,,23.5971,5.4367,,11.11,1.38
2201,741.3974,18.1459,,23.5974,5.4515,,12.22,0.93
2202,741.4724,18.1585,11.0731,23.5977,5.4392,12.5246,19.86,1.27
2203,741.5468,18.1908,,23.5978,5.4069,,20.81,2.87
2204,741.6112,18.1486,,23.5978,5.4493,,17.73,1.56
2205,741.6800,18.1453,14.4088,23.5981,5.4528,9.1893,20.17,1.65
2206,741.7406,18.1789,,23.5982,5.4192,,11.49,1.00
2207,741.8153,18.1575,9.4481,23.5984,5.4409,14.1503,22.76,1.03
2208,741.8969,18.1647,,23.5986,5.4339,,16.71,1.29
2209,741.9602,18.1350,11.0870,23.5987,5.4637,12.5117,11.62,0.95
2210,742.0210,18.1435,13.1986,23.5988,5.4553,10.4002,14.13,1.55
2211,742.0789,18.1351,,23.5988,5.4637,,9.72,1.56
2212,742.1419,18.1157,,23.5991,5.4833,,18.21,1.25
2213,742.2015,18.1421,,23.5992,5.4572,,11.65,1.12
2214,742.2688,18.1571,9.3797,23.5993,5.4423,14.2197,18.16,0.87
2215,742.3499,18.1294,,23.5994,5.4701,,15.76,1.64
2216,742.4272,18.1310,23.9582,23.5996,5.4686,0.3586,19.83,2.33
2217,742.4847,18.1382,,23.5998,5.4616,,14.92,1.77
2218,742.5594,18.1365,,23.5997,5.4632,,14.21,1.29
2219,742.6261,18.1086,23.6132,23.5998,5.4911,0.0135,17.56,1.41
2220,742.6842,18.1467,,23.6000,5.4532,,10.29,1.07
2221,742.7478,18.1682,,23.6003,5.4321,,19.22,0.96
2222,742.8371,18.1598,,23.6005,5.4407,,22.35,1.09
2223,742.8929,18.1458,,23.6007,5.4549,,10.04,1.09
2224,742.9491,18.1537,,23.6010,5.4472,,9.90,1.19
2225,743.0133,18.1793,,23.6011,5.4218,,13.12,0.94
2226,743.0903,18.1283,,23.6014,5.4731,,17.15,1.55
2227,743.1510,18.1319,,23.6015,5.4696,,11.29,1.00
2228,743.2159,18.1566,11.0845,23.6015,5.4449,12.5170,14.02,1.39
2229,743.2694,18.1126,11.1262,23.6017,5.4891,12.4754,10.65,0.95
2230,743.3316,18.1361,,23.6017,5.4656,,10.26,2.01
2231,743.3920,18.1481,,23.6019,5.4538,,10.36,0.94
2232,743.4729,18.1762,11.1328,23.6020,5.4258,12.4692,28.02,1.33
2233,743.5310,18.1491,,23.6021,5.4530,,10.02,1.39
2234,743.5887,18.1711,,23.6022,5.4310,,10.84,0.79
2235,743.6517,18.2001,,23.6022,5.4020,,12.89,1.12
2236,743.7100,18.1575,9.8296,23.6022,5.4448,13.7726,10.53,0.82
2237,743.7778,18.1820,11.1046,23.6025,5.4205,12.4979,22.41,0.86
2238,743.8475,18.1480,,23.6026,5.4546,,18.34,1.14
2239,743.9175,18.1399,9.7821,23.6028,5.4629,13.8207,15.33,1.13
2240,743.9795,18.1597,,23.6030,5.4434,,13.40,1.73
2241,744.0492,18.1459,,23.6031,5.4572,,18.61,1.10
2242,744.1043,18.1385,,23.6033,5.4647,,11.03,0.98
2243,744.1696,18.1542,11.1057,23.6034,5.4492,12.4977,18.69,0.97
2244,744.2368,18.1493,,23.6035,5.4543,,18.01,1.46
2245,744.3109,18.1340,11.1144,23.6037,5.4697,12.4893,14.75,0.92
2246,744.3738,18.1302,,23.6039,5.4737,,10.28,1.83
2247,744.4341,18.1615,,23.6041,5.4426,,13.66,1.57
2248,744.4875,18.1346,,23.6042,5.4697,,11.17,1.81
2249,744.5496,18.1265,,23.6043,5.4778,,13.59,0.84
2250,744.6023,18.1576,,23.6043,5.4467,,12.69,0.93
2251,744.6726,18.1287,11.0997,23.6045,5.4758,12.5047,14.14,1.55
2252,744.7414,18.1553,,23.6046,5.4493,,16.69,1.71
2253,744.8115,18.1781,11.1138,23.6048,5.4266,12.4910,16.12,1.11
2254,744.8681,18.1407,9.4471,23.6049,5.4642,14.1577,12.75,1.36
2255,744.9244,18.1468,11.1100,23.6050,5.4582,12.4950,12.06,1.06
2256,744.9862,18.1515,22.3903,23.6051,5.4535,1.2147,9.74,2.04
2257,745.0569,18.1346,11.1005,23.6053,5.4707,12.5048,21.15,0.89
2258,745.1291,18.1390,22.6452,23.6054,5.4664,0.9602,22.24,1.78
2259,745.1924,18.1475,,23.6055,5.4579,,14.44,1.26
2260,745.2511,18.1070,,23.6058,5.4989,,11.57,1.14
2261,745.3187,18.1332,9.5573,23.6058,5.4726,14.0485,18.55,1.11
2262,745.3880,18.1519,,23.6061,5.4542,,13.54,1.67
2263,745.4540,18.1697,,23.6061,5.4365,,18.38,1.13
2264,745.5057,18.1492,,23.6062,5.4570,,12.66,0.97
2265,745.5866,18.1544,9.2817,23.6062,5.4518,14.3245,20.97,1.89
2266,745.6522,18.1688,,23.6062,5.4375,,10.35,0.99
2267,745.7321,18.1501,20.5679,23.6065,5.4565,3.0386,19.50,1.82
2268,745.7930,18.1522,,23.6068,5.4546,,14.47,1.36
2269,745.8585,18.1825,,23.6070,5.4245,,19.91,1.23
2270,745.9297,18.1119,20.7857,23.6073,5.4954,2.8216,19.78,1.65
2271,745.9993,18.1389,,23.6074,5.4685,,18.03,0.92
2272,746.0686,18.1590,11.0852,23.6076,5.4486,12.5224,20.13,0.80
2273,746.1363,18.1604,,23.6078,5.4474,,16.30,2.07
2274,746.2047,18.1242,,23.6078,5.4836,,16.50,0.89
2275,746.2635,18.1334,11.1001,23.6079,5.4745,12.5077,10.18,1.13
2276,746.3325,18.1397,,23.6081,5.4683,,18.71,1.86
2277,746.3908,18.1722,,23.6083,5.4361,,13.54,1.68
2278,746.4497,18.1339,,23.6084,5.4744,,10.87,1.02
2279,746.5075,18.1508,11.1282,23.6086,5.4578,12.4804,10.01,0.94
2280,746.5803,18.1735,,23.6087,5.4352,,18.13,1.75
2281,746.6451,18.1565,,23.6088,5.4523,,10.36,1.03
2282,746.6985,18.1648,,23.6088,5.4440,,9.91,1.28
2283,746.7682,18.1854,11.2645,23.6089,5.4235,12.3444,19.80,0.88
2284,746.8406,18.1341,,23.6090,5.4750,,16.78,0.99
2285,746.9064,18.1288,,23.6091,5.4803,,16.73,1.21
2286,746.9770,18.1365,22.4630,23.6092,5.4727,1.1462,18.63,1.26
2287,747.0669,18.1683,,23.6095,5.4412,,20.74,1.10
2288,747.1359,18.1195,,23.6095,5.4900,,20.26,1.03
2289,747.2076,18.1419,,23.6096,5.4677,,15.34,1.14
2290,747.2760,18.1628,11.0693,23.6099,5.4471,12.5406,17.61,1.43
2291,747.3412,18.1650,,23.6100,5.4451,,17.72,1.28
2292,747.4049,18.1413,,23.6102,5.4689,,11.92,0.97
2293,747.4667,18.1424,11.0696,23.6103,5.4680,12.5407,16.42,1.14
2294,747.5457,18.1587,,23.6105,5.4517,,22.35,1.14
2295,747.6179,18.1917,11.0832,23.6105,5.4188,12.5273,17.47,2.21
2296,747.6891,18.1547,,23.6107,5.4561,,20.49,3.39
2297,747.7506,18.1535,,23.6108,5.4574,,10.20,0.98
2298,747.8123,18.1622,11.0928,23.6110,5.4488,12.5182,14.23,0.94
2299,747.8729,18.1205,11.1044,23.6110,5.4906,12.5066,15.22,2.75
2300,747.9397,18.1205,,23.6112,5.4907,,13.47,1.50
2301,748.0079,18.1551,,23.6113,5.4562,,18.57,1.21
2302,748.0709,18.1602,20.8940,23.6114,5.4513,2.7174,10.14,1.59
2303,748.1406,18.1378,,23.6116,5.4739,,19.11,1.37
2304,748.2074,18.1321,,23.6117,5.4796,,14.52,1.11
2305,748.2773,18.1656,11.1082,23.6118,5.4462,12.5037,16.64,1.28
2306,748.3539,18.1583,,23.6118,5.4536,,16.32,1.09
2307,748.4272,18.1518,9.2667,23.6122,5.4603,14.3454,19.79,1.08
2308,748.4934,18.1388,,23.6122,5.4735,,19.05,1.34
2309,748.5643,18.1310,,23.6124,5.4815,,16.83,1.07
2310,748.6398,18.1477,,23.6126,5.4649,,11.32,1.18
2311,748.6955,18.1525,,23.6127,5.4602,,11.05,1.06
2312,748.7501,18.1402,,23.6128,5.4725,,9.78,1.02
2313,748.8234,18.1635,9.3323,23.6130,5.4495,14.2807,18.74,1.40
2314,748.8837,18.1406,,23.6131,5.4725,,17.98,1.79
2315,748.9555,18.1395,,23.6133,5.4739,,18.45,0.92
2316,749.0145,18.1464,,23.6133,5.4670,,11.01,1.11
2317,749.0730,18.1542,,23.6134,5.4592,,10.19,1.60
2318,749.1397,18.1423,,23.6137,5.4713,,18.71,1.70
2319,749.2066,18.1496,,23.6138,5.4642,,19.01,1.06
2320,749.2739,18.1742,12.4817,23.6140,5.4398,11.1324,15.29,1.23
2321,749.3443,18.1559,,23.6142,5.4583,,16.13,1.41
2322,749.4116,18.1456,28.2043,23.6144,5.4688,4.5900,18.34,1.20
2323,749.4794,18.1390,,23.6145,5.4755,,15.22,1.61
2324,749.5500,18.1861,,23.6146,5.4285,,20.73,1.02
2325,749.6093,18.1380,9.4612,23.6148,5.4768,14.1536,11.84,1.01
2326,749.6728,18.1540,11.0938,23.6149,5.4610,12.5211,13.85,1.12
2327,749.7430,18.1653,,23.6149,5.4496,,17.98,1.39
2328,749.8034,18.1775,,23.6151,5.4375,,11.55,1.07
2329,749.8657,18.1362,9.4313,23.6152,5.4790,14.1838,14.59,1.20
2330,749.9259,18.1537,9.4713,23.6154,5.4617,14.1440,16.73,1.36
2331,749.9936,18.1537,,23.6155,5.4618,,15.37,0.82
2332,750.0551,18.1318,,23.6155,5.4837,,17.88,1.20
2333,750.1180,18.1508,11.1144,23.6157,5.4649,12.5013,13.85,1.11
2334,750.1756,18.1788,,23.6159,5.4372,,10.44,1.70
2335,750.2412,18.1267,,23.6161,5.4894,,18.21,1.37
2336,750.3031,18.1487,,23.6162,5.4674,,20.82,1.09
2337,750.3772,18.1539,,23.6163,5.4624,,19.50,1.75
2338,750.4417,18.1237,,23.6164,5.4927,,23.71,3.13
2339,750.5054,18.1395,11.1833,23.6165,5.4770,12.4333,12.11,1.16
2340,750.5789,18.1525,9.8255,23.6169,5.4644,13.7914,19.14,1.14
2341,750.6480,18.1272,,23.6170,5.4898,,16.02,0.99
2342,750.7151,18.1528,11.1394,23.6172,5.4643,12.4778,12.50,1.01
2343,750.7933,18.1539,,23.6173,5.4634,,22.52,1.44
2344,750.8518,18.1910,,23.6174,5.4264,,9.62,0.92
2345,750.9211,18.1406,9.5496,23.6176,5.4770,14.0679,17.13,1.13
2346,750.9769,18.1514,11.1064,23.6175,5.4661,12.5111,13.55,1.21
2347,751.0410,18.1631,,23.6176,5.4545,,16.32,1.35
2348,751.1011,18.1290,,23.6178,5.4888,,16.54,0.85
2349,751.1718,18.1241,11.1117,23.6180,5.4939,12.5063,15.32,0.89
2350,751.2424,18.1496,,23.6182,5.4686,,16.78,1.28
2351,751.3263,18.1684,11.1211,23.6184,5.4499,12.4973,17.79,1.11
2352,751.3894,18.1349,,23.6185,5.4836,,14.05,1.28
2353,751.4438,18.1510,,23.6185,5.4675,,11.45,0.82
2354,751.5124,18.1820,,23.6188,5.4368,,17.63,1.34
2355,751.5764,18.1500,,23.6188,5.4688,,10.62,1.65
2356,751.6318,18.1676,,23.6189,5.4513,,10.95,1.53
2357,751.6910,18.1708,,23.6191,5.4483,,11.81,1.05
2358,751.7526,18.1497,,23.6191,5.4694,,17.71,0.89
2359,751.8237,18.1538,9.7024,23.6193,5.4655,13.9169,19.08,1.07
2360,751.8916,18.1640,,23.6194,5.4554,,18.79,1.40
2361,751.9594,18.1268,,23.6196,5.4929,,13.57,0.97
2362,752.0305,18.1334,21.0148,23.6197,5.4863,2.6049,19.07,3.20
2363,752.1073,18.1408,,23.6198,5.4789,,18.08,1.25
2364,752.1899,18.1261,,23.6201,5.4940,,23.18,1.18
2365,752.2554,18.1157,,23.6202,5.5045,,23.08,1.16
2366,752.3218,18.1351,11.2398,23.6203,5.4853,12.3806,18.56,0.99
2367,752.3894,18.1444,,23.6205,5.4761,,13.36,1.57
2368,752.4568,18.1617,,23.6205,5.4588,,18.67,1.02
2369,752.5269,18.1672,9.4737,23.6208,5.4536,14.1471,14.64,1.20
2370,752.5893,18.1091,,23.6210,5.5119,,11.60,1.26
2371,752.6466,18.1191,,23.6211,5.5020,,13.05,1.14
2372,752.7053,18.1265,,23.6213,5.4948,,13.49,1.27
2373,752.7659,18.1390,11.1363,23.6214,5.4824,12.4851,18.10,0.88
2374,752.8240,18.1846,,23.6215,5.4369,,10.05,1.58
2375,752.8798,18.1355,,23.6216,5.4862,,10.74,1.70
2376,752.9397,18.1461,,23.6217,5.4756,,10.22,0.99
2377,752.9973,18.1477,,23.6218,5.4741,,12.21,1.04
2378,753.0505,18.1298,,23.6219,5.4921,,10.25,1.07
2379,753.1084,18.1392,9.3785,23.6221,5.4829,14.2435,10.09,0.96
2380,753.1735,18.1568,9.3983,23.6224,5.4655,14.2241,16.92,0.98
2381,753.2375,18.1177,,23.6224,5.5047,,10.08,1.45
2382,753.2934,18.1321,,23.6223,5.4902,,14.40,1.55
2383,753.3616,18.1137,9.4098,23.6226,5.5089,14.2128,19.39,1.14
2384,753.4292,18.1304,11.4930,23.6229,5.4925,12.1298,20.20,1.55
2385,753.4954,18.1406,,23.6230,5.4824,,17.42,1.25
2386,753.5600,18.1744,,23.6231,5.4487,,16.51,1.14
2387,753.6343,18.1479,15.5282,23.6233,5.4754,8.0951,16.77,2.03
2388,753.6944,18.1502,,23.6234,5.4732,,11.70,0.87
2389,753.7618,18.1645,28.2118,23.6235,5.4590,4.5884,19.77,1.14
2390,753.8374,18.1689,,23.6236,5.4548,,18.84,1.98
2391,753.9094,18.1360,,23.6238,5.4878,,22.15,2.02
2392,753.9761,18.1453,9.4487,23.6239,5.4786,14.1752,18.96,1.27
2393,754.0443,18.1353,,23.6240,5.4888,,17.59,1.07
2394,754.1228,18.1552,11.0718,23.6243,5.4691,12.5525,19.85,1.08
2395,754.1921,18.1241,,23.6244,5.5003,,17.46,1.51
2396,754.2642,18.1289,11.0990,23.6245,5.4955,12.5255,15.34,0.97
2397,754.3253,18.1322,9.5377,23.6247,5.4925,14.0870,14.71,1.39
2398,754.3952,18.1670,,23.6249,5.4579,,19.10,1.20
2399,754.4583,18.1276,11.1057,23.6250,5.4974,12.5194,13.80,1.21
2400,754.5165,18.1454,11.1103,23.6251,5.4797,12.5148,13.57,1.07
2401,754.5863,18.1438,,23.6252,5.4813,,13.63,1.72
2402,754.6566,18.1258,,23.6253,5.4996,,19.28,1.78
2403,754.7371,18.1430,,23.6257,5.4828,,23.04,2.12
2404,754.7962,18.1727,,23.6258,5.4531,,15.61,3.63
2405,754.8542,18.1794,,23.6257,5.4463,,16.89,1.02
2406,754.9135,18.1348,,23.6258,5.4909,,12.50,0.84
2407,754.9764,18.1505,,23.6259,5.4754,,12.20,1.92
2408,755.0348,18.1094,,23.6260,5.5166,,10.69,1.72
2409,755.0961,18.1277,,23.6263,5.4986,,16.39,0.81
2410,755.1602,18.1386,,23.6265,5.4879,,12.96,0.88
2411,755.2457,18.1661,,23.6268,5.4607,,23.20,1.94
2412,755.3090,18.1617,11.0902,23.6269,5.4652,12.5367,10.97,0.92
2413,755.3778,18.1349,9.4089,23.6269,5.4921,14.2180,16.33,3.00
2414,755.4449,18.1677,,23.6271,5.4594,,10.41,1.05
2415,755.5035,18.1787,,23.6273,5.4486,,13.06,1.03
2416,755.5612,18.1667,9.4254,23.6274,5.4607,14.2020,9.90,0.95
2417,755.6301,18.1742,17.9500,23.6276,5.4534,5.6776,18.31,1.43
2418,755.7104,18.1962,11.0885,23.6276,5.4315,12.5391,20.03,2.38
2419,755.7813,18.1576,,23.6277,5.4701,,18.63,1.98
2420,755.8406,18.1304,,23.6278,5.4974,,14.24,1.60
2421,755.9112,18.1703,,23.6280,5.4577,,15.17,2.03
2422,755.9708,18.1498,21.1818,23.6282,5.4784,2.4464,15.41,1.45
2423,756.0443,18.1360,,23.6284,5.4924,,18.80,1.05
2424,756.1135,18.1398,,23.6286,5.4888,,20.07,0.98
2425,756.1943,18.1482,,23.6289,5.4808,,21.80,1.96
2426,756.2697,18.1440,11.0683,23.6291,5.4851,12.5608,19.36,1.11
2427,756.3391,18.1716,,23.6292,5.4576,,12.31,1.32
2428,756.4096,18.1518,,23.6293,5.4775,,16.07,0.94
2429,756.4696,18.1384,11.1048,23.6294,5.4910,12.5246,15.33,0.96
2430,756.5415,18.1525,,23.6295,5.4770,,19.97,1.26
2431,756.6091,18.1555,,23.6296,5.4741,,15.97,1.16
2432,756.6760,18.1449,11.1363,23.6298,5.4849,12.4935,13.70,1.08
2433,756.7430,18.1535,,23.6300,5.4765,,13.66,1.34
2434,756.8104,18.1940,,23.6299,5.4359,,16.66,1.10
2435,756.8813,18.1606,,23.6300,5.4694,,15.26,1.65
2436,756.9432,18.1383,,23.6303,5.4919,,12.96,1.28
2437,757.0085,18.1565,,23.6304,5.4739,,15.95,1.06
2438,757.0742,18.1651,,23.6304,5.4653,,13.16,1.06
2439,757.1367,18.1389,,23.6306,5.4918,,13.60,1.31
2440,757.1989,18.1625,,23.6308,5.4683,,15.40,1.26
2441,757.2684,18.1640,9.4590,23.6309,5.4670,14.1719,21.40,2.38
2442,757.3244,18.1308,,23.6311,5.5004,,11.30,1.75
2443,757.3890,18.1680,,23.6312,5.4632,,17.57,1.66
2444,757.4551,18.1695,,23.6314,5.4619,,18.76,1.27
2445,757.5301,18.1626,,23.6315,5.4689,,14.57,2.00
2446,757.5856,18.1659,,23.6316,5.4658,,13.65,1.72
2447,757.6446,18.1719,,23.6318,5.4600,,9.92,1.32
2448,757.7153,18.1918,,23.6319,5.4401,,18.03,1.03
2449,757.7756,18.1372,9.3960,23.6320,5.4948,14.2360,11.90,1.13
2450,757.8381,18.1582,,23.6322,5.4739,,13.80,1.67
2451,757.9138,18.1637,11.0750,23.6321,5.4684,12.5570,18.47,0.95
2452,757.9813,18.1360,20.8673,23.6325,5.4965,2.7652,18.64,1.89
2453,758.0426,18.1287,,23.6326,5.5039,,11.84,0.98
2454,758.1053,18.1667,,23.6327,5.4660,,13.37,1.01
2455,758.1790,18.1432,9.2622,23.6328,5.4896,14.3705,18.12,1.52
2456,758.2455,18.1305,,23.6328,5.5022,,15.00,1.20
2457,758.3085,18.1545,,23.6329,5.4785,,16.74,1.00
2458,758.3677,18.1809,11.0915,23.6331,5.4522,12.5416,14.52,1.15
2459,758.4394,18.1356,,23.6332,5.4977,,19.85,1.81
2460,758.5077,18.1384,,23.6334,5.4951,,13.66,1.01
2461,758.5904,18.1523,,23.6336,5.4813,,14.23,1.77
2462,758.6557,18.1663,,23.6337,5.4674,,17.45,0.95
2463,758.7250,18.1317,20.4253,23.6339,5.5022,3.2086,17.96,1.30
2464,758.8003,18.1351,,23.6341,5.4990,,18.09,1.74
2465,758.8737,18.1646,11.0332,23.6342,5.4696,12.6010,15.68,0.88
2466,758.9433,18.1668,,23.6344,5.4677,,16.30,1.69
2467,758.9997,18.1286,,23.6345,5.5059,,10.05,1.15
2468,759.0618,18.1525,,23.6346,5.4822,,16.74,1.07
2469,759.1377,18.1427,,23.6347,5.4920,,20.34,1.91
2470,759.2057,18.1172,,23.6349,5.5176,,16.19,1.06
2471,759.2696,18.1268,9.5061,23.6351,5.5083,14.1290,14.55,1.58
2472,759.3423,18.1386,,23.6354,5.4968,,18.58,1.31
2473,759.4015,18.1720,,23.6355,5.4635,,9.85,0.92
2474,759.4583,18.1376,,23.6356,5.4980,,14.22,1.10
2475,759.5174,18.1470,11.0534,23.6357,5.4887,12.5823,11.14,1.37
2476,759.5896,18.1718,,23.6359,5.4641,,14.95,2.82
2477,759.6545,18.1551,,23.6361,5.4809,,19.71,1.12
2478,759.7124,18.1735,11.0586,23.6362,5.4627,12.5776,10.35,1.01
2479,759.7937,18.1847,,23.6363,5.4516,,22.58,1.95
2480,759.8532,18.1301,,23.6364,5.5063,,16.85,1.15
2481,759.9105,18.1310,,23.6364,5.5054,,12.12,1.14
2482,759.9816,18.1348,,23.6367,5.5020,,12.34,1.61
2483,760.0448,18.1094,,23.6368,5.5274,,15.12,0.99
2484,760.1025,18.1284,,23.6369,5.5085,,12.70,1.04
2485,760.1605,18.1727,,23.6371,5.4644,,10.89,1.16
2486,760.2257,18.1258,,23.6372,5.5114,,12.58,1.82
2487,760.2927,18.1228,,23.6373,5.5145,,16.70,1.62
2488,760.3618,18.1529,11.0857,23.6375,5.4846,12.5518,11.86,0.98
2489,760.4251,18.1579,11.6078,23.6376,5.4797,12.0297,14.41,1.06
2490,760.4876,18.1282,,23.6378,5.5096,,13.46,1.61
2491,760.5498,18.1453,,23.6379,5.4926,,13.01,1.17
2492,760.6150,18.1260,11.6520,23.6381,5.5121,11.9861,20.43,1.01
2493,760.6930,18.1385,,23.6383,5.4998,,19.23,1.92
2494,760.7585,18.1477,,23.6383,5.4906,,15.35,0.98
2495,760.8264,18.1686,9.3556,23.6385,5.4700,14.2829,16.26,1.15
2496,760.8901,18.1667,,23.6386,5.4719,,13.86,1.57
2497,760.9741,18.1380,11.1047,23.6386,5.5006,12.5340,18.31,1.30
2498,761.0428,18.1426,,23.6387,5.4960,,18.25,1.33
2499,761.1069,18.1353,,23.6389,5.5036,,11.48,1.15
2500,761.1618,18.1249,9.3019,23.6391,5.5143,14.3372,9.98,0.93
2501,761.2277,18.1276,,23.6393,5.5117,,14.15,1.99
2502,761.2814,18.1528,21.9787,23.6395,5.4867,1.6608,14.81,1.66
2503,761.3414,18.1123,,23.6397,5.5274,,11.14,1.03
2504,761.4076,18.1297,,23.6400,5.5102,,13.22,0.94
2505,761.4732,18.1883,21.4573,23.6400,5.4517,2.1826,15.43,1.24
2506,761.5357,18.1507,,23.6400,5.4893,,19.48,1.73
2507,761.6004,18.1665,,23.6400,5.4736,,12.65,0.86
2508,761.6778,18.1758,11.1050,23.6401,5.4643,12.5351,17.83,1.39
2509,761.7386,18.1764,,23.6403,5.4639,,10.54,0.98
2510,761.8016,18.1407,,23.6404,5.4997,,16.42,1.03
2511,761.8607,18.1447,11.0805,23.6407,5.4960,12.5602,10.84,0.86
2512,761.9280,18.1742,11.0752,23.6409,5.4667,12.5657,14.80,1.23
2513,762.0052,18.1063,,23.6411,5.5347,,20.51,1.00
2514,762.0744,18.1304,9.4771,23.6410,5.5106,14.1639,17.82,1.38
2515,762.1423,18.1315,,23.6411,5.5096,,16.83,1.40
2516,762.2031,18.1649,,23.6412,5.4763,,12.59,0.93
2517,762.2740,18.1277,,23.6415,5.5138,,22.41,3.50
2518,762.3497,18.1111,,23.6417,5.5306,,16.93,1.31
2519,762.4167,18.1489,11.0983,23.6418,5.4930,12.5435,19.42,1.01
2520,762.4973,18.1692,,23.6420,5.4727,,20.83,1.38
2521,762.5543,18.1304,,23.6420,5.5116,,15.99,0.95
2522,762.6250,18.1363,9.3765,23.6422,5.5059,14.2658,17.94,1.34
2523,762.6877,18.1593,,23.6424,5.4831,,15.87,1.76
2524,762.7472,18.1335,,23.6425,5.5090,,14.82,1.21
2525,762.8075,18.1573,,23.6425,5.4852,,17.18,1.19
2526,762.8836,18.1439,,23.6429,5.4990,,21.13,2.44
2527,762.9470,18.1542,,23.6430,5.4887,,11.64,0.92
2528,763.0115,18.1202,,23.6432,5.5229,,13.67,1.34
2529,763.0730,18.1485,16.8134,23.6432,5.4947,6.8298,12.60,1.61
2530,763.1379,18.1534,,23.6434,5.4900,,13.16,1.73
2531,763.2065,18.1198,,23.6436,5.5238,,15.43,1.05
2532,763.2647,18.1381,11.1042,23.6438,5.5057,12.5396,12.98,1.20
2533,763.3170,18.1559,11.1023,23.6438,5.4879,12.5416,10.35,1.13
2534,763.3813,18.1295,,23.6440,5.5145,,19.25,1.92
2535,763.4363,18.1223,,23.6441,5.5218,,9.75,1.14
2536,763.4951,18.1082,,23.6442,5.5360,,9.91,0.98
2537,763.5511,18.1278,,23.6442,5.5164,,10.49,1.00
2538,763.6170,18.1782,9.4052,23.6443,5.4661,14.2391,20.35,1.29
2539,763.6836,18.1479,,23.6445,5.4966,,20.58,1.80
2540,763.7494,18.1422,,23.6446,5.5024,,17.97,0.89
2541,763.8139,18.1546,11.0525,23.6447,5.4901,12.5922,16.30,0.93
2542,763.8681,18.1563,11.0757,23.6449,5.4886,12.5693,12.36,1.28
2543,763.9227,18.1237,11.0863,23.6451,5.5214,12.5588,9.57,0.87
2544,763.9856,18.1447,,23.6452,5.5004,,11.76,1.25
2545,764.0441,18.1255,,23.6453,5.5198,,11.55,0.92
2546,764.1095,18.1411,,23.6453,5.5042,,15.87,1.03
2547,764.1694,18.1390,9.3931,23.6455,5.5065,14.2524,10.84,1.44
2548,764.2368,18.1547,,23.6456,5.4910,,16.13,1.56
2549,764.3029,18.1120,,23.6458,5.5338,,19.30,1.05
2550,764.3707,18.1669,11.2865,23.6460,5.4791,12.3595,19.14,1.05
2551,764.4434,18.1628,,23.6461,5.4833,,20.99,1.54
2552,764.5032,18.1233,,23.6462,5.5230,,9.92,0.98
2553,764.5694,18.1218,9.4611,23.6462,5.5244,14.1852,15.67,1.21
2554,764.6290,18.1455,11.2132,23.6464,5.5009,12.4332,10.66,1.49
2555,764.6917,18.1362,,23.6466,5.5104,,17.25,1.34
2556,764.7498,18.1448,,23.6467,5.5019,,10.03,1.11
2557,764.8101,18.1536,11.2467,23.6470,5.4934,12.4003,18.60,0.98
2558,764.8741,18.1420,9.4470,23.6470,5.5050,14.2000,14.22,1.02
2559,764.9460,18.1059,,23.6472,5.5413,,18.25,1.27
2560,765.0095,18.1386,11.0894,23.6474,5.5088,12.5580,14.26,0.95
2561,765.0725,18.1093,11.0900,23.6475,5.5383,12.5576,16.02,1.24
2562,765.1470,18.1298,,23.6477,5.5179,,17.24,0.96
2563,765.2013,18.1633,,23.6478,5.4846,,11.76,1.01
2564,765.2593,18.1702,,23.6479,5.4778,,16.38,1.12
2565,765.3169,18.1309,11.1751,23.6478,5.5169,12.4726,15.52,1.05
2566,765.3900,18.1485,,23.6481,5.4997,,10.63,0.86
2567,765.4544,18.1671,,23.6483,5.4811,,16.63,0.89
2568,765.5239,18.1215,11.1379,23.6485,5.5270,12.5106,17.07,1.46
2569,765.5986,18.1505,,23.6488,5.4983,,24.06,1.34
2570,765.6688,18.1490,9.3484,23.6489,5.4999,14.3005,16.45,0.88
2571,765.7377,18.1819,,23.6491,5.4672,,10.81,1.04
2572,765.8123,18.1346,,23.6491,5.5145,,18.87,1.02
2573,765.8684,18.1453,11.0977,23.6492,5.5040,12.5515,11.99,1.33
2574,765.9384,18.1487,22.3333,23.6494,5.5007,1.3161,19.79,1.95
2575,766.0060,18.1221,,23.6494,5.5273,,19.71,1.16
2576,766.0775,18.1329,11.1827,23.6495,5.5166,12.4668,19.38,1.57
2577,766.1563,18.1346,,23.6496,5.5151,,23.05,1.12
2578,766.2275,18.1426,11.2753,23.6498,5.5071,12.3745,17.58,0.90
2579,766.2901,18.1388,,23.6500,5.5112,,13.96,1.67
2580,766.3599,18.1325,,23.6503,5.5177,,17.41,1.09
2581,766.4364,18.1501,,23.6504,5.5003,,22.36,3.70
2582,766.5004,18.1919,,23.6506,5.4587,,12.05,0.86
2583,766.5797,18.1202,,23.6508,5.5306,,24.03,4.16
2584,766.6571,18.1418,,23.6508,5.5090,,13.31,0.87
2585,766.7213,18.1638,11.1382,23.6509,5.4871,12.5127,18.60,1.09
2586,766.7938,18.1503,,23.6511,5.5008,,15.64,1.64
2587,766.8550,18.1422,,23.6512,5.5090,,10.84,1.05
2588,766.9156,18.1453,11.1246,23.6515,5.5061,12.5269,12.14,1.12
2589,766.9763,18.1754,9.5329,23.6516,5.4762,14.1187,10.26,1.26
2590,767.0587,18.1572,11.1004,23.6518,5.4945,12.5514,19.46,0.99
2591,767.1210,18.1146,11.1814,23.6517,5.5372,12.4703,16.69,0.99
2592,767.1803,18.1544,,23.6519,5.4975,,10.58,1.47
2593,767.2505,18.1601,,23.6521,5.4919,,21.55,1.04
2594,767.3203,18.1213,11.2060,23.6522,5.5309,12.4462,17.07,1.03
2595,767.3810,18.1355,,23.6523,5.5168,,12.56,1.45
2596,767.4485,18.1538,,23.6523,5.4985,,17.42,0.92
2597,767.5033,18.1393,,23.6523,5.5131,,11.24,1.10
2598,767.5684,18.1617,11.1424,23.6526,5.4909,12.5102,17.60,0.92
2599,767.6296,18.1568,,23.6527,5.4959,,11.94,1.57
2600,767.6871,18.1435,,23.6529,5.5095,,13.61,1.68
2601,767.7531,18.1326,,23.6531,5.5204,,14.70,0.93
2602,767.8224,18.1745,11.0558,23.6532,5.4787,12.5974,16.21,0.98
2603,767.8948,18.1694,,23.6534,5.4839,,23.83,1.49
2604,767.9590,18.1290,,23.6536,5.5245,,12.99,0.94
2605,768.0281,18.1315,18.6270,23.6537,5.5222,5.0267,18.19,1.49
2606,768.0972,18.1315,,23.6538,5.5223,,18.58,0.88
2607,768.1672,18.1291,11.1072,23.6539,5.5248,12.5467,19.20,1.02
2608,768.2452,18.1244,,23.6540,5.5296,,15.54,1.66
2609,768.3055,18.1165,,23.6541,5.5376,,12.24,1.02
2610,768.3630,18.1713,11.1232,23.6541,5.4828,12.5309,10.27,0.99
2611,768.4245,18.1142,11.1097,23.6544,5.5402,12.5447,18.08,1.18
2612,768.4837,18.1591,,23.6545,5.4954,,10.06,1.36
2613,768.5419,18.1683,,23.6547,5.4863,,10.04,0.93
2614,768.6076,18.1262,,23.6549,5.5287,,16.22,1.24
2615,768.6679,18.1471,9.5442,23.6550,5.5079,14.1108,20.36,1.81
2616,768.7313,18.1706,15.6186,23.6552,5.4845,8.0366,10.72,1.36
2617,768.7917,18.1413,,23.6554,5.5141,,13.70,1.32
2618,768.8601,18.1517,,23.6554,5.5037,,17.01,1.02
2619,768.9189,18.1226,11.0715,23.6554,5.5328,12.5839,11.92,1.27
2620,768.9952,18.1302,,23.6556,5.5254,,19.96,3.01
2621,769.0637,18.1309,,23.6558,5.5249,,18.21,1.04
2622,769.1493,18.1277,,23.6559,5.5282,,17.75,0.89
2623,769.2208,18.1583,11.0466,23.6561,5.4978,12.6095,17.48,1.14
2624,769.2740,18.1274,9.3814,23.6562,5.5288,14.2749,12.84,1.32
2625,769.3427,18.1367,,23.6565,5.5198,,17.40,1.30
2626,769.4198,18.1674,11.0660,23.6566,5.4891,12.5905,21.12,0.99
2627,769.4939,18.1771,,23.6568,5.4797,,21.79,1.30
2628,769.5607,18.1421,,23.6569,5.5149,,14.87,0.94
2629,769.6412,18.1347,,23.6571,5.5224,,23.74,0.95
2630,769.7055,18.1584,,23.6572,5.4988,,14.30,1.02
2631,769.7683,18.1898,11.0749,23.6574,5.4675,12.5825,13.09,0.95
2632,769.8359,18.1274,,23.6575,5.5301,,14.47,1.73
2633,769.8939,18.1346,,23.6575,5.5229,,10.96,1.36
2634,769.9522,18.1508,,23.6578,5.5069,,11.78,1.06
2635,770.0181,18.1212,11.0691,23.6579,5.5366,12.5887,14.53,1.15
2636,770.0803,18.1455,19.1515,23.6580,5.5125,4.5065,17.11,1.64
2637,770.1513,18.1330,,23.6581,5.5252,,15.84,0.96
2638,770.2081,18.1178,,23.6583,5.5405,,13.35,1.12
2639,770.2661,18.1341,9.7534,23.6584,5.5243,13.9049,13.92,1.16
2640,770.3292,18.1320,,23.6585,5.5265,,15.73,1.71
2641,770.4010,18.1296,,23.6586,5.5290,,16.91,0.97
2642,770.4566,18.1532,,23.6586,5.5053,,14.02,0.91
2643,770.5161,18.1689,,23.6587,5.4899,,11.48,1.00
2644,770.5875,18.1245,,23.6590,5.5345,,14.65,1.84
2645,770.6569,18.1503,11.1788,23.6592,5.5088,12.4804,18.32,0.93
2646,770.7115,18.1801,11.1069,23.6592,5.4791,12.5523,10.87,1.35
2647,770.7709,18.1465,11.0977,23.6593,5.5128,12.5616,13.71,0.99
2648,770.8392,18.1639,,23.6596,5.4958,,13.19,1.55
2649,770.9305,18.1760,11.0996,23.6598,5.4839,12.5602,19.12,1.64
2650,771.0007,18.1551,,23.6599,5.5049,,16.26,1.01
2651,771.0600,18.1327,,23.6601,5.5274,,15.28,1.13
2652,771.1257,18.1671,14.8628,23.6603,5.4931,8.7974,14.60,1.31
2653,771.2009,18.1667,,23.6605,5.4937,,16.91,1.24
2654,771.2865,18.1501,,23.6607,5.5106,,17.16,1.64
2655,771.3534,18.1248,,23.6608,5.5360,,17.31,1.04
2656,771.4167,18.1568,,23.6610,5.5042,,13.51,1.10
2657,771.4834,18.1756,,23.6612,5.4856,,17.73,1.38
2658,771.5460,18.1392,,23.6612,5.5220,,20.03,1.23
2659,771.6227,18.1430,9.7225,23.6613,5.5183,13.9389,16.42,1.64
2660,771.6900,18.1770,,23.6614,5.4844,,20.94,3.28
2661,771.7520,18.1537,,23.6615,5.5078,,20.57,1.80
2662,771.8322,18.1526,22.5977,23.6618,5.5092,1.0640,18.54,1.60
2663,771.9026,18.1554,,23.6619,5.5066,,19.67,0.89
2664,771.9866,18.1385,20.4052,23.6621,5.5236,3.2569,21.79,3.64
2665,772.0540,18.1440,,23.6620,5.5180,,14.40,1.10
2666,772.1085,18.1407,11.1359,23.6621,5.5214,12.5262,11.07,0.93
2667,772.1660,18.1412,11.1269,23.6621,5.5209,12.5352,10.65,1.21
2668,772.2287,18.1191,,23.6623,5.5433,,9.93,1.69
2669,772.2840,18.1187,18.7955,23.6625,5.5438,4.8670,12.88,1.92
2670,772.3440,18.1559,,23.6627,5.5068,,12.22,0.98
2671,772.3975,18.1290,,23.6629,5.5340,,13.56,1.31
2672,772.4522,18.1388,,23.6630,5.5243,,10.00,0.99
2673,772.5118,18.1203,,23.6631,5.5428,,11.73,1.15
2674,772.5765,18.1258,9.3610,23.6632,5.5374,14.3022,11.54,1.65
2675,772.6469,18.1301,,23.6634,5.5333,,15.36,1.18
2676,772.7081,18.1734,11.1278,23.6635,5.4901,12.5357,12.21,1.03
2677,772.7775,18.1385,11.1123,23.6636,5.5251,12.5513,12.00,0.93
2678,772.8375,18.1681,,23.6638,5.4957,,13.51,1.39
2679,772.9033,18.1682,,23.6638,5.4957,,19.27,0.97
2680,772.9700,18.1354,9.2938,23.6639,5.5285,14.3701,16.72,1.06
2681,773.0448,18.1298,,23.6641,5.5344,,18.01,1.14
2682,773.1127,18.1549,,23.6643,5.5094,,13.71,0.99
2683,773.1766,18.1626,11.0950,23.6644,5.5018,12.5694,17.78,1.15
2684,773.2413,18.1291,,23.6646,5.5355,,16.20,1.39
2685,773.3093,18.1440,11.1860,23.6649,5.5209,12.4789,16.13,1.11
2686,773.3678,18.1539,11.4787,23.6649,5.5110,12.1862,10.37,1.17
2687,773.4257,18.1295,11.4819,23.6650,5.5355,12.1832,15.11,1.36
2688,773.4867,18.1461,,23.6652,5.5192,,13.19,1.76
2689,773.5489,18.1336,,23.6653,5.5317,,11.65,1.13
2690,773.6084,18.1364,,23.6654,5.5290,,12.27,0.98
2691,773.6816,18.1662,20.4694,23.6655,5.4993,3.1961,17.55,1.65
2692,773.7405,18.1371,,23.6657,5.5286,,10.86,1.81
2693,773.8081,18.1434,,23.6657,5.5223,,18.15,1.09
2694,773.8798,18.1481,17.2565,23.6658,5.5178,6.4093,17.24,1.68
2695,773.9447,18.1376,,23.6662,5.5286,,13.07,1.01
2696,774.0320,18.1304,,23.6663,5.5358,,27.96,3.60
2697,774.0943,18.1178,,23.6664,5.5486,,17.15,1.07
2698,774.1626,18.1285,,23.6667,5.5381,,16.46,1.06
2699,774.2289,18.1362,9.4482,23.6666,5.5304,14.2184,15.51,1.05
2700,774.3069,18.1074,11.0732,23.6664,5.5590,12.5932,13.89,1.01
2701,774.3663,18.1280,11.0923,23.6664,5.5384,12.5742,12.76,2.33
2702,774.4329,18.1226,,23.6663,5.5438,,17.04,1.79
2703,774.4985,18.1177,,23.6665,5.5487,,19.10,0.96
2704,774.5667,18.1377,11.1105,23.6664,5.5287,12.5559,18.39,1.16
2705,774.6355,18.1367,,23.6664,5.5297,,23.83,2.48
2706,774.6914,18.1308,,23.6663,5.5356,,13.90,0.99
2707,774.7636,18.1459,9.2986,23.6664,5.5205,14.3678,11.48,0.93
2708,774.8308,18.1678,20.9522,23.6664,5.4986,2.7142,15.11,1.49
2709,774.9173,18.1542,11.2087,23.6665,5.5123,12.4578,21.25,1.17
2710,774.9851,18.1405,,23.6666,5.5261,,14.14,1.67
2711,775.0608,18.1400,,23.6668,5.5268,,19.00,1.16
2712,775.1291,18.1389,19.9007,23.6669,5.5280,3.7662,17.71,1.49
2713,775.1984,18.1541,,23.6670,5.5129,,16.41,0.93
2714,775.2712,18.1170,11.0756,23.6672,5.5502,12.5916,15.42,1.06
2715,775.3343,18.1533,,23.6673,5.5139,,18.86,1.78
2716,775.3982,18.1674,,23.6673,5.5000,,11.21,1.56
2717,775.4623,18.1252,,23.6673,5.5421,,15.73,1.06
2718,775.5311,18.1582,,23.6675,5.5093,,16.30,1.79
2719,775.5973,18.1911,,23.6677,5.4766,,16.86,0.94
2720,775.6543,18.1562,,23.6678,5.5116,,14.95,0.90
2721,775.7225,18.1603,11.0713,23.6679,5.5076,12.5966,16.54,0.88
2722,775.7941,18.1716,,23.6680,5.4964,,19.22,4.29
2723,775.8503,18.1329,,23.6681,5.5351,,14.28,1.05
2724,775.9075,18.1552,,23.6682,5.5130,,11.80,1.63
2725,775.9858,18.1410,,23.6684,5.5274,,25.18,3.09
2726,776.0393,18.1368,,23.6685,5.5318,,10.28,0.95
2727,776.1165,18.1294,11.0902,23.6686,5.5392,12.5784,20.10,1.10
2728,776.1917,18.1368,,23.6686,5.5318,,18.84,1.36
2729,776.2544,18.1513,,23.6687,5.5174,,13.65,1.16
2730,776.3215,18.1197,11.1041,23.6688,5.5491,12.5647,11.45,1.04
2731,776.3851,18.1387,,23.6690,5.5303,,12.13,1.47
2732,776.4429,18.1438,,23.6690,5.5252,,10.63,0.94
2733,776.5029,18.1264,,23.6691,5.5428,,12.44,1.15
2734,776.5589,18.1470,11.2931,23.6693,5.5223,12.3762,11.33,1.12
2735,776.6340,18.1077,20.5876,23.6693,5.5616,3.0818,19.33,1.91
2736,776.6998,18.1289,,23.6695,5.5406,,18.40,1.01
2737,776.7779,18.1472,9.3616,23.6697,5.5225,14.3080,22.33,2.39
2738,776.8419,18.1707,,23.6698,5.4990,,15.11,1.34
2739,776.9201,18.1481,17.9175,23.6697,5.5217,5.7522,16.24,1.42
2740,776.9904,18.1260,,23.6698,5.5439,,14.89,1.63
2741,777.0774,18.1324,9.5594,23.6700,5.5376,14.1106,20.24,3.61
2742,777.1371,18.1591,,23.6702,5.5110,,15.57,1.58
2743,777.2089,18.1469,,23.6703,5.5233,,14.70,1.01
2744,777.2729,18.1270,11.1198,23.6705,5.5435,12.5507,12.88,1.32
2745,777.3542,18.1400,,23.6707,5.5307,,24.92,2.17
2746,777.4337,18.1468,,23.6707,5.5239,,22.66,1.47
2747,777.5036,18.1636,,23.6708,5.5072,,17.35,0.95
2748,777.5841,18.1971,,23.6709,5.4738,,13.17,2.12
2749,777.6376,18.1469,,23.6709,5.5240,,14.47,1.81
2750,777.7097,18.1603,,23.6713,5.5109,,18.02,0.96
2751,777.7831,18.1813,9.4430,23.6714,5.4901,14.2284,18.50,1.37
2752,777.8451,18.1244,,23.6715,5.5471,,17.32,3.62
2753,777.9073,18.1195,,23.6716,5.5521,,13.58,1.02
2754,777.9757,18.1309,9.4324,23.6718,5.5409,14.2394,12.79,1.28
2755,778.0436,18.0876,,23.6718,5.5843,,17.52,1.14
2756,778.1235,18.1163,9.4392,23.6718,5.5554,14.2326,20.67,1.29
2757,778.1918,18.1163,,23.6720,5.5557,,15.44,1.45
2758,778.2569,18.1263,,23.6721,5.5458,,18.64,0.96
2759,778.3223,18.1449,10.5053,23.6722,5.5273,13.1668,15.34,1.35
2760,778.3998,18.1151,,23.6724,5.5573,,19.06,1.12
2761,778.4573,18.1471,11.1010,23.6725,5.5254,12.5715,10.14,0.92
2762,778.5279,18.1466,11.1091,23.6726,5.5259,12.5635,14.87,2.65
2763,778.5985,18.1113,,23.6726,5.5613,,20.45,0.94
2764,778.6712,18.1276,11.1134,23.6728,5.5452,12.5594,18.82,1.16
2765,778.7399,18.1605,,23.6729,5.5124,,17.46,1.95
2766,778.8063,18.1555,,23.6731,5.5175,,11.94,1.10
2767,778.8707,18.1322,11.3122,23.6732,5.5409,12.3610,20.89,0.98
2768,778.9347,18.1211,,23.6733,5.5522,,15.39,1.65
2769,779.0052,18.0988,,23.6733,5.5746,,16.86,1.19
2770,779.0675,18.1212,11.1051,23.6735,5.5523,12.5684,13.84,0.96
2771,779.1599,18.1176,,23.6737,5.5561,,10.61,1.10
2772,779.2452,18.1132,,23.6739,5.5608,,17.84,1.44
2773,779.3126,18.1302,,23.6742,5.5441,,18.69,1.08
2774,779.3724,18.1038,17.8185,23.6744,5.5706,5.8559,10.05,1.78
2775,779.4356,18.1184,,23.6748,5.5564,,15.54,1.66
2776,779.4919,18.1462,,23.6752,5.5290,,10.40,0.95
2777,779.5516,18.1316,,23.6754,5.5438,,12.23,1.08
2778,779.6175,18.1678,11.0893,23.6756,5.5079,12.5864,14.23,1.14
2779,779.6879,18.1705,,23.6759,5.5054,,17.25,1.45
2780,779.7618,18.1661,9.5286,23.6761,5.5100,14.1475,18.46,0.97
2781,779.8318,18.1287,16.0122,23.6762,5.5476,7.6641,17.09,1.30
2782,779.8997,18.1471,,23.6764,5.5293,,19.21,1.34
2783,779.9588,18.1282,9.3990,23.6765,5.5483,14.2775,10.71,0.96
2784,780.0170,18.1142,11.0904,23.6766,5.5623,12.5862,12.72,0.93
2785,780.0781,18.1320,,23.6768,5.5448,,11.17,1.64
2786,780.1355,18.1282,,23.6770,5.5488,,11.14,1.37
2787,780.2054,18.1154,,23.6772,5.5618,,13.62,0.99
2788,780.2683,18.1384,11.0882,23.6772,5.5388,12.5890,11.61,1.08
2789,780.3464,18.1541,,23.6775,5.5233,,18.69,0.93
2790,780.4113,18.1184,11.0766,23.6777,5.5594,12.6011,13.65,0.98
2791,780.4715,18.1637,11.0859,23.6779,5.5142,12.5920,12.63,1.56
2792,780.5350,18.1634,,23.6779,5.5145,,23.03,3.72
2793,780.5965,18.1200,,23.6777,5.5577,,15.19,1.46
2794,780.6662,18.1349,,23.6780,5.5430,,15.75,1.01
2795,780.7368,18.1634,,23.6782,5.5148,,12.26,1.74
2796,780.7968,18.1638,,23.6781,5.5144,,12.40,1.39
2797,780.8666,18.1484,11.1060,23.6785,5.5301,12.5725,14.24,1.03
2798,780.9320,18.1582,,23.6786,5.5204,,18.57,1.52
2799,780.9975,18.1376,,23.6788,5.5412,,15.40,1.06
2800,781.0546,18.1082,,23.6788,5.5706,,9.74,0.93
2801,781.1124,18.1348,11.0877,23.6789,5.5441,12.5912,10.19,1.05
2802,781.1710,18.1400,11.0910,23.6791,5.5391,12.5880,11.43,0.96
2803,781.2409,18.1198,,23.6791,5.5594,,14.70,1.70
2804,781.2980,18.1238,,23.6793,5.5555,,11.40,1.21
2805,781.3579,18.1531,11.0862,23.6796,5.5265,12.5933,9.69,0.89
2806,781.4250,18.1139,9.3790,23.6797,5.5658,14.3007,19.32,1.07
2807,781.4870,18.1361,,23.6800,5.5439,,10.41,1.08
2808,781.5444,18.1662,,23.6799,5.5138,,13.78,1.24
2809,781.6099,18.1270,,23.6802,5.5532,,17.08,1.10
2810,781.6687,18.1496,11.0882,23.6803,5.5307,12.5921,11.24,1.03
2811,781.7372,18.1570,,23.6804,5.5234,,13.34,0.98
2812,781.7949,18.1126,,23.6805,5.5679,,10.76,0.96
2813,781.8529,18.1348,,23.6806,5.5458,,14.07,1.12
2814,781.9163,18.1293,,23.6806,5.5513,,14.05,1.06
2815,781.9846,18.1359,,23.6805,5.5446,,13.18,1.56
2816,782.0566,18.1109,,23.6810,5.5701,,14.66,0.97
2817,782.1192,18.1324,11.0767,23.6812,5.5487,12.6044,11.98,1.52
2818,782.1773,18.1133,11.0767,23.6814,5.5681,12.6047,13.13,1.02
2819,782.2504,18.0987,,23.6815,5.5828,,19.37,1.45
2820,782.3101,18.1233,11.0846,23.6816,5.5584,12.5970,11.10,0.98
2821,782.3699,18.1444,11.0898,23.6817,5.5373,12.5919,11.64,1.22
2822,782.4370,18.1124,,23.6818,5.5695,,20.87,1.11
2823,782.5003,18.1180,,23.6820,5.5640,,16.36,0.94
2824,782.5600,18.1258,,23.6820,5.5562,,19.20,1.04
2825,782.6225,18.1239,11.0717,23.6821,5.5583,12.6104,10.73,1.05
2826,782.6951,18.1385,,23.6823,5.5438,,23.60,1.58
2827,782.7654,18.1697,,23.6823,5.5127,,15.78,0.89
2828,782.8344,18.1349,,23.6826,5.5476,,18.43,1.82
2829,782.9140,18.1236,,23.6826,5.5590,,15.26,0.93
2830,782.9745,18.1368,11.0723,23.6828,5.5461,12.6106,11.34,1.02
2831,783.0532,18.1623,,23.6831,5.5208,,16.10,1.34
2832,783.1220,18.0974,,23.6831,5.5857,,20.14,1.51
2833,783.1836,18.1165,,23.6833,5.5668,,12.96,1.54
2834,783.2373,18.1717,,23.6835,5.5117,,12.80,1.83
2835,783.2980,18.1197,,23.6836,5.5639,,13.43,0.96
2836,783.3634,18.1471,,23.6837,5.5366,,20.17,1.04
2837,783.4480,18.1399,,23.6839,5.5441,,22.80,1.99
2838,783.5070,18.1216,11.0950,23.6840,5.5623,12.5889,11.86,1.12
2839,783.5707,18.1578,9.2731,23.6839,5.5261,14.4108,14.45,0.98
2840,783.6406,18.1494,,23.6841,5.5347,,18.41,1.59
2841,783.7083,18.1817,,23.6844,5.5027,,13.84,1.14
2842,783.7658,18.1465,11.0975,23.6845,5.5380,12.5869,10.65,0.99
2843,783.8320,18.1408,20.1590,23.6847,5.5439,3.5257,13.43,1.68
2844,783.9113,18.1551,,23.6849,5.5298,,19.43,1.13
2845,783.9757,18.1408,20.6546,23.6851,5.5443,3.0305,10.03,1.64
2846,784.0398,18.1106,,23.6851,5.5745,,13.97,1.58
2847,784.1090,18.1466,,23.6852,5.5386,,16.91,1.04
2848,784.1629,18.1396,11.1425,23.6854,5.5458,12.5429,11.26,1.00
2849,784.2281,18.1145,11.0996,23.6855,5.5710,12.5859,14.72,1.11
2850,784.2897,18.1364,,23.6856,5.5492,,17.07,2.04
2851,784.3806,18.1860,9.6420,23.6856,5.4996,14.0436,17.86,1.07
2852,784.4454,18.1179,,23.6857,5.5678,,15.02,1.07
2853,784.5284,18.1273,11.1044,23.6860,5.5587,12.5816,15.89,1.45
2854,784.6034,18.1458,,23.6862,5.5404,,21.28,1.02
2855,784.6698,18.1693,11.0939,23.6863,5.5170,12.5925,12.99,0.95
2856,784.7373,18.1210,,23.6866,5.5656,,21.49,1.72
2857,784.8029,18.1306,,23.6868,5.5561,,16.80,1.03
2858,784.8834,18.1690,19.0169,23.6869,5.5179,4.6700,23.11,1.97
2859,784.9508,18.1460,,23.6870,5.5410,,13.15,1.11
2860,785.0139,18.1180,9.3792,23.6871,5.5691,14.3079,14.34,1.06
2861,785.0926,18.1165,,23.6871,5.5705,,22.02,3.86
2862,785.1627,18.1363,,23.6874,5.5511,,18.07,1.14
2863,785.2371,18.1591,12.4114,23.6876,5.5286,11.2762,19.81,1.63
2864,785.3181,18.1102,11.0784,23.6879,5.5777,12.6095,25.13,1.27
2865,785.3894,18.1186,,23.6879,5.5693,,14.93,1.64
2866,785.4485,18.1387,,23.6881,5.5493,,14.61,1.59
2867,785.5212,18.1813,11.0930,23.6882,5.5070,12.5952,15.58,1.23
2868,785.5812,18.1515,,23.6883,5.5368,,17.70,1.63
2869,785.6525,18.1631,,23.6884,5.5252,,23.44,0.90
2870,785.7223,18.1791,11.1045,23.6884,5.5093,12.5839,18.34,1.17
2871,785.7916,18.1690,,23.6887,5.5196,,15.11,1.68
2872,785.8588,18.1240,,23.6888,5.5647,,15.23,1.00
2873,785.9486,18.1118,,23.6891,5.5772,,24.67,1.05
2874,786.0150,18.1508,11.0880,23.6892,5.5384,12.6012,14.55,0.87
2875,786.0844,18.1378,22.0067,23.6893,5.5515,1.6826,15.24,1.48
2876,786.1487,18.1207,,23.6894,5.5687,,13.84,0.87
2877,786.2133,18.1182,,23.6894,5.5712,,15.78,1.10
2878,786.2831,18.1393,,23.6896,5.5503,,17.92,1.76
2879,786.3543,18.1450,,23.6899,5.5449,,12.73,0.90
2880,786.4215,18.1087,9.8555,23.6901,5.5814,13.8346,21.72,1.47
2881,786.4898,18.1461,,23.6901,5.5440,,16.67,1.57
2882,786.5517,18.1663,,23.6903,5.5241,,12.35,0.98
2883,786.6068,18.1295,11.1451,23.6903,5.5608,12.5452,9.80,0.97
2884,786.6669,18.1571,11.1417,23.6904,5.5333,12.5488,10.33,1.30
2885,786.7293,18.1631,,23.6905,5.5274,,13.33,1.48
2886,786.7989,18.1318,,23.6907,5.5588,,17.61,0.92
2887,786.8709,18.1219,11.1037,23.6910,5.5691,12.5873,13.68,1.76
2888,786.9326,18.1371,,23.6911,5.5540,,12.27,1.70
2889,786.9922,18.1055,,23.6913,5.5858,,13.11,1.01
2890,787.0501,18.1290,,23.6914,5.5623,,12.08,1.23
2891,787.1247,18.1518,,23.6915,5.5397,,15.53,1.44
2892,787.1860,18.1354,,23.6916,5.5562,,10.09,1.26
2893,787.2431,18.1233,,23.6918,5.5685,,11.14,0.96
2894,787.2963,18.1713,,23.6919,5.5206,,10.22,1.01
2895,787.3619,18.1044,,23.6921,5.5877,,18.25,1.13
2896,787.4324,18.1107,17.6089,23.6922,5.5814,6.0832,14.84,1.18
2897,787.4966,18.1319,,23.6924,5.5605,,14.35,1.25
2898,787.5579,18.1144,,23.6925,5.5782,,18.61,1.06
2899,787.6197,18.1221,11.0573,23.6927,5.5705,12.6354,9.93,1.35
2900,787.6765,18.1374,,23.6927,5.5553,,11.11,1.76
2901,787.7425,18.1242,,23.6929,5.5687,,18.74,1.57
2902,787.8282,18.1251,11.0934,23.6931,5.5680,12.5997,20.88,1.30
2903,787.8952,18.1121,,23.6932,5.5811,,16.26,1.16
2904,787.9560,18.1275,,23.6933,5.5658,,10.94,0.95
2905,788.0181,18.1185,11.1014,23.6934,5.5749,12.5920,14.05,1.00
2906,788.0887,18.1045,,23.6935,5.5890,,13.94,1.88
2907,788.1593,18.1369,,23.6937,5.5568,,22.34,1.01
2908,788.2192,18.1491,9.3930,23.6938,5.5447,14.3008,11.28,1.39
2909,788.2937,18.1079,,23.6940,5.5861,,21.66,1.22
2910,788.3596,18.1088,28.2055,23.6942,5.5854,4.5113,19.32,2.79
2911,788.4239,18.1387,11.1140,23.6943,5.5556,12.5803,19.16,0.97
2912,788.4926,18.1787,,23.6942,5.5155,,13.20,1.31
2913,788.5586,18.1276,,23.6946,5.5669,,18.93,1.01
2914,788.6281,18.1169,11.1233,23.6946,5.5777,12.5713,17.11,1.33
2915,788.6975,18.1580,,23.6947,5.5367,,15.87,1.46
2916,788.7725,18.1528,21.5201,23.6950,5.5422,2.1749,21.14,3.36
2917,788.8395,18.1221,,23.6951,5.5730,,14.17,1.66
2918,788.9015,18.1246,,23.6953,5.5707,,11.35,1.10
2919,788.9665,18.1669,11.0870,23.6953,5.5284,12.6083,19.06,0.88
2920,789.0402,18.1498,,23.6955,5.5457,,18.82,1.99
2921,789.1017,18.1065,,23.6957,5.5892,,11.74,1.14
2922,789.1711,18.1343,11.1068,23.6958,5.5614,12.5890,16.08,1.50
2923,789.2347,18.1359,,23.6959,5.5601,,18.93,1.77
2924,789.2933,18.0986,,23.6961,5.5976,,10.55,1.43
2925,789.3504,18.1433,,23.6962,5.5529,,10.75,1.03
2926,789.4170,18.1682,11.1203,23.6964,5.5281,12.5761,14.11,1.15
2927,789.4828,18.1154,,23.6966,5.5812,,15.62,1.87
2928,789.5583,18.1324,,23.6966,5.5643,,21.45,0.91
2929,789.6220,18.1423,11.1059,23.6968,5.5545,12.5908,14.30,1.12
2930,789.6917,18.1628,,23.6969,5.5341,,11.49,1.46
2931,789.7564,18.1367,,23.6970,5.5603,,13.68,1.34
2932,789.8255,18.1413,11.1198,23.6970,5.5557,12.5772,18.40,1.28
2933,789.8888,18.1398,,23.6973,5.5575,,11.65,0.94
2934,789.9539,18.1435,,23.6975,5.5541,,17.09,0.93
2935,790.0142,18.0977,9.5389,23.6977,5.6000,14.1588,12.81,1.03
2936,790.0838,18.1446,,23.6979,5.5533,,12.77,1.87
2937,790.1462,18.1406,,23.6981,5.5575,,16.75,1.64
2938,790.2309,18.1276,11.0917,23.6981,5.5705,12.6064,20.85,1.48
2939,790.2998,18.1095,,23.6981,5.5886,,10.36,1.13
2940,790.3756,18.1057,9.1840,23.6984,5.5927,14.5144,17.81,1.33
2941,790.4521,18.1348,,23.6987,5.5639,,19.13,0.97
2942,790.5244,18.1581,20.9924,23.6987,5.5406,2.7063,21.74,2.57
2943,790.5958,18.1427,,23.6989,5.5563,,19.73,1.26
2944,790.6689,18.1393,11.0980,23.6990,5.5597,12.6010,19.26,1.40
2945,790.7251,18.1275,9.3344,23.6992,5.5717,14.3648,13.08,1.45
2946,790.7940,18.1418,,23.6993,5.5575,,15.16,1.25
2947,790.8627,18.1150,,23.6994,5.5844,,14.18,0.94
2948,790.9166,18.1191,11.1105,23.6995,5.5804,12.5890,13.09,1.11
2949,790.9883,18.1489,,23.6997,5.5508,,18.02,1.78
2950,791.0483,18.1074,,23.6998,5.5923,,13.40,1.01
2951,791.1092,18.1300,9.4987,23.6999,5.5699,14.2012,10.72,0.98
2952,791.1770,18.1299,,23.7000,5.5702,,10.34,1.74
2953,791.2371,18.1200,,23.7004,5.5804,,13.05,1.65
2954,791.2944,18.1169,,23.7006,5.5836,,11.38,0.98
2955,791.3542,18.1643,,23.7007,5.5364,,11.74,1.14
