frame,timestamp_s,obstacle_id,detection_source,cam_dist_m,lidar_dist_m,gt_dist_m,cam_error_m,lidar_error_m,cam_rel_error_pct,lidar_rel_error_pct,cam_within_1m,lidar_within_1m,cam_latency_ms,lidar_latency_ms,danger_level,angle_deg,sector,match_method
0,10.8425,t0,LIDAR_ONLY,10.1299,10.1299,,,,,,,,9.30,2.45,cautious,28.17,front,LIDAR_ONLY
0,10.8425,t1,LIDAR_ONLY,18.5972,18.5972,,,,,,,,9.30,2.45,drive,15.32,front,LIDAR_ONLY
0,10.8425,t2,LIDAR_ONLY,18.8884,18.8884,18.1145,0.7739,0.7739,4.2722,4.2722,1,1,9.30,2.45,drive,-10.31,front,LIDAR_ONLY
0,10.9860,t1,LIDAR_ONLY,18.6875,18.6875,67.6571,48.9696,48.9696,72.3790,72.3790,0,0,15.48,1.45,drive,14.63,front,LIDAR_ONLY
0,11.0434,t1,LIDAR_ONLY,18.8229,18.8229,,,,,,,,9.34,2.58,drive,14.21,front,LIDAR_ONLY
0,11.0434,t1,LIDAR_ONLY,18.4749,18.4749,,,,,,,,9.34,2.58,drive,17.51,front,LIDAR_ONLY
0,11.0434,t2,LIDAR_ONLY,19.0902,19.0902,19.6712,0.5810,0.5810,2.9538,2.9538,1,1,9.34,2.58,drive,-9.53,front,LIDAR_ONLY
0,11.1050,t1,LIDAR_ONLY,18.5267,18.5267,67.6571,49.1304,49.1304,72.6167,72.6167,0,0,9.01,8.36,drive,14.11,front,LIDAR_ONLY
0,11.1050,t1,LIDAR_ONLY,18.5652,18.5652,67.6571,49.0919,49.0919,72.5599,72.5599,0,0,9.01,8.36,drive,15.41,front,LIDAR_ONLY
0,11.1050,t1,LIDAR_ONLY,18.0844,18.0844,67.6571,49.5727,49.5727,73.2705,73.2705,0,0,9.01,8.36,drive,16.94,front,LIDAR_ONLY
0,11.1050,t1,LIDAR_ONLY,17.7100,17.7100,67.6571,49.9471,49.9471,73.8239,73.8239,0,0,9.01,8.36,drive,14.82,front,LIDAR_ONLY
0,11.1050,t2,LIDAR_ONLY,19.3425,19.3425,20.1069,0.7645,0.7645,3.8020,3.8020,1,1,9.01,8.36,drive,-9.39,front,LIDAR_ONLY
0,11.4043,t15,LIDAR_ONLY,19.5844,19.5844,,,,,,,,12.62,7.47,drive,14.55,front,LIDAR_ONLY
0,11.4043,t15,LIDAR_ONLY,18.8570,18.8570,,,,,,,,12.62,7.47,drive,15.83,front,LIDAR_ONLY
0,11.4043,t15,LIDAR_ONLY,18.2459,18.2459,,,,,,,,12.62,7.47,drive,17.56,front,LIDAR_ONLY
0,11.5442,t15,LIDAR_ONLY,18.0020,18.0020,67.6571,49.6551,49.6551,73.3923,73.3923,0,0,18.44,3.96,drive,16.65,front,LIDAR_ONLY
0,11.5442,t15,LIDAR_ONLY,18.0498,18.0498,67.6571,49.6073,49.6073,73.3216,73.3216,0,0,18.44,3.96,drive,14.91,front,LIDAR_ONLY
0,11.6047,t15,LIDAR_ONLY,17.7931,17.7931,67.6571,49.8640,49.8640,73.7010,73.7010,0,0,9.70,8.71,drive,15.53,front,LIDAR_ONLY
0,11.6047,t15,LIDAR_ONLY,17.6207,17.6207,67.6571,50.0364,50.0364,73.9558,73.9558,0,0,9.70,8.71,drive,16.54,front,LIDAR_ONLY
0,11.6047,t15,LIDAR_ONLY,17.5790,17.5790,67.6571,50.0781,50.0781,74.0175,74.0175,0,0,9.70,8.71,drive,17.55,front,LIDAR_ONLY
0,11.6047,t15,LIDAR_ONLY,17.7142,17.7142,67.6571,49.9429,49.9429,73.8177,73.8177,0,0,9.70,8.71,drive,14.37,front,LIDAR_ONLY
0,11.7505,t15,LIDAR_ONLY,17.8496,17.8496,,,,,,,,10.71,6.99,drive,14.50,front,LIDAR_ONLY
0,11.7505,t15,LIDAR_ONLY,17.9101,17.9101,,,,,,,,10.71,6.99,drive,15.65,front,LIDAR_ONLY
0,11.8911,cam_0,CAM_ONLY,45.6844,,42.2178,3.4666,,8.2112,,0,,12.19,1.67,safe,1.61,,CAMERA_ONLY
0,11.8911,t15,LIDAR_ONLY,14.6273,14.6273,67.3337,52.7064,52.7064,78.2764,78.2764,0,0,12.19,1.67,cautious,20.31,front,LIDAR_ONLY
0,11.8911,t15,LIDAR_ONLY,14.7114,14.7114,67.3337,52.6223,52.6223,78.1515,78.1515,0,0,12.19,1.67,cautious,14.91,front,LIDAR_ONLY
0,11.8911,t15,LIDAR_ONLY,14.7220,14.7220,67.3337,52.6117,52.6117,78.1358,78.1358,0,0,12.19,1.67,cautious,16.00,front,LIDAR_ONLY
0,11.8911,t15,LIDAR_ONLY,14.6550,14.6550,67.3337,52.6786,52.6786,78.2352,78.2352,0,0,12.19,1.67,cautious,13.39,front,LIDAR_ONLY
0,11.9573,cam_0,CAM_ONLY,43.3518,,42.0618,1.2900,,3.0669,,0,,9.78,10.40,safe,1.52,,CAMERA_ONLY
0,11.9573,t15,LIDAR_ONLY,14.7169,14.7169,,,,,,,,9.78,10.40,cautious,13.62,front,LIDAR_ONLY
0,11.9573,t15,LIDAR_ONLY,15.9027,15.9027,,,,,,,,9.78,10.40,cautious,14.99,front,LIDAR_ONLY
0,12.0838,cam_0,CAM_ONLY,43.1457,,41.7261,1.4196,,3.4022,,0,,12.21,1.93,safe,1.43,,CAMERA_ONLY
0,12.1426,cam_0,CAM_ONLY,42.6918,,41.5586,1.1332,,2.7268,,0,,10.31,2.54,safe,1.52,,CAMERA_ONLY
0,12.1426,t26,LIDAR_ONLY,9.4221,9.4221,,,,,,,,10.31,2.54,slow,29.33,front,LIDAR_ONLY
0,12.1426,t15,LIDAR_ONLY,16.7994,16.7994,,,,,,,,10.31,2.54,cautious,14.29,front,LIDAR_ONLY
0,12.1426,t15,LIDAR_ONLY,17.3520,17.3520,,,,,,,,10.31,2.54,cautious,16.53,front,LIDAR_ONLY
0,12.2089,cam_0,CAM_ONLY,47.1614,,41.3150,5.8463,,14.1506,,0,,9.46,11.16,safe,1.75,,CAMERA_ONLY
0,12.4007,t32,LIDAR_ONLY,20.4039,20.4039,,,,,,,,17.98,7.61,drive,14.46,front,LIDAR_ONLY
0,12.4007,t32,LIDAR_ONLY,19.3044,19.3044,,,,,,,,17.98,7.61,drive,15.63,front,LIDAR_ONLY
0,12.4773,cam_0,CAM_ONLY,44.0149,,40.4538,3.5611,,8.8029,,0,,10.48,9.09,safe,2.91,,CAMERA_ONLY
0,12.5628,cam_0,CAM_ONLY,43.5752,,40.1699,3.4053,,8.4772,,0,,18.13,10.59,safe,2.95,,CAMERA_ONLY
0,12.5628,t32,LIDAR_ONLY,19.2658,19.2658,65.1407,45.8750,45.8750,70.4244,70.4244,0,0,18.13,10.59,drive,15.40,front,LIDAR_ONLY
0,12.6278,cam_0,CAM_ONLY,43.3165,,39.8984,3.4182,,8.5672,,0,,12.58,3.21,safe,2.86,,CAMERA_ONLY
0,12.8445,t41,LIDAR_ONLY,10.5406,10.5406,,,,,,,,9.73,4.83,slow,26.82,front,LIDAR_ONLY
0,12.8445,t43,LIDAR_ONLY,19.5119,19.5119,,,,,,,,9.73,4.83,drive,14.58,front,LIDAR_ONLY
0,12.8445,t43,LIDAR_ONLY,18.9675,18.9675,,,,,,,,9.73,4.83,drive,15.98,front,LIDAR_ONLY
0,12.8445,t43,LIDAR_ONLY,17.9215,17.9215,,,,,,,,9.73,4.83,cautious,17.27,front,LIDAR_ONLY
0,13.1556,t52,LIDAR_ONLY,8.4502,8.4502,4.4832,3.9670,3.9670,88.4862,88.4862,0,0,18.42,9.68,stop,-16.44,front,LIDAR_ONLY
0,13.1556,t53,LIDAR_ONLY,20.9661,20.9661,62.7107,41.7446,41.7446,66.5670,66.5670,0,0,18.42,9.68,drive,13.85,front,LIDAR_ONLY
0,13.3855,cam_1,CAM_ONLY,40.4728,,36.5622,3.9107,,10.6959,,0,,12.27,4.46,safe,2.77,,CAMERA_ONLY
0,13.3855,t58,LIDAR_ONLY,6.7754,6.7754,,,,,,,,12.27,4.46,stop,-26.13,front,LIDAR_ONLY
0,13.4451,cam_1,CAM_ONLY,41.6928,,36.2917,5.4012,,14.8827,,0,,10.34,2.91,safe,2.86,,CAMERA_ONLY
0,13.4451,t58,LIDAR_ONLY,6.8972,6.8972,6.0931,0.8041,0.8041,13.1975,13.1975,1,1,10.34,2.91,stop,-22.25,front,LIDAR_ONLY
0,13.4451,t61,LIDAR_ONLY,19.5160,19.5160,61.2877,41.7717,41.7717,68.1568,68.1568,0,0,10.34,2.91,drive,15.28,front,LIDAR_ONLY
0,13.5091,cam_1,CAM_ONLY,41.8297,,35.9608,5.8688,,16.3201,,0,,10.21,9.44,safe,2.95,,CAMERA_ONLY
0,13.5091,t61,LIDAR_ONLY,19.6122,19.6122,,,,,,,,10.21,9.44,drive,14.99,front,LIDAR_ONLY
0,13.5091,t61,LIDAR_ONLY,19.3378,19.3378,,,,,,,,10.21,9.44,drive,16.06,front,LIDAR_ONLY
0,13.5709,cam_1,CAM_ONLY,40.8916,,35.6731,5.2185,,14.6286,,0,,9.83,9.33,safe,3.04,,CAMERA_ONLY
0,13.6407,cam_1,CAM_ONLY,41.1231,,35.3776,5.7455,,16.2404,,0,,19.56,4.18,safe,3.00,,CAMERA_ONLY
0,13.6407,t58,LIDAR_ONLY,7.1036,7.1036,7.3063,0.2027,0.2027,2.7742,2.7742,1,1,19.56,4.18,stop,-19.93,front,LIDAR_ONLY
0,13.6407,t61,LIDAR_ONLY,19.4519,19.4519,60.3930,40.9411,40.9411,67.7912,67.7912,0,0,19.56,4.18,drive,14.48,front,LIDAR_ONLY
0,13.6407,t61,LIDAR_ONLY,19.4835,19.4835,60.3930,40.9095,40.9095,67.7388,67.7388,0,0,19.56,4.18,drive,15.59,front,LIDAR_ONLY
0,13.6962,cam_1,CAM_ONLY,40.2538,,35.1318,5.1221,,14.5796,,0,,9.82,4.06,safe,2.73,,CAMERA_ONLY
0,13.6962,t64,LIDAR_ONLY,9.8375,9.8375,,,,,,,,9.82,4.06,slow,29.15,front,LIDAR_ONLY
0,13.6962,t58,LIDAR_ONLY,7.3217,7.3217,7.6632,0.3415,0.3415,4.4562,4.4562,1,1,9.82,4.06,stop,-19.92,front,LIDAR_ONLY
0,13.6962,t61,LIDAR_ONLY,19.5229,19.5229,60.1710,40.6480,40.6480,67.5542,67.5542,0,0,9.82,4.06,drive,14.86,front,LIDAR_ONLY
0,13.7703,cam_1,CAM_ONLY,40.9487,,34.7789,6.1698,,17.7402,,0,,17.57,14.47,safe,2.55,,CAMERA_ONLY
0,13.8934,cam_1,CAM_ONLY,38.6176,,34.2373,4.3803,,12.7940,,0,,13.56,3.62,safe,1.92,,CAMERA_ONLY
0,13.8934,t61,LIDAR_ONLY,19.5836,19.5836,,,,,,,,13.56,3.62,drive,13.44,front,LIDAR_ONLY
0,13.8934,t61,LIDAR_ONLY,19.6286,19.6286,,,,,,,,13.56,3.62,drive,14.62,front,LIDAR_ONLY
0,13.8934,t61,LIDAR_ONLY,19.2381,19.2381,,,,,,,,13.56,3.62,drive,15.72,front,LIDAR_ONLY
0,13.8934,t61,LIDAR_ONLY,18.5548,18.5548,,,,,,,,13.56,3.62,cautious,16.84,front,LIDAR_ONLY
0,13.8934,t58,LIDAR_ONLY,7.5398,7.5398,9.1318,1.5920,1.5920,17.4333,17.4333,0,0,13.56,3.62,stop,-15.88,front,LIDAR_ONLY
0,13.9784,cam_1,CAM_ONLY,38.6504,,33.9122,4.7383,,13.9722,,0,,24.34,11.93,safe,1.66,,CAMERA_ONLY
0,14.0499,cam_1,CAM_ONLY,37.5594,,33.5765,3.9829,,11.8622,,0,,13.50,6.00,safe,1.30,,CAMERA_ONLY
0,14.0499,t61,LIDAR_ONLY,18.5305,18.5305,,,,,,,,13.50,6.00,cautious,12.96,front,LIDAR_ONLY
0,14.0499,t61,LIDAR_ONLY,17.3189,17.3189,,,,,,,,13.50,6.00,cautious,16.22,front,LIDAR_ONLY
0,14.0499,t61,LIDAR_ONLY,17.0622,17.0622,,,,,,,,13.50,6.00,cautious,13.51,front,LIDAR_ONLY
0,14.0499,t61,LIDAR_ONLY,17.0653,17.0653,,,,,,,,13.50,6.00,cautious,14.82,front,LIDAR_ONLY
0,14.1194,cam_1,CAM_ONLY,38.2947,,33.2789,5.0157,,15.0718,,0,,16.68,9.18,safe,1.16,,CAMERA_ONLY
0,14.1928,cam_1,CAM_ONLY,37.2414,,32.9450,4.2964,,13.0412,,0,,16.77,4.08,safe,1.12,,CAMERA_ONLY
0,14.1928,t61,LIDAR_ONLY,16.3338,16.3338,,,,,,,,16.77,4.08,cautious,17.01,front,LIDAR_ONLY
0,14.1928,t61,LIDAR_ONLY,16.3435,16.3435,,,,,,,,16.77,4.08,cautious,13.84,front,LIDAR_ONLY
0,14.1928,t61,LIDAR_ONLY,16.4073,16.4073,,,,,,,,16.77,4.08,cautious,14.74,front,LIDAR_ONLY
0,14.1928,t72,LIDAR_ONLY,12.3579,12.3579,11.3520,1.0059,1.0059,8.8614,8.8614,0,0,16.77,4.08,slow,-16.68,front,LIDAR_ONLY
0,14.2574,cam_1,CAM_ONLY,36.1155,,32.6931,3.4224,,10.4682,,0,,9.46,8.69,safe,1.39,,CAMERA_ONLY
0,14.2574,t61,LIDAR_ONLY,16.5459,16.5459,57.8749,41.3290,41.3290,71.4110,71.4110,0,0,9.46,8.69,cautious,13.57,front,LIDAR_ONLY
0,14.3271,cam_1,CAM_ONLY,36.1674,,32.3853,3.7821,,11.6784,,0,,11.31,3.62,safe,1.70,,CAMERA_ONLY
0,14.3996,cam_1,CAM_ONLY,37.1071,,32.0258,5.0812,,15.8661,,0,,18.87,7.43,safe,2.06,,CAMERA_ONLY
0,14.3996,t61,LIDAR_ONLY,16.7913,16.7913,,,,,,,,18.87,7.43,cautious,14.27,front,LIDAR_ONLY
0,14.3996,t61,LIDAR_ONLY,17.4720,17.4720,,,,,,,,18.87,7.43,cautious,15.79,front,LIDAR_ONLY
0,14.3996,t61,LIDAR_ONLY,17.7159,17.7159,,,,,,,,18.87,7.43,cautious,17.33,front,LIDAR_ONLY
0,14.4709,cam_1,CAM_ONLY,34.8747,,31.7324,3.1423,,9.9024,,0,,13.41,5.04,slowdown,2.73,,CAMERA_ONLY
0,14.5301,cam_1,CAM_ONLY,35.5573,,31.4284,4.1289,,13.1375,,0,,9.31,3.86,safe,3.04,,CAMERA_ONLY
0,14.5935,cam_1,CAM_ONLY,34.8717,,31.1212,3.7504,,12.0511,,0,,13.22,8.27,slowdown,3.44,,CAMERA_ONLY
0,14.5935,t61,LIDAR_ONLY,17.9485,17.9485,56.0781,38.1297,38.1297,67.9938,67.9938,0,0,13.22,8.27,cautious,16.16,front,LIDAR_ONLY
0,14.6641,cam_1,CAM_ONLY,35.3645,,30.8274,4.5370,,14.7176,,0,,13.78,10.35,slowdown,3.62,,CAMERA_ONLY
0,14.7334,cam_1,CAM_ONLY,33.5743,,30.5102,3.0641,,10.0429,,0,,9.20,3.99,slowdown,3.75,,CAMERA_ONLY
0,14.8013,cam_1,CAM_ONLY,32.9707,,30.2023,2.7684,,9.1663,,0,,12.18,8.46,slowdown,3.67,,CAMERA_ONLY
0,14.8013,t61,LIDAR_ONLY,18.1596,18.1596,,,,,,,,12.18,8.46,cautious,15.18,front,LIDAR_ONLY
0,14.8013,t61,LIDAR_ONLY,18.1809,18.1809,,,,,,,,12.18,8.46,cautious,17.01,front,LIDAR_ONLY
0,14.8013,t61,LIDAR_ONLY,18.0141,18.0141,,,,,,,,12.18,8.46,cautious,19.36,front,LIDAR_ONLY
0,14.8013,t61,LIDAR_ONLY,18.1277,18.1277,,,,,,,,12.18,8.46,cautious,18.60,front,LIDAR_ONLY
0,14.8693,cam_1,CAM_ONLY,32.9987,,29.9135,3.0851,,10.3135,,0,,16.26,8.43,slowdown,3.49,,CAMERA_ONLY
0,14.9380,t85,BOTH,32.9981,20.1986,,,,,,,,18.14,2.06,slowdown,3.31,,FULL_ANGLE
0,14.9380,t61,LIDAR_ONLY,12.2439,12.2439,,,,,,,,18.14,2.06,slow,25.91,front,LIDAR_ONLY
0,14.9380,t85,LIDAR_ONLY,19.4262,19.4262,,,,,,,,18.14,2.06,drive,16.68,front,LIDAR_ONLY
0,14.9380,t86,LIDAR_ONLY,15.9146,15.9146,15.2607,0.6539,0.6539,4.2850,4.2850,1,1,18.14,2.06,cautious,-11.30,front,LIDAR_ONLY
0,15.0167,cam_1,CAM_ONLY,32.3606,,29.2889,3.0718,,10.4879,,0,,14.83,15.26,slowdown,3.04,,CAMERA_ONLY
0,15.0861,cam_1,CAM_ONLY,31.7508,,29.0361,2.7147,,9.3494,,0,,13.48,3.91,slowdown,2.77,,CAMERA_ONLY
0,15.1745,cam_1,CAM_ONLY,32.3315,,28.7381,3.5934,,12.5039,,0,,21.14,21.84,slowdown,2.68,,CAMERA_ONLY
0,15.2434,t93,BOTH,30.9794,20.8629,53.6349,22.6555,32.7720,42.2403,61.1020,0,0,16.70,3.31,slowdown,2.42,,FULL_ANGLE
0,15.2434,t93,LIDAR_ONLY,19.3015,19.3015,53.6349,34.3334,34.3334,64.0132,64.0132,0,0,16.70,3.31,drive,15.18,front,LIDAR_ONLY
0,15.2434,t94,LIDAR_ONLY,17.1604,17.1604,16.5317,0.6287,0.6287,3.8031,3.8031,1,1,16.70,3.31,cautious,-11.02,front,LIDAR_ONLY
0,15.3092,cam_1,CAM_ONLY,30.8069,,28.2817,2.5253,,8.9290,,0,,11.69,10.60,slowdown,2.19,,CAMERA_ONLY
0,15.3764,cam_1,CAM_ONLY,30.1986,,28.1012,2.0974,,7.4636,,0,,13.35,3.72,slowdown,2.06,,CAMERA_ONLY
0,15.4438,t93,BOTH,31.1847,19.1526,53.0554,21.8707,33.9028,41.2224,63.9007,0,0,18.10,4.24,safe,2.01,,FULL_ANGLE
0,15.4438,t93,LIDAR_ONLY,19.0750,19.0750,53.0554,33.9804,33.9804,64.0470,64.0470,0,0,18.10,4.24,drive,14.83,front,LIDAR_ONLY
0,15.4438,t94,LIDAR_ONLY,17.3302,17.3302,17.7806,0.4504,0.4504,2.5331,2.5331,1,1,18.10,4.24,cautious,-10.45,front,LIDAR_ONLY
0,15.5284,cam_1,CAM_ONLY,31.2825,,27.6865,3.5960,,12.9885,,0,,26.03,8.77,safe,1.83,,CAMERA_ONLY
0,15.6051,t93,BOTH,30.0201,19.2610,52.7075,22.6874,33.4465,43.0439,63.4568,0,0,18.96,9.62,safe,1.75,,FULL_ANGLE
0,15.6051,t93,LIDAR_ONLY,19.0432,19.0432,52.7075,33.6643,33.6643,63.8700,63.8700,0,0,18.96,9.62,drive,14.95,front,LIDAR_ONLY
0,15.6715,cam_1,CAM_ONLY,29.0914,,27.3698,1.7216,,6.2903,,0,,8.93,10.15,safe,1.48,,CAMERA_ONLY
0,15.7384,t103,BOTH,28.2208,20.4499,27.2312,0.9895,6.7813,3.6339,24.9027,1,0,14.47,3.23,safe,1.39,,FULL_ANGLE
0,15.7384,t93,LIDAR_ONLY,11.6788,11.6788,,,,,,,,14.47,3.23,cautious,24.87,front,LIDAR_ONLY
0,15.7384,t102,LIDAR_ONLY,19.7853,19.7853,52.4555,32.6701,32.6701,62.2817,62.2817,0,0,14.47,3.23,drive,13.44,front,LIDAR_ONLY
0,15.8053,t102,BOTH,28.0214,19.4694,,,,,,,,9.90,8.55,safe,1.34,,FULL_ANGLE
0,15.8053,t102,LIDAR_ONLY,18.3963,18.3963,,,,,,,,9.90,8.55,drive,15.77,front,LIDAR_ONLY
0,15.8750,cam_1,CAM_ONLY,28.0443,,26.9745,1.0698,,3.9659,,0,,19.41,3.99,safe,1.30,,CAMERA_ONLY
0,15.9329,cam_1,CAM_ONLY,28.4843,,26.8813,1.6030,,5.9631,,0,,9.28,4.01,safe,1.30,,CAMERA_ONLY
0,16.0032,t102,BOTH,28.3167,18.4125,,,,,,,,16.68,9.74,safe,1.30,,FULL_ANGLE
0,16.0032,t102,LIDAR_ONLY,17.8818,17.8818,,,,,,,,16.68,9.74,drive,15.71,front,LIDAR_ONLY
0,16.0794,cam_1,CAM_ONLY,27.9804,,26.6092,1.3712,,5.1531,,0,,16.48,10.20,safe,1.48,,CAMERA_ONLY
0,16.1535,t102,BOTH,28.2646,17.7066,,,,,,,,16.17,9.31,safe,1.75,,FULL_ANGLE
0,16.1535,t102,LIDAR_ONLY,17.1685,17.1685,,,,,,,,16.17,9.31,drive,16.95,front,LIDAR_ONLY
0,16.1535,t102,LIDAR_ONLY,17.2012,17.2012,,,,,,,,16.17,9.31,drive,16.10,front,LIDAR_ONLY
0,16.1535,t102,LIDAR_ONLY,16.9592,16.9592,,,,,,,,16.17,9.31,drive,17.67,front,LIDAR_ONLY
0,16.2138,cam_1,CAM_ONLY,27.7397,,26.3066,1.4331,,5.4476,,0,,10.80,10.43,slowdown,1.92,,CAMERA_ONLY
0,16.2809,cam_1,CAM_ONLY,27.7341,,26.1167,1.6174,,6.1931,,0,,14.11,2.80,slowdown,2.10,,CAMERA_ONLY
0,16.2809,t112,LIDAR_ONLY,36.1369,36.1369,,,,,,,,14.11,2.80,drive,-22.55,front,LIDAR_ONLY
0,16.3551,t102,BOTH,27.3401,16.3000,,,,,,,,18.32,9.89,slowdown,2.37,,FULL_ANGLE
0,16.3551,t102,LIDAR_ONLY,16.9312,16.9312,,,,,,,,18.32,9.89,cautious,17.56,front,LIDAR_ONLY
0,16.4413,t114,BOTH,27.6442,24.3221,25.6760,1.9682,1.3539,7.6657,5.2729,0,0,21.59,3.08,slowdown,2.64,,FULL_ANGLE
0,16.4413,t113,LIDAR_ONLY,10.3210,10.3210,,,,,,,,21.59,3.08,slow,27.54,front,LIDAR_ONLY
0,16.4413,t102,LIDAR_ONLY,16.3195,16.3195,50.7667,34.4472,34.4472,67.8539,67.8539,0,0,21.59,3.08,cautious,17.67,front,LIDAR_ONLY
0,16.4413,t102,LIDAR_ONLY,16.2190,16.2190,50.7667,34.5477,34.5477,68.0519,68.0519,0,0,21.59,3.08,cautious,18.61,front,LIDAR_ONLY
0,16.4413,t102,LIDAR_ONLY,16.3399,16.3399,50.7667,34.4268,34.4268,67.8137,67.8137,0,0,21.59,3.08,cautious,16.08,front,LIDAR_ONLY
0,16.5179,cam_1,CAM_ONLY,28.0030,,25.4645,2.5385,,9.9689,,0,,17.87,13.64,slowdown,2.86,,CAMERA_ONLY
0,16.5823,cam_1,CAM_ONLY,27.9286,,25.2846,2.6440,,10.4570,,0,,18.37,3.32,slowdown,3.04,,CAMERA_ONLY
0,16.6393,t114,BOTH,26.9255,24.5389,24.7089,2.2166,0.1701,8.9707,0.6882,0,1,10.24,1.91,slowdown,3.17,,FULL_ANGLE
0,16.6393,t120,LIDAR_ONLY,35.2664,35.2664,,,,,,,,10.24,1.91,drive,-22.35,front,LIDAR_ONLY
0,16.6393,t102,LIDAR_ONLY,16.5117,16.5117,50.1901,33.6783,33.6783,67.1016,67.1016,0,0,10.24,1.91,cautious,16.62,front,LIDAR_ONLY
0,16.6393,t114,LIDAR_ONLY,24.4342,24.4342,24.7089,0.2748,0.2748,1.1120,1.1120,1,1,10.24,1.91,drive,-4.92,front,LIDAR_ONLY
0,16.7084,cam_1,CAM_ONLY,26.6987,,24.9614,1.7372,,6.9597,,0,,10.61,11.09,warning,3.17,,CAMERA_ONLY
0,16.7792,cam_1,CAM_ONLY,27.1207,,24.7508,2.3699,,9.5749,,0,,10.87,3.60,slowdown,3.26,,CAMERA_ONLY
0,16.8418,t114,BOTH,26.9878,24.8048,25.5595,1.4283,0.7548,5.5880,2.9530,0,1,13.25,5.77,slowdown,3.31,,FULL_ANGLE
0,16.8418,t120,LIDAR_ONLY,35.0299,35.0299,,,,,,,,13.25,5.77,drive,-22.62,front,LIDAR_ONLY
0,16.8418,t102,LIDAR_ONLY,16.5704,16.5704,,,,,,,,13.25,5.77,cautious,18.29,front,LIDAR_ONLY
0,16.8418,t114,LIDAR_ONLY,24.7017,24.7017,25.5595,0.8578,0.8578,3.3562,3.3562,1,1,13.25,5.77,drive,-3.84,front,LIDAR_ONLY
0,16.9176,cam_1,CAM_ONLY,26.9533,,24.4206,2.5327,,10.3712,,0,,9.72,14.78,slowdown,3.40,,CAMERA_ONLY
0,16.9775,cam_1,CAM_ONLY,26.8519,,24.2201,2.6318,,10.8661,,0,,12.96,3.65,slowdown,3.49,,CAMERA_ONLY
0,17.0596,cam_1,CAM_ONLY,26.4811,,24.0242,2.4569,,10.2270,,0,,16.05,13.16,warning,3.53,,CAMERA_ONLY
0,17.1234,cam_1,CAM_ONLY,26.2877,,23.8518,2.4359,,10.2126,,0,,9.98,8.88,warning,3.58,,CAMERA_ONLY
0,17.1991,t126,BOTH,25.9221,26.0207,27.5149,1.5928,1.4942,5.7889,5.4304,0,0,20.59,5.83,warning,3.67,,FULL_ANGLE
0,17.1991,t125,LIDAR_ONLY,16.5798,16.5798,,,,,,,,20.59,5.83,cautious,18.37,front,LIDAR_ONLY
0,17.1991,t126,LIDAR_ONLY,27.7540,27.7540,27.5149,0.2391,0.2391,0.8690,0.8690,1,1,20.59,5.83,drive,-3.01,front,LIDAR_ONLY
0,17.2670,cam_1,CAM_ONLY,25.9233,,23.4692,2.4541,,10.4565,,0,,12.10,14.00,warning,3.75,,CAMERA_ONLY
0,17.3326,cam_1,CAM_ONLY,25.0152,,23.3163,1.6989,,7.2862,,0,,18.42,2.60,warning,3.84,,CAMERA_ONLY
0,17.4094,t125,BOTH,25.3528,16.5353,23.1082,2.2445,6.5729,9.7131,28.4441,0,0,18.66,11.20,warning,3.93,,FULL_ANGLE
0,17.4769,cam_1,CAM_ONLY,18.6826,,22.9545,4.2720,,18.6105,,0,,10.33,8.83,warning,-0.63,,CAMERA_ONLY
0,17.4769,cam_1,CAM_ONLY,25.1826,,22.9545,2.2281,,9.7066,,0,,10.33,8.83,warning,3.98,,CAMERA_ONLY
0,17.5488,t133,BOTH,19.5425,26.4280,30.0095,10.4670,3.5815,34.8791,11.9346,0,0,16.79,3.83,warning,-0.63,,FULL_ANGLE
0,17.5488,t133,BOTH,24.4072,26.4280,30.0095,5.6022,3.5815,18.6683,11.9346,0,0,16.79,3.83,warning,4.02,,FULL_ANGLE
0,17.5488,t133,LIDAR_ONLY,30.1607,30.1607,30.0095,0.1512,0.1512,0.5039,0.5039,1,1,16.79,3.83,drive,-1.18,front,LIDAR_ONLY
0,17.6194,cam_1,CAM_ONLY,19.9462,,22.6699,2.7237,,12.0146,,0,,16.61,10.11,warning,-0.27,,CAMERA_ONLY
0,17.6194,cam_1,CAM_ONLY,23.3244,,22.6699,0.6545,,2.8872,,1,,16.61,10.11,warning,4.07,,CAMERA_ONLY
0,17.6963,t133,BOTH,20.2286,25.1396,22.5321,2.3035,2.6074,10.2232,11.5721,0,0,11.01,8.20,warning,0.13,,FULL_ANGLE
0,17.6963,t133,BOTH,23.5060,25.1396,22.5321,0.9739,2.6074,4.3221,11.5721,1,0,11.01,8.20,warning,4.16,,FULL_ANGLE
0,17.7736,cam_1,CAM_ONLY,20.4851,,22.3714,1.8863,,8.4318,,0,,14.28,3.12,warning,0.45,,CAMERA_ONLY
0,17.7736,cam_1,CAM_ONLY,23.3007,,22.3714,0.9293,,4.1540,,1,,14.28,3.12,warning,4.16,,CAMERA_ONLY
0,17.8340,t133,BOTH,20.5679,25.5247,31.9725,11.4046,6.4478,35.6701,20.1668,0,0,13.91,1.75,warning,0.54,,FULL_ANGLE
0,17.8340,t133,BOTH,23.2653,25.2909,31.9725,8.7072,6.6817,27.2334,20.8981,0,0,13.91,1.75,warning,4.20,,FULL_ANGLE
0,17.8340,t133,LIDAR_ONLY,25.9303,25.9303,31.9725,6.0422,6.0422,18.8981,18.8981,0,0,13.91,1.75,drive,-0.39,front,LIDAR_ONLY
0,17.9224,cam_1,CAM_ONLY,20.9895,,22.1547,1.1653,,5.2597,,0,,19.99,10.98,warning,0.76,,CAMERA_ONLY
0,17.9224,cam_1,CAM_ONLY,25.5154,,22.1547,3.3606,,15.1690,,0,,19.99,10.98,safe,4.20,,CAMERA_ONLY
0,17.9790,cam_1,CAM_ONLY,21.3879,,22.1531,0.7652,,3.4542,,1,,13.19,3.31,safe,0.94,,CAMERA_ONLY
0,17.9790,cam_1,CAM_ONLY,22.8451,,22.1531,0.6920,,3.1239,,1,,13.19,3.31,safe,4.33,,CAMERA_ONLY
0,18.0411,t133,BOTH,24.4478,25.3689,22.1526,2.2953,3.2163,10.3613,14.5190,0,0,15.65,1.14,safe,4.38,,FULL_ANGLE
0,18.0411,t143,LIDAR_ONLY,16.2197,16.2197,,,,,,,,15.65,1.14,drive,19.64,front,LIDAR_ONLY
0,18.1123,cam_1,CAM_ONLY,24.8501,,22.1443,2.7059,,12.2192,,0,,11.23,10.81,safe,4.38,,CAMERA_ONLY
0,18.1704,cam_1,CAM_ONLY,25.5590,,22.1292,3.4297,,15.4987,,0,,12.16,5.25,safe,4.38,,CAMERA_ONLY
0,18.2343,cam_1,CAM_ONLY,25.4565,,47.0695,21.6130,,45.9171,,0,,12.17,2.75,safe,4.42,,CAMERA_ONLY
0,18.2343,cam_1,CAM_ONLY,31.7615,,47.0695,15.3080,,32.5222,,0,,12.17,2.75,safe,10.66,,CAMERA_ONLY
0,18.2895,t149,BOTH,25.2499,22.3251,22.0745,3.1754,0.2506,14.3849,1.1354,0,1,11.50,1.83,safe,4.47,,FULL_ANGLE
0,18.2895,t147,LIDAR_ONLY,32.4923,32.4923,,,,,,,,11.50,1.83,drive,-23.50,front,LIDAR_ONLY
0,18.2895,t148,LIDAR_ONLY,11.7883,11.7883,,,,,,,,11.50,1.83,cautious,26.06,front,LIDAR_ONLY
0,18.2895,t148,LIDAR_ONLY,11.8189,11.8189,,,,,,,,11.50,1.83,cautious,19.02,front,LIDAR_ONLY
0,18.3631,cam_1,CAM_ONLY,25.1703,,22.0121,3.1582,,14.3477,,0,,14.10,12.47,safe,4.47,,CAMERA_ONLY
0,18.4267,cam_1,CAM_ONLY,24.5394,,46.8939,22.3544,,47.6703,,0,,13.13,7.90,safe,4.60,,CAMERA_ONLY
0,18.4267,cam_1,CAM_ONLY,32.5364,,46.8939,14.3575,,30.6169,,0,,13.13,7.90,safe,10.75,,CAMERA_ONLY
0,18.5174,cam_1,CAM_ONLY,24.3222,,46.7792,22.4570,,48.0063,,0,,18.61,15.08,safe,4.60,,CAMERA_ONLY
0,18.5174,cam_1,CAM_ONLY,32.6318,,46.7792,14.1474,,30.2430,,0,,18.61,15.08,safe,10.84,,CAMERA_ONLY
0,18.5778,cam_1,CAM_ONLY,22.9578,,21.7726,1.1852,,5.4435,,0,,13.89,3.45,warning,4.65,,CAMERA_ONLY
0,18.6308,cam_1,CAM_ONLY,23.5656,,21.6942,1.8714,,8.6261,,0,,9.79,2.61,warning,4.78,,CAMERA_ONLY
0,18.7055,cam_1,CAM_ONLY,23.4057,,21.5676,1.8381,,8.5226,,0,,18.21,10.09,warning,4.78,,CAMERA_ONLY
0,18.7055,t160,LIDAR_ONLY,17.1394,17.1394,,,,,,,,18.21,10.09,drive,19.81,front,LIDAR_ONLY
0,18.7719,cam_1,CAM_ONLY,24.8508,,21.4683,3.3825,,15.7558,,0,,11.91,3.70,slowdown,5.00,,CAMERA_ONLY
0,18.8415,cam_1,CAM_ONLY,24.1440,,21.3482,2.7957,,13.0959,,0,,16.51,2.32,slowdown,5.13,,CAMERA_ONLY
0,18.9130,cam_1,CAM_ONLY,22.3087,,21.2311,1.0775,,5.0753,,0,,16.44,11.98,warning,5.13,,CAMERA_ONLY
0,18.9810,cam_1,CAM_ONLY,22.5651,,21.1474,1.4177,,6.7037,,0,,11.55,3.46,warning,5.13,,CAMERA_ONLY
0,19.0425,t166,BOTH,21.5276,21.3718,21.0369,0.4908,0.3349,2.3328,1.5921,1,1,9.35,2.11,warning,5.18,,FULL_ANGLE
0,19.0425,t164,LIDAR_ONLY,31.5629,31.5629,,,,,,,,9.35,2.11,drive,-23.72,front,LIDAR_ONLY
0,19.1099,cam_1,CAM_ONLY,21.2290,,20.9345,0.2944,,1.4065,,1,,14.37,10.99,warning,5.18,,CAMERA_ONLY
0,19.1736,cam_1,CAM_ONLY,19.9672,,20.8817,0.9145,,4.3795,,1,,9.14,9.97,warning,5.09,,CAMERA_ONLY
0,19.2326,cam_1,CAM_ONLY,18.6441,,20.8793,2.2353,,10.7056,,0,,9.91,3.46,warning,5.09,,CAMERA_ONLY
0,19.2869,t173,BOTH,18.5174,21.1405,20.8793,2.3619,0.2612,11.3122,1.2509,0,1,10.79,2.06,warning,5.09,,FULL_ANGLE
0,19.3645,cam_1,CAM_ONLY,18.4636,,20.8792,2.4156,,11.5694,,0,,14.84,13.16,warning,5.09,,CAMERA_ONLY
0,19.4331,cam_1,CAM_ONLY,18.6848,,20.8791,2.1942,,10.5093,,0,,19.36,4.72,warning,5.09,,CAMERA_ONLY
0,19.4960,t173,BOTH,19.7239,21.1444,20.8790,1.1551,0.2654,5.5326,1.2711,0,1,10.61,4.53,safe,5.09,,FULL_ANGLE
0,19.5670,cam_1,CAM_ONLY,18.5765,,20.8786,2.3021,,11.0260,,0,,13.11,9.65,warning,5.13,,CAMERA_ONLY
0,19.6340,cam_1,CAM_ONLY,18.8230,,20.8785,2.0555,,9.8450,,0,,19.58,3.56,warning,5.09,,CAMERA_ONLY
0,19.7202,cam_1,CAM_ONLY,19.5260,,20.8784,1.3525,,6.4779,,0,,21.39,10.19,warning,5.09,,CAMERA_ONLY
0,19.7852,t181,BOTH,20.1798,21.1693,20.8784,0.6986,0.2909,3.3461,1.3932,1,1,17.06,1.29,safe,5.05,,FULL_ANGLE
0,19.7852,t180,LIDAR_ONLY,15.5496,15.5496,,,,,,,,17.06,1.29,drive,21.24,front,LIDAR_ONLY
0,19.8573,cam_1,CAM_ONLY,21.3698,,20.8790,0.4907,,2.3503,,1,,10.54,10.21,safe,5.05,,CAMERA_ONLY
0,19.9428,t181,BOTH,21.8713,21.1744,20.8784,0.9929,0.2960,4.7557,1.4179,1,1,17.25,1.74,safe,5.05,,FULL_ANGLE
0,19.9428,t180,LIDAR_ONLY,11.7893,11.7893,,,,,,,,17.25,1.74,cautious,27.73,front,LIDAR_ONLY
0,19.9428,t180,LIDAR_ONLY,11.8403,11.8403,,,,,,,,17.25,1.74,cautious,19.91,front,LIDAR_ONLY
0,19.9428,t180,LIDAR_ONLY,11.9085,11.9085,,,,,,,,17.25,1.74,cautious,20.86,front,LIDAR_ONLY
0,20.0230,cam_1,CAM_ONLY,23.0602,,20.8668,2.1933,,10.5112,,0,,15.31,5.44,safe,5.00,,CAMERA_ONLY
0,20.0892,t181,BOTH,23.6298,21.1752,20.8489,2.7809,0.3264,13.3386,1.5653,0,1,17.37,1.84,safe,5.00,,FULL_ANGLE
0,20.0892,t185,LIDAR_ONLY,31.3444,31.3444,,,,,,,,17.37,1.84,drive,-24.11,front,LIDAR_ONLY
0,20.0892,t180,LIDAR_ONLY,12.0425,12.0425,,,,,,,,17.37,1.84,cautious,24.04,front,LIDAR_ONLY
0,20.0892,t180,LIDAR_ONLY,12.1169,12.1169,,,,,,,,17.37,1.84,cautious,20.10,front,LIDAR_ONLY
0,20.1680,cam_1,CAM_ONLY,23.6195,,20.8128,2.8067,,13.4855,,0,,16.59,10.56,safe,4.96,,CAMERA_ONLY
0,20.2265,cam_1,CAM_ONLY,22.9713,,20.7851,2.1862,,10.5180,,0,,10.23,4.56,safe,4.91,,CAMERA_ONLY
0,20.3388,t191,BOTH,21.9473,21.0110,20.7048,1.2425,0.3062,6.0010,1.4788,0,1,10.00,1.96,slowdown,4.78,,FULL_ANGLE
0,20.4007,t191,BOTH,24.1288,21.0129,20.6501,3.4787,0.3628,16.8459,1.7570,0,1,12.80,7.19,safe,4.78,,FULL_ANGLE
0,20.4007,t193,LIDAR_ONLY,17.3214,17.3214,68.1673,50.8459,50.8459,74.5899,74.5899,0,0,12.80,7.19,drive,19.71,front,LIDAR_ONLY
0,20.5863,cam_2,CAM_ONLY,24.4212,,20.4300,3.9912,,19.5362,,0,,11.79,4.15,slowdown,4.51,,CAMERA_ONLY
0,20.6471,t200,BOTH,24.4812,20.6956,20.3290,4.1521,0.3665,20.4245,1.8029,0,1,9.34,4.01,slowdown,4.42,,FULL_ANGLE
0,20.6471,t199,LIDAR_ONLY,16.3241,16.3241,,,,,,,,9.34,4.01,drive,20.11,front,LIDAR_ONLY
0,20.6471,t199,LIDAR_ONLY,15.9658,15.9658,,,,,,,,9.34,4.01,cautious,21.00,front,LIDAR_ONLY
0,20.7135,cam_2,CAM_ONLY,24.5829,,20.2175,4.3654,,21.5922,,0,,9.73,13.10,slowdown,4.38,,CAMERA_ONLY
0,20.8365,t199,LIDAR_ONLY,13.0738,13.0738,,,,,,,,10.00,1.41,cautious,23.96,front,LIDAR_ONLY
0,20.8365,t204,LIDAR_ONLY,30.5100,30.5100,,,,,,,,10.00,1.41,drive,-25.95,front,LIDAR_ONLY
0,20.8365,t200,LIDAR_ONLY,20.4856,20.4856,20.0049,0.4807,0.4807,2.4029,2.4029,1,1,10.00,1.41,drive,3.97,front,LIDAR_ONLY
0,20.9504,t199,LIDAR_ONLY,13.2182,13.2182,71.2021,57.9839,57.9839,81.4356,81.4356,0,0,10.56,4.25,cautious,19.46,front,LIDAR_ONLY
0,20.9504,t200,LIDAR_ONLY,20.4435,20.4435,19.7736,0.6698,0.6698,3.3876,3.3876,1,1,10.56,4.25,drive,2.07,front,LIDAR_ONLY
0,20.9504,t200,LIDAR_ONLY,20.3590,20.3590,19.7736,0.5854,0.5854,2.9603,2.9603,1,1,10.56,4.25,drive,4.52,front,LIDAR_ONLY
0,21.1915,t200,BOTH,21.3965,20.1701,19.2440,2.1525,0.9262,11.1852,4.8127,0,1,13.05,2.17,warning,3.49,,FULL_ANGLE
0,21.1915,t208,LIDAR_ONLY,29.9013,29.9013,,,,,,,,13.05,2.17,drive,-27.16,front,LIDAR_ONLY
0,21.1915,t199,LIDAR_ONLY,11.8706,11.8706,,,,,,,,13.05,2.17,cautious,27.44,front,LIDAR_ONLY
0,21.2547,t200,BOTH,20.2661,19.8895,19.1051,1.1610,0.7844,6.0769,4.1057,0,1,9.64,8.85,warning,3.44,,FULL_ANGLE
0,21.2547,t199,LIDAR_ONLY,11.8869,11.8869,72.6713,60.7843,60.7843,83.6429,83.6429,0,0,9.64,8.85,cautious,18.71,front,LIDAR_ONLY
0,21.2547,t199,LIDAR_ONLY,11.9064,11.9064,72.6713,60.7649,60.7649,83.6161,83.6161,0,0,9.64,8.85,cautious,19.77,front,LIDAR_ONLY
0,21.3264,cam_3,CAM_ONLY,20.0857,,18.9095,1.1762,,6.2201,,0,,13.68,4.20,warning,3.35,,CAMERA_ONLY
0,21.3932,t200,BOTH,19.8675,19.5449,18.7455,1.1220,0.7993,5.9854,4.2642,0,1,9.79,2.67,warning,3.31,,FULL_ANGLE
0,21.3932,t199,LIDAR_ONLY,11.9182,11.9182,73.3045,61.3864,61.3864,83.7416,83.7416,0,0,9.79,2.67,cautious,18.90,front,LIDAR_ONLY
0,21.4673,cam_3,CAM_ONLY,20.7330,,18.5815,2.1515,,11.5787,,0,,12.33,11.95,warning,3.31,,CAMERA_ONLY
0,21.5336,cam_3,CAM_ONLY,19.6533,,18.4358,1.2175,,6.6038,,0,,12.33,2.29,warning,3.22,,CAMERA_ONLY
0,21.6175,cam_3,CAM_ONLY,19.9978,,18.2289,1.7688,,9.7033,,0,,18.57,14.07,warning,3.22,,CAMERA_ONLY
0,21.6906,t222,BOTH,19.6009,18.3643,18.0745,1.5264,0.2898,8.4452,1.6036,0,1,13.49,1.35,warning,3.13,,FULL_ANGLE
0,21.6906,t220,LIDAR_ONLY,28.7418,28.7418,,,,,,,,13.49,1.35,drive,-28.69,front,LIDAR_ONLY
0,21.6906,t221,LIDAR_ONLY,14.1150,14.1150,74.6959,60.5808,60.5808,81.1033,81.1033,0,0,13.49,1.35,cautious,21.50,front,LIDAR_ONLY
0,21.6906,t221,LIDAR_ONLY,14.5252,14.5252,74.6959,60.1707,60.1707,80.5542,80.5542,0,0,13.49,1.35,cautious,19.02,front,LIDAR_ONLY
0,21.7759,cam_3,CAM_ONLY,19.1403,,17.9110,1.2294,,6.8638,,0,,14.83,10.46,warning,3.09,,CAMERA_ONLY
0,21.8397,t222,BOTH,18.1149,18.2481,17.7911,0.3238,0.4570,1.8198,2.5684,1,1,9.39,1.71,warning,3.04,,FULL_ANGLE
0,21.8397,t221,LIDAR_ONLY,14.5705,14.5705,74.4655,59.8949,59.8949,80.4332,80.4332,0,0,9.39,1.71,cautious,21.43,front,LIDAR_ONLY
0,21.8397,t220,LIDAR_ONLY,28.6047,28.6047,,,,,,,,9.39,1.71,drive,-29.15,front,LIDAR_ONLY
0,21.9177,cam_3,CAM_ONLY,17.8493,,17.6546,0.1948,,1.1033,,1,,13.27,13.51,warning,2.95,,CAMERA_ONLY
0,21.9884,t222,BOTH,17.5892,18.0951,17.5314,0.0579,0.5637,0.3301,3.2155,1,1,18.34,3.40,stop,2.95,,FULL_ANGLE
0,21.9884,t220,LIDAR_ONLY,28.5420,28.5420,,,,,,,,18.34,3.40,drive,-29.12,front,LIDAR_ONLY
0,22.0630,cam_3,CAM_ONLY,17.3531,,17.4442,0.0912,,0.5227,,1,,13.51,11.10,warning,3.00,,CAMERA_ONLY
0,22.1497,t222,BOTH,17.9899,18.0079,17.4333,0.5566,0.5747,3.1930,3.2964,1,1,14.79,7.26,warning,3.13,,FULL_ANGLE
0,22.1497,t220,LIDAR_ONLY,28.4845,28.4845,,,,,,,,14.79,7.26,drive,-29.14,front,LIDAR_ONLY
0,22.1497,t230,LIDAR_ONLY,17.0849,17.0849,74.0806,56.9957,56.9957,76.9374,76.9374,0,0,14.79,7.26,drive,19.20,front,LIDAR_ONLY
0,22.2387,t222,BOTH,17.8933,17.9537,17.4331,0.4602,0.5206,2.6396,2.9864,1,1,19.39,2.55,warning,3.13,,FULL_ANGLE
0,22.2387,t230,LIDAR_ONLY,17.2820,17.2820,74.0805,56.7985,56.7985,76.6714,76.6714,0,0,19.39,2.55,drive,18.52,front,LIDAR_ONLY
0,22.3170,cam_3,CAM_ONLY,17.6566,,17.4330,0.2236,,1.2828,,1,,11.67,14.36,warning,3.13,,CAMERA_ONLY
0,22.4375,cam_3,CAM_ONLY,17.6853,,17.4328,0.2524,,1.4479,,1,,24.26,25.84,warning,3.13,,CAMERA_ONLY
0,22.5171,cam_3,CAM_ONLY,18.3686,,17.4328,0.9358,,5.3682,,1,,11.54,8.80,warning,3.17,,CAMERA_ONLY
0,22.6004,cam_3,CAM_ONLY,18.6100,,17.4327,1.1773,,6.7532,,0,,16.33,12.56,warning,3.22,,CAMERA_ONLY
0,22.6004,t234,LIDAR_ONLY,15.0716,15.0716,74.0801,59.0085,59.0085,79.6550,79.6550,0,0,16.33,12.56,drive,20.83,front,LIDAR_ONLY
0,22.6004,t234,LIDAR_ONLY,15.3239,15.3239,74.0801,58.7562,58.7562,79.3144,79.3144,0,0,16.33,12.56,drive,18.61,front,LIDAR_ONLY
0,22.6745,cam_3,CAM_ONLY,18.1920,,17.4327,0.7593,,4.3556,,1,,14.99,3.62,warning,3.22,,CAMERA_ONLY
0,22.7374,cam_3,CAM_ONLY,18.1233,,17.4327,0.6906,,3.9616,,1,,9.28,2.65,warning,3.22,,CAMERA_ONLY
0,22.7374,t237,LIDAR_ONLY,28.2774,28.2774,,,,,,,,9.28,2.65,drive,-29.25,front,LIDAR_ONLY
0,22.8190,cam_3,CAM_ONLY,17.8768,,17.4327,0.4441,,2.5475,,1,,15.91,14.02,warning,3.22,,CAMERA_ONLY
0,22.8798,t241,BOTH,17.8209,17.6502,17.4327,0.3882,0.2175,2.2267,1.2474,1,1,9.48,2.22,warning,3.22,,FULL_ANGLE
0,22.9606,cam_3,CAM_ONLY,17.6006,,17.4327,0.1679,,0.9634,,1,,16.79,12.99,warning,3.22,,CAMERA_ONLY
0,23.0326,cam_3,CAM_ONLY,17.6619,,17.4327,0.2293,,1.3151,,1,,13.98,5.42,warning,3.17,,CAMERA_ONLY
0,23.1359,cam_3,CAM_ONLY,17.6223,,17.4327,0.1896,,1.0879,,1,,23.81,24.58,warning,3.17,,CAMERA_ONLY
0,23.2110,cam_3,CAM_ONLY,17.5542,,17.4327,0.1215,,0.6970,,1,,12.64,12.11,warning,3.17,,CAMERA_ONLY
0,23.2806,cam_3,CAM_ONLY,17.6891,,17.4327,0.2564,,1.4708,,1,,9.22,7.80,warning,3.22,,CAMERA_ONLY
0,23.3627,cam_3,CAM_ONLY,17.7035,,17.4327,0.2708,,1.5534,,1,,12.24,11.54,warning,3.22,,CAMERA_ONLY
0,23.4331,cam_3,CAM_ONLY,17.7897,,17.4327,0.3571,,2.0482,,1,,12.72,2.72,warning,3.22,,CAMERA_ONLY
0,23.4331,t247,LIDAR_ONLY,28.3434,28.3434,,,,,,,,12.72,2.72,drive,-29.23,front,LIDAR_ONLY
0,23.5094,cam_3,CAM_ONLY,17.6984,,17.4327,0.2657,,1.5240,,1,,13.09,12.64,warning,3.17,,CAMERA_ONLY
0,23.5094,t252,LIDAR_ONLY,18.1872,18.1872,74.0801,55.8928,55.8928,75.4492,75.4492,0,0,13.09,12.64,drive,18.46,front,LIDAR_ONLY
0,23.5094,t252,LIDAR_ONLY,17.1667,17.1667,74.0801,56.9134,56.9134,76.8268,76.8268,0,0,13.09,12.64,drive,19.67,front,LIDAR_ONLY
0,23.5826,cam_3,CAM_ONLY,17.6822,,17.4327,0.2495,,1.4315,,1,,11.63,3.51,warning,3.17,,CAMERA_ONLY
0,23.6654,cam_3,CAM_ONLY,17.5523,,17.4327,0.1196,,0.6861,,1,,13.78,12.44,warning,3.17,,CAMERA_ONLY
0,23.7529,cam_3,CAM_ONLY,17.6472,,17.4327,0.2145,,1.2306,,1,,18.74,9.61,warning,3.17,,CAMERA_ONLY
0,23.7529,t252,LIDAR_ONLY,16.9109,16.9109,74.0801,57.1691,57.1691,77.1721,77.1721,0,0,18.74,9.61,drive,19.60,front,LIDAR_ONLY
0,23.7529,t252,LIDAR_ONLY,16.9688,16.9688,74.0801,57.1112,57.1112,77.0939,77.0939,0,0,18.74,9.61,drive,18.44,front,LIDAR_ONLY
0,23.8254,cam_3,CAM_ONLY,17.6263,,17.4327,0.1936,,1.1107,,1,,13.65,4.42,warning,3.17,,CAMERA_ONLY
0,23.8891,cam_3,CAM_ONLY,17.7852,,17.4327,0.3525,,2.0221,,1,,9.83,3.20,warning,3.22,,CAMERA_ONLY
0,23.8891,t259,LIDAR_ONLY,28.0287,28.0287,,,,,,,,9.83,3.20,drive,-29.54,front,LIDAR_ONLY
0,23.9678,cam_3,CAM_ONLY,17.7319,,17.4327,0.2992,,1.7166,,1,,17.76,12.54,warning,3.17,,CAMERA_ONLY
0,24.0330,cam_3,CAM_ONLY,17.6637,,17.4327,0.2310,,1.3252,,1,,13.71,2.79,warning,3.22,,CAMERA_ONLY
0,24.0330,t259,LIDAR_ONLY,28.0770,28.0770,,,,,,,,13.71,2.79,drive,-29.23,front,LIDAR_ONLY
0,24.1132,cam_3,CAM_ONLY,17.5056,,17.4327,0.0729,,0.4180,,1,,14.27,14.30,warning,3.17,,CAMERA_ONLY
0,24.1810,cam_3,CAM_ONLY,17.5713,,17.4327,0.1386,,0.7953,,1,,13.44,3.24,warning,3.17,,CAMERA_ONLY
0,24.2532,t264,BOTH,17.7256,17.6793,17.4327,0.2929,0.2466,1.6800,1.4144,1,1,10.98,7.22,warning,3.22,,FULL_ANGLE
0,24.2532,t263,LIDAR_ONLY,15.1380,15.1380,74.0801,58.9420,58.9420,79.5653,79.5653,0,0,10.98,7.22,drive,20.76,front,LIDAR_ONLY
0,24.3215,cam_3,CAM_ONLY,17.7578,,17.4327,0.3251,,1.8647,,1,,12.15,5.51,warning,3.22,,CAMERA_ONLY
0,24.3859,t264,BOTH,17.5344,17.6476,17.4327,0.1017,0.2149,0.5836,1.2326,1,1,13.23,1.58,warning,3.22,,FULL_ANGLE
0,24.3859,t267,LIDAR_ONLY,28.3730,28.3730,,,,,,,,13.23,1.58,drive,-29.10,front,LIDAR_ONLY
0,24.4724,cam_3,CAM_ONLY,17.5624,,17.4327,0.1297,,0.7439,,1,,22.09,7.70,warning,3.22,,CAMERA_ONLY
0,24.5519,cam_3,CAM_ONLY,17.5584,,17.4327,0.1257,,0.7213,,1,,11.11,10.32,warning,3.17,,CAMERA_ONLY
0,24.6284,cam_3,CAM_ONLY,17.4769,,17.4327,0.0442,,0.2536,,1,,14.79,6.63,warning,3.17,,CAMERA_ONLY
0,24.7053,cam_3,CAM_ONLY,17.5449,,17.4327,0.1122,,0.6439,,1,,11.59,9.23,warning,3.17,,CAMERA_ONLY
0,24.7710,cam_3,CAM_ONLY,17.5978,,17.4327,0.1651,,0.9474,,1,,10.91,2.52,warning,3.22,,CAMERA_ONLY
0,24.8334,cam_3,CAM_ONLY,17.6621,,17.4327,0.2294,,1.3162,,1,,9.70,3.50,warning,3.22,,CAMERA_ONLY
0,24.8994,t278,BOTH,17.6289,17.6064,17.4327,0.1962,0.1737,1.1257,0.9961,1,1,11.87,6.54,warning,3.17,,FULL_ANGLE
0,24.8994,t277,LIDAR_ONLY,16.8283,16.8283,74.0801,57.2518,57.2518,77.2837,77.2837,0,0,11.87,6.54,drive,19.39,front,LIDAR_ONLY
0,24.9674,cam_3,CAM_ONLY,17.5098,,17.4327,0.0771,,0.4424,,1,,11.66,10.05,warning,3.17,,CAMERA_ONLY
0,25.0327,cam_3,CAM_ONLY,17.6728,,17.4327,0.2401,,1.3775,,1,,11.50,2.21,warning,3.22,,CAMERA_ONLY
0,25.0327,t280,LIDAR_ONLY,28.3080,28.3080,,,,,,,,11.50,2.21,drive,-29.46,front,LIDAR_ONLY
0,25.1258,cam_3,CAM_ONLY,17.6010,,17.4327,0.1683,,0.9656,,1,,20.60,11.64,warning,3.17,,CAMERA_ONLY
0,25.1922,t286,BOTH,17.7283,17.6187,17.4327,0.2957,0.1860,1.6960,1.0668,1,1,11.22,2.96,warning,3.22,,FULL_ANGLE
0,25.1922,t285,LIDAR_ONLY,18.2830,18.2830,74.0801,55.7971,55.7971,75.3200,75.3200,0,0,11.22,2.96,drive,18.41,front,LIDAR_ONLY
0,25.2725,cam_3,CAM_ONLY,17.6438,,17.4327,0.2111,,1.2112,,1,,17.98,7.63,warning,3.22,,CAMERA_ONLY
0,25.3355,t286,BOTH,17.7324,17.6196,17.4327,0.2997,0.1869,1.7190,1.0723,1,1,12.18,1.48,warning,3.17,,FULL_ANGLE
0,25.3355,t289,LIDAR_ONLY,28.1351,28.1351,,,,,,,,12.18,1.48,drive,-29.31,front,LIDAR_ONLY
0,25.4079,cam_3,CAM_ONLY,17.6237,,17.4327,0.1910,,1.0958,,1,,10.10,10.29,warning,3.17,,CAMERA_ONLY
0,25.4853,t286,BOTH,17.7507,17.6247,17.4327,0.3180,0.1920,1.8242,1.1013,1,1,17.69,2.12,warning,3.17,,FULL_ANGLE
0,25.4853,t289,LIDAR_ONLY,28.1697,28.1697,,,,,,,,17.69,2.12,drive,-29.14,front,LIDAR_ONLY
0,25.4853,t291,LIDAR_ONLY,17.9537,17.9537,74.0801,56.1263,56.1263,75.7644,75.7644,0,0,17.69,2.12,drive,18.61,front,LIDAR_ONLY
0,25.5572,cam_3,CAM_ONLY,17.8315,,17.4327,0.3989,,2.2880,,1,,11.17,10.95,warning,3.17,,CAMERA_ONLY
0,25.6214,cam_3,CAM_ONLY,17.7062,,17.4327,0.2736,,1.5692,,1,,11.02,2.85,warning,3.22,,CAMERA_ONLY
0,25.6896,t286,BOTH,17.5592,17.6295,17.4327,0.1265,0.1968,0.7258,1.1288,1,1,19.34,1.91,warning,3.17,,FULL_ANGLE
0,25.6896,t289,LIDAR_ONLY,28.1930,28.1930,,,,,,,,19.34,1.91,drive,-29.31,front,LIDAR_ONLY
0,25.6896,t291,LIDAR_ONLY,10.8771,10.8771,74.0801,63.2030,63.2030,85.3171,85.3171,0,0,19.34,1.91,cautious,27.63,front,LIDAR_ONLY
0,25.6896,t291,LIDAR_ONLY,11.0765,11.0765,74.0801,63.0035,63.0035,85.0479,85.0479,0,0,19.34,1.91,cautious,19.26,front,LIDAR_ONLY
0,25.7541,t286,BOTH,17.5781,17.6325,17.4327,0.1454,0.1998,0.8338,1.1460,1,1,9.45,4.88,warning,3.17,,FULL_ANGLE
0,25.7541,t291,LIDAR_ONLY,11.2655,11.2655,74.0801,62.8146,62.8146,84.7929,84.7929,0,0,9.45,4.88,cautious,18.82,front,LIDAR_ONLY
0,25.7541,t291,LIDAR_ONLY,11.4292,11.4292,74.0801,62.6508,62.6508,84.5718,84.5718,0,0,9.45,4.88,cautious,19.65,front,LIDAR_ONLY
0,25.8356,cam_3,CAM_ONLY,17.7111,,17.4327,0.2784,,1.5972,,1,,23.75,3.59,warning,3.22,,CAMERA_ONLY
0,25.8356,t289,LIDAR_ONLY,28.2060,28.2060,,,,,,,,23.75,3.59,drive,-29.22,front,LIDAR_ONLY
0,25.9018,cam_3,CAM_ONLY,17.7109,,17.4327,0.2782,,1.5961,,1,,10.67,7.48,warning,3.22,,CAMERA_ONLY
0,25.9715,cam_3,CAM_ONLY,17.6936,,17.4327,0.2609,,1.4965,,1,,13.07,5.67,warning,3.17,,CAMERA_ONLY
0,26.0669,cam_3,CAM_ONLY,17.6037,,17.4327,0.1710,,0.9807,,1,,16.75,21.06,warning,3.22,,CAMERA_ONLY
0,26.1567,cam_3,CAM_ONLY,17.6843,,17.4327,0.2516,,1.4433,,1,,18.60,16.26,warning,3.17,,CAMERA_ONLY
0,26.1567,t299,LIDAR_ONLY,17.9989,17.9989,74.0801,56.0812,56.0812,75.7034,75.7034,0,0,18.60,16.26,drive,18.58,front,LIDAR_ONLY
0,26.2224,cam_3,CAM_ONLY,17.7392,,17.4327,0.3065,,1.7580,,1,,10.35,5.05,warning,3.17,,CAMERA_ONLY
0,26.2839,cam_3,CAM_ONLY,17.6210,,17.4327,0.1883,,1.0803,,1,,12.00,1.92,warning,3.17,,CAMERA_ONLY
0,26.2839,t301,LIDAR_ONLY,28.3085,28.3085,,,,,,,,12.00,1.92,drive,-29.25,front,LIDAR_ONLY
0,26.3521,cam_3,CAM_ONLY,17.5491,,17.4327,0.1164,,0.6677,,1,,10.08,8.29,warning,3.17,,CAMERA_ONLY
0,26.4264,cam_3,CAM_ONLY,17.6993,,17.4327,0.2666,,1.5295,,1,,21.65,3.22,warning,3.22,,CAMERA_ONLY
0,26.5029,t306,BOTH,17.7113,17.6439,17.4327,0.2786,0.2112,1.5984,1.2116,1,1,13.95,6.59,warning,3.22,,FULL_ANGLE
0,26.5029,t305,LIDAR_ONLY,16.4177,16.4177,74.0801,57.6624,57.6624,77.8379,77.8379,0,0,13.95,6.59,drive,19.70,front,LIDAR_ONLY
0,26.5697,cam_3,CAM_ONLY,17.5805,,17.4327,0.1478,,0.8481,,1,,11.24,7.82,warning,3.22,,CAMERA_ONLY
0,26.6373,cam_3,CAM_ONLY,17.5604,,17.4327,0.1277,,0.7326,,1,,15.95,2.94,warning,3.17,,CAMERA_ONLY
0,26.7071,cam_3,CAM_ONLY,17.6599,,17.4327,0.2272,,1.3031,,1,,10.87,10.07,warning,3.17,,CAMERA_ONLY
0,26.7900,t314,BOTH,17.7618,17.5774,17.4327,0.3291,0.1447,1.8881,0.8303,1,1,17.68,2.59,warning,3.22,,FULL_ANGLE
0,26.7900,t312,LIDAR_ONLY,28.2662,28.2662,,,,,,,,17.68,2.59,drive,-29.24,front,LIDAR_ONLY
0,26.7900,t313,LIDAR_ONLY,18.2251,18.2251,74.0801,55.8549,55.8549,75.3980,75.3980,0,0,17.68,2.59,drive,18.44,front,LIDAR_ONLY
0,26.7900,t313,LIDAR_ONLY,17.6945,17.6945,74.0801,56.3856,56.3856,76.1143,76.1143,0,0,17.68,2.59,drive,19.25,front,LIDAR_ONLY
0,26.8646,cam_3,CAM_ONLY,17.7670,,17.4327,0.3343,,1.9174,,1,,12.30,10.21,warning,3.22,,CAMERA_ONLY
0,26.9364,t314,BOTH,17.6604,17.5850,17.4327,0.2277,0.1523,1.3063,0.8739,1,1,16.88,1.55,warning,3.17,,FULL_ANGLE
0,26.9364,t313,LIDAR_ONLY,17.7574,17.7574,74.0801,56.3227,56.3227,76.0295,76.0295,0,0,16.88,1.55,drive,18.46,front,LIDAR_ONLY
0,26.9364,t313,LIDAR_ONLY,17.5325,17.5325,74.0801,56.5476,56.5476,76.3330,76.3330,0,0,16.88,1.55,drive,19.51,front,LIDAR_ONLY
0,26.9364,t313,LIDAR_ONLY,17.0499,17.0499,74.0801,57.0302,57.0302,76.9846,76.9846,0,0,16.88,1.55,drive,20.59,front,LIDAR_ONLY
0,26.9364,t312,LIDAR_ONLY,28.2587,28.2587,,,,,,,,16.88,1.55,drive,-29.34,front,LIDAR_ONLY
0,27.0176,cam_3,CAM_ONLY,17.6159,,17.4327,0.1832,,1.0510,,1,,17.44,9.93,warning,3.22,,CAMERA_ONLY
0,27.0816,cam_3,CAM_ONLY,17.5237,,17.4327,0.0910,,0.5220,,1,,10.85,2.47,warning,3.17,,CAMERA_ONLY
0,27.0816,t312,LIDAR_ONLY,28.2566,28.2566,,,,,,,,10.85,2.47,drive,-29.41,front,LIDAR_ONLY
0,27.1577,cam_3,CAM_ONLY,17.5113,,17.4327,0.0786,,0.4509,,1,,12.66,12.03,warning,3.17,,CAMERA_ONLY
0,27.1577,t313,LIDAR_ONLY,17.0800,17.0800,74.0801,57.0001,57.0001,76.9438,76.9438,0,0,12.66,12.03,drive,18.41,front,LIDAR_ONLY
0,27.2268,cam_3,CAM_ONLY,17.5168,,17.4327,0.0841,,0.4823,,1,,14.33,3.37,warning,3.17,,CAMERA_ONLY
0,27.2932,t323,BOTH,17.7862,17.7424,17.4327,0.3535,0.3097,2.0277,1.7767,1,1,15.29,1.80,warning,3.22,,FULL_ANGLE
0,27.2932,t313,LIDAR_ONLY,12.0478,12.0478,74.0801,62.0323,62.0323,83.7368,83.7368,0,0,15.29,1.80,cautious,26.65,front,LIDAR_ONLY
0,27.2932,t313,LIDAR_ONLY,11.9685,11.9685,74.0801,62.1116,62.1116,83.8439,83.8439,0,0,15.29,1.80,cautious,18.78,front,LIDAR_ONLY
0,27.2932,t323,LIDAR_ONLY,18.0671,18.0671,17.4327,0.6344,0.6344,3.6393,3.6393,1,1,15.29,1.80,drive,4.77,front,LIDAR_ONLY
0,27.2932,t312,LIDAR_ONLY,28.2408,28.2408,,,,,,,,15.29,1.80,drive,-29.29,front,LIDAR_ONLY
0,27.3644,cam_3,CAM_ONLY,17.7403,,17.4327,0.3076,,1.7642,,1,,11.39,10.15,warning,3.17,,CAMERA_ONLY
0,27.4324,cam_3,CAM_ONLY,17.7339,,17.4327,0.3012,,1.7275,,1,,13.43,2.75,warning,3.22,,CAMERA_ONLY
0,27.5217,cam_3,CAM_ONLY,17.6372,,17.4327,0.2045,,1.1729,,1,,22.17,12.83,warning,3.22,,CAMERA_ONLY
0,27.6021,t332,BOTH,17.6188,17.7414,17.4327,0.1861,0.3087,1.0675,1.7706,1,1,17.58,6.63,warning,3.17,,FULL_ANGLE
0,27.6021,t329,LIDAR_ONLY,28.2914,28.2914,,,,,,,,17.58,6.63,drive,-29.23,front,LIDAR_ONLY
0,27.6021,t331,LIDAR_ONLY,18.1283,18.1283,74.0801,55.9518,55.9518,75.5288,75.5288,0,0,17.58,6.63,drive,18.50,front,LIDAR_ONLY
0,27.6021,t332,LIDAR_ONLY,18.0411,18.0411,17.4327,0.6084,0.6084,3.4899,3.4899,1,1,17.58,6.63,drive,3.30,front,LIDAR_ONLY
0,27.6712,cam_3,CAM_ONLY,17.5419,,17.4327,0.1092,,0.6262,,1,,12.00,3.71,warning,3.17,,CAMERA_ONLY
0,27.7345,cam_3,CAM_ONLY,17.7789,,17.4327,0.3462,,1.9861,,1,,12.03,1.66,warning,3.17,,CAMERA_ONLY
0,27.7345,t329,LIDAR_ONLY,28.2988,28.2988,,,,,,,,12.03,1.66,drive,-29.20,front,LIDAR_ONLY
0,27.8072,cam_3,CAM_ONLY,17.6906,,17.4327,0.2579,,1.4796,,1,,10.78,11.32,warning,3.17,,CAMERA_ONLY
0,27.8734,cam_3,CAM_ONLY,17.6057,,17.4327,0.1730,,0.9922,,1,,10.68,4.08,warning,3.22,,CAMERA_ONLY
0,27.9417,t341,BOTH,17.4973,17.6284,17.4327,0.0646,0.1957,0.3707,1.1228,1,1,15.57,2.79,warning,3.22,,FULL_ANGLE
0,27.9417,t329,LIDAR_ONLY,28.2992,28.2992,,,,,,,,15.57,2.79,drive,-29.21,front,LIDAR_ONLY
0,28.0245,cam_3,CAM_ONLY,17.6877,,17.4327,0.2550,,1.4629,,1,,20.48,12.43,warning,3.22,,CAMERA_ONLY
0,28.1109,cam_3,CAM_ONLY,17.6325,,17.4327,0.1998,,1.1463,,1,,18.48,12.54,warning,3.22,,CAMERA_ONLY
0,28.1109,t344,LIDAR_ONLY,17.9743,17.9743,74.0801,56.1057,56.1057,75.7366,75.7366,0,0,18.48,12.54,drive,18.60,front,LIDAR_ONLY
0,28.1828,cam_3,CAM_ONLY,17.7616,,17.4327,0.3289,,1.8866,,1,,12.83,11.09,warning,3.22,,CAMERA_ONLY
0,28.2592,cam_3,CAM_ONLY,17.5658,,17.4327,0.1331,,0.7637,,1,,11.14,10.22,warning,3.17,,CAMERA_ONLY
0,28.3282,cam_3,CAM_ONLY,17.7413,,17.4327,0.3086,,1.7701,,1,,13.88,4.97,warning,3.22,,CAMERA_ONLY
0,28.3864,t351,BOTH,17.7618,17.6283,17.4327,0.3291,0.1956,1.8877,1.1220,1,1,10.48,3.08,warning,3.17,,FULL_ANGLE
0,28.4755,cam_3,CAM_ONLY,17.4285,,17.4327,0.0042,,0.0239,,1,,18.24,7.05,warning,3.17,,CAMERA_ONLY
0,28.5666,cam_3,CAM_ONLY,17.8102,,17.4327,0.3775,,2.1657,,1,,23.51,11.85,warning,3.17,,CAMERA_ONLY
0,28.6729,cam_3,CAM_ONLY,17.6260,,17.4327,0.1933,,1.1087,,1,,26.76,13.65,warning,3.17,,CAMERA_ONLY
0,28.7581,cam_3,CAM_ONLY,17.9194,,17.4327,0.4867,,2.7918,,1,,21.71,15.87,warning,3.13,,CAMERA_ONLY
0,28.7581,t354,LIDAR_ONLY,18.3045,18.3045,74.0801,55.7756,55.7756,75.2910,75.2910,0,0,21.71,15.87,drive,18.39,front,LIDAR_ONLY
0,28.7581,t354,LIDAR_ONLY,16.8039,16.8039,74.0801,57.2762,57.2762,77.3165,77.3165,0,0,21.71,15.87,drive,20.47,front,LIDAR_ONLY
0,28.8316,cam_3,CAM_ONLY,17.7531,,17.4327,0.3204,,1.8380,,1,,20.09,3.82,warning,3.17,,CAMERA_ONLY
0,28.8316,t356,LIDAR_ONLY,28.2568,28.2568,5.4423,22.8144,22.8144,419.2038,419.2038,0,0,20.09,3.82,drive,-29.27,front,LIDAR_ONLY
0,28.9128,cam_3,CAM_ONLY,17.3289,,17.4327,0.1038,,0.5955,,1,,19.95,12.08,warning,3.17,,CAMERA_ONLY
0,28.9819,cam_3,CAM_ONLY,17.9280,,17.4327,0.4953,,2.8411,,1,,13.55,4.24,warning,3.17,,CAMERA_ONLY
0,29.0856,cam_3,CAM_ONLY,18.0646,,17.4327,0.6319,,3.6246,,1,,16.63,4.25,warning,3.17,,CAMERA_ONLY
0,29.1687,cam_3,CAM_ONLY,18.4825,,17.4327,1.0498,,6.0221,,0,,18.37,11.62,warning,3.04,,CAMERA_ONLY
0,29.2342,cam_3,CAM_ONLY,18.3593,,17.4327,0.9266,,5.3152,,1,,12.35,2.67,warning,3.00,,CAMERA_ONLY
0,29.2342,t362,LIDAR_ONLY,28.2236,28.2236,14.9338,13.2898,13.2898,88.9919,88.9919,0,0,12.35,2.67,drive,-29.27,front,LIDAR_ONLY
0,29.2342,t362,LIDAR_ONLY,18.4785,18.4785,14.9338,3.5447,3.5447,23.7361,23.7361,0,0,12.35,2.67,drive,-21.82,front,LIDAR_ONLY
0,29.3096,cam_3,CAM_ONLY,18.1889,,17.4327,0.7562,,4.3381,,1,,9.23,10.06,warning,3.04,,CAMERA_ONLY
0,29.3798,cam_3,CAM_ONLY,18.2425,,17.4327,0.8098,,4.6454,,1,,10.82,3.08,warning,3.09,,CAMERA_ONLY
0,29.4438,t369,BOTH,19.1012,17.5919,17.4327,1.6685,0.1592,9.5713,0.9133,0,1,9.87,2.66,warning,3.00,,FULL_ANGLE
0,29.4438,t362,LIDAR_ONLY,18.8376,18.8376,,,,,,,,9.87,2.66,drive,-29.22,front,LIDAR_ONLY
0,29.4438,t367,LIDAR_ONLY,14.8993,14.8993,74.0801,59.1807,59.1807,79.8875,79.8875,0,0,9.87,2.66,drive,20.98,front,LIDAR_ONLY
0,29.4438,t367,LIDAR_ONLY,15.1897,15.1897,74.0801,58.8904,58.8904,79.4956,79.4956,0,0,9.87,2.66,drive,18.70,front,LIDAR_ONLY
0,29.4438,t367,LIDAR_ONLY,15.4428,15.4428,74.0801,58.6372,58.6372,79.1539,79.1539,0,0,9.87,2.66,drive,19.71,front,LIDAR_ONLY
0,29.4438,t368,LIDAR_ONLY,21.4300,21.4300,20.2253,1.2047,1.2047,5.9564,5.9564,0,0,9.87,2.66,drive,-17.78,front,LIDAR_ONLY
0,29.4438,t368,LIDAR_ONLY,21.1960,21.1960,20.2253,0.9708,0.9708,4.7998,4.7998,1,1,9.87,2.66,drive,-15.37,front,LIDAR_ONLY
0,29.4438,t367,LIDAR_ONLY,15.6178,15.6178,74.0801,58.4622,58.4622,78.9176,78.9176,0,0,9.87,2.66,drive,20.30,front,LIDAR_ONLY
0,29.5151,cam_3,CAM_ONLY,19.4920,,17.4327,2.0593,,11.8131,,0,,10.20,13.57,warning,3.00,,CAMERA_ONLY
0,29.5752,cam_3,CAM_ONLY,19.7872,,17.4327,2.3545,,13.5062,,0,,10.54,3.22,safe,2.95,,CAMERA_ONLY
0,29.6533,cam_3,CAM_ONLY,17.5273,,17.4337,0.0936,,0.5371,,1,,18.79,10.25,warning,2.95,,CAMERA_ONLY
0,29.7293,cam_3,CAM_ONLY,41.3684,,35.8289,5.5395,,15.4609,,0,,19.42,4.23,safe,3.00,,CAMERA_ONLY
0,29.7970,t378,BOTH,17.6042,17.6376,17.4334,0.1708,0.2042,0.9797,1.1711,1,1,12.91,4.35,warning,3.09,,FULL_ANGLE
0,29.7970,t377,LIDAR_ONLY,18.3361,18.3361,74.0806,55.7445,55.7445,75.2485,75.2485,0,0,12.91,4.35,drive,18.37,front,LIDAR_ONLY
0,29.7970,t377,LIDAR_ONLY,16.9015,16.9015,74.0806,57.1792,57.1792,77.1851,77.1851,0,0,12.91,4.35,drive,20.32,front,LIDAR_ONLY
0,29.7970,t377,LIDAR_ONLY,16.9187,16.9187,74.0806,57.1619,57.1619,77.1618,77.1618,0,0,12.91,4.35,drive,19.09,front,LIDAR_ONLY
0,29.8701,cam_3,CAM_ONLY,17.4517,,17.4334,0.0183,,0.1048,,1,,12.72,8.84,warning,3.17,,CAMERA_ONLY
0,29.9348,cam_3,CAM_ONLY,18.6224,,17.4334,1.1890,,6.8201,,0,,12.29,1.60,warning,3.04,,CAMERA_ONLY
0,29.9348,t381,LIDAR_ONLY,28.2082,28.2082,,,,,,,,12.29,1.60,drive,-29.35,front,LIDAR_ONLY
0,30.0175,cam_3,CAM_ONLY,17.8460,,17.4334,0.4126,,2.3668,,1,,16.50,9.55,warning,3.17,,CAMERA_ONLY
0,30.1059,t385,BOTH,19.3671,17.6314,17.4334,1.9337,0.1980,11.0919,1.1355,0,1,24.33,10.45,warning,3.04,,FULL_ANGLE
0,30.1059,t384,LIDAR_ONLY,17.0782,17.0782,74.0806,57.0024,57.0024,76.9464,76.9464,0,0,24.33,10.45,drive,19.20,front,LIDAR_ONLY
0,30.1810,cam_3,CAM_ONLY,18.6767,,17.4334,1.2433,,7.1316,,0,,16.64,2.90,warning,3.04,,CAMERA_ONLY
0,30.1810,t381,LIDAR_ONLY,28.1851,28.1851,,,,,,,,16.64,2.90,drive,-29.40,front,LIDAR_ONLY
0,30.2512,cam_3,CAM_ONLY,17.4172,,17.4334,0.0162,,0.0929,,1,,11.92,6.62,warning,3.13,,CAMERA_ONLY
0,30.2512,t384,LIDAR_ONLY,16.7036,16.7036,74.0806,57.3771,57.3771,77.4522,77.4522,0,0,11.92,6.62,drive,19.68,front,LIDAR_ONLY
0,30.3202,cam_3,CAM_ONLY,19.4279,,17.4334,1.9945,,11.4409,,0,,11.09,9.60,warning,3.09,,CAMERA_ONLY
0,30.3890,t390,BOTH,18.5576,17.6302,17.4334,1.1242,0.1968,6.4485,1.1289,0,1,11.92,1.49,warning,3.09,,FULL_ANGLE
0,30.3890,t381,LIDAR_ONLY,28.1991,28.1991,,,,,,,,11.92,1.49,drive,-29.13,front,LIDAR_ONLY
0,30.3890,t384,LIDAR_ONLY,12.4573,12.4573,74.0806,61.6233,61.6233,83.1841,83.1841,0,0,11.92,1.49,cautious,24.94,front,LIDAR_ONLY
0,30.3890,t384,LIDAR_ONLY,12.5688,12.5688,74.0806,61.5118,61.5118,83.0336,83.0336,0,0,11.92,1.49,cautious,18.59,front,LIDAR_ONLY
0,30.4726,cam_3,CAM_ONLY,18.4386,,17.4334,1.0052,,5.7657,,0,,15.60,3.50,warning,3.09,,CAMERA_ONLY
0,30.5378,t390,BOTH,17.3333,17.6322,17.4334,0.1001,0.1988,0.5743,1.1403,1,1,14.28,1.81,warning,3.09,,FULL_ANGLE
0,30.5378,t381,LIDAR_ONLY,28.2100,28.2100,,,,,,,,14.28,1.81,drive,-29.24,front,LIDAR_ONLY
0,30.5378,t384,LIDAR_ONLY,12.7336,12.7336,74.0806,61.3470,61.3470,82.8111,82.8111,0,0,14.28,1.81,cautious,21.91,front,LIDAR_ONLY
0,30.5378,t384,LIDAR_ONLY,12.8409,12.8409,74.0806,61.2397,61.2397,82.6663,82.6663,0,0,14.28,1.81,cautious,18.39,front,LIDAR_ONLY
0,30.6178,cam_3,CAM_ONLY,16.9764,,17.4334,0.4570,,2.6216,,1,,15.74,6.41,warning,3.09,,CAMERA_ONLY
0,30.6864,t390,BOTH,16.9126,17.6333,17.4334,0.5208,0.1999,2.9873,1.1467,1,1,17.07,1.59,warning,3.17,,FULL_ANGLE
0,30.6864,t381,LIDAR_ONLY,28.2232,28.2232,,,,,,,,17.07,1.59,drive,-29.11,front,LIDAR_ONLY
0,30.6864,t384,LIDAR_ONLY,12.7694,12.7694,74.0806,61.3112,61.3112,82.7629,82.7629,0,0,17.07,1.59,cautious,23.85,front,LIDAR_ONLY
0,30.6864,t384,LIDAR_ONLY,13.0618,13.0618,74.0806,61.0188,61.0188,82.3681,82.3681,0,0,17.07,1.59,cautious,19.07,front,LIDAR_ONLY
0,30.6864,t384,LIDAR_ONLY,13.2081,13.2081,74.0806,60.8725,60.8725,82.1706,82.1706,0,0,17.07,1.59,cautious,20.16,front,LIDAR_ONLY
0,30.7732,cam_3,CAM_ONLY,17.1743,,17.4334,0.2591,,1.4864,,1,,23.87,8.07,warning,3.17,,CAMERA_ONLY
0,30.8425,t390,BOTH,17.2784,17.6363,17.4334,0.1550,0.2029,0.8892,1.1640,1,1,12.23,2.88,warning,3.22,,FULL_ANGLE
0,30.8425,t384,LIDAR_ONLY,13.3972,13.3972,74.0806,60.6834,60.6834,81.9154,81.9154,0,0,12.23,2.88,cautious,19.37,front,LIDAR_ONLY
0,30.9151,cam_3,CAM_ONLY,17.1194,,17.4334,0.3140,,1.8010,,1,,13.33,5.72,warning,3.22,,CAMERA_ONLY
0,30.9859,cam_3,CAM_ONLY,18.3799,,17.4334,0.9465,,5.4294,,1,,16.34,3.27,warning,3.22,,CAMERA_ONLY
0,30.9859,t398,LIDAR_ONLY,28.2178,28.2178,,,,,,,,16.34,3.27,drive,-29.40,front,LIDAR_ONLY
0,31.0777,cam_3,CAM_ONLY,18.3932,,17.4334,0.9598,,5.5052,,1,,20.47,12.75,warning,3.22,,CAMERA_ONLY
0,31.1383,t403,BOTH,18.7532,17.5786,17.4334,1.3198,0.1452,7.5706,0.8331,0,1,10.05,2.63,warning,3.22,,FULL_ANGLE
0,31.1383,t398,LIDAR_ONLY,28.2093,28.2093,,,,,,,,10.05,2.63,drive,-29.23,front,LIDAR_ONLY
0,31.2173,cam_3,CAM_ONLY,18.3967,,17.4334,0.9633,,5.5258,,1,,12.24,19.66,warning,3.22,,CAMERA_ONLY
0,31.2882,t403,BOTH,20.3888,17.5941,17.4334,2.9554,0.1607,16.9523,0.9219,0,1,20.48,2.62,safe,3.09,,FULL_ANGLE
0,31.2882,t405,LIDAR_ONLY,15.5897,15.5897,74.0806,58.4909,58.4909,78.9558,78.9558,0,0,20.48,2.62,drive,20.37,front,LIDAR_ONLY
0,31.2882,t405,LIDAR_ONLY,12.8564,12.8564,74.0806,61.2242,61.2242,82.6453,82.6453,0,0,20.48,2.62,cautious,24.88,front,LIDAR_ONLY
0,31.2882,t405,LIDAR_ONLY,12.8696,12.8696,74.0806,61.2110,61.2110,82.6275,82.6275,0,0,20.48,2.62,cautious,22.04,front,LIDAR_ONLY
0,31.2882,t403,LIDAR_ONLY,17.6246,17.6246,17.4334,0.1912,0.1912,1.0966,1.0966,1,1,20.48,2.62,drive,4.82,front,LIDAR_ONLY
0,31.3610,cam_3,CAM_ONLY,17.6646,,17.4347,0.2300,,1.3191,,1,,11.23,11.44,warning,3.22,,CAMERA_ONLY
0,31.4269,cam_3,CAM_ONLY,18.2065,,17.4351,0.7714,,4.4242,,1,,10.43,3.67,warning,3.22,,CAMERA_ONLY
0,31.5157,cam_3,CAM_ONLY,18.0708,,17.4351,0.6356,,3.6457,,1,,15.09,12.62,warning,3.22,,CAMERA_ONLY
0,31.5822,cam_3,CAM_ONLY,17.7440,,17.4351,0.3089,,1.7716,,1,,13.14,4.29,warning,3.22,,CAMERA_ONLY
0,31.6465,t413,BOTH,17.8664,17.6286,17.4351,0.4313,0.1935,2.4738,1.1099,1,1,10.27,5.61,warning,3.22,,FULL_ANGLE
0,31.6465,t412,LIDAR_ONLY,17.6122,17.6122,74.0819,56.4697,56.4697,76.2260,76.2260,0,0,10.27,5.61,drive,18.84,front,LIDAR_ONLY
0,31.6465,t412,LIDAR_ONLY,15.9113,15.9113,74.0819,58.1706,58.1706,78.5221,78.5221,0,0,10.27,5.61,drive,21.08,front,LIDAR_ONLY
0,31.7154,cam_3,CAM_ONLY,17.5643,,17.4351,0.1292,,0.7408,,1,,11.20,8.16,warning,3.22,,CAMERA_ONLY
0,31.8072,t413,BOTH,17.4702,17.6233,17.4351,0.0351,0.1882,0.2011,1.0794,1,1,20.94,8.64,warning,3.17,,FULL_ANGLE
0,31.8072,t412,LIDAR_ONLY,16.0462,16.0462,74.0819,58.0357,58.0357,78.3399,78.3399,0,0,20.94,8.64,drive,18.34,front,LIDAR_ONLY
0,31.8072,t412,LIDAR_ONLY,16.1628,16.1628,74.0819,57.9191,57.9191,78.1825,78.1825,0,0,20.94,8.64,drive,19.47,front,LIDAR_ONLY
0,31.9234,cam_3,CAM_ONLY,17.6124,,17.4351,0.1772,,1.0164,,1,,20.82,8.24,warning,3.17,,CAMERA_ONLY
0,31.9997,cam_3,CAM_ONLY,17.4997,,17.4351,0.0645,,0.3701,,1,,16.95,7.56,warning,3.17,,CAMERA_ONLY
0,31.9997,t412,LIDAR_ONLY,16.3041,16.3041,74.0819,57.7778,57.7778,77.9918,77.9918,0,0,16.95,7.56,drive,18.51,front,LIDAR_ONLY
0,32.0722,cam_3,CAM_ONLY,17.5505,,17.4351,0.1153,,0.6616,,1,,11.14,2.78,warning,3.17,,CAMERA_ONLY
0,32.1458,t419,BOTH,17.4818,17.6613,17.4351,0.0467,0.2261,0.2676,1.2969,1,1,15.71,3.96,warning,3.17,,FULL_ANGLE
0,32.1458,t412,LIDAR_ONLY,16.3533,16.3533,74.0819,57.7287,57.7287,77.9254,77.9254,0,0,15.71,3.96,drive,19.27,front,LIDAR_ONLY
0,32.1458,t418,LIDAR_ONLY,20.0701,20.0701,17.8274,2.2427,2.2427,12.5803,12.5803,0,0,15.71,3.96,drive,-27.99,front,LIDAR_ONLY
0,32.2258,cam_3,CAM_ONLY,18.0706,,17.4351,0.6354,,3.6445,,1,,14.99,9.45,warning,3.22,,CAMERA_ONLY
0,32.3212,cam_3,CAM_ONLY,18.1470,,17.4351,0.7119,,4.0831,,1,,18.19,4.02,warning,3.22,,CAMERA_ONLY
0,32.3888,t419,BOTH,18.1110,17.6729,17.4351,0.6759,0.2378,3.8765,1.3638,1,1,16.10,2.38,warning,3.22,,FULL_ANGLE
0,32.3888,t418,LIDAR_ONLY,20.7916,20.7916,,,,,,,,16.10,2.38,drive,-29.29,front,LIDAR_ONLY
0,32.3888,t412,LIDAR_ONLY,16.6383,16.6383,74.0819,57.4436,57.4436,77.5406,77.5406,0,0,16.10,2.38,drive,19.25,front,LIDAR_ONLY
0,32.4746,cam_3,CAM_ONLY,18.2569,,17.4351,0.8217,,4.7131,,1,,20.04,8.88,warning,3.22,,CAMERA_ONLY
0,32.5651,cam_3,CAM_ONLY,17.9857,,17.4351,0.5506,,3.1578,,1,,16.18,13.87,warning,3.22,,CAMERA_ONLY
0,32.6344,t419,BOTH,17.8801,17.6752,17.4351,0.4449,0.2400,2.5518,1.3767,1,1,14.23,3.23,warning,3.22,,FULL_ANGLE
0,32.6344,t418,LIDAR_ONLY,21.7152,21.7152,,,,,,,,14.23,3.23,drive,-29.15,front,LIDAR_ONLY
0,32.7185,cam_3,CAM_ONLY,17.9622,,17.4351,0.5271,,3.0230,,1,,18.04,10.13,warning,3.22,,CAMERA_ONLY
0,32.7917,t419,BOTH,17.8160,17.6810,17.4351,0.3808,0.2458,2.1843,1.4099,1,1,16.43,3.06,warning,3.22,,FULL_ANGLE
0,32.7917,t418,LIDAR_ONLY,22.5723,22.5723,,,,,,,,16.43,3.06,drive,-29.34,front,LIDAR_ONLY
0,32.8790,cam_3,CAM_ONLY,17.9109,,17.4351,0.4758,,2.7289,,1,,21.07,8.29,warning,3.22,,CAMERA_ONLY
0,32.9586,cam_3,CAM_ONLY,17.9263,,17.4351,0.4912,,2.8173,,1,,13.48,11.20,warning,3.17,,CAMERA_ONLY
0,32.9586,t433,LIDAR_ONLY,17.3599,17.3599,74.0819,56.7220,56.7220,76.5666,76.5666,0,0,13.48,11.20,drive,19.01,front,LIDAR_ONLY
0,33.0271,cam_3,CAM_ONLY,18.0840,,17.4351,0.6489,,3.7217,,1,,11.68,3.21,warning,3.17,,CAMERA_ONLY
0,33.0936,t435,BOTH,18.0894,17.6916,17.4351,0.6542,0.2565,3.7525,1.4710,1,1,11.30,2.30,warning,3.17,,FULL_ANGLE
0,33.1693,cam_3,CAM_ONLY,18.9977,,17.4351,1.5626,,8.9623,,0,,12.08,9.32,warning,3.09,,CAMERA_ONLY
0,33.2275,cam_3,CAM_ONLY,18.9529,,17.4351,1.5177,,8.7050,,0,,10.42,3.61,warning,3.04,,CAMERA_ONLY
0,33.2992,t435,BOTH,19.0195,17.6583,17.4351,1.5844,0.2231,9.0872,1.2798,0,1,11.87,6.17,warning,3.00,,FULL_ANGLE
0,33.2992,t439,LIDAR_ONLY,18.2661,18.2661,74.0819,55.8158,55.8158,75.3434,75.3434,0,0,11.87,6.17,drive,18.42,front,LIDAR_ONLY
0,33.3765,cam_3,CAM_ONLY,18.6225,,17.4351,1.1874,,6.8103,,0,,15.12,7.80,warning,3.04,,CAMERA_ONLY
0,33.4412,t435,BOTH,18.4090,17.6579,17.4351,0.9738,0.2227,5.5855,1.2775,1,1,16.51,2.60,warning,3.13,,FULL_ANGLE
0,33.4412,t444,LIDAR_ONLY,28.1909,28.1909,,,,,,,,16.51,2.60,drive,-29.26,front,LIDAR_ONLY
0,33.5232,cam_3,CAM_ONLY,17.7056,,17.4351,0.2705,,1.5514,,1,,12.27,14.55,warning,3.17,,CAMERA_ONLY
0,33.6124,cam_3,CAM_ONLY,19.2083,,17.4351,1.7732,,10.1701,,0,,13.93,14.26,warning,3.04,,CAMERA_ONLY
0,33.6997,t435,BOTH,19.3346,17.6421,17.4351,1.8994,0.2070,10.8943,1.1873,0,1,19.00,6.63,warning,3.00,,FULL_ANGLE
0,33.8400,cam_3,CAM_ONLY,42.2653,,17.4364,24.8290,,142.3974,,0,,16.49,1.66,safe,3.13,,CAMERA_ONLY
0,33.8400,t448,LIDAR_ONLY,28.1728,28.1728,,,,,,,,16.49,1.66,drive,-29.41,front,LIDAR_ONLY
0,33.8400,t435,LIDAR_ONLY,17.6442,17.6442,17.4364,0.2079,0.2079,1.1921,1.1921,1,1,16.49,1.66,drive,1.66,front,LIDAR_ONLY
0,33.9112,cam_3,CAM_ONLY,17.6268,,17.4367,0.1901,,1.0903,,1,,11.97,11.54,warning,3.09,,CAMERA_ONLY
0,33.9777,cam_3,CAM_ONLY,17.4776,,17.4352,0.0424,,0.2432,,1,,11.19,3.43,warning,3.17,,CAMERA_ONLY
0,34.0620,cam_3,CAM_ONLY,17.5828,,17.4352,0.1475,,0.8462,,1,,21.23,14.08,warning,3.22,,CAMERA_ONLY
0,34.1290,cam_3,CAM_ONLY,18.4487,,17.4352,1.0135,,5.8127,,0,,15.06,3.78,warning,3.09,,CAMERA_ONLY
0,34.1930,t456,BOTH,18.5967,17.6205,17.4352,1.1615,0.1853,6.6620,1.0626,0,1,10.75,3.80,warning,3.22,,FULL_ANGLE
0,34.1930,t455,LIDAR_ONLY,18.5513,18.5513,74.0821,55.5309,55.5309,74.9585,74.9585,0,0,10.75,3.80,drive,18.24,front,LIDAR_ONLY
0,34.1930,t455,LIDAR_ONLY,18.0035,18.0035,74.0821,56.0786,56.0786,75.6979,75.6979,0,0,10.75,3.80,drive,18.98,front,LIDAR_ONLY
0,34.3306,cam_3,CAM_ONLY,19.5736,,17.4355,2.1381,,12.2630,,0,,15.64,5.07,warning,3.09,,CAMERA_ONLY
0,34.4761,cam_3,CAM_ONLY,19.3683,,17.4363,1.9319,,11.0800,,0,,12.69,2.98,warning,3.09,,CAMERA_ONLY
0,34.5509,cam_3,CAM_ONLY,19.2146,,17.4356,1.7791,,10.2037,,0,,12.45,7.61,warning,3.09,,CAMERA_ONLY
0,34.6193,cam_3,CAM_ONLY,18.9561,,17.4356,1.5205,,8.7208,,0,,15.58,7.68,warning,3.09,,CAMERA_ONLY
0,34.6870,cam_3,CAM_ONLY,18.2914,,17.4356,0.8558,,4.9083,,1,,14.95,4.95,warning,3.22,,CAMERA_ONLY
0,34.7675,cam_3,CAM_ONLY,18.2403,,17.4356,0.8047,,4.6154,,1,,14.34,13.94,warning,3.22,,CAMERA_ONLY
0,34.8330,cam_3,CAM_ONLY,18.1907,,17.4356,0.7551,,4.3307,,1,,16.36,3.45,warning,3.22,,CAMERA_ONLY
0,34.9025,cam_3,CAM_ONLY,18.2481,,17.4356,0.8125,,4.6600,,1,,11.12,10.42,warning,3.22,,CAMERA_ONLY
0,34.9788,cam_3,CAM_ONLY,18.4336,,17.4356,0.9980,,5.7239,,1,,15.37,2.70,warning,3.22,,CAMERA_ONLY
0,34.9788,t468,LIDAR_ONLY,28.1919,28.1919,,,,,,,,15.37,2.70,drive,-29.39,front,LIDAR_ONLY
0,35.0439,t473,BOTH,18.2327,17.6871,17.4356,0.7971,0.2515,4.5716,1.4426,1,1,10.74,4.19,warning,3.22,,FULL_ANGLE
0,35.0439,t472,LIDAR_ONLY,14.9852,14.9852,74.0824,59.0971,59.0971,79.7722,79.7722,0,0,10.74,4.19,drive,20.90,front,LIDAR_ONLY
0,35.0439,t472,LIDAR_ONLY,15.3940,15.3940,74.0824,58.6883,58.6883,79.2204,79.2204,0,0,10.74,4.19,drive,18.99,front,LIDAR_ONLY
0,35.0439,t473,LIDAR_ONLY,17.7171,17.7171,17.4356,0.2816,0.2816,1.6149,1.6149,1,1,10.74,4.19,drive,1.58,front,LIDAR_ONLY
0,35.1184,cam_3,CAM_ONLY,18.1633,,17.4356,0.7277,,4.1737,,1,,11.49,14.20,warning,3.22,,CAMERA_ONLY
0,35.1817,cam_3,CAM_ONLY,18.1131,,17.4356,0.6775,,3.8858,,1,,9.95,1.97,warning,3.22,,CAMERA_ONLY
0,35.1817,t468,LIDAR_ONLY,28.2091,28.2091,,,,,,,,9.95,1.97,drive,-29.15,front,LIDAR_ONLY
0,35.2486,cam_3,CAM_ONLY,17.8350,,17.4356,0.3994,,2.2908,,1,,11.49,5.76,warning,3.22,,CAMERA_ONLY
0,35.3167,cam_3,CAM_ONLY,18.2336,,17.4356,0.7980,,4.5769,,1,,12.43,8.82,warning,3.22,,CAMERA_ONLY
0,35.4010,cam_3,CAM_ONLY,18.2056,,17.4356,0.7700,,4.4165,,1,,21.29,9.25,warning,3.22,,CAMERA_ONLY
0,35.4738,cam_3,CAM_ONLY,18.1837,,17.4356,0.7482,,4.2911,,1,,14.84,3.38,warning,3.22,,CAMERA_ONLY
0,35.5580,cam_3,CAM_ONLY,17.8370,,17.4356,0.4015,,2.3025,,1,,18.69,12.61,warning,3.22,,CAMERA_ONLY
0,35.6231,cam_3,CAM_ONLY,17.8300,,17.4356,0.3944,,2.2620,,1,,10.10,2.79,warning,3.22,,CAMERA_ONLY
0,35.7131,cam_3,CAM_ONLY,18.0999,,17.4356,0.6643,,3.8100,,1,,20.92,14.28,warning,3.22,,CAMERA_ONLY
0,35.7813,cam_3,CAM_ONLY,18.4991,,17.4356,1.0635,,6.0995,,0,,12.88,3.35,warning,3.22,,CAMERA_ONLY
0,35.8632,cam_3,CAM_ONLY,18.3229,,17.4356,0.8873,,5.0892,,1,,12.44,11.15,warning,3.22,,CAMERA_ONLY
0,35.9288,cam_3,CAM_ONLY,18.5261,,17.4356,1.0905,,6.2547,,0,,12.04,3.02,warning,3.22,,CAMERA_ONLY
0,36.0154,cam_3,CAM_ONLY,18.6191,,17.4356,1.1835,,6.7880,,0,,13.62,16.29,warning,3.22,,CAMERA_ONLY
0,36.0790,cam_3,CAM_ONLY,19.4360,,17.4356,2.0004,,11.4733,,0,,12.35,3.81,warning,3.04,,CAMERA_ONLY
0,36.1597,cam_3,CAM_ONLY,19.5466,,17.4356,2.1110,,12.1075,,0,,20.07,13.25,warning,3.04,,CAMERA_ONLY
0,36.2351,t491,BOTH,20.0788,17.6283,17.4356,2.6432,0.1927,15.1597,1.1054,0,1,11.73,3.07,safe,3.04,,FULL_ANGLE
0,36.2351,t487,LIDAR_ONLY,28.2741,28.2741,,,,,,,,11.73,3.07,drive,-29.24,front,LIDAR_ONLY
0,36.2351,t489,LIDAR_ONLY,18.4922,18.4922,74.0824,55.5902,55.5902,75.0384,75.0384,0,0,11.73,3.07,drive,18.28,front,LIDAR_ONLY
0,36.2351,t489,LIDAR_ONLY,17.8765,17.8765,74.0824,56.2059,56.2059,75.8695,75.8695,0,0,11.73,3.07,drive,19.07,front,LIDAR_ONLY
0,36.3154,cam_3,CAM_ONLY,20.2245,,17.4361,2.7884,,15.9918,,0,,20.31,10.23,safe,3.04,,CAMERA_ONLY
0,36.3861,t487,LIDAR_ONLY,28.2466,28.2466,,,,,,,,13.52,1.82,drive,-29.31,front,LIDAR_ONLY
0,36.4666,cam_3,CAM_ONLY,48.8343,,42.6038,6.2304,,14.6241,,0,,9.44,13.16,safe,3.13,,CAMERA_ONLY
0,36.5342,t487,LIDAR_ONLY,28.2288,28.2288,,,,,,,,11.92,1.96,drive,-29.43,front,LIDAR_ONLY
0,36.6132,cam_3,CAM_ONLY,20.9685,,17.3546,3.6139,,20.8238,,0,,15.13,8.47,warning,3.00,,CAMERA_ONLY
0,36.7006,t498,LIDAR_ONLY,18.5880,18.5880,74.0006,55.4126,55.4126,74.8813,74.8813,0,0,13.98,6.86,drive,18.20,front,LIDAR_ONLY
0,36.7006,t499,LIDAR_ONLY,17.4647,17.4647,17.3311,0.1336,0.1336,0.7708,0.7708,1,1,13.98,6.86,drive,3.36,front,LIDAR_ONLY
0,36.7704,cam_3,CAM_ONLY,20.6343,,17.3296,3.3047,,19.0697,,0,,12.21,8.31,safe,3.00,,CAMERA_ONLY
0,36.8378,t499,BOTH,18.0394,17.4779,17.3211,0.7183,0.1568,4.1468,0.9050,1,1,11.67,1.58,warning,3.09,,FULL_ANGLE
0,36.8378,t500,LIDAR_ONLY,28.2528,28.2528,,,,,,,,11.67,1.58,drive,-29.42,front,LIDAR_ONLY
0,36.8378,t498,LIDAR_ONLY,13.6109,13.6109,73.9942,60.3834,60.3834,81.6055,81.6055,0,0,11.67,1.58,cautious,22.63,front,LIDAR_ONLY
0,36.8378,t498,LIDAR_ONLY,13.6879,13.6879,73.9942,60.3063,60.3063,81.5014,81.5014,0,0,11.67,1.58,cautious,18.24,front,LIDAR_ONLY
0,36.9123,cam_3,CAM_ONLY,18.6440,,17.3136,1.3304,,7.6840,,0,,12.13,11.72,warning,3.09,,CAMERA_ONLY
0,36.9879,cam_3,CAM_ONLY,17.4766,,17.3136,0.1630,,0.9416,,1,,20.01,3.86,warning,3.09,,CAMERA_ONLY
0,36.9879,t500,LIDAR_ONLY,28.2006,28.2006,,,,,,,,20.01,3.86,drive,-29.35,front,LIDAR_ONLY
0,37.0711,cam_3,CAM_ONLY,16.8210,,17.3136,0.4926,,2.8453,,1,,19.69,14.32,warning,3.09,,CAMERA_ONLY
0,37.1613,cam_3,CAM_ONLY,16.7769,,17.3136,0.5367,,3.0999,,1,,15.20,13.49,warning,3.09,,CAMERA_ONLY
0,37.2378,t508,BOTH,16.6552,17.5151,17.3136,0.6584,0.2015,3.8027,1.1637,1,1,18.91,3.20,warning,3.09,,FULL_ANGLE
0,37.2378,t500,LIDAR_ONLY,28.1627,28.1627,,,,,,,,18.91,3.20,drive,-29.57,front,LIDAR_ONLY
0,37.3077,cam_3,CAM_ONLY,16.2316,,17.3136,1.0820,,6.2493,,0,,13.99,8.54,warning,3.09,,CAMERA_ONLY
0,37.3826,cam_3,CAM_ONLY,16.1154,,17.3136,1.1982,,6.9205,,0,,12.10,2.95,warning,3.09,,CAMERA_ONLY
0,37.4746,cam_3,CAM_ONLY,16.7653,,17.3136,0.5483,,3.1668,,1,,19.55,18.74,warning,3.09,,CAMERA_ONLY
0,37.5552,cam_3,CAM_ONLY,17.7039,,17.3136,0.3904,,2.2547,,1,,17.50,10.70,warning,3.09,,CAMERA_ONLY
0,37.6291,cam_3,CAM_ONLY,17.1923,,17.3136,0.1212,,0.7002,,1,,13.86,2.93,warning,3.09,,CAMERA_ONLY
0,37.6291,t514,LIDAR_ONLY,28.2541,28.2541,,,,,,,,13.86,2.93,drive,-29.36,front,LIDAR_ONLY
0,37.7093,cam_3,CAM_ONLY,18.0286,,17.3136,0.7150,,4.1297,,1,,15.22,11.70,warning,3.09,,CAMERA_ONLY
0,37.7747,cam_3,CAM_ONLY,18.5987,,17.3136,1.2852,,7.4228,,0,,10.65,4.42,warning,3.09,,CAMERA_ONLY
0,37.8572,cam_3,CAM_ONLY,18.3164,,17.3136,1.0028,,5.7921,,0,,15.85,12.90,warning,3.09,,CAMERA_ONLY
0,37.8572,t521,LIDAR_ONLY,16.7418,16.7418,73.9861,57.2443,57.2443,77.3716,77.3716,0,0,15.85,12.90,drive,19.42,front,LIDAR_ONLY
0,37.9402,t524,BOTH,19.2217,17.5590,17.3136,1.9081,0.2454,11.0208,1.4173,0,1,14.59,2.73,warning,3.09,,FULL_ANGLE
0,37.9402,t521,LIDAR_ONLY,16.9670,16.9670,73.9861,57.0191,57.0191,77.0673,77.0673,0,0,14.59,2.73,drive,18.53,front,LIDAR_ONLY
0,37.9402,t523,LIDAR_ONLY,28.1338,28.1338,,,,,,,,14.59,2.73,drive,-29.47,front,LIDAR_ONLY
0,38.0169,cam_3,CAM_ONLY,18.6137,,17.3136,1.3002,,7.5095,,0,,14.88,8.92,warning,3.09,,CAMERA_ONLY
0,38.0976,cam_3,CAM_ONLY,17.9042,,17.3136,0.5907,,3.4115,,1,,15.41,12.86,warning,3.09,,CAMERA_ONLY
0,38.0976,t523,LIDAR_ONLY,28.1400,28.1400,,,,,,,,15.41,12.86,drive,-29.34,front,LIDAR_ONLY
0,38.1712,cam_3,CAM_ONLY,19.0128,,17.3136,1.6992,,9.8145,,0,,13.91,11.48,warning,3.09,,CAMERA_ONLY
0,38.2399,t531,BOTH,19.5061,17.5242,17.3136,2.1926,0.2106,12.6638,1.2165,0,1,11.91,2.07,warning,3.09,,FULL_ANGLE
0,38.2399,t523,LIDAR_ONLY,28.1449,28.1449,,,,,,,,11.91,2.07,drive,-29.48,front,LIDAR_ONLY
0,38.2399,t530,LIDAR_ONLY,16.2371,16.2371,73.9861,57.7491,57.7491,78.0539,78.0539,0,0,11.91,2.07,drive,19.81,front,LIDAR_ONLY
0,38.3192,cam_3,CAM_ONLY,19.6765,,17.3136,2.3629,,13.6477,,0,,15.10,9.79,safe,3.09,,CAMERA_ONLY
0,38.3948,t531,BOTH,19.8516,17.5164,17.3145,2.5371,0.2020,14.6532,1.1664,0,1,19.78,5.00,safe,3.09,,FULL_ANGLE
0,38.4685,cam_3,CAM_ONLY,19.9269,,17.3153,2.6116,,15.0826,,0,,9.53,13.38,safe,3.09,,CAMERA_ONLY
0,38.5373,cam_3,CAM_ONLY,18.9695,,17.3067,1.6628,,9.6078,,0,,11.33,5.41,warning,3.09,,CAMERA_ONLY
0,38.5373,t535,LIDAR_ONLY,6.0454,6.0454,,,,,,,,11.33,5.41,slow,-29.39,front,LIDAR_ONLY
0,38.5373,t538,LIDAR_ONLY,9.6617,9.6617,4.8417,4.8200,4.8200,99.5504,99.5504,0,0,11.33,5.41,slow,-13.98,front,LIDAR_ONLY
0,38.6065,cam_3,CAM_ONLY,18.8640,,17.3035,1.5605,,9.0185,,0,,10.00,7.98,warning,3.09,,CAMERA_ONLY
0,38.6065,t540,LIDAR_ONLY,16.0388,16.0388,73.9768,57.9381,57.9381,78.3192,78.3192,0,0,10.00,7.98,drive,19.98,front,LIDAR_ONLY
0,38.6765,cam_3,CAM_ONLY,18.1150,,17.3035,0.8115,,4.6898,,1,,14.18,3.89,warning,3.09,,CAMERA_ONLY
0,38.7425,t545,BOTH,17.5436,17.5441,17.3035,0.2401,0.2406,1.3874,1.3905,1,1,11.40,3.04,warning,3.09,,FULL_ANGLE
0,38.7425,t538,LIDAR_ONLY,9.8003,9.8003,8.9291,0.8712,0.8712,9.7570,9.7570,1,1,11.40,3.04,slow,-13.59,front,LIDAR_ONLY
0,38.7425,t540,LIDAR_ONLY,16.2987,16.2987,73.9768,57.6782,57.6782,77.9679,77.9679,0,0,11.40,3.04,drive,18.48,front,LIDAR_ONLY
0,38.8206,cam_3,CAM_ONLY,16.9640,,17.3035,0.3395,,1.9620,,1,,13.73,13.85,warning,3.04,,CAMERA_ONLY
0,38.8820,cam_3,CAM_ONLY,17.3931,,17.3035,0.0896,,0.5177,,1,,10.59,2.69,warning,3.04,,CAMERA_ONLY
0,38.9442,t545,BOTH,17.4324,17.5306,17.3035,0.1289,0.2271,0.7450,1.3123,1,1,9.26,2.84,warning,3.09,,FULL_ANGLE
0,38.9442,t549,LIDAR_ONLY,28.1227,28.1227,,,,,,,,9.26,2.84,drive,-29.49,front,LIDAR_ONLY
0,38.9442,t540,LIDAR_ONLY,12.3757,12.3757,73.9768,61.6011,61.6011,83.2708,83.2708,0,0,9.26,2.84,cautious,24.68,front,LIDAR_ONLY
0,38.9442,t538,LIDAR_ONLY,10.4493,10.4493,13.3829,2.9336,2.9336,21.9206,21.9206,0,0,9.26,2.84,slow,-11.95,front,LIDAR_ONLY
0,38.9442,t540,LIDAR_ONLY,12.4422,12.4422,73.9768,61.5346,61.5346,83.1809,83.1809,0,0,9.26,2.84,cautious,18.22,front,LIDAR_ONLY
0,38.9442,t540,LIDAR_ONLY,12.5478,12.5478,73.9768,61.4291,61.4291,83.0382,83.0382,0,0,9.26,2.84,cautious,19.00,front,LIDAR_ONLY
0,39.0180,cam_3,CAM_ONLY,17.2090,,17.3035,0.0945,,0.5461,,1,,10.49,8.37,warning,3.04,,CAMERA_ONLY
0,39.0831,t545,BOTH,17.0604,17.5305,17.3035,0.2431,0.2270,1.4050,1.3117,1,1,14.81,1.82,warning,3.04,,FULL_ANGLE
0,39.0831,t549,LIDAR_ONLY,28.0832,28.0832,,,,,,,,14.81,1.82,drive,-29.58,front,LIDAR_ONLY
0,39.0831,t538,LIDAR_ONLY,11.2358,11.2358,16.2316,4.9959,4.9959,30.7786,30.7786,0,0,14.81,1.82,cautious,-9.90,front,LIDAR_ONLY
0,39.0831,t538,LIDAR_ONLY,11.8421,11.8421,16.2316,4.3895,4.3895,27.0429,27.0429,0,0,14.81,1.82,cautious,-4.29,front,LIDAR_ONLY
0,39.1611,cam_3,CAM_ONLY,16.8850,,17.3035,0.4185,,2.4188,,1,,17.29,10.25,warning,3.04,,CAMERA_ONLY
0,39.2369,t538,BOTH,17.5326,12.5002,17.3035,0.2291,4.8033,1.3239,27.7593,1,0,14.06,1.90,warning,3.04,,FULL_ANGLE
0,39.2369,t549,LIDAR_ONLY,28.0832,28.0832,,,,,,,,14.06,1.90,drive,-29.41,front,LIDAR_ONLY
0,39.3155,cam_3,CAM_ONLY,18.0257,,17.3035,0.7222,,4.1734,,1,,13.78,14.91,warning,3.04,,CAMERA_ONLY
0,39.4008,cam_3,CAM_ONLY,17.7068,,17.3035,0.4033,,2.3307,,1,,15.52,7.15,warning,3.04,,CAMERA_ONLY
0,39.4008,t555,LIDAR_ONLY,18.3235,18.3235,73.9768,55.6533,55.6533,75.2308,75.2308,0,0,15.52,7.15,drive,18.36,front,LIDAR_ONLY
0,39.4008,t555,LIDAR_ONLY,16.5993,16.5993,73.9768,57.3775,57.3775,77.5615,77.5615,0,0,15.52,7.15,drive,20.02,front,LIDAR_ONLY
0,39.4008,t555,LIDAR_ONLY,16.2004,16.2004,73.9768,57.7765,57.7765,78.1008,78.1008,0,0,15.52,7.15,drive,21.17,front,LIDAR_ONLY
0,39.4720,cam_3,CAM_ONLY,18.2545,,17.3035,0.9510,,5.4958,,1,,11.41,8.19,warning,3.09,,CAMERA_ONLY
0,39.5401,t558,BOTH,16.8060,23.4360,26.1645,9.3584,2.7285,35.7677,10.4283,0,0,14.47,1.23,warning,3.00,,FULL_ANGLE
0,39.5401,t557,LIDAR_ONLY,28.1570,28.1570,,,,,,,,14.47,1.23,drive,-29.57,front,LIDAR_ONLY
0,39.5401,t558,LIDAR_ONLY,26.0252,26.0252,26.1645,0.1393,0.1393,0.5322,0.5322,1,1,14.47,1.23,drive,-3.30,front,LIDAR_ONLY
0,39.6098,cam_3,CAM_ONLY,17.1975,,17.3035,0.1060,,0.6125,,1,,13.50,10.21,warning,3.04,,CAMERA_ONLY
0,39.6695,cam_3,CAM_ONLY,19.0816,,17.3035,1.7781,,10.2759,,0,,9.50,3.12,warning,2.95,,CAMERA_ONLY
0,39.7411,t558,BOTH,20.4545,24.2612,30.3298,9.8753,6.0687,32.5598,20.0089,0,0,12.93,3.36,safe,3.00,,FULL_ANGLE
0,39.7411,t558,LIDAR_ONLY,24.1517,24.1517,30.3298,6.1781,6.1781,20.3697,20.3697,0,0,12.93,3.36,drive,-1.17,front,LIDAR_ONLY
0,39.7411,t562,LIDAR_ONLY,18.4343,18.4343,73.9768,55.5425,55.5425,75.0810,75.0810,0,0,12.93,3.36,drive,18.29,front,LIDAR_ONLY
0,39.8130,cam_3,CAM_ONLY,18.9419,,17.3037,1.6382,,9.4671,,0,,11.01,12.84,warning,3.00,,CAMERA_ONLY
0,39.8709,cam_3,CAM_ONLY,19.7591,,17.3036,2.4555,,14.1907,,0,,10.53,2.71,safe,2.91,,CAMERA_ONLY
0,39.9618,cam_3,CAM_ONLY,19.6937,,17.3037,2.3900,,13.8122,,0,,18.85,12.33,warning,2.95,,CAMERA_ONLY
0,40.0340,cam_3,CAM_ONLY,19.8723,,17.3036,2.5687,,14.8451,,0,,14.45,1.97,safe,3.04,,CAMERA_ONLY
0,40.0340,t566,LIDAR_ONLY,28.1860,28.1860,,,,,,,,14.45,1.97,drive,-29.50,front,LIDAR_ONLY
0,40.1107,cam_3,CAM_ONLY,19.8448,,17.3025,2.5423,,14.6932,,0,,12.76,11.16,safe,3.09,,CAMERA_ONLY
0,40.1813,cam_3,CAM_ONLY,12.9168,,17.2976,4.3808,,25.3259,,0,,12.07,3.71,stop,3.09,,CAMERA_ONLY
0,40.1813,cam_3,CAM_ONLY,19.7612,,17.2976,2.4636,,14.2424,,0,,12.07,3.71,warning,3.09,,CAMERA_ONLY
0,40.1813,t566,LIDAR_ONLY,28.1364,28.1364,,,,,,,,12.07,3.71,drive,-29.57,front,LIDAR_ONLY
0,40.2532,cam_3,CAM_ONLY,13.1311,,17.2936,4.1625,,24.0696,,0,,12.57,9.32,stop,3.09,,CAMERA_ONLY
0,40.2532,cam_3,CAM_ONLY,19.7474,,17.2936,2.4538,,14.1889,,0,,12.57,9.32,safe,3.09,,CAMERA_ONLY
0,40.2532,t572,LIDAR_ONLY,18.1944,18.1944,73.9741,55.7797,55.7797,75.4043,75.4043,0,0,12.57,9.32,drive,18.42,front,LIDAR_ONLY
0,40.3227,cam_3,CAM_ONLY,15.1074,,17.2936,2.1862,,12.6414,,0,,13.25,8.17,warning,3.09,,CAMERA_ONLY
0,40.3952,cam_3,CAM_ONLY,19.5709,,17.2936,2.2772,,13.1681,,0,,12.78,5.67,warning,3.09,,CAMERA_ONLY
0,40.3952,t572,LIDAR_ONLY,17.7745,17.7745,73.9741,56.1996,56.1996,75.9720,75.9720,0,0,12.78,5.67,drive,18.90,front,LIDAR_ONLY
0,40.4705,cam_3,CAM_ONLY,19.8290,,17.2936,2.5354,,14.6608,,0,,14.20,10.95,safe,3.13,,CAMERA_ONLY
0,40.5375,t577,BOTH,19.1216,17.4968,17.2931,1.8284,0.2037,10.5731,1.1778,0,1,11.32,2.30,warning,3.13,,FULL_ANGLE
0,40.5375,t576,LIDAR_ONLY,9.7314,9.7314,,,,,,,,11.32,2.30,cautious,29.80,front,LIDAR_ONLY
0,40.5375,t572,LIDAR_ONLY,17.4174,17.4174,73.9738,56.5564,56.5564,76.4546,76.4546,0,0,11.32,2.30,drive,19.14,front,LIDAR_ONLY
0,40.6214,cam_3,CAM_ONLY,18.3569,,49.5730,31.2161,,62.9699,,0,,20.46,9.09,warning,3.13,,CAMERA_ONLY
0,40.6214,cam_3,CAM_ONLY,57.5922,,49.5730,8.0192,,16.1766,,0,,20.46,9.09,safe,8.27,,CAMERA_ONLY
0,40.7061,cam_3,CAM_ONLY,17.4377,,51.5145,34.0769,,66.1500,,0,,14.58,11.13,warning,3.13,,CAMERA_ONLY
0,40.7061,cam_3,CAM_ONLY,58.0882,,51.5145,6.5736,,12.7607,,0,,14.58,11.13,safe,8.49,,CAMERA_ONLY
0,40.7734,cam_3,CAM_ONLY,16.9024,,17.2929,0.3905,,2.2583,,1,,13.75,3.35,warning,3.09,,CAMERA_ONLY
0,40.8309,cam_3,CAM_ONLY,16.5333,,17.2929,0.7597,,4.3930,,1,,9.75,1.92,warning,3.13,,CAMERA_ONLY
0,40.8309,t583,LIDAR_ONLY,28.1113,28.1113,,,,,,,,9.75,1.92,drive,-29.58,front,LIDAR_ONLY
0,40.8921,t588,BOTH,17.5253,17.6614,17.2929,0.2323,0.3684,1.3434,2.1306,1,1,10.06,3.12,warning,3.09,,FULL_ANGLE
0,40.8921,t587,LIDAR_ONLY,17.8841,17.8841,73.9736,56.0895,56.0895,75.8236,75.8236,0,0,10.06,3.12,drive,18.62,front,LIDAR_ONLY
0,40.8921,t588,LIDAR_ONLY,17.7222,17.7222,17.2929,0.4293,0.4293,2.4824,2.4824,1,1,10.06,3.12,drive,4.62,front,LIDAR_ONLY
0,40.9643,cam_3,CAM_ONLY,16.8364,,17.2929,0.4565,,2.6399,,1,,11.11,13.07,warning,3.13,,CAMERA_ONLY
0,41.0278,cam_3,CAM_ONLY,16.9250,,17.2929,0.3680,,2.1278,,1,,14.11,3.00,warning,3.09,,CAMERA_ONLY
0,41.1190,cam_3,CAM_ONLY,16.3366,,17.2929,0.9563,,5.5301,,1,,17.77,13.15,warning,3.09,,CAMERA_ONLY
0,41.1999,t594,BOTH,16.3891,17.5110,17.2929,0.9039,0.2180,5.2268,1.2607,1,1,15.19,7.18,warning,3.09,,FULL_ANGLE
0,41.1999,t593,LIDAR_ONLY,18.1956,18.1956,73.9736,55.7780,55.7780,75.4025,75.4025,0,0,15.19,7.18,drive,18.42,front,LIDAR_ONLY
0,41.2632,cam_3,CAM_ONLY,16.2243,,17.2929,1.0686,,6.1795,,0,,10.61,8.50,warning,3.09,,CAMERA_ONLY
0,41.3316,cam_3,CAM_ONLY,16.2405,,17.2929,1.0524,,6.0858,,0,,13.85,2.96,warning,3.09,,CAMERA_ONLY
0,41.4082,cam_3,CAM_ONLY,16.1502,,17.2929,1.1427,,6.6079,,0,,17.97,13.22,warning,3.04,,CAMERA_ONLY
0,41.4734,cam_3,CAM_ONLY,16.0435,,17.2929,1.2495,,7.2253,,0,,12.57,4.67,warning,3.04,,CAMERA_ONLY
0,41.5637,cam_3,CAM_ONLY,16.2649,,17.2929,1.0280,,5.9446,,0,,23.32,14.09,warning,3.04,,CAMERA_ONLY
0,41.6358,t606,BOTH,16.5774,17.4865,17.2929,0.7156,0.1936,4.1380,1.1195,1,1,13.46,1.95,warning,3.04,,FULL_ANGLE
0,41.6358,t603,LIDAR_ONLY,28.1525,28.1525,,,,,,,,13.46,1.95,drive,-29.37,front,LIDAR_ONLY
0,41.6358,t604,LIDAR_ONLY,10.8815,10.8815,,,,,,,,13.46,1.95,cautious,26.95,front,LIDAR_ONLY
0,41.7103,cam_3,CAM_ONLY,16.4921,,17.2929,0.8009,,4.6313,,1,,11.23,10.04,warning,3.04,,CAMERA_ONLY
0,41.7789,cam_3,CAM_ONLY,16.5029,,17.2929,0.7901,,4.5687,,1,,12.81,3.98,warning,3.04,,CAMERA_ONLY
0,41.8347,t606,BOTH,16.3831,17.4914,17.2929,0.9099,0.1985,5.2615,1.1477,1,1,10.40,1.33,warning,3.04,,FULL_ANGLE
0,41.8347,t603,LIDAR_ONLY,28.1667,28.1667,,,,,,,,10.40,1.33,drive,-29.25,front,LIDAR_ONLY
0,41.8959,cam_3,CAM_ONLY,17.0560,,17.2929,0.2369,,1.3700,,1,,10.65,4.32,warning,3.09,,CAMERA_ONLY
0,41.8959,t613,LIDAR_ONLY,17.3460,17.3460,73.9736,56.6276,56.6276,76.5511,76.5511,0,0,10.65,4.32,drive,18.98,front,LIDAR_ONLY
0,41.9746,cam_3,CAM_ONLY,16.4662,,17.2929,0.8268,,4.7809,,1,,20.34,11.15,warning,3.04,,CAMERA_ONLY
0,42.0336,cam_3,CAM_ONLY,16.5765,,17.2929,0.7165,,4.1431,,1,,10.20,1.61,warning,3.04,,CAMERA_ONLY
0,42.0336,t603,LIDAR_ONLY,28.1684,28.1684,36.0720,7.9037,7.9037,21.9108,21.9108,0,0,10.20,1.61,drive,-29.55,front,LIDAR_ONLY
0,42.0948,t616,BOTH,16.6255,17.6310,17.2929,0.6674,0.3380,3.8594,1.9547,1,1,10.93,4.28,warning,3.04,,FULL_ANGLE
0,42.0948,t613,LIDAR_ONLY,17.4508,17.4508,73.9736,56.5228,56.5228,76.4095,76.4095,0,0,10.93,4.28,drive,18.32,front,LIDAR_ONLY
0,42.0948,t616,LIDAR_ONLY,17.9266,17.9266,17.2929,0.6337,0.6337,3.6644,3.6644,1,1,10.93,4.28,drive,4.00,front,LIDAR_ONLY
0,42.1661,cam_3,CAM_ONLY,16.7098,,17.2929,0.5831,,3.3721,,1,,18.39,6.72,warning,3.04,,CAMERA_ONLY
0,42.2286,cam_3,CAM_ONLY,17.2202,,17.2929,0.0727,,0.4206,,1,,9.27,3.36,warning,3.04,,CAMERA_ONLY
0,42.3017,t616,BOTH,17.6327,17.5802,17.2929,0.3398,0.2873,1.9648,1.6612,1,1,19.23,7.44,warning,3.04,,FULL_ANGLE
0,42.3017,t613,LIDAR_ONLY,17.5466,17.5466,73.9736,56.4270,56.4270,76.2799,76.2799,0,0,19.23,7.44,drive,18.61,front,LIDAR_ONLY
0,42.3845,cam_3,CAM_ONLY,17.2377,,17.2929,0.0553,,0.3197,,1,,18.78,2.58,warning,3.04,,CAMERA_ONLY
0,42.3845,t622,LIDAR_ONLY,28.0688,28.0688,33.3512,5.2824,5.2824,15.8388,15.8388,0,0,18.78,2.58,drive,-29.70,front,LIDAR_ONLY
0,42.4604,cam_3,CAM_ONLY,17.2692,,17.2929,0.0237,,0.1371,,1,,10.56,10.46,warning,3.04,,CAMERA_ONLY
0,42.5187,cam_3,CAM_ONLY,18.1340,,17.2929,0.8410,,4.8635,,1,,10.05,3.62,warning,3.04,,CAMERA_ONLY
0,42.5881,t627,BOTH,17.1157,17.4692,17.2929,0.1772,0.1762,1.0248,1.0192,1,1,18.00,2.48,warning,3.04,,FULL_ANGLE
0,42.5881,t626,LIDAR_ONLY,16.8239,16.8239,73.9736,57.1497,57.1497,77.2568,77.2568,0,0,18.00,2.48,drive,19.35,front,LIDAR_ONLY
0,42.5881,t622,LIDAR_ONLY,28.0539,28.0539,31.8012,3.7473,3.7473,11.7836,11.7836,0,0,18.00,2.48,drive,-29.46,front,LIDAR_ONLY
0,42.6634,cam_3,CAM_ONLY,16.8924,,17.2929,0.4006,,2.3163,,1,,16.06,9.66,warning,3.04,,CAMERA_ONLY
0,42.7301,cam_3,CAM_ONLY,16.9961,,17.2929,0.2968,,1.7163,,1,,10.35,2.78,warning,3.04,,CAMERA_ONLY
0,42.7865,cam_3,CAM_ONLY,16.9223,,17.2929,0.3707,,2.1435,,1,,9.42,2.80,warning,3.04,,CAMERA_ONLY
0,42.8677,cam_3,CAM_ONLY,17.0601,,17.2929,0.2329,,1.3465,,1,,20.23,17.44,warning,3.04,,CAMERA_ONLY
0,42.9535,cam_3,CAM_ONLY,17.0979,,17.2929,0.1950,,1.1276,,1,,14.37,7.97,warning,3.04,,CAMERA_ONLY
0,43.0195,cam_3,CAM_ONLY,17.2705,,17.2929,0.0224,,0.1296,,1,,11.75,6.57,warning,3.04,,CAMERA_ONLY
0,43.0875,t638,BOTH,17.4711,17.4967,17.2929,0.1781,0.2037,1.0300,1.1781,1,1,13.75,2.22,warning,3.04,,FULL_ANGLE
0,43.0875,t637,LIDAR_ONLY,17.6869,17.6869,73.9736,56.2868,56.2868,76.0903,76.0903,0,0,13.75,2.22,drive,18.75,front,LIDAR_ONLY
0,43.1601,cam_3,CAM_ONLY,17.3440,,17.2929,0.0511,,0.2954,,1,,12.85,9.57,warning,3.04,,CAMERA_ONLY
0,43.2260,cam_3,CAM_ONLY,17.1922,,17.2929,0.1008,,0.5828,,1,,15.07,3.98,warning,3.04,,CAMERA_ONLY
0,43.2935,t638,BOTH,17.1453,17.4860,17.2929,0.1477,0.1930,0.8539,1.1163,1,1,16.86,4.39,warning,3.04,,FULL_ANGLE
0,43.2935,t637,LIDAR_ONLY,16.2111,16.2111,73.9736,57.7626,57.7626,78.0854,78.0854,0,0,16.86,4.39,drive,20.48,front,LIDAR_ONLY
0,43.2935,t637,LIDAR_ONLY,15.9465,15.9465,73.9736,58.0271,58.0271,78.4430,78.4430,0,0,16.86,4.39,drive,21.79,front,LIDAR_ONLY
0,43.2935,t637,LIDAR_ONLY,16.1176,16.1176,73.9736,57.8560,57.8560,78.2116,78.2116,0,0,16.86,4.39,drive,18.30,front,LIDAR_ONLY
0,43.3664,cam_3,CAM_ONLY,17.1350,,17.2929,0.1579,,0.9133,,1,,21.24,5.78,warning,3.04,,CAMERA_ONLY
0,43.4281,cam_3,CAM_ONLY,17.0296,,17.2929,0.2633,,1.5227,,1,,13.43,4.08,warning,3.04,,CAMERA_ONLY
0,43.5137,cam_3,CAM_ONLY,16.9974,,17.2929,0.2955,,1.7090,,1,,13.66,11.37,warning,3.04,,CAMERA_ONLY
0,43.5735,cam_3,CAM_ONLY,17.2523,,17.2929,0.0406,,0.2348,,1,,10.19,3.07,warning,3.04,,CAMERA_ONLY
0,43.6356,t650,BOTH,17.5999,17.4844,17.2929,0.3069,0.1915,1.7748,1.1072,1,1,13.54,2.17,warning,3.04,,FULL_ANGLE
0,43.6356,t647,LIDAR_ONLY,17.2189,17.2189,73.9736,56.7547,56.7547,76.7229,76.7229,0,0,13.54,2.17,drive,19.07,front,LIDAR_ONLY
0,43.7120,cam_3,CAM_ONLY,17.1510,,17.2929,0.1419,,0.8206,,1,,14.55,10.80,warning,3.04,,CAMERA_ONLY
0,43.7804,cam_3,CAM_ONLY,16.9903,,17.2929,0.3027,,1.7504,,1,,11.90,3.61,warning,3.04,,CAMERA_ONLY
0,43.8659,cam_3,CAM_ONLY,17.2682,,17.2929,0.0247,,0.1431,,1,,17.35,10.96,warning,3.04,,CAMERA_ONLY
0,43.9327,cam_3,CAM_ONLY,17.4564,,17.2929,0.1635,,0.9452,,1,,13.57,2.46,warning,3.04,,CAMERA_ONLY
0,43.9327,t652,LIDAR_ONLY,28.1383,28.1383,37.3465,9.2082,9.2082,24.6562,24.6562,0,0,13.57,2.46,drive,-29.59,front,LIDAR_ONLY
0,44.0131,cam_3,CAM_ONLY,16.9915,,17.2929,0.3015,,1.7434,,1,,14.09,14.01,warning,3.04,,CAMERA_ONLY
0,44.0744,cam_3,CAM_ONLY,16.9989,,17.2929,0.2941,,1.7007,,1,,11.39,3.20,warning,3.04,,CAMERA_ONLY
0,44.1546,cam_3,CAM_ONLY,17.0818,,17.2929,0.2112,,1.2211,,1,,19.08,8.93,warning,3.04,,CAMERA_ONLY
0,44.1546,t657,LIDAR_ONLY,18.3070,18.3070,73.9736,55.6666,55.6666,75.2520,75.2520,0,0,19.08,8.93,drive,18.35,front,LIDAR_ONLY
0,44.2273,cam_3,CAM_ONLY,17.0250,,17.2929,0.2680,,1.5497,,1,,10.79,3.27,warning,3.04,,CAMERA_ONLY
0,44.3025,cam_3,CAM_ONLY,17.1611,,17.2929,0.1318,,0.7623,,1,,17.42,9.53,warning,3.04,,CAMERA_ONLY
0,44.3811,cam_3,CAM_ONLY,17.1107,,17.2929,0.1822,,1.0538,,1,,18.95,9.16,warning,3.04,,CAMERA_ONLY
0,44.4571,cam_3,CAM_ONLY,17.1218,,17.2929,0.1712,,0.9897,,1,,12.16,11.45,warning,3.04,,CAMERA_ONLY
0,44.5233,cam_3,CAM_ONLY,16.9179,,17.2929,0.3751,,2.1689,,1,,16.69,3.15,warning,3.04,,CAMERA_ONLY
0,44.5866,cam_3,CAM_ONLY,17.1585,,17.2929,0.1345,,0.7776,,1,,11.17,1.85,warning,3.04,,CAMERA_ONLY
0,44.5866,t663,LIDAR_ONLY,28.1825,28.1825,32.2583,4.0758,4.0758,12.6349,12.6349,0,0,11.17,1.85,drive,-29.41,front,LIDAR_ONLY
0,44.6457,t668,BOTH,16.8798,17.4593,17.2929,0.4132,0.1664,2.3892,0.9621,1,1,9.91,5.31,warning,3.04,,FULL_ANGLE
0,44.6457,t667,LIDAR_ONLY,18.4381,18.4381,73.9736,55.5356,55.5356,75.0748,75.0748,0,0,9.91,5.31,drive,18.27,front,LIDAR_ONLY
0,44.6457,t667,LIDAR_ONLY,17.3316,17.3316,73.9736,56.6420,56.6420,76.5706,76.5706,0,0,9.91,5.31,drive,19.47,front,LIDAR_ONLY
0,44.7123,cam_3,CAM_ONLY,17.0327,,17.2929,0.2603,,1.5050,,1,,10.22,10.68,warning,3.04,,CAMERA_ONLY
0,44.7898,t668,BOTH,17.1161,17.4688,17.2929,0.1769,0.1758,1.0228,1.0169,1,1,19.37,3.46,warning,3.04,,FULL_ANGLE
0,44.7898,t663,LIDAR_ONLY,28.1426,28.1426,30.6890,2.5464,2.5464,8.2974,8.2974,0,0,19.37,3.46,drive,-29.53,front,LIDAR_ONLY
0,44.8725,cam_3,CAM_ONLY,16.9237,,17.2929,0.3693,,2.1354,,1,,13.87,3.81,warning,3.04,,CAMERA_ONLY
0,44.9662,cam_3,CAM_ONLY,16.9415,,17.2929,0.3515,,2.0325,,1,,12.66,11.44,warning,3.04,,CAMERA_ONLY
0,45.0255,cam_3,CAM_ONLY,16.9845,,17.2929,0.3085,,1.7837,,1,,9.00,3.46,warning,3.04,,CAMERA_ONLY
0,45.0899,t677,BOTH,17.0621,17.5027,17.2929,0.2308,0.2098,1.3348,1.2130,1,1,16.05,1.97,warning,3.04,,FULL_ANGLE
0,45.0899,t675,LIDAR_ONLY,28.1873,28.1873,29.4536,1.2664,1.2664,4.2996,4.2996,0,0,16.05,1.97,drive,-29.43,front,LIDAR_ONLY
0,45.0899,t676,LIDAR_ONLY,10.6551,10.6551,,,,,,,,16.05,1.97,cautious,27.45,front,LIDAR_ONLY
0,45.1597,cam_3,CAM_ONLY,17.1202,,17.2929,0.1727,,0.9988,,1,,10.75,12.26,warning,3.04,,CAMERA_ONLY
0,45.2370,cam_3,CAM_ONLY,16.9793,,17.2929,0.3137,,1.8140,,1,,19.54,4.40,warning,3.04,,CAMERA_ONLY
0,45.2370,t675,LIDAR_ONLY,28.1671,28.1671,28.3228,0.1557,0.1557,0.5499,0.5499,1,1,19.54,4.40,drive,-29.49,front,LIDAR_ONLY
0,45.3263,cam_3,CAM_ONLY,16.9283,,17.2929,0.3646,,2.1086,,1,,17.99,13.84,warning,3.04,,CAMERA_ONLY
0,45.3850,t682,BOTH,16.9401,17.4942,17.2929,0.3528,0.2012,2.0402,1.1636,1,1,10.73,1.20,warning,3.04,,FULL_ANGLE
0,45.3850,t675,LIDAR_ONLY,28.1738,28.1738,27.2393,0.9345,0.9345,3.4306,3.4306,1,1,10.73,1.20,drive,-29.24,front,LIDAR_ONLY
0,45.4646,cam_3,CAM_ONLY,17.0123,,17.2929,0.2807,,1.6231,,1,,12.22,17.59,warning,3.04,,CAMERA_ONLY
0,45.5333,cam_3,CAM_ONLY,16.9789,,17.2929,0.3140,,1.8158,,1,,14.02,1.87,warning,3.04,,CAMERA_ONLY
0,45.5333,t675,LIDAR_ONLY,28.1790,28.1790,26.1018,2.0772,2.0772,7.9580,7.9580,0,0,14.02,1.87,drive,-29.31,front,LIDAR_ONLY
0,45.6099,cam_3,CAM_ONLY,17.1113,,17.2929,0.1816,,1.0503,,1,,11.92,12.55,warning,3.04,,CAMERA_ONLY
0,45.6769,cam_3,CAM_ONLY,17.1484,,17.2929,0.1445,,0.8357,,1,,11.51,3.38,warning,3.04,,CAMERA_ONLY
0,45.7382,t691,BOTH,17.1467,17.4527,17.2929,0.1462,0.1597,0.8454,0.9238,1,1,8.79,1.42,warning,3.04,,FULL_ANGLE
0,45.7382,t675,LIDAR_ONLY,28.1837,28.1837,24.3582,3.8255,3.8255,15.7052,15.7052,0,0,8.79,1.42,drive,-29.30,front,LIDAR_ONLY
0,45.7382,t689,LIDAR_ONLY,14.2189,14.2189,73.9736,59.7547,59.7547,80.7784,80.7784,0,0,8.79,1.42,cautious,21.62,front,LIDAR_ONLY
0,45.7382,t689,LIDAR_ONLY,14.6318,14.6318,73.9736,59.3418,59.3418,80.2203,80.2203,0,0,8.79,1.42,cautious,18.91,front,LIDAR_ONLY
0,45.8145,cam_3,CAM_ONLY,16.9317,,17.2929,0.3613,,2.0892,,1,,13.27,10.92,warning,3.04,,CAMERA_ONLY
0,45.8811,cam_3,CAM_ONLY,17.2317,,17.2929,0.0613,,0.3544,,1,,16.15,2.44,warning,3.04,,CAMERA_ONLY
0,45.8811,t675,LIDAR_ONLY,28.1551,28.1551,23.2786,4.8765,4.8765,20.9486,20.9486,0,0,16.15,2.44,drive,-29.59,front,LIDAR_ONLY
0,45.9719,cam_3,CAM_ONLY,17.2239,,17.2929,0.0691,,0.3995,,1,,22.07,9.65,warning,3.04,,CAMERA_ONLY
0,46.0333,t697,BOTH,16.9382,17.4898,17.2929,0.3547,0.1968,2.0513,1.1381,1,1,11.88,1.70,warning,3.04,,FULL_ANGLE
0,46.0333,t675,LIDAR_ONLY,28.1486,28.1486,22.0848,6.0638,6.0638,27.4570,27.4570,0,0,11.88,1.70,drive,-29.48,front,LIDAR_ONLY
0,46.0333,t696,LIDAR_ONLY,13.9675,13.9675,73.9736,60.0061,60.0061,81.1183,81.1183,0,0,11.88,1.70,cautious,21.88,front,LIDAR_ONLY
0,46.1064,cam_3,CAM_ONLY,16.9152,,17.2929,0.3778,,2.1846,,1,,10.47,10.02,warning,3.04,,CAMERA_ONLY
0,46.1754,cam_3,CAM_ONLY,16.8722,,17.2929,0.4207,,2.4328,,1,,13.92,3.37,warning,3.04,,CAMERA_ONLY
0,46.2342,cam_3,CAM_ONLY,17.1483,,17.2929,0.1447,,0.8367,,1,,11.22,1.72,warning,3.04,,CAMERA_ONLY
0,46.2342,t675,LIDAR_ONLY,28.1254,28.1254,37.0700,8.9446,8.9446,24.1288,24.1288,0,0,11.22,1.72,drive,-29.44,front,LIDAR_ONLY
0,46.3160,cam_3,CAM_ONLY,17.1539,,17.2929,0.1391,,0.8043,,1,,13.88,12.65,warning,3.04,,CAMERA_ONLY
0,46.3797,cam_3,CAM_ONLY,17.1247,,17.2929,0.1682,,0.9729,,1,,13.25,3.91,warning,3.04,,CAMERA_ONLY
0,46.4715,cam_3,CAM_ONLY,16.8824,,17.2929,0.4105,,2.3740,,1,,20.09,14.95,warning,3.04,,CAMERA_ONLY
0,46.5376,cam_3,CAM_ONLY,17.0412,,17.2929,0.2518,,1.4558,,1,,9.19,2.26,warning,3.04,,CAMERA_ONLY
0,46.5376,t706,LIDAR_ONLY,28.1230,28.1230,34.6958,6.5728,6.5728,18.9440,18.9440,0,0,9.19,2.26,drive,-29.53,front,LIDAR_ONLY
0,46.6012,cam_3,CAM_ONLY,17.1112,,17.2929,0.1817,,1.0509,,1,,10.99,8.21,warning,3.04,,CAMERA_ONLY
0,46.6012,t710,LIDAR_ONLY,15.0364,15.0364,73.9736,58.9372,58.9372,79.6732,79.6732,0,0,10.99,8.21,drive,20.82,front,LIDAR_ONLY
0,46.6012,t710,LIDAR_ONLY,15.5115,15.5115,73.9736,58.4621,58.4621,79.0311,79.0311,0,0,10.99,8.21,drive,19.31,front,LIDAR_ONLY
0,46.6692,cam_3,CAM_ONLY,16.8836,,17.2929,0.4093,,2.3671,,1,,10.31,5.85,warning,3.04,,CAMERA_ONLY
0,46.7286,cam_3,CAM_ONLY,16.9451,,17.2929,0.3478,,2.0115,,1,,9.37,3.50,warning,3.04,,CAMERA_ONLY
0,46.7990,cam_3,CAM_ONLY,17.1729,,17.2929,0.1200,,0.6942,,1,,14.41,9.64,warning,3.04,,CAMERA_ONLY
0,46.8712,cam_3,CAM_ONLY,17.2061,,17.2929,0.0868,,0.5021,,1,,15.59,6.57,warning,3.04,,CAMERA_ONLY
0,46.9346,t719,BOTH,17.0265,17.4523,17.2929,0.2664,0.1594,1.5405,0.9215,1,1,12.14,1.95,warning,3.04,,FULL_ANGLE
0,46.9346,t716,LIDAR_ONLY,28.1683,28.1683,34.4241,6.2559,6.2559,18.1729,18.1729,0,0,12.14,1.95,drive,-29.42,front,LIDAR_ONLY
0,47.0099,cam_3,CAM_ONLY,17.1898,,17.2929,0.1032,,0.5966,,1,,15.51,11.03,warning,3.04,,CAMERA_ONLY
0,47.0800,cam_3,CAM_ONLY,17.1596,,17.2929,0.1333,,0.7709,,1,,11.02,3.39,warning,3.04,,CAMERA_ONLY
0,47.1418,t719,BOTH,16.8542,17.4569,17.2929,0.4388,0.1639,2.5372,0.9480,1,1,14.27,2.51,warning,3.04,,FULL_ANGLE
0,47.1418,t716,LIDAR_ONLY,28.1665,28.1665,32.7488,4.5822,4.5822,13.9921,13.9921,0,0,14.27,2.51,drive,-29.41,front,LIDAR_ONLY
0,47.1418,t725,LIDAR_ONLY,14.8668,14.8668,73.9736,59.1068,59.1068,79.9026,79.9026,0,0,14.27,2.51,drive,20.98,front,LIDAR_ONLY
0,47.1418,t725,LIDAR_ONLY,15.4790,15.4790,73.9736,58.4946,58.4946,79.0749,79.0749,0,0,14.27,2.51,drive,19.07,front,LIDAR_ONLY
0,47.1418,t725,LIDAR_ONLY,15.8433,15.8433,73.9736,58.1303,58.1303,78.5825,78.5825,0,0,14.27,2.51,drive,20.55,front,LIDAR_ONLY
0,47.2140,cam_3,CAM_ONLY,17.0352,,17.2929,0.2577,,1.4904,,1,,8.95,11.97,warning,3.04,,CAMERA_ONLY
0,47.2839,t719,BOTH,17.0251,17.4738,17.2929,0.2678,0.1808,1.5487,1.0457,1,1,14.24,1.42,warning,3.04,,FULL_ANGLE
0,47.2839,t716,LIDAR_ONLY,28.1316,28.1316,31.6661,3.5346,3.5346,11.1620,11.1620,0,0,14.24,1.42,drive,-29.76,front,LIDAR_ONLY
0,47.3505,cam_3,CAM_ONLY,17.1310,,17.2929,0.1620,,0.9365,,1,,11.04,6.55,warning,3.04,,CAMERA_ONLY
0,47.4261,cam_3,CAM_ONLY,17.1280,,17.2929,0.1649,,0.9536,,1,,17.91,3.51,warning,3.04,,CAMERA_ONLY
0,47.5191,cam_3,CAM_ONLY,17.1453,,17.2929,0.1476,,0.8537,,1,,18.85,15.65,warning,3.04,,CAMERA_ONLY
0,47.5784,cam_3,CAM_ONLY,16.9874,,17.2929,0.3056,,1.7669,,1,,11.53,3.97,warning,3.04,,CAMERA_ONLY
0,47.6647,cam_3,CAM_ONLY,16.9884,,17.2929,0.3045,,1.7609,,1,,20.24,15.51,warning,3.04,,CAMERA_ONLY
0,47.7301,cam_3,CAM_ONLY,17.0936,,17.2929,0.1993,,1.1525,,1,,9.56,2.62,warning,3.04,,CAMERA_ONLY
0,47.7301,t733,LIDAR_ONLY,28.0952,28.0952,28.2049,0.1097,0.1097,0.3889,0.3889,1,1,9.56,2.62,drive,-29.59,front,LIDAR_ONLY
0,47.7940,t737,BOTH,16.9334,17.6422,17.2929,0.3595,0.3492,2.0791,2.0196,1,1,10.32,4.49,warning,3.04,,FULL_ANGLE
0,47.7940,t736,LIDAR_ONLY,18.5176,18.5176,73.9736,55.4560,55.4560,74.9673,74.9673,0,0,10.32,4.49,drive,18.22,front,LIDAR_ONLY
0,47.7940,t736,LIDAR_ONLY,17.5944,17.5944,73.9736,56.3792,56.3792,76.2153,76.2153,0,0,10.32,4.49,drive,19.29,front,LIDAR_ONLY
0,47.8669,cam_3,CAM_ONLY,16.9916,,17.2929,0.3014,,1.7427,,1,,13.10,4.70,warning,3.04,,CAMERA_ONLY
0,47.9249,cam_3,CAM_ONLY,17.0875,,17.2929,0.2054,,1.1879,,1,,11.34,3.14,warning,3.04,,CAMERA_ONLY
0,47.9973,t737,BOTH,17.1272,17.6613,17.2929,0.1658,0.3683,0.9587,2.1299,1,1,14.60,7.32,warning,3.04,,FULL_ANGLE
0,47.9973,t736,LIDAR_ONLY,17.6669,17.6669,73.9736,56.3067,56.3067,76.1173,76.1173,0,0,14.60,7.32,drive,18.44,front,LIDAR_ONLY
0,47.9973,t737,LIDAR_ONLY,17.6524,17.6524,17.2929,0.3594,0.3594,2.0784,2.0784,1,1,14.60,7.32,drive,1.92,front,LIDAR_ONLY
0,48.0678,cam_3,CAM_ONLY,17.0499,,17.2929,0.2430,,1.4054,,1,,12.00,5.88,warning,3.04,,CAMERA_ONLY
0,48.1347,t737,BOTH,16.9942,17.6092,17.2929,0.2987,0.3163,1.7275,1.8288,1,1,11.94,1.40,warning,3.04,,FULL_ANGLE
0,48.1347,t743,LIDAR_ONLY,28.1018,28.1018,24.9728,3.1291,3.1291,12.5300,12.5300,0,0,11.94,1.40,drive,-29.49,front,LIDAR_ONLY
0,48.2115,cam_3,CAM_ONLY,16.9290,,17.2929,0.3640,,2.1047,,1,,11.33,10.07,warning,3.04,,CAMERA_ONLY
0,48.2821,cam_3,CAM_ONLY,17.0822,,17.2929,0.2108,,1.2189,,1,,19.54,2.84,warning,3.04,,CAMERA_ONLY
0,48.2821,t743,LIDAR_ONLY,28.1204,28.1204,23.7112,4.4092,4.4092,18.5956,18.5956,0,0,19.54,2.84,drive,-29.34,front,LIDAR_ONLY
0,48.3557,cam_3,CAM_ONLY,16.8423,,17.2929,0.4507,,2.6061,,1,,13.07,11.30,warning,3.04,,CAMERA_ONLY
0,48.4312,cam_3,CAM_ONLY,17.1081,,17.2929,0.1849,,1.0690,,1,,16.69,3.60,warning,3.04,,CAMERA_ONLY
0,48.5110,cam_3,CAM_ONLY,16.9583,,17.2929,0.3346,,1.9352,,1,,18.34,10.83,warning,3.04,,CAMERA_ONLY
0,48.6049,t754,BOTH,17.1562,17.5217,17.2929,0.1367,0.2288,0.7907,1.3230,1,1,23.07,10.53,warning,3.04,,FULL_ANGLE
0,48.6049,t753,LIDAR_ONLY,17.5950,17.5950,73.9736,56.3786,56.3786,76.2145,76.2145,0,0,23.07,10.53,drive,18.81,front,LIDAR_ONLY
0,48.6782,cam_3,CAM_ONLY,16.9065,,17.2929,0.3864,,2.2346,,1,,15.18,3.59,warning,3.04,,CAMERA_ONLY
0,48.7510,cam_3,CAM_ONLY,16.9233,,17.2929,0.3697,,2.1377,,1,,14.48,9.43,warning,3.04,,CAMERA_ONLY
0,48.7510,t753,LIDAR_ONLY,16.8623,16.8623,73.9736,57.1113,57.1113,77.2050,77.2050,0,0,14.48,9.43,drive,19.62,front,LIDAR_ONLY
0,48.8259,cam_3,CAM_ONLY,17.0794,,17.2929,0.2135,,1.2346,,1,,15.66,3.41,warning,3.04,,CAMERA_ONLY
0,48.8865,t758,BOTH,16.8834,17.4949,17.2929,0.4096,0.2019,2.3684,1.1678,1,1,12.72,1.75,warning,3.04,,FULL_ANGLE
0,48.8865,t756,LIDAR_ONLY,28.0523,28.0523,34.2739,6.2216,6.2216,18.1527,18.1527,0,0,12.72,1.75,drive,-29.59,front,LIDAR_ONLY
0,48.9444,t758,BOTH,16.9551,17.5328,17.2929,0.3378,0.2399,1.9537,1.3871,1,1,10.79,4.12,warning,3.04,,FULL_ANGLE
0,48.9444,t753,LIDAR_ONLY,16.9299,16.9299,73.9736,57.0437,57.0437,77.1136,77.1136,0,0,10.79,4.12,drive,18.59,front,LIDAR_ONLY
0,48.9444,t753,LIDAR_ONLY,16.9523,16.9523,73.9736,57.0213,57.0213,77.0833,77.0833,0,0,10.79,4.12,drive,19.90,front,LIDAR_ONLY
0,48.9444,t758,LIDAR_ONLY,17.5441,17.5441,17.2929,0.2512,0.2512,1.4526,1.4526,1,1,10.79,4.12,drive,2.82,front,LIDAR_ONLY
0,49.0227,cam_3,CAM_ONLY,17.0848,,17.2929,0.2082,,1.2037,,1,,19.51,8.80,warning,3.04,,CAMERA_ONLY
0,49.1096,cam_3,CAM_ONLY,16.9840,,17.2929,0.3090,,1.7867,,1,,18.39,12.82,warning,3.04,,CAMERA_ONLY
0,49.1096,t753,LIDAR_ONLY,17.0163,17.0163,73.9736,56.9573,56.9573,76.9967,76.9967,0,0,18.39,12.82,drive,18.50,front,LIDAR_ONLY
0,49.1096,t753,LIDAR_ONLY,16.7536,16.7536,73.9736,57.2200,57.2200,77.3519,77.3519,0,0,18.39,12.82,drive,20.32,front,LIDAR_ONLY
0,49.1703,cam_3,CAM_ONLY,17.0566,,17.2929,0.2364,,1.3668,,1,,10.22,5.47,warning,3.04,,CAMERA_ONLY
0,49.2431,t764,BOTH,17.1472,17.4938,17.2929,0.1458,0.2009,0.8429,1.1617,1,1,9.00,3.04,warning,3.04,,FULL_ANGLE
0,49.2431,t753,LIDAR_ONLY,16.8815,16.8815,73.9736,57.0921,57.0921,77.1791,77.1791,0,0,9.00,3.04,drive,18.26,front,LIDAR_ONLY
0,49.2431,t753,LIDAR_ONLY,16.6344,16.6344,73.9736,57.3392,57.3392,77.5131,77.5131,0,0,9.00,3.04,drive,20.13,front,LIDAR_ONLY
0,49.3104,cam_3,CAM_ONLY,16.9079,,17.2929,0.3851,,2.2266,,1,,12.34,11.80,warning,3.04,,CAMERA_ONLY
0,49.3776,cam_3,CAM_ONLY,17.0505,,17.2929,0.2424,,1.4017,,1,,9.21,3.32,warning,3.04,,CAMERA_ONLY
0,49.4548,t764,BOTH,16.8951,17.5211,17.2929,0.3979,0.2281,2.3007,1.3193,1,1,16.10,8.92,warning,3.04,,FULL_ANGLE
0,49.5395,t764,BOTH,16.9052,17.5305,17.2929,0.3878,0.2375,2.2425,1.3736,1,1,18.56,3.79,warning,3.04,,FULL_ANGLE
0,49.5395,t769,LIDAR_ONLY,28.1643,28.1643,39.1051,10.9408,10.9408,27.9779,27.9779,0,0,18.56,3.79,drive,-29.45,front,LIDAR_ONLY
0,49.6150,cam_3,CAM_ONLY,16.9411,,17.2929,0.3519,,2.0347,,1,,14.96,9.97,warning,3.04,,CAMERA_ONLY
0,49.6901,t764,BOTH,16.9178,17.5284,17.2929,0.3751,0.2354,2.1691,1.3615,1,1,16.22,2.41,warning,3.04,,FULL_ANGLE
0,49.6901,t769,LIDAR_ONLY,28.0871,28.0871,37.9830,9.8959,9.8959,26.0534,26.0534,0,0,16.22,2.41,drive,-29.57,front,LIDAR_ONLY
0,49.7653,cam_3,CAM_ONLY,17.0465,,17.2929,0.2464,,1.4250,,1,,10.56,8.06,warning,3.04,,CAMERA_ONLY
0,49.8454,cam_3,CAM_ONLY,17.0352,,17.2929,0.2578,,1.4906,,1,,18.11,5.62,warning,3.04,,CAMERA_ONLY
0,49.9214,cam_3,CAM_ONLY,17.0587,,17.2929,0.2342,,1.3544,,1,,17.07,8.86,warning,3.04,,CAMERA_ONLY
0,50.0019,cam_3,CAM_ONLY,17.1558,,17.2929,0.1372,,0.7932,,1,,19.88,11.50,warning,3.04,,CAMERA_ONLY
0,50.0723,cam_3,CAM_ONLY,16.9850,,17.2929,0.3080,,1.7809,,1,,9.76,9.55,warning,3.04,,CAMERA_ONLY
0,50.1373,t780,BOTH,16.9634,17.5066,17.2929,0.3296,0.2137,1.9057,1.2356,1,1,13.14,1.77,warning,3.04,,FULL_ANGLE
0,50.1373,t778,LIDAR_ONLY,11.0575,11.0575,,,,,,,,13.14,1.77,cautious,26.45,front,LIDAR_ONLY
0,50.1373,t779,LIDAR_ONLY,28.3181,28.3181,34.4606,6.1425,6.1425,17.8246,17.8246,0,0,13.14,1.77,drive,-29.03,front,LIDAR_ONLY
0,50.2023,cam_3,CAM_ONLY,16.9885,,17.2929,0.3045,,1.7607,,1,,10.84,8.31,warning,3.04,,CAMERA_ONLY
0,50.2710,cam_3,CAM_ONLY,16.8596,,17.2929,0.4333,,2.5057,,1,,15.68,3.75,warning,3.04,,CAMERA_ONLY
0,50.3528,t780,BOTH,17.0355,17.5038,17.2929,0.2575,0.2109,1.4888,1.2194,1,1,17.53,9.13,warning,3.04,,FULL_ANGLE
0,50.3528,t778,LIDAR_ONLY,11.1634,11.1634,73.9736,62.8102,62.8102,84.9090,84.9090,0,0,17.53,9.13,cautious,19.60,front,LIDAR_ONLY
0,50.4233,cam_3,CAM_ONLY,16.8056,,17.2929,0.4873,,2.8179,,1,,15.01,2.98,warning,3.04,,CAMERA_ONLY
0,50.5034,t780,BOTH,17.0433,17.5029,17.2929,0.2497,0.2100,1.4439,1.2142,1,1,15.18,9.99,warning,3.04,,FULL_ANGLE
0,50.5749,cam_3,CAM_ONLY,16.8378,,17.2929,0.4552,,2.6321,,1,,16.76,5.84,warning,3.04,,CAMERA_ONLY
0,50.6609,cam_3,CAM_ONLY,16.8203,,17.2929,0.4727,,2.7334,,1,,20.57,10.29,warning,3.04,,CAMERA_ONLY
0,50.7267,cam_3,CAM_ONLY,16.8504,,17.2929,0.4425,,2.5589,,1,,12.48,3.13,warning,3.04,,CAMERA_ONLY
0,50.8163,cam_3,CAM_ONLY,16.8580,,17.2929,0.4350,,2.5153,,1,,16.72,8.46,warning,3.04,,CAMERA_ONLY
0,50.9122,cam_3,CAM_ONLY,16.9211,,17.2929,0.3718,,2.1501,,1,,15.36,13.45,warning,3.04,,CAMERA_ONLY
0,50.9959,t795,BOTH,16.9208,17.5192,17.2929,0.3722,0.2262,2.1522,1.3082,1,1,24.90,4.50,warning,3.04,,FULL_ANGLE
0,50.9959,t792,LIDAR_ONLY,28.1788,28.1788,33.6316,5.4528,5.4528,16.2133,16.2133,0,0,24.90,4.50,drive,-29.57,front,LIDAR_ONLY
0,50.9959,t794,LIDAR_ONLY,17.7212,17.7212,73.9736,56.2524,56.2524,76.0439,76.0439,0,0,24.90,4.50,drive,18.72,front,LIDAR_ONLY
0,51.0667,cam_3,CAM_ONLY,16.8507,,17.2929,0.4423,,2.5575,,1,,9.64,6.56,warning,3.04,,CAMERA_ONLY
0,51.1228,cam_3,CAM_ONLY,16.8421,,17.2929,0.4508,,2.6068,,1,,9.95,2.87,warning,3.04,,CAMERA_ONLY
0,51.1839,cam_3,CAM_ONLY,16.9805,,17.2929,0.3125,,1.8070,,1,,10.19,3.28,warning,3.04,,CAMERA_ONLY
0,51.2397,t804,BOTH,17.0434,17.6210,17.2929,0.2495,0.3280,1.4428,1.8970,1,1,9.83,2.09,warning,3.04,,FULL_ANGLE
0,51.2397,t803,LIDAR_ONLY,17.7315,17.7315,73.9736,56.2421,56.2421,76.0300,76.0300,0,0,9.83,2.09,drive,18.72,front,LIDAR_ONLY
0,51.2397,t803,LIDAR_ONLY,16.5850,16.5850,73.9736,57.3886,57.3886,77.5798,77.5798,0,0,9.83,2.09,drive,20.05,front,LIDAR_ONLY
0,51.2397,t804,LIDAR_ONLY,17.9440,17.9440,17.2929,0.6511,0.6511,3.7648,3.7648,1,1,9.83,2.09,drive,2.17,front,LIDAR_ONLY
0,51.3039,cam_3,CAM_ONLY,17.1222,,17.2929,0.1707,,0.9872,,1,,9.42,8.30,warning,3.04,,CAMERA_ONLY
0,51.3754,cam_3,CAM_ONLY,17.1570,,17.2929,0.1359,,0.7859,,1,,13.85,3.42,warning,3.04,,CAMERA_ONLY
0,51.4444,cam_3,CAM_ONLY,16.9490,,17.2929,0.3440,,1.9892,,1,,12.40,4.80,warning,3.04,,CAMERA_ONLY
0,51.4444,t803,LIDAR_ONLY,16.6912,16.6912,73.9736,57.2824,57.2824,77.4363,77.4363,0,0,12.40,4.80,drive,18.23,front,LIDAR_ONLY
0,51.5117,cam_3,CAM_ONLY,17.0416,,17.2929,0.2513,,1.4532,,1,,13.86,8.19,warning,3.04,,CAMERA_ONLY
0,51.5823,cam_3,CAM_ONLY,16.9554,,17.2929,0.3376,,1.9522,,1,,13.62,2.16,warning,3.04,,CAMERA_ONLY
0,51.5823,t810,LIDAR_ONLY,28.0133,28.0133,29.1536,1.1403,1.1403,3.9112,3.9112,0,0,13.62,2.16,drive,-29.67,front,LIDAR_ONLY
0,51.6592,cam_3,CAM_ONLY,17.1567,,17.2929,0.1363,,0.7879,,1,,14.92,11.37,warning,3.04,,CAMERA_ONLY
0,51.7217,cam_3,CAM_ONLY,17.0874,,17.2929,0.2056,,1.1887,,1,,9.68,3.27,warning,3.04,,CAMERA_ONLY
0,51.7802,cam_3,CAM_ONLY,17.1086,,17.2929,0.1843,,1.0660,,1,,9.40,3.69,warning,3.04,,CAMERA_ONLY
0,51.8378,t820,BOTH,16.9874,17.5582,17.2929,0.3056,0.2653,1.7670,1.5340,1,1,9.45,3.80,warning,3.04,,FULL_ANGLE
0,51.8378,t819,LIDAR_ONLY,18.4310,18.4310,73.9736,55.5426,55.5426,75.0844,75.0844,0,0,9.45,3.80,drive,18.27,front,LIDAR_ONLY
0,51.8378,t819,LIDAR_ONLY,16.8858,16.8858,73.9736,57.0878,57.0878,77.1732,77.1732,0,0,9.45,3.80,drive,19.87,front,LIDAR_ONLY
0,51.9108,cam_3,CAM_ONLY,16.9325,,17.2929,0.3605,,2.0845,,1,,9.89,9.64,warning,3.04,,CAMERA_ONLY
0,51.9836,cam_3,CAM_ONLY,16.9256,,17.2929,0.3673,,2.1241,,1,,18.00,3.35,warning,3.04,,CAMERA_ONLY
0,51.9836,t822,LIDAR_ONLY,28.1679,28.1679,26.0755,2.0923,2.0923,8.0242,8.0242,0,0,18.00,3.35,drive,-29.44,front,LIDAR_ONLY
0,52.0639,cam_3,CAM_ONLY,17.0154,,17.2929,0.2776,,1.6052,,1,,15.12,10.30,warning,3.04,,CAMERA_ONLY
0,52.1335,t826,BOTH,16.9390,17.4716,17.2929,0.3539,0.1786,2.0466,1.0331,1,1,16.58,1.96,warning,3.04,,FULL_ANGLE
0,52.1335,t822,LIDAR_ONLY,28.1568,28.1568,,,,,,,,16.58,1.96,drive,-29.57,front,LIDAR_ONLY
0,52.2112,cam_3,CAM_ONLY,16.9262,,17.2929,0.3667,,2.1206,,1,,12.39,10.26,warning,3.04,,CAMERA_ONLY
0,52.2800,cam_3,CAM_ONLY,16.9696,,17.2929,0.3233,,1.8697,,1,,13.60,2.45,warning,3.04,,CAMERA_ONLY
0,52.3537,cam_3,CAM_ONLY,17.0219,,17.2929,0.2710,,1.5672,,1,,18.45,10.12,warning,3.04,,CAMERA_ONLY
0,52.4301,cam_3,CAM_ONLY,16.9547,,17.2929,0.3382,,1.9559,,1,,20.01,3.60,warning,3.04,,CAMERA_ONLY
0,52.4301,t829,LIDAR_ONLY,28.1834,28.1834,,,,,,,,20.01,3.60,drive,-29.39,front,LIDAR_ONLY
0,52.4872,t833,BOTH,16.9983,17.4889,17.2929,0.2946,0.1960,1.7037,1.1332,1,1,10.18,1.78,warning,3.04,,FULL_ANGLE
0,52.4872,t829,LIDAR_ONLY,28.1425,28.1425,,,,,,,,10.18,1.78,drive,-29.47,front,LIDAR_ONLY
0,52.4872,t832,LIDAR_ONLY,12.0249,12.0249,73.9736,61.9487,61.9487,83.7444,83.7444,0,0,10.18,1.78,cautious,24.54,front,LIDAR_ONLY
0,52.4872,t832,LIDAR_ONLY,12.1513,12.1513,73.9736,61.8223,61.8223,83.5735,83.5735,0,0,10.18,1.78,cautious,18.40,front,LIDAR_ONLY
0,52.5757,cam_3,CAM_ONLY,17.0578,,17.2929,0.2351,,1.3597,,1,,12.78,2.89,warning,3.04,,CAMERA_ONLY
0,52.5757,t829,LIDAR_ONLY,28.1078,28.1078,,,,,,,,12.78,2.89,drive,-29.59,front,LIDAR_ONLY
0,52.6626,cam_3,CAM_ONLY,17.1110,,17.2929,0.1819,,1.0520,,1,,12.52,10.55,warning,3.04,,CAMERA_ONLY
0,52.7223,cam_3,CAM_ONLY,17.0798,,17.2929,0.2132,,1.2326,,1,,10.49,2.66,warning,3.04,,CAMERA_ONLY
0,52.7856,t839,BOTH,16.9283,17.5676,17.2929,0.3646,0.2747,2.1086,1.5883,1,1,11.42,1.41,warning,3.04,,FULL_ANGLE
0,52.7856,t829,LIDAR_ONLY,28.1174,28.1174,,,,,,,,11.42,1.41,drive,-29.43,front,LIDAR_ONLY
0,52.7856,t838,LIDAR_ONLY,12.6645,12.6645,73.9736,61.3091,61.3091,82.8797,82.8797,0,0,11.42,1.41,cautious,23.57,front,LIDAR_ONLY
0,52.8488,cam_3,CAM_ONLY,16.8969,,17.2929,0.3960,,2.2900,,1,,11.37,5.65,warning,3.04,,CAMERA_ONLY
0,52.8488,t838,LIDAR_ONLY,12.7214,12.7214,73.9736,61.2522,61.2522,82.8028,82.8028,0,0,11.37,5.65,cautious,21.17,front,LIDAR_ONLY
0,52.8488,t838,LIDAR_ONLY,12.8703,12.8703,73.9736,61.1033,61.1033,82.6014,82.6014,0,0,11.37,5.65,cautious,18.52,front,LIDAR_ONLY
0,52.8488,t838,LIDAR_ONLY,13.0432,13.0432,73.9736,60.9305,60.9305,82.3678,82.3678,0,0,11.37,5.65,cautious,19.77,front,LIDAR_ONLY
0,52.9341,cam_3,CAM_ONLY,16.8655,,17.2929,0.4274,,2.4715,,1,,18.07,4.43,warning,3.04,,CAMERA_ONLY
0,53.0180,cam_3,CAM_ONLY,16.9097,,17.2929,0.3833,,2.2164,,1,,13.76,8.96,warning,3.04,,CAMERA_ONLY
0,53.0821,cam_3,CAM_ONLY,16.8839,,17.2929,0.4090,,2.3653,,1,,9.98,2.74,warning,3.04,,CAMERA_ONLY
0,53.0821,t844,LIDAR_ONLY,28.1612,28.1612,,,,,,,,9.98,2.74,drive,-29.43,front,LIDAR_ONLY
0,53.1454,t848,BOTH,17.0134,17.5179,17.2929,0.2795,0.2250,1.6164,1.3009,1,1,13.94,3.98,warning,3.04,,FULL_ANGLE
0,53.1454,t847,LIDAR_ONLY,18.3874,18.3874,73.9736,55.5863,55.5863,75.1434,75.1434,0,0,13.94,3.98,drive,18.30,front,LIDAR_ONLY
0,53.1454,t847,LIDAR_ONLY,17.4688,17.4688,73.9736,56.5048,56.5048,76.3851,76.3851,0,0,13.94,3.98,drive,19.51,front,LIDAR_ONLY
0,53.1454,t847,LIDAR_ONLY,17.4174,17.4174,73.9736,56.5563,56.5563,76.4546,76.4546,0,0,13.94,3.98,drive,20.05,front,LIDAR_ONLY
0,53.2291,cam_3,CAM_ONLY,17.0551,,17.2929,0.2379,,1.3754,,1,,16.46,3.03,warning,3.04,,CAMERA_ONLY
0,53.3016,cam_3,CAM_ONLY,17.1889,,17.2929,0.1041,,0.6018,,1,,13.31,9.09,warning,3.04,,CAMERA_ONLY
0,53.3769,cam_3,CAM_ONLY,17.0337,,17.2929,0.2592,,1.4991,,1,,13.96,3.29,warning,3.04,,CAMERA_ONLY
0,53.4567,cam_3,CAM_ONLY,17.1349,,17.2929,0.1580,,0.9138,,1,,16.22,11.10,warning,3.04,,CAMERA_ONLY
0,53.5392,t859,BOTH,17.0243,17.4708,17.2929,0.2686,0.1779,1.5534,1.0286,1,1,15.15,2.24,warning,3.04,,FULL_ANGLE
0,53.5392,t855,LIDAR_ONLY,28.0646,28.0646,,,,,,,,15.15,2.24,drive,-29.51,front,LIDAR_ONLY
0,53.5392,t857,LIDAR_ONLY,14.7766,14.7766,73.9736,59.1970,59.1970,80.0244,80.0244,0,0,15.15,2.24,drive,21.07,front,LIDAR_ONLY
0,53.5392,t857,LIDAR_ONLY,15.0486,15.0486,73.9736,58.9251,58.9251,79.6569,79.6569,0,0,15.15,2.24,drive,18.49,front,LIDAR_ONLY
0,53.5392,t857,LIDAR_ONLY,15.2868,15.2868,73.9736,58.6868,58.6868,79.3348,79.3348,0,0,15.15,2.24,drive,19.45,front,LIDAR_ONLY
0,53.6121,cam_3,CAM_ONLY,17.0721,,17.2929,0.2209,,1.2772,,1,,13.18,8.70,warning,3.04,,CAMERA_ONLY
0,53.6904,cam_3,CAM_ONLY,17.2177,,17.2929,0.0753,,0.4353,,1,,20.00,4.78,warning,3.04,,CAMERA_ONLY
0,53.6904,t855,LIDAR_ONLY,28.0894,28.0894,,,,,,,,20.00,4.78,drive,-29.41,front,LIDAR_ONLY
0,53.7725,cam_3,CAM_ONLY,17.0154,,17.2929,0.2776,,1.6050,,1,,14.24,9.42,warning,3.04,,CAMERA_ONLY
0,53.8512,cam_3,CAM_ONLY,16.9909,,17.2929,0.3020,,1.7465,,1,,14.44,8.04,warning,3.04,,CAMERA_ONLY
0,53.8512,t864,LIDAR_ONLY,18.0391,18.0391,73.9736,55.9345,55.9345,75.6142,75.6142,0,0,14.44,8.04,drive,18.52,front,LIDAR_ONLY
0,53.8512,t864,LIDAR_ONLY,17.3601,17.3601,73.9736,56.6135,56.6135,76.5320,76.5320,0,0,14.44,8.04,drive,20.10,front,LIDAR_ONLY
0,53.9308,cam_3,CAM_ONLY,16.9142,,17.2929,0.3787,,2.1901,,1,,15.36,4.50,warning,3.04,,CAMERA_ONLY
0,53.9308,t855,LIDAR_ONLY,28.1128,28.1128,,,,,,,,15.36,4.50,drive,-29.34,front,LIDAR_ONLY
0,54.0033,t866,BOTH,17.0408,17.4679,17.2929,0.2521,0.1749,1.4581,1.0114,1,1,19.54,4.98,warning,3.04,,FULL_ANGLE
0,54.0033,t864,LIDAR_ONLY,17.4274,17.4274,73.9736,56.5463,56.5463,76.4411,76.4411,0,0,19.54,4.98,drive,18.43,front,LIDAR_ONLY
0,54.0033,t864,LIDAR_ONLY,17.3244,17.3244,73.9736,56.6492,56.6492,76.5803,76.5803,0,0,19.54,4.98,drive,19.48,front,LIDAR_ONLY
0,54.0033,t864,LIDAR_ONLY,17.0388,17.0388,73.9736,56.9348,56.9348,76.9663,76.9663,0,0,19.54,4.98,drive,20.45,front,LIDAR_ONLY
0,54.0033,t864,LIDAR_ONLY,16.5679,16.5679,73.9736,57.4057,57.4057,77.6029,77.6029,0,0,19.54,4.98,drive,20.87,front,LIDAR_ONLY
0,54.0701,cam_3,CAM_ONLY,17.1529,,17.2929,0.1400,,0.8097,,1,,10.23,6.97,warning,3.04,,CAMERA_ONLY
0,54.1411,t866,BOTH,17.1010,17.4808,17.2929,0.1919,0.1879,1.1098,1.0865,1,1,16.73,4.44,warning,3.04,,FULL_ANGLE
0,54.1411,t864,LIDAR_ONLY,16.1328,16.1328,73.9736,57.8408,57.8408,78.1911,78.1911,0,0,16.73,4.44,drive,20.37,front,LIDAR_ONLY
0,54.2208,cam_3,CAM_ONLY,17.0225,,17.2929,0.2705,,1.5642,,1,,14.36,9.83,warning,3.04,,CAMERA_ONLY
0,54.2923,t866,BOTH,17.0313,17.4854,17.2929,0.2617,0.1925,1.5131,1.1131,1,1,13.01,4.02,warning,3.04,,FULL_ANGLE
0,54.3662,cam_3,CAM_ONLY,16.8878,,17.2929,0.4051,,2.3429,,1,,12.11,9.91,warning,3.04,,CAMERA_ONLY
0,54.4300,cam_3,CAM_ONLY,17.0734,,17.2929,0.2195,,1.2695,,1,,9.96,3.27,warning,3.04,,CAMERA_ONLY
0,54.4843,t866,BOTH,16.8437,17.4879,17.2929,0.4492,0.1949,2.5976,1.1272,1,1,10.67,1.41,warning,3.04,,FULL_ANGLE
0,54.4843,t873,LIDAR_ONLY,28.1449,28.1449,,,,,,,,10.67,1.41,drive,-29.50,front,LIDAR_ONLY
0,54.5707,cam_3,CAM_ONLY,16.8827,,17.2929,0.4102,,2.3723,,1,,16.73,15.47,warning,3.04,,CAMERA_ONLY
0,54.6350,t866,BOTH,16.9867,17.4897,17.2929,0.3063,0.1968,1.7710,1.1379,1,1,10.60,1.11,warning,3.04,,FULL_ANGLE
0,54.6350,t873,LIDAR_ONLY,28.1482,28.1482,,,,,,,,10.60,1.11,drive,-29.46,front,LIDAR_ONLY
0,54.7007,cam_3,CAM_ONLY,17.0404,,17.2929,0.2525,,1.4603,,1,,10.15,7.02,warning,3.04,,CAMERA_ONLY
0,54.7007,t876,LIDAR_ONLY,17.0108,17.0108,73.9736,56.9629,56.9629,77.0043,77.0043,0,0,10.15,7.02,drive,19.21,front,LIDAR_ONLY
0,54.7637,cam_3,CAM_ONLY,17.0271,,17.2929,0.2658,,1.5373,,1,,9.44,6.72,warning,3.04,,CAMERA_ONLY
0,54.8294,cam_3,CAM_ONLY,17.1545,,17.2929,0.1384,,0.8004,,1,,16.54,3.09,warning,3.04,,CAMERA_ONLY
0,54.8294,t873,LIDAR_ONLY,28.1404,28.1404,,,,,,,,16.54,3.09,drive,-29.71,front,LIDAR_ONLY
0,54.9042,cam_3,CAM_ONLY,17.0997,,17.2929,0.1932,,1.1173,,1,,16.84,9.35,warning,3.04,,CAMERA_ONLY
0,54.9042,t876,LIDAR_ONLY,16.9951,16.9951,73.9736,56.9785,56.9785,77.0255,77.0255,0,0,16.84,9.35,drive,19.23,front,LIDAR_ONLY
0,54.9042,t876,LIDAR_ONLY,17.0696,17.0696,73.9736,56.9040,56.9040,76.9247,76.9247,0,0,16.84,9.35,drive,18.11,front,LIDAR_ONLY
0,54.9849,t880,BOTH,16.9681,17.4938,17.2929,0.3248,0.2009,1.8783,1.1618,1,1,14.15,2.91,warning,3.04,,FULL_ANGLE
0,54.9849,t873,LIDAR_ONLY,28.1437,28.1437,,,,,,,,14.15,2.91,drive,-29.54,front,LIDAR_ONLY
0,54.9849,t876,LIDAR_ONLY,16.4597,16.4597,73.9736,57.5139,57.5139,77.7492,77.7492,0,0,14.15,2.91,drive,20.06,front,LIDAR_ONLY
0,55.0543,cam_3,CAM_ONLY,16.8803,,17.2929,0.4127,,2.3864,,1,,12.07,10.15,warning,3.04,,CAMERA_ONLY
0,55.0543,t876,LIDAR_ONLY,16.5393,16.5393,73.9736,57.4343,57.4343,77.6416,77.6416,0,0,12.07,10.15,drive,18.36,front,LIDAR_ONLY
0,55.1307,cam_3,CAM_ONLY,16.8709,,17.2929,0.4221,,2.4408,,1,,17.19,3.32,warning,3.04,,CAMERA_ONLY
0,55.1859,t880,BOTH,16.8544,17.4959,17.2929,0.4385,0.2029,2.5360,1.1733,1,1,10.22,1.83,warning,3.04,,FULL_ANGLE
0,55.1859,t873,LIDAR_ONLY,28.1408,28.1408,,,,,,,,10.22,1.83,drive,-29.45,front,LIDAR_ONLY
0,55.1859,t876,LIDAR_ONLY,14.1003,14.1003,73.9736,59.8733,59.8733,80.9388,80.9388,0,0,10.22,1.83,cautious,24.06,front,LIDAR_ONLY
0,55.1859,t876,LIDAR_ONLY,13.8839,13.8839,73.9736,60.0897,60.0897,81.2313,81.2313,0,0,10.22,1.83,cautious,19.33,front,LIDAR_ONLY
0,55.1859,t876,LIDAR_ONLY,13.9218,13.9218,73.9736,60.0518,60.0518,81.1800,81.1800,0,0,10.22,1.83,cautious,18.18,front,LIDAR_ONLY
0,55.1859,t876,LIDAR_ONLY,13.5402,13.5402,73.9736,60.4334,60.4334,81.6958,81.6958,0,0,10.22,1.83,cautious,20.31,front,LIDAR_ONLY
0,55.2534,cam_3,CAM_ONLY,17.0150,,17.2929,0.2780,,1.6076,,1,,9.49,8.02,warning,3.04,,CAMERA_ONLY
0,55.3193,cam_3,CAM_ONLY,17.0456,,17.2929,0.2474,,1.4306,,1,,17.24,5.06,warning,3.04,,CAMERA_ONLY
0,55.3802,cam_3,CAM_ONLY,16.9454,,17.2929,0.3475,,2.0096,,1,,12.01,1.82,warning,3.04,,CAMERA_ONLY
0,55.3802,t873,LIDAR_ONLY,28.1462,28.1462,,,,,,,,12.01,1.82,drive,-29.35,front,LIDAR_ONLY
0,55.4482,cam_3,CAM_ONLY,17.0956,,17.2929,0.1973,,1.1410,,1,,10.02,6.34,warning,3.04,,CAMERA_ONLY
0,55.4482,t887,LIDAR_ONLY,18.0466,18.0466,73.9736,55.9270,55.9270,75.6040,75.6040,0,0,10.02,6.34,drive,18.51,front,LIDAR_ONLY
0,55.5167,cam_3,CAM_ONLY,16.9568,,17.2929,0.3362,,1.9440,,1,,10.86,8.78,warning,3.04,,CAMERA_ONLY
0,55.5867,t889,BOTH,16.8966,17.5252,17.2929,0.3964,0.2322,2.2922,1.3428,1,1,21.57,1.95,warning,3.04,,FULL_ANGLE
0,55.5867,t873,LIDAR_ONLY,28.1407,28.1407,,,,,,,,21.57,1.95,drive,-29.55,front,LIDAR_ONLY
0,55.5867,t887,LIDAR_ONLY,13.4477,13.4477,73.9736,60.5259,60.5259,81.8210,81.8210,0,0,21.57,1.95,cautious,22.84,front,LIDAR_ONLY
0,55.5867,t887,LIDAR_ONLY,13.5595,13.5595,73.9736,60.4141,60.4141,81.6698,81.6698,0,0,21.57,1.95,cautious,18.46,front,LIDAR_ONLY
0,55.6624,cam_3,CAM_ONLY,16.8960,,17.2929,0.3970,,2.2956,,1,,12.83,10.35,warning,3.04,,CAMERA_ONLY
0,55.7221,cam_3,CAM_ONLY,17.0081,,17.2929,0.2849,,1.6472,,1,,10.42,2.88,warning,3.04,,CAMERA_ONLY
0,55.7940,t889,BOTH,17.1248,17.5101,17.2929,0.1682,0.2172,0.9724,1.2557,1,1,16.81,2.79,warning,3.04,,FULL_ANGLE
0,55.7940,t873,LIDAR_ONLY,28.1440,28.1440,,,,,,,,16.81,2.79,drive,-29.45,front,LIDAR_ONLY
0,55.7940,t887,LIDAR_ONLY,13.7330,13.7330,73.9736,60.2406,60.2406,81.4352,81.4352,0,0,16.81,2.79,cautious,18.28,front,LIDAR_ONLY
0,55.8637,cam_3,CAM_ONLY,17.0756,,17.2929,0.2173,,1.2568,,1,,10.54,14.17,warning,3.04,,CAMERA_ONLY
0,55.9294,cam_3,CAM_ONLY,17.1275,,17.2929,0.1655,,0.9569,,1,,13.79,2.50,warning,3.04,,CAMERA_ONLY
0,55.9294,t873,LIDAR_ONLY,28.1322,28.1322,,,,,,,,13.79,2.50,drive,-29.46,front,LIDAR_ONLY
0,55.9886,t889,BOTH,16.9859,17.4972,17.2929,0.3071,0.2043,1.7758,1.1813,1,1,10.64,1.58,warning,3.04,,FULL_ANGLE
0,55.9886,t887,LIDAR_ONLY,11.8950,11.8950,73.9736,62.0786,62.0786,83.9199,83.9199,0,0,10.64,1.58,cautious,27.52,front,LIDAR_ONLY
0,55.9886,t887,LIDAR_ONLY,11.9517,11.9517,73.9736,62.0219,62.0219,83.8432,83.8432,0,0,10.64,1.58,cautious,19.53,front,LIDAR_ONLY
0,56.0534,cam_3,CAM_ONLY,16.8536,,17.2929,0.4394,,2.5409,,1,,9.32,7.23,warning,3.04,,CAMERA_ONLY
0,56.1363,cam_3,CAM_ONLY,16.8224,,17.2929,0.4705,,2.7209,,1,,21.71,7.19,warning,3.04,,CAMERA_ONLY
0,56.2257,cam_3,CAM_ONLY,17.1144,,17.2929,0.1785,,1.0323,,1,,20.46,3.97,warning,3.04,,CAMERA_ONLY
0,56.3148,cam_3,CAM_ONLY,16.8746,,17.2929,0.4183,,2.4191,,1,,22.52,8.79,warning,3.04,,CAMERA_ONLY
0,56.3777,cam_3,CAM_ONLY,16.8761,,17.2929,0.4168,,2.4105,,1,,11.13,3.06,warning,3.04,,CAMERA_ONLY
0,56.4707,cam_3,CAM_ONLY,17.0758,,17.2929,0.2171,,1.2556,,1,,19.46,14.39,warning,3.04,,CAMERA_ONLY
0,56.5365,t907,BOTH,17.0296,17.5461,17.2929,0.2634,0.2531,1.5230,1.4637,1,1,13.33,1.77,warning,3.04,,FULL_ANGLE
0,56.5365,t906,LIDAR_ONLY,28.1162,28.1162,,,,,,,,13.33,1.77,drive,-29.45,front,LIDAR_ONLY
0,56.6059,cam_3,CAM_ONLY,16.8599,,17.2929,0.4330,,2.5039,,1,,11.60,8.74,warning,3.04,,CAMERA_ONLY
0,56.6999,cam_3,CAM_ONLY,17.1707,,17.2929,0.1223,,0.7071,,1,,24.87,8.17,warning,3.04,,CAMERA_ONLY
0,56.6999,t910,LIDAR_ONLY,17.9605,17.9605,73.9736,56.0131,56.0131,75.7204,75.7204,0,0,24.87,8.17,drive,18.57,front,LIDAR_ONLY
0,56.7771,cam_3,CAM_ONLY,17.1456,,17.2929,0.1474,,0.8522,,1,,19.22,5.07,warning,3.04,,CAMERA_ONLY
0,56.8412,t916,BOTH,17.1094,17.4968,17.2929,0.1836,0.2039,1.0615,1.1791,1,1,10.87,1.52,warning,3.04,,FULL_ANGLE
0,56.8412,t910,LIDAR_ONLY,14.4249,14.4249,73.9736,59.5487,59.5487,80.4999,80.4999,0,0,10.87,1.52,cautious,22.61,front,LIDAR_ONLY
0,56.8412,t910,LIDAR_ONLY,14.6343,14.6343,73.9736,59.3393,59.3393,80.2169,80.2169,0,0,10.87,1.52,cautious,19.64,front,LIDAR_ONLY
0,56.9156,cam_3,CAM_ONLY,16.9090,,17.2929,0.3839,,2.2200,,1,,17.62,10.56,warning,3.04,,CAMERA_ONLY
0,56.9871,t916,BOTH,16.9803,17.4978,17.2929,0.3127,0.2049,1.8081,1.1847,1,1,16.05,1.44,warning,3.04,,FULL_ANGLE
0,56.9871,t918,LIDAR_ONLY,28.1192,28.1192,,,,,,,,16.05,1.44,drive,-29.51,front,LIDAR_ONLY
0,56.9871,t910,LIDAR_ONLY,14.7759,14.7759,73.9736,59.1977,59.1977,80.0254,80.0254,0,0,16.05,1.44,cautious,20.93,front,LIDAR_ONLY
0,56.9871,t910,LIDAR_ONLY,14.9187,14.9187,73.9736,59.0550,59.0550,79.8325,79.8325,0,0,16.05,1.44,drive,19.82,front,LIDAR_ONLY
0,57.1103,cam_3,CAM_ONLY,16.9639,,17.2929,0.3291,,1.9030,,1,,15.39,12.98,warning,3.04,,CAMERA_ONLY
0,57.1791,cam_3,CAM_ONLY,17.0870,,17.2929,0.2059,,1.1908,,1,,11.77,2.44,warning,3.04,,CAMERA_ONLY
0,57.1791,t918,LIDAR_ONLY,28.1294,28.1294,,,,,,,,11.77,2.44,drive,-29.37,front,LIDAR_ONLY
0,57.2534,cam_3,CAM_ONLY,16.9673,,17.2929,0.3256,,1.8831,,1,,18.38,8.10,warning,3.04,,CAMERA_ONLY
0,57.3291,cam_3,CAM_ONLY,17.0631,,17.2929,0.2299,,1.3292,,1,,15.17,3.39,warning,3.04,,CAMERA_ONLY
0,57.3911,t928,BOTH,16.8840,17.4986,17.2929,0.4089,0.2057,2.3647,1.1892,1,1,13.33,3.04,warning,3.04,,FULL_ANGLE
0,57.3911,t927,LIDAR_ONLY,18.1539,18.1539,73.9736,55.8197,55.8197,75.4590,75.4590,0,0,13.33,3.04,drive,18.44,front,LIDAR_ONLY
0,57.3911,t927,LIDAR_ONLY,16.8267,16.8267,73.9736,57.1469,57.1469,77.2531,77.2531,0,0,13.33,3.04,drive,19.92,front,LIDAR_ONLY
0,57.4575,cam_3,CAM_ONLY,17.0710,,17.2929,0.2219,,1.2832,,1,,9.74,10.12,warning,3.04,,CAMERA_ONLY
0,57.5188,cam_3,CAM_ONLY,16.9309,,17.2929,0.3620,,2.0935,,1,,10.16,2.35,warning,3.04,,CAMERA_ONLY
0,57.5885,t928,BOTH,16.9759,17.4746,17.2929,0.3170,0.1816,1.8331,1.0503,1,1,12.44,1.01,warning,3.04,,FULL_ANGLE
0,57.6491,cam_3,CAM_ONLY,17.2466,,17.2929,0.0464,,0.2681,,1,,10.75,6.24,warning,3.04,,CAMERA_ONLY
0,57.6491,t933,LIDAR_ONLY,17.9368,17.9368,73.9736,56.0368,56.0368,75.7524,75.7524,0,0,10.75,6.24,drive,18.58,front,LIDAR_ONLY
0,57.7194,cam_3,CAM_ONLY,17.1898,,17.2929,0.1031,,0.5962,,1,,13.34,6.27,warning,3.04,,CAMERA_ONLY
0,57.7869,cam_3,CAM_ONLY,16.9686,,17.2929,0.3243,,1.8754,,1,,17.19,3.50,warning,3.04,,CAMERA_ONLY
0,57.8643,cam_3,CAM_ONLY,17.1075,,17.2929,0.1854,,1.0722,,1,,14.31,11.18,warning,3.04,,CAMERA_ONLY
0,57.9296,cam_3,CAM_ONLY,17.0057,,17.2929,0.2873,,1.6613,,1,,14.87,2.78,warning,3.04,,CAMERA_ONLY
0,57.9862,t939,BOTH,17.1938,17.5617,17.2929,0.0991,0.2688,0.5733,1.5542,1,1,10.02,1.30,warning,3.04,,FULL_ANGLE
0,57.9862,t938,LIDAR_ONLY,28.1314,28.1314,,,,,,,,10.02,1.30,drive,-29.53,front,LIDAR_ONLY
0,58.0747,cam_3,CAM_ONLY,17.1051,,17.2929,0.1879,,1.0863,,1,,18.82,8.17,warning,3.04,,CAMERA_ONLY
0,58.1328,cam_3,CAM_ONLY,16.9169,,17.2929,0.3760,,2.1743,,1,,10.04,1.64,warning,3.04,,CAMERA_ONLY
0,58.1328,t938,LIDAR_ONLY,28.1050,28.1050,,,,,,,,10.04,1.64,drive,-29.51,front,LIDAR_ONLY
0,58.2076,cam_3,CAM_ONLY,16.9563,,17.2929,0.3366,,1.9465,,1,,16.74,11.03,warning,3.04,,CAMERA_ONLY
0,58.2808,cam_3,CAM_ONLY,16.9148,,17.2929,0.3781,,2.1867,,1,,14.99,8.21,warning,3.04,,CAMERA_ONLY
0,58.3603,cam_3,CAM_ONLY,16.8660,,17.2929,0.4270,,2.4691,,1,,13.79,11.23,warning,3.04,,CAMERA_ONLY
0,58.4343,cam_3,CAM_ONLY,16.9953,,17.2929,0.2977,,1.7215,,1,,19.30,3.77,warning,3.04,,CAMERA_ONLY
0,58.4343,t945,LIDAR_ONLY,28.0674,28.0674,,,,,,,,19.30,3.77,drive,-29.64,front,LIDAR_ONLY
0,58.5006,cam_3,CAM_ONLY,17.0381,,17.2929,0.2548,,1.4735,,1,,10.01,7.17,warning,3.04,,CAMERA_ONLY
0,58.5739,cam_3,CAM_ONLY,17.0554,,17.2929,0.2375,,1.3737,,1,,13.91,3.59,warning,3.04,,CAMERA_ONLY
0,58.6353,cam_3,CAM_ONLY,16.9011,,17.2929,0.3918,,2.2657,,1,,9.68,1.34,warning,3.04,,CAMERA_ONLY
0,58.6353,t945,LIDAR_ONLY,28.0618,28.0618,,,,,,,,9.68,1.34,drive,-29.66,front,LIDAR_ONLY
0,58.7000,cam_3,CAM_ONLY,16.9605,,17.2929,0.3324,,1.9224,,1,,11.43,7.10,warning,3.04,,CAMERA_ONLY
0,58.7000,t951,LIDAR_ONLY,15.1168,15.1168,73.9736,58.8568,58.8568,79.5645,79.5645,0,0,11.43,7.10,drive,20.75,front,LIDAR_ONLY
0,58.7716,cam_3,CAM_ONLY,16.8419,,17.2929,0.4511,,2.6084,,1,,14.63,3.84,warning,3.04,,CAMERA_ONLY
0,58.8395,t953,BOTH,16.8187,17.4807,17.2929,0.4743,0.1877,2.7426,1.0857,1,1,11.65,4.88,warning,3.04,,FULL_ANGLE
0,58.8395,t951,LIDAR_ONLY,15.3837,15.3837,73.9736,58.5899,58.5899,79.2039,79.2039,0,0,11.65,4.88,drive,19.82,front,LIDAR_ONLY
0,58.9065,cam_3,CAM_ONLY,16.8681,,17.2929,0.4248,,2.4567,,1,,10.13,11.00,warning,3.04,,CAMERA_ONLY
0,58.9673,cam_3,CAM_ONLY,16.9645,,17.2929,0.3285,,1.8994,,1,,10.03,6.59,warning,3.04,,CAMERA_ONLY
0,59.0272,cam_3,CAM_ONLY,17.0721,,17.2929,0.2208,,1.2769,,1,,8.95,3.39,warning,3.04,,CAMERA_ONLY
0,59.0898,t959,BOTH,17.0717,17.4562,17.2929,0.2212,0.1632,1.2793,0.9440,1,1,12.33,3.06,warning,3.04,,FULL_ANGLE
0,59.0898,t958,LIDAR_ONLY,15.8350,15.8350,73.9736,58.1387,58.1387,78.5938,78.5938,0,0,12.33,3.06,drive,20.13,front,LIDAR_ONLY
0,59.1575,cam_3,CAM_ONLY,17.1185,,17.2929,0.1744,,1.0088,,1,,11.31,8.20,warning,3.04,,CAMERA_ONLY
0,59.2354,t959,BOTH,17.1379,17.4631,17.2929,0.1551,0.1701,0.8967,0.9838,1,1,20.23,1.56,warning,3.04,,FULL_ANGLE
0,59.2354,t961,LIDAR_ONLY,28.0583,28.0583,,,,,,,,20.23,1.56,drive,-29.61,front,LIDAR_ONLY
0,59.3214,cam_3,CAM_ONLY,16.9907,,17.2929,0.3022,,1.7477,,1,,15.80,8.47,warning,3.04,,CAMERA_ONLY
0,59.3830,cam_3,CAM_ONLY,17.2623,,17.2929,0.0307,,0.1773,,1,,10.48,1.79,warning,3.04,,CAMERA_ONLY
0,59.3830,t961,LIDAR_ONLY,28.0098,28.0098,,,,,,,,10.48,1.79,drive,-29.68,front,LIDAR_ONLY
0,59.4573,cam_3,CAM_ONLY,16.9403,,17.2929,0.3527,,2.0394,,1,,17.46,11.13,warning,3.04,,CAMERA_ONLY
0,59.4573,t966,LIDAR_ONLY,18.5554,18.5554,73.9736,55.4182,55.4182,74.9162,74.9162,0,0,17.46,11.13,drive,18.20,front,LIDAR_ONLY
0,59.5230,cam_3,CAM_ONLY,16.9474,,17.2929,0.3456,,1.9983,,1,,12.99,5.80,warning,3.04,,CAMERA_ONLY
0,59.6165,cam_3,CAM_ONLY,16.9552,,17.2929,0.3378,,1.9532,,1,,20.18,19.11,warning,3.04,,CAMERA_ONLY
0,59.6866,t970,BOTH,16.9361,17.4826,17.2929,0.3568,0.1896,2.0636,1.0965,1,1,20.97,1.95,warning,3.04,,FULL_ANGLE
0,59.6866,t969,LIDAR_ONLY,10.0016,10.0016,,,,,,,,20.97,1.95,cautious,29.08,front,LIDAR_ONLY
0,59.6866,t966,LIDAR_ONLY,18.3425,18.3425,73.9736,55.6312,55.6312,75.2041,75.2041,0,0,20.97,1.95,drive,18.38,front,LIDAR_ONLY
0,59.7586,cam_3,CAM_ONLY,16.9085,,17.2929,0.3844,,2.2229,,1,,14.13,8.75,warning,3.04,,CAMERA_ONLY
0,59.8290,cam_3,CAM_ONLY,17.0246,,17.2929,0.2684,,1.5518,,1,,17.14,3.38,warning,3.04,,CAMERA_ONLY
0,59.8959,cam_3,CAM_ONLY,17.0824,,17.2929,0.2106,,1.2176,,1,,17.31,5.86,warning,3.04,,CAMERA_ONLY
0,59.8959,t966,LIDAR_ONLY,18.3718,18.3718,73.9736,55.6018,55.6018,75.1644,75.1644,0,0,17.31,5.86,drive,18.14,front,LIDAR_ONLY
0,59.9612,cam_3,CAM_ONLY,17.1679,,17.2929,0.1251,,0.7233,,1,,10.93,10.82,warning,3.04,,CAMERA_ONLY
0,60.0317,cam_3,CAM_ONLY,17.1699,,17.2929,0.1230,,0.7113,,1,,13.55,3.79,warning,3.04,,CAMERA_ONLY
0,60.1326,cam_3,CAM_ONLY,16.9512,,17.2929,0.3418,,1.9764,,1,,9.67,1.77,warning,3.04,,CAMERA_ONLY
0,60.1326,t979,LIDAR_ONLY,28.0888,28.0888,,,,,,,,9.67,1.77,drive,-29.54,front,LIDAR_ONLY
0,60.2083,cam_3,CAM_ONLY,17.0089,,17.2929,0.2840,,1.6423,,1,,13.37,10.63,warning,3.04,,CAMERA_ONLY
0,60.2750,cam_3,CAM_ONLY,17.0331,,17.2929,0.2598,,1.5025,,1,,12.98,3.58,warning,3.04,,CAMERA_ONLY
0,60.3315,cam_3,CAM_ONLY,17.0749,,17.2929,0.2180,,1.2608,,1,,10.17,1.78,warning,3.04,,CAMERA_ONLY
0,60.3315,t979,LIDAR_ONLY,28.0948,28.0948,,,,,,,,10.17,1.78,drive,-29.46,front,LIDAR_ONLY
0,60.4014,cam_3,CAM_ONLY,17.0522,,17.2929,0.2407,,1.3922,,1,,10.95,7.81,warning,3.04,,CAMERA_ONLY
0,60.4014,t984,LIDAR_ONLY,16.4325,16.4325,73.9736,57.5411,57.5411,77.7859,77.7859,0,0,10.95,7.81,drive,19.65,front,LIDAR_ONLY
0,60.4764,cam_3,CAM_ONLY,16.8812,,17.2929,0.4118,,2.3811,,1,,21.16,5.06,warning,3.04,,CAMERA_ONLY
0,60.5672,cam_3,CAM_ONLY,17.1453,,17.2929,0.1476,,0.8536,,1,,17.06,14.15,warning,3.04,,CAMERA_ONLY
0,60.6294,cam_3,CAM_ONLY,17.2316,,17.2929,0.0613,,0.3546,,1,,12.93,1.75,warning,3.04,,CAMERA_ONLY
0,60.6946,t992,BOTH,16.9272,17.4747,17.2929,0.3658,0.1818,2.1151,1.0513,1,1,12.99,4.83,warning,3.04,,FULL_ANGLE
0,60.6946,t991,LIDAR_ONLY,14.6111,14.6111,73.9736,59.3625,59.3625,80.2483,80.2483,0,0,12.99,4.83,drive,21.23,front,LIDAR_ONLY
0,60.6946,t991,LIDAR_ONLY,15.1885,15.1885,73.9736,58.7851,58.7851,79.4676,79.4676,0,0,12.99,4.83,drive,18.98,front,LIDAR_ONLY
0,60.6946,t991,LIDAR_ONLY,15.5557,15.5557,73.9736,58.4179,58.4179,78.9713,78.9713,0,0,12.99,4.83,drive,20.45,front,LIDAR_ONLY
0,60.6946,t991,LIDAR_ONLY,15.8097,15.8097,73.9736,58.1639,58.1639,78.6279,78.6279,0,0,12.99,4.83,drive,20.15,front,LIDAR_ONLY
0,60.7592,cam_3,CAM_ONLY,16.9760,,17.2929,0.3170,,1.8329,,1,,10.98,9.67,warning,3.04,,CAMERA_ONLY
0,60.8299,cam_3,CAM_ONLY,16.9084,,17.2929,0.3846,,2.2239,,1,,15.31,2.53,warning,3.04,,CAMERA_ONLY
0,60.8299,t994,LIDAR_ONLY,28.1875,28.1875,,,,,,,,15.31,2.53,drive,-29.49,front,LIDAR_ONLY
0,60.8993,cam_3,CAM_ONLY,16.9005,,17.2929,0.3924,,2.2693,,1,,11.57,7.42,warning,3.04,,CAMERA_ONLY
0,60.8993,t991,LIDAR_ONLY,16.0974,16.0974,73.9736,57.8762,57.8762,78.2390,78.2390,0,0,11.57,7.42,drive,18.75,front,LIDAR_ONLY
0,60.9639,cam_3,CAM_ONLY,17.0687,,17.2929,0.2243,,1.2970,,1,,11.77,8.67,warning,3.04,,CAMERA_ONLY
0,61.0720,cam_3,CAM_ONLY,16.8384,,17.2929,0.4545,,2.6283,,1,,23.46,10.09,warning,3.04,,CAMERA_ONLY
0,61.1494,t997,BOTH,16.8946,17.4879,17.2929,0.3984,0.1949,2.3037,1.1272,1,1,14.57,8.23,warning,3.04,,FULL_ANGLE
0,61.1494,t991,LIDAR_ONLY,16.4579,16.4579,73.9736,57.5157,57.5157,77.7517,77.7517,0,0,14.57,8.23,drive,18.82,front,LIDAR_ONLY
0,61.1494,t991,LIDAR_ONLY,16.5681,16.5681,73.9736,57.4055,57.4055,77.6026,77.6026,0,0,14.57,8.23,drive,20.23,front,LIDAR_ONLY
0,61.1494,t991,LIDAR_ONLY,16.7518,16.7518,73.9736,57.2218,57.2218,77.3544,77.3544,0,0,14.57,8.23,drive,18.20,front,LIDAR_ONLY
0,61.2177,cam_3,CAM_ONLY,17.1235,,17.2929,0.1695,,0.9800,,1,,12.25,6.20,warning,3.04,,CAMERA_ONLY
0,61.2805,cam_3,CAM_ONLY,16.9163,,17.2929,0.3766,,2.1779,,1,,14.36,2.66,warning,3.04,,CAMERA_ONLY
0,61.3398,t997,BOTH,17.1035,17.4752,17.2929,0.1894,0.1823,1.0953,1.0540,1,1,14.25,2.60,warning,3.04,,FULL_ANGLE
0,61.3398,t991,LIDAR_ONLY,16.8981,16.8981,73.9736,57.0755,57.0755,77.1565,77.1565,0,0,14.25,2.60,drive,18.93,front,LIDAR_ONLY
0,61.3398,t991,LIDAR_ONLY,16.8099,16.8099,73.9736,57.1637,57.1637,77.2758,77.2758,0,0,14.25,2.60,drive,19.86,front,LIDAR_ONLY
0,61.3398,t991,LIDAR_ONLY,16.4852,16.4852,73.9736,57.4884,57.4884,77.7148,77.7148,0,0,14.25,2.60,drive,20.61,front,LIDAR_ONLY
0,61.4152,cam_3,CAM_ONLY,17.2404,,17.2929,0.0525,,0.3038,,1,,17.52,12.69,warning,3.04,,CAMERA_ONLY
0,61.4764,cam_3,CAM_ONLY,17.1676,,17.2929,0.1254,,0.7250,,1,,12.89,3.26,warning,3.04,,CAMERA_ONLY
0,61.5314,cam_3,CAM_ONLY,17.2206,,17.2929,0.0724,,0.4186,,1,,9.60,1.63,warning,3.04,,CAMERA_ONLY
0,61.5314,t1006,LIDAR_ONLY,28.1197,28.1197,,,,,,,,9.60,1.63,drive,-29.49,front,LIDAR_ONLY
0,61.6046,cam_3,CAM_ONLY,17.0593,,17.2929,0.2337,,1.3511,,1,,13.07,10.19,warning,3.04,,CAMERA_ONLY
0,61.6704,cam_3,CAM_ONLY,17.2808,,17.2929,0.0122,,0.0704,,1,,9.37,7.49,warning,3.04,,CAMERA_ONLY
0,61.7327,cam_3,CAM_ONLY,17.0369,,17.2929,0.2560,,1.4804,,1,,10.21,3.36,warning,3.04,,CAMERA_ONLY
0,61.7967,cam_3,CAM_ONLY,16.9178,,17.2929,0.3752,,2.1695,,1,,9.88,5.12,warning,3.04,,CAMERA_ONLY
0,61.7967,t1012,LIDAR_ONLY,15.8703,15.8703,73.9736,58.1033,58.1033,78.5460,78.5460,0,0,9.88,5.12,drive,20.10,front,LIDAR_ONLY
0,61.8672,cam_3,CAM_ONLY,17.1114,,17.2929,0.1815,,1.0496,,1,,15.21,9.08,warning,3.04,,CAMERA_ONLY
0,61.9290,cam_3,CAM_ONLY,17.1287,,17.2929,0.1642,,0.9496,,1,,14.12,1.67,warning,3.04,,CAMERA_ONLY
0,61.9290,t1015,LIDAR_ONLY,28.1956,28.1956,,,,,,,,14.12,1.67,drive,-29.37,front,LIDAR_ONLY
0,62.0046,cam_3,CAM_ONLY,17.2169,,17.2929,0.0761,,0.4398,,1,,17.36,8.32,warning,3.04,,CAMERA_ONLY
0,62.0046,t1012,LIDAR_ONLY,15.6236,15.6236,73.9736,58.3500,58.3500,78.8795,78.8795,0,0,17.36,8.32,drive,20.85,front,LIDAR_ONLY
0,62.0046,t1012,LIDAR_ONLY,15.6562,15.6562,73.9736,58.3174,58.3174,78.8354,78.8354,0,0,17.36,8.32,drive,19.94,front,LIDAR_ONLY
0,62.0779,cam_3,CAM_ONLY,17.1535,,17.2929,0.1395,,0.8066,,1,,19.19,5.04,warning,3.04,,CAMERA_ONLY
0,62.1661,cam_3,CAM_ONLY,16.9508,,17.2929,0.3421,,1.9785,,1,,20.72,6.58,warning,3.04,,CAMERA_ONLY
0,62.2318,cam_3,CAM_ONLY,16.9269,,17.2929,0.3661,,2.1169,,1,,14.92,1.90,warning,3.04,,CAMERA_ONLY
0,62.2318,t1020,LIDAR_ONLY,28.1256,28.1256,,,,,,,,14.92,1.90,drive,-29.47,front,LIDAR_ONLY
0,62.3067,cam_3,CAM_ONLY,16.9696,,17.2929,0.3233,,1.8698,,1,,12.47,10.93,warning,3.04,,CAMERA_ONLY
0,62.3763,cam_3,CAM_ONLY,16.8897,,17.2929,0.4033,,2.3321,,1,,12.11,4.88,warning,3.04,,CAMERA_ONLY
0,62.4534,cam_3,CAM_ONLY,17.0577,,17.2929,0.2352,,1.3601,,1,,14.39,14.39,warning,3.04,,CAMERA_ONLY
0,62.5201,cam_3,CAM_ONLY,17.0217,,17.2929,0.2713,,1.5688,,1,,16.97,2.92,warning,3.04,,CAMERA_ONLY
0,62.5843,t1030,BOTH,17.1523,17.5211,17.2929,0.1407,0.2281,0.8134,1.3192,1,1,15.15,1.48,warning,3.04,,FULL_ANGLE
0,62.5843,t1028,LIDAR_ONLY,28.1713,28.1713,,,,,,,,15.15,1.48,drive,-29.50,front,LIDAR_ONLY
0,62.6671,cam_3,CAM_ONLY,17.1500,,17.2929,0.1430,,0.8266,,1,,14.90,11.26,warning,3.04,,CAMERA_ONLY
0,62.7331,cam_3,CAM_ONLY,17.0376,,17.2929,0.2553,,1.4766,,1,,11.76,1.98,warning,3.04,,CAMERA_ONLY
0,62.7331,t1028,LIDAR_ONLY,28.1536,28.1536,,,,,,,,11.76,1.98,drive,-29.52,front,LIDAR_ONLY
0,62.7873,t1030,BOTH,16.9429,17.4993,17.2929,0.3501,0.2063,2.0243,1.1931,1,1,9.74,1.61,warning,3.04,,FULL_ANGLE
0,62.7873,t1033,LIDAR_ONLY,11.0141,11.0141,73.9736,62.9595,62.9595,85.1107,85.1107,0,0,9.74,1.61,cautious,26.57,front,LIDAR_ONLY
0,62.7873,t1033,LIDAR_ONLY,11.0675,11.0675,73.9736,62.9061,62.9061,85.0386,85.0386,0,0,9.74,1.61,cautious,18.50,front,LIDAR_ONLY
0,62.8670,cam_3,CAM_ONLY,17.1338,,17.2929,0.1592,,0.9204,,1,,15.21,6.36,warning,3.04,,CAMERA_ONLY
0,62.9405,t1030,BOTH,16.9605,17.4925,17.2929,0.3324,0.1996,1.9223,1.1542,1,1,11.93,4.80,warning,3.04,,FULL_ANGLE
0,62.9405,t1033,LIDAR_ONLY,11.1854,11.1854,73.9736,62.7882,62.7882,84.8792,84.8792,0,0,11.93,4.80,cautious,18.47,front,LIDAR_ONLY
0,62.9405,t1033,LIDAR_ONLY,11.3376,11.3376,73.9736,62.6360,62.6360,84.6735,84.6735,0,0,11.93,4.80,cautious,19.81,front,LIDAR_ONLY
0,62.9405,t1030,LIDAR_ONLY,17.4959,17.4959,17.2929,0.2029,0.2029,1.1735,1.1735,1,1,11.93,4.80,drive,1.01,front,LIDAR_ONLY
0,63.0135,cam_3,CAM_ONLY,17.1484,,17.2929,0.1446,,0.8359,,1,,12.77,7.61,warning,3.04,,CAMERA_ONLY
0,63.0796,cam_3,CAM_ONLY,17.1909,,17.2929,0.1020,,0.5901,,1,,12.21,2.26,warning,3.04,,CAMERA_ONLY
0,63.0796,t1037,LIDAR_ONLY,28.1582,28.1582,,,,,,,,12.21,2.26,drive,-29.42,front,LIDAR_ONLY
0,63.1497,cam_3,CAM_ONLY,16.9450,,17.2929,0.3480,,2.0121,,1,,13.94,8.17,warning,3.04,,CAMERA_ONLY
0,63.1497,t1033,LIDAR_ONLY,11.4951,11.4951,73.9736,62.4785,62.4785,84.4606,84.4606,0,0,13.94,8.17,cautious,18.20,front,LIDAR_ONLY
0,63.2139,cam_3,CAM_ONLY,16.9259,,17.2929,0.3670,,2.1225,,1,,9.74,7.22,warning,3.04,,CAMERA_ONLY
0,63.2810,cam_3,CAM_ONLY,16.8907,,17.2929,0.4023,,2.3263,,1,,13.81,3.72,warning,3.04,,CAMERA_ONLY
0,63.3368,t1044,BOTH,16.9981,17.5557,17.2929,0.2949,0.2628,1.7050,1.5196,1,1,9.19,1.04,warning,3.04,,FULL_ANGLE
0,63.3368,t1043,LIDAR_ONLY,28.1999,28.1999,,,,,,,,9.19,1.04,drive,-29.41,front,LIDAR_ONLY
0,63.4012,cam_3,CAM_ONLY,17.0879,,17.2929,0.2051,,1.1858,,1,,10.30,7.39,warning,3.04,,CAMERA_ONLY
0,63.4012,t1046,LIDAR_ONLY,15.3247,15.3247,73.9736,58.6489,58.6489,79.2835,79.2835,0,0,10.30,7.39,drive,20.57,front,LIDAR_ONLY
0,63.4012,t1046,LIDAR_ONLY,15.5506,15.5506,73.9736,58.4230,58.4230,78.9782,78.9782,0,0,10.30,7.39,drive,18.91,front,LIDAR_ONLY
0,63.4012,t1046,LIDAR_ONLY,15.7368,15.7368,73.9736,58.2368,58.2368,78.7265,78.7265,0,0,10.30,7.39,drive,19.51,front,LIDAR_ONLY
0,63.4634,cam_3,CAM_ONLY,16.9704,,17.2929,0.3226,,1.8652,,1,,9.49,6.11,warning,3.04,,CAMERA_ONLY
0,63.5265,cam_3,CAM_ONLY,17.2033,,17.2929,0.0896,,0.5184,,1,,12.78,3.20,warning,3.04,,CAMERA_ONLY
0,63.5942,t1050,BOTH,16.9258,17.4852,17.2929,0.3671,0.1923,2.1228,1.1118,1,1,18.28,3.94,warning,3.04,,FULL_ANGLE
0,63.6675,cam_3,CAM_ONLY,16.9925,,17.2929,0.3004,,1.7372,,1,,15.65,7.52,warning,3.04,,CAMERA_ONLY
0,63.7587,t1050,BOTH,17.0680,17.4863,17.2929,0.2250,0.1934,1.3010,1.1182,1,1,20.62,11.62,warning,3.04,,FULL_ANGLE
0,63.7587,t1052,LIDAR_ONLY,17.4106,17.4106,73.9736,56.5630,56.5630,76.4637,76.4637,0,0,20.62,11.62,drive,18.93,front,LIDAR_ONLY
0,63.8247,cam_3,CAM_ONLY,16.9566,,17.2929,0.3364,,1.9452,,1,,9.63,3.15,warning,3.04,,CAMERA_ONLY
0,63.9027,cam_3,CAM_ONLY,17.2707,,17.2929,0.0223,,0.1289,,1,,15.37,9.40,warning,3.04,,CAMERA_ONLY
0,63.9027,t1052,LIDAR_ONLY,15.9094,15.9094,73.9736,58.0643,58.0643,78.4932,78.4932,0,0,15.37,9.40,drive,20.54,front,LIDAR_ONLY
0,63.9027,t1052,LIDAR_ONLY,16.0285,16.0285,73.9736,57.9451,57.9451,78.3321,78.3321,0,0,15.37,9.40,drive,18.82,front,LIDAR_ONLY
0,63.9783,cam_3,CAM_ONLY,16.9939,,17.2929,0.2991,,1.7295,,1,,20.11,2.30,warning,3.04,,CAMERA_ONLY
0,63.9783,t1054,LIDAR_ONLY,28.1250,28.1250,,,,,,,,20.11,2.30,drive,-29.46,front,LIDAR_ONLY
0,64.0461,t1057,BOTH,17.1174,17.4764,17.2929,0.1755,0.1834,1.0151,1.0608,1,1,16.52,1.58,warning,3.04,,FULL_ANGLE
0,64.0461,t1052,LIDAR_ONLY,11.8053,11.8053,73.9736,62.1683,62.1683,84.0413,84.0413,0,0,16.52,1.58,cautious,26.66,front,LIDAR_ONLY
0,64.0461,t1052,LIDAR_ONLY,11.8456,11.8456,73.9736,62.1280,62.1280,83.9867,83.9867,0,0,16.52,1.58,cautious,19.22,front,LIDAR_ONLY
0,64.0461,t1052,LIDAR_ONLY,11.8498,11.8498,73.9736,62.1238,62.1238,83.9810,83.9810,0,0,16.52,1.58,cautious,20.02,front,LIDAR_ONLY
0,64.0461,t1052,LIDAR_ONLY,11.5217,11.5217,73.9736,62.4519,62.4519,84.4245,84.4245,0,0,16.52,1.58,cautious,19.59,front,LIDAR_ONLY
0,64.1147,cam_3,CAM_ONLY,16.9035,,17.2929,0.3894,,2.2519,,1,,13.70,8.29,warning,3.04,,CAMERA_ONLY
0,64.1850,cam_3,CAM_ONLY,17.1317,,17.2929,0.1613,,0.9326,,1,,16.67,2.25,warning,3.04,,CAMERA_ONLY
0,64.1850,t1054,LIDAR_ONLY,28.1233,28.1233,,,,,,,,16.67,2.25,drive,-29.43,front,LIDAR_ONLY
0,64.2654,cam_3,CAM_ONLY,16.8275,,17.2929,0.4654,,2.6915,,1,,15.82,14.86,warning,3.04,,CAMERA_ONLY
0,64.3341,t1062,BOTH,17.1606,17.5033,17.2929,0.1324,0.2104,0.7655,1.2165,1,1,15.21,1.30,warning,3.04,,FULL_ANGLE
0,64.3341,t1054,LIDAR_ONLY,28.1066,28.1066,,,,,,,,15.21,1.30,drive,-29.58,front,LIDAR_ONLY
0,64.3341,t1061,LIDAR_ONLY,14.4743,14.4743,73.9736,59.4993,59.4993,80.4332,80.4332,0,0,15.21,1.30,cautious,21.36,front,LIDAR_ONLY
0,64.3341,t1061,LIDAR_ONLY,14.5955,14.5955,73.9736,59.3781,59.3781,80.2693,80.2693,0,0,15.21,1.30,cautious,18.21,front,LIDAR_ONLY
0,64.4060,cam_3,CAM_ONLY,17.1120,,17.2929,0.1809,,1.0462,,1,,11.31,9.97,warning,3.04,,CAMERA_ONLY
0,64.4681,cam_3,CAM_ONLY,16.9054,,17.2929,0.3876,,2.2412,,1,,12.01,3.43,warning,3.04,,CAMERA_ONLY
0,64.5310,cam_3,CAM_ONLY,16.9215,,17.2929,0.3714,,2.1478,,1,,13.33,1.63,warning,3.04,,CAMERA_ONLY
0,64.5310,t1054,LIDAR_ONLY,28.1157,28.1157,,,,,,,,13.33,1.63,drive,-29.33,front,LIDAR_ONLY
0,64.6023,cam_3,CAM_ONLY,16.8504,,17.2929,0.4426,,2.5593,,1,,10.59,7.31,warning,3.04,,CAMERA_ONLY
0,64.6023,t1068,LIDAR_ONLY,14.7701,14.7701,73.9736,59.2035,59.2035,80.0333,80.0333,0,0,10.59,7.31,drive,21.07,front,LIDAR_ONLY
0,64.6868,t1071,BOTH,16.9483,17.4968,17.2929,0.3447,0.2039,1.9933,1.1789,1,1,25.73,2.43,warning,3.04,,FULL_ANGLE
0,64.6868,t1054,LIDAR_ONLY,28.1291,28.1291,,,,,,,,25.73,2.43,drive,-29.32,front,LIDAR_ONLY
0,64.6868,t1068,LIDAR_ONLY,14.6342,14.6342,73.9736,59.3394,59.3394,80.2170,80.2170,0,0,25.73,2.43,drive,21.24,front,LIDAR_ONLY
0,64.6868,t1068,LIDAR_ONLY,15.0308,15.0308,73.9736,58.9428,58.9428,79.6809,79.6809,0,0,25.73,2.43,drive,19.15,front,LIDAR_ONLY
0,64.7638,cam_3,CAM_ONLY,17.1250,,17.2929,0.1680,,0.9713,,1,,14.43,10.08,warning,3.04,,CAMERA_ONLY
0,64.8290,cam_3,CAM_ONLY,17.1636,,17.2929,0.1293,,0.7479,,1,,12.51,2.61,warning,3.04,,CAMERA_ONLY
0,64.8290,t1054,LIDAR_ONLY,28.1434,28.1434,,,,,,,,12.51,2.61,drive,-29.45,front,LIDAR_ONLY
0,64.9023,cam_3,CAM_ONLY,16.8959,,17.2929,0.3970,,2.2959,,1,,13.02,9.16,warning,3.04,,CAMERA_ONLY
0,64.9676,cam_3,CAM_ONLY,16.9662,,17.2929,0.3267,,1.8892,,1,,12.06,3.20,warning,3.04,,CAMERA_ONLY
0,65.0562,cam_3,CAM_ONLY,16.8862,,17.2929,0.4068,,2.3523,,1,,21.01,11.79,warning,3.04,,CAMERA_ONLY
0,65.1291,cam_3,CAM_ONLY,16.9701,,17.2929,0.3229,,1.8671,,1,,17.88,2.54,warning,3.04,,CAMERA_ONLY
0,65.1848,t1083,BOTH,17.1473,17.4972,17.2929,0.1457,0.2043,0.8425,1.1813,1,1,10.42,1.25,warning,3.04,,FULL_ANGLE
0,65.2614,cam_3,CAM_ONLY,16.9789,,17.2929,0.3141,,1.8163,,1,,15.75,13.30,warning,3.04,,CAMERA_ONLY
0,65.3484,cam_3,CAM_ONLY,16.9100,,17.2929,0.3830,,2.2147,,1,,14.94,7.60,warning,3.04,,CAMERA_ONLY
0,65.3484,t1086,LIDAR_ONLY,18.2248,18.2248,73.9736,55.7489,55.7489,75.3632,75.3632,0,0,14.94,7.60,drive,18.40,front,LIDAR_ONLY
0,65.4221,cam_3,CAM_ONLY,17.1431,,17.2929,0.1498,,0.8664,,1,,16.12,5.70,warning,3.04,,CAMERA_ONLY
0,65.5056,cam_3,CAM_ONLY,17.2217,,17.2929,0.0712,,0.4119,,1,,22.90,6.01,warning,3.04,,CAMERA_ONLY
0,65.5056,t1086,LIDAR_ONLY,18.2373,18.2373,73.9736,55.7363,55.7363,75.3462,75.3462,0,0,22.90,6.01,drive,18.34,front,LIDAR_ONLY
0,65.5695,cam_3,CAM_ONLY,17.0473,,17.2929,0.2456,,1.4204,,1,,8.87,6.72,warning,3.04,,CAMERA_ONLY
0,65.6342,t1091,BOTH,17.0394,17.4671,17.2929,0.2536,0.1741,1.4663,1.0069,1,1,12.88,1.49,warning,3.04,,FULL_ANGLE
0,65.6342,t1089,LIDAR_ONLY,28.1159,28.1159,,,,,,,,12.88,1.49,drive,-29.44,front,LIDAR_ONLY
0,65.6342,t1086,LIDAR_ONLY,16.8832,16.8832,73.9736,57.0904,57.0904,77.1767,77.1767,0,0,12.88,1.49,drive,21.54,front,LIDAR_ONLY
0,65.6342,t1086,LIDAR_ONLY,16.9371,16.9371,73.9736,57.0365,57.0365,77.1039,77.1039,0,0,12.88,1.49,drive,18.77,front,LIDAR_ONLY
0,65.6342,t1086,LIDAR_ONLY,16.7685,16.7685,73.9736,57.2051,57.2051,77.3318,77.3318,0,0,12.88,1.49,drive,20.57,front,LIDAR_ONLY
0,65.7098,cam_3,CAM_ONLY,17.2537,,17.2929,0.0392,,0.2267,,1,,15.54,7.84,warning,3.04,,CAMERA_ONLY
0,65.7809,cam_3,CAM_ONLY,16.9216,,17.2929,0.3714,,2.1475,,1,,13.43,3.40,warning,3.04,,CAMERA_ONLY
0,65.8540,cam_3,CAM_ONLY,16.9377,,17.2929,0.3553,,2.0544,,1,,12.77,9.41,warning,3.04,,CAMERA_ONLY
0,65.9247,cam_3,CAM_ONLY,17.1915,,17.2929,0.1014,,0.5865,,1,,17.78,3.36,warning,3.04,,CAMERA_ONLY
0,65.9923,cam_3,CAM_ONLY,17.1606,,17.2929,0.1324,,0.7656,,1,,14.21,4.87,warning,3.04,,CAMERA_ONLY
0,65.9923,t1097,LIDAR_ONLY,14.9397,14.9397,73.9736,59.0339,59.0339,79.8040,79.8040,0,0,14.21,4.87,drive,20.91,front,LIDAR_ONLY
0,65.9923,t1097,LIDAR_ONLY,15.2836,15.2836,73.9736,58.6900,58.6900,79.3392,79.3392,0,0,14.21,4.87,drive,18.51,front,LIDAR_ONLY
0,65.9923,t1097,LIDAR_ONLY,15.5563,15.5563,73.9736,58.4173,58.4173,78.9704,78.9704,0,0,14.21,4.87,drive,19.54,front,LIDAR_ONLY
0,66.0649,cam_3,CAM_ONLY,16.9431,,17.2929,0.3499,,2.0233,,1,,14.12,8.75,warning,3.04,,CAMERA_ONLY
0,66.1305,cam_3,CAM_ONLY,16.9463,,17.2929,0.3467,,2.0047,,1,,12.68,2.65,warning,3.04,,CAMERA_ONLY
0,66.1305,t1099,LIDAR_ONLY,28.2108,28.2108,,,,,,,,12.68,2.65,drive,-29.42,front,LIDAR_ONLY
0,66.2041,cam_3,CAM_ONLY,16.9409,,17.2929,0.3521,,2.0360,,1,,12.91,11.25,warning,3.04,,CAMERA_ONLY
0,66.2739,cam_3,CAM_ONLY,17.1493,,17.2929,0.1437,,0.8308,,1,,15.59,6.37,warning,3.04,,CAMERA_ONLY
0,66.3380,t1106,BOTH,16.9347,17.5132,17.2929,0.3582,0.2203,2.0716,1.2738,1,1,14.21,2.13,warning,3.04,,FULL_ANGLE
0,66.3380,t1105,LIDAR_ONLY,16.3347,16.3347,73.9736,57.6389,57.6389,77.9182,77.9182,0,0,14.21,2.13,drive,19.72,front,LIDAR_ONLY
0,66.3380,t1106,LIDAR_ONLY,17.5487,17.5487,17.2929,0.2558,0.2558,1.4791,1.4791,1,1,14.21,2.13,drive,1.47,front,LIDAR_ONLY
0,66.4081,cam_3,CAM_ONLY,16.8386,,17.2929,0.4543,,2.6273,,1,,13.44,11.18,warning,3.04,,CAMERA_ONLY
0,66.4957,t1106,BOTH,17.1316,17.5133,17.2929,0.1613,0.2204,0.9329,1.2742,1,1,23.66,5.93,warning,3.04,,FULL_ANGLE
0,66.4957,t1105,LIDAR_ONLY,16.4013,16.4013,73.9736,57.5723,57.5723,77.8282,77.8282,0,0,23.66,5.93,drive,19.18,front,LIDAR_ONLY
0,66.4957,t1105,LIDAR_ONLY,16.4308,16.4308,73.9736,57.5428,57.5428,77.7883,77.7883,0,0,23.66,5.93,drive,20.04,front,LIDAR_ONLY
0,66.5633,cam_3,CAM_ONLY,16.9709,,17.2929,0.3221,,1.8625,,1,,11.38,6.78,warning,3.04,,CAMERA_ONLY
0,66.6347,t1106,BOTH,17.2189,17.5537,17.2929,0.0740,0.2608,0.4282,1.5079,1,1,18.54,1.65,warning,3.04,,FULL_ANGLE
0,66.6347,t1110,LIDAR_ONLY,28.2744,28.2744,,,,,,,,18.54,1.65,drive,-29.32,front,LIDAR_ONLY
0,66.6347,t1106,LIDAR_ONLY,17.5434,17.5434,17.2929,0.2505,0.2505,1.4485,1.4485,1,1,18.54,1.65,drive,3.39,front,LIDAR_ONLY
0,66.7223,cam_3,CAM_ONLY,16.9556,,17.2929,0.3373,,1.9506,,1,,25.51,7.93,warning,3.04,,CAMERA_ONLY
0,66.7840,t1106,BOTH,17.1179,17.5544,17.2929,0.1751,0.2614,1.0125,1.5117,1,1,11.54,1.14,warning,3.04,,FULL_ANGLE
0,66.7840,t1110,LIDAR_ONLY,28.1594,28.1594,,,,,,,,11.54,1.14,drive,-29.61,front,LIDAR_ONLY
0,66.7840,t1114,LIDAR_ONLY,18.4057,18.4057,73.9736,55.5679,55.5679,75.1185,75.1185,0,0,11.54,1.14,drive,18.29,front,LIDAR_ONLY
0,66.8629,cam_3,CAM_ONLY,17.0753,,17.2929,0.2176,,1.2583,,1,,14.88,7.93,warning,3.04,,CAMERA_ONLY
0,66.9305,cam_3,CAM_ONLY,17.0961,,17.2929,0.1969,,1.1384,,1,,13.25,2.73,warning,3.04,,CAMERA_ONLY
0,66.9305,t1110,LIDAR_ONLY,28.1488,28.1488,,,,,,,,13.25,2.73,drive,-29.52,front,LIDAR_ONLY
0,67.0009,cam_3,CAM_ONLY,16.9351,,17.2929,0.3578,,2.0692,,1,,12.13,8.17,warning,3.04,,CAMERA_ONLY
0,67.0758,cam_3,CAM_ONLY,16.9549,,17.2929,0.3380,,1.9546,,1,,11.94,5.19,warning,3.04,,CAMERA_ONLY
0,67.1434,t1120,BOTH,17.1428,17.5703,17.2929,0.1502,0.2774,0.8683,1.6039,1,1,10.73,1.90,warning,3.04,,FULL_ANGLE
0,67.1434,t1119,LIDAR_ONLY,10.2301,10.2301,73.9736,63.7435,63.7435,86.1706,86.1706,0,0,10.73,1.90,cautious,28.24,front,LIDAR_ONLY
0,67.1434,t1119,LIDAR_ONLY,10.3449,10.3449,73.9736,63.6287,63.6287,86.0154,86.0154,0,0,10.73,1.90,cautious,18.29,front,LIDAR_ONLY
0,67.1434,t1119,LIDAR_ONLY,10.5900,10.5900,73.9736,63.3836,63.3836,85.6841,85.6841,0,0,10.73,1.90,cautious,20.04,front,LIDAR_ONLY
0,67.2135,cam_3,CAM_ONLY,16.9761,,17.2929,0.3168,,1.8321,,1,,14.29,7.30,warning,3.04,,CAMERA_ONLY
0,67.2819,cam_3,CAM_ONLY,16.9714,,17.2929,0.3216,,1.8595,,1,,13.95,6.20,warning,3.04,,CAMERA_ONLY
0,67.3721,cam_3,CAM_ONLY,17.1522,,17.2929,0.1407,,0.8139,,1,,17.40,18.02,warning,3.04,,CAMERA_ONLY
0,67.4389,t1127,BOTH,16.9236,17.9027,17.2929,0.3693,0.6097,2.1357,3.5258,1,1,13.84,3.45,warning,3.04,,FULL_ANGLE
0,67.4389,t1126,LIDAR_ONLY,18.0381,18.0381,73.9736,55.9355,55.9355,75.6154,75.6154,0,0,13.84,3.45,drive,18.52,front,LIDAR_ONLY
0,67.4389,t1127,LIDAR_ONLY,17.6291,17.6291,17.2929,0.3361,0.3361,1.9437,1.9437,1,1,13.84,3.45,drive,3.94,front,LIDAR_ONLY
0,67.5358,t1127,BOTH,16.9747,17.5932,17.2929,0.3182,0.3002,1.8402,1.7362,1,1,13.02,1.69,warning,3.04,,FULL_ANGLE
0,67.5358,t1126,LIDAR_ONLY,14.0411,14.0411,73.9736,59.9325,59.9325,81.0188,81.0188,0,0,13.02,1.69,cautious,22.32,front,LIDAR_ONLY
0,67.5358,t1129,LIDAR_ONLY,27.9932,27.9932,,,,,,,,13.02,1.69,drive,-29.66,front,LIDAR_ONLY
0,67.5997,t1127,BOTH,17.1856,17.5602,17.2929,0.1074,0.2672,0.6209,1.5453,1,1,11.32,4.31,warning,3.04,,FULL_ANGLE
0,67.5997,t1126,LIDAR_ONLY,14.0925,14.0925,73.9736,59.8811,59.8811,80.9493,80.9493,0,0,11.32,4.31,cautious,18.47,front,LIDAR_ONLY
0,67.6677,cam_3,CAM_ONLY,17.1778,,17.2929,0.1152,,0.6661,,1,,14.99,7.96,warning,3.04,,CAMERA_ONLY
0,67.7285,cam_3,CAM_ONLY,17.2122,,17.2929,0.0808,,0.4671,,1,,13.80,2.73,warning,3.04,,CAMERA_ONLY
0,67.7285,t1129,LIDAR_ONLY,28.0436,28.0436,,,,,,,,13.80,2.73,drive,-29.29,front,LIDAR_ONLY
0,67.7959,t1127,BOTH,16.9258,17.5488,17.2929,0.3671,0.2559,2.1228,1.4798,1,1,15.52,6.10,warning,3.04,,FULL_ANGLE
0,67.7959,t1126,LIDAR_ONLY,14.2685,14.2685,73.9736,59.7051,59.7051,80.7114,80.7114,0,0,15.52,6.10,cautious,18.91,front,LIDAR_ONLY
0,67.8621,cam_3,CAM_ONLY,17.2253,,17.2929,0.0676,,0.3911,,1,,14.94,7.02,warning,3.04,,CAMERA_ONLY
0,67.9269,cam_3,CAM_ONLY,17.2099,,17.2929,0.0830,,0.4801,,1,,11.50,3.15,warning,3.04,,CAMERA_ONLY
0,67.9884,t1127,BOTH,16.8573,17.5240,17.2929,0.4356,0.2311,2.5191,1.3362,1,1,12.94,2.73,warning,3.04,,FULL_ANGLE
0,67.9884,t1126,LIDAR_ONLY,14.4289,14.4289,73.9736,59.5447,59.5447,80.4946,80.4946,0,0,12.94,2.73,cautious,19.88,front,LIDAR_ONLY
0,67.9884,t1126,LIDAR_ONLY,14.5140,14.5140,73.9736,59.4596,59.4596,80.3795,80.3795,0,0,12.94,2.73,cautious,18.26,front,LIDAR_ONLY
0,68.0618,cam_3,CAM_ONLY,16.8938,,17.2929,0.3991,,2.3080,,1,,12.96,7.56,warning,3.04,,CAMERA_ONLY
0,68.1200,cam_3,CAM_ONLY,16.8748,,17.2929,0.4181,,2.4179,,1,,9.45,2.33,warning,3.04,,CAMERA_ONLY
0,68.1804,t1127,BOTH,17.0750,17.5102,17.2929,0.2179,0.2173,1.2602,1.2564,1,1,12.52,2.03,warning,3.04,,FULL_ANGLE
0,68.1804,t1137,LIDAR_ONLY,28.2547,28.2547,,,,,,,,12.52,2.03,drive,-29.21,front,LIDAR_ONLY
0,68.2724,cam_3,CAM_ONLY,17.0071,,17.2929,0.2858,,1.6527,,1,,25.39,8.21,warning,3.04,,CAMERA_ONLY
0,68.3306,cam_3,CAM_ONLY,17.0490,,17.2929,0.2439,,1.4105,,1,,10.44,2.63,warning,3.04,,CAMERA_ONLY
0,68.3306,t1137,LIDAR_ONLY,28.1628,28.1628,,,,,,,,10.44,2.63,drive,-29.51,front,LIDAR_ONLY
0,68.3989,cam_3,CAM_ONLY,17.0753,,17.2929,0.2177,,1.2589,,1,,16.07,8.40,warning,3.04,,CAMERA_ONLY
0,68.4689,cam_3,CAM_ONLY,17.1977,,17.2929,0.0952,,0.5506,,1,,12.75,8.54,warning,3.04,,CAMERA_ONLY
0,68.5428,t1145,BOTH,17.1771,17.4940,17.2929,0.1159,0.2011,0.6702,1.1626,1,1,14.01,2.28,warning,3.04,,FULL_ANGLE
0,68.5428,t1137,LIDAR_ONLY,28.1633,28.1633,42.8471,14.6838,14.6838,34.2701,34.2701,0,0,14.01,2.28,drive,-29.38,front,LIDAR_ONLY
0,68.5428,t1143,LIDAR_ONLY,10.0529,10.0529,,,,,,,,14.01,2.28,cautious,28.75,front,LIDAR_ONLY
0,68.5428,t1144,LIDAR_ONLY,17.8052,17.8052,73.9736,56.1684,56.1684,75.9303,75.9303,0,0,14.01,2.28,drive,18.67,front,LIDAR_ONLY
0,68.5428,t1144,LIDAR_ONLY,16.4673,16.4673,73.9736,57.5063,57.5063,77.7390,77.7390,0,0,14.01,2.28,drive,20.28,front,LIDAR_ONLY
0,68.6111,cam_3,CAM_ONLY,17.1306,,17.2929,0.1623,,0.9386,,1,,12.11,7.19,warning,3.04,,CAMERA_ONLY
0,68.7099,cam_3,CAM_ONLY,17.0746,,17.2929,0.2184,,1.2629,,1,,21.19,12.61,warning,3.04,,CAMERA_ONLY
0,68.7723,cam_3,CAM_ONLY,16.9713,,17.2929,0.3216,,1.8597,,1,,13.19,3.14,warning,3.04,,CAMERA_ONLY
0,68.8459,t1151,BOTH,17.0304,17.4569,17.2929,0.2625,0.1640,1.5182,0.9482,1,1,19.12,5.76,warning,3.04,,FULL_ANGLE
0,68.9205,cam_3,CAM_ONLY,16.8671,,17.2929,0.4259,,2.4628,,1,,10.52,4.48,warning,3.04,,CAMERA_ONLY
0,69.0130,cam_3,CAM_ONLY,16.9940,,17.2929,0.2989,,1.7285,,1,,19.49,9.86,warning,3.04,,CAMERA_ONLY
0,69.0992,cam_3,CAM_ONLY,16.9374,,17.2929,0.3556,,2.0563,,1,,21.00,10.40,warning,3.04,,CAMERA_ONLY
0,69.0992,t1156,LIDAR_ONLY,18.5209,18.5209,73.9736,55.4527,55.4527,74.9629,74.9629,0,0,21.00,10.40,drive,18.22,front,LIDAR_ONLY
0,69.0992,t1156,LIDAR_ONLY,17.0658,17.0658,73.9736,56.9078,56.9078,76.9298,76.9298,0,0,21.00,10.40,drive,19.52,front,LIDAR_ONLY
0,69.1684,cam_3,CAM_ONLY,17.1360,,17.2929,0.1570,,0.9079,,1,,13.28,2.33,warning,3.04,,CAMERA_ONLY
0,69.2350,t1158,BOTH,17.1409,17.5470,17.2929,0.1520,0.2541,0.8790,1.4692,1,1,15.28,1.33,warning,3.04,,FULL_ANGLE
0,69.2350,t1156,LIDAR_ONLY,13.6354,13.6354,73.9736,60.3383,60.3383,81.5673,81.5673,0,0,15.28,1.33,cautious,23.47,front,LIDAR_ONLY
0,69.2350,t1156,LIDAR_ONLY,13.8023,13.8023,73.9736,60.1713,60.1713,81.3415,81.3415,0,0,15.28,1.33,cautious,18.97,front,LIDAR_ONLY
0,69.3115,cam_3,CAM_ONLY,17.0597,,17.2929,0.2333,,1.3490,,1,,13.51,8.38,warning,3.04,,CAMERA_ONLY
0,69.3732,cam_3,CAM_ONLY,17.0599,,17.2929,0.2331,,1.3478,,1,,13.36,2.95,warning,3.04,,CAMERA_ONLY
0,69.4369,t1158,BOTH,16.9489,17.5199,17.2929,0.3441,0.2270,1.9897,1.3124,1,1,13.44,2.08,warning,3.04,,FULL_ANGLE
0,69.4369,t1165,LIDAR_ONLY,28.0440,28.0440,38.4191,10.3752,10.3752,27.0052,27.0052,0,0,13.44,2.08,drive,-29.54,front,LIDAR_ONLY
0,69.4369,t1156,LIDAR_ONLY,11.4647,11.4647,73.9736,62.5089,62.5089,84.5016,84.5016,0,0,13.44,2.08,cautious,28.32,front,LIDAR_ONLY
0,69.4369,t1156,LIDAR_ONLY,11.4782,11.4782,73.9736,62.4954,62.4954,84.4834,84.4834,0,0,13.44,2.08,cautious,18.87,front,LIDAR_ONLY
0,69.4369,t1156,LIDAR_ONLY,11.3327,11.3327,73.9736,62.6409,62.6409,84.6801,84.6801,0,0,13.44,2.08,cautious,18.12,front,LIDAR_ONLY
0,69.5165,cam_3,CAM_ONLY,17.1695,,17.2929,0.1235,,0.7139,,1,,13.37,6.71,warning,3.04,,CAMERA_ONLY
0,69.6021,cam_3,CAM_ONLY,17.1430,,17.2929,0.1499,,0.8669,,1,,22.28,9.91,warning,3.04,,CAMERA_ONLY
0,69.6699,cam_3,CAM_ONLY,17.1095,,17.2929,0.1835,,1.0610,,1,,12.97,7.80,warning,3.04,,CAMERA_ONLY
0,69.7337,t1169,BOTH,17.2254,17.5030,17.2929,0.0675,0.2101,0.3904,1.2147,1,1,12.78,1.12,warning,3.04,,FULL_ANGLE
0,69.7337,t1167,LIDAR_ONLY,28.1704,28.1704,36.9452,8.7748,8.7748,23.7508,23.7508,0,0,12.78,1.12,drive,-29.45,front,LIDAR_ONLY
0,69.8110,cam_3,CAM_ONLY,17.0583,,17.2929,0.2346,,1.3567,,1,,9.85,8.95,warning,3.04,,CAMERA_ONLY
0,69.8785,cam_3,CAM_ONLY,17.0591,,17.2929,0.2339,,1.3524,,1,,12.30,2.80,warning,3.04,,CAMERA_ONLY
0,69.9427,t1169,BOTH,17.1857,17.4958,17.2929,0.1072,0.2029,0.6201,1.1730,1,1,11.59,4.32,warning,3.04,,FULL_ANGLE
0,70.0320,cam_3,CAM_ONLY,16.9851,,17.2929,0.3079,,1.7802,,1,,11.86,3.54,warning,3.04,,CAMERA_ONLY
0,70.1179,cam_3,CAM_ONLY,16.8266,,17.2929,0.4664,,2.6968,,1,,17.49,3.07,warning,3.04,,CAMERA_ONLY
0,70.1915,t1169,BOTH,16.9132,17.4886,17.2929,0.3798,0.1957,2.1961,1.1315,1,1,15.09,3.49,warning,3.04,,FULL_ANGLE
0,70.1915,t1176,LIDAR_ONLY,14.7381,14.7381,73.9736,59.2355,59.2355,80.0766,80.0766,0,0,15.09,3.49,drive,21.10,front,LIDAR_ONLY
0,70.1915,t1176,LIDAR_ONLY,15.3575,15.3575,73.9736,58.6161,58.6161,79.2392,79.2392,0,0,15.09,3.49,drive,18.55,front,LIDAR_ONLY
0,70.1915,t1176,LIDAR_ONLY,15.7196,15.7196,73.9736,58.2540,58.2540,78.7497,78.7497,0,0,15.09,3.49,drive,19.85,front,LIDAR_ONLY
0,70.2604,cam_3,CAM_ONLY,16.9311,,17.2929,0.3618,,2.0923,,1,,12.68,10.55,warning,3.04,,CAMERA_ONLY
0,70.3286,cam_3,CAM_ONLY,16.9319,,17.2929,0.3611,,2.0880,,1,,14.47,3.19,warning,3.04,,CAMERA_ONLY
0,70.3958,t1169,BOTH,16.8313,17.4837,17.2929,0.4616,0.1908,2.6695,1.1032,1,1,14.48,6.33,warning,3.04,,FULL_ANGLE
0,70.3958,t1176,LIDAR_ONLY,15.9706,15.9706,73.9736,58.0030,58.0030,78.4104,78.4104,0,0,14.48,6.33,drive,19.57,front,LIDAR_ONLY
0,70.3958,t1176,LIDAR_ONLY,16.0592,16.0592,73.9736,57.9144,57.9144,78.2907,78.2907,0,0,14.48,6.33,drive,20.82,front,LIDAR_ONLY
0,70.3958,t1176,LIDAR_ONLY,16.2461,16.2461,73.9736,57.7276,57.7276,78.0380,78.0380,0,0,14.48,6.33,drive,18.47,front,LIDAR_ONLY
0,70.4606,cam_3,CAM_ONLY,16.9385,,17.2929,0.3545,,2.0497,,1,,11.49,8.34,warning,3.04,,CAMERA_ONLY
0,70.5234,cam_3,CAM_ONLY,17.0481,,17.2929,0.2449,,1.4160,,1,,11.76,4.39,warning,3.04,,CAMERA_ONLY
0,70.6001,t1169,BOTH,17.1429,17.4832,17.2929,0.1500,0.1902,0.8675,1.1000,1,1,20.97,8.22,warning,3.04,,FULL_ANGLE
0,70.6001,t1176,LIDAR_ONLY,16.3545,16.3545,73.9736,57.6191,57.6191,77.8914,77.8914,0,0,20.97,8.22,drive,18.60,front,LIDAR_ONLY
0,70.6676,cam_3,CAM_ONLY,17.0405,,17.2929,0.2524,,1.4597,,1,,12.80,7.19,warning,3.04,,CAMERA_ONLY
0,70.7437,t1169,BOTH,16.9672,17.4842,17.2929,0.3257,0.1913,1.8836,1.1062,1,1,11.41,4.01,warning,3.04,,FULL_ANGLE
0,70.7437,t1176,LIDAR_ONLY,16.4717,16.4717,73.9736,57.5019,57.5019,77.7330,77.7330,0,0,11.41,4.01,drive,19.37,front,LIDAR_ONLY
0,70.8138,cam_3,CAM_ONLY,17.0152,,17.2929,0.2777,,1.6061,,1,,14.47,10.07,warning,3.04,,CAMERA_ONLY
0,70.8784,cam_3,CAM_ONLY,17.1529,,17.2929,0.1401,,0.8100,,1,,13.61,2.69,warning,3.04,,CAMERA_ONLY
0,70.8784,t1183,LIDAR_ONLY,28.1951,28.1951,31.1897,2.9945,2.9945,9.6010,9.6010,0,0,13.61,2.69,drive,-29.64,front,LIDAR_ONLY
0,70.9391,t1169,BOTH,17.0644,17.4862,17.2929,0.2286,0.1932,1.3218,1.1173,1,1,10.00,1.24,warning,3.04,,FULL_ANGLE
0,70.9391,t1176,LIDAR_ONLY,15.6408,15.6408,73.9736,58.3328,58.3328,78.8563,78.8563,0,0,10.00,1.24,drive,21.72,front,LIDAR_ONLY
0,70.9391,t1176,LIDAR_ONLY,15.7545,15.7545,73.9736,58.2191,58.2191,78.7025,78.7025,0,0,10.00,1.24,drive,18.27,front,LIDAR_ONLY
0,70.9391,t1176,LIDAR_ONLY,15.8136,15.8136,73.9736,58.1600,58.1600,78.6227,78.6227,0,0,10.00,1.24,drive,19.48,front,LIDAR_ONLY
0,71.0147,cam_3,CAM_ONLY,16.9987,,17.2929,0.2942,,1.7014,,1,,18.95,6.41,warning,3.04,,CAMERA_ONLY
0,71.0699,cam_3,CAM_ONLY,16.9419,,17.2929,0.3510,,2.0299,,1,,9.98,2.57,warning,3.04,,CAMERA_ONLY
0,71.1330,t1169,BOTH,17.1171,17.4892,17.2929,0.1758,0.1963,1.0168,1.1351,1,1,12.92,1.45,warning,3.04,,FULL_ANGLE
0,71.1330,t1189,LIDAR_ONLY,28.1307,28.1307,29.9000,1.7693,1.7693,5.9173,5.9173,0,0,12.92,1.45,drive,-29.55,front,LIDAR_ONLY
0,71.2099,cam_3,CAM_ONLY,16.9327,,17.2929,0.3602,,2.0832,,1,,17.33,8.15,warning,3.04,,CAMERA_ONLY
0,71.2937,t1169,BOTH,17.1205,17.4916,17.2929,0.1724,0.1986,0.9970,1.1486,1,1,18.53,3.47,warning,3.04,,FULL_ANGLE
0,71.2937,t1193,LIDAR_ONLY,15.0725,15.0725,73.9736,58.9011,58.9011,79.6245,79.6245,0,0,18.53,3.47,drive,20.79,front,LIDAR_ONLY
0,71.2937,t1193,LIDAR_ONLY,15.2874,15.2874,73.9736,58.6862,58.6862,79.3340,79.3340,0,0,18.53,3.47,drive,19.39,front,LIDAR_ONLY
0,71.2937,t1193,LIDAR_ONLY,15.4903,15.4903,73.9736,58.4833,58.4833,79.0597,79.0597,0,0,18.53,3.47,drive,18.58,front,LIDAR_ONLY
0,71.3804,cam_3,CAM_ONLY,17.0552,,17.2929,0.2377,,1.3745,,1,,22.04,7.70,warning,3.04,,CAMERA_ONLY
0,71.4569,cam_3,CAM_ONLY,17.1847,,17.2929,0.1083,,0.6260,,1,,15.71,10.51,warning,3.04,,CAMERA_ONLY
0,71.5300,cam_3,CAM_ONLY,17.1269,,17.2929,0.1661,,0.9603,,1,,16.93,1.81,warning,3.04,,CAMERA_ONLY
0,71.5300,t1197,LIDAR_ONLY,28.0216,28.0216,27.8912,0.1305,0.1305,0.4678,0.4678,1,1,16.93,1.81,drive,-29.64,front,LIDAR_ONLY
0,71.6124,cam_3,CAM_ONLY,17.0725,,17.2929,0.2205,,1.2749,,1,,17.18,13.17,warning,3.04,,CAMERA_ONLY
0,71.6768,cam_3,CAM_ONLY,16.9802,,17.2929,0.3128,,1.8087,,1,,13.20,3.60,warning,3.04,,CAMERA_ONLY
0,71.7555,cam_3,CAM_ONLY,17.0483,,17.2929,0.2446,,1.4146,,1,,13.07,10.94,warning,3.04,,CAMERA_ONLY
0,71.8212,cam_3,CAM_ONLY,16.9916,,17.2929,0.3013,,1.7424,,1,,14.11,2.91,warning,3.04,,CAMERA_ONLY
0,71.8817,cam_3,CAM_ONLY,17.0707,,17.2929,0.2223,,1.2855,,1,,11.62,1.30,warning,3.04,,CAMERA_ONLY
0,71.8817,t1205,LIDAR_ONLY,28.1149,28.1149,26.1202,1.9946,1.9946,7.6363,7.6363,0,0,11.62,1.30,drive,-29.55,front,LIDAR_ONLY
0,71.9711,cam_3,CAM_ONLY,16.9675,,17.2929,0.3255,,1.8820,,1,,13.86,14.94,warning,3.04,,CAMERA_ONLY
0,72.0316,cam_3,CAM_ONLY,16.9297,,17.2929,0.3633,,2.1008,,1,,9.92,1.68,warning,3.04,,CAMERA_ONLY
0,72.0316,t1205,LIDAR_ONLY,28.1197,28.1197,,,,,,,,9.92,1.68,drive,-29.53,front,LIDAR_ONLY
0,72.1136,cam_3,CAM_ONLY,17.0028,,17.2929,0.2902,,1.6779,,1,,16.36,14.09,warning,3.04,,CAMERA_ONLY
0,72.1765,cam_3,CAM_ONLY,16.8726,,17.2929,0.4204,,2.4309,,1,,11.78,2.86,warning,3.04,,CAMERA_ONLY
0,72.2632,cam_3,CAM_ONLY,17.0163,,17.2929,0.2766,,1.5998,,1,,20.28,7.34,warning,3.04,,CAMERA_ONLY
0,72.3230,cam_3,CAM_ONLY,16.9835,,17.2929,0.3094,,1.7892,,1,,9.71,3.07,warning,3.04,,CAMERA_ONLY
0,72.3819,cam_3,CAM_ONLY,16.8404,,17.2929,0.4526,,2.6170,,1,,9.92,1.76,warning,3.04,,CAMERA_ONLY
0,72.3819,t1215,LIDAR_ONLY,28.2532,28.2532,,,,,,,,9.92,1.76,drive,-29.35,front,LIDAR_ONLY
0,72.4553,cam_3,CAM_ONLY,16.9366,,17.2929,0.3563,,2.0605,,1,,10.45,8.55,warning,3.04,,CAMERA_ONLY
0,72.5186,cam_3,CAM_ONLY,16.9629,,17.2929,0.3300,,1.9085,,1,,10.29,6.75,warning,3.04,,CAMERA_ONLY
0,72.5930,t1220,BOTH,16.9341,17.8983,17.2929,0.3588,0.6053,2.0749,3.5005,1,1,12.23,4.10,warning,3.04,,FULL_ANGLE
0,72.5930,t1219,LIDAR_ONLY,17.0759,17.0759,73.9736,56.8977,56.8977,76.9162,76.9162,0,0,12.23,4.10,drive,19.17,front,LIDAR_ONLY
0,72.5930,t1220,LIDAR_ONLY,17.6107,17.6107,17.2929,0.3177,0.3177,1.8373,1.8373,1,1,12.23,4.10,drive,2.62,front,LIDAR_ONLY
0,72.6640,cam_3,CAM_ONLY,17.0970,,17.2929,0.1959,,1.1329,,1,,15.38,7.72,warning,3.04,,CAMERA_ONLY
0,72.7298,cam_3,CAM_ONLY,16.9364,,17.2929,0.3566,,2.0619,,1,,12.63,2.18,warning,3.04,,CAMERA_ONLY
0,72.7298,t1221,LIDAR_ONLY,28.2452,28.2452,,,,,,,,12.63,2.18,drive,-29.34,front,LIDAR_ONLY
0,72.8020,cam_3,CAM_ONLY,16.9981,,17.2929,0.2949,,1.7050,,1,,13.15,8.78,warning,3.04,,CAMERA_ONLY
0,72.8806,cam_3,CAM_ONLY,16.9631,,17.2929,0.3298,,1.9073,,1,,20.36,5.51,warning,3.04,,CAMERA_ONLY
0,72.9614,cam_3,CAM_ONLY,16.9141,,17.2929,0.3788,,2.1907,,1,,15.65,11.02,warning,3.04,,CAMERA_ONLY
0,73.0242,cam_3,CAM_ONLY,16.8617,,17.2929,0.4312,,2.4935,,1,,12.79,3.18,warning,3.04,,CAMERA_ONLY
0,73.0885,t1232,BOTH,16.8873,17.4982,17.2929,0.4056,0.2052,2.3457,1.1867,1,1,12.15,2.20,warning,3.04,,FULL_ANGLE
0,73.0885,t1231,LIDAR_ONLY,17.9328,17.9328,73.9736,56.0408,56.0408,75.7579,75.7579,0,0,12.15,2.20,drive,18.59,front,LIDAR_ONLY
0,73.1598,cam_3,CAM_ONLY,17.0385,,17.2929,0.2544,,1.4712,,1,,11.91,9.47,warning,3.04,,CAMERA_ONLY
0,73.2331,cam_3,CAM_ONLY,16.9872,,17.2929,0.3058,,1.7682,,1,,20.58,2.16,warning,3.04,,CAMERA_ONLY
0,73.2331,t1233,LIDAR_ONLY,28.2925,28.2925,,,,,,,,20.58,2.16,drive,-29.24,front,LIDAR_ONLY
0,73.3002,cam_3,CAM_ONLY,17.0199,,17.2929,0.2731,,1.5790,,1,,12.26,8.00,warning,3.04,,CAMERA_ONLY
0,73.3684,cam_3,CAM_ONLY,17.0784,,17.2929,0.2145,,1.2404,,1,,10.06,7.68,warning,3.04,,CAMERA_ONLY
0,73.4377,t1239,BOTH,17.1534,17.4847,17.2929,0.1395,0.1918,0.8070,1.1089,1,1,13.22,2.94,warning,3.04,,FULL_ANGLE
0,73.4377,t1238,LIDAR_ONLY,17.3699,17.3699,73.9736,56.6037,56.6037,76.5188,76.5188,0,0,13.22,2.94,drive,18.96,front,LIDAR_ONLY
0,73.4377,t1238,LIDAR_ONLY,17.0397,17.0397,73.9736,56.9339,56.9339,76.9652,76.9652,0,0,13.22,2.94,drive,19.76,front,LIDAR_ONLY
0,73.4377,t1239,LIDAR_ONLY,17.5214,17.5214,17.2929,0.2284,0.2284,1.3209,1.3209,1,1,13.22,2.94,drive,1.58,front,LIDAR_ONLY
0,73.5054,cam_3,CAM_ONLY,17.2411,,17.2929,0.0518,,0.2996,,1,,11.67,9.41,warning,3.04,,CAMERA_ONLY
0,73.5841,cam_3,CAM_ONLY,17.2187,,17.2929,0.0743,,0.4296,,1,,20.18,3.62,warning,3.04,,CAMERA_ONLY
0,73.6583,cam_3,CAM_ONLY,17.1802,,17.2929,0.1127,,0.6519,,1,,17.06,7.07,warning,3.04,,CAMERA_ONLY
0,73.7247,cam_3,CAM_ONLY,17.0757,,17.2929,0.2172,,1.2562,,1,,12.80,3.40,warning,3.04,,CAMERA_ONLY
0,73.8131,cam_3,CAM_ONLY,17.1031,,17.2929,0.1898,,1.0976,,1,,20.95,15.16,warning,3.04,,CAMERA_ONLY
0,73.8843,t1249,BOTH,16.9096,17.5218,17.2929,0.3834,0.2289,2.2168,1.3235,1,1,12.86,1.17,warning,3.04,,FULL_ANGLE
0,73.8843,t1248,LIDAR_ONLY,17.3016,17.3016,73.9736,56.6720,56.6720,76.6111,76.6111,0,0,12.86,1.17,drive,19.01,front,LIDAR_ONLY
0,73.8843,t1248,LIDAR_ONLY,16.6457,16.6457,73.9736,57.3279,57.3279,77.4978,77.4978,0,0,12.86,1.17,drive,20.63,front,LIDAR_ONLY
0,73.9728,cam_3,CAM_ONLY,16.9926,,17.2929,0.3003,,1.7368,,1,,15.95,15.01,warning,3.04,,CAMERA_ONLY
0,74.0417,t1249,BOTH,17.1438,17.5060,17.2929,0.1492,0.2130,0.8625,1.2318,1,1,13.10,4.09,warning,3.04,,FULL_ANGLE
0,74.0417,t1248,LIDAR_ONLY,15.8252,15.8252,73.9736,58.1484,58.1484,78.6070,78.6070,0,0,13.10,4.09,drive,20.94,front,LIDAR_ONLY
0,74.1172,cam_3,CAM_ONLY,17.1696,,17.2929,0.1233,,0.7132,,1,,19.24,11.20,warning,3.04,,CAMERA_ONLY
0,74.1858,t1249,BOTH,17.0002,17.4947,17.2929,0.2927,0.2018,1.6928,1.1668,1,1,12.55,1.38,warning,3.04,,FULL_ANGLE
0,74.1858,t1248,LIDAR_ONLY,14.6427,14.6427,73.9736,59.3309,59.3309,80.2055,80.2055,0,0,12.55,1.38,drive,22.47,front,LIDAR_ONLY
0,74.1858,t1248,LIDAR_ONLY,14.7675,14.7675,73.9736,59.2061,59.2061,80.0368,80.0368,0,0,12.55,1.38,drive,19.30,front,LIDAR_ONLY
0,74.2571,cam_3,CAM_ONLY,17.1397,,17.2929,0.1533,,0.8864,,1,,13.50,10.52,warning,3.04,,CAMERA_ONLY
0,74.3184,cam_3,CAM_ONLY,17.1309,,17.2929,0.1621,,0.9373,,1,,9.53,7.90,warning,3.04,,CAMERA_ONLY
0,74.3833,cam_3,CAM_ONLY,17.1002,,17.2929,0.1928,,1.1147,,1,,11.51,3.58,warning,3.04,,CAMERA_ONLY
0,74.4606,cam_3,CAM_ONLY,16.8888,,17.2929,0.4042,,2.3371,,1,,14.38,10.77,warning,3.04,,CAMERA_ONLY
0,74.5373,t1258,BOTH,16.9420,17.4597,17.2929,0.3509,0.1668,2.0293,0.9644,1,1,20.41,3.18,warning,3.04,,FULL_ANGLE
0,74.5373,t1257,LIDAR_ONLY,28.1689,28.1689,,,,,,,,20.41,3.18,drive,-29.44,front,LIDAR_ONLY
0,74.6179,cam_3,CAM_ONLY,17.0748,,17.2929,0.2181,,1.2614,,1,,15.38,10.35,warning,3.04,,CAMERA_ONLY
0,74.6803,cam_3,CAM_ONLY,16.9186,,17.2929,0.3743,,2.1647,,1,,15.90,1.96,warning,3.04,,CAMERA_ONLY
0,74.6803,t1257,LIDAR_ONLY,28.1564,28.1564,,,,,,,,15.90,1.96,drive,-29.57,front,LIDAR_ONLY
0,74.7534,cam_3,CAM_ONLY,17.1410,,17.2929,0.1519,,0.8785,,1,,15.81,10.43,warning,3.04,,CAMERA_ONLY
0,74.8209,cam_3,CAM_ONLY,17.1372,,17.2929,0.1557,,0.9004,,1,,17.38,3.04,warning,3.04,,CAMERA_ONLY
0,74.8843,cam_3,CAM_ONLY,17.1258,,17.2929,0.1672,,0.9667,,1,,16.05,2.26,warning,3.04,,CAMERA_ONLY
0,74.9552,cam_3,CAM_ONLY,16.8528,,17.2929,0.4401,,2.5452,,1,,14.71,10.89,warning,3.04,,CAMERA_ONLY
0,75.0229,cam_3,CAM_ONLY,16.8786,,17.2929,0.4144,,2.3961,,1,,16.40,3.38,warning,3.04,,CAMERA_ONLY
0,75.0838,t1267,BOTH,16.8709,17.4785,17.2929,0.4221,0.1855,2.4407,1.0729,1,1,13.91,1.24,warning,3.04,,FULL_ANGLE
0,75.0838,t1266,LIDAR_ONLY,28.0119,28.0119,,,,,,,,13.91,1.24,drive,-29.60,front,LIDAR_ONLY
0,75.1594,cam_3,CAM_ONLY,16.8688,,17.2929,0.4241,,2.4527,,1,,16.74,9.76,warning,3.04,,CAMERA_ONLY
0,75.2276,cam_3,CAM_ONLY,16.8510,,17.2929,0.4419,,2.5556,,1,,16.45,2.78,warning,3.04,,CAMERA_ONLY
0,75.2913,t1267,BOTH,16.9565,17.4793,17.2929,0.3365,0.1863,1.9457,1.0775,1,1,16.72,2.63,warning,3.04,,FULL_ANGLE
0,75.2913,t1272,LIDAR_ONLY,17.7333,17.7333,73.9736,56.2403,56.2403,76.0276,76.0276,0,0,16.72,2.63,drive,18.72,front,LIDAR_ONLY
0,75.3689,cam_3,CAM_ONLY,16.9713,,17.2929,0.3217,,1.8603,,1,,20.16,14.47,warning,3.04,,CAMERA_ONLY
0,75.4445,t1267,BOTH,16.8687,17.4801,17.2929,0.4242,0.1871,2.4532,1.0821,1,1,19.69,3.89,warning,3.04,,FULL_ANGLE
0,75.5157,cam_3,CAM_ONLY,16.9342,,17.2929,0.3587,,2.0743,,1,,12.21,2.44,warning,3.04,,CAMERA_ONLY
0,75.5778,cam_3,CAM_ONLY,16.9104,,17.2929,0.3826,,2.2123,,1,,11.55,3.18,warning,3.04,,CAMERA_ONLY
0,75.6323,cam_3,CAM_ONLY,17.1418,,17.2929,0.1511,,0.8741,,1,,9.68,1.56,warning,3.04,,CAMERA_ONLY
0,75.6323,t1277,LIDAR_ONLY,28.1196,28.1196,,,,,,,,9.68,1.56,drive,-29.43,front,LIDAR_ONLY
0,75.6873,t1280,BOTH,17.1670,17.4814,17.2929,0.1260,0.1884,0.7285,1.0897,1,1,9.76,1.58,warning,3.04,,FULL_ANGLE
0,75.6873,t1279,LIDAR_ONLY,13.0381,13.0381,73.9736,60.9355,60.9355,82.3747,82.3747,0,0,9.76,1.58,cautious,23.03,front,LIDAR_ONLY
0,75.7606,cam_3,CAM_ONLY,17.2540,,17.2929,0.0389,,0.2252,,1,,13.40,12.73,warning,3.04,,CAMERA_ONLY
0,75.8280,cam_3,CAM_ONLY,16.9530,,17.2929,0.3399,,1.9656,,1,,17.23,3.39,warning,3.04,,CAMERA_ONLY
0,75.8879,t1280,BOTH,17.0530,17.4789,17.2929,0.2399,0.1859,1.3873,1.0750,1,1,13.58,2.61,warning,3.04,,FULL_ANGLE
0,75.8879,t1285,LIDAR_ONLY,28.2060,28.2060,,,,,,,,13.58,2.61,drive,-29.35,front,LIDAR_ONLY
0,75.8879,t1279,LIDAR_ONLY,13.1506,13.1506,73.9736,60.8230,60.8230,82.2225,82.2225,0,0,13.58,2.61,cautious,18.54,front,LIDAR_ONLY
0,75.9662,cam_3,CAM_ONLY,16.9648,,17.2929,0.3281,,1.8973,,1,,19.10,10.42,warning,3.04,,CAMERA_ONLY
0,76.0305,cam_3,CAM_ONLY,16.8963,,17.2929,0.3967,,2.2938,,1,,13.25,2.71,warning,3.04,,CAMERA_ONLY
0,76.0305,t1285,LIDAR_ONLY,28.2035,28.2035,,,,,,,,13.25,2.71,drive,-29.45,front,LIDAR_ONLY
0,76.1113,cam_3,CAM_ONLY,16.8442,,17.2929,0.4488,,2.5952,,1,,14.31,11.57,warning,3.04,,CAMERA_ONLY
0,76.1787,cam_3,CAM_ONLY,17.1433,,17.2929,0.1496,,0.8651,,1,,12.74,2.16,warning,3.04,,CAMERA_ONLY
0,76.1787,t1285,LIDAR_ONLY,28.1738,28.1738,,,,,,,,12.74,2.16,drive,-29.61,front,LIDAR_ONLY
0,76.2664,cam_3,CAM_ONLY,17.1341,,17.2929,0.1589,,0.9188,,1,,20.90,15.90,warning,3.04,,CAMERA_ONLY
0,76.3344,t1294,BOTH,17.0265,17.4938,17.2929,0.2664,0.2008,1.5407,1.1612,1,1,16.47,1.68,warning,3.04,,FULL_ANGLE
0,76.3344,t1285,LIDAR_ONLY,28.1752,28.1752,,,,,,,,16.47,1.68,drive,-29.35,front,LIDAR_ONLY
0,76.3344,t1293,LIDAR_ONLY,11.7079,11.7079,73.9736,62.2657,62.2657,84.1728,84.1728,0,0,16.47,1.68,cautious,25.02,front,LIDAR_ONLY
0,76.3344,t1293,LIDAR_ONLY,11.8043,11.8043,73.9736,62.1694,62.1694,84.0426,84.0426,0,0,16.47,1.68,cautious,18.63,front,LIDAR_ONLY
0,76.3344,t1293,LIDAR_ONLY,11.9393,11.9393,73.9736,62.0343,62.0343,83.8601,83.8601,0,0,16.47,1.68,cautious,19.55,front,LIDAR_ONLY
0,76.4200,cam_3,CAM_ONLY,17.1201,,17.2929,0.1729,,0.9997,,1,,19.22,9.32,warning,3.04,,CAMERA_ONLY
0,76.5022,cam_3,CAM_ONLY,16.9335,,17.2929,0.3595,,2.0787,,1,,14.82,8.28,warning,3.04,,CAMERA_ONLY
0,76.5022,t1293,LIDAR_ONLY,12.1339,12.1339,73.9736,61.8397,61.8397,83.5969,83.5969,0,0,14.82,8.28,cautious,18.28,front,LIDAR_ONLY
0,76.5022,t1293,LIDAR_ONLY,12.3283,12.3283,73.9736,61.6453,61.6453,83.3341,83.3341,0,0,14.82,8.28,cautious,20.05,front,LIDAR_ONLY
0,76.5022,t1293,LIDAR_ONLY,13.7767,13.7767,73.9736,60.1969,60.1969,81.3762,81.3762,0,0,14.82,8.28,cautious,19.06,front,LIDAR_ONLY
0,76.5673,cam_3,CAM_ONLY,16.9240,,17.2929,0.3689,,2.1333,,1,,12.02,4.38,warning,3.04,,CAMERA_ONLY
0,76.6363,cam_3,CAM_ONLY,16.9015,,17.2929,0.3915,,2.2637,,1,,11.16,1.52,warning,3.04,,CAMERA_ONLY
0,76.7148,cam_3,CAM_ONLY,16.9530,,17.2929,0.3399,,1.9658,,1,,16.37,14.12,warning,3.04,,CAMERA_ONLY
0,76.8021,cam_3,CAM_ONLY,16.9175,,17.2929,0.3755,,2.1713,,1,,12.51,7.93,warning,3.04,,CAMERA_ONLY
0,76.8853,cam_3,CAM_ONLY,17.0396,,17.2929,0.2533,,1.4650,,1,,20.59,2.97,warning,3.04,,CAMERA_ONLY
0,76.9727,cam_3,CAM_ONLY,17.0738,,17.2929,0.2191,,1.2671,,1,,15.82,8.59,warning,3.04,,CAMERA_ONLY
0,77.0730,cam_3,CAM_ONLY,17.0276,,17.2929,0.2653,,1.5342,,1,,21.99,14.53,warning,3.04,,CAMERA_ONLY
0,77.1424,t1306,BOTH,16.8719,17.5082,17.2929,0.4210,0.2153,2.4345,1.2448,1,1,14.27,3.03,warning,3.04,,FULL_ANGLE
0,77.1424,t1305,LIDAR_ONLY,18.2070,18.2070,73.9736,55.7667,55.7667,75.3872,75.3872,0,0,14.27,3.03,drive,18.41,front,LIDAR_ONLY
0,77.2192,cam_3,CAM_ONLY,16.9427,,17.2929,0.3503,,2.0255,,1,,20.02,12.66,warning,3.04,,CAMERA_ONLY
0,77.2818,cam_3,CAM_ONLY,16.9110,,17.2929,0.3820,,2.2088,,1,,14.84,2.75,warning,3.04,,CAMERA_ONLY
0,77.3534,cam_3,CAM_ONLY,17.0159,,17.2929,0.2770,,1.6018,,1,,15.21,9.88,warning,3.04,,CAMERA_ONLY
0,77.4226,cam_3,CAM_ONLY,17.0972,,17.2929,0.1957,,1.1317,,1,,12.02,6.97,warning,3.04,,CAMERA_ONLY
0,77.4864,t1314,BOTH,17.2223,17.5222,17.2929,0.0706,0.2293,0.4084,1.3257,1,1,11.90,2.34,warning,3.04,,FULL_ANGLE
0,77.4864,t1313,LIDAR_ONLY,17.8804,17.8804,73.9736,56.0932,56.0932,75.8287,75.8287,0,0,11.90,2.34,drive,18.62,front,LIDAR_ONLY
0,77.4864,t1313,LIDAR_ONLY,16.9036,16.9036,73.9736,57.0700,57.0700,77.1491,77.1491,0,0,11.90,2.34,drive,20.15,front,LIDAR_ONLY
0,77.4864,t1314,LIDAR_ONLY,17.5789,17.5789,17.2929,0.2860,0.2860,1.6538,1.6538,1,1,11.90,2.34,drive,1.06,front,LIDAR_ONLY
0,77.5700,cam_3,CAM_ONLY,17.0960,,17.2929,0.1969,,1.1387,,1,,19.34,4.52,warning,3.04,,CAMERA_ONLY
0,77.6359,t1314,BOTH,16.9892,17.5253,17.2929,0.3038,0.2323,1.7566,1.3434,1,1,12.78,1.40,warning,3.04,,FULL_ANGLE
0,77.6359,t1316,LIDAR_ONLY,28.0725,28.0725,,,,,,,,12.78,1.40,drive,-29.61,front,LIDAR_ONLY
0,77.6359,t1313,LIDAR_ONLY,13.4641,13.4641,73.9736,60.5095,60.5095,81.7988,81.7988,0,0,12.78,1.40,cautious,23.52,front,LIDAR_ONLY
0,77.7180,cam_3,CAM_ONLY,17.1095,,17.2929,0.1834,,1.0607,,1,,17.41,8.51,warning,3.04,,CAMERA_ONLY
0,77.7820,cam_3,CAM_ONLY,17.0513,,17.2929,0.2417,,1.3976,,1,,13.46,1.73,warning,3.04,,CAMERA_ONLY
0,77.7820,t1316,LIDAR_ONLY,28.0789,28.0789,,,,,,,,13.46,1.73,drive,-29.48,front,LIDAR_ONLY
0,77.8549,cam_3,CAM_ONLY,17.1354,,17.2929,0.1576,,0.9111,,1,,15.26,10.71,warning,3.04,,CAMERA_ONLY
0,77.9185,cam_3,CAM_ONLY,17.0455,,17.2929,0.2475,,1.4311,,1,,12.03,4.77,warning,3.04,,CAMERA_ONLY
0,77.9811,t1321,BOTH,17.1656,17.4830,17.2929,0.1273,0.1901,0.7364,1.0991,1,1,14.10,1.51,warning,3.04,,FULL_ANGLE
0,77.9811,t1316,LIDAR_ONLY,28.0967,28.0967,,,,,,,,14.10,1.51,drive,-29.48,front,LIDAR_ONLY
0,78.0417,cam_3,CAM_ONLY,17.0972,,17.2929,0.1958,,1.1321,,1,,9.33,6.44,warning,3.04,,CAMERA_ONLY
0,78.0417,t1323,LIDAR_ONLY,18.3174,18.3174,73.9736,55.6562,55.6562,75.2380,75.2380,0,0,9.33,6.44,drive,18.34,front,LIDAR_ONLY
0,78.1168,cam_3,CAM_ONLY,17.0445,,17.2929,0.2484,,1.4365,,1,,16.18,3.24,warning,3.04,,CAMERA_ONLY
0,78.1825,cam_3,CAM_ONLY,17.0991,,17.2929,0.1939,,1.1210,,1,,12.03,1.79,warning,3.04,,CAMERA_ONLY
0,78.1825,t1316,LIDAR_ONLY,28.1094,28.1094,,,,,,,,12.03,1.79,drive,-29.49,front,LIDAR_ONLY
0,78.2382,t1324,BOTH,16.9581,17.9012,17.2929,0.3348,0.6083,1.9362,3.5175,1,1,9.81,1.62,warning,3.04,,FULL_ANGLE
0,78.2382,t1323,LIDAR_ONLY,10.6431,10.6431,73.9736,63.3305,63.3305,85.6123,85.6123,0,0,9.81,1.62,cautious,27.82,front,LIDAR_ONLY
0,78.2382,t1323,LIDAR_ONLY,10.8415,10.8415,73.9736,63.1321,63.1321,85.3441,85.3441,0,0,9.81,1.62,cautious,20.01,front,LIDAR_ONLY
0,78.2382,t1323,LIDAR_ONLY,10.9855,10.9855,73.9736,62.9881,62.9881,85.1495,85.1495,0,0,9.81,1.62,cautious,21.47,front,LIDAR_ONLY
0,78.2382,t1324,LIDAR_ONLY,17.5801,17.5801,17.2929,0.2871,0.2871,1.6603,1.6603,1,1,9.81,1.62,drive,2.70,front,LIDAR_ONLY
0,78.3160,cam_3,CAM_ONLY,17.1483,,17.2929,0.1446,,0.8364,,1,,14.96,12.06,warning,3.04,,CAMERA_ONLY
0,78.3795,cam_3,CAM_ONLY,16.9342,,17.2929,0.3588,,2.0748,,1,,11.99,2.04,warning,3.04,,CAMERA_ONLY
0,78.3795,t1316,LIDAR_ONLY,28.1213,28.1213,,,,,,,,11.99,2.04,drive,-29.44,front,LIDAR_ONLY
0,78.4571,cam_3,CAM_ONLY,17.1055,,17.2929,0.1874,,1.0838,,1,,17.62,9.66,warning,3.04,,CAMERA_ONLY
0,78.5608,cam_3,CAM_ONLY,17.0162,,17.2929,0.2768,,1.6006,,1,,11.85,10.08,warning,3.04,,CAMERA_ONLY
0,78.6241,cam_3,CAM_ONLY,17.1060,,17.2929,0.1870,,1.0812,,1,,14.56,3.26,warning,3.04,,CAMERA_ONLY
0,78.7264,cam_3,CAM_ONLY,17.0077,,17.2929,0.2853,,1.6496,,1,,16.11,12.03,warning,3.04,,CAMERA_ONLY
0,78.7914,t1332,BOTH,16.9663,17.4772,17.2929,0.3267,0.1842,1.8891,1.0653,1,1,12.62,3.92,warning,3.04,,FULL_ANGLE
0,78.7914,t1331,LIDAR_ONLY,18.1394,18.1394,73.9736,55.8342,55.8342,75.4786,75.4786,0,0,12.62,3.92,drive,18.45,front,LIDAR_ONLY
0,78.7914,t1331,LIDAR_ONLY,17.2855,17.2855,73.9736,56.6881,56.6881,76.6328,76.6328,0,0,12.62,3.92,drive,19.47,front,LIDAR_ONLY
0,78.8641,cam_3,CAM_ONLY,16.8560,,17.2929,0.4370,,2.5268,,1,,12.41,8.96,warning,3.04,,CAMERA_ONLY
0,78.9318,cam_3,CAM_ONLY,16.8487,,17.2929,0.4443,,2.5692,,1,,14.00,1.80,warning,3.04,,CAMERA_ONLY
0,78.9318,t1334,LIDAR_ONLY,28.2399,28.2399,,,,,,,,14.00,1.80,drive,-29.24,front,LIDAR_ONLY
0,78.9969,cam_3,CAM_ONLY,17.0407,,17.2929,0.2523,,1.4588,,1,,13.39,7.25,warning,3.04,,CAMERA_ONLY
0,79.0948,t1340,BOTH,17.1252,17.5858,17.2929,0.1677,0.2928,0.9700,1.6932,1,1,11.43,3.97,warning,3.04,,FULL_ANGLE
0,79.0948,t1339,LIDAR_ONLY,17.6658,17.6658,73.9736,56.3078,56.3078,76.1188,76.1188,0,0,11.43,3.97,drive,18.76,front,LIDAR_ONLY
0,79.1732,cam_3,CAM_ONLY,17.1247,,17.2929,0.1682,,0.9727,,1,,18.05,3.24,warning,3.04,,CAMERA_ONLY
0,79.2327,t1340,BOTH,17.1316,17.5217,17.2929,0.1614,0.2288,0.9330,1.3229,1,1,11.94,1.48,warning,3.04,,FULL_ANGLE
0,79.2327,t1343,LIDAR_ONLY,28.2053,28.2053,,,,,,,,11.94,1.48,drive,-29.45,front,LIDAR_ONLY
0,79.2994,cam_3,CAM_ONLY,16.9488,,17.2929,0.3442,,1.9903,,1,,10.60,7.18,warning,3.04,,CAMERA_ONLY
0,79.3766,cam_3,CAM_ONLY,17.1541,,17.2929,0.1388,,0.8026,,1,,15.64,3.85,warning,3.04,,CAMERA_ONLY
0,79.4405,t1340,BOTH,16.8827,17.5255,17.2929,0.4102,0.2326,2.3722,1.3450,1,1,13.89,3.31,warning,3.04,,FULL_ANGLE
0,79.4405,t1348,LIDAR_ONLY,15.9674,15.9674,73.9736,58.0062,58.0062,78.4148,78.4148,0,0,13.89,3.31,drive,20.02,front,LIDAR_ONLY
0,79.5107,cam_3,CAM_ONLY,16.9878,,17.2929,0.3052,,1.7647,,1,,13.33,10.58,warning,3.04,,CAMERA_ONLY
0,79.5816,cam_3,CAM_ONLY,16.9421,,17.2929,0.3509,,2.0291,,1,,17.85,2.10,warning,3.04,,CAMERA_ONLY
0,79.5816,t1351,LIDAR_ONLY,28.1457,28.1457,,,,,,,,17.85,2.10,drive,-29.44,front,LIDAR_ONLY
0,79.6433,cam_3,CAM_ONLY,16.9454,,17.2929,0.3476,,2.0098,,1,,9.87,3.85,warning,3.04,,CAMERA_ONLY
0,79.6433,t1348,LIDAR_ONLY,15.6831,15.6831,73.9736,58.2905,58.2905,78.7990,78.7990,0,0,9.87,3.85,drive,20.64,front,LIDAR_ONLY
0,79.6433,t1348,LIDAR_ONLY,15.8662,15.8662,73.9736,58.1074,58.1074,78.5516,78.5516,0,0,9.87,3.85,drive,18.68,front,LIDAR_ONLY
0,79.6433,t1348,LIDAR_ONLY,15.9963,15.9963,73.9736,57.9773,57.9773,78.3756,78.3756,0,0,9.87,3.85,drive,19.68,front,LIDAR_ONLY
0,79.7159,cam_3,CAM_ONLY,17.0524,,17.2929,0.2406,,1.3911,,1,,16.88,10.93,warning,3.04,,CAMERA_ONLY
0,79.7802,cam_3,CAM_ONLY,17.0312,,17.2929,0.2618,,1.5136,,1,,11.43,1.72,warning,3.04,,CAMERA_ONLY
0,79.8726,cam_3,CAM_ONLY,16.9144,,17.2929,0.3786,,2.1893,,1,,18.63,8.95,warning,3.04,,CAMERA_ONLY
0,79.9434,t1358,BOTH,16.9756,17.5164,17.2929,0.3173,0.2234,1.8351,1.2921,1,1,16.62,5.20,warning,3.04,,FULL_ANGLE
0,79.9434,t1357,LIDAR_ONLY,18.3818,18.3818,73.9736,55.5918,55.5918,75.1509,75.1509,0,0,16.62,5.20,drive,18.30,front,LIDAR_ONLY
0,80.0085,cam_3,CAM_ONLY,16.8912,,17.2929,0.4018,,2.3233,,1,,10.66,7.51,warning,3.04,,CAMERA_ONLY
0,80.0698,cam_3,CAM_ONLY,16.8568,,17.2929,0.4362,,2.5223,,1,,12.06,2.47,warning,3.04,,CAMERA_ONLY
0,80.1376,t1358,BOTH,17.0298,17.5042,17.2929,0.2632,0.2112,1.5219,1.2215,1,1,18.75,2.77,warning,3.04,,FULL_ANGLE
0,80.1376,t1362,LIDAR_ONLY,28.0940,28.0940,,,,,,,,18.75,2.77,drive,-29.59,front,LIDAR_ONLY
0,80.2103,cam_3,CAM_ONLY,16.9853,,17.2929,0.3076,,1.7789,,1,,13.13,7.60,warning,3.04,,CAMERA_ONLY
0,80.2788,cam_3,CAM_ONLY,16.9080,,17.2929,0.3850,,2.2263,,1,,13.66,1.88,warning,3.04,,CAMERA_ONLY
0,80.3431,cam_3,CAM_ONLY,16.8490,,17.2929,0.4439,,2.5670,,1,,12.34,3.96,warning,3.04,,CAMERA_ONLY
0,80.4256,cam_3,CAM_ONLY,16.8864,,17.2929,0.4065,,2.3509,,1,,15.18,8.96,warning,3.04,,CAMERA_ONLY
0,80.4847,t1369,BOTH,16.9042,17.5122,17.2929,0.3888,0.2192,2.2481,1.2676,1,1,12.57,1.49,warning,3.04,,FULL_ANGLE
0,80.4847,t1368,LIDAR_ONLY,12.8945,12.8945,73.9736,61.0791,61.0791,82.5688,82.5688,0,0,12.57,1.49,cautious,23.12,front,LIDAR_ONLY
0,80.4847,t1368,LIDAR_ONLY,13.0270,13.0270,73.9736,60.9466,60.9466,82.3896,82.3896,0,0,12.57,1.49,cautious,18.38,front,LIDAR_ONLY
0,80.4847,t1368,LIDAR_ONLY,13.2372,13.2372,73.9736,60.7364,60.7364,82.1055,82.1055,0,0,12.57,1.49,cautious,19.14,front,LIDAR_ONLY
0,80.4847,t1368,LIDAR_ONLY,13.4392,13.4392,73.9736,60.5344,60.5344,81.8324,81.8324,0,0,12.57,1.49,cautious,20.03,front,LIDAR_ONLY
0,80.5695,cam_3,CAM_ONLY,16.8459,,17.2929,0.4470,,2.5851,,1,,16.75,2.58,warning,3.04,,CAMERA_ONLY
0,80.6399,t1369,BOTH,16.8442,17.5214,17.2929,0.4487,0.2284,2.5947,1.3210,1,1,18.29,2.04,warning,3.04,,FULL_ANGLE
0,80.6399,t1368,LIDAR_ONLY,13.7601,13.7601,73.9736,60.2135,60.2135,81.3986,81.3986,0,0,18.29,2.04,cautious,18.77,front,LIDAR_ONLY
0,80.6399,t1368,LIDAR_ONLY,14.7286,14.7286,73.9736,59.2450,59.2450,80.0894,80.0894,0,0,18.29,2.04,cautious,20.91,front,LIDAR_ONLY
0,80.7168,cam_3,CAM_ONLY,16.8471,,17.2929,0.4458,,2.5782,,1,,18.98,8.11,warning,3.04,,CAMERA_ONLY
0,80.7809,cam_3,CAM_ONLY,16.8894,,17.2929,0.4036,,2.3338,,1,,14.37,1.53,warning,3.04,,CAMERA_ONLY
0,80.7809,t1373,LIDAR_ONLY,28.0967,28.0967,,,,,,,,14.37,1.53,drive,-29.48,front,LIDAR_ONLY
0,80.8428,t1369,BOTH,16.8463,17.5238,17.2929,0.4467,0.2309,2.5830,1.3350,1,1,9.82,3.68,warning,3.04,,FULL_ANGLE
0,80.9089,cam_3,CAM_ONLY,16.9469,,17.2929,0.3461,,2.0012,,1,,12.85,10.61,warning,3.04,,CAMERA_ONLY
0,80.9743,cam_3,CAM_ONLY,16.9578,,17.2929,0.3352,,1.9382,,1,,12.66,3.39,warning,3.04,,CAMERA_ONLY
0,81.0433,cam_3,CAM_ONLY,17.0124,,17.2929,0.2806,,1.6224,,1,,9.36,7.49,warning,3.04,,CAMERA_ONLY
0,81.1100,cam_3,CAM_ONLY,17.0443,,17.2929,0.2487,,1.4380,,1,,12.42,8.62,warning,3.04,,CAMERA_ONLY
0,81.1815,t1384,BOTH,16.9274,17.5101,17.2929,0.3656,0.2172,2.1139,1.2558,1,1,13.27,1.48,warning,3.04,,FULL_ANGLE
0,81.1815,t1381,LIDAR_ONLY,28.1992,28.1992,,,,,,,,13.27,1.48,drive,-29.50,front,LIDAR_ONLY
0,81.2595,cam_3,CAM_ONLY,17.0239,,17.2929,0.2691,,1.5561,,1,,21.09,6.92,warning,3.04,,CAMERA_ONLY
0,81.3272,cam_3,CAM_ONLY,17.0251,,17.2929,0.2679,,1.5491,,1,,12.47,2.97,warning,3.04,,CAMERA_ONLY
0,81.3945,cam_3,CAM_ONLY,17.1649,,17.2929,0.1281,,0.7406,,1,,18.10,5.63,warning,3.04,,CAMERA_ONLY
0,81.3945,t1387,LIDAR_ONLY,14.7341,14.7341,73.9736,59.2395,59.2395,80.0820,80.0820,0,0,18.10,5.63,drive,21.11,front,LIDAR_ONLY
0,81.3945,t1387,LIDAR_ONLY,15.1178,15.1178,73.9736,58.8558,58.8558,79.5633,79.5633,0,0,18.10,5.63,drive,19.42,front,LIDAR_ONLY
0,81.4786,cam_3,CAM_ONLY,16.9785,,17.2929,0.3145,,1.8186,,1,,18.05,2.42,warning,3.04,,CAMERA_ONLY
0,81.4786,t1388,LIDAR_ONLY,28.1648,28.1648,,,,,,,,18.05,2.42,drive,-29.46,front,LIDAR_ONLY
0,81.5781,cam_3,CAM_ONLY,17.2173,,17.2929,0.0757,,0.4377,,1,,12.27,1.96,warning,3.04,,CAMERA_ONLY
0,81.5781,t1388,LIDAR_ONLY,28.1721,28.1721,,,,,,,,12.27,1.96,drive,-29.41,front,LIDAR_ONLY
0,81.6584,cam_3,CAM_ONLY,17.2348,,17.2929,0.0582,,0.3363,,1,,20.48,10.62,warning,3.04,,CAMERA_ONLY
0,81.7399,t1394,BOTH,17.2094,17.5094,17.2929,0.0836,0.2165,0.4834,1.2518,1,1,18.83,5.23,warning,3.04,,FULL_ANGLE
0,81.7399,t1393,LIDAR_ONLY,16.4025,16.4025,73.9736,57.5711,57.5711,77.8266,77.8266,0,0,18.83,5.23,drive,19.67,front,LIDAR_ONLY
0,81.7999,cam_3,CAM_ONLY,16.9881,,17.2929,0.3049,,1.7629,,1,,9.30,5.49,warning,3.04,,CAMERA_ONLY
0,81.7999,t1393,LIDAR_ONLY,16.0776,16.0776,73.9736,57.8961,57.8961,78.2658,78.2658,0,0,9.30,5.49,drive,19.98,front,LIDAR_ONLY
0,81.8806,cam_3,CAM_ONLY,17.0862,,17.2929,0.2067,,1.1955,,1,,19.06,2.47,warning,3.04,,CAMERA_ONLY
0,81.8806,t1395,LIDAR_ONLY,28.1593,28.1593,,,,,,,,19.06,2.47,drive,-29.47,front,LIDAR_ONLY
0,81.9468,cam_3,CAM_ONLY,17.0065,,17.2929,0.2864,,1.6563,,1,,12.61,6.27,warning,3.04,,CAMERA_ONLY
0,81.9468,t1393,LIDAR_ONLY,16.1968,16.1968,73.9736,57.7768,57.7768,78.1046,78.1046,0,0,12.61,6.27,drive,18.41,front,LIDAR_ONLY
0,82.0223,cam_3,CAM_ONLY,16.9807,,17.2929,0.3122,,1.8055,,1,,15.73,12.72,warning,3.04,,CAMERA_ONLY
0,82.0910,t1399,BOTH,17.2067,17.4812,17.2929,0.0863,0.1883,0.4990,1.0889,1,1,14.35,3.57,warning,3.04,,FULL_ANGLE
0,82.0910,t1393,LIDAR_ONLY,16.3289,16.3289,73.9736,57.6447,57.6447,77.9261,77.9261,0,0,14.35,3.57,drive,19.14,front,LIDAR_ONLY
0,82.1685,cam_3,CAM_ONLY,17.1246,,17.2929,0.1683,,0.9732,,1,,18.06,10.13,warning,3.04,,CAMERA_ONLY
0,82.2345,t1399,BOTH,16.9611,17.4867,17.2929,0.3319,0.1937,1.9190,1.1202,1,1,15.75,2.19,warning,3.04,,FULL_ANGLE
0,82.2345,t1393,LIDAR_ONLY,16.4400,16.4400,73.9736,57.5336,57.5336,77.7758,77.7758,0,0,15.75,2.19,drive,19.08,front,LIDAR_ONLY
0,82.2345,t1393,LIDAR_ONLY,16.4931,16.4931,73.9736,57.4805,57.4805,77.7041,77.7041,0,0,15.75,2.19,drive,20.19,front,LIDAR_ONLY
0,82.2345,t1393,LIDAR_ONLY,16.6235,16.6235,73.9736,57.3501,57.3501,77.5278,77.5278,0,0,15.75,2.19,drive,21.30,front,LIDAR_ONLY
0,82.2345,t1393,LIDAR_ONLY,16.6966,16.6966,73.9736,57.2770,57.2770,77.4290,77.4290,0,0,15.75,2.19,drive,18.13,front,LIDAR_ONLY
0,82.3105,cam_3,CAM_ONLY,17.0554,,17.2929,0.2375,,1.3735,,1,,12.64,9.99,warning,3.04,,CAMERA_ONLY
0,82.3897,t1399,BOTH,16.9896,17.4954,17.2929,0.3033,0.2025,1.7540,1.1709,1,1,23.31,3.66,warning,3.04,,FULL_ANGLE
0,82.3897,t1393,LIDAR_ONLY,16.8045,16.8045,73.9736,57.1691,57.1691,77.2831,77.2831,0,0,23.31,3.66,drive,18.37,front,LIDAR_ONLY
0,82.3897,t1393,LIDAR_ONLY,16.5344,16.5344,73.9736,57.4393,57.4393,77.6483,77.6483,0,0,23.31,3.66,drive,20.00,front,LIDAR_ONLY
0,82.4449,t1399,BOTH,17.0698,17.4989,17.2929,0.2232,0.2059,1.2904,1.1909,1,1,9.29,4.05,warning,3.04,,FULL_ANGLE
0,82.4449,t1393,LIDAR_ONLY,16.6322,16.6322,73.9736,57.3414,57.3414,77.5160,77.5160,0,0,9.29,4.05,drive,18.43,front,LIDAR_ONLY
0,82.5177,cam_3,CAM_ONLY,17.0701,,17.2929,0.2228,,1.2885,,1,,15.12,5.55,warning,3.04,,CAMERA_ONLY
0,82.5972,t1399,BOTH,17.0583,17.5096,17.2929,0.2347,0.2167,1.3570,1.2531,1,1,14.13,3.07,warning,3.04,,FULL_ANGLE
0,82.5972,t1393,LIDAR_ONLY,16.7666,16.7666,73.9736,57.2070,57.2070,77.3343,77.3343,0,0,14.13,3.07,drive,19.10,front,LIDAR_ONLY
0,82.6626,cam_3,CAM_ONLY,16.9619,,17.2929,0.3310,,1.9141,,1,,11.17,9.36,warning,3.04,,CAMERA_ONLY
0,82.7215,cam_3,CAM_ONLY,17.0110,,17.2929,0.2820,,1.6306,,1,,11.28,2.71,warning,3.04,,CAMERA_ONLY
0,82.8173,cam_3,CAM_ONLY,17.0239,,17.2929,0.2691,,1.5561,,1,,19.73,16.25,warning,3.04,,CAMERA_ONLY
0,82.8850,t1409,BOTH,16.9241,17.5538,17.2929,0.3688,0.2608,2.1328,1.5083,1,1,15.43,1.03,warning,3.04,,FULL_ANGLE
0,82.8850,t1408,LIDAR_ONLY,28.0694,28.0694,,,,,,,,15.43,1.03,drive,-29.46,front,LIDAR_ONLY
0,82.9558,cam_3,CAM_ONLY,17.1163,,17.2929,0.1766,,1.0213,,1,,15.09,10.16,warning,3.04,,CAMERA_ONLY
0,83.0193,cam_3,CAM_ONLY,16.9751,,17.2929,0.3179,,1.8382,,1,,9.61,2.83,warning,3.04,,CAMERA_ONLY
0,83.0787,cam_3,CAM_ONLY,17.0327,,17.2929,0.2602,,1.5049,,1,,12.49,2.69,warning,3.04,,CAMERA_ONLY
0,83.1608,cam_3,CAM_ONLY,17.0022,,17.2929,0.2908,,1.6814,,1,,19.64,10.77,warning,3.04,,CAMERA_ONLY
0,83.2359,t1421,BOTH,17.0031,17.5204,17.2929,0.2899,0.2275,1.6762,1.3155,1,1,16.09,3.04,warning,3.04,,FULL_ANGLE
0,83.2359,t1420,LIDAR_ONLY,18.0073,18.0073,73.9736,55.9663,55.9663,75.6572,75.6572,0,0,16.09,3.04,drive,18.54,front,LIDAR_ONLY
0,83.3121,cam_3,CAM_ONLY,16.9602,,17.2929,0.3328,,1.9242,,1,,14.31,12.30,warning,3.04,,CAMERA_ONLY
0,83.3771,cam_3,CAM_ONLY,16.9433,,17.2929,0.3496,,2.0218,,1,,12.71,3.21,warning,3.04,,CAMERA_ONLY
0,83.4489,cam_3,CAM_ONLY,17.0731,,17.2929,0.2198,,1.2713,,1,,15.36,8.03,warning,3.04,,CAMERA_ONLY
0,83.5210,cam_3,CAM_ONLY,17.0573,,17.2929,0.2356,,1.3624,,1,,19.93,3.24,warning,3.04,,CAMERA_ONLY
0,83.5804,cam_3,CAM_ONLY,17.1699,,17.2929,0.1230,,0.7115,,1,,9.55,3.15,warning,3.04,,CAMERA_ONLY
0,83.6439,t1431,BOTH,17.2129,17.5594,17.2929,0.0801,0.2665,0.4632,1.5411,1,1,9.72,4.42,warning,3.04,,FULL_ANGLE
0,83.6439,t1430,LIDAR_ONLY,14.9276,14.9276,73.9736,59.0460,59.0460,79.8203,79.8203,0,0,9.72,4.42,drive,20.93,front,LIDAR_ONLY
0,83.6439,t1430,LIDAR_ONLY,15.2634,15.2634,73.9736,58.7102,58.7102,79.3664,79.3664,0,0,9.72,4.42,drive,19.01,front,LIDAR_ONLY
0,83.7292,cam_3,CAM_ONLY,17.2000,,17.2929,0.0929,,0.5372,,1,,12.38,8.36,warning,3.04,,CAMERA_ONLY
0,83.7894,t1431,BOTH,17.0263,17.5292,17.2929,0.2666,0.2363,1.5419,1.3663,1,1,12.02,2.97,warning,3.04,,FULL_ANGLE
0,83.7894,t1430,LIDAR_ONLY,15.5676,15.5676,73.9736,58.4060,58.4060,78.9551,78.9551,0,0,12.02,2.97,drive,19.59,front,LIDAR_ONLY
0,83.8578,cam_3,CAM_ONLY,17.0736,,17.2929,0.2193,,1.2683,,1,,13.46,11.45,warning,3.04,,CAMERA_ONLY
0,83.9196,cam_3,CAM_ONLY,17.1461,,17.2929,0.1468,,0.8489,,1,,12.70,2.64,warning,3.04,,CAMERA_ONLY
0,83.9798,cam_3,CAM_ONLY,17.1251,,17.2929,0.1678,,0.9705,,1,,12.30,1.81,warning,3.04,,CAMERA_ONLY
0,83.9798,t1436,LIDAR_ONLY,28.2353,28.2353,,,,,,,,12.30,1.81,drive,-29.32,front,LIDAR_ONLY
0,84.0752,cam_3,CAM_ONLY,17.1197,,17.2929,0.1733,,1.0021,,1,,17.38,15.34,warning,3.04,,CAMERA_ONLY
0,84.1465,t1441,BOTH,17.0098,17.6169,17.2929,0.2831,0.3240,1.6373,1.8735,1,1,15.10,5.89,warning,3.04,,FULL_ANGLE
0,84.1465,t1441,LIDAR_ONLY,17.9011,17.9011,17.2929,0.6081,0.6081,3.5165,3.5165,1,1,15.10,5.89,drive,3.32,front,LIDAR_ONLY
0,84.2140,cam_3,CAM_ONLY,17.0453,,17.2929,0.2477,,1.4322,,1,,10.17,6.85,warning,3.04,,CAMERA_ONLY
0,84.2748,cam_3,CAM_ONLY,17.0526,,17.2929,0.2404,,1.3899,,1,,12.88,2.00,warning,3.04,,CAMERA_ONLY
0,84.2748,t1442,LIDAR_ONLY,28.1108,28.1108,,,,,,,,12.88,2.00,drive,-29.47,front,LIDAR_ONLY
0,84.3431,t1441,BOTH,16.8668,17.5668,17.2929,0.4262,0.2739,2.4645,1.5838,1,1,13.08,5.32,warning,3.04,,FULL_ANGLE
0,84.3431,t1445,LIDAR_ONLY,16.6134,16.6134,73.9736,57.3602,57.3602,77.5415,77.5415,0,0,13.08,5.32,drive,19.51,front,LIDAR_ONLY
0,84.4092,cam_3,CAM_ONLY,16.8572,,17.2929,0.4358,,2.5199,,1,,11.68,10.16,warning,3.04,,CAMERA_ONLY
0,84.4782,cam_3,CAM_ONLY,17.1400,,17.2929,0.1530,,0.8846,,1,,16.81,3.60,warning,3.04,,CAMERA_ONLY
0,84.5459,t1445,BOTH,16.9422,16.3424,73.9736,57.0314,57.6313,77.0970,77.9079,0,0,11.01,6.10,warning,3.04,,FULL_ANGLE
0,84.5459,t1445,LIDAR_ONLY,16.2971,16.2971,73.9736,57.6765,57.6765,77.9691,77.9691,0,0,11.01,6.10,drive,19.98,front,LIDAR_ONLY
0,84.6250,cam_3,CAM_ONLY,17.0834,,17.2929,0.2095,,1.2117,,1,,20.50,3.45,warning,3.04,,CAMERA_ONLY
0,84.6996,t1451,BOTH,16.8933,17.4774,17.2929,0.3997,0.1845,2.3112,1.0669,1,1,18.22,5.89,warning,3.04,,FULL_ANGLE
0,84.6996,t1445,LIDAR_ONLY,16.3924,16.3924,73.9736,57.5812,57.5812,77.8402,77.8402,0,0,18.22,5.89,drive,18.72,front,LIDAR_ONLY
0,84.7711,cam_3,CAM_ONLY,17.0950,,17.2929,0.1980,,1.1449,,1,,13.73,2.86,warning,3.04,,CAMERA_ONLY
0,84.8353,t1451,BOTH,16.9191,17.4791,17.2929,0.3739,0.1861,2.1620,1.0764,1,1,13.83,1.93,warning,3.04,,FULL_ANGLE
0,84.8353,t1454,LIDAR_ONLY,28.1164,28.1164,,,,,,,,13.83,1.93,drive,-29.57,front,LIDAR_ONLY
0,84.8353,t1445,LIDAR_ONLY,11.7156,11.7156,,,,,,,,13.83,1.93,cautious,28.01,front,LIDAR_ONLY
0,84.9075,cam_3,CAM_ONLY,16.9254,,17.2929,0.3675,,2.1254,,1,,12.53,11.25,warning,3.04,,CAMERA_ONLY
0,84.9778,cam_3,CAM_ONLY,17.0878,,17.2929,0.2052,,1.1864,,1,,10.98,3.04,warning,3.04,,CAMERA_ONLY
0,85.0360,t1451,BOTH,17.0038,17.4827,17.2929,0.2892,0.1898,1.6721,1.0973,1,1,12.05,1.48,warning,3.04,,FULL_ANGLE
0,85.0360,t1454,LIDAR_ONLY,28.1302,28.1302,,,,,,,,12.05,1.48,drive,-29.44,front,LIDAR_ONLY
0,85.0360,t1445,LIDAR_ONLY,11.2539,11.2539,73.9736,62.7197,62.7197,84.7866,84.7866,0,0,12.05,1.48,cautious,25.68,front,LIDAR_ONLY
0,85.0360,t1445,LIDAR_ONLY,11.1937,11.1937,73.9736,62.7799,62.7799,84.8680,84.8680,0,0,12.05,1.48,cautious,19.50,front,LIDAR_ONLY
0,85.1132,cam_3,CAM_ONLY,16.9219,,17.2929,0.3710,,2.1455,,1,,14.39,15.79,warning,3.04,,CAMERA_ONLY
0,85.1896,t1451,BOTH,16.9263,17.4840,17.2929,0.3667,0.1911,2.1203,1.1050,1,1,19.72,4.41,warning,3.04,,FULL_ANGLE
0,85.1896,t1445,LIDAR_ONLY,11.2419,11.2419,73.9736,62.7317,62.7317,84.8028,84.8028,0,0,19.72,4.41,cautious,23.80,front,LIDAR_ONLY
0,85.1896,t1445,LIDAR_ONLY,11.3031,11.3031,73.9736,62.6705,62.6705,84.7201,84.7201,0,0,19.72,4.41,cautious,19.31,front,LIDAR_ONLY
0,85.1896,t1445,LIDAR_ONLY,11.7061,11.7061,73.9736,62.2675,62.2675,84.1753,84.1753,0,0,19.72,4.41,cautious,18.21,front,LIDAR_ONLY
0,85.2598,cam_3,CAM_ONLY,16.9410,,17.2929,0.3519,,2.0351,,1,,15.93,7.66,warning,3.04,,CAMERA_ONLY
0,85.3174,cam_3,CAM_ONLY,16.9211,,17.2929,0.3719,,2.1505,,1,,9.68,2.61,warning,3.04,,CAMERA_ONLY
0,85.3805,cam_3,CAM_ONLY,16.9740,,17.2929,0.3189,,1.8443,,1,,12.02,2.95,warning,3.04,,CAMERA_ONLY
0,85.4592,cam_3,CAM_ONLY,16.9116,,17.2929,0.3814,,2.2054,,1,,15.34,11.65,warning,3.04,,CAMERA_ONLY
0,85.5291,cam_3,CAM_ONLY,16.9393,,17.2929,0.3537,,2.0451,,1,,17.63,5.30,warning,3.04,,CAMERA_ONLY
0,85.5944,cam_3,CAM_ONLY,17.2296,,17.2929,0.0634,,0.3664,,1,,12.32,4.23,warning,3.04,,CAMERA_ONLY
0,85.5944,t1466,LIDAR_ONLY,18.5233,18.5233,73.9736,55.4503,55.4503,74.9595,74.9595,0,0,12.32,4.23,drive,18.22,front,LIDAR_ONLY
0,85.6753,cam_3,CAM_ONLY,16.9481,,17.2929,0.3449,,1.9943,,1,,22.22,9.17,warning,3.04,,CAMERA_ONLY
0,85.7366,t1469,BOTH,16.9875,17.8997,17.2929,0.3054,0.6067,1.7662,3.5086,1,1,12.73,2.07,warning,3.04,,FULL_ANGLE
0,85.7366,t1468,LIDAR_ONLY,9.8016,9.8016,,,,,,,,12.73,2.07,cautious,29.49,front,LIDAR_ONLY
0,85.7366,t1466,LIDAR_ONLY,16.4413,16.4413,73.9736,57.5323,57.5323,77.7741,77.7741,0,0,12.73,2.07,drive,21.15,front,LIDAR_ONLY
0,85.7366,t1466,LIDAR_ONLY,16.2727,16.2727,73.9736,57.7009,57.7009,78.0020,78.0020,0,0,12.73,2.07,drive,19.90,front,LIDAR_ONLY
0,85.7366,t1466,LIDAR_ONLY,16.3894,16.3894,73.9736,57.5842,57.5842,77.8443,77.8443,0,0,12.73,2.07,drive,18.27,front,LIDAR_ONLY
0,85.7366,t1469,LIDAR_ONLY,17.6026,17.6026,17.2929,0.3096,0.3096,1.7906,1.7906,1,1,12.73,2.07,drive,2.78,front,LIDAR_ONLY
0,85.8105,cam_3,CAM_ONLY,16.9168,,17.2929,0.3761,,2.1749,,1,,12.70,9.18,warning,3.04,,CAMERA_ONLY
0,85.8751,cam_3,CAM_ONLY,16.9690,,17.2929,0.3240,,1.8735,,1,,13.60,3.13,warning,3.04,,CAMERA_ONLY
0,85.9379,t1469,BOTH,16.9134,17.5714,17.2929,0.3796,0.2785,2.1951,1.6103,1,1,11.28,1.62,warning,3.04,,FULL_ANGLE
0,85.9379,t1466,LIDAR_ONLY,16.5418,16.5418,73.9736,57.4318,57.4318,77.6382,77.6382,0,0,11.28,1.62,drive,19.08,front,LIDAR_ONLY
0,86.0203,cam_3,CAM_ONLY,16.9377,,17.2929,0.3552,,2.0541,,1,,20.20,7.55,warning,3.04,,CAMERA_ONLY
0,86.0873,t1469,BOTH,16.8072,17.5532,17.2929,0.4858,0.2603,2.8091,1.5050,1,1,14.29,1.54,warning,3.04,,FULL_ANGLE
0,86.0873,t1474,LIDAR_ONLY,28.1064,28.1064,,,,,,,,14.29,1.54,drive,-29.48,front,LIDAR_ONLY
0,86.0873,t1466,LIDAR_ONLY,13.1801,13.1801,73.9736,60.7935,60.7935,82.1827,82.1827,0,0,14.29,1.54,cautious,24.80,front,LIDAR_ONLY
0,86.1551,cam_3,CAM_ONLY,16.9003,,17.2929,0.3926,,2.2704,,1,,13.55,10.99,warning,3.04,,CAMERA_ONLY
0,86.2202,cam_3,CAM_ONLY,16.9413,,17.2929,0.3516,,2.0334,,1,,12.16,2.95,warning,3.04,,CAMERA_ONLY
0,86.2863,t1469,BOTH,16.9390,17.5521,17.2929,0.3539,0.2591,2.0467,1.4984,1,1,15.25,3.49,warning,3.04,,FULL_ANGLE
0,86.2863,t1474,LIDAR_ONLY,28.1106,28.1106,,,,,,,,15.25,3.49,drive,-29.48,front,LIDAR_ONLY
0,86.3593,cam_3,CAM_ONLY,16.9879,,17.2929,0.3050,,1.7639,,1,,13.08,10.40,warning,3.04,,CAMERA_ONLY
0,86.4173,cam_3,CAM_ONLY,17.1062,,17.2929,0.1868,,1.0801,,1,,9.92,6.66,warning,3.04,,CAMERA_ONLY
0,86.4827,t1469,BOTH,17.1054,17.5125,17.2929,0.1876,0.2196,1.0846,1.2698,1,1,13.58,1.37,warning,3.04,,FULL_ANGLE
0,86.4827,t1474,LIDAR_ONLY,28.1132,28.1132,,,,,,,,13.58,1.37,drive,-29.65,front,LIDAR_ONLY
0,86.5618,cam_3,CAM_ONLY,17.0641,,17.2929,0.2288,,1.3231,,1,,13.36,8.03,warning,3.04,,CAMERA_ONLY
0,86.6436,t1469,BOTH,16.9550,17.5139,17.2929,0.3380,0.2210,1.9544,1.2777,1,1,15.41,4.91,warning,3.04,,FULL_ANGLE
0,86.7178,cam_3,CAM_ONLY,16.9603,,17.2929,0.3327,,1.9236,,1,,15.39,5.85,warning,3.04,,CAMERA_ONLY
0,86.7891,t1469,BOTH,16.9524,17.5069,17.2929,0.3406,0.2140,1.9694,1.2372,1,1,18.14,1.78,warning,3.04,,FULL_ANGLE
0,86.7891,t1486,LIDAR_ONLY,11.9224,11.9224,73.9736,62.0512,62.0512,83.8829,83.8829,0,0,18.14,1.78,cautious,24.74,front,LIDAR_ONLY
0,86.7891,t1486,LIDAR_ONLY,12.0298,12.0298,73.9736,61.9438,61.9438,83.7377,83.7377,0,0,18.14,1.78,cautious,18.47,front,LIDAR_ONLY
0,86.8701,cam_3,CAM_ONLY,16.9100,,17.2929,0.3830,,2.2145,,1,,19.09,6.45,warning,3.04,,CAMERA_ONLY
0,86.9394,t1469,BOTH,16.8820,17.4986,17.2929,0.4110,0.2056,2.3767,1.1891,1,1,14.09,2.26,warning,3.04,,FULL_ANGLE
0,86.9394,t1489,LIDAR_ONLY,9.9148,9.9148,,,,,,,,14.09,2.26,cautious,29.39,front,LIDAR_ONLY
0,87.0197,cam_3,CAM_ONLY,16.9733,,17.2929,0.3196,,1.8483,,1,,17.80,13.22,warning,3.04,,CAMERA_ONLY
0,87.0949,t1469,BOTH,16.8628,17.4995,17.2929,0.4301,0.2066,2.4873,1.1945,1,1,13.35,4.10,warning,3.04,,FULL_ANGLE
0,87.0949,t1489,LIDAR_ONLY,9.9625,9.9625,73.9736,64.0111,64.0111,86.5323,86.5323,0,0,13.35,4.10,cautious,20.93,front,LIDAR_ONLY
0,87.0949,t1489,LIDAR_ONLY,10.0578,10.0578,73.9736,63.9158,63.9158,86.4035,86.4035,0,0,13.35,4.10,cautious,19.38,front,LIDAR_ONLY
0,87.0949,t1469,LIDAR_ONLY,17.4968,17.4968,17.2929,0.2039,0.2039,1.1791,1.1791,1,1,13.35,4.10,drive,1.41,front,LIDAR_ONLY
0,87.1672,cam_3,CAM_ONLY,16.8723,,17.2929,0.4207,,2.4326,,1,,12.33,6.56,warning,3.04,,CAMERA_ONLY
0,87.2318,t1469,BOTH,16.8670,17.5020,17.2929,0.4259,0.2091,2.4630,1.2090,1,1,11.45,1.63,warning,3.04,,FULL_ANGLE
0,87.2318,t1493,LIDAR_ONLY,28.2213,28.2213,,,,,,,,11.45,1.63,drive,-29.30,front,LIDAR_ONLY
0,87.3016,cam_3,CAM_ONLY,16.9723,,17.2929,0.3206,,1.8542,,1,,13.21,9.01,warning,3.04,,CAMERA_ONLY
0,87.3691,cam_3,CAM_ONLY,16.9532,,17.2929,0.3397,,1.9646,,1,,10.59,6.31,warning,3.04,,CAMERA_ONLY
0,87.4340,cam_3,CAM_ONLY,17.0600,,17.2929,0.2329,,1.3469,,1,,14.04,3.59,warning,3.04,,CAMERA_ONLY
0,87.5249,cam_3,CAM_ONLY,16.9781,,17.2929,0.3148,,1.8207,,1,,19.45,5.05,warning,3.04,,CAMERA_ONLY
0,87.6106,cam_3,CAM_ONLY,16.9409,,17.2929,0.3521,,2.0359,,1,,19.25,11.58,warning,3.04,,CAMERA_ONLY
0,87.6769,cam_3,CAM_ONLY,17.2400,,17.2929,0.0530,,0.3063,,1,,12.94,3.14,warning,3.04,,CAMERA_ONLY
0,87.7407,t1502,BOTH,16.9527,17.4811,17.2929,0.3402,0.1882,1.9675,1.0883,1,1,15.54,3.83,warning,3.04,,FULL_ANGLE
0,87.8138,cam_3,CAM_ONLY,16.8772,,17.2929,0.4157,,2.4041,,1,,14.76,8.44,warning,3.04,,CAMERA_ONLY
0,87.8850,t1502,BOTH,16.9483,17.4837,17.2929,0.3446,0.1907,1.9929,1.1030,1,1,17.91,1.97,warning,3.04,,FULL_ANGLE
0,87.8850,t1504,LIDAR_ONLY,14.6446,14.6446,73.9736,59.3290,59.3290,80.2030,80.2030,0,0,17.91,1.97,drive,21.19,front,LIDAR_ONLY
0,87.8850,t1504,LIDAR_ONLY,14.8157,14.8157,73.9736,59.1579,59.1579,79.9716,79.9716,0,0,17.91,1.97,drive,19.68,front,LIDAR_ONLY
0,87.8850,t1502,LIDAR_ONLY,17.5008,17.5008,17.2929,0.2078,0.2078,1.2017,1.2017,1,1,17.91,1.97,drive,5.27,front,LIDAR_ONLY
0,87.9599,cam_3,CAM_ONLY,17.1567,,17.2929,0.1362,,0.7876,,1,,11.45,8.73,warning,3.04,,CAMERA_ONLY
0,88.0244,cam_3,CAM_ONLY,17.1142,,17.2929,0.1787,,1.0336,,1,,11.33,3.00,warning,3.04,,CAMERA_ONLY
0,88.0887,t1502,BOTH,16.8561,17.5091,17.2929,0.4368,0.2162,2.5260,1.2502,1,1,13.22,2.73,warning,3.04,,FULL_ANGLE
0,88.1627,cam_3,CAM_ONLY,16.8298,,17.2929,0.4632,,2.6783,,1,,12.67,10.00,warning,3.04,,CAMERA_ONLY
0,88.2287,cam_3,CAM_ONLY,16.8821,,17.2929,0.4108,,2.3757,,1,,12.86,3.10,warning,3.04,,CAMERA_ONLY
0,88.2287,t1509,LIDAR_ONLY,28.2194,28.2194,,,,,,,,12.86,3.10,drive,-29.39,front,LIDAR_ONLY
0,88.2944,cam_3,CAM_ONLY,16.9569,,17.2929,0.3360,,1.9432,,1,,16.30,5.29,warning,3.04,,CAMERA_ONLY
0,88.2944,t1513,LIDAR_ONLY,15.4369,15.4369,73.9736,58.5367,58.5367,79.1318,79.1318,0,0,16.30,5.29,drive,20.47,front,LIDAR_ONLY
0,88.2944,t1513,LIDAR_ONLY,15.6722,15.6722,73.9736,58.3014,58.3014,78.8137,78.8137,0,0,16.30,5.29,drive,19.11,front,LIDAR_ONLY
0,88.3766,cam_3,CAM_ONLY,16.8569,,17.2929,0.4361,,2.5216,,1,,21.52,3.50,warning,3.04,,CAMERA_ONLY
0,88.4368,t1515,BOTH,16.8753,17.4945,17.2929,0.4176,0.2015,2.4151,1.1653,1,1,12.79,1.93,warning,3.04,,FULL_ANGLE
0,88.4368,t1514,LIDAR_ONLY,9.7700,9.7700,,,,,,,,12.79,1.93,cautious,29.61,front,LIDAR_ONLY
0,88.4368,t1513,LIDAR_ONLY,16.0354,16.0354,73.9736,57.9382,57.9382,78.3228,78.3228,0,0,12.79,1.93,drive,18.48,front,LIDAR_ONLY
0,88.4368,t1513,LIDAR_ONLY,16.1403,16.1403,73.9736,57.8333,57.8333,78.1809,78.1809,0,0,12.79,1.93,drive,20.35,front,LIDAR_ONLY
0,88.5094,cam_3,CAM_ONLY,16.9269,,17.2929,0.3660,,2.1166,,1,,10.17,11.83,warning,3.04,,CAMERA_ONLY
0,88.5765,cam_3,CAM_ONLY,16.9081,,17.2929,0.3849,,2.2256,,1,,12.79,3.36,warning,3.04,,CAMERA_ONLY
0,88.6447,t1515,BOTH,16.9621,17.5282,17.2929,0.3308,0.2352,1.9129,1.3603,1,1,16.05,4.16,warning,3.04,,FULL_ANGLE
0,88.6447,t1515,LIDAR_ONLY,17.5371,17.5371,17.2929,0.2442,0.2442,1.4119,1.4119,1,1,16.05,4.16,drive,3.35,front,LIDAR_ONLY
0,88.7321,cam_3,CAM_ONLY,17.0388,,17.2929,0.2541,,1.4696,,1,,15.34,7.48,warning,3.04,,CAMERA_ONLY
0,88.7971,cam_3,CAM_ONLY,16.9494,,17.2929,0.3435,,1.9864,,1,,12.39,8.14,warning,3.04,,CAMERA_ONLY
0,88.7971,t1521,LIDAR_ONLY,16.2551,16.2551,73.9736,57.7185,57.7185,78.0258,78.0258,0,0,12.39,8.14,drive,19.79,front,LIDAR_ONLY
0,88.9113,cam_3,CAM_ONLY,16.9073,,17.2929,0.3857,,2.2301,,1,,12.29,11.61,warning,3.04,,CAMERA_ONLY
0,88.9939,t1524,BOTH,17.0565,17.5201,17.2929,0.2365,0.2271,1.3674,1.3134,1,1,16.29,6.28,warning,3.04,,FULL_ANGLE
0,88.9939,t1521,LIDAR_ONLY,16.2794,16.2794,73.9736,57.6942,57.6942,77.9929,77.9929,0,0,16.29,6.28,drive,19.70,front,LIDAR_ONLY
0,88.9939,t1524,LIDAR_ONLY,17.5355,17.5355,17.2929,0.2426,0.2426,1.4028,1.4028,1,1,16.29,6.28,drive,1.42,front,LIDAR_ONLY
0,88.9939,t1521,LIDAR_ONLY,16.3527,16.3527,73.9736,57.6209,57.6209,77.8939,77.8939,0,0,16.29,6.28,drive,18.45,front,LIDAR_ONLY
0,89.0698,cam_3,CAM_ONLY,17.0128,,17.2929,0.2802,,1.6203,,1,,23.44,2.68,warning,3.04,,CAMERA_ONLY
0,89.1371,t1524,BOTH,16.9648,17.4930,17.2929,0.3281,0.2000,1.8974,1.1566,1,1,17.03,2.03,warning,3.04,,FULL_ANGLE
0,89.1371,t1526,LIDAR_ONLY,10.0882,10.0882,,,,,,,,17.03,2.03,cautious,28.86,front,LIDAR_ONLY
0,89.1371,t1521,LIDAR_ONLY,16.4516,16.4516,73.9736,57.5220,57.5220,77.7602,77.7602,0,0,17.03,2.03,drive,18.69,front,LIDAR_ONLY
0,89.2067,cam_3,CAM_ONLY,16.9931,,17.2929,0.2999,,1.7340,,1,,10.55,10.66,warning,3.04,,CAMERA_ONLY
0,89.2691,cam_3,CAM_ONLY,17.0146,,17.2929,0.2783,,1.6096,,1,,12.57,3.21,warning,3.04,,CAMERA_ONLY
0,89.3533,cam_3,CAM_ONLY,17.0204,,17.2929,0.2725,,1.5759,,1,,19.40,9.85,warning,3.04,,CAMERA_ONLY
0,89.4701,cam_3,CAM_ONLY,17.1195,,17.2929,0.1734,,1.0028,,1,,12.37,3.85,warning,3.04,,CAMERA_ONLY
0,89.5327,t1535,BOTH,17.0676,17.4684,17.2929,0.2254,0.1754,1.3032,1.0144,1,1,16.06,2.06,warning,3.04,,FULL_ANGLE
0,89.5327,t1532,LIDAR_ONLY,28.1763,28.1763,,,,,,,,16.06,2.06,drive,-29.36,front,LIDAR_ONLY
0,89.6303,cam_3,CAM_ONLY,17.0215,,17.2929,0.2715,,1.5698,,1,,11.27,1.76,warning,3.04,,CAMERA_ONLY
0,89.6303,t1532,LIDAR_ONLY,28.1682,28.1682,,,,,,,,11.27,1.76,drive,-29.43,front,LIDAR_ONLY
0,89.6970,cam_3,CAM_ONLY,17.0870,,17.2929,0.2060,,1.1910,,1,,10.28,5.20,warning,3.04,,CAMERA_ONLY
0,89.6970,t1537,LIDAR_ONLY,18.2594,18.2594,73.9736,55.7142,55.7142,75.3163,75.3163,0,0,10.28,5.20,drive,18.38,front,LIDAR_ONLY
0,89.7675,cam_3,CAM_ONLY,17.2033,,17.2929,0.0896,,0.5182,,1,,15.70,7.97,warning,3.04,,CAMERA_ONLY
0,89.8305,cam_3,CAM_ONLY,17.1703,,17.2929,0.1226,,0.7090,,1,,12.90,2.18,warning,3.04,,CAMERA_ONLY
0,89.8305,t1532,LIDAR_ONLY,28.1454,28.1454,,,,,,,,12.90,2.18,drive,-29.64,front,LIDAR_ONLY
0,89.9092,cam_3,CAM_ONLY,17.1276,,17.2929,0.1653,,0.9561,,1,,16.91,12.74,warning,3.04,,CAMERA_ONLY
0,89.9092,t1537,LIDAR_ONLY,16.6866,16.6866,73.9736,57.2870,57.2870,77.4425,77.4425,0,0,16.91,12.74,drive,19.86,front,LIDAR_ONLY
0,89.9722,cam_3,CAM_ONLY,17.0330,,17.2929,0.2599,,1.5031,,1,,10.42,2.59,warning,3.04,,CAMERA_ONLY
0,90.0289,cam_3,CAM_ONLY,17.0946,,17.2929,0.1984,,1.1471,,1,,11.61,1.39,warning,3.04,,CAMERA_ONLY
0,90.0289,t1532,LIDAR_ONLY,28.1398,28.1398,,,,,,,,11.61,1.39,drive,-29.57,front,LIDAR_ONLY
0,90.0905,t1541,BOTH,16.8866,17.4304,17.2929,0.4063,0.1375,2.3496,0.7950,1,1,9.57,1.92,warning,3.04,,FULL_ANGLE
0,90.0905,t1537,LIDAR_ONLY,10.8662,10.8662,73.9736,63.1074,63.1074,85.3107,85.3107,0,0,9.57,1.92,cautious,29.30,front,LIDAR_ONLY
0,90.0905,t1537,LIDAR_ONLY,11.0874,11.0874,73.9736,62.8862,62.8862,85.0117,85.0117,0,0,9.57,1.92,cautious,20.00,front,LIDAR_ONLY
0,90.1744,cam_3,CAM_ONLY,17.1416,,17.2929,0.1513,,0.8751,,1,,17.03,3.90,warning,3.04,,CAMERA_ONLY
0,90.2360,t1541,BOTH,17.1028,17.4430,17.2929,0.1901,0.1500,1.0994,0.8675,1,1,9.26,1.16,warning,3.04,,FULL_ANGLE
0,90.2360,t1532,LIDAR_ONLY,28.1469,28.1469,,,,,,,,9.26,1.16,drive,-29.22,front,LIDAR_ONLY
0,90.3238,cam_3,CAM_ONLY,17.1514,,17.2929,0.1416,,0.8187,,1,,24.26,9.18,warning,3.04,,CAMERA_ONLY
0,90.4163,cam_3,CAM_ONLY,17.0295,,17.2929,0.2634,,1.5234,,1,,11.97,10.88,warning,3.04,,CAMERA_ONLY
0,90.4987,t1541,BOTH,17.0155,17.4573,17.2929,0.2774,0.1644,1.6043,0.9504,1,1,20.52,9.09,warning,3.04,,FULL_ANGLE
0,90.5612,cam_3,CAM_ONLY,17.0181,,17.2929,0.2749,,1.5895,,1,,9.57,8.60,warning,3.04,,CAMERA_ONLY
0,90.6265,cam_3,CAM_ONLY,17.1006,,17.2929,0.1924,,1.1124,,1,,11.51,2.36,warning,3.04,,CAMERA_ONLY
0,90.6265,t1550,LIDAR_ONLY,28.1077,28.1077,,,,,,,,11.51,2.36,drive,-29.65,front,LIDAR_ONLY
0,90.7124,cam_3,CAM_ONLY,16.9735,,17.2929,0.3195,,1.8475,,1,,12.96,11.73,warning,3.04,,CAMERA_ONLY
0,90.7816,cam_3,CAM_ONLY,17.0452,,17.2929,0.2477,,1.4326,,1,,16.72,2.16,warning,3.04,,CAMERA_ONLY
0,90.7816,t1550,LIDAR_ONLY,28.1214,28.1214,,,,,,,,16.72,2.16,drive,-29.41,front,LIDAR_ONLY
0,90.8629,cam_3,CAM_ONLY,17.0146,,17.2929,0.2784,,1.6097,,1,,16.94,8.80,warning,3.04,,CAMERA_ONLY
0,90.9732,cam_3,CAM_ONLY,16.9362,,17.2929,0.3568,,2.0630,,1,,21.56,6.01,warning,3.04,,CAMERA_ONLY
0,91.0378,t1558,BOTH,16.9558,17.4581,17.2929,0.3371,0.1652,1.9496,0.9553,1,1,15.95,1.78,warning,3.04,,FULL_ANGLE
0,91.0378,t1556,LIDAR_ONLY,10.1838,10.1838,,,,,,,,15.95,1.78,cautious,28.47,front,LIDAR_ONLY
0,91.0378,t1557,LIDAR_ONLY,18.4557,18.4557,73.9736,55.5179,55.5179,75.0510,75.0510,0,0,15.95,1.78,drive,18.26,front,LIDAR_ONLY
0,91.0378,t1557,LIDAR_ONLY,16.9207,16.9207,73.9736,57.0529,57.0529,77.1261,77.1261,0,0,15.95,1.78,drive,19.80,front,LIDAR_ONLY
0,91.1071,cam_3,CAM_ONLY,16.9096,,17.2929,0.3833,,2.2165,,1,,8.99,9.05,warning,3.04,,CAMERA_ONLY
0,91.1673,cam_3,CAM_ONLY,16.9457,,17.2929,0.3472,,2.0077,,1,,12.12,3.67,warning,3.04,,CAMERA_ONLY
0,91.2326,t1558,BOTH,17.1016,17.4602,17.2929,0.1913,0.1672,1.1062,0.9671,1,1,20.09,1.26,warning,3.04,,FULL_ANGLE
0,91.2326,t1560,LIDAR_ONLY,28.2313,28.2313,,,,,,,,20.09,1.26,drive,-29.48,front,LIDAR_ONLY
0,91.2326,t1557,LIDAR_ONLY,15.4277,15.4277,73.9736,58.5459,58.5459,79.1443,79.1443,0,0,20.09,1.26,drive,21.62,front,LIDAR_ONLY
0,91.2326,t1557,LIDAR_ONLY,15.5842,15.5842,73.9736,58.3894,58.3894,78.9327,78.9327,0,0,20.09,1.26,drive,18.53,front,LIDAR_ONLY
0,91.2326,t1557,LIDAR_ONLY,15.7001,15.7001,73.9736,58.2735,58.2735,78.7760,78.7760,0,0,20.09,1.26,drive,19.88,front,LIDAR_ONLY
0,91.3014,cam_3,CAM_ONLY,17.1077,,17.2929,0.1852,,1.0712,,1,,12.73,7.28,warning,3.04,,CAMERA_ONLY
0,91.3691,cam_3,CAM_ONLY,16.8789,,17.2929,0.4141,,2.3945,,1,,13.14,2.15,warning,3.04,,CAMERA_ONLY
0,91.4513,cam_3,CAM_ONLY,17.1329,,17.2929,0.1600,,0.9254,,1,,18.89,9.19,warning,3.04,,CAMERA_ONLY
0,91.5163,cam_3,CAM_ONLY,17.0188,,17.2929,0.2741,,1.5852,,1,,10.42,3.20,warning,3.04,,CAMERA_ONLY
0,91.5863,cam_3,CAM_ONLY,17.2241,,17.2929,0.0688,,0.3981,,1,,14.47,3.76,warning,3.04,,CAMERA_ONLY
0,91.5863,t1563,LIDAR_ONLY,28.2182,28.2182,,,,,,,,14.47,3.76,drive,-29.28,front,LIDAR_ONLY
0,91.6758,cam_3,CAM_ONLY,17.2431,,17.2929,0.0499,,0.2883,,1,,18.93,10.40,warning,3.04,,CAMERA_ONLY
0,91.7560,cam_3,CAM_ONLY,17.1772,,17.2929,0.1158,,0.6695,,1,,14.50,11.72,warning,3.04,,CAMERA_ONLY
0,91.8205,cam_3,CAM_ONLY,17.2085,,17.2929,0.0844,,0.4881,,1,,12.35,2.74,warning,3.04,,CAMERA_ONLY
0,91.8857,t1572,BOTH,16.9952,17.8984,17.2929,0.2978,0.6054,1.7220,3.5009,1,1,13.28,1.36,warning,3.04,,FULL_ANGLE
0,91.8857,t1571,LIDAR_ONLY,13.7627,13.7627,73.9736,60.2110,60.2110,81.3952,81.3952,0,0,13.28,1.36,cautious,22.10,front,LIDAR_ONLY
0,91.8857,t1571,LIDAR_ONLY,13.8699,13.8699,73.9736,60.1038,60.1038,81.2503,81.2503,0,0,13.28,1.36,cautious,18.16,front,LIDAR_ONLY
0,91.8857,t1572,LIDAR_ONLY,17.6071,17.6071,17.2929,0.3141,0.3141,1.8165,1.8165,1,1,13.28,1.36,drive,3.47,front,LIDAR_ONLY
0,91.8857,t1572,LIDAR_ONLY,17.6084,17.6084,17.2929,0.3154,0.3154,1.8240,1.8240,1,1,13.28,1.36,drive,0.57,front,LIDAR_ONLY
0,91.9752,cam_3,CAM_ONLY,17.1451,,17.2929,0.1478,,0.8549,,1,,21.22,7.60,warning,3.04,,CAMERA_ONLY
0,92.0744,cam_3,CAM_ONLY,16.9031,,17.2929,0.3899,,2.2546,,1,,12.85,3.19,warning,3.04,,CAMERA_ONLY
0,92.1354,t1572,BOTH,17.0040,17.5628,17.2929,0.2889,0.2699,1.6709,1.5605,1,1,13.49,2.11,warning,3.04,,FULL_ANGLE
0,92.1354,t1574,LIDAR_ONLY,9.7146,9.7146,,,,,,,,13.49,2.11,cautious,29.93,front,LIDAR_ONLY
0,92.1354,t1571,LIDAR_ONLY,14.0249,14.0249,73.9736,59.9487,59.9487,81.0406,81.0406,0,0,13.49,2.11,cautious,18.31,front,LIDAR_ONLY
0,92.1354,t1571,LIDAR_ONLY,14.1731,14.1731,73.9736,59.8005,59.8005,80.8404,80.8404,0,0,13.49,2.11,cautious,19.12,front,LIDAR_ONLY
0,92.2068,cam_3,CAM_ONLY,16.9891,,17.2929,0.3039,,1.7571,,1,,11.95,11.22,warning,3.04,,CAMERA_ONLY
0,92.2712,cam_3,CAM_ONLY,17.0106,,17.2929,0.2823,,1.6326,,1,,10.89,2.71,warning,3.04,,CAMERA_ONLY
0,92.3313,cam_3,CAM_ONLY,17.0502,,17.2929,0.2428,,1.4039,,1,,9.77,2.47,warning,3.04,,CAMERA_ONLY
0,92.3313,t1580,LIDAR_ONLY,28.1920,28.1920,,,,,,,,9.77,2.47,drive,-29.33,front,LIDAR_ONLY
0,92.4066,cam_3,CAM_ONLY,17.1488,,17.2929,0.1441,,0.8334,,1,,13.31,10.39,warning,3.04,,CAMERA_ONLY
0,92.4695,cam_3,CAM_ONLY,17.1188,,17.2929,0.1742,,1.0073,,1,,9.47,4.74,warning,3.04,,CAMERA_ONLY
0,92.5459,t1583,BOTH,17.0888,17.4985,17.2929,0.2041,0.2055,1.1805,1.1884,1,1,19.90,5.07,warning,3.04,,FULL_ANGLE
0,92.6107,cam_3,CAM_ONLY,16.9911,,17.2929,0.3019,,1.7456,,1,,9.77,5.90,warning,3.04,,CAMERA_ONLY
0,92.6782,cam_3,CAM_ONLY,16.9760,,17.2929,0.3170,,1.8330,,1,,10.73,3.31,warning,3.04,,CAMERA_ONLY
0,92.7384,t1583,BOTH,17.0868,17.5044,17.2929,0.2061,0.2114,1.1918,1.2225,1,1,12.72,2.57,warning,3.04,,FULL_ANGLE
0,92.7384,t1588,LIDAR_ONLY,28.2376,28.2376,,,,,,,,12.72,2.57,drive,-29.32,front,LIDAR_ONLY
0,92.7384,t1590,LIDAR_ONLY,15.3829,15.3829,73.9736,58.5907,58.5907,79.2049,79.2049,0,0,12.72,2.57,drive,20.51,front,LIDAR_ONLY
0,92.7384,t1590,LIDAR_ONLY,15.1274,15.1274,73.9736,58.8462,58.8462,79.5502,79.5502,0,0,12.72,2.57,drive,21.80,front,LIDAR_ONLY
0,92.7384,t1590,LIDAR_ONLY,15.4514,15.4514,73.9736,58.5222,58.5222,79.1123,79.1123,0,0,12.72,2.57,drive,18.48,front,LIDAR_ONLY
0,92.8133,cam_3,CAM_ONLY,16.9618,,17.2929,0.3312,,1.9150,,1,,13.18,8.83,warning,3.04,,CAMERA_ONLY
0,92.9012,cam_3,CAM_ONLY,17.1427,,17.2929,0.1502,,0.8686,,1,,19.91,12.14,warning,3.04,,CAMERA_ONLY
0,92.9012,t1590,LIDAR_ONLY,15.7732,15.7732,73.9736,58.2004,58.2004,78.6772,78.6772,0,0,19.91,12.14,drive,19.25,front,LIDAR_ONLY
0,92.9719,cam_3,CAM_ONLY,16.9575,,17.2929,0.3354,,1.9397,,1,,13.09,3.46,warning,3.04,,CAMERA_ONLY
0,93.0386,t1595,BOTH,17.0717,17.5124,17.2929,0.2213,0.2194,1.2796,1.2690,1,1,14.85,3.48,warning,3.04,,FULL_ANGLE
0,93.0386,t1593,LIDAR_ONLY,28.1304,28.1304,,,,,,,,14.85,3.48,drive,-29.55,front,LIDAR_ONLY
0,93.0386,t1590,LIDAR_ONLY,15.9008,15.9008,73.9736,58.0728,58.0728,78.5048,78.5048,0,0,14.85,3.48,drive,20.42,front,LIDAR_ONLY
0,93.1003,cam_3,CAM_ONLY,17.1890,,17.2929,0.1039,,0.6009,,1,,9.10,6.50,warning,3.04,,CAMERA_ONLY
0,93.1622,cam_3,CAM_ONLY,17.0777,,17.2929,0.2152,,1.2446,,1,,11.13,5.80,warning,3.04,,CAMERA_ONLY
0,93.2242,cam_3,CAM_ONLY,16.9573,,17.2929,0.3357,,1.9410,,1,,10.57,2.66,warning,3.04,,CAMERA_ONLY
0,93.2859,t1600,BOTH,17.1344,17.4808,17.2929,0.1585,0.1878,0.9168,1.0861,1,1,13.26,1.27,warning,3.04,,FULL_ANGLE
0,93.2859,t1598,LIDAR_ONLY,28.0442,28.0442,,,,,,,,13.26,1.27,drive,-29.63,front,LIDAR_ONLY
0,93.2859,t1599,LIDAR_ONLY,14.7201,14.7201,73.9736,59.2535,59.2535,80.1009,80.1009,0,0,13.26,1.27,drive,21.12,front,LIDAR_ONLY
0,93.2859,t1599,LIDAR_ONLY,14.8688,14.8688,73.9736,59.1048,59.1048,79.8998,79.8998,0,0,13.26,1.27,drive,18.30,front,LIDAR_ONLY
0,93.3583,cam_3,CAM_ONLY,16.9449,,17.2929,0.3480,,2.0126,,1,,13.88,10.52,warning,3.04,,CAMERA_ONLY
0,93.4242,cam_3,CAM_ONLY,17.1485,,17.2929,0.1444,,0.8351,,1,,12.04,3.32,warning,3.04,,CAMERA_ONLY
0,93.4841,t1600,BOTH,16.9459,17.4809,17.2929,0.3471,0.1880,2.0071,1.0870,1,1,12.93,1.37,warning,3.04,,FULL_ANGLE
0,93.4841,t1598,LIDAR_ONLY,28.0659,28.0659,,,,,,,,12.93,1.37,drive,-29.42,front,LIDAR_ONLY
0,93.4841,t1599,LIDAR_ONLY,14.7961,14.7961,73.9736,59.1775,59.1775,79.9982,79.9982,0,0,12.93,1.37,drive,21.39,front,LIDAR_ONLY
0,93.5696,cam_3,CAM_ONLY,16.9783,,17.2929,0.3147,,1.8195,,1,,15.66,14.22,warning,3.04,,CAMERA_ONLY
0,93.6306,cam_3,CAM_ONLY,16.8974,,17.2929,0.3955,,2.2871,,1,,12.63,1.91,warning,3.04,,CAMERA_ONLY
0,93.6306,t1598,LIDAR_ONLY,28.0753,28.0753,,,,,,,,12.63,1.91,drive,-29.48,front,LIDAR_ONLY
0,93.7212,cam_3,CAM_ONLY,16.9164,,17.2929,0.3765,,2.1773,,1,,18.61,11.73,warning,3.04,,CAMERA_ONLY
0,93.7904,t1606,BOTH,16.9569,17.4663,17.2929,0.3360,0.1734,1.9431,1.0026,1,1,10.66,2.83,warning,3.04,,FULL_ANGLE
0,93.7904,t1605,LIDAR_ONLY,10.0010,10.0010,,,,,,,,10.66,2.83,cautious,29.06,front,LIDAR_ONLY
0,93.8707,cam_3,CAM_ONLY,17.0150,,17.2929,0.2779,,1.6072,,1,,18.81,3.60,warning,3.04,,CAMERA_ONLY
0,93.9810,cam_3,CAM_ONLY,17.0033,,17.2929,0.2897,,1.6751,,1,,19.92,3.67,warning,3.04,,CAMERA_ONLY
0,93.9810,t1609,LIDAR_ONLY,28.1412,28.1412,,,,,,,,19.92,3.67,drive,-29.49,front,LIDAR_ONLY
0,94.0593,cam_3,CAM_ONLY,17.0472,,17.2929,0.2457,,1.4208,,1,,15.15,7.63,warning,3.04,,CAMERA_ONLY
0,94.1304,cam_3,CAM_ONLY,16.8462,,17.2929,0.4467,,2.5833,,1,,13.06,2.04,warning,3.04,,CAMERA_ONLY
0,94.1304,t1609,LIDAR_ONLY,28.1395,28.1395,,,,,,,,13.06,2.04,drive,-29.44,front,LIDAR_ONLY
0,94.2240,cam_3,CAM_ONLY,16.9545,,17.2929,0.3384,,1.9571,,1,,13.69,9.91,warning,3.04,,CAMERA_ONLY
0,94.2843,t1616,BOTH,16.9341,17.4811,17.2929,0.3589,0.1882,2.0752,1.0882,1,1,11.39,1.25,warning,3.04,,FULL_ANGLE
0,94.2843,t1615,LIDAR_ONLY,13.6653,13.6653,73.9736,60.3083,60.3083,81.5268,81.5268,0,0,11.39,1.25,cautious,22.21,front,LIDAR_ONLY
0,94.2843,t1615,LIDAR_ONLY,13.8922,13.8922,73.9736,60.0815,60.0815,81.2201,81.2201,0,0,11.39,1.25,cautious,18.65,front,LIDAR_ONLY
0,94.3637,cam_3,CAM_ONLY,16.9372,,17.2929,0.3557,,2.0571,,1,,15.75,13.55,warning,3.04,,CAMERA_ONLY
0,94.4529,cam_3,CAM_ONLY,17.1018,,17.2929,0.1911,,1.1052,,1,,21.71,9.08,warning,3.04,,CAMERA_ONLY
0,94.5178,cam_3,CAM_ONLY,17.1647,,17.2929,0.1283,,0.7416,,1,,13.15,5.65,warning,3.04,,CAMERA_ONLY
0,94.5792,cam_3,CAM_ONLY,17.1547,,17.2929,0.1382,,0.7994,,1,,9.91,2.73,warning,3.04,,CAMERA_ONLY
0,94.6393,t1626,BOTH,16.9528,17.4897,17.2929,0.3402,0.1968,1.9672,1.1379,1,1,12.38,3.06,warning,3.04,,FULL_ANGLE
0,94.6393,t1625,LIDAR_ONLY,17.8644,17.8644,73.9736,56.1092,56.1092,75.8503,75.8503,0,0,12.38,3.06,drive,18.63,front,LIDAR_ONLY
0,94.6393,t1625,LIDAR_ONLY,16.9314,16.9314,73.9736,57.0422,57.0422,77.1116,77.1116,0,0,12.38,3.06,drive,20.03,front,LIDAR_ONLY
0,94.6393,t1625,LIDAR_ONLY,16.8512,16.8512,73.9736,57.1224,57.1224,77.2200,77.2200,0,0,12.38,3.06,drive,20.81,front,LIDAR_ONLY
0,94.7023,cam_3,CAM_ONLY,16.9921,,17.2929,0.3008,,1.7396,,1,,10.37,8.42,warning,3.04,,CAMERA_ONLY
0,94.7677,cam_3,CAM_ONLY,16.9978,,17.2929,0.2951,,1.7065,,1,,12.39,3.81,warning,3.04,,CAMERA_ONLY
0,94.8216,cam_3,CAM_ONLY,17.1126,,17.2929,0.1803,,1.0427,,1,,9.24,2.10,warning,3.04,,CAMERA_ONLY
0,94.9037,cam_3,CAM_ONLY,17.1011,,17.2929,0.1918,,1.1093,,1,,21.85,11.44,warning,3.04,,CAMERA_ONLY
0,94.9037,t1630,LIDAR_ONLY,15.4491,15.4491,73.9736,58.5245,58.5245,79.1153,79.1153,0,0,21.85,11.44,drive,20.45,front,LIDAR_ONLY
0,94.9037,t1630,LIDAR_ONLY,15.5893,15.5893,73.9736,58.3843,58.3843,78.9258,78.9258,0,0,21.85,11.44,drive,18.29,front,LIDAR_ONLY
0,94.9745,cam_3,CAM_ONLY,17.0088,,17.2929,0.2841,,1.6429,,1,,14.57,3.28,warning,3.04,,CAMERA_ONLY
0,95.0400,t1633,BOTH,17.1689,17.5004,17.2929,0.1240,0.2074,0.7171,1.1995,1,1,14.04,1.56,warning,3.04,,FULL_ANGLE
0,95.0400,t1631,LIDAR_ONLY,28.0905,28.0905,,,,,,,,14.04,1.56,drive,-29.67,front,LIDAR_ONLY
0,95.0400,t1630,LIDAR_ONLY,15.1698,15.1698,73.9736,58.8038,58.8038,79.4929,79.4929,0,0,14.04,1.56,drive,21.15,front,LIDAR_ONLY
0,95.1170,cam_3,CAM_ONLY,17.1673,,17.2929,0.1256,,0.7265,,1,,13.73,9.12,warning,3.04,,CAMERA_ONLY
0,95.1744,cam_3,CAM_ONLY,17.0846,,17.2929,0.2083,,1.2047,,1,,10.57,3.23,warning,3.04,,CAMERA_ONLY
0,95.2329,t1633,BOTH,17.0932,17.5023,17.2929,0.1998,0.2094,1.1552,1.2109,1,1,11.37,3.23,warning,3.04,,FULL_ANGLE
0,95.2329,t1631,LIDAR_ONLY,28.0989,28.0989,,,,,,,,11.37,3.23,drive,-29.53,front,LIDAR_ONLY
0,95.3232,cam_3,CAM_ONLY,17.1148,,17.2929,0.1781,,1.0300,,1,,15.34,11.17,warning,3.04,,CAMERA_ONLY
0,95.4002,t1633,BOTH,17.1010,17.5287,17.2929,0.1920,0.2358,1.1101,1.3635,1,1,15.33,7.78,warning,3.04,,FULL_ANGLE
0,95.4002,t1639,LIDAR_ONLY,15.3369,15.3369,73.9736,58.6367,58.6367,79.2671,79.2671,0,0,15.33,7.78,drive,20.55,front,LIDAR_ONLY
0,95.4002,t1639,LIDAR_ONLY,15.5349,15.5349,73.9736,58.4387,58.4387,78.9994,78.9994,0,0,15.33,7.78,drive,18.22,front,LIDAR_ONLY
0,95.4002,t1633,LIDAR_ONLY,17.5213,17.5213,17.2929,0.2283,0.2283,1.3202,1.3202,1,1,15.33,7.78,drive,3.30,front,LIDAR_ONLY
0,95.4668,cam_3,CAM_ONLY,16.9620,,17.2929,0.3309,,1.9136,,1,,9.83,5.84,warning,3.04,,CAMERA_ONLY
0,95.5296,cam_3,CAM_ONLY,17.2883,,17.2929,0.0046,,0.0267,,1,,11.81,3.36,warning,3.04,,CAMERA_ONLY
0,95.6068,cam_3,CAM_ONLY,17.2589,,17.2929,0.0341,,0.1970,,1,,13.14,10.69,warning,3.04,,CAMERA_ONLY
0,95.6892,t1646,BOTH,17.1878,17.5256,17.2929,0.1052,0.2326,0.6083,1.3451,1,1,20.62,3.11,warning,3.04,,FULL_ANGLE
0,95.6892,t1645,LIDAR_ONLY,17.1773,17.1773,73.9736,56.7963,56.7963,76.7792,76.7792,0,0,20.62,3.11,drive,19.10,front,LIDAR_ONLY
0,95.6892,t1645,LIDAR_ONLY,16.6633,16.6633,73.9736,57.3103,57.3103,77.4740,77.4740,0,0,20.62,3.11,drive,20.94,front,LIDAR_ONLY
0,95.7588,cam_3,CAM_ONLY,17.0072,,17.2929,0.2857,,1.6521,,1,,12.92,10.27,warning,3.04,,CAMERA_ONLY
0,95.8355,t1646,BOTH,17.0428,17.5647,17.2929,0.2502,0.2717,1.4467,1.5712,1,1,18.79,2.20,warning,3.04,,FULL_ANGLE
0,95.8355,t1648,LIDAR_ONLY,28.1162,28.1162,,,,,,,,18.79,2.20,drive,-29.41,front,LIDAR_ONLY
0,95.8355,t1646,LIDAR_ONLY,17.5599,17.5599,17.2929,0.2670,0.2670,1.5439,1.5439,1,1,18.79,2.20,drive,2.81,front,LIDAR_ONLY
0,95.9166,cam_3,CAM_ONLY,17.1863,,17.2929,0.1066,,0.6167,,1,,18.18,8.57,warning,3.04,,CAMERA_ONLY
0,95.9914,t1646,BOTH,16.9923,17.5644,17.2929,0.3006,0.2714,1.7383,1.5697,1,1,14.87,3.97,warning,3.04,,FULL_ANGLE
0,95.9914,t1652,LIDAR_ONLY,18.2345,18.2345,73.9736,55.7391,55.7391,75.3500,75.3500,0,0,14.87,3.97,drive,18.39,front,LIDAR_ONLY
0,96.0673,cam_3,CAM_ONLY,17.0055,,17.2929,0.2874,,1.6620,,1,,15.35,14.95,warning,3.04,,CAMERA_ONLY
0,96.1479,t1646,BOTH,16.9747,17.5507,17.2929,0.3183,0.2577,1.8404,1.4904,1,1,20.47,6.72,warning,3.04,,FULL_ANGLE
0,96.1479,t1652,LIDAR_ONLY,18.2442,18.2442,73.9736,55.7294,55.7294,75.3369,75.3369,0,0,20.47,6.72,drive,18.36,front,LIDAR_ONLY
0,96.2221,cam_3,CAM_ONLY,16.9066,,17.2929,0.3863,,2.2341,,1,,12.09,9.20,warning,3.04,,CAMERA_ONLY
0,96.3058,cam_3,CAM_ONLY,16.9098,,17.2929,0.3831,,2.2155,,1,,18.04,10.15,warning,3.04,,CAMERA_ONLY
0,96.3738,cam_3,CAM_ONLY,17.0687,,17.2929,0.2242,,1.2967,,1,,14.43,3.31,warning,3.04,,CAMERA_ONLY
0,96.4638,cam_3,CAM_ONLY,17.0799,,17.2929,0.2130,,1.2318,,1,,17.35,3.00,warning,3.04,,CAMERA_ONLY
0,96.5232,cam_3,CAM_ONLY,17.1098,,17.2929,0.1832,,1.0593,,1,,10.12,2.75,warning,3.04,,CAMERA_ONLY
0,96.5864,t1662,BOTH,17.0971,17.5787,17.2929,0.1959,0.2857,1.1326,1.6522,1,1,12.93,1.66,warning,3.04,,FULL_ANGLE
0,96.5864,t1659,LIDAR_ONLY,28.1273,28.1273,,,,,,,,12.93,1.66,drive,-29.39,front,LIDAR_ONLY
0,96.5864,t1660,LIDAR_ONLY,11.3756,11.3756,73.9736,62.5980,62.5980,84.6221,84.6221,0,0,12.93,1.66,cautious,25.62,front,LIDAR_ONLY
0,96.5864,t1660,LIDAR_ONLY,11.4792,11.4792,73.9736,62.4944,62.4944,84.4821,84.4821,0,0,12.93,1.66,cautious,18.45,front,LIDAR_ONLY
0,96.5864,t1660,LIDAR_ONLY,11.6983,11.6983,73.9736,62.2754,62.2754,84.1859,84.1859,0,0,12.93,1.66,cautious,19.72,front,LIDAR_ONLY
0,96.6684,cam_3,CAM_ONLY,16.9275,,17.2929,0.3655,,2.1136,,1,,19.95,9.40,warning,3.04,,CAMERA_ONLY
0,96.7556,cam_3,CAM_ONLY,17.0734,,17.2929,0.2195,,1.2693,,1,,16.91,10.59,warning,3.04,,CAMERA_ONLY
0,96.8399,t1662,BOTH,16.9308,17.5361,17.2929,0.3622,0.2432,2.0944,1.4062,1,1,18.85,4.57,warning,3.04,,FULL_ANGLE
0,96.9081,cam_3,CAM_ONLY,16.9688,,17.2929,0.3242,,1.8746,,1,,15.51,8.90,warning,3.04,,CAMERA_ONLY
0,96.9800,cam_3,CAM_ONLY,16.9013,,17.2929,0.3917,,2.2648,,1,,19.01,1.74,warning,3.04,,CAMERA_ONLY
0,97.0472,cam_3,CAM_ONLY,16.8694,,17.2929,0.4236,,2.4495,,1,,10.48,5.32,warning,3.04,,CAMERA_ONLY
0,97.0472,t1669,LIDAR_ONLY,17.6299,17.6299,73.9736,56.3437,56.3437,76.1673,76.1673,0,0,10.48,5.32,drive,18.78,front,LIDAR_ONLY
0,97.1187,cam_3,CAM_ONLY,16.9015,,17.2929,0.3915,,2.2637,,1,,13.48,8.32,warning,3.04,,CAMERA_ONLY
0,97.2092,cam_3,CAM_ONLY,16.8695,,17.2929,0.4234,,2.4485,,1,,15.87,12.70,warning,3.04,,CAMERA_ONLY
0,97.2783,cam_3,CAM_ONLY,16.8646,,17.2929,0.4283,,2.4769,,1,,22.30,4.31,warning,3.04,,CAMERA_ONLY
0,97.3506,cam_3,CAM_ONLY,17.1027,,17.2929,0.1902,,1.1002,,1,,13.03,8.11,warning,3.04,,CAMERA_ONLY
0,97.4160,cam_3,CAM_ONLY,17.1283,,17.2929,0.1647,,0.9523,,1,,11.75,7.00,warning,3.04,,CAMERA_ONLY
0,97.4742,cam_3,CAM_ONLY,16.9099,,17.2929,0.3831,,2.2151,,1,,9.33,2.94,warning,3.04,,CAMERA_ONLY
0,97.5430,cam_3,CAM_ONLY,16.9575,,17.2929,0.3354,,1.9396,,1,,16.29,5.07,warning,3.04,,CAMERA_ONLY
0,97.5430,t1677,LIDAR_ONLY,16.4313,16.4313,73.9736,57.5424,57.5424,77.7877,77.7877,0,0,16.29,5.07,drive,19.65,front,LIDAR_ONLY
0,97.6235,cam_3,CAM_ONLY,16.9981,,17.2929,0.2948,,1.7049,,1,,17.32,3.31,warning,3.04,,CAMERA_ONLY
0,97.7038,cam_3,CAM_ONLY,17.0678,,17.2929,0.2252,,1.3021,,1,,9.57,8.31,warning,3.04,,CAMERA_ONLY
0,97.7696,cam_3,CAM_ONLY,16.9636,,17.2929,0.3293,,1.9044,,1,,11.15,2.98,warning,3.04,,CAMERA_ONLY
0,97.8353,t1682,BOTH,17.0017,17.5492,17.2929,0.2913,0.2563,1.6843,1.4819,1,1,12.43,1.39,warning,3.04,,FULL_ANGLE
0,97.8353,t1680,LIDAR_ONLY,28.1254,28.1254,,,,,,,,12.43,1.39,drive,-29.45,front,LIDAR_ONLY
0,97.8353,t1681,LIDAR_ONLY,12.2830,12.2830,73.9736,61.6906,61.6906,83.3955,83.3955,0,0,12.43,1.39,cautious,24.08,front,LIDAR_ONLY
0,97.8353,t1681,LIDAR_ONLY,12.3613,12.3613,73.9736,61.6123,61.6123,83.2896,83.2896,0,0,12.43,1.39,cautious,18.97,front,LIDAR_ONLY
0,97.9081,cam_3,CAM_ONLY,16.9135,,17.2929,0.3795,,2.1943,,1,,11.67,11.79,warning,3.04,,CAMERA_ONLY
0,98.0122,cam_3,CAM_ONLY,17.1126,,17.2929,0.1804,,1.0432,,1,,14.57,7.23,warning,3.04,,CAMERA_ONLY
0,98.0767,cam_3,CAM_ONLY,17.1249,,17.2929,0.1680,,0.9716,,1,,13.55,2.69,warning,3.04,,CAMERA_ONLY
0,98.1370,t1689,BOTH,17.0509,17.4900,17.2929,0.2420,0.1971,1.3996,1.1395,1,1,13.63,1.81,warning,3.04,,FULL_ANGLE
0,98.1370,t1687,LIDAR_ONLY,28.1976,28.1976,,,,,,,,13.63,1.81,drive,-29.74,front,LIDAR_ONLY
0,98.1370,t1688,LIDAR_ONLY,11.1277,11.1277,,,,,,,,13.63,1.81,cautious,26.32,front,LIDAR_ONLY
0,98.2072,cam_3,CAM_ONLY,17.0414,,17.2929,0.2516,,1.4547,,1,,12.59,10.06,warning,3.04,,CAMERA_ONLY
0,98.2852,t1689,BOTH,17.1114,17.4902,17.2929,0.1815,0.1972,1.0498,1.1406,1,1,19.30,1.75,warning,3.04,,FULL_ANGLE
0,98.2852,t1687,LIDAR_ONLY,28.1667,28.1667,,,,,,,,19.30,1.75,drive,-29.42,front,LIDAR_ONLY
0,98.3526,cam_3,CAM_ONLY,17.0958,,17.2929,0.1972,,1.1401,,1,,10.34,9.26,warning,3.04,,CAMERA_ONLY
0,98.3526,t1688,LIDAR_ONLY,11.1745,11.1745,73.9736,62.7991,62.7991,84.8939,84.8939,0,0,10.34,9.26,cautious,19.33,front,LIDAR_ONLY
0,98.3526,t1688,LIDAR_ONLY,11.2381,11.2381,73.9736,62.7355,62.7355,84.8079,84.8079,0,0,10.34,9.26,cautious,19.92,front,LIDAR_ONLY
0,98.3526,t1688,LIDAR_ONLY,11.2861,11.2861,73.9736,62.6875,62.6875,84.7430,84.7430,0,0,10.34,9.26,cautious,20.21,front,LIDAR_ONLY
0,98.4167,cam_3,CAM_ONLY,17.0802,,17.2929,0.2127,,1.2300,,1,,13.56,2.95,warning,3.04,,CAMERA_ONLY
0,98.4756,cam_3,CAM_ONLY,16.9774,,17.2929,0.3155,,1.8244,,1,,9.25,2.62,warning,3.04,,CAMERA_ONLY
0,98.5339,t1698,BOTH,16.9775,17.5001,17.2929,0.3155,0.2072,1.8244,1.1981,1,1,12.94,1.43,warning,3.04,,FULL_ANGLE
0,98.5339,t1696,LIDAR_ONLY,28.0729,28.0729,,,,,,,,12.94,1.43,drive,-29.47,front,LIDAR_ONLY
0,98.5339,t1688,LIDAR_ONLY,11.3808,11.3808,73.9736,62.5928,62.5928,84.6150,84.6150,0,0,12.94,1.43,cautious,20.94,front,LIDAR_ONLY
0,98.5339,t1688,LIDAR_ONLY,12.8768,12.8768,73.9736,61.0969,61.0969,82.5928,82.5928,0,0,12.94,1.43,cautious,18.32,front,LIDAR_ONLY
0,98.5339,t1688,LIDAR_ONLY,13.9361,13.9361,73.9736,60.0375,60.0375,81.1607,81.1607,0,0,12.94,1.43,cautious,19.36,front,LIDAR_ONLY
0,98.5910,t1698,BOTH,16.8527,17.4873,17.2929,0.4403,0.1944,2.5460,1.1239,1,1,9.39,2.79,warning,3.04,,FULL_ANGLE
0,98.5910,t1688,LIDAR_ONLY,14.5357,14.5357,73.9736,59.4379,59.4379,80.3501,80.3501,0,0,9.39,2.79,cautious,20.58,front,LIDAR_ONLY
0,98.5910,t1688,LIDAR_ONLY,15.0763,15.0763,73.9736,58.8973,58.8973,79.6194,79.6194,0,0,9.39,2.79,cautious,18.50,front,LIDAR_ONLY
0,98.6617,cam_3,CAM_ONLY,16.9624,,17.2929,0.3306,,1.9117,,1,,12.91,8.12,warning,3.04,,CAMERA_ONLY
0,98.7192,cam_3,CAM_ONLY,17.0252,,17.2929,0.2677,,1.5480,,1,,9.19,2.02,warning,3.04,,CAMERA_ONLY
0,98.7796,cam_3,CAM_ONLY,17.0486,,17.2929,0.2443,,1.4128,,1,,13.29,2.59,warning,3.04,,CAMERA_ONLY
0,98.7796,t1703,LIDAR_ONLY,28.0609,28.0609,,,,,,,,13.29,2.59,drive,-29.67,front,LIDAR_ONLY
0,98.8546,cam_3,CAM_ONLY,17.1562,,17.2929,0.1368,,0.7910,,1,,12.98,11.40,warning,3.04,,CAMERA_ONLY
0,98.9178,cam_3,CAM_ONLY,17.1164,,17.2929,0.1765,,1.0208,,1,,12.35,4.56,warning,3.04,,CAMERA_ONLY
0,98.9803,cam_3,CAM_ONLY,17.0961,,17.2929,0.1968,,1.1383,,1,,9.42,1.87,warning,3.04,,CAMERA_ONLY
0,98.9803,t1703,LIDAR_ONLY,28.0792,28.0792,,,,,,,,9.42,1.87,drive,-29.38,front,LIDAR_ONLY
0,99.0703,cam_3,CAM_ONLY,17.1577,,17.2929,0.1352,,0.7820,,1,,19.13,10.50,warning,3.04,,CAMERA_ONLY
0,99.1525,cam_3,CAM_ONLY,16.9458,,17.2929,0.3472,,2.0076,,1,,17.92,9.99,warning,3.04,,CAMERA_ONLY
0,99.2322,cam_3,CAM_ONLY,17.1451,,17.2929,0.1478,,0.8549,,1,,16.73,3.13,warning,3.04,,CAMERA_ONLY
0,99.3043,cam_3,CAM_ONLY,16.8956,,17.2929,0.3973,,2.2975,,1,,15.36,7.13,warning,3.04,,CAMERA_ONLY
0,99.3043,t1713,LIDAR_ONLY,17.9838,17.9838,73.9736,55.9899,55.9899,75.6890,75.6890,0,0,15.36,7.13,drive,18.55,front,LIDAR_ONLY
0,99.3043,t1713,LIDAR_ONLY,16.8695,16.8695,73.9736,57.1041,57.1041,77.1952,77.1952,0,0,15.36,7.13,drive,20.15,front,LIDAR_ONLY
0,99.3742,cam_3,CAM_ONLY,16.8642,,17.2929,0.4288,,2.4796,,1,,13.47,2.03,warning,3.04,,CAMERA_ONLY
0,99.3742,t1714,LIDAR_ONLY,28.1063,28.1063,,,,,,,,13.47,2.03,drive,-29.46,front,LIDAR_ONLY
0,99.4329,cam_3,CAM_ONLY,16.8957,,17.2929,0.3973,,2.2974,,1,,9.18,1.38,warning,3.04,,CAMERA_ONLY
0,99.4329,t1714,LIDAR_ONLY,28.1121,28.1121,,,,,,,,9.18,1.38,drive,-29.43,front,LIDAR_ONLY
0,99.5196,cam_3,CAM_ONLY,16.9542,,17.2929,0.3387,,1.9586,,1,,12.29,11.12,warning,3.04,,CAMERA_ONLY
0,99.5822,t1718,BOTH,16.9063,17.4602,17.2929,0.3867,0.1673,2.2361,0.9673,1,1,10.76,1.29,warning,3.04,,FULL_ANGLE
0,99.5822,t1714,LIDAR_ONLY,28.1209,28.1209,,,,,,,,10.76,1.29,drive,-29.49,front,LIDAR_ONLY
0,99.5822,t1717,LIDAR_ONLY,18.2883,18.2883,73.9736,55.6853,55.6853,75.2773,75.2773,0,0,10.76,1.29,drive,18.36,front,LIDAR_ONLY
0,99.6481,cam_3,CAM_ONLY,17.0773,,17.2929,0.2156,,1.2468,,1,,12.21,6.93,warning,3.04,,CAMERA_ONLY
0,99.6481,t1717,LIDAR_ONLY,17.8391,17.8391,73.9736,56.1345,56.1345,75.8846,75.8846,0,0,12.21,6.93,drive,18.78,front,LIDAR_ONLY
0,99.6481,t1717,LIDAR_ONLY,16.8611,16.8611,73.9736,57.1125,57.1125,77.2065,77.2065,0,0,12.21,6.93,drive,20.45,front,LIDAR_ONLY
0,99.7227,cam_3,CAM_ONLY,17.0585,,17.2929,0.2344,,1.3555,,1,,13.36,3.18,warning,3.04,,CAMERA_ONLY
0,99.8032,cam_3,CAM_ONLY,16.9312,,17.2929,0.3618,,2.0922,,1,,15.23,8.54,warning,3.04,,CAMERA_ONLY
0,99.8795,cam_3,CAM_ONLY,16.8854,,17.2929,0.4075,,2.3567,,1,,21.40,5.33,warning,3.04,,CAMERA_ONLY
0,99.9661,cam_3,CAM_ONLY,16.9974,,17.2929,0.2955,,1.7089,,1,,18.47,8.05,warning,3.04,,CAMERA_ONLY
0,100.0310,cam_3,CAM_ONLY,17.0338,,17.2929,0.2591,,1.4984,,1,,10.18,2.06,warning,3.04,,CAMERA_ONLY
0,100.0901,t1728,BOTH,17.1312,17.5532,17.2929,0.1617,0.2603,0.9351,1.5052,1,1,9.56,2.14,warning,3.04,,FULL_ANGLE
0,100.0901,t1727,LIDAR_ONLY,17.1889,17.1889,73.9736,56.7847,56.7847,76.7635,76.7635,0,0,9.56,2.14,drive,19.09,front,LIDAR_ONLY
0,100.1548,cam_3,CAM_ONLY,16.9285,,17.2929,0.3645,,2.1077,,1,,10.51,8.71,warning,3.04,,CAMERA_ONLY
0,100.2170,cam_3,CAM_ONLY,16.8649,,17.2929,0.4281,,2.4755,,1,,13.23,2.59,warning,3.04,,CAMERA_ONLY
0,100.2818,cam_3,CAM_ONLY,16.8598,,17.2929,0.4331,,2.5047,,1,,13.82,3.18,warning,3.04,,CAMERA_ONLY
0,100.3467,t1736,BOTH,17.0042,17.4568,17.2929,0.2887,0.1639,1.6697,0.9476,1,1,15.94,5.87,warning,3.04,,FULL_ANGLE
0,100.3467,t1735,LIDAR_ONLY,17.5966,17.5966,73.9736,56.3770,56.3770,76.2123,76.2123,0,0,15.94,5.87,drive,18.81,front,LIDAR_ONLY
0,100.3467,t1735,LIDAR_ONLY,17.6978,17.6978,73.9736,56.2758,56.2758,76.0755,76.0755,0,0,15.94,5.87,drive,18.23,front,LIDAR_ONLY
0,100.4682,cam_3,CAM_ONLY,17.0150,,17.2929,0.2780,,1.6075,,1,,14.33,7.58,warning,3.04,,CAMERA_ONLY
0,100.5300,cam_3,CAM_ONLY,17.1306,,17.2929,0.1623,,0.9386,,1,,12.95,1.81,warning,3.04,,CAMERA_ONLY
0,100.5300,t1739,LIDAR_ONLY,28.1065,28.1065,,,,,,,,12.95,1.81,drive,-29.50,front,LIDAR_ONLY
0,100.6089,cam_3,CAM_ONLY,17.0612,,17.2929,0.2318,,1.3403,,1,,17.17,10.26,warning,3.04,,CAMERA_ONLY
0,100.6813,cam_3,CAM_ONLY,16.9779,,17.2929,0.3150,,1.8218,,1,,13.24,1.63,warning,3.04,,CAMERA_ONLY
0,100.6813,t1739,LIDAR_ONLY,28.1190,28.1190,,,,,,,,13.24,1.63,drive,-29.47,front,LIDAR_ONLY
0,100.7599,cam_3,CAM_ONLY,16.9964,,17.2929,0.2966,,1.7151,,1,,12.50,13.56,warning,3.04,,CAMERA_ONLY
0,100.8317,cam_3,CAM_ONLY,16.9082,,17.2929,0.3848,,2.2250,,1,,15.75,4.89,warning,3.04,,CAMERA_ONLY
0,100.9085,cam_3,CAM_ONLY,16.9855,,17.2929,0.3075,,1.7780,,1,,16.03,12.07,warning,3.04,,CAMERA_ONLY
0,100.9779,cam_3,CAM_ONLY,16.8586,,17.2929,0.4344,,2.5119,,1,,16.70,3.51,warning,3.04,,CAMERA_ONLY
0,101.0656,cam_3,CAM_ONLY,16.8573,,17.2929,0.4356,,2.5190,,1,,17.82,15.24,warning,3.04,,CAMERA_ONLY
0,101.1347,t1747,BOTH,17.1184,17.4878,17.2929,0.1745,0.1948,1.0093,1.1267,1,1,17.98,2.15,warning,3.04,,FULL_ANGLE
0,101.1347,t1746,LIDAR_ONLY,28.2600,28.2600,,,,,,,,17.98,2.15,drive,-29.27,front,LIDAR_ONLY
0,101.2088,cam_3,CAM_ONLY,16.9295,,17.2929,0.3634,,2.1014,,1,,12.86,10.50,warning,3.04,,CAMERA_ONLY
0,101.2784,cam_3,CAM_ONLY,17.0990,,17.2929,0.1940,,1.1217,,1,,15.72,3.58,warning,3.04,,CAMERA_ONLY
0,101.3627,cam_3,CAM_ONLY,16.9293,,17.2929,0.3636,,2.1026,,1,,12.90,11.16,warning,3.04,,CAMERA_ONLY
0,101.4394,cam_3,CAM_ONLY,16.9580,,17.2929,0.3350,,1.9372,,1,,22.04,3.49,warning,3.04,,CAMERA_ONLY
0,101.5101,cam_3,CAM_ONLY,17.0602,,17.2929,0.2327,,1.3457,,1,,10.41,9.11,warning,3.04,,CAMERA_ONLY
0,101.5806,t1755,BOTH,17.1229,17.5161,17.2929,0.1700,0.2232,0.9833,1.2907,1,1,14.62,1.11,warning,3.04,,FULL_ANGLE
0,101.5806,t1754,LIDAR_ONLY,28.1533,28.1533,,,,,,,,14.62,1.11,drive,-29.54,front,LIDAR_ONLY
0,101.6607,cam_3,CAM_ONLY,17.2114,,17.2929,0.0816,,0.4716,,1,,15.71,13.35,warning,3.04,,CAMERA_ONLY
0,101.7257,cam_3,CAM_ONLY,17.2091,,17.2929,0.0838,,0.4847,,1,,14.74,3.20,warning,3.04,,CAMERA_ONLY
0,101.7875,t1755,BOTH,17.2231,17.5027,17.2929,0.0699,0.2098,0.4040,1.2131,1,1,13.40,1.88,warning,3.04,,FULL_ANGLE
0,101.7875,t1758,LIDAR_ONLY,10.3907,10.3907,73.9736,63.5829,63.5829,85.9535,85.9535,0,0,13.40,1.88,cautious,28.01,front,LIDAR_ONLY
0,101.7875,t1758,LIDAR_ONLY,10.4647,10.4647,73.9736,63.5089,63.5089,85.8534,85.8534,0,0,13.40,1.88,cautious,18.86,front,LIDAR_ONLY
0,101.8567,cam_3,CAM_ONLY,17.0206,,17.2929,0.2724,,1.5750,,1,,12.61,9.99,warning,3.04,,CAMERA_ONLY
0,101.9245,cam_3,CAM_ONLY,17.0965,,17.2929,0.1965,,1.1361,,1,,12.32,3.29,warning,3.04,,CAMERA_ONLY
0,102.0119,cam_3,CAM_ONLY,17.0473,,17.2929,0.2456,,1.4203,,1,,18.77,13.15,warning,3.04,,CAMERA_ONLY
0,102.0871,t1764,BOTH,16.9816,17.4695,17.2929,0.3114,0.1765,1.8005,1.0208,1,1,15.65,2.33,warning,3.04,,FULL_ANGLE
0,102.0871,t1762,LIDAR_ONLY,28.1826,28.1826,,,,,,,,15.65,2.33,drive,-29.36,front,LIDAR_ONLY
0,102.0871,t1763,LIDAR_ONLY,13.3843,13.3843,73.9736,60.5893,60.5893,81.9066,81.9066,0,0,15.65,2.33,cautious,22.53,front,LIDAR_ONLY
0,102.0871,t1763,LIDAR_ONLY,13.8277,13.8277,73.9736,60.1459,60.1459,81.3072,81.3072,0,0,15.65,2.33,cautious,19.92,front,LIDAR_ONLY
0,102.1633,cam_3,CAM_ONLY,16.9814,,17.2929,0.3115,,1.8013,,1,,14.04,7.14,warning,3.04,,CAMERA_ONLY
0,102.2293,cam_3,CAM_ONLY,16.9128,,17.2929,0.3802,,2.1986,,1,,16.13,1.93,warning,3.04,,CAMERA_ONLY
0,102.2293,t1762,LIDAR_ONLY,28.1512,28.1512,,,,,,,,16.13,1.93,drive,-29.51,front,LIDAR_ONLY
0,102.3081,cam_3,CAM_ONLY,16.8634,,17.2929,0.4296,,2.4841,,1,,11.76,9.50,warning,3.04,,CAMERA_ONLY
0,102.3689,cam_3,CAM_ONLY,16.8377,,17.2929,0.4552,,2.6325,,1,,11.00,2.65,warning,3.04,,CAMERA_ONLY
0,102.4383,cam_3,CAM_ONLY,16.8977,,17.2929,0.3952,,2.2856,,1,,16.03,3.18,warning,3.04,,CAMERA_ONLY
0,102.4383,t1762,LIDAR_ONLY,28.1344,28.1344,,,,,,,,16.03,3.18,drive,-29.46,front,LIDAR_ONLY
0,102.5124,cam_3,CAM_ONLY,16.8333,,17.2929,0.4597,,2.6583,,1,,11.61,7.68,warning,3.04,,CAMERA_ONLY
0,102.5768,cam_3,CAM_ONLY,16.9661,,17.2929,0.3268,,1.8900,,1,,12.67,3.38,warning,3.04,,CAMERA_ONLY
0,102.6592,cam_3,CAM_ONLY,16.8893,,17.2929,0.4036,,2.3341,,1,,12.43,13.85,warning,3.04,,CAMERA_ONLY
0,102.7270,cam_3,CAM_ONLY,16.8688,,17.2929,0.4242,,2.4529,,1,,12.73,3.16,warning,3.04,,CAMERA_ONLY
0,102.7818,cam_3,CAM_ONLY,16.9202,,17.2929,0.3728,,2.1556,,1,,9.21,2.05,warning,3.04,,CAMERA_ONLY
0,102.7818,t1777,LIDAR_ONLY,28.0650,28.0650,,,,,,,,9.21,2.05,drive,-29.51,front,LIDAR_ONLY
0,102.8601,cam_3,CAM_ONLY,17.1165,,17.2929,0.1765,,1.0204,,1,,22.59,11.79,warning,3.04,,CAMERA_ONLY
0,102.9259,cam_3,CAM_ONLY,16.8848,,17.2929,0.4082,,2.3603,,1,,11.86,3.05,warning,3.04,,CAMERA_ONLY
0,103.0066,t1782,BOTH,16.9818,17.5285,17.2929,0.3112,0.2355,1.7995,1.3620,1,1,17.97,10.21,warning,3.04,,FULL_ANGLE
0,103.0066,t1781,LIDAR_ONLY,17.8960,17.8960,73.9736,56.0776,56.0776,75.8076,75.8076,0,0,17.97,10.21,drive,18.61,front,LIDAR_ONLY
0,103.0066,t1781,LIDAR_ONLY,17.0738,17.0738,73.9736,56.8998,56.8998,76.9190,76.9190,0,0,17.97,10.21,drive,19.86,front,LIDAR_ONLY
0,103.0819,cam_3,CAM_ONLY,16.8979,,17.2929,0.3951,,2.2847,,1,,13.00,2.96,warning,3.04,,CAMERA_ONLY
0,103.0819,t1783,LIDAR_ONLY,28.0990,28.0990,,,,,,,,13.00,2.96,drive,-29.53,front,LIDAR_ONLY
0,103.1443,t1782,BOTH,16.9620,17.5064,17.2929,0.3310,0.2135,1.9140,1.2346,1,1,14.14,4.82,warning,3.04,,FULL_ANGLE
0,103.1443,t1781,LIDAR_ONLY,17.0896,17.0896,73.9736,56.8841,56.8841,76.8978,76.8978,0,0,14.14,4.82,drive,19.05,front,LIDAR_ONLY
0,103.2318,cam_3,CAM_ONLY,16.9364,,17.2929,0.3566,,2.0620,,1,,17.92,13.79,warning,3.04,,CAMERA_ONLY
0,103.3015,cam_3,CAM_ONLY,16.8171,,17.2929,0.4758,,2.7514,,1,,12.01,6.64,warning,3.04,,CAMERA_ONLY
0,103.3655,cam_3,CAM_ONLY,16.8558,,17.2929,0.4372,,2.5280,,1,,12.76,3.91,warning,3.04,,CAMERA_ONLY
0,103.4282,cam_3,CAM_ONLY,16.9028,,17.2929,0.3902,,2.2562,,1,,13.39,1.85,warning,3.04,,CAMERA_ONLY
0,103.4282,t1789,LIDAR_ONLY,28.1917,28.1917,,,,,,,,13.39,1.85,drive,-29.37,front,LIDAR_ONLY
0,103.5003,t1793,BOTH,16.9997,17.4615,17.2929,0.2933,0.1686,1.6960,0.9748,1,1,15.77,7.78,warning,3.04,,FULL_ANGLE
0,103.5003,t1792,LIDAR_ONLY,16.8584,16.8584,73.9736,57.1152,57.1152,77.2102,77.2102,0,0,15.77,7.78,drive,19.33,front,LIDAR_ONLY
0,103.5709,cam_3,CAM_ONLY,17.0435,,17.2929,0.2495,,1.4425,,1,,14.03,8.24,warning,3.04,,CAMERA_ONLY
0,103.6313,t1793,BOTH,17.0933,17.4721,17.2929,0.1996,0.1792,1.1544,1.0362,1,1,12.62,1.23,warning,3.04,,FULL_ANGLE
0,103.6313,t1789,LIDAR_ONLY,28.1711,28.1711,,,,,,,,12.62,1.23,drive,-29.40,front,LIDAR_ONLY
0,103.7045,cam_3,CAM_ONLY,17.1222,,17.2929,0.1707,,0.9872,,1,,15.45,8.52,warning,3.04,,CAMERA_ONLY
0,103.7854,cam_3,CAM_ONLY,17.0509,,17.2929,0.2421,,1.3998,,1,,24.21,6.27,warning,3.04,,CAMERA_ONLY
0,103.8577,cam_3,CAM_ONLY,16.9007,,17.2929,0.3923,,2.2683,,1,,11.31,10.81,warning,3.04,,CAMERA_ONLY
0,103.9278,cam_3,CAM_ONLY,16.9042,,17.2929,0.3888,,2.2482,,1,,15.73,2.63,warning,3.04,,CAMERA_ONLY
0,103.9278,t1799,LIDAR_ONLY,28.1469,28.1469,,,,,,,,15.73,2.63,drive,-29.44,front,LIDAR_ONLY
0,103.9871,t1803,BOTH,16.8767,17.5119,17.2929,0.4162,0.2189,2.4069,1.2661,1,1,13.01,1.94,warning,3.04,,FULL_ANGLE
0,103.9871,t1801,LIDAR_ONLY,10.0376,10.0376,,,,,,,,13.01,1.94,cautious,28.94,front,LIDAR_ONLY
0,103.9871,t1802,LIDAR_ONLY,17.5821,17.5821,73.9736,56.3915,56.3915,76.2319,76.2319,0,0,13.01,1.94,drive,18.82,front,LIDAR_ONLY
0,103.9871,t1803,LIDAR_ONLY,17.5146,17.5146,17.2929,0.2217,0.2217,1.2819,1.2819,1,1,13.01,1.94,drive,4.77,front,LIDAR_ONLY
0,104.0598,cam_3,CAM_ONLY,16.9456,,17.2929,0.3473,,2.0085,,1,,11.88,9.58,warning,3.04,,CAMERA_ONLY
0,104.1210,cam_3,CAM_ONLY,16.8375,,17.2929,0.4555,,2.6339,,1,,13.16,2.11,warning,3.04,,CAMERA_ONLY
0,104.1998,cam_3,CAM_ONLY,16.9340,,17.2929,0.3590,,2.0758,,1,,16.49,8.14,warning,3.04,,CAMERA_ONLY
0,104.1998,t1802,LIDAR_ONLY,17.6011,17.6011,73.9736,56.3725,56.3725,76.2063,76.2063,0,0,16.49,8.14,drive,18.73,front,LIDAR_ONLY
0,104.2644,cam_3,CAM_ONLY,16.9104,,17.2929,0.3825,,2.2120,,1,,9.43,5.29,warning,3.04,,CAMERA_ONLY
0,104.3299,cam_3,CAM_ONLY,16.8823,,17.2929,0.4106,,2.3746,,1,,12.69,1.91,warning,3.04,,CAMERA_ONLY
0,104.3299,t1810,LIDAR_ONLY,28.0782,28.0782,,,,,,,,12.69,1.91,drive,-29.60,front,LIDAR_ONLY
0,104.3858,t1813,BOTH,17.0133,17.5164,17.2929,0.2796,0.2235,1.6169,1.2923,1,1,10.03,1.09,warning,3.04,,FULL_ANGLE
0,104.3858,t1802,LIDAR_ONLY,17.6524,17.6524,73.9736,56.3212,56.3212,76.1369,76.1369,0,0,10.03,1.09,drive,18.29,front,LIDAR_ONLY
0,104.3858,t1802,LIDAR_ONLY,17.5732,17.5732,73.9736,56.4004,56.4004,76.2440,76.2440,0,0,10.03,1.09,drive,19.35,front,LIDAR_ONLY
0,104.4544,cam_3,CAM_ONLY,16.9994,,17.2929,0.2935,,1.6974,,1,,13.00,10.81,warning,3.04,,CAMERA_ONLY
0,104.5186,cam_3,CAM_ONLY,17.0762,,17.2929,0.2168,,1.2535,,1,,13.40,3.95,warning,3.04,,CAMERA_ONLY
0,104.5843,cam_3,CAM_ONLY,16.9354,,17.2929,0.3576,,2.0676,,1,,18.86,2.31,warning,3.04,,CAMERA_ONLY
0,104.5843,t1818,LIDAR_ONLY,28.0874,28.0874,,,,,,,,18.86,2.31,drive,-29.54,front,LIDAR_ONLY
0,104.6674,cam_3,CAM_ONLY,17.0115,,17.2929,0.2815,,1.6277,,1,,22.44,9.19,warning,3.04,,CAMERA_ONLY
0,104.7399,t1823,BOTH,17.0469,17.5526,17.2929,0.2461,0.2597,1.4229,1.5015,1,1,13.22,2.49,warning,3.04,,FULL_ANGLE
0,104.7399,t1822,LIDAR_ONLY,15.1288,15.1288,73.9736,58.8448,58.8448,79.5483,79.5483,0,0,13.22,2.49,drive,20.74,front,LIDAR_ONLY
0,104.7399,t1822,LIDAR_ONLY,15.3552,15.3552,73.9736,58.6184,58.6184,79.2423,79.2423,0,0,13.22,2.49,drive,18.94,front,LIDAR_ONLY
0,104.7399,t1822,LIDAR_ONLY,15.5232,15.5232,73.9736,58.4504,58.4504,79.0152,79.0152,0,0,13.22,2.49,drive,19.63,front,LIDAR_ONLY
0,104.8186,cam_3,CAM_ONLY,16.9716,,17.2929,0.3214,,1.8584,,1,,14.69,6.81,warning,3.04,,CAMERA_ONLY
0,104.8822,t1823,BOTH,16.8731,17.5384,17.2929,0.4198,0.2455,2.4278,1.4194,1,1,12.67,1.46,warning,3.04,,FULL_ANGLE
0,104.8822,t1824,LIDAR_ONLY,28.1283,28.1283,,,,,,,,12.67,1.46,drive,-29.45,front,LIDAR_ONLY
0,104.9590,cam_3,CAM_ONLY,17.0005,,17.2929,0.2925,,1.6914,,1,,19.01,7.76,warning,3.04,,CAMERA_ONLY
0,105.0232,cam_3,CAM_ONLY,17.0103,,17.2929,0.2826,,1.6343,,1,,9.56,2.24,warning,3.04,,CAMERA_ONLY
0,105.0232,t1824,LIDAR_ONLY,28.0857,28.0857,,,,,,,,9.56,2.24,drive,-29.60,front,LIDAR_ONLY
0,105.1087,cam_3,CAM_ONLY,16.9579,,17.2929,0.3351,,1.9375,,1,,12.85,11.95,warning,3.04,,CAMERA_ONLY
0,105.1685,cam_3,CAM_ONLY,16.8241,,17.2929,0.4688,,2.7112,,1,,11.31,4.27,warning,3.04,,CAMERA_ONLY
0,105.2247,cam_3,CAM_ONLY,17.1146,,17.2929,0.1783,,1.0311,,1,,9.44,2.73,warning,3.04,,CAMERA_ONLY
0,105.2861,cam_3,CAM_ONLY,17.1355,,17.2929,0.1575,,0.9106,,1,,9.12,2.32,warning,3.04,,CAMERA_ONLY
0,105.2861,t1831,LIDAR_ONLY,28.0516,28.0516,,,,,,,,9.12,2.32,drive,-29.55,front,LIDAR_ONLY
0,105.3595,cam_3,CAM_ONLY,17.0718,,17.2929,0.2212,,1.2789,,1,,10.59,9.08,warning,3.04,,CAMERA_ONLY
0,105.4490,cam_3,CAM_ONLY,16.8921,,17.2929,0.4009,,2.3181,,1,,12.53,6.63,warning,3.04,,CAMERA_ONLY
0,105.5282,cam_3,CAM_ONLY,17.0275,,17.2929,0.2655,,1.5352,,1,,14.06,3.29,warning,3.04,,CAMERA_ONLY
0,105.6024,cam_3,CAM_ONLY,16.9184,,17.2929,0.3746,,2.1660,,1,,17.95,9.51,warning,3.04,,CAMERA_ONLY
0,105.6871,cam_3,CAM_ONLY,17.1674,,17.2929,0.1256,,0.7261,,1,,20.38,3.87,warning,3.04,,CAMERA_ONLY
0,105.6871,t1841,LIDAR_ONLY,28.1525,28.1525,,,,,,,,20.38,3.87,drive,-29.48,front,LIDAR_ONLY
0,105.7757,cam_3,CAM_ONLY,17.1640,,17.2929,0.1289,,0.7454,,1,,21.94,3.76,warning,3.04,,CAMERA_ONLY
0,105.7757,t1841,LIDAR_ONLY,28.1702,28.1702,,,,,,,,21.94,3.76,drive,-29.28,front,LIDAR_ONLY
0,105.8488,cam_3,CAM_ONLY,17.0975,,17.2929,0.1954,,1.1301,,1,,18.07,7.74,warning,3.04,,CAMERA_ONLY
0,105.9200,cam_3,CAM_ONLY,16.9661,,17.2929,0.3269,,1.8902,,1,,12.08,10.16,warning,3.04,,CAMERA_ONLY
0,105.9818,cam_3,CAM_ONLY,16.9932,,17.2929,0.2998,,1.7336,,1,,12.10,1.37,warning,3.04,,CAMERA_ONLY
0,105.9818,t1841,LIDAR_ONLY,28.1542,28.1542,,,,,,,,12.10,1.37,drive,-29.54,front,LIDAR_ONLY
0,106.0487,cam_3,CAM_ONLY,17.1105,,17.2929,0.1825,,1.0553,,1,,12.04,6.92,warning,3.04,,CAMERA_ONLY
0,106.1216,cam_3,CAM_ONLY,17.0516,,17.2929,0.2414,,1.3959,,1,,16.83,3.12,warning,3.04,,CAMERA_ONLY
0,106.2136,cam_3,CAM_ONLY,16.9474,,17.2929,0.3456,,1.9984,,1,,21.64,9.48,warning,3.04,,CAMERA_ONLY
0,106.2810,cam_3,CAM_ONLY,16.9103,,17.2929,0.3827,,2.2130,,1,,12.73,1.84,warning,3.04,,CAMERA_ONLY
0,106.2810,t1849,LIDAR_ONLY,28.2016,28.2016,,,,,,,,12.73,1.84,drive,-29.39,front,LIDAR_ONLY
0,106.3564,cam_3,CAM_ONLY,16.8755,,17.2929,0.4174,,2.4139,,1,,15.22,9.95,warning,3.04,,CAMERA_ONLY
0,106.4188,cam_3,CAM_ONLY,16.8519,,17.2929,0.4411,,2.5505,,1,,16.45,2.78,warning,3.04,,CAMERA_ONLY
0,106.4789,cam_3,CAM_ONLY,16.8990,,17.2929,0.3940,,2.2782,,1,,11.35,2.30,warning,3.04,,CAMERA_ONLY
0,106.5340,t1856,BOTH,17.0082,17.4854,17.2929,0.2848,0.1925,1.6469,1.1129,1,1,9.74,1.05,warning,3.04,,FULL_ANGLE
0,106.5340,t1855,LIDAR_ONLY,28.1373,28.1373,,,,,,,,9.74,1.05,drive,-29.57,front,LIDAR_ONLY
0,106.6093,cam_3,CAM_ONLY,17.0726,,17.2929,0.2204,,1.2742,,1,,12.75,11.72,warning,3.04,,CAMERA_ONLY
0,106.6711,cam_3,CAM_ONLY,17.1086,,17.2929,0.1843,,1.0660,,1,,11.20,2.60,warning,3.04,,CAMERA_ONLY
0,106.7407,t1856,BOTH,17.1057,17.4783,17.2929,0.1872,0.1854,1.0827,1.0720,1,1,10.42,2.71,warning,3.04,,FULL_ANGLE
0,106.8254,cam_3,CAM_ONLY,17.1218,,17.2929,0.1711,,0.9897,,1,,11.98,17.84,warning,3.04,,CAMERA_ONLY
0,106.9060,cam_3,CAM_ONLY,16.9815,,17.2929,0.3114,,1.8007,,1,,15.79,9.89,warning,3.04,,CAMERA_ONLY
0,106.9705,cam_3,CAM_ONLY,17.0082,,17.2929,0.2848,,1.6467,,1,,11.88,2.91,warning,3.04,,CAMERA_ONLY
0,107.0297,cam_3,CAM_ONLY,17.1453,,17.2929,0.1477,,0.8539,,1,,15.61,1.93,warning,3.04,,CAMERA_ONLY
0,107.0297,t1867,LIDAR_ONLY,28.0777,28.0777,,,,,,,,15.61,1.93,drive,-29.59,front,LIDAR_ONLY
0,107.0974,cam_3,CAM_ONLY,17.0664,,17.2929,0.2265,,1.3101,,1,,9.99,7.15,warning,3.04,,CAMERA_ONLY
0,107.0974,t1870,LIDAR_ONLY,15.5805,15.5805,73.9736,58.3931,58.3931,78.9378,78.9378,0,0,9.99,7.15,drive,20.34,front,LIDAR_ONLY
0,107.1728,cam_3,CAM_ONLY,17.0805,,17.2929,0.2125,,1.2287,,1,,14.13,8.02,warning,3.04,,CAMERA_ONLY
0,107.2700,cam_3,CAM_ONLY,16.9919,,17.2929,0.3011,,1.7410,,1,,17.49,18.78,warning,3.04,,CAMERA_ONLY
0,107.3288,cam_3,CAM_ONLY,16.8990,,17.2929,0.3939,,2.2780,,1,,11.60,2.37,warning,3.04,,CAMERA_ONLY
0,107.3831,cam_3,CAM_ONLY,17.0055,,17.2929,0.2874,,1.6620,,1,,9.47,1.10,warning,3.04,,CAMERA_ONLY
0,107.3831,t1875,LIDAR_ONLY,28.2064,28.2064,,,,,,,,9.47,1.10,drive,-29.37,front,LIDAR_ONLY
0,107.4608,cam_3,CAM_ONLY,17.0403,,17.2929,0.2526,,1.4609,,1,,13.18,7.51,warning,3.04,,CAMERA_ONLY
0,107.5386,t1880,BOTH,17.0148,17.4688,17.2929,0.2782,0.1758,1.6085,1.0167,1,1,16.28,3.00,warning,3.04,,FULL_ANGLE
0,107.5386,t1875,LIDAR_ONLY,28.2027,28.2027,,,,,,,,16.28,3.00,drive,-29.42,front,LIDAR_ONLY
0,107.5386,t1879,LIDAR_ONLY,18.1412,18.1412,73.9736,55.8324,55.8324,75.4761,75.4761,0,0,16.28,3.00,drive,18.45,front,LIDAR_ONLY
0,107.6097,cam_3,CAM_ONLY,17.1453,,17.2929,0.1477,,0.8540,,1,,15.08,10.26,warning,3.04,,CAMERA_ONLY
0,107.6850,t1880,BOTH,17.1389,17.4634,17.2929,0.1541,0.1704,0.8909,0.9855,1,1,19.36,1.77,warning,3.04,,FULL_ANGLE
0,107.6850,t1879,LIDAR_ONLY,15.8933,15.8933,73.9736,58.0803,58.0803,78.5149,78.5149,0,0,19.36,1.77,drive,20.67,front,LIDAR_ONLY
0,107.6850,t1879,LIDAR_ONLY,13.0462,13.0462,73.9736,60.9274,60.9274,82.3637,82.3637,0,0,19.36,1.77,cautious,25.01,front,LIDAR_ONLY
0,107.6850,t1875,LIDAR_ONLY,28.2070,28.2070,,,,,,,,19.36,1.77,drive,-29.31,front,LIDAR_ONLY
0,107.7640,cam_3,CAM_ONLY,17.0446,,17.2929,0.2484,,1.4363,,1,,15.25,8.51,warning,3.04,,CAMERA_ONLY
0,107.8461,t1880,BOTH,16.9414,17.5075,17.2929,0.3515,0.2145,2.0327,1.2405,1,1,19.49,4.70,warning,3.04,,FULL_ANGLE
0,107.8461,t1879,LIDAR_ONLY,13.1389,13.1389,73.9736,60.8347,60.8347,82.2384,82.2384,0,0,19.49,4.70,cautious,18.41,front,LIDAR_ONLY
0,107.8461,t1879,LIDAR_ONLY,13.2520,13.2520,73.9736,60.7217,60.7217,82.0856,82.0856,0,0,19.49,4.70,cautious,20.36,front,LIDAR_ONLY
0,107.8461,t1879,LIDAR_ONLY,13.2566,13.2566,73.9736,60.7170,60.7170,82.0793,82.0793,0,0,19.49,4.70,cautious,19.55,front,LIDAR_ONLY
0,107.8461,t1880,LIDAR_ONLY,17.4941,17.4941,17.2929,0.2012,0.2012,1.1633,1.1633,1,1,19.49,4.70,drive,3.52,front,LIDAR_ONLY
0,107.9140,cam_3,CAM_ONLY,17.0035,,17.2929,0.2895,,1.6740,,1,,13.05,7.57,warning,3.04,,CAMERA_ONLY
0,107.9841,cam_3,CAM_ONLY,16.9311,,17.2929,0.3618,,2.0922,,1,,14.44,4.49,warning,3.04,,CAMERA_ONLY
0,107.9841,t1885,LIDAR_ONLY,28.1431,28.1431,,,,,,,,14.44,4.49,drive,-29.48,front,LIDAR_ONLY
0,108.0554,cam_3,CAM_ONLY,16.8912,,17.2929,0.4018,,2.3233,,1,,9.82,10.65,warning,3.04,,CAMERA_ONLY
0,108.1186,cam_3,CAM_ONLY,16.9589,,17.2929,0.3341,,1.9318,,1,,13.53,2.69,warning,3.04,,CAMERA_ONLY
0,108.1828,t1891,BOTH,17.0714,17.5965,17.2929,0.2215,0.3036,1.2809,1.7554,1,1,17.17,2.32,warning,3.04,,FULL_ANGLE
0,108.1828,t1885,LIDAR_ONLY,28.0939,28.0939,,,,,,,,17.17,2.32,drive,-29.69,front,LIDAR_ONLY
0,108.2728,cam_3,CAM_ONLY,16.9404,,17.2929,0.3525,,2.0385,,1,,16.63,15.60,warning,3.04,,CAMERA_ONLY
0,108.3467,t1891,BOTH,16.9590,17.5810,17.2929,0.3340,0.2881,1.9312,1.6658,1,1,11.80,4.72,warning,3.04,,FULL_ANGLE
0,108.3467,t1894,LIDAR_ONLY,14.1108,14.1108,73.9736,59.8628,59.8628,80.9246,80.9246,0,0,11.80,4.72,cautious,21.73,front,LIDAR_ONLY
0,108.3467,t1894,LIDAR_ONLY,14.5063,14.5063,73.9736,59.4673,59.4673,80.3899,80.3899,0,0,11.80,4.72,cautious,18.84,front,LIDAR_ONLY
0,108.3467,t1894,LIDAR_ONLY,14.8540,14.8540,73.9736,59.1196,59.1196,79.9198,79.9198,0,0,11.80,4.72,cautious,19.45,front,LIDAR_ONLY
0,108.3467,t1894,LIDAR_ONLY,15.1237,15.1237,73.9736,58.8499,58.8499,79.5553,79.5553,0,0,11.80,4.72,cautious,19.97,front,LIDAR_ONLY
0,108.4222,cam_3,CAM_ONLY,17.1470,,17.2929,0.1459,,0.8439,,1,,15.70,2.92,warning,3.04,,CAMERA_ONLY
0,108.4925,t1891,BOTH,17.1498,17.5481,17.2929,0.1431,0.2551,0.8278,1.4753,1,1,11.02,3.38,warning,3.04,,FULL_ANGLE
0,108.4925,t1894,LIDAR_ONLY,15.3189,15.3189,73.9736,58.6547,58.6547,79.2914,79.2914,0,0,11.02,3.38,drive,20.15,front,LIDAR_ONLY
0,108.5718,cam_3,CAM_ONLY,17.1502,,17.2929,0.1427,,0.8252,,1,,17.76,8.12,warning,3.04,,CAMERA_ONLY
0,108.6416,t1891,BOTH,16.9215,17.5419,17.2929,0.3714,0.2490,2.1480,1.4399,1,1,11.53,3.82,warning,3.04,,FULL_ANGLE
0,108.6416,t1894,LIDAR_ONLY,15.6533,15.6533,73.9736,58.3203,58.3203,78.8393,78.8393,0,0,11.53,3.82,drive,18.98,front,LIDAR_ONLY
0,108.7107,cam_3,CAM_ONLY,17.1369,,17.2929,0.1560,,0.9023,,1,,12.80,12.00,warning,3.04,,CAMERA_ONLY
0,108.7712,cam_3,CAM_ONLY,16.9114,,17.2929,0.3815,,2.2062,,1,,10.44,6.88,warning,3.04,,CAMERA_ONLY
0,108.8303,cam_3,CAM_ONLY,16.8887,,17.2929,0.4042,,2.3375,,1,,13.48,2.06,warning,3.04,,CAMERA_ONLY
0,108.8303,t1899,LIDAR_ONLY,28.1826,28.1826,,,,,,,,13.48,2.06,drive,-29.38,front,LIDAR_ONLY
0,108.8851,t1903,BOTH,16.9607,17.4729,17.2929,0.3323,0.1800,1.9215,1.0408,1,1,10.05,1.26,warning,3.04,,FULL_ANGLE
0,108.8851,t1902,LIDAR_ONLY,17.5963,17.5963,73.9736,56.3773,56.3773,76.2127,76.2127,0,0,10.05,1.26,drive,18.81,front,LIDAR_ONLY
0,108.8851,t1902,LIDAR_ONLY,16.8484,16.8484,73.9736,57.1252,57.1252,77.2237,77.2237,0,0,10.05,1.26,drive,20.37,front,LIDAR_ONLY
0,108.8851,t1899,LIDAR_ONLY,28.1344,28.1344,,,,,,,,10.05,1.26,drive,-29.65,front,LIDAR_ONLY
0,108.9521,cam_3,CAM_ONLY,16.9824,,17.2929,0.3106,,1.7961,,1,,12.43,8.78,warning,3.04,,CAMERA_ONLY
0,109.0245,cam_3,CAM_ONLY,16.9925,,17.2929,0.3004,,1.7372,,1,,17.03,3.22,warning,3.04,,CAMERA_ONLY
0,109.1079,cam_3,CAM_ONLY,16.9024,,17.2929,0.3906,,2.2586,,1,,18.96,10.60,warning,3.04,,CAMERA_ONLY
0,109.1727,cam_3,CAM_ONLY,16.8827,,17.2929,0.4102,,2.3723,,1,,12.25,2.93,warning,3.04,,CAMERA_ONLY
0,109.2332,t1912,BOTH,16.9254,17.5305,17.2929,0.3676,0.2375,2.1256,1.3736,1,1,12.15,1.22,warning,3.04,,FULL_ANGLE
0,109.2332,t1910,LIDAR_ONLY,28.0867,28.0867,,,,,,,,12.15,1.22,drive,-29.55,front,LIDAR_ONLY
0,109.3183,cam_3,CAM_ONLY,17.0325,,17.2929,0.2604,,1.5059,,1,,18.14,15.07,warning,3.04,,CAMERA_ONLY
0,109.3908,t1912,BOTH,16.9837,17.5153,17.2929,0.3092,0.2224,1.7882,1.2859,1,1,15.19,1.26,warning,3.04,,FULL_ANGLE
0,109.3908,t1910,LIDAR_ONLY,28.0930,28.0930,,,,,,,,15.19,1.26,drive,-29.65,front,LIDAR_ONLY
0,109.4798,cam_3,CAM_ONLY,17.0464,,17.2929,0.2465,,1.4256,,1,,20.85,10.63,warning,3.04,,CAMERA_ONLY
0,109.5555,cam_3,CAM_ONLY,16.9349,,17.2929,0.3580,,2.0705,,1,,15.59,9.65,warning,3.04,,CAMERA_ONLY
0,109.6181,cam_3,CAM_ONLY,16.9289,,17.2929,0.3640,,2.1052,,1,,9.32,6.12,warning,3.04,,CAMERA_ONLY
0,109.6910,t1920,BOTH,16.9477,17.5025,17.2929,0.3452,0.2095,1.9965,1.2117,1,1,20.23,4.16,warning,3.04,,FULL_ANGLE
0,109.6910,t1919,LIDAR_ONLY,17.2655,17.2655,73.9736,56.7082,56.7082,76.6600,76.6600,0,0,20.23,4.16,drive,19.03,front,LIDAR_ONLY
0,109.7609,cam_3,CAM_ONLY,17.0239,,17.2929,0.2690,,1.5556,,1,,12.07,12.47,warning,3.04,,CAMERA_ONLY
0,109.8250,cam_3,CAM_ONLY,16.9351,,17.2929,0.3579,,2.0695,,1,,11.42,3.41,warning,3.04,,CAMERA_ONLY
0,109.8922,t1920,BOTH,16.9171,17.5390,17.2929,0.3759,0.2460,2.1737,1.4226,1,1,12.96,3.87,warning,3.04,,FULL_ANGLE
0,109.8922,t1919,LIDAR_ONLY,15.9574,15.9574,73.9736,58.0162,58.0162,78.4283,78.4283,0,0,12.96,3.87,drive,20.62,front,LIDAR_ONLY
0,109.8922,t1919,LIDAR_ONLY,16.0959,16.0959,73.9736,57.8777,57.8777,78.2410,78.2410,0,0,12.96,3.87,drive,18.86,front,LIDAR_ONLY
0,109.8922,t1920,LIDAR_ONLY,17.5480,17.5480,17.2929,0.2551,0.2551,1.4750,1.4750,1,1,12.96,3.87,drive,2.48,front,LIDAR_ONLY
0,109.9632,cam_3,CAM_ONLY,16.9376,,17.2929,0.3554,,2.0549,,1,,11.61,3.68,warning,3.04,,CAMERA_ONLY
0,110.0411,t1920,BOTH,16.8657,17.5380,17.2929,0.4273,0.2451,2.4708,1.4173,1,1,22.00,3.77,warning,3.04,,FULL_ANGLE
0,110.0411,t1925,LIDAR_ONLY,28.1627,28.1627,,,,,,,,22.00,3.77,drive,-29.46,front,LIDAR_ONLY
0,110.0411,t1919,LIDAR_ONLY,11.0490,11.0490,73.9736,62.9246,62.9246,85.0636,85.0636,0,0,22.00,3.77,cautious,28.46,front,LIDAR_ONLY
0,110.0411,t1919,LIDAR_ONLY,11.1142,11.1142,73.9736,62.8594,62.8594,84.9754,84.9754,0,0,22.00,3.77,cautious,19.30,front,LIDAR_ONLY
0,110.1210,cam_3,CAM_ONLY,16.9131,,17.2929,0.3798,,2.1964,,1,,14.91,14.01,warning,3.04,,CAMERA_ONLY
0,110.1818,cam_3,CAM_ONLY,17.1082,,17.2929,0.1847,,1.0683,,1,,12.07,1.61,warning,3.04,,CAMERA_ONLY
0,110.1818,t1925,LIDAR_ONLY,28.1477,28.1477,,,,,,,,12.07,1.61,drive,-29.51,front,LIDAR_ONLY
0,110.2699,cam_3,CAM_ONLY,17.1862,,17.2929,0.1068,,0.6174,,1,,20.28,3.02,warning,3.04,,CAMERA_ONLY
0,110.3602,cam_3,CAM_ONLY,16.9182,,17.2929,0.3748,,2.1672,,1,,22.80,14.66,warning,3.04,,CAMERA_ONLY
0,110.4718,cam_3,CAM_ONLY,16.8797,,17.2929,0.4133,,2.3897,,1,,13.61,9.38,warning,3.04,,CAMERA_ONLY
0,110.5452,t1935,BOTH,16.8259,17.4601,17.2929,0.4671,0.1671,2.7009,0.9666,1,1,18.73,5.68,warning,3.04,,FULL_ANGLE
0,110.5452,t1934,LIDAR_ONLY,17.9523,17.9523,73.9736,56.0214,56.0214,75.7315,75.7315,0,0,18.73,5.68,drive,18.57,front,LIDAR_ONLY
0,110.5452,t1934,LIDAR_ONLY,17.3335,17.3335,73.9736,56.6401,56.6401,76.5680,76.5680,0,0,18.73,5.68,drive,19.72,front,LIDAR_ONLY
0,110.6153,cam_3,CAM_ONLY,16.8506,,17.2929,0.4423,,2.5579,,1,,12.98,5.00,warning,3.04,,CAMERA_ONLY
0,110.6712,cam_3,CAM_ONLY,16.9228,,17.2929,0.3702,,2.1407,,1,,9.35,2.85,warning,3.04,,CAMERA_ONLY
0,110.7411,t1935,BOTH,16.9486,17.4681,17.2929,0.3443,0.1751,1.9911,1.0126,1,1,14.45,3.61,warning,3.04,,FULL_ANGLE
0,110.7411,t1934,LIDAR_ONLY,17.2786,17.2786,73.9736,56.6950,56.6950,76.6423,76.6423,0,0,14.45,3.61,drive,19.05,front,LIDAR_ONLY
0,110.8131,cam_3,CAM_ONLY,17.0094,,17.2929,0.2835,,1.6395,,1,,13.94,9.90,warning,3.04,,CAMERA_ONLY
0,110.8828,cam_3,CAM_ONLY,16.9464,,17.2929,0.3465,,2.0039,,1,,16.27,2.62,warning,3.04,,CAMERA_ONLY
0,110.8828,t1940,LIDAR_ONLY,28.1188,28.1188,,,,,,,,16.27,2.62,drive,-29.48,front,LIDAR_ONLY
0,110.9599,cam_3,CAM_ONLY,16.9704,,17.2929,0.3225,,1.8650,,1,,17.51,11.45,warning,3.04,,CAMERA_ONLY
0,111.0284,cam_3,CAM_ONLY,16.8619,,17.2929,0.4310,,2.4925,,1,,12.25,6.00,warning,3.04,,CAMERA_ONLY
0,111.1087,cam_3,CAM_ONLY,16.8408,,17.2929,0.4521,,2.6144,,1,,19.75,10.35,warning,3.04,,CAMERA_ONLY
0,111.1672,cam_3,CAM_ONLY,16.8193,,17.2929,0.4736,,2.7387,,1,,9.51,3.08,warning,3.04,,CAMERA_ONLY
0,111.2383,t1950,BOTH,17.1733,17.4818,17.2929,0.1196,0.1889,0.6917,1.0921,1,1,11.54,2.02,warning,3.04,,FULL_ANGLE
0,111.2383,t1949,LIDAR_ONLY,17.4160,17.4160,73.9736,56.5576,56.5576,76.4564,76.4564,0,0,11.54,2.02,drive,18.93,front,LIDAR_ONLY
0,111.2383,t1949,LIDAR_ONLY,16.8258,16.8258,73.9736,57.1478,57.1478,77.2543,77.2543,0,0,11.54,2.02,drive,20.25,front,LIDAR_ONLY
0,111.3046,cam_3,CAM_ONLY,16.9151,,17.2929,0.3779,,2.1851,,1,,10.55,9.54,warning,3.04,,CAMERA_ONLY
0,111.3784,cam_3,CAM_ONLY,16.8649,,17.2929,0.4281,,2.4754,,1,,20.16,2.18,warning,3.04,,CAMERA_ONLY
0,111.3784,t1952,LIDAR_ONLY,28.1902,28.1902,,,,,,,,20.16,2.18,drive,-29.41,front,LIDAR_ONLY
0,111.4414,t1950,BOTH,16.9627,17.4795,17.2929,0.3302,0.1866,1.9095,1.0788,1,1,10.46,3.01,warning,3.04,,FULL_ANGLE
0,111.4414,t1949,LIDAR_ONLY,16.8421,16.8421,73.9736,57.1315,57.1315,77.2323,77.2323,0,0,10.46,3.01,drive,19.27,front,LIDAR_ONLY
0,111.5142,cam_3,CAM_ONLY,16.9417,,17.2929,0.3512,,2.0311,,1,,14.73,9.68,warning,3.04,,CAMERA_ONLY
0,111.5848,t1950,BOTH,16.9803,17.4728,17.2929,0.3127,0.1799,1.8082,1.0401,1,1,14.44,1.03,warning,3.04,,FULL_ANGLE
0,111.5848,t1952,LIDAR_ONLY,28.1092,28.1092,,,,,,,,14.44,1.03,drive,-29.51,front,LIDAR_ONLY
0,111.6532,cam_3,CAM_ONLY,16.9571,,17.2929,0.3359,,1.9422,,1,,11.13,8.57,warning,3.04,,CAMERA_ONLY
0,111.7315,t1950,BOTH,16.9887,17.4740,17.2929,0.3043,0.1810,1.7596,1.0467,1,1,18.40,1.07,warning,3.04,,FULL_ANGLE
0,111.7315,t1952,LIDAR_ONLY,28.1197,28.1197,,,,,,,,18.40,1.07,drive,-29.35,front,LIDAR_ONLY
0,111.8035,cam_3,CAM_ONLY,16.9492,,17.2929,0.3438,,1.9880,,1,,15.59,8.85,warning,3.04,,CAMERA_ONLY
0,111.8035,t1959,LIDAR_ONLY,18.0909,18.0909,73.9736,55.8827,55.8827,75.5441,75.5441,0,0,15.59,8.85,drive,18.48,front,LIDAR_ONLY
0,111.8669,cam_3,CAM_ONLY,16.9104,,17.2929,0.3825,,2.2119,,1,,9.36,6.21,warning,3.04,,CAMERA_ONLY
0,111.9425,t1950,BOTH,16.9511,17.4755,17.2929,0.3418,0.1825,1.9766,1.0555,1,1,21.44,3.42,warning,3.04,,FULL_ANGLE
0,111.9425,t1960,LIDAR_ONLY,9.9182,9.9182,,,,,,,,21.44,3.42,cautious,29.29,front,LIDAR_ONLY
0,112.0201,cam_3,CAM_ONLY,16.8834,,17.2929,0.4096,,2.3683,,1,,22.06,5.20,warning,3.04,,CAMERA_ONLY
0,112.1173,cam_3,CAM_ONLY,16.9236,,17.2929,0.3693,,2.1358,,1,,22.75,16.59,warning,3.04,,CAMERA_ONLY
0,112.1992,cam_3,CAM_ONLY,16.9569,,17.2929,0.3361,,1.9434,,1,,18.74,8.48,warning,3.04,,CAMERA_ONLY
0,112.2647,cam_3,CAM_ONLY,16.8578,,17.2929,0.4352,,2.5165,,1,,11.32,7.28,warning,3.04,,CAMERA_ONLY
0,112.3234,cam_3,CAM_ONLY,17.0002,,17.2929,0.2928,,1.6931,,1,,10.00,2.68,warning,3.04,,CAMERA_ONLY
0,112.3905,t1970,BOTH,17.0025,17.5048,17.2929,0.2904,0.2119,1.6794,1.2253,1,1,18.23,1.89,warning,3.04,,FULL_ANGLE
0,112.3905,t1968,LIDAR_ONLY,28.1544,28.1544,,,,,,,,18.23,1.89,drive,-29.44,front,LIDAR_ONLY
0,112.3905,t1969,LIDAR_ONLY,10.2682,10.2682,73.9736,63.7054,63.7054,86.1191,86.1191,0,0,18.23,1.89,cautious,28.22,front,LIDAR_ONLY
0,112.3905,t1969,LIDAR_ONLY,10.4560,10.4560,73.9736,63.5176,63.5176,85.8653,85.8653,0,0,18.23,1.89,cautious,19.28,front,LIDAR_ONLY
0,112.3905,t1969,LIDAR_ONLY,10.5902,10.5902,73.9736,63.3834,63.3834,85.6838,85.6838,0,0,18.23,1.89,cautious,20.68,front,LIDAR_ONLY
0,112.4655,cam_3,CAM_ONLY,17.0346,,17.2929,0.2583,,1.4938,,1,,16.02,9.42,warning,3.04,,CAMERA_ONLY
0,112.5354,t1970,BOTH,17.0825,17.5410,17.2929,0.2105,0.2480,1.2171,1.4344,1,1,12.32,1.64,warning,3.04,,FULL_ANGLE
0,112.5354,t1968,LIDAR_ONLY,28.1502,28.1502,,,,,,,,12.32,1.64,drive,-29.51,front,LIDAR_ONLY
0,112.5354,t1969,LIDAR_ONLY,10.8557,10.8557,73.9736,63.1179,63.1179,85.3250,85.3250,0,0,12.32,1.64,cautious,23.17,front,LIDAR_ONLY
0,112.5354,t1970,LIDAR_ONLY,17.5340,17.5340,17.2929,0.2410,0.2410,1.3936,1.3936,1,1,12.32,1.64,drive,3.29,front,LIDAR_ONLY
0,112.6100,cam_3,CAM_ONLY,17.0541,,17.2929,0.2388,,1.3812,,1,,15.45,13.73,warning,3.04,,CAMERA_ONLY
0,112.6772,cam_3,CAM_ONLY,16.9247,,17.2929,0.3682,,2.1294,,1,,12.99,3.40,warning,3.04,,CAMERA_ONLY
0,112.7435,cam_3,CAM_ONLY,17.0766,,17.2929,0.2163,,1.2508,,1,,13.40,4.94,warning,3.04,,CAMERA_ONLY
0,112.7435,t1969,LIDAR_ONLY,11.0787,11.0787,73.9736,62.8950,62.8950,85.0235,85.0235,0,0,13.40,4.94,cautious,18.31,front,LIDAR_ONLY
0,112.8092,cam_3,CAM_ONLY,17.0244,,17.2929,0.2686,,1.5530,,1,,13.50,8.57,warning,3.04,,CAMERA_ONLY
0,112.8796,cam_3,CAM_ONLY,17.0028,,17.2929,0.2901,,1.6777,,1,,11.94,2.03,warning,3.04,,CAMERA_ONLY
0,112.8796,t1981,LIDAR_ONLY,28.0509,28.0509,,,,,,,,11.94,2.03,drive,-29.52,front,LIDAR_ONLY
0,112.9444,t1983,BOTH,17.0621,17.4742,17.2929,0.2308,0.1812,1.3349,1.0479,1,1,14.19,4.52,warning,3.04,,FULL_ANGLE
0,112.9444,t1969,LIDAR_ONLY,12.0115,12.0115,73.9736,61.9621,61.9621,83.7625,83.7625,0,0,14.19,4.52,cautious,18.54,front,LIDAR_ONLY
0,113.0154,cam_3,CAM_ONLY,17.0248,,17.2929,0.2682,,1.5508,,1,,10.45,10.01,warning,3.04,,CAMERA_ONLY
0,113.0762,cam_3,CAM_ONLY,17.0730,,17.2929,0.2200,,1.2722,,1,,9.49,2.94,warning,3.04,,CAMERA_ONLY
0,113.1583,cam_3,CAM_ONLY,17.0631,,17.2929,0.2298,,1.3291,,1,,21.06,10.75,warning,3.04,,CAMERA_ONLY
0,113.2232,cam_3,CAM_ONLY,17.0799,,17.2929,0.2131,,1.2323,,1,,9.36,2.55,warning,3.04,,CAMERA_ONLY
0,113.2833,t1989,BOTH,16.9984,17.4868,17.2929,0.2946,0.1939,1.7034,1.1212,1,1,12.50,1.11,warning,3.04,,FULL_ANGLE
0,113.2833,t1987,LIDAR_ONLY,28.2298,28.2298,,,,,,,,12.50,1.11,drive,-29.31,front,LIDAR_ONLY
0,113.3460,t1989,BOTH,17.1190,17.4931,17.2929,0.1739,0.2002,1.0057,1.1576,1,1,11.61,5.97,warning,3.04,,FULL_ANGLE
0,113.3460,t1991,LIDAR_ONLY,18.6919,18.6919,73.9736,55.2817,55.2817,74.7316,74.7316,0,0,11.61,5.97,drive,18.12,front,LIDAR_ONLY
0,113.3460,t1991,LIDAR_ONLY,18.0825,18.0825,73.9736,55.8911,55.8911,75.5555,75.5555,0,0,11.61,5.97,drive,18.89,front,LIDAR_ONLY
0,113.3460,t1991,LIDAR_ONLY,17.0648,17.0648,73.9736,56.9088,56.9088,76.9313,76.9313,0,0,11.61,5.97,drive,19.95,front,LIDAR_ONLY
0,113.4129,cam_3,CAM_ONLY,16.9061,,17.2929,0.3868,,2.2369,,1,,10.23,7.11,warning,3.04,,CAMERA_ONLY
0,113.4779,cam_3,CAM_ONLY,16.9068,,17.2929,0.3862,,2.2330,,1,,12.60,3.68,warning,3.04,,CAMERA_ONLY
0,113.5359,t1989,BOTH,16.9394,17.5051,17.2929,0.3536,0.2121,2.0445,1.2266,1,1,9.59,1.28,warning,3.04,,FULL_ANGLE
0,113.5359,t1996,LIDAR_ONLY,28.0558,28.0558,,,,,,,,9.59,1.28,drive,-29.65,front,LIDAR_ONLY
0,113.5359,t1991,LIDAR_ONLY,17.1302,17.1302,73.9736,56.8434,56.8434,76.8428,76.8428,0,0,9.59,1.28,drive,18.70,front,LIDAR_ONLY
0,113.5359,t1989,LIDAR_ONLY,17.5007,17.5007,17.2929,0.2077,0.2077,1.2012,1.2012,1,1,9.59,1.28,drive,1.14,front,LIDAR_ONLY
0,113.6043,cam_3,CAM_ONLY,17.0381,,17.2929,0.2548,,1.4737,,1,,9.90,8.38,warning,3.04,,CAMERA_ONLY
0,113.6749,cam_3,CAM_ONLY,17.0153,,17.2929,0.2776,,1.6055,,1,,14.42,3.37,warning,3.04,,CAMERA_ONLY
0,113.7333,t1989,BOTH,16.9241,17.5039,17.2929,0.3688,0.2110,2.1329,1.2200,1,1,10.05,1.04,warning,3.04,,FULL_ANGLE
0,113.7333,t1996,LIDAR_ONLY,28.0690,28.0690,,,,,,,,10.05,1.04,drive,-29.48,front,LIDAR_ONLY
0,113.8122,cam_3,CAM_ONLY,16.9901,,17.2929,0.3028,,1.7512,,1,,13.10,13.97,warning,3.04,,CAMERA_ONLY
0,113.8773,cam_3,CAM_ONLY,16.9809,,17.2929,0.3121,,1.8046,,1,,12.05,2.47,warning,3.04,,CAMERA_ONLY
0,113.9476,cam_3,CAM_ONLY,16.8821,,17.2929,0.4108,,2.3758,,1,,11.52,6.77,warning,3.04,,CAMERA_ONLY
0,113.9476,t2005,LIDAR_ONLY,15.6263,15.6263,73.9736,58.3473,58.3473,78.8758,78.8758,0,0,11.52,6.77,drive,20.30,front,LIDAR_ONLY
0,113.9476,t2005,LIDAR_ONLY,15.8352,15.8352,73.9736,58.1384,58.1384,78.5935,78.5935,0,0,11.52,6.77,drive,18.50,front,LIDAR_ONLY
0,113.9476,t2005,LIDAR_ONLY,16.0082,16.0082,73.9736,57.9654,57.9654,78.3595,78.3595,0,0,11.52,6.77,drive,19.19,front,LIDAR_ONLY
0,114.0174,cam_3,CAM_ONLY,16.8611,,17.2929,0.4318,,2.4971,,1,,13.09,8.05,warning,3.04,,CAMERA_ONLY
0,114.0821,t2009,BOTH,16.9706,17.5044,17.2929,0.3223,0.2115,1.8640,1.2228,1,1,13.05,1.53,warning,3.04,,FULL_ANGLE
0,114.0821,t2006,LIDAR_ONLY,28.1822,28.1822,,,,,,,,13.05,1.53,drive,-29.50,front,LIDAR_ONLY
0,114.0821,t2005,LIDAR_ONLY,16.2822,16.2822,73.9736,57.6914,57.6914,77.9891,77.9891,0,0,13.05,1.53,drive,18.31,front,LIDAR_ONLY
0,114.1508,cam_3,CAM_ONLY,16.9510,,17.2929,0.3419,,1.9772,,1,,10.67,7.73,warning,3.04,,CAMERA_ONLY
0,114.2324,cam_3,CAM_ONLY,16.8908,,17.2929,0.4022,,2.3256,,1,,18.88,2.23,warning,3.04,,CAMERA_ONLY
0,114.2324,t2006,LIDAR_ONLY,28.1285,28.1285,,,,,,,,18.88,2.23,drive,-29.49,front,LIDAR_ONLY
0,114.3086,cam_3,CAM_ONLY,16.8678,,17.2929,0.4252,,2.4588,,1,,17.42,9.80,warning,3.04,,CAMERA_ONLY
0,114.3086,t2005,LIDAR_ONLY,16.2845,16.2845,73.9736,57.6891,57.6891,77.9861,77.9861,0,0,17.42,9.80,drive,20.29,front,LIDAR_ONLY
0,114.3781,cam_3,CAM_ONLY,16.9632,,17.2929,0.3297,,1.9066,,1,,12.80,3.01,warning,3.04,,CAMERA_ONLY
0,114.4532,cam_3,CAM_ONLY,16.8680,,17.2929,0.4250,,2.4574,,1,,18.97,9.07,warning,3.04,,CAMERA_ONLY
0,114.5229,cam_3,CAM_ONLY,16.8567,,17.2929,0.4362,,2.5224,,1,,18.60,3.85,warning,3.04,,CAMERA_ONLY
0,114.5909,t2017,BOTH,16.9513,17.4828,17.2929,0.3417,0.1899,1.9758,1.0981,1,1,14.17,1.78,warning,3.04,,FULL_ANGLE
0,114.5909,t2016,LIDAR_ONLY,10.9949,10.9949,73.9736,62.9787,62.9787,85.1367,85.1367,0,0,14.17,1.78,cautious,26.45,front,LIDAR_ONLY
0,114.5909,t2016,LIDAR_ONLY,11.1298,11.1298,73.9736,62.8439,62.8439,84.9544,84.9544,0,0,14.17,1.78,cautious,18.84,front,LIDAR_ONLY
0,114.5909,t2016,LIDAR_ONLY,11.2862,11.2862,73.9736,62.6874,62.6874,84.7429,84.7429,0,0,14.17,1.78,cautious,20.02,front,LIDAR_ONLY
0,114.6631,cam_3,CAM_ONLY,16.9470,,17.2929,0.3460,,2.0008,,1,,12.34,9.52,warning,3.04,,CAMERA_ONLY
0,114.7606,cam_3,CAM_ONLY,17.1498,,17.2929,0.1431,,0.8277,,1,,9.66,6.91,warning,3.04,,CAMERA_ONLY
0,114.8312,cam_3,CAM_ONLY,17.0483,,17.2929,0.2447,,1.4150,,1,,13.74,1.84,warning,3.04,,CAMERA_ONLY
0,114.9175,cam_3,CAM_ONLY,17.1420,,17.2929,0.1510,,0.8731,,1,,22.71,15.80,warning,3.04,,CAMERA_ONLY
0,114.9833,t2025,BOTH,16.9690,17.4739,17.2929,0.3240,0.1809,1.8735,1.0462,1,1,15.41,1.70,warning,3.04,,FULL_ANGLE
0,114.9833,t2023,LIDAR_ONLY,28.0764,28.0764,,,,,,,,15.41,1.70,drive,-29.52,front,LIDAR_ONLY
0,114.9833,t2024,LIDAR_ONLY,11.9499,11.9499,73.9736,62.0237,62.0237,83.8457,83.8457,0,0,15.41,1.70,cautious,24.56,front,LIDAR_ONLY
0,114.9833,t2024,LIDAR_ONLY,12.0747,12.0747,73.9736,61.8990,61.8990,83.6771,83.6771,0,0,15.41,1.70,cautious,18.38,front,LIDAR_ONLY
0,114.9833,t2024,LIDAR_ONLY,12.2402,12.2402,73.9736,61.7334,61.7334,83.4533,83.4533,0,0,15.41,1.70,cautious,19.33,front,LIDAR_ONLY
0,115.0591,cam_3,CAM_ONLY,16.9330,,17.2929,0.3600,,2.0816,,1,,12.12,9.86,warning,3.04,,CAMERA_ONLY
0,115.1231,cam_3,CAM_ONLY,16.8898,,17.2929,0.4032,,2.3315,,1,,13.80,3.31,warning,3.04,,CAMERA_ONLY
0,115.2046,cam_3,CAM_ONLY,16.9223,,17.2929,0.3707,,2.1435,,1,,19.89,12.25,warning,3.04,,CAMERA_ONLY
0,115.2841,cam_3,CAM_ONLY,16.9889,,17.2929,0.3040,,1.7580,,1,,20.71,2.12,warning,3.04,,CAMERA_ONLY
0,115.2841,t2031,LIDAR_ONLY,28.2328,28.2328,,,,,,,,20.71,2.12,drive,-29.25,front,LIDAR_ONLY
0,115.3604,cam_3,CAM_ONLY,17.0630,,17.2929,0.2300,,1.3300,,1,,14.83,10.96,warning,3.04,,CAMERA_ONLY
0,115.4642,cam_3,CAM_ONLY,16.9122,,17.2929,0.3808,,2.2020,,1,,16.82,3.68,warning,3.04,,CAMERA_ONLY
0,115.5471,cam_3,CAM_ONLY,16.9576,,17.2929,0.3353,,1.9392,,1,,15.99,6.96,warning,3.04,,CAMERA_ONLY
0,115.6183,cam_3,CAM_ONLY,17.2967,,17.2929,0.0038,,0.0218,,1,,18.31,2.70,warning,3.04,,CAMERA_ONLY
0,115.6755,cam_3,CAM_ONLY,16.9915,,17.2929,0.3014,,1.7429,,1,,9.30,2.96,warning,3.04,,CAMERA_ONLY
0,115.7383,t2038,BOTH,16.9170,17.5091,17.2929,0.3759,0.2162,2.1738,1.2501,1,1,13.43,2.20,warning,3.04,,FULL_ANGLE
0,115.8090,cam_3,CAM_ONLY,17.0319,,17.2929,0.2611,,1.5097,,1,,13.74,10.13,warning,3.04,,CAMERA_ONLY
0,115.8744,cam_3,CAM_ONLY,16.9797,,17.2929,0.3133,,1.8114,,1,,12.44,3.36,warning,3.04,,CAMERA_ONLY
0,115.9543,cam_3,CAM_ONLY,16.8718,,17.2929,0.4212,,2.4356,,1,,17.71,9.48,warning,3.04,,CAMERA_ONLY
0,116.0176,cam_3,CAM_ONLY,16.9670,,17.2929,0.3259,,1.8846,,1,,13.35,4.11,warning,3.04,,CAMERA_ONLY
0,116.0761,cam_3,CAM_ONLY,16.9824,,17.2929,0.3105,,1.7957,,1,,13.27,3.71,warning,3.04,,CAMERA_ONLY
0,116.1298,cam_3,CAM_ONLY,17.0529,,17.2929,0.2401,,1.3882,,1,,9.74,2.08,warning,3.04,,CAMERA_ONLY
0,116.1854,t2046,BOTH,16.9016,17.4961,17.2929,0.3913,0.2031,2.2630,1.1747,1,1,10.04,1.00,warning,3.04,,FULL_ANGLE
0,116.1854,t2045,LIDAR_ONLY,28.1416,28.1416,,,,,,,,10.04,1.00,drive,-29.59,front,LIDAR_ONLY
0,116.2490,cam_3,CAM_ONLY,16.9441,,17.2929,0.3488,,2.0172,,1,,9.43,9.45,warning,3.04,,CAMERA_ONLY
0,116.3147,cam_3,CAM_ONLY,16.8963,,17.2929,0.3967,,2.2940,,1,,16.32,8.02,warning,3.04,,CAMERA_ONLY
0,116.3846,t2046,BOTH,16.8419,17.4827,17.2929,0.4510,0.1898,2.6082,1.0973,1,1,18.37,2.02,warning,3.04,,FULL_ANGLE
0,116.3846,t2045,LIDAR_ONLY,28.1552,28.1552,,,,,,,,18.37,2.02,drive,-29.33,front,LIDAR_ONLY
0,116.4647,cam_3,CAM_ONLY,16.9291,,17.2929,0.3638,,2.1040,,1,,16.11,8.23,warning,3.04,,CAMERA_ONLY
0,116.5319,cam_3,CAM_ONLY,16.9523,,17.2929,0.3406,,1.9699,,1,,13.84,3.10,warning,3.04,,CAMERA_ONLY
0,116.6172,cam_3,CAM_ONLY,17.2126,,17.2929,0.0804,,0.4649,,1,,12.22,9.47,warning,3.04,,CAMERA_ONLY
0,116.6747,cam_3,CAM_ONLY,16.9419,,17.2929,0.3510,,2.0298,,1,,9.56,3.17,warning,3.04,,CAMERA_ONLY
0,116.7401,t2056,BOTH,16.8827,17.4545,17.2929,0.4103,0.1616,2.3724,0.9344,1,1,9.50,1.37,warning,3.04,,FULL_ANGLE
0,116.8117,cam_3,CAM_ONLY,16.9546,,17.2929,0.3384,,1.9567,,1,,13.12,7.29,warning,3.04,,CAMERA_ONLY
0,116.8763,cam_3,CAM_ONLY,16.8454,,17.2929,0.4475,,2.5879,,1,,11.75,2.99,warning,3.04,,CAMERA_ONLY
0,116.9481,t2056,BOTH,16.9259,17.4608,17.2929,0.3671,0.1678,2.1227,0.9706,1,1,15.29,6.09,warning,3.04,,FULL_ANGLE
0,116.9481,t2059,LIDAR_ONLY,15.0346,15.0346,73.9736,58.9390,58.9390,79.6757,79.6757,0,0,15.29,6.09,drive,20.83,front,LIDAR_ONLY
0,116.9481,t2059,LIDAR_ONLY,15.2832,15.2832,73.9736,58.6904,58.6904,79.3397,79.3397,0,0,15.29,6.09,drive,19.69,front,LIDAR_ONLY
0,117.0315,cam_3,CAM_ONLY,16.8852,,17.2929,0.4078,,2.3581,,1,,17.45,2.00,warning,3.04,,CAMERA_ONLY
0,117.0315,t2062,LIDAR_ONLY,28.0786,28.0786,,,,,,,,17.45,2.00,drive,-29.56,front,LIDAR_ONLY
0,117.1058,cam_3,CAM_ONLY,16.8901,,17.2929,0.4029,,2.3296,,1,,18.66,7.05,warning,3.04,,CAMERA_ONLY
0,117.1713,cam_3,CAM_ONLY,16.8847,,17.2929,0.4083,,2.3609,,1,,11.38,3.20,warning,3.04,,CAMERA_ONLY
0,117.2430,t2067,BOTH,16.8924,17.5120,17.2929,0.4006,0.2191,2.3164,1.2667,1,1,14.38,3.33,warning,3.04,,FULL_ANGLE
0,117.2430,t2066,LIDAR_ONLY,15.3000,15.3000,73.9736,58.6736,58.6736,79.3170,79.3170,0,0,14.38,3.33,drive,20.59,front,LIDAR_ONLY
0,117.3108,cam_3,CAM_ONLY,16.9804,,17.2929,0.3126,,1.8076,,1,,11.25,9.53,warning,3.04,,CAMERA_ONLY
0,117.3730,cam_3,CAM_ONLY,16.9880,,17.2929,0.3050,,1.7636,,1,,12.89,3.13,warning,3.04,,CAMERA_ONLY
0,117.4322,t2067,BOTH,17.1510,17.4957,17.2929,0.1419,0.2028,0.8208,1.1727,1,1,12.72,1.26,warning,3.04,,FULL_ANGLE
0,117.4322,t2070,LIDAR_ONLY,28.1311,28.1311,,,,,,,,12.72,1.26,drive,-29.43,front,LIDAR_ONLY
0,117.5114,cam_3,CAM_ONLY,17.1361,,17.2929,0.1569,,0.9071,,1,,13.65,7.43,warning,3.04,,CAMERA_ONLY
0,117.5859,t2067,BOTH,17.0137,17.4966,17.2929,0.2792,0.2037,1.6148,1.1778,1,1,20.20,1.84,warning,3.04,,FULL_ANGLE
0,117.5859,t2073,LIDAR_ONLY,10.7346,10.7346,73.9736,63.2390,63.2390,85.4886,85.4886,0,0,20.20,1.84,cautious,26.99,front,LIDAR_ONLY
0,117.5859,t2073,LIDAR_ONLY,10.8050,10.8050,73.9736,63.1686,63.1686,85.3935,85.3935,0,0,20.20,1.84,cautious,18.79,front,LIDAR_ONLY
0,117.5859,t2073,LIDAR_ONLY,10.9599,10.9599,73.9736,63.0137,63.0137,85.1840,85.1840,0,0,20.20,1.84,cautious,20.16,front,LIDAR_ONLY
0,117.6673,cam_3,CAM_ONLY,16.9951,,17.2929,0.2978,,1.7222,,1,,17.06,8.79,warning,3.04,,CAMERA_ONLY
0,117.7298,cam_3,CAM_ONLY,16.9646,,17.2929,0.3283,,1.8986,,1,,13.38,2.45,warning,3.04,,CAMERA_ONLY
0,117.8067,cam_3,CAM_ONLY,17.0558,,17.2929,0.2372,,1.3715,,1,,9.66,9.99,warning,3.04,,CAMERA_ONLY
0,117.8794,cam_3,CAM_ONLY,16.9023,,17.2929,0.3906,,2.2588,,1,,14.32,1.87,warning,3.04,,CAMERA_ONLY
0,117.8794,t2077,LIDAR_ONLY,28.1492,28.1492,,,,,,,,14.32,1.87,drive,-29.46,front,LIDAR_ONLY
0,117.9623,cam_3,CAM_ONLY,16.9426,,17.2929,0.3504,,2.0261,,1,,20.55,7.36,warning,3.04,,CAMERA_ONLY
0,118.0292,cam_3,CAM_ONLY,17.1061,,17.2929,0.1869,,1.0806,,1,,17.72,1.75,warning,3.04,,CAMERA_ONLY
0,118.0292,t2077,LIDAR_ONLY,28.1220,28.1220,,,,,,,,17.72,1.75,drive,-29.48,front,LIDAR_ONLY
0,118.0915,t2081,BOTH,17.1741,17.4765,17.2929,0.1189,0.1836,0.6875,1.0617,1,1,12.11,3.96,warning,3.04,,FULL_ANGLE
0,118.0915,t2080,LIDAR_ONLY,18.2594,18.2594,73.9736,55.7142,55.7142,75.3164,75.3164,0,0,12.11,3.96,drive,18.38,front,LIDAR_ONLY
0,118.1565,cam_3,CAM_ONLY,16.9470,,17.2929,0.3460,,2.0006,,1,,10.37,9.95,warning,3.04,,CAMERA_ONLY
0,118.2268,cam_3,CAM_ONLY,16.9623,,17.2929,0.3307,,1.9121,,1,,19.44,3.00,warning,3.04,,CAMERA_ONLY
0,118.2829,cam_3,CAM_ONLY,16.9366,,17.2929,0.3563,,2.0605,,1,,9.20,1.07,warning,3.04,,CAMERA_ONLY
0,118.3538,cam_3,CAM_ONLY,16.9569,,17.2929,0.3360,,1.9432,,1,,11.07,9.81,warning,3.04,,CAMERA_ONLY
0,118.4183,cam_3,CAM_ONLY,16.8748,,17.2929,0.4181,,2.4179,,1,,12.92,6.27,warning,3.04,,CAMERA_ONLY
0,118.4820,t2090,BOTH,17.0743,17.4829,17.2929,0.2187,0.1900,1.2645,1.0986,1,1,14.09,1.27,warning,3.04,,FULL_ANGLE
0,118.4820,t2088,LIDAR_ONLY,28.0871,28.0871,,,,,,,,14.09,1.27,drive,-29.63,front,LIDAR_ONLY
0,118.4820,t2089,LIDAR_ONLY,13.6515,13.6515,73.9736,60.3221,60.3221,81.5454,81.5454,0,0,14.09,1.27,cautious,22.23,front,LIDAR_ONLY
0,118.4820,t2089,LIDAR_ONLY,13.8644,13.8644,73.9736,60.1092,60.1092,81.2576,81.2576,0,0,14.09,1.27,cautious,18.71,front,LIDAR_ONLY
0,118.5592,cam_3,CAM_ONLY,16.9994,,17.2929,0.2936,,1.6978,,1,,19.00,8.68,warning,3.04,,CAMERA_ONLY
0,118.6380,t2090,BOTH,16.8622,17.4889,17.2929,0.4307,0.1959,2.4908,1.1330,1,1,19.77,2.46,warning,3.04,,FULL_ANGLE
0,118.6380,t2088,LIDAR_ONLY,28.1081,28.1081,,,,,,,,19.77,2.46,drive,-29.36,front,LIDAR_ONLY
0,118.6380,t2089,LIDAR_ONLY,14.1171,14.1171,73.9736,59.8565,59.8565,80.9160,80.9160,0,0,19.77,2.46,cautious,18.49,front,LIDAR_ONLY
0,118.7123,cam_3,CAM_ONLY,17.1366,,17.2929,0.1564,,0.9042,,1,,11.28,4.92,warning,3.04,,CAMERA_ONLY
0,118.7704,cam_3,CAM_ONLY,16.8952,,17.2929,0.3977,,2.3000,,1,,10.91,3.27,warning,3.04,,CAMERA_ONLY
0,118.8293,cam_3,CAM_ONLY,16.9829,,17.2929,0.3101,,1.7931,,1,,12.94,1.79,warning,3.04,,CAMERA_ONLY
0,118.8293,t2088,LIDAR_ONLY,28.1227,28.1227,,,,,,,,12.94,1.79,drive,-29.30,front,LIDAR_ONLY
0,118.8933,t2096,BOTH,17.0417,17.4963,17.2929,0.2513,0.2033,1.4531,1.1757,1,1,12.59,2.30,warning,3.04,,FULL_ANGLE
0,118.8933,t2088,LIDAR_ONLY,28.1313,28.1313,,,,,,,,12.59,2.30,drive,-29.54,front,LIDAR_ONLY
0,118.9730,cam_3,CAM_ONLY,17.0574,,17.2929,0.2356,,1.3622,,1,,20.36,8.49,warning,3.04,,CAMERA_ONLY
0,119.0825,cam_3,CAM_ONLY,17.0858,,17.2929,0.2071,,1.1978,,1,,12.76,2.83,warning,3.04,,CAMERA_ONLY
0,119.0825,t2088,LIDAR_ONLY,28.1415,28.1415,,,,,,,,12.76,2.83,drive,-29.32,front,LIDAR_ONLY
0,119.1536,cam_3,CAM_ONLY,17.0271,,17.2929,0.2659,,1.5375,,1,,9.60,9.64,warning,3.04,,CAMERA_ONLY
0,119.2291,cam_3,CAM_ONLY,17.0621,,17.2929,0.2308,,1.3347,,1,,18.70,2.14,warning,3.04,,CAMERA_ONLY
0,119.2291,t2088,LIDAR_ONLY,28.1528,28.1528,,,,,,,,18.70,2.14,drive,-29.53,front,LIDAR_ONLY
0,119.3110,cam_3,CAM_ONLY,17.1238,,17.2929,0.1692,,0.9783,,1,,15.09,14.12,warning,3.04,,CAMERA_ONLY
0,119.3683,cam_3,CAM_ONLY,17.1444,,17.2929,0.1485,,0.8588,,1,,9.44,6.30,warning,3.04,,CAMERA_ONLY
0,119.4305,cam_3,CAM_ONLY,17.1273,,17.2929,0.1657,,0.9581,,1,,11.64,3.78,warning,3.04,,CAMERA_ONLY
0,119.5110,cam_3,CAM_ONLY,17.1704,,17.2929,0.1225,,0.7085,,1,,13.54,10.55,warning,3.04,,CAMERA_ONLY
0,119.5684,cam_3,CAM_ONLY,17.2429,,17.2929,0.0500,,0.2892,,1,,10.43,1.90,warning,3.04,,CAMERA_ONLY
0,119.6396,t2112,BOTH,17.2893,17.5162,17.2929,0.0036,0.2233,0.0209,1.2910,1,1,16.25,2.30,warning,3.04,,FULL_ANGLE
0,119.6396,t2110,LIDAR_ONLY,28.1904,28.1904,,,,,,,,16.25,2.30,drive,-29.42,front,LIDAR_ONLY
0,119.6396,t2113,LIDAR_ONLY,15.8112,15.8112,73.9736,58.1624,58.1624,78.6259,78.6259,0,0,16.25,2.30,drive,20.15,front,LIDAR_ONLY
0,119.7130,cam_3,CAM_ONLY,17.2085,,17.2929,0.0845,,0.4885,,1,,17.63,4.79,warning,3.04,,CAMERA_ONLY
0,119.7777,cam_3,CAM_ONLY,17.1882,,17.2929,0.1047,,0.6057,,1,,13.57,4.50,warning,3.04,,CAMERA_ONLY
0,119.8571,cam_3,CAM_ONLY,17.1663,,17.2929,0.1266,,0.7323,,1,,13.18,9.59,warning,3.04,,CAMERA_ONLY
0,119.9301,cam_3,CAM_ONLY,17.0177,,17.2929,0.2753,,1.5919,,1,,16.30,1.64,warning,3.04,,CAMERA_ONLY
0,120.0075,cam_3,CAM_ONLY,16.9630,,17.2929,0.3300,,1.9080,,1,,16.84,9.42,warning,3.04,,CAMERA_ONLY
0,120.0701,cam_3,CAM_ONLY,16.9170,,17.2929,0.3759,,2.1737,,1,,10.74,2.64,warning,3.04,,CAMERA_ONLY
0,120.1396,t2125,BOTH,16.9004,17.4892,17.2929,0.3925,0.1962,2.2699,1.1348,1,1,15.30,1.92,warning,3.04,,FULL_ANGLE
0,120.1396,t2124,LIDAR_ONLY,10.5506,10.5506,,,,,,,,15.30,1.92,cautious,27.74,front,LIDAR_ONLY
0,120.2086,cam_3,CAM_ONLY,16.9480,,17.2929,0.3449,,1.9945,,1,,12.75,10.64,warning,3.04,,CAMERA_ONLY
0,120.2695,cam_3,CAM_ONLY,16.8699,,17.2929,0.4231,,2.4465,,1,,12.49,2.86,warning,3.04,,CAMERA_ONLY
0,120.3310,t2125,BOTH,16.9636,17.4898,17.2929,0.3293,0.1969,1.9043,1.1386,1,1,12.80,1.38,warning,3.04,,FULL_ANGLE
0,120.3310,t2128,LIDAR_ONLY,28.1198,28.1198,,,,,,,,12.80,1.38,drive,-29.48,front,LIDAR_ONLY
0,120.4178,cam_3,CAM_ONLY,16.9039,,17.2929,0.3891,,2.2499,,1,,19.49,11.51,warning,3.04,,CAMERA_ONLY
0,120.5202,cam_3,CAM_ONLY,17.0655,,17.2929,0.2274,,1.3152,,1,,12.25,2.77,warning,3.04,,CAMERA_ONLY
0,120.5825,cam_3,CAM_ONLY,16.9892,,17.2929,0.3038,,1.7566,,1,,12.81,1.48,warning,3.04,,CAMERA_ONLY
0,120.5825,t2128,LIDAR_ONLY,28.1303,28.1303,,,,,,,,12.81,1.48,drive,-29.39,front,LIDAR_ONLY
0,120.6412,t2134,BOTH,17.0259,17.4824,17.2929,0.2670,0.1895,1.5441,1.0956,1,1,10.72,3.23,warning,3.04,,FULL_ANGLE
0,120.7079,cam_3,CAM_ONLY,17.0164,,17.2929,0.2765,,1.5991,,1,,10.88,9.82,warning,3.04,,CAMERA_ONLY
0,120.7729,cam_3,CAM_ONLY,17.0179,,17.2929,0.2751,,1.5906,,1,,12.88,3.21,warning,3.04,,CAMERA_ONLY
0,120.8331,cam_3,CAM_ONLY,16.9579,,17.2929,0.3351,,1.9375,,1,,14.91,3.52,warning,3.04,,CAMERA_ONLY
0,120.8969,t2141,BOTH,17.1112,17.4744,17.2929,0.1817,0.1814,1.0508,1.0490,1,1,10.98,5.41,warning,3.04,,FULL_ANGLE
0,120.8969,t2140,LIDAR_ONLY,15.3836,15.3836,73.9736,58.5900,58.5900,79.2039,79.2039,0,0,10.98,5.41,drive,20.51,front,LIDAR_ONLY
0,120.8969,t2140,LIDAR_ONLY,15.7610,15.7610,73.9736,58.2126,58.2126,78.6938,78.6938,0,0,10.98,5.41,drive,18.82,front,LIDAR_ONLY
0,120.9683,cam_3,CAM_ONLY,16.9664,,17.2929,0.3265,,1.8881,,1,,10.74,6.61,warning,3.04,,CAMERA_ONLY
0,121.0417,t2141,BOTH,16.9312,17.4877,17.2929,0.3617,0.1947,2.0917,1.1261,1,1,14.47,4.29,warning,3.04,,FULL_ANGLE
0,121.0417,t2140,LIDAR_ONLY,16.1170,16.1170,73.9736,57.8566,57.8566,78.2125,78.2125,0,0,14.47,4.29,drive,18.40,front,LIDAR_ONLY
0,121.1237,cam_3,CAM_ONLY,17.0858,,17.2929,0.2072,,1.1981,,1,,20.20,10.71,warning,3.04,,CAMERA_ONLY
0,121.2177,cam_3,CAM_ONLY,16.9714,,17.2929,0.3216,,1.8596,,1,,19.48,16.41,warning,3.04,,CAMERA_ONLY
0,121.2924,t2141,BOTH,16.8717,17.4949,17.2929,0.4212,0.2020,2.4357,1.1680,1,1,21.84,3.24,warning,3.04,,FULL_ANGLE
0,121.2924,t2140,LIDAR_ONLY,16.3088,16.3088,73.9736,57.6648,57.6648,77.9533,77.9533,0,0,21.84,3.24,drive,19.75,front,LIDAR_ONLY
0,121.3692,cam_3,CAM_ONLY,17.1139,,17.2929,0.1790,,1.0354,,1,,18.39,2.86,warning,3.04,,CAMERA_ONLY
0,121.4305,cam_3,CAM_ONLY,17.1737,,17.2929,0.1193,,0.6898,,1,,13.05,2.36,warning,3.04,,CAMERA_ONLY
0,121.4305,t2146,LIDAR_ONLY,28.1323,28.1323,,,,,,,,13.05,2.36,drive,-29.43,front,LIDAR_ONLY
0,121.5131,cam_3,CAM_ONLY,17.2641,,17.2929,0.0288,,0.1668,,1,,21.32,11.15,warning,3.04,,CAMERA_ONLY
0,121.5799,cam_3,CAM_ONLY,17.0415,,17.2929,0.2514,,1.4538,,1,,14.03,3.41,warning,3.04,,CAMERA_ONLY
0,121.6443,cam_3,CAM_ONLY,17.0730,,17.2929,0.2200,,1.2722,,1,,9.31,3.10,warning,3.04,,CAMERA_ONLY
0,121.6443,t2153,LIDAR_ONLY,16.8260,16.8260,73.9736,57.1476,57.1476,77.2540,77.2540,0,0,9.31,3.10,drive,19.35,front,LIDAR_ONLY
0,121.7150,cam_3,CAM_ONLY,17.0091,,17.2929,0.2839,,1.6414,,1,,11.55,6.96,warning,3.04,,CAMERA_ONLY
0,121.7807,cam_3,CAM_ONLY,17.1587,,17.2929,0.1343,,0.7765,,1,,15.24,3.32,warning,3.04,,CAMERA_ONLY
0,121.7807,t2155,LIDAR_ONLY,28.1748,28.1748,,,,,,,,15.24,3.32,drive,-29.37,front,LIDAR_ONLY
0,121.8673,cam_3,CAM_ONLY,17.1273,,17.2929,0.1656,,0.9577,,1,,14.74,15.45,warning,3.04,,CAMERA_ONLY
0,121.9487,cam_3,CAM_ONLY,17.0795,,17.2929,0.2135,,1.2343,,1,,13.20,9.08,warning,3.04,,CAMERA_ONLY
0,122.0159,cam_3,CAM_ONLY,16.9917,,17.2929,0.3013,,1.7422,,1,,12.72,8.91,warning,3.04,,CAMERA_ONLY
0,122.0804,cam_3,CAM_ONLY,16.9911,,17.2929,0.3018,,1.7454,,1,,12.98,1.44,warning,3.04,,CAMERA_ONLY
0,122.1665,cam_3,CAM_ONLY,16.9565,,17.2929,0.3365,,1.9458,,1,,22.27,17.45,warning,3.04,,CAMERA_ONLY
0,122.2340,t2164,BOTH,16.9306,17.5551,17.2929,0.3623,0.2621,2.0952,1.5158,1,1,15.24,1.17,warning,3.04,,FULL_ANGLE
0,122.2340,t2162,LIDAR_ONLY,28.0771,28.0771,,,,,,,,15.24,1.17,drive,-29.61,front,LIDAR_ONLY
0,122.2340,t2163,LIDAR_ONLY,18.0205,18.0205,73.9736,55.9531,55.9531,75.6392,75.6392,0,0,15.24,1.17,drive,18.53,front,LIDAR_ONLY
0,122.2340,t2163,LIDAR_ONLY,17.2283,17.2283,73.9736,56.7453,56.7453,76.7102,76.7102,0,0,15.24,1.17,drive,19.68,front,LIDAR_ONLY
0,122.3074,cam_3,CAM_ONLY,16.8344,,17.2929,0.4585,,2.6514,,1,,14.53,11.76,warning,3.04,,CAMERA_ONLY
0,122.3705,cam_3,CAM_ONLY,17.1633,,17.2929,0.1297,,0.7499,,1,,10.78,3.01,warning,3.04,,CAMERA_ONLY
0,122.4579,cam_3,CAM_ONLY,16.9265,,17.2929,0.3664,,2.1190,,1,,14.55,9.89,warning,3.04,,CAMERA_ONLY
0,122.5404,cam_3,CAM_ONLY,17.0124,,17.2929,0.2806,,1.6224,,1,,18.97,2.88,warning,3.04,,CAMERA_ONLY
0,122.6206,cam_3,CAM_ONLY,16.9814,,17.2929,0.3116,,1.8018,,1,,15.03,4.82,warning,3.04,,CAMERA_ONLY
0,122.6936,t2174,BOTH,16.8562,17.4603,17.2929,0.4368,0.1673,2.5257,0.9677,1,1,10.94,4.45,warning,3.04,,FULL_ANGLE
0,122.6936,t2173,LIDAR_ONLY,17.5361,17.5361,73.9736,56.4375,56.4375,76.2941,76.2941,0,0,10.94,4.45,drive,18.85,front,LIDAR_ONLY
0,122.6936,t2173,LIDAR_ONLY,17.0208,17.0208,73.9736,56.9529,56.9529,76.9908,76.9908,0,0,10.94,4.45,drive,19.86,front,LIDAR_ONLY
0,122.7687,cam_3,CAM_ONLY,16.9440,,17.2929,0.3490,,2.0179,,1,,16.46,9.85,warning,3.04,,CAMERA_ONLY
0,122.8305,cam_3,CAM_ONLY,16.8752,,17.2929,0.4177,,2.4156,,1,,10.99,1.23,warning,3.04,,CAMERA_ONLY
0,122.8305,t2176,LIDAR_ONLY,28.0996,28.0996,,,,,,,,10.99,1.23,drive,-29.51,front,LIDAR_ONLY
0,122.9230,cam_3,CAM_ONLY,17.1451,,17.2929,0.1478,,0.8547,,1,,10.16,3.24,warning,3.04,,CAMERA_ONLY
0,122.9874,t2184,BOTH,17.1662,17.5137,17.2929,0.1267,0.2207,0.7329,1.2764,1,1,12.62,1.97,warning,3.04,,FULL_ANGLE
0,122.9874,t2183,LIDAR_ONLY,16.8928,16.8928,73.9736,57.0808,57.0808,77.1637,77.1637,0,0,12.62,1.97,drive,19.30,front,LIDAR_ONLY
0,122.9874,t2184,LIDAR_ONLY,17.5472,17.5472,17.2929,0.2543,0.2543,1.4704,1.4704,1,1,12.62,1.97,drive,1.35,front,LIDAR_ONLY
0,123.0583,cam_3,CAM_ONLY,16.8932,,17.2929,0.3997,,2.3114,,1,,11.48,10.63,warning,3.04,,CAMERA_ONLY
0,123.1256,cam_3,CAM_ONLY,16.8450,,17.2929,0.4479,,2.5903,,1,,17.98,3.77,warning,3.04,,CAMERA_ONLY
0,123.1818,t2184,BOTH,16.9297,17.5499,17.2929,0.3633,0.2569,2.1006,1.4857,1,1,14.90,1.24,warning,3.04,,FULL_ANGLE
0,123.1818,t2187,LIDAR_ONLY,28.0976,28.0976,,,,,,,,14.90,1.24,drive,-29.57,front,LIDAR_ONLY
0,123.1818,t2184,LIDAR_ONLY,17.5557,17.5557,17.2929,0.2628,0.2628,1.5197,1.5197,1,1,14.90,1.24,drive,2.55,front,LIDAR_ONLY
0,123.2574,cam_3,CAM_ONLY,16.9688,,17.2929,0.3241,,1.8742,,1,,16.54,10.22,warning,3.04,,CAMERA_ONLY
0,123.3317,cam_3,CAM_ONLY,16.9306,,17.2929,0.3624,,2.0955,,1,,19.49,6.71,warning,3.04,,CAMERA_ONLY
0,123.4247,cam_3,CAM_ONLY,16.9124,,17.2929,0.3805,,2.2006,,1,,14.13,5.52,warning,3.04,,CAMERA_ONLY
0,123.5010,cam_3,CAM_ONLY,17.0449,,17.2929,0.2480,,1.4342,,1,,14.22,8.86,warning,3.04,,CAMERA_ONLY
0,123.5010,t2191,LIDAR_ONLY,14.8218,14.8218,73.9736,59.1518,59.1518,79.9634,79.9634,0,0,14.22,8.86,drive,21.02,front,LIDAR_ONLY
0,123.5796,cam_3,CAM_ONLY,17.2440,,17.2929,0.0489,,0.2829,,1,,15.52,2.86,warning,3.04,,CAMERA_ONLY
0,123.6503,cam_3,CAM_ONLY,17.1619,,17.2929,0.1311,,0.7579,,1,,16.57,8.55,warning,3.04,,CAMERA_ONLY
0,123.6503,t2191,LIDAR_ONLY,15.2236,15.2236,73.9736,58.7500,58.7500,79.4202,79.4202,0,0,16.57,8.55,drive,19.01,front,LIDAR_ONLY
0,123.7298,cam_3,CAM_ONLY,17.2244,,17.2929,0.0686,,0.3966,,1,,15.20,3.64,warning,3.04,,CAMERA_ONLY
0,123.8080,cam_3,CAM_ONLY,17.0033,,17.2929,0.2896,,1.6747,,1,,18.15,7.39,warning,3.04,,CAMERA_ONLY
0,123.8762,cam_3,CAM_ONLY,16.9659,,17.2929,0.3271,,1.8913,,1,,14.02,3.69,warning,3.04,,CAMERA_ONLY
0,123.9474,t2196,BOTH,17.0505,17.5425,17.2929,0.2424,0.2496,1.4020,1.4434,1,1,18.39,4.91,warning,3.04,,FULL_ANGLE
0,123.9474,t2195,LIDAR_ONLY,15.0051,15.0051,73.9736,58.9685,58.9685,79.7156,79.7156,0,0,18.39,4.91,drive,20.85,front,LIDAR_ONLY
0,123.9474,t2195,LIDAR_ONLY,15.4963,15.4963,73.9736,58.4773,58.4773,79.0516,79.0516,0,0,18.39,4.91,drive,19.06,front,LIDAR_ONLY
0,124.0573,cam_3,CAM_ONLY,17.0876,,17.2929,0.2053,,1.1873,,1,,19.18,7.68,warning,3.04,,CAMERA_ONLY
0,124.1219,cam_3,CAM_ONLY,17.1338,,17.2929,0.1591,,0.9202,,1,,12.44,3.04,warning,3.04,,CAMERA_ONLY
0,124.1843,t2196,BOTH,17.0726,17.5220,17.2929,0.2204,0.2290,1.2742,1.3244,1,1,13.40,1.24,warning,3.04,,FULL_ANGLE
0,124.1843,t2199,LIDAR_ONLY,28.2349,28.2349,,,,,,,,13.40,1.24,drive,-29.30,front,LIDAR_ONLY
0,124.2599,cam_3,CAM_ONLY,17.1405,,17.2929,0.1524,,0.8815,,1,,15.36,11.47,warning,3.04,,CAMERA_ONLY
0,124.3183,cam_3,CAM_ONLY,16.9515,,17.2929,0.3415,,1.9746,,1,,12.15,2.79,warning,3.04,,CAMERA_ONLY
0,124.3849,t2196,BOTH,16.9363,17.5206,17.2929,0.3567,0.2276,2.0627,1.3164,1,1,14.51,1.63,warning,3.04,,FULL_ANGLE
0,124.3849,t2203,LIDAR_ONLY,10.9495,10.9495,73.9736,63.0241,63.0241,85.1981,85.1981,0,0,14.51,1.63,cautious,26.57,front,LIDAR_ONLY
0,124.3849,t2199,LIDAR_ONLY,28.2015,28.2015,,,,,,,,14.51,1.63,drive,-29.55,front,LIDAR_ONLY
0,124.3849,t2203,LIDAR_ONLY,11.0862,11.0862,73.9736,62.8874,62.8874,85.0133,85.0133,0,0,14.51,1.63,cautious,19.32,front,LIDAR_ONLY
0,124.4521,cam_3,CAM_ONLY,16.9977,,17.2929,0.2952,,1.7071,,1,,9.45,7.33,warning,3.04,,CAMERA_ONLY
0,124.5169,cam_3,CAM_ONLY,16.9599,,17.2929,0.3331,,1.9260,,1,,12.18,5.87,warning,3.04,,CAMERA_ONLY
0,124.5824,t2196,BOTH,16.9292,17.5336,17.2929,0.3638,0.2406,2.1037,1.3915,1,1,10.49,1.26,warning,3.04,,FULL_ANGLE
0,124.5824,t2199,LIDAR_ONLY,28.1748,28.1748,,,,,,,,10.49,1.26,drive,-29.49,front,LIDAR_ONLY
0,124.5824,t2196,LIDAR_ONLY,17.5381,17.5381,17.2929,0.2452,0.2452,1.4178,1.4178,1,1,10.49,1.26,drive,2.79,front,LIDAR_ONLY
0,124.6526,cam_3,CAM_ONLY,17.0965,,17.2929,0.1964,,1.1358,,1,,11.79,9.53,warning,3.04,,CAMERA_ONLY
0,124.7343,t2196,BOTH,17.0714,17.5361,17.2929,0.2216,0.2432,1.2813,1.4063,1,1,19.71,1.37,warning,3.04,,FULL_ANGLE
0,124.7343,t2199,LIDAR_ONLY,28.1661,28.1661,,,,,,,,19.71,1.37,drive,-29.46,front,LIDAR_ONLY
0,124.7343,t2207,LIDAR_ONLY,12.7450,12.7450,73.9736,61.2286,61.2286,82.7709,82.7709,0,0,19.71,1.37,cautious,23.35,front,LIDAR_ONLY
0,124.7343,t2207,LIDAR_ONLY,12.8160,12.8160,73.9736,61.1576,61.1576,82.6749,82.6749,0,0,19.71,1.37,cautious,19.05,front,LIDAR_ONLY
0,124.8087,cam_3,CAM_ONLY,16.9893,,17.2929,0.3036,,1.7557,,1,,15.02,10.97,warning,3.04,,CAMERA_ONLY
0,124.8750,cam_3,CAM_ONLY,17.1050,,17.2929,0.1880,,1.0870,,1,,9.15,3.02,warning,3.04,,CAMERA_ONLY
0,124.9371,t2196,BOTH,16.9949,17.5338,17.2929,0.2981,0.2409,1.7237,1.3928,1,1,9.47,1.76,warning,3.04,,FULL_ANGLE
0,124.9371,t2207,LIDAR_ONLY,11.0668,11.0668,73.9736,62.9068,62.9068,85.0395,85.0395,0,0,9.47,1.76,cautious,28.62,front,LIDAR_ONLY
0,124.9371,t2207,LIDAR_ONLY,11.1058,11.1058,73.9736,62.8678,62.8678,84.9868,84.9868,0,0,9.47,1.76,cautious,20.80,front,LIDAR_ONLY
0,124.9371,t2207,LIDAR_ONLY,11.1638,11.1638,73.9736,62.8099,62.8099,84.9085,84.9085,0,0,9.47,1.76,cautious,19.41,front,LIDAR_ONLY
0,124.9371,t2207,LIDAR_ONLY,10.7411,10.7411,73.9736,63.2325,63.2325,85.4798,85.4798,0,0,9.47,1.76,cautious,18.82,front,LIDAR_ONLY
0,125.0070,cam_3,CAM_ONLY,16.9495,,17.2929,0.3434,,1.9859,,1,,13.23,9.01,warning,3.04,,CAMERA_ONLY
0,125.0866,t2196,BOTH,17.0705,17.5253,17.2929,0.2224,0.2324,1.2863,1.3438,1,1,21.64,1.26,warning,3.04,,FULL_ANGLE
0,125.0866,t2212,LIDAR_ONLY,28.1318,28.1318,,,,,,,,21.64,1.26,drive,-29.43,front,LIDAR_ONLY
0,125.0866,t2207,LIDAR_ONLY,10.7434,10.7434,73.9736,63.2302,63.2302,85.4767,85.4767,0,0,21.64,1.26,cautious,18.83,front,LIDAR_ONLY
0,125.1934,cam_3,CAM_ONLY,17.0672,,17.2929,0.2257,,1.3054,,1,,22.81,22.68,warning,3.04,,CAMERA_ONLY
0,125.2719,cam_3,CAM_ONLY,16.8708,,17.2929,0.4222,,2.4413,,1,,23.38,5.37,warning,3.04,,CAMERA_ONLY
0,125.3611,cam_3,CAM_ONLY,17.1238,,17.2929,0.1692,,0.9783,,1,,11.62,12.51,warning,3.09,,CAMERA_ONLY
0,125.4577,cam_3,CAM_ONLY,16.9546,,17.2929,0.3383,,1.9565,,1,,18.59,9.66,warning,3.04,,CAMERA_ONLY
0,125.5610,cam_3,CAM_ONLY,16.8372,,17.2929,0.4557,,2.6355,,1,,13.83,13.63,warning,3.04,,CAMERA_ONLY
0,125.6262,cam_3,CAM_ONLY,16.7876,,17.2929,0.5054,,2.9224,,1,,12.78,3.07,warning,3.04,,CAMERA_ONLY
0,125.6926,t2225,BOTH,16.6877,17.4739,17.2929,0.6052,0.1809,3.4997,1.0464,1,1,12.83,4.70,warning,3.04,,FULL_ANGLE
0,125.7591,cam_3,CAM_ONLY,16.7321,,17.2929,0.5608,,3.2432,,1,,9.75,9.28,warning,3.04,,CAMERA_ONLY
0,125.8297,cam_3,CAM_ONLY,16.8531,,17.2929,0.4399,,2.5437,,1,,9.44,2.77,warning,3.04,,CAMERA_ONLY
0,125.8297,t2227,LIDAR_ONLY,28.1538,28.1538,,,,,,,,9.44,2.77,drive,-29.43,front,LIDAR_ONLY
0,125.8961,cam_3,CAM_ONLY,16.8708,,17.2929,0.4221,,2.4409,,1,,9.34,4.44,warning,3.04,,CAMERA_ONLY
0,125.8961,t2230,LIDAR_ONLY,17.9909,17.9909,73.9736,55.9827,55.9827,75.6793,75.6793,0,0,9.34,4.44,drive,18.55,front,LIDAR_ONLY
0,125.8961,t2230,LIDAR_ONLY,16.9759,16.9759,73.9736,56.9977,56.9977,77.0514,77.0514,0,0,9.34,4.44,drive,19.80,front,LIDAR_ONLY
0,125.9640,cam_3,CAM_ONLY,16.9230,,17.2929,0.3699,,2.1392,,1,,11.41,6.33,warning,3.04,,CAMERA_ONLY
0,126.0640,cam_3,CAM_ONLY,16.8778,,17.2929,0.4152,,2.4009,,1,,11.76,8.64,warning,3.04,,CAMERA_ONLY
0,126.1523,cam_3,CAM_ONLY,16.7834,,17.2929,0.5096,,2.9466,,1,,14.12,8.54,warning,3.00,,CAMERA_ONLY
0,126.2217,cam_3,CAM_ONLY,17.3061,,17.2929,0.0132,,0.0762,,1,,14.70,3.28,warning,3.00,,CAMERA_ONLY
0,126.3063,cam_3,CAM_ONLY,16.7234,,17.2929,0.5696,,3.2937,,1,,18.41,10.28,warning,3.00,,CAMERA_ONLY
0,126.3789,cam_3,CAM_ONLY,17.3651,,17.2929,0.0722,,0.4175,,1,,19.90,2.41,warning,3.00,,CAMERA_ONLY
0,126.3789,t2235,LIDAR_ONLY,28.1695,28.1695,,,,,,,,19.90,2.41,drive,-29.47,front,LIDAR_ONLY
0,126.3789,t2236,LIDAR_ONLY,28.2436,28.2436,17.2929,10.9506,10.9506,63.3244,63.3244,0,0,19.90,2.41,drive,-3.75,front,LIDAR_ONLY
0,126.3789,t2236,LIDAR_ONLY,28.2097,28.2097,17.2929,10.9168,10.9168,63.1285,63.1285,0,0,19.90,2.41,drive,-1.62,front,LIDAR_ONLY
0,126.3789,t2236,LIDAR_ONLY,24.9623,24.9623,17.2929,7.6693,7.6693,44.3495,44.3495,0,0,19.90,2.41,drive,1.63,front,LIDAR_ONLY
0,126.4434,cam_3,CAM_ONLY,17.2070,,17.2929,0.0859,,0.4968,,1,,11.68,4.13,warning,2.82,,CAMERA_ONLY
0,126.4434,t2239,LIDAR_ONLY,18.2767,18.2767,73.9736,55.6969,55.6969,75.2929,75.2929,0,0,11.68,4.13,drive,18.37,front,LIDAR_ONLY
0,126.4434,t2239,LIDAR_ONLY,17.9531,17.9531,73.9736,56.0205,56.0205,75.7304,75.7304,0,0,11.68,4.13,drive,18.97,front,LIDAR_ONLY
0,126.5099,cam_3,CAM_ONLY,19.0205,,17.2929,1.7276,,9.9901,,0,,11.14,9.46,warning,2.86,,CAMERA_ONLY
0,126.5742,cam_3,CAM_ONLY,18.8715,,17.2929,1.5786,,9.1283,,0,,13.50,3.17,warning,2.91,,CAMERA_ONLY
0,126.6463,cam_3,CAM_ONLY,16.9250,,17.2929,0.3679,,2.1276,,1,,15.28,6.51,warning,2.91,,CAMERA_ONLY
0,126.7410,t2245,BOTH,15.2514,17.5002,17.2929,2.0415,0.2073,11.8055,1.1986,0,1,10.28,2.41,warning,2.82,,FULL_ANGLE
0,126.8239,cam_3,CAM_ONLY,14.9147,,17.2929,2.3782,,13.7526,,0,,20.42,8.27,warning,3.09,,CAMERA_ONLY
0,126.8874,t2245,BOTH,14.7601,17.4939,17.2929,2.5329,0.2010,14.6470,1.1623,0,1,16.73,1.52,warning,3.04,,FULL_ANGLE
0,126.8874,t2247,LIDAR_ONLY,28.2375,28.2375,,,,,,,,16.73,1.52,drive,-29.40,front,LIDAR_ONLY
0,126.8874,t2248,LIDAR_ONLY,12.7635,12.7635,73.9736,61.2101,61.2101,82.7458,82.7458,0,0,16.73,1.52,cautious,23.29,front,LIDAR_ONLY
0,126.8874,t2248,LIDAR_ONLY,12.9318,12.9318,73.9736,61.0418,61.0418,82.5183,82.5183,0,0,16.73,1.52,cautious,18.27,front,LIDAR_ONLY
0,126.8874,t2248,LIDAR_ONLY,13.2049,13.2049,73.9736,60.7687,60.7687,82.1491,82.1491,0,0,16.73,1.52,cautious,19.95,front,LIDAR_ONLY
0,126.9615,cam_3,CAM_ONLY,15.5191,,17.2929,1.7738,,10.2574,,0,,19.72,9.13,warning,3.09,,CAMERA_ONLY
0,127.0327,cam_3,CAM_ONLY,15.3951,,17.2929,1.8978,,10.9746,,0,,12.39,1.42,warning,3.17,,CAMERA_ONLY
0,127.0327,t2247,LIDAR_ONLY,28.1966,28.1966,,,,,,,,12.39,1.42,drive,-29.39,front,LIDAR_ONLY
0,127.1100,cam_3,CAM_ONLY,18.1700,,17.2929,0.8770,,5.0716,,1,,12.68,10.65,warning,3.22,,CAMERA_ONLY
0,127.1759,cam_3,CAM_ONLY,18.8424,,17.2929,1.5495,,8.9602,,0,,15.06,3.36,warning,3.22,,CAMERA_ONLY
0,127.2387,t2257,BOTH,19.6956,17.5122,17.2929,2.4027,0.2192,13.8939,1.2676,0,1,11.40,3.36,safe,3.17,,FULL_ANGLE
0,127.2387,t2256,LIDAR_ONLY,16.2142,16.2142,73.9736,57.7594,57.7594,78.0811,78.0811,0,0,11.40,3.36,drive,19.82,front,LIDAR_ONLY
0,127.2387,t2256,LIDAR_ONLY,16.4337,16.4337,73.9736,57.5399,57.5399,77.7844,77.7844,0,0,11.40,3.36,drive,18.17,front,LIDAR_ONLY
0,127.3173,cam_3,CAM_ONLY,19.2787,,17.2915,1.9872,,11.4926,,0,,18.41,5.50,warning,3.09,,CAMERA_ONLY
0,127.4240,cam_3,CAM_ONLY,17.3664,,17.2910,0.0754,,0.4358,,1,,15.23,7.11,warning,3.13,,CAMERA_ONLY
0,127.5130,cam_3,CAM_ONLY,16.3508,,17.2910,0.9403,,5.4378,,1,,17.89,8.50,warning,3.13,,CAMERA_ONLY
0,127.5761,cam_3,CAM_ONLY,17.3683,,17.2910,0.0773,,0.4469,,1,,10.09,3.34,warning,3.13,,CAMERA_ONLY
0,127.6422,cam_3,CAM_ONLY,17.3506,,17.2910,0.0596,,0.3447,,1,,11.29,5.40,warning,3.04,,CAMERA_ONLY
0,127.6422,t2263,LIDAR_ONLY,18.0603,18.0603,73.9729,55.9126,55.9126,75.5853,75.5853,0,0,11.29,5.40,drive,18.50,front,LIDAR_ONLY
0,127.6422,t2263,LIDAR_ONLY,16.9964,16.9964,73.9729,56.9765,56.9765,77.0235,77.0235,0,0,11.29,5.40,drive,19.86,front,LIDAR_ONLY
0,127.7181,cam_3,CAM_ONLY,17.0617,,17.2910,0.2293,,1.3261,,1,,16.21,2.28,warning,3.04,,CAMERA_ONLY
0,127.7813,cam_3,CAM_ONLY,16.9748,,17.2910,0.3162,,1.8289,,1,,14.41,2.91,warning,3.04,,CAMERA_ONLY
0,127.8579,cam_3,CAM_ONLY,16.9327,,17.2910,0.3583,,2.0724,,1,,11.98,10.43,warning,3.04,,CAMERA_ONLY
0,127.9330,cam_3,CAM_ONLY,17.0502,,17.2910,0.2409,,1.3931,,1,,15.14,3.34,warning,3.04,,CAMERA_ONLY
0,127.9330,t2270,LIDAR_ONLY,28.1518,28.1518,,,,,,,,15.14,3.34,drive,-29.40,front,LIDAR_ONLY
0,128.0107,cam_3,CAM_ONLY,16.9378,,17.2910,0.3533,,2.0430,,1,,17.95,13.16,warning,3.04,,CAMERA_ONLY
0,128.0805,cam_3,CAM_ONLY,17.0495,,17.2910,0.2416,,1.3970,,1,,15.68,2.89,warning,3.04,,CAMERA_ONLY
0,128.0805,t2270,LIDAR_ONLY,28.1409,28.1409,,,,,,,,15.68,2.89,drive,-29.46,front,LIDAR_ONLY
0,128.1416,t2274,BOTH,17.0882,17.5262,17.2910,0.2029,0.2351,1.1733,1.3598,1,1,11.90,3.61,warning,3.09,,FULL_ANGLE
0,128.1416,t2273,LIDAR_ONLY,18.3124,18.3124,73.9729,55.6605,55.6605,75.2445,75.2445,0,0,11.90,3.61,drive,18.34,front,LIDAR_ONLY
0,128.1416,t2273,LIDAR_ONLY,17.3187,17.3187,73.9729,56.6542,56.6542,76.5878,76.5878,0,0,11.90,3.61,drive,19.65,front,LIDAR_ONLY
0,128.2121,cam_3,CAM_ONLY,16.9970,,17.2910,0.2940,,1.7003,,1,,13.15,8.55,warning,3.09,,CAMERA_ONLY
0,128.2783,cam_3,CAM_ONLY,17.1121,,17.2910,0.1790,,1.0350,,1,,12.01,1.96,warning,3.04,,CAMERA_ONLY
0,128.2783,t2270,LIDAR_ONLY,28.1466,28.1466,,,,,,,,12.01,1.96,drive,-29.44,front,LIDAR_ONLY
0,128.3535,cam_3,CAM_ONLY,17.1009,,17.2910,0.1901,,1.0996,,1,,12.33,10.37,warning,3.04,,CAMERA_ONLY
0,128.4192,cam_3,CAM_ONLY,17.1531,,17.2910,0.1380,,0.7979,,1,,15.35,2.71,warning,3.04,,CAMERA_ONLY
0,128.4769,cam_3,CAM_ONLY,17.1705,,17.2910,0.1206,,0.6972,,1,,11.62,2.65,warning,3.04,,CAMERA_ONLY
0,128.5421,t2282,BOTH,17.1231,17.4541,17.2910,0.1679,0.1630,0.9712,0.9428,1,1,15.27,4.44,warning,3.04,,FULL_ANGLE
0,128.5421,t2281,LIDAR_ONLY,16.4045,16.4045,73.9729,57.5684,57.5684,77.8236,77.8236,0,0,15.27,4.44,drive,19.67,front,LIDAR_ONLY
0,128.6205,cam_3,CAM_ONLY,17.1489,,17.2910,0.1421,,0.8218,,1,,13.09,3.12,warning,3.04,,CAMERA_ONLY
0,128.6828,t2282,BOTH,16.9567,17.4584,17.2910,0.3344,0.1673,1.9338,0.9678,1,1,11.86,1.26,warning,3.04,,FULL_ANGLE
0,128.6828,t2284,LIDAR_ONLY,28.0934,28.0934,,,,,,,,11.86,1.26,drive,-29.56,front,LIDAR_ONLY
0,128.6828,t2281,LIDAR_ONLY,16.6468,16.6468,73.9729,57.3261,57.3261,77.4961,77.4961,0,0,11.86,1.26,drive,18.40,front,LIDAR_ONLY
0,128.7539,cam_3,CAM_ONLY,16.9607,,17.2910,0.3304,,1.9106,,1,,13.43,9.89,warning,3.04,,CAMERA_ONLY
0,128.8167,cam_3,CAM_ONLY,16.9699,,17.2910,0.3212,,1.8573,,1,,11.70,5.83,warning,3.04,,CAMERA_ONLY
0,128.8754,cam_3,CAM_ONLY,16.8829,,17.2910,0.4081,,2.3604,,1,,11.96,2.88,warning,3.04,,CAMERA_ONLY
0,128.9366,t2292,BOTH,16.8685,17.4857,17.2910,0.4225,0.1947,2.4436,1.1258,1,1,13.70,2.50,warning,3.04,,FULL_ANGLE
0,128.9366,t2291,LIDAR_ONLY,18.0781,18.0781,73.9729,55.8948,55.8948,75.5612,75.5612,0,0,13.70,2.50,drive,18.49,front,LIDAR_ONLY
0,128.9366,t2291,LIDAR_ONLY,17.2437,17.2437,73.9729,56.7292,56.7292,76.6892,76.6892,0,0,13.70,2.50,drive,19.52,front,LIDAR_ONLY
0,128.9366,t2291,LIDAR_ONLY,16.8175,16.8175,73.9729,57.1554,57.1554,77.2653,77.2653,0,0,13.70,2.50,drive,21.28,front,LIDAR_ONLY
0,129.0063,cam_3,CAM_ONLY,16.8452,,17.2910,0.4459,,2.5787,,1,,12.62,10.15,warning,3.04,,CAMERA_ONLY
0,129.0848,cam_3,CAM_ONLY,16.9803,,17.2910,0.3107,,1.7970,,1,,21.23,6.26,warning,3.04,,CAMERA_ONLY
0,129.1676,cam_3,CAM_ONLY,17.0171,,17.2910,0.2739,,1.5841,,1,,18.69,6.62,warning,3.04,,CAMERA_ONLY
0,129.2287,cam_3,CAM_ONLY,16.9664,,17.2910,0.3247,,1.8777,,1,,13.71,1.91,warning,3.04,,CAMERA_ONLY
0,129.2287,t2295,LIDAR_ONLY,28.1357,28.1357,,,,,,,,13.71,1.91,drive,-29.49,front,LIDAR_ONLY
0,129.2917,t2300,BOTH,16.8548,17.5190,17.2910,0.4363,0.2279,2.5232,1.3182,1,1,15.54,2.98,warning,3.04,,FULL_ANGLE
0,129.2917,t2299,LIDAR_ONLY,17.0040,17.0040,73.9729,56.9689,56.9689,77.0132,77.0132,0,0,15.54,2.98,drive,19.22,front,LIDAR_ONLY
0,129.3706,cam_3,CAM_ONLY,16.8542,,17.2910,0.4369,,2.5267,,1,,21.33,6.78,warning,3.04,,CAMERA_ONLY
0,129.4537,t2300,BOTH,16.9696,17.5054,17.2910,0.3214,0.2144,1.8588,1.2398,1,1,19.06,9.96,warning,3.04,,FULL_ANGLE
0,129.4537,t2299,LIDAR_ONLY,16.7701,16.7701,73.9729,57.2028,57.2028,77.3294,77.3294,0,0,19.06,9.96,drive,19.61,front,LIDAR_ONLY
0,129.5222,cam_3,CAM_ONLY,17.0279,,17.2910,0.2631,,1.5218,,1,,13.72,3.01,warning,3.04,,CAMERA_ONLY
0,129.5805,t2300,BOTH,17.1038,17.5070,17.2910,0.1872,0.2160,1.0829,1.2492,1,1,12.30,1.18,warning,3.04,,FULL_ANGLE
0,129.5805,t2303,LIDAR_ONLY,28.2269,28.2269,,,,,,,,12.30,1.18,drive,-29.39,front,LIDAR_ONLY
0,129.6621,cam_3,CAM_ONLY,17.0645,,17.2910,0.2265,,1.3102,,1,,18.68,15.89,warning,3.04,,CAMERA_ONLY
0,129.7310,cam_3,CAM_ONLY,17.0987,,17.2910,0.1924,,1.1125,,1,,16.85,1.58,warning,3.04,,CAMERA_ONLY
0,129.7310,t2303,LIDAR_ONLY,28.2081,28.2081,,,,,,,,16.85,1.58,drive,-29.62,front,LIDAR_ONLY
0,129.7942,t2300,BOTH,17.0127,17.4992,17.2910,0.2783,0.2082,1.6096,1.2041,1,1,13.37,5.99,warning,3.04,,FULL_ANGLE
0,129.8524,cam_3,CAM_ONLY,16.9930,,17.2910,0.2980,,1.7237,,1,,9.90,7.80,warning,3.04,,CAMERA_ONLY
0,129.9215,cam_3,CAM_ONLY,16.8761,,17.2910,0.4150,,2.4000,,1,,16.66,5.01,warning,3.04,,CAMERA_ONLY
0,129.9895,t2300,BOTH,17.0354,17.5088,17.2910,0.2556,0.2177,1.4782,1.2592,1,1,13.70,2.42,warning,3.04,,FULL_ANGLE
0,129.9895,t2310,LIDAR_ONLY,12.0362,12.0362,73.9729,61.9366,61.9366,83.7289,83.7289,0,0,13.70,2.42,cautious,24.36,front,LIDAR_ONLY
0,129.9895,t2310,LIDAR_ONLY,12.3814,12.3814,73.9729,61.5915,61.5915,83.2622,83.2622,0,0,13.70,2.42,cautious,18.90,front,LIDAR_ONLY
0,129.9895,t2310,LIDAR_ONLY,12.6463,12.6463,73.9729,61.3266,61.3266,82.9042,82.9042,0,0,13.70,2.42,cautious,20.64,front,LIDAR_ONLY
0,130.0655,cam_3,CAM_ONLY,17.0565,,17.2910,0.2346,,1.3566,,1,,11.31,6.94,warning,3.04,,CAMERA_ONLY
0,130.1494,cam_3,CAM_ONLY,16.9642,,17.2910,0.3268,,1.8902,,1,,20.97,8.80,warning,3.04,,CAMERA_ONLY
0,130.2188,cam_3,CAM_ONLY,16.9227,,17.2910,0.3683,,2.1302,,1,,16.96,4.55,warning,3.04,,CAMERA_ONLY
0,130.2854,t2315,BOTH,16.8924,17.4462,17.2910,0.3987,0.1552,2.3056,0.8974,1,1,14.78,1.34,warning,3.04,,FULL_ANGLE
0,130.2854,t2313,LIDAR_ONLY,28.0964,28.0964,,,,,,,,14.78,1.34,drive,-29.54,front,LIDAR_ONLY
0,130.3535,cam_3,CAM_ONLY,16.9185,,17.2910,0.3725,,2.1544,,1,,10.36,8.02,warning,3.04,,CAMERA_ONLY
0,130.4261,cam_3,CAM_ONLY,16.8434,,17.2910,0.4476,,2.5886,,1,,13.99,2.49,warning,3.04,,CAMERA_ONLY
0,130.4916,cam_3,CAM_ONLY,16.9005,,17.2910,0.3905,,2.2586,,1,,15.12,3.89,warning,3.04,,CAMERA_ONLY
0,130.4916,t2319,LIDAR_ONLY,17.7070,17.7070,73.9729,56.2658,56.2658,76.0628,76.0628,0,0,15.12,3.89,drive,18.73,front,LIDAR_ONLY
0,130.4916,t2319,LIDAR_ONLY,17.1086,17.1086,73.9729,56.8643,56.8643,76.8718,76.8718,0,0,15.12,3.89,drive,19.69,front,LIDAR_ONLY
0,130.5641,cam_3,CAM_ONLY,16.8822,,17.2910,0.4088,,2.3644,,1,,13.72,9.75,warning,3.04,,CAMERA_ONLY
0,130.6250,cam_3,CAM_ONLY,16.9651,,17.2910,0.3260,,1.8852,,1,,11.43,3.45,warning,3.04,,CAMERA_ONLY
0,130.7045,cam_3,CAM_ONLY,16.8847,,17.2910,0.4063,,2.3498,,1,,13.91,8.53,warning,3.04,,CAMERA_ONLY
0,130.7045,t2319,LIDAR_ONLY,17.2238,17.2238,73.9729,56.7491,56.7491,76.7160,76.7160,0,0,13.91,8.53,drive,18.36,front,LIDAR_ONLY
0,130.7045,t2319,LIDAR_ONLY,17.2291,17.2291,73.9729,56.7438,56.7438,76.7089,76.7089,0,0,13.91,8.53,drive,19.48,front,LIDAR_ONLY
0,130.7045,t2319,LIDAR_ONLY,17.0939,17.0939,73.9729,56.8790,56.8790,76.8916,76.8916,0,0,13.91,8.53,drive,20.32,front,LIDAR_ONLY
0,130.7696,cam_3,CAM_ONLY,16.9232,,17.2910,0.3678,,2.1272,,1,,12.46,2.60,warning,3.04,,CAMERA_ONLY
0,130.8495,cam_3,CAM_ONLY,16.8955,,17.2910,0.3955,,2.2875,,1,,18.20,6.21,warning,3.04,,CAMERA_ONLY
0,130.8495,t2319,LIDAR_ONLY,17.1339,17.1339,73.9729,56.8390,56.8390,76.8376,76.8376,0,0,18.20,6.21,drive,18.33,front,LIDAR_ONLY
0,130.9176,cam_3,CAM_ONLY,17.0389,,17.2910,0.2522,,1.4585,,1,,12.96,4.27,warning,3.04,,CAMERA_ONLY
0,130.9804,cam_3,CAM_ONLY,17.0419,,17.2910,0.2492,,1.4410,,1,,10.67,1.81,warning,3.04,,CAMERA_ONLY
0,130.9804,t2325,LIDAR_ONLY,28.1344,28.1344,,,,,,,,10.67,1.81,drive,-29.48,front,LIDAR_ONLY
0,131.0475,cam_3,CAM_ONLY,16.9236,,17.2910,0.3674,,2.1250,,1,,14.81,5.71,warning,3.04,,CAMERA_ONLY
0,131.0475,t2319,LIDAR_ONLY,17.1828,17.1828,73.9729,56.7900,56.7900,76.7714,76.7714,0,0,14.81,5.71,drive,19.19,front,LIDAR_ONLY
0,131.1179,cam_3,CAM_ONLY,16.9325,,17.2910,0.3586,,2.0738,,1,,16.53,2.18,warning,3.04,,CAMERA_ONLY
0,131.1803,cam_3,CAM_ONLY,16.8648,,17.2910,0.4262,,2.4649,,1,,13.08,1.64,warning,3.04,,CAMERA_ONLY
0,131.1803,t2325,LIDAR_ONLY,28.0941,28.0941,,,,,,,,13.08,1.64,drive,-29.66,front,LIDAR_ONLY
0,131.2702,cam_3,CAM_ONLY,17.0290,,17.2910,0.2621,,1.5157,,1,,11.77,6.54,warning,3.04,,CAMERA_ONLY
0,131.3327,t2329,BOTH,17.0152,17.4785,17.2910,0.2758,0.1875,1.5950,1.0842,1,1,12.56,1.26,warning,3.04,,FULL_ANGLE
0,131.3934,cam_3,CAM_ONLY,16.9744,,17.2910,0.3167,,1.8315,,1,,10.33,3.17,warning,3.04,,CAMERA_ONLY
0,131.3934,t2331,LIDAR_ONLY,15.3659,15.3659,73.9729,58.6069,58.6069,79.2276,79.2276,0,0,10.33,3.17,drive,20.53,front,LIDAR_ONLY
0,131.3934,t2331,LIDAR_ONLY,15.7209,15.7209,73.9729,58.2519,58.2519,78.7477,78.7477,0,0,10.33,3.17,drive,18.80,front,LIDAR_ONLY
0,131.4673,cam_3,CAM_ONLY,16.9427,,17.2910,0.3484,,2.0148,,1,,12.19,8.91,warning,3.04,,CAMERA_ONLY
0,131.5370,cam_3,CAM_ONLY,16.9173,,17.2910,0.3738,,2.1617,,1,,19.03,3.37,warning,3.04,,CAMERA_ONLY
0,131.5370,t2333,LIDAR_ONLY,28.2287,28.2287,,,,,,,,19.03,3.37,drive,-29.29,front,LIDAR_ONLY
0,131.6151,cam_3,CAM_ONLY,17.0302,,17.2910,0.2608,,1.5085,,1,,16.15,8.70,warning,3.04,,CAMERA_ONLY
0,131.6861,cam_3,CAM_ONLY,16.9676,,17.2910,0.3235,,1.8708,,1,,15.12,1.35,warning,3.04,,CAMERA_ONLY
0,131.6861,t2333,LIDAR_ONLY,28.1996,28.1996,,,,,,,,15.12,1.35,drive,-29.64,front,LIDAR_ONLY
0,131.7568,cam_3,CAM_ONLY,17.1186,,17.2910,0.1724,,0.9971,,1,,10.98,9.41,warning,3.04,,CAMERA_ONLY
0,131.8360,cam_3,CAM_ONLY,17.0009,,17.2910,0.2902,,1.6781,,1,,18.37,1.37,warning,3.04,,CAMERA_ONLY
0,131.8360,t2336,LIDAR_ONLY,12.4609,12.4609,73.9729,61.5120,61.5120,83.1547,83.1547,0,0,18.37,1.37,cautious,23.88,front,LIDAR_ONLY
0,131.8360,t2333,LIDAR_ONLY,28.1733,28.1733,,,,,,,,18.37,1.37,drive,-29.51,front,LIDAR_ONLY
0,131.9130,cam_3,CAM_ONLY,17.0263,,17.2910,0.2647,,1.5308,,1,,13.24,12.89,warning,3.04,,CAMERA_ONLY
0,131.9784,cam_3,CAM_ONLY,17.0100,,17.2910,0.2811,,1.6255,,1,,14.98,1.32,warning,3.04,,CAMERA_ONLY
0,131.9784,t2333,LIDAR_ONLY,28.1775,28.1775,,,,,,,,14.98,1.32,drive,-29.30,front,LIDAR_ONLY
0,132.0607,cam_3,CAM_ONLY,16.9951,,17.2910,0.2959,,1.7114,,1,,14.65,12.30,warning,3.04,,CAMERA_ONLY
0,132.1320,cam_3,CAM_ONLY,16.9827,,17.2910,0.3083,,1.7832,,1,,15.43,3.00,warning,3.04,,CAMERA_ONLY
0,132.1981,cam_3,CAM_ONLY,16.9609,,17.2910,0.3301,,1.9091,,1,,9.36,5.99,warning,3.04,,CAMERA_ONLY
0,132.2675,cam_3,CAM_ONLY,16.9291,,17.2910,0.3619,,2.0929,,1,,9.85,2.14,warning,3.04,,CAMERA_ONLY
0,132.3305,cam_3,CAM_ONLY,17.0002,,17.2910,0.2908,,1.6821,,1,,11.69,2.65,warning,3.04,,CAMERA_ONLY
0,132.4158,cam_3,CAM_ONLY,16.9107,,17.2910,0.3803,,2.1995,,1,,21.03,4.46,warning,3.04,,CAMERA_ONLY
0,132.5051,t2349,BOTH,16.8140,17.4737,17.2910,0.4770,0.1826,2.7586,1.0562,1,1,13.74,10.99,warning,3.04,,FULL_ANGLE
0,132.5051,t2348,LIDAR_ONLY,16.3461,16.3461,73.9729,57.6268,57.6268,77.9026,77.9026,0,0,13.74,10.99,drive,19.71,front,LIDAR_ONLY
0,132.5804,cam_3,CAM_ONLY,16.8614,,17.2910,0.4296,,2.4846,,1,,19.59,3.77,warning,3.04,,CAMERA_ONLY
0,132.6517,cam_3,CAM_ONLY,16.9094,,17.2910,0.3816,,2.2069,,1,,12.69,8.35,warning,3.04,,CAMERA_ONLY
0,132.7335,t2349,BOTH,17.0369,17.4767,17.2910,0.2541,0.1856,1.4697,1.0736,1,1,17.90,1.98,warning,3.04,,FULL_ANGLE
0,132.7335,t2351,LIDAR_ONLY,28.2737,28.2737,,,,,,,,17.90,1.98,drive,-29.34,front,LIDAR_ONLY
0,132.8060,cam_3,CAM_ONLY,16.9196,,17.2910,0.3714,,2.1480,,1,,15.96,11.79,warning,3.04,,CAMERA_ONLY
0,132.8730,cam_3,CAM_ONLY,17.0182,,17.2910,0.2728,,1.5779,,1,,14.40,3.26,warning,3.04,,CAMERA_ONLY
0,132.9420,t2349,BOTH,16.9729,17.5112,17.2910,0.3182,0.2201,1.8400,1.2730,1,1,12.38,4.11,warning,3.04,,FULL_ANGLE
0,132.9420,t2356,LIDAR_ONLY,17.5141,17.5141,73.9729,56.4588,56.4588,76.3236,76.3236,0,0,12.38,4.11,drive,18.86,front,LIDAR_ONLY
0,132.9420,t2349,LIDAR_ONLY,17.5027,17.5027,17.2910,0.2116,0.2116,1.2238,1.2238,1,1,12.38,4.11,drive,4.79,front,LIDAR_ONLY
0,133.0145,cam_3,CAM_ONLY,16.9509,,17.2910,0.3402,,1.9673,,1,,18.56,6.70,warning,3.04,,CAMERA_ONLY
0,133.0801,cam_3,CAM_ONLY,17.0631,,17.2910,0.2280,,1.3185,,1,,12.10,2.83,warning,3.04,,CAMERA_ONLY
0,133.0801,t2357,LIDAR_ONLY,28.0639,28.0639,,,,,,,,12.10,2.83,drive,-29.60,front,LIDAR_ONLY
0,133.1354,t2349,BOTH,16.9269,17.5183,17.2910,0.3641,0.2273,2.1059,1.3145,1,1,9.41,1.04,warning,3.04,,FULL_ANGLE
0,133.1354,t2357,LIDAR_ONLY,28.0743,28.0743,,,,,,,,9.41,1.04,drive,-29.49,front,LIDAR_ONLY
0,133.1354,t2356,LIDAR_ONLY,17.5666,17.5666,73.9729,56.4063,56.4063,76.2527,76.2527,0,0,9.41,1.04,drive,18.46,front,LIDAR_ONLY
0,133.1974,cam_3,CAM_ONLY,16.9229,,17.2910,0.3681,,2.1291,,1,,9.54,5.69,warning,3.04,,CAMERA_ONLY
0,133.2669,cam_3,CAM_ONLY,16.9575,,17.2910,0.3336,,1.9291,,1,,10.01,6.30,warning,3.04,,CAMERA_ONLY
0,133.3319,cam_3,CAM_ONLY,16.8748,,17.2910,0.4162,,2.4072,,1,,13.37,1.70,warning,3.04,,CAMERA_ONLY
0,133.3319,t2357,LIDAR_ONLY,28.0799,28.0799,,,,,,,,13.37,1.70,drive,-29.61,front,LIDAR_ONLY
0,133.4029,cam_3,CAM_ONLY,17.0180,,17.2910,0.2731,,1.5792,,1,,12.91,9.59,warning,3.04,,CAMERA_ONLY
0,133.4745,cam_3,CAM_ONLY,16.9738,,17.2910,0.3172,,1.8345,,1,,12.39,3.84,warning,3.04,,CAMERA_ONLY
0,133.5332,t2369,BOTH,17.0359,17.5773,17.2910,0.2552,0.2863,1.4757,1.6555,1,1,13.13,1.19,warning,3.04,,FULL_ANGLE
0,133.5332,t2368,LIDAR_ONLY,15.2024,15.2024,73.9729,58.7705,58.7705,79.4487,79.4487,0,0,13.13,1.19,drive,20.67,front,LIDAR_ONLY
0,133.6218,cam_3,CAM_ONLY,17.0454,,17.2910,0.2457,,1.4207,,1,,21.16,15.54,warning,3.04,,CAMERA_ONLY
0,133.6886,t2369,BOTH,17.0557,17.5309,17.2910,0.2354,0.2398,1.3613,1.3871,1,1,13.13,2.20,warning,3.04,,FULL_ANGLE
0,133.6886,t2368,LIDAR_ONLY,11.4265,11.4265,73.9729,62.5464,62.5464,84.5531,84.5531,0,0,13.13,2.20,cautious,27.52,front,LIDAR_ONLY
0,133.6886,t2368,LIDAR_ONLY,11.4890,11.4890,73.9729,62.4838,62.4838,84.4686,84.4686,0,0,13.13,2.20,cautious,18.42,front,LIDAR_ONLY
0,133.7560,cam_3,CAM_ONLY,17.0555,,17.2910,0.2356,,1.3623,,1,,12.41,10.65,warning,3.04,,CAMERA_ONLY
0,133.8199,cam_3,CAM_ONLY,17.0737,,17.2910,0.2174,,1.2570,,1,,16.31,2.93,warning,3.04,,CAMERA_ONLY
0,133.8884,t2369,BOTH,17.0745,17.5348,17.2910,0.2166,0.2438,1.2524,1.4100,1,1,17.01,2.75,warning,3.04,,FULL_ANGLE
0,133.9563,cam_3,CAM_ONLY,17.0846,,17.2910,0.2064,,1.1938,,1,,13.22,10.18,warning,3.04,,CAMERA_ONLY
0,134.0265,cam_3,CAM_ONLY,16.9651,,17.2910,0.3259,,1.8850,,1,,13.97,3.41,warning,3.04,,CAMERA_ONLY
0,134.1139,cam_3,CAM_ONLY,16.9646,,17.2910,0.3264,,1.8879,,1,,19.65,12.47,warning,3.04,,CAMERA_ONLY
0,134.1826,cam_3,CAM_ONLY,16.9076,,17.2910,0.3835,,2.2178,,1,,13.17,3.37,warning,3.04,,CAMERA_ONLY
0,134.1826,t2377,LIDAR_ONLY,28.0311,28.0311,,,,,,,,13.17,3.37,drive,-29.76,front,LIDAR_ONLY
0,134.2556,cam_3,CAM_ONLY,16.8937,,17.2910,0.3973,,2.2978,,1,,12.99,9.62,warning,3.04,,CAMERA_ONLY
0,134.3332,t2382,BOTH,16.8357,17.4729,17.2910,0.4553,0.1819,2.6331,1.0519,1,1,20.38,2.89,warning,3.04,,FULL_ANGLE
0,134.3332,t2381,LIDAR_ONLY,10.6606,10.6606,73.9729,63.3123,63.3123,85.5885,85.5885,0,0,20.38,2.89,cautious,27.23,front,LIDAR_ONLY
0,134.3332,t2381,LIDAR_ONLY,10.8352,10.8352,73.9729,63.1377,63.1377,85.3524,85.3524,0,0,20.38,2.89,cautious,19.58,front,LIDAR_ONLY
0,134.4103,cam_3,CAM_ONLY,16.9214,,17.2910,0.3696,,2.1375,,1,,14.30,11.69,warning,3.04,,CAMERA_ONLY
0,134.4856,t2382,BOTH,16.9365,17.4763,17.2910,0.3546,0.1852,2.0506,1.0713,1,1,18.95,1.66,warning,3.04,,FULL_ANGLE
0,134.4856,t2384,LIDAR_ONLY,27.9787,27.9787,,,,,,,,18.95,1.66,drive,-29.64,front,LIDAR_ONLY
0,134.5584,cam_3,CAM_ONLY,16.9715,,17.2910,0.3195,,1.8479,,1,,13.03,11.59,warning,3.04,,CAMERA_ONLY
0,134.6280,cam_3,CAM_ONLY,17.0493,,17.2910,0.2417,,1.3979,,1,,13.13,3.11,warning,3.04,,CAMERA_ONLY
0,134.6940,cam_3,CAM_ONLY,16.8573,,17.2910,0.4337,,2.5084,,1,,12.79,4.19,warning,3.04,,CAMERA_ONLY
0,134.7654,cam_3,CAM_ONLY,16.8779,,17.2910,0.4131,,2.3890,,1,,12.14,7.56,warning,3.04,,CAMERA_ONLY
0,134.8392,t2390,BOTH,17.0512,17.4755,17.2910,0.2398,0.1845,1.3868,1.0667,1,1,12.35,2.91,warning,3.04,,FULL_ANGLE
0,134.8392,t2388,LIDAR_ONLY,28.2388,28.2388,,,,,,,,12.35,2.91,drive,-29.44,front,LIDAR_ONLY
0,134.8392,t2389,LIDAR_ONLY,16.5476,16.5476,73.9729,57.4253,57.4253,77.6302,77.6302,0,0,12.35,2.91,drive,19.56,front,LIDAR_ONLY
0,134.9103,cam_3,CAM_ONLY,16.9211,,17.2910,0.3699,,2.1395,,1,,13.74,10.33,warning,3.04,,CAMERA_ONLY
0,134.9880,t2390,BOTH,17.0198,17.4781,17.2910,0.2713,0.1871,1.5689,1.0820,1,1,15.79,2.22,warning,3.04,,FULL_ANGLE
0,134.9880,t2389,LIDAR_ONLY,16.0244,16.0244,73.9729,57.9485,57.9485,78.3375,78.3375,0,0,15.79,2.22,drive,20.41,front,LIDAR_ONLY
0,134.9880,t2389,LIDAR_ONLY,16.0941,16.0941,73.9729,57.8788,57.8788,78.2432,78.2432,0,0,15.79,2.22,drive,18.77,front,LIDAR_ONLY
0,135.0612,cam_3,CAM_ONLY,17.0470,,17.2910,0.2441,,1.4115,,1,,14.25,11.09,warning,3.04,,CAMERA_ONLY
0,135.1296,cam_3,CAM_ONLY,16.9903,,17.2910,0.3007,,1.7391,,1,,13.22,3.48,warning,3.04,,CAMERA_ONLY
0,135.1296,t2392,LIDAR_ONLY,28.0293,28.0293,,,,,,,,13.22,3.48,drive,-29.69,front,LIDAR_ONLY
0,135.1991,t2390,BOTH,16.9494,17.4841,17.2910,0.3416,0.1931,1.9756,1.1167,1,1,17.95,5.35,warning,3.04,,FULL_ANGLE
0,135.1991,t2389,LIDAR_ONLY,16.1615,16.1615,73.9729,57.8114,57.8114,78.1522,78.1522,0,0,17.95,5.35,drive,19.62,front,LIDAR_ONLY
0,135.2682,cam_3,CAM_ONLY,17.0192,,17.2910,0.2719,,1.5724,,1,,13.23,5.30,warning,3.04,,CAMERA_ONLY
0,135.3489,cam_3,CAM_ONLY,16.9848,,17.2910,0.3062,,1.7709,,1,,19.07,9.40,warning,3.04,,CAMERA_ONLY
0,135.3489,t2389,LIDAR_ONLY,16.2725,16.2725,73.9729,57.7004,57.7004,78.0021,78.0021,0,0,19.07,9.40,drive,18.94,front,LIDAR_ONLY
0,135.4256,cam_3,CAM_ONLY,16.9287,,17.2910,0.3624,,2.0957,,1,,13.19,3.35,warning,3.04,,CAMERA_ONLY
0,135.5018,cam_3,CAM_ONLY,16.9163,,17.2910,0.3747,,2.1670,,1,,14.52,7.94,warning,3.04,,CAMERA_ONLY
0,135.5018,t2389,LIDAR_ONLY,16.2634,16.2634,73.9729,57.7095,57.7095,78.0144,78.0144,0,0,14.52,7.94,drive,20.65,front,LIDAR_ONLY
0,135.5658,cam_3,CAM_ONLY,16.9804,,17.2910,0.3107,,1.7967,,1,,14.04,1.97,warning,3.04,,CAMERA_ONLY
0,135.6336,t2403,BOTH,16.9578,17.6455,17.2910,0.3332,0.3544,1.9272,2.0499,1,1,16.76,1.65,warning,3.04,,FULL_ANGLE
0,135.6336,t2401,LIDAR_ONLY,28.1491,28.1491,,,,,,,,16.76,1.65,drive,-29.59,front,LIDAR_ONLY
0,135.6336,t2389,LIDAR_ONLY,15.2882,15.2882,73.9729,58.6846,58.6846,79.3326,79.3326,0,0,16.76,1.65,drive,21.98,front,LIDAR_ONLY
0,135.6336,t2403,LIDAR_ONLY,17.9126,17.9126,17.2910,0.6215,0.6215,3.5945,3.5945,1,1,16.76,1.65,drive,4.13,front,LIDAR_ONLY
0,135.6998,cam_3,CAM_ONLY,17.0480,,17.2910,0.2431,,1.4059,,1,,13.21,8.95,warning,3.04,,CAMERA_ONLY
0,135.7689,cam_3,CAM_ONLY,16.9827,,17.2910,0.3084,,1.7835,,1,,17.26,2.74,warning,3.04,,CAMERA_ONLY
0,135.8423,t2403,BOTH,16.9606,17.5790,17.2910,0.3304,0.2880,1.9109,1.6656,1,1,17.30,3.38,warning,3.04,,FULL_ANGLE
0,135.9130,cam_3,CAM_ONLY,16.9462,,17.2910,0.3449,,1.9945,,1,,10.26,7.50,warning,3.04,,CAMERA_ONLY
0,135.9780,cam_3,CAM_ONLY,16.8960,,17.2910,0.3950,,2.2847,,1,,12.69,3.08,warning,3.04,,CAMERA_ONLY
0,136.0611,cam_3,CAM_ONLY,16.8903,,17.2910,0.4008,,2.3177,,1,,17.02,11.55,warning,3.04,,CAMERA_ONLY
0,136.1270,cam_3,CAM_ONLY,16.9498,,17.2910,0.3413,,1.9738,,1,,17.73,1.44,warning,3.04,,CAMERA_ONLY
0,136.1270,t2409,LIDAR_ONLY,28.1597,28.1597,,,,,,,,17.73,1.44,drive,-29.43,front,LIDAR_ONLY
0,136.2009,cam_3,CAM_ONLY,16.9107,,17.2910,0.3804,,2.1998,,1,,17.23,8.44,warning,3.04,,CAMERA_ONLY
0,136.2769,cam_3,CAM_ONLY,16.9822,,17.2910,0.3089,,1.7863,,1,,16.83,5.34,warning,3.04,,CAMERA_ONLY
0,136.3353,t2414,BOTH,16.9228,17.4760,17.2910,0.3682,0.1849,2.1294,1.0694,1,1,12.48,1.25,warning,3.04,,FULL_ANGLE
0,136.3353,t2409,LIDAR_ONLY,28.1645,28.1645,,,,,,,,12.48,1.25,drive,-29.37,front,LIDAR_ONLY
0,136.3353,t2413,LIDAR_ONLY,14.0306,14.0306,73.9729,59.9422,59.9422,81.0327,81.0327,0,0,12.48,1.25,cautious,21.81,front,LIDAR_ONLY
0,136.4097,cam_3,CAM_ONLY,16.8979,,17.2910,0.3931,,2.2736,,1,,12.50,10.51,warning,3.04,,CAMERA_ONLY
0,136.4850,cam_3,CAM_ONLY,16.9262,,17.2910,0.3648,,2.1098,,1,,9.57,1.84,warning,3.04,,CAMERA_ONLY
0,136.4850,t2409,LIDAR_ONLY,28.1565,28.1565,,,,,,,,9.57,1.84,drive,-29.57,front,LIDAR_ONLY
0,136.5492,cam_3,CAM_ONLY,16.8677,,17.2910,0.4233,,2.4480,,1,,12.87,6.77,warning,3.04,,CAMERA_ONLY
0,136.5492,t2413,LIDAR_ONLY,14.0744,14.0744,73.9729,59.8985,59.8985,80.9736,80.9736,0,0,12.87,6.77,cautious,20.98,front,LIDAR_ONLY
0,136.5492,t2413,LIDAR_ONLY,14.1982,14.1982,73.9729,59.7746,59.7746,80.8061,80.8061,0,0,12.87,6.77,cautious,19.37,front,LIDAR_ONLY
0,136.6178,cam_3,CAM_ONLY,16.9660,,17.2910,0.3250,,1.8796,,1,,11.55,2.61,warning,3.04,,CAMERA_ONLY
0,136.6792,cam_3,CAM_ONLY,16.9104,,17.2910,0.3806,,2.2013,,1,,11.78,2.04,warning,3.04,,CAMERA_ONLY
0,136.6792,t2409,LIDAR_ONLY,28.1522,28.1522,,,,,,,,11.78,2.04,drive,-29.44,front,LIDAR_ONLY
0,136.7553,cam_3,CAM_ONLY,16.8740,,17.2910,0.4170,,2.4119,,1,,18.29,9.39,warning,3.04,,CAMERA_ONLY
0,136.8177,cam_3,CAM_ONLY,16.9085,,17.2910,0.3825,,2.2122,,1,,13.32,4.56,warning,3.04,,CAMERA_ONLY
0,136.8853,t2426,BOTH,16.9416,17.4963,17.2910,0.3494,0.2053,2.0208,1.1872,1,1,13.54,1.78,warning,3.04,,FULL_ANGLE
0,136.8853,t2425,LIDAR_ONLY,12.6937,12.6937,73.9729,61.2792,61.2792,82.8401,82.8401,0,0,13.54,1.78,cautious,23.38,front,LIDAR_ONLY
0,136.8853,t2425,LIDAR_ONLY,12.8754,12.8754,73.9729,61.0975,61.0975,82.5944,82.5944,0,0,13.54,1.78,cautious,18.61,front,LIDAR_ONLY
0,136.8853,t2425,LIDAR_ONLY,13.0967,13.0967,73.9729,60.8762,60.8762,82.2953,82.2953,0,0,13.54,1.78,cautious,19.99,front,LIDAR_ONLY
0,136.8853,t2409,LIDAR_ONLY,28.1330,28.1330,,,,,,,,13.54,1.78,drive,-29.74,front,LIDAR_ONLY
0,136.9650,cam_3,CAM_ONLY,16.9456,,17.2910,0.3454,,1.9977,,1,,18.84,8.67,warning,3.04,,CAMERA_ONLY
0,137.0299,cam_3,CAM_ONLY,16.9295,,17.2910,0.3615,,2.0909,,1,,13.42,2.68,warning,3.04,,CAMERA_ONLY
0,137.0881,t2426,BOTH,16.9333,17.4969,17.2910,0.3578,0.2058,2.0691,1.1905,1,1,11.82,2.04,warning,3.04,,FULL_ANGLE
0,137.0881,t2425,LIDAR_ONLY,13.3464,13.3464,73.9729,60.6264,60.6264,81.9577,81.9577,0,0,11.82,2.04,cautious,20.31,front,LIDAR_ONLY
0,137.1631,cam_3,CAM_ONLY,16.9531,,17.2910,0.3379,,1.9543,,1,,15.89,11.99,warning,3.04,,CAMERA_ONLY
0,137.2282,cam_3,CAM_ONLY,16.8969,,17.2910,0.3941,,2.2794,,1,,11.56,3.78,warning,3.04,,CAMERA_ONLY
0,137.3045,cam_3,CAM_ONLY,16.9846,,17.2910,0.3065,,1.7725,,1,,15.68,10.00,warning,3.04,,CAMERA_ONLY
0,137.3693,cam_3,CAM_ONLY,16.8832,,17.2910,0.4078,,2.3586,,1,,12.67,5.70,warning,3.04,,CAMERA_ONLY
0,137.4334,t2439,BOTH,16.8700,17.5010,17.2910,0.4210,0.2099,2.4347,1.2140,1,1,11.66,1.83,warning,3.04,,FULL_ANGLE
0,137.4334,t2436,LIDAR_ONLY,28.1305,28.1305,,,,,,,,11.66,1.83,drive,-29.47,front,LIDAR_ONLY
0,137.4334,t2437,LIDAR_ONLY,17.1155,17.1155,73.9729,56.8574,56.8574,76.8625,76.8625,0,0,11.66,1.83,drive,19.14,front,LIDAR_ONLY
0,137.4334,t2437,LIDAR_ONLY,16.2075,16.2075,73.9729,57.7654,57.7654,78.0900,78.0900,0,0,11.66,1.83,drive,20.28,front,LIDAR_ONLY
0,137.5019,cam_3,CAM_ONLY,17.0603,,17.2910,0.2307,,1.3342,,1,,12.52,10.35,warning,3.04,,CAMERA_ONLY
0,137.5890,t2439,BOTH,16.9811,17.4988,17.2910,0.3100,0.2077,1.7927,1.2013,1,1,19.49,3.39,warning,3.04,,FULL_ANGLE
0,137.5890,t2436,LIDAR_ONLY,28.1331,28.1331,,,,,,,,19.49,3.39,drive,-29.60,front,LIDAR_ONLY
0,137.5890,t2437,LIDAR_ONLY,10.4432,10.4432,73.9729,63.5297,63.5297,85.8824,85.8824,0,0,19.49,3.39,cautious,28.97,front,LIDAR_ONLY
0,137.5890,t2437,LIDAR_ONLY,10.5724,10.5724,73.9729,63.4005,63.4005,85.7077,85.7077,0,0,19.49,3.39,cautious,19.31,front,LIDAR_ONLY
0,137.5890,t2437,LIDAR_ONLY,10.6655,10.6655,73.9729,63.3074,63.3074,85.5819,85.5819,0,0,19.49,3.39,cautious,20.45,front,LIDAR_ONLY
0,137.6674,cam_3,CAM_ONLY,17.1339,,17.2910,0.1572,,0.9089,,1,,12.51,6.22,warning,3.04,,CAMERA_ONLY
0,137.7318,t2439,BOTH,17.0667,17.4958,17.2910,0.2243,0.2047,1.2974,1.1841,1,1,11.09,1.21,warning,3.04,,FULL_ANGLE
0,137.7318,t2436,LIDAR_ONLY,28.1078,28.1078,,,,,,,,11.09,1.21,drive,-29.55,front,LIDAR_ONLY
0,137.8153,cam_3,CAM_ONLY,16.9346,,17.2910,0.3565,,2.0617,,1,,17.86,14.37,warning,3.04,,CAMERA_ONLY
0,137.9101,cam_3,CAM_ONLY,17.0294,,17.2910,0.2617,,1.5133,,1,,20.40,14.27,warning,3.04,,CAMERA_ONLY
0,137.9841,cam_3,CAM_ONLY,17.0330,,17.2910,0.2581,,1.4925,,1,,20.92,2.74,warning,3.04,,CAMERA_ONLY
0,137.9841,t2436,LIDAR_ONLY,28.1019,28.1019,,,,,,,,20.92,2.74,drive,-29.51,front,LIDAR_ONLY
0,138.0629,cam_3,CAM_ONLY,16.9298,,17.2910,0.3613,,2.0894,,1,,14.03,10.06,warning,3.04,,CAMERA_ONLY
0,138.1237,cam_3,CAM_ONLY,16.9126,,17.2910,0.3785,,2.1888,,1,,12.48,3.18,warning,3.04,,CAMERA_ONLY
0,138.1845,t2449,BOTH,16.9301,17.5187,17.2910,0.3609,0.2277,2.0872,1.3169,1,1,12.87,1.31,warning,3.04,,FULL_ANGLE
0,138.1845,t2436,LIDAR_ONLY,28.1077,28.1077,,,,,,,,12.87,1.31,drive,-29.35,front,LIDAR_ONLY
0,138.1845,t2448,LIDAR_ONLY,14.6406,14.6406,73.9729,59.3323,59.3323,80.2081,80.2081,0,0,12.87,1.31,drive,21.20,front,LIDAR_ONLY
0,138.1845,t2448,LIDAR_ONLY,14.1832,14.1832,73.9729,59.7896,59.7896,80.8264,80.8264,0,0,12.87,1.31,cautious,22.29,front,LIDAR_ONLY
0,138.1845,t2448,LIDAR_ONLY,14.7101,14.7101,73.9729,59.2628,59.2628,80.1143,80.1143,0,0,12.87,1.31,cautious,18.61,front,LIDAR_ONLY
0,138.1845,t2448,LIDAR_ONLY,15.0825,15.0825,73.9729,58.8903,58.8903,79.6107,79.6107,0,0,12.87,1.31,cautious,20.00,front,LIDAR_ONLY
0,138.2598,cam_3,CAM_ONLY,17.0125,,17.2910,0.2785,,1.6107,,1,,15.11,10.97,warning,3.04,,CAMERA_ONLY
0,138.3232,cam_3,CAM_ONLY,17.0537,,17.2910,0.2374,,1.3728,,1,,13.48,3.20,warning,3.04,,CAMERA_ONLY
0,138.4092,cam_3,CAM_ONLY,16.9920,,17.2910,0.2990,,1.7294,,1,,19.24,11.73,warning,3.04,,CAMERA_ONLY
0,138.4911,t2455,BOTH,17.0839,17.5201,17.2910,0.2071,0.2291,1.1977,1.3247,1,1,10.68,2.12,warning,3.04,,FULL_ANGLE
0,138.5551,cam_3,CAM_ONLY,16.9155,,17.2910,0.3755,,2.1717,,1,,10.29,9.86,warning,3.04,,CAMERA_ONLY
0,138.6146,cam_3,CAM_ONLY,16.9755,,17.2910,0.3156,,1.8250,,1,,9.42,6.30,warning,3.04,,CAMERA_ONLY
0,138.6790,cam_3,CAM_ONLY,16.8663,,17.2910,0.4247,,2.4561,,1,,13.12,2.68,warning,3.04,,CAMERA_ONLY
0,138.6790,t2457,LIDAR_ONLY,28.0559,28.0559,,,,,,,,13.12,2.68,drive,-29.65,front,LIDAR_ONLY
0,138.7333,t2461,BOTH,16.9899,17.6483,17.2910,0.3011,0.3573,1.7415,2.0662,1,1,9.27,1.31,warning,3.04,,FULL_ANGLE
0,138.7333,t2457,LIDAR_ONLY,28.0635,28.0635,,,,,,,,9.27,1.31,drive,-29.54,front,LIDAR_ONLY
0,138.7333,t2461,LIDAR_ONLY,17.9851,17.9851,17.2910,0.6941,0.6941,4.0140,4.0140,1,1,9.27,1.31,drive,4.80,front,LIDAR_ONLY
0,138.7333,t2461,LIDAR_ONLY,17.7162,17.7162,17.2910,0.4252,0.4252,2.4589,2.4589,1,1,9.27,1.31,drive,1.40,front,LIDAR_ONLY
0,138.8014,cam_3,CAM_ONLY,17.0031,,17.2910,0.2879,,1.6652,,1,,12.61,8.25,warning,3.04,,CAMERA_ONLY
0,138.8698,cam_3,CAM_ONLY,17.0286,,17.2910,0.2625,,1.5179,,1,,13.85,4.62,warning,3.04,,CAMERA_ONLY
0,138.9308,cam_3,CAM_ONLY,17.0920,,17.2910,0.1990,,1.1510,,1,,15.06,1.71,warning,3.04,,CAMERA_ONLY
0,138.9308,t2457,LIDAR_ONLY,28.0729,28.0729,,,,,,,,15.06,1.71,drive,-29.33,front,LIDAR_ONLY
0,139.0103,cam_3,CAM_ONLY,17.0839,,17.2910,0.2071,,1.1978,,1,,17.71,10.27,warning,3.04,,CAMERA_ONLY
0,139.0752,cam_3,CAM_ONLY,16.8753,,17.2910,0.4157,,2.4041,,1,,12.83,3.51,warning,3.04,,CAMERA_ONLY
0,139.1654,cam_3,CAM_ONLY,16.8448,,17.2910,0.4463,,2.5809,,1,,21.60,15.05,warning,3.04,,CAMERA_ONLY
0,139.2449,t2471,BOTH,17.0528,17.4737,17.2910,0.2382,0.1827,1.3779,1.0566,1,1,20.87,4.82,warning,3.04,,FULL_ANGLE
0,139.2449,t2470,LIDAR_ONLY,17.8677,17.8677,73.9729,56.1052,56.1052,75.8456,75.8456,0,0,20.87,4.82,drive,18.62,front,LIDAR_ONLY
0,139.3159,cam_3,CAM_ONLY,16.9589,,17.2910,0.3321,,1.9209,,1,,17.14,5.40,warning,3.04,,CAMERA_ONLY
0,139.3810,cam_3,CAM_ONLY,16.8854,,17.2910,0.4056,,2.3459,,1,,13.45,1.82,warning,3.04,,CAMERA_ONLY
0,139.3810,t2473,LIDAR_ONLY,28.1157,28.1157,,,,,,,,13.45,1.82,drive,-29.45,front,LIDAR_ONLY
0,139.4499,cam_3,CAM_ONLY,17.0540,,17.2910,0.2370,,1.3707,,1,,12.92,7.95,warning,3.04,,CAMERA_ONLY
0,139.5271,cam_3,CAM_ONLY,16.9559,,17.2910,0.3351,,1.9380,,1,,14.85,5.27,warning,3.04,,CAMERA_ONLY
0,139.6078,cam_3,CAM_ONLY,17.0688,,17.2910,0.2223,,1.2854,,1,,16.09,8.48,warning,3.04,,CAMERA_ONLY
0,139.6766,cam_3,CAM_ONLY,17.1365,,17.2910,0.1546,,0.8939,,1,,12.98,2.95,warning,3.04,,CAMERA_ONLY
0,139.7385,t2486,BOTH,17.0423,17.4779,17.2910,0.2487,0.1868,1.4384,1.0805,1,1,11.89,3.32,warning,3.04,,FULL_ANGLE
0,139.7385,t2485,LIDAR_ONLY,17.3915,17.3915,73.9729,56.5814,56.5814,76.4894,76.4894,0,0,11.89,3.32,drive,18.94,front,LIDAR_ONLY
0,139.7385,t2485,LIDAR_ONLY,16.3662,16.3662,73.9729,57.6066,57.6066,77.8754,77.8754,0,0,11.89,3.32,drive,20.05,front,LIDAR_ONLY
0,139.7995,cam_3,CAM_ONLY,17.0635,,17.2910,0.2276,,1.3162,,1,,9.05,5.77,warning,3.04,,CAMERA_ONLY
0,139.7995,t2485,LIDAR_ONLY,16.5467,16.5467,73.9729,57.4261,57.4261,77.6313,77.6313,0,0,9.05,5.77,drive,18.30,front,LIDAR_ONLY
0,139.8605,cam_3,CAM_ONLY,17.0771,,17.2910,0.2140,,1.2375,,1,,9.37,7.47,warning,3.04,,CAMERA_ONLY
0,139.9293,cam_3,CAM_ONLY,17.0750,,17.2910,0.2160,,1.2493,,1,,14.31,3.47,warning,3.04,,CAMERA_ONLY
0,139.9858,t2493,BOTH,16.9174,17.5218,17.2910,0.3736,0.2307,2.1607,1.3344,1,1,12.68,1.72,warning,3.04,,FULL_ANGLE
0,139.9858,t2491,LIDAR_ONLY,28.1411,28.1411,,,,,,,,12.68,1.72,drive,-29.56,front,LIDAR_ONLY
0,140.0632,cam_3,CAM_ONLY,17.0699,,17.2910,0.2211,,1.2787,,1,,18.99,9.70,warning,3.04,,CAMERA_ONLY
0,140.1304,cam_3,CAM_ONLY,16.8664,,17.2910,0.4246,,2.4557,,1,,13.16,2.39,warning,3.04,,CAMERA_ONLY
0,140.2177,cam_3,CAM_ONLY,17.0086,,17.2910,0.2824,,1.6335,,1,,19.56,16.77,warning,3.04,,CAMERA_ONLY
0,140.2811,cam_3,CAM_ONLY,17.0475,,17.2910,0.2435,,1.4082,,1,,9.66,2.07,warning,3.04,,CAMERA_ONLY
0,140.2811,t2495,LIDAR_ONLY,28.2560,28.2560,,,,,,,,9.66,2.07,drive,-29.34,front,LIDAR_ONLY
0,140.3424,t2498,BOTH,16.9354,17.5017,17.2910,0.3556,0.2107,2.0565,1.2183,1,1,12.90,4.13,warning,3.04,,FULL_ANGLE
0,140.3424,t2497,LIDAR_ONLY,17.8160,17.8160,73.9729,56.1569,56.1569,75.9156,75.9156,0,0,12.90,4.13,drive,18.66,front,LIDAR_ONLY
0,140.4068,cam_3,CAM_ONLY,16.9863,,17.2910,0.3047,,1.7623,,1,,10.04,8.95,warning,3.04,,CAMERA_ONLY
0,140.4812,cam_3,CAM_ONLY,16.8680,,17.2910,0.4230,,2.4464,,1,,22.29,2.13,warning,3.04,,CAMERA_ONLY
0,140.4812,t2495,LIDAR_ONLY,28.1805,28.1805,,,,,,,,22.29,2.13,drive,-29.54,front,LIDAR_ONLY
0,140.5672,cam_3,CAM_ONLY,17.0739,,17.2910,0.2171,,1.2558,,1,,18.38,13.50,warning,3.04,,CAMERA_ONLY
0,140.6294,cam_3,CAM_ONLY,16.8437,,17.2910,0.4474,,2.5873,,1,,9.82,2.81,warning,3.04,,CAMERA_ONLY
0,140.6294,t2495,LIDAR_ONLY,28.1715,28.1715,,,,,,,,9.82,2.81,drive,-29.62,front,LIDAR_ONLY
0,140.7040,cam_3,CAM_ONLY,16.9976,,17.2910,0.2934,,1.6970,,1,,14.25,10.60,warning,3.04,,CAMERA_ONLY
0,140.7865,t2502,BOTH,17.0080,17.4994,17.2910,0.2831,0.2084,1.6370,1.2051,1,1,23.45,1.80,warning,3.04,,FULL_ANGLE
0,140.7865,t2495,LIDAR_ONLY,28.1727,28.1727,,,,,,,,23.45,1.80,drive,-29.47,front,LIDAR_ONLY
0,140.7865,t2501,LIDAR_ONLY,13.2614,13.2614,73.9729,60.7115,60.7115,82.0726,82.0726,0,0,23.45,1.80,cautious,22.67,front,LIDAR_ONLY
0,140.8678,cam_3,CAM_ONLY,17.1043,,17.2910,0.1867,,1.0800,,1,,16.62,4.14,warning,3.04,,CAMERA_ONLY
0,140.9350,t2502,BOTH,17.1679,17.4945,17.2910,0.1231,0.2035,0.7121,1.1769,1,1,12.91,1.44,warning,3.04,,FULL_ANGLE
0,140.9350,t2495,LIDAR_ONLY,28.1734,28.1734,,,,,,,,12.91,1.44,drive,-29.42,front,LIDAR_ONLY
0,140.9350,t2501,LIDAR_ONLY,13.0922,13.0922,73.9729,60.8807,60.8807,82.3014,82.3014,0,0,12.91,1.44,cautious,23.08,front,LIDAR_ONLY
0,141.0083,cam_3,CAM_ONLY,17.1806,,17.2910,0.1105,,0.6390,,1,,15.31,11.15,warning,3.04,,CAMERA_ONLY
0,141.0785,cam_3,CAM_ONLY,17.1378,,17.2910,0.1533,,0.8865,,1,,17.89,1.58,warning,3.04,,CAMERA_ONLY
0,141.0785,t2495,LIDAR_ONLY,28.1453,28.1453,,,,,,,,17.89,1.58,drive,-29.48,front,LIDAR_ONLY
0,141.1466,cam_3,CAM_ONLY,17.0086,,17.2910,0.2824,,1.6332,,1,,13.19,7.34,warning,3.04,,CAMERA_ONLY
0,141.1466,t2501,LIDAR_ONLY,13.1550,13.1550,73.9729,60.8179,60.8179,82.2165,82.2165,0,0,13.19,7.34,cautious,19.79,front,LIDAR_ONLY
0,141.2254,cam_3,CAM_ONLY,16.6091,,17.2910,0.6819,,3.9436,,1,,18.65,4.16,warning,3.04,,CAMERA_ONLY
0,141.2974,t2511,BOTH,16.6472,17.5210,17.2910,0.6438,0.2300,3.7233,1.3301,1,1,18.24,7.96,warning,3.04,,FULL_ANGLE
0,141.2974,t2501,LIDAR_ONLY,13.3189,13.3189,73.9729,60.6540,60.6540,81.9949,81.9949,0,0,18.24,7.96,cautious,19.11,front,LIDAR_ONLY
0,141.3667,cam_3,CAM_ONLY,16.6263,,17.2910,0.6647,,3.8442,,1,,12.78,6.56,warning,3.04,,CAMERA_ONLY
0,141.4522,cam_3,CAM_ONLY,17.1203,,17.2910,0.1707,,0.9872,,1,,18.47,9.75,warning,3.04,,CAMERA_ONLY
0,141.4522,t2501,LIDAR_ONLY,13.4892,13.4892,73.9729,60.4836,60.4836,81.7646,81.7646,0,0,18.47,9.75,cautious,20.56,front,LIDAR_ONLY
0,141.5234,cam_3,CAM_ONLY,16.8677,,17.2910,0.4233,,2.4484,,1,,18.63,4.68,warning,3.04,,CAMERA_ONLY
0,141.6013,cam_3,CAM_ONLY,17.0191,,17.2910,0.2720,,1.5728,,1,,16.74,8.94,warning,3.04,,CAMERA_ONLY
0,141.6656,cam_3,CAM_ONLY,16.9152,,17.2910,0.3759,,2.1737,,1,,11.15,6.34,warning,3.04,,CAMERA_ONLY
0,141.7327,t2519,BOTH,17.7521,17.4836,17.2910,0.4611,0.1926,2.6665,1.1137,1,1,14.43,1.50,warning,3.04,,FULL_ANGLE
0,141.7327,t2515,LIDAR_ONLY,28.1736,28.1736,,,,,,,,14.43,1.50,drive,-29.44,front,LIDAR_ONLY
0,141.7957,t2519,BOTH,18.0498,17.4758,17.2910,0.7588,0.1848,4.3881,1.0688,1,1,12.18,5.98,warning,3.04,,FULL_ANGLE
0,141.7957,t2521,LIDAR_ONLY,17.8221,17.8221,73.9729,56.1507,56.1507,75.9072,75.9072,0,0,12.18,5.98,drive,18.65,front,LIDAR_ONLY
0,141.7957,t2521,LIDAR_ONLY,17.3199,17.3199,73.9729,56.6529,56.6529,76.5861,76.5861,0,0,12.18,5.98,drive,19.88,front,LIDAR_ONLY
0,141.7957,t2521,LIDAR_ONLY,17.2753,17.2753,73.9729,56.6976,56.6976,76.6465,76.6465,0,0,12.18,5.98,drive,20.30,front,LIDAR_ONLY
0,141.8765,cam_3,CAM_ONLY,19.0181,,17.2910,1.7271,,9.9883,,0,,15.45,2.59,warning,3.04,,CAMERA_ONLY
0,141.9744,cam_3,CAM_ONLY,17.0905,,17.2910,0.2005,,1.1597,,1,,23.01,14.35,warning,3.04,,CAMERA_ONLY
0,142.0650,cam_3,CAM_ONLY,16.9322,,17.2910,0.3588,,2.0752,,1,,16.67,8.96,warning,3.04,,CAMERA_ONLY
0,142.1301,cam_3,CAM_ONLY,16.9910,,17.2910,0.3000,,1.7350,,1,,12.99,3.11,warning,3.04,,CAMERA_ONLY
0,142.1301,t2526,LIDAR_ONLY,28.1602,28.1602,,,,,,,,12.99,3.11,drive,-29.35,front,LIDAR_ONLY
0,142.1970,cam_3,CAM_ONLY,16.8608,,17.2910,0.4302,,2.4881,,1,,14.01,5.97,warning,3.04,,CAMERA_ONLY
0,142.2640,cam_3,CAM_ONLY,16.9957,,17.2910,0.2953,,1.7078,,1,,11.78,12.24,warning,3.04,,CAMERA_ONLY
0,142.3417,t2533,BOTH,16.9627,17.5069,17.2910,0.3284,0.2159,1.8991,1.2485,1,1,9.57,2.31,warning,3.04,,FULL_ANGLE
0,142.3417,t2526,LIDAR_ONLY,28.1647,28.1647,,,,,,,,9.57,2.31,drive,-29.48,front,LIDAR_ONLY
0,142.3417,t2532,LIDAR_ONLY,16.5720,16.5720,73.9729,57.4009,57.4009,77.5972,77.5972,0,0,9.57,2.31,drive,19.54,front,LIDAR_ONLY
0,142.4107,cam_3,CAM_ONLY,17.0403,,17.2910,0.2507,,1.4501,,1,,12.89,10.40,warning,3.04,,CAMERA_ONLY
0,142.4772,cam_3,CAM_ONLY,17.0455,,17.2910,0.2456,,1.4202,,1,,17.42,2.79,warning,3.04,,CAMERA_ONLY
0,142.5488,t2533,BOTH,17.0604,17.5074,17.2910,0.2306,0.2163,1.3337,1.2511,1,1,17.54,2.72,warning,3.04,,FULL_ANGLE
0,142.5488,t2532,LIDAR_ONLY,16.6997,16.6997,73.9729,57.2732,57.2732,77.4246,77.4246,0,0,17.54,2.72,drive,18.45,front,LIDAR_ONLY
0,142.5488,t2532,LIDAR_ONLY,16.7135,16.7135,73.9729,57.2594,57.2594,77.4059,77.4059,0,0,17.54,2.72,drive,19.73,front,LIDAR_ONLY
0,142.6218,cam_3,CAM_ONLY,17.0666,,17.2910,0.2245,,1.2981,,1,,18.33,6.68,warning,3.04,,CAMERA_ONLY
0,142.6826,cam_3,CAM_ONLY,17.0053,,17.2910,0.2857,,1.6523,,1,,12.87,1.30,warning,3.04,,CAMERA_ONLY
0,142.6826,t2539,LIDAR_ONLY,28.0489,28.0489,,,,,,,,12.87,1.30,drive,-29.54,front,LIDAR_ONLY
0,142.7426,t2533,BOTH,16.9262,17.4960,17.2910,0.3648,0.2049,2.1100,1.1853,1,1,12.73,2.54,warning,3.04,,FULL_ANGLE
0,142.7426,t2532,LIDAR_ONLY,16.5413,16.5413,73.9729,57.4316,57.4316,77.6387,77.6387,0,0,12.73,2.54,drive,21.67,front,LIDAR_ONLY
0,142.7426,t2532,LIDAR_ONLY,16.4696,16.4696,73.9729,57.5033,57.5033,77.7357,77.7357,0,0,12.73,2.54,drive,19.80,front,LIDAR_ONLY
0,142.7426,t2532,LIDAR_ONLY,16.1667,16.1667,73.9729,57.8062,57.8062,78.1451,78.1451,0,0,12.73,2.54,drive,20.98,front,LIDAR_ONLY
0,142.8223,cam_3,CAM_ONLY,16.9046,,17.2910,0.3864,,2.2349,,1,,16.70,6.42,warning,3.04,,CAMERA_ONLY
0,142.8842,t2533,BOTH,17.0164,17.4946,17.2910,0.2746,0.2035,1.5881,1.1772,1,1,12.36,1.05,warning,3.04,,FULL_ANGLE
0,142.8842,t2539,LIDAR_ONLY,28.0652,28.0652,,,,,,,,12.36,1.05,drive,-29.48,front,LIDAR_ONLY
0,142.9631,cam_3,CAM_ONLY,16.9090,,17.2910,0.3821,,2.2097,,1,,14.10,12.72,warning,3.04,,CAMERA_ONLY
0,143.0301,cam_3,CAM_ONLY,17.0100,,17.2910,0.2810,,1.6254,,1,,11.53,1.88,warning,3.04,,CAMERA_ONLY
0,143.0301,t2539,LIDAR_ONLY,28.0786,28.0786,,,,,,,,11.53,1.88,drive,-29.47,front,LIDAR_ONLY
0,143.0838,t2533,BOTH,16.9381,17.4875,17.2910,0.3529,0.1965,2.0411,1.1362,1,1,9.35,1.15,warning,3.04,,FULL_ANGLE
0,143.1602,cam_3,CAM_ONLY,17.0086,,17.2910,0.2824,,1.6334,,1,,12.93,11.13,warning,3.04,,CAMERA_ONLY
0,143.2191,cam_3,CAM_ONLY,16.9721,,17.2910,0.3189,,1.8445,,1,,10.50,5.85,warning,3.04,,CAMERA_ONLY
0,143.2830,t2533,BOTH,17.0252,17.4791,17.2910,0.2659,0.1881,1.5376,1.0877,1,1,10.68,1.18,warning,3.04,,FULL_ANGLE
0,143.2830,t2544,LIDAR_ONLY,28.0852,28.0852,,,,,,,,10.68,1.18,drive,-29.47,front,LIDAR_ONLY
0,143.3583,cam_3,CAM_ONLY,16.8438,,17.2910,0.4472,,2.5864,,1,,15.24,12.73,warning,3.04,,CAMERA_ONLY
0,143.4401,t2533,BOTH,16.9483,17.4716,17.2910,0.3427,0.1806,1.9822,1.0443,1,1,19.27,3.66,warning,3.04,,FULL_ANGLE
0,143.4401,t2548,LIDAR_ONLY,16.1337,16.1337,73.9729,57.8392,57.8392,78.1897,78.1897,0,0,19.27,3.66,drive,19.88,front,LIDAR_ONLY
0,143.5310,cam_3,CAM_ONLY,17.0361,,17.2910,0.2549,,1.4744,,1,,22.53,17.59,warning,3.04,,CAMERA_ONLY
0,143.6083,cam_3,CAM_ONLY,17.0611,,17.2910,0.2300,,1.3300,,1,,12.21,8.75,warning,3.04,,CAMERA_ONLY
0,143.7173,cam_3,CAM_ONLY,17.2141,,17.2910,0.0770,,0.4452,,1,,17.96,4.95,warning,3.04,,CAMERA_ONLY
0,143.7845,cam_3,CAM_ONLY,17.0953,,17.2910,0.1958,,1.1322,,1,,17.82,1.39,warning,3.04,,CAMERA_ONLY
0,143.7845,t2552,LIDAR_ONLY,28.0841,28.0841,,,,,,,,17.82,1.39,drive,-29.61,front,LIDAR_ONLY
0,143.8486,cam_3,CAM_ONLY,17.0701,,17.2910,0.2209,,1.2777,,1,,11.98,7.89,warning,3.04,,CAMERA_ONLY
0,143.9178,cam_3,CAM_ONLY,17.0988,,17.2910,0.1923,,1.1120,,1,,16.13,9.44,warning,3.04,,CAMERA_ONLY
0,143.9791,cam_3,CAM_ONLY,16.9134,,17.2910,0.3776,,2.1838,,1,,12.68,2.59,warning,3.04,,CAMERA_ONLY
0,143.9791,t2552,LIDAR_ONLY,28.1016,28.1016,48.8349,20.7333,20.7333,42.4559,42.4559,0,0,12.68,2.59,drive,-29.45,front,LIDAR_ONLY
0,144.0682,cam_3,CAM_ONLY,17.0615,,17.2910,0.2295,,1.3272,,1,,16.80,12.75,warning,3.04,,CAMERA_ONLY
0,144.1312,cam_3,CAM_ONLY,17.0687,,17.2910,0.2223,,1.2857,,1,,13.34,3.93,warning,3.04,,CAMERA_ONLY
0,144.2200,cam_3,CAM_ONLY,16.9999,,17.2910,0.2911,,1.6837,,1,,14.66,17.13,warning,3.04,,CAMERA_ONLY
0,144.2937,t2563,BOTH,17.0625,17.4860,17.2910,0.2286,0.1950,1.3219,1.1278,1,1,14.62,3.94,warning,3.04,,FULL_ANGLE
0,144.3677,cam_3,CAM_ONLY,16.9959,,17.2910,0.2951,,1.7068,,1,,19.73,2.47,warning,3.04,,CAMERA_ONLY
0,144.4629,cam_3,CAM_ONLY,17.0251,,17.2910,0.2659,,1.5380,,1,,12.51,14.13,warning,3.04,,CAMERA_ONLY
0,144.5351,t2563,BOTH,16.8885,17.4967,17.2910,0.4025,0.2057,2.3280,1.1896,1,1,13.71,1.67,warning,3.04,,FULL_ANGLE
0,144.5351,t2567,LIDAR_ONLY,28.0399,28.0399,35.5643,7.5244,7.5244,21.1573,21.1573,0,0,13.71,1.67,drive,-29.62,front,LIDAR_ONLY
0,144.6001,cam_3,CAM_ONLY,16.9334,,17.2910,0.3577,,2.0684,,1,,12.35,7.97,warning,3.04,,CAMERA_ONLY
0,144.6705,cam_3,CAM_ONLY,16.9448,,17.2910,0.3462,,2.0025,,1,,12.73,2.85,warning,3.04,,CAMERA_ONLY
0,144.7296,cam_3,CAM_ONLY,16.9360,,17.2910,0.3550,,2.0532,,1,,11.53,1.90,warning,3.04,,CAMERA_ONLY
0,144.7296,t2567,LIDAR_ONLY,28.0675,28.0675,,,,,,,,11.53,1.90,drive,-29.34,front,LIDAR_ONLY
0,144.7985,cam_3,CAM_ONLY,17.0177,,17.2910,0.2733,,1.5805,,1,,11.71,7.08,warning,3.04,,CAMERA_ONLY
0,144.8737,cam_3,CAM_ONLY,17.0344,,17.2910,0.2566,,1.4840,,1,,16.60,3.04,warning,3.04,,CAMERA_ONLY
0,144.9429,t2575,BOTH,17.0490,17.5011,17.2910,0.2420,0.2101,1.3996,1.2149,1,1,12.31,2.35,warning,3.04,,FULL_ANGLE
0,144.9429,t2574,LIDAR_ONLY,16.6098,16.6098,73.9729,57.3631,57.3631,77.5461,77.5461,0,0,12.31,2.35,drive,19.51,front,LIDAR_ONLY
0,145.0047,cam_3,CAM_ONLY,17.0619,,17.2910,0.2292,,1.3255,,1,,9.77,10.67,warning,3.04,,CAMERA_ONLY
0,145.0686,cam_3,CAM_ONLY,17.0290,,17.2910,0.2621,,1.5157,,1,,10.30,2.80,warning,3.04,,CAMERA_ONLY
0,145.1323,t2575,BOTH,16.9246,17.4819,17.2910,0.3664,0.1908,2.1193,1.1036,1,1,14.84,1.25,warning,3.04,,FULL_ANGLE
0,145.1323,t2578,LIDAR_ONLY,28.1010,28.1010,,,,,,,,14.84,1.25,drive,-29.54,front,LIDAR_ONLY
0,145.1912,t2575,BOTH,16.8915,17.4841,17.2910,0.3996,0.1931,2.3108,1.1166,1,1,9.35,2.78,warning,3.04,,FULL_ANGLE
0,145.1912,t2581,LIDAR_ONLY,16.5268,16.5268,73.9729,57.4461,57.4461,77.6584,77.6584,0,0,9.35,2.78,drive,19.57,front,LIDAR_ONLY
0,145.1912,t2581,LIDAR_ONLY,16.6684,16.6684,73.9729,57.3045,57.3045,77.4669,77.4669,0,0,9.35,2.78,drive,18.61,front,LIDAR_ONLY
0,145.2672,cam_3,CAM_ONLY,16.8917,,17.2910,0.3994,,2.3098,,1,,15.41,11.45,warning,3.04,,CAMERA_ONLY
0,145.3571,cam_3,CAM_ONLY,16.8944,,17.2910,0.3966,,2.2937,,1,,20.33,12.86,warning,3.04,,CAMERA_ONLY
0,145.4295,cam_3,CAM_ONLY,17.0229,,17.2910,0.2681,,1.5506,,1,,20.21,1.89,warning,3.04,,CAMERA_ONLY
0,145.4295,t2584,LIDAR_ONLY,28.1410,28.1410,,,,,,,,20.21,1.89,drive,-29.51,front,LIDAR_ONLY
0,145.5014,cam_3,CAM_ONLY,16.9202,,17.2910,0.3709,,2.1449,,1,,12.59,7.58,warning,3.04,,CAMERA_ONLY
0,145.5687,cam_3,CAM_ONLY,16.9969,,17.2910,0.2941,,1.7009,,1,,10.73,2.70,warning,3.04,,CAMERA_ONLY
0,145.6429,cam_3,CAM_ONLY,17.0159,,17.2910,0.2751,,1.5912,,1,,14.39,5.50,warning,3.04,,CAMERA_ONLY
0,145.6429,t2590,LIDAR_ONLY,18.4156,18.4156,73.9729,55.5572,55.5572,75.1049,75.1049,0,0,14.39,5.50,drive,18.28,front,LIDAR_ONLY
0,145.7043,cam_3,CAM_ONLY,16.9360,,17.2910,0.3551,,2.0535,,1,,12.67,7.56,warning,3.04,,CAMERA_ONLY
0,145.7681,cam_3,CAM_ONLY,17.0118,,17.2910,0.2792,,1.6146,,1,,12.49,3.31,warning,3.04,,CAMERA_ONLY
0,145.8323,t2592,BOTH,16.9349,17.5961,17.2910,0.3561,0.3051,2.0596,1.7646,1,1,15.70,1.89,warning,3.04,,FULL_ANGLE
0,145.8323,t2591,LIDAR_ONLY,28.1311,28.1311,,,,,,,,15.70,1.89,drive,-29.53,front,LIDAR_ONLY
0,145.8323,t2590,LIDAR_ONLY,11.6309,11.6309,,,,,,,,15.70,1.89,cautious,25.76,front,LIDAR_ONLY
0,145.9075,cam_3,CAM_ONLY,17.0261,,17.2910,0.2650,,1.5325,,1,,14.59,10.21,warning,3.04,,CAMERA_ONLY
0,145.9908,cam_3,CAM_ONLY,16.9350,,17.2910,0.3560,,2.0590,,1,,12.82,2.94,warning,3.04,,CAMERA_ONLY
0,145.9908,t2590,LIDAR_ONLY,10.8986,10.8986,73.9729,63.0743,63.0743,85.2668,85.2668,0,0,12.82,2.94,cautious,28.18,front,LIDAR_ONLY
0,145.9908,t2590,LIDAR_ONLY,10.9502,10.9502,73.9729,63.0226,63.0226,85.1969,85.1969,0,0,12.82,2.94,cautious,18.56,front,LIDAR_ONLY
0,145.9908,t2591,LIDAR_ONLY,28.0892,28.0892,,,,,,,,12.82,2.94,drive,-29.49,front,LIDAR_ONLY
0,146.0655,cam_3,CAM_ONLY,16.9194,,17.2910,0.3716,,2.1491,,1,,16.29,11.43,warning,3.04,,CAMERA_ONLY
0,146.1459,t2598,BOTH,16.9233,17.5199,17.2910,0.3677,0.2289,2.1266,1.3238,1,1,19.14,5.25,warning,3.04,,FULL_ANGLE
0,146.1459,t2590,LIDAR_ONLY,11.0363,11.0363,73.9729,62.9366,62.9366,85.0806,85.0806,0,0,19.14,5.25,cautious,19.86,front,LIDAR_ONLY
0,146.1459,t2591,LIDAR_ONLY,28.0707,28.0707,,,,,,,,19.14,5.25,drive,-29.69,front,LIDAR_ONLY
0,146.2176,cam_3,CAM_ONLY,16.9903,,17.2910,0.3007,,1.7392,,1,,16.03,4.60,warning,3.04,,CAMERA_ONLY
0,146.2890,t2598,BOTH,17.0130,17.5224,17.2910,0.2781,0.2314,1.6082,1.3380,1,1,16.05,2.31,warning,3.04,,FULL_ANGLE
0,146.2890,t2590,LIDAR_ONLY,11.0871,11.0871,73.9729,62.8857,62.8857,85.0119,85.0119,0,0,16.05,2.31,cautious,18.19,front,LIDAR_ONLY
0,146.3672,cam_3,CAM_ONLY,17.0489,,17.2910,0.2422,,1.4005,,1,,13.51,10.96,warning,3.04,,CAMERA_ONLY
0,146.4488,cam_3,CAM_ONLY,17.0203,,17.2910,0.2707,,1.5658,,1,,11.21,7.02,warning,3.04,,CAMERA_ONLY
0,146.5163,cam_3,CAM_ONLY,16.9834,,17.2910,0.3076,,1.7791,,1,,12.91,8.92,warning,3.04,,CAMERA_ONLY
0,146.5701,cam_3,CAM_ONLY,16.9018,,17.2910,0.3892,,2.2512,,1,,9.63,2.84,warning,3.04,,CAMERA_ONLY
0,146.6391,t2606,BOTH,16.8332,17.4875,17.2910,0.4578,0.1965,2.6478,1.1363,1,1,12.50,2.86,warning,3.04,,FULL_ANGLE
0,146.7195,cam_3,CAM_ONLY,16.8455,,17.2910,0.4455,,2.5766,,1,,14.85,10.07,warning,3.04,,CAMERA_ONLY
0,146.7811,cam_3,CAM_ONLY,16.9782,,17.2910,0.3128,,1.8093,,1,,13.42,1.84,warning,3.04,,CAMERA_ONLY
0,146.8404,t2606,BOTH,16.9392,17.4801,17.2910,0.3518,0.1891,2.0347,1.0936,1,1,10.45,2.72,warning,3.04,,FULL_ANGLE
0,146.8404,t2609,LIDAR_ONLY,17.1288,17.1288,73.9729,56.8441,56.8441,76.8445,76.8445,0,0,10.45,2.72,drive,19.13,front,LIDAR_ONLY
0,146.8404,t2609,LIDAR_ONLY,17.3142,17.3142,73.9729,56.6586,56.6586,76.5938,76.5938,0,0,10.45,2.72,drive,18.18,front,LIDAR_ONLY
0,146.9284,t2606,BOTH,16.9357,17.4890,17.2910,0.3553,0.1980,2.0549,1.1448,1,1,13.82,1.34,warning,3.04,,FULL_ANGLE
0,146.9284,t2610,LIDAR_ONLY,28.1551,28.1551,,,,,,,,13.82,1.34,drive,-29.45,front,LIDAR_ONLY
0,146.9973,cam_3,CAM_ONLY,16.9233,,17.2910,0.3678,,2.1269,,1,,13.52,6.34,warning,3.04,,CAMERA_ONLY
0,146.9973,t2609,LIDAR_ONLY,16.8006,16.8006,73.9729,57.1722,57.1722,77.2881,77.2881,0,0,13.52,6.34,drive,19.67,front,LIDAR_ONLY
0,147.0635,cam_3,CAM_ONLY,16.8909,,17.2910,0.4001,,2.3140,,1,,9.91,5.58,warning,3.04,,CAMERA_ONLY
0,147.1204,cam_3,CAM_ONLY,16.9435,,17.2910,0.3476,,2.0101,,1,,10.50,2.77,warning,3.04,,CAMERA_ONLY
0,147.1832,cam_3,CAM_ONLY,16.8881,,17.2910,0.4030,,2.3305,,1,,9.34,1.44,warning,3.04,,CAMERA_ONLY
0,147.2470,cam_3,CAM_ONLY,16.9235,,17.2910,0.3675,,2.1256,,1,,12.71,6.55,warning,3.04,,CAMERA_ONLY
0,147.3185,cam_3,CAM_ONLY,16.8553,,17.2910,0.4358,,2.5203,,1,,12.91,4.49,warning,3.04,,CAMERA_ONLY
0,147.4019,cam_3,CAM_ONLY,16.8795,,17.2910,0.4115,,2.3798,,1,,18.17,11.14,warning,3.04,,CAMERA_ONLY
0,147.4733,cam_3,CAM_ONLY,16.9689,,17.2910,0.3221,,1.8628,,1,,15.20,6.88,warning,3.04,,CAMERA_ONLY
0,147.5432,cam_3,CAM_ONLY,17.0206,,17.2910,0.2705,,1.5642,,1,,15.71,4.85,warning,3.04,,CAMERA_ONLY
0,147.6190,cam_3,CAM_ONLY,17.0300,,17.2910,0.2610,,1.5097,,1,,20.47,7.81,warning,3.04,,CAMERA_ONLY
0,147.6854,t2621,BOTH,17.1023,17.5269,17.2910,0.1888,0.2359,1.0917,1.3644,1,1,13.06,1.42,warning,3.04,,FULL_ANGLE
0,147.6854,t2619,LIDAR_ONLY,28.1053,28.1053,,,,,,,,13.06,1.42,drive,-29.60,front,LIDAR_ONLY
0,147.6854,t2620,LIDAR_ONLY,14.4069,14.4069,73.9729,59.5660,59.5660,80.5241,80.5241,0,0,13.06,1.42,cautious,21.43,front,LIDAR_ONLY
0,147.6854,t2620,LIDAR_ONLY,12.6399,12.6399,73.9729,61.3329,61.3329,82.9127,82.9127,0,0,13.06,1.42,cautious,24.22,front,LIDAR_ONLY
0,147.6854,t2620,LIDAR_ONLY,12.9140,12.9140,73.9729,61.0589,61.0589,82.5423,82.5423,0,0,13.06,1.42,cautious,19.61,front,LIDAR_ONLY
0,147.6854,t2620,LIDAR_ONLY,13.2027,13.2027,73.9729,60.7702,60.7702,82.1520,82.1520,0,0,13.06,1.42,cautious,18.15,front,LIDAR_ONLY
0,147.7595,cam_3,CAM_ONLY,17.0528,,17.2910,0.2382,,1.3779,,1,,14.01,12.87,warning,3.04,,CAMERA_ONLY
0,147.8278,cam_3,CAM_ONLY,16.9949,,17.2910,0.2961,,1.7127,,1,,12.50,3.06,warning,3.04,,CAMERA_ONLY
0,147.9007,cam_3,CAM_ONLY,16.9708,,17.2910,0.3202,,1.8519,,1,,15.48,8.77,warning,3.04,,CAMERA_ONLY
0,147.9782,cam_3,CAM_ONLY,17.1000,,17.2910,0.1911,,1.1051,,1,,15.96,5.29,warning,3.04,,CAMERA_ONLY
0,148.0617,cam_3,CAM_ONLY,17.0010,,17.2910,0.2900,,1.6774,,1,,12.21,7.70,warning,3.04,,CAMERA_ONLY
0,148.1267,cam_3,CAM_ONLY,16.9963,,17.2910,0.2947,,1.7046,,1,,12.66,3.00,warning,3.04,,CAMERA_ONLY
0,148.1976,cam_3,CAM_ONLY,17.0450,,17.2910,0.2460,,1.4226,,1,,11.91,6.99,warning,3.04,,CAMERA_ONLY
0,148.1976,t2632,LIDAR_ONLY,17.8696,17.8696,73.9729,56.1033,56.1033,75.8430,75.8430,0,0,11.91,6.99,drive,18.62,front,LIDAR_ONLY
0,148.2771,cam_3,CAM_ONLY,17.0429,,17.2910,0.2481,,1.4350,,1,,14.90,3.21,warning,3.04,,CAMERA_ONLY
0,148.3392,t2634,BOTH,16.9881,17.5140,17.2910,0.3029,0.2230,1.7521,1.2894,1,1,12.97,2.18,warning,3.04,,FULL_ANGLE
0,148.4074,cam_3,CAM_ONLY,16.9063,,17.2910,0.3847,,2.2249,,1,,13.26,8.66,warning,3.04,,CAMERA_ONLY
0,148.4711,cam_3,CAM_ONLY,16.8954,,17.2910,0.3956,,2.2879,,1,,12.80,2.81,warning,3.04,,CAMERA_ONLY
0,148.5296,cam_3,CAM_ONLY,17.0352,,17.2910,0.2558,,1.4794,,1,,9.63,2.52,warning,3.04,,CAMERA_ONLY
0,148.6136,cam_3,CAM_ONLY,17.0570,,17.2910,0.2340,,1.3535,,1,,17.22,12.46,warning,3.04,,CAMERA_ONLY
0,148.6816,cam_3,CAM_ONLY,16.8374,,17.2910,0.4536,,2.6234,,1,,12.65,2.50,warning,3.04,,CAMERA_ONLY
0,148.7565,cam_3,CAM_ONLY,16.9966,,17.2910,0.2945,,1.7029,,1,,18.78,8.65,warning,3.04,,CAMERA_ONLY
0,148.8341,cam_3,CAM_ONLY,17.0437,,17.2910,0.2474,,1.4305,,1,,21.90,4.08,warning,3.04,,CAMERA_ONLY
0,148.9120,cam_3,CAM_ONLY,16.8821,,17.2910,0.4089,,2.3650,,1,,17.56,10.93,warning,3.04,,CAMERA_ONLY
0,148.9812,cam_3,CAM_ONLY,17.0727,,17.2910,0.2184,,1.2630,,1,,14.96,2.07,warning,3.04,,CAMERA_ONLY
0,148.9812,t2648,LIDAR_ONLY,28.1657,28.1657,,,,,,,,14.96,2.07,drive,-29.39,front,LIDAR_ONLY
0,149.0653,cam_3,CAM_ONLY,16.9633,,17.2910,0.3277,,1.8952,,1,,17.30,10.55,warning,3.04,,CAMERA_ONLY
0,149.1381,cam_3,CAM_ONLY,17.0139,,17.2910,0.2772,,1.6031,,1,,14.26,4.71,warning,3.04,,CAMERA_ONLY
0,149.2202,cam_3,CAM_ONLY,16.9935,,17.2910,0.2975,,1.7208,,1,,19.19,3.88,warning,3.04,,CAMERA_ONLY
0,149.3107,cam_3,CAM_ONLY,17.0063,,17.2910,0.2848,,1.6469,,1,,23.12,13.77,warning,3.04,,CAMERA_ONLY
0,149.3774,cam_3,CAM_ONLY,16.8861,,17.2910,0.4050,,2.3421,,1,,14.60,1.90,warning,3.04,,CAMERA_ONLY
0,149.3774,t2653,LIDAR_ONLY,28.0863,28.0863,,,,,,,,14.60,1.90,drive,-29.50,front,LIDAR_ONLY
0,149.4461,cam_3,CAM_ONLY,16.9312,,17.2910,0.3598,,2.0809,,1,,12.94,5.86,warning,3.04,,CAMERA_ONLY
0,149.4461,t2657,LIDAR_ONLY,16.1720,16.1720,73.9729,57.8008,57.8008,78.1379,78.1379,0,0,12.94,5.86,drive,19.85,front,LIDAR_ONLY
0,149.5190,cam_3,CAM_ONLY,16.9599,,17.2910,0.3311,,1.9149,,1,,13.32,5.38,warning,3.04,,CAMERA_ONLY
0,149.5796,cam_3,CAM_ONLY,17.0153,,17.2910,0.2757,,1.5945,,1,,12.36,2.47,warning,3.04,,CAMERA_ONLY
0,149.5796,t2653,LIDAR_ONLY,28.0961,28.0961,,,,,,,,12.36,2.47,drive,-29.52,front,LIDAR_ONLY
0,149.6508,cam_3,CAM_ONLY,17.1246,,17.2910,0.1665,,0.9627,,1,,12.02,8.61,warning,3.04,,CAMERA_ONLY
0,149.7219,cam_3,CAM_ONLY,17.1000,,17.2910,0.1911,,1.1051,,1,,15.06,3.95,warning,3.04,,CAMERA_ONLY
0,149.7894,t2664,BOTH,17.0294,17.4898,17.2910,0.2616,0.1988,1.5131,1.1498,1,1,14.45,2.35,warning,3.04,,FULL_ANGLE
0,149.7894,t2653,LIDAR_ONLY,28.1102,28.1102,,,,,,,,14.45,2.35,drive,-29.32,front,LIDAR_ONLY
0,149.7894,t2663,LIDAR_ONLY,16.3364,16.3364,73.9729,57.6365,57.6365,77.9157,77.9157,0,0,14.45,2.35,drive,19.72,front,LIDAR_ONLY
0,149.8725,cam_3,CAM_ONLY,17.0298,,17.2910,0.2612,,1.5107,,1,,19.38,15.98,warning,3.04,,CAMERA_ONLY
0,149.9374,t2664,BOTH,16.9386,17.4951,17.2910,0.3524,0.2041,2.0382,1.1801,1,1,9.87,1.46,warning,3.04,,FULL_ANGLE
0,149.9374,t2663,LIDAR_ONLY,13.8483,13.8483,73.9729,60.1245,60.1245,81.2792,81.2792,0,0,9.87,1.46,cautious,23.18,front,LIDAR_ONLY
0,149.9374,t2663,LIDAR_ONLY,13.8788,13.8788,73.9729,60.0941,60.0941,81.2380,81.2380,0,0,9.87,1.46,cautious,19.02,front,LIDAR_ONLY
0,149.9374,t2663,LIDAR_ONLY,13.9612,13.9612,73.9729,60.0117,60.0117,81.1266,81.1266,0,0,9.87,1.46,cautious,18.20,front,LIDAR_ONLY
0,149.9374,t2663,LIDAR_ONLY,14.0276,14.0276,73.9729,59.9453,59.9453,81.0369,81.0369,0,0,9.87,1.46,cautious,18.69,front,LIDAR_ONLY
0,150.0152,cam_3,CAM_ONLY,16.9827,,17.2910,0.3084,,1.7835,,1,,15.96,16.53,warning,3.04,,CAMERA_ONLY
0,150.0856,t2664,BOTH,16.9063,17.4983,17.2910,0.3848,0.2072,2.2252,1.1984,1,1,14.52,1.46,warning,3.04,,FULL_ANGLE
0,150.0856,t2667,LIDAR_ONLY,28.1192,28.1192,,,,,,,,14.52,1.46,drive,-29.47,front,LIDAR_ONLY
0,150.0856,t2663,LIDAR_ONLY,13.1463,13.1463,73.9729,60.8265,60.8265,82.2282,82.2282,0,0,14.52,1.46,cautious,23.29,front,LIDAR_ONLY
0,150.0856,t2663,LIDAR_ONLY,13.4374,13.4374,73.9729,60.5354,60.5354,81.8347,81.8347,0,0,14.52,1.46,cautious,18.64,front,LIDAR_ONLY
0,150.0856,t2663,LIDAR_ONLY,13.6166,13.6166,73.9729,60.3563,60.3563,81.5925,81.5925,0,0,14.52,1.46,cautious,19.62,front,LIDAR_ONLY
0,150.1586,cam_3,CAM_ONLY,16.8998,,17.2910,0.3912,,2.2624,,1,,13.01,10.69,warning,3.04,,CAMERA_ONLY
0,150.2356,cam_3,CAM_ONLY,16.8800,,17.2910,0.4110,,2.3772,,1,,16.65,3.40,warning,3.04,,CAMERA_ONLY
0,150.3198,cam_3,CAM_ONLY,16.8818,,17.2910,0.4093,,2.3669,,1,,17.31,6.77,warning,3.04,,CAMERA_ONLY
0,150.3892,t2674,BOTH,16.9809,17.4591,17.2910,0.3102,0.1680,1.7939,0.9717,1,1,12.52,3.14,warning,3.04,,FULL_ANGLE
0,150.3892,t2673,LIDAR_ONLY,18.1614,18.1614,73.9729,55.8114,55.8114,75.4485,75.4485,0,0,12.52,3.14,drive,18.44,front,LIDAR_ONLY
0,150.3892,t2673,LIDAR_ONLY,16.3325,16.3325,73.9729,57.6404,57.6404,77.9210,77.9210,0,0,12.52,3.14,drive,20.25,front,LIDAR_ONLY
0,150.4630,cam_3,CAM_ONLY,16.8604,,17.2910,0.4306,,2.4904,,1,,14.61,13.52,warning,3.04,,CAMERA_ONLY
0,150.5285,cam_3,CAM_ONLY,16.9654,,17.2910,0.3256,,1.8830,,1,,14.42,3.17,warning,3.04,,CAMERA_ONLY
0,150.5918,t2674,BOTH,16.9082,17.4599,17.2910,0.3828,0.1689,2.2141,0.9766,1,1,16.01,2.21,warning,3.04,,FULL_ANGLE
0,150.5918,t2673,LIDAR_ONLY,16.4887,16.4887,73.9729,57.4842,57.4842,77.7098,77.7098,0,0,16.01,2.21,drive,18.47,front,LIDAR_ONLY
0,150.6582,cam_3,CAM_ONLY,16.9966,,17.2910,0.2944,,1.7026,,1,,14.21,8.78,warning,3.04,,CAMERA_ONLY
0,150.7205,cam_3,CAM_ONLY,16.9011,,17.2910,0.3899,,2.2551,,1,,12.58,2.18,warning,3.04,,CAMERA_ONLY
0,150.7842,cam_3,CAM_ONLY,17.0295,,17.2910,0.2615,,1.5125,,1,,17.31,3.30,warning,3.04,,CAMERA_ONLY
0,150.8671,cam_3,CAM_ONLY,17.0394,,17.2910,0.2516,,1.4553,,1,,18.05,5.59,warning,3.04,,CAMERA_ONLY
0,150.9347,t2685,BOTH,17.0299,17.4739,17.2910,0.2611,0.1828,1.5101,1.0574,1,1,15.38,1.37,warning,3.04,,FULL_ANGLE
0,150.9347,t2683,LIDAR_ONLY,28.0385,28.0385,,,,,,,,15.38,1.37,drive,-29.61,front,LIDAR_ONLY
0,151.0070,cam_3,CAM_ONLY,16.9865,,17.2910,0.3045,,1.7612,,1,,12.34,11.27,warning,3.04,,CAMERA_ONLY
0,151.0701,cam_3,CAM_ONLY,16.9757,,17.2910,0.3154,,1.8240,,1,,9.45,2.16,warning,3.04,,CAMERA_ONLY
0,151.1522,cam_3,CAM_ONLY,17.0367,,17.2910,0.2543,,1.4708,,1,,16.93,8.77,warning,3.04,,CAMERA_ONLY
0,151.2271,cam_3,CAM_ONLY,16.9879,,17.2910,0.3031,,1.7530,,1,,15.95,4.85,warning,3.04,,CAMERA_ONLY
0,151.3027,cam_3,CAM_ONLY,16.9667,,17.2910,0.3244,,1.8759,,1,,16.72,8.09,warning,3.04,,CAMERA_ONLY
0,151.3027,t2693,LIDAR_ONLY,18.3274,18.3274,73.9729,55.6455,55.6455,75.2242,75.2242,0,0,16.72,8.09,drive,18.33,front,LIDAR_ONLY
0,151.3807,cam_3,CAM_ONLY,16.8923,,17.2910,0.3987,,2.3060,,1,,16.18,2.61,warning,3.04,,CAMERA_ONLY
0,151.3807,t2694,LIDAR_ONLY,28.0772,28.0772,,,,,,,,16.18,2.61,drive,-29.55,front,LIDAR_ONLY
0,151.4476,cam_3,CAM_ONLY,16.9103,,17.2910,0.3807,,2.2017,,1,,12.75,7.93,warning,3.04,,CAMERA_ONLY
0,151.4476,t2693,LIDAR_ONLY,18.2664,18.2664,73.9729,55.7064,55.7064,75.3066,75.3066,0,0,12.75,7.93,drive,18.40,front,LIDAR_ONLY
0,151.4476,t2693,LIDAR_ONLY,17.8786,17.8786,73.9729,56.0942,56.0942,75.8308,75.8308,0,0,12.75,7.93,drive,19.23,front,LIDAR_ONLY
0,151.5248,cam_3,CAM_ONLY,16.9499,,17.2910,0.3411,,1.9727,,1,,15.18,8.30,warning,3.04,,CAMERA_ONLY
0,151.5942,t2695,BOTH,17.0549,17.6554,17.2910,0.2361,0.3643,1.3655,2.1071,1,1,13.90,5.47,warning,3.04,,FULL_ANGLE
0,151.5942,t2693,LIDAR_ONLY,17.6668,17.6668,73.9729,56.3061,56.3061,76.1172,76.1172,0,0,13.90,5.47,drive,19.10,front,LIDAR_ONLY
0,151.5942,t2695,LIDAR_ONLY,17.9236,17.9236,17.2910,0.6325,0.6325,3.6581,3.6581,1,1,13.90,5.47,drive,2.61,front,LIDAR_ONLY
0,151.6609,cam_3,CAM_ONLY,17.0923,,17.2910,0.1987,,1.1493,,1,,10.61,9.16,warning,3.04,,CAMERA_ONLY
0,151.7287,cam_3,CAM_ONLY,17.0992,,17.2910,0.1918,,1.1094,,1,,13.47,3.55,warning,3.04,,CAMERA_ONLY
0,151.7901,t2695,BOTH,17.0622,17.6006,17.2910,0.2289,0.3095,1.3237,1.7902,1,1,13.17,4.03,warning,3.04,,FULL_ANGLE
0,151.7901,t2693,LIDAR_ONLY,17.3052,17.3052,73.9729,56.6676,56.6676,76.6060,76.6060,0,0,13.17,4.03,drive,19.29,front,LIDAR_ONLY
0,151.8457,cam_3,CAM_ONLY,16.9211,,17.2910,0.3699,,2.1393,,1,,9.32,5.44,warning,3.04,,CAMERA_ONLY
0,151.8457,t2693,LIDAR_ONLY,17.0003,17.0003,73.9729,56.9726,56.9726,77.0182,77.0182,0,0,9.32,5.44,drive,19.43,front,LIDAR_ONLY
0,151.9163,cam_3,CAM_ONLY,17.1101,,17.2910,0.1810,,1.0465,,1,,9.11,10.33,warning,3.04,,CAMERA_ONLY
0,151.9842,t2695,BOTH,16.9009,17.5638,17.2910,0.3902,0.2728,2.2565,1.5775,1,1,12.87,1.24,warning,3.04,,FULL_ANGLE
0,151.9842,t2704,LIDAR_ONLY,28.1401,28.1401,,,,,,,,12.87,1.24,drive,-29.43,front,LIDAR_ONLY
0,151.9842,t2693,LIDAR_ONLY,16.2478,16.2478,73.9729,57.7251,57.7251,78.0355,78.0355,0,0,12.87,1.24,drive,20.60,front,LIDAR_ONLY
0,151.9842,t2693,LIDAR_ONLY,16.2672,16.2672,73.9729,57.7057,57.7057,78.0093,78.0093,0,0,12.87,1.24,drive,18.26,front,LIDAR_ONLY
0,152.0706,cam_3,CAM_ONLY,16.9137,,17.2910,0.3774,,2.1824,,1,,15.92,12.35,warning,3.04,,CAMERA_ONLY
0,152.1317,cam_3,CAM_ONLY,16.8816,,17.2910,0.4094,,2.3678,,1,,11.73,2.81,warning,3.04,,CAMERA_ONLY
0,152.2100,cam_3,CAM_ONLY,17.0976,,17.2910,0.1934,,1.1184,,1,,11.06,8.23,warning,3.04,,CAMERA_ONLY
0,152.3011,cam_3,CAM_ONLY,17.0504,,17.2910,0.2406,,1.3915,,1,,19.93,9.12,warning,3.04,,CAMERA_ONLY
0,152.3011,t2710,LIDAR_ONLY,14.9457,14.9457,73.9729,59.0272,59.0272,79.7957,79.7957,0,0,19.93,9.12,drive,20.91,front,LIDAR_ONLY
0,152.3011,t2710,LIDAR_ONLY,15.4352,15.4352,73.9729,58.5377,58.5377,79.1340,79.1340,0,0,19.93,9.12,drive,19.02,front,LIDAR_ONLY
0,152.3690,cam_3,CAM_ONLY,16.9941,,17.2910,0.2969,,1.7172,,1,,11.54,5.44,warning,3.04,,CAMERA_ONLY
0,152.4304,cam_3,CAM_ONLY,17.0187,,17.2910,0.2723,,1.5751,,1,,14.72,2.09,warning,3.04,,CAMERA_ONLY
0,152.4304,t2711,LIDAR_ONLY,28.1084,28.1084,,,,,,,,14.72,2.09,drive,-29.40,front,LIDAR_ONLY
0,152.5142,cam_3,CAM_ONLY,16.9800,,17.2910,0.3110,,1.7988,,1,,11.19,9.53,warning,3.04,,CAMERA_ONLY
0,152.5815,cam_3,CAM_ONLY,17.0239,,17.2910,0.2672,,1.5451,,1,,13.14,1.47,warning,3.04,,CAMERA_ONLY
0,152.5815,t2711,LIDAR_ONLY,28.1098,28.1098,,,,,,,,13.14,1.47,drive,-29.52,front,LIDAR_ONLY
0,152.6410,t2716,BOTH,16.8564,17.4770,17.2910,0.4347,0.1860,2.5139,1.0757,1,1,10.23,2.15,warning,3.04,,FULL_ANGLE
0,152.7237,cam_3,CAM_ONLY,16.8678,,17.2910,0.4233,,2.4478,,1,,16.64,3.39,warning,3.04,,CAMERA_ONLY
0,152.8060,cam_3,CAM_ONLY,16.8802,,17.2910,0.4108,,2.3760,,1,,20.72,11.21,warning,3.04,,CAMERA_ONLY
0,152.8990,t2716,BOTH,17.0190,17.4836,17.2910,0.2721,0.1926,1.5734,1.1136,1,1,22.51,9.09,warning,3.04,,FULL_ANGLE
0,152.8990,t2722,LIDAR_ONLY,17.7945,17.7945,73.9729,56.1784,56.1784,75.9446,75.9446,0,0,22.51,9.09,drive,18.67,front,LIDAR_ONLY
0,152.9686,cam_3,CAM_ONLY,17.0519,,17.2910,0.2391,,1.3828,,1,,16.57,2.49,warning,3.04,,CAMERA_ONLY
0,153.0253,cam_3,CAM_ONLY,16.9927,,17.2910,0.2984,,1.7255,,1,,9.18,3.08,warning,3.04,,CAMERA_ONLY
0,153.0996,cam_3,CAM_ONLY,16.9981,,17.2910,0.2929,,1.6940,,1,,15.90,3.10,warning,3.04,,CAMERA_ONLY
0,153.0996,t2722,LIDAR_ONLY,16.4936,16.4936,73.9729,57.4793,57.4793,77.7032,77.7032,0,0,15.90,3.10,drive,20.37,front,LIDAR_ONLY
0,153.0996,t2722,LIDAR_ONLY,16.5007,16.5007,73.9729,57.4722,57.4722,77.6936,77.6936,0,0,15.90,3.10,drive,19.37,front,LIDAR_ONLY
0,153.0996,t2722,LIDAR_ONLY,16.6079,16.6079,73.9729,57.3649,57.3649,77.5486,77.5486,0,0,15.90,3.10,drive,18.51,front,LIDAR_ONLY
0,153.1744,cam_3,CAM_ONLY,16.9990,,17.2910,0.2920,,1.6889,,1,,18.36,2.97,warning,3.04,,CAMERA_ONLY
0,153.2413,t2729,BOTH,17.0935,17.4657,17.2910,0.1976,0.1746,1.1426,1.0099,1,1,10.19,2.58,warning,3.04,,FULL_ANGLE
0,153.2413,t2727,LIDAR_ONLY,28.1047,28.1047,,,,,,,,10.19,2.58,drive,-29.69,front,LIDAR_ONLY
0,153.2413,t2722,LIDAR_ONLY,16.7635,16.7635,73.9729,57.2093,57.2093,77.3383,77.3383,0,0,10.19,2.58,drive,18.46,front,LIDAR_ONLY
0,153.3036,cam_3,CAM_ONLY,17.0116,,17.2910,0.2795,,1.6162,,1,,10.39,8.12,warning,3.04,,CAMERA_ONLY
0,153.3672,cam_3,CAM_ONLY,16.9432,,17.2910,0.3479,,2.0119,,1,,13.38,2.54,warning,3.04,,CAMERA_ONLY
0,153.4374,t2729,BOTH,16.9878,17.4750,17.2910,0.3033,0.1840,1.7540,1.0641,1,1,14.78,2.28,warning,3.04,,FULL_ANGLE
0,153.4374,t2722,LIDAR_ONLY,11.1124,11.1124,73.9729,62.8605,62.8605,84.9777,84.9777,0,0,14.78,2.28,cautious,28.15,front,LIDAR_ONLY
0,153.4374,t2722,LIDAR_ONLY,11.0973,11.0973,73.9729,62.8755,62.8755,84.9981,84.9981,0,0,14.78,2.28,cautious,18.34,front,LIDAR_ONLY
0,153.4374,t2727,LIDAR_ONLY,28.1239,28.1239,,,,,,,,14.78,2.28,drive,-29.26,front,LIDAR_ONLY
0,153.5073,cam_3,CAM_ONLY,16.9659,,17.2910,0.3252,,1.8805,,1,,12.11,10.29,warning,3.04,,CAMERA_ONLY
0,153.5850,cam_3,CAM_ONLY,17.0019,,17.2910,0.2891,,1.6719,,1,,20.73,3.27,warning,3.04,,CAMERA_ONLY
0,153.5850,t2727,LIDAR_ONLY,28.1293,28.1293,,,,,,,,20.73,3.27,drive,-29.61,front,LIDAR_ONLY
0,153.6833,cam_3,CAM_ONLY,17.1336,,17.2910,0.1574,,0.9103,,1,,19.41,4.61,warning,3.04,,CAMERA_ONLY
0,153.7559,cam_3,CAM_ONLY,17.2104,,17.2910,0.0806,,0.4663,,1,,12.82,10.68,warning,3.04,,CAMERA_ONLY
0,153.8323,cam_3,CAM_ONLY,17.1567,,17.2910,0.1343,,0.7769,,1,,14.21,6.22,warning,3.04,,CAMERA_ONLY
0,153.9213,cam_3,CAM_ONLY,17.0117,,17.2910,0.2793,,1.6155,,1,,15.45,6.23,warning,3.04,,CAMERA_ONLY
0,153.9866,t2742,BOTH,17.0163,17.4798,17.2910,0.2747,0.1888,1.5890,1.0920,1,1,12.22,1.64,warning,3.04,,FULL_ANGLE
0,153.9866,t2741,LIDAR_ONLY,10.8159,10.8159,73.9729,63.1570,63.1570,85.3786,85.3786,0,0,12.22,1.64,cautious,26.77,front,LIDAR_ONLY
0,153.9866,t2741,LIDAR_ONLY,10.9076,10.9076,73.9729,63.0652,63.0652,85.2546,85.2546,0,0,12.22,1.64,cautious,20.76,front,LIDAR_ONLY
0,153.9866,t2741,LIDAR_ONLY,11.1268,11.1268,73.9729,62.8461,62.8461,84.9583,84.9583,0,0,12.22,1.64,cautious,18.51,front,LIDAR_ONLY
0,153.9866,t2741,LIDAR_ONLY,11.3223,11.3223,73.9729,62.6505,62.6505,84.6939,84.6939,0,0,12.22,1.64,cautious,19.62,front,LIDAR_ONLY
0,154.0524,cam_3,CAM_ONLY,16.9969,,17.2910,0.2941,,1.7009,,1,,9.18,7.67,warning,3.04,,CAMERA_ONLY
0,154.1186,cam_3,CAM_ONLY,17.0069,,17.2910,0.2841,,1.6430,,1,,12.39,5.63,warning,3.04,,CAMERA_ONLY
0,154.1841,t2742,BOTH,16.8832,17.4809,17.2910,0.4078,0.1899,2.3585,1.0983,1,1,13.92,1.32,warning,3.04,,FULL_ANGLE
0,154.1841,t2741,LIDAR_ONLY,11.6139,11.6139,73.9729,62.3590,62.3590,84.2998,84.2998,0,0,13.92,1.32,cautious,21.82,front,LIDAR_ONLY
0,154.1841,t2741,LIDAR_ONLY,12.6637,12.6637,73.9729,61.3092,61.3092,82.8807,82.8807,0,0,13.92,1.32,cautious,19.04,front,LIDAR_ONLY
0,154.1841,t2741,LIDAR_ONLY,13.4669,13.4669,73.9729,60.5059,60.5059,81.7948,81.7948,0,0,13.92,1.32,cautious,18.08,front,LIDAR_ONLY
0,154.1841,t2745,LIDAR_ONLY,28.2185,28.2185,,,,,,,,13.92,1.32,drive,-29.44,front,LIDAR_ONLY
0,154.2665,cam_3,CAM_ONLY,16.9245,,17.2910,0.3665,,2.1196,,1,,21.34,8.33,warning,3.04,,CAMERA_ONLY
0,154.3270,cam_3,CAM_ONLY,16.8875,,17.2910,0.4035,,2.3338,,1,,13.15,2.34,warning,3.04,,CAMERA_ONLY
0,154.3270,t2745,LIDAR_ONLY,28.1934,28.1934,,,,,,,,13.15,2.34,drive,-29.45,front,LIDAR_ONLY
0,154.3904,t2742,BOTH,16.9260,17.4906,17.2910,0.3651,0.1995,2.1112,1.1539,1,1,11.74,2.55,warning,3.04,,FULL_ANGLE
0,154.4898,t2742,BOTH,16.9590,17.4933,17.2910,0.3321,0.2022,1.9204,1.1696,1,1,13.27,2.95,warning,3.04,,FULL_ANGLE
0,154.5578,cam_3,CAM_ONLY,17.0137,,17.2910,0.2773,,1.6039,,1,,10.31,10.37,warning,3.04,,CAMERA_ONLY
0,154.6598,cam_3,CAM_ONLY,16.8860,,17.2910,0.4051,,2.3427,,1,,9.50,10.98,warning,3.04,,CAMERA_ONLY
0,154.7195,cam_3,CAM_ONLY,16.9859,,17.2910,0.3051,,1.7648,,1,,10.60,4.64,warning,3.04,,CAMERA_ONLY
0,154.7923,t2755,BOTH,17.0056,17.4966,17.2910,0.2854,0.2056,1.6506,1.1888,1,1,19.39,4.08,warning,3.04,,FULL_ANGLE
0,154.7923,t2752,LIDAR_ONLY,28.1132,28.1132,,,,,,,,19.39,4.08,drive,-29.53,front,LIDAR_ONLY
0,154.7923,t2754,LIDAR_ONLY,15.9439,15.9439,73.9729,58.0289,58.0289,78.4462,78.4462,0,0,19.39,4.08,drive,20.03,front,LIDAR_ONLY
0,154.8690,cam_3,CAM_ONLY,17.0769,,17.2910,0.2141,,1.2384,,1,,18.73,14.99,warning,3.04,,CAMERA_ONLY
0,154.9468,t2755,BOTH,17.0764,17.4997,17.2910,0.2146,0.2087,1.2411,1.2067,1,1,18.98,6.31,warning,3.04,,FULL_ANGLE
0,154.9468,t2754,LIDAR_ONLY,16.0865,16.0865,73.9729,57.8864,57.8864,78.2536,78.2536,0,0,18.98,6.31,drive,18.56,front,LIDAR_ONLY
0,154.9468,t2754,LIDAR_ONLY,16.1840,16.1840,73.9729,57.7889,57.7889,78.1217,78.1217,0,0,18.98,6.31,drive,19.71,front,LIDAR_ONLY
0,155.0178,cam_3,CAM_ONLY,16.9701,,17.2910,0.3210,,1.8564,,1,,13.69,8.28,warning,3.04,,CAMERA_ONLY
0,155.0826,t2755,BOTH,17.0058,17.5075,17.2910,0.2852,0.2165,1.6496,1.2520,1,1,14.91,1.16,warning,3.04,,FULL_ANGLE
0,155.1491,cam_3,CAM_ONLY,16.9647,,17.2910,0.3263,,1.8871,,1,,9.84,6.59,warning,3.04,,CAMERA_ONLY
0,155.1491,t2754,LIDAR_ONLY,16.3105,16.3105,73.9729,57.6624,57.6624,77.9507,77.9507,0,0,9.84,6.59,drive,18.24,front,LIDAR_ONLY
0,155.1491,t2754,LIDAR_ONLY,16.4143,16.4143,73.9729,57.5586,57.5586,77.8104,77.8104,0,0,9.84,6.59,drive,19.22,front,LIDAR_ONLY
0,155.1491,t2754,LIDAR_ONLY,16.6216,16.6216,73.9729,57.3512,57.3512,77.5301,77.5301,0,0,9.84,6.59,drive,20.83,front,LIDAR_ONLY
0,155.2130,cam_3,CAM_ONLY,17.0718,,17.2910,0.2192,,1.2677,,1,,10.08,3.94,warning,3.04,,CAMERA_ONLY
0,155.2865,cam_3,CAM_ONLY,16.8822,,17.2910,0.4089,,2.3647,,1,,11.59,4.35,warning,3.04,,CAMERA_ONLY
0,155.3969,t2763,BOTH,17.0116,17.4546,17.2910,0.2795,0.1636,1.6162,0.9460,1,1,14.75,6.42,warning,3.04,,FULL_ANGLE
0,155.3969,t2754,LIDAR_ONLY,16.6564,16.6564,73.9729,57.3165,57.3165,77.4831,77.4831,0,0,14.75,6.42,drive,19.42,front,LIDAR_ONLY
0,155.3969,t2754,LIDAR_ONLY,16.6295,16.6295,73.9729,57.3434,57.3434,77.5195,77.5195,0,0,14.75,6.42,drive,21.06,front,LIDAR_ONLY
0,155.3969,t2754,LIDAR_ONLY,16.2338,16.2338,73.9729,57.7391,57.7391,78.0544,78.0544,0,0,14.75,6.42,drive,20.70,front,LIDAR_ONLY
0,155.4824,cam_3,CAM_ONLY,16.9028,,17.2910,0.3883,,2.2454,,1,,20.40,3.55,warning,3.04,,CAMERA_ONLY
0,155.5538,cam_3,CAM_ONLY,16.9441,,17.2910,0.3470,,2.0066,,1,,12.32,10.16,warning,3.04,,CAMERA_ONLY
0,155.6265,cam_3,CAM_ONLY,17.0500,,17.2910,0.2411,,1.3941,,1,,19.70,3.32,warning,3.04,,CAMERA_ONLY
0,155.7198,cam_3,CAM_ONLY,16.9990,,17.2910,0.2921,,1.6891,,1,,16.24,13.84,warning,3.04,,CAMERA_ONLY
0,155.7973,cam_3,CAM_ONLY,16.9533,,17.2910,0.3378,,1.9535,,1,,13.25,7.75,warning,3.04,,CAMERA_ONLY
0,155.7973,t2768,LIDAR_ONLY,18.3604,18.3604,73.9729,55.6125,55.6125,75.1795,75.1795,0,0,13.25,7.75,drive,18.31,front,LIDAR_ONLY
0,155.8791,cam_3,CAM_ONLY,16.9296,,17.2910,0.3614,,2.0903,,1,,19.05,4.18,warning,3.04,,CAMERA_ONLY
0,155.9571,cam_3,CAM_ONLY,16.9560,,17.2910,0.3351,,1.9379,,1,,17.77,11.89,warning,3.04,,CAMERA_ONLY
0,156.0271,cam_3,CAM_ONLY,16.9871,,17.2910,0.3040,,1.7580,,1,,14.39,3.81,warning,3.04,,CAMERA_ONLY
0,156.0837,cam_3,CAM_ONLY,16.8720,,17.2910,0.4191,,2.4236,,1,,11.43,1.65,warning,3.04,,CAMERA_ONLY
0,156.0837,t2773,LIDAR_ONLY,28.1009,28.1009,,,,,,,,11.43,1.65,drive,-29.42,front,LIDAR_ONLY
0,156.1613,cam_3,CAM_ONLY,16.9187,,17.2910,0.3723,,2.1531,,1,,12.39,9.40,warning,3.04,,CAMERA_ONLY
0,156.2321,cam_3,CAM_ONLY,16.9169,,17.2910,0.3742,,2.1639,,1,,18.52,1.78,warning,3.04,,CAMERA_ONLY
0,156.2321,t2773,LIDAR_ONLY,28.1027,28.1027,,,,,,,,18.52,1.78,drive,-29.47,front,LIDAR_ONLY
0,156.3094,cam_3,CAM_ONLY,16.9002,,17.2910,0.3908,,2.2602,,1,,9.78,10.07,warning,3.04,,CAMERA_ONLY
0,156.3802,cam_3,CAM_ONLY,17.0072,,17.2910,0.2838,,1.6415,,1,,12.23,2.12,warning,3.04,,CAMERA_ONLY
0,156.3802,t2773,LIDAR_ONLY,28.1163,28.1163,,,,,,,,12.23,2.12,drive,-29.42,front,LIDAR_ONLY
0,156.4442,t2780,BOTH,17.1026,17.4576,17.2910,0.1884,0.1666,1.0898,0.9634,1,1,11.50,3.55,warning,3.04,,FULL_ANGLE
0,156.4442,t2779,LIDAR_ONLY,15.3414,15.3414,73.9729,58.6315,58.6315,79.2608,79.2608,0,0,11.50,3.55,drive,20.55,front,LIDAR_ONLY
0,156.4442,t2779,LIDAR_ONLY,14.9449,14.9449,73.9729,59.0280,59.0280,79.7968,79.7968,0,0,11.50,3.55,drive,21.55,front,LIDAR_ONLY
0,156.4442,t2779,LIDAR_ONLY,15.0616,15.0616,73.9729,58.9113,58.9113,79.6391,79.6391,0,0,11.50,3.55,drive,19.53,front,LIDAR_ONLY
0,156.4442,t2779,LIDAR_ONLY,15.3025,15.3025,73.9729,58.6703,58.6703,79.3133,79.3133,0,0,11.50,3.55,drive,18.60,front,LIDAR_ONLY
0,156.5154,cam_3,CAM_ONLY,16.9834,,17.2910,0.3077,,1.7793,,1,,15.73,10.17,warning,3.04,,CAMERA_ONLY
0,156.5795,cam_3,CAM_ONLY,17.0202,,17.2910,0.2709,,1.5665,,1,,12.45,2.59,warning,3.04,,CAMERA_ONLY
0,156.6605,cam_3,CAM_ONLY,17.0289,,17.2910,0.2621,,1.5158,,1,,17.21,13.84,warning,3.04,,CAMERA_ONLY
0,156.7289,cam_3,CAM_ONLY,16.9022,,17.2910,0.3889,,2.2490,,1,,12.80,2.83,warning,3.04,,CAMERA_ONLY
0,156.7289,t2783,LIDAR_ONLY,28.1031,28.1031,,,,,,,,12.80,2.83,drive,-29.50,front,LIDAR_ONLY
0,156.8183,cam_3,CAM_ONLY,17.0606,,17.2910,0.2304,,1.3326,,1,,13.22,8.26,warning,3.04,,CAMERA_ONLY
0,156.8828,t2787,BOTH,17.0705,17.5065,17.2910,0.2205,0.2155,1.2752,1.2463,1,1,13.47,1.48,warning,3.04,,FULL_ANGLE
0,156.8828,t2783,LIDAR_ONLY,28.1215,28.1215,,,,,,,,13.47,1.48,drive,-29.37,front,LIDAR_ONLY
0,156.9571,cam_3,CAM_ONLY,16.9428,,17.2910,0.3483,,2.0141,,1,,17.55,11.96,warning,3.04,,CAMERA_ONLY
0,157.0305,cam_3,CAM_ONLY,17.0556,,17.2910,0.2354,,1.3614,,1,,17.93,3.79,warning,3.04,,CAMERA_ONLY
0,157.1145,cam_3,CAM_ONLY,17.0794,,17.2910,0.2117,,1.2242,,1,,16.34,16.11,warning,3.04,,CAMERA_ONLY
0,157.2088,cam_3,CAM_ONLY,16.9208,,17.2910,0.3702,,2.1410,,1,,20.75,14.39,warning,3.04,,CAMERA_ONLY
0,157.2939,t2793,BOTH,17.0496,17.4837,17.2910,0.2415,0.1927,1.3965,1.1142,1,1,17.15,3.09,warning,3.04,,FULL_ANGLE
0,157.2939,t2792,LIDAR_ONLY,17.5327,17.5327,73.9729,56.4402,56.4402,76.2985,76.2985,0,0,17.15,3.09,drive,18.85,front,LIDAR_ONLY
0,157.3600,cam_3,CAM_ONLY,16.8671,,17.2910,0.4239,,2.4517,,1,,11.49,10.23,warning,3.04,,CAMERA_ONLY
0,157.4292,t2793,BOTH,16.8726,17.4849,17.2910,0.4185,0.1939,2.4201,1.1214,1,1,10.05,1.30,warning,3.04,,FULL_ANGLE
0,157.4292,t2794,LIDAR_ONLY,28.0870,28.0870,,,,,,,,10.05,1.30,drive,-29.57,front,LIDAR_ONLY
0,157.4292,t2792,LIDAR_ONLY,15.6832,15.6832,73.9729,58.2897,58.2897,78.7987,78.7987,0,0,10.05,1.30,drive,20.97,front,LIDAR_ONLY
0,157.4292,t2792,LIDAR_ONLY,15.7582,15.7582,73.9729,58.2146,58.2146,78.6973,78.6973,0,0,10.05,1.30,drive,18.50,front,LIDAR_ONLY
0,157.5107,cam_3,CAM_ONLY,16.9590,,17.2910,0.3321,,1.9205,,1,,23.92,9.82,warning,3.04,,CAMERA_ONLY
0,157.5726,cam_3,CAM_ONLY,16.9400,,17.2910,0.3510,,2.0300,,1,,16.02,3.06,warning,3.04,,CAMERA_ONLY
0,157.6333,cam_3,CAM_ONLY,16.9402,,17.2910,0.3509,,2.0291,,1,,8.64,2.64,warning,3.04,,CAMERA_ONLY
0,157.7005,cam_3,CAM_ONLY,17.0721,,17.2910,0.2190,,1.2665,,1,,12.60,6.96,warning,3.04,,CAMERA_ONLY
0,157.7792,cam_3,CAM_ONLY,17.0103,,17.2910,0.2807,,1.6237,,1,,13.88,3.22,warning,3.04,,CAMERA_ONLY
0,157.8442,t2804,BOTH,17.0678,17.4701,17.2910,0.2232,0.1790,1.2909,1.0353,1,1,12.49,4.74,warning,3.04,,FULL_ANGLE
0,157.8442,t2803,LIDAR_ONLY,17.0725,17.0725,73.9729,56.9003,56.9003,76.9205,76.9205,0,0,12.49,4.74,drive,19.17,front,LIDAR_ONLY
0,157.8442,t2803,LIDAR_ONLY,16.5085,16.5085,73.9729,57.4643,57.4643,77.6830,77.6830,0,0,12.49,4.74,drive,20.17,front,LIDAR_ONLY
0,157.9140,cam_3,CAM_ONLY,17.0311,,17.2910,0.2599,,1.5032,,1,,12.36,8.70,warning,3.04,,CAMERA_ONLY
0,158.0056,cam_3,CAM_ONLY,17.0181,,17.2910,0.2729,,1.5783,,1,,19.15,13.43,warning,3.04,,CAMERA_ONLY
0,158.0056,t2803,LIDAR_ONLY,16.7052,16.7052,73.9729,57.2677,57.2677,77.4172,77.4172,0,0,19.15,13.43,drive,18.33,front,LIDAR_ONLY
0,158.0056,t2803,LIDAR_ONLY,16.7723,16.7723,73.9729,57.2006,57.2006,77.3264,77.3264,0,0,19.15,13.43,drive,19.53,front,LIDAR_ONLY
0,158.0865,cam_3,CAM_ONLY,16.9363,,17.2910,0.3548,,2.0517,,1,,18.36,2.22,warning,3.04,,CAMERA_ONLY
0,158.0865,t2806,LIDAR_ONLY,28.1296,28.1296,,,,,,,,18.36,2.22,drive,-29.51,front,LIDAR_ONLY
0,158.1678,cam_3,CAM_ONLY,16.9912,,17.2910,0.2998,,1.7338,,1,,19.70,9.01,warning,3.04,,CAMERA_ONLY
0,158.2398,t2809,BOTH,17.0844,17.5080,17.2910,0.2067,0.2169,1.1952,1.2546,1,1,16.03,3.01,warning,3.04,,FULL_ANGLE
0,158.2398,t2806,LIDAR_ONLY,28.1264,28.1264,,,,,,,,16.03,3.01,drive,-29.58,front,LIDAR_ONLY
0,158.2398,t2803,LIDAR_ONLY,11.8505,11.8505,73.9729,62.1224,62.1224,83.9800,83.9800,0,0,16.03,3.01,cautious,26.72,front,LIDAR_ONLY
0,158.2398,t2803,LIDAR_ONLY,11.9849,11.9849,73.9729,61.9880,61.9880,83.7983,83.7983,0,0,16.03,3.01,cautious,19.26,front,LIDAR_ONLY
0,158.3240,cam_3,CAM_ONLY,17.0364,,17.2910,0.2546,,1.4724,,1,,16.00,3.32,warning,3.04,,CAMERA_ONLY
0,158.3804,cam_3,CAM_ONLY,16.8567,,17.2910,0.4343,,2.5120,,1,,9.35,2.51,warning,3.04,,CAMERA_ONLY
0,158.4489,cam_3,CAM_ONLY,16.8912,,17.2910,0.3998,,2.3122,,1,,15.55,7.18,warning,3.04,,CAMERA_ONLY
0,158.5176,cam_3,CAM_ONLY,16.9597,,17.2910,0.3314,,1.9164,,1,,15.25,2.73,warning,3.04,,CAMERA_ONLY
0,158.6022,cam_3,CAM_ONLY,17.0963,,17.2910,0.1947,,1.1263,,1,,18.58,10.99,warning,3.04,,CAMERA_ONLY
0,158.6684,cam_3,CAM_ONLY,17.1351,,17.2910,0.1559,,0.9019,,1,,10.30,8.20,warning,3.04,,CAMERA_ONLY
0,158.7302,cam_3,CAM_ONLY,17.0510,,17.2910,0.2401,,1.3884,,1,,10.41,2.48,warning,3.04,,CAMERA_ONLY
0,158.8125,cam_3,CAM_ONLY,16.9245,,17.2910,0.3665,,2.1196,,1,,18.45,13.43,warning,3.04,,CAMERA_ONLY
0,158.8741,cam_3,CAM_ONLY,16.9038,,17.2910,0.3873,,2.2396,,1,,12.30,3.52,warning,3.04,,CAMERA_ONLY
0,158.9612,cam_3,CAM_ONLY,16.9668,,17.2910,0.3242,,1.8751,,1,,18.28,13.80,warning,3.04,,CAMERA_ONLY
0,159.0367,cam_3,CAM_ONLY,17.1286,,17.2910,0.1624,,0.9394,,1,,15.29,2.49,warning,3.04,,CAMERA_ONLY
0,159.0367,t2825,LIDAR_ONLY,28.1464,28.1464,,,,,,,,15.29,2.49,drive,-29.39,front,LIDAR_ONLY
0,159.1005,cam_3,CAM_ONLY,16.8949,,17.2910,0.3961,,2.2908,,1,,13.27,5.50,warning,3.04,,CAMERA_ONLY
0,159.1005,t2829,LIDAR_ONLY,15.8514,15.8514,73.9729,58.1214,58.1214,78.5713,78.5713,0,0,13.27,5.50,drive,20.11,front,LIDAR_ONLY
0,159.1609,cam_3,CAM_ONLY,16.9993,,17.2910,0.2917,,1.6870,,1,,9.56,8.89,warning,3.04,,CAMERA_ONLY
0,159.2273,cam_3,CAM_ONLY,17.0005,,17.2910,0.2905,,1.6801,,1,,13.05,3.45,warning,3.04,,CAMERA_ONLY
0,159.3144,cam_3,CAM_ONLY,16.9821,,17.2910,0.3090,,1.7868,,1,,19.29,13.77,warning,3.04,,CAMERA_ONLY
0,159.3763,cam_3,CAM_ONLY,17.0025,,17.2910,0.2886,,1.6690,,1,,14.05,3.72,warning,3.04,,CAMERA_ONLY
0,159.4334,t2840,BOTH,17.1021,17.5104,17.2910,0.1890,0.2193,1.0929,1.2685,1,1,10.03,1.90,warning,3.04,,FULL_ANGLE
0,159.4334,t2838,LIDAR_ONLY,28.1088,28.1088,,,,,,,,10.03,1.90,drive,-29.47,front,LIDAR_ONLY
0,159.5002,cam_3,CAM_ONLY,17.0602,,17.2910,0.2308,,1.3350,,1,,17.04,8.49,warning,3.04,,CAMERA_ONLY
0,159.5696,cam_3,CAM_ONLY,16.9352,,17.2910,0.3558,,2.0577,,1,,13.94,5.73,warning,3.04,,CAMERA_ONLY
0,159.6607,cam_3,CAM_ONLY,17.0126,,17.2910,0.2784,,1.6104,,1,,18.91,14.59,warning,3.04,,CAMERA_ONLY
0,159.7418,t2846,BOTH,17.1105,17.5132,17.2910,0.1805,0.2221,1.0441,1.2847,1,1,16.66,3.74,warning,3.04,,FULL_ANGLE
0,159.7418,t2845,LIDAR_ONLY,17.7839,17.7839,73.9729,56.1890,56.1890,75.9589,75.9589,0,0,16.66,3.74,drive,18.68,front,LIDAR_ONLY
0,159.8171,cam_3,CAM_ONLY,17.0469,,17.2910,0.2441,,1.4119,,1,,18.70,9.51,warning,3.04,,CAMERA_ONLY
0,159.8891,t2846,BOTH,17.1052,17.4976,17.2910,0.1858,0.2066,1.0745,1.1949,1,1,16.25,2.08,warning,3.04,,FULL_ANGLE
0,159.8891,t2848,LIDAR_ONLY,9.9807,9.9807,,,,,,,,16.25,2.08,cautious,29.11,front,LIDAR_ONLY
0,159.8891,t2845,LIDAR_ONLY,17.6327,17.6327,73.9729,56.3402,56.3402,76.1633,76.1633,0,0,16.25,2.08,drive,18.85,front,LIDAR_ONLY
0,159.8891,t2849,LIDAR_ONLY,28.1089,28.1089,,,,,,,,16.25,2.08,drive,-29.49,front,LIDAR_ONLY
0,159.9479,cam_3,CAM_ONLY,17.0155,,17.2910,0.2756,,1.5937,,1,,11.53,5.01,warning,3.04,,CAMERA_ONLY
0,160.0267,cam_3,CAM_ONLY,17.0493,,17.2910,0.2417,,1.3981,,1,,19.67,7.68,warning,3.04,,CAMERA_ONLY
0,160.1200,cam_3,CAM_ONLY,16.8974,,17.2910,0.3937,,2.2768,,1,,16.75,3.51,warning,3.04,,CAMERA_ONLY
0,160.1729,cam_3,CAM_ONLY,17.0060,,17.2910,0.2850,,1.6484,,1,,9.39,2.65,warning,3.04,,CAMERA_ONLY
0,160.2656,cam_3,CAM_ONLY,16.9939,,17.2910,0.2972,,1.7187,,1,,17.17,16.89,warning,3.04,,CAMERA_ONLY
0,160.3328,t2856,BOTH,16.9456,17.4988,17.2910,0.3455,0.2077,1.9979,1.2014,1,1,10.64,1.16,warning,3.04,,FULL_ANGLE
0,160.3328,t2855,LIDAR_ONLY,27.9892,27.9892,,,,,,,,10.64,1.16,drive,-29.70,front,LIDAR_ONLY
0,160.4028,cam_3,CAM_ONLY,16.9953,,17.2910,0.2957,,1.7102,,1,,11.66,9.26,warning,3.04,,CAMERA_ONLY
0,160.4726,cam_3,CAM_ONLY,16.9667,,17.2910,0.3244,,1.8760,,1,,16.04,3.52,warning,3.04,,CAMERA_ONLY
0,160.5351,t2856,BOTH,17.0580,17.5223,17.2910,0.2330,0.2312,1.3475,1.3374,1,1,13.27,1.44,warning,3.04,,FULL_ANGLE
0,160.5351,t2855,LIDAR_ONLY,27.9969,27.9969,,,,,,,,13.27,1.44,drive,-29.55,front,LIDAR_ONLY
0,160.5351,t2861,LIDAR_ONLY,15.1585,15.1585,73.9729,58.8144,58.8144,79.5081,79.5081,0,0,13.27,1.44,drive,20.71,front,LIDAR_ONLY
0,160.6174,cam_3,CAM_ONLY,16.8957,,17.2910,0.3954,,2.2866,,1,,20.28,16.16,warning,3.04,,CAMERA_ONLY
0,160.6782,cam_3,CAM_ONLY,17.0165,,17.2910,0.2745,,1.5877,,1,,9.86,3.85,warning,3.04,,CAMERA_ONLY
0,160.7619,cam_3,CAM_ONLY,17.0072,,17.2910,0.2838,,1.6413,,1,,13.34,9.56,warning,3.04,,CAMERA_ONLY
0,160.8247,cam_3,CAM_ONLY,16.9979,,17.2910,0.2931,,1.6954,,1,,10.88,3.23,warning,3.04,,CAMERA_ONLY
0,160.8803,cam_3,CAM_ONLY,16.8741,,17.2910,0.4169,,2.4111,,1,,9.95,2.81,warning,3.04,,CAMERA_ONLY
0,160.9582,cam_3,CAM_ONLY,16.9730,,17.2910,0.3180,,1.8392,,1,,11.57,12.38,warning,3.04,,CAMERA_ONLY
0,161.0226,cam_3,CAM_ONLY,16.9396,,17.2910,0.3515,,2.0326,,1,,12.44,2.85,warning,3.04,,CAMERA_ONLY
0,161.0813,t2872,BOTH,16.9278,17.5170,17.2910,0.3633,0.2260,2.1009,1.3070,1,1,13.59,1.22,warning,3.04,,FULL_ANGLE
0,161.0813,t2871,LIDAR_ONLY,28.0809,28.0809,47.1612,19.0803,19.0803,40.4577,40.4577,0,0,13.59,1.22,drive,-29.51,front,LIDAR_ONLY
0,161.1511,cam_3,CAM_ONLY,16.9330,,17.2910,0.3580,,2.0706,,1,,12.91,7.62,warning,3.04,,CAMERA_ONLY
0,161.2177,cam_3,CAM_ONLY,16.9526,,17.2910,0.3384,,1.9572,,1,,12.36,5.43,warning,3.04,,CAMERA_ONLY
0,161.2779,cam_3,CAM_ONLY,16.9153,,17.2910,0.3757,,2.1729,,1,,12.57,2.98,warning,3.04,,CAMERA_ONLY
0,161.3378,cam_3,CAM_ONLY,16.9320,,17.2910,0.3590,,2.0763,,1,,10.32,1.54,warning,3.04,,CAMERA_ONLY
0,161.4080,cam_3,CAM_ONLY,17.0091,,17.2910,0.2820,,1.6307,,1,,13.71,11.60,warning,3.04,,CAMERA_ONLY
0,161.4753,cam_3,CAM_ONLY,17.0946,,17.2910,0.1964,,1.1360,,1,,11.09,6.81,warning,3.04,,CAMERA_ONLY
0,161.5416,t2880,BOTH,17.0952,17.5965,17.2910,0.1959,0.3054,1.1327,1.7665,1,1,10.76,3.27,warning,3.04,,FULL_ANGLE
0,161.5416,t2880,LIDAR_ONLY,17.9028,17.9028,17.2910,0.6118,0.6118,3.5382,3.5382,1,1,10.76,3.27,drive,2.76,front,LIDAR_ONLY
0,161.6107,cam_3,CAM_ONLY,17.1697,,17.2910,0.1213,,0.7017,,1,,13.96,12.43,warning,3.04,,CAMERA_ONLY
0,161.6709,cam_3,CAM_ONLY,17.2005,,17.2910,0.0906,,0.5239,,1,,9.97,3.09,warning,3.04,,CAMERA_ONLY
0,161.7508,cam_3,CAM_ONLY,17.0195,,17.2910,0.2715,,1.5704,,1,,17.72,9.41,warning,3.04,,CAMERA_ONLY
0,161.8256,cam_3,CAM_ONLY,17.1216,,17.2910,0.1694,,0.9799,,1,,19.11,4.18,warning,3.04,,CAMERA_ONLY
0,161.9164,cam_3,CAM_ONLY,17.0661,,17.2910,0.2250,,1.3011,,1,,11.33,10.58,warning,3.04,,CAMERA_ONLY
0,162.0206,cam_3,CAM_ONLY,16.9811,,17.2910,0.3099,,1.7924,,1,,9.83,9.31,warning,3.04,,CAMERA_ONLY
0,162.0828,cam_3,CAM_ONLY,16.9054,,17.2910,0.3856,,2.2300,,1,,12.00,1.74,warning,3.04,,CAMERA_ONLY
0,162.0828,t2886,LIDAR_ONLY,28.1288,28.1288,,,,,,,,12.00,1.74,drive,-29.51,front,LIDAR_ONLY
0,162.1577,cam_3,CAM_ONLY,16.9563,,17.2910,0.3347,,1.9358,,1,,12.64,9.27,warning,3.04,,CAMERA_ONLY
0,162.2178,cam_3,CAM_ONLY,16.9181,,17.2910,0.3729,,2.1568,,1,,11.78,2.18,warning,3.04,,CAMERA_ONLY
0,162.2777,cam_3,CAM_ONLY,16.9677,,17.2910,0.3233,,1.8700,,1,,10.37,3.27,warning,3.04,,CAMERA_ONLY
0,162.3337,t2896,BOTH,16.9685,17.6291,17.2910,0.3225,0.3381,1.8652,1.9552,1,1,12.51,1.37,warning,3.04,,FULL_ANGLE
0,162.3337,t2893,LIDAR_ONLY,28.0843,28.0843,,,,,,,,12.51,1.37,drive,-29.46,front,LIDAR_ONLY
0,162.3337,t2894,LIDAR_ONLY,14.6839,14.6839,73.9729,59.2890,59.2890,80.1497,80.1497,0,0,12.51,1.37,drive,21.15,front,LIDAR_ONLY
0,162.3337,t2894,LIDAR_ONLY,14.8016,14.8016,73.9729,59.1713,59.1713,79.9905,79.9905,0,0,12.51,1.37,drive,18.64,front,LIDAR_ONLY
0,162.3909,t2896,BOTH,16.8551,17.5626,17.2910,0.4360,0.2716,2.5214,1.5706,1,1,9.86,1.80,warning,3.04,,FULL_ANGLE
0,162.3909,t2894,LIDAR_ONLY,10.9620,10.9620,73.9729,63.0109,63.0109,85.1810,85.1810,0,0,9.86,1.80,cautious,28.63,front,LIDAR_ONLY
0,162.3909,t2894,LIDAR_ONLY,11.0425,11.0425,73.9729,62.9304,62.9304,85.0722,85.0722,0,0,9.86,1.80,cautious,18.87,front,LIDAR_ONLY
0,162.4556,cam_3,CAM_ONLY,16.9493,,17.2910,0.3417,,1.9764,,1,,9.77,7.51,warning,3.04,,CAMERA_ONLY
0,162.5301,cam_3,CAM_ONLY,16.8648,,17.2910,0.4263,,2.4652,,1,,17.51,3.00,warning,3.04,,CAMERA_ONLY
0,162.5921,t2896,BOTH,16.8760,17.5821,17.2910,0.4151,0.2911,2.4006,1.6834,1,1,14.70,4.18,warning,3.04,,FULL_ANGLE
0,162.5921,t2894,LIDAR_ONLY,11.1441,11.1441,73.9729,62.8287,62.8287,84.9348,84.9348,0,0,14.70,4.18,cautious,18.26,front,LIDAR_ONLY
0,162.5921,t2894,LIDAR_ONLY,11.0579,11.0579,73.9729,62.9150,62.9150,85.0515,85.0515,0,0,14.70,4.18,cautious,19.45,front,LIDAR_ONLY
0,162.5921,t2896,LIDAR_ONLY,17.5803,17.5803,17.2910,0.2893,0.2893,1.6730,1.6730,1,1,14.70,4.18,drive,4.79,front,LIDAR_ONLY
0,162.6600,cam_3,CAM_ONLY,16.8910,,17.2910,0.4000,,2.3136,,1,,12.88,9.97,warning,3.04,,CAMERA_ONLY
0,162.7226,cam_3,CAM_ONLY,16.9235,,17.2910,0.3675,,2.1256,,1,,12.03,4.64,warning,3.04,,CAMERA_ONLY
0,162.8175,cam_3,CAM_ONLY,16.9827,,17.2910,0.3084,,1.7834,,1,,18.30,9.11,warning,3.04,,CAMERA_ONLY
0,162.8884,t2907,BOTH,16.9405,17.5072,17.2910,0.3505,0.2162,2.0273,1.2502,1,1,16.06,3.07,warning,3.04,,FULL_ANGLE
0,162.8884,t2906,LIDAR_ONLY,17.4811,17.4811,73.9729,56.4917,56.4917,76.3682,76.3682,0,0,16.06,3.07,drive,18.88,front,LIDAR_ONLY
0,162.8884,t2907,LIDAR_ONLY,17.5647,17.5647,17.2910,0.2737,0.2737,1.5830,1.5830,1,1,16.06,3.07,drive,1.13,front,LIDAR_ONLY
0,162.9646,cam_3,CAM_ONLY,17.0430,,17.2910,0.2481,,1.4347,,1,,12.15,7.12,warning,3.04,,CAMERA_ONLY
0,163.0199,cam_3,CAM_ONLY,16.9400,,17.2910,0.3510,,2.0302,,1,,9.86,2.56,warning,3.04,,CAMERA_ONLY
0,163.0829,t2907,BOTH,16.9546,17.4963,17.2910,0.3364,0.2053,1.9458,1.1873,1,1,11.80,1.10,warning,3.04,,FULL_ANGLE
0,163.0829,t2912,LIDAR_ONLY,28.1386,28.1386,,,,,,,,11.80,1.10,drive,-29.49,front,LIDAR_ONLY
0,163.1578,cam_3,CAM_ONLY,16.9403,,17.2910,0.3508,,2.0285,,1,,11.26,11.48,warning,3.04,,CAMERA_ONLY
0,163.2387,t2907,BOTH,16.9153,17.5042,17.2910,0.3757,0.2131,2.1728,1.2327,1,1,25.26,2.53,warning,3.04,,FULL_ANGLE
0,163.2387,t2912,LIDAR_ONLY,28.1224,28.1224,,,,,,,,25.26,2.53,drive,-29.51,front,LIDAR_ONLY
0,163.2387,t2915,LIDAR_ONLY,11.2334,11.2334,73.9729,62.7395,62.7395,84.8142,84.8142,0,0,25.26,2.53,cautious,26.07,front,LIDAR_ONLY
0,163.2387,t2915,LIDAR_ONLY,11.2969,11.2969,73.9729,62.6759,62.6759,84.7283,84.7283,0,0,25.26,2.53,cautious,18.23,front,LIDAR_ONLY
0,163.3176,cam_3,CAM_ONLY,16.9091,,17.2910,0.3819,,2.2086,,1,,18.24,14.79,warning,3.04,,CAMERA_ONLY
0,163.3812,cam_3,CAM_ONLY,16.9436,,17.2910,0.3474,,2.0093,,1,,13.18,1.75,warning,3.04,,CAMERA_ONLY
0,163.3812,t2912,LIDAR_ONLY,28.1034,28.1034,,,,,,,,13.18,1.75,drive,-29.57,front,LIDAR_ONLY
0,163.4543,cam_3,CAM_ONLY,16.9423,,17.2910,0.3487,,2.0169,,1,,14.18,10.03,warning,3.04,,CAMERA_ONLY
0,163.5167,cam_3,CAM_ONLY,16.9604,,17.2910,0.3306,,1.9122,,1,,9.57,5.87,warning,3.04,,CAMERA_ONLY
0,163.5755,cam_3,CAM_ONLY,17.0825,,17.2910,0.2086,,1.2062,,1,,14.34,2.31,warning,3.04,,CAMERA_ONLY
0,163.5755,t2912,LIDAR_ONLY,28.1101,28.1101,,,,,,,,14.34,2.31,drive,-29.33,front,LIDAR_ONLY
0,163.6333,cam_3,CAM_ONLY,17.0343,,17.2910,0.2567,,1.4846,,1,,11.05,1.90,warning,3.04,,CAMERA_ONLY
0,163.6333,t2912,LIDAR_ONLY,28.1128,28.1128,,,,,,,,11.05,1.90,drive,-29.62,front,LIDAR_ONLY
0,163.7039,cam_3,CAM_ONLY,17.1052,,17.2910,0.1859,,1.0749,,1,,14.26,9.26,warning,3.04,,CAMERA_ONLY
0,163.7647,cam_3,CAM_ONLY,16.9703,,17.2910,0.3208,,1.8551,,1,,13.27,2.90,warning,3.04,,CAMERA_ONLY
0,163.8245,cam_3,CAM_ONLY,17.1616,,17.2910,0.1294,,0.7485,,1,,11.53,3.26,warning,3.04,,CAMERA_ONLY
0,163.8873,t2927,BOTH,16.9849,17.4867,17.2910,0.3061,0.1957,1.7705,1.1316,1,1,12.80,2.25,warning,3.04,,FULL_ANGLE
0,163.8873,t2924,LIDAR_ONLY,28.1918,28.1918,,,,,,,,12.80,2.25,drive,-29.34,front,LIDAR_ONLY
0,163.8873,t2925,LIDAR_ONLY,10.9515,10.9515,73.9729,63.0213,63.0213,85.1952,85.1952,0,0,12.80,2.25,cautious,26.60,front,LIDAR_ONLY
0,163.8873,t2925,LIDAR_ONLY,11.1300,11.1300,73.9729,62.8429,62.8429,84.9540,84.9540,0,0,12.80,2.25,cautious,19.06,front,LIDAR_ONLY
0,163.9525,cam_3,CAM_ONLY,16.9319,,17.2910,0.3592,,2.0773,,1,,9.57,7.77,warning,3.04,,CAMERA_ONLY
0,164.0319,cam_3,CAM_ONLY,16.9726,,17.2910,0.3185,,1.8417,,1,,16.50,2.49,warning,3.04,,CAMERA_ONLY
0,164.0319,t2924,LIDAR_ONLY,28.2033,28.2033,,,,,,,,16.50,2.49,drive,-29.28,front,LIDAR_ONLY
0,164.0899,t2927,BOTH,17.0034,17.4868,17.2910,0.2877,0.1958,1.6636,1.1323,1,1,9.46,2.21,warning,3.04,,FULL_ANGLE
0,164.0899,t2925,LIDAR_ONLY,11.3287,11.3287,73.9729,62.6442,62.6442,84.6854,84.6854,0,0,9.46,2.21,cautious,19.35,front,LIDAR_ONLY
0,164.1541,cam_3,CAM_ONLY,17.0324,,17.2910,0.2586,,1.4957,,1,,9.43,8.03,warning,3.04,,CAMERA_ONLY
0,164.2145,cam_3,CAM_ONLY,16.8941,,17.2910,0.3970,,2.2958,,1,,9.84,8.99,warning,3.04,,CAMERA_ONLY
0,164.2877,t2927,BOTH,16.9420,17.4892,17.2910,0.3491,0.1982,2.0189,1.1461,1,1,17.34,2.45,warning,3.04,,FULL_ANGLE
0,164.2877,t2933,LIDAR_ONLY,28.1565,28.1565,,,,,,,,17.34,2.45,drive,-29.65,front,LIDAR_ONLY
0,164.3583,cam_3,CAM_ONLY,17.0639,,17.2910,0.2271,,1.3136,,1,,13.97,9.46,warning,3.04,,CAMERA_ONLY
0,164.4232,cam_3,CAM_ONLY,16.8391,,17.2910,0.4519,,2.6137,,1,,10.66,3.21,warning,3.04,,CAMERA_ONLY
0,164.4837,t2927,BOTH,16.9952,17.4896,17.2910,0.2958,0.1986,1.7108,1.1483,1,1,10.62,1.53,warning,3.04,,FULL_ANGLE
0,164.4837,t2933,LIDAR_ONLY,28.1561,28.1561,,,,,,,,10.62,1.53,drive,-29.40,front,LIDAR_ONLY
0,164.5662,cam_3,CAM_ONLY,16.9006,,17.2910,0.3905,,2.2582,,1,,17.70,14.06,warning,3.04,,CAMERA_ONLY
0,164.6368,t2927,BOTH,17.0942,17.4887,17.2910,0.1968,0.1976,1.1383,1.1430,1,1,15.16,1.86,warning,3.04,,FULL_ANGLE
0,164.6368,t2933,LIDAR_ONLY,28.1641,28.1641,,,,,,,,15.16,1.86,drive,-29.27,front,LIDAR_ONLY
0,164.7083,cam_3,CAM_ONLY,16.9079,,17.2910,0.3831,,2.2158,,1,,15.77,11.77,warning,3.04,,CAMERA_ONLY
0,164.7685,cam_3,CAM_ONLY,16.9637,,17.2910,0.3274,,1.8933,,1,,10.05,2.20,warning,3.04,,CAMERA_ONLY
0,164.8324,cam_3,CAM_ONLY,16.9285,,17.2910,0.3626,,2.0968,,1,,12.61,1.61,warning,3.04,,CAMERA_ONLY
0,164.8324,t2933,LIDAR_ONLY,28.1604,28.1604,,,,,,,,12.61,1.61,drive,-29.68,front,LIDAR_ONLY
0,164.8950,t2947,BOTH,17.0134,17.5131,17.2910,0.2776,0.2221,1.6056,1.2844,1,1,12.85,5.47,warning,3.04,,FULL_ANGLE
0,164.8950,t2946,LIDAR_ONLY,16.9299,16.9299,73.9729,57.0429,57.0429,77.1133,77.1133,0,0,12.85,5.47,drive,19.27,front,LIDAR_ONLY
0,164.9709,cam_3,CAM_ONLY,16.9184,,17.2910,0.3726,,2.1549,,1,,11.07,7.23,warning,3.04,,CAMERA_ONLY
0,165.0657,cam_3,CAM_ONLY,16.9283,,17.2910,0.3628,,2.0981,,1,,22.80,16.05,warning,3.04,,CAMERA_ONLY
0,165.1517,cam_3,CAM_ONLY,16.9423,,17.2910,0.3487,,2.0169,,1,,19.19,8.04,warning,3.04,,CAMERA_ONLY
0,165.1517,t2946,LIDAR_ONLY,17.0683,17.0683,73.9729,56.9045,56.9045,76.9262,76.9262,0,0,19.19,8.04,drive,18.56,front,LIDAR_ONLY
0,165.1517,t2946,LIDAR_ONLY,17.0807,17.0807,73.9729,56.8921,56.8921,76.9094,76.9094,0,0,19.19,8.04,drive,19.73,front,LIDAR_ONLY
0,165.2272,cam_3,CAM_ONLY,17.1051,,17.2910,0.1860,,1.0756,,1,,16.51,4.16,warning,3.04,,CAMERA_ONLY
0,165.2882,t2952,BOTH,16.9851,17.5036,17.2910,0.3060,0.2126,1.7696,1.2293,1,1,10.65,1.35,warning,3.04,,FULL_ANGLE
0,165.2882,t2951,LIDAR_ONLY,28.1545,28.1545,,,,,,,,10.65,1.35,drive,-29.40,front,LIDAR_ONLY
0,165.2882,t2946,LIDAR_ONLY,16.8935,16.8935,73.9729,57.0794,57.0794,77.1626,77.1626,0,0,10.65,1.35,drive,19.49,front,LIDAR_ONLY
0,165.3643,cam_3,CAM_ONLY,16.9678,,17.2910,0.3232,,1.8692,,1,,12.02,9.81,warning,3.04,,CAMERA_ONLY
0,165.4309,cam_3,CAM_ONLY,16.9313,,17.2910,0.3597,,2.0802,,1,,11.68,3.02,warning,3.04,,CAMERA_ONLY
0,165.5070,cam_3,CAM_ONLY,16.9145,,17.2910,0.3766,,2.1778,,1,,18.34,10.40,warning,3.04,,CAMERA_ONLY
0,165.5896,cam_3,CAM_ONLY,17.0755,,17.2910,0.2155,,1.2466,,1,,13.94,11.39,warning,3.04,,CAMERA_ONLY
0,165.6699,cam_3,CAM_ONLY,17.2087,,17.2910,0.0823,,0.4762,,1,,19.19,11.48,warning,3.04,,CAMERA_ONLY
0,165.7505,t2964,BOTH,17.0236,17.4945,17.2910,0.2675,0.2035,1.5469,1.1768,1,1,17.85,6.83,warning,3.04,,FULL_ANGLE
0,165.7505,t2960,LIDAR_ONLY,28.1069,28.1069,,,,,,,,17.85,6.83,drive,-29.58,front,LIDAR_ONLY
0,165.7505,t2962,LIDAR_ONLY,18.1517,18.1517,73.9729,55.8212,55.8212,75.4617,75.4617,0,0,17.85,6.83,drive,18.44,front,LIDAR_ONLY
0,165.8237,cam_3,CAM_ONLY,16.9934,,17.2910,0.2976,,1.7211,,1,,20.12,5.51,warning,3.04,,CAMERA_ONLY
0,165.8912,t2964,BOTH,17.0850,17.4980,17.2910,0.2061,0.2069,1.1918,1.1967,1,1,10.78,3.11,warning,3.04,,FULL_ANGLE
0,165.8912,t2962,LIDAR_ONLY,16.3278,16.3278,73.9729,57.6451,57.6451,77.9273,77.9273,0,0,10.78,3.11,drive,20.19,front,LIDAR_ONLY
0,165.8912,t2962,LIDAR_ONLY,16.3732,16.3732,73.9729,57.5997,57.5997,77.8660,77.8660,0,0,10.78,3.11,drive,18.30,front,LIDAR_ONLY
0,165.9630,cam_3,CAM_ONLY,16.8963,,17.2910,0.3947,,2.2827,,1,,15.37,8.14,warning,3.04,,CAMERA_ONLY
0,166.0301,cam_3,CAM_ONLY,17.6487,,17.2910,0.3577,,2.0686,,1,,13.14,3.35,warning,3.09,,CAMERA_ONLY
0,166.0903,t2964,BOTH,17.1508,17.5059,17.2910,0.1403,0.2148,0.8113,1.2424,1,1,13.22,3.13,warning,3.04,,FULL_ANGLE
0,166.0903,t2962,LIDAR_ONLY,16.4854,16.4854,73.9729,57.4875,57.4875,77.7143,77.7143,0,0,13.22,3.13,drive,18.81,front,LIDAR_ONLY
0,166.1553,cam_3,CAM_ONLY,16.9282,,17.2910,0.3629,,2.0986,,1,,9.50,9.18,warning,3.04,,CAMERA_ONLY
0,166.2243,cam_3,CAM_ONLY,17.0003,,17.2910,0.2907,,1.6813,,1,,17.23,3.72,warning,3.04,,CAMERA_ONLY
0,166.2824,t2964,BOTH,16.8669,17.5086,17.2910,0.4242,0.2175,2.4531,1.2581,1,1,13.60,1.25,warning,3.09,,FULL_ANGLE
0,166.2824,t2969,LIDAR_ONLY,28.1735,28.1735,,,,,,,,13.60,1.25,drive,-29.58,front,LIDAR_ONLY
0,166.2824,t2970,LIDAR_ONLY,14.0411,14.0411,12.3935,1.6476,1.6476,13.2943,13.2943,0,0,13.60,1.25,cautious,-10.23,front,LIDAR_ONLY
0,166.2824,t2970,LIDAR_ONLY,13.3071,13.3071,12.3935,0.9136,0.9136,7.3720,7.3720,1,1,13.60,1.25,cautious,-13.46,front,LIDAR_ONLY
0,166.3637,cam_3,CAM_ONLY,16.9962,,17.2910,0.2949,,1.7053,,1,,18.84,11.22,warning,3.04,,CAMERA_ONLY
0,166.4296,cam_3,CAM_ONLY,16.9707,,17.2910,0.3204,,1.8529,,1,,13.82,3.29,warning,3.04,,CAMERA_ONLY
0,166.5151,cam_3,CAM_ONLY,17.1654,,17.2910,0.1256,,0.7264,,1,,20.10,14.12,warning,3.09,,CAMERA_ONLY
0,166.5887,t2975,BOTH,17.8833,18.6371,19.9419,2.0585,1.3048,10.3227,6.5431,0,0,11.38,2.21,warning,3.04,,FULL_ANGLE
0,166.5887,t2974,LIDAR_ONLY,17.6779,17.6779,73.9729,56.2949,56.2949,76.1021,76.1021,0,0,11.38,2.21,drive,18.75,front,LIDAR_ONLY
0,166.5887,t2974,LIDAR_ONLY,17.0976,17.0976,73.9729,56.8753,56.8753,76.8867,76.8867,0,0,11.38,2.21,drive,20.04,front,LIDAR_ONLY
0,166.5887,t2975,LIDAR_ONLY,20.0099,20.0099,19.9419,0.0680,0.0680,0.3412,0.3412,1,1,11.38,2.21,drive,-7.19,front,LIDAR_ONLY
0,166.6729,cam_3,CAM_ONLY,17.9154,,17.2910,0.6244,,3.6109,,1,,18.80,12.80,warning,3.04,,CAMERA_ONLY
0,166.7375,t2975,BOTH,17.8309,18.9671,23.4836,5.6527,4.5165,24.0708,19.2327,0,0,19.91,1.82,warning,3.00,,FULL_ANGLE
0,166.7375,t2977,LIDAR_ONLY,28.0917,28.0917,,,,,,,,19.91,1.82,drive,-29.61,front,LIDAR_ONLY
0,166.7375,t2975,LIDAR_ONLY,18.8970,18.8970,23.4836,4.5866,4.5866,19.5311,19.5311,0,0,19.91,1.82,drive,-4.35,front,LIDAR_ONLY
0,166.8109,cam_3,CAM_ONLY,18.3345,,17.2910,1.0435,,6.0350,,0,,13.49,10.61,warning,2.86,,CAMERA_ONLY
0,166.8801,cam_3,CAM_ONLY,17.1777,,17.2910,0.1133,,0.6554,,1,,14.18,3.27,warning,3.04,,CAMERA_ONLY
0,166.8801,t2977,LIDAR_ONLY,28.0941,28.0941,,,,,,,,14.18,3.27,drive,-29.57,front,LIDAR_ONLY
0,166.9859,t2975,BOTH,19.5736,18.7168,17.2910,2.2826,1.4257,13.2011,8.2455,0,0,12.66,1.83,warning,2.91,,FULL_ANGLE
0,166.9859,t2983,LIDAR_ONLY,10.6445,10.6445,73.9729,63.3283,63.3283,85.6102,85.6102,0,0,12.66,1.83,cautious,27.43,front,LIDAR_ONLY
0,166.9859,t2983,LIDAR_ONLY,10.7025,10.7025,73.9729,63.2703,63.2703,85.5318,85.5318,0,0,12.66,1.83,cautious,18.22,front,LIDAR_ONLY
0,167.0599,cam_3,CAM_ONLY,18.3268,,17.2910,1.0357,,5.9901,,0,,16.39,11.83,warning,3.00,,CAMERA_ONLY
0,167.1303,cam_3,CAM_ONLY,17.8910,,17.2910,0.6000,,3.4700,,1,,12.73,3.59,warning,2.95,,CAMERA_ONLY
0,167.2150,cam_3,CAM_ONLY,17.4700,,17.2910,0.1790,,1.0352,,1,,17.38,8.78,warning,2.86,,CAMERA_ONLY
0,167.2774,cam_3,CAM_ONLY,17.9356,,17.2910,0.6446,,3.7278,,1,,12.11,2.97,warning,3.04,,CAMERA_ONLY
0,167.3370,t2988,BOTH,17.1091,17.5068,17.2910,0.1819,0.2157,1.0520,1.2476,1,1,9.62,1.19,warning,3.04,,FULL_ANGLE
0,167.3370,t2987,LIDAR_ONLY,28.2324,28.2324,,,,,,,,9.62,1.19,drive,-29.47,front,LIDAR_ONLY
0,167.4135,cam_3,CAM_ONLY,17.9039,,17.2910,0.6129,,3.5446,,1,,15.00,14.90,warning,3.04,,CAMERA_ONLY
0,167.5050,cam_3,CAM_ONLY,16.8223,,17.2910,0.4687,,2.7108,,1,,12.41,10.77,warning,3.04,,CAMERA_ONLY
0,167.5696,cam_3,CAM_ONLY,17.0298,,17.2910,0.2612,,1.5106,,1,,12.52,2.68,warning,3.09,,CAMERA_ONLY
0,167.6304,cam_3,CAM_ONLY,17.6262,,17.2910,0.3352,,1.9383,,1,,14.88,1.74,warning,3.13,,CAMERA_ONLY
0,167.6304,t2994,LIDAR_ONLY,28.1663,28.1663,,,,,,,,14.88,1.74,drive,-29.58,front,LIDAR_ONLY
0,167.7116,cam_3,CAM_ONLY,17.5350,,17.2910,0.2439,,1.4108,,1,,19.62,8.21,warning,3.22,,CAMERA_ONLY
0,167.7760,cam_3,CAM_ONLY,18.3655,,17.2910,1.0745,,6.2141,,0,,10.75,3.23,warning,3.17,,CAMERA_ONLY
0,167.8305,cam_3,CAM_ONLY,18.8499,,17.2910,1.5589,,9.0156,,0,,10.21,2.00,warning,3.17,,CAMERA_ONLY
0,167.8305,t2994,LIDAR_ONLY,28.1690,28.1690,,,,,,,,10.21,2.00,drive,-29.33,front,LIDAR_ONLY
0,167.8917,t3000,BOTH,18.4909,17.5168,17.2910,1.1998,0.2257,6.9391,1.3055,0,1,14.84,3.32,warning,3.13,,FULL_ANGLE
0,167.9639,cam_3,CAM_ONLY,17.1056,,17.2910,0.1855,,1.0727,,1,,13.73,7.11,warning,3.13,,CAMERA_ONLY
0,168.0282,cam_3,CAM_ONLY,16.8544,,17.2910,0.4367,,2.5255,,1,,12.25,2.61,warning,3.09,,CAMERA_ONLY
0,168.1035,cam_3,CAM_ONLY,16.9318,,17.2910,0.3593,,2.0778,,1,,18.11,9.34,warning,3.09,,CAMERA_ONLY
0,168.1035,t3005,LIDAR_ONLY,18.5012,18.5012,73.9729,55.4717,55.4717,74.9892,74.9892,0,0,18.11,9.34,drive,18.23,front,LIDAR_ONLY
0,168.1035,t3005,LIDAR_ONLY,17.1246,17.1246,73.9729,56.8482,56.8482,76.8501,76.8501,0,0,18.11,9.34,drive,19.51,front,LIDAR_ONLY
0,168.1818,cam_3,CAM_ONLY,16.8937,,17.2910,0.3973,,2.2977,,1,,17.06,3.99,warning,3.04,,CAMERA_ONLY
0,168.1818,t3006,LIDAR_ONLY,28.1489,28.1489,,,,,,,,17.06,3.99,drive,-29.46,front,LIDAR_ONLY
0,168.2622,cam_3,CAM_ONLY,16.9806,,17.2910,0.3105,,1.7955,,1,,19.07,14.58,warning,3.04,,CAMERA_ONLY
0,168.3275,cam_3,CAM_ONLY,17.0051,,17.2910,0.2860,,1.6540,,1,,13.93,3.25,warning,3.04,,CAMERA_ONLY
0,168.4092,cam_3,CAM_ONLY,16.9388,,17.2910,0.3523,,2.0373,,1,,16.72,12.77,warning,3.04,,CAMERA_ONLY
0,168.4805,cam_3,CAM_ONLY,16.8400,,17.2910,0.4510,,2.6084,,1,,13.43,1.73,warning,3.04,,CAMERA_ONLY
0,168.5541,cam_3,CAM_ONLY,17.0184,,17.2910,0.2726,,1.5767,,1,,14.79,10.45,warning,3.04,,CAMERA_ONLY
0,168.6158,cam_3,CAM_ONLY,16.9617,,17.2910,0.3294,,1.9048,,1,,11.83,5.48,warning,3.04,,CAMERA_ONLY
0,168.6764,cam_3,CAM_ONLY,16.9376,,17.2910,0.3534,,2.0441,,1,,13.17,3.37,warning,3.04,,CAMERA_ONLY
0,168.7327,t3020,BOTH,16.9117,17.5023,17.2910,0.3793,0.2112,2.1939,1.2217,1,1,11.07,2.10,warning,3.04,,FULL_ANGLE
0,168.7327,t3018,LIDAR_ONLY,28.0004,28.0004,,,,,,,,11.07,2.10,drive,-29.63,front,LIDAR_ONLY
0,168.8020,cam_3,CAM_ONLY,17.1079,,17.2910,0.1831,,1.0590,,1,,12.34,9.56,warning,3.04,,CAMERA_ONLY
0,168.8732,cam_3,CAM_ONLY,17.1513,,17.2910,0.1398,,0.8083,,1,,16.28,7.02,warning,3.04,,CAMERA_ONLY
0,168.9366,t3020,BOTH,17.1277,17.4966,17.2910,0.1633,0.2056,0.9444,1.1888,1,1,12.59,1.22,warning,3.04,,FULL_ANGLE
0,168.9366,t3018,LIDAR_ONLY,28.0111,28.0111,,,,,,,,12.59,1.22,drive,-29.65,front,LIDAR_ONLY
0,169.0117,cam_3,CAM_ONLY,17.1630,,17.2910,0.1281,,0.7407,,1,,19.98,8.50,warning,3.04,,CAMERA_ONLY
0,169.0720,cam_3,CAM_ONLY,17.0456,,17.2910,0.2455,,1.4197,,1,,9.72,2.18,warning,3.04,,CAMERA_ONLY
0,169.1404,t3020,BOTH,16.8937,17.4925,17.2910,0.3973,0.2014,2.2978,1.1649,1,1,19.38,3.56,warning,3.04,,FULL_ANGLE
0,169.2186,cam_3,CAM_ONLY,16.8524,,17.2910,0.4387,,2.5370,,1,,15.73,8.64,warning,3.04,,CAMERA_ONLY
0,169.2810,cam_3,CAM_ONLY,16.9694,,17.2910,0.3217,,1.8604,,1,,11.82,1.75,warning,3.04,,CAMERA_ONLY
0,169.2810,t3027,LIDAR_ONLY,28.1918,28.1918,,,,,,,,11.82,1.75,drive,-29.46,front,LIDAR_ONLY
0,169.3509,cam_3,CAM_ONLY,16.8516,,17.2910,0.4394,,2.5414,,1,,11.58,9.50,warning,3.04,,CAMERA_ONLY
0,169.3509,t3031,LIDAR_ONLY,18.5391,18.5391,73.9729,55.4338,55.4338,74.9380,74.9380,0,0,11.58,9.50,drive,18.20,front,LIDAR_ONLY
0,169.3509,t3031,LIDAR_ONLY,17.9814,17.9814,73.9729,55.9915,55.9915,75.6919,75.6919,0,0,11.58,9.50,drive,18.92,front,LIDAR_ONLY
0,169.3509,t3031,LIDAR_ONLY,17.2020,17.2020,73.9729,56.7709,56.7709,76.7455,76.7455,0,0,11.58,9.50,drive,19.98,front,LIDAR_ONLY
0,169.4220,cam_3,CAM_ONLY,16.8963,,17.2910,0.3948,,2.2831,,1,,9.59,2.15,warning,3.04,,CAMERA_ONLY
0,169.5082,cam_3,CAM_ONLY,17.0533,,17.2910,0.2377,,1.3746,,1,,19.46,12.41,warning,3.04,,CAMERA_ONLY
0,169.5691,cam_3,CAM_ONLY,16.9563,,17.2910,0.3348,,1.9362,,1,,11.77,3.77,warning,3.04,,CAMERA_ONLY
0,169.6688,cam_3,CAM_ONLY,16.9937,,17.2910,0.2973,,1.7196,,1,,22.83,13.52,warning,3.04,,CAMERA_ONLY
0,169.7344,cam_3,CAM_ONLY,17.1290,,17.2910,0.1620,,0.9370,,1,,11.63,1.69,warning,3.04,,CAMERA_ONLY
0,169.7344,t3036,LIDAR_ONLY,28.1187,28.1187,,,,,,,,11.63,1.69,drive,-29.69,front,LIDAR_ONLY
0,169.8284,cam_3,CAM_ONLY,17.2266,,17.2910,0.0644,,0.3724,,1,,20.25,19.72,warning,3.04,,CAMERA_ONLY
0,169.8858,t3039,BOTH,17.0800,17.4796,17.2910,0.2111,0.1885,1.2207,1.0904,1,1,9.26,1.11,warning,3.04,,FULL_ANGLE
0,169.8858,t3036,LIDAR_ONLY,28.1257,28.1257,,,,,,,,9.26,1.11,drive,-29.40,front,LIDAR_ONLY
0,169.9627,cam_3,CAM_ONLY,17.0355,,17.2910,0.2555,,1.4776,,1,,18.45,8.56,warning,3.04,,CAMERA_ONLY
0,170.0401,t3039,BOTH,17.0190,17.4740,17.2910,0.2721,0.1829,1.5735,1.0580,1,1,18.69,4.22,warning,3.04,,FULL_ANGLE
0,170.0401,t3036,LIDAR_ONLY,28.1313,28.1313,-0.6808,28.8121,28.8121,,,0,0,18.69,4.22,drive,-29.52,front,LIDAR_ONLY
0,170.0401,t3042,LIDAR_ONLY,17.7823,17.7823,73.9729,56.1905,56.1905,75.9610,75.9610,0,0,18.69,4.22,drive,18.68,front,LIDAR_ONLY
0,170.0401,t3042,LIDAR_ONLY,17.1701,17.1701,73.9729,56.8028,56.8028,76.7887,76.7887,0,0,18.69,4.22,drive,20.20,front,LIDAR_ONLY
0,170.0956,t3039,BOTH,17.0257,17.4757,17.2910,0.2653,0.1846,1.5345,1.0677,1,1,11.01,3.51,warning,3.04,,FULL_ANGLE
0,170.0956,t3042,LIDAR_ONLY,17.2377,17.2377,73.9729,56.7352,56.7352,76.6973,76.6973,0,0,11.01,3.51,drive,18.60,front,LIDAR_ONLY
0,170.0956,t3042,LIDAR_ONLY,17.2796,17.2796,73.9729,56.6933,56.6933,76.6406,76.6406,0,0,11.01,3.51,drive,19.42,front,LIDAR_ONLY
0,170.1643,cam_3,CAM_ONLY,17.0466,,17.2910,0.2444,,1.4135,,1,,11.50,7.85,warning,3.09,,CAMERA_ONLY
0,170.2222,cam_3,CAM_ONLY,17.0922,,17.2910,0.1989,,1.1501,,1,,11.57,4.12,warning,3.04,,CAMERA_ONLY
0,170.2852,t3039,BOTH,17.1608,17.4759,17.2910,0.1302,0.1849,0.7532,1.0693,1,1,13.17,3.52,warning,3.04,,FULL_ANGLE
0,170.2852,t3044,LIDAR_ONLY,6.9261,6.9261,5.2827,1.6433,1.6433,31.1078,31.1078,0,0,13.17,3.52,slow,-25.66,front,LIDAR_ONLY
0,170.3490,cam_3,CAM_ONLY,17.1079,,17.2910,0.1832,,1.0594,,1,,11.63,6.80,warning,3.04,,CAMERA_ONLY
0,170.4162,cam_3,CAM_ONLY,17.4637,,17.2910,0.1727,,0.9988,,1,,12.39,6.98,warning,3.04,,CAMERA_ONLY
0,170.4795,cam_3,CAM_ONLY,17.5630,,17.2910,0.2719,,1.5727,,1,,10.87,2.78,warning,3.04,,CAMERA_ONLY
0,170.5605,cam_3,CAM_ONLY,17.6833,,17.2910,0.3923,,2.2687,,1,,22.89,8.61,warning,3.04,,CAMERA_ONLY
0,170.6728,cam_3,CAM_ONLY,16.8849,,17.2910,0.4061,,2.3488,,1,,12.77,8.80,warning,3.04,,CAMERA_ONLY
0,170.7397,t3056,BOTH,16.4320,17.4766,17.2910,0.8590,0.1856,4.9679,1.0733,1,1,14.71,4.34,warning,3.04,,FULL_ANGLE
0,170.7397,t3054,LIDAR_ONLY,16.6848,16.6848,73.9729,57.2881,57.2881,77.4447,77.4447,0,0,14.71,4.34,drive,19.45,front,LIDAR_ONLY
0,170.7397,t3055,LIDAR_ONLY,16.3241,16.3241,16.2898,0.0343,0.0343,0.2107,0.2107,1,1,14.71,4.34,drive,-7.75,front,LIDAR_ONLY
0,170.7982,cam_3,CAM_ONLY,16.5104,,17.2910,0.7806,,4.5145,,1,,9.42,6.23,warning,3.04,,CAMERA_ONLY
0,170.7982,t3054,LIDAR_ONLY,16.7494,16.7494,73.9729,57.2235,57.2235,77.3574,77.3574,0,0,9.42,6.23,drive,19.11,front,LIDAR_ONLY
0,170.8677,cam_3,CAM_ONLY,17.8233,,17.2910,0.5323,,3.0785,,1,,12.15,5.73,warning,3.04,,CAMERA_ONLY
0,170.9274,cam_3,CAM_ONLY,18.4863,,17.2910,1.1953,,6.9126,,0,,13.90,3.10,warning,3.04,,CAMERA_ONLY
0,170.9938,t3061,BOTH,18.4274,20.2395,22.2700,3.8426,2.0304,17.2545,9.1174,0,0,18.53,3.42,warning,3.04,,FULL_ANGLE
0,170.9938,t3060,LIDAR_ONLY,28.1259,28.1259,,,,,,,,18.53,3.42,drive,-29.43,front,LIDAR_ONLY
0,170.9938,t3054,LIDAR_ONLY,11.8896,11.8896,73.9729,62.0833,62.0833,83.9271,83.9271,0,0,18.53,3.42,cautious,26.05,front,LIDAR_ONLY
0,170.9938,t3054,LIDAR_ONLY,11.9846,11.9846,73.9729,61.9882,61.9882,83.7986,83.7986,0,0,18.53,3.42,cautious,18.55,front,LIDAR_ONLY
0,170.9938,t3061,LIDAR_ONLY,22.3020,22.3020,22.2700,0.0320,0.0320,0.1439,0.1439,1,1,18.53,3.42,drive,-6.39,front,LIDAR_ONLY
0,171.0782,cam_3,CAM_ONLY,19.4394,,17.2910,2.1484,,12.4249,,0,,18.29,4.87,warning,3.04,,CAMERA_ONLY
0,171.1408,t3061,BOTH,17.7268,19.3652,17.2910,0.4357,2.0741,2.5200,11.9954,1,0,13.85,4.16,warning,3.04,,FULL_ANGLE
0,171.1408,t3054,LIDAR_ONLY,12.1452,12.1452,73.9729,61.8277,61.8277,83.5815,83.5815,0,0,13.85,4.16,cautious,18.68,front,LIDAR_ONLY
0,171.2257,cam_3,CAM_ONLY,18.3711,,17.2910,1.0800,,6.2463,,0,,11.23,6.17,warning,2.95,,CAMERA_ONLY
0,171.2954,cam_3,CAM_ONLY,17.3877,,17.2910,0.0967,,0.5591,,1,,9.53,3.62,warning,3.00,,CAMERA_ONLY
0,171.2954,t3054,LIDAR_ONLY,12.2338,12.2338,73.9729,61.7391,61.7391,83.4618,83.4618,0,0,9.53,3.62,cautious,18.75,front,LIDAR_ONLY
0,171.3673,cam_3,CAM_ONLY,17.6951,,17.2910,0.4040,,2.3366,,1,,17.34,11.37,warning,3.04,,CAMERA_ONLY
0,171.4476,cam_3,CAM_ONLY,17.6253,,17.2910,0.3342,,1.9329,,1,,11.39,7.05,warning,3.04,,CAMERA_ONLY
0,171.5257,cam_3,CAM_ONLY,16.9090,,17.2910,0.3820,,2.2092,,1,,15.11,11.83,warning,3.04,,CAMERA_ONLY
0,171.5920,t3071,BOTH,16.5623,17.5908,17.2910,0.7287,0.2997,4.2145,1.7334,1,1,12.98,3.18,warning,3.00,,FULL_ANGLE
0,171.5920,t3070,LIDAR_ONLY,17.1240,17.1240,73.9729,56.8488,56.8488,76.8509,76.8509,0,0,12.98,3.18,drive,19.13,front,LIDAR_ONLY
0,171.6633,cam_3,CAM_ONLY,15.6455,,17.2910,1.6455,,9.5165,,0,,14.53,9.65,warning,3.09,,CAMERA_ONLY
0,171.7298,cam_3,CAM_ONLY,15.0802,,17.2910,2.2109,,12.7863,,0,,12.99,5.21,warning,3.04,,CAMERA_ONLY
0,171.8131,cam_3,CAM_ONLY,15.0546,,17.2910,2.2365,,12.9343,,0,,15.67,16.43,warning,3.09,,CAMERA_ONLY
0,171.8861,cam_3,CAM_ONLY,15.9348,,17.2910,1.3562,,7.8434,,0,,12.58,3.18,warning,3.17,,CAMERA_ONLY
0,171.8861,t3076,LIDAR_ONLY,11.9953,11.9953,5.7427,6.2525,6.2525,108.8769,108.8769,0,0,12.58,3.18,cautious,-29.30,front,LIDAR_ONLY
0,171.9894,t3077,BOTH,17.2003,17.5253,17.2910,0.0908,0.2343,0.5249,1.3551,1,1,19.95,3.48,warning,3.13,,FULL_ANGLE
0,171.9894,t3076,LIDAR_ONLY,12.1940,12.1940,7.9098,4.2842,4.2842,54.1640,54.1640,0,0,19.95,3.48,cautious,-24.49,front,LIDAR_ONLY
0,172.0795,cam_3,CAM_ONLY,17.9621,,17.2910,0.6711,,3.8809,,1,,14.98,5.61,warning,3.09,,CAMERA_ONLY
0,172.1768,cam_3,CAM_ONLY,16.3302,,17.2910,0.9609,,5.5571,,1,,18.59,22.87,warning,3.09,,CAMERA_ONLY
0,172.2851,cam_3,CAM_ONLY,16.8258,,17.2910,0.4653,,2.6907,,1,,19.26,7.69,warning,3.04,,CAMERA_ONLY
0,172.3647,cam_3,CAM_ONLY,16.7537,,17.2910,0.5373,,3.1074,,1,,16.22,11.19,warning,3.04,,CAMERA_ONLY
0,172.4387,t3088,BOTH,16.6370,17.4797,17.2910,0.6540,0.1887,3.7824,1.0912,1,1,20.33,3.20,warning,3.13,,FULL_ANGLE
0,172.4387,t3086,LIDAR_ONLY,18.7843,18.7843,17.5007,1.2836,1.2836,7.3344,7.3344,0,0,20.33,3.20,drive,-17.80,front,LIDAR_ONLY
0,172.4387,t3087,LIDAR_ONLY,18.3983,18.3983,73.9729,55.5746,55.5746,75.1283,75.1283,0,0,20.33,3.20,drive,18.29,front,LIDAR_ONLY
0,172.5098,cam_3,CAM_ONLY,17.1294,,17.2910,0.1616,,0.9348,,1,,12.40,10.86,warning,3.04,,CAMERA_ONLY
0,172.5874,cam_3,CAM_ONLY,17.0738,,17.2910,0.2173,,1.2566,,1,,17.25,3.51,warning,3.04,,CAMERA_ONLY
0,172.5874,t3092,LIDAR_ONLY,28.0601,28.0601,,,,,,,,17.25,3.51,drive,-29.68,front,LIDAR_ONLY
0,172.6652,cam_3,CAM_ONLY,16.9474,,17.2910,0.3436,,1.9872,,1,,12.33,8.67,warning,3.04,,CAMERA_ONLY
0,172.7331,cam_3,CAM_ONLY,16.9793,,17.2910,0.3118,,1.8030,,1,,15.36,2.10,warning,3.04,,CAMERA_ONLY
0,172.7331,t3092,LIDAR_ONLY,28.0879,28.0879,,,,,,,,15.36,2.10,drive,-29.41,front,LIDAR_ONLY
0,172.7963,cam_3,CAM_ONLY,17.0367,,17.2910,0.2544,,1.4711,,1,,11.85,5.65,warning,3.04,,CAMERA_ONLY
0,172.7963,t3095,LIDAR_ONLY,17.0853,17.0853,73.9729,56.8876,56.8876,76.9033,76.9033,0,0,11.85,5.65,drive,19.16,front,LIDAR_ONLY
0,172.8664,cam_3,CAM_ONLY,16.9471,,17.2910,0.3440,,1.9892,,1,,13.87,8.11,warning,3.04,,CAMERA_ONLY
0,172.9355,cam_3,CAM_ONLY,17.1241,,17.2910,0.1669,,0.9654,,1,,14.72,2.07,warning,3.04,,CAMERA_ONLY
0,172.9355,t3092,LIDAR_ONLY,28.1124,28.1124,,,,,,,,14.72,2.07,drive,-29.40,front,LIDAR_ONLY
0,172.9355,t3095,LIDAR_ONLY,11.5057,11.5057,73.9729,62.4671,62.4671,84.4460,84.4460,0,0,14.72,2.07,cautious,26.91,front,LIDAR_ONLY
0,172.9355,t3096,LIDAR_ONLY,28.4281,28.4281,17.2910,11.1371,11.1371,64.4094,64.4094,0,0,14.72,2.07,drive,-9.15,front,LIDAR_ONLY
0,172.9355,t3096,LIDAR_ONLY,28.4999,28.4999,17.2910,11.2089,11.2089,64.8249,64.8249,0,0,14.72,2.07,drive,-6.28,front,LIDAR_ONLY
0,172.9355,t3095,LIDAR_ONLY,11.6963,11.6963,73.9729,62.2765,62.2765,84.1884,84.1884,0,0,14.72,2.07,cautious,19.44,front,LIDAR_ONLY
0,172.9355,t3096,LIDAR_ONLY,25.6444,25.6444,17.2910,8.3534,8.3534,48.3106,48.3106,0,0,14.72,2.07,drive,3.01,front,LIDAR_ONLY
0,173.0091,cam_3,CAM_ONLY,17.1875,,17.2910,0.1035,,0.5986,,1,,13.69,11.64,warning,3.04,,CAMERA_ONLY
0,173.0740,cam_3,CAM_ONLY,17.8682,,17.2910,0.5772,,3.3381,,1,,16.26,3.13,warning,3.04,,CAMERA_ONLY
0,173.1366,t3096,BOTH,18.0108,23.4139,32.3877,14.3769,8.9739,44.3900,27.7076,0,0,11.75,2.10,warning,3.04,,FULL_ANGLE
0,173.1366,t3095,LIDAR_ONLY,11.2931,11.2931,,,,,,,,11.75,2.10,cautious,27.49,front,LIDAR_ONLY
0,173.1366,t3096,LIDAR_ONLY,25.9100,25.9100,32.3877,6.4777,6.4777,20.0006,20.0006,0,0,11.75,2.10,drive,-6.80,front,LIDAR_ONLY
0,173.1366,t3096,LIDAR_ONLY,26.2434,26.2434,32.3877,6.1443,6.1443,18.9712,18.9712,0,0,11.75,2.10,drive,-5.19,front,LIDAR_ONLY
0,173.2091,cam_3,CAM_ONLY,18.2683,,17.2910,0.9773,,5.6520,,1,,12.67,10.72,warning,3.04,,CAMERA_ONLY
0,173.2732,cam_3,CAM_ONLY,18.9342,,17.2910,1.6431,,9.5028,,0,,10.98,3.06,warning,3.04,,CAMERA_ONLY
0,173.3349,t3096,BOTH,18.1877,24.7851,36.6830,18.4952,11.8979,50.4191,32.4343,0,0,10.76,1.34,warning,2.95,,FULL_ANGLE
0,173.3349,t3101,LIDAR_ONLY,28.1007,28.1007,36.3208,8.2201,8.2201,22.6320,22.6320,0,0,10.76,1.34,drive,-29.61,front,LIDAR_ONLY
0,173.3349,t3095,LIDAR_ONLY,11.3200,11.3200,73.9729,62.6528,62.6528,84.6970,84.6970,0,0,10.76,1.34,cautious,18.62,front,LIDAR_ONLY
0,173.3349,t3096,LIDAR_ONLY,23.7588,23.7588,36.6830,12.9241,12.9241,35.2319,35.2319,0,0,10.76,1.34,drive,-4.38,front,LIDAR_ONLY
0,173.3349,t3096,LIDAR_ONLY,25.1864,25.1864,36.6830,11.4966,11.4966,31.3403,31.3403,0,0,10.76,1.34,drive,-2.87,front,LIDAR_ONLY
0,173.3349,t3095,LIDAR_ONLY,11.1903,11.1903,73.9729,62.7826,62.7826,84.8725,84.8725,0,0,10.76,1.34,cautious,19.60,front,LIDAR_ONLY
0,173.4080,cam_3,CAM_ONLY,18.6105,,17.2910,1.3195,,7.6309,,0,,10.53,13.24,warning,2.95,,CAMERA_ONLY
0,173.4685,cam_3,CAM_ONLY,19.7287,,17.2910,2.4376,,14.0977,,0,,9.51,8.25,safe,2.91,,CAMERA_ONLY
0,173.5425,t3096,BOTH,18.5419,22.5332,17.2917,1.2502,5.2415,7.2299,30.3125,0,0,13.81,4.95,warning,3.04,,FULL_ANGLE
0,173.6126,cam_3,CAM_ONLY,18.6640,,17.2918,1.3721,,7.9351,,0,,15.55,8.52,warning,3.04,,CAMERA_ONLY
0,173.6891,t3096,BOTH,18.4991,22.6326,17.2918,1.2072,5.3408,6.9815,30.8862,0,0,21.24,3.78,warning,3.04,,FULL_ANGLE
0,173.6891,t3104,LIDAR_ONLY,28.2265,28.2265,27.9696,0.2569,0.2569,0.9185,0.9185,1,1,21.24,3.78,drive,-29.29,front,LIDAR_ONLY
0,173.7499,cam_3,CAM_ONLY,20.3451,,17.2918,3.0533,,17.6575,,0,,10.71,6.52,safe,2.95,,CAMERA_ONLY
0,173.8126,cam_3,CAM_ONLY,17.3728,,17.2919,0.0809,,0.4677,,1,,12.06,7.31,warning,3.00,,CAMERA_ONLY
0,173.8793,cam_3,CAM_ONLY,15.2119,,17.2911,2.0792,,12.0246,,0,,16.11,2.17,warning,3.04,,CAMERA_ONLY
0,173.8793,t3104,LIDAR_ONLY,28.1801,28.1801,23.4082,4.7718,4.7718,20.3852,20.3852,0,0,16.11,2.17,drive,-29.43,front,LIDAR_ONLY
0,173.9432,t3109,BOTH,16.8045,17.4864,17.2911,0.4866,0.1954,2.8141,1.1299,1,1,16.67,1.19,warning,3.04,,FULL_ANGLE
0,173.9432,t3104,LIDAR_ONLY,28.1877,28.1877,21.8278,6.3599,6.3599,29.1368,29.1368,0,0,16.67,1.19,drive,-29.33,front,LIDAR_ONLY
0,174.0175,cam_3,CAM_ONLY,16.4742,,17.2911,0.8169,,4.7243,,1,,13.67,12.01,warning,3.09,,CAMERA_ONLY
0,174.0844,t3109,BOTH,15.4256,17.4791,17.2911,1.8655,0.1881,10.7888,1.0877,0,1,13.07,1.01,warning,3.09,,FULL_ANGLE
0,174.0844,t3104,LIDAR_ONLY,28.1890,28.1890,,,,,,,,13.07,1.01,drive,-29.37,front,LIDAR_ONLY
0,174.1803,cam_3,CAM_ONLY,18.6052,,17.2911,1.3142,,7.6002,,0,,19.42,19.55,warning,3.09,,CAMERA_ONLY
0,174.2485,cam_3,CAM_ONLY,17.2858,,17.2911,0.0052,,0.0302,,1,,10.19,6.09,warning,3.09,,CAMERA_ONLY
0,174.2485,t3112,LIDAR_ONLY,18.2635,18.2635,73.9726,55.7091,55.7091,75.3105,75.3105,0,0,10.19,6.09,drive,18.37,front,LIDAR_ONLY
0,174.3205,cam_3,CAM_ONLY,20.0560,,17.2911,2.7650,,15.9908,,0,,12.48,6.36,safe,3.09,,CAMERA_ONLY
0,174.3934,t3115,BOTH,18.0896,17.4421,17.2921,0.7975,0.1500,4.6118,0.8675,1,1,12.34,4.30,warning,3.09,,FULL_ANGLE
0,174.3934,t3112,LIDAR_ONLY,18.2977,18.2977,73.9726,55.6749,55.6749,75.2642,75.2642,0,0,12.34,4.30,drive,18.24,front,LIDAR_ONLY
0,174.4600,cam_3,CAM_ONLY,16.3583,,17.2925,0.9343,,5.4027,,1,,12.84,9.02,warning,3.13,,CAMERA_ONLY
0,174.5288,cam_3,CAM_ONLY,16.7833,,17.2925,0.5092,,2.9449,,1,,13.48,2.04,warning,3.04,,CAMERA_ONLY
0,174.5288,t3118,LIDAR_ONLY,28.3374,28.3374,,,,,,,,13.48,2.04,drive,-29.11,front,LIDAR_ONLY
0,174.6053,cam_3,CAM_ONLY,16.7719,,17.2925,0.5207,,3.0109,,1,,13.43,8.68,warning,3.09,,CAMERA_ONLY
0,174.6817,cam_3,CAM_ONLY,17.0562,,17.2925,0.2364,,1.3669,,1,,19.18,10.84,warning,3.04,,CAMERA_ONLY
0,174.7556,cam_3,CAM_ONLY,17.2235,,17.2925,0.0690,,0.3990,,1,,11.96,10.79,warning,3.04,,CAMERA_ONLY
0,174.8231,cam_3,CAM_ONLY,17.4396,,17.2925,0.1470,,0.8503,,1,,13.09,3.53,warning,3.09,,CAMERA_ONLY
0,174.8784,cam_3,CAM_ONLY,18.0972,,17.2925,0.8046,,4.6530,,1,,10.07,2.82,warning,3.13,,CAMERA_ONLY
0,174.9640,cam_3,CAM_ONLY,18.0441,,17.2925,0.7515,,4.3460,,1,,18.82,16.18,warning,3.13,,CAMERA_ONLY
0,175.0335,cam_3,CAM_ONLY,17.2561,,17.2925,0.0365,,0.2110,,1,,13.55,1.86,warning,3.04,,CAMERA_ONLY
0,175.0335,t3127,LIDAR_ONLY,28.1630,28.1630,,,,,,,,13.55,1.86,drive,-29.49,front,LIDAR_ONLY
0,175.0335,t3129,LIDAR_ONLY,10.1937,10.1937,9.0008,1.1929,1.1929,13.2533,13.2533,0,0,13.55,1.86,cautious,-17.36,front,LIDAR_ONLY
0,175.1076,cam_3,CAM_ONLY,16.9835,,17.2925,0.3091,,1.7874,,1,,13.36,10.92,warning,3.04,,CAMERA_ONLY
0,175.1756,cam_3,CAM_ONLY,17.5440,,17.2925,0.2515,,1.4543,,1,,15.71,5.56,warning,3.09,,CAMERA_ONLY
0,175.2526,cam_3,CAM_ONLY,17.2708,,17.2925,0.0217,,0.1256,,1,,10.83,9.76,warning,3.04,,CAMERA_ONLY
0,175.3159,cam_3,CAM_ONLY,17.2753,,17.2925,0.0172,,0.0996,,1,,11.96,8.25,warning,3.04,,CAMERA_ONLY
0,175.3813,cam_3,CAM_ONLY,17.8186,,17.2925,0.5261,,3.0421,,1,,11.99,2.45,warning,3.04,,CAMERA_ONLY
0,175.3813,t3135,LIDAR_ONLY,28.1802,28.1802,,,,,,,,11.99,2.45,drive,-29.45,front,LIDAR_ONLY
0,175.4650,cam_3,CAM_ONLY,17.6790,,17.2925,0.3864,,2.2346,,1,,21.37,7.85,warning,3.04,,CAMERA_ONLY
0,175.5577,cam_3,CAM_ONLY,18.1679,,17.2925,0.8753,,5.0618,,1,,19.46,10.13,warning,3.04,,CAMERA_ONLY
0,175.6258,cam_3,CAM_ONLY,17.1562,,17.2925,0.1364,,0.7885,,1,,12.29,3.39,warning,3.04,,CAMERA_ONLY
0,175.6833,cam_3,CAM_ONLY,17.7957,,17.2925,0.5031,,2.9095,,1,,10.88,2.09,warning,3.00,,CAMERA_ONLY
0,175.6833,t3143,LIDAR_ONLY,13.6025,13.6025,10.5750,3.0275,3.0275,28.6291,28.6291,0,0,10.88,2.09,cautious,-28.52,front,LIDAR_ONLY
0,175.7532,cam_3,CAM_ONLY,17.1210,,17.2925,0.1715,,0.9918,,1,,13.66,8.71,warning,3.09,,CAMERA_ONLY
0,175.8182,cam_3,CAM_ONLY,17.5470,,17.2925,0.2545,,1.4717,,1,,12.57,4.49,warning,3.00,,CAMERA_ONLY
0,175.8937,t3147,BOTH,17.6845,17.5443,17.2925,0.3919,0.2518,2.2664,1.4560,1,1,15.14,4.81,warning,3.04,,FULL_ANGLE
0,175.8937,t3146,LIDAR_ONLY,15.8925,15.8925,73.9728,58.0804,58.0804,78.5158,78.5158,0,0,15.14,4.81,drive,20.08,front,LIDAR_ONLY
0,175.8937,t3146,LIDAR_ONLY,16.1348,16.1348,73.9728,57.8380,57.8380,78.1882,78.1882,0,0,15.14,4.81,drive,18.34,front,LIDAR_ONLY
0,175.9652,cam_3,CAM_ONLY,17.8366,,17.2925,0.5440,,3.1461,,1,,19.23,5.22,warning,3.04,,CAMERA_ONLY
0,176.0337,t3147,BOTH,18.0791,17.5261,17.2925,0.7865,0.2336,4.5483,1.3507,1,1,11.26,1.26,warning,2.86,,FULL_ANGLE
0,176.0337,t3148,LIDAR_ONLY,28.1961,28.1961,27.6534,0.5427,0.5427,1.9625,1.9625,1,1,11.26,1.26,drive,-29.42,front,LIDAR_ONLY
0,176.0337,t3150,LIDAR_ONLY,20.2104,20.2104,18.5773,1.6331,1.6331,8.7908,8.7908,0,0,11.26,1.26,drive,-17.03,front,LIDAR_ONLY
0,176.0337,t3150,LIDAR_ONLY,20.1048,20.1048,18.5773,1.5275,1.5275,8.2223,8.2223,0,0,11.26,1.26,drive,-20.13,front,LIDAR_ONLY
0,176.1085,cam_3,CAM_ONLY,17.1723,,17.2925,0.1202,,0.6954,,1,,14.63,11.41,warning,2.86,,CAMERA_ONLY
0,176.1680,cam_3,CAM_ONLY,18.0229,,17.2925,0.7303,,4.2233,,1,,9.69,3.37,warning,3.00,,CAMERA_ONLY
0,176.2278,cam_3,CAM_ONLY,17.5435,,17.2925,0.2509,,1.4512,,1,,12.45,2.78,warning,3.04,,CAMERA_ONLY
0,176.2278,t3148,LIDAR_ONLY,28.1525,28.1525,,,,,,,,12.45,2.78,drive,-29.54,front,LIDAR_ONLY
0,176.2820,cam_3,CAM_ONLY,17.8104,,17.2925,0.5178,,2.9945,,1,,9.29,1.61,warning,3.04,,CAMERA_ONLY
0,176.2820,t3148,LIDAR_ONLY,28.1614,28.1614,,,,,,,,9.29,1.61,drive,-29.32,front,LIDAR_ONLY
0,176.3415,t3157,BOTH,17.6791,17.6173,17.2925,0.3865,0.3248,2.2351,1.8781,1,1,9.44,2.12,warning,3.04,,FULL_ANGLE
0,176.3415,t3156,LIDAR_ONLY,16.8607,16.8607,73.9728,57.1121,57.1121,77.2069,77.2069,0,0,9.44,2.12,drive,19.33,front,LIDAR_ONLY
0,176.4014,cam_3,CAM_ONLY,18.4586,,17.2925,1.1660,,6.7430,,0,,9.79,6.47,warning,3.09,,CAMERA_ONLY
0,176.4014,t3156,LIDAR_ONLY,17.0186,17.0186,73.9728,56.9542,56.9542,76.9934,76.9934,0,0,9.79,6.47,drive,18.34,front,LIDAR_ONLY
0,176.4644,cam_3,CAM_ONLY,18.4440,,17.2925,1.1514,,6.6585,,0,,9.48,7.64,warning,3.09,,CAMERA_ONLY
0,176.5387,cam_3,CAM_ONLY,18.3627,,17.2925,1.0701,,6.1884,,0,,18.48,3.62,warning,3.13,,CAMERA_ONLY
0,176.5387,t3160,LIDAR_ONLY,28.2163,28.2163,,,,,,,,18.48,3.62,drive,-29.33,front,LIDAR_ONLY
0,176.6207,cam_3,CAM_ONLY,20.1555,,17.2925,2.8630,,16.5562,,0,,11.20,5.97,safe,2.95,,CAMERA_ONLY
0,176.6875,t3164,BOTH,20.7334,17.5011,17.2933,3.4400,0.2077,19.8921,1.2011,0,1,13.40,1.77,safe,3.00,,FULL_ANGLE
0,176.6875,t3163,LIDAR_ONLY,11.8861,11.8861,73.9728,62.0867,62.0867,83.9318,83.9318,0,0,13.40,1.77,cautious,24.85,front,LIDAR_ONLY
0,176.6875,t3160,LIDAR_ONLY,28.1183,28.1183,,,,,,,,13.40,1.77,drive,-29.69,front,LIDAR_ONLY
0,176.7624,cam_3,CAM_ONLY,20.7166,,17.2934,3.4233,,19.7952,,0,,19.82,8.08,safe,2.95,,CAMERA_ONLY
0,176.8270,cam_3,CAM_ONLY,19.8648,,17.2928,2.5720,,14.8730,,0,,12.22,4.91,safe,2.95,,CAMERA_ONLY
0,176.8865,t3164,BOTH,17.7544,17.4817,17.2869,0.4675,0.1948,2.7045,1.1267,1,1,10.40,3.64,warning,3.04,,FULL_ANGLE
0,176.9741,cam_3,CAM_ONLY,17.4057,,17.2772,0.1285,,0.7435,,1,,12.36,3.20,warning,3.00,,CAMERA_ONLY
0,177.0388,t3164,BOTH,17.5471,17.4818,17.2772,0.2698,0.2045,1.5618,1.1839,1,1,13.62,2.66,warning,2.95,,FULL_ANGLE
0,177.1238,cam_3,CAM_ONLY,17.7706,,17.2772,0.4933,,2.8554,,1,,22.84,12.04,warning,2.95,,CAMERA_ONLY
0,177.2071,cam_3,CAM_ONLY,17.4023,,17.2772,0.1251,,0.7242,,1,,19.07,11.96,warning,2.95,,CAMERA_ONLY
0,177.2703,cam_3,CAM_ONLY,39.6410,,46.5470,6.9060,,14.8366,,0,,12.61,7.06,safe,2.82,,CAMERA_ONLY
0,177.3605,cam_3,CAM_ONLY,40.7349,,48.5907,7.8559,,16.1674,,0,,18.19,12.24,safe,2.95,,CAMERA_ONLY
0,177.4224,cam_3,CAM_ONLY,16.9406,,17.2756,0.3350,,1.9391,,1,,12.23,3.45,warning,3.00,,CAMERA_ONLY
0,177.4808,t3177,BOTH,16.8959,17.4734,17.2735,0.3776,0.1999,2.1862,1.1572,1,1,15.38,1.35,warning,3.00,,FULL_ANGLE
0,177.4808,t3175,LIDAR_ONLY,28.2151,28.2151,29.7289,1.5138,1.5138,5.0921,5.0921,0,0,15.38,1.35,drive,-29.60,front,LIDAR_ONLY
0,177.5569,cam_3,CAM_ONLY,16.7340,,17.2736,0.5396,,3.1236,,1,,14.72,11.65,warning,3.00,,CAMERA_ONLY
0,177.6225,cam_3,CAM_ONLY,16.8774,,17.2736,0.3961,,2.2933,,1,,14.30,3.01,warning,3.00,,CAMERA_ONLY
0,177.6876,cam_3,CAM_ONLY,17.1784,,17.2735,0.0952,,0.5510,,1,,15.18,1.76,warning,3.00,,CAMERA_ONLY
0,177.6876,t3175,LIDAR_ONLY,28.1091,28.1091,24.6844,3.4246,3.4246,13.8736,13.8736,0,0,15.18,1.76,drive,-29.75,front,LIDAR_ONLY
0,177.7693,cam_3,CAM_ONLY,17.0623,,17.2735,0.2112,,1.2226,,1,,14.00,5.56,warning,3.09,,CAMERA_ONLY
0,177.8379,t3184,BOTH,18.1451,17.4779,17.2735,0.8715,0.2043,5.0454,1.1830,1,1,16.92,1.32,warning,3.13,,FULL_ANGLE
0,177.8379,t3175,LIDAR_ONLY,28.0885,28.0885,21.2694,6.8190,6.8190,32.0603,32.0603,0,0,16.92,1.32,drive,-29.72,front,LIDAR_ONLY
0,177.8379,t3183,LIDAR_ONLY,13.9848,13.9848,73.9808,59.9960,59.9960,81.0968,81.0968,0,0,16.92,1.32,cautious,21.79,front,LIDAR_ONLY
0,177.9081,cam_3,CAM_ONLY,18.7882,,17.2735,1.5146,,8.7686,,0,,13.55,10.86,warning,3.09,,CAMERA_ONLY
0,177.9717,cam_3,CAM_ONLY,17.9980,,17.2735,0.7245,,4.1941,,1,,11.69,2.79,warning,3.09,,CAMERA_ONLY
0,178.0686,cam_3,CAM_ONLY,16.8346,,17.2735,0.4389,,2.5410,,1,,9.82,5.13,warning,3.04,,CAMERA_ONLY
0,178.1288,cam_3,CAM_ONLY,16.7242,,17.2735,0.5494,,3.1805,,1,,13.40,2.07,warning,3.04,,CAMERA_ONLY
0,178.1288,t3188,LIDAR_ONLY,28.1685,28.1685,,,,,,,,13.40,2.07,drive,-29.64,front,LIDAR_ONLY
0,178.1949,cam_3,CAM_ONLY,16.8304,,17.2735,0.4431,,2.5652,,1,,12.50,6.39,warning,3.04,,CAMERA_ONLY
0,178.1949,t3192,LIDAR_ONLY,18.6020,18.6020,73.9808,55.3788,55.3788,74.8557,74.8557,0,0,12.50,6.39,drive,18.10,front,LIDAR_ONLY
0,178.2856,t3194,BOTH,16.7763,17.4941,17.2735,0.4972,0.2205,2.8786,1.2767,1,1,20.96,2.01,warning,3.00,,FULL_ANGLE
0,178.2856,t3193,LIDAR_ONLY,9.9222,9.9222,,,,,,,,20.96,2.01,cautious,29.19,front,LIDAR_ONLY
0,178.2856,t3192,LIDAR_ONLY,17.3536,17.3536,73.9808,56.6272,56.6272,76.5431,76.5431,0,0,20.96,2.01,drive,19.32,front,LIDAR_ONLY
0,178.2856,t3192,LIDAR_ONLY,17.4477,17.4477,73.9808,56.5331,56.5331,76.4159,76.4159,0,0,20.96,2.01,drive,18.35,front,LIDAR_ONLY
0,178.3541,cam_3,CAM_ONLY,17.0209,,17.2735,0.2526,,1.4626,,1,,13.43,10.03,warning,3.00,,CAMERA_ONLY
0,178.4187,cam_3,CAM_ONLY,16.7633,,17.2735,0.5102,,2.9536,,1,,12.42,3.04,warning,3.00,,CAMERA_ONLY
0,178.4822,t3194,BOTH,16.8663,17.4895,17.2735,0.4072,0.2160,2.3573,1.2503,1,1,16.28,1.44,warning,3.00,,FULL_ANGLE
0,178.4822,t3198,LIDAR_ONLY,28.2106,28.2106,,,,,,,,16.28,1.44,drive,-29.41,front,LIDAR_ONLY
0,178.4822,t3192,LIDAR_ONLY,17.2140,17.2140,73.9808,56.7668,56.7668,76.7319,76.7319,0,0,16.28,1.44,drive,19.93,front,LIDAR_ONLY
0,178.4822,t3192,LIDAR_ONLY,17.2816,17.2816,73.9808,56.6992,56.6992,76.6405,76.6405,0,0,16.28,1.44,drive,18.15,front,LIDAR_ONLY
0,178.5579,cam_3,CAM_ONLY,16.8380,,17.2735,0.4356,,2.5215,,1,,9.50,11.67,warning,3.00,,CAMERA_ONLY
0,178.6365,cam_3,CAM_ONLY,16.6959,,17.2735,0.5777,,3.3442,,1,,14.93,5.71,warning,3.00,,CAMERA_ONLY
0,178.6365,t3198,LIDAR_ONLY,28.2061,28.2061,,,,,,,,14.93,5.71,drive,-29.52,front,LIDAR_ONLY
0,178.7175,cam_3,CAM_ONLY,16.7634,,17.2735,0.5101,,2.9530,,1,,14.26,9.07,warning,3.00,,CAMERA_ONLY
0,178.8184,cam_3,CAM_ONLY,16.7714,,17.2735,0.5022,,2.9071,,1,,10.44,4.82,warning,3.00,,CAMERA_ONLY
0,178.8776,cam_3,CAM_ONLY,17.2533,,17.2735,0.0202,,0.1170,,1,,12.24,2.74,warning,3.00,,CAMERA_ONLY
0,178.9684,cam_3,CAM_ONLY,17.2072,,17.2735,0.0664,,0.3842,,1,,17.45,12.47,warning,3.00,,CAMERA_ONLY
0,179.0692,cam_3,CAM_ONLY,16.7748,,17.2735,0.4988,,2.8875,,1,,12.16,2.42,warning,3.00,,CAMERA_ONLY
0,179.1295,cam_3,CAM_ONLY,16.7927,,17.2735,0.4808,,2.7836,,1,,10.43,2.74,warning,3.00,,CAMERA_ONLY
0,179.1836,cam_3,CAM_ONLY,16.8418,,17.2735,0.4318,,2.4997,,1,,9.10,1.28,warning,3.00,,CAMERA_ONLY
0,179.1836,t3209,LIDAR_ONLY,28.2187,28.2187,,,,,,,,9.10,1.28,drive,-29.42,front,LIDAR_ONLY
0,179.2559,cam_3,CAM_ONLY,16.2849,,17.2735,0.9886,,5.7234,,1,,18.19,9.89,warning,3.00,,CAMERA_ONLY
0,179.3321,cam_3,CAM_ONLY,16.2625,,17.2735,1.0111,,5.8532,,0,,10.12,1.30,warning,3.00,,CAMERA_ONLY
0,179.3321,t3209,LIDAR_ONLY,28.1386,28.1386,,,,,,,,10.12,1.30,drive,-29.75,front,LIDAR_ONLY
0,179.4015,cam_3,CAM_ONLY,16.4929,,17.2735,0.7806,,4.5192,,1,,13.64,9.10,warning,3.00,,CAMERA_ONLY
0,179.4015,t3211,LIDAR_ONLY,16.6017,16.6017,73.9808,57.3791,57.3791,77.5595,77.5595,0,0,13.64,9.10,drive,19.45,front,LIDAR_ONLY
0,179.4015,t3211,LIDAR_ONLY,16.6886,16.6886,73.9808,57.2922,57.2922,77.4420,77.4420,0,0,13.64,9.10,drive,18.05,front,LIDAR_ONLY
0,179.4666,cam_3,CAM_ONLY,16.2552,,17.2735,1.0183,,5.8952,,0,,12.03,5.91,warning,3.00,,CAMERA_ONLY
0,179.5288,cam_3,CAM_ONLY,16.1105,,17.2735,1.1631,,6.7333,,0,,10.37,1.88,warning,3.00,,CAMERA_ONLY
0,179.5843,cam_3,CAM_ONLY,15.8085,,17.2735,1.4651,,8.4815,,0,,9.50,1.12,warning,3.00,,CAMERA_ONLY
0,179.5843,t3214,LIDAR_ONLY,28.1930,28.1930,,,,,,,,9.50,1.12,drive,-29.50,front,LIDAR_ONLY
0,179.6624,cam_3,CAM_ONLY,15.8228,,17.2735,1.4508,,8.3988,,0,,14.32,12.46,warning,3.00,,CAMERA_ONLY
0,179.7244,cam_3,CAM_ONLY,15.8828,,17.2735,1.3907,,8.0510,,0,,12.74,3.39,warning,3.00,,CAMERA_ONLY
0,179.7910,t3220,BOTH,15.9021,17.4557,17.2735,1.3714,0.1821,7.9393,1.0543,0,1,18.35,2.74,warning,3.00,,FULL_ANGLE
0,179.7910,t3214,LIDAR_ONLY,28.1161,28.1161,,,,,,,,18.35,2.74,drive,-29.64,front,LIDAR_ONLY
0,179.7910,t3219,LIDAR_ONLY,11.3427,11.3427,73.9808,62.6381,62.6381,84.6681,84.6681,0,0,18.35,2.74,cautious,25.67,front,LIDAR_ONLY
0,179.7910,t3219,LIDAR_ONLY,11.4109,11.4109,73.9808,62.5699,62.5699,84.5759,84.5759,0,0,18.35,2.74,cautious,18.50,front,LIDAR_ONLY
0,179.8627,cam_3,CAM_ONLY,16.1425,,17.2735,1.1310,,6.5476,,0,,9.90,7.99,warning,3.00,,CAMERA_ONLY
0,179.9251,cam_3,CAM_ONLY,15.8634,,17.2735,1.4101,,8.1634,,0,,13.37,2.92,warning,2.95,,CAMERA_ONLY
0,179.9982,t3220,BOTH,16.1625,17.4687,17.2735,1.1111,0.1951,6.4322,1.1295,0,1,12.54,6.91,warning,2.95,,FULL_ANGLE
0,179.9982,t3219,LIDAR_ONLY,11.5163,11.5163,73.9808,62.4645,62.4645,84.4334,84.4334,0,0,12.54,6.91,cautious,18.91,front,LIDAR_ONLY
0,180.0612,cam_3,CAM_ONLY,16.2612,,17.2735,1.0123,,5.8606,,0,,14.38,6.61,warning,3.00,,CAMERA_ONLY
0,180.1356,cam_3,CAM_ONLY,16.9763,,17.2735,0.2973,,1.7210,,1,,15.11,2.34,warning,2.95,,CAMERA_ONLY
0,180.1356,t3225,LIDAR_ONLY,28.0685,28.0685,,,,,,,,15.11,2.34,drive,-29.58,front,LIDAR_ONLY
0,180.2072,cam_3,CAM_ONLY,17.2753,,17.2735,0.0018,,0.0101,,1,,13.08,10.62,warning,2.95,,CAMERA_ONLY
0,180.2678,cam_3,CAM_ONLY,17.2688,,17.2735,0.0047,,0.0273,,1,,9.69,6.10,warning,2.95,,CAMERA_ONLY
0,180.3314,cam_3,CAM_ONLY,17.0564,,17.2735,0.2172,,1.2572,,1,,13.13,1.82,warning,2.95,,CAMERA_ONLY
0,180.3314,t3225,LIDAR_ONLY,28.0708,28.0708,,,,,,,,13.13,1.82,drive,-29.60,front,LIDAR_ONLY
0,180.3928,t3229,BOTH,16.8074,17.4455,17.2735,0.4661,0.1720,2.6984,0.9955,1,1,11.73,3.57,warning,2.95,,FULL_ANGLE
0,180.3928,t3228,LIDAR_ONLY,16.4366,16.4366,73.9808,57.5442,57.5442,77.7827,77.7827,0,0,11.73,3.57,drive,19.58,front,LIDAR_ONLY
0,180.4660,cam_3,CAM_ONLY,16.8913,,17.2735,0.3822,,2.2127,,1,,14.54,11.14,warning,2.95,,CAMERA_ONLY
0,180.5288,cam_3,CAM_ONLY,16.8578,,17.2735,0.4158,,2.4069,,1,,13.52,2.97,warning,2.95,,CAMERA_ONLY
0,180.5985,cam_3,CAM_ONLY,16.7743,,17.2735,0.4992,,2.8902,,1,,11.56,5.45,warning,2.95,,CAMERA_ONLY
0,180.6751,cam_3,CAM_ONLY,16.7591,,17.2735,0.5144,,2.9780,,1,,16.40,4.88,warning,2.95,,CAMERA_ONLY
0,180.7483,cam_3,CAM_ONLY,16.7089,,17.2735,0.5647,,3.2690,,1,,11.89,7.91,warning,3.00,,CAMERA_ONLY
0,180.8161,cam_3,CAM_ONLY,16.7140,,17.2735,0.5595,,3.2391,,1,,15.57,7.88,warning,2.95,,CAMERA_ONLY
0,180.8801,cam_3,CAM_ONLY,16.7484,,17.2735,0.5252,,3.0402,,1,,13.89,1.87,warning,2.95,,CAMERA_ONLY
0,180.9362,t3238,BOTH,16.6954,17.9014,17.2735,0.5782,0.6279,3.3471,3.6350,1,1,9.19,1.11,warning,2.95,,FULL_ANGLE
0,180.9362,t3237,LIDAR_ONLY,28.0931,28.0931,31.3202,3.2271,3.2271,10.3035,10.3035,0,0,9.19,1.11,drive,-29.66,front,LIDAR_ONLY
0,180.9362,t3238,LIDAR_ONLY,17.6193,17.6193,17.2735,0.3458,0.3458,2.0016,2.0016,1,1,9.19,1.11,drive,2.73,front,LIDAR_ONLY
0,181.0120,cam_3,CAM_ONLY,16.7066,,17.2735,0.5669,,3.2821,,1,,17.01,10.31,warning,2.95,,CAMERA_ONLY
0,181.0724,cam_3,CAM_ONLY,16.7046,,17.2735,0.5689,,3.2935,,1,,10.58,2.70,warning,2.95,,CAMERA_ONLY
0,181.1528,cam_3,CAM_ONLY,16.7949,,17.2735,0.4787,,2.7711,,1,,12.40,9.79,warning,2.95,,CAMERA_ONLY
0,181.2210,cam_3,CAM_ONLY,16.7080,,17.2735,0.5656,,3.2741,,1,,13.03,9.31,warning,3.00,,CAMERA_ONLY
0,181.2943,cam_3,CAM_ONLY,16.7074,,17.2735,0.5661,,3.2774,,1,,18.87,8.26,warning,3.00,,CAMERA_ONLY
0,181.3706,cam_3,CAM_ONLY,16.7662,,17.2735,0.5074,,2.9372,,1,,17.42,7.15,warning,3.00,,CAMERA_ONLY
0,181.4628,cam_3,CAM_ONLY,16.7083,,17.2735,0.5652,,3.2723,,1,,17.22,10.38,warning,3.00,,CAMERA_ONLY
0,181.5260,cam_3,CAM_ONLY,16.7260,,17.2735,0.5475,,3.1699,,1,,11.10,3.35,warning,3.00,,CAMERA_ONLY
0,181.5826,cam_3,CAM_ONLY,16.8067,,17.2735,0.4669,,2.7028,,1,,9.53,1.75,warning,3.00,,CAMERA_ONLY
0,181.5826,t3248,LIDAR_ONLY,28.1369,28.1369,,,,,,,,9.53,1.75,drive,-29.47,front,LIDAR_ONLY
0,181.6603,cam_3,CAM_ONLY,16.8274,,17.2735,0.4462,,2.5830,,1,,13.68,8.95,warning,3.00,,CAMERA_ONLY
0,181.7250,cam_3,CAM_ONLY,16.7241,,17.2735,0.5494,,3.1806,,1,,12.91,3.00,warning,3.00,,CAMERA_ONLY
0,181.7995,cam_3,CAM_ONLY,16.7332,,17.2735,0.5404,,3.1284,,1,,19.40,8.70,warning,3.00,,CAMERA_ONLY
0,181.8651,cam_3,CAM_ONLY,16.7963,,17.2735,0.4772,,2.7627,,1,,11.06,10.06,warning,3.00,,CAMERA_ONLY
0,181.9279,t3255,BOTH,16.7192,17.6003,17.2735,0.5543,0.3267,3.2090,1.8915,1,1,12.85,1.47,warning,3.00,,FULL_ANGLE
0,181.9279,t3254,LIDAR_ONLY,27.9661,27.9661,,,,,,,,12.85,1.47,drive,-29.70,front,LIDAR_ONLY
0,182.0220,cam_3,CAM_ONLY,16.7302,,17.2735,0.5433,,3.1455,,1,,20.26,3.25,warning,3.00,,CAMERA_ONLY
0,182.0962,t3255,BOTH,16.7241,17.5158,17.2735,0.5495,0.2423,3.1810,1.4026,1,1,13.74,5.85,warning,3.00,,FULL_ANGLE
0,182.0962,t3259,LIDAR_ONLY,18.5693,18.5693,73.9808,55.4114,55.4114,74.8998,74.8998,0,0,13.74,5.85,drive,18.12,front,LIDAR_ONLY
0,182.1695,cam_3,CAM_ONLY,16.6907,,17.2735,0.5828,,3.3740,,1,,15.20,3.84,warning,3.00,,CAMERA_ONLY
0,182.2282,cam_3,CAM_ONLY,16.6633,,17.2735,0.6103,,3.5330,,1,,12.31,1.75,warning,3.00,,CAMERA_ONLY
0,182.2282,t3261,LIDAR_ONLY,28.1539,28.1539,49.8870,21.7332,21.7332,43.5647,43.5647,0,0,12.31,1.75,drive,-29.48,front,LIDAR_ONLY
0,182.2840,t3255,BOTH,16.8153,17.5109,17.2735,0.4583,0.2373,2.6529,1.3740,1,1,9.97,1.32,warning,3.00,,FULL_ANGLE
0,182.2840,t3261,LIDAR_ONLY,28.1193,28.1193,48.5084,20.3891,20.3891,42.0321,42.0321,0,0,9.97,1.32,drive,-29.63,front,LIDAR_ONLY
0,182.3499,cam_3,CAM_ONLY,16.6881,,17.2735,0.5854,,3.3890,,1,,12.33,9.67,warning,3.00,,CAMERA_ONLY
0,182.4105,cam_3,CAM_ONLY,16.7457,,17.2735,0.5278,,3.0558,,1,,9.60,9.67,warning,3.00,,CAMERA_ONLY
0,182.4920,t3255,BOTH,16.6451,17.5023,17.2735,0.6284,0.2288,3.6380,1.3246,1,1,16.88,5.04,warning,3.00,,FULL_ANGLE
0,182.4920,t3267,LIDAR_ONLY,15.0609,15.0609,73.9808,58.9199,58.9199,79.6422,79.6422,0,0,16.88,5.04,drive,20.74,front,LIDAR_ONLY
0,182.4920,t3267,LIDAR_ONLY,15.5145,15.5145,73.9808,58.4663,58.4663,79.0290,79.0290,0,0,16.88,5.04,drive,18.91,front,LIDAR_ONLY
0,182.4920,t3255,LIDAR_ONLY,17.5123,17.5123,17.2735,0.2388,0.2388,1.3823,1.3823,1,1,16.88,5.04,drive,1.20,front,LIDAR_ONLY
0,182.5654,cam_3,CAM_ONLY,16.7204,,17.2735,0.5532,,3.2024,,1,,13.92,12.79,warning,3.00,,CAMERA_ONLY
0,182.6394,t3255,BOTH,16.7337,17.4817,17.2735,0.5398,0.2082,3.1250,1.2052,1,1,17.40,3.29,warning,3.00,,FULL_ANGLE
0,182.7074,cam_3,CAM_ONLY,16.6613,,17.2735,0.6122,,3.5443,,1,,12.17,11.38,warning,3.00,,CAMERA_ONLY
0,182.7761,cam_3,CAM_ONLY,16.6514,,17.2735,0.6221,,3.6017,,1,,9.88,2.85,warning,3.00,,CAMERA_ONLY
0,182.8311,cam_3,CAM_ONLY,16.6639,,17.2735,0.6097,,3.5294,,1,,9.45,2.46,warning,3.00,,CAMERA_ONLY
0,182.8949,t3277,BOTH,16.7628,17.4637,17.2735,0.5107,0.1901,2.9565,1.1006,1,1,18.37,4.65,warning,3.00,,FULL_ANGLE
0,182.8949,t3276,LIDAR_ONLY,17.5586,17.5586,73.9808,56.4222,56.4222,76.2660,76.2660,0,0,18.37,4.65,drive,18.77,front,LIDAR_ONLY
0,182.9818,cam_3,CAM_ONLY,16.7240,,17.2735,0.5495,,3.1812,,1,,14.03,1.72,warning,3.00,,CAMERA_ONLY
0,183.0610,cam_3,CAM_ONLY,16.6991,,17.2735,0.5745,,3.3256,,1,,19.87,8.18,warning,3.00,,CAMERA_ONLY
0,183.1181,cam_3,CAM_ONLY,16.6945,,17.2735,0.5791,,3.3524,,1,,9.73,2.17,warning,3.00,,CAMERA_ONLY
0,183.1919,t3283,BOTH,16.6522,17.4882,17.2735,0.6213,0.2146,3.5970,1.2425,1,1,18.41,4.12,warning,3.00,,FULL_ANGLE
0,183.1919,t3281,LIDAR_ONLY,28.0740,28.0740,,,,,,,,18.41,4.12,drive,-29.65,front,LIDAR_ONLY
0,183.1919,t3282,LIDAR_ONLY,10.8509,10.8509,73.9808,63.1299,63.1299,85.3328,85.3328,0,0,18.41,4.12,cautious,26.58,front,LIDAR_ONLY
0,183.1919,t3282,LIDAR_ONLY,10.9871,10.9871,73.9808,62.9936,62.9936,85.1486,85.1486,0,0,18.41,4.12,cautious,20.68,front,LIDAR_ONLY
0,183.1919,t3282,LIDAR_ONLY,11.2318,11.2318,73.9808,62.7490,62.7490,84.8179,84.8179,0,0,18.41,4.12,cautious,18.43,front,LIDAR_ONLY
0,183.1919,t3282,LIDAR_ONLY,11.4567,11.4567,73.9808,62.5241,62.5241,84.5140,84.5140,0,0,18.41,4.12,cautious,19.45,front,LIDAR_ONLY
0,183.2810,cam_3,CAM_ONLY,16.6908,,17.2735,0.5827,,3.3734,,1,,17.77,3.34,warning,3.00,,CAMERA_ONLY
0,183.3585,cam_3,CAM_ONLY,16.6568,,17.2735,0.6167,,3.5702,,1,,18.99,16.50,warning,3.00,,CAMERA_ONLY
0,183.4192,cam_3,CAM_ONLY,16.7172,,17.2735,0.5564,,3.2209,,1,,10.29,2.58,warning,3.00,,CAMERA_ONLY
0,183.4842,cam_3,CAM_ONLY,16.7262,,17.2735,0.5474,,3.1688,,1,,14.23,2.11,warning,3.00,,CAMERA_ONLY
0,183.5558,cam_3,CAM_ONLY,16.6997,,17.2735,0.5739,,3.3221,,1,,9.54,7.75,warning,3.00,,CAMERA_ONLY
0,183.6195,cam_3,CAM_ONLY,16.7105,,17.2735,0.5630,,3.2594,,1,,11.51,2.72,warning,3.00,,CAMERA_ONLY
0,183.6967,t3295,BOTH,16.6127,17.5189,17.2735,0.6609,0.2453,3.8259,1.4203,1,1,14.35,2.52,warning,3.00,,FULL_ANGLE
0,183.6967,t3294,LIDAR_ONLY,16.2228,16.2228,73.9808,57.7580,57.7580,78.0716,78.0716,0,0,14.35,2.52,drive,19.74,front,LIDAR_ONLY
0,183.7598,cam_3,CAM_ONLY,16.7257,,17.2735,0.5478,,3.1716,,1,,9.58,9.61,warning,3.00,,CAMERA_ONLY
0,183.8183,cam_3,CAM_ONLY,16.7206,,17.2735,0.5529,,3.2009,,1,,10.01,5.18,warning,3.00,,CAMERA_ONLY
0,183.8912,t3295,BOTH,16.8097,17.5147,17.2735,0.4638,0.2411,2.6851,1.3959,1,1,12.34,3.60,warning,3.00,,FULL_ANGLE
0,183.8912,t3294,LIDAR_ONLY,16.3412,16.3412,73.9808,57.6396,57.6396,77.9116,77.9116,0,0,12.34,3.60,drive,19.23,front,LIDAR_ONLY
0,183.9608,cam_3,CAM_ONLY,16.7002,,17.2735,0.5734,,3.3194,,1,,12.62,8.32,warning,3.00,,CAMERA_ONLY
0,184.0280,cam_3,CAM_ONLY,16.6737,,17.2735,0.5998,,3.4726,,1,,14.00,2.89,warning,3.00,,CAMERA_ONLY
0,184.0280,t3298,LIDAR_ONLY,28.0513,28.0513,,,,,,,,14.00,2.89,drive,-29.66,front,LIDAR_ONLY
0,184.0933,t3295,BOTH,16.6752,17.5136,17.2735,0.5984,0.2401,3.4640,1.3898,1,1,17.41,2.71,warning,3.00,,FULL_ANGLE
0,184.0933,t3294,LIDAR_ONLY,16.4679,16.4679,73.9808,57.5129,57.5129,77.7403,77.7403,0,0,17.41,2.71,drive,19.13,front,LIDAR_ONLY
0,184.1751,cam_3,CAM_ONLY,16.7279,,17.2735,0.5457,,3.1591,,1,,24.11,6.96,warning,3.00,,CAMERA_ONLY
0,184.2424,t3295,BOTH,16.7224,17.5045,17.2735,0.5511,0.2310,3.1905,1.3373,1,1,13.78,4.74,warning,3.00,,FULL_ANGLE
0,184.2424,t3294,LIDAR_ONLY,16.5999,16.5999,73.9808,57.3809,57.3809,77.5619,77.5619,0,0,13.78,4.74,drive,18.11,front,LIDAR_ONLY
0,184.3009,cam_3,CAM_ONLY,16.6729,,17.2735,0.6006,,3.4772,,1,,10.21,5.73,warning,3.00,,CAMERA_ONLY
0,184.3009,t3294,LIDAR_ONLY,16.7237,16.7237,73.9808,57.2571,57.2571,77.3946,77.3946,0,0,10.21,5.73,drive,18.27,front,LIDAR_ONLY
0,184.3652,cam_3,CAM_ONLY,16.7166,,17.2735,0.5570,,3.2245,,1,,9.39,6.93,warning,3.00,,CAMERA_ONLY
0,184.4306,cam_3,CAM_ONLY,16.7015,,17.2735,0.5720,,3.3115,,1,,13.60,2.86,warning,3.00,,CAMERA_ONLY
0,184.4306,t3304,LIDAR_ONLY,28.0751,28.0751,,,,,,,,13.60,2.86,drive,-29.64,front,LIDAR_ONLY
0,184.4985,cam_3,CAM_ONLY,16.6626,,17.2735,0.6109,,3.5366,,1,,12.55,8.48,warning,3.00,,CAMERA_ONLY
0,184.5797,t3309,BOTH,16.7212,17.4845,17.2735,0.5523,0.2109,3.1974,1.2212,1,1,15.67,1.48,warning,3.00,,FULL_ANGLE
0,184.5797,t3304,LIDAR_ONLY,28.0676,28.0676,,,,,,,,15.67,1.48,drive,-29.56,front,LIDAR_ONLY
0,184.6533,cam_3,CAM_ONLY,16.6921,,17.2735,0.5814,,3.3661,,1,,14.81,9.03,warning,3.00,,CAMERA_ONLY
0,184.7132,cam_3,CAM_ONLY,16.7587,,17.2735,0.5149,,2.9807,,1,,10.55,4.86,warning,3.00,,CAMERA_ONLY
0,184.7790,cam_3,CAM_ONLY,16.6881,,17.2735,0.5854,,3.3891,,1,,13.53,3.34,warning,3.00,,CAMERA_ONLY
0,184.8600,cam_3,CAM_ONLY,16.7068,,17.2735,0.5668,,3.2810,,1,,17.84,12.05,warning,3.00,,CAMERA_ONLY
0,184.9210,cam_3,CAM_ONLY,16.6832,,17.2735,0.5904,,3.4178,,1,,9.53,2.94,warning,3.00,,CAMERA_ONLY
0,184.9864,t3319,BOTH,16.6702,17.4638,17.2735,0.6034,0.1902,3.4929,1.1014,1,1,14.34,1.73,warning,3.00,,FULL_ANGLE
0,184.9864,t3316,LIDAR_ONLY,27.9823,27.9823,,,,,,,,14.34,1.73,drive,-29.72,front,LIDAR_ONLY
0,184.9864,t3317,LIDAR_ONLY,11.4728,11.4728,73.9808,62.5079,62.5079,84.4921,84.4921,0,0,14.34,1.73,cautious,25.29,front,LIDAR_ONLY
0,184.9864,t3317,LIDAR_ONLY,11.5576,11.5576,73.9808,62.4231,62.4231,84.3775,84.3775,0,0,14.34,1.73,cautious,20.78,front,LIDAR_ONLY
0,184.9864,t3317,LIDAR_ONLY,11.6939,11.6939,73.9808,62.2869,62.2869,84.1933,84.1933,0,0,14.34,1.73,cautious,19.68,front,LIDAR_ONLY
0,184.9864,t3317,LIDAR_ONLY,11.8744,11.8744,73.9808,62.1064,62.1064,83.9493,83.9493,0,0,14.34,1.73,cautious,18.25,front,LIDAR_ONLY
0,185.0544,cam_3,CAM_ONLY,16.7832,,17.2735,0.4903,,2.8385,,1,,13.90,9.76,warning,3.00,,CAMERA_ONLY
0,185.1218,cam_3,CAM_ONLY,16.7710,,17.2735,0.5025,,2.9092,,1,,17.80,6.08,warning,3.00,,CAMERA_ONLY
0,185.2173,cam_3,CAM_ONLY,16.6876,,17.2735,0.5860,,3.3924,,1,,15.51,12.89,warning,3.00,,CAMERA_ONLY
0,185.2752,cam_3,CAM_ONLY,16.6706,,17.2735,0.6029,,3.4905,,1,,9.99,3.22,warning,3.00,,CAMERA_ONLY
0,185.3328,cam_3,CAM_ONLY,16.8122,,17.2735,0.4614,,2.6710,,1,,12.36,2.35,warning,3.00,,CAMERA_ONLY
0,185.3328,t3324,LIDAR_ONLY,28.0826,28.0826,,,,,,,,12.36,2.35,drive,-29.78,front,LIDAR_ONLY
0,185.4014,cam_3,CAM_ONLY,16.7212,,17.2735,0.5524,,3.1977,,1,,14.68,9.06,warning,3.00,,CAMERA_ONLY
0,185.4014,t3328,LIDAR_ONLY,18.2746,18.2746,73.9808,55.7062,55.7062,75.2982,75.2982,0,0,14.68,9.06,drive,18.30,front,LIDAR_ONLY
0,185.4707,cam_3,CAM_ONLY,16.6864,,17.2735,0.5871,,3.3990,,1,,13.53,2.36,warning,3.00,,CAMERA_ONLY
0,185.5319,cam_3,CAM_ONLY,16.7639,,17.2735,0.5096,,2.9503,,1,,12.70,2.76,warning,3.00,,CAMERA_ONLY
0,185.6256,cam_3,CAM_ONLY,16.6932,,17.2735,0.5803,,3.3595,,1,,22.30,19.07,warning,3.00,,CAMERA_ONLY
0,185.6901,t3334,BOTH,16.7833,17.5022,17.2735,0.4903,0.2287,2.8382,1.3239,1,1,13.61,3.19,warning,3.00,,FULL_ANGLE
0,185.6901,t3333,LIDAR_ONLY,16.5866,16.5866,73.9808,57.3941,57.3941,77.5798,77.5798,0,0,13.61,3.19,drive,19.46,front,LIDAR_ONLY
0,185.7719,cam_3,CAM_ONLY,16.7690,,17.2735,0.5045,,2.9209,,1,,17.40,10.89,warning,3.00,,CAMERA_ONLY
0,185.8395,t3334,BOTH,16.6714,17.4919,17.2735,0.6021,0.2183,3.4859,1.2639,1,1,12.71,2.48,warning,3.00,,FULL_ANGLE
0,185.8395,t3333,LIDAR_ONLY,11.7939,11.7939,73.9808,62.1869,62.1869,84.0581,84.0581,0,0,12.71,2.48,cautious,25.74,front,LIDAR_ONLY
0,185.8395,t3333,LIDAR_ONLY,11.9477,11.9477,73.9808,62.0331,62.0331,83.8502,83.8502,0,0,12.71,2.48,cautious,18.64,front,LIDAR_ONLY
0,185.9090,cam_3,CAM_ONLY,16.7817,,17.2735,0.4919,,2.8475,,1,,11.18,10.24,warning,3.00,,CAMERA_ONLY
0,185.9712,cam_3,CAM_ONLY,16.7079,,17.2735,0.5657,,3.2747,,1,,13.61,3.09,warning,3.00,,CAMERA_ONLY
0,186.0292,t3334,BOTH,16.7212,17.4816,17.2735,0.5523,0.2080,3.1974,1.2044,1,1,14.09,1.42,warning,3.00,,FULL_ANGLE
0,186.0292,t3342,LIDAR_ONLY,28.1445,28.1445,,,,,,,,14.09,1.42,drive,-29.46,front,LIDAR_ONLY
0,186.0945,cam_3,CAM_ONLY,16.7118,,17.2735,0.5617,,3.2518,,1,,10.02,7.99,warning,3.00,,CAMERA_ONLY
0,186.0945,t3345,LIDAR_ONLY,17.3390,17.3390,73.9808,56.6418,56.6418,76.5629,76.5629,0,0,10.02,7.99,drive,18.92,front,LIDAR_ONLY
0,186.1653,cam_3,CAM_ONLY,16.6218,,17.2735,0.6517,,3.7728,,1,,15.59,9.98,warning,3.00,,CAMERA_ONLY
0,186.2328,t3334,BOTH,16.7418,17.4817,17.2735,0.5317,0.2082,3.0784,1.2052,1,1,13.27,1.65,warning,3.00,,FULL_ANGLE
0,186.2328,t3342,LIDAR_ONLY,28.1455,28.1455,,,,,,,,13.27,1.65,drive,-29.54,front,LIDAR_ONLY
0,186.3008,cam_3,CAM_ONLY,16.7739,,17.2735,0.4997,,2.8927,,1,,10.20,8.04,warning,3.00,,CAMERA_ONLY
0,186.3008,t3345,LIDAR_ONLY,16.8499,16.8499,73.9808,57.1309,57.1309,77.2239,77.2239,0,0,10.20,8.04,drive,19.69,front,LIDAR_ONLY
0,186.3726,cam_3,CAM_ONLY,16.6773,,17.2735,0.5962,,3.4515,,1,,11.08,9.92,warning,3.00,,CAMERA_ONLY
0,186.4411,t3334,BOTH,16.6941,17.4768,17.2735,0.5794,0.2032,3.3542,1.1766,1,1,19.37,2.77,warning,3.00,,FULL_ANGLE
0,186.4411,t3345,LIDAR_ONLY,11.9517,11.9517,73.9808,62.0291,62.0291,83.8448,83.8448,0,0,19.37,2.77,cautious,26.51,front,LIDAR_ONLY
0,186.4411,t3345,LIDAR_ONLY,12.0908,12.0908,73.9808,61.8900,61.8900,83.6569,83.6569,0,0,19.37,2.77,cautious,18.87,front,LIDAR_ONLY
0,186.5009,cam_3,CAM_ONLY,16.7588,,17.2735,0.5148,,2.9800,,1,,9.43,6.59,warning,3.00,,CAMERA_ONLY
0,186.5847,cam_3,CAM_ONLY,16.7009,,17.2735,0.5726,,3.3151,,1,,16.73,9.81,warning,3.00,,CAMERA_ONLY
0,186.6531,cam_3,CAM_ONLY,16.6852,,17.2735,0.5883,,3.4058,,1,,9.86,10.28,warning,3.00,,CAMERA_ONLY
0,186.7197,cam_3,CAM_ONLY,16.6781,,17.2735,0.5955,,3.4472,,1,,11.18,8.37,warning,3.00,,CAMERA_ONLY
0,186.7825,t3355,BOTH,16.6895,17.4637,17.2735,0.5841,0.1901,3.3812,1.1006,1,1,12.19,1.20,warning,3.00,,FULL_ANGLE
0,186.7825,t3354,LIDAR_ONLY,14.3681,14.3681,73.9808,59.6127,59.6127,80.5786,80.5786,0,0,12.19,1.20,cautious,21.40,front,LIDAR_ONLY
0,186.7825,t3354,LIDAR_ONLY,14.4652,14.4652,73.9808,59.5155,59.5155,80.4473,80.4473,0,0,12.19,1.20,cautious,19.42,front,LIDAR_ONLY
0,186.8407,t3355,BOTH,16.7622,17.4567,17.2735,0.5114,0.1832,2.9604,1.0606,1,1,9.39,2.00,warning,3.00,,FULL_ANGLE
0,186.8407,t3354,LIDAR_ONLY,14.7678,14.7678,73.9808,59.2130,59.2130,80.0384,80.0384,0,0,9.39,2.00,cautious,18.56,front,LIDAR_ONLY
0,186.9094,cam_3,CAM_ONLY,16.8279,,17.2735,0.4456,,2.5799,,1,,12.76,13.29,warning,3.00,,CAMERA_ONLY
0,186.9818,cam_3,CAM_ONLY,16.7323,,17.2735,0.5413,,3.1336,,1,,14.88,6.03,warning,3.00,,CAMERA_ONLY
0,186.9818,t3358,LIDAR_ONLY,28.0798,28.0798,,,,,,,,14.88,6.03,drive,-29.61,front,LIDAR_ONLY
0,187.0681,cam_3,CAM_ONLY,16.6157,,17.2735,0.6578,,3.8083,,1,,9.65,6.29,warning,3.00,,CAMERA_ONLY
0,187.1340,cam_3,CAM_ONLY,16.5589,,17.2735,0.7147,,4.1373,,1,,13.65,3.17,warning,3.00,,CAMERA_ONLY
0,187.1340,t3358,LIDAR_ONLY,28.0989,28.0989,4.3153,23.7837,23.7837,551.1507,551.1507,0,0,13.65,3.17,drive,-29.50,front,LIDAR_ONLY
0,187.1999,cam_3,CAM_ONLY,16.5214,,17.2735,0.7521,,4.3542,,1,,13.38,8.94,warning,3.00,,CAMERA_ONLY
0,187.2675,cam_3,CAM_ONLY,16.5717,,17.2735,0.7018,,4.0629,,1,,14.63,6.88,warning,3.00,,CAMERA_ONLY
0,187.3309,cam_3,CAM_ONLY,16.6495,,17.2735,0.6240,,3.6127,,1,,12.97,2.80,warning,3.00,,CAMERA_ONLY
0,187.3992,cam_3,CAM_ONLY,16.6761,,17.2735,0.5974,,3.4585,,1,,14.23,6.79,warning,3.00,,CAMERA_ONLY
0,187.3992,t3365,LIDAR_ONLY,18.3882,18.3882,73.9808,55.5926,55.5926,75.1446,75.1446,0,0,14.23,6.79,drive,18.23,front,LIDAR_ONLY
0,187.4707,cam_3,CAM_ONLY,16.6833,,17.2735,0.5903,,3.4172,,1,,10.09,8.67,warning,3.00,,CAMERA_ONLY
0,187.5348,cam_3,CAM_ONLY,16.7050,,17.2735,0.5686,,3.2915,,1,,11.35,2.80,warning,3.00,,CAMERA_ONLY
0,187.5348,t3366,LIDAR_ONLY,13.1706,13.1706,10.7574,2.4132,2.4132,22.4327,22.4327,0,0,11.35,2.80,cautious,-26.82,front,LIDAR_ONLY
0,187.6040,cam_3,CAM_ONLY,16.7645,,17.2735,0.5090,,2.9466,,1,,10.38,9.01,warning,3.00,,CAMERA_ONLY
0,187.6673,cam_3,CAM_ONLY,16.6888,,17.2735,0.5847,,3.3851,,1,,9.51,7.16,warning,3.00,,CAMERA_ONLY
0,187.7358,t3370,BOTH,16.6456,17.5012,17.2735,0.6279,0.2277,3.6350,1.3180,1,1,20.37,1.98,warning,3.00,,FULL_ANGLE
0,187.7358,t3366,LIDAR_ONLY,13.3974,13.3974,14.1121,0.7147,0.7147,5.0646,5.0646,1,1,20.37,1.98,cautious,-29.68,front,LIDAR_ONLY
0,187.7358,t3366,LIDAR_ONLY,13.7448,13.7448,14.1121,0.3673,0.3673,2.6024,2.6024,1,1,20.37,1.98,cautious,-21.32,front,LIDAR_ONLY
0,187.7358,t3370,LIDAR_ONLY,17.5380,17.5380,17.2735,0.2645,0.2645,1.5310,1.5310,1,1,20.37,1.98,drive,1.19,front,LIDAR_ONLY
0,187.8160,cam_3,CAM_ONLY,16.7745,,17.2735,0.4991,,2.8892,,1,,18.36,17.13,warning,3.00,,CAMERA_ONLY
0,187.8820,cam_3,CAM_ONLY,16.7637,,17.2735,0.5098,,2.9515,,1,,12.83,4.45,warning,3.00,,CAMERA_ONLY
0,187.9597,cam_3,CAM_ONLY,16.7789,,17.2735,0.4947,,2.8638,,1,,13.52,9.19,warning,3.00,,CAMERA_ONLY
0,188.0265,cam_3,CAM_ONLY,16.6811,,17.2735,0.5924,,3.4295,,1,,18.89,3.22,warning,3.00,,CAMERA_ONLY
0,188.1056,cam_3,CAM_ONLY,16.6853,,17.2735,0.5882,,3.4053,,1,,21.07,10.33,warning,3.00,,CAMERA_ONLY
0,188.1056,t3377,LIDAR_ONLY,15.4874,15.4874,73.9808,58.4934,58.4934,79.0657,79.0657,0,0,21.07,10.33,drive,20.35,front,LIDAR_ONLY
0,188.1056,t3377,LIDAR_ONLY,15.7289,15.7289,73.9808,58.2519,58.2519,78.7393,78.7393,0,0,21.07,10.33,drive,18.51,front,LIDAR_ONLY
0,188.1738,cam_3,CAM_ONLY,16.6831,,17.2735,0.5904,,3.4181,,1,,19.21,4.95,warning,3.00,,CAMERA_ONLY
0,188.2606,cam_3,CAM_ONLY,16.7409,,17.2735,0.5326,,3.0835,,1,,19.93,13.42,warning,2.95,,CAMERA_ONLY
0,188.3245,cam_3,CAM_ONLY,16.5513,,17.2735,0.7222,,4.1811,,1,,12.93,3.81,warning,2.95,,CAMERA_ONLY
0,188.3872,t3383,BOTH,16.7372,17.4533,17.2735,0.5364,0.1797,3.1052,1.0404,1,1,11.96,1.85,warning,2.95,,FULL_ANGLE
0,188.3872,t3381,LIDAR_ONLY,10.4543,10.4543,73.9808,63.5265,63.5265,85.8689,85.8689,0,0,11.96,1.85,cautious,27.58,front,LIDAR_ONLY
0,188.3872,t3381,LIDAR_ONLY,10.5365,10.5365,73.9808,63.4443,63.4443,85.7578,85.7578,0,0,11.96,1.85,cautious,20.58,front,LIDAR_ONLY
0,188.3872,t3382,LIDAR_ONLY,25.4771,25.4771,24.8054,0.6717,0.6717,2.7080,2.7080,1,1,11.96,1.85,drive,-10.86,front,LIDAR_ONLY
0,188.3872,t3381,LIDAR_ONLY,10.6811,10.6811,73.9808,63.2997,63.2997,85.5623,85.5623,0,0,11.96,1.85,cautious,18.29,front,LIDAR_ONLY
0,188.3872,t3381,LIDAR_ONLY,10.8409,10.8409,73.9808,63.1399,63.1399,85.3464,85.3464,0,0,11.96,1.85,cautious,19.40,front,LIDAR_ONLY
0,188.3872,t3381,LIDAR_ONLY,10.9578,10.9578,73.9808,63.0230,63.0230,85.1884,85.1884,0,0,11.96,1.85,cautious,21.38,front,LIDAR_ONLY
0,188.4565,cam_3,CAM_ONLY,16.5661,,17.2735,0.7075,,4.0958,,1,,15.29,9.71,warning,2.95,,CAMERA_ONLY
0,188.5192,cam_3,CAM_ONLY,16.6494,,17.2735,0.6241,,3.6133,,1,,13.49,3.52,warning,2.95,,CAMERA_ONLY
0,188.5792,cam_3,CAM_ONLY,16.5824,,17.2735,0.6912,,4.0013,,1,,14.03,2.05,warning,2.95,,CAMERA_ONLY
0,188.5792,t3387,LIDAR_ONLY,28.0700,28.0700,,,,,,,,14.03,2.05,drive,-29.74,front,LIDAR_ONLY
0,188.6667,cam_3,CAM_ONLY,16.6109,,17.2735,0.6627,,3.8364,,1,,13.83,13.67,warning,2.95,,CAMERA_ONLY
0,188.7311,cam_3,CAM_ONLY,16.6493,,17.2735,0.6242,,3.6137,,1,,14.56,4.25,warning,2.95,,CAMERA_ONLY
0,188.8187,cam_3,CAM_ONLY,16.5632,,17.2735,0.7103,,4.1123,,1,,17.17,14.37,warning,2.95,,CAMERA_ONLY
0,188.8814,cam_3,CAM_ONLY,16.6051,,17.2735,0.6684,,3.8696,,1,,12.56,1.73,warning,2.95,,CAMERA_ONLY
0,188.8814,t3394,LIDAR_ONLY,33.6453,33.6453,33.0804,0.5650,0.5650,1.7078,1.7078,1,1,12.56,1.73,drive,-6.48,front,LIDAR_ONLY
0,188.9614,cam_3,CAM_ONLY,16.9163,,17.2735,0.3573,,2.0684,,1,,14.15,14.62,warning,2.95,,CAMERA_ONLY
0,189.0308,cam_3,CAM_ONLY,16.7254,,17.2735,0.5481,,3.1733,,1,,17.53,2.13,warning,2.95,,CAMERA_ONLY
0,189.0308,t3398,LIDAR_ONLY,28.1744,28.1744,,,,,,,,17.53,2.13,drive,-29.54,front,LIDAR_ONLY
0,189.1001,cam_3,CAM_ONLY,16.8320,,17.2735,0.4416,,2.5564,,1,,15.36,7.57,warning,2.95,,CAMERA_ONLY
0,189.1676,cam_3,CAM_ONLY,16.7099,,17.2735,0.5636,,3.2629,,1,,12.97,3.48,warning,2.95,,CAMERA_ONLY
0,189.2340,t3401,BOTH,16.1087,17.4586,17.2735,1.1648,0.1851,6.7432,1.0715,0,1,15.38,1.46,warning,2.95,,FULL_ANGLE
0,189.2340,t3398,LIDAR_ONLY,28.1456,28.1456,,,,,,,,15.38,1.46,drive,-29.70,front,LIDAR_ONLY
0,189.3202,cam_3,CAM_ONLY,17.4847,,17.2735,0.2111,,1.2223,,1,,16.51,15.04,warning,2.95,,CAMERA_ONLY
0,189.3846,t3401,BOTH,17.3696,17.4617,17.2735,0.0960,0.1882,0.5560,1.0895,1,1,12.38,1.50,warning,3.00,,FULL_ANGLE
0,189.3846,t3398,LIDAR_ONLY,28.1213,28.1213,,,,,,,,12.38,1.50,drive,-29.61,front,LIDAR_ONLY
0,189.4475,cam_3,CAM_ONLY,16.9979,,17.2735,0.2756,,1.5958,,1,,10.31,5.87,warning,3.00,,CAMERA_ONLY
0,189.4475,t3404,LIDAR_ONLY,18.1032,18.1032,73.9808,55.8776,55.8776,75.5299,75.5299,0,0,10.31,5.87,drive,18.41,front,LIDAR_ONLY
0,189.4475,t3404,LIDAR_ONLY,17.2031,17.2031,73.9808,56.7777,56.7777,76.7466,76.7466,0,0,10.31,5.87,drive,19.89,front,LIDAR_ONLY
0,189.5114,cam_3,CAM_ONLY,18.9671,,17.2735,1.6936,,9.8044,,0,,13.16,9.02,warning,3.00,,CAMERA_ONLY
0,189.5738,cam_3,CAM_ONLY,17.6247,,17.2735,0.3511,,2.0327,,1,,13.45,3.14,warning,3.00,,CAMERA_ONLY
0,189.6604,cam_3,CAM_ONLY,16.6181,,17.2735,0.6555,,3.7947,,1,,18.85,14.15,warning,3.00,,CAMERA_ONLY
0,189.7271,cam_3,CAM_ONLY,17.9655,,17.2735,0.6919,,4.0058,,1,,17.63,3.43,warning,2.91,,CAMERA_ONLY
0,189.8064,cam_3,CAM_ONLY,14.3760,,17.2735,2.8975,,16.7744,,0,,19.83,11.67,stop,2.91,,CAMERA_ONLY
0,189.8644,cam_3,CAM_ONLY,14.0317,,17.2735,3.2418,,18.7674,,0,,9.84,6.72,stop,3.00,,CAMERA_ONLY
0,189.9248,cam_3,CAM_ONLY,13.8177,,17.2735,3.4559,,20.0067,,0,,9.59,3.49,stop,2.95,,CAMERA_ONLY
0,189.9884,t3418,BOTH,14.0424,17.5146,17.2735,3.2312,0.2411,18.7058,1.3957,0,1,20.33,2.31,stop,2.95,,FULL_ANGLE
0,189.9884,t3415,LIDAR_ONLY,13.6532,13.6532,73.9808,60.3275,60.3275,81.5449,81.5449,0,0,20.33,2.31,cautious,22.16,front,LIDAR_ONLY
0,189.9884,t3416,LIDAR_ONLY,28.2374,28.2374,13.8962,14.3412,14.3412,103.2022,103.2022,0,0,20.33,2.31,drive,-29.43,front,LIDAR_ONLY
0,189.9884,t3416,LIDAR_ONLY,17.0842,17.0842,13.8962,3.1880,3.1880,22.9414,22.9414,0,0,20.33,2.31,drive,-20.95,front,LIDAR_ONLY
0,190.0575,cam_3,CAM_ONLY,14.6455,,17.2735,2.6281,,15.2144,,0,,10.22,10.63,warning,3.00,,CAMERA_ONLY
0,190.1181,cam_3,CAM_ONLY,16.9770,,17.2735,0.2965,,1.7167,,1,,9.95,2.88,warning,3.00,,CAMERA_ONLY
0,190.1839,t3418,BOTH,15.3475,17.5259,17.2735,1.9260,0.2524,11.1502,1.4611,0,1,13.81,1.48,warning,3.09,,FULL_ANGLE
0,190.1839,t3416,LIDAR_ONLY,17.5030,17.5030,,,,,,,,13.81,1.48,drive,-29.49,front,LIDAR_ONLY
0,190.1839,t3421,LIDAR_ONLY,18.2102,18.2102,17.1922,1.0180,1.0180,5.9215,5.9215,0,0,13.81,1.48,drive,-18.52,front,LIDAR_ONLY
0,190.2512,cam_3,CAM_ONLY,19.1800,,17.2735,1.9065,,11.0369,,0,,12.22,10.15,warning,2.95,,CAMERA_ONLY
0,190.3207,cam_3,CAM_ONLY,17.6020,,17.2735,0.3284,,1.9013,,1,,13.36,3.69,warning,3.04,,CAMERA_ONLY
0,190.3769,cam_3,CAM_ONLY,19.1170,,17.2735,1.8434,,10.6719,,0,,11.80,1.23,warning,3.04,,CAMERA_ONLY
0,190.3769,t3416,LIDAR_ONLY,18.1774,18.1774,,,,,,,,11.80,1.23,drive,-29.55,front,LIDAR_ONLY
0,190.3769,t3421,LIDAR_ONLY,18.4944,18.4944,20.3495,1.8551,1.8551,9.1162,9.1162,0,0,11.80,1.23,drive,-13.66,front,LIDAR_ONLY
0,190.4312,cam_3,CAM_ONLY,19.2384,,17.2735,1.9649,,11.3752,,0,,9.22,2.11,warning,3.04,,CAMERA_ONLY
0,190.4312,t3416,LIDAR_ONLY,18.8340,18.8340,,,,,,,,9.22,2.11,drive,-29.63,front,LIDAR_ONLY
0,190.4908,t3425,BOTH,17.7255,17.4956,17.2735,0.4520,0.2221,2.6167,1.2857,1,1,15.68,3.11,warning,3.04,,FULL_ANGLE
0,190.5676,cam_3,CAM_ONLY,16.9476,,17.2735,0.3259,,1.8869,,1,,13.37,15.71,warning,3.04,,CAMERA_ONLY
0,190.6565,cam_3,CAM_ONLY,16.5696,,17.2735,0.7040,,4.0754,,1,,21.00,12.12,warning,3.00,,CAMERA_ONLY
0,190.7199,cam_3,CAM_ONLY,16.0539,,17.2735,1.2197,,7.0609,,0,,9.66,2.13,warning,3.00,,CAMERA_ONLY
0,190.7899,t3434,BOTH,16.6335,17.4511,17.2735,0.6400,0.1776,3.7051,1.0280,1,1,17.76,2.75,warning,3.00,,FULL_ANGLE
0,190.7899,t3431,LIDAR_ONLY,28.1056,28.1056,,,,,,,,17.76,2.75,drive,-29.63,front,LIDAR_ONLY
0,190.7899,t3432,LIDAR_ONLY,12.9824,12.9824,73.9808,60.9984,60.9984,82.4516,82.4516,0,0,17.76,2.75,cautious,23.04,front,LIDAR_ONLY
0,190.8481,cam_3,CAM_ONLY,17.1190,,17.2735,0.1545,,0.8945,,1,,9.65,6.17,warning,2.95,,CAMERA_ONLY
0,190.8481,t3432,LIDAR_ONLY,13.0811,13.0811,73.9808,60.8997,60.8997,82.3183,82.3183,0,0,9.65,6.17,cautious,18.26,front,LIDAR_ONLY
0,190.8481,t3432,LIDAR_ONLY,13.1871,13.1871,73.9808,60.7937,60.7937,82.1750,82.1750,0,0,9.65,6.17,cautious,19.58,front,LIDAR_ONLY
0,190.9212,cam_3,CAM_ONLY,17.0194,,17.2735,0.2541,,1.4712,,1,,15.93,11.06,warning,2.95,,CAMERA_ONLY
0,191.0039,cam_3,CAM_ONLY,17.3413,,17.2735,0.0678,,0.3925,,1,,12.53,9.57,warning,2.95,,CAMERA_ONLY
0,191.0707,cam_3,CAM_ONLY,17.2186,,17.2735,0.0550,,0.3183,,1,,11.12,2.78,warning,2.95,,CAMERA_ONLY
0,191.1335,t3442,BOTH,17.0288,17.4887,17.2735,0.2447,0.2152,1.4167,1.2459,1,1,14.90,1.26,warning,2.95,,FULL_ANGLE
0,191.1335,t3440,LIDAR_ONLY,28.2055,28.2055,,,,,,,,14.90,1.26,drive,-29.53,front,LIDAR_ONLY
0,191.1930,t3442,BOTH,17.3149,17.4785,17.2735,0.0414,0.2050,0.2396,1.1867,1,1,10.50,3.20,warning,2.95,,FULL_ANGLE
0,191.1930,t3444,LIDAR_ONLY,16.3935,16.3935,73.9808,57.5873,57.5873,77.8409,77.8409,0,0,10.50,3.20,drive,19.61,front,LIDAR_ONLY
0,191.2678,cam_3,CAM_ONLY,16.9345,,17.2735,0.3391,,1.9629,,1,,11.13,13.40,warning,2.95,,CAMERA_ONLY
0,191.3420,t3442,BOTH,16.7288,17.4789,17.2735,0.5447,0.2054,3.1533,1.1891,1,1,13.49,3.48,warning,2.95,,FULL_ANGLE
0,191.4174,cam_3,CAM_ONLY,16.7602,,17.2735,0.5133,,2.9718,,1,,12.84,7.73,warning,2.95,,CAMERA_ONLY
0,191.4817,cam_3,CAM_ONLY,16.8188,,17.2735,0.4547,,2.6326,,1,,12.80,1.70,warning,2.95,,CAMERA_ONLY
0,191.5492,cam_3,CAM_ONLY,17.1737,,17.2735,0.0998,,0.5778,,1,,13.55,8.34,warning,2.95,,CAMERA_ONLY
0,191.6180,cam_3,CAM_ONLY,17.2353,,17.2735,0.0383,,0.2216,,1,,12.61,3.56,warning,2.95,,CAMERA_ONLY
0,191.6773,cam_3,CAM_ONLY,16.9738,,17.2735,0.2998,,1.7353,,1,,13.19,2.95,warning,2.95,,CAMERA_ONLY
0,191.6773,t3453,LIDAR_ONLY,28.1188,28.1188,,,,,,,,13.19,2.95,drive,-29.74,front,LIDAR_ONLY
0,191.7479,t3458,BOTH,17.2002,17.4196,17.2735,0.0734,0.1461,0.4246,0.8457,1,1,17.57,5.10,warning,2.95,,FULL_ANGLE
0,191.7479,t3457,LIDAR_ONLY,18.1814,18.1814,73.9808,55.7994,55.7994,75.4242,75.4242,0,0,17.57,5.10,drive,18.36,front,LIDAR_ONLY
0,191.7479,t3457,LIDAR_ONLY,17.0846,17.0846,73.9808,56.8962,56.8962,76.9067,76.9067,0,0,17.57,5.10,drive,19.66,front,LIDAR_ONLY
0,191.8123,cam_3,CAM_ONLY,17.2132,,17.2735,0.0604,,0.3495,,1,,10.24,7.12,warning,2.91,,CAMERA_ONLY
0,191.8814,cam_3,CAM_ONLY,17.1880,,17.2735,0.0855,,0.4949,,1,,14.01,2.39,warning,2.91,,CAMERA_ONLY
0,191.8814,t3453,LIDAR_ONLY,28.1212,28.1212,,,,,,,,14.01,2.39,drive,-29.67,front,LIDAR_ONLY
0,192.0389,t3462,BOTH,17.1929,17.4301,17.2745,0.0816,0.1556,0.4724,0.9010,1,1,18.56,4.66,warning,3.00,,FULL_ANGLE
0,192.0389,t3461,LIDAR_ONLY,15.9503,15.9503,73.9809,58.0306,58.0306,78.4400,78.4400,0,0,18.56,4.66,drive,19.97,front,LIDAR_ONLY
0,192.1135,cam_3,CAM_ONLY,17.1856,,17.2757,0.0901,,0.5216,,1,,14.94,10.51,warning,3.00,,CAMERA_ONLY
0,192.1807,cam_3,CAM_ONLY,16.9596,,17.2757,0.3161,,1.8300,,1,,13.17,5.33,warning,3.00,,CAMERA_ONLY
0,192.2390,t3462,BOTH,17.1588,17.4411,17.2757,0.1169,0.1654,0.6768,0.9576,1,1,9.83,2.04,warning,3.00,,FULL_ANGLE
0,192.2390,t3461,LIDAR_ONLY,10.3021,10.3021,,,,,,,,9.83,2.04,cautious,29.68,front,LIDAR_ONLY
0,192.2390,t3466,LIDAR_ONLY,17.3226,17.3226,73.9810,56.6584,56.6584,76.5850,76.5850,0,0,9.83,2.04,drive,18.93,front,LIDAR_ONLY
0,192.2390,t3466,LIDAR_ONLY,17.0458,17.0458,73.9810,56.9352,56.9352,76.9592,76.9592,0,0,9.83,2.04,drive,19.98,front,LIDAR_ONLY
0,192.3100,cam_3,CAM_ONLY,16.8383,,17.2757,0.4374,,2.5317,,1,,15.49,9.80,warning,3.00,,CAMERA_ONLY
0,192.3724,cam_3,CAM_ONLY,16.6976,,17.2757,0.5781,,3.3462,,1,,12.37,3.55,warning,3.00,,CAMERA_ONLY
0,192.4373,t3462,BOTH,17.3677,17.4489,17.2757,0.0920,0.1732,0.5327,1.0023,1,1,16.56,1.67,warning,3.00,,FULL_ANGLE
0,192.4373,t3470,LIDAR_ONLY,28.1152,28.1152,,,,,,,,16.56,1.67,drive,-29.53,front,LIDAR_ONLY
0,192.4373,t3461,LIDAR_ONLY,10.4409,10.4409,,,,,,,,16.56,1.67,cautious,25.16,front,LIDAR_ONLY
0,192.4373,t3466,LIDAR_ONLY,17.1951,17.1951,73.9810,56.7860,56.7860,76.7575,76.7575,0,0,16.56,1.67,drive,18.30,front,LIDAR_ONLY
0,192.5069,cam_3,CAM_ONLY,16.9701,,17.2757,0.3056,,1.7689,,1,,14.00,11.01,warning,3.04,,CAMERA_ONLY
0,192.5700,cam_3,CAM_ONLY,17.0899,,17.2757,0.1858,,1.0757,,1,,10.28,3.88,warning,3.09,,CAMERA_ONLY
0,192.6398,t3462,BOTH,17.2955,17.4546,17.2757,0.0198,0.1789,0.1146,1.0355,1,1,19.38,4.03,warning,3.04,,FULL_ANGLE
0,192.6398,t3470,LIDAR_ONLY,28.0985,28.0985,4.5251,23.5734,23.5734,520.9454,520.9454,0,0,19.38,4.03,drive,-29.60,front,LIDAR_ONLY
0,192.6398,t3466,LIDAR_ONLY,16.9116,16.9116,73.9810,57.0694,57.0694,77.1406,77.1406,0,0,19.38,4.03,drive,19.69,front,LIDAR_ONLY
0,192.7129,cam_3,CAM_ONLY,17.4101,,17.2757,0.1344,,0.7781,,1,,17.22,8.61,warning,3.04,,CAMERA_ONLY
0,192.7795,cam_3,CAM_ONLY,16.9974,,17.2757,0.2784,,1.6112,,1,,13.10,3.21,warning,3.09,,CAMERA_ONLY
0,192.8697,cam_3,CAM_ONLY,17.4649,,17.2757,0.1892,,1.0952,,1,,18.21,16.52,warning,3.09,,CAMERA_ONLY
0,192.9286,cam_3,CAM_ONLY,17.3000,,17.2757,0.0242,,0.1404,,1,,9.82,3.10,warning,3.00,,CAMERA_ONLY
0,192.9950,t3482,BOTH,17.3367,17.4912,17.2757,0.0610,0.2155,0.3533,1.2476,1,1,19.37,4.17,warning,3.04,,FULL_ANGLE
0,192.9950,t3481,LIDAR_ONLY,16.0540,16.0540,73.9810,57.9270,57.9270,78.2998,78.2998,0,0,19.37,4.17,drive,19.88,front,LIDAR_ONLY
0,193.0710,cam_3,CAM_ONLY,16.9917,,17.2757,0.2840,,1.6438,,1,,12.61,6.80,warning,3.04,,CAMERA_ONLY
0,193.1323,t3482,BOTH,16.9648,17.4920,17.2757,0.3109,0.2163,1.7995,1.2519,1,1,16.59,1.38,warning,3.00,,FULL_ANGLE
0,193.1323,t3484,LIDAR_ONLY,28.1472,28.1472,12.8444,15.3028,15.3028,119.1394,119.1394,0,0,16.59,1.38,drive,-29.57,front,LIDAR_ONLY
0,193.1323,t3484,LIDAR_ONLY,17.0382,17.0382,12.8444,4.1938,4.1938,32.6507,32.6507,0,0,16.59,1.38,drive,-23.60,front,LIDAR_ONLY
0,193.2051,cam_3,CAM_ONLY,16.8689,,17.2757,0.4068,,2.3545,,1,,12.83,10.22,warning,3.00,,CAMERA_ONLY
0,193.2761,cam_3,CAM_ONLY,16.9868,,17.2757,0.2889,,1.6724,,1,,13.20,3.72,warning,3.00,,CAMERA_ONLY
0,193.3499,cam_3,CAM_ONLY,16.9201,,17.2757,0.3556,,2.0586,,1,,14.67,9.23,warning,3.00,,CAMERA_ONLY
0,193.3499,t3490,LIDAR_ONLY,17.5799,17.5799,73.9810,56.4011,56.4011,76.2372,76.2372,0,0,14.67,9.23,drive,18.76,front,LIDAR_ONLY
0,193.4259,cam_3,CAM_ONLY,17.2002,,17.2757,0.0755,,0.4368,,1,,12.11,3.52,warning,3.00,,CAMERA_ONLY
0,193.5048,cam_3,CAM_ONLY,16.9524,,17.2757,0.3233,,1.8713,,1,,20.80,10.58,warning,3.00,,CAMERA_ONLY
0,193.5048,t3490,LIDAR_ONLY,17.6047,17.6047,73.9810,56.3763,56.3763,76.2038,76.2038,0,0,20.80,10.58,drive,18.66,front,LIDAR_ONLY
0,193.5048,t3490,LIDAR_ONLY,16.9011,16.9011,73.9810,57.0799,57.0799,77.1548,77.1548,0,0,20.80,10.58,drive,19.70,front,LIDAR_ONLY
0,193.5682,cam_3,CAM_ONLY,17.1454,,17.2757,0.1303,,0.7542,,1,,9.45,6.41,warning,3.00,,CAMERA_ONLY
0,193.6463,t3495,BOTH,17.2349,17.4773,17.2757,0.0408,0.2016,0.2362,1.1668,1,1,17.23,4.97,warning,3.00,,FULL_ANGLE
0,193.6463,t3492,LIDAR_ONLY,28.1051,28.1051,,,,,,,,17.23,4.97,drive,-29.67,front,LIDAR_ONLY
0,193.6463,t3490,LIDAR_ONLY,16.9960,16.9960,73.9810,56.9851,56.9851,77.0266,77.0266,0,0,17.23,4.97,drive,18.34,front,LIDAR_ONLY
0,193.6463,t3490,LIDAR_ONLY,17.0488,17.0488,73.9810,56.9323,56.9323,76.9552,76.9552,0,0,17.23,4.97,drive,19.20,front,LIDAR_ONLY
0,193.6463,t3494,LIDAR_ONLY,22.7129,22.7129,22.2064,0.5065,0.5065,2.2807,2.2807,1,1,17.23,4.97,drive,-12.83,front,LIDAR_ONLY
0,193.7176,cam_3,CAM_ONLY,17.2462,,17.2757,0.0295,,0.1709,,1,,12.59,8.74,warning,3.00,,CAMERA_ONLY
0,193.7775,cam_3,CAM_ONLY,17.3377,,17.2757,0.0619,,0.3586,,1,,13.24,2.74,warning,3.00,,CAMERA_ONLY
0,193.8508,cam_3,CAM_ONLY,17.0944,,17.2757,0.1813,,1.0494,,1,,13.88,9.25,warning,3.00,,CAMERA_ONLY
0,193.9245,cam_3,CAM_ONLY,17.0937,,17.2757,0.1820,,1.0536,,1,,18.76,8.72,warning,3.00,,CAMERA_ONLY
0,194.0054,cam_3,CAM_ONLY,17.2872,,17.2757,0.0115,,0.0668,,1,,20.79,11.29,warning,3.00,,CAMERA_ONLY
0,194.0714,cam_3,CAM_ONLY,17.4273,,17.2757,0.1516,,0.8773,,1,,14.27,3.93,warning,3.00,,CAMERA_ONLY
0,194.1297,cam_3,CAM_ONLY,17.1828,,17.2757,0.0929,,0.5378,,1,,13.68,1.64,warning,2.95,,CAMERA_ONLY
0,194.1297,t3505,LIDAR_ONLY,28.1089,28.1089,,,,,,,,13.68,1.64,drive,-29.52,front,LIDAR_ONLY
0,194.1890,t3509,BOTH,17.3557,17.5367,17.2757,0.0800,0.2610,0.4628,1.5111,1,1,10.01,1.61,warning,2.95,,FULL_ANGLE
0,194.1890,t3505,LIDAR_ONLY,28.1174,28.1174,,,,,,,,10.01,1.61,drive,-29.59,front,LIDAR_ONLY
0,194.1890,t3508,LIDAR_ONLY,13.5726,13.5726,73.9810,60.4085,60.4085,81.6540,81.6540,0,0,10.01,1.61,cautious,22.25,front,LIDAR_ONLY
0,194.1890,t3508,LIDAR_ONLY,13.7255,13.7255,73.9810,60.2555,60.2555,81.4473,81.4473,0,0,10.01,1.61,cautious,18.31,front,LIDAR_ONLY
0,194.1890,t3508,LIDAR_ONLY,13.8992,13.8992,73.9810,60.0819,60.0819,81.2126,81.2126,0,0,10.01,1.61,cautious,19.19,front,LIDAR_ONLY
0,194.1890,t3508,LIDAR_ONLY,14.0303,14.0303,73.9810,59.9507,59.9507,81.0352,81.0352,0,0,10.01,1.61,cautious,19.60,front,LIDAR_ONLY
0,194.2497,cam_3,CAM_ONLY,17.5549,,17.2757,0.2792,,1.6162,,1,,10.49,7.47,warning,2.95,,CAMERA_ONLY
0,194.2497,t3508,LIDAR_ONLY,14.1705,14.1705,73.9810,59.8105,59.8105,80.8457,80.8457,0,0,10.49,7.47,cautious,19.44,front,LIDAR_ONLY
0,194.3181,cam_3,CAM_ONLY,17.5463,,17.2757,0.2706,,1.5663,,1,,12.57,6.59,warning,2.95,,CAMERA_ONLY
0,194.3862,t3509,BOTH,17.5275,17.5060,17.2757,0.2518,0.2303,1.4576,1.3332,1,1,11.90,2.04,warning,2.95,,FULL_ANGLE
0,194.3862,t3505,LIDAR_ONLY,28.0970,28.0970,,,,,,,,11.90,2.04,drive,-29.77,front,LIDAR_ONLY
0,194.3862,t3508,LIDAR_ONLY,10.7500,10.7500,,,,,,,,11.90,2.04,cautious,28.27,front,LIDAR_ONLY
0,194.4641,cam_3,CAM_ONLY,17.3687,,17.2757,0.0930,,0.5382,,1,,21.13,5.79,warning,2.95,,CAMERA_ONLY
0,194.5273,t3509,BOTH,17.2129,17.4889,17.2757,0.0628,0.2132,0.3634,1.2342,1,1,10.09,1.67,warning,2.91,,FULL_ANGLE
0,194.5273,t3505,LIDAR_ONLY,28.1040,28.1040,,,,,,,,10.09,1.67,drive,-29.43,front,LIDAR_ONLY
0,194.5839,t3509,BOTH,16.8898,17.4902,17.2757,0.3859,0.2145,2.2338,1.2416,1,1,9.93,1.23,warning,2.91,,FULL_ANGLE
0,194.5839,t3505,LIDAR_ONLY,28.1086,28.1086,,,,,,,,9.93,1.23,drive,-29.46,front,LIDAR_ONLY
0,194.6450,t3509,BOTH,16.9408,17.4844,17.2757,0.3349,0.2087,1.9386,1.2078,1,1,9.97,4.12,warning,2.95,,FULL_ANGLE
0,194.6450,t3514,LIDAR_ONLY,16.7137,16.7137,73.9810,57.2674,57.2674,77.4082,77.4082,0,0,9.97,4.12,drive,19.37,front,LIDAR_ONLY
0,194.6450,t3514,LIDAR_ONLY,16.7984,16.7984,73.9810,57.1826,57.1826,77.2936,77.2936,0,0,9.97,4.12,drive,18.22,front,LIDAR_ONLY
0,194.7216,cam_3,CAM_ONLY,18.1765,,17.2757,0.9008,,5.2142,,1,,14.18,2.83,warning,2.95,,CAMERA_ONLY
0,194.7863,cam_3,CAM_ONLY,17.7477,,17.2757,0.4720,,2.7321,,1,,14.73,3.06,warning,2.95,,CAMERA_ONLY
0,194.7863,t3505,LIDAR_ONLY,28.1117,28.1117,,,,,,,,14.73,3.06,drive,-29.73,front,LIDAR_ONLY
0,194.8683,cam_3,CAM_ONLY,17.3794,,17.2757,0.1037,,0.6001,,1,,22.82,3.53,warning,2.95,,CAMERA_ONLY
0,194.9257,cam_3,CAM_ONLY,17.7153,,17.2757,0.4396,,2.5444,,1,,11.18,3.42,warning,2.95,,CAMERA_ONLY
0,194.9824,cam_3,CAM_ONLY,17.4386,,17.2757,0.1629,,0.9430,,1,,11.22,2.24,warning,2.86,,CAMERA_ONLY
0,194.9824,t3505,LIDAR_ONLY,28.1134,28.1134,,,,,,,,11.22,2.24,drive,-29.68,front,LIDAR_ONLY
0,195.0454,t3521,LIDAR_ONLY,17.2270,17.2270,73.9810,56.7540,56.7540,76.7143,76.7143,0,0,12.37,4.41,drive,19.00,front,LIDAR_ONLY
0,195.0454,t3522,LIDAR_ONLY,17.4960,17.4960,17.2757,0.2203,0.2203,1.2755,1.2755,1,1,12.37,4.41,drive,2.77,front,LIDAR_ONLY
0,195.1169,cam_3,CAM_ONLY,40.8563,,46.2666,5.4103,,11.6937,,0,,13.23,7.92,safe,2.95,,CAMERA_ONLY
0,195.1775,cam_3,CAM_ONLY,17.1890,,17.2765,0.0875,,0.5066,,1,,9.84,3.27,warning,3.00,,CAMERA_ONLY
0,195.2614,cam_3,CAM_ONLY,17.0140,,17.2757,0.2617,,1.5149,,1,,24.07,8.53,warning,3.00,,CAMERA_ONLY
0,195.3205,cam_3,CAM_ONLY,16.8775,,17.2757,0.3982,,2.3047,,1,,11.25,5.87,warning,3.00,,CAMERA_ONLY
0,195.3805,cam_3,CAM_ONLY,17.3621,,17.2757,0.0864,,0.5001,,1,,11.94,2.10,warning,3.00,,CAMERA_ONLY
0,195.3805,t3529,LIDAR_ONLY,28.0925,28.0925,,,,,,,,11.94,2.10,drive,-29.59,front,LIDAR_ONLY
0,195.4432,t3532,BOTH,17.2727,17.5072,17.2757,0.0029,0.2315,0.0170,1.3399,1,1,11.28,4.55,warning,3.00,,FULL_ANGLE
0,195.4432,t3532,LIDAR_ONLY,17.4923,17.4923,17.2757,0.2166,0.2166,1.2538,1.2538,1,1,11.28,4.55,drive,4.49,front,LIDAR_ONLY
0,195.5191,cam_3,CAM_ONLY,17.2054,,17.2757,0.0703,,0.4069,,1,,16.87,10.87,warning,3.00,,CAMERA_ONLY
0,195.6021,cam_3,CAM_ONLY,17.2053,,17.2757,0.0703,,0.4072,,1,,11.79,10.95,warning,3.00,,CAMERA_ONLY
0,195.7517,cam_3,CAM_ONLY,17.2905,,17.2753,0.0152,,0.0880,,1,,13.02,8.34,warning,3.13,,CAMERA_ONLY
0,195.8190,cam_3,CAM_ONLY,17.7888,,17.2746,0.5142,,2.9764,,1,,11.46,9.57,warning,3.13,,CAMERA_ONLY
0,195.8773,cam_3,CAM_ONLY,17.8933,,17.2746,0.6186,,3.5813,,1,,9.23,2.74,warning,3.09,,CAMERA_ONLY
0,195.9463,cam_3,CAM_ONLY,17.6522,,17.2746,0.3775,,2.1856,,1,,17.27,5.71,warning,3.04,,CAMERA_ONLY
0,195.9463,t3542,LIDAR_ONLY,16.9399,16.9399,73.9812,57.0413,57.0413,77.1024,77.1024,0,0,17.27,5.71,drive,19.20,front,LIDAR_ONLY
0,196.0095,cam_3,CAM_ONLY,17.0876,,17.2746,0.1871,,1.0829,,1,,9.92,11.48,warning,3.04,,CAMERA_ONLY
0,196.0804,cam_3,CAM_ONLY,16.6133,,17.2746,0.6613,,3.8283,,1,,13.92,3.66,warning,3.04,,CAMERA_ONLY
0,196.1647,cam_3,CAM_ONLY,16.7618,,17.2746,0.5129,,2.9689,,1,,17.55,11.26,warning,3.04,,CAMERA_ONLY
0,196.2341,cam_3,CAM_ONLY,16.9206,,17.2746,0.3540,,2.0493,,1,,16.63,2.57,warning,3.04,,CAMERA_ONLY
0,196.2341,t3546,LIDAR_ONLY,28.1622,28.1622,,,,,,,,16.63,2.57,drive,-29.59,front,LIDAR_ONLY
0,196.3081,cam_3,CAM_ONLY,16.7987,,17.2746,0.4759,,2.7550,,1,,17.82,9.14,warning,3.00,,CAMERA_ONLY
0,196.3802,cam_3,CAM_ONLY,16.7385,,17.2746,0.5361,,3.1034,,1,,17.77,2.04,warning,3.00,,CAMERA_ONLY
0,196.3802,t3546,LIDAR_ONLY,28.1334,28.1334,,,,,,,,17.77,2.04,drive,-29.52,front,LIDAR_ONLY
0,196.4580,cam_3,CAM_ONLY,16.8231,,17.2746,0.4515,,2.6139,,1,,21.01,12.96,warning,3.00,,CAMERA_ONLY
0,196.4580,t3549,LIDAR_ONLY,17.1101,17.1101,73.9812,56.8710,56.8710,76.8723,76.8723,0,0,21.01,12.96,drive,19.08,front,LIDAR_ONLY
0,196.5222,cam_3,CAM_ONLY,16.8033,,17.2746,0.4713,,2.7285,,1,,12.37,2.87,warning,3.00,,CAMERA_ONLY
0,196.5889,cam_3,CAM_ONLY,16.8349,,17.2746,0.4398,,2.5457,,1,,14.57,2.61,warning,3.00,,CAMERA_ONLY
0,196.5889,t3546,LIDAR_ONLY,28.1338,28.1338,,,,,,,,14.57,2.61,drive,-29.66,front,LIDAR_ONLY
0,196.6448,cam_3,CAM_ONLY,16.8135,,17.2746,0.4611,,2.6692,,1,,9.94,3.96,warning,3.00,,CAMERA_ONLY
0,196.6448,t3549,LIDAR_ONLY,17.1368,17.1368,73.9812,56.8443,56.8443,76.8362,76.8362,0,0,9.94,3.96,drive,18.91,front,LIDAR_ONLY
0,196.7166,cam_3,CAM_ONLY,16.8233,,17.2746,0.4513,,2.6125,,1,,18.02,6.27,warning,3.00,,CAMERA_ONLY
0,196.7808,cam_3,CAM_ONLY,16.8722,,17.2746,0.4024,,2.3294,,1,,15.49,3.54,warning,3.00,,CAMERA_ONLY
0,196.8632,cam_3,CAM_ONLY,16.9850,,17.2746,0.2896,,1.6765,,1,,17.53,14.67,warning,3.00,,CAMERA_ONLY
0,196.9307,cam_3,CAM_ONLY,16.8782,,17.2746,0.3965,,2.2951,,1,,13.45,2.63,warning,3.00,,CAMERA_ONLY
0,196.9965,cam_3,CAM_ONLY,16.9745,,17.2746,0.3001,,1.7373,,1,,10.80,7.63,warning,3.00,,CAMERA_ONLY
0,196.9965,t3560,LIDAR_ONLY,16.0113,16.0113,73.9812,57.9698,57.9698,78.3575,78.3575,0,0,10.80,7.63,drive,19.91,front,LIDAR_ONLY
0,197.0717,cam_3,CAM_ONLY,16.8310,,17.2746,0.4436,,2.5681,,1,,18.07,4.74,warning,3.00,,CAMERA_ONLY
0,197.1651,cam_3,CAM_ONLY,16.8848,,17.2746,0.3898,,2.2567,,1,,10.58,9.24,warning,3.00,,CAMERA_ONLY
0,197.2354,cam_3,CAM_ONLY,16.7703,,17.2746,0.5044,,2.9197,,1,,18.59,3.18,warning,3.00,,CAMERA_ONLY
0,197.2354,t3565,LIDAR_ONLY,28.1086,28.1086,,,,,,,,18.59,3.18,drive,-29.64,front,LIDAR_ONLY
0,197.3135,cam_3,CAM_ONLY,16.9133,,17.2746,0.3613,,2.0917,,1,,13.44,9.99,warning,3.00,,CAMERA_ONLY
0,197.3845,t3571,BOTH,16.8971,17.5156,17.2746,0.3775,0.2409,2.1852,1.3948,1,1,18.60,1.90,warning,3.00,,FULL_ANGLE
0,197.3845,t3569,LIDAR_ONLY,10.0784,10.0784,,,,,,,,18.60,1.90,cautious,28.75,front,LIDAR_ONLY
0,197.3845,t3570,LIDAR_ONLY,18.3185,18.3185,73.9812,55.6627,55.6627,75.2389,75.2389,0,0,18.60,1.90,drive,18.28,front,LIDAR_ONLY
0,197.3845,t3570,LIDAR_ONLY,17.5222,17.5222,73.9812,56.4590,56.4590,76.3153,76.3153,0,0,18.60,1.90,drive,19.31,front,LIDAR_ONLY
0,197.4477,cam_3,CAM_ONLY,16.8287,,17.2746,0.4460,,2.5816,,1,,12.21,4.81,warning,3.00,,CAMERA_ONLY
0,197.4477,t3570,LIDAR_ONLY,15.8753,15.8753,73.9812,58.1059,58.1059,78.5415,78.5415,0,0,12.21,4.81,drive,20.83,front,LIDAR_ONLY
0,197.4477,t3570,LIDAR_ONLY,15.9004,15.9004,73.9812,58.0808,58.0808,78.5075,78.5075,0,0,12.21,4.81,drive,19.20,front,LIDAR_ONLY
0,197.5161,cam_3,CAM_ONLY,16.9856,,17.2746,0.2891,,1.6733,,1,,10.67,9.26,warning,3.00,,CAMERA_ONLY
0,197.5800,cam_3,CAM_ONLY,17.0073,,17.2746,0.2673,,1.5474,,1,,10.83,1.99,warning,3.00,,CAMERA_ONLY
0,197.5800,t3574,LIDAR_ONLY,28.0477,28.0477,,,,,,,,10.83,1.99,drive,-29.67,front,LIDAR_ONLY
0,197.6626,cam_3,CAM_ONLY,16.8489,,17.2746,0.4258,,2.4646,,1,,19.28,14.90,warning,3.00,,CAMERA_ONLY
0,197.7263,cam_3,CAM_ONLY,16.8229,,17.2746,0.4517,,2.6148,,1,,12.50,3.42,warning,3.00,,CAMERA_ONLY
0,197.7824,cam_3,CAM_ONLY,17.1409,,17.2746,0.1338,,0.7743,,1,,9.41,1.60,warning,3.00,,CAMERA_ONLY
0,197.7824,t3574,LIDAR_ONLY,28.0611,28.0611,,,,,,,,9.41,1.60,drive,-29.49,front,LIDAR_ONLY
0,197.8568,cam_3,CAM_ONLY,17.2357,,17.2746,0.0390,,0.2255,,1,,15.91,10.98,warning,3.00,,CAMERA_ONLY
0,197.9200,cam_3,CAM_ONLY,16.7926,,17.2746,0.4820,,2.7904,,1,,12.73,3.31,warning,3.00,,CAMERA_ONLY
0,197.9776,cam_3,CAM_ONLY,16.8519,,17.2746,0.4227,,2.4472,,1,,9.92,3.06,warning,3.00,,CAMERA_ONLY
0,198.0511,cam_3,CAM_ONLY,16.7839,,17.2746,0.4908,,2.8410,,1,,12.99,8.62,warning,3.00,,CAMERA_ONLY
0,198.0511,t3583,LIDAR_ONLY,15.0746,15.0746,73.9812,58.9066,58.9066,79.6237,79.6237,0,0,12.99,8.62,drive,20.72,front,LIDAR_ONLY
0,198.1299,cam_3,CAM_ONLY,16.7558,,17.2746,0.5188,,3.0034,,1,,14.31,8.15,warning,3.00,,CAMERA_ONLY
0,198.1870,t3585,BOTH,16.9369,17.4558,17.2746,0.3377,0.1811,1.9550,1.0486,1,1,9.27,1.65,warning,3.00,,FULL_ANGLE
0,198.1870,t3583,LIDAR_ONLY,10.5826,10.5826,73.9812,63.3985,63.3985,85.6955,85.6955,0,0,9.27,1.65,cautious,27.70,front,LIDAR_ONLY
0,198.1870,t3583,LIDAR_ONLY,10.6460,10.6460,73.9812,63.3352,63.3352,85.6099,85.6099,0,0,9.27,1.65,cautious,21.36,front,LIDAR_ONLY
0,198.1870,t3583,LIDAR_ONLY,10.7861,10.7861,73.9812,63.1951,63.1951,85.4205,85.4205,0,0,9.27,1.65,cautious,18.36,front,LIDAR_ONLY
0,198.1870,t3583,LIDAR_ONLY,10.9583,10.9583,73.9812,63.0228,63.0228,85.1877,85.1877,0,0,9.27,1.65,cautious,19.88,front,LIDAR_ONLY
0,198.1870,t3583,LIDAR_ONLY,11.0404,11.0404,73.9812,62.9408,62.9408,85.0768,85.0768,0,0,9.27,1.65,cautious,21.95,front,LIDAR_ONLY
0,198.2667,cam_3,CAM_ONLY,16.8021,,17.2746,0.4725,,2.7353,,1,,14.07,11.60,warning,3.00,,CAMERA_ONLY
0,198.3284,cam_3,CAM_ONLY,18.0449,,17.2746,0.7702,,4.4588,,1,,12.19,3.07,warning,3.00,,CAMERA_ONLY
0,198.3284,t3590,LIDAR_ONLY,28.1210,28.1210,,,,,,,,12.19,3.07,drive,-29.52,front,LIDAR_ONLY
0,198.4130,cam_3,CAM_ONLY,18.3215,,17.2746,1.0469,,6.0601,,0,,19.18,11.38,warning,3.00,,CAMERA_ONLY
0,198.4753,cam_3,CAM_ONLY,17.1147,,17.2746,0.1599,,0.9257,,1,,13.15,2.45,warning,3.00,,CAMERA_ONLY
0,198.4753,t3590,LIDAR_ONLY,28.0845,28.0845,,,,,,,,13.15,2.45,drive,-29.71,front,LIDAR_ONLY
0,198.5398,t3595,BOTH,16.7401,17.4646,17.2746,0.5345,0.1900,3.0943,1.0997,1,1,11.04,3.05,warning,3.00,,FULL_ANGLE
0,198.5398,t3594,LIDAR_ONLY,14.7305,14.7305,73.9812,59.2507,59.2507,80.0889,80.0889,0,0,11.04,3.05,drive,21.05,front,LIDAR_ONLY
0,198.5398,t3594,LIDAR_ONLY,15.2422,15.2422,73.9812,58.7389,58.7389,79.3971,79.3971,0,0,11.04,3.05,drive,18.60,front,LIDAR_ONLY
0,198.5398,t3594,LIDAR_ONLY,15.5507,15.5507,73.9812,58.4305,58.4305,78.9802,78.9802,0,0,11.04,3.05,drive,20.20,front,LIDAR_ONLY
0,198.5398,t3594,LIDAR_ONLY,15.7776,15.7776,73.9812,58.2036,58.2036,78.6735,78.6735,0,0,11.04,3.05,drive,19.42,front,LIDAR_ONLY
0,198.6172,cam_3,CAM_ONLY,16.8439,,17.2746,0.4308,,2.4936,,1,,9.20,10.02,warning,3.00,,CAMERA_ONLY
0,198.6770,cam_3,CAM_ONLY,16.8518,,17.2746,0.4229,,2.4479,,1,,11.54,2.89,warning,3.00,,CAMERA_ONLY
0,198.7368,t3595,BOTH,16.9057,17.4673,17.2746,0.3689,0.1926,2.1355,1.1150,1,1,9.23,1.06,warning,3.00,,FULL_ANGLE
0,198.7368,t3597,LIDAR_ONLY,28.0993,28.0993,,,,,,,,9.23,1.06,drive,-29.63,front,LIDAR_ONLY
0,198.8017,cam_3,CAM_ONLY,16.7365,,17.2746,0.5381,,3.1152,,1,,9.80,7.69,warning,3.00,,CAMERA_ONLY
0,198.8696,cam_3,CAM_ONLY,16.6484,,17.2746,0.6262,,3.6252,,1,,14.80,5.83,warning,3.00,,CAMERA_ONLY
0,198.9242,cam_3,CAM_ONLY,16.9789,,17.2746,0.2957,,1.7119,,1,,9.92,2.90,warning,3.00,,CAMERA_ONLY
0,198.9862,t3605,BOTH,16.9461,17.4722,17.2746,0.3285,0.1975,1.9016,1.1435,1,1,12.59,1.50,warning,3.00,,FULL_ANGLE
0,198.9862,t3603,LIDAR_ONLY,11.7479,11.7479,73.9812,62.2333,62.2333,84.1204,84.1204,0,0,12.59,1.50,cautious,24.89,front,LIDAR_ONLY
0,198.9862,t3603,LIDAR_ONLY,11.9605,11.9605,73.9812,62.0207,62.0207,83.8331,83.8331,0,0,12.59,1.50,cautious,18.84,front,LIDAR_ONLY
0,198.9862,t3604,LIDAR_ONLY,28.1083,28.1083,,,,,,,,12.59,1.50,drive,-29.55,front,LIDAR_ONLY
0,199.0521,cam_3,CAM_ONLY,16.6437,,17.2746,0.6310,,3.6526,,1,,11.22,9.02,warning,3.00,,CAMERA_ONLY
0,199.1164,cam_3,CAM_ONLY,16.3177,,17.2746,0.9569,,5.5395,,1,,9.45,7.62,warning,3.00,,CAMERA_ONLY
0,199.1689,cam_3,CAM_ONLY,16.3881,,17.2746,0.8866,,5.1321,,1,,9.54,2.26,warning,3.00,,CAMERA_ONLY
0,199.2687,cam_3,CAM_ONLY,16.5851,,17.2746,0.6895,,3.9916,,1,,12.09,9.13,warning,3.00,,CAMERA_ONLY
0,199.3350,t3612,BOTH,16.3024,17.4594,17.2746,0.9722,0.1847,5.6282,1.0694,1,1,18.66,1.05,warning,3.00,,FULL_ANGLE
0,199.3350,t3610,LIDAR_ONLY,28.0045,28.0045,,,,,,,,18.66,1.05,drive,-29.78,front,LIDAR_ONLY
0,199.3932,t3612,BOTH,16.4136,17.4642,17.2746,0.8610,0.1896,4.9843,1.0976,1,1,10.07,3.53,warning,2.95,,FULL_ANGLE
0,199.3932,t3614,LIDAR_ONLY,18.0745,18.0745,73.9812,55.9066,55.9066,75.5687,75.5687,0,0,10.07,3.53,drive,18.43,front,LIDAR_ONLY
0,199.4594,cam_3,CAM_ONLY,16.4401,,17.2746,0.8346,,4.8311,,1,,13.67,8.64,warning,3.00,,CAMERA_ONLY
0,199.5283,cam_3,CAM_ONLY,16.7970,,17.2746,0.4776,,2.7649,,1,,15.84,2.88,warning,2.95,,CAMERA_ONLY
0,199.5958,t3612,BOTH,16.8583,17.4684,17.2746,0.4164,0.1938,2.4103,1.1220,1,1,18.78,6.09,warning,2.95,,FULL_ANGLE
0,199.5958,t3614,LIDAR_ONLY,18.1080,18.1080,73.9812,55.8732,55.8732,75.5236,75.5236,0,0,18.78,6.09,drive,18.29,front,LIDAR_ONLY
0,199.6794,cam_3,CAM_ONLY,16.9475,,17.2746,0.3271,,1.8934,,1,,23.78,4.69,warning,3.00,,CAMERA_ONLY
0,199.7365,t3612,BOTH,16.9410,17.4714,17.2746,0.3336,0.1968,1.9312,1.1393,1,1,9.98,1.29,warning,3.00,,FULL_ANGLE
0,199.7365,t3619,LIDAR_ONLY,28.1379,28.1379,,,,,,,,9.98,1.29,drive,-29.50,front,LIDAR_ONLY
0,199.7365,t3614,LIDAR_ONLY,16.9302,16.9302,73.9812,57.0510,57.0510,77.1155,77.1155,0,0,9.98,1.29,drive,19.77,front,LIDAR_ONLY
0,199.7365,t3614,LIDAR_ONLY,14.6267,14.6267,73.9812,59.3545,59.3545,80.2292,80.2292,0,0,9.98,1.29,drive,23.90,front,LIDAR_ONLY
0,199.8198,cam_3,CAM_ONLY,17.0650,,17.2746,0.2097,,1.2137,,1,,20.08,3.26,warning,3.00,,CAMERA_ONLY
0,199.8919,t3612,BOTH,16.9415,17.4725,17.2746,0.3331,0.1979,1.9283,1.1454,1,1,16.83,3.92,warning,3.00,,FULL_ANGLE
0,199.8919,t3614,LIDAR_ONLY,14.7289,14.7289,73.9812,59.2522,59.2522,80.0910,80.0910,0,0,16.83,3.92,drive,18.82,front,LIDAR_ONLY
0,199.8919,t3614,LIDAR_ONLY,14.7304,14.7304,73.9812,59.2507,59.2507,80.0889,80.0889,0,0,16.83,3.92,drive,19.97,front,LIDAR_ONLY
0,199.8919,t3614,LIDAR_ONLY,14.4108,14.4108,73.9812,59.5704,59.5704,80.5211,80.5211,0,0,16.83,3.92,cautious,20.63,front,LIDAR_ONLY
0,199.8919,t3614,LIDAR_ONLY,13.6204,13.6204,73.9812,60.3608,60.3608,81.5894,81.5894,0,0,16.83,3.92,cautious,20.33,front,LIDAR_ONLY
0,199.9628,cam_3,CAM_ONLY,16.8205,,17.2746,0.4541,,2.6286,,1,,11.08,13.69,warning,3.00,,CAMERA_ONLY
0,200.0559,cam_3,CAM_ONLY,16.8746,,17.2746,0.4001,,2.3159,,1,,22.29,10.74,warning,3.00,,CAMERA_ONLY
0,200.1250,cam_3,CAM_ONLY,16.8567,,17.2746,0.4179,,2.4192,,1,,19.66,4.99,warning,2.95,,CAMERA_ONLY
0,200.1893,t3629,BOTH,16.7144,17.4655,17.2746,0.5602,0.1909,3.2430,1.1050,1,1,12.37,2.66,warning,3.00,,FULL_ANGLE
0,200.1893,t3628,LIDAR_ONLY,15.8379,15.8379,73.9812,58.1433,58.1433,78.5920,78.5920,0,0,12.37,2.66,drive,20.06,front,LIDAR_ONLY
0,200.1893,t3628,LIDAR_ONLY,15.9127,15.9127,73.9812,58.0684,58.0684,78.4908,78.4908,0,0,12.37,2.66,drive,18.45,front,LIDAR_ONLY
0,200.2776,cam_3,CAM_ONLY,16.8723,,17.2746,0.4024,,2.3292,,1,,18.98,13.11,warning,3.00,,CAMERA_ONLY
0,200.3599,cam_3,CAM_ONLY,16.8492,,17.2746,0.4254,,2.4626,,1,,13.58,11.06,warning,3.00,,CAMERA_ONLY
0,200.4215,cam_3,CAM_ONLY,16.7839,,17.2746,0.4907,,2.8408,,1,,12.10,3.27,warning,3.00,,CAMERA_ONLY
0,200.4808,t3639,BOTH,16.8849,17.4155,17.2746,0.3897,0.1409,2.2558,0.8155,1,1,13.36,1.27,warning,3.00,,FULL_ANGLE
0,200.4808,t3637,LIDAR_ONLY,28.2175,28.2175,29.8351,1.6176,1.6176,5.4219,5.4219,0,0,13.36,1.27,drive,-29.40,front,LIDAR_ONLY
0,200.5481,cam_3,CAM_ONLY,16.8628,,17.2746,0.4118,,2.3840,,1,,13.30,7.87,warning,3.00,,CAMERA_ONLY
0,200.6301,cam_3,CAM_ONLY,16.8340,,17.2746,0.4406,,2.5505,,1,,20.62,10.19,warning,3.00,,CAMERA_ONLY
0,200.6965,t3639,BOTH,16.9928,17.4264,17.2746,0.2819,0.1517,1.6316,0.8783,1,1,13.17,3.64,warning,3.00,,FULL_ANGLE
0,200.6965,t3643,LIDAR_ONLY,16.5849,16.5849,73.9812,57.3962,57.3962,77.5822,77.5822,0,0,13.17,3.64,drive,19.46,front,LIDAR_ONLY
0,200.7713,cam_3,CAM_ONLY,16.8402,,17.2746,0.4344,,2.5147,,1,,15.51,2.63,warning,3.00,,CAMERA_ONLY
0,200.8402,t3639,BOTH,16.8414,17.4317,17.2746,0.4332,0.1570,2.5077,0.9091,1,1,11.56,3.95,warning,3.00,,FULL_ANGLE
0,200.8402,t3643,LIDAR_ONLY,16.7006,16.7006,73.9812,57.2806,57.2806,77.4259,77.4259,0,0,11.56,3.95,drive,18.70,front,LIDAR_ONLY
0,200.9219,cam_3,CAM_ONLY,16.7939,,17.2746,0.4807,,2.7829,,1,,22.21,8.97,warning,3.00,,CAMERA_ONLY
0,200.9856,t3639,BOTH,16.7887,17.4387,17.2746,0.4860,0.1640,2.8131,0.9496,1,1,12.13,1.48,warning,3.00,,FULL_ANGLE
0,200.9856,t3647,LIDAR_ONLY,28.1958,28.1958,,,,,,,,12.13,1.48,drive,-29.43,front,LIDAR_ONLY
0,200.9856,t3643,LIDAR_ONLY,13.0190,13.0190,73.9812,60.9622,60.9622,82.4023,82.4023,0,0,12.13,1.48,cautious,24.07,front,LIDAR_ONLY
0,200.9856,t3643,LIDAR_ONLY,13.0933,13.0933,73.9812,60.8879,60.8879,82.3019,82.3019,0,0,12.13,1.48,cautious,18.17,front,LIDAR_ONLY
0,201.0476,cam_3,CAM_ONLY,16.8181,,17.2746,0.4565,,2.6428,,1,,10.00,5.41,warning,3.00,,CAMERA_ONLY
0,201.0476,t3643,LIDAR_ONLY,13.2331,13.2331,73.9812,60.7480,60.7480,82.1128,82.1128,0,0,10.00,5.41,cautious,18.81,front,LIDAR_ONLY
0,201.1241,cam_3,CAM_ONLY,16.7435,,17.2746,0.5311,,3.0747,,1,,15.11,3.32,warning,3.00,,CAMERA_ONLY
0,201.1823,cam_3,CAM_ONLY,17.0756,,17.2746,0.1991,,1.1524,,1,,9.66,1.85,warning,3.00,,CAMERA_ONLY
0,201.1823,t3647,LIDAR_ONLY,28.1698,28.1698,,,,,,,,9.66,1.85,drive,-29.52,front,LIDAR_ONLY
0,201.2530,cam_3,CAM_ONLY,17.9417,,17.2746,0.6671,,3.8617,,1,,12.41,9.28,warning,3.00,,CAMERA_ONLY
0,201.3186,cam_3,CAM_ONLY,17.8241,,17.2746,0.5495,,3.1809,,1,,10.11,6.10,warning,3.00,,CAMERA_ONLY
0,201.3857,t3654,BOTH,17.0606,17.4857,17.2746,0.2140,0.2111,1.2389,1.2218,1,1,12.53,1.39,warning,3.00,,FULL_ANGLE
0,201.3857,t3653,LIDAR_ONLY,12.8418,12.8418,73.9812,61.1394,61.1394,82.6418,82.6418,0,0,12.53,1.39,cautious,23.13,front,LIDAR_ONLY
0,201.3857,t3653,LIDAR_ONLY,13.0227,13.0227,73.9812,60.9584,60.9584,82.3972,82.3972,0,0,12.53,1.39,cautious,18.58,front,LIDAR_ONLY
0,201.3857,t3653,LIDAR_ONLY,13.1876,13.1876,73.9812,60.7936,60.7936,82.1744,82.1744,0,0,12.53,1.39,cautious,19.58,front,LIDAR_ONLY
0,201.4530,cam_3,CAM_ONLY,16.9067,,17.2746,0.3679,,2.1296,,1,,10.35,10.35,warning,3.00,,CAMERA_ONLY
0,201.5183,cam_3,CAM_ONLY,16.8777,,17.2746,0.3969,,2.2978,,1,,10.51,8.38,warning,3.00,,CAMERA_ONLY
0,201.5901,t3654,BOTH,16.9857,17.4941,17.2746,0.2889,0.2194,1.6723,1.2703,1,1,11.69,2.41,warning,3.00,,FULL_ANGLE
0,201.5901,t3653,LIDAR_ONLY,13.4694,13.4694,73.9812,60.5118,60.5118,81.7935,81.7935,0,0,11.69,2.41,cautious,19.65,front,LIDAR_ONLY
0,201.6605,cam_3,CAM_ONLY,16.9439,,17.2746,0.3307,,1.9146,,1,,12.20,8.64,warning,3.00,,CAMERA_ONLY
0,201.7322,t3654,BOTH,16.9359,17.4947,17.2746,0.3387,0.2201,1.9608,1.2741,1,1,17.30,1.34,warning,3.00,,FULL_ANGLE
0,201.7991,cam_3,CAM_ONLY,16.7995,,17.2746,0.4751,,2.7504,,1,,12.15,8.47,warning,3.00,,CAMERA_ONLY
0,201.7991,t3653,LIDAR_ONLY,13.8149,13.8149,73.9812,60.1662,60.1662,81.3264,81.3264,0,0,12.15,8.47,cautious,19.00,front,LIDAR_ONLY
0,201.8680,cam_3,CAM_ONLY,16.8435,,17.2746,0.4312,,2.4959,,1,,12.35,6.15,warning,3.00,,CAMERA_ONLY
0,201.9347,cam_3,CAM_ONLY,16.7606,,17.2746,0.5141,,2.9759,,1,,17.18,2.84,warning,3.00,,CAMERA_ONLY
0,201.9347,t3662,LIDAR_ONLY,28.0248,28.0248,45.5126,17.4878,17.4878,38.4241,38.4241,0,0,17.18,2.84,drive,-29.76,front,LIDAR_ONLY
0,202.0098,cam_3,CAM_ONLY,16.7613,,17.2746,0.5133,,2.9713,,1,,10.20,9.48,warning,3.00,,CAMERA_ONLY
0,202.0733,cam_3,CAM_ONLY,16.8527,,17.2746,0.4220,,2.4427,,1,,10.02,2.88,warning,3.00,,CAMERA_ONLY
0,202.1707,cam_3,CAM_ONLY,16.6807,,17.2746,0.5939,,3.4381,,1,,18.44,3.15,warning,3.00,,CAMERA_ONLY
0,202.2284,cam_3,CAM_ONLY,17.0971,,17.2746,0.1775,,1.0276,,1,,9.46,2.96,warning,3.00,,CAMERA_ONLY
0,202.2928,t3671,BOTH,17.9795,17.4714,17.2746,0.7049,0.1967,4.0803,1.1388,1,1,12.41,3.95,warning,3.00,,FULL_ANGLE
0,202.2928,t3670,LIDAR_ONLY,18.0406,18.0406,73.9812,55.9406,55.9406,75.6147,75.6147,0,0,12.41,3.95,drive,18.45,front,LIDAR_ONLY
0,202.2928,t3670,LIDAR_ONLY,16.3000,16.3000,73.9812,57.6812,57.6812,77.9674,77.9674,0,0,12.41,3.95,drive,20.11,front,LIDAR_ONLY
0,202.3727,cam_3,CAM_ONLY,17.0814,,17.2746,0.1933,,1.1187,,1,,14.86,3.55,warning,3.00,,CAMERA_ONLY
0,202.4349,t3671,BOTH,16.8958,17.4749,17.2746,0.3788,0.2003,2.1929,1.1595,1,1,11.85,1.38,warning,3.00,,FULL_ANGLE
0,202.4349,t3672,LIDAR_ONLY,28.1060,28.1060,33.9384,5.8324,5.8324,17.1853,17.1853,0,0,11.85,1.38,drive,-29.61,front,LIDAR_ONLY
0,202.4349,t3670,LIDAR_ONLY,14.1978,14.1978,73.9812,59.7834,59.7834,80.8090,80.8090,0,0,11.85,1.38,cautious,23.21,front,LIDAR_ONLY
0,202.4349,t3670,LIDAR_ONLY,14.3966,14.3966,73.9812,59.5846,59.5846,80.5402,80.5402,0,0,11.85,1.38,cautious,19.32,front,LIDAR_ONLY
0,202.5098,cam_3,CAM_ONLY,16.7318,,17.2746,0.5428,,3.1421,,1,,11.97,9.97,warning,3.00,,CAMERA_ONLY
0,202.5736,cam_3,CAM_ONLY,16.7270,,17.2746,0.5476,,3.1702,,1,,9.48,2.83,warning,3.00,,CAMERA_ONLY
0,202.6526,cam_3,CAM_ONLY,16.8614,,17.2746,0.4132,,2.3920,,1,,19.30,9.90,warning,3.00,,CAMERA_ONLY
0,202.6526,t3670,LIDAR_ONLY,14.6170,14.6170,73.9812,59.3641,59.3641,80.2422,80.2422,0,0,19.30,9.90,cautious,18.51,front,LIDAR_ONLY
0,202.6526,t3670,LIDAR_ONLY,14.7291,14.7291,73.9812,59.2520,59.2520,80.0907,80.0907,0,0,19.30,9.90,cautious,19.87,front,LIDAR_ONLY
0,202.7190,cam_3,CAM_ONLY,16.8025,,17.2746,0.4721,,2.7330,,1,,14.40,4.70,warning,3.00,,CAMERA_ONLY
0,202.8031,cam_3,CAM_ONLY,16.7296,,17.2746,0.5451,,3.1553,,1,,15.25,9.68,warning,3.00,,CAMERA_ONLY
0,202.8031,t3670,LIDAR_ONLY,14.7370,14.7370,73.9812,59.2442,59.2442,80.0800,80.0800,0,0,15.25,9.68,drive,21.14,front,LIDAR_ONLY
0,202.8031,t3670,LIDAR_ONLY,15.2684,15.2684,73.9812,58.7128,58.7128,79.3618,79.3618,0,0,15.25,9.68,drive,18.88,front,LIDAR_ONLY
0,202.8031,t3670,LIDAR_ONLY,15.5874,15.5874,73.9812,58.3937,58.3937,78.9305,78.9305,0,0,15.25,9.68,drive,19.83,front,LIDAR_ONLY
0,202.8625,cam_3,CAM_ONLY,16.7742,,17.2746,0.5005,,2.8972,,1,,9.59,8.37,warning,3.00,,CAMERA_ONLY
0,202.9691,cam_3,CAM_ONLY,16.7926,,17.2746,0.4820,,2.7903,,1,,22.90,18.22,warning,3.00,,CAMERA_ONLY
0,202.9691,t3670,LIDAR_ONLY,15.7597,15.7597,73.9812,58.2214,58.2214,78.6976,78.6976,0,0,22.90,18.22,drive,19.24,front,LIDAR_ONLY
0,203.0421,t3679,BOTH,16.8203,17.4742,17.2746,0.4543,0.1995,2.6300,1.1551,1,1,13.30,3.37,warning,3.00,,FULL_ANGLE
0,203.0421,t3670,LIDAR_ONLY,11.0553,11.0553,,,,,,,,13.30,3.37,cautious,28.24,front,LIDAR_ONLY
0,203.1380,t3679,BOTH,16.7610,17.4753,17.2746,0.5137,0.2007,2.9735,1.1618,1,1,12.74,2.30,warning,3.00,,FULL_ANGLE
0,203.1380,t3680,LIDAR_ONLY,28.1075,28.1075,,,,,,,,12.74,2.30,drive,-29.61,front,LIDAR_ONLY
0,203.1380,t3670,LIDAR_ONLY,10.4431,10.4431,73.9812,63.5381,63.5381,85.8841,85.8841,0,0,12.74,2.30,cautious,29.46,front,LIDAR_ONLY
0,203.1380,t3670,LIDAR_ONLY,10.4525,10.4525,73.9812,63.5287,63.5287,85.8714,85.8714,0,0,12.74,2.30,cautious,20.44,front,LIDAR_ONLY
0,203.1380,t3670,LIDAR_ONLY,10.4715,10.4715,73.9812,63.5096,63.5096,85.8457,85.8457,0,0,12.74,2.30,cautious,18.23,front,LIDAR_ONLY
0,203.1380,t3670,LIDAR_ONLY,10.4364,10.4364,73.9812,63.5448,63.5448,85.8931,85.8931,0,0,12.74,2.30,cautious,18.97,front,LIDAR_ONLY
0,203.2017,t3679,BOTH,16.7521,17.4785,17.2746,0.5225,0.2039,3.0246,1.1801,1,1,12.77,8.12,warning,3.00,,FULL_ANGLE
0,203.2666,cam_3,CAM_ONLY,16.7910,,17.2746,0.4836,,2.7995,,1,,11.32,6.89,warning,3.00,,CAMERA_ONLY
0,203.3357,t3679,BOTH,16.9363,17.5181,17.2746,0.3384,0.2435,1.9587,1.4095,1,1,11.77,1.48,warning,3.00,,FULL_ANGLE
0,203.3357,t3680,LIDAR_ONLY,28.1133,28.1133,44.4240,16.3107,16.3107,36.7160,36.7160,0,0,11.77,1.48,drive,-29.48,front,LIDAR_ONLY
0,203.3357,t3670,LIDAR_ONLY,10.6136,10.6136,73.9812,63.3676,63.3676,85.6536,85.6536,0,0,11.77,1.48,cautious,23.50,front,LIDAR_ONLY
0,203.3357,t3670,LIDAR_ONLY,11.5888,11.5888,73.9812,62.3924,62.3924,84.3355,84.3355,0,0,11.77,1.48,cautious,19.62,front,LIDAR_ONLY
0,203.3357,t3670,LIDAR_ONLY,12.2774,12.2774,73.9812,61.7038,61.7038,83.4048,83.4048,0,0,11.77,1.48,cautious,18.39,front,LIDAR_ONLY
0,203.3357,t3670,LIDAR_ONLY,12.6960,12.6960,73.9812,61.2852,61.2852,82.8389,82.8389,0,0,11.77,1.48,cautious,20.38,front,LIDAR_ONLY
0,203.3357,t3679,LIDAR_ONLY,17.5056,17.5056,17.2746,0.2310,0.2310,1.3370,1.3370,1,1,11.77,1.48,drive,2.28,front,LIDAR_ONLY
0,203.3976,cam_3,CAM_ONLY,16.7559,,17.2746,0.5187,,3.0027,,1,,9.64,5.64,warning,3.00,,CAMERA_ONLY
0,203.3976,t3670,LIDAR_ONLY,13.1164,13.1164,73.9812,60.8648,60.8648,82.2706,82.2706,0,0,9.64,5.64,cautious,19.31,front,LIDAR_ONLY
0,203.4730,cam_3,CAM_ONLY,16.9295,,17.2746,0.3451,,1.9980,,1,,18.54,8.02,warning,3.00,,CAMERA_ONLY
0,203.5500,cam_3,CAM_ONLY,16.7956,,17.2746,0.4791,,2.7732,,1,,13.99,8.58,warning,3.00,,CAMERA_ONLY
0,203.6354,t3684,BOTH,16.9951,17.4978,17.2746,0.2795,0.2231,1.6179,1.2917,1,1,17.02,1.79,warning,3.00,,FULL_ANGLE
0,203.6354,t3670,LIDAR_ONLY,11.9446,11.9446,73.9812,62.0366,62.0366,83.8546,83.8546,0,0,17.02,1.79,cautious,27.24,front,LIDAR_ONLY
0,203.6354,t3670,LIDAR_ONLY,12.0216,12.0216,73.9812,61.9596,61.9596,83.7505,83.7505,0,0,17.02,1.79,cautious,20.00,front,LIDAR_ONLY
0,203.7071,cam_3,CAM_ONLY,16.7965,,17.2746,0.4781,,2.7676,,1,,13.22,11.25,warning,3.00,,CAMERA_ONLY
0,203.7768,cam_3,CAM_ONLY,16.7575,,17.2746,0.5171,,2.9936,,1,,12.87,3.86,warning,3.00,,CAMERA_ONLY
0,203.8337,cam_3,CAM_ONLY,16.7588,,17.2746,0.5158,,2.9862,,1,,9.78,1.89,warning,3.00,,CAMERA_ONLY
0,203.8337,t3689,LIDAR_ONLY,28.0893,28.0893,32.5254,4.4362,4.4362,13.6391,13.6391,0,0,9.78,1.89,drive,-29.69,front,LIDAR_ONLY
0,203.9037,cam_3,CAM_ONLY,16.8344,,17.2746,0.4402,,2.5485,,1,,14.80,10.24,warning,3.00,,CAMERA_ONLY
0,203.9711,cam_3,CAM_ONLY,16.6980,,17.2746,0.5766,,3.3380,,1,,15.13,3.20,warning,3.00,,CAMERA_ONLY
0,204.0281,cam_3,CAM_ONLY,16.8298,,17.2746,0.4448,,2.5752,,1,,9.29,3.12,warning,3.00,,CAMERA_ONLY
0,204.1085,cam_3,CAM_ONLY,16.8523,,17.2746,0.4223,,2.4447,,1,,18.56,8.94,warning,3.00,,CAMERA_ONLY
0,204.1785,cam_3,CAM_ONLY,16.7445,,17.2746,0.5302,,3.0691,,1,,11.39,2.04,warning,3.00,,CAMERA_ONLY
0,204.1785,t3694,LIDAR_ONLY,28.1035,28.1035,,,,,,,,11.39,2.04,drive,-29.71,front,LIDAR_ONLY
0,204.2470,t3699,BOTH,16.7029,17.4098,17.2746,0.5718,0.1351,3.3099,0.7822,1,1,12.55,6.26,warning,3.00,,FULL_ANGLE
0,204.2470,t3698,LIDAR_ONLY,18.5216,18.5216,73.9812,55.4596,55.4596,74.9644,74.9644,0,0,12.55,6.26,drive,18.15,front,LIDAR_ONLY
0,204.3199,cam_3,CAM_ONLY,16.7094,,17.2746,0.5653,,3.2722,,1,,13.15,6.41,warning,3.00,,CAMERA_ONLY
0,204.4157,cam_3,CAM_ONLY,16.8032,,17.2746,0.4714,,2.7291,,1,,16.36,14.17,warning,3.00,,CAMERA_ONLY
0,204.4773,cam_3,CAM_ONLY,16.8712,,17.2746,0.4034,,2.3352,,1,,11.77,3.75,warning,3.00,,CAMERA_ONLY
0,204.5644,cam_3,CAM_ONLY,16.8037,,17.2746,0.4709,,2.7261,,1,,12.98,8.41,warning,3.00,,CAMERA_ONLY
0,204.6341,t3707,BOTH,16.9414,17.4929,17.2746,0.3332,0.2183,1.9287,1.2634,1,1,18.17,1.43,warning,3.00,,FULL_ANGLE
0,204.6341,t3704,LIDAR_ONLY,28.0662,28.0662,50.5898,22.5236,22.5236,44.5220,44.5220,0,0,18.17,1.43,drive,-29.63,front,LIDAR_ONLY
0,204.6341,t3705,LIDAR_ONLY,16.8918,16.8918,73.9812,57.0894,57.0894,77.1674,77.1674,0,0,18.17,1.43,drive,19.24,front,LIDAR_ONLY
0,204.6933,t3707,BOTH,16.7894,17.4839,17.2746,0.4853,0.2093,2.8092,1.2117,1,1,9.46,3.77,warning,3.00,,FULL_ANGLE
0,204.6933,t3705,LIDAR_ONLY,16.9766,16.9766,73.9812,57.0046,57.0046,77.0528,77.0528,0,0,9.46,3.77,drive,18.34,front,LIDAR_ONLY
0,204.7554,cam_3,CAM_ONLY,16.8450,,17.2746,0.4296,,2.4868,,1,,9.45,8.56,warning,3.00,,CAMERA_ONLY
0,204.8220,cam_3,CAM_ONLY,16.7338,,17.2746,0.5409,,3.1309,,1,,17.83,3.97,warning,3.00,,CAMERA_ONLY
0,204.8945,t3707,BOTH,16.8722,17.4708,17.2746,0.4024,0.1962,2.3294,1.1357,1,1,15.37,3.27,warning,3.00,,FULL_ANGLE
0,204.8945,t3705,LIDAR_ONLY,11.0636,11.0636,73.9812,62.9175,62.9175,85.0453,85.0453,0,0,15.37,3.27,cautious,28.23,front,LIDAR_ONLY
0,204.8945,t3705,LIDAR_ONLY,11.1377,11.1377,73.9812,62.8435,62.8435,84.9452,84.9452,0,0,15.37,3.27,cautious,18.41,front,LIDAR_ONLY
0,204.8945,t3705,LIDAR_ONLY,11.2673,11.2673,73.9812,62.7139,62.7139,84.7700,84.7700,0,0,15.37,3.27,cautious,19.76,front,LIDAR_ONLY
0,204.9619,cam_3,CAM_ONLY,16.8863,,17.2746,0.3883,,2.2479,,1,,10.54,7.28,warning,3.00,,CAMERA_ONLY
0,205.0347,t3707,BOTH,16.7648,17.4712,17.2746,0.5098,0.1966,2.9514,1.1379,1,1,16.65,1.32,warning,3.00,,FULL_ANGLE
0,205.0347,t3714,LIDAR_ONLY,28.1122,28.1122,42.1277,14.0155,14.0155,33.2691,33.2691,0,0,16.65,1.32,drive,-29.48,front,LIDAR_ONLY
0,205.0347,t3705,LIDAR_ONLY,11.1968,11.1968,73.9812,62.7844,62.7844,84.8654,84.8654,0,0,16.65,1.32,cautious,19.00,front,LIDAR_ONLY
0,205.1064,cam_3,CAM_ONLY,16.8175,,17.2746,0.4572,,2.6464,,1,,16.02,10.42,warning,3.00,,CAMERA_ONLY
0,205.1706,cam_3,CAM_ONLY,16.8035,,17.2746,0.4711,,2.7272,,1,,14.06,3.07,warning,3.00,,CAMERA_ONLY
0,205.2360,cam_3,CAM_ONLY,16.8406,,17.2746,0.4340,,2.5125,,1,,14.57,2.96,warning,3.00,,CAMERA_ONLY
0,205.2360,t3714,LIDAR_ONLY,28.1124,28.1124,37.6339,9.5215,9.5215,25.3003,25.3003,0,0,14.57,2.96,drive,-29.52,front,LIDAR_ONLY
0,205.3033,cam_3,CAM_ONLY,16.9514,,17.2746,0.3233,,1.8714,,1,,17.39,8.58,warning,3.00,,CAMERA_ONLY
0,205.3686,cam_3,CAM_ONLY,16.8058,,17.2746,0.4688,,2.7140,,1,,13.92,4.67,warning,3.00,,CAMERA_ONLY
0,205.4317,cam_3,CAM_ONLY,16.9432,,17.2746,0.3315,,1.9187,,1,,12.38,2.00,warning,3.00,,CAMERA_ONLY
0,205.4317,t3714,LIDAR_ONLY,28.1193,28.1193,33.4548,5.3355,5.3355,15.9484,15.9484,0,0,12.38,2.00,drive,-29.37,front,LIDAR_ONLY
0,205.4898,t3723,BOTH,16.7654,17.4533,17.2746,0.5093,0.1787,2.9481,1.0343,1,1,10.23,1.82,warning,3.00,,FULL_ANGLE
0,205.4898,t3722,LIDAR_ONLY,10.0556,10.0556,73.9812,63.9256,63.9256,86.4079,86.4079,0,0,10.23,1.82,cautious,28.71,front,LIDAR_ONLY
0,205.4898,t3722,LIDAR_ONLY,10.1488,10.1488,73.9812,63.8324,63.8324,86.2819,86.2819,0,0,10.23,1.82,cautious,20.04,front,LIDAR_ONLY
0,205.4898,t3722,LIDAR_ONLY,10.2594,10.2594,73.9812,63.7218,63.7218,86.1324,86.1324,0,0,10.23,1.82,cautious,18.74,front,LIDAR_ONLY
0,205.5663,cam_3,CAM_ONLY,16.8691,,17.2746,0.4055,,2.3473,,1,,13.87,12.51,warning,3.00,,CAMERA_ONLY
0,205.6399,t3723,BOTH,16.8643,17.4436,17.2746,0.4104,0.1690,2.3756,0.9784,1,1,16.76,3.15,warning,3.00,,FULL_ANGLE
0,205.6399,t3714,LIDAR_ONLY,28.1200,28.1200,,,,,,,,16.76,3.15,drive,-29.65,front,LIDAR_ONLY
0,205.6399,t3722,LIDAR_ONLY,10.4529,10.4529,73.9812,63.5283,63.5283,85.8708,85.8708,0,0,16.76,3.15,cautious,24.00,front,LIDAR_ONLY
0,205.6399,t3722,LIDAR_ONLY,10.6402,10.6402,73.9812,63.3410,63.3410,85.6177,85.6177,0,0,16.76,3.15,cautious,18.35,front,LIDAR_ONLY
0,205.6399,t3722,LIDAR_ONLY,11.5693,11.5693,73.9812,62.4119,62.4119,84.3619,84.3619,0,0,16.76,3.15,cautious,19.87,front,LIDAR_ONLY
0,205.6399,t3722,LIDAR_ONLY,12.1380,12.1380,73.9812,61.8432,61.8432,83.5932,83.5932,0,0,16.76,3.15,cautious,20.81,front,LIDAR_ONLY
0,205.7128,cam_3,CAM_ONLY,16.8512,,17.2746,0.4234,,2.4511,,1,,16.61,8.44,warning,3.00,,CAMERA_ONLY
0,205.7770,cam_3,CAM_ONLY,16.7214,,17.2746,0.5532,,3.2024,,1,,15.24,3.46,warning,3.00,,CAMERA_ONLY
0,205.8597,cam_3,CAM_ONLY,16.7379,,17.2746,0.5368,,3.1073,,1,,13.20,13.27,warning,3.00,,CAMERA_ONLY
0,205.9222,cam_3,CAM_ONLY,16.8288,,17.2746,0.4458,,2.5809,,1,,13.44,3.29,warning,3.00,,CAMERA_ONLY
0,206.0069,cam_3,CAM_ONLY,16.8140,,17.2746,0.4606,,2.6663,,1,,21.34,16.01,warning,3.00,,CAMERA_ONLY
0,206.0730,cam_3,CAM_ONLY,16.7551,,17.2746,0.5195,,3.0075,,1,,10.89,2.85,warning,3.00,,CAMERA_ONLY
0,206.1473,t3733,BOTH,16.8582,17.4437,17.2746,0.4164,0.1690,2.4106,0.9785,1,1,16.74,6.53,warning,3.00,,FULL_ANGLE
0,206.1473,t3732,LIDAR_ONLY,18.1642,18.1642,73.9812,55.8170,55.8170,75.4476,75.4476,0,0,16.74,6.53,drive,18.37,front,LIDAR_ONLY
0,206.1473,t3732,LIDAR_ONLY,16.0230,16.0230,73.9812,57.9581,57.9581,78.3417,78.3417,0,0,16.74,6.53,drive,20.40,front,LIDAR_ONLY
0,206.2148,cam_3,CAM_ONLY,16.7292,,17.2746,0.5455,,3.1577,,1,,13.39,6.14,warning,3.00,,CAMERA_ONLY
0,206.2777,cam_3,CAM_ONLY,16.7960,,17.2746,0.4786,,2.7708,,1,,17.32,2.91,warning,3.00,,CAMERA_ONLY
0,206.2777,t3734,LIDAR_ONLY,28.1194,28.1194,,,,,,,,17.32,2.91,drive,-29.43,front,LIDAR_ONLY
0,206.3371,t3733,BOTH,16.8399,17.4483,17.2746,0.4348,0.1737,2.5168,1.0053,1,1,15.64,1.60,warning,3.00,,FULL_ANGLE
0,206.3371,t3732,LIDAR_ONLY,11.5064,11.5064,73.9812,62.4748,62.4748,84.4469,84.4469,0,0,15.64,1.60,cautious,27.15,front,LIDAR_ONLY
0,206.3371,t3732,LIDAR_ONLY,11.6281,11.6281,73.9812,62.3531,62.3531,84.2823,84.2823,0,0,15.64,1.60,cautious,20.12,front,LIDAR_ONLY
0,206.3371,t3732,LIDAR_ONLY,11.7974,11.7974,73.9812,62.1837,62.1837,84.0535,84.0535,0,0,15.64,1.60,cautious,18.32,front,LIDAR_ONLY
0,206.4170,cam_3,CAM_ONLY,16.8378,,17.2746,0.4369,,2.5290,,1,,13.17,10.94,warning,3.00,,CAMERA_ONLY
0,206.4819,cam_3,CAM_ONLY,16.8042,,17.2746,0.4705,,2.7235,,1,,13.52,1.71,warning,3.00,,CAMERA_ONLY
0,206.4819,t3734,LIDAR_ONLY,28.1271,28.1271,,,,,,,,13.52,1.71,drive,-29.45,front,LIDAR_ONLY
0,206.5611,cam_3,CAM_ONLY,16.7425,,17.2746,0.5321,,3.0803,,1,,14.88,10.23,warning,3.00,,CAMERA_ONLY
0,206.6401,cam_3,CAM_ONLY,16.7683,,17.2746,0.5064,,2.9312,,1,,21.08,3.93,warning,3.00,,CAMERA_ONLY
0,206.6401,t3734,LIDAR_ONLY,28.1256,28.1256,,,,,,,,21.08,3.93,drive,-29.58,front,LIDAR_ONLY
0,206.7188,cam_3,CAM_ONLY,16.8550,,17.2746,0.4196,,2.4290,,1,,18.09,5.36,warning,3.00,,CAMERA_ONLY
0,206.7860,t3745,BOTH,16.7921,17.4816,17.2746,0.4825,0.2070,2.7933,1.1982,1,1,16.84,1.57,warning,3.00,,FULL_ANGLE
0,206.7860,t3734,LIDAR_ONLY,28.1326,28.1326,,,,,,,,16.84,1.57,drive,-29.37,front,LIDAR_ONLY
0,206.7860,t3744,LIDAR_ONLY,12.5918,12.5918,73.9812,61.3894,61.3894,82.9797,82.9797,0,0,16.84,1.57,cautious,23.46,front,LIDAR_ONLY
0,206.7860,t3744,LIDAR_ONLY,12.7574,12.7574,73.9812,61.2238,61.2238,82.7559,82.7559,0,0,16.84,1.57,cautious,19.34,front,LIDAR_ONLY
0,206.7860,t3744,LIDAR_ONLY,12.9669,12.9669,73.9812,61.0143,61.0143,82.4727,82.4727,0,0,16.84,1.57,cautious,18.22,front,LIDAR_ONLY
0,206.7860,t3744,LIDAR_ONLY,13.1176,13.1176,73.9812,60.8636,60.8636,82.2691,82.2691,0,0,16.84,1.57,cautious,20.14,front,LIDAR_ONLY
0,206.8684,cam_3,CAM_ONLY,16.7698,,17.2746,0.5049,,2.9225,,1,,13.38,15.05,warning,3.00,,CAMERA_ONLY
0,206.9427,t3745,BOTH,16.8537,17.4763,17.2746,0.4209,0.2017,2.4367,1.1674,1,1,16.61,3.26,warning,3.00,,FULL_ANGLE
0,207.0165,cam_3,CAM_ONLY,16.7715,,17.2746,0.5032,,2.9128,,1,,12.43,8.32,warning,3.00,,CAMERA_ONLY
0,207.0843,cam_3,CAM_ONLY,16.7697,,17.2746,0.5049,,2.9229,,1,,15.49,1.84,warning,3.00,,CAMERA_ONLY
0,207.0843,t3748,LIDAR_ONLY,28.1867,28.1867,,,,,,,,15.49,1.84,drive,-29.44,front,LIDAR_ONLY
0,207.0843,t3749,LIDAR_ONLY,14.7863,14.7863,73.9812,59.1949,59.1949,80.0134,80.0134,0,0,15.49,1.84,drive,20.99,front,LIDAR_ONLY
0,207.0843,t3749,LIDAR_ONLY,14.5087,14.5087,73.9812,59.4724,59.4724,80.3886,80.3886,0,0,15.49,1.84,cautious,22.13,front,LIDAR_ONLY
0,207.0843,t3749,LIDAR_ONLY,13.6270,13.6270,73.9812,60.3542,60.3542,81.5804,81.5804,0,0,15.49,1.84,cautious,23.57,front,LIDAR_ONLY
0,207.0843,t3749,LIDAR_ONLY,13.8001,13.8001,73.9812,60.1811,60.1811,81.3465,81.3465,0,0,15.49,1.84,cautious,19.63,front,LIDAR_ONLY
0,207.1681,cam_3,CAM_ONLY,16.8423,,17.2746,0.4324,,2.5029,,1,,9.72,5.03,warning,3.00,,CAMERA_ONLY
0,207.2276,cam_3,CAM_ONLY,16.8435,,17.2746,0.4311,,2.4956,,1,,12.80,2.69,warning,3.00,,CAMERA_ONLY
0,207.2919,t3753,BOTH,16.9432,17.4726,17.2746,0.3314,0.1980,1.9186,1.1461,1,1,13.58,3.46,warning,3.00,,FULL_ANGLE
0,207.2919,t3749,LIDAR_ONLY,14.1638,14.1638,73.9812,59.8174,59.8174,80.8549,80.8549,0,0,13.58,3.46,cautious,18.51,front,LIDAR_ONLY
0,207.2919,t3749,LIDAR_ONLY,14.4917,14.4917,73.9812,59.4894,59.4894,80.4116,80.4116,0,0,13.58,3.46,cautious,19.72,front,LIDAR_ONLY
0,207.3643,cam_3,CAM_ONLY,16.8018,,17.2746,0.4728,,2.7371,,1,,13.21,8.88,warning,3.00,,CAMERA_ONLY
0,207.4302,cam_3,CAM_ONLY,16.7896,,17.2746,0.4851,,2.8079,,1,,17.33,2.89,warning,3.00,,CAMERA_ONLY
0,207.4841,t3753,BOTH,16.7474,17.4761,17.2746,0.5272,0.2015,3.0519,1.1665,1,1,9.94,1.38,warning,3.00,,FULL_ANGLE
0,207.4841,t3756,LIDAR_ONLY,28.0668,28.0668,,,,,,,,9.94,1.38,drive,-29.78,front,LIDAR_ONLY
0,207.5591,cam_3,CAM_ONLY,16.8675,,17.2746,0.4072,,2.3570,,1,,11.93,11.74,warning,3.00,,CAMERA_ONLY
0,207.6263,cam_3,CAM_ONLY,16.8656,,17.2746,0.4090,,2.3679,,1,,14.00,2.72,warning,3.00,,CAMERA_ONLY
0,207.6892,t3753,BOTH,16.9015,17.4751,17.2746,0.3731,0.2005,2.1599,1.1604,1,1,13.05,2.43,warning,3.00,,FULL_ANGLE
0,207.6892,t3760,LIDAR_ONLY,15.3036,15.3036,73.9812,58.6775,58.6775,79.3141,79.3141,0,0,13.05,2.43,drive,20.52,front,LIDAR_ONLY
0,207.7476,cam_3,CAM_ONLY,16.7735,,17.2746,0.5011,,2.9011,,1,,9.36,5.90,warning,3.00,,CAMERA_ONLY
0,207.8158,cam_3,CAM_ONLY,16.7830,,17.2746,0.4916,,2.8460,,1,,14.60,3.15,warning,3.00,,CAMERA_ONLY
0,207.9033,t3753,BOTH,16.8094,17.4676,17.2746,0.4652,0.1930,2.6930,1.1173,1,1,16.22,9.91,warning,3.00,,FULL_ANGLE
0,207.9033,t3760,LIDAR_ONLY,15.5004,15.5004,73.9812,58.4808,58.4808,79.0482,79.0482,0,0,16.22,9.91,drive,18.91,front,LIDAR_ONLY
0,207.9679,cam_3,CAM_ONLY,16.7629,,17.2746,0.5117,,2.9622,,1,,10.62,5.89,warning,3.00,,CAMERA_ONLY
0,208.0222,cam_3,CAM_ONLY,16.8133,,17.2746,0.4614,,2.6708,,1,,9.40,2.11,warning,3.00,,CAMERA_ONLY
0,208.0816,t3753,BOTH,16.8948,17.4695,17.2746,0.3798,0.1949,2.1986,1.1280,1,1,11.66,1.31,warning,3.00,,FULL_ANGLE
0,208.0816,t3765,LIDAR_ONLY,28.0761,28.0761,,,,,,,,11.66,1.31,drive,-29.71,front,LIDAR_ONLY
0,208.1672,cam_3,CAM_ONLY,16.8555,,17.2746,0.4191,,2.4263,,1,,17.58,14.81,warning,3.00,,CAMERA_ONLY
0,208.2298,cam_3,CAM_ONLY,16.7633,,17.2746,0.5113,,2.9601,,1,,9.75,1.59,warning,3.00,,CAMERA_ONLY
0,208.2298,t3765,LIDAR_ONLY,28.0868,28.0868,,,,,,,,9.75,1.59,drive,-29.51,front,LIDAR_ONLY
0,208.3025,t3753,BOTH,16.9128,17.4726,17.2746,0.3618,0.1979,2.0944,1.1457,1,1,14.95,4.59,warning,3.00,,FULL_ANGLE
0,208.3025,t3771,LIDAR_ONLY,18.6713,18.6713,73.9812,55.3099,55.3099,74.7622,74.7622,0,0,14.95,4.59,drive,18.06,front,LIDAR_ONLY
0,208.3678,cam_3,CAM_ONLY,16.7554,,17.2746,0.5192,,3.0056,,1,,9.93,5.20,warning,3.00,,CAMERA_ONLY
0,208.4343,t3753,BOTH,16.7090,17.4744,17.2746,0.5656,0.1998,3.2744,1.1565,1,1,13.12,1.67,warning,3.00,,FULL_ANGLE
0,208.4960,cam_3,CAM_ONLY,16.7997,,17.2746,0.4749,,2.7490,,1,,9.29,5.41,warning,3.00,,CAMERA_ONLY
0,208.4960,t3771,LIDAR_ONLY,17.1558,17.1558,73.9812,56.8254,56.8254,76.8106,76.8106,0,0,9.29,5.41,drive,19.29,front,LIDAR_ONLY
0,208.5743,cam_3,CAM_ONLY,16.7724,,17.2746,0.5023,,2.9075,,1,,18.09,12.97,warning,3.00,,CAMERA_ONLY
0,208.6377,t3753,BOTH,16.8671,17.4768,17.2746,0.4075,0.2021,2.3590,1.1701,1,1,15.49,2.24,warning,3.00,,FULL_ANGLE
0,208.6377,t3771,LIDAR_ONLY,17.1649,17.1649,73.9812,56.8163,56.8163,76.7983,76.7983,0,0,15.49,2.24,drive,18.99,front,LIDAR_ONLY
0,208.7189,cam_3,CAM_ONLY,16.7518,,17.2746,0.5228,,3.0266,,1,,15.25,7.62,warning,3.00,,CAMERA_ONLY
0,208.7822,cam_3,CAM_ONLY,16.8070,,17.2746,0.4676,,2.7071,,1,,13.08,1.78,warning,3.00,,CAMERA_ONLY
0,208.7822,t3774,LIDAR_ONLY,28.1104,28.1104,,,,,,,,13.08,1.78,drive,-29.59,front,LIDAR_ONLY
0,208.8576,cam_3,CAM_ONLY,16.7642,,17.2746,0.5104,,2.9548,,1,,13.59,9.38,warning,3.00,,CAMERA_ONLY
0,208.9382,t3780,BOTH,16.8313,17.4752,17.2746,0.4433,0.2005,2.5662,1.1609,1,1,19.05,4.67,warning,3.00,,FULL_ANGLE
0,208.9382,t3779,LIDAR_ONLY,16.6450,16.6450,73.9812,57.3362,57.3362,77.5011,77.5011,0,0,19.05,4.67,drive,19.42,front,LIDAR_ONLY
0,208.9382,t3779,LIDAR_ONLY,16.7984,16.7984,73.9812,57.1828,57.1828,77.2937,77.2937,0,0,19.05,4.67,drive,18.23,front,LIDAR_ONLY
0,209.0162,cam_3,CAM_ONLY,16.9390,,17.2746,0.3356,,1.9427,,1,,19.66,8.47,warning,3.00,,CAMERA_ONLY
0,209.0805,t3780,BOTH,16.9310,17.4915,17.2746,0.3436,0.2169,1.9892,1.2554,1,1,13.30,2.04,warning,3.00,,FULL_ANGLE
0,209.0805,t3782,LIDAR_ONLY,28.1386,28.1386,,,,,,,,13.30,2.04,drive,-29.58,front,LIDAR_ONLY
0,209.1651,cam_3,CAM_ONLY,16.9341,,17.2746,0.3406,,1.9715,,1,,22.12,11.29,warning,3.00,,CAMERA_ONLY
0,209.2321,t3780,BOTH,16.8261,17.4966,17.2746,0.4485,0.2220,2.5965,1.2851,1,1,13.54,1.18,warning,3.00,,FULL_ANGLE
0,209.2321,t3786,LIDAR_ONLY,14.3001,14.3001,73.9812,59.6811,59.6811,80.6707,80.6707,0,0,13.54,1.18,cautious,21.47,front,LIDAR_ONLY
0,209.2979,t3780,BOTH,16.9510,17.4983,17.2746,0.3237,0.2237,1.8737,1.2949,1,1,14.48,2.76,warning,3.00,,FULL_ANGLE
0,209.2979,t3786,LIDAR_ONLY,14.4763,14.4763,73.9812,59.5049,59.5049,80.4325,80.4325,0,0,14.48,2.76,cautious,18.50,front,LIDAR_ONLY
0,209.3626,cam_3,CAM_ONLY,16.8009,,17.2746,0.4737,,2.7422,,1,,10.38,8.27,warning,3.00,,CAMERA_ONLY
0,209.4273,cam_3,CAM_ONLY,16.8034,,17.2746,0.4713,,2.7281,,1,,15.46,2.70,warning,3.00,,CAMERA_ONLY
0,209.4273,t3791,LIDAR_ONLY,28.2343,28.2343,,,,,,,,15.46,2.70,drive,-29.32,front,LIDAR_ONLY
0,209.5119,cam_3,CAM_ONLY,16.8282,,17.2746,0.4465,,2.5844,,1,,16.97,12.35,warning,3.00,,CAMERA_ONLY
0,209.5769,cam_3,CAM_ONLY,16.9411,,17.2746,0.3335,,1.9309,,1,,9.49,3.41,warning,3.00,,CAMERA_ONLY
0,209.6545,cam_3,CAM_ONLY,16.9109,,17.2746,0.3637,,2.1053,,1,,14.49,9.99,warning,3.00,,CAMERA_ONLY
0,209.7198,cam_3,CAM_ONLY,16.7867,,17.2746,0.4879,,2.8245,,1,,11.41,6.02,warning,3.00,,CAMERA_ONLY
0,209.7892,t3798,BOTH,16.7689,17.4538,17.2746,0.5057,0.1792,2.9276,1.0372,1,1,13.58,3.44,warning,3.00,,FULL_ANGLE
0,209.7892,t3797,LIDAR_ONLY,17.7962,17.7962,73.9812,56.1850,56.1850,75.9450,75.9450,0,0,13.58,3.44,drive,18.61,front,LIDAR_ONLY
0,209.8664,cam_3,CAM_ONLY,16.7886,,17.2746,0.4860,,2.8134,,1,,18.51,10.86,warning,3.00,,CAMERA_ONLY
0,209.9328,t3798,BOTH,16.9461,17.4779,17.2746,0.3285,0.2033,1.9019,1.1769,1,1,16.12,1.39,warning,3.00,,FULL_ANGLE
0,209.9328,t3797,LIDAR_ONLY,12.0574,12.0574,73.9812,61.9238,61.9238,83.7021,83.7021,0,0,16.12,1.39,cautious,24.55,front,LIDAR_ONLY
0,209.9328,t3797,LIDAR_ONLY,12.2348,12.2348,73.9812,61.7464,61.7464,83.4623,83.4623,0,0,16.12,1.39,cautious,18.19,front,LIDAR_ONLY
0,209.9328,t3797,LIDAR_ONLY,12.5494,12.5494,73.9812,61.4318,61.4318,83.0370,83.0370,0,0,16.12,1.39,cautious,20.05,front,LIDAR_ONLY
0,209.9328,t3798,LIDAR_ONLY,17.4647,17.4647,17.2746,0.1901,0.1901,1.1005,1.1005,1,1,16.12,1.39,drive,1.11,front,LIDAR_ONLY
0,210.0120,cam_3,CAM_ONLY,16.8193,,17.2746,0.4553,,2.6357,,1,,20.41,13.87,warning,3.00,,CAMERA_ONLY
0,210.0800,t3798,BOTH,16.7160,17.4845,17.2746,0.5586,0.2099,3.2339,1.2152,1,1,12.97,1.35,warning,3.00,,FULL_ANGLE
0,210.0800,t3801,LIDAR_ONLY,28.0429,28.0429,,,,,,,,12.97,1.35,drive,-29.65,front,LIDAR_ONLY
0,210.1589,cam_3,CAM_ONLY,16.7818,,17.2746,0.4928,,2.8529,,1,,20.01,9.70,warning,3.00,,CAMERA_ONLY
0,210.2248,cam_3,CAM_ONLY,16.8049,,17.2746,0.4697,,2.7191,,1,,14.05,3.40,warning,3.00,,CAMERA_ONLY
0,210.2915,t3798,BOTH,16.7683,17.4860,17.2746,0.5063,0.2114,2.9312,1.2237,1,1,12.79,4.81,warning,3.00,,FULL_ANGLE
0,210.2915,t3807,LIDAR_ONLY,16.5938,16.5938,73.9812,57.3874,57.3874,77.5702,77.5702,0,0,12.79,4.81,drive,19.46,front,LIDAR_ONLY
0,210.3610,cam_3,CAM_ONLY,16.7629,,17.2746,0.5118,,2.9626,,1,,12.30,8.39,warning,3.00,,CAMERA_ONLY
0,210.4402,t3798,BOTH,16.8174,17.4914,17.2746,0.4572,0.2167,2.6468,1.2546,1,1,18.95,1.69,warning,3.00,,FULL_ANGLE
0,210.4402,t3808,LIDAR_ONLY,28.2218,28.2218,,,,,,,,18.95,1.69,drive,-29.41,front,LIDAR_ONLY
0,210.4402,t3807,LIDAR_ONLY,11.3903,11.3903,73.9812,62.5909,62.5909,84.6038,84.6038,0,0,18.95,1.69,cautious,27.21,front,LIDAR_ONLY
0,210.4402,t3807,LIDAR_ONLY,11.4841,11.4841,73.9812,62.4971,62.4971,84.4770,84.4770,0,0,18.95,1.69,cautious,19.60,front,LIDAR_ONLY
0,210.5106,cam_3,CAM_ONLY,16.8028,,17.2746,0.4719,,2.7316,,1,,14.93,9.19,warning,3.00,,CAMERA_ONLY
0,210.5709,cam_3,CAM_ONLY,16.7763,,17.2746,0.4983,,2.8848,,1,,9.77,5.59,warning,3.00,,CAMERA_ONLY
0,210.6345,cam_3,CAM_ONLY,16.9192,,17.2746,0.3554,,2.0574,,1,,11.54,2.28,warning,3.00,,CAMERA_ONLY
0,210.6345,t3808,LIDAR_ONLY,28.2256,28.2256,,,,,,,,11.54,2.28,drive,-29.30,front,LIDAR_ONLY
0,210.6906,t3814,BOTH,16.7747,17.4724,17.2746,0.4999,0.1977,2.8940,1.1447,1,1,9.40,1.30,warning,3.00,,FULL_ANGLE
0,210.6906,t3808,LIDAR_ONLY,28.2158,28.2158,,,,,,,,9.40,1.30,drive,-29.52,front,LIDAR_ONLY
0,210.6906,t3813,LIDAR_ONLY,13.6561,13.6561,73.9812,60.3251,60.3251,81.5411,81.5411,0,0,9.40,1.30,cautious,22.16,front,LIDAR_ONLY
0,210.6906,t3813,LIDAR_ONLY,13.8600,13.8600,73.9812,60.1211,60.1211,81.2655,81.2655,0,0,9.40,1.30,cautious,18.13,front,LIDAR_ONLY
0,210.6906,t3813,LIDAR_ONLY,14.1454,14.1454,73.9812,59.8358,59.8358,80.8798,80.8798,0,0,9.40,1.30,cautious,19.57,front,LIDAR_ONLY
0,210.7646,cam_3,CAM_ONLY,16.8138,,17.2746,0.4608,,2.6675,,1,,17.13,12.78,warning,3.00,,CAMERA_ONLY
0,210.8394,cam_3,CAM_ONLY,16.8447,,17.2746,0.4299,,2.4888,,1,,12.15,14.95,warning,3.00,,CAMERA_ONLY
0,210.9179,cam_3,CAM_ONLY,16.7616,,17.2746,0.5130,,2.9699,,1,,15.52,8.51,warning,3.00,,CAMERA_ONLY
0,210.9916,cam_3,CAM_ONLY,16.8137,,17.2746,0.4610,,2.6685,,1,,13.16,10.28,warning,3.00,,CAMERA_ONLY
0,210.9916,t3818,LIDAR_ONLY,28.1982,28.1982,0.7555,27.4428,27.4428,3632.6253,3632.6253,0,0,13.16,10.28,drive,-29.41,front,LIDAR_ONLY
0,211.0623,cam_3,CAM_ONLY,16.7694,,17.2746,0.5053,,2.9248,,1,,14.86,9.89,warning,3.00,,CAMERA_ONLY
0,211.1331,t3823,BOTH,16.8344,17.4647,17.2746,0.4402,0.1900,2.5485,1.1000,1,1,12.63,3.61,warning,3.00,,FULL_ANGLE
0,211.2029,cam_3,CAM_ONLY,16.9546,,17.2746,0.3200,,1.8524,,1,,14.59,9.52,warning,3.00,,CAMERA_ONLY
0,211.2714,cam_3,CAM_ONLY,16.6262,,17.2746,0.6485,,3.7538,,1,,11.77,5.43,warning,3.00,,CAMERA_ONLY
0,211.3339,t3823,BOTH,16.6569,17.4694,17.2746,0.6178,0.1948,3.5761,1.1276,1,1,10.22,1.53,warning,3.00,,FULL_ANGLE
0,211.3339,t3826,LIDAR_ONLY,28.2616,28.2616,,,,,,,,10.22,1.53,drive,-29.35,front,LIDAR_ONLY
0,211.3339,t3827,LIDAR_ONLY,10.5016,10.5016,9.0854,1.4162,1.4162,15.5877,15.5877,0,0,10.22,1.53,cautious,-17.60,front,LIDAR_ONLY
0,211.4060,cam_3,CAM_ONLY,16.8527,,17.2746,0.4219,,2.4424,,1,,12.27,10.84,warning,3.00,,CAMERA_ONLY
0,211.4682,cam_3,CAM_ONLY,16.7524,,17.2746,0.5222,,3.0231,,1,,9.13,8.05,warning,2.95,,CAMERA_ONLY
0,211.5283,cam_3,CAM_ONLY,16.7240,,17.2746,0.5507,,3.1877,,1,,9.37,3.08,warning,3.00,,CAMERA_ONLY
0,211.6222,cam_3,CAM_ONLY,16.6889,,17.2746,0.5857,,3.3906,,1,,19.42,19.04,warning,3.00,,CAMERA_ONLY
0,211.6971,t3834,BOTH,16.9203,17.5226,17.2746,0.3543,0.2480,2.0510,1.4357,1,1,13.04,7.17,warning,3.00,,FULL_ANGLE
0,211.7689,cam_3,CAM_ONLY,16.9512,,17.2746,0.3234,,1.8720,,1,,13.30,4.57,warning,3.00,,CAMERA_ONLY
0,211.8664,cam_3,CAM_ONLY,16.9458,,17.2746,0.3288,,1.9036,,1,,20.76,15.41,warning,3.00,,CAMERA_ONLY
0,211.9478,t3834,BOTH,17.1287,18.6791,24.0287,6.9000,5.3497,28.7156,22.2636,0,0,15.45,7.35,warning,2.95,,FULL_ANGLE
0,211.9478,t3838,LIDAR_ONLY,17.8127,17.8127,73.9812,56.1685,56.1685,75.9226,75.9226,0,0,15.45,7.35,drive,18.60,front,LIDAR_ONLY
0,211.9478,t3834,LIDAR_ONLY,18.4309,18.4309,24.0287,5.5979,5.5979,23.2965,23.2965,0,0,15.45,7.35,drive,-4.56,front,LIDAR_ONLY
0,212.0151,cam_3,CAM_ONLY,16.7157,,17.2746,0.5590,,3.2357,,1,,11.12,7.49,warning,2.91,,CAMERA_ONLY
0,212.0819,cam_3,CAM_ONLY,16.5892,,17.2746,0.6855,,3.9681,,1,,14.51,2.71,warning,2.95,,CAMERA_ONLY
0,212.0819,t3839,LIDAR_ONLY,28.0091,28.0091,,,,,,,,14.51,2.71,drive,-29.75,front,LIDAR_ONLY
0,212.1534,cam_3,CAM_ONLY,17.9332,,17.2746,0.6586,,3.8123,,1,,16.49,10.26,warning,2.91,,CAMERA_ONLY
0,212.2258,cam_3,CAM_ONLY,18.2742,,17.2746,0.9996,,5.7866,,1,,13.21,3.24,warning,2.95,,CAMERA_ONLY
0,212.2982,t3846,BOTH,17.6882,17.4472,17.2746,0.4136,0.1726,2.3943,0.9992,1,1,13.29,6.73,warning,2.95,,FULL_ANGLE
0,212.2982,t3845,LIDAR_ONLY,18.3237,18.3237,73.9812,55.6574,55.6574,75.2319,75.2319,0,0,13.29,6.73,drive,18.27,front,LIDAR_ONLY
0,212.2982,t3845,LIDAR_ONLY,18.1037,18.1037,73.9812,55.8775,55.8775,75.5293,75.5293,0,0,13.29,6.73,drive,18.88,front,LIDAR_ONLY
0,212.3751,cam_3,CAM_ONLY,17.3421,,17.2746,0.0675,,0.3906,,1,,16.76,8.60,warning,2.91,,CAMERA_ONLY
0,212.4595,cam_3,CAM_ONLY,16.2368,,17.2746,1.0378,,6.0077,,0,,11.48,9.37,warning,2.86,,CAMERA_ONLY
0,212.5212,cam_3,CAM_ONLY,15.6820,,17.2746,1.5926,,9.2192,,0,,10.68,5.09,warning,3.00,,CAMERA_ONLY
0,212.5883,cam_3,CAM_ONLY,16.0291,,17.2746,1.2455,,7.2103,,0,,17.63,2.96,warning,3.00,,CAMERA_ONLY
0,212.5883,t3851,LIDAR_ONLY,28.0734,28.0734,,,,,,,,17.63,2.96,drive,-29.54,front,LIDAR_ONLY
0,212.6632,cam_3,CAM_ONLY,16.1365,,17.2746,1.1381,,6.5882,,0,,12.08,11.20,warning,3.00,,CAMERA_ONLY
0,212.7346,cam_3,CAM_ONLY,16.6157,,17.2746,0.6589,,3.8143,,1,,15.75,2.67,warning,3.00,,CAMERA_ONLY
0,212.7346,t3851,LIDAR_ONLY,28.0777,28.0777,,,,,,,,15.75,2.67,drive,-29.56,front,LIDAR_ONLY
0,212.8089,cam_3,CAM_ONLY,16.5790,,17.2746,0.6957,,4.0271,,1,,18.98,7.82,warning,3.04,,CAMERA_ONLY
0,212.8762,cam_3,CAM_ONLY,17.5172,,17.2746,0.2425,,1.4039,,1,,15.50,3.39,warning,3.04,,CAMERA_ONLY
0,212.9460,t3857,BOTH,19.7393,17.4523,17.2746,2.4647,0.1777,14.2678,1.0287,0,1,15.71,5.82,safe,3.00,,FULL_ANGLE
0,213.0170,cam_3,CAM_ONLY,16.9074,,17.2753,0.3679,,2.1295,,1,,9.23,6.90,warning,3.04,,CAMERA_ONLY
0,213.0854,t3857,BOTH,19.7366,17.4559,17.2749,2.4617,0.1811,14.2501,1.0481,0,1,16.47,1.67,safe,3.00,,FULL_ANGLE
0,213.0854,t3859,LIDAR_ONLY,28.1572,28.1572,,,,,,,,16.47,1.67,drive,-29.65,front,LIDAR_ONLY
0,213.0854,t3860,LIDAR_ONLY,11.2203,11.2203,73.9812,62.7609,62.7609,84.8336,84.8336,0,0,16.47,1.67,cautious,26.00,front,LIDAR_ONLY
0,213.0854,t3860,LIDAR_ONLY,11.2521,11.2521,73.9812,62.7291,62.7291,84.7906,84.7906,0,0,16.47,1.67,cautious,18.96,front,LIDAR_ONLY
0,213.1606,cam_3,CAM_ONLY,18.1985,,17.2732,0.9253,,5.3568,,1,,12.62,9.32,warning,3.04,,CAMERA_ONLY
0,213.2218,cam_3,CAM_ONLY,16.9970,,17.2725,0.2755,,1.5950,,1,,9.68,2.50,warning,3.04,,CAMERA_ONLY
0,213.2879,t3857,BOTH,16.6817,17.4615,17.2725,0.5907,0.1890,3.4201,1.0944,1,1,13.11,1.91,warning,3.00,,FULL_ANGLE
0,213.2879,t3860,LIDAR_ONLY,10.7607,10.7607,73.9809,63.2202,63.2202,85.4548,85.4548,0,0,13.11,1.91,cautious,28.07,front,LIDAR_ONLY
0,213.2879,t3860,LIDAR_ONLY,10.8001,10.8001,73.9809,63.1808,63.1808,85.4014,85.4014,0,0,13.11,1.91,cautious,18.20,front,LIDAR_ONLY
0,213.2879,t3860,LIDAR_ONLY,10.8435,10.8435,73.9809,63.1374,63.1374,85.3428,85.3428,0,0,13.11,1.91,cautious,19.12,front,LIDAR_ONLY
0,213.3495,cam_3,CAM_ONLY,16.8348,,17.2725,0.4377,,2.5342,,1,,9.81,7.77,warning,2.95,,CAMERA_ONLY
0,213.4123,cam_3,CAM_ONLY,16.8459,,17.2725,0.4266,,2.4699,,1,,9.42,6.44,warning,2.95,,CAMERA_ONLY
0,213.4862,t3857,BOTH,16.8415,17.4664,17.2725,0.4309,0.1939,2.4950,1.1226,1,1,11.43,1.12,warning,2.95,,FULL_ANGLE
0,213.4862,t3867,LIDAR_ONLY,28.1546,28.1546,,,,,,,,11.43,1.12,drive,-29.54,front,LIDAR_ONLY
0,213.5545,cam_3,CAM_ONLY,16.7698,,17.2725,0.5027,,2.9103,,1,,12.05,9.72,warning,3.00,,CAMERA_ONLY
0,213.6160,cam_3,CAM_ONLY,16.8788,,17.2725,0.3937,,2.2793,,1,,11.28,3.75,warning,3.00,,CAMERA_ONLY
0,213.7099,cam_3,CAM_ONLY,16.7768,,17.2725,0.4957,,2.8697,,1,,21.14,11.53,warning,3.00,,CAMERA_ONLY
0,213.7743,cam_3,CAM_ONLY,16.7368,,17.2725,0.5357,,3.1014,,1,,11.94,3.17,warning,3.00,,CAMERA_ONLY
0,213.8398,t3876,BOTH,16.7311,17.4580,17.2725,0.5414,0.1855,3.1343,1.0742,1,1,15.05,2.77,warning,3.00,,FULL_ANGLE
0,213.8398,t3875,LIDAR_ONLY,15.4952,15.4952,73.9809,58.4857,58.4857,79.0551,79.0551,0,0,15.05,2.77,drive,20.34,front,LIDAR_ONLY
0,213.9101,cam_3,CAM_ONLY,16.8368,,17.2725,0.4357,,2.5225,,1,,13.10,10.25,warning,3.00,,CAMERA_ONLY
0,213.9747,cam_3,CAM_ONLY,16.7463,,17.2725,0.5261,,3.0461,,1,,11.03,3.81,warning,3.00,,CAMERA_ONLY
0,214.0330,cam_3,CAM_ONLY,16.6694,,17.2725,0.6030,,3.4913,,1,,9.60,1.31,warning,3.00,,CAMERA_ONLY
0,214.0330,t3881,LIDAR_ONLY,28.0965,28.0965,,,,,,,,9.60,1.31,drive,-29.55,front,LIDAR_ONLY
0,214.1083,cam_3,CAM_ONLY,16.7262,,17.2725,0.5463,,3.1629,,1,,13.64,10.73,warning,3.00,,CAMERA_ONLY
0,214.1690,cam_3,CAM_ONLY,16.8370,,17.2725,0.4355,,2.5211,,1,,9.10,2.51,warning,3.00,,CAMERA_ONLY
0,214.2305,cam_3,CAM_ONLY,16.6968,,17.2725,0.5757,,3.3329,,1,,12.00,1.73,warning,3.00,,CAMERA_ONLY
0,214.2305,t3881,LIDAR_ONLY,28.0713,28.0713,,,,,,,,12.00,1.73,drive,-29.74,front,LIDAR_ONLY
0,214.2943,cam_3,CAM_ONLY,16.7262,,17.2725,0.5463,,3.1627,,1,,12.95,6.30,warning,3.00,,CAMERA_ONLY
0,214.2943,t3886,LIDAR_ONLY,18.1334,18.1334,73.9809,55.8475,55.8475,75.4891,75.4891,0,0,12.95,6.30,drive,18.39,front,LIDAR_ONLY
0,214.3638,cam_3,CAM_ONLY,16.7191,,17.2725,0.5534,,3.2039,,1,,11.38,6.85,warning,3.00,,CAMERA_ONLY
0,214.4217,cam_3,CAM_ONLY,16.6696,,17.2725,0.6029,,3.4903,,1,,12.97,3.56,warning,3.00,,CAMERA_ONLY
0,214.4852,t3891,BOTH,16.7376,17.4997,17.2725,0.5349,0.2272,3.0969,1.3156,1,1,14.42,1.49,warning,3.00,,FULL_ANGLE
0,214.4852,t3889,LIDAR_ONLY,28.1490,28.1490,,,,,,,,14.42,1.49,drive,-29.51,front,LIDAR_ONLY
0,214.4852,t3886,LIDAR_ONLY,14.0744,14.0744,73.9809,59.9065,59.9065,80.9757,80.9757,0,0,14.42,1.49,cautious,22.57,front,LIDAR_ONLY
0,214.4852,t3886,LIDAR_ONLY,14.2787,14.2787,73.9809,59.7022,59.7022,80.6994,80.6994,0,0,14.42,1.49,cautious,19.26,front,LIDAR_ONLY
0,214.5611,cam_3,CAM_ONLY,16.7714,,17.2725,0.5010,,2.9007,,1,,14.76,7.96,warning,3.00,,CAMERA_ONLY
0,214.6274,cam_3,CAM_ONLY,16.6486,,17.2725,0.6239,,3.6118,,1,,11.05,3.09,warning,3.00,,CAMERA_ONLY
0,214.7121,cam_3,CAM_ONLY,16.6496,,17.2725,0.6229,,3.6062,,1,,18.84,10.50,warning,3.00,,CAMERA_ONLY
0,214.7746,cam_3,CAM_ONLY,16.7623,,17.2725,0.5101,,2.9534,,1,,12.16,3.45,warning,2.95,,CAMERA_ONLY
0,214.8304,cam_3,CAM_ONLY,16.5363,,17.2725,0.7362,,4.2622,,1,,9.09,2.27,warning,3.00,,CAMERA_ONLY
0,214.9043,cam_3,CAM_ONLY,16.6814,,17.2725,0.5910,,3.4218,,1,,12.85,10.55,warning,3.00,,CAMERA_ONLY
0,214.9687,cam_3,CAM_ONLY,16.5903,,17.2725,0.6821,,3.9493,,1,,13.77,2.75,warning,3.00,,CAMERA_ONLY
0,215.0527,t3902,BOTH,16.6075,17.4348,17.2725,0.6650,0.1624,3.8498,0.9400,1,1,17.86,10.13,warning,3.00,,FULL_ANGLE
0,215.0527,t3901,LIDAR_ONLY,15.7154,15.7154,73.9809,58.2655,58.2655,78.7575,78.7575,0,0,17.86,10.13,drive,20.16,front,LIDAR_ONLY
0,215.1213,cam_3,CAM_ONLY,16.6126,,17.2725,0.6598,,3.8201,,1,,15.72,4.56,warning,3.00,,CAMERA_ONLY
0,215.2186,cam_3,CAM_ONLY,16.6934,,17.2725,0.5790,,3.3524,,1,,19.39,18.72,warning,3.00,,CAMERA_ONLY
0,215.2926,cam_3,CAM_ONLY,16.6345,,17.2725,0.6380,,3.6936,,1,,14.87,1.09,warning,3.00,,CAMERA_ONLY
0,215.2926,t3904,LIDAR_ONLY,28.1500,28.1500,25.9053,2.2447,2.2447,8.6650,8.6650,0,0,14.87,1.09,drive,-29.49,front,LIDAR_ONLY
0,215.3614,cam_3,CAM_ONLY,16.7025,,17.2725,0.5700,,3.2998,,1,,12.95,8.16,warning,3.00,,CAMERA_ONLY
0,215.4323,cam_3,CAM_ONLY,16.5752,,17.2725,0.6973,,4.0370,,1,,11.65,1.68,warning,3.00,,CAMERA_ONLY
0,215.4323,t3904,LIDAR_ONLY,28.1605,28.1605,22.7352,5.4254,5.4254,23.8634,23.8634,0,0,11.65,1.68,drive,-29.52,front,LIDAR_ONLY
0,215.5115,cam_3,CAM_ONLY,16.6008,,17.2725,0.6717,,3.8887,,1,,13.21,10.11,warning,3.00,,CAMERA_ONLY
0,215.5753,cam_3,CAM_ONLY,16.7577,,17.2725,0.5148,,2.9803,,1,,14.21,3.58,warning,3.00,,CAMERA_ONLY
0,215.6362,t3913,BOTH,16.7455,17.4680,17.2725,0.5270,0.1955,3.0512,1.1321,1,1,11.30,1.50,warning,2.95,,FULL_ANGLE
0,215.6362,t3912,LIDAR_ONLY,10.8299,10.8299,73.9809,63.1510,63.1510,85.3613,85.3613,0,0,11.30,1.50,cautious,26.69,front,LIDAR_ONLY
0,215.6362,t3912,LIDAR_ONLY,11.0004,11.0004,73.9809,62.9805,62.9805,85.1307,85.1307,0,0,11.30,1.50,cautious,18.42,front,LIDAR_ONLY
0,215.6362,t3912,LIDAR_ONLY,11.2221,11.2221,73.9809,62.7588,62.7588,84.8311,84.8311,0,0,11.30,1.50,cautious,19.87,front,LIDAR_ONLY
0,215.6362,t3912,LIDAR_ONLY,11.4107,11.4107,73.9809,62.5702,62.5702,84.5762,84.5762,0,0,11.30,1.50,cautious,20.89,front,LIDAR_ONLY
0,215.7064,cam_3,CAM_ONLY,16.6543,,17.2725,0.6181,,3.5787,,1,,12.55,10.89,warning,3.00,,CAMERA_ONLY
0,215.7845,cam_3,CAM_ONLY,16.6333,,17.2725,0.6392,,3.7007,,1,,19.22,4.19,warning,3.00,,CAMERA_ONLY
0,215.8668,cam_3,CAM_ONLY,16.7233,,17.2725,0.5491,,3.1792,,1,,16.83,12.19,warning,3.00,,CAMERA_ONLY
0,215.9304,cam_3,CAM_ONLY,16.5774,,17.2725,0.6950,,4.0238,,1,,11.53,1.72,warning,3.00,,CAMERA_ONLY
0,215.9304,t3917,LIDAR_ONLY,28.1340,28.1340,,,,,,,,11.53,1.72,drive,-29.51,front,LIDAR_ONLY
0,216.0303,cam_3,CAM_ONLY,16.7027,,17.2725,0.5698,,3.2988,,1,,21.11,3.83,warning,3.00,,CAMERA_ONLY
0,216.1138,cam_3,CAM_ONLY,16.6156,,17.2725,0.6568,,3.8028,,1,,19.33,9.11,warning,3.00,,CAMERA_ONLY
0,216.2141,cam_3,CAM_ONLY,16.6398,,17.2725,0.6327,,3.6630,,1,,22.99,12.16,warning,3.00,,CAMERA_ONLY
0,216.2837,cam_3,CAM_ONLY,16.5834,,17.2725,0.6891,,3.9895,,1,,12.40,1.27,warning,3.00,,CAMERA_ONLY
0,216.2837,t3920,LIDAR_ONLY,28.1983,28.1983,,,,,,,,12.40,1.27,drive,-29.38,front,LIDAR_ONLY
0,216.3470,cam_3,CAM_ONLY,16.6281,,17.2725,0.6444,,3.7307,,1,,10.55,8.47,warning,3.00,,CAMERA_ONLY
0,216.4227,cam_3,CAM_ONLY,16.7212,,17.2725,0.5512,,3.1914,,1,,12.24,5.32,warning,3.00,,CAMERA_ONLY
0,216.5045,cam_3,CAM_ONLY,16.5760,,17.2725,0.6964,,4.0320,,1,,13.52,10.64,warning,3.00,,CAMERA_ONLY
0,216.5781,cam_3,CAM_ONLY,16.5621,,17.2725,0.7103,,4.1125,,1,,14.51,2.08,warning,3.00,,CAMERA_ONLY
0,216.5781,t3923,LIDAR_ONLY,28.1291,28.1291,,,,,,,,14.51,2.08,drive,-29.55,front,LIDAR_ONLY
0,216.6416,t3928,BOTH,16.6214,17.4753,17.2725,0.6510,0.2028,3.7693,1.1740,1,1,15.88,3.99,warning,3.00,,FULL_ANGLE
0,216.6416,t3927,LIDAR_ONLY,17.3486,17.3486,73.9809,56.6323,56.6323,76.5498,76.5498,0,0,15.88,3.99,drive,18.91,front,LIDAR_ONLY
0,216.7274,cam_3,CAM_ONLY,16.7622,,17.2725,0.5103,,2.9543,,1,,19.21,19.29,warning,3.00,,CAMERA_ONLY
0,216.8108,cam_3,CAM_ONLY,16.6473,,17.2725,0.6252,,3.6196,,1,,10.98,8.46,warning,3.00,,CAMERA_ONLY
0,216.8736,cam_3,CAM_ONLY,16.7253,,17.2725,0.5472,,3.1680,,1,,13.57,3.42,warning,3.00,,CAMERA_ONLY
0,216.9340,t3935,BOTH,16.6405,17.4703,17.2725,0.6320,0.1978,3.6588,1.1452,1,1,16.31,1.74,warning,3.00,,FULL_ANGLE
0,216.9340,t3932,LIDAR_ONLY,28.1703,28.1703,,,,,,,,16.31,1.74,drive,-29.71,front,LIDAR_ONLY
0,216.9340,t3933,LIDAR_ONLY,11.0129,11.0129,73.9809,62.9680,62.9680,85.1139,85.1139,0,0,16.31,1.74,cautious,26.33,front,LIDAR_ONLY
0,216.9340,t3933,LIDAR_ONLY,11.2485,11.2485,73.9809,62.7324,62.7324,84.7954,84.7954,0,0,16.31,1.74,cautious,19.00,front,LIDAR_ONLY
0,217.0254,cam_3,CAM_ONLY,16.6750,,17.2725,0.5974,,3.4590,,1,,21.01,3.82,warning,3.00,,CAMERA_ONLY
0,217.0932,t3935,BOTH,16.8280,17.4752,17.2725,0.4445,0.2027,2.5734,1.1736,1,1,12.32,4.36,warning,3.00,,FULL_ANGLE
0,217.0932,t3933,LIDAR_ONLY,11.5301,11.5301,73.9809,62.4508,62.4508,84.4148,84.4148,0,0,12.32,4.36,cautious,18.59,front,LIDAR_ONLY
0,217.1621,cam_3,CAM_ONLY,16.8770,,17.2725,0.3955,,2.2898,,1,,10.65,12.14,warning,3.00,,CAMERA_ONLY
0,217.2273,cam_3,CAM_ONLY,16.7365,,17.2725,0.5360,,3.1029,,1,,13.70,2.77,warning,3.00,,CAMERA_ONLY
0,217.2273,t3939,LIDAR_ONLY,28.1262,28.1262,,,,,,,,13.70,2.77,drive,-29.50,front,LIDAR_ONLY
0,217.2919,t3935,BOTH,16.6004,17.4766,17.2725,0.6721,0.2042,3.8909,1.1820,1,1,13.89,3.30,warning,3.00,,FULL_ANGLE
0,217.3645,cam_3,CAM_ONLY,16.6380,,17.2725,0.6345,,3.6735,,1,,13.26,13.86,warning,3.00,,CAMERA_ONLY
0,217.4324,cam_3,CAM_ONLY,16.6345,,17.2725,0.6380,,3.6937,,1,,14.00,1.58,warning,3.00,,CAMERA_ONLY
0,217.5175,cam_3,CAM_ONLY,16.5875,,17.2725,0.6850,,3.9659,,1,,17.04,6.54,warning,3.00,,CAMERA_ONLY
0,217.5859,t3947,BOTH,16.6704,17.4639,17.2725,0.6020,0.1915,3.4855,1.1086,1,1,12.93,1.77,warning,2.95,,FULL_ANGLE
0,217.5859,t3945,LIDAR_ONLY,27.9844,27.9844,,,,,,,,12.93,1.77,drive,-29.69,front,LIDAR_ONLY
0,217.5859,t3946,LIDAR_ONLY,12.6427,12.6427,73.9809,61.3382,61.3382,82.9108,82.9108,0,0,12.93,1.77,cautious,23.47,front,LIDAR_ONLY
0,217.6721,cam_3,CAM_ONLY,16.7555,,17.2725,0.5170,,2.9933,,1,,13.65,11.60,warning,3.00,,CAMERA_ONLY
0,217.7358,t3947,BOTH,16.7177,17.4640,17.2725,0.5547,0.1916,3.2116,1.1091,1,1,15.02,1.43,warning,3.00,,FULL_ANGLE
0,217.8104,cam_3,CAM_ONLY,16.6534,,17.2725,0.6191,,3.5841,,1,,15.72,13.64,warning,3.00,,CAMERA_ONLY
0,217.8825,cam_3,CAM_ONLY,16.6863,,17.2725,0.5862,,3.3937,,1,,14.30,3.90,warning,3.00,,CAMERA_ONLY
0,217.9597,cam_3,CAM_ONLY,16.6920,,17.2725,0.5805,,3.3607,,1,,12.99,10.44,warning,3.00,,CAMERA_ONLY
0,218.0280,cam_3,CAM_ONLY,16.7255,,17.2725,0.5470,,3.1668,,1,,14.80,5.71,warning,3.00,,CAMERA_ONLY
0,218.0914,t3958,BOTH,16.6645,17.5712,17.2725,0.6079,0.2987,3.5197,1.7294,1,1,11.23,4.43,warning,3.00,,FULL_ANGLE
0,218.0914,t3957,LIDAR_ONLY,17.8797,17.8797,73.9809,56.1012,56.1012,75.8320,75.8320,0,0,11.23,4.43,drive,18.55,front,LIDAR_ONLY
0,218.1749,cam_3,CAM_ONLY,16.7013,,17.2725,0.5711,,3.3067,,1,,19.13,9.89,warning,3.00,,CAMERA_ONLY
0,218.2410,t3958,BOTH,16.6362,17.5365,17.2725,0.6363,0.2640,3.6838,1.5286,1,1,13.15,3.50,warning,3.00,,FULL_ANGLE
0,218.2410,t3957,LIDAR_ONLY,17.7338,17.7338,73.9809,56.2471,56.2471,76.0292,76.0292,0,0,13.15,3.50,drive,18.97,front,LIDAR_ONLY
0,218.3107,cam_3,CAM_ONLY,16.6549,,17.2725,0.6175,,3.5752,,1,,12.90,8.91,warning,3.00,,CAMERA_ONLY
0,218.3759,cam_3,CAM_ONLY,16.6293,,17.2725,0.6431,,3.7235,,1,,12.57,3.39,warning,3.00,,CAMERA_ONLY
0,218.4424,t3958,BOTH,16.6627,17.5157,17.2725,0.6097,0.2433,3.5301,1.4084,1,1,13.01,4.15,warning,3.00,,FULL_ANGLE
0,218.4424,t3957,LIDAR_ONLY,17.7626,17.7626,73.9809,56.2183,56.2183,75.9903,75.9903,0,0,13.01,4.15,drive,18.49,front,LIDAR_ONLY
0,218.5062,cam_3,CAM_ONLY,16.6626,,17.2725,0.6099,,3.5311,,1,,12.30,7.64,warning,3.00,,CAMERA_ONLY
0,218.5759,cam_3,CAM_ONLY,16.7496,,17.2725,0.5229,,3.0271,,1,,12.72,2.66,warning,3.00,,CAMERA_ONLY
0,218.6438,t3958,BOTH,16.6859,17.5015,17.2725,0.5865,0.2290,3.3957,1.3258,1,1,13.03,6.11,warning,3.00,,FULL_ANGLE
0,218.6438,t3957,LIDAR_ONLY,17.7831,17.7831,73.9809,56.1978,56.1978,75.9626,75.9626,0,0,13.03,6.11,drive,18.58,front,LIDAR_ONLY
0,218.6438,t3957,LIDAR_ONLY,17.3544,17.3544,73.9809,56.6265,56.6265,76.5420,76.5420,0,0,13.03,6.11,drive,20.02,front,LIDAR_ONLY
0,218.6438,t3957,LIDAR_ONLY,16.9507,16.9507,73.9809,57.0302,57.0302,77.0878,77.0878,0,0,13.03,6.11,drive,21.77,front,LIDAR_ONLY
0,218.7158,cam_3,CAM_ONLY,16.7570,,17.2725,0.5155,,2.9846,,1,,10.66,7.38,warning,3.00,,CAMERA_ONLY
0,218.7729,cam_3,CAM_ONLY,16.6123,,17.2725,0.6601,,3.8218,,1,,12.47,2.37,warning,3.00,,CAMERA_ONLY
0,218.8316,cam_3,CAM_ONLY,16.6369,,17.2725,0.6356,,3.6796,,1,,11.16,3.55,warning,3.00,,CAMERA_ONLY
0,218.8316,t3965,LIDAR_ONLY,28.0710,28.0710,,,,,,,,11.16,3.55,drive,-29.55,front,LIDAR_ONLY
0,218.9086,cam_3,CAM_ONLY,16.6277,,17.2725,0.6448,,3.7330,,1,,19.62,10.63,warning,3.00,,CAMERA_ONLY
0,219.0121,cam_3,CAM_ONLY,16.5605,,17.2725,0.7120,,4.1219,,1,,9.78,13.81,warning,3.00,,CAMERA_ONLY
0,219.0856,cam_3,CAM_ONLY,16.5871,,17.2725,0.6854,,3.9681,,1,,18.70,2.52,warning,3.00,,CAMERA_ONLY
0,219.1723,cam_3,CAM_ONLY,16.6057,,17.2725,0.6668,,3.8602,,1,,22.01,14.09,warning,3.00,,CAMERA_ONLY
0,219.2438,t3973,BOTH,16.7421,17.4725,17.2725,0.5304,0.2000,3.0705,1.1580,1,1,16.89,3.21,warning,3.00,,FULL_ANGLE
0,219.2438,t3971,LIDAR_ONLY,28.0779,28.0779,28.5358,0.4579,0.4579,1.6046,1.6046,1,1,16.89,3.21,drive,-29.60,front,LIDAR_ONLY
0,219.2438,t3972,LIDAR_ONLY,10.3169,10.3169,,,,,,,,16.89,3.21,cautious,28.12,front,LIDAR_ONLY
0,219.3262,cam_3,CAM_ONLY,16.7189,,17.2725,0.5536,,3.2049,,1,,22.52,10.42,warning,3.00,,CAMERA_ONLY
0,219.3887,t3973,BOTH,16.7231,17.4716,17.2725,0.5494,0.1991,3.1805,1.1528,1,1,14.71,2.77,warning,3.00,,FULL_ANGLE
0,219.3887,t3971,LIDAR_ONLY,28.0946,28.0946,25.1303,2.9643,2.9643,11.7957,11.7957,0,0,14.71,2.77,drive,-29.46,front,LIDAR_ONLY
0,219.3887,t3972,LIDAR_ONLY,10.3955,10.3955,73.9809,63.5854,63.5854,85.9484,85.9484,0,0,14.71,2.77,cautious,18.30,front,LIDAR_ONLY
0,219.4589,cam_3,CAM_ONLY,16.7262,,17.2725,0.5462,,3.1624,,1,,12.97,11.51,warning,3.00,,CAMERA_ONLY
0,219.5322,cam_3,CAM_ONLY,16.6633,,17.2725,0.6091,,3.5266,,1,,13.19,13.08,warning,3.00,,CAMERA_ONLY
0,219.6028,t3973,BOTH,16.7453,17.4685,17.2725,0.5272,0.1960,3.0521,1.1347,1,1,12.99,8.33,warning,3.00,,FULL_ANGLE
0,219.6697,cam_3,CAM_ONLY,16.6642,,17.2725,0.6082,,3.5213,,1,,14.25,8.74,warning,3.00,,CAMERA_ONLY
0,219.7389,cam_3,CAM_ONLY,16.5682,,17.2725,0.7043,,4.0774,,1,,10.34,5.87,warning,2.95,,CAMERA_ONLY
0,219.7389,t3982,LIDAR_ONLY,28.2222,28.2222,,,,,,,,10.34,5.87,drive,-29.47,front,LIDAR_ONLY
0,219.8222,cam_3,CAM_ONLY,16.6332,,17.2725,0.6392,,3.7009,,1,,17.25,10.54,warning,3.00,,CAMERA_ONLY
0,219.9052,cam_3,CAM_ONLY,16.7726,,17.2725,0.4999,,2.8941,,1,,14.99,11.32,warning,3.00,,CAMERA_ONLY
0,219.9052,t3984,LIDAR_ONLY,18.4399,18.4399,73.9809,55.5410,55.5410,75.0748,75.0748,0,0,14.99,11.32,drive,18.20,front,LIDAR_ONLY
0,219.9721,cam_3,CAM_ONLY,16.7874,,17.2725,0.4850,,2.8081,,1,,13.48,3.09,warning,3.00,,CAMERA_ONLY
0,220.0306,cam_3,CAM_ONLY,16.6472,,17.2725,0.6252,,3.6199,,1,,10.40,3.47,warning,3.00,,CAMERA_ONLY
0,220.1154,cam_3,CAM_ONLY,16.5834,,17.2725,0.6890,,3.9891,,1,,13.97,12.40,warning,3.00,,CAMERA_ONLY
0,220.1867,t3994,BOTH,16.5393,11.8756,17.2725,0.7331,5.3969,4.2445,31.2454,1,0,12.38,3.23,warning,3.00,,FULL_ANGLE
0,220.1867,t3992,LIDAR_ONLY,7.8081,7.8081,6.6290,1.1791,1.1791,17.7866,17.7866,0,0,12.38,3.23,slow,-23.13,front,LIDAR_ONLY
0,220.2588,cam_3,CAM_ONLY,16.5863,,17.2725,0.6862,,3.9727,,1,,15.57,9.97,warning,3.00,,CAMERA_ONLY
0,220.3577,cam_3,CAM_ONLY,16.5922,,17.2725,0.6803,,3.9384,,1,,19.48,11.59,warning,2.95,,CAMERA_ONLY
0,220.4208,cam_3,CAM_ONLY,16.4212,,17.2725,0.8512,,4.9283,,1,,9.36,2.59,warning,2.95,,CAMERA_ONLY
0,220.4809,t3999,BOTH,16.4183,17.4422,17.2725,0.8541,0.1697,4.9450,0.9825,1,1,12.66,1.95,warning,2.95,,FULL_ANGLE
0,220.4809,t3997,LIDAR_ONLY,13.7279,13.7279,12.9747,0.7532,0.7532,5.8054,5.8054,1,1,12.66,1.95,cautious,-12.21,front,LIDAR_ONLY
0,220.5877,t3999,BOTH,16.3847,17.4484,17.2725,0.8878,0.1760,5.1398,1.0189,1,1,16.33,3.02,warning,2.95,,FULL_ANGLE
0,220.5877,t3997,LIDAR_ONLY,13.9640,13.9640,15.3829,1.4189,1.4189,9.2240,9.2240,0,0,16.33,3.02,cautious,-10.47,front,LIDAR_ONLY
0,220.5877,t4001,LIDAR_ONLY,17.5447,17.5447,73.9809,56.4362,56.4362,76.2848,76.2848,0,0,16.33,3.02,drive,18.77,front,LIDAR_ONLY
0,220.5877,t3997,LIDAR_ONLY,14.1572,14.1572,15.3829,1.2257,1.2257,7.9679,7.9679,0,0,16.33,3.02,cautious,-4.79,front,LIDAR_ONLY
0,220.5877,t3999,LIDAR_ONLY,17.4625,17.4625,17.2725,0.1900,0.1900,1.1003,1.1003,1,1,16.33,3.02,drive,4.85,front,LIDAR_ONLY
0,220.6633,cam_3,CAM_ONLY,16.5094,,17.2725,0.7631,,4.4178,,1,,19.86,7.61,warning,2.95,,CAMERA_ONLY
0,220.7547,cam_3,CAM_ONLY,16.5048,,17.2725,0.7677,,4.4444,,1,,15.35,10.03,warning,2.95,,CAMERA_ONLY
0,220.8184,cam_3,CAM_ONLY,16.5438,,17.2725,0.7287,,4.2189,,1,,10.25,7.88,warning,2.95,,CAMERA_ONLY
0,220.8919,t4005,BOTH,16.6491,20.7865,21.8519,5.2028,1.0654,23.8094,4.8754,0,0,14.51,3.53,warning,2.91,,FULL_ANGLE
0,220.8919,t4005,LIDAR_ONLY,21.8322,21.8322,21.8519,0.0197,0.0197,0.0901,0.0901,1,1,14.51,3.53,drive,-5.98,front,LIDAR_ONLY
0,220.9738,cam_3,CAM_ONLY,16.7273,,17.2725,0.5452,,3.1564,,1,,18.10,18.38,warning,2.91,,CAMERA_ONLY
0,221.0759,cam_3,CAM_ONLY,16.8104,,17.2725,0.4620,,2.6750,,1,,19.26,14.76,warning,2.91,,CAMERA_ONLY
0,221.1337,t4005,BOTH,16.9061,21.6082,26.9216,10.0155,5.3134,37.2026,19.7367,0,0,12.18,1.41,warning,2.91,,FULL_ANGLE
0,221.1337,t4005,LIDAR_ONLY,21.4296,21.4296,26.9216,5.4920,5.4920,20.3999,20.3999,0,0,12.18,1.41,drive,-3.11,front,LIDAR_ONLY
0,221.1337,t4007,LIDAR_ONLY,28.1329,28.1329,,,,,,,,12.18,1.41,drive,-29.57,front,LIDAR_ONLY
0,221.2137,cam_3,CAM_ONLY,16.6957,,17.2725,0.5768,,3.3395,,1,,18.44,7.91,warning,2.91,,CAMERA_ONLY
0,221.2877,t4005,BOTH,16.9441,22.4130,17.2725,0.3284,5.1405,1.9013,29.7612,1,0,15.91,1.47,warning,2.95,,FULL_ANGLE
0,221.2877,t4007,LIDAR_ONLY,28.1388,28.1388,,,,,,,,15.91,1.47,drive,-29.68,front,LIDAR_ONLY
0,221.2877,t4009,LIDAR_ONLY,12.7634,12.7634,73.9809,61.2175,61.2175,82.7476,82.7476,0,0,15.91,1.47,cautious,23.23,front,LIDAR_ONLY
0,221.2877,t4005,LIDAR_ONLY,22.1350,22.1350,17.2725,4.8625,4.8625,28.1520,28.1520,0,0,15.91,1.47,drive,-1.51,front,LIDAR_ONLY
0,221.2877,t4009,LIDAR_ONLY,12.8466,12.8466,73.9809,61.1343,61.1343,82.6352,82.6352,0,0,15.91,1.47,cautious,19.35,front,LIDAR_ONLY
0,221.2877,t4009,LIDAR_ONLY,12.9456,12.9456,73.9809,61.0353,61.0353,82.5015,82.5015,0,0,15.91,1.47,cautious,19.96,front,LIDAR_ONLY
0,221.2877,t4009,LIDAR_ONLY,13.0242,13.0242,73.9809,60.9567,60.9567,82.3951,82.3951,0,0,15.91,1.47,cautious,20.29,front,LIDAR_ONLY
0,221.3587,cam_3,CAM_ONLY,18.0582,,17.2725,0.7857,,4.5490,,1,,12.35,9.99,warning,2.95,,CAMERA_ONLY
0,221.4271,cam_3,CAM_ONLY,18.9843,,17.2725,1.7119,,9.9110,,0,,9.53,3.48,warning,2.91,,CAMERA_ONLY
0,221.5121,cam_3,CAM_ONLY,18.5268,,17.2725,1.2544,,7.2623,,0,,20.40,11.07,warning,2.95,,CAMERA_ONLY
0,221.5811,cam_3,CAM_ONLY,15.1164,,17.2725,2.1561,,12.4828,,0,,12.77,2.83,warning,2.91,,CAMERA_ONLY
0,221.5811,t4014,LIDAR_ONLY,27.9917,27.9917,5.5166,22.4751,22.4751,407.4050,407.4050,0,0,12.77,2.83,drive,-29.76,front,LIDAR_ONLY
0,221.6482,t4017,BOTH,13.6022,17.4390,17.2725,3.6702,0.1666,21.2490,0.9643,0,1,15.62,8.38,stop,2.95,,FULL_ANGLE
0,221.6482,t4017,BOTH,19.0925,17.4390,17.2725,1.8201,0.1666,10.5374,0.9643,0,1,15.62,8.38,warning,3.00,,FULL_ANGLE
0,221.7239,cam_3,CAM_ONLY,13.2848,,17.2725,3.9876,,23.0867,,0,,16.70,8.43,stop,3.00,,CAMERA_ONLY
0,221.7876,cam_3,CAM_ONLY,13.2010,,17.2725,4.0715,,23.5721,,0,,10.87,1.62,stop,3.00,,CAMERA_ONLY
0,221.7876,t4014,LIDAR_ONLY,14.3340,14.3340,10.5015,3.8325,3.8325,36.4946,36.4946,0,0,10.87,1.62,cautious,-28.76,front,LIDAR_ONLY
0,221.8596,cam_3,CAM_ONLY,16.7351,,17.2725,0.5374,,3.1112,,1,,15.80,11.17,warning,3.04,,CAMERA_ONLY
0,221.9233,cam_3,CAM_ONLY,15.9006,,17.2725,1.3718,,7.9422,,0,,14.45,3.14,warning,3.04,,CAMERA_ONLY
0,222.0082,cam_3,CAM_ONLY,18.5379,,17.2725,1.2654,,7.3262,,0,,22.50,11.24,warning,3.04,,CAMERA_ONLY
0,222.0728,cam_3,CAM_ONLY,20.3239,,17.2725,3.0514,,17.6665,,0,,15.08,3.00,safe,3.04,,CAMERA_ONLY
0,222.1287,cam_3,CAM_ONLY,19.0958,,48.4263,29.3305,,60.5673,,0,,9.53,2.87,warning,3.04,,CAMERA_ONLY
0,222.1287,cam_3,CAM_ONLY,56.9340,,48.4263,8.5077,,17.5683,,0,,9.53,2.87,safe,8.22,,CAMERA_ONLY
0,222.1984,cam_3,CAM_ONLY,17.1389,,17.2731,0.1341,,0.7766,,1,,12.01,6.67,warning,3.04,,CAMERA_ONLY
0,222.2696,cam_3,CAM_ONLY,18.5416,,51.6198,33.0782,,64.0805,,0,,22.99,4.31,warning,3.00,,CAMERA_ONLY
0,222.2696,cam_3,CAM_ONLY,59.3446,,51.6198,7.7248,,14.9648,,0,,22.99,4.31,safe,8.49,,CAMERA_ONLY
0,222.3599,cam_3,CAM_ONLY,18.1119,,53.5859,35.4741,,66.2003,,0,,18.81,13.70,warning,3.00,,CAMERA_ONLY
0,222.3599,cam_3,CAM_ONLY,60.5814,,53.5859,6.9954,,13.0546,,0,,18.81,13.70,safe,8.88,,CAMERA_ONLY
0,222.4340,cam_3,CAM_ONLY,17.2108,,55.2803,38.0695,,68.8664,,0,,11.62,3.58,warning,3.04,,CAMERA_ONLY
0,222.4340,cam_3,CAM_ONLY,65.2693,,55.2803,9.9890,,18.0697,,0,,11.62,3.58,safe,9.32,,CAMERA_ONLY
0,222.5160,cam_3,CAM_ONLY,17.2250,,17.2731,0.0480,,0.2781,,1,,21.10,10.09,warning,3.00,,CAMERA_ONLY
0,222.5762,cam_3,CAM_ONLY,17.2644,,17.2731,0.0087,,0.0503,,1,,13.09,2.19,warning,2.95,,CAMERA_ONLY
0,222.6408,t4036,BOTH,17.0023,17.5204,17.2731,0.2708,0.2473,1.5675,1.4319,1,1,14.65,3.09,warning,2.95,,FULL_ANGLE
0,222.7102,cam_3,CAM_ONLY,17.1000,,17.2731,0.1730,,1.0018,,1,,13.26,8.38,warning,2.95,,CAMERA_ONLY
0,222.7805,cam_3,CAM_ONLY,17.0777,,17.2731,0.1954,,1.1310,,1,,18.51,3.69,warning,2.95,,CAMERA_ONLY
0,222.8638,cam_3,CAM_ONLY,17.1194,,17.2731,0.1536,,0.8894,,1,,18.32,14.45,warning,2.95,,CAMERA_ONLY
0,222.9350,t4040,BOTH,16.7908,17.5287,17.2731,0.4822,0.2556,2.7919,1.4799,1,1,21.41,1.64,warning,2.91,,FULL_ANGLE
0,222.9350,t4039,LIDAR_ONLY,28.1828,28.1828,,,,,,,,21.41,1.64,drive,-29.43,front,LIDAR_ONLY
0,223.0015,cam_3,CAM_ONLY,16.7959,,17.2731,0.4771,,2.7622,,1,,12.87,8.56,warning,2.91,,CAMERA_ONLY
0,223.0800,t4040,BOTH,17.7755,17.4943,17.2731,0.5025,0.2213,2.9089,1.2811,1,1,19.13,1.25,warning,2.95,,FULL_ANGLE
0,223.0800,t4039,LIDAR_ONLY,28.1676,28.1676,,,,,,,,19.13,1.25,drive,-29.35,front,LIDAR_ONLY
0,223.1610,cam_3,CAM_ONLY,17.7319,,17.2731,0.4589,,2.6564,,1,,19.56,14.11,warning,2.95,,CAMERA_ONLY
0,223.2319,cam_3,CAM_ONLY,17.5168,,17.2731,0.2437,,1.4109,,1,,13.63,2.74,warning,2.95,,CAMERA_ONLY
0,223.3005,t4046,LIDAR_ONLY,17.7120,17.7120,73.9809,56.2688,56.2688,76.0586,76.0586,0,0,12.17,6.94,drive,18.66,front,LIDAR_ONLY
0,223.3683,cam_3,CAM_ONLY,41.5486,,47.9513,6.4026,,13.3524,,0,,11.01,3.33,safe,3.00,,CAMERA_ONLY
0,223.4363,cam_3,CAM_ONLY,16.8657,,17.2736,0.4079,,2.3615,,1,,19.89,2.76,warning,3.00,,CAMERA_ONLY
0,223.4363,t4048,LIDAR_ONLY,28.0935,28.0935,,,,,,,,19.89,2.76,drive,-29.59,front,LIDAR_ONLY
0,223.5320,t4050,BOTH,17.2211,17.4533,17.2701,0.0490,0.1833,0.2837,1.0612,1,1,15.02,1.25,warning,2.95,,FULL_ANGLE
0,223.5320,t4048,LIDAR_ONLY,28.1007,28.1007,,,,,,,,15.02,1.25,drive,-29.62,front,LIDAR_ONLY
0,223.6268,t4050,BOTH,17.2319,17.4629,17.2701,0.0381,0.1929,0.2208,1.1169,1,1,9.55,1.38,warning,3.00,,FULL_ANGLE
0,223.6268,t4048,LIDAR_ONLY,28.1050,28.1050,,,,,,,,9.55,1.38,drive,-29.64,front,LIDAR_ONLY
0,223.6941,t4050,BOTH,17.0976,17.4699,17.2701,0.1725,0.1999,0.9987,1.1573,1,1,12.73,4.76,warning,2.95,,FULL_ANGLE
0,223.6941,t4052,LIDAR_ONLY,18.3170,18.3170,73.9818,55.6649,55.6649,75.2413,75.2413,0,0,12.73,4.76,drive,18.26,front,LIDAR_ONLY
0,223.7778,cam_3,CAM_ONLY,17.4058,,17.2701,0.1357,,0.7860,,1,,21.72,4.63,warning,3.09,,CAMERA_ONLY
0,223.8528,cam_3,CAM_ONLY,18.1117,,17.2701,0.8416,,4.8731,,1,,16.84,9.43,warning,3.09,,CAMERA_ONLY
0,223.9124,cam_3,CAM_ONLY,18.3384,,17.2701,1.0683,,6.1860,,0,,9.08,7.48,warning,3.04,,CAMERA_ONLY
0,223.9757,cam_3,CAM_ONLY,17.1985,,17.2701,0.0716,,0.4145,,1,,12.23,3.84,warning,3.04,,CAMERA_ONLY
0,224.1257,cam_3,CAM_ONLY,16.8827,,17.2709,0.3882,,2.2475,,1,,14.39,4.24,warning,3.04,,CAMERA_ONLY
0,224.1875,t4062,BOTH,16.9316,17.4621,17.2708,0.3393,0.1912,1.9645,1.1073,1,1,12.07,1.17,warning,3.00,,FULL_ANGLE
0,224.1875,t4060,LIDAR_ONLY,28.2668,28.2668,,,,,,,,12.07,1.17,drive,-29.36,front,LIDAR_ONLY
0,224.1875,t4061,LIDAR_ONLY,15.5024,15.5024,73.9818,58.4794,58.4794,79.0457,79.0457,0,0,12.07,1.17,drive,20.33,front,LIDAR_ONLY
0,224.2620,cam_3,CAM_ONLY,16.8647,,17.2708,0.4062,,2.3517,,1,,13.45,9.67,warning,3.00,,CAMERA_ONLY
0,224.3185,cam_3,CAM_ONLY,16.8490,,17.2708,0.4218,,2.4425,,1,,9.43,4.19,warning,2.95,,CAMERA_ONLY
0,224.3854,t4062,BOTH,16.8941,17.4623,17.2708,0.3767,0.1915,2.1813,1.1087,1,1,13.93,1.15,warning,3.00,,FULL_ANGLE
0,224.4659,cam_3,CAM_ONLY,16.7843,,17.2708,0.4865,,2.8169,,1,,14.25,16.07,warning,3.00,,CAMERA_ONLY
0,224.5343,t4062,BOTH,16.9952,17.4510,17.2708,0.2756,0.1802,1.5959,1.0433,1,1,17.55,1.63,warning,3.00,,FULL_ANGLE
0,224.5343,t4068,LIDAR_ONLY,28.2654,28.2654,42.6411,14.3757,14.3757,33.7132,33.7132,0,0,17.55,1.63,drive,-29.38,front,LIDAR_ONLY
0,224.6123,cam_3,CAM_ONLY,16.8623,,17.2708,0.4086,,2.3658,,1,,19.31,15.27,warning,3.00,,CAMERA_ONLY
0,224.6865,cam_3,CAM_ONLY,17.0488,,17.2708,0.2221,,1.2858,,1,,20.95,4.25,warning,3.00,,CAMERA_ONLY
0,224.6865,t4068,LIDAR_ONLY,28.2103,28.2103,39.1787,10.9684,10.9684,27.9958,27.9958,0,0,20.95,4.25,drive,-29.44,front,LIDAR_ONLY
0,224.7574,cam_3,CAM_ONLY,17.0125,,17.2708,0.2584,,1.4961,,1,,13.75,9.80,warning,3.00,,CAMERA_ONLY
0,224.8726,cam_3,CAM_ONLY,16.8677,,17.2708,0.4032,,2.3346,,1,,18.42,12.77,warning,3.00,,CAMERA_ONLY
0,224.9407,t4074,BOTH,16.8026,17.4752,17.2708,0.4682,0.2043,2.7110,1.1830,1,1,15.43,2.76,warning,3.00,,FULL_ANGLE
0,224.9407,t4073,LIDAR_ONLY,16.5489,16.5489,73.9818,57.4329,57.4329,77.6312,77.6312,0,0,15.43,2.76,drive,19.48,front,LIDAR_ONLY
0,225.0180,cam_3,CAM_ONLY,16.8737,,17.2708,0.3971,,2.2994,,1,,23.33,4.27,warning,3.00,,CAMERA_ONLY
0,225.1069,cam_3,CAM_ONLY,16.7758,,17.2708,0.4950,,2.8662,,1,,16.76,10.71,warning,3.00,,CAMERA_ONLY
0,225.1720,cam_3,CAM_ONLY,16.8373,,17.2708,0.4336,,2.5103,,1,,13.03,4.57,warning,3.00,,CAMERA_ONLY
0,225.2300,t4081,BOTH,16.6643,17.4585,17.2708,0.6065,0.1876,3.5118,1.0863,1,1,9.96,1.34,warning,3.00,,FULL_ANGLE
0,225.2300,t4079,LIDAR_ONLY,12.8191,12.8191,73.9818,61.1627,61.1627,82.6726,82.6726,0,0,9.96,1.34,cautious,23.16,front,LIDAR_ONLY
0,225.2300,t4079,LIDAR_ONLY,12.8992,12.8992,73.9818,61.0826,61.0826,82.5644,82.5644,0,0,9.96,1.34,cautious,18.98,front,LIDAR_ONLY
0,225.2300,t4080,LIDAR_ONLY,28.1708,28.1708,,,,,,,,9.96,1.34,drive,-29.59,front,LIDAR_ONLY
0,225.2978,t4081,BOTH,16.7922,17.4570,17.2708,0.4787,0.1861,2.7717,1.0777,1,1,14.77,7.17,warning,3.00,,FULL_ANGLE
0,225.2978,t4079,LIDAR_ONLY,13.1250,13.1250,73.9818,60.8568,60.8568,82.2592,82.2592,0,0,14.77,7.17,cautious,18.39,front,LIDAR_ONLY
0,225.2978,t4079,LIDAR_ONLY,13.3471,13.3471,73.9818,60.6347,60.6347,81.9589,81.9589,0,0,14.77,7.17,cautious,19.63,front,LIDAR_ONLY
0,225.3693,cam_3,CAM_ONLY,16.7759,,17.2708,0.4949,,2.8655,,1,,12.90,2.88,warning,3.00,,CAMERA_ONLY
0,225.4864,cam_3,CAM_ONLY,16.8234,,17.2708,0.4474,,2.5906,,1,,22.95,17.11,warning,3.00,,CAMERA_ONLY
0,225.5650,cam_3,CAM_ONLY,16.7521,,17.2708,0.5187,,3.0034,,1,,12.77,15.27,warning,2.95,,CAMERA_ONLY
0,225.6368,t4089,BOTH,16.8342,17.4885,17.2708,0.4367,0.2177,2.5285,1.2605,1,1,10.00,1.52,warning,2.95,,FULL_ANGLE
0,225.6368,t4087,LIDAR_ONLY,28.1632,28.1632,,,,,,,,10.00,1.52,drive,-29.52,front,LIDAR_ONLY
0,225.6368,t4088,LIDAR_ONLY,10.8476,10.8476,73.9818,63.1342,63.1342,85.3375,85.3375,0,0,10.00,1.52,cautious,26.54,front,LIDAR_ONLY
0,225.6368,t4088,LIDAR_ONLY,11.0164,11.0164,73.9818,62.9655,62.9655,85.1094,85.1094,0,0,10.00,1.52,cautious,20.85,front,LIDAR_ONLY
0,225.6368,t4088,LIDAR_ONLY,11.2503,11.2503,73.9818,62.7315,62.7315,84.7932,84.7932,0,0,10.00,1.52,cautious,18.29,front,LIDAR_ONLY
0,225.6368,t4088,LIDAR_ONLY,11.5310,11.5310,73.9818,62.4508,62.4508,84.4138,84.4138,0,0,10.00,1.52,cautious,19.38,front,LIDAR_ONLY
0,225.7109,cam_3,CAM_ONLY,16.7994,,17.2708,0.4714,,2.7297,,1,,12.69,14.06,warning,3.00,,CAMERA_ONLY
0,225.8000,cam_3,CAM_ONLY,16.8015,,17.2708,0.4694,,2.7177,,1,,23.81,7.83,warning,3.00,,CAMERA_ONLY
0,225.8000,t4088,LIDAR_ONLY,11.8411,11.8411,73.9818,62.1407,62.1407,83.9946,83.9946,0,0,23.81,7.83,cautious,18.37,front,LIDAR_ONLY
0,225.8000,t4088,LIDAR_ONLY,13.2731,13.2731,73.9818,60.7087,60.7087,82.0589,82.0589,0,0,23.81,7.83,cautious,19.17,front,LIDAR_ONLY
0,225.8704,cam_3,CAM_ONLY,16.8179,,17.2708,0.4529,,2.6226,,1,,13.84,8.91,warning,3.00,,CAMERA_ONLY
0,225.9361,cam_3,CAM_ONLY,16.8825,,17.2708,0.3884,,2.2486,,1,,14.22,3.27,warning,2.95,,CAMERA_ONLY
0,225.9361,t4092,LIDAR_ONLY,28.0232,28.0232,,,,,,,,14.22,3.27,drive,-29.75,front,LIDAR_ONLY
0,226.0088,cam_3,CAM_ONLY,16.8041,,17.2708,0.4668,,2.7027,,1,,11.96,9.95,warning,3.00,,CAMERA_ONLY
0,226.0796,cam_3,CAM_ONLY,16.7913,,17.2708,0.4795,,2.7764,,1,,17.04,7.87,warning,3.00,,CAMERA_ONLY
0,226.1384,t4101,BOTH,16.8131,17.4770,17.2708,0.4577,0.2062,2.6502,1.1937,1,1,9.79,1.45,warning,3.00,,FULL_ANGLE
0,226.1384,t4100,LIDAR_ONLY,11.8406,11.8406,73.9818,62.1412,62.1412,83.9952,83.9952,0,0,9.79,1.45,cautious,24.83,front,LIDAR_ONLY
0,226.1384,t4100,LIDAR_ONLY,11.9109,11.9109,73.9818,62.0709,62.0709,83.9002,83.9002,0,0,9.79,1.45,cautious,18.05,front,LIDAR_ONLY
0,226.2120,cam_3,CAM_ONLY,16.8601,,17.2708,0.4108,,2.3783,,1,,18.23,8.63,warning,3.00,,CAMERA_ONLY
0,226.2831,cam_3,CAM_ONLY,16.9021,,17.2708,0.3687,,2.1351,,1,,15.03,2.41,warning,3.00,,CAMERA_ONLY
0,226.2831,t4105,LIDAR_ONLY,12.9120,12.9120,10.1993,2.7128,2.7128,26.5976,26.5976,0,0,15.03,2.41,cautious,-28.77,front,LIDAR_ONLY
0,226.3521,cam_3,CAM_ONLY,16.7929,,17.2708,0.4779,,2.7672,,1,,12.61,8.30,warning,2.95,,CAMERA_ONLY
0,226.4197,cam_3,CAM_ONLY,16.9856,,17.2708,0.2853,,1.6518,,1,,16.11,3.17,warning,2.95,,CAMERA_ONLY
0,226.4783,cam_3,CAM_ONLY,16.8286,,17.2708,0.4422,,2.5606,,1,,10.42,1.81,warning,2.95,,CAMERA_ONLY
0,226.4783,t4105,LIDAR_ONLY,13.2503,13.2503,15.0590,1.8087,1.8087,12.0107,12.0107,0,0,10.42,1.81,cautious,-21.48,front,LIDAR_ONLY
0,226.4783,t4105,LIDAR_ONLY,13.5508,13.5508,15.0590,1.5082,1.5082,10.0152,10.0152,0,0,10.42,1.81,cautious,-17.65,front,LIDAR_ONLY
0,226.5510,cam_3,CAM_ONLY,17.0288,,17.2708,0.2420,,1.4013,,1,,12.97,8.61,warning,3.00,,CAMERA_ONLY
0,226.6186,cam_3,CAM_ONLY,17.0613,,17.2708,0.2096,,1.2136,,1,,10.45,7.83,warning,3.00,,CAMERA_ONLY
0,226.6824,t4111,BOTH,17.2491,17.4519,17.2708,0.0217,0.1811,0.1257,1.0484,1,1,12.42,1.62,warning,3.00,,FULL_ANGLE
0,226.6824,t4109,LIDAR_ONLY,28.0646,28.0646,,,,,,,,12.42,1.62,drive,-29.68,front,LIDAR_ONLY
0,226.6824,t4105,LIDAR_ONLY,14.0427,14.0427,19.9037,5.8610,5.8610,29.4467,29.4467,0,0,12.42,1.62,cautious,-15.76,front,LIDAR_ONLY
0,226.7554,cam_3,CAM_ONLY,17.1329,,17.2708,0.1380,,0.7988,,1,,12.37,9.99,warning,2.95,,CAMERA_ONLY
0,226.8226,cam_3,CAM_ONLY,18.0092,,17.2708,0.7384,,4.2752,,1,,11.84,2.84,warning,3.00,,CAMERA_ONLY
0,226.8791,cam_3,CAM_ONLY,17.3635,,17.2708,0.0926,,0.5363,,1,,10.21,2.66,warning,3.00,,CAMERA_ONLY
0,226.9381,t4118,BOTH,17.4213,17.4849,17.2708,0.1504,0.2140,0.8711,1.2394,1,1,11.69,2.22,warning,2.95,,FULL_ANGLE
0,226.9381,t4116,LIDAR_ONLY,28.0488,28.0488,,,,,,,,11.69,2.22,drive,-29.60,front,LIDAR_ONLY
0,226.9381,t4117,LIDAR_ONLY,11.3275,11.3275,,,,,,,,11.69,2.22,cautious,25.91,front,LIDAR_ONLY
0,227.0130,cam_3,CAM_ONLY,17.2493,,17.2708,0.0215,,0.1248,,1,,14.54,11.17,warning,2.95,,CAMERA_ONLY
0,227.0727,cam_3,CAM_ONLY,17.0870,,17.2708,0.1839,,1.0648,,1,,10.99,2.89,warning,2.95,,CAMERA_ONLY
0,227.1351,t4118,BOTH,17.0623,17.4817,17.2708,0.2086,0.2109,1.2077,1.2209,1,1,16.40,1.57,warning,2.95,,FULL_ANGLE
0,227.1351,t4116,LIDAR_ONLY,28.0356,28.0356,,,,,,,,16.40,1.57,drive,-29.64,front,LIDAR_ONLY
0,227.1351,t4117,LIDAR_ONLY,11.1805,11.1805,73.9818,62.8013,62.8013,84.8875,84.8875,0,0,16.40,1.57,cautious,26.39,front,LIDAR_ONLY
0,227.1351,t4117,LIDAR_ONLY,11.2935,11.2935,73.9818,62.6883,62.6883,84.7347,84.7347,0,0,16.40,1.57,cautious,19.33,front,LIDAR_ONLY
0,227.2080,cam_3,CAM_ONLY,17.0324,,17.2708,0.2384,,1.3806,,1,,12.01,9.87,warning,2.95,,CAMERA_ONLY
0,227.2813,cam_3,CAM_ONLY,18.5014,,17.2708,1.2306,,7.1252,,0,,13.13,2.73,warning,2.95,,CAMERA_ONLY
0,227.2813,t4116,LIDAR_ONLY,28.0376,28.0376,,,,,,,,13.13,2.73,drive,-29.64,front,LIDAR_ONLY
0,227.3531,cam_3,CAM_ONLY,18.8032,,17.2708,1.5324,,8.8727,,0,,16.23,9.38,warning,2.91,,CAMERA_ONLY
0,227.4206,cam_3,CAM_ONLY,18.4605,,17.2708,1.1897,,6.8884,,0,,14.58,2.65,warning,2.86,,CAMERA_ONLY
0,227.4853,t4126,BOTH,18.4705,17.4850,17.2708,1.1997,0.2142,6.9463,1.2401,0,1,17.77,1.43,warning,2.86,,FULL_ANGLE
0,227.4853,t4116,LIDAR_ONLY,28.0429,28.0429,,,,,,,,17.77,1.43,drive,-29.56,front,LIDAR_ONLY
0,227.4853,t4125,LIDAR_ONLY,13.0949,13.0949,73.9818,60.8869,60.8869,82.2998,82.2998,0,0,17.77,1.43,cautious,22.82,front,LIDAR_ONLY
0,227.4853,t4125,LIDAR_ONLY,13.1927,13.1927,73.9818,60.7891,60.7891,82.1677,82.1677,0,0,17.77,1.43,cautious,18.26,front,LIDAR_ONLY
0,227.5653,cam_3,CAM_ONLY,17.5135,,17.2708,0.2427,,1.4051,,1,,12.95,13.73,warning,2.95,,CAMERA_ONLY
0,227.6264,cam_3,CAM_ONLY,17.8228,,17.2708,0.5519,,3.1957,,1,,11.51,3.38,warning,2.95,,CAMERA_ONLY
0,227.7001,t4126,BOTH,17.3839,17.4742,17.2708,0.1130,0.2033,0.6544,1.1772,1,1,14.04,8.08,warning,2.95,,FULL_ANGLE
0,227.7001,t4125,LIDAR_ONLY,13.3705,13.3705,73.9818,60.6113,60.6113,81.9273,81.9273,0,0,14.04,8.08,cautious,18.42,front,LIDAR_ONLY
0,227.7697,cam_3,CAM_ONLY,17.2207,,17.2708,0.0502,,0.2906,,1,,11.72,4.78,warning,2.82,,CAMERA_ONLY
0,227.8395,cam_3,CAM_ONLY,40.6285,,47.1145,6.4860,,13.7665,,0,,14.89,2.43,safe,2.91,,CAMERA_ONLY
0,227.8395,t4125,LIDAR_ONLY,13.6074,13.6074,73.9818,60.3744,60.3744,81.6071,81.6071,0,0,14.89,2.43,cautious,18.37,front,LIDAR_ONLY
0,227.8395,t4126,LIDAR_ONLY,17.4671,17.4671,17.2708,0.1963,0.1963,1.1363,1.1363,1,1,14.89,2.43,drive,2.91,front,LIDAR_ONLY
0,227.9142,cam_3,CAM_ONLY,17.1166,,17.2721,0.1554,,0.8999,,1,,14.77,9.99,warning,3.00,,CAMERA_ONLY
0,227.9749,cam_3,CAM_ONLY,16.6720,,17.2724,0.6005,,3.4765,,1,,10.50,3.43,warning,3.00,,CAMERA_ONLY
0,228.0532,cam_3,CAM_ONLY,16.9767,,17.2724,0.2957,,1.7121,,1,,15.20,8.89,warning,3.00,,CAMERA_ONLY
0,228.1183,cam_3,CAM_ONLY,16.8189,,17.2724,0.4535,,2.6256,,1,,10.75,6.23,warning,3.00,,CAMERA_ONLY
0,228.1900,t4140,BOTH,17.2881,17.5447,17.2724,0.0157,0.2723,0.0909,1.5764,1,1,14.07,2.99,warning,3.00,,FULL_ANGLE
0,228.1900,t4139,LIDAR_ONLY,18.3406,18.3406,73.9817,55.6411,55.6411,75.2092,75.2092,0,0,14.07,2.99,drive,18.26,front,LIDAR_ONLY
0,228.2729,cam_3,CAM_ONLY,17.6138,,17.2724,0.3414,,1.9765,,1,,21.78,5.75,warning,3.09,,CAMERA_ONLY
0,228.3388,t4140,BOTH,18.1299,17.5150,17.2724,0.8574,0.2426,4.9642,1.4046,1,1,11.21,1.57,warning,3.09,,FULL_ANGLE
0,228.3388,t4144,LIDAR_ONLY,28.1211,28.1211,,,,,,,,11.21,1.57,drive,-29.49,front,LIDAR_ONLY
0,228.3388,t4139,LIDAR_ONLY,14.3193,14.3193,73.9817,59.6625,59.6625,80.6449,80.6449,0,0,11.21,1.57,cautious,22.11,front,LIDAR_ONLY
0,228.3388,t4139,LIDAR_ONLY,14.4561,14.4561,73.9817,59.5256,59.5256,80.4599,80.4599,0,0,11.21,1.57,cautious,18.16,front,LIDAR_ONLY
0,228.3388,t4139,LIDAR_ONLY,14.5985,14.5985,73.9817,59.3832,59.3832,80.2674,80.2674,0,0,11.21,1.57,cautious,19.64,front,LIDAR_ONLY
0,228.3388,t4140,LIDAR_ONLY,17.5081,17.5081,17.2724,0.2356,0.2356,1.3643,1.3643,1,1,11.21,1.57,drive,4.69,front,LIDAR_ONLY
0,228.4861,t4140,BOTH,17.0479,17.4982,17.2732,0.2253,0.2250,1.3046,1.3026,1,1,17.56,2.57,warning,3.04,,FULL_ANGLE
0,228.4861,t4144,LIDAR_ONLY,28.0534,28.0534,,,,,,,,17.56,2.57,drive,-29.76,front,LIDAR_ONLY
0,228.4861,t4140,LIDAR_ONLY,17.5052,17.5052,17.2732,0.2320,0.2320,1.3433,1.3433,1,1,17.56,2.57,drive,1.45,front,LIDAR_ONLY
0,228.5948,t4140,BOTH,16.5961,17.4566,17.2728,0.6767,0.1838,3.9178,1.0640,1,1,18.73,3.15,warning,3.04,,FULL_ANGLE
0,228.5948,t4144,LIDAR_ONLY,28.0616,28.0616,,,,,,,,18.73,3.15,drive,-29.43,front,LIDAR_ONLY
0,228.5948,t4139,LIDAR_ONLY,10.6543,10.6543,,,,,,,,18.73,3.15,cautious,29.30,front,LIDAR_ONLY
0,228.5948,t4148,LIDAR_ONLY,18.5092,18.5092,73.9817,55.4725,55.4725,74.9814,74.9814,0,0,18.73,3.15,drive,18.15,front,LIDAR_ONLY
0,228.5948,t4148,LIDAR_ONLY,17.8991,17.8991,73.9817,56.0826,56.0826,75.8060,75.8060,0,0,18.73,3.15,drive,19.07,front,LIDAR_ONLY
0,228.6691,cam_3,CAM_ONLY,16.8464,,17.2728,0.4264,,2.4687,,1,,13.88,6.34,warning,3.04,,CAMERA_ONLY
0,228.7347,t4140,BOTH,16.6555,17.4890,17.2728,0.6173,0.2161,3.5740,1.2513,1,1,9.35,2.73,warning,3.00,,FULL_ANGLE
0,228.7347,t4148,LIDAR_ONLY,17.7915,17.7915,73.9817,56.1902,56.1902,75.9515,75.9515,0,0,9.35,2.73,drive,18.68,front,LIDAR_ONLY
0,228.7347,t4140,LIDAR_ONLY,17.4791,17.4791,17.2728,0.2062,0.2062,1.1940,1.1940,1,1,9.35,2.73,drive,3.45,front,LIDAR_ONLY
0,228.8173,cam_3,CAM_ONLY,16.6731,,17.2728,0.5997,,3.4722,,1,,14.74,7.74,warning,3.00,,CAMERA_ONLY
0,228.8956,t4140,BOTH,16.7144,17.4915,17.2728,0.5585,0.2187,3.2333,1.2661,1,1,17.30,5.85,warning,3.00,,FULL_ANGLE
0,228.8956,t4148,LIDAR_ONLY,17.8178,17.8178,73.9817,56.1639,56.1639,75.9159,75.9159,0,0,17.30,5.85,drive,18.40,front,LIDAR_ONLY
0,228.8956,t4148,LIDAR_ONLY,17.7066,17.7066,73.9817,56.2751,56.2751,76.0662,76.0662,0,0,17.30,5.85,drive,19.36,front,LIDAR_ONLY
0,228.9636,cam_3,CAM_ONLY,16.6933,,17.2728,0.5795,,3.3551,,1,,8.93,6.63,warning,3.00,,CAMERA_ONLY
0,229.0306,cam_3,CAM_ONLY,16.7001,,17.2728,0.5728,,3.3161,,1,,11.73,3.68,warning,3.00,,CAMERA_ONLY
0,229.1080,cam_3,CAM_ONLY,16.6670,,17.2728,0.6058,,3.5074,,1,,9.40,10.25,warning,3.00,,CAMERA_ONLY
0,229.1783,cam_3,CAM_ONLY,16.6458,,17.2728,0.6270,,3.6301,,1,,12.94,3.35,warning,3.00,,CAMERA_ONLY
0,229.2506,t4158,BOTH,16.7445,17.4677,17.2728,0.5283,0.1949,3.0586,1.1281,1,1,14.24,8.43,warning,3.00,,FULL_ANGLE
0,229.3243,cam_3,CAM_ONLY,16.6508,,17.2728,0.6220,,3.6011,,1,,16.78,5.96,warning,3.00,,CAMERA_ONLY
0,229.3899,t4158,BOTH,16.8051,17.4532,17.2728,0.4677,0.1804,2.7077,1.0445,1,1,10.98,2.81,warning,3.00,,FULL_ANGLE
0,229.3899,t4162,LIDAR_ONLY,16.5389,16.5389,73.9817,57.4428,57.4428,77.6447,77.6447,0,0,10.98,2.81,drive,19.49,front,LIDAR_ONLY
0,229.3899,t4162,LIDAR_ONLY,16.7601,16.7601,73.9817,57.2216,57.2216,77.3456,77.3456,0,0,10.98,2.81,drive,18.23,front,LIDAR_ONLY
0,229.4740,cam_3,CAM_ONLY,16.8146,,17.2728,0.4582,,2.6530,,1,,19.16,3.15,warning,3.00,,CAMERA_ONLY
0,229.5446,t4158,BOTH,16.6910,17.4507,17.2728,0.5819,0.1778,3.3688,1.0295,1,1,20.68,3.32,warning,3.00,,FULL_ANGLE
0,229.5446,t4164,LIDAR_ONLY,28.1291,28.1291,50.6476,22.5185,22.5185,44.4611,44.4611,0,0,20.68,3.32,drive,-29.60,front,LIDAR_ONLY
0,229.5446,t4162,LIDAR_ONLY,11.3303,11.3303,73.9817,62.6514,62.6514,84.6851,84.6851,0,0,20.68,3.32,cautious,26.61,front,LIDAR_ONLY
0,229.5446,t4162,LIDAR_ONLY,11.3722,11.3722,73.9817,62.6095,62.6095,84.6284,84.6284,0,0,20.68,3.32,cautious,18.84,front,LIDAR_ONLY
0,229.6176,cam_3,CAM_ONLY,16.7521,,17.2728,0.5208,,3.0151,,1,,12.88,7.77,warning,3.00,,CAMERA_ONLY
0,229.6819,cam_3,CAM_ONLY,16.6337,,17.2728,0.6391,,3.7003,,1,,9.26,3.01,warning,3.00,,CAMERA_ONLY
0,229.6819,t4164,LIDAR_ONLY,28.1389,28.1389,47.4840,19.3451,19.3451,40.7402,40.7402,0,0,9.26,3.01,drive,-29.53,front,LIDAR_ONLY
0,229.7483,cam_3,CAM_ONLY,16.6879,,17.2728,0.5849,,3.3864,,1,,12.65,7.75,warning,3.00,,CAMERA_ONLY
0,229.7483,t4162,LIDAR_ONLY,11.4475,11.4475,73.9817,62.5341,62.5341,84.5265,84.5265,0,0,12.65,7.75,cautious,18.26,front,LIDAR_ONLY
0,229.7483,t4162,LIDAR_ONLY,11.5533,11.5533,73.9817,62.4283,62.4283,84.3835,84.3835,0,0,12.65,7.75,cautious,19.65,front,LIDAR_ONLY
0,229.8195,cam_3,CAM_ONLY,16.7110,,17.2728,0.5619,,3.2530,,1,,18.14,3.19,warning,3.00,,CAMERA_ONLY
0,229.8971,t4171,BOTH,16.7038,17.4959,17.2728,0.5691,0.2230,3.2946,1.2912,1,1,17.78,5.08,warning,3.00,,FULL_ANGLE
0,229.8971,t4162,LIDAR_ONLY,11.6396,11.6396,73.9817,62.3421,62.3421,84.2669,84.2669,0,0,17.78,5.08,cautious,20.21,front,LIDAR_ONLY
0,229.8971,t4162,LIDAR_ONLY,13.1356,13.1356,73.9817,60.8461,60.8461,82.2448,82.2448,0,0,17.78,5.08,cautious,19.03,front,LIDAR_ONLY
0,229.8971,t4162,LIDAR_ONLY,14.1506,14.1506,73.9817,59.8311,59.8311,80.8728,80.8728,0,0,17.78,5.08,cautious,19.44,front,LIDAR_ONLY
0,229.9766,cam_3,CAM_ONLY,16.6684,,17.2728,0.6045,,3.4995,,1,,18.42,5.68,warning,3.00,,CAMERA_ONLY
0,230.0641,cam_3,CAM_ONLY,16.6549,,17.2728,0.6179,,3.5776,,1,,19.79,10.80,warning,3.00,,CAMERA_ONLY
0,230.1481,t4171,BOTH,16.7650,17.5125,17.2728,0.5078,0.2396,2.9401,1.3874,1,1,23.53,6.45,warning,3.00,,FULL_ANGLE
0,230.1481,t4176,LIDAR_ONLY,28.0626,28.0626,36.5980,8.5354,8.5354,23.3220,23.3220,0,0,23.53,6.45,drive,-29.66,front,LIDAR_ONLY
0,230.2261,cam_3,CAM_ONLY,16.5847,,17.2728,0.6881,,3.9837,,1,,20.17,5.00,warning,3.00,,CAMERA_ONLY
0,230.3035,cam_3,CAM_ONLY,16.6509,,17.2728,0.6219,,3.6005,,1,,10.13,11.47,warning,3.00,,CAMERA_ONLY
0,230.3746,cam_3,CAM_ONLY,16.6530,,17.2728,0.6199,,3.5887,,1,,15.33,8.39,warning,3.00,,CAMERA_ONLY
0,230.4578,cam_3,CAM_ONLY,16.7872,,17.2728,0.4857,,2.8118,,1,,13.11,11.30,warning,2.95,,CAMERA_ONLY
0,230.5194,cam_3,CAM_ONLY,16.6741,,17.2728,0.5987,,3.4664,,1,,9.61,4.68,warning,3.00,,CAMERA_ONLY
0,230.5819,cam_3,CAM_ONLY,16.7713,,17.2728,0.5015,,2.9035,,1,,15.04,2.02,warning,3.00,,CAMERA_ONLY
0,230.5819,t4181,LIDAR_ONLY,28.0500,28.0500,,,,,,,,15.04,2.02,drive,-29.77,front,LIDAR_ONLY
0,230.6585,cam_3,CAM_ONLY,16.6667,,17.2728,0.6062,,3.5093,,1,,15.71,10.15,warning,3.00,,CAMERA_ONLY
0,230.7389,t4187,BOTH,16.6226,17.4537,17.2728,0.6502,0.1809,3.7645,1.0472,1,1,12.26,4.60,warning,3.00,,FULL_ANGLE
0,230.7389,t4186,LIDAR_ONLY,18.0166,18.0166,73.9817,55.9650,55.9650,75.6472,75.6472,0,0,12.26,4.60,drive,18.46,front,LIDAR_ONLY
0,230.7389,t4186,LIDAR_ONLY,17.1283,17.1283,73.9817,56.8533,56.8533,76.8479,76.8479,0,0,12.26,4.60,drive,19.65,front,LIDAR_ONLY
0,230.8155,cam_3,CAM_ONLY,16.6645,,17.2728,0.6084,,3.5220,,1,,9.12,2.81,warning,3.00,,CAMERA_ONLY
0,230.8747,cam_3,CAM_ONLY,16.7867,,17.2728,0.4861,,2.8143,,1,,12.52,3.24,warning,3.00,,CAMERA_ONLY
0,230.9358,t4187,BOTH,16.6745,17.4566,17.2728,0.5983,0.1838,3.4639,1.0639,1,1,9.46,1.04,warning,3.00,,FULL_ANGLE
0,230.9358,t4191,LIDAR_ONLY,28.2225,28.2225,,,,,,,,9.46,1.04,drive,-29.55,front,LIDAR_ONLY
0,231.0159,cam_3,CAM_ONLY,16.6881,,17.2728,0.5847,,3.3852,,1,,16.91,10.72,warning,3.00,,CAMERA_ONLY
0,231.1020,cam_3,CAM_ONLY,16.6465,,17.2728,0.6263,,3.6261,,1,,22.29,9.28,warning,3.00,,CAMERA_ONLY
0,231.1020,t4195,LIDAR_ONLY,17.5854,17.5854,73.9817,56.3963,56.3963,76.2301,76.2301,0,0,22.29,9.28,drive,18.74,front,LIDAR_ONLY
0,231.1694,cam_3,CAM_ONLY,16.7306,,17.2728,0.5422,,3.1393,,1,,13.62,4.55,warning,3.00,,CAMERA_ONLY
0,231.2361,t4198,BOTH,16.6373,17.6161,17.2728,0.6356,0.3433,3.6797,1.9873,1,1,12.13,1.37,warning,3.00,,FULL_ANGLE
0,231.2361,t4197,LIDAR_ONLY,28.1773,28.1773,,,,,,,,12.13,1.37,drive,-29.58,front,LIDAR_ONLY
0,231.2361,t4195,LIDAR_ONLY,14.1250,14.1250,73.9817,59.8567,59.8567,80.9075,80.9075,0,0,12.13,1.37,cautious,22.89,front,LIDAR_ONLY
0,231.2361,t4195,LIDAR_ONLY,14.2332,14.2332,73.9817,59.7485,59.7485,80.7611,80.7611,0,0,12.13,1.37,cautious,19.26,front,LIDAR_ONLY
0,231.2361,t4198,LIDAR_ONLY,17.9242,17.9242,17.2728,0.6514,0.6514,3.7710,3.7710,1,1,12.13,1.37,drive,4.66,front,LIDAR_ONLY
0,231.3060,cam_3,CAM_ONLY,16.7569,,17.2728,0.5159,,2.9868,,1,,10.86,10.26,warning,3.00,,CAMERA_ONLY
0,231.3687,cam_3,CAM_ONLY,16.7265,,17.2728,0.5463,,3.1628,,1,,9.52,7.76,warning,3.00,,CAMERA_ONLY
0,231.4360,t4198,BOTH,16.5302,17.5465,17.2728,0.7426,0.2736,4.2992,1.5841,1,1,10.81,1.33,warning,3.00,,FULL_ANGLE
0,231.4360,t4195,LIDAR_ONLY,13.6260,13.6260,73.9817,60.3557,60.3557,81.5819,81.5819,0,0,10.81,1.33,cautious,23.75,front,LIDAR_ONLY
0,231.4360,t4195,LIDAR_ONLY,13.7427,13.7427,73.9817,60.2390,60.2390,81.4243,81.4243,0,0,10.81,1.33,cautious,19.26,front,LIDAR_ONLY
0,231.4360,t4195,LIDAR_ONLY,13.5835,13.5835,73.9817,60.3982,60.3982,81.6394,81.6394,0,0,10.81,1.33,cautious,20.51,front,LIDAR_ONLY
0,231.5105,cam_3,CAM_ONLY,16.8345,,17.2728,0.4383,,2.5376,,1,,12.66,10.34,warning,3.00,,CAMERA_ONLY
0,231.5885,t4198,BOTH,16.7068,17.5184,17.2728,0.5660,0.2456,3.2771,1.4219,1,1,18.38,1.58,warning,3.00,,FULL_ANGLE
0,231.5885,t4200,LIDAR_ONLY,28.1334,28.1334,,,,,,,,18.38,1.58,drive,-29.52,front,LIDAR_ONLY
0,231.5885,t4195,LIDAR_ONLY,12.9598,12.9598,73.9817,61.0219,61.0219,82.4825,82.4825,0,0,18.38,1.58,cautious,24.77,front,LIDAR_ONLY
0,231.5885,t4195,LIDAR_ONLY,12.9825,12.9825,73.9817,60.9992,60.9992,82.4518,82.4518,0,0,18.38,1.58,cautious,18.51,front,LIDAR_ONLY
0,231.5885,t4195,LIDAR_ONLY,13.1907,13.1907,73.9817,60.7910,60.7910,82.1703,82.1703,0,0,18.38,1.58,cautious,20.15,front,LIDAR_ONLY
0,231.6671,cam_3,CAM_ONLY,16.3847,,17.2728,0.8881,,5.1418,,1,,15.96,9.70,warning,3.00,,CAMERA_ONLY
0,231.7338,cam_3,CAM_ONLY,15.8807,,17.2728,1.3921,,8.0597,,0,,14.24,1.74,warning,3.00,,CAMERA_ONLY
0,231.7338,t4200,LIDAR_ONLY,28.1191,28.1191,,,,,,,,14.24,1.74,drive,-29.45,front,LIDAR_ONLY
0,231.8213,cam_3,CAM_ONLY,15.7250,,17.2728,1.5478,,8.9611,,0,,20.51,14.77,warning,2.95,,CAMERA_ONLY
0,231.8833,cam_3,CAM_ONLY,16.0067,,17.2728,1.2661,,7.3300,,0,,10.87,2.16,warning,2.95,,CAMERA_ONLY
0,231.8833,t4200,LIDAR_ONLY,28.1107,28.1107,,,,,,,,10.87,2.16,drive,-29.65,front,LIDAR_ONLY
0,231.9412,t4205,BOTH,16.0339,17.4420,17.2728,1.2390,0.1691,7.1729,0.9792,0,1,9.49,2.84,warning,2.95,,FULL_ANGLE
0,232.0146,cam_3,CAM_ONLY,16.1790,,17.2728,1.0938,,6.3327,,0,,11.20,7.52,warning,2.95,,CAMERA_ONLY
0,232.0797,cam_3,CAM_ONLY,16.9179,,17.2728,0.3549,,2.0549,,1,,11.03,1.95,warning,2.95,,CAMERA_ONLY
0,232.0797,t4200,LIDAR_ONLY,28.0975,28.0975,,,,,,,,11.03,1.95,drive,-29.61,front,LIDAR_ONLY
0,232.1586,cam_3,CAM_ONLY,17.1557,,17.2728,0.1171,,0.6781,,1,,21.08,8.11,warning,3.00,,CAMERA_ONLY
0,232.2308,cam_3,CAM_ONLY,16.8298,,17.2728,0.4431,,2.5652,,1,,16.53,3.76,warning,3.00,,CAMERA_ONLY
0,232.3194,cam_3,CAM_ONLY,17.0026,,17.2728,0.2702,,1.5644,,1,,12.47,5.72,warning,2.95,,CAMERA_ONLY
0,232.3814,cam_3,CAM_ONLY,16.6790,,17.2728,0.5939,,3.4382,,1,,16.92,1.68,warning,2.95,,CAMERA_ONLY
0,232.3814,t4212,LIDAR_ONLY,28.1726,28.1726,,,,,,,,16.92,1.68,drive,-29.57,front,LIDAR_ONLY
0,232.4751,cam_3,CAM_ONLY,16.5889,,17.2728,0.6839,,3.9596,,1,,23.12,17.05,warning,3.00,,CAMERA_ONLY
0,232.5447,t4217,BOTH,16.7228,17.4430,17.2728,0.5501,0.1702,3.1847,0.9853,1,1,12.91,4.84,warning,2.95,,FULL_ANGLE
0,232.5447,t4216,LIDAR_ONLY,17.5382,17.5382,73.9817,56.4435,56.4435,76.2938,76.2938,0,0,12.91,4.84,drive,18.77,front,LIDAR_ONLY
0,232.6111,cam_3,CAM_ONLY,16.6860,,17.2728,0.5869,,3.3976,,1,,9.57,10.97,warning,2.95,,CAMERA_ONLY
0,232.7178,cam_3,CAM_ONLY,16.7545,,17.2728,0.5183,,3.0008,,1,,11.77,10.85,warning,2.95,,CAMERA_ONLY
0,232.7795,cam_3,CAM_ONLY,16.8285,,17.2728,0.4444,,2.5726,,1,,13.84,2.41,warning,2.95,,CAMERA_ONLY
0,232.7795,t4220,LIDAR_ONLY,28.0574,28.0574,,,,,,,,13.84,2.41,drive,-29.67,front,LIDAR_ONLY
0,232.8532,cam_3,CAM_ONLY,16.6774,,17.2728,0.5955,,3.4475,,1,,13.33,10.25,warning,2.95,,CAMERA_ONLY
0,232.9204,cam_3,CAM_ONLY,16.8217,,17.2728,0.4512,,2.6121,,1,,13.39,2.69,warning,2.95,,CAMERA_ONLY
0,232.9834,t4226,BOTH,16.6557,17.4711,17.2728,0.6171,0.1982,3.5729,1.1476,1,1,13.05,1.45,warning,2.95,,FULL_ANGLE
0,233.0629,cam_3,CAM_ONLY,16.6493,,17.2728,0.6236,,3.6101,,1,,17.23,7.96,warning,3.00,,CAMERA_ONLY
0,233.1265,cam_3,CAM_ONLY,16.6316,,17.2728,0.6413,,3.7126,,1,,11.77,4.14,warning,2.95,,CAMERA_ONLY
0,233.2086,cam_3,CAM_ONLY,16.6368,,17.2728,0.6360,,3.6822,,1,,13.17,11.50,warning,3.00,,CAMERA_ONLY
0,233.2815,cam_3,CAM_ONLY,16.6385,,17.2728,0.6344,,3.6725,,1,,13.89,3.78,warning,3.00,,CAMERA_ONLY
0,233.3593,cam_3,CAM_ONLY,16.5732,,17.2728,0.6996,,4.0504,,1,,12.84,12.29,warning,3.00,,CAMERA_ONLY
0,233.4274,cam_3,CAM_ONLY,16.6971,,17.2728,0.5758,,3.3335,,1,,13.98,3.90,warning,2.95,,CAMERA_ONLY
0,233.4900,t4236,BOTH,16.6697,17.4540,17.2728,0.6031,0.1811,3.4918,1.0487,1,1,11.72,2.92,warning,2.95,,FULL_ANGLE
0,233.4900,t4235,LIDAR_ONLY,16.3309,16.3309,73.9817,57.6507,57.6507,77.9257,77.9257,0,0,11.72,2.92,drive,19.65,front,LIDAR_ONLY
0,233.5978,t4236,BOTH,16.6812,17.4520,17.2728,0.5916,0.1792,3.4253,1.0375,1,1,23.49,7.57,warning,3.00,,FULL_ANGLE
0,233.5978,t4235,LIDAR_ONLY,16.4085,16.4085,73.9817,57.5732,57.5732,77.8209,77.8209,0,0,23.49,7.57,drive,18.38,front,LIDAR_ONLY
0,233.5978,t4235,LIDAR_ONLY,16.4683,16.4683,73.9817,57.5134,57.5134,77.7400,77.7400,0,0,23.49,7.57,drive,19.36,front,LIDAR_ONLY
0,233.6869,cam_3,CAM_ONLY,16.6607,,17.2728,0.6121,,3.5437,,1,,24.51,12.62,warning,3.00,,CAMERA_ONLY
0,233.7652,cam_3,CAM_ONLY,16.8047,,17.2728,0.4681,,2.7103,,1,,12.47,7.82,warning,3.00,,CAMERA_ONLY
0,233.8596,cam_3,CAM_ONLY,16.8456,,17.2728,0.4273,,2.4736,,1,,19.42,12.30,warning,3.00,,CAMERA_ONLY
0,233.9189,cam_3,CAM_ONLY,16.6937,,17.2728,0.5791,,3.3529,,1,,9.99,3.40,warning,3.00,,CAMERA_ONLY
0,233.9812,cam_3,CAM_ONLY,16.7945,,17.2728,0.4784,,2.7694,,1,,12.09,1.64,warning,2.95,,CAMERA_ONLY
0,233.9812,t4242,LIDAR_ONLY,28.0868,28.0868,,,,,,,,12.09,1.64,drive,-29.62,front,LIDAR_ONLY
0,234.0604,cam_3,CAM_ONLY,16.6449,,17.2728,0.6280,,3.6356,,1,,14.71,12.19,warning,3.00,,CAMERA_ONLY
0,234.1243,cam_3,CAM_ONLY,16.6937,,17.2728,0.5791,,3.3528,,1,,13.04,3.07,warning,3.00,,CAMERA_ONLY
0,234.1958,t4248,BOTH,16.7619,17.4781,17.2728,0.5110,0.2053,2.9582,1.1883,1,1,15.37,6.12,warning,3.00,,FULL_ANGLE
0,234.1958,t4247,LIDAR_ONLY,14.8847,14.8847,73.9817,59.0970,59.0970,79.8805,79.8805,0,0,15.37,6.12,drive,20.89,front,LIDAR_ONLY
0,234.1958,t4247,LIDAR_ONLY,14.9851,14.9851,73.9817,58.9966,58.9966,79.7449,79.7449,0,0,15.37,6.12,drive,19.10,front,LIDAR_ONLY
0,234.2757,cam_3,CAM_ONLY,16.7732,,17.2728,0.4996,,2.8923,,1,,18.50,9.06,warning,3.00,,CAMERA_ONLY
0,234.3477,cam_3,CAM_ONLY,16.7225,,17.2728,0.5504,,3.1862,,1,,11.83,7.24,warning,3.00,,CAMERA_ONLY
0,234.3477,t4247,LIDAR_ONLY,15.0900,15.0900,73.9817,58.8917,58.8917,79.6030,79.6030,0,0,11.83,7.24,drive,20.36,front,LIDAR_ONLY
0,234.3477,t4247,LIDAR_ONLY,15.2631,15.2631,73.9817,58.7186,58.7186,79.3691,79.3691,0,0,11.83,7.24,drive,18.27,front,LIDAR_ONLY
0,234.4114,cam_3,CAM_ONLY,16.6626,,17.2728,0.6103,,3.5331,,1,,9.21,8.52,warning,3.00,,CAMERA_ONLY
0,234.4919,t4252,BOTH,16.6214,17.4827,17.2728,0.6514,0.2099,3.7715,1.2151,1,1,13.89,3.63,warning,2.95,,FULL_ANGLE
0,234.4919,t4247,LIDAR_ONLY,15.4444,15.4444,73.9817,58.5373,58.5373,79.1240,79.1240,0,0,13.89,3.63,drive,18.60,front,LIDAR_ONLY
0,234.5738,cam_3,CAM_ONLY,16.6157,,17.2728,0.6571,,3.8043,,1,,20.16,5.33,warning,3.00,,CAMERA_ONLY
0,234.6406,t4252,BOTH,16.5995,17.4725,17.2728,0.6734,0.1996,3.8985,1.1558,1,1,9.45,2.99,warning,2.95,,FULL_ANGLE
0,234.6406,t4247,LIDAR_ONLY,15.7004,15.7004,73.9817,58.2813,58.2813,78.7780,78.7780,0,0,9.45,2.99,drive,19.99,front,LIDAR_ONLY
0,234.7099,cam_3,CAM_ONLY,16.6787,,17.2728,0.5942,,3.4400,,1,,13.52,9.69,warning,2.95,,CAMERA_ONLY
0,234.7705,cam_3,CAM_ONLY,16.6520,,17.2728,0.6208,,3.5943,,1,,11.52,3.39,warning,2.95,,CAMERA_ONLY
0,234.8327,t4252,BOTH,16.6573,17.4695,17.2728,0.6156,0.1967,3.5638,1.1385,1,1,10.09,1.25,warning,3.00,,FULL_ANGLE
0,234.8327,t4257,LIDAR_ONLY,28.0732,28.0732,31.3096,3.2364,3.2364,10.3368,10.3368,0,0,10.09,1.25,drive,-29.71,front,LIDAR_ONLY
0,234.8989,cam_3,CAM_ONLY,16.7671,,17.2728,0.5058,,2.9282,,1,,9.92,6.43,warning,2.95,,CAMERA_ONLY
0,234.8989,t4260,LIDAR_ONLY,17.9097,17.9097,73.9817,56.0720,56.0720,75.7917,75.7917,0,0,9.92,6.43,drive,18.53,front,LIDAR_ONLY
0,234.8989,t4260,LIDAR_ONLY,16.6630,16.6630,73.9817,57.3187,57.3187,77.4769,77.4769,0,0,9.92,6.43,drive,20.03,front,LIDAR_ONLY
0,234.9663,cam_3,CAM_ONLY,16.6135,,17.2728,0.6593,,3.8170,,1,,10.40,8.21,warning,2.95,,CAMERA_ONLY
0,235.0303,cam_3,CAM_ONLY,16.6144,,17.2728,0.6584,,3.8119,,1,,12.50,1.86,warning,3.00,,CAMERA_ONLY
0,235.0303,t4257,LIDAR_ONLY,28.0835,28.0835,,,,,,,,12.50,1.86,drive,-29.55,front,LIDAR_ONLY
0,235.0917,t4263,BOTH,16.7849,17.4625,17.2728,0.4879,0.1897,2.8248,1.0981,1,1,11.10,4.00,warning,3.00,,FULL_ANGLE
0,235.0917,t4257,LIDAR_ONLY,28.1034,28.1034,,,,,,,,11.10,4.00,drive,-29.41,front,LIDAR_ONLY
0,235.0917,t4260,LIDAR_ONLY,16.2057,16.2057,73.9817,57.7760,57.7760,78.0950,78.0950,0,0,11.10,4.00,drive,20.04,front,LIDAR_ONLY
0,235.1739,cam_3,CAM_ONLY,16.5982,,17.2728,0.6747,,3.9060,,1,,17.03,2.94,warning,3.00,,CAMERA_ONLY
0,235.2824,cam_3,CAM_ONLY,16.7224,,17.2728,0.5504,,3.1867,,1,,25.96,26.13,warning,3.00,,CAMERA_ONLY
0,235.3749,cam_3,CAM_ONLY,16.7046,,17.2728,0.5683,,3.2900,,1,,13.53,6.30,warning,3.00,,CAMERA_ONLY
0,235.4379,t4269,BOTH,16.6672,17.4150,17.2728,0.6056,0.1422,3.5063,0.8232,1,1,14.13,2.95,warning,3.00,,FULL_ANGLE
0,235.4379,t4268,LIDAR_ONLY,17.1490,17.1490,73.9817,56.8327,56.8327,76.8199,76.8199,0,0,14.13,2.95,drive,19.04,front,LIDAR_ONLY
0,235.5121,cam_3,CAM_ONLY,16.7831,,17.2728,0.4897,,2.8351,,1,,18.33,11.94,warning,2.95,,CAMERA_ONLY
0,235.5728,cam_3,CAM_ONLY,16.7636,,17.2728,0.5092,,2.9479,,1,,13.73,3.10,warning,3.00,,CAMERA_ONLY
0,235.6525,t4269,BOTH,16.8283,17.4879,17.2728,0.4445,0.2151,2.5735,1.2452,1,1,17.18,8.38,warning,3.00,,FULL_ANGLE
0,235.6525,t4268,LIDAR_ONLY,17.2438,17.2438,73.9817,56.7379,56.7379,76.6919,76.6919,0,0,17.18,8.38,drive,18.70,front,LIDAR_ONLY
0,235.6525,t4268,LIDAR_ONLY,16.9716,16.9716,73.9817,57.0101,57.0101,77.0597,77.0597,0,0,17.18,8.38,drive,20.17,front,LIDAR_ONLY
0,235.6525,t4269,LIDAR_ONLY,17.5154,17.5154,17.2728,0.2425,0.2425,1.4041,1.4041,1,1,17.18,8.38,drive,4.22,front,LIDAR_ONLY
0,235.7197,cam_3,CAM_ONLY,16.7956,,17.2728,0.4772,,2.7629,,1,,13.07,2.84,warning,3.00,,CAMERA_ONLY
0,235.7856,t4269,BOTH,16.6681,17.5254,17.2728,0.6047,0.2525,3.5011,1.4619,1,1,15.27,1.40,warning,3.00,,FULL_ANGLE
0,235.7856,t4274,LIDAR_ONLY,28.0793,28.0793,,,,,,,,15.27,1.40,drive,-29.65,front,LIDAR_ONLY
0,235.7856,t4268,LIDAR_ONLY,13.3320,13.3320,73.9817,60.6497,60.6497,81.9793,81.9793,0,0,15.27,1.40,cautious,24.17,front,LIDAR_ONLY
0,235.7856,t4268,LIDAR_ONLY,13.5088,13.5088,73.9817,60.4729,60.4729,81.7403,81.7403,0,0,15.27,1.40,cautious,19.09,front,LIDAR_ONLY
0,235.8601,cam_3,CAM_ONLY,16.6369,,17.2728,0.6360,,3.6819,,1,,14.57,12.46,warning,3.00,,CAMERA_ONLY
0,235.9350,t4269,BOTH,16.7523,17.5283,17.2728,0.5205,0.2555,3.0134,1.4791,1,1,14.08,1.88,warning,2.95,,FULL_ANGLE
0,235.9350,t4274,LIDAR_ONLY,28.0778,28.0778,,,,,,,,14.08,1.88,drive,-29.72,front,LIDAR_ONLY
0,235.9350,t4268,LIDAR_ONLY,13.6255,13.6255,73.9817,60.3562,60.3562,81.5827,81.5827,0,0,14.08,1.88,cautious,19.07,front,LIDAR_ONLY
0,236.0096,cam_3,CAM_ONLY,16.6657,,17.2728,0.6071,,3.5150,,1,,12.86,9.90,warning,3.00,,CAMERA_ONLY
0,236.0768,cam_3,CAM_ONLY,16.6142,,17.2728,0.6587,,3.8134,,1,,12.42,2.98,warning,3.00,,CAMERA_ONLY
0,236.1328,cam_3,CAM_ONLY,16.8052,,17.2728,0.4676,,2.7073,,1,,10.42,1.79,warning,3.00,,CAMERA_ONLY
0,236.1328,t4274,LIDAR_ONLY,28.0875,28.0875,,,,,,,,10.42,1.79,drive,-29.46,front,LIDAR_ONLY
0,236.2036,cam_3,CAM_ONLY,16.6921,,17.2728,0.5807,,3.3622,,1,,13.49,9.70,warning,3.00,,CAMERA_ONLY
0,236.2830,cam_3,CAM_ONLY,16.6565,,17.2728,0.6164,,3.5685,,1,,16.94,3.02,warning,3.00,,CAMERA_ONLY
0,236.2830,t4274,LIDAR_ONLY,28.0886,28.0886,,,,,,,,16.94,3.02,drive,-29.71,front,LIDAR_ONLY
0,236.3578,cam_3,CAM_ONLY,16.6170,,17.2728,0.6558,,3.7969,,1,,16.68,11.97,warning,3.00,,CAMERA_ONLY
0,236.4200,cam_3,CAM_ONLY,16.6420,,17.2728,0.6308,,3.6520,,1,,12.87,3.19,warning,2.95,,CAMERA_ONLY
0,236.4900,t4288,BOTH,16.7253,17.5006,17.2728,0.5475,0.2277,3.1698,1.3185,1,1,17.90,3.41,warning,3.00,,FULL_ANGLE
0,236.4900,t4274,LIDAR_ONLY,28.0945,28.0945,,,,,,,,17.90,3.41,drive,-29.43,front,LIDAR_ONLY
0,236.4900,t4287,LIDAR_ONLY,18.5130,18.5130,73.9817,55.4687,55.4687,74.9763,74.9763,0,0,17.90,3.41,drive,18.15,front,LIDAR_ONLY
0,236.4900,t4287,LIDAR_ONLY,18.1811,18.1811,73.9817,55.8006,55.8006,75.4248,75.4248,0,0,17.90,3.41,drive,18.79,front,LIDAR_ONLY
0,236.5625,cam_3,CAM_ONLY,16.6830,,17.2728,0.5898,,3.4148,,1,,13.27,8.83,warning,3.00,,CAMERA_ONLY
0,236.6301,cam_3,CAM_ONLY,16.7028,,17.2728,0.5700,,3.2999,,1,,13.52,2.56,warning,3.00,,CAMERA_ONLY
0,236.6301,t4274,LIDAR_ONLY,28.0922,28.0922,,,,,,,,13.52,2.56,drive,-29.76,front,LIDAR_ONLY
0,236.7067,cam_3,CAM_ONLY,16.7747,,17.2728,0.4981,,2.8837,,1,,13.86,12.63,warning,3.00,,CAMERA_ONLY
0,236.7894,t4294,BOTH,16.6978,17.4833,17.2728,0.5750,0.2105,3.3290,1.2186,1,1,23.71,4.34,warning,3.00,,FULL_ANGLE
0,236.7894,t4274,LIDAR_ONLY,28.0959,28.0959,,,,,,,,23.71,4.34,drive,-29.61,front,LIDAR_ONLY
0,236.7894,t4293,LIDAR_ONLY,18.3931,18.3931,73.9817,55.5886,55.5886,75.1383,75.1383,0,0,23.71,4.34,drive,18.23,front,LIDAR_ONLY
0,236.8714,cam_3,CAM_ONLY,16.6817,,17.2728,0.5911,,3.4224,,1,,18.90,10.68,warning,3.00,,CAMERA_ONLY
0,236.9379,t4294,BOTH,16.7297,17.4783,17.2728,0.5431,0.2055,3.1444,1.1897,1,1,18.25,3.14,warning,3.00,,FULL_ANGLE
0,236.9379,t4274,LIDAR_ONLY,28.0983,28.0983,,,,,,,,18.25,3.14,drive,-29.51,front,LIDAR_ONLY
0,237.0118,cam_3,CAM_ONLY,16.7019,,17.2728,0.5710,,3.3055,,1,,14.31,8.82,warning,3.00,,CAMERA_ONLY
0,237.0820,cam_3,CAM_ONLY,16.6932,,17.2728,0.5796,,3.3557,,1,,19.30,5.93,warning,3.00,,CAMERA_ONLY
0,237.1695,cam_3,CAM_ONLY,16.6467,,17.2728,0.6262,,3.6252,,1,,18.82,5.24,warning,3.00,,CAMERA_ONLY
0,237.2394,t4302,BOTH,16.6433,17.4831,17.2728,0.6295,0.2103,3.6444,1.2174,1,1,11.52,1.40,warning,3.00,,FULL_ANGLE
0,237.2394,t4300,LIDAR_ONLY,28.2093,28.2093,,,,,,,,11.52,1.40,drive,-29.47,front,LIDAR_ONLY
0,237.2394,t4301,LIDAR_ONLY,13.4302,13.4302,73.9817,60.5515,60.5515,81.8466,81.8466,0,0,11.52,1.40,cautious,22.41,front,LIDAR_ONLY
0,237.2394,t4301,LIDAR_ONLY,13.6974,13.6974,73.9817,60.2843,60.2843,81.4855,81.4855,0,0,11.52,1.40,cautious,18.85,front,LIDAR_ONLY
0,237.2394,t4302,LIDAR_ONLY,17.4911,17.4911,17.2728,0.2182,0.2182,1.2634,1.2634,1,1,11.52,1.40,drive,0.72,front,LIDAR_ONLY
0,237.3163,cam_3,CAM_ONLY,16.6347,,17.2728,0.6381,,3.6943,,1,,14.82,9.78,warning,3.00,,CAMERA_ONLY
0,237.3774,cam_3,CAM_ONLY,16.6860,,17.2728,0.5868,,3.3974,,1,,9.46,3.39,warning,3.00,,CAMERA_ONLY
0,237.4552,cam_3,CAM_ONLY,16.7047,,17.2728,0.5681,,3.2892,,1,,14.19,10.69,warning,3.00,,CAMERA_ONLY
0,237.5195,cam_3,CAM_ONLY,16.7139,,17.2728,0.5589,,3.2359,,1,,13.09,3.37,warning,3.00,,CAMERA_ONLY
0,237.5822,cam_3,CAM_ONLY,16.7161,,17.2728,0.5568,,3.2234,,1,,12.65,1.26,warning,3.00,,CAMERA_ONLY
0,237.5822,t4309,LIDAR_ONLY,28.0876,28.0876,,,,,,,,12.65,1.26,drive,-29.71,front,LIDAR_ONLY
0,237.6443,t4313,BOTH,16.6586,17.4745,17.2728,0.6142,0.2017,3.5558,1.1676,1,1,10.48,4.27,warning,3.00,,FULL_ANGLE
0,237.6443,t4312,LIDAR_ONLY,18.3803,18.3803,73.9817,55.6014,55.6014,75.1556,75.1556,0,0,10.48,4.27,drive,18.23,front,LIDAR_ONLY
0,237.7111,cam_3,CAM_ONLY,16.7604,,17.2728,0.5124,,2.9665,,1,,9.49,9.12,warning,3.00,,CAMERA_ONLY
0,237.7816,cam_3,CAM_ONLY,16.7170,,17.2728,0.5558,,3.2178,,1,,11.65,2.75,warning,3.00,,CAMERA_ONLY
0,237.8678,cam_3,CAM_ONLY,16.7433,,17.2728,0.5296,,3.0658,,1,,19.04,5.31,warning,3.00,,CAMERA_ONLY
0,237.9333,t4321,BOTH,16.6594,17.4640,17.2728,0.6134,0.1912,3.5514,1.1067,1,1,13.24,1.28,warning,3.00,,FULL_ANGLE
0,237.9333,t4319,LIDAR_ONLY,28.1573,28.1573,,,,,,,,13.24,1.28,drive,-29.53,front,LIDAR_ONLY
0,238.0128,cam_3,CAM_ONLY,16.7736,,17.2728,0.4993,,2.8906,,1,,14.68,14.25,warning,3.00,,CAMERA_ONLY
0,238.0916,t4321,BOTH,16.7586,17.4874,17.2728,0.5143,0.2146,2.9773,1.2424,1,1,18.68,3.76,warning,3.00,,FULL_ANGLE
0,238.0916,t4324,LIDAR_ONLY,16.5970,16.5970,73.9817,57.3847,57.3847,77.5661,77.5661,0,0,18.68,3.76,drive,19.45,front,LIDAR_ONLY
0,238.0916,t4324,LIDAR_ONLY,16.4991,16.4991,73.9817,57.4825,57.4825,77.6983,77.6983,0,0,18.68,3.76,drive,19.91,front,LIDAR_ONLY
0,238.0916,t4321,LIDAR_ONLY,17.4713,17.4713,17.2728,0.1985,0.1985,1.1492,1.1492,1,1,18.68,3.76,drive,1.20,front,LIDAR_ONLY
0,238.1586,cam_3,CAM_ONLY,16.6713,,17.2728,0.6016,,3.4827,,1,,10.10,9.92,warning,3.00,,CAMERA_ONLY
0,238.2376,t4321,BOTH,16.6372,17.4958,17.2728,0.6356,0.2230,3.6800,1.2910,1,1,18.18,2.15,warning,3.00,,FULL_ANGLE
0,238.2376,t4324,LIDAR_ONLY,13.0909,13.0909,73.9817,60.8908,60.8908,82.3052,82.3052,0,0,18.18,2.15,cautious,23.14,front,LIDAR_ONLY
0,238.2376,t4324,LIDAR_ONLY,13.1958,13.1958,73.9817,60.7859,60.7859,82.1635,82.1635,0,0,18.18,2.15,cautious,18.26,front,LIDAR_ONLY
0,238.2376,t4326,LIDAR_ONLY,27.8977,27.8977,,,,,,,,18.18,2.15,drive,-29.86,front,LIDAR_ONLY
0,238.3124,cam_3,CAM_ONLY,16.6567,,17.2728,0.6162,,3.5673,,1,,15.18,11.57,warning,3.00,,CAMERA_ONLY
0,238.3772,cam_3,CAM_ONLY,16.6162,,17.2728,0.6566,,3.8015,,1,,10.33,3.82,warning,3.00,,CAMERA_ONLY
0,238.4324,cam_3,CAM_ONLY,16.6976,,17.2728,0.5752,,3.3303,,1,,9.92,1.81,warning,3.00,,CAMERA_ONLY
0,238.5157,cam_3,CAM_ONLY,16.7621,,17.2728,0.5108,,2.9570,,1,,16.81,16.18,warning,3.00,,CAMERA_ONLY
0,238.6143,cam_3,CAM_ONLY,16.6158,,17.2728,0.6570,,3.8036,,1,,20.43,5.20,warning,3.00,,CAMERA_ONLY
0,238.6948,t4333,BOTH,16.5784,17.4396,17.2728,0.6945,0.1668,4.0205,0.9656,1,1,14.49,3.34,warning,3.00,,FULL_ANGLE
0,238.7799,cam_3,CAM_ONLY,16.5799,,17.2728,0.6930,,4.0119,,1,,18.24,3.67,warning,3.00,,CAMERA_ONLY
0,238.8440,t4333,BOTH,16.6330,17.4364,17.2728,0.6398,0.1635,3.7040,0.9469,1,1,16.03,4.47,warning,3.00,,FULL_ANGLE
0,238.8440,t4334,LIDAR_ONLY,17.2669,17.2669,73.9817,56.7148,56.7148,76.6606,76.6606,0,0,16.03,4.47,drive,18.96,front,LIDAR_ONLY
0,238.8440,t4334,LIDAR_ONLY,16.7568,16.7568,73.9817,57.2249,57.2249,77.3501,77.3501,0,0,16.03,4.47,drive,20.00,front,LIDAR_ONLY
0,238.9193,cam_3,CAM_ONLY,16.6561,,17.2728,0.6167,,3.5704,,1,,16.51,10.19,warning,3.00,,CAMERA_ONLY
0,239.0080,cam_3,CAM_ONLY,16.6608,,17.2728,0.6120,,3.5433,,1,,16.44,11.53,warning,3.00,,CAMERA_ONLY
0,239.0711,cam_3,CAM_ONLY,16.6390,,17.2728,0.6338,,3.6695,,1,,10.04,7.84,warning,3.00,,CAMERA_ONLY
0,239.1437,t4339,BOTH,16.6173,17.4460,17.2728,0.6556,0.1732,3.7954,1.0027,1,1,14.11,3.21,warning,3.00,,FULL_ANGLE
0,239.1437,t4338,LIDAR_ONLY,15.9534,15.9534,73.9817,58.0282,58.0282,78.4360,78.4360,0,0,14.11,3.21,drive,19.96,front,LIDAR_ONLY
0,239.2248,cam_3,CAM_ONLY,16.7056,,17.2728,0.5673,,3.2842,,1,,21.94,9.32,warning,3.00,,CAMERA_ONLY
0,239.3125,cam_3,CAM_ONLY,16.7515,,17.2728,0.5213,,3.0181,,1,,14.09,15.68,warning,3.00,,CAMERA_ONLY
0,239.3763,cam_3,CAM_ONLY,16.7345,,17.2728,0.5383,,3.1167,,1,,10.24,3.24,warning,3.00,,CAMERA_ONLY
0,239.4311,cam_3,CAM_ONLY,16.6647,,17.2728,0.6081,,3.5205,,1,,10.65,2.72,warning,3.00,,CAMERA_ONLY
0,239.5111,cam_3,CAM_ONLY,16.6513,,17.2728,0.6215,,3.5984,,1,,13.08,12.94,warning,3.00,,CAMERA_ONLY
0,239.5854,cam_3,CAM_ONLY,16.7238,,17.2728,0.5490,,3.1785,,1,,20.50,6.46,warning,3.00,,CAMERA_ONLY
0,239.6676,cam_3,CAM_ONLY,16.6732,,17.2728,0.5997,,3.4717,,1,,14.00,13.22,warning,3.00,,CAMERA_ONLY
0,239.7361,t4350,BOTH,16.6146,17.5409,17.2728,0.6582,0.2681,3.8106,1.5520,1,1,13.09,1.40,warning,3.00,,FULL_ANGLE
0,239.7361,t4348,LIDAR_ONLY,28.2413,28.2413,,,,,,,,13.09,1.40,drive,-29.33,front,LIDAR_ONLY
0,239.7361,t4349,LIDAR_ONLY,12.0743,12.0743,73.9817,61.9074,61.9074,83.6793,83.6793,0,0,13.09,1.40,cautious,24.24,front,LIDAR_ONLY
0,239.7361,t4349,LIDAR_ONLY,12.1851,12.1851,73.9817,61.7966,61.7966,83.5296,83.5296,0,0,13.09,1.40,cautious,19.64,front,LIDAR_ONLY
0,239.8049,cam_3,CAM_ONLY,16.7035,,17.2728,0.5693,,3.2960,,1,,10.13,9.37,warning,3.00,,CAMERA_ONLY
0,239.8825,cam_3,CAM_ONLY,16.6725,,17.2728,0.6003,,3.4756,,1,,13.21,2.56,warning,3.00,,CAMERA_ONLY
0,239.8825,t4348,LIDAR_ONLY,28.1857,28.1857,,,,,,,,13.21,2.56,drive,-29.65,front,LIDAR_ONLY
0,239.9360,t4350,BOTH,16.7076,17.5039,17.2728,0.5653,0.2310,3.2726,1.3375,1,1,10.25,1.15,warning,3.00,,FULL_ANGLE
0,239.9360,t4349,LIDAR_ONLY,12.4588,12.4588,73.9817,61.5229,61.5229,83.1597,83.1597,0,0,10.25,1.15,cautious,19.15,front,LIDAR_ONLY
0,239.9360,t4348,LIDAR_ONLY,28.1625,28.1625,,,,,,,,10.25,1.15,drive,-29.63,front,LIDAR_ONLY
0,240.0159,cam_3,CAM_ONLY,16.7292,,17.2728,0.5437,,3.1475,,1,,18.61,7.17,warning,3.00,,CAMERA_ONLY
0,240.0817,cam_3,CAM_ONLY,16.7266,,17.2728,0.5463,,3.1625,,1,,13.07,1.97,warning,3.00,,CAMERA_ONLY
0,240.0817,t4348,LIDAR_ONLY,28.1494,28.1494,,,,,,,,13.07,1.97,drive,-29.68,front,LIDAR_ONLY
0,240.1656,cam_3,CAM_ONLY,16.7763,,17.2728,0.4965,,2.8745,,1,,20.44,8.99,warning,3.00,,CAMERA_ONLY
0,240.2395,t4358,BOTH,16.7209,17.4702,17.2728,0.5519,0.1973,3.1952,1.1423,1,1,18.66,2.42,warning,3.00,,FULL_ANGLE
0,240.2395,t4348,LIDAR_ONLY,28.1389,28.1389,,,,,,,,18.66,2.42,drive,-29.60,front,LIDAR_ONLY
0,240.2395,t4357,LIDAR_ONLY,14.7995,14.7995,73.9817,59.1822,59.1822,79.9957,79.9957,0,0,18.66,2.42,drive,20.97,front,LIDAR_ONLY
0,240.2395,t4357,LIDAR_ONLY,15.1096,15.1096,73.9817,58.8721,58.8721,79.5766,79.5766,0,0,18.66,2.42,drive,18.86,front,LIDAR_ONLY
0,240.3096,cam_3,CAM_ONLY,16.6466,,17.2728,0.6263,,3.6259,,1,,13.78,9.13,warning,3.00,,CAMERA_ONLY
0,240.3746,cam_3,CAM_ONLY,16.6456,,17.2728,0.6273,,3.6316,,1,,12.86,3.41,warning,3.00,,CAMERA_ONLY
0,240.4321,cam_3,CAM_ONLY,16.5783,,17.2728,0.6945,,4.0209,,1,,10.13,1.65,warning,3.00,,CAMERA_ONLY
0,240.4321,t4348,LIDAR_ONLY,28.1339,28.1339,,,,,,,,10.13,1.65,drive,-29.38,front,LIDAR_ONLY
0,240.4983,cam_3,CAM_ONLY,16.6240,,17.2728,0.6488,,3.7563,,1,,9.59,5.37,warning,3.00,,CAMERA_ONLY
0,240.4983,t4365,LIDAR_ONLY,15.9547,15.9547,73.9817,58.0270,58.0270,78.4342,78.4342,0,0,9.59,5.37,drive,19.95,front,LIDAR_ONLY
0,240.5627,cam_3,CAM_ONLY,16.6620,,17.2728,0.6108,,3.5364,,1,,9.73,6.89,warning,3.00,,CAMERA_ONLY
0,240.6277,cam_3,CAM_ONLY,16.7316,,17.2728,0.5413,,3.1336,,1,,10.98,3.46,warning,3.00,,CAMERA_ONLY
0,240.7003,cam_3,CAM_ONLY,16.7470,,17.2728,0.5258,,3.0442,,1,,17.54,7.26,warning,2.95,,CAMERA_ONLY
0,240.7690,cam_3,CAM_ONLY,16.6837,,17.2728,0.5892,,3.4109,,1,,13.65,3.33,warning,3.00,,CAMERA_ONLY
0,240.8432,t4372,BOTH,16.6278,17.5289,17.2728,0.6450,0.2561,3.7342,1.4826,1,1,21.34,3.40,warning,3.00,,FULL_ANGLE
0,240.9190,cam_3,CAM_ONLY,16.7855,,17.2728,0.4873,,2.8214,,1,,12.80,9.24,warning,2.95,,CAMERA_ONLY
0,240.9784,cam_3,CAM_ONLY,16.6797,,17.2728,0.5931,,3.4339,,1,,10.48,3.08,warning,3.00,,CAMERA_ONLY
0,241.0536,cam_3,CAM_ONLY,16.7638,,17.2728,0.5091,,2.9472,,1,,13.47,9.97,warning,3.00,,CAMERA_ONLY
0,241.1183,cam_3,CAM_ONLY,16.7572,,17.2728,0.5156,,2.9853,,1,,11.94,2.82,warning,3.00,,CAMERA_ONLY
0,241.1840,t4377,BOTH,16.7480,17.5323,17.2728,0.5249,0.2594,3.0387,1.5019,1,1,10.62,1.28,warning,3.00,,FULL_ANGLE
0,241.1840,t4376,LIDAR_ONLY,28.0082,28.0082,,,,,,,,10.62,1.28,drive,-29.77,front,LIDAR_ONLY
0,241.2456,t4377,BOTH,16.7017,17.6112,17.2728,0.5712,0.3383,3.3067,1.9586,1,1,8.98,3.49,warning,3.00,,FULL_ANGLE
0,241.2456,t4379,LIDAR_ONLY,18.2024,18.2024,73.9817,55.7793,55.7793,75.3961,75.3961,0,0,8.98,3.49,drive,18.34,front,LIDAR_ONLY
0,241.2456,t4377,LIDAR_ONLY,17.5936,17.5936,17.2728,0.3208,0.3208,1.8571,1.8571,1,1,8.98,3.49,drive,4.64,front,LIDAR_ONLY
0,241.3248,cam_3,CAM_ONLY,16.7061,,17.2728,0.5667,,3.2810,,1,,16.01,8.53,warning,3.00,,CAMERA_ONLY
0,241.3969,t4377,BOTH,16.7327,17.5721,17.2728,0.5401,0.2992,3.1271,1.7323,1,1,18.76,4.78,warning,3.00,,FULL_ANGLE
0,241.4827,t4377,BOTH,16.6466,17.5396,17.2728,0.6263,0.2667,3.6259,1.5443,1,1,20.72,1.88,warning,3.00,,FULL_ANGLE
0,241.4827,t4381,LIDAR_ONLY,28.1159,28.1159,,,,,,,,20.72,1.88,drive,-29.59,front,LIDAR_ONLY
0,241.5435,t4377,BOTH,16.6953,17.5191,17.2728,0.5775,0.2463,3.3433,1.4259,1,1,9.97,3.85,warning,3.00,,FULL_ANGLE
0,241.6118,cam_3,CAM_ONLY,16.6621,,17.2728,0.6108,,3.5361,,1,,10.40,7.31,warning,3.00,,CAMERA_ONLY
0,241.6801,cam_3,CAM_ONLY,16.7324,,17.2728,0.5404,,3.1286,,1,,14.20,3.54,warning,3.00,,CAMERA_ONLY
0,241.7430,t4377,BOTH,16.6072,17.4642,17.2728,0.6657,0.1913,3.8538,1.1076,1,1,13.46,2.62,warning,3.00,,FULL_ANGLE
0,241.7430,t4387,LIDAR_ONLY,28.2326,28.2326,,,,,,,,13.46,2.62,drive,-29.57,front,LIDAR_ONLY
0,241.7430,t4388,LIDAR_ONLY,11.5459,11.5459,73.9817,62.4357,62.4357,84.3935,84.3935,0,0,13.46,2.62,cautious,25.20,front,LIDAR_ONLY
0,241.7430,t4388,LIDAR_ONLY,11.8383,11.8383,73.9817,62.1434,62.1434,83.9983,83.9983,0,0,13.46,2.62,cautious,19.51,front,LIDAR_ONLY
0,241.8172,cam_3,CAM_ONLY,16.6078,,17.2728,0.6650,,3.8500,,1,,16.81,6.18,warning,3.00,,CAMERA_ONLY
0,241.8933,t4377,BOTH,16.6499,17.4763,17.2728,0.6229,0.2034,3.6065,1.1778,1,1,13.42,2.26,warning,3.00,,FULL_ANGLE
0,241.8933,t4387,LIDAR_ONLY,28.1963,28.1963,,,,,,,,13.42,2.26,drive,-29.37,front,LIDAR_ONLY
0,241.8933,t4388,LIDAR_ONLY,11.4681,11.4681,,,,,,,,13.42,2.26,cautious,26.75,front,LIDAR_ONLY
0,241.8933,t4377,LIDAR_ONLY,17.4844,17.4844,17.2728,0.2115,0.2115,1.2247,1.2247,1,1,13.42,2.26,drive,3.77,front,LIDAR_ONLY
0,241.9672,cam_3,CAM_ONLY,16.6518,,17.2728,0.6210,,3.5954,,1,,19.27,5.21,warning,3.00,,CAMERA_ONLY
0,242.0449,t4377,BOTH,16.6467,17.4905,17.2728,0.6261,0.2177,3.6247,1.2602,1,1,14.44,5.50,warning,3.00,,FULL_ANGLE
0,242.0449,t4388,LIDAR_ONLY,11.5318,11.5318,73.9817,62.4499,62.4499,84.4127,84.4127,0,0,14.44,5.50,cautious,18.40,front,LIDAR_ONLY
0,242.1088,cam_3,CAM_ONLY,16.7368,,17.2728,0.5361,,3.1035,,1,,8.63,9.69,warning,3.00,,CAMERA_ONLY
0,242.1690,cam_3,CAM_ONLY,16.6824,,17.2728,0.5904,,3.4182,,1,,9.54,4.04,warning,3.00,,CAMERA_ONLY
0,242.2766,cam_3,CAM_ONLY,16.8087,,17.2728,0.4641,,2.6870,,1,,13.38,3.70,warning,3.00,,CAMERA_ONLY
0,242.3348,cam_3,CAM_ONLY,16.6163,,17.2728,0.6565,,3.8010,,1,,10.51,1.21,warning,3.00,,CAMERA_ONLY
0,242.4034,cam_3,CAM_ONLY,16.7112,,17.2728,0.5617,,3.2517,,1,,10.66,8.91,warning,3.00,,CAMERA_ONLY
0,242.4864,t4400,BOTH,16.6221,17.4191,17.2728,0.6508,0.1463,3.7677,0.8469,1,1,18.01,2.11,warning,3.00,,FULL_ANGLE
0,242.4864,t4397,LIDAR_ONLY,28.0881,28.0881,,,,,,,,18.01,2.11,drive,-29.60,front,LIDAR_ONLY
0,242.5627,cam_3,CAM_ONLY,16.6668,,17.2728,0.6060,,3.5086,,1,,13.91,12.22,warning,3.00,,CAMERA_ONLY
0,242.6314,cam_3,CAM_ONLY,16.6568,,17.2728,0.6160,,3.5663,,1,,15.65,2.02,warning,3.00,,CAMERA_ONLY
0,242.6314,t4397,LIDAR_ONLY,28.1085,28.1085,,,,,,,,15.65,2.02,drive,-29.42,front,LIDAR_ONLY
0,242.7228,cam_3,CAM_ONLY,16.6538,,17.2728,0.6191,,3.5840,,1,,20.79,10.73,warning,3.00,,CAMERA_ONLY
0,242.7842,cam_3,CAM_ONLY,16.6632,,17.2728,0.6097,,3.5295,,1,,12.66,2.65,warning,3.00,,CAMERA_ONLY
0,242.8584,cam_3,CAM_ONLY,16.7099,,17.2728,0.5629,,3.2591,,1,,13.89,10.92,warning,3.00,,CAMERA_ONLY
0,242.9453,t4407,BOTH,16.7011,17.4503,17.2728,0.5717,0.1774,3.3101,1.0272,1,1,16.52,4.88,warning,3.00,,FULL_ANGLE
0,242.9453,t4406,LIDAR_ONLY,17.8946,17.8946,73.9817,56.0871,56.0871,75.8121,75.8121,0,0,16.52,4.88,drive,18.54,front,LIDAR_ONLY
0,243.0116,cam_3,CAM_ONLY,16.6169,,17.2728,0.6559,,3.7974,,1,,13.14,7.64,warning,3.00,,CAMERA_ONLY
0,243.0741,cam_3,CAM_ONLY,16.6881,,17.2728,0.5847,,3.3854,,1,,13.22,3.27,warning,3.00,,CAMERA_ONLY
0,243.1340,cam_3,CAM_ONLY,16.7165,,17.2728,0.5563,,3.2206,,1,,8.79,1.77,warning,2.95,,CAMERA_ONLY
0,243.1340,t4412,LIDAR_ONLY,28.0736,28.0736,,,,,,,,8.79,1.77,drive,-29.59,front,LIDAR_ONLY
0,243.1907,t4416,BOTH,16.7724,17.5054,17.2728,0.5005,0.2326,2.8975,1.3466,1,1,10.36,2.31,warning,3.00,,FULL_ANGLE
0,243.1907,t4415,LIDAR_ONLY,16.0135,16.0135,73.9817,57.9682,57.9682,78.3548,78.3548,0,0,10.36,2.31,drive,19.91,front,LIDAR_ONLY
0,243.1907,t4415,LIDAR_ONLY,16.1877,16.1877,73.9817,57.7940,57.7940,78.1193,78.1193,0,0,10.36,2.31,drive,18.55,front,LIDAR_ONLY
0,243.2752,cam_3,CAM_ONLY,16.6688,,17.2728,0.6041,,3.4972,,1,,17.64,16.03,warning,3.00,,CAMERA_ONLY
0,243.3389,t4416,BOTH,16.6107,17.4750,17.2728,0.6621,0.2021,3.8332,1.1701,1,1,9.02,1.39,warning,3.00,,FULL_ANGLE
0,243.3389,t4412,LIDAR_ONLY,28.0746,28.0746,,,,,,,,9.02,1.39,drive,-29.74,front,LIDAR_ONLY
0,243.3389,t4415,LIDAR_ONLY,16.4622,16.4622,73.9817,57.5195,57.5195,77.7483,77.7483,0,0,9.02,1.39,drive,18.25,front,LIDAR_ONLY
0,243.4189,cam_3,CAM_ONLY,16.5593,,17.2728,0.7135,,4.1307,,1,,14.95,13.69,warning,3.00,,CAMERA_ONLY
0,243.4855,t4416,BOTH,16.6801,17.4724,17.2728,0.5928,0.1996,3.4317,1.1555,1,1,15.60,1.49,warning,2.95,,FULL_ANGLE
0,243.4855,t4412,LIDAR_ONLY,28.0868,28.0868,,,,,,,,15.60,1.49,drive,-29.47,front,LIDAR_ONLY
0,243.4855,t4415,LIDAR_ONLY,14.0383,14.0383,73.9817,59.9434,59.9434,81.0247,81.0247,0,0,15.60,1.49,cautious,23.51,front,LIDAR_ONLY
0,243.4855,t4415,LIDAR_ONLY,14.2066,14.2066,73.9817,59.7751,59.7751,80.7972,80.7972,0,0,15.60,1.49,cautious,18.60,front,LIDAR_ONLY
0,243.4855,t4415,LIDAR_ONLY,14.3105,14.3105,73.9817,59.6712,59.6712,80.6567,80.6567,0,0,15.60,1.49,cautious,20.23,front,LIDAR_ONLY
0,243.5697,cam_3,CAM_ONLY,16.6261,,17.2728,0.6468,,3.7443,,1,,18.34,15.08,warning,3.00,,CAMERA_ONLY
0,243.6705,cam_3,CAM_ONLY,16.7759,,17.2728,0.4970,,2.8771,,1,,15.59,9.68,warning,3.00,,CAMERA_ONLY
0,243.7469,t4416,BOTH,16.7179,17.4672,17.2728,0.5550,0.1944,3.2131,1.1255,1,1,18.82,5.63,warning,3.00,,FULL_ANGLE
0,243.7469,t4415,LIDAR_ONLY,14.2863,14.2863,73.9817,59.6954,59.6954,80.6895,80.6895,0,0,18.82,5.63,cautious,21.70,front,LIDAR_ONLY
0,243.7469,t4415,LIDAR_ONLY,14.3589,14.3589,73.9817,59.6228,59.6228,80.5913,80.5913,0,0,18.82,5.63,cautious,19.46,front,LIDAR_ONLY
0,243.8294,cam_3,CAM_ONLY,16.7617,,17.2728,0.5112,,2.9595,,1,,18.70,4.32,warning,2.95,,CAMERA_ONLY
0,243.8966,t4416,BOTH,16.6266,17.4693,17.2728,0.6463,0.1964,3.7415,1.1373,1,1,15.13,5.71,warning,3.00,,FULL_ANGLE
0,243.8966,t4415,LIDAR_ONLY,14.8916,14.8916,73.9817,59.0901,59.0901,79.8713,79.8713,0,0,15.13,5.71,cautious,18.61,front,LIDAR_ONLY
0,243.9662,cam_3,CAM_ONLY,16.6429,,17.2728,0.6299,,3.6467,,1,,12.66,8.49,warning,3.00,,CAMERA_ONLY
0,244.0325,t4416,BOTH,16.6145,17.4740,17.2728,0.6583,0.2011,3.8114,1.1644,1,1,13.43,1.61,warning,3.00,,FULL_ANGLE
0,244.0325,t4427,LIDAR_ONLY,28.1949,28.1949,,,,,,,,13.43,1.61,drive,-29.53,front,LIDAR_ONLY
0,244.1153,cam_3,CAM_ONLY,16.7938,,17.2728,0.4790,,2.7733,,1,,18.40,14.68,warning,3.00,,CAMERA_ONLY
0,244.1822,cam_3,CAM_ONLY,16.6384,,17.2728,0.6345,,3.6732,,1,,15.53,2.18,warning,3.00,,CAMERA_ONLY
0,244.1822,t4427,LIDAR_ONLY,28.1742,28.1742,,,,,,,,15.53,2.18,drive,-29.74,front,LIDAR_ONLY
0,244.2605,cam_3,CAM_ONLY,16.6452,,17.2728,0.6276,,3.6335,,1,,16.99,9.23,warning,3.00,,CAMERA_ONLY
0,244.3405,t4434,BOTH,16.6835,17.4538,17.2728,0.5893,0.1810,3.4117,1.0479,1,1,18.76,3.23,warning,3.00,,FULL_ANGLE
0,244.3405,t4433,LIDAR_ONLY,17.9858,17.9858,73.9817,55.9959,55.9959,75.6888,75.6888,0,0,18.76,3.23,drive,18.48,front,LIDAR_ONLY
0,244.4040,cam_3,CAM_ONLY,16.6291,,17.2728,0.6437,,3.7268,,1,,10.17,8.83,warning,3.00,,CAMERA_ONLY
0,244.4681,cam_3,CAM_ONLY,16.7190,,17.2728,0.5539,,3.2065,,1,,10.02,6.71,warning,3.00,,CAMERA_ONLY
0,244.5416,t4434,BOTH,16.6387,17.4630,17.2728,0.6342,0.1902,3.6714,1.1010,1,1,16.20,3.41,warning,3.00,,FULL_ANGLE
0,244.5416,t4433,LIDAR_ONLY,18.0382,18.0382,73.9817,55.9435,55.9435,75.6181,75.6181,0,0,16.20,3.41,drive,18.19,front,LIDAR_ONLY
0,244.5416,t4434,LIDAR_ONLY,17.4581,17.4581,17.2728,0.1853,0.1853,1.0725,1.0725,1,1,16.20,3.41,drive,1.37,front,LIDAR_ONLY
0,244.6150,cam_3,CAM_ONLY,16.6612,,17.2728,0.6116,,3.5411,,1,,19.57,10.35,warning,3.00,,CAMERA_ONLY
0,244.6828,cam_3,CAM_ONLY,16.6597,,17.2728,0.6132,,3.5498,,1,,15.31,2.11,warning,3.00,,CAMERA_ONLY
0,244.7448,cam_3,CAM_ONLY,16.6673,,17.2728,0.6055,,3.5057,,1,,9.55,4.51,warning,3.00,,CAMERA_ONLY
0,244.8179,cam_3,CAM_ONLY,16.6298,,17.2728,0.6431,,3.7229,,1,,13.97,7.03,warning,3.00,,CAMERA_ONLY
0,244.9086,cam_3,CAM_ONLY,16.7363,,17.2728,0.5365,,3.1061,,1,,22.58,14.25,warning,3.00,,CAMERA_ONLY
0,244.9852,t4442,BOTH,16.7460,17.5622,17.2728,0.5268,0.2894,3.0499,1.6753,1,1,13.02,1.52,warning,3.00,,FULL_ANGLE
0,244.9852,t4440,LIDAR_ONLY,11.3137,11.3137,73.9817,62.6679,62.6679,84.7074,84.7074,0,0,13.02,1.52,cautious,25.53,front,LIDAR_ONLY
0,244.9852,t4440,LIDAR_ONLY,11.6630,11.6630,73.9817,62.3187,62.3187,84.2353,84.2353,0,0,13.02,1.52,cautious,20.25,front,LIDAR_ONLY
0,244.9852,t4440,LIDAR_ONLY,11.9965,11.9965,73.9817,61.9852,61.9852,83.7845,83.7845,0,0,13.02,1.52,cautious,18.08,front,LIDAR_ONLY
0,244.9852,t4441,LIDAR_ONLY,28.2009,28.2009,,,,,,,,13.02,1.52,drive,-29.34,front,LIDAR_ONLY
0,245.0611,cam_3,CAM_ONLY,16.6848,,17.2728,0.5880,,3.4043,,1,,14.30,11.73,warning,3.00,,CAMERA_ONLY
0,245.1327,t4442,BOTH,16.5436,17.5184,17.2728,0.7292,0.2455,4.2218,1.4214,1,1,20.50,1.38,warning,3.00,,FULL_ANGLE
0,245.1327,t4441,LIDAR_ONLY,28.1179,28.1179,,,,,,,,20.50,1.38,drive,-29.56,front,LIDAR_ONLY
0,245.2065,cam_3,CAM_ONLY,16.6569,,17.2728,0.6159,,3.5658,,1,,14.57,11.29,warning,3.00,,CAMERA_ONLY
0,245.2700,cam_3,CAM_ONLY,16.6130,,17.2728,0.6599,,3.8203,,1,,12.10,2.40,warning,3.00,,CAMERA_ONLY
0,245.3338,t4442,BOTH,16.6576,17.4940,17.2728,0.6153,0.2211,3.5621,1.2802,1,1,12.75,1.43,warning,3.00,,FULL_ANGLE
0,245.3338,t4441,LIDAR_ONLY,28.1141,28.1141,,,,,,,,12.75,1.43,drive,-29.63,front,LIDAR_ONLY
0,245.3338,t4449,LIDAR_ONLY,13.9584,13.9584,73.9817,60.0233,60.0233,81.1327,81.1327,0,0,12.75,1.43,cautious,21.82,front,LIDAR_ONLY
0,245.3338,t4449,LIDAR_ONLY,14.1471,14.1471,73.9817,59.8346,59.8346,80.8776,80.8776,0,0,12.75,1.43,cautious,18.15,front,LIDAR_ONLY
0,245.4100,cam_3,CAM_ONLY,16.6815,,17.2728,0.5913,,3.4234,,1,,12.54,13.18,warning,3.00,,CAMERA_ONLY
0,245.4709,cam_3,CAM_ONLY,16.7080,,17.2728,0.5648,,3.2699,,1,,9.01,3.32,warning,3.00,,CAMERA_ONLY
0,245.5266,cam_3,CAM_ONLY,16.6529,,17.2728,0.6199,,3.5890,,1,,10.41,3.37,warning,3.00,,CAMERA_ONLY
0,245.5847,t4456,BOTH,16.6979,17.4885,17.2728,0.5749,0.2157,3.3283,1.2486,1,1,10.53,1.27,warning,3.00,,FULL_ANGLE
0,245.5847,t4454,LIDAR_ONLY,28.1645,28.1645,,,,,,,,10.53,1.27,drive,-29.56,front,LIDAR_ONLY
0,245.6609,cam_3,CAM_ONLY,16.7495,,17.2728,0.5233,,3.0296,,1,,13.26,8.76,warning,3.00,,CAMERA_ONLY
0,245.7301,cam_3,CAM_ONLY,16.5865,,17.2728,0.6863,,3.9733,,1,,9.58,2.79,warning,3.00,,CAMERA_ONLY
0,245.7301,t4454,LIDAR_ONLY,28.1507,28.1507,,,,,,,,9.58,2.79,drive,-29.55,front,LIDAR_ONLY
0,245.8035,cam_3,CAM_ONLY,16.6609,,17.2728,0.6120,,3.5429,,1,,15.56,10.65,warning,3.00,,CAMERA_ONLY
0,245.8690,cam_3,CAM_ONLY,16.6751,,17.2728,0.5977,,3.4606,,1,,11.83,4.04,warning,3.00,,CAMERA_ONLY
0,245.9353,t4462,BOTH,16.7314,17.4904,17.2728,0.5415,0.2176,3.1349,1.2597,1,1,13.28,1.32,warning,3.00,,FULL_ANGLE
0,245.9353,t4454,LIDAR_ONLY,28.1234,28.1234,,,,,,,,13.28,1.32,drive,-29.58,front,LIDAR_ONLY
0,245.9353,t4462,LIDAR_ONLY,17.4820,17.4820,17.2728,0.2092,0.2092,1.2111,1.2111,1,1,13.28,1.32,drive,4.65,front,LIDAR_ONLY
0,246.0105,cam_3,CAM_ONLY,16.7617,,17.2728,0.5111,,2.9591,,1,,16.73,10.47,warning,2.95,,CAMERA_ONLY
0,246.0718,cam_3,CAM_ONLY,16.7431,,17.2728,0.5297,,3.0669,,1,,11.00,3.47,warning,3.00,,CAMERA_ONLY
0,246.1624,cam_3,CAM_ONLY,16.7490,,17.2728,0.5238,,3.0327,,1,,15.94,8.56,warning,3.00,,CAMERA_ONLY
0,246.2253,cam_3,CAM_ONLY,16.7141,,17.2728,0.5587,,3.2347,,1,,9.48,3.39,warning,3.00,,CAMERA_ONLY
0,246.2991,cam_3,CAM_ONLY,16.7810,,17.2728,0.4919,,2.8477,,1,,11.21,9.81,warning,3.00,,CAMERA_ONLY
0,246.3657,cam_3,CAM_ONLY,16.6204,,17.2728,0.6525,,3.7775,,1,,10.62,6.83,warning,3.00,,CAMERA_ONLY
0,246.4470,cam_3,CAM_ONLY,16.6756,,17.2728,0.5973,,3.4579,,1,,14.70,8.13,warning,3.00,,CAMERA_ONLY
0,246.5222,cam_3,CAM_ONLY,16.6088,,17.2728,0.6641,,3.8445,,1,,18.54,5.36,warning,3.00,,CAMERA_ONLY
0,246.6009,cam_3,CAM_ONLY,16.6656,,17.2728,0.6073,,3.5157,,1,,18.38,12.51,warning,3.00,,CAMERA_ONLY
0,246.6677,cam_3,CAM_ONLY,16.7549,,17.2728,0.5179,,2.9986,,1,,13.16,4.24,warning,2.95,,CAMERA_ONLY
0,246.7322,cam_3,CAM_ONLY,16.7907,,17.2728,0.4822,,2.7914,,1,,11.78,1.95,warning,3.00,,CAMERA_ONLY
0,246.7322,t4474,LIDAR_ONLY,27.9492,27.9492,,,,,,,,11.78,1.95,drive,-29.74,front,LIDAR_ONLY
0,246.7992,t4477,BOTH,16.6513,17.4966,17.2728,0.6215,0.2238,3.5982,1.2954,1,1,16.54,2.71,warning,3.00,,FULL_ANGLE
0,246.7992,t4476,LIDAR_ONLY,18.3621,18.3621,73.9817,55.6196,55.6196,75.1802,75.1802,0,0,16.54,2.71,drive,18.24,front,LIDAR_ONLY
0,246.8704,cam_3,CAM_ONLY,16.7551,,17.2728,0.5178,,2.9977,,1,,14.34,8.71,warning,3.00,,CAMERA_ONLY
0,246.9361,t4477,BOTH,16.7765,17.4911,17.2728,0.4963,0.2182,2.8733,1.2634,1,1,14.87,1.37,warning,3.00,,FULL_ANGLE
0,246.9361,t4476,LIDAR_ONLY,16.8956,16.8956,73.9817,57.0861,57.0861,77.1624,77.1624,0,0,14.87,1.37,drive,19.48,front,LIDAR_ONLY
0,246.9361,t4476,LIDAR_ONLY,16.6174,16.6174,73.9817,57.3643,57.3643,77.5385,77.5385,0,0,14.87,1.37,drive,21.36,front,LIDAR_ONLY
0,246.9361,t4474,LIDAR_ONLY,27.9870,27.9870,,,,,,,,14.87,1.37,drive,-29.38,front,LIDAR_ONLY
0,247.0079,cam_3,CAM_ONLY,16.6508,,17.2728,0.6221,,3.6014,,1,,13.19,10.73,warning,3.00,,CAMERA_ONLY
0,247.0702,cam_3,CAM_ONLY,16.7021,,17.2728,0.5708,,3.3044,,1,,9.64,2.42,warning,3.00,,CAMERA_ONLY
0,247.1328,t4477,BOTH,16.7669,17.4925,17.2728,0.5059,0.2196,2.9289,1.2715,1,1,13.02,1.29,warning,3.00,,FULL_ANGLE
0,247.1328,t4474,LIDAR_ONLY,28.0165,28.0165,,,,,,,,13.02,1.29,drive,-29.67,front,LIDAR_ONLY
0,247.2101,cam_3,CAM_ONLY,16.7821,,17.2728,0.4908,,2.8413,,1,,13.84,12.59,warning,3.00,,CAMERA_ONLY
0,247.2725,cam_3,CAM_ONLY,16.7574,,17.2728,0.5154,,2.9841,,1,,13.98,3.13,warning,3.00,,CAMERA_ONLY
0,247.3301,cam_3,CAM_ONLY,16.6384,,17.2728,0.6344,,3.6728,,1,,10.04,2.11,warning,3.00,,CAMERA_ONLY
0,247.3301,t4474,LIDAR_ONLY,28.0349,28.0349,,,,,,,,10.04,2.11,drive,-29.63,front,LIDAR_ONLY
0,247.3992,cam_3,CAM_ONLY,16.5856,,17.2728,0.6872,,3.9787,,1,,12.72,8.15,warning,3.00,,CAMERA_ONLY
0,247.3992,t4485,LIDAR_ONLY,15.1417,15.1417,73.9817,58.8400,58.8400,79.5332,79.5332,0,0,12.72,8.15,drive,20.66,front,LIDAR_ONLY
0,247.3992,t4485,LIDAR_ONLY,15.5002,15.5002,73.9817,58.4815,58.4815,79.0486,79.0486,0,0,12.72,8.15,drive,18.86,front,LIDAR_ONLY
0,247.4646,cam_3,CAM_ONLY,16.7075,,17.2728,0.5653,,3.2730,,1,,10.13,7.30,warning,3.00,,CAMERA_ONLY
0,247.5259,cam_3,CAM_ONLY,16.6303,,17.2728,0.6425,,3.7198,,1,,10.37,3.36,warning,3.00,,CAMERA_ONLY
0,247.5965,t4488,BOTH,16.6984,17.4557,17.2728,0.5744,0.1829,3.3255,1.0587,1,1,13.53,6.25,warning,3.00,,FULL_ANGLE
0,247.5965,t4485,LIDAR_ONLY,15.8552,15.8552,73.9817,58.1265,58.1265,78.5688,78.5688,0,0,13.53,6.25,drive,18.54,front,LIDAR_ONLY
0,247.6685,cam_3,CAM_ONLY,16.7237,,17.2728,0.5492,,3.1793,,1,,13.51,3.67,warning,3.00,,CAMERA_ONLY
0,247.7320,cam_3,CAM_ONLY,16.7071,,17.2728,0.5657,,3.2753,,1,,13.31,1.80,warning,3.00,,CAMERA_ONLY
0,247.7320,t4491,LIDAR_ONLY,28.2178,28.2178,,,,,,,,13.31,1.80,drive,-29.44,front,LIDAR_ONLY
0,247.8100,cam_3,CAM_ONLY,16.6819,,17.2728,0.5910,,3.4214,,1,,13.36,10.62,warning,3.00,,CAMERA_ONLY
0,247.8780,cam_3,CAM_ONLY,16.7213,,17.2728,0.5516,,3.1932,,1,,15.30,3.18,warning,3.00,,CAMERA_ONLY
0,247.9454,t4498,BOTH,16.6489,17.4473,17.2728,0.6239,0.1744,3.6122,1.0099,1,1,15.36,5.10,warning,3.00,,FULL_ANGLE
0,247.9454,t4497,LIDAR_ONLY,17.8673,17.8673,73.9817,56.1144,56.1144,75.8490,75.8490,0,0,15.36,5.10,drive,18.56,front,LIDAR_ONLY
0,247.9454,t4497,LIDAR_ONLY,17.1274,17.1274,73.9817,56.8543,56.8543,76.8491,76.8491,0,0,15.36,5.10,drive,19.68,front,LIDAR_ONLY
0,247.9454,t4497,LIDAR_ONLY,16.4801,16.4801,73.9817,57.5016,57.5016,77.7241,77.7241,0,0,15.36,5.10,drive,20.76,front,LIDAR_ONLY
0,248.0111,cam_3,CAM_ONLY,16.6400,,17.2728,0.6329,,3.6639,,1,,11.46,10.17,warning,3.00,,CAMERA_ONLY
0,248.0980,t4498,BOTH,16.6197,17.4677,17.2728,0.6531,0.1949,3.7811,1.1283,1,1,21.36,4.16,warning,3.00,,FULL_ANGLE
0,248.0980,t4497,LIDAR_ONLY,16.5792,16.5792,73.9817,57.4025,57.4025,77.5901,77.5901,0,0,21.36,4.16,drive,18.24,front,LIDAR_ONLY
0,248.0980,t4497,LIDAR_ONLY,16.6025,16.6025,73.9817,57.3792,57.3792,77.5586,77.5586,0,0,21.36,4.16,drive,19.68,front,LIDAR_ONLY
0,248.0980,t4497,LIDAR_ONLY,16.3181,16.3181,73.9817,57.6635,57.6635,77.9430,77.9430,0,0,21.36,4.16,drive,20.58,front,LIDAR_ONLY
0,248.1692,cam_3,CAM_ONLY,16.6671,,17.2728,0.6058,,3.5071,,1,,13.23,3.54,warning,3.00,,CAMERA_ONLY
0,248.2354,t4498,BOTH,16.5881,17.4889,17.2728,0.6847,0.2161,3.9642,1.2511,1,1,18.67,1.47,warning,3.00,,FULL_ANGLE
0,248.2354,t4502,LIDAR_ONLY,28.0811,28.0811,,,,,,,,18.67,1.47,drive,-29.65,front,LIDAR_ONLY
0,248.2354,t4497,LIDAR_ONLY,15.3619,15.3619,73.9817,58.6198,58.6198,79.2356,79.2356,0,0,18.67,1.47,drive,21.15,front,LIDAR_ONLY
0,248.2354,t4497,LIDAR_ONLY,15.4749,15.4749,73.9817,58.5068,58.5068,79.0829,79.0829,0,0,18.67,1.47,drive,18.27,front,LIDAR_ONLY
0,248.2354,t4497,LIDAR_ONLY,15.5076,15.5076,73.9817,58.4741,58.4741,79.0387,79.0387,0,0,18.67,1.47,drive,18.99,front,LIDAR_ONLY
0,248.2354,t4498,LIDAR_ONLY,17.4815,17.4815,17.2728,0.2086,0.2086,1.2078,1.2078,1,1,18.67,1.47,drive,1.39,front,LIDAR_ONLY
0,248.2985,cam_3,CAM_ONLY,16.7573,,17.2728,0.5156,,2.9848,,1,,10.06,5.75,warning,3.00,,CAMERA_ONLY
0,248.3756,cam_3,CAM_ONLY,16.7046,,17.2728,0.5682,,3.2898,,1,,13.34,3.57,warning,3.00,,CAMERA_ONLY
0,248.4625,cam_3,CAM_ONLY,16.7274,,17.2728,0.5454,,3.1575,,1,,21.23,14.44,warning,3.00,,CAMERA_ONLY
0,248.5286,cam_3,CAM_ONLY,16.7023,,17.2728,0.5706,,3.3033,,1,,10.02,2.90,warning,3.00,,CAMERA_ONLY
0,248.6009,cam_3,CAM_ONLY,16.6039,,17.2728,0.6690,,3.8729,,1,,15.71,6.40,warning,3.00,,CAMERA_ONLY
0,248.6009,t4508,LIDAR_ONLY,18.4374,18.4374,73.9817,55.5443,55.5443,75.0784,75.0784,0,0,15.71,6.40,drive,18.20,front,LIDAR_ONLY
0,248.6009,t4508,LIDAR_ONLY,18.3249,18.3249,73.9817,55.6568,55.6568,75.2305,75.2305,0,0,15.71,6.40,drive,18.70,front,LIDAR_ONLY
0,248.7159,cam_3,CAM_ONLY,16.6848,,17.2728,0.5880,,3.4044,,1,,16.93,8.08,warning,3.00,,CAMERA_ONLY
0,248.7834,t4512,BOTH,16.6228,17.4368,17.2728,0.6500,0.1639,3.7633,0.9490,1,1,12.76,1.44,warning,3.00,,FULL_ANGLE
0,248.7834,t4510,LIDAR_ONLY,28.0879,28.0879,,,,,,,,12.76,1.44,drive,-29.54,front,LIDAR_ONLY
0,248.7834,t4508,LIDAR_ONLY,16.6407,16.6407,73.9817,57.3410,57.3410,77.5071,77.5071,0,0,12.76,1.44,drive,19.65,front,LIDAR_ONLY
0,248.8575,cam_3,CAM_ONLY,16.6972,,17.2728,0.5756,,3.3326,,1,,12.94,11.32,warning,3.00,,CAMERA_ONLY
0,248.9189,cam_3,CAM_ONLY,16.7197,,17.2728,0.5531,,3.2023,,1,,10.40,6.31,warning,3.00,,CAMERA_ONLY
0,248.9862,t4512,BOTH,16.6156,17.4978,17.2728,0.6572,0.2250,3.8050,1.3026,1,1,12.21,1.34,warning,3.00,,FULL_ANGLE
0,248.9862,t4510,LIDAR_ONLY,28.1044,28.1044,,,,,,,,12.21,1.34,drive,-29.44,front,LIDAR_ONLY
0,248.9862,t4508,LIDAR_ONLY,16.6549,16.6549,73.9817,57.3268,57.3268,77.4878,77.4878,0,0,12.21,1.34,drive,19.15,front,LIDAR_ONLY
0,248.9862,t4508,LIDAR_ONLY,16.7194,16.7194,73.9817,57.2623,57.2623,77.4006,77.4006,0,0,12.21,1.34,drive,18.27,front,LIDAR_ONLY
0,248.9862,t4512,LIDAR_ONLY,17.4820,17.4820,17.2728,0.2091,0.2091,1.2107,1.2107,1,1,12.21,1.34,drive,3.88,front,LIDAR_ONLY
0,249.0590,cam_3,CAM_ONLY,16.6928,,17.2728,0.5801,,3.3582,,1,,16.04,10.67,warning,3.00,,CAMERA_ONLY
0,249.1245,cam_3,CAM_ONLY,16.6048,,17.2728,0.6680,,3.8675,,1,,13.43,3.23,warning,3.00,,CAMERA_ONLY
0,249.1941,t4512,BOTH,16.5432,17.5036,17.2728,0.7297,0.2307,4.2244,1.3357,1,1,15.52,4.37,warning,3.00,,FULL_ANGLE
0,249.2618,cam_3,CAM_ONLY,16.7042,,17.2728,0.5686,,3.2919,,1,,13.27,10.52,warning,2.95,,CAMERA_ONLY
0,249.3234,cam_3,CAM_ONLY,16.5854,,17.2728,0.6874,,3.9797,,1,,10.46,3.09,warning,3.00,,CAMERA_ONLY
0,249.3885,t4512,BOTH,16.6500,17.5082,17.2728,0.6229,0.2354,3.6061,1.3626,1,1,16.28,1.49,warning,3.00,,FULL_ANGLE
0,249.3885,t4521,LIDAR_ONLY,28.1691,28.1691,,,,,,,,16.28,1.49,drive,-29.51,front,LIDAR_ONLY
0,249.3885,t4522,LIDAR_ONLY,12.6652,12.6652,73.9817,61.3165,61.3165,82.8807,82.8807,0,0,16.28,1.49,cautious,23.35,front,LIDAR_ONLY
0,249.3885,t4522,LIDAR_ONLY,12.8690,12.8690,73.9817,61.1126,61.1126,82.6051,82.6051,0,0,16.28,1.49,cautious,19.85,front,LIDAR_ONLY
0,249.4616,cam_3,CAM_ONLY,16.6826,,17.2728,0.5902,,3.4171,,1,,12.77,9.84,warning,3.00,,CAMERA_ONLY
0,249.5281,cam_3,CAM_ONLY,16.6785,,17.2728,0.5944,,3.4411,,1,,10.84,3.85,warning,3.00,,CAMERA_ONLY
0,249.5907,t4512,BOTH,16.7251,17.5117,17.2728,0.5478,0.2388,3.1714,1.3827,1,1,12.25,2.78,warning,3.00,,FULL_ANGLE
0,249.5907,t4522,LIDAR_ONLY,13.1521,13.1521,73.9817,60.8296,60.8296,82.2226,82.2226,0,0,12.25,2.78,cautious,18.49,front,LIDAR_ONLY
0,249.5907,t4522,LIDAR_ONLY,13.3978,13.3978,73.9817,60.5839,60.5839,81.8904,81.8904,0,0,12.25,2.78,cautious,19.42,front,LIDAR_ONLY
0,249.6582,cam_3,CAM_ONLY,16.6356,,17.2728,0.6372,,3.6891,,1,,11.69,10.30,warning,3.00,,CAMERA_ONLY
0,249.7224,cam_3,CAM_ONLY,16.5544,,17.2728,0.7184,,4.1593,,1,,15.21,3.40,warning,3.00,,CAMERA_ONLY
0,249.8170,cam_3,CAM_ONLY,16.6429,,17.2728,0.6299,,3.6467,,1,,16.94,15.53,warning,3.00,,CAMERA_ONLY
0,249.8805,cam_3,CAM_ONLY,16.7749,,17.2728,0.4979,,2.8826,,1,,13.08,1.84,warning,3.00,,CAMERA_ONLY
0,249.8805,t4531,LIDAR_ONLY,28.0429,28.0429,,,,,,,,13.08,1.84,drive,-29.59,front,LIDAR_ONLY
0,249.9643,cam_3,CAM_ONLY,16.6787,,17.2728,0.5942,,3.4400,,1,,14.63,11.68,warning,3.00,,CAMERA_ONLY
0,250.0377,t4537,BOTH,16.7433,17.4579,17.2728,0.5296,0.1851,3.0659,1.0716,1,1,14.80,2.34,warning,2.95,,FULL_ANGLE
0,250.0377,t4536,LIDAR_ONLY,15.0417,15.0417,73.9817,58.9400,58.9400,79.6683,79.6683,0,0,14.80,2.34,drive,20.75,front,LIDAR_ONLY
0,250.0377,t4536,LIDAR_ONLY,15.2830,15.2830,73.9817,58.6986,58.6986,79.3421,79.3421,0,0,14.80,2.34,drive,18.76,front,LIDAR_ONLY
0,250.1100,cam_3,CAM_ONLY,16.6802,,17.2728,0.5926,,3.4309,,1,,17.79,8.85,warning,3.00,,CAMERA_ONLY
0,250.1851,t4537,BOTH,16.7464,17.4518,17.2728,0.5265,0.1789,3.0481,1.0360,1,1,18.05,1.80,warning,3.00,,FULL_ANGLE
0,250.1851,t4540,LIDAR_ONLY,28.1426,28.1426,,,,,,,,18.05,1.80,drive,-29.58,front,LIDAR_ONLY
0,250.1851,t4536,LIDAR_ONLY,13.2321,13.2321,73.9817,60.7496,60.7496,82.1143,82.1143,0,0,18.05,1.80,cautious,24.10,front,LIDAR_ONLY
0,250.1851,t4536,LIDAR_ONLY,13.3521,13.3521,73.9817,60.6296,60.6296,81.9522,81.9522,0,0,18.05,1.80,cautious,18.89,front,LIDAR_ONLY
0,250.1851,t4536,LIDAR_ONLY,13.4651,13.4651,73.9817,60.5166,60.5166,81.7994,81.7994,0,0,18.05,1.80,cautious,20.86,front,LIDAR_ONLY
0,250.1851,t4536,LIDAR_ONLY,13.5053,13.5053,73.9817,60.4764,60.4764,81.7451,81.7451,0,0,18.05,1.80,cautious,20.00,front,LIDAR_ONLY
0,250.1851,t4536,LIDAR_ONLY,13.2459,13.2459,73.9817,60.7358,60.7358,82.0957,82.0957,0,0,18.05,1.80,cautious,19.59,front,LIDAR_ONLY
0,250.2669,cam_3,CAM_ONLY,16.7279,,17.2728,0.5449,,3.1548,,1,,19.85,8.65,warning,3.00,,CAMERA_ONLY
0,250.3208,cam_3,CAM_ONLY,16.6351,,17.2728,0.6378,,3.6923,,1,,10.37,2.31,warning,3.00,,CAMERA_ONLY
0,250.3860,t4537,BOTH,16.6057,17.4524,17.2728,0.6671,0.1796,3.8622,1.0397,1,1,13.63,1.39,warning,3.00,,FULL_ANGLE
0,250.3860,t4540,LIDAR_ONLY,28.1460,28.1460,,,,,,,,13.63,1.39,drive,-29.53,front,LIDAR_ONLY
0,250.3860,t4536,LIDAR_ONLY,14.1453,14.1453,73.9817,59.8364,59.8364,80.8800,80.8800,0,0,13.63,1.39,cautious,19.67,front,LIDAR_ONLY
0,250.3860,t4536,LIDAR_ONLY,14.6378,14.6378,73.9817,59.3439,59.3439,80.2143,80.2143,0,0,13.63,1.39,cautious,21.12,front,LIDAR_ONLY
0,250.4578,cam_3,CAM_ONLY,16.7042,,17.2728,0.5686,,3.2919,,1,,13.77,10.47,warning,3.00,,CAMERA_ONLY
0,250.5284,cam_3,CAM_ONLY,16.7589,,17.2728,0.5140,,2.9755,,1,,13.03,3.24,warning,3.00,,CAMERA_ONLY
0,250.6112,cam_3,CAM_ONLY,16.6703,,17.2728,0.6025,,3.4882,,1,,19.74,9.61,warning,3.00,,CAMERA_ONLY
0,250.6842,cam_3,CAM_ONLY,16.7464,,17.2728,0.5265,,3.0480,,1,,13.00,4.40,warning,3.00,,CAMERA_ONLY
0,250.7649,cam_3,CAM_ONLY,16.7405,,17.2728,0.5323,,3.0817,,1,,15.40,8.90,warning,3.00,,CAMERA_ONLY
0,250.8323,t4551,BOTH,16.7080,17.4446,17.2728,0.5649,0.1718,3.2702,0.9945,1,1,14.02,1.98,warning,3.00,,FULL_ANGLE
0,250.8323,t4549,LIDAR_ONLY,28.1433,28.1433,,,,,,,,14.02,1.98,drive,-29.58,front,LIDAR_ONLY
0,250.9045,cam_3,CAM_ONLY,16.6112,,17.2728,0.6616,,3.8303,,1,,11.77,10.53,warning,3.00,,CAMERA_ONLY
0,250.9786,cam_3,CAM_ONLY,16.6667,,17.2728,0.6062,,3.5094,,1,,19.87,5.65,warning,2.95,,CAMERA_ONLY
0,251.0581,cam_3,CAM_ONLY,16.7878,,17.2728,0.4850,,2.8080,,1,,18.50,9.53,warning,3.00,,CAMERA_ONLY
0,251.1294,cam_3,CAM_ONLY,16.7684,,17.2728,0.5044,,2.9204,,1,,17.65,3.98,warning,3.00,,CAMERA_ONLY
0,251.1854,t4562,BOTH,16.6657,17.4873,17.2728,0.6072,0.2145,3.5151,1.2418,1,1,9.92,1.81,warning,3.00,,FULL_ANGLE
0,251.1854,t4559,LIDAR_ONLY,28.1239,28.1239,,,,,,,,9.92,1.81,drive,-29.58,front,LIDAR_ONLY
0,251.2597,cam_3,CAM_ONLY,16.6945,,17.2728,0.5783,,3.3483,,1,,14.45,11.51,warning,3.00,,CAMERA_ONLY
0,251.3332,cam_3,CAM_ONLY,16.6568,,17.2728,0.6161,,3.5666,,1,,19.51,4.91,warning,3.00,,CAMERA_ONLY
0,251.4202,cam_3,CAM_ONLY,16.6111,,17.2728,0.6618,,3.8314,,1,,18.12,14.39,warning,3.00,,CAMERA_ONLY
0,251.4802,cam_3,CAM_ONLY,16.6994,,17.2728,0.5734,,3.3197,,1,,10.24,2.68,warning,3.00,,CAMERA_ONLY
0,251.5644,cam_3,CAM_ONLY,16.7680,,17.2728,0.5049,,2.9229,,1,,20.28,17.51,warning,3.00,,CAMERA_ONLY
0,251.6324,cam_3,CAM_ONLY,16.7055,,17.2728,0.5674,,3.2848,,1,,13.74,1.65,warning,3.00,,CAMERA_ONLY
0,251.6324,t4568,LIDAR_ONLY,28.0215,28.0215,,,,,,,,13.74,1.65,drive,-29.68,front,LIDAR_ONLY
0,251.7127,cam_3,CAM_ONLY,16.7098,,17.2728,0.5630,,3.2594,,1,,13.78,14.15,warning,3.00,,CAMERA_ONLY
0,251.7831,cam_3,CAM_ONLY,16.6736,,17.2728,0.5992,,3.4692,,1,,15.29,2.05,warning,3.00,,CAMERA_ONLY
0,251.7831,t4568,LIDAR_ONLY,28.0327,28.0327,,,,,,,,15.29,2.05,drive,-29.59,front,LIDAR_ONLY
0,251.8582,cam_3,CAM_ONLY,16.7118,,17.2728,0.5610,,3.2480,,1,,14.08,10.69,warning,3.00,,CAMERA_ONLY
0,251.9178,cam_3,CAM_ONLY,16.7934,,17.2728,0.4795,,2.7758,,1,,9.94,2.87,warning,3.00,,CAMERA_ONLY
0,251.9857,cam_3,CAM_ONLY,16.6428,,17.2728,0.6301,,3.6477,,1,,13.50,3.86,warning,3.00,,CAMERA_ONLY
0,252.0701,cam_3,CAM_ONLY,16.6732,,17.2728,0.5996,,3.4714,,1,,12.29,6.61,warning,3.00,,CAMERA_ONLY
0,252.1311,cam_3,CAM_ONLY,16.6485,,17.2728,0.6243,,3.6145,,1,,10.69,2.18,warning,3.00,,CAMERA_ONLY
0,252.1311,t4575,LIDAR_ONLY,28.1201,28.1201,,,,,,,,10.69,2.18,drive,-29.61,front,LIDAR_ONLY
0,252.2130,cam_3,CAM_ONLY,16.7878,,17.2728,0.4851,,2.8082,,1,,16.41,11.48,warning,3.00,,CAMERA_ONLY
0,252.2789,cam_3,CAM_ONLY,16.7581,,17.2728,0.5148,,2.9803,,1,,13.68,3.15,warning,3.00,,CAMERA_ONLY
0,252.3589,cam_3,CAM_ONLY,16.6360,,17.2728,0.6369,,3.6872,,1,,15.31,12.55,warning,3.00,,CAMERA_ONLY
0,252.4260,cam_3,CAM_ONLY,16.6181,,17.2728,0.6548,,3.7906,,1,,16.50,4.38,warning,3.00,,CAMERA_ONLY
0,252.4947,cam_3,CAM_ONLY,16.5898,,17.2728,0.6830,,3.9544,,1,,12.20,4.38,warning,3.00,,CAMERA_ONLY
0,252.4947,t4584,LIDAR_ONLY,18.6022,18.6022,73.9817,55.3795,55.3795,74.8557,74.8557,0,0,12.20,4.38,drive,18.10,front,LIDAR_ONLY
0,252.5635,cam_3,CAM_ONLY,16.6376,,17.2728,0.6352,,3.6777,,1,,13.64,8.16,warning,3.00,,CAMERA_ONLY
0,252.6424,t4586,BOTH,16.7631,17.4641,17.2728,0.5098,0.1912,2.9513,1.1071,1,1,14.40,3.38,warning,3.00,,FULL_ANGLE
0,252.6424,t4584,LIDAR_ONLY,18.4416,18.4416,73.9817,55.5401,55.5401,75.0727,75.0727,0,0,14.40,3.38,drive,18.28,front,LIDAR_ONLY
0,252.7142,cam_3,CAM_ONLY,16.6823,,17.2728,0.5905,,3.4187,,1,,10.41,14.02,warning,3.00,,CAMERA_ONLY
0,252.7860,cam_3,CAM_ONLY,16.6643,,17.2728,0.6085,,3.5229,,1,,12.08,1.53,warning,3.00,,CAMERA_ONLY
0,252.8582,cam_3,CAM_ONLY,16.7104,,17.2728,0.5624,,3.2561,,1,,11.54,11.01,warning,3.00,,CAMERA_ONLY
0,252.9278,cam_3,CAM_ONLY,16.7567,,17.2728,0.5161,,2.9881,,1,,14.49,4.14,warning,3.00,,CAMERA_ONLY
0,252.9904,t4594,BOTH,16.7247,17.6150,17.2728,0.5482,0.3421,3.1737,1.9808,1,1,13.72,3.59,warning,3.00,,FULL_ANGLE
0,252.9904,t4593,LIDAR_ONLY,14.6451,14.6451,73.9817,59.3366,59.3366,80.2044,80.2044,0,0,13.72,3.59,drive,21.12,front,LIDAR_ONLY
0,252.9904,t4593,LIDAR_ONLY,15.0794,15.0794,73.9817,58.9023,58.9023,79.6174,79.6174,0,0,13.72,3.59,drive,19.24,front,LIDAR_ONLY
0,252.9904,t4594,LIDAR_ONLY,17.8918,17.8918,17.2728,0.6190,0.6190,3.5837,3.5837,1,1,13.72,3.59,drive,3.58,front,LIDAR_ONLY
0,253.0724,cam_3,CAM_ONLY,16.7144,,17.2728,0.5584,,3.2330,,1,,18.52,11.68,warning,3.00,,CAMERA_ONLY
0,253.1400,t4594,BOTH,16.6596,17.5569,17.2728,0.6132,0.2840,3.5500,1.6444,1,1,11.77,2.99,warning,3.00,,FULL_ANGLE
0,253.1400,t4593,LIDAR_ONLY,15.5415,15.5415,73.9817,58.4402,58.4402,78.9927,78.9927,0,0,11.77,2.99,drive,18.57,front,LIDAR_ONLY
0,253.1400,t4593,LIDAR_ONLY,15.8533,15.8533,73.9817,58.1284,58.1284,78.5713,78.5713,0,0,11.77,2.99,drive,19.72,front,LIDAR_ONLY
0,253.2134,cam_3,CAM_ONLY,16.6817,,17.2728,0.5912,,3.4226,,1,,14.35,7.79,warning,3.00,,CAMERA_ONLY
0,253.3094,cam_3,CAM_ONLY,16.6252,,17.2728,0.6476,,3.7494,,1,,18.57,7.78,warning,3.00,,CAMERA_ONLY
0,253.4007,t4594,BOTH,16.6198,17.5299,17.2728,0.6531,0.2571,3.7809,1.4883,1,1,25.98,7.80,warning,3.00,,FULL_ANGLE
0,253.4007,t4593,LIDAR_ONLY,16.1336,16.1336,73.9817,57.8481,57.8481,78.1924,78.1924,0,0,25.98,7.80,drive,18.19,front,LIDAR_ONLY
0,253.4685,cam_3,CAM_ONLY,16.6085,,17.2728,0.6643,,3.8461,,1,,14.17,5.12,warning,3.00,,CAMERA_ONLY
0,253.5316,cam_3,CAM_ONLY,16.6029,,17.2728,0.6700,,3.8788,,1,,11.98,2.07,warning,3.00,,CAMERA_ONLY
0,253.5316,t4598,LIDAR_ONLY,28.0321,28.0321,,,,,,,,11.98,2.07,drive,-29.68,front,LIDAR_ONLY
0,253.6050,cam_3,CAM_ONLY,16.7039,,17.2728,0.5690,,3.2940,,1,,16.41,9.96,warning,3.00,,CAMERA_ONLY
0,253.6949,t4604,BOTH,16.6078,17.4888,17.2728,0.6651,0.2159,3.8505,1.2501,1,1,12.61,3.72,warning,3.00,,FULL_ANGLE
0,253.6949,t4603,LIDAR_ONLY,17.9589,17.9589,73.9817,56.0228,56.0228,75.7253,75.7253,0,0,12.61,3.72,drive,18.50,front,LIDAR_ONLY
0,253.7693,cam_3,CAM_ONLY,16.7516,,17.2728,0.5213,,3.0178,,1,,14.42,7.77,warning,3.00,,CAMERA_ONLY
0,253.8360,t4604,BOTH,16.7356,17.4902,17.2728,0.5373,0.2174,3.1105,1.2585,1,1,16.59,1.92,warning,3.00,,FULL_ANGLE
0,253.8360,t4606,LIDAR_ONLY,28.1744,28.1744,,,,,,,,16.59,1.92,drive,-29.57,front,LIDAR_ONLY
0,253.8360,t4603,LIDAR_ONLY,10.5223,10.5223,73.9817,63.4594,63.4594,85.7772,85.7772,0,0,16.59,1.92,cautious,28.19,front,LIDAR_ONLY
0,253.8360,t4603,LIDAR_ONLY,10.5754,10.5754,73.9817,63.4063,63.4063,85.7054,85.7054,0,0,16.59,1.92,cautious,19.21,front,LIDAR_ONLY
0,253.8360,t4603,LIDAR_ONLY,10.6660,10.6660,73.9817,63.3157,63.3157,85.5829,85.5829,0,0,16.59,1.92,cautious,18.17,front,LIDAR_ONLY
0,253.9197,cam_3,CAM_ONLY,16.6453,,17.2728,0.6276,,3.6332,,1,,20.62,14.29,warning,3.00,,CAMERA_ONLY
0,253.9811,cam_3,CAM_ONLY,16.7070,,17.2728,0.5659,,3.2761,,1,,12.69,1.86,warning,3.00,,CAMERA_ONLY
0,253.9811,t4606,LIDAR_ONLY,28.1719,28.1719,,,,,,,,12.69,1.86,drive,-29.49,front,LIDAR_ONLY
0,254.0553,cam_3,CAM_ONLY,16.6604,,17.2728,0.6124,,3.5456,,1,,14.26,10.53,warning,3.00,,CAMERA_ONLY
0,254.1300,cam_3,CAM_ONLY,16.6484,,17.2728,0.6245,,3.6153,,1,,21.80,2.65,warning,3.00,,CAMERA_ONLY
0,254.1300,t4606,LIDAR_ONLY,28.1638,28.1638,,,,,,,,21.80,2.65,drive,-29.68,front,LIDAR_ONLY
0,254.2010,cam_3,CAM_ONLY,16.6852,,17.2728,0.5876,,3.4021,,1,,16.17,7.56,warning,3.00,,CAMERA_ONLY
0,254.2712,cam_3,CAM_ONLY,16.6532,,17.2728,0.6197,,3.5876,,1,,13.84,4.32,warning,3.00,,CAMERA_ONLY
0,254.3344,t4615,BOTH,16.7148,17.4766,17.2728,0.5580,0.2038,3.2305,1.1799,1,1,13.75,1.96,warning,3.00,,FULL_ANGLE
0,254.3344,t4606,LIDAR_ONLY,28.1400,28.1400,,,,,,,,13.75,1.96,drive,-29.62,front,LIDAR_ONLY
0,254.4139,cam_3,CAM_ONLY,16.6900,,17.2728,0.5828,,3.3743,,1,,16.30,11.74,warning,3.00,,CAMERA_ONLY
0,254.4704,cam_3,CAM_ONLY,16.6981,,17.2728,0.5747,,3.3273,,1,,9.22,2.32,warning,3.00,,CAMERA_ONLY
0,254.5303,cam_3,CAM_ONLY,16.8024,,17.2728,0.4704,,2.7236,,1,,11.81,1.78,warning,3.00,,CAMERA_ONLY
0,254.5303,t4606,LIDAR_ONLY,28.1225,28.1225,,,,,,,,11.81,1.78,drive,-29.71,front,LIDAR_ONLY
0,254.6034,cam_3,CAM_ONLY,16.6084,,17.2728,0.6644,,3.8465,,1,,12.90,10.21,warning,3.00,,CAMERA_ONLY
0,254.6747,cam_3,CAM_ONLY,16.6648,,17.2728,0.6081,,3.5203,,1,,13.48,3.45,warning,3.00,,CAMERA_ONLY
0,254.7717,cam_3,CAM_ONLY,16.6298,,17.2728,0.6430,,3.7229,,1,,12.78,6.66,warning,3.00,,CAMERA_ONLY
0,254.8451,t4623,BOTH,16.7257,17.4507,17.2728,0.5471,0.1779,3.1676,1.0299,1,1,12.41,4.02,warning,3.00,,FULL_ANGLE
0,254.8451,t4622,LIDAR_ONLY,16.8278,16.8278,73.9817,57.1539,57.1539,77.2541,77.2541,0,0,12.41,4.02,drive,19.28,front,LIDAR_ONLY
0,254.9206,cam_3,CAM_ONLY,16.6534,,17.2728,0.6195,,3.5864,,1,,15.13,7.82,warning,3.00,,CAMERA_ONLY
0,254.9941,t4623,BOTH,16.6492,17.4516,17.2728,0.6236,0.1787,3.6106,1.0349,1,1,13.53,5.29,warning,3.00,,FULL_ANGLE
0,254.9941,t4622,LIDAR_ONLY,16.8660,16.8660,73.9817,57.1157,57.1157,77.2024,77.2024,0,0,13.53,5.29,drive,18.92,front,LIDAR_ONLY
0,255.0720,cam_3,CAM_ONLY,16.5976,,17.2728,0.6752,,3.9090,,1,,18.51,12.86,warning,3.00,,CAMERA_ONLY
0,255.1600,cam_3,CAM_ONLY,16.7328,,17.2728,0.5400,,3.1265,,1,,12.50,11.70,warning,3.00,,CAMERA_ONLY
0,255.2204,cam_3,CAM_ONLY,16.7796,,17.2728,0.4932,,2.8555,,1,,8.92,3.72,warning,3.00,,CAMERA_ONLY
0,255.2809,t4629,BOTH,16.6667,17.4701,17.2728,0.6061,0.1973,3.5092,1.1422,1,1,12.58,1.57,warning,3.00,,FULL_ANGLE
0,255.2809,t4627,LIDAR_ONLY,28.1049,28.1049,,,,,,,,12.58,1.57,drive,-29.64,front,LIDAR_ONLY
0,255.3605,cam_3,CAM_ONLY,16.6551,,17.2728,0.6178,,3.5764,,1,,13.44,11.17,warning,3.00,,CAMERA_ONLY
0,255.4218,cam_3,CAM_ONLY,16.7190,,17.2728,0.5538,,3.2063,,1,,9.28,3.31,warning,3.00,,CAMERA_ONLY
0,255.4935,cam_3,CAM_ONLY,16.5937,,17.2728,0.6791,,3.9318,,1,,15.09,4.06,warning,3.00,,CAMERA_ONLY
0,255.4935,t4627,LIDAR_ONLY,28.1267,28.1267,,,,,,,,15.09,4.06,drive,-29.31,front,LIDAR_ONLY
0,255.4935,t4632,LIDAR_ONLY,16.8543,16.8543,73.9817,57.1274,57.1274,77.2182,77.2182,0,0,15.09,4.06,drive,19.25,front,LIDAR_ONLY
0,255.5715,cam_3,CAM_ONLY,16.5890,,17.2728,0.6839,,3.9592,,1,,10.66,5.46,warning,3.00,,CAMERA_ONLY
0,255.6470,t4633,BOTH,16.5981,17.4068,17.2728,0.6747,0.1339,3.9062,0.7753,1,1,13.38,5.89,warning,3.00,,FULL_ANGLE
0,255.7176,cam_3,CAM_ONLY,16.7009,,17.2728,0.5720,,3.3114,,1,,14.23,8.13,warning,3.00,,CAMERA_ONLY
0,255.8018,cam_3,CAM_ONLY,16.6515,,17.2728,0.6214,,3.5973,,1,,13.35,7.17,warning,3.00,,CAMERA_ONLY
0,255.8018,t4634,LIDAR_ONLY,17.9673,17.9673,73.9817,56.0144,56.0144,75.7138,75.7138,0,0,13.35,7.17,drive,18.49,front,LIDAR_ONLY
0,255.8702,cam_3,CAM_ONLY,16.6766,,17.2728,0.5962,,3.4516,,1,,13.89,2.64,warning,3.00,,CAMERA_ONLY
0,255.9413,t4637,BOTH,16.6968,17.4506,17.2728,0.5760,0.1778,3.3347,1.0293,1,1,15.72,3.50,warning,3.00,,FULL_ANGLE
0,255.9413,t4634,LIDAR_ONLY,16.4096,16.4096,73.9817,57.5721,57.5721,77.8194,77.8194,0,0,15.72,3.50,drive,19.77,front,LIDAR_ONLY
0,256.0559,cam_3,CAM_ONLY,16.6584,,17.2728,0.6144,,3.5571,,1,,14.58,10.69,warning,3.00,,CAMERA_ONLY
0,256.1300,cam_3,CAM_ONLY,16.6502,,17.2728,0.6226,,3.6046,,1,,19.92,5.70,warning,3.00,,CAMERA_ONLY
0,256.2309,cam_3,CAM_ONLY,16.7643,,17.2728,0.5086,,2.9443,,1,,22.68,14.65,warning,3.00,,CAMERA_ONLY
0,256.3137,cam_3,CAM_ONLY,16.6445,,17.2728,0.6283,,3.6376,,1,,15.27,8.04,warning,3.00,,CAMERA_ONLY
0,256.4038,t4643,BOTH,16.7007,17.4694,17.2728,0.5721,0.1966,3.3122,1.1380,1,1,22.81,9.64,warning,2.95,,FULL_ANGLE
0,256.4038,t4642,LIDAR_ONLY,17.1633,17.1633,73.9817,56.8184,56.8184,76.8007,76.8007,0,0,22.81,9.64,drive,19.04,front,LIDAR_ONLY
0,256.4038,t4642,LIDAR_ONLY,16.7030,16.7030,73.9817,57.2787,57.2787,77.4228,77.4228,0,0,22.81,9.64,drive,20.76,front,LIDAR_ONLY
0,256.4038,t4642,LIDAR_ONLY,16.4036,16.4036,73.9817,57.5781,57.5781,77.8275,77.8275,0,0,22.81,9.64,drive,21.53,front,LIDAR_ONLY
0,256.4706,cam_3,CAM_ONLY,16.6996,,17.2728,0.5732,,3.3186,,1,,12.12,2.87,warning,3.00,,CAMERA_ONLY
0,256.5307,cam_3,CAM_ONLY,16.6197,,17.2728,0.6532,,3.7815,,1,,9.82,2.73,warning,3.00,,CAMERA_ONLY
0,256.6173,cam_3,CAM_ONLY,16.5513,,17.2728,0.7215,,4.1773,,1,,19.43,11.19,warning,3.00,,CAMERA_ONLY
0,256.6934,t4651,BOTH,16.6314,17.4865,17.2728,0.6415,0.2137,3.7138,1.2370,1,1,14.12,5.04,warning,3.00,,FULL_ANGLE
0,256.6934,t4650,LIDAR_ONLY,17.3984,17.3984,73.9817,56.5833,56.5833,76.4828,76.4828,0,0,14.12,5.04,drive,18.87,front,LIDAR_ONLY
0,256.7648,cam_3,CAM_ONLY,16.5907,,17.2728,0.6821,,3.9489,,1,,13.38,8.83,warning,3.00,,CAMERA_ONLY
0,256.8395,t4651,BOTH,16.6460,17.4846,17.2728,0.6268,0.2117,3.6288,1.2257,1,1,15.52,2.58,warning,3.00,,FULL_ANGLE
0,256.8395,t4652,LIDAR_ONLY,28.1326,28.1326,,,,,,,,15.52,2.58,drive,-29.43,front,LIDAR_ONLY
0,256.8395,t4650,LIDAR_ONLY,17.4483,17.4483,73.9817,56.5334,56.5334,76.4154,76.4154,0,0,15.52,2.58,drive,18.46,front,LIDAR_ONLY
0,256.8395,t4650,LIDAR_ONLY,17.1468,17.1468,73.9817,56.8349,56.8349,76.8229,76.8229,0,0,15.52,2.58,drive,19.96,front,LIDAR_ONLY
0,256.9080,cam_3,CAM_ONLY,16.7496,,17.2728,0.5232,,3.0293,,1,,10.53,9.79,warning,3.00,,CAMERA_ONLY
0,256.9826,cam_3,CAM_ONLY,16.7586,,17.2728,0.5142,,2.9772,,1,,14.10,3.79,warning,3.00,,CAMERA_ONLY
0,256.9826,t4652,LIDAR_ONLY,28.1039,28.1039,,,,,,,,14.10,3.79,drive,-29.63,front,LIDAR_ONLY
0,257.0675,cam_3,CAM_ONLY,16.6654,,17.2728,0.6074,,3.5167,,1,,20.15,8.94,warning,3.00,,CAMERA_ONLY
0,257.1335,cam_3,CAM_ONLY,16.6389,,17.2728,0.6340,,3.6703,,1,,11.72,2.31,warning,3.00,,CAMERA_ONLY
0,257.1335,t4652,LIDAR_ONLY,28.0966,28.0966,,,,,,,,11.72,2.31,drive,-29.76,front,LIDAR_ONLY
0,257.2135,cam_3,CAM_ONLY,16.6250,,17.2728,0.6479,,3.7509,,1,,12.62,9.91,warning,3.00,,CAMERA_ONLY
0,257.2870,cam_3,CAM_ONLY,16.5925,,17.2728,0.6803,,3.9385,,1,,15.14,1.61,warning,3.00,,CAMERA_ONLY
0,257.2870,t4652,LIDAR_ONLY,28.0986,28.0986,,,,,,,,15.14,1.61,drive,-29.53,front,LIDAR_ONLY
0,257.3630,cam_3,CAM_ONLY,16.6852,,17.2728,0.5876,,3.4019,,1,,13.16,13.17,warning,3.00,,CAMERA_ONLY
0,257.4226,cam_3,CAM_ONLY,16.6851,,17.2728,0.5877,,3.4026,,1,,10.71,2.78,warning,3.00,,CAMERA_ONLY
0,257.4882,cam_3,CAM_ONLY,16.6294,,17.2728,0.6435,,3.7252,,1,,14.40,2.69,warning,3.00,,CAMERA_ONLY
0,257.4882,t4652,LIDAR_ONLY,28.1017,28.1017,,,,,,,,14.40,2.69,drive,-29.55,front,LIDAR_ONLY
0,257.5713,cam_3,CAM_ONLY,16.6222,,17.2728,0.6506,,3.7667,,1,,10.96,12.69,warning,3.00,,CAMERA_ONLY
0,257.6611,cam_3,CAM_ONLY,16.6062,,17.2728,0.6666,,3.8593,,1,,19.00,13.89,warning,3.00,,CAMERA_ONLY
0,257.7257,cam_3,CAM_ONLY,16.5505,,17.2728,0.7223,,4.1819,,1,,14.24,3.58,warning,3.00,,CAMERA_ONLY
0,257.7982,t4675,BOTH,16.5841,17.5374,17.2728,0.6887,0.2646,3.9872,1.5316,1,1,15.85,6.09,warning,3.00,,FULL_ANGLE
0,257.7982,t4674,LIDAR_ONLY,18.0774,18.0774,73.9817,55.9043,55.9043,75.5650,75.5650,0,0,15.85,6.09,drive,18.42,front,LIDAR_ONLY
0,257.8787,cam_3,CAM_ONLY,16.6105,,17.2728,0.6624,,3.8348,,1,,17.49,4.14,warning,3.00,,CAMERA_ONLY
0,257.9592,cam_3,CAM_ONLY,16.6624,,17.2728,0.6104,,3.5341,,1,,13.18,10.81,warning,3.00,,CAMERA_ONLY
0,258.0356,t4675,BOTH,16.6636,17.5098,17.2728,0.6093,0.2370,3.5274,1.3720,1,1,16.12,1.72,warning,3.00,,FULL_ANGLE
0,258.0356,t4674,LIDAR_ONLY,15.0371,15.0371,73.9817,58.9446,58.9446,79.6746,79.6746,0,0,16.12,1.72,drive,21.10,front,LIDAR_ONLY
0,258.1127,cam_3,CAM_ONLY,16.7732,,17.2728,0.4997,,2.8927,,1,,14.42,13.03,warning,3.00,,CAMERA_ONLY
0,258.1859,cam_3,CAM_ONLY,16.6901,,17.2728,0.5827,,3.3735,,1,,18.87,3.93,warning,3.00,,CAMERA_ONLY
0,258.1859,t4681,LIDAR_ONLY,28.0666,28.0666,,,,,,,,18.87,3.93,drive,-29.69,front,LIDAR_ONLY
0,258.2593,cam_3,CAM_ONLY,16.6681,,17.2728,0.6048,,3.5014,,1,,12.72,11.85,warning,3.00,,CAMERA_ONLY
0,258.3279,cam_3,CAM_ONLY,16.6859,,17.2728,0.5869,,3.3978,,1,,14.82,3.09,warning,3.00,,CAMERA_ONLY
0,258.4008,cam_3,CAM_ONLY,16.7125,,17.2728,0.5604,,3.2442,,1,,9.48,10.52,warning,3.00,,CAMERA_ONLY
0,258.4674,cam_3,CAM_ONLY,16.7078,,17.2728,0.5651,,3.2714,,1,,9.44,10.03,warning,3.00,,CAMERA_ONLY
0,258.5284,cam_3,CAM_ONLY,16.7675,,17.2728,0.5053,,2.9256,,1,,10.53,3.13,warning,2.95,,CAMERA_ONLY
0,258.6158,cam_3,CAM_ONLY,16.7709,,17.2728,0.5019,,2.9057,,1,,13.82,9.90,warning,3.00,,CAMERA_ONLY
0,258.7272,cam_3,CAM_ONLY,16.6524,,17.2728,0.6204,,3.5918,,1,,16.98,3.44,warning,3.00,,CAMERA_ONLY
0,258.7974,cam_3,CAM_ONLY,16.6825,,17.2728,0.5903,,3.4176,,1,,15.45,6.29,warning,3.00,,CAMERA_ONLY
0,258.7974,t4690,LIDAR_ONLY,15.0329,15.0329,73.9817,58.9488,58.9488,79.6803,79.6803,0,0,15.45,6.29,drive,20.76,front,LIDAR_ONLY
0,258.7974,t4690,LIDAR_ONLY,15.3037,15.3037,73.9817,58.6780,58.6780,79.3142,79.3142,0,0,15.45,6.29,drive,18.26,front,LIDAR_ONLY
0,258.7974,t4690,LIDAR_ONLY,15.5334,15.5334,73.9817,58.4483,58.4483,79.0037,79.0037,0,0,15.45,6.29,drive,19.33,front,LIDAR_ONLY
0,258.8743,cam_3,CAM_ONLY,16.6881,,17.2728,0.5847,,3.3853,,1,,17.69,3.14,warning,3.00,,CAMERA_ONLY
0,258.9399,t4694,BOTH,16.7597,17.4669,17.2728,0.5131,0.1940,2.9708,1.1232,1,1,14.58,2.44,warning,3.00,,FULL_ANGLE
0,258.9399,t4690,LIDAR_ONLY,13.1962,13.1962,73.9817,60.7855,60.7855,82.1629,82.1629,0,0,14.58,2.44,cautious,24.17,front,LIDAR_ONLY
0,258.9399,t4690,LIDAR_ONLY,13.2997,13.2997,73.9817,60.6820,60.6820,82.0230,82.0230,0,0,14.58,2.44,cautious,18.85,front,LIDAR_ONLY
0,259.0168,cam_3,CAM_ONLY,16.8028,,17.2728,0.4700,,2.7210,,1,,19.64,11.08,warning,3.00,,CAMERA_ONLY
0,259.0786,cam_3,CAM_ONLY,16.7868,,17.2728,0.4861,,2.8141,,1,,9.34,3.22,warning,3.00,,CAMERA_ONLY
0,259.1630,cam_3,CAM_ONLY,16.7716,,17.2728,0.5012,,2.9017,,1,,17.89,11.81,warning,3.00,,CAMERA_ONLY
0,259.2356,t4701,BOTH,16.7667,17.4590,17.2728,0.5062,0.1862,2.9304,1.0779,1,1,15.63,1.41,warning,2.95,,FULL_ANGLE
0,259.2356,t4698,LIDAR_ONLY,28.1543,28.1543,,,,,,,,15.63,1.41,drive,-29.55,front,LIDAR_ONLY
0,259.2356,t4699,LIDAR_ONLY,18.3400,18.3400,73.9817,55.6417,55.6417,75.2101,75.2101,0,0,15.63,1.41,drive,18.26,front,LIDAR_ONLY
0,259.2356,t4699,LIDAR_ONLY,16.7661,16.7661,73.9817,57.2156,57.2156,77.3376,77.3376,0,0,15.63,1.41,drive,19.75,front,LIDAR_ONLY
0,259.3179,cam_3,CAM_ONLY,16.6689,,17.2728,0.6039,,3.4965,,1,,9.48,7.74,warning,3.00,,CAMERA_ONLY
0,259.3912,t4701,BOTH,16.7428,17.4671,17.2728,0.5301,0.1943,3.0687,1.1249,1,1,18.24,2.26,warning,3.00,,FULL_ANGLE
0,259.3912,t4698,LIDAR_ONLY,28.1061,28.1061,,,,,,,,18.24,2.26,drive,-29.66,front,LIDAR_ONLY
0,259.3912,t4699,LIDAR_ONLY,10.9197,10.9197,,,,,,,,18.24,2.26,cautious,27.84,front,LIDAR_ONLY
0,259.4635,cam_3,CAM_ONLY,16.8025,,17.2728,0.4704,,2.7231,,1,,13.08,9.22,warning,2.95,,CAMERA_ONLY
0,259.5305,cam_3,CAM_ONLY,16.6587,,17.2728,0.6141,,3.5552,,1,,9.40,3.21,warning,3.00,,CAMERA_ONLY
0,259.5990,cam_3,CAM_ONLY,16.6737,,17.2728,0.5991,,3.4687,,1,,13.63,7.15,warning,3.00,,CAMERA_ONLY
0,259.5990,t4699,LIDAR_ONLY,10.9639,10.9639,73.9817,63.0178,63.0178,85.1803,85.1803,0,0,13.63,7.15,cautious,18.43,front,LIDAR_ONLY
0,259.6782,cam_3,CAM_ONLY,16.6356,,17.2728,0.6373,,3.6894,,1,,20.49,2.44,warning,3.00,,CAMERA_ONLY
0,259.6782,t4707,LIDAR_ONLY,28.1223,28.1223,,,,,,,,20.49,2.44,drive,-29.60,front,LIDAR_ONLY
0,259.7705,cam_3,CAM_ONLY,16.7282,,17.2728,0.5447,,3.1533,,1,,16.98,17.91,warning,3.00,,CAMERA_ONLY
0,259.8448,t4713,BOTH,16.6065,17.5169,17.2728,0.6663,0.2441,3.8577,1.4131,1,1,18.62,3.67,warning,3.00,,FULL_ANGLE
0,259.8448,t4699,LIDAR_ONLY,11.0657,11.0657,73.9817,62.9160,62.9160,85.0427,85.0427,0,0,18.62,3.67,cautious,18.57,front,LIDAR_ONLY
0,259.8448,t4699,LIDAR_ONLY,11.1505,11.1505,73.9817,62.8312,62.8312,84.9281,84.9281,0,0,18.62,3.67,cautious,19.87,front,LIDAR_ONLY
0,259.9154,cam_3,CAM_ONLY,16.5691,,17.2728,0.7037,,4.0743,,1,,9.69,8.66,warning,3.00,,CAMERA_ONLY
0,259.9808,t4713,BOTH,16.6897,17.4894,17.2728,0.5832,0.2166,3.3762,1.2540,1,1,12.77,1.69,warning,3.00,,FULL_ANGLE
0,259.9808,t4715,LIDAR_ONLY,28.0894,28.0894,,,,,,,,12.77,1.69,drive,-29.70,front,LIDAR_ONLY
0,260.0479,t4713,BOTH,16.6542,17.4776,17.2728,0.6186,0.2047,3.5814,1.1852,1,1,11.49,5.69,warning,3.00,,FULL_ANGLE
0,260.0479,t4699,LIDAR_ONLY,11.2218,11.2218,73.9817,62.7599,62.7599,84.8316,84.8316,0,0,11.49,5.69,cautious,19.28,front,LIDAR_ONLY
0,260.1233,cam_3,CAM_ONLY,16.6892,,17.2728,0.5836,,3.3788,,1,,15.82,3.06,warning,3.00,,CAMERA_ONLY
0,260.1979,t4713,BOTH,16.7069,17.4726,17.2728,0.5660,0.1998,3.2767,1.1566,1,1,20.65,7.01,warning,3.00,,FULL_ANGLE
0,260.2695,cam_3,CAM_ONLY,16.7098,,17.2728,0.5630,,3.2595,,1,,9.22,7.26,warning,3.00,,CAMERA_ONLY
0,260.3492,t4713,BOTH,16.7210,17.4696,17.2728,0.5518,0.1967,3.1946,1.1389,1,1,15.50,8.19,warning,3.00,,FULL_ANGLE
0,260.3492,t4721,LIDAR_ONLY,18.3771,18.3771,73.9817,55.6046,55.6046,75.1600,75.1600,0,0,15.50,8.19,drive,18.23,front,LIDAR_ONLY
0,260.3492,t4721,LIDAR_ONLY,16.9906,16.9906,73.9817,56.9911,56.9911,77.0341,77.0341,0,0,15.50,8.19,drive,19.86,front,LIDAR_ONLY
0,260.3492,t4721,LIDAR_ONLY,16.5915,16.5915,73.9817,57.3902,57.3902,77.5735,77.5735,0,0,15.50,8.19,drive,20.89,front,LIDAR_ONLY
0,260.4169,cam_3,CAM_ONLY,16.7171,,17.2728,0.5558,,3.2176,,1,,9.32,8.12,warning,3.00,,CAMERA_ONLY
0,260.4870,t4713,BOTH,16.7624,17.4539,17.2728,0.5105,0.1811,2.9553,1.0484,1,1,13.56,1.62,warning,3.00,,FULL_ANGLE
0,260.4870,t4722,LIDAR_ONLY,28.1501,28.1501,,,,,,,,13.56,1.62,drive,-29.53,front,LIDAR_ONLY
0,260.4870,t4721,LIDAR_ONLY,11.7563,11.7563,73.9817,62.2254,62.2254,84.1091,84.1091,0,0,13.56,1.62,cautious,26.19,front,LIDAR_ONLY
0,260.4870,t4721,LIDAR_ONLY,11.8895,11.8895,73.9817,62.0921,62.0921,83.9291,83.9291,0,0,13.56,1.62,cautious,18.73,front,LIDAR_ONLY
0,260.4870,t4721,LIDAR_ONLY,11.9875,11.9875,73.9817,61.9942,61.9942,83.7967,83.7967,0,0,13.56,1.62,cautious,20.10,front,LIDAR_ONLY
0,260.5745,cam_3,CAM_ONLY,16.7258,,17.2728,0.5470,,3.1670,,1,,18.57,9.72,warning,3.00,,CAMERA_ONLY
0,260.6712,cam_3,CAM_ONLY,16.7050,,17.2728,0.5678,,3.2872,,1,,21.34,15.44,warning,3.00,,CAMERA_ONLY
0,260.7384,t4713,BOTH,16.7060,17.4536,17.2728,0.5669,0.1808,3.2818,1.0467,1,1,14.39,2.23,warning,3.00,,FULL_ANGLE
0,260.7384,t4721,LIDAR_ONLY,10.6130,10.6130,,,,,,,,14.39,2.23,cautious,29.27,front,LIDAR_ONLY
0,260.7384,t4724,LIDAR_ONLY,18.0449,18.0449,73.9817,55.9368,55.9368,75.6090,75.6090,0,0,14.39,2.23,drive,18.44,front,LIDAR_ONLY
0,260.8120,cam_3,CAM_ONLY,16.7069,,17.2728,0.5659,,3.2765,,1,,12.45,9.44,warning,3.00,,CAMERA_ONLY
0,260.8803,cam_3,CAM_ONLY,16.7084,,17.2728,0.5644,,3.2676,,1,,13.87,2.47,warning,3.00,,CAMERA_ONLY
0,260.8803,t4725,LIDAR_ONLY,28.1401,28.1401,,,,,,,,13.87,2.47,drive,-29.59,front,LIDAR_ONLY
0,260.9560,cam_3,CAM_ONLY,16.8030,,17.2728,0.4698,,2.7200,,1,,16.60,10.60,warning,3.00,,CAMERA_ONLY
0,261.0252,cam_3,CAM_ONLY,16.7544,,17.2728,0.5185,,3.0017,,1,,16.34,4.04,warning,3.00,,CAMERA_ONLY
0,261.0853,t4731,BOTH,16.6666,17.4734,17.2728,0.6062,0.2006,3.5097,1.1613,1,1,10.93,1.27,warning,3.00,,FULL_ANGLE
0,261.0853,t4725,LIDAR_ONLY,28.0742,28.0742,,,,,,,,10.93,1.27,drive,-29.72,front,LIDAR_ONLY
0,261.1513,cam_3,CAM_ONLY,16.7408,,17.2728,0.5320,,3.0802,,1,,10.15,7.54,warning,3.00,,CAMERA_ONLY
0,261.2174,cam_3,CAM_ONLY,16.6384,,17.2728,0.6345,,3.6733,,1,,9.83,6.71,warning,3.00,,CAMERA_ONLY
0,261.2831,t4731,BOTH,16.6448,17.4600,17.2728,0.6281,0.1872,3.6362,1.0836,1,1,10.05,1.62,warning,3.00,,FULL_ANGLE
0,261.2831,t4725,LIDAR_ONLY,28.0790,28.0790,,,,,,,,10.05,1.62,drive,-29.56,front,LIDAR_ONLY
0,261.3634,cam_3,CAM_ONLY,16.6576,,17.2728,0.6152,,3.5616,,1,,14.65,13.05,warning,3.00,,CAMERA_ONLY
0,261.4296,cam_3,CAM_ONLY,16.7309,,17.2728,0.5420,,3.1378,,1,,13.40,2.75,warning,3.00,,CAMERA_ONLY
0,261.4296,t4725,LIDAR_ONLY,28.0860,28.0860,,,,,,,,13.40,2.75,drive,-29.52,front,LIDAR_ONLY
0,261.5022,cam_3,CAM_ONLY,16.7539,,17.2728,0.5190,,3.0045,,1,,13.50,9.17,warning,3.00,,CAMERA_ONLY
0,261.5726,cam_3,CAM_ONLY,16.6527,,17.2728,0.6201,,3.5900,,1,,12.99,2.88,warning,3.00,,CAMERA_ONLY
0,261.6467,t4744,BOTH,16.8118,17.4592,17.2728,0.4611,0.1864,2.6694,1.0791,1,1,14.58,2.52,warning,2.95,,FULL_ANGLE
0,261.6467,t4743,LIDAR_ONLY,15.7232,15.7232,73.9817,58.2585,58.2585,78.7472,78.7472,0,0,14.58,2.52,drive,20.15,front,LIDAR_ONLY
0,261.6467,t4743,LIDAR_ONLY,15.8584,15.8584,73.9817,58.1233,58.1233,78.5645,78.5645,0,0,14.58,2.52,drive,18.59,front,LIDAR_ONLY
0,261.6467,t4743,LIDAR_ONLY,16.0494,16.0494,73.9817,57.9323,57.9323,78.3063,78.3063,0,0,14.58,2.52,drive,17.96,front,LIDAR_ONLY
0,261.7224,cam_3,CAM_ONLY,16.6739,,17.2728,0.5990,,3.4677,,1,,18.38,7.95,warning,3.00,,CAMERA_ONLY
0,261.7981,t4744,BOTH,16.6785,17.4446,17.2728,0.5943,0.1718,3.4408,0.9946,1,1,16.85,7.09,warning,3.00,,FULL_ANGLE
0,261.7981,t4743,LIDAR_ONLY,16.3066,16.3066,73.9817,57.6751,57.6751,77.9586,77.9586,0,0,16.85,7.09,drive,18.68,front,LIDAR_ONLY
0,261.7981,t4743,LIDAR_ONLY,16.4570,16.4570,73.9817,57.5246,57.5246,77.7553,77.7553,0,0,16.85,7.09,drive,19.98,front,LIDAR_ONLY
0,261.8739,cam_3,CAM_ONLY,16.6411,,17.2728,0.6317,,3.6572,,1,,16.25,3.40,warning,3.00,,CAMERA_ONLY
0,261.9526,t4744,BOTH,16.7439,17.4472,17.2728,0.5289,0.1743,3.0622,1.0092,1,1,18.14,8.37,warning,3.00,,FULL_ANGLE
0,261.9526,t4743,LIDAR_ONLY,16.8197,16.8197,73.9817,57.1620,57.1620,77.2650,77.2650,0,0,18.14,8.37,drive,18.36,front,LIDAR_ONLY
0,261.9526,t4743,LIDAR_ONLY,16.9697,16.9697,73.9817,57.0120,57.0120,77.0623,77.0623,0,0,18.14,8.37,drive,19.50,front,LIDAR_ONLY
0,262.0217,cam_3,CAM_ONLY,16.6952,,17.2728,0.5776,,3.3442,,1,,13.87,3.04,warning,3.00,,CAMERA_ONLY
0,262.1015,t4744,BOTH,16.7127,17.4490,17.2728,0.5602,0.1762,3.2430,1.0201,1,1,12.47,6.53,warning,3.00,,FULL_ANGLE
0,262.1015,t4743,LIDAR_ONLY,17.0858,17.0858,73.9817,56.8959,56.8959,76.9053,76.9053,0,0,12.47,6.53,drive,18.22,front,LIDAR_ONLY
0,262.1015,t4743,LIDAR_ONLY,17.1018,17.1018,73.9817,56.8798,56.8798,76.8837,76.8837,0,0,12.47,6.53,drive,19.30,front,LIDAR_ONLY
0,262.1736,cam_3,CAM_ONLY,16.6456,,17.2728,0.6272,,3.6311,,1,,19.18,2.95,warning,3.00,,CAMERA_ONLY
0,262.2400,t4744,BOTH,16.6189,17.4509,17.2728,0.6539,0.1780,3.7857,1.0308,1,1,16.64,2.00,warning,3.00,,FULL_ANGLE
0,262.2400,t4743,LIDAR_ONLY,16.8152,16.8152,73.9817,57.1665,57.1665,77.2712,77.2712,0,0,16.64,2.00,drive,19.98,front,LIDAR_ONLY
0,262.2400,t4743,LIDAR_ONLY,16.7745,16.7745,73.9817,57.2071,57.2071,77.3261,77.3261,0,0,16.64,2.00,drive,18.26,front,LIDAR_ONLY
0,262.3067,cam_3,CAM_ONLY,16.6683,,17.2728,0.6045,,3.4999,,1,,11.43,10.46,warning,3.00,,CAMERA_ONLY
0,262.3728,cam_3,CAM_ONLY,16.6403,,17.2728,0.6325,,3.6620,,1,,13.32,3.09,warning,3.00,,CAMERA_ONLY
0,262.4461,t4744,BOTH,16.7460,17.4557,17.2728,0.5268,0.1829,3.0500,1.0589,1,1,16.46,5.57,warning,3.00,,FULL_ANGLE
0,262.4461,t4743,LIDAR_ONLY,16.8656,16.8656,73.9817,57.1161,57.1161,77.2030,77.2030,0,0,16.46,5.57,drive,18.12,front,LIDAR_ONLY
0,262.5178,cam_3,CAM_ONLY,16.6520,,17.2728,0.6208,,3.5940,,1,,16.44,8.00,warning,3.00,,CAMERA_ONLY
0,262.5859,t4744,BOTH,16.7942,17.4613,17.2728,0.4787,0.1885,2.7712,1.0912,1,1,13.77,1.24,warning,3.00,,FULL_ANGLE
0,262.5859,t4753,LIDAR_ONLY,28.1355,28.1355,,,,,,,,13.77,1.24,drive,-29.51,front,LIDAR_ONLY
0,262.5859,t4743,LIDAR_ONLY,16.9063,16.9063,73.9817,57.0754,57.0754,77.1480,77.1480,0,0,13.77,1.24,drive,18.33,front,LIDAR_ONLY
0,262.5859,t4743,LIDAR_ONLY,16.9376,16.9376,73.9817,57.0441,57.0441,77.1057,77.1057,0,0,13.77,1.24,drive,19.21,front,LIDAR_ONLY
0,262.6678,cam_3,CAM_ONLY,16.6247,,17.2728,0.6482,,3.7525,,1,,16.32,9.12,warning,3.00,,CAMERA_ONLY
0,262.7352,t4744,BOTH,16.8128,17.4673,17.2728,0.4600,0.1945,2.6631,1.1260,1,1,13.40,1.31,warning,2.95,,FULL_ANGLE
0,262.7352,t4753,LIDAR_ONLY,28.0930,28.0930,,,,,,,,13.40,1.31,drive,-29.76,front,LIDAR_ONLY
0,262.7352,t4743,LIDAR_ONLY,17.2585,17.2585,73.9817,56.7232,56.7232,76.6720,76.6720,0,0,13.40,1.31,drive,18.27,front,LIDAR_ONLY
0,262.8082,cam_3,CAM_ONLY,16.6675,,17.2728,0.6054,,3.5047,,1,,12.51,7.43,warning,3.00,,CAMERA_ONLY
0,262.8821,cam_3,CAM_ONLY,16.6749,,17.2728,0.5979,,3.4615,,1,,16.25,4.55,warning,3.00,,CAMERA_ONLY
0,262.8821,t4753,LIDAR_ONLY,28.1092,28.1092,,,,,,,,16.25,4.55,drive,-29.17,front,LIDAR_ONLY
0,262.9572,cam_3,CAM_ONLY,16.6492,,17.2728,0.6236,,3.6103,,1,,13.50,8.59,warning,3.00,,CAMERA_ONLY
0,263.0239,cam_3,CAM_ONLY,16.7631,,17.2728,0.5097,,2.9508,,1,,14.57,3.61,warning,3.00,,CAMERA_ONLY
0,263.0963,t4762,BOTH,16.6485,17.4558,17.2728,0.6243,0.1829,3.6143,1.0590,1,1,14.44,5.95,warning,3.00,,FULL_ANGLE
0,263.0963,t4761,LIDAR_ONLY,15.7924,15.7924,73.9817,58.1893,58.1893,78.6536,78.6536,0,0,14.44,5.95,drive,20.09,front,LIDAR_ONLY
0,263.1628,cam_3,CAM_ONLY,16.6962,,17.2728,0.5766,,3.3383,,1,,9.71,9.76,warning,3.00,,CAMERA_ONLY
0,263.2282,cam_3,CAM_ONLY,16.6743,,17.2728,0.5985,,3.4650,,1,,10.62,2.97,warning,3.00,,CAMERA_ONLY
0,263.2982,cam_3,CAM_ONLY,16.6920,,17.2728,0.5809,,3.3630,,1,,19.65,6.27,warning,3.00,,CAMERA_ONLY
0,263.2982,t4761,LIDAR_ONLY,16.1028,16.1028,73.9817,57.8789,57.8789,78.2341,78.2341,0,0,19.65,6.27,drive,18.41,front,LIDAR_ONLY
0,263.2982,t4761,LIDAR_ONLY,16.2734,16.2734,73.9817,57.7083,57.7083,78.0035,78.0035,0,0,19.65,6.27,drive,19.70,front,LIDAR_ONLY
0,263.3675,cam_3,CAM_ONLY,16.6654,,17.2728,0.6074,,3.5166,,1,,13.44,3.69,warning,3.00,,CAMERA_ONLY
0,263.4286,cam_3,CAM_ONLY,16.7452,,17.2728,0.5276,,3.0545,,1,,9.51,3.47,warning,3.00,,CAMERA_ONLY
0,263.5191,cam_3,CAM_ONLY,16.6600,,17.2728,0.6128,,3.5479,,1,,21.97,18.00,warning,3.00,,CAMERA_ONLY
0,263.5920,t4771,BOTH,16.7369,17.5125,17.2728,0.5359,0.2396,3.1026,1.3873,1,1,16.62,5.08,warning,2.95,,FULL_ANGLE
0,263.5920,t4770,LIDAR_ONLY,17.7209,17.7209,73.9817,56.2608,56.2608,76.0470,76.0470,0,0,16.62,5.08,drive,18.65,front,LIDAR_ONLY
0,263.6642,cam_3,CAM_ONLY,16.6237,,17.2728,0.6491,,3.7581,,1,,15.32,9.35,warning,3.00,,CAMERA_ONLY
0,263.7445,t4771,BOTH,16.7231,17.4847,17.2728,0.5498,0.2119,3.1829,1.2265,1,1,21.02,6.96,warning,3.00,,FULL_ANGLE
0,263.7445,t4770,LIDAR_ONLY,17.7752,17.7752,73.9817,56.2064,56.2064,75.9735,75.9735,0,0,21.02,6.96,drive,18.39,front,LIDAR_ONLY
0,263.8171,cam_3,CAM_ONLY,16.7649,,17.2728,0.5079,,2.9407,,1,,13.92,8.61,warning,3.00,,CAMERA_ONLY
0,263.8912,t4771,BOTH,16.7698,17.4772,17.2728,0.5031,0.2044,2.9125,1.1832,1,1,16.22,2.37,warning,3.00,,FULL_ANGLE
0,263.8912,t4773,LIDAR_ONLY,28.0988,28.0988,50.1246,22.0258,22.0258,43.9421,43.9421,0,0,16.22,2.37,drive,-29.55,front,LIDAR_ONLY
0,263.8912,t4770,LIDAR_ONLY,17.8368,17.8368,73.9817,56.1449,56.1449,75.8903,75.8903,0,0,16.22,2.37,drive,18.33,front,LIDAR_ONLY
0,263.9793,cam_3,CAM_ONLY,16.6769,,17.2728,0.5959,,3.4499,,1,,22.60,10.07,warning,3.00,,CAMERA_ONLY
0,264.0513,cam_3,CAM_ONLY,16.7761,,17.2728,0.4967,,2.8758,,1,,13.12,6.34,warning,3.00,,CAMERA_ONLY
0,264.0513,t4770,LIDAR_ONLY,17.8965,17.8965,73.9817,56.0852,56.0852,75.8096,75.8096,0,0,13.12,6.34,drive,18.35,front,LIDAR_ONLY
0,264.0513,t4770,LIDAR_ONLY,17.6684,17.6684,73.9817,56.3133,56.3133,76.1178,76.1178,0,0,13.12,6.34,drive,19.40,front,LIDAR_ONLY
0,264.1266,cam_3,CAM_ONLY,16.7592,,17.2728,0.5136,,2.9736,,1,,15.74,4.22,warning,3.00,,CAMERA_ONLY
0,264.1954,t4780,BOTH,16.6548,17.4744,17.2728,0.6180,0.2016,3.5780,1.1669,1,1,15.70,4.52,warning,3.00,,FULL_ANGLE
0,264.1954,t4770,LIDAR_ONLY,17.6994,17.6994,73.9817,56.2823,56.2823,76.0760,76.0760,0,0,15.70,4.52,drive,18.08,front,LIDAR_ONLY
0,264.2713,cam_3,CAM_ONLY,16.5740,,17.2728,0.6989,,4.0461,,1,,15.55,8.36,warning,3.00,,CAMERA_ONLY
0,264.3563,cam_3,CAM_ONLY,16.6808,,17.2728,0.5920,,3.4276,,1,,19.89,11.82,warning,2.95,,CAMERA_ONLY
0,264.3563,t4770,LIDAR_ONLY,17.7174,17.7174,73.9817,56.2643,56.2643,76.0517,76.0517,0,0,19.89,11.82,drive,18.51,front,LIDAR_ONLY
0,264.4203,cam_3,CAM_ONLY,16.5919,,17.2728,0.6809,,3.9422,,1,,13.00,2.89,warning,3.00,,CAMERA_ONLY
0,264.5166,cam_3,CAM_ONLY,16.6173,,17.2728,0.6555,,3.7950,,1,,16.13,14.73,warning,3.00,,CAMERA_ONLY
0,264.5819,cam_3,CAM_ONLY,16.6650,,17.2728,0.6078,,3.5188,,1,,13.10,2.61,warning,3.00,,CAMERA_ONLY
0,264.5819,t4784,LIDAR_ONLY,28.0368,28.0368,34.2390,6.2022,6.2022,18.1143,18.1143,0,0,13.10,2.61,drive,-29.63,front,LIDAR_ONLY
0,264.6694,cam_3,CAM_ONLY,16.6357,,17.2728,0.6372,,3.6888,,1,,16.90,9.97,warning,3.00,,CAMERA_ONLY
0,264.7422,t4791,BOTH,16.7153,17.4664,17.2728,0.5575,0.1936,3.2278,1.1207,1,1,17.78,4.61,warning,3.00,,FULL_ANGLE
0,264.7422,t4790,LIDAR_ONLY,17.2090,17.2090,73.9817,56.7727,56.7727,76.7388,76.7388,0,0,17.78,4.61,drive,19.00,front,LIDAR_ONLY
0,264.8092,cam_3,CAM_ONLY,16.6498,,17.2728,0.6230,,3.6069,,1,,11.27,10.99,warning,3.00,,CAMERA_ONLY
0,264.8719,cam_3,CAM_ONLY,16.6937,,17.2728,0.5792,,3.3530,,1,,11.57,3.05,warning,3.00,,CAMERA_ONLY
0,264.9519,cam_3,CAM_ONLY,16.7402,,17.2728,0.5327,,3.0839,,1,,15.20,9.08,warning,3.00,,CAMERA_ONLY
0,264.9519,t4790,LIDAR_ONLY,17.2382,17.2382,73.9817,56.7434,56.7434,76.6993,76.6993,0,0,15.20,9.08,drive,18.73,front,LIDAR_ONLY
0,264.9519,t4790,LIDAR_ONLY,17.1312,17.1312,73.9817,56.8504,56.8504,76.8439,76.8439,0,0,15.20,9.08,drive,19.74,front,LIDAR_ONLY
0,265.0221,cam_3,CAM_ONLY,16.6686,,17.2728,0.6042,,3.4980,,1,,13.38,3.03,warning,3.00,,CAMERA_ONLY
0,265.0832,cam_3,CAM_ONLY,16.7181,,17.2728,0.5548,,3.2118,,1,,9.24,2.10,warning,3.00,,CAMERA_ONLY
0,265.0832,t4799,LIDAR_ONLY,28.1411,28.1411,,,,,,,,9.24,2.10,drive,-29.58,front,LIDAR_ONLY
0,265.1584,cam_3,CAM_ONLY,16.6652,,17.2728,0.6077,,3.5180,,1,,14.89,11.83,warning,3.00,,CAMERA_ONLY
0,265.2335,cam_3,CAM_ONLY,16.7710,,17.2728,0.5018,,2.9052,,1,,17.97,3.22,warning,3.00,,CAMERA_ONLY
0,265.3156,cam_3,CAM_ONLY,16.6180,,17.2728,0.6548,,3.7909,,1,,15.08,14.39,warning,3.00,,CAMERA_ONLY
0,265.3869,t4804,BOTH,16.6498,17.4687,17.2728,0.6230,0.1959,3.6070,1.1340,1,1,17.17,2.14,warning,3.00,,FULL_ANGLE
0,265.3869,t4802,LIDAR_ONLY,28.1057,28.1057,,,,,,,,17.17,2.14,drive,-29.53,front,LIDAR_ONLY
0,265.4672,cam_3,CAM_ONLY,16.5793,,17.2728,0.6936,,4.0153,,1,,15.69,10.26,warning,3.00,,CAMERA_ONLY
0,265.5477,t4804,BOTH,16.6093,17.4761,17.2728,0.6636,0.2033,3.8418,1.1768,1,1,15.97,5.02,warning,3.00,,FULL_ANGLE
0,265.5477,t4807,LIDAR_ONLY,16.4761,16.4761,73.9817,57.5056,57.5056,77.7295,77.7295,0,0,15.97,5.02,drive,19.54,front,LIDAR_ONLY
0,265.5477,t4804,LIDAR_ONLY,17.4832,17.4832,17.2728,0.2103,0.2103,1.2177,1.2177,1,1,15.97,5.02,drive,4.82,front,LIDAR_ONLY
0,265.6297,cam_3,CAM_ONLY,16.6622,,17.2728,0.6106,,3.5351,,1,,14.49,2.91,warning,3.00,,CAMERA_ONLY
0,265.6297,t4802,LIDAR_ONLY,28.1177,28.1177,,,,,,,,14.49,2.91,drive,-29.60,front,LIDAR_ONLY
0,265.6989,cam_3,CAM_ONLY,16.6170,,17.2728,0.6558,,3.7969,,1,,12.50,7.04,warning,3.00,,CAMERA_ONLY
0,265.7773,cam_3,CAM_ONLY,16.6860,,17.2728,0.5868,,3.3975,,1,,20.23,2.54,warning,3.00,,CAMERA_ONLY
0,265.8489,cam_3,CAM_ONLY,16.6001,,17.2728,0.6727,,3.8945,,1,,15.63,6.95,warning,3.00,,CAMERA_ONLY
0,265.8489,t4810,LIDAR_ONLY,18.1197,18.1197,73.9817,55.8620,55.8620,75.5078,75.5078,0,0,15.63,6.95,drive,18.40,front,LIDAR_ONLY
0,265.9207,cam_3,CAM_ONLY,16.5415,,17.2728,0.7313,,4.2340,,1,,14.21,2.74,warning,3.00,,CAMERA_ONLY
0,265.9981,cam_3,CAM_ONLY,16.5911,,17.2728,0.6818,,3.9471,,1,,15.93,9.83,warning,3.00,,CAMERA_ONLY
0,266.0880,t4816,BOTH,16.6549,17.4843,17.2728,0.6180,0.2115,3.5777,1.2243,1,1,20.89,5.72,warning,3.00,,FULL_ANGLE
0,266.0880,t4815,LIDAR_ONLY,28.0333,28.0333,,,,,,,,20.89,5.72,drive,-29.72,front,LIDAR_ONLY
0,266.1626,cam_3,CAM_ONLY,16.6310,,17.2728,0.6419,,3.7161,,1,,15.62,9.49,warning,3.00,,CAMERA_ONLY
0,266.2474,cam_3,CAM_ONLY,16.6771,,17.2728,0.5957,,3.4487,,1,,18.56,6.64,warning,3.00,,CAMERA_ONLY
0,266.2474,t4819,LIDAR_ONLY,16.2125,16.2125,73.9817,57.7692,57.7692,78.0858,78.0858,0,0,18.56,6.64,drive,19.75,front,LIDAR_ONLY
0,266.2474,t4819,LIDAR_ONLY,16.3692,16.3692,73.9817,57.6125,57.6125,77.8740,77.8740,0,0,18.56,6.64,drive,18.86,front,LIDAR_ONLY
0,266.3203,cam_3,CAM_ONLY,16.7252,,17.2728,0.5476,,3.1705,,1,,13.82,4.20,warning,2.95,,CAMERA_ONLY
0,266.3847,t4823,BOTH,16.5936,17.4824,17.2728,0.6792,0.2095,3.9325,1.2130,1,1,15.98,1.26,warning,3.00,,FULL_ANGLE
0,266.3847,t4821,LIDAR_ONLY,28.0812,28.0812,,,,,,,,15.98,1.26,drive,-29.65,front,LIDAR_ONLY
0,266.4618,cam_3,CAM_ONLY,16.5733,,17.2728,0.6996,,4.0501,,1,,13.26,9.59,warning,3.00,,CAMERA_ONLY
0,266.5262,cam_3,CAM_ONLY,16.7167,,17.2728,0.5561,,3.2195,,1,,9.39,3.11,warning,2.95,,CAMERA_ONLY
0,266.5827,cam_3,CAM_ONLY,16.6387,,17.2728,0.6342,,3.6714,,1,,10.13,2.08,warning,3.00,,CAMERA_ONLY
0,266.5827,t4821,LIDAR_ONLY,28.0954,28.0954,,,,,,,,10.13,2.08,drive,-29.52,front,LIDAR_ONLY
0,266.6567,cam_3,CAM_ONLY,16.6822,,17.2728,0.5906,,3.4194,,1,,16.81,10.61,warning,3.00,,CAMERA_ONLY
0,266.7333,t4831,BOTH,16.6672,17.4581,17.2728,0.6057,0.1853,3.5064,1.0726,1,1,21.27,1.74,warning,3.00,,FULL_ANGLE
0,266.7333,t4821,LIDAR_ONLY,28.1078,28.1078,,,,,,,,21.27,1.74,drive,-29.60,front,LIDAR_ONLY
0,266.8103,cam_3,CAM_ONLY,16.7046,,17.2728,0.5683,,3.2900,,1,,15.51,11.06,warning,3.00,,CAMERA_ONLY
0,266.8791,cam_3,CAM_ONLY,16.7339,,17.2728,0.5389,,3.1201,,1,,16.07,3.40,warning,3.00,,CAMERA_ONLY
0,266.9464,cam_3,CAM_ONLY,16.8017,,17.2728,0.4712,,2.7277,,1,,11.42,7.34,warning,2.95,,CAMERA_ONLY
0,267.0239,cam_3,CAM_ONLY,16.7776,,17.2728,0.4952,,2.8672,,1,,17.40,5.27,warning,3.00,,CAMERA_ONLY
0,267.0883,t4840,BOTH,16.6216,17.6100,17.2728,0.6513,0.3372,3.7704,1.9520,1,1,12.99,3.47,warning,3.00,,FULL_ANGLE
0,267.0883,t4839,LIDAR_ONLY,16.7265,16.7265,73.9817,57.2552,57.2552,77.3911,77.3911,0,0,12.99,3.47,drive,19.35,front,LIDAR_ONLY
0,267.0883,t4839,LIDAR_ONLY,16.4278,16.4278,73.9817,57.5539,57.5539,77.7948,77.7948,0,0,12.99,3.47,drive,20.20,front,LIDAR_ONLY
0,267.0883,t4839,LIDAR_ONLY,16.5943,16.5943,73.9817,57.3874,57.3874,77.5697,77.5697,0,0,12.99,3.47,drive,18.24,front,LIDAR_ONLY
0,267.0883,t4839,LIDAR_ONLY,16.6838,16.6838,73.9817,57.2979,57.2979,77.4487,77.4487,0,0,12.99,3.47,drive,20.50,front,LIDAR_ONLY
0,267.0883,t4840,LIDAR_ONLY,17.8871,17.8871,17.2728,0.6142,0.6142,3.5561,3.5561,1,1,12.99,3.47,drive,3.41,front,LIDAR_ONLY
0,267.1586,cam_3,CAM_ONLY,16.7566,,17.2728,0.5162,,2.9885,,1,,9.16,10.03,warning,3.00,,CAMERA_ONLY
0,267.2200,cam_3,CAM_ONLY,16.6439,,17.2728,0.6289,,3.6409,,1,,10.39,2.81,warning,3.00,,CAMERA_ONLY
0,267.3181,cam_3,CAM_ONLY,16.6192,,17.2728,0.6536,,3.7842,,1,,21.53,10.29,warning,3.00,,CAMERA_ONLY
0,267.3916,t4846,BOTH,16.7023,17.4860,17.2728,0.5705,0.2131,3.3030,1.2338,1,1,18.96,2.25,warning,3.00,,FULL_ANGLE
0,267.3916,t4844,LIDAR_ONLY,28.0959,28.0959,,,,,,,,18.96,2.25,drive,-29.70,front,LIDAR_ONLY
0,267.4763,cam_3,CAM_ONLY,16.7127,,17.2728,0.5601,,3.2427,,1,,17.23,3.65,warning,3.00,,CAMERA_ONLY
0,267.5498,cam_3,CAM_ONLY,16.6064,,17.2728,0.6664,,3.8581,,1,,15.13,7.81,warning,3.00,,CAMERA_ONLY
0,267.5498,t4849,LIDAR_ONLY,18.7078,18.7078,73.9817,55.2739,55.2739,74.7130,74.7130,0,0,15.13,7.81,drive,18.04,front,LIDAR_ONLY
0,267.5498,t4849,LIDAR_ONLY,18.0076,18.0076,73.9817,55.9741,55.9741,75.6593,75.6593,0,0,15.13,7.81,drive,19.35,front,LIDAR_ONLY
0,267.6212,cam_3,CAM_ONLY,16.6210,,17.2728,0.6519,,3.7740,,1,,14.86,3.48,warning,3.00,,CAMERA_ONLY
0,267.7010,cam_3,CAM_ONLY,16.6418,,17.2728,0.6310,,3.6531,,1,,15.91,9.15,warning,3.00,,CAMERA_ONLY
0,267.7010,t4849,LIDAR_ONLY,17.8937,17.8937,73.9817,56.0880,56.0880,75.8134,75.8134,0,0,15.91,9.15,drive,18.60,front,LIDAR_ONLY
0,267.7724,cam_3,CAM_ONLY,16.6717,,17.2728,0.6011,,3.4802,,1,,16.27,2.93,warning,3.00,,CAMERA_ONLY
0,267.8420,t4854,BOTH,16.6627,17.4757,17.2728,0.6102,0.2029,3.5325,1.1747,1,1,17.50,4.71,warning,3.00,,FULL_ANGLE
0,267.8420,t4849,LIDAR_ONLY,17.4907,17.4907,73.9817,56.4909,56.4909,76.3580,76.3580,0,0,17.50,4.71,drive,19.12,front,LIDAR_ONLY
0,267.8420,t4849,LIDAR_ONLY,17.0309,17.0309,73.9817,56.9507,56.9507,76.9795,76.9795,0,0,17.50,4.71,drive,20.75,front,LIDAR_ONLY
0,267.9130,cam_3,CAM_ONLY,16.6955,,17.2728,0.5774,,3.3425,,1,,8.94,8.44,warning,3.00,,CAMERA_ONLY
0,267.9828,cam_3,CAM_ONLY,16.7032,,17.2728,0.5696,,3.2976,,1,,17.50,2.00,warning,3.00,,CAMERA_ONLY
0,267.9828,t4857,LIDAR_ONLY,28.1087,28.1087,,,,,,,,17.50,2.00,drive,-29.66,front,LIDAR_ONLY
0,268.0565,cam_3,CAM_ONLY,16.7798,,17.2728,0.4930,,2.8541,,1,,12.04,10.31,warning,3.00,,CAMERA_ONLY
0,268.1688,cam_3,CAM_ONLY,16.6442,,17.2728,0.6286,,3.6394,,1,,13.45,8.15,warning,3.00,,CAMERA_ONLY
0,268.2334,cam_3,CAM_ONLY,16.6271,,17.2728,0.6457,,3.7385,,1,,11.84,1.98,warning,3.00,,CAMERA_ONLY
0,268.2334,t4857,LIDAR_ONLY,28.0999,28.0999,,,,,,,,11.84,1.98,drive,-29.73,front,LIDAR_ONLY
0,268.2966,cam_3,CAM_ONLY,16.7103,,17.2728,0.5625,,3.2565,,1,,9.69,5.48,warning,3.00,,CAMERA_ONLY
0,268.2966,t4862,LIDAR_ONLY,17.9679,17.9679,73.9817,56.0138,56.0138,75.7131,75.7131,0,0,9.69,5.48,drive,18.49,front,LIDAR_ONLY
0,268.2966,t4862,LIDAR_ONLY,17.2950,17.2950,73.9817,56.6867,56.6867,76.6225,76.6225,0,0,9.69,5.48,drive,19.50,front,LIDAR_ONLY
0,268.3698,cam_3,CAM_ONLY,16.6666,,17.2728,0.6063,,3.5099,,1,,18.88,6.76,warning,3.00,,CAMERA_ONLY
0,268.4328,cam_3,CAM_ONLY,16.6573,,17.2728,0.6156,,3.5638,,1,,12.88,3.73,warning,3.00,,CAMERA_ONLY
0,268.5239,cam_3,CAM_ONLY,16.6540,,17.2728,0.6188,,3.5827,,1,,20.31,10.87,warning,3.00,,CAMERA_ONLY
0,268.6246,cam_3,CAM_ONLY,16.6399,,17.2728,0.6330,,3.6646,,1,,24.69,10.83,warning,3.00,,CAMERA_ONLY
0,268.6835,t4870,BOTH,16.6510,17.4620,17.2728,0.6218,0.1892,3.5999,1.0954,1,1,9.72,1.08,warning,3.00,,FULL_ANGLE
0,268.6835,t4868,LIDAR_ONLY,28.1915,28.1915,,,,,,,,9.72,1.08,drive,-29.45,front,LIDAR_ONLY
0,268.7708,cam_3,CAM_ONLY,16.7892,,17.2728,0.4836,,2.7998,,1,,9.26,2.66,warning,3.00,,CAMERA_ONLY
0,268.8287,cam_3,CAM_ONLY,16.7752,,17.2728,0.4976,,2.8808,,1,,9.24,3.60,warning,3.00,,CAMERA_ONLY
0,268.9066,cam_3,CAM_ONLY,16.6526,,17.2728,0.6203,,3.5909,,1,,9.37,10.73,warning,3.00,,CAMERA_ONLY
0,268.9066,t4875,LIDAR_ONLY,18.0003,18.0003,73.9817,55.9814,55.9814,75.6693,75.6693,0,0,9.37,10.73,drive,18.47,front,LIDAR_ONLY
0,268.9066,t4875,LIDAR_ONLY,17.4207,17.4207,73.9817,56.5609,56.5609,76.4526,76.4526,0,0,9.37,10.73,drive,20.18,front,LIDAR_ONLY
0,268.9776,cam_3,CAM_ONLY,16.6218,,17.2728,0.6511,,3.7694,,1,,14.40,3.53,warning,3.00,,CAMERA_ONLY
0,269.0492,cam_3,CAM_ONLY,16.6463,,17.2728,0.6265,,3.6270,,1,,14.26,8.28,warning,3.00,,CAMERA_ONLY
0,269.0492,t4875,LIDAR_ONLY,17.4972,17.4972,73.9817,56.4845,56.4845,76.3493,76.3493,0,0,14.26,8.28,drive,18.04,front,LIDAR_ONLY
0,269.1199,cam_3,CAM_ONLY,16.7185,,17.2728,0.5543,,3.2092,,1,,9.75,8.39,warning,3.00,,CAMERA_ONLY
0,269.1828,cam_3,CAM_ONLY,16.8047,,17.2728,0.4681,,2.7100,,1,,9.12,2.59,warning,3.00,,CAMERA_ONLY
0,269.1828,t4877,LIDAR_ONLY,28.0217,28.0217,,,,,,,,9.12,2.59,drive,-29.67,front,LIDAR_ONLY
0,269.2399,t4880,BOTH,16.5788,17.4688,17.2728,0.6940,0.1960,4.0179,1.1346,1,1,9.27,1.64,warning,3.00,,FULL_ANGLE
0,269.2399,t4875,LIDAR_ONLY,11.0973,11.0973,73.9817,62.8844,62.8844,85.0000,85.0000,0,0,9.27,1.64,cautious,27.44,front,LIDAR_ONLY
0,269.2399,t4875,LIDAR_ONLY,11.2111,11.2111,73.9817,62.7706,62.7706,84.8461,84.8461,0,0,9.27,1.64,cautious,18.65,front,LIDAR_ONLY
0,269.2399,t4875,LIDAR_ONLY,11.2430,11.2430,73.9817,62.7386,62.7386,84.8029,84.8029,0,0,9.27,1.64,cautious,19.79,front,LIDAR_ONLY
0,269.3169,cam_3,CAM_ONLY,16.6430,,17.2728,0.6298,,3.6464,,1,,13.75,9.00,warning,3.00,,CAMERA_ONLY
0,269.3922,t4880,BOTH,16.6057,17.4579,17.2728,0.6671,0.1851,3.8624,1.0715,1,1,19.28,3.80,warning,3.00,,FULL_ANGLE
0,269.3922,t4877,LIDAR_ONLY,28.0333,28.0333,,,,,,,,19.28,3.80,drive,-29.69,front,LIDAR_ONLY
0,269.3922,t4875,LIDAR_ONLY,11.3648,11.3648,73.9817,62.6169,62.6169,84.6384,84.6384,0,0,19.28,3.80,cautious,19.15,front,LIDAR_ONLY
0,269.4679,cam_3,CAM_ONLY,16.6332,,17.2728,0.6397,,3.7034,,1,,13.35,8.08,warning,3.00,,CAMERA_ONLY
0,269.5338,t4880,BOTH,16.6820,17.4612,17.2728,0.5908,0.1884,3.4206,1.0907,1,1,16.93,1.21,warning,3.00,,FULL_ANGLE
0,269.5338,t4875,LIDAR_ONLY,11.5711,11.5711,73.9817,62.4106,62.4106,84.3596,84.3596,0,0,16.93,1.21,cautious,21.76,front,LIDAR_ONLY
0,269.5338,t4877,LIDAR_ONLY,28.0552,28.0552,,,,,,,,16.93,1.21,drive,-29.34,front,LIDAR_ONLY
0,269.6021,cam_3,CAM_ONLY,16.6942,,17.2728,0.5786,,3.3500,,1,,9.23,6.83,warning,3.00,,CAMERA_ONLY
0,269.6021,t4875,LIDAR_ONLY,12.7056,12.7056,73.9817,61.2761,61.2761,82.8261,82.8261,0,0,9.23,6.83,cautious,18.17,front,LIDAR_ONLY
0,269.6690,cam_3,CAM_ONLY,16.7444,,17.2728,0.5284,,3.0593,,1,,9.47,7.93,warning,3.00,,CAMERA_ONLY
0,269.7288,cam_3,CAM_ONLY,16.7894,,17.2728,0.4835,,2.7990,,1,,9.51,2.60,warning,3.00,,CAMERA_ONLY
0,269.8046,cam_3,CAM_ONLY,16.5818,,17.2728,0.6910,,4.0005,,1,,17.53,8.99,warning,3.00,,CAMERA_ONLY
0,269.8865,cam_3,CAM_ONLY,16.6079,,17.2728,0.6650,,3.8497,,1,,21.83,4.28,warning,3.00,,CAMERA_ONLY
0,269.8865,t4888,LIDAR_ONLY,28.1038,28.1038,,,,,,,,21.83,4.28,drive,-29.64,front,LIDAR_ONLY
0,269.9665,cam_3,CAM_ONLY,16.6228,,17.2728,0.6500,,3.7633,,1,,15.08,9.40,warning,3.00,,CAMERA_ONLY
0,270.0305,cam_3,CAM_ONLY,16.6731,,17.2728,0.5997,,3.4720,,1,,10.14,3.81,warning,3.00,,CAMERA_ONLY
0,270.0888,t4894,BOTH,16.6775,17.5057,17.2728,0.5953,0.2329,3.4467,1.3483,1,1,10.17,1.83,warning,3.00,,FULL_ANGLE
0,270.0888,t4893,LIDAR_ONLY,10.6947,10.6947,,,,,,,,10.17,1.83,cautious,27.34,front,LIDAR_ONLY
0,270.1580,cam_3,CAM_ONLY,16.7490,,17.2728,0.5238,,3.0325,,1,,10.41,11.16,warning,3.00,,CAMERA_ONLY
0,270.2229,cam_3,CAM_ONLY,16.7700,,17.2728,0.5029,,2.9114,,1,,11.52,8.38,warning,3.00,,CAMERA_ONLY
0,270.2826,cam_3,CAM_ONLY,16.8743,,17.2728,0.3985,,2.3072,,1,,11.13,2.50,warning,2.95,,CAMERA_ONLY
0,270.2826,t4896,LIDAR_ONLY,28.2017,28.2017,,,,,,,,11.13,2.50,drive,-29.48,front,LIDAR_ONLY
0,270.3719,cam_3,CAM_ONLY,16.6645,,17.2728,0.6083,,3.5218,,1,,23.86,9.37,warning,3.00,,CAMERA_ONLY
0,270.4569,cam_3,CAM_ONLY,16.7883,,17.2728,0.4845,,2.8050,,1,,20.07,10.15,warning,2.95,,CAMERA_ONLY
0,270.5277,cam_3,CAM_ONLY,16.7242,,17.2728,0.5486,,3.1762,,1,,14.73,3.51,warning,3.00,,CAMERA_ONLY
0,270.6036,cam_3,CAM_ONLY,16.7354,,17.2728,0.5375,,3.1117,,1,,18.20,10.00,warning,3.00,,CAMERA_ONLY
0,270.6817,cam_3,CAM_ONLY,16.7796,,17.2728,0.4932,,2.8555,,1,,17.13,2.69,warning,3.00,,CAMERA_ONLY
0,270.6817,t4904,LIDAR_ONLY,28.0791,28.0791,,,,,,,,17.13,2.69,drive,-29.71,front,LIDAR_ONLY
0,270.7603,cam_3,CAM_ONLY,16.6760,,17.2728,0.5969,,3.4556,,1,,14.25,11.44,warning,3.00,,CAMERA_ONLY
0,270.8300,cam_3,CAM_ONLY,16.6385,,17.2728,0.6343,,3.6722,,1,,14.05,2.82,warning,3.00,,CAMERA_ONLY
0,270.8300,t4904,LIDAR_ONLY,28.0912,28.0912,,,,,,,,14.05,2.82,drive,-29.62,front,LIDAR_ONLY
0,270.8924,t4910,BOTH,16.5947,17.4729,17.2728,0.6781,0.2000,3.9260,1.1580,1,1,9.25,2.22,warning,3.00,,FULL_ANGLE
0,270.8924,t4909,LIDAR_ONLY,18.2813,18.2813,73.9817,55.7004,55.7004,75.2895,75.2895,0,0,9.25,2.22,drive,18.29,front,LIDAR_ONLY
0,270.8924,t4909,LIDAR_ONLY,16.7767,16.7767,73.9817,57.2049,57.2049,77.3231,77.3231,0,0,9.25,2.22,drive,19.92,front,LIDAR_ONLY
0,270.8924,t4909,LIDAR_ONLY,16.7845,16.7845,73.9817,57.1971,57.1971,77.3126,77.3126,0,0,9.25,2.22,drive,18.89,front,LIDAR_ONLY
0,270.9579,cam_3,CAM_ONLY,16.5898,,17.2728,0.6831,,3.9546,,1,,10.90,10.20,warning,3.00,,CAMERA_ONLY
0,271.0261,cam_3,CAM_ONLY,16.6205,,17.2728,0.6524,,3.7768,,1,,13.61,3.72,warning,3.00,,CAMERA_ONLY
0,271.0858,t4910,BOTH,16.6813,17.4655,17.2728,0.5915,0.1927,3.4247,1.1156,1,1,11.67,1.31,warning,3.00,,FULL_ANGLE
0,271.0858,t4913,LIDAR_ONLY,28.1533,28.1533,,,,,,,,11.67,1.31,drive,-29.59,front,LIDAR_ONLY
0,271.1663,cam_3,CAM_ONLY,16.7903,,17.2728,0.4826,,2.7937,,1,,19.22,11.47,warning,3.00,,CAMERA_ONLY
0,271.2691,cam_3,CAM_ONLY,16.6642,,17.2728,0.6086,,3.5234,,1,,20.10,13.97,warning,3.00,,CAMERA_ONLY
0,271.3448,t4910,BOTH,16.6468,17.4608,17.2728,0.6261,0.1880,3.6247,1.0883,1,1,18.16,3.37,warning,3.00,,FULL_ANGLE
0,271.3448,t4913,LIDAR_ONLY,28.1084,28.1084,,,,,,,,18.16,3.37,drive,-29.63,front,LIDAR_ONLY
0,271.3448,t4916,LIDAR_ONLY,10.4814,10.4814,73.9817,63.5003,63.5003,85.8324,85.8324,0,0,18.16,3.37,cautious,27.72,front,LIDAR_ONLY
0,271.3448,t4916,LIDAR_ONLY,10.5975,10.5975,73.9817,63.3841,63.3841,85.6755,85.6755,0,0,18.16,3.37,cautious,18.43,front,LIDAR_ONLY
0,271.4245,cam_3,CAM_ONLY,16.6100,,17.2728,0.6629,,3.8377,,1,,18.06,3.32,warning,3.00,,CAMERA_ONLY
0,271.4987,t4910,BOTH,16.5793,17.4618,17.2728,0.6935,0.1890,4.0152,1.0940,1,1,15.11,7.00,warning,3.00,,FULL_ANGLE
0,271.4987,t4916,LIDAR_ONLY,10.7977,10.7977,73.9817,63.1840,63.1840,85.4049,85.4049,0,0,15.11,7.00,cautious,18.54,front,LIDAR_ONLY
0,271.5690,cam_3,CAM_ONLY,16.5972,,17.2728,0.6757,,3.9117,,1,,13.55,4.48,warning,3.00,,CAMERA_ONLY
0,271.6318,cam_3,CAM_ONLY,16.6711,,17.2728,0.6017,,3.4838,,1,,9.24,2.83,warning,3.00,,CAMERA_ONLY
0,271.6318,t4922,LIDAR_ONLY,28.1174,28.1174,,,,,,,,9.24,2.83,drive,-29.78,front,LIDAR_ONLY
0,271.6896,t4910,BOTH,16.7534,17.4646,17.2728,0.5195,0.1917,3.0074,1.1101,1,1,9.77,1.60,warning,2.95,,FULL_ANGLE
0,271.6896,t4916,LIDAR_ONLY,10.9472,10.9472,,,,,,,,9.77,1.60,cautious,25.89,front,LIDAR_ONLY
0,271.7681,cam_3,CAM_ONLY,16.6564,,17.2728,0.6164,,3.5688,,1,,10.96,10.81,warning,3.00,,CAMERA_ONLY
0,271.8338,cam_3,CAM_ONLY,16.6842,,17.2728,0.5886,,3.4079,,1,,10.94,3.04,warning,3.00,,CAMERA_ONLY
0,271.9103,cam_3,CAM_ONLY,16.9966,,17.2728,0.2762,,1.5993,,1,,12.18,10.82,warning,3.00,,CAMERA_ONLY
0,271.9726,cam_3,CAM_ONLY,16.9767,,17.2728,0.2961,,1.7144,,1,,11.85,5.08,warning,3.00,,CAMERA_ONLY
0,272.0377,t4933,BOTH,16.8893,17.4902,17.2728,0.3835,0.2174,2.2205,1.2585,1,1,15.88,2.28,warning,3.00,,FULL_ANGLE
0,272.0377,t4930,LIDAR_ONLY,28.2030,28.2030,,,,,,,,15.88,2.28,drive,-29.50,front,LIDAR_ONLY
0,272.0377,t4932,LIDAR_ONLY,14.2045,14.2045,73.9817,59.7772,59.7772,80.8000,80.8000,0,0,15.88,2.28,cautious,21.56,front,LIDAR_ONLY
0,272.0377,t4932,LIDAR_ONLY,14.8005,14.8005,73.9817,59.1812,59.1812,79.9944,79.9944,0,0,15.88,2.28,cautious,19.53,front,LIDAR_ONLY
0,272.0377,t4932,LIDAR_ONLY,15.2095,15.2095,73.9817,58.7722,58.7722,79.4416,79.4416,0,0,15.88,2.28,cautious,21.28,front,LIDAR_ONLY
0,272.1296,cam_3,CAM_ONLY,16.7835,,17.2728,0.4893,,2.8330,,1,,26.00,13.16,warning,3.00,,CAMERA_ONLY
0,272.1931,t4933,BOTH,16.7711,17.5117,17.2728,0.5018,0.2389,2.9050,1.3828,1,1,12.35,3.15,warning,3.00,,FULL_ANGLE
0,272.1931,t4932,LIDAR_ONLY,10.8088,10.8088,,,,,,,,12.35,3.15,cautious,28.79,front,LIDAR_ONLY
0,272.1931,t4936,LIDAR_ONLY,17.9022,17.9022,73.9817,56.0795,56.0795,75.8018,75.8018,0,0,12.35,3.15,drive,18.53,front,LIDAR_ONLY
0,272.1931,t4936,LIDAR_ONLY,16.8775,16.8775,73.9817,57.1042,57.1042,77.1870,77.1870,0,0,12.35,3.15,drive,19.70,front,LIDAR_ONLY
0,272.2710,cam_3,CAM_ONLY,16.6927,,17.2728,0.5802,,3.3588,,1,,13.42,4.87,warning,3.00,,CAMERA_ONLY
0,272.3325,cam_3,CAM_ONLY,16.6703,,17.2728,0.6025,,3.4883,,1,,11.61,2.49,warning,3.00,,CAMERA_ONLY
0,272.3325,t4939,LIDAR_ONLY,28.0250,28.0250,,,,,,,,11.61,2.49,drive,-29.70,front,LIDAR_ONLY
0,272.3915,t4933,BOTH,16.6734,17.5194,17.2728,0.5995,0.2466,3.4706,1.4274,1,1,11.07,1.91,warning,3.00,,FULL_ANGLE
0,272.3915,t4939,LIDAR_ONLY,28.0319,28.0319,,,,,,,,11.07,1.91,drive,-29.65,front,LIDAR_ONLY
0,272.3915,t4936,LIDAR_ONLY,16.9425,16.9425,73.9817,57.0392,57.0392,77.0990,77.0990,0,0,11.07,1.91,drive,18.65,front,LIDAR_ONLY
0,272.4677,cam_3,CAM_ONLY,16.6337,,17.2728,0.6391,,3.7003,,1,,13.09,8.23,warning,2.95,,CAMERA_ONLY
0,272.5487,t4933,BOTH,16.6808,17.5255,17.2728,0.5921,0.2527,3.4278,1.4627,1,1,18.14,6.04,warning,3.00,,FULL_ANGLE
0,272.5487,t4933,LIDAR_ONLY,17.5244,17.5244,17.2728,0.2515,0.2515,1.4563,1.4563,1,1,18.14,6.04,drive,1.24,front,LIDAR_ONLY
0,272.5487,t4936,LIDAR_ONLY,17.0454,17.0454,73.9817,56.9363,56.9363,76.9600,76.9600,0,0,18.14,6.04,drive,18.35,front,LIDAR_ONLY
0,272.6288,cam_3,CAM_ONLY,16.7253,,17.2728,0.5475,,3.1697,,1,,22.09,5.20,warning,2.95,,CAMERA_ONLY
0,272.6955,t4933,BOTH,16.7852,17.5246,17.2728,0.4877,0.2518,2.8234,1.4577,1,1,13.65,6.04,warning,3.00,,FULL_ANGLE
0,272.6955,t4936,LIDAR_ONLY,17.1644,17.1644,73.9817,56.8173,56.8173,76.7991,76.7991,0,0,13.65,6.04,drive,18.26,front,LIDAR_ONLY
0,272.7647,cam_3,CAM_ONLY,16.7273,,17.2728,0.5456,,3.1586,,1,,11.31,10.74,warning,3.00,,CAMERA_ONLY
0,272.8198,cam_3,CAM_ONLY,16.7924,,17.2728,0.4805,,2.7817,,1,,9.61,2.36,warning,3.00,,CAMERA_ONLY
0,272.8807,cam_3,CAM_ONLY,16.6904,,17.2728,0.5824,,3.3720,,1,,10.08,2.29,warning,3.00,,CAMERA_ONLY
0,272.8807,t4948,LIDAR_ONLY,28.1962,28.1962,,,,,,,,10.08,2.29,drive,-29.54,front,LIDAR_ONLY
0,272.9417,t4954,BOTH,16.6851,17.4655,17.2728,0.5877,0.1927,3.4024,1.1154,1,1,9.87,3.26,warning,3.00,,FULL_ANGLE
0,272.9417,t4953,LIDAR_ONLY,15.1939,15.1939,73.9817,58.7878,58.7878,79.4626,79.4626,0,0,9.87,3.26,drive,20.61,front,LIDAR_ONLY
0,272.9417,t4953,LIDAR_ONLY,15.5217,15.5217,73.9817,58.4600,58.4600,79.0196,79.0196,0,0,9.87,3.26,drive,18.91,front,LIDAR_ONLY
0,272.9417,t4954,LIDAR_ONLY,17.4887,17.4887,17.2728,0.2159,0.2159,1.2497,1.2497,1,1,9.87,3.26,drive,5.01,front,LIDAR_ONLY
0,273.0182,cam_3,CAM_ONLY,16.7089,,17.2728,0.5640,,3.2651,,1,,15.52,10.03,warning,3.00,,CAMERA_ONLY
0,273.0914,t4954,BOTH,16.6966,17.5036,17.2728,0.5763,0.2307,3.3363,1.3358,1,1,14.29,2.76,warning,3.00,,FULL_ANGLE
0,273.1745,cam_3,CAM_ONLY,16.7565,,17.2728,0.5163,,2.9891,,1,,19.23,5.11,warning,3.00,,CAMERA_ONLY
0,273.2341,t4954,BOTH,16.7198,17.5079,17.2728,0.5530,0.2351,3.2015,1.3609,1,1,10.64,1.81,warning,3.00,,FULL_ANGLE
0,273.2341,t4961,LIDAR_ONLY,28.0680,28.0680,,,,,,,,10.64,1.81,drive,-29.68,front,LIDAR_ONLY
0,273.3109,cam_3,CAM_ONLY,16.6401,,17.2728,0.6328,,3.6634,,1,,13.98,8.54,warning,3.00,,CAMERA_ONLY
0,273.3806,cam_3,CAM_ONLY,16.7479,,17.2728,0.5249,,3.0389,,1,,12.67,2.18,warning,3.00,,CAMERA_ONLY
0,273.3806,t4961,LIDAR_ONLY,28.0821,28.0821,,,,,,,,12.67,2.18,drive,-29.42,front,LIDAR_ONLY
0,273.4422,t4954,BOTH,16.6648,17.5085,17.2728,0.6080,0.2356,3.5202,1.3643,1,1,8.90,2.51,warning,3.00,,FULL_ANGLE
0,273.4422,t4966,LIDAR_ONLY,14.5567,14.5567,73.9817,59.4250,59.4250,80.3239,80.3239,0,0,8.90,2.51,cautious,21.21,front,LIDAR_ONLY
0,273.4422,t4966,LIDAR_ONLY,15.0411,15.0411,73.9817,58.9406,58.9406,79.6692,79.6692,0,0,8.90,2.51,cautious,19.06,front,LIDAR_ONLY
0,273.5074,cam_3,CAM_ONLY,16.6426,,17.2728,0.6302,,3.6488,,1,,10.77,10.21,warning,3.00,,CAMERA_ONLY
0,273.5843,t4954,BOTH,16.6740,17.5052,17.2728,0.5989,0.2324,3.4672,1.3452,1,1,15.18,1.27,warning,3.00,,FULL_ANGLE
0,273.5843,t4966,LIDAR_ONLY,15.5509,15.5509,73.9817,58.4308,58.4308,78.9800,78.9800,0,0,15.18,1.27,cautious,18.49,front,LIDAR_ONLY
0,273.6606,cam_3,CAM_ONLY,16.7011,,17.2728,0.5718,,3.3102,,1,,17.15,8.82,warning,3.00,,CAMERA_ONLY
0,273.7260,cam_3,CAM_ONLY,16.6876,,17.2728,0.5853,,3.3885,,1,,10.84,3.49,warning,3.00,,CAMERA_ONLY
0,273.7966,cam_3,CAM_ONLY,16.7179,,17.2728,0.5550,,3.2129,,1,,13.22,6.20,warning,3.00,,CAMERA_ONLY
0,273.7966,t4966,LIDAR_ONLY,15.9470,15.9470,73.9817,58.0347,58.0347,78.4447,78.4447,0,0,13.22,6.20,drive,18.67,front,LIDAR_ONLY
0,273.7966,t4966,LIDAR_ONLY,16.2226,16.2226,73.9817,57.7591,57.7591,78.0721,78.0721,0,0,13.22,6.20,drive,19.29,front,LIDAR_ONLY
0,273.7966,t4966,LIDAR_ONLY,16.5302,16.5302,73.9817,57.4515,57.4515,77.6564,77.6564,0,0,13.22,6.20,drive,20.19,front,LIDAR_ONLY
0,273.8731,cam_3,CAM_ONLY,16.7024,,17.2728,0.5705,,3.3027,,1,,12.91,7.96,warning,3.00,,CAMERA_ONLY
0,273.9384,t4975,BOTH,16.7593,17.4860,17.2728,0.5135,0.2131,2.9730,1.2339,1,1,10.79,1.13,warning,3.00,,FULL_ANGLE
0,273.9384,t4974,LIDAR_ONLY,28.0838,28.0838,,,,,,,,10.79,1.13,drive,-29.64,front,LIDAR_ONLY
0,274.0144,cam_3,CAM_ONLY,16.6901,,17.2728,0.5828,,3.3740,,1,,18.73,9.77,warning,3.00,,CAMERA_ONLY
0,274.0867,t4975,BOTH,16.6649,17.4589,17.2728,0.6079,0.1861,3.5196,1.0773,1,1,14.50,1.60,warning,3.00,,FULL_ANGLE
0,274.0867,t4974,LIDAR_ONLY,28.1017,28.1017,,,,,,,,14.50,1.60,drive,-29.47,front,LIDAR_ONLY
0,274.0867,t4978,LIDAR_ONLY,11.4905,11.4905,,,,,,,,14.50,1.60,cautious,25.48,front,LIDAR_ONLY
0,274.1615,cam_3,CAM_ONLY,16.6988,,17.2728,0.5740,,3.3233,,1,,14.60,11.98,warning,3.00,,CAMERA_ONLY
0,274.2254,cam_3,CAM_ONLY,16.6507,,17.2728,0.6222,,3.6019,,1,,9.72,3.19,warning,3.00,,CAMERA_ONLY
0,274.2960,cam_3,CAM_ONLY,16.7559,,17.2728,0.5169,,2.9925,,1,,15.77,8.28,warning,3.00,,CAMERA_ONLY
0,274.2960,t4978,LIDAR_ONLY,11.5809,11.5809,73.9817,62.4007,62.4007,84.3462,84.3462,0,0,15.77,8.28,cautious,18.17,front,LIDAR_ONLY
0,274.2960,t4978,LIDAR_ONLY,11.7137,11.7137,73.9817,62.2680,62.2680,84.1667,84.1667,0,0,15.77,8.28,cautious,19.14,front,LIDAR_ONLY
0,274.2960,t4978,LIDAR_ONLY,11.8519,11.8519,73.9817,62.1298,62.1298,83.9800,83.9800,0,0,15.77,8.28,cautious,20.08,front,LIDAR_ONLY
0,274.3715,cam_3,CAM_ONLY,16.7070,,17.2728,0.5658,,3.2757,,1,,18.69,10.63,warning,3.00,,CAMERA_ONLY
0,274.4636,cam_3,CAM_ONLY,16.6322,,17.2728,0.6406,,3.7087,,1,,14.03,13.96,warning,2.95,,CAMERA_ONLY
0,274.5401,t4986,BOTH,16.6855,17.4926,17.2728,0.5874,0.2198,3.4005,1.2725,1,1,21.30,3.58,warning,3.00,,FULL_ANGLE
0,274.6154,cam_3,CAM_ONLY,16.7006,,17.2728,0.5722,,3.3129,,1,,16.38,9.09,warning,3.00,,CAMERA_ONLY
0,274.6825,cam_3,CAM_ONLY,16.7366,,17.2728,0.5362,,3.1045,,1,,10.97,2.14,warning,3.00,,CAMERA_ONLY
0,274.6825,t4988,LIDAR_ONLY,28.0971,28.0971,,,,,,,,10.97,2.14,drive,-29.55,front,LIDAR_ONLY
0,274.7657,cam_3,CAM_ONLY,16.8474,,17.2728,0.4254,,2.4631,,1,,15.59,10.10,warning,3.00,,CAMERA_ONLY
0,274.8394,t4993,BOTH,16.7690,17.4785,17.2728,0.5038,0.2056,2.9168,1.1906,1,1,13.29,2.26,warning,3.00,,FULL_ANGLE
0,274.8394,t4992,LIDAR_ONLY,17.8321,17.8321,73.9817,56.1496,56.1496,75.8966,75.8966,0,0,13.29,2.26,drive,18.58,front,LIDAR_ONLY
0,274.8394,t4992,LIDAR_ONLY,17.2631,17.2631,73.9817,56.7186,56.7186,76.6658,76.6658,0,0,13.29,2.26,drive,20.09,front,LIDAR_ONLY
0,274.8394,t4988,LIDAR_ONLY,28.0326,28.0326,10.5510,17.4816,17.4816,165.6861,165.6861,0,0,13.29,2.26,drive,-29.88,front,LIDAR_ONLY
0,274.9153,cam_3,CAM_ONLY,16.7019,,17.2728,0.5709,,3.3052,,1,,13.58,8.76,warning,3.00,,CAMERA_ONLY
0,274.9825,cam_3,CAM_ONLY,16.6932,,17.2728,0.5796,,3.3557,,1,,10.99,2.19,warning,3.00,,CAMERA_ONLY
0,274.9825,t4988,LIDAR_ONLY,28.0446,28.0446,11.8978,16.1468,16.1468,135.7122,135.7122,0,0,10.99,2.19,drive,-29.51,front,LIDAR_ONLY
0,275.0684,cam_3,CAM_ONLY,16.6926,,17.2728,0.5802,,3.3590,,1,,16.40,12.05,warning,3.00,,CAMERA_ONLY
0,275.1380,t5000,BOTH,16.7720,17.4607,17.2728,0.5009,0.1879,2.8998,1.0878,1,1,15.17,2.37,warning,2.95,,FULL_ANGLE
0,275.1380,t4999,LIDAR_ONLY,17.9918,17.9918,73.9817,55.9899,55.9899,75.6807,75.6807,0,0,15.17,2.37,drive,18.48,front,LIDAR_ONLY
0,275.2324,cam_3,CAM_ONLY,16.6512,,17.2728,0.6217,,3.5990,,1,,16.43,3.83,warning,3.00,,CAMERA_ONLY
0,275.3074,cam_3,CAM_ONLY,16.7351,,17.2728,0.5378,,3.1134,,1,,10.75,11.27,warning,3.00,,CAMERA_ONLY
0,275.3732,cam_3,CAM_ONLY,16.6360,,17.2728,0.6368,,3.6869,,1,,11.62,2.89,warning,3.00,,CAMERA_ONLY
0,275.4344,t5007,BOTH,16.7419,17.4825,17.2728,0.5309,0.2096,3.0736,1.2136,1,1,10.62,1.16,warning,2.95,,FULL_ANGLE
0,275.4344,t5006,LIDAR_ONLY,19.3424,19.3424,16.2829,3.0595,3.0595,18.7898,18.7898,0,0,10.62,1.16,drive,-28.91,front,LIDAR_ONLY
0,275.5055,cam_3,CAM_ONLY,16.7732,,17.2728,0.4996,,2.8925,,1,,10.19,9.88,warning,2.95,,CAMERA_ONLY
0,275.5757,cam_3,CAM_ONLY,16.6264,,17.2728,0.6464,,3.7425,,1,,11.25,3.56,warning,3.00,,CAMERA_ONLY
0,275.6593,cam_3,CAM_ONLY,16.7550,,17.2728,0.5178,,2.9978,,1,,20.52,10.51,warning,3.00,,CAMERA_ONLY
0,275.6593,t5012,LIDAR_ONLY,18.2859,18.2859,73.9817,55.6958,55.6958,75.2832,75.2832,0,0,20.52,10.51,drive,18.29,front,LIDAR_ONLY
0,275.6593,t5012,LIDAR_ONLY,17.9644,17.9644,73.9817,56.0173,56.0173,75.7178,75.7178,0,0,20.52,10.51,drive,19.03,front,LIDAR_ONLY
0,275.7313,cam_3,CAM_ONLY,16.7656,,17.2728,0.5072,,2.9365,,1,,17.20,2.79,warning,3.00,,CAMERA_ONLY
0,275.7313,t5013,LIDAR_ONLY,28.1570,28.1570,18.9995,9.1575,9.1575,48.1984,48.1984,0,0,17.20,2.79,drive,-29.48,front,LIDAR_ONLY
0,275.8144,cam_3,CAM_ONLY,16.6373,,17.2728,0.6355,,3.6792,,1,,19.79,11.96,warning,3.00,,CAMERA_ONLY
0,275.8821,cam_3,CAM_ONLY,16.6774,,17.2728,0.5954,,3.4472,,1,,9.06,2.76,warning,3.00,,CAMERA_ONLY
0,275.9529,t5021,BOTH,16.6981,17.4629,17.2728,0.5747,0.1901,3.3274,1.1006,1,1,13.62,9.42,warning,3.00,,FULL_ANGLE
0,275.9529,t5020,LIDAR_ONLY,18.0069,18.0069,73.9817,55.9747,55.9747,75.6603,75.6603,0,0,13.62,9.42,drive,18.47,front,LIDAR_ONLY
0,275.9529,t5020,LIDAR_ONLY,17.0290,17.0290,73.9817,56.9527,56.9527,76.9821,76.9821,0,0,13.62,9.42,drive,19.77,front,LIDAR_ONLY
0,276.0252,cam_3,CAM_ONLY,16.6994,,17.2728,0.5734,,3.3197,,1,,14.95,3.67,warning,3.00,,CAMERA_ONLY
0,276.0910,t5021,BOTH,16.7496,17.4513,17.2728,0.5232,0.1784,3.0291,1.0331,1,1,12.77,2.62,warning,3.00,,FULL_ANGLE
0,276.0910,t5024,LIDAR_ONLY,28.0798,28.0798,22.3676,5.7122,5.7122,25.5380,25.5380,0,0,12.77,2.62,drive,-29.68,front,LIDAR_ONLY
0,276.0910,t5020,LIDAR_ONLY,17.1311,17.1311,73.9817,56.8505,56.8505,76.8441,76.8441,0,0,12.77,2.62,drive,18.28,front,LIDAR_ONLY
0,276.0910,t5024,LIDAR_ONLY,26.6765,26.6765,22.3676,4.3089,4.3089,19.2641,19.2641,0,0,12.77,2.62,drive,-20.38,front,LIDAR_ONLY
0,276.1611,cam_3,CAM_ONLY,16.6427,,17.2728,0.6302,,3.6484,,1,,10.14,10.99,warning,3.00,,CAMERA_ONLY
0,276.2280,cam_3,CAM_ONLY,16.7350,,17.2728,0.5378,,3.1138,,1,,9.35,3.45,warning,3.00,,CAMERA_ONLY
0,276.3155,cam_3,CAM_ONLY,16.5992,,17.2728,0.6737,,3.9002,,1,,17.02,14.84,warning,3.00,,CAMERA_ONLY
0,276.3801,cam_3,CAM_ONLY,16.6257,,17.2728,0.6471,,3.7464,,1,,13.94,2.09,warning,3.00,,CAMERA_ONLY
0,276.3801,t5028,LIDAR_ONLY,28.1691,28.1691,,,,,,,,13.94,2.09,drive,-29.59,front,LIDAR_ONLY
0,276.4456,t5033,BOTH,16.6978,17.5422,17.2728,0.5750,0.2694,3.3290,1.5595,1,1,10.57,4.44,warning,3.00,,FULL_ANGLE
0,276.4456,t5032,LIDAR_ONLY,15.6297,15.6297,73.9817,58.3519,58.3519,78.8735,78.8735,0,0,10.57,4.44,drive,20.23,front,LIDAR_ONLY
0,276.4456,t5032,LIDAR_ONLY,15.5987,15.5987,73.9817,58.3830,58.3830,78.9154,78.9154,0,0,10.57,4.44,drive,22.19,front,LIDAR_ONLY
0,276.5189,cam_3,CAM_ONLY,16.7708,,17.2728,0.5021,,2.9068,,1,,13.95,6.20,warning,2.95,,CAMERA_ONLY
0,276.5974,t5033,BOTH,16.6521,17.5098,17.2728,0.6207,0.2370,3.5936,1.3719,1,1,18.90,6.69,warning,2.95,,FULL_ANGLE
0,276.5974,t5032,LIDAR_ONLY,15.7548,15.7548,73.9817,58.2269,58.2269,78.7045,78.7045,0,0,18.90,6.69,drive,18.23,front,LIDAR_ONLY
0,276.5974,t5032,LIDAR_ONLY,15.8836,15.8836,73.9817,58.0981,58.0981,78.5304,78.5304,0,0,18.90,6.69,drive,19.64,front,LIDAR_ONLY
0,276.6887,cam_3,CAM_ONLY,16.6723,,17.2728,0.6006,,3.4769,,1,,24.42,6.96,warning,3.00,,CAMERA_ONLY
0,276.6887,t5035,LIDAR_ONLY,28.1838,28.1838,41.4577,13.2739,13.2739,32.0180,32.0180,0,0,24.42,6.96,drive,-29.59,front,LIDAR_ONLY
0,276.7711,cam_3,CAM_ONLY,16.7495,,17.2728,0.5233,,3.0298,,1,,16.21,8.34,warning,3.00,,CAMERA_ONLY
0,276.8381,t5033,BOTH,16.6670,17.5416,17.2728,0.6058,0.2688,3.5073,1.5562,1,1,9.91,1.28,warning,3.00,,FULL_ANGLE
0,276.8381,t5032,LIDAR_ONLY,16.0387,16.0387,73.9817,57.9430,57.9430,78.3207,78.3207,0,0,9.91,1.28,drive,18.11,front,LIDAR_ONLY
0,276.8381,t5033,LIDAR_ONLY,17.5361,17.5361,17.2728,0.2632,0.2632,1.5239,1.5239,1,1,9.91,1.28,drive,3.87,front,LIDAR_ONLY
0,276.9083,cam_3,CAM_ONLY,16.7163,,17.2728,0.5565,,3.2220,,1,,11.63,10.89,warning,2.95,,CAMERA_ONLY
0,276.9725,cam_3,CAM_ONLY,16.6182,,17.2728,0.6547,,3.7902,,1,,10.48,3.06,warning,3.00,,CAMERA_ONLY
0,277.0343,t5033,BOTH,16.7131,17.5427,17.2728,0.5598,0.2698,3.2408,1.5622,1,1,15.92,1.35,warning,3.00,,FULL_ANGLE
0,277.0343,t5041,LIDAR_ONLY,28.1191,28.1191,38.0550,9.9359,9.9359,26.1094,26.1094,0,0,15.92,1.35,drive,-29.56,front,LIDAR_ONLY
0,277.1195,cam_3,CAM_ONLY,16.7697,,17.2728,0.5031,,2.9128,,1,,19.63,9.68,warning,2.95,,CAMERA_ONLY
0,277.2081,cam_3,CAM_ONLY,16.7519,,17.2728,0.5209,,3.0160,,1,,19.20,11.56,warning,2.95,,CAMERA_ONLY
0,277.2862,cam_3,CAM_ONLY,16.7252,,17.2728,0.5476,,3.1704,,1,,14.78,2.82,warning,3.00,,CAMERA_ONLY
0,277.2862,t5041,LIDAR_ONLY,28.1322,28.1322,35.5019,7.3697,7.3697,20.7585,20.7585,0,0,14.78,2.82,drive,-29.50,front,LIDAR_ONLY
0,277.3663,cam_3,CAM_ONLY,16.7517,,17.2728,0.5212,,3.0172,,1,,16.52,12.46,warning,2.95,,CAMERA_ONLY
0,277.4436,t5049,BOTH,16.7820,17.5015,17.2728,0.4909,0.2287,2.8419,1.3238,1,1,19.07,2.70,warning,2.95,,FULL_ANGLE
0,277.4436,t5041,LIDAR_ONLY,28.1413,28.1413,33.9168,5.7755,5.7755,17.0284,17.0284,0,0,19.07,2.70,drive,-29.53,front,LIDAR_ONLY
0,277.4436,t5048,LIDAR_ONLY,9.8180,9.8180,,,,,,,,19.07,2.70,cautious,29.65,front,LIDAR_ONLY
0,277.5228,cam_3,CAM_ONLY,16.7736,,17.2728,0.4992,,2.8901,,1,,12.29,21.11,warning,2.95,,CAMERA_ONLY
0,277.6217,cam_3,CAM_ONLY,16.7503,,17.2728,0.5225,,3.0250,,1,,18.85,9.70,warning,2.95,,CAMERA_ONLY
0,277.6912,t5049,BOTH,16.7859,17.4799,17.2728,0.4870,0.2070,2.8192,1.1986,1,1,13.28,1.72,warning,2.95,,FULL_ANGLE
0,277.6912,t5041,LIDAR_ONLY,28.1386,28.1386,31.5562,3.4176,3.4176,10.8301,10.8301,0,0,13.28,1.72,drive,-29.63,front,LIDAR_ONLY
0,277.6912,t5048,LIDAR_ONLY,9.9211,9.9211,73.9817,64.0606,64.0606,86.5899,86.5899,0,0,13.28,1.72,cautious,26.82,front,LIDAR_ONLY
0,277.6912,t5048,LIDAR_ONLY,10.0499,10.0499,73.9817,63.9318,63.9318,86.4157,86.4157,0,0,13.28,1.72,cautious,18.56,front,LIDAR_ONLY
0,277.6912,t5048,LIDAR_ONLY,10.1707,10.1707,73.9817,63.8109,63.8109,86.2523,86.2523,0,0,13.28,1.72,cautious,19.95,front,LIDAR_ONLY
0,277.7703,cam_3,CAM_ONLY,16.5744,,17.2728,0.6985,,4.0436,,1,,18.52,10.56,warning,2.95,,CAMERA_ONLY
0,277.8523,cam_3,CAM_ONLY,16.5951,,17.2728,0.6778,,3.9239,,1,,22.08,10.33,warning,3.00,,CAMERA_ONLY
0,277.9217,cam_3,CAM_ONLY,16.6416,,17.2728,0.6312,,3.6544,,1,,17.10,3.08,warning,2.95,,CAMERA_ONLY
0,278.0032,cam_3,CAM_ONLY,16.7629,,17.2728,0.5099,,2.9521,,1,,16.48,9.15,warning,2.95,,CAMERA_ONLY
0,278.0032,t5055,LIDAR_ONLY,18.0188,18.0188,73.9817,55.9629,55.9629,75.6443,75.6443,0,0,16.48,9.15,drive,18.46,front,LIDAR_ONLY
0,278.0032,t5055,LIDAR_ONLY,17.3189,17.3189,73.9817,56.6628,56.6628,76.5903,76.5903,0,0,16.48,9.15,drive,19.76,front,LIDAR_ONLY
0,278.0735,cam_3,CAM_ONLY,16.7972,,17.2728,0.4756,,2.7536,,1,,10.37,4.34,warning,2.95,,CAMERA_ONLY
0,278.1311,cam_3,CAM_ONLY,16.7320,,17.2728,0.5408,,3.1310,,1,,9.92,2.29,warning,2.95,,CAMERA_ONLY
0,278.1311,t5058,LIDAR_ONLY,28.0586,28.0586,26.9998,1.0588,1.0588,3.9215,3.9215,0,0,9.92,2.29,drive,-29.61,front,LIDAR_ONLY
0,278.1940,t5062,BOTH,16.7925,17.4751,17.2728,0.4803,0.2023,2.7808,1.1712,1,1,9.63,3.78,warning,2.95,,FULL_ANGLE
0,278.1940,t5055,LIDAR_ONLY,16.1958,16.1958,73.9817,57.7859,57.7859,78.1083,78.1083,0,0,9.63,3.78,drive,20.31,front,LIDAR_ONLY
0,278.1940,t5055,LIDAR_ONLY,16.3209,16.3209,73.9817,57.6607,57.6607,77.9392,77.9392,0,0,9.63,3.78,drive,18.42,front,LIDAR_ONLY
0,278.1940,t5055,LIDAR_ONLY,16.4098,16.4098,73.9817,57.5719,57.5719,77.8191,77.8191,0,0,9.63,3.78,drive,19.15,front,LIDAR_ONLY
0,278.2598,cam_3,CAM_ONLY,16.6983,,17.2728,0.5746,,3.3264,,1,,11.58,11.05,warning,2.95,,CAMERA_ONLY
0,278.3714,cam_3,CAM_ONLY,16.7344,,17.2728,0.5385,,3.1175,,1,,10.92,5.30,warning,3.00,,CAMERA_ONLY
0,278.4594,cam_3,CAM_ONLY,16.7943,,17.2728,0.4786,,2.7707,,1,,21.57,11.72,warning,2.95,,CAMERA_ONLY
0,278.5227,cam_3,CAM_ONLY,16.8375,,17.2728,0.4353,,2.5204,,1,,11.46,2.65,warning,2.95,,CAMERA_ONLY
0,278.5841,cam_3,CAM_ONLY,16.8151,,17.2728,0.4577,,2.6498,,1,,10.47,3.73,warning,2.95,,CAMERA_ONLY
0,278.6682,cam_3,CAM_ONLY,16.7425,,17.2728,0.5303,,3.0701,,1,,17.87,10.79,warning,2.95,,CAMERA_ONLY
0,278.7386,cam_3,CAM_ONLY,16.7446,,17.2728,0.5282,,3.0582,,1,,9.99,2.40,warning,2.95,,CAMERA_ONLY
0,278.7386,t5071,LIDAR_ONLY,28.1697,28.1697,,,,,,,,9.99,2.40,drive,-29.49,front,LIDAR_ONLY
0,278.8071,cam_3,CAM_ONLY,16.7597,,17.2728,0.5131,,2.9706,,1,,11.37,10.22,warning,2.95,,CAMERA_ONLY
0,278.8720,cam_3,CAM_ONLY,16.8464,,17.2728,0.4265,,2.4691,,1,,11.01,2.68,warning,2.95,,CAMERA_ONLY
0,278.9730,cam_3,CAM_ONLY,16.7214,,17.2728,0.5514,,3.1924,,1,,9.50,9.36,warning,2.95,,CAMERA_ONLY
0,279.0351,t5080,BOTH,16.8458,17.5006,17.2728,0.4271,0.2278,2.4725,1.3189,1,1,10.28,1.37,warning,2.95,,FULL_ANGLE
0,279.0351,t5077,LIDAR_ONLY,28.1263,28.1263,,,,,,,,10.28,1.37,drive,-29.49,front,LIDAR_ONLY
0,279.0351,t5078,LIDAR_ONLY,18.4511,18.4511,73.9817,55.5306,55.5306,75.0599,75.0599,0,0,10.28,1.37,drive,18.19,front,LIDAR_ONLY
0,279.0351,t5078,LIDAR_ONLY,17.7276,17.7276,73.9817,56.2541,56.2541,76.0379,76.0379,0,0,10.28,1.37,drive,19.04,front,LIDAR_ONLY
0,279.1189,cam_3,CAM_ONLY,16.6893,,17.2728,0.5836,,3.3787,,1,,14.07,9.35,warning,2.95,,CAMERA_ONLY
0,279.1993,cam_3,CAM_ONLY,16.6945,,17.2728,0.5784,,3.3483,,1,,22.64,6.77,warning,2.95,,CAMERA_ONLY
0,279.2750,cam_3,CAM_ONLY,16.6103,,17.2728,0.6625,,3.8356,,1,,19.50,3.72,warning,2.95,,CAMERA_ONLY
0,279.3358,t5087,BOTH,16.5425,17.4667,17.2728,0.7303,0.1939,4.2280,1.1225,1,1,12.21,1.44,warning,2.95,,FULL_ANGLE
0,279.3358,t5086,LIDAR_ONLY,28.2613,28.2613,,,,,,,,12.21,1.44,drive,-29.30,front,LIDAR_ONLY
0,279.4176,cam_3,CAM_ONLY,16.5228,,17.2728,0.7500,,4.3421,,1,,15.92,10.53,warning,2.95,,CAMERA_ONLY
0,279.4928,t5087,BOTH,16.5988,17.4741,17.2728,0.6741,0.2013,3.9025,1.1654,1,1,20.63,4.29,warning,2.95,,FULL_ANGLE
0,279.4928,t5086,LIDAR_ONLY,28.1292,28.1292,,,,,,,,20.63,4.29,drive,-29.77,front,LIDAR_ONLY
0,279.4928,t5090,LIDAR_ONLY,17.5489,17.5489,73.9817,56.4328,56.4328,76.2794,76.2794,0,0,20.63,4.29,drive,18.77,front,LIDAR_ONLY
0,279.4928,t5090,LIDAR_ONLY,16.9105,16.9105,73.9817,57.0712,57.0712,77.1424,77.1424,0,0,20.63,4.29,drive,19.67,front,LIDAR_ONLY
0,279.5652,cam_3,CAM_ONLY,16.7570,,17.2728,0.5158,,2.9862,,1,,12.44,12.13,warning,3.00,,CAMERA_ONLY
0,279.6295,cam_3,CAM_ONLY,16.8653,,17.2728,0.4075,,2.3592,,1,,9.51,3.25,warning,2.95,,CAMERA_ONLY
0,279.7117,cam_3,CAM_ONLY,16.8654,,17.2728,0.4075,,2.3590,,1,,17.25,12.52,warning,2.95,,CAMERA_ONLY
0,279.7724,cam_3,CAM_ONLY,17.0581,,17.2728,0.2147,,1.2431,,1,,11.83,2.88,warning,2.95,,CAMERA_ONLY
0,279.8467,cam_3,CAM_ONLY,17.5762,,17.2728,0.3034,,1.7566,,1,,18.91,5.73,warning,3.00,,CAMERA_ONLY
0,279.8467,t5099,LIDAR_ONLY,16.3289,16.3289,73.9817,57.6527,57.6527,77.9284,77.9284,0,0,18.91,5.73,drive,19.66,front,LIDAR_ONLY
0,279.9180,cam_3,CAM_ONLY,17.0165,,17.2728,0.2563,,1.4839,,1,,15.14,7.03,warning,3.00,,CAMERA_ONLY
0,279.9987,t5101,BOTH,16.9432,17.4549,17.2728,0.3296,0.1820,1.9085,1.0540,1,1,12.26,6.46,warning,3.00,,FULL_ANGLE
0,279.9987,t5099,LIDAR_ONLY,16.4380,16.4380,73.9817,57.5437,57.5437,77.7810,77.7810,0,0,12.26,6.46,drive,18.32,front,LIDAR_ONLY
0,280.0832,cam_3,CAM_ONLY,16.7647,,17.2728,0.5081,,2.9419,,1,,20.51,7.14,warning,3.00,,CAMERA_ONLY
0,280.1656,cam_3,CAM_ONLY,16.7424,,17.2728,0.5305,,3.0711,,1,,12.87,9.25,warning,3.00,,CAMERA_ONLY
0,280.2322,cam_3,CAM_ONLY,16.9720,,17.2728,0.3008,,1.7417,,1,,11.15,2.49,warning,3.00,,CAMERA_ONLY
0,280.2322,t5106,LIDAR_ONLY,28.2139,28.2139,,,,,,,,11.15,2.49,drive,-29.40,front,LIDAR_ONLY
0,280.2934,t5111,BOTH,16.7937,17.5133,17.2728,0.4791,0.2405,2.7737,1.3921,1,1,10.02,3.46,warning,3.00,,FULL_ANGLE
0,280.2934,t5110,LIDAR_ONLY,14.8100,14.8100,73.9817,59.1717,59.1717,79.9816,79.9816,0,0,10.02,3.46,drive,20.96,front,LIDAR_ONLY
0,280.2934,t5110,LIDAR_ONLY,14.9748,14.9748,73.9817,59.0069,59.0069,79.7588,79.7588,0,0,10.02,3.46,drive,19.73,front,LIDAR_ONLY
0,280.3628,cam_3,CAM_ONLY,16.8185,,17.2728,0.4543,,2.6303,,1,,9.38,9.77,warning,3.00,,CAMERA_ONLY
0,280.4338,t5111,BOTH,16.8568,17.5039,17.2728,0.4161,0.2311,2.4088,1.3379,1,1,18.45,1.66,warning,2.95,,FULL_ANGLE
0,280.4338,t5106,LIDAR_ONLY,28.1445,28.1445,,,,,,,,18.45,1.66,drive,-29.72,front,LIDAR_ONLY
0,280.5101,cam_3,CAM_ONLY,16.7471,,17.2728,0.5257,,3.0436,,1,,15.54,10.22,warning,3.00,,CAMERA_ONLY
0,280.5830,cam_3,CAM_ONLY,16.9492,,17.2728,0.3237,,1.8740,,1,,11.24,2.03,warning,3.00,,CAMERA_ONLY
0,280.5830,t5106,LIDAR_ONLY,28.1181,28.1181,,,,,,,,11.24,2.03,drive,-29.74,front,LIDAR_ONLY
0,280.6387,t5111,BOTH,16.7448,17.4989,17.2728,0.5280,0.2261,3.0571,1.3090,1,1,9.60,1.39,warning,3.00,,FULL_ANGLE
0,280.6387,t5114,LIDAR_ONLY,11.6461,11.6461,73.9817,62.3356,62.3356,84.2582,84.2582,0,0,9.60,1.39,cautious,25.02,front,LIDAR_ONLY
0,280.6387,t5114,LIDAR_ONLY,11.8077,11.8077,73.9817,62.1739,62.1739,84.0396,84.0396,0,0,9.60,1.39,cautious,19.24,front,LIDAR_ONLY
0,280.7187,cam_3,CAM_ONLY,16.6407,,17.2728,0.6321,,3.6597,,1,,16.12,12.42,warning,3.00,,CAMERA_ONLY
0,280.7912,t5111,BOTH,16.5013,17.4917,17.2728,0.7715,0.2189,4.4668,1.2670,1,1,20.95,2.05,warning,3.00,,FULL_ANGLE
0,280.7912,t5114,LIDAR_ONLY,11.2269,11.2269,73.9817,62.7548,62.7548,84.8248,84.8248,0,0,20.95,2.05,cautious,27.33,front,LIDAR_ONLY
0,280.7912,t5106,LIDAR_ONLY,28.0969,28.0969,,,,,,,,20.95,2.05,drive,-29.73,front,LIDAR_ONLY
0,280.7912,t5114,LIDAR_ONLY,11.3337,11.3337,73.9817,62.6480,62.6480,84.6804,84.6804,0,0,20.95,2.05,cautious,18.86,front,LIDAR_ONLY
0,280.8561,cam_3,CAM_ONLY,16.7154,,17.2728,0.5575,,3.2274,,1,,9.25,9.45,warning,3.00,,CAMERA_ONLY
0,280.9247,cam_3,CAM_ONLY,16.6542,,17.2728,0.6187,,3.5818,,1,,13.36,3.50,warning,3.00,,CAMERA_ONLY
0,280.9854,t5111,BOTH,16.7557,17.4898,17.2728,0.5171,0.2169,2.9939,1.2560,1,1,12.00,2.33,warning,3.00,,FULL_ANGLE
0,281.0737,cam_3,CAM_ONLY,16.7810,,17.2728,0.4919,,2.8476,,1,,16.89,8.37,warning,3.00,,CAMERA_ONLY
0,281.1752,cam_3,CAM_ONLY,17.0778,,17.2728,0.1951,,1.1294,,1,,23.76,3.54,warning,3.00,,CAMERA_ONLY
0,281.2584,cam_3,CAM_ONLY,17.1478,,17.2728,0.1250,,0.7237,,1,,19.21,12.62,warning,3.00,,CAMERA_ONLY
0,281.3279,cam_3,CAM_ONLY,16.7162,,17.2728,0.5566,,3.2226,,1,,14.91,3.40,warning,3.00,,CAMERA_ONLY
0,281.4085,cam_3,CAM_ONLY,16.8384,,17.2728,0.4345,,2.5154,,1,,16.13,13.03,warning,3.00,,CAMERA_ONLY
0,281.4737,cam_3,CAM_ONLY,16.8057,,17.2728,0.4671,,2.7044,,1,,15.56,3.04,warning,3.00,,CAMERA_ONLY
0,281.5394,t5126,BOTH,16.8582,17.4518,17.2728,0.4147,0.1790,2.4008,1.0361,1,1,11.63,1.23,warning,3.04,,FULL_ANGLE
0,281.5394,t5125,LIDAR_ONLY,28.1707,28.1707,,,,,,,,11.63,1.23,drive,-29.76,front,LIDAR_ONLY
0,281.6025,cam_3,CAM_ONLY,16.9094,,17.2728,0.3635,,2.1043,,1,,10.72,8.82,warning,3.00,,CAMERA_ONLY
0,281.6025,t5127,LIDAR_ONLY,16.0682,16.0682,73.9817,57.9135,57.9135,78.2809,78.2809,0,0,10.72,8.82,drive,19.86,front,LIDAR_ONLY
0,281.6680,cam_3,CAM_ONLY,16.7610,,17.2728,0.5119,,2.9634,,1,,10.56,8.42,warning,3.00,,CAMERA_ONLY
0,281.7274,cam_3,CAM_ONLY,16.7946,,17.2728,0.4782,,2.7688,,1,,10.15,3.41,warning,3.00,,CAMERA_ONLY
0,281.7860,t5133,BOTH,16.8075,17.4719,17.2728,0.4653,0.1991,2.6938,1.1525,1,1,10.99,1.31,warning,3.00,,FULL_ANGLE
0,281.7860,t5131,LIDAR_ONLY,28.1341,28.1341,,,,,,,,10.99,1.31,drive,-29.62,front,LIDAR_ONLY
0,281.7860,t5127,LIDAR_ONLY,16.1671,16.1671,73.9817,57.8146,57.8146,78.1471,78.1471,0,0,10.99,1.31,drive,18.32,front,LIDAR_ONLY
0,281.7860,t5133,LIDAR_ONLY,17.5207,17.5207,17.2728,0.2479,0.2479,1.4350,1.4350,1,1,10.99,1.31,drive,1.26,front,LIDAR_ONLY
0,281.8494,cam_3,CAM_ONLY,16.7693,,17.2728,0.5035,,2.9150,,1,,10.01,7.15,warning,3.00,,CAMERA_ONLY
0,281.8494,t5127,LIDAR_ONLY,16.1962,16.1962,73.9817,57.7855,57.7855,78.1078,78.1078,0,0,10.01,7.15,drive,19.97,front,LIDAR_ONLY
0,281.9184,cam_3,CAM_ONLY,16.8342,,17.2728,0.4386,,2.5395,,1,,9.84,7.88,warning,3.00,,CAMERA_ONLY
0,282.0103,cam_3,CAM_ONLY,16.8141,,17.2728,0.4587,,2.6558,,1,,15.40,11.80,warning,3.00,,CAMERA_ONLY
0,282.0840,cam_3,CAM_ONLY,16.8001,,17.2728,0.4728,,2.7370,,1,,21.56,3.57,warning,3.00,,CAMERA_ONLY
0,282.0840,t5136,LIDAR_ONLY,28.1341,28.1341,,,,,,,,21.56,3.57,drive,-29.49,front,LIDAR_ONLY
0,282.1597,cam_3,CAM_ONLY,16.7962,,17.2728,0.4767,,2.7596,,1,,15.33,11.98,warning,3.00,,CAMERA_ONLY
0,282.2380,cam_3,CAM_ONLY,16.7993,,17.2728,0.4735,,2.7416,,1,,13.79,2.39,warning,3.00,,CAMERA_ONLY
0,282.2380,t5136,LIDAR_ONLY,28.1336,28.1336,,,,,,,,13.79,2.39,drive,-29.50,front,LIDAR_ONLY
0,282.3178,cam_3,CAM_ONLY,16.6105,,17.2728,0.6624,,3.8347,,1,,20.79,10.29,warning,3.00,,CAMERA_ONLY
0,282.3824,cam_3,CAM_ONLY,16.5688,,17.2728,0.7040,,4.0758,,1,,11.89,2.79,warning,3.00,,CAMERA_ONLY
0,282.3824,t5136,LIDAR_ONLY,28.1244,28.1244,,,,,,,,11.89,2.79,drive,-29.71,front,LIDAR_ONLY
0,282.4596,cam_3,CAM_ONLY,16.6106,,17.2728,0.6622,,3.8340,,1,,13.80,11.76,warning,3.00,,CAMERA_ONLY
0,282.5285,t5143,BOTH,16.6771,17.4959,17.2728,0.5957,0.2230,3.4489,1.2912,1,1,16.66,2.04,warning,3.00,,FULL_ANGLE
0,282.5285,t5136,LIDAR_ONLY,28.1268,28.1268,,,,,,,,16.66,2.04,drive,-29.54,front,LIDAR_ONLY
0,282.5959,t5143,BOTH,16.7170,17.4945,17.2728,0.5559,0.2217,3.2182,1.2835,1,1,11.99,3.81,warning,3.00,,FULL_ANGLE
0,282.5959,t5145,LIDAR_ONLY,18.3929,18.3929,73.9817,55.5888,55.5888,75.1386,75.1386,0,0,11.99,3.81,drive,18.23,front,LIDAR_ONLY
0,282.6664,cam_3,CAM_ONLY,16.7024,,17.2728,0.5705,,3.3028,,1,,11.35,8.22,warning,3.00,,CAMERA_ONLY
0,282.7436,t5143,BOTH,16.7339,17.4961,17.2728,0.5390,0.2232,3.1204,1.2923,1,1,19.12,3.90,warning,3.00,,FULL_ANGLE
0,282.7436,t5145,LIDAR_ONLY,16.5405,16.5405,73.9817,57.4412,57.4412,77.6424,77.6424,0,0,19.12,3.90,drive,19.81,front,LIDAR_ONLY
0,282.8075,cam_3,CAM_ONLY,16.7908,,17.2728,0.4820,,2.7907,,1,,11.15,10.20,warning,3.00,,CAMERA_ONLY
0,282.8722,cam_3,CAM_ONLY,16.6625,,17.2728,0.6104,,3.5336,,1,,11.16,2.86,warning,3.00,,CAMERA_ONLY
0,282.9508,t5143,BOTH,16.5796,17.4915,17.2728,0.6932,0.2186,4.0133,1.2658,1,1,14.50,6.41,warning,3.00,,FULL_ANGLE
0,282.9508,t5145,LIDAR_ONLY,16.5975,16.5975,73.9817,57.3842,57.3842,77.5654,77.5654,0,0,14.50,6.41,drive,18.22,front,LIDAR_ONLY
0,283.0205,cam_3,CAM_ONLY,16.6042,,17.2728,0.6687,,3.8712,,1,,13.09,11.42,warning,3.00,,CAMERA_ONLY
0,283.0882,t5143,BOTH,16.6218,17.4887,17.2728,0.6510,0.2159,3.7690,1.2498,1,1,10.28,1.64,warning,2.95,,FULL_ANGLE
0,283.0882,t5145,LIDAR_ONLY,12.8647,12.8647,73.9817,61.1170,61.1170,82.6110,82.6110,0,0,10.28,1.64,cautious,25.65,front,LIDAR_ONLY
0,283.0882,t5145,LIDAR_ONLY,12.9446,12.9446,73.9817,61.0371,61.0371,82.5030,82.5030,0,0,10.28,1.64,cautious,18.31,front,LIDAR_ONLY
0,283.1697,cam_3,CAM_ONLY,16.6787,,17.2728,0.5941,,3.4397,,1,,20.19,11.54,warning,3.00,,CAMERA_ONLY
0,283.2356,cam_3,CAM_ONLY,16.6997,,17.2728,0.5731,,3.3182,,1,,10.54,1.84,warning,3.00,,CAMERA_ONLY
0,283.2356,t5152,LIDAR_ONLY,28.2167,28.2167,,,,,,,,10.54,1.84,drive,-29.33,front,LIDAR_ONLY
0,283.2981,cam_3,CAM_ONLY,16.7662,,17.2728,0.5067,,2.9333,,1,,10.32,5.90,warning,3.00,,CAMERA_ONLY
0,283.2981,t5145,LIDAR_ONLY,13.0075,13.0075,73.9817,60.9742,60.9742,82.4179,82.4179,0,0,10.32,5.90,cautious,18.46,front,LIDAR_ONLY
0,283.3811,cam_3,CAM_ONLY,16.8007,,17.2728,0.4721,,2.7331,,1,,17.16,4.87,warning,3.00,,CAMERA_ONLY
0,283.4557,cam_3,CAM_ONLY,16.6830,,17.2728,0.5898,,3.4147,,1,,12.01,9.84,warning,3.00,,CAMERA_ONLY
0,283.5219,cam_3,CAM_ONLY,16.6185,,17.2728,0.6543,,3.7883,,1,,11.44,4.23,warning,3.00,,CAMERA_ONLY
0,283.6079,cam_3,CAM_ONLY,16.7047,,17.2728,0.5681,,3.2891,,1,,14.90,11.12,warning,3.00,,CAMERA_ONLY
0,283.6713,cam_3,CAM_ONLY,16.7016,,17.2728,0.5712,,3.3072,,1,,10.68,2.47,warning,3.00,,CAMERA_ONLY
0,283.7306,cam_3,CAM_ONLY,16.7189,,17.2728,0.5539,,3.2069,,1,,9.48,3.01,warning,3.00,,CAMERA_ONLY
0,283.8065,cam_3,CAM_ONLY,16.7388,,17.2728,0.5340,,3.0915,,1,,12.97,10.70,warning,3.00,,CAMERA_ONLY
0,283.8735,cam_3,CAM_ONLY,16.7883,,17.2728,0.4846,,2.8053,,1,,13.79,3.99,warning,3.00,,CAMERA_ONLY
0,283.9463,t5167,BOTH,16.8278,17.5868,17.2728,0.4450,0.3140,2.5763,1.8179,1,1,13.79,6.31,warning,3.00,,FULL_ANGLE
0,284.0180,cam_3,CAM_ONLY,16.6782,,17.2728,0.5947,,3.4427,,1,,13.79,9.95,warning,3.00,,CAMERA_ONLY
0,284.0909,t5167,BOTH,16.6799,17.5127,17.2728,0.5929,0.2399,3.4327,1.3888,1,1,18.77,2.95,warning,3.00,,FULL_ANGLE
0,284.0909,t5169,LIDAR_ONLY,28.1736,28.1736,41.0172,12.8437,12.8437,31.3128,31.3128,0,0,18.77,2.95,drive,-29.62,front,LIDAR_ONLY
0,284.0909,t5170,LIDAR_ONLY,11.2322,11.2322,73.9817,62.7495,62.7495,84.8176,84.8176,0,0,18.77,2.95,cautious,25.82,front,LIDAR_ONLY
0,284.0909,t5170,LIDAR_ONLY,11.4455,11.4455,73.9817,62.5362,62.5362,84.5293,84.5293,0,0,18.77,2.95,cautious,19.60,front,LIDAR_ONLY
0,284.1808,cam_3,CAM_ONLY,16.7596,,17.2728,0.5133,,2.9717,,1,,12.99,4.04,warning,3.00,,CAMERA_ONLY
0,284.2607,cam_3,CAM_ONLY,16.6984,,17.2728,0.5745,,3.3259,,1,,15.14,10.03,warning,3.00,,CAMERA_ONLY
0,284.3284,cam_3,CAM_ONLY,16.6593,,17.2728,0.6136,,3.5522,,1,,12.67,2.89,warning,3.00,,CAMERA_ONLY
0,284.3284,t5169,LIDAR_ONLY,28.1841,28.1841,37.9157,9.7317,9.7317,25.6666,25.6666,0,0,12.67,2.89,drive,-29.29,front,LIDAR_ONLY
0,284.4251,cam_3,CAM_ONLY,16.6894,,17.2728,0.5835,,3.3779,,1,,21.71,13.76,warning,3.00,,CAMERA_ONLY
0,284.5013,cam_3,CAM_ONLY,16.7931,,17.2728,0.4797,,2.7774,,1,,10.72,8.41,warning,3.00,,CAMERA_ONLY
0,284.5013,t5177,LIDAR_ONLY,15.7140,15.7140,73.9817,58.2677,58.2677,78.7596,78.7596,0,0,10.72,8.41,drive,20.16,front,LIDAR_ONLY
0,284.5013,t5177,LIDAR_ONLY,15.9632,15.9632,73.9817,58.0185,58.0185,78.4228,78.4228,0,0,10.72,8.41,drive,18.19,front,LIDAR_ONLY
0,284.5706,cam_3,CAM_ONLY,16.6543,,17.2728,0.6186,,3.5811,,1,,10.05,8.07,warning,3.00,,CAMERA_ONLY
0,284.6395,t5179,BOTH,16.5941,17.6482,17.2728,0.6788,0.3754,3.9297,2.1732,1,1,11.38,3.88,warning,3.00,,FULL_ANGLE
0,284.6395,t5177,LIDAR_ONLY,16.0312,16.0312,73.9817,57.9505,57.9505,78.3309,78.3309,0,0,11.38,3.88,drive,20.38,front,LIDAR_ONLY
0,284.6395,t5179,LIDAR_ONLY,17.8806,17.8806,17.2728,0.6077,0.6077,3.5184,3.5184,1,1,11.38,3.88,drive,2.79,front,LIDAR_ONLY
0,284.6395,t5179,LIDAR_ONLY,17.8874,17.8874,17.2728,0.6146,0.6146,3.5582,3.5582,1,1,11.38,3.88,drive,5.01,front,LIDAR_ONLY
0,284.6395,t5177,LIDAR_ONLY,16.1682,16.1682,73.9817,57.8135,57.8135,78.1457,78.1457,0,0,11.38,3.88,drive,18.15,front,LIDAR_ONLY
0,284.7171,cam_3,CAM_ONLY,16.7824,,17.2728,0.4904,,2.8394,,1,,14.72,9.20,warning,3.00,,CAMERA_ONLY
0,284.7847,t5179,BOTH,16.7320,17.5826,17.2728,0.5409,0.3098,3.1312,1.7936,1,1,13.95,1.71,warning,3.00,,FULL_ANGLE
0,284.7847,t5180,LIDAR_ONLY,28.0893,28.0893,31.8000,3.7107,3.7107,11.6689,11.6689,0,0,13.95,1.71,drive,-29.54,front,LIDAR_ONLY
0,284.7847,t5177,LIDAR_ONLY,13.0432,13.0432,73.9817,60.9384,60.9384,82.3696,82.3696,0,0,13.95,1.71,cautious,24.31,front,LIDAR_ONLY
0,284.8598,cam_3,CAM_ONLY,16.6556,,17.2728,0.6173,,3.5737,,1,,13.09,10.36,warning,3.00,,CAMERA_ONLY
0,284.9330,cam_3,CAM_ONLY,16.6429,,17.2728,0.6300,,3.6473,,1,,17.99,3.08,warning,3.00,,CAMERA_ONLY
0,284.9882,t5179,BOTH,16.7066,17.5556,17.2728,0.5662,0.2827,3.2779,1.6369,1,1,9.80,1.29,warning,2.95,,FULL_ANGLE
0,284.9882,t5180,LIDAR_ONLY,28.0903,28.0903,,,,,,,,9.80,1.29,drive,-29.51,front,LIDAR_ONLY
0,284.9882,t5177,LIDAR_ONLY,13.0732,13.0732,73.9817,60.9085,60.9085,82.3292,82.3292,0,0,9.80,1.29,cautious,21.19,front,LIDAR_ONLY
0,284.9882,t5177,LIDAR_ONLY,13.0876,13.0876,73.9817,60.8941,60.8941,82.3097,82.3097,0,0,9.80,1.29,cautious,18.13,front,LIDAR_ONLY
0,285.0542,cam_3,CAM_ONLY,16.7175,,17.2728,0.5553,,3.2150,,1,,9.67,8.31,warning,3.00,,CAMERA_ONLY
0,285.1545,cam_3,CAM_ONLY,16.7131,,17.2728,0.5598,,3.2407,,1,,19.30,10.00,warning,3.00,,CAMERA_ONLY
0,285.2251,cam_3,CAM_ONLY,16.6816,,17.2728,0.5912,,3.4230,,1,,13.48,3.54,warning,3.00,,CAMERA_ONLY
0,285.2972,t5191,BOTH,16.7119,17.4462,17.2728,0.5609,0.1733,3.2474,1.0034,1,1,19.94,5.88,warning,3.00,,FULL_ANGLE
0,285.2972,t5190,LIDAR_ONLY,18.1366,18.1366,73.9817,55.8451,55.8451,75.4850,75.4850,0,0,19.94,5.88,drive,18.38,front,LIDAR_ONLY
0,285.4159,cam_3,CAM_ONLY,16.6106,,17.2728,0.6622,,3.8340,,1,,19.25,3.03,warning,3.00,,CAMERA_ONLY
0,285.5166,cam_3,CAM_ONLY,16.6935,,17.2728,0.5794,,3.3542,,1,,21.80,17.16,warning,3.00,,CAMERA_ONLY
0,285.5839,t5191,BOTH,16.7949,17.4365,17.2728,0.4779,0.1637,2.7670,0.9474,1,1,17.69,2.74,warning,3.00,,FULL_ANGLE
0,285.5839,t5194,LIDAR_ONLY,28.1127,28.1127,,,,,,,,17.69,2.74,drive,-29.60,front,LIDAR_ONLY
0,285.6597,cam_3,CAM_ONLY,16.6412,,17.2728,0.6316,,3.6567,,1,,15.94,11.40,warning,3.00,,CAMERA_ONLY
0,285.7259,cam_3,CAM_ONLY,16.6565,,17.2728,0.6163,,3.5681,,1,,11.32,3.56,warning,3.00,,CAMERA_ONLY
0,285.8036,cam_3,CAM_ONLY,16.6380,,17.2728,0.6349,,3.6756,,1,,15.96,8.32,warning,3.00,,CAMERA_ONLY
0,285.8036,t5200,LIDAR_ONLY,15.8121,15.8121,73.9817,58.1696,58.1696,78.6270,78.6270,0,0,15.96,8.32,drive,20.08,front,LIDAR_ONLY
0,285.8036,t5200,LIDAR_ONLY,16.0328,16.0328,73.9817,57.9489,57.9489,78.3287,78.3287,0,0,15.96,8.32,drive,18.46,front,LIDAR_ONLY
0,285.8710,cam_3,CAM_ONLY,16.6532,,17.2728,0.6197,,3.5876,,1,,17.24,3.16,warning,3.00,,CAMERA_ONLY
0,285.9492,t5203,BOTH,16.6869,17.4748,17.2728,0.5859,0.2020,3.3920,1.1694,1,1,18.76,5.58,warning,3.00,,FULL_ANGLE
0,286.0205,cam_3,CAM_ONLY,16.7715,,17.2728,0.5013,,2.9024,,1,,10.82,6.79,warning,3.00,,CAMERA_ONLY
0,286.1183,cam_3,CAM_ONLY,16.7648,,17.2728,0.5080,,2.9411,,1,,20.06,17.12,warning,3.00,,CAMERA_ONLY
0,286.2031,cam_3,CAM_ONLY,16.6808,,17.2728,0.5921,,3.4278,,1,,15.13,9.25,warning,3.00,,CAMERA_ONLY
0,286.2031,t5207,LIDAR_ONLY,16.2323,16.2323,73.9817,57.7494,57.7494,78.0591,78.0591,0,0,15.13,9.25,drive,19.73,front,LIDAR_ONLY
0,286.2031,t5207,LIDAR_ONLY,16.3962,16.3962,73.9817,57.5855,57.5855,77.8375,77.8375,0,0,15.13,9.25,drive,18.46,front,LIDAR_ONLY
0,286.2031,t5207,LIDAR_ONLY,16.5159,16.5159,73.9817,57.4658,57.4658,77.6757,77.6757,0,0,15.13,9.25,drive,18.88,front,LIDAR_ONLY
0,286.2761,cam_3,CAM_ONLY,16.7980,,17.2728,0.4749,,2.7493,,1,,16.26,3.53,warning,2.95,,CAMERA_ONLY
0,286.3333,cam_3,CAM_ONLY,16.6477,,17.2728,0.6251,,3.6191,,1,,9.23,1.85,warning,3.00,,CAMERA_ONLY
0,286.3333,t5210,LIDAR_ONLY,28.0989,28.0989,,,,,,,,9.23,1.85,drive,-29.65,front,LIDAR_ONLY
0,286.3937,t5214,BOTH,16.6455,17.4509,17.2728,0.6273,0.1781,3.6319,1.0309,1,1,9.48,2.54,warning,2.95,,FULL_ANGLE
0,286.3937,t5207,LIDAR_ONLY,16.7124,16.7124,73.9817,57.2692,57.2692,77.4100,77.4100,0,0,9.48,2.54,drive,18.56,front,LIDAR_ONLY
0,286.4736,cam_3,CAM_ONLY,16.6802,,17.2728,0.5927,,3.4313,,1,,18.80,9.05,warning,3.00,,CAMERA_ONLY
0,286.5455,t5214,BOTH,16.6866,17.4692,17.2728,0.5863,0.1964,3.3943,1.1370,1,1,12.95,5.47,warning,3.00,,FULL_ANGLE
0,286.5455,t5207,LIDAR_ONLY,16.8858,16.8858,73.9817,57.0959,57.0959,77.1757,77.1757,0,0,12.95,5.47,drive,18.78,front,LIDAR_ONLY
0,286.5455,t5207,LIDAR_ONLY,17.0385,17.0385,73.9817,56.9432,56.9432,76.9694,76.9694,0,0,12.95,5.47,drive,20.15,front,LIDAR_ONLY
0,286.6211,cam_3,CAM_ONLY,16.6882,,17.2728,0.5847,,3.3848,,1,,13.96,5.66,warning,2.95,,CAMERA_ONLY
0,286.6918,t5214,BOTH,16.6830,17.4781,17.2728,0.5899,0.2052,3.4151,1.1881,1,1,17.59,2.22,warning,3.00,,FULL_ANGLE
0,286.6918,t5207,LIDAR_ONLY,17.1605,17.1605,73.9817,56.8212,56.8212,76.8044,76.8044,0,0,17.59,2.22,drive,18.59,front,LIDAR_ONLY
0,286.7677,cam_3,CAM_ONLY,16.7013,,17.2728,0.5716,,3.3090,,1,,12.81,8.00,warning,3.00,,CAMERA_ONLY
0,286.8382,t5214,BOTH,16.7511,17.4824,17.2728,0.5217,0.2096,3.0204,1.2134,1,1,13.60,2.10,warning,3.00,,FULL_ANGLE
0,286.8382,t5220,LIDAR_ONLY,28.1146,28.1146,50.5051,22.3905,22.3905,44.3332,44.3332,0,0,13.60,2.10,drive,-29.57,front,LIDAR_ONLY
0,286.8382,t5221,LIDAR_ONLY,9.7680,9.7680,,,,,,,,13.60,2.10,cautious,29.66,front,LIDAR_ONLY
0,286.9066,cam_3,CAM_ONLY,16.7964,,17.2728,0.4765,,2.7585,,1,,10.69,10.43,warning,3.00,,CAMERA_ONLY
0,286.9853,t5214,BOTH,16.6869,17.4852,17.2728,0.5860,0.2123,3.3925,1.2292,1,1,16.61,1.91,warning,3.00,,FULL_ANGLE
0,286.9853,t5220,LIDAR_ONLY,28.1154,28.1154,47.8947,19.7793,19.7793,41.2974,41.2974,0,0,16.61,1.91,drive,-29.65,front,LIDAR_ONLY
0,287.0740,cam_3,CAM_ONLY,16.7798,,17.2728,0.4931,,2.8546,,1,,23.81,9.78,warning,3.00,,CAMERA_ONLY
0,287.1320,cam_3,CAM_ONLY,16.7753,,17.2728,0.4976,,2.8807,,1,,9.81,2.10,warning,3.00,,CAMERA_ONLY
0,287.1320,t5220,LIDAR_ONLY,28.1214,28.1214,45.6068,17.4853,17.4853,38.3394,38.3394,0,0,9.81,2.10,drive,-29.56,front,LIDAR_ONLY
0,287.1882,t5214,BOTH,16.5779,17.4891,17.2728,0.6949,0.2163,4.0233,1.2522,1,1,9.35,1.89,warning,3.00,,FULL_ANGLE
0,287.1882,t5227,LIDAR_ONLY,10.3583,10.3583,73.9817,63.6233,63.6233,85.9988,85.9988,0,0,9.35,1.89,cautious,28.00,front,LIDAR_ONLY
0,287.1882,t5227,LIDAR_ONLY,10.4134,10.4134,73.9817,63.5683,63.5683,85.9243,85.9243,0,0,9.35,1.89,cautious,18.41,front,LIDAR_ONLY
0,287.1882,t5227,LIDAR_ONLY,10.4774,10.4774,73.9817,63.5042,63.5042,85.8378,85.8378,0,0,9.35,1.89,cautious,19.03,front,LIDAR_ONLY
0,287.2687,cam_3,CAM_ONLY,16.7313,,17.2728,0.5415,,3.1352,,1,,15.10,8.12,warning,3.00,,CAMERA_ONLY
0,287.3330,t5214,BOTH,16.6035,17.4792,17.2728,0.6693,0.2064,3.8751,1.1949,1,1,14.01,1.28,warning,3.00,,FULL_ANGLE
0,287.3330,t5220,LIDAR_ONLY,28.1190,28.1190,42.1463,14.0273,14.0273,33.2824,33.2824,0,0,14.01,1.28,drive,-29.61,front,LIDAR_ONLY
0,287.4145,cam_3,CAM_ONLY,16.6006,,17.2728,0.6722,,3.8919,,1,,14.10,10.12,warning,3.00,,CAMERA_ONLY
0,287.4873,t5214,BOTH,16.6515,17.4820,17.2728,0.6214,0.2092,3.5973,1.2110,1,1,18.92,1.66,warning,3.00,,FULL_ANGLE
0,287.4873,t5220,LIDAR_ONLY,28.1213,28.1213,39.5773,11.4560,11.4560,28.9458,28.9458,0,0,18.92,1.66,drive,-29.79,front,LIDAR_ONLY
0,287.4873,t5230,LIDAR_ONLY,15.4717,15.4717,73.9817,58.5100,58.5100,79.0871,79.0871,0,0,18.92,1.66,drive,20.36,front,LIDAR_ONLY
0,287.4873,t5230,LIDAR_ONLY,15.5937,15.5937,73.9817,58.3880,58.3880,78.9222,78.9222,0,0,18.92,1.66,drive,19.02,front,LIDAR_ONLY
0,287.5672,cam_3,CAM_ONLY,16.6651,,17.2728,0.6077,,3.5185,,1,,18.87,10.92,warning,3.00,,CAMERA_ONLY
0,287.6415,t5214,BOTH,16.6820,17.4831,17.2728,0.5908,0.2102,3.4204,1.2170,1,1,18.75,3.64,warning,3.00,,FULL_ANGLE
0,287.6415,t5230,LIDAR_ONLY,15.4289,15.4289,73.9817,58.5528,58.5528,79.1450,79.1450,0,0,18.75,3.64,drive,20.65,front,LIDAR_ONLY
0,287.6415,t5230,LIDAR_ONLY,15.5042,15.5042,73.9817,58.4774,58.4774,79.0431,79.0431,0,0,18.75,3.64,drive,18.19,front,LIDAR_ONLY
0,287.7210,cam_3,CAM_ONLY,16.6289,,17.2728,0.6439,,3.7279,,1,,14.87,7.92,warning,3.00,,CAMERA_ONLY
0,287.7944,t5214,BOTH,16.7045,17.4828,17.2728,0.5683,0.2099,3.2902,1.2153,1,1,11.98,6.12,warning,3.00,,FULL_ANGLE
0,287.7944,t5230,LIDAR_ONLY,15.6720,15.6720,73.9817,58.3097,58.3097,78.8164,78.8164,0,0,11.98,6.12,drive,18.37,front,LIDAR_ONLY
0,287.7944,t5230,LIDAR_ONLY,15.7985,15.7985,73.9817,58.1831,58.1831,78.6453,78.6453,0,0,11.98,6.12,drive,20.32,front,LIDAR_ONLY
0,287.8646,cam_3,CAM_ONLY,16.7192,,17.2728,0.5536,,3.2052,,1,,13.26,8.86,warning,3.00,,CAMERA_ONLY
0,287.9327,t5214,BOTH,16.6489,17.4833,17.2728,0.6239,0.2104,3.6123,1.2184,1,1,12.25,1.82,warning,3.00,,FULL_ANGLE
0,288.0187,cam_3,CAM_ONLY,16.6964,,17.2728,0.5765,,3.3373,,1,,16.31,16.92,warning,3.00,,CAMERA_ONLY
0,288.0851,t5214,BOTH,16.6954,17.4900,17.2728,0.5774,0.2171,3.3429,1.2570,1,1,15.26,1.75,warning,3.00,,FULL_ANGLE
0,288.0851,t5240,LIDAR_ONLY,10.7517,10.7517,,,,,,,,15.26,1.75,cautious,27.21,front,LIDAR_ONLY
0,288.1674,cam_3,CAM_ONLY,16.6545,,17.2728,0.6184,,3.5800,,1,,17.79,13.88,warning,3.00,,CAMERA_ONLY
0,288.2341,t5214,BOTH,16.7279,17.4924,17.2728,0.5449,0.2195,3.1546,1.2709,1,1,14.11,1.27,warning,3.00,,FULL_ANGLE
0,288.2341,t5243,LIDAR_ONLY,28.1341,28.1341,,,,,,,,14.11,1.27,drive,-29.67,front,LIDAR_ONLY
0,288.3003,cam_3,CAM_ONLY,16.7036,,17.2728,0.5693,,3.2957,,1,,10.52,7.76,warning,3.00,,CAMERA_ONLY
0,288.3003,t5240,LIDAR_ONLY,10.8205,10.8205,73.9817,63.1611,63.1611,85.3740,85.3740,0,0,10.52,7.76,cautious,18.25,front,LIDAR_ONLY
0,288.3681,cam_3,CAM_ONLY,16.7364,,17.2728,0.5364,,3.1056,,1,,11.64,6.85,warning,3.00,,CAMERA_ONLY
0,288.4268,cam_3,CAM_ONLY,16.6453,,17.2728,0.6275,,3.6331,,1,,9.69,3.23,warning,3.00,,CAMERA_ONLY
0,288.5075,t5250,BOTH,16.6083,17.8829,17.2728,0.6645,0.6101,3.8472,3.5322,1,1,16.13,8.90,warning,3.00,,FULL_ANGLE
0,288.5075,t5240,LIDAR_ONLY,11.0021,11.0021,73.9817,62.9796,62.9796,85.1286,85.1286,0,0,16.13,8.90,cautious,18.78,front,LIDAR_ONLY
0,288.5075,t5250,LIDAR_ONLY,17.6028,17.6028,17.2728,0.3300,0.3300,1.9106,1.9106,1,1,16.13,8.90,drive,2.26,front,LIDAR_ONLY
0,288.5762,cam_3,CAM_ONLY,16.7137,,17.2728,0.5592,,3.2373,,1,,15.79,3.47,warning,3.00,,CAMERA_ONLY
0,288.6570,cam_3,CAM_ONLY,16.6625,,17.2728,0.6103,,3.5334,,1,,13.16,10.25,warning,3.00,,CAMERA_ONLY
0,288.7718,cam_3,CAM_ONLY,16.7004,,17.2728,0.5724,,3.3141,,1,,19.37,2.96,warning,3.00,,CAMERA_ONLY
0,288.8563,cam_3,CAM_ONLY,16.7017,,17.2728,0.5711,,3.3065,,1,,18.60,10.60,warning,3.00,,CAMERA_ONLY
0,288.8563,t5256,LIDAR_ONLY,16.3432,16.3432,73.9817,57.6385,57.6385,77.9091,77.9091,0,0,18.60,10.60,drive,19.65,front,LIDAR_ONLY
0,288.9377,t5259,BOTH,16.6991,17.4485,17.2728,0.5737,0.1757,3.3215,1.0172,1,1,17.45,3.08,warning,3.00,,FULL_ANGLE
0,288.9377,t5257,LIDAR_ONLY,28.2275,28.2275,,,,,,,,17.45,3.08,drive,-29.46,front,LIDAR_ONLY
0,289.0080,cam_3,CAM_ONLY,16.6392,,17.2728,0.6337,,3.6686,,1,,10.52,10.26,warning,3.00,,CAMERA_ONLY
0,289.0805,cam_3,CAM_ONLY,16.6879,,17.2728,0.5849,,3.3863,,1,,15.08,3.00,warning,3.00,,CAMERA_ONLY
0,289.0805,t5257,LIDAR_ONLY,28.1593,28.1593,,,,,,,,15.08,3.00,drive,-29.58,front,LIDAR_ONLY
0,289.1407,t5259,BOTH,16.7141,17.4470,17.2728,0.5587,0.1741,3.2348,1.0082,1,1,9.40,1.56,warning,3.00,,FULL_ANGLE
0,289.1407,t5262,LIDAR_ONLY,10.8641,10.8641,73.9817,63.1176,63.1176,85.3151,85.3151,0,0,9.40,1.56,cautious,26.69,front,LIDAR_ONLY
0,289.1407,t5262,LIDAR_ONLY,10.9866,10.9866,73.9817,62.9951,62.9951,85.1495,85.1495,0,0,9.40,1.56,cautious,18.33,front,LIDAR_ONLY
0,289.1407,t5262,LIDAR_ONLY,11.1292,11.1292,73.9817,62.8525,62.8525,84.9569,84.9569,0,0,9.40,1.56,cautious,19.87,front,LIDAR_ONLY
0,289.2068,cam_3,CAM_ONLY,16.6723,,17.2728,0.6006,,3.4769,,1,,10.41,10.31,warning,3.00,,CAMERA_ONLY
0,289.2732,cam_3,CAM_ONLY,16.6912,,17.2728,0.5817,,3.3676,,1,,13.82,2.97,warning,3.00,,CAMERA_ONLY
0,289.3503,cam_3,CAM_ONLY,16.7222,,17.2728,0.5507,,3.1881,,1,,17.82,7.69,warning,3.00,,CAMERA_ONLY
0,289.3503,t5262,LIDAR_ONLY,11.2689,11.2689,73.9817,62.7128,62.7128,84.7680,84.7680,0,0,17.82,7.69,cautious,18.24,front,LIDAR_ONLY
0,289.4231,cam_3,CAM_ONLY,16.7134,,17.2728,0.5595,,3.2390,,1,,16.06,5.78,warning,3.00,,CAMERA_ONLY
0,289.5189,cam_3,CAM_ONLY,16.6568,,17.2728,0.6160,,3.5665,,1,,14.64,19.69,warning,3.00,,CAMERA_ONLY
0,289.6044,cam_3,CAM_ONLY,16.7710,,17.2728,0.5018,,2.9051,,1,,18.60,11.99,warning,3.00,,CAMERA_ONLY
0,289.6885,t5275,BOTH,16.6808,17.8860,17.2728,0.5920,0.6131,3.4276,3.5498,1,1,19.50,3.20,warning,3.00,,FULL_ANGLE
0,289.6885,t5271,LIDAR_ONLY,28.1080,28.1080,,,,,,,,19.50,3.20,drive,-29.50,front,LIDAR_ONLY
0,289.6885,t5272,LIDAR_ONLY,11.0320,11.0320,73.9817,62.9497,62.9497,85.0882,85.0882,0,0,19.50,3.20,cautious,26.30,front,LIDAR_ONLY
0,289.6885,t5272,LIDAR_ONLY,11.1059,11.1059,73.9817,62.8758,62.8758,84.9883,84.9883,0,0,19.50,3.20,cautious,18.11,front,LIDAR_ONLY
0,289.6885,t5272,LIDAR_ONLY,11.2641,11.2641,73.9817,62.7176,62.7176,84.7744,84.7744,0,0,19.50,3.20,cautious,19.65,front,LIDAR_ONLY
0,289.6885,t5275,LIDAR_ONLY,17.6456,17.6456,17.2728,0.3728,0.3728,2.1581,2.1581,1,1,19.50,3.20,drive,3.97,front,LIDAR_ONLY
0,289.7626,cam_3,CAM_ONLY,16.6661,,17.2728,0.6067,,3.5125,,1,,12.52,9.38,warning,3.00,,CAMERA_ONLY
0,289.8209,cam_3,CAM_ONLY,16.7189,,17.2728,0.5539,,3.2070,,1,,10.06,2.56,warning,3.00,,CAMERA_ONLY
0,289.8835,t5275,BOTH,16.7846,17.5443,17.2728,0.4882,0.2715,2.8266,1.5715,1,1,12.25,1.30,warning,3.00,,FULL_ANGLE
0,289.8835,t5271,LIDAR_ONLY,28.1081,28.1081,,,,,,,,12.25,1.30,drive,-29.62,front,LIDAR_ONLY
0,289.9509,cam_3,CAM_ONLY,16.5843,,17.2728,0.6886,,3.9865,,1,,9.29,6.58,warning,3.00,,CAMERA_ONLY
0,289.9509,t5280,LIDAR_ONLY,17.8877,17.8877,73.9817,56.0940,56.0940,75.8214,75.8214,0,0,9.29,6.58,drive,18.54,front,LIDAR_ONLY
0,289.9509,t5280,LIDAR_ONLY,16.7645,16.7645,73.9817,57.2172,57.2172,77.3397,77.3397,0,0,9.29,6.58,drive,20.15,front,LIDAR_ONLY
0,290.0204,cam_3,CAM_ONLY,16.6118,,17.2728,0.6611,,3.8272,,1,,9.84,5.39,warning,3.00,,CAMERA_ONLY
0,290.1019,cam_3,CAM_ONLY,16.7733,,17.2728,0.4996,,2.8922,,1,,16.52,9.51,warning,3.00,,CAMERA_ONLY
0,290.1019,t5280,LIDAR_ONLY,16.8718,16.8718,73.9817,57.1099,57.1099,77.1947,77.1947,0,0,16.52,9.51,drive,18.37,front,LIDAR_ONLY
0,290.1019,t5280,LIDAR_ONLY,16.8880,16.8880,73.9817,57.0937,57.0937,77.1728,77.1728,0,0,16.52,9.51,drive,19.75,front,LIDAR_ONLY
0,290.2128,cam_3,CAM_ONLY,16.7957,,17.2728,0.4772,,2.7626,,1,,17.66,15.71,warning,3.00,,CAMERA_ONLY
0,290.2128,t5280,LIDAR_ONLY,16.9268,16.9268,73.9817,57.0548,57.0548,77.1202,77.1202,0,0,17.66,15.71,drive,18.92,front,LIDAR_ONLY
0,290.2128,t5280,LIDAR_ONLY,16.6683,16.6683,73.9817,57.3134,57.3134,77.4697,77.4697,0,0,17.66,15.71,drive,20.10,front,LIDAR_ONLY
0,290.2759,cam_3,CAM_ONLY,16.7685,,17.2728,0.5043,,2.9197,,1,,14.08,3.48,warning,3.00,,CAMERA_ONLY
0,290.3387,t5286,BOTH,16.6966,17.4796,17.2728,0.5762,0.2067,3.3361,1.1968,1,1,15.84,2.64,warning,3.00,,FULL_ANGLE
0,290.3387,t5280,LIDAR_ONLY,16.8213,16.8213,73.9817,57.1604,57.1604,77.2629,77.2629,0,0,15.84,2.64,drive,18.39,front,LIDAR_ONLY
0,290.4089,cam_3,CAM_ONLY,16.6090,,17.2728,0.6638,,3.8432,,1,,10.57,9.48,warning,3.00,,CAMERA_ONLY
0,290.4696,cam_3,CAM_ONLY,16.7223,,17.2728,0.5505,,3.1870,,1,,9.21,3.14,warning,3.00,,CAMERA_ONLY
0,290.5295,cam_3,CAM_ONLY,16.6978,,17.2728,0.5750,,3.3291,,1,,9.51,3.86,warning,3.00,,CAMERA_ONLY
0,290.6064,cam_3,CAM_ONLY,16.7479,,17.2728,0.5250,,3.0394,,1,,11.50,10.69,warning,3.00,,CAMERA_ONLY
0,290.6742,cam_3,CAM_ONLY,16.7259,,17.2728,0.5470,,3.1667,,1,,12.64,3.51,warning,3.00,,CAMERA_ONLY
0,290.7339,cam_3,CAM_ONLY,16.7151,,17.2728,0.5577,,3.2290,,1,,10.30,1.86,warning,3.00,,CAMERA_ONLY
0,290.8147,cam_3,CAM_ONLY,16.8194,,17.2728,0.4534,,2.6251,,1,,14.78,13.79,warning,3.00,,CAMERA_ONLY
0,290.8777,cam_3,CAM_ONLY,16.8153,,17.2728,0.4575,,2.6488,,1,,13.33,3.16,warning,3.00,,CAMERA_ONLY
0,290.9513,cam_3,CAM_ONLY,16.6223,,17.2728,0.6506,,3.7664,,1,,19.20,6.97,warning,3.00,,CAMERA_ONLY
0,290.9513,t5298,LIDAR_ONLY,18.2746,18.2746,73.9817,55.7071,55.7071,75.2985,75.2985,0,0,19.20,6.97,drive,18.30,front,LIDAR_ONLY
0,291.0208,cam_3,CAM_ONLY,16.6683,,17.2728,0.6045,,3.4998,,1,,15.67,3.20,warning,3.00,,CAMERA_ONLY
0,291.0927,t5300,BOTH,16.6810,17.4730,17.2728,0.5918,0.2002,3.4264,1.1590,1,1,14.24,3.20,warning,3.00,,FULL_ANGLE
0,291.0927,t5298,LIDAR_ONLY,17.9410,17.9410,73.9817,56.0407,56.0407,75.7494,75.7494,0,0,14.24,3.20,drive,18.63,front,LIDAR_ONLY
0,291.1604,cam_3,CAM_ONLY,16.7387,,17.2728,0.5341,,3.0923,,1,,15.25,8.73,warning,3.00,,CAMERA_ONLY
0,291.2313,cam_3,CAM_ONLY,16.7300,,17.2728,0.5428,,3.1427,,1,,17.89,3.75,warning,3.00,,CAMERA_ONLY
0,291.3174,cam_3,CAM_ONLY,16.7162,,17.2728,0.5566,,3.2225,,1,,19.08,7.83,warning,3.00,,CAMERA_ONLY
0,291.3893,t5305,BOTH,16.6563,17.4943,17.2728,0.6166,0.2215,3.5697,1.2822,1,1,16.27,2.55,warning,3.00,,FULL_ANGLE
0,291.3893,t5303,LIDAR_ONLY,28.0893,28.0893,,,,,,,,16.27,2.55,drive,-29.76,front,LIDAR_ONLY
0,291.4603,cam_3,CAM_ONLY,16.6494,,17.2728,0.6234,,3.6094,,1,,17.50,9.64,warning,3.00,,CAMERA_ONLY
0,291.5276,t5305,BOTH,16.7190,17.4677,17.2728,0.5538,0.1948,3.2063,1.1279,1,1,10.26,1.29,warning,3.00,,FULL_ANGLE
0,291.5932,t5305,BOTH,16.6814,17.4582,17.2728,0.5914,0.1854,3.4239,1.0733,1,1,17.81,4.11,warning,3.00,,FULL_ANGLE
0,291.5932,t5308,LIDAR_ONLY,17.4377,17.4377,73.9817,56.5440,56.5440,76.4297,76.4297,0,0,17.81,4.11,drive,18.84,front,LIDAR_ONLY
0,291.5932,t5305,LIDAR_ONLY,17.4648,17.4648,17.2728,0.1920,0.1920,1.1113,1.1113,1,1,17.81,4.11,drive,0.40,front,LIDAR_ONLY
0,291.6786,cam_3,CAM_ONLY,16.7252,,17.2728,0.5476,,3.1703,,1,,20.78,9.81,warning,3.00,,CAMERA_ONLY
0,291.7574,cam_3,CAM_ONLY,16.7032,,17.2728,0.5696,,3.2976,,1,,14.83,12.20,warning,3.00,,CAMERA_ONLY
0,291.8206,cam_3,CAM_ONLY,16.6855,,17.2728,0.5873,,3.4002,,1,,13.06,3.01,warning,3.00,,CAMERA_ONLY
0,291.8899,t5316,BOTH,16.7020,17.4581,17.2728,0.5709,0.1853,3.3051,1.0727,1,1,15.78,3.04,warning,3.00,,FULL_ANGLE
0,291.8899,t5313,LIDAR_ONLY,28.1089,28.1089,,,,,,,,15.78,3.04,drive,-29.62,front,LIDAR_ONLY
0,291.8899,t5314,LIDAR_ONLY,13.2070,13.2070,73.9817,60.7747,60.7747,82.1483,82.1483,0,0,15.78,3.04,cautious,22.67,front,LIDAR_ONLY
0,291.8899,t5314,LIDAR_ONLY,13.4097,13.4097,73.9817,60.5720,60.5720,81.8743,81.8743,0,0,15.78,3.04,cautious,20.05,front,LIDAR_ONLY
0,291.8899,t5314,LIDAR_ONLY,13.6976,13.6976,73.9817,60.2841,60.2841,81.4851,81.4851,0,0,15.78,3.04,cautious,18.53,front,LIDAR_ONLY
0,291.9627,cam_3,CAM_ONLY,16.7855,,17.2728,0.4874,,2.8215,,1,,16.45,9.26,warning,3.00,,CAMERA_ONLY
0,292.0472,t5316,BOTH,16.7169,17.4499,17.2728,0.5560,0.1771,3.2187,1.0250,1,1,10.30,6.53,warning,3.00,,FULL_ANGLE
0,292.1177,cam_3,CAM_ONLY,16.7112,,17.2728,0.5616,,3.2515,,1,,13.35,8.05,warning,3.00,,CAMERA_ONLY
0,292.1937,t5316,BOTH,16.8178,17.4505,17.2728,0.4550,0.1777,2.6344,1.0286,1,1,18.56,3.59,warning,3.00,,FULL_ANGLE
0,292.2675,cam_3,CAM_ONLY,16.8250,,17.2728,0.4479,,2.5929,,1,,11.68,8.66,warning,3.00,,CAMERA_ONLY
0,292.3357,t5316,BOTH,16.7800,17.4528,17.2728,0.4928,0.1800,2.8533,1.0421,1,1,13.01,1.24,warning,3.00,,FULL_ANGLE
0,292.3357,t5320,LIDAR_ONLY,28.1399,28.1399,,,,,,,,13.01,1.24,drive,-29.52,front,LIDAR_ONLY
0,292.3357,t5321,LIDAR_ONLY,16.8041,16.8041,73.9817,57.1775,57.1775,77.2861,77.2861,0,0,13.01,1.24,drive,19.29,front,LIDAR_ONLY
0,292.3953,cam_3,CAM_ONLY,16.6965,,17.2728,0.5764,,3.3369,,1,,9.62,4.54,warning,3.00,,CAMERA_ONLY
0,292.3953,t5321,LIDAR_ONLY,16.2081,16.2081,73.9817,57.7736,57.7736,78.0918,78.0918,0,0,9.62,4.54,drive,20.40,front,LIDAR_ONLY
0,292.3953,t5321,LIDAR_ONLY,16.3606,16.3606,73.9817,57.6211,57.6211,77.8856,77.8856,0,0,9.62,4.54,drive,18.54,front,LIDAR_ONLY
0,292.4639,cam_3,CAM_ONLY,16.6268,,17.2728,0.6460,,3.7402,,1,,9.40,10.53,warning,3.00,,CAMERA_ONLY
0,292.5294,cam_3,CAM_ONLY,16.6701,,17.2728,0.6027,,3.4894,,1,,13.27,3.80,warning,3.00,,CAMERA_ONLY
0,292.5870,t5328,BOTH,16.7152,17.8847,17.2728,0.5577,0.6118,3.2287,3.5421,1,1,9.17,1.71,warning,3.00,,FULL_ANGLE
0,292.5870,t5328,LIDAR_ONLY,17.6243,17.6243,17.2728,0.3514,0.3514,2.0345,2.0345,1,1,9.17,1.71,drive,1.84,front,LIDAR_ONLY
0,292.6468,cam_3,CAM_ONLY,16.7720,,17.2728,0.5009,,2.8997,,1,,10.45,4.86,warning,3.00,,CAMERA_ONLY
0,292.6468,t5330,LIDAR_ONLY,18.3471,18.3471,73.9817,55.6346,55.6346,75.2005,75.2005,0,0,10.45,4.86,drive,18.25,front,LIDAR_ONLY
0,292.6468,t5330,LIDAR_ONLY,16.7165,16.7165,73.9817,57.2652,57.2652,77.4045,77.4045,0,0,10.45,4.86,drive,19.72,front,LIDAR_ONLY
0,292.7226,cam_3,CAM_ONLY,16.6726,,17.2728,0.6003,,3.4752,,1,,10.47,8.62,warning,3.00,,CAMERA_ONLY
0,292.8024,t5328,BOTH,16.6635,17.5713,17.2728,0.6094,0.2984,3.5278,1.7277,1,1,17.07,7.89,warning,3.00,,FULL_ANGLE
0,292.8718,cam_3,CAM_ONLY,16.6963,,17.2728,0.5765,,3.3378,,1,,13.79,3.14,warning,3.00,,CAMERA_ONLY
0,292.9310,cam_3,CAM_ONLY,16.7442,,17.2728,0.5286,,3.0604,,1,,9.13,2.91,warning,3.00,,CAMERA_ONLY
0,293.0040,cam_3,CAM_ONLY,16.6543,,17.2728,0.6186,,3.5811,,1,,14.15,9.50,warning,3.00,,CAMERA_ONLY
0,293.1054,t5339,BOTH,16.7385,17.4810,17.2728,0.5344,0.2081,3.0938,1.2049,1,1,18.07,10.44,warning,3.00,,FULL_ANGLE
0,293.1054,t5338,LIDAR_ONLY,17.8485,17.8485,73.9817,56.1332,56.1332,75.8745,75.8745,0,0,18.07,10.44,drive,18.57,front,LIDAR_ONLY
0,293.1054,t5338,LIDAR_ONLY,17.1582,17.1582,73.9817,56.8235,56.8235,76.8075,76.8075,0,0,18.07,10.44,drive,19.87,front,LIDAR_ONLY
0,293.1743,cam_3,CAM_ONLY,16.7330,,17.2728,0.5398,,3.1254,,1,,17.34,3.01,warning,3.00,,CAMERA_ONLY
0,293.2394,t5339,BOTH,16.6767,17.4595,17.2728,0.5961,0.1867,3.4511,1.0806,1,1,11.00,1.71,warning,3.00,,FULL_ANGLE
0,293.2394,t5338,LIDAR_ONLY,11.4166,11.4166,73.9817,62.5651,62.5651,84.5683,84.5683,0,0,11.00,1.71,cautious,27.10,front,LIDAR_ONLY
0,293.2394,t5338,LIDAR_ONLY,11.5704,11.5704,73.9817,62.4113,62.4113,84.3604,84.3604,0,0,11.00,1.71,cautious,20.12,front,LIDAR_ONLY
0,293.2394,t5338,LIDAR_ONLY,11.7055,11.7055,73.9817,62.2762,62.2762,84.1779,84.1779,0,0,11.00,1.71,cautious,18.67,front,LIDAR_ONLY
0,293.3126,cam_3,CAM_ONLY,16.6577,,17.2728,0.6151,,3.5612,,1,,19.38,8.97,warning,3.00,,CAMERA_ONLY
0,293.3807,cam_3,CAM_ONLY,16.6210,,17.2728,0.6518,,3.7735,,1,,12.23,2.76,warning,2.95,,CAMERA_ONLY
0,293.4535,cam_3,CAM_ONLY,16.6980,,17.2728,0.5748,,3.3279,,1,,15.77,8.22,warning,3.00,,CAMERA_ONLY
0,293.4535,t5338,LIDAR_ONLY,11.7705,11.7705,73.9817,62.2111,62.2111,84.0899,84.0899,0,0,15.77,8.22,cautious,18.63,front,LIDAR_ONLY
0,293.5211,cam_3,CAM_ONLY,16.6795,,17.2728,0.5933,,3.4349,,1,,13.83,3.04,warning,3.00,,CAMERA_ONLY
0,293.5822,cam_3,CAM_ONLY,16.7096,,17.2728,0.5632,,3.2609,,1,,9.87,2.80,warning,3.00,,CAMERA_ONLY
0,293.6656,cam_3,CAM_ONLY,16.8244,,17.2728,0.4485,,2.5963,,1,,14.67,10.68,warning,3.00,,CAMERA_ONLY
0,293.7325,cam_3,CAM_ONLY,16.7356,,17.2728,0.5373,,3.1104,,1,,17.90,1.64,warning,3.00,,CAMERA_ONLY
0,293.7325,t5349,LIDAR_ONLY,28.1663,28.1663,,,,,,,,17.90,1.64,drive,-29.57,front,LIDAR_ONLY
0,293.8131,cam_3,CAM_ONLY,16.7797,,17.2728,0.4931,,2.8548,,1,,13.91,13.71,warning,3.00,,CAMERA_ONLY
0,293.8753,cam_3,CAM_ONLY,16.6673,,17.2728,0.6056,,3.5058,,1,,9.26,6.14,warning,3.00,,CAMERA_ONLY
0,293.9591,cam_3,CAM_ONLY,16.6911,,17.2728,0.5818,,3.3681,,1,,18.12,11.40,warning,3.00,,CAMERA_ONLY
0,294.0263,cam_3,CAM_ONLY,16.8000,,17.2728,0.4729,,2.7377,,1,,13.79,3.46,warning,3.00,,CAMERA_ONLY
0,294.0900,t5356,BOTH,16.7040,17.4416,17.2728,0.5688,0.1688,3.2932,0.9770,1,1,19.06,2.15,warning,3.00,,FULL_ANGLE
0,294.0900,t5355,LIDAR_ONLY,18.1713,18.1713,73.9817,55.8104,55.8104,75.4381,75.4381,0,0,19.06,2.15,drive,18.36,front,LIDAR_ONLY
0,294.1660,cam_3,CAM_ONLY,16.6225,,17.2728,0.6504,,3.7654,,1,,12.65,7.88,warning,3.00,,CAMERA_ONLY
0,294.2342,t5356,BOTH,16.7599,17.4480,17.2728,0.5129,0.1752,2.9694,1.0141,1,1,14.51,1.22,warning,3.00,,FULL_ANGLE
0,294.2342,t5358,LIDAR_ONLY,28.1728,28.1728,,,,,,,,14.51,1.22,drive,-29.44,front,LIDAR_ONLY
0,294.2342,t5355,LIDAR_ONLY,18.1733,18.1733,73.9817,55.8083,55.8083,75.4353,75.4353,0,0,14.51,1.22,drive,18.35,front,LIDAR_ONLY
0,294.3101,cam_3,CAM_ONLY,16.6112,,17.2728,0.6617,,3.8307,,1,,14.48,11.77,warning,3.00,,CAMERA_ONLY
0,294.3743,cam_3,CAM_ONLY,16.6092,,17.2728,0.6636,,3.8420,,1,,15.36,3.28,warning,3.00,,CAMERA_ONLY
0,294.4329,cam_3,CAM_ONLY,16.6380,,17.2728,0.6349,,3.6756,,1,,10.31,1.73,warning,3.00,,CAMERA_ONLY
0,294.4329,t5358,LIDAR_ONLY,28.1145,28.1145,,,,,,,,10.31,1.73,drive,-29.71,front,LIDAR_ONLY
0,294.5085,cam_3,CAM_ONLY,16.6944,,17.2728,0.5784,,3.3488,,1,,12.87,12.64,warning,3.00,,CAMERA_ONLY
0,294.5811,t5365,BOTH,16.6473,17.4489,17.2728,0.6255,0.1761,3.6214,1.0195,1,1,21.01,1.33,warning,3.00,,FULL_ANGLE
0,294.5811,t5358,LIDAR_ONLY,28.0922,28.0922,,,,,,,,21.01,1.33,drive,-29.73,front,LIDAR_ONLY
0,294.6694,cam_3,CAM_ONLY,16.7081,,17.2728,0.5647,,3.2693,,1,,18.54,18.50,warning,3.00,,CAMERA_ONLY
0,294.7341,t5365,BOTH,16.6421,17.4515,17.2728,0.6308,0.1787,3.6518,1.0345,1,1,10.45,1.18,warning,3.00,,FULL_ANGLE
0,294.7341,t5358,LIDAR_ONLY,28.0933,28.0933,,,,,,,,10.45,1.18,drive,-29.52,front,LIDAR_ONLY
0,294.8015,cam_3,CAM_ONLY,16.6922,,17.2728,0.5807,,3.3617,,1,,9.33,6.87,warning,3.00,,CAMERA_ONLY
0,294.8015,t5367,LIDAR_ONLY,18.1617,18.1617,73.9817,55.8200,55.8200,75.4511,75.4511,0,0,9.33,6.87,drive,18.37,front,LIDAR_ONLY
0,294.8711,cam_3,CAM_ONLY,16.7195,,17.2728,0.5533,,3.2035,,1,,9.98,7.78,warning,3.00,,CAMERA_ONLY
0,294.9330,cam_3,CAM_ONLY,16.7965,,17.2728,0.4763,,2.7575,,1,,9.56,3.33,warning,3.00,,CAMERA_ONLY
0,295.0113,cam_3,CAM_ONLY,16.6820,,17.2728,0.5909,,3.4209,,1,,13.75,9.80,warning,3.00,,CAMERA_ONLY
0,295.0876,t5374,BOTH,16.7969,17.4880,17.2728,0.4759,0.2152,2.7554,1.2458,1,1,12.60,1.49,warning,3.00,,FULL_ANGLE
0,295.0876,t5372,LIDAR_ONLY,28.1678,28.1678,,,,,,,,12.60,1.49,drive,-29.53,front,LIDAR_ONLY
0,295.1627,cam_3,CAM_ONLY,16.7086,,17.2728,0.5642,,3.2665,,1,,10.93,9.79,warning,3.00,,CAMERA_ONLY
0,295.2689,cam_3,CAM_ONLY,16.7216,,17.2728,0.5512,,3.1911,,1,,13.04,9.76,warning,3.00,,CAMERA_ONLY
0,295.3499,t5374,BOTH,16.7009,17.4853,17.2728,0.5720,0.2125,3.3113,1.2300,1,1,15.17,6.96,warning,3.00,,FULL_ANGLE
0,295.4220,cam_3,CAM_ONLY,16.6963,,17.2728,0.5765,,3.3379,,1,,15.50,2.96,warning,3.00,,CAMERA_ONLY
0,295.4815,cam_3,CAM_ONLY,16.7950,,17.2728,0.4779,,2.7667,,1,,10.57,1.83,warning,3.00,,CAMERA_ONLY
0,295.5453,t5374,BOTH,16.6554,17.4748,17.2728,0.6174,0.2020,3.5745,1.1694,1,1,11.33,4.44,warning,3.00,,FULL_ANGLE
0,295.5453,t5382,LIDAR_ONLY,14.5831,14.5831,73.9817,59.3986,59.3986,80.2883,80.2883,0,0,11.33,4.44,cautious,21.18,front,LIDAR_ONLY
0,295.5453,t5382,LIDAR_ONLY,15.1408,15.1408,73.9817,58.8409,58.8409,79.5344,79.5344,0,0,11.33,4.44,cautious,18.44,front,LIDAR_ONLY
0,295.5453,t5382,LIDAR_ONLY,15.4876,15.4876,73.9817,58.4941,58.4941,79.0656,79.0656,0,0,11.33,4.44,cautious,19.89,front,LIDAR_ONLY
0,295.6228,cam_3,CAM_ONLY,16.6943,,17.2728,0.5785,,3.3491,,1,,16.94,5.26,warning,3.00,,CAMERA_ONLY
0,295.6987,cam_3,CAM_ONLY,16.6598,,17.2728,0.6130,,3.5490,,1,,12.16,7.83,warning,3.00,,CAMERA_ONLY
0,295.6987,t5382,LIDAR_ONLY,15.8252,15.8252,73.9817,58.1565,58.1565,78.6093,78.6093,0,0,12.16,7.83,drive,18.07,front,LIDAR_ONLY
0,295.7711,cam_3,CAM_ONLY,16.7352,,17.2728,0.5376,,3.1126,,1,,14.35,4.84,warning,3.00,,CAMERA_ONLY
0,295.8285,cam_3,CAM_ONLY,16.6833,,17.2728,0.5896,,3.4132,,1,,9.51,3.06,warning,3.00,,CAMERA_ONLY
0,295.8950,t5386,BOTH,16.7200,17.4341,17.2728,0.5529,0.1613,3.2008,0.9336,1,1,13.20,5.60,warning,3.00,,FULL_ANGLE
0,295.9596,cam_3,CAM_ONLY,16.7299,,17.2728,0.5429,,3.1433,,1,,10.22,9.76,warning,3.00,,CAMERA_ONLY
0,296.0277,cam_3,CAM_ONLY,16.7815,,17.2728,0.4914,,2.8447,,1,,17.89,3.50,warning,3.00,,CAMERA_ONLY
0,296.0885,cam_3,CAM_ONLY,16.6735,,17.2728,0.5993,,3.4698,,1,,12.56,2.48,warning,3.00,,CAMERA_ONLY
0,296.0885,t5391,LIDAR_ONLY,28.1463,28.1463,,,,,,,,12.56,2.48,drive,-29.46,front,LIDAR_ONLY
0,296.1654,cam_3,CAM_ONLY,16.6426,,17.2728,0.6302,,3.6487,,1,,12.72,8.80,warning,3.00,,CAMERA_ONLY
0,296.2335,t5394,BOTH,16.6898,17.5406,17.2728,0.5831,0.2677,3.3756,1.5500,1,1,14.33,1.50,warning,3.00,,FULL_ANGLE
0,296.2335,t5391,LIDAR_ONLY,28.1475,28.1475,,,,,,,,14.33,1.50,drive,-29.54,front,LIDAR_ONLY
0,296.3189,cam_3,CAM_ONLY,16.6149,,17.2728,0.6579,,3.8091,,1,,19.92,8.11,warning,3.00,,CAMERA_ONLY
0,296.3948,t5394,BOTH,16.6587,17.5415,17.2728,0.6142,0.2687,3.5557,1.5554,1,1,16.92,4.41,warning,3.00,,FULL_ANGLE
0,296.3948,t5396,LIDAR_ONLY,18.1646,18.1646,73.9817,55.8171,55.8171,75.4471,75.4471,0,0,16.92,4.41,drive,18.37,front,LIDAR_ONLY
0,296.4677,cam_3,CAM_ONLY,16.6729,,17.2728,0.6000,,3.4736,,1,,18.50,6.77,warning,3.00,,CAMERA_ONLY
0,296.5325,cam_3,CAM_ONLY,16.7481,,17.2728,0.5248,,3.0381,,1,,12.03,2.71,warning,3.00,,CAMERA_ONLY
0,296.5325,t5398,LIDAR_ONLY,28.0912,28.0912,,,,,,,,12.03,2.71,drive,-29.56,front,LIDAR_ONLY
0,296.6200,cam_3,CAM_ONLY,16.7462,,17.2728,0.5266,,3.0490,,1,,16.42,9.96,warning,3.00,,CAMERA_ONLY
0,296.7081,cam_3,CAM_ONLY,16.6456,,17.2728,0.6272,,3.6314,,1,,17.73,9.57,warning,3.00,,CAMERA_ONLY
0,296.7792,cam_3,CAM_ONLY,16.7387,,17.2728,0.5341,,3.0923,,1,,12.11,2.80,warning,3.00,,CAMERA_ONLY
0,296.7792,t5398,LIDAR_ONLY,28.1014,28.1014,,,,,,,,12.11,2.80,drive,-29.66,front,LIDAR_ONLY
0,296.8623,cam_3,CAM_ONLY,16.6437,,17.2728,0.6291,,3.6422,,1,,17.05,9.06,warning,3.00,,CAMERA_ONLY
0,296.9350,cam_3,CAM_ONLY,16.7632,,17.2728,0.5096,,2.9503,,1,,16.17,2.12,warning,3.00,,CAMERA_ONLY
0,296.9350,t5398,LIDAR_ONLY,28.1038,28.1038,,,,,,,,16.17,2.12,drive,-29.58,front,LIDAR_ONLY
0,297.0121,cam_3,CAM_ONLY,16.5713,,17.2728,0.7015,,4.0614,,1,,13.65,9.68,warning,3.00,,CAMERA_ONLY
0,297.0853,t5405,BOTH,16.6091,17.4346,17.2728,0.6637,0.1617,3.8425,0.9362,1,1,16.59,1.26,warning,3.00,,FULL_ANGLE
0,297.0853,t5398,LIDAR_ONLY,28.0849,28.0849,,,,,,,,16.59,1.26,drive,-29.77,front,LIDAR_ONLY
0,297.1660,cam_3,CAM_ONLY,16.6605,,17.2728,0.6123,,3.5451,,1,,16.25,11.26,warning,3.00,,CAMERA_ONLY
0,297.2370,t5405,BOTH,16.6682,17.4406,17.2728,0.6046,0.1678,3.5005,0.9712,1,1,16.20,2.04,warning,3.00,,FULL_ANGLE
0,297.2370,t5398,LIDAR_ONLY,28.0851,28.0851,,,,,,,,16.20,2.04,drive,-29.67,front,LIDAR_ONLY
0,297.2370,t5407,LIDAR_ONLY,10.1401,10.1401,73.9817,63.8416,63.8416,86.2938,86.2938,0,0,16.20,2.04,cautious,28.53,front,LIDAR_ONLY
0,297.2370,t5407,LIDAR_ONLY,10.2422,10.2422,73.9817,63.7395,63.7395,86.1558,86.1558,0,0,16.20,2.04,cautious,18.55,front,LIDAR_ONLY
0,297.2370,t5407,LIDAR_ONLY,10.3685,10.3685,73.9817,63.6132,63.6132,85.9851,85.9851,0,0,16.20,2.04,cautious,19.78,front,LIDAR_ONLY
0,297.3065,cam_3,CAM_ONLY,16.7395,,17.2728,0.5333,,3.0876,,1,,10.21,11.71,warning,3.00,,CAMERA_ONLY
0,297.3743,cam_3,CAM_ONLY,16.7307,,17.2728,0.5422,,3.1389,,1,,10.07,2.90,warning,3.00,,CAMERA_ONLY
0,297.4462,t5405,BOTH,16.7263,17.4492,17.2728,0.5466,0.1764,3.1644,1.0210,1,1,10.32,4.83,warning,3.00,,FULL_ANGLE
0,297.4462,t5407,LIDAR_ONLY,10.6254,10.6254,73.9817,63.3563,63.3563,85.6378,85.6378,0,0,10.32,4.83,cautious,20.44,front,LIDAR_ONLY
0,297.4462,t5407,LIDAR_ONLY,10.8445,10.8445,73.9817,63.1372,63.1372,85.3416,85.3416,0,0,10.32,4.83,cautious,18.28,front,LIDAR_ONLY
0,297.5139,cam_3,CAM_ONLY,16.5892,,17.2728,0.6836,,3.9578,,1,,10.48,7.80,warning,3.00,,CAMERA_ONLY
0,297.5719,cam_3,CAM_ONLY,16.6603,,17.2728,0.6125,,3.5463,,1,,10.53,2.77,warning,3.00,,CAMERA_ONLY
0,297.6344,t5405,BOTH,16.7484,17.4582,17.2728,0.5244,0.1853,3.0361,1.0729,1,1,15.61,1.38,warning,3.00,,FULL_ANGLE
0,297.7081,cam_3,CAM_ONLY,16.7918,,17.2728,0.4810,,2.7848,,1,,12.13,10.91,warning,3.00,,CAMERA_ONLY
0,297.7742,cam_3,CAM_ONLY,16.7654,,17.2728,0.5074,,2.9378,,1,,8.91,5.24,warning,3.00,,CAMERA_ONLY
0,297.8536,cam_3,CAM_ONLY,16.6723,,17.2728,0.6006,,3.4770,,1,,14.45,10.71,warning,3.00,,CAMERA_ONLY
0,297.8536,t5420,LIDAR_ONLY,17.8099,17.8099,73.9817,56.1718,56.1718,75.9266,75.9266,0,0,14.45,10.71,drive,18.59,front,LIDAR_ONLY
0,297.8536,t5420,LIDAR_ONLY,17.0001,17.0001,73.9817,56.9816,56.9816,77.0212,77.0212,0,0,14.45,10.71,drive,19.77,front,LIDAR_ONLY
0,297.9209,cam_3,CAM_ONLY,16.7899,,17.2728,0.4829,,2.7960,,1,,13.93,2.61,warning,3.00,,CAMERA_ONLY
0,298.0047,cam_3,CAM_ONLY,16.6507,,17.2728,0.6221,,3.6016,,1,,15.19,10.45,warning,3.00,,CAMERA_ONLY
0,298.0701,cam_3,CAM_ONLY,16.7849,,17.2728,0.4880,,2.8251,,1,,12.28,2.67,warning,3.00,,CAMERA_ONLY
0,298.1287,cam_3,CAM_ONLY,16.6411,,17.2728,0.6317,,3.6572,,1,,9.94,2.87,warning,3.00,,CAMERA_ONLY
0,298.1855,t5428,BOTH,16.6388,17.4560,17.2728,0.6340,0.1832,3.6705,1.0604,1,1,9.33,1.22,warning,2.95,,FULL_ANGLE
0,298.1855,t5426,LIDAR_ONLY,28.1963,28.1963,,,,,,,,9.33,1.22,drive,-29.49,front,LIDAR_ONLY
0,298.2537,cam_3,CAM_ONLY,16.7150,,17.2728,0.5578,,3.2293,,1,,11.37,10.12,warning,3.00,,CAMERA_ONLY
0,298.3215,cam_3,CAM_ONLY,16.6684,,17.2728,0.6044,,3.4991,,1,,15.18,4.70,warning,3.00,,CAMERA_ONLY
0,298.3897,t5428,BOTH,16.6950,17.4560,17.2728,0.5779,0.1832,3.3456,1.0606,1,1,22.67,2.41,warning,3.00,,FULL_ANGLE
0,298.3897,t5426,LIDAR_ONLY,28.1892,28.1892,,,,,,,,22.67,2.41,drive,-29.43,front,LIDAR_ONLY
0,298.3897,t5431,LIDAR_ONLY,10.1573,10.1573,,,,,,,,22.67,2.41,cautious,28.45,front,LIDAR_ONLY
0,298.3897,t5432,LIDAR_ONLY,18.1856,18.1856,73.9817,55.7961,55.7961,75.4188,75.4188,0,0,22.67,2.41,drive,18.35,front,LIDAR_ONLY
0,298.3897,t5432,LIDAR_ONLY,17.1840,17.1840,73.9817,56.7977,56.7977,76.7727,76.7727,0,0,22.67,2.41,drive,19.64,front,LIDAR_ONLY
0,298.4676,cam_3,CAM_ONLY,16.6871,,17.2728,0.5857,,3.3911,,1,,21.70,8.27,warning,3.00,,CAMERA_ONLY
0,298.5311,t5428,BOTH,16.7009,17.4571,17.2728,0.5719,0.1842,3.3111,1.0665,1,1,15.08,1.56,warning,3.00,,FULL_ANGLE
0,298.5311,t5426,LIDAR_ONLY,28.1703,28.1703,,,,,,,,15.08,1.56,drive,-29.58,front,LIDAR_ONLY
0,298.6063,cam_3,CAM_ONLY,16.6971,,17.2728,0.5757,,3.3330,,1,,12.01,10.32,warning,3.00,,CAMERA_ONLY
0,298.6796,cam_3,CAM_ONLY,16.7221,,17.2728,0.5508,,3.1886,,1,,12.85,3.23,warning,3.00,,CAMERA_ONLY
0,298.7412,t5428,BOTH,16.8228,17.4556,17.2728,0.4500,0.1828,2.6055,1.0582,1,1,14.74,3.35,warning,3.00,,FULL_ANGLE
0,298.7412,t5437,LIDAR_ONLY,16.7732,16.7732,73.9817,57.2085,57.2085,77.3280,77.3280,0,0,14.74,3.35,drive,19.32,front,LIDAR_ONLY
0,298.7412,t5437,LIDAR_ONLY,16.7015,16.7015,73.9817,57.2801,57.2801,77.4248,77.4248,0,0,14.74,3.35,drive,20.23,front,LIDAR_ONLY
0,298.8126,cam_3,CAM_ONLY,16.8315,,17.2728,0.4414,,2.5553,,1,,15.14,8.83,warning,3.00,,CAMERA_ONLY
0,298.8779,cam_3,CAM_ONLY,16.7735,,17.2728,0.4993,,2.8909,,1,,13.26,3.20,warning,2.95,,CAMERA_ONLY
0,298.9416,t5428,BOTH,16.6664,17.4571,17.2728,0.6065,0.1843,3.5110,1.0669,1,1,10.85,2.95,warning,3.00,,FULL_ANGLE
0,298.9416,t5437,LIDAR_ONLY,16.4840,16.4840,73.9817,57.4977,57.4977,77.7188,77.7188,0,0,10.85,2.95,drive,19.72,front,LIDAR_ONLY
0,299.0209,cam_3,CAM_ONLY,16.6498,,17.2728,0.6230,,3.6069,,1,,12.67,3.35,warning,3.00,,CAMERA_ONLY
0,299.0807,cam_3,CAM_ONLY,16.7036,,17.2728,0.5692,,3.2954,,1,,8.91,3.33,warning,3.00,,CAMERA_ONLY
0,299.1464,cam_3,CAM_ONLY,16.6583,,17.2728,0.6145,,3.5577,,1,,15.69,6.42,warning,3.00,,CAMERA_ONLY
0,299.1464,t5437,LIDAR_ONLY,16.5933,16.5933,73.9817,57.3884,57.3884,77.5711,77.5711,0,0,15.69,6.42,drive,18.68,front,LIDAR_ONLY
0,299.2178,cam_3,CAM_ONLY,16.6753,,17.2728,0.5975,,3.4593,,1,,12.72,6.32,warning,3.00,,CAMERA_ONLY
0,299.2825,cam_3,CAM_ONLY,16.6875,,17.2728,0.5853,,3.3888,,1,,10.91,2.38,warning,3.00,,CAMERA_ONLY
0,299.2825,t5444,LIDAR_ONLY,28.1007,28.1007,,,,,,,,10.91,2.38,drive,-29.52,front,LIDAR_ONLY
0,299.3479,cam_3,CAM_ONLY,16.6299,,17.2728,0.6429,,3.7220,,1,,12.75,7.39,warning,3.00,,CAMERA_ONLY
0,299.3479,t5437,LIDAR_ONLY,16.5982,16.5982,73.9817,57.3835,57.3835,77.5645,77.5645,0,0,12.75,7.39,drive,19.69,front,LIDAR_ONLY
0,299.4196,cam_3,CAM_ONLY,16.7278,,17.2728,0.5450,,3.1554,,1,,13.21,5.30,warning,3.00,,CAMERA_ONLY
0,299.4894,t5448,BOTH,16.7282,17.4757,17.2728,0.5447,0.2029,3.1533,1.1746,1,1,11.97,2.75,warning,3.00,,FULL_ANGLE
0,299.4894,t5437,LIDAR_ONLY,16.6094,16.6094,73.9817,57.3723,57.3723,77.5493,77.5493,0,0,11.97,2.75,drive,19.30,front,LIDAR_ONLY
0,299.5624,cam_3,CAM_ONLY,16.6769,,17.2728,0.5959,,3.4500,,1,,12.67,10.13,warning,3.00,,CAMERA_ONLY
0,299.6291,cam_3,CAM_ONLY,16.7177,,17.2728,0.5552,,3.2140,,1,,14.86,1.88,warning,3.00,,CAMERA_ONLY
0,299.6291,t5450,LIDAR_ONLY,28.2474,28.2474,,,,,,,,14.86,1.88,drive,-29.56,front,LIDAR_ONLY
0,299.6954,cam_3,CAM_ONLY,16.7515,,17.2728,0.5214,,3.0185,,1,,12.88,6.00,warning,3.00,,CAMERA_ONLY
0,299.7674,cam_3,CAM_ONLY,16.7538,,17.2728,0.5190,,3.0050,,1,,12.61,7.92,warning,3.00,,CAMERA_ONLY
0,299.8322,t5454,BOTH,16.6204,17.4665,17.2728,0.6524,0.1937,3.7771,1.1213,1,1,12.35,1.18,warning,3.00,,FULL_ANGLE
0,299.8322,t5450,LIDAR_ONLY,28.2106,28.2106,,,,,,,,12.35,1.18,drive,-29.48,front,LIDAR_ONLY
0,299.9117,cam_3,CAM_ONLY,16.7778,,17.2728,0.4950,,2.8659,,1,,18.43,7.95,warning,3.00,,CAMERA_ONLY
0,299.9804,cam_3,CAM_ONLY,16.7871,,17.2728,0.4857,,2.8121,,1,,12.91,1.85,warning,2.95,,CAMERA_ONLY
0,299.9804,t5450,LIDAR_ONLY,28.2178,28.2178,,,,,,,,12.91,1.85,drive,-29.34,front,LIDAR_ONLY
0,300.0512,cam_3,CAM_ONLY,16.7528,,17.2728,0.5200,,3.0105,,1,,11.84,8.61,warning,3.00,,CAMERA_ONLY
0,300.1144,cam_3,CAM_ONLY,16.6666,,17.2728,0.6062,,3.5096,,1,,10.43,6.72,warning,3.00,,CAMERA_ONLY
0,300.1947,t5460,BOTH,16.6938,17.5037,17.2728,0.5791,0.2309,3.3524,1.3368,1,1,19.49,4.71,warning,3.00,,FULL_ANGLE
0,300.1947,t5459,LIDAR_ONLY,18.5866,18.5866,73.9817,55.3951,55.3951,74.8767,74.8767,0,0,19.49,4.71,drive,18.11,front,LIDAR_ONLY
0,300.3000,cam_3,CAM_ONLY,16.6720,,17.2728,0.6008,,3.4784,,1,,13.36,7.26,warning,3.00,,CAMERA_ONLY
0,300.3000,t5459,LIDAR_ONLY,17.9946,17.9946,73.9817,55.9871,55.9871,75.6770,75.6770,0,0,13.36,7.26,drive,18.64,front,LIDAR_ONLY
0,300.3000,t5459,LIDAR_ONLY,17.4165,17.4165,73.9817,56.5651,56.5651,76.4583,76.4583,0,0,13.36,7.26,drive,20.01,front,LIDAR_ONLY
0,300.3741,cam_3,CAM_ONLY,16.6654,,17.2728,0.6075,,3.5168,,1,,17.75,2.88,warning,3.00,,CAMERA_ONLY
0,300.4377,t5460,BOTH,16.7099,17.5064,17.2728,0.5629,0.2336,3.2589,1.3524,1,1,13.07,2.11,warning,2.95,,FULL_ANGLE
0,300.4377,t5459,LIDAR_ONLY,10.7505,10.7505,,,,,,,,13.07,2.11,cautious,28.62,front,LIDAR_ONLY
0,300.5146,cam_3,CAM_ONLY,16.6860,,17.2728,0.5869,,3.3976,,1,,16.31,9.41,warning,3.00,,CAMERA_ONLY
0,300.6066,cam_3,CAM_ONLY,16.6909,,17.2728,0.5819,,3.3691,,1,,18.33,8.95,warning,3.00,,CAMERA_ONLY
0,300.6066,t5465,LIDAR_ONLY,18.2915,18.2915,73.9817,55.6902,55.6902,75.2757,75.2757,0,0,18.33,8.95,drive,18.29,front,LIDAR_ONLY
0,300.6066,t5465,LIDAR_ONLY,17.8334,17.8334,73.9817,56.1483,56.1483,75.8949,75.8949,0,0,18.33,8.95,drive,19.44,front,LIDAR_ONLY
0,300.6794,cam_3,CAM_ONLY,16.5956,,17.2728,0.6772,,3.9207,,1,,14.27,2.57,warning,3.00,,CAMERA_ONLY
0,300.7372,t5470,BOTH,16.6946,17.4757,17.2728,0.5783,0.2028,3.3479,1.1744,1,1,9.25,1.53,warning,3.00,,FULL_ANGLE
0,300.8119,cam_3,CAM_ONLY,16.6491,,17.2728,0.6237,,3.6109,,1,,12.34,11.36,warning,3.00,,CAMERA_ONLY
0,300.8830,t5470,BOTH,16.6823,17.4746,17.2728,0.5905,0.2018,3.4187,1.1681,1,1,12.83,1.31,warning,3.00,,FULL_ANGLE
0,300.8830,t5473,LIDAR_ONLY,28.2200,28.2200,,,,,,,,12.83,1.31,drive,-29.52,front,LIDAR_ONLY
0,300.9448,t5470,BOTH,16.7174,17.4740,17.2728,0.5555,0.2011,3.2159,1.1644,1,1,9.48,3.89,warning,3.00,,FULL_ANGLE
0,300.9448,t5475,LIDAR_ONLY,18.1950,18.1950,73.9817,55.7867,55.7867,75.4061,75.4061,0,0,9.48,3.89,drive,18.35,front,LIDAR_ONLY
0,300.9448,t5475,LIDAR_ONLY,17.4688,17.4688,73.9817,56.5129,56.5129,76.3877,76.3877,0,0,9.48,3.89,drive,19.30,front,LIDAR_ONLY
0,301.0184,cam_3,CAM_ONLY,16.7642,,17.2728,0.5086,,2.9447,,1,,14.77,8.53,warning,2.95,,CAMERA_ONLY
0,301.0838,cam_3,CAM_ONLY,16.7587,,17.2728,0.5142,,2.9767,,1,,16.53,3.15,warning,3.00,,CAMERA_ONLY
0,301.0838,t5473,LIDAR_ONLY,28.1705,28.1705,,,,,,,,16.53,3.15,drive,-29.52,front,LIDAR_ONLY
0,301.1570,cam_3,CAM_ONLY,16.6995,,17.2728,0.5733,,3.3192,,1,,14.52,10.64,warning,2.95,,CAMERA_ONLY
0,301.2275,cam_3,CAM_ONLY,16.7234,,17.2728,0.5494,,3.1810,,1,,11.61,5.40,warning,3.00,,CAMERA_ONLY
0,301.2986,cam_3,CAM_ONLY,16.6671,,17.2728,0.6057,,3.5067,,1,,12.61,8.65,warning,3.00,,CAMERA_ONLY
0,301.3657,cam_3,CAM_ONLY,16.6535,,17.2728,0.6194,,3.5859,,1,,12.05,5.19,warning,3.00,,CAMERA_ONLY
0,301.4291,cam_3,CAM_ONLY,16.6263,,17.2728,0.6465,,3.7431,,1,,10.44,3.47,warning,3.00,,CAMERA_ONLY
0,301.4291,t5482,LIDAR_ONLY,6.5154,6.5154,4.6660,1.8494,1.8494,39.6346,39.6346,0,0,10.44,3.47,slow,-27.77,front,LIDAR_ONLY
0,301.5175,cam_3,CAM_ONLY,16.6384,,17.2728,0.6344,,3.6730,,1,,17.70,19.13,warning,3.00,,CAMERA_ONLY
0,301.6101,cam_3,CAM_ONLY,16.5266,,17.2728,0.7463,,4.3205,,1,,16.70,13.87,warning,3.00,,CAMERA_ONLY
0,301.6826,cam_3,CAM_ONLY,16.4720,,17.2728,0.8008,,4.6362,,1,,16.03,2.98,warning,3.00,,CAMERA_ONLY
0,301.6826,t5482,LIDAR_ONLY,6.6856,6.6856,,,,,,,,16.03,2.98,slow,-29.46,front,LIDAR_ONLY
0,301.6826,t5487,LIDAR_ONLY,11.5241,11.5241,10.7340,0.7901,0.7901,7.3606,7.3606,1,1,16.03,2.98,cautious,-17.97,front,LIDAR_ONLY
0,301.7386,t5490,BOTH,16.4625,17.4876,17.2728,0.8103,0.2147,4.6912,1.2432,1,1,9.19,1.74,warning,3.00,,FULL_ANGLE
0,301.7386,t5482,LIDAR_ONLY,6.9338,6.9338,,,,,,,,9.19,1.74,slow,-29.68,front,LIDAR_ONLY
0,301.7386,t5489,LIDAR_ONLY,12.9038,12.9038,73.9817,61.0779,61.0779,82.5581,82.5581,0,0,9.19,1.74,cautious,23.05,front,LIDAR_ONLY
0,301.7386,t5489,LIDAR_ONLY,13.0682,13.0682,73.9817,60.9135,60.9135,82.3359,82.3359,0,0,9.19,1.74,cautious,18.84,front,LIDAR_ONLY
0,301.7386,t5487,LIDAR_ONLY,11.7720,11.7720,12.3267,0.5548,0.5548,4.5007,4.5007,1,1,9.19,1.74,cautious,-14.49,front,LIDAR_ONLY
0,301.7386,t5487,LIDAR_ONLY,12.0250,12.0250,12.3267,0.3018,0.3018,2.4479,2.4479,1,1,9.19,1.74,cautious,-8.70,front,LIDAR_ONLY
0,301.8152,cam_3,CAM_ONLY,16.4579,,17.2728,0.8149,,4.7179,,1,,21.66,12.76,warning,2.95,,CAMERA_ONLY
0,301.8831,t5490,BOTH,16.5224,17.4801,17.2728,0.7505,0.2073,4.3448,1.2001,1,1,13.89,1.67,warning,2.95,,FULL_ANGLE
0,301.8831,t5482,LIDAR_ONLY,7.2088,7.2088,,,,,,,,13.89,1.67,slow,-29.59,front,LIDAR_ONLY
0,301.8831,t5487,LIDAR_ONLY,12.4584,12.4584,15.6603,3.2019,3.2019,20.4457,20.4457,0,0,13.89,1.67,cautious,-10.62,front,LIDAR_ONLY
0,301.8831,t5487,LIDAR_ONLY,12.8383,12.8383,15.6603,2.8220,2.8220,18.0201,18.0201,0,0,13.89,1.67,cautious,-6.05,front,LIDAR_ONLY
0,301.9588,cam_3,CAM_ONLY,16.6080,,17.2728,0.6648,,3.8489,,1,,13.70,10.81,warning,2.95,,CAMERA_ONLY
0,302.0221,cam_3,CAM_ONLY,16.6308,,17.2728,0.6421,,3.7173,,1,,10.42,2.74,warning,2.95,,CAMERA_ONLY
0,302.1042,cam_3,CAM_ONLY,16.5903,,17.2728,0.6825,,3.9513,,1,,14.77,10.96,warning,2.95,,CAMERA_ONLY
0,302.1042,t5495,LIDAR_ONLY,18.0588,18.0588,73.9817,55.9229,55.9229,75.5901,75.5901,0,0,14.77,10.96,drive,18.43,front,LIDAR_ONLY
0,302.1042,t5495,LIDAR_ONLY,17.1992,17.1992,73.9817,56.7825,56.7825,76.7521,76.7521,0,0,14.77,10.96,drive,19.92,front,LIDAR_ONLY
0,302.1683,cam_3,CAM_ONLY,16.6454,,17.2728,0.6275,,3.6327,,1,,10.25,6.78,warning,2.95,,CAMERA_ONLY
0,302.2385,t5496,BOTH,16.5621,21.6485,24.2049,7.6429,2.5565,31.5757,10.5618,0,0,17.94,2.09,warning,2.91,,FULL_ANGLE
0,302.2385,t5495,LIDAR_ONLY,10.4252,10.4252,,,,,,,,17.94,2.09,cautious,28.69,front,LIDAR_ONLY
0,302.2385,t5496,LIDAR_ONLY,24.6366,24.6366,24.2049,0.4316,0.4316,1.7832,1.7832,1,1,17.94,2.09,drive,-4.70,front,LIDAR_ONLY
0,302.3074,cam_3,CAM_ONLY,16.3672,,17.2728,0.9056,,5.2431,,1,,12.65,9.96,warning,2.91,,CAMERA_ONLY
0,302.3746,cam_3,CAM_ONLY,17.1117,,17.2728,0.1612,,0.9332,,1,,13.00,3.88,warning,2.86,,CAMERA_ONLY
0,302.4375,t5496,BOTH,16.5435,22.4242,28.9616,12.4181,6.5374,42.8777,22.5725,0,0,12.13,2.00,warning,2.91,,FULL_ANGLE
0,302.4375,t5495,LIDAR_ONLY,10.1838,10.1838,73.9817,63.7979,63.7979,86.2348,86.2348,0,0,12.13,2.00,cautious,29.19,front,LIDAR_ONLY
0,302.4375,t5495,LIDAR_ONLY,10.2309,10.2309,73.9817,63.7508,63.7508,86.1711,86.1711,0,0,12.13,2.00,cautious,19.75,front,LIDAR_ONLY
0,302.4375,t5496,LIDAR_ONLY,22.0016,22.0016,28.9616,6.9600,6.9600,24.0319,24.0319,0,0,12.13,2.00,drive,-3.25,front,LIDAR_ONLY
0,302.4375,t5496,LIDAR_ONLY,22.4831,22.4831,28.9616,6.4785,6.4785,22.3692,22.3692,0,0,12.13,2.00,drive,-1.35,front,LIDAR_ONLY
0,302.5224,cam_3,CAM_ONLY,17.5892,,17.2728,0.3164,,1.8318,,1,,19.80,2.51,warning,2.91,,CAMERA_ONLY
0,302.5878,t5496,BOTH,16.7974,22.8515,17.2728,0.4754,5.5787,2.7523,32.2973,1,0,16.76,1.59,warning,2.91,,FULL_ANGLE
0,302.5878,t5495,LIDAR_ONLY,10.3442,10.3442,,,,,,,,16.76,1.59,cautious,25.22,front,LIDAR_ONLY
0,302.5878,t5496,LIDAR_ONLY,22.4612,22.4612,17.2728,5.1884,5.1884,30.0378,30.0378,0,0,16.76,1.59,drive,0.15,front,LIDAR_ONLY
0,302.6610,cam_3,CAM_ONLY,16.9517,,17.2728,0.3211,,1.8591,,1,,12.22,9.31,warning,2.91,,CAMERA_ONLY
0,302.7412,cam_3,CAM_ONLY,15.2587,,17.2728,2.0141,,11.6607,,0,,17.96,4.36,warning,2.68,,CAMERA_ONLY
0,302.7412,t5504,LIDAR_ONLY,28.0929,28.0929,,,,,,,,17.96,4.36,drive,-29.62,front,LIDAR_ONLY
0,302.7412,t5495,LIDAR_ONLY,10.4287,10.4287,73.9817,63.5529,63.5529,85.9036,85.9036,0,0,17.96,4.36,cautious,18.62,front,LIDAR_ONLY
0,302.7412,t5495,LIDAR_ONLY,10.6392,10.6392,73.9817,63.3425,63.3425,85.6191,85.6191,0,0,17.96,4.36,cautious,19.98,front,LIDAR_ONLY
0,302.7412,t5496,LIDAR_ONLY,23.5175,23.5175,17.2728,6.2447,6.2447,36.1532,36.1532,0,0,17.96,4.36,drive,0.35,front,LIDAR_ONLY
0,302.7412,t5496,LIDAR_ONLY,22.1687,22.1687,17.2728,4.8959,4.8959,28.3445,28.3445,0,0,17.96,4.36,drive,2.74,front,LIDAR_ONLY
0,302.7412,t5495,LIDAR_ONLY,11.2143,11.2143,73.9817,62.7674,62.7674,84.8418,84.8418,0,0,17.96,4.36,cautious,18.01,front,LIDAR_ONLY
0,302.8161,cam_3,CAM_ONLY,14.7571,,17.2728,2.5158,,14.5650,,0,,14.15,10.07,warning,2.95,,CAMERA_ONLY
0,302.8762,cam_3,CAM_ONLY,14.5544,,17.2728,2.7184,,15.7382,,0,,9.33,3.21,stop,2.95,,CAMERA_ONLY
0,302.9342,cam_3,CAM_ONLY,14.7370,,17.2728,2.5359,,14.6812,,0,,11.98,1.78,warning,3.00,,CAMERA_ONLY
0,302.9342,t5504,LIDAR_ONLY,28.1069,28.1069,,,,,,,,11.98,1.78,drive,-29.50,front,LIDAR_ONLY
0,303.0193,cam_3,CAM_ONLY,14.9159,,17.2728,2.3569,,13.6453,,0,,23.53,9.37,warning,3.04,,CAMERA_ONLY
0,303.0838,t5510,BOTH,15.6789,17.4727,17.2728,1.5940,0.1998,9.2281,1.1569,0,1,13.61,1.89,warning,3.17,,FULL_ANGLE
0,303.1440,t5510,BOTH,16.3192,17.4884,17.2728,0.9536,0.2156,5.5208,1.2479,1,1,9.97,2.65,warning,3.17,,FULL_ANGLE
0,303.1440,t5512,LIDAR_ONLY,15.6974,15.6974,73.9817,58.2843,58.2843,78.7821,78.7821,0,0,9.97,2.65,drive,20.17,front,LIDAR_ONLY
0,303.1440,t5512,LIDAR_ONLY,15.7823,15.7823,73.9817,58.1994,58.1994,78.6673,78.6673,0,0,9.97,2.65,drive,19.71,front,LIDAR_ONLY
0,303.2150,cam_3,CAM_ONLY,18.3736,,17.2728,1.1008,,6.3729,,0,,12.94,9.98,warning,3.13,,CAMERA_ONLY
0,303.2895,t5510,BOTH,18.9983,17.4921,17.2728,1.7254,0.2193,9.9892,1.2694,0,1,22.28,3.07,warning,3.13,,FULL_ANGLE
0,303.2895,t5512,LIDAR_ONLY,10.6286,10.6286,73.9817,63.3530,63.3530,85.6334,85.6334,0,0,22.28,3.07,cautious,27.71,front,LIDAR_ONLY
0,303.2895,t5512,LIDAR_ONLY,10.6601,10.6601,73.9817,63.3216,63.3216,85.5909,85.5909,0,0,22.28,3.07,cautious,18.48,front,LIDAR_ONLY
0,303.3652,cam_3,CAM_ONLY,16.6812,,17.2728,0.5916,,3.4251,,1,,18.72,4.56,warning,3.17,,CAMERA_ONLY
0,303.4350,cam_3,CAM_ONLY,17.0346,,17.2728,0.2383,,1.3795,,1,,17.20,2.02,warning,3.09,,CAMERA_ONLY
0,303.4350,t5516,LIDAR_ONLY,28.1134,28.1134,,,,,,,,17.20,2.02,drive,-29.64,front,LIDAR_ONLY
0,303.5152,cam_3,CAM_ONLY,16.0202,,17.2728,1.2527,,7.2522,,0,,18.08,13.78,warning,3.09,,CAMERA_ONLY
0,303.5766,cam_3,CAM_ONLY,16.7718,,17.2728,0.5010,,2.9007,,1,,9.43,2.98,warning,3.09,,CAMERA_ONLY
0,303.6357,t5523,BOTH,16.8189,17.4431,17.2728,0.4539,0.1702,2.6281,0.9856,1,1,9.72,1.15,warning,3.00,,FULL_ANGLE
0,303.6357,t5516,LIDAR_ONLY,28.0983,28.0983,,,,,,,,9.72,1.15,drive,-29.65,front,LIDAR_ONLY
0,303.6357,t5522,LIDAR_ONLY,17.3030,17.3030,73.9817,56.6787,56.6787,76.6118,76.6118,0,0,9.72,1.15,drive,18.94,front,LIDAR_ONLY
0,303.6357,t5522,LIDAR_ONLY,16.3200,16.3200,73.9817,57.6617,57.6617,77.9405,77.9405,0,0,9.72,1.15,drive,20.48,front,LIDAR_ONLY
0,303.7106,cam_3,CAM_ONLY,16.8634,,17.2728,0.4094,,2.3702,,1,,14.42,10.84,warning,3.00,,CAMERA_ONLY
0,303.7761,cam_3,CAM_ONLY,16.7990,,17.2728,0.4738,,2.7430,,1,,13.08,3.57,warning,3.00,,CAMERA_ONLY
0,303.8435,cam_3,CAM_ONLY,16.7987,,17.2728,0.4742,,2.7452,,1,,14.74,4.27,warning,3.00,,CAMERA_ONLY
0,303.9104,cam_3,CAM_ONLY,16.8914,,17.2728,0.3814,,2.2082,,1,,10.55,11.16,warning,3.00,,CAMERA_ONLY
0,303.9867,cam_3,CAM_ONLY,16.7420,,17.2728,0.5309,,3.0735,,1,,20.66,4.10,warning,3.00,,CAMERA_ONLY
0,303.9867,t5529,LIDAR_ONLY,28.1054,28.1054,,,,,,,,20.66,4.10,drive,-29.57,front,LIDAR_ONLY
0,304.0627,cam_3,CAM_ONLY,16.8316,,17.2728,0.4412,,2.5545,,1,,11.33,12.55,warning,3.00,,CAMERA_ONLY
0,304.1438,t5533,BOTH,16.8567,17.4321,17.2728,0.4161,0.1592,2.4091,0.9217,1,1,18.57,2.91,warning,3.00,,FULL_ANGLE
0,304.1438,t5532,LIDAR_ONLY,18.5812,18.5812,73.9817,55.4005,55.4005,74.8840,74.8840,0,0,18.57,2.91,drive,18.11,front,LIDAR_ONLY
0,304.1438,t5533,LIDAR_ONLY,17.4384,17.4384,17.2728,0.1655,0.1655,0.9584,0.9584,1,1,18.57,2.91,drive,4.67,front,LIDAR_ONLY
0,304.2195,cam_3,CAM_ONLY,16.8703,,17.2728,0.4025,,2.3304,,1,,17.49,2.60,warning,3.00,,CAMERA_ONLY
0,304.2946,t5533,BOTH,16.7895,17.4484,17.2728,0.4834,0.1755,2.7985,1.0161,1,1,19.87,6.17,warning,3.00,,FULL_ANGLE
0,304.2946,t5532,LIDAR_ONLY,18.1288,18.1288,73.9817,55.8529,55.8529,75.4956,75.4956,0,0,19.87,6.17,drive,18.50,front,LIDAR_ONLY
0,304.2946,t5532,LIDAR_ONLY,17.8188,17.8188,73.9817,56.1629,56.1629,75.9146,75.9146,0,0,19.87,6.17,drive,19.54,front,LIDAR_ONLY
0,304.3730,cam_3,CAM_ONLY,16.8260,,17.2728,0.4469,,2.5871,,1,,12.97,3.11,warning,3.00,,CAMERA_ONLY
0,304.4399,t5533,BOTH,16.7689,17.4922,17.2728,0.5039,0.2194,2.9175,1.2702,1,1,13.73,2.34,warning,3.00,,FULL_ANGLE
0,304.4399,t5532,LIDAR_ONLY,16.9301,16.9301,73.9817,57.0516,57.0516,77.1158,77.1158,0,0,13.73,2.34,drive,19.56,front,LIDAR_ONLY
0,304.4399,t5533,LIDAR_ONLY,17.5145,17.5145,17.2728,0.2416,0.2416,1.3990,1.3990,1,1,13.73,2.34,drive,1.85,front,LIDAR_ONLY
0,304.5103,cam_3,CAM_ONLY,16.7939,,17.2728,0.4789,,2.7726,,1,,12.59,10.12,warning,3.00,,CAMERA_ONLY
0,304.5790,cam_3,CAM_ONLY,16.7481,,17.2728,0.5247,,3.0377,,1,,15.01,3.77,warning,3.00,,CAMERA_ONLY
0,304.6493,t5533,BOTH,16.7604,17.5285,17.2728,0.5124,0.2557,2.9666,1.4801,1,1,11.59,7.71,warning,3.00,,FULL_ANGLE
0,304.6493,t5532,LIDAR_ONLY,16.5242,16.5242,73.9817,57.4575,57.4575,77.6645,77.6645,0,0,11.59,7.71,drive,20.70,front,LIDAR_ONLY
0,304.6493,t5532,LIDAR_ONLY,16.4294,16.4294,73.9817,57.5523,57.5523,77.7927,77.7927,0,0,11.59,7.71,drive,19.28,front,LIDAR_ONLY
0,304.7377,t5533,BOTH,16.6775,17.5508,17.2728,0.5953,0.2780,3.4467,1.6093,1,1,26.21,2.71,warning,3.00,,FULL_ANGLE
0,304.7377,t5532,LIDAR_ONLY,12.5662,12.5662,,,,,,,,26.21,2.71,cautious,25.38,front,LIDAR_ONLY
0,304.7377,t5542,LIDAR_ONLY,28.0247,28.0247,,,,,,,,26.21,2.71,drive,-29.73,front,LIDAR_ONLY
0,304.7377,t5533,LIDAR_ONLY,17.5703,17.5703,17.2728,0.2975,0.2975,1.7224,1.7224,1,1,26.21,2.71,drive,2.66,front,LIDAR_ONLY
0,304.8399,t5533,BOTH,16.7540,17.5708,17.2728,0.5188,0.2979,3.0036,1.7248,1,1,19.10,2.27,warning,3.00,,FULL_ANGLE
0,304.8399,t5532,LIDAR_ONLY,11.5131,11.5131,73.9817,62.4686,62.4686,84.4379,84.4379,0,0,19.10,2.27,cautious,27.64,front,LIDAR_ONLY
0,304.8399,t5532,LIDAR_ONLY,11.3258,11.3258,73.9817,62.6559,62.6559,84.6911,84.6911,0,0,19.10,2.27,cautious,18.36,front,LIDAR_ONLY
0,304.9180,cam_3,CAM_ONLY,16.7550,,17.2728,0.5178,,2.9979,,1,,17.27,9.46,warning,3.00,,CAMERA_ONLY
0,304.9806,cam_3,CAM_ONLY,16.7679,,17.2728,0.5050,,2.9235,,1,,10.18,3.67,warning,3.00,,CAMERA_ONLY
0,305.0485,cam_3,CAM_ONLY,16.6460,,17.2728,0.6268,,3.6290,,1,,10.59,6.16,warning,3.00,,CAMERA_ONLY
0,305.0485,t5532,LIDAR_ONLY,11.3516,11.3516,73.9817,62.6301,62.6301,84.6562,84.6562,0,0,10.59,6.16,cautious,18.85,front,LIDAR_ONLY
0,305.0485,t5532,LIDAR_ONLY,11.3548,11.3548,73.9817,62.6269,62.6269,84.6519,84.6519,0,0,10.59,6.16,cautious,19.90,front,LIDAR_ONLY
0,305.1202,cam_3,CAM_ONLY,16.6764,,17.2728,0.5965,,3.4533,,1,,13.61,3.01,warning,3.00,,CAMERA_ONLY
0,305.2045,cam_3,CAM_ONLY,16.7460,,17.2728,0.5268,,3.0501,,1,,13.74,10.36,warning,3.00,,CAMERA_ONLY
0,305.2045,t5532,LIDAR_ONLY,11.2920,11.2920,73.9817,62.6897,62.6897,84.7368,84.7368,0,0,13.74,10.36,cautious,20.24,front,LIDAR_ONLY
0,305.2929,t5550,BOTH,16.7586,17.4418,17.2728,0.5142,0.1689,2.9772,0.9781,1,1,12.92,4.10,warning,2.95,,FULL_ANGLE
0,305.2929,t5532,LIDAR_ONLY,13.1378,13.1378,73.9817,60.8439,60.8439,82.2418,82.2418,0,0,12.92,4.10,cautious,18.35,front,LIDAR_ONLY
0,305.2929,t5532,LIDAR_ONLY,14.3123,14.3123,73.9817,59.6694,59.6694,80.6543,80.6543,0,0,12.92,4.10,cautious,19.49,front,LIDAR_ONLY
0,305.3567,cam_3,CAM_ONLY,16.5940,,17.2728,0.6789,,3.9302,,1,,9.73,10.44,warning,3.00,,CAMERA_ONLY
0,305.4284,cam_3,CAM_ONLY,16.6283,,17.2728,0.6445,,3.7316,,1,,14.45,2.81,warning,3.00,,CAMERA_ONLY
0,305.5004,cam_3,CAM_ONLY,16.6479,,17.2728,0.6249,,3.6180,,1,,14.58,7.37,warning,3.00,,CAMERA_ONLY
0,305.5004,t5532,LIDAR_ONLY,15.1820,15.1820,73.9817,58.7997,58.7997,79.4788,79.4788,0,0,14.58,7.37,cautious,18.51,front,LIDAR_ONLY
0,305.5682,cam_3,CAM_ONLY,16.6462,,17.2728,0.6266,,3.6277,,1,,12.84,3.81,warning,3.00,,CAMERA_ONLY
0,305.6276,cam_3,CAM_ONLY,16.7116,,17.2728,0.5613,,3.2494,,1,,12.10,3.15,warning,3.00,,CAMERA_ONLY
0,305.6954,t5559,BOTH,16.7368,17.4843,17.2728,0.5361,0.2115,3.1035,1.2243,1,1,12.11,4.35,warning,3.00,,FULL_ANGLE
0,305.6954,t5532,LIDAR_ONLY,15.7846,15.7846,73.9817,58.1971,58.1971,78.6642,78.6642,0,0,12.11,4.35,cautious,19.14,front,LIDAR_ONLY
0,305.6954,t5559,LIDAR_ONLY,17.5297,17.5297,17.2728,0.2569,0.2569,1.4870,1.4870,1,1,12.11,4.35,drive,1.19,front,LIDAR_ONLY
0,305.7751,cam_3,CAM_ONLY,16.7578,,17.2728,0.5150,,2.9816,,1,,18.37,13.50,warning,3.00,,CAMERA_ONLY
0,305.8698,cam_3,CAM_ONLY,16.7531,,17.2728,0.5197,,3.0089,,1,,14.87,17.12,warning,3.00,,CAMERA_ONLY
0,305.9563,cam_3,CAM_ONLY,16.6801,,17.2728,0.5928,,3.4319,,1,,20.50,10.78,warning,3.00,,CAMERA_ONLY
0,306.0176,cam_3,CAM_ONLY,16.7428,,17.2728,0.5300,,3.0686,,1,,9.30,7.36,warning,3.00,,CAMERA_ONLY
0,306.0841,cam_3,CAM_ONLY,16.7043,,17.2728,0.5686,,3.2917,,1,,13.73,1.67,warning,3.00,,CAMERA_ONLY
0,306.0841,t5563,LIDAR_ONLY,28.1305,28.1305,,,,,,,,13.73,1.67,drive,-29.49,front,LIDAR_ONLY
0,306.1712,cam_3,CAM_ONLY,16.7076,,17.2728,0.5653,,3.2727,,1,,16.55,9.49,warning,3.00,,CAMERA_ONLY
0,306.2332,t5566,BOTH,16.6948,17.4542,17.2728,0.5780,0.1814,3.3464,1.0499,1,1,15.95,1.61,warning,3.00,,FULL_ANGLE
0,306.2332,t5563,LIDAR_ONLY,28.1349,28.1349,,,,,,,,15.95,1.61,drive,-29.58,front,LIDAR_ONLY
0,306.3201,cam_3,CAM_ONLY,16.6017,,17.2728,0.6711,,3.8855,,1,,14.85,6.32,warning,3.00,,CAMERA_ONLY
0,306.3913,t5566,BOTH,16.6329,17.4652,17.2728,0.6400,0.1923,3.7051,1.1136,1,1,15.65,3.77,warning,3.00,,FULL_ANGLE
0,306.3913,t5569,LIDAR_ONLY,17.6508,17.6508,73.9817,56.3309,56.3309,76.1417,76.1417,0,0,15.65,3.77,drive,18.70,front,LIDAR_ONLY
0,306.3913,t5566,LIDAR_ONLY,17.4626,17.4626,17.2728,0.1898,0.1898,1.0989,1.0989,1,1,15.65,3.77,drive,1.09,front,LIDAR_ONLY
0,306.3913,t5569,LIDAR_ONLY,17.5993,17.5993,73.9817,56.3824,56.3824,76.2113,76.2113,0,0,15.65,3.77,drive,19.27,front,LIDAR_ONLY
