frame,timestamp_s,obstacle_id,detection_source,cam_dist_m,lidar_dist_m,gt_dist_m,cam_error_m,lidar_error_m,cam_rel_error_pct,lidar_rel_error_pct,cam_within_1m,lidar_within_1m,cam_latency_ms,lidar_latency_ms,danger_level,angle_deg,sector,match_method
0,11.6468,t8,LIDAR_ONLY,19.7751,19.7751,,,,,,,,11.79,6.37,drive,14.41,front,LIDAR_ONLY
0,11.6468,t8,LIDAR_ONLY,18.4604,18.4604,,,,,,,,11.79,6.37,drive,16.47,front,LIDAR_ONLY
0,11.7919,t8,LIDAR_ONLY,18.4722,18.4722,,,,,,,,13.92,3.44,drive,15.31,front,LIDAR_ONLY
0,11.7919,t8,LIDAR_ONLY,18.4782,18.4782,,,,,,,,13.92,3.44,drive,15.73,front,LIDAR_ONLY
0,12.0470,t20,LIDAR_ONLY,20.0919,20.0919,,,,,,,,12.75,5.30,drive,14.16,front,LIDAR_ONLY
0,12.0470,t20,LIDAR_ONLY,19.6521,19.6521,,,,,,,,12.75,5.30,drive,14.95,front,LIDAR_ONLY
0,12.0470,t20,LIDAR_ONLY,18.7849,18.7849,,,,,,,,12.75,5.30,drive,16.17,front,LIDAR_ONLY
0,12.2963,t20,LIDAR_ONLY,18.6981,18.6981,,,,,,,,19.48,6.05,drive,15.31,front,LIDAR_ONLY
0,12.2963,t20,LIDAR_ONLY,18.4453,18.4453,,,,,,,,19.48,6.05,drive,17.16,front,LIDAR_ONLY
0,12.2963,t28,LIDAR_ONLY,18.3115,18.3115,16.8438,1.4677,1.4677,8.7135,8.7135,0,0,19.48,6.05,drive,-23.12,front,LIDAR_ONLY
0,12.2963,t28,LIDAR_ONLY,18.1668,18.1668,16.8438,1.3230,1.3230,7.8547,7.8547,0,0,19.48,6.05,drive,-20.45,front,LIDAR_ONLY
0,12.4872,cam_0,CAM_ONLY,48.2541,,42.4711,5.7830,,13.6163,,0,,14.36,2.12,safe,2.10,,CAMERA_ONLY
0,12.4872,t20,LIDAR_ONLY,11.4319,11.4319,,,,,,,,14.36,2.12,cautious,26.97,front,LIDAR_ONLY
0,12.4872,t33,LIDAR_ONLY,18.3006,18.3006,,,,,,,,14.36,2.12,drive,15.21,front,LIDAR_ONLY
0,12.5708,cam_0,CAM_ONLY,46.6051,,42.2911,4.3140,,10.2008,,0,,15.15,18.19,safe,1.92,,CAMERA_ONLY
0,12.6344,cam_0,CAM_ONLY,45.6464,,42.1421,3.5043,,8.3154,,0,,9.57,6.74,safe,1.79,,CAMERA_ONLY
0,12.7032,cam_0,CAM_ONLY,45.9764,,41.9681,4.0083,,9.5509,,0,,10.59,7.61,safe,1.70,,CAMERA_ONLY
0,12.7671,cam_0,CAM_ONLY,45.8058,,41.7782,4.0276,,9.6406,,0,,15.53,5.70,safe,1.79,,CAMERA_ONLY
0,12.8333,cam_0,CAM_ONLY,45.5723,,41.5699,4.0024,,9.6280,,0,,14.06,4.06,safe,1.88,,CAMERA_ONLY
0,12.8333,t42,LIDAR_ONLY,22.5709,22.5709,21.5101,1.0608,1.0608,4.9318,4.9318,0,0,14.06,4.06,drive,-17.22,front,LIDAR_ONLY
0,12.9248,cam_0,CAM_ONLY,47.1146,,41.2943,5.8203,,14.0946,,0,,19.82,23.30,safe,2.06,,CAMERA_ONLY
0,13.0008,cam_0,CAM_ONLY,47.8448,,41.0381,6.8067,,16.5864,,0,,13.78,9.94,safe,2.42,,CAMERA_ONLY
0,13.0008,t49,LIDAR_ONLY,18.8351,18.8351,66.7845,47.9494,47.9494,71.7972,71.7972,0,0,13.78,9.94,drive,15.25,front,LIDAR_ONLY
0,13.1327,cam_0,CAM_ONLY,33.3407,,45.1778,11.8371,,26.2011,,0,,16.66,6.92,safe,-5.13,,CAMERA_ONLY
0,13.2051,cam_0,CAM_ONLY,31.5495,,45.4653,13.9158,,30.6074,,0,,10.55,11.53,slowdown,-4.91,,CAMERA_ONLY
0,13.2656,cam_0,CAM_ONLY,31.3559,,45.6811,14.3252,,31.3591,,0,,12.63,6.37,slowdown,-4.87,,CAMERA_ONLY
0,13.3228,cam_0,CAM_ONLY,31.1015,,45.8706,14.7691,,32.1972,,0,,10.26,4.12,slowdown,-4.82,,CAMERA_ONLY
0,13.3844,cam_0,CAM_ONLY,31.6123,,46.0995,14.4873,,31.4261,,0,,10.98,2.32,slowdown,-4.73,,CAMERA_ONLY
0,13.4650,cam_0,CAM_ONLY,30.8127,,39.2133,8.4006,,21.4229,,0,,12.80,6.94,slowdown,-4.65,,CAMERA_ONLY
0,13.4650,cam_0,CAM_ONLY,44.8229,,39.2133,5.6096,,14.3054,,0,,12.80,6.94,safe,2.51,,CAMERA_ONLY
0,13.5278,cam_0,CAM_ONLY,31.3287,,38.9745,7.6458,,19.6174,,0,,9.93,5.40,slowdown,-4.47,,CAMERA_ONLY
0,13.5278,cam_0,CAM_ONLY,44.9054,,38.9745,5.9310,,15.2176,,0,,9.93,5.40,safe,2.46,,CAMERA_ONLY
0,13.6298,cam_0,CAM_ONLY,32.2646,,38.5544,6.2898,,16.3140,,0,,22.13,9.40,slowdown,-4.33,,CAMERA_ONLY
0,13.6298,cam_0,CAM_ONLY,44.5816,,38.5544,6.0272,,15.6330,,0,,22.13,9.40,safe,2.46,,CAMERA_ONLY
0,13.7266,cam_0,CAM_ONLY,33.0401,,38.1222,5.0821,,13.3312,,0,,14.62,22.91,slowdown,-4.07,,CAMERA_ONLY
0,13.7266,cam_0,CAM_ONLY,43.6895,,38.1222,5.5673,,14.6037,,0,,14.62,22.91,safe,2.46,,CAMERA_ONLY
0,13.8001,cam_0,CAM_ONLY,32.4685,,37.8445,5.3761,,14.2056,,0,,14.36,8.26,slowdown,-4.02,,CAMERA_ONLY
0,13.8001,cam_0,CAM_ONLY,44.0160,,37.8445,6.1714,,16.3073,,0,,14.36,8.26,safe,2.28,,CAMERA_ONLY
0,13.8001,t72,LIDAR_ONLY,23.3250,23.3250,20.7737,2.5513,2.5513,12.2816,12.2816,0,0,14.36,8.26,drive,-24.87,front,LIDAR_ONLY
0,13.8001,t73,LIDAR_ONLY,20.4122,20.4122,63.6503,43.2382,43.2382,67.9308,67.9308,0,0,14.36,8.26,drive,13.99,front,LIDAR_ONLY
0,13.8691,cam_0,CAM_ONLY,34.4446,,37.5652,3.1206,,8.3072,,0,,11.83,3.65,safe,-4.07,,CAMERA_ONLY
0,13.8691,cam_0,CAM_ONLY,42.1049,,37.5652,4.5396,,12.0846,,0,,11.83,3.65,safe,2.10,,CAMERA_ONLY
0,13.9584,cam_0,CAM_ONLY,34.4377,,37.1929,2.7552,,7.4079,,0,,15.59,14.02,safe,-4.20,,CAMERA_ONLY
0,13.9584,cam_0,CAM_ONLY,41.1660,,37.1929,3.9731,,10.6825,,0,,15.59,14.02,safe,1.88,,CAMERA_ONLY
0,13.9584,t74,LIDAR_ONLY,48.1945,48.1945,,,,,,,,15.59,14.02,drive,26.38,front,LIDAR_ONLY
0,13.9584,t73,LIDAR_ONLY,20.3643,20.3643,,,,,,,,15.59,14.02,drive,13.60,front,LIDAR_ONLY
0,13.9584,t73,LIDAR_ONLY,18.6337,18.6337,,,,,,,,15.59,14.02,drive,15.57,front,LIDAR_ONLY
0,14.0239,cam_0,CAM_ONLY,34.4468,,36.9414,2.4947,,6.7530,,0,,14.69,6.08,slowdown,-4.16,,CAMERA_ONLY
0,14.0239,cam_0,CAM_ONLY,40.5486,,36.9414,3.6072,,9.7646,,0,,14.69,6.08,safe,1.70,,CAMERA_ONLY
0,14.0867,t76,BOTH,34.6210,31.5156,24.7499,9.8711,6.7657,39.8832,27.3361,0,0,12.34,1.82,slowdown,-4.16,,FULL_ANGLE
0,14.0867,cam_0,CAM_ONLY,41.0717,,36.6925,4.3792,,11.9348,,0,,12.34,1.82,safe,1.61,,CAMERA_ONLY
0,14.0867,t76,LIDAR_ONLY,46.0858,46.0858,24.7499,21.3359,21.3359,86.2060,86.2060,0,0,12.34,1.82,drive,-17.67,front,LIDAR_ONLY
0,14.0867,t73,LIDAR_ONLY,14.6853,14.6853,,,,,,,,12.34,1.82,cautious,20.52,front,LIDAR_ONLY
0,14.0867,t73,LIDAR_ONLY,14.8308,14.8308,,,,,,,,12.34,1.82,cautious,13.76,front,LIDAR_ONLY
0,14.0867,t73,LIDAR_ONLY,14.9307,14.9307,,,,,,,,12.34,1.82,cautious,15.73,front,LIDAR_ONLY
0,14.0867,t76,LIDAR_ONLY,32.5960,32.5960,24.7499,7.8461,7.8461,31.7016,31.7016,0,0,12.34,1.82,drive,-22.22,front,LIDAR_ONLY
0,14.1689,cam_0,CAM_ONLY,34.6948,,36.3305,1.6357,,4.5022,,0,,11.13,16.70,slowdown,-4.07,,CAMERA_ONLY
0,14.1689,cam_0,CAM_ONLY,40.5482,,36.3305,4.2177,,11.6093,,0,,11.13,16.70,safe,1.57,,CAMERA_ONLY
0,14.2368,cam_0,CAM_ONLY,35.3958,,36.0248,0.6290,,1.7460,,1,,10.36,5.58,safe,-3.93,,CAMERA_ONLY
0,14.2368,cam_0,CAM_ONLY,39.8715,,36.0248,3.8467,,10.6778,,0,,10.36,5.58,safe,1.57,,CAMERA_ONLY
0,14.3198,cam_0,CAM_ONLY,38.3800,,35.6649,2.7152,,7.6130,,0,,15.59,10.40,safe,-3.80,,CAMERA_ONLY
0,14.3198,cam_0,CAM_ONLY,39.7542,,35.6649,4.0893,,11.4659,,0,,15.59,10.40,safe,1.57,,CAMERA_ONLY
0,14.3868,t83,BOTH,35.2918,44.9405,29.1902,6.1017,15.7504,20.9031,53.9578,0,0,14.42,1.68,slowdown,-3.49,,FULL_ANGLE
0,14.3868,cam_0,CAM_ONLY,40.1797,,35.3815,4.7982,,13.5614,,0,,14.42,1.68,safe,1.57,,CAMERA_ONLY
0,14.3868,t84,LIDAR_ONLY,12.7643,12.7643,,,,,,,,14.42,1.68,slow,20.96,front,LIDAR_ONLY
0,14.3868,t84,LIDAR_ONLY,12.9071,12.9071,,,,,,,,14.42,1.68,slow,13.31,front,LIDAR_ONLY
0,14.3868,t84,LIDAR_ONLY,13.1165,13.1165,,,,,,,,14.42,1.68,slow,14.24,front,LIDAR_ONLY
0,14.3868,t84,LIDAR_ONLY,13.4102,13.4102,,,,,,,,14.42,1.68,slow,15.60,front,LIDAR_ONLY
0,14.3868,t83,LIDAR_ONLY,35.5178,35.5178,29.1902,6.3276,6.3276,21.6773,21.6773,0,0,14.42,1.68,drive,-18.70,front,LIDAR_ONLY
0,14.4635,cam_0,CAM_ONLY,35.2492,,34.9845,0.2647,,0.7566,,1,,10.43,15.95,slowdown,-3.31,,CAMERA_ONLY
0,14.4635,cam_0,CAM_ONLY,41.1611,,34.9845,6.1766,,17.6551,,0,,10.43,15.95,safe,1.61,,CAMERA_ONLY
0,14.5260,cam_0,CAM_ONLY,36.4943,,34.7227,1.7716,,5.1022,,0,,10.35,5.05,safe,-2.95,,CAMERA_ONLY
0,14.5260,cam_0,CAM_ONLY,36.8468,,34.7227,2.1241,,6.1174,,0,,10.35,5.05,safe,1.75,,CAMERA_ONLY
0,14.5904,t83,BOTH,35.6523,36.1693,32.3125,3.3398,3.8568,10.3358,11.9359,0,0,10.40,2.50,slowdown,-2.59,,FULL_ANGLE
0,14.5904,t83,BOTH,39.9441,36.1693,32.3125,7.6316,3.8568,23.6179,11.9359,0,0,10.40,2.50,safe,1.97,,FULL_ANGLE
0,14.5904,t83,LIDAR_ONLY,36.1241,36.1241,32.3125,3.8115,3.8115,11.7959,11.7959,0,0,10.40,2.50,drive,-18.18,front,LIDAR_ONLY
0,14.5904,t93,LIDAR_ONLY,45.6984,45.6984,,,,,,,,10.40,2.50,drive,28.00,front,LIDAR_ONLY
0,14.5904,t93,LIDAR_ONLY,11.0222,11.0222,,,,,,,,10.40,2.50,slow,27.45,front,LIDAR_ONLY
0,14.5904,t84,LIDAR_ONLY,13.8094,13.8094,,,,,,,,10.40,2.50,slow,15.73,front,LIDAR_ONLY
0,14.6677,cam_0,CAM_ONLY,36.1671,,34.0661,2.1011,,6.1676,,0,,15.54,14.37,safe,-2.15,,CAMERA_ONLY
0,14.6677,cam_0,CAM_ONLY,40.5927,,34.0661,6.5267,,19.1588,,0,,15.54,14.37,safe,2.28,,CAMERA_ONLY
0,14.7432,cam_0,CAM_ONLY,36.6312,,33.7151,2.9162,,8.6495,,0,,10.80,3.70,safe,-1.48,,CAMERA_ONLY
0,14.7432,cam_0,CAM_ONLY,38.5204,,33.7151,4.8054,,14.2530,,0,,10.80,3.70,safe,2.73,,CAMERA_ONLY
0,14.7432,t93,LIDAR_ONLY,11.2278,11.2278,,,,,,,,10.80,3.70,slow,29.06,front,LIDAR_ONLY
0,14.7432,t84,LIDAR_ONLY,15.1823,15.1823,,,,,,,,10.80,3.70,slow,15.08,front,LIDAR_ONLY
0,14.7432,t84,LIDAR_ONLY,16.0591,16.0591,,,,,,,,10.80,3.70,cautious,16.81,front,LIDAR_ONLY
0,14.7432,t84,LIDAR_ONLY,16.6070,16.6070,,,,,,,,10.80,3.70,cautious,17.77,front,LIDAR_ONLY
0,14.7432,t84,LIDAR_ONLY,17.0513,17.0513,,,,,,,,10.80,3.70,cautious,16.16,front,LIDAR_ONLY
0,14.8139,cam_0,CAM_ONLY,34.5708,,33.4061,1.1646,,3.4863,,0,,11.08,16.07,slowdown,-1.12,,CAMERA_ONLY
0,14.8139,cam_0,CAM_ONLY,38.5182,,33.4061,5.1120,,15.3027,,0,,11.08,16.07,safe,2.95,,CAMERA_ONLY
0,14.8853,cam_0,CAM_ONLY,34.4030,,33.0953,1.3077,,3.9513,,0,,9.57,6.63,slowdown,-0.54,,CAMERA_ONLY
0,14.8853,cam_0,CAM_ONLY,37.7591,,33.0953,4.6638,,14.0921,,0,,9.57,6.63,safe,3.26,,CAMERA_ONLY
0,14.9563,cam_0,CAM_ONLY,34.6706,,32.8039,1.8667,,5.6905,,0,,9.57,8.19,slowdown,-0.22,,CAMERA_ONLY
0,14.9563,cam_0,CAM_ONLY,40.8128,,32.8039,8.0089,,24.4146,,0,,9.57,8.19,safe,3.53,,CAMERA_ONLY
0,14.9563,t84,LIDAR_ONLY,17.5880,17.5880,,,,,,,,9.57,8.19,cautious,15.77,front,LIDAR_ONLY
0,14.9563,t84,LIDAR_ONLY,17.6254,17.6254,,,,,,,,9.57,8.19,cautious,18.37,front,LIDAR_ONLY
0,15.0166,cam_0,CAM_ONLY,41.1498,,32.5166,8.6331,,26.5499,,0,,10.28,4.72,safe,3.58,,CAMERA_ONLY
0,15.0819,cam_0,CAM_ONLY,39.9361,,32.2486,7.6875,,23.8384,,0,,11.02,5.80,safe,3.53,,CAMERA_ONLY
0,15.1397,t107,LIDAR_ONLY,41.6755,41.6755,,,,,,,,10.69,2.33,drive,-17.92,front,LIDAR_ONLY
0,15.1397,t84,LIDAR_ONLY,11.8093,11.8093,,,,,,,,10.69,2.33,slow,26.88,front,LIDAR_ONLY
0,15.1397,t108,LIDAR_ONLY,20.7116,20.7116,57.7374,37.0258,37.0258,64.1279,64.1279,0,0,10.69,2.33,drive,15.04,front,LIDAR_ONLY
0,15.2779,cam_0,CAM_ONLY,35.6813,,31.4583,4.2230,,13.4240,,0,,11.50,5.50,safe,3.09,,CAMERA_ONLY
0,15.3350,t113,BOTH,35.2199,31.3738,31.1987,4.0212,0.1751,12.8890,0.5613,0,1,10.65,1.09,safe,2.95,,FULL_ANGLE
0,15.3350,t107,LIDAR_ONLY,41.4016,41.4016,,,,,,,,10.65,1.09,drive,-18.86,front,LIDAR_ONLY
0,15.4162,cam_0,CAM_ONLY,34.6281,,30.8239,3.8042,,12.3417,,0,,12.20,14.56,slowdown,2.91,,CAMERA_ONLY
0,15.4909,cam_0,CAM_ONLY,32.3748,,30.5409,1.8340,,6.0050,,0,,14.48,1.23,slowdown,2.77,,CAMERA_ONLY
0,15.4909,t107,LIDAR_ONLY,40.9820,40.9820,,,,,,,,14.48,1.23,drive,-19.49,front,LIDAR_ONLY
0,15.5752,cam_0,CAM_ONLY,32.8092,,30.0917,2.7175,,9.0308,,0,,19.81,10.11,slowdown,2.59,,CAMERA_ONLY
0,15.6468,t120,BOTH,33.5020,20.5087,29.7715,3.7305,9.2628,12.5304,31.1130,0,0,16.76,8.39,slowdown,2.42,,FULL_ANGLE
0,15.7148,cam_0,CAM_ONLY,31.3871,,29.4614,1.9257,,6.5364,,0,,17.12,5.01,warning,2.15,,CAMERA_ONLY
0,15.7925,t124,BOTH,30.5570,29.3167,29.1204,1.4366,0.1963,4.9333,0.6742,0,1,19.91,5.34,warning,2.06,,FULL_ANGLE
0,15.7925,t121,LIDAR_ONLY,38.9922,38.9922,,,,,,,,19.91,5.34,drive,-20.65,front,LIDAR_ONLY
0,15.7925,t120,LIDAR_ONLY,18.4445,18.4445,,,,,,,,19.91,5.34,cautious,15.86,front,LIDAR_ONLY
0,15.7925,t120,LIDAR_ONLY,18.0913,18.0913,,,,,,,,19.91,5.34,cautious,17.70,front,LIDAR_ONLY
0,15.8710,cam_0,CAM_ONLY,29.8508,,28.7853,1.0654,,3.7013,,0,,19.70,6.36,warning,2.15,,CAMERA_ONLY
0,15.9508,t124,BOTH,28.8535,29.0180,28.4149,0.4386,0.6031,1.5436,2.1225,1,1,20.63,7.69,warning,2.15,,FULL_ANGLE
0,15.9508,t120,LIDAR_ONLY,18.1439,18.1439,,,,,,,,20.63,7.69,cautious,14.85,front,LIDAR_ONLY
0,15.9508,t120,LIDAR_ONLY,18.1602,18.1602,,,,,,,,20.63,7.69,cautious,15.86,front,LIDAR_ONLY
0,15.9508,t120,LIDAR_ONLY,17.6905,17.6905,,,,,,,,20.63,7.69,cautious,16.66,front,LIDAR_ONLY
0,16.0355,cam_0,CAM_ONLY,26.4017,,28.0914,1.6897,,6.0152,,0,,12.77,3.78,warning,2.15,,CAMERA_ONLY
0,16.1174,cam_0,CAM_ONLY,24.9708,,27.7716,2.8008,,10.0852,,0,,13.60,18.53,warning,2.19,,CAMERA_ONLY
0,16.2213,cam_0,CAM_ONLY,22.2678,,27.4006,5.1328,,18.7326,,0,,13.48,12.92,warning,2.28,,CAMERA_ONLY
0,16.2948,t134,BOTH,22.8693,18.8632,27.1387,4.2694,8.2754,15.7316,30.4932,0,0,14.30,6.02,warning,2.42,,FULL_ANGLE
0,16.3727,cam_0,CAM_ONLY,23.9719,,26.8841,2.9122,,10.8324,,0,,19.21,12.51,warning,2.55,,CAMERA_ONLY
0,16.4562,cam_0,CAM_ONLY,24.2040,,26.6102,2.4062,,9.0425,,0,,13.65,13.85,warning,2.64,,CAMERA_ONLY
0,16.5189,cam_0,CAM_ONLY,23.0687,,26.4418,3.3731,,12.7565,,0,,10.18,3.63,warning,2.64,,CAMERA_ONLY
0,16.5915,t139,BOTH,22.6949,18.3707,,,,,,,,14.17,4.33,warning,2.77,,FULL_ANGLE
0,16.5915,t138,LIDAR_ONLY,36.2277,36.2277,,,,,,,,14.17,4.33,drive,-21.97,front,LIDAR_ONLY
0,16.5915,t139,LIDAR_ONLY,17.4416,17.4416,,,,,,,,14.17,4.33,drive,17.62,front,LIDAR_ONLY
0,16.6696,cam_0,CAM_ONLY,22.9343,,26.0015,3.0671,,11.7960,,0,,11.60,20.12,warning,2.86,,CAMERA_ONLY
0,16.7400,cam_0,CAM_ONLY,23.1945,,25.8104,2.6159,,10.1349,,0,,16.41,3.42,warning,2.86,,CAMERA_ONLY
0,16.7400,t138,LIDAR_ONLY,36.0791,36.0791,,,,,,,,16.41,3.42,drive,-22.23,front,LIDAR_ONLY
0,16.8147,cam_0,CAM_ONLY,22.9943,,25.6214,2.6270,,10.2533,,0,,13.22,18.76,warning,3.00,,CAMERA_ONLY
0,16.8845,cam_0,CAM_ONLY,23.3313,,25.4414,2.1102,,8.2943,,0,,17.78,2.32,warning,3.09,,CAMERA_ONLY
0,16.8845,t138,LIDAR_ONLY,35.9195,35.9195,,,,,,,,17.78,2.32,drive,-22.43,front,LIDAR_ONLY
0,16.9428,cam_0,CAM_ONLY,24.2717,,25.3054,1.0337,,4.0849,,0,,9.07,2.05,warning,3.17,,CAMERA_ONLY
0,16.9428,t146,LIDAR_ONLY,10.2580,10.2580,,,,,,,,9.07,2.05,slow,27.99,front,LIDAR_ONLY
0,17.0158,cam_0,CAM_ONLY,23.8815,,25.1510,1.2695,,5.0474,,0,,11.72,18.48,warning,3.31,,CAMERA_ONLY
0,17.1180,cam_0,CAM_ONLY,24.4909,,24.9262,0.4353,,1.7462,,1,,20.74,20.66,warning,3.22,,CAMERA_ONLY
0,17.1831,cam_0,CAM_ONLY,26.9000,,24.8039,2.0961,,8.4507,,0,,10.91,6.03,safe,3.13,,CAMERA_ONLY
0,17.2621,cam_0,CAM_ONLY,26.9868,,24.6422,2.3445,,9.5143,,0,,13.86,11.35,safe,3.09,,CAMERA_ONLY
0,17.3376,cam_0,CAM_ONLY,26.8663,,24.5028,2.3635,,9.6460,,0,,12.40,5.27,safe,3.09,,CAMERA_ONLY
0,17.3988,t159,BOTH,26.2236,17.5695,,,,,,,,10.05,7.61,slowdown,3.04,,FULL_ANGLE
0,17.3988,t159,LIDAR_ONLY,16.8352,16.8352,,,,,,,,10.05,7.61,drive,18.10,front,LIDAR_ONLY
0,17.4669,cam_0,CAM_ONLY,25.0390,,50.0536,25.0147,,49.9758,,0,,10.58,6.11,warning,3.13,,CAMERA_ONLY
0,17.4669,cam_0,CAM_ONLY,38.5269,,50.0536,11.5267,,23.0287,,0,,10.58,6.11,safe,9.27,,CAMERA_ONLY
0,17.5321,cam_0,CAM_ONLY,24.9159,,24.0895,0.8264,,3.4305,,1,,11.53,6.20,warning,3.13,,CAMERA_ONLY
0,17.5321,t160,LIDAR_ONLY,34.3946,34.3946,,,,,,,,11.53,6.20,drive,-23.16,front,LIDAR_ONLY
0,17.6061,cam_0,CAM_ONLY,23.5895,,23.9221,0.3326,,1.3901,,1,,13.66,14.61,warning,3.04,,CAMERA_ONLY
0,17.6693,cam_0,CAM_ONLY,25.6538,,23.7901,1.8637,,7.8340,,0,,13.35,4.66,slowdown,3.17,,CAMERA_ONLY
0,17.7687,t165,BOTH,26.5206,16.8454,23.5769,2.9436,6.7315,12.4853,28.5513,0,0,23.69,21.61,slowdown,3.22,,FULL_ANGLE
0,17.8336,t166,LIDAR_ONLY,33.7265,33.7265,,,,,,,,10.52,1.54,drive,-23.66,front,LIDAR_ONLY
0,17.9811,cam_0,CAM_ONLY,22.9903,,48.9300,25.9398,,53.0140,,0,,10.94,5.67,warning,3.22,,CAMERA_ONLY
0,17.9811,cam_0,CAM_ONLY,41.4417,,48.9300,7.4883,,15.3041,,0,,10.94,5.67,safe,6.95,,CAMERA_ONLY
0,18.0722,cam_0,CAM_ONLY,22.5507,,22.8919,0.3412,,1.4906,,1,,16.63,8.42,warning,3.26,,CAMERA_ONLY
0,18.1437,t177,BOTH,22.6637,23.0749,22.7238,0.0602,0.3510,0.2649,1.5447,1,1,14.71,3.83,warning,3.31,,FULL_ANGLE
0,18.1437,t176,LIDAR_ONLY,16.8724,16.8724,,,,,,,,14.71,3.83,drive,18.00,front,LIDAR_ONLY
0,18.2144,cam_0,CAM_ONLY,23.2909,,22.5638,0.7270,,3.2220,,1,,17.93,5.79,warning,3.31,,CAMERA_ONLY
0,18.3434,t182,LIDAR_ONLY,32.6646,32.6646,,,,,,,,16.09,3.53,drive,-24.28,front,LIDAR_ONLY
0,18.3434,t183,LIDAR_ONLY,9.9993,9.9993,,,,,,,,16.09,3.53,slow,29.43,front,LIDAR_ONLY
0,18.3434,t177,LIDAR_ONLY,22.8524,22.8524,22.2743,0.5780,0.5780,2.5951,2.5951,1,1,16.09,3.53,drive,3.03,front,LIDAR_ONLY
0,18.7352,t191,LIDAR_ONLY,31.7867,31.7867,,,,,,,,9.17,1.11,drive,-24.79,front,LIDAR_ONLY
0,18.8171,cam_1,CAM_ONLY,22.9742,,21.1745,1.7997,,8.4994,,0,,12.31,19.45,warning,3.80,,CAMERA_ONLY
0,18.8858,cam_1,CAM_ONLY,23.3770,,20.9757,2.4013,,11.4479,,0,,10.02,5.11,warning,3.84,,CAMERA_ONLY
0,18.9705,cam_1,CAM_ONLY,23.4325,,20.7272,2.7054,,13.0524,,0,,18.43,8.91,warning,3.98,,CAMERA_ONLY
0,19.0546,t200,LIDAR_ONLY,16.0892,16.0892,,,,,,,,12.54,13.13,cautious,19.88,front,LIDAR_ONLY
0,19.0546,t201,LIDAR_ONLY,20.7611,20.7611,20.4777,0.2834,0.2834,1.3839,1.3839,1,1,12.54,13.13,drive,5.24,front,LIDAR_ONLY
0,19.2776,cam_1,CAM_ONLY,23.0432,,19.8329,3.2103,,16.1866,,0,,15.94,5.37,warning,4.11,,CAMERA_ONLY
0,19.3393,t210,BOTH,22.6046,19.8954,19.6788,2.9258,0.2166,14.8676,1.1006,0,1,13.75,1.55,warning,4.16,,FULL_ANGLE
0,19.3393,t210,BOTH,31.4248,19.8954,19.6788,11.7460,0.2166,59.6884,1.1006,0,1,13.75,1.55,safe,10.71,,FULL_ANGLE
0,19.3393,t207,LIDAR_ONLY,30.2171,30.2171,,,,,,,,13.75,1.55,drive,-25.90,front,LIDAR_ONLY
0,19.3393,t208,LIDAR_ONLY,12.8573,12.8573,,,,,,,,13.75,1.55,cautious,23.68,front,LIDAR_ONLY
0,19.3393,t208,LIDAR_ONLY,13.1977,13.1977,,,,,,,,13.75,1.55,cautious,19.95,front,LIDAR_ONLY
0,19.4196,cam_1,CAM_ONLY,22.0150,,45.1928,23.1778,,51.2864,,0,,15.78,15.78,warning,4.16,,CAMERA_ONLY
0,19.4196,cam_1,CAM_ONLY,31.1247,,45.1928,14.0681,,31.1290,,0,,15.78,15.78,safe,10.79,,CAMERA_ONLY
0,19.4836,cam_1,CAM_ONLY,21.6168,,45.0214,23.4046,,51.9855,,0,,10.64,1.45,warning,4.16,,CAMERA_ONLY
0,19.4836,cam_1,CAM_ONLY,31.0903,,45.0214,13.9311,,30.9433,,0,,10.64,1.45,safe,10.92,,CAMERA_ONLY
0,19.4836,t207,LIDAR_ONLY,30.0580,30.0580,,,,,,,,10.64,1.45,drive,-26.41,front,LIDAR_ONLY
0,19.5660,cam_1,CAM_ONLY,21.6051,,44.7653,23.1602,,51.7370,,0,,12.82,18.23,warning,4.20,,CAMERA_ONLY
0,19.5660,cam_1,CAM_ONLY,31.9411,,44.7653,12.8243,,28.6477,,0,,12.82,18.23,safe,10.97,,CAMERA_ONLY
0,19.6365,cam_1,CAM_ONLY,20.6310,,44.5717,23.9407,,53.7128,,0,,13.45,1.37,warning,4.24,,CAMERA_ONLY
0,19.6365,cam_1,CAM_ONLY,31.0539,,44.5717,13.5178,,30.3283,,0,,13.45,1.37,safe,11.09,,CAMERA_ONLY
0,19.6365,t207,LIDAR_ONLY,29.8216,29.8216,,,,,,,,13.45,1.37,drive,-26.84,front,LIDAR_ONLY
0,19.6951,t217,BOTH,21.0855,18.8685,18.6350,2.4505,0.2335,13.1502,1.2529,0,1,10.33,4.65,warning,4.29,,FULL_ANGLE
0,19.6951,cam_1,CAM_ONLY,33.6937,,44.4194,10.7257,,24.1464,,0,,10.33,4.65,safe,11.09,,CAMERA_ONLY
0,19.6951,t216,LIDAR_ONLY,17.0808,17.0808,,,,,,,,10.33,4.65,drive,20.00,front,LIDAR_ONLY
0,19.7680,cam_1,CAM_ONLY,20.4564,,18.4746,1.9818,,10.7273,,0,,12.31,12.65,warning,4.33,,CAMERA_ONLY
0,19.8316,cam_1,CAM_ONLY,20.2844,,18.3028,1.9817,,10.8270,,0,,9.85,5.06,warning,4.33,,CAMERA_ONLY
0,19.9294,cam_1,CAM_ONLY,18.6773,,43.8784,25.2011,,57.4339,,0,,11.00,2.02,warning,4.47,,CAMERA_ONLY
0,19.9294,cam_1,CAM_ONLY,29.2717,,43.8784,14.6067,,33.2891,,0,,11.00,2.02,safe,11.52,,CAMERA_ONLY
0,19.9294,t222,LIDAR_ONLY,28.8612,28.8612,,,,,,,,11.00,2.02,drive,-27.48,front,LIDAR_ONLY
0,20.0057,cam_1,CAM_ONLY,17.8727,,43.7114,25.8387,,59.1120,,0,,11.40,10.17,stop,4.51,,CAMERA_ONLY
0,20.0057,cam_1,CAM_ONLY,30.0181,,43.7114,13.6933,,31.3266,,0,,11.40,10.17,safe,11.52,,CAMERA_ONLY
0,20.0695,cam_1,CAM_ONLY,17.9525,,17.7965,0.1559,,0.8760,,1,,11.99,3.68,stop,4.47,,CAMERA_ONLY
0,20.1319,cam_1,CAM_ONLY,18.6183,,17.6691,0.9492,,5.3721,,1,,9.65,2.58,warning,4.38,,CAMERA_ONLY
0,20.1319,t222,LIDAR_ONLY,28.6432,28.6432,,,,,,,,9.65,2.58,drive,-27.91,front,LIDAR_ONLY
0,20.2100,cam_1,CAM_ONLY,19.0759,,17.5103,1.5656,,8.9410,,0,,12.32,14.30,warning,4.42,,CAMERA_ONLY
0,20.2806,cam_1,CAM_ONLY,19.7868,,17.3883,2.3985,,13.7940,,0,,16.97,7.21,warning,4.38,,CAMERA_ONLY
0,20.3462,t233,BOTH,19.9310,17.5422,17.2979,2.6332,0.2444,15.2226,1.4128,0,1,16.37,3.25,warning,4.38,,FULL_ANGLE
0,20.3462,t232,LIDAR_ONLY,15.7933,15.7933,74.2924,58.4991,58.4991,78.7417,78.7417,0,0,16.37,3.25,cautious,21.45,front,LIDAR_ONLY
0,20.4193,cam_1,CAM_ONLY,20.2499,,17.1671,3.0828,,17.9575,,0,,13.21,9.45,warning,4.38,,CAMERA_ONLY
0,20.6383,t241,BOTH,20.3990,17.3764,17.1153,3.2836,0.2611,19.1853,1.5253,0,1,18.21,2.60,safe,4.29,,FULL_ANGLE
0,20.6383,t239,LIDAR_ONLY,28.0164,28.0164,,,,,,,,18.21,2.60,drive,-28.70,front,LIDAR_ONLY
0,20.6383,t240,LIDAR_ONLY,16.2462,16.2462,74.1893,57.9432,57.9432,78.1017,78.1017,0,0,18.21,2.60,drive,20.96,front,LIDAR_ONLY
0,20.7857,cam_1,CAM_ONLY,19.9632,,17.0543,2.9089,,17.0568,,0,,11.85,1.96,warning,4.24,,CAMERA_ONLY
0,20.7857,t239,LIDAR_ONLY,27.9943,27.9943,,,,,,,,11.85,1.96,drive,-28.75,front,LIDAR_ONLY
0,20.8426,t241,BOTH,20.3851,17.3225,17.0368,3.3482,0.2857,19.6529,1.6769,0,1,9.09,2.26,safe,4.20,,FULL_ANGLE
0,20.8426,t239,LIDAR_ONLY,27.9822,27.9822,,,,,,,,9.09,2.26,drive,-28.80,front,LIDAR_ONLY
0,20.8426,t240,LIDAR_ONLY,10.9923,10.9923,,,,,,,,9.09,2.26,cautious,29.64,front,LIDAR_ONLY
0,20.8426,t246,LIDAR_ONLY,18.0265,18.0265,74.1443,56.1178,56.1178,75.6873,75.6873,0,0,9.09,2.26,drive,19.61,front,LIDAR_ONLY
0,20.9174,cam_1,CAM_ONLY,20.7022,,17.0308,3.6714,,21.5577,,0,,19.28,5.28,safe,4.20,,CAMERA_ONLY
0,21.0021,cam_1,CAM_ONLY,20.4698,,17.0137,3.4561,,20.3138,,0,,15.64,8.72,safe,4.20,,CAMERA_ONLY
0,21.0021,t246,LIDAR_ONLY,17.3131,17.3131,74.1204,56.8073,56.8073,76.6419,76.6419,0,0,15.64,8.72,drive,20.27,front,LIDAR_ONLY
0,21.0021,t246,LIDAR_ONLY,16.4367,16.4367,74.1204,57.6837,57.6837,77.8244,77.8244,0,0,15.64,8.72,drive,22.59,front,LIDAR_ONLY
0,21.0679,cam_1,CAM_ONLY,20.2883,,16.9903,3.2980,,19.4112,,0,,11.86,4.10,warning,4.20,,CAMERA_ONLY
0,21.1297,cam_1,CAM_ONLY,20.0236,,16.9718,3.0518,,17.9815,,0,,14.38,2.66,safe,4.20,,CAMERA_ONLY
0,21.1297,t252,LIDAR_ONLY,27.9511,27.9511,,,,,,,,14.38,2.66,drive,-28.75,front,LIDAR_ONLY
0,21.1969,cam_1,CAM_ONLY,20.0595,,16.9703,3.0893,,18.2041,,0,,9.93,5.92,safe,4.20,,CAMERA_ONLY
0,21.1969,t246,LIDAR_ONLY,16.4674,16.4674,74.0679,57.6005,57.6005,77.7671,77.7671,0,0,9.93,5.92,drive,20.29,front,LIDAR_ONLY
0,21.2709,cam_1,CAM_ONLY,19.8169,,16.9579,2.8590,,16.8596,,0,,18.39,13.20,warning,4.16,,CAMERA_ONLY
0,21.3452,t258,BOTH,19.8349,17.2228,16.9522,2.8827,0.2706,17.0052,1.5964,0,1,11.60,4.45,safe,4.16,,FULL_ANGLE
0,21.4307,cam_1,CAM_ONLY,19.9983,,16.9475,3.0508,,18.0013,,0,,14.00,6.99,safe,4.16,,CAMERA_ONLY
0,21.4963,t258,BOTH,19.7427,17.1901,16.9348,2.8079,0.2553,16.5806,1.5076,0,1,11.11,5.10,warning,4.11,,FULL_ANGLE
0,21.4963,t263,LIDAR_ONLY,17.3106,17.3106,74.0420,56.7315,56.7315,76.6206,76.6206,0,0,11.11,5.10,drive,20.14,front,LIDAR_ONLY
0,21.5710,cam_1,CAM_ONLY,20.0037,,16.9297,3.0740,,18.1575,,0,,16.78,10.78,safe,4.16,,CAMERA_ONLY
0,21.6312,cam_1,CAM_ONLY,20.0460,,16.9289,3.1171,,18.4127,,0,,10.29,3.49,safe,4.16,,CAMERA_ONLY
0,21.6312,t266,LIDAR_ONLY,27.9038,27.9038,,,,,,,,10.29,3.49,drive,-28.86,front,LIDAR_ONLY
0,21.7117,cam_1,CAM_ONLY,19.9730,,16.9201,3.0529,,18.0430,,0,,17.60,17.62,warning,4.16,,CAMERA_ONLY
0,21.7734,cam_1,CAM_ONLY,19.9606,,16.9147,3.0459,,18.0075,,0,,11.40,3.50,safe,4.16,,CAMERA_ONLY
0,21.8308,cam_1,CAM_ONLY,19.5895,,16.9133,2.6761,,15.8227,,0,,10.69,6.14,warning,4.16,,CAMERA_ONLY
0,21.8878,t276,BOTH,19.6648,17.1762,16.9123,2.7526,0.2639,16.2755,1.5607,0,1,11.90,1.41,safe,4.16,,FULL_ANGLE
0,21.8878,t274,LIDAR_ONLY,27.8348,27.8348,,,,,,,,11.90,1.41,drive,-29.07,front,LIDAR_ONLY
0,21.8878,t275,LIDAR_ONLY,13.4424,13.4424,74.0160,60.5736,60.5736,81.8385,81.8385,0,0,11.90,1.41,cautious,23.74,front,LIDAR_ONLY
0,21.8878,t275,LIDAR_ONLY,14.0574,14.0574,74.0160,59.9586,59.9586,81.0076,81.0076,0,0,11.90,1.41,cautious,20.09,front,LIDAR_ONLY
0,21.9506,cam_1,CAM_ONLY,19.4609,,42.7477,23.2868,,54.4750,,0,,9.56,8.14,warning,4.20,,CAMERA_ONLY
0,21.9506,cam_1,CAM_ONLY,37.5270,,42.7477,5.2207,,12.2129,,0,,9.56,8.14,safe,10.71,,CAMERA_ONLY
0,22.0251,cam_1,CAM_ONLY,19.4358,,16.9107,2.5251,,14.9317,,0,,14.34,5.63,warning,4.16,,CAMERA_ONLY
0,22.0882,t276,BOTH,19.1366,17.1702,16.9107,2.2259,0.2595,13.1624,1.5343,0,1,13.13,2.33,warning,4.16,,FULL_ANGLE
0,22.0882,t274,LIDAR_ONLY,27.8269,27.8269,,,,,,,,13.13,2.33,drive,-29.16,front,LIDAR_ONLY
0,22.0882,t275,LIDAR_ONLY,14.5970,14.5970,74.0145,59.4175,59.4175,80.2781,80.2781,0,0,13.13,2.33,cautious,19.89,front,LIDAR_ONLY
0,22.1698,cam_1,CAM_ONLY,19.3885,,16.9107,2.4778,,14.6520,,0,,9.41,19.50,warning,4.20,,CAMERA_ONLY
0,22.2416,t276,BOTH,19.2560,17.1623,16.9107,2.3453,0.2515,13.8686,1.4875,0,1,14.75,3.29,warning,4.20,,FULL_ANGLE
0,22.2416,t275,LIDAR_ONLY,15.0464,15.0464,74.0145,58.9681,58.9681,79.6710,79.6710,0,0,14.75,3.29,cautious,19.40,front,LIDAR_ONLY
0,22.2416,t275,LIDAR_ONLY,15.3875,15.3875,74.0145,58.6270,58.6270,79.2101,79.2101,0,0,14.75,3.29,cautious,20.71,front,LIDAR_ONLY
0,22.3165,cam_1,CAM_ONLY,19.5791,,16.9107,2.6684,,15.7793,,0,,9.60,15.94,warning,4.20,,CAMERA_ONLY
0,22.3829,cam_1,CAM_ONLY,19.5675,,16.9107,2.6568,,15.7108,,0,,9.73,2.29,warning,4.20,,CAMERA_ONLY
0,22.3829,t284,LIDAR_ONLY,27.7782,27.7782,,,,,,,,9.73,2.29,drive,-28.96,front,LIDAR_ONLY
0,22.4545,t276,BOTH,19.7938,17.1612,16.9107,2.8831,0.2505,17.0487,1.4814,0,1,14.07,10.19,safe,4.20,,FULL_ANGLE
0,22.4545,t275,LIDAR_ONLY,15.9342,15.9342,74.0145,58.0802,58.0802,78.4715,78.4715,0,0,14.07,10.19,drive,20.46,front,LIDAR_ONLY
0,22.5325,cam_1,CAM_ONLY,19.7256,,16.9114,2.8143,,16.6413,,0,,15.03,5.62,warning,4.20,,CAMERA_ONLY
0,22.6102,cam_1,CAM_ONLY,19.4225,,16.9115,2.5110,,14.8478,,0,,18.22,16.23,warning,4.20,,CAMERA_ONLY
0,22.6859,cam_1,CAM_ONLY,19.4234,,16.9115,2.5119,,14.8532,,0,,21.33,10.05,warning,4.20,,CAMERA_ONLY
0,22.7674,cam_1,CAM_ONLY,19.2274,,16.9115,2.3159,,13.6941,,0,,15.10,14.76,warning,4.20,,CAMERA_ONLY
0,22.8363,t298,BOTH,19.1652,17.1944,16.9115,2.2537,0.2829,13.3264,1.6731,0,1,13.56,2.09,warning,4.20,,FULL_ANGLE
0,22.8363,t296,LIDAR_ONLY,27.8058,27.8058,,,,,,,,13.56,2.09,drive,-28.98,front,LIDAR_ONLY
0,22.8363,t297,LIDAR_ONLY,10.3759,10.3759,,,,,,,,13.56,2.09,cautious,29.50,front,LIDAR_ONLY
0,22.9075,cam_1,CAM_ONLY,19.3667,,42.7477,23.3810,,54.6954,,0,,11.05,12.39,warning,4.20,,CAMERA_ONLY
0,22.9075,cam_1,CAM_ONLY,37.8154,,42.7477,4.9323,,11.5382,,0,,11.05,12.39,safe,10.58,,CAMERA_ONLY
0,22.9772,cam_1,CAM_ONLY,19.3566,,16.9115,2.4451,,14.4584,,0,,16.27,5.77,warning,4.20,,CAMERA_ONLY
0,23.0334,cam_1,CAM_ONLY,19.5712,,16.9115,2.6597,,15.7271,,0,,9.83,1.42,warning,4.20,,CAMERA_ONLY
0,23.0334,t296,LIDAR_ONLY,27.7894,27.7894,,,,,,,,9.83,1.42,drive,-29.01,front,LIDAR_ONLY
0,23.1112,cam_1,CAM_ONLY,19.4399,,16.9115,2.5284,,14.9509,,0,,17.07,14.67,warning,4.20,,CAMERA_ONLY
0,23.2221,cam_1,CAM_ONLY,19.7969,,42.7477,22.9508,,53.6890,,0,,21.19,22.79,safe,4.20,,CAMERA_ONLY
0,23.2221,cam_1,CAM_ONLY,39.1749,,42.7477,3.5728,,8.3580,,0,,21.19,22.79,safe,10.58,,CAMERA_ONLY
0,23.3183,cam_1,CAM_ONLY,19.4962,,42.7479,23.2518,,54.3927,,0,,18.85,16.46,warning,4.20,,CAMERA_ONLY
0,23.3183,cam_1,CAM_ONLY,38.9557,,42.7479,3.7923,,8.8712,,0,,18.85,16.46,safe,10.58,,CAMERA_ONLY
0,23.3847,cam_1,CAM_ONLY,19.5273,,16.9115,2.6158,,15.4676,,0,,9.15,5.55,warning,4.20,,CAMERA_ONLY
0,23.4390,t316,BOTH,19.9477,17.1508,16.9115,3.0362,0.2393,17.9533,1.4150,0,1,9.49,1.94,safe,4.20,,FULL_ANGLE
0,23.4390,t313,LIDAR_ONLY,27.7921,27.7921,,,,,,,,9.49,1.94,drive,-28.99,front,LIDAR_ONLY
0,23.5248,cam_1,CAM_ONLY,19.7209,,16.9103,2.8106,,16.6207,,0,,16.27,19.07,safe,4.20,,CAMERA_ONLY
0,23.5895,t316,BOTH,19.7902,17.1551,16.9078,2.8824,0.2473,17.0479,1.4629,0,1,10.36,2.19,safe,4.20,,FULL_ANGLE
0,23.5895,t320,LIDAR_ONLY,17.2887,17.2887,74.0117,56.7229,56.7229,76.6405,76.6405,0,0,10.36,2.19,drive,20.18,front,LIDAR_ONLY
0,23.6661,cam_1,CAM_ONLY,20.1514,,16.8921,3.2593,,19.2946,,0,,12.76,16.01,warning,4.20,,CAMERA_ONLY
0,23.7392,cam_1,CAM_ONLY,20.3746,,16.8834,3.4911,,20.6778,,0,,9.08,8.69,safe,4.20,,CAMERA_ONLY
0,23.8164,cam_1,CAM_ONLY,19.8144,,16.8806,2.9338,,17.3797,,0,,10.32,9.53,safe,4.20,,CAMERA_ONLY
0,23.8776,cam_1,CAM_ONLY,20.0053,,16.8717,3.1336,,18.5733,,0,,10.57,5.68,warning,4.20,,CAMERA_ONLY
0,23.9366,t327,BOTH,19.6282,17.1239,16.8679,2.7603,0.2559,16.3641,1.5173,0,1,12.52,1.25,safe,4.16,,FULL_ANGLE
0,23.9366,cam_1,CAM_ONLY,39.0341,,42.7048,3.6707,,8.5955,,0,,12.52,1.25,safe,10.62,,CAMERA_ONLY
0,23.9366,t325,LIDAR_ONLY,27.7539,27.7539,,,,,,,,12.52,1.25,drive,-28.99,front,LIDAR_ONLY
0,24.0129,cam_1,CAM_ONLY,19.7606,,42.7031,22.9426,,53.7257,,0,,20.23,6.01,safe,4.16,,CAMERA_ONLY
0,24.0129,cam_1,CAM_ONLY,39.7336,,42.7031,2.9695,,6.9539,,0,,20.23,6.01,safe,10.58,,CAMERA_ONLY
0,24.0685,cam_1,CAM_ONLY,19.5886,,42.6963,23.1077,,54.1211,,0,,9.39,2.40,warning,4.16,,CAMERA_ONLY
0,24.0685,cam_1,CAM_ONLY,39.1277,,42.6963,3.5686,,8.3581,,0,,9.39,2.40,safe,10.62,,CAMERA_ONLY
0,24.1324,t327,BOTH,19.4505,17.1059,16.8557,2.5948,0.2502,15.3940,1.4843,0,1,11.95,1.67,warning,4.20,,FULL_ANGLE
0,24.1324,cam_1,CAM_ONLY,38.5141,,42.6896,4.1756,,9.7812,,0,,11.95,1.67,safe,10.62,,CAMERA_ONLY
0,24.1324,t325,LIDAR_ONLY,27.7675,27.7675,,,,,,,,11.95,1.67,drive,-28.94,front,LIDAR_ONLY
0,24.1324,t329,LIDAR_ONLY,10.9014,10.9014,73.9515,63.0501,63.0501,85.2588,85.2588,0,0,11.95,1.67,cautious,27.84,front,LIDAR_ONLY
0,24.1324,t329,LIDAR_ONLY,11.2915,11.2915,73.9515,62.6601,62.6601,84.7313,84.7313,0,0,11.95,1.67,cautious,20.68,front,LIDAR_ONLY
0,24.3055,t327,BOTH,20.5630,17.1096,16.8549,3.7081,0.2546,22.0001,1.5108,0,1,16.66,14.13,safe,4.20,,FULL_ANGLE
0,24.3055,t329,LIDAR_ONLY,11.6310,11.6310,73.9507,62.3197,62.3197,84.2720,84.2720,0,0,16.66,14.13,cautious,19.21,front,LIDAR_ONLY
0,24.3055,t329,LIDAR_ONLY,11.8799,11.8799,73.9507,62.0708,62.0708,83.9354,83.9354,0,0,16.66,14.13,cautious,19.69,front,LIDAR_ONLY
0,24.3708,cam_1,CAM_ONLY,20.1469,,16.8533,3.2936,,19.5427,,0,,11.84,7.91,safe,4.20,,CAMERA_ONLY
0,24.4447,t327,BOTH,19.3011,17.1061,16.8444,2.4567,0.2616,14.5846,1.5533,0,1,17.17,6.42,warning,4.16,,FULL_ANGLE
0,24.4447,cam_1,CAM_ONLY,38.9121,,42.6785,3.7664,,8.8251,,0,,17.17,6.42,safe,10.62,,CAMERA_ONLY
0,24.4447,t329,LIDAR_ONLY,12.2161,12.2161,73.9408,61.7247,61.7247,83.4786,83.4786,0,0,17.17,6.42,cautious,20.74,front,LIDAR_ONLY
0,24.5168,cam_1,CAM_ONLY,19.1205,,42.6768,23.5563,,55.1969,,0,,13.63,14.16,warning,4.20,,CAMERA_ONLY
0,24.5168,cam_1,CAM_ONLY,38.5832,,42.6768,4.0936,,9.5921,,0,,13.63,14.16,safe,10.62,,CAMERA_ONLY
0,24.6030,cam_1,CAM_ONLY,19.0855,,16.8422,2.2433,,13.3195,,0,,13.13,6.73,warning,4.20,,CAMERA_ONLY
0,24.6030,t329,LIDAR_ONLY,13.6449,13.6449,73.9404,60.2955,60.2955,81.5461,81.5461,0,0,13.13,6.73,cautious,19.33,front,LIDAR_ONLY
0,24.6030,t329,LIDAR_ONLY,14.7370,14.7370,73.9404,59.2034,59.2034,80.0691,80.0691,0,0,13.13,6.73,cautious,20.19,front,LIDAR_ONLY
0,24.6030,t329,LIDAR_ONLY,15.4229,15.4229,73.9404,58.5174,58.5174,79.1414,79.1414,0,0,13.13,6.73,cautious,20.95,front,LIDAR_ONLY
0,24.6030,t329,LIDAR_ONLY,15.8323,15.8323,73.9404,58.1081,58.1081,78.5877,78.5877,0,0,13.13,6.73,drive,21.92,front,LIDAR_ONLY
0,24.6692,cam_1,CAM_ONLY,18.9740,,16.8422,2.1318,,12.6575,,0,,10.24,2.54,warning,4.20,,CAMERA_ONLY
0,24.7479,t343,BOTH,19.3262,17.0824,16.8422,2.4840,0.2402,14.7488,1.4264,0,1,12.67,3.07,warning,4.20,,FULL_ANGLE
0,24.7479,cam_1,CAM_ONLY,39.1639,,42.6768,3.5129,,8.2315,,0,,12.67,3.07,safe,10.62,,CAMERA_ONLY
0,24.7479,t329,LIDAR_ONLY,16.2815,16.2815,73.9404,57.6589,57.6589,77.9803,77.9803,0,0,12.67,3.07,drive,19.83,front,LIDAR_ONLY
0,24.7479,t329,LIDAR_ONLY,16.2330,16.2330,73.9404,57.7073,57.7073,78.0458,78.0458,0,0,12.67,3.07,drive,21.96,front,LIDAR_ONLY
0,24.8274,cam_1,CAM_ONLY,19.0152,,16.8422,2.1730,,12.9022,,0,,23.26,7.44,warning,4.20,,CAMERA_ONLY
0,24.8914,t343,BOTH,18.9840,17.0911,16.8422,2.1418,0.2489,12.7171,1.4779,0,1,11.51,2.82,warning,4.20,,FULL_ANGLE
0,24.8914,t329,LIDAR_ONLY,16.2609,16.2609,73.9404,57.6795,57.6795,78.0081,78.0081,0,0,11.51,2.82,drive,19.24,front,LIDAR_ONLY
0,24.9708,cam_1,CAM_ONLY,18.8612,,16.8422,2.0190,,11.9880,,0,,17.93,4.69,warning,4.20,,CAMERA_ONLY
0,25.0424,t343,BOTH,18.8988,17.0955,16.8422,2.0566,0.2533,12.2112,1.5042,0,1,20.93,4.19,warning,4.20,,FULL_ANGLE
0,25.0424,t329,LIDAR_ONLY,16.3858,16.3858,73.9404,57.5545,57.5545,77.8391,77.8391,0,0,20.93,4.19,drive,20.11,front,LIDAR_ONLY
0,25.0424,t329,LIDAR_ONLY,16.4622,16.4622,73.9404,57.4782,57.4782,77.7359,77.7359,0,0,20.93,4.19,drive,21.71,front,LIDAR_ONLY
0,25.1212,cam_1,CAM_ONLY,18.8643,,16.8422,2.0221,,12.0064,,0,,11.82,13.95,warning,4.20,,CAMERA_ONLY
0,25.1905,t343,BOTH,19.0295,17.0998,16.8422,2.1873,0.2576,12.9873,1.5297,0,1,10.94,2.41,warning,4.20,,FULL_ANGLE
0,25.1905,cam_1,CAM_ONLY,39.2019,,42.6768,3.4749,,8.1424,,0,,10.94,2.41,safe,10.62,,CAMERA_ONLY
0,25.1905,t329,LIDAR_ONLY,16.4631,16.4631,73.9404,57.4773,57.4773,77.7346,77.7346,0,0,10.94,2.41,drive,20.65,front,LIDAR_ONLY
0,25.2707,cam_1,CAM_ONLY,18.8515,,16.8422,2.0094,,11.9305,,0,,13.00,14.63,warning,4.20,,CAMERA_ONLY
0,25.3424,t343,BOTH,19.1449,17.1030,16.8422,2.3027,0.2608,13.6723,1.5484,0,1,15.66,3.36,warning,4.20,,FULL_ANGLE
0,25.3424,t329,LIDAR_ONLY,16.6708,16.6708,73.9404,57.2695,57.2695,77.4537,77.4537,0,0,15.66,3.36,drive,19.12,front,LIDAR_ONLY
0,25.4123,cam_1,CAM_ONLY,19.0883,,42.6768,23.5885,,55.2724,,0,,14.27,6.42,warning,4.20,,CAMERA_ONLY
0,25.4123,cam_1,CAM_ONLY,39.1965,,42.6768,3.4802,,8.1549,,0,,14.27,6.42,safe,10.62,,CAMERA_ONLY
0,25.4826,cam_1,CAM_ONLY,19.1141,,42.6768,23.5627,,55.2120,,0,,17.98,2.60,warning,4.20,,CAMERA_ONLY
0,25.4826,cam_1,CAM_ONLY,39.2471,,42.6768,3.4297,,8.0363,,0,,17.98,2.60,safe,10.62,,CAMERA_ONLY
0,25.4826,t352,LIDAR_ONLY,27.6566,27.6566,,,,,,,,17.98,2.60,drive,-29.17,front,LIDAR_ONLY
0,25.5660,cam_1,CAM_ONLY,19.0836,,42.6768,23.5932,,55.2834,,0,,16.12,15.94,warning,4.20,,CAMERA_ONLY
0,25.5660,cam_1,CAM_ONLY,39.3463,,42.6768,3.3304,,7.8039,,0,,16.12,15.94,safe,10.62,,CAMERA_ONLY
0,25.6660,cam_1,CAM_ONLY,18.8627,,16.8422,2.0205,,11.9966,,0,,15.77,17.63,warning,4.20,,CAMERA_ONLY
0,25.7326,cam_1,CAM_ONLY,19.0237,,42.6768,23.6531,,55.4238,,0,,15.48,2.65,warning,4.20,,CAMERA_ONLY
0,25.7326,cam_1,CAM_ONLY,39.2069,,42.6768,3.4699,,8.1306,,0,,15.48,2.65,safe,10.62,,CAMERA_ONLY
0,25.7326,t352,LIDAR_ONLY,27.6702,27.6702,,,,,,,,15.48,2.65,drive,-28.99,front,LIDAR_ONLY
0,25.8120,cam_1,CAM_ONLY,18.7841,,16.8422,1.9419,,11.5299,,0,,17.21,14.08,warning,4.20,,CAMERA_ONLY
0,25.8830,cam_1,CAM_ONLY,18.9294,,42.6768,23.7474,,55.6447,,0,,13.75,6.25,warning,4.20,,CAMERA_ONLY
0,25.8830,cam_1,CAM_ONLY,38.9887,,42.6768,3.6880,,8.6418,,0,,13.75,6.25,safe,10.62,,CAMERA_ONLY
0,25.9609,cam_1,CAM_ONLY,18.8097,,16.8422,1.9675,,11.6823,,0,,11.07,11.83,warning,4.20,,CAMERA_ONLY
0,26.0266,cam_1,CAM_ONLY,18.7645,,16.8422,1.9223,,11.4136,,0,,10.69,4.69,warning,4.20,,CAMERA_ONLY
0,26.0823,cam_1,CAM_ONLY,19.3620,,42.6768,23.3148,,54.6311,,0,,10.70,2.74,warning,4.20,,CAMERA_ONLY
0,26.0823,cam_1,CAM_ONLY,39.2952,,42.6768,3.3815,,7.9236,,0,,10.70,2.74,safe,10.62,,CAMERA_ONLY
0,26.0823,t365,LIDAR_ONLY,27.7905,27.7905,,,,,,,,10.70,2.74,drive,-29.05,front,LIDAR_ONLY
0,26.1695,cam_1,CAM_ONLY,19.3645,,42.6768,23.3123,,54.6252,,0,,17.08,15.59,warning,4.20,,CAMERA_ONLY
0,26.1695,cam_1,CAM_ONLY,39.0403,,42.6768,3.6365,,8.5210,,0,,17.08,15.59,safe,10.62,,CAMERA_ONLY
0,26.2312,t369,BOTH,19.4100,17.1106,16.8422,2.5678,0.2684,15.2465,1.5935,0,1,14.78,1.30,warning,4.20,,FULL_ANGLE
0,26.2312,cam_1,CAM_ONLY,38.9369,,42.6768,3.7398,,8.7632,,0,,14.78,1.30,safe,10.62,,CAMERA_ONLY
0,26.2312,t365,LIDAR_ONLY,27.7470,27.7470,40.3681,12.6211,12.6211,31.2650,31.2650,0,0,14.78,1.30,drive,-29.08,front,LIDAR_ONLY
0,26.2312,t368,LIDAR_ONLY,18.4724,18.4724,73.9404,55.4679,55.4679,75.0171,75.0171,0,0,14.78,1.30,drive,19.43,front,LIDAR_ONLY
0,26.2312,t368,LIDAR_ONLY,16.6452,16.6452,73.9404,57.2951,57.2951,77.4883,77.4883,0,0,14.78,1.30,drive,21.40,front,LIDAR_ONLY
0,26.3134,cam_1,CAM_ONLY,19.1444,,42.6768,23.5324,,55.1410,,0,,18.75,15.20,warning,4.20,,CAMERA_ONLY
0,26.3134,cam_1,CAM_ONLY,39.0894,,42.6768,3.5874,,8.4060,,0,,18.75,15.20,safe,10.62,,CAMERA_ONLY
0,26.3878,cam_1,CAM_ONLY,19.3353,,42.6768,23.3415,,54.6937,,0,,16.20,9.58,warning,4.20,,CAMERA_ONLY
0,26.3878,cam_1,CAM_ONLY,39.0006,,42.6768,3.6762,,8.6140,,0,,16.20,9.58,safe,10.62,,CAMERA_ONLY
0,26.4489,t369,BOTH,19.0926,17.0950,16.8422,2.2504,0.2529,13.3620,1.5014,0,1,10.75,6.98,warning,4.20,,FULL_ANGLE
0,26.4489,cam_1,CAM_ONLY,39.1199,,42.6768,3.5568,,8.3344,,0,,10.75,6.98,safe,10.62,,CAMERA_ONLY
0,26.4489,t368,LIDAR_ONLY,16.7561,16.7561,73.9404,57.1842,57.1842,77.3383,77.3383,0,0,10.75,6.98,drive,19.52,front,LIDAR_ONLY
0,26.5175,cam_1,CAM_ONLY,18.8386,,16.8422,1.9964,,11.8537,,0,,11.46,4.65,warning,4.20,,CAMERA_ONLY
0,26.5922,t369,BOTH,18.9936,17.0923,16.8422,2.1514,0.2502,12.7741,1.4854,0,1,21.02,5.07,warning,4.20,,FULL_ANGLE
0,26.5922,cam_1,CAM_ONLY,39.1596,,42.6768,3.5171,,8.2413,,0,,21.02,5.07,safe,10.62,,CAMERA_ONLY
0,26.5922,t375,LIDAR_ONLY,27.6970,27.6970,31.6893,3.9923,3.9923,12.5982,12.5982,0,0,21.02,5.07,drive,-29.10,front,LIDAR_ONLY
0,26.6634,cam_1,CAM_ONLY,18.8103,,16.8422,1.9681,,11.6858,,0,,11.81,8.45,warning,4.20,,CAMERA_ONLY
0,26.7226,cam_1,CAM_ONLY,19.1203,,42.6768,23.5565,,55.1974,,0,,10.36,5.06,warning,4.20,,CAMERA_ONLY
0,26.7226,cam_1,CAM_ONLY,39.0416,,42.6768,3.6352,,8.5180,,0,,10.36,5.06,safe,10.62,,CAMERA_ONLY
0,26.7994,cam_1,CAM_ONLY,19.2651,,16.8422,2.4230,,14.3863,,0,,16.84,8.62,warning,4.20,,CAMERA_ONLY
0,26.7994,t383,LIDAR_ONLY,17.4916,17.4916,73.9404,56.4488,56.4488,76.3437,76.3437,0,0,16.84,8.62,drive,20.08,front,LIDAR_ONLY
0,26.8682,cam_1,CAM_ONLY,19.3417,,42.6768,23.3350,,54.6785,,0,,17.18,2.32,warning,4.20,,CAMERA_ONLY
0,26.8682,cam_1,CAM_ONLY,39.1674,,42.6768,3.5093,,8.2230,,0,,17.18,2.32,safe,10.62,,CAMERA_ONLY
0,26.9271,cam_1,CAM_ONLY,19.3668,,42.6768,23.3100,,54.6198,,0,,9.79,5.53,warning,4.20,,CAMERA_ONLY
0,26.9271,cam_1,CAM_ONLY,38.9624,,42.6768,3.7144,,8.7035,,0,,9.79,5.53,safe,10.62,,CAMERA_ONLY
0,26.9830,cam_1,CAM_ONLY,18.8358,,16.8422,1.9936,,11.8370,,0,,9.98,1.47,warning,4.20,,CAMERA_ONLY
0,26.9830,t388,LIDAR_ONLY,27.6815,27.6815,,,,,,,,9.98,1.47,drive,-29.11,front,LIDAR_ONLY
0,27.0525,t394,BOTH,18.7923,17.0820,16.8422,1.9501,0.2398,11.5789,1.4240,0,1,13.31,9.77,warning,4.20,,FULL_ANGLE
0,27.1200,cam_1,CAM_ONLY,19.1078,,42.6768,23.5690,,55.2268,,0,,16.34,6.46,warning,4.16,,CAMERA_ONLY
0,27.1200,cam_1,CAM_ONLY,39.1072,,42.6768,3.5695,,8.3641,,0,,16.34,6.46,safe,10.62,,CAMERA_ONLY
0,27.1867,t394,BOTH,18.8257,17.0839,16.8422,1.9835,0.2418,11.7772,1.4356,0,1,12.74,1.67,warning,4.16,,FULL_ANGLE
0,27.1867,cam_1,CAM_ONLY,39.1319,,42.6768,3.5448,,8.3062,,0,,12.74,1.67,safe,10.62,,CAMERA_ONLY
0,27.1867,t388,LIDAR_ONLY,27.6917,27.6917,,,,,,,,12.74,1.67,drive,-28.96,front,LIDAR_ONLY
0,27.1867,t396,LIDAR_ONLY,11.2152,11.2152,73.9404,62.7252,62.7252,84.8321,84.8321,0,0,12.74,1.67,cautious,27.29,front,LIDAR_ONLY
0,27.1867,t396,LIDAR_ONLY,11.3184,11.3184,73.9404,62.6220,62.6220,84.6926,84.6926,0,0,12.74,1.67,cautious,19.43,front,LIDAR_ONLY
0,27.1867,t396,LIDAR_ONLY,11.4673,11.4673,73.9404,62.4731,62.4731,84.4912,84.4912,0,0,12.74,1.67,cautious,20.30,front,LIDAR_ONLY
0,27.1867,t396,LIDAR_ONLY,11.6291,11.6291,73.9404,62.3112,62.3112,84.2723,84.2723,0,0,12.74,1.67,cautious,21.30,front,LIDAR_ONLY
0,27.2621,cam_1,CAM_ONLY,19.1688,,42.6768,23.5080,,55.0838,,0,,11.67,16.04,warning,4.20,,CAMERA_ONLY
0,27.2621,cam_1,CAM_ONLY,39.1037,,42.6768,3.5731,,8.3725,,0,,11.67,16.04,safe,10.62,,CAMERA_ONLY
0,27.3189,cam_1,CAM_ONLY,19.2556,,16.8422,2.4135,,14.3299,,0,,10.05,2.03,warning,4.20,,CAMERA_ONLY
0,27.3813,cam_1,CAM_ONLY,19.0823,,42.6768,23.5945,,55.2866,,0,,13.26,3.20,warning,4.20,,CAMERA_ONLY
0,27.3813,cam_1,CAM_ONLY,39.3753,,42.6768,3.3014,,7.7359,,0,,13.26,3.20,safe,10.62,,CAMERA_ONLY
0,27.3813,t388,LIDAR_ONLY,27.7055,27.7055,,,,,,,,13.26,3.20,drive,-29.12,front,LIDAR_ONLY
0,27.4523,t403,BOTH,18.9516,17.0751,16.8422,2.1095,0.2329,12.5250,1.3831,0,1,13.13,8.70,warning,4.20,,FULL_ANGLE
0,27.4523,cam_1,CAM_ONLY,39.1204,,42.6768,3.5564,,8.3333,,0,,13.13,8.70,safe,10.62,,CAMERA_ONLY
0,27.4523,t402,LIDAR_ONLY,18.3053,18.3053,73.9404,55.6351,55.6351,75.2432,75.2432,0,0,13.13,8.70,drive,19.53,front,LIDAR_ONLY
0,27.5202,cam_1,CAM_ONLY,18.9233,,42.6768,23.7535,,55.6591,,0,,14.21,3.75,warning,4.20,,CAMERA_ONLY
0,27.5202,cam_1,CAM_ONLY,39.1060,,42.6768,3.5707,,8.3669,,0,,14.21,3.75,safe,10.62,,CAMERA_ONLY
0,27.5820,cam_1,CAM_ONLY,19.0180,,42.6768,23.6588,,55.4372,,0,,10.85,3.78,warning,4.20,,CAMERA_ONLY
0,27.5820,cam_1,CAM_ONLY,39.0400,,42.6768,3.6368,,8.5217,,0,,10.85,3.78,safe,10.62,,CAMERA_ONLY
0,27.5820,t388,LIDAR_ONLY,27.7157,27.7157,,,,,,,,10.85,3.78,drive,-29.17,front,LIDAR_ONLY
0,27.6667,cam_1,CAM_ONLY,19.2617,,42.6768,23.4151,,54.8662,,0,,18.57,12.68,warning,4.20,,CAMERA_ONLY
0,27.6667,cam_1,CAM_ONLY,39.3184,,42.6768,3.3583,,7.8692,,0,,18.57,12.68,safe,10.62,,CAMERA_ONLY
0,27.7602,t413,BOTH,19.0281,17.1469,16.8422,2.1859,0.3047,12.9790,1.8091,0,1,22.79,15.13,warning,4.20,,FULL_ANGLE
0,27.7602,cam_1,CAM_ONLY,39.0566,,42.6768,3.6202,,8.4828,,0,,22.79,15.13,safe,10.62,,CAMERA_ONLY
0,27.7602,t412,LIDAR_ONLY,18.2116,18.2116,73.9404,55.7287,55.7287,75.3698,75.3698,0,0,22.79,15.13,drive,19.59,front,LIDAR_ONLY
0,27.8311,cam_1,CAM_ONLY,18.7715,,16.8422,1.9293,,11.4554,,0,,11.02,6.97,warning,4.20,,CAMERA_ONLY
0,27.9170,cam_1,CAM_ONLY,18.9144,,42.6768,23.7624,,55.6799,,0,,13.83,13.54,warning,4.20,,CAMERA_ONLY
0,27.9170,cam_1,CAM_ONLY,39.0239,,42.6768,3.6529,,8.5595,,0,,13.83,13.54,safe,10.62,,CAMERA_ONLY
0,27.9827,cam_1,CAM_ONLY,18.8850,,42.6768,23.7918,,55.7488,,0,,12.73,2.98,warning,4.16,,CAMERA_ONLY
0,27.9827,cam_1,CAM_ONLY,38.9283,,42.6768,3.7485,,8.7835,,0,,12.73,2.98,safe,10.62,,CAMERA_ONLY
0,27.9827,t419,LIDAR_ONLY,27.8054,27.8054,,,,,,,,12.73,2.98,drive,-29.03,front,LIDAR_ONLY
0,28.0634,cam_1,CAM_ONLY,18.8510,,42.6768,23.8257,,55.8283,,0,,16.69,4.17,warning,4.16,,CAMERA_ONLY
0,28.0634,cam_1,CAM_ONLY,39.0823,,42.6768,3.5944,,8.4224,,0,,16.69,4.17,safe,10.62,,CAMERA_ONLY
0,28.1331,cam_1,CAM_ONLY,18.7129,,16.8422,1.8708,,11.1076,,0,,14.82,9.49,warning,4.20,,CAMERA_ONLY
0,28.2180,cam_1,CAM_ONLY,18.7039,,42.6768,23.9729,,56.1731,,0,,20.83,17.09,warning,4.20,,CAMERA_ONLY
0,28.2180,cam_1,CAM_ONLY,39.1350,,42.6768,3.5418,,8.2991,,0,,20.83,17.09,safe,10.62,,CAMERA_ONLY
0,28.2869,t430,BOTH,18.5689,17.0701,16.8422,1.7268,0.2280,10.2527,1.3535,0,1,13.28,4.12,warning,4.20,,FULL_ANGLE
0,28.2869,cam_1,CAM_ONLY,38.7825,,42.6768,3.8943,,9.1250,,0,,13.28,4.12,safe,10.62,,CAMERA_ONLY
0,28.2869,t428,LIDAR_ONLY,27.7573,27.7573,1.9324,25.8248,25.8248,1336.3896,1336.3896,0,0,13.28,4.12,drive,-29.03,front,LIDAR_ONLY
0,28.3500,cam_1,CAM_ONLY,18.6871,,16.8422,1.8450,,10.9545,,0,,10.31,6.08,warning,4.20,,CAMERA_ONLY
0,28.4207,cam_1,CAM_ONLY,18.9802,,42.6768,23.6966,,55.5257,,0,,11.96,7.75,warning,4.20,,CAMERA_ONLY
0,28.4207,cam_1,CAM_ONLY,38.8960,,42.6768,3.7807,,8.8590,,0,,11.96,7.75,safe,10.62,,CAMERA_ONLY
0,28.4869,t430,BOTH,19.2050,17.0717,16.8422,2.3629,0.2295,14.0295,1.3628,0,1,14.58,2.42,warning,4.20,,FULL_ANGLE
0,28.4869,cam_1,CAM_ONLY,39.0819,,42.6768,3.5948,,8.4234,,0,,14.58,2.42,safe,10.62,,CAMERA_ONLY
0,28.4869,t428,LIDAR_ONLY,27.7687,27.7687,6.8784,20.8904,20.8904,303.7106,303.7106,0,0,14.58,2.42,drive,-29.04,front,LIDAR_ONLY
0,28.4869,t434,LIDAR_ONLY,10.3249,10.3249,73.9404,63.6155,63.6155,86.0362,86.0362,0,0,14.58,2.42,cautious,29.39,front,LIDAR_ONLY
0,28.4869,t434,LIDAR_ONLY,10.4266,10.4266,73.9404,63.5137,63.5137,85.8986,85.8986,0,0,14.58,2.42,cautious,20.20,front,LIDAR_ONLY
0,28.4869,t434,LIDAR_ONLY,10.5502,10.5502,73.9404,63.3902,63.3902,85.7315,85.7315,0,0,14.58,2.42,cautious,21.79,front,LIDAR_ONLY
0,28.4869,t428,LIDAR_ONLY,11.4987,11.4987,6.8784,4.6203,4.6203,67.1713,67.1713,0,0,14.58,2.42,cautious,-20.93,front,LIDAR_ONLY
0,28.4869,t428,LIDAR_ONLY,11.4700,11.4700,6.8784,4.5916,4.5916,66.7541,66.7541,0,0,14.58,2.42,cautious,-11.98,front,LIDAR_ONLY
0,28.5674,cam_1,CAM_ONLY,19.2164,,42.6768,23.4603,,54.9722,,0,,9.18,14.89,warning,4.20,,CAMERA_ONLY
0,28.5674,cam_1,CAM_ONLY,38.9969,,42.6768,3.6799,,8.6226,,0,,9.18,14.89,safe,10.62,,CAMERA_ONLY
0,28.6639,cam_1,CAM_ONLY,19.3081,,42.6768,23.3686,,54.7573,,0,,15.00,15.48,warning,4.20,,CAMERA_ONLY
0,28.6639,cam_1,CAM_ONLY,38.6790,,42.6768,3.9977,,9.3674,,0,,15.00,15.48,safe,10.62,,CAMERA_ONLY
0,28.6639,t434,LIDAR_ONLY,10.7026,10.7026,73.9404,63.2378,63.2378,85.5254,85.5254,0,0,15.00,15.48,cautious,21.46,front,LIDAR_ONLY
0,28.7365,t430,BOTH,18.9417,17.0751,16.8422,2.0995,0.2330,12.4660,1.3832,0,1,16.35,2.40,warning,4.16,,FULL_ANGLE
0,28.7365,cam_1,CAM_ONLY,38.6004,,42.6768,4.0764,,9.5518,,0,,16.35,2.40,safe,10.62,,CAMERA_ONLY
0,28.7365,t439,LIDAR_ONLY,27.7724,27.7724,,,,,,,,16.35,2.40,drive,-29.00,front,LIDAR_ONLY
0,28.7365,t434,LIDAR_ONLY,11.0710,11.0710,73.9404,62.8694,62.8694,85.0272,85.0272,0,0,16.35,2.40,cautious,21.53,front,LIDAR_ONLY
0,28.7365,t428,LIDAR_ONLY,11.5726,11.5726,12.9182,1.3456,1.3456,10.4163,10.4163,0,0,16.35,2.40,cautious,-11.50,front,LIDAR_ONLY
0,28.7987,cam_1,CAM_ONLY,19.6014,,42.6768,23.0754,,54.0701,,0,,11.37,5.79,warning,4.20,,CAMERA_ONLY
0,28.7987,cam_1,CAM_ONLY,39.1658,,42.6768,3.5110,,8.2270,,0,,11.37,5.79,safe,10.62,,CAMERA_ONLY
0,28.7987,t434,LIDAR_ONLY,12.5943,12.5943,73.9404,61.3460,61.3460,82.9669,82.9669,0,0,11.37,5.79,cautious,19.55,front,LIDAR_ONLY
0,28.7987,t434,LIDAR_ONLY,13.6334,13.6334,73.9404,60.3070,60.3070,81.5617,81.5617,0,0,11.37,5.79,cautious,20.74,front,LIDAR_ONLY
0,28.8700,cam_1,CAM_ONLY,19.2381,,42.6768,23.4387,,54.9215,,0,,11.31,5.21,warning,4.20,,CAMERA_ONLY
0,28.8700,cam_1,CAM_ONLY,38.8507,,42.6768,3.8260,,8.9651,,0,,11.31,5.21,safe,10.62,,CAMERA_ONLY
0,28.9345,cam_1,CAM_ONLY,19.3888,,42.6768,23.2880,,54.5683,,0,,9.97,1.57,warning,4.16,,CAMERA_ONLY
0,28.9345,cam_1,CAM_ONLY,39.1989,,42.6768,3.4779,,8.1493,,0,,9.97,1.57,safe,10.62,,CAMERA_ONLY
0,28.9345,t439,LIDAR_ONLY,27.7625,27.7625,,,,,,,,9.97,1.57,drive,-29.12,front,LIDAR_ONLY
0,28.9345,t428,LIDAR_ONLY,10.8891,10.8891,17.6439,6.7548,6.7548,38.2843,38.2843,0,0,9.97,1.57,cautious,-9.46,front,LIDAR_ONLY
0,29.0150,cam_1,CAM_ONLY,19.0968,,16.8422,2.2546,,13.3866,,0,,19.22,15.75,warning,4.20,,CAMERA_ONLY
0,29.0940,cam_1,CAM_ONLY,19.5133,,42.6768,23.1635,,54.2766,,0,,21.66,9.39,warning,4.20,,CAMERA_ONLY
0,29.0940,cam_1,CAM_ONLY,39.4468,,42.6768,3.2300,,7.5686,,0,,21.66,9.39,safe,10.62,,CAMERA_ONLY
0,29.1710,cam_1,CAM_ONLY,18.9348,,42.6768,23.7419,,55.6320,,0,,18.83,10.39,warning,4.16,,CAMERA_ONLY
0,29.1710,cam_1,CAM_ONLY,39.2190,,42.6768,3.4578,,8.1023,,0,,18.83,10.39,safe,10.62,,CAMERA_ONLY
0,29.2729,cam_1,CAM_ONLY,18.5762,,42.6768,24.1005,,56.4723,,0,,17.96,19.25,warning,4.16,,CAMERA_ONLY
0,29.2729,cam_1,CAM_ONLY,39.5293,,42.6768,3.1475,,7.3752,,0,,17.96,19.25,safe,10.62,,CAMERA_ONLY
0,29.3322,cam_1,CAM_ONLY,19.3559,,42.6768,23.3209,,54.6454,,0,,9.90,1.98,warning,4.16,,CAMERA_ONLY
0,29.3322,cam_1,CAM_ONLY,39.3460,,42.6768,3.3307,,7.8046,,0,,9.90,1.98,safe,10.62,,CAMERA_ONLY
0,29.3322,t451,LIDAR_ONLY,27.7140,27.7140,,,,,,,,9.90,1.98,drive,-29.07,front,LIDAR_ONLY
0,29.4134,cam_1,CAM_ONLY,18.6583,,42.6768,24.0184,,56.2799,,0,,12.89,16.47,warning,4.16,,CAMERA_ONLY
0,29.4134,cam_1,CAM_ONLY,27.6125,,42.6768,15.0643,,35.2985,,0,,12.89,16.47,safe,-0.72,,CAMERA_ONLY
0,29.4134,cam_1,CAM_ONLY,39.6267,,42.6768,3.0501,,7.1469,,0,,12.89,16.47,safe,10.62,,CAMERA_ONLY
0,29.4923,t458,BOTH,19.6531,17.1113,16.8422,2.8109,0.2691,16.6899,1.5978,0,1,16.13,2.30,safe,4.16,,FULL_ANGLE
0,29.4923,cam_1,CAM_ONLY,39.3155,,42.6768,3.3613,,7.8762,,0,,16.13,2.30,safe,10.62,,CAMERA_ONLY
0,29.4923,t451,LIDAR_ONLY,27.7214,27.7214,,,,,,,,16.13,2.30,drive,-29.03,front,LIDAR_ONLY
0,29.4923,t457,LIDAR_ONLY,10.6155,10.6155,73.9404,63.3249,63.3249,85.6432,85.6432,0,0,16.13,2.30,cautious,28.68,front,LIDAR_ONLY
0,29.4923,t457,LIDAR_ONLY,10.7861,10.7861,73.9404,63.1542,63.1542,85.4124,85.4124,0,0,16.13,2.30,cautious,20.83,front,LIDAR_ONLY
0,29.4923,t457,LIDAR_ONLY,10.9708,10.9708,73.9404,62.9696,62.9696,85.1627,85.1627,0,0,16.13,2.30,cautious,19.12,front,LIDAR_ONLY
0,29.5688,cam_1,CAM_ONLY,20.4052,,42.6777,22.2725,,52.1876,,0,,12.25,9.60,safe,4.16,,CAMERA_ONLY
0,29.5688,cam_1,CAM_ONLY,39.2537,,42.6777,3.4240,,8.0229,,0,,12.25,9.60,safe,10.62,,CAMERA_ONLY
0,29.6363,t458,BOTH,18.4913,17.1013,16.8431,1.6482,0.2582,9.7854,1.5327,0,1,18.07,1.34,warning,4.07,,FULL_ANGLE
0,29.6363,t451,LIDAR_ONLY,27.7303,27.7303,,,,,,,,18.07,1.34,drive,-29.08,front,LIDAR_ONLY
0,29.6363,t457,LIDAR_ONLY,11.2216,11.2216,73.9413,62.7197,62.7197,84.8237,84.8237,0,0,18.07,1.34,cautious,23.73,front,LIDAR_ONLY
0,29.6363,t457,LIDAR_ONLY,11.4941,11.4941,73.9413,62.4472,62.4472,84.4551,84.4551,0,0,18.07,1.34,cautious,20.63,front,LIDAR_ONLY
0,29.6363,t457,LIDAR_ONLY,12.6374,12.6374,73.9413,61.3039,61.3039,82.9089,82.9089,0,0,18.07,1.34,cautious,19.33,front,LIDAR_ONLY
0,29.7904,t458,BOTH,18.5809,17.1033,16.8416,1.7393,0.2617,10.3273,1.5541,0,1,17.89,3.12,warning,4.20,,FULL_ANGLE
0,29.7904,cam_1,CAM_ONLY,38.4560,,42.6762,4.2202,,9.8889,,0,,17.89,3.12,safe,10.62,,CAMERA_ONLY
0,29.7904,t451,LIDAR_ONLY,27.7411,27.7411,,,,,,,,17.89,3.12,drive,-29.06,front,LIDAR_ONLY
0,29.7904,t457,LIDAR_ONLY,13.0089,13.0089,73.9398,60.9309,60.9309,82.4061,82.4061,0,0,17.89,3.12,cautious,25.09,front,LIDAR_ONLY
0,29.7904,t457,LIDAR_ONLY,13.3897,13.3897,73.9398,60.5501,60.5501,81.8911,81.8911,0,0,17.89,3.12,cautious,20.38,front,LIDAR_ONLY
0,29.8685,cam_1,CAM_ONLY,19.5790,,42.6756,23.0966,,54.1214,,0,,15.91,4.97,warning,4.20,,CAMERA_ONLY
0,29.8685,cam_1,CAM_ONLY,38.2557,,42.6756,4.4199,,10.3570,,0,,15.91,4.97,safe,10.62,,CAMERA_ONLY
0,29.9434,t458,BOTH,19.4350,17.1015,16.8410,2.5940,0.2605,15.4027,1.5468,0,1,19.96,3.96,warning,4.20,,FULL_ANGLE
0,30.0203,cam_1,CAM_ONLY,19.8512,,16.8410,3.0102,,17.8742,,0,,20.89,4.99,safe,4.20,,CAMERA_ONLY
0,30.0916,t458,BOTH,20.5327,17.0965,16.8412,3.6915,0.2553,21.9194,1.5158,0,1,16.14,2.66,safe,4.24,,FULL_ANGLE
0,30.0916,t469,LIDAR_ONLY,18.2611,18.2611,73.9394,55.6783,55.6783,75.3026,75.3026,0,0,16.14,2.66,drive,19.56,front,LIDAR_ONLY
0,30.1818,cam_1,CAM_ONLY,20.0476,,16.8396,3.2079,,19.0499,,0,,15.81,3.25,safe,4.20,,CAMERA_ONLY
0,30.1818,t470,LIDAR_ONLY,27.7879,27.7879,,,,,,,,15.81,3.25,drive,-29.10,front,LIDAR_ONLY
0,30.2558,cam_1,CAM_ONLY,20.3886,,16.8287,3.5599,,21.1535,,0,,10.43,14.82,safe,4.20,,CAMERA_ONLY
0,30.3278,cam_1,CAM_ONLY,20.0131,,16.8010,3.2121,,19.1184,,0,,13.24,5.91,warning,4.24,,CAMERA_ONLY
0,30.4117,cam_1,CAM_ONLY,20.1950,,16.7866,3.4084,,20.3046,,0,,17.58,15.46,safe,4.24,,CAMERA_ONLY
0,30.4745,cam_1,CAM_ONLY,19.7326,,16.7843,2.9484,,17.5664,,0,,10.57,4.45,safe,4.24,,CAMERA_ONLY
0,30.4745,cam_1,CAM_ONLY,21.2970,,16.7843,4.5127,,26.8867,,0,,10.57,4.45,safe,10.14,,CAMERA_ONLY
0,30.5333,cam_1,CAM_ONLY,18.7341,,16.7755,1.9586,,11.6754,,0,,10.43,3.30,warning,4.24,,CAMERA_ONLY
0,30.5333,cam_1,CAM_ONLY,21.9166,,16.7755,5.1411,,30.6463,,0,,10.43,3.30,safe,9.58,,CAMERA_ONLY
0,30.5969,cam_1,CAM_ONLY,18.9898,,16.7703,2.2194,,13.2343,,0,,10.80,5.43,warning,4.20,,CAMERA_ONLY
0,30.5969,t482,LIDAR_ONLY,17.1624,17.1624,73.8635,56.7011,56.7011,76.7646,76.7646,0,0,10.80,5.43,drive,20.36,front,LIDAR_ONLY
0,30.6696,cam_1,CAM_ONLY,17.9701,,16.7703,1.1998,,7.1543,,0,,15.70,3.55,warning,4.24,,CAMERA_ONLY
0,30.7376,cam_1,CAM_ONLY,18.9371,,16.7703,2.1668,,12.9204,,0,,12.77,8.46,warning,4.24,,CAMERA_ONLY
0,30.7376,t484,LIDAR_ONLY,27.7223,27.7223,,,,,,,,12.77,8.46,drive,-29.05,front,LIDAR_ONLY
0,30.8136,cam_1,CAM_ONLY,18.7846,,16.7703,2.0143,,12.0108,,0,,17.64,4.79,warning,4.24,,CAMERA_ONLY
0,30.8816,cam_1,CAM_ONLY,19.5128,,16.7703,2.7425,,16.3535,,0,,12.41,2.43,warning,4.24,,CAMERA_ONLY
0,30.8816,t484,LIDAR_ONLY,27.7236,27.7236,,,,,,,,12.41,2.43,drive,-29.01,front,LIDAR_ONLY
0,30.9391,t490,BOTH,19.6503,16.9970,16.7703,2.8800,0.2267,17.1734,1.3516,0,1,9.42,1.92,safe,4.24,,FULL_ANGLE
0,30.9391,t489,LIDAR_ONLY,17.2929,17.2929,73.8635,56.5706,56.5706,76.5881,76.5881,0,0,9.42,1.92,drive,20.26,front,LIDAR_ONLY
0,30.9391,t489,LIDAR_ONLY,15.8437,15.8437,73.8635,58.0198,58.0198,78.5500,78.5500,0,0,9.42,1.92,drive,22.22,front,LIDAR_ONLY
0,31.0018,cam_1,CAM_ONLY,18.6269,,16.7689,1.8580,,11.0801,,0,,10.21,8.16,warning,4.24,,CAMERA_ONLY
0,31.0676,cam_1,CAM_ONLY,18.1610,,16.7685,1.3925,,8.3041,,0,,13.34,3.36,warning,4.20,,CAMERA_ONLY
0,31.1314,cam_1,CAM_ONLY,16.3712,,16.7685,0.3973,,2.3694,,1,,12.30,6.41,warning,4.20,,CAMERA_ONLY
0,31.1911,t502,BOTH,16.3145,17.0433,16.7685,0.4540,0.2749,2.7074,1.6391,1,1,12.93,2.09,warning,4.20,,FULL_ANGLE
0,31.1911,cam_1,CAM_ONLY,44.7859,,42.6017,2.1842,,5.1271,,0,,12.93,2.09,safe,10.58,,CAMERA_ONLY
0,31.1911,t500,LIDAR_ONLY,27.6657,27.6657,,,,,,,,12.93,2.09,drive,-29.21,front,LIDAR_ONLY
0,31.1911,t501,LIDAR_ONLY,12.3459,12.3459,73.8617,61.5159,61.5159,83.2852,83.2852,0,0,12.93,2.09,cautious,25.32,front,LIDAR_ONLY
0,31.1911,t501,LIDAR_ONLY,12.5571,12.5571,73.8617,61.3046,61.3046,82.9992,82.9992,0,0,12.93,2.09,cautious,19.61,front,LIDAR_ONLY
0,31.1911,t501,LIDAR_ONLY,12.7773,12.7773,73.8617,61.0844,61.0844,82.7010,82.7010,0,0,12.93,2.09,cautious,20.91,front,LIDAR_ONLY
0,31.2649,cam_1,CAM_ONLY,19.2080,,42.6017,23.3937,,54.9126,,0,,13.53,4.62,warning,4.20,,CAMERA_ONLY
0,31.2649,cam_1,CAM_ONLY,45.0445,,42.6017,2.4429,,5.7343,,0,,13.53,4.62,safe,10.58,,CAMERA_ONLY
0,31.3339,cam_1,CAM_ONLY,20.4062,,42.6016,22.1955,,52.1001,,0,,16.40,2.62,safe,4.20,,CAMERA_ONLY
0,31.3339,cam_1,CAM_ONLY,44.9652,,42.6016,2.3636,,5.5480,,0,,16.40,2.62,safe,10.58,,CAMERA_ONLY
0,31.3339,t500,LIDAR_ONLY,27.6667,27.6667,,,,,,,,16.40,2.62,drive,-29.08,front,LIDAR_ONLY
0,31.4098,cam_1,CAM_ONLY,19.5258,,42.6020,23.0762,,54.1670,,0,,16.02,13.71,warning,4.20,,CAMERA_ONLY
0,31.4098,cam_1,CAM_ONLY,44.4175,,42.6020,1.8154,,4.2614,,0,,16.02,13.71,safe,10.62,,CAMERA_ONLY
0,31.4670,cam_1,CAM_ONLY,19.1426,,16.7689,2.3737,,14.1552,,0,,9.72,4.13,warning,4.20,,CAMERA_ONLY
0,31.5357,cam_1,CAM_ONLY,19.2187,,16.7689,2.4498,,14.6090,,0,,11.72,4.39,warning,4.24,,CAMERA_ONLY
0,31.6073,cam_1,CAM_ONLY,19.8847,,16.7689,3.1158,,18.5806,,0,,10.07,12.04,safe,4.24,,CAMERA_ONLY
0,31.6831,cam_1,CAM_ONLY,20.0363,,16.7687,3.2677,,19.4867,,0,,14.79,6.29,safe,4.24,,CAMERA_ONLY
0,31.7657,cam_1,CAM_ONLY,20.1454,,16.7676,3.3778,,20.1446,,0,,13.85,12.72,safe,4.20,,CAMERA_ONLY
0,31.8568,t514,BOTH,19.2877,16.9972,16.7492,2.5386,0.2480,15.1564,1.4809,0,1,12.91,10.38,warning,4.24,,FULL_ANGLE
0,31.9322,cam_1,CAM_ONLY,19.0631,,16.7426,2.3205,,13.8598,,0,,14.34,9.85,warning,4.24,,CAMERA_ONLY
0,32.0194,cam_1,CAM_ONLY,18.6895,,16.7426,1.9469,,11.6285,,0,,9.12,15.80,warning,4.24,,CAMERA_ONLY
0,32.0824,t514,BOTH,18.5333,16.9991,16.7426,1.7906,0.2565,10.6950,1.5317,0,1,12.46,1.25,warning,4.24,,FULL_ANGLE
0,32.0824,t517,LIDAR_ONLY,27.6376,27.6376,,,,,,,,12.46,1.25,drive,-29.17,front,LIDAR_ONLY
0,32.1536,t514,BOTH,18.6048,16.9957,16.7426,1.8622,0.2531,11.1227,1.5115,0,1,15.09,7.43,warning,4.24,,FULL_ANGLE
0,32.1536,t521,LIDAR_ONLY,18.1694,18.1694,73.8317,55.6623,55.6623,75.3908,75.3908,0,0,15.09,7.43,drive,19.69,front,LIDAR_ONLY
0,32.1536,t521,LIDAR_ONLY,16.8596,16.8596,73.8317,56.9721,56.9721,77.1648,77.1648,0,0,15.09,7.43,drive,20.96,front,LIDAR_ONLY
0,32.2194,cam_1,CAM_ONLY,18.5289,,16.7426,1.7863,,10.6691,,0,,12.70,2.96,warning,4.24,,CAMERA_ONLY
0,32.2982,cam_1,CAM_ONLY,18.8872,,16.7426,2.1445,,12.8089,,0,,20.00,7.49,warning,4.24,,CAMERA_ONLY
0,32.2982,t521,LIDAR_ONLY,16.9971,16.9971,73.8317,56.8346,56.8346,76.9785,76.9785,0,0,20.00,7.49,drive,19.33,front,LIDAR_ONLY
0,32.3736,cam_1,CAM_ONLY,18.9628,,16.7426,2.2202,,13.2606,,0,,18.52,5.81,warning,4.24,,CAMERA_ONLY
0,32.4384,t527,BOTH,18.7079,16.9972,16.7426,1.9653,0.2545,11.7382,1.5203,0,1,20.12,2.54,warning,4.24,,FULL_ANGLE
0,32.4384,t521,LIDAR_ONLY,17.1710,17.1710,73.8317,56.6607,56.6607,76.7430,76.7430,0,0,20.12,2.54,drive,19.39,front,LIDAR_ONLY
0,32.4384,t521,LIDAR_ONLY,17.2090,17.2090,73.8317,56.6227,56.6227,76.6916,76.6916,0,0,20.12,2.54,drive,20.82,front,LIDAR_ONLY
0,32.5158,cam_1,CAM_ONLY,18.7721,,16.7426,2.0295,,12.1218,,0,,14.35,14.75,warning,4.24,,CAMERA_ONLY
0,32.5875,cam_1,CAM_ONLY,18.9546,,16.7426,2.2120,,13.2120,,0,,14.82,12.62,warning,4.24,,CAMERA_ONLY
0,32.6693,cam_1,CAM_ONLY,18.8034,,16.7426,2.0608,,12.3089,,0,,16.82,14.92,warning,4.24,,CAMERA_ONLY
0,32.7676,cam_1,CAM_ONLY,18.9441,,16.7426,2.2015,,13.1491,,0,,17.36,18.26,warning,4.24,,CAMERA_ONLY
0,32.8386,cam_1,CAM_ONLY,18.9649,,16.7426,2.2223,,13.2732,,0,,15.77,5.03,warning,4.24,,CAMERA_ONLY
0,32.8386,t533,LIDAR_ONLY,27.6196,27.6196,,,,,,,,15.77,5.03,drive,-29.14,front,LIDAR_ONLY
0,32.9162,cam_1,CAM_ONLY,18.2434,,16.7426,1.5008,,8.9641,,0,,16.87,6.79,warning,4.24,,CAMERA_ONLY
0,33.0171,cam_1,CAM_ONLY,18.4182,,16.7426,1.6756,,10.0079,,0,,23.12,18.87,warning,4.24,,CAMERA_ONLY
0,33.0897,t540,BOTH,18.5573,17.0209,16.7426,1.8147,0.2783,10.8388,1.6622,0,1,11.74,4.45,warning,4.24,,FULL_ANGLE
0,33.1681,cam_1,CAM_ONLY,18.5980,,16.7426,1.8554,,11.0821,,0,,12.21,10.62,warning,4.24,,CAMERA_ONLY
0,33.2525,t540,BOTH,18.7469,17.0055,16.7426,2.0043,0.2629,11.9712,1.5705,0,1,16.79,8.96,warning,4.24,,FULL_ANGLE
0,33.2525,t541,LIDAR_ONLY,17.7505,17.7505,73.8317,56.0812,56.0812,75.9582,75.9582,0,0,16.79,8.96,drive,19.97,front,LIDAR_ONLY
0,33.2525,t541,LIDAR_ONLY,17.2303,17.2303,73.8317,56.6014,56.6014,76.6627,76.6627,0,0,16.79,8.96,drive,21.45,front,LIDAR_ONLY
0,33.3312,t540,BOTH,18.4436,16.9988,16.7426,1.7010,0.2562,10.1598,1.5303,0,1,18.59,2.97,warning,4.24,,FULL_ANGLE
0,33.3312,t542,LIDAR_ONLY,27.6841,27.6841,12.8376,14.8465,14.8465,115.6481,115.6481,0,0,18.59,2.97,drive,-29.10,front,LIDAR_ONLY
0,33.3312,t542,LIDAR_ONLY,17.1204,17.1204,12.8376,4.2828,4.2828,33.3616,33.3616,0,0,18.59,2.97,drive,-23.23,front,LIDAR_ONLY
0,33.3945,t540,BOTH,18.3308,16.9997,16.7426,1.5882,0.2571,9.4860,1.5359,0,1,12.76,3.73,warning,4.24,,FULL_ANGLE
0,33.3945,t541,LIDAR_ONLY,16.9625,16.9625,73.8317,56.8692,56.8692,77.0255,77.0255,0,0,12.76,3.73,drive,20.71,front,LIDAR_ONLY
0,33.4692,cam_1,CAM_ONLY,18.4310,,16.7426,1.6884,,10.0844,,0,,14.68,14.88,warning,4.24,,CAMERA_ONLY
0,33.5746,cam_1,CAM_ONLY,18.6627,,16.7426,1.9201,,11.4682,,0,,24.14,20.14,warning,4.24,,CAMERA_ONLY
0,33.6726,cam_1,CAM_ONLY,18.5995,,16.7426,1.8569,,11.0911,,0,,13.83,20.40,warning,4.24,,CAMERA_ONLY
0,33.7462,t554,BOTH,18.2810,16.9945,16.7426,1.5384,0.2519,9.1887,1.5043,0,1,16.40,4.91,warning,4.24,,FULL_ANGLE
0,33.7462,t552,LIDAR_ONLY,18.0102,18.0102,73.8317,55.8215,55.8215,75.6064,75.6064,0,0,16.40,4.91,drive,19.79,front,LIDAR_ONLY
0,33.7462,t553,LIDAR_ONLY,23.2230,23.2230,22.7812,0.4418,0.4418,1.9393,1.9393,1,1,16.40,4.91,drive,-11.21,front,LIDAR_ONLY
0,33.8186,cam_1,CAM_ONLY,18.8201,,16.7426,2.0775,,12.4087,,0,,11.08,16.20,warning,4.24,,CAMERA_ONLY
0,33.8889,t554,BOTH,19.1528,16.9905,16.7426,2.4102,0.2479,14.3955,1.4808,0,1,16.50,4.58,warning,4.24,,FULL_ANGLE
0,33.8889,t552,LIDAR_ONLY,17.9419,17.9419,73.8317,55.8898,55.8898,75.6989,75.6989,0,0,16.50,4.58,drive,19.88,front,LIDAR_ONLY
0,33.8889,t555,LIDAR_ONLY,23.0216,23.0216,21.1277,1.8939,1.8939,8.9643,8.9643,0,0,16.50,4.58,drive,-21.47,front,LIDAR_ONLY
0,33.8889,t553,LIDAR_ONLY,23.6564,23.6564,26.0216,2.3653,2.3653,9.0896,9.0896,0,0,16.50,4.58,drive,-10.21,front,LIDAR_ONLY
0,33.9657,cam_1,CAM_ONLY,19.4034,,42.5746,23.1712,,54.4249,,0,,11.24,14.47,warning,4.24,,CAMERA_ONLY
0,33.9657,cam_1,CAM_ONLY,43.3725,,42.5746,0.7979,,1.8741,,1,,11.24,14.47,safe,10.71,,CAMERA_ONLY
0,34.0314,cam_1,CAM_ONLY,19.6937,,42.5746,22.8809,,53.7431,,0,,10.61,5.24,safe,4.24,,CAMERA_ONLY
0,34.0314,cam_1,CAM_ONLY,43.3100,,42.5746,0.7354,,1.7273,,1,,10.61,5.24,safe,10.71,,CAMERA_ONLY
0,34.1067,cam_1,CAM_ONLY,19.8442,,42.5758,22.7316,,53.3909,,0,,10.17,15.23,safe,4.24,,CAMERA_ONLY
0,34.1067,cam_1,CAM_ONLY,43.6534,,42.5758,1.0776,,2.5311,,0,,10.17,15.23,safe,10.66,,CAMERA_ONLY
0,34.1811,cam_1,CAM_ONLY,19.6832,,42.5755,22.8923,,53.7688,,0,,14.17,6.88,warning,4.24,,CAMERA_ONLY
0,34.1811,cam_1,CAM_ONLY,43.7678,,42.5755,1.1923,,2.8005,,0,,14.17,6.88,safe,10.66,,CAMERA_ONLY
0,34.2681,cam_1,CAM_ONLY,19.7618,,16.7413,3.0206,,18.0427,,0,,16.17,13.14,safe,4.24,,CAMERA_ONLY
0,34.3440,t566,BOTH,19.6946,16.9904,16.7394,2.9552,0.2510,17.6542,1.4995,0,1,19.11,3.30,safe,4.24,,FULL_ANGLE
0,34.3440,cam_1,CAM_ONLY,44.2268,,42.5714,1.6554,,3.8886,,0,,19.11,3.30,safe,10.66,,CAMERA_ONLY
0,34.3440,t563,LIDAR_ONLY,27.6691,27.6691,,,,,,,,19.11,3.30,drive,-29.08,front,LIDAR_ONLY
0,34.3440,t565,LIDAR_ONLY,12.0357,12.0357,73.8287,61.7930,61.7930,83.6978,83.6978,0,0,19.11,3.30,cautious,25.76,front,LIDAR_ONLY
0,34.3440,t565,LIDAR_ONLY,12.2174,12.2174,73.8287,61.6113,61.6113,83.4517,83.4517,0,0,19.11,3.30,cautious,21.53,front,LIDAR_ONLY
0,34.3440,t565,LIDAR_ONLY,12.5043,12.5043,73.8287,61.3244,61.3244,83.0631,83.0631,0,0,19.11,3.30,cautious,20.26,front,LIDAR_ONLY
0,34.4259,cam_1,CAM_ONLY,18.8128,,42.5634,23.7506,,55.8005,,0,,24.49,4.78,warning,4.24,,CAMERA_ONLY
0,34.4259,cam_1,CAM_ONLY,43.2732,,42.5634,0.7098,,1.6676,,1,,24.49,4.78,safe,10.66,,CAMERA_ONLY
0,34.5074,t566,BOTH,18.9212,16.9934,16.7294,2.1918,0.2640,13.1013,1.5780,0,1,19.11,11.48,warning,4.24,,FULL_ANGLE
0,34.5074,t565,LIDAR_ONLY,12.9094,12.9094,73.8176,60.9082,60.9082,82.5118,82.5118,0,0,19.11,11.48,cautious,21.50,front,LIDAR_ONLY
0,34.5815,cam_1,CAM_ONLY,20.6953,,16.7294,3.9658,,23.7056,,0,,21.89,6.37,safe,4.24,,CAMERA_ONLY
0,34.6717,cam_1,CAM_ONLY,20.7085,,16.7286,3.9799,,23.7908,,0,,21.76,15.21,safe,4.24,,CAMERA_ONLY
0,34.7443,t566,BOTH,19.9097,16.9945,16.7243,3.1854,0.2701,19.0465,1.6152,0,1,14.80,5.59,slowdown,4.20,,FULL_ANGLE
0,34.7443,t565,LIDAR_ONLY,13.2821,13.2821,73.8120,60.5299,60.5299,82.0055,82.0055,0,0,14.80,5.59,cautious,19.87,front,LIDAR_ONLY
0,34.7443,t565,LIDAR_ONLY,14.2026,14.2026,73.8120,59.6094,59.6094,80.7584,80.7584,0,0,14.80,5.59,cautious,20.78,front,LIDAR_ONLY
0,34.8799,cam_1,CAM_ONLY,18.3864,,16.6927,1.6937,,10.1465,,0,,10.39,6.09,warning,4.24,,CAMERA_ONLY
0,34.9602,cam_1,CAM_ONLY,19.0975,,16.6838,2.4137,,14.4672,,0,,17.07,14.30,warning,4.24,,CAMERA_ONLY
0,35.0349,cam_1,CAM_ONLY,19.3812,,16.6838,2.6974,,16.1676,,0,,9.26,2.04,warning,4.24,,CAMERA_ONLY
0,35.0349,t584,LIDAR_ONLY,27.6533,27.6533,,,,,,,,9.26,2.04,drive,-29.15,front,LIDAR_ONLY
0,35.0908,t587,BOTH,19.0044,16.9734,16.6838,2.3206,0.2896,13.9096,1.7360,0,1,9.40,2.93,warning,4.24,,FULL_ANGLE
0,35.1699,cam_1,CAM_ONLY,19.0556,,16.6838,2.3718,,14.2163,,0,,14.69,5.62,warning,4.24,,CAMERA_ONLY
0,35.2306,cam_1,CAM_ONLY,19.7419,,16.6838,3.0581,,18.3299,,0,,9.73,5.42,safe,4.29,,CAMERA_ONLY
0,35.2889,t587,BOTH,20.3343,16.9474,16.6840,3.6504,0.2635,21.8796,1.5792,0,1,10.12,2.00,safe,4.20,,FULL_ANGLE
0,35.2889,t591,LIDAR_ONLY,10.4072,10.4072,,,,,,,,10.12,2.00,cautious,29.62,front,LIDAR_ONLY
0,35.4498,cam_1,CAM_ONLY,41.7857,,16.6825,25.1032,,150.4767,,0,,12.35,8.99,safe,4.29,,CAMERA_ONLY
0,35.4498,t597,LIDAR_ONLY,18.8666,18.8666,73.7586,54.8920,54.8920,74.4212,74.4212,0,0,12.35,8.99,drive,19.30,front,LIDAR_ONLY
0,35.4498,t597,LIDAR_ONLY,17.2036,17.2036,73.7586,56.5550,56.5550,76.6758,76.6758,0,0,12.35,8.99,drive,20.76,front,LIDAR_ONLY
0,35.4498,t587,LIDAR_ONLY,16.9407,16.9407,16.6825,0.2583,0.2583,1.5483,1.5483,1,1,12.35,8.99,drive,4.30,front,LIDAR_ONLY
0,35.5818,cam_1,CAM_ONLY,18.1181,,16.6509,1.4671,,8.8112,,0,,12.40,2.01,warning,4.29,,CAMERA_ONLY
0,35.5818,t600,LIDAR_ONLY,27.6083,27.6083,,,,,,,,12.40,2.01,drive,-29.15,front,LIDAR_ONLY
0,35.6412,t587,BOTH,18.9210,16.9306,16.6373,2.2837,0.2933,13.7267,1.7627,0,1,10.31,2.63,warning,4.33,,FULL_ANGLE
0,35.6412,t597,LIDAR_ONLY,16.9738,16.9738,73.6909,56.7171,56.7171,76.9662,76.9662,0,0,10.31,2.63,drive,20.83,front,LIDAR_ONLY
0,35.7159,cam_1,CAM_ONLY,18.8968,,16.6374,2.2594,,13.5803,,0,,21.24,2.96,warning,4.33,,CAMERA_ONLY
0,35.7893,cam_1,CAM_ONLY,18.4314,,16.6374,1.7941,,10.7835,,0,,12.94,6.07,warning,4.33,,CAMERA_ONLY
0,35.8650,cam_1,CAM_ONLY,19.8856,,16.6373,3.2482,,19.5238,,0,,10.76,9.48,safe,4.29,,CAMERA_ONLY
0,35.9345,t612,BOTH,19.3794,16.8713,16.6362,2.7432,0.2351,16.4891,1.4131,0,1,9.92,1.40,warning,4.33,,FULL_ANGLE
0,35.9345,t610,LIDAR_ONLY,27.6002,27.6002,42.6170,15.0167,15.0167,35.2365,35.2365,0,0,9.92,1.40,drive,-29.18,front,LIDAR_ONLY
0,36.0145,cam_1,CAM_ONLY,20.2342,,16.6358,3.5984,,21.6305,,0,,18.46,10.45,safe,4.33,,CAMERA_ONLY
0,36.0957,t615,LIDAR_ONLY,19.0315,19.0315,73.6881,54.6566,54.6566,74.1729,74.1729,0,0,14.42,5.61,drive,19.29,front,LIDAR_ONLY
0,36.0957,t612,LIDAR_ONLY,16.8729,16.8729,16.6349,0.2379,0.2379,1.4302,1.4302,1,1,14.42,5.61,drive,4.47,front,LIDAR_ONLY
0,36.1679,cam_1,CAM_ONLY,18.4949,,16.6298,1.8651,,11.2155,,0,,17.77,10.96,warning,4.33,,CAMERA_ONLY
0,36.2343,cam_1,CAM_ONLY,18.1855,,16.6276,1.5579,,9.3695,,0,,10.17,6.26,warning,4.33,,CAMERA_ONLY
0,36.3173,cam_1,CAM_ONLY,18.9708,,16.6276,2.3432,,14.0923,,0,,13.08,16.35,warning,4.33,,CAMERA_ONLY
0,36.4342,t627,BOTH,18.0459,16.8358,16.6276,1.4183,0.2083,8.5301,1.2525,0,1,14.72,2.04,warning,4.38,,FULL_ANGLE
0,36.4342,t624,LIDAR_ONLY,27.6126,27.6126,32.0183,4.4057,4.4057,13.7600,13.7600,0,0,14.72,2.04,drive,-29.08,front,LIDAR_ONLY
0,36.5076,cam_1,CAM_ONLY,18.2549,,16.6276,1.6273,,9.7867,,0,,13.27,13.43,warning,4.33,,CAMERA_ONLY
0,36.5774,cam_1,CAM_ONLY,18.2477,,16.6276,1.6202,,9.7439,,0,,19.71,5.73,warning,4.33,,CAMERA_ONLY
0,36.6631,cam_1,CAM_ONLY,18.5484,,16.6276,1.9209,,11.5522,,0,,14.80,15.30,warning,4.38,,CAMERA_ONLY
0,36.7355,cam_1,CAM_ONLY,18.7670,,16.6276,2.1394,,12.8667,,0,,17.26,6.88,warning,4.33,,CAMERA_ONLY
0,36.8218,cam_1,CAM_ONLY,19.0073,,16.6276,2.3797,,14.3120,,0,,18.50,14.48,warning,4.38,,CAMERA_ONLY
0,36.9213,cam_1,CAM_ONLY,18.6274,,16.6276,1.9999,,12.0274,,0,,21.01,21.08,warning,4.33,,CAMERA_ONLY
0,36.9914,t640,BOTH,18.0321,16.8813,16.6276,1.4045,0.2537,8.4471,1.5259,0,1,9.19,2.14,warning,4.38,,FULL_ANGLE
0,37.0712,cam_1,CAM_ONLY,18.0768,,16.6276,1.4492,,8.7156,,0,,14.76,18.94,warning,4.38,,CAMERA_ONLY
0,37.1703,cam_1,CAM_ONLY,17.7545,,16.6276,1.1269,,6.7775,,0,,23.02,15.36,warning,4.38,,CAMERA_ONLY
0,37.2385,t640,BOTH,17.6860,16.8852,16.6276,1.0584,0.2577,6.3654,1.5498,0,1,14.12,1.34,warning,4.38,,FULL_ANGLE
0,37.2385,t641,LIDAR_ONLY,27.5733,27.5733,,,,,,,,14.12,1.34,drive,-29.20,front,LIDAR_ONLY
0,37.3141,cam_1,CAM_ONLY,17.5025,,16.6276,0.8750,,5.2623,,1,,19.37,7.99,warning,4.38,,CAMERA_ONLY
0,37.3857,cam_1,CAM_ONLY,17.4447,,16.6276,0.8172,,4.9147,,1,,10.36,1.72,warning,4.38,,CAMERA_ONLY
0,37.3857,t641,LIDAR_ONLY,27.5671,27.5671,11.3989,16.1682,16.1682,141.8405,141.8405,0,0,10.36,1.72,drive,-29.13,front,LIDAR_ONLY
0,37.4591,cam_1,CAM_ONLY,17.5299,,16.6276,0.9024,,5.4270,,1,,12.07,14.91,warning,4.38,,CAMERA_ONLY
0,37.5360,cam_1,CAM_ONLY,17.5840,,16.6276,0.9564,,5.7521,,1,,19.20,7.79,warning,4.38,,CAMERA_ONLY
0,37.6077,cam_1,CAM_ONLY,17.7904,,16.6276,1.1628,,6.9934,,0,,11.36,11.93,warning,4.38,,CAMERA_ONLY
0,37.6682,cam_1,CAM_ONLY,18.1002,,16.6276,1.4727,,8.8569,,0,,9.78,6.10,warning,4.38,,CAMERA_ONLY
0,37.7319,cam_1,CAM_ONLY,18.2802,,16.6276,1.6526,,9.9392,,0,,10.69,4.04,warning,4.38,,CAMERA_ONLY
0,37.8035,cam_1,CAM_ONLY,17.7960,,16.6276,1.1685,,7.0275,,0,,17.43,10.55,warning,4.38,,CAMERA_ONLY
0,37.8797,cam_1,CAM_ONLY,18.4506,,16.6276,1.8231,,10.9642,,0,,16.78,5.70,warning,4.38,,CAMERA_ONLY
0,37.9607,cam_1,CAM_ONLY,18.3769,,16.6276,1.7493,,10.5206,,0,,9.94,11.04,warning,4.38,,CAMERA_ONLY
0,38.0190,cam_1,CAM_ONLY,17.9762,,16.6276,1.3487,,8.1111,,0,,10.14,4.50,warning,4.38,,CAMERA_ONLY
0,38.0931,t658,BOTH,18.2552,17.0077,16.6276,1.6277,0.3802,9.7889,2.2865,0,1,19.15,3.58,warning,4.38,,FULL_ANGLE
0,38.0931,t656,LIDAR_ONLY,27.5575,27.5575,,,,,,,,19.15,3.58,drive,-29.15,front,LIDAR_ONLY
0,38.0931,t657,LIDAR_ONLY,16.6006,16.6006,73.6817,57.0811,57.0811,77.4698,77.4698,0,0,19.15,3.58,drive,20.96,front,LIDAR_ONLY
0,38.0931,t657,LIDAR_ONLY,16.5284,16.5284,73.6817,57.1532,57.1532,77.5678,77.5678,0,0,19.15,3.58,drive,22.28,front,LIDAR_ONLY
0,38.0931,t657,LIDAR_ONLY,16.6555,16.6555,73.6817,57.0261,57.0261,77.3953,77.3953,0,0,19.15,3.58,drive,19.47,front,LIDAR_ONLY
0,38.0931,t658,LIDAR_ONLY,17.6503,17.6503,16.6276,1.0227,1.0227,6.1508,6.1508,0,0,19.15,3.58,drive,5.07,front,LIDAR_ONLY
0,38.1699,cam_1,CAM_ONLY,18.0888,,16.6276,1.4613,,8.7883,,0,,15.21,7.33,warning,4.38,,CAMERA_ONLY
0,38.2707,cam_1,CAM_ONLY,19.5123,,16.6276,2.8848,,17.3493,,0,,15.17,14.84,warning,4.33,,CAMERA_ONLY
0,38.3377,t658,BOTH,19.4800,16.9599,16.6276,2.8525,0.3323,17.1550,1.9987,0,1,13.10,2.25,warning,4.33,,FULL_ANGLE
0,38.3377,t656,LIDAR_ONLY,27.5611,27.5611,,,,,,,,13.10,2.25,drive,-29.19,front,LIDAR_ONLY
0,38.3377,t657,LIDAR_ONLY,11.3140,11.3140,73.6817,62.3677,62.3677,84.6447,84.6447,0,0,13.10,2.25,cautious,29.13,front,LIDAR_ONLY
0,38.3377,t657,LIDAR_ONLY,11.4186,11.4186,73.6817,62.2631,62.2631,84.5028,84.5028,0,0,13.10,2.25,cautious,19.85,front,LIDAR_ONLY
0,38.4178,cam_1,CAM_ONLY,19.7190,,16.6276,3.0915,,18.5923,,0,,16.94,12.12,safe,4.33,,CAMERA_ONLY
0,38.4874,t658,BOTH,20.0160,16.9468,16.6283,3.3876,0.3184,20.3726,1.9151,0,1,19.19,2.21,safe,4.29,,FULL_ANGLE
0,38.4874,t656,LIDAR_ONLY,27.5697,27.5697,,,,,,,,19.19,2.21,drive,-29.08,front,LIDAR_ONLY
0,38.5791,cam_1,CAM_ONLY,20.3773,,16.6260,3.7514,,22.5632,,0,,23.72,6.87,safe,4.29,,CAMERA_ONLY
0,38.6691,cam_1,CAM_ONLY,19.9272,,16.6096,3.3176,,19.9741,,0,,14.01,16.84,warning,4.29,,CAMERA_ONLY
0,38.7356,t658,BOTH,19.5206,16.9274,16.6016,2.9190,0.3257,17.5824,1.9621,0,1,10.29,1.08,warning,4.38,,FULL_ANGLE
0,38.7356,t656,LIDAR_ONLY,27.5711,27.5711,,,,,,,,10.29,1.08,drive,-29.22,front,LIDAR_ONLY
0,38.8167,cam_1,CAM_ONLY,18.7618,,16.6017,2.1601,,13.0114,,0,,14.24,13.86,warning,4.38,,CAMERA_ONLY
0,38.8883,t658,BOTH,18.6513,16.8824,16.6017,2.0497,0.2808,12.3461,1.6911,0,1,16.55,1.46,warning,4.38,,FULL_ANGLE
0,38.8883,t656,LIDAR_ONLY,27.5628,27.5628,,,,,,,,16.55,1.46,drive,-29.13,front,LIDAR_ONLY
0,38.9707,cam_1,CAM_ONLY,18.2698,,16.6017,1.6682,,10.0483,,0,,19.04,16.53,warning,4.38,,CAMERA_ONLY
0,39.0437,t658,BOTH,19.0575,16.8811,16.6017,2.4558,0.2794,14.7926,1.6830,0,1,12.38,5.53,warning,4.38,,FULL_ANGLE
0,39.0437,t673,LIDAR_ONLY,16.9343,16.9343,73.6503,56.7160,56.7160,77.0071,77.0071,0,0,12.38,5.53,drive,20.73,front,LIDAR_ONLY
0,39.1322,cam_1,CAM_ONLY,18.4439,,16.6017,1.8423,,11.0968,,0,,19.80,7.51,warning,4.38,,CAMERA_ONLY
0,39.2211,cam_1,CAM_ONLY,18.8242,,16.6017,2.2226,,13.3876,,0,,9.42,27.00,warning,4.33,,CAMERA_ONLY
0,39.3149,t673,LIDAR_ONLY,17.0619,17.0619,73.6503,56.5884,56.5884,76.8339,76.8339,0,0,16.30,18.63,drive,19.58,front,LIDAR_ONLY
0,39.3821,cam_1,CAM_ONLY,17.4956,,16.6020,0.8936,,5.3824,,1,,12.69,2.70,warning,4.38,,CAMERA_ONLY
0,39.3821,t680,LIDAR_ONLY,27.5685,27.5685,,,,,,,,12.69,2.70,drive,-29.16,front,LIDAR_ONLY
0,39.4688,cam_1,CAM_ONLY,18.1817,,16.6019,1.5798,,9.5158,,0,,19.12,13.48,warning,4.38,,CAMERA_ONLY
0,39.5296,cam_1,CAM_ONLY,18.0702,,16.6019,1.4683,,8.8441,,0,,9.19,5.74,warning,4.38,,CAMERA_ONLY
0,39.6211,cam_1,CAM_ONLY,17.9646,,16.6019,1.3627,,8.2084,,0,,16.24,17.11,warning,4.33,,CAMERA_ONLY
0,39.7056,cam_1,CAM_ONLY,18.8903,,16.6019,2.2884,,13.7840,,0,,12.30,11.54,warning,4.38,,CAMERA_ONLY
0,39.7656,cam_1,CAM_ONLY,19.5728,,16.6019,2.9709,,17.8950,,0,,10.53,4.34,warning,4.38,,CAMERA_ONLY
0,39.8233,cam_1,CAM_ONLY,19.3152,,16.6019,2.7134,,16.3438,,0,,9.43,4.98,warning,4.38,,CAMERA_ONLY
0,39.8866,t695,BOTH,19.4123,16.8420,16.6019,2.8105,0.2401,16.9286,1.4464,0,1,10.98,1.25,warning,4.38,,FULL_ANGLE
0,39.8866,t693,LIDAR_ONLY,27.6076,27.6076,,,,,,,,10.98,1.25,drive,-29.07,front,LIDAR_ONLY
0,39.8866,t694,LIDAR_ONLY,18.3424,18.3424,73.6506,55.3082,55.3082,75.0953,75.0953,0,0,10.98,1.25,drive,19.74,front,LIDAR_ONLY
0,39.8866,t694,LIDAR_ONLY,16.2027,16.2027,73.6506,57.4479,57.4479,78.0006,78.0006,0,0,10.98,1.25,drive,21.86,front,LIDAR_ONLY
0,39.9647,cam_1,CAM_ONLY,19.7787,,16.6019,3.1769,,19.1356,,0,,12.37,10.18,safe,4.38,,CAMERA_ONLY
0,40.0263,cam_1,CAM_ONLY,19.7527,,16.6023,3.1504,,18.9756,,0,,10.73,4.83,safe,4.38,,CAMERA_ONLY
0,40.1073,cam_1,CAM_ONLY,19.0045,,16.6016,2.4030,,14.4743,,0,,15.89,14.99,warning,4.33,,CAMERA_ONLY
0,40.1974,t704,BOTH,18.7527,16.8744,16.6003,2.1524,0.2741,12.9660,1.6511,0,1,18.39,4.98,warning,4.38,,FULL_ANGLE
0,40.1974,t703,LIDAR_ONLY,16.9456,16.9456,73.6485,56.7029,56.7029,76.9912,76.9912,0,0,18.39,4.98,drive,20.72,front,LIDAR_ONLY
0,40.1974,t703,LIDAR_ONLY,17.1316,17.1316,73.6485,56.5169,56.5169,76.7387,76.7387,0,0,18.39,4.98,drive,19.45,front,LIDAR_ONLY
0,40.1974,t703,LIDAR_ONLY,17.2657,17.2657,73.6485,56.3828,56.3828,76.5566,76.5566,0,0,18.39,4.98,drive,19.93,front,LIDAR_ONLY
0,40.2964,cam_1,CAM_ONLY,18.0581,,16.6003,1.4577,,8.7814,,0,,16.07,7.41,warning,4.38,,CAMERA_ONLY
0,40.2964,t703,LIDAR_ONLY,17.2564,17.2564,73.6485,56.3921,56.3921,76.5693,76.5693,0,0,16.07,7.41,drive,20.88,front,LIDAR_ONLY
0,40.2964,t703,LIDAR_ONLY,16.7048,16.7048,73.6485,56.9437,56.9437,77.3182,77.3182,0,0,16.07,7.41,drive,22.20,front,LIDAR_ONLY
0,40.3583,cam_1,CAM_ONLY,18.1095,,16.6003,1.5091,,9.0910,,0,,9.65,6.81,warning,4.38,,CAMERA_ONLY
0,40.4180,cam_1,CAM_ONLY,18.1589,,16.6003,1.5586,,9.3888,,0,,10.48,3.28,warning,4.38,,CAMERA_ONLY
0,40.4878,t710,BOTH,18.2218,16.8489,16.6003,1.6214,0.2486,9.7675,1.4974,0,1,16.00,2.14,warning,4.38,,FULL_ANGLE
0,40.4878,t708,LIDAR_ONLY,27.4847,27.4847,,,,,,,,16.00,2.14,drive,-29.30,front,LIDAR_ONLY
0,40.4878,t703,LIDAR_ONLY,16.8233,16.8233,73.6485,56.8252,56.8252,77.1573,77.1573,0,0,16.00,2.14,drive,19.66,front,LIDAR_ONLY
0,40.5485,cam_1,CAM_ONLY,18.7921,,16.6003,2.1918,,13.2034,,0,,10.36,6.11,warning,4.33,,CAMERA_ONLY
0,40.5485,t703,LIDAR_ONLY,16.8761,16.8761,73.6485,56.7724,56.7724,77.0856,77.0856,0,0,10.36,6.11,drive,20.13,front,LIDAR_ONLY
0,40.5485,t703,LIDAR_ONLY,16.8832,16.8832,73.6485,56.7653,56.7653,77.0760,77.0760,0,0,10.36,6.11,drive,21.34,front,LIDAR_ONLY
0,40.6175,cam_1,CAM_ONLY,19.1896,,16.6003,2.5893,,15.5980,,0,,16.37,3.70,warning,4.33,,CAMERA_ONLY
0,40.6875,t710,BOTH,19.2097,16.8539,16.6003,2.6094,0.2536,15.7188,1.5277,0,1,14.85,2.05,warning,4.33,,FULL_ANGLE
0,40.6875,t708,LIDAR_ONLY,27.4884,27.4884,,,,,,,,14.85,2.05,drive,-29.19,front,LIDAR_ONLY
0,40.6875,t703,LIDAR_ONLY,11.3801,11.3801,73.6485,62.2684,62.2684,84.5481,84.5481,0,0,14.85,2.05,cautious,29.24,front,LIDAR_ONLY
0,40.6875,t703,LIDAR_ONLY,11.4025,11.4025,73.6485,62.2460,62.2460,84.5177,84.5177,0,0,14.85,2.05,cautious,19.74,front,LIDAR_ONLY
0,40.7922,cam_1,CAM_ONLY,19.2845,,16.6003,2.6842,,16.1693,,0,,9.25,13.11,warning,4.33,,CAMERA_ONLY
0,40.8666,cam_1,CAM_ONLY,19.2436,,16.6003,2.6433,,15.9231,,0,,12.34,16.11,warning,4.33,,CAMERA_ONLY
0,40.9706,cam_1,CAM_ONLY,18.9803,,16.6003,2.3800,,14.3370,,0,,18.95,12.99,warning,4.33,,CAMERA_ONLY
0,41.0427,t725,BOTH,18.2073,16.8834,16.6003,1.6070,0.2831,9.6803,1.7052,0,1,19.35,4.65,warning,4.38,,FULL_ANGLE
0,41.0427,t723,LIDAR_ONLY,27.6124,27.6124,,,,,,,,19.35,4.65,drive,-29.13,front,LIDAR_ONLY
0,41.0427,t724,LIDAR_ONLY,17.5369,17.5369,73.6485,56.1116,56.1116,76.1883,76.1883,0,0,19.35,4.65,drive,20.29,front,LIDAR_ONLY
0,41.0427,t724,LIDAR_ONLY,16.4579,16.4579,73.6485,57.1906,57.1906,77.6535,77.6535,0,0,19.35,4.65,drive,22.77,front,LIDAR_ONLY
0,41.1192,cam_1,CAM_ONLY,18.1562,,16.6003,1.5559,,9.3728,,0,,17.67,14.61,warning,4.38,,CAMERA_ONLY
0,41.1825,cam_1,CAM_ONLY,18.1044,,16.6003,1.5041,,9.0606,,0,,9.24,3.65,warning,4.38,,CAMERA_ONLY
0,41.1825,t723,LIDAR_ONLY,27.6153,27.6153,,,,,,,,9.24,3.65,drive,-28.98,front,LIDAR_ONLY
0,41.2368,t725,BOTH,18.3405,16.8697,16.6003,1.7402,0.2694,10.4831,1.6226,0,1,10.17,1.34,warning,4.38,,FULL_ANGLE
0,41.2368,t723,LIDAR_ONLY,27.5777,27.5777,,,,,,,,10.17,1.34,drive,-29.21,front,LIDAR_ONLY
0,41.2368,t724,LIDAR_ONLY,14.9838,14.9838,73.6485,58.6647,58.6647,79.6550,79.6550,0,0,10.17,1.34,drive,24.14,front,LIDAR_ONLY
0,41.2368,t724,LIDAR_ONLY,15.1033,15.1033,73.6485,58.5452,58.5452,79.4927,79.4927,0,0,10.17,1.34,drive,20.06,front,LIDAR_ONLY
0,41.2368,t724,LIDAR_ONLY,15.2026,15.2026,73.6485,58.4459,58.4459,79.3579,79.3579,0,0,10.17,1.34,drive,21.37,front,LIDAR_ONLY
0,41.3219,cam_1,CAM_ONLY,18.2340,,16.6003,1.6337,,9.8413,,0,,17.82,14.15,warning,4.38,,CAMERA_ONLY
0,41.4089,cam_1,CAM_ONLY,18.1759,,16.6003,1.5756,,9.4913,,0,,10.24,33.42,warning,4.38,,CAMERA_ONLY
0,41.5081,cam_1,CAM_ONLY,17.5123,,16.6003,0.9120,,5.4939,,1,,14.97,33.32,warning,4.38,,CAMERA_ONLY
0,41.5911,t735,BOTH,17.2398,16.8449,16.6003,0.6395,0.2446,3.8521,1.4734,1,1,10.91,5.07,warning,4.38,,FULL_ANGLE
0,41.5911,t734,LIDAR_ONLY,10.6548,10.6548,,,,,,,,10.91,5.07,cautious,29.06,front,LIDAR_ONLY
0,41.6610,cam_1,CAM_ONLY,17.4025,,16.6003,0.8022,,4.8325,,1,,9.31,12.30,warning,4.38,,CAMERA_ONLY
0,41.7412,t735,BOTH,17.7159,16.8490,16.6003,1.1156,0.2487,6.7203,1.4981,0,1,18.89,5.26,warning,4.38,,FULL_ANGLE
0,41.7412,t739,LIDAR_ONLY,4.8331,4.8331,3.0704,1.7627,1.7627,57.4103,57.4103,0,0,18.89,5.26,slow,-26.89,front,LIDAR_ONLY
0,41.7412,t734,LIDAR_ONLY,10.6653,10.6653,73.6485,62.9832,62.9832,85.5186,85.5186,0,0,18.89,5.26,cautious,28.59,front,LIDAR_ONLY
0,41.7412,t734,LIDAR_ONLY,10.7614,10.7614,73.6485,62.8871,62.8871,85.3881,85.3881,0,0,18.89,5.26,cautious,21.18,front,LIDAR_ONLY
0,41.8198,cam_1,CAM_ONLY,17.5746,,16.6003,0.9743,,5.8694,,1,,13.31,15.20,warning,4.38,,CAMERA_ONLY
0,41.9193,cam_1,CAM_ONLY,17.6150,,16.6003,1.0147,,6.1125,,0,,16.88,15.06,warning,4.38,,CAMERA_ONLY
0,41.9876,cam_1,CAM_ONLY,17.6919,,16.6003,1.0916,,6.5759,,0,,15.83,4.88,warning,4.38,,CAMERA_ONLY
0,41.9876,t739,LIDAR_ONLY,4.9095,4.9095,7.0189,2.1094,2.1094,30.0529,30.0529,0,0,15.83,4.88,slow,-29.32,front,LIDAR_ONLY
0,41.9876,t739,LIDAR_ONLY,5.1967,5.1967,7.0189,1.8223,1.8223,25.9621,25.9621,0,0,15.83,4.88,slow,-21.94,front,LIDAR_ONLY
0,42.0720,cam_1,CAM_ONLY,17.4827,,16.6003,0.8824,,5.3155,,1,,16.63,19.85,warning,4.38,,CAMERA_ONLY
0,42.1852,cam_1,CAM_ONLY,17.9178,,16.6003,1.3175,,7.9364,,0,,29.34,22.85,warning,4.38,,CAMERA_ONLY
0,42.2570,t750,BOTH,18.3328,17.0860,73.6485,55.3157,56.5625,75.1077,76.8006,0,0,12.20,11.31,warning,4.38,,FULL_ANGLE
0,42.2570,t750,LIDAR_ONLY,16.9919,16.9919,73.6485,56.6566,56.6566,76.9283,76.9283,0,0,12.20,11.31,drive,20.69,front,LIDAR_ONLY
0,42.3422,t752,BOTH,18.5924,13.3889,12.8477,5.7448,0.5412,44.7143,4.2126,0,1,22.15,4.40,warning,4.38,,FULL_ANGLE
0,42.3422,t751,LIDAR_ONLY,27.5804,27.5804,,,,,,,,22.15,4.40,drive,-29.08,front,LIDAR_ONLY
0,42.3422,t752,LIDAR_ONLY,13.1936,13.1936,12.8477,0.3459,0.3459,2.6924,2.6924,1,1,22.15,4.40,cautious,-10.27,front,LIDAR_ONLY
0,42.3422,t752,LIDAR_ONLY,13.2311,13.2311,12.8477,0.3834,0.3834,2.9846,2.9846,1,1,22.15,4.40,cautious,-4.58,front,LIDAR_ONLY
0,42.3422,t750,LIDAR_ONLY,17.2176,17.2176,73.6485,56.4309,56.4309,76.6219,76.6219,0,0,22.15,4.40,drive,19.55,front,LIDAR_ONLY
0,42.4238,cam_1,CAM_ONLY,19.2280,,16.6003,2.6277,,15.8294,,0,,19.75,5.58,warning,4.33,,CAMERA_ONLY
0,42.5162,cam_1,CAM_ONLY,18.0633,,16.6003,1.4630,,8.8129,,0,,21.63,4.16,warning,4.38,,CAMERA_ONLY
0,42.5758,cam_1,CAM_ONLY,18.3170,,16.6003,1.7167,,10.3413,,0,,11.45,4.39,warning,4.38,,CAMERA_ONLY
0,42.6692,cam_1,CAM_ONLY,18.9412,,16.6003,2.3408,,14.1012,,0,,23.76,9.94,warning,4.38,,CAMERA_ONLY
0,42.7391,t761,BOTH,18.9352,18.6034,19.3686,0.4334,0.7652,2.2377,3.9507,1,1,20.60,2.70,warning,4.33,,FULL_ANGLE
0,42.7391,t760,LIDAR_ONLY,27.4943,27.4943,,,,,,,,20.60,2.70,drive,-29.31,front,LIDAR_ONLY
0,42.7391,t761,LIDAR_ONLY,19.4531,19.4531,19.3686,0.0845,0.0845,0.4363,0.4363,1,1,20.60,2.70,drive,-4.94,front,LIDAR_ONLY
0,42.7391,t762,LIDAR_ONLY,18.1897,18.1897,73.6485,55.4588,55.4588,75.3020,75.3020,0,0,20.60,2.70,drive,19.84,front,LIDAR_ONLY
0,42.8171,cam_1,CAM_ONLY,18.8467,,16.6003,2.2464,,13.5320,,0,,13.14,15.67,warning,4.33,,CAMERA_ONLY
0,42.8909,t761,BOTH,19.0641,19.0498,21.8907,2.8266,2.8409,12.9122,12.9778,0,0,9.54,1.48,warning,4.33,,FULL_ANGLE
0,42.8909,t760,LIDAR_ONLY,27.5124,27.5124,,,,,,,,9.54,1.48,drive,-29.05,front,LIDAR_ONLY
0,42.8909,t762,LIDAR_ONLY,13.7578,13.7578,73.6485,59.8907,59.8907,81.3196,81.3196,0,0,9.54,1.48,cautious,25.01,front,LIDAR_ONLY
0,42.8909,t761,LIDAR_ONLY,18.9298,18.9298,21.8907,2.9610,2.9610,13.5261,13.5261,0,0,9.54,1.48,drive,-3.12,front,LIDAR_ONLY
0,42.8909,t762,LIDAR_ONLY,14.1292,14.1292,73.6485,59.5193,59.5193,80.8154,80.8154,0,0,9.54,1.48,cautious,20.69,front,LIDAR_ONLY
0,42.9594,cam_1,CAM_ONLY,19.0221,,16.6003,2.4218,,14.5891,,0,,10.28,14.10,warning,4.33,,CAMERA_ONLY
0,43.0514,t761,BOTH,17.6771,19.9760,24.5158,6.8387,4.5398,27.8950,18.5178,0,0,17.43,8.07,warning,4.38,,FULL_ANGLE
0,43.0514,t762,LIDAR_ONLY,14.5193,14.5193,73.6485,59.1292,59.1292,80.2857,80.2857,0,0,17.43,8.07,cautious,20.99,front,LIDAR_ONLY
0,43.0514,t761,LIDAR_ONLY,19.3406,19.3406,24.5158,5.1751,5.1751,21.1094,21.1094,0,0,17.43,8.07,drive,-2.90,front,LIDAR_ONLY
0,43.0514,t761,LIDAR_ONLY,19.7124,19.7124,24.5158,4.8034,4.8034,19.5930,19.5930,0,0,17.43,8.07,drive,0.13,front,LIDAR_ONLY
0,43.1230,cam_1,CAM_ONLY,17.6573,,16.6003,1.0570,,6.3672,,0,,11.74,17.46,warning,4.33,,CAMERA_ONLY
0,43.2170,cam_1,CAM_ONLY,20.5819,,16.6003,3.9816,,23.9851,,0,,15.58,15.28,safe,4.33,,CAMERA_ONLY
0,43.2857,t761,BOTH,20.2361,21.0414,16.6013,3.6348,4.4401,21.8947,26.7454,0,0,15.43,1.43,safe,4.38,,FULL_ANGLE
0,43.2857,t770,LIDAR_ONLY,27.5251,27.5251,,,,,,,,15.43,1.43,drive,-29.13,front,LIDAR_ONLY
0,43.2857,t761,LIDAR_ONLY,20.5894,20.5894,16.6013,3.9881,3.9881,24.0228,24.0228,0,0,15.43,1.43,drive,-0.27,front,LIDAR_ONLY
0,43.3678,cam_1,CAM_ONLY,20.4036,,16.5999,3.8037,,22.9138,,0,,14.09,13.50,safe,4.33,,CAMERA_ONLY
0,43.4281,cam_1,CAM_ONLY,18.4118,,16.5936,1.8182,,10.9575,,0,,12.22,2.16,warning,4.33,,CAMERA_ONLY
0,43.4281,t770,LIDAR_ONLY,27.5254,27.5254,,,,,,,,12.22,2.16,drive,-29.13,front,LIDAR_ONLY
0,43.4923,t761,BOTH,19.2024,21.3236,16.5886,2.6138,4.7350,15.7569,28.5439,0,0,11.29,3.14,warning,4.38,,FULL_ANGLE
0,43.4923,t775,LIDAR_ONLY,17.6768,17.6768,73.6377,55.9609,55.9609,75.9950,75.9950,0,0,11.29,3.14,drive,20.19,front,LIDAR_ONLY
0,43.4923,t775,LIDAR_ONLY,17.2287,17.2287,73.6377,56.4089,56.4089,76.6034,76.6034,0,0,11.29,3.14,drive,21.62,front,LIDAR_ONLY
0,43.4923,t775,LIDAR_ONLY,16.9618,16.9618,73.6377,56.6759,56.6759,76.9659,76.9659,0,0,11.29,3.14,drive,22.61,front,LIDAR_ONLY
0,43.4923,t761,LIDAR_ONLY,21.5873,21.5873,16.5886,4.9987,4.9987,30.1336,30.1336,0,0,11.29,3.14,drive,1.56,front,LIDAR_ONLY
0,43.4923,t775,LIDAR_ONLY,16.7572,16.7572,73.6377,56.8805,56.8805,77.2437,77.2437,0,0,11.29,3.14,drive,22.21,front,LIDAR_ONLY
0,43.5661,cam_1,CAM_ONLY,19.0919,,16.5886,2.5033,,15.0907,,0,,16.03,8.79,warning,4.38,,CAMERA_ONLY
0,43.6319,cam_1,CAM_ONLY,20.7124,,16.5886,4.1238,,24.8590,,0,,11.78,5.37,safe,4.33,,CAMERA_ONLY
0,43.6861,t761,BOTH,20.6251,21.3243,16.5879,4.0372,4.7364,24.3380,28.5532,0,0,9.48,1.57,safe,4.29,,FULL_ANGLE
0,43.6861,t779,LIDAR_ONLY,27.6064,27.6064,,,,,,,,9.48,1.57,drive,-29.12,front,LIDAR_ONLY
0,43.6861,t775,LIDAR_ONLY,12.7792,12.7792,73.6369,60.8577,60.8577,82.6457,82.6457,0,0,9.48,1.57,cautious,26.83,front,LIDAR_ONLY
0,43.6861,t775,LIDAR_ONLY,12.4496,12.4496,73.6369,61.1873,61.1873,83.0933,83.0933,0,0,9.48,1.57,cautious,19.41,front,LIDAR_ONLY
0,43.6861,t775,LIDAR_ONLY,12.6346,12.6346,73.6369,61.0022,61.0022,82.8419,82.8419,0,0,9.48,1.57,cautious,21.40,front,LIDAR_ONLY
0,43.7535,cam_1,CAM_ONLY,21.1701,,16.5862,4.5838,,27.6364,,0,,10.30,9.65,safe,4.38,,CAMERA_ONLY
0,43.8169,cam_1,CAM_ONLY,12.4417,,16.5823,4.1406,,24.9703,,0,,10.62,3.44,stop,4.38,,CAMERA_ONLY
0,43.8169,cam_1,CAM_ONLY,18.5127,,16.5823,1.9304,,11.6412,,0,,10.62,3.44,warning,4.42,,CAMERA_ONLY
0,43.8861,cam_1,CAM_ONLY,14.9408,,16.5802,1.6394,,9.8876,,0,,15.41,8.80,warning,4.38,,CAMERA_ONLY
0,43.9635,cam_1,CAM_ONLY,20.1702,,16.5802,3.5900,,21.6520,,0,,14.12,4.62,safe,4.38,,CAMERA_ONLY
0,44.0220,cam_1,CAM_ONLY,20.2369,,16.5800,3.6569,,22.0562,,0,,9.62,3.54,safe,4.33,,CAMERA_ONLY
0,44.0829,cam_1,CAM_ONLY,13.7439,,16.5784,2.8346,,17.0980,,0,,11.58,2.92,stop,4.38,,CAMERA_ONLY
0,44.0829,cam_1,CAM_ONLY,19.8374,,16.5784,3.2589,,19.6577,,0,,11.58,2.92,safe,4.33,,CAMERA_ONLY
0,44.0829,t789,LIDAR_ONLY,27.5162,27.5162,35.1647,7.6485,7.6485,21.7506,21.7506,0,0,11.58,2.92,drive,-29.17,front,LIDAR_ONLY
0,44.1614,cam_1,CAM_ONLY,20.6712,,16.5766,4.0946,,24.7011,,0,,13.00,15.26,safe,4.38,,CAMERA_ONLY
0,44.2305,cam_1,CAM_ONLY,19.5111,,16.5766,2.9345,,17.7028,,0,,13.25,3.55,warning,4.38,,CAMERA_ONLY
0,44.2305,t789,LIDAR_ONLY,27.5125,27.5125,34.0689,6.5564,6.5564,19.2446,19.2446,0,0,13.25,3.55,drive,-29.30,front,LIDAR_ONLY
0,44.2896,t797,BOTH,18.8691,16.7850,16.5762,2.2928,0.2087,13.8321,1.2592,0,1,9.56,1.67,warning,4.42,,FULL_ANGLE
0,44.2896,t789,LIDAR_ONLY,27.5200,27.5200,33.5421,6.0222,6.0222,17.9541,17.9541,0,0,9.56,1.67,drive,-29.14,front,LIDAR_ONLY
0,44.2896,t796,LIDAR_ONLY,17.5350,17.5350,73.6234,56.0884,56.0884,76.1829,76.1829,0,0,9.56,1.67,drive,20.30,front,LIDAR_ONLY
0,44.2896,t796,LIDAR_ONLY,16.6207,16.6207,73.6234,57.0027,57.0027,77.4247,77.4247,0,0,9.56,1.67,drive,21.86,front,LIDAR_ONLY
0,44.2896,t796,LIDAR_ONLY,16.7152,16.7152,73.6234,56.9081,56.9081,77.2963,77.2963,0,0,9.56,1.67,drive,19.26,front,LIDAR_ONLY
0,44.3573,cam_1,CAM_ONLY,18.8935,,16.5762,2.3173,,13.9795,,0,,10.99,10.97,warning,4.42,,CAMERA_ONLY
0,44.4201,cam_1,CAM_ONLY,19.3118,,16.5762,2.7356,,16.5029,,0,,12.17,3.80,warning,4.42,,CAMERA_ONLY
0,44.4803,t797,BOTH,19.2053,16.7932,16.5762,2.6291,0.2170,15.8606,1.3088,0,1,12.14,2.15,warning,4.42,,FULL_ANGLE
0,44.4803,t789,LIDAR_ONLY,27.5216,27.5216,32.0835,4.5619,4.5619,14.2188,14.2188,0,0,12.14,2.15,drive,-29.29,front,LIDAR_ONLY
0,44.5594,cam_1,CAM_ONLY,18.3600,,16.5762,1.7837,,10.7607,,0,,12.93,14.88,warning,4.42,,CAMERA_ONLY
0,44.6195,cam_1,CAM_ONLY,18.7530,,16.5762,2.1768,,13.1320,,0,,10.74,3.07,warning,4.42,,CAMERA_ONLY
0,44.6831,t797,BOTH,18.5485,16.8019,16.5762,1.9723,0.2257,11.8984,1.3615,0,1,12.99,1.80,warning,4.38,,FULL_ANGLE
0,44.6831,t789,LIDAR_ONLY,27.5256,27.5256,30.4437,2.9181,2.9181,9.5853,9.5853,0,0,12.99,1.80,drive,-29.19,front,LIDAR_ONLY
0,44.7666,cam_1,CAM_ONLY,17.6767,,16.5762,1.1005,,6.6391,,0,,12.73,15.31,warning,4.38,,CAMERA_ONLY
0,44.8362,t797,BOTH,18.5134,16.8105,16.5762,1.9372,0.2343,11.6868,1.4133,0,1,14.01,1.69,warning,4.42,,FULL_ANGLE
0,44.8362,t789,LIDAR_ONLY,27.5302,27.5302,29.3241,1.7940,1.7940,6.1177,6.1177,0,0,14.01,1.69,drive,-29.15,front,LIDAR_ONLY
0,44.8362,t805,LIDAR_ONLY,11.9000,11.9000,73.6233,61.7234,61.7234,83.8367,83.8367,0,0,14.01,1.69,cautious,26.20,front,LIDAR_ONLY
0,44.8362,t805,LIDAR_ONLY,12.1929,12.1929,73.6233,61.4305,61.4305,83.4389,83.4389,0,0,14.01,1.69,cautious,21.23,front,LIDAR_ONLY
0,44.8362,t805,LIDAR_ONLY,12.5144,12.5144,73.6233,61.1089,61.1089,83.0021,83.0021,0,0,14.01,1.69,cautious,19.29,front,LIDAR_ONLY
0,44.8362,t805,LIDAR_ONLY,12.7742,12.7742,73.6233,60.8491,60.8491,82.6492,82.6492,0,0,14.01,1.69,cautious,22.88,front,LIDAR_ONLY
0,44.9131,cam_1,CAM_ONLY,18.8414,,16.5762,2.2652,,13.6655,,0,,12.13,11.91,warning,4.42,,CAMERA_ONLY
0,44.9801,cam_1,CAM_ONLY,18.9069,,16.5762,2.3307,,14.0608,,0,,11.23,6.64,warning,4.38,,CAMERA_ONLY
0,45.0430,t797,BOTH,19.1745,16.8159,16.5762,2.5983,0.2397,15.6747,1.4461,0,1,10.30,3.39,warning,4.38,,FULL_ANGLE
0,45.1217,cam_1,CAM_ONLY,19.0089,,16.5762,2.4327,,14.6761,,0,,16.40,6.43,warning,4.38,,CAMERA_ONLY
0,45.1859,t797,BOTH,18.8613,16.8209,16.5762,2.2851,0.2447,13.7853,1.4763,0,1,17.87,1.98,warning,4.38,,FULL_ANGLE
0,45.1859,t812,LIDAR_ONLY,27.4771,27.4771,26.5226,0.9546,0.9546,3.5991,3.5991,1,1,17.87,1.98,drive,-29.25,front,LIDAR_ONLY
0,45.2710,cam_1,CAM_ONLY,18.6242,,16.5762,2.0480,,12.3553,,0,,17.57,18.72,warning,4.38,,CAMERA_ONLY
0,45.3324,t797,BOTH,18.5964,16.8231,16.5762,2.0202,0.2469,12.1875,1.4897,0,1,13.37,1.61,warning,4.38,,FULL_ANGLE
0,45.3324,t812,LIDAR_ONLY,27.4824,27.4824,25.4156,2.0667,2.0667,8.1318,8.1318,0,0,13.37,1.61,drive,-29.26,front,LIDAR_ONLY
0,45.4165,cam_1,CAM_ONLY,18.2740,,16.5762,1.6978,,10.2424,,0,,17.13,16.35,warning,4.38,,CAMERA_ONLY
0,45.4861,t797,BOTH,18.3936,16.8243,16.5762,1.8174,0.2481,10.9642,1.4965,0,1,12.90,1.83,warning,4.38,,FULL_ANGLE
0,45.4861,t812,LIDAR_ONLY,27.4947,27.4947,24.1983,3.2964,3.2964,13.6225,13.6225,0,0,12.90,1.83,drive,-29.17,front,LIDAR_ONLY
0,45.4861,t818,LIDAR_ONLY,10.2218,10.2218,73.6233,63.4015,63.4015,86.1161,86.1161,0,0,12.90,1.83,cautious,29.85,front,LIDAR_ONLY
0,45.4861,t818,LIDAR_ONLY,10.4522,10.4522,73.6233,63.1711,63.1711,85.8031,85.8031,0,0,12.90,1.83,cautious,21.68,front,LIDAR_ONLY
0,45.5521,cam_1,CAM_ONLY,18.1593,,16.5762,1.5831,,9.5505,,0,,10.08,9.37,warning,4.38,,CAMERA_ONLY
0,45.5521,t818,LIDAR_ONLY,10.6990,10.6990,73.6233,62.9243,62.9243,85.4679,85.4679,0,0,10.08,9.37,cautious,20.88,front,LIDAR_ONLY
0,45.6219,cam_1,CAM_ONLY,18.3076,,16.5762,1.7314,,10.4452,,0,,18.26,2.51,warning,4.38,,CAMERA_ONLY
0,45.6824,cam_1,CAM_ONLY,18.3950,,16.5762,1.8188,,10.9724,,0,,10.77,4.52,warning,4.38,,CAMERA_ONLY
0,45.7639,cam_1,CAM_ONLY,18.6767,,16.5762,2.1005,,12.6717,,0,,15.88,15.57,warning,4.38,,CAMERA_ONLY
0,45.8295,cam_1,CAM_ONLY,18.8265,,16.5762,2.2503,,13.5753,,0,,16.34,2.39,warning,4.38,,CAMERA_ONLY
0,45.8295,t829,LIDAR_ONLY,27.5002,27.5002,21.4821,6.0180,6.0180,28.0141,28.0141,0,0,16.34,2.39,drive,-29.09,front,LIDAR_ONLY
0,45.9159,cam_1,CAM_ONLY,18.8395,,16.5762,2.2633,,13.6539,,0,,18.27,16.23,warning,4.42,,CAMERA_ONLY
0,45.9949,t832,BOTH,18.8841,16.8433,16.5762,2.3079,0.2671,13.9227,1.6116,0,1,18.79,5.55,warning,4.38,,FULL_ANGLE
0,45.9949,t831,LIDAR_ONLY,17.2666,17.2666,73.6233,56.3568,56.3568,76.5474,76.5474,0,0,18.79,5.55,drive,20.50,front,LIDAR_ONLY
0,45.9949,t831,LIDAR_ONLY,17.2315,17.2315,73.6233,56.3919,56.3919,76.5951,76.5951,0,0,18.79,5.55,drive,22.09,front,LIDAR_ONLY
0,46.0653,cam_1,CAM_ONLY,18.8331,,16.5762,2.2569,,13.6153,,0,,10.08,13.31,warning,4.38,,CAMERA_ONLY
0,46.1302,cam_1,CAM_ONLY,18.8823,,16.5762,2.3061,,13.9121,,0,,9.48,5.21,warning,4.42,,CAMERA_ONLY
0,46.1956,cam_1,CAM_ONLY,18.8032,,16.5762,2.2270,,13.4349,,0,,17.77,5.35,warning,4.42,,CAMERA_ONLY
0,46.1956,t831,LIDAR_ONLY,16.9844,16.9844,73.6233,56.6389,56.6389,76.9307,76.9307,0,0,17.77,5.35,drive,20.90,front,LIDAR_ONLY
0,46.2698,cam_1,CAM_ONLY,18.8777,,16.5762,2.3015,,13.8844,,0,,15.76,12.91,warning,4.42,,CAMERA_ONLY
0,46.3381,t839,BOTH,18.6115,16.8347,16.5762,2.0353,0.2585,12.2786,1.5595,0,1,16.19,1.99,warning,4.42,,FULL_ANGLE
0,46.3381,t831,LIDAR_ONLY,11.6610,11.6610,,,,,,,,16.19,1.99,cautious,29.34,front,LIDAR_ONLY
0,46.4168,cam_1,CAM_ONLY,18.5493,,16.5762,1.9731,,11.9031,,0,,16.77,12.20,warning,4.38,,CAMERA_ONLY
0,46.4825,t839,BOTH,18.3325,16.8379,16.5762,1.7564,0.2617,10.5956,1.5789,0,1,13.32,2.52,warning,4.38,,FULL_ANGLE
0,46.4825,t840,LIDAR_ONLY,27.5413,27.5413,,,,,,,,13.32,2.52,drive,-29.12,front,LIDAR_ONLY
0,46.5413,t839,BOTH,18.5251,16.8404,16.5762,1.9489,0.2642,11.7573,1.5938,0,1,9.87,2.94,warning,4.38,,FULL_ANGLE
0,46.5413,t831,LIDAR_ONLY,11.7642,11.7642,73.6233,61.8592,61.8592,84.0211,84.0211,0,0,9.87,2.94,cautious,20.41,front,LIDAR_ONLY
0,46.5413,t831,LIDAR_ONLY,11.6590,11.6590,73.6233,61.9643,61.9643,84.1640,84.1640,0,0,9.87,2.94,cautious,22.16,front,LIDAR_ONLY
0,46.6124,cam_1,CAM_ONLY,18.2596,,16.5762,1.6834,,10.1556,,0,,9.13,12.58,warning,4.38,,CAMERA_ONLY
0,46.6845,t839,BOTH,18.8264,16.8411,16.5762,2.2502,0.2649,13.5748,1.5981,0,1,13.28,1.54,warning,4.38,,FULL_ANGLE
0,46.6845,t840,LIDAR_ONLY,27.5502,27.5502,,,,,,,,13.28,1.54,drive,-29.09,front,LIDAR_ONLY
0,46.6845,t831,LIDAR_ONLY,11.7758,11.7758,73.6233,61.8476,61.8476,84.0054,84.0054,0,0,13.28,1.54,cautious,21.21,front,LIDAR_ONLY
0,46.7517,cam_1,CAM_ONLY,18.4379,,16.5762,1.8617,,11.2312,,0,,10.78,8.52,warning,4.38,,CAMERA_ONLY
0,46.7517,t831,LIDAR_ONLY,11.8974,11.8974,73.6233,61.7260,61.7260,83.8402,83.8402,0,0,10.78,8.52,cautious,21.09,front,LIDAR_ONLY
0,46.8237,cam_1,CAM_ONLY,18.3456,,16.5762,1.7694,,10.6743,,0,,13.96,6.62,warning,4.38,,CAMERA_ONLY
0,46.9200,cam_1,CAM_ONLY,18.1708,,16.5762,1.5946,,9.6198,,0,,20.57,12.90,warning,4.38,,CAMERA_ONLY
0,46.9816,cam_1,CAM_ONLY,18.2377,,16.5762,1.6615,,10.0236,,0,,12.18,5.80,warning,4.38,,CAMERA_ONLY
0,47.0659,cam_1,CAM_ONLY,18.2694,,16.5762,1.6932,,10.2146,,0,,12.75,14.19,warning,4.38,,CAMERA_ONLY
0,47.1296,cam_1,CAM_ONLY,18.1272,,16.5762,1.5510,,9.3571,,0,,16.43,4.75,warning,4.38,,CAMERA_ONLY
0,47.1296,t851,LIDAR_ONLY,27.5216,27.5216,,,,,,,,16.43,4.75,drive,-29.13,front,LIDAR_ONLY
0,47.1836,cam_1,CAM_ONLY,18.2445,,16.5762,1.6683,,10.0647,,0,,10.41,1.24,warning,4.38,,CAMERA_ONLY
0,47.1836,t851,LIDAR_ONLY,27.5104,27.5104,,,,,,,,10.41,1.24,drive,-29.26,front,LIDAR_ONLY
0,47.2668,cam_1,CAM_ONLY,18.5353,,16.5762,1.9591,,11.8186,,0,,16.63,15.27,warning,4.38,,CAMERA_ONLY
0,47.3401,t857,BOTH,18.2914,16.8046,16.5762,1.7152,0.2284,10.3474,1.3777,0,1,17.72,3.93,warning,4.38,,FULL_ANGLE
0,47.3401,t856,LIDAR_ONLY,19.0703,19.0703,73.6233,54.5531,54.5531,74.0975,74.0975,0,0,17.72,3.93,drive,19.31,front,LIDAR_ONLY
0,47.3401,t856,LIDAR_ONLY,18.1885,18.1885,73.6233,55.4348,55.4348,75.2951,75.2951,0,0,17.72,3.93,drive,20.28,front,LIDAR_ONLY
0,47.4146,cam_1,CAM_ONLY,18.4062,,16.5762,1.8300,,11.0398,,0,,16.78,14.08,warning,4.38,,CAMERA_ONLY
0,47.4822,cam_1,CAM_ONLY,18.2930,,16.5762,1.7168,,10.3572,,0,,9.42,5.48,warning,4.38,,CAMERA_ONLY
0,47.5611,cam_1,CAM_ONLY,18.2744,,16.5762,1.6982,,10.2450,,0,,15.15,11.33,warning,4.38,,CAMERA_ONLY
0,47.6322,cam_1,CAM_ONLY,18.4707,,16.5762,1.8945,,11.4288,,0,,14.80,5.62,warning,4.38,,CAMERA_ONLY
0,47.6322,t863,LIDAR_ONLY,27.4856,27.4856,,,,,,,,14.80,5.62,drive,-29.35,front,LIDAR_ONLY
0,47.6986,cam_1,CAM_ONLY,18.4123,,16.5762,1.8361,,11.0769,,0,,13.38,7.98,warning,4.38,,CAMERA_ONLY
0,47.6986,t867,LIDAR_ONLY,17.8041,17.8041,73.6233,55.8192,55.8192,75.8173,75.8173,0,0,13.38,7.98,drive,20.12,front,LIDAR_ONLY
0,47.7676,cam_1,CAM_ONLY,18.7151,,16.5762,2.1389,,12.9037,,0,,9.29,4.58,warning,4.38,,CAMERA_ONLY
0,47.8351,cam_1,CAM_ONLY,18.7173,,16.5762,2.1411,,12.9165,,0,,9.48,4.67,warning,4.38,,CAMERA_ONLY
0,47.9178,cam_1,CAM_ONLY,18.2800,,16.5762,1.7038,,10.2786,,0,,16.57,16.92,warning,4.38,,CAMERA_ONLY
0,47.9807,cam_1,CAM_ONLY,18.8123,,16.5762,2.2361,,13.4899,,0,,9.50,2.63,warning,4.38,,CAMERA_ONLY
0,47.9807,t875,LIDAR_ONLY,27.5788,27.5788,50.1410,22.5622,22.5622,44.9974,44.9974,0,0,9.50,2.63,drive,-29.14,front,LIDAR_ONLY
0,48.0595,cam_1,CAM_ONLY,18.2231,,16.5762,1.6469,,9.9355,,0,,12.75,14.40,warning,4.38,,CAMERA_ONLY
0,48.1468,t879,BOTH,18.7120,16.8283,16.5762,2.1358,0.2521,12.8846,1.5210,0,1,11.10,6.54,warning,4.38,,FULL_ANGLE
0,48.2116,cam_1,CAM_ONLY,18.4370,,16.5762,1.8608,,11.2260,,0,,14.29,4.36,warning,4.38,,CAMERA_ONLY
0,48.2794,cam_1,CAM_ONLY,18.1963,,16.5762,1.6201,,9.7735,,0,,11.03,4.43,warning,4.38,,CAMERA_ONLY
0,48.3373,t879,BOTH,18.4530,16.8324,16.5762,1.8768,0.2562,11.3225,1.5455,0,1,9.60,1.67,warning,4.38,,FULL_ANGLE
0,48.3373,t883,LIDAR_ONLY,11.4761,11.4761,73.6233,62.1473,62.1473,84.4124,84.4124,0,0,9.60,1.67,cautious,27.20,front,LIDAR_ONLY
0,48.3373,t883,LIDAR_ONLY,11.5447,11.5447,73.6233,62.0786,62.0786,84.3193,84.3193,0,0,9.60,1.67,cautious,19.33,front,LIDAR_ONLY
0,48.4153,cam_1,CAM_ONLY,18.2570,,16.5762,1.6808,,10.1400,,0,,13.54,8.36,warning,4.38,,CAMERA_ONLY
0,48.4822,cam_1,CAM_ONLY,18.2439,,16.5762,1.6677,,10.0608,,0,,12.65,2.01,warning,4.38,,CAMERA_ONLY
0,48.4822,t886,LIDAR_ONLY,27.5810,27.5810,46.2736,18.6927,18.6927,40.3960,40.3960,0,0,12.65,2.01,drive,-29.12,front,LIDAR_ONLY
0,48.5645,cam_1,CAM_ONLY,18.4056,,16.5762,1.8294,,11.0363,,0,,15.62,17.77,warning,4.38,,CAMERA_ONLY
0,48.6367,t893,BOTH,18.1972,16.8241,16.5762,1.6210,0.2479,9.7792,1.4953,0,1,9.59,1.39,warning,4.38,,FULL_ANGLE
0,48.6367,t886,LIDAR_ONLY,27.5886,27.5886,45.2113,17.6227,17.6227,38.9785,38.9785,0,0,9.59,1.39,drive,-28.89,front,LIDAR_ONLY
0,48.6367,t892,LIDAR_ONLY,11.7805,11.7805,73.6233,61.8428,61.8428,83.9989,83.9989,0,0,9.59,1.39,cautious,26.49,front,LIDAR_ONLY
0,48.6367,t892,LIDAR_ONLY,12.0073,12.0073,73.6233,61.6161,61.6161,83.6910,83.6910,0,0,9.59,1.39,cautious,20.55,front,LIDAR_ONLY
0,48.7137,cam_1,CAM_ONLY,18.2033,,16.5762,1.6272,,9.8162,,0,,14.70,6.60,warning,4.38,,CAMERA_ONLY
0,48.7729,cam_1,CAM_ONLY,18.2416,,16.5762,1.6654,,10.0472,,0,,10.52,3.50,warning,4.38,,CAMERA_ONLY
0,48.8728,cam_1,CAM_ONLY,18.2827,,16.5762,1.7065,,10.2947,,0,,21.89,17.18,warning,4.38,,CAMERA_ONLY
0,48.9789,cam_1,CAM_ONLY,18.5818,,16.5762,2.0056,,12.0991,,0,,13.97,5.55,warning,4.38,,CAMERA_ONLY
0,49.0617,cam_1,CAM_ONLY,18.7153,,16.5762,2.1391,,12.9046,,0,,15.19,15.81,warning,4.38,,CAMERA_ONLY
0,49.1316,cam_1,CAM_ONLY,18.5003,,16.5762,1.9241,,11.6076,,0,,13.36,2.88,warning,4.38,,CAMERA_ONLY
0,49.1316,t904,LIDAR_ONLY,27.5399,27.5399,41.4252,13.8853,13.8853,33.5190,33.5190,0,0,13.36,2.88,drive,-29.24,front,LIDAR_ONLY
0,49.2039,cam_1,CAM_ONLY,18.7650,,16.5762,2.1888,,13.2042,,0,,12.58,10.97,warning,4.38,,CAMERA_ONLY
0,49.2665,cam_1,CAM_ONLY,18.5313,,16.5762,1.9551,,11.7947,,0,,13.07,2.39,warning,4.38,,CAMERA_ONLY
0,49.3354,cam_1,CAM_ONLY,18.7304,,16.5762,2.1542,,12.9956,,0,,17.12,2.85,warning,4.38,,CAMERA_ONLY
0,49.3354,t904,LIDAR_ONLY,27.5299,27.5299,39.8882,12.3583,12.3583,30.9824,30.9824,0,0,17.12,2.85,drive,-29.22,front,LIDAR_ONLY
0,49.4141,cam_1,CAM_ONLY,18.1888,,16.5762,1.6126,,9.7284,,0,,14.85,16.38,warning,4.38,,CAMERA_ONLY
0,49.4854,cam_1,CAM_ONLY,18.6333,,16.5762,2.0571,,12.4102,,0,,14.91,1.63,warning,4.38,,CAMERA_ONLY
0,49.4854,t904,LIDAR_ONLY,27.5144,27.5144,38.8089,11.2945,11.2945,29.1028,29.1028,0,0,14.91,1.63,drive,-29.21,front,LIDAR_ONLY
0,49.5666,cam_1,CAM_ONLY,18.1898,,16.5762,1.6136,,9.7342,,0,,18.71,14.34,warning,4.38,,CAMERA_ONLY
0,49.6340,t916,BOTH,18.3112,16.8078,16.5762,1.7350,0.2316,10.4668,1.3974,0,1,14.01,1.66,warning,4.38,,FULL_ANGLE
0,49.6340,t904,LIDAR_ONLY,27.5152,27.5152,37.9684,10.4531,10.4531,27.5312,27.5312,0,0,14.01,1.66,drive,-29.20,front,LIDAR_ONLY
0,49.6340,t915,LIDAR_ONLY,18.8522,18.8522,73.6233,54.7712,54.7712,74.3937,74.3937,0,0,14.01,1.66,drive,19.44,front,LIDAR_ONLY
0,49.6340,t915,LIDAR_ONLY,17.9657,17.9657,73.6233,55.6576,55.6576,75.5978,75.5978,0,0,14.01,1.66,drive,20.63,front,LIDAR_ONLY
0,49.6340,t915,LIDAR_ONLY,17.9634,17.9634,73.6233,55.6600,55.6600,75.6010,75.6010,0,0,14.01,1.66,drive,20.03,front,LIDAR_ONLY
0,49.7140,cam_1,CAM_ONLY,18.3672,,16.5762,1.7910,,10.8049,,0,,17.72,8.57,warning,4.38,,CAMERA_ONLY
0,49.7756,cam_1,CAM_ONLY,18.2332,,16.5762,1.6570,,9.9962,,0,,10.11,3.71,warning,4.38,,CAMERA_ONLY
0,49.8384,t916,BOTH,18.4023,16.8134,16.5762,1.8261,0.2372,11.0166,1.4310,0,1,15.51,2.37,warning,4.38,,FULL_ANGLE
0,49.8384,t904,LIDAR_ONLY,27.5197,27.5197,36.3960,8.8764,8.8764,24.3883,24.3883,0,0,15.51,2.37,drive,-29.03,front,LIDAR_ONLY
0,49.8384,t915,LIDAR_ONLY,17.3522,17.3522,73.6233,56.2711,56.2711,76.4311,76.4311,0,0,15.51,2.37,drive,21.12,front,LIDAR_ONLY
0,49.8384,t915,LIDAR_ONLY,17.4150,17.4150,73.6233,56.2084,56.2084,76.3458,76.3458,0,0,15.51,2.37,drive,19.50,front,LIDAR_ONLY
0,49.9096,cam_1,CAM_ONLY,18.2200,,16.5762,1.6438,,9.9165,,0,,9.10,11.80,warning,4.38,,CAMERA_ONLY
0,49.9750,cam_1,CAM_ONLY,18.5957,,16.5762,2.0195,,12.1829,,0,,14.80,5.22,warning,4.38,,CAMERA_ONLY
0,50.0368,t916,BOTH,18.1926,16.8197,16.5762,1.6164,0.2435,9.7516,1.4687,0,1,14.08,1.57,warning,4.38,,FULL_ANGLE
0,50.0368,t904,LIDAR_ONLY,27.5237,27.5237,34.8440,7.3202,7.3202,21.0086,21.0086,0,0,14.08,1.57,drive,-29.18,front,LIDAR_ONLY
0,50.0368,t915,LIDAR_ONLY,17.1733,17.1733,73.6233,56.4501,56.4501,76.6742,76.6742,0,0,14.08,1.57,drive,20.55,front,LIDAR_ONLY
0,50.0368,t915,LIDAR_ONLY,15.8857,15.8857,73.6233,57.7376,57.7376,78.4230,78.4230,0,0,14.08,1.57,drive,23.40,front,LIDAR_ONLY
0,50.1254,cam_1,CAM_ONLY,18.7761,,16.5762,2.1999,,13.2714,,0,,17.98,24.38,warning,4.38,,CAMERA_ONLY
0,50.1906,t916,BOTH,18.1726,16.8221,16.5762,1.5964,0.2459,9.6309,1.4834,0,1,9.76,1.85,warning,4.38,,FULL_ANGLE
0,50.1906,t915,LIDAR_ONLY,15.9791,15.9791,73.6233,57.6443,57.6443,78.2962,78.2962,0,0,9.76,1.85,drive,20.61,front,LIDAR_ONLY
0,50.2531,cam_1,CAM_ONLY,18.4849,,16.5762,1.9087,,11.5146,,0,,9.48,9.63,warning,4.38,,CAMERA_ONLY
0,50.3266,cam_1,CAM_ONLY,18.5710,,16.5762,1.9948,,12.0343,,0,,15.81,6.09,warning,4.38,,CAMERA_ONLY
0,50.4167,cam_1,CAM_ONLY,18.5895,,16.5762,2.0133,,12.1456,,0,,17.77,16.87,warning,4.38,,CAMERA_ONLY
0,50.4895,t934,BOTH,18.6175,16.8736,16.5762,2.0413,0.2974,12.3148,1.7940,0,1,12.01,2.99,warning,4.38,,FULL_ANGLE
0,50.4895,t933,LIDAR_ONLY,17.6147,17.6147,73.6233,56.0087,56.0087,76.0746,76.0746,0,0,12.01,2.99,drive,20.25,front,LIDAR_ONLY
0,50.5635,cam_1,CAM_ONLY,18.4701,,16.5762,1.8939,,11.4252,,0,,13.70,10.71,warning,4.38,,CAMERA_ONLY
0,50.6240,cam_1,CAM_ONLY,18.4998,,16.5762,1.9236,,11.6043,,0,,12.72,4.48,warning,4.38,,CAMERA_ONLY
0,50.6822,cam_1,CAM_ONLY,18.7178,,16.5762,2.1416,,12.9199,,0,,9.75,5.03,warning,4.38,,CAMERA_ONLY
0,50.7576,cam_1,CAM_ONLY,18.7636,,16.5762,2.1874,,13.1962,,0,,12.55,11.45,warning,4.38,,CAMERA_ONLY
0,50.8225,cam_1,CAM_ONLY,18.3461,,16.5762,1.7699,,10.6772,,0,,14.28,5.26,warning,4.38,,CAMERA_ONLY
0,50.8836,cam_1,CAM_ONLY,18.3041,,16.5762,1.7279,,10.4238,,0,,12.06,5.65,warning,4.38,,CAMERA_ONLY
0,50.9622,cam_1,CAM_ONLY,18.1258,,16.5762,1.5496,,9.3484,,0,,11.75,15.72,warning,4.38,,CAMERA_ONLY
0,51.0345,cam_1,CAM_ONLY,18.2560,,16.5762,1.6798,,10.1337,,0,,15.97,4.08,warning,4.38,,CAMERA_ONLY
0,51.0345,t946,LIDAR_ONLY,27.5124,27.5124,41.0255,13.5132,13.5132,32.9384,32.9384,0,0,15.97,4.08,drive,-29.29,front,LIDAR_ONLY
0,51.1028,cam_1,CAM_ONLY,18.1060,,16.5762,1.5298,,9.2287,,0,,12.99,11.48,warning,4.38,,CAMERA_ONLY
0,51.1822,cam_1,CAM_ONLY,18.2731,,16.5762,1.6969,,10.2370,,0,,18.23,6.51,warning,4.38,,CAMERA_ONLY
0,51.1822,t946,LIDAR_ONLY,27.5032,27.5032,39.9001,12.3969,12.3969,31.0699,31.0699,0,0,18.23,6.51,drive,-29.17,front,LIDAR_ONLY
0,51.2561,cam_1,CAM_ONLY,18.3600,,16.5762,1.7838,,10.7615,,0,,11.19,11.30,warning,4.38,,CAMERA_ONLY
0,51.3237,cam_1,CAM_ONLY,18.1847,,16.5762,1.6085,,9.7038,,0,,16.59,4.34,warning,4.38,,CAMERA_ONLY
0,51.4018,t953,BOTH,18.2642,16.8430,16.5762,1.6880,0.2668,10.1831,1.6096,0,1,17.78,8.32,warning,4.38,,FULL_ANGLE
0,51.4771,cam_1,CAM_ONLY,18.2311,,16.5762,1.6549,,9.9835,,0,,12.47,6.03,warning,4.38,,CAMERA_ONLY
0,51.5499,cam_1,CAM_ONLY,18.1919,,16.5762,1.6157,,9.7472,,0,,14.05,9.18,warning,4.38,,CAMERA_ONLY
0,51.5499,t955,LIDAR_ONLY,17.1247,17.1247,73.6233,56.4986,56.4986,76.7401,76.7401,0,0,14.05,9.18,drive,20.60,front,LIDAR_ONLY
0,51.5499,t955,LIDAR_ONLY,16.9051,16.9051,73.6233,56.7182,56.7182,77.0383,77.0383,0,0,14.05,9.18,drive,21.89,front,LIDAR_ONLY
0,51.6173,cam_1,CAM_ONLY,18.2690,,16.5762,1.6928,,10.2122,,0,,10.77,2.42,warning,4.38,,CAMERA_ONLY
0,51.6884,t957,BOTH,18.2271,16.8497,16.5762,1.6509,0.2735,9.9597,1.6503,0,1,18.81,5.41,warning,4.38,,FULL_ANGLE
0,51.6884,t955,LIDAR_ONLY,16.9732,16.9732,73.6233,56.6501,56.6501,76.9459,76.9459,0,0,18.81,5.41,drive,20.18,front,LIDAR_ONLY
0,51.7631,cam_1,CAM_ONLY,18.2949,,16.5762,1.7188,,10.3688,,0,,11.91,5.83,warning,4.38,,CAMERA_ONLY
0,51.8367,cam_1,CAM_ONLY,18.3406,,16.5762,1.7644,,10.6443,,0,,15.08,4.26,warning,4.38,,CAMERA_ONLY
0,51.8367,t958,LIDAR_ONLY,27.4976,27.4976,34.8113,7.3137,7.3137,21.0097,21.0097,0,0,15.08,4.26,drive,-29.18,front,LIDAR_ONLY
0,51.9145,cam_1,CAM_ONLY,18.5071,,16.5762,1.9309,,11.6488,,0,,14.84,15.33,warning,4.38,,CAMERA_ONLY
0,51.9877,t965,BOTH,18.2368,16.8161,16.5762,1.6606,0.2399,10.0178,1.4470,0,1,15.92,1.72,warning,4.38,,FULL_ANGLE
0,51.9877,t958,LIDAR_ONLY,27.5010,27.5010,33.6817,6.1807,6.1807,18.3503,18.3503,0,0,15.92,1.72,drive,-29.22,front,LIDAR_ONLY
0,51.9877,t964,LIDAR_ONLY,12.4323,12.4323,73.6233,61.1910,61.1910,83.1136,83.1136,0,0,15.92,1.72,cautious,25.41,front,LIDAR_ONLY
0,51.9877,t964,LIDAR_ONLY,12.8655,12.8655,73.6233,60.7578,60.7578,82.5252,82.5252,0,0,15.92,1.72,cautious,20.99,front,LIDAR_ONLY
0,52.0636,cam_1,CAM_ONLY,18.1267,,16.5762,1.5505,,9.3540,,0,,15.90,12.77,warning,4.38,,CAMERA_ONLY
0,52.1310,cam_1,CAM_ONLY,18.1954,,16.5762,1.6192,,9.7684,,0,,14.50,5.99,warning,4.38,,CAMERA_ONLY
0,52.1886,t965,BOTH,18.3943,16.8209,16.5762,1.8181,0.2447,10.9680,1.4764,0,1,9.96,1.64,warning,4.38,,FULL_ANGLE
0,52.1886,t958,LIDAR_ONLY,27.5019,27.5019,32.0318,4.5300,4.5300,14.1421,14.1421,0,0,9.96,1.64,drive,-29.13,front,LIDAR_ONLY
0,52.1886,t964,LIDAR_ONLY,12.8813,12.8813,73.6233,60.7420,60.7420,82.5037,82.5037,0,0,9.96,1.64,cautious,26.20,front,LIDAR_ONLY
0,52.1886,t964,LIDAR_ONLY,13.0480,13.0480,73.6233,60.5753,60.5753,82.2774,82.2774,0,0,9.96,1.64,cautious,20.13,front,LIDAR_ONLY
0,52.1886,t964,LIDAR_ONLY,13.1990,13.1990,73.6233,60.4243,60.4243,82.0723,82.0723,0,0,9.96,1.64,cautious,21.86,front,LIDAR_ONLY
0,52.2594,cam_1,CAM_ONLY,18.5148,,16.5762,1.9386,,11.6951,,0,,9.96,15.20,warning,4.38,,CAMERA_ONLY
0,52.3306,cam_1,CAM_ONLY,18.5413,,16.5762,1.9651,,11.8551,,0,,12.65,6.15,warning,4.38,,CAMERA_ONLY
0,52.4002,t965,BOTH,18.4987,16.8249,16.5762,1.9225,0.2487,11.5982,1.5002,0,1,18.35,9.42,warning,4.38,,FULL_ANGLE
0,52.4002,t964,LIDAR_ONLY,13.4959,13.4959,73.6233,60.1274,60.1274,81.6690,81.6690,0,0,18.35,9.42,cautious,20.52,front,LIDAR_ONLY
0,52.4002,t964,LIDAR_ONLY,13.5942,13.5942,73.6233,60.0292,60.0292,81.5355,81.5355,0,0,18.35,9.42,cautious,22.33,front,LIDAR_ONLY
0,52.4002,t964,LIDAR_ONLY,14.4844,14.4844,73.6233,59.1389,59.1389,80.3264,80.3264,0,0,18.35,9.42,cautious,19.42,front,LIDAR_ONLY
0,52.4650,cam_1,CAM_ONLY,18.4461,,16.5762,1.8699,,11.2808,,0,,11.50,4.01,warning,4.38,,CAMERA_ONLY
0,52.5309,cam_1,CAM_ONLY,18.6757,,16.5762,2.0995,,12.6660,,0,,11.63,5.95,warning,4.38,,CAMERA_ONLY
0,52.6177,cam_1,CAM_ONLY,18.5008,,16.5762,1.9246,,11.6108,,0,,14.63,4.55,warning,4.38,,CAMERA_ONLY
0,52.6847,cam_1,CAM_ONLY,18.4696,,16.5762,1.8934,,11.4225,,0,,12.67,4.56,warning,4.38,,CAMERA_ONLY
0,52.7638,cam_1,CAM_ONLY,18.7525,,16.5762,2.1763,,13.1288,,0,,15.11,12.47,warning,4.38,,CAMERA_ONLY
0,52.8316,cam_1,CAM_ONLY,18.4517,,16.5762,1.8755,,11.3146,,0,,12.16,10.85,warning,4.38,,CAMERA_ONLY
0,52.9121,cam_1,CAM_ONLY,18.4351,,16.5762,1.8589,,11.2144,,0,,12.16,14.03,warning,4.38,,CAMERA_ONLY
0,52.9800,cam_1,CAM_ONLY,18.3304,,16.5762,1.7542,,10.5824,,0,,11.43,5.99,warning,4.38,,CAMERA_ONLY
0,53.0681,cam_1,CAM_ONLY,18.1775,,16.5762,1.6013,,9.6604,,0,,21.30,4.28,warning,4.38,,CAMERA_ONLY
0,53.1306,cam_1,CAM_ONLY,18.1674,,16.5762,1.5912,,9.5992,,0,,11.50,4.68,warning,4.38,,CAMERA_ONLY
0,53.1880,t986,BOTH,18.4752,16.8385,16.5762,1.8990,0.2624,11.4561,1.5827,0,1,11.98,1.30,warning,4.38,,FULL_ANGLE
0,53.1880,t985,LIDAR_ONLY,27.5169,27.5169,,,,,,,,11.98,1.30,drive,-29.19,front,LIDAR_ONLY
0,53.2636,cam_1,CAM_ONLY,18.8535,,16.5762,2.2773,,13.7386,,0,,11.27,14.57,warning,4.38,,CAMERA_ONLY
0,53.3207,cam_1,CAM_ONLY,18.7475,,16.5762,2.1713,,13.0991,,0,,9.53,3.21,warning,4.38,,CAMERA_ONLY
0,53.3813,cam_1,CAM_ONLY,18.2848,,16.5762,1.7087,,10.3079,,0,,12.83,2.06,warning,4.38,,CAMERA_ONLY
0,53.3813,t985,LIDAR_ONLY,27.5238,27.5238,,,,,,,,12.83,2.06,drive,-29.20,front,LIDAR_ONLY
0,53.4504,cam_1,CAM_ONLY,18.3201,,16.5762,1.7439,,10.5203,,0,,14.29,7.64,warning,4.38,,CAMERA_ONLY
0,53.5164,cam_1,CAM_ONLY,18.1607,,16.5762,1.5845,,9.5586,,0,,13.04,2.83,warning,4.38,,CAMERA_ONLY
0,53.5831,cam_1,CAM_ONLY,18.1866,,16.5762,1.6104,,9.7154,,0,,10.03,2.55,warning,4.38,,CAMERA_ONLY
0,53.5831,t985,LIDAR_ONLY,27.5317,27.5317,,,,,,,,10.03,2.55,drive,-29.11,front,LIDAR_ONLY
0,53.6669,cam_1,CAM_ONLY,18.1109,,16.5762,1.5347,,9.2585,,0,,14.96,16.61,warning,4.38,,CAMERA_ONLY
0,53.7263,cam_1,CAM_ONLY,18.2160,,16.5762,1.6398,,9.8926,,0,,9.13,3.45,warning,4.38,,CAMERA_ONLY
0,53.8227,cam_1,CAM_ONLY,18.1136,,16.5762,1.5374,,9.2749,,0,,20.15,21.86,warning,4.38,,CAMERA_ONLY
0,53.9176,cam_1,CAM_ONLY,18.7680,,16.5762,2.1918,,13.2224,,0,,14.42,15.83,warning,4.38,,CAMERA_ONLY
0,54.0136,cam_1,CAM_ONLY,18.5655,,16.5762,1.9893,,12.0007,,0,,25.82,18.43,warning,4.38,,CAMERA_ONLY
0,54.0906,t1007,BOTH,18.1242,16.8603,16.5762,1.5480,0.2841,9.3389,1.7137,0,1,14.12,2.41,warning,4.38,,FULL_ANGLE
0,54.0906,t1006,LIDAR_ONLY,16.6209,16.6209,73.6233,57.0025,57.0025,77.4245,77.4245,0,0,14.12,2.41,drive,20.99,front,LIDAR_ONLY
0,54.1643,cam_1,CAM_ONLY,18.2349,,16.5762,1.6587,,10.0067,,0,,13.76,13.69,warning,4.38,,CAMERA_ONLY
0,54.2284,cam_1,CAM_ONLY,18.3833,,16.5762,1.8071,,10.9019,,0,,12.55,6.11,warning,4.38,,CAMERA_ONLY
0,54.3105,cam_1,CAM_ONLY,18.1915,,16.5762,1.6153,,9.7449,,0,,13.34,15.47,warning,4.38,,CAMERA_ONLY
0,54.3105,t1006,LIDAR_ONLY,16.7805,16.7805,73.6233,56.8428,56.8428,77.2076,77.2076,0,0,13.34,15.47,drive,19.59,front,LIDAR_ONLY
0,54.3784,cam_1,CAM_ONLY,18.1908,,16.5762,1.6146,,9.7406,,0,,11.35,4.34,warning,4.38,,CAMERA_ONLY
0,54.3784,t1012,LIDAR_ONLY,27.4426,27.4426,,,,,,,,11.35,4.34,drive,-29.33,front,LIDAR_ONLY
0,54.4430,t1015,BOTH,18.2827,16.8302,16.5762,1.7065,0.2540,10.2949,1.5322,0,1,14.50,3.98,warning,4.38,,FULL_ANGLE
0,54.4430,t1006,LIDAR_ONLY,16.9664,16.9664,73.6233,56.6569,56.6569,76.9551,76.9551,0,0,14.50,3.98,drive,19.77,front,LIDAR_ONLY
0,54.5160,cam_1,CAM_ONLY,18.2943,,16.5762,1.7181,,10.3649,,0,,9.17,10.55,warning,4.38,,CAMERA_ONLY
0,54.5814,cam_1,CAM_ONLY,18.4447,,16.5762,1.8685,,11.2723,,0,,15.06,6.67,warning,4.38,,CAMERA_ONLY
0,54.6536,cam_1,CAM_ONLY,18.5666,,16.5762,1.9904,,12.0074,,0,,10.66,10.22,warning,4.38,,CAMERA_ONLY
0,54.7161,cam_1,CAM_ONLY,18.2596,,16.5762,1.6834,,10.1553,,0,,12.74,2.78,warning,4.38,,CAMERA_ONLY
0,54.7865,cam_1,CAM_ONLY,18.5015,,16.5762,1.9253,,11.6146,,0,,18.54,2.71,warning,4.38,,CAMERA_ONLY
0,54.7865,t1024,LIDAR_ONLY,27.4896,27.4896,,,,,,,,18.54,2.71,drive,-29.15,front,LIDAR_ONLY
0,54.8684,cam_1,CAM_ONLY,18.5981,,16.5762,2.0219,,12.1974,,0,,15.45,4.32,warning,4.38,,CAMERA_ONLY
0,54.9521,t1031,BOTH,18.3657,16.8571,16.5762,1.7895,0.2809,10.7958,1.6943,0,1,15.21,10.79,warning,4.38,,FULL_ANGLE
0,54.9521,t1030,LIDAR_ONLY,18.3738,18.3738,73.6233,55.2495,55.2495,75.0435,75.0435,0,0,15.21,10.79,drive,19.74,front,LIDAR_ONLY
0,54.9521,t1030,LIDAR_ONLY,16.9133,16.9133,73.6233,56.7100,56.7100,77.0272,77.0272,0,0,15.21,10.79,drive,21.36,front,LIDAR_ONLY
0,55.0209,cam_1,CAM_ONLY,18.3099,,16.5762,1.7337,,10.4590,,0,,17.38,5.25,warning,4.38,,CAMERA_ONLY
0,55.0862,t1031,BOTH,18.2895,16.8473,16.5762,1.7133,0.2711,10.3360,1.6355,0,1,17.89,1.08,warning,4.38,,FULL_ANGLE
0,55.0862,t1032,LIDAR_ONLY,27.4792,27.4792,,,,,,,,17.89,1.08,drive,-29.20,front,LIDAR_ONLY
0,55.1433,t1031,BOTH,18.4189,16.8420,16.5762,1.8427,0.2658,11.1163,1.6035,0,1,9.55,3.28,warning,4.38,,FULL_ANGLE
0,55.1433,t1030,LIDAR_ONLY,16.9690,16.9690,73.6233,56.6544,56.6544,76.9517,76.9517,0,0,9.55,3.28,drive,20.46,front,LIDAR_ONLY
0,55.2182,cam_1,CAM_ONLY,18.7159,,16.5762,2.1397,,12.9081,,0,,14.75,14.69,warning,4.38,,CAMERA_ONLY
0,55.2889,cam_1,CAM_ONLY,18.7315,,16.5762,2.1553,,13.0022,,0,,15.58,9.53,warning,4.38,,CAMERA_ONLY
0,55.3650,cam_1,CAM_ONLY,18.4111,,16.5762,1.8349,,11.0694,,0,,12.61,10.78,warning,4.38,,CAMERA_ONLY
0,55.4291,cam_1,CAM_ONLY,18.5405,,16.5762,1.9643,,11.8499,,0,,12.31,5.96,warning,4.38,,CAMERA_ONLY
0,55.5205,cam_1,CAM_ONLY,18.5344,,16.5762,1.9582,,11.8131,,0,,17.15,20.71,warning,4.38,,CAMERA_ONLY
0,55.5878,t1050,BOTH,18.2256,16.8488,16.5762,1.6494,0.2726,9.9506,1.6446,0,1,16.72,2.16,warning,4.38,,FULL_ANGLE
0,55.5878,t1047,LIDAR_ONLY,27.5289,27.5289,,,,,,,,16.72,2.16,drive,-29.18,front,LIDAR_ONLY
0,55.5878,t1048,LIDAR_ONLY,10.2849,10.2849,73.6233,63.3384,63.3384,86.0304,86.0304,0,0,16.72,2.16,cautious,29.91,front,LIDAR_ONLY
0,55.5878,t1048,LIDAR_ONLY,10.3284,10.3284,73.6233,63.2949,63.2949,85.9713,85.9713,0,0,16.72,2.16,cautious,20.37,front,LIDAR_ONLY
0,55.6483,t1050,BOTH,18.4697,16.8433,16.5762,1.8936,0.2671,11.4233,1.6114,0,1,10.90,6.36,warning,4.38,,FULL_ANGLE
0,55.6483,t1048,LIDAR_ONLY,10.4594,10.4594,73.6233,63.1639,63.1639,85.7934,85.7934,0,0,10.90,6.36,cautious,20.23,front,LIDAR_ONLY
0,55.7125,cam_1,CAM_ONLY,18.3510,,16.5762,1.7748,,10.7069,,0,,10.40,5.13,warning,4.38,,CAMERA_ONLY
0,55.7880,t1050,BOTH,18.4421,16.8437,16.5762,1.8659,0.2675,11.2566,1.6137,0,1,21.75,1.88,warning,4.38,,FULL_ANGLE
0,55.7880,t1048,LIDAR_ONLY,10.5807,10.5807,73.6233,63.0427,63.0427,85.6286,85.6286,0,0,21.75,1.88,cautious,27.91,front,LIDAR_ONLY
0,55.7880,t1048,LIDAR_ONLY,10.7757,10.7757,73.6233,62.8476,62.8476,85.3637,85.3637,0,0,21.75,1.88,cautious,20.56,front,LIDAR_ONLY
0,55.8698,cam_1,CAM_ONLY,18.7294,,16.5762,2.1532,,12.9899,,0,,18.53,13.93,warning,4.38,,CAMERA_ONLY
0,55.9353,cam_1,CAM_ONLY,18.2733,,16.5762,1.6971,,10.2384,,0,,13.44,4.21,warning,4.38,,CAMERA_ONLY
0,55.9353,t1054,LIDAR_ONLY,27.6296,27.6296,,,,,,,,13.44,4.21,drive,-29.05,front,LIDAR_ONLY
0,56.0154,cam_1,CAM_ONLY,18.2145,,16.5762,1.6383,,9.8834,,0,,12.99,7.14,warning,4.38,,CAMERA_ONLY
0,56.0858,cam_1,CAM_ONLY,18.2745,,16.5762,1.6983,,10.2455,,0,,17.83,4.14,warning,4.38,,CAMERA_ONLY
0,56.0858,t1054,LIDAR_ONLY,27.6109,27.6109,,,,,,,,17.83,4.14,drive,-29.07,front,LIDAR_ONLY
0,56.1773,cam_1,CAM_ONLY,18.2432,,16.5762,1.6670,,10.0565,,0,,13.52,25.30,warning,4.38,,CAMERA_ONLY
0,56.2539,cam_1,CAM_ONLY,18.2773,,16.5762,1.7011,,10.2625,,0,,11.95,10.53,warning,4.38,,CAMERA_ONLY
0,56.3246,cam_1,CAM_ONLY,18.2713,,16.5762,1.6951,,10.2260,,0,,17.13,3.84,warning,4.38,,CAMERA_ONLY
0,56.4195,cam_1,CAM_ONLY,18.2663,,16.5762,1.6901,,10.1959,,0,,17.66,18.25,warning,4.38,,CAMERA_ONLY
0,56.5165,cam_1,CAM_ONLY,18.2917,,16.5762,1.7155,,10.3494,,0,,8.84,10.65,warning,4.38,,CAMERA_ONLY
0,56.5885,cam_1,CAM_ONLY,18.4990,,16.5762,1.9228,,11.5997,,0,,16.04,8.89,warning,4.38,,CAMERA_ONLY
0,56.6465,cam_1,CAM_ONLY,18.8923,,16.5762,2.3161,,13.9722,,0,,9.83,5.45,warning,4.38,,CAMERA_ONLY
0,56.6465,t1069,LIDAR_ONLY,17.0804,17.0804,73.6233,56.5430,56.5430,76.8004,76.8004,0,0,9.83,5.45,drive,20.63,front,LIDAR_ONLY
0,56.7171,cam_1,CAM_ONLY,18.8308,,16.5762,2.2546,,13.6014,,0,,11.78,6.88,warning,4.38,,CAMERA_ONLY
0,56.7831,cam_1,CAM_ONLY,18.7956,,16.5762,2.2194,,13.3889,,0,,8.75,2.46,warning,4.38,,CAMERA_ONLY
0,56.7831,t1071,LIDAR_ONLY,27.5589,27.5589,,,,,,,,8.75,2.46,drive,-29.15,front,LIDAR_ONLY
0,56.8609,cam_1,CAM_ONLY,18.8153,,16.5762,2.2391,,13.5081,,0,,9.97,11.92,warning,4.38,,CAMERA_ONLY
0,56.9286,cam_1,CAM_ONLY,18.6436,,16.5762,2.0674,,12.4719,,0,,13.18,6.06,warning,4.38,,CAMERA_ONLY
0,57.0056,cam_1,CAM_ONLY,18.2438,,16.5762,1.6676,,10.0600,,0,,16.39,15.73,warning,4.38,,CAMERA_ONLY
0,57.0670,cam_1,CAM_ONLY,18.6999,,16.5762,2.1237,,12.8117,,0,,12.32,2.90,warning,4.38,,CAMERA_ONLY
0,57.1365,t1083,BOTH,18.1890,16.8570,16.5762,1.6128,0.2808,9.7298,1.6942,0,1,18.12,3.37,warning,4.38,,FULL_ANGLE
0,57.1365,t1082,LIDAR_ONLY,18.1281,18.1281,73.6233,55.4952,55.4952,75.3772,75.3772,0,0,18.12,3.37,drive,19.90,front,LIDAR_ONLY
0,57.1365,t1082,LIDAR_ONLY,16.7170,16.7170,73.6233,56.9063,56.9063,77.2939,77.2939,0,0,18.12,3.37,drive,21.79,front,LIDAR_ONLY
0,57.2229,cam_1,CAM_ONLY,18.6792,,16.5762,2.1030,,12.6872,,0,,15.48,8.77,warning,4.38,,CAMERA_ONLY
0,57.2889,t1083,BOTH,18.6605,16.8285,16.5762,2.0843,0.2523,12.5739,1.5221,0,1,15.76,2.96,warning,4.38,,FULL_ANGLE
0,57.2889,t1086,LIDAR_ONLY,27.4839,27.4839,,,,,,,,15.76,2.96,drive,-29.32,front,LIDAR_ONLY
0,57.3646,cam_1,CAM_ONLY,18.3590,,16.5762,1.7828,,10.7551,,0,,15.53,9.50,warning,4.38,,CAMERA_ONLY
0,57.4440,t1083,BOTH,18.7064,16.8338,16.5762,2.1302,0.2576,12.8509,1.5542,0,1,16.42,4.99,warning,4.38,,FULL_ANGLE
0,57.4440,t1091,LIDAR_ONLY,18.4940,18.4940,73.6233,55.1294,55.1294,74.8803,74.8803,0,0,16.42,4.99,drive,19.66,front,LIDAR_ONLY
0,57.4440,t1091,LIDAR_ONLY,17.1501,17.1501,73.6233,56.4733,56.4733,76.7057,76.7057,0,0,16.42,4.99,drive,21.28,front,LIDAR_ONLY
0,57.4440,t1091,LIDAR_ONLY,17.1532,17.1532,73.6233,56.4702,56.4702,76.7014,76.7014,0,0,16.42,4.99,drive,20.38,front,LIDAR_ONLY
0,57.5183,cam_1,CAM_ONLY,18.6735,,16.5762,2.0973,,12.6528,,0,,13.60,15.22,warning,4.38,,CAMERA_ONLY
0,57.6167,cam_1,CAM_ONLY,18.2033,,16.5762,1.6271,,9.8160,,0,,15.85,2.81,warning,4.38,,CAMERA_ONLY
0,57.6807,cam_1,CAM_ONLY,18.2634,,16.5762,1.6872,,10.1784,,0,,12.82,3.42,warning,4.38,,CAMERA_ONLY
0,57.6807,t1097,LIDAR_ONLY,27.5409,27.5409,,,,,,,,12.82,3.42,drive,-29.11,front,LIDAR_ONLY
0,57.7474,t1103,BOTH,18.2011,16.8018,16.5762,1.6249,0.2256,9.8029,1.3609,0,1,13.08,5.58,warning,4.38,,FULL_ANGLE
0,57.7474,t1102,LIDAR_ONLY,15.8327,15.8327,73.6233,57.7907,57.7907,78.4950,78.4950,0,0,13.08,5.58,drive,21.64,front,LIDAR_ONLY
0,57.7474,t1102,LIDAR_ONLY,16.0170,16.0170,73.6233,57.6064,57.6064,78.2447,78.2447,0,0,13.08,5.58,drive,20.10,front,LIDAR_ONLY
0,57.8257,cam_1,CAM_ONLY,18.2368,,16.5762,1.6606,,10.0178,,0,,18.26,6.38,warning,4.38,,CAMERA_ONLY
0,57.9108,cam_1,CAM_ONLY,18.1801,,16.5762,1.6039,,9.6757,,0,,11.48,11.62,warning,4.38,,CAMERA_ONLY
0,57.9711,cam_1,CAM_ONLY,18.3451,,16.5762,1.7689,,10.6711,,0,,8.93,6.65,warning,4.38,,CAMERA_ONLY
0,58.0296,cam_1,CAM_ONLY,18.3221,,16.5762,1.7459,,10.5323,,0,,9.61,5.88,warning,4.38,,CAMERA_ONLY
0,58.1001,cam_1,CAM_ONLY,18.5691,,16.5762,1.9929,,12.0225,,0,,11.75,8.89,warning,4.38,,CAMERA_ONLY
0,58.1001,t1110,LIDAR_ONLY,15.9277,15.9277,73.6233,57.6956,57.6956,78.3659,78.3659,0,0,11.75,8.89,drive,21.56,front,LIDAR_ONLY
0,58.1777,cam_1,CAM_ONLY,18.5471,,16.5762,1.9709,,11.8899,,0,,16.30,4.92,warning,4.38,,CAMERA_ONLY
0,58.2342,t1112,BOTH,18.2109,16.8215,16.5762,1.6348,0.2453,9.8620,1.4801,0,1,11.60,1.28,warning,4.38,,FULL_ANGLE
0,58.2342,t1111,LIDAR_ONLY,27.5228,27.5228,,,,,,,,11.60,1.28,drive,-29.14,front,LIDAR_ONLY
0,58.2342,t1110,LIDAR_ONLY,16.0885,16.0885,73.6233,57.5348,57.5348,78.1475,78.1475,0,0,11.60,1.28,drive,20.79,front,LIDAR_ONLY
0,58.2342,t1110,LIDAR_ONLY,16.1237,16.1237,73.6233,57.4996,57.4996,78.0997,78.0997,0,0,11.60,1.28,drive,22.94,front,LIDAR_ONLY
0,58.3132,cam_1,CAM_ONLY,18.5019,,16.5762,1.9257,,11.6175,,0,,13.47,15.19,warning,4.38,,CAMERA_ONLY
0,58.4090,cam_1,CAM_ONLY,18.2227,,16.5762,1.6465,,9.9331,,0,,16.89,14.93,warning,4.38,,CAMERA_ONLY
0,58.4090,t1110,LIDAR_ONLY,16.0221,16.0221,73.6233,57.6013,57.6013,78.2378,78.2378,0,0,16.89,14.93,drive,21.77,front,LIDAR_ONLY
0,58.4770,cam_1,CAM_ONLY,18.2802,,16.5762,1.7040,,10.2796,,0,,12.64,5.77,warning,4.38,,CAMERA_ONLY
0,58.5495,cam_1,CAM_ONLY,18.1256,,16.5762,1.5494,,9.3469,,0,,12.76,8.98,warning,4.38,,CAMERA_ONLY
0,58.5495,t1110,LIDAR_ONLY,16.0774,16.0774,73.6233,57.5460,57.5460,78.1627,78.1627,0,0,12.76,8.98,drive,20.62,front,LIDAR_ONLY
0,58.6292,cam_1,CAM_ONLY,18.3442,,16.5762,1.7680,,10.6658,,0,,19.79,4.48,warning,4.38,,CAMERA_ONLY
0,58.7290,cam_1,CAM_ONLY,18.3193,,16.5762,1.7431,,10.5154,,0,,15.86,25.72,warning,4.38,,CAMERA_ONLY
0,58.8194,cam_1,CAM_ONLY,18.3401,,16.5762,1.7639,,10.6412,,0,,14.44,15.28,warning,4.38,,CAMERA_ONLY
0,58.8834,t1128,BOTH,18.2669,16.9969,16.5762,1.6907,0.4207,10.1997,2.5379,0,1,11.48,1.36,warning,4.38,,FULL_ANGLE
0,58.8834,t1126,LIDAR_ONLY,27.5647,27.5647,,,,,,,,11.48,1.36,drive,-29.15,front,LIDAR_ONLY
0,58.8834,t1127,LIDAR_ONLY,18.4805,18.4805,73.6233,55.1428,55.1428,74.8985,74.8985,0,0,11.48,1.36,drive,19.67,front,LIDAR_ONLY
0,58.8834,t1127,LIDAR_ONLY,17.7101,17.7101,73.6233,55.9133,55.9133,75.9450,75.9450,0,0,11.48,1.36,drive,20.78,front,LIDAR_ONLY
0,58.8834,t1128,LIDAR_ONLY,17.5879,17.5879,16.5762,1.0117,1.0117,6.1036,6.1036,0,0,11.48,1.36,drive,4.58,front,LIDAR_ONLY
0,58.9592,cam_1,CAM_ONLY,18.5197,,16.5762,1.9435,,11.7249,,0,,13.82,15.54,warning,4.38,,CAMERA_ONLY
0,59.0313,cam_1,CAM_ONLY,18.2009,,16.5762,1.6247,,9.8017,,0,,17.79,2.35,warning,4.38,,CAMERA_ONLY
0,59.0313,t1126,LIDAR_ONLY,27.5228,27.5228,,,,,,,,17.79,2.35,drive,-29.30,front,LIDAR_ONLY
0,59.1002,cam_1,CAM_ONLY,18.1465,,16.5762,1.5703,,9.4733,,0,,9.35,8.54,warning,4.38,,CAMERA_ONLY
0,59.1651,cam_1,CAM_ONLY,18.1872,,16.5762,1.6110,,9.7189,,0,,11.86,4.37,warning,4.38,,CAMERA_ONLY
0,59.2210,cam_1,CAM_ONLY,18.4657,,16.5762,1.8895,,11.3987,,0,,9.88,3.35,warning,4.38,,CAMERA_ONLY
0,59.2866,t1139,BOTH,18.6592,16.8251,16.5762,2.0830,0.2489,12.5661,1.5013,0,1,16.35,2.84,warning,4.38,,FULL_ANGLE
0,59.2866,t1137,LIDAR_ONLY,27.5756,27.5756,,,,,,,,16.35,2.84,drive,-29.10,front,LIDAR_ONLY
0,59.3526,cam_1,CAM_ONLY,18.7223,,16.5762,2.1461,,12.9467,,0,,9.15,7.85,warning,4.38,,CAMERA_ONLY
0,59.3526,t1143,LIDAR_ONLY,16.0774,16.0774,73.6233,57.5459,57.5459,78.1626,78.1626,0,0,9.15,7.85,drive,21.43,front,LIDAR_ONLY
0,59.4274,cam_1,CAM_ONLY,18.3396,,16.5762,1.7634,,10.6384,,0,,19.01,6.82,warning,4.38,,CAMERA_ONLY
0,59.5173,cam_1,CAM_ONLY,18.7925,,16.5762,2.2163,,13.3703,,0,,19.28,13.25,warning,4.38,,CAMERA_ONLY
0,59.5965,t1147,BOTH,18.2203,16.8015,16.5762,1.6441,0.2253,9.9186,1.3589,0,1,14.25,6.80,warning,4.38,,FULL_ANGLE
0,59.6682,cam_1,CAM_ONLY,18.2750,,16.5762,1.6988,,10.2485,,0,,16.62,4.33,warning,4.38,,CAMERA_ONLY
0,59.7266,cam_1,CAM_ONLY,18.4591,,16.5762,1.8829,,11.3588,,0,,8.96,5.01,warning,4.38,,CAMERA_ONLY
0,59.7868,t1147,BOTH,18.8094,16.8979,16.5762,2.2332,0.3217,13.4721,1.9410,0,1,10.34,1.67,warning,4.38,,FULL_ANGLE
0,59.7868,t1151,LIDAR_ONLY,27.5062,27.5062,,,,,,,,10.34,1.67,drive,-29.24,front,LIDAR_ONLY
0,59.7868,t1152,LIDAR_ONLY,12.0421,12.0421,,,,,,,,10.34,1.67,cautious,26.13,front,LIDAR_ONLY
0,59.7868,t1147,LIDAR_ONLY,16.8778,16.8778,16.5762,0.3016,0.3016,1.8194,1.8194,1,1,10.34,1.67,drive,4.87,front,LIDAR_ONLY
0,59.8462,cam_1,CAM_ONLY,18.4203,,16.5762,1.8441,,11.1248,,0,,9.92,4.85,warning,4.38,,CAMERA_ONLY
0,59.8462,t1152,LIDAR_ONLY,12.1310,12.1310,73.6233,61.4923,61.4923,83.5228,83.5228,0,0,9.92,4.85,cautious,19.48,front,LIDAR_ONLY
0,59.9206,cam_1,CAM_ONLY,18.2147,,16.5762,1.6385,,9.8846,,0,,9.40,15.38,warning,4.38,,CAMERA_ONLY
0,59.9778,cam_1,CAM_ONLY,18.2408,,16.5762,1.6646,,10.0423,,0,,9.79,3.12,warning,4.38,,CAMERA_ONLY
0,59.9778,t1151,LIDAR_ONLY,27.5046,27.5046,,,,,,,,9.79,3.12,drive,-29.27,front,LIDAR_ONLY
0,60.0628,cam_1,CAM_ONLY,18.1024,,16.5762,1.5262,,9.2074,,0,,17.14,7.90,warning,4.38,,CAMERA_ONLY
0,60.1313,cam_1,CAM_ONLY,18.2431,,16.5762,1.6669,,10.0560,,0,,11.50,6.19,warning,4.38,,CAMERA_ONLY
0,60.2048,cam_1,CAM_ONLY,18.1276,,16.5762,1.5514,,9.3592,,0,,13.15,12.44,warning,4.38,,CAMERA_ONLY
0,60.2718,cam_1,CAM_ONLY,18.4252,,16.5762,1.8490,,11.1548,,0,,13.68,3.49,warning,4.38,,CAMERA_ONLY
0,60.3714,cam_1,CAM_ONLY,18.4209,,16.5762,1.8447,,11.1287,,0,,19.52,19.98,warning,4.38,,CAMERA_ONLY
0,60.4526,cam_1,CAM_ONLY,18.2075,,16.5762,1.6313,,9.8412,,0,,13.15,10.01,warning,4.38,,CAMERA_ONLY
0,60.4526,t1171,LIDAR_ONLY,17.7694,17.7694,73.6233,55.8540,55.8540,75.8645,75.8645,0,0,13.15,10.01,drive,20.14,front,LIDAR_ONLY
0,60.5222,cam_1,CAM_ONLY,18.2395,,16.5762,1.6633,,10.0345,,0,,15.52,3.81,warning,4.38,,CAMERA_ONLY
0,60.6165,cam_1,CAM_ONLY,18.2203,,16.5762,1.6441,,9.9184,,0,,19.17,19.19,warning,4.38,,CAMERA_ONLY
0,60.6824,cam_1,CAM_ONLY,18.1172,,16.5762,1.5410,,9.2966,,0,,16.74,4.80,warning,4.38,,CAMERA_ONLY
0,60.6824,t1172,LIDAR_ONLY,27.5212,27.5212,,,,,,,,16.74,4.80,drive,-29.30,front,LIDAR_ONLY
0,60.7590,cam_1,CAM_ONLY,18.3655,,16.5762,1.7893,,10.7942,,0,,13.46,12.23,warning,4.38,,CAMERA_ONLY
0,60.8293,cam_1,CAM_ONLY,18.3637,,16.5762,1.7875,,10.7835,,0,,12.75,5.90,warning,4.38,,CAMERA_ONLY
0,60.8944,t1180,BOTH,18.1605,16.8179,16.5762,1.5843,0.2417,9.5575,1.4581,0,1,15.08,3.75,warning,4.38,,FULL_ANGLE
0,60.8944,t1179,LIDAR_ONLY,16.0189,16.0189,73.6233,57.6044,57.6044,78.2420,78.2420,0,0,15.08,3.75,drive,21.48,front,LIDAR_ONLY
0,60.9684,cam_1,CAM_ONLY,18.1878,,16.5762,1.6116,,9.7225,,0,,14.81,13.24,warning,4.38,,CAMERA_ONLY
0,61.0368,t1180,BOTH,18.2333,16.8205,16.5762,1.6571,0.2443,9.9971,1.4740,0,1,12.21,1.85,warning,4.38,,FULL_ANGLE
0,61.0368,t1179,LIDAR_ONLY,11.2780,11.2780,73.6233,62.3454,62.3454,84.6815,84.6815,0,0,12.21,1.85,cautious,29.31,front,LIDAR_ONLY
0,61.0368,t1179,LIDAR_ONLY,11.3340,11.3340,73.6233,62.2893,62.2893,84.6054,84.6054,0,0,12.21,1.85,cautious,19.58,front,LIDAR_ONLY
0,61.0368,t1179,LIDAR_ONLY,11.4690,11.4690,73.6233,62.1543,62.1543,84.4221,84.4221,0,0,12.21,1.85,cautious,20.99,front,LIDAR_ONLY
0,61.0368,t1179,LIDAR_ONLY,11.5672,11.5672,73.6233,62.0562,62.0562,84.2887,84.2887,0,0,12.21,1.85,cautious,20.02,front,LIDAR_ONLY
0,61.1102,cam_1,CAM_ONLY,18.1682,,16.5762,1.5920,,9.6044,,0,,10.42,12.56,warning,4.38,,CAMERA_ONLY
0,61.1820,cam_1,CAM_ONLY,18.2753,,16.5762,1.6991,,10.2503,,0,,17.71,2.63,warning,4.38,,CAMERA_ONLY
0,61.1820,t1185,LIDAR_ONLY,27.4824,27.4824,,,,,,,,17.71,2.63,drive,-29.19,front,LIDAR_ONLY
0,61.2629,cam_1,CAM_ONLY,18.6774,,16.5762,2.1012,,12.6763,,0,,10.44,15.34,warning,4.38,,CAMERA_ONLY
0,61.3342,t1189,BOTH,18.4805,16.8337,16.5762,1.9044,0.2575,11.4885,1.5536,0,1,12.01,1.30,warning,4.38,,FULL_ANGLE
0,61.3342,t1185,LIDAR_ONLY,27.4931,27.4931,,,,,,,,12.01,1.30,drive,-29.13,front,LIDAR_ONLY
0,61.4066,cam_1,CAM_ONLY,18.5217,,16.5762,1.9455,,11.7368,,0,,13.01,12.93,warning,4.38,,CAMERA_ONLY
0,61.4761,cam_1,CAM_ONLY,18.6192,,16.5762,2.0430,,12.3247,,0,,12.94,5.00,warning,4.38,,CAMERA_ONLY
0,61.5370,t1189,BOTH,18.7913,16.8379,16.5762,2.2151,0.2617,13.3634,1.5789,0,1,11.95,2.51,warning,4.38,,FULL_ANGLE
0,61.5370,t1185,LIDAR_ONLY,27.5019,27.5019,,,,,,,,11.95,2.51,drive,-29.27,front,LIDAR_ONLY
0,61.5370,t1197,LIDAR_ONLY,18.8957,18.8957,73.6233,54.7277,54.7277,74.3347,74.3347,0,0,11.95,2.51,drive,19.41,front,LIDAR_ONLY
0,61.5370,t1197,LIDAR_ONLY,17.3208,17.3208,73.6233,56.3025,56.3025,76.4737,76.4737,0,0,11.95,2.51,drive,20.98,front,LIDAR_ONLY
0,61.5370,t1197,LIDAR_ONLY,17.2776,17.2776,73.6233,56.3458,56.3458,76.5325,76.5325,0,0,11.95,2.51,drive,22.13,front,LIDAR_ONLY
0,61.6167,cam_1,CAM_ONLY,18.7084,,16.5762,2.1322,,12.8628,,0,,11.39,17.88,warning,4.38,,CAMERA_ONLY
0,61.6801,t1189,BOTH,18.7605,16.8415,16.5762,2.1843,0.2653,13.1772,1.6004,0,1,12.33,1.25,warning,4.38,,FULL_ANGLE
0,61.6801,t1185,LIDAR_ONLY,27.5142,27.5142,,,,,,,,12.33,1.25,drive,-29.09,front,LIDAR_ONLY
0,61.6801,t1197,LIDAR_ONLY,17.3382,17.3382,73.6233,56.2852,56.2852,76.4502,76.4502,0,0,12.33,1.25,drive,19.84,front,LIDAR_ONLY
0,61.7648,cam_1,CAM_ONLY,18.7422,,16.5762,2.1660,,13.0668,,0,,14.48,18.29,warning,4.38,,CAMERA_ONLY
0,61.8259,cam_1,CAM_ONLY,18.4137,,16.5762,1.8375,,11.0852,,0,,10.79,5.39,warning,4.38,,CAMERA_ONLY
0,61.8830,t1189,BOTH,18.3697,16.8407,16.5762,1.7935,0.2645,10.8198,1.5958,0,1,12.11,1.24,warning,4.38,,FULL_ANGLE
0,61.8830,t1185,LIDAR_ONLY,27.5216,27.5216,,,,,,,,12.11,1.24,drive,-29.13,front,LIDAR_ONLY
0,61.9406,t1189,BOTH,18.3204,16.8350,16.5762,1.7443,0.2588,10.5226,1.5613,0,1,9.99,2.58,warning,4.38,,FULL_ANGLE
0,61.9406,t1204,LIDAR_ONLY,19.1537,19.1537,73.6233,54.4696,54.4696,73.9842,73.9842,0,0,9.99,2.58,drive,19.26,front,LIDAR_ONLY
0,62.0227,cam_1,CAM_ONLY,18.0867,,16.5762,1.5105,,9.1123,,0,,14.98,22.09,warning,4.38,,CAMERA_ONLY
0,62.0818,cam_1,CAM_ONLY,18.7220,,16.5762,2.1458,,12.9454,,0,,9.54,1.94,warning,4.38,,CAMERA_ONLY
0,62.0818,t1185,LIDAR_ONLY,27.5326,27.5326,,,,,,,,9.54,1.94,drive,-29.03,front,LIDAR_ONLY
0,62.1654,cam_1,CAM_ONLY,18.2269,,16.5762,1.6507,,9.9584,,0,,22.00,14.12,warning,4.38,,CAMERA_ONLY
0,62.2336,t1213,BOTH,18.7332,16.8108,16.5762,2.1570,0.2346,13.0129,1.4153,0,1,13.45,1.49,warning,4.38,,FULL_ANGLE
0,62.2336,t1185,LIDAR_ONLY,27.5367,27.5367,,,,,,,,13.45,1.49,drive,-29.34,front,LIDAR_ONLY
0,62.2336,t1212,LIDAR_ONLY,14.3990,14.3990,73.6233,59.2243,59.2243,80.4423,80.4423,0,0,13.45,1.49,cautious,23.01,front,LIDAR_ONLY
0,62.3089,cam_1,CAM_ONLY,18.7438,,16.5762,2.1676,,13.0765,,0,,13.35,13.61,warning,4.38,,CAMERA_ONLY
0,62.3813,cam_1,CAM_ONLY,18.6411,,16.5762,2.0650,,12.4573,,0,,15.85,9.27,warning,4.38,,CAMERA_ONLY
0,62.4659,cam_1,CAM_ONLY,18.6990,,16.5762,2.1228,,12.8064,,0,,12.97,12.65,warning,4.38,,CAMERA_ONLY
0,62.5240,cam_1,CAM_ONLY,18.4756,,16.5762,1.8994,,11.4584,,0,,10.01,4.66,warning,4.38,,CAMERA_ONLY
0,62.6154,cam_1,CAM_ONLY,18.4513,,16.5762,1.8751,,11.3121,,0,,20.33,17.52,warning,4.38,,CAMERA_ONLY
0,62.6961,t1223,BOTH,18.1232,16.8411,16.5762,1.5470,0.2649,9.3329,1.5980,0,1,17.34,5.25,warning,4.38,,FULL_ANGLE
0,62.6961,t1222,LIDAR_ONLY,17.4715,17.4715,73.6233,56.1518,56.1518,76.2690,76.2690,0,0,17.34,5.25,drive,20.35,front,LIDAR_ONLY
0,62.7738,cam_1,CAM_ONLY,18.3795,,16.5762,1.8033,,10.8791,,0,,12.50,3.59,warning,4.38,,CAMERA_ONLY
0,62.8654,cam_1,CAM_ONLY,18.8360,,16.5762,2.2598,,13.6326,,0,,12.73,9.44,warning,4.38,,CAMERA_ONLY
0,62.9368,cam_1,CAM_ONLY,18.6490,,16.5762,2.0728,,12.5047,,0,,18.22,2.28,warning,4.38,,CAMERA_ONLY
0,62.9368,t1227,LIDAR_ONLY,27.5809,27.5809,,,,,,,,18.22,2.28,drive,-29.22,front,LIDAR_ONLY
0,63.0129,cam_1,CAM_ONLY,18.4583,,16.5762,1.8821,,11.3543,,0,,11.71,7.53,warning,4.38,,CAMERA_ONLY
0,63.0868,t1230,BOTH,18.1919,16.8168,16.5762,1.6157,0.2406,9.7470,1.4517,0,1,16.75,2.12,warning,4.38,,FULL_ANGLE
0,63.0868,t1227,LIDAR_ONLY,27.5834,27.5834,,,,,,,,16.75,2.12,drive,-29.09,front,LIDAR_ONLY
0,63.1748,cam_1,CAM_ONLY,18.2477,,16.5762,1.6715,,10.0838,,0,,20.50,5.28,warning,4.38,,CAMERA_ONLY
0,63.2527,cam_1,CAM_ONLY,18.1168,,16.5762,1.5406,,9.2942,,0,,18.96,10.37,warning,4.38,,CAMERA_ONLY
0,63.3172,cam_1,CAM_ONLY,18.1373,,16.5762,1.5612,,9.4180,,0,,9.75,9.16,warning,4.38,,CAMERA_ONLY
0,63.3855,cam_1,CAM_ONLY,18.3755,,16.5762,1.7993,,10.8546,,0,,19.55,5.99,warning,4.38,,CAMERA_ONLY
0,63.3855,t1240,LIDAR_ONLY,27.4811,27.4811,,,,,,,,19.55,5.99,drive,-29.33,front,LIDAR_ONLY
0,63.4620,cam_1,CAM_ONLY,18.4389,,16.5762,1.8627,,11.2370,,0,,11.19,8.92,warning,4.38,,CAMERA_ONLY
0,63.5375,t1247,BOTH,18.1792,16.8282,16.5762,1.6030,0.2520,9.6708,1.5204,0,1,14.54,2.39,warning,4.38,,FULL_ANGLE
0,63.5375,t1240,LIDAR_ONLY,27.4897,27.4897,,,,,,,,14.54,2.39,drive,-29.22,front,LIDAR_ONLY
0,63.5375,t1246,LIDAR_ONLY,18.8721,18.8721,73.6233,54.7513,54.7513,74.3667,74.3667,0,0,14.54,2.39,drive,19.43,front,LIDAR_ONLY
0,63.5375,t1246,LIDAR_ONLY,16.5411,16.5411,73.6233,57.0822,57.0822,77.5328,77.5328,0,0,14.54,2.39,drive,21.49,front,LIDAR_ONLY
0,63.6119,cam_1,CAM_ONLY,18.0661,,16.5762,1.4899,,8.9884,,0,,13.41,15.23,warning,4.38,,CAMERA_ONLY
0,63.6784,cam_1,CAM_ONLY,18.4551,,16.5762,1.8789,,11.3349,,0,,11.14,5.53,warning,4.38,,CAMERA_ONLY
0,63.7518,cam_1,CAM_ONLY,18.2751,,16.5762,1.6989,,10.2488,,0,,18.06,9.79,warning,4.38,,CAMERA_ONLY
0,63.7518,t1246,LIDAR_ONLY,15.9266,15.9266,73.6233,57.6968,57.6968,78.3675,78.3675,0,0,18.06,9.79,drive,22.93,front,LIDAR_ONLY
0,63.8302,cam_1,CAM_ONLY,18.3032,,16.5762,1.7270,,10.4188,,0,,20.78,8.48,warning,4.38,,CAMERA_ONLY
0,63.9143,cam_1,CAM_ONLY,18.7182,,16.5762,2.1420,,12.9219,,0,,15.24,6.14,warning,4.38,,CAMERA_ONLY
0,63.9834,cam_1,CAM_ONLY,18.5245,,16.5762,1.9483,,11.7538,,0,,12.81,3.54,warning,4.38,,CAMERA_ONLY
0,63.9834,t1258,LIDAR_ONLY,27.5056,27.5056,,,,,,,,12.81,3.54,drive,-29.22,front,LIDAR_ONLY
0,64.0600,cam_1,CAM_ONLY,18.7638,,16.5762,2.1876,,13.1974,,0,,20.12,5.69,warning,4.38,,CAMERA_ONLY
0,64.1332,cam_1,CAM_ONLY,18.5147,,16.5762,1.9386,,11.6948,,0,,16.29,6.35,warning,4.38,,CAMERA_ONLY
0,64.2091,cam_1,CAM_ONLY,18.3242,,16.5762,1.7480,,10.5455,,0,,9.94,13.71,warning,4.38,,CAMERA_ONLY
0,64.2753,cam_1,CAM_ONLY,18.5563,,16.5762,1.9801,,11.9455,,0,,15.16,5.18,warning,4.38,,CAMERA_ONLY
0,64.3394,t1267,BOTH,18.3279,16.8467,16.5762,1.7517,0.2705,10.5678,1.6316,0,1,18.08,2.14,warning,4.38,,FULL_ANGLE
0,64.3394,t1266,LIDAR_ONLY,27.5737,27.5737,,,,,,,,18.08,2.14,drive,-29.09,front,LIDAR_ONLY
0,64.4360,cam_1,CAM_ONLY,18.2220,,16.5762,1.6458,,9.9288,,0,,23.23,7.01,warning,4.38,,CAMERA_ONLY
0,64.4360,t1266,LIDAR_ONLY,27.5591,27.5591,,,,,,,,23.23,7.01,drive,-29.15,front,LIDAR_ONLY
0,64.5125,cam_1,CAM_ONLY,18.1012,,16.5762,1.5250,,9.1999,,0,,12.11,16.31,warning,4.38,,CAMERA_ONLY
0,64.5808,cam_1,CAM_ONLY,18.1256,,16.5762,1.5494,,9.3471,,0,,14.66,2.37,warning,4.38,,CAMERA_ONLY
0,64.5808,t1266,LIDAR_ONLY,27.5427,27.5427,,,,,,,,14.66,2.37,drive,-29.23,front,LIDAR_ONLY
0,64.6660,cam_1,CAM_ONLY,18.2876,,16.5762,1.7114,,10.3247,,0,,15.55,12.88,warning,4.38,,CAMERA_ONLY
0,64.7351,t1277,BOTH,18.5560,16.8008,16.5762,1.9798,0.2246,11.9439,1.3552,0,1,19.73,1.44,warning,4.38,,FULL_ANGLE
0,64.7351,t1266,LIDAR_ONLY,27.5240,27.5240,,,,,,,,19.73,1.44,drive,-29.23,front,LIDAR_ONLY
0,64.7351,t1276,LIDAR_ONLY,18.8500,18.8500,73.6233,54.7733,54.7733,74.3967,74.3967,0,0,19.73,1.44,drive,19.44,front,LIDAR_ONLY
0,64.7351,t1276,LIDAR_ONLY,16.9821,16.9821,73.6233,56.6413,56.6413,76.9338,76.9338,0,0,19.73,1.44,drive,21.33,front,LIDAR_ONLY
0,64.7351,t1276,LIDAR_ONLY,15.1654,15.1654,73.6233,58.4580,58.4580,79.4014,79.4014,0,0,19.73,1.44,drive,23.73,front,LIDAR_ONLY
0,64.7351,t1276,LIDAR_ONLY,15.2475,15.2475,73.6233,58.3759,58.3759,79.2899,79.2899,0,0,19.73,1.44,drive,20.15,front,LIDAR_ONLY
0,64.8147,cam_1,CAM_ONLY,18.6759,,16.5762,2.0997,,12.6670,,0,,13.87,16.42,warning,4.38,,CAMERA_ONLY
0,64.8870,cam_1,CAM_ONLY,18.5736,,16.5762,1.9974,,12.0499,,0,,18.04,5.96,warning,4.38,,CAMERA_ONLY
0,64.9559,cam_1,CAM_ONLY,18.5724,,16.5762,1.9962,,12.0425,,0,,9.47,7.16,warning,4.38,,CAMERA_ONLY
0,65.0240,cam_1,CAM_ONLY,18.4887,,16.5762,1.9125,,11.5375,,0,,16.86,3.88,warning,4.38,,CAMERA_ONLY
0,65.1045,cam_1,CAM_ONLY,18.4816,,16.5762,1.9054,,11.4951,,0,,13.77,11.88,warning,4.38,,CAMERA_ONLY
0,65.1671,cam_1,CAM_ONLY,18.2117,,16.5762,1.6355,,9.8664,,0,,14.11,3.11,warning,4.38,,CAMERA_ONLY
0,65.2298,t1291,BOTH,18.4684,16.8053,16.5762,1.8922,0.2291,11.4155,1.3818,0,1,15.23,1.07,warning,4.38,,FULL_ANGLE
0,65.2298,t1289,LIDAR_ONLY,27.5143,27.5143,,,,,,,,15.23,1.07,drive,-29.14,front,LIDAR_ONLY
0,65.2965,cam_1,CAM_ONLY,18.8284,,16.5762,2.2522,,13.5872,,0,,11.23,8.03,warning,4.38,,CAMERA_ONLY
0,65.3794,cam_1,CAM_ONLY,18.2844,,16.5762,1.7082,,10.3053,,0,,22.27,3.28,warning,4.38,,CAMERA_ONLY
0,65.3794,t1289,LIDAR_ONLY,27.5039,27.5039,,,,,,,,22.27,3.28,drive,-29.22,front,LIDAR_ONLY
0,65.4718,cam_1,CAM_ONLY,18.2579,,16.5762,1.6817,,10.1451,,0,,23.05,21.51,warning,4.38,,CAMERA_ONLY
0,65.5418,t1298,BOTH,18.3640,16.8401,16.5762,1.7878,0.2639,10.7854,1.5922,0,1,13.08,3.25,warning,4.38,,FULL_ANGLE
0,65.5418,t1297,LIDAR_ONLY,17.2463,17.2463,73.6233,56.3770,56.3770,76.5750,76.5750,0,0,13.08,3.25,drive,20.51,front,LIDAR_ONLY
0,65.6121,cam_1,CAM_ONLY,18.1965,,16.5762,1.6203,,9.7750,,0,,18.51,7.42,warning,4.38,,CAMERA_ONLY
0,65.6840,cam_1,CAM_ONLY,18.3090,,16.5762,1.7328,,10.4537,,0,,19.38,7.45,warning,4.38,,CAMERA_ONLY
0,65.7625,cam_1,CAM_ONLY,18.2765,,16.5762,1.7003,,10.2576,,0,,12.46,12.35,warning,4.38,,CAMERA_ONLY
0,65.8610,cam_1,CAM_ONLY,18.7693,,16.5762,2.1931,,13.2304,,0,,21.26,14.87,warning,4.38,,CAMERA_ONLY
0,65.9333,cam_1,CAM_ONLY,18.1465,,16.5762,1.5703,,9.4735,,0,,14.99,2.01,warning,4.38,,CAMERA_ONLY
0,65.9333,t1307,LIDAR_ONLY,27.5412,27.5412,,,,,,,,14.99,2.01,drive,-29.25,front,LIDAR_ONLY
0,65.9960,cam_1,CAM_ONLY,18.1889,,16.5762,1.6127,,9.7292,,0,,9.60,6.30,warning,4.38,,CAMERA_ONLY
0,66.0700,cam_1,CAM_ONLY,18.3229,,16.5762,1.7467,,10.5375,,0,,17.57,3.84,warning,4.38,,CAMERA_ONLY
0,66.1618,cam_1,CAM_ONLY,18.1683,,16.5762,1.5921,,9.6047,,0,,18.81,14.10,warning,4.38,,CAMERA_ONLY
0,66.2535,cam_1,CAM_ONLY,18.8941,,16.5762,2.3179,,13.9836,,0,,10.57,10.77,warning,4.38,,CAMERA_ONLY
0,66.3316,cam_1,CAM_ONLY,18.4373,,16.5762,1.8611,,11.2278,,0,,13.98,2.55,warning,4.38,,CAMERA_ONLY
0,66.3316,t1316,LIDAR_ONLY,27.4482,27.4482,,,,,,,,13.98,2.55,drive,-29.27,front,LIDAR_ONLY
0,66.4154,cam_1,CAM_ONLY,18.6495,,16.5762,2.0733,,12.5079,,0,,17.42,13.50,warning,4.38,,CAMERA_ONLY
0,66.4787,cam_1,CAM_ONLY,18.2204,,16.5762,1.6442,,9.9192,,0,,9.39,5.63,warning,4.38,,CAMERA_ONLY
0,66.5637,cam_1,CAM_ONLY,18.2466,,16.5762,1.6704,,10.0769,,0,,19.17,14.02,warning,4.38,,CAMERA_ONLY
0,66.6334,t1330,BOTH,18.1324,16.8571,16.5762,1.5562,0.2809,9.3883,1.6949,0,1,14.98,1.43,warning,4.38,,FULL_ANGLE
0,66.6334,t1327,LIDAR_ONLY,27.4582,27.4582,,,,,,,,14.98,1.43,drive,-29.24,front,LIDAR_ONLY
0,66.6334,t1328,LIDAR_ONLY,13.1225,13.1225,73.6233,60.5008,60.5008,82.1762,82.1762,0,0,14.98,1.43,cautious,24.49,front,LIDAR_ONLY
0,66.7323,cam_1,CAM_ONLY,18.2408,,16.5762,1.6646,,10.0419,,0,,25.26,27.56,warning,4.38,,CAMERA_ONLY
0,66.8107,cam_1,CAM_ONLY,18.7349,,16.5762,2.1587,,13.0230,,0,,13.64,15.09,warning,4.38,,CAMERA_ONLY
0,66.8797,cam_1,CAM_ONLY,18.7426,,16.5762,2.1664,,13.0696,,0,,13.69,6.05,warning,4.38,,CAMERA_ONLY
0,66.9610,cam_1,CAM_ONLY,18.7701,,16.5762,2.1939,,13.2351,,0,,13.79,15.60,warning,4.38,,CAMERA_ONLY
0,67.0290,cam_1,CAM_ONLY,18.2218,,16.5762,1.6456,,9.9272,,0,,11.94,6.39,warning,4.38,,CAMERA_ONLY
0,67.1122,cam_1,CAM_ONLY,18.1936,,16.5762,1.6174,,9.7574,,0,,15.55,16.10,warning,4.38,,CAMERA_ONLY
0,67.1122,t1340,LIDAR_ONLY,18.6316,18.6316,73.6233,54.9917,54.9917,74.6933,74.6933,0,0,15.55,16.10,drive,19.57,front,LIDAR_ONLY
0,67.1830,cam_1,CAM_ONLY,18.0968,,16.5762,1.5206,,9.1737,,0,,15.20,3.60,warning,4.38,,CAMERA_ONLY
0,67.1830,t1341,LIDAR_ONLY,27.5188,27.5188,,,,,,,,15.20,3.60,drive,-29.14,front,LIDAR_ONLY
0,67.2667,cam_1,CAM_ONLY,18.2664,,16.5762,1.6902,,10.1967,,0,,15.99,17.84,warning,4.38,,CAMERA_ONLY
0,67.3391,t1345,BOTH,18.1166,16.8414,16.5762,1.5404,0.2652,9.2927,1.6001,0,1,17.62,3.04,warning,4.38,,FULL_ANGLE
0,67.3391,t1340,LIDAR_ONLY,18.6573,18.6573,73.6233,54.9661,54.9661,74.6585,74.6585,0,0,17.62,3.04,drive,19.44,front,LIDAR_ONLY
0,67.3391,t1340,LIDAR_ONLY,18.1925,18.1925,73.6233,55.4309,55.4309,75.2898,75.2898,0,0,17.62,3.04,drive,20.39,front,LIDAR_ONLY
0,67.4138,cam_1,CAM_ONLY,18.1894,,16.5762,1.6132,,9.7322,,0,,19.87,7.98,warning,4.38,,CAMERA_ONLY
0,67.4815,cam_1,CAM_ONLY,18.2865,,16.5762,1.7103,,10.3181,,0,,14.15,6.31,warning,4.38,,CAMERA_ONLY
0,67.5595,cam_1,CAM_ONLY,18.3453,,16.5762,1.7691,,10.6728,,0,,9.46,14.71,warning,4.38,,CAMERA_ONLY
0,67.6186,cam_1,CAM_ONLY,18.2653,,16.5762,1.6891,,10.1901,,0,,10.83,2.73,warning,4.38,,CAMERA_ONLY
0,67.7027,t1356,BOTH,18.2743,16.8310,16.5762,1.6981,0.2549,10.2443,1.5375,0,1,20.12,9.79,warning,4.38,,FULL_ANGLE
0,67.7027,t1355,LIDAR_ONLY,16.4571,16.4571,73.6233,57.1662,57.1662,77.6469,77.6469,0,0,20.12,9.79,drive,21.12,front,LIDAR_ONLY
0,67.7866,t1356,BOTH,18.3438,16.8896,16.5762,1.7676,0.3134,10.6633,1.8906,0,1,13.26,2.08,warning,4.38,,FULL_ANGLE
0,67.7866,t1357,LIDAR_ONLY,27.5010,27.5010,,,,,,,,13.26,2.08,drive,-29.24,front,LIDAR_ONLY
0,67.7866,t1356,LIDAR_ONLY,16.8763,16.8763,16.5762,0.3001,0.3001,1.8104,1.8104,1,1,13.26,2.08,drive,3.60,front,LIDAR_ONLY
0,67.8708,cam_1,CAM_ONLY,18.6825,,16.5762,2.1063,,12.7070,,0,,16.99,20.02,warning,4.38,,CAMERA_ONLY
0,67.9381,t1356,BOTH,18.2241,16.8911,16.5762,1.6479,0.3149,9.9416,1.8999,0,1,18.10,2.31,warning,4.38,,FULL_ANGLE
0,68.0139,cam_1,CAM_ONLY,18.0295,,16.5762,1.4533,,8.7676,,0,,14.15,7.83,warning,4.38,,CAMERA_ONLY
0,68.1262,cam_1,CAM_ONLY,18.7179,,16.5762,2.1417,,12.9205,,0,,19.25,6.54,warning,4.38,,CAMERA_ONLY
0,68.1867,t1356,BOTH,18.5509,16.8802,16.5762,1.9747,0.3040,11.9126,1.8342,0,1,13.46,1.79,warning,4.38,,FULL_ANGLE
0,68.1867,t1368,LIDAR_ONLY,27.5884,27.5884,,,,,,,,13.46,1.79,drive,-29.13,front,LIDAR_ONLY
0,68.1867,t1369,LIDAR_ONLY,10.5633,10.5633,73.6233,63.0600,63.0600,85.6522,85.6522,0,0,13.46,1.79,cautious,28.98,front,LIDAR_ONLY
0,68.1867,t1369,LIDAR_ONLY,10.7489,10.7489,73.6233,62.8744,62.8744,85.4001,85.4001,0,0,13.46,1.79,cautious,20.61,front,LIDAR_ONLY
0,68.1867,t1369,LIDAR_ONLY,10.9600,10.9600,73.6233,62.6633,62.6633,85.1133,85.1133,0,0,13.46,1.79,cautious,22.25,front,LIDAR_ONLY
0,68.2661,cam_1,CAM_ONLY,18.6413,,16.5762,2.0651,,12.4581,,0,,15.01,15.46,warning,4.38,,CAMERA_ONLY
0,68.3367,t1356,BOTH,18.3566,16.8694,16.5762,1.7804,0.2932,10.7405,1.7690,0,1,12.96,3.88,warning,4.38,,FULL_ANGLE
0,68.3367,t1369,LIDAR_ONLY,11.2129,11.2129,73.6233,62.4105,62.4105,84.7699,84.7699,0,0,12.96,3.88,cautious,19.45,front,LIDAR_ONLY
0,68.3367,t1369,LIDAR_ONLY,11.4969,11.4969,73.6233,62.1264,62.1264,84.3841,84.3841,0,0,12.96,3.88,cautious,20.79,front,LIDAR_ONLY
0,68.3367,t1369,LIDAR_ONLY,13.1058,13.1058,73.6233,60.5176,60.5176,82.1989,82.1989,0,0,12.96,3.88,cautious,21.70,front,LIDAR_ONLY
0,68.3367,t1356,LIDAR_ONLY,16.8989,16.8989,16.5762,0.3227,0.3227,1.9468,1.9468,1,1,12.96,3.88,drive,4.62,front,LIDAR_ONLY
0,68.4119,cam_1,CAM_ONLY,18.2394,,16.5762,1.6632,,10.0337,,0,,10.00,8.97,warning,4.38,,CAMERA_ONLY
0,68.4820,cam_1,CAM_ONLY,18.2463,,16.5762,1.6701,,10.0750,,0,,14.41,3.57,warning,4.38,,CAMERA_ONLY
0,68.4820,t1373,LIDAR_ONLY,27.5485,27.5485,,,,,,,,14.41,3.57,drive,-29.22,front,LIDAR_ONLY
0,68.5444,t1356,BOTH,18.2555,16.8696,16.5762,1.6793,0.2934,10.1308,1.7700,0,1,12.74,6.24,warning,4.38,,FULL_ANGLE
0,68.6164,cam_1,CAM_ONLY,18.5576,,16.5762,1.9814,,11.9535,,0,,15.20,6.75,warning,4.38,,CAMERA_ONLY
0,68.7249,cam_1,CAM_ONLY,18.2199,,16.5762,1.6437,,9.9163,,0,,20.46,23.10,warning,4.38,,CAMERA_ONLY
0,68.8141,cam_1,CAM_ONLY,18.5259,,16.5762,1.9497,,11.7622,,0,,12.75,13.81,warning,4.38,,CAMERA_ONLY
0,68.8825,cam_1,CAM_ONLY,18.2241,,16.5762,1.6479,,9.9415,,0,,17.89,2.68,warning,4.38,,CAMERA_ONLY
0,68.8825,t1382,LIDAR_ONLY,27.4721,27.4721,,,,,,,,17.89,2.68,drive,-29.25,front,LIDAR_ONLY
0,68.9470,cam_1,CAM_ONLY,18.4336,,16.5762,1.8574,,11.2053,,0,,13.94,7.52,warning,4.38,,CAMERA_ONLY
0,69.0198,cam_1,CAM_ONLY,18.2080,,16.5762,1.6318,,9.8445,,0,,18.27,3.88,warning,4.38,,CAMERA_ONLY
0,69.1021,t1390,BOTH,18.1429,16.8512,16.5762,1.5667,0.2750,9.4516,1.6588,0,1,19.43,10.91,warning,4.38,,FULL_ANGLE
0,69.1021,t1389,LIDAR_ONLY,18.1023,18.1023,73.6233,55.5211,55.5211,75.4123,75.4123,0,0,19.43,10.91,drive,19.91,front,LIDAR_ONLY
0,69.1767,cam_1,CAM_ONLY,18.1831,,16.5762,1.6069,,9.6941,,0,,9.15,4.87,warning,4.38,,CAMERA_ONLY
0,69.2395,t1390,BOTH,18.1010,16.8337,16.5762,1.5248,0.2575,9.1988,1.5533,0,1,12.04,2.60,warning,4.38,,FULL_ANGLE
0,69.3099,cam_1,CAM_ONLY,18.1822,,16.5762,1.6060,,9.6885,,0,,10.48,14.35,warning,4.38,,CAMERA_ONLY
0,69.3868,t1390,BOTH,18.1636,16.8348,16.5762,1.5874,0.2586,9.5766,1.5602,0,1,19.36,2.61,warning,4.38,,FULL_ANGLE
0,69.3868,t1397,LIDAR_ONLY,27.5282,27.5282,,,,,,,,19.36,2.61,drive,-29.18,front,LIDAR_ONLY
0,69.4674,cam_1,CAM_ONLY,18.6948,,16.5762,2.1186,,12.7812,,0,,16.20,8.12,warning,4.38,,CAMERA_ONLY
0,69.5306,t1390,BOTH,18.6389,16.8387,16.5762,2.0627,0.2625,12.4436,1.5839,0,1,16.28,1.44,warning,4.38,,FULL_ANGLE
0,69.5306,t1397,LIDAR_ONLY,27.5314,27.5314,,,,,,,,16.28,1.44,drive,-29.19,front,LIDAR_ONLY
0,69.6064,cam_1,CAM_ONLY,18.2905,,16.5762,1.7143,,10.3421,,0,,14.13,12.46,warning,4.38,,CAMERA_ONLY
0,69.6852,t1390,BOTH,18.7056,16.8445,16.5762,2.1294,0.2683,12.8460,1.6187,0,1,20.64,4.47,warning,4.38,,FULL_ANGLE
0,69.6852,t1397,LIDAR_ONLY,27.5374,27.5374,,,,,,,,20.64,4.47,drive,-29.11,front,LIDAR_ONLY
0,69.7662,cam_1,CAM_ONLY,18.5276,,16.5762,1.9514,,11.7723,,0,,18.47,16.68,warning,4.38,,CAMERA_ONLY
0,69.8352,t1390,BOTH,18.2338,16.8466,16.5762,1.6576,0.2704,10.0001,1.6315,0,1,13.07,2.11,warning,4.38,,FULL_ANGLE
0,69.8352,t1408,LIDAR_ONLY,16.6365,16.6365,73.6233,56.9869,56.9869,77.4033,77.4033,0,0,13.07,2.11,drive,20.97,front,LIDAR_ONLY
0,69.8352,t1408,LIDAR_ONLY,16.8001,16.8001,73.6233,56.8232,56.8232,77.1810,77.1810,0,0,13.07,2.11,drive,19.36,front,LIDAR_ONLY
0,69.9044,cam_1,CAM_ONLY,18.3172,,16.5762,1.7410,,10.5029,,0,,12.69,10.18,warning,4.38,,CAMERA_ONLY
0,69.9662,cam_1,CAM_ONLY,18.0806,,16.5762,1.5044,,9.0759,,0,,13.22,3.31,warning,4.38,,CAMERA_ONLY
0,70.0293,cam_1,CAM_ONLY,18.6019,,16.5762,2.0257,,12.2208,,0,,12.52,5.73,warning,4.38,,CAMERA_ONLY
0,70.1167,cam_1,CAM_ONLY,18.2823,,16.5762,1.7061,,10.2927,,0,,20.68,16.59,warning,4.38,,CAMERA_ONLY
0,70.1968,cam_1,CAM_ONLY,18.2254,,16.5762,1.6492,,9.9492,,0,,17.08,7.84,warning,4.38,,CAMERA_ONLY
0,70.1968,t1423,LIDAR_ONLY,17.9795,17.9795,73.6233,55.6439,55.6439,75.5791,75.5791,0,0,17.08,7.84,drive,20.00,front,LIDAR_ONLY
0,70.2642,cam_1,CAM_ONLY,18.6708,,16.5762,2.0946,,12.6360,,0,,13.51,3.14,warning,4.38,,CAMERA_ONLY
0,70.3311,cam_1,CAM_ONLY,18.7090,,16.5762,2.1328,,12.8665,,0,,12.19,6.15,warning,4.38,,CAMERA_ONLY
0,70.4103,cam_1,CAM_ONLY,18.4699,,16.5762,1.8937,,11.4244,,0,,12.53,15.69,warning,4.38,,CAMERA_ONLY
0,70.4808,t1431,BOTH,18.6590,16.8423,16.5762,2.0828,0.2661,12.5652,1.6050,0,1,20.81,1.60,warning,4.38,,FULL_ANGLE
0,70.4808,t1429,LIDAR_ONLY,27.4772,27.4772,,,,,,,,20.81,1.60,drive,-29.17,front,LIDAR_ONLY
0,70.5633,cam_1,CAM_ONLY,18.4501,,16.5762,1.8739,,11.3049,,0,,13.68,14.52,warning,4.38,,CAMERA_ONLY
0,70.6369,t1431,BOTH,18.2245,16.8302,16.5762,1.6483,0.2540,9.9440,1.5324,0,1,14.20,1.95,warning,4.38,,FULL_ANGLE
0,70.6369,t1429,LIDAR_ONLY,27.4494,27.4494,,,,,,,,14.20,1.95,drive,-29.27,front,LIDAR_ONLY
0,70.6369,t1433,LIDAR_ONLY,11.2986,11.2986,73.6233,62.3247,62.3247,84.6534,84.6534,0,0,14.20,1.95,cautious,27.56,front,LIDAR_ONLY
0,70.6369,t1433,LIDAR_ONLY,11.3680,11.3680,73.6233,62.2554,62.2554,84.5593,84.5593,0,0,14.20,1.95,cautious,19.66,front,LIDAR_ONLY
0,70.7131,cam_1,CAM_ONLY,18.2767,,16.5762,1.7005,,10.2587,,0,,17.45,5.09,warning,4.38,,CAMERA_ONLY
0,70.7772,cam_1,CAM_ONLY,18.2674,,16.5762,1.6912,,10.2024,,0,,16.19,2.68,warning,4.38,,CAMERA_ONLY
0,70.7772,t1429,LIDAR_ONLY,27.4583,27.4583,,,,,,,,16.19,2.68,drive,-29.12,front,LIDAR_ONLY
0,70.8340,t1431,BOTH,18.4968,16.8236,16.5762,1.9206,0.2475,11.5865,1.4928,0,1,11.19,1.92,warning,4.38,,FULL_ANGLE
0,70.8340,t1429,LIDAR_ONLY,27.4726,27.4726,,,,,,,,11.19,1.92,drive,-29.15,front,LIDAR_ONLY
0,70.8340,t1433,LIDAR_ONLY,11.5144,11.5144,73.6233,62.1089,62.1089,84.3604,84.3604,0,0,11.19,1.92,cautious,19.58,front,LIDAR_ONLY
0,70.9089,cam_1,CAM_ONLY,18.7972,,16.5762,2.2210,,13.3987,,0,,12.27,15.61,warning,4.38,,CAMERA_ONLY
0,70.9876,t1431,BOTH,18.2147,16.8252,16.5762,1.6385,0.2490,9.8848,1.5022,0,1,13.51,1.96,warning,4.38,,FULL_ANGLE
0,70.9876,t1429,LIDAR_ONLY,27.4844,27.4844,,,,,,,,13.51,1.96,drive,-29.18,front,LIDAR_ONLY
0,70.9876,t1433,LIDAR_ONLY,11.4979,11.4979,73.6233,62.1254,62.1254,84.3828,84.3828,0,0,13.51,1.96,cautious,27.89,front,LIDAR_ONLY
0,70.9876,t1433,LIDAR_ONLY,11.5238,11.5238,73.6233,62.0996,62.0996,84.3477,84.3477,0,0,13.51,1.96,cautious,19.94,front,LIDAR_ONLY
0,70.9876,t1433,LIDAR_ONLY,11.6743,11.6743,73.6233,61.9490,61.9490,84.1432,84.1432,0,0,13.51,1.96,cautious,20.76,front,LIDAR_ONLY
0,70.9876,t1433,LIDAR_ONLY,11.7587,11.7587,73.6233,61.8646,61.8646,84.0286,84.0286,0,0,13.51,1.96,cautious,19.33,front,LIDAR_ONLY
0,71.0649,cam_1,CAM_ONLY,18.2314,,16.5762,1.6552,,9.9856,,0,,13.16,6.61,warning,4.38,,CAMERA_ONLY
0,71.1302,cam_1,CAM_ONLY,18.2366,,16.5762,1.6604,,10.0168,,0,,12.05,4.10,warning,4.38,,CAMERA_ONLY
0,71.1302,t1429,LIDAR_ONLY,27.5021,27.5021,,,,,,,,12.05,4.10,drive,-29.02,front,LIDAR_ONLY
0,71.1854,t1431,BOTH,18.2768,16.8258,16.5762,1.7006,0.2496,10.2593,1.5057,0,1,10.73,1.38,warning,4.38,,FULL_ANGLE
0,71.1854,t1433,LIDAR_ONLY,11.7014,11.7014,73.6233,61.9219,61.9219,84.1063,84.1063,0,0,10.73,1.38,cautious,26.43,front,LIDAR_ONLY
0,71.1854,t1433,LIDAR_ONLY,12.2211,12.2211,73.6233,61.4023,61.4023,83.4005,83.4005,0,0,10.73,1.38,cautious,20.56,front,LIDAR_ONLY
0,71.2662,cam_1,CAM_ONLY,18.5699,,16.5762,1.9937,,12.0276,,0,,18.24,9.18,warning,4.38,,CAMERA_ONLY
0,71.3381,cam_1,CAM_ONLY,18.2888,,16.5762,1.7126,,10.3316,,0,,18.64,6.43,warning,4.38,,CAMERA_ONLY
0,71.3381,t1429,LIDAR_ONLY,27.5213,27.5213,,,,,,,,18.64,6.43,drive,-29.14,front,LIDAR_ONLY
0,71.4079,cam_1,CAM_ONLY,18.3113,,16.5762,1.7351,,10.4676,,0,,12.26,13.11,warning,4.38,,CAMERA_ONLY
0,71.4743,cam_1,CAM_ONLY,18.4933,,16.5762,1.9171,,11.5655,,0,,10.53,12.29,warning,4.38,,CAMERA_ONLY
0,71.5558,cam_1,CAM_ONLY,18.3017,,16.5762,1.7255,,10.4095,,0,,18.54,13.01,warning,4.38,,CAMERA_ONLY
0,71.6257,cam_1,CAM_ONLY,17.9962,,16.5762,1.4200,,8.5663,,0,,13.31,5.88,warning,4.38,,CAMERA_ONLY
0,71.6809,cam_1,CAM_ONLY,18.0871,,16.5762,1.5110,,9.1152,,0,,10.17,1.29,warning,4.38,,CAMERA_ONLY
0,71.6809,t1450,LIDAR_ONLY,27.5604,27.5604,,,,,,,,10.17,1.29,drive,-29.03,front,LIDAR_ONLY
0,71.7633,cam_1,CAM_ONLY,18.2345,,16.5762,1.6583,,10.0038,,0,,12.19,16.73,warning,4.38,,CAMERA_ONLY
0,71.8499,cam_1,CAM_ONLY,18.2508,,16.5762,1.6746,,10.1026,,0,,15.04,8.57,warning,4.38,,CAMERA_ONLY
0,71.8499,t1455,LIDAR_ONLY,18.2229,18.2229,73.6233,55.4004,55.4004,75.2484,75.2484,0,0,15.04,8.57,drive,19.84,front,LIDAR_ONLY
0,71.8499,t1455,LIDAR_ONLY,17.1154,17.1154,73.6233,56.5079,56.5079,76.7528,76.7528,0,0,15.04,8.57,drive,21.66,front,LIDAR_ONLY
0,71.9292,cam_1,CAM_ONLY,18.7380,,16.5762,2.1618,,13.0416,,0,,15.63,3.20,warning,4.38,,CAMERA_ONLY
0,71.9292,t1450,LIDAR_ONLY,27.5674,27.5674,,,,,,,,15.63,3.20,drive,-29.05,front,LIDAR_ONLY
0,71.9845,t1459,BOTH,18.5972,16.8297,16.5762,2.0210,0.2535,12.1924,1.5293,0,1,9.50,1.11,warning,4.38,,FULL_ANGLE
0,71.9845,t1450,LIDAR_ONLY,27.5652,27.5652,,,,,,,,9.50,1.11,drive,-29.14,front,LIDAR_ONLY
0,72.0608,cam_1,CAM_ONLY,18.1269,,16.5762,1.5507,,9.3548,,0,,15.43,9.68,warning,4.38,,CAMERA_ONLY
0,72.1234,cam_1,CAM_ONLY,18.6711,,16.5762,2.0949,,12.6380,,0,,13.27,4.48,warning,4.38,,CAMERA_ONLY
0,72.1836,cam_1,CAM_ONLY,18.2453,,16.5762,1.6691,,10.0690,,0,,10.77,1.89,warning,4.38,,CAMERA_ONLY
0,72.1836,t1450,LIDAR_ONLY,27.5583,27.5583,,,,,,,,10.77,1.89,drive,-29.11,front,LIDAR_ONLY
0,72.2550,cam_1,CAM_ONLY,18.0975,,16.5762,1.5213,,9.1779,,0,,12.51,11.72,warning,4.38,,CAMERA_ONLY
0,72.3146,cam_1,CAM_ONLY,18.3351,,16.5762,1.7589,,10.6108,,0,,9.50,4.74,warning,4.38,,CAMERA_ONLY
0,72.3821,t1469,BOTH,18.2623,16.8212,16.5762,1.6861,0.2450,10.1719,1.4778,0,1,16.72,1.14,warning,4.38,,FULL_ANGLE
0,72.3821,t1450,LIDAR_ONLY,27.5477,27.5477,,,,,,,,16.72,1.14,drive,-29.24,front,LIDAR_ONLY
0,72.4653,cam_1,CAM_ONLY,18.1335,,16.5762,1.5573,,9.3946,,0,,18.51,16.39,warning,4.38,,CAMERA_ONLY
0,72.5325,cam_1,CAM_ONLY,18.6810,,16.5762,2.1049,,12.6980,,0,,12.99,5.26,warning,4.38,,CAMERA_ONLY
0,72.6149,cam_1,CAM_ONLY,18.7778,,16.5762,2.2016,,13.2819,,0,,13.48,13.76,warning,4.38,,CAMERA_ONLY
0,72.7187,cam_1,CAM_ONLY,18.0818,,16.5762,1.5056,,9.0827,,0,,12.00,16.33,warning,4.38,,CAMERA_ONLY
0,72.7851,t1477,BOTH,18.3455,16.8474,16.5762,1.7693,0.2712,10.6735,1.6360,0,1,11.99,1.38,warning,4.38,,FULL_ANGLE
0,72.7851,t1475,LIDAR_ONLY,27.6115,27.6115,,,,,,,,11.99,1.38,drive,-29.11,front,LIDAR_ONLY
0,72.7851,t1476,LIDAR_ONLY,12.9202,12.9202,73.6233,60.7032,60.7032,82.4510,82.4510,0,0,11.99,1.38,cautious,24.75,front,LIDAR_ONLY
0,72.7851,t1476,LIDAR_ONLY,13.3538,13.3538,73.6233,60.2696,60.2696,81.8620,81.8620,0,0,11.99,1.38,cautious,20.00,front,LIDAR_ONLY
0,72.7851,t1476,LIDAR_ONLY,13.6865,13.6865,73.6233,59.9368,59.9368,81.4101,81.4101,0,0,11.99,1.38,cautious,21.40,front,LIDAR_ONLY
0,72.8568,cam_1,CAM_ONLY,18.2125,,16.5762,1.6363,,9.8717,,0,,15.17,13.75,warning,4.38,,CAMERA_ONLY
0,72.9193,cam_1,CAM_ONLY,18.1978,,16.5762,1.6216,,9.7827,,0,,11.86,2.80,warning,4.38,,CAMERA_ONLY
0,72.9822,t1477,BOTH,18.3760,16.8344,16.5762,1.7998,0.2582,10.8577,1.5576,0,1,12.82,1.95,warning,4.38,,FULL_ANGLE
0,72.9822,t1475,LIDAR_ONLY,27.5551,27.5551,,,,,,,,12.82,1.95,drive,-29.17,front,LIDAR_ONLY
0,73.0573,cam_1,CAM_ONLY,18.3051,,16.5762,1.7289,,10.4298,,0,,13.50,13.68,warning,4.38,,CAMERA_ONLY
0,73.1174,cam_1,CAM_ONLY,18.1152,,16.5762,1.5390,,9.2845,,0,,12.66,3.27,warning,4.38,,CAMERA_ONLY
0,73.1792,cam_1,CAM_ONLY,18.5443,,16.5762,1.9681,,11.8730,,0,,13.73,3.28,warning,4.38,,CAMERA_ONLY
0,73.1792,t1475,LIDAR_ONLY,27.5566,27.5566,,,,,,,,13.73,3.28,drive,-29.15,front,LIDAR_ONLY
0,73.2676,cam_1,CAM_ONLY,18.2677,,16.5762,1.6915,,10.2046,,0,,22.96,17.37,warning,4.38,,CAMERA_ONLY
0,73.3295,cam_1,CAM_ONLY,17.9994,,16.5762,1.4232,,8.5860,,0,,12.39,5.50,warning,4.38,,CAMERA_ONLY
0,73.3902,t1494,BOTH,18.1888,16.8236,16.5762,1.6126,0.2474,9.7286,1.4923,0,1,12.14,2.94,warning,4.38,,FULL_ANGLE
0,73.3902,t1493,LIDAR_ONLY,17.6858,17.6858,73.6233,55.9375,55.9375,75.9780,75.9780,0,0,12.14,2.94,drive,20.20,front,LIDAR_ONLY
0,73.3902,t1493,LIDAR_ONLY,16.9463,16.9463,73.6233,56.6771,56.6771,76.9825,76.9825,0,0,12.14,2.94,drive,21.49,front,LIDAR_ONLY
0,73.4598,cam_1,CAM_ONLY,18.7548,,16.5762,2.1786,,13.1431,,0,,12.30,11.40,warning,4.38,,CAMERA_ONLY
0,73.5240,cam_1,CAM_ONLY,18.2636,,16.5762,1.6874,,10.1796,,0,,11.39,5.09,warning,4.38,,CAMERA_ONLY
0,73.5808,cam_1,CAM_ONLY,18.7205,,16.5762,2.1443,,12.9358,,0,,10.86,1.11,warning,4.38,,CAMERA_ONLY
0,73.5808,t1496,LIDAR_ONLY,27.5046,27.5046,,,,,,,,10.86,1.11,drive,-29.20,front,LIDAR_ONLY
0,73.6602,cam_1,CAM_ONLY,18.6959,,16.5762,2.1197,,12.7874,,0,,15.03,7.69,warning,4.38,,CAMERA_ONLY
0,73.7303,cam_1,CAM_ONLY,18.8111,,16.5762,2.2349,,13.4827,,0,,17.99,7.30,warning,4.38,,CAMERA_ONLY
0,73.8216,cam_1,CAM_ONLY,17.9820,,16.5762,1.4058,,8.4806,,0,,18.66,3.78,warning,4.38,,CAMERA_ONLY
0,73.8848,t1503,BOTH,18.1012,16.8475,16.5762,1.5250,0.2713,9.1998,1.6367,0,1,11.59,1.63,warning,4.38,,FULL_ANGLE
0,73.8848,t1501,LIDAR_ONLY,27.4822,27.4822,,,,,,,,11.59,1.63,drive,-29.31,front,LIDAR_ONLY
0,73.8848,t1502,LIDAR_ONLY,11.7636,11.7636,73.6233,61.8597,61.8597,84.0219,84.0219,0,0,11.59,1.63,cautious,26.58,front,LIDAR_ONLY
0,73.8848,t1502,LIDAR_ONLY,11.9087,11.9087,73.6233,61.7146,61.7146,83.8248,83.8248,0,0,11.59,1.63,cautious,19.84,front,LIDAR_ONLY
0,73.9627,cam_1,CAM_ONLY,18.2404,,16.5762,1.6643,,10.0400,,0,,14.72,16.00,warning,4.38,,CAMERA_ONLY
0,74.0334,t1503,BOTH,18.0996,16.8494,16.5762,1.5234,0.2732,9.1905,1.6483,0,1,15.56,1.42,warning,4.38,,FULL_ANGLE
0,74.0334,t1501,LIDAR_ONLY,27.4959,27.4959,,,,,,,,15.56,1.42,drive,-29.19,front,LIDAR_ONLY
0,74.0334,t1502,LIDAR_ONLY,12.1521,12.1521,73.6233,61.4712,61.4712,83.4942,83.4942,0,0,15.56,1.42,cautious,24.10,front,LIDAR_ONLY
0,74.0915,t1503,BOTH,18.0678,16.8418,16.5762,1.4916,0.2657,8.9987,1.6026,0,1,9.55,2.10,warning,4.38,,FULL_ANGLE
0,74.0915,t1502,LIDAR_ONLY,11.5965,11.5965,73.6233,62.0269,62.0269,84.2489,84.2489,0,0,9.55,2.10,cautious,29.70,front,LIDAR_ONLY
0,74.0915,t1502,LIDAR_ONLY,11.6758,11.6758,73.6233,61.9476,61.9476,84.1412,84.1412,0,0,9.55,2.10,cautious,20.32,front,LIDAR_ONLY
0,74.1521,cam_1,CAM_ONLY,18.5420,,16.5762,1.9658,,11.8591,,0,,10.76,7.27,warning,4.38,,CAMERA_ONLY
0,74.1521,t1502,LIDAR_ONLY,11.8062,11.8062,73.6233,61.8171,61.8171,83.9640,83.9640,0,0,10.76,7.27,cautious,21.71,front,LIDAR_ONLY
0,74.1521,t1502,LIDAR_ONLY,11.8524,11.8524,73.6233,61.7710,61.7710,83.9014,83.9014,0,0,10.76,7.27,cautious,23.22,front,LIDAR_ONLY
0,74.2152,cam_1,CAM_ONLY,18.2269,,16.5762,1.6507,,9.9583,,0,,16.04,2.39,warning,4.38,,CAMERA_ONLY
0,74.3008,t1503,BOTH,18.0887,16.8383,16.5762,1.5125,0.2621,9.1248,1.5809,0,1,17.74,7.74,warning,4.38,,FULL_ANGLE
0,74.3008,t1502,LIDAR_ONLY,11.8987,11.8987,73.6233,61.7247,61.7247,83.8385,83.8385,0,0,17.74,7.74,cautious,20.87,front,LIDAR_ONLY
0,74.3639,cam_1,CAM_ONLY,18.1632,,16.5762,1.5870,,9.5741,,0,,9.84,7.92,warning,4.38,,CAMERA_ONLY
0,74.4663,cam_1,CAM_ONLY,18.2001,,16.5762,1.6239,,9.7967,,0,,27.60,18.52,warning,4.38,,CAMERA_ONLY
0,74.4663,t1502,LIDAR_ONLY,13.3371,13.3371,73.6233,60.2862,60.2862,81.8846,81.8846,0,0,27.60,18.52,cautious,19.57,front,LIDAR_ONLY
0,74.4663,t1502,LIDAR_ONLY,14.2867,14.2867,73.6233,59.3366,59.3366,80.5948,80.5948,0,0,27.60,18.52,cautious,20.68,front,LIDAR_ONLY
0,74.5590,cam_1,CAM_ONLY,18.1222,,16.5762,1.5460,,9.3265,,0,,16.23,9.76,warning,4.38,,CAMERA_ONLY
0,74.6213,cam_1,CAM_ONLY,18.2274,,16.5762,1.6512,,9.9612,,0,,11.81,3.21,warning,4.38,,CAMERA_ONLY
0,74.7070,cam_1,CAM_ONLY,18.2616,,16.5762,1.6854,,10.1676,,0,,14.97,12.16,warning,4.38,,CAMERA_ONLY
0,74.7070,t1502,LIDAR_ONLY,15.0738,15.0738,73.6233,58.5495,58.5495,79.5257,79.5257,0,0,14.97,12.16,cautious,19.93,front,LIDAR_ONLY
0,74.7825,cam_1,CAM_ONLY,18.1488,,16.5762,1.5726,,9.4868,,0,,17.43,6.38,warning,4.38,,CAMERA_ONLY
0,74.8445,t1521,BOTH,18.2291,16.8376,16.5762,1.6529,0.2614,9.9718,1.5769,0,1,10.19,2.29,warning,4.38,,FULL_ANGLE
0,74.8445,t1502,LIDAR_ONLY,15.7264,15.7264,73.6233,57.8970,57.8970,78.6394,78.6394,0,0,10.19,2.29,cautious,20.36,front,LIDAR_ONLY
0,74.9189,cam_1,CAM_ONLY,18.2003,,16.5762,1.6241,,9.7979,,0,,15.50,7.78,warning,4.38,,CAMERA_ONLY
0,75.0039,cam_1,CAM_ONLY,18.1440,,16.5762,1.5678,,9.4579,,0,,19.60,10.10,warning,4.38,,CAMERA_ONLY
0,75.0652,cam_1,CAM_ONLY,18.2907,,16.5762,1.7145,,10.3431,,0,,14.35,2.49,warning,4.38,,CAMERA_ONLY
0,75.1235,cam_1,CAM_ONLY,18.1456,,16.5762,1.5694,,9.4678,,0,,10.02,4.44,warning,4.38,,CAMERA_ONLY
0,75.1836,t1535,BOTH,17.9890,16.8480,16.5762,1.4128,0.2718,8.5228,1.6396,0,1,15.73,1.35,warning,4.38,,FULL_ANGLE
0,75.1836,t1533,LIDAR_ONLY,27.4977,27.4977,,,,,,,,15.73,1.35,drive,-29.17,front,LIDAR_ONLY
0,75.1836,t1534,LIDAR_ONLY,12.5056,12.5056,73.6233,61.1178,61.1178,83.0141,83.0141,0,0,15.73,1.35,cautious,25.31,front,LIDAR_ONLY
0,75.1836,t1534,LIDAR_ONLY,12.7263,12.7263,73.6233,60.8970,60.8970,82.7143,82.7143,0,0,15.73,1.35,cautious,19.63,front,LIDAR_ONLY
0,75.1836,t1534,LIDAR_ONLY,13.2073,13.2073,73.6233,60.4161,60.4161,82.0611,82.0611,0,0,15.73,1.35,cautious,21.66,front,LIDAR_ONLY
0,75.2580,cam_1,CAM_ONLY,18.1441,,16.5762,1.5679,,9.4590,,0,,13.46,15.12,warning,4.38,,CAMERA_ONLY
0,75.3248,cam_1,CAM_ONLY,18.1506,,16.5762,1.5744,,9.4982,,0,,13.84,4.44,warning,4.38,,CAMERA_ONLY
0,75.3845,t1535,BOTH,18.1753,16.8257,16.5762,1.5991,0.2495,9.6469,1.5050,0,1,13.48,1.37,warning,4.38,,FULL_ANGLE
0,75.3845,t1533,LIDAR_ONLY,27.5040,27.5040,,,,,,,,13.48,1.37,drive,-29.18,front,LIDAR_ONLY
0,75.4526,cam_1,CAM_ONLY,18.2004,,16.5762,1.6242,,9.7983,,0,,11.21,9.93,warning,4.38,,CAMERA_ONLY
0,75.5160,cam_1,CAM_ONLY,18.2011,,16.5762,1.6249,,9.8029,,0,,16.18,2.26,warning,4.38,,CAMERA_ONLY
0,75.5802,cam_1,CAM_ONLY,18.1906,,16.5762,1.6144,,9.7391,,0,,12.40,5.23,warning,4.38,,CAMERA_ONLY
0,75.6554,cam_1,CAM_ONLY,18.2020,,16.5762,1.6258,,9.8078,,0,,9.12,14.84,warning,4.38,,CAMERA_ONLY
0,75.7285,cam_1,CAM_ONLY,18.0388,,16.5762,1.4626,,8.8232,,0,,17.96,4.80,warning,4.38,,CAMERA_ONLY
0,75.7842,t1550,BOTH,18.1842,16.8240,16.5762,1.6080,0.2478,9.7005,1.4949,0,1,9.71,1.07,warning,4.38,,FULL_ANGLE
0,75.7842,t1549,LIDAR_ONLY,27.5321,27.5321,,,,,,,,9.71,1.07,drive,-29.16,front,LIDAR_ONLY
0,75.8687,cam_1,CAM_ONLY,18.2659,,16.5762,1.6897,,10.1935,,0,,14.11,17.70,warning,4.38,,CAMERA_ONLY
0,75.9363,t1550,BOTH,18.1493,16.8254,16.5762,1.5731,0.2492,9.4899,1.5034,0,1,13.09,1.48,warning,4.38,,FULL_ANGLE
0,75.9363,t1552,LIDAR_ONLY,10.9316,10.9316,73.6233,62.6918,62.6918,85.1520,85.1520,0,0,13.09,1.48,cautious,28.05,front,LIDAR_ONLY
0,75.9363,t1552,LIDAR_ONLY,11.3309,11.3309,73.6233,62.2924,62.2924,84.6096,84.6096,0,0,13.09,1.48,cautious,21.12,front,LIDAR_ONLY
0,76.0030,cam_1,CAM_ONLY,18.1418,,16.5762,1.5656,,9.4450,,0,,9.98,9.96,warning,4.38,,CAMERA_ONLY
0,76.0679,cam_1,CAM_ONLY,18.1942,,16.5762,1.6180,,9.7611,,0,,12.37,3.67,warning,4.38,,CAMERA_ONLY
0,76.1663,cam_1,CAM_ONLY,18.3636,,16.5762,1.7874,,10.7827,,0,,12.47,16.76,warning,4.38,,CAMERA_ONLY
0,76.2594,cam_1,CAM_ONLY,18.6973,,16.5762,2.1211,,12.7960,,0,,21.03,16.01,warning,4.38,,CAMERA_ONLY
0,76.3299,cam_1,CAM_ONLY,18.3473,,16.5762,1.7711,,10.6844,,0,,13.21,6.66,warning,4.38,,CAMERA_ONLY
0,76.4100,cam_1,CAM_ONLY,18.3225,,16.5762,1.7463,,10.5347,,0,,13.95,15.66,warning,4.38,,CAMERA_ONLY
0,76.4773,cam_1,CAM_ONLY,18.1274,,16.5762,1.5513,,9.3583,,0,,10.12,5.15,warning,4.38,,CAMERA_ONLY
0,76.5413,t1567,BOTH,18.1267,16.8556,16.5762,1.5505,0.2794,9.3535,1.6857,0,1,19.97,2.63,warning,4.38,,FULL_ANGLE
0,76.5413,t1566,LIDAR_ONLY,16.6214,16.6214,73.6233,57.0019,57.0019,77.4237,77.4237,0,0,19.97,2.63,drive,20.99,front,LIDAR_ONLY
0,76.6180,cam_1,CAM_ONLY,18.2795,,16.5762,1.7033,,10.2753,,0,,23.15,3.04,warning,4.38,,CAMERA_ONLY
0,76.6799,t1567,BOTH,18.1531,16.9086,16.5762,1.5769,0.3324,9.5130,2.0056,0,1,13.97,1.20,warning,4.38,,FULL_ANGLE
0,76.6799,t1570,LIDAR_ONLY,27.4959,27.4959,,,,,,,,13.97,1.20,drive,-29.18,front,LIDAR_ONLY
0,76.6799,t1567,LIDAR_ONLY,16.9026,16.9026,16.5762,0.3264,0.3264,1.9689,1.9689,1,1,13.97,1.20,drive,4.03,front,LIDAR_ONLY
0,76.7655,cam_1,CAM_ONLY,18.2146,,16.5762,1.6384,,9.8842,,0,,21.51,16.65,warning,4.38,,CAMERA_ONLY
0,76.8486,cam_1,CAM_ONLY,18.7364,,16.5762,2.1602,,13.0317,,0,,13.33,9.05,warning,4.38,,CAMERA_ONLY
0,76.8486,t1577,LIDAR_ONLY,18.0965,18.0965,73.6233,55.5268,55.5268,75.4201,75.4201,0,0,13.33,9.05,drive,19.92,front,LIDAR_ONLY
0,76.9256,cam_1,CAM_ONLY,18.2728,,16.5762,1.6966,,10.2350,,0,,14.10,5.07,warning,4.38,,CAMERA_ONLY
0,77.0011,t1581,BOTH,18.3917,16.7798,16.5762,1.8155,0.2036,10.9523,1.2281,0,1,14.43,9.76,warning,4.38,,FULL_ANGLE
0,77.0011,t1577,LIDAR_ONLY,18.1609,18.1609,73.6233,55.4624,55.4624,75.3327,75.3327,0,0,14.43,9.76,drive,19.48,front,LIDAR_ONLY
0,77.0011,t1577,LIDAR_ONLY,17.7614,17.7614,73.6233,55.8619,55.8619,75.8753,75.8753,0,0,14.43,9.76,drive,20.76,front,LIDAR_ONLY
0,77.0662,cam_1,CAM_ONLY,18.4161,,16.5762,1.8399,,11.0999,,0,,13.05,2.58,warning,4.38,,CAMERA_ONLY
0,77.1308,cam_1,CAM_ONLY,18.4320,,16.5762,1.8558,,11.1954,,0,,12.82,5.61,warning,4.38,,CAMERA_ONLY
0,77.2101,cam_1,CAM_ONLY,18.4448,,16.5762,1.8686,,11.2727,,0,,13.13,15.33,warning,4.38,,CAMERA_ONLY
0,77.2785,cam_1,CAM_ONLY,18.1648,,16.5762,1.5886,,9.5835,,0,,12.00,6.01,warning,4.38,,CAMERA_ONLY
0,77.3459,cam_1,CAM_ONLY,18.2264,,16.5762,1.6502,,9.9550,,0,,10.54,5.87,warning,4.38,,CAMERA_ONLY
0,77.3459,t1586,LIDAR_ONLY,18.8309,18.8309,73.6233,54.7924,54.7924,74.4226,74.4226,0,0,10.54,5.87,drive,19.45,front,LIDAR_ONLY
0,77.3459,t1586,LIDAR_ONLY,17.8659,17.8659,73.6233,55.7574,55.7574,75.7333,75.7333,0,0,10.54,5.87,drive,20.46,front,LIDAR_ONLY
0,77.3459,t1586,LIDAR_ONLY,17.6485,17.6485,73.6233,55.9748,55.9748,76.0287,76.0287,0,0,10.54,5.87,drive,21.31,front,LIDAR_ONLY
0,77.4152,cam_1,CAM_ONLY,18.1536,,16.5762,1.5774,,9.5159,,0,,13.12,6.42,warning,4.38,,CAMERA_ONLY
0,77.4803,cam_1,CAM_ONLY,18.1781,,16.5762,1.6019,,9.6637,,0,,9.69,3.12,warning,4.38,,CAMERA_ONLY
0,77.4803,t1587,LIDAR_ONLY,27.5154,27.5154,,,,,,,,9.69,3.12,drive,-29.24,front,LIDAR_ONLY
0,77.5551,cam_1,CAM_ONLY,18.4353,,16.5762,1.8591,,11.2153,,0,,12.85,11.28,warning,4.38,,CAMERA_ONLY
0,77.6137,cam_1,CAM_ONLY,18.3816,,16.5762,1.8054,,10.8915,,0,,10.35,3.99,warning,4.38,,CAMERA_ONLY
0,77.6910,t1595,BOTH,18.5110,16.8404,16.5762,1.9348,0.2642,11.6721,1.5940,0,1,10.96,1.78,warning,4.38,,FULL_ANGLE
0,77.6910,t1587,LIDAR_ONLY,27.5191,27.5191,,,,,,,,10.96,1.78,drive,-29.12,front,LIDAR_ONLY
0,77.6910,t1593,LIDAR_ONLY,13.4907,13.4907,73.6233,60.1326,60.1326,81.6760,81.6760,0,0,10.96,1.78,cautious,24.03,front,LIDAR_ONLY
0,77.6910,t1593,LIDAR_ONLY,13.9818,13.9818,73.6233,59.6416,59.6416,81.0091,81.0091,0,0,10.96,1.78,cautious,20.72,front,LIDAR_ONLY
0,77.7731,cam_1,CAM_ONLY,18.5050,,16.5762,1.9288,,11.6358,,0,,22.29,7.78,warning,4.38,,CAMERA_ONLY
0,77.8322,t1595,BOTH,18.2256,16.8435,16.5762,1.6494,0.2673,9.9502,1.6124,0,1,10.69,1.28,warning,4.38,,FULL_ANGLE
0,77.8322,t1587,LIDAR_ONLY,27.5233,27.5233,,,,,,,,10.69,1.28,drive,-29.12,front,LIDAR_ONLY
0,77.9024,cam_1,CAM_ONLY,18.6805,,16.5762,2.1043,,12.6948,,0,,13.24,10.64,warning,4.38,,CAMERA_ONLY
0,77.9024,t1593,LIDAR_ONLY,14.5126,14.5126,73.6233,59.1108,59.1108,80.2881,80.2881,0,0,13.24,10.64,cautious,20.56,front,LIDAR_ONLY
0,77.9697,cam_1,CAM_ONLY,18.2205,,16.5762,1.6443,,9.9198,,0,,10.44,3.19,warning,4.38,,CAMERA_ONLY
0,78.0310,cam_1,CAM_ONLY,18.4307,,16.5762,1.8545,,11.1875,,0,,13.18,3.22,warning,4.38,,CAMERA_ONLY
0,78.0310,t1587,LIDAR_ONLY,27.5258,27.5258,,,,,,,,13.18,3.22,drive,-29.22,front,LIDAR_ONLY
0,78.0991,cam_1,CAM_ONLY,18.8408,,16.5762,2.2646,,13.6617,,0,,13.03,7.98,warning,4.38,,CAMERA_ONLY
0,78.0991,t1593,LIDAR_ONLY,14.9849,14.9849,73.6233,58.6384,58.6384,79.6465,79.6465,0,0,13.03,7.98,cautious,20.39,front,LIDAR_ONLY
0,78.1693,cam_1,CAM_ONLY,18.6610,,16.5762,2.0848,,12.5772,,0,,16.39,3.94,warning,4.38,,CAMERA_ONLY
0,78.2336,t1605,BOTH,18.2301,16.8505,16.5762,1.6539,0.2743,9.9773,1.6546,0,1,14.73,1.30,warning,4.38,,FULL_ANGLE
0,78.2336,t1587,LIDAR_ONLY,27.5265,27.5265,,,,,,,,14.73,1.30,drive,-29.22,front,LIDAR_ONLY
0,78.2912,t1605,BOTH,18.2437,16.8519,16.5762,1.6675,0.2757,10.0595,1.6633,0,1,9.78,2.82,warning,4.38,,FULL_ANGLE
0,78.2912,t1593,LIDAR_ONLY,15.3499,15.3499,73.6233,58.2734,58.2734,79.1508,79.1508,0,0,9.78,2.82,cautious,20.60,front,LIDAR_ONLY
0,78.2912,t1593,LIDAR_ONLY,15.8591,15.8591,73.6233,57.7642,57.7642,78.4591,78.4591,0,0,9.78,2.82,drive,22.01,front,LIDAR_ONLY
0,78.3629,cam_1,CAM_ONLY,18.2393,,16.5762,1.6631,,10.0331,,0,,13.26,15.47,warning,4.38,,CAMERA_ONLY
0,78.4307,t1605,BOTH,18.3355,16.8549,16.5762,1.7593,0.2787,10.6136,1.6815,0,1,18.17,1.84,warning,4.38,,FULL_ANGLE
0,78.4307,t1587,LIDAR_ONLY,27.5304,27.5304,,,,,,,,18.17,1.84,drive,-29.17,front,LIDAR_ONLY
0,78.5207,cam_1,CAM_ONLY,18.2620,,16.5762,1.6858,,10.1698,,0,,17.81,18.50,warning,4.38,,CAMERA_ONLY
0,78.5871,t1605,BOTH,18.4941,16.8565,16.5762,1.9179,0.2803,11.5701,1.6908,0,1,12.92,1.81,warning,4.38,,FULL_ANGLE
0,78.5871,t1587,LIDAR_ONLY,27.5328,27.5328,,,,,,,,12.92,1.81,drive,-29.21,front,LIDAR_ONLY
0,78.5871,t1611,LIDAR_ONLY,10.6943,10.6943,73.6233,62.9290,62.9290,85.4743,85.4743,0,0,12.92,1.81,cautious,28.79,front,LIDAR_ONLY
0,78.5871,t1611,LIDAR_ONLY,10.8203,10.8203,73.6233,62.8030,62.8030,85.3032,85.3032,0,0,12.92,1.81,cautious,20.44,front,LIDAR_ONLY
0,78.6648,cam_1,CAM_ONLY,18.8002,,16.5762,2.2240,,13.4170,,0,,13.98,15.49,warning,4.38,,CAMERA_ONLY
0,78.7307,cam_1,CAM_ONLY,18.6547,,16.5762,2.0785,,12.5391,,0,,12.84,2.32,warning,4.38,,CAMERA_ONLY
0,78.7307,t1587,LIDAR_ONLY,27.5296,27.5296,,,,,,,,12.84,2.32,drive,-29.23,front,LIDAR_ONLY
0,78.7856,t1605,BOTH,18.7666,16.8507,16.5762,2.1904,0.2745,13.2139,1.6561,0,1,9.81,1.04,warning,4.38,,FULL_ANGLE
0,78.7856,t1587,LIDAR_ONLY,27.5302,27.5302,,,,,,,,9.81,1.04,drive,-29.05,front,LIDAR_ONLY
0,78.8428,t1605,BOTH,18.2002,16.8470,16.5762,1.6240,0.2708,9.7970,1.6338,0,1,10.04,2.69,warning,4.38,,FULL_ANGLE
0,78.8428,t1617,LIDAR_ONLY,17.6234,17.6234,73.6233,56.0000,56.0000,76.0628,76.0628,0,0,10.04,2.69,drive,20.24,front,LIDAR_ONLY
0,78.8428,t1617,LIDAR_ONLY,17.0060,17.0060,73.6233,56.6174,56.6174,76.9014,76.9014,0,0,10.04,2.69,drive,21.44,front,LIDAR_ONLY
0,78.9289,cam_1,CAM_ONLY,18.2954,,16.5762,1.7192,,10.3713,,0,,14.84,7.01,warning,4.38,,CAMERA_ONLY
0,78.9846,t1605,BOTH,18.2058,16.8429,16.5762,1.6296,0.2667,9.8311,1.6090,0,1,9.67,1.23,warning,4.38,,FULL_ANGLE
0,78.9846,t1617,LIDAR_ONLY,15.1673,15.1673,73.6233,58.4561,58.4561,79.3988,79.3988,0,0,9.67,1.23,drive,22.75,front,LIDAR_ONLY
0,79.0652,cam_1,CAM_ONLY,18.2357,,16.5762,1.6595,,10.0114,,0,,14.15,19.42,warning,4.38,,CAMERA_ONLY
0,79.1318,cam_1,CAM_ONLY,18.2911,,16.5762,1.7149,,10.3456,,0,,9.72,6.43,warning,4.38,,CAMERA_ONLY
0,79.2187,cam_1,CAM_ONLY,18.5292,,16.5762,1.9530,,11.7822,,0,,18.39,6.21,warning,4.38,,CAMERA_ONLY
0,79.3152,cam_1,CAM_ONLY,18.1807,,16.5762,1.6045,,9.6798,,0,,19.74,3.44,warning,4.38,,CAMERA_ONLY
0,79.4118,cam_1,CAM_ONLY,18.3689,,16.5762,1.7927,,10.8149,,0,,22.15,9.61,warning,4.38,,CAMERA_ONLY
0,79.4713,cam_1,CAM_ONLY,18.5496,,16.5762,1.9734,,11.9050,,0,,11.01,2.37,warning,4.38,,CAMERA_ONLY
0,79.5401,t1634,BOTH,18.4396,16.8284,16.5762,1.8634,0.2522,11.2412,1.5213,0,1,14.28,3.13,warning,4.38,,FULL_ANGLE
0,79.5401,t1631,LIDAR_ONLY,27.4551,27.4551,,,,,,,,14.28,3.13,drive,-29.12,front,LIDAR_ONLY
0,79.5401,t1632,LIDAR_ONLY,18.2480,18.2480,73.6233,55.3754,55.3754,75.2144,75.2144,0,0,14.28,3.13,drive,19.82,front,LIDAR_ONLY
0,79.6148,cam_1,CAM_ONLY,18.2248,,16.5762,1.6486,,9.9455,,0,,12.61,15.83,warning,4.38,,CAMERA_ONLY
0,79.6893,t1634,BOTH,18.2301,16.8332,16.5762,1.6539,0.2570,9.9775,1.5505,0,1,13.25,2.99,warning,4.38,,FULL_ANGLE
0,79.6893,t1631,LIDAR_ONLY,27.4616,27.4616,,,,,,,,13.25,2.99,drive,-29.29,front,LIDAR_ONLY
0,79.6893,t1632,LIDAR_ONLY,18.3431,18.3431,73.6233,55.2803,55.2803,75.0853,75.0853,0,0,13.25,2.99,drive,19.47,front,LIDAR_ONLY
0,79.7656,cam_1,CAM_ONLY,18.1716,,16.5762,1.5954,,9.6249,,0,,13.63,5.48,warning,4.38,,CAMERA_ONLY
0,79.8239,cam_1,CAM_ONLY,18.3646,,16.5762,1.7884,,10.7892,,0,,9.17,4.77,warning,4.38,,CAMERA_ONLY
0,79.8911,t1634,BOTH,18.0956,16.8357,16.5762,1.5194,0.2595,9.1662,1.5654,0,1,14.09,3.28,warning,4.38,,FULL_ANGLE
0,79.8911,t1632,LIDAR_ONLY,17.6550,17.6550,73.6233,55.9683,55.9683,76.0198,76.0198,0,0,14.09,3.28,drive,20.81,front,LIDAR_ONLY
0,79.8911,t1632,LIDAR_ONLY,17.2894,17.2894,73.6233,56.3340,56.3340,76.5165,76.5165,0,0,14.09,3.28,drive,22.00,front,LIDAR_ONLY
0,79.9723,cam_1,CAM_ONLY,18.0923,,16.5762,1.5161,,9.1460,,0,,23.37,5.94,warning,4.38,,CAMERA_ONLY
0,80.0495,cam_1,CAM_ONLY,18.1907,,16.5762,1.6145,,9.7397,,0,,15.45,6.60,warning,4.38,,CAMERA_ONLY
0,80.0495,t1632,LIDAR_ONLY,17.1533,17.1533,73.6233,56.4700,56.4700,76.7012,76.7012,0,0,15.45,6.60,drive,20.79,front,LIDAR_ONLY
0,80.1236,cam_1,CAM_ONLY,18.3724,,16.5762,1.7962,,10.8361,,0,,20.11,7.77,warning,4.38,,CAMERA_ONLY
0,80.2057,cam_1,CAM_ONLY,18.2642,,16.5762,1.6880,,10.1835,,0,,12.20,14.44,warning,4.38,,CAMERA_ONLY
0,80.2849,t1652,BOTH,18.8115,16.8412,16.5762,2.2353,0.2650,13.4850,1.5984,0,1,20.82,2.34,warning,4.38,,FULL_ANGLE
0,80.2849,t1649,LIDAR_ONLY,27.5124,27.5124,,,,,,,,20.82,2.34,drive,-29.32,front,LIDAR_ONLY
0,80.2849,t1632,LIDAR_ONLY,15.0927,15.0927,73.6233,58.5306,58.5306,79.5001,79.5001,0,0,20.82,2.34,drive,23.21,front,LIDAR_ONLY
0,80.3676,cam_1,CAM_ONLY,18.6079,,16.5762,2.0317,,12.2568,,0,,19.24,4.89,warning,4.38,,CAMERA_ONLY
0,80.4360,t1652,BOTH,18.8835,16.8837,16.5762,2.3073,0.3075,13.9193,1.8548,0,1,18.26,2.65,warning,4.38,,FULL_ANGLE
0,80.4360,t1649,LIDAR_ONLY,27.5181,27.5181,,,,,,,,18.26,2.65,drive,-29.17,front,LIDAR_ONLY
0,80.4360,t1632,LIDAR_ONLY,14.2727,14.2727,73.6233,59.3506,59.3506,80.6139,80.6139,0,0,18.26,2.65,cautious,25.44,front,LIDAR_ONLY
0,80.4360,t1632,LIDAR_ONLY,14.2222,14.2222,73.6233,59.4012,59.4012,80.6825,80.6825,0,0,18.26,2.65,cautious,19.48,front,LIDAR_ONLY
0,80.4360,t1632,LIDAR_ONLY,14.2481,14.2481,73.6233,59.3753,59.3753,80.6474,80.6474,0,0,18.26,2.65,cautious,22.37,front,LIDAR_ONLY
0,80.4360,t1632,LIDAR_ONLY,14.1805,14.1805,73.6233,59.4428,59.4428,80.7391,80.7391,0,0,18.26,2.65,cautious,20.36,front,LIDAR_ONLY
0,80.4360,t1652,LIDAR_ONLY,16.8965,16.8965,16.5762,0.3203,0.3203,1.9320,1.9320,1,1,18.26,2.65,drive,4.61,front,LIDAR_ONLY
0,80.5102,cam_1,CAM_ONLY,18.8093,,16.5762,2.2331,,13.4719,,0,,12.95,14.92,warning,4.38,,CAMERA_ONLY
0,80.5706,cam_1,CAM_ONLY,18.8217,,16.5762,2.2455,,13.5468,,0,,12.26,3.57,warning,4.38,,CAMERA_ONLY
0,80.6670,cam_1,CAM_ONLY,18.7644,,16.5762,2.1882,,13.2007,,0,,21.56,21.05,warning,4.38,,CAMERA_ONLY
0,80.7394,t1658,BOTH,18.3553,16.8374,16.5762,1.7791,0.2612,10.7330,1.5758,0,1,15.37,3.29,warning,4.38,,FULL_ANGLE
0,80.8167,cam_1,CAM_ONLY,18.2975,,16.5762,1.7213,,10.3841,,0,,12.35,19.22,warning,4.38,,CAMERA_ONLY
0,80.8853,t1658,BOTH,18.1179,16.8433,16.5762,1.5417,0.2671,9.3009,1.6114,0,1,12.99,1.50,warning,4.38,,FULL_ANGLE
0,80.8853,t1660,LIDAR_ONLY,27.4904,27.4904,,,,,,,,12.99,1.50,drive,-29.22,front,LIDAR_ONLY
0,80.8853,t1661,LIDAR_ONLY,12.5174,12.5174,73.6233,61.1060,61.1060,82.9981,82.9981,0,0,12.99,1.50,cautious,25.29,front,LIDAR_ONLY
0,80.8853,t1661,LIDAR_ONLY,12.6237,12.6237,73.6233,60.9996,60.9996,82.8536,82.8536,0,0,12.99,1.50,cautious,19.90,front,LIDAR_ONLY
0,80.8853,t1661,LIDAR_ONLY,12.8782,12.8782,73.6233,60.7451,60.7451,82.5080,82.5080,0,0,12.99,1.50,cautious,21.14,front,LIDAR_ONLY
0,80.9633,cam_1,CAM_ONLY,18.1046,,16.5762,1.5284,,9.2202,,0,,19.38,10.07,warning,4.38,,CAMERA_ONLY
0,81.0313,cam_1,CAM_ONLY,18.2159,,16.5762,1.6397,,9.8917,,0,,12.88,6.82,warning,4.38,,CAMERA_ONLY
0,81.0951,t1658,BOTH,18.0469,16.8478,16.5762,1.4707,0.2716,8.8725,1.6384,0,1,10.07,6.09,warning,4.38,,FULL_ANGLE
0,81.0951,t1661,LIDAR_ONLY,13.1706,13.1706,73.6233,60.4527,60.4527,82.1108,82.1108,0,0,10.07,6.09,cautious,20.07,front,LIDAR_ONLY
0,81.0951,t1661,LIDAR_ONLY,13.4418,13.4418,73.6233,60.1815,60.1815,81.7425,81.7425,0,0,10.07,6.09,cautious,21.51,front,LIDAR_ONLY
0,81.0951,t1661,LIDAR_ONLY,14.3038,14.3038,73.6233,59.3195,59.3195,80.5716,80.5716,0,0,10.07,6.09,cautious,22.98,front,LIDAR_ONLY
0,81.1666,cam_1,CAM_ONLY,18.1591,,16.5762,1.5829,,9.5490,,0,,12.18,5.28,warning,4.38,,CAMERA_ONLY
0,81.2216,cam_1,CAM_ONLY,18.1295,,16.5762,1.5533,,9.3705,,0,,9.99,3.37,warning,4.38,,CAMERA_ONLY
0,81.2863,t1658,BOTH,18.4706,16.8490,16.5762,1.8944,0.2728,11.4286,1.6456,0,1,11.77,1.61,warning,4.38,,FULL_ANGLE
0,81.2863,t1670,LIDAR_ONLY,27.5427,27.5427,,,,,,,,11.77,1.61,drive,-29.22,front,LIDAR_ONLY
0,81.2863,t1661,LIDAR_ONLY,14.1000,14.1000,73.6233,59.5234,59.5234,80.8485,80.8485,0,0,11.77,1.61,cautious,24.81,front,LIDAR_ONLY
0,81.2863,t1661,LIDAR_ONLY,14.0586,14.0586,73.6233,59.5647,59.5647,80.9047,80.9047,0,0,11.77,1.61,cautious,20.33,front,LIDAR_ONLY
0,81.2863,t1661,LIDAR_ONLY,14.0192,14.0192,73.6233,59.6042,59.6042,80.9582,80.9582,0,0,11.77,1.61,cautious,19.34,front,LIDAR_ONLY
0,81.3654,cam_1,CAM_ONLY,18.6837,,16.5762,2.1075,,12.7143,,0,,15.85,15.60,warning,4.38,,CAMERA_ONLY
0,81.4400,t1658,BOTH,18.3765,16.8493,16.5762,1.8003,0.2731,10.8605,1.6474,0,1,13.11,2.38,warning,4.38,,FULL_ANGLE
0,81.4400,t1661,LIDAR_ONLY,14.1379,14.1379,73.6233,59.4855,59.4855,80.7970,80.7970,0,0,13.11,2.38,cautious,20.30,front,LIDAR_ONLY
0,81.5112,cam_1,CAM_ONLY,18.7284,,16.5762,2.1522,,12.9834,,0,,12.94,8.86,warning,4.38,,CAMERA_ONLY
0,81.5827,cam_1,CAM_ONLY,18.4803,,16.5762,1.9041,,11.4870,,0,,15.76,6.08,warning,4.38,,CAMERA_ONLY
0,81.6703,cam_1,CAM_ONLY,18.3929,,16.5762,1.8167,,10.9595,,0,,17.54,18.82,warning,4.38,,CAMERA_ONLY
0,81.7652,cam_1,CAM_ONLY,18.2069,,16.5762,1.6307,,9.8375,,0,,19.79,14.47,warning,4.38,,CAMERA_ONLY
0,81.8331,cam_1,CAM_ONLY,18.7368,,16.5762,2.1606,,13.0345,,0,,9.45,2.20,warning,4.38,,CAMERA_ONLY
0,81.8331,t1683,LIDAR_ONLY,27.5096,27.5096,,,,,,,,9.45,2.20,drive,-29.22,front,LIDAR_ONLY
0,81.8982,t1689,BOTH,18.0794,16.8135,16.5762,1.5032,0.2373,9.0687,1.4314,0,1,12.83,8.96,warning,4.38,,FULL_ANGLE
0,81.8982,t1688,LIDAR_ONLY,18.0442,18.0442,73.6233,55.5791,55.5791,75.4912,75.4912,0,0,12.83,8.96,drive,19.95,front,LIDAR_ONLY
0,81.8982,t1688,LIDAR_ONLY,16.3568,16.3568,73.6233,57.2666,57.2666,77.7832,77.7832,0,0,12.83,8.96,drive,22.16,front,LIDAR_ONLY
0,81.9710,cam_1,CAM_ONLY,18.2892,,16.5762,1.7130,,10.3342,,0,,12.45,4.07,warning,4.38,,CAMERA_ONLY
0,82.0439,cam_1,CAM_ONLY,18.6559,,16.5762,2.0797,,12.5464,,0,,10.02,8.21,warning,4.38,,CAMERA_ONLY
0,82.0439,t1688,LIDAR_ONLY,16.4441,16.4441,73.6233,57.1792,57.1792,77.6645,77.6645,0,0,10.02,8.21,drive,19.96,front,LIDAR_ONLY
0,82.0439,t1688,LIDAR_ONLY,16.3851,16.3851,73.6233,57.2382,57.2382,77.7446,77.7446,0,0,10.02,8.21,drive,21.60,front,LIDAR_ONLY
0,82.1114,cam_1,CAM_ONLY,18.2163,,16.5762,1.6401,,9.8942,,0,,13.46,8.92,warning,4.38,,CAMERA_ONLY
0,82.1812,cam_1,CAM_ONLY,18.1562,,16.5762,1.5800,,9.5320,,0,,14.94,5.92,warning,4.38,,CAMERA_ONLY
0,82.2697,cam_1,CAM_ONLY,18.0870,,16.5762,1.5108,,9.1145,,0,,15.10,20.38,warning,4.38,,CAMERA_ONLY
0,82.3391,t1699,BOTH,18.7337,16.8120,16.5762,2.1575,0.2358,13.0157,1.4223,0,1,13.34,3.44,warning,4.38,,FULL_ANGLE
0,82.3391,t1698,LIDAR_ONLY,17.2378,17.2378,73.6233,56.3855,56.3855,76.5865,76.5865,0,0,13.34,3.44,drive,20.52,front,LIDAR_ONLY
0,82.4146,cam_1,CAM_ONLY,18.8212,,16.5762,2.2450,,13.5433,,0,,12.21,15.32,warning,4.38,,CAMERA_ONLY
0,82.4801,cam_1,CAM_ONLY,18.4159,,16.5762,1.8397,,11.0983,,0,,9.38,5.62,warning,4.38,,CAMERA_ONLY
0,82.5595,cam_1,CAM_ONLY,18.4290,,16.5762,1.8528,,11.1776,,0,,11.95,15.11,warning,4.38,,CAMERA_ONLY
0,82.6285,cam_1,CAM_ONLY,18.4371,,16.5762,1.8609,,11.2265,,0,,18.38,1.31,warning,4.38,,CAMERA_ONLY
0,82.6285,t1706,LIDAR_ONLY,27.5011,27.5011,,,,,,,,18.38,1.31,drive,-29.23,front,LIDAR_ONLY
0,82.7008,cam_1,CAM_ONLY,18.2167,,16.5762,1.6405,,9.8966,,0,,12.59,10.21,warning,4.38,,CAMERA_ONLY
0,82.7652,cam_1,CAM_ONLY,18.2710,,16.5762,1.6948,,10.2241,,0,,10.40,4.14,warning,4.38,,CAMERA_ONLY
0,82.8303,cam_1,CAM_ONLY,18.2207,,16.5762,1.6445,,9.9210,,0,,12.32,2.99,warning,4.38,,CAMERA_ONLY
0,82.8303,t1706,LIDAR_ONLY,27.4998,27.4998,,,,,,,,12.32,2.99,drive,-29.16,front,LIDAR_ONLY
0,82.8922,t1713,BOTH,18.2889,16.8383,16.5762,1.7127,0.2621,10.3321,1.5812,0,1,12.41,4.61,warning,4.38,,FULL_ANGLE
0,82.8922,t1712,LIDAR_ONLY,18.8758,18.8758,73.6233,54.7475,54.7475,74.3616,74.3616,0,0,12.41,4.61,drive,19.42,front,LIDAR_ONLY
0,82.8922,t1712,LIDAR_ONLY,18.0143,18.0143,73.6233,55.6091,55.6091,75.5319,75.5319,0,0,12.41,4.61,drive,20.34,front,LIDAR_ONLY
0,82.8922,t1712,LIDAR_ONLY,17.4311,17.4311,73.6233,56.1922,56.1922,76.3239,76.3239,0,0,12.41,4.61,drive,21.35,front,LIDAR_ONLY
0,82.9572,cam_1,CAM_ONLY,18.4668,,16.5762,1.8906,,11.4056,,0,,9.76,11.23,warning,4.38,,CAMERA_ONLY
0,83.0239,cam_1,CAM_ONLY,18.4418,,16.5762,1.8656,,11.2547,,0,,13.64,5.34,warning,4.38,,CAMERA_ONLY
0,83.0854,t1713,BOTH,18.4627,16.8398,16.5762,1.8865,0.2636,11.3809,1.5901,0,1,10.16,1.02,warning,4.38,,FULL_ANGLE
0,83.0854,t1719,LIDAR_ONLY,27.5341,27.5341,,,,,,,,10.16,1.02,drive,-29.22,front,LIDAR_ONLY
0,83.1625,cam_1,CAM_ONLY,18.2466,,16.5762,1.6704,,10.0769,,0,,13.52,15.81,warning,4.38,,CAMERA_ONLY
0,83.2280,cam_1,CAM_ONLY,18.6595,,16.5762,2.0833,,12.5681,,0,,13.50,2.68,warning,4.38,,CAMERA_ONLY
0,83.2280,t1719,LIDAR_ONLY,27.5262,27.5262,,,,,,,,13.50,2.68,drive,-29.20,front,LIDAR_ONLY
0,83.2842,t1713,BOTH,18.5337,16.8319,16.5762,1.9575,0.2557,11.8089,1.5427,0,1,10.30,1.02,warning,4.38,,FULL_ANGLE
0,83.2842,t1719,LIDAR_ONLY,27.5179,27.5179,,,,,,,,10.30,1.02,drive,-29.13,front,LIDAR_ONLY
0,83.3448,cam_1,CAM_ONLY,18.8380,,16.5762,2.2618,,13.6446,,0,,11.49,4.81,warning,4.38,,CAMERA_ONLY
0,83.3448,t1725,LIDAR_ONLY,17.5462,17.5462,73.6233,56.0772,56.0772,76.1677,76.1677,0,0,11.49,4.81,drive,20.29,front,LIDAR_ONLY
0,83.3448,t1725,LIDAR_ONLY,16.7727,16.7727,73.6233,56.8506,56.8506,77.2182,77.2182,0,0,11.49,4.81,drive,21.46,front,LIDAR_ONLY
0,83.4205,cam_1,CAM_ONLY,18.9300,,16.5762,2.3538,,14.1996,,0,,17.80,14.07,warning,4.38,,CAMERA_ONLY
0,83.4810,cam_1,CAM_ONLY,18.8225,,16.5762,2.2463,,13.5514,,0,,11.04,1.51,warning,4.38,,CAMERA_ONLY
0,83.4810,t1719,LIDAR_ONLY,27.5194,27.5194,,,,,,,,11.04,1.51,drive,-29.24,front,LIDAR_ONLY
0,83.5447,t1725,BOTH,18.6448,16.9494,16.5762,2.0687,0.3732,12.4797,2.2516,0,1,11.09,8.05,warning,4.38,,FULL_ANGLE
0,83.6116,cam_1,CAM_ONLY,18.5464,,16.5762,1.9702,,11.8858,,0,,11.87,7.68,warning,4.38,,CAMERA_ONLY
0,83.6795,cam_1,CAM_ONLY,18.6933,,16.5762,2.1171,,12.7716,,0,,10.81,5.61,warning,4.38,,CAMERA_ONLY
0,83.7573,cam_1,CAM_ONLY,18.7295,,16.5762,2.1533,,12.9902,,0,,13.80,13.06,warning,4.38,,CAMERA_ONLY
0,83.8307,cam_1,CAM_ONLY,18.2190,,16.5762,1.6428,,9.9105,,0,,12.64,3.61,warning,4.38,,CAMERA_ONLY
0,83.8307,t1738,LIDAR_ONLY,27.4505,27.4505,,,,,,,,12.64,3.61,drive,-29.22,front,LIDAR_ONLY
0,83.9244,cam_1,CAM_ONLY,18.2169,,16.5762,1.6407,,9.8982,,0,,23.96,14.81,warning,4.38,,CAMERA_ONLY
0,84.0032,t1745,BOTH,18.0589,16.8357,16.5762,1.4827,0.2595,8.9446,1.5657,0,1,15.80,11.14,warning,4.38,,FULL_ANGLE
0,84.0032,t1744,LIDAR_ONLY,17.3414,17.3414,73.6233,56.2820,56.2820,76.4458,76.4458,0,0,15.80,11.14,drive,20.44,front,LIDAR_ONLY
0,84.0032,t1744,LIDAR_ONLY,16.4621,16.4621,73.6233,57.1613,57.1613,77.6402,77.6402,0,0,15.80,11.14,drive,22.21,front,LIDAR_ONLY
0,84.0786,cam_1,CAM_ONLY,18.2337,,16.5762,1.6575,,9.9991,,0,,13.03,4.98,warning,4.38,,CAMERA_ONLY
0,84.1555,cam_1,CAM_ONLY,18.5037,,16.5762,1.9275,,11.6281,,0,,12.65,12.75,warning,4.38,,CAMERA_ONLY
0,84.1555,t1744,LIDAR_ONLY,16.4954,16.4954,73.6233,57.1279,57.1279,77.5948,77.5948,0,0,12.65,12.75,drive,20.93,front,LIDAR_ONLY
0,84.1555,t1744,LIDAR_ONLY,16.3122,16.3122,73.6233,57.3112,57.3112,77.8438,77.8438,0,0,12.65,12.75,drive,22.87,front,LIDAR_ONLY
0,84.2248,cam_1,CAM_ONLY,18.7687,,16.5762,2.1925,,13.2267,,0,,14.95,6.19,warning,4.38,,CAMERA_ONLY
0,84.2863,t1749,BOTH,18.6905,16.8384,16.5762,2.1143,0.2622,12.7550,1.5816,0,1,12.20,1.23,warning,4.38,,FULL_ANGLE
0,84.2863,t1744,LIDAR_ONLY,16.3956,16.3956,73.6233,57.2277,57.2277,77.7304,77.7304,0,0,12.20,1.23,drive,20.06,front,LIDAR_ONLY
0,84.2863,t1744,LIDAR_ONLY,15.7692,15.7692,73.6233,57.8542,57.8542,78.5813,78.5813,0,0,12.20,1.23,drive,22.89,front,LIDAR_ONLY
0,84.3539,cam_1,CAM_ONLY,18.2137,,16.5762,1.6375,,9.8787,,0,,10.78,13.59,warning,4.38,,CAMERA_ONLY
0,84.4159,cam_1,CAM_ONLY,18.2159,,16.5762,1.6398,,9.8922,,0,,12.76,2.37,warning,4.38,,CAMERA_ONLY
0,84.4802,cam_1,CAM_ONLY,18.1148,,16.5762,1.5386,,9.2822,,0,,14.97,5.38,warning,4.38,,CAMERA_ONLY
0,84.5630,cam_1,CAM_ONLY,18.5569,,16.5762,1.9807,,11.9490,,0,,13.07,7.01,warning,4.38,,CAMERA_ONLY
0,84.6323,cam_1,CAM_ONLY,18.1368,,16.5762,1.5606,,9.4146,,0,,15.05,5.58,warning,4.38,,CAMERA_ONLY
0,84.7016,cam_1,CAM_ONLY,18.6995,,16.5762,2.1233,,12.8094,,0,,11.50,7.85,warning,4.38,,CAMERA_ONLY
0,84.7016,t1761,LIDAR_ONLY,17.0177,17.0177,73.6233,56.6056,56.6056,76.8855,76.8855,0,0,11.50,7.85,drive,20.68,front,LIDAR_ONLY
0,84.7016,t1761,LIDAR_ONLY,16.5393,16.5393,73.6233,57.0840,57.0840,77.5353,77.5353,0,0,11.50,7.85,drive,22.52,front,LIDAR_ONLY
0,84.7761,cam_1,CAM_ONLY,18.8111,,16.5762,2.2349,,13.4827,,0,,14.09,5.18,warning,4.38,,CAMERA_ONLY
0,84.8638,cam_1,CAM_ONLY,18.2448,,16.5762,1.6686,,10.0663,,0,,11.68,8.52,warning,4.38,,CAMERA_ONLY
0,84.9294,cam_1,CAM_ONLY,18.1796,,16.5762,1.6034,,9.6727,,0,,10.52,5.58,warning,4.38,,CAMERA_ONLY
0,85.0179,cam_1,CAM_ONLY,18.0778,,16.5762,1.5016,,9.0586,,0,,23.14,7.63,warning,4.38,,CAMERA_ONLY
0,85.0805,t1765,BOTH,18.1109,16.8321,16.5762,1.5347,0.2559,9.2582,1.5440,0,1,12.12,1.54,warning,4.38,,FULL_ANGLE
0,85.0805,t1763,LIDAR_ONLY,27.6176,27.6176,,,,,,,,12.12,1.54,drive,-28.97,front,LIDAR_ONLY
0,85.0805,t1764,LIDAR_ONLY,11.5693,11.5693,73.6233,62.0540,62.0540,84.2858,84.2858,0,0,12.12,1.54,cautious,26.84,front,LIDAR_ONLY
0,85.0805,t1764,LIDAR_ONLY,11.8376,11.8376,73.6233,61.7858,61.7858,83.9214,83.9214,0,0,12.12,1.54,cautious,21.08,front,LIDAR_ONLY
0,85.1438,t1765,BOTH,18.3610,16.8241,16.5762,1.7848,0.2479,10.7671,1.4957,0,1,12.40,5.63,warning,4.38,,FULL_ANGLE
0,85.1438,t1764,LIDAR_ONLY,12.1097,12.1097,73.6233,61.5137,61.5137,83.5519,83.5519,0,0,12.40,5.63,cautious,20.11,front,LIDAR_ONLY
0,85.1438,t1764,LIDAR_ONLY,12.3369,12.3369,73.6233,61.2864,61.2864,83.2432,83.2432,0,0,12.40,5.63,cautious,21.19,front,LIDAR_ONLY
0,85.1438,t1764,LIDAR_ONLY,12.5257,12.5257,73.6233,61.0976,61.0976,82.9868,82.9868,0,0,12.40,5.63,cautious,22.21,front,LIDAR_ONLY
0,85.2172,cam_1,CAM_ONLY,18.1806,,16.5762,1.6044,,9.6788,,0,,21.54,5.32,warning,4.38,,CAMERA_ONLY
0,85.2973,t1765,BOTH,18.0321,16.8244,16.5762,1.4559,0.2482,8.7832,1.4975,0,1,19.93,6.08,warning,4.38,,FULL_ANGLE
0,85.2973,t1764,LIDAR_ONLY,13.7697,13.7697,73.6233,59.8537,59.8537,81.2972,81.2972,0,0,19.93,6.08,cautious,20.66,front,LIDAR_ONLY
0,85.3709,cam_1,CAM_ONLY,18.3121,,16.5762,1.7359,,10.4723,,0,,19.18,3.90,warning,4.38,,CAMERA_ONLY
0,85.4594,cam_1,CAM_ONLY,18.3047,,16.5762,1.7285,,10.4274,,0,,19.49,12.27,warning,4.38,,CAMERA_ONLY
0,85.5470,t1765,BOTH,18.5033,16.8252,16.5762,1.9271,0.2490,11.6254,1.5022,0,1,25.43,7.56,warning,4.38,,FULL_ANGLE
0,85.5470,t1764,LIDAR_ONLY,14.6011,14.6011,73.6233,59.0222,59.0222,80.1678,80.1678,0,0,25.43,7.56,cautious,21.23,front,LIDAR_ONLY
0,85.6306,cam_1,CAM_ONLY,18.1428,,16.5762,1.5666,,9.4508,,0,,18.66,6.99,warning,4.38,,CAMERA_ONLY
0,85.6961,cam_1,CAM_ONLY,18.0912,,16.5762,1.5150,,9.1395,,0,,9.29,5.55,warning,4.38,,CAMERA_ONLY
0,85.6961,t1764,LIDAR_ONLY,15.1294,15.1294,73.6233,58.4939,58.4939,79.4502,79.4502,0,0,9.29,5.55,cautious,21.28,front,LIDAR_ONLY
0,85.7699,cam_1,CAM_ONLY,18.1001,,16.5762,1.5239,,9.1931,,0,,16.95,5.15,warning,4.38,,CAMERA_ONLY
0,85.8296,cam_1,CAM_ONLY,18.0173,,16.5762,1.4411,,8.6938,,0,,11.24,3.35,warning,4.38,,CAMERA_ONLY
0,85.8877,t1778,BOTH,18.0861,16.8769,16.5762,1.5100,0.3007,9.1092,1.8140,0,1,9.60,1.85,warning,4.38,,FULL_ANGLE
0,85.8877,t1764,LIDAR_ONLY,15.5273,15.5273,73.6233,58.0960,58.0960,78.9098,78.9098,0,0,9.60,1.85,cautious,20.94,front,LIDAR_ONLY
0,85.9709,cam_1,CAM_ONLY,18.3499,,16.5762,1.7738,,10.7006,,0,,15.57,22.23,warning,4.38,,CAMERA_ONLY
0,86.0324,t1778,BOTH,18.4379,16.8436,16.5762,1.8617,0.2674,11.2309,1.6129,0,1,14.13,1.16,warning,4.38,,FULL_ANGLE
0,86.0324,t1782,LIDAR_ONLY,27.4478,27.4478,,,,,,,,14.13,1.16,drive,-29.19,front,LIDAR_ONLY
0,86.1071,cam_1,CAM_ONLY,18.0425,,16.5762,1.4663,,8.8458,,0,,13.51,11.78,warning,4.38,,CAMERA_ONLY
0,86.1715,cam_1,CAM_ONLY,18.1125,,16.5762,1.5363,,9.2682,,0,,13.34,4.87,warning,4.38,,CAMERA_ONLY
0,86.2321,cam_1,CAM_ONLY,18.0873,,16.5762,1.5111,,9.1158,,0,,10.14,3.06,warning,4.38,,CAMERA_ONLY
0,86.2321,t1782,LIDAR_ONLY,27.3472,27.3472,,,,,,,,10.14,3.06,drive,-29.52,front,LIDAR_ONLY
0,86.3129,cam_1,CAM_ONLY,18.2878,,16.5762,1.7116,,10.3255,,0,,19.35,13.98,warning,4.38,,CAMERA_ONLY
0,86.3779,cam_1,CAM_ONLY,18.2949,,16.5762,1.7187,,10.3684,,0,,12.49,4.02,warning,4.38,,CAMERA_ONLY
0,86.4357,t1792,BOTH,18.1961,16.8302,16.5762,1.6199,0.2540,9.7726,1.5322,0,1,11.62,1.97,warning,4.38,,FULL_ANGLE
0,86.4357,t1782,LIDAR_ONLY,27.3639,27.3639,,,,,,,,11.62,1.97,drive,-29.20,front,LIDAR_ONLY
0,86.4357,t1791,LIDAR_ONLY,10.2689,10.2689,73.6233,63.3544,63.3544,86.0521,86.0521,0,0,11.62,1.97,cautious,29.81,front,LIDAR_ONLY
0,86.4357,t1791,LIDAR_ONLY,10.4580,10.4580,73.6233,63.1654,63.1654,85.7953,85.7953,0,0,11.62,1.97,cautious,20.95,front,LIDAR_ONLY
0,86.5073,cam_1,CAM_ONLY,18.1522,,16.5762,1.5760,,9.5075,,0,,11.69,4.18,warning,4.38,,CAMERA_ONLY
0,86.5869,t1792,BOTH,18.1445,16.8342,16.5762,1.5683,0.2580,9.4613,1.5566,0,1,24.77,2.14,warning,4.38,,FULL_ANGLE
0,86.5869,t1782,LIDAR_ONLY,27.3818,27.3818,,,,,,,,24.77,2.14,drive,-29.23,front,LIDAR_ONLY
0,86.5869,t1791,LIDAR_ONLY,10.6277,10.6277,73.6233,62.9956,62.9956,85.5647,85.5647,0,0,24.77,2.14,cautious,27.64,front,LIDAR_ONLY
0,86.5869,t1791,LIDAR_ONLY,10.7804,10.7804,73.6233,62.8429,62.8429,85.3573,85.3573,0,0,24.77,2.14,cautious,19.54,front,LIDAR_ONLY
0,86.5869,t1791,LIDAR_ONLY,10.9556,10.9556,73.6233,62.6677,62.6677,85.1193,85.1193,0,0,24.77,2.14,cautious,20.68,front,LIDAR_ONLY
0,86.6468,cam_1,CAM_ONLY,18.1980,,16.5762,1.6218,,9.7841,,0,,10.76,5.41,warning,4.38,,CAMERA_ONLY
0,86.6468,t1791,LIDAR_ONLY,11.5896,11.5896,73.6233,62.0338,62.0338,84.2583,84.2583,0,0,10.76,5.41,cautious,20.73,front,LIDAR_ONLY
0,86.7283,cam_1,CAM_ONLY,18.4870,,16.5762,1.9108,,11.5275,,0,,21.42,4.05,warning,4.38,,CAMERA_ONLY
0,86.7283,t1782,LIDAR_ONLY,27.3974,27.3974,,,,,,,,21.42,4.05,drive,-29.25,front,LIDAR_ONLY
0,86.7998,cam_1,CAM_ONLY,18.4277,,16.5762,1.8515,,11.1694,,0,,17.90,8.92,warning,4.38,,CAMERA_ONLY
0,86.7998,t1791,LIDAR_ONLY,11.9502,11.9502,73.6233,61.6732,61.6732,83.7685,83.7685,0,0,17.90,8.92,cautious,21.43,front,LIDAR_ONLY
0,86.7998,t1791,LIDAR_ONLY,13.3217,13.3217,73.6233,60.3016,60.3016,81.9056,81.9056,0,0,17.90,8.92,cautious,22.75,front,LIDAR_ONLY
0,86.8699,cam_1,CAM_ONLY,18.4177,,16.5762,1.8415,,11.1092,,0,,12.67,3.15,warning,4.38,,CAMERA_ONLY
0,86.9359,t1802,BOTH,18.1389,16.8393,16.5762,1.5627,0.2631,9.4276,1.5873,0,1,16.32,1.85,warning,4.38,,FULL_ANGLE
0,86.9359,t1782,LIDAR_ONLY,27.4117,27.4117,,,,,,,,16.32,1.85,drive,-29.23,front,LIDAR_ONLY
0,86.9359,t1791,LIDAR_ONLY,13.2181,13.2181,73.6233,60.4053,60.4053,82.0464,82.0464,0,0,16.32,1.85,cautious,27.00,front,LIDAR_ONLY
0,86.9359,t1791,LIDAR_ONLY,13.2710,13.2710,73.6233,60.3523,60.3523,81.9745,81.9745,0,0,16.32,1.85,cautious,20.52,front,LIDAR_ONLY
0,87.0044,cam_1,CAM_ONLY,18.1028,,16.5762,1.5266,,9.2097,,0,,12.15,10.75,warning,4.38,,CAMERA_ONLY
0,87.0744,cam_1,CAM_ONLY,18.8312,,16.5762,2.2550,,13.6041,,0,,12.78,5.69,warning,4.38,,CAMERA_ONLY
0,87.1393,t1802,BOTH,18.6222,16.8395,16.5762,2.0460,0.2633,12.3431,1.5887,0,1,12.16,2.30,warning,4.38,,FULL_ANGLE
0,87.1393,t1791,LIDAR_ONLY,13.1406,13.1406,73.6233,60.4827,60.4827,82.1516,82.1516,0,0,12.16,2.30,cautious,20.10,front,LIDAR_ONLY
0,87.2130,cam_1,CAM_ONLY,18.1857,,16.5762,1.6095,,9.7097,,0,,13.11,13.34,warning,4.38,,CAMERA_ONLY
0,87.2753,cam_1,CAM_ONLY,18.1796,,16.5762,1.6034,,9.6729,,0,,12.55,6.08,warning,4.38,,CAMERA_ONLY
0,87.3431,t1802,BOTH,18.5605,16.8353,16.5762,1.9843,0.2591,11.9709,1.5633,0,1,12.49,4.49,warning,4.38,,FULL_ANGLE
0,87.3431,t1791,LIDAR_ONLY,13.1669,13.1669,73.6233,60.4565,60.4565,82.1159,82.1159,0,0,12.49,4.49,cautious,20.42,front,LIDAR_ONLY
0,87.3431,t1791,LIDAR_ONLY,13.2054,13.2054,73.6233,60.4179,60.4179,82.0636,82.0636,0,0,12.49,4.49,cautious,22.05,front,LIDAR_ONLY
0,87.4162,cam_1,CAM_ONLY,18.1884,,16.5762,1.6122,,9.7261,,0,,13.27,13.17,warning,4.38,,CAMERA_ONLY
0,87.4778,cam_1,CAM_ONLY,18.2270,,16.5762,1.6508,,9.9587,,0,,13.05,3.21,warning,4.38,,CAMERA_ONLY
0,87.4778,t1811,LIDAR_ONLY,27.4960,27.4960,,,,,,,,13.05,3.21,drive,-29.10,front,LIDAR_ONLY
0,87.5944,t1802,BOTH,18.4715,16.8357,16.5762,1.8953,0.2595,11.4340,1.5657,0,1,19.13,5.91,warning,4.38,,FULL_ANGLE
0,87.5944,t1811,LIDAR_ONLY,27.5015,27.5015,,,,,,,,19.13,5.91,drive,-29.12,front,LIDAR_ONLY
0,87.5944,t1791,LIDAR_ONLY,14.3887,14.3887,73.6233,59.2346,59.2346,80.4563,80.4563,0,0,19.13,5.91,cautious,20.00,front,LIDAR_ONLY
0,87.6810,t1802,BOTH,18.0813,16.8323,16.5762,1.5051,0.2561,9.0801,1.5448,0,1,14.00,1.83,warning,4.38,,FULL_ANGLE
0,87.6810,t1811,LIDAR_ONLY,27.4965,27.4965,,,,,,,,14.00,1.83,drive,-29.31,front,LIDAR_ONLY
0,87.6810,t1791,LIDAR_ONLY,13.3550,13.3550,73.6233,60.2684,60.2684,81.8604,81.8604,0,0,14.00,1.83,cautious,27.26,front,LIDAR_ONLY
0,87.6810,t1791,LIDAR_ONLY,13.3425,13.3425,73.6233,60.2809,60.2809,81.8774,81.8774,0,0,14.00,1.83,cautious,20.21,front,LIDAR_ONLY
0,87.6810,t1791,LIDAR_ONLY,13.2886,13.2886,73.6233,60.3348,60.3348,81.9506,81.9506,0,0,14.00,1.83,cautious,21.57,front,LIDAR_ONLY
0,87.7687,cam_1,CAM_ONLY,18.2506,,16.5762,1.6744,,10.1014,,0,,15.36,8.45,warning,4.38,,CAMERA_ONLY
0,87.8415,t1802,BOTH,18.6941,16.8329,16.5762,2.1179,0.2567,12.7770,1.5488,0,1,11.28,3.27,warning,4.38,,FULL_ANGLE
0,87.9120,cam_1,CAM_ONLY,18.1348,,16.5762,1.5586,,9.4029,,0,,11.76,11.48,warning,4.38,,CAMERA_ONLY
0,87.9820,t1802,BOTH,18.5977,16.8336,16.5762,2.0215,0.2575,12.1952,1.5531,0,1,17.71,1.31,warning,4.38,,FULL_ANGLE
0,87.9820,t1818,LIDAR_ONLY,27.5148,27.5148,,,,,,,,17.71,1.31,drive,-29.26,front,LIDAR_ONLY
0,88.0444,cam_1,CAM_ONLY,18.1639,,16.5762,1.5877,,9.5782,,0,,9.30,9.07,warning,4.38,,CAMERA_ONLY
0,88.0444,t1821,LIDAR_ONLY,18.3306,18.3306,73.6233,55.2927,55.2927,75.1022,75.1022,0,0,9.30,9.07,drive,19.77,front,LIDAR_ONLY
0,88.1131,cam_1,CAM_ONLY,18.2077,,16.5762,1.6315,,9.8425,,0,,12.13,13.38,warning,4.38,,CAMERA_ONLY
0,88.2127,cam_1,CAM_ONLY,18.4851,,16.5762,1.9090,,11.5162,,0,,16.71,12.39,warning,4.38,,CAMERA_ONLY
0,88.2738,cam_1,CAM_ONLY,18.1756,,16.5762,1.5994,,9.6491,,0,,9.96,4.00,warning,4.38,,CAMERA_ONLY
0,88.3361,t1827,BOTH,18.5972,16.8552,16.5762,2.0210,0.2790,12.1921,1.6830,0,1,9.64,1.16,warning,4.42,,FULL_ANGLE
0,88.3361,t1826,LIDAR_ONLY,13.7322,13.7322,73.6233,59.8912,59.8912,81.3481,81.3481,0,0,9.64,1.16,cautious,23.75,front,LIDAR_ONLY
0,88.3361,t1826,LIDAR_ONLY,14.1708,14.1708,73.6233,59.4525,59.4525,80.7522,80.7522,0,0,9.64,1.16,cautious,20.66,front,LIDAR_ONLY
0,88.4128,cam_1,CAM_ONLY,18.5581,,16.5762,1.9819,,11.9563,,0,,14.10,14.66,warning,4.38,,CAMERA_ONLY
0,88.4772,cam_1,CAM_ONLY,18.6255,,16.5762,2.0493,,12.3630,,0,,11.56,6.56,warning,4.38,,CAMERA_ONLY
0,88.5360,t1827,BOTH,18.6622,16.8266,16.5762,2.0860,0.2504,12.5846,1.5109,0,1,12.86,1.51,warning,4.38,,FULL_ANGLE
0,88.5360,t1831,LIDAR_ONLY,27.5826,27.5826,,,,,,,,12.86,1.51,drive,-29.11,front,LIDAR_ONLY
0,88.5360,t1826,LIDAR_ONLY,13.3966,13.3966,73.6233,60.2268,60.2268,81.8039,81.8039,0,0,12.86,1.51,cautious,25.09,front,LIDAR_ONLY
0,88.6121,cam_1,CAM_ONLY,18.2621,,16.5762,1.6859,,10.1706,,0,,12.76,14.56,warning,4.38,,CAMERA_ONLY
0,88.7027,t1827,BOTH,18.4222,16.8340,16.5762,1.8460,0.2578,11.1364,1.5552,0,1,19.06,10.84,warning,4.38,,FULL_ANGLE
0,88.7027,t1826,LIDAR_ONLY,13.4831,13.4831,73.6233,60.1402,60.1402,81.6864,81.6864,0,0,19.06,10.84,cautious,19.84,front,LIDAR_ONLY
0,88.7775,cam_1,CAM_ONLY,18.3071,,16.5762,1.7309,,10.4423,,0,,17.72,5.68,warning,4.38,,CAMERA_ONLY
0,88.8620,cam_1,CAM_ONLY,18.1796,,16.5762,1.6034,,9.6729,,0,,18.84,4.41,warning,4.38,,CAMERA_ONLY
0,88.9344,cam_1,CAM_ONLY,18.1473,,16.5762,1.5711,,9.4782,,0,,17.07,9.09,warning,4.38,,CAMERA_ONLY
0,89.0237,cam_1,CAM_ONLY,18.6528,,16.5762,2.0766,,12.5278,,0,,19.65,4.75,warning,4.38,,CAMERA_ONLY
0,89.0836,t1841,BOTH,18.2768,16.8448,16.5762,1.7006,0.2686,10.2593,1.6205,0,1,14.65,1.20,warning,4.38,,FULL_ANGLE
0,89.0836,t1840,LIDAR_ONLY,27.5198,27.5198,,,,,,,,14.65,1.20,drive,-29.25,front,LIDAR_ONLY
0,89.1584,cam_1,CAM_ONLY,18.2465,,16.5762,1.6703,,10.0764,,0,,11.40,11.25,warning,4.38,,CAMERA_ONLY
0,89.2176,cam_1,CAM_ONLY,18.7073,,16.5762,2.1311,,12.8563,,0,,9.48,2.28,warning,4.38,,CAMERA_ONLY
0,89.2741,cam_1,CAM_ONLY,18.2830,,16.5762,1.7068,,10.2969,,0,,10.15,4.94,warning,4.38,,CAMERA_ONLY
0,89.3328,t1849,BOTH,18.1217,16.8231,16.5762,1.5455,0.2469,9.3236,1.4897,0,1,12.14,1.27,warning,4.38,,FULL_ANGLE
0,89.3328,t1847,LIDAR_ONLY,27.5802,27.5802,,,,,,,,12.14,1.27,drive,-29.08,front,LIDAR_ONLY
0,89.4218,cam_1,CAM_ONLY,18.1385,,16.5762,1.5623,,9.4249,,0,,21.17,7.02,warning,4.38,,CAMERA_ONLY
0,89.4832,t1849,BOTH,18.0880,16.8270,16.5762,1.5118,0.2508,9.1203,1.5127,0,1,16.30,1.26,warning,4.38,,FULL_ANGLE
0,89.4832,t1847,LIDAR_ONLY,27.5514,27.5514,,,,,,,,16.30,1.26,drive,-29.11,front,LIDAR_ONLY
0,89.4832,t1850,LIDAR_ONLY,16.7639,16.7639,73.6233,56.8594,56.8594,77.2301,77.2301,0,0,16.30,1.26,drive,20.87,front,LIDAR_ONLY
0,89.4832,t1850,LIDAR_ONLY,17.0254,17.0254,73.6233,56.5980,56.5980,76.8750,76.8750,0,0,16.30,1.26,drive,19.40,front,LIDAR_ONLY
0,89.5541,cam_1,CAM_ONLY,18.2050,,16.5762,1.6288,,9.8259,,0,,9.76,14.31,warning,4.38,,CAMERA_ONLY
0,89.6299,cam_1,CAM_ONLY,18.1300,,16.5762,1.5538,,9.3735,,0,,14.60,5.56,warning,4.38,,CAMERA_ONLY
0,89.6997,cam_1,CAM_ONLY,18.2286,,16.5762,1.6524,,9.9683,,0,,10.64,7.66,warning,4.38,,CAMERA_ONLY
0,89.7659,cam_1,CAM_ONLY,18.0492,,16.5762,1.4730,,8.8860,,0,,12.79,4.36,warning,4.38,,CAMERA_ONLY
0,89.8268,cam_1,CAM_ONLY,18.1801,,16.5762,1.6039,,9.6757,,0,,12.93,5.67,warning,4.38,,CAMERA_ONLY
0,89.8845,t1866,BOTH,18.2036,16.8219,16.5762,1.6274,0.2457,9.8174,1.4821,0,1,13.05,1.47,warning,4.38,,FULL_ANGLE
0,89.8845,t1863,LIDAR_ONLY,27.5796,27.5796,,,,,,,,13.05,1.47,drive,-29.12,front,LIDAR_ONLY
0,89.8845,t1864,LIDAR_ONLY,13.9048,13.9048,73.6233,59.7185,59.7185,81.1136,81.1136,0,0,13.05,1.47,cautious,23.55,front,LIDAR_ONLY
0,89.9515,cam_1,CAM_ONLY,18.4831,,16.5762,1.9069,,11.5037,,0,,13.19,10.83,warning,4.38,,CAMERA_ONLY
0,90.0146,cam_1,CAM_ONLY,18.2301,,16.5762,1.6539,,9.9773,,0,,12.71,3.61,warning,4.38,,CAMERA_ONLY
0,90.0792,cam_1,CAM_ONLY,18.8516,,16.5762,2.2754,,13.7267,,0,,12.67,4.84,warning,4.38,,CAMERA_ONLY
0,90.1321,cam_1,CAM_ONLY,18.6095,,16.5762,2.0333,,12.2665,,0,,9.68,1.66,warning,4.38,,CAMERA_ONLY
0,90.1321,t1875,LIDAR_ONLY,27.4892,27.4892,,,,,,,,9.68,1.66,drive,-29.33,front,LIDAR_ONLY
0,90.1981,t1879,BOTH,18.3252,16.8523,16.5762,1.7490,0.2761,10.5513,1.6658,0,1,10.87,8.09,warning,4.38,,FULL_ANGLE
0,90.1981,t1880,LIDAR_ONLY,17.8097,17.8097,73.6233,55.8136,55.8136,75.8097,75.8097,0,0,10.87,8.09,drive,20.11,front,LIDAR_ONLY
0,90.2622,cam_1,CAM_ONLY,18.2656,,16.5762,1.6894,,10.1918,,0,,9.70,7.11,warning,4.38,,CAMERA_ONLY
0,90.3259,cam_1,CAM_ONLY,18.2747,,16.5762,1.6985,,10.2467,,0,,9.77,5.10,warning,4.38,,CAMERA_ONLY
0,90.3906,t1879,BOTH,18.2772,16.8366,16.5762,1.7010,0.2604,10.2617,1.5708,0,1,9.85,4.09,warning,4.38,,FULL_ANGLE
0,90.3906,t1880,LIDAR_ONLY,17.8717,17.8717,73.6233,55.7516,55.7516,75.7254,75.7254,0,0,9.85,4.09,drive,19.90,front,LIDAR_ONLY
0,90.3906,t1880,LIDAR_ONLY,17.0411,17.0411,73.6233,56.5822,56.5822,76.8536,76.8536,0,0,9.85,4.09,drive,21.54,front,LIDAR_ONLY
0,90.4693,cam_1,CAM_ONLY,18.2002,,16.5762,1.6240,,9.7971,,0,,19.08,9.37,warning,4.38,,CAMERA_ONLY
0,90.5547,cam_1,CAM_ONLY,18.6380,,16.5762,2.0618,,12.4384,,0,,15.74,11.93,warning,4.38,,CAMERA_ONLY
0,90.5547,t1880,LIDAR_ONLY,16.9920,16.9920,73.6233,56.6313,56.6313,76.9203,76.9203,0,0,15.74,11.93,drive,20.79,front,LIDAR_ONLY
0,90.5547,t1880,LIDAR_ONLY,16.9127,16.9127,73.6233,56.7107,56.7107,77.0281,77.0281,0,0,15.74,11.93,drive,21.74,front,LIDAR_ONLY
0,90.5547,t1880,LIDAR_ONLY,16.6635,16.6635,73.6233,56.9599,56.9599,77.3666,77.3666,0,0,15.74,11.93,drive,22.17,front,LIDAR_ONLY
0,90.6156,cam_1,CAM_ONLY,18.7887,,16.5762,2.2125,,13.3473,,0,,10.71,1.96,warning,4.38,,CAMERA_ONLY
0,90.6792,cam_1,CAM_ONLY,18.7875,,16.5762,2.2113,,13.3403,,0,,10.97,3.65,warning,4.38,,CAMERA_ONLY
0,90.7398,t1895,BOTH,18.4002,16.8515,16.5762,1.8240,0.2753,11.0039,1.6606,0,1,10.84,2.84,warning,4.38,,FULL_ANGLE
0,90.8116,cam_1,CAM_ONLY,18.1698,,16.5762,1.5936,,9.6137,,0,,15.94,14.82,warning,4.38,,CAMERA_ONLY
0,90.8803,cam_1,CAM_ONLY,18.1726,,16.5762,1.5964,,9.6309,,0,,12.67,5.60,warning,4.38,,CAMERA_ONLY
0,90.9574,cam_1,CAM_ONLY,17.9973,,16.5762,1.4211,,8.5733,,0,,15.46,14.90,warning,4.38,,CAMERA_ONLY
0,90.9574,t1903,LIDAR_ONLY,17.4175,17.4175,73.6233,56.2059,56.2059,76.3425,76.3425,0,0,15.46,14.90,drive,20.39,front,LIDAR_ONLY
0,90.9574,t1903,LIDAR_ONLY,17.4770,17.4770,73.6233,56.1463,56.1463,76.2616,76.2616,0,0,15.46,14.90,drive,19.59,front,LIDAR_ONLY
0,91.0229,cam_1,CAM_ONLY,18.2651,,16.5762,1.6889,,10.1887,,0,,11.65,4.68,warning,4.38,,CAMERA_ONLY
0,91.0804,t1907,BOTH,18.0256,16.8332,16.5762,1.4494,0.2570,8.7440,1.5507,0,1,11.61,1.54,warning,4.38,,FULL_ANGLE
0,91.0804,t1906,LIDAR_ONLY,27.4987,27.4987,,,,,,,,11.61,1.54,drive,-29.34,front,LIDAR_ONLY
0,91.1443,t1907,BOTH,17.9762,16.8417,16.5762,1.4000,0.2655,8.4459,1.6014,0,1,11.06,6.12,warning,4.38,,FULL_ANGLE
0,91.1443,t1903,LIDAR_ONLY,17.6052,17.6052,73.6233,56.0182,56.0182,76.0875,76.0875,0,0,11.06,6.12,drive,19.84,front,LIDAR_ONLY
0,91.1443,t1903,LIDAR_ONLY,17.2388,17.2388,73.6233,56.3845,56.3845,76.5851,76.5851,0,0,11.06,6.12,drive,21.52,front,LIDAR_ONLY
0,91.2127,cam_1,CAM_ONLY,18.0323,,16.5762,1.4561,,8.7845,,0,,13.71,2.87,warning,4.38,,CAMERA_ONLY
0,91.2821,t1907,BOTH,18.1682,16.8467,16.5762,1.5920,0.2705,9.6043,1.6316,0,1,12.29,1.39,warning,4.38,,FULL_ANGLE
0,91.2821,t1906,LIDAR_ONLY,27.5003,27.5003,,,,,,,,12.29,1.39,drive,-29.29,front,LIDAR_ONLY
0,91.3722,cam_1,CAM_ONLY,18.2230,,16.5762,1.6468,,9.9349,,0,,12.36,7.28,warning,4.38,,CAMERA_ONLY
0,91.4457,cam_1,CAM_ONLY,18.2673,,16.5762,1.6911,,10.2018,,0,,17.63,6.14,warning,4.38,,CAMERA_ONLY
0,91.4457,t1910,LIDAR_ONLY,18.0847,18.0847,73.6233,55.5386,55.5386,75.4362,75.4362,0,0,17.63,6.14,drive,19.93,front,LIDAR_ONLY
0,91.4457,t1910,LIDAR_ONLY,17.6506,17.6506,73.6233,55.9727,55.9727,76.0258,76.0258,0,0,17.63,6.14,drive,21.13,front,LIDAR_ONLY
0,91.4457,t1910,LIDAR_ONLY,16.8571,16.8571,73.6233,56.7662,56.7662,77.1036,77.1036,0,0,17.63,6.14,drive,22.07,front,LIDAR_ONLY
0,91.5175,cam_1,CAM_ONLY,18.5859,,16.5762,2.0097,,12.1239,,0,,11.92,8.79,warning,4.38,,CAMERA_ONLY
0,91.5849,cam_1,CAM_ONLY,18.5762,,16.5762,2.0000,,12.0655,,0,,13.24,2.14,warning,4.38,,CAMERA_ONLY
0,91.5849,t1913,LIDAR_ONLY,27.5889,27.5889,,,,,,,,13.24,2.14,drive,-29.06,front,LIDAR_ONLY
0,91.6848,cam_1,CAM_ONLY,18.6111,,16.5762,2.0349,,12.2760,,0,,22.01,19.32,warning,4.38,,CAMERA_ONLY
0,91.7659,cam_1,CAM_ONLY,18.4937,,16.5762,1.9175,,11.5676,,0,,20.75,6.03,warning,4.38,,CAMERA_ONLY
0,91.8437,t1922,BOTH,18.4861,17.5815,16.5762,1.9099,1.0053,11.5218,6.0645,0,0,21.51,4.72,warning,4.38,,FULL_ANGLE
0,91.8437,t1921,LIDAR_ONLY,15.3148,15.3148,73.6233,58.3086,58.3086,79.1985,79.1985,0,0,21.51,4.72,drive,22.11,front,LIDAR_ONLY
0,91.8437,t1921,LIDAR_ONLY,15.4600,15.4600,73.6233,58.1633,58.1633,79.0012,79.0012,0,0,21.51,4.72,drive,21.06,front,LIDAR_ONLY
0,91.8437,t1922,LIDAR_ONLY,16.9842,16.9842,16.5762,0.4080,0.4080,2.4613,2.4613,1,1,21.51,4.72,drive,4.03,front,LIDAR_ONLY
0,91.9132,cam_1,CAM_ONLY,18.1751,,16.5762,1.5989,,9.6459,,0,,12.01,5.84,warning,4.38,,CAMERA_ONLY
0,91.9769,cam_1,CAM_ONLY,18.2709,,16.5762,1.6947,,10.2238,,0,,15.01,5.38,warning,4.38,,CAMERA_ONLY
0,92.0673,cam_1,CAM_ONLY,18.2158,,16.5762,1.6397,,9.8916,,0,,16.72,12.66,warning,4.38,,CAMERA_ONLY
0,92.1579,cam_1,CAM_ONLY,18.3105,,16.5762,1.7343,,10.4624,,0,,22.26,14.97,warning,4.38,,CAMERA_ONLY
0,92.2220,cam_1,CAM_ONLY,18.7162,,16.5762,2.1400,,12.9101,,0,,12.28,3.69,warning,4.38,,CAMERA_ONLY
0,92.3168,cam_1,CAM_ONLY,18.7536,,16.5762,2.1774,,13.1358,,0,,24.21,17.70,warning,4.38,,CAMERA_ONLY
0,92.3805,cam_1,CAM_ONLY,18.2789,,16.5762,1.7028,,10.2723,,0,,14.83,2.66,warning,4.38,,CAMERA_ONLY
0,92.3805,t1932,LIDAR_ONLY,27.5071,27.5071,,,,,,,,14.83,2.66,drive,-29.24,front,LIDAR_ONLY
0,92.4400,t1937,BOTH,18.2170,16.8679,16.5762,1.6408,0.2917,9.8983,1.7595,0,1,12.95,2.79,warning,4.38,,FULL_ANGLE
0,92.5179,cam_1,CAM_ONLY,18.3458,,16.5762,1.7696,,10.6754,,0,,14.81,14.39,warning,4.38,,CAMERA_ONLY
0,92.5932,cam_1,CAM_ONLY,18.1613,,16.5762,1.5851,,9.5628,,0,,17.38,1.56,warning,4.38,,CAMERA_ONLY
0,92.5932,t1932,LIDAR_ONLY,27.5101,27.5101,,,,,,,,17.38,1.56,drive,-29.20,front,LIDAR_ONLY
0,92.6651,cam_1,CAM_ONLY,18.3016,,16.5762,1.7254,,10.4091,,0,,16.74,1.96,warning,4.38,,CAMERA_ONLY
0,92.7318,cam_1,CAM_ONLY,18.2120,,16.5762,1.6358,,9.8684,,0,,16.10,1.74,warning,4.38,,CAMERA_ONLY
0,92.7318,t1932,LIDAR_ONLY,27.5118,27.5118,,,,,,,,16.10,1.74,drive,-29.17,front,LIDAR_ONLY
0,92.8136,cam_1,CAM_ONLY,18.2054,,16.5762,1.6292,,9.8285,,0,,20.14,5.20,warning,4.38,,CAMERA_ONLY
0,92.8838,t1940,BOTH,18.1278,16.8179,16.5762,1.5516,0.2417,9.3604,1.4582,0,1,9.65,1.34,warning,4.38,,FULL_ANGLE
0,92.8838,t1932,LIDAR_ONLY,27.5120,27.5120,,,,,,,,9.65,1.34,drive,-29.18,front,LIDAR_ONLY
0,92.9537,cam_1,CAM_ONLY,18.0788,,16.5762,1.5026,,9.0650,,0,,10.87,9.69,warning,4.38,,CAMERA_ONLY
0,93.0218,cam_1,CAM_ONLY,18.0530,,16.5762,1.4768,,8.9093,,0,,15.77,3.10,warning,4.38,,CAMERA_ONLY
0,93.0898,t1940,BOTH,18.1964,16.8219,16.5762,1.6202,0.2457,9.7743,1.4825,0,1,16.84,3.91,warning,4.38,,FULL_ANGLE
0,93.0898,t1946,LIDAR_ONLY,17.1312,17.1312,73.6233,56.4921,56.4921,76.7313,76.7313,0,0,16.84,3.91,drive,20.60,front,LIDAR_ONLY
0,93.1507,cam_1,CAM_ONLY,18.1839,,16.5762,1.6077,,9.6988,,0,,10.46,7.99,warning,4.38,,CAMERA_ONLY
0,93.1507,t1946,LIDAR_ONLY,17.2122,17.2122,73.6233,56.4111,56.4111,76.6212,76.6212,0,0,10.46,7.99,drive,20.12,front,LIDAR_ONLY
0,93.2138,cam_1,CAM_ONLY,18.5714,,16.5762,1.9952,,12.0364,,0,,9.72,2.86,warning,4.38,,CAMERA_ONLY
0,93.2757,cam_1,CAM_ONLY,18.5206,,16.5762,1.9444,,11.7298,,0,,11.69,1.35,warning,4.38,,CAMERA_ONLY
0,93.2757,t1948,LIDAR_ONLY,27.5854,27.5854,,,,,,,,11.69,1.35,drive,-29.03,front,LIDAR_ONLY
0,93.3347,t1951,BOTH,18.6097,16.8289,16.5762,2.0335,0.2527,12.2674,1.5245,0,1,13.17,1.28,warning,4.38,,FULL_ANGLE
0,93.3347,t1948,LIDAR_ONLY,27.5575,27.5575,,,,,,,,13.17,1.28,drive,-29.19,front,LIDAR_ONLY
0,93.4082,cam_1,CAM_ONLY,18.7088,,16.5762,2.1326,,12.8652,,0,,12.24,2.41,warning,4.38,,CAMERA_ONLY
0,93.4723,cam_1,CAM_ONLY,18.5391,,16.5762,1.9629,,11.8417,,0,,13.35,5.12,warning,4.38,,CAMERA_ONLY
0,93.5490,t1951,BOTH,18.6296,16.8301,16.5762,2.0534,0.2539,12.3876,1.5320,0,1,15.24,7.43,warning,4.38,,FULL_ANGLE
0,93.5490,t1957,LIDAR_ONLY,18.8219,18.8219,73.6233,54.8015,54.8015,74.4349,74.4349,0,0,15.24,7.43,drive,19.46,front,LIDAR_ONLY
0,93.5490,t1957,LIDAR_ONLY,18.6622,18.6622,73.6233,54.9611,54.9611,74.6517,74.6517,0,0,15.24,7.43,drive,20.04,front,LIDAR_ONLY
0,93.6308,cam_1,CAM_ONLY,18.2776,,16.5762,1.7014,,10.2640,,0,,13.96,2.81,warning,4.38,,CAMERA_ONLY
0,93.6308,t1958,LIDAR_ONLY,27.4489,27.4489,,,,,,,,13.96,2.81,drive,-29.23,front,LIDAR_ONLY
0,93.7202,cam_1,CAM_ONLY,18.0942,,16.5762,1.5180,,9.1578,,0,,18.95,3.22,warning,4.38,,CAMERA_ONLY
0,93.8104,cam_1,CAM_ONLY,18.5365,,16.5762,1.9603,,11.8262,,0,,21.79,13.99,warning,4.38,,CAMERA_ONLY
0,93.8771,cam_1,CAM_ONLY,18.3168,,16.5762,1.7406,,10.5007,,0,,13.23,5.35,warning,4.38,,CAMERA_ONLY
0,93.9412,t1967,BOTH,18.1908,16.8438,16.5762,1.6146,0.2676,9.7403,1.6144,0,1,10.85,3.55,warning,4.38,,FULL_ANGLE
0,93.9412,t1966,LIDAR_ONLY,18.1631,18.1631,73.6233,55.4603,55.4603,75.3298,75.3298,0,0,10.85,3.55,drive,19.87,front,LIDAR_ONLY
0,94.0126,cam_1,CAM_ONLY,18.0516,,16.5762,1.4754,,8.9008,,0,,10.78,14.38,warning,4.38,,CAMERA_ONLY
0,94.0807,cam_1,CAM_ONLY,18.6422,,16.5762,2.0660,,12.4639,,0,,15.39,2.45,warning,4.38,,CAMERA_ONLY
0,94.0807,t1969,LIDAR_ONLY,27.5318,27.5318,,,,,,,,15.39,2.45,drive,-29.18,front,LIDAR_ONLY
0,94.1439,t1967,BOTH,18.2964,16.8232,16.5762,1.7202,0.2470,10.3776,1.4899,0,1,12.00,4.92,warning,4.38,,FULL_ANGLE
0,94.1439,t1966,LIDAR_ONLY,18.1971,18.1971,73.6233,55.4263,55.4263,75.2836,75.2836,0,0,12.00,4.92,drive,19.66,front,LIDAR_ONLY
0,94.1439,t1966,LIDAR_ONLY,17.3032,17.3032,73.6233,56.3202,56.3202,76.4977,76.4977,0,0,12.00,4.92,drive,21.20,front,LIDAR_ONLY
0,94.2176,cam_1,CAM_ONLY,18.1897,,16.5762,1.6135,,9.7337,,0,,13.04,4.05,warning,4.38,,CAMERA_ONLY
0,94.2822,cam_1,CAM_ONLY,18.1158,,16.5762,1.5396,,9.2878,,0,,15.00,4.55,warning,4.38,,CAMERA_ONLY
0,94.2822,t1969,LIDAR_ONLY,27.5158,27.5158,,,,,,,,15.00,4.55,drive,-29.22,front,LIDAR_ONLY
0,94.3455,t1967,BOTH,18.1259,16.8240,16.5762,1.5497,0.2478,9.3492,1.4950,0,1,12.72,5.99,warning,4.38,,FULL_ANGLE
0,94.3455,t1966,LIDAR_ONLY,17.3645,17.3645,73.6233,56.2589,56.2589,76.4144,76.4144,0,0,12.72,5.99,drive,19.61,front,LIDAR_ONLY
0,94.3455,t1966,LIDAR_ONLY,17.2561,17.2561,73.6233,56.3673,56.3673,76.5617,76.5617,0,0,12.72,5.99,drive,21.10,front,LIDAR_ONLY
0,94.3455,t1966,LIDAR_ONLY,16.9881,16.9881,73.6233,56.6353,56.6353,76.9257,76.9257,0,0,12.72,5.99,drive,22.14,front,LIDAR_ONLY
0,94.4170,cam_1,CAM_ONLY,18.2049,,16.5762,1.6287,,9.8253,,0,,13.17,13.65,warning,4.38,,CAMERA_ONLY
0,94.4790,cam_1,CAM_ONLY,18.1049,,16.5762,1.5287,,9.2225,,0,,9.56,4.10,warning,4.38,,CAMERA_ONLY
0,94.5674,cam_1,CAM_ONLY,18.4118,,16.5762,1.8356,,11.0737,,0,,19.26,8.04,warning,4.38,,CAMERA_ONLY
0,94.6286,cam_1,CAM_ONLY,18.6352,,16.5762,2.0590,,12.4212,,0,,10.77,4.25,warning,4.38,,CAMERA_ONLY
0,94.6980,cam_1,CAM_ONLY,18.5876,,16.5762,2.0115,,12.1346,,0,,12.23,7.67,warning,4.38,,CAMERA_ONLY
0,94.6980,t1981,LIDAR_ONLY,16.9407,16.9407,73.6233,56.6827,56.6827,76.9901,76.9901,0,0,12.23,7.67,drive,20.74,front,LIDAR_ONLY
0,94.7637,cam_1,CAM_ONLY,18.6739,,16.5762,2.0977,,12.6549,,0,,12.59,2.74,warning,4.38,,CAMERA_ONLY
0,94.8386,cam_1,CAM_ONLY,18.6512,,16.5762,2.0750,,12.5178,,0,,16.99,5.18,warning,4.38,,CAMERA_ONLY
0,94.8386,t1981,LIDAR_ONLY,17.0227,17.0227,73.6233,56.6006,56.6006,76.8787,76.8787,0,0,16.99,5.18,drive,20.18,front,LIDAR_ONLY
0,94.8386,t1981,LIDAR_ONLY,17.0554,17.0554,73.6233,56.5680,56.5680,76.8343,76.8343,0,0,16.99,5.18,drive,21.41,front,LIDAR_ONLY
0,94.9250,cam_1,CAM_ONLY,18.3296,,16.5762,1.7534,,10.5777,,0,,18.30,7.26,warning,4.38,,CAMERA_ONLY
0,94.9971,cam_1,CAM_ONLY,18.2124,,16.5762,1.6362,,9.8708,,0,,14.07,8.11,warning,4.38,,CAMERA_ONLY
0,95.0628,cam_1,CAM_ONLY,17.9878,,16.5762,1.4117,,8.5161,,0,,9.74,9.76,warning,4.38,,CAMERA_ONLY
0,95.1308,cam_1,CAM_ONLY,18.0877,,16.5762,1.5115,,9.1186,,0,,20.25,3.34,warning,4.38,,CAMERA_ONLY
0,95.1308,t1988,LIDAR_ONLY,27.5079,27.5079,,,,,,,,20.25,3.34,drive,-29.19,front,LIDAR_ONLY
0,95.2322,cam_1,CAM_ONLY,18.0246,,16.5762,1.4484,,8.7377,,0,,20.30,27.34,warning,4.38,,CAMERA_ONLY
0,95.3121,cam_1,CAM_ONLY,18.6019,,16.5762,2.0257,,12.2205,,0,,13.31,13.92,warning,4.38,,CAMERA_ONLY
0,95.3795,cam_1,CAM_ONLY,18.7341,,16.5762,2.1579,,13.0182,,0,,13.85,2.50,warning,4.38,,CAMERA_ONLY
0,95.3795,t1988,LIDAR_ONLY,27.5158,27.5158,,,,,,,,13.85,2.50,drive,-29.24,front,LIDAR_ONLY
0,95.4430,t1997,BOTH,18.6713,16.8205,16.5762,2.0951,0.2443,12.6394,1.4737,0,1,12.17,4.24,warning,4.38,,FULL_ANGLE
0,95.4430,t1996,LIDAR_ONLY,17.9133,17.9133,73.6233,55.7101,55.7101,75.6690,75.6690,0,0,12.17,4.24,drive,20.04,front,LIDAR_ONLY
0,95.4430,t1996,LIDAR_ONLY,17.1097,17.1097,73.6233,56.5137,56.5137,76.7605,76.7605,0,0,12.17,4.24,drive,21.84,front,LIDAR_ONLY
0,95.4430,t1996,LIDAR_ONLY,16.8098,16.8098,73.6233,56.8135,56.8135,77.1678,77.1678,0,0,12.17,4.24,drive,22.69,front,LIDAR_ONLY
0,95.5109,cam_1,CAM_ONLY,18.6770,,16.5762,2.1008,,12.6738,,0,,10.80,10.28,warning,4.38,,CAMERA_ONLY
0,95.5814,cam_1,CAM_ONLY,18.8322,,16.5762,2.2560,,13.6098,,0,,16.96,2.66,warning,4.38,,CAMERA_ONLY
0,95.5814,t1988,LIDAR_ONLY,27.5192,27.5192,,,,,,,,16.96,2.66,drive,-29.13,front,LIDAR_ONLY
0,95.6617,cam_1,CAM_ONLY,18.7450,,16.5762,2.1688,,13.0839,,0,,13.61,13.92,warning,4.38,,CAMERA_ONLY
0,95.7320,cam_1,CAM_ONLY,18.9887,,16.5762,2.4125,,14.5540,,0,,13.43,4.39,warning,4.42,,CAMERA_ONLY
0,95.7320,t1988,LIDAR_ONLY,27.5213,27.5213,,,,,,,,13.43,4.39,drive,-29.24,front,LIDAR_ONLY
0,95.8124,cam_1,CAM_ONLY,18.9617,,16.5762,2.3855,,14.3908,,0,,15.04,14.62,warning,4.38,,CAMERA_ONLY
0,95.8887,t2004,BOTH,18.3310,16.8793,16.5762,1.7548,0.3031,10.5866,1.8288,0,1,20.43,3.80,warning,4.38,,FULL_ANGLE
0,95.9573,cam_1,CAM_ONLY,19.4275,,16.5762,2.8513,,17.2011,,0,,11.00,11.62,warning,4.38,,CAMERA_ONLY
0,96.0209,cam_1,CAM_ONLY,19.1930,,16.5762,2.6168,,15.7866,,0,,14.81,3.85,warning,4.38,,CAMERA_ONLY
0,96.0867,t2004,BOTH,18.2969,16.8767,16.5762,1.7208,0.3005,10.3809,1.8128,0,1,11.62,1.38,warning,4.38,,FULL_ANGLE
0,96.0867,t2009,LIDAR_ONLY,27.5373,27.5373,,,,,,,,11.62,1.38,drive,-29.16,front,LIDAR_ONLY
0,96.0867,t2010,LIDAR_ONLY,15.6632,15.6632,73.6233,57.9602,57.9602,78.7253,78.7253,0,0,11.62,1.38,drive,21.79,front,LIDAR_ONLY
0,96.0867,t2010,LIDAR_ONLY,14.3681,14.3681,73.6233,59.2553,59.2553,80.4843,80.4843,0,0,11.62,1.38,cautious,23.53,front,LIDAR_ONLY
0,96.0867,t2010,LIDAR_ONLY,14.5393,14.5393,73.6233,59.0840,59.0840,80.2518,80.2518,0,0,11.62,1.38,cautious,20.65,front,LIDAR_ONLY
0,96.1617,cam_1,CAM_ONLY,18.3322,,16.5762,1.7560,,10.5935,,0,,15.94,13.63,warning,4.38,,CAMERA_ONLY
0,96.2335,cam_1,CAM_ONLY,18.3055,,16.5762,1.7293,,10.4323,,0,,21.20,6.35,warning,4.38,,CAMERA_ONLY
0,96.2335,t2009,LIDAR_ONLY,27.5088,27.5088,,,,,,,,21.20,6.35,drive,-29.30,front,LIDAR_ONLY
0,96.3146,cam_1,CAM_ONLY,18.1842,,16.5762,1.6080,,9.7008,,0,,13.68,12.24,warning,4.38,,CAMERA_ONLY
0,96.3982,t2019,BOTH,18.7327,16.8590,16.5762,2.1565,0.2828,13.0099,1.7062,0,1,17.94,7.30,warning,4.38,,FULL_ANGLE
0,96.3982,t2018,LIDAR_ONLY,18.1602,18.1602,73.6233,55.4631,55.4631,75.3337,75.3337,0,0,17.94,7.30,drive,19.88,front,LIDAR_ONLY
0,96.4871,cam_1,CAM_ONLY,18.8273,,16.5762,2.2511,,13.5801,,0,,22.72,7.33,warning,4.38,,CAMERA_ONLY
0,96.4871,t2009,LIDAR_ONLY,27.5046,27.5046,,,,,,,,22.72,7.33,drive,-29.28,front,LIDAR_ONLY
0,96.5636,cam_1,CAM_ONLY,20.2485,,16.5762,3.6723,,22.1539,,0,,12.49,13.08,safe,4.38,,CAMERA_ONLY
0,96.6348,cam_1,CAM_ONLY,20.5118,,16.5770,3.9347,,23.7359,,0,,18.20,4.70,safe,4.38,,CAMERA_ONLY
0,96.6348,t2009,LIDAR_ONLY,27.5069,27.5069,,,,,,,,18.20,4.70,drive,-29.18,front,LIDAR_ONLY
0,96.7178,cam_1,CAM_ONLY,18.1198,,16.5756,1.5441,,9.3158,,0,,14.63,14.56,warning,4.38,,CAMERA_ONLY
0,96.7818,t2023,BOTH,17.6192,16.8338,16.5733,1.0458,0.2605,6.3104,1.5717,0,1,9.68,1.21,warning,4.38,,FULL_ANGLE
0,96.7818,t2009,LIDAR_ONLY,27.5129,27.5129,,,,,,,,9.68,1.21,drive,-29.14,front,LIDAR_ONLY
0,96.8389,t2023,BOTH,17.7847,16.8287,16.5734,1.2113,0.2553,7.3090,1.5407,0,1,9.35,1.65,warning,4.38,,FULL_ANGLE
0,96.8389,t2024,LIDAR_ONLY,10.8408,10.8408,73.6168,62.7761,62.7761,85.2741,85.2741,0,0,9.35,1.65,cautious,28.34,front,LIDAR_ONLY
0,96.8389,t2024,LIDAR_ONLY,10.9241,10.9241,73.6168,62.6927,62.6927,85.1608,85.1608,0,0,9.35,1.65,cautious,20.68,front,LIDAR_ONLY
0,96.8389,t2024,LIDAR_ONLY,11.0458,11.0458,73.6168,62.5710,62.5710,84.9955,84.9955,0,0,9.35,1.65,cautious,21.49,front,LIDAR_ONLY
0,96.8389,t2024,LIDAR_ONLY,11.1979,11.1979,73.6168,62.4189,62.4189,84.7889,84.7889,0,0,9.35,1.65,cautious,22.43,front,LIDAR_ONLY
0,96.8389,t2024,LIDAR_ONLY,11.3810,11.3810,73.6168,62.2358,62.2358,84.5402,84.5402,0,0,9.35,1.65,cautious,19.53,front,LIDAR_ONLY
0,96.9115,cam_1,CAM_ONLY,17.7184,,16.5734,1.1451,,6.9090,,0,,13.17,15.38,warning,4.38,,CAMERA_ONLY
0,96.9801,cam_1,CAM_ONLY,17.5025,,16.5734,0.9291,,5.6060,,1,,11.25,1.79,warning,4.38,,CAMERA_ONLY
0,96.9801,t2009,LIDAR_ONLY,27.5160,27.5160,,,,,,,,11.25,1.79,drive,-29.16,front,LIDAR_ONLY
0,97.0392,t2023,BOTH,18.0380,16.8290,16.5734,1.4646,0.2557,8.8373,1.5426,0,1,9.13,1.34,warning,4.38,,FULL_ANGLE
0,97.0392,t2024,LIDAR_ONLY,12.3079,12.3079,73.6168,61.3089,61.3089,83.2811,83.2811,0,0,9.13,1.34,cautious,25.09,front,LIDAR_ONLY
0,97.0392,t2024,LIDAR_ONLY,13.0700,13.0700,73.6168,60.5468,60.5468,82.2459,82.2459,0,0,9.13,1.34,cautious,19.70,front,LIDAR_ONLY
0,97.0392,t2024,LIDAR_ONLY,13.6545,13.6545,73.6168,59.9624,59.9624,81.4520,81.4520,0,0,9.13,1.34,cautious,20.85,front,LIDAR_ONLY
0,97.0392,t2024,LIDAR_ONLY,14.0527,14.0527,73.6168,59.5641,59.5641,80.9110,80.9110,0,0,9.13,1.34,cautious,22.56,front,LIDAR_ONLY
0,97.1135,cam_1,CAM_ONLY,17.7008,,16.5734,1.1274,,6.8026,,0,,12.67,16.47,warning,4.38,,CAMERA_ONLY
0,97.2181,cam_1,CAM_ONLY,18.1061,,16.5733,1.5327,,9.2483,,0,,24.51,19.43,warning,4.42,,CAMERA_ONLY
0,97.2956,t2023,BOTH,17.7067,16.8291,16.5733,1.1333,0.2557,6.8381,1.5430,0,1,18.89,7.31,warning,4.38,,FULL_ANGLE
0,97.2956,t2024,LIDAR_ONLY,14.4596,14.4596,73.6168,59.1572,59.1572,80.3583,80.3583,0,0,18.89,7.31,cautious,20.29,front,LIDAR_ONLY
0,97.3701,cam_1,CAM_ONLY,17.8570,,16.5733,1.2836,,7.7450,,0,,12.35,5.13,warning,4.38,,CAMERA_ONLY
0,97.4409,t2023,BOTH,17.9508,16.8233,16.5733,1.3774,0.2500,8.3111,1.5084,0,1,15.18,4.18,warning,4.38,,FULL_ANGLE
0,97.4409,t2024,LIDAR_ONLY,15.1888,15.1888,73.6168,58.4280,58.4280,79.3677,79.3677,0,0,15.18,4.18,cautious,20.08,front,LIDAR_ONLY
0,97.5206,cam_1,CAM_ONLY,17.8527,,16.5733,1.2794,,7.7195,,0,,21.30,3.14,warning,4.38,,CAMERA_ONLY
0,97.5800,cam_1,CAM_ONLY,17.7891,,16.5733,1.2157,,7.3356,,0,,9.57,3.53,warning,4.38,,CAMERA_ONLY
0,97.6462,cam_1,CAM_ONLY,18.0782,,16.5733,1.5049,,9.0800,,0,,11.48,6.77,warning,4.38,,CAMERA_ONLY
0,97.6462,t2024,LIDAR_ONLY,15.6558,15.6558,73.6168,57.9610,57.9610,78.7334,78.7334,0,0,11.48,6.77,cautious,20.70,front,LIDAR_ONLY
0,97.7152,cam_1,CAM_ONLY,18.0444,,16.5733,1.4711,,8.8763,,0,,13.23,6.36,warning,4.38,,CAMERA_ONLY
0,97.7810,cam_1,CAM_ONLY,18.0828,,16.5733,1.5094,,9.1074,,0,,11.95,5.13,warning,4.38,,CAMERA_ONLY
0,97.7810,t2037,LIDAR_ONLY,27.5005,27.5005,,,,,,,,11.95,5.13,drive,-29.28,front,LIDAR_ONLY
0,97.8650,cam_1,CAM_ONLY,17.7628,,16.5733,1.1894,,7.1766,,0,,10.62,13.39,warning,4.38,,CAMERA_ONLY
0,97.9341,t2042,BOTH,17.5234,16.8143,16.5733,0.9500,0.2409,5.7324,1.4536,1,1,12.29,1.43,warning,4.38,,FULL_ANGLE
0,97.9341,t2037,LIDAR_ONLY,27.4777,27.4777,,,,,,,,12.29,1.43,drive,-29.19,front,LIDAR_ONLY
0,97.9341,t2041,LIDAR_ONLY,13.9199,13.9199,73.6168,59.6969,59.6969,81.0914,81.0914,0,0,12.29,1.43,cautious,23.54,front,LIDAR_ONLY
0,98.0224,cam_1,CAM_ONLY,17.7891,,16.5733,1.2158,,7.3358,,0,,10.84,3.99,warning,4.38,,CAMERA_ONLY
0,98.1126,cam_1,CAM_ONLY,17.7954,,16.5733,1.2220,,7.3734,,0,,21.47,16.61,warning,4.38,,CAMERA_ONLY
0,98.1771,cam_1,CAM_ONLY,17.9241,,16.5733,1.3508,,8.1502,,0,,12.04,3.36,warning,4.38,,CAMERA_ONLY
0,98.1771,t2037,LIDAR_ONLY,27.4835,27.4835,,,,,,,,12.04,3.36,drive,-29.16,front,LIDAR_ONLY
0,98.2647,cam_1,CAM_ONLY,18.0784,,16.5733,1.5051,,9.0813,,0,,15.05,14.78,warning,4.38,,CAMERA_ONLY
0,98.3240,cam_1,CAM_ONLY,17.8839,,16.5733,1.3106,,7.9077,,0,,9.55,4.41,warning,4.38,,CAMERA_ONLY
0,98.3842,t2052,BOTH,17.9880,16.8312,16.5733,1.4146,0.2579,8.5355,1.5560,0,1,9.92,1.08,warning,4.38,,FULL_ANGLE
0,98.3842,t2051,LIDAR_ONLY,17.0673,17.0673,73.6168,56.5495,56.5495,76.8160,76.8160,0,0,9.92,1.08,drive,20.65,front,LIDAR_ONLY
0,98.3842,t2037,LIDAR_ONLY,27.4910,27.4910,,,,,,,,9.92,1.08,drive,-29.15,front,LIDAR_ONLY
0,98.4596,cam_1,CAM_ONLY,18.1353,,16.5733,1.5620,,9.4246,,0,,18.87,9.49,warning,4.38,,CAMERA_ONLY
0,98.5182,cam_1,CAM_ONLY,18.1806,,16.5733,1.6072,,9.6976,,0,,9.35,1.79,warning,4.42,,CAMERA_ONLY
0,98.5798,cam_1,CAM_ONLY,18.1491,,16.5733,1.5758,,9.5080,,0,,14.09,1.97,warning,4.38,,CAMERA_ONLY
0,98.5798,t2037,LIDAR_ONLY,27.4997,27.4997,,,,,,,,14.09,1.97,drive,-29.05,front,LIDAR_ONLY
0,98.6646,cam_1,CAM_ONLY,18.1196,,16.5733,1.5462,,9.3297,,0,,19.86,16.65,warning,4.38,,CAMERA_ONLY
0,98.7305,cam_1,CAM_ONLY,17.8115,,16.5733,1.2381,,7.4705,,0,,13.57,1.54,warning,4.38,,CAMERA_ONLY
0,98.7305,t2037,LIDAR_ONLY,27.5087,27.5087,49.7607,22.2520,22.2520,44.7181,44.7181,0,0,13.57,1.54,drive,-29.22,front,LIDAR_ONLY
0,98.8148,cam_1,CAM_ONLY,17.8569,,16.5733,1.2836,,7.7449,,0,,20.98,16.52,warning,4.38,,CAMERA_ONLY
0,98.8786,cam_1,CAM_ONLY,17.9449,,16.5733,1.3716,,8.2759,,0,,10.99,5.88,warning,4.38,,CAMERA_ONLY
0,98.9462,cam_1,CAM_ONLY,17.8888,,16.5733,1.3154,,7.9370,,0,,10.34,5.71,warning,4.38,,CAMERA_ONLY
0,98.9462,t2066,LIDAR_ONLY,18.1091,18.1091,73.6168,55.5077,55.5077,75.4009,75.4009,0,0,10.34,5.71,drive,19.92,front,LIDAR_ONLY
0,98.9462,t2066,LIDAR_ONLY,15.8694,15.8694,73.6168,57.7474,57.7474,78.4432,78.4432,0,0,10.34,5.71,drive,22.11,front,LIDAR_ONLY
0,98.9462,t2066,LIDAR_ONLY,15.8813,15.8813,73.6168,57.7355,57.7355,78.4271,78.4271,0,0,10.34,5.71,drive,20.47,front,LIDAR_ONLY
0,99.0139,cam_1,CAM_ONLY,17.7323,,16.5733,1.1590,,6.9929,,0,,13.96,6.00,warning,4.38,,CAMERA_ONLY
0,99.0807,cam_1,CAM_ONLY,17.6469,,16.5733,1.0736,,6.4778,,0,,16.46,3.02,warning,4.38,,CAMERA_ONLY
0,99.0807,t2067,LIDAR_ONLY,27.5829,27.5829,41.4787,13.8958,13.8958,33.5010,33.5010,0,0,16.46,3.02,drive,-29.02,front,LIDAR_ONLY
0,99.1566,cam_1,CAM_ONLY,17.6717,,16.5733,1.0984,,6.6273,,0,,16.92,13.45,warning,4.38,,CAMERA_ONLY
0,99.1566,t2066,LIDAR_ONLY,15.9107,15.9107,73.6168,57.7061,57.7061,78.3871,78.3871,0,0,16.92,13.45,drive,21.27,front,LIDAR_ONLY
0,99.2311,cam_1,CAM_ONLY,17.6296,,16.5733,1.0562,,6.3730,,0,,17.73,5.67,warning,4.38,,CAMERA_ONLY
0,99.3088,cam_1,CAM_ONLY,17.8390,,16.5733,1.2657,,7.6369,,0,,13.29,10.26,warning,4.38,,CAMERA_ONLY
0,99.3725,cam_1,CAM_ONLY,17.7277,,16.5733,1.1543,,6.9649,,0,,12.09,4.17,warning,4.38,,CAMERA_ONLY
0,99.4383,t2082,BOTH,17.8242,16.8513,16.5733,1.2508,0.2779,7.5473,1.6770,0,1,16.38,1.04,warning,4.38,,FULL_ANGLE
0,99.4383,t2081,LIDAR_ONLY,27.5833,27.5833,33.0507,5.4674,5.4674,16.5425,16.5425,0,0,16.38,1.04,drive,-29.07,front,LIDAR_ONLY
0,99.4949,t2082,BOTH,17.8246,16.8237,16.5733,1.2513,0.2503,7.5498,1.5104,0,1,9.49,4.32,warning,4.38,,FULL_ANGLE
0,99.4949,t2084,LIDAR_ONLY,15.6959,15.6959,73.6168,57.9209,57.9209,78.6789,78.6789,0,0,9.49,4.32,drive,21.78,front,LIDAR_ONLY
0,99.4949,t2084,LIDAR_ONLY,15.9052,15.9052,73.6168,57.7116,57.7116,78.3946,78.3946,0,0,9.49,4.32,drive,20.59,front,LIDAR_ONLY
0,99.5713,cam_1,CAM_ONLY,17.8040,,16.5733,1.2306,,7.4254,,0,,21.83,4.01,warning,4.38,,CAMERA_ONLY
0,99.6313,cam_1,CAM_ONLY,17.6488,,16.5733,1.0754,,6.4888,,0,,11.73,1.73,warning,4.38,,CAMERA_ONLY
0,99.6313,t2081,LIDAR_ONLY,27.5342,27.5342,,,,,,,,11.73,1.73,drive,-29.25,front,LIDAR_ONLY
0,99.6930,t2082,BOTH,17.8781,16.8248,16.5733,1.3047,0.2515,7.8723,1.5173,0,1,10.13,4.68,warning,4.38,,FULL_ANGLE
0,99.6930,t2084,LIDAR_ONLY,16.2526,16.2526,73.6168,57.3643,57.3643,77.9228,77.9228,0,0,10.13,4.68,drive,20.29,front,LIDAR_ONLY
0,99.7647,cam_1,CAM_ONLY,17.8089,,16.5733,1.2356,,7.4553,,0,,18.41,2.50,warning,4.38,,CAMERA_ONLY
0,99.8338,cam_1,CAM_ONLY,17.8060,,16.5733,1.2326,,7.4375,,0,,19.12,3.34,warning,4.38,,CAMERA_ONLY
0,99.8338,t2081,LIDAR_ONLY,27.4984,27.4984,,,,,,,,19.12,3.34,drive,-29.28,front,LIDAR_ONLY
0,99.9116,cam_1,CAM_ONLY,17.6192,,16.5733,1.0458,,6.3104,,0,,12.83,13.54,warning,4.38,,CAMERA_ONLY
0,99.9808,cam_1,CAM_ONLY,17.6211,,16.5733,1.0478,,6.3221,,0,,12.89,1.71,warning,4.38,,CAMERA_ONLY
0,99.9808,t2081,LIDAR_ONLY,27.4992,27.4992,,,,,,,,12.89,1.71,drive,-29.11,front,LIDAR_ONLY
0,100.0700,cam_1,CAM_ONLY,17.7213,,16.5733,1.1480,,6.9265,,0,,21.44,22.65,warning,4.38,,CAMERA_ONLY
0,100.1370,t2095,BOTH,17.8846,16.8442,16.5733,1.3112,0.2708,7.9117,1.6341,0,1,13.21,2.27,warning,4.38,,FULL_ANGLE
0,100.1370,t2094,LIDAR_ONLY,18.4112,18.4112,73.6168,55.2056,55.2056,74.9904,74.9904,0,0,13.21,2.27,drive,19.72,front,LIDAR_ONLY
0,100.2169,cam_1,CAM_ONLY,17.8196,,16.5733,1.2463,,7.5196,,0,,21.38,10.93,warning,4.38,,CAMERA_ONLY
0,100.3088,cam_1,CAM_ONLY,17.7387,,16.5733,1.1654,,7.0317,,0,,17.79,6.43,warning,4.42,,CAMERA_ONLY
0,100.3766,cam_1,CAM_ONLY,17.8299,,16.5733,1.2565,,7.5816,,0,,16.02,6.06,warning,4.38,,CAMERA_ONLY
0,100.4500,cam_1,CAM_ONLY,17.7069,,16.5733,1.1336,,6.8396,,0,,13.11,9.04,warning,4.38,,CAMERA_ONLY
0,100.5167,cam_1,CAM_ONLY,17.8946,,16.5733,1.3213,,7.9722,,0,,12.08,4.78,warning,4.38,,CAMERA_ONLY
0,100.5881,t2104,BOTH,17.9193,16.8287,16.5733,1.3459,0.2554,8.1209,1.5409,0,1,10.55,2.02,warning,4.38,,FULL_ANGLE
0,100.5881,t2103,LIDAR_ONLY,19.0828,19.0828,73.6168,54.5340,54.5340,74.0782,74.0782,0,0,10.55,2.02,drive,19.31,front,LIDAR_ONLY
0,100.5881,t2103,LIDAR_ONLY,17.7713,17.7713,73.6168,55.8455,55.8455,75.8597,75.8597,0,0,10.55,2.02,drive,20.52,front,LIDAR_ONLY
0,100.6644,cam_1,CAM_ONLY,17.9406,,16.5733,1.3673,,8.2497,,0,,13.04,13.10,warning,4.38,,CAMERA_ONLY
0,100.7343,cam_1,CAM_ONLY,17.8040,,16.5733,1.2307,,7.4255,,0,,12.68,3.51,warning,4.38,,CAMERA_ONLY
0,100.7343,t2107,LIDAR_ONLY,27.5183,27.5183,,,,,,,,12.68,3.51,drive,-29.15,front,LIDAR_ONLY
0,100.8176,cam_1,CAM_ONLY,17.8825,,16.5733,1.3091,,7.8988,,0,,15.87,8.45,warning,4.38,,CAMERA_ONLY
0,100.8871,t2114,BOTH,17.8963,16.8284,16.5733,1.3229,0.2550,7.9822,1.5387,0,1,17.63,2.05,warning,4.38,,FULL_ANGLE
0,100.8871,t2112,LIDAR_ONLY,10.3587,10.3587,,,,,,,,17.63,2.05,cautious,29.74,front,LIDAR_ONLY
0,100.8871,t2113,LIDAR_ONLY,18.4979,18.4979,73.6168,55.1190,55.1190,74.8728,74.8728,0,0,17.63,2.05,drive,19.67,front,LIDAR_ONLY
0,100.9657,cam_1,CAM_ONLY,17.8629,,16.5733,1.2896,,7.7811,,0,,12.78,17.02,warning,4.38,,CAMERA_ONLY
0,101.0361,t2114,BOTH,18.0856,16.8273,16.5733,1.5123,0.2539,9.1249,1.5322,0,1,18.00,1.87,warning,4.38,,FULL_ANGLE
0,101.0361,t2117,LIDAR_ONLY,27.4954,27.4954,,,,,,,,18.00,1.87,drive,-29.16,front,LIDAR_ONLY
0,101.0361,t2112,LIDAR_ONLY,10.4625,10.4625,,,,,,,,18.00,1.87,cautious,26.88,front,LIDAR_ONLY
0,101.0361,t2113,LIDAR_ONLY,17.1501,17.1501,73.6168,56.4667,56.4667,76.7036,76.7036,0,0,18.00,1.87,drive,20.93,front,LIDAR_ONLY
0,101.1100,cam_1,CAM_ONLY,17.9782,,16.5733,1.4048,,8.4765,,0,,15.51,12.26,warning,4.38,,CAMERA_ONLY
0,101.1827,t2114,BOTH,17.7668,16.8300,16.5733,1.1934,0.2566,7.2009,1.5484,0,1,18.36,1.28,warning,4.38,,FULL_ANGLE
0,101.1827,t2117,LIDAR_ONLY,27.5113,27.5113,,,,,,,,18.36,1.28,drive,-29.04,front,LIDAR_ONLY
0,101.1827,t2113,LIDAR_ONLY,16.8586,16.8586,73.6168,56.7583,56.7583,77.0996,77.0996,0,0,18.36,1.28,drive,21.26,front,LIDAR_ONLY
0,101.1827,t2113,LIDAR_ONLY,16.6230,16.6230,73.6168,56.9938,56.9938,77.4195,77.4195,0,0,18.36,1.28,drive,23.02,front,LIDAR_ONLY
0,101.1827,t2113,LIDAR_ONLY,16.0218,16.0218,73.6168,57.5950,57.5950,78.2362,78.2362,0,0,18.36,1.28,drive,24.26,front,LIDAR_ONLY
0,101.2504,cam_1,CAM_ONLY,17.6783,,16.5733,1.1050,,6.6673,,0,,12.47,9.01,warning,4.42,,CAMERA_ONLY
0,101.2504,t2113,LIDAR_ONLY,15.8753,15.8753,73.6168,57.7415,57.7415,78.4352,78.4352,0,0,12.47,9.01,drive,19.55,front,LIDAR_ONLY
0,101.3227,cam_1,CAM_ONLY,17.8173,,16.5733,1.2439,,7.5056,,0,,15.34,5.42,warning,4.38,,CAMERA_ONLY
0,101.4004,cam_1,CAM_ONLY,17.6991,,16.5733,1.1257,,6.7923,,0,,18.96,7.88,warning,4.38,,CAMERA_ONLY
0,101.4678,cam_1,CAM_ONLY,17.9207,,16.5733,1.3474,,8.1296,,0,,12.54,3.77,warning,4.38,,CAMERA_ONLY
0,101.5381,t2127,BOTH,17.7979,16.8477,16.5733,1.2246,0.2744,7.3889,1.6555,0,1,9.50,1.76,warning,4.38,,FULL_ANGLE
0,101.5381,t2126,LIDAR_ONLY,10.3878,10.3878,73.6168,63.2290,63.2290,85.8894,85.8894,0,0,9.50,1.76,cautious,29.39,front,LIDAR_ONLY
0,101.5381,t2126,LIDAR_ONLY,10.6306,10.6306,73.6168,62.9862,62.9862,85.5595,85.5595,0,0,9.50,1.76,cautious,19.90,front,LIDAR_ONLY
0,101.5381,t2126,LIDAR_ONLY,10.8562,10.8562,73.6168,62.7606,62.7606,85.2530,85.2530,0,0,9.50,1.76,cautious,23.06,front,LIDAR_ONLY
0,101.5381,t2126,LIDAR_ONLY,11.0536,11.0536,73.6168,62.5632,62.5632,84.9849,84.9849,0,0,9.50,1.76,cautious,21.85,front,LIDAR_ONLY
0,101.5381,t2126,LIDAR_ONLY,11.2077,11.2077,73.6168,62.4091,62.4091,84.7756,84.7756,0,0,9.50,1.76,cautious,21.28,front,LIDAR_ONLY
0,101.6174,cam_1,CAM_ONLY,17.9152,,16.5733,1.3418,,8.0963,,0,,12.86,13.60,warning,4.38,,CAMERA_ONLY
0,101.6887,t2127,BOTH,18.1704,16.8423,16.5733,1.5970,0.2690,9.6360,1.6229,0,1,10.61,3.11,warning,4.38,,FULL_ANGLE
0,101.6887,t2126,LIDAR_ONLY,12.8557,12.8557,73.6168,60.7611,60.7611,82.5370,82.5370,0,0,10.61,3.11,cautious,20.76,front,LIDAR_ONLY
0,101.7463,cam_1,CAM_ONLY,17.9587,,16.5733,1.3854,,8.3592,,0,,9.57,4.90,warning,4.38,,CAMERA_ONLY
0,101.8243,cam_1,CAM_ONLY,18.1445,,16.5733,1.5712,,9.4803,,0,,12.52,3.98,warning,4.38,,CAMERA_ONLY
0,101.9123,cam_1,CAM_ONLY,18.1145,,16.5733,1.5411,,9.2988,,0,,20.04,16.32,warning,4.38,,CAMERA_ONLY
0,101.9790,cam_1,CAM_ONLY,17.7102,,16.5733,1.1369,,6.8597,,0,,13.31,4.86,warning,4.38,,CAMERA_ONLY
0,102.0594,cam_1,CAM_ONLY,17.6977,,16.5733,1.1243,,6.7840,,0,,20.14,5.57,warning,4.42,,CAMERA_ONLY
0,102.1594,t2140,BOTH,17.9310,16.8410,16.5733,1.3577,0.2677,8.1918,1.6152,0,1,19.99,13.61,warning,4.38,,FULL_ANGLE
0,102.1594,t2139,LIDAR_ONLY,18.0651,18.0651,73.6168,55.5517,55.5517,75.4607,75.4607,0,0,19.99,13.61,drive,19.95,front,LIDAR_ONLY
0,102.2293,cam_1,CAM_ONLY,17.8342,,16.5733,1.2609,,7.6077,,0,,17.15,4.81,warning,4.38,,CAMERA_ONLY
0,102.3011,cam_1,CAM_ONLY,17.7430,,16.5733,1.1696,,7.0572,,0,,21.17,7.88,warning,4.38,,CAMERA_ONLY
0,102.3011,t2139,LIDAR_ONLY,17.1860,17.1860,73.6168,56.4308,56.4308,76.6548,76.6548,0,0,21.17,7.88,drive,20.87,front,LIDAR_ONLY
0,102.3723,cam_1,CAM_ONLY,17.8870,,16.5733,1.3136,,7.9263,,0,,13.40,3.14,warning,4.38,,CAMERA_ONLY
0,102.4581,cam_1,CAM_ONLY,18.1945,,16.5733,1.6211,,9.7815,,0,,15.44,12.85,warning,4.42,,CAMERA_ONLY
0,102.4581,t2139,LIDAR_ONLY,17.2367,17.2367,73.6168,56.3801,56.3801,76.5859,76.5859,0,0,15.44,12.85,drive,20.16,front,LIDAR_ONLY
0,102.5325,cam_1,CAM_ONLY,17.5188,,16.5733,0.9455,,5.7048,,1,,15.29,7.09,warning,4.38,,CAMERA_ONLY
0,102.5880,t2150,BOTH,17.7778,16.8402,16.5733,1.2044,0.2669,7.2673,1.6103,0,1,9.96,1.46,warning,4.38,,FULL_ANGLE
0,102.5880,t2139,LIDAR_ONLY,14.9150,14.9150,73.6168,58.7018,58.7018,79.7397,79.7397,0,0,9.96,1.46,drive,23.73,front,LIDAR_ONLY
0,102.6438,t2150,BOTH,18.1058,16.8297,16.5733,1.5324,0.2563,9.2464,1.5465,0,1,8.93,2.62,warning,4.38,,FULL_ANGLE
0,102.6438,t2139,LIDAR_ONLY,14.9827,14.9827,73.6168,58.6341,58.6341,79.6477,79.6477,0,0,8.93,2.62,drive,20.26,front,LIDAR_ONLY
0,102.7171,cam_1,CAM_ONLY,17.9950,,16.5733,1.4217,,8.5780,,0,,20.17,7.60,warning,4.38,,CAMERA_ONLY
0,102.7809,t2150,BOTH,18.2062,16.8316,16.5733,1.6328,0.2582,9.8520,1.5581,0,1,13.33,1.89,warning,4.38,,FULL_ANGLE
0,102.7809,t2151,LIDAR_ONLY,27.4875,27.4875,,,,,,,,13.33,1.89,drive,-29.26,front,LIDAR_ONLY
0,102.7809,t2139,LIDAR_ONLY,15.0294,15.0294,73.6168,58.5874,58.5874,79.5843,79.5843,0,0,13.33,1.89,drive,19.45,front,LIDAR_ONLY
0,102.7809,t2139,LIDAR_ONLY,15.0567,15.0567,73.6168,58.5601,58.5601,79.5472,79.5472,0,0,13.33,1.89,drive,21.20,front,LIDAR_ONLY
0,102.7809,t2139,LIDAR_ONLY,14.7589,14.7589,73.6168,58.8579,58.8579,79.9517,79.9517,0,0,13.33,1.89,drive,23.59,front,LIDAR_ONLY
0,102.8640,cam_1,CAM_ONLY,17.8883,,16.5733,1.3150,,7.9342,,0,,13.26,3.34,warning,4.38,,CAMERA_ONLY
0,102.9669,cam_1,CAM_ONLY,17.6980,,16.5733,1.1247,,6.7860,,0,,24.41,7.27,warning,4.38,,CAMERA_ONLY
0,103.0601,cam_1,CAM_ONLY,17.7765,,16.5733,1.2031,,7.2594,,0,,20.32,14.74,warning,4.38,,CAMERA_ONLY
0,103.1300,cam_1,CAM_ONLY,18.0476,,16.5733,1.4742,,8.8953,,0,,12.91,6.57,warning,4.38,,CAMERA_ONLY
0,103.1999,cam_1,CAM_ONLY,18.1140,,16.5733,1.5406,,9.2958,,0,,12.59,8.78,warning,4.38,,CAMERA_ONLY
0,103.1999,t2163,LIDAR_ONLY,16.4927,16.4927,73.6168,57.1241,57.1241,77.5965,77.5965,0,0,12.59,8.78,drive,21.10,front,LIDAR_ONLY
0,103.1999,t2163,LIDAR_ONLY,16.6347,16.6347,73.6168,56.9821,56.9821,77.4037,77.4037,0,0,12.59,8.78,drive,19.56,front,LIDAR_ONLY
0,103.2669,cam_1,CAM_ONLY,17.8428,,16.5733,1.2695,,7.6598,,0,,11.29,2.57,warning,4.38,,CAMERA_ONLY
0,103.3296,cam_1,CAM_ONLY,18.0498,,16.5733,1.4765,,8.9087,,0,,12.28,5.66,warning,4.38,,CAMERA_ONLY
0,103.3936,cam_1,CAM_ONLY,17.8362,,16.5733,1.2629,,7.6199,,0,,13.50,5.90,warning,4.38,,CAMERA_ONLY
0,103.3936,t2163,LIDAR_ONLY,16.8140,16.8140,73.6168,56.8028,56.8028,77.1601,77.1601,0,0,13.50,5.90,drive,20.33,front,LIDAR_ONLY
0,103.4628,cam_1,CAM_ONLY,18.0581,,16.5733,1.4847,,8.9585,,0,,15.79,4.06,warning,4.38,,CAMERA_ONLY
0,103.5329,t2167,BOTH,18.1680,16.8268,16.5733,1.5946,0.2534,9.6216,1.5292,0,1,15.06,1.38,warning,4.42,,FULL_ANGLE
0,103.5329,t2166,LIDAR_ONLY,27.5030,27.5030,,,,,,,,15.06,1.38,drive,-29.21,front,LIDAR_ONLY
0,103.6047,cam_1,CAM_ONLY,18.2335,,16.5733,1.6601,,10.0167,,0,,11.78,12.16,warning,4.42,,CAMERA_ONLY
0,103.6827,cam_1,CAM_ONLY,17.6528,,16.5733,1.0794,,6.5130,,0,,16.16,1.92,warning,4.38,,CAMERA_ONLY
0,103.6827,t2166,LIDAR_ONLY,27.5100,27.5100,,,,,,,,16.16,1.92,drive,-29.13,front,LIDAR_ONLY
0,103.7617,cam_1,CAM_ONLY,17.7655,,16.5733,1.1921,,7.1931,,0,,13.14,15.57,warning,4.38,,CAMERA_ONLY
0,103.8361,cam_1,CAM_ONLY,17.7471,,16.5733,1.1737,,7.0820,,0,,14.85,3.52,warning,4.38,,CAMERA_ONLY
0,103.9104,cam_1,CAM_ONLY,17.7508,,16.5733,1.1775,,7.1047,,0,,11.28,13.96,warning,4.38,,CAMERA_ONLY
0,103.9813,cam_1,CAM_ONLY,18.0486,,16.5733,1.4753,,8.9014,,0,,12.73,1.90,warning,4.38,,CAMERA_ONLY
0,103.9813,t2175,LIDAR_ONLY,27.5511,27.5511,,,,,,,,12.73,1.90,drive,-29.15,front,LIDAR_ONLY
0,104.0645,cam_1,CAM_ONLY,18.1464,,16.5733,1.5731,,9.4916,,0,,17.55,4.40,warning,4.42,,CAMERA_ONLY
0,104.1290,cam_1,CAM_ONLY,18.0435,,16.5733,1.4702,,8.8708,,0,,16.16,5.20,warning,4.38,,CAMERA_ONLY
0,104.1968,cam_1,CAM_ONLY,17.7942,,16.5733,1.2208,,7.3661,,0,,11.69,5.43,warning,4.38,,CAMERA_ONLY
0,104.1968,t2181,LIDAR_ONLY,17.5120,17.5120,73.6168,56.1048,56.1048,76.2119,76.2119,0,0,11.69,5.43,drive,20.33,front,LIDAR_ONLY
0,104.1968,t2181,LIDAR_ONLY,17.2837,17.2837,73.6168,56.3331,56.3331,76.5220,76.5220,0,0,11.69,5.43,drive,21.27,front,LIDAR_ONLY
0,104.2720,cam_1,CAM_ONLY,18.1155,,16.5733,1.5422,,9.3052,,0,,16.54,9.84,warning,4.38,,CAMERA_ONLY
0,104.3308,cam_1,CAM_ONLY,18.0055,,16.5733,1.4321,,8.6410,,0,,15.72,2.08,warning,4.38,,CAMERA_ONLY
0,104.3308,t2184,LIDAR_ONLY,27.5108,27.5108,,,,,,,,15.72,2.08,drive,-29.23,front,LIDAR_ONLY
0,104.4078,cam_1,CAM_ONLY,18.1357,,16.5733,1.5623,,9.4267,,0,,16.10,11.28,warning,4.38,,CAMERA_ONLY
0,104.4782,cam_1,CAM_ONLY,18.2296,,16.5733,1.6563,,9.9935,,0,,17.67,6.86,warning,4.42,,CAMERA_ONLY
0,104.5642,cam_1,CAM_ONLY,17.6736,,16.5733,1.1002,,6.6385,,0,,19.55,16.28,warning,4.42,,CAMERA_ONLY
0,104.6331,cam_1,CAM_ONLY,17.8903,,16.5733,1.3169,,7.9462,,0,,20.68,2.65,warning,4.38,,CAMERA_ONLY
0,104.6331,t2192,LIDAR_ONLY,27.5590,27.5590,,,,,,,,20.68,2.65,drive,-29.14,front,LIDAR_ONLY
0,104.7123,cam_1,CAM_ONLY,17.9424,,16.5733,1.3691,,8.2606,,0,,13.89,16.62,warning,4.38,,CAMERA_ONLY
0,104.7724,cam_1,CAM_ONLY,17.7788,,16.5733,1.2054,,7.2732,,0,,9.44,3.86,warning,4.38,,CAMERA_ONLY
0,104.8503,t2200,BOTH,17.8727,16.8537,16.5733,1.2993,0.2804,7.8398,1.6917,0,1,13.58,8.60,warning,4.38,,FULL_ANGLE
0,104.8503,t2199,LIDAR_ONLY,18.0426,18.0426,73.6168,55.5742,55.5742,75.4912,75.4912,0,0,13.58,8.60,drive,19.97,front,LIDAR_ONLY
0,104.9151,cam_1,CAM_ONLY,17.9512,,16.5733,1.3779,,8.3139,,0,,11.48,7.40,warning,4.38,,CAMERA_ONLY
0,104.9779,cam_1,CAM_ONLY,17.9031,,16.5733,1.3297,,8.0233,,0,,12.99,5.99,warning,4.38,,CAMERA_ONLY
0,105.0684,cam_1,CAM_ONLY,17.8822,,16.5733,1.3089,,7.8974,,0,,23.16,16.96,warning,4.38,,CAMERA_ONLY
0,105.1313,cam_1,CAM_ONLY,17.9671,,16.5733,1.3938,,8.4099,,0,,12.05,4.21,warning,4.38,,CAMERA_ONLY
0,105.1313,t2207,LIDAR_ONLY,27.5599,27.5599,,,,,,,,12.05,4.21,drive,-29.15,front,LIDAR_ONLY
0,105.1977,cam_1,CAM_ONLY,18.0117,,16.5733,1.4383,,8.6785,,0,,13.02,7.66,warning,4.38,,CAMERA_ONLY
0,105.1977,t2212,LIDAR_ONLY,17.2615,17.2615,73.6168,56.3554,56.3554,76.5523,76.5523,0,0,13.02,7.66,drive,20.51,front,LIDAR_ONLY
0,105.1977,t2212,LIDAR_ONLY,17.2247,17.2247,73.6168,56.3921,56.3921,76.6022,76.6022,0,0,13.02,7.66,drive,21.52,front,LIDAR_ONLY
0,105.2661,cam_1,CAM_ONLY,17.7963,,16.5733,1.2230,,7.3793,,0,,12.41,2.82,warning,4.38,,CAMERA_ONLY
0,105.3313,cam_1,CAM_ONLY,17.9092,,16.5733,1.3359,,8.0603,,0,,15.05,5.55,warning,4.38,,CAMERA_ONLY
0,105.4042,cam_1,CAM_ONLY,18.0691,,16.5733,1.4957,,9.0249,,0,,11.93,11.76,warning,4.38,,CAMERA_ONLY
0,105.4662,cam_1,CAM_ONLY,18.2089,,16.5733,1.6356,,9.8686,,0,,12.22,2.23,warning,4.42,,CAMERA_ONLY
0,105.5282,cam_1,CAM_ONLY,18.0865,,16.5733,1.5132,,9.1303,,0,,10.12,5.20,warning,4.38,,CAMERA_ONLY
0,105.5996,cam_1,CAM_ONLY,18.0952,,16.5733,1.5219,,9.1828,,0,,10.57,11.52,warning,4.38,,CAMERA_ONLY
0,105.6780,cam_1,CAM_ONLY,18.1947,,16.5733,1.6214,,9.7831,,0,,16.85,6.23,warning,4.42,,CAMERA_ONLY
0,105.7653,cam_1,CAM_ONLY,17.8606,,16.5733,1.2872,,7.7670,,0,,14.66,11.45,warning,4.38,,CAMERA_ONLY
0,105.8328,t2224,BOTH,17.8434,16.8217,16.5733,1.2701,0.2483,7.6635,1.4984,0,1,15.56,1.10,warning,4.38,,FULL_ANGLE
0,105.8328,t2223,LIDAR_ONLY,27.5335,27.5335,,,,,,,,15.56,1.10,drive,-29.17,front,LIDAR_ONLY
0,105.9071,cam_1,CAM_ONLY,17.7042,,16.5733,1.1309,,6.8235,,0,,16.61,12.90,warning,4.38,,CAMERA_ONLY
0,105.9718,cam_1,CAM_ONLY,17.7267,,16.5733,1.1534,,6.9591,,0,,10.67,3.98,warning,4.38,,CAMERA_ONLY
0,106.0454,cam_1,CAM_ONLY,17.8111,,16.5733,1.2377,,7.4682,,0,,19.18,7.72,warning,4.38,,CAMERA_ONLY
0,106.1177,cam_1,CAM_ONLY,17.8308,,16.5733,1.2574,,7.5869,,0,,16.74,3.07,warning,4.38,,CAMERA_ONLY
0,106.1738,cam_1,CAM_ONLY,17.7590,,16.5733,1.1856,,7.1539,,0,,10.09,1.87,warning,4.38,,CAMERA_ONLY
0,106.1738,t2234,LIDAR_ONLY,27.5506,27.5506,,,,,,,,10.09,1.87,drive,-29.04,front,LIDAR_ONLY
0,106.2326,t2237,BOTH,18.2026,16.8162,16.5733,1.6292,0.2429,9.8305,1.4656,0,1,12.29,1.26,warning,4.42,,FULL_ANGLE
0,106.2326,t2234,LIDAR_ONLY,27.5303,27.5303,,,,,,,,12.29,1.26,drive,-29.11,front,LIDAR_ONLY
0,106.3136,cam_1,CAM_ONLY,18.1978,,16.5733,1.6245,,9.8017,,0,,13.25,17.25,warning,4.42,,CAMERA_ONLY
0,106.3900,t2237,BOTH,17.8790,16.8174,16.5733,1.3056,0.2441,7.8778,1.4728,0,1,18.72,2.86,warning,4.38,,FULL_ANGLE
0,106.3900,t2234,LIDAR_ONLY,27.5188,27.5188,,,,,,,,18.72,2.86,drive,-29.26,front,LIDAR_ONLY
0,106.4615,cam_1,CAM_ONLY,18.1185,,16.5733,1.5452,,9.3232,,0,,16.03,4.78,warning,4.42,,CAMERA_ONLY
0,106.5312,cam_1,CAM_ONLY,17.7414,,16.5733,1.1680,,7.0475,,0,,16.83,6.92,warning,4.38,,CAMERA_ONLY
0,106.6098,cam_1,CAM_ONLY,17.8046,,16.5733,1.2313,,7.4292,,0,,18.20,14.82,warning,4.38,,CAMERA_ONLY
0,106.6723,cam_1,CAM_ONLY,17.8833,,16.5733,1.3100,,7.9042,,0,,12.37,7.01,warning,4.38,,CAMERA_ONLY
0,106.7301,cam_1,CAM_ONLY,17.9157,,16.5733,1.3423,,8.0994,,0,,9.31,2.56,warning,4.38,,CAMERA_ONLY
0,106.7301,t2251,LIDAR_ONLY,27.4868,27.4868,,,,,,,,9.31,2.56,drive,-29.15,front,LIDAR_ONLY
0,106.7987,cam_1,CAM_ONLY,17.8060,,16.5733,1.2327,,7.4378,,0,,12.99,8.98,warning,4.38,,CAMERA_ONLY
0,106.8657,cam_1,CAM_ONLY,17.7231,,16.5733,1.1498,,6.9376,,0,,12.57,2.71,warning,4.38,,CAMERA_ONLY
0,106.9296,cam_1,CAM_ONLY,17.7730,,16.5733,1.1997,,7.2386,,0,,12.78,5.70,warning,4.38,,CAMERA_ONLY
0,107.0176,cam_1,CAM_ONLY,17.7173,,16.5733,1.1440,,6.9026,,0,,16.86,13.56,warning,4.38,,CAMERA_ONLY
0,107.0820,cam_1,CAM_ONLY,18.0618,,16.5733,1.4884,,8.9808,,0,,12.60,1.63,warning,4.38,,CAMERA_ONLY
0,107.0820,t2260,LIDAR_ONLY,27.4939,27.4939,,,,,,,,12.60,1.63,drive,-29.23,front,LIDAR_ONLY
0,107.1663,cam_1,CAM_ONLY,18.2181,,16.5733,1.6448,,9.9244,,0,,14.26,9.18,warning,4.42,,CAMERA_ONLY
0,107.2280,cam_1,CAM_ONLY,18.0459,,16.5733,1.4725,,8.8848,,0,,9.55,6.99,warning,4.38,,CAMERA_ONLY
0,107.2280,t2260,LIDAR_ONLY,27.4885,27.4885,,,,,,,,9.55,6.99,drive,-29.37,front,LIDAR_ONLY
0,107.3102,cam_1,CAM_ONLY,17.8365,,16.5733,1.2632,,7.6217,,0,,19.13,5.49,warning,4.38,,CAMERA_ONLY
0,107.3857,t2265,BOTH,17.7745,16.8381,16.5733,1.2012,0.2648,7.2475,1.5977,0,1,19.13,1.15,warning,4.38,,FULL_ANGLE
0,107.3857,t2260,LIDAR_ONLY,27.4919,27.4919,,,,,,,,19.13,1.15,drive,-29.14,front,LIDAR_ONLY
0,107.4588,cam_1,CAM_ONLY,17.6463,,16.5733,1.0729,,6.4737,,0,,14.09,13.61,warning,4.38,,CAMERA_ONLY
0,107.5185,cam_1,CAM_ONLY,17.8475,,16.5733,1.2742,,7.6880,,0,,10.74,2.24,warning,4.38,,CAMERA_ONLY
0,107.5797,cam_1,CAM_ONLY,17.6642,,16.5733,1.0909,,6.5821,,0,,11.83,4.33,warning,4.38,,CAMERA_ONLY
0,107.6378,t2276,BOTH,17.8382,16.8538,16.5733,1.2648,0.2804,7.6317,1.6921,0,1,12.71,2.28,warning,4.38,,FULL_ANGLE
0,107.7131,cam_1,CAM_ONLY,18.1654,,16.5733,1.5921,,9.6063,,0,,13.09,14.93,warning,4.42,,CAMERA_ONLY
0,107.7813,cam_1,CAM_ONLY,17.6468,,16.5733,1.0735,,6.4772,,0,,12.25,2.32,warning,4.38,,CAMERA_ONLY
0,107.7813,t2281,LIDAR_ONLY,27.5409,27.5409,,,,,,,,12.25,2.32,drive,-29.15,front,LIDAR_ONLY
0,107.8451,t2276,BOTH,17.6251,16.8380,16.5733,1.0517,0.2647,6.3460,1.5970,0,1,12.72,4.28,warning,4.38,,FULL_ANGLE
0,107.8451,t2284,LIDAR_ONLY,17.9448,17.9448,73.6168,55.6721,55.6721,75.6241,75.6241,0,0,12.72,4.28,drive,20.03,front,LIDAR_ONLY
0,107.9152,cam_1,CAM_ONLY,18.0627,,16.5733,1.4893,,8.9862,,0,,11.82,8.13,warning,4.42,,CAMERA_ONLY
0,107.9812,cam_1,CAM_ONLY,17.7341,,16.5733,1.1607,,7.0034,,0,,15.00,1.70,warning,4.38,,CAMERA_ONLY
0,107.9812,t2281,LIDAR_ONLY,27.5345,27.5345,,,,,,,,15.00,1.70,drive,-29.20,front,LIDAR_ONLY
0,108.0448,cam_1,CAM_ONLY,17.7964,,16.5733,1.2230,,7.3795,,0,,9.18,4.88,warning,4.38,,CAMERA_ONLY
0,108.0448,t2284,LIDAR_ONLY,17.3665,17.3665,73.6168,56.2503,56.2503,76.4096,76.4096,0,0,9.18,4.88,drive,20.69,front,LIDAR_ONLY
0,108.1150,cam_1,CAM_ONLY,18.1633,,16.5733,1.5900,,9.5935,,0,,12.99,9.10,warning,4.42,,CAMERA_ONLY
0,108.1967,cam_1,CAM_ONLY,17.6991,,16.5733,1.1258,,6.7926,,0,,12.93,7.87,warning,4.38,,CAMERA_ONLY
0,108.2641,cam_1,CAM_ONLY,17.7645,,16.5733,1.1912,,7.1873,,0,,12.01,5.82,warning,4.38,,CAMERA_ONLY
0,108.3299,cam_1,CAM_ONLY,17.8383,,16.5733,1.2649,,7.6323,,0,,12.49,4.20,warning,4.38,,CAMERA_ONLY
0,108.3846,cam_1,CAM_ONLY,17.7880,,16.5733,1.2147,,7.3292,,0,,9.29,1.97,warning,4.38,,CAMERA_ONLY
0,108.3846,t2291,LIDAR_ONLY,27.5442,27.5442,,,,,,,,9.29,1.97,drive,-29.21,front,LIDAR_ONLY
0,108.4410,t2295,BOTH,18.2849,16.8335,16.5733,1.7115,0.2602,10.3271,1.5698,0,1,10.05,3.23,warning,4.42,,FULL_ANGLE
0,108.4410,t2294,LIDAR_ONLY,17.9938,17.9938,73.6168,55.6230,55.6230,75.5575,75.5575,0,0,10.05,3.23,drive,20.00,front,LIDAR_ONLY
0,108.4410,t2294,LIDAR_ONLY,16.5246,16.5246,73.6168,57.0922,57.0922,77.5532,77.5532,0,0,10.05,3.23,drive,22.04,front,LIDAR_ONLY
0,108.5131,cam_1,CAM_ONLY,18.5110,,16.5733,1.9377,,11.6916,,0,,12.82,12.66,warning,4.42,,CAMERA_ONLY
0,108.5830,cam_1,CAM_ONLY,18.2821,,16.5733,1.7087,,10.3101,,0,,17.27,1.86,warning,4.42,,CAMERA_ONLY
0,108.5830,t2291,LIDAR_ONLY,27.5469,27.5469,,,,,,,,17.27,1.86,drive,-29.08,front,LIDAR_ONLY
0,108.6531,cam_1,CAM_ONLY,18.2928,,16.5733,1.7194,,10.3746,,0,,14.78,10.83,warning,4.42,,CAMERA_ONLY
0,108.7291,cam_1,CAM_ONLY,17.7731,,16.5733,1.1998,,7.2392,,0,,14.96,6.14,warning,4.38,,CAMERA_ONLY
0,108.8058,cam_1,CAM_ONLY,17.9450,,16.5733,1.3717,,8.2765,,0,,10.74,10.82,warning,4.38,,CAMERA_ONLY
0,108.8647,cam_1,CAM_ONLY,17.8876,,16.5733,1.3142,,7.9299,,0,,10.71,3.20,warning,4.38,,CAMERA_ONLY
0,108.9320,t2306,BOTH,17.8798,16.8350,16.5733,1.3064,0.2617,7.8826,1.5788,0,1,12.29,1.38,warning,4.38,,FULL_ANGLE
0,108.9320,t2305,LIDAR_ONLY,27.4038,27.4038,,,,,,,,12.29,1.38,drive,-29.27,front,LIDAR_ONLY
0,109.0085,cam_1,CAM_ONLY,17.7642,,16.5733,1.1909,,7.1856,,0,,18.96,6.91,warning,4.38,,CAMERA_ONLY
0,109.0926,t2306,BOTH,18.0477,16.8353,16.5733,1.4744,0.2619,8.8959,1.5805,0,1,20.36,5.90,warning,4.38,,FULL_ANGLE
0,109.0926,t2310,LIDAR_ONLY,17.2649,17.2649,73.6168,56.3519,56.3519,76.5476,76.5476,0,0,20.36,5.90,drive,20.51,front,LIDAR_ONLY
0,109.0926,t2310,LIDAR_ONLY,16.2927,16.2927,73.6168,57.3241,57.3241,77.8682,77.8682,0,0,20.36,5.90,drive,22.71,front,LIDAR_ONLY
0,109.1630,cam_1,CAM_ONLY,18.0817,,16.5733,1.5083,,9.1008,,0,,11.85,10.45,warning,4.42,,CAMERA_ONLY
0,109.2242,cam_1,CAM_ONLY,17.8964,,16.5733,1.3230,,7.9827,,0,,10.81,4.51,warning,4.38,,CAMERA_ONLY
0,109.2823,cam_1,CAM_ONLY,18.1506,,16.5733,1.5773,,9.5169,,0,,10.20,1.48,warning,4.38,,CAMERA_ONLY
0,109.2823,t2315,LIDAR_ONLY,27.5160,27.5160,,,,,,,,10.20,1.48,drive,-29.22,front,LIDAR_ONLY
0,109.3418,t2322,BOTH,17.7759,16.8244,16.5733,1.2025,0.2511,7.2558,1.5149,0,1,10.03,6.92,warning,4.38,,FULL_ANGLE
0,109.3418,t2321,LIDAR_ONLY,17.3696,17.3696,73.6168,56.2472,56.2472,76.4054,76.4054,0,0,10.03,6.92,drive,20.43,front,LIDAR_ONLY
0,109.4073,cam_1,CAM_ONLY,17.8442,,16.5733,1.2709,,7.6682,,0,,11.70,6.77,warning,4.38,,CAMERA_ONLY
0,109.4816,cam_1,CAM_ONLY,17.8423,,16.5733,1.2690,,7.6568,,0,,12.73,6.15,warning,4.38,,CAMERA_ONLY
0,109.5585,cam_1,CAM_ONLY,18.2038,,16.5733,1.6304,,9.8375,,0,,16.18,14.73,warning,4.42,,CAMERA_ONLY
0,109.6381,cam_1,CAM_ONLY,17.7993,,16.5733,1.2259,,7.3970,,0,,19.95,8.97,warning,4.38,,CAMERA_ONLY
0,109.6381,t2329,LIDAR_ONLY,27.4879,27.4879,,,,,,,,19.95,8.97,drive,-29.28,front,LIDAR_ONLY
0,109.7085,cam_1,CAM_ONLY,17.6518,,16.5733,1.0784,,6.5069,,0,,14.71,9.54,warning,4.38,,CAMERA_ONLY
0,109.7700,cam_1,CAM_ONLY,17.6717,,16.5733,1.0984,,6.6273,,0,,9.76,2.65,warning,4.38,,CAMERA_ONLY
0,109.8301,cam_1,CAM_ONLY,17.7884,,16.5733,1.2150,,7.3311,,0,,11.54,2.33,warning,4.38,,CAMERA_ONLY
0,109.8301,t2329,LIDAR_ONLY,27.5006,27.5006,,,,,,,,11.54,2.33,drive,-28.99,front,LIDAR_ONLY
0,109.8910,t2339,BOTH,18.1081,16.8181,16.5733,1.5347,0.2448,9.2602,1.4769,0,1,10.55,3.15,warning,4.42,,FULL_ANGLE
0,109.8910,t2338,LIDAR_ONLY,17.3089,17.3089,73.6168,56.3079,56.3079,76.4879,76.4879,0,0,10.55,3.15,drive,20.48,front,LIDAR_ONLY
0,109.9651,cam_1,CAM_ONLY,17.9950,,16.5733,1.4217,,8.5782,,0,,15.65,5.30,warning,4.38,,CAMERA_ONLY
0,110.0590,cam_1,CAM_ONLY,18.2027,,16.5733,1.6293,,9.8311,,0,,22.67,15.34,warning,4.42,,CAMERA_ONLY
0,110.0590,t2338,LIDAR_ONLY,17.1508,17.1508,73.6168,56.4660,56.4660,76.7026,76.7026,0,0,22.67,15.34,drive,20.72,front,LIDAR_ONLY
0,110.1293,cam_1,CAM_ONLY,17.6752,,16.5733,1.1019,,6.6485,,0,,17.01,1.59,warning,4.38,,CAMERA_ONLY
0,110.1293,t2343,LIDAR_ONLY,27.5522,27.5522,,,,,,,,17.01,1.59,drive,-29.23,front,LIDAR_ONLY
0,110.2013,cam_1,CAM_ONLY,17.6461,,16.5733,1.0727,,6.4727,,0,,14.32,8.90,warning,4.38,,CAMERA_ONLY
0,110.2013,t2338,LIDAR_ONLY,16.9157,16.9157,73.6168,56.7012,56.7012,77.0220,77.0220,0,0,14.32,8.90,drive,20.95,front,LIDAR_ONLY
0,110.2807,cam_1,CAM_ONLY,17.8230,,16.5733,1.2496,,7.5399,,0,,12.31,6.37,warning,4.38,,CAMERA_ONLY
0,110.3649,cam_1,CAM_ONLY,17.9269,,16.5733,1.3535,,8.1668,,0,,18.84,12.57,warning,4.38,,CAMERA_ONLY
0,110.4272,cam_1,CAM_ONLY,17.8366,,16.5733,1.2633,,7.6224,,0,,10.73,4.68,warning,4.38,,CAMERA_ONLY
0,110.5082,cam_1,CAM_ONLY,18.1742,,16.5733,1.6009,,9.6593,,0,,15.31,14.89,warning,4.42,,CAMERA_ONLY
0,110.5792,cam_1,CAM_ONLY,18.1463,,16.5733,1.5729,,9.4908,,0,,11.89,5.69,warning,4.38,,CAMERA_ONLY
0,110.6612,cam_1,CAM_ONLY,17.6094,,16.5733,1.0361,,6.2515,,0,,11.36,8.78,warning,4.38,,CAMERA_ONLY
0,110.7350,t2354,BOTH,17.8035,16.8272,16.5733,1.2301,0.2539,7.4222,1.5318,0,1,18.53,1.45,warning,4.38,,FULL_ANGLE
0,110.7350,t2352,LIDAR_ONLY,27.5470,27.5470,,,,,,,,18.53,1.45,drive,-29.11,front,LIDAR_ONLY
0,110.7350,t2353,LIDAR_ONLY,12.6571,12.6571,73.6168,60.9597,60.9597,82.8068,82.8068,0,0,18.53,1.45,cautious,25.14,front,LIDAR_ONLY
0,110.7350,t2353,LIDAR_ONLY,12.7845,12.7845,73.6168,60.8323,60.8323,82.6338,82.6338,0,0,18.53,1.45,cautious,19.65,front,LIDAR_ONLY
0,110.8055,cam_1,CAM_ONLY,17.6847,,16.5733,1.1114,,6.7058,,0,,10.31,11.35,warning,4.38,,CAMERA_ONLY
0,110.8712,cam_1,CAM_ONLY,17.6773,,16.5733,1.1039,,6.6607,,0,,15.95,4.08,warning,4.38,,CAMERA_ONLY
0,110.9322,cam_1,CAM_ONLY,17.6133,,16.5733,1.0400,,6.2751,,0,,12.30,2.66,warning,4.38,,CAMERA_ONLY
0,110.9322,t2352,LIDAR_ONLY,27.4980,27.4980,,,,,,,,12.30,2.66,drive,-29.33,front,LIDAR_ONLY
0,111.0034,cam_1,CAM_ONLY,17.6614,,16.5733,1.0881,,6.5653,,0,,12.31,10.65,warning,4.42,,CAMERA_ONLY
0,111.0701,cam_1,CAM_ONLY,17.7474,,16.5733,1.1741,,7.0840,,0,,14.27,7.37,warning,4.38,,CAMERA_ONLY
0,111.1420,t2365,BOTH,17.5642,16.8046,16.5733,0.9909,0.2312,5.9788,1.3951,1,1,11.90,3.75,warning,4.42,,FULL_ANGLE
0,111.1420,t2364,LIDAR_ONLY,18.8853,18.8853,73.6168,54.7315,54.7315,74.3465,74.3465,0,0,11.90,3.75,drive,19.43,front,LIDAR_ONLY
0,111.2110,cam_1,CAM_ONLY,17.7143,,16.5733,1.1410,,6.8843,,0,,10.61,11.45,warning,4.38,,CAMERA_ONLY
0,111.2815,t2365,BOTH,17.7274,16.8056,16.5733,1.1540,0.2322,6.9632,1.4011,0,1,14.98,1.68,warning,4.38,,FULL_ANGLE
0,111.2815,t2369,LIDAR_ONLY,27.5350,27.5350,,,,,,,,14.98,1.68,drive,-29.16,front,LIDAR_ONLY
0,111.2815,t2364,LIDAR_ONLY,16.9840,16.9840,73.6168,56.6328,56.6328,76.9292,76.9292,0,0,14.98,1.68,drive,21.09,front,LIDAR_ONLY
0,111.3607,cam_1,CAM_ONLY,18.0424,,16.5733,1.4691,,8.8642,,0,,15.30,13.58,warning,4.42,,CAMERA_ONLY
0,111.4375,t2365,BOTH,17.8854,16.8086,16.5733,1.3121,0.2353,7.9168,1.4195,0,1,23.00,2.70,warning,4.38,,FULL_ANGLE
0,111.4375,t2369,LIDAR_ONLY,27.5255,27.5255,,,,,,,,23.00,2.70,drive,-29.14,front,LIDAR_ONLY
0,111.4375,t2364,LIDAR_ONLY,13.3003,13.3003,73.6168,60.3165,60.3165,81.9330,81.9330,0,0,23.00,2.70,cautious,26.10,front,LIDAR_ONLY
0,111.4375,t2364,LIDAR_ONLY,13.3996,13.3996,73.6168,60.2172,60.2172,81.7982,81.7982,0,0,23.00,2.70,cautious,19.76,front,LIDAR_ONLY
0,111.4375,t2364,LIDAR_ONLY,13.5397,13.5397,73.6168,60.0771,60.0771,81.6079,81.6079,0,0,23.00,2.70,cautious,20.91,front,LIDAR_ONLY
0,111.4375,t2364,LIDAR_ONLY,13.5858,13.5858,73.6168,60.0311,60.0311,81.5453,81.5453,0,0,23.00,2.70,cautious,22.11,front,LIDAR_ONLY
0,111.5209,cam_1,CAM_ONLY,18.1761,,16.5733,1.6028,,9.6707,,0,,15.69,5.44,warning,4.42,,CAMERA_ONLY
0,111.5791,cam_1,CAM_ONLY,18.2874,,16.5733,1.7140,,10.3422,,0,,10.84,3.20,warning,4.42,,CAMERA_ONLY
0,111.6377,t2365,BOTH,18.2384,16.8105,16.5733,1.6651,0.2372,10.0469,1.4311,0,1,11.54,1.93,warning,4.42,,FULL_ANGLE
0,111.6377,t2364,LIDAR_ONLY,13.5834,13.5834,73.6168,60.0334,60.0334,81.5485,81.5485,0,0,11.54,1.93,cautious,20.64,front,LIDAR_ONLY
0,111.7137,cam_1,CAM_ONLY,17.9445,,16.5733,1.3712,,8.2735,,0,,12.58,14.73,warning,4.38,,CAMERA_ONLY
0,111.8194,cam_1,CAM_ONLY,18.2317,,16.5733,1.6584,,10.0063,,0,,17.10,18.37,warning,4.42,,CAMERA_ONLY
0,111.9044,cam_1,CAM_ONLY,17.7480,,16.5733,1.1747,,7.0878,,0,,19.41,13.07,warning,4.38,,CAMERA_ONLY
0,111.9662,cam_1,CAM_ONLY,17.8328,,16.5733,1.2594,,7.5992,,0,,12.01,2.14,warning,4.38,,CAMERA_ONLY
0,112.0312,cam_1,CAM_ONLY,17.7866,,16.5733,1.2133,,7.3207,,0,,9.93,1.12,warning,4.38,,CAMERA_ONLY
0,112.0312,t2389,LIDAR_ONLY,27.4602,27.4602,,,,,,,,9.93,1.12,drive,-29.28,front,LIDAR_ONLY
0,112.1297,cam_1,CAM_ONLY,17.9350,,16.5733,1.3616,,8.2159,,0,,24.24,8.74,warning,4.38,,CAMERA_ONLY
0,112.2156,cam_1,CAM_ONLY,17.9811,,16.5733,1.4077,,8.4938,,0,,13.93,14.61,warning,4.38,,CAMERA_ONLY
0,112.2794,cam_1,CAM_ONLY,18.2160,,16.5733,1.6427,,9.9115,,0,,12.56,1.78,warning,4.42,,CAMERA_ONLY
0,112.2794,t2389,LIDAR_ONLY,27.4682,27.4682,,,,,,,,12.56,1.78,drive,-29.20,front,LIDAR_ONLY
0,112.3368,t2398,BOTH,18.1481,16.8169,16.5733,1.5748,0.2435,9.5018,1.4692,0,1,9.51,1.28,warning,4.42,,FULL_ANGLE
0,112.3368,t2389,LIDAR_ONLY,27.4757,27.4757,,,,,,,,9.51,1.28,drive,-29.08,front,LIDAR_ONLY
0,112.3368,t2397,LIDAR_ONLY,16.4100,16.4100,73.6168,57.2068,57.2068,77.7089,77.7089,0,0,9.51,1.28,drive,21.17,front,LIDAR_ONLY
0,112.3368,t2397,LIDAR_ONLY,15.3301,15.3301,73.6168,58.2867,58.2867,79.1758,79.1758,0,0,9.51,1.28,drive,23.79,front,LIDAR_ONLY
0,112.3368,t2397,LIDAR_ONLY,15.3079,15.3079,73.6168,58.3090,58.3090,79.2060,79.2060,0,0,9.51,1.28,drive,22.76,front,LIDAR_ONLY
0,112.4124,cam_1,CAM_ONLY,17.8518,,16.5733,1.2784,,7.7136,,0,,15.58,5.38,warning,4.38,,CAMERA_ONLY
0,112.4878,t2398,BOTH,18.1692,16.8061,16.5733,1.5958,0.2328,9.6289,1.4045,0,1,13.10,1.91,warning,4.38,,FULL_ANGLE
0,112.4878,t2389,LIDAR_ONLY,27.4899,27.4899,,,,,,,,13.10,1.91,drive,-29.01,front,LIDAR_ONLY
0,112.4878,t2397,LIDAR_ONLY,11.6295,11.6295,73.6168,61.9873,61.9873,84.2026,84.2026,0,0,13.10,1.91,cautious,29.01,front,LIDAR_ONLY
0,112.4878,t2397,LIDAR_ONLY,11.8075,11.8075,73.6168,61.8094,61.8094,83.9609,83.9609,0,0,13.10,1.91,cautious,20.63,front,LIDAR_ONLY
0,112.5726,cam_1,CAM_ONLY,18.1508,,16.5733,1.5775,,9.5181,,0,,13.85,17.16,warning,4.38,,CAMERA_ONLY
0,112.6654,cam_1,CAM_ONLY,17.7581,,16.5733,1.1848,,7.1488,,0,,20.73,15.73,warning,4.38,,CAMERA_ONLY
0,112.7329,t2398,BOTH,17.9372,16.8115,16.5733,1.3639,0.2381,8.2292,1.4367,0,1,18.11,1.32,warning,4.38,,FULL_ANGLE
0,112.7329,t2389,LIDAR_ONLY,27.5000,27.5000,,,,,,,,18.11,1.32,drive,-29.19,front,LIDAR_ONLY
0,112.8019,cam_1,CAM_ONLY,17.9374,,16.5733,1.3641,,8.2306,,0,,13.83,8.58,warning,4.38,,CAMERA_ONLY
0,112.8019,t2406,LIDAR_ONLY,16.0941,16.0941,73.6168,57.5227,57.5227,78.1380,78.1380,0,0,13.83,8.58,drive,21.43,front,LIDAR_ONLY
0,112.8653,cam_1,CAM_ONLY,17.7099,,16.5733,1.1366,,6.8579,,0,,13.92,3.24,warning,4.38,,CAMERA_ONLY
0,112.9341,t2398,BOTH,17.8318,16.8162,16.5733,1.2585,0.2428,7.5932,1.4653,0,1,13.59,1.47,warning,4.38,,FULL_ANGLE
0,112.9341,t2389,LIDAR_ONLY,27.5130,27.5130,,,,,,,,13.59,1.47,drive,-29.10,front,LIDAR_ONLY
0,112.9959,cam_1,CAM_ONLY,17.7311,,16.5733,1.1577,,6.9856,,0,,9.12,4.75,warning,4.38,,CAMERA_ONLY
0,113.0641,cam_1,CAM_ONLY,17.8668,,16.5733,1.2934,,7.8041,,0,,13.45,5.72,warning,4.38,,CAMERA_ONLY
0,113.1354,t2398,BOTH,17.7085,16.8214,16.5733,1.1351,0.2481,6.8491,1.4969,0,1,15.95,1.72,warning,4.38,,FULL_ANGLE
0,113.1354,t2389,LIDAR_ONLY,27.5238,27.5238,,,,,,,,15.95,1.72,drive,-29.19,front,LIDAR_ONLY
0,113.1354,t2409,LIDAR_ONLY,11.8410,11.8410,,,,,,,,15.95,1.72,cautious,26.49,front,LIDAR_ONLY
0,113.2203,cam_1,CAM_ONLY,17.6594,,16.5733,1.0861,,6.5531,,0,,22.61,15.66,warning,4.38,,CAMERA_ONLY
0,113.3110,cam_1,CAM_ONLY,17.8580,,16.5733,1.2847,,7.7515,,0,,21.96,15.30,warning,4.38,,CAMERA_ONLY
0,113.3793,cam_1,CAM_ONLY,18.2681,,16.5733,1.6948,,10.2258,,0,,18.93,3.47,warning,4.42,,CAMERA_ONLY
0,113.4419,t2417,BOTH,18.1800,16.8344,16.5733,1.6067,0.2611,9.6944,1.5754,0,1,12.36,4.16,warning,4.42,,FULL_ANGLE
0,113.4419,t2416,LIDAR_ONLY,16.9090,16.9090,73.6168,56.7078,56.7078,77.0310,77.0310,0,0,12.36,4.16,drive,20.77,front,LIDAR_ONLY
0,113.4419,t2416,LIDAR_ONLY,16.2055,16.2055,73.6168,57.4113,57.4113,77.9867,77.9867,0,0,12.36,4.16,drive,22.24,front,LIDAR_ONLY
0,113.5080,cam_1,CAM_ONLY,18.1420,,16.5733,1.5687,,9.4652,,0,,9.74,9.30,warning,4.38,,CAMERA_ONLY
0,113.5822,t2417,BOTH,18.2167,16.8352,16.5733,1.6433,0.2618,9.9156,1.5799,0,1,13.13,1.18,warning,4.42,,FULL_ANGLE
0,113.5822,t2418,LIDAR_ONLY,27.6255,27.6255,,,,,,,,13.13,1.18,drive,-29.03,front,LIDAR_ONLY
0,113.6630,cam_1,CAM_ONLY,18.1324,,16.5733,1.5591,,9.4072,,0,,17.70,11.67,warning,4.42,,CAMERA_ONLY
0,113.7225,cam_1,CAM_ONLY,17.7581,,16.5733,1.1847,,7.1483,,0,,10.19,3.83,warning,4.38,,CAMERA_ONLY
0,113.7836,t2417,BOTH,18.1895,16.8382,16.5733,1.6162,0.2648,9.7515,1.5978,0,1,13.80,1.24,warning,4.42,,FULL_ANGLE
0,113.7836,t2418,LIDAR_ONLY,27.5647,27.5647,,,,,,,,13.80,1.24,drive,-29.09,front,LIDAR_ONLY
0,113.7836,t2425,LIDAR_ONLY,15.1592,15.1592,73.6168,58.4576,58.4576,79.4080,79.4080,0,0,13.80,1.24,drive,22.26,front,LIDAR_ONLY
0,113.8689,cam_1,CAM_ONLY,18.1672,,16.5733,1.5938,,9.6169,,0,,19.57,12.81,warning,4.42,,CAMERA_ONLY
0,113.9343,cam_1,CAM_ONLY,17.7146,,16.5733,1.1412,,6.8860,,0,,16.10,3.35,warning,4.38,,CAMERA_ONLY
0,113.9343,t2418,LIDAR_ONLY,27.5476,27.5476,,,,,,,,16.10,3.35,drive,-29.17,front,LIDAR_ONLY
0,114.0216,cam_1,CAM_ONLY,17.8585,,16.5733,1.2852,,7.7544,,0,,17.66,4.95,warning,4.38,,CAMERA_ONLY
0,114.1215,cam_1,CAM_ONLY,17.7242,,16.5733,1.1508,,6.9439,,0,,21.87,14.93,warning,4.38,,CAMERA_ONLY
0,114.1942,t2435,BOTH,18.3975,16.8575,16.5733,1.8242,0.2842,11.0067,1.7147,0,1,14.30,5.94,warning,4.42,,FULL_ANGLE
0,114.1942,t2434,LIDAR_ONLY,18.0600,18.0600,73.6168,55.5568,55.5568,75.4675,75.4675,0,0,14.30,5.94,drive,19.95,front,LIDAR_ONLY
0,114.2627,cam_1,CAM_ONLY,18.2246,,16.5733,1.6513,,9.9635,,0,,9.51,4.48,warning,4.42,,CAMERA_ONLY
0,114.3332,cam_1,CAM_ONLY,18.2858,,16.5733,1.7124,,10.3323,,0,,16.34,1.68,warning,4.42,,CAMERA_ONLY
0,114.3332,t2436,LIDAR_ONLY,27.5698,27.5698,,,,,,,,16.34,1.68,drive,-29.00,front,LIDAR_ONLY
0,114.4087,cam_1,CAM_ONLY,18.1786,,16.5733,1.6053,,9.6859,,0,,18.06,10.48,warning,4.42,,CAMERA_ONLY
0,114.4848,t2443,BOTH,18.0560,16.8351,16.5733,1.4827,0.2618,8.9461,1.5795,0,1,22.60,1.72,warning,4.42,,FULL_ANGLE
0,114.4848,t2436,LIDAR_ONLY,27.5383,27.5383,,,,,,,,22.60,1.72,drive,-29.26,front,LIDAR_ONLY
0,114.5544,cam_1,CAM_ONLY,17.7141,,16.5733,1.1407,,6.8830,,0,,14.60,12.47,warning,4.38,,CAMERA_ONLY
0,114.6237,cam_1,CAM_ONLY,17.6865,,16.5733,1.1132,,6.7165,,0,,17.99,5.67,warning,4.38,,CAMERA_ONLY
0,114.6840,t2443,BOTH,17.7754,16.8184,16.5733,1.2020,0.2451,7.2527,1.4787,0,1,11.42,1.48,warning,4.38,,FULL_ANGLE
0,114.6840,t2436,LIDAR_ONLY,27.5387,27.5387,,,,,,,,11.42,1.48,drive,-29.13,front,LIDAR_ONLY
0,114.7631,cam_1,CAM_ONLY,17.7710,,16.5733,1.1977,,7.2266,,0,,17.40,9.51,warning,4.38,,CAMERA_ONLY
0,114.8335,t2443,BOTH,17.6621,16.8193,16.5733,1.0887,0.2460,6.5692,1.4843,0,1,19.45,1.78,warning,4.38,,FULL_ANGLE
0,114.8335,t2436,LIDAR_ONLY,27.5391,27.5391,,,,,,,,19.45,1.78,drive,-29.16,front,LIDAR_ONLY
0,114.8980,cam_1,CAM_ONLY,17.7082,,16.5733,1.1348,,6.8474,,0,,10.10,7.85,warning,4.38,,CAMERA_ONLY
0,114.8980,t2456,LIDAR_ONLY,17.6901,17.6901,73.6168,55.9268,55.9268,75.9701,75.9701,0,0,10.10,7.85,drive,20.21,front,LIDAR_ONLY
0,114.9717,cam_1,CAM_ONLY,17.6685,,16.5733,1.0951,,6.6076,,0,,17.86,4.98,warning,4.38,,CAMERA_ONLY
0,115.0592,cam_1,CAM_ONLY,17.8679,,16.5733,1.2946,,7.8112,,0,,21.13,8.63,warning,4.38,,CAMERA_ONLY
0,115.1301,cam_1,CAM_ONLY,17.7940,,16.5733,1.2206,,7.3651,,0,,13.48,3.10,warning,4.38,,CAMERA_ONLY
0,115.1301,t2462,LIDAR_ONLY,27.5353,27.5353,,,,,,,,13.48,3.10,drive,-29.13,front,LIDAR_ONLY
0,115.2119,cam_1,CAM_ONLY,18.1006,,16.5733,1.5272,,9.2150,,0,,19.58,14.51,warning,4.42,,CAMERA_ONLY
0,115.2759,cam_1,CAM_ONLY,18.0732,,16.5733,1.4998,,9.0496,,0,,10.89,3.67,warning,4.38,,CAMERA_ONLY
0,115.2759,t2462,LIDAR_ONLY,27.5408,27.5408,,,,,,,,10.89,3.67,drive,-29.09,front,LIDAR_ONLY
0,115.3637,cam_1,CAM_ONLY,17.8836,,16.5733,1.3103,,7.9059,,0,,14.53,2.89,warning,4.38,,CAMERA_ONLY
0,115.4307,cam_1,CAM_ONLY,18.2946,,16.5733,1.7212,,10.3856,,0,,20.10,1.44,warning,4.42,,CAMERA_ONLY
0,115.4307,t2462,LIDAR_ONLY,27.5364,27.5364,,,,,,,,20.10,1.44,drive,-29.25,front,LIDAR_ONLY
0,115.5171,cam_1,CAM_ONLY,17.8362,,16.5733,1.2628,,7.6198,,0,,15.13,16.23,warning,4.38,,CAMERA_ONLY
0,115.5912,t2475,BOTH,18.1418,16.8769,16.5733,1.5684,0.3035,9.4636,1.8313,0,1,14.74,3.74,warning,4.42,,FULL_ANGLE
0,115.6629,cam_1,CAM_ONLY,17.9011,,16.5733,1.3278,,8.0114,,0,,11.85,8.92,warning,4.38,,CAMERA_ONLY
0,115.7186,cam_1,CAM_ONLY,17.6742,,16.5733,1.1009,,6.6423,,0,,10.27,2.53,warning,4.38,,CAMERA_ONLY
0,115.7835,t2475,BOTH,17.6958,16.8362,16.5733,1.1224,0.2629,6.7726,1.5861,0,1,11.80,1.12,warning,4.38,,FULL_ANGLE
0,115.7835,t2478,LIDAR_ONLY,27.4873,27.4873,,,,,,,,11.80,1.12,drive,-29.24,front,LIDAR_ONLY
0,115.8627,cam_1,CAM_ONLY,17.7985,,16.5733,1.2251,,7.3920,,0,,12.21,16.53,warning,4.38,,CAMERA_ONLY
0,115.9401,t2475,BOTH,17.9710,16.8379,16.5733,1.3976,0.2645,8.4330,1.5962,0,1,21.17,3.32,warning,4.38,,FULL_ANGLE
0,115.9401,t2483,LIDAR_ONLY,17.2463,17.2463,73.6168,56.3705,56.3705,76.5729,76.5729,0,0,21.17,3.32,drive,20.52,front,LIDAR_ONLY
0,115.9401,t2483,LIDAR_ONLY,15.9660,15.9660,73.6168,57.6508,57.6508,78.3121,78.3121,0,0,21.17,3.32,drive,22.51,front,LIDAR_ONLY
0,116.0124,cam_1,CAM_ONLY,17.9256,,16.5733,1.3522,,8.1590,,0,,11.65,14.75,warning,4.38,,CAMERA_ONLY
0,116.0758,cam_1,CAM_ONLY,18.1677,,16.5733,1.5943,,9.6198,,0,,10.06,2.28,warning,4.42,,CAMERA_ONLY
0,116.0758,t2485,LIDAR_ONLY,27.5105,27.5105,,,,,,,,10.06,2.28,drive,-29.24,front,LIDAR_ONLY
0,116.1440,t2475,BOTH,17.9657,16.8323,16.5733,1.3923,0.2589,8.4010,1.5624,0,1,12.72,4.17,warning,4.38,,FULL_ANGLE
0,116.2167,cam_1,CAM_ONLY,17.7249,,16.5733,1.1516,,6.9482,,0,,17.04,13.00,warning,4.38,,CAMERA_ONLY
0,116.2951,t2475,BOTH,17.8716,16.8356,16.5733,1.2983,0.2623,7.8334,1.5825,0,1,13.80,6.76,warning,4.38,,FULL_ANGLE
0,116.2951,t2491,LIDAR_ONLY,17.4230,17.4230,73.6168,56.1938,56.1938,76.3328,76.3328,0,0,13.80,6.76,drive,20.39,front,LIDAR_ONLY
0,116.3622,cam_1,CAM_ONLY,18.2532,,16.5733,1.6798,,10.1356,,0,,10.71,4.78,warning,4.42,,CAMERA_ONLY
0,116.4258,cam_1,CAM_ONLY,18.1436,,16.5733,1.5702,,9.4743,,0,,12.11,6.46,warning,4.42,,CAMERA_ONLY
0,116.5114,cam_1,CAM_ONLY,17.7860,,16.5733,1.2126,,7.3166,,0,,20.01,16.53,warning,4.38,,CAMERA_ONLY
0,116.5114,t2491,LIDAR_ONLY,17.4521,17.4521,73.6168,56.1647,56.1647,76.2934,76.2934,0,0,20.01,16.53,drive,20.20,front,LIDAR_ONLY
0,116.5114,t2491,LIDAR_ONLY,17.2833,17.2833,73.6168,56.3335,56.3335,76.5226,76.5226,0,0,20.01,16.53,drive,21.41,front,LIDAR_ONLY
0,116.5808,cam_1,CAM_ONLY,18.1353,,16.5733,1.5620,,9.4246,,0,,20.23,5.35,warning,4.38,,CAMERA_ONLY
0,116.6479,cam_1,CAM_ONLY,18.2119,,16.5733,1.6385,,9.8866,,0,,9.38,6.77,warning,4.42,,CAMERA_ONLY
0,116.7151,cam_1,CAM_ONLY,18.2205,,16.5733,1.6471,,9.9385,,0,,12.45,4.88,warning,4.42,,CAMERA_ONLY
0,116.7776,t2501,BOTH,18.2338,16.8402,16.5733,1.6605,0.2669,10.0188,1.6103,0,1,16.36,2.48,warning,4.42,,FULL_ANGLE
0,116.7776,t2499,LIDAR_ONLY,27.5346,27.5346,,,,,,,,16.36,2.48,drive,-29.17,front,LIDAR_ONLY
0,116.8523,cam_1,CAM_ONLY,18.0052,,16.5733,1.4319,,8.6397,,0,,11.19,11.03,warning,4.38,,CAMERA_ONLY
0,116.9196,cam_1,CAM_ONLY,18.1697,,16.5733,1.5963,,9.6319,,0,,11.78,2.64,warning,4.42,,CAMERA_ONLY
0,116.9807,cam_1,CAM_ONLY,18.1226,,16.5733,1.5493,,9.3481,,0,,9.55,4.06,warning,4.38,,CAMERA_ONLY
0,117.0507,cam_1,CAM_ONLY,18.1470,,16.5733,1.5736,,9.4948,,0,,11.79,11.05,warning,4.42,,CAMERA_ONLY
0,117.1270,cam_1,CAM_ONLY,18.1160,,16.5733,1.5427,,9.3081,,0,,14.85,5.37,warning,4.42,,CAMERA_ONLY
0,117.1896,t2512,BOTH,17.9577,16.8657,16.5733,1.3843,0.2924,8.3528,1.7642,0,1,16.85,1.97,warning,4.38,,FULL_ANGLE
0,117.1896,t2511,LIDAR_ONLY,10.2970,10.2970,73.6168,63.3198,63.3198,86.0127,86.0127,0,0,16.85,1.97,cautious,29.85,front,LIDAR_ONLY
0,117.1896,t2511,LIDAR_ONLY,10.4313,10.4313,73.6168,63.1856,63.1856,85.8303,85.8303,0,0,16.85,1.97,cautious,20.20,front,LIDAR_ONLY
0,117.2688,cam_1,CAM_ONLY,18.1324,,16.5733,1.5590,,9.4069,,0,,12.23,11.48,warning,4.42,,CAMERA_ONLY
0,117.3344,t2512,BOTH,17.7148,16.8324,16.5733,1.1415,0.2591,6.8874,1.5631,0,1,12.89,1.66,warning,4.38,,FULL_ANGLE
0,117.3344,t2515,LIDAR_ONLY,27.4784,27.4784,,,,,,,,12.89,1.66,drive,-29.18,front,LIDAR_ONLY
0,117.3344,t2511,LIDAR_ONLY,10.6307,10.6307,,,,,,,,12.89,1.66,cautious,27.05,front,LIDAR_ONLY
0,117.4071,cam_1,CAM_ONLY,17.7829,,16.5733,1.2095,,7.2981,,0,,11.72,12.04,warning,4.38,,CAMERA_ONLY
0,117.4683,cam_1,CAM_ONLY,17.7452,,16.5733,1.1719,,7.0709,,0,,11.74,2.85,warning,4.38,,CAMERA_ONLY
0,117.5324,cam_1,CAM_ONLY,18.1771,,16.5733,1.6038,,9.6767,,0,,16.03,1.94,warning,4.42,,CAMERA_ONLY
0,117.5324,t2515,LIDAR_ONLY,27.4966,27.4966,,,,,,,,16.03,1.94,drive,-29.14,front,LIDAR_ONLY
0,117.6150,cam_1,CAM_ONLY,17.7108,,16.5733,1.1374,,6.8630,,0,,17.74,10.11,warning,4.38,,CAMERA_ONLY
0,117.6796,cam_1,CAM_ONLY,17.6189,,16.5733,1.0456,,6.3086,,0,,17.08,1.71,warning,4.38,,CAMERA_ONLY
0,117.6796,t2515,LIDAR_ONLY,27.5039,27.5039,,,,,,,,17.08,1.71,drive,-29.17,front,LIDAR_ONLY
0,117.7571,cam_1,CAM_ONLY,17.6575,,16.5733,1.0841,,6.5412,,0,,13.67,14.26,warning,4.38,,CAMERA_ONLY
0,117.8301,cam_1,CAM_ONLY,17.9241,,16.5733,1.3508,,8.1502,,0,,14.14,7.03,warning,4.38,,CAMERA_ONLY
0,117.8301,t2515,LIDAR_ONLY,27.5122,27.5122,,,,,,,,14.14,7.03,drive,-29.09,front,LIDAR_ONLY
0,117.9176,cam_1,CAM_ONLY,17.6907,,16.5733,1.1174,,6.7419,,0,,15.94,13.38,warning,4.38,,CAMERA_ONLY
0,117.9856,cam_1,CAM_ONLY,18.0080,,16.5733,1.4346,,8.6563,,0,,11.50,4.80,warning,4.38,,CAMERA_ONLY
0,117.9856,t2515,LIDAR_ONLY,27.5163,27.5163,,,,,,,,11.50,4.80,drive,-29.18,front,LIDAR_ONLY
0,118.0499,cam_1,CAM_ONLY,18.0844,,16.5733,1.5111,,9.1176,,0,,10.62,8.80,warning,4.38,,CAMERA_ONLY
0,118.1185,cam_1,CAM_ONLY,18.1860,,16.5733,1.6127,,9.7305,,0,,10.38,2.34,warning,4.42,,CAMERA_ONLY
0,118.1811,cam_1,CAM_ONLY,18.1738,,16.5733,1.6005,,9.6570,,0,,11.29,1.75,warning,4.38,,CAMERA_ONLY
0,118.1811,t2515,LIDAR_ONLY,27.5219,27.5219,,,,,,,,11.29,1.75,drive,-29.19,front,LIDAR_ONLY
0,118.2740,cam_1,CAM_ONLY,18.1206,,16.5733,1.5472,,9.3357,,0,,23.24,13.09,warning,4.38,,CAMERA_ONLY
0,118.3307,cam_1,CAM_ONLY,18.2182,,16.5733,1.6449,,9.9248,,0,,9.32,4.37,warning,4.38,,CAMERA_ONLY
0,118.3953,cam_1,CAM_ONLY,17.9912,,16.5733,1.4179,,8.5551,,0,,12.95,6.64,warning,4.38,,CAMERA_ONLY
0,118.3953,t2544,LIDAR_ONLY,15.6291,15.6291,73.6168,57.9877,57.9877,78.7696,78.7696,0,0,12.95,6.64,drive,21.83,front,LIDAR_ONLY
0,118.4655,cam_1,CAM_ONLY,18.2198,,16.5733,1.6465,,9.9346,,0,,10.70,12.62,warning,4.42,,CAMERA_ONLY
0,118.5587,cam_1,CAM_ONLY,17.7100,,16.5733,1.1367,,6.8586,,0,,17.30,12.70,warning,4.38,,CAMERA_ONLY
0,118.5587,t2544,LIDAR_ONLY,15.8544,15.8544,73.6168,57.7624,57.7624,78.4636,78.4636,0,0,17.30,12.70,drive,20.41,front,LIDAR_ONLY
0,118.5587,t2544,LIDAR_ONLY,15.9796,15.9796,73.6168,57.6372,57.6372,78.2935,78.2935,0,0,17.30,12.70,drive,21.97,front,LIDAR_ONLY
0,118.5587,t2544,LIDAR_ONLY,15.8720,15.8720,73.6168,57.7448,57.7448,78.4398,78.4398,0,0,17.30,12.70,drive,22.93,front,LIDAR_ONLY
0,118.5587,t2544,LIDAR_ONLY,15.8729,15.8729,73.6168,57.7439,57.7439,78.4384,78.4384,0,0,17.30,12.70,drive,21.51,front,LIDAR_ONLY
0,118.6331,cam_1,CAM_ONLY,17.9191,,16.5733,1.3458,,8.1200,,0,,15.44,4.07,warning,4.38,,CAMERA_ONLY
0,118.7133,cam_1,CAM_ONLY,17.9209,,16.5733,1.3475,,8.1305,,0,,11.54,14.41,warning,4.38,,CAMERA_ONLY
0,118.8033,cam_1,CAM_ONLY,18.1648,,16.5733,1.5914,,9.6022,,0,,15.91,10.57,warning,4.38,,CAMERA_ONLY
0,118.8632,cam_1,CAM_ONLY,17.7627,,16.5733,1.1893,,7.1761,,0,,10.91,2.80,warning,4.38,,CAMERA_ONLY
0,118.9289,cam_1,CAM_ONLY,18.1458,,16.5733,1.5724,,9.4876,,0,,13.63,3.80,warning,4.38,,CAMERA_ONLY
0,119.0254,cam_1,CAM_ONLY,17.6411,,16.5733,1.0678,,6.4426,,0,,15.13,6.68,warning,4.38,,CAMERA_ONLY
0,119.1166,cam_1,CAM_ONLY,17.8007,,16.5733,1.2274,,7.4057,,0,,19.46,7.41,warning,4.38,,CAMERA_ONLY
0,119.1826,cam_1,CAM_ONLY,17.6466,,16.5733,1.0733,,6.4758,,0,,15.71,5.86,warning,4.38,,CAMERA_ONLY
0,119.2659,cam_1,CAM_ONLY,18.1048,,16.5733,1.5315,,9.2407,,0,,11.61,12.57,warning,4.38,,CAMERA_ONLY
0,119.3372,t2565,BOTH,17.8183,16.8438,16.5733,1.2449,0.2705,7.5116,1.6320,0,1,12.53,1.93,warning,4.38,,FULL_ANGLE
0,119.3372,t2564,LIDAR_ONLY,17.2163,17.2163,73.6168,56.4005,56.4005,76.6137,76.6137,0,0,12.53,1.93,drive,20.54,front,LIDAR_ONLY
0,119.4317,cam_1,CAM_ONLY,17.8679,,16.5733,1.2946,,7.8112,,0,,9.27,1.64,warning,4.38,,CAMERA_ONLY
0,119.4317,t2566,LIDAR_ONLY,27.4892,27.4892,,,,,,,,9.27,1.64,drive,-29.20,front,LIDAR_ONLY
0,119.5216,cam_1,CAM_ONLY,17.9117,,16.5733,1.3383,,8.0752,,0,,20.09,23.07,warning,4.38,,CAMERA_ONLY
0,119.6078,cam_1,CAM_ONLY,18.2281,,16.5733,1.6548,,9.9845,,0,,15.67,14.20,warning,4.38,,CAMERA_ONLY
0,119.6695,cam_1,CAM_ONLY,17.7250,,16.5733,1.1517,,6.9491,,0,,11.09,2.58,warning,4.38,,CAMERA_ONLY
0,119.7305,cam_1,CAM_ONLY,18.2269,,16.5733,1.6536,,9.9772,,0,,12.76,3.31,warning,4.42,,CAMERA_ONLY
0,119.7305,t2572,LIDAR_ONLY,27.5593,27.5593,,,,,,,,12.76,3.31,drive,-29.13,front,LIDAR_ONLY
0,119.7956,t2578,BOTH,18.1579,16.7968,16.5733,1.5845,0.2235,9.5608,1.3483,0,1,12.26,6.17,warning,4.38,,FULL_ANGLE
0,119.7956,t2577,LIDAR_ONLY,17.6389,17.6389,73.6168,55.9779,55.9779,76.0396,76.0396,0,0,12.26,6.17,drive,20.24,front,LIDAR_ONLY
0,119.8792,cam_1,CAM_ONLY,18.1671,,16.5733,1.5937,,9.6162,,0,,23.19,2.61,warning,4.42,,CAMERA_ONLY
0,119.8792,t2572,LIDAR_ONLY,27.5381,27.5381,,,,,,,,23.19,2.61,drive,-29.21,front,LIDAR_ONLY
0,119.9471,t2578,BOTH,18.1889,16.8026,16.5733,1.6156,0.2292,9.7481,1.3830,0,1,19.24,3.29,warning,4.42,,FULL_ANGLE
0,120.0161,cam_1,CAM_ONLY,18.1891,,16.5733,1.6157,,9.7489,,0,,13.80,2.61,warning,4.42,,CAMERA_ONLY
0,120.0866,t2578,BOTH,18.1873,16.8123,16.5733,1.6139,0.2390,9.7382,1.4419,0,1,19.53,1.78,warning,4.42,,FULL_ANGLE
0,120.0866,t2572,LIDAR_ONLY,27.5372,27.5372,,,,,,,,19.53,1.78,drive,-29.17,front,LIDAR_ONLY
0,120.0866,t2581,LIDAR_ONLY,10.5325,10.5325,73.6168,63.0843,63.0843,85.6928,85.6928,0,0,19.53,1.78,cautious,29.12,front,LIDAR_ONLY
0,120.0866,t2581,LIDAR_ONLY,10.8379,10.8379,73.6168,62.7789,62.7789,85.2780,85.2780,0,0,19.53,1.78,cautious,20.78,front,LIDAR_ONLY
0,120.1581,cam_1,CAM_ONLY,18.1699,,16.5733,1.5965,,9.6330,,0,,14.72,12.49,warning,4.38,,CAMERA_ONLY
0,120.2181,cam_1,CAM_ONLY,17.8030,,16.5733,1.2297,,7.4195,,0,,9.61,2.07,warning,4.38,,CAMERA_ONLY
0,120.2835,cam_1,CAM_ONLY,18.2072,,16.5733,1.6338,,9.8583,,0,,14.40,7.03,warning,4.42,,CAMERA_ONLY
0,120.3651,cam_1,CAM_ONLY,18.2611,,16.5733,1.6878,,10.1838,,0,,14.38,14.55,warning,4.42,,CAMERA_ONLY
0,120.4333,t2594,BOTH,17.7291,16.8430,16.5733,1.1558,0.2696,6.9737,1.6268,0,1,13.09,1.30,warning,4.38,,FULL_ANGLE
0,120.4333,t2592,LIDAR_ONLY,27.4564,27.4564,,,,,,,,13.09,1.30,drive,-29.27,front,LIDAR_ONLY
0,120.4333,t2593,LIDAR_ONLY,16.5128,16.5128,73.6168,57.1040,57.1040,77.5692,77.5692,0,0,13.09,1.30,drive,21.08,front,LIDAR_ONLY
0,120.4333,t2593,LIDAR_ONLY,15.3055,15.3055,73.6168,58.3113,58.3113,79.2093,79.2093,0,0,13.09,1.30,drive,23.58,front,LIDAR_ONLY
0,120.4969,t2594,BOTH,17.7359,16.8440,16.5733,1.1626,0.2706,7.0147,1.6329,0,1,12.52,6.20,warning,4.38,,FULL_ANGLE
0,120.4969,t2593,LIDAR_ONLY,15.5114,15.5114,73.6168,58.1054,58.1054,78.9295,78.9295,0,0,12.52,6.20,drive,20.49,front,LIDAR_ONLY
0,120.5770,cam_1,CAM_ONLY,17.7281,,16.5733,1.1548,,6.9676,,0,,17.85,3.10,warning,4.38,,CAMERA_ONLY
0,120.5770,t2592,LIDAR_ONLY,27.4574,27.4574,,,,,,,,17.85,3.10,drive,-29.16,front,LIDAR_ONLY
0,120.6341,t2594,BOTH,17.7386,16.8350,16.5733,1.1652,0.2616,7.0308,1.5787,0,1,11.01,1.09,warning,4.38,,FULL_ANGLE
0,120.6341,t2592,LIDAR_ONLY,27.4706,27.4706,,,,,,,,11.01,1.09,drive,-29.04,front,LIDAR_ONLY
0,120.6341,t2593,LIDAR_ONLY,15.7079,15.7079,73.6168,57.9089,57.9089,78.6626,78.6626,0,0,11.01,1.09,drive,20.57,front,LIDAR_ONLY
0,120.7127,cam_1,CAM_ONLY,17.7296,,16.5733,1.1562,,6.9765,,0,,12.12,13.61,warning,4.38,,CAMERA_ONLY
0,120.7870,t2594,BOTH,17.8790,16.8284,16.5733,1.3056,0.2550,7.8780,1.5389,0,1,15.39,2.52,warning,4.38,,FULL_ANGLE
0,120.7870,t2592,LIDAR_ONLY,27.4898,27.4898,,,,,,,,15.39,2.52,drive,-29.16,front,LIDAR_ONLY
0,120.8657,cam_1,CAM_ONLY,17.9079,,16.5733,1.3346,,8.0525,,0,,15.25,4.84,warning,4.38,,CAMERA_ONLY
0,120.9416,t2594,BOTH,17.9447,16.8285,16.5733,1.3714,0.2552,8.2746,1.5396,0,1,14.79,2.69,warning,4.38,,FULL_ANGLE
0,120.9416,t2592,LIDAR_ONLY,27.5040,27.5040,,,,,,,,14.79,2.69,drive,-29.10,front,LIDAR_ONLY
0,120.9416,t2604,LIDAR_ONLY,17.1838,17.1838,73.6168,56.4330,56.4330,76.6578,76.6578,0,0,14.79,2.69,drive,20.57,front,LIDAR_ONLY
0,120.9416,t2604,LIDAR_ONLY,16.4396,16.4396,73.6168,57.1772,57.1772,77.6687,77.6687,0,0,14.79,2.69,drive,21.80,front,LIDAR_ONLY
0,121.0132,cam_1,CAM_ONLY,18.2695,,16.5733,1.6961,,10.2341,,0,,14.72,4.20,warning,4.42,,CAMERA_ONLY
0,121.0708,cam_1,CAM_ONLY,18.2087,,16.5733,1.6354,,9.8676,,0,,10.41,3.42,warning,4.42,,CAMERA_ONLY
0,121.1340,cam_1,CAM_ONLY,17.7313,,16.5733,1.1579,,6.9866,,0,,14.98,3.14,warning,4.38,,CAMERA_ONLY
0,121.1340,t2592,LIDAR_ONLY,27.5153,27.5153,,,,,,,,14.98,3.14,drive,-29.28,front,LIDAR_ONLY
0,121.1987,cam_1,CAM_ONLY,17.8412,,16.5733,1.2678,,7.6497,,0,,14.62,6.07,warning,4.38,,CAMERA_ONLY
0,121.2631,cam_1,CAM_ONLY,17.9071,,16.5733,1.3338,,8.0478,,0,,10.56,6.99,warning,4.38,,CAMERA_ONLY
0,121.3259,cam_1,CAM_ONLY,17.8688,,16.5733,1.2954,,7.8162,,0,,10.40,5.56,warning,4.38,,CAMERA_ONLY
0,121.3890,t2619,BOTH,17.7225,16.8776,16.5733,1.1491,0.3042,6.9336,1.8356,0,1,15.10,2.32,warning,4.38,,FULL_ANGLE
0,121.4680,cam_1,CAM_ONLY,17.6759,,16.5733,1.1026,,6.6528,,0,,19.80,7.96,warning,4.38,,CAMERA_ONLY
0,121.5335,t2619,BOTH,17.8728,16.8604,16.5733,1.2994,0.2870,7.8406,1.7320,0,1,14.39,1.31,warning,4.38,,FULL_ANGLE
0,121.5335,t2620,LIDAR_ONLY,27.5727,27.5727,,,,,,,,14.39,1.31,drive,-29.10,front,LIDAR_ONLY
0,121.5335,t2621,LIDAR_ONLY,19.1036,19.1036,73.6168,54.5132,54.5132,74.0499,74.0499,0,0,14.39,1.31,drive,19.30,front,LIDAR_ONLY
0,121.5335,t2621,LIDAR_ONLY,17.6292,17.6292,73.6168,55.9876,55.9876,76.0528,76.0528,0,0,14.39,1.31,drive,20.59,front,LIDAR_ONLY
0,121.5335,t2621,LIDAR_ONLY,16.5480,16.5480,73.6168,57.0688,57.0688,77.5214,77.5214,0,0,14.39,1.31,drive,22.35,front,LIDAR_ONLY
0,121.6038,cam_1,CAM_ONLY,17.7059,,16.5733,1.1325,,6.8334,,0,,14.11,11.56,warning,4.38,,CAMERA_ONLY
0,121.6807,cam_1,CAM_ONLY,17.9091,,16.5733,1.3357,,8.0594,,0,,18.80,6.48,warning,4.38,,CAMERA_ONLY
0,121.7645,cam_1,CAM_ONLY,17.8372,,16.5733,1.2639,,7.6260,,0,,21.41,10.39,warning,4.38,,CAMERA_ONLY
0,121.8399,t2633,BOTH,18.1418,16.8267,16.5733,1.5685,0.2533,9.4639,1.5285,0,1,18.25,1.89,warning,4.38,,FULL_ANGLE
0,121.8399,t2631,LIDAR_ONLY,27.4728,27.4728,,,,,,,,18.25,1.89,drive,-29.17,front,LIDAR_ONLY
0,121.8399,t2632,LIDAR_ONLY,11.2856,11.2856,73.6168,62.3312,62.3312,84.6698,84.6698,0,0,18.25,1.89,cautious,27.33,front,LIDAR_ONLY
0,121.8399,t2632,LIDAR_ONLY,11.5987,11.5987,73.6168,62.0181,62.0181,84.2445,84.2445,0,0,18.25,1.89,cautious,20.29,front,LIDAR_ONLY
0,121.8399,t2632,LIDAR_ONLY,11.9109,11.9109,73.6168,61.7059,61.7059,83.8204,83.8204,0,0,18.25,1.89,cautious,22.37,front,LIDAR_ONLY
0,121.9149,cam_1,CAM_ONLY,18.1696,,16.5733,1.5963,,9.6315,,0,,16.58,2.36,warning,4.42,,CAMERA_ONLY
0,121.9773,cam_1,CAM_ONLY,18.0868,,16.5733,1.5135,,9.1320,,0,,12.04,4.90,warning,4.38,,CAMERA_ONLY
0,122.0447,t2633,BOTH,18.1070,16.8297,16.5733,1.5337,0.2563,9.2539,1.5465,0,1,13.89,4.87,warning,4.38,,FULL_ANGLE
0,122.0447,t2632,LIDAR_ONLY,12.2454,12.2454,73.6168,61.3714,61.3714,83.3660,83.3660,0,0,13.89,4.87,cautious,19.72,front,LIDAR_ONLY
0,122.1241,cam_1,CAM_ONLY,18.1337,,16.5733,1.5604,,9.4150,,0,,17.31,9.63,warning,4.38,,CAMERA_ONLY
0,122.1900,t2633,BOTH,17.8891,16.8316,16.5733,1.3157,0.2583,7.9388,1.5584,0,1,12.15,3.44,warning,4.38,,FULL_ANGLE
0,122.1900,t2632,LIDAR_ONLY,12.5384,12.5384,73.6168,61.0785,61.0785,82.9681,82.9681,0,0,12.15,3.44,cautious,19.49,front,LIDAR_ONLY
0,122.1900,t2632,LIDAR_ONLY,13.8948,13.8948,73.6168,59.7220,59.7220,81.1255,81.1255,0,0,12.15,3.44,cautious,20.78,front,LIDAR_ONLY
0,122.2618,cam_1,CAM_ONLY,18.1569,,16.5733,1.5835,,9.5548,,0,,11.91,13.65,warning,4.38,,CAMERA_ONLY
0,122.3205,cam_1,CAM_ONLY,17.8974,,16.5733,1.3241,,7.9891,,0,,13.44,4.28,warning,4.38,,CAMERA_ONLY
0,122.3942,cam_1,CAM_ONLY,17.9640,,16.5733,1.3907,,8.3910,,0,,10.51,5.15,warning,4.38,,CAMERA_ONLY
0,122.4665,cam_1,CAM_ONLY,18.0921,,16.5733,1.5188,,9.1640,,0,,12.77,11.89,warning,4.38,,CAMERA_ONLY
0,122.5258,cam_1,CAM_ONLY,18.0981,,16.5733,1.5248,,9.2000,,0,,9.35,5.00,warning,4.38,,CAMERA_ONLY
0,122.5995,cam_1,CAM_ONLY,18.1483,,16.5733,1.5750,,9.5032,,0,,12.43,8.28,warning,4.38,,CAMERA_ONLY
0,122.6647,cam_1,CAM_ONLY,18.1789,,16.5733,1.6056,,9.6878,,0,,12.98,2.97,warning,4.38,,CAMERA_ONLY
0,122.7219,cam_1,CAM_ONLY,17.9319,,16.5733,1.3585,,8.1971,,0,,9.99,4.94,warning,4.38,,CAMERA_ONLY
0,122.8048,cam_1,CAM_ONLY,17.8677,,16.5733,1.2944,,7.8098,,0,,19.67,12.77,warning,4.38,,CAMERA_ONLY
0,122.8664,cam_1,CAM_ONLY,17.9515,,16.5733,1.3782,,8.3157,,0,,9.60,6.88,warning,4.38,,CAMERA_ONLY
0,122.9295,cam_1,CAM_ONLY,17.8714,,16.5733,1.2980,,7.8321,,0,,13.63,4.65,warning,4.38,,CAMERA_ONLY
0,122.9953,t2655,BOTH,17.8991,16.8402,16.5733,1.3258,0.2669,7.9994,1.6104,0,1,14.70,5.70,warning,4.38,,FULL_ANGLE
0,122.9953,t2654,LIDAR_ONLY,17.5099,17.5099,73.6168,56.1069,56.1069,76.2148,76.2148,0,0,14.70,5.70,drive,20.33,front,LIDAR_ONLY
0,122.9953,t2654,LIDAR_ONLY,16.6260,16.6260,73.6168,56.9908,56.9908,77.4155,77.4155,0,0,14.70,5.70,drive,21.98,front,LIDAR_ONLY
0,123.0724,cam_1,CAM_ONLY,17.8982,,16.5733,1.3249,,7.9940,,0,,12.67,4.62,warning,4.38,,CAMERA_ONLY
0,123.1310,cam_1,CAM_ONLY,17.8600,,16.5733,1.2867,,7.7636,,0,,12.59,1.59,warning,4.38,,CAMERA_ONLY
0,123.1310,t2658,LIDAR_ONLY,27.4766,27.4766,,,,,,,,12.59,1.59,drive,-29.24,front,LIDAR_ONLY
0,123.1859,t2655,BOTH,17.7298,16.8340,16.5733,1.1565,0.2607,6.9778,1.5729,0,1,9.72,1.38,warning,4.38,,FULL_ANGLE
0,123.1859,t2658,LIDAR_ONLY,27.4895,27.4895,,,,,,,,9.72,1.38,drive,-29.10,front,LIDAR_ONLY
0,123.1859,t2654,LIDAR_ONLY,14.3935,14.3935,73.6168,59.2233,59.2233,80.4481,80.4481,0,0,9.72,1.38,cautious,24.41,front,LIDAR_ONLY
0,123.1859,t2654,LIDAR_ONLY,14.5408,14.5408,73.6168,59.0760,59.0760,80.2479,80.2479,0,0,9.72,1.38,cautious,21.09,front,LIDAR_ONLY
0,123.1859,t2654,LIDAR_ONLY,14.7206,14.7206,73.6168,58.8962,58.8962,80.0037,80.0037,0,0,9.72,1.38,cautious,19.58,front,LIDAR_ONLY
0,123.2633,cam_1,CAM_ONLY,17.6874,,16.5733,1.1140,,6.7217,,0,,16.66,12.41,warning,4.38,,CAMERA_ONLY
0,123.3392,t2655,BOTH,17.8538,16.8349,16.5733,1.2805,0.2616,7.7260,1.5783,0,1,19.89,2.29,warning,4.38,,FULL_ANGLE
0,123.3392,t2654,LIDAR_ONLY,14.8954,14.8954,73.6168,58.7214,58.7214,79.7663,79.7663,0,0,19.89,2.29,cautious,19.80,front,LIDAR_ONLY
0,123.3392,t2654,LIDAR_ONLY,15.0366,15.0366,73.6168,58.5802,58.5802,79.5745,79.5745,0,0,19.89,2.29,drive,21.60,front,LIDAR_ONLY
0,123.4182,cam_1,CAM_ONLY,17.8073,,16.5733,1.2339,,7.4453,,0,,14.43,16.98,warning,4.38,,CAMERA_ONLY
0,123.4835,t2655,BOTH,17.7717,16.8351,16.5733,1.1983,0.2617,7.2303,1.5793,0,1,10.64,1.19,warning,4.38,,FULL_ANGLE
0,123.4835,t2665,LIDAR_ONLY,27.4865,27.4865,,,,,,,,10.64,1.19,drive,-29.26,front,LIDAR_ONLY
0,123.5686,cam_1,CAM_ONLY,17.9421,,16.5733,1.3688,,8.2590,,0,,20.14,15.26,warning,4.38,,CAMERA_ONLY
0,123.6319,t2655,BOTH,17.7879,16.8376,16.5733,1.2145,0.2642,7.3281,1.5943,0,1,13.29,1.21,warning,4.38,,FULL_ANGLE
0,123.6319,t2665,LIDAR_ONLY,27.4904,27.4904,,,,,,,,13.29,1.21,drive,-29.15,front,LIDAR_ONLY
0,123.7208,cam_1,CAM_ONLY,17.9249,,16.5733,1.3515,,8.1547,,0,,19.57,19.64,warning,4.38,,CAMERA_ONLY
0,123.8027,t2655,BOTH,17.8849,16.8408,16.5733,1.3115,0.2675,7.9136,1.6140,0,1,12.99,10.28,warning,4.38,,FULL_ANGLE
0,123.8027,t2670,LIDAR_ONLY,16.8332,16.8332,73.6168,56.7836,56.7836,77.1340,77.1340,0,0,12.99,10.28,drive,20.83,front,LIDAR_ONLY
0,123.8668,cam_1,CAM_ONLY,18.1632,,16.5733,1.5899,,9.5931,,0,,13.09,2.76,warning,4.42,,CAMERA_ONLY
0,123.9282,cam_1,CAM_ONLY,18.0830,,16.5733,1.5096,,9.1087,,0,,13.60,3.36,warning,4.38,,CAMERA_ONLY
0,123.9282,t2674,LIDAR_ONLY,27.5072,27.5072,,,,,,,,13.60,3.36,drive,-29.25,front,LIDAR_ONLY
0,123.9861,t2655,BOTH,18.2966,16.8436,16.5733,1.7232,0.2702,10.3977,1.6305,0,1,14.03,1.88,warning,4.42,,FULL_ANGLE
0,123.9861,t2670,LIDAR_ONLY,11.2770,11.2770,73.6168,62.3398,62.3398,84.6815,84.6815,0,0,14.03,1.88,cautious,28.84,front,LIDAR_ONLY
0,123.9861,t2670,LIDAR_ONLY,11.3522,11.3522,73.6168,62.2646,62.2646,84.5793,84.5793,0,0,14.03,1.88,cautious,19.64,front,LIDAR_ONLY
0,124.0700,cam_1,CAM_ONLY,17.8224,,16.5733,1.2490,,7.5362,,0,,14.52,22.86,warning,4.38,,CAMERA_ONLY
0,124.1291,cam_1,CAM_ONLY,18.1527,,16.5733,1.5793,,9.5293,,0,,10.34,5.78,warning,4.38,,CAMERA_ONLY
0,124.1939,t2655,BOTH,18.1103,16.8458,16.5733,1.5369,0.2725,9.2736,1.6442,0,1,9.41,3.54,warning,4.38,,FULL_ANGLE
0,124.1939,t2670,LIDAR_ONLY,11.4463,11.4463,73.6168,62.1705,62.1705,84.4515,84.4515,0,0,9.41,3.54,cautious,19.44,front,LIDAR_ONLY
0,124.2631,cam_1,CAM_ONLY,17.8902,,16.5733,1.3168,,7.9455,,0,,16.72,4.55,warning,4.38,,CAMERA_ONLY
0,124.3210,cam_1,CAM_ONLY,17.8494,,16.5733,1.2760,,7.6994,,0,,9.36,5.87,warning,4.38,,CAMERA_ONLY
0,124.3872,t2655,BOTH,17.8427,16.8489,16.5733,1.2694,0.2755,7.6592,1.6626,0,1,11.67,1.55,warning,4.38,,FULL_ANGLE
0,124.3872,t2670,LIDAR_ONLY,11.5441,11.5441,73.6168,62.0728,62.0728,84.3187,84.3187,0,0,11.67,1.55,cautious,25.92,front,LIDAR_ONLY
0,124.3872,t2670,LIDAR_ONLY,11.6371,11.6371,73.6168,61.9797,61.9797,84.1923,84.1923,0,0,11.67,1.55,cautious,20.58,front,LIDAR_ONLY
0,124.4713,cam_1,CAM_ONLY,17.8937,,16.5733,1.3204,,7.9669,,0,,18.53,18.98,warning,4.38,,CAMERA_ONLY
0,124.5377,t2655,BOTH,17.9759,16.8437,16.5733,1.4026,0.2704,8.4628,1.6315,0,1,13.38,2.38,warning,4.38,,FULL_ANGLE
0,124.5377,t2688,LIDAR_ONLY,27.5234,27.5234,,,,,,,,13.38,2.38,drive,-29.17,front,LIDAR_ONLY
0,124.5377,t2670,LIDAR_ONLY,11.8647,11.8647,73.6168,61.7521,61.7521,83.8831,83.8831,0,0,13.38,2.38,cautious,27.95,front,LIDAR_ONLY
0,124.5377,t2670,LIDAR_ONLY,12.0006,12.0006,73.6168,61.6163,61.6163,83.6986,83.6986,0,0,13.38,2.38,cautious,19.49,front,LIDAR_ONLY
0,124.5377,t2670,LIDAR_ONLY,12.1094,12.1094,73.6168,61.5074,61.5074,83.5507,83.5507,0,0,13.38,2.38,cautious,20.50,front,LIDAR_ONLY
0,124.6119,cam_1,CAM_ONLY,17.8943,,16.5733,1.3210,,7.9703,,0,,13.69,15.07,warning,4.38,,CAMERA_ONLY
0,124.7096,cam_1,CAM_ONLY,17.9725,,16.5733,1.3992,,8.4423,,0,,14.07,15.15,warning,4.38,,CAMERA_ONLY
0,124.7872,cam_1,CAM_ONLY,17.8375,,16.5733,1.2642,,7.6279,,0,,14.65,4.52,warning,4.38,,CAMERA_ONLY
0,124.7872,t2688,LIDAR_ONLY,27.5277,27.5277,,,,,,,,14.65,4.52,drive,-29.18,front,LIDAR_ONLY
0,124.8691,cam_1,CAM_ONLY,17.8841,,16.5733,1.3107,,7.9086,,0,,12.15,21.17,warning,4.38,,CAMERA_ONLY
0,124.9439,t2694,BOTH,18.3377,16.8527,16.5733,1.7644,0.2793,10.6458,1.6854,0,1,14.84,3.97,warning,4.42,,FULL_ANGLE
0,124.9439,t2693,LIDAR_ONLY,19.0139,19.0139,73.6168,54.6029,54.6029,74.1718,74.1718,0,0,14.84,3.97,drive,19.35,front,LIDAR_ONLY
0,124.9439,t2693,LIDAR_ONLY,17.1560,17.1560,73.6168,56.4608,56.4608,76.6956,76.6956,0,0,14.84,3.97,drive,21.06,front,LIDAR_ONLY
0,125.0162,cam_1,CAM_ONLY,17.7897,,16.5733,1.2164,,7.3393,,0,,13.70,11.58,warning,4.38,,CAMERA_ONLY
0,125.0840,cam_1,CAM_ONLY,17.7789,,16.5733,1.2055,,7.2739,,0,,17.88,2.17,warning,4.38,,CAMERA_ONLY
0,125.0840,t2696,LIDAR_ONLY,27.5713,27.5713,,,,,,,,17.88,2.17,drive,-29.10,front,LIDAR_ONLY
0,125.1373,t2694,BOTH,17.8645,16.8395,16.5733,1.2912,0.2661,7.7906,1.6058,0,1,10.51,1.43,warning,4.38,,FULL_ANGLE
0,125.1373,t2696,LIDAR_ONLY,27.5517,27.5517,,,,,,,,10.51,1.43,drive,-29.22,front,LIDAR_ONLY
0,125.1373,t2693,LIDAR_ONLY,17.2438,17.2438,73.6168,56.3730,56.3730,76.5763,76.5763,0,0,10.51,1.43,drive,19.52,front,LIDAR_ONLY
0,125.1373,t2693,LIDAR_ONLY,16.9901,16.9901,73.6168,56.6268,56.6268,76.9209,76.9209,0,0,10.51,1.43,drive,21.17,front,LIDAR_ONLY
0,125.1373,t2693,LIDAR_ONLY,16.8391,16.8391,73.6168,56.7777,56.7777,77.1260,77.1260,0,0,10.51,1.43,drive,22.64,front,LIDAR_ONLY
0,125.1373,t2693,LIDAR_ONLY,16.5961,16.5961,73.6168,57.0207,57.0207,77.4561,77.4561,0,0,10.51,1.43,drive,19.94,front,LIDAR_ONLY
0,125.2120,cam_1,CAM_ONLY,17.7986,,16.5733,1.2252,,7.3927,,0,,12.48,15.65,warning,4.38,,CAMERA_ONLY
0,125.2843,cam_1,CAM_ONLY,17.8986,,16.5733,1.3252,,7.9963,,0,,19.61,4.11,warning,4.38,,CAMERA_ONLY
0,125.2843,t2696,LIDAR_ONLY,27.5538,27.5538,,,,,,,,19.61,4.11,drive,-29.11,front,LIDAR_ONLY
0,125.3731,cam_1,CAM_ONLY,18.1339,,16.5733,1.5605,,9.4160,,0,,17.83,7.28,warning,4.38,,CAMERA_ONLY
0,125.4686,cam_1,CAM_ONLY,18.2798,,16.5733,1.7064,,10.2963,,0,,9.70,12.71,warning,4.42,,CAMERA_ONLY
0,125.5316,cam_1,CAM_ONLY,17.8014,,16.5733,1.2280,,7.4097,,0,,13.07,2.48,warning,4.38,,CAMERA_ONLY
0,125.5316,t2696,LIDAR_ONLY,27.5392,27.5392,,,,,,,,13.07,2.48,drive,-29.16,front,LIDAR_ONLY
0,125.5997,cam_1,CAM_ONLY,18.1777,,16.5733,1.6044,,9.6803,,0,,13.22,8.07,warning,4.38,,CAMERA_ONLY
0,125.5997,t2710,LIDAR_ONLY,17.0168,17.0168,73.6168,56.6000,56.6000,76.8846,76.8846,0,0,13.22,8.07,drive,20.69,front,LIDAR_ONLY
0,125.6858,cam_1,CAM_ONLY,18.2684,,16.5733,1.6950,,10.2274,,0,,21.50,8.49,warning,4.42,,CAMERA_ONLY
0,125.7727,cam_1,CAM_ONLY,17.7305,,16.5733,1.1572,,6.9821,,0,,20.89,5.28,warning,4.38,,CAMERA_ONLY
0,125.8314,cam_1,CAM_ONLY,17.6577,,16.5733,1.0843,,6.5427,,0,,9.64,2.31,warning,4.38,,CAMERA_ONLY
0,125.8314,t2716,LIDAR_ONLY,27.5334,27.5334,,,,,,,,9.64,2.31,drive,-29.31,front,LIDAR_ONLY
0,125.8994,cam_1,CAM_ONLY,17.7942,,16.5733,1.2209,,7.3665,,0,,11.44,7.59,warning,4.38,,CAMERA_ONLY
0,125.8994,t2721,LIDAR_ONLY,15.6655,15.6655,73.6168,57.9514,57.9514,78.7203,78.7203,0,0,11.44,7.59,drive,21.80,front,LIDAR_ONLY
0,125.9647,cam_1,CAM_ONLY,17.6436,,16.5733,1.0702,,6.4574,,0,,11.97,4.17,warning,4.42,,CAMERA_ONLY
0,126.0340,t2722,BOTH,17.7066,16.8181,16.5733,1.1333,0.2447,6.8379,1.4766,0,1,13.58,1.94,warning,4.38,,FULL_ANGLE
0,126.0340,t2716,LIDAR_ONLY,27.5336,27.5336,,,,,,,,13.58,1.94,drive,-29.17,front,LIDAR_ONLY
0,126.1107,cam_1,CAM_ONLY,17.9523,,16.5733,1.3790,,8.3204,,0,,13.14,15.13,warning,4.38,,CAMERA_ONLY
0,126.1840,cam_1,CAM_ONLY,17.7476,,16.5733,1.1743,,7.0853,,0,,15.91,2.91,warning,4.38,,CAMERA_ONLY
0,126.1840,t2716,LIDAR_ONLY,27.5220,27.5220,,,,,,,,15.91,2.91,drive,-29.22,front,LIDAR_ONLY
0,126.2781,cam_1,CAM_ONLY,17.9167,,16.5733,1.3433,,8.1053,,0,,23.54,6.08,warning,4.38,,CAMERA_ONLY
0,126.3397,t2730,BOTH,17.8913,16.8334,16.5733,1.3179,0.2601,7.9520,1.5694,0,1,11.53,3.05,warning,4.38,,FULL_ANGLE
0,126.3397,t2729,LIDAR_ONLY,17.9443,17.9443,73.6168,55.6725,55.6725,75.6247,75.6247,0,0,11.53,3.05,drive,20.03,front,LIDAR_ONLY
0,126.4157,cam_1,CAM_ONLY,17.8341,,16.5733,1.2608,,7.6071,,0,,12.46,17.35,warning,4.38,,CAMERA_ONLY
0,126.5000,cam_1,CAM_ONLY,17.8761,,16.5733,1.3028,,7.8605,,0,,17.30,6.75,warning,4.38,,CAMERA_ONLY
0,126.5761,cam_1,CAM_ONLY,18.1037,,16.5733,1.5304,,9.2340,,0,,19.85,5.95,warning,4.38,,CAMERA_ONLY
0,126.6562,cam_1,CAM_ONLY,18.3151,,16.5733,1.7417,,10.5092,,0,,15.06,13.18,warning,4.42,,CAMERA_ONLY
0,126.7206,cam_1,CAM_ONLY,17.7286,,16.5733,1.1552,,6.9703,,0,,10.15,3.46,warning,4.38,,CAMERA_ONLY
0,126.7802,cam_1,CAM_ONLY,17.9473,,16.5733,1.3739,,8.2899,,0,,14.74,2.36,warning,4.38,,CAMERA_ONLY
0,126.7802,t2739,LIDAR_ONLY,27.5053,27.5053,,,,,,,,14.74,2.36,drive,-29.35,front,LIDAR_ONLY
0,126.8556,cam_1,CAM_ONLY,17.7757,,16.5733,1.2024,,7.2547,,0,,12.41,10.21,warning,4.38,,CAMERA_ONLY
0,126.9284,cam_1,CAM_ONLY,17.9106,,16.5733,1.3372,,8.0687,,0,,22.39,3.46,warning,4.38,,CAMERA_ONLY
0,126.9284,t2739,LIDAR_ONLY,27.5080,27.5080,,,,,,,,22.39,3.46,drive,-29.13,front,LIDAR_ONLY
0,127.0148,cam_1,CAM_ONLY,17.7624,,16.5733,1.1890,,7.1742,,0,,20.48,17.76,warning,4.38,,CAMERA_ONLY
0,127.1127,cam_1,CAM_ONLY,17.8216,,16.5733,1.2482,,7.5315,,0,,21.28,17.21,warning,4.38,,CAMERA_ONLY
0,127.1754,cam_1,CAM_ONLY,17.8095,,16.5733,1.2362,,7.4588,,0,,10.17,5.08,warning,4.38,,CAMERA_ONLY
0,127.2512,cam_1,CAM_ONLY,17.7915,,16.5733,1.2181,,7.3498,,0,,15.84,9.73,warning,4.38,,CAMERA_ONLY
0,127.3171,cam_1,CAM_ONLY,17.9469,,16.5733,1.3736,,8.2878,,0,,12.64,3.22,warning,4.38,,CAMERA_ONLY
0,127.3781,cam_1,CAM_ONLY,17.6449,,16.5733,1.0715,,6.4652,,0,,11.09,5.75,warning,4.38,,CAMERA_ONLY
0,127.4773,cam_1,CAM_ONLY,17.6762,,16.5733,1.1028,,6.6541,,0,,13.47,5.60,warning,4.38,,CAMERA_ONLY
0,127.5494,cam_1,CAM_ONLY,17.7895,,16.5733,1.2161,,7.3378,,0,,12.00,9.30,warning,4.38,,CAMERA_ONLY
0,127.6156,cam_1,CAM_ONLY,17.8269,,16.5733,1.2535,,7.5634,,0,,13.53,2.96,warning,4.38,,CAMERA_ONLY
0,127.6793,cam_1,CAM_ONLY,17.8662,,16.5733,1.2929,,7.8011,,0,,13.07,4.87,warning,4.38,,CAMERA_ONLY
0,127.7576,cam_1,CAM_ONLY,17.7462,,16.5733,1.1728,,7.0767,,0,,15.43,11.50,warning,4.38,,CAMERA_ONLY
0,127.8283,cam_1,CAM_ONLY,17.7178,,16.5733,1.1444,,6.9052,,0,,16.41,4.56,warning,4.38,,CAMERA_ONLY
0,127.8891,t2764,BOTH,17.6255,16.8041,16.5733,1.0522,0.2307,6.3485,1.3922,0,1,14.20,1.65,warning,4.38,,FULL_ANGLE
0,127.8891,t2763,LIDAR_ONLY,10.8825,10.8825,73.6168,62.7343,62.7343,85.2174,85.2174,0,0,14.20,1.65,cautious,28.30,front,LIDAR_ONLY
0,127.8891,t2763,LIDAR_ONLY,11.1110,11.1110,73.6168,62.5058,62.5058,84.9069,84.9069,0,0,14.20,1.65,cautious,20.75,front,LIDAR_ONLY
0,127.9604,cam_1,CAM_ONLY,17.6735,,16.5733,1.1001,,6.6379,,0,,13.05,9.33,warning,4.38,,CAMERA_ONLY
0,128.0286,cam_1,CAM_ONLY,17.7273,,16.5733,1.1540,,6.9628,,0,,14.58,6.03,warning,4.38,,CAMERA_ONLY
0,128.0956,cam_1,CAM_ONLY,17.7223,,16.5733,1.1490,,6.9328,,0,,9.46,5.38,warning,4.38,,CAMERA_ONLY
0,128.0956,t2763,LIDAR_ONLY,11.3842,11.3842,73.6168,62.2326,62.2326,84.5359,84.5359,0,0,9.46,5.38,cautious,20.35,front,LIDAR_ONLY
0,128.0956,t2763,LIDAR_ONLY,11.6093,11.6093,73.6168,62.0075,62.0075,84.2301,84.2301,0,0,9.46,5.38,cautious,22.61,front,LIDAR_ONLY
0,128.0956,t2763,LIDAR_ONLY,11.8023,11.8023,73.6168,61.8145,61.8145,83.9679,83.9679,0,0,9.46,5.38,cautious,21.60,front,LIDAR_ONLY
0,128.1635,cam_1,CAM_ONLY,17.6816,,16.5733,1.1082,,6.6869,,0,,12.68,6.68,warning,4.38,,CAMERA_ONLY
0,128.2294,cam_1,CAM_ONLY,17.7096,,16.5733,1.1363,,6.8562,,0,,12.08,3.72,warning,4.38,,CAMERA_ONLY
0,128.3175,cam_1,CAM_ONLY,17.7222,,16.5733,1.1489,,6.9319,,0,,17.33,16.10,warning,4.38,,CAMERA_ONLY
0,128.4133,cam_1,CAM_ONLY,17.8188,,16.5733,1.2454,,7.5146,,0,,18.59,20.49,warning,4.38,,CAMERA_ONLY
0,128.4782,cam_1,CAM_ONLY,18.1610,,16.5733,1.5877,,9.5797,,0,,11.16,5.49,warning,4.38,,CAMERA_ONLY
0,128.5463,t2775,BOTH,18.1655,16.9382,16.5733,1.5922,0.3648,9.6069,2.2011,0,1,13.04,6.40,warning,4.38,,FULL_ANGLE
0,128.5463,t2774,LIDAR_ONLY,18.5810,18.5810,73.6168,55.0358,55.0358,74.7598,74.7598,0,0,13.04,6.40,drive,19.62,front,LIDAR_ONLY
0,128.5463,t2774,LIDAR_ONLY,18.0099,18.0099,73.6168,55.6070,55.6070,75.5357,75.5357,0,0,13.04,6.40,drive,20.46,front,LIDAR_ONLY
0,128.6127,cam_1,CAM_ONLY,18.0821,,16.5733,1.5087,,9.1033,,0,,11.43,4.73,warning,4.38,,CAMERA_ONLY
0,128.6791,cam_1,CAM_ONLY,18.0189,,16.5733,1.4456,,8.7223,,0,,18.67,3.04,warning,4.38,,CAMERA_ONLY
0,128.6791,t2776,LIDAR_ONLY,27.4960,27.4960,,,,,,,,18.67,3.04,drive,-29.15,front,LIDAR_ONLY
0,128.7527,t2775,BOTH,18.0507,16.8426,16.5733,1.4774,0.2693,8.9143,1.6249,0,1,12.15,7.58,warning,4.38,,FULL_ANGLE
0,128.8285,cam_1,CAM_ONLY,17.8907,,16.5733,1.3173,,7.9484,,0,,17.94,5.34,warning,4.38,,CAMERA_ONLY
0,128.9123,cam_1,CAM_ONLY,18.1138,,16.5733,1.5404,,9.2946,,0,,16.22,13.67,warning,4.38,,CAMERA_ONLY
0,128.9814,cam_1,CAM_ONLY,17.7788,,16.5733,1.2055,,7.2735,,0,,15.19,1.47,warning,4.38,,CAMERA_ONLY
0,128.9814,t2785,LIDAR_ONLY,27.5501,27.5501,,,,,,,,15.19,1.47,drive,-29.26,front,LIDAR_ONLY
0,129.0632,cam_1,CAM_ONLY,17.7069,,16.5733,1.1336,,6.8398,,0,,13.53,18.28,warning,4.38,,CAMERA_ONLY
0,129.1370,t2790,BOTH,17.8555,16.8575,16.5733,1.2821,0.2842,7.7361,1.7146,0,1,15.64,2.23,warning,4.38,,FULL_ANGLE
0,129.1370,t2789,LIDAR_ONLY,18.6896,18.6896,73.6168,54.9273,54.9273,74.6124,74.6124,0,0,15.64,2.23,drive,19.55,front,LIDAR_ONLY
0,129.1370,t2789,LIDAR_ONLY,17.5898,17.5898,73.6168,56.0270,56.0270,76.1062,76.1062,0,0,15.64,2.23,drive,20.69,front,LIDAR_ONLY
0,129.2139,cam_1,CAM_ONLY,17.8283,,16.5733,1.2550,,7.5723,,0,,12.15,17.15,warning,4.38,,CAMERA_ONLY
0,129.3000,cam_1,CAM_ONLY,18.2616,,16.5733,1.6883,,10.1868,,0,,16.90,8.05,warning,4.42,,CAMERA_ONLY
0,129.3000,t2789,LIDAR_ONLY,17.6696,17.6696,73.6168,55.9473,55.9473,75.9979,75.9979,0,0,16.90,8.05,drive,19.50,front,LIDAR_ONLY
0,129.3000,t2789,LIDAR_ONLY,17.7022,17.7022,73.6168,55.9146,55.9146,75.9536,75.9536,0,0,16.90,8.05,drive,20.35,front,LIDAR_ONLY
0,129.3737,cam_1,CAM_ONLY,18.2800,,16.5733,1.7067,,10.2976,,0,,12.68,5.46,warning,4.42,,CAMERA_ONLY
0,129.4592,cam_1,CAM_ONLY,17.8371,,16.5733,1.2637,,7.6251,,0,,16.75,14.75,warning,4.38,,CAMERA_ONLY
0,129.5277,cam_1,CAM_ONLY,17.8282,,16.5733,1.2549,,7.5718,,0,,13.18,3.85,warning,4.38,,CAMERA_ONLY
0,129.5937,t2802,BOTH,17.6760,16.8260,16.5733,1.1027,0.2527,6.6534,1.5246,0,1,16.73,5.28,warning,4.38,,FULL_ANGLE
0,129.5937,t2801,LIDAR_ONLY,16.9205,16.9205,73.6168,56.6963,56.6963,77.0154,77.0154,0,0,16.73,5.28,drive,20.77,front,LIDAR_ONLY
0,129.6675,cam_1,CAM_ONLY,17.6730,,16.5733,1.0997,,6.6352,,0,,14.28,5.54,warning,4.38,,CAMERA_ONLY
0,129.7618,cam_1,CAM_ONLY,17.9611,,16.5733,1.3878,,8.3736,,0,,19.23,4.60,warning,4.38,,CAMERA_ONLY
0,129.8284,cam_1,CAM_ONLY,17.9858,,16.5733,1.4124,,8.5222,,0,,11.96,9.00,warning,4.38,,CAMERA_ONLY
0,129.8926,t2809,BOTH,17.6893,16.8425,16.5733,1.1159,0.2691,6.7333,1.6240,0,1,12.46,5.22,warning,4.38,,FULL_ANGLE
0,129.9682,cam_1,CAM_ONLY,17.6745,,16.5733,1.1011,,6.6441,,0,,16.15,12.66,warning,4.38,,CAMERA_ONLY
0,130.0464,t2809,BOTH,17.9380,16.8361,16.5733,1.3646,0.2627,8.2339,1.5854,0,1,12.93,6.60,warning,4.38,,FULL_ANGLE
0,130.0464,t2811,LIDAR_ONLY,18.6296,18.6296,73.6168,54.9872,54.9872,74.6938,74.6938,0,0,12.93,6.60,drive,19.59,front,LIDAR_ONLY
0,130.0464,t2811,LIDAR_ONLY,16.7769,16.7769,73.6168,56.8399,56.8399,77.2105,77.2105,0,0,12.93,6.60,drive,21.35,front,LIDAR_ONLY
0,130.1304,cam_1,CAM_ONLY,17.9172,,16.5733,1.3438,,8.1084,,0,,14.10,6.26,warning,4.38,,CAMERA_ONLY
0,130.2046,cam_1,CAM_ONLY,17.7552,,16.5733,1.1818,,7.1310,,0,,12.23,11.08,warning,4.38,,CAMERA_ONLY
0,130.2763,cam_1,CAM_ONLY,17.9250,,16.5733,1.3516,,8.1553,,0,,14.97,5.58,warning,4.38,,CAMERA_ONLY
0,130.3447,t2819,BOTH,17.6715,16.7945,16.5733,1.0982,0.2211,6.6263,1.3342,0,1,11.59,4.34,warning,4.38,,FULL_ANGLE
0,130.3447,t2818,LIDAR_ONLY,11.1281,11.1281,8.7620,2.3661,2.3661,27.0046,27.0046,0,0,11.59,4.34,cautious,-11.10,front,LIDAR_ONLY
0,130.4127,cam_1,CAM_ONLY,17.6838,,16.5733,1.1104,,6.7000,,0,,15.59,4.27,warning,4.38,,CAMERA_ONLY
0,130.4840,t2819,BOTH,17.6005,16.7985,16.5733,1.0272,0.2251,6.1977,1.3585,0,1,20.10,1.53,warning,4.42,,FULL_ANGLE
0,130.4840,t2820,LIDAR_ONLY,27.5417,27.5417,,,,,,,,20.10,1.53,drive,-29.22,front,LIDAR_ONLY
0,130.4840,t2821,LIDAR_ONLY,14.3954,14.3954,73.6168,59.2214,59.2214,80.4455,80.4455,0,0,20.10,1.53,cautious,23.03,front,LIDAR_ONLY
0,130.4840,t2821,LIDAR_ONLY,14.5242,14.5242,73.6168,59.0926,59.0926,80.2705,80.2705,0,0,20.10,1.53,cautious,19.87,front,LIDAR_ONLY
0,130.4840,t2818,LIDAR_ONLY,11.4831,11.4831,11.9979,0.5149,0.5149,4.2912,4.2912,1,1,20.10,1.53,cautious,-9.03,front,LIDAR_ONLY
0,130.4840,t2818,LIDAR_ONLY,11.7552,11.7552,11.9979,0.2427,0.2427,2.0230,2.0230,1,1,20.10,1.53,cautious,-13.05,front,LIDAR_ONLY
0,130.5607,cam_1,CAM_ONLY,17.7179,,16.5733,1.1445,,6.9059,,0,,11.85,17.97,warning,4.42,,CAMERA_ONLY
0,130.6292,cam_1,CAM_ONLY,17.7194,,16.5733,1.1461,,6.9153,,0,,17.98,3.96,warning,4.38,,CAMERA_ONLY
0,130.6292,t2820,LIDAR_ONLY,27.5455,27.5455,,,,,,,,17.98,3.96,drive,-29.26,front,LIDAR_ONLY
0,130.6880,t2819,BOTH,17.7622,16.8036,16.5733,1.1888,0.2303,7.1732,1.3894,0,1,12.59,2.21,warning,4.38,,FULL_ANGLE
0,130.6880,t2821,LIDAR_ONLY,11.3085,11.3085,,,,,,,,12.59,2.21,cautious,29.57,front,LIDAR_ONLY
0,130.6880,t2829,LIDAR_ONLY,18.8496,18.8496,73.6168,54.7672,54.7672,74.3950,74.3950,0,0,12.59,2.21,drive,19.45,front,LIDAR_ONLY
0,130.6880,t2818,LIDAR_ONLY,12.0772,12.0772,16.5354,4.4582,4.4582,26.9614,26.9614,0,0,12.59,2.21,cautious,-7.57,front,LIDAR_ONLY
0,130.6880,t2818,LIDAR_ONLY,12.5013,12.5013,16.5354,4.0341,4.0341,24.3968,24.3968,0,0,12.59,2.21,cautious,-8.38,front,LIDAR_ONLY
0,130.7611,cam_1,CAM_ONLY,18.7620,,16.5733,2.1886,,13.2057,,0,,12.02,14.81,warning,4.38,,CAMERA_ONLY
0,130.8452,t2819,BOTH,19.1691,16.8098,16.5733,2.5958,0.2365,15.6624,1.4269,0,1,15.28,5.77,warning,4.42,,FULL_ANGLE
0,130.8452,t2829,LIDAR_ONLY,17.1433,17.1433,73.6168,56.4735,56.4735,76.7128,76.7128,0,0,15.28,5.77,drive,20.78,front,LIDAR_ONLY
0,130.8452,t2818,LIDAR_ONLY,13.3392,13.3392,20.2521,6.9129,6.9129,34.1342,34.1342,0,0,15.28,5.77,cautious,-4.78,front,LIDAR_ONLY
0,130.9146,cam_1,CAM_ONLY,18.8629,,16.5733,2.2895,,13.8144,,0,,11.28,2.39,warning,4.38,,CAMERA_ONLY
0,130.9840,cam_1,CAM_ONLY,18.1592,,16.5733,1.5858,,9.5686,,0,,11.96,6.37,warning,4.33,,CAMERA_ONLY
0,131.0701,cam_1,CAM_ONLY,17.5999,,16.5733,1.0266,,6.1942,,0,,21.59,10.03,warning,4.33,,CAMERA_ONLY
0,131.1353,t2841,BOTH,17.4862,16.8080,16.5733,0.9128,0.2346,5.5077,1.4156,1,1,12.82,1.31,warning,4.33,,FULL_ANGLE
0,131.1353,t2839,LIDAR_ONLY,27.5561,27.5561,,,,,,,,12.82,1.31,drive,-29.14,front,LIDAR_ONLY
0,131.1353,t2840,LIDAR_ONLY,16.2085,16.2085,73.6168,57.4083,57.4083,77.9826,77.9826,0,0,12.82,1.31,drive,21.33,front,LIDAR_ONLY
0,131.2825,cam_1,CAM_ONLY,19.9841,,16.5745,3.4097,,20.5717,,0,,21.65,2.60,safe,4.33,,CAMERA_ONLY
0,131.2825,t2839,LIDAR_ONLY,27.5394,27.5394,,,,,,,,21.65,2.60,drive,-29.17,front,LIDAR_ONLY
0,131.3605,cam_1,CAM_ONLY,18.9216,,16.5745,2.3472,,14.1614,,0,,11.17,15.14,warning,4.38,,CAMERA_ONLY
0,131.4278,cam_1,CAM_ONLY,18.3938,,16.5729,1.8209,,10.9869,,0,,11.84,5.34,warning,4.29,,CAMERA_ONLY
0,131.5081,cam_1,CAM_ONLY,42.0315,,35.3656,6.6659,,18.8486,,0,,15.47,13.32,safe,4.38,,CAMERA_ONLY
0,131.5872,t2855,BOTH,17.5747,16.8379,16.5711,1.0036,0.2667,6.0561,1.6097,0,1,21.45,2.79,warning,4.42,,FULL_ANGLE
0,131.5872,t2850,LIDAR_ONLY,27.5108,27.5108,,,,,,,,21.45,2.79,drive,-29.17,front,LIDAR_ONLY
0,131.5872,t2851,LIDAR_ONLY,12.5660,12.5660,73.6109,61.0449,61.0449,82.9291,82.9291,0,0,21.45,2.79,cautious,25.25,front,LIDAR_ONLY
0,131.5872,t2851,LIDAR_ONLY,12.8054,12.8054,73.6109,60.8056,60.8056,82.6040,82.6040,0,0,21.45,2.79,cautious,20.02,front,LIDAR_ONLY
0,131.5872,t2851,LIDAR_ONLY,13.0187,13.0187,73.6109,60.5923,60.5923,82.3142,82.3142,0,0,21.45,2.79,cautious,21.26,front,LIDAR_ONLY
0,131.5872,t2851,LIDAR_ONLY,13.1716,13.1716,73.6109,60.4394,60.4394,82.1065,82.1065,0,0,21.45,2.79,cautious,21.66,front,LIDAR_ONLY
0,131.6626,cam_1,CAM_ONLY,17.5833,,16.5709,1.0123,,6.1090,,0,,17.82,4.35,warning,4.42,,CAMERA_ONLY
0,131.7167,cam_1,CAM_ONLY,17.5587,,16.5709,0.9878,,5.9611,,1,,9.50,4.48,warning,4.42,,CAMERA_ONLY
0,131.7750,cam_1,CAM_ONLY,17.3795,,16.5709,0.8086,,4.8793,,1,,9.74,2.93,warning,4.42,,CAMERA_ONLY
0,131.7750,t2850,LIDAR_ONLY,27.4807,27.4807,,,,,,,,9.74,2.93,drive,-29.20,front,LIDAR_ONLY
0,131.8409,cam_1,CAM_ONLY,17.6864,,16.5709,1.1155,,6.7317,,0,,9.55,6.20,warning,4.42,,CAMERA_ONLY
0,131.8409,t2860,LIDAR_ONLY,16.5571,16.5571,73.6106,57.0535,57.0535,77.5072,77.5072,0,0,9.55,6.20,drive,21.06,front,LIDAR_ONLY
0,131.9134,cam_1,CAM_ONLY,18.0155,,16.5709,1.4446,,8.7176,,0,,11.49,15.57,warning,4.42,,CAMERA_ONLY
0,131.9785,cam_1,CAM_ONLY,18.2071,,16.5709,1.6362,,9.8742,,0,,12.72,6.22,warning,4.47,,CAMERA_ONLY
0,132.0499,t2864,BOTH,19.3531,16.8318,16.5709,2.7822,0.2609,16.7896,1.5743,0,1,9.22,3.91,warning,4.47,,FULL_ANGLE
0,132.0499,t2860,LIDAR_ONLY,16.7084,16.7084,73.6106,56.9022,56.9022,77.3017,77.3017,0,0,9.22,3.91,drive,20.00,front,LIDAR_ONLY
0,132.1132,cam_1,CAM_ONLY,19.5039,,16.5709,2.9330,,17.6997,,0,,11.45,4.87,warning,4.42,,CAMERA_ONLY
0,132.1810,cam_1,CAM_ONLY,19.3887,,16.5709,2.8178,,17.0047,,0,,18.82,3.60,warning,4.42,,CAMERA_ONLY
0,132.1810,t2865,LIDAR_ONLY,27.4435,27.4435,,,,,,,,18.82,3.60,drive,-29.28,front,LIDAR_ONLY
0,132.2508,t2864,BOTH,18.3416,16.8236,16.5709,1.7707,0.2527,10.6858,1.5249,0,1,17.08,6.60,warning,4.42,,FULL_ANGLE
0,132.2508,t2860,LIDAR_ONLY,16.7998,16.7998,73.6106,56.8108,56.8108,77.1775,77.1775,0,0,17.08,6.60,drive,20.86,front,LIDAR_ONLY
0,132.3303,cam_1,CAM_ONLY,18.0638,,16.5709,1.4929,,9.0092,,0,,13.70,6.63,warning,4.42,,CAMERA_ONLY
0,132.4238,cam_1,CAM_ONLY,18.2287,,16.5709,1.6578,,10.0043,,0,,24.19,14.68,warning,4.42,,CAMERA_ONLY
0,132.4841,t2864,BOTH,17.7188,16.8250,16.5709,1.1479,0.2541,6.9271,1.5332,0,1,9.66,1.11,warning,4.42,,FULL_ANGLE
0,132.4841,t2874,LIDAR_ONLY,27.5711,27.5711,,,,,,,,9.66,1.11,drive,-29.15,front,LIDAR_ONLY
0,132.5514,cam_1,CAM_ONLY,17.7777,,16.5709,1.2068,,7.2827,,0,,11.02,9.44,warning,4.42,,CAMERA_ONLY
0,132.5514,t2878,LIDAR_ONLY,16.6412,16.6412,73.6106,56.9694,56.9694,77.3929,77.3929,0,0,11.02,9.44,drive,20.99,front,LIDAR_ONLY
0,132.6139,cam_1,CAM_ONLY,17.7459,,16.5709,1.1750,,7.0910,,0,,10.98,4.01,warning,4.42,,CAMERA_ONLY
0,132.6734,cam_1,CAM_ONLY,17.7713,,16.5709,1.2004,,7.2441,,0,,9.48,4.04,warning,4.38,,CAMERA_ONLY
0,132.7508,t2882,BOTH,17.7672,16.8152,16.5709,1.1963,0.2443,7.2195,1.4745,0,1,16.52,7.68,warning,4.42,,FULL_ANGLE
0,132.7508,t2878,LIDAR_ONLY,16.6676,16.6676,73.6106,56.9430,56.9430,77.3571,77.3571,0,0,16.52,7.68,drive,20.86,front,LIDAR_ONLY
0,132.8143,cam_1,CAM_ONLY,17.7372,,16.5709,1.1663,,7.0381,,0,,15.08,2.82,warning,4.38,,CAMERA_ONLY
0,132.8798,cam_1,CAM_ONLY,17.6863,,16.5709,1.1154,,6.7308,,0,,15.22,3.68,warning,4.42,,CAMERA_ONLY
0,132.9465,t2882,BOTH,17.6120,16.9119,16.5709,1.0411,0.3410,6.2828,2.0580,0,1,13.29,4.45,warning,4.42,,FULL_ANGLE
0,132.9465,t2878,LIDAR_ONLY,16.7573,16.7573,73.6106,56.8533,56.8533,77.2351,77.2351,0,0,13.29,4.45,drive,19.61,front,LIDAR_ONLY
0,132.9465,t2878,LIDAR_ONLY,16.7902,16.7902,73.6106,56.8204,56.8204,77.1906,77.1906,0,0,13.29,4.45,drive,21.58,front,LIDAR_ONLY
0,132.9465,t2882,LIDAR_ONLY,16.8863,16.8863,16.5709,0.3154,0.3154,1.9033,1.9033,1,1,13.29,4.45,drive,4.10,front,LIDAR_ONLY
0,133.0363,t2882,BOTH,18.1603,16.9173,16.5709,1.5894,0.3464,9.5916,2.0902,0,1,16.97,1.78,warning,4.42,,FULL_ANGLE
0,133.0363,t2886,LIDAR_ONLY,27.5507,27.5507,,,,,,,,16.97,1.78,drive,-29.17,front,LIDAR_ONLY
0,133.0363,t2878,LIDAR_ONLY,16.8792,16.8792,73.6106,56.7314,56.7314,77.0696,77.0696,0,0,16.97,1.78,drive,19.69,front,LIDAR_ONLY
0,133.0363,t2878,LIDAR_ONLY,16.9267,16.9267,73.6106,56.6839,56.6839,77.0050,77.0050,0,0,16.97,1.78,drive,21.28,front,LIDAR_ONLY
0,133.0363,t2878,LIDAR_ONLY,16.6378,16.6378,73.6106,56.9729,56.9729,77.3976,77.3976,0,0,16.97,1.78,drive,22.88,front,LIDAR_ONLY
0,133.1133,cam_1,CAM_ONLY,18.3849,,16.5709,1.8140,,10.9469,,0,,9.55,14.49,warning,4.42,,CAMERA_ONLY
0,133.1683,cam_1,CAM_ONLY,18.2075,,16.5709,1.6366,,9.8761,,0,,11.05,2.32,warning,4.42,,CAMERA_ONLY
0,133.2285,cam_1,CAM_ONLY,17.8435,,16.5709,1.2726,,7.6797,,0,,13.16,3.62,warning,4.42,,CAMERA_ONLY
0,133.2861,cam_1,CAM_ONLY,17.8823,,16.5709,1.3114,,7.9139,,0,,12.81,2.84,warning,4.42,,CAMERA_ONLY
0,133.2861,t2896,LIDAR_ONLY,27.4837,27.4837,,,,,,,,12.81,2.84,drive,-29.22,front,LIDAR_ONLY
0,133.3551,cam_1,CAM_ONLY,17.9342,,16.5709,1.3633,,8.2270,,0,,12.41,10.54,warning,4.42,,CAMERA_ONLY
0,133.4229,cam_1,CAM_ONLY,17.8854,,16.5709,1.3145,,7.9325,,0,,10.39,3.29,warning,4.42,,CAMERA_ONLY
0,133.4911,t2906,BOTH,17.8407,16.8365,16.5709,1.2698,0.2656,7.6627,1.6027,0,1,13.18,3.29,warning,4.42,,FULL_ANGLE
0,133.4911,t2905,LIDAR_ONLY,17.8748,17.8748,73.6106,55.7359,55.7359,75.7171,75.7171,0,0,13.18,3.29,drive,20.09,front,LIDAR_ONLY
0,133.4911,t2905,LIDAR_ONLY,15.7755,15.7755,73.6106,57.8352,57.8352,78.5690,78.5690,0,0,13.18,3.29,drive,22.73,front,LIDAR_ONLY
0,133.4911,t2905,LIDAR_ONLY,15.7950,15.7950,73.6106,57.8156,57.8156,78.5425,78.5425,0,0,13.18,3.29,drive,21.45,front,LIDAR_ONLY
0,133.5700,cam_1,CAM_ONLY,17.5726,,16.5709,1.0017,,6.0451,,0,,17.50,5.17,warning,4.42,,CAMERA_ONLY
0,133.6299,cam_1,CAM_ONLY,17.6362,,16.5709,1.0653,,6.4285,,0,,9.53,4.97,warning,4.42,,CAMERA_ONLY
0,133.6870,t2906,BOTH,17.7920,16.8395,16.5709,1.2211,0.2686,7.3687,1.6208,0,1,9.36,1.40,warning,4.42,,FULL_ANGLE
0,133.6870,t2905,LIDAR_ONLY,12.1724,12.1724,73.6106,61.4382,61.4382,83.4638,83.4638,0,0,9.36,1.40,cautious,27.42,front,LIDAR_ONLY
0,133.6870,t2905,LIDAR_ONLY,12.3518,12.3518,73.6106,61.2588,61.2588,83.2200,83.2200,0,0,9.36,1.40,cautious,21.22,front,LIDAR_ONLY
0,133.7597,cam_1,CAM_ONLY,17.6319,,16.5709,1.0610,,6.4029,,0,,17.79,5.70,warning,4.42,,CAMERA_ONLY
0,133.8631,cam_1,CAM_ONLY,17.3428,,16.5709,0.7719,,4.6580,,1,,12.42,10.51,warning,4.42,,CAMERA_ONLY
0,133.9316,cam_1,CAM_ONLY,17.8553,,16.5709,1.2844,,7.7510,,0,,16.85,2.05,warning,4.42,,CAMERA_ONLY
0,133.9316,t2911,LIDAR_ONLY,27.4963,27.4963,,,,,,,,16.85,2.05,drive,-29.13,front,LIDAR_ONLY
0,133.9881,t2915,BOTH,17.6558,16.8038,16.5709,1.0849,0.2329,6.5469,1.4057,0,1,10.92,1.41,warning,4.42,,FULL_ANGLE
0,133.9881,t2911,LIDAR_ONLY,27.5049,27.5049,,,,,,,,10.92,1.41,drive,-29.16,front,LIDAR_ONLY
0,133.9881,t2914,LIDAR_ONLY,13.4983,13.4983,73.6106,60.1123,60.1123,81.6626,81.6626,0,0,10.92,1.41,cautious,24.05,front,LIDAR_ONLY
0,134.0579,cam_1,CAM_ONLY,17.6380,,16.5709,1.0671,,6.4395,,0,,9.32,14.29,warning,4.38,,CAMERA_ONLY
0,134.1218,cam_1,CAM_ONLY,17.6226,,16.5709,1.0516,,6.3463,,0,,12.48,4.70,warning,4.42,,CAMERA_ONLY
0,134.2140,cam_1,CAM_ONLY,17.6725,,16.5709,1.1016,,6.6478,,0,,13.01,4.25,warning,4.42,,CAMERA_ONLY
0,134.2775,cam_1,CAM_ONLY,17.8128,,16.5709,1.2419,,7.4946,,0,,14.36,6.17,warning,4.38,,CAMERA_ONLY
0,134.3437,cam_1,CAM_ONLY,17.5657,,16.5709,0.9948,,6.0031,,1,,13.64,5.13,warning,4.42,,CAMERA_ONLY
0,134.3437,t2923,LIDAR_ONLY,17.3470,17.3470,73.6106,56.2636,56.2636,76.4341,76.4341,0,0,13.64,5.13,drive,20.46,front,LIDAR_ONLY
0,134.4139,cam_1,CAM_ONLY,17.8415,,16.5709,1.2706,,7.6677,,0,,9.50,7.03,warning,4.42,,CAMERA_ONLY
0,134.4833,cam_1,CAM_ONLY,17.8130,,16.5709,1.2421,,7.4954,,0,,15.47,2.52,warning,4.42,,CAMERA_ONLY
0,134.4833,t2926,LIDAR_ONLY,27.5671,27.5671,,,,,,,,15.47,2.52,drive,-29.03,front,LIDAR_ONLY
0,134.5573,cam_1,CAM_ONLY,17.7119,,16.5709,1.1410,,6.8854,,0,,14.20,12.30,warning,4.42,,CAMERA_ONLY
0,134.6231,cam_1,CAM_ONLY,17.5450,,16.5709,0.9741,,5.8784,,1,,18.49,4.18,warning,4.42,,CAMERA_ONLY
0,134.7294,cam_1,CAM_ONLY,17.6873,,16.5709,1.1164,,6.7372,,0,,16.85,6.13,warning,4.38,,CAMERA_ONLY
0,134.8057,cam_1,CAM_ONLY,17.5534,,16.5709,0.9825,,5.9290,,1,,14.45,10.49,warning,4.42,,CAMERA_ONLY
0,134.8819,cam_1,CAM_ONLY,17.6622,,16.5709,1.0913,,6.5857,,0,,19.97,5.53,warning,4.42,,CAMERA_ONLY
0,134.9768,cam_1,CAM_ONLY,17.8686,,16.5709,1.2977,,7.8311,,0,,14.78,17.20,warning,4.42,,CAMERA_ONLY
0,135.0454,cam_1,CAM_ONLY,17.6340,,16.5709,1.0631,,6.4153,,0,,12.18,5.09,warning,4.42,,CAMERA_ONLY
0,135.0454,t2942,LIDAR_ONLY,18.4135,18.4135,73.6106,55.1971,55.1971,74.9853,74.9853,0,0,12.18,5.09,drive,19.73,front,LIDAR_ONLY
0,135.1132,cam_1,CAM_ONLY,17.7824,,16.5709,1.2115,,7.3110,,0,,15.21,5.30,warning,4.42,,CAMERA_ONLY
0,135.1823,cam_1,CAM_ONLY,17.5007,,16.5709,0.9298,,5.6111,,1,,14.43,3.20,warning,4.42,,CAMERA_ONLY
0,135.1823,t2943,LIDAR_ONLY,27.4757,27.4757,,,,,,,,14.43,3.20,drive,-29.32,front,LIDAR_ONLY
0,135.2697,cam_1,CAM_ONLY,17.7386,,16.5709,1.1677,,7.0465,,0,,22.08,17.19,warning,4.42,,CAMERA_ONLY
0,135.3297,cam_1,CAM_ONLY,17.3606,,16.5709,0.7897,,4.7655,,1,,9.69,4.90,warning,4.42,,CAMERA_ONLY
0,135.4090,cam_1,CAM_ONLY,17.4361,,16.5709,0.8652,,5.2211,,1,,13.46,14.00,warning,4.42,,CAMERA_ONLY
0,135.4678,cam_1,CAM_ONLY,17.4188,,16.5709,0.8479,,5.1170,,1,,12.22,2.08,warning,4.42,,CAMERA_ONLY
0,135.5309,cam_1,CAM_ONLY,17.6038,,16.5709,1.0329,,6.2331,,0,,12.27,2.31,warning,4.42,,CAMERA_ONLY
0,135.5309,t2956,LIDAR_ONLY,27.5239,27.5239,,,,,,,,12.27,2.31,drive,-29.16,front,LIDAR_ONLY
0,135.6082,cam_1,CAM_ONLY,18.1000,,16.5709,1.5291,,9.2274,,0,,12.82,15.15,warning,4.42,,CAMERA_ONLY
0,135.6784,cam_1,CAM_ONLY,17.4648,,16.5709,0.8939,,5.3944,,1,,11.67,5.88,warning,4.42,,CAMERA_ONLY
0,135.7548,cam_1,CAM_ONLY,17.8320,,16.5709,1.2610,,7.6100,,0,,17.31,7.98,warning,4.42,,CAMERA_ONLY
0,135.8349,cam_1,CAM_ONLY,17.5391,,16.5709,0.9682,,5.8429,,1,,17.93,6.78,warning,4.42,,CAMERA_ONLY
0,135.9146,cam_1,CAM_ONLY,17.4784,,16.5709,0.9075,,5.4763,,1,,12.82,16.18,warning,4.42,,CAMERA_ONLY
0,135.9766,cam_1,CAM_ONLY,17.3436,,16.5709,0.7727,,4.6631,,1,,9.84,3.55,warning,4.42,,CAMERA_ONLY
0,136.0475,t2971,BOTH,17.3443,17.0148,16.5709,0.7734,0.4439,4.6672,2.6785,1,1,16.80,5.86,warning,4.42,,FULL_ANGLE
0,136.0475,t2970,LIDAR_ONLY,18.2154,18.2154,73.6106,55.3952,55.3952,75.2544,75.2544,0,0,16.80,5.86,drive,19.86,front,LIDAR_ONLY
0,136.0475,t2970,LIDAR_ONLY,16.3665,16.3665,73.6106,57.2441,57.2441,77.7661,77.7661,0,0,16.80,5.86,drive,22.16,front,LIDAR_ONLY
0,136.0475,t2971,LIDAR_ONLY,17.5886,17.5886,16.5709,1.0176,1.0176,6.1412,6.1412,0,0,16.80,5.86,drive,4.15,front,LIDAR_ONLY
0,136.1156,cam_1,CAM_ONLY,17.5220,,16.5709,0.9510,,5.7393,,1,,9.40,12.98,warning,4.42,,CAMERA_ONLY
0,136.2026,cam_1,CAM_ONLY,17.6641,,16.5709,1.0932,,6.5973,,0,,14.40,11.28,warning,4.38,,CAMERA_ONLY
0,136.2647,cam_1,CAM_ONLY,17.6313,,16.5709,1.0604,,6.3993,,0,,12.06,4.32,warning,4.38,,CAMERA_ONLY
0,136.3338,t2977,BOTH,17.6442,16.7944,16.5709,1.0733,0.2235,6.4769,1.3490,0,1,21.21,1.42,warning,4.38,,FULL_ANGLE
0,136.3338,t2975,LIDAR_ONLY,27.5037,27.5037,,,,,,,,21.21,1.42,drive,-29.23,front,LIDAR_ONLY
0,136.4018,cam_1,CAM_ONLY,17.6132,,16.5709,1.0423,,6.2901,,0,,14.51,7.95,warning,4.38,,CAMERA_ONLY
0,136.4699,cam_1,CAM_ONLY,17.3773,,16.5709,0.8064,,4.8666,,1,,13.27,3.81,warning,4.42,,CAMERA_ONLY
0,136.5335,t2977,BOTH,17.3022,16.8017,16.5709,0.7313,0.2308,4.4130,1.3928,1,1,12.88,1.52,warning,4.42,,FULL_ANGLE
0,136.5335,t2975,LIDAR_ONLY,27.4869,27.4869,,,,,,,,12.88,1.52,drive,-29.25,front,LIDAR_ONLY
0,136.6153,cam_1,CAM_ONLY,17.5420,,16.5709,0.9711,,5.8604,,1,,18.33,9.08,warning,4.42,,CAMERA_ONLY
0,136.6895,t2977,BOTH,17.3220,16.8042,16.5709,0.7511,0.2333,4.5324,1.4077,1,1,16.34,2.48,warning,4.42,,FULL_ANGLE
0,136.6895,t2975,LIDAR_ONLY,27.4907,27.4907,,,,,,,,16.34,2.48,drive,-29.16,front,LIDAR_ONLY
0,136.7627,cam_1,CAM_ONLY,17.3886,,16.5709,0.8177,,4.9345,,1,,15.78,4.14,warning,4.42,,CAMERA_ONLY
0,136.8334,cam_1,CAM_ONLY,17.3461,,16.5709,0.7752,,4.6779,,1,,18.03,2.79,warning,4.42,,CAMERA_ONLY
0,136.8334,t2975,LIDAR_ONLY,27.4927,27.4927,,,,,,,,18.03,2.79,drive,-29.24,front,LIDAR_ONLY
0,136.9028,cam_1,CAM_ONLY,17.6170,,16.5709,1.0461,,6.3129,,0,,13.34,11.98,warning,4.42,,CAMERA_ONLY
0,136.9028,t2990,LIDAR_ONLY,15.8678,15.8678,73.6106,57.7428,57.7428,78.4436,78.4436,0,0,13.34,11.98,drive,21.63,front,LIDAR_ONLY
0,136.9793,cam_1,CAM_ONLY,17.4257,,16.5709,0.8548,,5.1582,,1,,18.21,9.72,warning,4.42,,CAMERA_ONLY
0,137.0445,t2995,BOTH,17.5576,16.8185,16.5709,0.9867,0.2476,5.9546,1.4944,1,1,13.31,3.29,warning,4.42,,FULL_ANGLE
0,137.0445,t2975,LIDAR_ONLY,27.4998,27.4998,,,,,,,,13.31,3.29,drive,-29.18,front,LIDAR_ONLY
0,137.0445,t2990,LIDAR_ONLY,16.0153,16.0153,73.6106,57.5953,57.5953,78.2432,78.2432,0,0,13.31,3.29,drive,19.52,front,LIDAR_ONLY
0,137.0445,t2990,LIDAR_ONLY,16.1316,16.1316,73.6106,57.4790,57.4790,78.0852,78.0852,0,0,13.31,3.29,drive,21.11,front,LIDAR_ONLY
0,137.1173,cam_1,CAM_ONLY,17.4994,,16.5709,0.9285,,5.6032,,1,,16.86,3.85,warning,4.42,,CAMERA_ONLY
0,137.1788,cam_1,CAM_ONLY,17.6854,,16.5709,1.1145,,6.7256,,0,,9.71,5.53,warning,4.42,,CAMERA_ONLY
0,137.2649,cam_1,CAM_ONLY,17.4499,,16.5709,0.8790,,5.3045,,1,,21.39,5.91,warning,4.42,,CAMERA_ONLY
0,137.3331,cam_1,CAM_ONLY,17.6025,,16.5709,1.0316,,6.2252,,0,,14.28,1.61,warning,4.42,,CAMERA_ONLY
0,137.3331,t2997,LIDAR_ONLY,27.5551,27.5551,,,,,,,,14.28,1.61,drive,-29.09,front,LIDAR_ONLY
0,137.4139,cam_1,CAM_ONLY,17.6035,,16.5709,1.0326,,6.2313,,0,,14.43,2.95,warning,4.38,,CAMERA_ONLY
0,137.4774,t3000,BOTH,17.6198,16.7915,16.5709,1.0489,0.2206,6.3300,1.3315,0,1,13.48,1.21,warning,4.38,,FULL_ANGLE
0,137.4774,t2997,LIDAR_ONLY,27.5542,27.5542,,,,,,,,13.48,1.21,drive,-29.00,front,LIDAR_ONLY
0,137.5479,t3000,BOTH,17.3924,16.7991,16.5709,0.8215,0.2282,4.9575,1.3769,1,1,13.43,6.84,warning,4.42,,FULL_ANGLE
0,137.5479,t3002,LIDAR_ONLY,16.6414,16.6414,73.6106,56.9692,56.9692,77.3927,77.3927,0,0,13.43,6.84,drive,20.99,front,LIDAR_ONLY
0,137.6173,cam_1,CAM_ONLY,17.3470,,16.5709,0.7760,,4.6832,,1,,11.99,3.49,warning,4.42,,CAMERA_ONLY
0,137.6984,t3000,BOTH,17.3446,16.8037,16.5709,0.7736,0.2328,4.6687,1.4049,1,1,17.41,8.84,warning,4.42,,FULL_ANGLE
0,137.6984,t3002,LIDAR_ONLY,16.7794,16.7794,73.6106,56.8312,56.8312,77.2051,77.2051,0,0,17.41,8.84,drive,19.30,front,LIDAR_ONLY
0,137.6984,t3002,LIDAR_ONLY,16.8536,16.8536,73.6106,56.7570,56.7570,77.1044,77.1044,0,0,17.41,8.84,drive,20.81,front,LIDAR_ONLY
0,137.6984,t3002,LIDAR_ONLY,16.5138,16.5138,73.6106,57.0968,57.0968,77.5659,77.5659,0,0,17.41,8.84,drive,22.60,front,LIDAR_ONLY
0,137.7795,cam_1,CAM_ONLY,17.7215,,16.5709,1.1506,,6.9435,,0,,11.85,6.06,warning,4.38,,CAMERA_ONLY
0,137.8497,cam_1,CAM_ONLY,17.5646,,16.5709,0.9937,,5.9967,,1,,9.99,7.81,warning,4.42,,CAMERA_ONLY
0,137.9189,cam_1,CAM_ONLY,17.6906,,16.5709,1.1197,,6.7571,,0,,15.27,2.89,warning,4.42,,CAMERA_ONLY
0,137.9866,t3011,BOTH,17.9559,16.8523,16.5709,1.3850,0.2814,8.3579,1.6979,0,1,15.62,2.26,warning,4.42,,FULL_ANGLE
0,137.9866,t3010,LIDAR_ONLY,18.7795,18.7795,73.6106,54.8311,54.8311,74.4880,74.4880,0,0,15.62,2.26,drive,19.50,front,LIDAR_ONLY
0,137.9866,t3010,LIDAR_ONLY,17.5927,17.5927,73.6106,56.0179,56.0179,76.1004,76.1004,0,0,15.62,2.26,drive,20.80,front,LIDAR_ONLY
0,138.0621,cam_1,CAM_ONLY,17.6343,,16.5709,1.0634,,6.4173,,0,,13.11,15.93,warning,4.42,,CAMERA_ONLY
0,138.1327,t3011,BOTH,17.6890,16.8496,16.5709,1.1181,0.2787,6.7472,1.6818,0,1,19.28,1.23,warning,4.42,,FULL_ANGLE
0,138.1327,t3015,LIDAR_ONLY,27.5713,27.5713,,,,,,,,19.28,1.23,drive,-29.13,front,LIDAR_ONLY
0,138.1895,t3011,BOTH,17.7010,16.8361,16.5709,1.1301,0.2652,6.8195,1.6005,0,1,9.51,1.30,warning,4.42,,FULL_ANGLE
0,138.1895,t3015,LIDAR_ONLY,27.5381,27.5381,,,,,,,,9.51,1.30,drive,-29.18,front,LIDAR_ONLY
0,138.1895,t3010,LIDAR_ONLY,17.5379,17.5379,73.6106,56.0727,56.0727,76.1748,76.1748,0,0,9.51,1.30,drive,20.44,front,LIDAR_ONLY
0,138.1895,t3010,LIDAR_ONLY,17.0045,17.0045,73.6106,56.6061,56.6061,76.8994,76.8994,0,0,9.51,1.30,drive,21.81,front,LIDAR_ONLY
0,138.1895,t3010,LIDAR_ONLY,17.0764,17.0764,73.6106,56.5342,56.5342,76.8017,76.8017,0,0,9.51,1.30,drive,19.36,front,LIDAR_ONLY
0,138.2590,cam_1,CAM_ONLY,17.5179,,16.5709,0.9470,,5.7148,,1,,10.45,12.56,warning,4.38,,CAMERA_ONLY
0,138.3286,cam_1,CAM_ONLY,17.4269,,16.5709,0.8560,,5.1654,,1,,17.87,5.43,warning,4.42,,CAMERA_ONLY
0,138.4025,cam_1,CAM_ONLY,17.5934,,16.5709,1.0225,,6.1705,,0,,13.11,10.68,warning,4.42,,CAMERA_ONLY
0,138.4690,cam_1,CAM_ONLY,17.3704,,16.5709,0.7995,,4.8248,,1,,14.72,5.95,warning,4.42,,CAMERA_ONLY
0,138.5657,cam_1,CAM_ONLY,17.7701,,16.5709,1.1992,,7.2369,,0,,12.49,18.18,warning,4.42,,CAMERA_ONLY
0,138.6311,cam_1,CAM_ONLY,17.8713,,16.5709,1.3004,,7.8475,,0,,12.18,5.54,warning,4.42,,CAMERA_ONLY
0,138.6311,t3025,LIDAR_ONLY,27.4338,27.4338,,,,,,,,12.18,5.54,drive,-29.33,front,LIDAR_ONLY
0,138.6904,t3031,BOTH,17.6608,16.8307,16.5709,1.0899,0.2598,6.5769,1.5675,0,1,12.18,2.86,warning,4.42,,FULL_ANGLE
0,138.6904,t3030,LIDAR_ONLY,18.2112,18.2112,73.6106,55.3994,55.3994,75.2601,75.2601,0,0,12.18,2.86,drive,19.86,front,LIDAR_ONLY
0,138.6904,t3030,LIDAR_ONLY,17.0854,17.0854,73.6106,56.5252,56.5252,76.7895,76.7895,0,0,12.18,2.86,drive,21.59,front,LIDAR_ONLY
0,138.7611,cam_1,CAM_ONLY,17.7256,,16.5709,1.1547,,6.9683,,0,,11.01,6.68,warning,4.42,,CAMERA_ONLY
0,138.8322,cam_1,CAM_ONLY,17.7083,,16.5709,1.1374,,6.8636,,0,,13.99,4.17,warning,4.42,,CAMERA_ONLY
0,138.8322,t3025,LIDAR_ONLY,27.4442,27.4442,,,,,,,,13.99,4.17,drive,-29.16,front,LIDAR_ONLY
0,138.8973,cam_1,CAM_ONLY,17.6767,,16.5709,1.1058,,6.6732,,0,,13.33,5.90,warning,4.42,,CAMERA_ONLY
0,138.8973,t3030,LIDAR_ONLY,17.1967,17.1967,73.6106,56.4139,56.4139,76.6383,76.6383,0,0,13.33,5.90,drive,19.51,front,LIDAR_ONLY
0,138.8973,t3030,LIDAR_ONLY,17.1503,17.1503,73.6106,56.4603,56.4603,76.7013,76.7013,0,0,13.33,5.90,drive,21.09,front,LIDAR_ONLY
0,138.9836,cam_1,CAM_ONLY,17.9297,,16.5709,1.3587,,8.1996,,0,,21.06,6.84,warning,4.42,,CAMERA_ONLY
0,138.9836,t3025,LIDAR_ONLY,27.4594,27.4594,,,,,,,,21.06,6.84,drive,-29.17,front,LIDAR_ONLY
0,139.0568,cam_1,CAM_ONLY,17.7749,,16.5709,1.2040,,7.2660,,0,,9.72,9.93,warning,4.42,,CAMERA_ONLY
0,139.1174,cam_1,CAM_ONLY,17.9767,,16.5709,1.4058,,8.4838,,0,,12.56,2.47,warning,4.42,,CAMERA_ONLY
0,139.1832,cam_1,CAM_ONLY,18.0035,,16.5709,1.4326,,8.6454,,0,,12.63,3.31,warning,4.42,,CAMERA_ONLY
0,139.1832,t3025,LIDAR_ONLY,27.4711,27.4711,,,,,,,,12.63,3.31,drive,-29.10,front,LIDAR_ONLY
0,139.2481,cam_1,CAM_ONLY,17.5677,,16.5709,0.9968,,6.0156,,1,,10.83,7.82,warning,4.42,,CAMERA_ONLY
0,139.2481,t3042,LIDAR_ONLY,17.0575,17.0575,73.6106,56.5531,56.5531,76.8274,76.8274,0,0,10.83,7.82,drive,20.67,front,LIDAR_ONLY
0,139.3231,cam_1,CAM_ONLY,17.6134,,16.5709,1.0425,,6.2913,,0,,16.37,6.04,warning,4.42,,CAMERA_ONLY
0,139.3878,t3045,BOTH,17.5240,16.8001,16.5709,0.9531,0.2291,5.7519,1.3828,1,1,14.47,3.93,warning,4.42,,FULL_ANGLE
0,139.3878,t3025,LIDAR_ONLY,27.4830,27.4830,,,,,,,,14.47,3.93,drive,-29.01,front,LIDAR_ONLY
0,139.4639,cam_1,CAM_ONLY,17.5383,,16.5709,0.9674,,5.8380,,1,,12.36,7.66,warning,4.42,,CAMERA_ONLY
0,139.5292,cam_1,CAM_ONLY,17.5539,,16.5709,0.9830,,5.9321,,1,,12.51,3.18,warning,4.42,,CAMERA_ONLY
0,139.5292,t3025,LIDAR_ONLY,27.4988,27.4988,,,,,,,,12.51,3.18,drive,-29.09,front,LIDAR_ONLY
0,139.6144,cam_1,CAM_ONLY,17.3524,,16.5709,0.7815,,4.7159,,1,,15.82,16.77,warning,4.42,,CAMERA_ONLY
0,139.6815,t3051,BOTH,17.9288,16.8601,16.5709,1.3579,0.2892,8.1944,1.7450,0,1,9.76,1.74,warning,4.42,,FULL_ANGLE
0,139.6815,t3025,LIDAR_ONLY,27.5132,27.5132,,,,,,,,9.76,1.74,drive,-29.06,front,LIDAR_ONLY
0,139.6815,t3050,LIDAR_ONLY,11.4268,11.4268,73.6106,62.1838,62.1838,84.4767,84.4767,0,0,9.76,1.74,cautious,27.32,front,LIDAR_ONLY
0,139.6815,t3050,LIDAR_ONLY,11.4876,11.4876,73.6106,62.1230,62.1230,84.3940,84.3940,0,0,9.76,1.74,cautious,19.42,front,LIDAR_ONLY
0,139.7444,t3051,BOTH,17.5374,16.8480,16.5709,0.9665,0.2771,5.8325,1.6720,1,1,12.14,4.83,warning,4.38,,FULL_ANGLE
0,139.7444,t3050,LIDAR_ONLY,11.6226,11.6226,73.6106,61.9880,61.9880,84.2107,84.2107,0,0,12.14,4.83,cautious,20.92,front,LIDAR_ONLY
0,139.7444,t3050,LIDAR_ONLY,11.7464,11.7464,73.6106,61.8642,61.8642,84.0425,84.0425,0,0,12.14,4.83,cautious,22.19,front,LIDAR_ONLY
0,139.7444,t3050,LIDAR_ONLY,11.8820,11.8820,73.6106,61.7286,61.7286,83.8583,83.8583,0,0,12.14,4.83,cautious,19.49,front,LIDAR_ONLY
0,139.8177,cam_1,CAM_ONLY,17.5740,,16.5709,1.0031,,6.0535,,0,,12.70,4.85,warning,4.42,,CAMERA_ONLY
0,139.8829,cam_1,CAM_ONLY,17.5817,,16.5709,1.0107,,6.0995,,0,,9.74,2.03,warning,4.38,,CAMERA_ONLY
0,139.8829,t3025,LIDAR_ONLY,27.5206,27.5206,,,,,,,,9.74,2.03,drive,-29.30,front,LIDAR_ONLY
0,139.9497,cam_1,CAM_ONLY,17.3225,,16.5709,0.7516,,4.5356,,1,,13.02,8.50,warning,4.42,,CAMERA_ONLY
0,139.9497,t3050,LIDAR_ONLY,13.4646,13.4646,73.6106,60.1460,60.1460,81.7084,81.7084,0,0,13.02,8.50,cautious,20.63,front,LIDAR_ONLY
0,139.9497,t3050,LIDAR_ONLY,14.4676,14.4676,73.6106,59.1430,59.1430,80.3457,80.3457,0,0,13.02,8.50,cautious,21.93,front,LIDAR_ONLY
0,140.0148,cam_1,CAM_ONLY,17.3407,,16.5709,0.7698,,4.6457,,1,,12.24,4.51,warning,4.42,,CAMERA_ONLY
0,140.0872,cam_1,CAM_ONLY,17.6130,,16.5709,1.0421,,6.2889,,0,,17.57,9.13,warning,4.42,,CAMERA_ONLY
0,140.1500,t3050,BOTH,17.4397,15.8534,73.6106,56.1709,57.7572,76.3082,78.4631,0,0,10.33,8.98,warning,4.42,,FULL_ANGLE
0,140.1500,t3050,LIDAR_ONLY,15.1091,15.1091,73.6106,58.5015,58.5015,79.4743,79.4743,0,0,10.33,8.98,cautious,21.27,front,LIDAR_ONLY
0,140.1500,t3050,LIDAR_ONLY,15.5486,15.5486,73.6106,58.0620,58.0620,78.8772,78.8772,0,0,10.33,8.98,cautious,22.92,front,LIDAR_ONLY
0,140.2233,cam_1,CAM_ONLY,17.5199,,16.5709,0.9489,,5.7266,,1,,19.08,4.86,warning,4.42,,CAMERA_ONLY
0,140.3223,cam_1,CAM_ONLY,17.3227,,16.5709,0.7518,,4.5367,,1,,19.81,15.11,warning,4.42,,CAMERA_ONLY
0,140.4226,cam_1,CAM_ONLY,17.9558,,16.5709,1.3849,,8.3576,,0,,13.64,20.99,warning,4.42,,CAMERA_ONLY
0,140.5009,cam_1,CAM_ONLY,17.5458,,16.5709,0.9749,,5.8830,,1,,13.20,6.13,warning,4.42,,CAMERA_ONLY
0,140.5009,t3067,LIDAR_ONLY,17.8038,17.8038,73.6106,55.8068,55.8068,75.8136,75.8136,0,0,13.20,6.13,drive,20.14,front,LIDAR_ONLY
0,140.5658,cam_1,CAM_ONLY,17.6885,,16.5709,1.1176,,6.7444,,0,,11.31,5.02,warning,4.42,,CAMERA_ONLY
0,140.6337,t3069,BOTH,17.7928,16.8308,16.5709,1.2219,0.2599,7.3738,1.5686,0,1,17.20,1.37,warning,4.42,,FULL_ANGLE
0,140.6337,t3068,LIDAR_ONLY,27.5347,27.5347,,,,,,,,17.20,1.37,drive,-29.07,front,LIDAR_ONLY
0,140.6337,t3067,LIDAR_ONLY,17.4116,17.4116,73.6106,56.1990,56.1990,76.3464,76.3464,0,0,17.20,1.37,drive,20.56,front,LIDAR_ONLY
0,140.6337,t3067,LIDAR_ONLY,16.2116,16.2116,73.6106,57.3990,57.3990,77.9766,77.9766,0,0,17.20,1.37,drive,23.24,front,LIDAR_ONLY
0,140.7090,cam_1,CAM_ONLY,17.7052,,16.5709,1.1343,,6.8451,,0,,11.20,13.78,warning,4.42,,CAMERA_ONLY
0,140.7852,t3069,BOTH,17.4634,16.8352,16.5709,0.8925,0.2643,5.3858,1.5947,1,1,12.74,1.32,warning,4.42,,FULL_ANGLE
0,140.7852,t3068,LIDAR_ONLY,27.5413,27.5413,,,,,,,,12.74,1.32,drive,-29.03,front,LIDAR_ONLY
0,140.7852,t3067,LIDAR_ONLY,16.2881,16.2881,73.6106,57.3225,57.3225,77.8726,77.8726,0,0,12.74,1.32,drive,20.70,front,LIDAR_ONLY
0,140.8660,cam_1,CAM_ONLY,17.6474,,16.5709,1.0765,,6.4963,,0,,16.09,17.29,warning,4.42,,CAMERA_ONLY
0,140.9356,cam_1,CAM_ONLY,17.3987,,16.5709,0.8278,,4.9957,,1,,16.26,4.54,warning,4.42,,CAMERA_ONLY
0,140.9356,t3068,LIDAR_ONLY,27.5428,27.5428,,,,,,,,16.26,4.54,drive,-29.08,front,LIDAR_ONLY
0,141.0041,cam_1,CAM_ONLY,17.6310,,16.5709,1.0601,,6.3974,,0,,11.89,10.81,warning,4.42,,CAMERA_ONLY
0,141.0734,cam_1,CAM_ONLY,17.6774,,16.5709,1.1065,,6.6773,,0,,15.04,4.86,warning,4.42,,CAMERA_ONLY
0,141.1290,cam_1,CAM_ONLY,17.8191,,16.5709,1.2482,,7.5322,,0,,13.23,2.37,warning,4.42,,CAMERA_ONLY
0,141.1290,t3068,LIDAR_ONLY,27.5379,27.5379,,,,,,,,13.23,2.37,drive,-29.12,front,LIDAR_ONLY
0,141.1837,cam_1,CAM_ONLY,17.6803,,16.5709,1.1094,,6.6947,,0,,9.48,1.38,warning,4.42,,CAMERA_ONLY
0,141.1837,t3068,LIDAR_ONLY,27.5308,27.5308,,,,,,,,9.48,1.38,drive,-29.12,front,LIDAR_ONLY
0,141.2505,cam_1,CAM_ONLY,17.6476,,16.5709,1.0767,,6.4974,,0,,10.77,8.01,warning,4.42,,CAMERA_ONLY
0,141.2505,t3085,LIDAR_ONLY,18.3206,18.3206,73.6106,55.2900,55.2900,75.1115,75.1115,0,0,10.77,8.01,drive,19.79,front,LIDAR_ONLY
0,141.2505,t3085,LIDAR_ONLY,16.5964,16.5964,73.6106,57.0142,57.0142,77.4538,77.4538,0,0,10.77,8.01,drive,21.73,front,LIDAR_ONLY
0,141.2505,t3085,LIDAR_ONLY,16.2419,16.2419,73.6106,57.3687,57.3687,77.9354,77.9354,0,0,10.77,8.01,drive,23.37,front,LIDAR_ONLY
0,141.3129,cam_1,CAM_ONLY,18.0373,,16.5709,1.4664,,8.8491,,0,,9.85,5.58,warning,4.42,,CAMERA_ONLY
0,141.3836,t3087,BOTH,17.9729,16.8311,16.5709,1.4019,0.2602,8.4603,1.5700,0,1,19.63,1.61,warning,4.42,,FULL_ANGLE
0,141.3836,t3068,LIDAR_ONLY,27.5314,27.5314,,,,,,,,19.63,1.61,drive,-29.14,front,LIDAR_ONLY
0,141.4540,cam_1,CAM_ONLY,17.8830,,16.5709,1.3121,,7.9178,,0,,14.79,10.91,warning,4.42,,CAMERA_ONLY
0,141.5199,cam_1,CAM_ONLY,18.0910,,16.5709,1.5201,,9.1735,,0,,14.67,4.93,warning,4.42,,CAMERA_ONLY
0,141.5794,cam_1,CAM_ONLY,17.5813,,16.5709,1.0104,,6.0972,,0,,10.87,4.41,warning,4.42,,CAMERA_ONLY
0,141.6474,cam_1,CAM_ONLY,17.6930,,16.5709,1.1221,,6.7714,,0,,9.69,5.83,warning,4.42,,CAMERA_ONLY
0,141.6474,t3095,LIDAR_ONLY,15.5384,15.5384,73.6106,58.0722,58.0722,78.8910,78.8910,0,0,9.69,5.83,drive,21.92,front,LIDAR_ONLY
0,141.6474,t3095,LIDAR_ONLY,15.5072,15.5072,73.6106,58.1034,58.1034,78.9334,78.9334,0,0,9.69,5.83,drive,23.45,front,LIDAR_ONLY
0,141.6474,t3095,LIDAR_ONLY,15.6170,15.6170,73.6106,57.9936,57.9936,78.7843,78.7843,0,0,9.69,5.83,drive,20.23,front,LIDAR_ONLY
0,141.7224,cam_1,CAM_ONLY,17.6239,,16.5709,1.0529,,6.3542,,0,,10.46,15.35,warning,4.38,,CAMERA_ONLY
0,141.7983,t3101,BOTH,17.7101,16.8196,16.5709,1.1392,0.2487,6.8748,1.5006,0,1,14.19,7.59,warning,4.42,,FULL_ANGLE
0,141.7983,t3095,LIDAR_ONLY,15.8328,15.8328,73.6106,57.7778,57.7778,78.4911,78.4911,0,0,14.19,7.59,drive,19.32,front,LIDAR_ONLY
0,141.8770,cam_1,CAM_ONLY,17.5477,,16.5709,0.9768,,5.8947,,1,,19.15,5.62,warning,4.42,,CAMERA_ONLY
0,141.8770,t3102,LIDAR_ONLY,27.4702,27.4702,,,,,,,,19.15,5.62,drive,-29.20,front,LIDAR_ONLY
0,141.9408,t3101,BOTH,17.6201,16.8087,16.5709,1.0492,0.2378,6.3314,1.4348,0,1,10.25,3.31,warning,4.42,,FULL_ANGLE
0,142.0068,cam_1,CAM_ONLY,17.5149,,16.5709,0.9440,,5.6965,,1,,9.92,11.31,warning,4.42,,CAMERA_ONLY
0,142.0768,cam_1,CAM_ONLY,17.9982,,16.5709,1.4273,,8.6132,,0,,11.75,5.15,warning,4.42,,CAMERA_ONLY
0,142.1392,t3101,BOTH,17.6370,16.8128,16.5709,1.0661,0.2419,6.4334,1.4596,0,1,10.12,1.60,warning,4.42,,FULL_ANGLE
0,142.1392,t3110,LIDAR_ONLY,10.3586,10.3586,73.6106,63.2520,63.2520,85.9278,85.9278,0,0,10.12,1.60,cautious,29.52,front,LIDAR_ONLY
0,142.1392,t3110,LIDAR_ONLY,10.6970,10.6970,73.6106,62.9136,62.9136,85.4681,85.4681,0,0,10.12,1.60,cautious,21.03,front,LIDAR_ONLY
0,142.2205,cam_1,CAM_ONLY,17.6400,,16.5709,1.0691,,6.4514,,0,,13.00,4.54,warning,4.38,,CAMERA_ONLY
0,142.2794,cam_1,CAM_ONLY,17.4065,,16.5709,0.8356,,5.0428,,1,,9.90,5.79,warning,4.42,,CAMERA_ONLY
0,142.3537,cam_1,CAM_ONLY,17.5336,,16.5709,0.9626,,5.8093,,1,,9.76,14.69,warning,4.42,,CAMERA_ONLY
0,142.4169,cam_1,CAM_ONLY,17.3239,,16.5709,0.7530,,4.5442,,1,,12.75,3.89,warning,4.42,,CAMERA_ONLY
0,142.4804,cam_1,CAM_ONLY,17.5989,,16.5709,1.0280,,6.2036,,0,,13.61,2.12,warning,4.42,,CAMERA_ONLY
0,142.4804,t3117,LIDAR_ONLY,27.5798,27.5798,,,,,,,,13.61,2.12,drive,-29.12,front,LIDAR_ONLY
0,142.5435,t3121,BOTH,17.8008,16.7802,16.5709,1.2299,0.2093,7.4222,1.2631,0,1,10.71,3.32,warning,4.42,,FULL_ANGLE
0,142.5435,t3120,LIDAR_ONLY,17.0840,17.0840,73.6106,56.5266,56.5266,76.7914,76.7914,0,0,10.71,3.32,drive,20.65,front,LIDAR_ONLY
0,142.6142,cam_1,CAM_ONLY,17.5054,,16.5709,0.9345,,5.6395,,1,,9.78,8.01,warning,4.42,,CAMERA_ONLY
0,142.6945,t3121,BOTH,17.5899,16.7865,16.5709,1.0190,0.2156,6.1495,1.3011,0,1,19.54,5.58,warning,4.42,,FULL_ANGLE
0,142.6945,t3117,LIDAR_ONLY,27.5612,27.5612,,,,,,,,19.54,5.58,drive,-29.15,front,LIDAR_ONLY
0,142.7644,cam_1,CAM_ONLY,17.8821,,16.5709,1.3112,,7.9124,,0,,12.21,8.32,warning,4.42,,CAMERA_ONLY
0,142.8235,cam_1,CAM_ONLY,17.6215,,16.5709,1.0506,,6.3402,,0,,9.84,4.74,warning,4.42,,CAMERA_ONLY
0,142.8945,t3121,BOTH,17.8426,16.7926,16.5709,1.2717,0.2217,7.6742,1.3380,0,1,13.42,3.87,warning,4.42,,FULL_ANGLE
0,142.8945,t3127,LIDAR_ONLY,18.8238,18.8238,73.6106,54.7868,54.7868,74.4278,74.4278,0,0,13.42,3.87,drive,19.48,front,LIDAR_ONLY
0,142.8945,t3127,LIDAR_ONLY,17.5147,17.5147,73.6106,56.0960,56.0960,76.2064,76.2064,0,0,13.42,3.87,drive,20.76,front,LIDAR_ONLY
0,142.9624,cam_1,CAM_ONLY,17.5892,,16.5709,1.0183,,6.1453,,0,,10.08,5.24,warning,4.42,,CAMERA_ONLY
0,143.0313,t3121,BOTH,18.0601,16.7985,16.5709,1.4892,0.2276,8.9870,1.3733,0,1,15.63,1.28,warning,4.42,,FULL_ANGLE
0,143.0313,t3128,LIDAR_ONLY,27.5751,27.5751,,,,,,,,15.63,1.28,drive,-29.04,front,LIDAR_ONLY
0,143.0946,t3121,BOTH,17.7154,16.8028,16.5709,1.1445,0.2319,6.9068,1.3995,0,1,11.88,4.80,warning,4.38,,FULL_ANGLE
0,143.0946,t3127,LIDAR_ONLY,17.6026,17.6026,73.6106,56.0080,56.0080,76.0869,76.0869,0,0,11.88,4.80,drive,19.93,front,LIDAR_ONLY
0,143.2286,cam_1,CAM_ONLY,17.4430,,16.5709,0.8721,,5.2629,,1,,19.46,10.41,warning,4.42,,CAMERA_ONLY
0,143.3084,cam_1,CAM_ONLY,17.9971,,16.5709,1.4262,,8.6065,,0,,19.93,7.35,warning,4.42,,CAMERA_ONLY
0,143.3797,cam_1,CAM_ONLY,17.9857,,16.5709,1.4148,,8.5381,,0,,12.68,5.54,warning,4.42,,CAMERA_ONLY
0,143.4599,cam_1,CAM_ONLY,17.9927,,16.5709,1.4218,,8.5803,,0,,12.01,14.49,warning,4.42,,CAMERA_ONLY
0,143.5280,cam_1,CAM_ONLY,18.2345,,16.5709,1.6636,,10.0395,,0,,12.05,6.21,warning,4.42,,CAMERA_ONLY
0,143.6168,cam_1,CAM_ONLY,18.3839,,16.5709,1.8130,,10.9411,,0,,14.09,5.34,warning,4.42,,CAMERA_ONLY
0,143.6978,t3141,BOTH,18.1845,16.8552,16.5709,1.6136,0.2843,9.7373,1.7154,0,1,18.29,5.43,warning,4.42,,FULL_ANGLE
0,143.6978,t3140,LIDAR_ONLY,16.9877,16.9877,73.6106,56.6229,56.6229,76.9222,76.9222,0,0,18.29,5.43,drive,20.73,front,LIDAR_ONLY
0,143.8203,cam_1,CAM_ONLY,17.6230,,16.5709,1.0521,,6.3492,,0,,18.93,6.99,warning,4.42,,CAMERA_ONLY
0,143.8826,cam_1,CAM_ONLY,17.5463,,16.5709,0.9754,,5.8863,,1,,12.40,1.96,warning,4.42,,CAMERA_ONLY
0,143.8826,t3143,LIDAR_ONLY,27.5089,27.5089,,,,,,,,12.40,1.96,drive,-29.15,front,LIDAR_ONLY
0,143.9645,cam_1,CAM_ONLY,17.9570,,16.5709,1.3861,,8.3646,,0,,13.73,5.40,warning,4.42,,CAMERA_ONLY
0,144.0263,cam_1,CAM_ONLY,17.5320,,16.5709,0.9611,,5.7998,,1,,12.41,5.89,warning,4.42,,CAMERA_ONLY
0,144.1153,cam_1,CAM_ONLY,17.7305,,16.5709,1.1596,,6.9980,,0,,18.88,16.31,warning,4.38,,CAMERA_ONLY
0,144.1839,cam_1,CAM_ONLY,18.9815,,16.5709,2.4106,,14.5472,,0,,14.25,9.70,warning,4.38,,CAMERA_ONLY
0,144.2633,cam_1,CAM_ONLY,17.9513,,16.5709,1.3804,,8.3304,,0,,9.36,13.78,warning,4.38,,CAMERA_ONLY
0,144.3301,cam_1,CAM_ONLY,17.5379,,16.5709,0.9670,,5.8354,,1,,9.28,5.78,warning,4.42,,CAMERA_ONLY
0,144.4139,cam_1,CAM_ONLY,17.4206,,16.5709,0.8497,,5.1274,,1,,17.41,14.34,warning,4.42,,CAMERA_ONLY
0,144.4842,t3156,BOTH,17.5140,16.8427,16.5709,0.9431,0.2718,5.6914,1.6399,1,1,14.89,1.45,warning,4.42,,FULL_ANGLE
0,144.4842,t3153,LIDAR_ONLY,27.5930,27.5930,,,,,,,,14.89,1.45,drive,-29.02,front,LIDAR_ONLY
0,144.4842,t3154,LIDAR_ONLY,12.5327,12.5327,73.6106,61.0779,61.0779,82.9743,82.9743,0,0,14.89,1.45,cautious,25.30,front,LIDAR_ONLY
0,144.4842,t3154,LIDAR_ONLY,12.8626,12.8626,73.6106,60.7480,60.7480,82.5262,82.5262,0,0,14.89,1.45,cautious,20.74,front,LIDAR_ONLY
0,144.5672,cam_1,CAM_ONLY,17.5330,,16.5709,0.9621,,5.8061,,1,,15.20,16.99,warning,4.42,,CAMERA_ONLY
0,144.6356,t3156,BOTH,17.4419,16.8373,16.5709,0.8710,0.2664,5.2565,1.6077,1,1,19.18,1.67,warning,4.42,,FULL_ANGLE
0,144.6356,t3154,LIDAR_ONLY,11.6967,11.6967,73.6106,61.9139,61.9139,84.1100,84.1100,0,0,19.18,1.67,cautious,29.13,front,LIDAR_ONLY
0,144.6356,t3154,LIDAR_ONLY,11.7485,11.7485,73.6106,61.8621,61.8621,84.0397,84.0397,0,0,19.18,1.67,cautious,19.33,front,LIDAR_ONLY
0,144.6356,t3154,LIDAR_ONLY,11.9243,11.9243,73.6106,61.6863,61.6863,83.8008,83.8008,0,0,19.18,1.67,cautious,21.44,front,LIDAR_ONLY
0,144.7030,cam_1,CAM_ONLY,17.4385,,16.5709,0.8676,,5.2356,,1,,10.41,8.80,warning,4.42,,CAMERA_ONLY
0,144.7778,cam_1,CAM_ONLY,17.4819,,16.5709,0.9110,,5.4976,,1,,16.70,6.28,warning,4.42,,CAMERA_ONLY
0,144.8676,cam_1,CAM_ONLY,17.5112,,16.5709,0.9403,,5.6741,,1,,12.35,15.27,warning,4.42,,CAMERA_ONLY
0,144.9459,t3167,BOTH,17.6613,16.8715,16.5709,1.0904,0.3006,6.5802,1.8139,0,1,21.09,6.09,warning,4.42,,FULL_ANGLE
0,144.9459,t3166,LIDAR_ONLY,19.0023,19.0023,73.6106,54.6083,54.6083,74.1854,74.1854,0,0,21.09,6.09,drive,19.37,front,LIDAR_ONLY
0,145.0139,cam_1,CAM_ONLY,17.6675,,16.5709,1.0966,,6.6176,,0,,12.83,4.47,warning,4.42,,CAMERA_ONLY
0,145.0783,cam_1,CAM_ONLY,17.5721,,16.5709,1.0012,,6.0418,,0,,12.75,6.13,warning,4.42,,CAMERA_ONLY
0,145.1545,cam_1,CAM_ONLY,17.6306,,16.5709,1.0597,,6.3950,,0,,13.23,13.64,warning,4.42,,CAMERA_ONLY
0,145.1545,t3166,LIDAR_ONLY,16.3305,16.3305,73.6106,57.2801,57.2801,77.8150,77.8150,0,0,13.23,13.64,drive,21.67,front,LIDAR_ONLY
0,145.2270,cam_1,CAM_ONLY,17.7227,,16.5709,1.1518,,6.9508,,0,,17.04,4.54,warning,4.42,,CAMERA_ONLY
0,145.2871,t3174,BOTH,17.6505,16.8440,16.5709,1.0796,0.2731,6.5151,1.6481,0,1,10.95,4.02,warning,4.42,,FULL_ANGLE
0,145.2871,t3166,LIDAR_ONLY,16.3944,16.3944,73.6106,57.2162,57.2162,77.7282,77.7282,0,0,10.95,4.02,drive,20.78,front,LIDAR_ONLY
0,145.2871,t3166,LIDAR_ONLY,16.5140,16.5140,73.6106,57.0966,57.0966,77.5657,77.5657,0,0,10.95,4.02,drive,19.37,front,LIDAR_ONLY
0,145.3669,cam_1,CAM_ONLY,17.5567,,16.5709,0.9858,,5.9492,,1,,12.77,13.56,warning,4.42,,CAMERA_ONLY
0,145.4371,cam_1,CAM_ONLY,17.6038,,16.5709,1.0329,,6.2331,,0,,17.77,3.07,warning,4.42,,CAMERA_ONLY
0,145.4371,t3177,LIDAR_ONLY,27.5100,27.5100,,,,,,,,17.77,3.07,drive,-29.17,front,LIDAR_ONLY
0,145.5011,cam_1,CAM_ONLY,17.6089,,16.5709,1.0380,,6.2637,,0,,9.64,8.56,warning,4.42,,CAMERA_ONLY
0,145.5695,cam_1,CAM_ONLY,17.9612,,16.5709,1.3903,,8.3899,,0,,17.74,2.93,warning,4.42,,CAMERA_ONLY
0,145.6333,cam_1,CAM_ONLY,17.9352,,16.5709,1.3643,,8.2332,,0,,12.89,5.32,warning,4.42,,CAMERA_ONLY
0,145.6333,t3177,LIDAR_ONLY,27.5153,27.5153,,,,,,,,12.89,5.32,drive,-29.20,front,LIDAR_ONLY
0,145.7222,cam_1,CAM_ONLY,17.6068,,16.5709,1.0359,,6.2515,,0,,22.66,14.75,warning,4.42,,CAMERA_ONLY
0,145.7979,t3188,BOTH,17.7255,16.8551,16.5709,1.1546,0.2842,6.9675,1.7152,0,1,19.67,7.30,warning,4.42,,FULL_ANGLE
0,145.8729,cam_1,CAM_ONLY,17.6871,,16.5709,1.1162,,6.7356,,0,,12.94,3.57,warning,4.42,,CAMERA_ONLY
0,145.9476,t3188,BOTH,17.5783,16.8421,16.5709,1.0074,0.2712,6.0791,1.6364,0,1,17.01,8.43,warning,4.42,,FULL_ANGLE
0,145.9476,t3194,LIDAR_ONLY,17.7054,17.7054,73.6106,55.9052,55.9052,75.9473,75.9473,0,0,17.01,8.43,drive,20.21,front,LIDAR_ONLY
0,146.0169,cam_1,CAM_ONLY,17.7048,,16.5709,1.1339,,6.8426,,0,,14.14,4.59,warning,4.42,,CAMERA_ONLY
0,146.0878,t3188,BOTH,17.7263,16.8348,16.5709,1.1554,0.2639,6.9724,1.5927,0,1,18.52,4.84,warning,4.42,,FULL_ANGLE
0,146.0878,t3194,LIDAR_ONLY,17.7342,17.7342,73.6106,55.8764,55.8764,75.9081,75.9081,0,0,18.52,4.84,drive,20.11,front,LIDAR_ONLY
0,146.0878,t3194,LIDAR_ONLY,16.6342,16.6342,73.6106,56.9764,56.9764,77.4024,77.4024,0,0,18.52,4.84,drive,22.37,front,LIDAR_ONLY
0,146.1621,cam_1,CAM_ONLY,17.6716,,16.5709,1.1007,,6.6421,,0,,19.25,7.84,warning,4.42,,CAMERA_ONLY
0,146.2484,t3188,BOTH,17.6100,16.8355,16.5709,1.0391,0.2646,6.2707,1.5970,0,1,23.91,6.78,warning,4.42,,FULL_ANGLE
0,146.2484,t3198,LIDAR_ONLY,27.6030,27.6030,31.6847,4.0816,4.0816,12.8821,12.8821,0,0,23.91,6.78,drive,-29.09,front,LIDAR_ONLY
0,146.2484,t3194,LIDAR_ONLY,16.7048,16.7048,73.6106,56.9058,56.9058,77.3066,77.3066,0,0,23.91,6.78,drive,19.42,front,LIDAR_ONLY
0,146.3094,cam_1,CAM_ONLY,17.5607,,16.5709,0.9898,,5.9729,,1,,10.38,6.99,warning,4.42,,CAMERA_ONLY
0,146.3742,cam_1,CAM_ONLY,17.7053,,16.5709,1.1344,,6.8456,,0,,12.84,4.72,warning,4.42,,CAMERA_ONLY
0,146.4421,t3188,BOTH,17.7091,16.8376,16.5709,1.1382,0.2667,6.8684,1.6092,0,1,14.67,4.17,warning,4.42,,FULL_ANGLE
0,146.4421,t3194,LIDAR_ONLY,16.8390,16.8390,73.6106,56.7716,56.7716,77.1242,77.1242,0,0,14.67,4.17,drive,19.66,front,LIDAR_ONLY
0,146.4421,t3194,LIDAR_ONLY,16.9013,16.9013,73.6106,56.7093,56.7093,77.0395,77.0395,0,0,14.67,4.17,drive,20.83,front,LIDAR_ONLY
0,146.5217,cam_1,CAM_ONLY,17.7622,,16.5709,1.1913,,7.1889,,0,,18.04,6.37,warning,4.42,,CAMERA_ONLY
0,146.5864,t3188,BOTH,17.7011,16.8382,16.5709,1.1302,0.2673,6.8203,1.6132,0,1,10.58,1.32,warning,4.42,,FULL_ANGLE
0,146.5864,t3194,LIDAR_ONLY,13.3285,13.3285,73.6106,60.2821,60.2821,81.8932,81.8932,0,0,10.58,1.32,cautious,25.79,front,LIDAR_ONLY
0,146.6628,cam_1,CAM_ONLY,17.6339,,16.5709,1.0630,,6.4147,,0,,12.67,13.22,warning,4.42,,CAMERA_ONLY
0,146.7269,cam_1,CAM_ONLY,17.6042,,16.5709,1.0333,,6.2358,,0,,15.12,5.91,warning,4.42,,CAMERA_ONLY
0,146.7864,t3188,BOTH,17.5961,16.8393,16.5709,1.0252,0.2684,6.1865,1.6194,0,1,12.37,1.56,warning,4.42,,FULL_ANGLE
0,146.7864,t3208,LIDAR_ONLY,27.4752,27.4752,,,,,,,,12.37,1.56,drive,-29.17,front,LIDAR_ONLY
0,146.7864,t3194,LIDAR_ONLY,13.0206,13.0206,73.6106,60.5900,60.5900,82.3115,82.3115,0,0,12.37,1.56,cautious,25.25,front,LIDAR_ONLY
0,146.7864,t3194,LIDAR_ONLY,13.0255,13.0255,73.6106,60.5851,60.5851,82.3049,82.3049,0,0,12.37,1.56,cautious,19.41,front,LIDAR_ONLY
0,146.7864,t3194,LIDAR_ONLY,13.0090,13.0090,73.6106,60.6017,60.6017,82.3273,82.3273,0,0,12.37,1.56,cautious,21.05,front,LIDAR_ONLY
0,146.7864,t3194,LIDAR_ONLY,12.9680,12.9680,73.6106,60.6426,60.6426,82.3830,82.3830,0,0,12.37,1.56,cautious,22.54,front,LIDAR_ONLY
0,146.8605,cam_1,CAM_ONLY,17.7459,,16.5709,1.1750,,7.0906,,0,,12.80,15.19,warning,4.42,,CAMERA_ONLY
0,146.9250,cam_1,CAM_ONLY,17.6426,,16.5709,1.0717,,6.4673,,0,,9.92,5.21,warning,4.42,,CAMERA_ONLY
0,147.0122,cam_1,CAM_ONLY,17.6678,,16.5709,1.0969,,6.6192,,0,,16.95,6.52,warning,4.42,,CAMERA_ONLY
0,147.0823,cam_1,CAM_ONLY,17.4088,,16.5709,0.8379,,5.0564,,1,,9.61,6.20,warning,4.42,,CAMERA_ONLY
0,147.1612,cam_1,CAM_ONLY,17.6019,,16.5709,1.0310,,6.2215,,0,,13.37,16.74,warning,4.42,,CAMERA_ONLY
0,147.2650,cam_1,CAM_ONLY,17.6508,,16.5709,1.0799,,6.5169,,0,,10.75,8.36,warning,4.42,,CAMERA_ONLY
0,147.3344,cam_1,CAM_ONLY,17.9520,,16.5709,1.3811,,8.3342,,0,,15.12,5.83,warning,4.42,,CAMERA_ONLY
0,147.3344,t3221,LIDAR_ONLY,27.5112,27.5112,,,,,,,,15.12,5.83,drive,-29.18,front,LIDAR_ONLY
0,147.4313,cam_1,CAM_ONLY,17.5918,,16.5709,1.0209,,6.1607,,0,,16.20,25.12,warning,4.42,,CAMERA_ONLY
0,147.4990,cam_1,CAM_ONLY,17.8072,,16.5709,1.2362,,7.4604,,0,,13.53,9.00,warning,4.42,,CAMERA_ONLY
0,147.4990,t3226,LIDAR_ONLY,16.9385,16.9385,73.6106,56.6721,56.6721,76.9891,76.9891,0,0,13.53,9.00,drive,20.76,front,LIDAR_ONLY
0,147.4990,t3226,LIDAR_ONLY,16.7181,16.7181,73.6106,56.8925,56.8925,77.2885,77.2885,0,0,13.53,9.00,drive,22.65,front,LIDAR_ONLY
0,147.5740,cam_1,CAM_ONLY,17.6538,,16.5709,1.0829,,6.5350,,0,,12.92,3.57,warning,4.42,,CAMERA_ONLY
0,147.6327,t3233,BOTH,17.7407,16.8184,16.5709,1.1698,0.2475,7.0593,1.4935,0,1,12.10,1.24,warning,4.42,,FULL_ANGLE
0,147.6327,t3231,LIDAR_ONLY,27.5216,27.5216,,,,,,,,12.10,1.24,drive,-29.08,front,LIDAR_ONLY
0,147.7053,cam_1,CAM_ONLY,17.9775,,16.5709,1.4066,,8.4881,,0,,13.45,11.92,warning,4.42,,CAMERA_ONLY
0,147.7730,cam_1,CAM_ONLY,17.7526,,16.5709,1.1816,,7.1309,,0,,12.51,4.25,warning,4.42,,CAMERA_ONLY
0,147.8326,t3233,BOTH,17.9729,16.8201,16.5709,1.4020,0.2492,8.4607,1.5040,0,1,12.22,1.25,warning,4.42,,FULL_ANGLE
0,147.8326,t3231,LIDAR_ONLY,27.5288,27.5288,,,,,,,,12.22,1.25,drive,-29.05,front,LIDAR_ONLY
0,147.8326,t3235,LIDAR_ONLY,17.9325,17.9325,73.6106,55.6781,55.6781,75.6387,75.6387,0,0,12.22,1.25,drive,20.05,front,LIDAR_ONLY
0,147.9090,cam_1,CAM_ONLY,17.5289,,16.5709,0.9580,,5.7810,,1,,13.18,15.18,warning,4.42,,CAMERA_ONLY
0,147.9764,cam_1,CAM_ONLY,17.9079,,16.5709,1.3370,,8.0683,,0,,12.46,5.85,warning,4.42,,CAMERA_ONLY
0,148.0444,cam_1,CAM_ONLY,17.5027,,16.5709,0.9318,,5.6230,,1,,9.97,4.26,warning,4.42,,CAMERA_ONLY
0,148.0444,t3235,LIDAR_ONLY,18.0006,18.0006,73.6106,55.6100,55.6100,75.5462,75.5462,0,0,9.97,4.26,drive,19.65,front,LIDAR_ONLY
0,148.1177,cam_1,CAM_ONLY,17.5619,,16.5709,0.9910,,5.9802,,1,,13.20,14.19,warning,4.42,,CAMERA_ONLY
0,148.1917,t3240,BOTH,17.5986,16.8486,16.5709,1.0277,0.2776,6.2021,1.6755,0,1,15.70,4.04,warning,4.42,,FULL_ANGLE
0,148.1917,t3235,LIDAR_ONLY,16.6629,16.6629,73.6106,56.9477,56.9477,77.3634,77.3634,0,0,15.70,4.04,drive,21.96,front,LIDAR_ONLY
0,148.1917,t3235,LIDAR_ONLY,16.6857,16.6857,73.6106,56.9250,56.9250,77.3325,77.3325,0,0,15.70,4.04,drive,20.09,front,LIDAR_ONLY
0,148.2660,cam_1,CAM_ONLY,17.7039,,16.5709,1.1329,,6.8370,,0,,14.90,12.45,warning,4.42,,CAMERA_ONLY
0,148.3304,cam_1,CAM_ONLY,17.7133,,16.5709,1.1424,,6.8941,,0,,10.60,1.69,warning,4.42,,CAMERA_ONLY
0,148.3304,t3241,LIDAR_ONLY,27.4980,27.4980,,,,,,,,10.60,1.69,drive,-29.21,front,LIDAR_ONLY
0,148.4020,cam_1,CAM_ONLY,17.6317,,16.5709,1.0608,,6.4017,,0,,13.00,8.26,warning,4.42,,CAMERA_ONLY
0,148.4676,cam_1,CAM_ONLY,17.5577,,16.5709,0.9868,,5.9551,,1,,13.13,2.57,warning,4.42,,CAMERA_ONLY
0,148.5315,cam_1,CAM_ONLY,17.7262,,16.5709,1.1553,,6.9719,,0,,14.15,3.06,warning,4.42,,CAMERA_ONLY
0,148.5315,t3241,LIDAR_ONLY,27.5014,27.5014,,,,,,,,14.15,3.06,drive,-29.13,front,LIDAR_ONLY
0,148.6039,cam_1,CAM_ONLY,17.6687,,16.5709,1.0978,,6.6248,,0,,13.16,11.69,warning,4.42,,CAMERA_ONLY
0,148.6039,t3250,LIDAR_ONLY,17.2589,17.2589,73.6106,56.3518,56.3518,76.5538,76.5538,0,0,13.16,11.69,drive,20.52,front,LIDAR_ONLY
0,148.7065,cam_1,CAM_ONLY,17.6356,,16.5709,1.0647,,6.4254,,0,,19.52,11.44,warning,4.42,,CAMERA_ONLY
0,148.7691,cam_1,CAM_ONLY,17.7126,,16.5709,1.1417,,6.8897,,0,,13.07,2.58,warning,4.42,,CAMERA_ONLY
0,148.8335,t3254,BOTH,17.5426,16.8246,16.5709,0.9717,0.2537,5.8641,1.5311,1,1,14.16,1.63,warning,4.42,,FULL_ANGLE
0,148.8335,t3253,LIDAR_ONLY,27.5190,27.5190,,,,,,,,14.16,1.63,drive,-29.16,front,LIDAR_ONLY
0,148.8335,t3250,LIDAR_ONLY,12.3611,12.3611,73.6106,61.2495,61.2495,83.2075,83.2075,0,0,14.16,1.63,cautious,27.63,front,LIDAR_ONLY
0,148.8335,t3250,LIDAR_ONLY,12.6486,12.6486,73.6106,60.9620,60.9620,82.8169,82.8169,0,0,14.16,1.63,cautious,21.22,front,LIDAR_ONLY
0,148.9198,cam_1,CAM_ONLY,17.5972,,16.5709,1.0263,,6.1936,,0,,24.10,8.23,warning,4.42,,CAMERA_ONLY
0,148.9871,t3254,BOTH,17.7986,16.8250,16.5709,1.2277,0.2541,7.4087,1.5333,0,1,10.78,1.55,warning,4.42,,FULL_ANGLE
0,148.9871,t3253,LIDAR_ONLY,27.4796,27.4796,,,,,,,,10.78,1.55,drive,-29.19,front,LIDAR_ONLY
0,148.9871,t3250,LIDAR_ONLY,12.7092,12.7092,73.6106,60.9014,60.9014,82.7345,82.7345,0,0,10.78,1.55,cautious,25.67,front,LIDAR_ONLY
0,149.0630,cam_1,CAM_ONLY,17.5918,,16.5709,1.0209,,6.1606,,0,,14.52,16.03,warning,4.42,,CAMERA_ONLY
0,149.1302,cam_1,CAM_ONLY,17.6724,,16.5709,1.1015,,6.6470,,0,,11.70,5.19,warning,4.42,,CAMERA_ONLY
0,149.2082,cam_1,CAM_ONLY,17.7906,,16.5709,1.2197,,7.3605,,0,,13.10,14.11,warning,4.42,,CAMERA_ONLY
0,149.2778,cam_1,CAM_ONLY,17.6860,,16.5709,1.1151,,6.7292,,0,,16.81,3.90,warning,4.42,,CAMERA_ONLY
0,149.3465,cam_1,CAM_ONLY,17.6788,,16.5709,1.1079,,6.6858,,0,,13.72,9.69,warning,4.42,,CAMERA_ONLY
0,149.3465,t3264,LIDAR_ONLY,16.1759,16.1759,73.6106,57.4347,57.4347,78.0250,78.0250,0,0,13.72,9.69,drive,21.37,front,LIDAR_ONLY
0,149.4486,cam_1,CAM_ONLY,18.0639,,16.5709,1.4929,,9.0094,,0,,11.56,6.46,warning,4.42,,CAMERA_ONLY
0,149.4486,t3264,LIDAR_ONLY,16.3132,16.3132,73.6106,57.2974,57.2974,77.8385,77.8385,0,0,11.56,6.46,drive,20.57,front,LIDAR_ONLY
0,149.5324,cam_1,CAM_ONLY,17.9342,,16.5709,1.3633,,8.2272,,0,,13.89,4.79,warning,4.42,,CAMERA_ONLY
0,149.5324,t3266,LIDAR_ONLY,27.5566,27.5566,,,,,,,,13.89,4.79,drive,-29.15,front,LIDAR_ONLY
0,149.5854,t3269,BOTH,18.0431,16.9925,16.5709,1.4722,0.4216,8.8844,2.5444,0,1,9.76,1.35,warning,4.42,,FULL_ANGLE
0,149.5854,t3266,LIDAR_ONLY,27.5578,27.5578,,,,,,,,9.76,1.35,drive,-29.11,front,LIDAR_ONLY
0,149.5854,t3269,LIDAR_ONLY,17.5936,17.5936,16.5709,1.0227,1.0227,6.1717,6.1717,0,0,9.76,1.35,drive,4.46,front,LIDAR_ONLY
0,149.6800,cam_1,CAM_ONLY,17.6849,,16.5709,1.1140,,6.7227,,0,,14.26,7.41,warning,4.42,,CAMERA_ONLY
0,149.7651,cam_1,CAM_ONLY,17.5919,,16.5709,1.0210,,6.1614,,0,,13.11,14.61,warning,4.42,,CAMERA_ONLY
0,149.8399,t3269,BOTH,17.5975,16.9197,16.5709,1.0266,0.3488,6.1952,2.1046,0,1,19.09,2.65,warning,4.42,,FULL_ANGLE
0,149.8399,t3266,LIDAR_ONLY,27.5532,27.5532,,,,,,,,19.09,2.65,drive,-29.12,front,LIDAR_ONLY
0,149.9270,cam_1,CAM_ONLY,17.5533,,16.5709,0.9824,,5.9285,,1,,18.89,5.51,warning,4.42,,CAMERA_ONLY
0,150.0160,cam_1,CAM_ONLY,17.4588,,16.5709,0.8879,,5.3583,,1,,21.35,12.11,warning,4.42,,CAMERA_ONLY
0,150.0849,cam_1,CAM_ONLY,17.2780,,16.5709,0.7071,,4.2672,,1,,15.50,6.16,warning,4.42,,CAMERA_ONLY
0,150.0849,t3266,LIDAR_ONLY,27.5386,27.5386,,,,,,,,15.50,6.16,drive,-29.22,front,LIDAR_ONLY
0,150.1663,cam_1,CAM_ONLY,17.4715,,16.5709,0.9006,,5.4350,,1,,21.55,4.53,warning,4.42,,CAMERA_ONLY
0,150.2597,cam_1,CAM_ONLY,17.5527,,16.5709,0.9818,,5.9248,,1,,18.99,14.16,warning,4.38,,CAMERA_ONLY
0,150.3326,cam_1,CAM_ONLY,17.5864,,16.5709,1.0155,,6.1280,,0,,19.03,7.06,warning,4.38,,CAMERA_ONLY
0,150.4159,cam_1,CAM_ONLY,17.6813,,16.5709,1.1104,,6.7010,,0,,13.42,19.05,warning,4.42,,CAMERA_ONLY
0,150.4826,cam_1,CAM_ONLY,17.5595,,16.5709,0.9886,,5.9657,,1,,15.26,5.91,warning,4.42,,CAMERA_ONLY
0,150.5607,cam_1,CAM_ONLY,17.5751,,16.5709,1.0042,,6.0597,,0,,19.32,8.99,warning,4.42,,CAMERA_ONLY
0,150.6326,cam_1,CAM_ONLY,17.8224,,16.5709,1.2515,,7.5521,,0,,17.01,2.82,warning,4.42,,CAMERA_ONLY
0,150.6326,t3284,LIDAR_ONLY,27.4924,27.4924,,,,,,,,17.01,2.82,drive,-29.18,front,LIDAR_ONLY
0,150.7104,cam_1,CAM_ONLY,17.8709,,16.5709,1.3000,,7.8451,,0,,18.16,13.27,warning,4.42,,CAMERA_ONLY
0,150.7837,t3289,BOTH,17.5308,16.8237,16.5709,0.9599,0.2528,5.7928,1.5258,1,1,19.18,1.46,warning,4.42,,FULL_ANGLE
0,150.7837,t3284,LIDAR_ONLY,27.5027,27.5027,,,,,,,,19.18,1.46,drive,-29.14,front,LIDAR_ONLY
0,150.7837,t3288,LIDAR_ONLY,14.2685,14.2685,73.6106,59.3421,59.3421,80.6162,80.6162,0,0,19.18,1.46,cautious,23.17,front,LIDAR_ONLY
0,150.8423,t3289,BOTH,17.6228,16.8039,16.5709,1.0519,0.2330,6.3478,1.4059,0,1,10.03,2.75,warning,4.42,,FULL_ANGLE
0,150.8423,t3288,LIDAR_ONLY,14.4826,14.4826,73.6106,59.1280,59.1280,80.3253,80.3253,0,0,10.03,2.75,cautious,20.45,front,LIDAR_ONLY
0,150.9154,cam_1,CAM_ONLY,17.7887,,16.5709,1.2178,,7.3490,,0,,12.91,12.89,warning,4.42,,CAMERA_ONLY
0,150.9854,t3289,BOTH,17.8627,16.8103,16.5709,1.2918,0.2394,7.7955,1.4446,0,1,20.28,1.74,warning,4.42,,FULL_ANGLE
0,150.9854,t3284,LIDAR_ONLY,27.5065,27.5065,,,,,,,,20.28,1.74,drive,-29.14,front,LIDAR_ONLY
0,150.9854,t3288,LIDAR_ONLY,13.0540,13.0540,73.6106,60.5566,60.5566,82.2661,82.2661,0,0,20.28,1.74,cautious,28.01,front,LIDAR_ONLY
0,150.9854,t3288,LIDAR_ONLY,13.1539,13.1539,73.6106,60.4567,60.4567,82.1304,82.1304,0,0,20.28,1.74,cautious,20.67,front,LIDAR_ONLY
0,150.9854,t3288,LIDAR_ONLY,13.2478,13.2478,73.6106,60.3629,60.3629,82.0029,82.0029,0,0,20.28,1.74,cautious,22.60,front,LIDAR_ONLY
0,150.9854,t3288,LIDAR_ONLY,13.1644,13.1644,73.6106,60.4462,60.4462,82.1162,82.1162,0,0,20.28,1.74,cautious,19.30,front,LIDAR_ONLY
0,151.0607,cam_1,CAM_ONLY,17.7705,,16.5709,1.1996,,7.2393,,0,,13.31,8.26,warning,4.42,,CAMERA_ONLY
0,151.1317,cam_1,CAM_ONLY,17.6577,,16.5709,1.0868,,6.5586,,0,,19.52,1.76,warning,4.42,,CAMERA_ONLY
0,151.1317,t3284,LIDAR_ONLY,27.5086,27.5086,,,,,,,,19.52,1.76,drive,-29.18,front,LIDAR_ONLY
0,151.2164,cam_1,CAM_ONLY,17.7725,,16.5709,1.2016,,7.2511,,0,,20.19,16.90,warning,4.42,,CAMERA_ONLY
0,151.2886,t3299,BOTH,17.5598,16.8399,16.5709,0.9889,0.2690,5.9674,1.6233,1,1,12.06,2.84,warning,4.42,,FULL_ANGLE
0,151.2886,t3298,LIDAR_ONLY,16.8420,16.8420,73.6106,56.7686,56.7686,77.1201,77.1201,0,0,12.06,2.84,drive,20.84,front,LIDAR_ONLY
0,151.3639,cam_1,CAM_ONLY,17.3719,,16.5709,0.8010,,4.8338,,1,,14.03,6.52,warning,4.42,,CAMERA_ONLY
0,151.4333,cam_1,CAM_ONLY,17.3142,,16.5709,0.7433,,4.4856,,1,,12.60,6.21,warning,4.42,,CAMERA_ONLY
0,151.5157,cam_1,CAM_ONLY,17.4920,,16.5709,0.9211,,5.5586,,1,,13.79,13.84,warning,4.42,,CAMERA_ONLY
0,151.5797,cam_1,CAM_ONLY,17.6017,,16.5709,1.0308,,6.2205,,0,,11.89,5.37,warning,4.42,,CAMERA_ONLY
0,151.6588,cam_1,CAM_ONLY,17.5562,,16.5709,0.9853,,5.9457,,1,,11.32,15.42,warning,4.42,,CAMERA_ONLY
0,151.7292,cam_1,CAM_ONLY,17.6462,,16.5709,1.0753,,6.4888,,0,,16.61,4.30,warning,4.42,,CAMERA_ONLY
0,151.8060,cam_1,CAM_ONLY,17.6619,,16.5709,1.0910,,6.5840,,0,,17.38,11.25,warning,4.42,,CAMERA_ONLY
0,151.8670,cam_1,CAM_ONLY,17.6122,,16.5709,1.0412,,6.2836,,0,,12.65,3.57,warning,4.42,,CAMERA_ONLY
0,151.9551,t3315,BOTH,17.4815,16.7927,16.5709,0.9106,0.2218,5.4952,1.3387,1,1,24.82,10.74,warning,4.42,,FULL_ANGLE
0,151.9551,t3314,LIDAR_ONLY,17.9173,17.9173,73.6106,55.6933,55.6933,75.6593,75.6593,0,0,24.82,10.74,drive,20.06,front,LIDAR_ONLY
0,151.9551,t3314,LIDAR_ONLY,17.2813,17.2813,73.6106,56.3293,56.3293,76.5233,76.5233,0,0,24.82,10.74,drive,21.58,front,LIDAR_ONLY
0,152.0156,cam_1,CAM_ONLY,17.6803,,16.5709,1.1094,,6.6949,,0,,10.91,2.74,warning,4.42,,CAMERA_ONLY
0,152.0803,cam_1,CAM_ONLY,17.6469,,16.5709,1.0760,,6.4931,,0,,15.04,5.93,warning,4.42,,CAMERA_ONLY
0,152.0803,t3316,LIDAR_ONLY,27.5495,27.5495,,,,,,,,15.04,5.93,drive,-29.11,front,LIDAR_ONLY
0,152.1689,cam_1,CAM_ONLY,17.5784,,16.5709,1.0075,,6.0801,,0,,21.62,17.87,warning,4.42,,CAMERA_ONLY
0,152.2333,t3325,BOTH,17.7092,16.8392,16.5709,1.1383,0.2683,6.8695,1.6192,0,1,13.91,1.64,warning,4.42,,FULL_ANGLE
0,152.2333,t3316,LIDAR_ONLY,27.5250,27.5250,,,,,,,,13.91,1.64,drive,-29.16,front,LIDAR_ONLY
0,152.3128,cam_1,CAM_ONLY,17.5534,,16.5709,0.9825,,5.9292,,1,,13.34,17.15,warning,4.42,,CAMERA_ONLY
0,152.3815,cam_1,CAM_ONLY,17.6477,,16.5709,1.0768,,6.4979,,0,,12.99,2.93,warning,4.42,,CAMERA_ONLY
0,152.3815,t3316,LIDAR_ONLY,27.5297,27.5297,,,,,,,,12.99,2.93,drive,-29.10,front,LIDAR_ONLY
0,152.4591,cam_1,CAM_ONLY,17.5067,,16.5709,0.9358,,5.6474,,1,,14.89,10.98,warning,4.42,,CAMERA_ONLY
0,152.5280,cam_1,CAM_ONLY,17.6601,,16.5709,1.0892,,6.5732,,0,,12.55,5.70,warning,4.42,,CAMERA_ONLY
0,152.6112,cam_1,CAM_ONLY,17.5894,,16.5709,1.0185,,6.1460,,0,,15.50,13.77,warning,4.42,,CAMERA_ONLY
0,152.6781,cam_1,CAM_ONLY,17.9871,,16.5709,1.4162,,8.5462,,0,,10.56,5.05,warning,4.42,,CAMERA_ONLY
0,152.7357,t3337,BOTH,17.5739,16.8313,16.5709,1.0030,0.2604,6.0527,1.5712,0,1,9.42,1.09,warning,4.42,,FULL_ANGLE
0,152.7357,t3336,LIDAR_ONLY,27.5526,27.5526,,,,,,,,9.42,1.09,drive,-29.11,front,LIDAR_ONLY
0,152.8141,cam_1,CAM_ONLY,17.4633,,16.5709,0.8924,,5.3855,,1,,16.08,16.92,warning,4.42,,CAMERA_ONLY
0,152.8830,t3337,BOTH,17.7265,16.8317,16.5709,1.1556,0.2608,6.9735,1.5736,0,1,12.52,1.56,warning,4.42,,FULL_ANGLE
0,152.8830,t3336,LIDAR_ONLY,27.5462,27.5462,,,,,,,,12.52,1.56,drive,-29.07,front,LIDAR_ONLY
0,152.9399,t3337,BOTH,17.6400,16.8338,16.5709,1.0691,0.2629,6.4515,1.5865,0,1,9.38,2.23,warning,4.42,,FULL_ANGLE
0,152.9399,t3341,LIDAR_ONLY,17.4011,17.4011,73.6106,56.2095,56.2095,76.3606,76.3606,0,0,9.38,2.23,drive,20.42,front,LIDAR_ONLY
0,152.9399,t3341,LIDAR_ONLY,16.5593,16.5593,73.6106,57.0513,57.0513,77.5042,77.5042,0,0,9.38,2.23,drive,22.73,front,LIDAR_ONLY
0,153.0096,cam_1,CAM_ONLY,17.5102,,16.5709,0.9393,,5.6682,,1,,9.96,10.65,warning,4.42,,CAMERA_ONLY
0,153.0096,t3341,LIDAR_ONLY,16.5706,16.5706,73.6106,57.0400,57.0400,77.4889,77.4889,0,0,9.96,10.65,drive,20.94,front,LIDAR_ONLY
0,153.0797,cam_1,CAM_ONLY,17.8349,,16.5709,1.2640,,7.6280,,0,,12.61,5.58,warning,4.42,,CAMERA_ONLY
0,153.1622,cam_1,CAM_ONLY,17.8297,,16.5709,1.2588,,7.5965,,0,,16.63,8.00,warning,4.42,,CAMERA_ONLY
0,153.2315,cam_1,CAM_ONLY,17.6764,,16.5709,1.1055,,6.6713,,0,,15.95,1.97,warning,4.42,,CAMERA_ONLY
0,153.2315,t3350,LIDAR_ONLY,27.5194,27.5194,,,,,,,,15.95,1.97,drive,-29.21,front,LIDAR_ONLY
0,153.2875,t3354,BOTH,17.6908,16.8416,16.5709,1.1199,0.2706,6.7582,1.6333,0,1,9.95,1.29,warning,4.42,,FULL_ANGLE
0,153.2875,t3350,LIDAR_ONLY,27.5035,27.5035,,,,,,,,9.95,1.29,drive,-29.11,front,LIDAR_ONLY
0,153.2875,t3353,LIDAR_ONLY,14.7889,14.7889,73.6106,58.8217,58.8217,79.9093,79.9093,0,0,9.95,1.29,drive,22.64,front,LIDAR_ONLY
0,153.2875,t3353,LIDAR_ONLY,14.9217,14.9217,73.6106,58.6889,58.6889,79.7288,79.7288,0,0,9.95,1.29,drive,19.45,front,LIDAR_ONLY
0,153.3677,cam_1,CAM_ONLY,18.4756,,16.5709,1.9047,,11.4941,,0,,15.03,4.64,warning,4.42,,CAMERA_ONLY
0,153.4241,cam_1,CAM_ONLY,18.5184,,16.5709,1.9475,,11.7524,,0,,8.79,3.76,warning,4.42,,CAMERA_ONLY
0,153.4958,t3354,BOTH,18.0983,16.8323,16.5709,1.5274,0.2614,9.2172,1.5776,0,1,20.39,5.23,warning,4.42,,FULL_ANGLE
0,153.4958,t3353,LIDAR_ONLY,15.0729,15.0729,73.6106,58.5377,58.5377,79.5235,79.5235,0,0,20.39,5.23,drive,19.19,front,LIDAR_ONLY
0,153.5807,cam_1,CAM_ONLY,17.9001,,16.5709,1.3292,,8.0215,,0,,18.86,4.70,warning,4.42,,CAMERA_ONLY
0,153.6680,cam_1,CAM_ONLY,17.7145,,16.5709,1.1436,,6.9014,,0,,19.23,11.99,warning,4.42,,CAMERA_ONLY
0,153.7667,cam_1,CAM_ONLY,17.5880,,16.5709,1.0171,,6.1378,,0,,22.99,19.88,warning,4.42,,CAMERA_ONLY
0,153.8428,t3368,BOTH,17.5614,16.8599,16.5709,0.9904,0.2890,5.9770,1.7440,1,1,15.42,2.39,warning,4.42,,FULL_ANGLE
0,153.8428,t3365,LIDAR_ONLY,27.5074,27.5074,,,,,,,,15.42,2.39,drive,-29.19,front,LIDAR_ONLY
0,153.8428,t3367,LIDAR_ONLY,17.7690,17.7690,73.6106,55.8416,55.8416,75.8608,75.8608,0,0,15.42,2.39,drive,20.16,front,LIDAR_ONLY
0,153.8428,t3367,LIDAR_ONLY,16.5881,16.5881,73.6106,57.0225,57.0225,77.4651,77.4651,0,0,15.42,2.39,drive,21.55,front,LIDAR_ONLY
0,153.9188,cam_1,CAM_ONLY,17.3785,,16.5709,0.8076,,4.8738,,1,,16.11,13.20,warning,4.42,,CAMERA_ONLY
0,153.9898,t3368,BOTH,19.1098,16.8595,16.5709,2.5389,0.2886,15.3215,1.7416,0,1,18.22,2.00,warning,4.38,,FULL_ANGLE
0,153.9898,t3365,LIDAR_ONLY,27.5081,27.5081,,,,,,,,18.22,2.00,drive,-29.27,front,LIDAR_ONLY
0,154.0594,cam_1,CAM_ONLY,17.6111,,16.5709,1.0401,,6.2769,,0,,9.54,8.45,warning,4.42,,CAMERA_ONLY
0,154.1232,cam_1,CAM_ONLY,17.4457,,16.5709,0.8748,,5.2789,,1,,12.72,3.87,warning,4.42,,CAMERA_ONLY
0,154.1827,cam_1,CAM_ONLY,17.5952,,16.5709,1.0243,,6.1810,,0,,10.24,3.10,warning,4.42,,CAMERA_ONLY
0,154.1827,t3365,LIDAR_ONLY,27.4930,27.4930,,,,,,,,10.24,3.10,drive,-29.20,front,LIDAR_ONLY
0,154.2432,t3380,BOTH,17.6083,16.8152,16.5709,1.0374,0.2443,6.2606,1.4741,0,1,11.64,2.48,warning,4.42,,FULL_ANGLE
0,154.2432,t3379,LIDAR_ONLY,16.8472,16.8472,73.6106,56.7634,56.7634,77.1131,77.1131,0,0,11.64,2.48,drive,20.83,front,LIDAR_ONLY
0,154.2432,t3379,LIDAR_ONLY,16.0664,16.0664,73.6106,57.5442,57.5442,78.1738,78.1738,0,0,11.64,2.48,drive,22.96,front,LIDAR_ONLY
0,154.2432,t3379,LIDAR_ONLY,16.1340,16.1340,73.6106,57.4766,57.4766,78.0819,78.0819,0,0,11.64,2.48,drive,19.34,front,LIDAR_ONLY
0,154.3149,cam_1,CAM_ONLY,17.5900,,16.5709,1.0191,,6.1499,,0,,13.30,13.74,warning,4.42,,CAMERA_ONLY
0,154.3803,cam_1,CAM_ONLY,17.5491,,16.5709,0.9782,,5.9031,,1,,11.98,4.64,warning,4.42,,CAMERA_ONLY
0,154.4646,cam_1,CAM_ONLY,17.4474,,16.5709,0.8765,,5.2892,,1,,17.44,18.16,warning,4.42,,CAMERA_ONLY
0,154.5301,cam_1,CAM_ONLY,18.0907,,16.5709,1.5198,,9.1712,,0,,12.25,3.46,warning,4.42,,CAMERA_ONLY
0,154.5301,t3389,LIDAR_ONLY,27.6072,27.6072,,,,,,,,12.25,3.46,drive,-29.08,front,LIDAR_ONLY
0,154.5974,cam_1,CAM_ONLY,17.5979,,16.5709,1.0270,,6.1976,,0,,18.33,6.30,warning,4.42,,CAMERA_ONLY
0,154.5974,t3391,LIDAR_ONLY,17.8763,17.8763,73.6106,55.7343,55.7343,75.7151,75.7151,0,0,18.33,6.30,drive,20.09,front,LIDAR_ONLY
0,154.6659,cam_1,CAM_ONLY,17.5829,,16.5709,1.0120,,6.1068,,0,,10.08,12.38,warning,4.42,,CAMERA_ONLY
0,154.7323,cam_1,CAM_ONLY,17.6046,,16.5709,1.0337,,6.2378,,0,,9.42,5.91,warning,4.42,,CAMERA_ONLY
0,154.8176,cam_1,CAM_ONLY,17.4693,,16.5709,0.8984,,5.4216,,1,,20.19,13.77,warning,4.42,,CAMERA_ONLY
0,154.9118,cam_1,CAM_ONLY,17.6641,,16.5709,1.0932,,6.5971,,0,,22.00,13.82,warning,4.42,,CAMERA_ONLY
0,154.9817,cam_1,CAM_ONLY,17.7213,,16.5709,1.1504,,6.9425,,0,,17.84,4.20,warning,4.42,,CAMERA_ONLY
0,154.9817,t3396,LIDAR_ONLY,27.5997,27.5997,,,,,,,,17.84,4.20,drive,-29.13,front,LIDAR_ONLY
0,155.0661,cam_1,CAM_ONLY,18.0950,,16.5709,1.5241,,9.1972,,0,,14.90,16.66,warning,4.42,,CAMERA_ONLY
0,155.1400,t3401,BOTH,17.8320,16.8247,16.5709,1.2610,0.2538,7.6100,1.5314,0,1,19.25,3.45,warning,4.42,,FULL_ANGLE
0,155.1400,t3400,LIDAR_ONLY,18.8748,18.8748,73.6106,54.7359,54.7359,74.3586,74.3586,0,0,19.25,3.45,drive,19.45,front,LIDAR_ONLY
0,155.1400,t3400,LIDAR_ONLY,16.6537,16.6537,73.6106,56.9570,56.9570,77.3760,77.3760,0,0,19.25,3.45,drive,21.34,front,LIDAR_ONLY
0,155.2007,cam_1,CAM_ONLY,17.9457,,16.5709,1.3748,,8.2963,,0,,9.97,6.80,warning,4.42,,CAMERA_ONLY
0,155.2007,t3400,LIDAR_ONLY,16.7675,16.7675,73.6106,56.8431,56.8431,77.2214,77.2214,0,0,9.97,6.80,drive,20.03,front,LIDAR_ONLY
0,155.2007,t3400,LIDAR_ONLY,16.8167,16.8167,73.6106,56.7939,56.7939,77.1545,77.1545,0,0,9.97,6.80,drive,21.30,front,LIDAR_ONLY
0,155.2656,cam_1,CAM_ONLY,17.7158,,16.5709,1.1449,,6.9094,,0,,15.43,2.52,warning,4.42,,CAMERA_ONLY
0,155.3275,cam_1,CAM_ONLY,17.5270,,16.5709,0.9561,,5.7700,,1,,10.61,5.67,warning,4.42,,CAMERA_ONLY
0,155.3971,t3407,BOTH,17.5414,16.8095,16.5709,0.9705,0.2386,5.8569,1.4398,1,1,11.65,4.29,warning,4.42,,FULL_ANGLE
0,155.3971,t3400,LIDAR_ONLY,16.8480,16.8480,73.6106,56.7626,56.7626,77.1120,77.1120,0,0,11.65,4.29,drive,20.80,front,LIDAR_ONLY
0,155.4659,cam_1,CAM_ONLY,17.4617,,16.5709,0.8908,,5.3758,,1,,9.72,8.42,warning,4.42,,CAMERA_ONLY
0,155.5348,t3407,BOTH,17.5702,16.8159,16.5709,0.9992,0.2450,6.0301,1.4782,1,1,20.89,1.36,warning,4.42,,FULL_ANGLE
0,155.5348,t3410,LIDAR_ONLY,27.5289,27.5289,,,,,,,,20.89,1.36,drive,-29.15,front,LIDAR_ONLY
0,155.6144,cam_1,CAM_ONLY,17.4678,,16.5709,0.8969,,5.4125,,1,,16.69,9.43,warning,4.42,,CAMERA_ONLY
0,155.6799,cam_1,CAM_ONLY,17.3975,,16.5709,0.8266,,4.9884,,1,,12.37,3.42,warning,4.42,,CAMERA_ONLY
0,155.6799,t3410,LIDAR_ONLY,27.5355,27.5355,,,,,,,,12.37,3.42,drive,-29.05,front,LIDAR_ONLY
0,155.7480,t3407,BOTH,17.4550,16.8162,16.5709,0.8841,0.2453,5.3350,1.4805,1,1,9.74,7.56,warning,4.42,,FULL_ANGLE
0,155.7480,t3419,LIDAR_ONLY,16.8451,16.8451,73.6106,56.7655,56.7655,77.1160,77.1160,0,0,9.74,7.56,drive,20.83,front,LIDAR_ONLY
0,155.8167,cam_1,CAM_ONLY,17.5377,,16.5709,0.9668,,5.8342,,1,,12.36,2.55,warning,4.42,,CAMERA_ONLY
0,155.8790,cam_1,CAM_ONLY,17.7905,,16.5709,1.2196,,7.3600,,0,,9.91,5.90,warning,4.42,,CAMERA_ONLY
0,155.9652,cam_1,CAM_ONLY,17.7054,,16.5709,1.1345,,6.8461,,0,,15.47,14.90,warning,4.42,,CAMERA_ONLY
0,156.0389,t3429,BOTH,17.6797,16.8720,16.5709,1.1087,0.3011,6.6909,1.8172,0,1,18.92,2.51,warning,4.42,,FULL_ANGLE
0,156.0389,t3428,LIDAR_ONLY,17.5945,17.5945,73.6106,56.0161,56.0161,76.0978,76.0978,0,0,18.92,2.51,drive,20.28,front,LIDAR_ONLY
0,156.0389,t3428,LIDAR_ONLY,16.4548,16.4548,73.6106,57.1558,57.1558,77.6462,77.6462,0,0,18.92,2.51,drive,21.82,front,LIDAR_ONLY
0,156.1108,cam_1,CAM_ONLY,17.8778,,16.5709,1.3069,,7.8867,,0,,11.39,15.07,warning,4.42,,CAMERA_ONLY
0,156.1759,cam_1,CAM_ONLY,17.8264,,16.5709,1.2555,,7.5767,,0,,16.39,6.09,warning,4.42,,CAMERA_ONLY
0,156.2516,cam_1,CAM_ONLY,17.8032,,16.5709,1.2323,,7.4365,,0,,16.78,10.62,warning,4.42,,CAMERA_ONLY
0,156.3282,cam_1,CAM_ONLY,17.8005,,16.5709,1.2296,,7.4203,,0,,16.25,6.76,warning,4.42,,CAMERA_ONLY
0,156.4161,cam_1,CAM_ONLY,17.5148,,16.5709,0.9439,,5.6962,,1,,14.61,17.48,warning,4.42,,CAMERA_ONLY
0,156.4814,cam_1,CAM_ONLY,17.4049,,16.5709,0.8340,,5.0328,,1,,12.61,2.39,warning,4.42,,CAMERA_ONLY
0,156.4814,t3438,LIDAR_ONLY,27.4276,27.4276,36.9257,9.4981,9.4981,25.7221,25.7221,0,0,12.61,2.39,drive,-29.16,front,LIDAR_ONLY
0,156.5429,t3442,BOTH,17.7850,16.8050,16.5709,1.2141,0.2341,7.3267,1.4130,0,1,10.67,4.03,warning,4.42,,FULL_ANGLE
0,156.6073,cam_1,CAM_ONLY,17.7504,,16.5709,1.1795,,7.1177,,0,,9.59,12.18,warning,4.42,,CAMERA_ONLY
0,156.6803,cam_1,CAM_ONLY,17.6982,,16.5709,1.1273,,6.8029,,0,,15.25,6.43,warning,4.42,,CAMERA_ONLY
0,156.7554,cam_1,CAM_ONLY,17.6346,,16.5709,1.0637,,6.4191,,0,,9.21,10.19,warning,4.42,,CAMERA_ONLY
0,156.8297,cam_1,CAM_ONLY,17.8401,,16.5709,1.2692,,7.6591,,0,,18.89,2.86,warning,4.42,,CAMERA_ONLY
0,156.8297,t3447,LIDAR_ONLY,27.5268,27.5268,28.5352,1.0084,1.0084,3.5338,3.5338,0,0,18.89,2.86,drive,-29.20,front,LIDAR_ONLY
0,156.8935,cam_1,CAM_ONLY,17.9609,,16.5709,1.3900,,8.3880,,0,,13.38,5.35,warning,4.42,,CAMERA_ONLY
0,156.8935,t3450,LIDAR_ONLY,17.1840,17.1840,73.6106,56.4266,56.4266,76.6555,76.6555,0,0,13.38,5.35,drive,20.58,front,LIDAR_ONLY
0,156.9702,cam_1,CAM_ONLY,17.5602,,16.5709,0.9893,,5.9699,,1,,13.30,12.62,warning,4.42,,CAMERA_ONLY
0,157.0314,t3453,BOTH,17.7058,16.8447,16.5709,1.1349,0.2738,6.8489,1.6521,0,1,12.82,1.64,warning,4.42,,FULL_ANGLE
0,157.0314,t3447,LIDAR_ONLY,27.5073,27.5073,,,,,,,,12.82,1.64,drive,-29.11,front,LIDAR_ONLY
0,157.1091,cam_1,CAM_ONLY,17.5878,,16.5709,1.0169,,6.1367,,0,,14.75,14.37,warning,4.42,,CAMERA_ONLY
0,157.1764,cam_1,CAM_ONLY,17.5723,,16.5709,1.0014,,6.0432,,0,,11.71,2.01,warning,4.42,,CAMERA_ONLY
0,157.1764,t3447,LIDAR_ONLY,27.5180,27.5180,,,,,,,,11.71,2.01,drive,-29.17,front,LIDAR_ONLY
0,157.2353,t3453,BOTH,17.9098,16.8483,16.5709,1.3389,0.2774,8.0800,1.6737,0,1,9.30,1.04,warning,4.42,,FULL_ANGLE
0,157.2353,t3447,LIDAR_ONLY,27.5224,27.5224,,,,,,,,9.30,1.04,drive,-29.29,front,LIDAR_ONLY
0,157.3136,cam_1,CAM_ONLY,17.5687,,16.5709,0.9978,,6.0213,,1,,12.86,16.45,warning,4.38,,CAMERA_ONLY
0,157.3821,cam_1,CAM_ONLY,17.9770,,16.5709,1.4061,,8.4852,,0,,14.09,3.40,warning,4.42,,CAMERA_ONLY
0,157.3821,t3447,LIDAR_ONLY,27.5269,27.5269,,,,,,,,14.09,3.40,drive,-29.07,front,LIDAR_ONLY
0,157.4545,cam_1,CAM_ONLY,17.5934,,16.5709,1.0225,,6.1705,,0,,12.93,11.62,warning,4.42,,CAMERA_ONLY
0,157.5213,cam_1,CAM_ONLY,17.5579,,16.5709,0.9870,,5.9563,,1,,13.55,4.03,warning,4.38,,CAMERA_ONLY
0,157.5879,t3464,BOTH,17.5799,16.8243,16.5709,1.0090,0.2534,6.0890,1.5293,0,1,13.13,1.79,warning,4.42,,FULL_ANGLE
0,157.5879,t3447,LIDAR_ONLY,27.5280,27.5280,,,,,,,,13.13,1.79,drive,-29.17,front,LIDAR_ONLY
0,157.5879,t3463,LIDAR_ONLY,10.4678,10.4678,73.6106,63.1428,63.1428,85.7795,85.7795,0,0,13.13,1.79,cautious,29.25,front,LIDAR_ONLY
0,157.5879,t3463,LIDAR_ONLY,10.5833,10.5833,73.6106,63.0273,63.0273,85.6225,85.6225,0,0,13.13,1.79,cautious,19.66,front,LIDAR_ONLY
0,157.5879,t3463,LIDAR_ONLY,10.7823,10.7823,73.6106,62.8283,62.8283,85.3522,85.3522,0,0,13.13,1.79,cautious,20.94,front,LIDAR_ONLY
0,157.5879,t3463,LIDAR_ONLY,10.9839,10.9839,73.6106,62.6267,62.6267,85.0784,85.0784,0,0,13.13,1.79,cautious,22.47,front,LIDAR_ONLY
0,157.6465,cam_1,CAM_ONLY,17.4319,,16.5709,0.8609,,5.1955,,1,,9.46,4.75,warning,4.42,,CAMERA_ONLY
0,157.6465,t3463,LIDAR_ONLY,11.1976,11.1976,73.6106,62.4130,62.4130,84.7880,84.7880,0,0,9.46,4.75,cautious,19.84,front,LIDAR_ONLY
0,157.6465,t3463,LIDAR_ONLY,12.9018,12.9018,73.6106,60.7088,60.7088,82.4729,82.4729,0,0,9.46,4.75,cautious,20.86,front,LIDAR_ONLY
0,157.7162,cam_1,CAM_ONLY,17.6814,,16.5709,1.1105,,6.7018,,0,,12.77,4.25,warning,4.42,,CAMERA_ONLY
0,157.7941,t3464,BOTH,17.6284,16.8243,16.5709,1.0575,0.2534,6.3816,1.5293,0,1,14.75,4.65,warning,4.42,,FULL_ANGLE
0,157.7941,t3463,LIDAR_ONLY,14.0956,14.0956,73.6106,59.5150,59.5150,80.8511,80.8511,0,0,14.75,4.65,cautious,19.50,front,LIDAR_ONLY
0,157.7941,t3463,LIDAR_ONLY,14.9700,14.9700,73.6106,58.6406,58.6406,79.6633,79.6633,0,0,14.75,4.65,cautious,20.53,front,LIDAR_ONLY
0,157.8629,cam_1,CAM_ONLY,17.6852,,16.5709,1.1143,,6.7241,,0,,9.66,14.59,warning,4.42,,CAMERA_ONLY
0,157.9302,cam_1,CAM_ONLY,17.6981,,16.5709,1.1272,,6.8025,,0,,11.87,6.75,warning,4.42,,CAMERA_ONLY
0,157.9926,t3464,BOTH,17.4714,16.8221,16.5709,0.9004,0.2512,5.4339,1.5161,1,1,9.99,3.48,warning,4.42,,FULL_ANGLE
0,157.9926,t3463,LIDAR_ONLY,15.8139,15.8139,73.6106,57.7967,57.7967,78.5169,78.5169,0,0,9.99,3.48,cautious,20.06,front,LIDAR_ONLY
0,157.9926,t3463,LIDAR_ONLY,16.2456,16.2456,73.6106,57.3650,57.3650,77.9303,77.9303,0,0,9.99,3.48,drive,21.87,front,LIDAR_ONLY
0,158.0637,cam_1,CAM_ONLY,17.6227,,16.5709,1.0518,,6.3472,,0,,10.29,9.37,warning,4.42,,CAMERA_ONLY
0,158.1315,cam_1,CAM_ONLY,17.5516,,16.5709,0.9807,,5.9183,,1,,13.41,3.16,warning,4.42,,CAMERA_ONLY
0,158.1315,t3472,LIDAR_ONLY,27.5791,27.5791,,,,,,,,13.41,3.16,drive,-29.13,front,LIDAR_ONLY
0,158.2099,cam_1,CAM_ONLY,17.6434,,16.5709,1.0725,,6.4719,,0,,16.59,14.35,warning,4.42,,CAMERA_ONLY
0,158.2748,cam_1,CAM_ONLY,17.5804,,16.5709,1.0095,,6.0923,,0,,12.20,5.04,warning,4.42,,CAMERA_ONLY
0,158.3632,cam_1,CAM_ONLY,17.7041,,16.5709,1.1332,,6.8385,,0,,20.06,17.72,warning,4.42,,CAMERA_ONLY
0,158.4237,cam_1,CAM_ONLY,17.5518,,16.5709,0.9809,,5.9196,,1,,12.16,3.09,warning,4.42,,CAMERA_ONLY
0,158.4898,t3486,BOTH,17.9411,16.8500,16.5709,1.3701,0.2790,8.2684,1.6840,0,1,12.53,1.49,warning,4.42,,FULL_ANGLE
0,158.4898,t3484,LIDAR_ONLY,27.5588,27.5588,,,,,,,,12.53,1.49,drive,-29.15,front,LIDAR_ONLY
0,158.4898,t3485,LIDAR_ONLY,12.3849,12.3849,73.6106,61.2257,61.2257,83.1751,83.1751,0,0,12.53,1.49,cautious,25.58,front,LIDAR_ONLY
0,158.4898,t3485,LIDAR_ONLY,12.4586,12.4586,73.6106,61.1520,61.1520,83.0750,83.0750,0,0,12.53,1.49,cautious,19.37,front,LIDAR_ONLY
0,158.5660,cam_1,CAM_ONLY,17.5181,,16.5709,0.9472,,5.7161,,1,,14.04,15.12,warning,4.42,,CAMERA_ONLY
0,158.6367,cam_1,CAM_ONLY,17.5548,,16.5709,0.9839,,5.9374,,1,,20.35,4.66,warning,4.42,,CAMERA_ONLY
0,158.6367,t3484,LIDAR_ONLY,27.5606,27.5606,,,,,,,,20.35,4.66,drive,-29.04,front,LIDAR_ONLY
0,158.7157,cam_1,CAM_ONLY,17.6990,,16.5709,1.1281,,6.8077,,0,,13.33,13.01,warning,4.42,,CAMERA_ONLY
0,158.7924,t3492,BOTH,17.6175,16.8190,16.5709,1.0466,0.2481,6.3160,1.4972,0,1,20.82,6.16,warning,4.42,,FULL_ANGLE
0,158.7924,t3491,LIDAR_ONLY,17.0495,17.0495,73.6106,56.5611,56.5611,76.8382,76.8382,0,0,20.82,6.16,drive,20.68,front,LIDAR_ONLY
0,158.7924,t3491,LIDAR_ONLY,16.2752,16.2752,73.6106,57.3354,57.3354,77.8901,77.8901,0,0,20.82,6.16,drive,21.85,front,LIDAR_ONLY
0,158.8661,cam_1,CAM_ONLY,17.6634,,16.5709,1.0925,,6.5926,,0,,19.79,5.34,warning,4.38,,CAMERA_ONLY
0,158.9278,cam_1,CAM_ONLY,17.6227,,16.5709,1.0518,,6.3472,,0,,11.75,6.81,warning,4.42,,CAMERA_ONLY
0,159.0119,cam_1,CAM_ONLY,17.6370,,16.5709,1.0661,,6.4335,,0,,13.25,15.92,warning,4.42,,CAMERA_ONLY
0,159.1064,cam_1,CAM_ONLY,17.8083,,16.5709,1.2374,,7.4675,,0,,19.00,13.87,warning,4.42,,CAMERA_ONLY
0,159.1064,t3504,LIDAR_ONLY,17.9196,17.9196,73.6106,55.6910,55.6910,75.6562,75.6562,0,0,19.00,13.87,drive,20.06,front,LIDAR_ONLY
0,159.2055,t3504,BOTH,17.7302,17.5991,73.6106,55.8805,56.0115,75.9136,76.0916,0,0,16.38,8.62,warning,4.38,,FULL_ANGLE
0,159.2055,t3504,LIDAR_ONLY,17.5035,17.5035,73.6106,56.1071,56.1071,76.2215,76.2215,0,0,16.38,8.62,drive,20.66,front,LIDAR_ONLY
0,159.2673,cam_1,CAM_ONLY,17.6275,,16.5709,1.0566,,6.3762,,0,,13.47,3.10,warning,4.42,,CAMERA_ONLY
0,159.3290,cam_1,CAM_ONLY,17.3672,,16.5709,0.7962,,4.8051,,1,,13.80,2.90,warning,4.42,,CAMERA_ONLY
0,159.3290,t3507,LIDAR_ONLY,27.5484,27.5484,,,,,,,,13.80,2.90,drive,-29.15,front,LIDAR_ONLY
0,159.4123,cam_1,CAM_ONLY,17.3962,,16.5709,0.8253,,4.9803,,1,,19.68,14.70,warning,4.42,,CAMERA_ONLY
0,159.4799,cam_1,CAM_ONLY,17.9673,,16.5709,1.3964,,8.4266,,0,,12.79,4.29,warning,4.42,,CAMERA_ONLY
0,159.4799,t3507,LIDAR_ONLY,27.5508,27.5508,,,,,,,,12.79,4.29,drive,-29.43,front,LIDAR_ONLY
0,159.5505,cam_1,CAM_ONLY,17.3766,,16.5709,0.8057,,4.8620,,1,,13.98,9.53,warning,4.42,,CAMERA_ONLY
0,159.6206,cam_1,CAM_ONLY,17.3277,,16.5709,0.7568,,4.5669,,1,,15.80,4.29,warning,4.42,,CAMERA_ONLY
0,159.6812,cam_1,CAM_ONLY,17.4595,,16.5709,0.8886,,5.3625,,1,,14.21,1.84,warning,4.42,,CAMERA_ONLY
0,159.6812,t3507,LIDAR_ONLY,27.5400,27.5400,,,,,,,,14.21,1.84,drive,-29.06,front,LIDAR_ONLY
0,159.7641,cam_1,CAM_ONLY,17.3792,,16.5709,0.8083,,4.8778,,1,,17.34,4.15,warning,4.42,,CAMERA_ONLY
0,159.8323,cam_1,CAM_ONLY,17.4125,,16.5709,0.8416,,5.0786,,1,,17.93,1.61,warning,4.42,,CAMERA_ONLY
0,159.8323,t3507,LIDAR_ONLY,27.5324,27.5324,,,,,,,,17.93,1.61,drive,-29.30,front,LIDAR_ONLY
0,159.9133,cam_1,CAM_ONLY,17.4629,,16.5709,0.8920,,5.3827,,1,,14.05,13.00,warning,4.42,,CAMERA_ONLY
0,159.9785,cam_1,CAM_ONLY,17.3628,,16.5709,0.7919,,4.7789,,1,,11.80,5.61,warning,4.42,,CAMERA_ONLY
0,160.0445,t3530,BOTH,17.3566,16.8292,16.5709,0.7857,0.2583,4.7413,1.5590,1,1,12.90,5.27,warning,4.42,,FULL_ANGLE
0,160.0445,t3529,LIDAR_ONLY,16.6462,16.6462,73.6106,56.9644,56.9644,77.3862,77.3862,0,0,12.90,5.27,drive,20.99,front,LIDAR_ONLY
0,160.1130,cam_1,CAM_ONLY,17.5989,,16.5709,1.0280,,6.2035,,0,,13.71,4.75,warning,4.42,,CAMERA_ONLY
0,160.1683,cam_1,CAM_ONLY,17.7976,,16.5709,1.2267,,7.4029,,0,,9.79,2.43,warning,4.42,,CAMERA_ONLY
0,160.2247,cam_1,CAM_ONLY,17.6436,,16.5709,1.0727,,6.4734,,0,,10.14,3.95,warning,4.42,,CAMERA_ONLY
0,160.2838,t3540,BOTH,17.6367,16.8259,16.5709,1.0658,0.2550,6.4320,1.5387,0,1,14.92,1.22,warning,4.38,,FULL_ANGLE
0,160.2838,t3537,LIDAR_ONLY,27.5465,27.5465,,,,,,,,14.92,1.22,drive,-29.10,front,LIDAR_ONLY
0,160.2838,t3538,LIDAR_ONLY,17.0668,17.0668,73.6106,56.5438,56.5438,76.8148,76.8148,0,0,14.92,1.22,drive,20.66,front,LIDAR_ONLY
0,160.3417,t3540,BOTH,17.3429,16.8321,16.5709,0.7720,0.2612,4.6588,1.5765,1,1,9.61,2.87,warning,4.42,,FULL_ANGLE
0,160.3417,t3538,LIDAR_ONLY,17.2161,17.2161,73.6106,56.3945,56.3945,76.6119,76.6119,0,0,9.61,2.87,drive,19.33,front,LIDAR_ONLY
0,160.4163,cam_1,CAM_ONLY,17.6062,,16.5709,1.0353,,6.2476,,0,,14.42,9.07,warning,4.42,,CAMERA_ONLY
0,160.4762,cam_1,CAM_ONLY,17.6382,,16.5709,1.0673,,6.4407,,0,,9.01,3.72,warning,4.42,,CAMERA_ONLY
0,160.5591,cam_1,CAM_ONLY,17.7640,,16.5709,1.1931,,7.2002,,0,,14.46,15.21,warning,4.42,,CAMERA_ONLY
0,160.6330,cam_1,CAM_ONLY,17.5417,,16.5709,0.9708,,5.8583,,1,,12.83,5.42,warning,4.42,,CAMERA_ONLY
0,160.6330,t3552,LIDAR_ONLY,27.4734,27.4734,,,,,,,,12.83,5.42,drive,-29.23,front,LIDAR_ONLY
0,160.7130,cam_1,CAM_ONLY,17.4633,,16.5709,0.8924,,5.3853,,1,,12.79,15.10,warning,4.42,,CAMERA_ONLY
0,160.7816,cam_1,CAM_ONLY,17.4160,,16.5709,0.8451,,5.1001,,1,,16.20,1.36,warning,4.42,,CAMERA_ONLY
0,160.7816,t3552,LIDAR_ONLY,27.4815,27.4815,,,,,,,,16.20,1.36,drive,-29.19,front,LIDAR_ONLY
0,160.8612,cam_1,CAM_ONLY,17.6366,,16.5709,1.0657,,6.4310,,0,,13.47,18.77,warning,4.42,,CAMERA_ONLY
0,160.9235,cam_1,CAM_ONLY,17.4104,,16.5709,0.8395,,5.0659,,1,,11.09,4.05,warning,4.42,,CAMERA_ONLY
0,161.0153,cam_1,CAM_ONLY,17.5078,,16.5709,0.9369,,5.6537,,1,,21.96,8.39,warning,4.42,,CAMERA_ONLY
0,161.0820,t3564,BOTH,17.3397,16.8283,16.5709,0.7688,0.2574,4.6394,1.5535,1,1,15.05,2.30,warning,4.42,,FULL_ANGLE
0,161.0820,t3563,LIDAR_ONLY,16.5905,16.5905,73.6106,57.0202,57.0202,77.4619,77.4619,0,0,15.05,2.30,drive,21.03,front,LIDAR_ONLY
0,161.1717,cam_1,CAM_ONLY,17.3894,,16.5709,0.8185,,4.9393,,1,,15.23,18.41,warning,4.42,,CAMERA_ONLY
0,161.2502,t3564,BOTH,17.5484,16.8294,16.5709,0.9775,0.2585,5.8989,1.5601,1,1,12.47,5.08,warning,4.42,,FULL_ANGLE
0,161.2502,t3563,LIDAR_ONLY,16.7278,16.7278,73.6106,56.8828,56.8828,77.2753,77.2753,0,0,12.47,5.08,drive,19.88,front,LIDAR_ONLY
0,161.3341,cam_1,CAM_ONLY,17.6300,,16.5709,1.0591,,6.3916,,0,,22.90,6.63,warning,4.42,,CAMERA_ONLY
0,161.3341,t3568,LIDAR_ONLY,27.4288,27.4288,,,,,,,,22.90,6.63,drive,-29.22,front,LIDAR_ONLY
0,161.4317,cam_1,CAM_ONLY,18.0124,,16.5709,1.4415,,8.6987,,0,,17.56,10.71,warning,4.42,,CAMERA_ONLY
0,161.5079,cam_1,CAM_ONLY,17.7230,,16.5709,1.1521,,6.9527,,0,,17.60,12.06,warning,4.42,,CAMERA_ONLY
0,161.5808,cam_1,CAM_ONLY,17.7657,,16.5709,1.1948,,7.2100,,0,,12.80,6.34,warning,4.42,,CAMERA_ONLY
0,161.6593,cam_1,CAM_ONLY,17.7467,,16.5709,1.1757,,7.0952,,0,,10.93,13.24,warning,4.42,,CAMERA_ONLY
0,161.7294,cam_1,CAM_ONLY,17.6251,,16.5709,1.0542,,6.3615,,0,,12.98,6.19,warning,4.42,,CAMERA_ONLY
0,161.7850,t3582,BOTH,17.5643,16.8318,16.5709,0.9934,0.2609,5.9947,1.5742,1,1,10.65,1.75,warning,4.42,,FULL_ANGLE
0,161.7850,t3580,LIDAR_ONLY,27.5413,27.5413,,,,,,,,10.65,1.75,drive,-29.10,front,LIDAR_ONLY
0,161.8736,cam_1,CAM_ONLY,17.9984,,16.5709,1.4275,,8.6144,,0,,18.20,15.40,warning,4.42,,CAMERA_ONLY
0,161.9410,t3582,BOTH,17.7410,16.8399,16.5709,1.1701,0.2690,7.0610,1.6233,0,1,16.65,2.74,warning,4.42,,FULL_ANGLE
0,161.9410,t3580,LIDAR_ONLY,27.5275,27.5275,,,,,,,,16.65,2.74,drive,-29.19,front,LIDAR_ONLY
0,161.9410,t3585,LIDAR_ONLY,10.6033,10.6033,,,,,,,,16.65,2.74,cautious,29.19,front,LIDAR_ONLY
0,162.0361,t3582,BOTH,17.6158,16.8445,16.5709,1.0449,0.2736,6.3056,1.6512,0,1,12.90,3.98,warning,4.42,,FULL_ANGLE
0,162.0361,t3580,LIDAR_ONLY,27.5301,27.5301,,,,,,,,12.90,3.98,drive,-29.07,front,LIDAR_ONLY
0,162.1201,cam_1,CAM_ONLY,17.6355,,16.5709,1.0646,,6.4245,,0,,18.38,8.53,warning,4.42,,CAMERA_ONLY
0,162.2123,cam_1,CAM_ONLY,17.5318,,16.5709,0.9608,,5.7984,,1,,19.09,17.75,warning,4.42,,CAMERA_ONLY
0,162.2794,cam_1,CAM_ONLY,17.5881,,16.5709,1.0172,,6.1383,,0,,16.54,1.97,warning,4.42,,CAMERA_ONLY
0,162.2794,t3580,LIDAR_ONLY,27.5277,27.5277,,,,,,,,16.54,1.97,drive,-29.20,front,LIDAR_ONLY
0,162.3556,cam_1,CAM_ONLY,17.2916,,16.5709,0.7207,,4.3493,,1,,18.09,11.23,warning,4.42,,CAMERA_ONLY
0,162.4363,cam_1,CAM_ONLY,17.6424,,16.5709,1.0715,,6.4659,,0,,15.45,1.72,warning,4.42,,CAMERA_ONLY
0,162.4363,t3580,LIDAR_ONLY,27.5289,27.5289,,,,,,,,15.45,1.72,drive,-29.06,front,LIDAR_ONLY
0,162.5493,cam_1,CAM_ONLY,17.5249,,16.5709,0.9540,,5.7568,,1,,19.62,11.39,warning,4.42,,CAMERA_ONLY
0,162.5493,t3593,LIDAR_ONLY,18.7802,18.7802,73.6106,54.8304,54.8304,74.4872,74.4872,0,0,19.62,11.39,drive,19.50,front,LIDAR_ONLY
0,162.5493,t3593,LIDAR_ONLY,16.4117,16.4117,73.6106,57.1990,57.1990,77.7048,77.7048,0,0,19.62,11.39,drive,21.52,front,LIDAR_ONLY
0,162.6410,cam_1,CAM_ONLY,17.5983,,16.5709,1.0274,,6.1997,,0,,21.79,11.91,warning,4.42,,CAMERA_ONLY
0,162.7227,cam_1,CAM_ONLY,17.5399,,16.5709,0.9689,,5.8473,,1,,13.46,4.55,warning,4.42,,CAMERA_ONLY
0,162.7880,t3599,BOTH,17.3467,16.7997,16.5709,0.7757,0.2288,4.6814,1.3808,1,1,14.24,2.62,warning,4.42,,FULL_ANGLE
0,162.7880,t3593,LIDAR_ONLY,16.5056,16.5056,73.6106,57.1051,57.1051,77.5772,77.5772,0,0,14.24,2.62,drive,19.47,front,LIDAR_ONLY
0,162.8715,cam_1,CAM_ONLY,17.3494,,16.5709,0.7785,,4.6978,,1,,18.87,15.35,warning,4.42,,CAMERA_ONLY
0,162.9526,cam_1,CAM_ONLY,17.5653,,16.5709,0.9944,,6.0010,,1,,20.44,10.65,warning,4.42,,CAMERA_ONLY
0,162.9526,t3593,LIDAR_ONLY,16.6004,16.6004,73.6106,57.0103,57.0103,77.4484,77.4484,0,0,20.44,10.65,drive,20.52,front,LIDAR_ONLY
0,163.0186,cam_1,CAM_ONLY,17.7057,,16.5709,1.1347,,6.8478,,0,,14.39,3.00,warning,4.42,,CAMERA_ONLY
0,163.0907,t3610,BOTH,17.5900,16.8320,16.5709,1.0191,0.2611,6.1499,1.5759,0,1,19.40,1.69,warning,4.38,,FULL_ANGLE
0,163.0907,t3608,LIDAR_ONLY,27.5139,27.5139,,,,,,,,19.40,1.69,drive,-29.12,front,LIDAR_ONLY
0,163.0907,t3593,LIDAR_ONLY,14.6953,14.6953,73.6106,58.9153,58.9153,80.0365,80.0365,0,0,19.40,1.69,drive,23.91,front,LIDAR_ONLY
0,163.0907,t3593,LIDAR_ONLY,14.6609,14.6609,73.6106,58.9497,58.9497,80.0831,80.0831,0,0,19.40,1.69,drive,19.27,front,LIDAR_ONLY
0,163.1668,cam_1,CAM_ONLY,17.2980,,16.5709,0.7271,,4.3876,,1,,20.39,4.37,warning,4.42,,CAMERA_ONLY
0,163.2748,cam_1,CAM_ONLY,17.5538,,16.5709,0.9829,,5.9315,,1,,18.99,21.79,warning,4.42,,CAMERA_ONLY
0,163.3656,cam_1,CAM_ONLY,17.5802,,16.5709,1.0092,,6.0905,,0,,16.40,9.60,warning,4.42,,CAMERA_ONLY
0,163.4355,cam_1,CAM_ONLY,17.6124,,16.5709,1.0415,,6.2852,,0,,12.73,6.85,warning,4.42,,CAMERA_ONLY
0,163.4355,t3615,LIDAR_ONLY,27.5432,27.5432,,,,,,,,12.73,6.85,drive,-29.16,front,LIDAR_ONLY
0,163.4937,t3620,BOTH,17.6069,16.8425,16.5709,1.0360,0.2716,6.2518,1.6388,0,1,9.06,3.28,warning,4.42,,FULL_ANGLE
0,163.5608,cam_1,CAM_ONLY,17.7197,,16.5709,1.1488,,6.9329,,0,,11.90,4.39,warning,4.42,,CAMERA_ONLY
0,163.6274,cam_1,CAM_ONLY,17.9694,,16.5709,1.3985,,8.4397,,0,,13.25,5.75,warning,4.42,,CAMERA_ONLY
0,163.6989,t3620,BOTH,17.5895,16.8961,16.5709,1.0186,0.3251,6.1468,1.9622,0,1,18.04,6.57,warning,4.42,,FULL_ANGLE
0,163.6989,t3622,LIDAR_ONLY,17.3600,17.3600,73.6106,56.2506,56.2506,76.4165,76.4165,0,0,18.04,6.57,drive,20.45,front,LIDAR_ONLY
0,163.6989,t3622,LIDAR_ONLY,16.2412,16.2412,73.6106,57.3695,57.3695,77.9364,77.9364,0,0,18.04,6.57,drive,22.78,front,LIDAR_ONLY
0,163.6989,t3620,LIDAR_ONLY,16.8843,16.8843,16.5709,0.3134,0.3134,1.8912,1.8912,1,1,18.04,6.57,drive,6.17,front,LIDAR_ONLY
0,163.7674,cam_1,CAM_ONLY,17.6750,,16.5709,1.1041,,6.6629,,0,,13.77,4.41,warning,4.42,,CAMERA_ONLY
0,163.8295,cam_1,CAM_ONLY,17.6899,,16.5709,1.1190,,6.7526,,0,,9.72,5.52,warning,4.38,,CAMERA_ONLY
0,163.9187,cam_1,CAM_ONLY,17.5548,,16.5709,0.9839,,5.9373,,1,,14.23,19.03,warning,4.42,,CAMERA_ONLY
0,164.0190,cam_1,CAM_ONLY,17.6218,,16.5709,1.0509,,6.3419,,0,,16.71,17.65,warning,4.42,,CAMERA_ONLY
0,164.0806,cam_1,CAM_ONLY,17.6813,,16.5709,1.1104,,6.7011,,0,,11.10,2.02,warning,4.42,,CAMERA_ONLY
0,164.0806,t3628,LIDAR_ONLY,27.4638,27.4638,,,,,,,,11.10,2.02,drive,-29.21,front,LIDAR_ONLY
0,164.1366,t3631,BOTH,17.5910,16.8516,16.5709,1.0201,0.2807,6.1558,1.6940,0,1,9.80,1.02,warning,4.42,,FULL_ANGLE
0,164.1366,t3628,LIDAR_ONLY,27.4760,27.4760,,,,,,,,9.80,1.02,drive,-29.18,front,LIDAR_ONLY
0,164.2157,cam_1,CAM_ONLY,17.5993,,16.5709,1.0284,,6.2063,,0,,13.46,14.53,warning,4.42,,CAMERA_ONLY
0,164.3112,cam_1,CAM_ONLY,17.8644,,16.5709,1.2935,,7.8058,,0,,19.92,14.96,warning,4.42,,CAMERA_ONLY
0,164.3952,t3631,BOTH,17.4499,16.8363,16.5709,0.8790,0.2653,5.3043,1.6013,1,1,19.85,5.01,warning,4.42,,FULL_ANGLE
0,164.3952,t3628,LIDAR_ONLY,27.4842,27.4842,,,,,,,,19.85,5.01,drive,-29.27,front,LIDAR_ONLY
0,164.3952,t3635,LIDAR_ONLY,17.9935,17.9935,73.6106,55.6171,55.6171,75.5558,75.5558,0,0,19.85,5.01,drive,20.01,front,LIDAR_ONLY
0,164.3952,t3635,LIDAR_ONLY,16.0586,16.0586,73.6106,57.5520,57.5520,78.1844,78.1844,0,0,19.85,5.01,drive,22.51,front,LIDAR_ONLY
0,164.3952,t3635,LIDAR_ONLY,16.1922,16.1922,73.6106,57.4184,57.4184,78.0029,78.0029,0,0,19.85,5.01,drive,19.22,front,LIDAR_ONLY
0,164.3952,t3635,LIDAR_ONLY,16.2812,16.2812,73.6106,57.3294,57.3294,77.8820,77.8820,0,0,19.85,5.01,drive,21.17,front,LIDAR_ONLY
0,164.3952,t3635,LIDAR_ONLY,16.3342,16.3342,73.6106,57.2765,57.2765,77.8101,77.8101,0,0,19.85,5.01,drive,21.66,front,LIDAR_ONLY
0,164.4723,cam_1,CAM_ONLY,17.4079,,16.5709,0.8370,,5.0512,,1,,12.86,13.57,warning,4.42,,CAMERA_ONLY
0,164.5324,t3631,BOTH,17.6721,16.8370,16.5709,1.1012,0.2661,6.6455,1.6059,0,1,12.95,1.43,warning,4.42,,FULL_ANGLE
0,164.5324,t3628,LIDAR_ONLY,27.4940,27.4940,,,,,,,,12.95,1.43,drive,-29.08,front,LIDAR_ONLY
0,164.6108,cam_1,CAM_ONLY,17.7357,,16.5709,1.1648,,7.0292,,0,,13.38,12.54,warning,4.42,,CAMERA_ONLY
0,164.6773,cam_1,CAM_ONLY,17.7243,,16.5709,1.1534,,6.9601,,0,,10.73,5.39,warning,4.42,,CAMERA_ONLY
0,164.7557,cam_1,CAM_ONLY,17.6468,,16.5709,1.0759,,6.4930,,0,,16.18,11.22,warning,4.42,,CAMERA_ONLY
0,164.7557,t3644,LIDAR_ONLY,16.8430,16.8430,73.6106,56.7676,56.7676,77.1188,77.1188,0,0,16.18,11.22,drive,20.84,front,LIDAR_ONLY
0,164.8164,cam_1,CAM_ONLY,17.7684,,16.5709,1.1975,,7.2267,,0,,10.02,4.85,warning,4.42,,CAMERA_ONLY
0,164.8778,cam_1,CAM_ONLY,17.7139,,16.5709,1.1430,,6.8975,,0,,10.35,9.03,warning,4.42,,CAMERA_ONLY
0,164.9715,cam_1,CAM_ONLY,17.6562,,16.5709,1.0853,,6.5492,,0,,15.22,16.35,warning,4.42,,CAMERA_ONLY
0,165.0364,t3650,BOTH,17.8622,16.8250,16.5709,1.2913,0.2541,7.7927,1.5332,0,1,14.54,1.37,warning,4.42,,FULL_ANGLE
0,165.0364,t3648,LIDAR_ONLY,27.5091,27.5091,,,,,,,,14.54,1.37,drive,-29.14,front,LIDAR_ONLY
0,165.1021,cam_1,CAM_ONLY,17.7625,,16.5709,1.1916,,7.1909,,0,,11.04,7.69,warning,4.42,,CAMERA_ONLY
0,165.1877,cam_1,CAM_ONLY,17.6984,,16.5709,1.1275,,6.8039,,0,,19.75,12.47,warning,4.42,,CAMERA_ONLY
0,165.1877,t3648,LIDAR_ONLY,27.5169,27.5169,-0.0440,27.5609,27.5609,,,0,0,19.75,12.47,drive,-29.33,front,LIDAR_ONLY
0,165.2447,t3650,BOTH,17.8194,16.8276,16.5709,1.2485,0.2567,7.5342,1.5488,0,1,11.11,3.09,warning,4.42,,FULL_ANGLE
0,165.2447,t3654,LIDAR_ONLY,18.1826,18.1826,73.6106,55.4280,55.4280,75.2990,75.2990,0,0,11.11,3.09,drive,19.88,front,LIDAR_ONLY
0,165.2447,t3654,LIDAR_ONLY,17.6146,17.6146,73.6106,55.9960,55.9960,76.0706,76.0706,0,0,11.11,3.09,drive,21.08,front,LIDAR_ONLY
0,165.3246,cam_1,CAM_ONLY,17.8730,,16.5709,1.3021,,7.8576,,0,,11.36,16.89,warning,4.38,,CAMERA_ONLY
0,165.4001,cam_1,CAM_ONLY,17.6872,,16.5709,1.1163,,6.7365,,0,,12.86,11.70,warning,4.38,,CAMERA_ONLY
0,165.4674,cam_1,CAM_ONLY,17.7172,,16.5709,1.1463,,6.9175,,0,,12.43,4.03,warning,4.42,,CAMERA_ONLY
0,165.5361,cam_1,CAM_ONLY,17.4218,,16.5709,0.8509,,5.1350,,1,,12.24,8.37,warning,4.42,,CAMERA_ONLY
0,165.6170,cam_1,CAM_ONLY,17.5342,,16.5709,0.9633,,5.8129,,1,,13.50,12.88,warning,4.42,,CAMERA_ONLY
0,165.6874,t3672,BOTH,17.4255,16.8451,16.5709,0.8546,0.2742,5.1573,1.6548,1,1,20.04,1.71,warning,4.38,,FULL_ANGLE
0,165.6874,t3670,LIDAR_ONLY,27.5000,27.5000,,,,,,,,20.04,1.71,drive,-29.27,front,LIDAR_ONLY
0,165.6874,t3671,LIDAR_ONLY,14.2760,14.2760,12.0374,2.2386,2.2386,18.5971,18.5971,0,0,20.04,1.71,cautious,-7.55,front,LIDAR_ONLY
0,165.6874,t3671,LIDAR_ONLY,14.4436,14.4436,12.0374,2.4062,2.4062,19.9890,19.9890,0,0,20.04,1.71,cautious,-6.14,front,LIDAR_ONLY
0,165.6874,t3671,LIDAR_ONLY,12.8788,12.8788,12.0374,0.8414,0.8414,6.9896,6.9896,1,1,20.04,1.71,cautious,-13.61,front,LIDAR_ONLY
0,165.7441,t3672,BOTH,17.7819,16.8467,16.5709,1.2110,0.2758,7.3082,1.6646,0,1,9.84,3.94,warning,4.42,,FULL_ANGLE
0,165.8134,cam_1,CAM_ONLY,17.8748,,16.5709,1.3039,,7.8685,,0,,16.99,7.72,warning,4.38,,CAMERA_ONLY
0,165.8752,cam_1,CAM_ONLY,17.8662,,16.5709,1.2953,,7.8166,,0,,10.28,3.92,warning,4.38,,CAMERA_ONLY
0,165.9627,cam_1,CAM_ONLY,17.5407,,16.5709,0.9698,,5.8523,,1,,21.35,9.09,warning,4.38,,CAMERA_ONLY
0,166.0281,cam_1,CAM_ONLY,17.9683,,16.5709,1.3974,,8.4327,,0,,13.83,6.25,warning,4.38,,CAMERA_ONLY
0,166.1290,cam_1,CAM_ONLY,18.3795,,16.5709,1.8086,,10.9141,,0,,11.64,6.17,warning,4.33,,CAMERA_ONLY
0,166.2279,cam_1,CAM_ONLY,17.1062,,16.5709,0.5353,,3.2304,,1,,26.91,18.00,warning,4.42,,CAMERA_ONLY
0,166.3128,cam_1,CAM_ONLY,19.6055,,16.5709,3.0346,,18.3128,,0,,18.55,16.36,warning,4.24,,CAMERA_ONLY
0,166.3128,t3685,LIDAR_ONLY,17.0875,17.0875,73.6106,56.5231,56.5231,76.7866,76.7866,0,0,18.55,16.36,drive,20.65,front,LIDAR_ONLY
0,166.3781,cam_1,CAM_ONLY,18.3467,,16.5709,1.7758,,10.7161,,0,,12.62,5.77,warning,4.42,,CAMERA_ONLY
0,166.4328,cam_1,CAM_ONLY,19.2671,,16.5709,2.6962,,16.2708,,0,,9.79,1.79,warning,4.33,,CAMERA_ONLY
0,166.4328,t3686,LIDAR_ONLY,27.4995,27.4995,,,,,,,,9.79,1.79,drive,-29.19,front,LIDAR_ONLY
0,166.4328,t3687,LIDAR_ONLY,18.9363,18.9363,17.4431,1.4932,1.4932,8.5602,8.5602,0,0,9.79,1.79,drive,-17.27,front,LIDAR_ONLY
0,166.4915,t3689,BOTH,18.3841,20.2255,31.1528,12.7686,10.9273,40.9872,35.0765,0,0,11.67,1.80,warning,4.38,,FULL_ANGLE
0,166.4915,t3685,LIDAR_ONLY,11.8706,11.8706,,,,,,,,11.67,1.80,cautious,26.99,front,LIDAR_ONLY
0,166.4915,t3687,LIDAR_ONLY,19.0263,19.0263,18.8539,0.1724,0.1724,0.9144,0.9144,1,1,11.67,1.80,drive,-16.25,front,LIDAR_ONLY
0,166.4915,t3689,LIDAR_ONLY,30.9230,30.9230,31.1528,0.2298,0.2298,0.7377,0.7377,1,1,11.67,1.80,drive,1.31,front,LIDAR_ONLY
0,166.4915,t3687,LIDAR_ONLY,19.1065,19.1065,18.8539,0.2526,0.2526,1.3397,1.3397,1,1,11.67,1.80,drive,-18.94,front,LIDAR_ONLY
0,166.5678,cam_1,CAM_ONLY,17.3759,,16.5709,0.8050,,4.8577,,1,,19.04,8.75,warning,4.42,,CAMERA_ONLY
0,166.6310,cam_1,CAM_ONLY,16.7662,,16.5709,0.1953,,1.1785,,1,,12.26,1.70,warning,4.42,,CAMERA_ONLY
0,166.6310,t3686,LIDAR_ONLY,27.5115,27.5115,,,,,,,,12.26,1.70,drive,-29.12,front,LIDAR_ONLY
0,166.6310,t3687,LIDAR_ONLY,19.3451,19.3451,22.2695,2.9244,2.9244,13.1319,13.1319,0,0,12.26,1.70,drive,-12.34,front,LIDAR_ONLY
0,166.7145,cam_1,CAM_ONLY,17.1576,,16.5709,0.5866,,3.5402,,1,,18.19,10.34,warning,4.42,,CAMERA_ONLY
0,166.7851,t3694,BOTH,15.7292,16.8208,16.5709,0.8417,0.2499,5.0797,1.5080,1,1,19.24,1.85,warning,4.42,,FULL_ANGLE
0,166.7851,t3686,LIDAR_ONLY,27.5135,27.5135,,,,,,,,19.24,1.85,drive,-29.25,front,LIDAR_ONLY
0,166.7851,t3693,LIDAR_ONLY,12.1441,12.1441,73.6106,61.4665,61.4665,83.5023,83.5023,0,0,19.24,1.85,cautious,25.92,front,LIDAR_ONLY
0,166.7851,t3693,LIDAR_ONLY,12.2295,12.2295,73.6106,61.3812,61.3812,83.3863,83.3863,0,0,19.24,1.85,cautious,19.49,front,LIDAR_ONLY
0,166.7851,t3687,LIDAR_ONLY,19.6648,19.6648,25.9543,6.2895,6.2895,24.2330,24.2330,0,0,19.24,1.85,drive,-9.17,front,LIDAR_ONLY
0,166.8681,cam_1,CAM_ONLY,15.1116,,16.5709,1.4594,,8.8067,,0,,18.40,16.94,warning,4.42,,CAMERA_ONLY
0,166.9556,cam_1,CAM_ONLY,15.1859,,16.5709,1.3851,,8.3583,,0,,10.03,9.43,warning,4.47,,CAMERA_ONLY
0,167.0215,cam_1,CAM_ONLY,15.7902,,16.5709,0.7807,,4.7111,,1,,16.03,3.16,warning,4.47,,CAMERA_ONLY
0,167.0813,cam_1,CAM_ONLY,17.0719,,16.5709,0.5010,,3.0231,,1,,10.22,3.66,warning,4.47,,CAMERA_ONLY
0,167.0813,t3701,LIDAR_ONLY,27.5820,27.5820,,,,,,,,10.22,3.66,drive,-29.08,front,LIDAR_ONLY
0,167.1494,t3705,BOTH,18.1810,16.8393,16.5709,1.6100,0.2683,9.7161,1.6194,0,1,10.65,7.99,warning,4.42,,FULL_ANGLE
0,167.2284,cam_1,CAM_ONLY,18.2072,,16.5709,1.6363,,9.8743,,0,,14.76,6.03,warning,4.38,,CAMERA_ONLY
0,167.3081,cam_1,CAM_ONLY,17.2331,,16.5709,0.6622,,3.9963,,1,,14.30,14.25,warning,4.47,,CAMERA_ONLY
0,167.3762,cam_1,CAM_ONLY,17.0981,,16.5709,0.5272,,3.1815,,1,,10.78,6.13,warning,4.47,,CAMERA_ONLY
0,167.4409,t3710,BOTH,19.9166,16.8629,16.5709,3.3457,0.2920,20.1904,1.7622,0,1,12.70,3.05,safe,4.33,,FULL_ANGLE
0,167.5222,cam_1,CAM_ONLY,19.7038,,16.5710,3.1327,,18.9049,,0,,20.29,6.46,warning,4.33,,CAMERA_ONLY
0,167.5876,t3710,BOTH,19.1527,16.8322,16.5702,2.5825,0.2620,15.5850,1.5809,0,1,9.51,1.21,warning,4.33,,FULL_ANGLE
0,167.5876,t3712,LIDAR_ONLY,27.4932,27.4932,,,,,,,,9.51,1.21,drive,-29.26,front,LIDAR_ONLY
0,167.5876,t3713,LIDAR_ONLY,18.4818,18.4818,73.6092,55.1274,55.1274,74.8920,74.8920,0,0,9.51,1.21,drive,19.69,front,LIDAR_ONLY
0,167.5876,t3713,LIDAR_ONLY,17.2477,17.2477,73.6092,56.3615,56.3615,76.5685,76.5685,0,0,9.51,1.21,drive,20.97,front,LIDAR_ONLY
0,167.6652,cam_1,CAM_ONLY,17.6786,,16.5702,1.1084,,6.6893,,0,,15.19,12.14,warning,4.42,,CAMERA_ONLY
0,167.7332,cam_1,CAM_ONLY,17.1605,,16.5702,0.5903,,3.5622,,1,,12.71,4.53,warning,4.38,,CAMERA_ONLY
0,167.8314,cam_1,CAM_ONLY,17.8014,,16.5702,1.2312,,7.4301,,0,,15.09,7.01,warning,4.42,,CAMERA_ONLY
0,167.9119,cam_1,CAM_ONLY,17.7854,,16.5702,1.2152,,7.3336,,0,,16.66,8.62,warning,4.42,,CAMERA_ONLY
0,167.9816,cam_1,CAM_ONLY,17.8419,,16.5702,1.2717,,7.6746,,0,,12.52,3.12,warning,4.42,,CAMERA_ONLY
0,167.9816,t3725,LIDAR_ONLY,27.5625,27.5625,,,,,,,,12.52,3.12,drive,-29.07,front,LIDAR_ONLY
0,168.0454,t3728,BOTH,19.2266,16.8112,16.5702,2.6564,0.2409,16.0314,1.4540,0,1,11.37,4.16,warning,4.42,,FULL_ANGLE
0,168.0454,t3727,LIDAR_ONLY,18.0584,18.0584,73.6092,55.5508,55.5508,75.4672,75.4672,0,0,11.37,4.16,drive,19.97,front,LIDAR_ONLY
0,168.0454,t3727,LIDAR_ONLY,17.1698,17.1698,73.6092,56.4394,56.4394,76.6744,76.6744,0,0,11.37,4.16,drive,21.35,front,LIDAR_ONLY
0,168.1119,cam_1,CAM_ONLY,18.0874,,16.5702,1.5172,,9.1563,,0,,17.10,6.59,warning,4.47,,CAMERA_ONLY
0,168.1672,cam_1,CAM_ONLY,18.3732,,16.5702,1.8030,,10.8810,,0,,9.36,2.32,warning,4.42,,CAMERA_ONLY
0,168.2331,cam_1,CAM_ONLY,19.2382,,16.5702,2.6680,,16.1013,,0,,16.32,1.61,warning,4.47,,CAMERA_ONLY
0,168.2331,t3731,LIDAR_ONLY,27.5018,27.5018,,,,,,,,16.32,1.61,drive,-29.17,front,LIDAR_ONLY
0,168.3183,cam_1,CAM_ONLY,18.9333,,16.5702,2.3631,,14.2611,,0,,14.44,13.77,warning,4.42,,CAMERA_ONLY
0,168.3813,cam_1,CAM_ONLY,19.1587,,16.5702,2.5885,,15.6213,,0,,10.07,6.15,warning,4.47,,CAMERA_ONLY
0,168.4489,t3739,BOTH,19.1004,16.9799,16.5702,2.5302,0.4097,15.2695,2.4724,0,1,16.15,5.89,warning,4.42,,FULL_ANGLE
0,168.5157,cam_1,CAM_ONLY,19.1265,,16.5702,2.5563,,15.4268,,0,,12.24,4.42,warning,4.42,,CAMERA_ONLY
0,168.5791,cam_1,CAM_ONLY,20.3841,,16.5702,3.8139,,23.0167,,0,,10.37,6.24,safe,4.38,,CAMERA_ONLY
0,168.6500,cam_1,CAM_ONLY,19.7062,,16.5713,3.1350,,18.9181,,0,,12.98,8.57,safe,4.38,,CAMERA_ONLY
0,168.6500,t3744,LIDAR_ONLY,16.9085,16.9085,73.6116,56.7030,56.7030,77.0301,77.0301,0,0,12.98,8.57,drive,20.78,front,LIDAR_ONLY
0,168.7172,cam_1,CAM_ONLY,17.7929,,16.5711,1.2219,,7.3736,,0,,11.87,9.92,warning,4.38,,CAMERA_ONLY
0,168.7902,t3751,BOTH,17.4148,16.8476,16.5703,0.8445,0.2773,5.0965,1.6732,1,1,19.42,2.94,warning,4.42,,FULL_ANGLE
0,168.7902,t3747,LIDAR_ONLY,27.5673,27.5673,,,,,,,,19.42,2.94,drive,-29.02,front,LIDAR_ONLY
0,168.7902,t3744,LIDAR_ONLY,17.1134,17.1134,73.6088,56.4954,56.4954,76.7509,76.7509,0,0,19.42,2.94,drive,19.77,front,LIDAR_ONLY
0,168.7902,t3744,LIDAR_ONLY,17.1349,17.1349,73.6088,56.4739,56.4739,76.7217,76.7217,0,0,19.42,2.94,drive,21.43,front,LIDAR_ONLY
0,168.7902,t3744,LIDAR_ONLY,16.9009,16.9009,73.6088,56.7079,56.7079,77.0396,77.0396,0,0,19.42,2.94,drive,22.61,front,LIDAR_ONLY
0,168.8608,cam_1,CAM_ONLY,17.5628,,16.5703,0.9924,,5.9892,,1,,11.81,12.43,warning,4.42,,CAMERA_ONLY
0,168.9165,cam_1,CAM_ONLY,17.6833,,16.5703,1.1130,,6.7169,,0,,10.09,2.93,warning,4.42,,CAMERA_ONLY
0,168.9785,cam_1,CAM_ONLY,17.6296,,16.5703,1.0592,,6.3923,,0,,9.55,5.93,warning,4.42,,CAMERA_ONLY
0,169.0596,cam_1,CAM_ONLY,18.1526,,16.5703,1.5823,,9.5492,,0,,12.90,15.19,warning,4.42,,CAMERA_ONLY
0,169.0596,t3760,LIDAR_ONLY,18.2706,18.2706,73.6088,55.3381,55.3381,75.1787,75.1787,0,0,12.90,15.19,drive,19.83,front,LIDAR_ONLY
0,169.1286,cam_1,CAM_ONLY,18.0163,,16.5703,1.4460,,8.7263,,0,,17.15,2.95,warning,4.42,,CAMERA_ONLY
0,169.1286,t3761,LIDAR_ONLY,27.4971,27.4971,45.3431,17.8460,17.8460,39.3578,39.3578,0,0,17.15,2.95,drive,-29.33,front,LIDAR_ONLY
0,169.2130,cam_1,CAM_ONLY,17.9963,,16.5703,1.4259,,8.6054,,0,,13.50,16.68,warning,4.42,,CAMERA_ONLY
0,169.2807,cam_1,CAM_ONLY,18.1948,,16.5703,1.6245,,9.8035,,0,,13.60,6.10,warning,4.42,,CAMERA_ONLY
0,169.3580,cam_1,CAM_ONLY,18.2679,,16.5703,1.6976,,10.2448,,0,,12.62,11.35,warning,4.42,,CAMERA_ONLY
0,169.4225,cam_1,CAM_ONLY,18.2239,,16.5703,1.6536,,9.9794,,0,,11.81,5.50,warning,4.42,,CAMERA_ONLY
0,169.4869,t3776,BOTH,18.3325,16.8357,16.5703,1.7622,0.2653,10.6348,1.6013,0,1,12.98,2.45,warning,4.42,,FULL_ANGLE
0,169.4869,t3775,LIDAR_ONLY,18.4877,18.4877,73.6088,55.1210,55.1210,74.8838,74.8838,0,0,12.98,2.45,drive,19.69,front,LIDAR_ONLY
0,169.5676,cam_1,CAM_ONLY,18.1536,,16.5703,1.5833,,9.5550,,0,,13.73,19.90,warning,4.42,,CAMERA_ONLY
0,169.6377,cam_1,CAM_ONLY,18.5607,,16.5703,1.9904,,12.0118,,0,,14.46,1.89,warning,4.42,,CAMERA_ONLY
0,169.6377,t3778,LIDAR_ONLY,27.5495,27.5495,33.9508,6.4013,6.4013,18.8546,18.8546,0,0,14.46,1.89,drive,-29.22,front,LIDAR_ONLY
0,169.7130,cam_1,CAM_ONLY,18.7725,,16.5703,2.2022,,13.2899,,0,,18.45,6.74,warning,4.42,,CAMERA_ONLY
0,169.7818,cam_1,CAM_ONLY,18.9326,,16.5703,2.3623,,14.2562,,0,,15.68,3.84,warning,4.42,,CAMERA_ONLY
0,169.7818,t3778,LIDAR_ONLY,27.5505,27.5505,,,,,,,,15.68,3.84,drive,-29.17,front,LIDAR_ONLY
0,169.8384,t3784,BOTH,18.5052,16.8637,16.5703,1.9349,0.2934,11.6771,1.7705,0,1,10.42,1.74,warning,4.42,,FULL_ANGLE
0,169.8384,t3783,LIDAR_ONLY,11.2731,11.2731,73.6088,62.3356,62.3356,84.6851,84.6851,0,0,10.42,1.74,cautious,27.59,front,LIDAR_ONLY
0,169.8384,t3783,LIDAR_ONLY,11.3715,11.3715,73.6088,62.2372,62.2372,84.5514,84.5514,0,0,10.42,1.74,cautious,20.25,front,LIDAR_ONLY
0,169.8384,t3783,LIDAR_ONLY,11.4926,11.4926,73.6088,62.1162,62.1162,84.3869,84.3869,0,0,10.42,1.74,cautious,19.40,front,LIDAR_ONLY
0,169.9153,cam_1,CAM_ONLY,18.1021,,16.5703,1.5318,,9.2442,,0,,12.76,16.48,warning,4.42,,CAMERA_ONLY
0,169.9820,cam_1,CAM_ONLY,17.5213,,16.5703,0.9510,,5.7389,,1,,12.04,3.27,warning,4.42,,CAMERA_ONLY
0,169.9820,t3778,LIDAR_ONLY,27.5427,27.5427,,,,,,,,12.04,3.27,drive,-29.13,front,LIDAR_ONLY
0,170.0499,cam_1,CAM_ONLY,17.4262,,16.5703,0.8559,,5.1650,,1,,15.02,8.28,warning,4.42,,CAMERA_ONLY
0,170.0499,t3783,LIDAR_ONLY,11.6197,11.6197,73.6088,61.9891,61.9891,84.2143,84.2143,0,0,15.02,8.28,cautious,21.32,front,LIDAR_ONLY
0,170.0499,t3783,LIDAR_ONLY,11.7240,11.7240,73.6088,61.8847,61.8847,84.0725,84.0725,0,0,15.02,8.28,cautious,21.94,front,LIDAR_ONLY
0,170.1329,cam_1,CAM_ONLY,17.5190,,16.5703,0.9487,,5.7253,,1,,20.66,3.57,warning,4.42,,CAMERA_ONLY
0,170.1329,t3778,LIDAR_ONLY,27.5372,27.5372,8.9280,18.6092,18.6092,208.4367,208.4367,0,0,20.66,3.57,drive,-29.17,front,LIDAR_ONLY
0,170.2119,cam_1,CAM_ONLY,18.9198,,16.5703,2.3495,,14.1791,,0,,12.99,14.63,warning,4.38,,CAMERA_ONLY
0,170.2854,t3793,BOTH,19.6151,16.8071,16.5703,3.0448,0.2368,18.3751,1.4292,0,1,13.50,2.01,safe,4.38,,FULL_ANGLE
0,170.2854,t3778,LIDAR_ONLY,27.5381,27.5381,11.9394,15.5987,15.5987,130.6491,130.6491,0,0,13.50,2.01,drive,-29.32,front,LIDAR_ONLY
0,170.2854,t3783,LIDAR_ONLY,12.0443,12.0443,73.6088,61.5644,61.5644,83.6373,83.6373,0,0,13.50,2.01,cautious,26.04,front,LIDAR_ONLY
0,170.2854,t3783,LIDAR_ONLY,12.2551,12.2551,73.6088,61.3537,61.3537,83.3511,83.3511,0,0,13.50,2.01,cautious,19.32,front,LIDAR_ONLY
0,170.3672,cam_1,CAM_ONLY,19.4225,,16.5713,2.8512,,17.2055,,0,,14.01,16.49,warning,4.38,,CAMERA_ONLY
0,170.4370,t3793,BOTH,18.9216,16.8094,16.5715,2.3501,0.2380,14.1817,1.4360,0,1,14.78,1.93,warning,4.38,,FULL_ANGLE
0,170.4370,t3778,LIDAR_ONLY,27.5388,27.5388,15.2071,12.3317,12.3317,81.0914,81.0914,0,0,14.78,1.93,drive,-29.25,front,LIDAR_ONLY
0,170.4370,t3783,LIDAR_ONLY,12.5687,12.5687,73.6114,61.0427,61.0427,82.9256,82.9256,0,0,14.78,1.93,cautious,22.70,front,LIDAR_ONLY
0,170.4370,t3778,LIDAR_ONLY,21.2380,21.2380,15.2071,6.0308,6.0308,39.6579,39.6579,0,0,14.78,1.93,drive,-29.36,front,LIDAR_ONLY
0,170.4370,t3778,LIDAR_ONLY,20.5653,20.5653,15.2071,5.3582,5.3582,35.2347,35.2347,0,0,14.78,1.93,drive,-22.58,front,LIDAR_ONLY
0,170.5084,cam_1,CAM_ONLY,17.7374,,16.5715,1.1660,,7.0359,,0,,12.83,13.63,warning,4.38,,CAMERA_ONLY
0,170.6211,t3793,BOTH,17.1717,16.8096,16.5715,0.6002,0.2381,3.6220,1.4369,1,1,24.18,23.71,warning,4.42,,FULL_ANGLE
0,170.6211,t3783,LIDAR_ONLY,12.8051,12.8051,73.6114,60.8063,60.8063,82.6044,82.6044,0,0,24.18,23.71,cautious,19.37,front,LIDAR_ONLY
0,170.6211,t3783,LIDAR_ONLY,13.0315,13.0315,73.6114,60.5799,60.5799,82.2969,82.2969,0,0,24.18,23.71,cautious,20.58,front,LIDAR_ONLY
0,170.7199,cam_1,CAM_ONLY,17.1793,,16.5715,0.6078,,3.6679,,1,,21.40,16.76,warning,4.42,,CAMERA_ONLY
0,170.8139,cam_1,CAM_ONLY,17.4170,,16.5715,0.8455,,5.1022,,1,,12.92,12.44,warning,4.42,,CAMERA_ONLY
0,170.8787,cam_1,CAM_ONLY,17.4030,,16.5715,0.8315,,5.0176,,1,,13.47,6.44,warning,4.42,,CAMERA_ONLY
0,170.9387,t3807,BOTH,17.4553,16.8181,16.5715,0.8838,0.2467,5.3335,1.4884,1,1,9.67,1.51,warning,4.42,,FULL_ANGLE
0,170.9387,t3803,LIDAR_ONLY,27.5150,27.5150,23.0573,4.4577,4.4577,19.3330,19.3330,0,0,9.67,1.51,drive,-29.10,front,LIDAR_ONLY
0,170.9387,t3804,LIDAR_ONLY,27.0733,27.0733,25.5845,1.4888,1.4888,5.8191,5.8191,0,0,9.67,1.51,drive,-16.48,front,LIDAR_ONLY
0,170.9387,t3805,LIDAR_ONLY,17.8614,17.8614,73.6114,55.7500,55.7500,75.7355,75.7355,0,0,9.67,1.51,drive,20.10,front,LIDAR_ONLY
0,170.9931,t3807,BOTH,17.6617,16.8109,16.5715,1.0902,0.2395,6.5787,1.4451,0,1,9.92,4.00,warning,4.42,,FULL_ANGLE
0,170.9931,t3805,LIDAR_ONLY,17.8875,17.8875,73.6114,55.7239,55.7239,75.7001,75.7001,0,0,9.92,4.00,drive,19.97,front,LIDAR_ONLY
0,171.0633,cam_1,CAM_ONLY,17.6750,,16.5715,1.1035,,6.6593,,0,,11.06,13.30,warning,4.42,,CAMERA_ONLY
0,171.1331,cam_1,CAM_ONLY,17.6106,,16.5715,1.0391,,6.2707,,0,,12.76,3.23,warning,4.42,,CAMERA_ONLY
0,171.1331,t3803,LIDAR_ONLY,27.5275,27.5275,,,,,,,,12.76,3.23,drive,-29.05,front,LIDAR_ONLY
0,171.1331,t3804,LIDAR_ONLY,27.4239,27.4239,29.7043,2.2804,2.2804,7.6771,7.6771,0,0,12.76,3.23,drive,-13.56,front,LIDAR_ONLY
0,171.1331,t3804,LIDAR_ONLY,27.8078,27.8078,29.7043,1.8965,1.8965,6.3847,6.3847,0,0,12.76,3.23,drive,-10.65,front,LIDAR_ONLY
0,171.1971,t3807,BOTH,17.5998,16.8484,16.5715,1.0284,0.2769,6.2057,1.6710,0,1,11.15,6.30,warning,4.42,,FULL_ANGLE
0,171.1971,t3805,LIDAR_ONLY,17.7648,17.7648,73.6114,55.8466,55.8466,75.8668,75.8668,0,0,11.15,6.30,drive,20.33,front,LIDAR_ONLY
0,171.1971,t3807,LIDAR_ONLY,16.8352,16.8352,16.5715,0.2638,0.2638,1.5918,1.5918,1,1,11.15,6.30,drive,5.05,front,LIDAR_ONLY
0,171.2609,cam_1,CAM_ONLY,17.7115,,16.5715,1.1400,,6.8795,,0,,12.12,9.68,warning,4.42,,CAMERA_ONLY
0,171.3287,cam_1,CAM_ONLY,17.6472,,16.5715,1.0757,,6.4913,,0,,11.27,6.70,warning,4.42,,CAMERA_ONLY
0,171.4034,cam_1,CAM_ONLY,17.7215,,16.5715,1.1500,,6.9396,,0,,12.80,10.81,warning,4.42,,CAMERA_ONLY
0,171.4034,t3805,LIDAR_ONLY,17.7923,17.7923,73.6114,55.8191,55.8191,75.8294,75.8294,0,0,12.80,10.81,drive,19.63,front,LIDAR_ONLY
0,171.4034,t3805,LIDAR_ONLY,17.6000,17.6000,73.6114,56.0114,56.0114,76.0907,76.0907,0,0,12.80,10.81,drive,21.62,front,LIDAR_ONLY
0,171.4664,cam_1,CAM_ONLY,17.9840,,16.5715,1.4125,,8.5239,,0,,9.38,4.91,warning,4.42,,CAMERA_ONLY
0,171.5331,t3821,BOTH,18.3356,16.8751,16.5715,1.7641,0.3037,10.6454,1.8324,0,1,10.21,2.12,warning,4.42,,FULL_ANGLE
0,171.6069,cam_1,CAM_ONLY,18.2121,,16.5715,1.6406,,9.9002,,0,,14.98,10.34,warning,4.42,,CAMERA_ONLY
0,171.6812,cam_1,CAM_ONLY,18.2267,,16.5715,1.6552,,9.9884,,0,,14.98,2.57,warning,4.42,,CAMERA_ONLY
0,171.6812,t3823,LIDAR_ONLY,27.4896,27.4896,,,,,,,,14.98,2.57,drive,-29.14,front,LIDAR_ONLY
0,171.7376,t3821,BOTH,18.0804,16.8579,16.5715,1.5090,0.2864,9.1058,1.7284,0,1,11.73,1.31,warning,4.38,,FULL_ANGLE
0,171.7376,t3823,LIDAR_ONLY,27.5005,27.5005,,,,,,,,11.73,1.31,drive,-29.07,front,LIDAR_ONLY
0,171.8054,cam_1,CAM_ONLY,17.8618,,16.5715,1.2903,,7.7865,,0,,11.66,10.75,warning,4.42,,CAMERA_ONLY
0,171.8820,cam_1,CAM_ONLY,17.9327,,16.5715,1.3612,,8.2142,,0,,15.00,8.68,warning,4.38,,CAMERA_ONLY
0,171.9559,cam_1,CAM_ONLY,17.9276,,16.5715,1.3561,,8.1836,,0,,12.84,12.62,warning,4.42,,CAMERA_ONLY
0,172.0213,cam_1,CAM_ONLY,18.2167,,16.5715,1.6452,,9.9278,,0,,11.82,4.15,warning,4.33,,CAMERA_ONLY
0,172.0830,cam_1,CAM_ONLY,18.6988,,16.5715,2.1273,,12.8373,,0,,12.88,2.56,warning,4.38,,CAMERA_ONLY
0,172.0830,t3833,LIDAR_ONLY,27.5180,27.5180,,,,,,,,12.88,2.56,drive,-29.13,front,LIDAR_ONLY
0,172.1661,cam_1,CAM_ONLY,20.4135,,16.5715,3.8420,,23.1847,,0,,20.97,4.78,safe,4.33,,CAMERA_ONLY
0,172.2330,t3836,BOTH,20.5164,16.8538,16.5723,3.9441,0.2815,23.7994,1.6986,0,1,14.80,1.85,safe,4.38,,FULL_ANGLE
0,172.2330,t3833,LIDAR_ONLY,27.5047,27.5047,5.3359,22.1688,22.1688,415.4618,415.4618,0,0,14.80,1.85,drive,-29.19,front,LIDAR_ONLY
0,172.3139,cam_1,CAM_ONLY,19.2512,,16.5721,2.6790,,16.1659,,0,,15.40,15.15,warning,4.38,,CAMERA_ONLY
0,172.4200,cam_1,CAM_ONLY,18.5784,,16.5712,2.0072,,12.1126,,0,,12.75,16.62,warning,4.47,,CAMERA_ONLY
0,172.4899,t3836,BOTH,18.7806,16.8541,16.5712,2.2094,0.2828,13.3326,1.7068,0,1,14.44,1.63,warning,4.47,,FULL_ANGLE
0,172.4899,cam_1,CAM_ONLY,32.2139,,42.3884,10.1745,,24.0030,,0,,14.44,1.63,safe,10.88,,CAMERA_ONLY
0,172.4899,t3833,LIDAR_ONLY,27.5076,27.5076,10.9708,16.5368,16.5368,150.7348,150.7348,0,0,14.44,1.63,drive,-29.26,front,LIDAR_ONLY
0,172.4899,t3833,LIDAR_ONLY,17.6471,17.6471,10.9708,6.6763,6.6763,60.8550,60.8550,0,0,14.44,1.63,drive,-26.11,front,LIDAR_ONLY
0,172.5634,cam_1,CAM_ONLY,17.3702,,16.5712,0.7989,,4.8212,,1,,13.14,13.52,warning,4.42,,CAMERA_ONLY
0,172.6321,cam_1,CAM_ONLY,15.4112,,16.5712,1.1600,,7.0003,,0,,13.01,10.14,warning,4.42,,CAMERA_ONLY
0,172.7111,cam_1,CAM_ONLY,15.7283,,16.5712,0.8430,,5.0870,,1,,15.52,15.25,warning,4.42,,CAMERA_ONLY
0,172.8077,cam_1,CAM_ONLY,18.2221,,16.5712,1.6508,,9.9621,,0,,19.73,14.62,warning,4.47,,CAMERA_ONLY
0,172.8863,t3854,BOTH,19.8342,16.8364,16.5712,3.2630,0.2652,19.6908,1.6001,0,1,20.36,2.97,safe,4.42,,FULL_ANGLE
0,172.8863,t3851,LIDAR_ONLY,27.5921,27.5921,5.3619,22.2302,22.2302,414.5933,414.5933,0,0,20.36,2.97,drive,-29.20,front,LIDAR_ONLY
0,172.8863,t3852,LIDAR_ONLY,11.2766,11.2766,73.6089,62.3323,62.3323,84.6804,84.6804,0,0,20.36,2.97,cautious,27.41,front,LIDAR_ONLY
0,172.8863,t3852,LIDAR_ONLY,11.6354,11.6354,73.6089,61.9735,61.9735,84.1930,84.1930,0,0,20.36,2.97,cautious,20.88,front,LIDAR_ONLY
0,172.8863,t3851,LIDAR_ONLY,7.6631,7.6631,5.3619,2.3012,2.3012,42.9175,42.9175,0,0,20.36,2.97,slow,-25.94,front,LIDAR_ONLY
0,172.8863,t3853,LIDAR_ONLY,20.6441,20.6441,19.9670,0.6771,0.6771,3.3910,3.3910,1,1,20.36,2.97,drive,-14.37,front,LIDAR_ONLY
0,172.9880,cam_1,CAM_ONLY,19.8680,,16.5712,3.2968,,19.8948,,0,,28.13,28.80,safe,4.42,,CAMERA_ONLY
0,173.0855,cam_1,CAM_ONLY,19.8535,,16.5724,3.2811,,19.7985,,0,,21.71,9.65,safe,4.38,,CAMERA_ONLY
0,173.0855,t3851,LIDAR_ONLY,7.8996,7.8996,30.7471,22.8475,22.8475,74.3077,74.3077,0,0,21.71,9.65,slow,-29.16,front,LIDAR_ONLY
0,173.1682,cam_1,CAM_ONLY,18.8990,,16.5730,2.3259,,14.0346,,0,,14.63,14.97,warning,4.38,,CAMERA_ONLY
0,173.2411,t3865,BOTH,15.9081,16.8493,16.5730,0.6649,0.2763,4.0122,1.6669,1,1,18.21,2.36,warning,4.47,,FULL_ANGLE
0,173.2411,t3851,LIDAR_ONLY,8.3649,8.3649,,,,,,,,18.21,2.36,slow,-29.19,front,LIDAR_ONLY
0,173.2411,t3863,LIDAR_ONLY,12.4964,12.4964,73.6130,61.1166,61.1166,83.0242,83.0242,0,0,18.21,2.36,cautious,25.42,front,LIDAR_ONLY
0,173.2411,t3864,LIDAR_ONLY,13.4593,13.4593,12.8177,0.6416,0.6416,5.0054,5.0054,1,1,18.21,2.36,cautious,-11.66,front,LIDAR_ONLY
0,173.3156,cam_1,CAM_ONLY,16.0332,,16.5730,0.5398,,3.2570,,1,,10.14,16.48,warning,4.42,,CAMERA_ONLY
0,173.3968,t3865,BOTH,18.8570,16.8410,16.5730,2.2840,0.2679,13.7812,1.6168,0,1,16.08,3.76,warning,4.42,,FULL_ANGLE
0,173.3968,t3863,LIDAR_ONLY,12.6855,12.6855,73.6130,60.9274,60.9274,82.7673,82.7673,0,0,16.08,3.76,cautious,20.79,front,LIDAR_ONLY
0,173.3968,t3864,LIDAR_ONLY,13.7221,13.7221,16.0907,2.3686,2.3686,14.7203,14.7203,0,0,16.08,3.76,cautious,-9.12,front,LIDAR_ONLY
0,173.4701,cam_1,CAM_ONLY,19.6274,,42.3908,22.7634,,53.6989,,0,,18.80,3.89,safe,4.38,,CAMERA_ONLY
0,173.4701,cam_1,CAM_ONLY,29.2223,,42.3908,13.1684,,31.0644,,0,,18.80,3.89,safe,10.84,,CAMERA_ONLY
0,173.5448,t3865,BOTH,20.5509,16.8343,16.5735,3.9775,0.2608,23.9991,1.5738,0,1,17.00,4.82,safe,4.38,,FULL_ANGLE
0,173.5448,cam_1,CAM_ONLY,30.8702,,42.3914,11.5212,,27.1781,,0,,17.00,4.82,safe,10.92,,CAMERA_ONLY
0,173.5448,t3864,LIDAR_ONLY,14.1668,14.1668,19.2750,5.1082,5.1082,26.5018,26.5018,0,0,17.00,4.82,cautious,-6.56,front,LIDAR_ONLY
0,173.6159,cam_1,CAM_ONLY,20.2703,,42.3919,22.1216,,52.1836,,0,,9.47,14.42,safe,4.38,,CAMERA_ONLY
0,173.6159,cam_1,CAM_ONLY,25.5038,,42.3919,16.8881,,39.8379,,0,,9.47,14.42,safe,11.18,,CAMERA_ONLY
0,173.6807,cam_1,CAM_ONLY,20.0114,,16.5726,3.4388,,20.7500,,0,,10.75,2.76,safe,4.38,,CAMERA_ONLY
0,173.6807,t3876,LIDAR_ONLY,27.5800,27.5800,11.5483,16.0317,16.0317,138.8237,138.8237,0,0,10.75,2.76,drive,-29.02,front,LIDAR_ONLY
0,173.7604,cam_1,CAM_ONLY,19.6128,,16.5574,3.0555,,18.4540,,0,,13.75,14.21,warning,4.33,,CAMERA_ONLY
0,173.8366,t3880,BOTH,19.3581,16.7802,16.5499,2.8082,0.2303,16.9678,1.3915,0,1,17.34,2.12,warning,4.33,,FULL_ANGLE
0,173.8366,t3876,LIDAR_ONLY,27.5593,27.5593,14.5537,13.0056,13.0056,89.3628,89.3628,0,0,17.34,2.12,drive,-29.25,front,LIDAR_ONLY
0,173.8366,t3876,LIDAR_ONLY,20.4063,20.4063,14.5537,5.8526,5.8526,40.2136,40.2136,0,0,17.34,2.12,drive,-28.96,front,LIDAR_ONLY
0,173.9178,cam_1,CAM_ONLY,17.7142,,16.5500,1.1642,,7.0347,,0,,20.90,5.13,warning,4.42,,CAMERA_ONLY
0,173.9855,t3880,BOTH,16.6808,16.7855,16.5500,0.1309,0.2356,0.7909,1.4233,1,1,15.16,1.61,warning,4.42,,FULL_ANGLE
0,173.9855,t3876,LIDAR_ONLY,20.7432,20.7432,17.7076,3.0356,3.0356,17.1432,17.1432,0,0,15.16,1.61,drive,-29.13,front,LIDAR_ONLY
0,173.9855,t3883,LIDAR_ONLY,15.8174,15.8174,73.5586,57.7412,57.7412,78.4969,78.4969,0,0,15.16,1.61,drive,21.77,front,LIDAR_ONLY
0,173.9855,t3883,LIDAR_ONLY,15.9345,15.9345,73.5586,57.6241,57.6241,78.3377,78.3377,0,0,15.16,1.61,drive,19.59,front,LIDAR_ONLY
0,173.9855,t3876,LIDAR_ONLY,20.8880,20.8880,17.7076,3.1804,3.1804,17.9605,17.9605,0,0,15.16,1.61,drive,-24.85,front,LIDAR_ONLY
0,173.9855,t3876,LIDAR_ONLY,20.6640,20.6640,17.7076,2.9564,2.9564,16.6956,16.6956,0,0,15.16,1.61,drive,-20.38,front,LIDAR_ONLY
0,174.0612,cam_1,CAM_ONLY,18.2550,,16.5499,1.7051,,10.3025,,0,,16.55,12.35,warning,4.38,,CAMERA_ONLY
0,174.1335,cam_1,CAM_ONLY,19.2971,,31.9265,12.6294,,39.5577,,0,,12.52,2.74,warning,4.42,,CAMERA_ONLY
0,174.1335,cam_1,CAM_ONLY,33.3637,,31.9265,1.4372,,4.5015,,0,,12.52,2.74,safe,0.49,,CAMERA_ONLY
0,174.1335,t3876,LIDAR_ONLY,20.7369,20.7369,21.0272,0.2903,0.2903,1.3806,1.3806,1,1,12.52,2.74,drive,-29.19,front,LIDAR_ONLY
0,174.1335,t3876,LIDAR_ONLY,21.5413,21.5413,21.0272,0.5142,0.5142,2.4452,2.4452,1,1,12.52,2.74,drive,-21.51,front,LIDAR_ONLY
0,174.2050,cam_1,CAM_ONLY,19.1293,,16.5499,2.5794,,15.5853,,0,,11.70,10.98,warning,4.38,,CAMERA_ONLY
0,174.2665,cam_1,CAM_ONLY,17.2123,,16.5499,0.6624,,4.0024,,1,,12.46,2.20,warning,4.42,,CAMERA_ONLY
0,174.3679,cam_1,CAM_ONLY,17.0800,,16.5499,0.5301,,3.2031,,1,,22.19,22.46,warning,4.51,,CAMERA_ONLY
0,174.4381,t3895,BOTH,18.0687,16.7786,16.5499,1.5188,0.2287,9.1771,1.3819,0,1,11.87,2.71,warning,4.51,,FULL_ANGLE
0,174.4381,t3894,LIDAR_ONLY,17.9059,17.9059,73.5586,55.6527,55.6527,75.6576,75.6576,0,0,11.87,2.71,drive,20.16,front,LIDAR_ONLY
0,174.4381,t3894,LIDAR_ONLY,17.4556,17.4556,73.5586,56.1030,56.1030,76.2698,76.2698,0,0,11.87,2.71,drive,21.73,front,LIDAR_ONLY
0,174.5208,cam_1,CAM_ONLY,16.7962,,16.5499,0.2463,,1.4882,,1,,14.54,19.24,warning,4.56,,CAMERA_ONLY
0,174.5852,cam_1,CAM_ONLY,17.7530,,16.5499,1.2030,,7.2691,,0,,16.94,2.95,warning,4.56,,CAMERA_ONLY
0,174.5852,t3897,LIDAR_ONLY,27.4960,27.4960,,,,,,,,16.94,2.95,drive,-29.05,front,LIDAR_ONLY
0,174.6644,cam_1,CAM_ONLY,19.3296,,16.5499,2.7796,,16.7955,,0,,12.93,15.78,warning,4.51,,CAMERA_ONLY
0,174.7596,t3903,BOTH,17.9295,16.8153,16.5499,1.3795,0.2654,8.3355,1.6034,0,1,22.96,14.91,warning,4.51,,FULL_ANGLE
0,174.7596,t3902,LIDAR_ONLY,17.8888,17.8888,73.5586,55.6698,55.6698,75.6809,75.6809,0,0,22.96,14.91,drive,20.17,front,LIDAR_ONLY
0,174.8676,cam_1,CAM_ONLY,18.5625,,16.5499,2.0126,,12.1607,,0,,20.21,19.32,warning,4.56,,CAMERA_ONLY
0,174.9333,cam_1,CAM_ONLY,18.7619,,16.5499,2.2120,,13.3657,,0,,10.04,3.17,warning,4.47,,CAMERA_ONLY
0,174.9333,t3905,LIDAR_ONLY,27.5349,27.5349,,,,,,,,10.04,3.17,drive,-29.03,front,LIDAR_ONLY
0,175.0161,cam_1,CAM_ONLY,19.4011,,16.5499,2.8512,,17.2278,,0,,17.79,10.75,warning,4.51,,CAMERA_ONLY
0,175.0801,cam_1,CAM_ONLY,19.5831,,16.5499,3.0332,,18.3274,,0,,15.30,1.70,warning,4.51,,CAMERA_ONLY
0,175.0801,t3905,LIDAR_ONLY,27.5253,27.5253,,,,,,,,15.30,1.70,drive,-29.22,front,LIDAR_ONLY
0,175.1408,t3912,BOTH,19.1125,16.7724,16.5499,2.5626,0.2225,15.4838,1.3445,0,1,9.56,2.19,warning,4.51,,FULL_ANGLE
0,175.1408,t3911,LIDAR_ONLY,18.0381,18.0381,73.5586,55.5204,55.5204,75.4779,75.4779,0,0,9.56,2.19,drive,20.07,front,LIDAR_ONLY
0,175.1408,t3911,LIDAR_ONLY,17.3337,17.3337,73.5586,56.2248,56.2248,76.4355,76.4355,0,0,9.56,2.19,drive,21.50,front,LIDAR_ONLY
0,175.2055,cam_1,CAM_ONLY,18.3551,,16.5499,1.8052,,10.9075,,0,,12.45,9.10,warning,4.47,,CAMERA_ONLY
0,175.2846,cam_1,CAM_ONLY,18.3131,,16.5499,1.7632,,10.6539,,0,,19.80,6.34,warning,4.47,,CAMERA_ONLY
0,175.2846,t3905,LIDAR_ONLY,27.5290,27.5290,,,,,,,,19.80,6.34,drive,-29.02,front,LIDAR_ONLY
0,175.3611,cam_1,CAM_ONLY,17.1522,,16.5499,0.6022,,3.6390,,1,,14.43,11.74,warning,4.47,,CAMERA_ONLY
0,175.4358,t3923,BOTH,17.3547,16.8310,16.5499,0.8048,0.2811,4.8629,1.6986,1,1,13.43,1.64,warning,4.42,,FULL_ANGLE
0,175.4358,t3905,LIDAR_ONLY,27.5218,27.5218,35.4922,7.9703,7.9703,22.4566,22.4566,0,0,13.43,1.64,drive,-29.08,front,LIDAR_ONLY
0,175.4358,t3922,LIDAR_ONLY,18.5406,18.5406,73.5586,55.0179,55.0179,74.7947,74.7947,0,0,13.43,1.64,drive,19.75,front,LIDAR_ONLY
0,175.4358,t3922,LIDAR_ONLY,16.2035,16.2035,73.5586,57.3551,57.3551,77.9720,77.9720,0,0,13.43,1.64,drive,22.11,front,LIDAR_ONLY
0,175.5108,cam_1,CAM_ONLY,17.4339,,16.5499,0.8839,,5.3410,,1,,13.40,13.97,warning,4.47,,CAMERA_ONLY
0,175.5813,t3923,BOTH,19.4079,16.8242,16.5499,2.8580,0.2743,17.2691,1.6573,0,1,20.42,1.43,warning,4.42,,FULL_ANGLE
0,175.5813,t3905,LIDAR_ONLY,27.5068,27.5068,32.0219,4.5151,4.5151,14.1001,14.1001,0,0,20.42,1.43,drive,-29.10,front,LIDAR_ONLY
0,175.6561,cam_1,CAM_ONLY,19.7923,,16.5499,3.2424,,19.5917,,0,,15.03,11.75,safe,4.38,,CAMERA_ONLY
0,175.7315,cam_1,CAM_ONLY,17.7986,,16.5502,1.2483,,7.5428,,0,,15.00,5.55,warning,4.38,,CAMERA_ONLY
0,175.8149,cam_1,CAM_ONLY,17.6754,,16.5509,1.1245,,6.7944,,0,,12.63,13.51,warning,4.47,,CAMERA_ONLY
0,175.8860,t3935,BOTH,16.5708,16.8234,16.5509,0.0199,0.2726,0.1205,1.6469,1,1,20.16,1.32,warning,4.51,,FULL_ANGLE
0,175.8860,t3934,LIDAR_ONLY,27.5693,27.5693,24.6190,2.9503,2.9503,11.9838,11.9838,0,0,20.16,1.32,drive,-29.07,front,LIDAR_ONLY
0,175.9662,cam_1,CAM_ONLY,16.2385,,16.5509,0.3123,,1.8872,,1,,19.22,17.10,warning,4.51,,CAMERA_ONLY
0,176.0428,t3935,BOTH,16.5854,16.8093,16.5509,0.0345,0.2585,0.2084,1.5617,1,1,18.79,3.51,warning,4.56,,FULL_ANGLE
0,176.0428,t3934,LIDAR_ONLY,27.5283,27.5283,32.3396,4.8113,4.8113,14.8775,14.8775,0,0,18.79,3.51,drive,-29.22,front,LIDAR_ONLY
0,176.0428,t3937,LIDAR_ONLY,10.4775,10.4775,73.5606,63.0832,63.0832,85.7567,85.7567,0,0,18.79,3.51,cautious,29.42,front,LIDAR_ONLY
0,176.0428,t3937,LIDAR_ONLY,10.5389,10.5389,73.5606,63.0217,63.0217,85.6732,85.6732,0,0,18.79,3.51,cautious,19.57,front,LIDAR_ONLY
0,176.0428,t3937,LIDAR_ONLY,10.6549,10.6549,73.5606,62.9057,62.9057,85.5155,85.5155,0,0,18.79,3.51,cautious,20.44,front,LIDAR_ONLY
0,176.0428,t3937,LIDAR_ONLY,10.7722,10.7722,73.5606,62.7884,62.7884,85.3560,85.3560,0,0,18.79,3.51,cautious,21.53,front,LIDAR_ONLY
0,176.1268,cam_1,CAM_ONLY,16.3647,,16.5509,0.1862,,1.1249,,1,,16.50,7.93,warning,4.56,,CAMERA_ONLY
0,176.2147,cam_1,CAM_ONLY,17.8798,,16.5509,1.3289,,8.0294,,0,,19.09,4.27,warning,4.51,,CAMERA_ONLY
0,176.2844,t3935,BOTH,17.1847,16.8076,16.5509,0.6339,0.2568,3.8299,1.5514,1,1,13.62,3.05,warning,4.51,,FULL_ANGLE
0,176.2844,t3934,LIDAR_ONLY,27.5244,27.5244,37.0798,9.5554,9.5554,25.7699,25.7699,0,0,13.62,3.05,drive,-29.10,front,LIDAR_ONLY
0,176.3385,t3935,BOTH,18.9715,16.8084,16.5509,2.4206,0.2576,14.6252,1.5562,0,1,9.13,1.64,warning,4.47,,FULL_ANGLE
0,176.3385,t3944,LIDAR_ONLY,12.5165,12.5165,73.5606,61.0442,61.0442,82.9848,82.9848,0,0,9.13,1.64,cautious,25.51,front,LIDAR_ONLY
0,176.4048,cam_1,CAM_ONLY,17.9931,,16.5509,1.4423,,8.7142,,0,,10.82,8.65,warning,4.51,,CAMERA_ONLY
0,176.4649,cam_1,CAM_ONLY,17.0653,,16.5509,0.5144,,3.1079,,1,,10.93,8.04,warning,4.60,,CAMERA_ONLY
0,176.5368,t3935,BOTH,17.9611,16.8070,16.5509,1.4102,0.2561,8.5204,1.5473,0,1,12.38,2.21,warning,4.51,,FULL_ANGLE
0,176.5368,t3949,LIDAR_ONLY,13.0599,13.0599,8.3469,4.7130,4.7130,56.4641,56.4641,0,0,12.38,2.21,cautious,-25.34,front,LIDAR_ONLY
0,176.6198,cam_1,CAM_ONLY,18.2109,,16.5509,1.6600,,10.0297,,0,,20.12,17.50,warning,4.51,,CAMERA_ONLY
0,176.6851,cam_1,CAM_ONLY,16.9817,,16.5509,0.4308,,2.6031,,1,,13.97,5.18,warning,4.51,,CAMERA_ONLY
0,176.7594,cam_1,CAM_ONLY,17.3044,,16.5509,0.7536,,4.5530,,1,,10.31,11.89,warning,4.56,,CAMERA_ONLY
0,176.8206,cam_1,CAM_ONLY,16.8831,,16.5509,0.3322,,2.0073,,1,,10.97,3.55,warning,4.56,,CAMERA_ONLY
0,176.8776,cam_1,CAM_ONLY,16.8930,,16.5509,0.3422,,2.0674,,1,,10.08,5.19,warning,4.56,,CAMERA_ONLY
0,176.9337,cam_1,CAM_ONLY,17.2083,,16.5509,0.6575,,3.9725,,1,,10.38,2.04,warning,4.47,,CAMERA_ONLY
0,176.9337,t3961,LIDAR_ONLY,27.5526,27.5526,,,,,,,,10.38,2.04,drive,-29.08,front,LIDAR_ONLY
0,176.9337,t3964,LIDAR_ONLY,17.9510,17.9510,17.1625,0.7885,0.7885,4.5945,4.5945,1,1,10.38,2.04,drive,-18.63,front,LIDAR_ONLY
0,177.0006,t3967,BOTH,17.1222,16.8725,16.5509,0.5713,0.3217,3.4519,1.9435,1,1,13.20,5.93,warning,4.47,,FULL_ANGLE
0,177.0006,t3966,LIDAR_ONLY,17.0889,17.0889,73.5606,56.4717,56.4717,76.7690,76.7690,0,0,13.20,5.93,drive,20.74,front,LIDAR_ONLY
0,177.0621,cam_1,CAM_ONLY,17.6574,,16.5509,1.1065,,6.6854,,0,,11.60,4.26,warning,4.47,,CAMERA_ONLY
0,177.1389,t3967,BOTH,17.9431,16.8345,16.5509,1.3922,0.2836,8.4116,1.7134,0,1,15.02,2.76,warning,4.47,,FULL_ANGLE
0,177.1389,t3961,LIDAR_ONLY,27.5534,27.5534,,,,,,,,15.02,2.76,drive,-29.12,front,LIDAR_ONLY
0,177.1389,t3964,LIDAR_ONLY,18.5858,18.5858,21.6554,3.0696,3.0696,14.1746,14.1746,0,0,15.02,2.76,drive,-14.34,front,LIDAR_ONLY
0,177.2137,cam_1,CAM_ONLY,18.0113,,16.5509,1.4605,,8.8241,,0,,13.83,11.82,warning,4.47,,CAMERA_ONLY
0,177.2819,t3967,BOTH,17.6599,16.8417,16.5509,1.1090,0.2908,6.7008,1.7571,0,1,18.05,1.18,warning,4.47,,FULL_ANGLE
0,177.2819,t3961,LIDAR_ONLY,27.5290,27.5290,,,,,,,,18.05,1.18,drive,-29.06,front,LIDAR_ONLY
0,177.3498,cam_1,CAM_ONLY,17.9681,,16.5509,1.4172,,8.5629,,0,,13.64,8.59,warning,4.42,,CAMERA_ONLY
0,177.3498,t3975,LIDAR_ONLY,15.9648,15.9648,73.5606,57.5958,57.5958,78.2971,78.2971,0,0,13.64,8.59,drive,21.64,front,LIDAR_ONLY
0,177.4646,cam_1,CAM_ONLY,18.1087,,16.5509,1.5579,,9.4127,,0,,9.94,11.87,warning,4.47,,CAMERA_ONLY
0,177.5302,cam_1,CAM_ONLY,18.1336,,16.5509,1.5827,,9.5627,,0,,12.56,4.13,warning,4.42,,CAMERA_ONLY
0,177.5907,t3981,BOTH,17.8666,16.7934,16.5509,1.3158,0.2426,7.9499,1.4655,0,1,16.21,1.37,warning,4.42,,FULL_ANGLE
0,177.5907,t3980,LIDAR_ONLY,27.5535,27.5535,,,,,,,,16.21,1.37,drive,-29.14,front,LIDAR_ONLY
0,177.6607,cam_1,CAM_ONLY,18.0161,,16.5509,1.4652,,8.8528,,0,,13.49,15.62,warning,4.42,,CAMERA_ONLY
0,177.7247,cam_1,CAM_ONLY,17.7129,,16.5509,1.1620,,7.0208,,0,,9.52,4.81,warning,4.42,,CAMERA_ONLY
0,177.7915,t3981,BOTH,18.1825,16.7959,16.5509,1.6316,0.2450,9.8580,1.4804,0,1,15.12,3.62,warning,4.42,,FULL_ANGLE
0,177.7915,t3986,LIDAR_ONLY,17.6514,17.6514,73.5606,55.9092,55.9092,76.0042,76.0042,0,0,15.12,3.62,drive,20.33,front,LIDAR_ONLY
0,177.7915,t3986,LIDAR_ONLY,15.8821,15.8821,73.5606,57.6785,57.6785,78.4095,78.4095,0,0,15.12,3.62,drive,22.07,front,LIDAR_ONLY
0,177.7915,t3986,LIDAR_ONLY,15.9469,15.9469,73.5606,57.6137,57.6137,78.3214,78.3214,0,0,15.12,3.62,drive,19.81,front,LIDAR_ONLY
0,177.8548,cam_1,CAM_ONLY,18.2408,,16.5509,1.6899,,10.2103,,0,,13.36,8.14,warning,4.42,,CAMERA_ONLY
0,177.8548,t3986,LIDAR_ONLY,15.7367,15.7367,73.5606,57.8240,57.8240,78.6072,78.6072,0,0,13.36,8.14,drive,22.30,front,LIDAR_ONLY
0,177.9334,cam_1,CAM_ONLY,17.4287,,16.5509,0.8778,,5.3037,,1,,14.06,6.11,warning,4.42,,CAMERA_ONLY
0,178.0139,cam_1,CAM_ONLY,17.3271,,16.5509,0.7763,,4.6901,,1,,12.58,16.15,warning,4.42,,CAMERA_ONLY
0,178.0850,cam_1,CAM_ONLY,18.0601,,16.5509,1.5092,,9.1189,,0,,16.49,4.33,warning,4.47,,CAMERA_ONLY
0,178.0850,t3990,LIDAR_ONLY,27.5179,27.5179,,,,,,,,16.49,4.33,drive,-29.11,front,LIDAR_ONLY
0,178.1649,cam_1,CAM_ONLY,18.9429,,16.5509,2.3921,,14.4529,,0,,12.46,15.68,warning,4.42,,CAMERA_ONLY
0,178.2356,cam_1,CAM_ONLY,17.6029,,16.5509,1.0520,,6.3561,,0,,16.91,3.90,warning,4.38,,CAMERA_ONLY
0,178.2356,t3990,LIDAR_ONLY,27.5149,27.5149,,,,,,,,16.91,3.90,drive,-29.07,front,LIDAR_ONLY
0,178.3100,cam_1,CAM_ONLY,17.8029,,16.5509,1.2520,,7.5648,,0,,12.75,13.45,warning,4.38,,CAMERA_ONLY
0,178.3100,t3999,LIDAR_ONLY,15.7629,15.7629,73.5606,57.7977,57.7977,78.5715,78.5715,0,0,12.75,13.45,drive,21.82,front,LIDAR_ONLY
0,178.3832,cam_1,CAM_ONLY,17.5130,,16.5509,0.9622,,5.8133,,1,,15.37,2.87,warning,4.47,,CAMERA_ONLY
0,178.3832,t3990,LIDAR_ONLY,27.5069,27.5069,,,,,,,,15.37,2.87,drive,-29.07,front,LIDAR_ONLY
0,178.4609,cam_1,CAM_ONLY,16.7016,,16.5509,0.1507,,0.9107,,1,,21.07,7.36,warning,4.47,,CAMERA_ONLY
0,178.5182,cam_1,CAM_ONLY,16.4748,,16.5509,0.0761,,0.4598,,1,,9.41,2.58,warning,4.56,,CAMERA_ONLY
0,178.5930,t4005,BOTH,16.6004,18.8893,73.5606,56.9602,54.6714,77.4330,74.3215,0,0,20.93,5.43,warning,4.56,,FULL_ANGLE
0,178.5930,t4005,LIDAR_ONLY,17.5492,17.5492,73.5606,56.0115,56.0115,76.1433,76.1433,0,0,20.93,5.43,drive,20.87,front,LIDAR_ONLY
0,178.6789,cam_1,CAM_ONLY,16.4187,,16.5509,0.1322,,0.7985,,1,,18.59,9.87,warning,4.56,,CAMERA_ONLY
0,178.7516,cam_1,CAM_ONLY,17.2870,,16.5509,0.7361,,4.4475,,1,,14.45,11.50,warning,4.51,,CAMERA_ONLY
0,178.8275,cam_1,CAM_ONLY,18.2868,,16.5509,1.7360,,10.4888,,0,,13.75,6.54,warning,4.56,,CAMERA_ONLY
0,178.9039,cam_1,CAM_ONLY,18.5021,,16.5509,1.9512,,11.7893,,0,,18.09,11.05,warning,4.56,,CAMERA_ONLY
0,178.9039,t4013,LIDAR_ONLY,18.6009,18.6009,73.5606,54.9598,54.9598,74.7136,74.7136,0,0,18.09,11.05,drive,19.70,front,LIDAR_ONLY
0,178.9039,t4013,LIDAR_ONLY,17.9155,17.9155,73.5606,55.6451,55.6451,75.6453,75.6453,0,0,18.09,11.05,drive,20.83,front,LIDAR_ONLY
0,178.9039,t4013,LIDAR_ONLY,17.4356,17.4356,73.5606,56.1251,56.1251,76.2977,76.2977,0,0,18.09,11.05,drive,21.65,front,LIDAR_ONLY
0,178.9812,cam_1,CAM_ONLY,19.0852,,16.5509,2.5343,,15.3124,,0,,15.63,6.12,warning,4.51,,CAMERA_ONLY
0,179.0556,cam_1,CAM_ONLY,18.7898,,16.5509,2.2390,,13.5279,,0,,11.22,14.80,warning,4.56,,CAMERA_ONLY
0,179.1179,cam_1,CAM_ONLY,18.0968,,16.5509,1.5459,,9.3402,,0,,12.40,2.58,warning,4.51,,CAMERA_ONLY
0,179.1794,cam_1,CAM_ONLY,17.5644,,16.5509,1.0136,,6.1240,,0,,13.87,2.22,warning,4.56,,CAMERA_ONLY
0,179.1794,t4017,LIDAR_ONLY,27.5781,27.5781,30.9454,3.3673,3.3673,10.8815,10.8815,0,0,13.87,2.22,drive,-29.04,front,LIDAR_ONLY
0,179.2467,t4021,BOTH,17.6666,16.8203,16.5509,1.1157,0.2694,6.7410,1.6278,0,1,13.97,6.01,warning,4.51,,FULL_ANGLE
0,179.2467,t4020,LIDAR_ONLY,17.4453,17.4453,73.5606,56.1153,56.1153,76.2844,76.2844,0,0,13.97,6.01,drive,20.48,front,LIDAR_ONLY
0,179.3163,cam_1,CAM_ONLY,16.8234,,16.5509,0.2725,,1.6464,,1,,14.48,6.34,warning,4.47,,CAMERA_ONLY
0,179.3789,cam_1,CAM_ONLY,16.8291,,16.5509,0.2783,,1.6813,,1,,13.42,3.98,warning,4.47,,CAMERA_ONLY
0,179.3789,t4017,LIDAR_ONLY,27.5501,27.5501,26.2841,1.2660,1.2660,4.8168,4.8168,0,0,13.42,3.98,drive,-29.08,front,LIDAR_ONLY
0,179.4444,t4021,BOTH,16.7603,16.8229,16.5509,0.2095,0.2720,1.2656,1.6436,1,1,19.28,3.81,warning,4.56,,FULL_ANGLE
0,179.4444,t4020,LIDAR_ONLY,17.1294,17.1294,73.5606,56.4312,56.4312,76.7138,76.7138,0,0,19.28,3.81,drive,20.91,front,LIDAR_ONLY
0,179.5158,cam_1,CAM_ONLY,16.6893,,16.5509,0.1384,,0.8362,,1,,9.70,8.30,warning,4.56,,CAMERA_ONLY
0,179.5855,cam_1,CAM_ONLY,17.3803,,16.5509,0.8294,,5.0114,,1,,13.73,3.97,warning,4.51,,CAMERA_ONLY
0,179.5855,t4017,LIDAR_ONLY,27.5425,27.5425,21.4533,6.0891,6.0891,28.3832,28.3832,0,0,13.73,3.97,drive,-29.01,front,LIDAR_ONLY
0,179.6640,cam_1,CAM_ONLY,16.8710,,16.5509,0.3201,,1.9343,,1,,17.58,9.09,warning,4.47,,CAMERA_ONLY
0,179.7358,cam_1,CAM_ONLY,16.6839,,16.5509,0.1331,,0.8039,,1,,18.69,7.25,warning,4.47,,CAMERA_ONLY
0,179.8275,cam_1,CAM_ONLY,17.0394,,16.5509,0.4885,,2.9518,,1,,13.46,5.58,warning,4.47,,CAMERA_ONLY
0,179.8930,t4031,BOTH,17.5824,16.7580,16.5509,1.0316,0.2072,6.2327,1.2517,0,1,10.08,2.95,warning,4.51,,FULL_ANGLE
0,179.8930,t4030,LIDAR_ONLY,18.7771,18.7771,73.5606,54.7835,54.7835,74.4739,74.4739,0,0,10.08,2.95,drive,19.59,front,LIDAR_ONLY
0,179.8930,t4030,LIDAR_ONLY,16.8001,16.8001,73.5606,56.7605,56.7605,77.1616,77.1616,0,0,10.08,2.95,drive,21.66,front,LIDAR_ONLY
0,179.8930,t4030,LIDAR_ONLY,16.3670,16.3670,73.5606,57.1936,57.1936,77.7503,77.7503,0,0,10.08,2.95,drive,22.96,front,LIDAR_ONLY
0,179.8930,t4030,LIDAR_ONLY,16.4061,16.4061,73.5606,57.1545,57.1545,77.6972,77.6972,0,0,10.08,2.95,drive,20.49,front,LIDAR_ONLY
0,179.8930,t4030,LIDAR_ONLY,16.4397,16.4397,73.5606,57.1209,57.1209,77.6514,77.6514,0,0,10.08,2.95,drive,20.18,front,LIDAR_ONLY
0,179.9695,cam_1,CAM_ONLY,16.9480,,16.5509,0.3972,,2.3997,,1,,10.79,20.83,warning,4.47,,CAMERA_ONLY
0,180.0381,t4031,BOTH,17.3932,16.7672,16.5509,0.8423,0.2163,5.0892,1.3069,1,1,13.96,2.08,warning,4.51,,FULL_ANGLE
0,180.0381,t4036,LIDAR_ONLY,27.5448,27.5448,,,,,,,,13.96,2.08,drive,-28.99,front,LIDAR_ONLY
0,180.0381,t4030,LIDAR_ONLY,11.6914,11.6914,,,,,,,,13.96,2.08,cautious,27.95,front,LIDAR_ONLY
0,180.1180,cam_1,CAM_ONLY,17.5636,,16.5509,1.0127,,6.1190,,0,,16.77,7.10,warning,4.51,,CAMERA_ONLY
0,180.2288,cam_1,CAM_ONLY,17.4056,,16.5509,0.8547,,5.1644,,1,,12.42,5.78,warning,4.51,,CAMERA_ONLY
0,180.2915,t4031,BOTH,17.4359,16.7783,16.5509,0.8850,0.2275,5.3471,1.3743,1,1,12.66,3.50,warning,4.51,,FULL_ANGLE
0,180.2915,t4030,LIDAR_ONLY,11.7275,11.7275,73.5606,61.8332,61.8332,84.0574,84.0574,0,0,12.66,3.50,cautious,20.42,front,LIDAR_ONLY
0,180.3637,cam_1,CAM_ONLY,16.9454,,16.5509,0.3945,,2.3836,,1,,15.91,8.87,warning,4.47,,CAMERA_ONLY
0,180.4330,cam_1,CAM_ONLY,16.9570,,16.5509,0.4061,,2.4538,,1,,12.67,5.63,warning,4.47,,CAMERA_ONLY
0,180.4330,t4043,LIDAR_ONLY,27.5685,27.5685,,,,,,,,12.67,5.63,drive,-29.08,front,LIDAR_ONLY
0,180.5331,cam_1,CAM_ONLY,16.7345,,16.5509,0.1837,,1.1097,,1,,9.27,5.44,warning,4.47,,CAMERA_ONLY
0,180.5331,t4043,LIDAR_ONLY,27.4973,27.4973,,,,,,,,9.27,5.44,drive,-29.30,front,LIDAR_ONLY
0,180.6209,cam_1,CAM_ONLY,16.8749,,16.5509,0.3241,,1.9580,,1,,23.22,12.21,warning,4.47,,CAMERA_ONLY
0,180.6813,t4049,BOTH,16.3688,16.8419,16.5509,0.1820,0.2910,1.0999,1.7582,1,1,12.28,2.02,warning,4.56,,FULL_ANGLE
0,180.6813,t4043,LIDAR_ONLY,27.4983,27.4983,,,,,,,,12.28,2.02,drive,-29.13,front,LIDAR_ONLY
0,180.6813,t4048,LIDAR_ONLY,18.1408,18.1408,73.5606,55.4198,55.4198,75.3390,75.3390,0,0,12.28,2.02,drive,20.00,front,LIDAR_ONLY
0,180.6813,t4048,LIDAR_ONLY,17.4781,17.4781,73.5606,56.0826,56.0826,76.2399,76.2399,0,0,12.28,2.02,drive,21.47,front,LIDAR_ONLY
0,180.7719,cam_1,CAM_ONLY,16.6499,,16.5509,0.0990,,0.5981,,1,,14.24,25.85,warning,4.56,,CAMERA_ONLY
0,180.8406,t4049,BOTH,16.5960,16.8286,16.5509,0.0451,0.2777,0.2728,1.6779,1,1,9.96,2.65,warning,4.56,,FULL_ANGLE
0,180.9335,t4049,BOTH,16.5768,16.8200,16.5509,0.0259,0.2691,0.1567,1.6259,1,1,17.64,2.17,warning,4.56,,FULL_ANGLE
0,180.9335,t4043,LIDAR_ONLY,27.5048,27.5048,8.2495,19.2552,19.2552,233.4099,233.4099,0,0,17.64,2.17,drive,-29.14,front,LIDAR_ONLY
0,180.9335,t4048,LIDAR_ONLY,11.7635,11.7635,73.5606,61.7971,61.7971,84.0084,84.0084,0,0,17.64,2.17,cautious,28.10,front,LIDAR_ONLY
0,180.9335,t4048,LIDAR_ONLY,11.8131,11.8131,73.5606,61.7476,61.7476,83.9410,83.9410,0,0,17.64,2.17,cautious,19.87,front,LIDAR_ONLY
0,180.9335,t4048,LIDAR_ONLY,11.8727,11.8727,73.5606,61.6879,61.6879,83.8599,83.8599,0,0,17.64,2.17,cautious,20.42,front,LIDAR_ONLY
0,180.9335,t4043,LIDAR_ONLY,18.8026,18.8026,8.2495,10.5531,10.5531,127.9237,127.9237,0,0,17.64,2.17,drive,-29.68,front,LIDAR_ONLY
0,181.0158,cam_1,CAM_ONLY,16.6682,,16.5509,0.1173,,0.7088,,1,,17.11,15.14,warning,4.56,,CAMERA_ONLY
0,181.0825,cam_1,CAM_ONLY,16.5512,,16.5509,0.0003,,0.0020,,1,,12.94,2.55,warning,4.56,,CAMERA_ONLY
0,181.0825,t4043,LIDAR_ONLY,18.6773,18.6773,11.4491,7.2282,7.2282,63.1331,63.1331,0,0,12.94,2.55,drive,-29.17,front,LIDAR_ONLY
0,181.0825,t4043,LIDAR_ONLY,16.0128,16.0128,11.4491,4.5637,4.5637,39.8608,39.8608,0,0,12.94,2.55,drive,-25.26,front,LIDAR_ONLY
0,181.1677,cam_1,CAM_ONLY,16.6777,,16.5509,0.1268,,0.7660,,1,,15.61,12.93,warning,4.56,,CAMERA_ONLY
0,181.2347,cam_1,CAM_ONLY,17.1416,,16.5509,0.5907,,3.5692,,1,,13.68,5.26,warning,4.47,,CAMERA_ONLY
0,181.2941,t4061,BOTH,16.9668,16.8053,16.5509,0.4159,0.2545,2.5130,1.5374,1,1,10.92,4.66,warning,4.56,,FULL_ANGLE
0,181.2941,t4060,LIDAR_ONLY,15.9099,15.9099,73.5606,57.6507,57.6507,78.3717,78.3717,0,0,10.92,4.66,drive,21.69,front,LIDAR_ONLY
0,181.2941,t4060,LIDAR_ONLY,16.0401,16.0401,73.5606,57.5205,57.5205,78.1947,78.1947,0,0,10.92,4.66,drive,19.39,front,LIDAR_ONLY
0,181.3681,cam_1,CAM_ONLY,16.9919,,16.5509,0.4410,,2.6647,,1,,18.49,5.35,warning,4.56,,CAMERA_ONLY
0,181.4364,t4061,BOTH,17.1362,16.8520,16.5509,0.5853,0.3011,3.5364,1.8195,1,1,12.30,1.39,warning,4.56,,FULL_ANGLE
0,181.4364,t4064,LIDAR_ONLY,27.5243,27.5243,,,,,,,,12.30,1.39,drive,-29.01,front,LIDAR_ONLY
0,181.4364,t4060,LIDAR_ONLY,16.2051,16.2051,73.5606,57.3556,57.3556,77.9705,77.9705,0,0,12.30,1.39,drive,20.67,front,LIDAR_ONLY
0,181.4364,t4060,LIDAR_ONLY,16.0429,16.0429,73.5606,57.5178,57.5178,78.1910,78.1910,0,0,12.30,1.39,drive,23.09,front,LIDAR_ONLY
0,181.4364,t4060,LIDAR_ONLY,16.0377,16.0377,73.5606,57.5230,57.5230,78.1980,78.1980,0,0,12.30,1.39,drive,21.81,front,LIDAR_ONLY
0,181.4364,t4065,LIDAR_ONLY,20.3824,20.3824,19.4624,0.9200,0.9200,4.7270,4.7270,1,1,12.30,1.39,drive,-14.53,front,LIDAR_ONLY
0,181.4364,t4061,LIDAR_ONLY,16.8656,16.8656,16.5509,0.3148,0.3148,1.9018,1.9018,1,1,12.30,1.39,drive,4.27,front,LIDAR_ONLY
0,181.5129,cam_1,CAM_ONLY,17.6152,,16.5509,1.0644,,6.4310,,0,,16.82,6.82,warning,4.47,,CAMERA_ONLY
0,181.5893,t4061,BOTH,17.4957,16.8666,16.5509,0.9448,0.3157,5.7084,1.9075,1,1,17.18,1.62,warning,4.47,,FULL_ANGLE
0,181.5893,t4064,LIDAR_ONLY,27.5088,27.5088,,,,,,,,17.18,1.62,drive,-29.22,front,LIDAR_ONLY
0,181.5893,t4065,LIDAR_ONLY,20.6496,20.6496,23.1238,2.4741,2.4741,10.6995,10.6995,0,0,17.18,1.62,drive,-10.64,front,LIDAR_ONLY
0,181.6701,cam_1,CAM_ONLY,17.6873,,16.5509,1.1364,,6.8664,,0,,17.79,15.77,warning,4.42,,CAMERA_ONLY
0,181.7370,t4061,BOTH,17.7017,16.8495,16.5509,1.1508,0.2987,6.9532,1.8045,0,1,13.19,2.37,warning,4.47,,FULL_ANGLE
0,181.7370,t4064,LIDAR_ONLY,27.4751,27.4751,,,,,,,,13.19,2.37,drive,-29.24,front,LIDAR_ONLY
0,181.7370,t4074,LIDAR_ONLY,17.7350,17.7350,73.5606,55.8256,55.8256,75.8906,75.8906,0,0,13.19,2.37,drive,20.28,front,LIDAR_ONLY
0,181.7370,t4074,LIDAR_ONLY,16.9978,16.9978,73.5606,56.5628,56.5628,76.8927,76.8927,0,0,13.19,2.37,drive,21.92,front,LIDAR_ONLY
0,181.8094,cam_1,CAM_ONLY,17.3361,,16.5509,0.7852,,4.7443,,1,,14.82,13.99,warning,4.47,,CAMERA_ONLY
0,181.8846,cam_1,CAM_ONLY,17.8115,,16.5509,1.2606,,7.6165,,0,,15.60,6.61,warning,4.42,,CAMERA_ONLY
0,181.9694,cam_1,CAM_ONLY,17.8921,,16.5509,1.3413,,8.1039,,0,,12.96,18.20,warning,4.42,,CAMERA_ONLY
0,182.0315,cam_1,CAM_ONLY,17.7172,,16.5509,1.1663,,7.0467,,0,,9.90,3.33,warning,4.42,,CAMERA_ONLY
0,182.0315,t4081,LIDAR_ONLY,27.5616,27.5616,,,,,,,,9.90,3.33,drive,-29.08,front,LIDAR_ONLY
0,182.0916,t4086,BOTH,18.2223,16.8504,16.5509,1.6715,0.2996,10.0990,1.8099,0,1,10.09,2.76,warning,4.42,,FULL_ANGLE
0,182.0916,t4085,LIDAR_ONLY,16.9584,16.9584,73.5606,56.6022,56.6022,76.9463,76.9463,0,0,10.09,2.76,drive,20.84,front,LIDAR_ONLY
0,182.1578,cam_1,CAM_ONLY,17.4461,,16.5509,0.8952,,5.4087,,1,,9.41,11.23,warning,4.42,,CAMERA_ONLY
0,182.2232,cam_1,CAM_ONLY,16.8615,,16.5509,0.3106,,1.8769,,1,,12.98,6.04,warning,4.42,,CAMERA_ONLY
0,182.3182,cam_1,CAM_ONLY,16.8329,,16.5509,0.2820,,1.7038,,1,,16.32,14.12,warning,4.42,,CAMERA_ONLY
0,182.3803,cam_1,CAM_ONLY,17.7374,,16.5509,1.1866,,7.1692,,0,,9.38,5.51,warning,4.42,,CAMERA_ONLY
0,182.4690,cam_1,CAM_ONLY,19.0370,,16.5509,2.4861,,15.0211,,0,,23.57,3.59,warning,4.42,,CAMERA_ONLY
0,182.5305,t4096,BOTH,17.8967,16.8339,16.5509,1.3458,0.2831,8.1312,1.7103,0,1,11.26,1.44,warning,4.42,,FULL_ANGLE
0,182.5305,t4095,LIDAR_ONLY,12.3354,12.3354,73.5606,61.2252,61.2252,83.2309,83.2309,0,0,11.26,1.44,cautious,25.81,front,LIDAR_ONLY
0,182.6011,cam_1,CAM_ONLY,16.6737,,16.5509,0.1228,,0.7420,,1,,17.75,7.61,warning,4.42,,CAMERA_ONLY
0,182.6011,t4095,LIDAR_ONLY,12.5569,12.5569,73.5606,61.0037,61.0037,82.9298,82.9298,0,0,17.75,7.61,cautious,20.44,front,LIDAR_ONLY
0,182.6780,cam_1,CAM_ONLY,16.5805,,16.5509,0.0297,,0.1793,,1,,12.82,6.24,warning,4.47,,CAMERA_ONLY
0,182.7617,cam_1,CAM_ONLY,16.5154,,16.5509,0.0355,,0.2145,,1,,15.01,13.94,warning,4.56,,CAMERA_ONLY
0,182.8324,cam_1,CAM_ONLY,16.6264,,16.5509,0.0756,,0.4567,,1,,18.93,4.23,warning,4.56,,CAMERA_ONLY
0,182.8324,t4104,LIDAR_ONLY,27.5704,27.5704,,,,,,,,18.93,4.23,drive,-29.05,front,LIDAR_ONLY
0,182.9104,cam_1,CAM_ONLY,16.4426,,16.5509,0.1082,,0.6539,,1,,16.29,14.36,warning,4.56,,CAMERA_ONLY
0,182.9104,t4109,LIDAR_ONLY,17.4180,17.4180,73.5606,56.1426,56.1426,76.3216,76.3216,0,0,16.29,14.36,drive,20.50,front,LIDAR_ONLY
0,182.9848,t4110,BOTH,17.4972,17.5583,16.5509,0.9463,1.0074,5.7175,6.0868,1,0,14.72,1.60,warning,4.56,,FULL_ANGLE
0,182.9848,t4104,LIDAR_ONLY,27.5407,27.5407,,,,,,,,14.72,1.60,drive,-29.11,front,LIDAR_ONLY
0,182.9848,t4110,LIDAR_ONLY,17.0038,17.0038,16.5509,0.4529,0.4529,2.7364,2.7364,1,1,14.72,1.60,drive,3.65,front,LIDAR_ONLY
0,183.0637,cam_1,CAM_ONLY,17.0323,,16.5509,0.4814,,2.9087,,1,,17.18,15.87,warning,4.51,,CAMERA_ONLY
0,183.1306,cam_1,CAM_ONLY,17.5749,,16.5509,1.0241,,6.1874,,0,,11.86,2.54,warning,4.56,,CAMERA_ONLY
0,183.1306,t4104,LIDAR_ONLY,27.5306,27.5306,,,,,,,,11.86,2.54,drive,-29.11,front,LIDAR_ONLY
0,183.2106,cam_1,CAM_ONLY,18.4999,,16.5509,1.9491,,11.7762,,0,,13.30,16.33,warning,4.51,,CAMERA_ONLY
0,183.2904,t4116,BOTH,19.3082,16.7833,16.5509,2.7574,0.2324,16.6600,1.4044,0,1,15.13,2.73,warning,4.51,,FULL_ANGLE
0,183.2904,t4104,LIDAR_ONLY,27.5285,27.5285,,,,,,,,15.13,2.73,drive,-28.95,front,LIDAR_ONLY
0,183.2904,t4115,LIDAR_ONLY,18.2403,18.2403,73.5606,55.3203,55.3203,75.2038,75.2038,0,0,15.13,2.73,drive,19.94,front,LIDAR_ONLY
0,183.2904,t4115,LIDAR_ONLY,17.3607,17.3607,73.5606,56.1999,56.1999,76.3995,76.3995,0,0,15.13,2.73,drive,21.45,front,LIDAR_ONLY
0,183.3557,cam_1,CAM_ONLY,18.8471,,16.5509,2.2963,,13.8739,,0,,9.41,8.92,warning,4.51,,CAMERA_ONLY
0,183.4185,cam_1,CAM_ONLY,17.9631,,16.5509,1.4123,,8.5328,,0,,11.19,2.16,warning,4.56,,CAMERA_ONLY
0,183.4811,cam_1,CAM_ONLY,17.7251,,16.5509,1.1743,,7.0948,,0,,16.03,2.56,warning,4.51,,CAMERA_ONLY
0,183.4811,t4104,LIDAR_ONLY,27.5252,27.5252,,,,,,,,16.03,2.56,drive,-29.13,front,LIDAR_ONLY
0,183.5552,cam_1,CAM_ONLY,17.5200,,16.5509,0.9691,,5.8553,,1,,16.44,11.36,warning,4.51,,CAMERA_ONLY
0,183.5552,t4123,LIDAR_ONLY,18.0434,18.0434,73.5606,55.5172,55.5172,75.4713,75.4713,0,0,16.44,11.36,drive,20.07,front,LIDAR_ONLY
0,183.6167,cam_1,CAM_ONLY,17.0053,,16.5509,0.4545,,2.7458,,1,,9.67,3.63,warning,4.47,,CAMERA_ONLY
0,183.6799,cam_1,CAM_ONLY,16.8875,,16.5509,0.3366,,2.0340,,1,,16.54,3.91,warning,4.47,,CAMERA_ONLY
0,183.6799,t4104,LIDAR_ONLY,27.5094,27.5094,,,,,,,,16.54,3.91,drive,-29.14,front,LIDAR_ONLY
0,183.7592,cam_1,CAM_ONLY,16.8855,,16.5509,0.3346,,2.0217,,1,,17.08,14.62,warning,4.47,,CAMERA_ONLY
0,183.8346,cam_1,CAM_ONLY,16.5130,,16.5509,0.0379,,0.2291,,1,,17.21,7.24,warning,4.56,,CAMERA_ONLY
0,183.9169,cam_1,CAM_ONLY,17.3713,,16.5509,0.8204,,4.9570,,1,,12.59,10.75,warning,4.51,,CAMERA_ONLY
0,183.9821,cam_1,CAM_ONLY,17.2750,,16.5509,0.7242,,4.3754,,1,,11.28,1.60,warning,4.51,,CAMERA_ONLY
0,183.9821,t4131,LIDAR_ONLY,27.5311,27.5311,,,,,,,,11.28,1.60,drive,-29.19,front,LIDAR_ONLY
0,184.0411,t4135,BOTH,17.2947,16.7968,16.5509,0.7438,0.2459,4.4942,1.4860,1,1,10.34,2.60,warning,4.56,,FULL_ANGLE
0,184.1174,cam_1,CAM_ONLY,16.8549,,16.5509,0.3041,,1.8371,,1,,17.18,4.37,warning,4.47,,CAMERA_ONLY
0,184.1844,cam_1,CAM_ONLY,17.5987,,16.5509,1.0478,,6.3310,,0,,18.10,3.61,warning,4.51,,CAMERA_ONLY
0,184.1844,t4131,LIDAR_ONLY,27.5165,27.5165,,,,,,,,18.10,3.61,drive,-29.15,front,LIDAR_ONLY
0,184.2605,cam_1,CAM_ONLY,16.9947,,16.5509,0.4438,,2.6813,,1,,10.59,12.15,warning,4.47,,CAMERA_ONLY
0,184.3275,cam_1,CAM_ONLY,17.5367,,16.5509,0.9859,,5.9565,,1,,16.25,5.82,warning,4.51,,CAMERA_ONLY
0,184.3885,t4144,BOTH,17.6638,16.8302,16.5509,1.1129,0.2794,6.7243,1.6879,0,1,12.78,3.02,warning,4.56,,FULL_ANGLE
0,184.3885,t4143,LIDAR_ONLY,16.4952,16.4952,73.5606,57.0654,57.0654,77.5761,77.5761,0,0,12.78,3.02,drive,21.20,front,LIDAR_ONLY
0,184.4592,cam_1,CAM_ONLY,17.2128,,16.5509,0.6620,,3.9995,,1,,9.74,11.07,warning,4.47,,CAMERA_ONLY
0,184.5277,cam_1,CAM_ONLY,17.0587,,16.5509,0.5078,,3.0682,,1,,16.32,6.17,warning,4.47,,CAMERA_ONLY
0,184.5997,cam_1,CAM_ONLY,17.4707,,16.5509,0.9198,,5.5576,,1,,12.61,8.62,warning,4.56,,CAMERA_ONLY
0,184.5997,t4143,LIDAR_ONLY,16.6009,16.6009,73.5606,56.9598,56.9598,77.4324,77.4324,0,0,12.61,8.62,drive,20.59,front,LIDAR_ONLY
0,184.5997,t4143,LIDAR_ONLY,16.5770,16.5770,73.5606,56.9836,56.9836,77.4648,77.4648,0,0,12.61,8.62,drive,22.95,front,LIDAR_ONLY
0,184.6756,cam_1,CAM_ONLY,16.9515,,16.5509,0.4007,,2.4208,,1,,12.69,5.17,warning,4.47,,CAMERA_ONLY
0,184.7320,cam_1,CAM_ONLY,17.4491,,16.5509,0.8982,,5.4270,,1,,9.84,5.52,warning,4.51,,CAMERA_ONLY
0,184.8116,cam_1,CAM_ONLY,17.1595,,16.5509,0.6086,,3.6771,,1,,15.02,14.84,warning,4.47,,CAMERA_ONLY
0,184.8812,cam_1,CAM_ONLY,17.0685,,16.5509,0.5176,,3.1275,,1,,13.66,3.94,warning,4.47,,CAMERA_ONLY
0,184.8812,t4154,LIDAR_ONLY,27.4816,27.4816,,,,,,,,13.66,3.94,drive,-29.07,front,LIDAR_ONLY
0,184.9661,cam_1,CAM_ONLY,17.0780,,16.5509,0.5272,,3.1851,,1,,14.28,15.48,warning,4.47,,CAMERA_ONLY
0,185.0303,cam_1,CAM_ONLY,16.8888,,16.5509,0.3379,,2.0419,,1,,9.63,5.62,warning,4.47,,CAMERA_ONLY
0,185.0904,t4162,BOTH,17.3890,16.7981,16.5509,0.8382,0.2472,5.0643,1.4938,1,1,9.79,2.29,warning,4.51,,FULL_ANGLE
0,185.0904,t4161,LIDAR_ONLY,18.0884,18.0884,73.5606,55.4722,55.4722,75.4101,75.4101,0,0,9.79,2.29,drive,20.04,front,LIDAR_ONLY
0,185.1579,cam_1,CAM_ONLY,17.1350,,16.5509,0.5842,,3.5296,,1,,10.85,11.03,warning,4.47,,CAMERA_ONLY
0,185.2156,cam_1,CAM_ONLY,16.8658,,16.5509,0.3150,,1.9031,,1,,10.31,3.72,warning,4.47,,CAMERA_ONLY
0,185.2838,t4162,BOTH,16.9028,16.8004,16.5509,0.3519,0.2496,2.1263,1.5078,1,1,13.74,1.25,warning,4.47,,FULL_ANGLE
0,185.2838,t4164,LIDAR_ONLY,27.5739,27.5739,,,,,,,,13.74,1.25,drive,-29.04,front,LIDAR_ONLY
0,185.3607,cam_1,CAM_ONLY,16.8525,,16.5509,0.3016,,1.8225,,1,,15.08,14.96,warning,4.47,,CAMERA_ONLY
0,185.4535,cam_1,CAM_ONLY,17.1693,,16.5509,0.6184,,3.7364,,1,,20.28,10.50,warning,4.47,,CAMERA_ONLY
0,185.4535,t4169,LIDAR_ONLY,17.3625,17.3625,73.5606,56.1981,56.1981,76.3970,76.3970,0,0,20.28,10.50,drive,20.54,front,LIDAR_ONLY
0,185.5361,cam_1,CAM_ONLY,17.4651,,16.5509,0.9143,,5.5240,,1,,14.88,8.19,warning,4.51,,CAMERA_ONLY
0,185.6107,cam_1,CAM_ONLY,17.4713,,16.5509,0.9204,,5.5613,,1,,12.68,15.01,warning,4.51,,CAMERA_ONLY
0,185.6770,cam_1,CAM_ONLY,17.3996,,16.5509,0.8487,,5.1281,,1,,15.38,5.00,warning,4.56,,CAMERA_ONLY
0,185.7454,t4178,BOTH,17.5921,16.8102,16.5509,1.0412,0.2593,6.2911,1.5666,0,1,19.23,5.04,warning,4.51,,FULL_ANGLE
0,185.7454,t4177,LIDAR_ONLY,16.3099,16.3099,73.5606,57.2508,57.2508,77.8280,77.8280,0,0,19.23,5.04,drive,21.35,front,LIDAR_ONLY
0,185.8157,cam_1,CAM_ONLY,17.5253,,16.5509,0.9745,,5.8878,,1,,10.33,12.13,warning,4.51,,CAMERA_ONLY
0,185.8808,cam_1,CAM_ONLY,17.3347,,16.5509,0.7838,,4.7359,,1,,12.64,5.12,warning,4.51,,CAMERA_ONLY
0,185.8808,t4180,LIDAR_ONLY,27.4894,27.4894,,,,,,,,12.64,5.12,drive,-29.17,front,LIDAR_ONLY
0,185.9520,cam_1,CAM_ONLY,17.3305,,16.5509,0.7796,,4.7103,,1,,14.63,8.32,warning,4.51,,CAMERA_ONLY
0,185.9520,t4177,LIDAR_ONLY,16.4162,16.4162,73.5606,57.1444,57.1444,77.6834,77.6834,0,0,14.63,8.32,drive,20.48,front,LIDAR_ONLY
0,186.0138,cam_1,CAM_ONLY,16.6636,,16.5509,0.1127,,0.6812,,1,,13.97,3.81,warning,4.47,,CAMERA_ONLY
0,186.1200,cam_1,CAM_ONLY,17.0115,,16.5509,0.4606,,2.7832,,1,,18.10,3.58,warning,4.47,,CAMERA_ONLY
0,186.1817,t4190,BOTH,17.5339,16.7662,16.5509,0.9830,0.2153,5.9394,1.3011,1,1,16.52,1.94,warning,4.51,,FULL_ANGLE
0,186.1817,t4187,LIDAR_ONLY,27.4479,27.4479,,,,,,,,16.52,1.94,drive,-29.11,front,LIDAR_ONLY
0,186.2640,cam_1,CAM_ONLY,17.4995,,16.5509,0.9487,,5.7319,,1,,19.49,9.88,warning,4.51,,CAMERA_ONLY
0,186.3316,cam_1,CAM_ONLY,17.5060,,16.5509,0.9551,,5.7707,,1,,18.19,5.46,warning,4.51,,CAMERA_ONLY
0,186.4173,cam_1,CAM_ONLY,16.7507,,16.5509,0.1999,,1.2077,,1,,21.89,4.89,warning,4.56,,CAMERA_ONLY
0,186.4881,t4197,BOTH,16.9812,16.7845,16.5509,0.4304,0.2337,2.6002,1.4119,1,1,11.54,2.19,warning,4.47,,FULL_ANGLE
0,186.4881,t4196,LIDAR_ONLY,17.5542,17.5542,73.5606,56.0064,56.0064,76.1364,76.1364,0,0,11.54,2.19,drive,20.40,front,LIDAR_ONLY
0,186.4881,t4196,LIDAR_ONLY,17.2744,17.2744,73.5606,56.2862,56.2862,76.5168,76.5168,0,0,11.54,2.19,drive,22.35,front,LIDAR_ONLY
0,186.5537,cam_1,CAM_ONLY,17.5702,,16.5509,1.0194,,6.1590,,0,,11.14,9.06,warning,4.51,,CAMERA_ONLY
0,186.6251,cam_1,CAM_ONLY,16.8971,,16.5509,0.3462,,2.0920,,1,,15.58,9.98,warning,4.47,,CAMERA_ONLY
0,186.6820,cam_1,CAM_ONLY,16.9574,,16.5509,0.4065,,2.4560,,1,,9.61,1.85,warning,4.47,,CAMERA_ONLY
0,186.6820,t4202,LIDAR_ONLY,27.4829,27.4829,,,,,,,,9.61,1.85,drive,-29.18,front,LIDAR_ONLY
0,186.7604,cam_1,CAM_ONLY,16.9098,,16.5509,0.3590,,2.1688,,1,,14.70,15.59,warning,4.47,,CAMERA_ONLY
0,186.8358,t4208,BOTH,17.3857,16.7839,16.5509,0.8349,0.2331,5.0442,1.4083,1,1,20.38,2.51,warning,4.51,,FULL_ANGLE
0,186.8358,t4202,LIDAR_ONLY,27.4768,27.4768,,,,,,,,20.38,2.51,drive,-29.08,front,LIDAR_ONLY
0,186.8358,t4206,LIDAR_ONLY,12.2699,12.2699,73.5606,61.2907,61.2907,83.3200,83.3200,0,0,20.38,2.51,cautious,25.77,front,LIDAR_ONLY
0,186.8358,t4206,LIDAR_ONLY,12.4303,12.4303,73.5606,61.1303,61.1303,83.1020,83.1020,0,0,20.38,2.51,cautious,21.37,front,LIDAR_ONLY
0,186.9220,cam_1,CAM_ONLY,17.3774,,16.5509,0.8265,,4.9940,,1,,20.61,19.80,warning,4.56,,CAMERA_ONLY
0,186.9895,t4208,BOTH,17.6453,16.7965,16.5509,1.0945,0.2457,6.6128,1.4843,0,1,16.85,1.93,warning,4.51,,FULL_ANGLE
0,186.9895,t4206,LIDAR_ONLY,11.1060,11.1060,73.5606,62.4546,62.4546,84.9022,84.9022,0,0,16.85,1.93,cautious,29.54,front,LIDAR_ONLY
0,186.9895,t4206,LIDAR_ONLY,11.1837,11.1837,73.5606,62.3769,62.3769,84.7966,84.7966,0,0,16.85,1.93,cautious,19.86,front,LIDAR_ONLY
0,187.0709,cam_1,CAM_ONLY,17.2220,,16.5509,0.6711,,4.0550,,1,,22.76,8.11,warning,4.47,,CAMERA_ONLY
0,187.1511,t4208,BOTH,17.2106,16.8093,16.5509,0.6597,0.2585,3.9861,1.5617,1,1,17.82,9.08,warning,4.47,,FULL_ANGLE
0,187.1511,t4206,LIDAR_ONLY,11.3030,11.3030,73.5606,62.2577,62.2577,84.6345,84.6345,0,0,17.82,9.08,cautious,20.69,front,LIDAR_ONLY
0,187.2332,t4208,BOTH,17.4035,16.8157,16.5509,0.8526,0.2649,5.1515,1.6004,1,1,19.25,1.69,warning,4.51,,FULL_ANGLE
0,187.2332,t4214,LIDAR_ONLY,27.5193,27.5193,,,,,,,,19.25,1.69,drive,-29.00,front,LIDAR_ONLY
0,187.2332,t4206,LIDAR_ONLY,11.5247,11.5247,73.5606,62.0359,62.0359,84.3330,84.3330,0,0,19.25,1.69,cautious,21.18,front,LIDAR_ONLY
0,187.2912,t4208,BOTH,16.7953,16.8191,16.5509,0.2444,0.2682,1.4766,1.6207,1,1,9.40,2.32,warning,4.56,,FULL_ANGLE
0,187.3662,cam_1,CAM_ONLY,17.5196,,16.5509,0.9687,,5.8529,,1,,13.03,14.06,warning,4.51,,CAMERA_ONLY
0,187.4309,cam_1,CAM_ONLY,17.5836,,16.5509,1.0327,,6.2397,,0,,12.75,4.98,warning,4.51,,CAMERA_ONLY
0,187.5161,cam_1,CAM_ONLY,16.7868,,16.5509,0.2359,,1.4253,,1,,17.08,18.72,warning,4.47,,CAMERA_ONLY
0,187.5765,cam_1,CAM_ONLY,16.9635,,16.5509,0.4126,,2.4932,,1,,9.11,4.00,warning,4.47,,CAMERA_ONLY
0,187.6533,cam_1,CAM_ONLY,17.0109,,16.5509,0.4600,,2.7796,,1,,15.54,11.28,warning,4.47,,CAMERA_ONLY
0,187.7265,cam_1,CAM_ONLY,17.7825,,16.5509,1.2317,,7.4417,,0,,10.15,5.87,warning,4.47,,CAMERA_ONLY
0,187.8145,cam_1,CAM_ONLY,16.8948,,16.5509,0.3440,,2.0782,,1,,11.19,15.29,warning,4.56,,CAMERA_ONLY
0,187.8951,t4230,BOTH,17.3890,16.8267,16.5509,0.8382,0.2758,5.0643,1.6665,1,1,20.99,6.86,warning,4.51,,FULL_ANGLE
0,187.8951,t4229,LIDAR_ONLY,17.8246,17.8246,73.5606,55.7360,55.7360,75.7688,75.7688,0,0,20.99,6.86,drive,20.21,front,LIDAR_ONLY
0,187.8951,t4229,LIDAR_ONLY,16.4246,16.4246,73.5606,57.1360,57.1360,77.6720,77.6720,0,0,20.99,6.86,drive,21.99,front,LIDAR_ONLY
0,187.9684,cam_1,CAM_ONLY,16.7649,,16.5509,0.2140,,1.2933,,1,,8.78,16.41,warning,4.56,,CAMERA_ONLY
0,188.0629,cam_1,CAM_ONLY,17.5191,,16.5509,0.9683,,5.8502,,1,,23.56,17.23,warning,4.51,,CAMERA_ONLY
0,188.1338,cam_1,CAM_ONLY,16.9008,,16.5509,0.3499,,2.1142,,1,,13.61,7.31,warning,4.47,,CAMERA_ONLY
0,188.2177,cam_1,CAM_ONLY,16.7547,,16.5509,0.2038,,1.2313,,1,,18.00,9.39,warning,4.47,,CAMERA_ONLY
0,188.2786,cam_1,CAM_ONLY,16.8423,,16.5509,0.2915,,1.7611,,1,,9.68,5.55,warning,4.47,,CAMERA_ONLY
0,188.3493,cam_1,CAM_ONLY,17.4427,,16.5509,0.8918,,5.3885,,1,,12.66,9.43,warning,4.51,,CAMERA_ONLY
0,188.3493,t4241,LIDAR_ONLY,17.4932,17.4932,73.5606,56.0674,56.0674,76.2193,76.2193,0,0,12.66,9.43,drive,20.44,front,LIDAR_ONLY
0,188.4141,cam_1,CAM_ONLY,16.9763,,16.5509,0.4255,,2.5707,,1,,9.87,9.05,warning,4.47,,CAMERA_ONLY
0,188.4797,cam_1,CAM_ONLY,17.0855,,16.5509,0.5346,,3.2303,,1,,14.64,6.51,warning,4.47,,CAMERA_ONLY
0,188.5673,cam_1,CAM_ONLY,17.4816,,16.5509,0.9308,,5.6236,,1,,22.56,8.38,warning,4.51,,CAMERA_ONLY
0,188.6411,cam_1,CAM_ONLY,16.9756,,16.5509,0.4248,,2.5663,,1,,9.41,2.61,warning,4.47,,CAMERA_ONLY
0,188.6411,t4245,LIDAR_ONLY,27.4910,27.4910,,,,,,,,9.41,2.61,drive,-29.09,front,LIDAR_ONLY
0,188.7149,cam_1,CAM_ONLY,17.5177,,16.5509,0.9668,,5.8416,,1,,18.06,11.69,warning,4.51,,CAMERA_ONLY
0,188.7959,t4250,BOTH,16.7381,16.8700,16.5509,0.1872,0.3191,1.1310,1.9282,1,1,18.25,4.07,warning,4.47,,FULL_ANGLE
0,188.7959,t4249,LIDAR_ONLY,18.7253,18.7253,73.5606,54.8354,54.8354,74.5444,74.5444,0,0,18.25,4.07,drive,19.63,front,LIDAR_ONLY
0,188.7959,t4249,LIDAR_ONLY,17.9281,17.9281,73.5606,55.6325,55.6325,75.6282,75.6282,0,0,18.25,4.07,drive,20.75,front,LIDAR_ONLY
0,188.8690,cam_1,CAM_ONLY,16.8533,,16.5509,0.3024,,1.8272,,1,,17.44,3.58,warning,4.47,,CAMERA_ONLY
0,188.9377,t4250,BOTH,16.8222,16.8210,16.5509,0.2714,0.2702,1.6396,1.6323,1,1,17.39,2.00,warning,4.47,,FULL_ANGLE
0,188.9377,t4249,LIDAR_ONLY,11.0086,11.0086,,,,,,,,17.39,2.00,cautious,29.34,front,LIDAR_ONLY
0,189.0165,cam_1,CAM_ONLY,17.0155,,16.5509,0.4646,,2.8071,,1,,19.31,15.56,warning,4.47,,CAMERA_ONLY
0,189.0851,cam_1,CAM_ONLY,16.8117,,16.5509,0.2608,,1.5757,,1,,18.48,3.85,warning,4.47,,CAMERA_ONLY
0,189.0851,t4256,LIDAR_ONLY,27.5480,27.5480,,,,,,,,18.48,3.85,drive,-29.05,front,LIDAR_ONLY
0,189.1651,cam_1,CAM_ONLY,16.8675,,16.5509,0.3167,,1.9133,,1,,19.02,10.25,warning,4.47,,CAMERA_ONLY
0,189.2370,cam_1,CAM_ONLY,16.7943,,16.5509,0.2434,,1.4707,,1,,17.82,5.49,warning,4.47,,CAMERA_ONLY
0,189.2370,t4256,LIDAR_ONLY,27.5307,27.5307,,,,,,,,17.82,5.49,drive,-28.98,front,LIDAR_ONLY
0,189.3218,cam_1,CAM_ONLY,17.1696,,16.5509,0.6187,,3.7382,,1,,12.87,3.96,warning,4.47,,CAMERA_ONLY
0,189.3960,t4264,BOTH,16.8840,16.7823,16.5509,0.3331,0.2314,2.0127,1.3981,1,1,16.79,5.68,warning,4.47,,FULL_ANGLE
0,189.3960,t4256,LIDAR_ONLY,27.5336,27.5336,,,,,,,,16.79,5.68,drive,-29.15,front,LIDAR_ONLY
0,189.4678,cam_1,CAM_ONLY,17.3408,,16.5509,0.7899,,4.7728,,1,,13.47,2.67,warning,4.51,,CAMERA_ONLY
0,189.5315,cam_1,CAM_ONLY,16.7384,,16.5509,0.1876,,1.1333,,1,,11.26,1.81,warning,4.47,,CAMERA_ONLY
0,189.5315,t4256,LIDAR_ONLY,27.5311,27.5311,,,,,,,,11.26,1.81,drive,-29.16,front,LIDAR_ONLY
0,189.6058,cam_1,CAM_ONLY,17.5145,,16.5509,0.9636,,5.8222,,1,,13.09,12.69,warning,4.51,,CAMERA_ONLY
0,189.6756,cam_1,CAM_ONLY,16.9123,,16.5509,0.3615,,2.1840,,1,,14.64,5.05,warning,4.47,,CAMERA_ONLY
0,189.7621,cam_1,CAM_ONLY,17.5415,,16.5509,0.9907,,5.9857,,1,,15.70,17.01,warning,4.51,,CAMERA_ONLY
0,189.8602,cam_1,CAM_ONLY,16.7812,,16.5509,0.2304,,1.3918,,1,,9.99,14.08,warning,4.56,,CAMERA_ONLY
0,189.9245,cam_1,CAM_ONLY,17.5692,,16.5509,1.0183,,6.1528,,0,,14.04,5.34,warning,4.51,,CAMERA_ONLY
0,190.0159,cam_1,CAM_ONLY,17.1753,,16.5509,0.6244,,3.7728,,1,,18.15,15.99,warning,4.47,,CAMERA_ONLY
0,190.0873,t4280,BOTH,16.9346,16.8224,16.5509,0.3837,0.2715,2.3184,1.6407,1,1,15.44,1.48,warning,4.47,,FULL_ANGLE
0,190.0873,t4277,LIDAR_ONLY,27.5344,27.5344,36.3576,8.8232,8.8232,24.2678,24.2678,0,0,15.44,1.48,drive,-28.93,front,LIDAR_ONLY
0,190.0873,t4278,LIDAR_ONLY,12.9561,12.9561,73.5606,60.6046,60.6046,82.3872,82.3872,0,0,15.44,1.48,cautious,24.82,front,LIDAR_ONLY
0,190.0873,t4278,LIDAR_ONLY,13.3722,13.3722,73.5606,60.1884,60.1884,81.8215,81.8215,0,0,15.44,1.48,cautious,20.60,front,LIDAR_ONLY
0,190.1781,cam_1,CAM_ONLY,16.8856,,16.5509,0.3347,,2.0223,,1,,23.66,6.32,warning,4.47,,CAMERA_ONLY
0,190.2523,cam_1,CAM_ONLY,17.4172,,16.5509,0.8664,,5.2346,,1,,12.10,10.35,warning,4.51,,CAMERA_ONLY
0,190.3189,cam_1,CAM_ONLY,17.5272,,16.5509,0.9763,,5.8991,,1,,13.21,3.16,warning,4.51,,CAMERA_ONLY
0,190.3802,cam_1,CAM_ONLY,17.1224,,16.5509,0.5715,,3.4532,,1,,11.66,5.18,warning,4.47,,CAMERA_ONLY
0,190.4652,cam_1,CAM_ONLY,16.8455,,16.5509,0.2946,,1.7802,,1,,13.85,15.51,warning,4.56,,CAMERA_ONLY
0,190.5654,cam_1,CAM_ONLY,17.0449,,16.5509,0.4941,,2.9851,,1,,15.81,15.67,warning,4.47,,CAMERA_ONLY
0,190.6337,cam_1,CAM_ONLY,17.4948,,16.5509,0.9439,,5.7031,,1,,8.88,5.86,warning,4.51,,CAMERA_ONLY
0,190.7084,cam_1,CAM_ONLY,16.9465,,16.5509,0.3957,,2.3906,,1,,13.25,10.81,warning,4.47,,CAMERA_ONLY
0,190.7822,cam_1,CAM_ONLY,16.8221,,16.5509,0.2713,,1.6391,,1,,12.48,2.28,warning,4.47,,CAMERA_ONLY
0,190.7822,t4295,LIDAR_ONLY,27.5472,27.5472,,,,,,,,12.48,2.28,drive,-28.95,front,LIDAR_ONLY
0,190.8436,t4299,BOTH,17.5540,16.8070,16.5509,1.0031,0.2562,6.0608,1.5478,0,1,9.22,3.33,warning,4.51,,FULL_ANGLE
0,190.8436,t4298,LIDAR_ONLY,17.3219,17.3219,73.5606,56.2387,56.2387,76.4522,76.4522,0,0,9.22,3.33,drive,20.57,front,LIDAR_ONLY
0,190.8436,t4298,LIDAR_ONLY,15.8043,15.8043,73.5606,57.7563,57.7563,78.5152,78.5152,0,0,9.22,3.33,drive,22.26,front,LIDAR_ONLY
0,190.9125,cam_1,CAM_ONLY,17.4653,,16.5509,0.9144,,5.5250,,1,,11.89,4.17,warning,4.51,,CAMERA_ONLY
0,190.9800,cam_1,CAM_ONLY,16.8157,,16.5509,0.2649,,1.6004,,1,,17.03,2.44,warning,4.56,,CAMERA_ONLY
0,190.9800,t4295,LIDAR_ONLY,27.5259,27.5259,,,,,,,,17.03,2.44,drive,-29.10,front,LIDAR_ONLY
0,191.0375,t4299,BOTH,17.2183,16.8124,16.5509,0.6674,0.2615,4.0325,1.5799,1,1,9.93,1.42,warning,4.47,,FULL_ANGLE
0,191.0375,t4295,LIDAR_ONLY,27.5283,27.5283,,,,,,,,9.93,1.42,drive,-28.95,front,LIDAR_ONLY
0,191.0375,t4298,LIDAR_ONLY,13.4432,13.4432,73.5606,60.1175,60.1175,81.7251,81.7251,0,0,9.93,1.42,cautious,25.27,front,LIDAR_ONLY
0,191.0375,t4298,LIDAR_ONLY,13.5493,13.5493,73.5606,60.0114,60.0114,81.5808,81.5808,0,0,9.93,1.42,cautious,19.58,front,LIDAR_ONLY
0,191.0375,t4298,LIDAR_ONLY,13.6913,13.6913,73.5606,59.8693,59.8693,81.3877,81.3877,0,0,9.93,1.42,cautious,20.63,front,LIDAR_ONLY
0,191.1141,cam_1,CAM_ONLY,16.9451,,16.5509,0.3942,,2.3817,,1,,13.58,13.41,warning,4.47,,CAMERA_ONLY
0,191.1775,cam_1,CAM_ONLY,16.7210,,16.5509,0.1701,,1.0280,,1,,12.12,6.65,warning,4.47,,CAMERA_ONLY
