frame,timestamp_s,obstacle_id,detection_source,cam_dist_m,lidar_dist_m,gt_dist_m,cam_error_m,lidar_error_m,cam_rel_error_pct,lidar_rel_error_pct,cam_within_1m,lidar_within_1m,cam_latency_ms,lidar_latency_ms,danger_level,angle_deg,sector,match_method
0,24.2904,t7,LIDAR_ONLY,11.0568,11.0568,,,,,,,,11.47,1.91,cautious,25.75,front,LIDAR_ONLY
0,24.2904,t8,LIDAR_ONLY,27.3369,27.3369,67.6571,40.3202,40.3202,59.5949,59.5949,0,0,11.47,1.91,drive,10.86,front,LIDAR_ONLY
0,24.2904,t8,LIDAR_ONLY,24.4591,24.4591,67.6571,43.1979,43.1979,63.8484,63.8484,0,0,11.47,1.91,drive,12.70,front,LIDAR_ONLY
0,24.2904,t8,LIDAR_ONLY,22.1345,22.1345,67.6571,45.5225,45.5225,67.2842,67.2842,0,0,11.47,1.91,drive,15.46,front,LIDAR_ONLY
0,24.2904,t8,LIDAR_ONLY,21.3367,21.3367,67.6571,46.3204,46.3204,68.4634,68.4634,0,0,11.47,1.91,drive,15.92,front,LIDAR_ONLY
0,24.2904,t8,LIDAR_ONLY,20.5435,20.5435,67.6571,47.1136,47.1136,69.6358,69.6358,0,0,11.47,1.91,drive,16.38,front,LIDAR_ONLY
0,24.2904,t8,LIDAR_ONLY,19.4796,19.4796,67.6571,48.1775,48.1775,71.2084,71.2084,0,0,11.47,1.91,drive,14.08,front,LIDAR_ONLY
0,24.2904,t8,LIDAR_ONLY,18.5023,18.5023,67.6571,49.1548,49.1548,72.6528,72.6528,0,0,11.47,1.91,drive,15.00,front,LIDAR_ONLY
0,24.2904,t9,LIDAR_ONLY,38.6741,38.6741,,,,,,,,11.47,1.91,drive,-22.57,front,LIDAR_ONLY
0,24.2904,t10,LIDAR_ONLY,42.1074,42.1074,41.8915,0.2159,0.2159,0.5153,0.5153,1,1,11.47,1.91,drive,1.21,front,LIDAR_ONLY
0,24.2904,t9,LIDAR_ONLY,35.3397,35.3397,,,,,,,,11.47,1.91,drive,-28.66,front,LIDAR_ONLY
0,24.4409,t8,LIDAR_ONLY,18.9135,18.9135,,,,,,,,13.09,2.71,drive,12.01,front,LIDAR_ONLY
0,24.4409,t8,LIDAR_ONLY,19.4150,19.4150,,,,,,,,13.09,2.71,drive,13.39,front,LIDAR_ONLY
0,24.4409,t8,LIDAR_ONLY,19.9207,19.9207,,,,,,,,13.09,2.71,drive,14.31,front,LIDAR_ONLY
0,24.4409,t8,LIDAR_ONLY,20.2079,20.2079,,,,,,,,13.09,2.71,drive,14.78,front,LIDAR_ONLY
0,24.4409,t8,LIDAR_ONLY,20.5989,20.5989,,,,,,,,13.09,2.71,drive,12.47,front,LIDAR_ONLY
0,24.4409,t10,LIDAR_ONLY,42.0970,42.0970,41.8915,0.2055,0.2055,0.4905,0.4905,1,1,13.09,2.71,drive,1.40,front,LIDAR_ONLY
0,24.4409,t8,LIDAR_ONLY,20.4880,20.4880,,,,,,,,13.09,2.71,drive,15.24,front,LIDAR_ONLY
0,24.8834,t28,LIDAR_ONLY,30.6245,30.6245,,,,,,,,11.80,2.41,drive,-29.09,front,LIDAR_ONLY
0,25.1002,t34,BOTH,26.9256,20.9344,67.5586,40.6330,46.6242,60.1449,69.0129,0,0,20.04,6.17,safe,2.19,,FULL_ANGLE
0,25.1002,t34,LIDAR_ONLY,25.1877,25.1877,67.5586,42.3709,42.3709,62.7172,62.7172,0,0,20.04,6.17,drive,11.31,front,LIDAR_ONLY
0,25.1002,t34,LIDAR_ONLY,24.3781,24.3781,67.5586,43.1805,43.1805,63.9157,63.9157,0,0,20.04,6.17,drive,12.23,front,LIDAR_ONLY
0,25.1002,t34,LIDAR_ONLY,23.6137,23.6137,67.5586,43.9449,43.9449,65.0470,65.0470,0,0,20.04,6.17,drive,12.69,front,LIDAR_ONLY
0,25.1002,t34,LIDAR_ONLY,23.0142,23.0142,67.5586,44.5444,44.5444,65.9345,65.9345,0,0,20.04,6.17,drive,13.15,front,LIDAR_ONLY
0,25.1002,t34,LIDAR_ONLY,22.2240,22.2240,67.5586,45.3346,45.3346,67.1041,67.1041,0,0,20.04,6.17,drive,15.45,front,LIDAR_ONLY
0,25.1002,t34,LIDAR_ONLY,20.5213,20.5213,67.5586,47.0373,47.0373,69.6245,69.6245,0,0,20.04,6.17,drive,15.91,front,LIDAR_ONLY
0,25.1002,t34,LIDAR_ONLY,21.6235,21.6235,67.5586,45.9351,45.9351,67.9929,67.9929,0,0,20.04,6.17,drive,9.93,front,LIDAR_ONLY
0,25.1002,t34,LIDAR_ONLY,22.5978,22.5978,67.5586,44.9608,44.9608,66.5508,66.5508,0,0,20.04,6.17,drive,10.39,front,LIDAR_ONLY
0,25.1002,t34,LIDAR_ONLY,23.6213,23.6213,67.5586,43.9373,43.9373,65.0358,65.0358,0,0,20.04,6.17,drive,11.77,front,LIDAR_ONLY
0,25.1002,t34,LIDAR_ONLY,24.1930,24.1930,67.5586,43.3656,43.3656,64.1896,64.1896,0,0,20.04,6.17,drive,14.53,front,LIDAR_ONLY
0,25.2786,cam_0,CAM_ONLY,26.9493,,41.3626,14.4133,,34.8462,,0,,11.82,2.78,slowdown,1.48,,CAMERA_ONLY
0,25.3474,t43,BOTH,26.6730,19.5940,67.0246,40.3516,47.4306,60.2041,70.7660,0,0,11.80,3.65,warning,1.34,,FULL_ANGLE
0,25.3474,t43,LIDAR_ONLY,23.8914,23.8914,67.0246,43.1332,43.1332,64.3542,64.3542,0,0,11.80,3.65,drive,11.18,front,LIDAR_ONLY
0,25.3474,t43,LIDAR_ONLY,22.0751,22.0751,67.0246,44.9495,44.9495,67.0642,67.0642,0,0,11.80,3.65,drive,13.03,front,LIDAR_ONLY
0,25.3474,t43,LIDAR_ONLY,20.6009,20.6009,67.0246,46.4238,46.4238,69.2638,69.2638,0,0,11.80,3.65,drive,14.41,front,LIDAR_ONLY
0,25.3474,t43,LIDAR_ONLY,19.9646,19.9646,67.0246,47.0601,47.0601,70.2131,70.2131,0,0,11.80,3.65,drive,14.88,front,LIDAR_ONLY
0,25.3474,t43,LIDAR_ONLY,19.4702,19.4702,67.0246,47.5545,47.5545,70.9507,70.9507,0,0,11.80,3.65,drive,15.34,front,LIDAR_ONLY
0,25.3474,t43,LIDAR_ONLY,19.1051,19.1051,67.0246,47.9196,47.9196,71.4955,71.4955,0,0,11.80,3.65,drive,12.11,front,LIDAR_ONLY
0,25.3474,t43,LIDAR_ONLY,19.1499,19.1499,67.0246,47.8748,47.8748,71.4286,71.4286,0,0,11.80,3.65,drive,12.57,front,LIDAR_ONLY
0,25.4175,cam_0,CAM_ONLY,26.9568,,40.9458,13.9890,,34.1646,,0,,12.54,4.03,warning,1.39,,CAMERA_ONLY
0,25.4894,t43,BOTH,26.7140,20.5352,66.5932,39.8792,46.0580,59.8848,69.1632,0,0,13.34,2.21,warning,1.61,,FULL_ANGLE
0,25.4894,t43,LIDAR_ONLY,20.3788,20.3788,66.5932,46.2144,46.2144,69.3980,69.3980,0,0,13.34,2.21,drive,11.07,front,LIDAR_ONLY
0,25.4894,t43,LIDAR_ONLY,21.1824,21.1824,66.5932,45.4108,45.4108,68.1914,68.1914,0,0,13.34,2.21,drive,12.46,front,LIDAR_ONLY
0,25.4894,t43,LIDAR_ONLY,21.6572,21.6572,66.5932,44.9361,44.9361,67.4784,67.4784,0,0,13.34,2.21,drive,12.92,front,LIDAR_ONLY
0,25.4894,t43,LIDAR_ONLY,21.4774,21.4774,66.5932,45.1159,45.1159,67.7484,67.7484,0,0,13.34,2.21,drive,14.47,front,LIDAR_ONLY
0,25.4894,t43,LIDAR_ONLY,20.4896,20.4896,66.5932,46.1036,46.1036,69.2317,69.2317,0,0,13.34,2.21,drive,15.22,front,LIDAR_ONLY
0,25.4894,t45,LIDAR_ONLY,43.3208,43.3208,40.7473,2.5735,2.5735,6.3157,6.3157,0,0,13.34,2.21,drive,1.15,front,LIDAR_ONLY
0,25.4894,t43,LIDAR_ONLY,20.8137,20.8137,66.5932,45.7796,45.7796,68.7451,68.7451,0,0,13.34,2.21,drive,10.61,front,LIDAR_ONLY
0,25.4894,t43,LIDAR_ONLY,20.9656,20.9656,66.5932,45.6277,45.6277,68.5170,68.5170,0,0,13.34,2.21,drive,13.38,front,LIDAR_ONLY
0,25.4894,t43,LIDAR_ONLY,21.3583,21.3583,66.5932,45.2349,45.2349,67.9272,67.9272,0,0,13.34,2.21,drive,13.84,front,LIDAR_ONLY
0,25.4894,t45,LIDAR_ONLY,41.9039,41.9039,40.7473,1.1566,1.1566,2.8385,2.8385,0,0,13.34,2.21,drive,1.85,front,LIDAR_ONLY
0,25.4894,t46,LIDAR_ONLY,31.3722,31.3722,,,,,,,,13.34,2.21,drive,-29.05,front,LIDAR_ONLY
0,25.6997,t43,LIDAR_ONLY,22.0908,22.0908,,,,,,,,17.74,5.46,drive,11.42,front,LIDAR_ONLY
0,25.6997,t43,LIDAR_ONLY,22.5414,22.5414,,,,,,,,17.74,5.46,drive,11.88,front,LIDAR_ONLY
0,25.6997,t43,LIDAR_ONLY,22.5522,22.5522,,,,,,,,17.74,5.46,drive,13.72,front,LIDAR_ONLY
0,25.6997,t43,LIDAR_ONLY,22.5132,22.5132,,,,,,,,17.74,5.46,drive,15.10,front,LIDAR_ONLY
0,25.6997,t43,LIDAR_ONLY,21.8885,21.8885,,,,,,,,17.74,5.46,drive,15.75,front,LIDAR_ONLY
0,25.6997,t45,LIDAR_ONLY,41.9444,41.9444,40.1245,1.8199,1.8199,4.5356,4.5356,0,0,17.74,5.46,drive,1.74,front,LIDAR_ONLY
0,25.6997,t43,LIDAR_ONLY,21.5411,21.5411,,,,,,,,17.74,5.46,drive,12.34,front,LIDAR_ONLY
0,25.6997,t45,LIDAR_ONLY,41.3429,41.3429,40.1245,1.2184,1.2184,3.0364,3.0364,0,0,17.74,5.46,drive,2.37,front,LIDAR_ONLY
0,25.6997,t43,LIDAR_ONLY,19.8490,19.8490,,,,,,,,17.74,5.46,drive,16.48,front,LIDAR_ONLY
0,25.8292,t57,LIDAR_ONLY,30.6194,30.6194,,,,,,,,14.42,2.88,drive,-28.74,front,LIDAR_ONLY
0,25.8986,t43,LIDAR_ONLY,20.1090,20.1090,65.2524,45.1434,45.1434,69.1827,69.1827,0,0,12.91,3.22,drive,12.10,front,LIDAR_ONLY
0,25.8986,t43,LIDAR_ONLY,20.4600,20.4600,65.2524,44.7924,44.7924,68.6448,68.6448,0,0,12.91,3.22,drive,13.48,front,LIDAR_ONLY
0,25.8986,t43,LIDAR_ONLY,20.9622,20.9622,65.2524,44.2902,44.2902,67.8752,67.8752,0,0,12.91,3.22,drive,13.94,front,LIDAR_ONLY
0,25.8986,t43,LIDAR_ONLY,21.0472,21.0472,65.2524,44.2052,44.2052,67.7449,67.7449,0,0,12.91,3.22,drive,14.86,front,LIDAR_ONLY
0,25.8986,t43,LIDAR_ONLY,21.1459,21.1459,65.2524,44.1065,44.1065,67.5937,67.5937,0,0,12.91,3.22,drive,15.32,front,LIDAR_ONLY
0,25.8986,t43,LIDAR_ONLY,20.1778,20.1778,65.2524,45.0746,45.0746,69.0773,69.0773,0,0,12.91,3.22,drive,15.78,front,LIDAR_ONLY
0,25.8986,t45,LIDAR_ONLY,41.3705,41.3705,39.5201,1.8504,1.8504,4.6822,4.6822,0,0,12.91,3.22,drive,2.20,front,LIDAR_ONLY
0,25.8986,t43,LIDAR_ONLY,20.5517,20.5517,65.2524,44.7007,44.7007,68.5043,68.5043,0,0,12.91,3.22,drive,10.25,front,LIDAR_ONLY
0,25.8986,t43,LIDAR_ONLY,21.0707,21.0707,65.2524,44.1817,44.1817,67.7089,67.7089,0,0,12.91,3.22,drive,11.64,front,LIDAR_ONLY
0,25.8986,t43,LIDAR_ONLY,21.5312,21.5312,65.2524,43.7212,43.7212,67.0032,67.0032,0,0,12.91,3.22,drive,14.40,front,LIDAR_ONLY
0,25.8986,t45,LIDAR_ONLY,40.8944,40.8944,39.5201,1.3744,1.3744,3.4777,3.4777,0,0,12.91,3.22,drive,3.04,front,LIDAR_ONLY
0,26.0379,t60,LIDAR_ONLY,9.7788,9.7788,,,,,,,,11.81,3.01,slow,29.35,front,LIDAR_ONLY
0,26.0379,t43,LIDAR_ONLY,22.3725,22.3725,64.8294,42.4569,42.4569,65.4902,65.4902,0,0,11.81,3.01,drive,11.44,front,LIDAR_ONLY
0,26.0379,t43,LIDAR_ONLY,23.3106,23.3106,64.8294,41.5188,41.5188,64.0431,64.0431,0,0,11.81,3.01,drive,11.90,front,LIDAR_ONLY
0,26.0379,t43,LIDAR_ONLY,23.6052,23.6052,64.8294,41.2242,41.2242,63.5888,63.5888,0,0,11.81,3.01,drive,12.83,front,LIDAR_ONLY
0,26.0379,t43,LIDAR_ONLY,23.5497,23.5497,64.8294,41.2797,41.2797,63.6743,63.6743,0,0,11.81,3.01,drive,13.29,front,LIDAR_ONLY
0,26.0379,t43,LIDAR_ONLY,23.6371,23.6371,64.8294,41.1923,41.1923,63.5395,63.5395,0,0,11.81,3.01,drive,13.75,front,LIDAR_ONLY
0,26.0379,t43,LIDAR_ONLY,22.5917,22.5917,64.8294,42.2377,42.2377,65.1520,65.1520,0,0,11.81,3.01,drive,14.67,front,LIDAR_ONLY
0,26.0379,t43,LIDAR_ONLY,20.8926,20.8926,64.8294,43.9368,43.9368,67.7730,67.7730,0,0,11.81,3.01,drive,15.13,front,LIDAR_ONLY
0,26.0379,t43,LIDAR_ONLY,20.1190,20.1190,64.8294,44.7104,44.7104,68.9662,68.9662,0,0,11.81,3.01,drive,15.59,front,LIDAR_ONLY
0,26.0379,t43,LIDAR_ONLY,20.1860,20.1860,64.8294,44.6434,44.6434,68.8629,68.8629,0,0,11.81,3.01,drive,12.37,front,LIDAR_ONLY
0,26.0379,t43,LIDAR_ONLY,19.7329,19.7329,64.8294,45.0965,45.0965,69.5618,69.5618,0,0,11.81,3.01,drive,16.05,front,LIDAR_ONLY
0,26.0379,t57,LIDAR_ONLY,31.7419,31.7419,,,,,,,,11.81,3.01,drive,-21.91,front,LIDAR_ONLY
0,26.0379,t45,LIDAR_ONLY,40.5279,40.5279,39.0745,1.4534,1.4534,3.7196,3.7196,0,0,11.81,3.01,drive,1.43,front,LIDAR_ONLY
0,26.0379,t43,LIDAR_ONLY,19.7718,19.7718,64.8294,45.0576,45.0576,69.5018,69.5018,0,0,11.81,3.01,drive,14.21,front,LIDAR_ONLY
0,26.3981,t67,BOTH,25.1218,20.6489,63.5295,38.4078,42.8806,60.4566,67.4972,0,0,13.95,3.07,warning,2.37,,FULL_ANGLE
0,26.3981,t67,LIDAR_ONLY,18.7590,18.7590,63.5295,44.7706,44.7706,70.4721,70.4721,0,0,13.95,3.07,drive,15.22,front,LIDAR_ONLY
0,26.3981,t67,LIDAR_ONLY,18.4083,18.4083,63.5295,45.1212,45.1212,71.0240,71.0240,0,0,13.95,3.07,drive,15.68,front,LIDAR_ONLY
0,26.3981,t67,LIDAR_ONLY,17.9950,17.9950,63.5295,45.5346,45.5346,71.6746,71.6746,0,0,13.95,3.07,cautious,16.60,front,LIDAR_ONLY
0,26.3981,t67,LIDAR_ONLY,18.7557,18.7557,63.5295,44.7739,44.7739,70.4772,70.4772,0,0,13.95,3.07,cautious,11.08,front,LIDAR_ONLY
0,26.3981,t67,LIDAR_ONLY,19.3066,19.3066,63.5295,44.2230,44.2230,69.6101,69.6101,0,0,13.95,3.07,cautious,13.84,front,LIDAR_ONLY
0,26.3981,t67,LIDAR_ONLY,19.7526,19.7526,63.5295,43.7769,43.7769,68.9080,68.9080,0,0,13.95,3.07,drive,14.30,front,LIDAR_ONLY
0,26.3981,t67,LIDAR_ONLY,21.6234,21.6234,63.5295,41.9061,41.9061,65.9632,65.9632,0,0,13.95,3.07,drive,12.46,front,LIDAR_ONLY
0,26.3981,t67,LIDAR_ONLY,21.8262,21.8262,63.5295,41.7033,41.7033,65.6439,65.6439,0,0,13.95,3.07,drive,14.76,front,LIDAR_ONLY
0,26.5830,t72,LIDAR_ONLY,47.0659,47.0659,,,,,,,,10.59,2.05,drive,-17.22,front,LIDAR_ONLY
0,26.5830,t67,LIDAR_ONLY,22.1663,22.1663,62.8415,40.6752,40.6752,64.7267,64.7267,0,0,10.59,2.05,drive,11.30,front,LIDAR_ONLY
0,26.5830,t67,LIDAR_ONLY,22.4510,22.4510,62.8415,40.3904,40.3904,64.2736,64.2736,0,0,10.59,2.05,drive,13.14,front,LIDAR_ONLY
0,26.5830,t74,LIDAR_ONLY,39.2124,39.2124,36.9718,2.2406,2.2406,6.0602,6.0602,0,0,10.59,2.05,drive,1.87,front,LIDAR_ONLY
0,26.5830,t67,LIDAR_ONLY,22.9332,22.9332,62.8415,39.9082,39.9082,63.5062,63.5062,0,0,10.59,2.05,drive,9.00,front,LIDAR_ONLY
0,26.5830,t67,LIDAR_ONLY,23.5251,23.5251,62.8415,39.3164,39.3164,62.5644,62.5644,0,0,10.59,2.05,drive,9.92,front,LIDAR_ONLY
0,26.5830,t67,LIDAR_ONLY,24.3522,24.3522,62.8415,38.4893,38.4893,61.2482,61.2482,0,0,10.59,2.05,drive,10.38,front,LIDAR_ONLY
0,26.5830,t67,LIDAR_ONLY,24.9944,24.9944,62.8415,37.8471,37.8471,60.2263,60.2263,0,0,10.59,2.05,drive,10.84,front,LIDAR_ONLY
0,26.5830,t74,LIDAR_ONLY,38.1490,38.1490,36.9718,1.1771,1.1771,3.1838,3.1838,0,0,10.59,2.05,drive,2.10,front,LIDAR_ONLY
0,26.8010,cam_1,CAM_ONLY,57.7361,,36.0550,21.6811,,60.1333,,0,,14.61,5.47,safe,0.27,,CAMERA_ONLY
0,26.8674,cam_1,CAM_ONLY,57.9200,,35.6921,22.2279,,62.2769,,0,,11.23,4.04,safe,-0.22,,CAMERA_ONLY
0,26.9900,t83,LIDAR_ONLY,13.4423,13.4423,61.2060,47.7637,47.7637,78.0375,78.0375,0,0,13.52,1.59,slow,17.84,front,LIDAR_ONLY
0,26.9900,t83,LIDAR_ONLY,13.6813,13.6813,61.2060,47.5247,47.5247,77.6471,77.6471,0,0,13.52,1.59,slow,8.66,front,LIDAR_ONLY
0,26.9900,t83,LIDAR_ONLY,14.0027,14.0027,61.2060,47.2033,47.2033,77.1221,77.1221,0,0,13.52,1.59,slow,9.12,front,LIDAR_ONLY
0,26.9900,t83,LIDAR_ONLY,14.3398,14.3398,61.2060,46.8662,46.8662,76.5713,76.5713,0,0,13.52,1.59,slow,10.03,front,LIDAR_ONLY
0,26.9900,t83,LIDAR_ONLY,14.6442,14.6442,61.2060,46.5618,46.5618,76.0739,76.0739,0,0,13.52,1.59,slow,10.49,front,LIDAR_ONLY
0,26.9900,t83,LIDAR_ONLY,17.3766,17.3766,61.2060,43.8294,43.8294,71.6096,71.6096,0,0,13.52,1.59,cautious,10.95,front,LIDAR_ONLY
0,26.9900,t83,LIDAR_ONLY,18.7413,18.7413,61.2060,42.4647,42.4647,69.3800,69.3800,0,0,13.52,1.59,cautious,12.79,front,LIDAR_ONLY
0,26.9900,t83,LIDAR_ONLY,19.2741,19.2741,61.2060,41.9319,41.9319,68.5094,68.5094,0,0,13.52,1.59,cautious,13.25,front,LIDAR_ONLY
0,26.9900,t83,LIDAR_ONLY,19.0966,19.0966,61.2060,42.1094,42.1094,68.7995,68.7995,0,0,13.52,1.59,cautious,14.17,front,LIDAR_ONLY
0,26.9900,t83,LIDAR_ONLY,19.4954,19.4954,61.2060,41.7106,41.7106,68.1478,68.1478,0,0,13.52,1.59,drive,8.20,front,LIDAR_ONLY
0,26.9900,t83,LIDAR_ONLY,19.7240,19.7240,61.2060,41.4820,41.4820,67.7743,67.7743,0,0,13.52,1.59,drive,11.41,front,LIDAR_ONLY
0,26.9900,t84,LIDAR_ONLY,35.3370,35.3370,35.1541,0.1829,0.1829,0.5203,0.5203,1,1,13.52,1.59,drive,-1.46,front,LIDAR_ONLY
0,27.0550,cam_1,CAM_ONLY,57.5679,,34.7649,22.8030,,65.5920,,0,,10.23,4.70,safe,-0.09,,CAMERA_ONLY
0,27.1138,cam_1,CAM_ONLY,55.5534,,34.4777,21.0757,,61.1284,,0,,9.34,4.10,safe,0.13,,CAMERA_ONLY
0,27.2381,t93,LIDAR_ONLY,44.1854,44.1854,,,,,,,,10.73,1.50,drive,-19.04,front,LIDAR_ONLY
0,27.2381,t94,LIDAR_ONLY,12.1586,12.1586,,,,,,,,10.73,1.50,slow,21.08,front,LIDAR_ONLY
0,27.2381,t95,LIDAR_ONLY,27.0514,27.0514,,,,,,,,10.73,1.50,drive,9.49,front,LIDAR_ONLY
0,27.2381,t95,LIDAR_ONLY,24.7932,24.7932,,,,,,,,10.73,1.50,drive,11.34,front,LIDAR_ONLY
0,27.2381,t95,LIDAR_ONLY,22.5448,22.5448,,,,,,,,10.73,1.50,drive,14.11,front,LIDAR_ONLY
0,27.2381,t95,LIDAR_ONLY,20.8901,20.8901,,,,,,,,10.73,1.50,drive,15.03,front,LIDAR_ONLY
0,27.2381,t95,LIDAR_ONLY,20.6613,20.6613,,,,,,,,10.73,1.50,drive,13.18,front,LIDAR_ONLY
0,27.2381,t96,LIDAR_ONLY,33.9659,33.9659,33.8843,0.0816,0.0816,0.2407,0.2407,1,1,10.73,1.50,drive,0.84,front,LIDAR_ONLY
0,27.2381,t95,LIDAR_ONLY,19.7747,19.7747,,,,,,,,10.73,1.50,drive,10.88,front,LIDAR_ONLY
0,27.2381,t95,LIDAR_ONLY,19.2137,19.2137,,,,,,,,10.73,1.50,drive,12.72,front,LIDAR_ONLY
0,27.2381,t95,LIDAR_ONLY,19.1776,19.1776,,,,,,,,10.73,1.50,drive,14.57,front,LIDAR_ONLY
0,27.4358,t93,LIDAR_ONLY,43.7612,43.7612,,,,,,,,9.85,2.09,drive,-19.04,front,LIDAR_ONLY
0,27.4358,t96,LIDAR_ONLY,34.0987,34.0987,32.8702,1.2285,1.2285,3.7373,3.7373,0,0,9.85,2.09,drive,0.67,front,LIDAR_ONLY
0,27.4358,t96,LIDAR_ONLY,33.6243,33.6243,32.8702,0.7541,0.7541,2.2942,2.2942,1,1,9.85,2.09,drive,0.62,front,LIDAR_ONLY
0,27.9915,t112,BOTH,21.2523,23.2560,55.6147,34.3623,32.3587,61.7864,58.1837,0,0,11.42,2.03,stop,1.52,,FULL_ANGLE
0,27.9915,t112,LIDAR_ONLY,22.3489,22.3489,55.6147,33.2657,33.2657,59.8147,59.8147,0,0,11.42,2.03,drive,12.56,front,LIDAR_ONLY
0,27.9915,t112,LIDAR_ONLY,20.6199,20.6199,55.6147,34.9948,34.9948,62.9236,62.9236,0,0,11.42,2.03,drive,14.40,front,LIDAR_ONLY
0,27.9915,t112,LIDAR_ONLY,19.9327,19.9327,55.6147,35.6820,35.6820,64.1593,64.1593,0,0,11.42,2.03,cautious,15.32,front,LIDAR_ONLY
0,27.9915,t112,LIDAR_ONLY,19.2546,19.2546,55.6147,36.3601,36.3601,65.3785,65.3785,0,0,11.42,2.03,cautious,15.78,front,LIDAR_ONLY
0,27.9915,t113,LIDAR_ONLY,31.8412,31.8412,29.7278,2.1133,2.1133,7.1090,7.1090,0,0,11.42,2.03,drive,1.96,front,LIDAR_ONLY
0,27.9915,t113,LIDAR_ONLY,30.7552,30.7552,29.7278,1.0274,1.0274,3.4560,3.4560,0,0,11.42,2.03,drive,1.96,front,LIDAR_ONLY
0,27.9915,t112,LIDAR_ONLY,18.3811,18.3811,55.6147,37.2336,37.2336,66.9493,66.9493,0,0,11.42,2.03,cautious,14.86,front,LIDAR_ONLY
0,27.9915,t114,LIDAR_ONLY,14.1983,14.1983,13.0132,1.1851,1.1851,9.1070,9.1070,0,0,11.42,2.03,slow,-13.38,front,LIDAR_ONLY
0,27.9915,t114,LIDAR_ONLY,14.1854,14.1854,13.0132,1.1722,1.1722,9.0077,9.0077,0,0,11.42,2.03,slow,-16.00,front,LIDAR_ONLY
0,28.0572,cam_2,CAM_ONLY,21.1566,,29.3250,8.1684,,27.8547,,0,,12.32,4.91,stop,1.70,,CAMERA_ONLY
0,28.1309,cam_2,CAM_ONLY,20.6869,,28.8628,8.1758,,28.3266,,0,,16.83,3.38,stop,1.88,,CAMERA_ONLY
0,28.1949,t113,BOTH,50.4001,30.6901,16.7033,33.6968,13.9868,201.7380,83.7370,0,0,13.34,3.68,safe,2.06,,FULL_ANGLE
0,28.1949,t114,LIDAR_ONLY,15.6030,15.6030,16.0686,0.4656,0.4656,2.8973,2.8973,1,1,13.34,3.68,slow,-20.64,front,LIDAR_ONLY
0,28.1949,t117,LIDAR_ONLY,9.7400,9.7400,,,,,,,,13.34,3.68,stop,27.71,front,LIDAR_ONLY
0,28.1949,t112,LIDAR_ONLY,18.8283,18.8283,,,,,,,,13.34,3.68,cautious,11.57,front,LIDAR_ONLY
0,28.1949,t112,LIDAR_ONLY,19.3492,19.3492,,,,,,,,13.34,3.68,cautious,12.96,front,LIDAR_ONLY
0,28.1949,t112,LIDAR_ONLY,19.8761,19.8761,,,,,,,,13.34,3.68,cautious,13.42,front,LIDAR_ONLY
0,28.1949,t112,LIDAR_ONLY,20.3976,20.3976,,,,,,,,13.34,3.68,cautious,14.80,front,LIDAR_ONLY
0,28.1949,t112,LIDAR_ONLY,20.7135,20.7135,,,,,,,,13.34,3.68,cautious,15.26,front,LIDAR_ONLY
0,28.1949,t112,LIDAR_ONLY,19.4994,19.4994,,,,,,,,13.34,3.68,cautious,15.72,front,LIDAR_ONLY
0,28.1949,t112,LIDAR_ONLY,19.1540,19.1540,,,,,,,,13.34,3.68,cautious,14.34,front,LIDAR_ONLY
0,28.1949,t112,LIDAR_ONLY,18.0759,18.0759,,,,,,,,13.34,3.68,cautious,16.18,front,LIDAR_ONLY
0,28.1949,t113,LIDAR_ONLY,29.6760,29.6760,16.7033,12.9728,12.9728,77.6660,77.6660,0,0,13.34,3.68,drive,1.55,front,LIDAR_ONLY
0,28.1949,t113,LIDAR_ONLY,28.7469,28.7469,16.7033,12.0436,12.0436,72.1032,72.1032,0,0,13.34,3.68,drive,-7.79,front,LIDAR_ONLY
0,28.1949,t113,LIDAR_ONLY,24.4690,24.4690,16.7033,7.7658,7.7658,46.4924,46.4924,0,0,13.34,3.68,drive,-11.97,front,LIDAR_ONLY
0,28.2682,cam_2,CAM_ONLY,50.7846,,28.0939,22.6907,,80.7671,,0,,13.09,5.61,safe,2.19,,CAMERA_ONLY
0,28.3357,t112,BOTH,19.7403,18.5205,53.4931,33.7528,34.9726,63.0975,65.3777,0,0,10.65,2.32,stop,2.33,,FULL_ANGLE
0,28.3357,t112,LIDAR_ONLY,19.1001,19.1001,53.4931,34.3929,34.3929,64.2942,64.2942,0,0,10.65,2.32,cautious,13.09,front,LIDAR_ONLY
0,28.3357,t112,LIDAR_ONLY,19.7053,19.7053,53.4931,33.7878,33.7878,63.1629,63.1629,0,0,10.65,2.32,cautious,13.55,front,LIDAR_ONLY
0,28.3357,t118,LIDAR_ONLY,29.5392,29.5392,27.7052,1.8340,1.8340,6.6197,6.6197,0,0,10.65,2.32,drive,1.92,front,LIDAR_ONLY
0,28.3357,t112,LIDAR_ONLY,20.4561,20.4561,53.4931,33.0370,33.0370,61.7594,61.7594,0,0,10.65,2.32,cautious,12.63,front,LIDAR_ONLY
0,28.3357,t118,LIDAR_ONLY,28.2962,28.2962,27.7052,0.5910,0.5910,2.1331,2.1331,1,1,10.65,2.32,drive,1.75,front,LIDAR_ONLY
0,28.3357,t114,LIDAR_ONLY,16.7282,16.7282,18.9154,2.1872,2.1872,11.5629,11.5629,0,0,10.65,2.32,slow,-27.40,front,LIDAR_ONLY
0,28.3357,t114,LIDAR_ONLY,17.5643,17.5643,18.9154,1.3511,1.3511,7.1429,7.1429,0,0,10.65,2.32,cautious,-25.14,front,LIDAR_ONLY
0,28.3357,t113,LIDAR_ONLY,23.2699,23.2699,19.4914,3.7785,3.7785,19.3853,19.3853,0,0,10.65,2.32,drive,-10.71,front,LIDAR_ONLY
0,28.3357,t113,LIDAR_ONLY,21.8525,21.8525,19.4914,2.3611,2.3611,12.1136,12.1136,0,0,10.65,2.32,drive,-8.88,front,LIDAR_ONLY
0,28.3976,t118,BOTH,46.0385,28.3367,27.4208,18.6177,0.9159,67.8965,3.3402,0,1,10.10,1.97,safe,2.77,,FULL_ANGLE
0,28.3976,t114,LIDAR_ONLY,20.8625,20.8625,20.0779,0.7846,0.7846,3.9077,3.9077,1,1,10.10,1.97,cautious,-20.39,front,LIDAR_ONLY
0,28.3976,t117,LIDAR_ONLY,9.8918,9.8918,,,,,,,,10.10,1.97,stop,25.58,front,LIDAR_ONLY
0,28.3976,t112,LIDAR_ONLY,21.7225,21.7225,53.1795,31.4570,31.4570,59.1525,59.1525,0,0,10.10,1.97,drive,12.76,front,LIDAR_ONLY
0,28.3976,t112,LIDAR_ONLY,22.2423,22.2423,53.1795,30.9373,30.9373,58.1751,58.1751,0,0,10.10,1.97,drive,13.68,front,LIDAR_ONLY
0,28.3976,t112,LIDAR_ONLY,22.4290,22.4290,53.1795,30.7505,30.7505,57.8240,57.8240,0,0,10.10,1.97,drive,14.14,front,LIDAR_ONLY
0,28.3976,t112,LIDAR_ONLY,22.4815,22.4815,53.1795,30.6981,30.6981,57.7254,57.7254,0,0,10.10,1.97,drive,14.61,front,LIDAR_ONLY
0,28.3976,t112,LIDAR_ONLY,21.5722,21.5722,53.1795,31.6073,31.6073,59.4351,59.4351,0,0,10.10,1.97,drive,15.07,front,LIDAR_ONLY
0,28.3976,t112,LIDAR_ONLY,20.2474,20.2474,53.1795,32.9321,32.9321,61.9263,61.9263,0,0,10.10,1.97,drive,15.53,front,LIDAR_ONLY
0,28.3976,t112,LIDAR_ONLY,19.6109,19.6109,53.1795,33.5687,33.5687,63.1233,63.1233,0,0,10.10,1.97,drive,15.99,front,LIDAR_ONLY
0,28.3976,t112,LIDAR_ONLY,18.7805,18.7805,53.1795,34.3990,34.3990,64.6847,64.6847,0,0,10.10,1.97,cautious,16.91,front,LIDAR_ONLY
0,28.3976,t112,LIDAR_ONLY,19.2120,19.2120,53.1795,33.9676,33.9676,63.8734,63.8734,0,0,10.10,1.97,cautious,12.30,front,LIDAR_ONLY
0,28.3976,t112,LIDAR_ONLY,19.4345,19.4345,53.1795,33.7450,33.7450,63.4548,63.4548,0,0,10.10,1.97,cautious,16.45,front,LIDAR_ONLY
0,28.3976,t113,LIDAR_ONLY,19.2894,19.2894,20.6233,1.3340,1.3340,6.4682,6.4682,0,0,10.10,1.97,drive,-7.65,front,LIDAR_ONLY
0,28.3976,t118,LIDAR_ONLY,28.2669,28.2669,27.4208,0.8462,0.8462,3.0859,3.0859,1,1,10.10,1.97,drive,1.14,front,LIDAR_ONLY
0,28.3976,t118,LIDAR_ONLY,28.1507,28.1507,27.4208,0.7300,0.7300,2.6621,2.6621,1,1,10.10,1.97,drive,3.71,front,LIDAR_ONLY
0,28.3976,t114,LIDAR_ONLY,22.6965,22.6965,20.0779,2.6186,2.6186,13.0424,13.0424,0,0,10.10,1.97,cautious,-25.42,front,LIDAR_ONLY
0,28.3976,t113,LIDAR_ONLY,19.3507,19.3507,20.6233,1.2726,1.2726,6.1709,6.1709,0,0,10.10,1.97,drive,-9.40,front,LIDAR_ONLY
0,28.3976,t113,LIDAR_ONLY,19.7564,19.7564,20.6233,0.8669,0.8669,4.2037,4.2037,1,1,10.10,1.97,drive,-8.75,front,LIDAR_ONLY
0,28.4657,cam_2,CAM_ONLY,45.8414,,27.1002,18.7412,,69.1550,,0,,18.27,5.27,safe,2.86,,CAMERA_ONLY
0,28.5333,cam_2,CAM_ONLY,44.8771,,26.8295,18.0476,,67.2679,,0,,13.90,2.26,safe,3.00,,CAMERA_ONLY
0,28.6021,cam_2,CAM_ONLY,44.0062,,26.5030,17.5031,,66.0420,,0,,16.98,5.79,safe,3.00,,CAMERA_ONLY
0,28.6803,cam_2,CAM_ONLY,43.5892,,26.1157,17.4735,,66.9080,,0,,16.94,2.99,safe,2.86,,CAMERA_ONLY
0,28.7424,t130,BOTH,44.0885,27.7227,27.2240,16.8645,0.4986,61.9470,1.8316,0,1,16.57,2.56,safe,2.77,,FULL_ANGLE
0,28.7424,t129,LIDAR_ONLY,24.2173,24.2173,51.6579,27.4406,27.4406,53.1199,53.1199,0,0,16.57,2.56,drive,13.48,front,LIDAR_ONLY
0,28.7424,t129,LIDAR_ONLY,23.3928,23.3928,51.6579,28.2651,28.2651,54.7160,54.7160,0,0,16.57,2.56,drive,13.94,front,LIDAR_ONLY
0,28.7424,t129,LIDAR_ONLY,22.3950,22.3950,51.6579,29.2630,29.2630,56.6476,56.6476,0,0,16.57,2.56,drive,14.40,front,LIDAR_ONLY
0,28.7424,t129,LIDAR_ONLY,21.3019,21.3019,51.6579,30.3560,30.3560,58.7634,58.7634,0,0,16.57,2.56,drive,15.32,front,LIDAR_ONLY
0,28.7424,t129,LIDAR_ONLY,20.6494,20.6494,51.6579,31.0086,31.0086,60.0267,60.0267,0,0,16.57,2.56,drive,16.71,front,LIDAR_ONLY
0,28.7424,t131,LIDAR_ONLY,29.2891,29.2891,26.6559,2.6333,2.6333,9.8787,9.8787,0,0,16.57,2.56,drive,-17.10,front,LIDAR_ONLY
0,28.7424,t130,LIDAR_ONLY,27.9118,27.9118,27.2240,0.6877,0.6877,2.5261,2.5261,1,1,16.57,2.56,drive,-4.64,front,LIDAR_ONLY
0,28.7424,t130,LIDAR_ONLY,26.9484,26.9484,27.2240,0.2756,0.2756,1.0124,1.0124,1,1,16.57,2.56,drive,2.40,front,LIDAR_ONLY
0,28.7424,t129,LIDAR_ONLY,19.6754,19.6754,51.6579,31.9825,31.9825,61.9121,61.9121,0,0,16.57,2.56,drive,14.86,front,LIDAR_ONLY
0,28.7424,t130,LIDAR_ONLY,26.9907,26.9907,27.2240,0.2334,0.2334,0.8572,0.8572,1,1,16.57,2.56,drive,-5.45,front,LIDAR_ONLY
0,28.7424,t132,LIDAR_ONLY,26.6856,26.6856,25.8646,0.8210,0.8210,3.1742,3.1742,1,1,16.57,2.56,drive,4.56,front,LIDAR_ONLY
0,28.8108,cam_2,CAM_ONLY,44.1749,,25.5076,18.6673,,73.1833,,0,,12.67,6.83,safe,2.64,,CAMERA_ONLY
0,28.8692,cam_2,CAM_ONLY,43.3107,,25.2339,18.0768,,71.6372,,0,,10.26,3.29,safe,2.55,,CAMERA_ONLY
0,28.9347,t132,BOTH,43.9737,26.7027,24.8961,19.0776,1.8067,76.6290,7.2568,0,0,12.99,2.47,safe,2.55,,FULL_ANGLE
0,28.9347,t131,LIDAR_ONLY,30.4493,30.4493,,,,,,,,12.99,2.47,drive,-22.48,front,LIDAR_ONLY
0,28.9347,t135,LIDAR_ONLY,9.6856,9.6856,,,,,,,,12.99,2.47,slow,28.66,front,LIDAR_ONLY
0,28.9347,t129,LIDAR_ONLY,19.5636,19.5636,50.7141,31.1504,31.1504,61.4236,61.4236,0,0,12.99,2.47,drive,14.39,front,LIDAR_ONLY
0,28.9347,t129,LIDAR_ONLY,18.9837,18.9837,50.7141,31.7303,31.7303,62.5671,62.5671,0,0,12.99,2.47,cautious,16.24,front,LIDAR_ONLY
0,28.9347,t129,LIDAR_ONLY,18.5422,18.5422,50.7141,32.1718,32.1718,63.4377,63.4377,0,0,12.99,2.47,cautious,16.70,front,LIDAR_ONLY
0,28.9347,t129,LIDAR_ONLY,18.8894,18.8894,50.7141,31.8247,31.8247,62.7532,62.7532,0,0,12.99,2.47,cautious,13.93,front,LIDAR_ONLY
0,28.9347,t132,LIDAR_ONLY,25.5174,25.5174,24.8961,0.6213,0.6213,2.4958,2.4958,1,1,12.99,2.47,drive,2.68,front,LIDAR_ONLY
0,28.9347,t129,LIDAR_ONLY,19.1394,19.1394,50.7141,31.5746,31.5746,62.2601,62.2601,0,0,12.99,2.47,cautious,14.85,front,LIDAR_ONLY
0,28.9347,t131,LIDAR_ONLY,31.0810,31.0810,,,,,,,,12.99,2.47,drive,-27.40,front,LIDAR_ONLY
0,28.9347,t137,LIDAR_ONLY,31.8144,31.8144,30.3959,1.4185,1.4185,4.6668,4.6668,0,0,12.99,2.47,drive,-16.09,front,LIDAR_ONLY
0,28.9347,t130,LIDAR_ONLY,27.1945,27.1945,30.9773,3.7828,3.7828,12.2116,12.2116,0,0,12.99,2.47,drive,-2.46,front,LIDAR_ONLY
0,29.0000,t132,BOTH,42.3102,25.2914,24.5391,17.7711,0.7523,72.4193,3.0655,0,1,19.35,1.90,safe,2.51,,FULL_ANGLE
0,29.0000,t129,LIDAR_ONLY,19.6000,19.6000,50.3538,30.7538,30.7538,61.0754,61.0754,0,0,19.35,1.90,cautious,13.39,front,LIDAR_ONLY
0,29.0000,t129,LIDAR_ONLY,19.9658,19.9658,50.3538,30.3880,30.3880,60.3490,60.3490,0,0,19.35,1.90,cautious,15.23,front,LIDAR_ONLY
0,29.0000,t129,LIDAR_ONLY,20.4297,20.4297,50.3538,29.9241,29.9241,59.4277,59.4277,0,0,19.35,1.90,drive,14.77,front,LIDAR_ONLY
0,29.0000,t129,LIDAR_ONLY,20.5096,20.5096,50.3538,29.8442,29.8442,59.2690,59.2690,0,0,19.35,1.90,drive,15.69,front,LIDAR_ONLY
0,29.0608,cam_2,CAM_ONLY,42.6625,,24.2412,18.4213,,75.9916,,0,,9.38,4.05,safe,2.64,,CAMERA_ONLY
0,29.1242,cam_2,CAM_ONLY,42.0343,,23.9180,18.1164,,75.7438,,0,,15.80,2.76,safe,2.77,,CAMERA_ONLY
0,29.2049,cam_2,CAM_ONLY,41.9712,,36.0481,5.9231,,16.4310,,0,,14.30,4.29,safe,2.91,,CAMERA_ONLY
0,29.2711,cam_2,CAM_ONLY,41.5165,,37.1314,4.3851,,11.8097,,0,,11.47,2.08,safe,2.59,,CAMERA_ONLY
0,29.3365,t148,BOTH,40.6772,24.7235,22.8772,17.7999,1.8462,77.8063,8.0701,0,0,12.42,1.35,safe,2.86,,FULL_ANGLE
0,29.3365,t146,LIDAR_ONLY,33.9463,33.9463,,,,,,,,12.42,1.35,drive,-23.51,front,LIDAR_ONLY
0,29.3365,t149,LIDAR_ONLY,39.3062,39.3062,37.8441,1.4621,1.4621,3.8634,3.8634,0,0,12.42,1.35,drive,-9.00,front,LIDAR_ONLY
0,29.3365,t148,LIDAR_ONLY,23.4854,23.4854,22.8772,0.6081,0.6081,2.6582,2.6582,1,1,12.42,1.35,drive,2.74,front,LIDAR_ONLY
0,29.3365,t146,LIDAR_ONLY,31.9387,31.9387,,,,,,,,12.42,1.35,drive,-29.96,front,LIDAR_ONLY
0,29.3365,t149,LIDAR_ONLY,38.9722,38.9722,37.8441,1.1281,1.1281,2.9808,2.9808,0,0,12.42,1.35,drive,-9.23,front,LIDAR_ONLY
0,29.4119,cam_2,CAM_ONLY,40.1117,,39.8685,0.2432,,0.6100,,1,,15.13,4.69,safe,3.22,,CAMERA_ONLY
0,29.4731,cam_2,CAM_ONLY,39.6023,,40.9840,1.3816,,3.3712,,0,,13.96,3.26,safe,3.26,,CAMERA_ONLY
0,29.5465,t148,BOTH,37.9674,22.9604,21.7124,16.2549,1.2480,74.8645,5.7477,0,0,17.08,4.12,slowdown,3.31,,FULL_ANGLE
0,29.5465,t155,LIDAR_ONLY,21.0329,21.0329,47.4863,26.4534,26.4534,55.7075,55.7075,0,0,17.08,4.12,drive,16.01,front,LIDAR_ONLY
0,29.5465,t155,LIDAR_ONLY,19.6843,19.6843,47.4863,27.8021,27.8021,58.5475,58.5475,0,0,17.08,4.12,drive,16.94,front,LIDAR_ONLY
0,29.5465,t155,LIDAR_ONLY,19.1547,19.1547,47.4863,28.3316,28.3316,59.6626,59.6626,0,0,17.08,4.12,cautious,17.40,front,LIDAR_ONLY
0,29.5465,t148,LIDAR_ONLY,23.4931,23.4931,21.7124,1.7807,1.7807,8.2011,8.2011,0,0,17.08,4.12,drive,2.20,front,LIDAR_ONLY
0,29.5465,t155,LIDAR_ONLY,19.2093,19.2093,47.4863,28.2770,28.2770,59.5476,59.5476,0,0,17.08,4.12,cautious,16.47,front,LIDAR_ONLY
0,29.6186,cam_2,CAM_ONLY,36.7794,,21.3067,15.4727,,72.6187,,0,,12.62,3.23,slowdown,3.35,,CAMERA_ONLY
0,29.6850,cam_2,CAM_ONLY,36.6665,,20.9152,15.7513,,75.3101,,0,,11.87,1.76,slowdown,3.31,,CAMERA_ONLY
0,29.6850,t157,LIDAR_ONLY,32.2046,32.2046,,,,,,,,11.87,1.76,drive,-24.71,front,LIDAR_ONLY
0,29.6850,t157,LIDAR_ONLY,30.9494,30.9494,,,,,,,,11.87,1.76,drive,-28.51,front,LIDAR_ONLY
0,29.6850,t157,LIDAR_ONLY,31.0952,31.0952,,,,,,,,11.87,1.76,drive,-23.32,front,LIDAR_ONLY
0,29.7493,cam_2,CAM_ONLY,36.6831,,20.6208,16.0623,,77.8939,,0,,10.72,4.12,slowdown,3.35,,CAMERA_ONLY
0,29.8147,cam_2,CAM_ONLY,35.7029,,20.2153,15.4876,,76.6131,,0,,12.01,4.29,slowdown,3.44,,CAMERA_ONLY
0,29.8796,cam_2,CAM_ONLY,34.7927,,19.8890,14.9038,,74.9350,,0,,10.79,3.50,slowdown,3.53,,CAMERA_ONLY
0,29.8796,t157,LIDAR_ONLY,31.1187,31.1187,,,,,,,,10.79,3.50,drive,-25.77,front,LIDAR_ONLY
0,29.8796,t157,LIDAR_ONLY,30.1225,30.1225,,,,,,,,10.79,3.50,drive,-29.51,front,LIDAR_ONLY
0,29.8796,t157,LIDAR_ONLY,29.9795,29.9795,,,,,,,,10.79,3.50,drive,-23.09,front,LIDAR_ONLY
0,29.9431,t167,BOTH,34.2798,20.6839,19.5710,14.7088,1.1129,75.1564,5.6866,0,0,9.63,2.85,slowdown,3.58,,FULL_ANGLE
0,29.9431,t166,LIDAR_ONLY,14.6837,14.6837,45.3437,30.6601,30.6601,67.6169,67.6169,0,0,9.63,2.85,cautious,20.55,front,LIDAR_ONLY
0,29.9431,t166,LIDAR_ONLY,15.8624,15.8624,45.3437,29.4813,29.4813,65.0174,65.0174,0,0,9.63,2.85,cautious,15.02,front,LIDAR_ONLY
0,29.9431,t166,LIDAR_ONLY,17.2588,17.2588,45.3437,28.0849,28.0849,61.9379,61.9379,0,0,9.63,2.85,cautious,15.48,front,LIDAR_ONLY
0,29.9431,t166,LIDAR_ONLY,18.4385,18.4385,45.3437,26.9052,26.9052,59.3361,59.3361,0,0,9.63,2.85,cautious,15.94,front,LIDAR_ONLY
0,29.9431,t166,LIDAR_ONLY,19.3310,19.3310,45.3437,26.0128,26.0128,57.3680,57.3680,0,0,9.63,2.85,cautious,16.40,front,LIDAR_ONLY
0,29.9431,t166,LIDAR_ONLY,20.5886,20.5886,45.3437,24.7552,24.7552,54.5944,54.5944,0,0,9.63,2.85,cautious,17.79,front,LIDAR_ONLY
0,29.9431,t166,LIDAR_ONLY,20.7850,20.7850,45.3437,24.5588,24.5588,54.1613,54.1613,0,0,9.63,2.85,drive,19.17,front,LIDAR_ONLY
0,29.9431,t166,LIDAR_ONLY,19.6288,19.6288,45.3437,25.7149,25.7149,56.7111,56.7111,0,0,9.63,2.85,drive,19.63,front,LIDAR_ONLY
0,29.9431,t166,LIDAR_ONLY,17.9703,17.9703,45.3437,27.3734,27.3734,60.3686,60.3686,0,0,9.63,2.85,cautious,20.09,front,LIDAR_ONLY
0,29.9431,t167,LIDAR_ONLY,19.7430,19.7430,19.5710,0.1720,0.1720,0.8790,0.8790,1,1,9.63,2.85,drive,2.62,front,LIDAR_ONLY
0,29.9431,t166,LIDAR_ONLY,17.1236,17.1236,45.3437,28.2202,28.2202,62.2361,62.2361,0,0,9.63,2.85,cautious,17.33,front,LIDAR_ONLY
0,30.0117,cam_2,CAM_ONLY,33.5788,,19.1842,14.3946,,75.0335,,0,,9.58,3.63,slowdown,3.62,,CAMERA_ONLY
0,30.0797,t167,BOTH,33.6962,22.3005,18.8505,14.8457,3.4500,78.7551,18.3020,0,0,18.50,1.68,slowdown,3.75,,FULL_ANGLE
0,30.0797,t166,LIDAR_ONLY,16.4217,16.4217,,,,,,,,18.50,1.68,cautious,20.85,front,LIDAR_ONLY
0,30.0797,t166,LIDAR_ONLY,14.0434,14.0434,,,,,,,,18.50,1.68,cautious,22.97,front,LIDAR_ONLY
0,30.0797,t166,LIDAR_ONLY,14.2458,14.2458,,,,,,,,18.50,1.68,cautious,16.70,front,LIDAR_ONLY
0,30.0797,t166,LIDAR_ONLY,14.4920,14.4920,,,,,,,,18.50,1.68,cautious,17.62,front,LIDAR_ONLY
0,30.0797,t166,LIDAR_ONLY,14.7002,14.7002,,,,,,,,18.50,1.68,cautious,18.09,front,LIDAR_ONLY
0,30.0797,t166,LIDAR_ONLY,14.9402,14.9402,,,,,,,,18.50,1.68,cautious,18.55,front,LIDAR_ONLY
0,30.0797,t166,LIDAR_ONLY,16.1804,16.1804,,,,,,,,18.50,1.68,cautious,19.47,front,LIDAR_ONLY
0,30.0797,t167,LIDAR_ONLY,21.1890,21.1890,18.8505,2.3385,2.3385,12.4057,12.4057,0,0,18.50,1.68,drive,2.46,front,LIDAR_ONLY
0,30.0797,t167,LIDAR_ONLY,22.1857,22.1857,18.8505,3.3352,3.3352,17.6929,17.6929,0,0,18.50,1.68,drive,10.24,front,LIDAR_ONLY
0,30.0797,t166,LIDAR_ONLY,17.0618,17.0618,,,,,,,,18.50,1.68,cautious,16.24,front,LIDAR_ONLY
0,30.0797,t166,LIDAR_ONLY,17.4110,17.4110,,,,,,,,18.50,1.68,cautious,21.32,front,LIDAR_ONLY
0,30.0797,t157,LIDAR_ONLY,29.5148,29.5148,,,,,,,,18.50,1.68,drive,-29.04,front,LIDAR_ONLY
0,30.0797,t157,LIDAR_ONLY,29.4495,29.4495,,,,,,,,18.50,1.68,drive,-23.44,front,LIDAR_ONLY
0,30.0797,t166,LIDAR_ONLY,17.5442,17.5442,,,,,,,,18.50,1.68,cautious,19.01,front,LIDAR_ONLY
0,30.0797,t167,LIDAR_ONLY,22.7992,22.7992,18.8505,3.9487,3.9487,20.9474,20.9474,0,0,18.50,1.68,drive,5.86,front,LIDAR_ONLY
0,30.1526,cam_2,CAM_ONLY,34.3046,,18.5003,15.8043,,85.4277,,0,,17.29,5.74,slowdown,3.62,,CAMERA_ONLY
0,30.1526,t166,LIDAR_ONLY,16.9105,16.9105,,,,,,,,17.29,5.74,cautious,21.07,front,LIDAR_ONLY
0,30.1526,t166,LIDAR_ONLY,17.3299,17.3299,,,,,,,,17.29,5.74,cautious,16.45,front,LIDAR_ONLY
0,30.1526,t166,LIDAR_ONLY,17.4870,17.4870,,,,,,,,17.29,5.74,cautious,17.37,front,LIDAR_ONLY
0,30.1526,t166,LIDAR_ONLY,17.8792,17.8792,,,,,,,,17.29,5.74,cautious,17.84,front,LIDAR_ONLY
0,30.1526,t166,LIDAR_ONLY,18.0785,18.0785,,,,,,,,17.29,5.74,cautious,19.22,front,LIDAR_ONLY
0,30.1526,t166,LIDAR_ONLY,18.3076,18.3076,,,,,,,,17.29,5.74,cautious,19.68,front,LIDAR_ONLY
0,30.1526,t166,LIDAR_ONLY,17.6887,17.6887,,,,,,,,17.29,5.74,cautious,20.14,front,LIDAR_ONLY
0,30.1526,t166,LIDAR_ONLY,17.8501,17.8501,,,,,,,,17.29,5.74,cautious,15.99,front,LIDAR_ONLY
0,30.1526,t166,LIDAR_ONLY,17.8700,17.8700,,,,,,,,17.29,5.74,cautious,18.76,front,LIDAR_ONLY
0,30.2427,t167,BOTH,32.8526,21.2121,18.0677,14.7849,3.1444,81.8305,17.4034,0,0,19.22,7.68,slowdown,3.44,,FULL_ANGLE
0,30.2427,t157,LIDAR_ONLY,29.1378,29.1378,,,,,,,,19.22,7.68,drive,-27.08,front,LIDAR_ONLY
0,30.2427,t157,LIDAR_ONLY,29.3838,29.3838,,,,,,,,19.22,7.68,drive,-23.85,front,LIDAR_ONLY
0,30.3060,cam_2,CAM_ONLY,32.2055,,17.7919,14.4136,,81.0122,,0,,10.74,4.24,slowdown,3.67,,CAMERA_ONLY
0,30.3799,cam_2,CAM_ONLY,32.4540,,17.4500,15.0040,,85.9831,,0,,13.57,3.55,slowdown,3.75,,CAMERA_ONLY
0,30.4414,t167,BOTH,32.1265,19.9061,17.1534,14.9731,2.7527,87.2891,16.0475,0,0,14.74,3.20,slowdown,3.71,,FULL_ANGLE
0,30.4414,t181,LIDAR_ONLY,14.8618,14.8618,74.1395,59.2777,59.2777,79.9543,79.9543,0,0,14.74,3.20,cautious,21.43,front,LIDAR_ONLY
0,30.4414,t181,LIDAR_ONLY,16.1435,16.1435,74.1395,57.9960,57.9960,78.2256,78.2256,0,0,14.74,3.20,cautious,16.37,front,LIDAR_ONLY
0,30.4414,t181,LIDAR_ONLY,17.2203,17.2203,74.1395,56.9192,56.9192,76.7731,76.7731,0,0,14.74,3.20,cautious,17.29,front,LIDAR_ONLY
0,30.4414,t181,LIDAR_ONLY,18.0322,18.0322,74.1395,56.1073,56.1073,75.6780,75.6780,0,0,14.74,3.20,cautious,17.75,front,LIDAR_ONLY
0,30.4414,t181,LIDAR_ONLY,18.5840,18.5840,74.1395,55.5555,55.5555,74.9338,74.9338,0,0,14.74,3.20,cautious,18.21,front,LIDAR_ONLY
0,30.4414,t181,LIDAR_ONLY,19.3137,19.3137,74.1395,54.8258,54.8258,73.9495,73.9495,0,0,14.74,3.20,cautious,18.67,front,LIDAR_ONLY
0,30.4414,t181,LIDAR_ONLY,19.3867,19.3867,74.1395,54.7528,54.7528,73.8511,73.8511,0,0,14.74,3.20,cautious,19.13,front,LIDAR_ONLY
0,30.4414,t181,LIDAR_ONLY,18.8394,18.8394,74.1395,55.3001,55.3001,74.5892,74.5892,0,0,14.74,3.20,drive,19.59,front,LIDAR_ONLY
0,30.4414,t181,LIDAR_ONLY,17.8269,17.8269,74.1395,56.3126,56.3126,75.9550,75.9550,0,0,14.74,3.20,cautious,20.05,front,LIDAR_ONLY
0,30.4414,t167,LIDAR_ONLY,20.7099,20.7099,17.1534,3.5565,3.5565,20.7336,20.7336,0,0,14.74,3.20,drive,3.36,front,LIDAR_ONLY
0,30.4414,t167,LIDAR_ONLY,20.8381,20.8381,17.1534,3.6847,3.6847,21.4810,21.4810,0,0,14.74,3.20,drive,10.15,front,LIDAR_ONLY
0,30.4414,t181,LIDAR_ONLY,17.9713,17.9713,74.1395,56.1682,56.1682,75.7602,75.7602,0,0,14.74,3.20,cautious,16.83,front,LIDAR_ONLY
0,30.4414,t157,LIDAR_ONLY,29.6367,29.6367,,,,,,,,14.74,3.20,drive,-19.98,front,LIDAR_ONLY
0,30.4414,t157,LIDAR_ONLY,31.0216,31.0216,,,,,,,,14.74,3.20,drive,-12.77,front,LIDAR_ONLY
0,30.4414,t181,LIDAR_ONLY,17.7587,17.7587,74.1395,56.3808,56.3808,76.0469,76.0469,0,0,14.74,3.20,cautious,20.97,front,LIDAR_ONLY
0,30.5038,cam_2,CAM_ONLY,31.6195,,16.8735,14.7460,,87.3911,,0,,10.14,5.82,warning,3.75,,CAMERA_ONLY
0,30.5733,cam_2,CAM_ONLY,30.1072,,16.6064,13.5008,,81.2987,,0,,16.84,2.63,warning,3.75,,CAMERA_ONLY
0,30.6373,t167,BOTH,30.0468,19.7697,16.3158,13.7310,3.4539,84.1578,21.1691,0,0,15.81,1.66,warning,3.71,,FULL_ANGLE
0,30.6373,t184,LIDAR_ONLY,27.7885,27.7885,,,,,,,,15.81,1.66,drive,-29.11,front,LIDAR_ONLY
0,30.6373,t181,LIDAR_ONLY,12.5296,12.5296,73.3741,60.8445,60.8445,82.9237,82.9237,0,0,15.81,1.66,slow,25.66,front,LIDAR_ONLY
0,30.6373,t181,LIDAR_ONLY,12.5731,12.5731,73.3741,60.8010,60.8010,82.8644,82.8644,0,0,15.81,1.66,slow,18.24,front,LIDAR_ONLY
0,30.6373,t181,LIDAR_ONLY,12.5990,12.5990,73.3741,60.7750,60.7750,82.8291,82.8291,0,0,15.81,1.66,slow,19.17,front,LIDAR_ONLY
0,30.6373,t181,LIDAR_ONLY,12.5663,12.5663,73.3741,60.8078,60.8078,82.8736,82.8736,0,0,15.81,1.66,slow,20.09,front,LIDAR_ONLY
0,30.6373,t181,LIDAR_ONLY,12.5941,12.5941,73.3741,60.7799,60.7799,82.8357,82.8357,0,0,15.81,1.66,slow,20.55,front,LIDAR_ONLY
0,30.6373,t181,LIDAR_ONLY,13.9855,13.9855,73.3741,59.3886,59.3886,80.9395,80.9395,0,0,15.81,1.66,slow,21.01,front,LIDAR_ONLY
0,30.6373,t181,LIDAR_ONLY,14.7224,14.7224,73.3741,58.6517,58.6517,79.9352,79.9352,0,0,15.81,1.66,slow,21.47,front,LIDAR_ONLY
0,30.6373,t181,LIDAR_ONLY,15.6252,15.6252,73.3741,57.7489,57.7489,78.7048,78.7048,0,0,15.81,1.66,cautious,16.40,front,LIDAR_ONLY
0,30.6373,t181,LIDAR_ONLY,16.4105,16.4105,73.3741,56.9635,56.9635,77.6344,77.6344,0,0,15.81,1.66,cautious,18.71,front,LIDAR_ONLY
0,30.6373,t181,LIDAR_ONLY,17.0670,17.0670,73.3741,56.3071,56.3071,76.7398,76.7398,0,0,15.81,1.66,cautious,19.63,front,LIDAR_ONLY
0,30.6373,t167,LIDAR_ONLY,18.4841,18.4841,16.3158,2.1684,2.1684,13.2900,13.2900,0,0,15.81,1.66,cautious,3.39,front,LIDAR_ONLY
0,30.7041,cam_2,CAM_ONLY,29.5961,,16.0565,13.5397,,84.3254,,0,,13.56,5.12,warning,3.71,,CAMERA_ONLY
0,30.7712,cam_2,CAM_ONLY,29.6471,,15.8022,13.8449,,87.6137,,0,,16.18,3.58,warning,3.67,,CAMERA_ONLY
0,30.8357,cam_2,CAM_ONLY,28.1950,,15.4771,12.7178,,82.1720,,0,,12.77,2.44,warning,3.71,,CAMERA_ONLY
0,30.8357,t184,LIDAR_ONLY,27.6860,27.6860,,,,,,,,12.77,2.44,drive,-29.54,front,LIDAR_ONLY
0,30.8357,t184,LIDAR_ONLY,27.7096,27.7096,,,,,,,,12.77,2.44,drive,-27.54,front,LIDAR_ONLY
0,30.8357,t184,LIDAR_ONLY,27.7839,27.7839,,,,,,,,12.77,2.44,drive,-25.38,front,LIDAR_ONLY
0,30.8357,t184,LIDAR_ONLY,27.9478,27.9478,,,,,,,,12.77,2.44,drive,-23.30,front,LIDAR_ONLY
0,30.9009,t194,BOTH,27.1600,16.8676,15.2315,11.9285,1.6360,78.3143,10.7411,0,0,15.43,4.95,warning,3.67,,FULL_ANGLE
0,30.9009,t193,LIDAR_ONLY,27.2626,27.2626,41.0781,13.8155,13.8155,33.6323,33.6323,0,0,15.43,4.95,drive,16.03,front,LIDAR_ONLY
0,30.9009,t193,LIDAR_ONLY,26.4680,26.4680,41.0781,14.6101,14.6101,35.5666,35.5666,0,0,15.43,4.95,drive,16.49,front,LIDAR_ONLY
0,30.9009,t193,LIDAR_ONLY,23.8014,23.8014,41.0781,17.2767,17.2767,42.0581,42.0581,0,0,15.43,4.95,drive,18.79,front,LIDAR_ONLY
0,30.9009,t193,LIDAR_ONLY,22.3541,22.3541,41.0781,18.7240,18.7240,45.5814,45.5814,0,0,15.43,4.95,drive,19.25,front,LIDAR_ONLY
0,30.9009,t193,LIDAR_ONLY,21.3678,21.3678,41.0781,19.7103,19.7103,47.9824,47.9824,0,0,15.43,4.95,drive,19.71,front,LIDAR_ONLY
0,30.9009,t193,LIDAR_ONLY,18.9679,18.9679,41.0781,22.1102,22.1102,53.8248,53.8248,0,0,15.43,4.95,drive,21.09,front,LIDAR_ONLY
0,30.9009,t193,LIDAR_ONLY,18.1146,18.1146,41.0781,22.9635,22.9635,55.9021,55.9021,0,0,15.43,4.95,drive,18.33,front,LIDAR_ONLY
0,30.9009,t193,LIDAR_ONLY,17.6682,17.6682,41.0781,23.4099,23.4099,56.9887,56.9887,0,0,15.43,4.95,cautious,20.17,front,LIDAR_ONLY
0,30.9009,t194,LIDAR_ONLY,15.6373,15.6373,15.2315,0.4058,0.4058,2.6640,2.6640,1,1,15.43,4.95,cautious,3.28,front,LIDAR_ONLY
0,30.9009,t194,LIDAR_ONLY,16.0668,16.0668,15.2315,0.8353,0.8353,5.4839,5.4839,1,1,15.43,4.95,cautious,9.13,front,LIDAR_ONLY
0,30.9009,t193,LIDAR_ONLY,17.3009,17.3009,41.0781,23.7772,23.7772,57.8829,57.8829,0,0,15.43,4.95,cautious,20.63,front,LIDAR_ONLY
0,30.9009,t193,LIDAR_ONLY,17.4700,17.4700,41.0781,23.6081,23.6081,57.4712,57.4712,0,0,15.43,4.95,cautious,17.87,front,LIDAR_ONLY
0,30.9653,cam_2,CAM_ONLY,26.3933,,15.0096,11.3837,,75.8428,,0,,14.39,4.04,warning,3.67,,CAMERA_ONLY
0,31.0418,t194,BOTH,26.0445,16.1461,14.7494,11.2952,1.3967,76.5809,9.4697,0,0,18.02,3.59,warning,3.67,,FULL_ANGLE
0,31.0418,t193,LIDAR_ONLY,18.4636,18.4636,71.9339,53.4704,53.4704,74.3326,74.3326,0,0,18.02,3.59,cautious,15.86,front,LIDAR_ONLY
0,31.0418,t193,LIDAR_ONLY,19.4928,19.4928,71.9339,52.4411,52.4411,72.9018,72.9018,0,0,18.02,3.59,cautious,16.32,front,LIDAR_ONLY
0,31.0418,t193,LIDAR_ONLY,20.6381,20.6381,71.9339,51.2959,51.2959,71.3097,71.3097,0,0,18.02,3.59,drive,17.24,front,LIDAR_ONLY
0,31.0418,t193,LIDAR_ONLY,21.7072,21.7072,71.9339,50.2267,50.2267,69.8234,69.8234,0,0,18.02,3.59,drive,17.70,front,LIDAR_ONLY
0,31.0418,t193,LIDAR_ONLY,22.3753,22.3753,71.9339,49.5587,49.5587,68.8947,68.8947,0,0,18.02,3.59,drive,18.16,front,LIDAR_ONLY
0,31.0418,t193,LIDAR_ONLY,22.0974,22.0974,71.9339,49.8366,49.8366,69.2810,69.2810,0,0,18.02,3.59,drive,18.63,front,LIDAR_ONLY
0,31.0418,t193,LIDAR_ONLY,20.9101,20.9101,71.9339,51.0238,51.0238,70.9315,70.9315,0,0,18.02,3.59,drive,19.09,front,LIDAR_ONLY
0,31.0418,t193,LIDAR_ONLY,19.6470,19.6470,71.9339,52.2870,52.2870,72.6875,72.6875,0,0,18.02,3.59,drive,20.01,front,LIDAR_ONLY
0,31.0418,t193,LIDAR_ONLY,18.5540,18.5540,71.9339,53.3799,53.3799,74.2069,74.2069,0,0,18.02,3.59,drive,20.47,front,LIDAR_ONLY
0,31.0418,t193,LIDAR_ONLY,17.4951,17.4951,71.9339,54.4389,54.4389,75.6790,75.6790,0,0,18.02,3.59,cautious,20.93,front,LIDAR_ONLY
0,31.0418,t193,LIDAR_ONLY,16.6514,16.6514,71.9339,55.2825,55.2825,76.8518,76.8518,0,0,18.02,3.59,cautious,21.40,front,LIDAR_ONLY
0,31.0418,t194,LIDAR_ONLY,16.3426,16.3426,14.7494,1.5932,1.5932,10.8020,10.8020,0,0,18.02,3.59,cautious,1.87,front,LIDAR_ONLY
0,31.0418,t194,LIDAR_ONLY,16.5254,16.5254,14.7494,1.7761,1.7761,12.0418,12.0418,0,0,18.02,3.59,cautious,6.47,front,LIDAR_ONLY
0,31.0418,t193,LIDAR_ONLY,16.5573,16.5573,71.9339,55.3766,55.3766,76.9826,76.9826,0,0,18.02,3.59,cautious,19.55,front,LIDAR_ONLY
0,31.0418,t194,LIDAR_ONLY,16.7569,16.7569,14.7494,2.0076,2.0076,13.6113,13.6113,0,0,18.02,3.59,cautious,9.39,front,LIDAR_ONLY
0,31.0418,t194,LIDAR_ONLY,16.6775,16.6775,14.7494,1.9281,1.9281,13.0724,13.0724,0,0,18.02,3.59,cautious,6.01,front,LIDAR_ONLY
0,31.1095,cam_2,CAM_ONLY,25.7674,,14.5108,11.2565,,77.5733,,0,,12.90,5.97,warning,3.67,,CAMERA_ONLY
0,31.1788,cam_2,CAM_ONLY,25.6481,,14.2901,11.3581,,79.4821,,0,,14.34,3.91,warning,3.62,,CAMERA_ONLY
0,31.2454,t194,BOTH,25.6719,15.4743,14.0715,11.6004,1.4028,82.4390,9.9691,0,0,18.60,2.35,warning,3.49,,FULL_ANGLE
0,31.2454,t193,LIDAR_ONLY,17.2245,17.2245,71.3286,54.1041,54.1041,75.8519,75.8519,0,0,18.60,2.35,cautious,15.90,front,LIDAR_ONLY
0,31.2454,t193,LIDAR_ONLY,18.1941,18.1941,71.3286,53.1345,53.1345,74.4926,74.4926,0,0,18.60,2.35,cautious,16.36,front,LIDAR_ONLY
0,31.2454,t193,LIDAR_ONLY,19.1562,19.1562,71.3286,52.1724,52.1724,73.1437,73.1437,0,0,18.60,2.35,cautious,18.67,front,LIDAR_ONLY
0,31.2454,t193,LIDAR_ONLY,20.0236,20.0236,71.3286,51.3050,51.3050,71.9277,71.9277,0,0,18.60,2.35,drive,19.59,front,LIDAR_ONLY
0,31.2454,t193,LIDAR_ONLY,20.5494,20.5494,71.3286,50.7792,50.7792,71.1905,71.1905,0,0,18.60,2.35,drive,20.05,front,LIDAR_ONLY
0,31.2454,t193,LIDAR_ONLY,19.0278,19.0278,71.3286,52.3009,52.3009,73.3238,73.3238,0,0,18.60,2.35,drive,21.44,front,LIDAR_ONLY
0,31.2454,t193,LIDAR_ONLY,18.5218,18.5218,71.3286,52.8068,52.8068,74.0332,74.0332,0,0,18.60,2.35,drive,16.82,front,LIDAR_ONLY
0,31.2454,t193,LIDAR_ONLY,18.6233,18.6233,71.3286,52.7053,52.7053,73.8909,73.8909,0,0,18.60,2.35,drive,17.75,front,LIDAR_ONLY
0,31.2454,t200,LIDAR_ONLY,33.4552,33.4552,,,,,,,,18.60,2.35,drive,-21.03,front,LIDAR_ONLY
0,31.2454,t193,LIDAR_ONLY,18.6457,18.6457,71.3286,52.6829,52.6829,73.8594,73.8594,0,0,18.60,2.35,drive,20.98,front,LIDAR_ONLY
0,31.3191,cam_2,CAM_ONLY,25.8125,,13.8618,11.9508,,86.2138,,0,,21.90,5.08,warning,3.44,,CAMERA_ONLY
0,31.3889,t194,BOTH,25.3965,15.4285,13.6786,11.7179,1.7499,85.6659,12.7931,0,0,16.32,1.93,warning,3.40,,FULL_ANGLE
0,31.3889,t193,LIDAR_ONLY,12.1963,12.1963,,,,,,,,16.32,1.93,cautious,27.00,front,LIDAR_ONLY
0,31.3889,t203,LIDAR_ONLY,26.1043,26.1043,70.9910,44.8867,44.8867,63.2287,63.2287,0,0,16.32,1.93,drive,16.40,front,LIDAR_ONLY
0,31.3889,t203,LIDAR_ONLY,24.5959,24.5959,70.9910,46.3951,46.3951,65.3535,65.3535,0,0,16.32,1.93,drive,17.32,front,LIDAR_ONLY
0,31.3889,t203,LIDAR_ONLY,22.3398,22.3398,70.9910,48.6513,48.6513,68.5315,68.5315,0,0,16.32,1.93,drive,18.70,front,LIDAR_ONLY
0,31.3889,t203,LIDAR_ONLY,20.9935,20.9935,70.9910,49.9976,49.9976,70.4280,70.4280,0,0,16.32,1.93,drive,19.62,front,LIDAR_ONLY
0,31.3889,t203,LIDAR_ONLY,20.4235,20.4235,70.9910,50.5675,50.5675,71.2309,71.2309,0,0,16.32,1.93,drive,20.08,front,LIDAR_ONLY
0,31.3889,t203,LIDAR_ONLY,18.8466,18.8466,70.9910,52.1445,52.1445,73.4522,73.4522,0,0,16.32,1.93,drive,20.54,front,LIDAR_ONLY
0,31.3889,t194,LIDAR_ONLY,15.8238,15.8238,13.6786,2.1453,2.1453,15.6834,15.6834,0,0,16.32,1.93,cautious,10.43,front,LIDAR_ONLY
0,31.3889,t203,LIDAR_ONLY,18.6560,18.6560,70.9910,52.3351,52.3351,73.7206,73.7206,0,0,16.32,1.93,drive,17.78,front,LIDAR_ONLY
0,31.3889,t203,LIDAR_ONLY,18.4148,18.4148,70.9910,52.5762,52.5762,74.0604,74.0604,0,0,16.32,1.93,drive,19.16,front,LIDAR_ONLY
0,31.3889,t203,LIDAR_ONLY,18.1382,18.1382,70.9910,52.8528,52.8528,74.4500,74.4500,0,0,16.32,1.93,drive,21.00,front,LIDAR_ONLY
0,31.3889,t194,LIDAR_ONLY,14.9727,14.9727,13.6786,1.2941,1.2941,9.4608,9.4608,0,0,16.32,1.93,cautious,3.03,front,LIDAR_ONLY
0,31.3889,t194,LIDAR_ONLY,15.1554,15.1554,13.6786,1.4768,1.4768,10.7965,10.7965,0,0,16.32,1.93,cautious,9.05,front,LIDAR_ONLY
0,31.3889,t203,LIDAR_ONLY,18.3115,18.3115,70.9910,52.6796,52.6796,74.2059,74.2059,0,0,16.32,1.93,drive,18.24,front,LIDAR_ONLY
0,31.3889,t200,LIDAR_ONLY,30.3529,30.3529,,,,,,,,16.32,1.93,drive,-27.04,front,LIDAR_ONLY
0,31.3889,t200,LIDAR_ONLY,30.5855,30.5855,,,,,,,,16.32,1.93,drive,-22.45,front,LIDAR_ONLY
0,31.4668,cam_2,CAM_ONLY,25.3326,,13.4408,11.8918,,88.4755,,0,,19.31,8.08,warning,3.35,,CAMERA_ONLY
0,31.5420,t194,BOTH,25.3853,15.4982,13.2511,12.1341,2.2471,91.5708,16.9575,0,0,24.63,3.70,warning,3.31,,FULL_ANGLE
0,31.5420,t203,LIDAR_ONLY,18.7538,18.7538,70.6286,51.8748,51.8748,73.4473,73.4473,0,0,24.63,3.70,drive,17.97,front,LIDAR_ONLY
0,31.5420,t203,LIDAR_ONLY,18.8262,18.8262,70.6286,51.8024,51.8024,73.3448,73.3448,0,0,24.63,3.70,drive,19.81,front,LIDAR_ONLY
0,31.5420,t203,LIDAR_ONLY,18.6363,18.6363,70.6286,51.9923,51.9923,73.6137,73.6137,0,0,24.63,3.70,drive,20.27,front,LIDAR_ONLY
0,31.5420,t203,LIDAR_ONLY,18.5767,18.5767,70.6286,52.0519,52.0519,73.6980,73.6980,0,0,24.63,3.70,drive,20.73,front,LIDAR_ONLY
0,31.5420,t194,LIDAR_ONLY,16.3168,16.3168,13.2511,3.0657,3.0657,23.1354,23.1354,0,0,24.63,3.70,cautious,9.69,front,LIDAR_ONLY
0,31.5420,t203,LIDAR_ONLY,18.8773,18.8773,70.6286,51.7513,51.7513,73.2725,73.2725,0,0,24.63,3.70,drive,16.13,front,LIDAR_ONLY
0,31.5420,t203,LIDAR_ONLY,19.1631,19.1631,70.6286,51.4655,51.4655,72.8678,72.8678,0,0,24.63,3.70,drive,17.51,front,LIDAR_ONLY
0,31.5420,t203,LIDAR_ONLY,19.5205,19.5205,70.6286,51.1081,51.1081,72.3618,72.3618,0,0,24.63,3.70,drive,18.43,front,LIDAR_ONLY
0,31.5420,t203,LIDAR_ONLY,19.8831,19.8831,70.6286,50.7455,50.7455,71.8484,71.8484,0,0,24.63,3.70,drive,19.35,front,LIDAR_ONLY
0,31.5420,t203,LIDAR_ONLY,19.9703,19.9703,70.6286,50.6583,50.6583,71.7249,71.7249,0,0,24.63,3.70,drive,21.19,front,LIDAR_ONLY
0,31.5420,t194,LIDAR_ONLY,15.5527,15.5527,13.2511,2.3015,2.3015,17.3687,17.3687,0,0,24.63,3.70,cautious,2.72,front,LIDAR_ONLY
0,31.5420,t194,LIDAR_ONLY,16.2701,16.2701,13.2511,3.0190,3.0190,22.7829,22.7829,0,0,24.63,3.70,cautious,10.61,front,LIDAR_ONLY
0,31.5420,t200,LIDAR_ONLY,29.1260,29.1260,,,,,,,,24.63,3.70,drive,-29.36,front,LIDAR_ONLY
0,31.5420,t200,LIDAR_ONLY,29.1451,29.1451,,,,,,,,24.63,3.70,drive,-25.75,front,LIDAR_ONLY
0,31.5420,t200,LIDAR_ONLY,29.0307,29.0307,,,,,,,,24.63,3.70,drive,-23.45,front,LIDAR_ONLY
0,31.5420,t194,LIDAR_ONLY,16.7740,16.7740,13.2511,3.5229,3.5229,26.5860,26.5860,0,0,24.63,3.70,cautious,8.77,front,LIDAR_ONLY
0,31.6319,cam_2,CAM_ONLY,24.7741,,13.0366,11.7374,,90.0344,,0,,25.90,6.36,warning,3.22,,CAMERA_ONLY
0,31.7098,cam_2,CAM_ONLY,24.4066,,12.8397,11.5669,,90.0866,,0,,11.82,7.01,warning,3.22,,CAMERA_ONLY
0,31.7809,cam_2,CAM_ONLY,23.6718,,12.6806,10.9912,,86.6769,,0,,15.80,3.61,warning,3.13,,CAMERA_ONLY
0,31.8562,cam_2,CAM_ONLY,23.2578,,12.5298,10.7280,,85.6201,,0,,13.54,4.57,warning,3.13,,CAMERA_ONLY
0,31.9150,cam_2,CAM_ONLY,23.6683,,12.4099,11.2584,,90.7216,,0,,11.77,3.84,warning,3.04,,CAMERA_ONLY
0,31.9859,t218,BOTH,22.7569,13.7743,12.2849,10.4720,1.4894,85.2434,12.1241,0,0,15.38,1.57,warning,3.04,,FULL_ANGLE
0,31.9859,t218,LIDAR_ONLY,12.5381,12.5381,12.2849,0.2533,0.2533,2.0616,2.0616,1,1,15.38,1.57,cautious,2.87,front,LIDAR_ONLY
0,31.9859,t218,LIDAR_ONLY,13.0647,13.0647,12.2849,0.7798,0.7798,6.3479,6.3479,1,1,15.38,1.57,cautious,8.66,front,LIDAR_ONLY
0,31.9859,t219,LIDAR_ONLY,29.0837,29.0837,,,,,,,,15.38,1.57,drive,-26.82,front,LIDAR_ONLY
0,31.9859,t219,LIDAR_ONLY,29.6098,29.6098,,,,,,,,15.38,1.57,drive,-21.74,front,LIDAR_ONLY
0,31.9859,t219,LIDAR_ONLY,30.3045,30.3045,,,,,,,,15.38,1.57,drive,-19.89,front,LIDAR_ONLY
0,31.9859,t218,LIDAR_ONLY,13.4199,13.4199,12.2849,1.1350,1.1350,9.2393,9.2393,0,0,15.38,1.57,cautious,-1.26,front,LIDAR_ONLY
0,32.0474,cam_2,CAM_ONLY,22.7173,,12.1736,10.5437,,86.6113,,0,,9.85,3.48,warning,3.00,,CAMERA_ONLY
0,32.1263,cam_2,CAM_ONLY,22.9504,,12.0199,10.9304,,90.9360,,0,,20.15,4.66,warning,2.91,,CAMERA_ONLY
0,32.1841,t218,BOTH,22.6239,13.6331,11.9319,10.6920,1.7012,89.6090,14.2576,0,0,15.66,1.57,warning,2.82,,FULL_ANGLE
0,32.1841,t222,LIDAR_ONLY,22.3018,22.3018,69.4915,47.1897,47.1897,67.9072,67.9072,0,0,15.66,1.57,drive,17.61,front,LIDAR_ONLY
0,32.1841,t222,LIDAR_ONLY,21.6033,21.6033,69.4915,47.8882,47.8882,68.9123,68.9123,0,0,15.66,1.57,drive,18.07,front,LIDAR_ONLY
0,32.1841,t222,LIDAR_ONLY,21.0530,21.0530,69.4915,48.4385,48.4385,69.7042,69.7042,0,0,15.66,1.57,drive,18.53,front,LIDAR_ONLY
0,32.1841,t222,LIDAR_ONLY,20.7154,20.7154,69.4915,48.7762,48.7762,70.1901,70.1901,0,0,15.66,1.57,drive,18.99,front,LIDAR_ONLY
0,32.1841,t222,LIDAR_ONLY,20.1241,20.1241,69.4915,49.3674,49.3674,71.0409,71.0409,0,0,15.66,1.57,drive,20.38,front,LIDAR_ONLY
0,32.1841,t218,LIDAR_ONLY,14.0583,14.0583,11.9319,2.1264,2.1264,17.8210,17.8210,0,0,15.66,1.57,cautious,10.68,front,LIDAR_ONLY
0,32.1841,t219,LIDAR_ONLY,31.7344,31.7344,,,,,,,,15.66,1.57,drive,-12.17,front,LIDAR_ONLY
0,32.1841,t218,LIDAR_ONLY,14.1943,14.1943,11.9319,2.2624,2.2624,18.9614,18.9614,0,0,15.66,1.57,cautious,2.33,front,LIDAR_ONLY
0,32.1841,t218,LIDAR_ONLY,14.3551,14.3551,11.9319,2.4232,2.4232,20.3086,20.3086,0,0,15.66,1.57,cautious,8.60,front,LIDAR_ONLY
0,32.1841,t223,LIDAR_ONLY,27.6619,27.6619,,,,,,,,15.66,1.57,drive,-28.85,front,LIDAR_ONLY
0,32.1841,t223,LIDAR_ONLY,27.9527,27.9527,,,,,,,,15.66,1.57,drive,-20.71,front,LIDAR_ONLY
0,32.2675,cam_2,CAM_ONLY,21.9896,,11.8258,10.1638,,85.9461,,0,,9.61,4.38,warning,2.86,,CAMERA_ONLY
0,32.3345,cam_2,CAM_ONLY,22.8138,,11.8227,10.9911,,92.9658,,0,,11.92,2.11,safe,2.82,,CAMERA_ONLY
0,32.3345,t223,LIDAR_ONLY,28.0001,28.0001,,,,,,,,11.92,2.11,drive,-29.14,front,LIDAR_ONLY
0,32.3345,t223,LIDAR_ONLY,28.1002,28.1002,,,,,,,,11.92,2.11,drive,-24.38,front,LIDAR_ONLY
0,32.3345,t223,LIDAR_ONLY,28.2722,28.2722,,,,,,,,11.92,2.11,drive,-21.61,front,LIDAR_ONLY
0,32.3923,t227,BOTH,22.8670,13.6043,11.8225,11.0445,1.7818,93.4190,15.0712,0,0,13.33,1.82,safe,2.82,,FULL_ANGLE
0,32.3923,t222,LIDAR_ONLY,12.9084,12.9084,,,,,,,,13.33,1.82,cautious,26.06,front,LIDAR_ONLY
0,32.3923,t218,LIDAR_ONLY,14.5876,14.5876,69.4017,54.8141,54.8141,78.9809,78.9809,0,0,13.33,1.82,cautious,15.98,front,LIDAR_ONLY
0,32.3923,t218,LIDAR_ONLY,14.8815,14.8815,69.4017,54.5202,54.5202,78.5574,78.5574,0,0,13.33,1.82,cautious,19.19,front,LIDAR_ONLY
0,32.3923,t218,LIDAR_ONLY,14.8456,14.8456,69.4017,54.5561,54.5561,78.6092,78.6092,0,0,13.33,1.82,cautious,19.65,front,LIDAR_ONLY
0,32.3923,t218,LIDAR_ONLY,17.8934,17.8934,69.4017,51.5082,51.5082,74.2176,74.2176,0,0,13.33,1.82,drive,20.11,front,LIDAR_ONLY
0,32.3923,t218,LIDAR_ONLY,18.2738,18.2738,69.4017,51.1279,51.1279,73.6695,73.6695,0,0,13.33,1.82,drive,21.03,front,LIDAR_ONLY
0,32.3923,t227,LIDAR_ONLY,12.1831,12.1831,11.8225,0.3605,0.3605,3.0494,3.0494,1,1,13.33,1.82,cautious,2.69,front,LIDAR_ONLY
0,32.3923,t227,LIDAR_ONLY,12.4430,12.4430,11.8225,0.6205,0.6205,5.2482,5.2482,1,1,13.33,1.82,cautious,9.55,front,LIDAR_ONLY
0,32.3923,t218,LIDAR_ONLY,18.4670,18.4670,69.4017,50.9347,50.9347,73.3912,73.3912,0,0,13.33,1.82,drive,16.44,front,LIDAR_ONLY
0,32.3923,t218,LIDAR_ONLY,18.7573,18.7573,69.4017,50.6444,50.6444,72.9729,72.9729,0,0,13.33,1.82,drive,17.81,front,LIDAR_ONLY
0,32.3923,t218,LIDAR_ONLY,18.8892,18.8892,69.4017,50.5125,50.5125,72.7828,72.7828,0,0,13.33,1.82,drive,20.57,front,LIDAR_ONLY
0,32.3923,t227,LIDAR_ONLY,13.0013,13.0013,11.8225,1.1787,1.1787,9.9700,9.9700,0,0,13.33,1.82,cautious,10.28,front,LIDAR_ONLY
0,32.3923,t223,LIDAR_ONLY,28.4834,28.4834,,,,,,,,13.33,1.82,drive,-29.71,front,LIDAR_ONLY
0,32.3923,t223,LIDAR_ONLY,28.4835,28.4835,,,,,,,,13.33,1.82,drive,-27.30,front,LIDAR_ONLY
0,32.3923,t223,LIDAR_ONLY,28.9989,28.9989,,,,,,,,13.33,1.82,drive,-23.04,front,LIDAR_ONLY
0,32.5417,t227,BOTH,22.5347,13.9850,11.8072,10.7275,2.1777,90.8550,18.4440,0,0,17.40,3.07,safe,2.77,,FULL_ANGLE
0,32.5417,t218,LIDAR_ONLY,19.3220,19.3220,69.3868,50.0648,50.0648,72.1532,72.1532,0,0,17.40,3.07,drive,17.41,front,LIDAR_ONLY
0,32.5417,t218,LIDAR_ONLY,20.0347,20.0347,69.3868,49.3521,49.3521,71.1261,71.1261,0,0,17.40,3.07,drive,17.87,front,LIDAR_ONLY
0,32.5417,t218,LIDAR_ONLY,20.1963,20.1963,69.3868,49.1905,49.1905,70.8932,70.8932,0,0,17.40,3.07,drive,18.79,front,LIDAR_ONLY
0,32.5417,t218,LIDAR_ONLY,19.9398,19.9398,69.3868,49.4470,49.4470,71.2628,71.2628,0,0,17.40,3.07,drive,19.25,front,LIDAR_ONLY
0,32.5417,t218,LIDAR_ONLY,19.8704,19.8704,69.3868,49.5164,49.5164,71.3628,71.3628,0,0,17.40,3.07,drive,20.18,front,LIDAR_ONLY
0,32.5417,t218,LIDAR_ONLY,18.7356,18.7356,69.3868,50.6512,50.6512,72.9984,72.9984,0,0,17.40,3.07,drive,20.64,front,LIDAR_ONLY
0,32.5417,t218,LIDAR_ONLY,18.9599,18.9599,69.3868,50.4269,50.4269,72.6750,72.6750,0,0,17.40,3.07,drive,16.02,front,LIDAR_ONLY
0,32.5417,t218,LIDAR_ONLY,19.4092,19.4092,69.3868,49.9776,49.9776,72.0276,72.0276,0,0,17.40,3.07,drive,16.48,front,LIDAR_ONLY
0,32.5417,t218,LIDAR_ONLY,19.6126,19.6126,69.3868,49.7742,49.7742,71.7344,71.7344,0,0,17.40,3.07,drive,21.10,front,LIDAR_ONLY
0,32.5417,t227,LIDAR_ONLY,14.3599,14.3599,11.8072,2.5526,2.5526,21.6191,21.6191,0,0,17.40,3.07,cautious,1.90,front,LIDAR_ONLY
0,32.5417,t227,LIDAR_ONLY,15.0245,15.0245,11.8072,3.2173,3.2173,27.2483,27.2483,0,0,17.40,3.07,cautious,9.61,front,LIDAR_ONLY
0,32.5417,t218,LIDAR_ONLY,19.9936,19.9936,69.3868,49.3932,49.3932,71.1854,71.1854,0,0,17.40,3.07,drive,18.33,front,LIDAR_ONLY
0,32.5417,t223,LIDAR_ONLY,29.3176,29.3176,,,,,,,,17.40,3.07,drive,-25.99,front,LIDAR_ONLY
0,32.6035,cam_2,CAM_ONLY,22.4737,,11.7886,10.6851,,90.6392,,0,,9.83,4.45,safe,2.77,,CAMERA_ONLY
0,32.6700,cam_2,CAM_ONLY,22.4110,,11.7630,10.6480,,90.5207,,0,,13.64,5.45,safe,2.77,,CAMERA_ONLY
0,32.7306,cam_2,CAM_ONLY,22.4730,,11.7345,10.7385,,91.5118,,0,,9.70,2.85,safe,2.77,,CAMERA_ONLY
0,32.7968,t237,BOTH,21.8665,26.4801,37.6554,15.7889,11.1753,41.9300,29.6778,0,0,10.76,3.83,slowdown,2.91,,FULL_ANGLE
0,32.7968,t236,LIDAR_ONLY,25.1569,25.1569,69.2717,44.1148,44.1148,63.6837,63.6837,0,0,10.76,3.83,drive,16.60,front,LIDAR_ONLY
0,32.7968,t236,LIDAR_ONLY,24.3796,24.3796,69.2717,44.8921,44.8921,64.8059,64.8059,0,0,10.76,3.83,drive,17.06,front,LIDAR_ONLY
0,32.7968,t236,LIDAR_ONLY,23.8027,23.8027,69.2717,45.4690,45.4690,65.6386,65.6386,0,0,10.76,3.83,drive,17.52,front,LIDAR_ONLY
0,32.7968,t236,LIDAR_ONLY,23.1372,23.1372,69.2717,46.1345,46.1345,66.5993,66.5993,0,0,10.76,3.83,drive,17.98,front,LIDAR_ONLY
0,32.7968,t236,LIDAR_ONLY,21.5828,21.5828,69.2717,47.6889,47.6889,68.8433,68.8433,0,0,10.76,3.83,drive,21.21,front,LIDAR_ONLY
0,32.7968,t237,LIDAR_ONLY,40.5766,40.5766,37.6554,2.9212,2.9212,7.7577,7.7577,0,0,10.76,3.83,drive,10.37,front,LIDAR_ONLY
0,32.7968,t236,LIDAR_ONLY,20.5930,20.5930,69.2717,48.6786,48.6786,70.2721,70.2721,0,0,10.76,3.83,drive,18.91,front,LIDAR_ONLY
0,32.7968,t236,LIDAR_ONLY,19.5580,19.5580,69.2717,49.7137,49.7137,71.7662,71.7662,0,0,10.76,3.83,drive,19.37,front,LIDAR_ONLY
0,32.7968,t236,LIDAR_ONLY,18.6002,18.6002,69.2717,50.6715,50.6715,73.1489,73.1489,0,0,10.76,3.83,drive,20.29,front,LIDAR_ONLY
0,32.7968,t237,LIDAR_ONLY,39.1001,39.1001,37.6554,1.4447,1.4447,3.8366,3.8366,0,0,10.76,3.83,drive,9.26,front,LIDAR_ONLY
0,32.7968,t236,LIDAR_ONLY,18.1194,18.1194,69.2717,51.1523,51.1523,73.8430,73.8430,0,0,10.76,3.83,drive,18.44,front,LIDAR_ONLY
0,32.7968,t236,LIDAR_ONLY,18.2278,18.2278,69.2717,51.0438,51.0438,73.6865,73.6865,0,0,10.76,3.83,drive,20.75,front,LIDAR_ONLY
0,32.8589,cam_2,CAM_ONLY,21.6254,,11.6368,9.9886,,85.8361,,0,,10.53,4.23,warning,2.86,,CAMERA_ONLY
0,32.9254,cam_2,CAM_ONLY,21.5860,,11.5636,10.0224,,86.6726,,0,,12.74,4.50,warning,2.86,,CAMERA_ONLY
0,32.9957,t237,BOTH,21.8826,22.9199,11.5470,10.3356,11.3729,89.5093,98.4928,0,0,9.14,2.45,safe,2.82,,FULL_ANGLE
0,32.9957,t236,LIDAR_ONLY,18.7237,18.7237,69.1448,50.4211,50.4211,72.9210,72.9210,0,0,9.14,2.45,drive,16.13,front,LIDAR_ONLY
0,32.9957,t236,LIDAR_ONLY,19.4876,19.4876,69.1448,49.6571,49.6571,71.8162,71.8162,0,0,9.14,2.45,drive,17.06,front,LIDAR_ONLY
0,32.9957,t236,LIDAR_ONLY,20.2387,20.2387,69.1448,48.9061,48.9061,70.7300,70.7300,0,0,9.14,2.45,drive,17.98,front,LIDAR_ONLY
0,32.9957,t236,LIDAR_ONLY,20.7246,20.7246,69.1448,48.4201,48.4201,70.0272,70.0272,0,0,9.14,2.45,drive,18.44,front,LIDAR_ONLY
0,32.9957,t236,LIDAR_ONLY,21.1943,21.1943,69.1448,47.9505,47.9505,69.3480,69.3480,0,0,9.14,2.45,drive,18.90,front,LIDAR_ONLY
0,32.9957,t236,LIDAR_ONLY,20.7474,20.7474,69.1448,48.3973,48.3973,69.9942,69.9942,0,0,9.14,2.45,drive,19.82,front,LIDAR_ONLY
0,32.9957,t236,LIDAR_ONLY,19.5031,19.5031,69.1448,49.6417,49.6417,71.7939,71.7939,0,0,9.14,2.45,drive,20.28,front,LIDAR_ONLY
0,32.9957,t236,LIDAR_ONLY,18.8364,18.8364,69.1448,50.3084,50.3084,72.7580,72.7580,0,0,9.14,2.45,drive,19.36,front,LIDAR_ONLY
0,32.9957,t236,LIDAR_ONLY,17.7858,17.7858,69.1448,51.3590,51.3590,74.2775,74.2775,0,0,9.14,2.45,drive,21.20,front,LIDAR_ONLY
0,32.9957,t237,LIDAR_ONLY,15.5853,15.5853,11.5470,4.0384,4.0384,34.9734,34.9734,0,0,9.14,2.45,drive,3.00,front,LIDAR_ONLY
0,32.9957,t237,LIDAR_ONLY,15.6232,15.6232,11.5470,4.0762,4.0762,35.3014,35.3014,0,0,9.14,2.45,drive,9.78,front,LIDAR_ONLY
0,32.9957,t236,LIDAR_ONLY,17.3279,17.3279,69.1448,51.8169,51.8169,74.9397,74.9397,0,0,9.14,2.45,drive,20.74,front,LIDAR_ONLY
0,33.0667,cam_2,CAM_ONLY,21.9886,,11.5449,10.4436,,90.4609,,0,,17.93,5.25,safe,2.82,,CAMERA_ONLY
0,33.1387,t242,BOTH,21.8921,13.0133,11.5351,10.3569,1.4781,89.7860,12.8142,0,0,17.35,1.93,safe,2.82,,FULL_ANGLE
0,33.1387,t236,LIDAR_ONLY,12.3060,12.3060,,,,,,,,17.35,1.93,cautious,26.78,front,LIDAR_ONLY
0,33.1387,t237,LIDAR_ONLY,13.6142,13.6142,69.1284,55.5142,55.5142,80.3059,80.3059,0,0,17.35,1.93,cautious,16.92,front,LIDAR_ONLY
0,33.1387,t237,LIDAR_ONLY,13.7810,13.7810,69.1284,55.3474,55.3474,80.0646,80.0646,0,0,17.35,1.93,cautious,17.84,front,LIDAR_ONLY
0,33.1387,t237,LIDAR_ONLY,14.0208,14.0208,69.1284,55.1076,55.1076,79.7177,79.7177,0,0,17.35,1.93,cautious,18.30,front,LIDAR_ONLY
0,33.1387,t237,LIDAR_ONLY,17.4166,17.4166,69.1284,51.7118,51.7118,74.8055,74.8055,0,0,17.35,1.93,cautious,18.76,front,LIDAR_ONLY
0,33.1387,t237,LIDAR_ONLY,18.5489,18.5489,69.1284,50.5795,50.5795,73.1674,73.1674,0,0,17.35,1.93,cautious,19.22,front,LIDAR_ONLY
0,33.1387,t237,LIDAR_ONLY,19.0035,19.0035,69.1284,50.1249,50.1249,72.5099,72.5099,0,0,17.35,1.93,drive,19.68,front,LIDAR_ONLY
0,33.1387,t237,LIDAR_ONLY,19.0169,19.0169,69.1284,50.1115,50.1115,72.4905,72.4905,0,0,17.35,1.93,drive,20.14,front,LIDAR_ONLY
0,33.1387,t242,LIDAR_ONLY,15.0507,15.0507,11.5351,3.5156,3.5156,30.4770,30.4770,0,0,17.35,1.93,cautious,9.33,front,LIDAR_ONLY
0,33.1387,t237,LIDAR_ONLY,18.0444,18.0444,69.1284,51.0840,51.0840,73.8973,73.8973,0,0,17.35,1.93,drive,21.06,front,LIDAR_ONLY
0,33.1387,t242,LIDAR_ONLY,13.1377,13.1377,11.5351,1.6026,1.6026,13.8930,13.8930,0,0,17.35,1.93,cautious,2.57,front,LIDAR_ONLY
0,33.1387,t242,LIDAR_ONLY,13.4526,13.4526,11.5351,1.9175,1.9175,16.6232,16.6232,0,0,17.35,1.93,cautious,10.37,front,LIDAR_ONLY
0,33.1387,t243,LIDAR_ONLY,29.6898,29.6898,13.8019,15.8879,15.8879,115.1135,115.1135,0,0,17.35,1.93,drive,-25.84,front,LIDAR_ONLY
0,33.1387,t243,LIDAR_ONLY,29.9621,29.9621,13.8019,16.1602,16.1602,117.0865,117.0865,0,0,17.35,1.93,drive,-23.08,front,LIDAR_ONLY
0,33.2125,cam_2,CAM_ONLY,21.7375,,11.5095,10.2280,,88.8657,,0,,11.96,4.58,safe,2.86,,CAMERA_ONLY
0,33.2716,cam_2,CAM_ONLY,21.9517,,11.4828,10.4689,,91.1708,,0,,9.81,4.54,safe,2.82,,CAMERA_ONLY
0,33.3338,cam_2,CAM_ONLY,21.9892,,11.4536,10.5356,,91.9855,,0,,11.14,2.79,safe,2.86,,CAMERA_ONLY
0,33.3338,t243,LIDAR_ONLY,29.9365,29.9365,18.6678,11.2687,11.2687,60.3643,60.3643,0,0,11.14,2.79,drive,-27.42,front,LIDAR_ONLY
0,33.3338,t243,LIDAR_ONLY,23.7782,23.7782,18.6678,5.1104,5.1104,27.3757,27.3757,0,0,11.14,2.79,drive,-25.54,front,LIDAR_ONLY
0,33.3338,t243,LIDAR_ONLY,23.4092,23.4092,18.6678,4.7414,4.7414,25.3991,25.3991,0,0,11.14,2.79,drive,-20.74,front,LIDAR_ONLY
0,33.4080,cam_2,CAM_ONLY,21.7119,,11.3909,10.3210,,90.6073,,0,,12.79,6.29,warning,2.82,,CAMERA_ONLY
0,33.4666,cam_2,CAM_ONLY,22.1380,,11.3617,10.7763,,94.8468,,0,,9.24,6.31,safe,2.77,,CAMERA_ONLY
0,33.5430,t256,BOTH,22.5763,15.0057,11.3593,11.2170,3.6464,98.7478,32.1006,0,0,20.45,2.70,safe,2.82,,FULL_ANGLE
0,33.5430,t255,LIDAR_ONLY,24.4633,24.4633,68.9461,44.4828,44.4828,64.5183,64.5183,0,0,20.45,2.70,drive,16.94,front,LIDAR_ONLY
0,33.5430,t255,LIDAR_ONLY,23.8105,23.8105,68.9461,45.1356,45.1356,65.4651,65.4651,0,0,20.45,2.70,drive,17.40,front,LIDAR_ONLY
0,33.5430,t255,LIDAR_ONLY,23.2119,23.2119,68.9461,45.7342,45.7342,66.3332,66.3332,0,0,20.45,2.70,drive,17.86,front,LIDAR_ONLY
0,33.5430,t255,LIDAR_ONLY,22.6468,22.6468,68.9461,46.2993,46.2993,67.1529,67.1529,0,0,20.45,2.70,drive,18.32,front,LIDAR_ONLY
0,33.5430,t255,LIDAR_ONLY,21.9814,21.9814,68.9461,46.9647,46.9647,68.1180,68.1180,0,0,20.45,2.70,drive,18.78,front,LIDAR_ONLY
0,33.5430,t255,LIDAR_ONLY,20.8674,20.8674,68.9461,48.0787,48.0787,69.7337,69.7337,0,0,20.45,2.70,drive,19.24,front,LIDAR_ONLY
0,33.5430,t255,LIDAR_ONLY,19.7582,19.7582,68.9461,49.1879,49.1879,71.3426,71.3426,0,0,20.45,2.70,drive,20.62,front,LIDAR_ONLY
0,33.5430,t256,LIDAR_ONLY,12.8350,12.8350,11.3593,1.4757,1.4757,12.9916,12.9916,0,0,20.45,2.70,cautious,2.45,front,LIDAR_ONLY
0,33.5430,t256,LIDAR_ONLY,12.7972,12.7972,11.3593,1.4380,1.4380,12.6589,12.6589,0,0,20.45,2.70,cautious,6.59,front,LIDAR_ONLY
0,33.5430,t255,LIDAR_ONLY,19.1035,19.1035,68.9461,49.8426,49.8426,72.2922,72.2922,0,0,20.45,2.70,drive,19.70,front,LIDAR_ONLY
0,33.5430,t255,LIDAR_ONLY,18.1739,18.1739,68.9461,50.7722,50.7722,73.6404,73.6404,0,0,20.45,2.70,drive,21.08,front,LIDAR_ONLY
0,33.5430,t256,LIDAR_ONLY,12.5247,12.5247,11.3593,1.1654,1.1654,10.2597,10.2597,0,0,20.45,2.70,cautious,2.58,front,LIDAR_ONLY
0,33.5430,t256,LIDAR_ONLY,13.1279,13.1279,11.3593,1.7686,1.7686,15.5698,15.5698,0,0,20.45,2.70,cautious,9.52,front,LIDAR_ONLY
0,33.5430,t255,LIDAR_ONLY,17.6397,17.6397,68.9461,51.3064,51.3064,74.4152,74.4152,0,0,20.45,2.70,drive,20.16,front,LIDAR_ONLY
0,33.5430,t243,LIDAR_ONLY,23.0377,23.0377,23.3004,0.2627,0.2627,1.1273,1.1273,1,1,20.45,2.70,drive,-17.56,front,LIDAR_ONLY
0,33.5430,t243,LIDAR_ONLY,22.9348,22.9348,23.3004,0.3656,0.3656,1.5691,1.5691,1,1,20.45,2.70,drive,-14.80,front,LIDAR_ONLY
0,33.6782,cam_2,CAM_ONLY,22.1658,,11.3226,10.8432,,95.7656,,0,,12.22,3.67,safe,2.86,,CAMERA_ONLY
0,33.7431,t256,BOTH,21.1126,13.2264,11.2924,9.8202,1.9340,86.9635,17.1269,0,0,13.40,3.08,slowdown,2.91,,FULL_ANGLE
0,33.7431,t255,LIDAR_ONLY,17.7856,17.7856,68.8746,51.0890,51.0890,74.1769,74.1769,0,0,13.40,3.08,drive,17.80,front,LIDAR_ONLY
0,33.7431,t255,LIDAR_ONLY,18.0733,18.0733,68.8746,50.8013,50.8013,73.7592,73.7592,0,0,13.40,3.08,drive,18.72,front,LIDAR_ONLY
0,33.7431,t255,LIDAR_ONLY,18.3361,18.3361,68.8746,50.5385,50.5385,73.3776,73.3776,0,0,13.40,3.08,drive,19.18,front,LIDAR_ONLY
0,33.7431,t255,LIDAR_ONLY,18.5934,18.5934,68.8746,50.2812,50.2812,73.0040,73.0040,0,0,13.40,3.08,drive,20.10,front,LIDAR_ONLY
0,33.7431,t255,LIDAR_ONLY,18.5303,18.5303,68.8746,50.3443,50.3443,73.0956,73.0956,0,0,13.40,3.08,drive,21.02,front,LIDAR_ONLY
0,33.7431,t256,LIDAR_ONLY,13.5505,13.5505,11.2924,2.2581,2.2581,19.9967,19.9967,0,0,13.40,3.08,cautious,0.10,front,LIDAR_ONLY
0,33.7431,t255,LIDAR_ONLY,18.7089,18.7089,68.8746,50.1658,50.1658,72.8364,72.8364,0,0,13.40,3.08,drive,16.88,front,LIDAR_ONLY
0,33.7431,t255,LIDAR_ONLY,18.8959,18.8959,68.8746,49.9787,49.9787,72.5648,72.5648,0,0,13.40,3.08,drive,18.26,front,LIDAR_ONLY
0,33.7431,t255,LIDAR_ONLY,18.9859,18.9859,68.8746,49.8888,49.8888,72.4342,72.4342,0,0,13.40,3.08,drive,19.64,front,LIDAR_ONLY
0,33.7431,t256,LIDAR_ONLY,13.2017,13.2017,11.2924,1.9094,1.9094,16.9086,16.9086,0,0,13.40,3.08,cautious,8.30,front,LIDAR_ONLY
0,33.7431,t256,LIDAR_ONLY,13.8765,13.8765,11.2924,2.5841,2.5841,22.8839,22.8839,0,0,13.40,3.08,cautious,10.60,front,LIDAR_ONLY
0,33.7431,t243,LIDAR_ONLY,23.0390,23.0390,27.9759,4.9369,4.9369,17.6469,17.6469,0,0,13.40,3.08,drive,-20.81,front,LIDAR_ONLY
0,33.7431,t243,LIDAR_ONLY,23.8917,23.8917,27.9759,4.0842,4.0842,14.5989,14.5989,0,0,13.40,3.08,drive,-13.77,front,LIDAR_ONLY
0,33.7431,t264,LIDAR_ONLY,7.1020,7.1020,5.6464,1.4556,1.4556,25.7792,25.7792,0,0,13.40,3.08,slow,-25.55,front,LIDAR_ONLY
0,33.8227,cam_2,CAM_ONLY,21.8718,,11.2736,10.5983,,94.0099,,0,,21.62,4.92,safe,2.82,,CAMERA_ONLY
0,33.8834,cam_2,CAM_ONLY,22.1738,,11.2717,10.9021,,96.7209,,0,,12.90,2.97,safe,2.82,,CAMERA_ONLY
0,33.8834,t264,LIDAR_ONLY,7.1949,7.1949,,,,,,,,12.90,2.97,slow,-29.75,front,LIDAR_ONLY
0,33.8834,t264,LIDAR_ONLY,7.3553,7.3553,,,,,,,,12.90,2.97,slow,-28.06,front,LIDAR_ONLY
0,33.8834,t264,LIDAR_ONLY,7.6478,7.6478,,,,,,,,12.90,2.97,slow,-22.53,front,LIDAR_ONLY
0,33.8834,t243,LIDAR_ONLY,12.8124,12.8124,9.2400,3.5724,3.5724,38.6625,38.6625,0,0,12.90,2.97,cautious,-17.94,front,LIDAR_ONLY
0,33.9542,cam_2,CAM_ONLY,21.9057,,11.2698,10.6359,,94.3754,,0,,9.89,5.29,safe,2.82,,CAMERA_ONLY
0,33.9542,t255,LIDAR_ONLY,19.2603,19.2603,68.8540,49.5937,49.5937,72.0273,72.0273,0,0,9.89,5.29,drive,18.16,front,LIDAR_ONLY
0,33.9542,t255,LIDAR_ONLY,19.8496,19.8496,68.8540,49.0045,49.0045,71.1715,71.1715,0,0,9.89,5.29,drive,18.62,front,LIDAR_ONLY
0,33.9542,t255,LIDAR_ONLY,19.9476,19.9476,68.8540,48.9064,48.9064,71.0292,71.0292,0,0,9.89,5.29,drive,19.08,front,LIDAR_ONLY
0,33.9542,t255,LIDAR_ONLY,19.6242,19.6242,68.8540,49.2298,49.2298,71.4988,71.4988,0,0,9.89,5.29,drive,19.54,front,LIDAR_ONLY
0,33.9542,t255,LIDAR_ONLY,19.4372,19.4372,68.8540,49.4169,49.4169,71.7705,71.7705,0,0,9.89,5.29,drive,20.00,front,LIDAR_ONLY
0,33.9542,t255,LIDAR_ONLY,18.6485,18.6485,68.8540,50.2056,50.2056,72.9160,72.9160,0,0,9.89,5.29,drive,20.93,front,LIDAR_ONLY
0,34.0293,cam_2,CAM_ONLY,21.8713,,11.2697,10.6016,,94.0712,,0,,12.78,3.71,safe,2.82,,CAMERA_ONLY
0,34.0938,t271,BOTH,21.7662,13.2496,11.2643,10.5019,1.9853,93.2321,17.6252,0,0,14.50,2.16,safe,2.82,,FULL_ANGLE
0,34.0938,t255,LIDAR_ONLY,18.7179,18.7179,68.8479,50.1300,50.1300,72.8127,72.8127,0,0,14.50,2.16,drive,17.68,front,LIDAR_ONLY
0,34.0938,t255,LIDAR_ONLY,18.7780,18.7780,68.8479,50.0699,50.0699,72.7253,72.7253,0,0,14.50,2.16,drive,19.06,front,LIDAR_ONLY
0,34.0938,t255,LIDAR_ONLY,18.7942,18.7942,68.8479,50.0537,50.0537,72.7018,72.7018,0,0,14.50,2.16,drive,19.99,front,LIDAR_ONLY
0,34.0938,t255,LIDAR_ONLY,18.3863,18.3863,68.8479,50.4616,50.4616,73.2943,73.2943,0,0,14.50,2.16,drive,20.91,front,LIDAR_ONLY
0,34.0938,t271,LIDAR_ONLY,12.7715,12.7715,11.2643,1.5072,1.5072,13.3806,13.3806,0,0,14.50,2.16,cautious,2.87,front,LIDAR_ONLY
0,34.0938,t255,LIDAR_ONLY,18.8411,18.8411,68.8479,50.0068,50.0068,72.6337,72.6337,0,0,14.50,2.16,drive,16.30,front,LIDAR_ONLY
0,34.0938,t255,LIDAR_ONLY,19.2146,19.2146,68.8479,49.6333,49.6333,72.0912,72.0912,0,0,14.50,2.16,drive,17.22,front,LIDAR_ONLY
0,34.0938,t255,LIDAR_ONLY,19.5449,19.5449,68.8479,49.3031,49.3031,71.6115,71.6115,0,0,14.50,2.16,drive,18.60,front,LIDAR_ONLY
0,34.0938,t255,LIDAR_ONLY,19.7440,19.7440,68.8479,49.1039,49.1039,71.3223,71.3223,0,0,14.50,2.16,drive,20.45,front,LIDAR_ONLY
0,34.0938,t271,LIDAR_ONLY,13.9673,13.9673,11.2643,2.7030,2.7030,23.9963,23.9963,0,0,14.50,2.16,cautious,-6.58,front,LIDAR_ONLY
0,34.0938,t271,LIDAR_ONLY,12.4868,12.4868,11.2643,1.2226,1.2226,10.8535,10.8535,0,0,14.50,2.16,cautious,2.63,front,LIDAR_ONLY
0,34.0938,t264,LIDAR_ONLY,7.9460,7.9460,,,,,,,,14.50,2.16,slow,-26.08,front,LIDAR_ONLY
0,34.0938,t243,LIDAR_ONLY,12.8703,12.8703,14.2365,1.3662,1.3662,9.5965,9.5965,0,0,14.50,2.16,cautious,-9.91,front,LIDAR_ONLY
0,34.1568,cam_2,CAM_ONLY,21.6596,,11.2614,10.3982,,92.3355,,0,,10.96,5.08,safe,2.82,,CAMERA_ONLY
0,34.2200,cam_2,CAM_ONLY,21.7433,,11.2605,10.4828,,93.0928,,0,,9.91,3.49,safe,2.77,,CAMERA_ONLY
0,34.2798,cam_2,CAM_ONLY,21.7541,,11.2550,10.4991,,93.2834,,0,,10.68,3.19,safe,2.82,,CAMERA_ONLY
0,34.3506,t280,BOTH,21.0983,19.2029,68.8210,47.7226,49.6180,69.3431,72.0973,0,0,15.81,4.75,safe,2.77,,FULL_ANGLE
0,34.3506,t280,LIDAR_ONLY,18.5620,18.5620,68.8210,50.2589,50.2589,73.0285,73.0285,0,0,15.81,4.75,drive,19.60,front,LIDAR_ONLY
0,34.3506,t280,LIDAR_ONLY,19.5086,19.5086,68.8210,49.3123,49.3123,71.6531,71.6531,0,0,15.81,4.75,drive,19.14,front,LIDAR_ONLY
0,34.3506,t280,LIDAR_ONLY,19.5668,19.5668,68.8210,49.2541,49.2541,71.5685,71.5685,0,0,15.81,4.75,drive,20.07,front,LIDAR_ONLY
0,34.3506,t280,LIDAR_ONLY,19.1309,19.1309,68.8210,49.6901,49.6901,72.2020,72.2020,0,0,15.81,4.75,drive,20.99,front,LIDAR_ONLY
0,34.4163,cam_2,CAM_ONLY,21.0401,,11.2114,9.8287,,87.6672,,0,,12.31,7.08,slowdown,2.77,,CAMERA_ONLY
0,34.4817,cam_2,CAM_ONLY,21.4111,,11.1756,10.2354,,91.5871,,0,,11.81,2.90,slowdown,2.73,,CAMERA_ONLY
0,34.5416,t284,BOTH,21.3358,12.7238,11.1223,10.2134,1.6015,91.8279,14.3988,0,0,10.17,4.53,warning,2.73,,FULL_ANGLE
0,34.5416,t280,LIDAR_ONLY,19.6049,19.6049,11.1223,8.4826,8.4826,76.2664,76.2664,0,0,10.17,4.53,drive,16.27,front,LIDAR_ONLY
0,34.5416,t280,LIDAR_ONLY,21.3922,21.3922,11.1223,10.2699,10.2699,92.3354,92.3354,0,0,10.17,4.53,drive,9.82,front,LIDAR_ONLY
0,34.5416,t284,LIDAR_ONLY,11.4077,11.4077,11.1223,0.2853,0.2853,2.5653,2.5653,1,1,10.17,4.53,cautious,2.60,front,LIDAR_ONLY
0,34.5416,t285,LIDAR_ONLY,30.0943,30.0943,,,,,,,,10.17,4.53,drive,-24.95,front,LIDAR_ONLY
0,34.5416,t280,LIDAR_ONLY,22.3603,22.3603,11.1223,11.2379,11.2379,101.0391,101.0391,0,0,10.17,4.53,drive,7.98,front,LIDAR_ONLY
0,34.6116,cam_2,CAM_ONLY,21.0676,,11.0978,9.9698,,89.8362,,0,,15.63,6.09,safe,2.46,,CAMERA_ONLY
0,34.6698,cam_2,CAM_ONLY,10.2696,,11.0968,0.8272,,7.4543,,1,,11.07,1.96,stop,2.77,,CAMERA_ONLY
0,34.7355,t290,LIDAR_ONLY,15.0700,15.0700,68.6870,53.6170,53.6170,78.0599,78.0599,0,0,15.11,1.94,drive,22.36,front,LIDAR_ONLY
0,34.7355,t290,LIDAR_ONLY,15.5671,15.5671,68.6870,53.1199,53.1199,77.3361,77.3361,0,0,15.11,1.94,drive,16.93,front,LIDAR_ONLY
0,34.7355,t290,LIDAR_ONLY,16.1028,16.1028,68.6870,52.5842,52.5842,76.5563,76.5563,0,0,15.11,1.94,drive,17.86,front,LIDAR_ONLY
0,34.7355,t290,LIDAR_ONLY,16.6602,16.6602,68.6870,52.0269,52.0269,75.7448,75.7448,0,0,15.11,1.94,drive,18.32,front,LIDAR_ONLY
0,34.7355,t290,LIDAR_ONLY,17.0850,17.0850,68.6870,51.6021,51.6021,75.1264,75.1264,0,0,15.11,1.94,drive,19.24,front,LIDAR_ONLY
0,34.7355,t290,LIDAR_ONLY,18.0583,18.0583,68.6870,50.6287,50.6287,73.7092,73.7092,0,0,15.11,1.94,drive,21.09,front,LIDAR_ONLY
0,34.7355,t284,LIDAR_ONLY,11.4474,11.4474,11.0943,0.3531,0.3531,3.1823,3.1823,1,1,15.11,1.94,cautious,4.43,front,LIDAR_ONLY
0,34.7355,t290,LIDAR_ONLY,18.3614,18.3614,68.6870,50.3256,50.3256,73.2680,73.2680,0,0,15.11,1.94,drive,20.17,front,LIDAR_ONLY
0,34.7355,t291,LIDAR_ONLY,42.4058,42.4058,,,,,,,,15.11,1.94,drive,-11.99,front,LIDAR_ONLY
0,34.7355,t284,LIDAR_ONLY,11.4156,11.4156,11.0943,0.3213,0.3213,2.8960,2.8960,1,1,15.11,1.94,cautious,2.41,front,LIDAR_ONLY
0,34.7355,t290,LIDAR_ONLY,18.7517,18.7517,68.6870,49.9354,49.9354,72.6998,72.6998,0,0,15.11,1.94,drive,16.47,front,LIDAR_ONLY
0,34.7355,t290,LIDAR_ONLY,18.9272,18.9272,68.6870,49.7599,49.7599,72.4443,72.4443,0,0,15.11,1.94,drive,18.78,front,LIDAR_ONLY
0,34.7355,t285,LIDAR_ONLY,27.4663,27.4663,,,,,,,,15.11,1.94,drive,-29.50,front,LIDAR_ONLY
0,34.7355,t285,LIDAR_ONLY,27.6711,27.6711,,,,,,,,15.11,1.94,drive,-21.37,front,LIDAR_ONLY
0,34.7355,t280,LIDAR_ONLY,24.1184,24.1184,37.0695,12.9511,12.9511,34.9374,34.9374,0,0,15.11,1.94,drive,8.62,front,LIDAR_ONLY
0,34.7355,t280,LIDAR_ONLY,26.4974,26.4974,37.0695,10.5721,10.5721,28.5198,28.5198,0,0,15.11,1.94,drive,10.47,front,LIDAR_ONLY
0,34.7991,cam_2,CAM_ONLY,10.3321,,11.0943,0.7623,,6.8707,,1,,10.11,5.06,stop,2.82,,CAMERA_ONLY
0,34.8616,cam_2,CAM_ONLY,10.3172,,11.0932,0.7760,,6.9954,,1,,12.87,5.99,stop,2.91,,CAMERA_ONLY
0,34.9833,cam_2,CAM_ONLY,10.2881,,11.0931,0.8051,,7.2575,,1,,11.56,2.46,stop,2.82,,CAMERA_ONLY
0,34.9833,t301,LIDAR_ONLY,27.5360,27.5360,,,,,,,,11.56,2.46,drive,-28.85,front,LIDAR_ONLY
0,34.9833,t301,LIDAR_ONLY,27.9038,27.9038,,,,,,,,11.56,2.46,drive,-22.58,front,LIDAR_ONLY
0,35.0654,cam_2,CAM_ONLY,10.2131,,11.0931,0.8800,,7.9333,,1,,14.94,3.77,stop,2.86,,CAMERA_ONLY
0,35.1516,t305,LIDAR_ONLY,13.7423,13.7423,68.6859,54.9435,54.9435,79.9925,79.9925,0,0,19.48,6.45,cautious,23.90,front,LIDAR_ONLY
0,35.1516,t305,LIDAR_ONLY,14.0301,14.0301,68.6859,54.6557,54.6557,79.5735,79.5735,0,0,19.48,6.45,cautious,16.31,front,LIDAR_ONLY
0,35.1516,t305,LIDAR_ONLY,14.4487,14.4487,68.6859,54.2372,54.2372,78.9641,78.9641,0,0,19.48,6.45,cautious,16.77,front,LIDAR_ONLY
0,35.1516,t305,LIDAR_ONLY,14.8475,14.8475,68.6859,53.8383,53.8383,78.3834,78.3834,0,0,19.48,6.45,cautious,19.07,front,LIDAR_ONLY
0,35.1516,t305,LIDAR_ONLY,15.1553,15.1553,68.6859,53.5305,53.5305,77.9353,77.9353,0,0,19.48,6.45,cautious,20.91,front,LIDAR_ONLY
0,35.1516,t305,LIDAR_ONLY,16.5238,16.5238,68.6859,52.1620,52.1620,75.9429,75.9429,0,0,19.48,6.45,drive,21.37,front,LIDAR_ONLY
0,35.1516,t306,LIDAR_ONLY,12.5647,12.5647,11.0931,1.4716,1.4716,13.2663,13.2663,0,0,19.48,6.45,cautious,4.88,front,LIDAR_ONLY
0,35.1516,t305,LIDAR_ONLY,17.3056,17.3056,68.6859,51.3803,51.3803,74.8047,74.8047,0,0,19.48,6.45,drive,17.69,front,LIDAR_ONLY
0,35.1516,t305,LIDAR_ONLY,17.5780,17.5780,68.6859,51.1078,51.1078,74.4081,74.4081,0,0,19.48,6.45,drive,19.53,front,LIDAR_ONLY
0,35.1516,t306,LIDAR_ONLY,11.4635,11.4635,11.0931,0.3705,0.3705,3.3395,3.3395,1,1,19.48,6.45,cautious,4.81,front,LIDAR_ONLY
0,35.1516,t306,LIDAR_ONLY,12.0829,12.0829,11.0931,0.9898,0.9898,8.9223,8.9223,1,1,19.48,6.45,cautious,9.49,front,LIDAR_ONLY
0,35.3470,t305,LIDAR_ONLY,17.9720,17.9720,68.6868,50.7148,50.7148,73.8349,73.8349,0,0,8.87,3.02,drive,17.46,front,LIDAR_ONLY
0,35.3470,t305,LIDAR_ONLY,18.6601,18.6601,68.6868,50.0267,50.0267,72.8330,72.8330,0,0,8.87,3.02,drive,17.92,front,LIDAR_ONLY
0,35.3470,t305,LIDAR_ONLY,19.5409,19.5409,68.6868,49.1458,49.1458,71.5506,71.5506,0,0,8.87,3.02,drive,18.38,front,LIDAR_ONLY
0,35.3470,t305,LIDAR_ONLY,20.0109,20.0109,68.6868,48.6759,48.6759,70.8665,70.8665,0,0,8.87,3.02,drive,18.84,front,LIDAR_ONLY
0,35.3470,t305,LIDAR_ONLY,20.3284,20.3284,68.6868,48.3583,48.3583,70.4041,70.4041,0,0,8.87,3.02,drive,19.30,front,LIDAR_ONLY
0,35.3470,t305,LIDAR_ONLY,19.9580,19.9580,68.6868,48.7287,48.7287,70.9434,70.9434,0,0,8.87,3.02,drive,20.22,front,LIDAR_ONLY
0,35.3470,t306,LIDAR_ONLY,12.4752,12.4752,11.0906,1.3846,1.3846,12.4849,12.4849,0,0,8.87,3.02,cautious,2.41,front,LIDAR_ONLY
0,35.3470,t306,LIDAR_ONLY,13.0553,13.0553,11.0906,1.9647,1.9647,17.7154,17.7154,0,0,8.87,3.02,cautious,9.65,front,LIDAR_ONLY
0,35.3470,t305,LIDAR_ONLY,18.8202,18.8202,68.6868,49.8666,49.8666,72.6000,72.6000,0,0,8.87,3.02,drive,21.14,front,LIDAR_ONLY
0,35.3470,t315,LIDAR_ONLY,43.3415,43.3415,,,,,,,,8.87,3.02,drive,-11.34,front,LIDAR_ONLY
0,35.3470,t306,LIDAR_ONLY,12.8465,12.8465,11.0906,1.7559,1.7559,15.8322,15.8322,0,0,8.87,3.02,cautious,2.67,front,LIDAR_ONLY
0,35.3470,t306,LIDAR_ONLY,13.5168,13.5168,11.0906,2.4262,2.4262,21.8759,21.8759,0,0,8.87,3.02,cautious,10.18,front,LIDAR_ONLY
0,35.5323,t324,LIDAR_ONLY,28.0203,28.0203,,,,,,,,10.83,2.32,drive,-28.13,front,LIDAR_ONLY
0,35.5968,t327,LIDAR_ONLY,23.0963,23.0963,68.6093,45.5130,45.5130,66.3365,66.3365,0,0,11.01,3.60,drive,17.49,front,LIDAR_ONLY
0,35.5968,t327,LIDAR_ONLY,22.0082,22.0082,68.6093,46.6011,46.6011,67.9224,67.9224,0,0,11.01,3.60,drive,18.41,front,LIDAR_ONLY
0,35.5968,t327,LIDAR_ONLY,21.3355,21.3355,68.6093,47.2738,47.2738,68.9029,68.9029,0,0,11.01,3.60,drive,19.34,front,LIDAR_ONLY
0,35.5968,t327,LIDAR_ONLY,20.3826,20.3826,68.6093,48.2268,48.2268,70.2918,70.2918,0,0,11.01,3.60,drive,21.18,front,LIDAR_ONLY
0,35.5968,t328,LIDAR_ONLY,40.0310,40.0310,36.9793,3.0518,3.0518,8.2527,8.2527,0,0,11.01,3.60,drive,9.63,front,LIDAR_ONLY
0,35.5968,t327,LIDAR_ONLY,20.3172,20.3172,68.6093,48.2922,48.2922,70.3872,70.3872,0,0,11.01,3.60,drive,18.87,front,LIDAR_ONLY
0,35.5968,t327,LIDAR_ONLY,19.0988,19.0988,68.6093,49.5106,49.5106,72.1630,72.1630,0,0,11.01,3.60,drive,19.80,front,LIDAR_ONLY
0,35.5968,t328,LIDAR_ONLY,38.8751,38.8751,36.9793,1.8958,1.8958,5.1268,5.1268,0,0,11.01,3.60,drive,8.94,front,LIDAR_ONLY
0,35.5968,t328,LIDAR_ONLY,38.6238,38.6238,36.9793,1.6445,1.6445,4.4472,4.4472,0,0,11.01,3.60,drive,10.87,front,LIDAR_ONLY
0,35.5968,t328,LIDAR_ONLY,29.4445,29.4445,36.9793,7.5347,7.5347,20.3756,20.3756,0,0,11.01,3.60,drive,7.59,front,LIDAR_ONLY
0,35.9122,cam_3,CAM_ONLY,10.0118,,10.6405,0.6287,,5.9089,,1,,9.25,6.21,emergency,2.77,,CAMERA_ONLY
0,36.0382,t346,LIDAR_ONLY,26.0578,26.0578,36.4310,10.3733,10.3733,28.4737,28.4737,0,0,12.64,1.41,drive,16.40,front,LIDAR_ONLY
0,36.0382,t346,LIDAR_ONLY,24.7015,24.7015,36.4310,11.7295,11.7295,32.1966,32.1966,0,0,12.64,1.41,drive,17.32,front,LIDAR_ONLY
0,36.0382,t346,LIDAR_ONLY,23.8642,23.8642,36.4310,12.5669,12.5669,34.4950,34.4950,0,0,12.64,1.41,drive,17.78,front,LIDAR_ONLY
0,36.0382,t347,LIDAR_ONLY,11.9642,11.9642,10.4244,1.5398,1.5398,14.7711,14.7711,0,0,12.64,1.41,cautious,3.75,front,LIDAR_ONLY
0,36.0382,t346,LIDAR_ONLY,23.9215,23.9215,36.4310,12.5096,12.5096,34.3377,34.3377,0,0,12.64,1.41,drive,16.86,front,LIDAR_ONLY
0,36.0382,t347,LIDAR_ONLY,10.7089,10.7089,10.4244,0.2845,0.2845,2.7288,2.7288,1,1,12.64,1.41,slow,2.13,front,LIDAR_ONLY
0,36.0382,t347,LIDAR_ONLY,11.5203,11.5203,10.4244,1.0959,1.0959,10.5132,10.5132,0,0,12.64,1.41,slow,9.41,front,LIDAR_ONLY
0,36.0382,t348,LIDAR_ONLY,27.5805,27.5805,,,,,,,,12.64,1.41,drive,-28.86,front,LIDAR_ONLY
0,36.0382,t349,LIDAR_ONLY,11.3647,11.3647,10.4244,0.9403,0.9403,9.0201,9.0201,1,1,12.64,1.41,cautious,-2.01,front,LIDAR_ONLY
0,36.2469,t346,LIDAR_ONLY,23.9559,23.9559,67.7984,43.8425,43.8425,64.6659,64.6659,0,0,12.98,4.86,drive,16.99,front,LIDAR_ONLY
0,36.2469,t346,LIDAR_ONLY,23.3769,23.3769,67.7984,44.4215,44.4215,65.5200,65.5200,0,0,12.98,4.86,drive,17.45,front,LIDAR_ONLY
0,36.2469,t346,LIDAR_ONLY,22.5967,22.5967,67.7984,45.2017,45.2017,66.6707,66.6707,0,0,12.98,4.86,drive,18.37,front,LIDAR_ONLY
0,36.2469,t346,LIDAR_ONLY,21.6877,21.6877,67.7984,46.1107,46.1107,68.0114,68.0114,0,0,12.98,4.86,drive,19.76,front,LIDAR_ONLY
0,36.2469,t346,LIDAR_ONLY,19.8848,19.8848,67.7984,47.9136,47.9136,70.6707,70.6707,0,0,12.98,4.86,drive,21.14,front,LIDAR_ONLY
0,36.2469,t346,LIDAR_ONLY,18.5038,18.5038,67.7984,49.2946,49.2946,72.7077,72.7077,0,0,12.98,4.86,drive,21.60,front,LIDAR_ONLY
0,36.2469,t346,LIDAR_ONLY,18.6991,18.6991,67.7984,49.0993,49.0993,72.4196,72.4196,0,0,12.98,4.86,drive,16.53,front,LIDAR_ONLY
0,36.2469,t346,LIDAR_ONLY,18.7486,18.7486,67.7984,49.0498,49.0498,72.3465,72.3465,0,0,12.98,4.86,drive,18.84,front,LIDAR_ONLY
0,36.2469,t346,LIDAR_ONLY,18.7602,18.7602,67.7984,49.0382,49.0382,72.3294,72.3294,0,0,12.98,4.86,drive,20.22,front,LIDAR_ONLY
0,36.2469,t346,LIDAR_ONLY,18.8512,18.8512,67.7984,48.9472,48.9472,72.1952,72.1952,0,0,12.98,4.86,drive,20.68,front,LIDAR_ONLY
0,36.6889,t368,LIDAR_ONLY,48.4597,48.4597,66.9001,18.4403,18.4403,27.5640,27.5640,0,0,15.63,2.80,drive,19.99,front,LIDAR_ONLY
0,36.6889,t368,LIDAR_ONLY,48.5565,48.5565,66.9001,18.3435,18.3435,27.4193,27.4193,0,0,15.63,2.80,drive,21.37,front,LIDAR_ONLY
0,36.6889,t368,LIDAR_ONLY,41.6556,41.6556,66.9001,25.2445,25.2445,37.7346,37.7346,0,0,15.63,2.80,drive,17.23,front,LIDAR_ONLY
0,36.6889,t368,LIDAR_ONLY,37.3628,37.3628,66.9001,29.5373,29.5373,44.1513,44.1513,0,0,15.63,2.80,drive,17.69,front,LIDAR_ONLY
0,36.6889,t368,LIDAR_ONLY,33.4622,33.4622,66.9001,33.4379,33.4379,49.9819,49.9819,0,0,15.63,2.80,drive,18.61,front,LIDAR_ONLY
0,36.6889,t368,LIDAR_ONLY,25.3218,25.3218,66.9001,41.5783,41.5783,62.1499,62.1499,0,0,15.63,2.80,drive,19.99,front,LIDAR_ONLY
0,36.6889,t368,LIDAR_ONLY,19.2153,19.2153,66.9001,47.6848,47.6848,71.2777,71.2777,0,0,15.63,2.80,drive,21.37,front,LIDAR_ONLY
0,36.6889,t369,LIDAR_ONLY,10.4931,10.4931,8.8952,1.5979,1.5979,17.9635,17.9635,0,0,15.63,2.80,slow,-2.10,front,LIDAR_ONLY
0,36.6889,t369,LIDAR_ONLY,10.4263,10.4263,8.8952,1.5311,1.5311,17.2125,17.2125,0,0,15.63,2.80,slow,2.39,front,LIDAR_ONLY
0,36.6889,t369,LIDAR_ONLY,9.1052,9.1052,8.8952,0.2100,0.2100,2.3610,2.3610,1,1,15.63,2.80,slow,1.11,front,LIDAR_ONLY
0,36.6889,t369,LIDAR_ONLY,9.3481,9.3481,8.8952,0.4529,0.4529,5.0912,5.0912,1,1,15.63,2.80,slow,9.64,front,LIDAR_ONLY
0,36.6889,t368,LIDAR_ONLY,18.9786,18.9786,66.9001,47.9215,47.9215,71.6314,71.6314,0,0,15.63,2.80,drive,18.15,front,LIDAR_ONLY
0,36.6889,t368,LIDAR_ONLY,18.5690,18.5690,66.9001,48.3311,48.3311,72.2437,72.2437,0,0,15.63,2.80,drive,19.07,front,LIDAR_ONLY
0,36.6889,t368,LIDAR_ONLY,17.9282,17.9282,66.9001,48.9719,48.9719,73.2015,73.2015,0,0,15.63,2.80,drive,20.91,front,LIDAR_ONLY
0,36.6889,t369,LIDAR_ONLY,9.5147,9.5147,8.8952,0.6195,0.6195,6.9646,6.9646,1,1,15.63,2.80,slow,8.21,front,LIDAR_ONLY
0,36.7580,cam_4,CAM_ONLY,16.8082,,8.6598,8.1484,,94.0938,,0,,11.26,5.15,stop,1.88,,CAMERA_ONLY
0,36.8211,cam_4,CAM_ONLY,16.3034,,8.4783,7.8251,,92.2956,,0,,14.13,3.04,stop,1.79,,CAMERA_ONLY
0,36.8844,cam_4,CAM_ONLY,15.9291,,8.2819,7.6472,,92.3360,,0,,12.50,2.96,stop,1.79,,CAMERA_ONLY
0,36.8844,t376,LIDAR_ONLY,28.3072,28.3072,,,,,,,,12.50,2.96,drive,-27.55,front,LIDAR_ONLY
0,36.8844,t376,LIDAR_ONLY,28.6013,28.6013,,,,,,,,12.50,2.96,drive,-23.03,front,LIDAR_ONLY
0,36.8844,t376,LIDAR_ONLY,29.0437,29.0437,,,,,,,,12.50,2.96,drive,-20.50,front,LIDAR_ONLY
0,36.9487,t379,BOTH,15.1936,9.9498,8.0635,7.1301,1.8864,88.4248,23.3938,0,0,9.21,3.59,stop,1.66,,FULL_ANGLE
0,36.9487,t378,LIDAR_ONLY,48.4539,48.4539,66.1823,17.7284,17.7284,26.7873,26.7873,0,0,9.21,3.59,drive,21.31,front,LIDAR_ONLY
0,36.9487,t379,LIDAR_ONLY,11.4827,11.4827,8.0635,3.4192,3.4192,42.4035,42.4035,0,0,9.21,3.59,slow,0.18,front,LIDAR_ONLY
0,36.9487,t378,LIDAR_ONLY,36.0287,36.0287,66.1823,30.1536,30.1536,45.5614,45.5614,0,0,9.21,3.59,drive,17.87,front,LIDAR_ONLY
0,36.9487,t378,LIDAR_ONLY,29.2279,29.2279,66.1823,36.9544,36.9544,55.8373,55.8373,0,0,9.21,3.59,drive,20.62,front,LIDAR_ONLY
0,36.9487,t378,LIDAR_ONLY,26.2662,26.2662,66.1823,39.9161,39.9161,60.3124,60.3124,0,0,9.21,3.59,drive,21.08,front,LIDAR_ONLY
0,36.9487,t378,LIDAR_ONLY,23.9954,23.9954,66.1823,42.1869,42.1869,63.7434,63.7434,0,0,9.21,3.59,drive,21.54,front,LIDAR_ONLY
0,36.9487,t379,LIDAR_ONLY,11.0985,11.0985,8.0635,3.0351,3.0351,37.6395,37.6395,0,0,9.21,3.59,slow,8.68,front,LIDAR_ONLY
0,36.9487,t378,LIDAR_ONLY,17.3320,17.3320,66.1823,48.8503,48.8503,73.8117,73.8117,0,0,9.21,3.59,drive,20.16,front,LIDAR_ONLY
0,36.9487,t379,LIDAR_ONLY,8.9836,8.9836,8.0635,0.9201,0.9201,11.4112,11.4112,1,1,9.21,3.59,slow,0.94,front,LIDAR_ONLY
0,36.9487,t378,LIDAR_ONLY,16.9055,16.9055,66.1823,49.2768,49.2768,74.4561,74.4561,0,0,9.21,3.59,cautious,18.33,front,LIDAR_ONLY
0,36.9487,t378,LIDAR_ONLY,16.9654,16.9654,66.1823,49.2169,49.2169,74.3657,74.3657,0,0,9.21,3.59,cautious,19.70,front,LIDAR_ONLY
0,36.9487,t379,LIDAR_ONLY,8.9780,8.9780,8.0635,0.9145,0.9145,11.3417,11.3417,1,1,9.21,3.59,slow,7.87,front,LIDAR_ONLY
0,37.0178,cam_4,CAM_ONLY,15.1877,,7.8811,7.3066,,92.7108,,0,,12.58,3.42,stop,1.61,,CAMERA_ONLY
0,37.0865,cam_4,CAM_ONLY,14.8566,,7.7039,7.1527,,92.8461,,0,,14.47,3.03,stop,1.52,,CAMERA_ONLY
0,37.1469,cam_4,CAM_ONLY,14.5353,,7.5324,7.0029,,92.9699,,0,,10.22,3.66,stop,1.48,,CAMERA_ONLY
0,37.1469,t378,LIDAR_ONLY,18.5391,18.5391,65.7174,47.1783,47.1783,71.7896,71.7896,0,0,10.22,3.66,cautious,22.55,front,LIDAR_ONLY
0,37.1469,t378,LIDAR_ONLY,20.0983,20.0983,65.7174,45.6192,45.6192,69.4171,69.4171,0,0,10.22,3.66,cautious,20.25,front,LIDAR_ONLY
0,37.1469,t378,LIDAR_ONLY,20.8536,20.8536,65.7174,44.8639,44.8639,68.2678,68.2678,0,0,10.22,3.66,drive,21.17,front,LIDAR_ONLY
0,37.1469,t378,LIDAR_ONLY,21.1199,21.1199,65.7174,44.5976,44.5976,67.8626,67.8626,0,0,10.22,3.66,drive,20.71,front,LIDAR_ONLY
0,37.2169,cam_4,CAM_ONLY,14.2795,,7.3544,6.9252,,94.1641,,0,,13.93,3.96,stop,1.52,,CAMERA_ONLY
0,37.2908,t382,BOTH,14.1810,10.2713,7.1685,7.0125,3.1029,97.8249,43.2847,0,0,19.96,4.82,stop,1.52,,FULL_ANGLE
0,37.2908,t382,LIDAR_ONLY,9.3342,9.3342,7.1685,2.1657,2.1657,30.2118,30.2118,0,0,19.96,4.82,slow,0.52,front,LIDAR_ONLY
0,37.2908,t382,LIDAR_ONLY,7.6443,7.6443,7.1685,0.4758,0.4758,6.6372,6.6372,1,1,19.96,4.82,slow,-0.45,front,LIDAR_ONLY
0,37.2908,t383,LIDAR_ONLY,27.2022,27.2022,18.1908,9.0114,9.0114,49.5384,49.5384,0,0,19.96,4.82,drive,-29.30,front,LIDAR_ONLY
0,37.2908,t383,LIDAR_ONLY,23.0080,23.0080,18.1908,4.8172,4.8172,26.4814,26.4814,0,0,19.96,4.82,drive,-24.50,front,LIDAR_ONLY
0,37.2908,t383,LIDAR_ONLY,22.9145,22.9145,18.1908,4.7237,4.7237,25.9677,25.9677,0,0,19.96,4.82,drive,-20.49,front,LIDAR_ONLY
0,37.3577,cam_4,CAM_ONLY,13.8713,,7.0175,6.8539,,97.6692,,0,,9.09,4.88,stop,1.48,,CAMERA_ONLY
0,37.4285,cam_4,CAM_ONLY,13.5624,,6.8805,6.6819,,97.1132,,0,,17.93,3.73,stop,1.52,,CAMERA_ONLY
0,37.5091,cam_4,CAM_ONLY,13.3872,,6.7091,6.6782,,99.5390,,0,,17.97,7.75,stop,1.39,,CAMERA_ONLY
0,37.5792,cam_4,CAM_ONLY,13.1886,,6.5771,6.6115,,100.5228,,0,,14.95,6.27,stop,1.34,,CAMERA_ONLY
0,37.6410,t393,BOTH,13.0405,8.1776,6.4717,6.5688,1.7059,101.5008,26.3596,0,0,12.24,2.69,stop,1.34,,FULL_ANGLE
0,37.6410,t392,LIDAR_ONLY,46.8281,46.8281,64.7888,17.9607,17.9607,27.7219,27.7219,0,0,12.24,2.69,drive,21.16,front,LIDAR_ONLY
0,37.6410,t393,LIDAR_ONLY,9.3353,9.3353,6.4717,2.8637,2.8637,44.2492,44.2492,0,0,12.24,2.69,slow,4.45,front,LIDAR_ONLY
0,37.6410,t392,LIDAR_ONLY,35.8450,35.8450,64.7888,28.9438,28.9438,44.6740,44.6740,0,0,12.24,2.69,drive,17.28,front,LIDAR_ONLY
0,37.6410,t392,LIDAR_ONLY,31.9691,31.9691,64.7888,32.8197,32.8197,50.6564,50.6564,0,0,12.24,2.69,drive,18.20,front,LIDAR_ONLY
0,37.6410,t392,LIDAR_ONLY,30.8500,30.8500,64.7888,33.9389,33.9389,52.3838,52.3838,0,0,12.24,2.69,drive,16.81,front,LIDAR_ONLY
0,37.6410,t392,LIDAR_ONLY,26.7139,26.7139,64.7888,38.0749,38.0749,58.7677,58.7677,0,0,12.24,2.69,drive,20.97,front,LIDAR_ONLY
0,37.6410,t394,LIDAR_ONLY,27.5328,27.5328,25.1177,2.4151,2.4151,9.6150,9.6150,0,0,12.24,2.69,drive,-14.02,front,LIDAR_ONLY
0,37.6410,t393,LIDAR_ONLY,6.7586,6.7586,6.4717,0.2869,0.2869,4.4332,4.4332,1,1,12.24,2.69,slow,1.04,front,LIDAR_ONLY
0,37.6410,t392,LIDAR_ONLY,20.2984,20.2984,64.7888,44.4904,44.4904,68.6698,68.6698,0,0,12.24,2.69,drive,18.66,front,LIDAR_ONLY
0,37.6410,t392,LIDAR_ONLY,19.5272,19.5272,64.7888,45.2616,45.2616,69.8602,69.8602,0,0,12.24,2.69,drive,19.59,front,LIDAR_ONLY
0,37.6410,t392,LIDAR_ONLY,18.9572,18.9572,64.7888,45.8316,45.8316,70.7400,70.7400,0,0,12.24,2.69,drive,20.51,front,LIDAR_ONLY
0,37.6410,t392,LIDAR_ONLY,17.2053,17.2053,64.7888,47.5835,47.5835,73.4440,73.4440,0,0,12.24,2.69,drive,21.43,front,LIDAR_ONLY
0,37.6410,t396,LIDAR_ONLY,27.4400,27.4400,,,,,,,,12.24,2.69,drive,-28.71,front,LIDAR_ONLY
0,37.6410,t394,LIDAR_ONLY,27.0000,27.0000,25.1177,1.8823,1.8823,7.4938,7.4938,0,0,12.24,2.69,drive,-16.25,front,LIDAR_ONLY
0,37.7095,cam_4,CAM_ONLY,12.8787,,6.3515,6.5272,,102.7654,,0,,10.31,4.66,stop,1.34,,CAMERA_ONLY
0,37.7787,cam_4,CAM_ONLY,12.6684,,6.2337,6.4347,,103.2254,,0,,12.38,3.79,stop,1.34,,CAMERA_ONLY
0,37.8412,cam_4,CAM_ONLY,12.5237,,6.2048,6.3188,,101.8371,,0,,15.96,2.48,stop,1.30,,CAMERA_ONLY
0,37.8412,t392,LIDAR_ONLY,19.0927,19.0927,64.5743,45.4816,45.4816,70.4329,70.4329,0,0,15.96,2.48,drive,20.65,front,LIDAR_ONLY
0,37.8412,t392,LIDAR_ONLY,22.6834,22.6834,64.5743,41.8909,41.8909,64.8724,64.8724,0,0,15.96,2.48,drive,22.96,front,LIDAR_ONLY
0,37.8412,t392,LIDAR_ONLY,27.1393,27.1393,64.5743,37.4350,37.4350,57.9719,57.9719,0,0,15.96,2.48,drive,21.57,front,LIDAR_ONLY
0,37.8412,t393,LIDAR_ONLY,6.7944,6.7944,6.2048,0.5896,0.5896,9.5023,9.5023,1,1,15.96,2.48,slow,2.69,front,LIDAR_ONLY
0,37.8412,t392,LIDAR_ONLY,30.3938,30.3938,64.5743,34.1805,34.1805,52.9321,52.9321,0,0,15.96,2.48,drive,18.34,front,LIDAR_ONLY
0,37.8412,t392,LIDAR_ONLY,32.4686,32.4686,64.5743,32.1057,32.1057,49.7190,49.7190,0,0,15.96,2.48,drive,19.73,front,LIDAR_ONLY
0,37.8412,t392,LIDAR_ONLY,31.6802,31.6802,64.5743,32.8941,32.8941,50.9399,50.9399,0,0,15.96,2.48,drive,20.19,front,LIDAR_ONLY
0,37.8412,t392,LIDAR_ONLY,25.5076,25.5076,64.5743,39.0667,39.0667,60.4989,60.4989,0,0,15.96,2.48,drive,20.65,front,LIDAR_ONLY
0,37.8412,t393,LIDAR_ONLY,6.6556,6.6556,6.2048,0.4507,0.4507,7.2643,7.2643,1,1,15.96,2.48,slow,1.11,front,LIDAR_ONLY
0,37.8412,t392,LIDAR_ONLY,18.3788,18.3788,64.5743,46.1955,46.1955,71.5386,71.5386,0,0,15.96,2.48,drive,17.42,front,LIDAR_ONLY
0,37.8412,t394,LIDAR_ONLY,27.2946,27.2946,29.2675,1.9729,1.9729,6.7409,6.7409,0,0,15.96,2.48,drive,-10.07,front,LIDAR_ONLY
0,37.8412,t392,LIDAR_ONLY,18.4177,18.4177,64.5743,46.1566,46.1566,71.4784,71.4784,0,0,15.96,2.48,drive,17.88,front,LIDAR_ONLY
0,37.8412,t396,LIDAR_ONLY,27.3675,27.3675,,,,,,,,15.96,2.48,drive,-29.70,front,LIDAR_ONLY
0,37.8412,t396,LIDAR_ONLY,27.3874,27.3874,,,,,,,,15.96,2.48,drive,-27.85,front,LIDAR_ONLY
0,37.8412,t396,LIDAR_ONLY,27.7500,27.7500,,,,,,,,15.96,2.48,drive,-22.94,front,LIDAR_ONLY
0,37.8412,t394,LIDAR_ONLY,27.6159,27.6159,29.2675,1.6515,1.6515,5.6429,5.6429,0,0,15.96,2.48,drive,-12.84,front,LIDAR_ONLY
0,37.9034,cam_4,CAM_ONLY,12.4353,,6.2049,6.2304,,100.4101,,0,,9.75,4.68,stop,1.30,,CAMERA_ONLY
0,37.9682,cam_4,CAM_ONLY,12.4517,,6.2048,6.2469,,100.6778,,0,,13.38,2.65,stop,1.34,,CAMERA_ONLY
0,38.0421,cam_4,CAM_ONLY,12.4248,,6.2047,6.2202,,100.2494,,0,,20.92,2.65,stop,1.21,,CAMERA_ONLY
0,38.0421,t392,LIDAR_ONLY,22.9781,22.9781,,,,,,,,20.92,2.65,drive,21.93,front,LIDAR_ONLY
0,38.0421,t392,LIDAR_ONLY,27.3485,27.3485,,,,,,,,20.92,2.65,drive,19.74,front,LIDAR_ONLY
0,38.0421,t394,LIDAR_ONLY,28.6812,28.6812,33.6415,4.9603,4.9603,14.7446,14.7446,0,0,20.92,2.65,drive,-8.72,front,LIDAR_ONLY
0,38.0421,t392,LIDAR_ONLY,16.8560,16.8560,,,,,,,,20.92,2.65,drive,26.81,front,LIDAR_ONLY
0,38.0421,t393,LIDAR_ONLY,6.6730,6.6730,6.2047,0.4683,0.4683,7.5483,7.5483,1,1,20.92,2.65,slow,2.23,front,LIDAR_ONLY
0,38.0421,t404,LIDAR_ONLY,28.5059,28.5059,64.5742,36.0682,36.0682,55.8555,55.8555,0,0,20.92,2.65,drive,16.66,front,LIDAR_ONLY
0,38.0421,t404,LIDAR_ONLY,26.1831,26.1831,64.5742,38.3910,38.3910,59.4526,59.4526,0,0,20.92,2.65,drive,17.12,front,LIDAR_ONLY
0,38.0421,t404,LIDAR_ONLY,21.7948,21.7948,64.5742,42.7793,42.7793,66.2484,66.2484,0,0,20.92,2.65,drive,21.27,front,LIDAR_ONLY
0,38.0421,t393,LIDAR_ONLY,6.6851,6.6851,6.2047,0.4804,0.4804,7.7431,7.7431,1,1,20.92,2.65,slow,1.23,front,LIDAR_ONLY
0,38.0421,t404,LIDAR_ONLY,21.1636,21.1636,64.5742,43.4106,43.4106,67.2259,67.2259,0,0,20.92,2.65,drive,18.97,front,LIDAR_ONLY
0,38.0421,t404,LIDAR_ONLY,20.1468,20.1468,64.5742,44.4273,44.4273,68.8005,68.8005,0,0,20.92,2.65,drive,20.81,front,LIDAR_ONLY
0,38.0421,t394,LIDAR_ONLY,30.2414,30.2414,33.6415,3.4001,3.4001,10.1068,10.1068,0,0,20.92,2.65,drive,-12.71,front,LIDAR_ONLY
0,38.0421,t394,LIDAR_ONLY,32.2603,32.2603,33.6415,1.3812,1.3812,4.1056,4.1056,0,0,20.92,2.65,drive,-8.72,front,LIDAR_ONLY
0,38.0421,t393,LIDAR_ONLY,6.5756,6.5756,6.2047,0.3710,0.3710,5.9786,5.9786,1,1,20.92,2.65,slow,1.06,front,LIDAR_ONLY
0,38.0421,t396,LIDAR_ONLY,27.8931,27.8931,,,,,,,,20.92,2.65,drive,-28.53,front,LIDAR_ONLY
0,38.1229,cam_4,CAM_ONLY,12.4458,,6.2046,6.2412,,100.5911,,0,,19.68,4.06,stop,1.07,,CAMERA_ONLY
0,38.1791,cam_4,CAM_ONLY,12.4853,,6.2045,6.2808,,101.2294,,0,,10.95,4.47,stop,0.94,,CAMERA_ONLY
0,38.2444,cam_4,CAM_ONLY,12.5155,,6.2044,6.3110,,101.7180,,0,,11.32,6.90,stop,1.03,,CAMERA_ONLY
0,38.2444,t404,LIDAR_ONLY,22.3503,22.3503,64.5739,42.2236,42.2236,65.3880,65.3880,0,0,11.32,6.90,drive,20.79,front,LIDAR_ONLY
0,38.2444,t404,LIDAR_ONLY,24.6636,24.6636,64.5739,39.9104,39.9104,61.8057,61.8057,0,0,11.32,6.90,drive,19.31,front,LIDAR_ONLY
0,38.2444,t404,LIDAR_ONLY,27.9534,27.9534,64.5739,36.6206,36.6206,56.7111,56.7111,0,0,11.32,6.90,drive,22.68,front,LIDAR_ONLY
0,38.2444,t393,LIDAR_ONLY,6.5794,6.5794,6.2044,0.3750,0.3750,6.0436,6.0436,1,1,11.32,6.90,slow,1.68,front,LIDAR_ONLY
0,38.2444,t404,LIDAR_ONLY,30.8184,30.8184,64.5739,33.7555,33.7555,52.2742,52.2742,0,0,11.32,6.90,drive,16.70,front,LIDAR_ONLY
0,38.2444,t404,LIDAR_ONLY,33.6680,33.6680,64.5739,30.9059,30.9059,47.8613,47.8613,0,0,11.32,6.90,drive,17.16,front,LIDAR_ONLY
0,38.2444,t404,LIDAR_ONLY,31.0291,31.0291,64.5739,33.5448,33.5448,51.9479,51.9479,0,0,11.32,6.90,drive,18.08,front,LIDAR_ONLY
0,38.2444,t404,LIDAR_ONLY,26.3510,26.3510,64.5739,38.2229,38.2229,59.1925,59.1925,0,0,11.32,6.90,drive,19.00,front,LIDAR_ONLY
0,38.2444,t404,LIDAR_ONLY,21.2092,21.2092,64.5739,43.3648,43.3648,67.1552,67.1552,0,0,11.32,6.90,drive,19.46,front,LIDAR_ONLY
0,38.2444,t404,LIDAR_ONLY,19.2817,19.2817,64.5739,45.2922,45.2922,70.1401,70.1401,0,0,11.32,6.90,drive,20.38,front,LIDAR_ONLY
0,38.2444,t393,LIDAR_ONLY,6.6312,6.6312,6.2044,0.4267,0.4267,6.8777,6.8777,1,1,11.32,6.90,slow,-0.11,front,LIDAR_ONLY
0,38.2444,t404,LIDAR_ONLY,18.4582,18.4582,64.5739,46.1157,46.1157,71.4153,71.4153,0,0,11.32,6.90,drive,19.92,front,LIDAR_ONLY
0,38.2444,t404,LIDAR_ONLY,17.4669,17.4669,64.5739,47.1070,47.1070,72.9505,72.9505,0,0,11.32,6.90,drive,20.84,front,LIDAR_ONLY
0,38.2444,t404,LIDAR_ONLY,16.9292,16.9292,64.5739,47.6447,47.6447,73.7832,73.7832,0,0,11.32,6.90,drive,21.30,front,LIDAR_ONLY
0,38.2444,t393,LIDAR_ONLY,6.5029,6.5029,6.2044,0.2984,0.2984,4.8101,4.8101,1,1,11.32,6.90,slow,0.51,front,LIDAR_ONLY
0,38.3146,cam_4,CAM_ONLY,12.4954,,6.2044,6.2910,,101.3947,,0,,11.03,4.15,stop,0.94,,CAMERA_ONLY
0,38.3787,cam_4,CAM_ONLY,12.5230,,6.2044,6.3186,,101.8393,,0,,15.15,4.20,stop,0.98,,CAMERA_ONLY
0,38.4371,t413,BOTH,12.5665,8.2163,6.2044,6.3620,2.0119,102.5400,32.4264,0,0,9.52,2.82,stop,1.03,,FULL_ANGLE
0,38.4371,t393,LIDAR_ONLY,6.6315,6.6315,41.6634,35.0320,35.0320,84.0832,84.0832,0,0,9.52,2.82,slow,-8.78,front,LIDAR_ONLY
0,38.4371,t404,LIDAR_ONLY,18.2891,18.2891,64.5739,46.2848,46.2848,71.6772,71.6772,0,0,9.52,2.82,drive,22.67,front,LIDAR_ONLY
0,38.4371,t404,LIDAR_ONLY,20.4090,20.4090,64.5739,44.1649,44.1649,68.3944,68.3944,0,0,9.52,2.82,drive,20.45,front,LIDAR_ONLY
0,38.4371,t404,LIDAR_ONLY,20.7518,20.7518,64.5739,43.8221,43.8221,67.8635,67.8635,0,0,9.52,2.82,drive,22.21,front,LIDAR_ONLY
0,38.4371,t413,LIDAR_ONLY,9.0474,9.0474,6.2044,2.8430,2.8430,45.8217,45.8217,0,0,9.52,2.82,slow,1.95,front,LIDAR_ONLY
0,38.4371,t404,LIDAR_ONLY,21.2740,21.2740,64.5739,43.3000,43.3000,67.0549,67.0549,0,0,9.52,2.82,drive,17.38,front,LIDAR_ONLY
0,38.4371,t404,LIDAR_ONLY,21.9240,21.9240,64.5739,42.6499,42.6499,66.0482,66.0482,0,0,9.52,2.82,drive,18.30,front,LIDAR_ONLY
0,38.4371,t404,LIDAR_ONLY,19.6894,19.6894,64.5739,44.8845,44.8845,69.5087,69.5087,0,0,9.52,2.82,drive,19.68,front,LIDAR_ONLY
0,38.4371,t404,LIDAR_ONLY,16.8797,16.8797,64.5739,47.6943,47.6943,73.8599,73.8599,0,0,9.52,2.82,drive,20.60,front,LIDAR_ONLY
0,38.4371,t404,LIDAR_ONLY,17.3183,17.3183,64.5739,47.2556,47.2556,73.1806,73.1806,0,0,9.52,2.82,drive,21.06,front,LIDAR_ONLY
0,38.4371,t413,LIDAR_ONLY,9.2352,9.2352,6.2044,3.0307,3.0307,48.8478,48.8478,0,0,9.52,2.82,slow,9.78,front,LIDAR_ONLY
0,38.4371,t404,LIDAR_ONLY,18.0957,18.0957,64.5739,46.4782,46.4782,71.9767,71.9767,0,0,9.52,2.82,drive,16.46,front,LIDAR_ONLY
0,38.4371,t413,LIDAR_ONLY,7.0231,7.0231,6.2044,0.8187,0.8187,13.1953,13.1953,1,1,9.52,2.82,slow,0.73,front,LIDAR_ONLY
0,38.4371,t404,LIDAR_ONLY,18.5078,18.5078,64.5739,46.0662,46.0662,71.3386,71.3386,0,0,9.52,2.82,drive,20.14,front,LIDAR_ONLY
0,38.4371,t415,LIDAR_ONLY,28.8136,28.8136,,,,,,,,9.52,2.82,drive,-26.38,front,LIDAR_ONLY
0,38.4371,t415,LIDAR_ONLY,29.1439,29.1439,,,,,,,,9.52,2.82,drive,-20.81,front,LIDAR_ONLY
0,38.5084,cam_4,CAM_ONLY,12.5724,,6.2044,6.3680,,102.6355,,0,,15.71,5.89,stop,1.03,,CAMERA_ONLY
0,38.5752,cam_4,CAM_ONLY,12.5206,,6.2044,6.3161,,101.8000,,0,,15.03,4.13,stop,1.07,,CAMERA_ONLY
0,38.6460,cam_4,CAM_ONLY,12.5648,,6.2044,6.3604,,102.5133,,0,,15.03,4.47,stop,1.16,,CAMERA_ONLY
0,38.6460,t404,LIDAR_ONLY,11.9432,11.9432,,,,,,,,15.03,4.47,cautious,27.70,front,LIDAR_ONLY
0,38.6460,t413,LIDAR_ONLY,7.0488,7.0488,6.2044,0.8443,0.8443,13.6088,13.6088,1,1,15.03,4.47,slow,2.62,front,LIDAR_ONLY
0,38.6460,t419,LIDAR_ONLY,21.9843,21.9843,64.5739,42.5896,42.5896,65.9548,65.9548,0,0,15.03,4.47,drive,17.28,front,LIDAR_ONLY
0,38.6460,t419,LIDAR_ONLY,21.5245,21.5245,64.5739,43.0494,43.0494,66.6668,66.6668,0,0,15.03,4.47,drive,17.74,front,LIDAR_ONLY
0,38.6460,t419,LIDAR_ONLY,21.1684,21.1684,64.5739,43.4055,43.4055,67.2183,67.2183,0,0,15.03,4.47,drive,18.20,front,LIDAR_ONLY
0,38.6460,t419,LIDAR_ONLY,20.6422,20.6422,64.5739,43.9317,43.9317,68.0332,68.0332,0,0,15.03,4.47,drive,19.12,front,LIDAR_ONLY
0,38.6460,t413,LIDAR_ONLY,7.0499,7.0499,6.2044,0.8455,0.8455,13.6271,13.6271,1,1,15.03,4.47,slow,1.47,front,LIDAR_ONLY
0,38.6460,t419,LIDAR_ONLY,20.3255,20.3255,64.5739,44.2484,44.2484,68.5237,68.5237,0,0,15.03,4.47,drive,18.66,front,LIDAR_ONLY
0,38.6460,t419,LIDAR_ONLY,19.2676,19.2676,64.5739,45.3063,45.3063,70.1620,70.1620,0,0,15.03,4.47,drive,20.04,front,LIDAR_ONLY
0,38.6460,t419,LIDAR_ONLY,18.2221,18.2221,64.5739,46.3518,46.3518,71.7810,71.7810,0,0,15.03,4.47,drive,20.97,front,LIDAR_ONLY
0,38.6460,t413,LIDAR_ONLY,6.7092,6.7092,6.2044,0.5047,0.5047,8.1347,8.1347,1,1,15.03,4.47,slow,1.05,front,LIDAR_ONLY
0,38.7116,cam_4,CAM_ONLY,12.5393,,6.2044,6.3349,,102.1027,,0,,14.83,6.76,stop,1.07,,CAMERA_ONLY
0,38.7914,t422,BOTH,12.5393,8.2438,6.2044,6.3349,2.0394,102.1019,32.8698,0,0,21.97,4.58,stop,1.03,,FULL_ANGLE
0,38.7914,t413,LIDAR_ONLY,6.7152,6.7152,56.4562,49.7410,49.7410,88.1055,88.1055,0,0,21.97,4.58,slow,-8.74,front,LIDAR_ONLY
0,38.7914,t421,LIDAR_ONLY,12.9011,12.9011,10.1836,2.7176,2.7176,26.6857,26.6857,0,0,21.97,4.58,cautious,-27.88,front,LIDAR_ONLY
0,38.7914,t422,LIDAR_ONLY,9.0380,9.0380,6.2044,2.8335,2.8335,45.6691,45.6691,0,0,21.97,4.58,slow,2.65,front,LIDAR_ONLY
0,38.7914,t422,LIDAR_ONLY,8.9202,8.9202,6.2044,2.7157,2.7157,43.7709,43.7709,0,0,21.97,4.58,slow,9.69,front,LIDAR_ONLY
0,38.7914,t413,LIDAR_ONLY,6.9317,6.9317,56.4562,49.5244,49.5244,87.7219,87.7219,0,0,21.97,4.58,slow,-11.66,front,LIDAR_ONLY
0,38.7914,t413,LIDAR_ONLY,7.1928,7.1928,56.4562,49.2634,49.2634,87.2595,87.2595,0,0,21.97,4.58,slow,-10.43,front,LIDAR_ONLY
0,38.7914,t422,LIDAR_ONLY,6.9403,6.9403,6.2044,0.7359,0.7359,11.8601,11.8601,1,1,21.97,4.58,slow,0.87,front,LIDAR_ONLY
0,38.8738,cam_4,CAM_ONLY,12.5284,,6.2044,6.3240,,101.9265,,0,,11.83,3.74,stop,1.03,,CAMERA_ONLY
0,38.9404,cam_4,CAM_ONLY,12.5426,,6.2044,6.3381,,102.1547,,0,,18.10,5.12,stop,0.98,,CAMERA_ONLY
0,38.9404,t425,LIDAR_ONLY,46.6941,46.6941,64.5739,17.8799,17.8799,27.6890,27.6890,0,0,18.10,5.12,drive,20.76,front,LIDAR_ONLY
0,38.9404,t425,LIDAR_ONLY,46.7359,46.7359,64.5739,17.8381,17.8381,27.6243,27.6243,0,0,18.10,5.12,drive,23.41,front,LIDAR_ONLY
0,38.9404,t421,LIDAR_ONLY,13.2236,13.2236,13.1861,0.0375,0.0375,0.2847,0.2847,1,1,18.10,5.12,cautious,-21.95,front,LIDAR_ONLY
0,38.9404,t422,LIDAR_ONLY,6.9763,6.9763,6.2044,0.7719,0.7719,12.4409,12.4409,1,1,18.10,5.12,slow,1.98,front,LIDAR_ONLY
0,38.9404,t425,LIDAR_ONLY,41.8833,41.8833,64.5739,22.6907,22.6907,35.1391,35.1391,0,0,18.10,5.12,drive,17.20,front,LIDAR_ONLY
0,38.9404,t425,LIDAR_ONLY,37.8248,37.8248,64.5739,26.7491,26.7491,41.4240,41.4240,0,0,18.10,5.12,drive,19.96,front,LIDAR_ONLY
0,38.9404,t425,LIDAR_ONLY,33.2909,33.2909,64.5739,31.2830,31.2830,48.4453,48.4453,0,0,18.10,5.12,drive,20.42,front,LIDAR_ONLY
0,38.9404,t425,LIDAR_ONLY,24.0960,24.0960,64.5739,40.4779,40.4779,62.6846,62.6846,0,0,18.10,5.12,drive,20.88,front,LIDAR_ONLY
0,38.9404,t422,LIDAR_ONLY,6.9800,6.9800,6.2044,0.7756,0.7756,12.5003,12.5003,1,1,18.10,5.12,slow,1.08,front,LIDAR_ONLY
0,38.9404,t425,LIDAR_ONLY,18.5052,18.5052,64.5739,46.0687,46.0687,71.3426,71.3426,0,0,18.10,5.12,drive,17.66,front,LIDAR_ONLY
0,38.9404,t422,LIDAR_ONLY,6.6790,6.6790,6.2044,0.4746,0.4746,7.6494,7.6494,1,1,18.10,5.12,slow,0.60,front,LIDAR_ONLY
0,38.9404,t425,LIDAR_ONLY,17.4678,17.4678,64.5739,47.1062,47.1062,72.9492,72.9492,0,0,18.10,5.12,drive,21.34,front,LIDAR_ONLY
0,39.0090,cam_4,CAM_ONLY,12.5359,,6.2044,6.3315,,102.0480,,0,,14.05,5.08,stop,0.98,,CAMERA_ONLY
0,39.0738,cam_4,CAM_ONLY,12.5592,,6.2044,6.3548,,102.4230,,0,,9.11,3.82,stop,0.94,,CAMERA_ONLY
0,39.1527,t421,BOTH,12.5386,14.0373,17.7433,5.2047,3.7060,29.3332,20.8867,0,0,20.25,2.97,stop,0.98,,FULL_ANGLE
0,39.1527,t425,LIDAR_ONLY,20.7540,20.7540,64.5739,43.8199,43.8199,67.8601,67.8601,0,0,20.25,2.97,drive,20.69,front,LIDAR_ONLY
0,39.1527,t425,LIDAR_ONLY,24.5667,24.5667,64.5739,40.0073,40.0073,61.9558,61.9558,0,0,20.25,2.97,drive,22.95,front,LIDAR_ONLY
0,39.1527,t421,LIDAR_ONLY,13.6513,13.6513,17.7433,4.0920,4.0920,23.0624,23.0624,0,0,20.25,2.97,cautious,-13.08,front,LIDAR_ONLY
0,39.1527,t422,LIDAR_ONLY,6.5597,6.5597,6.2044,0.3552,0.3552,5.7252,5.7252,1,1,20.25,2.97,slow,1.72,front,LIDAR_ONLY
0,39.1527,t425,LIDAR_ONLY,27.8203,27.8203,64.5739,36.7537,36.7537,56.9172,56.9172,0,0,20.25,2.97,drive,16.95,front,LIDAR_ONLY
0,39.1527,t425,LIDAR_ONLY,30.0453,30.0453,64.5739,34.5286,34.5286,53.4714,53.4714,0,0,20.25,2.97,drive,18.34,front,LIDAR_ONLY
0,39.1527,t425,LIDAR_ONLY,31.7144,31.7144,64.5739,32.8595,32.8595,50.8866,50.8866,0,0,20.25,2.97,drive,19.26,front,LIDAR_ONLY
0,39.1527,t425,LIDAR_ONLY,24.5146,24.5146,64.5739,40.0593,40.0593,62.0364,62.0364,0,0,20.25,2.97,drive,19.72,front,LIDAR_ONLY
0,39.1527,t425,LIDAR_ONLY,19.0234,19.0234,64.5739,45.5505,45.5505,70.5401,70.5401,0,0,20.25,2.97,drive,20.64,front,LIDAR_ONLY
0,39.1527,t425,LIDAR_ONLY,17.6415,17.6415,64.5739,46.9324,46.9324,72.6801,72.6801,0,0,20.25,2.97,drive,21.11,front,LIDAR_ONLY
0,39.1527,t422,LIDAR_ONLY,6.6277,6.6277,6.2044,0.4232,0.4232,6.8211,6.8211,1,1,20.25,2.97,slow,0.82,front,LIDAR_ONLY
0,39.1527,t425,LIDAR_ONLY,17.5279,17.5279,64.5739,47.0461,47.0461,72.8561,72.8561,0,0,20.25,2.97,drive,18.80,front,LIDAR_ONLY
0,39.1527,t422,LIDAR_ONLY,6.5266,6.5266,6.2044,0.3222,0.3222,5.1924,5.1924,1,1,20.25,2.97,slow,0.51,front,LIDAR_ONLY
0,39.1527,t425,LIDAR_ONLY,17.3383,17.3383,64.5739,47.2357,47.2357,73.1497,73.1497,0,0,20.25,2.97,drive,20.18,front,LIDAR_ONLY
0,39.2144,cam_4,CAM_ONLY,12.5456,,6.2044,6.3412,,102.2035,,0,,9.83,2.91,stop,1.07,,CAMERA_ONLY
0,39.2722,cam_4,CAM_ONLY,12.5291,,6.2044,6.3247,,101.9378,,0,,11.31,2.98,stop,1.12,,CAMERA_ONLY
0,39.3533,cam_4,CAM_ONLY,12.5623,,6.2044,6.3579,,102.4731,,0,,13.25,5.28,stop,1.16,,CAMERA_ONLY
0,39.4178,cam_4,CAM_ONLY,12.5216,,6.2044,6.3172,,101.8169,,0,,11.72,3.00,stop,1.21,,CAMERA_ONLY
0,39.4860,t438,BOTH,12.5052,9.0546,6.2044,6.3008,2.8502,101.5526,45.9375,0,0,11.88,2.39,stop,1.16,,FULL_ANGLE
0,39.4860,t436,LIDAR_ONLY,47.4196,47.4196,24.7493,22.6703,22.6703,91.5998,91.5998,0,0,11.88,2.39,drive,-8.76,front,LIDAR_ONLY
0,39.4860,t437,LIDAR_ONLY,46.7109,46.7109,64.5739,17.8631,17.8631,27.6630,27.6630,0,0,11.88,2.39,drive,20.75,front,LIDAR_ONLY
0,39.4860,t437,LIDAR_ONLY,46.7244,46.7244,64.5739,17.8495,17.8495,27.6419,27.6419,0,0,11.88,2.39,drive,23.25,front,LIDAR_ONLY
0,39.4860,t437,LIDAR_ONLY,46.4991,46.4991,64.5739,18.0748,18.0748,27.9909,27.9909,0,0,11.88,2.39,drive,19.73,front,LIDAR_ONLY
0,39.4860,t437,LIDAR_ONLY,17.4647,17.4647,64.5739,47.1093,47.1093,72.9540,72.9540,0,0,11.88,2.39,drive,25.04,front,LIDAR_ONLY
0,39.4860,t436,LIDAR_ONLY,27.9062,27.9062,24.7493,3.1569,3.1569,12.7553,12.7553,0,0,11.88,2.39,drive,-10.03,front,LIDAR_ONLY
0,39.4860,t437,LIDAR_ONLY,17.5088,17.5088,64.5739,47.0652,47.0652,72.8857,72.8857,0,0,11.88,2.39,drive,17.43,front,LIDAR_ONLY
0,39.4860,t437,LIDAR_ONLY,15.2611,15.2611,64.5739,49.3128,49.3128,76.3664,76.3664,0,0,11.88,2.39,drive,17.89,front,LIDAR_ONLY
0,39.4860,t437,LIDAR_ONLY,14.4954,14.4954,64.5739,50.0785,50.0785,77.5522,77.5522,0,0,11.88,2.39,cautious,18.35,front,LIDAR_ONLY
0,39.4860,t437,LIDAR_ONLY,13.7525,13.7525,64.5739,50.8215,50.8215,78.7027,78.7027,0,0,11.88,2.39,cautious,18.81,front,LIDAR_ONLY
0,39.4860,t437,LIDAR_ONLY,15.5995,15.5995,64.5739,48.9745,48.9745,75.8425,75.8425,0,0,11.88,2.39,cautious,19.27,front,LIDAR_ONLY
0,39.4860,t437,LIDAR_ONLY,16.6035,16.6035,64.5739,47.9704,47.9704,74.2876,74.2876,0,0,11.88,2.39,cautious,21.11,front,LIDAR_ONLY
0,39.4860,t438,LIDAR_ONLY,8.1217,8.1217,6.2044,1.9173,1.9173,30.9020,30.9020,0,0,11.88,2.39,slow,1.83,front,LIDAR_ONLY
0,39.4860,t437,LIDAR_ONLY,17.4475,17.4475,64.5739,47.1265,47.1265,72.9806,72.9806,0,0,11.88,2.39,drive,16.97,front,LIDAR_ONLY
0,39.4860,t437,LIDAR_ONLY,17.9134,17.9134,64.5739,46.6605,46.6605,72.2590,72.2590,0,0,11.88,2.39,drive,19.73,front,LIDAR_ONLY
0,39.4860,t438,LIDAR_ONLY,6.6068,6.6068,6.2044,0.4023,0.4023,6.4843,6.4843,1,1,11.88,2.39,slow,0.89,front,LIDAR_ONLY
0,39.4860,t440,LIDAR_ONLY,27.9011,27.9011,,,,,,,,11.88,2.39,drive,-27.90,front,LIDAR_ONLY
0,39.4860,t440,LIDAR_ONLY,28.1246,28.1246,,,,,,,,11.88,2.39,drive,-22.77,front,LIDAR_ONLY
0,39.5521,cam_4,CAM_ONLY,12.5068,,6.2044,6.3024,,101.5787,,0,,8.90,6.61,stop,1.21,,CAMERA_ONLY
0,39.6395,cam_4,CAM_ONLY,12.5026,,6.2044,6.2981,,101.5103,,0,,21.22,10.85,stop,0.58,,CAMERA_ONLY
0,39.7162,cam_4,CAM_ONLY,12.5429,,6.2044,6.3384,,102.1593,,0,,18.82,3.25,stop,1.21,,CAMERA_ONLY
0,39.7899,t448,BOTH,12.5347,14.7691,6.2044,6.3302,8.5647,102.0271,138.0410,0,0,19.03,3.14,stop,1.21,,FULL_ANGLE
0,39.7899,t446,LIDAR_ONLY,46.9968,46.9968,32.3907,14.6061,14.6061,45.0935,45.0935,0,0,19.03,3.14,drive,23.62,front,LIDAR_ONLY
0,39.7899,t448,LIDAR_ONLY,47.3262,47.3262,6.2044,41.1217,41.1217,662.7788,662.7788,0,0,19.03,3.14,drive,-8.80,front,LIDAR_ONLY
0,39.7899,t446,LIDAR_ONLY,46.2269,46.2269,32.3907,13.8362,13.8362,42.7165,42.7165,0,0,19.03,3.14,drive,19.78,front,LIDAR_ONLY
0,39.7899,t446,LIDAR_ONLY,46.2689,46.2689,32.3907,13.8782,13.8782,42.8462,42.8462,0,0,19.03,3.14,drive,22.08,front,LIDAR_ONLY
0,39.7899,t448,LIDAR_ONLY,38.6637,38.6637,6.2044,32.4593,32.4593,523.1623,523.1623,0,0,19.03,3.14,drive,-5.94,front,LIDAR_ONLY
0,39.7899,t448,LIDAR_ONLY,21.6810,21.6810,6.2044,15.4765,15.4765,249.4428,249.4428,0,0,19.03,3.14,drive,2.13,front,LIDAR_ONLY
0,39.7899,t446,LIDAR_ONLY,39.2951,39.2951,32.3907,6.9044,6.9044,21.3159,21.3159,0,0,19.03,3.14,drive,18.39,front,LIDAR_ONLY
0,39.7899,t446,LIDAR_ONLY,35.0454,35.0454,32.3907,2.6547,2.6547,8.1960,8.1960,0,0,19.03,3.14,drive,18.86,front,LIDAR_ONLY
0,39.7899,t446,LIDAR_ONLY,30.5431,30.5431,32.3907,1.8476,1.8476,5.7041,5.7041,0,0,19.03,3.14,drive,19.32,front,LIDAR_ONLY
0,39.7899,t446,LIDAR_ONLY,25.3661,25.3661,32.3907,7.0245,7.0245,21.6869,21.6869,0,0,19.03,3.14,drive,19.78,front,LIDAR_ONLY
0,39.7899,t446,LIDAR_ONLY,18.4440,18.4440,32.3907,13.9467,13.9467,43.0578,43.0578,0,0,19.03,3.14,drive,20.24,front,LIDAR_ONLY
0,39.7899,t446,LIDAR_ONLY,17.8555,17.8555,32.3907,14.5352,14.5352,44.8747,44.8747,0,0,19.03,3.14,drive,20.70,front,LIDAR_ONLY
0,39.7899,t446,LIDAR_ONLY,17.1120,17.1120,32.3907,15.2787,15.2787,47.1701,47.1701,0,0,19.03,3.14,drive,21.16,front,LIDAR_ONLY
0,39.7899,t448,LIDAR_ONLY,15.1620,15.1620,6.2044,8.9575,8.9575,144.3732,144.3732,0,0,19.03,3.14,drive,9.64,front,LIDAR_ONLY
0,39.7899,t446,LIDAR_ONLY,17.6224,17.6224,32.3907,14.7683,14.7683,45.5944,45.5944,0,0,19.03,3.14,drive,16.55,front,LIDAR_ONLY
0,39.7899,t448,LIDAR_ONLY,7.3757,7.3757,6.2044,1.1713,1.1713,18.8785,18.8785,0,0,19.03,3.14,slow,0.73,front,LIDAR_ONLY
0,39.7899,t449,LIDAR_ONLY,28.6167,28.6167,,,,,,,,19.03,3.14,drive,-26.69,front,LIDAR_ONLY
0,39.7899,t449,LIDAR_ONLY,28.7636,28.7636,,,,,,,,19.03,3.14,drive,-24.47,front,LIDAR_ONLY
0,39.8816,t448,BOTH,12.5698,7.5161,6.2044,6.3653,1.3117,102.5932,21.1407,0,0,11.60,2.11,stop,1.21,,FULL_ANGLE
0,39.8816,t448,LIDAR_ONLY,7.4629,7.4629,6.2044,1.2585,1.2585,20.2836,20.2836,0,0,11.60,2.11,slow,-8.76,front,LIDAR_ONLY
0,39.8816,t448,LIDAR_ONLY,7.5543,7.5543,6.2044,1.3499,1.3499,21.7563,21.7563,0,0,11.60,2.11,slow,0.44,front,LIDAR_ONLY
0,39.8816,t448,LIDAR_ONLY,6.9500,6.9500,6.2044,0.7456,0.7456,12.0165,12.0165,1,1,11.60,2.11,slow,-1.83,front,LIDAR_ONLY
0,39.8816,t449,LIDAR_ONLY,28.8425,28.8425,,,,,,,,11.60,2.11,drive,-26.41,front,LIDAR_ONLY
0,39.9432,cam_4,CAM_ONLY,12.5782,,6.2044,6.3738,,102.7297,,0,,10.11,2.77,stop,1.21,,CAMERA_ONLY
0,39.9432,t446,LIDAR_ONLY,20.5969,20.5969,64.5739,43.9770,43.9770,68.1033,68.1033,0,0,10.11,2.77,drive,20.58,front,LIDAR_ONLY
0,39.9432,t446,LIDAR_ONLY,24.0002,24.0002,64.5739,40.5738,40.5738,62.8330,62.8330,0,0,10.11,2.77,drive,22.36,front,LIDAR_ONLY
0,39.9432,t448,LIDAR_ONLY,7.1769,7.1769,6.2044,0.9725,0.9725,15.6744,15.6744,1,1,10.11,2.77,slow,4.14,front,LIDAR_ONLY
0,39.9432,t446,LIDAR_ONLY,26.4591,26.4591,64.5739,38.1148,38.1148,59.0251,59.0251,0,0,10.11,2.77,drive,17.29,front,LIDAR_ONLY
0,39.9432,t446,LIDAR_ONLY,28.9220,28.9220,64.5739,35.6519,35.6519,55.2110,55.2110,0,0,10.11,2.77,drive,17.75,front,LIDAR_ONLY
0,39.9432,t446,LIDAR_ONLY,29.9912,29.9912,64.5739,34.5827,34.5827,53.5553,53.5553,0,0,10.11,2.77,drive,18.67,front,LIDAR_ONLY
0,39.9432,t446,LIDAR_ONLY,24.3325,24.3325,64.5739,40.2414,40.2414,62.3184,62.3184,0,0,10.11,2.77,drive,19.13,front,LIDAR_ONLY
0,39.9432,t448,LIDAR_ONLY,6.5845,6.5845,6.2044,0.3800,0.3800,6.1250,6.1250,1,1,10.11,2.77,slow,5.07,front,LIDAR_ONLY
0,39.9432,t446,LIDAR_ONLY,21.4357,21.4357,64.5739,43.1382,43.1382,66.8044,66.8044,0,0,10.11,2.77,drive,16.83,front,LIDAR_ONLY
0,39.9432,t446,LIDAR_ONLY,20.6497,20.6497,64.5739,43.9243,43.9243,68.0217,68.0217,0,0,10.11,2.77,drive,19.59,front,LIDAR_ONLY
0,39.9432,t446,LIDAR_ONLY,20.4962,20.4962,64.5739,44.0778,44.0778,68.2594,68.2594,0,0,10.11,2.77,drive,18.21,front,LIDAR_ONLY
0,39.9432,t446,LIDAR_ONLY,20.1258,20.1258,64.5739,44.4482,44.4482,68.8330,68.8330,0,0,10.11,2.77,drive,20.52,front,LIDAR_ONLY
0,40.0142,cam_4,CAM_ONLY,12.5217,,6.2044,6.3172,,101.8175,,0,,12.41,5.80,stop,1.12,,CAMERA_ONLY
0,40.0758,cam_4,CAM_ONLY,12.5345,,6.2044,6.3300,,102.0239,,0,,11.02,3.10,stop,1.12,,CAMERA_ONLY
0,40.1326,cam_4,CAM_ONLY,12.5394,,6.2044,6.3349,,102.1029,,0,,10.40,3.02,stop,1.16,,CAMERA_ONLY
0,40.1326,t458,LIDAR_ONLY,48.9172,48.9172,46.6281,2.2891,2.2891,4.9094,4.9094,0,0,10.40,3.02,drive,-13.91,front,LIDAR_ONLY
0,40.1326,t461,LIDAR_ONLY,27.1750,27.1750,,,,,,,,10.40,3.02,drive,-29.18,front,LIDAR_ONLY
0,40.1326,t461,LIDAR_ONLY,27.5638,27.5638,,,,,,,,10.40,3.02,drive,-24.50,front,LIDAR_ONLY
0,40.1326,t461,LIDAR_ONLY,27.8392,27.8392,,,,,,,,10.40,3.02,drive,-26.80,front,LIDAR_ONLY
0,40.2116,cam_4,CAM_ONLY,12.5772,,6.2044,6.3728,,102.7131,,0,,13.66,4.45,stop,1.21,,CAMERA_ONLY
0,40.2708,cam_4,CAM_ONLY,12.5746,,6.2044,6.3702,,102.6709,,0,,12.13,3.43,stop,1.25,,CAMERA_ONLY
0,40.3341,t458,BOTH,12.5344,11.5794,6.2044,6.3300,5.3749,102.0233,86.6302,0,0,11.00,1.81,stop,0.98,,FULL_ANGLE
0,40.3341,t461,LIDAR_ONLY,27.9636,27.9636,,,,,,,,11.00,1.81,drive,-29.26,front,LIDAR_ONLY
0,40.3341,t461,LIDAR_ONLY,28.0683,28.0683,,,,,,,,11.00,1.81,drive,-26.64,front,LIDAR_ONLY
0,40.3934,t458,BOTH,12.5697,9.5522,6.2044,6.3653,3.3478,102.5924,53.9577,0,0,9.91,3.55,stop,0.94,,FULL_ANGLE
0,40.3934,t465,LIDAR_ONLY,46.6699,46.6699,64.5739,17.9041,17.9041,27.7265,27.7265,0,0,9.91,3.55,drive,20.97,front,LIDAR_ONLY
0,40.3934,t465,LIDAR_ONLY,46.4077,46.4077,64.5739,18.1662,18.1662,28.1324,28.1324,0,0,9.91,3.55,drive,19.48,front,LIDAR_ONLY
0,40.3934,t465,LIDAR_ONLY,15.3470,15.3470,64.5739,49.2270,49.2270,76.2335,76.2335,0,0,9.91,3.55,drive,26.36,front,LIDAR_ONLY
0,40.3934,t458,LIDAR_ONLY,10.5671,10.5671,6.2044,4.3626,4.3626,70.3145,70.3145,0,0,9.91,3.55,cautious,2.24,front,LIDAR_ONLY
0,40.3934,t465,LIDAR_ONLY,15.4074,15.4074,64.5739,49.1665,49.1665,76.1399,76.1399,0,0,9.91,3.55,drive,17.79,front,LIDAR_ONLY
0,40.3934,t465,LIDAR_ONLY,15.4749,15.4749,64.5739,49.0990,49.0990,76.0353,76.0353,0,0,9.91,3.55,drive,19.63,front,LIDAR_ONLY
0,40.3934,t465,LIDAR_ONLY,13.4184,13.4184,64.5739,51.1555,51.1555,79.2201,79.2201,0,0,9.91,3.55,cautious,20.09,front,LIDAR_ONLY
0,40.3934,t458,LIDAR_ONLY,10.0079,10.0079,6.2044,3.8035,3.8035,61.3023,61.3023,0,0,9.91,3.55,slow,9.71,front,LIDAR_ONLY
0,40.3934,t465,LIDAR_ONLY,12.8593,12.8593,64.5739,51.7146,51.7146,80.0859,80.0859,0,0,9.91,3.55,cautious,18.25,front,LIDAR_ONLY
0,40.3934,t465,LIDAR_ONLY,14.6811,14.6811,64.5739,49.8929,49.8929,77.2647,77.2647,0,0,9.91,3.55,cautious,19.17,front,LIDAR_ONLY
0,40.3934,t465,LIDAR_ONLY,15.6582,15.6582,64.5739,48.9157,48.9157,75.7515,75.7515,0,0,9.91,3.55,cautious,21.02,front,LIDAR_ONLY
0,40.3934,t458,LIDAR_ONLY,6.9825,6.9825,6.2044,0.7780,0.7780,12.5397,12.5397,1,1,9.91,3.55,slow,0.80,front,LIDAR_ONLY
0,40.3934,t461,LIDAR_ONLY,28.2474,28.2474,44.6201,16.3727,16.3727,36.6935,36.6935,0,0,9.91,3.55,drive,-27.18,front,LIDAR_ONLY
0,40.3934,t461,LIDAR_ONLY,28.4032,28.4032,44.6201,16.2169,16.2169,36.3444,36.3444,0,0,9.91,3.55,drive,-22.35,front,LIDAR_ONLY
0,40.3934,t461,LIDAR_ONLY,28.7410,28.7410,44.6201,15.8792,15.8792,35.5875,35.5875,0,0,9.91,3.55,drive,-20.50,front,LIDAR_ONLY
0,40.3934,t465,LIDAR_ONLY,16.2852,16.2852,64.5739,48.2888,48.2888,74.7806,74.7806,0,0,9.91,3.55,drive,20.55,front,LIDAR_ONLY
0,40.4587,cam_4,CAM_ONLY,12.5671,,6.2044,6.3627,,102.5500,,0,,15.62,5.00,stop,0.90,,CAMERA_ONLY
0,40.5352,cam_4,CAM_ONLY,12.5717,,6.2044,6.3672,,102.6235,,0,,13.66,2.75,stop,0.94,,CAMERA_ONLY
0,40.5352,t458,LIDAR_ONLY,7.1299,7.1299,6.2044,0.9254,0.9254,14.9159,14.9159,1,1,13.66,2.75,slow,-8.67,front,LIDAR_ONLY
0,40.5352,t461,LIDAR_ONLY,30.1289,30.1289,43.6211,13.4921,13.4921,30.9303,30.9303,0,0,13.66,2.75,drive,-15.98,front,LIDAR_ONLY
0,40.5352,t458,LIDAR_ONLY,7.1457,7.1457,6.2044,0.9412,0.9412,15.1706,15.1706,1,1,13.66,2.75,slow,-6.05,front,LIDAR_ONLY
0,40.5352,t467,LIDAR_ONLY,26.7843,26.7843,43.6211,16.8368,16.8368,38.5978,38.5978,0,0,13.66,2.75,drive,-29.90,front,LIDAR_ONLY
0,40.5352,t467,LIDAR_ONLY,26.9276,26.9276,43.6211,16.6934,16.6934,38.2692,38.2692,0,0,13.66,2.75,drive,-27.51,front,LIDAR_ONLY
0,40.5352,t467,LIDAR_ONLY,27.2866,27.2866,43.6211,16.3344,16.3344,37.4462,37.4462,0,0,13.66,2.75,drive,-22.66,front,LIDAR_ONLY
0,40.6056,cam_4,CAM_ONLY,12.5920,,6.2044,6.3876,,102.9516,,0,,16.94,5.52,stop,0.98,,CAMERA_ONLY
0,40.6820,cam_4,CAM_ONLY,12.5918,,6.2044,6.3874,,102.9484,,0,,14.15,3.30,stop,1.03,,CAMERA_ONLY
0,40.7417,t475,BOTH,12.5280,9.0418,6.2044,6.3236,2.8374,101.9204,45.7318,0,0,10.06,3.55,stop,1.03,,FULL_ANGLE
0,40.7417,t458,LIDAR_ONLY,7.3423,7.3423,57.5424,50.2001,50.2001,87.2402,87.2402,0,0,10.06,3.55,slow,-8.79,front,LIDAR_ONLY
0,40.7417,t473,LIDAR_ONLY,46.5953,46.5953,64.5739,17.9786,17.9786,27.8419,27.8419,0,0,10.06,3.55,drive,22.13,front,LIDAR_ONLY
0,40.7417,t473,LIDAR_ONLY,42.1543,42.1543,64.5739,22.4196,22.4196,34.7193,34.7193,0,0,10.06,3.55,drive,20.71,front,LIDAR_ONLY
0,40.7417,t475,LIDAR_ONLY,8.2352,8.2352,6.2044,2.0308,2.0308,32.7309,32.7309,0,0,10.06,3.55,slow,3.59,front,LIDAR_ONLY
0,40.7417,t473,LIDAR_ONLY,40.0891,40.0891,64.5739,24.4848,24.4848,37.9175,37.9175,0,0,10.06,3.55,drive,17.48,front,LIDAR_ONLY
0,40.7417,t473,LIDAR_ONLY,38.2479,38.2479,64.5739,26.3260,26.3260,40.7688,40.7688,0,0,10.06,3.55,drive,18.40,front,LIDAR_ONLY
0,40.7417,t473,LIDAR_ONLY,34.8397,34.8397,64.5739,29.7343,29.7343,46.0469,46.0469,0,0,10.06,3.55,drive,21.17,front,LIDAR_ONLY
0,40.7417,t475,LIDAR_ONLY,6.5950,6.5950,6.2044,0.3906,0.3906,6.2955,6.2955,1,1,10.06,3.55,slow,-0.01,front,LIDAR_ONLY
0,40.7417,t473,LIDAR_ONLY,18.1865,18.1865,64.5739,46.3875,46.3875,71.8362,71.8362,0,0,10.06,3.55,drive,18.86,front,LIDAR_ONLY
0,40.8257,cam_4,CAM_ONLY,12.5331,,6.2044,6.3287,,102.0021,,0,,20.03,4.93,stop,0.94,,CAMERA_ONLY
0,40.8927,t458,BOTH,12.5653,7.5306,40.8445,28.2792,33.3139,69.2361,81.5628,0,0,16.42,2.59,stop,1.03,,FULL_ANGLE
0,40.8927,t473,LIDAR_ONLY,20.3666,20.3666,64.5739,44.2074,44.2074,68.4601,68.4601,0,0,16.42,2.59,drive,19.31,front,LIDAR_ONLY
0,40.8927,t473,LIDAR_ONLY,24.3309,24.3309,64.5739,40.2430,40.2430,62.3209,62.3209,0,0,16.42,2.59,drive,22.68,front,LIDAR_ONLY
0,40.8927,t473,LIDAR_ONLY,28.0640,28.0640,64.5739,36.5100,36.5100,56.5398,56.5398,0,0,16.42,2.59,drive,21.13,front,LIDAR_ONLY
0,40.8927,t475,LIDAR_ONLY,6.6280,6.6280,6.2044,0.4236,0.4236,6.8273,6.8273,1,1,16.42,2.59,slow,3.06,front,LIDAR_ONLY
0,40.8927,t473,LIDAR_ONLY,31.4119,31.4119,64.5739,33.1621,33.1621,51.3552,51.3552,0,0,16.42,2.59,drive,17.11,front,LIDAR_ONLY
0,40.8927,t473,LIDAR_ONLY,33.6607,33.6607,64.5739,30.9133,30.9133,47.8727,47.8727,0,0,16.42,2.59,drive,17.57,front,LIDAR_ONLY
0,40.8927,t473,LIDAR_ONLY,33.8749,33.8749,64.5739,30.6990,30.6990,47.5408,47.5408,0,0,16.42,2.59,drive,18.95,front,LIDAR_ONLY
0,40.8927,t473,LIDAR_ONLY,25.6341,25.6341,64.5739,38.9398,38.9398,60.3027,60.3027,0,0,16.42,2.59,drive,19.41,front,LIDAR_ONLY
0,40.8927,t473,LIDAR_ONLY,19.9123,19.9123,64.5739,44.6617,44.6617,69.1636,69.1636,0,0,16.42,2.59,drive,20.33,front,LIDAR_ONLY
0,40.8927,t475,LIDAR_ONLY,6.6707,6.6707,6.2044,0.4663,0.4663,7.5152,7.5152,1,1,16.42,2.59,slow,0.72,front,LIDAR_ONLY
0,40.8927,t473,LIDAR_ONLY,18.6873,18.6873,64.5739,45.8866,45.8866,71.0606,71.0606,0,0,16.42,2.59,drive,20.79,front,LIDAR_ONLY
0,40.8927,t473,LIDAR_ONLY,17.2703,17.2703,64.5739,47.3036,47.3036,73.2550,73.2550,0,0,16.42,2.59,drive,21.25,front,LIDAR_ONLY
0,40.8927,t458,LIDAR_ONLY,9.4268,9.4268,40.8445,31.4177,31.4177,76.9203,76.9203,0,0,16.42,2.59,slow,-18.11,front,LIDAR_ONLY
0,40.8927,t475,LIDAR_ONLY,6.5285,6.5285,6.2044,0.3241,0.3241,5.2238,5.2238,1,1,16.42,2.59,slow,0.35,front,LIDAR_ONLY
0,40.9566,cam_4,CAM_ONLY,12.5830,,6.2044,6.3785,,102.8060,,0,,14.20,4.87,stop,0.98,,CAMERA_ONLY
0,41.0185,cam_4,CAM_ONLY,12.5788,,6.2044,6.3743,,102.7385,,0,,12.44,2.66,stop,0.98,,CAMERA_ONLY
0,41.0972,cam_4,CAM_ONLY,12.5319,,6.2044,6.3275,,101.9826,,0,,15.59,4.61,stop,0.98,,CAMERA_ONLY
0,41.0972,t473,LIDAR_ONLY,21.1064,21.1064,64.5739,43.4675,43.4675,67.3143,67.3143,0,0,15.59,4.61,drive,21.24,front,LIDAR_ONLY
0,41.0972,t473,LIDAR_ONLY,24.7020,24.7020,64.5739,39.8719,39.8719,61.7462,61.7462,0,0,15.59,4.61,drive,19.82,front,LIDAR_ONLY
0,41.0972,t473,LIDAR_ONLY,28.2918,28.2918,64.5739,36.2821,36.2821,56.1870,56.1870,0,0,15.59,4.61,drive,23.23,front,LIDAR_ONLY
0,41.0972,t475,LIDAR_ONLY,6.5163,6.5163,6.2044,0.3119,0.3119,5.0265,5.0265,1,1,15.59,4.61,slow,5.41,front,LIDAR_ONLY
0,41.0972,t473,LIDAR_ONLY,30.7779,30.7779,64.5739,33.7961,33.7961,52.3370,52.3370,0,0,15.59,4.61,drive,18.29,front,LIDAR_ONLY
0,41.0972,t473,LIDAR_ONLY,33.0846,33.0846,64.5739,31.4893,31.4893,48.7647,48.7647,0,0,15.59,4.61,drive,18.75,front,LIDAR_ONLY
0,41.0972,t473,LIDAR_ONLY,29.6149,29.6149,64.5739,34.9591,34.9591,54.1381,54.1381,0,0,15.59,4.61,drive,19.67,front,LIDAR_ONLY
0,41.0972,t473,LIDAR_ONLY,24.9000,24.9000,64.5739,39.6739,39.6739,61.4395,61.4395,0,0,15.59,4.61,drive,20.13,front,LIDAR_ONLY
0,41.0972,t473,LIDAR_ONLY,18.3856,18.3856,64.5739,46.1884,46.1884,71.5279,71.5279,0,0,15.59,4.61,drive,20.59,front,LIDAR_ONLY
0,41.0972,t475,LIDAR_ONLY,6.5569,6.5569,6.2044,0.3525,0.3525,5.6815,5.6815,1,1,15.59,4.61,slow,5.95,front,LIDAR_ONLY
0,41.0972,t473,LIDAR_ONLY,18.3312,18.3312,64.5739,46.2428,46.2428,71.6122,71.6122,0,0,15.59,4.61,drive,17.83,front,LIDAR_ONLY
0,41.0972,t473,LIDAR_ONLY,17.6649,17.6649,64.5739,46.9091,46.9091,72.6440,72.6440,0,0,15.59,4.61,drive,21.05,front,LIDAR_ONLY
0,41.0972,t475,LIDAR_ONLY,6.4754,6.4754,6.2044,0.2709,0.2709,4.3667,4.3667,1,1,15.59,4.61,slow,5.85,front,LIDAR_ONLY
0,41.1610,cam_4,CAM_ONLY,12.5344,,6.2044,6.3300,,102.0232,,0,,9.75,5.54,stop,1.03,,CAMERA_ONLY
0,41.2230,cam_4,CAM_ONLY,12.5806,,6.2044,6.3762,,102.7675,,0,,9.53,3.53,stop,1.07,,CAMERA_ONLY
0,41.2849,cam_4,CAM_ONLY,12.5744,,6.2044,6.3699,,102.6674,,0,,13.04,2.81,stop,1.12,,CAMERA_ONLY
0,41.2849,t488,LIDAR_ONLY,47.4193,47.4193,53.6810,6.2617,6.2617,11.6647,11.6647,0,0,13.04,2.81,drive,-8.78,front,LIDAR_ONLY
0,41.2849,t475,LIDAR_ONLY,6.4875,6.4875,6.2044,0.2831,0.2831,4.5628,4.5628,1,1,13.04,2.81,slow,1.95,front,LIDAR_ONLY
0,41.2849,t475,LIDAR_ONLY,6.6016,6.6016,6.2044,0.3972,0.3972,6.4013,6.4013,1,1,13.04,2.81,slow,1.80,front,LIDAR_ONLY
0,41.2849,t475,LIDAR_ONLY,6.8261,6.8261,6.2044,0.6217,0.6217,10.0200,10.0200,1,1,13.04,2.81,slow,9.63,front,LIDAR_ONLY
0,41.2849,t475,LIDAR_ONLY,6.7601,6.7601,6.2044,0.5556,0.5556,8.9550,8.9550,1,1,13.04,2.81,slow,0.91,front,LIDAR_ONLY
0,41.2849,t490,LIDAR_ONLY,28.0688,28.0688,37.8593,9.7906,9.7906,25.8604,25.8604,0,0,13.04,2.81,drive,-27.58,front,LIDAR_ONLY
0,41.2849,t490,LIDAR_ONLY,28.4135,28.4135,37.8593,9.4458,9.4458,24.9498,24.9498,0,0,13.04,2.81,drive,-22.45,front,LIDAR_ONLY
0,41.3468,cam_4,CAM_ONLY,12.5129,,6.2044,6.3084,,101.6761,,0,,10.05,3.56,stop,1.07,,CAMERA_ONLY
0,41.3468,t491,LIDAR_ONLY,47.0577,47.0577,64.5739,17.5163,17.5163,27.1259,27.1259,0,0,10.05,3.56,drive,23.43,front,LIDAR_ONLY
0,41.3468,t491,LIDAR_ONLY,46.5938,46.5938,64.5739,17.9801,17.9801,27.8442,27.8442,0,0,10.05,3.56,drive,22.23,front,LIDAR_ONLY
0,41.3468,t491,LIDAR_ONLY,40.9478,40.9478,64.5739,23.6262,23.6262,36.5878,36.5878,0,0,10.05,3.56,drive,17.16,front,LIDAR_ONLY
0,41.3468,t491,LIDAR_ONLY,35.0176,35.0176,64.5739,29.5564,29.5564,45.7714,45.7714,0,0,10.05,3.56,drive,18.54,front,LIDAR_ONLY
0,41.3468,t491,LIDAR_ONLY,32.6157,32.6157,64.5739,31.9582,31.9582,49.4909,49.4909,0,0,10.05,3.56,drive,19.46,front,LIDAR_ONLY
0,41.3468,t491,LIDAR_ONLY,26.0098,26.0098,64.5739,38.5642,38.5642,59.7209,59.7209,0,0,10.05,3.56,drive,19.92,front,LIDAR_ONLY
0,41.3468,t491,LIDAR_ONLY,18.9321,18.9321,64.5739,45.6418,45.6418,70.6814,70.6814,0,0,10.05,3.56,drive,20.39,front,LIDAR_ONLY
0,41.3468,t491,LIDAR_ONLY,19.2118,19.2118,64.5739,45.3621,45.3621,70.2484,70.2484,0,0,10.05,3.56,drive,16.70,front,LIDAR_ONLY
0,41.3468,t491,LIDAR_ONLY,19.3598,19.3598,64.5739,45.2141,45.2141,70.0191,70.0191,0,0,10.05,3.56,drive,19.00,front,LIDAR_ONLY
0,41.3468,t491,LIDAR_ONLY,19.2303,19.2303,64.5739,45.3436,45.3436,70.2197,70.2197,0,0,10.05,3.56,drive,20.85,front,LIDAR_ONLY
0,41.3468,t491,LIDAR_ONLY,19.4199,19.4199,64.5739,45.1540,45.1540,69.9261,69.9261,0,0,10.05,3.56,drive,18.08,front,LIDAR_ONLY
0,41.4117,cam_4,CAM_ONLY,12.5584,,6.2044,6.3540,,102.4103,,0,,11.71,4.45,stop,1.07,,CAMERA_ONLY
0,41.4760,cam_4,CAM_ONLY,12.5356,,6.2044,6.3312,,102.0425,,0,,11.30,3.16,stop,0.85,,CAMERA_ONLY
0,41.5380,t499,BOTH,12.5443,8.3317,6.2044,6.3398,2.1273,102.1818,34.2860,0,0,12.93,3.03,stop,0.85,,FULL_ANGLE
0,41.5380,t491,LIDAR_ONLY,21.3912,21.3912,64.5739,43.1827,43.1827,66.8733,66.8733,0,0,12.93,3.03,drive,22.93,front,LIDAR_ONLY
0,41.5380,t491,LIDAR_ONLY,23.8578,23.8578,64.5739,40.7162,40.7162,63.0536,63.0536,0,0,12.93,3.03,drive,19.49,front,LIDAR_ONLY
0,41.5380,t491,LIDAR_ONLY,12.0040,12.0040,64.5739,52.5699,52.5699,81.4104,81.4104,0,0,12.93,3.03,cautious,29.31,front,LIDAR_ONLY
0,41.5380,t499,LIDAR_ONLY,9.0488,9.0488,6.2044,2.8443,2.8443,45.8434,45.8434,0,0,12.93,3.03,slow,1.82,front,LIDAR_ONLY
0,41.5380,t500,LIDAR_ONLY,22.1695,22.1695,32.3907,10.2212,10.2212,31.5559,31.5559,0,0,12.93,3.03,drive,17.19,front,LIDAR_ONLY
0,41.5380,t500,LIDAR_ONLY,21.7037,21.7037,32.3907,10.6870,10.6870,32.9941,32.9941,0,0,12.93,3.03,drive,17.65,front,LIDAR_ONLY
0,41.5380,t500,LIDAR_ONLY,20.9989,20.9989,32.3907,11.3918,11.3918,35.1699,35.1699,0,0,12.93,3.03,drive,18.57,front,LIDAR_ONLY
0,41.5380,t500,LIDAR_ONLY,20.3402,20.3402,32.3907,12.0505,12.0505,37.2035,37.2035,0,0,12.93,3.03,drive,19.03,front,LIDAR_ONLY
0,41.5380,t500,LIDAR_ONLY,19.8161,19.8161,32.3907,12.5746,12.5746,38.8215,38.8215,0,0,12.93,3.03,drive,19.95,front,LIDAR_ONLY
0,41.5380,t500,LIDAR_ONLY,18.8442,18.8442,32.3907,13.5464,13.5464,41.8220,41.8220,0,0,12.93,3.03,drive,20.41,front,LIDAR_ONLY
0,41.5380,t500,LIDAR_ONLY,17.8470,17.8470,32.3907,14.5437,14.5437,44.9009,44.9009,0,0,12.93,3.03,drive,21.33,front,LIDAR_ONLY
0,41.5380,t500,LIDAR_ONLY,17.8912,17.8912,32.3907,14.4995,14.4995,44.7644,44.7644,0,0,12.93,3.03,drive,18.11,front,LIDAR_ONLY
0,41.5380,t500,LIDAR_ONLY,17.8012,17.8012,32.3907,14.5895,14.5895,45.0422,45.0422,0,0,12.93,3.03,drive,19.49,front,LIDAR_ONLY
0,41.5380,t501,LIDAR_ONLY,42.8069,42.8069,51.9525,9.1456,9.1456,17.6038,17.6038,0,0,12.93,3.03,drive,-11.56,front,LIDAR_ONLY
0,41.5380,t499,LIDAR_ONLY,6.5680,6.5680,6.2044,0.3636,0.3636,5.8598,5.8598,1,1,12.93,3.03,slow,0.62,front,LIDAR_ONLY
0,41.5380,t502,LIDAR_ONLY,27.4539,27.4539,36.0011,8.5472,8.5472,23.7414,23.7414,0,0,12.93,3.03,drive,-28.65,front,LIDAR_ONLY
0,41.5380,t502,LIDAR_ONLY,27.6368,27.6368,36.0011,8.3643,8.3643,23.2334,23.2334,0,0,12.93,3.03,drive,-26.85,front,LIDAR_ONLY
0,41.5380,t502,LIDAR_ONLY,28.0814,28.0814,36.0011,7.9197,7.9197,21.9985,21.9985,0,0,12.93,3.03,drive,-22.36,front,LIDAR_ONLY
0,41.5380,t500,LIDAR_ONLY,18.8294,18.8294,32.3907,13.5613,13.5613,41.8680,41.8680,0,0,12.93,3.03,drive,10.60,front,LIDAR_ONLY
0,41.5380,t491,LIDAR_ONLY,12.0036,12.0036,64.5739,52.5703,52.5703,81.4111,81.4111,0,0,12.93,3.03,cautious,20.87,front,LIDAR_ONLY
0,41.6024,cam_4,CAM_ONLY,12.5598,,6.2044,6.3554,,102.4329,,0,,10.91,4.60,stop,0.90,,CAMERA_ONLY
0,41.6644,cam_4,CAM_ONLY,12.5398,,6.2044,6.3354,,102.1103,,0,,12.42,4.20,stop,0.81,,CAMERA_ONLY
0,41.7279,cam_4,CAM_ONLY,12.5395,,6.2044,6.3351,,102.1058,,0,,13.51,3.27,stop,0.85,,CAMERA_ONLY
0,41.7843,t511,BOTH,12.5529,10.2298,50.2469,37.6940,40.0171,75.0176,79.6409,0,0,11.09,2.02,stop,0.90,,FULL_ANGLE
0,41.7843,t511,LIDAR_ONLY,47.3415,47.3415,50.2469,2.9054,2.9054,5.7822,5.7822,0,0,11.09,2.02,drive,-8.75,front,LIDAR_ONLY
0,41.7843,t514,LIDAR_ONLY,27.1383,27.1383,34.1294,6.9911,6.9911,20.4841,20.4841,0,0,11.09,2.02,drive,-29.23,front,LIDAR_ONLY
0,41.7843,t514,LIDAR_ONLY,27.2397,27.2397,34.1294,6.8897,6.8897,20.1871,20.1871,0,0,11.09,2.02,drive,-28.00,front,LIDAR_ONLY
0,41.7843,t514,LIDAR_ONLY,27.5824,27.5824,34.1294,6.5470,6.5470,19.1830,19.1830,0,0,11.09,2.02,drive,-25.60,front,LIDAR_ONLY
0,41.8571,cam_4,CAM_ONLY,12.5606,,6.2044,6.3561,,102.4450,,0,,19.76,5.69,stop,1.03,,CAMERA_ONLY
0,41.9136,cam_4,CAM_ONLY,12.5585,,6.2044,6.3540,,102.4111,,0,,10.30,3.54,stop,0.98,,CAMERA_ONLY
0,41.9735,cam_4,CAM_ONLY,12.5694,,6.2044,6.3649,,102.5866,,0,,9.35,2.69,stop,0.98,,CAMERA_ONLY
0,42.0341,t523,BOTH,12.5764,7.7650,6.2044,6.3720,1.5606,102.7001,25.1522,0,0,9.71,1.45,stop,1.07,,FULL_ANGLE
0,42.0341,t523,LIDAR_ONLY,47.5260,47.5260,6.2044,41.3216,41.3216,665.9997,665.9997,0,0,9.71,1.45,drive,-8.68,front,LIDAR_ONLY
0,42.0341,t523,LIDAR_ONLY,28.3072,28.3072,6.2044,22.1028,22.1028,356.2409,356.2409,0,0,9.71,1.45,drive,-2.37,front,LIDAR_ONLY
0,42.0341,t523,LIDAR_ONLY,17.9649,17.9649,6.2044,11.7605,11.7605,189.5491,189.5491,0,0,9.71,1.45,drive,-3.68,front,LIDAR_ONLY
0,42.0341,t524,LIDAR_ONLY,37.3737,37.3737,32.1357,5.2380,5.2380,16.2997,16.2997,0,0,9.71,1.45,drive,-24.77,front,LIDAR_ONLY
0,42.0341,t524,LIDAR_ONLY,31.8095,31.8095,32.1357,0.3261,0.3261,1.0149,1.0149,1,1,9.71,1.45,drive,-29.36,front,LIDAR_ONLY
0,42.0341,t524,LIDAR_ONLY,30.9089,30.9089,32.1357,1.2268,1.2268,3.8175,3.8175,0,0,9.71,1.45,drive,-26.76,front,LIDAR_ONLY
0,42.0341,t524,LIDAR_ONLY,30.9153,30.9153,32.1357,1.2203,1.2203,3.7974,3.7974,0,0,9.71,1.45,drive,-23.15,front,LIDAR_ONLY
0,42.0341,t524,LIDAR_ONLY,30.9851,30.9851,32.1357,1.1506,1.1506,3.5804,3.5804,0,0,9.71,1.45,drive,-20.85,front,LIDAR_ONLY
0,42.0929,t523,BOTH,12.5674,7.8064,32.3907,19.8233,24.5843,61.2007,75.8993,0,0,11.62,3.77,stop,0.98,,FULL_ANGLE
0,42.0929,t526,LIDAR_ONLY,46.6266,46.6266,64.5739,17.9474,17.9474,27.7935,27.7935,0,0,11.62,3.77,drive,21.32,front,LIDAR_ONLY
0,42.0929,t526,LIDAR_ONLY,40.2423,40.2423,64.5739,24.3316,24.3316,37.6802,37.6802,0,0,11.62,3.77,drive,17.70,front,LIDAR_ONLY
0,42.0929,t526,LIDAR_ONLY,35.1269,35.1269,64.5739,29.4470,29.4470,45.6021,45.6021,0,0,11.62,3.77,drive,19.09,front,LIDAR_ONLY
0,42.0929,t526,LIDAR_ONLY,31.5166,31.5166,64.5739,33.0574,33.0574,51.1931,51.1931,0,0,11.62,3.77,drive,20.94,front,LIDAR_ONLY
0,42.0929,t523,LIDAR_ONLY,6.9750,6.9750,32.3907,25.4157,25.4157,78.4661,78.4661,0,0,11.62,3.77,slow,-0.03,front,LIDAR_ONLY
0,42.0929,t526,LIDAR_ONLY,30.2714,30.2714,64.5739,34.3026,34.3026,53.1214,53.1214,0,0,11.62,3.77,drive,18.63,front,LIDAR_ONLY
0,42.0929,t526,LIDAR_ONLY,18.4931,18.4931,64.5739,46.0808,46.0808,71.3613,71.3613,0,0,11.62,3.77,drive,20.01,front,LIDAR_ONLY
0,42.0929,t523,LIDAR_ONLY,6.5758,6.5758,32.3907,25.8149,25.8149,79.6985,79.6985,0,0,11.62,3.77,slow,1.76,front,LIDAR_ONLY
0,42.0929,t523,LIDAR_ONLY,6.6439,6.6439,32.3907,25.7467,25.7467,79.4881,79.4881,0,0,11.62,3.77,slow,10.16,front,LIDAR_ONLY
0,42.0929,t526,LIDAR_ONLY,17.9082,17.9082,64.5739,46.6658,46.6658,72.2672,72.2672,0,0,11.62,3.77,drive,19.55,front,LIDAR_ONLY
0,42.1623,cam_4,CAM_ONLY,12.5592,,6.2044,6.3548,,102.4235,,0,,11.99,3.83,stop,0.98,,CAMERA_ONLY
0,42.2337,t530,BOTH,12.5656,7.8731,6.2044,6.3611,1.6687,102.5255,26.8950,0,0,18.99,3.08,stop,1.07,,FULL_ANGLE
0,42.2337,t530,LIDAR_ONLY,47.3259,47.3259,6.2044,41.1214,41.1214,662.7738,662.7738,0,0,18.99,3.08,drive,-8.83,front,LIDAR_ONLY
0,42.2337,t530,LIDAR_ONLY,28.1892,28.1892,6.2044,21.9847,21.9847,354.3383,354.3383,0,0,18.99,3.08,drive,-1.59,front,LIDAR_ONLY
0,42.2337,t530,LIDAR_ONLY,20.2661,20.2661,6.2044,14.0616,14.0616,226.6381,226.6381,0,0,18.99,3.08,drive,-2.67,front,LIDAR_ONLY
0,42.2337,t524,LIDAR_ONLY,30.2546,30.2546,30.6030,0.3484,0.3484,1.1383,1.1383,1,1,18.99,3.08,drive,-25.38,front,LIDAR_ONLY
0,42.2337,t524,LIDAR_ONLY,30.3512,30.3512,30.6030,0.2518,0.2518,0.8229,0.8229,1,1,18.99,3.08,drive,-28.21,front,LIDAR_ONLY
0,42.2337,t524,LIDAR_ONLY,30.5273,30.5273,30.6030,0.0757,0.0757,0.2473,0.2473,1,1,18.99,3.08,drive,-24.68,front,LIDAR_ONLY
0,42.2337,t524,LIDAR_ONLY,30.6661,30.6661,30.6030,0.0631,0.0631,0.2062,0.2062,1,1,18.99,3.08,drive,-22.62,front,LIDAR_ONLY
0,42.2917,t530,BOTH,12.5705,8.3275,46.4612,33.8907,38.1337,72.9442,82.0765,0,0,11.13,2.78,stop,1.07,,FULL_ANGLE
0,42.2917,t526,LIDAR_ONLY,20.5818,20.5818,64.5739,43.9922,43.9922,68.1268,68.1268,0,0,11.13,2.78,drive,21.75,front,LIDAR_ONLY
0,42.2917,t526,LIDAR_ONLY,24.1466,24.1466,64.5739,40.4274,40.4274,62.6063,62.6063,0,0,11.13,2.78,drive,23.70,front,LIDAR_ONLY
0,42.2917,t526,LIDAR_ONLY,27.8172,27.8172,64.5739,36.7567,36.7567,56.9219,56.9219,0,0,11.13,2.78,drive,19.56,front,LIDAR_ONLY
0,42.2917,t526,LIDAR_ONLY,32.0629,32.0629,64.5739,32.5111,32.5111,50.3471,50.3471,0,0,11.13,2.78,drive,20.48,front,LIDAR_ONLY
0,42.2917,t526,LIDAR_ONLY,36.3602,36.3602,64.5739,28.2138,28.2138,43.6922,43.6922,0,0,11.13,2.78,drive,23.39,front,LIDAR_ONLY
0,42.2917,t523,LIDAR_ONLY,6.7792,6.7792,6.2044,0.5748,0.5748,9.2637,9.2637,1,1,11.13,2.78,slow,2.31,front,LIDAR_ONLY
0,42.2917,t526,LIDAR_ONLY,37.0163,37.0163,64.5739,27.5577,27.5577,42.6762,42.6762,0,0,11.13,2.78,drive,18.34,front,LIDAR_ONLY
0,42.2917,t526,LIDAR_ONLY,33.6441,33.6441,64.5739,30.9299,30.9299,47.8984,47.8984,0,0,11.13,2.78,drive,18.80,front,LIDAR_ONLY
0,42.2917,t526,LIDAR_ONLY,28.8628,28.8628,64.5739,35.7112,35.7112,55.3028,55.3028,0,0,11.13,2.78,drive,19.26,front,LIDAR_ONLY
0,42.2917,t526,LIDAR_ONLY,23.8012,23.8012,64.5739,40.7727,40.7727,63.1412,63.1412,0,0,11.13,2.78,drive,19.72,front,LIDAR_ONLY
0,42.2917,t526,LIDAR_ONLY,18.6325,18.6325,64.5739,45.9415,45.9415,71.1455,71.1455,0,0,11.13,2.78,drive,20.64,front,LIDAR_ONLY
0,42.2917,t526,LIDAR_ONLY,17.4395,17.4395,64.5739,47.1345,47.1345,72.9930,72.9930,0,0,11.13,2.78,drive,21.09,front,LIDAR_ONLY
0,42.2917,t523,LIDAR_ONLY,6.8451,6.8451,6.2044,0.6407,0.6407,10.3264,10.3264,1,1,11.13,2.78,slow,3.05,front,LIDAR_ONLY
0,42.2917,t526,LIDAR_ONLY,17.6947,17.6947,64.5739,46.8793,46.8793,72.5978,72.5978,0,0,11.13,2.78,drive,16.96,front,LIDAR_ONLY
0,42.2917,t526,LIDAR_ONLY,17.9870,17.9870,64.5739,46.5869,46.5869,72.1451,72.1451,0,0,11.13,2.78,drive,17.88,front,LIDAR_ONLY
0,42.2917,t523,LIDAR_ONLY,6.6521,6.6521,6.2044,0.4477,0.4477,7.2155,7.2155,1,1,11.13,2.78,slow,0.73,front,LIDAR_ONLY
0,42.2917,t530,LIDAR_ONLY,8.5386,8.5386,46.4612,37.9226,37.9226,81.6221,81.6221,0,0,11.13,2.78,slow,-10.29,front,LIDAR_ONLY
0,42.3606,cam_4,CAM_ONLY,12.5702,,6.2044,6.3658,,102.6006,,0,,12.44,8.50,stop,1.12,,CAMERA_ONLY
0,42.4266,cam_4,CAM_ONLY,12.5617,,6.2044,6.3573,,102.4634,,0,,14.44,4.59,stop,1.16,,CAMERA_ONLY
0,42.4924,cam_4,CAM_ONLY,12.5694,,6.2044,6.3650,,102.5873,,0,,18.80,3.73,stop,1.21,,CAMERA_ONLY
0,42.4924,t526,LIDAR_ONLY,20.0093,20.0093,,,,,,,,18.80,3.73,drive,23.11,front,LIDAR_ONLY
0,42.4924,t526,LIDAR_ONLY,23.7360,23.7360,,,,,,,,18.80,3.73,drive,21.03,front,LIDAR_ONLY
0,42.4924,t526,LIDAR_ONLY,12.4013,12.4013,,,,,,,,18.80,3.73,cautious,29.45,front,LIDAR_ONLY
0,42.4924,t523,LIDAR_ONLY,6.7496,6.7496,6.2044,0.5451,0.5451,8.7862,8.7862,1,1,18.80,3.73,slow,1.14,front,LIDAR_ONLY
0,42.4924,t538,LIDAR_ONLY,20.1110,20.1110,64.5739,44.4629,44.4629,68.8558,68.8558,0,0,18.80,3.73,drive,18.26,front,LIDAR_ONLY
0,42.4924,t538,LIDAR_ONLY,19.6698,19.6698,64.5739,44.9041,44.9041,69.5391,69.5391,0,0,18.80,3.73,drive,18.72,front,LIDAR_ONLY
0,42.4924,t538,LIDAR_ONLY,19.2339,19.2339,64.5739,45.3400,45.3400,70.2141,70.2141,0,0,18.80,3.73,drive,19.18,front,LIDAR_ONLY
0,42.4924,t538,LIDAR_ONLY,18.9153,18.9153,64.5739,45.6587,45.6587,70.7076,70.7076,0,0,18.80,3.73,drive,19.65,front,LIDAR_ONLY
0,42.4924,t538,LIDAR_ONLY,18.4886,18.4886,64.5739,46.0853,46.0853,71.3683,71.3683,0,0,18.80,3.73,drive,20.57,front,LIDAR_ONLY
0,42.4924,t538,LIDAR_ONLY,17.8296,17.8296,64.5739,46.7444,46.7444,72.3889,72.3889,0,0,18.80,3.73,drive,21.03,front,LIDAR_ONLY
0,42.4924,t523,LIDAR_ONLY,6.7452,6.7452,6.2044,0.5408,0.5408,8.7157,8.7157,1,1,18.80,3.73,slow,2.02,front,LIDAR_ONLY
0,42.4924,t538,LIDAR_ONLY,17.9195,17.9195,64.5739,46.6544,46.6544,72.2496,72.2496,0,0,18.80,3.73,drive,17.34,front,LIDAR_ONLY
0,42.4924,t539,LIDAR_ONLY,35.0545,35.0545,28.6124,6.4422,6.4422,22.5153,22.5153,0,0,18.80,3.73,drive,-27.65,front,LIDAR_ONLY
0,42.4924,t523,LIDAR_ONLY,6.5086,6.5086,6.2044,0.3042,0.3042,4.9030,4.9030,1,1,18.80,3.73,slow,0.42,front,LIDAR_ONLY
0,42.4924,t538,LIDAR_ONLY,17.8609,17.8609,64.5739,46.7130,46.7130,72.3404,72.3404,0,0,18.80,3.73,drive,20.11,front,LIDAR_ONLY
0,42.4924,t539,LIDAR_ONLY,29.1714,29.1714,28.6124,0.5591,0.5591,1.9539,1.9539,1,1,18.80,3.73,drive,-28.39,front,LIDAR_ONLY
0,42.4924,t539,LIDAR_ONLY,29.1911,29.1911,28.6124,0.5788,0.5788,2.0227,2.0227,1,1,18.80,3.73,drive,-25.12,front,LIDAR_ONLY
0,42.5653,cam_4,CAM_ONLY,12.5365,,6.2044,6.3320,,102.0566,,0,,11.44,3.98,stop,1.12,,CAMERA_ONLY
0,42.6283,cam_4,CAM_ONLY,12.5410,,6.2044,6.3365,,102.1289,,0,,9.66,2.76,stop,1.07,,CAMERA_ONLY
0,42.6834,cam_4,CAM_ONLY,12.5336,,6.2044,6.3291,,102.0097,,0,,10.94,1.49,stop,1.12,,CAMERA_ONLY
0,42.6834,t539,LIDAR_ONLY,28.8493,28.8493,27.1994,1.6499,1.6499,6.0658,6.0658,0,0,10.94,1.49,drive,-28.73,front,LIDAR_ONLY
0,42.6834,t539,LIDAR_ONLY,28.8373,28.8373,27.1994,1.6379,1.6379,6.0217,6.0217,0,0,10.94,1.49,drive,-26.42,front,LIDAR_ONLY
0,42.6834,t539,LIDAR_ONLY,28.2196,28.2196,27.1994,1.0202,1.0202,3.7507,3.7507,0,0,10.94,1.49,drive,-23.76,front,LIDAR_ONLY
0,42.7419,t546,BOTH,12.5569,8.2975,6.2044,6.3525,2.0930,102.3863,33.7346,0,0,11.00,2.90,stop,1.16,,FULL_ANGLE
0,42.7419,t544,LIDAR_ONLY,46.5968,46.5968,64.5739,17.9771,17.9771,27.8396,27.8396,0,0,11.00,2.90,drive,21.90,front,LIDAR_ONLY
0,42.7419,t544,LIDAR_ONLY,46.6435,46.6435,64.5739,17.9304,17.9304,27.7673,27.7673,0,0,11.00,2.90,drive,23.85,front,LIDAR_ONLY
0,42.7419,t546,LIDAR_ONLY,9.0389,9.0389,6.2044,2.8345,2.8345,45.6842,45.6842,0,0,11.00,2.90,slow,2.53,front,LIDAR_ONLY
0,42.7419,t544,LIDAR_ONLY,43.6759,43.6759,64.5739,20.8981,20.8981,32.3630,32.3630,0,0,11.00,2.90,drive,16.73,front,LIDAR_ONLY
0,42.7419,t544,LIDAR_ONLY,39.9235,39.9235,64.5739,24.6505,24.6505,38.1740,38.1740,0,0,11.00,2.90,drive,17.19,front,LIDAR_ONLY
0,42.7419,t544,LIDAR_ONLY,37.0235,37.0235,64.5739,27.5504,27.5504,42.6649,42.6649,0,0,11.00,2.90,drive,18.11,front,LIDAR_ONLY
0,42.7419,t544,LIDAR_ONLY,27.3084,27.3084,64.5739,37.2655,37.2655,57.7099,57.7099,0,0,11.00,2.90,drive,20.41,front,LIDAR_ONLY
0,42.7419,t544,LIDAR_ONLY,20.2801,20.2801,64.5739,44.2938,44.2938,68.5940,68.5940,0,0,11.00,2.90,drive,20.87,front,LIDAR_ONLY
0,42.7419,t544,LIDAR_ONLY,20.7228,20.7228,64.5739,43.8512,43.8512,67.9085,67.9085,0,0,11.00,2.90,drive,16.27,front,LIDAR_ONLY
0,42.7419,t544,LIDAR_ONLY,20.9795,20.9795,64.5739,43.5945,43.5945,67.5109,67.5109,0,0,11.00,2.90,drive,17.65,front,LIDAR_ONLY
0,42.7419,t544,LIDAR_ONLY,21.1066,21.1066,64.5739,43.4674,43.4674,67.3141,67.3141,0,0,11.00,2.90,drive,18.57,front,LIDAR_ONLY
0,42.7419,t546,LIDAR_ONLY,6.5802,6.5802,6.2044,0.3757,0.3757,6.0557,6.0557,1,1,11.00,2.90,slow,0.94,front,LIDAR_ONLY
0,42.7419,t544,LIDAR_ONLY,21.2558,21.2558,64.5739,43.3182,43.3182,67.0830,67.0830,0,0,11.00,2.90,drive,19.49,front,LIDAR_ONLY
0,42.7419,t544,LIDAR_ONLY,21.5253,21.5253,64.5739,43.0486,43.0486,66.6656,66.6656,0,0,11.00,2.90,drive,21.33,front,LIDAR_ONLY
0,42.8052,cam_4,CAM_ONLY,12.5572,,6.2044,6.3527,,102.3898,,0,,11.23,4.79,stop,1.07,,CAMERA_ONLY
0,42.8660,cam_4,CAM_ONLY,12.5195,,6.2044,6.3151,,101.7829,,0,,11.63,3.33,stop,1.03,,CAMERA_ONLY
0,42.9334,cam_4,CAM_ONLY,12.5680,,6.2044,6.3635,,102.5642,,0,,14.27,3.14,stop,1.12,,CAMERA_ONLY
0,43.0188,cam_4,CAM_ONLY,12.5530,,6.2044,6.3486,,102.3234,,0,,19.14,5.39,stop,1.12,,CAMERA_ONLY
0,43.0831,cam_4,CAM_ONLY,12.5161,,6.2044,6.3116,,101.7279,,0,,12.48,3.19,stop,1.07,,CAMERA_ONLY
0,43.0831,t558,LIDAR_ONLY,27.0396,27.0396,40.6166,13.5770,13.5770,33.4273,33.4273,0,0,12.48,3.19,drive,-29.44,front,LIDAR_ONLY
0,43.0831,t558,LIDAR_ONLY,27.2736,27.2736,40.6166,13.3430,13.3430,32.8512,32.8512,0,0,12.48,3.19,drive,-22.56,front,LIDAR_ONLY
0,43.1478,t561,BOTH,12.5574,9.0162,6.2044,6.3529,2.8117,102.3933,45.3183,0,0,10.48,3.21,stop,1.12,,FULL_ANGLE
0,43.1478,t559,LIDAR_ONLY,47.1983,47.1983,64.5739,17.3756,17.3756,26.9081,26.9081,0,0,10.48,3.21,drive,19.66,front,LIDAR_ONLY
0,43.1478,t559,LIDAR_ONLY,46.6757,46.6757,64.5739,17.8983,17.8983,27.7175,27.7175,0,0,10.48,3.21,drive,21.16,front,LIDAR_ONLY
0,43.1478,t559,LIDAR_ONLY,40.9011,40.9011,64.5739,23.6729,23.6729,36.6601,36.6601,0,0,10.48,3.21,drive,17.02,front,LIDAR_ONLY
0,43.1478,t559,LIDAR_ONLY,36.0834,36.0834,64.5739,28.4906,28.4906,44.1209,44.1209,0,0,10.48,3.21,drive,17.94,front,LIDAR_ONLY
0,43.1478,t559,LIDAR_ONLY,33.2574,33.2574,64.5739,31.3165,31.3165,48.4972,48.4972,0,0,10.48,3.21,drive,19.32,front,LIDAR_ONLY
0,43.1478,t559,LIDAR_ONLY,27.7516,27.7516,64.5739,36.8224,36.8224,57.0236,57.0236,0,0,10.48,3.21,drive,19.78,front,LIDAR_ONLY
0,43.1478,t559,LIDAR_ONLY,19.2454,19.2454,64.5739,45.3285,45.3285,70.1963,70.1963,0,0,10.48,3.21,drive,20.24,front,LIDAR_ONLY
0,43.1478,t559,LIDAR_ONLY,18.1917,18.1917,64.5739,46.3823,46.3823,71.8281,71.8281,0,0,10.48,3.21,drive,20.70,front,LIDAR_ONLY
0,43.1478,t559,LIDAR_ONLY,17.1939,17.1939,64.5739,47.3800,47.3800,73.3733,73.3733,0,0,10.48,3.21,drive,21.16,front,LIDAR_ONLY
0,43.1478,t561,LIDAR_ONLY,8.1875,8.1875,6.2044,1.9831,1.9831,31.9626,31.9626,0,0,10.48,3.21,slow,7.28,front,LIDAR_ONLY
0,43.1478,t559,LIDAR_ONLY,17.2272,17.2272,64.5739,47.3468,47.3468,73.3218,73.3218,0,0,10.48,3.21,drive,18.86,front,LIDAR_ONLY
0,43.1478,t561,LIDAR_ONLY,6.5739,6.5739,6.2044,0.3695,0.3695,5.9551,5.9551,1,1,10.48,3.21,slow,7.29,front,LIDAR_ONLY
0,43.2260,cam_4,CAM_ONLY,12.5636,,6.2044,6.3591,,102.4930,,0,,22.95,4.51,stop,1.16,,CAMERA_ONLY
0,43.2968,cam_4,CAM_ONLY,12.5586,,6.2044,6.3541,,102.4125,,0,,15.79,2.57,stop,1.21,,CAMERA_ONLY
0,43.2968,t559,LIDAR_ONLY,20.6530,20.6530,64.5739,43.9210,43.9210,68.0166,68.0166,0,0,15.79,2.57,drive,20.96,front,LIDAR_ONLY
0,43.2968,t561,LIDAR_ONLY,6.7135,6.7135,6.2044,0.5090,0.5090,8.2046,8.2046,1,1,15.79,2.57,slow,2.34,front,LIDAR_ONLY
0,43.2968,t559,LIDAR_ONLY,23.5237,23.5237,64.5739,41.0503,41.0503,63.5710,63.5710,0,0,15.79,2.57,drive,18.08,front,LIDAR_ONLY
0,43.2968,t559,LIDAR_ONLY,25.6291,25.6291,64.5739,38.9448,38.9448,60.3104,60.3104,0,0,15.79,2.57,drive,18.55,front,LIDAR_ONLY
0,43.2968,t559,LIDAR_ONLY,27.4183,27.4183,64.5739,37.1556,37.1556,57.5396,57.5396,0,0,15.79,2.57,drive,19.01,front,LIDAR_ONLY
0,43.2968,t559,LIDAR_ONLY,28.5772,28.5772,64.5739,35.9967,35.9967,55.7450,55.7450,0,0,15.79,2.57,drive,20.39,front,LIDAR_ONLY
0,43.2968,t559,LIDAR_ONLY,18.2272,18.2272,64.5739,46.3467,46.3467,71.7731,71.7731,0,0,15.79,2.57,drive,21.31,front,LIDAR_ONLY
0,43.2968,t561,LIDAR_ONLY,6.8428,6.8428,6.2044,0.6384,0.6384,10.2893,10.2893,1,1,15.79,2.57,slow,1.04,front,LIDAR_ONLY
0,43.2968,t559,LIDAR_ONLY,18.3115,18.3115,64.5739,46.2624,46.2624,71.6426,71.6426,0,0,15.79,2.57,drive,17.62,front,LIDAR_ONLY
0,43.2968,t559,LIDAR_ONLY,18.2959,18.2959,64.5739,46.2780,46.2780,71.6668,71.6668,0,0,15.79,2.57,drive,19.47,front,LIDAR_ONLY
0,43.2968,t561,LIDAR_ONLY,6.5692,6.5692,6.2044,0.3647,0.3647,5.8787,5.8787,1,1,15.79,2.57,slow,0.50,front,LIDAR_ONLY
0,43.2968,t559,LIDAR_ONLY,17.8226,17.8226,64.5739,46.7514,46.7514,72.3998,72.3998,0,0,15.79,2.57,drive,20.85,front,LIDAR_ONLY
0,43.3636,cam_4,CAM_ONLY,12.5279,,6.2044,6.3235,,101.9185,,0,,19.15,4.25,stop,1.07,,CAMERA_ONLY
0,43.4306,cam_4,CAM_ONLY,12.5506,,6.2044,6.3461,,102.2836,,0,,12.96,3.83,stop,1.03,,CAMERA_ONLY
0,43.5009,cam_4,CAM_ONLY,12.5245,,6.2044,6.3201,,101.8642,,0,,18.21,4.68,stop,0.98,,CAMERA_ONLY
0,43.5824,cam_4,CAM_ONLY,12.5512,,6.2044,6.3467,,102.2930,,0,,12.32,3.54,stop,0.90,,CAMERA_ONLY
0,43.5824,t571,LIDAR_ONLY,6.5451,6.5451,53.7649,47.2198,47.2198,87.8265,87.8265,0,0,12.32,3.54,slow,-7.04,front,LIDAR_ONLY
0,43.5824,t573,LIDAR_ONLY,28.4839,28.4839,34.6942,6.2103,6.2103,17.9000,17.9000,0,0,12.32,3.54,drive,-26.92,front,LIDAR_ONLY
0,43.5824,t571,LIDAR_ONLY,7.3406,7.3406,53.7649,46.4243,46.4243,86.3469,86.3469,0,0,12.32,3.54,slow,-11.56,front,LIDAR_ONLY
0,43.6509,t577,BOTH,12.5426,9.0397,6.2044,6.3382,2.8352,102.1555,45.6965,0,0,12.77,6.72,stop,0.98,,FULL_ANGLE
0,43.6509,t574,LIDAR_ONLY,46.5875,46.5875,64.5739,17.9864,17.9864,27.8540,27.8540,0,0,12.77,6.72,drive,20.85,front,LIDAR_ONLY
0,43.6509,t574,LIDAR_ONLY,46.6237,46.6237,64.5739,17.9502,17.9502,27.7980,27.7980,0,0,12.77,6.72,drive,23.74,front,LIDAR_ONLY
0,43.6509,t574,LIDAR_ONLY,39.7275,39.7275,64.5739,24.8464,24.8464,38.4775,38.4775,0,0,12.77,6.72,drive,17.45,front,LIDAR_ONLY
0,43.6509,t574,LIDAR_ONLY,36.1229,36.1229,64.5739,28.4510,28.4510,44.0596,44.0596,0,0,12.77,6.72,drive,18.37,front,LIDAR_ONLY
0,43.6509,t574,LIDAR_ONLY,33.4055,33.4055,64.5739,31.1684,31.1684,48.2678,48.2678,0,0,12.77,6.72,drive,19.29,front,LIDAR_ONLY
0,43.6509,t574,LIDAR_ONLY,23.9110,23.9110,64.5739,40.6630,40.6630,62.9712,62.9712,0,0,12.77,6.72,drive,20.21,front,LIDAR_ONLY
0,43.6509,t577,LIDAR_ONLY,8.2848,8.2848,6.2044,2.0804,2.0804,33.5303,33.5303,0,0,12.77,6.72,slow,3.52,front,LIDAR_ONLY
0,43.6509,t574,LIDAR_ONLY,19.5123,19.5123,64.5739,45.0616,45.0616,69.7830,69.7830,0,0,12.77,6.72,drive,18.83,front,LIDAR_ONLY
0,43.6509,t574,LIDAR_ONLY,18.5929,18.5929,64.5739,45.9810,45.9810,71.2068,71.2068,0,0,12.77,6.72,drive,19.75,front,LIDAR_ONLY
0,43.6509,t574,LIDAR_ONLY,17.7994,17.7994,64.5739,46.7745,46.7745,72.4356,72.4356,0,0,12.77,6.72,drive,21.13,front,LIDAR_ONLY
0,43.6509,t577,LIDAR_ONLY,6.5952,6.5952,6.2044,0.3907,0.3907,6.2974,6.2974,1,1,12.77,6.72,slow,4.17,front,LIDAR_ONLY
0,43.6509,t574,LIDAR_ONLY,17.9219,17.9219,64.5739,46.6520,46.6520,72.2459,72.2459,0,0,12.77,6.72,drive,17.91,front,LIDAR_ONLY
0,43.7110,cam_4,CAM_ONLY,12.5321,,6.2044,6.3277,,101.9862,,0,,11.38,3.85,stop,1.03,,CAMERA_ONLY
0,43.7834,cam_4,CAM_ONLY,12.5318,,6.2044,6.3273,,101.9805,,0,,18.39,3.48,stop,1.07,,CAMERA_ONLY
0,43.7834,t573,LIDAR_ONLY,27.4060,27.4060,35.3897,7.9837,7.9837,22.5594,22.5594,0,0,18.39,3.48,drive,-29.86,front,LIDAR_ONLY
0,43.7834,t573,LIDAR_ONLY,27.4642,27.4642,35.3897,7.9255,7.9255,22.3948,22.3948,0,0,18.39,3.48,drive,-27.18,front,LIDAR_ONLY
0,43.7834,t573,LIDAR_ONLY,27.7571,27.7571,35.3897,7.6326,7.6326,21.5672,21.5672,0,0,18.39,3.48,drive,-24.06,front,LIDAR_ONLY
0,43.8479,cam_4,CAM_ONLY,12.5477,,6.2044,6.3432,,102.2371,,0,,15.57,3.61,stop,1.03,,CAMERA_ONLY
0,43.8479,t580,LIDAR_ONLY,47.3385,47.3385,51.8513,4.5128,4.5128,8.7033,8.7033,0,0,15.57,3.61,drive,-8.75,front,LIDAR_ONLY
0,43.8479,t574,LIDAR_ONLY,20.2664,20.2664,64.5739,44.3075,44.3075,68.6151,68.6151,0,0,15.57,3.61,drive,19.18,front,LIDAR_ONLY
0,43.8479,t574,LIDAR_ONLY,23.4704,23.4704,64.5739,41.1035,41.1035,63.6534,63.6534,0,0,15.57,3.61,drive,20.49,front,LIDAR_ONLY
0,43.8479,t574,LIDAR_ONLY,27.9523,27.9523,64.5739,36.6216,36.6216,56.7127,56.7127,0,0,15.57,3.61,drive,21.79,front,LIDAR_ONLY
0,43.8479,t574,LIDAR_ONLY,32.5429,32.5429,64.5739,32.0311,32.0311,49.6037,49.6037,0,0,15.57,3.61,drive,23.80,front,LIDAR_ONLY
0,43.8479,t577,LIDAR_ONLY,6.6385,6.6385,6.2044,0.4341,0.4341,6.9965,6.9965,1,1,15.57,3.61,slow,2.19,front,LIDAR_ONLY
0,43.8479,t574,LIDAR_ONLY,35.7471,35.7471,64.5739,28.8268,28.8268,44.6416,44.6416,0,0,15.57,3.61,drive,18.03,front,LIDAR_ONLY
0,43.8479,t574,LIDAR_ONLY,36.6392,36.6392,64.5739,27.9347,27.9347,43.2601,43.2601,0,0,15.57,3.61,drive,18.95,front,LIDAR_ONLY
0,43.8479,t574,LIDAR_ONLY,33.6508,33.6508,64.5739,30.9232,30.9232,47.8880,47.8880,0,0,15.57,3.61,drive,19.41,front,LIDAR_ONLY
0,43.8479,t574,LIDAR_ONLY,25.4683,25.4683,64.5739,39.1056,39.1056,60.5595,60.5595,0,0,15.57,3.61,drive,19.88,front,LIDAR_ONLY
0,43.8479,t574,LIDAR_ONLY,18.2607,18.2607,64.5739,46.3132,46.3132,71.7213,71.7213,0,0,15.57,3.61,drive,20.34,front,LIDAR_ONLY
0,43.8479,t574,LIDAR_ONLY,17.5725,17.5725,64.5739,47.0014,47.0014,72.7870,72.7870,0,0,15.57,3.61,drive,20.80,front,LIDAR_ONLY
0,43.8479,t574,LIDAR_ONLY,17.0706,17.0706,64.5739,47.5033,47.5033,73.5642,73.5642,0,0,15.57,3.61,drive,21.26,front,LIDAR_ONLY
0,43.8479,t577,LIDAR_ONLY,6.6890,6.6890,6.2044,0.4846,0.4846,7.8099,7.8099,1,1,15.57,3.61,slow,1.84,front,LIDAR_ONLY
0,43.8479,t577,LIDAR_ONLY,6.8537,6.8537,6.2044,0.6492,0.6492,10.4643,10.4643,1,1,15.57,3.61,slow,9.95,front,LIDAR_ONLY
0,43.8479,t574,LIDAR_ONLY,17.1913,17.1913,64.5739,47.3827,47.3827,73.3774,73.3774,0,0,15.57,3.61,drive,17.57,front,LIDAR_ONLY
0,43.8479,t574,LIDAR_ONLY,17.3687,17.3687,64.5739,47.2052,47.2052,73.1026,73.1026,0,0,15.57,3.61,drive,18.49,front,LIDAR_ONLY
0,43.8479,t580,LIDAR_ONLY,45.3652,45.3652,51.8513,6.4861,6.4861,12.5090,12.5090,0,0,15.57,3.61,drive,-11.68,front,LIDAR_ONLY
0,43.8479,t577,LIDAR_ONLY,6.7336,6.7336,6.2044,0.5292,0.5292,8.5290,8.5290,1,1,15.57,3.61,slow,0.83,front,LIDAR_ONLY
0,43.9185,cam_4,CAM_ONLY,12.5434,,6.2044,6.3390,,102.1684,,0,,16.00,2.58,stop,1.03,,CAMERA_ONLY
0,43.9905,cam_4,CAM_ONLY,12.5305,,6.2044,6.3260,,101.9595,,0,,11.80,3.62,stop,1.16,,CAMERA_ONLY
0,43.9905,t574,LIDAR_ONLY,19.1558,19.1558,64.5739,45.4181,45.4181,70.3351,70.3351,0,0,11.80,3.62,drive,19.09,front,LIDAR_ONLY
0,43.9905,t574,LIDAR_ONLY,22.2514,22.2514,64.5739,42.3226,42.3226,65.5413,65.5413,0,0,11.80,3.62,drive,20.32,front,LIDAR_ONLY
0,43.9905,t574,LIDAR_ONLY,26.5194,26.5194,64.5739,38.0545,38.0545,58.9317,58.9317,0,0,11.80,3.62,drive,21.25,front,LIDAR_ONLY
0,43.9905,t577,LIDAR_ONLY,6.8162,6.8162,6.2044,0.6118,0.6118,9.8600,9.8600,1,1,11.80,3.62,slow,5.01,front,LIDAR_ONLY
0,43.9905,t574,LIDAR_ONLY,29.5656,29.5656,64.5739,35.0083,35.0083,54.2143,54.2143,0,0,11.80,3.62,drive,17.09,front,LIDAR_ONLY
0,43.9905,t574,LIDAR_ONLY,31.7998,31.7998,64.5739,32.7742,32.7742,50.7545,50.7545,0,0,11.80,3.62,drive,17.55,front,LIDAR_ONLY
0,43.9905,t574,LIDAR_ONLY,30.1604,30.1604,64.5739,34.4135,34.4135,53.2932,53.2932,0,0,11.80,3.62,drive,19.86,front,LIDAR_ONLY
0,43.9905,t574,LIDAR_ONLY,23.7181,23.7181,64.5739,40.8559,40.8559,63.2699,63.2699,0,0,11.80,3.62,drive,20.32,front,LIDAR_ONLY
0,43.9905,t577,LIDAR_ONLY,6.8537,6.8537,6.2044,0.6493,0.6493,10.4651,10.4651,1,1,11.80,3.62,slow,5.20,front,LIDAR_ONLY
0,43.9905,t577,LIDAR_ONLY,6.9941,6.9941,6.2044,0.7897,0.7897,12.7273,12.7273,1,1,11.80,3.62,slow,10.28,front,LIDAR_ONLY
0,43.9905,t574,LIDAR_ONLY,20.8023,20.8023,64.5739,43.7716,43.7716,67.7853,67.7853,0,0,11.80,3.62,drive,16.63,front,LIDAR_ONLY
0,43.9905,t574,LIDAR_ONLY,20.3647,20.3647,64.5739,44.2093,44.2093,68.4630,68.4630,0,0,11.80,3.62,drive,18.48,front,LIDAR_ONLY
0,43.9905,t577,LIDAR_ONLY,6.7480,6.7480,6.2044,0.5436,0.5436,8.7611,8.7611,1,1,11.80,3.62,slow,6.29,front,LIDAR_ONLY
0,44.0634,cam_4,CAM_ONLY,12.5267,,6.2044,6.3222,,101.8982,,0,,17.41,4.16,stop,1.21,,CAMERA_ONLY
0,44.1271,cam_4,CAM_ONLY,12.5649,,6.2044,6.3604,,102.5142,,0,,14.50,3.06,stop,1.30,,CAMERA_ONLY
0,44.1996,cam_4,CAM_ONLY,12.5651,,6.2044,6.3606,,102.5170,,0,,19.40,7.10,stop,1.25,,CAMERA_ONLY
0,44.2722,cam_4,CAM_ONLY,12.5791,,6.2044,6.3747,,102.7441,,0,,14.90,5.95,stop,1.21,,CAMERA_ONLY
0,44.3331,cam_4,CAM_ONLY,12.5381,,6.2044,6.3337,,102.0829,,0,,12.26,1.59,stop,1.16,,CAMERA_ONLY
0,44.3331,t590,LIDAR_ONLY,47.3253,47.3253,61.1223,13.7970,13.7970,22.5728,22.5728,0,0,12.26,1.59,drive,-8.80,front,LIDAR_ONLY
0,44.3331,t591,LIDAR_ONLY,36.9226,36.9226,31.0946,5.8279,5.8279,18.7426,18.7426,0,0,12.26,1.59,drive,-26.30,front,LIDAR_ONLY
0,44.3331,t590,LIDAR_ONLY,21.3550,21.3550,61.1223,39.7673,39.7673,65.0618,65.0618,0,0,12.26,1.59,drive,-8.01,front,LIDAR_ONLY
0,44.3331,t591,LIDAR_ONLY,29.8351,29.8351,31.0946,1.2596,1.2596,4.0508,4.0508,0,0,12.26,1.59,drive,-27.19,front,LIDAR_ONLY
0,44.3993,t594,BOTH,12.5639,9.0165,6.2044,6.3595,2.8120,102.4992,45.3227,0,0,13.20,3.79,stop,1.12,,FULL_ANGLE
0,44.3993,t593,LIDAR_ONLY,46.7319,46.7319,64.5739,17.8421,17.8421,27.6304,27.6304,0,0,13.20,3.79,drive,22.32,front,LIDAR_ONLY
0,44.3993,t593,LIDAR_ONLY,46.3267,46.3267,64.5739,18.2472,18.2472,28.2578,28.2578,0,0,13.20,3.79,drive,19.72,front,LIDAR_ONLY
0,44.3993,t593,LIDAR_ONLY,40.1707,40.1707,64.5739,24.4033,24.4033,37.7912,37.7912,0,0,13.20,3.79,drive,16.80,front,LIDAR_ONLY
0,44.3993,t593,LIDAR_ONLY,35.8899,35.8899,64.5739,28.6841,28.6841,44.4205,44.4205,0,0,13.20,3.79,drive,17.26,front,LIDAR_ONLY
0,44.3993,t593,LIDAR_ONLY,33.6676,33.6676,64.5739,30.9064,30.9064,47.8620,47.8620,0,0,13.20,3.79,drive,17.72,front,LIDAR_ONLY
0,44.3993,t593,LIDAR_ONLY,26.0216,26.0216,64.5739,38.5523,38.5523,59.7026,59.7026,0,0,13.20,3.79,drive,19.10,front,LIDAR_ONLY
0,44.3993,t593,LIDAR_ONLY,20.7836,20.7836,64.5739,43.7903,43.7903,67.8142,67.8142,0,0,13.20,3.79,drive,20.02,front,LIDAR_ONLY
0,44.3993,t593,LIDAR_ONLY,18.8707,18.8707,64.5739,45.7032,45.7032,70.7766,70.7766,0,0,13.20,3.79,drive,20.94,front,LIDAR_ONLY
0,44.3993,t594,LIDAR_ONLY,8.2702,8.2702,6.2044,2.0657,2.0657,33.2941,33.2941,0,0,13.20,3.79,slow,6.92,front,LIDAR_ONLY
0,44.3993,t594,LIDAR_ONLY,10.4375,10.4375,6.2044,4.2330,4.2330,68.2256,68.2256,0,0,13.20,3.79,slow,9.45,front,LIDAR_ONLY
0,44.3993,t593,LIDAR_ONLY,18.4516,18.4516,64.5739,46.1224,46.1224,71.4257,71.4257,0,0,13.20,3.79,drive,18.18,front,LIDAR_ONLY
0,44.3993,t594,LIDAR_ONLY,7.6747,7.6747,6.2044,1.4703,1.4703,23.6970,23.6970,0,0,13.20,3.79,slow,7.49,front,LIDAR_ONLY
0,44.3993,t593,LIDAR_ONLY,18.2091,18.2091,64.5739,46.3648,46.3648,71.8011,71.8011,0,0,13.20,3.79,drive,18.64,front,LIDAR_ONLY
0,44.4683,cam_4,CAM_ONLY,12.5637,,6.2044,6.3593,,102.4952,,0,,14.18,3.40,stop,1.16,,CAMERA_ONLY
0,44.5316,t590,BOTH,12.5388,15.1773,6.2044,6.3344,8.9728,102.0940,144.6193,0,0,11.47,1.88,stop,1.16,,FULL_ANGLE
0,44.5316,t590,LIDAR_ONLY,8.3161,8.3161,6.2044,2.1117,2.1117,34.0351,34.0351,0,0,11.47,1.88,slow,-5.17,front,LIDAR_ONLY
0,44.6009,t594,BOTH,12.5825,7.6672,6.2044,6.3780,1.4627,102.7976,23.5758,0,0,13.05,4.60,stop,1.21,,FULL_ANGLE
0,44.6009,t593,LIDAR_ONLY,19.8985,19.8985,64.5739,44.6754,44.6754,69.1849,69.1849,0,0,13.05,4.60,drive,23.29,front,LIDAR_ONLY
0,44.6009,t593,LIDAR_ONLY,24.0582,24.0582,64.5739,40.5158,40.5158,62.7432,62.7432,0,0,13.05,4.60,drive,21.67,front,LIDAR_ONLY
0,44.6009,t593,LIDAR_ONLY,27.2855,27.2855,64.5739,37.2884,37.2884,57.7453,57.7453,0,0,13.05,4.60,drive,17.18,front,LIDAR_ONLY
0,44.6009,t593,LIDAR_ONLY,29.3620,29.3620,64.5739,35.2119,35.2119,54.5296,54.5296,0,0,13.05,4.60,drive,18.10,front,LIDAR_ONLY
0,44.6009,t593,LIDAR_ONLY,30.4257,30.4257,64.5739,34.1482,34.1482,52.8824,52.8824,0,0,13.05,4.60,drive,19.02,front,LIDAR_ONLY
0,44.6009,t593,LIDAR_ONLY,27.8009,27.8009,64.5739,36.7730,36.7730,56.9472,56.9472,0,0,13.05,4.60,drive,19.95,front,LIDAR_ONLY
0,44.6009,t593,LIDAR_ONLY,19.1044,19.1044,64.5739,45.4695,45.4695,70.4146,70.4146,0,0,13.05,4.60,drive,20.41,front,LIDAR_ONLY
0,44.6009,t593,LIDAR_ONLY,17.9225,17.9225,64.5739,46.6514,46.6514,72.2449,72.2449,0,0,13.05,4.60,drive,20.87,front,LIDAR_ONLY
0,44.6009,t593,LIDAR_ONLY,17.1768,17.1768,64.5739,47.3971,47.3971,73.3998,73.3998,0,0,13.05,4.60,drive,21.33,front,LIDAR_ONLY
0,44.6009,t593,LIDAR_ONLY,17.2278,17.2278,64.5739,47.3462,47.3462,73.3208,73.3208,0,0,13.05,4.60,drive,17.64,front,LIDAR_ONLY
0,44.6009,t593,LIDAR_ONLY,17.2857,17.2857,64.5739,47.2882,47.2882,73.2311,73.2311,0,0,13.05,4.60,drive,19.48,front,LIDAR_ONLY
0,44.6009,t594,LIDAR_ONLY,7.0724,7.0724,6.2044,0.8680,0.8680,13.9894,13.9894,1,1,13.05,4.60,slow,7.75,front,LIDAR_ONLY
0,44.6009,t593,LIDAR_ONLY,17.4570,17.4570,64.5739,47.1170,47.1170,72.9660,72.9660,0,0,13.05,4.60,drive,18.56,front,LIDAR_ONLY
0,44.6626,cam_4,CAM_ONLY,12.5387,,6.2044,6.3343,,102.0928,,0,,12.20,4.45,stop,1.12,,CAMERA_ONLY
0,44.7477,cam_4,CAM_ONLY,12.5324,,6.2044,6.3279,,101.9902,,0,,19.53,4.80,stop,1.16,,CAMERA_ONLY
0,44.7477,t593,LIDAR_ONLY,19.6768,19.6768,64.5739,44.8971,44.8971,69.5282,69.5282,0,0,19.53,4.80,drive,19.52,front,LIDAR_ONLY
0,44.7477,t593,LIDAR_ONLY,23.0958,23.0958,64.5739,41.4781,41.4781,64.2335,64.2335,0,0,19.53,4.80,drive,22.59,front,LIDAR_ONLY
0,44.7477,t594,LIDAR_ONLY,7.1153,7.1153,6.2044,0.9109,0.9109,14.6811,14.6811,1,1,19.53,4.80,slow,3.72,front,LIDAR_ONLY
0,44.7477,t593,LIDAR_ONLY,25.5367,25.5367,64.5739,39.0372,39.0372,60.4535,60.4535,0,0,19.53,4.80,drive,17.22,front,LIDAR_ONLY
0,44.7477,t593,LIDAR_ONLY,27.2255,27.2255,64.5739,37.3484,37.3484,57.8382,57.8382,0,0,19.53,4.80,drive,17.68,front,LIDAR_ONLY
0,44.7477,t593,LIDAR_ONLY,27.5986,27.5986,64.5739,36.9753,36.9753,57.2605,57.2605,0,0,19.53,4.80,drive,20.90,front,LIDAR_ONLY
0,44.7477,t594,LIDAR_ONLY,6.7038,6.7038,6.2044,0.4993,0.4993,8.0482,8.0482,1,1,19.53,4.80,slow,0.87,front,LIDAR_ONLY
0,44.7477,t593,LIDAR_ONLY,24.6661,24.6661,64.5739,39.9078,39.9078,61.8018,61.8018,0,0,19.53,4.80,drive,16.75,front,LIDAR_ONLY
0,44.7477,t593,LIDAR_ONLY,20.6049,20.6049,64.5739,43.9690,43.9690,68.0910,68.0910,0,0,19.53,4.80,drive,18.14,front,LIDAR_ONLY
0,44.7477,t593,LIDAR_ONLY,19.9781,19.9781,64.5739,44.5958,44.5958,69.0616,69.0616,0,0,19.53,4.80,drive,19.52,front,LIDAR_ONLY
0,44.7477,t593,LIDAR_ONLY,19.2997,19.2997,64.5739,45.2743,45.2743,70.1123,70.1123,0,0,19.53,4.80,drive,19.98,front,LIDAR_ONLY
0,44.7477,t594,LIDAR_ONLY,6.5242,6.5242,6.2044,0.3198,0.3198,5.1538,5.1538,1,1,19.53,4.80,slow,0.76,front,LIDAR_ONLY
0,44.7477,t593,LIDAR_ONLY,19.5077,19.5077,64.5739,45.0662,45.0662,69.7901,69.7901,0,0,19.53,4.80,drive,20.44,front,LIDAR_ONLY
0,44.7477,t593,LIDAR_ONLY,18.3445,18.3445,64.5739,46.2295,46.2295,71.5915,71.5915,0,0,19.53,4.80,drive,19.06,front,LIDAR_ONLY
0,44.8221,cam_4,CAM_ONLY,12.5330,,6.2044,6.3285,,102.0000,,0,,19.43,4.42,stop,1.12,,CAMERA_ONLY
0,44.8908,cam_4,CAM_ONLY,12.5452,,6.2044,6.3408,,102.1973,,0,,22.38,4.72,stop,1.16,,CAMERA_ONLY
0,44.8908,t593,LIDAR_ONLY,21.3371,21.3371,64.5739,43.2368,43.2368,66.9571,66.9571,0,0,22.38,4.72,drive,22.41,front,LIDAR_ONLY
0,44.8908,t593,LIDAR_ONLY,19.9280,19.9280,64.5739,44.6459,44.6459,69.1393,69.1393,0,0,22.38,4.72,drive,22.64,front,LIDAR_ONLY
0,44.8908,t594,LIDAR_ONLY,6.5587,6.5587,6.2044,0.3542,0.3542,5.7092,5.7092,1,1,22.38,4.72,slow,1.79,front,LIDAR_ONLY
0,44.8908,t593,LIDAR_ONLY,19.9976,19.9976,64.5739,44.5763,44.5763,69.0314,69.0314,0,0,22.38,4.72,drive,17.67,front,LIDAR_ONLY
0,44.8908,t593,LIDAR_ONLY,20.1102,20.1102,64.5739,44.4637,44.4637,68.8570,68.8570,0,0,22.38,4.72,drive,18.13,front,LIDAR_ONLY
0,44.8908,t593,LIDAR_ONLY,20.1871,20.1871,64.5739,44.3869,44.3869,68.7381,68.7381,0,0,22.38,4.72,drive,18.59,front,LIDAR_ONLY
0,44.8908,t593,LIDAR_ONLY,16.2890,16.2890,64.5739,48.2849,48.2849,74.7747,74.7747,0,0,22.38,4.72,drive,20.43,front,LIDAR_ONLY
0,44.8908,t593,LIDAR_ONLY,17.1223,17.1223,64.5739,47.4516,47.4516,73.4842,73.4842,0,0,22.38,4.72,drive,20.89,front,LIDAR_ONLY
0,44.8908,t594,LIDAR_ONLY,6.6176,6.6176,6.2044,0.4131,0.4131,6.6586,6.6586,1,1,22.38,4.72,slow,1.58,front,LIDAR_ONLY
0,44.8908,t593,LIDAR_ONLY,18.4182,18.4182,64.5739,46.1558,46.1558,71.4774,71.4774,0,0,22.38,4.72,drive,16.29,front,LIDAR_ONLY
0,44.8908,t593,LIDAR_ONLY,19.4376,19.4376,64.5739,45.1363,45.1363,69.8987,69.8987,0,0,22.38,4.72,drive,17.21,front,LIDAR_ONLY
0,44.8908,t593,LIDAR_ONLY,20.1281,20.1281,64.5739,44.4459,44.4459,68.8294,68.8294,0,0,22.38,4.72,drive,19.05,front,LIDAR_ONLY
0,44.8908,t593,LIDAR_ONLY,20.5716,20.5716,64.5739,44.0023,44.0023,68.1425,68.1425,0,0,22.38,4.72,drive,19.97,front,LIDAR_ONLY
0,44.8908,t594,LIDAR_ONLY,6.5231,6.5231,6.2044,0.3186,0.3186,5.1355,5.1355,1,1,22.38,4.72,slow,1.16,front,LIDAR_ONLY
0,44.8908,t602,LIDAR_ONLY,27.7206,27.7206,26.7303,0.9904,0.9904,3.7051,3.7051,1,1,22.38,4.72,drive,-28.21,front,LIDAR_ONLY
0,44.8908,t602,LIDAR_ONLY,27.8638,27.8638,26.7303,1.1335,1.1335,4.2404,4.2404,0,0,22.38,4.72,drive,-24.70,front,LIDAR_ONLY
0,44.9618,cam_4,CAM_ONLY,12.5451,,6.2044,6.3407,,102.1959,,0,,16.65,4.00,stop,1.12,,CAMERA_ONLY
0,45.0342,cam_4,CAM_ONLY,12.5260,,6.2044,6.3216,,101.8877,,0,,18.20,1.83,stop,1.16,,CAMERA_ONLY
0,45.0342,t603,LIDAR_ONLY,47.3340,47.3340,59.3701,12.0361,12.0361,20.2729,20.2729,0,0,18.20,1.83,drive,-8.85,front,LIDAR_ONLY
0,45.0342,t594,LIDAR_ONLY,6.5332,6.5332,6.2044,0.3288,0.3288,5.2991,5.2991,1,1,18.20,1.83,slow,2.36,front,LIDAR_ONLY
0,45.0342,t594,LIDAR_ONLY,6.6063,6.6063,6.2044,0.4018,0.4018,6.4762,6.4762,1,1,18.20,1.83,slow,1.19,front,LIDAR_ONLY
0,45.0342,t602,LIDAR_ONLY,28.9592,28.9592,42.8374,13.8782,13.8782,32.3974,32.3974,0,0,18.20,1.83,drive,-20.36,front,LIDAR_ONLY
0,45.0342,t594,LIDAR_ONLY,6.5204,6.5204,6.2044,0.3160,0.3160,5.0932,5.0932,1,1,18.20,1.83,slow,0.51,front,LIDAR_ONLY
0,45.0342,t602,LIDAR_ONLY,29.4340,29.4340,42.8374,13.4034,13.4034,31.2889,31.2889,0,0,18.20,1.83,drive,-27.39,front,LIDAR_ONLY
0,45.0342,t602,LIDAR_ONLY,29.8571,29.8571,42.8374,12.9803,12.9803,30.3014,30.3014,0,0,18.20,1.83,drive,-21.04,front,LIDAR_ONLY
0,45.1108,cam_4,CAM_ONLY,12.5442,,6.2044,6.3398,,102.1815,,0,,17.61,7.63,stop,1.16,,CAMERA_ONLY
0,45.1828,cam_4,CAM_ONLY,12.5811,,6.2044,6.3766,,102.7751,,0,,18.32,1.99,stop,1.21,,CAMERA_ONLY
0,45.1828,t602,LIDAR_ONLY,31.3754,31.3754,24.3980,6.9774,6.9774,28.5981,28.5981,0,0,18.32,1.99,drive,-21.31,front,LIDAR_ONLY
0,45.1828,t602,LIDAR_ONLY,31.7699,31.7699,24.3980,7.3719,7.3719,30.2150,30.2150,0,0,18.32,1.99,drive,-28.56,front,LIDAR_ONLY
0,45.1828,t602,LIDAR_ONLY,30.7963,30.7963,24.3980,6.3983,6.3983,26.2246,26.2246,0,0,18.32,1.99,drive,-24.53,front,LIDAR_ONLY
0,45.2566,cam_4,CAM_ONLY,12.5775,,6.2044,6.3731,,102.7176,,0,,15.57,9.73,stop,1.21,,CAMERA_ONLY
0,45.3256,cam_4,CAM_ONLY,12.5341,,6.2044,6.3297,,102.0181,,0,,13.57,2.39,stop,1.16,,CAMERA_ONLY
0,45.3858,t611,BOTH,12.5480,9.0438,6.2044,6.3436,2.8394,102.2422,45.7638,0,0,9.97,1.62,stop,1.21,,FULL_ANGLE
0,45.3858,t611,LIDAR_ONLY,6.5421,6.5421,6.2044,0.3376,0.3376,5.4420,5.4420,1,1,9.97,1.62,slow,0.96,front,LIDAR_ONLY
0,45.3858,t602,LIDAR_ONLY,31.5978,31.5978,40.2439,8.6461,8.6461,21.4843,21.4843,0,0,9.97,1.62,drive,-22.72,front,LIDAR_ONLY
0,45.3858,t602,LIDAR_ONLY,31.7152,31.7152,40.2439,8.5287,8.5287,21.1926,21.1926,0,0,9.97,1.62,drive,-29.76,front,LIDAR_ONLY
0,45.3858,t602,LIDAR_ONLY,29.7917,29.7917,40.2439,10.4523,10.4523,25.9723,25.9723,0,0,9.97,1.62,drive,-26.67,front,LIDAR_ONLY
0,45.3858,t602,LIDAR_ONLY,30.2467,30.2467,40.2439,9.9972,9.9972,24.8416,24.8416,0,0,9.97,1.62,drive,-22.24,front,LIDAR_ONLY
0,45.4579,cam_4,CAM_ONLY,12.5644,,6.2044,6.3599,,102.5058,,0,,13.37,3.83,stop,1.21,,CAMERA_ONLY
0,45.5285,cam_4,CAM_ONLY,12.5672,,6.2044,6.3627,,102.5515,,0,,20.51,4.16,stop,1.21,,CAMERA_ONLY
0,45.5885,cam_4,CAM_ONLY,12.5758,,6.2044,6.3714,,102.6907,,0,,8.92,2.00,stop,1.21,,CAMERA_ONLY
0,45.5885,t611,LIDAR_ONLY,6.5663,6.5663,6.2044,0.3618,0.3618,5.8319,5.8319,1,1,8.92,2.00,slow,1.07,front,LIDAR_ONLY
0,45.5885,t611,LIDAR_ONLY,6.5993,6.5993,6.2044,0.3949,0.3949,6.3645,6.3645,1,1,8.92,2.00,slow,0.14,front,LIDAR_ONLY
0,45.5885,t602,LIDAR_ONLY,31.2238,31.2238,38.6391,7.4153,7.4153,19.1911,19.1911,0,0,8.92,2.00,drive,-24.09,front,LIDAR_ONLY
0,45.5885,t617,LIDAR_ONLY,42.7146,42.7146,52.0331,9.3186,9.3186,17.9089,17.9089,0,0,8.92,2.00,drive,-11.65,front,LIDAR_ONLY
0,45.5885,t611,LIDAR_ONLY,6.5427,6.5427,6.2044,0.3383,0.3383,5.4520,5.4520,1,1,8.92,2.00,slow,0.09,front,LIDAR_ONLY
0,45.5885,t602,LIDAR_ONLY,30.8382,30.8382,38.6391,7.8008,7.8008,20.1890,20.1890,0,0,8.92,2.00,drive,-27.37,front,LIDAR_ONLY
0,45.5885,t602,LIDAR_ONLY,31.0703,31.0703,38.6391,7.5687,7.5687,19.5883,19.5883,0,0,8.92,2.00,drive,-24.09,front,LIDAR_ONLY
0,45.6475,cam_4,CAM_ONLY,12.5331,,6.2044,6.3286,,102.0012,,0,,10.83,3.50,stop,1.16,,CAMERA_ONLY
0,45.6475,t618,LIDAR_ONLY,46.7399,46.7399,64.5739,17.8340,17.8340,27.6180,27.6180,0,0,10.83,3.50,drive,20.65,front,LIDAR_ONLY
0,45.6475,t618,LIDAR_ONLY,38.8081,38.8081,64.5739,25.7659,25.7659,39.9013,39.9013,0,0,10.83,3.50,drive,17.78,front,LIDAR_ONLY
0,45.6475,t618,LIDAR_ONLY,34.7872,34.7872,64.5739,29.7867,29.7867,46.1281,46.1281,0,0,10.83,3.50,drive,20.09,front,LIDAR_ONLY
0,45.6475,t618,LIDAR_ONLY,30.3765,30.3765,64.5739,34.1974,34.1974,52.9585,52.9585,0,0,10.83,3.50,drive,21.02,front,LIDAR_ONLY
0,45.7157,cam_4,CAM_ONLY,12.5169,,6.2044,6.3125,,101.7411,,0,,14.09,3.87,stop,1.16,,CAMERA_ONLY
0,45.7739,cam_4,CAM_ONLY,12.5151,,6.2044,6.3106,,101.7115,,0,,9.65,3.56,stop,1.16,,CAMERA_ONLY
0,45.8360,t628,BOTH,12.5670,8.2198,6.2044,6.3626,2.0154,102.5486,32.4825,0,0,11.78,2.33,stop,1.21,,FULL_ANGLE
0,45.8360,t628,LIDAR_ONLY,9.0351,9.0351,6.2044,2.8307,2.8307,45.6234,45.6234,0,0,11.78,2.33,slow,2.91,front,LIDAR_ONLY
0,45.8360,t618,LIDAR_ONLY,29.1215,29.1215,64.5739,35.4524,35.4524,54.9021,54.9021,0,0,11.78,2.33,drive,18.13,front,LIDAR_ONLY
0,45.8360,t618,LIDAR_ONLY,21.1951,21.1951,64.5739,43.3788,43.3788,67.1770,67.1770,0,0,11.78,2.33,drive,9.85,front,LIDAR_ONLY
0,45.8360,t628,LIDAR_ONLY,6.5627,6.5627,6.2044,0.3582,0.3582,5.7738,5.7738,1,1,11.78,2.33,slow,1.06,front,LIDAR_ONLY
0,45.8360,t618,LIDAR_ONLY,21.5249,21.5249,64.5739,43.0490,43.0490,66.6663,66.6663,0,0,11.78,2.33,drive,16.75,front,LIDAR_ONLY
0,45.8360,t629,LIDAR_ONLY,28.4564,28.4564,36.8033,8.3469,8.3469,22.6798,22.6798,0,0,11.78,2.33,drive,-26.93,front,LIDAR_ONLY
0,45.8360,t629,LIDAR_ONLY,28.6639,28.6639,36.8033,8.1393,8.1393,22.1158,22.1158,0,0,11.78,2.33,drive,-24.86,front,LIDAR_ONLY
0,45.8360,t629,LIDAR_ONLY,28.6610,28.6610,36.8033,8.1423,8.1423,22.1238,22.1238,0,0,11.78,2.33,drive,-28.77,front,LIDAR_ONLY
0,45.9077,cam_4,CAM_ONLY,12.5479,,6.2044,6.3435,,102.2407,,0,,20.32,4.88,stop,1.16,,CAMERA_ONLY
0,45.9735,cam_4,CAM_ONLY,12.5254,,6.2044,6.3209,,101.8775,,0,,13.41,3.63,stop,1.12,,CAMERA_ONLY
0,46.0323,cam_4,CAM_ONLY,12.5045,,6.2044,6.3000,,101.5409,,0,,10.11,2.31,stop,1.12,,CAMERA_ONLY
0,46.0323,t629,LIDAR_ONLY,28.3295,28.3295,35.2364,6.9068,6.9068,19.6014,19.6014,0,0,10.11,2.31,drive,-29.31,front,LIDAR_ONLY
0,46.0323,t629,LIDAR_ONLY,28.3013,28.3013,35.2364,6.9351,6.9351,19.6815,19.6815,0,0,10.11,2.31,drive,-27.36,front,LIDAR_ONLY
0,46.0323,t629,LIDAR_ONLY,28.4948,28.4948,35.2364,6.7415,6.7415,19.1323,19.1323,0,0,10.11,2.31,drive,-23.32,front,LIDAR_ONLY
0,46.0914,t636,BOTH,12.5635,8.3437,6.2044,6.3590,2.1393,102.4914,34.4797,0,0,9.15,2.12,stop,1.21,,FULL_ANGLE
0,46.0914,t635,LIDAR_ONLY,47.3835,47.3835,48.3258,0.9423,0.9423,1.9499,1.9499,1,1,9.15,2.12,drive,-8.69,front,LIDAR_ONLY
0,46.0914,t636,LIDAR_ONLY,9.0472,9.0472,6.2044,2.8428,2.8428,45.8184,45.8184,0,0,9.15,2.12,slow,1.93,front,LIDAR_ONLY
0,46.0914,t637,LIDAR_ONLY,21.2982,21.2982,64.5739,43.2757,43.2757,67.0173,67.0173,0,0,9.15,2.12,drive,17.62,front,LIDAR_ONLY
0,46.0914,t637,LIDAR_ONLY,20.8044,20.8044,64.5739,43.7696,43.7696,67.7821,67.7821,0,0,9.15,2.12,drive,18.08,front,LIDAR_ONLY
0,46.0914,t637,LIDAR_ONLY,20.2326,20.2326,64.5739,44.3413,44.3413,68.6675,68.6675,0,0,9.15,2.12,drive,19.00,front,LIDAR_ONLY
0,46.0914,t637,LIDAR_ONLY,20.0953,20.0953,64.5739,44.4786,44.4786,68.8802,68.8802,0,0,9.15,2.12,drive,18.54,front,LIDAR_ONLY
0,46.0914,t629,LIDAR_ONLY,29.4941,29.4941,34.7915,5.2975,5.2975,15.2263,15.2263,0,0,9.15,2.12,drive,-27.15,front,LIDAR_ONLY
0,46.0914,t636,LIDAR_ONLY,6.6103,6.6103,6.2044,0.4059,0.4059,6.5419,6.5419,1,1,9.15,2.12,slow,0.74,front,LIDAR_ONLY
0,46.0914,t629,LIDAR_ONLY,30.1456,30.1456,34.7915,4.6460,4.6460,13.3537,13.3537,0,0,9.15,2.12,drive,-28.31,front,LIDAR_ONLY
0,46.1640,cam_4,CAM_ONLY,12.5180,,6.2044,6.3136,,101.7593,,0,,14.25,8.86,stop,1.12,,CAMERA_ONLY
0,46.2226,cam_4,CAM_ONLY,12.5359,,6.2044,6.3315,,102.0478,,0,,13.00,3.16,stop,1.16,,CAMERA_ONLY
0,46.2960,cam_4,CAM_ONLY,12.5158,,6.2044,6.3113,,101.7225,,0,,15.99,3.45,stop,1.16,,CAMERA_ONLY
0,46.2960,t637,LIDAR_ONLY,21.9517,21.9517,64.5739,42.6223,42.6223,66.0054,66.0054,0,0,15.99,3.45,drive,21.13,front,LIDAR_ONLY
0,46.2960,t636,LIDAR_ONLY,6.6415,6.6415,6.2044,0.4371,0.4371,7.0445,7.0445,1,1,15.99,3.45,slow,2.53,front,LIDAR_ONLY
0,46.2960,t637,LIDAR_ONLY,23.5586,23.5586,64.5739,41.0153,41.0153,63.5168,63.5168,0,0,15.99,3.45,drive,16.75,front,LIDAR_ONLY
0,46.2960,t637,LIDAR_ONLY,24.7368,24.7368,64.5739,39.8372,39.8372,61.6924,61.6924,0,0,15.99,3.45,drive,17.67,front,LIDAR_ONLY
0,46.2960,t637,LIDAR_ONLY,25.3413,25.3413,64.5739,39.2327,39.2327,60.7562,60.7562,0,0,15.99,3.45,drive,18.59,front,LIDAR_ONLY
0,46.2960,t637,LIDAR_ONLY,25.6085,25.6085,64.5739,38.9654,38.9654,60.3424,60.3424,0,0,15.99,3.45,drive,19.06,front,LIDAR_ONLY
0,46.2960,t636,LIDAR_ONLY,6.6759,6.6759,6.2044,0.4715,0.4715,7.5995,7.5995,1,1,15.99,3.45,slow,2.07,front,LIDAR_ONLY
0,46.2960,t637,LIDAR_ONLY,21.0226,21.0226,64.5739,43.5513,43.5513,67.4441,67.4441,0,0,15.99,3.45,drive,18.13,front,LIDAR_ONLY
0,46.2960,t637,LIDAR_ONLY,19.6022,19.6022,64.5739,44.9718,44.9718,69.6438,69.6438,0,0,15.99,3.45,drive,19.52,front,LIDAR_ONLY
0,46.2960,t637,LIDAR_ONLY,18.9004,18.9004,64.5739,45.6735,45.6735,70.7306,70.7306,0,0,15.99,3.45,drive,19.98,front,LIDAR_ONLY
0,46.2960,t636,LIDAR_ONLY,6.4926,6.4926,6.2044,0.2882,0.2882,4.6446,4.6446,1,1,15.99,3.45,slow,0.85,front,LIDAR_ONLY
0,46.2960,t637,LIDAR_ONLY,18.4205,18.4205,64.5739,46.1534,46.1534,71.4738,71.4738,0,0,15.99,3.45,drive,20.44,front,LIDAR_ONLY
0,46.2960,t637,LIDAR_ONLY,17.9936,17.9936,64.5739,46.5804,46.5804,72.1350,72.1350,0,0,15.99,3.45,drive,20.90,front,LIDAR_ONLY
0,46.2960,t637,LIDAR_ONLY,17.0702,17.0702,64.5739,47.5037,47.5037,73.5648,73.5648,0,0,15.99,3.45,drive,21.37,front,LIDAR_ONLY
0,46.3655,cam_4,CAM_ONLY,12.5227,,6.2044,6.3182,,101.8338,,0,,13.98,3.79,stop,1.12,,CAMERA_ONLY
0,46.4254,cam_4,CAM_ONLY,12.5321,,6.2044,6.3277,,101.9859,,0,,10.23,3.27,stop,1.12,,CAMERA_ONLY
0,46.4842,cam_4,CAM_ONLY,12.5339,,6.2044,6.3295,,102.0154,,0,,10.84,1.88,stop,1.12,,CAMERA_ONLY
0,46.4842,t649,LIDAR_ONLY,42.7873,42.7873,45.4615,2.6743,2.6743,5.8825,5.8825,0,0,10.84,1.88,drive,-11.65,front,LIDAR_ONLY
0,46.4842,t650,LIDAR_ONLY,27.8133,27.8133,43.1771,15.3638,15.3638,35.5831,35.5831,0,0,10.84,1.88,drive,-28.04,front,LIDAR_ONLY
0,46.4842,t650,LIDAR_ONLY,28.0400,28.0400,43.1771,15.1370,15.1370,35.0581,35.0581,0,0,10.84,1.88,drive,-22.99,front,LIDAR_ONLY
0,46.5473,t653,BOTH,12.5160,9.0330,6.2044,6.3116,2.8286,101.7269,45.5897,0,0,13.16,4.65,stop,1.12,,FULL_ANGLE
0,46.5473,t651,LIDAR_ONLY,46.5653,46.5653,64.5739,18.0087,18.0087,27.8884,27.8884,0,0,13.16,4.65,drive,21.36,front,LIDAR_ONLY
0,46.5473,t651,LIDAR_ONLY,46.3805,46.3805,64.5739,18.1934,18.1934,28.1746,28.1746,0,0,13.16,4.65,drive,19.47,front,LIDAR_ONLY
0,46.5473,t651,LIDAR_ONLY,41.5360,41.5360,64.5739,23.0379,23.0379,35.6768,35.6768,0,0,13.16,4.65,drive,17.78,front,LIDAR_ONLY
0,46.5473,t651,LIDAR_ONLY,38.1102,38.1102,64.5739,26.4638,26.4638,40.9821,40.9821,0,0,13.16,4.65,drive,18.24,front,LIDAR_ONLY
0,46.5473,t651,LIDAR_ONLY,35.5242,35.5242,64.5739,29.0498,29.0498,44.9868,44.9868,0,0,13.16,4.65,drive,18.70,front,LIDAR_ONLY
0,46.5473,t651,LIDAR_ONLY,23.3566,23.3566,64.5739,41.2174,41.2174,63.8297,63.8297,0,0,13.16,4.65,drive,19.16,front,LIDAR_ONLY
0,46.5473,t651,LIDAR_ONLY,19.3566,19.3566,64.5739,45.2174,45.2174,70.0242,70.0242,0,0,13.16,4.65,drive,19.62,front,LIDAR_ONLY
0,46.5473,t651,LIDAR_ONLY,18.6001,18.6001,64.5739,45.9739,45.9739,71.1957,71.1957,0,0,13.16,4.65,drive,20.54,front,LIDAR_ONLY
0,46.5473,t651,LIDAR_ONLY,17.7622,17.7622,64.5739,46.8117,46.8117,72.4932,72.4932,0,0,13.16,4.65,drive,21.00,front,LIDAR_ONLY
0,46.5473,t653,LIDAR_ONLY,6.6388,6.6388,6.2044,0.4343,0.4343,7.0003,7.0003,1,1,13.16,4.65,slow,4.99,front,LIDAR_ONLY
0,46.5473,t651,LIDAR_ONLY,17.4328,17.4328,64.5739,47.1412,47.1412,73.0034,73.0034,0,0,13.16,4.65,drive,20.08,front,LIDAR_ONLY
0,46.6086,cam_4,CAM_ONLY,12.5180,,6.2044,6.3135,,101.7580,,0,,13.68,4.31,stop,1.12,,CAMERA_ONLY
0,46.6784,cam_4,CAM_ONLY,12.5413,,6.2044,6.3369,,102.1350,,0,,12.86,4.58,stop,1.07,,CAMERA_ONLY
0,46.7444,cam_4,CAM_ONLY,12.5274,,6.2044,6.3230,,101.9104,,0,,17.34,4.28,stop,1.12,,CAMERA_ONLY
0,46.7444,t651,LIDAR_ONLY,19.3174,19.3174,64.5739,45.2565,45.2565,70.0848,70.0848,0,0,17.34,4.28,drive,20.96,front,LIDAR_ONLY
0,46.7444,t651,LIDAR_ONLY,22.1725,22.1725,64.5739,42.4014,42.4014,65.6633,65.6633,0,0,17.34,4.28,drive,22.72,front,LIDAR_ONLY
0,46.7444,t653,LIDAR_ONLY,6.6943,6.6943,6.2044,0.4899,0.4899,7.8952,7.8952,1,1,17.34,4.28,slow,2.92,front,LIDAR_ONLY
0,46.7444,t651,LIDAR_ONLY,24.1466,24.1466,64.5739,40.4274,40.4274,62.6063,62.6063,0,0,17.34,4.28,drive,19.03,front,LIDAR_ONLY
0,46.7444,t651,LIDAR_ONLY,25.9929,25.9929,64.5739,38.5810,38.5810,59.7470,59.7470,0,0,17.34,4.28,drive,19.49,front,LIDAR_ONLY
0,46.7444,t651,LIDAR_ONLY,26.9593,26.9593,64.5739,37.6146,37.6146,58.2504,58.2504,0,0,17.34,4.28,drive,19.95,front,LIDAR_ONLY
0,46.7444,t651,LIDAR_ONLY,22.7878,22.7878,64.5739,41.7862,41.7862,64.7106,64.7106,0,0,17.34,4.28,drive,20.41,front,LIDAR_ONLY
0,46.7444,t651,LIDAR_ONLY,17.5268,17.5268,64.5739,47.0472,47.0472,72.8579,72.8579,0,0,17.34,4.28,drive,20.87,front,LIDAR_ONLY
0,46.7444,t653,LIDAR_ONLY,6.7554,6.7554,6.2044,0.5510,0.5510,8.8807,8.8807,1,1,17.34,4.28,slow,1.38,front,LIDAR_ONLY
0,46.7444,t651,LIDAR_ONLY,17.5514,17.5514,64.5739,47.0225,47.0225,72.8197,72.8197,0,0,17.34,4.28,drive,18.11,front,LIDAR_ONLY
0,46.7444,t661,LIDAR_ONLY,42.7230,42.7230,43.4404,0.7174,0.7174,1.6515,1.6515,1,1,17.34,4.28,drive,-11.64,front,LIDAR_ONLY
0,46.7444,t653,LIDAR_ONLY,6.5839,6.5839,6.2044,0.3795,0.3795,6.1163,6.1163,1,1,17.34,4.28,slow,0.59,front,LIDAR_ONLY
0,46.7444,t651,LIDAR_ONLY,17.6185,17.6185,64.5739,46.9555,46.9555,72.7158,72.7158,0,0,17.34,4.28,drive,18.57,front,LIDAR_ONLY
0,46.7444,t651,LIDAR_ONLY,17.4730,17.4730,64.5739,47.1009,47.1009,72.9410,72.9410,0,0,17.34,4.28,drive,21.33,front,LIDAR_ONLY
0,46.7444,t663,LIDAR_ONLY,28.8888,28.8888,41.1132,12.2245,12.2245,29.7337,29.7337,0,0,17.34,4.28,drive,-26.26,front,LIDAR_ONLY
0,46.8181,cam_4,CAM_ONLY,12.5125,,6.2044,6.3081,,101.6707,,0,,16.23,3.21,stop,1.16,,CAMERA_ONLY
0,46.8757,cam_4,CAM_ONLY,12.5214,,6.2044,6.3170,,101.8138,,0,,9.54,3.51,stop,1.21,,CAMERA_ONLY
0,46.9455,cam_4,CAM_ONLY,12.5027,,6.2044,6.2983,,101.5121,,0,,15.54,3.14,stop,1.21,,CAMERA_ONLY
0,46.9455,t651,LIDAR_ONLY,19.5956,19.5956,64.5739,44.9784,44.9784,69.6541,69.6541,0,0,15.54,3.14,drive,20.28,front,LIDAR_ONLY
0,46.9455,t651,LIDAR_ONLY,23.4584,23.4584,64.5739,41.1155,41.1155,63.6720,63.6720,0,0,15.54,3.14,drive,21.66,front,LIDAR_ONLY
0,46.9455,t653,LIDAR_ONLY,6.5858,6.5858,6.2044,0.3814,0.3814,6.1464,6.1464,1,1,15.54,3.14,slow,2.24,front,LIDAR_ONLY
0,46.9455,t651,LIDAR_ONLY,26.2374,26.2374,64.5739,38.3366,38.3366,59.3685,59.3685,0,0,15.54,3.14,drive,17.24,front,LIDAR_ONLY
0,46.9455,t651,LIDAR_ONLY,28.1787,28.1787,64.5739,36.3952,36.3952,56.3621,56.3621,0,0,15.54,3.14,drive,18.62,front,LIDAR_ONLY
0,46.9455,t651,LIDAR_ONLY,29.9388,29.9388,64.5739,34.6352,34.6352,53.6365,53.6365,0,0,15.54,3.14,drive,19.08,front,LIDAR_ONLY
0,46.9455,t651,LIDAR_ONLY,26.9893,26.9893,64.5739,37.5846,37.5846,58.2040,58.2040,0,0,15.54,3.14,drive,19.54,front,LIDAR_ONLY
0,46.9455,t651,LIDAR_ONLY,19.1157,19.1157,64.5739,45.4582,45.4582,70.3971,70.3971,0,0,15.54,3.14,drive,20.00,front,LIDAR_ONLY
0,46.9455,t651,LIDAR_ONLY,18.1511,18.1511,64.5739,46.4228,46.4228,71.8909,71.8909,0,0,15.54,3.14,drive,20.47,front,LIDAR_ONLY
0,46.9455,t651,LIDAR_ONLY,17.5625,17.5625,64.5739,47.0114,47.0114,72.8024,72.8024,0,0,15.54,3.14,drive,20.93,front,LIDAR_ONLY
0,46.9455,t653,LIDAR_ONLY,6.6151,6.6151,6.2044,0.4107,0.4107,6.6192,6.6192,1,1,15.54,3.14,slow,4.65,front,LIDAR_ONLY
0,46.9455,t651,LIDAR_ONLY,17.6471,17.6471,64.5739,46.9268,46.9268,72.6714,72.6714,0,0,15.54,3.14,drive,18.16,front,LIDAR_ONLY
0,46.9455,t653,LIDAR_ONLY,6.4928,6.4928,6.2044,0.2883,0.2883,4.6474,4.6474,1,1,15.54,3.14,slow,4.60,front,LIDAR_ONLY
0,47.0045,cam_4,CAM_ONLY,12.5187,,6.2044,6.3143,,101.7707,,0,,10.93,5.15,stop,1.25,,CAMERA_ONLY
0,47.0636,cam_4,CAM_ONLY,12.5127,,6.2044,6.3082,,101.6728,,0,,10.05,3.89,stop,1.21,,CAMERA_ONLY
0,47.1240,cam_4,CAM_ONLY,12.5156,,6.2044,6.3111,,101.7198,,0,,11.69,2.14,stop,1.25,,CAMERA_ONLY
0,47.1874,t675,BOTH,12.5241,7.6335,6.2044,6.3197,1.4291,101.8574,23.0330,0,0,14.88,1.63,stop,1.25,,FULL_ANGLE
0,47.1874,t675,LIDAR_ONLY,6.5620,6.5620,6.2044,0.3575,0.3575,5.7628,5.7628,1,1,14.88,1.63,slow,-5.12,front,LIDAR_ONLY
0,47.1874,t676,LIDAR_ONLY,27.0770,27.0770,37.9154,10.8384,10.8384,28.5858,28.5858,0,0,14.88,1.63,drive,-29.37,front,LIDAR_ONLY
0,47.1874,t676,LIDAR_ONLY,27.2198,27.2198,37.9154,10.6956,10.6956,28.2090,28.2090,0,0,14.88,1.63,drive,-26.83,front,LIDAR_ONLY
0,47.1874,t676,LIDAR_ONLY,27.7020,27.7020,37.9154,10.2134,10.2134,26.9374,26.9374,0,0,14.88,1.63,drive,-23.20,front,LIDAR_ONLY
0,47.2720,cam_4,CAM_ONLY,12.5239,,6.2044,6.3195,,101.8546,,0,,16.11,4.01,stop,1.21,,CAMERA_ONLY
0,47.3320,t677,BOTH,12.5320,8.2701,6.2044,6.3276,2.0657,101.9849,33.2933,0,0,14.08,2.05,stop,1.25,,FULL_ANGLE
0,47.3320,t675,LIDAR_ONLY,7.2258,7.2258,54.7981,47.5722,47.5722,86.8137,86.8137,0,0,14.08,2.05,slow,-8.76,front,LIDAR_ONLY
0,47.3320,t677,LIDAR_ONLY,9.0457,9.0457,6.2044,2.8412,2.8412,45.7933,45.7933,0,0,14.08,2.05,slow,2.07,front,LIDAR_ONLY
0,47.3320,t678,LIDAR_ONLY,22.4456,22.4456,64.5739,42.1283,42.1283,65.2405,65.2405,0,0,14.08,2.05,drive,17.06,front,LIDAR_ONLY
0,47.3320,t678,LIDAR_ONLY,22.0355,22.0355,64.5739,42.5385,42.5385,65.8756,65.8756,0,0,14.08,2.05,drive,17.52,front,LIDAR_ONLY
0,47.3320,t678,LIDAR_ONLY,21.2220,21.2220,64.5739,43.3520,43.3520,67.1354,67.1354,0,0,14.08,2.05,drive,18.44,front,LIDAR_ONLY
0,47.3320,t678,LIDAR_ONLY,20.4570,20.4570,64.5739,44.1169,44.1169,68.3200,68.3200,0,0,14.08,2.05,drive,19.36,front,LIDAR_ONLY
0,47.3320,t678,LIDAR_ONLY,19.8783,19.8783,64.5739,44.6956,44.6956,69.2162,69.2162,0,0,14.08,2.05,drive,19.82,front,LIDAR_ONLY
0,47.3320,t678,LIDAR_ONLY,18.6797,18.6797,64.5739,45.8942,45.8942,71.0724,71.0724,0,0,14.08,2.05,drive,20.29,front,LIDAR_ONLY
0,47.3320,t677,LIDAR_ONLY,9.3542,9.3542,6.2044,3.1498,3.1498,50.7667,50.7667,0,0,14.08,2.05,slow,10.04,front,LIDAR_ONLY
0,47.3320,t677,LIDAR_ONLY,7.0845,7.0845,6.2044,0.8801,0.8801,14.1848,14.1848,1,1,14.08,2.05,slow,0.96,front,LIDAR_ONLY
0,47.3320,t678,LIDAR_ONLY,18.3509,18.3509,64.5739,46.2230,46.2230,71.5816,71.5816,0,0,14.08,2.05,drive,18.90,front,LIDAR_ONLY
0,47.3320,t676,LIDAR_ONLY,27.9120,27.9120,39.0193,11.1072,11.1072,28.4660,28.4660,0,0,14.08,2.05,drive,-29.27,front,LIDAR_ONLY
0,47.3320,t676,LIDAR_ONLY,28.1541,28.1541,39.0193,10.8651,10.8651,27.8456,27.8456,0,0,14.08,2.05,drive,-21.67,front,LIDAR_ONLY
0,47.4071,cam_4,CAM_ONLY,12.5444,,6.2044,6.3399,,102.1836,,0,,12.92,4.46,stop,1.21,,CAMERA_ONLY
0,47.4651,cam_4,CAM_ONLY,12.4997,,6.2044,6.2952,,101.4634,,0,,11.08,3.18,stop,1.21,,CAMERA_ONLY
0,47.5301,cam_4,CAM_ONLY,12.5512,,6.2044,6.3468,,102.2940,,0,,9.62,3.71,stop,1.25,,CAMERA_ONLY
0,47.6040,cam_4,CAM_ONLY,12.5393,,6.2044,6.3349,,102.1019,,0,,18.73,7.04,stop,1.21,,CAMERA_ONLY
0,47.6815,t688,BOTH,12.5584,8.1384,6.2044,6.3540,1.9340,102.4099,31.1712,0,0,14.25,1.76,stop,1.21,,FULL_ANGLE
0,47.6815,t687,LIDAR_ONLY,47.4112,47.4112,53.1978,5.7866,5.7866,10.8775,10.8775,0,0,14.25,1.76,drive,-8.64,front,LIDAR_ONLY
0,47.6815,t688,LIDAR_ONLY,9.0298,9.0298,6.2044,2.8253,2.8253,45.5374,45.5374,0,0,14.25,1.76,slow,3.42,front,LIDAR_ONLY
0,47.6815,t689,LIDAR_ONLY,22.3681,22.3681,64.5739,42.2059,42.2059,65.3605,65.3605,0,0,14.25,1.76,drive,17.09,front,LIDAR_ONLY
0,47.6815,t689,LIDAR_ONLY,21.8943,21.8943,64.5739,42.6796,42.6796,66.0942,66.0942,0,0,14.25,1.76,drive,17.55,front,LIDAR_ONLY
0,47.6815,t688,LIDAR_ONLY,6.5526,6.5526,6.2044,0.3482,0.3482,5.6122,5.6122,1,1,14.25,1.76,slow,0.99,front,LIDAR_ONLY
0,47.6815,t691,LIDAR_ONLY,27.6464,27.6464,36.3610,8.7146,8.7146,23.9669,23.9669,0,0,14.25,1.76,drive,-28.34,front,LIDAR_ONLY
0,47.6815,t691,LIDAR_ONLY,28.0902,28.0902,36.3610,8.2708,8.2708,22.7463,22.7463,0,0,14.25,1.76,drive,-21.05,front,LIDAR_ONLY
0,47.6815,t687,LIDAR_ONLY,45.1294,45.1294,53.1978,8.0684,8.0684,15.1668,15.1668,0,0,14.25,1.76,drive,-11.56,front,LIDAR_ONLY
0,47.7660,cam_4,CAM_ONLY,12.5313,,6.2044,6.3268,,101.9725,,0,,22.41,7.42,stop,1.25,,CAMERA_ONLY
0,47.8336,t687,BOTH,12.5230,13.4842,56.2151,43.6920,42.7309,77.7230,76.0132,0,0,15.30,2.27,stop,1.21,,FULL_ANGLE
0,47.8336,t687,LIDAR_ONLY,45.3688,45.3688,56.2151,10.8463,10.8463,19.2943,19.2943,0,0,15.30,2.27,drive,-8.71,front,LIDAR_ONLY
0,47.8336,t691,LIDAR_ONLY,28.2965,28.2965,35.2372,6.9407,6.9407,19.6970,19.6970,0,0,15.30,2.27,drive,-26.82,front,LIDAR_ONLY
0,47.8336,t691,LIDAR_ONLY,28.5594,28.5594,35.2372,6.6778,6.6778,18.9511,18.9511,0,0,15.30,2.27,drive,-22.44,front,LIDAR_ONLY
0,47.9094,cam_4,CAM_ONLY,12.5092,,6.2044,6.3047,,101.6161,,0,,21.18,6.78,stop,1.25,,CAMERA_ONLY
0,47.9760,cam_4,CAM_ONLY,12.5241,,6.2044,6.3196,,101.8565,,0,,16.00,3.77,stop,1.21,,CAMERA_ONLY
0,48.0465,t704,BOTH,12.5002,8.2707,32.3907,19.8905,24.1200,61.4081,74.4659,0,0,17.35,4.18,stop,1.21,,FULL_ANGLE
0,48.0465,t702,LIDAR_ONLY,46.7949,46.7949,64.5739,17.7790,17.7790,27.5328,27.5328,0,0,17.35,4.18,drive,20.77,front,LIDAR_ONLY
0,48.0465,t702,LIDAR_ONLY,46.7997,46.7997,64.5739,17.7742,17.7742,27.5253,27.5253,0,0,17.35,4.18,drive,22.60,front,LIDAR_ONLY
0,48.0465,t702,LIDAR_ONLY,46.4763,46.4763,64.5739,18.0976,18.0976,28.0262,28.0262,0,0,17.35,4.18,drive,19.57,front,LIDAR_ONLY
0,48.0465,t704,LIDAR_ONLY,9.0168,9.0168,32.3907,23.3739,23.3739,72.1625,72.1625,0,0,17.35,4.18,slow,5.52,front,LIDAR_ONLY
0,48.0465,t702,LIDAR_ONLY,42.6029,42.6029,64.5739,21.9711,21.9711,34.0246,34.0246,0,0,17.35,4.18,drive,17.27,front,LIDAR_ONLY
0,48.0465,t702,LIDAR_ONLY,39.4440,39.4440,64.5739,25.1300,25.1300,38.9166,38.9166,0,0,17.35,4.18,drive,18.65,front,LIDAR_ONLY
0,48.0465,t702,LIDAR_ONLY,33.7469,33.7469,64.5739,30.8270,30.8270,47.7391,47.7391,0,0,17.35,4.18,drive,19.11,front,LIDAR_ONLY
0,48.0465,t702,LIDAR_ONLY,25.0533,25.0533,64.5739,39.5206,39.5206,61.2021,61.2021,0,0,17.35,4.18,drive,20.03,front,LIDAR_ONLY
0,48.0465,t702,LIDAR_ONLY,18.5962,18.5962,64.5739,45.9778,45.9778,71.2018,71.2018,0,0,17.35,4.18,drive,20.49,front,LIDAR_ONLY
0,48.0465,t702,LIDAR_ONLY,19.1966,19.1966,64.5739,45.3774,45.3774,70.2719,70.2719,0,0,17.35,4.18,drive,16.35,front,LIDAR_ONLY
0,48.0465,t702,LIDAR_ONLY,20.0106,20.0106,64.5739,44.5633,44.5633,69.0113,69.0113,0,0,17.35,4.18,drive,16.81,front,LIDAR_ONLY
0,48.0465,t702,LIDAR_ONLY,20.5401,20.5401,64.5739,44.0338,44.0338,68.1914,68.1914,0,0,17.35,4.18,drive,19.57,front,LIDAR_ONLY
0,48.0465,t704,LIDAR_ONLY,6.5359,6.5359,32.3907,25.8548,25.8548,79.8218,79.8218,0,0,17.35,4.18,slow,6.56,front,LIDAR_ONLY
0,48.0465,t704,LIDAR_ONLY,6.7360,6.7360,32.3907,25.6547,25.6547,79.2039,79.2039,0,0,17.35,4.18,slow,10.21,front,LIDAR_ONLY
0,48.1091,cam_4,CAM_ONLY,12.5375,,6.2044,6.3330,,102.0723,,0,,14.71,4.16,stop,1.21,,CAMERA_ONLY
0,48.1715,cam_4,CAM_ONLY,12.5140,,6.2044,6.3096,,101.6947,,0,,14.98,2.33,stop,1.25,,CAMERA_ONLY
0,48.2608,cam_4,CAM_ONLY,12.5351,,6.2044,6.3306,,102.0337,,0,,21.58,5.02,stop,1.25,,CAMERA_ONLY
0,48.3335,cam_4,CAM_ONLY,12.5193,,6.2044,6.3149,,101.7796,,0,,19.67,4.78,stop,1.25,,CAMERA_ONLY
0,48.3989,cam_4,CAM_ONLY,12.5166,,6.2044,6.3122,,101.7366,,0,,12.10,5.19,stop,1.25,,CAMERA_ONLY
0,48.3989,t714,LIDAR_ONLY,47.2377,47.2377,64.5739,17.3362,17.3362,26.8471,26.8471,0,0,12.10,5.19,drive,19.50,front,LIDAR_ONLY
0,48.3989,t714,LIDAR_ONLY,46.8909,46.8909,64.5739,17.6830,17.6830,27.3842,27.3842,0,0,12.10,5.19,drive,20.58,front,LIDAR_ONLY
0,48.3989,t714,LIDAR_ONLY,37.4937,37.4937,64.5739,27.0802,27.0802,41.9368,41.9368,0,0,12.10,5.19,drive,17.04,front,LIDAR_ONLY
0,48.3989,t714,LIDAR_ONLY,33.6039,33.6039,64.5739,30.9701,30.9701,47.9606,47.9606,0,0,12.10,5.19,drive,17.96,front,LIDAR_ONLY
0,48.3989,t714,LIDAR_ONLY,29.7777,29.7777,64.5739,34.7963,34.7963,53.8859,53.8859,0,0,12.10,5.19,drive,18.42,front,LIDAR_ONLY
0,48.3989,t714,LIDAR_ONLY,24.7692,24.7692,64.5739,39.8047,39.8047,61.6421,61.6421,0,0,12.10,5.19,drive,18.89,front,LIDAR_ONLY
0,48.3989,t714,LIDAR_ONLY,20.1299,20.1299,64.5739,44.4440,44.4440,68.8266,68.8266,0,0,12.10,5.19,drive,20.27,front,LIDAR_ONLY
0,48.3989,t714,LIDAR_ONLY,18.4547,18.4547,64.5739,46.1192,46.1192,71.4208,71.4208,0,0,12.10,5.19,drive,21.19,front,LIDAR_ONLY
0,48.3989,t714,LIDAR_ONLY,18.5359,18.5359,64.5739,46.0380,46.0380,71.2950,71.2950,0,0,12.10,5.19,drive,17.50,front,LIDAR_ONLY
0,48.3989,t714,LIDAR_ONLY,18.2523,18.2523,64.5739,46.3216,46.3216,71.7342,71.7342,0,0,12.10,5.19,drive,19.81,front,LIDAR_ONLY
0,48.3989,t714,LIDAR_ONLY,17.7549,17.7549,64.5739,46.8191,46.8191,72.5046,72.5046,0,0,12.10,5.19,drive,20.73,front,LIDAR_ONLY
0,48.4658,cam_4,CAM_ONLY,12.5378,,6.2044,6.3333,,102.0771,,0,,18.67,2.30,stop,1.21,,CAMERA_ONLY
0,48.5390,t719,BOTH,12.5056,8.2392,6.2044,6.3012,2.0347,101.5590,32.7950,0,0,17.80,3.69,stop,1.25,,FULL_ANGLE
0,48.5390,t714,LIDAR_ONLY,19.0983,19.0983,,,,,,,,17.80,3.69,drive,23.68,front,LIDAR_ONLY
0,48.5390,t714,LIDAR_ONLY,21.7533,21.7533,,,,,,,,17.80,3.69,drive,21.53,front,LIDAR_ONLY
0,48.5390,t714,LIDAR_ONLY,25.4832,25.4832,,,,,,,,17.80,3.69,drive,22.82,front,LIDAR_ONLY
0,48.5390,t714,LIDAR_ONLY,12.4819,12.4819,,,,,,,,17.80,3.69,cautious,29.17,front,LIDAR_ONLY
0,48.5390,t718,LIDAR_ONLY,47.5369,47.5369,,,,,,,,17.80,3.69,drive,-8.72,front,LIDAR_ONLY
0,48.5390,t719,LIDAR_ONLY,9.0390,9.0390,6.2044,2.8346,2.8346,45.6864,45.6864,0,0,17.80,3.69,slow,2.52,front,LIDAR_ONLY
0,48.5390,t720,LIDAR_ONLY,24.8291,24.8291,64.5739,39.7449,39.7449,61.5494,61.5494,0,0,17.80,3.69,drive,16.92,front,LIDAR_ONLY
0,48.5390,t720,LIDAR_ONLY,23.0775,23.0775,64.5739,41.4965,41.4965,64.2620,64.2620,0,0,17.80,3.69,drive,17.38,front,LIDAR_ONLY
0,48.5390,t720,LIDAR_ONLY,20.7651,20.7651,64.5739,43.8089,43.8089,67.8429,67.8429,0,0,17.80,3.69,drive,20.61,front,LIDAR_ONLY
0,48.5390,t720,LIDAR_ONLY,20.2980,20.2980,64.5739,44.2760,44.2760,68.5663,68.5663,0,0,17.80,3.69,drive,18.76,front,LIDAR_ONLY
0,48.5390,t720,LIDAR_ONLY,19.8185,19.8185,64.5739,44.7555,44.7555,69.3089,69.3089,0,0,17.80,3.69,drive,19.69,front,LIDAR_ONLY
0,48.5390,t721,LIDAR_ONLY,35.3981,35.3981,29.8077,5.5904,5.5904,18.7548,18.7548,0,0,17.80,3.69,drive,-28.69,front,LIDAR_ONLY
0,48.5390,t719,LIDAR_ONLY,6.5615,6.5615,6.2044,0.3571,0.3571,5.7551,5.7551,1,1,17.80,3.69,slow,0.63,front,LIDAR_ONLY
0,48.5390,t720,LIDAR_ONLY,18.8653,18.8653,64.5739,45.7086,45.7086,70.7849,70.7849,0,0,17.80,3.69,drive,19.23,front,LIDAR_ONLY
0,48.5390,t721,LIDAR_ONLY,31.0310,31.0310,29.8077,1.2233,1.2233,4.1039,4.1039,0,0,17.80,3.69,drive,-26.30,front,LIDAR_ONLY
0,48.5390,t721,LIDAR_ONLY,31.1417,31.1417,29.8077,1.3340,1.3340,4.4755,4.4755,0,0,17.80,3.69,drive,-21.54,front,LIDAR_ONLY
0,48.5970,cam_4,CAM_ONLY,12.5219,,6.2044,6.3174,,101.8213,,0,,11.83,3.28,stop,1.25,,CAMERA_ONLY
0,48.5970,t720,LIDAR_ONLY,20.3087,20.3087,32.3907,12.0820,12.0820,37.3008,37.3008,0,0,11.83,3.28,drive,20.25,front,LIDAR_ONLY
0,48.5970,t720,LIDAR_ONLY,22.9621,22.9621,32.3907,9.4286,9.4286,29.1090,29.1090,0,0,11.83,3.28,drive,19.56,front,LIDAR_ONLY
0,48.5970,t720,LIDAR_ONLY,26.4155,26.4155,32.3907,5.9752,5.9752,18.4472,18.4472,0,0,11.83,3.28,drive,22.78,front,LIDAR_ONLY
0,48.5970,t720,LIDAR_ONLY,29.3681,29.3681,32.3907,3.0226,3.0226,9.3316,9.3316,0,0,11.83,3.28,drive,16.80,front,LIDAR_ONLY
0,48.5970,t720,LIDAR_ONLY,31.0734,31.0734,32.3907,1.3173,1.3173,4.0668,4.0668,0,0,11.83,3.28,drive,18.18,front,LIDAR_ONLY
0,48.5970,t720,LIDAR_ONLY,30.3232,30.3232,32.3907,2.0675,2.0675,6.3831,6.3831,0,0,11.83,3.28,drive,18.64,front,LIDAR_ONLY
0,48.5970,t720,LIDAR_ONLY,24.9752,24.9752,32.3907,7.4155,7.4155,22.8940,22.8940,0,0,11.83,3.28,drive,19.10,front,LIDAR_ONLY
0,48.5970,t720,LIDAR_ONLY,20.4978,20.4978,32.3907,11.8929,11.8929,36.7169,36.7169,0,0,11.83,3.28,drive,19.56,front,LIDAR_ONLY
0,48.5970,t720,LIDAR_ONLY,18.7668,18.7668,32.3907,13.6239,13.6239,42.0611,42.0611,0,0,11.83,3.28,drive,20.48,front,LIDAR_ONLY
0,48.5970,t720,LIDAR_ONLY,19.3873,19.3873,32.3907,13.0034,13.0034,40.1456,40.1456,0,0,11.83,3.28,drive,16.34,front,LIDAR_ONLY
0,48.6613,cam_4,CAM_ONLY,12.5254,,6.2044,6.3210,,101.8784,,0,,14.27,5.07,stop,1.25,,CAMERA_ONLY
0,48.7235,cam_4,CAM_ONLY,12.5273,,6.2044,6.3228,,101.9078,,0,,11.24,3.84,stop,1.21,,CAMERA_ONLY
0,48.7871,t730,BOTH,12.5303,8.3168,6.2044,6.3259,2.1124,101.9570,34.0466,0,0,9.44,1.97,stop,1.25,,FULL_ANGLE
0,48.7871,t720,LIDAR_ONLY,21.4621,21.4621,64.5739,43.1119,43.1119,66.7636,66.7636,0,0,9.44,1.97,drive,19.73,front,LIDAR_ONLY
0,48.7871,t720,LIDAR_ONLY,24.9939,24.9939,64.5739,39.5800,39.5800,61.2942,61.2942,0,0,9.44,1.97,drive,22.06,front,LIDAR_ONLY
0,48.7871,t729,LIDAR_ONLY,47.4223,47.4223,,,,,,,,9.44,1.97,drive,-8.66,front,LIDAR_ONLY
0,48.7871,t720,LIDAR_ONLY,22.2141,22.2141,64.5739,42.3598,42.3598,65.5989,65.5989,0,0,9.44,1.97,drive,23.04,front,LIDAR_ONLY
0,48.7871,t730,LIDAR_ONLY,9.0396,9.0396,6.2044,2.8352,2.8352,45.6963,45.6963,0,0,9.44,1.97,slow,2.50,front,LIDAR_ONLY
0,48.7871,t720,LIDAR_ONLY,22.2787,22.2787,64.5739,42.2952,42.2952,65.4989,65.4989,0,0,9.44,1.97,drive,18.00,front,LIDAR_ONLY
0,48.7871,t720,LIDAR_ONLY,21.5298,21.5298,64.5739,43.0441,43.0441,66.6586,66.6586,0,0,9.44,1.97,drive,18.46,front,LIDAR_ONLY
0,48.7871,t720,LIDAR_ONLY,19.3989,19.3989,64.5739,45.1751,45.1751,69.9587,69.9587,0,0,9.44,1.97,drive,18.92,front,LIDAR_ONLY
0,48.7871,t720,LIDAR_ONLY,16.1212,16.1212,64.5739,48.4528,48.4528,75.0346,75.0346,0,0,9.44,1.97,drive,19.38,front,LIDAR_ONLY
0,48.7871,t720,LIDAR_ONLY,17.0368,17.0368,64.5739,47.5371,47.5371,73.6166,73.6166,0,0,9.44,1.97,drive,19.84,front,LIDAR_ONLY
0,48.7871,t720,LIDAR_ONLY,17.3785,17.3785,64.5739,47.1954,47.1954,73.0874,73.0874,0,0,9.44,1.97,drive,21.22,front,LIDAR_ONLY
0,48.7871,t730,LIDAR_ONLY,6.6392,6.6392,6.2044,0.4348,0.4348,7.0077,7.0077,1,1,9.44,1.97,slow,0.93,front,LIDAR_ONLY
0,48.7871,t720,LIDAR_ONLY,17.4208,17.4208,64.5739,47.1532,47.1532,73.0220,73.0220,0,0,9.44,1.97,drive,20.76,front,LIDAR_ONLY
0,48.7871,t732,LIDAR_ONLY,28.7977,28.7977,44.7508,15.9531,15.9531,35.6487,35.6487,0,0,9.44,1.97,drive,-26.41,front,LIDAR_ONLY
0,48.7871,t732,LIDAR_ONLY,29.0578,29.0578,44.7508,15.6930,15.6930,35.0675,35.0675,0,0,9.44,1.97,drive,-21.53,front,LIDAR_ONLY
0,48.8544,cam_4,CAM_ONLY,12.5419,,6.2044,6.3374,,102.1433,,0,,17.38,4.94,stop,1.25,,CAMERA_ONLY
0,48.9244,cam_4,CAM_ONLY,12.5296,,6.2044,6.3252,,101.9461,,0,,21.45,4.29,stop,1.25,,CAMERA_ONLY
0,48.9823,cam_4,CAM_ONLY,12.5185,,6.2044,6.3141,,101.7669,,0,,11.41,2.92,stop,1.25,,CAMERA_ONLY
0,49.0564,cam_4,CAM_ONLY,12.5150,,6.2044,6.3106,,101.7109,,0,,17.26,6.39,stop,1.25,,CAMERA_ONLY
0,49.1385,cam_4,CAM_ONLY,12.5192,,6.2044,6.3147,,101.7777,,0,,17.84,3.19,stop,1.25,,CAMERA_ONLY
0,49.2021,cam_4,CAM_ONLY,12.5513,,6.2044,6.3469,,102.2957,,0,,12.06,4.92,stop,1.25,,CAMERA_ONLY
0,49.2021,t739,LIDAR_ONLY,46.7376,46.7376,64.5739,17.8364,17.8364,27.6216,27.6216,0,0,12.06,4.92,drive,22.53,front,LIDAR_ONLY
0,49.2021,t739,LIDAR_ONLY,24.3288,24.3288,64.5739,40.2451,40.2451,62.3241,62.3241,0,0,12.06,4.92,drive,22.52,front,LIDAR_ONLY
0,49.2021,t739,LIDAR_ONLY,23.8786,23.8786,64.5739,40.6953,40.6953,63.0213,63.0213,0,0,12.06,4.92,drive,19.69,front,LIDAR_ONLY
0,49.2021,t739,LIDAR_ONLY,22.9376,22.9376,64.5739,41.6363,41.6363,64.4785,64.4785,0,0,12.06,4.92,drive,21.07,front,LIDAR_ONLY
0,49.2021,t739,LIDAR_ONLY,22.7237,22.7237,64.5739,41.8502,41.8502,64.8098,64.8098,0,0,12.06,4.92,drive,18.77,front,LIDAR_ONLY
0,49.2021,t739,LIDAR_ONLY,15.6430,15.6430,64.5739,48.9309,48.9309,75.7750,75.7750,0,0,12.06,4.92,drive,20.15,front,LIDAR_ONLY
0,49.2021,t739,LIDAR_ONLY,16.1125,16.1125,64.5739,48.4614,48.4614,75.0480,75.0480,0,0,12.06,4.92,drive,20.61,front,LIDAR_ONLY
0,49.2021,t739,LIDAR_ONLY,16.5366,16.5366,64.5739,48.0373,48.0373,74.3912,74.3912,0,0,12.06,4.92,drive,18.31,front,LIDAR_ONLY
0,49.2656,cam_4,CAM_ONLY,12.5242,,6.2044,6.3198,,101.8591,,0,,12.61,3.65,stop,1.21,,CAMERA_ONLY
0,49.3287,cam_4,CAM_ONLY,12.5335,,6.2044,6.3291,,102.0087,,0,,11.97,4.43,stop,1.21,,CAMERA_ONLY
0,49.3940,t747,BOTH,12.5081,9.0553,6.2044,6.3037,2.8509,101.5992,45.9487,0,0,16.26,3.67,stop,1.21,,FULL_ANGLE
0,49.3940,t739,LIDAR_ONLY,20.3267,20.3267,64.5739,44.2472,44.2472,68.5218,68.5218,0,0,16.26,3.67,drive,21.59,front,LIDAR_ONLY
0,49.3940,t746,LIDAR_ONLY,47.4110,47.4110,,,,,,,,16.26,3.67,drive,-8.71,front,LIDAR_ONLY
0,49.3940,t739,LIDAR_ONLY,22.9985,22.9985,64.5739,41.5754,41.5754,64.3842,64.3842,0,0,16.26,3.67,drive,18.47,front,LIDAR_ONLY
0,49.3940,t739,LIDAR_ONLY,24.7388,24.7388,64.5739,39.8352,39.8352,61.6893,61.6893,0,0,16.26,3.67,drive,19.86,front,LIDAR_ONLY
0,49.3940,t739,LIDAR_ONLY,26.0768,26.0768,64.5739,38.4971,38.4971,59.6171,59.6171,0,0,16.26,3.67,drive,21.24,front,LIDAR_ONLY
0,49.3940,t747,LIDAR_ONLY,8.1399,8.1399,6.2044,1.9355,1.9355,31.1951,31.1951,0,0,16.26,3.67,slow,1.51,front,LIDAR_ONLY
0,49.3940,t747,LIDAR_ONLY,8.9053,8.9053,6.2044,2.7009,2.7009,43.5314,43.5314,0,0,16.26,3.67,slow,9.72,front,LIDAR_ONLY
0,49.3940,t739,LIDAR_ONLY,26.9244,26.9244,64.5739,37.6495,37.6495,58.3045,58.3045,0,0,16.26,3.67,drive,18.01,front,LIDAR_ONLY
0,49.3940,t739,LIDAR_ONLY,18.0804,18.0804,64.5739,46.4936,46.4936,72.0005,72.0005,0,0,16.26,3.67,drive,20.32,front,LIDAR_ONLY
0,49.3940,t747,LIDAR_ONLY,6.8758,6.8758,6.2044,0.6713,0.6713,10.8204,10.8204,1,1,16.26,3.67,slow,0.51,front,LIDAR_ONLY
0,49.3940,t739,LIDAR_ONLY,17.8660,17.8660,64.5739,46.7079,46.7079,72.3325,72.3325,0,0,16.26,3.67,drive,19.40,front,LIDAR_ONLY
0,49.4568,cam_4,CAM_ONLY,12.5163,,6.2044,6.3118,,101.7310,,0,,10.27,5.31,stop,1.25,,CAMERA_ONLY
0,49.5276,cam_4,CAM_ONLY,12.5207,,6.2044,6.3162,,101.8017,,0,,13.93,2.92,stop,1.25,,CAMERA_ONLY
0,49.5978,cam_4,CAM_ONLY,12.5300,,6.2044,6.3256,,101.9521,,0,,13.87,4.51,stop,1.21,,CAMERA_ONLY
0,49.5978,t739,LIDAR_ONLY,19.2487,19.2487,64.5739,45.3252,45.3252,70.1912,70.1912,0,0,13.87,4.51,drive,23.50,front,LIDAR_ONLY
0,49.5978,t739,LIDAR_ONLY,22.4071,22.4071,64.5739,42.1669,42.1669,65.3001,65.3001,0,0,13.87,4.51,drive,20.86,front,LIDAR_ONLY
0,49.5978,t739,LIDAR_ONLY,25.9751,25.9751,64.5739,38.5988,38.5988,59.7746,59.7746,0,0,13.87,4.51,drive,23.34,front,LIDAR_ONLY
0,49.5978,t739,LIDAR_ONLY,29.3254,29.3254,64.5739,35.2486,35.2486,54.5864,54.5864,0,0,13.87,4.51,drive,17.37,front,LIDAR_ONLY
0,49.5978,t739,LIDAR_ONLY,31.4212,31.4212,64.5739,33.1527,33.1527,51.3407,51.3407,0,0,13.87,4.51,drive,18.75,front,LIDAR_ONLY
0,49.5978,t739,LIDAR_ONLY,30.9180,30.9180,64.5739,33.6560,33.6560,52.1200,52.1200,0,0,13.87,4.51,drive,19.21,front,LIDAR_ONLY
0,49.5978,t739,LIDAR_ONLY,23.5636,23.5636,64.5739,41.0103,41.0103,63.5091,63.5091,0,0,13.87,4.51,drive,20.13,front,LIDAR_ONLY
0,49.5978,t739,LIDAR_ONLY,18.4719,18.4719,64.5739,46.1020,46.1020,71.3942,71.3942,0,0,13.87,4.51,drive,21.05,front,LIDAR_ONLY
0,49.5978,t739,LIDAR_ONLY,18.9710,18.9710,64.5739,45.6029,45.6029,70.6212,70.6212,0,0,13.87,4.51,drive,16.45,front,LIDAR_ONLY
0,49.5978,t739,LIDAR_ONLY,19.3687,19.3687,64.5739,45.2053,45.2053,70.0054,70.0054,0,0,13.87,4.51,drive,18.29,front,LIDAR_ONLY
0,49.5978,t739,LIDAR_ONLY,19.6054,19.6054,64.5739,44.9686,44.9686,69.6389,69.6389,0,0,13.87,4.51,drive,19.67,front,LIDAR_ONLY
0,49.6591,cam_4,CAM_ONLY,12.5246,,6.2044,6.3202,,101.8652,,0,,14.52,4.35,stop,1.21,,CAMERA_ONLY
0,49.7362,cam_4,CAM_ONLY,12.5360,,6.2044,6.3316,,102.0490,,0,,18.82,9.44,stop,1.21,,CAMERA_ONLY
0,49.7362,t755,LIDAR_ONLY,47.4256,47.4256,,,,,,,,18.82,9.44,drive,-8.70,front,LIDAR_ONLY
0,49.7362,t758,LIDAR_ONLY,48.9268,48.9268,42.1141,6.8127,6.8127,16.1767,16.1767,0,0,18.82,9.44,drive,-29.15,front,LIDAR_ONLY
0,49.7362,t758,LIDAR_ONLY,48.9437,48.9437,42.1141,6.8296,6.8296,16.2169,16.2169,0,0,18.82,9.44,drive,-28.08,front,LIDAR_ONLY
0,49.7362,t755,LIDAR_ONLY,44.6855,44.6855,,,,,,,,18.82,9.44,drive,-11.70,front,LIDAR_ONLY
0,49.7362,t755,LIDAR_ONLY,30.7918,30.7918,,,,,,,,18.82,9.44,drive,-8.24,front,LIDAR_ONLY
0,49.7994,cam_4,CAM_ONLY,12.5225,,6.2044,6.3181,,101.8311,,0,,11.19,4.15,stop,1.21,,CAMERA_ONLY
0,49.8924,t762,BOTH,12.5330,8.0963,6.2044,6.3286,1.8918,102.0010,30.4916,0,0,17.81,3.06,stop,1.25,,FULL_ANGLE
0,49.8924,t760,LIDAR_ONLY,46.7174,46.7174,64.5739,17.8566,17.8566,27.6529,27.6529,0,0,17.81,3.06,drive,21.02,front,LIDAR_ONLY
0,49.8924,t760,LIDAR_ONLY,46.4340,46.4340,64.5739,18.1399,18.1399,28.0917,28.0917,0,0,17.81,3.06,drive,19.72,front,LIDAR_ONLY
0,49.8924,t760,LIDAR_ONLY,46.3773,46.3773,64.5739,18.1966,18.1966,28.1795,28.1795,0,0,17.81,3.06,drive,23.17,front,LIDAR_ONLY
0,49.8924,t762,LIDAR_ONLY,9.0446,9.0446,6.2044,2.8401,2.8401,45.7758,45.7758,0,0,17.81,3.06,slow,2.14,front,LIDAR_ONLY
0,49.8924,t760,LIDAR_ONLY,41.9734,41.9734,64.5739,22.6006,22.6006,34.9995,34.9995,0,0,17.81,3.06,drive,18.34,front,LIDAR_ONLY
0,49.8924,t760,LIDAR_ONLY,39.3658,39.3658,64.5739,25.2081,25.2081,39.0376,39.0376,0,0,17.81,3.06,drive,19.26,front,LIDAR_ONLY
0,49.8924,t760,LIDAR_ONLY,30.1948,30.1948,64.5739,34.3791,34.3791,53.2399,53.2399,0,0,17.81,3.06,drive,19.72,front,LIDAR_ONLY
0,49.8924,t760,LIDAR_ONLY,23.8803,23.8803,64.5739,40.6936,40.6936,63.0187,63.0187,0,0,17.81,3.06,drive,20.18,front,LIDAR_ONLY
0,49.8924,t760,LIDAR_ONLY,18.0638,18.0638,64.5739,46.5101,46.5101,72.0261,72.0261,0,0,17.81,3.06,drive,20.64,front,LIDAR_ONLY
0,49.8924,t762,LIDAR_ONLY,8.7565,8.7565,6.2044,2.5520,2.5520,41.1326,41.1326,0,0,17.81,3.06,slow,9.60,front,LIDAR_ONLY
0,49.8924,t760,LIDAR_ONLY,18.1155,18.1155,64.5739,46.4585,46.4585,71.9461,71.9461,0,0,17.81,3.06,drive,17.88,front,LIDAR_ONLY
0,49.8924,t760,LIDAR_ONLY,18.1849,18.1849,64.5739,46.3890,46.3890,71.8386,71.8386,0,0,17.81,3.06,drive,18.80,front,LIDAR_ONLY
0,49.8924,t762,LIDAR_ONLY,6.9455,6.9455,6.2044,0.7411,0.7411,11.9447,11.9447,1,1,17.81,3.06,slow,1.66,front,LIDAR_ONLY
0,49.9630,cam_4,CAM_ONLY,12.5329,,6.2044,6.3285,,101.9990,,0,,14.74,4.39,stop,1.25,,CAMERA_ONLY
0,50.0292,cam_4,CAM_ONLY,12.5255,,6.2044,6.3211,,101.8797,,0,,18.90,2.65,stop,1.25,,CAMERA_ONLY
0,50.0292,t767,LIDAR_ONLY,47.3547,47.3547,,,,,,,,18.90,2.65,drive,-8.81,front,LIDAR_ONLY
0,50.0292,t769,LIDAR_ONLY,48.5289,48.5289,39.9143,8.6146,8.6146,21.5827,21.5827,0,0,18.90,2.65,drive,-29.05,front,LIDAR_ONLY
0,50.0292,t762,LIDAR_ONLY,6.9731,6.9731,6.2044,0.7687,0.7687,12.3888,12.3888,1,1,18.90,2.65,slow,0.50,front,LIDAR_ONLY
0,50.0292,t762,LIDAR_ONLY,6.9738,6.9738,6.2044,0.7693,0.7693,12.3998,12.3998,1,1,18.90,2.65,slow,1.99,front,LIDAR_ONLY
0,50.0292,t762,LIDAR_ONLY,6.6560,6.6560,6.2044,0.4516,0.4516,7.2780,7.2780,1,1,18.90,2.65,slow,0.10,front,LIDAR_ONLY
0,50.0292,t769,LIDAR_ONLY,38.9490,38.9490,39.9143,0.9653,0.9653,2.4184,2.4184,1,1,18.90,2.65,drive,-28.66,front,LIDAR_ONLY
0,50.0292,t769,LIDAR_ONLY,37.6089,37.6089,39.9143,2.3054,2.3054,5.7758,5.7758,0,0,18.90,2.65,drive,-20.81,front,LIDAR_ONLY
0,50.0861,cam_4,CAM_ONLY,12.5383,,6.2044,6.3339,,102.0858,,0,,10.52,1.76,stop,1.21,,CAMERA_ONLY
0,50.0861,t769,LIDAR_ONLY,38.2764,38.2764,39.5586,1.2823,1.2823,3.2415,3.2415,0,0,10.52,1.76,drive,-29.85,front,LIDAR_ONLY
0,50.0861,t769,LIDAR_ONLY,36.5880,36.5880,39.5586,2.9706,2.9706,7.5094,7.5094,0,0,10.52,1.76,drive,-27.29,front,LIDAR_ONLY
0,50.0861,t769,LIDAR_ONLY,32.5945,32.5945,39.5586,6.9642,6.9642,17.6047,17.6047,0,0,10.52,1.76,drive,-21.97,front,LIDAR_ONLY
0,50.1479,cam_4,CAM_ONLY,12.5292,,6.2044,6.3247,,101.9390,,0,,9.51,3.40,stop,1.25,,CAMERA_ONLY
0,50.2099,cam_4,CAM_ONLY,12.5418,,6.2044,6.3374,,102.1428,,0,,9.99,3.89,stop,1.25,,CAMERA_ONLY
0,50.2665,cam_4,CAM_ONLY,12.5330,,6.2044,6.3286,,102.0008,,0,,9.38,2.62,stop,1.25,,CAMERA_ONLY
0,50.3333,t776,BOTH,12.5311,16.2497,6.2044,6.3267,10.0453,101.9702,161.9046,0,0,12.35,2.51,stop,1.21,,FULL_ANGLE
0,50.3333,t776,LIDAR_ONLY,47.4103,47.4103,6.2044,41.2059,41.2059,664.1347,664.1347,0,0,12.35,2.51,drive,-8.68,front,LIDAR_ONLY
0,50.3333,t776,LIDAR_ONLY,24.3578,24.3578,6.2044,18.1534,18.1534,292.5868,292.5868,0,0,12.35,2.51,drive,0.16,front,LIDAR_ONLY
0,50.3333,t779,LIDAR_ONLY,42.8421,42.8421,,,,,,,,12.35,2.51,drive,-11.59,front,LIDAR_ONLY
0,50.3333,t776,LIDAR_ONLY,7.9282,7.9282,6.2044,1.7237,1.7237,27.7819,27.7819,0,0,12.35,2.51,slow,-2.24,front,LIDAR_ONLY
0,50.3333,t780,LIDAR_ONLY,27.7846,27.7846,37.5796,9.7950,9.7950,26.0646,26.0646,0,0,12.35,2.51,drive,-28.07,front,LIDAR_ONLY
0,50.3920,t776,BOTH,12.5426,7.9428,6.2044,6.3382,1.7384,102.1556,28.0184,0,0,11.24,2.78,stop,1.21,,FULL_ANGLE
0,50.3920,t779,LIDAR_ONLY,43.6384,43.6384,,,,,,,,11.24,2.78,drive,-8.70,front,LIDAR_ONLY
0,50.3920,t781,LIDAR_ONLY,46.6333,46.6333,64.5739,17.9406,17.9406,27.7831,27.7831,0,0,11.24,2.78,drive,20.86,front,LIDAR_ONLY
0,50.3920,t781,LIDAR_ONLY,46.6211,46.6211,64.5739,17.9528,17.9528,27.8020,27.8020,0,0,11.24,2.78,drive,22.97,front,LIDAR_ONLY
0,50.3920,t781,LIDAR_ONLY,41.8823,41.8823,64.5739,22.6917,22.6917,35.1406,35.1406,0,0,11.24,2.78,drive,17.36,front,LIDAR_ONLY
0,50.3920,t781,LIDAR_ONLY,38.5197,38.5197,64.5739,26.0543,26.0543,40.3480,40.3480,0,0,11.24,2.78,drive,17.82,front,LIDAR_ONLY
0,50.3920,t781,LIDAR_ONLY,35.3156,35.3156,64.5739,29.2584,29.2584,45.3099,45.3099,0,0,11.24,2.78,drive,18.74,front,LIDAR_ONLY
0,50.3920,t781,LIDAR_ONLY,29.0659,29.0659,64.5739,35.5081,35.5081,54.9883,54.9883,0,0,11.24,2.78,drive,20.12,front,LIDAR_ONLY
0,50.3920,t781,LIDAR_ONLY,18.8715,18.8715,64.5739,45.7025,45.7025,70.7754,70.7754,0,0,11.24,2.78,drive,21.04,front,LIDAR_ONLY
0,50.3920,t776,LIDAR_ONLY,6.7981,6.7981,6.2044,0.5937,0.5937,9.5691,9.5691,1,1,11.24,2.78,slow,0.74,front,LIDAR_ONLY
0,50.3920,t781,LIDAR_ONLY,18.2133,18.2133,64.5739,46.3607,46.3607,71.7947,71.7947,0,0,11.24,2.78,drive,19.66,front,LIDAR_ONLY
0,50.3920,t776,LIDAR_ONLY,6.5122,6.5122,6.2044,0.3078,0.3078,4.9606,4.9606,1,1,11.24,2.78,slow,0.77,front,LIDAR_ONLY
0,50.3920,t781,LIDAR_ONLY,18.0634,18.0634,64.5739,46.5106,46.5106,72.0269,72.0269,0,0,11.24,2.78,drive,18.28,front,LIDAR_ONLY
0,50.4596,cam_4,CAM_ONLY,12.5476,,6.2044,6.3432,,102.2358,,0,,11.07,7.58,stop,1.21,,CAMERA_ONLY
0,50.5183,cam_4,CAM_ONLY,12.5192,,6.2044,6.3148,,101.7780,,0,,9.93,2.06,stop,1.21,,CAMERA_ONLY
0,50.5771,cam_4,CAM_ONLY,12.5327,,6.2044,6.3283,,101.9956,,0,,11.35,3.49,stop,1.21,,CAMERA_ONLY
0,50.6379,t796,BOTH,12.5448,8.2997,6.2044,6.3404,2.0952,102.1907,33.7700,0,0,12.75,3.79,stop,1.21,,FULL_ANGLE
0,50.6379,t793,LIDAR_ONLY,47.0025,47.0025,64.5739,17.5714,17.5714,27.2113,27.2113,0,0,12.75,3.79,drive,19.89,front,LIDAR_ONLY
0,50.6379,t793,LIDAR_ONLY,46.9318,46.9318,64.5739,17.6421,17.6421,27.3208,27.3208,0,0,12.75,3.79,drive,23.11,front,LIDAR_ONLY
0,50.6379,t794,LIDAR_ONLY,47.3988,47.3988,73.3082,25.9094,25.9094,35.3431,35.3431,0,0,12.75,3.79,drive,-8.68,front,LIDAR_ONLY
0,50.6379,t793,LIDAR_ONLY,14.5586,14.5586,64.5739,50.0154,50.0154,77.4544,77.4544,0,0,12.75,3.79,cautious,25.77,front,LIDAR_ONLY
0,50.6379,t796,LIDAR_ONLY,9.0446,9.0446,6.2044,2.8401,2.8401,45.7757,45.7757,0,0,12.75,3.79,slow,2.12,front,LIDAR_ONLY
0,50.6379,t793,LIDAR_ONLY,14.6309,14.6309,64.5739,49.9430,49.9430,77.3424,77.3424,0,0,12.75,3.79,cautious,17.12,front,LIDAR_ONLY
0,50.6379,t793,LIDAR_ONLY,14.7410,14.7410,64.5739,49.8329,49.8329,77.1718,77.1718,0,0,12.75,3.79,cautious,17.58,front,LIDAR_ONLY
0,50.6379,t793,LIDAR_ONLY,14.1788,14.1788,64.5739,50.3951,50.3951,78.0425,78.0425,0,0,12.75,3.79,cautious,18.04,front,LIDAR_ONLY
0,50.6379,t793,LIDAR_ONLY,13.4249,13.4249,64.5739,51.1491,51.1491,79.2101,79.2101,0,0,12.75,3.79,cautious,18.96,front,LIDAR_ONLY
0,50.6379,t793,LIDAR_ONLY,15.4005,15.4005,64.5739,49.1735,49.1735,76.1506,76.1506,0,0,12.75,3.79,cautious,19.89,front,LIDAR_ONLY
0,50.6379,t793,LIDAR_ONLY,16.3992,16.3992,64.5739,48.1747,48.1747,74.6040,74.6040,0,0,12.75,3.79,cautious,21.27,front,LIDAR_ONLY
0,50.6379,t796,LIDAR_ONLY,9.2262,9.2262,6.2044,3.0218,3.0218,48.7039,48.7039,0,0,12.75,3.79,slow,9.52,front,LIDAR_ONLY
0,50.6379,t793,LIDAR_ONLY,17.4536,17.4536,64.5739,47.1203,47.1203,72.9711,72.9711,0,0,12.75,3.79,drive,16.66,front,LIDAR_ONLY
0,50.6379,t793,LIDAR_ONLY,17.9511,17.9511,64.5739,46.6228,46.6228,72.2006,72.2006,0,0,12.75,3.79,drive,20.35,front,LIDAR_ONLY
0,50.6379,t793,LIDAR_ONLY,18.1150,18.1150,64.5739,46.4589,46.4589,71.9468,71.9468,0,0,12.75,3.79,drive,20.81,front,LIDAR_ONLY
0,50.6379,t797,LIDAR_ONLY,48.4124,48.4124,,,,,,,,12.75,3.79,drive,-29.11,front,LIDAR_ONLY
0,50.6379,t796,LIDAR_ONLY,7.0006,7.0006,6.2044,0.7962,0.7962,12.8326,12.8326,1,1,12.75,3.79,slow,0.77,front,LIDAR_ONLY
0,50.6379,t797,LIDAR_ONLY,34.2189,34.2189,,,,,,,,12.75,3.79,drive,-29.34,front,LIDAR_ONLY
0,50.6379,t797,LIDAR_ONLY,32.3659,32.3659,,,,,,,,12.75,3.79,drive,-27.35,front,LIDAR_ONLY
0,50.6379,t797,LIDAR_ONLY,32.1021,32.1021,,,,,,,,12.75,3.79,drive,-22.73,front,LIDAR_ONLY
0,50.7040,cam_4,CAM_ONLY,12.5515,,6.2044,6.3470,,102.2982,,0,,13.27,5.43,stop,1.25,,CAMERA_ONLY
0,50.7040,t793,LIDAR_ONLY,20.7212,20.7212,64.5739,43.8528,43.8528,67.9110,67.9110,0,0,13.27,5.43,drive,21.05,front,LIDAR_ONLY
0,50.7040,t793,LIDAR_ONLY,23.8459,23.8459,64.5739,40.7280,40.7280,63.0719,63.0719,0,0,13.27,5.43,drive,19.82,front,LIDAR_ONLY
0,50.7040,t793,LIDAR_ONLY,25.4652,25.4652,64.5739,39.1087,39.1087,60.5643,60.5643,0,0,13.27,5.43,drive,18.29,front,LIDAR_ONLY
0,50.7040,t793,LIDAR_ONLY,26.9761,26.9761,64.5739,37.5979,37.5979,58.2245,58.2245,0,0,13.27,5.43,drive,19.21,front,LIDAR_ONLY
0,50.7040,t793,LIDAR_ONLY,28.1265,28.1265,64.5739,36.4475,36.4475,56.4430,56.4430,0,0,13.27,5.43,drive,19.67,front,LIDAR_ONLY
0,50.7040,t793,LIDAR_ONLY,22.4758,22.4758,64.5739,42.0981,42.0981,65.1937,65.1937,0,0,13.27,5.43,drive,20.59,front,LIDAR_ONLY
0,50.7040,t793,LIDAR_ONLY,18.5285,18.5285,64.5739,46.0454,46.0454,71.3065,71.3065,0,0,13.27,5.43,drive,18.75,front,LIDAR_ONLY
0,50.7040,t793,LIDAR_ONLY,17.9020,17.9020,64.5739,46.6719,46.6719,72.2767,72.2767,0,0,13.27,5.43,drive,20.13,front,LIDAR_ONLY
0,50.7840,cam_4,CAM_ONLY,12.5421,,6.2044,6.3376,,102.1466,,0,,14.11,2.66,stop,1.25,,CAMERA_ONLY
0,50.7840,t796,LIDAR_ONLY,7.0250,7.0250,6.2044,0.8206,0.8206,13.2259,13.2259,1,1,14.11,2.66,slow,1.82,front,LIDAR_ONLY
0,50.7840,t796,LIDAR_ONLY,7.0057,7.0057,6.2044,0.8013,0.8013,12.9150,12.9150,1,1,14.11,2.66,slow,0.20,front,LIDAR_ONLY
0,50.7840,t796,LIDAR_ONLY,6.6952,6.6952,6.2044,0.4908,0.4908,7.9106,7.9106,1,1,14.11,2.66,slow,0.71,front,LIDAR_ONLY
0,50.7840,t797,LIDAR_ONLY,31.2003,31.2003,,,,,,,,14.11,2.66,drive,-28.82,front,LIDAR_ONLY
0,50.7840,t797,LIDAR_ONLY,28.3996,28.3996,,,,,,,,14.11,2.66,drive,-26.63,front,LIDAR_ONLY
0,50.7840,t797,LIDAR_ONLY,28.5971,28.5971,,,,,,,,14.11,2.66,drive,-24.34,front,LIDAR_ONLY
0,50.8452,cam_4,CAM_ONLY,12.5349,,6.2044,6.3304,,102.0309,,0,,12.01,3.51,stop,1.25,,CAMERA_ONLY
0,50.8452,t793,LIDAR_ONLY,19.3261,19.3261,64.5739,45.2478,45.2478,70.0713,70.0713,0,0,12.01,3.51,drive,23.73,front,LIDAR_ONLY
0,50.8452,t793,LIDAR_ONLY,22.7063,22.7063,64.5739,41.8676,41.8676,64.8367,64.8367,0,0,12.01,3.51,drive,20.75,front,LIDAR_ONLY
0,50.8452,t793,LIDAR_ONLY,25.1678,25.1678,64.5739,39.4062,39.4062,61.0249,61.0249,0,0,12.01,3.51,drive,17.90,front,LIDAR_ONLY
0,50.8452,t793,LIDAR_ONLY,26.7552,26.7552,64.5739,37.8187,37.8187,58.5665,58.5665,0,0,12.01,3.51,drive,18.36,front,LIDAR_ONLY
0,50.8452,t793,LIDAR_ONLY,27.4285,27.4285,64.5739,37.1455,37.1455,57.5239,57.5239,0,0,12.01,3.51,drive,21.12,front,LIDAR_ONLY
0,50.8452,t793,LIDAR_ONLY,25.3646,25.3646,64.5739,39.2094,39.2094,60.7201,60.7201,0,0,12.01,3.51,drive,17.44,front,LIDAR_ONLY
0,50.8452,t793,LIDAR_ONLY,19.4496,19.4496,64.5739,45.1243,45.1243,69.8801,69.8801,0,0,12.01,3.51,drive,18.82,front,LIDAR_ONLY
0,50.8452,t793,LIDAR_ONLY,18.8485,18.8485,64.5739,45.7254,45.7254,70.8109,70.8109,0,0,12.01,3.51,drive,19.74,front,LIDAR_ONLY
0,50.9085,cam_4,CAM_ONLY,12.5530,,6.2044,6.3485,,102.3224,,0,,12.13,7.19,stop,1.25,,CAMERA_ONLY
0,50.9821,cam_4,CAM_ONLY,12.5278,,6.2044,6.3233,,101.9160,,0,,20.00,3.11,stop,1.25,,CAMERA_ONLY
0,51.0518,cam_4,CAM_ONLY,12.5245,,6.2044,6.3200,,101.8627,,0,,12.93,5.98,stop,1.21,,CAMERA_ONLY
0,51.1112,cam_4,CAM_ONLY,12.5422,,6.2044,6.3377,,102.1479,,0,,13.25,3.96,stop,1.21,,CAMERA_ONLY
0,51.1774,cam_4,CAM_ONLY,12.5327,,6.2044,6.3282,,101.9954,,0,,16.28,4.31,stop,1.21,,CAMERA_ONLY
0,51.2419,cam_4,CAM_ONLY,12.5278,,6.2044,6.3233,,101.9159,,0,,9.45,4.18,stop,1.30,,CAMERA_ONLY
0,51.3062,cam_4,CAM_ONLY,12.5235,,6.2044,6.3190,,101.8467,,0,,14.79,5.21,stop,1.30,,CAMERA_ONLY
0,51.3700,cam_4,CAM_ONLY,12.5212,,6.2044,6.3168,,101.8106,,0,,13.03,2.68,stop,1.25,,CAMERA_ONLY
0,51.4404,t816,BOTH,12.5346,8.1655,6.2044,6.3301,1.9611,102.0256,31.6081,0,0,18.97,3.26,stop,1.25,,FULL_ANGLE
0,51.4404,t812,LIDAR_ONLY,46.8361,46.8361,64.5739,17.7378,17.7378,27.4690,27.4690,0,0,18.97,3.26,drive,23.16,front,LIDAR_ONLY
0,51.4404,t812,LIDAR_ONLY,46.5990,46.5990,64.5739,17.9749,17.9749,27.8361,27.8361,0,0,18.97,3.26,drive,21.59,front,LIDAR_ONLY
0,51.4404,t814,LIDAR_ONLY,47.2932,47.2932,6.2044,41.0887,41.0887,662.2471,662.2471,0,0,18.97,3.26,drive,-8.79,front,LIDAR_ONLY
0,51.4404,t816,LIDAR_ONLY,9.0366,9.0366,6.2044,2.8321,2.8321,45.6465,45.6465,0,0,18.97,3.26,slow,2.74,front,LIDAR_ONLY
0,51.4404,t812,LIDAR_ONLY,41.4974,41.4974,64.5739,23.0766,23.0766,35.7367,35.7367,0,0,18.97,3.26,drive,17.05,front,LIDAR_ONLY
0,51.4404,t812,LIDAR_ONLY,38.0095,38.0095,64.5739,26.5644,26.5644,41.1380,41.1380,0,0,18.97,3.26,drive,17.51,front,LIDAR_ONLY
0,51.4404,t812,LIDAR_ONLY,35.9065,35.9065,64.5739,28.6675,28.6675,44.3948,44.3948,0,0,18.97,3.26,drive,18.44,front,LIDAR_ONLY
0,51.4404,t812,LIDAR_ONLY,28.0331,28.0331,64.5739,36.5409,36.5409,56.5877,56.5877,0,0,18.97,3.26,drive,18.90,front,LIDAR_ONLY
0,51.4404,t812,LIDAR_ONLY,20.2591,20.2591,64.5739,44.3149,44.3149,68.6265,68.6265,0,0,18.97,3.26,drive,19.36,front,LIDAR_ONLY
0,51.4404,t812,LIDAR_ONLY,19.1392,19.1392,64.5739,45.4348,45.4348,70.3608,70.3608,0,0,18.97,3.26,drive,20.28,front,LIDAR_ONLY
0,51.4404,t812,LIDAR_ONLY,17.8947,17.8947,64.5739,46.6792,46.6792,72.2880,72.2880,0,0,18.97,3.26,drive,21.21,front,LIDAR_ONLY
0,51.4404,t816,LIDAR_ONLY,8.9071,8.9071,6.2044,2.7027,2.7027,43.5600,43.5600,0,0,18.97,3.26,slow,9.67,front,LIDAR_ONLY
0,51.4404,t812,LIDAR_ONLY,17.4106,17.4106,64.5739,47.1634,47.1634,73.0377,73.0377,0,0,18.97,3.26,drive,20.74,front,LIDAR_ONLY
0,51.4404,t814,LIDAR_ONLY,6.8954,6.8954,6.2044,0.6910,0.6910,11.1368,11.1368,1,1,18.97,3.26,slow,0.33,front,LIDAR_ONLY
0,51.4404,t817,LIDAR_ONLY,27.9674,27.9674,,,,,,,,18.97,3.26,drive,-27.78,front,LIDAR_ONLY
0,51.5037,cam_4,CAM_ONLY,12.5366,,6.2044,6.3321,,102.0583,,0,,12.41,5.02,stop,1.25,,CAMERA_ONLY
0,51.5722,cam_4,CAM_ONLY,12.5210,,6.2044,6.3166,,101.8071,,0,,9.54,3.70,stop,1.25,,CAMERA_ONLY
0,51.6307,cam_4,CAM_ONLY,12.5144,,6.2044,6.3100,,101.7013,,0,,12.49,3.19,stop,1.25,,CAMERA_ONLY
0,51.6307,t817,LIDAR_ONLY,27.7059,27.7059,,,,,,,,12.49,3.19,drive,-28.82,front,LIDAR_ONLY
0,51.6307,t817,LIDAR_ONLY,27.7535,27.7535,,,,,,,,12.49,3.19,drive,-26.35,front,LIDAR_ONLY
0,51.6911,t828,BOTH,12.5532,8.1595,6.2044,6.3487,1.9551,102.3256,31.5112,0,0,10.83,2.32,stop,1.25,,FULL_ANGLE
0,51.6911,t826,LIDAR_ONLY,46.9732,46.9732,64.5739,17.6007,17.6007,27.2567,27.2567,0,0,10.83,2.32,drive,23.13,front,LIDAR_ONLY
0,51.6911,t826,LIDAR_ONLY,46.2843,46.2843,64.5739,18.2896,18.2896,28.3236,28.3236,0,0,10.83,2.32,drive,19.54,front,LIDAR_ONLY
0,51.6911,t826,LIDAR_ONLY,46.3042,46.3042,64.5739,18.2698,18.2698,28.2928,28.2928,0,0,10.83,2.32,drive,21.38,front,LIDAR_ONLY
0,51.6911,t828,LIDAR_ONLY,9.0424,9.0424,6.2044,2.8380,2.8380,45.7415,45.7415,0,0,10.83,2.32,slow,2.26,front,LIDAR_ONLY
0,51.6911,t826,LIDAR_ONLY,41.3021,41.3021,64.5739,23.2719,23.2719,36.0391,36.0391,0,0,10.83,2.32,drive,17.69,front,LIDAR_ONLY
0,51.6911,t826,LIDAR_ONLY,37.7976,37.7976,64.5739,26.7764,26.7764,41.4662,41.4662,0,0,10.83,2.32,drive,18.15,front,LIDAR_ONLY
0,51.6911,t826,LIDAR_ONLY,30.6426,30.6426,64.5739,33.9314,33.9314,52.5465,52.5465,0,0,10.83,2.32,drive,19.07,front,LIDAR_ONLY
0,51.6911,t826,LIDAR_ONLY,24.0571,24.0571,64.5739,40.5169,40.5169,62.7449,62.7449,0,0,10.83,2.32,drive,20.00,front,LIDAR_ONLY
0,51.6911,t826,LIDAR_ONLY,18.7267,18.7267,64.5739,45.8473,45.8473,70.9996,70.9996,0,0,10.83,2.32,drive,20.46,front,LIDAR_ONLY
0,51.6911,t826,LIDAR_ONLY,18.5107,18.5107,64.5739,46.0633,46.0633,71.3341,71.3341,0,0,10.83,2.32,drive,18.61,front,LIDAR_ONLY
0,51.6911,t826,LIDAR_ONLY,18.1611,18.1611,64.5739,46.4128,46.4128,71.8755,71.8755,0,0,10.83,2.32,drive,19.54,front,LIDAR_ONLY
0,51.6911,t826,LIDAR_ONLY,17.7007,17.7007,64.5739,46.8732,46.8732,72.5885,72.5885,0,0,10.83,2.32,drive,20.92,front,LIDAR_ONLY
0,51.6911,t828,LIDAR_ONLY,6.5509,6.5509,6.2044,0.3465,0.3465,5.5846,5.5846,1,1,10.83,2.32,slow,0.97,front,LIDAR_ONLY
0,51.6911,t817,LIDAR_ONLY,27.7194,27.7194,,,,,,,,10.83,2.32,drive,-28.80,front,LIDAR_ONLY
0,51.6911,t817,LIDAR_ONLY,27.8038,27.8038,,,,,,,,10.83,2.32,drive,-23.34,front,LIDAR_ONLY
0,51.7720,cam_4,CAM_ONLY,12.5245,,6.2044,6.3201,,101.8641,,0,,15.45,3.08,stop,1.25,,CAMERA_ONLY
0,51.8400,cam_4,CAM_ONLY,12.5247,,6.2044,6.3202,,101.8660,,0,,13.27,2.63,stop,1.21,,CAMERA_ONLY
0,51.8400,t826,LIDAR_ONLY,19.3560,19.3560,64.5739,45.2179,45.2179,70.0250,70.0250,0,0,13.27,2.63,drive,20.74,front,LIDAR_ONLY
0,51.8400,t828,LIDAR_ONLY,6.5820,6.5820,6.2044,0.3775,0.3775,6.0846,6.0846,1,1,13.27,2.63,slow,1.01,front,LIDAR_ONLY
0,51.8400,t826,LIDAR_ONLY,20.8030,20.8030,64.5739,43.7709,43.7709,67.7842,67.7842,0,0,13.27,2.63,drive,17.27,front,LIDAR_ONLY
0,51.8400,t826,LIDAR_ONLY,21.8116,21.8116,64.5739,42.7623,42.7623,66.2222,66.2222,0,0,13.27,2.63,drive,18.66,front,LIDAR_ONLY
0,51.8400,t826,LIDAR_ONLY,22.6045,22.6045,64.5739,41.9694,41.9694,64.9944,64.9944,0,0,13.27,2.63,drive,19.58,front,LIDAR_ONLY
0,51.8400,t828,LIDAR_ONLY,6.6216,6.6216,6.2044,0.4172,0.4172,6.7236,6.7236,1,1,13.27,2.63,slow,0.96,front,LIDAR_ONLY
0,51.8400,t826,LIDAR_ONLY,23.4409,23.4409,64.5739,41.1330,41.1330,63.6991,63.6991,0,0,13.27,2.63,drive,17.74,front,LIDAR_ONLY
0,51.8400,t826,LIDAR_ONLY,19.8499,19.8499,64.5739,44.7240,44.7240,69.2602,69.2602,0,0,13.27,2.63,drive,19.12,front,LIDAR_ONLY
0,51.8400,t826,LIDAR_ONLY,19.0173,19.0173,64.5739,45.5567,45.5567,70.5496,70.5496,0,0,13.27,2.63,drive,20.04,front,LIDAR_ONLY
0,51.8400,t828,LIDAR_ONLY,6.4988,6.4988,6.2044,0.2944,0.2944,4.7446,4.7446,1,1,13.27,2.63,slow,1.11,front,LIDAR_ONLY
0,51.8400,t826,LIDAR_ONLY,18.5632,18.5632,64.5739,46.0108,46.0108,71.2528,71.2528,0,0,13.27,2.63,drive,20.51,front,LIDAR_ONLY
0,51.8400,t826,LIDAR_ONLY,18.0790,18.0790,64.5739,46.4949,46.4949,72.0026,72.0026,0,0,13.27,2.63,drive,20.97,front,LIDAR_ONLY
0,51.9023,cam_4,CAM_ONLY,12.5240,,6.2044,6.3195,,101.8549,,0,,9.99,6.59,stop,1.21,,CAMERA_ONLY
0,51.9674,cam_4,CAM_ONLY,12.5652,,6.2044,6.3607,,102.5189,,0,,10.51,5.21,stop,1.21,,CAMERA_ONLY
0,52.0385,cam_4,CAM_ONLY,12.5413,,6.2044,6.3369,,102.1341,,0,,13.15,2.39,stop,1.21,,CAMERA_ONLY
0,52.0385,t826,LIDAR_ONLY,19.7038,19.7038,,,,,,,,13.15,2.39,drive,20.16,front,LIDAR_ONLY
0,52.0385,t826,LIDAR_ONLY,24.1373,24.1373,,,,,,,,13.15,2.39,drive,22.16,front,LIDAR_ONLY
0,52.0385,t826,LIDAR_ONLY,14.3721,14.3721,,,,,,,,13.15,2.39,cautious,27.90,front,LIDAR_ONLY
0,52.0385,t828,LIDAR_ONLY,6.4806,6.4806,6.2044,0.2761,0.2761,4.4503,4.4503,1,1,13.15,2.39,slow,-2.53,front,LIDAR_ONLY
0,52.0385,t828,LIDAR_ONLY,6.5330,6.5330,6.2044,0.3286,0.3286,5.2959,5.2959,1,1,13.15,2.39,slow,3.92,front,LIDAR_ONLY
0,52.0385,t832,LIDAR_ONLY,21.0483,21.0483,64.5739,43.5256,43.5256,67.4044,67.4044,0,0,13.15,2.39,drive,17.75,front,LIDAR_ONLY
0,52.0385,t832,LIDAR_ONLY,19.7084,19.7084,64.5739,44.8655,44.8655,69.4793,69.4793,0,0,13.15,2.39,drive,19.59,front,LIDAR_ONLY
0,52.0385,t832,LIDAR_ONLY,18.9936,18.9936,64.5739,45.5804,45.5804,70.5863,70.5863,0,0,13.15,2.39,drive,20.51,front,LIDAR_ONLY
0,52.0385,t828,LIDAR_ONLY,6.5617,6.5617,6.2044,0.3573,0.3573,5.7585,5.7585,1,1,13.15,2.39,slow,0.72,front,LIDAR_ONLY
0,52.0385,t832,LIDAR_ONLY,19.0196,19.0196,64.5739,45.5543,45.5543,70.5460,70.5460,0,0,13.15,2.39,drive,18.67,front,LIDAR_ONLY
0,52.0385,t832,LIDAR_ONLY,19.0182,19.0182,64.5739,45.5558,45.5558,70.5482,70.5482,0,0,13.15,2.39,drive,19.13,front,LIDAR_ONLY
0,52.0385,t832,LIDAR_ONLY,17.7857,17.7857,64.5739,46.7883,46.7883,72.4569,72.4569,0,0,13.15,2.39,drive,20.97,front,LIDAR_ONLY
0,52.0385,t828,LIDAR_ONLY,6.4712,6.4712,6.2044,0.2668,0.2668,4.3002,4.3002,1,1,13.15,2.39,slow,0.50,front,LIDAR_ONLY
0,52.0385,t832,LIDAR_ONLY,17.6393,17.6393,64.5739,46.9347,46.9347,72.6836,72.6836,0,0,13.15,2.39,drive,20.05,front,LIDAR_ONLY
0,52.0385,t833,LIDAR_ONLY,26.8702,26.8702,,,,,,,,13.15,2.39,drive,-29.76,front,LIDAR_ONLY
0,52.0385,t833,LIDAR_ONLY,27.0680,27.0680,,,,,,,,13.15,2.39,drive,-26.79,front,LIDAR_ONLY
0,52.0385,t833,LIDAR_ONLY,27.3899,27.3899,,,,,,,,13.15,2.39,drive,-22.80,front,LIDAR_ONLY
0,52.0385,t832,LIDAR_ONLY,17.8163,17.8163,64.5739,46.7577,46.7577,72.4095,72.4095,0,0,13.15,2.39,drive,18.21,front,LIDAR_ONLY
0,52.1021,cam_4,CAM_ONLY,12.5213,,6.2044,6.3169,,101.8121,,0,,9.44,4.07,stop,1.21,,CAMERA_ONLY
0,52.1617,cam_4,CAM_ONLY,12.5350,,6.2044,6.3306,,102.0331,,0,,12.70,4.53,stop,1.21,,CAMERA_ONLY
0,52.2216,cam_4,CAM_ONLY,12.5321,,6.2044,6.3277,,101.9859,,0,,12.69,2.39,stop,1.16,,CAMERA_ONLY
0,52.2844,t843,BOTH,12.5253,8.1555,6.2044,6.3209,1.9510,101.8767,31.4457,0,0,13.62,2.70,stop,1.21,,FULL_ANGLE
0,52.2844,t840,LIDAR_ONLY,47.4345,47.4345,61.8223,14.3878,14.3878,23.2729,23.2729,0,0,13.62,2.70,drive,-8.82,front,LIDAR_ONLY
0,52.2844,t841,LIDAR_ONLY,46.6005,46.6005,64.5739,17.9734,17.9734,27.8338,27.8338,0,0,13.62,2.70,drive,22.63,front,LIDAR_ONLY
0,52.2844,t841,LIDAR_ONLY,46.5423,46.5423,64.5739,18.0317,18.0317,27.9241,27.9241,0,0,13.62,2.70,drive,21.19,front,LIDAR_ONLY
0,52.2844,t843,LIDAR_ONLY,9.0446,9.0446,6.2044,2.8402,2.8402,45.7768,45.7768,0,0,13.62,2.70,slow,2.12,front,LIDAR_ONLY
0,52.2844,t841,LIDAR_ONLY,39.7932,39.7932,64.5739,24.7807,24.7807,38.3757,38.3757,0,0,13.62,2.70,drive,16.93,front,LIDAR_ONLY
0,52.2844,t841,LIDAR_ONLY,36.4013,36.4013,64.5739,28.1726,28.1726,43.6285,43.6285,0,0,13.62,2.70,drive,17.39,front,LIDAR_ONLY
0,52.2844,t841,LIDAR_ONLY,33.6930,33.6930,64.5739,30.8810,30.8810,47.8227,47.8227,0,0,13.62,2.70,drive,18.77,front,LIDAR_ONLY
0,52.2844,t841,LIDAR_ONLY,26.7576,26.7576,64.5739,37.8163,37.8163,58.5628,58.5628,0,0,13.62,2.70,drive,19.23,front,LIDAR_ONLY
0,52.2844,t841,LIDAR_ONLY,19.8114,19.8114,64.5739,44.7625,44.7625,69.3198,69.3198,0,0,13.62,2.70,drive,20.61,front,LIDAR_ONLY
0,52.2844,t841,LIDAR_ONLY,18.0239,18.0239,64.5739,46.5501,46.5501,72.0880,72.0880,0,0,13.62,2.70,drive,21.07,front,LIDAR_ONLY
0,52.2844,t841,LIDAR_ONLY,17.3898,17.3898,64.5739,47.1842,47.1842,73.0700,73.0700,0,0,13.62,2.70,drive,20.15,front,LIDAR_ONLY
0,52.2844,t843,LIDAR_ONLY,6.5537,6.5537,6.2044,0.3493,0.3493,5.6295,5.6295,1,1,13.62,2.70,slow,0.85,front,LIDAR_ONLY
0,52.2844,t841,LIDAR_ONLY,16.8817,16.8817,64.5739,47.6923,47.6923,73.8569,73.8569,0,0,13.62,2.70,drive,21.53,front,LIDAR_ONLY
0,52.2844,t844,LIDAR_ONLY,27.4407,27.4407,,,,,,,,13.62,2.70,drive,-28.78,front,LIDAR_ONLY
0,52.2844,t844,LIDAR_ONLY,27.6168,27.6168,,,,,,,,13.62,2.70,drive,-26.67,front,LIDAR_ONLY
0,52.2844,t844,LIDAR_ONLY,27.9021,27.9021,,,,,,,,13.62,2.70,drive,-24.69,front,LIDAR_ONLY
0,52.2844,t844,LIDAR_ONLY,28.3025,28.3025,,,,,,,,13.62,2.70,drive,-22.39,front,LIDAR_ONLY
0,52.3447,cam_4,CAM_ONLY,12.5344,,6.2044,6.3299,,102.0222,,0,,11.57,4.82,stop,1.25,,CAMERA_ONLY
0,52.3447,t841,LIDAR_ONLY,18.0694,18.0694,64.5739,46.5046,46.5046,72.0175,72.0175,0,0,11.57,4.82,drive,19.76,front,LIDAR_ONLY
0,52.3447,t841,LIDAR_ONLY,21.0267,21.0267,64.5739,43.5472,43.5472,67.4377,67.4377,0,0,11.57,4.82,drive,21.48,front,LIDAR_ONLY
0,52.3447,t841,LIDAR_ONLY,23.4630,23.4630,64.5739,41.1109,41.1109,63.6649,63.6649,0,0,11.57,4.82,drive,19.30,front,LIDAR_ONLY
0,52.3447,t841,LIDAR_ONLY,24.7874,24.7874,64.5739,39.7866,39.7866,61.6140,61.6140,0,0,11.57,4.82,drive,20.22,front,LIDAR_ONLY
0,52.3447,t841,LIDAR_ONLY,25.5575,25.5575,64.5739,39.0164,39.0164,60.4213,60.4213,0,0,11.57,4.82,drive,21.14,front,LIDAR_ONLY
0,52.3447,t841,LIDAR_ONLY,22.7257,22.7257,64.5739,41.8482,41.8482,64.8067,64.8067,0,0,11.57,4.82,drive,20.68,front,LIDAR_ONLY
0,52.4064,cam_4,CAM_ONLY,12.5087,,6.2044,6.3043,,101.6087,,0,,11.31,7.03,stop,1.25,,CAMERA_ONLY
0,52.4850,cam_4,CAM_ONLY,12.5296,,6.2044,6.3251,,101.9454,,0,,22.47,5.35,stop,1.25,,CAMERA_ONLY
0,52.5639,cam_4,CAM_ONLY,12.5189,,6.2044,6.3145,,101.7732,,0,,19.42,4.37,stop,1.16,,CAMERA_ONLY
0,52.6299,cam_4,CAM_ONLY,12.5276,,6.2044,6.3232,,101.9137,,0,,13.09,3.74,stop,1.21,,CAMERA_ONLY
0,52.6886,t858,BOTH,12.5639,9.0462,6.2044,6.3595,2.8417,102.4988,45.8017,0,0,13.59,1.56,stop,1.21,,FULL_ANGLE
0,52.6886,t857,LIDAR_ONLY,47.4259,47.4259,58.9145,11.4886,11.4886,19.5004,19.5004,0,0,13.59,1.56,drive,-8.70,front,LIDAR_ONLY
0,52.6886,t858,LIDAR_ONLY,8.1350,8.1350,6.2044,1.9305,1.9305,31.1152,31.1152,0,0,13.59,1.56,slow,2.00,front,LIDAR_ONLY
0,52.6886,t858,LIDAR_ONLY,6.5814,6.5814,6.2044,0.3769,0.3769,6.0753,6.0753,1,1,13.59,1.56,slow,0.65,front,LIDAR_ONLY
0,52.6886,t860,LIDAR_ONLY,27.1449,27.1449,58.9145,31.7695,31.7695,53.9248,53.9248,0,0,13.59,1.56,drive,-29.28,front,LIDAR_ONLY
0,52.6886,t860,LIDAR_ONLY,27.3346,27.3346,58.9145,31.5799,31.5799,53.6029,53.6029,0,0,13.59,1.56,drive,-26.98,front,LIDAR_ONLY
0,52.6886,t860,LIDAR_ONLY,27.8922,27.8922,58.9145,31.0222,31.0222,52.6564,52.6564,0,0,13.59,1.56,drive,-20.87,front,LIDAR_ONLY
0,52.7431,cam_4,CAM_ONLY,12.5179,,6.2044,6.3134,,101.7563,,0,,10.42,2.13,stop,1.16,,CAMERA_ONLY
0,52.7431,t861,LIDAR_ONLY,46.6036,46.6036,64.5739,17.9704,17.9704,27.8291,27.8291,0,0,10.42,2.13,drive,21.32,front,LIDAR_ONLY
0,52.7431,t861,LIDAR_ONLY,46.6168,46.6168,64.5739,17.9572,17.9572,27.8087,27.8087,0,0,10.42,2.13,drive,23.45,front,LIDAR_ONLY
0,52.7431,t858,LIDAR_ONLY,6.6057,6.6057,6.2044,0.4013,0.4013,6.4679,6.4679,1,1,10.42,2.13,slow,2.56,front,LIDAR_ONLY
0,52.7431,t861,LIDAR_ONLY,42.7200,42.7200,64.5739,21.8539,21.8539,33.8432,33.8432,0,0,10.42,2.13,drive,16.85,front,LIDAR_ONLY
0,52.7431,t861,LIDAR_ONLY,37.9085,37.9085,64.5739,26.6654,26.6654,41.2944,41.2944,0,0,10.42,2.13,drive,19.15,front,LIDAR_ONLY
0,52.7431,t861,LIDAR_ONLY,34.5909,34.5909,64.5739,29.9830,29.9830,46.4321,46.4321,0,0,10.42,2.13,drive,19.61,front,LIDAR_ONLY
0,52.7431,t858,LIDAR_ONLY,6.5500,6.5500,6.2044,0.3455,0.3455,5.5692,5.5692,1,1,10.42,2.13,slow,1.11,front,LIDAR_ONLY
0,52.7431,t861,LIDAR_ONLY,25.2846,25.2846,64.5739,39.2894,39.2894,60.8440,60.8440,0,0,10.42,2.13,drive,17.31,front,LIDAR_ONLY
0,52.7431,t861,LIDAR_ONLY,20.1129,20.1129,64.5739,44.4611,44.4611,68.8530,68.8530,0,0,10.42,2.13,drive,20.07,front,LIDAR_ONLY
0,52.7431,t861,LIDAR_ONLY,18.2109,18.2109,64.5739,46.3631,46.3631,71.7984,71.7984,0,0,10.42,2.13,drive,20.99,front,LIDAR_ONLY
0,52.8138,cam_4,CAM_ONLY,12.5281,,6.2044,6.3237,,101.9218,,0,,22.18,3.05,stop,1.12,,CAMERA_ONLY
0,52.8800,cam_4,CAM_ONLY,12.5549,,6.2044,6.3505,,102.3535,,0,,15.62,4.21,stop,1.21,,CAMERA_ONLY
0,52.9439,cam_4,CAM_ONLY,12.5560,,6.2044,6.3515,,102.3708,,0,,16.35,2.91,stop,1.25,,CAMERA_ONLY
0,52.9439,t861,LIDAR_ONLY,20.6201,20.6201,64.5739,43.9538,43.9538,68.0674,68.0674,0,0,16.35,2.91,drive,22.37,front,LIDAR_ONLY
0,52.9439,t861,LIDAR_ONLY,23.7319,23.7319,64.5739,40.8421,40.8421,63.2485,63.2485,0,0,16.35,2.91,drive,23.53,front,LIDAR_ONLY
0,52.9439,t861,LIDAR_ONLY,26.9671,26.9671,64.5739,37.6068,37.6068,58.2384,58.2384,0,0,16.35,2.91,drive,19.52,front,LIDAR_ONLY
0,52.9439,t861,LIDAR_ONLY,30.5440,30.5440,64.5739,34.0299,34.0299,52.6991,52.6991,0,0,16.35,2.91,drive,20.75,front,LIDAR_ONLY
0,52.9439,t858,LIDAR_ONLY,6.5559,6.5559,6.2044,0.3514,0.3514,5.6642,5.6642,1,1,16.35,2.91,slow,2.07,front,LIDAR_ONLY
0,52.9439,t861,LIDAR_ONLY,34.0899,34.0899,64.5739,30.4841,30.4841,47.2080,47.2080,0,0,16.35,2.91,drive,17.21,front,LIDAR_ONLY
0,52.9439,t861,LIDAR_ONLY,34.4371,34.4371,64.5739,30.1369,30.1369,46.6703,46.6703,0,0,16.35,2.91,drive,18.13,front,LIDAR_ONLY
0,52.9439,t861,LIDAR_ONLY,29.1714,29.1714,64.5739,35.4025,35.4025,54.8248,54.8248,0,0,16.35,2.91,drive,19.52,front,LIDAR_ONLY
0,52.9439,t861,LIDAR_ONLY,23.8783,23.8783,64.5739,40.6956,40.6956,63.0217,63.0217,0,0,16.35,2.91,drive,19.98,front,LIDAR_ONLY
0,52.9439,t861,LIDAR_ONLY,18.8396,18.8396,64.5739,45.7343,45.7343,70.8247,70.8247,0,0,16.35,2.91,drive,20.44,front,LIDAR_ONLY
0,52.9439,t861,LIDAR_ONLY,17.8578,17.8578,64.5739,46.7162,46.7162,72.3452,72.3452,0,0,16.35,2.91,drive,20.91,front,LIDAR_ONLY
0,52.9439,t861,LIDAR_ONLY,16.8670,16.8670,64.5739,47.7069,47.7069,73.8796,73.8796,0,0,16.35,2.91,drive,21.37,front,LIDAR_ONLY
0,52.9439,t858,LIDAR_ONLY,6.5582,6.5582,6.2044,0.3538,0.3538,5.7017,5.7017,1,1,16.35,2.91,slow,2.53,front,LIDAR_ONLY
0,52.9439,t861,LIDAR_ONLY,17.0326,17.0326,64.5739,47.5414,47.5414,73.6232,73.6232,0,0,16.35,2.91,drive,17.67,front,LIDAR_ONLY
0,52.9439,t869,LIDAR_ONLY,42.6208,42.6208,57.0680,14.4472,14.4472,25.3157,25.3157,0,0,16.35,2.91,drive,-11.76,front,LIDAR_ONLY
0,52.9439,t858,LIDAR_ONLY,6.5607,6.5607,6.2044,0.3563,0.3563,5.7419,5.7419,1,1,16.35,2.91,slow,1.06,front,LIDAR_ONLY
0,52.9439,t861,LIDAR_ONLY,17.2197,17.2197,64.5739,47.3542,47.3542,73.3333,73.3333,0,0,16.35,2.91,drive,19.06,front,LIDAR_ONLY
0,52.9439,t870,LIDAR_ONLY,28.6868,28.6868,57.0680,28.3812,28.3812,49.7323,49.7323,0,0,16.35,2.91,drive,-26.58,front,LIDAR_ONLY
0,52.9439,t870,LIDAR_ONLY,29.0245,29.0245,57.0680,28.0435,28.0435,49.1405,49.1405,0,0,16.35,2.91,drive,-22.77,front,LIDAR_ONLY
0,53.0109,cam_4,CAM_ONLY,12.5651,,6.2044,6.3606,,102.5175,,0,,10.90,5.23,stop,1.21,,CAMERA_ONLY
0,53.0727,cam_4,CAM_ONLY,12.5622,,6.2044,6.3577,,102.4708,,0,,9.72,3.91,stop,1.21,,CAMERA_ONLY
0,53.1492,cam_4,CAM_ONLY,12.5558,,6.2044,6.3514,,102.3681,,0,,14.87,3.21,stop,1.21,,CAMERA_ONLY
0,53.2113,cam_4,CAM_ONLY,12.5165,,6.2044,6.3121,,101.7353,,0,,13.48,4.00,stop,1.16,,CAMERA_ONLY
0,53.2728,cam_4,CAM_ONLY,12.5230,,6.2044,6.3185,,101.8387,,0,,11.71,4.65,stop,1.16,,CAMERA_ONLY
0,53.3443,t876,BOTH,12.5089,9.0414,6.2044,6.3045,2.8370,101.6120,45.7246,0,0,17.41,3.58,stop,1.16,,FULL_ANGLE
0,53.3443,t875,LIDAR_ONLY,46.5035,46.5035,64.5739,18.0704,18.0704,27.9841,27.9841,0,0,17.41,3.58,drive,21.71,front,LIDAR_ONLY
0,53.3443,t875,LIDAR_ONLY,46.5446,46.5446,64.5739,18.0293,18.0293,27.9204,27.9204,0,0,17.41,3.58,drive,23.79,front,LIDAR_ONLY
0,53.3443,t875,LIDAR_ONLY,42.2728,42.2728,64.5739,22.3011,22.3011,34.5358,34.5358,0,0,17.41,3.58,drive,16.75,front,LIDAR_ONLY
0,53.3443,t875,LIDAR_ONLY,38.2806,38.2806,64.5739,26.2933,26.2933,40.7182,40.7182,0,0,17.41,3.58,drive,18.13,front,LIDAR_ONLY
0,53.3443,t875,LIDAR_ONLY,35.3979,35.3979,64.5739,29.1761,29.1761,45.1824,45.1824,0,0,17.41,3.58,drive,18.59,front,LIDAR_ONLY
0,53.3443,t875,LIDAR_ONLY,25.3455,25.3455,64.5739,39.2285,39.2285,60.7497,60.7497,0,0,17.41,3.58,drive,19.51,front,LIDAR_ONLY
0,53.3443,t876,LIDAR_ONLY,8.3162,8.3162,6.2044,2.1117,2.1117,34.0356,34.0356,0,0,17.41,3.58,slow,4.17,front,LIDAR_ONLY
0,53.3443,t875,LIDAR_ONLY,23.6392,23.6392,64.5739,40.9347,40.9347,63.3920,63.3920,0,0,17.41,3.58,drive,16.29,front,LIDAR_ONLY
0,53.3443,t875,LIDAR_ONLY,22.4664,22.4664,64.5739,42.1076,42.1076,65.2083,65.2083,0,0,17.41,3.58,drive,17.67,front,LIDAR_ONLY
0,53.3443,t875,LIDAR_ONLY,22.0921,22.0921,64.5739,42.4818,42.4818,65.7879,65.7879,0,0,17.41,3.58,drive,19.96,front,LIDAR_ONLY
0,53.3443,t876,LIDAR_ONLY,6.6041,6.6041,6.2044,0.3997,0.3997,6.4417,6.4417,1,1,17.41,3.58,slow,4.07,front,LIDAR_ONLY
0,53.3443,t875,LIDAR_ONLY,22.2838,22.2838,64.5739,42.2901,42.2901,65.4910,65.4910,0,0,17.41,3.58,drive,17.21,front,LIDAR_ONLY
0,53.4126,cam_4,CAM_ONLY,12.5554,,6.2044,6.3510,,102.3622,,0,,19.08,3.90,stop,1.16,,CAMERA_ONLY
0,53.4800,cam_4,CAM_ONLY,12.5604,,6.2044,6.3559,,102.4413,,0,,16.31,1.69,stop,1.25,,CAMERA_ONLY
0,53.4800,t880,LIDAR_ONLY,42.8182,42.8182,,,,,,,,16.31,1.69,drive,-11.54,front,LIDAR_ONLY
0,53.4800,t882,LIDAR_ONLY,27.3363,27.3363,53.1405,25.8042,25.8042,48.5585,48.5585,0,0,16.31,1.69,drive,-28.88,front,LIDAR_ONLY
0,53.4800,t882,LIDAR_ONLY,27.4227,27.4227,53.1405,25.7177,25.7177,48.3958,48.3958,0,0,16.31,1.69,drive,-26.84,front,LIDAR_ONLY
0,53.4800,t882,LIDAR_ONLY,27.6384,27.6384,53.1405,25.5021,25.5021,47.9899,47.9899,0,0,16.31,1.69,drive,-24.22,front,LIDAR_ONLY
0,53.4800,t882,LIDAR_ONLY,27.9601,27.9601,53.1405,25.1804,25.1804,47.3846,47.3846,0,0,16.31,1.69,drive,-22.38,front,LIDAR_ONLY
0,53.4800,t880,LIDAR_ONLY,22.6323,22.6323,,,,,,,,16.31,1.69,drive,-8.55,front,LIDAR_ONLY
0,53.5462,cam_4,CAM_ONLY,12.5677,,6.2044,6.3633,,102.5605,,0,,16.88,3.57,stop,1.21,,CAMERA_ONLY
0,53.5462,t875,LIDAR_ONLY,24.2390,24.2390,64.5739,40.3349,40.3349,62.4631,62.4631,0,0,16.88,3.57,drive,20.19,front,LIDAR_ONLY
0,53.5462,t875,LIDAR_ONLY,27.7019,27.7019,64.5739,36.8720,36.8720,57.1004,57.1004,0,0,16.88,3.57,drive,22.12,front,LIDAR_ONLY
0,53.5462,t876,LIDAR_ONLY,6.6166,6.6166,6.2044,0.4122,0.4122,6.6430,6.6430,1,1,16.88,3.57,slow,6.87,front,LIDAR_ONLY
0,53.5462,t875,LIDAR_ONLY,29.9455,29.9455,64.5739,34.6284,34.6284,53.6260,53.6260,0,0,16.88,3.57,drive,16.97,front,LIDAR_ONLY
0,53.5462,t875,LIDAR_ONLY,31.5010,31.5010,64.5739,33.0729,33.0729,51.2171,51.2171,0,0,16.88,3.57,drive,17.43,front,LIDAR_ONLY
0,53.5462,t875,LIDAR_ONLY,32.4854,32.4854,64.5739,32.0885,32.0885,49.6927,49.6927,0,0,16.88,3.57,drive,18.81,front,LIDAR_ONLY
0,53.5462,t876,LIDAR_ONLY,6.6298,6.6298,6.2044,0.4253,0.4253,6.8553,6.8553,1,1,16.88,3.57,slow,7.33,front,LIDAR_ONLY
0,53.5462,t876,LIDAR_ONLY,6.7385,6.7385,6.2044,0.5340,0.5340,8.6070,8.6070,1,1,16.88,3.57,slow,9.63,front,LIDAR_ONLY
0,53.5462,t875,LIDAR_ONLY,30.8654,30.8654,64.5739,33.7085,33.7085,52.2015,52.2015,0,0,16.88,3.57,drive,19.27,front,LIDAR_ONLY
0,53.5462,t876,LIDAR_ONLY,6.7692,6.7692,6.2044,0.5648,0.5648,9.1026,9.1026,1,1,16.88,3.57,slow,8.27,front,LIDAR_ONLY
0,53.5462,t875,LIDAR_ONLY,20.2870,20.2870,64.5739,44.2870,44.2870,68.5834,68.5834,0,0,16.88,3.57,drive,20.65,front,LIDAR_ONLY
0,53.6201,cam_4,CAM_ONLY,12.5215,,6.2044,6.3171,,101.8154,,0,,17.35,4.21,stop,1.16,,CAMERA_ONLY
0,53.6953,t876,BOTH,12.5610,7.6475,6.2044,6.3566,1.4431,102.4524,23.2586,0,0,15.27,4.33,stop,1.21,,FULL_ANGLE
0,53.6953,t880,LIDAR_ONLY,25.2938,25.2938,,,,,,,,15.27,4.33,drive,-8.72,front,LIDAR_ONLY
0,53.6953,t875,LIDAR_ONLY,21.2758,21.2758,64.5739,43.2981,43.2981,67.0520,67.0520,0,0,15.27,4.33,drive,20.49,front,LIDAR_ONLY
0,53.6953,t876,LIDAR_ONLY,7.3249,7.3249,6.2044,1.1205,1.1205,18.0593,18.0593,0,0,15.27,4.33,slow,2.50,front,LIDAR_ONLY
0,53.6953,t875,LIDAR_ONLY,22.1440,22.1440,64.5739,42.4300,42.4300,65.7076,65.7076,0,0,15.27,4.33,drive,16.96,front,LIDAR_ONLY
0,53.6953,t875,LIDAR_ONLY,22.7733,22.7733,64.5739,41.8007,41.8007,64.7330,64.7330,0,0,15.27,4.33,drive,17.89,front,LIDAR_ONLY
0,53.6953,t875,LIDAR_ONLY,23.3830,23.3830,64.5739,41.1909,41.1909,63.7888,63.7888,0,0,15.27,4.33,drive,18.35,front,LIDAR_ONLY
0,53.6953,t875,LIDAR_ONLY,24.0868,24.0868,64.5739,40.4872,40.4872,62.6989,62.6989,0,0,15.27,4.33,drive,18.81,front,LIDAR_ONLY
0,53.6953,t875,LIDAR_ONLY,20.6586,20.6586,64.5739,43.9154,43.9154,68.0079,68.0079,0,0,15.27,4.33,drive,19.27,front,LIDAR_ONLY
0,53.6953,t875,LIDAR_ONLY,18.8457,18.8457,64.5739,45.7283,45.7283,70.8154,70.8154,0,0,15.27,4.33,drive,20.65,front,LIDAR_ONLY
0,53.6953,t875,LIDAR_ONLY,17.8716,17.8716,64.5739,46.7023,46.7023,72.3238,72.3238,0,0,15.27,4.33,drive,21.11,front,LIDAR_ONLY
0,53.6953,t875,LIDAR_ONLY,17.9523,17.9523,64.5739,46.6217,46.6217,72.1989,72.1989,0,0,15.27,4.33,drive,17.42,front,LIDAR_ONLY
0,53.6953,t875,LIDAR_ONLY,17.8303,17.8303,64.5739,46.7436,46.7436,72.3878,72.3878,0,0,15.27,4.33,drive,20.19,front,LIDAR_ONLY
0,53.6953,t876,LIDAR_ONLY,6.8511,6.8511,6.2044,0.6466,0.6466,10.4219,10.4219,1,1,15.27,4.33,slow,0.87,front,LIDAR_ONLY
0,53.7683,cam_4,CAM_ONLY,12.5328,,6.2044,6.3284,,101.9971,,0,,19.95,5.57,stop,1.16,,CAMERA_ONLY
0,53.8301,cam_4,CAM_ONLY,12.5396,,6.2044,6.3352,,102.1067,,0,,12.53,1.79,stop,1.16,,CAMERA_ONLY
0,53.8301,t875,LIDAR_ONLY,19.6179,19.6179,64.5739,44.9560,44.9560,69.6194,69.6194,0,0,12.53,1.79,drive,20.54,front,LIDAR_ONLY
0,53.8301,t875,LIDAR_ONLY,18.0135,18.0135,64.5739,46.5604,46.5604,72.1041,72.1041,0,0,12.53,1.79,drive,23.17,front,LIDAR_ONLY
0,53.8301,t876,LIDAR_ONLY,6.6758,6.6758,6.2044,0.4714,0.4714,7.5977,7.5977,1,1,12.53,1.79,slow,3.12,front,LIDAR_ONLY
0,53.8301,t875,LIDAR_ONLY,18.0620,18.0620,64.5739,46.5119,46.5119,72.0290,72.0290,0,0,12.53,1.79,drive,19.62,front,LIDAR_ONLY
0,53.8301,t875,LIDAR_ONLY,17.8111,17.8111,64.5739,46.7629,46.7629,72.4175,72.4175,0,0,12.53,1.79,drive,20.54,front,LIDAR_ONLY
0,53.8301,t876,LIDAR_ONLY,6.7070,6.7070,6.2044,0.5025,0.5025,8.0998,8.0998,1,1,12.53,1.79,slow,0.55,front,LIDAR_ONLY
0,53.8301,t875,LIDAR_ONLY,17.8921,17.8921,64.5739,46.6818,46.6818,72.2921,72.2921,0,0,12.53,1.79,drive,18.24,front,LIDAR_ONLY
0,53.8301,t875,LIDAR_ONLY,15.7827,15.7827,64.5739,48.7912,48.7912,75.5587,75.5587,0,0,12.53,1.79,drive,19.16,front,LIDAR_ONLY
0,53.8301,t876,LIDAR_ONLY,6.5105,6.5105,6.2044,0.3060,0.3060,4.9327,4.9327,1,1,12.53,1.79,slow,0.88,front,LIDAR_ONLY
0,53.8301,t886,LIDAR_ONLY,29.8924,29.8924,50.6158,20.7235,20.7235,40.9427,40.9427,0,0,12.53,1.79,drive,-24.77,front,LIDAR_ONLY
0,53.8301,t886,LIDAR_ONLY,30.2270,30.2270,50.6158,20.3889,20.3889,40.2816,40.2816,0,0,12.53,1.79,drive,-21.32,front,LIDAR_ONLY
0,53.8819,cam_4,CAM_ONLY,12.5363,,6.2044,6.3319,,102.0537,,0,,9.23,1.35,stop,1.16,,CAMERA_ONLY
0,53.8819,t880,LIDAR_ONLY,28.2162,28.2162,,,,,,,,9.23,1.35,drive,-8.67,front,LIDAR_ONLY
0,53.8819,t876,LIDAR_ONLY,6.4901,6.4901,6.2044,0.2856,0.2856,4.6037,4.6037,1,1,9.23,1.35,slow,-3.48,front,LIDAR_ONLY
0,53.8819,t880,LIDAR_ONLY,30.6782,30.6782,,,,,,,,9.23,1.35,drive,-11.67,front,LIDAR_ONLY
0,53.8819,t876,LIDAR_ONLY,6.5136,6.5136,6.2044,0.3092,0.3092,4.9828,4.9828,1,1,9.23,1.35,slow,-5.06,front,LIDAR_ONLY
0,53.8819,t886,LIDAR_ONLY,27.8487,27.8487,,,,,,,,9.23,1.35,drive,-29.25,front,LIDAR_ONLY
0,53.9481,cam_4,CAM_ONLY,12.5329,,6.2044,6.3284,,101.9986,,0,,12.17,4.49,stop,1.16,,CAMERA_ONLY
0,54.0154,cam_4,CAM_ONLY,12.5666,,6.2044,6.3621,,102.5415,,0,,16.80,3.27,stop,1.25,,CAMERA_ONLY
0,54.0770,cam_4,CAM_ONLY,12.5718,,6.2044,6.3673,,102.6254,,0,,13.89,3.18,stop,1.21,,CAMERA_ONLY
0,54.1404,t897,BOTH,12.5242,8.0997,6.2044,6.3197,1.8952,101.8579,30.5464,0,0,14.52,3.81,stop,1.16,,FULL_ANGLE
0,54.1404,t896,LIDAR_ONLY,46.9965,46.9965,,,,,,,,14.52,3.81,drive,22.38,front,LIDAR_ONLY
0,54.1404,t896,LIDAR_ONLY,46.5918,46.5918,,,,,,,,14.52,3.81,drive,20.99,front,LIDAR_ONLY
0,54.1404,t896,LIDAR_ONLY,11.4163,11.4163,,,,,,,,14.52,3.81,cautious,30.00,front,LIDAR_ONLY
0,54.1404,t897,LIDAR_ONLY,9.0397,9.0397,6.2044,2.8353,2.8353,45.6977,45.6977,0,0,14.52,3.81,slow,2.45,front,LIDAR_ONLY
0,54.1404,t898,LIDAR_ONLY,20.9887,20.9887,64.5739,43.5852,43.5852,67.4966,67.4966,0,0,14.52,3.81,drive,17.78,front,LIDAR_ONLY
0,54.1404,t898,LIDAR_ONLY,20.0687,20.0687,64.5739,44.5052,44.5052,68.9214,68.9214,0,0,14.52,3.81,drive,18.70,front,LIDAR_ONLY
0,54.1404,t898,LIDAR_ONLY,19.6470,19.6470,64.5739,44.9269,44.9269,69.5744,69.5744,0,0,14.52,3.81,drive,19.16,front,LIDAR_ONLY
0,54.1404,t898,LIDAR_ONLY,18.9940,18.9940,64.5739,45.5799,45.5799,70.5856,70.5856,0,0,14.52,3.81,drive,20.54,front,LIDAR_ONLY
0,54.1404,t897,LIDAR_ONLY,8.8937,8.8937,6.2044,2.6892,2.6892,43.3435,43.3435,0,0,14.52,3.81,slow,9.50,front,LIDAR_ONLY
0,54.1404,t898,LIDAR_ONLY,19.8120,19.8120,64.5739,44.7619,44.7619,69.3189,69.3189,0,0,14.52,3.81,drive,16.40,front,LIDAR_ONLY
0,54.1404,t898,LIDAR_ONLY,20.2163,20.2163,64.5739,44.3576,44.3576,68.6928,68.6928,0,0,14.52,3.81,drive,19.62,front,LIDAR_ONLY
0,54.1404,t898,LIDAR_ONLY,20.4147,20.4147,64.5739,44.1592,44.1592,68.3855,68.3855,0,0,14.52,3.81,drive,20.08,front,LIDAR_ONLY
0,54.1404,t898,LIDAR_ONLY,20.3996,20.3996,64.5739,44.1743,44.1743,68.4089,68.4089,0,0,14.52,3.81,drive,21.00,front,LIDAR_ONLY
0,54.1404,t897,LIDAR_ONLY,6.8690,6.8690,6.2044,0.6646,0.6646,10.7117,10.7117,1,1,14.52,3.81,slow,0.49,front,LIDAR_ONLY
0,54.1404,t898,LIDAR_ONLY,20.9295,20.9295,64.5739,43.6445,43.6445,67.5883,67.5883,0,0,14.52,3.81,drive,16.86,front,LIDAR_ONLY
0,54.1404,t898,LIDAR_ONLY,19.4893,19.4893,64.5739,45.0846,45.0846,69.8186,69.8186,0,0,14.52,3.81,drive,18.24,front,LIDAR_ONLY
0,54.1404,t899,LIDAR_ONLY,27.3605,27.3605,48.3189,20.9584,20.9584,43.3752,43.3752,0,0,14.52,3.81,drive,-28.82,front,LIDAR_ONLY
0,54.1404,t899,LIDAR_ONLY,27.5973,27.5973,48.3189,20.7216,20.7216,42.8851,42.8851,0,0,14.52,3.81,drive,-26.13,front,LIDAR_ONLY
0,54.2116,cam_4,CAM_ONLY,12.5394,,6.2044,6.3350,,102.1037,,0,,13.95,8.51,stop,1.16,,CAMERA_ONLY
0,54.2856,cam_4,CAM_ONLY,12.5355,,6.2044,6.3310,,102.0405,,0,,17.44,2.14,stop,1.16,,CAMERA_ONLY
0,54.2856,t897,LIDAR_ONLY,6.9001,6.9001,6.2044,0.6957,0.6957,11.2130,11.2130,1,1,17.44,2.14,slow,1.97,front,LIDAR_ONLY
0,54.2856,t897,LIDAR_ONLY,6.9083,6.9083,6.2044,0.7039,0.7039,11.3447,11.3447,1,1,17.44,2.14,slow,1.23,front,LIDAR_ONLY
0,54.2856,t902,LIDAR_ONLY,42.8026,42.8026,,,,,,,,17.44,2.14,drive,-11.64,front,LIDAR_ONLY
0,54.2856,t897,LIDAR_ONLY,6.6600,6.6600,6.2044,0.4555,0.4555,7.3422,7.3422,1,1,17.44,2.14,slow,-0.44,front,LIDAR_ONLY
0,54.2856,t899,LIDAR_ONLY,27.7078,27.7078,47.2419,19.5341,19.5341,41.3491,41.3491,0,0,17.44,2.14,drive,-28.37,front,LIDAR_ONLY
0,54.2856,t899,LIDAR_ONLY,27.9542,27.9542,47.2419,19.2877,19.2877,40.8275,40.8275,0,0,17.44,2.14,drive,-21.64,front,LIDAR_ONLY
0,54.3487,cam_4,CAM_ONLY,12.5156,,6.2044,6.3112,,101.7199,,0,,12.54,5.16,stop,1.16,,CAMERA_ONLY
0,54.3487,t898,LIDAR_ONLY,23.8033,23.8033,64.5739,40.7707,40.7707,63.1380,63.1380,0,0,12.54,5.16,drive,21.94,front,LIDAR_ONLY
0,54.3487,t898,LIDAR_ONLY,27.8535,27.8535,64.5739,36.7204,36.7204,56.8657,56.8657,0,0,12.54,5.16,drive,23.46,front,LIDAR_ONLY
0,54.3487,t898,LIDAR_ONLY,30.6482,30.6482,64.5739,33.9258,33.9258,52.5379,52.5379,0,0,12.54,5.16,drive,17.93,front,LIDAR_ONLY
0,54.3487,t898,LIDAR_ONLY,32.2211,32.2211,64.5739,32.3528,32.3528,50.1019,50.1019,0,0,12.54,5.16,drive,18.39,front,LIDAR_ONLY
0,54.3487,t898,LIDAR_ONLY,32.9436,32.9436,64.5739,31.6303,31.6303,48.9831,48.9831,0,0,12.54,5.16,drive,18.85,front,LIDAR_ONLY
0,54.3487,t898,LIDAR_ONLY,23.3690,23.3690,64.5739,41.2049,41.2049,63.8105,63.8105,0,0,12.54,5.16,drive,21.16,front,LIDAR_ONLY
0,54.3487,t898,LIDAR_ONLY,18.9963,18.9963,64.5739,45.5776,45.5776,70.5821,70.5821,0,0,12.54,5.16,drive,19.32,front,LIDAR_ONLY
0,54.3487,t898,LIDAR_ONLY,18.4466,18.4466,64.5739,46.1274,46.1274,71.4334,71.4334,0,0,12.54,5.16,drive,19.78,front,LIDAR_ONLY
0,54.3487,t898,LIDAR_ONLY,17.8250,17.8250,64.5739,46.7489,46.7489,72.3960,72.3960,0,0,12.54,5.16,drive,20.70,front,LIDAR_ONLY
0,54.4337,cam_4,CAM_ONLY,12.5273,,6.2044,6.3228,,101.9081,,0,,13.12,4.01,stop,1.16,,CAMERA_ONLY
0,54.5027,cam_4,CAM_ONLY,12.5254,,6.2044,6.3209,,101.8774,,0,,14.95,5.08,stop,1.16,,CAMERA_ONLY
0,54.5734,cam_4,CAM_ONLY,12.5659,,6.2044,6.3615,,102.5308,,0,,18.13,3.00,stop,1.21,,CAMERA_ONLY
0,54.6364,t917,BOTH,12.5294,8.1808,6.2044,6.3250,1.9763,101.9426,31.8535,0,0,17.05,2.38,stop,1.16,,FULL_ANGLE
0,54.6364,t916,LIDAR_ONLY,46.9599,46.9599,64.5739,17.6140,17.6140,27.2773,27.2773,0,0,17.05,2.38,drive,23.21,front,LIDAR_ONLY
0,54.6364,t916,LIDAR_ONLY,46.5351,46.5351,64.5739,18.0389,18.0389,27.9352,27.9352,0,0,17.05,2.38,drive,21.64,front,LIDAR_ONLY
0,54.6364,t916,LIDAR_ONLY,16.0095,16.0095,64.5739,48.5645,48.5645,75.2076,75.2076,0,0,17.05,2.38,drive,25.51,front,LIDAR_ONLY
0,54.6364,t917,LIDAR_ONLY,9.0361,9.0361,6.2044,2.8316,2.8316,45.6384,45.6384,0,0,17.05,2.38,slow,2.83,front,LIDAR_ONLY
0,54.6364,t916,LIDAR_ONLY,16.0673,16.0673,64.5739,48.5066,48.5066,75.1179,75.1179,0,0,17.05,2.38,drive,17.55,front,LIDAR_ONLY
0,54.6364,t916,LIDAR_ONLY,16.1528,16.1528,64.5739,48.4212,48.4212,74.9856,74.9856,0,0,17.05,2.38,drive,18.02,front,LIDAR_ONLY
0,54.6364,t916,LIDAR_ONLY,15.3856,15.3856,64.5739,49.1884,49.1884,76.1737,76.1737,0,0,17.05,2.38,drive,18.48,front,LIDAR_ONLY
0,54.6364,t916,LIDAR_ONLY,13.4641,13.4641,64.5739,51.1098,51.1098,79.1493,79.1493,0,0,17.05,2.38,cautious,19.86,front,LIDAR_ONLY
0,54.6364,t916,LIDAR_ONLY,15.2371,15.2371,64.5739,49.3368,49.3368,76.4036,76.4036,0,0,17.05,2.38,cautious,20.32,front,LIDAR_ONLY
0,54.6364,t916,LIDAR_ONLY,16.1419,16.1419,64.5739,48.4321,48.4321,75.0025,75.0025,0,0,17.05,2.38,cautious,20.79,front,LIDAR_ONLY
0,54.6364,t916,LIDAR_ONLY,16.8250,16.8250,64.5739,47.7490,47.7490,73.9446,73.9446,0,0,17.05,2.38,drive,17.09,front,LIDAR_ONLY
0,54.6364,t916,LIDAR_ONLY,17.2440,17.2440,64.5739,47.3299,47.3299,73.2957,73.2957,0,0,17.05,2.38,drive,18.94,front,LIDAR_ONLY
0,54.6364,t916,LIDAR_ONLY,17.5691,17.5691,64.5739,47.0048,47.0048,72.7923,72.7923,0,0,17.05,2.38,drive,19.40,front,LIDAR_ONLY
0,54.6364,t916,LIDAR_ONLY,17.6964,17.6964,64.5739,46.8776,46.8776,72.5952,72.5952,0,0,17.05,2.38,drive,21.25,front,LIDAR_ONLY
0,54.6364,t918,LIDAR_ONLY,44.3953,44.3953,,,,,,,,17.05,2.38,drive,-10.46,front,LIDAR_ONLY
0,54.6364,t917,LIDAR_ONLY,6.6063,6.6063,6.2044,0.4018,0.4018,6.4766,6.4766,1,1,17.05,2.38,slow,0.31,front,LIDAR_ONLY
0,54.6364,t920,LIDAR_ONLY,28.3993,28.3993,44.6706,16.2713,16.2713,36.4250,36.4250,0,0,17.05,2.38,drive,-27.01,front,LIDAR_ONLY
0,54.6364,t920,LIDAR_ONLY,28.8694,28.8694,44.6706,15.8012,15.8012,35.3727,35.3727,0,0,17.05,2.38,drive,-21.46,front,LIDAR_ONLY
0,54.7060,cam_4,CAM_ONLY,12.5175,,6.2044,6.3130,,101.7503,,0,,19.57,5.93,stop,1.16,,CAMERA_ONLY
0,54.7746,cam_4,CAM_ONLY,12.5385,,6.2044,6.3340,,102.0886,,0,,12.36,3.96,stop,1.16,,CAMERA_ONLY
0,54.8546,cam_4,CAM_ONLY,12.5664,,6.2044,6.3619,,102.5380,,0,,16.58,4.91,stop,1.21,,CAMERA_ONLY
0,54.9244,cam_4,CAM_ONLY,12.5647,,6.2044,6.3603,,102.5121,,0,,12.81,3.18,stop,1.16,,CAMERA_ONLY
0,54.9244,t926,LIDAR_ONLY,48.8595,48.8595,42.4803,6.3792,6.3792,15.0167,15.0167,0,0,12.81,3.18,drive,-29.19,front,LIDAR_ONLY
0,55.0046,cam_4,CAM_ONLY,12.5363,,6.2044,6.3318,,102.0532,,0,,17.25,5.55,stop,1.16,,CAMERA_ONLY
0,55.0827,cam_4,CAM_ONLY,12.5229,,6.2044,6.3185,,101.8380,,0,,15.37,2.95,stop,1.16,,CAMERA_ONLY
0,55.0827,t926,LIDAR_ONLY,48.5447,48.5447,41.2761,7.2686,7.2686,17.6096,17.6096,0,0,15.37,2.95,drive,-29.62,front,LIDAR_ONLY
0,55.1620,cam_4,CAM_ONLY,12.5225,,6.2044,6.3180,,101.8310,,0,,11.87,4.38,stop,1.16,,CAMERA_ONLY
0,55.2306,cam_4,CAM_ONLY,12.5298,,6.2044,6.3253,,101.9482,,0,,13.27,3.40,stop,1.16,,CAMERA_ONLY
0,55.2306,t926,LIDAR_ONLY,48.4688,48.4688,40.1494,8.3195,8.3195,20.7213,20.7213,0,0,13.27,3.40,drive,-29.34,front,LIDAR_ONLY
0,55.2306,t926,LIDAR_ONLY,48.4850,48.4850,40.1494,8.3356,8.3356,20.7615,20.7615,0,0,13.27,3.40,drive,-28.32,front,LIDAR_ONLY
0,55.2306,t926,LIDAR_ONLY,44.5050,44.5050,40.1494,4.3557,4.3557,10.8487,10.8487,0,0,13.27,3.40,drive,-23.25,front,LIDAR_ONLY
0,55.2976,t932,BOTH,12.5213,8.1486,32.3907,19.8694,24.2421,61.3430,74.8429,0,0,16.76,4.91,stop,1.16,,FULL_ANGLE
0,55.2976,t931,LIDAR_ONLY,46.4686,46.4686,64.5739,18.1053,18.1053,28.0381,28.0381,0,0,16.76,4.91,drive,20.99,front,LIDAR_ONLY
0,55.2976,t932,LIDAR_ONLY,9.0279,9.0279,32.3907,23.3628,23.3628,72.1280,72.1280,0,0,16.76,4.91,slow,3.56,front,LIDAR_ONLY
0,55.2976,t931,LIDAR_ONLY,39.2577,39.2577,64.5739,25.3163,25.3163,39.2051,39.2051,0,0,16.76,4.91,drive,16.78,front,LIDAR_ONLY
0,55.2976,t931,LIDAR_ONLY,34.6637,34.6637,64.5739,29.9102,29.9102,46.3193,46.3193,0,0,16.76,4.91,drive,17.24,front,LIDAR_ONLY
0,55.2976,t931,LIDAR_ONLY,30.5227,30.5227,64.5739,34.0512,34.0512,52.7322,52.7322,0,0,16.76,4.91,drive,19.55,front,LIDAR_ONLY
0,55.2976,t931,LIDAR_ONLY,28.8206,28.8206,64.5739,35.7533,35.7533,55.3681,55.3681,0,0,16.76,4.91,drive,20.01,front,LIDAR_ONLY
0,55.2976,t931,LIDAR_ONLY,20.2698,20.2698,64.5739,44.3041,44.3041,68.6099,68.6099,0,0,16.76,4.91,drive,20.47,front,LIDAR_ONLY
0,55.2976,t932,LIDAR_ONLY,9.6631,9.6631,32.3907,22.7275,22.7275,70.1669,70.1669,0,0,16.76,4.91,slow,9.65,front,LIDAR_ONLY
0,55.2976,t931,LIDAR_ONLY,19.1592,19.1592,64.5739,45.4148,45.4148,70.3299,70.3299,0,0,16.76,4.91,drive,17.70,front,LIDAR_ONLY
0,55.2976,t932,LIDAR_ONLY,7.4030,7.4030,32.3907,24.9877,24.9877,77.1447,77.1447,0,0,16.76,4.91,slow,5.23,front,LIDAR_ONLY
0,55.2976,t932,LIDAR_ONLY,7.5704,7.5704,32.3907,24.8203,24.8203,76.6278,76.6278,0,0,16.76,4.91,slow,10.18,front,LIDAR_ONLY
0,55.3556,cam_4,CAM_ONLY,12.5317,,6.2044,6.3273,,101.9797,,0,,11.52,4.03,stop,1.21,,CAMERA_ONLY
0,55.4226,cam_4,CAM_ONLY,12.5305,,6.2044,6.3261,,101.9601,,0,,13.37,3.18,stop,1.16,,CAMERA_ONLY
0,55.4876,cam_4,CAM_ONLY,12.5594,,6.2044,6.3550,,102.4261,,0,,19.14,2.39,stop,1.21,,CAMERA_ONLY
0,55.4876,t938,LIDAR_ONLY,48.9009,48.9009,38.2390,10.6619,10.6619,27.8822,27.8822,0,0,19.14,2.39,drive,-28.16,front,LIDAR_ONLY
0,55.4876,t938,LIDAR_ONLY,39.3208,39.3208,38.2390,1.0819,1.0819,2.8292,2.8292,0,0,19.14,2.39,drive,-24.94,front,LIDAR_ONLY
0,55.5422,t942,BOTH,12.5298,8.1578,6.2044,6.3254,1.9534,101.9490,31.4834,0,0,9.15,2.93,stop,1.16,,FULL_ANGLE
0,55.5422,t940,LIDAR_ONLY,46.5732,46.5732,64.5739,18.0007,18.0007,27.8761,27.8761,0,0,9.15,2.93,drive,20.83,front,LIDAR_ONLY
0,55.5422,t940,LIDAR_ONLY,46.6033,46.6033,64.5739,17.9706,17.9706,27.8296,27.8296,0,0,9.15,2.93,drive,22.69,front,LIDAR_ONLY
0,55.5422,t942,LIDAR_ONLY,9.0480,9.0480,6.2044,2.8435,2.8435,45.8307,45.8307,0,0,9.15,2.93,slow,1.86,front,LIDAR_ONLY
0,55.5422,t940,LIDAR_ONLY,39.4032,39.4032,64.5739,25.1708,25.1708,38.9797,38.9797,0,0,9.15,2.93,drive,18.67,front,LIDAR_ONLY
0,55.5422,t940,LIDAR_ONLY,35.0452,35.0452,64.5739,29.5288,29.5288,45.7286,45.7286,0,0,9.15,2.93,drive,19.12,front,LIDAR_ONLY
0,55.5422,t940,LIDAR_ONLY,31.3740,31.3740,64.5739,33.2000,33.2000,51.4139,51.4139,0,0,9.15,2.93,drive,20.04,front,LIDAR_ONLY
0,55.5422,t940,LIDAR_ONLY,23.2407,23.2407,64.5739,41.3332,41.3332,64.0091,64.0091,0,0,9.15,2.93,drive,20.50,front,LIDAR_ONLY
0,55.5422,t940,LIDAR_ONLY,18.5641,18.5641,64.5739,46.0099,46.0099,71.2515,71.2515,0,0,9.15,2.93,drive,17.29,front,LIDAR_ONLY
0,55.5422,t940,LIDAR_ONLY,18.3004,18.3004,64.5739,46.2735,46.2735,71.6597,71.6597,0,0,9.15,2.93,drive,19.58,front,LIDAR_ONLY
0,55.5422,t940,LIDAR_ONLY,17.9208,17.9208,64.5739,46.6531,46.6531,72.2476,72.2476,0,0,9.15,2.93,drive,20.96,front,LIDAR_ONLY
0,55.5422,t942,LIDAR_ONLY,6.5676,6.5676,6.2044,0.3631,0.3631,5.8526,5.8526,1,1,9.15,2.93,slow,1.04,front,LIDAR_ONLY
0,55.6146,cam_4,CAM_ONLY,12.5404,,6.2044,6.3360,,102.1198,,0,,13.51,3.07,stop,1.16,,CAMERA_ONLY
0,55.6806,cam_4,CAM_ONLY,12.5688,,6.2044,6.3644,,102.5774,,0,,12.77,2.79,stop,1.21,,CAMERA_ONLY
0,55.6806,t938,LIDAR_ONLY,40.1427,40.1427,36.8209,3.3218,3.3218,9.0215,9.0215,0,0,12.77,2.79,drive,-29.76,front,LIDAR_ONLY
0,55.6806,t938,LIDAR_ONLY,34.8555,34.8555,36.8209,1.9654,1.9654,5.3378,5.3378,0,0,12.77,2.79,drive,-28.31,front,LIDAR_ONLY
0,55.7536,cam_4,CAM_ONLY,12.5313,,6.2044,6.3269,,101.9736,,0,,21.33,7.06,stop,1.21,,CAMERA_ONLY
0,55.8281,cam_4,CAM_ONLY,12.5348,,6.2044,6.3304,,102.0296,,0,,19.60,3.78,stop,1.16,,CAMERA_ONLY
0,55.8901,t953,BOTH,12.5326,9.0569,6.2044,6.3282,2.8524,101.9945,45.9740,0,0,13.33,2.80,stop,1.21,,FULL_ANGLE
0,55.8901,t949,LIDAR_ONLY,47.3379,47.3379,,,,,,,,13.33,2.80,drive,-8.77,front,LIDAR_ONLY
0,55.8901,t950,LIDAR_ONLY,46.6817,46.6817,64.5739,17.8923,17.8923,27.7082,27.7082,0,0,13.33,2.80,drive,20.54,front,LIDAR_ONLY
0,55.8901,t950,LIDAR_ONLY,46.5330,46.5330,64.5739,18.0410,18.0410,27.9385,27.9385,0,0,13.33,2.80,drive,21.88,front,LIDAR_ONLY
0,55.8901,t950,LIDAR_ONLY,46.5805,46.5805,64.5739,17.9935,17.9935,27.8649,27.8649,0,0,13.33,2.80,drive,23.51,front,LIDAR_ONLY
0,55.8901,t950,LIDAR_ONLY,46.5821,46.5821,64.5739,17.9918,17.9918,27.8623,27.8623,0,0,13.33,2.80,drive,23.41,front,LIDAR_ONLY
0,55.8901,t938,LIDAR_ONLY,35.8071,35.8071,35.2307,0.5764,0.5764,1.6362,1.6362,1,1,13.33,2.80,drive,-29.99,front,LIDAR_ONLY
0,55.8901,t938,LIDAR_ONLY,36.4479,36.4479,35.2307,1.2172,1.2172,3.4550,3.4550,0,0,13.33,2.80,drive,-29.00,front,LIDAR_ONLY
0,55.8901,t950,LIDAR_ONLY,41.8812,41.8812,64.5739,22.6927,22.6927,35.1422,35.1422,0,0,13.33,2.80,drive,17.90,front,LIDAR_ONLY
0,55.8901,t950,LIDAR_ONLY,37.0158,37.0158,64.5739,27.5582,27.5582,42.6770,42.6770,0,0,13.33,2.80,drive,18.36,front,LIDAR_ONLY
0,55.8901,t950,LIDAR_ONLY,30.0738,30.0738,64.5739,34.5001,34.5001,53.4274,53.4274,0,0,13.33,2.80,drive,18.82,front,LIDAR_ONLY
0,55.8901,t950,LIDAR_ONLY,23.5304,23.5304,64.5739,41.0435,41.0435,63.5605,63.5605,0,0,13.33,2.80,drive,19.28,front,LIDAR_ONLY
0,55.8901,t950,LIDAR_ONLY,19.1782,19.1782,64.5739,45.3957,45.3957,70.3004,70.3004,0,0,13.33,2.80,drive,19.73,front,LIDAR_ONLY
0,55.8901,t950,LIDAR_ONLY,18.4356,18.4356,64.5739,46.1383,46.1383,71.4503,71.4503,0,0,13.33,2.80,drive,20.65,front,LIDAR_ONLY
0,55.8901,t953,LIDAR_ONLY,8.0692,8.0692,6.2044,1.8648,1.8648,30.0556,30.0556,0,0,13.33,2.80,slow,0.96,front,LIDAR_ONLY
0,55.8901,t950,LIDAR_ONLY,18.5941,18.5941,64.5739,45.9799,45.9799,71.2050,71.2050,0,0,13.33,2.80,drive,16.98,front,LIDAR_ONLY
0,55.8901,t950,LIDAR_ONLY,18.8142,18.8142,64.5739,45.7597,45.7597,70.8641,70.8641,0,0,13.33,2.80,drive,17.44,front,LIDAR_ONLY
0,55.8901,t950,LIDAR_ONLY,18.8886,18.8886,64.5739,45.6854,45.6854,70.7489,70.7489,0,0,13.33,2.80,drive,20.19,front,LIDAR_ONLY
0,55.8901,t950,LIDAR_ONLY,18.8942,18.8942,64.5739,45.6797,45.6797,70.7402,70.7402,0,0,13.33,2.80,drive,21.11,front,LIDAR_ONLY
0,55.8901,t953,LIDAR_ONLY,6.6091,6.6091,6.2044,0.4047,0.4047,6.5229,6.5229,1,1,13.33,2.80,slow,0.86,front,LIDAR_ONLY
0,55.8901,t938,LIDAR_ONLY,34.9209,34.9209,35.2307,0.3098,0.3098,0.8793,0.8793,1,1,13.33,2.80,drive,-28.47,front,LIDAR_ONLY
0,55.8901,t938,LIDAR_ONLY,33.3571,33.3571,35.2307,1.8735,1.8735,5.3179,5.3179,0,0,13.33,2.80,drive,-23.94,front,LIDAR_ONLY
0,55.9534,cam_4,CAM_ONLY,12.5642,,6.2044,6.3597,,102.5027,,0,,10.12,4.39,stop,1.21,,CAMERA_ONLY
0,56.0178,cam_4,CAM_ONLY,12.5682,,6.2044,6.3637,,102.5673,,0,,18.20,3.41,stop,1.21,,CAMERA_ONLY
0,56.0803,cam_4,CAM_ONLY,12.5420,,6.2044,6.3376,,102.1457,,0,,11.67,3.90,stop,1.21,,CAMERA_ONLY
0,56.1452,t964,BOTH,12.5333,9.0594,6.2044,6.3288,2.8550,102.0047,46.0149,0,0,13.67,4.06,stop,1.21,,FULL_ANGLE
0,56.1452,t963,LIDAR_ONLY,45.4917,45.4917,64.5739,19.0822,19.0822,29.5510,29.5510,0,0,13.67,4.06,drive,19.41,front,LIDAR_ONLY
0,56.1452,t963,LIDAR_ONLY,45.6151,45.6151,64.5739,18.9588,18.9588,29.3599,29.3599,0,0,13.67,4.06,drive,21.86,front,LIDAR_ONLY
0,56.1452,t963,LIDAR_ONLY,38.1990,38.1990,64.5739,26.3750,26.3750,40.8446,40.8446,0,0,13.67,4.06,drive,18.19,front,LIDAR_ONLY
0,56.1452,t963,LIDAR_ONLY,31.1701,31.1701,64.5739,33.4038,33.4038,51.7296,51.7296,0,0,13.67,4.06,drive,18.65,front,LIDAR_ONLY
0,56.1452,t963,LIDAR_ONLY,29.2074,29.2074,64.5739,35.3665,35.3665,54.7690,54.7690,0,0,13.67,4.06,drive,19.11,front,LIDAR_ONLY
0,56.1452,t963,LIDAR_ONLY,24.5380,24.5380,64.5739,40.0359,40.0359,62.0001,62.0001,0,0,13.67,4.06,drive,19.57,front,LIDAR_ONLY
0,56.1452,t963,LIDAR_ONLY,18.7894,18.7894,64.5739,45.7845,45.7845,70.9024,70.9024,0,0,13.67,4.06,drive,20.02,front,LIDAR_ONLY
0,56.1452,t963,LIDAR_ONLY,18.1594,18.1594,64.5739,46.4146,46.4146,71.8782,71.8782,0,0,13.67,4.06,drive,20.48,front,LIDAR_ONLY
0,56.1452,t964,LIDAR_ONLY,6.6372,6.6372,6.2044,0.4327,0.4327,6.9742,6.9742,1,1,13.67,4.06,slow,2.38,front,LIDAR_ONLY
0,56.1452,t963,LIDAR_ONLY,17.4621,17.4621,64.5739,47.1119,47.1119,72.9580,72.9580,0,0,13.67,4.06,drive,20.94,front,LIDAR_ONLY
0,56.2148,cam_4,CAM_ONLY,12.5339,,6.2044,6.3295,,102.0149,,0,,17.22,4.17,stop,1.21,,CAMERA_ONLY
0,56.2809,cam_4,CAM_ONLY,12.5327,,6.2044,6.3282,,101.9954,,0,,11.81,3.46,stop,1.21,,CAMERA_ONLY
0,56.3580,cam_4,CAM_ONLY,12.5777,,6.2044,6.3732,,102.7208,,0,,23.03,6.21,stop,1.30,,CAMERA_ONLY
0,56.4279,cam_4,CAM_ONLY,12.5340,,6.2044,6.3296,,102.0166,,0,,11.72,5.07,stop,1.21,,CAMERA_ONLY
0,56.5132,cam_4,CAM_ONLY,12.5426,,6.2044,6.3381,,102.1548,,0,,20.84,7.50,stop,1.21,,CAMERA_ONLY
0,56.5818,cam_4,CAM_ONLY,12.5377,,6.2044,6.3333,,102.0761,,0,,12.16,1.58,stop,1.21,,CAMERA_ONLY
0,56.5818,t971,LIDAR_ONLY,6.5546,6.5546,,,,,,,,12.16,1.58,slow,-7.72,front,LIDAR_ONLY
0,56.5818,t972,LIDAR_ONLY,28.6793,28.6793,,,,,,,,12.16,1.58,drive,-26.58,front,LIDAR_ONLY
0,56.5818,t972,LIDAR_ONLY,29.0092,29.0092,,,,,,,,12.16,1.58,drive,-20.86,front,LIDAR_ONLY
0,56.6417,t971,BOTH,12.5312,7.7650,6.2044,6.3268,1.5606,101.9717,25.1524,0,0,11.38,2.41,stop,1.16,,FULL_ANGLE
0,56.6417,t973,LIDAR_ONLY,47.0335,47.0335,64.5739,17.5405,17.5405,27.1634,27.1634,0,0,11.38,2.41,drive,23.33,front,LIDAR_ONLY
0,56.6417,t973,LIDAR_ONLY,46.8337,46.8337,64.5739,17.7402,17.7402,27.4727,27.4727,0,0,11.38,2.41,drive,20.95,front,LIDAR_ONLY
0,56.6417,t971,LIDAR_ONLY,6.7949,6.7949,6.2044,0.5905,0.5905,9.5170,9.5170,1,1,11.38,2.41,slow,2.23,front,LIDAR_ONLY
0,56.6417,t973,LIDAR_ONLY,38.4360,38.4360,64.5739,26.1379,26.1379,40.4775,40.4775,0,0,11.38,2.41,drive,17.41,front,LIDAR_ONLY
0,56.6417,t973,LIDAR_ONLY,33.2892,33.2892,64.5739,31.2847,31.2847,48.4479,48.4479,0,0,11.38,2.41,drive,19.72,front,LIDAR_ONLY
0,56.6417,t973,LIDAR_ONLY,28.6175,28.6175,64.5739,35.9565,35.9565,55.6827,55.6827,0,0,11.38,2.41,drive,21.11,front,LIDAR_ONLY
0,56.6417,t971,LIDAR_ONLY,6.9787,6.9787,6.2044,0.7743,0.7743,12.4792,12.4792,1,1,11.38,2.41,slow,2.29,front,LIDAR_ONLY
0,56.6417,t973,LIDAR_ONLY,22.8533,22.8533,64.5739,41.7206,41.7206,64.6091,64.6091,0,0,11.38,2.41,drive,17.87,front,LIDAR_ONLY
0,56.6417,t973,LIDAR_ONLY,18.4050,18.4050,64.5739,46.1689,46.1689,71.4977,71.4977,0,0,11.38,2.41,drive,20.18,front,LIDAR_ONLY
0,56.6417,t973,LIDAR_ONLY,17.4525,17.4525,64.5739,47.1214,47.1214,72.9728,72.9728,0,0,11.38,2.41,drive,20.65,front,LIDAR_ONLY
0,56.6417,t971,LIDAR_ONLY,6.9657,6.9657,6.2044,0.7613,0.7613,12.2696,12.2696,1,1,11.38,2.41,slow,0.68,front,LIDAR_ONLY
0,56.6417,t973,LIDAR_ONLY,17.5303,17.5303,64.5739,47.0437,47.0437,72.8524,72.8524,0,0,11.38,2.41,drive,18.80,front,LIDAR_ONLY
0,56.7053,cam_4,CAM_ONLY,12.5322,,6.2044,6.3278,,101.9883,,0,,9.43,5.55,stop,1.25,,CAMERA_ONLY
0,56.7606,cam_4,CAM_ONLY,12.5728,,6.2044,6.3683,,102.6412,,0,,10.30,3.16,stop,1.25,,CAMERA_ONLY
0,56.8166,cam_4,CAM_ONLY,12.5766,,6.2044,6.3722,,102.7035,,0,,10.59,2.22,stop,1.25,,CAMERA_ONLY
0,56.8740,cam_4,CAM_ONLY,12.5240,,6.2044,6.3195,,101.8552,,0,,11.26,3.11,stop,1.16,,CAMERA_ONLY
0,56.9493,cam_4,CAM_ONLY,12.5425,,6.2044,6.3381,,102.1538,,0,,21.27,6.66,stop,1.16,,CAMERA_ONLY
0,57.0239,cam_4,CAM_ONLY,12.5768,,6.2044,6.3723,,102.7060,,0,,16.84,2.68,stop,1.21,,CAMERA_ONLY
0,57.0815,cam_4,CAM_ONLY,12.5680,,6.2044,6.3636,,102.5648,,0,,14.63,2.48,stop,1.21,,CAMERA_ONLY
0,57.0815,t986,LIDAR_ONLY,26.8819,26.8819,,,,,,,,14.63,2.48,drive,-29.77,front,LIDAR_ONLY
0,57.0815,t986,LIDAR_ONLY,27.0365,27.0365,,,,,,,,14.63,2.48,drive,-22.08,front,LIDAR_ONLY
0,57.1435,t990,BOTH,12.5652,8.2330,6.2044,6.3607,2.0286,102.5187,32.6955,0,0,12.61,2.89,stop,1.21,,FULL_ANGLE
0,57.1435,t987,LIDAR_ONLY,47.1232,47.1232,64.5739,17.4508,17.4508,27.0245,27.0245,0,0,12.61,2.89,drive,23.37,front,LIDAR_ONLY
0,57.1435,t988,LIDAR_ONLY,47.3812,47.3812,,,,,,,,12.61,2.89,drive,-8.69,front,LIDAR_ONLY
0,57.1435,t987,LIDAR_ONLY,46.7484,46.7484,64.5739,17.8256,17.8256,27.6049,27.6049,0,0,12.61,2.89,drive,21.12,front,LIDAR_ONLY
0,57.1435,t990,LIDAR_ONLY,9.0374,9.0374,6.2044,2.8329,2.8329,45.6595,45.6595,0,0,12.61,2.89,slow,2.75,front,LIDAR_ONLY
0,57.1435,t987,LIDAR_ONLY,41.7073,41.7073,64.5739,22.8666,22.8666,35.4115,35.4115,0,0,12.61,2.89,drive,19.47,front,LIDAR_ONLY
0,57.1435,t987,LIDAR_ONLY,38.0848,38.0848,64.5739,26.4891,26.4891,41.0214,41.0214,0,0,12.61,2.89,drive,19.93,front,LIDAR_ONLY
0,57.1435,t987,LIDAR_ONLY,34.3915,34.3915,64.5739,30.1824,30.1824,46.7409,46.7409,0,0,12.61,2.89,drive,21.32,front,LIDAR_ONLY
0,57.1435,t987,LIDAR_ONLY,28.1129,28.1129,64.5739,36.4610,36.4610,56.4640,56.4640,0,0,12.61,2.89,drive,17.16,front,LIDAR_ONLY
0,57.1435,t987,LIDAR_ONLY,17.8434,17.8434,64.5739,46.7305,46.7305,72.3675,72.3675,0,0,12.61,2.89,drive,20.86,front,LIDAR_ONLY
0,57.1435,t990,LIDAR_ONLY,6.5418,6.5418,6.2044,0.3374,0.3374,5.4380,5.4380,1,1,12.61,2.89,slow,0.41,front,LIDAR_ONLY
0,57.1435,t987,LIDAR_ONLY,17.9183,17.9183,64.5739,46.6557,46.6557,72.2516,72.2516,0,0,12.61,2.89,drive,18.55,front,LIDAR_ONLY
0,57.1435,t986,LIDAR_ONLY,27.1791,27.1791,,,,,,,,12.61,2.89,drive,-27.06,front,LIDAR_ONLY
0,57.1435,t986,LIDAR_ONLY,27.3303,27.3303,,,,,,,,12.61,2.89,drive,-24.38,front,LIDAR_ONLY
0,57.2216,cam_4,CAM_ONLY,12.5606,,6.2044,6.3562,,102.4456,,0,,19.68,4.27,stop,1.21,,CAMERA_ONLY
0,57.2913,cam_4,CAM_ONLY,12.5594,,6.2044,6.3550,,102.4260,,0,,17.88,2.56,stop,1.21,,CAMERA_ONLY
0,57.2913,t987,LIDAR_ONLY,21.3547,21.3547,64.5739,43.2192,43.2192,66.9298,66.9298,0,0,17.88,2.56,drive,20.86,front,LIDAR_ONLY
0,57.2913,t987,LIDAR_ONLY,25.1756,25.1756,64.5739,39.3983,39.3983,61.0127,61.0127,0,0,17.88,2.56,drive,23.37,front,LIDAR_ONLY
0,57.2913,t987,LIDAR_ONLY,20.7695,20.7695,64.5739,43.8044,43.8044,67.8361,67.8361,0,0,17.88,2.56,drive,23.46,front,LIDAR_ONLY
0,57.2913,t990,LIDAR_ONLY,6.5780,6.5780,6.2044,0.3736,0.3736,6.0214,6.0214,1,1,17.88,2.56,slow,1.87,front,LIDAR_ONLY
0,57.2913,t987,LIDAR_ONLY,20.9320,20.9320,64.5739,43.6420,43.6420,67.5845,67.5845,0,0,17.88,2.56,drive,16.92,front,LIDAR_ONLY
0,57.2913,t987,LIDAR_ONLY,21.0406,21.0406,64.5739,43.5334,43.5334,67.4163,67.4163,0,0,17.88,2.56,drive,18.77,front,LIDAR_ONLY
0,57.2913,t987,LIDAR_ONLY,17.0076,17.0076,64.5739,47.5664,47.5664,73.6619,73.6619,0,0,17.88,2.56,drive,19.23,front,LIDAR_ONLY
0,57.2913,t987,LIDAR_ONLY,15.4972,15.4972,64.5739,49.0768,49.0768,76.0009,76.0009,0,0,17.88,2.56,drive,19.69,front,LIDAR_ONLY
0,57.2913,t987,LIDAR_ONLY,16.6773,16.6773,64.5739,47.8967,47.8967,74.1734,74.1734,0,0,17.88,2.56,drive,20.15,front,LIDAR_ONLY
0,57.2913,t987,LIDAR_ONLY,16.9885,16.9885,64.5739,47.5854,47.5854,73.6914,73.6914,0,0,17.88,2.56,drive,21.07,front,LIDAR_ONLY
0,57.2913,t990,LIDAR_ONLY,6.6248,6.6248,6.2044,0.4204,0.4204,6.7750,6.7750,1,1,17.88,2.56,slow,1.87,front,LIDAR_ONLY
0,57.2913,t987,LIDAR_ONLY,17.3190,17.3190,64.5739,47.2549,47.2549,73.1795,73.1795,0,0,17.88,2.56,drive,17.84,front,LIDAR_ONLY
0,57.2913,t987,LIDAR_ONLY,17.6343,17.6343,64.5739,46.9396,46.9396,72.6913,72.6913,0,0,17.88,2.56,drive,18.31,front,LIDAR_ONLY
0,57.2913,t987,LIDAR_ONLY,17.8050,17.8050,64.5739,46.7690,46.7690,72.4270,72.4270,0,0,17.88,2.56,drive,20.61,front,LIDAR_ONLY
0,57.2913,t990,LIDAR_ONLY,6.5129,6.5129,6.2044,0.3084,0.3084,4.9710,4.9710,1,1,17.88,2.56,slow,0.46,front,LIDAR_ONLY
0,57.2913,t986,LIDAR_ONLY,27.4088,27.4088,,,,,,,,17.88,2.56,drive,-29.94,front,LIDAR_ONLY
0,57.2913,t986,LIDAR_ONLY,27.9362,27.9362,,,,,,,,17.88,2.56,drive,-24.51,front,LIDAR_ONLY
0,57.2913,t986,LIDAR_ONLY,28.2584,28.2584,,,,,,,,17.88,2.56,drive,-22.21,front,LIDAR_ONLY
0,57.3626,cam_4,CAM_ONLY,12.5350,,6.2044,6.3305,,102.0319,,0,,12.35,4.50,stop,1.16,,CAMERA_ONLY
0,57.4271,cam_4,CAM_ONLY,12.5237,,6.2044,6.3193,,101.8506,,0,,13.50,5.34,stop,1.12,,CAMERA_ONLY
0,57.4930,t996,BOTH,12.5412,9.0416,6.2044,6.3367,2.8371,102.1321,45.7275,0,0,12.95,2.90,stop,1.16,,FULL_ANGLE
0,57.4930,t990,LIDAR_ONLY,6.6042,6.6042,,,,,,,,12.95,2.90,slow,-8.77,front,LIDAR_ONLY
0,57.4930,t987,LIDAR_ONLY,19.4686,19.4686,64.5739,45.1053,45.1053,69.8506,69.8506,0,0,12.95,2.90,drive,19.47,front,LIDAR_ONLY
0,57.4930,t987,LIDAR_ONLY,23.3839,23.3839,64.5739,41.1900,41.1900,63.7874,63.7874,0,0,12.95,2.90,drive,22.87,front,LIDAR_ONLY
0,57.4930,t987,LIDAR_ONLY,19.2253,19.2253,64.5739,45.3486,45.3486,70.2275,70.2275,0,0,12.95,2.90,drive,23.48,front,LIDAR_ONLY
0,57.4930,t987,LIDAR_ONLY,19.2422,19.2422,64.5739,45.3318,45.3318,70.2014,70.2014,0,0,12.95,2.90,drive,17.48,front,LIDAR_ONLY
0,57.4930,t987,LIDAR_ONLY,19.3062,19.3062,64.5739,45.2677,45.2677,70.1022,70.1022,0,0,12.95,2.90,drive,17.94,front,LIDAR_ONLY
0,57.4930,t996,LIDAR_ONLY,8.1387,8.1387,6.2044,1.9342,1.9342,31.1746,31.1746,0,0,12.95,2.90,slow,2.66,front,LIDAR_ONLY
0,57.4930,t987,LIDAR_ONLY,18.3978,18.3978,64.5739,46.1762,46.1762,71.5090,71.5090,0,0,12.95,2.90,drive,17.02,front,LIDAR_ONLY
0,57.4930,t987,LIDAR_ONLY,15.3076,15.3076,64.5739,49.2663,49.2663,76.2945,76.2945,0,0,12.95,2.90,drive,18.40,front,LIDAR_ONLY
0,57.4930,t987,LIDAR_ONLY,16.9227,16.9227,64.5739,47.6512,47.6512,73.7932,73.7932,0,0,12.95,2.90,drive,19.32,front,LIDAR_ONLY
0,57.4930,t990,LIDAR_ONLY,6.8933,6.8933,,,,,,,,12.95,2.90,slow,-10.46,front,LIDAR_ONLY
0,57.4930,t996,LIDAR_ONLY,6.5343,6.5343,6.2044,0.3298,0.3298,5.3160,5.3160,1,1,12.95,2.90,slow,0.92,front,LIDAR_ONLY
0,57.4930,t987,LIDAR_ONLY,17.7190,17.7190,64.5739,46.8549,46.8549,72.5601,72.5601,0,0,12.95,2.90,drive,20.70,front,LIDAR_ONLY
0,57.4930,t986,LIDAR_ONLY,28.4356,28.4356,,,,,,,,12.95,2.90,drive,-28.12,front,LIDAR_ONLY
0,57.4930,t986,LIDAR_ONLY,28.4895,28.4895,,,,,,,,12.95,2.90,drive,-26.58,front,LIDAR_ONLY
0,57.5556,cam_4,CAM_ONLY,12.5278,,6.2044,6.3234,,101.9167,,0,,12.71,7.53,stop,1.12,,CAMERA_ONLY
0,57.6268,cam_4,CAM_ONLY,12.5301,,6.2044,6.3256,,101.9533,,0,,18.11,3.20,stop,1.16,,CAMERA_ONLY
0,57.6905,cam_4,CAM_ONLY,12.5620,,6.2044,6.3575,,102.4672,,0,,13.02,2.22,stop,1.21,,CAMERA_ONLY
0,57.6905,t987,LIDAR_ONLY,21.2160,21.2160,64.5739,43.3579,43.3579,67.1446,67.1446,0,0,13.02,2.22,drive,20.64,front,LIDAR_ONLY
0,57.6905,t987,LIDAR_ONLY,25.3928,25.3928,64.5739,39.1812,39.1812,60.6764,60.6764,0,0,13.02,2.22,drive,22.48,front,LIDAR_ONLY
0,57.6905,t990,LIDAR_ONLY,7.2089,7.2089,,,,,,,,13.02,2.22,slow,-8.69,front,LIDAR_ONLY
0,57.6905,t987,LIDAR_ONLY,20.4023,20.4023,64.5739,44.1716,44.1716,68.4047,68.4047,0,0,13.02,2.22,drive,24.43,front,LIDAR_ONLY
0,57.6905,t996,LIDAR_ONLY,6.5731,6.5731,6.2044,0.3687,0.3687,5.9423,5.9423,1,1,13.02,2.22,slow,2.85,front,LIDAR_ONLY
0,57.6905,t987,LIDAR_ONLY,20.4541,20.4541,64.5739,44.1198,44.1198,68.3245,68.3245,0,0,13.02,2.22,drive,17.12,front,LIDAR_ONLY
0,57.6905,t987,LIDAR_ONLY,20.5622,20.5622,64.5739,44.0117,44.0117,68.1571,68.1571,0,0,13.02,2.22,drive,17.58,front,LIDAR_ONLY
0,57.6905,t987,LIDAR_ONLY,17.8534,17.8534,64.5739,46.7206,46.7206,72.3521,72.3521,0,0,13.02,2.22,drive,19.42,front,LIDAR_ONLY
0,57.6905,t987,LIDAR_ONLY,14.4987,14.4987,64.5739,50.0753,50.0753,77.5472,77.5472,0,0,13.02,2.22,cautious,19.88,front,LIDAR_ONLY
0,57.6905,t987,LIDAR_ONLY,15.8462,15.8462,64.5739,48.7277,48.7277,75.4604,75.4604,0,0,13.02,2.22,cautious,20.81,front,LIDAR_ONLY
0,57.6905,t987,LIDAR_ONLY,16.4323,16.4323,64.5739,48.1416,48.1416,74.5527,74.5527,0,0,13.02,2.22,cautious,21.27,front,LIDAR_ONLY
0,57.6905,t996,LIDAR_ONLY,6.6144,6.6144,6.2044,0.4100,0.4100,6.6079,6.6079,1,1,13.02,2.22,slow,0.72,front,LIDAR_ONLY
0,57.6905,t987,LIDAR_ONLY,16.7506,16.7506,64.5739,47.8234,47.8234,74.0599,74.0599,0,0,13.02,2.22,drive,18.04,front,LIDAR_ONLY
0,57.6905,t996,LIDAR_ONLY,6.5107,6.5107,6.2044,0.3062,0.3062,4.9356,4.9356,1,1,13.02,2.22,slow,0.70,front,LIDAR_ONLY
0,57.6905,t987,LIDAR_ONLY,17.0586,17.0586,64.5739,47.5153,47.5153,73.5828,73.5828,0,0,13.02,2.22,drive,18.50,front,LIDAR_ONLY
0,57.6905,t987,LIDAR_ONLY,17.3338,17.3338,64.5739,47.2401,47.2401,73.1567,73.1567,0,0,13.02,2.22,drive,18.96,front,LIDAR_ONLY
0,57.6905,t986,LIDAR_ONLY,28.6338,28.6338,,,,,,,,13.02,2.22,drive,-27.12,front,LIDAR_ONLY
0,57.6905,t986,LIDAR_ONLY,28.7468,28.7468,,,,,,,,13.02,2.22,drive,-24.59,front,LIDAR_ONLY
0,57.7542,cam_4,CAM_ONLY,12.5285,,6.2044,6.3241,,101.9285,,0,,14.46,4.12,stop,1.16,,CAMERA_ONLY
0,57.8165,cam_4,CAM_ONLY,12.5333,,6.2044,6.3288,,102.0049,,0,,11.35,2.48,stop,1.16,,CAMERA_ONLY
0,57.8797,cam_4,CAM_ONLY,12.5184,,6.2044,6.3139,,101.7649,,0,,13.93,3.07,stop,1.16,,CAMERA_ONLY
0,57.9336,t1007,BOTH,12.5665,9.0958,6.2044,6.3620,2.8914,102.5398,46.6016,0,0,9.46,1.73,stop,1.16,,FULL_ANGLE
0,57.9336,t1007,LIDAR_ONLY,8.1096,8.1096,6.2044,1.9052,1.9052,30.7066,30.7066,0,0,9.46,1.73,slow,-2.85,front,LIDAR_ONLY
0,57.9336,t1007,LIDAR_ONLY,6.6120,6.6120,6.2044,0.4076,0.4076,6.5692,6.5692,1,1,9.46,1.73,slow,-3.92,front,LIDAR_ONLY
0,57.9336,t1008,LIDAR_ONLY,27.5209,27.5209,,,,,,,,9.46,1.73,drive,-28.55,front,LIDAR_ONLY
0,57.9336,t1008,LIDAR_ONLY,28.1061,28.1061,,,,,,,,9.46,1.73,drive,-22.57,front,LIDAR_ONLY
0,58.0009,cam_4,CAM_ONLY,12.5399,,6.2044,6.3354,,102.1115,,0,,15.48,4.56,stop,1.12,,CAMERA_ONLY
0,58.0617,cam_4,CAM_ONLY,12.5304,,6.2044,6.3259,,101.9581,,0,,11.27,5.44,stop,1.12,,CAMERA_ONLY
0,58.1290,t1011,BOTH,12.5381,9.0464,6.2044,6.3336,2.8420,102.0821,45.8053,0,0,21.99,3.11,stop,1.12,,FULL_ANGLE
0,58.1290,t1007,LIDAR_ONLY,6.9171,6.9171,,,,,,,,21.99,3.11,slow,-8.69,front,LIDAR_ONLY
0,58.1290,t1011,LIDAR_ONLY,8.1178,8.1178,6.2044,1.9134,1.9134,30.8384,30.8384,0,0,21.99,3.11,slow,2.56,front,LIDAR_ONLY
0,58.1290,t1011,LIDAR_ONLY,8.9401,8.9401,6.2044,2.7356,2.7356,44.0916,44.0916,0,0,21.99,3.11,slow,9.34,front,LIDAR_ONLY
0,58.1290,t1007,LIDAR_ONLY,7.3859,7.3859,,,,,,,,21.99,3.11,slow,-11.61,front,LIDAR_ONLY
0,58.1290,t1011,LIDAR_ONLY,6.8699,6.8699,6.2044,0.6654,0.6654,10.7249,10.7249,1,1,21.99,3.11,slow,0.85,front,LIDAR_ONLY
0,58.1290,t1008,LIDAR_ONLY,28.1601,28.1601,,,,,,,,21.99,3.11,drive,-28.70,front,LIDAR_ONLY
0,58.2030,cam_4,CAM_ONLY,12.5347,,6.2044,6.3302,,102.0274,,0,,13.08,6.91,stop,1.12,,CAMERA_ONLY
0,58.2030,t1012,LIDAR_ONLY,47.0553,47.0553,64.5739,17.5186,17.5186,27.1296,27.1296,0,0,13.08,6.91,drive,20.47,front,LIDAR_ONLY
0,58.2030,t1012,LIDAR_ONLY,46.9405,46.9405,64.5739,17.6334,17.6334,27.3074,27.3074,0,0,13.08,6.91,drive,22.66,front,LIDAR_ONLY
0,58.2030,t1012,LIDAR_ONLY,46.7732,46.7732,64.5739,17.8008,17.8008,27.5665,27.5665,0,0,13.08,6.91,drive,21.16,front,LIDAR_ONLY
0,58.2030,t1012,LIDAR_ONLY,41.0893,41.0893,64.5739,23.4847,23.4847,36.3687,36.3687,0,0,13.08,6.91,drive,18.16,front,LIDAR_ONLY
0,58.2030,t1012,LIDAR_ONLY,35.9781,35.9781,64.5739,28.5958,28.5958,44.2838,44.2838,0,0,13.08,6.91,drive,19.55,front,LIDAR_ONLY
0,58.2030,t1012,LIDAR_ONLY,30.2139,30.2139,64.5739,34.3600,34.3600,53.2104,53.2104,0,0,13.08,6.91,drive,20.47,front,LIDAR_ONLY
0,58.2030,t1012,LIDAR_ONLY,23.7961,23.7961,64.5739,40.7778,40.7778,63.1490,63.1490,0,0,13.08,6.91,drive,20.93,front,LIDAR_ONLY
0,58.2030,t1012,LIDAR_ONLY,18.4634,18.4634,64.5739,46.1105,46.1105,71.4073,71.4073,0,0,13.08,6.91,drive,17.24,front,LIDAR_ONLY
0,58.2030,t1012,LIDAR_ONLY,18.3331,18.3331,64.5739,46.2408,46.2408,71.6091,71.6091,0,0,13.08,6.91,drive,18.63,front,LIDAR_ONLY
0,58.2613,cam_4,CAM_ONLY,12.5202,,6.2044,6.3158,,101.7949,,0,,10.79,4.90,stop,1.12,,CAMERA_ONLY
0,58.3373,cam_4,CAM_ONLY,12.5239,,6.2044,6.3195,,101.8544,,0,,15.78,2.39,stop,1.16,,CAMERA_ONLY
0,58.3373,t1012,LIDAR_ONLY,21.6758,21.6758,,,,,,,,15.78,2.39,drive,20.76,front,LIDAR_ONLY
0,58.3373,t1012,LIDAR_ONLY,25.4153,25.4153,,,,,,,,15.78,2.39,drive,22.71,front,LIDAR_ONLY
0,58.3373,t1012,LIDAR_ONLY,29.6189,29.6189,,,,,,,,15.78,2.39,drive,19.49,front,LIDAR_ONLY
0,58.3373,t1012,LIDAR_ONLY,15.4979,15.4979,,,,,,,,15.78,2.39,drive,27.01,front,LIDAR_ONLY
0,58.3373,t1011,LIDAR_ONLY,6.9035,6.9035,6.2044,0.6991,0.6991,11.2672,11.2672,1,1,15.78,2.39,slow,1.31,front,LIDAR_ONLY
0,58.3373,t1016,LIDAR_ONLY,27.4677,27.4677,64.5739,37.1063,37.1063,57.4632,57.4632,0,0,15.78,2.39,drive,16.72,front,LIDAR_ONLY
0,58.3373,t1016,LIDAR_ONLY,23.9240,23.9240,64.5739,40.6499,40.6499,62.9510,62.9510,0,0,15.78,2.39,drive,18.11,front,LIDAR_ONLY
0,58.3373,t1016,LIDAR_ONLY,22.0067,22.0067,64.5739,42.5673,42.5673,65.9202,65.9202,0,0,15.78,2.39,drive,19.49,front,LIDAR_ONLY
0,58.3373,t1016,LIDAR_ONLY,20.8903,20.8903,64.5739,43.6837,43.6837,67.6490,67.6490,0,0,15.78,2.39,drive,19.95,front,LIDAR_ONLY
0,58.3373,t1016,LIDAR_ONLY,20.1067,20.1067,64.5739,44.4672,44.4672,68.8625,68.8625,0,0,15.78,2.39,drive,20.41,front,LIDAR_ONLY
0,58.3373,t1016,LIDAR_ONLY,17.9030,17.9030,64.5739,46.6710,46.6710,72.2752,72.2752,0,0,15.78,2.39,drive,20.87,front,LIDAR_ONLY
0,58.3373,t1011,LIDAR_ONLY,6.9154,6.9154,6.2044,0.7110,0.7110,11.4588,11.4588,1,1,15.78,2.39,slow,0.77,front,LIDAR_ONLY
0,58.3373,t1011,LIDAR_ONLY,7.0363,7.0363,6.2044,0.8318,0.8318,13.4072,13.4072,1,1,15.78,2.39,slow,10.05,front,LIDAR_ONLY
0,58.3373,t1011,LIDAR_ONLY,6.7178,6.7178,6.2044,0.5133,0.5133,8.2739,8.2739,1,1,15.78,2.39,slow,1.32,front,LIDAR_ONLY
0,58.3373,t1008,LIDAR_ONLY,27.9367,27.9367,,,,,,,,15.78,2.39,drive,-28.90,front,LIDAR_ONLY
0,58.3373,t1008,LIDAR_ONLY,28.0266,28.0266,,,,,,,,15.78,2.39,drive,-24.95,front,LIDAR_ONLY
0,58.3373,t1008,LIDAR_ONLY,28.1987,28.1987,,,,,,,,15.78,2.39,drive,-22.43,front,LIDAR_ONLY
0,58.3373,t1008,LIDAR_ONLY,28.3269,28.3269,,,,,,,,15.78,2.39,drive,-21.05,front,LIDAR_ONLY
0,58.3373,t1016,LIDAR_ONLY,17.6486,17.6486,64.5739,46.9253,46.9253,72.6691,72.6691,0,0,15.78,2.39,drive,18.57,front,LIDAR_ONLY
0,58.4050,cam_4,CAM_ONLY,12.5627,,6.2044,6.3582,,102.4790,,0,,18.91,5.12,stop,1.16,,CAMERA_ONLY
0,58.4050,t1008,LIDAR_ONLY,28.5256,28.5256,,,,,,,,18.91,5.12,drive,-26.66,front,LIDAR_ONLY
0,58.4768,cam_4,CAM_ONLY,12.5619,,6.2044,6.3575,,102.4666,,0,,14.54,7.71,stop,1.21,,CAMERA_ONLY
0,58.4768,t1012,LIDAR_ONLY,15.6653,15.6653,64.5739,48.9086,48.9086,75.7405,75.7405,0,0,14.54,7.71,drive,23.26,front,LIDAR_ONLY
0,58.4768,t1012,LIDAR_ONLY,14.7587,14.7587,64.5739,49.8153,49.8153,77.1445,77.1445,0,0,14.54,7.71,drive,21.72,front,LIDAR_ONLY
0,58.4768,t1012,LIDAR_ONLY,14.7455,14.7455,64.5739,49.8285,49.8285,77.1650,77.1650,0,0,14.54,7.71,drive,22.95,front,LIDAR_ONLY
0,58.4768,t1016,LIDAR_ONLY,17.8168,17.8168,64.5739,46.7571,46.7571,72.4086,72.4086,0,0,14.54,7.71,drive,18.34,front,LIDAR_ONLY
0,58.4768,t1016,LIDAR_ONLY,17.9876,17.9876,64.5739,46.5863,46.5863,72.1442,72.1442,0,0,14.54,7.71,drive,19.26,front,LIDAR_ONLY
0,58.4768,t1016,LIDAR_ONLY,18.1495,18.1495,64.5739,46.4245,46.4245,71.8935,71.8935,0,0,14.54,7.71,drive,19.72,front,LIDAR_ONLY
0,58.4768,t1016,LIDAR_ONLY,18.3095,18.3095,64.5739,46.2645,46.2645,71.6457,71.6457,0,0,14.54,7.71,drive,20.18,front,LIDAR_ONLY
0,58.4768,t1016,LIDAR_ONLY,18.0162,18.0162,64.5739,46.5577,46.5577,72.0999,72.0999,0,0,14.54,7.71,drive,20.64,front,LIDAR_ONLY
0,58.4768,t1016,LIDAR_ONLY,17.1850,17.1850,64.5739,47.3890,47.3890,73.3871,73.3871,0,0,14.54,7.71,drive,21.11,front,LIDAR_ONLY
0,58.4768,t1016,LIDAR_ONLY,17.2124,17.2124,64.5739,47.3615,47.3615,73.3447,73.3447,0,0,14.54,7.71,drive,18.80,front,LIDAR_ONLY
0,58.4768,t1011,LIDAR_ONLY,6.7845,6.7845,6.2044,0.5800,0.5800,9.3487,9.3487,1,1,14.54,7.71,slow,8.15,front,LIDAR_ONLY
0,58.4768,t1016,LIDAR_ONLY,17.3786,17.3786,64.5739,47.1954,47.1954,73.0873,73.0873,0,0,14.54,7.71,drive,17.42,front,LIDAR_ONLY
0,58.5490,cam_4,CAM_ONLY,12.5812,,6.2044,6.3768,,102.7780,,0,,13.42,5.13,stop,1.21,,CAMERA_ONLY
0,58.5490,t1012,LIDAR_ONLY,15.0163,15.0163,64.5739,49.5577,49.5577,76.7456,76.7456,0,0,13.42,5.13,drive,20.49,front,LIDAR_ONLY
0,58.5490,t1012,LIDAR_ONLY,24.4544,24.4544,64.5739,40.1195,40.1195,62.1296,62.1296,0,0,13.42,5.13,drive,22.42,front,LIDAR_ONLY
0,58.5490,t1016,LIDAR_ONLY,17.9073,17.9073,64.5739,46.6667,46.6667,72.2686,72.2686,0,0,13.42,5.13,drive,16.81,front,LIDAR_ONLY
0,58.5490,t1016,LIDAR_ONLY,18.8007,18.8007,64.5739,45.7732,45.7732,70.8849,70.8849,0,0,13.42,5.13,drive,17.27,front,LIDAR_ONLY
0,58.5490,t1016,LIDAR_ONLY,19.6127,19.6127,64.5739,44.9612,44.9612,69.6275,69.6275,0,0,13.42,5.13,drive,18.65,front,LIDAR_ONLY
0,58.5490,t1016,LIDAR_ONLY,20.0773,20.0773,64.5739,44.4967,44.4967,68.9081,68.9081,0,0,13.42,5.13,drive,19.57,front,LIDAR_ONLY
0,58.5490,t1016,LIDAR_ONLY,20.1265,20.1265,64.5739,44.4474,44.4474,68.8318,68.8318,0,0,13.42,5.13,drive,20.03,front,LIDAR_ONLY
0,58.5490,t1016,LIDAR_ONLY,19.1759,19.1759,64.5739,45.3981,45.3981,70.3040,70.3040,0,0,13.42,5.13,drive,19.11,front,LIDAR_ONLY
0,58.5490,t1016,LIDAR_ONLY,18.7967,18.7967,64.5739,45.7772,45.7772,70.8912,70.8912,0,0,13.42,5.13,drive,17.73,front,LIDAR_ONLY
0,58.6262,cam_4,CAM_ONLY,12.5582,,6.2044,6.3538,,102.4067,,0,,20.42,6.69,stop,1.16,,CAMERA_ONLY
0,58.6981,cam_4,CAM_ONLY,12.5296,,6.2044,6.3252,,101.9463,,0,,11.26,4.45,stop,1.12,,CAMERA_ONLY
0,58.6981,t1016,LIDAR_ONLY,20.0267,20.0267,64.5739,44.5472,44.5472,68.9864,68.9864,0,0,11.26,4.45,drive,19.52,front,LIDAR_ONLY
0,58.6981,t1029,LIDAR_ONLY,47.3204,47.3204,,,,,,,,11.26,4.45,drive,-8.73,front,LIDAR_ONLY
0,58.6981,t1011,LIDAR_ONLY,6.8310,6.8310,6.2044,0.6266,0.6266,10.0986,10.0986,1,1,11.26,4.45,slow,2.21,front,LIDAR_ONLY
0,58.6981,t1016,LIDAR_ONLY,21.1492,21.1492,64.5739,43.4247,43.4247,67.2480,67.2480,0,0,11.26,4.45,drive,17.06,front,LIDAR_ONLY
0,58.6981,t1016,LIDAR_ONLY,22.2351,22.2351,64.5739,42.3388,42.3388,65.5665,65.5665,0,0,11.26,4.45,drive,17.98,front,LIDAR_ONLY
0,58.6981,t1016,LIDAR_ONLY,23.1669,23.1669,64.5739,41.4070,41.4070,64.1234,64.1234,0,0,11.26,4.45,drive,18.45,front,LIDAR_ONLY
0,58.6981,t1016,LIDAR_ONLY,23.6240,23.6240,64.5739,40.9500,40.9500,63.4157,63.4157,0,0,11.26,4.45,drive,18.91,front,LIDAR_ONLY
0,58.6981,t1011,LIDAR_ONLY,6.8628,6.8628,6.2044,0.6584,0.6584,10.6113,10.6113,1,1,11.26,4.45,slow,1.84,front,LIDAR_ONLY
0,58.6981,t1016,LIDAR_ONLY,20.6278,20.6278,64.5739,43.9462,43.9462,68.0556,68.0556,0,0,11.26,4.45,drive,17.52,front,LIDAR_ONLY
0,58.6981,t1016,LIDAR_ONLY,19.8480,19.8480,64.5739,44.7260,44.7260,69.2632,69.2632,0,0,11.26,4.45,drive,19.37,front,LIDAR_ONLY
0,58.6981,t1016,LIDAR_ONLY,19.2930,19.2930,64.5739,45.2810,45.2810,70.1227,70.1227,0,0,11.26,4.45,drive,19.83,front,LIDAR_ONLY
0,58.6981,t1011,LIDAR_ONLY,6.4739,6.4739,6.2044,0.2695,0.2695,4.3436,4.3436,1,1,11.26,4.45,slow,0.14,front,LIDAR_ONLY
0,58.6981,t1031,LIDAR_ONLY,28.0046,28.0046,,,,,,,,11.26,4.45,drive,-27.71,front,LIDAR_ONLY
0,58.6981,t1031,LIDAR_ONLY,28.5566,28.5566,,,,,,,,11.26,4.45,drive,-20.71,front,LIDAR_ONLY
0,58.7665,cam_4,CAM_ONLY,12.5597,,6.2044,6.3553,,102.4312,,0,,9.23,6.13,stop,1.21,,CAMERA_ONLY
0,58.8301,cam_4,CAM_ONLY,12.5663,,6.2044,6.3619,,102.5377,,0,,10.46,2.97,stop,1.21,,CAMERA_ONLY
0,58.8971,cam_4,CAM_ONLY,12.5675,,6.2044,6.3630,,102.5563,,0,,17.77,3.97,stop,1.21,,CAMERA_ONLY
0,58.8971,t1016,LIDAR_ONLY,21.2148,21.2148,64.5739,43.3592,43.3592,67.1465,67.1465,0,0,17.77,3.97,drive,20.13,front,LIDAR_ONLY
0,58.8971,t1016,LIDAR_ONLY,24.7427,24.7427,64.5739,39.8312,39.8312,61.6831,61.6831,0,0,17.77,3.97,drive,22.39,front,LIDAR_ONLY
0,58.8971,t1016,LIDAR_ONLY,27.1626,27.1626,64.5739,37.4114,37.4114,57.9357,57.9357,0,0,17.77,3.97,drive,18.06,front,LIDAR_ONLY
0,58.8971,t1016,LIDAR_ONLY,28.9220,28.9220,64.5739,35.6519,35.6519,55.2110,55.2110,0,0,17.77,3.97,drive,18.52,front,LIDAR_ONLY
0,58.8971,t1016,LIDAR_ONLY,30.1806,30.1806,64.5739,34.3934,34.3934,53.2620,53.2620,0,0,17.77,3.97,drive,19.44,front,LIDAR_ONLY
0,58.8971,t1016,LIDAR_ONLY,26.4546,26.4546,64.5739,38.1193,38.1193,59.0320,59.0320,0,0,17.77,3.97,drive,20.36,front,LIDAR_ONLY
0,58.8971,t1016,LIDAR_ONLY,18.7798,18.7798,64.5739,45.7941,45.7941,70.9174,70.9174,0,0,17.77,3.97,drive,18.98,front,LIDAR_ONLY
0,58.8971,t1016,LIDAR_ONLY,19.1682,19.1682,64.5739,45.4057,45.4057,70.3159,70.3159,0,0,17.77,3.97,drive,16.67,front,LIDAR_ONLY
0,58.8971,t1016,LIDAR_ONLY,19.1988,19.1988,64.5739,45.3751,45.3751,70.2685,70.2685,0,0,17.77,3.97,drive,21.28,front,LIDAR_ONLY
0,58.9600,cam_4,CAM_ONLY,12.5399,,6.2044,6.3355,,102.1123,,0,,13.77,4.89,stop,1.12,,CAMERA_ONLY
0,59.0170,cam_4,CAM_ONLY,12.5748,,6.2044,6.3703,,102.6738,,0,,11.19,3.33,stop,1.21,,CAMERA_ONLY
0,59.0840,cam_4,CAM_ONLY,12.5181,,6.2044,6.3137,,101.7608,,0,,19.70,2.91,stop,1.16,,CAMERA_ONLY
0,59.0840,t1041,LIDAR_ONLY,26.8918,26.8918,,,,,,,,19.70,2.91,drive,-29.81,front,LIDAR_ONLY
0,59.0840,t1041,LIDAR_ONLY,27.0503,27.0503,,,,,,,,19.70,2.91,drive,-27.79,front,LIDAR_ONLY
0,59.0840,t1041,LIDAR_ONLY,27.3512,27.3512,,,,,,,,19.70,2.91,drive,-25.08,front,LIDAR_ONLY
0,59.0840,t1041,LIDAR_ONLY,27.7221,27.7221,,,,,,,,19.70,2.91,drive,-23.01,front,LIDAR_ONLY
0,59.1615,cam_4,CAM_ONLY,12.5219,,6.2044,6.3175,,101.8217,,0,,16.70,3.20,stop,1.16,,CAMERA_ONLY
0,59.2301,cam_4,CAM_ONLY,12.5594,,6.2044,6.3549,,102.4254,,0,,16.13,4.59,stop,1.21,,CAMERA_ONLY
0,59.3016,t1049,BOTH,12.5733,8.2512,6.2044,6.3689,2.0468,102.6499,32.9892,0,0,18.01,6.61,stop,1.21,,FULL_ANGLE
0,59.3016,t1046,LIDAR_ONLY,46.8028,46.8028,64.5739,17.7711,17.7711,27.5206,27.5206,0,0,18.01,6.61,drive,20.39,front,LIDAR_ONLY
0,59.3016,t1046,LIDAR_ONLY,46.8186,46.8186,64.5739,17.7553,17.7553,27.4961,27.4961,0,0,18.01,6.61,drive,23.12,front,LIDAR_ONLY
0,59.3016,t1046,LIDAR_ONLY,46.6778,46.6778,64.5739,17.8961,17.8961,27.7142,27.7142,0,0,18.01,6.61,drive,22.06,front,LIDAR_ONLY
0,59.3016,t1049,LIDAR_ONLY,9.0412,9.0412,6.2044,2.8368,2.8368,45.7216,45.7216,0,0,18.01,6.61,slow,2.34,front,LIDAR_ONLY
0,59.3016,t1046,LIDAR_ONLY,42.9838,42.9838,64.5739,21.5902,21.5902,33.4348,33.4348,0,0,18.01,6.61,drive,17.21,front,LIDAR_ONLY
0,59.3016,t1046,LIDAR_ONLY,39.2031,39.2031,64.5739,25.3709,25.3709,39.2896,39.2896,0,0,18.01,6.61,drive,18.14,front,LIDAR_ONLY
0,59.3016,t1046,LIDAR_ONLY,31.0730,31.0730,64.5739,33.5009,33.5009,51.8799,51.8799,0,0,18.01,6.61,drive,18.60,front,LIDAR_ONLY
0,59.3016,t1046,LIDAR_ONLY,24.8358,24.8358,64.5739,39.7381,39.7381,61.5389,61.5389,0,0,18.01,6.61,drive,19.52,front,LIDAR_ONLY
0,59.3016,t1046,LIDAR_ONLY,19.4942,19.4942,64.5739,45.0797,45.0797,69.8110,69.8110,0,0,18.01,6.61,drive,19.98,front,LIDAR_ONLY
0,59.3016,t1049,LIDAR_ONLY,6.4954,6.4954,6.2044,0.2909,0.2909,4.6892,4.6892,1,1,18.01,6.61,slow,0.58,front,LIDAR_ONLY
0,59.3016,t1046,LIDAR_ONLY,19.3554,19.3554,64.5739,45.2185,45.2185,70.0260,70.0260,0,0,18.01,6.61,drive,17.68,front,LIDAR_ONLY
0,59.3016,t1041,LIDAR_ONLY,27.9422,27.9422,,,,,,,,18.01,6.61,drive,-27.88,front,LIDAR_ONLY
0,59.3016,t1041,LIDAR_ONLY,28.4074,28.4074,,,,,,,,18.01,6.61,drive,-22.91,front,LIDAR_ONLY
0,59.3652,cam_4,CAM_ONLY,12.5237,,6.2044,6.3192,,101.8504,,0,,13.64,5.04,stop,1.16,,CAMERA_ONLY
0,59.4355,cam_4,CAM_ONLY,12.5783,,6.2044,6.3739,,102.7313,,0,,11.26,2.75,stop,1.21,,CAMERA_ONLY
0,59.4355,t1041,LIDAR_ONLY,28.6429,28.6429,,,,,,,,11.26,2.75,drive,-29.26,front,LIDAR_ONLY
0,59.4355,t1041,LIDAR_ONLY,28.7351,28.7351,,,,,,,,11.26,2.75,drive,-26.92,front,LIDAR_ONLY
0,59.4355,t1041,LIDAR_ONLY,28.8670,28.8670,,,,,,,,11.26,2.75,drive,-23.17,front,LIDAR_ONLY
0,59.4982,cam_4,CAM_ONLY,12.5527,,6.2044,6.3483,,102.3179,,0,,12.89,4.81,stop,1.16,,CAMERA_ONLY
0,59.4982,t1049,LIDAR_ONLY,6.8098,6.8098,6.2044,0.6054,0.6054,9.7575,9.7575,1,1,12.89,4.81,slow,-8.77,front,LIDAR_ONLY
0,59.4982,t1046,LIDAR_ONLY,21.5251,21.5251,64.5739,43.0488,43.0488,66.6660,66.6660,0,0,12.89,4.81,drive,22.16,front,LIDAR_ONLY
0,59.4982,t1049,LIDAR_ONLY,7.0508,7.0508,6.2044,0.8463,0.8463,13.6410,13.6410,1,1,12.89,4.81,slow,1.07,front,LIDAR_ONLY
0,59.4982,t1046,LIDAR_ONLY,23.2991,23.2991,64.5739,41.2749,41.2749,63.9188,63.9188,0,0,12.89,4.81,drive,17.40,front,LIDAR_ONLY
0,59.4982,t1046,LIDAR_ONLY,24.6470,24.6470,64.5739,39.9270,39.9270,61.8314,61.8314,0,0,12.89,4.81,drive,18.32,front,LIDAR_ONLY
0,59.4982,t1046,LIDAR_ONLY,25.4349,25.4349,64.5739,39.1390,39.1390,60.6111,60.6111,0,0,12.89,4.81,drive,18.78,front,LIDAR_ONLY
0,59.4982,t1046,LIDAR_ONLY,25.8579,25.8579,64.5739,38.7161,38.7161,59.9562,59.9562,0,0,12.89,4.81,drive,19.71,front,LIDAR_ONLY
0,59.4982,t1046,LIDAR_ONLY,19.4256,19.4256,64.5739,45.1483,45.1483,69.9172,69.9172,0,0,12.89,4.81,drive,20.63,front,LIDAR_ONLY
0,59.4982,t1049,LIDAR_ONLY,7.2050,7.2050,6.2044,1.0005,1.0005,16.1262,16.1262,0,0,12.89,4.81,slow,1.59,front,LIDAR_ONLY
0,59.4982,t1046,LIDAR_ONLY,19.8482,19.8482,64.5739,44.7258,44.7258,69.2629,69.2629,0,0,12.89,4.81,drive,16.48,front,LIDAR_ONLY
0,59.4982,t1049,LIDAR_ONLY,7.0325,7.0325,6.2044,0.8281,0.8281,13.3464,13.3464,1,1,12.89,4.81,slow,0.66,front,LIDAR_ONLY
0,59.4982,t1046,LIDAR_ONLY,20.2023,20.2023,64.5739,44.3717,44.3717,68.7145,68.7145,0,0,12.89,4.81,drive,17.86,front,LIDAR_ONLY
0,59.4982,t1046,LIDAR_ONLY,20.4030,20.4030,64.5739,44.1709,44.1709,68.4037,68.4037,0,0,12.89,4.81,drive,20.17,front,LIDAR_ONLY
0,59.4982,t1041,LIDAR_ONLY,28.9753,28.9753,,,,,,,,12.89,4.81,drive,-26.42,front,LIDAR_ONLY
0,59.4982,t1041,LIDAR_ONLY,29.0464,29.0464,,,,,,,,12.89,4.81,drive,-22.41,front,LIDAR_ONLY
0,59.5722,cam_4,CAM_ONLY,12.5679,,6.2044,6.3635,,102.5628,,0,,11.22,3.61,stop,1.21,,CAMERA_ONLY
0,59.6321,cam_4,CAM_ONLY,12.5261,,6.2044,6.3217,,101.8892,,0,,11.25,1.74,stop,1.12,,CAMERA_ONLY
0,59.6321,t1041,LIDAR_ONLY,28.6263,28.6263,,,,,,,,11.25,1.74,drive,-29.94,front,LIDAR_ONLY
0,59.6321,t1041,LIDAR_ONLY,28.6147,28.6147,,,,,,,,11.25,1.74,drive,-27.15,front,LIDAR_ONLY
0,59.7067,cam_4,CAM_ONLY,12.5400,,6.2044,6.3356,,102.1140,,0,,20.17,3.74,stop,1.16,,CAMERA_ONLY
0,59.7067,t1046,LIDAR_ONLY,24.5066,24.5066,64.5739,40.0674,40.0674,62.0488,62.0488,0,0,20.17,3.74,drive,21.59,front,LIDAR_ONLY
0,59.7067,t1049,LIDAR_ONLY,7.2432,7.2432,6.2044,1.0387,1.0387,16.7420,16.7420,0,0,20.17,3.74,slow,1.78,front,LIDAR_ONLY
0,59.7067,t1046,LIDAR_ONLY,27.5916,27.5916,64.5739,36.9823,36.9823,57.2712,57.2712,0,0,20.17,3.74,drive,16.87,front,LIDAR_ONLY
0,59.7067,t1046,LIDAR_ONLY,29.3984,29.3984,64.5739,35.1755,35.1755,54.4733,54.4733,0,0,20.17,3.74,drive,17.33,front,LIDAR_ONLY
0,59.7067,t1046,LIDAR_ONLY,30.3403,30.3403,64.5739,34.2337,34.2337,53.0147,53.0147,0,0,20.17,3.74,drive,18.25,front,LIDAR_ONLY
0,59.7067,t1046,LIDAR_ONLY,30.8162,30.8162,64.5739,33.7578,33.7578,52.2777,52.2777,0,0,20.17,3.74,drive,20.55,front,LIDAR_ONLY
0,59.7067,t1049,LIDAR_ONLY,6.7911,6.7911,6.2044,0.5867,0.5867,9.4557,9.4557,1,1,20.17,3.74,slow,0.92,front,LIDAR_ONLY
0,59.7067,t1049,LIDAR_ONLY,6.8474,6.8474,6.2044,0.6430,0.6430,10.3636,10.3636,1,1,20.17,3.74,slow,9.49,front,LIDAR_ONLY
0,59.7067,t1046,LIDAR_ONLY,20.9702,20.9702,64.5739,43.6037,43.6037,67.5252,67.5252,0,0,20.17,3.74,drive,17.79,front,LIDAR_ONLY
0,59.7067,t1046,LIDAR_ONLY,19.8170,19.8170,64.5739,44.7570,44.7570,69.3112,69.3112,0,0,20.17,3.74,drive,18.71,front,LIDAR_ONLY
0,59.7067,t1046,LIDAR_ONLY,19.2998,19.2998,64.5739,45.2741,45.2741,70.1121,70.1121,0,0,20.17,3.74,drive,19.17,front,LIDAR_ONLY
0,59.7067,t1049,LIDAR_ONLY,6.6610,6.6610,6.2044,0.4565,0.4565,7.3584,7.3584,1,1,20.17,3.74,slow,0.68,front,LIDAR_ONLY
0,59.7067,t1046,LIDAR_ONLY,18.8728,18.8728,64.5739,45.7012,45.7012,70.7734,70.7734,0,0,20.17,3.74,drive,19.63,front,LIDAR_ONLY
0,59.7067,t1046,LIDAR_ONLY,18.9353,18.9353,64.5739,45.6386,45.6386,70.6765,70.6765,0,0,20.17,3.74,drive,20.09,front,LIDAR_ONLY
0,59.7756,cam_4,CAM_ONLY,12.5196,,6.2044,6.3152,,101.7851,,0,,15.32,3.59,stop,1.16,,CAMERA_ONLY
0,59.8306,cam_4,CAM_ONLY,12.5237,,6.2044,6.3193,,101.8511,,0,,10.00,1.69,stop,1.16,,CAMERA_ONLY
0,59.8306,t1041,LIDAR_ONLY,28.1010,28.1010,,,,,,,,10.00,1.69,drive,-27.94,front,LIDAR_ONLY
0,59.9307,cam_4,CAM_ONLY,12.5590,,6.2044,6.3545,,102.4189,,0,,9.06,2.47,stop,1.21,,CAMERA_ONLY
0,59.9897,t1062,BOTH,12.5330,9.0380,32.3907,19.8577,23.3526,61.3069,72.0968,0,0,13.00,2.80,stop,1.12,,FULL_ANGLE
0,59.9897,t1061,LIDAR_ONLY,46.4782,46.4782,64.5739,18.0957,18.0957,28.0233,28.0233,0,0,13.00,2.80,drive,20.84,front,LIDAR_ONLY
0,59.9897,t1061,LIDAR_ONLY,46.5034,46.5034,64.5739,18.0705,18.0705,27.9842,27.9842,0,0,13.00,2.80,drive,22.14,front,LIDAR_ONLY
0,59.9897,t1061,LIDAR_ONLY,36.5613,36.5613,64.5739,28.0127,28.0127,43.3808,43.3808,0,0,13.00,2.80,drive,19.22,front,LIDAR_ONLY
0,59.9897,t1061,LIDAR_ONLY,33.1611,33.1611,64.5739,31.4128,31.4128,48.6463,48.6463,0,0,13.00,2.80,drive,20.14,front,LIDAR_ONLY
0,59.9897,t1061,LIDAR_ONLY,29.4295,29.4295,64.5739,35.1445,35.1445,54.4251,54.4251,0,0,13.00,2.80,drive,20.61,front,LIDAR_ONLY
0,59.9897,t1061,LIDAR_ONLY,21.4097,21.4097,64.5739,43.1643,43.1643,66.8447,66.8447,0,0,13.00,2.80,drive,21.07,front,LIDAR_ONLY
0,59.9897,t1062,LIDAR_ONLY,6.5587,6.5587,32.3907,25.8319,25.8319,79.7511,79.7511,0,0,13.00,2.80,slow,1.10,front,LIDAR_ONLY
0,59.9897,t1062,LIDAR_ONLY,6.6531,6.6531,32.3907,25.7376,25.7376,79.4598,79.4598,0,0,13.00,2.80,slow,9.99,front,LIDAR_ONLY
0,59.9897,t1061,LIDAR_ONLY,18.0220,18.0220,64.5739,46.5519,46.5519,72.0909,72.0909,0,0,13.00,2.80,drive,17.37,front,LIDAR_ONLY
0,59.9897,t1061,LIDAR_ONLY,18.0984,18.0984,64.5739,46.4755,46.4755,71.9726,71.9726,0,0,13.00,2.80,drive,18.30,front,LIDAR_ONLY
0,59.9897,t1041,LIDAR_ONLY,27.9049,27.9049,,,,,,,,13.00,2.80,drive,-27.82,front,LIDAR_ONLY
0,59.9897,t1041,LIDAR_ONLY,27.8798,27.8798,,,,,,,,13.00,2.80,drive,-23.71,front,LIDAR_ONLY
0,60.0534,cam_4,CAM_ONLY,12.5447,,6.2044,6.3402,,102.1888,,0,,13.02,5.20,stop,1.12,,CAMERA_ONLY
0,60.1228,cam_4,CAM_ONLY,12.5445,,6.2044,6.3400,,102.1850,,0,,13.15,3.17,stop,1.12,,CAMERA_ONLY
0,60.1975,cam_4,CAM_ONLY,12.5391,,6.2044,6.3347,,102.0994,,0,,13.22,4.50,stop,1.16,,CAMERA_ONLY
0,60.1975,t1061,LIDAR_ONLY,19.4577,19.4577,64.5739,45.1163,45.1163,69.8676,69.8676,0,0,13.22,4.50,drive,19.09,front,LIDAR_ONLY
0,60.1975,t1061,LIDAR_ONLY,23.1692,23.1692,64.5739,41.4048,41.4048,64.1199,64.1199,0,0,13.22,4.50,drive,21.76,front,LIDAR_ONLY
0,60.1975,t1061,LIDAR_ONLY,27.4532,27.4532,64.5739,37.1207,37.1207,57.4856,57.4856,0,0,13.22,4.50,drive,23.70,front,LIDAR_ONLY
0,60.1975,t1061,LIDAR_ONLY,30.4829,30.4829,64.5739,34.0911,34.0911,52.7939,52.7939,0,0,13.22,4.50,drive,17.10,front,LIDAR_ONLY
0,60.1975,t1061,LIDAR_ONLY,32.8406,32.8406,64.5739,31.7333,31.7333,49.1426,49.1426,0,0,13.22,4.50,drive,18.48,front,LIDAR_ONLY
0,60.1975,t1061,LIDAR_ONLY,32.1566,32.1566,64.5739,32.4173,32.4173,50.2019,50.2019,0,0,13.22,4.50,drive,19.40,front,LIDAR_ONLY
0,60.1975,t1061,LIDAR_ONLY,23.2166,23.2166,64.5739,41.3573,41.3573,64.0464,64.0464,0,0,13.22,4.50,drive,19.86,front,LIDAR_ONLY
0,60.1975,t1061,LIDAR_ONLY,18.4457,18.4457,64.5739,46.1283,46.1283,71.4348,71.4348,0,0,13.22,4.50,drive,21.24,front,LIDAR_ONLY
0,60.1975,t1061,LIDAR_ONLY,18.1539,18.1539,64.5739,46.4200,46.4200,71.8866,71.8866,0,0,13.22,4.50,drive,17.56,front,LIDAR_ONLY
0,60.2705,cam_4,CAM_ONLY,12.5441,,6.2044,6.3397,,102.1799,,0,,13.62,2.80,stop,1.12,,CAMERA_ONLY
0,60.3405,cam_4,CAM_ONLY,12.5320,,6.2044,6.3276,,101.9846,,0,,10.74,6.53,stop,1.16,,CAMERA_ONLY
0,60.4218,cam_4,CAM_ONLY,12.5272,,6.2044,6.3228,,101.9072,,0,,19.49,13.30,stop,1.12,,CAMERA_ONLY
0,60.4976,t1073,BOTH,12.5329,9.0177,6.2044,6.3285,2.8132,101.9988,45.3425,0,0,17.52,5.61,stop,1.12,,FULL_ANGLE
0,60.4976,t1072,LIDAR_ONLY,45.4398,45.4398,64.5739,19.1342,19.1342,29.6314,29.6314,0,0,17.52,5.61,drive,19.49,front,LIDAR_ONLY
0,60.4976,t1072,LIDAR_ONLY,45.6492,45.6492,64.5739,18.9247,18.9247,29.3071,29.3071,0,0,17.52,5.61,drive,20.64,front,LIDAR_ONLY
0,60.4976,t1072,LIDAR_ONLY,41.8310,41.8310,64.5739,22.7430,22.7430,35.2200,35.2200,0,0,17.52,5.61,drive,16.72,front,LIDAR_ONLY
0,60.4976,t1072,LIDAR_ONLY,38.1432,38.1432,64.5739,26.4307,26.4307,40.9310,40.9310,0,0,17.52,5.61,drive,17.18,front,LIDAR_ONLY
0,60.4976,t1072,LIDAR_ONLY,35.4740,35.4740,64.5739,29.0999,29.0999,45.0645,45.0645,0,0,17.52,5.61,drive,17.64,front,LIDAR_ONLY
0,60.4976,t1072,LIDAR_ONLY,30.1998,30.1998,64.5739,34.3742,34.3742,53.2323,53.2323,0,0,17.52,5.61,drive,18.10,front,LIDAR_ONLY
0,60.4976,t1072,LIDAR_ONLY,22.0728,22.0728,64.5739,42.5011,42.5011,65.8178,65.8178,0,0,17.52,5.61,drive,18.56,front,LIDAR_ONLY
0,60.4976,t1072,LIDAR_ONLY,20.1999,20.1999,64.5739,44.3740,44.3740,68.7181,68.7181,0,0,17.52,5.61,drive,19.02,front,LIDAR_ONLY
0,60.4976,t1072,LIDAR_ONLY,19.4690,19.4690,64.5739,45.1049,45.1049,69.8500,69.8500,0,0,17.52,5.61,drive,19.95,front,LIDAR_ONLY
0,60.4976,t1072,LIDAR_ONLY,18.5483,18.5483,64.5739,46.0257,46.0257,71.2759,71.2759,0,0,17.52,5.61,drive,20.41,front,LIDAR_ONLY
0,60.4976,t1072,LIDAR_ONLY,17.7685,17.7685,64.5739,46.8055,46.8055,72.4835,72.4835,0,0,17.52,5.61,drive,20.87,front,LIDAR_ONLY
0,60.4976,t1073,LIDAR_ONLY,8.2707,8.2707,6.2044,2.0663,2.0663,33.3036,33.3036,0,0,17.52,5.61,slow,5.48,front,LIDAR_ONLY
0,60.4976,t1072,LIDAR_ONLY,17.5849,17.5849,64.5739,46.9890,46.9890,72.7678,72.7678,0,0,17.52,5.61,drive,19.49,front,LIDAR_ONLY
0,60.4976,t1072,LIDAR_ONLY,16.9020,16.9020,64.5739,47.6720,47.6720,73.8254,73.8254,0,0,17.52,5.61,drive,21.33,front,LIDAR_ONLY
0,60.4976,t1073,LIDAR_ONLY,6.4954,6.4954,6.2044,0.2909,0.2909,4.6889,4.6889,1,1,17.52,5.61,slow,6.01,front,LIDAR_ONLY
0,60.5646,cam_4,CAM_ONLY,12.5284,,6.2044,6.3240,,101.9267,,0,,14.01,3.29,stop,1.16,,CAMERA_ONLY
0,60.6407,cam_4,CAM_ONLY,12.5210,,6.2044,6.3166,,101.8076,,0,,19.36,4.31,stop,1.16,,CAMERA_ONLY
0,60.6407,t1072,LIDAR_ONLY,20.9526,20.9526,64.5739,43.6214,43.6214,67.5526,67.5526,0,0,19.36,4.31,drive,21.20,front,LIDAR_ONLY
0,60.6407,t1073,LIDAR_ONLY,6.5762,6.5762,6.2044,0.3718,0.3718,5.9924,5.9924,1,1,19.36,4.31,slow,2.33,front,LIDAR_ONLY
0,60.6407,t1072,LIDAR_ONLY,24.3387,24.3387,64.5739,40.2352,40.2352,62.3088,62.3088,0,0,19.36,4.31,drive,17.28,front,LIDAR_ONLY
0,60.6407,t1072,LIDAR_ONLY,27.1209,27.1209,64.5739,37.4530,37.4530,58.0002,58.0002,0,0,19.36,4.31,drive,19.12,front,LIDAR_ONLY
0,60.6407,t1072,LIDAR_ONLY,29.0642,29.0642,64.5739,35.5097,35.5097,54.9908,54.9908,0,0,19.36,4.31,drive,19.58,front,LIDAR_ONLY
0,60.6407,t1072,LIDAR_ONLY,30.6714,30.6714,64.5739,33.9025,33.9025,52.5019,52.5019,0,0,19.36,4.31,drive,20.04,front,LIDAR_ONLY
0,60.6407,t1072,LIDAR_ONLY,18.6043,18.6043,64.5739,45.9697,45.9697,71.1892,71.1892,0,0,19.36,4.31,drive,20.50,front,LIDAR_ONLY
0,60.6407,t1072,LIDAR_ONLY,16.5384,16.5384,64.5739,48.0355,48.0355,74.3884,74.3884,0,0,19.36,4.31,drive,21.90,front,LIDAR_ONLY
0,60.6407,t1073,LIDAR_ONLY,6.5373,6.5373,6.2044,0.3329,0.3329,5.3648,5.3648,1,1,19.36,4.31,slow,0.81,front,LIDAR_ONLY
0,60.6407,t1072,LIDAR_ONLY,16.6756,16.6756,64.5739,47.8983,47.8983,74.1759,74.1759,0,0,19.36,4.31,drive,17.74,front,LIDAR_ONLY
0,60.6407,t1075,LIDAR_ONLY,29.1364,29.1364,,,,,,,,19.36,4.31,drive,-25.88,front,LIDAR_ONLY
0,60.6407,t1075,LIDAR_ONLY,29.4715,29.4715,,,,,,,,19.36,4.31,drive,-21.75,front,LIDAR_ONLY
0,60.7055,cam_4,CAM_ONLY,12.5419,,6.2044,6.3374,,102.1434,,0,,15.62,4.93,stop,1.16,,CAMERA_ONLY
0,60.7646,cam_4,CAM_ONLY,12.5353,,6.2044,6.3308,,102.0369,,0,,13.05,2.60,stop,1.16,,CAMERA_ONLY
0,60.8267,cam_4,CAM_ONLY,12.5205,,6.2044,6.3161,,101.7994,,0,,11.48,3.09,stop,1.12,,CAMERA_ONLY
0,60.8897,t1087,BOTH,12.5670,8.2079,6.2044,6.3625,2.0035,102.5480,32.2909,0,0,14.82,3.01,stop,1.21,,FULL_ANGLE
0,60.8897,t1084,LIDAR_ONLY,46.6167,46.6167,64.5739,17.9572,17.9572,27.8088,27.8088,0,0,14.82,3.01,drive,21.41,front,LIDAR_ONLY
0,60.8897,t1084,LIDAR_ONLY,46.6316,46.6316,64.5739,17.9424,17.9424,27.7857,27.7857,0,0,14.82,3.01,drive,23.18,front,LIDAR_ONLY
0,60.8897,t1087,LIDAR_ONLY,9.0403,9.0403,6.2044,2.8359,2.8359,45.7071,45.7071,0,0,14.82,3.01,slow,2.46,front,LIDAR_ONLY
0,60.8897,t1084,LIDAR_ONLY,41.7078,41.7078,64.5739,22.8662,22.8662,35.4108,35.4108,0,0,14.82,3.01,drive,17.02,front,LIDAR_ONLY
0,60.8897,t1084,LIDAR_ONLY,36.1638,36.1638,64.5739,28.4101,28.4101,43.9963,43.9963,0,0,14.82,3.01,drive,17.95,front,LIDAR_ONLY
0,60.8897,t1084,LIDAR_ONLY,33.8362,33.8362,64.5739,30.7378,30.7378,47.6009,47.6009,0,0,14.82,3.01,drive,18.87,front,LIDAR_ONLY
0,60.8897,t1084,LIDAR_ONLY,24.4528,24.4528,64.5739,40.1211,40.1211,62.1320,62.1320,0,0,14.82,3.01,drive,20.25,front,LIDAR_ONLY
0,60.8897,t1084,LIDAR_ONLY,19.0192,19.0192,64.5739,45.5547,45.5547,70.5466,70.5466,0,0,14.82,3.01,drive,21.18,front,LIDAR_ONLY
0,60.8897,t1084,LIDAR_ONLY,18.2504,18.2504,64.5739,46.3235,46.3235,71.7371,71.7371,0,0,14.82,3.01,drive,19.33,front,LIDAR_ONLY
0,60.8897,t1087,LIDAR_ONLY,6.6425,6.6425,6.2044,0.4380,0.4380,7.0602,7.0602,1,1,14.82,3.01,slow,0.50,front,LIDAR_ONLY
0,60.8897,t1089,LIDAR_ONLY,27.0518,27.0518,,,,,,,,14.82,3.01,drive,-29.39,front,LIDAR_ONLY
0,60.8897,t1089,LIDAR_ONLY,27.2468,27.2468,,,,,,,,14.82,3.01,drive,-26.88,front,LIDAR_ONLY
0,60.8897,t1089,LIDAR_ONLY,27.5584,27.5584,,,,,,,,14.82,3.01,drive,-24.71,front,LIDAR_ONLY
0,60.8897,t1089,LIDAR_ONLY,28.0278,28.0278,,,,,,,,14.82,3.01,drive,-21.48,front,LIDAR_ONLY
0,60.8897,t1084,LIDAR_ONLY,17.3571,17.3571,64.5739,47.2168,47.2168,73.1205,73.1205,0,0,14.82,3.01,drive,20.71,front,LIDAR_ONLY
0,60.9644,cam_4,CAM_ONLY,12.5676,,6.2044,6.3632,,102.5581,,0,,17.16,4.39,stop,1.21,,CAMERA_ONLY
0,61.0291,cam_4,CAM_ONLY,12.5753,,6.2044,6.3709,,102.6822,,0,,12.94,3.67,stop,1.21,,CAMERA_ONLY
0,61.1005,t1093,BOTH,12.5654,8.0803,6.2044,6.3609,1.8758,102.5225,30.2334,0,0,17.00,3.97,stop,1.16,,FULL_ANGLE
0,61.1005,t1087,LIDAR_ONLY,6.8361,6.8361,,,,,,,,17.00,3.97,slow,-8.77,front,LIDAR_ONLY
0,61.1005,t1084,LIDAR_ONLY,18.7018,18.7018,64.5739,45.8722,45.8722,71.0382,71.0382,0,0,17.00,3.97,drive,19.24,front,LIDAR_ONLY
0,61.1005,t1084,LIDAR_ONLY,21.7772,21.7772,64.5739,42.7967,42.7967,66.2756,66.2756,0,0,17.00,3.97,drive,21.25,front,LIDAR_ONLY
0,61.1005,t1093,LIDAR_ONLY,9.0465,9.0465,6.2044,2.8420,2.8420,45.8066,45.8066,0,0,17.00,3.97,slow,2.00,front,LIDAR_ONLY
0,61.1005,t1084,LIDAR_ONLY,24.5817,24.5817,64.5739,39.9922,39.9922,61.9324,61.9324,0,0,17.00,3.97,drive,18.01,front,LIDAR_ONLY
0,61.1005,t1084,LIDAR_ONLY,26.2403,26.2403,64.5739,38.3337,38.3337,59.3640,59.3640,0,0,17.00,3.97,drive,20.32,front,LIDAR_ONLY
0,61.1005,t1084,LIDAR_ONLY,27.1939,27.1939,64.5739,37.3800,37.3800,57.8872,57.8872,0,0,17.00,3.97,drive,20.78,front,LIDAR_ONLY
0,61.1005,t1084,LIDAR_ONLY,25.5068,25.5068,64.5739,39.0672,39.0672,60.4999,60.4999,0,0,17.00,3.97,drive,17.55,front,LIDAR_ONLY
0,61.1005,t1084,LIDAR_ONLY,18.5799,18.5799,64.5739,45.9941,45.9941,71.2270,71.2270,0,0,17.00,3.97,drive,18.94,front,LIDAR_ONLY
0,61.1005,t1084,LIDAR_ONLY,18.0774,18.0774,64.5739,46.4966,46.4966,72.0052,72.0052,0,0,17.00,3.97,drive,19.86,front,LIDAR_ONLY
0,61.1005,t1084,LIDAR_ONLY,18.0014,18.0014,64.5739,46.5725,46.5725,72.1228,72.1228,0,0,17.00,3.97,drive,21.25,front,LIDAR_ONLY
0,61.1005,t1093,LIDAR_ONLY,6.5674,6.5674,6.2044,0.3629,0.3629,5.8494,5.8494,1,1,17.00,3.97,slow,0.99,front,LIDAR_ONLY
0,61.1759,cam_4,CAM_ONLY,12.5658,,6.2044,6.3614,,102.5298,,0,,11.04,9.58,stop,1.21,,CAMERA_ONLY
0,61.2688,cam_4,CAM_ONLY,12.5410,,6.2044,6.3366,,102.1293,,0,,18.52,4.41,stop,1.16,,CAMERA_ONLY
0,61.3344,cam_4,CAM_ONLY,12.5388,,6.2044,6.3343,,102.0935,,0,,16.81,2.40,stop,1.16,,CAMERA_ONLY
0,61.3344,t1087,LIDAR_ONLY,7.1599,7.1599,,,,,,,,16.81,2.40,slow,-8.67,front,LIDAR_ONLY
0,61.3344,t1093,LIDAR_ONLY,6.6066,6.6066,6.2044,0.4021,0.4021,6.4812,6.4812,1,1,16.81,2.40,slow,2.23,front,LIDAR_ONLY
0,61.3344,t1093,LIDAR_ONLY,6.6500,6.6500,6.2044,0.4455,0.4455,7.1811,7.1811,1,1,16.81,2.40,slow,1.47,front,LIDAR_ONLY
0,61.3344,t1093,LIDAR_ONLY,6.5363,6.5363,6.2044,0.3318,0.3318,5.3480,5.3480,1,1,16.81,2.40,slow,0.67,front,LIDAR_ONLY
0,61.3344,t1100,LIDAR_ONLY,27.1094,27.1094,,,,,,,,16.81,2.40,drive,-29.30,front,LIDAR_ONLY
0,61.4222,cam_4,CAM_ONLY,12.5770,,6.2044,6.3725,,102.7093,,0,,13.32,2.64,stop,1.21,,CAMERA_ONLY
0,61.4939,cam_4,CAM_ONLY,12.5403,,6.2044,6.3358,,102.1175,,0,,15.45,2.28,stop,1.16,,CAMERA_ONLY
0,61.4939,t1103,LIDAR_ONLY,46.4170,46.4170,64.5739,18.1570,18.1570,28.1181,28.1181,0,0,15.45,2.28,drive,21.74,front,LIDAR_ONLY
0,61.4939,t1093,LIDAR_ONLY,6.5437,6.5437,6.2044,0.3392,0.3392,5.4672,5.4672,1,1,15.45,2.28,slow,1.49,front,LIDAR_ONLY
0,61.4939,t1103,LIDAR_ONLY,42.1598,42.1598,64.5739,22.4141,22.4141,34.7108,34.7108,0,0,15.45,2.28,drive,17.81,front,LIDAR_ONLY
0,61.4939,t1103,LIDAR_ONLY,37.7556,37.7556,64.5739,26.8183,26.8183,41.5312,41.5312,0,0,15.45,2.28,drive,19.66,front,LIDAR_ONLY
0,61.4939,t1103,LIDAR_ONLY,35.3040,35.3040,64.5739,29.2699,29.2699,45.3278,45.3278,0,0,15.45,2.28,drive,20.12,front,LIDAR_ONLY
0,61.4939,t1103,LIDAR_ONLY,32.2157,32.2157,64.5739,32.3582,32.3582,50.1104,50.1104,0,0,15.45,2.28,drive,20.58,front,LIDAR_ONLY
0,61.4939,t1093,LIDAR_ONLY,6.6116,6.6116,6.2044,0.4072,0.4072,6.5626,6.5626,1,1,15.45,2.28,slow,2.32,front,LIDAR_ONLY
0,61.4939,t1093,LIDAR_ONLY,6.7437,6.7437,6.2044,0.5392,0.5392,8.6910,8.6910,1,1,15.45,2.28,slow,9.75,front,LIDAR_ONLY
0,61.4939,t1103,LIDAR_ONLY,19.2169,19.2169,64.5739,45.3570,45.3570,70.2405,70.2405,0,0,15.45,2.28,drive,16.89,front,LIDAR_ONLY
0,61.4939,t1103,LIDAR_ONLY,18.9701,18.9701,64.5739,45.6039,45.6039,70.6227,70.6227,0,0,15.45,2.28,drive,18.74,front,LIDAR_ONLY
0,61.4939,t1093,LIDAR_ONLY,6.6953,6.6953,6.2044,0.4909,0.4909,7.9114,7.9114,1,1,15.45,2.28,slow,0.81,front,LIDAR_ONLY
0,61.4939,t1103,LIDAR_ONLY,19.0203,19.0203,64.5739,45.5537,45.5537,70.5450,70.5450,0,0,15.45,2.28,drive,19.20,front,LIDAR_ONLY
0,61.4939,t1103,LIDAR_ONLY,18.8108,18.8108,64.5739,45.7631,45.7631,70.8693,70.8693,0,0,15.45,2.28,drive,21.04,front,LIDAR_ONLY
0,61.4939,t1100,LIDAR_ONLY,27.1405,27.1405,,,,,,,,15.45,2.28,drive,-28.94,front,LIDAR_ONLY
0,61.5789,cam_4,CAM_ONLY,12.5376,,6.2044,6.3332,,102.0748,,0,,14.56,4.18,stop,1.16,,CAMERA_ONLY
0,61.6418,cam_4,CAM_ONLY,12.5607,,6.2044,6.3562,,102.4467,,0,,15.46,3.35,stop,1.21,,CAMERA_ONLY
0,61.6418,t1103,LIDAR_ONLY,20.8522,20.8522,64.5739,43.7218,43.7218,67.7081,67.7081,0,0,15.46,3.35,drive,23.31,front,LIDAR_ONLY
0,61.6418,t1103,LIDAR_ONLY,23.8426,23.8426,64.5739,40.7314,40.7314,63.0771,63.0771,0,0,15.46,3.35,drive,22.55,front,LIDAR_ONLY
0,61.6418,t1093,LIDAR_ONLY,6.7882,6.7882,32.3907,25.6025,25.6025,79.0426,79.0426,0,0,15.46,3.35,slow,5.87,front,LIDAR_ONLY
0,61.6418,t1103,LIDAR_ONLY,26.4868,26.4868,64.5739,38.0872,38.0872,58.9822,58.9822,0,0,15.46,3.35,drive,16.74,front,LIDAR_ONLY
0,61.6418,t1103,LIDAR_ONLY,28.4593,28.4593,64.5739,36.1147,36.1147,55.9276,55.9276,0,0,15.46,3.35,drive,17.66,front,LIDAR_ONLY
0,61.6418,t1103,LIDAR_ONLY,30.0979,30.0979,64.5739,34.4761,34.4761,53.3901,53.3901,0,0,15.46,3.35,drive,18.13,front,LIDAR_ONLY
0,61.6418,t1103,LIDAR_ONLY,27.8673,27.8673,64.5739,36.7067,36.7067,56.8444,56.8444,0,0,15.46,3.35,drive,19.51,front,LIDAR_ONLY
0,61.6418,t1103,LIDAR_ONLY,20.6859,20.6859,64.5739,43.8881,43.8881,67.9656,67.9656,0,0,15.46,3.35,drive,19.97,front,LIDAR_ONLY
0,61.6418,t1103,LIDAR_ONLY,18.6791,18.6791,64.5739,45.8948,45.8948,71.0733,71.0733,0,0,15.46,3.35,drive,20.43,front,LIDAR_ONLY
0,61.6418,t1103,LIDAR_ONLY,17.9223,17.9223,64.5739,46.6517,46.6517,72.2454,72.2454,0,0,15.46,3.35,drive,20.89,front,LIDAR_ONLY
0,61.6418,t1093,LIDAR_ONLY,6.8272,6.8272,32.3907,25.5635,25.5635,78.9224,78.9224,0,0,15.46,3.35,slow,6.01,front,LIDAR_ONLY
0,61.6418,t1103,LIDAR_ONLY,17.9706,17.9706,64.5739,46.6034,46.6034,72.1706,72.1706,0,0,15.46,3.35,drive,17.20,front,LIDAR_ONLY
0,61.6418,t1103,LIDAR_ONLY,18.0775,18.0775,64.5739,46.4964,46.4964,72.0049,72.0049,0,0,15.46,3.35,drive,18.59,front,LIDAR_ONLY
0,61.6418,t1093,LIDAR_ONLY,6.7535,6.7535,32.3907,25.6371,25.6371,79.1497,79.1497,0,0,15.46,3.35,slow,6.45,front,LIDAR_ONLY
0,61.6418,t1093,LIDAR_ONLY,6.6508,6.6508,32.3907,25.7399,25.7399,79.4670,79.4670,0,0,15.46,3.35,slow,10.14,front,LIDAR_ONLY
0,61.7004,cam_4,CAM_ONLY,12.5621,,6.2044,6.3577,,102.4697,,0,,9.66,4.93,stop,1.16,,CAMERA_ONLY
0,61.7615,cam_4,CAM_ONLY,12.5661,,6.2044,6.3616,,102.5334,,0,,12.18,3.81,stop,1.21,,CAMERA_ONLY
0,61.8221,cam_4,CAM_ONLY,12.5197,,6.2044,6.3152,,101.7857,,0,,8.90,2.23,stop,1.16,,CAMERA_ONLY
0,61.8830,cam_4,CAM_ONLY,12.5173,,6.2044,6.3128,,101.7469,,0,,9.41,7.01,stop,1.12,,CAMERA_ONLY
0,61.9791,cam_4,CAM_ONLY,12.5667,,6.2044,6.3622,,102.5428,,0,,24.54,8.47,stop,1.21,,CAMERA_ONLY
0,62.0484,cam_4,CAM_ONLY,12.5630,,6.2044,6.3585,,102.4833,,0,,11.61,4.27,stop,1.21,,CAMERA_ONLY
0,62.0484,t1120,LIDAR_ONLY,46.6654,46.6654,64.5739,17.9085,17.9085,27.7334,27.7334,0,0,11.61,4.27,drive,20.86,front,LIDAR_ONLY
0,62.0484,t1120,LIDAR_ONLY,46.6811,46.6811,64.5739,17.8929,17.8929,27.7091,27.7091,0,0,11.61,4.27,drive,22.90,front,LIDAR_ONLY
0,62.0484,t1120,LIDAR_ONLY,46.5489,46.5489,64.5739,18.0250,18.0250,27.9138,27.9138,0,0,11.61,4.27,drive,19.82,front,LIDAR_ONLY
0,62.0484,t1120,LIDAR_ONLY,42.6630,42.6630,64.5739,21.9109,21.9109,33.9315,33.9315,0,0,11.61,4.27,drive,20.59,front,LIDAR_ONLY
0,62.0484,t1120,LIDAR_ONLY,38.7456,38.7456,64.5739,25.8283,25.8283,39.9981,39.9981,0,0,11.61,4.27,drive,21.05,front,LIDAR_ONLY
0,62.0484,t1120,LIDAR_ONLY,29.9954,29.9954,64.5739,34.5785,34.5785,53.5488,53.5488,0,0,11.61,4.27,drive,19.67,front,LIDAR_ONLY
0,62.0484,t1120,LIDAR_ONLY,22.3551,22.3551,64.5739,42.2188,42.2188,65.3806,65.3806,0,0,11.61,4.27,drive,20.13,front,LIDAR_ONLY
0,62.1238,cam_4,CAM_ONLY,12.5684,,6.2044,6.3640,,102.5713,,0,,10.57,2.74,stop,1.16,,CAMERA_ONLY
0,62.1843,cam_4,CAM_ONLY,12.5233,,6.2044,6.3188,,101.8439,,0,,11.89,4.26,stop,1.12,,CAMERA_ONLY
0,62.1843,t1125,LIDAR_ONLY,32.3393,32.3393,,,,,,,,11.89,4.26,drive,-21.54,front,LIDAR_ONLY
0,62.2495,cam_4,CAM_ONLY,12.5243,,6.2044,6.3199,,101.8606,,0,,13.28,5.30,stop,1.12,,CAMERA_ONLY
0,62.2495,t1120,LIDAR_ONLY,22.8753,22.8753,64.5739,41.6987,41.6987,64.5751,64.5751,0,0,13.28,5.30,drive,19.72,front,LIDAR_ONLY
0,62.2495,t1120,LIDAR_ONLY,25.8259,25.8259,64.5739,38.7480,38.7480,60.0056,60.0056,0,0,13.28,5.30,drive,23.40,front,LIDAR_ONLY
0,62.2495,t1120,LIDAR_ONLY,29.4951,29.4951,64.5739,35.0788,35.0788,54.3235,54.3235,0,0,13.28,5.30,drive,21.37,front,LIDAR_ONLY
0,62.2495,t1120,LIDAR_ONLY,31.8810,31.8810,64.5739,32.6930,32.6930,50.6287,50.6287,0,0,13.28,5.30,drive,18.45,front,LIDAR_ONLY
0,62.2495,t1120,LIDAR_ONLY,33.5950,33.5950,64.5739,30.9789,30.9789,47.9743,47.9743,0,0,13.28,5.30,drive,19.37,front,LIDAR_ONLY
0,62.2495,t1120,LIDAR_ONLY,32.6998,32.6998,64.5739,31.8741,31.8741,49.3607,49.3607,0,0,13.28,5.30,drive,19.84,front,LIDAR_ONLY
0,62.2495,t1120,LIDAR_ONLY,23.6030,23.6030,64.5739,40.9709,40.9709,63.4481,63.4481,0,0,13.28,5.30,drive,20.30,front,LIDAR_ONLY
0,62.2495,t1120,LIDAR_ONLY,18.7743,18.7743,64.5739,45.7997,45.7997,70.9259,70.9259,0,0,13.28,5.30,drive,17.99,front,LIDAR_ONLY
0,62.2495,t1120,LIDAR_ONLY,17.9670,17.9670,64.5739,46.6069,46.6069,72.1761,72.1761,0,0,13.28,5.30,drive,20.76,front,LIDAR_ONLY
0,62.3189,cam_4,CAM_ONLY,12.5332,,6.2044,6.3288,,102.0036,,0,,17.34,2.48,stop,1.16,,CAMERA_ONLY
0,62.3999,cam_4,CAM_ONLY,12.5185,,6.2044,6.3141,,101.7668,,0,,20.08,5.20,stop,1.12,,CAMERA_ONLY
0,62.3999,t1120,LIDAR_ONLY,21.9012,21.9012,64.5739,42.6727,42.6727,66.0835,66.0835,0,0,20.08,5.20,drive,21.71,front,LIDAR_ONLY
0,62.3999,t1120,LIDAR_ONLY,24.8794,24.8794,64.5739,39.6945,39.6945,61.4715,61.4715,0,0,20.08,5.20,drive,16.85,front,LIDAR_ONLY
0,62.3999,t1120,LIDAR_ONLY,26.9724,26.9724,64.5739,37.6015,37.6015,58.2302,58.2302,0,0,20.08,5.20,drive,17.77,front,LIDAR_ONLY
0,62.3999,t1120,LIDAR_ONLY,28.3714,28.3714,64.5739,36.2025,36.2025,56.0637,56.0637,0,0,20.08,5.20,drive,19.15,front,LIDAR_ONLY
0,62.3999,t1120,LIDAR_ONLY,29.5613,29.5613,64.5739,35.0126,35.0126,54.2210,54.2210,0,0,20.08,5.20,drive,20.07,front,LIDAR_ONLY
0,62.3999,t1120,LIDAR_ONLY,20.1373,20.1373,64.5739,44.4366,44.4366,68.8151,68.8151,0,0,20.08,5.20,drive,20.54,front,LIDAR_ONLY
0,62.3999,t1120,LIDAR_ONLY,18.6817,18.6817,64.5739,45.8923,45.8923,71.0693,71.0693,0,0,20.08,5.20,drive,18.69,front,LIDAR_ONLY
0,62.3999,t1120,LIDAR_ONLY,18.3805,18.3805,64.5739,46.1934,46.1934,71.5357,71.5357,0,0,20.08,5.20,drive,18.23,front,LIDAR_ONLY
0,62.3999,t1120,LIDAR_ONLY,17.9323,17.9323,64.5739,46.6416,46.6416,72.2297,72.2297,0,0,20.08,5.20,drive,21.00,front,LIDAR_ONLY
0,62.4724,cam_4,CAM_ONLY,12.5415,,6.2044,6.3370,,102.1367,,0,,11.83,2.98,stop,1.16,,CAMERA_ONLY
0,62.5331,t1132,BOTH,12.5624,8.0868,6.2044,6.3580,1.8824,102.4747,30.3395,0,0,11.84,1.93,stop,1.12,,FULL_ANGLE
0,62.5331,t1130,LIDAR_ONLY,47.3601,47.3601,,,,,,,,11.84,1.93,drive,-8.82,front,LIDAR_ONLY
0,62.5331,t1120,LIDAR_ONLY,19.5191,19.5191,64.5739,45.0549,45.0549,69.7725,69.7725,0,0,11.84,1.93,drive,19.54,front,LIDAR_ONLY
0,62.5331,t1132,LIDAR_ONLY,9.0359,9.0359,6.2044,2.8315,2.8315,45.6364,45.6364,0,0,11.84,1.93,slow,2.78,front,LIDAR_ONLY
0,62.5331,t1120,LIDAR_ONLY,21.2286,21.2286,64.5739,43.3454,43.3454,67.1252,67.1252,0,0,11.84,1.93,drive,16.93,front,LIDAR_ONLY
0,62.5331,t1120,LIDAR_ONLY,22.2752,22.2752,64.5739,42.2987,42.2987,65.5043,65.5043,0,0,11.84,1.93,drive,18.31,front,LIDAR_ONLY
0,62.5331,t1120,LIDAR_ONLY,22.9227,22.9227,64.5739,41.6512,41.6512,64.5016,64.5016,0,0,11.84,1.93,drive,19.23,front,LIDAR_ONLY
0,62.5331,t1132,LIDAR_ONLY,6.5914,6.5914,6.2044,0.3870,0.3870,6.2369,6.2369,1,1,11.84,1.93,slow,0.74,front,LIDAR_ONLY
0,62.5331,t1120,LIDAR_ONLY,23.5339,23.5339,64.5739,41.0400,41.0400,63.5550,63.5550,0,0,11.84,1.93,drive,18.77,front,LIDAR_ONLY
0,62.6056,cam_4,CAM_ONLY,12.5623,,6.2044,6.3578,,102.4725,,0,,15.82,5.90,stop,1.21,,CAMERA_ONLY
0,62.6734,cam_4,CAM_ONLY,12.5715,,6.2044,6.3670,,102.6206,,0,,19.56,2.89,stop,1.16,,CAMERA_ONLY
0,62.7438,cam_4,CAM_ONLY,12.5679,,6.2044,6.3635,,102.5636,,0,,16.58,3.91,stop,1.21,,CAMERA_ONLY
0,62.7438,t1120,LIDAR_ONLY,24.3867,24.3867,64.5739,40.1872,40.1872,62.2344,62.2344,0,0,16.58,3.91,drive,20.41,front,LIDAR_ONLY
0,62.7438,t1132,LIDAR_ONLY,6.6190,6.6190,6.2044,0.4146,0.4146,6.6819,6.6819,1,1,16.58,3.91,slow,1.75,front,LIDAR_ONLY
0,62.7438,t1120,LIDAR_ONLY,24.8580,24.8580,64.5739,39.7160,39.7160,61.5047,61.5047,0,0,16.58,3.91,drive,17.19,front,LIDAR_ONLY
0,62.7438,t1120,LIDAR_ONLY,25.2623,25.2623,64.5739,39.3117,39.3117,60.8785,60.8785,0,0,16.58,3.91,drive,18.57,front,LIDAR_ONLY
0,62.7438,t1120,LIDAR_ONLY,25.4381,25.4381,64.5739,39.1358,39.1358,60.6062,60.6062,0,0,16.58,3.91,drive,19.03,front,LIDAR_ONLY
0,62.7438,t1120,LIDAR_ONLY,25.4472,25.4472,64.5739,39.1267,39.1267,60.5921,60.5921,0,0,16.58,3.91,drive,20.41,front,LIDAR_ONLY
0,62.7438,t1132,LIDAR_ONLY,6.6546,6.6546,6.2044,0.4502,0.4502,7.2558,7.2558,1,1,16.58,3.91,slow,1.90,front,LIDAR_ONLY
0,62.7438,t1132,LIDAR_ONLY,6.7399,6.7399,6.2044,0.5355,0.5355,8.6308,8.6308,1,1,16.58,3.91,slow,9.36,front,LIDAR_ONLY
0,62.7438,t1120,LIDAR_ONLY,18.5942,18.5942,64.5739,45.9797,45.9797,71.2047,71.2047,0,0,16.58,3.91,drive,20.87,front,LIDAR_ONLY
0,62.7438,t1132,LIDAR_ONLY,6.6408,6.6408,6.2044,0.4363,0.4363,7.0324,7.0324,1,1,16.58,3.91,slow,0.73,front,LIDAR_ONLY
0,62.8163,cam_4,CAM_ONLY,12.5749,,6.2044,6.3705,,102.6764,,0,,14.78,5.27,stop,1.21,,CAMERA_ONLY
0,62.8831,cam_4,CAM_ONLY,12.5651,,6.2044,6.3606,,102.5172,,0,,9.95,4.12,stop,1.16,,CAMERA_ONLY
0,62.9591,cam_4,CAM_ONLY,12.5212,,6.2044,6.3168,,101.8108,,0,,14.47,6.31,stop,1.16,,CAMERA_ONLY
0,63.0293,cam_4,CAM_ONLY,12.5509,,6.2044,6.3464,,102.2886,,0,,14.13,4.42,stop,1.16,,CAMERA_ONLY
0,63.1147,cam_4,CAM_ONLY,12.5556,,6.2044,6.3512,,102.3648,,0,,16.51,2.87,stop,1.16,,CAMERA_ONLY
0,63.1715,cam_4,CAM_ONLY,12.5486,,6.2044,6.3441,,102.2513,,0,,9.02,2.95,stop,1.16,,CAMERA_ONLY
0,63.2246,cam_4,CAM_ONLY,12.5340,,6.2044,6.3296,,102.0166,,0,,9.97,2.82,stop,1.16,,CAMERA_ONLY
0,63.2787,cam_4,CAM_ONLY,12.5789,,6.2044,6.3745,,102.7403,,0,,9.76,2.48,stop,1.21,,CAMERA_ONLY
0,63.3406,t1149,BOTH,12.5213,8.0389,6.2044,6.3169,1.8345,101.8126,29.5676,0,0,13.26,2.85,stop,1.12,,FULL_ANGLE
0,63.3406,t1148,LIDAR_ONLY,46.2495,46.2495,64.5739,18.3244,18.3244,28.3775,28.3775,0,0,13.26,2.85,drive,21.58,front,LIDAR_ONLY
0,63.3406,t1149,LIDAR_ONLY,9.0851,9.0851,6.2044,2.8806,2.8806,46.4282,46.4282,0,0,13.26,2.85,slow,-0.27,front,LIDAR_ONLY
0,63.3406,t1148,LIDAR_ONLY,35.3715,35.3715,64.5739,29.2024,29.2024,45.2232,45.2232,0,0,13.26,2.85,drive,18.89,front,LIDAR_ONLY
0,63.3406,t1148,LIDAR_ONLY,29.2958,29.2958,64.5739,35.2781,35.2781,54.6321,54.6321,0,0,13.26,2.85,drive,20.28,front,LIDAR_ONLY
0,63.3406,t1148,LIDAR_ONLY,26.6201,26.6201,64.5739,37.9539,37.9539,58.7758,58.7758,0,0,13.26,2.85,drive,20.74,front,LIDAR_ONLY
0,63.3406,t1148,LIDAR_ONLY,23.7766,23.7766,64.5739,40.7973,40.7973,63.1792,63.1792,0,0,13.26,2.85,drive,21.20,front,LIDAR_ONLY
0,63.3406,t1148,LIDAR_ONLY,18.0876,18.0876,64.5739,46.4863,46.4863,71.9893,71.9893,0,0,13.26,2.85,drive,17.05,front,LIDAR_ONLY
0,63.3406,t1149,LIDAR_ONLY,6.5229,6.5229,6.2044,0.3185,0.3185,5.1332,5.1332,1,1,13.26,2.85,slow,0.91,front,LIDAR_ONLY
0,63.3406,t1151,LIDAR_ONLY,29.1582,29.1582,,,,,,,,13.26,2.85,drive,-25.87,front,LIDAR_ONLY
0,63.4165,cam_4,CAM_ONLY,12.5667,,6.2044,6.3623,,102.5443,,0,,21.44,9.60,stop,1.21,,CAMERA_ONLY
0,63.4777,cam_4,CAM_ONLY,12.5327,,6.2044,6.3283,,101.9959,,0,,9.75,2.85,stop,1.16,,CAMERA_ONLY
0,63.5418,cam_4,CAM_ONLY,12.5430,,6.2044,6.3386,,102.1624,,0,,14.69,2.52,stop,1.16,,CAMERA_ONLY
0,63.5418,t1148,LIDAR_ONLY,20.2534,20.2534,64.5739,44.3206,44.3206,68.6354,68.6354,0,0,14.69,2.52,drive,22.24,front,LIDAR_ONLY
0,63.5418,t1148,LIDAR_ONLY,20.4912,20.4912,64.5739,44.0828,44.0828,68.2671,68.2671,0,0,14.69,2.52,drive,22.61,front,LIDAR_ONLY
0,63.5418,t1149,LIDAR_ONLY,6.5647,6.5647,6.2044,0.3603,0.3603,5.8067,5.8067,1,1,14.69,2.52,slow,1.72,front,LIDAR_ONLY
0,63.5418,t1148,LIDAR_ONLY,20.8907,20.8907,64.5739,43.6832,43.6832,67.6484,67.6484,0,0,14.69,2.52,drive,16.83,front,LIDAR_ONLY
0,63.5418,t1148,LIDAR_ONLY,21.4761,21.4761,64.5739,43.0978,43.0978,66.7418,66.7418,0,0,14.69,2.52,drive,17.29,front,LIDAR_ONLY
0,63.5418,t1148,LIDAR_ONLY,21.8164,21.8164,64.5739,42.7575,42.7575,66.2148,66.2148,0,0,14.69,2.52,drive,17.75,front,LIDAR_ONLY
0,63.5418,t1148,LIDAR_ONLY,17.4852,17.4852,64.5739,47.0888,47.0888,72.9222,72.9222,0,0,14.69,2.52,drive,20.52,front,LIDAR_ONLY
0,63.5418,t1149,LIDAR_ONLY,6.6096,6.6096,6.2044,0.4052,0.4052,6.5304,6.5304,1,1,14.69,2.52,slow,1.36,front,LIDAR_ONLY
0,63.5418,t1148,LIDAR_ONLY,18.5127,18.5127,64.5739,46.0613,46.0613,71.3311,71.3311,0,0,14.69,2.52,drive,19.14,front,LIDAR_ONLY
0,63.5418,t1148,LIDAR_ONLY,18.8050,18.8050,64.5739,45.7689,45.7689,70.8783,70.8783,0,0,14.69,2.52,drive,19.60,front,LIDAR_ONLY
0,63.5418,t1149,LIDAR_ONLY,6.5217,6.5217,6.2044,0.3172,0.3172,5.1128,5.1128,1,1,14.69,2.52,slow,1.37,front,LIDAR_ONLY
0,63.5418,t1148,LIDAR_ONLY,18.2330,18.2330,64.5739,46.3410,46.3410,71.7642,71.7642,0,0,14.69,2.52,drive,20.99,front,LIDAR_ONLY
0,63.5418,t1151,LIDAR_ONLY,29.6046,29.6046,,,,,,,,14.69,2.52,drive,-22.21,front,LIDAR_ONLY
0,63.6180,cam_4,CAM_ONLY,12.5277,,6.2044,6.3232,,101.9148,,0,,13.07,6.92,stop,1.16,,CAMERA_ONLY
0,63.7166,cam_4,CAM_ONLY,12.5624,,6.2044,6.3579,,102.4736,,0,,14.92,5.59,stop,1.21,,CAMERA_ONLY
0,63.7976,cam_4,CAM_ONLY,12.5652,,6.2044,6.3607,,102.5189,,0,,14.06,5.80,stop,1.16,,CAMERA_ONLY
0,63.7976,t1148,LIDAR_ONLY,21.9154,21.9154,64.5739,42.6585,42.6585,66.0616,66.0616,0,0,14.06,5.80,drive,21.53,front,LIDAR_ONLY
0,63.7976,t1149,LIDAR_ONLY,6.5293,6.5293,6.2044,0.3249,0.3249,5.2362,5.2362,1,1,14.06,5.80,slow,1.97,front,LIDAR_ONLY
0,63.7976,t1148,LIDAR_ONLY,24.4330,24.4330,64.5739,40.1409,40.1409,62.1628,62.1628,0,0,14.06,5.80,drive,19.09,front,LIDAR_ONLY
0,63.7976,t1148,LIDAR_ONLY,26.1715,26.1715,64.5739,38.4024,38.4024,59.4705,59.4705,0,0,14.06,5.80,drive,19.55,front,LIDAR_ONLY
0,63.7976,t1148,LIDAR_ONLY,27.4688,27.4688,64.5739,37.1052,37.1052,57.4615,57.4615,0,0,14.06,5.80,drive,20.47,front,LIDAR_ONLY
0,63.7976,t1148,LIDAR_ONLY,28.1057,28.1057,64.5739,36.4682,36.4682,56.4752,56.4752,0,0,14.06,5.80,drive,20.93,front,LIDAR_ONLY
0,63.7976,t1149,LIDAR_ONLY,6.5972,6.5972,6.2044,0.3928,0.3928,6.3304,6.3304,1,1,14.06,5.80,slow,0.14,front,LIDAR_ONLY
0,63.7976,t1149,LIDAR_ONLY,6.6976,6.6976,6.2044,0.4931,0.4931,7.9480,7.9480,1,1,14.06,5.80,slow,9.89,front,LIDAR_ONLY
0,63.7976,t1148,LIDAR_ONLY,19.9308,19.9308,64.5739,44.6431,44.6431,69.1348,69.1348,0,0,14.06,5.80,drive,16.33,front,LIDAR_ONLY
0,63.7976,t1148,LIDAR_ONLY,20.0539,20.0539,64.5739,44.5200,44.5200,68.9442,68.9442,0,0,14.06,5.80,drive,17.71,front,LIDAR_ONLY
0,63.7976,t1148,LIDAR_ONLY,20.2787,20.2787,64.5739,44.2952,44.2952,68.5961,68.5961,0,0,14.06,5.80,drive,18.17,front,LIDAR_ONLY
0,63.7976,t1149,LIDAR_ONLY,6.6428,6.6428,6.2044,0.4384,0.4384,7.0660,7.0660,1,1,14.06,5.80,slow,0.42,front,LIDAR_ONLY
0,63.7976,t1148,LIDAR_ONLY,20.5295,20.5295,64.5739,44.0445,44.0445,68.2078,68.2078,0,0,14.06,5.80,drive,20.01,front,LIDAR_ONLY
0,63.7976,t1151,LIDAR_ONLY,28.5523,28.5523,,,,,,,,14.06,5.80,drive,-28.82,front,LIDAR_ONLY
0,63.7976,t1151,LIDAR_ONLY,28.5885,28.5885,,,,,,,,14.06,5.80,drive,-25.90,front,LIDAR_ONLY
0,63.7976,t1151,LIDAR_ONLY,28.7042,28.7042,,,,,,,,14.06,5.80,drive,-23.47,front,LIDAR_ONLY
0,63.8663,cam_4,CAM_ONLY,12.5393,,6.2044,6.3348,,102.1012,,0,,12.37,3.54,stop,1.12,,CAMERA_ONLY
0,63.9362,t1160,BOTH,12.5576,8.2422,6.2044,6.3531,2.0378,102.3967,32.8440,0,0,13.39,2.05,stop,1.16,,FULL_ANGLE
0,63.9362,t1148,LIDAR_ONLY,22.8448,22.8448,64.5739,41.7291,41.7291,64.6222,64.6222,0,0,13.39,2.05,drive,19.49,front,LIDAR_ONLY
0,63.9362,t1149,LIDAR_ONLY,6.8971,6.8971,,,,,,,,13.39,2.05,slow,-8.83,front,LIDAR_ONLY
0,63.9362,t1160,LIDAR_ONLY,9.0361,9.0361,6.2044,2.8317,2.8317,45.6399,45.6399,0,0,13.39,2.05,slow,2.86,front,LIDAR_ONLY
0,63.9362,t1148,LIDAR_ONLY,23.4473,23.4473,64.5739,41.1266,41.1266,63.6892,63.6892,0,0,13.39,2.05,drive,18.41,front,LIDAR_ONLY
0,63.9362,t1148,LIDAR_ONLY,23.5008,23.5008,64.5739,41.0731,41.0731,63.6063,63.6063,0,0,13.39,2.05,drive,18.88,front,LIDAR_ONLY
0,63.9362,t1148,LIDAR_ONLY,23.2280,23.2280,64.5739,41.3459,41.3459,64.0288,64.0288,0,0,13.39,2.05,drive,19.80,front,LIDAR_ONLY
0,63.9362,t1148,LIDAR_ONLY,22.8753,22.8753,64.5739,41.6987,41.6987,64.5751,64.5751,0,0,13.39,2.05,drive,20.26,front,LIDAR_ONLY
0,63.9362,t1148,LIDAR_ONLY,19.3207,19.3207,64.5739,45.2533,45.2533,70.0797,70.0797,0,0,13.39,2.05,drive,17.03,front,LIDAR_ONLY
0,63.9362,t1148,LIDAR_ONLY,19.0640,19.0640,64.5739,45.5099,45.5099,70.4772,70.4772,0,0,13.39,2.05,drive,19.34,front,LIDAR_ONLY
0,63.9362,t1160,LIDAR_ONLY,6.5742,6.5742,6.2044,0.3698,0.3698,5.9602,5.9602,1,1,13.39,2.05,slow,0.84,front,LIDAR_ONLY
0,63.9362,t1148,LIDAR_ONLY,18.5896,18.5896,64.5739,45.9843,45.9843,71.2119,71.2119,0,0,13.39,2.05,drive,20.72,front,LIDAR_ONLY
0,63.9991,cam_4,CAM_ONLY,12.5392,,6.2044,6.3348,,102.1007,,0,,11.37,4.72,stop,1.16,,CAMERA_ONLY
0,64.0590,cam_4,CAM_ONLY,12.5207,,6.2044,6.3163,,101.8021,,0,,10.62,5.14,stop,1.12,,CAMERA_ONLY
0,64.1232,cam_4,CAM_ONLY,12.5289,,6.2044,6.3245,,101.9350,,0,,13.35,3.05,stop,1.12,,CAMERA_ONLY
0,64.1910,t1172,BOTH,12.5683,9.0566,6.2044,6.3639,2.8522,102.5698,45.9701,0,0,18.66,2.57,stop,1.16,,FULL_ANGLE
0,64.1910,t1170,LIDAR_ONLY,46.6572,46.6572,64.5739,17.9168,17.9168,27.7461,27.7461,0,0,18.66,2.57,drive,20.59,front,LIDAR_ONLY
0,64.1910,t1170,LIDAR_ONLY,46.2908,46.2908,64.5739,18.2832,18.2832,28.3135,28.3135,0,0,18.66,2.57,drive,19.67,front,LIDAR_ONLY
0,64.1910,t1170,LIDAR_ONLY,41.2108,41.2108,64.5739,23.3632,23.3632,36.1805,36.1805,0,0,18.66,2.57,drive,17.82,front,LIDAR_ONLY
0,64.1910,t1170,LIDAR_ONLY,36.7592,36.7592,64.5739,27.8147,27.8147,43.0743,43.0743,0,0,18.66,2.57,drive,18.28,front,LIDAR_ONLY
0,64.1910,t1170,LIDAR_ONLY,31.9587,31.9587,64.5739,32.6153,32.6153,50.5084,50.5084,0,0,18.66,2.57,drive,20.59,front,LIDAR_ONLY
0,64.1910,t1172,LIDAR_ONLY,8.0969,8.0969,6.2044,1.8925,1.8925,30.5023,30.5023,0,0,18.66,2.57,slow,1.41,front,LIDAR_ONLY
0,64.1910,t1172,LIDAR_ONLY,8.9534,8.9534,6.2044,2.7490,2.7490,44.3069,44.3069,0,0,18.66,2.57,slow,9.73,front,LIDAR_ONLY
0,64.1910,t1170,LIDAR_ONLY,23.8845,23.8845,64.5739,40.6894,40.6894,63.0121,63.0121,0,0,18.66,2.57,drive,20.13,front,LIDAR_ONLY
0,64.1910,t1172,LIDAR_ONLY,7.0270,7.0270,6.2044,0.8226,0.8226,13.2575,13.2575,1,1,18.66,2.57,slow,0.72,front,LIDAR_ONLY
0,64.1910,t1170,LIDAR_ONLY,18.3806,18.3806,64.5739,46.1933,46.1933,71.5356,71.5356,0,0,18.66,2.57,drive,19.67,front,LIDAR_ONLY
0,64.1910,t1173,LIDAR_ONLY,27.8183,27.8183,,,,,,,,18.66,2.57,drive,-28.00,front,LIDAR_ONLY
0,64.2566,cam_4,CAM_ONLY,12.5766,,6.2044,6.3721,,102.7026,,0,,16.07,4.38,stop,1.16,,CAMERA_ONLY
0,64.3175,cam_4,CAM_ONLY,12.5642,,6.2044,6.3597,,102.5030,,0,,12.12,4.35,stop,1.21,,CAMERA_ONLY
0,64.3845,cam_4,CAM_ONLY,12.5804,,6.2044,6.3759,,102.7636,,0,,12.01,3.39,stop,1.21,,CAMERA_ONLY
0,64.3845,t1173,LIDAR_ONLY,27.7286,27.7286,,,,,,,,12.01,3.39,drive,-28.29,front,LIDAR_ONLY
0,64.3845,t1173,LIDAR_ONLY,27.8340,27.8340,,,,,,,,12.01,3.39,drive,-24.78,front,LIDAR_ONLY
0,64.4649,cam_4,CAM_ONLY,12.5710,,6.2044,6.3666,,102.6130,,0,,13.69,7.54,stop,1.16,,CAMERA_ONLY
0,64.5394,t1181,BOTH,12.5373,11.9603,6.2044,6.3329,5.7559,102.0700,92.7707,0,0,12.28,2.71,stop,1.16,,FULL_ANGLE
0,64.5394,t1180,LIDAR_ONLY,46.6017,46.6017,64.5739,17.9723,17.9723,27.8321,27.8321,0,0,12.28,2.71,drive,21.65,front,LIDAR_ONLY
0,64.5394,t1180,LIDAR_ONLY,46.4020,46.4020,64.5739,18.1720,18.1720,28.1413,28.1413,0,0,12.28,2.71,drive,19.85,front,LIDAR_ONLY
0,64.5394,t1181,LIDAR_ONLY,47.5324,47.5324,6.2044,41.3279,41.3279,666.1024,666.1024,0,0,12.28,2.71,drive,-8.71,front,LIDAR_ONLY
0,64.5394,t1181,LIDAR_ONLY,18.6335,18.6335,6.2044,12.4291,12.4291,200.3259,200.3259,0,0,12.28,2.71,drive,0.29,front,LIDAR_ONLY
0,64.5394,t1180,LIDAR_ONLY,41.2011,41.2011,64.5739,23.3729,23.3729,36.1955,36.1955,0,0,12.28,2.71,drive,17.39,front,LIDAR_ONLY
0,64.5394,t1180,LIDAR_ONLY,36.9450,36.9450,64.5739,27.6289,27.6289,42.7865,42.7865,0,0,12.28,2.71,drive,20.62,front,LIDAR_ONLY
0,64.5394,t1180,LIDAR_ONLY,28.3723,28.3723,64.5739,36.2017,36.2017,56.0624,56.0624,0,0,12.28,2.71,drive,21.99,front,LIDAR_ONLY
0,64.5394,t1180,LIDAR_ONLY,19.6033,19.6033,64.5739,44.9707,44.9707,69.6421,69.6421,0,0,12.28,2.71,drive,20.16,front,LIDAR_ONLY
0,64.5394,t1180,LIDAR_ONLY,16.6608,16.6608,64.5739,47.9132,47.9132,74.1989,74.1989,0,0,12.28,2.71,drive,21.08,front,LIDAR_ONLY
0,64.5394,t1181,LIDAR_ONLY,6.9919,6.9919,6.2044,0.7875,0.7875,12.6922,12.6922,1,1,12.28,2.71,slow,0.87,front,LIDAR_ONLY
0,64.5394,t1173,LIDAR_ONLY,27.9199,27.9199,,,,,,,,12.28,2.71,drive,-27.41,front,LIDAR_ONLY
0,64.5394,t1173,LIDAR_ONLY,28.1114,28.1114,,,,,,,,12.28,2.71,drive,-21.98,front,LIDAR_ONLY
0,64.6090,cam_4,CAM_ONLY,12.5700,,6.2044,6.3656,,102.5974,,0,,16.98,4.94,stop,1.21,,CAMERA_ONLY
0,64.6090,t1180,LIDAR_ONLY,19.4911,19.4911,64.5739,45.0829,45.0829,69.8159,69.8159,0,0,16.98,4.94,drive,21.72,front,LIDAR_ONLY
0,64.6090,t1180,LIDAR_ONLY,22.2260,22.2260,64.5739,42.3479,42.3479,65.5806,65.5806,0,0,16.98,4.94,drive,19.37,front,LIDAR_ONLY
0,64.6090,t1181,LIDAR_ONLY,7.0208,7.0208,6.2044,0.8163,0.8163,13.1575,13.1575,1,1,16.98,4.94,slow,1.20,front,LIDAR_ONLY
0,64.6090,t1180,LIDAR_ONLY,26.0785,26.0785,64.5739,38.4954,38.4954,59.6145,59.6145,0,0,16.98,4.94,drive,17.22,front,LIDAR_ONLY
0,64.6090,t1180,LIDAR_ONLY,28.7046,28.7046,64.5739,35.8693,35.8693,55.5477,55.5477,0,0,16.98,4.94,drive,18.60,front,LIDAR_ONLY
0,64.6090,t1181,LIDAR_ONLY,6.7138,6.7138,6.2044,0.5093,0.5093,8.2094,8.2094,1,1,16.98,4.94,slow,0.29,front,LIDAR_ONLY
0,64.6090,t1181,LIDAR_ONLY,6.7780,6.7780,6.2044,0.5736,0.5736,9.2446,9.2446,1,1,16.98,4.94,slow,9.40,front,LIDAR_ONLY
0,64.6090,t1180,LIDAR_ONLY,30.2667,30.2667,64.5739,34.3072,34.3072,53.1286,53.1286,0,0,16.98,4.94,drive,19.52,front,LIDAR_ONLY
0,64.6090,t1180,LIDAR_ONLY,22.6202,22.6202,64.5739,41.9537,41.9537,64.9700,64.9700,0,0,16.98,4.94,drive,20.45,front,LIDAR_ONLY
0,64.6090,t1181,LIDAR_ONLY,6.6503,6.6503,6.2044,0.4458,0.4458,7.1857,7.1857,1,1,16.98,4.94,slow,0.77,front,LIDAR_ONLY
0,64.6090,t1180,LIDAR_ONLY,19.1915,19.1915,64.5739,45.3824,45.3824,70.2798,70.2798,0,0,16.98,4.94,drive,18.14,front,LIDAR_ONLY
0,64.6090,t1173,LIDAR_ONLY,28.1952,28.1952,,,,,,,,16.98,4.94,drive,-28.15,front,LIDAR_ONLY
0,64.6090,t1173,LIDAR_ONLY,28.4189,28.4189,,,,,,,,16.98,4.94,drive,-22.81,front,LIDAR_ONLY
0,64.7128,cam_4,CAM_ONLY,12.5670,,6.2044,6.3625,,102.5480,,0,,9.87,7.00,stop,1.21,,CAMERA_ONLY
0,64.7798,cam_4,CAM_ONLY,12.5262,,6.2044,6.3218,,101.8909,,0,,16.52,3.01,stop,1.12,,CAMERA_ONLY
0,64.8523,cam_4,CAM_ONLY,12.5257,,6.2044,6.3213,,101.8832,,0,,18.22,5.31,stop,1.12,,CAMERA_ONLY
0,64.9491,cam_4,CAM_ONLY,12.5694,,6.2044,6.3649,,102.5868,,0,,10.90,4.56,stop,1.16,,CAMERA_ONLY
0,64.9491,t1191,LIDAR_ONLY,46.8452,46.8452,64.5739,17.7288,17.7288,27.4550,27.4550,0,0,10.90,4.56,drive,21.24,front,LIDAR_ONLY
0,64.9491,t1191,LIDAR_ONLY,46.8507,46.8507,64.5739,17.7232,17.7232,27.4464,27.4464,0,0,10.90,4.56,drive,23.48,front,LIDAR_ONLY
0,64.9491,t1191,LIDAR_ONLY,46.7129,46.7129,64.5739,17.8611,17.8611,27.6599,27.6599,0,0,10.90,4.56,drive,22.71,front,LIDAR_ONLY
0,64.9491,t1191,LIDAR_ONLY,43.6399,43.6399,64.5739,20.9341,20.9341,32.4188,32.4188,0,0,10.90,4.56,drive,16.73,front,LIDAR_ONLY
0,64.9491,t1191,LIDAR_ONLY,39.1537,39.1537,64.5739,25.4203,25.4203,39.3661,39.3661,0,0,10.90,4.56,drive,17.19,front,LIDAR_ONLY
0,64.9491,t1191,LIDAR_ONLY,31.4626,31.4626,64.5739,33.1113,33.1113,51.2766,51.2766,0,0,10.90,4.56,drive,17.65,front,LIDAR_ONLY
0,64.9491,t1191,LIDAR_ONLY,25.3702,25.3702,64.5739,39.2038,39.2038,60.7114,60.7114,0,0,10.90,4.56,drive,19.95,front,LIDAR_ONLY
0,64.9491,t1191,LIDAR_ONLY,20.3872,20.3872,64.5739,44.1867,44.1867,68.4281,68.4281,0,0,10.90,4.56,drive,21.33,front,LIDAR_ONLY
0,64.9491,t1191,LIDAR_ONLY,19.3423,19.3423,64.5739,45.2317,45.2317,70.0463,70.0463,0,0,10.90,4.56,drive,18.11,front,LIDAR_ONLY
0,64.9491,t1191,LIDAR_ONLY,18.3582,18.3582,64.5739,46.2158,46.2158,71.5703,71.5703,0,0,10.90,4.56,drive,19.49,front,LIDAR_ONLY
0,64.9491,t1191,LIDAR_ONLY,17.6887,17.6887,64.5739,46.8852,46.8852,72.6071,72.6071,0,0,10.90,4.56,drive,20.41,front,LIDAR_ONLY
0,65.0137,cam_4,CAM_ONLY,12.5397,,6.2044,6.3353,,102.1089,,0,,17.94,3.92,stop,1.12,,CAMERA_ONLY
0,65.0809,cam_4,CAM_ONLY,12.5614,,6.2044,6.3570,,102.4582,,0,,13.03,2.76,stop,1.21,,CAMERA_ONLY
0,65.0809,t1200,LIDAR_ONLY,27.6724,27.6724,,,,,,,,13.03,2.76,drive,-28.24,front,LIDAR_ONLY
0,65.0809,t1200,LIDAR_ONLY,28.1042,28.1042,,,,,,,,13.03,2.76,drive,-24.12,front,LIDAR_ONLY
0,65.1377,t1202,BOTH,12.5657,9.0400,6.2044,6.3613,2.8356,102.5279,45.7025,0,0,9.54,1.85,stop,1.21,,FULL_ANGLE
0,65.1377,t1191,LIDAR_ONLY,17.7850,17.7850,64.5739,46.7889,46.7889,72.4579,72.4579,0,0,9.54,1.85,drive,18.96,front,LIDAR_ONLY
0,65.1377,t1202,LIDAR_ONLY,8.2565,8.2565,6.2044,2.0520,2.0520,33.0734,33.0734,0,0,9.54,1.85,slow,3.67,front,LIDAR_ONLY
0,65.1377,t1191,LIDAR_ONLY,18.5471,18.5471,64.5739,46.0269,46.0269,71.2778,71.2778,0,0,9.54,1.85,drive,16.67,front,LIDAR_ONLY
0,65.1377,t1191,LIDAR_ONLY,18.9692,18.9692,64.5739,45.6047,45.6047,70.6240,70.6240,0,0,9.54,1.85,drive,19.42,front,LIDAR_ONLY
0,65.1377,t1202,LIDAR_ONLY,6.5569,6.5569,6.2044,0.3525,0.3525,5.6813,5.6813,1,1,9.54,1.85,slow,1.32,front,LIDAR_ONLY
0,65.1377,t1200,LIDAR_ONLY,28.1593,28.1593,,,,,,,,9.54,1.85,drive,-29.86,front,LIDAR_ONLY
0,65.1377,t1200,LIDAR_ONLY,28.2017,28.2017,,,,,,,,9.54,1.85,drive,-27.07,front,LIDAR_ONLY
0,65.1377,t1200,LIDAR_ONLY,28.3191,28.3191,,,,,,,,9.54,1.85,drive,-24.43,front,LIDAR_ONLY
0,65.1377,t1200,LIDAR_ONLY,28.6754,28.6754,,,,,,,,9.54,1.85,drive,-20.75,front,LIDAR_ONLY
0,65.2049,cam_4,CAM_ONLY,12.5172,,6.2044,6.3127,,101.7452,,0,,13.89,7.14,stop,1.12,,CAMERA_ONLY
0,65.2735,cam_4,CAM_ONLY,12.5608,,6.2044,6.3564,,102.4486,,0,,10.96,8.69,stop,1.21,,CAMERA_ONLY
0,65.3551,cam_4,CAM_ONLY,12.5269,,6.2044,6.3224,,101.9016,,0,,19.63,7.04,stop,1.16,,CAMERA_ONLY
0,65.3551,t1191,LIDAR_ONLY,22.8594,22.8594,64.5739,41.7146,41.7146,64.5997,64.5997,0,0,19.63,7.04,drive,20.42,front,LIDAR_ONLY
0,65.3551,t1191,LIDAR_ONLY,27.2295,27.2295,64.5739,37.3445,37.3445,57.8321,57.8321,0,0,19.63,7.04,drive,23.12,front,LIDAR_ONLY
0,65.3551,t1202,LIDAR_ONLY,6.5882,6.5882,32.3907,25.8025,25.8025,79.6602,79.6602,0,0,19.63,7.04,slow,2.41,front,LIDAR_ONLY
0,65.3551,t1191,LIDAR_ONLY,30.5047,30.5047,64.5739,34.0692,34.0692,52.7600,52.7600,0,0,19.63,7.04,drive,18.91,front,LIDAR_ONLY
0,65.3551,t1191,LIDAR_ONLY,32.4541,32.4541,64.5739,32.1199,32.1199,49.7412,49.7412,0,0,19.63,7.04,drive,19.37,front,LIDAR_ONLY
0,65.3551,t1191,LIDAR_ONLY,33.7418,33.7418,64.5739,30.8322,30.8322,47.7471,47.7471,0,0,19.63,7.04,drive,21.21,front,LIDAR_ONLY
0,65.3551,t1202,LIDAR_ONLY,6.6195,6.6195,32.3907,25.7712,25.7712,79.5635,79.5635,0,0,19.63,7.04,slow,4.21,front,LIDAR_ONLY
0,65.3551,t1191,LIDAR_ONLY,29.0337,29.0337,64.5739,35.5403,35.5403,55.0381,55.0381,0,0,19.63,7.04,drive,17.53,front,LIDAR_ONLY
0,65.3551,t1191,LIDAR_ONLY,18.5191,18.5191,64.5739,46.0548,46.0548,71.3211,71.3211,0,0,19.63,7.04,drive,19.83,front,LIDAR_ONLY
0,65.3551,t1202,LIDAR_ONLY,6.4843,6.4843,32.3907,25.9064,25.9064,79.9810,79.9810,0,0,19.63,7.04,slow,4.73,front,LIDAR_ONLY
0,65.3551,t1202,LIDAR_ONLY,6.5363,6.5363,32.3907,25.8544,25.8544,79.8205,79.8205,0,0,19.63,7.04,slow,10.46,front,LIDAR_ONLY
0,65.3551,t1191,LIDAR_ONLY,18.6451,18.6451,64.5739,45.9288,45.9288,71.1259,71.1259,0,0,19.63,7.04,drive,17.99,front,LIDAR_ONLY
0,65.3551,t1191,LIDAR_ONLY,18.8142,18.8142,64.5739,45.7597,45.7597,70.8640,70.8640,0,0,19.63,7.04,drive,18.45,front,LIDAR_ONLY
0,65.4310,cam_4,CAM_ONLY,12.5760,,6.2044,6.3716,,102.6937,,0,,16.23,8.01,stop,1.21,,CAMERA_ONLY
0,65.5058,cam_4,CAM_ONLY,12.5683,,6.2044,6.3639,,102.5695,,0,,15.13,6.05,stop,1.16,,CAMERA_ONLY
0,65.5620,cam_4,CAM_ONLY,12.5354,,6.2044,6.3310,,102.0394,,0,,10.45,2.09,stop,1.16,,CAMERA_ONLY
0,65.6230,cam_4,CAM_ONLY,12.5195,,6.2044,6.3151,,101.7833,,0,,10.17,2.96,stop,1.12,,CAMERA_ONLY
0,65.6967,t1219,BOTH,12.5312,9.0414,6.2044,6.3267,2.8370,101.9708,45.7252,0,0,15.19,3.79,stop,1.16,,FULL_ANGLE
0,65.6967,t1217,LIDAR_ONLY,46.8032,46.8032,64.5739,17.7707,17.7707,27.5200,27.5200,0,0,15.19,3.79,drive,20.88,front,LIDAR_ONLY
0,65.6967,t1217,LIDAR_ONLY,46.8100,46.8100,64.5739,17.7639,17.7639,27.5095,27.5095,0,0,15.19,3.79,drive,23.35,front,LIDAR_ONLY
0,65.6967,t1217,LIDAR_ONLY,46.6612,46.6612,64.5739,17.9128,17.9128,27.7399,27.7399,0,0,15.19,3.79,drive,23.12,front,LIDAR_ONLY
0,65.6967,t1217,LIDAR_ONLY,28.9454,28.9454,64.5739,35.6286,35.6286,55.1748,55.1748,0,0,15.19,3.79,drive,22.27,front,LIDAR_ONLY
0,65.6967,t1217,LIDAR_ONLY,28.1830,28.1830,64.5739,36.3909,36.3909,56.3554,56.3554,0,0,15.19,3.79,drive,17.38,front,LIDAR_ONLY
0,65.6967,t1217,LIDAR_ONLY,22.8413,22.8413,64.5739,41.7326,41.7326,64.6276,64.6276,0,0,15.19,3.79,drive,18.30,front,LIDAR_ONLY
0,65.6967,t1217,LIDAR_ONLY,20.3708,20.3708,64.5739,44.2032,44.2032,68.4536,68.4536,0,0,15.19,3.79,drive,18.76,front,LIDAR_ONLY
0,65.6967,t1217,LIDAR_ONLY,17.1822,17.1822,64.5739,47.3917,47.3917,73.3914,73.3914,0,0,15.19,3.79,drive,19.68,front,LIDAR_ONLY
0,65.6967,t1217,LIDAR_ONLY,17.7093,17.7093,64.5739,46.8646,46.8646,72.5751,72.5751,0,0,15.19,3.79,drive,21.06,front,LIDAR_ONLY
0,65.6967,t1219,LIDAR_ONLY,8.3765,8.3765,6.2044,2.1721,2.1721,35.0083,35.0083,0,0,15.19,3.79,slow,3.45,front,LIDAR_ONLY
0,65.6967,t1217,LIDAR_ONLY,18.1700,18.1700,64.5739,46.4040,46.4040,71.8618,71.8618,0,0,15.19,3.79,drive,16.92,front,LIDAR_ONLY
0,65.6967,t1219,LIDAR_ONLY,6.6002,6.6002,6.2044,0.3957,0.3957,6.3779,6.3779,1,1,15.19,3.79,slow,3.27,front,LIDAR_ONLY
0,65.7652,cam_4,CAM_ONLY,12.5315,,6.2044,6.3271,,101.9766,,0,,14.26,2.98,stop,1.16,,CAMERA_ONLY
0,65.8280,cam_4,CAM_ONLY,12.5414,,6.2044,6.3369,,102.1356,,0,,13.37,7.30,stop,1.16,,CAMERA_ONLY
0,65.9051,cam_4,CAM_ONLY,12.5400,,6.2044,6.3356,,102.1135,,0,,16.63,7.22,stop,1.12,,CAMERA_ONLY
0,65.9051,t1221,LIDAR_ONLY,47.3478,47.3478,,,,,,,,16.63,7.22,drive,-8.74,front,LIDAR_ONLY
0,65.9051,t1217,LIDAR_ONLY,22.2030,22.2030,64.5739,42.3709,42.3709,65.6161,65.6161,0,0,16.63,7.22,drive,22.18,front,LIDAR_ONLY
0,65.9051,t1219,LIDAR_ONLY,6.6389,6.6389,6.2044,0.4344,0.4344,7.0020,7.0020,1,1,16.63,7.22,slow,3.37,front,LIDAR_ONLY
0,65.9051,t1217,LIDAR_ONLY,24.9708,24.9708,64.5739,39.6032,39.6032,61.3300,61.3300,0,0,16.63,7.22,drive,18.00,front,LIDAR_ONLY
0,65.9051,t1217,LIDAR_ONLY,27.0593,27.0593,64.5739,37.5146,37.5146,58.0956,58.0956,0,0,16.63,7.22,drive,19.38,front,LIDAR_ONLY
0,65.9051,t1217,LIDAR_ONLY,28.7227,28.7227,64.5739,35.8512,35.8512,55.5197,55.5197,0,0,16.63,7.22,drive,19.84,front,LIDAR_ONLY
0,65.9051,t1217,LIDAR_ONLY,29.4927,29.4927,64.5739,35.0812,35.0812,54.3272,54.3272,0,0,16.63,7.22,drive,20.76,front,LIDAR_ONLY
0,65.9051,t1219,LIDAR_ONLY,6.6855,6.6855,6.2044,0.4811,0.4811,7.7537,7.7537,1,1,16.63,7.22,slow,1.71,front,LIDAR_ONLY
0,65.9051,t1217,LIDAR_ONLY,19.2127,19.2127,64.5739,45.3612,45.3612,70.2469,70.2469,0,0,16.63,7.22,drive,17.07,front,LIDAR_ONLY
0,65.9051,t1217,LIDAR_ONLY,18.9417,18.9417,64.5739,45.6323,45.6323,70.6667,70.6667,0,0,16.63,7.22,drive,18.46,front,LIDAR_ONLY
0,65.9051,t1217,LIDAR_ONLY,18.7965,18.7965,64.5739,45.7774,45.7774,70.8915,70.8915,0,0,16.63,7.22,drive,20.30,front,LIDAR_ONLY
0,65.9051,t1219,LIDAR_ONLY,6.4986,6.4986,6.2044,0.2941,0.2941,4.7408,4.7408,1,1,16.63,7.22,slow,0.60,front,LIDAR_ONLY
0,65.9823,cam_4,CAM_ONLY,12.5780,,6.2044,6.3736,,102.7265,,0,,19.40,6.00,stop,1.21,,CAMERA_ONLY
0,66.0388,cam_4,CAM_ONLY,12.5631,,6.2044,6.3586,,102.4852,,0,,12.39,2.14,stop,1.21,,CAMERA_ONLY
0,66.0388,t1219,LIDAR_ONLY,6.5030,6.5030,6.2044,0.2986,0.2986,4.8121,4.8121,1,1,12.39,2.14,slow,3.65,front,LIDAR_ONLY
0,66.0388,t1219,LIDAR_ONLY,6.5599,6.5599,6.2044,0.3554,0.3554,5.7287,5.7287,1,1,12.39,2.14,slow,1.27,front,LIDAR_ONLY
0,66.0388,t1219,LIDAR_ONLY,6.4920,6.4920,6.2044,0.2876,0.2876,4.6347,4.6347,1,1,12.39,2.14,slow,1.22,front,LIDAR_ONLY
0,66.0388,t1224,LIDAR_ONLY,29.6999,29.6999,,,,,,,,12.39,2.14,drive,-25.09,front,LIDAR_ONLY
0,66.1219,cam_4,CAM_ONLY,12.5360,,6.2044,6.3316,,102.0492,,0,,10.81,10.03,stop,1.12,,CAMERA_ONLY
0,66.1906,cam_4,CAM_ONLY,12.5791,,6.2044,6.3747,,102.7437,,0,,9.34,4.11,stop,1.21,,CAMERA_ONLY
0,66.2487,cam_4,CAM_ONLY,12.5389,,6.2044,6.3345,,102.0957,,0,,10.99,4.41,stop,1.16,,CAMERA_ONLY
0,66.2487,t1230,LIDAR_ONLY,45.4943,45.4943,64.5739,19.0796,19.0796,29.5469,29.5469,0,0,10.99,4.41,drive,19.57,front,LIDAR_ONLY
0,66.2487,t1230,LIDAR_ONLY,45.6016,45.6016,64.5739,18.9723,18.9723,29.3808,29.3808,0,0,10.99,4.41,drive,21.87,front,LIDAR_ONLY
0,66.2487,t1230,LIDAR_ONLY,36.3191,36.3191,64.5739,28.2548,28.2548,43.7557,43.7557,0,0,10.99,4.41,drive,17.72,front,LIDAR_ONLY
0,66.2487,t1230,LIDAR_ONLY,32.3520,32.3520,64.5739,32.2219,32.2219,49.8993,49.8993,0,0,10.99,4.41,drive,18.64,front,LIDAR_ONLY
0,66.2487,t1230,LIDAR_ONLY,30.1164,30.1164,64.5739,34.4576,34.4576,53.3614,53.3614,0,0,10.99,4.41,drive,20.03,front,LIDAR_ONLY
0,66.2487,t1230,LIDAR_ONLY,24.0373,24.0373,64.5739,40.5366,40.5366,62.7755,62.7755,0,0,10.99,4.41,drive,20.49,front,LIDAR_ONLY
0,66.3037,cam_4,CAM_ONLY,12.5644,,6.2044,6.3599,,102.5061,,0,,9.63,4.39,stop,1.21,,CAMERA_ONLY
0,66.3772,cam_4,CAM_ONLY,12.5365,,6.2044,6.3321,,102.0576,,0,,20.47,3.78,stop,1.12,,CAMERA_ONLY
0,66.4404,t1236,BOTH,12.5821,8.2667,6.2044,6.3776,2.0623,102.7914,33.2390,0,0,17.97,3.13,stop,1.21,,FULL_ANGLE
0,66.4404,t1230,LIDAR_ONLY,26.0910,26.0910,64.5739,38.4829,38.4829,59.5951,59.5951,0,0,17.97,3.13,drive,21.40,front,LIDAR_ONLY
0,66.4404,t1236,LIDAR_ONLY,9.0380,9.0380,6.2044,2.8336,2.8336,45.6702,45.6702,0,0,17.97,3.13,slow,2.63,front,LIDAR_ONLY
0,66.4404,t1230,LIDAR_ONLY,27.5842,27.5842,64.5739,36.9897,36.9897,57.2827,57.2827,0,0,17.97,3.13,drive,18.34,front,LIDAR_ONLY
0,66.4404,t1230,LIDAR_ONLY,28.7232,28.7232,64.5739,35.8508,35.8508,55.5189,55.5189,0,0,17.97,3.13,drive,19.27,front,LIDAR_ONLY
0,66.4404,t1230,LIDAR_ONLY,29.3448,29.3448,64.5739,35.2292,35.2292,54.5563,54.5563,0,0,17.97,3.13,drive,20.65,front,LIDAR_ONLY
0,66.4404,t1230,LIDAR_ONLY,29.8974,29.8974,64.5739,34.6765,34.6765,53.7005,53.7005,0,0,17.97,3.13,drive,21.12,front,LIDAR_ONLY
0,66.4404,t1230,LIDAR_ONLY,18.8710,18.8710,64.5739,45.7029,45.7029,70.7761,70.7761,0,0,17.97,3.13,drive,16.96,front,LIDAR_ONLY
0,66.4404,t1230,LIDAR_ONLY,18.9531,18.9531,64.5739,45.6208,45.6208,70.6490,70.6490,0,0,17.97,3.13,drive,17.88,front,LIDAR_ONLY
0,66.4404,t1230,LIDAR_ONLY,18.9444,18.9444,64.5739,45.6296,45.6296,70.6625,70.6625,0,0,17.97,3.13,drive,20.19,front,LIDAR_ONLY
0,66.4404,t1236,LIDAR_ONLY,6.5789,6.5789,6.2044,0.3745,0.3745,6.0361,6.0361,1,1,17.97,3.13,slow,0.85,front,LIDAR_ONLY
0,66.4404,t1238,LIDAR_ONLY,28.7750,28.7750,,,,,,,,17.97,3.13,drive,-26.44,front,LIDAR_ONLY
0,66.5140,cam_4,CAM_ONLY,12.5426,,6.2044,6.3382,,102.1556,,0,,12.77,8.50,stop,1.16,,CAMERA_ONLY
0,66.5856,cam_4,CAM_ONLY,12.5779,,6.2044,6.3735,,102.7248,,0,,15.00,3.80,stop,1.21,,CAMERA_ONLY
0,66.5856,t1236,LIDAR_ONLY,6.6100,6.6100,6.2044,0.4056,0.4056,6.5372,6.5372,1,1,15.00,3.80,slow,0.72,front,LIDAR_ONLY
0,66.5856,t1236,LIDAR_ONLY,6.6470,6.6470,6.2044,0.4426,0.4426,7.1330,7.1330,1,1,15.00,3.80,slow,-0.34,front,LIDAR_ONLY
0,66.5856,t1236,LIDAR_ONLY,6.5195,6.5195,6.2044,0.3151,0.3151,5.0778,5.0778,1,1,15.00,3.80,slow,-1.50,front,LIDAR_ONLY
0,66.5856,t1238,LIDAR_ONLY,27.9378,27.9378,,,,,,,,15.00,3.80,drive,-29.26,front,LIDAR_ONLY
0,66.5856,t1238,LIDAR_ONLY,28.1332,28.1332,,,,,,,,15.00,3.80,drive,-24.08,front,LIDAR_ONLY
0,66.5856,t1238,LIDAR_ONLY,28.5919,28.5919,,,,,,,,15.00,3.80,drive,-21.09,front,LIDAR_ONLY
0,66.6501,cam_4,CAM_ONLY,12.5184,,6.2044,6.3139,,101.7648,,0,,11.54,4.42,stop,1.16,,CAMERA_ONLY
0,66.7142,cam_4,CAM_ONLY,12.5303,,6.2044,6.3258,,101.9566,,0,,14.82,2.32,stop,1.16,,CAMERA_ONLY
0,66.7844,cam_4,CAM_ONLY,12.5700,,6.2044,6.3656,,102.5970,,0,,15.14,3.76,stop,1.21,,CAMERA_ONLY
0,66.7844,t1236,LIDAR_ONLY,6.6207,6.6207,6.2044,0.4163,0.4163,6.7098,6.7098,1,1,15.14,3.76,slow,-8.82,front,LIDAR_ONLY
0,66.7844,t1236,LIDAR_ONLY,6.8764,6.8764,6.2044,0.6719,0.6719,10.8298,10.8298,1,1,15.14,3.76,slow,0.58,front,LIDAR_ONLY
0,66.7844,t1236,LIDAR_ONLY,7.0337,7.0337,6.2044,0.8292,0.8292,13.3653,13.3653,1,1,15.14,3.76,slow,-1.53,front,LIDAR_ONLY
0,66.7844,t1236,LIDAR_ONLY,6.9526,6.9526,6.2044,0.7481,0.7481,12.0581,12.0581,1,1,15.14,3.76,slow,-2.29,front,LIDAR_ONLY
0,66.7844,t1238,LIDAR_ONLY,28.7518,28.7518,,,,,,,,15.14,3.76,drive,-28.46,front,LIDAR_ONLY
0,66.7844,t1238,LIDAR_ONLY,28.8632,28.8632,,,,,,,,15.14,3.76,drive,-26.26,front,LIDAR_ONLY
0,66.8874,cam_4,CAM_ONLY,12.5600,,6.2044,6.3556,,102.4358,,0,,12.48,3.69,stop,1.21,,CAMERA_ONLY
0,66.8874,t1238,LIDAR_ONLY,29.0119,29.0119,,,,,,,,12.48,3.69,drive,-26.56,front,LIDAR_ONLY
0,66.8874,t1238,LIDAR_ONLY,29.1860,29.1860,,,,,,,,12.48,3.69,drive,-22.43,front,LIDAR_ONLY
0,66.9672,cam_4,CAM_ONLY,12.5688,,6.2044,6.3644,,102.5779,,0,,15.31,3.12,stop,1.21,,CAMERA_ONLY
0,67.0632,cam_4,CAM_ONLY,12.5359,,6.2044,6.3314,,102.0468,,0,,14.55,4.57,stop,1.16,,CAMERA_ONLY
0,67.1369,cam_4,CAM_ONLY,12.5254,,6.2044,6.3210,,101.8783,,0,,12.67,6.96,stop,1.12,,CAMERA_ONLY
0,67.2161,cam_4,CAM_ONLY,12.5161,,6.2044,6.3117,,101.7280,,0,,15.66,5.02,stop,1.16,,CAMERA_ONLY
0,67.3063,cam_4,CAM_ONLY,12.5358,,6.2044,6.3314,,102.0464,,0,,13.10,5.75,stop,1.16,,CAMERA_ONLY
0,67.4073,cam_4,CAM_ONLY,12.5414,,6.2044,6.3370,,102.1361,,0,,25.90,7.44,stop,1.16,,CAMERA_ONLY
0,67.4714,cam_4,CAM_ONLY,12.5650,,6.2044,6.3606,,102.5166,,0,,11.59,2.60,stop,1.16,,CAMERA_ONLY
0,67.5343,cam_4,CAM_ONLY,12.5152,,6.2044,6.3108,,101.7138,,0,,12.08,1.27,stop,1.12,,CAMERA_ONLY
0,67.5343,t1259,LIDAR_ONLY,6.4925,6.4925,,,,,,,,12.08,1.27,slow,-6.33,front,LIDAR_ONLY
0,67.5343,t1260,LIDAR_ONLY,27.0856,27.0856,,,,,,,,12.08,1.27,drive,-29.45,front,LIDAR_ONLY
0,67.5343,t1260,LIDAR_ONLY,27.7161,27.7161,,,,,,,,12.08,1.27,drive,-23.56,front,LIDAR_ONLY
0,67.6017,cam_4,CAM_ONLY,12.5665,,6.2044,6.3621,,102.5406,,0,,12.74,4.95,stop,1.21,,CAMERA_ONLY
0,67.6628,cam_4,CAM_ONLY,12.5667,,6.2044,6.3623,,102.5436,,0,,15.35,3.69,stop,1.16,,CAMERA_ONLY
0,67.7191,cam_4,CAM_ONLY,12.5768,,6.2044,6.3723,,102.7059,,0,,9.93,1.58,stop,1.16,,CAMERA_ONLY
0,67.7753,cam_4,CAM_ONLY,12.5668,,6.2044,6.3624,,102.5456,,0,,9.13,2.87,stop,1.16,,CAMERA_ONLY
0,67.8309,cam_4,CAM_ONLY,12.5232,,6.2044,6.3188,,101.8426,,0,,11.37,3.21,stop,1.16,,CAMERA_ONLY
0,67.8903,t1269,BOTH,12.5249,8.2392,6.2044,6.3205,2.0348,101.8703,32.7953,0,0,11.75,3.38,stop,1.16,,FULL_ANGLE
0,67.8903,t1268,LIDAR_ONLY,45.5077,45.5077,64.5739,19.0662,19.0662,29.5262,29.5262,0,0,11.75,3.38,drive,19.77,front,LIDAR_ONLY
0,67.8903,t1268,LIDAR_ONLY,45.6222,45.6222,64.5739,18.9518,18.9518,29.3490,29.3490,0,0,11.75,3.38,drive,23.01,front,LIDAR_ONLY
0,67.8903,t1269,LIDAR_ONLY,9.0473,9.0473,6.2044,2.8429,2.8429,45.8198,45.8198,0,0,11.75,3.38,slow,2.00,front,LIDAR_ONLY
0,67.8903,t1268,LIDAR_ONLY,38.5303,38.5303,64.5739,26.0437,26.0437,40.3315,40.3315,0,0,11.75,3.38,drive,17.00,front,LIDAR_ONLY
0,67.8903,t1268,LIDAR_ONLY,33.0420,33.0420,64.5739,31.5320,31.5320,48.8308,48.8308,0,0,11.75,3.38,drive,17.93,front,LIDAR_ONLY
0,67.8903,t1268,LIDAR_ONLY,30.5750,30.5750,64.5739,33.9990,33.9990,52.6512,52.6512,0,0,11.75,3.38,drive,18.39,front,LIDAR_ONLY
0,67.8903,t1268,LIDAR_ONLY,25.4985,25.4985,64.5739,39.0754,39.0754,60.5127,60.5127,0,0,11.75,3.38,drive,19.31,front,LIDAR_ONLY
0,67.8903,t1268,LIDAR_ONLY,19.4264,19.4264,64.5739,45.1475,45.1475,69.9160,69.9160,0,0,11.75,3.38,drive,20.70,front,LIDAR_ONLY
0,67.8903,t1268,LIDAR_ONLY,18.0953,18.0953,64.5739,46.4786,46.4786,71.9774,71.9774,0,0,11.75,3.38,drive,21.16,front,LIDAR_ONLY
0,67.8903,t1269,LIDAR_ONLY,6.5441,6.5441,6.2044,0.3397,0.3397,5.4746,5.4746,1,1,11.75,3.38,slow,0.80,front,LIDAR_ONLY
0,67.8903,t1268,LIDAR_ONLY,17.4020,17.4020,64.5739,47.1719,47.1719,73.0511,73.0511,0,0,11.75,3.38,drive,20.24,front,LIDAR_ONLY
0,67.9542,cam_4,CAM_ONLY,12.5757,,6.2044,6.3712,,102.6879,,0,,14.74,5.36,stop,1.21,,CAMERA_ONLY
0,68.0127,cam_4,CAM_ONLY,12.5640,,6.2044,6.3596,,102.5004,,0,,10.91,4.57,stop,1.21,,CAMERA_ONLY
0,68.0749,cam_4,CAM_ONLY,12.5800,,6.2044,6.3756,,102.7582,,0,,11.35,3.64,stop,1.21,,CAMERA_ONLY
0,68.1486,cam_4,CAM_ONLY,12.5375,,6.2044,6.3330,,102.0724,,0,,14.42,4.61,stop,1.16,,CAMERA_ONLY
0,68.2127,cam_4,CAM_ONLY,12.5272,,6.2044,6.3227,,101.9063,,0,,15.52,3.61,stop,1.12,,CAMERA_ONLY
0,68.2816,cam_4,CAM_ONLY,12.5640,,6.2044,6.3596,,102.5000,,0,,18.37,7.60,stop,1.21,,CAMERA_ONLY
0,68.3588,cam_4,CAM_ONLY,12.5252,,6.2044,6.3207,,101.8743,,0,,13.93,5.75,stop,1.16,,CAMERA_ONLY
0,68.4372,cam_4,CAM_ONLY,12.5592,,6.2044,6.3548,,102.4231,,0,,12.48,5.41,stop,1.16,,CAMERA_ONLY
0,68.5086,cam_4,CAM_ONLY,12.5312,,6.2044,6.3267,,101.9707,,0,,11.83,5.61,stop,1.16,,CAMERA_ONLY
0,68.5705,cam_4,CAM_ONLY,12.5323,,6.2044,6.3278,,101.9885,,0,,9.42,2.34,stop,1.16,,CAMERA_ONLY
0,68.6549,cam_4,CAM_ONLY,12.5392,,6.2044,6.3347,,102.1001,,0,,20.63,6.93,stop,1.16,,CAMERA_ONLY
0,68.7146,cam_4,CAM_ONLY,12.5718,,6.2044,6.3674,,102.6263,,0,,12.22,3.09,stop,1.21,,CAMERA_ONLY
0,68.7688,cam_4,CAM_ONLY,12.5258,,6.2044,6.3214,,101.8851,,0,,9.29,1.84,stop,1.16,,CAMERA_ONLY
