frame,timestamp_s,obstacle_id,detection_source,cam_dist_m,lidar_dist_m,gt_dist_m,cam_error_m,lidar_error_m,cam_rel_error_pct,lidar_rel_error_pct,cam_within_1m,lidar_within_1m,cam_latency_ms,lidar_latency_ms,danger_level,angle_deg,sector,match_method
0,16.6837,t6,LIDAR_ONLY,11.3904,11.3904,,,,,,,,12.41,1.37,cautious,24.95,front,LIDAR_ONLY
0,16.6837,t6,LIDAR_ONLY,11.7547,11.7547,,,,,,,,12.41,1.37,cautious,20.77,front,LIDAR_ONLY
0,16.6837,t6,LIDAR_ONLY,12.3273,12.3273,,,,,,,,12.41,1.37,cautious,16.59,front,LIDAR_ONLY
0,16.9434,t17,LIDAR_ONLY,11.9293,11.9293,,,,,,,,15.12,1.31,cautious,23.80,front,LIDAR_ONLY
0,16.9434,t17,LIDAR_ONLY,10.9445,10.9445,,,,,,,,15.12,1.31,cautious,27.85,front,LIDAR_ONLY
0,16.9434,t18,LIDAR_ONLY,18.1387,18.1387,,,,,,,,15.12,1.31,drive,15.71,front,LIDAR_ONLY
0,17.1366,t18,LIDAR_ONLY,16.1406,16.1406,,,,,,,,18.61,0.97,drive,19.49,front,LIDAR_ONLY
0,17.1366,t18,LIDAR_ONLY,16.3122,16.3122,,,,,,,,18.61,0.97,drive,15.46,front,LIDAR_ONLY
0,17.1366,t17,LIDAR_ONLY,11.0117,11.0117,,,,,,,,18.61,0.97,cautious,23.51,front,LIDAR_ONLY
0,17.1366,t17,LIDAR_ONLY,11.0182,11.0182,,,,,,,,18.61,0.97,cautious,27.54,front,LIDAR_ONLY
0,17.3917,t29,LIDAR_ONLY,9.9734,9.9734,,,,,,,,14.51,1.37,cautious,28.66,front,LIDAR_ONLY
0,17.3917,t29,LIDAR_ONLY,10.3387,10.3387,,,,,,,,14.51,1.37,cautious,20.22,front,LIDAR_ONLY
0,17.3917,t29,LIDAR_ONLY,10.6302,10.6302,,,,,,,,14.51,1.37,cautious,24.44,front,LIDAR_ONLY
0,17.3917,t31,LIDAR_ONLY,24.8046,24.8046,,,,,,,,14.51,1.37,drive,11.79,front,LIDAR_ONLY
0,17.3917,t31,LIDAR_ONLY,21.7887,21.7887,,,,,,,,14.51,1.37,drive,16.01,front,LIDAR_ONLY
0,17.4631,cam_0,CAM_ONLY,27.6381,,41.8413,14.2031,,33.9453,,0,,20.74,0.91,safe,2.28,,CAMERA_ONLY
0,17.5941,t29,LIDAR_ONLY,10.9402,10.9402,,,,,,,,16.71,1.24,slow,21.82,front,LIDAR_ONLY
0,17.5941,t29,LIDAR_ONLY,11.1075,11.1075,,,,,,,,16.71,1.24,slow,25.93,front,LIDAR_ONLY
0,17.5941,t31,LIDAR_ONLY,19.1218,19.1218,67.4523,48.3305,48.3305,71.6513,71.6513,0,0,16.71,1.24,drive,17.71,front,LIDAR_ONLY
0,17.5941,t31,LIDAR_ONLY,19.1823,19.1823,67.4523,48.2701,48.2701,71.5618,71.5618,0,0,16.71,1.24,drive,13.60,front,LIDAR_ONLY
0,17.6504,cam_0,CAM_ONLY,44.3393,,41.5091,2.8302,,6.8184,,0,,11.15,0.99,safe,6.64,,CAMERA_ONLY
0,17.7204,cam_0,CAM_ONLY,26.4041,,41.3436,14.9395,,36.1351,,0,,19.46,1.33,slowdown,1.52,,CAMERA_ONLY
0,17.7762,cam_0,CAM_ONLY,26.5875,,41.1982,14.6108,,35.4645,,0,,11.34,1.26,slowdown,1.43,,CAMERA_ONLY
0,17.8333,cam_0,CAM_ONLY,26.5485,,41.0565,14.5080,,35.3367,,0,,10.37,0.99,slowdown,1.43,,CAMERA_ONLY
0,17.8333,t39,LIDAR_ONLY,9.2715,9.2715,,,,,,,,10.37,0.99,slow,29.70,front,LIDAR_ONLY
0,17.8333,t39,LIDAR_ONLY,9.6734,9.6734,,,,,,,,10.37,0.99,slow,21.50,front,LIDAR_ONLY
0,17.8333,t39,LIDAR_ONLY,9.9572,9.9572,,,,,,,,10.37,0.99,slow,25.60,front,LIDAR_ONLY
0,17.9020,cam_0,CAM_ONLY,26.5521,,40.8949,14.3429,,35.0725,,0,,19.54,1.18,slowdown,1.52,,CAMERA_ONLY
0,18.0830,cam_0,CAM_ONLY,26.7801,,40.4047,13.6246,,33.7203,,0,,14.07,1.61,slowdown,2.28,,CAMERA_ONLY
0,18.1420,t50,LIDAR_ONLY,10.7925,10.7925,,,,,,,,11.43,1.47,slow,26.51,front,LIDAR_ONLY
0,18.1420,t51,LIDAR_ONLY,20.7233,20.7233,,,,,,,,11.43,1.47,drive,14.03,front,LIDAR_ONLY
0,18.1420,t51,LIDAR_ONLY,17.9609,17.9609,,,,,,,,11.43,1.47,drive,18.19,front,LIDAR_ONLY
0,18.1420,t50,LIDAR_ONLY,11.0198,11.0198,,,,,,,,11.43,1.47,slow,22.35,front,LIDAR_ONLY
0,18.2824,cam_0,CAM_ONLY,26.0287,,39.8745,13.8458,,34.7234,,0,,12.15,0.89,warning,2.59,,CAMERA_ONLY
0,18.3963,t62,LIDAR_ONLY,10.9281,10.9281,,,,,,,,12.11,1.39,slow,26.14,front,LIDAR_ONLY
0,18.3963,t62,LIDAR_ONLY,11.1476,11.1476,,,,,,,,12.11,1.39,slow,22.00,front,LIDAR_ONLY
0,18.5954,t62,LIDAR_ONLY,10.7890,10.7890,,,,,,,,10.61,1.30,slow,29.59,front,LIDAR_ONLY
0,18.5954,t67,LIDAR_ONLY,21.6260,21.6260,,,,,,,,10.61,1.30,drive,13.36,front,LIDAR_ONLY
0,18.5954,t67,LIDAR_ONLY,19.3106,19.3106,,,,,,,,10.61,1.30,drive,17.41,front,LIDAR_ONLY
0,18.5954,t62,LIDAR_ONLY,10.8047,10.8047,,,,,,,,10.61,1.30,slow,25.53,front,LIDAR_ONLY
0,18.5954,t62,LIDAR_ONLY,10.9566,10.9566,,,,,,,,10.61,1.30,slow,21.47,front,LIDAR_ONLY
0,18.9886,t78,LIDAR_ONLY,12.3417,12.3417,,,,,,,,13.24,1.27,slow,23.05,front,LIDAR_ONLY
0,18.9886,t79,LIDAR_ONLY,27.4835,27.4835,63.6347,36.1512,36.1512,56.8105,56.8105,0,0,13.24,1.27,drive,10.99,front,LIDAR_ONLY
0,18.9886,t78,LIDAR_ONLY,11.4219,11.4219,,,,,,,,13.24,1.27,slow,27.08,front,LIDAR_ONLY
0,19.0535,cam_1,CAM_ONLY,24.9423,,37.6480,12.7057,,33.7486,,0,,14.40,1.41,warning,2.46,,CAMERA_ONLY
0,19.2421,t86,LIDAR_ONLY,9.5180,9.5180,,,,,,,,10.77,1.40,slow,28.42,front,LIDAR_ONLY
0,19.2421,t86,LIDAR_ONLY,9.9260,9.9260,,,,,,,,10.77,1.40,slow,20.42,front,LIDAR_ONLY
0,19.2421,t86,LIDAR_ONLY,10.2173,10.2173,,,,,,,,10.77,1.40,slow,24.42,front,LIDAR_ONLY
0,19.2421,t86,LIDAR_ONLY,10.7150,10.7150,,,,,,,,10.77,1.40,slow,16.43,front,LIDAR_ONLY
0,19.6905,t100,LIDAR_ONLY,8.7947,8.7947,,,,,,,,17.08,1.24,slow,26.27,front,LIDAR_ONLY
0,19.6905,t100,LIDAR_ONLY,8.8857,8.8857,,,,,,,,17.08,1.24,slow,22.21,front,LIDAR_ONLY
0,19.6905,t100,LIDAR_ONLY,9.1818,9.1818,,,,,,,,17.08,1.24,slow,18.16,front,LIDAR_ONLY
0,19.6905,t100,LIDAR_ONLY,9.5863,9.5863,,,,,,,,17.08,1.24,slow,14.11,front,LIDAR_ONLY
0,19.8663,cam_2,CAM_ONLY,57.0940,,34.6161,22.4779,,64.9348,,0,,8.88,1.27,safe,-1.75,,CAMERA_ONLY
0,19.9761,cam_2,CAM_ONLY,58.0130,,34.1640,23.8490,,69.8074,,0,,13.13,0.99,safe,-1.03,,CAMERA_ONLY
0,20.0411,cam_2,CAM_ONLY,55.3703,,33.8901,21.4802,,63.3820,,0,,16.56,1.22,safe,-0.54,,CAMERA_ONLY
0,20.0411,t110,LIDAR_ONLY,13.1061,13.1061,,,,,,,,16.56,1.22,slow,17.90,front,LIDAR_ONLY
0,20.0411,t110,LIDAR_ONLY,14.6558,14.6558,,,,,,,,16.56,1.22,slow,9.65,front,LIDAR_ONLY
0,20.0411,t110,LIDAR_ONLY,15.5965,15.5965,,,,,,,,16.56,1.22,slow,13.78,front,LIDAR_ONLY
0,20.0411,t110,LIDAR_ONLY,14.7402,14.7402,,,,,,,,16.56,1.22,cautious,22.03,front,LIDAR_ONLY
0,20.0411,t110,LIDAR_ONLY,13.4307,13.4307,,,,,,,,16.56,1.22,slow,26.16,front,LIDAR_ONLY
0,20.1076,cam_2,CAM_ONLY,55.7727,,33.6014,22.1713,,65.9835,,0,,13.97,2.01,safe,0.09,,CAMERA_ONLY
0,20.1686,cam_2,CAM_ONLY,56.4378,,33.2547,23.1831,,69.7137,,0,,11.91,0.95,safe,0.36,,CAMERA_ONLY
0,20.2395,cam_2,CAM_ONLY,55.6809,,32.9713,22.7095,,68.8765,,0,,17.13,1.14,safe,0.40,,CAMERA_ONLY
0,20.2395,t110,LIDAR_ONLY,12.0406,12.0406,,,,,,,,17.13,1.14,slow,27.16,front,LIDAR_ONLY
0,20.2395,t110,LIDAR_ONLY,10.6837,10.6837,,,,,,,,17.13,1.14,slow,22.99,front,LIDAR_ONLY
0,20.2395,t117,LIDAR_ONLY,23.1196,23.1196,,,,,,,,17.13,1.14,drive,10.48,front,LIDAR_ONLY
0,20.2395,t117,LIDAR_ONLY,19.8546,19.8546,,,,,,,,17.13,1.14,drive,14.65,front,LIDAR_ONLY
0,20.2395,t110,LIDAR_ONLY,10.5492,10.5492,,,,,,,,17.13,1.14,slow,18.82,front,LIDAR_ONLY
0,20.3015,cam_2,CAM_ONLY,55.0381,,32.6794,22.3588,,68.4187,,0,,11.23,1.16,safe,0.36,,CAMERA_ONLY
0,20.3663,cam_2,CAM_ONLY,53.9030,,32.3294,21.5736,,66.7307,,0,,14.22,0.98,safe,0.31,,CAMERA_ONLY
0,20.4343,cam_2,CAM_ONLY,53.6050,,32.0451,21.5599,,67.2798,,0,,14.90,1.05,safe,0.13,,CAMERA_ONLY
0,20.4343,t117,LIDAR_ONLY,18.4691,18.4691,,,,,,,,14.90,1.05,cautious,14.65,front,LIDAR_ONLY
0,20.4343,t110,LIDAR_ONLY,10.6724,10.6724,,,,,,,,14.90,1.05,slow,18.69,front,LIDAR_ONLY
0,20.4343,t110,LIDAR_ONLY,10.8179,10.8179,,,,,,,,14.90,1.05,slow,22.73,front,LIDAR_ONLY
0,20.5106,cam_2,CAM_ONLY,54.6419,,31.7021,22.9398,,72.3605,,0,,18.93,1.43,safe,0.13,,CAMERA_ONLY
0,20.5770,cam_2,CAM_ONLY,54.6271,,31.3799,23.2472,,74.0831,,0,,19.03,1.07,safe,0.09,,CAMERA_ONLY
0,20.6401,cam_2,CAM_ONLY,54.4953,,31.0874,23.4080,,75.2974,,0,,9.35,1.02,safe,0.09,,CAMERA_ONLY
0,20.6401,t110,LIDAR_ONLY,11.0467,11.0467,,,,,,,,9.35,1.02,slow,24.07,front,LIDAR_ONLY
0,20.6401,t110,LIDAR_ONLY,11.0697,11.0697,,,,,,,,9.35,1.02,slow,28.12,front,LIDAR_ONLY
0,20.6401,t117,LIDAR_ONLY,18.5439,18.5439,,,,,,,,9.35,1.02,cautious,11.92,front,LIDAR_ONLY
0,20.6401,t117,LIDAR_ONLY,16.8579,16.8579,,,,,,,,9.35,1.02,cautious,20.02,front,LIDAR_ONLY
0,20.6401,t117,LIDAR_ONLY,15.3605,15.3605,,,,,,,,9.35,1.02,cautious,15.97,front,LIDAR_ONLY
0,20.6913,cam_2,CAM_ONLY,53.0723,,30.8387,22.2335,,72.0961,,0,,9.42,1.19,safe,0.09,,CAMERA_ONLY
0,20.6913,t117,LIDAR_ONLY,14.7250,14.7250,,,,,,,,9.42,1.19,cautious,18.54,front,LIDAR_ONLY
0,20.6913,t117,LIDAR_ONLY,13.3731,13.3731,,,,,,,,9.42,1.19,slow,22.72,front,LIDAR_ONLY
0,20.6913,t110,LIDAR_ONLY,10.4192,10.4192,,,,,,,,9.42,1.19,slow,26.91,front,LIDAR_ONLY
0,20.6913,t126,LIDAR_ONLY,23.3151,23.3151,56.8398,33.5248,33.5248,58.9811,58.9811,0,0,9.42,1.19,drive,10.16,front,LIDAR_ONLY
0,20.7534,cam_2,CAM_ONLY,53.0117,,30.4994,22.5123,,73.8121,,0,,12.98,1.03,safe,0.31,,CAMERA_ONLY
0,20.8146,cam_2,CAM_ONLY,52.0128,,30.2614,21.7514,,71.8784,,0,,13.28,1.15,safe,0.54,,CAMERA_ONLY
0,20.8939,cam_2,CAM_ONLY,51.3288,,29.9021,21.4266,,71.6560,,0,,23.20,1.20,safe,0.76,,CAMERA_ONLY
0,20.8939,t117,LIDAR_ONLY,12.2403,12.2403,,,,,,,,23.20,1.20,slow,22.18,front,LIDAR_ONLY
0,20.8939,t126,LIDAR_ONLY,20.1327,20.1327,,,,,,,,23.20,1.20,drive,13.95,front,LIDAR_ONLY
0,20.8939,t110,LIDAR_ONLY,9.5818,9.5818,,,,,,,,23.20,1.20,slow,26.29,front,LIDAR_ONLY
0,20.8939,t126,LIDAR_ONLY,17.7596,17.7596,,,,,,,,23.20,1.20,cautious,18.06,front,LIDAR_ONLY
0,20.9588,cam_2,CAM_ONLY,21.2694,,29.5706,8.3012,,28.0724,,0,,17.26,1.36,stop,1.03,,CAMERA_ONLY
0,21.0225,cam_2,CAM_ONLY,50.0372,,29.2734,20.7638,,70.9306,,0,,10.89,1.07,safe,1.21,,CAMERA_ONLY
0,21.0938,cam_2,CAM_ONLY,49.0287,,28.9638,20.0649,,69.2757,,0,,15.36,1.27,safe,1.34,,CAMERA_ONLY
0,21.0938,t117,LIDAR_ONLY,12.2562,12.2562,,,,,,,,15.36,1.27,slow,21.00,front,LIDAR_ONLY
0,21.0938,t110,LIDAR_ONLY,9.2042,9.2042,,,,,,,,15.36,1.27,slow,29.35,front,LIDAR_ONLY
0,21.0938,t126,LIDAR_ONLY,17.8985,17.8985,,,,,,,,15.36,1.27,cautious,12.65,front,LIDAR_ONLY
0,21.0938,t126,LIDAR_ONLY,17.8302,17.8302,,,,,,,,15.36,1.27,cautious,16.82,front,LIDAR_ONLY
0,21.0938,t117,LIDAR_ONLY,11.4177,11.4177,,,,,,,,15.36,1.27,slow,25.18,front,LIDAR_ONLY
0,21.1557,cam_2,CAM_ONLY,48.0349,,28.6612,19.3737,,67.5954,,0,,15.12,1.26,safe,1.43,,CAMERA_ONLY
0,21.2219,cam_2,CAM_ONLY,48.3503,,28.3480,20.0023,,70.5600,,0,,9.42,1.11,safe,1.43,,CAMERA_ONLY
0,21.2950,cam_2,CAM_ONLY,47.3993,,28.0183,19.3810,,69.1728,,0,,20.87,1.34,safe,1.52,,CAMERA_ONLY
0,21.2950,t126,LIDAR_ONLY,15.9705,15.9705,53.8944,37.9239,37.9239,70.3671,70.3671,0,0,20.87,1.34,cautious,19.07,front,LIDAR_ONLY
0,21.2950,t117,LIDAR_ONLY,11.1564,11.1564,,,,,,,,20.87,1.34,slow,23.12,front,LIDAR_ONLY
0,21.2950,t126,LIDAR_ONLY,15.5801,15.5801,53.8944,38.3143,38.3143,71.0914,71.0914,0,0,20.87,1.34,cautious,15.02,front,LIDAR_ONLY
0,21.2950,t110,LIDAR_ONLY,9.0960,9.0960,,,,,,,,20.87,1.34,slow,27.17,front,LIDAR_ONLY
0,21.3540,cam_2,CAM_ONLY,47.4501,,27.8003,19.6498,,70.6818,,0,,10.04,1.18,safe,1.57,,CAMERA_ONLY
0,21.4205,cam_2,CAM_ONLY,47.3588,,27.4895,19.8693,,72.2796,,0,,13.71,1.21,safe,1.61,,CAMERA_ONLY
0,21.4831,cam_2,CAM_ONLY,47.5137,,27.2101,20.3036,,74.6177,,0,,10.99,1.97,safe,1.66,,CAMERA_ONLY
0,21.4831,t110,LIDAR_ONLY,9.1319,9.1319,,,,,,,,10.99,1.97,slow,28.05,front,LIDAR_ONLY
0,21.4831,t117,LIDAR_ONLY,11.1676,11.1676,,,,,,,,10.99,1.97,slow,23.92,front,LIDAR_ONLY
0,21.4831,t126,LIDAR_ONLY,15.8428,15.8428,,,,,,,,10.99,1.97,cautious,15.66,front,LIDAR_ONLY
0,21.4831,t126,LIDAR_ONLY,15.1722,15.1722,,,,,,,,10.99,1.97,cautious,19.79,front,LIDAR_ONLY
0,21.5553,cam_2,CAM_ONLY,19.5967,,26.9053,7.3086,,27.1641,,0,,16.40,1.36,stop,1.66,,CAMERA_ONLY
0,21.5553,cam_2,CAM_ONLY,46.9388,,26.9053,20.0335,,74.4593,,0,,16.40,1.36,safe,1.66,,CAMERA_ONLY
0,21.6190,cam_2,CAM_ONLY,19.4492,,26.6292,7.1800,,26.9630,,0,,11.31,0.98,stop,1.75,,CAMERA_ONLY
0,21.6190,cam_2,CAM_ONLY,46.7939,,26.6292,20.1647,,75.7239,,0,,11.31,0.98,safe,1.75,,CAMERA_ONLY
0,21.6808,cam_2,CAM_ONLY,45.2969,,26.3229,18.9740,,72.0816,,0,,11.28,0.94,safe,1.79,,CAMERA_ONLY
0,21.7648,cam_2,CAM_ONLY,45.6129,,26.0046,19.6082,,75.4028,,0,,12.10,0.85,safe,1.79,,CAMERA_ONLY
0,21.8261,cam_2,CAM_ONLY,45.0856,,25.7380,19.3476,,75.1711,,0,,11.45,1.06,safe,1.92,,CAMERA_ONLY
0,21.8781,t146,BOTH,44.9749,33.0570,51.3502,6.3753,18.2932,12.4153,35.6244,0,0,9.18,0.85,safe,2.01,,FULL_ANGLE
0,21.8781,t146,LIDAR_ONLY,40.5757,40.5757,51.3502,10.7745,10.7745,20.9824,20.9824,0,0,9.18,0.85,drive,11.30,front,LIDAR_ONLY
0,21.9397,cam_2,CAM_ONLY,44.3747,,25.2776,19.0971,,75.5497,,0,,12.54,1.18,safe,2.10,,CAMERA_ONLY
0,21.9397,t148,LIDAR_ONLY,36.2174,36.2174,,,,,,,,12.54,1.18,drive,-22.78,front,LIDAR_ONLY
0,21.9397,t149,LIDAR_ONLY,12.1746,12.1746,,,,,,,,12.54,1.18,slow,21.96,front,LIDAR_ONLY
0,21.9397,t149,LIDAR_ONLY,11.1898,11.1898,,,,,,,,12.54,1.18,slow,26.03,front,LIDAR_ONLY
0,21.9397,t150,LIDAR_ONLY,20.6338,20.6338,,,,,,,,12.54,1.18,drive,13.83,front,LIDAR_ONLY
0,21.9397,t150,LIDAR_ONLY,17.8421,17.8421,,,,,,,,12.54,1.18,cautious,17.90,front,LIDAR_ONLY
0,21.9982,cam_2,CAM_ONLY,44.2967,,25.0277,19.2691,,76.9910,,0,,11.59,1.18,safe,2.15,,CAMERA_ONLY
0,22.0645,cam_2,CAM_ONLY,18.1760,,24.7331,6.5571,,26.5115,,0,,12.78,0.97,stop,2.19,,CAMERA_ONLY
0,22.0645,cam_2,CAM_ONLY,44.3226,,24.7331,19.5895,,79.2034,,0,,12.78,0.97,safe,2.24,,CAMERA_ONLY
0,22.1329,cam_2,CAM_ONLY,18.0652,,24.4391,6.3739,,26.0809,,0,,15.67,1.08,stop,2.33,,CAMERA_ONLY
0,22.1329,cam_2,CAM_ONLY,44.0668,,24.4391,19.6277,,80.3126,,0,,15.67,1.08,safe,2.33,,CAMERA_ONLY
0,22.1975,cam_2,CAM_ONLY,43.4024,,24.1440,19.2584,,79.7648,,0,,16.54,1.28,safe,2.37,,CAMERA_ONLY
0,22.2693,cam_2,CAM_ONLY,42.5049,,23.8406,18.6644,,78.2884,,0,,15.32,1.05,safe,2.42,,CAMERA_ONLY
0,22.3478,cam_2,CAM_ONLY,41.6153,,23.5301,18.0852,,76.8601,,0,,22.11,1.27,safe,2.46,,CAMERA_ONLY
0,22.3478,t158,LIDAR_ONLY,12.4493,12.4493,,,,,,,,22.11,1.27,slow,21.99,front,LIDAR_ONLY
0,22.3478,t158,LIDAR_ONLY,11.5155,11.5155,,,,,,,,22.11,1.27,slow,26.03,front,LIDAR_ONLY
0,22.3478,t158,LIDAR_ONLY,11.7323,11.7323,,,,,,,,22.11,1.27,slow,17.95,front,LIDAR_ONLY
0,22.4070,cam_2,CAM_ONLY,41.0333,,23.3999,17.6334,,75.3566,,0,,13.30,1.10,safe,2.46,,CAMERA_ONLY
0,22.4681,cam_2,CAM_ONLY,40.7081,,22.9702,17.7379,,77.2213,,0,,10.88,1.04,safe,2.55,,CAMERA_ONLY
0,22.5293,cam_2,CAM_ONLY,40.1526,,22.7608,17.3918,,76.4114,,0,,13.59,1.12,safe,2.59,,CAMERA_ONLY
0,22.5975,cam_2,CAM_ONLY,39.5875,,22.4256,17.1619,,76.5278,,0,,16.06,1.28,safe,2.64,,CAMERA_ONLY
0,22.5975,t166,LIDAR_ONLY,12.1490,12.1490,,,,,,,,16.06,1.28,slow,22.65,front,LIDAR_ONLY
0,22.5975,t166,LIDAR_ONLY,13.3027,13.3027,,,,,,,,16.06,1.28,slow,14.53,front,LIDAR_ONLY
0,22.5975,t166,LIDAR_ONLY,14.0171,14.0171,,,,,,,,16.06,1.28,slow,18.59,front,LIDAR_ONLY
0,22.5975,t166,LIDAR_ONLY,14.1231,14.1231,,,,,,,,16.06,1.28,slow,26.72,front,LIDAR_ONLY
0,22.6547,cam_2,CAM_ONLY,39.0086,,22.1760,16.8326,,75.9048,,0,,11.37,0.87,safe,2.68,,CAMERA_ONLY
0,22.7123,cam_2,CAM_ONLY,38.3672,,21.9618,16.4055,,74.7000,,0,,10.86,0.93,safe,2.73,,CAMERA_ONLY
0,22.7619,cam_2,CAM_ONLY,38.0517,,21.7412,16.3105,,75.0213,,0,,9.81,1.09,safe,2.73,,CAMERA_ONLY
0,22.8246,cam_2,CAM_ONLY,37.2738,,21.4240,15.8498,,73.9816,,0,,12.83,1.09,safe,2.73,,CAMERA_ONLY
0,22.8783,cam_2,CAM_ONLY,36.6214,,21.1852,15.4362,,72.8632,,0,,8.74,1.15,safe,2.77,,CAMERA_ONLY
0,22.9447,cam_2,CAM_ONLY,36.8209,,20.9019,15.9190,,76.1607,,0,,19.34,1.35,safe,2.77,,CAMERA_ONLY
0,22.9447,t176,LIDAR_ONLY,14.9151,14.9151,,,,,,,,19.34,1.35,cautious,18.89,front,LIDAR_ONLY
0,22.9447,t176,LIDAR_ONLY,11.8888,11.8888,,,,,,,,19.34,1.35,slow,27.07,front,LIDAR_ONLY
0,22.9447,t176,LIDAR_ONLY,11.9058,11.9058,,,,,,,,19.34,1.35,slow,22.98,front,LIDAR_ONLY
0,23.0088,cam_2,CAM_ONLY,37.2183,,20.6188,16.5995,,80.5065,,0,,13.02,1.29,safe,2.86,,CAMERA_ONLY
0,23.0722,cam_2,CAM_ONLY,37.2393,,20.2961,16.9433,,83.4806,,0,,18.95,1.15,safe,2.91,,CAMERA_ONLY
0,23.1361,cam_2,CAM_ONLY,35.4176,,19.9889,15.4287,,77.1865,,0,,13.23,1.08,slowdown,3.09,,CAMERA_ONLY
0,23.1361,t176,LIDAR_ONLY,11.9469,11.9469,45.7680,33.8211,33.8211,73.8968,73.8968,0,0,13.23,1.08,slow,22.83,front,LIDAR_ONLY
0,23.1361,t176,LIDAR_ONLY,12.6989,12.6989,45.7680,33.0691,33.0691,72.2537,72.2537,0,0,13.23,1.08,slow,14.65,front,LIDAR_ONLY
0,23.1361,t181,LIDAR_ONLY,10.3822,10.3822,,,,,,,,13.23,1.08,slow,26.92,front,LIDAR_ONLY
0,23.1958,cam_2,CAM_ONLY,34.9409,,19.6826,15.2584,,77.5221,,0,,12.83,1.14,slowdown,3.04,,CAMERA_ONLY
0,23.2613,cam_2,CAM_ONLY,34.2721,,19.3886,14.8835,,76.7640,,0,,15.64,1.26,slowdown,3.17,,CAMERA_ONLY
0,23.3290,cam_2,CAM_ONLY,33.4332,,19.0681,14.3651,,75.3359,,0,,11.26,1.01,slowdown,3.26,,CAMERA_ONLY
0,23.4089,cam_2,CAM_ONLY,33.0225,,18.6454,14.3771,,77.1081,,0,,9.86,1.21,slowdown,3.22,,CAMERA_ONLY
0,23.4709,cam_2,CAM_ONLY,32.6409,,18.3804,14.2606,,77.5859,,0,,13.43,0.90,slowdown,3.17,,CAMERA_ONLY
0,23.5450,cam_2,CAM_ONLY,31.8258,,18.0083,13.8174,,76.7278,,0,,24.77,2.43,warning,3.13,,CAMERA_ONLY
0,23.6100,cam_2,CAM_ONLY,31.7603,,17.7251,14.0352,,79.1827,,0,,12.27,1.20,warning,3.26,,CAMERA_ONLY
0,23.6724,cam_2,CAM_ONLY,32.6664,,17.4087,15.2577,,87.6443,,0,,13.08,1.07,slowdown,3.26,,CAMERA_ONLY
0,23.7318,cam_2,CAM_ONLY,33.1317,,17.1781,15.9536,,92.8717,,0,,12.46,0.97,slowdown,3.26,,CAMERA_ONLY
0,23.7961,cam_2,CAM_ONLY,30.8585,,16.8650,13.9935,,82.9737,,0,,11.01,1.11,warning,3.26,,CAMERA_ONLY
0,23.8621,cam_2,CAM_ONLY,30.9374,,16.6029,14.3346,,86.3380,,0,,15.35,1.11,warning,3.17,,CAMERA_ONLY
0,23.9225,cam_2,CAM_ONLY,31.5045,,16.3445,15.1600,,92.7532,,0,,14.34,1.16,slowdown,3.22,,CAMERA_ONLY
0,23.9895,cam_2,CAM_ONLY,28.7773,,16.0662,12.7111,,79.1174,,0,,15.74,1.22,warning,3.17,,CAMERA_ONLY
0,23.9895,t207,LIDAR_ONLY,13.9470,13.9470,,,,,,,,15.74,1.22,cautious,22.00,front,LIDAR_ONLY
0,23.9895,t207,LIDAR_ONLY,12.3752,12.3752,,,,,,,,15.74,1.22,slow,26.09,front,LIDAR_ONLY
0,23.9895,t208,LIDAR_ONLY,16.1246,16.1246,16.0662,0.0585,0.0585,0.3640,0.3640,1,1,15.74,1.22,cautious,5.64,front,LIDAR_ONLY
0,24.0601,cam_2,CAM_ONLY,28.0282,,15.7891,12.2391,,77.5160,,0,,13.45,1.19,warning,3.17,,CAMERA_ONLY
0,24.1188,cam_2,CAM_ONLY,27.3181,,15.5612,11.7569,,75.5530,,0,,10.02,0.87,warning,3.13,,CAMERA_ONLY
0,24.1784,cam_2,CAM_ONLY,27.1176,,15.3032,11.8145,,77.2026,,0,,10.40,1.04,warning,3.09,,CAMERA_ONLY
0,24.2454,cam_2,CAM_ONLY,27.0227,,15.0933,11.9294,,79.0378,,0,,14.42,1.23,warning,3.04,,CAMERA_ONLY
0,24.2454,t216,LIDAR_ONLY,10.9798,10.9798,,,,,,,,14.42,1.23,slow,26.19,front,LIDAR_ONLY
0,24.3184,cam_2,CAM_ONLY,26.2911,,14.8065,11.4846,,77.5650,,0,,17.86,1.14,warning,3.00,,CAMERA_ONLY
0,24.3866,cam_2,CAM_ONLY,25.9114,,14.6047,11.3068,,77.4190,,0,,13.31,1.04,warning,2.95,,CAMERA_ONLY
0,24.3866,t216,LIDAR_ONLY,10.3763,10.3763,71.8342,61.4579,61.4579,85.5552,85.5552,0,0,13.31,1.04,slow,28.44,front,LIDAR_ONLY
0,24.3866,t216,LIDAR_ONLY,10.5986,10.5986,71.8342,61.2356,61.2356,85.2457,85.2457,0,0,13.31,1.04,slow,24.41,front,LIDAR_ONLY
0,24.3866,t216,LIDAR_ONLY,11.0621,11.0621,71.8342,60.7721,60.7721,84.6005,84.6005,0,0,13.31,1.04,slow,20.37,front,LIDAR_ONLY
0,24.3866,t218,LIDAR_ONLY,14.8102,14.8102,14.6047,0.2055,0.2055,1.4073,1.4073,1,1,13.31,1.04,cautious,4.24,front,LIDAR_ONLY
0,24.4469,cam_2,CAM_ONLY,25.3785,,14.4156,10.9629,,76.0485,,0,,11.21,1.23,warning,3.00,,CAMERA_ONLY
0,24.4469,t216,LIDAR_ONLY,11.2914,11.2914,,,,,,,,11.21,1.23,slow,27.06,front,LIDAR_ONLY
0,24.5092,cam_2,CAM_ONLY,25.2604,,14.2124,11.0480,,77.7350,,0,,12.09,1.19,warning,2.91,,CAMERA_ONLY
0,24.5723,cam_2,CAM_ONLY,25.2674,,14.0167,11.2507,,80.2667,,0,,14.95,1.24,warning,2.91,,CAMERA_ONLY
0,24.6316,cam_2,CAM_ONLY,25.3090,,13.8474,11.4616,,82.7704,,0,,9.98,0.83,warning,2.86,,CAMERA_ONLY
0,24.6973,t231,BOTH,24.9540,23.7159,70.9781,46.0240,47.2621,64.8426,66.5870,0,0,13.53,2.88,warning,2.77,,FULL_ANGLE
0,24.6973,t229,LIDAR_ONLY,9.7373,9.7373,70.9781,61.2408,61.2408,86.2812,86.2812,0,0,13.53,2.88,slow,29.18,front,LIDAR_ONLY
0,24.6973,t231,LIDAR_ONLY,20.1208,20.1208,70.9781,50.8573,50.8573,71.6521,71.6521,0,0,13.53,2.88,drive,20.84,front,LIDAR_ONLY
0,24.6973,t229,LIDAR_ONLY,9.9613,9.9613,70.9781,61.0167,61.0167,85.9656,85.9656,0,0,13.53,2.88,slow,25.01,front,LIDAR_ONLY
0,24.6973,t232,LIDAR_ONLY,13.9555,13.9555,13.6422,0.3133,0.3133,2.2966,2.2966,1,1,13.53,2.88,cautious,-0.02,front,LIDAR_ONLY
0,24.6973,t232,LIDAR_ONLY,13.8445,13.8445,13.6422,0.2023,0.2023,1.4829,1.4829,1,1,13.53,2.88,cautious,4.15,front,LIDAR_ONLY
0,24.8213,cam_2,CAM_ONLY,24.4252,,13.3245,11.1008,,83.3113,,0,,14.57,1.11,warning,2.64,,CAMERA_ONLY
0,24.8810,cam_2,CAM_ONLY,23.8134,,13.1807,10.6328,,80.6696,,0,,9.16,0.81,warning,2.55,,CAMERA_ONLY
0,24.9421,cam_2,CAM_ONLY,23.9134,,13.0256,10.8878,,83.5874,,0,,11.89,1.30,warning,2.51,,CAMERA_ONLY
0,24.9421,t242,LIDAR_ONLY,9.8416,9.8416,70.4604,60.6188,60.6188,86.0324,86.0324,0,0,11.89,1.30,slow,29.08,front,LIDAR_ONLY
0,24.9421,t242,LIDAR_ONLY,10.1646,10.1646,70.4604,60.2957,60.2957,85.5740,85.5740,0,0,11.89,1.30,slow,25.05,front,LIDAR_ONLY
0,24.9421,t242,LIDAR_ONLY,11.0776,11.0776,70.4604,59.3828,59.3828,84.2782,84.2782,0,0,11.89,1.30,slow,17.00,front,LIDAR_ONLY
0,24.9421,t242,LIDAR_ONLY,11.8824,11.8824,70.4604,58.5780,58.5780,83.1361,83.1361,0,0,11.89,1.30,slow,21.02,front,LIDAR_ONLY
0,24.9421,t243,LIDAR_ONLY,13.0879,13.0879,13.0256,0.0623,0.0623,0.4781,0.4781,1,1,11.89,1.30,cautious,4.91,front,LIDAR_ONLY
0,24.9421,t243,LIDAR_ONLY,13.1010,13.1010,13.0256,0.0754,0.0754,0.5786,0.5786,1,1,11.89,1.30,cautious,0.89,front,LIDAR_ONLY
0,25.0174,cam_2,CAM_ONLY,23.6893,,12.8164,10.8729,,84.8356,,0,,23.67,1.54,warning,2.46,,CAMERA_ONLY
0,25.0732,cam_2,CAM_ONLY,23.2004,,12.7005,10.4999,,82.6730,,0,,10.24,1.14,warning,2.46,,CAMERA_ONLY
0,25.1333,cam_2,CAM_ONLY,23.4192,,12.5675,10.8517,,86.3473,,0,,9.15,0.87,warning,2.42,,CAMERA_ONLY
0,25.2028,cam_2,CAM_ONLY,23.3037,,12.4024,10.9013,,87.8967,,0,,18.37,1.22,warning,2.37,,CAMERA_ONLY
0,25.2668,cam_2,CAM_ONLY,23.0259,,12.2669,10.7590,,87.7079,,0,,12.57,0.99,warning,2.37,,CAMERA_ONLY
0,25.3285,cam_2,CAM_ONLY,22.8779,,12.1310,10.7468,,88.5898,,0,,10.60,0.97,warning,2.28,,CAMERA_ONLY
0,25.3285,t251,LIDAR_ONLY,15.7624,15.7624,69.6664,53.9040,53.9040,77.3745,77.3745,0,0,10.60,0.97,cautious,20.81,front,LIDAR_ONLY
0,25.3285,t251,LIDAR_ONLY,14.2088,14.2088,69.6664,55.4576,55.4576,79.6046,79.6046,0,0,10.60,0.97,cautious,25.02,front,LIDAR_ONLY
0,25.3285,t252,LIDAR_ONLY,12.2048,12.2048,12.1310,0.0738,0.0738,0.6085,0.6085,1,1,10.60,0.97,cautious,3.98,front,LIDAR_ONLY
0,25.3837,cam_2,CAM_ONLY,22.5621,,12.0400,10.5221,,87.3926,,0,,10.69,0.85,warning,2.28,,CAMERA_ONLY
0,25.3837,t252,LIDAR_ONLY,12.1507,12.1507,12.0400,0.1106,0.1106,0.9190,0.9190,1,1,10.69,0.85,cautious,4.21,front,LIDAR_ONLY
0,25.3837,t252,LIDAR_ONLY,12.1533,12.1533,12.0400,0.1133,0.1133,0.9409,0.9409,1,1,10.69,0.85,cautious,0.18,front,LIDAR_ONLY
0,25.4411,cam_2,CAM_ONLY,22.3975,,11.9379,10.4596,,87.6163,,0,,8.76,1.06,warning,2.24,,CAMERA_ONLY
0,25.4411,t251,LIDAR_ONLY,12.1804,12.1804,69.4978,57.3174,57.3174,82.4737,82.4737,0,0,8.76,1.06,cautious,29.39,front,LIDAR_ONLY
0,25.4411,t251,LIDAR_ONLY,12.1313,12.1313,69.4978,57.3666,57.3666,82.5444,82.5444,0,0,8.76,1.06,cautious,25.33,front,LIDAR_ONLY
0,25.4411,t252,LIDAR_ONLY,12.1556,12.1556,11.9379,0.2177,0.2177,1.8236,1.8236,1,1,8.76,1.06,cautious,-3.03,front,LIDAR_ONLY
0,25.4411,t252,LIDAR_ONLY,12.1455,12.1455,11.9379,0.2076,0.2076,1.7388,1.7388,1,1,8.76,1.06,cautious,1.02,front,LIDAR_ONLY
0,25.4411,t251,LIDAR_ONLY,12.5750,12.5750,69.4978,56.9229,56.9229,81.9059,81.9059,0,0,8.76,1.06,cautious,17.23,front,LIDAR_ONLY
0,25.4411,t251,LIDAR_ONLY,12.8284,12.8284,69.4978,56.6695,56.6695,81.5414,81.5414,0,0,8.76,1.06,cautious,21.28,front,LIDAR_ONLY
0,25.4992,cam_2,CAM_ONLY,22.1757,,11.8272,10.3485,,87.4978,,0,,11.61,1.13,warning,2.19,,CAMERA_ONLY
0,25.5609,cam_2,CAM_ONLY,22.1583,,11.7221,10.4362,,89.0295,,0,,13.67,1.14,warning,2.10,,CAMERA_ONLY
0,25.6394,cam_2,CAM_ONLY,22.5676,,11.6701,10.8976,,93.3805,,0,,20.66,1.74,safe,2.10,,CAMERA_ONLY
0,25.6394,t251,LIDAR_ONLY,13.1785,13.1785,,,,,,,,20.66,1.74,cautious,21.44,front,LIDAR_ONLY
0,25.6394,t251,LIDAR_ONLY,13.3047,13.3047,,,,,,,,20.66,1.74,cautious,29.63,front,LIDAR_ONLY
0,25.6394,t251,LIDAR_ONLY,13.3863,13.3863,,,,,,,,20.66,1.74,cautious,25.53,front,LIDAR_ONLY
0,25.6394,t252,LIDAR_ONLY,12.0774,12.0774,11.6701,0.4073,0.4073,3.4903,3.4903,1,1,20.66,1.74,cautious,0.96,front,LIDAR_ONLY
0,25.7005,cam_2,CAM_ONLY,22.5190,,11.6688,10.8502,,92.9846,,0,,11.33,1.03,safe,2.10,,CAMERA_ONLY
0,25.7604,cam_2,CAM_ONLY,22.4811,,11.6622,10.8189,,92.7693,,0,,9.98,1.04,safe,2.10,,CAMERA_ONLY
0,25.8469,t258,BOTH,22.4829,27.1762,69.2487,46.7658,42.0724,67.5331,60.7556,0,0,22.82,2.57,safe,2.10,,FULL_ANGLE
0,25.8469,t251,LIDAR_ONLY,12.4402,12.4402,,,,,,,,22.82,2.57,cautious,23.73,front,LIDAR_ONLY
0,25.8469,t251,LIDAR_ONLY,11.8110,11.8110,,,,,,,,22.82,2.57,cautious,27.78,front,LIDAR_ONLY
0,25.8469,t258,LIDAR_ONLY,21.4275,21.4275,69.2487,47.8211,47.8211,69.0571,69.0571,0,0,22.82,2.57,drive,19.68,front,LIDAR_ONLY
0,25.9010,cam_2,CAM_ONLY,22.1831,,11.6155,10.5677,,90.9796,,0,,10.42,1.13,safe,2.10,,CAMERA_ONLY
0,25.9541,cam_2,CAM_ONLY,21.9771,,11.5875,10.3896,,89.6617,,0,,9.19,1.24,safe,2.01,,CAMERA_ONLY
0,26.0154,cam_2,CAM_ONLY,21.8986,,11.5471,10.3515,,89.6457,,0,,8.74,1.14,slowdown,2.06,,CAMERA_ONLY
0,26.0713,cam_2,CAM_ONLY,21.8724,,11.5031,10.3693,,90.1433,,0,,9.69,1.12,warning,2.06,,CAMERA_ONLY
0,26.1231,cam_2,CAM_ONLY,21.6948,,11.4701,10.2246,,89.1414,,0,,10.65,1.01,safe,2.06,,CAMERA_ONLY
0,26.1913,cam_2,CAM_ONLY,22.3405,,11.4676,10.8729,,94.8146,,0,,12.31,1.27,safe,2.06,,CAMERA_ONLY
0,26.1913,t266,LIDAR_ONLY,13.4801,13.4801,,,,,,,,12.31,1.27,cautious,23.26,front,LIDAR_ONLY
0,26.1913,t266,LIDAR_ONLY,12.0585,12.0585,,,,,,,,12.31,1.27,cautious,27.41,front,LIDAR_ONLY
0,26.1913,t267,LIDAR_ONLY,11.6286,11.6286,11.4676,0.1611,0.1611,1.4044,1.4044,1,1,12.31,1.27,cautious,2.48,front,LIDAR_ONLY
0,26.1913,t267,LIDAR_ONLY,11.6035,11.6035,11.4676,0.1360,0.1360,1.1856,1.1856,1,1,12.31,1.27,cautious,6.63,front,LIDAR_ONLY
0,26.2557,cam_2,CAM_ONLY,22.3353,,11.4561,10.8792,,94.9641,,0,,15.67,2.48,safe,2.06,,CAMERA_ONLY
0,26.3234,cam_2,CAM_ONLY,21.9746,,11.4362,10.5384,,92.1495,,0,,16.86,1.09,safe,2.06,,CAMERA_ONLY
0,26.4022,cam_2,CAM_ONLY,21.9320,,11.4018,10.5302,,92.3552,,0,,22.64,1.46,safe,2.06,,CAMERA_ONLY
0,26.4675,cam_2,CAM_ONLY,22.0281,,11.3652,10.6629,,93.8203,,0,,15.95,1.29,slowdown,2.01,,CAMERA_ONLY
0,26.5368,cam_2,CAM_ONLY,22.0576,,11.3074,10.7502,,95.0718,,0,,19.93,0.97,slowdown,2.01,,CAMERA_ONLY
0,26.5368,t274,LIDAR_ONLY,10.7469,10.7469,68.9600,58.2131,58.2131,84.4158,84.4158,0,0,19.93,0.97,cautious,27.58,front,LIDAR_ONLY
0,26.5368,t274,LIDAR_ONLY,11.5587,11.5587,68.9600,57.4012,57.4012,83.2385,83.2385,0,0,19.93,0.97,cautious,19.15,front,LIDAR_ONLY
0,26.5368,t274,LIDAR_ONLY,12.1213,12.1213,68.9600,56.8387,56.8387,82.4228,82.4228,0,0,19.93,0.97,cautious,23.36,front,LIDAR_ONLY
0,26.5368,t275,LIDAR_ONLY,11.5894,11.5894,11.3074,0.2820,0.2820,2.4940,2.4940,1,1,19.93,0.97,cautious,-1.91,front,LIDAR_ONLY
0,26.5368,t275,LIDAR_ONLY,11.4862,11.4862,11.3074,0.1788,0.1788,1.5809,1.5809,1,1,19.93,0.97,cautious,6.51,front,LIDAR_ONLY
0,26.6044,cam_2,CAM_ONLY,22.1152,,11.2325,10.8827,,96.8861,,0,,15.71,1.15,warning,1.97,,CAMERA_ONLY
0,26.6681,cam_2,CAM_ONLY,21.6605,,11.1628,10.4977,,94.0417,,0,,18.76,1.08,warning,1.92,,CAMERA_ONLY
0,26.7267,cam_2,CAM_ONLY,21.5102,,11.1324,10.3778,,93.2217,,0,,9.24,1.10,safe,1.92,,CAMERA_ONLY
0,26.7865,cam_2,CAM_ONLY,21.6731,,11.1322,10.5410,,94.6894,,0,,11.82,0.90,safe,1.92,,CAMERA_ONLY
0,26.7865,t280,LIDAR_ONLY,15.2789,15.2789,37.1290,21.8501,21.8501,58.8492,58.8492,0,0,11.82,0.90,drive,21.27,front,LIDAR_ONLY
0,26.7865,t280,LIDAR_ONLY,16.0876,16.0876,37.1290,21.0415,21.0415,56.6712,56.6712,0,0,11.82,0.90,drive,17.25,front,LIDAR_ONLY
0,26.7865,t281,LIDAR_ONLY,11.4656,11.4656,11.1322,0.3334,0.3334,2.9951,2.9951,1,1,11.82,0.90,cautious,-2.84,front,LIDAR_ONLY
0,26.7865,t281,LIDAR_ONLY,11.3054,11.3054,11.1322,0.1733,0.1733,1.5566,1.5566,1,1,11.82,0.90,cautious,5.19,front,LIDAR_ONLY
0,26.8635,cam_2,CAM_ONLY,21.8529,,11.1246,10.7283,,96.4376,,0,,14.90,1.02,safe,1.92,,CAMERA_ONLY
0,26.9282,cam_2,CAM_ONLY,21.5613,,11.1107,10.4506,,94.0594,,0,,16.12,0.84,safe,1.88,,CAMERA_ONLY
0,26.9883,cam_2,CAM_ONLY,21.5822,,11.0891,10.4931,,94.6257,,0,,17.07,0.86,safe,1.92,,CAMERA_ONLY
0,26.9883,t280,LIDAR_ONLY,16.9493,16.9493,37.0886,20.1394,20.1394,54.3007,54.3007,0,0,17.07,0.86,drive,17.16,front,LIDAR_ONLY
0,26.9883,t281,LIDAR_ONLY,11.3126,11.3126,11.0891,0.2235,0.2235,2.0153,2.0153,1,1,17.07,0.86,cautious,-2.92,front,LIDAR_ONLY
0,26.9883,t281,LIDAR_ONLY,11.3003,11.3003,11.0891,0.2112,0.2112,1.9044,1.9044,1,1,17.07,0.86,cautious,1.10,front,LIDAR_ONLY
0,27.0534,cam_2,CAM_ONLY,21.5784,,11.0600,10.5183,,95.1023,,0,,16.35,1.22,safe,1.83,,CAMERA_ONLY
0,27.1155,cam_2,CAM_ONLY,21.7218,,11.0243,10.6976,,97.0363,,0,,12.29,1.07,slowdown,1.88,,CAMERA_ONLY
0,27.1790,cam_2,CAM_ONLY,21.4229,,10.9772,10.4456,,95.1572,,0,,14.11,0.97,warning,1.83,,CAMERA_ONLY
0,27.2431,cam_2,CAM_ONLY,21.1107,,10.9237,10.1869,,93.2552,,0,,13.84,1.24,warning,1.83,,CAMERA_ONLY
0,27.2431,t291,LIDAR_ONLY,12.3369,12.3369,,,,,,,,13.84,1.24,cautious,24.83,front,LIDAR_ONLY
0,27.2431,t291,LIDAR_ONLY,11.5379,11.5379,,,,,,,,13.84,1.24,cautious,28.88,front,LIDAR_ONLY
0,27.2431,t292,LIDAR_ONLY,11.0575,11.0575,10.9237,0.1338,0.1338,1.2244,1.2244,1,1,13.84,1.24,cautious,0.50,front,LIDAR_ONLY
0,27.2431,t292,LIDAR_ONLY,11.0056,11.0056,10.9237,0.0818,0.0818,0.7491,0.7491,1,1,13.84,1.24,cautious,4.55,front,LIDAR_ONLY
0,27.3061,cam_2,CAM_ONLY,20.5576,,10.9007,9.6569,,88.5903,,0,,11.36,1.21,safe,1.75,,CAMERA_ONLY
0,27.3639,cam_2,CAM_ONLY,20.4175,,10.8992,9.5183,,87.3303,,0,,10.58,0.82,safe,1.75,,CAMERA_ONLY
0,27.4321,cam_2,CAM_ONLY,20.1953,,10.8929,9.3023,,85.3979,,0,,12.19,0.88,slowdown,1.70,,CAMERA_ONLY
0,27.4947,cam_2,CAM_ONLY,20.1490,,10.8754,9.2736,,85.2720,,0,,10.28,1.11,warning,1.70,,CAMERA_ONLY
0,27.5606,cam_2,CAM_ONLY,20.4344,,10.8678,9.5665,,88.0261,,0,,18.79,1.26,safe,1.70,,CAMERA_ONLY
0,27.6294,cam_2,CAM_ONLY,19.9940,,10.8671,9.1269,,83.9858,,0,,14.98,1.00,safe,1.70,,CAMERA_ONLY
0,27.6294,t301,LIDAR_ONLY,8.1319,8.1319,5.9441,2.1878,2.1878,36.8061,36.8061,0,0,14.98,1.00,slow,-20.32,front,LIDAR_ONLY
0,27.6294,t301,LIDAR_ONLY,7.5713,7.5713,5.9441,1.6272,1.6272,27.3752,27.3752,0,0,14.98,1.00,slow,-24.34,front,LIDAR_ONLY
0,27.6937,cam_2,CAM_ONLY,19.9728,,10.8661,9.1068,,83.8094,,0,,9.99,1.09,safe,1.70,,CAMERA_ONLY
0,27.7502,cam_2,CAM_ONLY,19.9337,,10.8657,9.0681,,83.4564,,0,,10.87,1.03,safe,1.70,,CAMERA_ONLY
0,27.8206,cam_2,CAM_ONLY,20.1407,,10.8633,9.2775,,85.4022,,0,,19.13,1.22,safe,1.70,,CAMERA_ONLY
0,27.8794,t308,BOTH,20.1261,12.5163,10.8526,9.2734,1.6637,85.4486,15.3299,0,0,13.10,0.92,warning,1.70,,FULL_ANGLE
0,27.9469,cam_2,CAM_ONLY,20.1168,,10.8444,9.2724,,85.5042,,0,,14.75,1.08,safe,1.66,,CAMERA_ONLY
0,28.0104,cam_2,CAM_ONLY,20.0756,,10.8432,9.2324,,85.1440,,0,,16.26,0.87,safe,1.70,,CAMERA_ONLY
0,28.0829,cam_2,CAM_ONLY,20.3020,,10.8341,9.4679,,87.3901,,0,,21.95,1.97,safe,1.61,,CAMERA_ONLY
0,28.1587,cam_2,CAM_ONLY,20.1794,,10.8102,9.3692,,86.6705,,0,,23.36,1.30,warning,1.57,,CAMERA_ONLY
0,28.2232,cam_2,CAM_ONLY,20.0061,,10.7996,9.2065,,85.2481,,0,,9.55,0.94,safe,1.57,,CAMERA_ONLY
0,28.2900,cam_2,CAM_ONLY,19.7642,,10.7975,8.9667,,83.0444,,0,,18.27,1.47,warning,1.66,,CAMERA_ONLY
0,28.2900,t315,LIDAR_ONLY,11.6734,11.6734,68.5396,56.8662,56.8662,82.9684,82.9684,0,0,18.27,1.47,cautious,25.86,front,LIDAR_ONLY
0,28.2900,t315,LIDAR_ONLY,10.4071,10.4071,68.5396,58.1325,58.1325,84.8159,84.8159,0,0,18.27,1.47,cautious,29.97,front,LIDAR_ONLY
0,28.2900,t315,LIDAR_ONLY,10.9055,10.9055,68.5396,57.6341,57.6341,84.0887,84.0887,0,0,18.27,1.47,cautious,21.75,front,LIDAR_ONLY
0,28.2900,t315,LIDAR_ONLY,11.6289,11.6289,68.5396,56.9108,56.9108,83.0334,83.0334,0,0,18.27,1.47,cautious,17.65,front,LIDAR_ONLY
0,28.2900,t316,LIDAR_ONLY,11.0307,11.0307,10.7975,0.2332,0.2332,2.1600,2.1600,1,1,18.27,1.47,cautious,-2.89,front,LIDAR_ONLY
0,28.2900,t316,LIDAR_ONLY,10.9172,10.9172,10.7975,0.1198,0.1198,1.1091,1.1091,1,1,18.27,1.47,cautious,5.33,front,LIDAR_ONLY
0,28.3479,cam_2,CAM_ONLY,20.2176,,10.7942,9.4233,,87.2999,,0,,10.68,1.09,safe,1.30,,CAMERA_ONLY
0,28.4110,cam_2,CAM_ONLY,20.0587,,10.7930,9.2657,,85.8497,,0,,12.62,1.09,safe,1.39,,CAMERA_ONLY
0,28.4822,cam_2,CAM_ONLY,19.6320,,10.7885,8.8435,,81.9713,,0,,21.31,1.94,warning,1.66,,CAMERA_ONLY
0,28.5445,cam_2,CAM_ONLY,19.7541,,10.7858,8.9683,,83.1493,,0,,12.55,1.20,safe,1.66,,CAMERA_ONLY
0,28.5445,t321,LIDAR_ONLY,9.8581,9.8581,,,,,,,,12.55,1.20,cautious,29.56,front,LIDAR_ONLY
0,28.5445,t321,LIDAR_ONLY,10.0877,10.0877,,,,,,,,12.55,1.20,cautious,25.53,front,LIDAR_ONLY
0,28.6169,cam_2,CAM_ONLY,19.8066,,10.7840,9.0225,,83.6654,,0,,22.37,0.94,safe,1.66,,CAMERA_ONLY
0,28.6841,cam_2,CAM_ONLY,19.6759,,10.7789,8.8971,,82.5418,,0,,13.67,0.97,warning,1.66,,CAMERA_ONLY
0,28.6841,t321,LIDAR_ONLY,10.6573,10.6573,68.5279,57.8706,57.8706,84.4482,84.4482,0,0,13.67,0.97,cautious,20.12,front,LIDAR_ONLY
0,28.6841,t324,LIDAR_ONLY,10.9530,10.9530,10.7789,0.1742,0.1742,1.6158,1.6158,1,1,13.67,0.97,cautious,-0.71,front,LIDAR_ONLY
0,28.6841,t324,LIDAR_ONLY,10.8978,10.8978,10.7789,0.1190,0.1190,1.1036,1.1036,1,1,13.67,0.97,cautious,3.46,front,LIDAR_ONLY
0,28.7542,cam_2,CAM_ONLY,19.6204,,10.7745,8.8459,,82.1010,,0,,17.03,1.25,safe,1.66,,CAMERA_ONLY
0,28.8136,cam_2,CAM_ONLY,19.8501,,10.7730,9.0771,,84.2576,,0,,12.88,1.02,safe,1.66,,CAMERA_ONLY
0,28.8764,cam_2,CAM_ONLY,19.8181,,10.7681,9.0500,,84.0453,,0,,15.83,0.83,warning,1.66,,CAMERA_ONLY
0,28.9435,cam_2,CAM_ONLY,19.7892,,10.7636,9.0257,,83.8540,,0,,14.84,1.40,safe,1.66,,CAMERA_ONLY
0,28.9435,t331,LIDAR_ONLY,9.8144,9.8144,,,,,,,,14.84,1.40,cautious,29.67,front,LIDAR_ONLY
0,28.9435,t331,LIDAR_ONLY,10.2326,10.2326,,,,,,,,14.84,1.40,cautious,21.44,front,LIDAR_ONLY
0,28.9435,t331,LIDAR_ONLY,10.5769,10.5769,,,,,,,,14.84,1.40,cautious,25.56,front,LIDAR_ONLY
0,28.9435,t333,LIDAR_ONLY,10.8189,10.8189,10.7636,0.0553,0.0553,0.5141,0.5141,1,1,14.84,1.40,cautious,4.98,front,LIDAR_ONLY
0,29.0101,cam_2,CAM_ONLY,19.6608,,10.7620,8.8989,,82.6881,,0,,12.97,1.12,warning,1.66,,CAMERA_ONLY
0,29.0694,cam_2,CAM_ONLY,19.6921,,10.7603,8.9318,,83.0073,,0,,9.33,0.92,safe,1.66,,CAMERA_ONLY
0,29.1307,cam_2,CAM_ONLY,19.6956,,10.7603,8.9353,,83.0392,,0,,14.85,1.30,warning,1.66,,CAMERA_ONLY
0,29.1962,cam_2,CAM_ONLY,19.5942,,10.7602,8.8340,,82.0990,,0,,16.48,1.29,warning,1.66,,CAMERA_ONLY
0,29.2542,cam_2,CAM_ONLY,19.6088,,10.7602,8.8486,,82.2346,,0,,9.49,1.23,warning,1.66,,CAMERA_ONLY
0,29.3228,cam_2,CAM_ONLY,19.6727,,10.7602,8.9125,,82.8285,,0,,16.75,1.06,safe,1.66,,CAMERA_ONLY
0,29.3831,cam_2,CAM_ONLY,19.7511,,10.7601,8.9910,,83.5585,,0,,15.50,0.87,safe,1.66,,CAMERA_ONLY
0,29.3831,t345,LIDAR_ONLY,11.0265,11.0265,10.7601,0.2664,0.2664,2.4757,2.4757,1,1,15.50,0.87,cautious,-3.01,front,LIDAR_ONLY
0,29.3831,t345,LIDAR_ONLY,10.9515,10.9515,10.7601,0.1914,0.1914,1.7786,1.7786,1,1,15.50,0.87,cautious,1.04,front,LIDAR_ONLY
0,29.4424,cam_2,CAM_ONLY,19.6568,,10.7607,8.8961,,82.6724,,0,,13.08,1.96,warning,1.66,,CAMERA_ONLY
0,29.4424,t347,LIDAR_ONLY,14.4466,14.4466,,,,,,,,13.08,1.96,cautious,22.06,front,LIDAR_ONLY
0,29.4424,t347,LIDAR_ONLY,15.5150,15.5150,,,,,,,,13.08,1.96,cautious,18.01,front,LIDAR_ONLY
0,29.4424,t347,LIDAR_ONLY,15.6084,15.6084,,,,,,,,13.08,1.96,cautious,26.11,front,LIDAR_ONLY
0,29.4424,t345,LIDAR_ONLY,10.9560,10.9560,10.7607,0.1953,0.1953,1.8148,1.8148,1,1,13.08,1.96,cautious,-2.25,front,LIDAR_ONLY
0,29.4424,t345,LIDAR_ONLY,10.9270,10.9270,10.7607,0.1663,0.1663,1.5457,1.5457,1,1,13.08,1.96,cautious,1.80,front,LIDAR_ONLY
0,29.5248,cam_2,CAM_ONLY,19.6734,,10.7608,8.9126,,82.8247,,0,,14.64,1.25,safe,1.66,,CAMERA_ONLY
0,29.5879,cam_2,CAM_ONLY,19.6752,,10.7603,8.9149,,82.8500,,0,,15.62,1.12,safe,1.66,,CAMERA_ONLY
0,29.5879,t347,LIDAR_ONLY,14.2544,14.2544,68.5075,54.2531,54.2531,79.1929,79.1929,0,0,15.62,1.12,cautious,26.79,front,LIDAR_ONLY
0,29.5879,t347,LIDAR_ONLY,14.5935,14.5935,68.5075,53.9140,53.9140,78.6979,78.6979,0,0,15.62,1.12,cautious,18.34,front,LIDAR_ONLY
0,29.5879,t347,LIDAR_ONLY,14.7677,14.7677,68.5075,53.7399,53.7399,78.4438,78.4438,0,0,15.62,1.12,cautious,22.57,front,LIDAR_ONLY
0,29.5879,t345,LIDAR_ONLY,10.8853,10.8853,10.7603,0.1250,0.1250,1.1618,1.1618,1,1,15.62,1.12,cautious,5.66,front,LIDAR_ONLY
0,29.5879,t345,LIDAR_ONLY,10.8709,10.8709,10.7603,0.1106,0.1106,1.0279,1.0279,1,1,15.62,1.12,cautious,1.44,front,LIDAR_ONLY
0,29.6588,cam_2,CAM_ONLY,19.7157,,10.7577,8.9580,,83.2708,,0,,15.93,1.25,warning,1.66,,CAMERA_ONLY
0,29.7191,cam_2,CAM_ONLY,19.7094,,10.7562,8.9532,,83.2377,,0,,12.18,1.06,safe,1.66,,CAMERA_ONLY
0,29.7818,cam_2,CAM_ONLY,19.8515,,10.7549,9.0966,,84.5807,,0,,16.95,0.91,slowdown,1.66,,CAMERA_ONLY
0,29.8451,cam_2,CAM_ONLY,19.7051,,10.7523,8.9528,,83.2635,,0,,18.48,1.21,warning,1.66,,CAMERA_ONLY
0,29.8451,t356,LIDAR_ONLY,10.2479,10.2479,,,,,,,,18.48,1.21,cautious,28.66,front,LIDAR_ONLY
0,29.9016,cam_2,CAM_ONLY,19.6266,,10.7504,8.8762,,82.5657,,0,,9.23,1.03,safe,1.66,,CAMERA_ONLY
0,29.9684,cam_2,CAM_ONLY,19.6921,,10.7491,8.9430,,83.1983,,0,,16.93,0.87,warning,1.66,,CAMERA_ONLY
0,30.0340,cam_2,CAM_ONLY,19.7601,,10.7485,9.0116,,83.8412,,0,,16.17,1.18,safe,1.66,,CAMERA_ONLY
0,30.0340,t358,LIDAR_ONLY,10.9537,10.9537,10.7485,0.2052,0.2052,1.9093,1.9093,1,1,16.17,1.18,cautious,-2.12,front,LIDAR_ONLY
0,30.0340,t358,LIDAR_ONLY,10.8984,10.8984,10.7485,0.1499,0.1499,1.3950,1.3950,1,1,16.17,1.18,cautious,1.92,front,LIDAR_ONLY
0,30.0340,t358,LIDAR_ONLY,10.8439,10.8439,10.7485,0.0955,0.0955,0.8884,0.8884,1,1,16.17,1.18,cautious,5.95,front,LIDAR_ONLY
0,30.0981,cam_2,CAM_ONLY,19.6466,,10.7478,8.8988,,82.7965,,0,,17.82,0.97,safe,1.66,,CAMERA_ONLY
0,30.1626,cam_2,CAM_ONLY,19.7654,,10.7453,9.0200,,83.9437,,0,,12.72,0.92,safe,1.66,,CAMERA_ONLY
0,30.2290,cam_2,CAM_ONLY,19.5734,,10.7372,8.8362,,82.2956,,0,,15.05,0.85,warning,1.66,,CAMERA_ONLY
0,30.2865,cam_2,CAM_ONLY,19.7435,,10.7322,9.0113,,83.9648,,0,,10.70,0.78,safe,1.66,,CAMERA_ONLY
0,30.2865,t363,LIDAR_ONLY,10.8133,10.8133,10.7322,0.0811,0.0811,0.7553,0.7553,1,1,10.70,0.78,cautious,3.08,front,LIDAR_ONLY
0,30.3625,cam_2,CAM_ONLY,19.5475,,10.7292,8.8183,,82.1900,,0,,22.95,1.85,warning,1.66,,CAMERA_ONLY
0,30.4281,cam_2,CAM_ONLY,19.4852,,10.7268,8.7584,,81.6491,,0,,11.74,0.94,warning,1.66,,CAMERA_ONLY
0,30.4931,cam_2,CAM_ONLY,19.5030,,10.7268,8.7762,,81.8152,,0,,11.23,1.22,warning,1.66,,CAMERA_ONLY
0,30.4931,t368,LIDAR_ONLY,13.5319,13.5319,,,,,,,,11.23,1.22,cautious,23.15,front,LIDAR_ONLY
0,30.4931,t368,LIDAR_ONLY,11.8103,11.8103,,,,,,,,11.23,1.22,cautious,27.18,front,LIDAR_ONLY
0,30.5592,cam_2,CAM_ONLY,19.6584,,10.7268,8.9315,,83.2634,,0,,18.64,1.28,safe,1.66,,CAMERA_ONLY
0,30.6248,cam_2,CAM_ONLY,19.6369,,10.7267,8.9102,,83.0656,,0,,17.66,0.97,warning,1.66,,CAMERA_ONLY
0,30.6915,cam_2,CAM_ONLY,19.5083,,10.7265,8.7817,,81.8693,,0,,17.64,1.40,warning,1.66,,CAMERA_ONLY
0,30.7657,cam_2,CAM_ONLY,19.5286,,10.7265,8.8021,,82.0591,,0,,21.17,1.36,warning,1.66,,CAMERA_ONLY
0,30.8334,cam_2,CAM_ONLY,19.6455,,10.7265,8.9189,,83.1485,,0,,14.86,0.91,safe,1.66,,CAMERA_ONLY
0,30.8334,t375,LIDAR_ONLY,19.7961,19.7961,68.4760,48.6799,48.6799,71.0904,71.0904,0,0,14.86,0.91,drive,18.19,front,LIDAR_ONLY
0,30.8334,t376,LIDAR_ONLY,10.9490,10.9490,10.7265,0.2225,0.2225,2.0742,2.0742,1,1,14.86,0.91,cautious,-2.63,front,LIDAR_ONLY
0,30.8334,t376,LIDAR_ONLY,10.8461,10.8461,10.7265,0.1195,0.1195,1.1143,1.1143,1,1,14.86,0.91,cautious,5.70,front,LIDAR_ONLY
0,30.8975,cam_2,CAM_ONLY,19.6442,,10.7267,8.9175,,83.1334,,0,,13.18,1.08,warning,1.66,,CAMERA_ONLY
0,30.9627,cam_2,CAM_ONLY,19.6037,,10.7258,8.8779,,82.7712,,0,,17.17,0.96,warning,1.66,,CAMERA_ONLY
0,31.0338,cam_2,CAM_ONLY,19.6836,,10.7258,8.9578,,83.5167,,0,,19.61,0.93,safe,1.66,,CAMERA_ONLY
0,31.0996,cam_2,CAM_ONLY,19.5462,,10.7259,8.8203,,82.2337,,0,,22.53,1.54,warning,1.66,,CAMERA_ONLY
0,31.1620,cam_2,CAM_ONLY,19.5731,,10.7258,8.8472,,82.4854,,0,,17.48,1.01,warning,1.66,,CAMERA_ONLY
0,31.2283,cam_2,CAM_ONLY,19.4850,,10.7258,8.7591,,81.6641,,0,,20.81,1.11,warning,1.66,,CAMERA_ONLY
0,31.2827,cam_2,CAM_ONLY,19.5767,,10.7258,8.8509,,82.5193,,0,,10.70,0.76,warning,1.66,,CAMERA_ONLY
0,31.3435,t387,BOTH,19.6266,14.2527,,,,,,,,10.19,1.27,safe,1.66,,FULL_ANGLE
0,31.3435,t387,LIDAR_ONLY,12.7717,12.7717,,,,,,,,10.19,1.27,cautious,24.16,front,LIDAR_ONLY
0,31.3435,t387,LIDAR_ONLY,15.2091,15.2091,,,,,,,,10.19,1.27,cautious,19.99,front,LIDAR_ONLY
0,31.3435,t388,LIDAR_ONLY,10.9072,10.9072,10.7258,0.1813,0.1813,1.6907,1.6907,1,1,10.19,1.27,cautious,-0.87,front,LIDAR_ONLY
0,31.3435,t387,LIDAR_ONLY,14.9237,14.9237,,,,,,,,10.19,1.27,cautious,28.34,front,LIDAR_ONLY
0,31.3435,t388,LIDAR_ONLY,10.8486,10.8486,10.7258,0.1227,0.1227,1.1443,1.1443,1,1,10.19,1.27,cautious,3.30,front,LIDAR_ONLY
0,31.4070,cam_2,CAM_ONLY,19.5095,,10.7264,8.7831,,81.8830,,0,,15.10,1.29,warning,1.66,,CAMERA_ONLY
0,31.4730,cam_2,CAM_ONLY,19.5053,,10.7267,8.7786,,81.8384,,0,,13.33,1.05,warning,1.66,,CAMERA_ONLY
0,31.5365,cam_2,CAM_ONLY,19.4584,,10.7267,8.7317,,81.4011,,0,,13.41,0.98,warning,1.66,,CAMERA_ONLY
0,31.5365,t387,LIDAR_ONLY,14.7702,14.7702,68.4760,53.7058,53.7058,78.4301,78.4301,0,0,13.41,0.98,drive,22.29,front,LIDAR_ONLY
0,31.5365,t387,LIDAR_ONLY,14.4525,14.4525,68.4760,54.0235,54.0235,78.8940,78.8940,0,0,13.41,0.98,cautious,26.36,front,LIDAR_ONLY
0,31.5365,t387,LIDAR_ONLY,13.8709,13.8709,68.4760,54.6052,54.6052,79.7435,79.7435,0,0,13.41,0.98,cautious,18.22,front,LIDAR_ONLY
0,31.5365,t388,LIDAR_ONLY,10.8380,10.8380,10.7267,0.1112,0.1112,1.0368,1.0368,1,1,13.41,0.98,cautious,1.96,front,LIDAR_ONLY
0,31.5365,t388,LIDAR_ONLY,10.8437,10.8437,10.7267,0.1169,0.1169,1.0902,1.0902,1,1,13.41,0.98,cautious,-2.11,front,LIDAR_ONLY
0,31.6019,cam_2,CAM_ONLY,19.4052,,10.7267,8.6785,,80.9054,,0,,14.94,1.22,warning,1.66,,CAMERA_ONLY
0,31.6655,cam_2,CAM_ONLY,19.5014,,10.7267,8.7746,,81.8017,,0,,15.27,0.96,warning,1.66,,CAMERA_ONLY
0,31.7361,cam_2,CAM_ONLY,19.5775,,10.7267,8.8508,,82.5117,,0,,15.56,0.86,warning,1.66,,CAMERA_ONLY
0,31.7361,t388,LIDAR_ONLY,10.8535,10.8535,10.7267,0.1267,0.1267,1.1816,1.1816,1,1,15.56,0.86,cautious,-4.20,front,LIDAR_ONLY
0,31.8007,cam_2,CAM_ONLY,19.5557,,10.7267,8.8290,,82.3083,,0,,14.34,2.19,warning,1.66,,CAMERA_ONLY
0,31.8632,cam_2,CAM_ONLY,19.4511,,10.7267,8.7244,,81.3329,,0,,15.74,1.00,warning,1.61,,CAMERA_ONLY
0,31.9223,cam_2,CAM_ONLY,19.9350,,10.7267,9.2083,,85.8445,,0,,10.26,1.07,safe,1.61,,CAMERA_ONLY
0,31.9847,cam_2,CAM_ONLY,19.9791,,10.7271,9.2520,,86.2488,,0,,15.82,0.90,safe,1.52,,CAMERA_ONLY
0,31.9847,t407,LIDAR_ONLY,10.9151,10.9151,10.7271,0.1880,0.1880,1.7529,1.7529,1,1,15.82,0.90,cautious,-1.61,front,LIDAR_ONLY
0,31.9847,t407,LIDAR_ONLY,10.8668,10.8668,10.7271,0.1397,0.1397,1.3023,1.3023,1,1,15.82,0.90,cautious,2.56,front,LIDAR_ONLY
0,32.0506,cam_2,CAM_ONLY,19.4914,,10.7287,8.7627,,81.6751,,0,,15.51,1.10,warning,1.52,,CAMERA_ONLY
0,32.1072,cam_2,CAM_ONLY,19.5142,,10.7284,8.7858,,81.8933,,0,,10.56,1.25,warning,1.61,,CAMERA_ONLY
0,32.1607,cam_2,CAM_ONLY,19.5360,,10.7284,8.8076,,82.0962,,0,,11.48,0.90,warning,1.66,,CAMERA_ONLY
0,32.2228,cam_2,CAM_ONLY,19.4738,,10.7284,8.7455,,81.5170,,0,,17.56,1.14,warning,1.66,,CAMERA_ONLY
0,32.2817,cam_2,CAM_ONLY,19.5814,,10.7284,8.8530,,82.5196,,0,,9.15,1.00,warning,1.66,,CAMERA_ONLY
0,32.3558,cam_2,CAM_ONLY,19.6006,,10.7284,8.8722,,82.6986,,0,,21.56,1.73,warning,1.66,,CAMERA_ONLY
0,32.4226,cam_2,CAM_ONLY,19.4404,,10.7284,8.7121,,81.2059,,0,,13.79,1.08,warning,1.66,,CAMERA_ONLY
0,32.4903,cam_2,CAM_ONLY,19.5294,,10.7284,8.8010,,82.0349,,0,,18.08,1.29,warning,1.66,,CAMERA_ONLY
0,32.4903,t421,LIDAR_ONLY,13.3190,13.3190,68.4774,55.1584,55.1584,80.5498,80.5498,0,0,18.08,1.29,cautious,23.42,front,LIDAR_ONLY
0,32.4903,t421,LIDAR_ONLY,13.8207,13.8207,68.4774,54.6567,54.6567,79.8172,79.8172,0,0,18.08,1.29,cautious,19.21,front,LIDAR_ONLY
0,32.4903,t423,LIDAR_ONLY,10.9250,10.9250,10.7284,0.1967,0.1967,1.8330,1.8330,1,1,18.08,1.29,cautious,-1.87,front,LIDAR_ONLY
0,32.4903,t423,LIDAR_ONLY,10.8703,10.8703,10.7284,0.1419,0.1419,1.3227,1.3227,1,1,18.08,1.29,cautious,2.34,front,LIDAR_ONLY
0,32.4903,t423,LIDAR_ONLY,10.8251,10.8251,10.7284,0.0967,0.0967,0.9017,0.9017,1,1,18.08,1.29,cautious,6.56,front,LIDAR_ONLY
0,32.5468,cam_2,CAM_ONLY,19.4651,,10.7284,8.7367,,81.4358,,0,,9.88,1.24,warning,1.66,,CAMERA_ONLY
0,32.6057,cam_2,CAM_ONLY,19.5302,,10.7284,8.8018,,82.0427,,0,,17.05,1.34,warning,1.66,,CAMERA_ONLY
0,32.6682,cam_2,CAM_ONLY,19.5617,,10.7284,8.8333,,82.3362,,0,,14.93,1.03,warning,1.66,,CAMERA_ONLY
0,32.7361,cam_2,CAM_ONLY,19.5449,,10.7284,8.8165,,82.1796,,0,,19.62,1.24,warning,1.66,,CAMERA_ONLY
0,32.7361,t432,LIDAR_ONLY,13.4368,13.4368,68.4774,55.0407,55.0407,80.3778,80.3778,0,0,19.62,1.24,cautious,23.27,front,LIDAR_ONLY
0,32.7361,t432,LIDAR_ONLY,11.9547,11.9547,68.4774,56.5227,56.5227,82.5421,82.5421,0,0,19.62,1.24,cautious,27.29,front,LIDAR_ONLY
0,32.7361,t432,LIDAR_ONLY,12.3052,12.3052,68.4774,56.1722,56.1722,82.0303,82.0303,0,0,19.62,1.24,cautious,19.25,front,LIDAR_ONLY
0,32.7955,cam_2,CAM_ONLY,19.4683,,10.7284,8.7399,,81.4654,,0,,16.97,1.38,warning,1.66,,CAMERA_ONLY
0,32.8694,cam_2,CAM_ONLY,19.5641,,10.7284,8.8358,,82.3588,,0,,21.54,1.19,warning,1.66,,CAMERA_ONLY
0,32.9365,cam_2,CAM_ONLY,19.5318,,10.7284,8.8034,,82.0572,,0,,15.20,1.24,warning,1.66,,CAMERA_ONLY
0,32.9365,t432,LIDAR_ONLY,12.5740,12.5740,,,,,,,,15.20,1.24,cautious,23.07,front,LIDAR_ONLY
0,32.9365,t432,LIDAR_ONLY,13.0499,13.0499,,,,,,,,15.20,1.24,cautious,18.87,front,LIDAR_ONLY
0,32.9365,t432,LIDAR_ONLY,13.1737,13.1737,,,,,,,,15.20,1.24,cautious,27.28,front,LIDAR_ONLY
0,32.9365,t436,LIDAR_ONLY,10.9346,10.9346,10.7284,0.2062,0.2062,1.9224,1.9224,1,1,15.20,1.24,cautious,-2.16,front,LIDAR_ONLY
0,32.9365,t436,LIDAR_ONLY,10.8248,10.8248,10.7284,0.0964,0.0964,0.8990,0.8990,1,1,15.20,1.24,cautious,6.25,front,LIDAR_ONLY
0,32.9365,t436,LIDAR_ONLY,10.8253,10.8253,10.7284,0.0970,0.0970,0.9039,0.9039,1,1,15.20,1.24,cautious,2.05,front,LIDAR_ONLY
0,32.9994,cam_2,CAM_ONLY,19.5329,,10.7284,8.8045,,82.0673,,0,,9.01,1.17,warning,1.61,,CAMERA_ONLY
0,33.0614,cam_2,CAM_ONLY,19.5700,,10.7284,8.8416,,82.4133,,0,,14.18,1.24,warning,1.61,,CAMERA_ONLY
0,33.1268,cam_2,CAM_ONLY,19.6363,,10.7284,8.9079,,83.0313,,0,,12.47,0.98,safe,1.61,,CAMERA_ONLY
0,33.1954,cam_2,CAM_ONLY,19.6186,,10.7294,8.8892,,82.8484,,0,,14.80,1.29,warning,1.61,,CAMERA_ONLY
0,33.1954,t442,LIDAR_ONLY,9.8173,9.8173,68.4783,58.6610,58.6610,85.6636,85.6636,0,0,14.80,1.29,cautious,29.68,front,LIDAR_ONLY
0,33.1954,t442,LIDAR_ONLY,10.0949,10.0949,68.4783,58.3833,58.3833,85.2582,85.2582,0,0,14.80,1.29,cautious,25.55,front,LIDAR_ONLY
0,33.1954,t442,LIDAR_ONLY,10.6897,10.6897,68.4783,57.7885,57.7885,84.3896,84.3896,0,0,14.80,1.29,cautious,21.41,front,LIDAR_ONLY
0,33.2726,cam_2,CAM_ONLY,19.5052,,10.7302,8.7750,,81.7780,,0,,13.71,1.31,warning,1.61,,CAMERA_ONLY
0,33.3351,cam_2,CAM_ONLY,19.5606,,10.7302,8.8304,,82.2945,,0,,15.56,0.93,warning,1.66,,CAMERA_ONLY
0,33.3351,t442,LIDAR_ONLY,10.9403,10.9403,68.4790,57.5386,57.5386,84.0238,84.0238,0,0,15.56,0.93,cautious,29.08,front,LIDAR_ONLY
0,33.3351,t442,LIDAR_ONLY,11.1544,11.1544,68.4790,57.3245,57.3245,83.7112,83.7112,0,0,15.56,0.93,cautious,24.98,front,LIDAR_ONLY
0,33.3351,t442,LIDAR_ONLY,11.8666,11.8666,68.4790,56.6124,56.6124,82.6712,82.6712,0,0,15.56,0.93,cautious,16.77,front,LIDAR_ONLY
0,33.3351,t442,LIDAR_ONLY,12.5641,12.5641,68.4790,55.9149,55.9149,81.6527,81.6527,0,0,15.56,0.93,cautious,20.88,front,LIDAR_ONLY
0,33.3351,t446,LIDAR_ONLY,10.8628,10.8628,10.7302,0.1326,0.1326,1.2354,1.2354,1,1,15.56,0.93,cautious,0.36,front,LIDAR_ONLY
0,33.4004,cam_2,CAM_ONLY,19.4948,,10.7302,8.7645,,81.6809,,0,,13.54,1.16,warning,1.61,,CAMERA_ONLY
0,33.4708,cam_2,CAM_ONLY,19.4756,,10.7302,8.7453,,81.5019,,0,,18.91,1.68,warning,1.66,,CAMERA_ONLY
0,33.5389,cam_2,CAM_ONLY,19.4849,,10.7302,8.7547,,81.5889,,0,,16.28,1.22,warning,1.66,,CAMERA_ONLY
0,33.5389,t442,LIDAR_ONLY,12.6663,12.6663,,,,,,,,16.28,1.22,cautious,29.16,front,LIDAR_ONLY
0,33.5389,t454,LIDAR_ONLY,22.7792,22.7792,68.4790,45.6997,45.6997,66.7354,66.7354,0,0,16.28,1.22,drive,16.90,front,LIDAR_ONLY
0,33.5389,t454,LIDAR_ONLY,18.6094,18.6094,68.4790,49.8696,49.8696,72.8247,72.8247,0,0,16.28,1.22,drive,20.98,front,LIDAR_ONLY
0,33.5389,t454,LIDAR_ONLY,15.9036,15.9036,68.4790,52.5754,52.5754,76.7759,76.7759,0,0,16.28,1.22,drive,25.07,front,LIDAR_ONLY
0,33.5389,t446,LIDAR_ONLY,10.8638,10.8638,10.7302,0.1336,0.1336,1.2450,1.2450,1,1,16.28,1.22,cautious,0.55,front,LIDAR_ONLY
0,33.5389,t446,LIDAR_ONLY,10.8290,10.8290,10.7302,0.0987,0.0987,0.9200,0.9200,1,1,16.28,1.22,cautious,4.64,front,LIDAR_ONLY
0,33.6097,cam_2,CAM_ONLY,19.5784,,10.7302,8.8482,,82.4604,,0,,20.98,2.62,warning,1.66,,CAMERA_ONLY
0,33.6862,cam_2,CAM_ONLY,19.6096,,10.7302,8.8793,,82.7506,,0,,19.11,1.04,safe,1.66,,CAMERA_ONLY
0,33.6862,t446,LIDAR_ONLY,10.8246,10.8246,10.7302,0.0943,0.0943,0.8792,0.8792,1,1,19.11,1.04,cautious,3.20,front,LIDAR_ONLY
0,33.7541,cam_2,CAM_ONLY,19.6864,,10.7308,8.9556,,83.4564,,0,,14.91,1.26,warning,1.66,,CAMERA_ONLY
0,33.8110,cam_2,CAM_ONLY,19.4199,,10.7320,8.6880,,80.9542,,0,,10.72,1.13,warning,1.61,,CAMERA_ONLY
0,33.8727,cam_2,CAM_ONLY,19.4437,,10.7319,8.7118,,81.1764,,0,,10.59,1.47,warning,1.66,,CAMERA_ONLY
0,33.9413,cam_2,CAM_ONLY,19.4326,,10.7319,8.7006,,81.0724,,0,,16.06,1.21,warning,1.61,,CAMERA_ONLY
0,33.9413,t462,LIDAR_ONLY,12.5819,12.5819,,,,,,,,16.06,1.21,cautious,24.44,front,LIDAR_ONLY
0,33.9413,t463,LIDAR_ONLY,10.7980,10.7980,10.7319,0.0660,0.0660,0.6154,0.6154,1,1,16.06,1.21,cautious,3.98,front,LIDAR_ONLY
0,33.9413,t462,LIDAR_ONLY,12.9444,12.9444,,,,,,,,16.06,1.21,cautious,20.35,front,LIDAR_ONLY
0,33.9413,t463,LIDAR_ONLY,10.8123,10.8123,10.7319,0.0804,0.0804,0.7488,0.7488,1,1,16.06,1.21,cautious,-0.11,front,LIDAR_ONLY
0,33.9413,t462,LIDAR_ONLY,12.7080,12.7080,,,,,,,,16.06,1.21,cautious,28.53,front,LIDAR_ONLY
0,34.0072,cam_2,CAM_ONLY,19.4401,,10.7319,8.7081,,81.1423,,0,,13.70,1.24,warning,1.61,,CAMERA_ONLY
0,34.0733,cam_2,CAM_ONLY,19.4917,,10.7319,8.7597,,81.6230,,0,,17.55,1.00,warning,1.61,,CAMERA_ONLY
0,34.1339,cam_2,CAM_ONLY,19.4636,,10.7319,8.7316,,81.3612,,0,,15.01,2.03,warning,1.61,,CAMERA_ONLY
0,34.1339,t469,LIDAR_ONLY,12.2651,12.2651,7.3573,4.9078,4.9078,66.7060,66.7060,0,0,15.01,2.03,cautious,-26.67,front,LIDAR_ONLY
0,34.1339,t463,LIDAR_ONLY,10.8209,10.8209,10.7319,0.0890,0.0890,0.8293,0.8293,1,1,15.01,2.03,cautious,1.98,front,LIDAR_ONLY
0,34.2028,cam_2,CAM_ONLY,19.4361,,10.7319,8.7042,,81.1054,,0,,20.51,1.43,warning,1.66,,CAMERA_ONLY
0,34.2679,cam_2,CAM_ONLY,19.4392,,10.7319,8.7073,,81.1341,,0,,14.47,0.96,warning,1.66,,CAMERA_ONLY
0,34.3358,cam_2,CAM_ONLY,19.3881,,10.7319,8.6562,,80.6584,,0,,15.08,1.06,warning,1.66,,CAMERA_ONLY
0,34.3358,t469,LIDAR_ONLY,12.4117,12.4117,10.6854,1.7262,1.7262,16.1551,16.1551,0,0,15.08,1.06,cautious,-23.56,front,LIDAR_ONLY
0,34.3358,t469,LIDAR_ONLY,12.4562,12.4562,10.6854,1.7708,1.7708,16.5717,16.5717,0,0,15.08,1.06,cautious,-27.73,front,LIDAR_ONLY
0,34.3358,t471,LIDAR_ONLY,19.9949,19.9949,68.4804,48.4855,48.4855,70.8020,70.8020,0,0,15.08,1.06,drive,18.10,front,LIDAR_ONLY
0,34.3358,t463,LIDAR_ONLY,10.8269,10.8269,10.7319,0.0950,0.0950,0.8850,0.8850,1,1,15.08,1.06,cautious,1.43,front,LIDAR_ONLY
0,34.3358,t463,LIDAR_ONLY,10.8204,10.8204,10.7319,0.0885,0.0885,0.8244,0.8244,1,1,15.08,1.06,cautious,5.60,front,LIDAR_ONLY
0,34.3358,t469,LIDAR_ONLY,12.6493,12.6493,10.6854,1.9639,1.9639,18.3793,18.3793,0,0,15.08,1.06,cautious,-19.40,front,LIDAR_ONLY
0,34.4084,cam_2,CAM_ONLY,19.3656,,10.7319,8.6336,,80.4480,,0,,16.13,1.34,warning,1.66,,CAMERA_ONLY
0,34.4731,cam_2,CAM_ONLY,19.3811,,10.7319,8.6492,,80.5926,,0,,19.41,1.15,warning,1.66,,CAMERA_ONLY
0,34.5452,cam_2,CAM_ONLY,19.3241,,10.7319,8.5922,,80.0620,,0,,16.20,1.35,warning,1.66,,CAMERA_ONLY
0,34.5452,t469,LIDAR_ONLY,12.9024,12.9024,14.3110,1.4085,1.4085,9.8424,9.8424,0,0,16.20,1.35,cautious,-22.26,front,LIDAR_ONLY
0,34.5452,t471,LIDAR_ONLY,15.4092,15.4092,68.4804,53.0712,53.0712,77.4984,77.4984,0,0,16.20,1.35,drive,23.23,front,LIDAR_ONLY
0,34.5452,t469,LIDAR_ONLY,13.2699,13.2699,14.3110,1.0411,1.0411,7.2750,7.2750,0,0,16.20,1.35,cautious,-18.12,front,LIDAR_ONLY
0,34.5452,t471,LIDAR_ONLY,14.0975,14.0975,68.4804,54.3829,54.3829,79.4138,79.4138,0,0,16.20,1.35,cautious,27.37,front,LIDAR_ONLY
0,34.5452,t469,LIDAR_ONLY,13.8341,13.8341,14.3110,0.4768,0.4768,3.3320,3.3320,1,1,16.20,1.35,cautious,-13.99,front,LIDAR_ONLY
0,34.5452,t471,LIDAR_ONLY,14.3645,14.3645,68.4804,54.1159,54.1159,79.0239,79.0239,0,0,16.20,1.35,cautious,19.10,front,LIDAR_ONLY
0,34.5452,t463,LIDAR_ONLY,10.8263,10.8263,10.7319,0.0943,0.0943,0.8788,0.8788,1,1,16.20,1.35,cautious,-1.58,front,LIDAR_ONLY
0,34.5452,t463,LIDAR_ONLY,10.8255,10.8255,10.7319,0.0935,0.0935,0.8714,0.8714,1,1,16.20,1.35,cautious,2.55,front,LIDAR_ONLY
0,34.5452,t463,LIDAR_ONLY,10.8113,10.8113,10.7319,0.0794,0.0794,0.7400,0.7400,1,1,16.20,1.35,cautious,6.69,front,LIDAR_ONLY
0,34.6219,cam_2,CAM_ONLY,19.3885,,10.7319,8.6566,,80.6619,,0,,15.60,0.95,warning,1.66,,CAMERA_ONLY
0,34.6888,t469,BOTH,19.3570,15.9641,16.5409,2.8162,0.5768,17.0255,3.4869,0,1,14.76,1.20,warning,1.61,,FULL_ANGLE
0,34.6888,t471,LIDAR_ONLY,13.7112,13.7112,68.4804,54.7692,54.7692,79.9779,79.9779,0,0,14.76,1.20,cautious,28.16,front,LIDAR_ONLY
0,34.6888,t469,LIDAR_ONLY,14.6089,14.6089,16.5409,1.9320,1.9320,11.6802,11.6802,0,0,14.76,1.20,cautious,-20.40,front,LIDAR_ONLY
0,34.6888,t469,LIDAR_ONLY,15.2632,15.2632,16.5409,1.2776,1.2776,7.7241,7.7241,0,0,14.76,1.20,cautious,-16.35,front,LIDAR_ONLY
0,34.6888,t471,LIDAR_ONLY,13.4396,13.4396,68.4804,55.0408,55.0408,80.3745,80.3745,0,0,14.76,1.20,cautious,20.07,front,LIDAR_ONLY
0,34.6888,t471,LIDAR_ONLY,14.0527,14.0527,68.4804,54.4276,54.4276,79.4792,79.4792,0,0,14.76,1.20,cautious,16.02,front,LIDAR_ONLY
0,34.6888,t471,LIDAR_ONLY,14.5478,14.5478,68.4804,53.9326,53.9326,78.7563,78.7563,0,0,14.76,1.20,cautious,24.11,front,LIDAR_ONLY
0,34.6888,t463,LIDAR_ONLY,10.8130,10.8130,10.7319,0.0811,0.0811,0.7554,0.7554,1,1,14.76,1.20,cautious,-0.17,front,LIDAR_ONLY
0,34.6888,t463,LIDAR_ONLY,10.8170,10.8170,10.7319,0.0850,0.0850,0.7925,0.7925,1,1,14.76,1.20,cautious,3.88,front,LIDAR_ONLY
0,34.7577,cam_2,CAM_ONLY,19.3936,,10.7319,8.6616,,80.7088,,0,,17.68,1.23,warning,1.66,,CAMERA_ONLY
0,34.8210,cam_2,CAM_ONLY,19.3611,,10.7319,8.6291,,80.4061,,0,,17.91,1.67,warning,1.61,,CAMERA_ONLY
0,34.8818,t471,BOTH,19.4199,15.4450,68.4804,49.0605,53.0354,71.6416,77.4461,0,0,15.27,1.10,warning,1.61,,FULL_ANGLE
0,34.8818,t471,LIDAR_ONLY,14.5784,14.5784,68.4804,53.9020,53.9020,78.7116,78.7116,0,0,15.27,1.10,cautious,24.18,front,LIDAR_ONLY
0,34.8818,t471,LIDAR_ONLY,16.0499,16.0499,68.4804,52.4305,52.4305,76.5628,76.5628,0,0,15.27,1.10,cautious,20.09,front,LIDAR_ONLY
0,34.8818,t469,LIDAR_ONLY,16.8705,16.8705,19.8508,2.9804,2.9804,15.0137,15.0137,0,0,15.27,1.10,drive,-16.77,front,LIDAR_ONLY
0,34.8818,t463,LIDAR_ONLY,10.8198,10.8198,10.7319,0.0879,0.0879,0.8188,0.8188,1,1,15.27,1.10,cautious,-0.39,front,LIDAR_ONLY
0,34.8818,t463,LIDAR_ONLY,10.8205,10.8205,10.7319,0.0886,0.0886,0.8254,0.8254,1,1,15.27,1.10,cautious,3.70,front,LIDAR_ONLY
0,34.9502,cam_2,CAM_ONLY,19.9843,,10.7319,9.2523,,86.2132,,0,,15.67,0.99,safe,1.61,,CAMERA_ONLY
0,35.0228,cam_2,CAM_ONLY,19.9914,,10.7327,9.2588,,86.2671,,0,,21.10,1.09,safe,1.66,,CAMERA_ONLY
0,35.0816,cam_2,CAM_ONLY,20.0093,,10.7318,9.2775,,86.4488,,0,,9.42,0.85,safe,1.66,,CAMERA_ONLY
0,35.1379,t484,BOTH,19.4550,17.5627,10.7266,8.7284,6.8361,81.3722,63.7307,0,0,9.92,0.96,warning,1.66,,FULL_ANGLE
0,35.1379,t483,LIDAR_ONLY,12.1788,12.1788,68.4737,56.2948,56.2948,82.2138,82.2138,0,0,9.92,0.96,cautious,25.06,front,LIDAR_ONLY
0,35.1379,t484,LIDAR_ONLY,24.3239,24.3239,10.7266,13.5973,13.5973,126.7630,126.7630,0,0,9.92,0.96,drive,-8.74,front,LIDAR_ONLY
0,35.1379,t483,LIDAR_ONLY,12.5789,12.5789,68.4737,55.8948,55.8948,81.6296,81.6296,0,0,9.92,0.96,cautious,20.84,front,LIDAR_ONLY
0,35.1379,t484,LIDAR_ONLY,15.5898,15.5898,10.7266,4.8633,4.8633,45.3388,45.3388,0,0,9.92,0.96,drive,3.94,front,LIDAR_ONLY
0,35.2125,cam_2,CAM_ONLY,19.4906,,10.7240,8.7666,,81.7475,,0,,23.98,1.16,warning,1.61,,CAMERA_ONLY
0,35.2797,cam_2,CAM_ONLY,19.7786,,10.7240,9.0545,,84.4322,,0,,11.73,0.83,safe,1.61,,CAMERA_ONLY
0,35.3514,cam_2,CAM_ONLY,19.7682,,10.7231,9.0451,,84.3510,,0,,15.59,1.06,warning,1.66,,CAMERA_ONLY
0,35.4207,cam_2,CAM_ONLY,20.0917,,10.7225,9.3692,,87.3791,,0,,19.16,3.03,safe,1.57,,CAMERA_ONLY
0,35.4929,cam_2,CAM_ONLY,19.8852,,10.7222,9.1630,,85.4576,,0,,13.34,1.35,safe,1.66,,CAMERA_ONLY
0,35.4929,t494,LIDAR_ONLY,10.0746,10.0746,68.4707,58.3962,58.3962,85.2863,85.2863,0,0,13.34,1.35,cautious,29.08,front,LIDAR_ONLY
0,35.4929,t494,LIDAR_ONLY,11.0054,11.0054,68.4707,57.4653,57.4653,83.9269,83.9269,0,0,13.34,1.35,cautious,20.78,front,LIDAR_ONLY
0,35.4929,t494,LIDAR_ONLY,11.5879,11.5879,68.4707,56.8829,56.8829,83.0762,83.0762,0,0,13.34,1.35,cautious,24.93,front,LIDAR_ONLY
0,35.5568,cam_2,CAM_ONLY,19.9873,,10.7216,9.2658,,86.4220,,0,,12.94,1.12,safe,1.66,,CAMERA_ONLY
0,35.6279,cam_2,CAM_ONLY,19.7303,,10.7172,9.0132,,84.1003,,0,,19.55,1.01,warning,1.66,,CAMERA_ONLY
0,35.7051,cam_2,CAM_ONLY,19.9308,,10.7131,9.2176,,86.0404,,0,,13.41,1.19,safe,1.52,,CAMERA_ONLY
0,35.7633,cam_2,CAM_ONLY,20.1852,,10.7122,9.4730,,88.4317,,0,,10.21,0.96,safe,1.21,,CAMERA_ONLY
0,35.8280,cam_2,CAM_ONLY,19.6565,,10.7064,8.9502,,83.5967,,0,,16.37,1.10,warning,1.34,,CAMERA_ONLY
0,35.8923,cam_2,CAM_ONLY,19.7947,,10.7041,9.0906,,84.9259,,0,,12.83,1.33,safe,1.57,,CAMERA_ONLY
0,35.8923,t503,LIDAR_ONLY,13.6478,13.6478,68.4587,54.8109,54.8109,80.0641,80.0641,0,0,12.83,1.33,cautious,23.00,front,LIDAR_ONLY
0,35.8923,t503,LIDAR_ONLY,11.9151,11.9151,68.4587,56.5436,56.5436,82.5952,82.5952,0,0,12.83,1.33,cautious,26.98,front,LIDAR_ONLY
0,35.8923,t503,LIDAR_ONLY,12.4939,12.4939,68.4587,55.9648,55.9648,81.7497,81.7497,0,0,12.83,1.33,cautious,19.02,front,LIDAR_ONLY
0,35.8923,t504,LIDAR_ONLY,11.4244,11.4244,10.7041,0.7203,0.7203,6.7290,6.7290,1,1,12.83,1.33,cautious,7.07,front,LIDAR_ONLY
0,35.9473,cam_2,CAM_ONLY,19.8872,,10.7030,9.1842,,85.8095,,0,,9.79,1.22,safe,1.61,,CAMERA_ONLY
0,36.0107,cam_2,CAM_ONLY,19.3982,,10.6985,8.6997,,81.3176,,0,,15.56,1.10,warning,1.61,,CAMERA_ONLY
0,36.0778,cam_2,CAM_ONLY,19.8281,,10.6947,9.1334,,85.4011,,0,,12.56,1.02,safe,1.61,,CAMERA_ONLY
0,36.0778,t508,LIDAR_ONLY,10.9846,10.9846,10.6947,0.2899,0.2899,2.7103,2.7103,1,1,12.56,1.02,cautious,-4.03,front,LIDAR_ONLY
0,36.0778,t504,LIDAR_ONLY,11.0390,11.0390,10.6947,0.3443,0.3443,3.2196,3.2196,1,1,12.56,1.02,cautious,4.41,front,LIDAR_ONLY
0,36.0778,t504,LIDAR_ONLY,10.9684,10.9684,10.6947,0.2737,0.2737,2.5596,2.5596,1,1,12.56,1.02,cautious,0.19,front,LIDAR_ONLY
0,36.1368,cam_2,CAM_ONLY,19.7698,,10.6938,9.0759,,84.8708,,0,,10.18,1.14,safe,1.61,,CAMERA_ONLY
0,36.1368,t511,LIDAR_ONLY,14.7817,14.7817,68.4523,53.6706,53.6706,78.4058,78.4058,0,0,10.18,1.14,drive,21.69,front,LIDAR_ONLY
0,36.1368,t511,LIDAR_ONLY,12.8893,12.8893,68.4523,55.5630,55.5630,81.1704,81.1704,0,0,10.18,1.14,cautious,25.92,front,LIDAR_ONLY
0,36.1368,t511,LIDAR_ONLY,13.3065,13.3065,68.4523,55.1458,55.1458,80.5609,80.5609,0,0,10.18,1.14,cautious,17.47,front,LIDAR_ONLY
0,36.1368,t504,LIDAR_ONLY,10.9307,10.9307,10.6938,0.2368,0.2368,2.2146,2.2146,1,1,10.18,1.14,cautious,0.58,front,LIDAR_ONLY
0,36.1368,t504,LIDAR_ONLY,10.8798,10.8798,10.6938,0.1859,0.1859,1.7387,1.7387,1,1,10.18,1.14,cautious,4.80,front,LIDAR_ONLY
0,36.1950,cam_2,CAM_ONLY,19.6863,,10.6903,8.9960,,84.1511,,0,,13.61,1.17,warning,1.61,,CAMERA_ONLY
0,36.2600,cam_2,CAM_ONLY,19.7506,,10.6883,9.0623,,84.7870,,0,,13.35,1.10,safe,1.61,,CAMERA_ONLY
0,36.3269,cam_2,CAM_ONLY,19.8888,,10.6871,9.2017,,86.1010,,0,,11.61,1.29,safe,1.61,,CAMERA_ONLY
0,36.3957,cam_2,CAM_ONLY,19.9137,,36.7044,16.7906,,45.7456,,0,,13.38,1.20,safe,1.61,,CAMERA_ONLY
0,36.3957,cam_2,CAM_ONLY,20.5677,,36.7044,16.1367,,43.9639,,0,,13.38,1.20,safe,9.88,,CAMERA_ONLY
0,36.4632,cam_2,CAM_ONLY,19.3026,,36.6913,17.3886,,47.3918,,0,,15.91,1.08,warning,1.61,,CAMERA_ONLY
0,36.4632,cam_2,CAM_ONLY,20.6378,,36.6913,16.0535,,43.7529,,0,,15.91,1.08,safe,9.88,,CAMERA_ONLY
0,36.5469,cam_2,CAM_ONLY,19.6084,,10.6624,8.9460,,83.9029,,0,,23.34,2.01,warning,1.61,,CAMERA_ONLY
0,36.5469,t521,BOTH,20.5296,12.6846,,,,,,,,23.34,2.01,safe,9.84,,FULL_ANGLE
0,36.5469,t521,LIDAR_ONLY,12.2935,12.2935,,,,,,,,23.34,2.01,cautious,24.89,front,LIDAR_ONLY
0,36.5469,t521,LIDAR_ONLY,12.2335,12.2335,,,,,,,,23.34,2.01,cautious,29.05,front,LIDAR_ONLY
0,36.6074,cam_2,CAM_ONLY,19.6452,,36.6827,17.0374,,46.4454,,0,,14.59,1.24,safe,1.61,,CAMERA_ONLY
0,36.6074,cam_2,CAM_ONLY,20.5905,,36.6827,16.0922,,43.8685,,0,,14.59,1.24,safe,9.75,,CAMERA_ONLY
0,36.6661,cam_2,CAM_ONLY,19.6342,,36.6822,17.0480,,46.4750,,0,,10.64,0.78,safe,1.61,,CAMERA_ONLY
0,36.6661,cam_2,CAM_ONLY,20.6204,,36.6822,16.0618,,43.7864,,0,,10.64,0.78,safe,9.71,,CAMERA_ONLY
0,36.7287,cam_2,CAM_ONLY,19.6497,,36.6795,17.0298,,46.4286,,0,,13.44,1.06,warning,1.61,,CAMERA_ONLY
0,36.7287,cam_2,CAM_ONLY,20.7155,,36.6795,15.9640,,43.5229,,0,,13.44,1.06,safe,9.67,,CAMERA_ONLY
0,36.7944,cam_2,CAM_ONLY,19.8086,,36.6767,16.8680,,45.9912,,0,,13.81,1.28,safe,1.61,,CAMERA_ONLY
0,36.7944,cam_2,CAM_ONLY,20.7546,,36.6767,15.9220,,43.4119,,0,,13.81,1.28,safe,9.62,,CAMERA_ONLY
0,36.7944,t528,LIDAR_ONLY,10.2572,10.2572,68.4133,58.1561,58.1561,85.0070,85.0070,0,0,13.81,1.28,cautious,28.67,front,LIDAR_ONLY
0,36.7944,t528,LIDAR_ONLY,10.5852,10.5852,68.4133,57.8281,57.8281,84.5275,84.5275,0,0,13.81,1.28,cautious,24.63,front,LIDAR_ONLY
0,36.8600,cam_2,CAM_ONLY,19.7770,,36.6755,16.8985,,46.0757,,0,,13.05,1.10,warning,1.61,,CAMERA_ONLY
0,36.8600,cam_2,CAM_ONLY,20.8160,,36.6755,15.8595,,43.2428,,0,,13.05,1.10,safe,9.67,,CAMERA_ONLY
0,36.9325,cam_2,CAM_ONLY,19.9084,,36.6742,16.7658,,45.7155,,0,,21.11,1.14,safe,1.66,,CAMERA_ONLY
0,36.9325,cam_2,CAM_ONLY,20.8797,,36.6742,15.7946,,43.0673,,0,,21.11,1.14,safe,9.67,,CAMERA_ONLY
0,36.9325,t528,LIDAR_ONLY,11.0031,11.0031,,,,,,,,21.11,1.14,cautious,23.87,front,LIDAR_ONLY
0,36.9325,t528,LIDAR_ONLY,11.7248,11.7248,,,,,,,,21.11,1.14,cautious,19.69,front,LIDAR_ONLY
0,36.9325,t528,LIDAR_ONLY,12.0413,12.0413,,,,,,,,21.11,1.14,cautious,28.04,front,LIDAR_ONLY
0,36.9325,t532,LIDAR_ONLY,10.7322,10.7322,10.6529,0.0792,0.0792,0.7436,0.7436,1,1,21.11,1.14,cautious,2.99,front,LIDAR_ONLY
0,36.9325,t532,LIDAR_ONLY,10.8421,10.8421,10.6529,0.1891,0.1891,1.7752,1.7752,1,1,21.11,1.14,cautious,7.17,front,LIDAR_ONLY
0,36.9964,cam_2,CAM_ONLY,19.8763,,36.6738,16.7974,,45.8023,,0,,12.76,1.08,safe,1.66,,CAMERA_ONLY
0,36.9964,cam_2,CAM_ONLY,21.3096,,36.6738,15.3642,,41.8941,,0,,12.76,1.08,safe,9.67,,CAMERA_ONLY
0,37.0622,cam_2,CAM_ONLY,20.0664,,10.6505,9.4158,,88.4071,,0,,14.29,2.47,safe,1.66,,CAMERA_ONLY
0,37.1262,cam_2,CAM_ONLY,20.1012,,10.6416,9.4596,,88.8929,,0,,12.90,1.14,warning,1.66,,CAMERA_ONLY
0,37.1897,cam_2,CAM_ONLY,19.8401,,10.6380,9.2021,,86.5027,,0,,10.88,1.16,safe,1.66,,CAMERA_ONLY
0,37.1897,t540,BOTH,21.0742,13.7179,,,,,,,,10.88,1.16,safe,9.53,,FULL_ANGLE
0,37.1897,t540,LIDAR_ONLY,11.9110,11.9110,,,,,,,,10.88,1.16,cautious,25.50,front,LIDAR_ONLY
0,37.1897,t541,LIDAR_ONLY,9.8795,9.8795,,,,,,,,10.88,1.16,cautious,29.57,front,LIDAR_ONLY
0,37.1897,t542,LIDAR_ONLY,10.7523,10.7523,10.6380,0.1143,0.1143,1.0747,1.0747,1,1,10.88,1.16,cautious,1.12,front,LIDAR_ONLY
0,37.2531,cam_2,CAM_ONLY,19.7851,,36.6570,16.8719,,46.0263,,0,,11.38,1.12,safe,1.61,,CAMERA_ONLY
0,37.2531,cam_2,CAM_ONLY,20.9101,,36.6570,15.7469,,42.9575,,0,,11.38,1.12,safe,9.53,,CAMERA_ONLY
0,37.3139,cam_2,CAM_ONLY,19.7168,,10.6305,9.0863,,85.4733,,0,,14.99,0.89,warning,1.61,,CAMERA_ONLY
0,37.3774,cam_2,CAM_ONLY,19.7375,,10.6268,9.1107,,85.7330,,0,,18.29,1.02,safe,1.61,,CAMERA_ONLY
0,37.4430,cam_2,CAM_ONLY,19.8075,,10.6250,9.1825,,86.4241,,0,,17.40,1.18,warning,1.66,,CAMERA_ONLY
0,37.4430,t548,LIDAR_ONLY,10.6227,10.6227,68.3776,57.7548,57.7548,84.4646,84.4646,0,0,17.40,1.18,cautious,27.91,front,LIDAR_ONLY
0,37.4430,t548,LIDAR_ONLY,11.6038,11.6038,68.3776,56.7737,56.7737,83.0298,83.0298,0,0,17.40,1.18,cautious,19.69,front,LIDAR_ONLY
0,37.4430,t548,LIDAR_ONLY,12.2190,12.2190,68.3776,56.1585,56.1585,82.1301,82.1301,0,0,17.40,1.18,cautious,23.80,front,LIDAR_ONLY
0,37.5109,cam_2,CAM_ONLY,19.8441,,10.6231,9.2210,,86.8018,,0,,15.86,1.20,safe,1.66,,CAMERA_ONLY
0,37.5732,cam_2,CAM_ONLY,19.8442,,10.6223,9.2219,,86.8169,,0,,14.24,1.07,slowdown,1.66,,CAMERA_ONLY
0,37.6366,t548,BOTH,19.6598,13.3863,68.3714,48.7116,54.9851,71.2456,80.4212,0,0,13.10,1.07,warning,1.57,,FULL_ANGLE
0,37.6366,t548,LIDAR_ONLY,12.5989,12.5989,68.3714,55.7725,55.7725,81.5728,81.5728,0,0,13.10,1.07,cautious,23.87,front,LIDAR_ONLY
0,37.6366,t548,LIDAR_ONLY,14.3769,14.3769,68.3714,53.9945,53.9945,78.9724,78.9724,0,0,13.10,1.07,cautious,19.81,front,LIDAR_ONLY
0,37.6366,t553,LIDAR_ONLY,10.6906,10.6906,10.6189,0.0717,0.0717,0.6748,0.6748,1,1,13.10,1.07,cautious,3.56,front,LIDAR_ONLY
0,37.7063,cam_2,CAM_ONLY,19.9248,,10.6162,9.3087,,87.6842,,0,,18.60,1.29,safe,1.57,,CAMERA_ONLY
0,37.7738,cam_2,CAM_ONLY,19.7709,,10.6152,9.1557,,86.2512,,0,,12.10,1.10,safe,1.57,,CAMERA_ONLY
0,37.8396,cam_2,CAM_ONLY,19.8783,,10.6126,9.2657,,87.3080,,0,,13.95,1.33,safe,1.48,,CAMERA_ONLY
0,37.8396,t548,LIDAR_ONLY,14.6444,14.6444,68.3693,53.7249,53.7249,78.5805,78.5805,0,0,13.95,1.33,cautious,26.52,front,LIDAR_ONLY
0,37.8396,t548,LIDAR_ONLY,15.1529,15.1529,68.3693,53.2164,53.2164,77.8367,77.8367,0,0,13.95,1.33,cautious,18.39,front,LIDAR_ONLY
0,37.8396,t548,LIDAR_ONLY,15.6331,15.6331,68.3693,52.7362,52.7362,77.1344,77.1344,0,0,13.95,1.33,drive,22.46,front,LIDAR_ONLY
0,37.8396,t553,LIDAR_ONLY,10.7022,10.7022,10.6126,0.0896,0.0896,0.8439,0.8439,1,1,13.95,1.33,cautious,-1.96,front,LIDAR_ONLY
0,37.8396,t553,LIDAR_ONLY,10.7074,10.7074,10.6126,0.0948,0.0948,0.8932,0.8932,1,1,13.95,1.33,cautious,2.11,front,LIDAR_ONLY
0,37.9023,cam_2,CAM_ONLY,19.9848,,10.6046,9.3801,,88.4529,,0,,12.01,1.22,warning,1.30,,CAMERA_ONLY
0,37.9673,cam_2,CAM_ONLY,20.0074,,10.5988,9.4086,,88.7701,,0,,13.45,1.05,safe,1.39,,CAMERA_ONLY
0,38.0268,cam_2,CAM_ONLY,19.8604,,10.5987,9.2617,,87.3858,,0,,11.02,1.28,safe,1.57,,CAMERA_ONLY
0,38.0986,cam_2,CAM_ONLY,19.5096,,10.5965,8.9131,,84.1140,,0,,14.64,1.01,warning,1.66,,CAMERA_ONLY
0,38.1587,cam_2,CAM_ONLY,19.6239,,10.5930,9.0309,,85.2537,,0,,11.70,1.79,safe,1.66,,CAMERA_ONLY
0,38.2360,cam_2,CAM_ONLY,19.4416,,10.5896,8.8520,,83.5910,,0,,20.98,1.07,warning,1.61,,CAMERA_ONLY
0,38.2360,t563,LIDAR_ONLY,10.9268,10.9268,68.3546,57.4278,57.4278,84.0145,84.0145,0,0,20.98,1.07,cautious,27.26,front,LIDAR_ONLY
0,38.2360,t563,LIDAR_ONLY,11.2687,11.2687,68.3546,57.0859,57.0859,83.5144,83.5144,0,0,20.98,1.07,cautious,23.19,front,LIDAR_ONLY
0,38.2360,t564,LIDAR_ONLY,10.6713,10.6713,10.5896,0.0816,0.0816,0.7709,0.7709,1,1,20.98,1.07,cautious,2.82,front,LIDAR_ONLY
0,38.2360,t564,LIDAR_ONLY,10.7251,10.7251,10.5896,0.1355,0.1355,1.2791,1.2791,1,1,20.98,1.07,cautious,6.89,front,LIDAR_ONLY
0,38.2360,t563,LIDAR_ONLY,11.9567,11.9567,68.3546,56.3979,56.3979,82.5078,82.5078,0,0,20.98,1.07,cautious,19.12,front,LIDAR_ONLY
0,38.2965,cam_2,CAM_ONLY,19.3436,,10.5866,8.7570,,82.7178,,0,,9.81,1.14,warning,1.61,,CAMERA_ONLY
0,38.3579,cam_2,CAM_ONLY,19.3387,,10.5866,8.7521,,82.6714,,0,,11.30,1.27,warning,1.61,,CAMERA_ONLY
0,38.4204,cam_2,CAM_ONLY,19.2054,,10.5866,8.6188,,81.4124,,0,,13.72,1.02,warning,1.61,,CAMERA_ONLY
0,38.4937,cam_2,CAM_ONLY,19.2019,,10.5866,8.6153,,81.3794,,0,,15.00,1.21,warning,1.61,,CAMERA_ONLY
0,38.4937,t572,LIDAR_ONLY,9.9786,9.9786,,,,,,,,15.00,1.21,cautious,29.33,front,LIDAR_ONLY
0,38.5628,cam_2,CAM_ONLY,19.2114,,10.5866,8.6248,,81.4692,,0,,16.67,0.92,warning,1.61,,CAMERA_ONLY
0,38.6218,cam_2,CAM_ONLY,19.3033,,10.5866,8.7167,,82.3374,,0,,12.77,1.05,warning,1.61,,CAMERA_ONLY
0,38.6914,cam_2,CAM_ONLY,19.2848,,10.5866,8.6982,,82.1629,,0,,15.12,1.33,warning,1.61,,CAMERA_ONLY
0,38.6914,t572,LIDAR_ONLY,10.4336,10.4336,,,,,,,,15.12,1.33,cautious,22.49,front,LIDAR_ONLY
0,38.6914,t572,LIDAR_ONLY,10.7268,10.7268,,,,,,,,15.12,1.33,cautious,26.71,front,LIDAR_ONLY
0,38.6914,t576,LIDAR_ONLY,10.6371,10.6371,10.5866,0.0505,0.0505,0.4770,0.4770,1,1,15.12,1.33,cautious,5.65,front,LIDAR_ONLY
0,38.6914,t576,LIDAR_ONLY,10.6541,10.6541,10.5866,0.0675,0.0675,0.6378,0.6378,1,1,15.12,1.33,cautious,-2.77,front,LIDAR_ONLY
0,38.6914,t576,LIDAR_ONLY,10.6659,10.6659,10.5866,0.0794,0.0794,0.7496,0.7496,1,1,15.12,1.33,cautious,1.44,front,LIDAR_ONLY
0,38.7629,cam_2,CAM_ONLY,19.2926,,10.5866,8.7060,,82.2362,,0,,14.08,1.25,warning,1.61,,CAMERA_ONLY
0,38.8338,cam_2,CAM_ONLY,19.2256,,10.5866,8.6391,,81.6041,,0,,20.29,1.03,warning,1.61,,CAMERA_ONLY
0,38.9028,cam_2,CAM_ONLY,19.2767,,10.5866,8.6901,,82.0862,,0,,21.07,1.42,warning,1.61,,CAMERA_ONLY
0,38.9655,cam_2,CAM_ONLY,19.7957,,10.5866,9.2091,,86.9887,,0,,13.92,2.07,safe,1.61,,CAMERA_ONLY
0,39.0218,cam_2,CAM_ONLY,19.2813,,10.5872,8.6941,,82.1184,,0,,12.12,1.04,warning,1.61,,CAMERA_ONLY
0,39.0868,t583,BOTH,19.2493,14.3956,68.3529,49.1035,53.9573,71.8383,78.9393,0,0,16.98,1.11,warning,1.61,,FULL_ANGLE
0,39.0868,t583,LIDAR_ONLY,12.8753,12.8753,68.3529,55.4776,55.4776,81.1635,81.1635,0,0,16.98,1.11,cautious,24.03,front,LIDAR_ONLY
0,39.0868,t584,LIDAR_ONLY,10.5330,10.5330,,,,,,,,16.98,1.11,cautious,28.08,front,LIDAR_ONLY
0,39.0868,t583,LIDAR_ONLY,15.3783,15.3783,68.3529,52.9745,52.9745,77.5015,77.5015,0,0,16.98,1.11,cautious,19.99,front,LIDAR_ONLY
0,39.1509,cam_2,CAM_ONLY,19.2900,,10.5878,8.7023,,82.1919,,0,,12.99,1.09,warning,1.61,,CAMERA_ONLY
0,39.2155,cam_2,CAM_ONLY,19.2388,,10.5878,8.6511,,81.7082,,0,,17.18,0.85,warning,1.61,,CAMERA_ONLY
0,39.2809,cam_2,CAM_ONLY,19.2592,,10.5878,8.6715,,81.9009,,0,,15.84,0.81,warning,1.66,,CAMERA_ONLY
0,39.2809,t587,LIDAR_ONLY,10.7690,10.7690,10.5878,0.1813,0.1813,1.7121,1.7121,1,1,15.84,0.81,cautious,-1.47,front,LIDAR_ONLY
0,39.3454,cam_2,CAM_ONLY,19.2389,,10.5878,8.6511,,81.7090,,0,,14.78,1.15,warning,1.61,,CAMERA_ONLY
0,39.4096,cam_2,CAM_ONLY,19.1661,,10.5878,8.5783,,81.0213,,0,,12.67,1.04,warning,1.61,,CAMERA_ONLY
0,39.4685,cam_2,CAM_ONLY,19.2610,,10.5878,8.6732,,81.9174,,0,,10.32,0.97,warning,1.61,,CAMERA_ONLY
0,39.5271,cam_2,CAM_ONLY,19.2426,,10.5878,8.6548,,81.7438,,0,,14.51,1.04,warning,1.61,,CAMERA_ONLY
0,39.5882,cam_2,CAM_ONLY,19.2395,,10.5878,8.6517,,81.7143,,0,,13.34,0.92,warning,1.61,,CAMERA_ONLY
0,39.5882,t595,LIDAR_ONLY,14.4661,14.4661,68.3529,53.8868,53.8868,78.8362,78.8362,0,0,13.34,0.92,cautious,22.06,front,LIDAR_ONLY
0,39.5882,t596,LIDAR_ONLY,10.8030,10.8030,10.5878,0.2152,0.2152,2.0329,2.0329,1,1,13.34,0.92,cautious,-2.44,front,LIDAR_ONLY
0,39.5882,t596,LIDAR_ONLY,10.7147,10.7147,10.5878,0.1269,0.1269,1.1987,1.1987,1,1,13.34,0.92,cautious,5.73,front,LIDAR_ONLY
0,39.5882,t596,LIDAR_ONLY,10.7077,10.7077,10.5878,0.1199,0.1199,1.1325,1.1325,1,1,13.34,0.92,cautious,1.64,front,LIDAR_ONLY
0,39.6549,cam_2,CAM_ONLY,19.3498,,10.5878,8.7620,,82.7560,,0,,20.11,1.35,warning,1.61,,CAMERA_ONLY
0,39.7131,cam_2,CAM_ONLY,19.3356,,10.5878,8.7478,,82.6219,,0,,9.26,1.08,warning,1.61,,CAMERA_ONLY
0,39.7684,cam_2,CAM_ONLY,19.3875,,10.5878,8.7997,,83.1121,,0,,9.44,0.97,warning,1.61,,CAMERA_ONLY
0,39.8359,cam_2,CAM_ONLY,19.3904,,10.5878,8.8027,,83.1399,,0,,13.41,1.08,warning,1.61,,CAMERA_ONLY
0,39.8359,t601,LIDAR_ONLY,10.8117,10.8117,10.5878,0.2240,0.2240,2.1152,2.1152,1,1,13.41,1.08,cautious,-2.76,front,LIDAR_ONLY
0,39.8359,t601,LIDAR_ONLY,10.7482,10.7482,10.5878,0.1604,0.1604,1.5153,1.5153,1,1,13.41,1.08,cautious,1.25,front,LIDAR_ONLY
0,39.8359,t601,LIDAR_ONLY,10.7068,10.7068,10.5878,0.1190,0.1190,1.1241,1.1241,1,1,13.41,1.08,cautious,5.27,front,LIDAR_ONLY
0,39.9006,cam_2,CAM_ONLY,19.2875,,10.5878,8.6997,,82.1675,,0,,12.66,1.14,warning,1.61,,CAMERA_ONLY
0,39.9704,cam_2,CAM_ONLY,19.2657,,10.5878,8.6779,,81.9620,,0,,15.11,0.90,warning,1.61,,CAMERA_ONLY
0,40.0335,cam_2,CAM_ONLY,19.2932,,10.5878,8.7055,,82.2219,,0,,10.21,0.80,warning,1.61,,CAMERA_ONLY
0,40.0966,cam_2,CAM_ONLY,19.2616,,10.5878,8.6738,,81.9230,,0,,13.82,1.15,warning,1.61,,CAMERA_ONLY
0,40.1542,cam_2,CAM_ONLY,19.4056,,10.5878,8.8179,,83.2835,,0,,10.51,1.22,warning,1.61,,CAMERA_ONLY
0,40.2190,cam_2,CAM_ONLY,19.4629,,10.5878,8.8752,,83.8248,,0,,14.21,1.12,warning,1.61,,CAMERA_ONLY
0,40.2903,t614,BOTH,19.4383,12.6736,68.3529,48.9146,55.6793,71.5619,81.4586,0,0,19.46,1.92,warning,1.61,,FULL_ANGLE
0,40.2903,t614,LIDAR_ONLY,12.7382,12.7382,68.3529,55.6147,55.6147,81.3641,81.3641,0,0,19.46,1.92,cautious,24.23,front,LIDAR_ONLY
0,40.2903,t614,LIDAR_ONLY,11.4742,11.4742,68.3529,56.8787,56.8787,83.2133,83.2133,0,0,19.46,1.92,cautious,28.29,front,LIDAR_ONLY
0,40.2903,t614,LIDAR_ONLY,11.7938,11.7938,68.3529,56.5591,56.5591,82.7458,82.7458,0,0,19.46,1.92,cautious,20.16,front,LIDAR_ONLY
0,40.2903,t616,LIDAR_ONLY,10.8772,10.8772,10.5878,0.2895,0.2895,2.7341,2.7341,1,1,19.46,1.92,cautious,-4.23,front,LIDAR_ONLY
0,40.3579,cam_2,CAM_ONLY,19.4605,,10.5878,8.8728,,83.8021,,0,,13.19,2.25,warning,1.61,,CAMERA_ONLY
0,40.4251,cam_2,CAM_ONLY,19.3236,,10.5878,8.7359,,82.5092,,0,,15.56,0.97,warning,1.61,,CAMERA_ONLY
0,40.5054,cam_2,CAM_ONLY,19.2261,,10.5878,8.6383,,81.5877,,0,,18.00,1.17,warning,1.61,,CAMERA_ONLY
0,40.5648,cam_2,CAM_ONLY,19.2236,,10.5878,8.6358,,81.5642,,0,,9.59,1.12,warning,1.61,,CAMERA_ONLY
0,40.6279,cam_2,CAM_ONLY,19.2291,,10.5878,8.6414,,81.6167,,0,,8.67,0.89,warning,1.61,,CAMERA_ONLY
0,40.6928,cam_2,CAM_ONLY,19.2691,,10.5878,8.6814,,81.9944,,0,,13.77,1.24,warning,1.57,,CAMERA_ONLY
0,40.6928,t626,LIDAR_ONLY,11.3920,11.3920,68.3529,56.9608,56.9608,83.3335,83.3335,0,0,13.77,1.24,cautious,26.39,front,LIDAR_ONLY
0,40.6928,t626,LIDAR_ONLY,11.7679,11.7679,68.3529,56.5850,56.5850,82.7837,82.7837,0,0,13.77,1.24,cautious,22.32,front,LIDAR_ONLY
0,40.7553,cam_2,CAM_ONLY,19.3126,,10.5878,8.7248,,82.4046,,0,,11.73,1.06,warning,1.52,,CAMERA_ONLY
0,40.8115,cam_2,CAM_ONLY,19.3592,,10.5878,8.7714,,82.8452,,0,,11.68,1.07,warning,1.48,,CAMERA_ONLY
0,40.8716,cam_2,CAM_ONLY,19.4703,,10.5878,8.8825,,83.8941,,0,,9.26,0.95,warning,1.43,,CAMERA_ONLY
0,40.9275,cam_2,CAM_ONLY,19.2146,,10.5878,8.6268,,81.4790,,0,,10.27,1.01,warning,1.48,,CAMERA_ONLY
0,40.9890,cam_2,CAM_ONLY,19.4030,,10.5878,8.8153,,83.2593,,0,,11.63,1.26,warning,1.52,,CAMERA_ONLY
0,40.9890,t635,LIDAR_ONLY,12.7757,12.7757,68.3529,55.5771,55.5771,81.3091,81.3091,0,0,11.63,1.26,cautious,24.17,front,LIDAR_ONLY
0,40.9890,t635,LIDAR_ONLY,11.4609,11.4609,68.3529,56.8919,56.8919,83.2327,83.2327,0,0,11.63,1.26,cautious,28.26,front,LIDAR_ONLY
0,40.9890,t635,LIDAR_ONLY,11.7013,11.7013,68.3529,56.6516,56.6516,82.8810,82.8810,0,0,11.63,1.26,cautious,20.09,front,LIDAR_ONLY
0,40.9890,t637,LIDAR_ONLY,10.6560,10.6560,10.5878,0.0682,0.0682,0.6444,0.6444,1,1,11.63,1.26,cautious,3.76,front,LIDAR_ONLY
0,41.0503,cam_2,CAM_ONLY,19.3586,,10.5878,8.7708,,82.8393,,0,,14.87,1.11,warning,1.61,,CAMERA_ONLY
0,41.1110,cam_2,CAM_ONLY,19.4120,,10.5878,8.8243,,83.3442,,0,,10.78,1.06,warning,1.61,,CAMERA_ONLY
0,41.1752,cam_2,CAM_ONLY,19.4202,,10.5878,8.8325,,83.4214,,0,,14.31,0.91,warning,1.61,,CAMERA_ONLY
0,41.2332,cam_2,CAM_ONLY,19.5614,,10.5878,8.9736,,84.7547,,0,,10.94,0.72,warning,1.57,,CAMERA_ONLY
0,41.2968,cam_2,CAM_ONLY,19.6972,,10.5878,9.1094,,86.0373,,0,,16.50,1.15,safe,1.57,,CAMERA_ONLY
0,41.3634,cam_2,CAM_ONLY,19.6034,,10.5885,9.0149,,85.1391,,0,,13.13,0.96,warning,1.61,,CAMERA_ONLY
0,41.4202,cam_2,CAM_ONLY,19.4962,,10.5890,8.9071,,84.1167,,0,,10.62,1.18,warning,1.61,,CAMERA_ONLY
0,41.4795,cam_2,CAM_ONLY,19.6668,,10.5890,9.0778,,85.7282,,0,,12.38,0.97,safe,1.61,,CAMERA_ONLY
0,41.4795,t648,LIDAR_ONLY,22.0439,22.0439,68.3539,46.3100,46.3100,67.7503,67.7503,0,0,12.38,0.97,drive,17.19,front,LIDAR_ONLY
0,41.4795,t648,LIDAR_ONLY,17.8594,17.8594,68.3539,50.4945,50.4945,73.8722,73.8722,0,0,12.38,0.97,drive,21.39,front,LIDAR_ONLY
0,41.4795,t649,LIDAR_ONLY,10.7203,10.7203,10.5890,0.1312,0.1312,1.2393,1.2393,1,1,12.38,0.97,cautious,0.35,front,LIDAR_ONLY
0,41.4795,t649,LIDAR_ONLY,10.6730,10.6730,10.5890,0.0839,0.0839,0.7925,0.7925,1,1,12.38,0.97,cautious,4.56,front,LIDAR_ONLY
0,41.4795,t649,LIDAR_ONLY,10.6881,10.6881,10.5890,0.0990,0.0990,0.9353,0.9353,1,1,12.38,0.97,cautious,-3.86,front,LIDAR_ONLY
0,41.5467,cam_2,CAM_ONLY,19.5145,,10.5882,8.9263,,84.3037,,0,,14.69,1.63,warning,1.61,,CAMERA_ONLY
0,41.5467,t648,LIDAR_ONLY,15.8699,15.8699,,,,,,,,14.69,1.63,drive,25.44,front,LIDAR_ONLY
0,41.5467,t648,LIDAR_ONLY,14.1231,14.1231,,,,,,,,14.69,1.63,cautious,29.63,front,LIDAR_ONLY
0,41.5467,t654,LIDAR_ONLY,22.3436,22.3436,68.3532,46.0096,46.0096,67.3115,67.3115,0,0,14.69,1.63,drive,17.07,front,LIDAR_ONLY
0,41.5467,t654,LIDAR_ONLY,19.2829,19.2829,68.3532,49.0703,49.0703,71.7893,71.7893,0,0,14.69,1.63,drive,21.25,front,LIDAR_ONLY
0,41.6131,cam_2,CAM_ONLY,19.4955,,10.5874,8.9082,,84.1397,,0,,17.48,0.99,warning,1.61,,CAMERA_ONLY
0,41.6759,cam_2,CAM_ONLY,19.6006,,10.5874,9.0132,,85.1316,,0,,12.17,0.87,warning,1.61,,CAMERA_ONLY
0,41.7396,cam_2,CAM_ONLY,19.5126,,10.5874,8.9252,,84.3008,,0,,17.45,1.29,warning,1.61,,CAMERA_ONLY
0,41.7396,t648,LIDAR_ONLY,13.2730,13.2730,,,,,,,,17.45,1.29,cautious,29.83,front,LIDAR_ONLY
0,41.7396,t648,LIDAR_ONLY,11.7371,11.7371,,,,,,,,17.45,1.29,cautious,25.64,front,LIDAR_ONLY
0,41.7396,t654,LIDAR_ONLY,19.5153,19.5153,68.3525,48.8371,48.8371,71.4490,71.4490,0,0,17.45,1.29,drive,17.26,front,LIDAR_ONLY
0,41.7396,t654,LIDAR_ONLY,18.3783,18.3783,68.3525,49.9742,49.9742,73.1125,73.1125,0,0,17.45,1.29,drive,21.45,front,LIDAR_ONLY
0,41.7396,t659,LIDAR_ONLY,10.6455,10.6455,10.5874,0.0581,0.0581,0.5491,0.5491,1,1,17.45,1.29,cautious,4.68,front,LIDAR_ONLY
0,41.8049,cam_2,CAM_ONLY,19.5773,,10.5874,8.9899,,84.9116,,0,,14.82,1.25,warning,1.61,,CAMERA_ONLY
0,41.8707,cam_2,CAM_ONLY,19.4746,,10.5874,8.8872,,83.9415,,0,,14.13,1.06,warning,1.61,,CAMERA_ONLY
0,41.9360,cam_2,CAM_ONLY,19.5437,,10.5874,8.9563,,84.5943,,0,,18.23,0.80,warning,1.61,,CAMERA_ONLY
0,41.9360,t659,LIDAR_ONLY,10.6466,10.6466,10.5874,0.0592,0.0592,0.5590,0.5590,1,1,18.23,0.80,cautious,3.81,front,LIDAR_ONLY
0,42.0015,cam_2,CAM_ONLY,19.5911,,10.5874,9.0037,,85.0422,,0,,12.94,0.96,warning,1.61,,CAMERA_ONLY
0,42.0640,cam_2,CAM_ONLY,19.4580,,10.5874,8.8706,,83.7851,,0,,13.42,0.89,warning,1.61,,CAMERA_ONLY
0,42.1296,cam_2,CAM_ONLY,19.5780,,10.5874,8.9907,,84.9187,,0,,12.66,0.86,warning,1.61,,CAMERA_ONLY
0,42.2003,cam_2,CAM_ONLY,19.4824,,10.5874,8.8951,,84.0159,,0,,11.81,1.23,warning,1.61,,CAMERA_ONLY
0,42.2720,cam_2,CAM_ONLY,19.5018,,10.5874,8.9145,,84.1991,,0,,19.16,0.95,warning,1.61,,CAMERA_ONLY
0,42.3505,cam_2,CAM_ONLY,19.4864,,10.5874,8.8990,,84.0530,,0,,21.00,1.37,warning,1.57,,CAMERA_ONLY
0,42.4134,cam_2,CAM_ONLY,19.4340,,10.5874,8.8466,,83.5585,,0,,14.17,0.89,warning,1.57,,CAMERA_ONLY
0,42.4690,cam_2,CAM_ONLY,19.2583,,10.5874,8.6710,,81.8994,,0,,12.02,1.11,warning,1.57,,CAMERA_ONLY
0,42.5386,cam_2,CAM_ONLY,19.3100,,10.5874,8.7227,,82.3875,,0,,14.19,1.30,warning,1.61,,CAMERA_ONLY
0,42.5386,t678,LIDAR_ONLY,11.2042,11.2042,,,,,,,,14.19,1.30,cautious,26.73,front,LIDAR_ONLY
0,42.5386,t679,LIDAR_ONLY,10.6739,10.6739,10.5874,0.0865,0.0865,0.8173,0.8173,1,1,14.19,1.30,cautious,2.52,front,LIDAR_ONLY
0,42.5386,t679,LIDAR_ONLY,10.6469,10.6469,10.5874,0.0596,0.0596,0.5626,0.5626,1,1,14.19,1.30,cautious,6.56,front,LIDAR_ONLY
0,42.5386,t679,LIDAR_ONLY,10.6551,10.6551,10.5874,0.0678,0.0678,0.6400,0.6400,1,1,14.19,1.30,cautious,-1.52,front,LIDAR_ONLY
0,42.6013,cam_2,CAM_ONLY,19.2787,,10.5874,8.6913,,82.0914,,0,,12.58,1.30,warning,1.61,,CAMERA_ONLY
0,42.6588,cam_2,CAM_ONLY,19.3771,,10.5874,8.7897,,83.0209,,0,,10.24,1.25,warning,1.61,,CAMERA_ONLY
0,42.7123,cam_2,CAM_ONLY,19.3135,,10.5874,8.7261,,82.4202,,0,,10.40,0.88,warning,1.57,,CAMERA_ONLY
0,42.7665,cam_2,CAM_ONLY,19.2777,,10.5874,8.6903,,82.0821,,0,,10.23,0.93,warning,1.61,,CAMERA_ONLY
0,42.8341,cam_2,CAM_ONLY,19.3960,,10.5874,8.8086,,83.1994,,0,,14.92,0.91,warning,1.61,,CAMERA_ONLY
0,42.8341,t684,LIDAR_ONLY,10.6692,10.6692,10.5874,0.0818,0.0818,0.7726,0.7726,1,1,14.92,0.91,cautious,2.81,front,LIDAR_ONLY
0,42.8341,t684,LIDAR_ONLY,10.7600,10.7600,10.5874,0.1726,0.1726,1.6304,1.6304,1,1,14.92,0.91,cautious,6.95,front,LIDAR_ONLY
0,42.8994,cam_2,CAM_ONLY,19.2924,,10.5874,8.7050,,82.2207,,0,,13.33,1.29,warning,1.61,,CAMERA_ONLY
0,42.9658,cam_2,CAM_ONLY,19.3691,,10.5874,8.7817,,82.9451,,0,,15.32,0.90,warning,1.61,,CAMERA_ONLY
0,43.0297,cam_2,CAM_ONLY,19.4119,,10.5874,8.8246,,83.3502,,0,,12.90,0.83,warning,1.61,,CAMERA_ONLY
0,43.0297,t684,LIDAR_ONLY,10.8029,10.8029,10.5874,0.2155,0.2155,2.0358,2.0358,1,1,12.90,0.83,cautious,-2.59,front,LIDAR_ONLY
0,43.0926,cam_2,CAM_ONLY,19.3502,,10.5874,8.7628,,82.7665,,0,,9.88,1.05,warning,1.61,,CAMERA_ONLY
0,43.0926,t689,LIDAR_ONLY,12.0807,12.0807,68.3525,56.2718,56.2718,82.3259,82.3259,0,0,9.88,1.05,cautious,25.22,front,LIDAR_ONLY
0,43.0926,t689,LIDAR_ONLY,10.7294,10.7294,68.3525,57.6231,57.6231,84.3029,84.3029,0,0,9.88,1.05,cautious,29.35,front,LIDAR_ONLY
0,43.0926,t689,LIDAR_ONLY,11.0245,11.0245,68.3525,57.3280,57.3280,83.8712,83.8712,0,0,9.88,1.05,cautious,21.09,front,LIDAR_ONLY
0,43.0926,t684,LIDAR_ONLY,10.8262,10.8262,10.5874,0.2388,0.2388,2.2557,2.2557,1,1,9.88,1.05,cautious,-3.69,front,LIDAR_ONLY
0,43.0926,t684,LIDAR_ONLY,10.8284,10.8284,10.5874,0.2410,0.2410,2.2764,2.2764,1,1,9.88,1.05,cautious,4.57,front,LIDAR_ONLY
0,43.1570,cam_2,CAM_ONLY,19.3118,,10.5874,8.7245,,82.4044,,0,,17.56,1.22,warning,1.61,,CAMERA_ONLY
0,43.2123,cam_2,CAM_ONLY,19.3555,,10.5874,8.7681,,82.8171,,0,,9.05,1.35,warning,1.61,,CAMERA_ONLY
0,43.2654,cam_2,CAM_ONLY,19.4516,,10.5874,8.8643,,83.7250,,0,,10.03,0.89,warning,1.61,,CAMERA_ONLY
0,43.3237,cam_2,CAM_ONLY,19.3976,,10.5874,8.8102,,83.2146,,0,,10.89,0.89,warning,1.61,,CAMERA_ONLY
0,43.3824,cam_2,CAM_ONLY,19.2722,,10.5874,8.6848,,82.0301,,0,,13.35,0.79,warning,1.61,,CAMERA_ONLY
0,43.3824,t695,LIDAR_ONLY,10.6442,10.6442,10.5874,0.0568,0.0568,0.5368,0.5368,1,1,13.35,0.79,cautious,4.82,front,LIDAR_ONLY
0,43.4433,cam_2,CAM_ONLY,19.3821,,10.5874,8.7947,,83.0684,,0,,12.07,1.26,warning,1.61,,CAMERA_ONLY
0,43.4433,t699,LIDAR_ONLY,12.8374,12.8374,68.3525,55.5151,55.5151,81.2188,81.2188,0,0,12.07,1.26,cautious,24.09,front,LIDAR_ONLY
0,43.4433,t699,LIDAR_ONLY,11.4786,11.4786,68.3525,56.8738,56.8738,83.2067,83.2067,0,0,12.07,1.26,cautious,28.21,front,LIDAR_ONLY
0,43.4433,t699,LIDAR_ONLY,11.8932,11.8932,68.3525,56.4593,56.4593,82.6002,82.6002,0,0,12.07,1.26,cautious,19.96,front,LIDAR_ONLY
0,43.4433,t695,LIDAR_ONLY,10.6466,10.6466,10.5874,0.0592,0.0592,0.5594,0.5594,1,1,12.07,1.26,cautious,3.47,front,LIDAR_ONLY
0,43.5126,cam_2,CAM_ONLY,19.3076,,10.5874,8.7202,,82.3641,,0,,16.33,1.23,warning,1.61,,CAMERA_ONLY
0,43.5810,t699,BOTH,19.4627,12.7381,,,,,,,,18.69,1.02,warning,1.61,,FULL_ANGLE
0,43.5810,t699,LIDAR_ONLY,13.2208,13.2208,,,,,,,,18.69,1.02,cautious,23.83,front,LIDAR_ONLY
0,43.5810,t699,LIDAR_ONLY,13.7675,13.7675,,,,,,,,18.69,1.02,cautious,19.74,front,LIDAR_ONLY
0,43.5810,t699,LIDAR_ONLY,14.5056,14.5056,,,,,,,,18.69,1.02,cautious,27.92,front,LIDAR_ONLY
0,43.5810,t695,LIDAR_ONLY,10.6490,10.6490,10.5874,0.0616,0.0616,0.5819,0.5819,1,1,18.69,1.02,cautious,3.39,front,LIDAR_ONLY
0,43.6505,cam_2,CAM_ONLY,19.3894,,10.5874,8.8021,,83.1374,,0,,21.96,1.29,warning,1.61,,CAMERA_ONLY
0,43.7097,cam_2,CAM_ONLY,19.3010,,10.5874,8.7137,,82.3026,,0,,10.25,1.20,warning,1.61,,CAMERA_ONLY
0,43.7839,cam_2,CAM_ONLY,19.3195,,10.5874,8.7322,,82.4772,,0,,15.54,1.06,warning,1.61,,CAMERA_ONLY
0,43.7839,t699,LIDAR_ONLY,14.7567,14.7567,68.3525,53.5958,53.5958,78.4109,78.4109,0,0,15.54,1.06,cautious,23.06,front,LIDAR_ONLY
0,43.7839,t695,LIDAR_ONLY,10.6583,10.6583,10.5874,0.0709,0.0709,0.6698,0.6698,1,1,15.54,1.06,cautious,-1.92,front,LIDAR_ONLY
0,43.7839,t695,LIDAR_ONLY,10.6647,10.6647,10.5874,0.0774,0.0774,0.7307,0.7307,1,1,15.54,1.06,cautious,2.25,front,LIDAR_ONLY
0,43.7839,t695,LIDAR_ONLY,10.6678,10.6678,10.5874,0.0804,0.0804,0.7596,0.7596,1,1,15.54,1.06,cautious,6.41,front,LIDAR_ONLY
0,43.7839,t699,LIDAR_ONLY,14.1979,14.1979,68.3525,54.1545,54.1545,79.2284,79.2284,0,0,15.54,1.06,cautious,18.90,front,LIDAR_ONLY
0,43.8489,cam_2,CAM_ONLY,19.3333,,10.5874,8.7460,,82.6076,,0,,11.64,1.00,warning,1.61,,CAMERA_ONLY
0,43.9057,cam_2,CAM_ONLY,19.1965,,10.5874,8.6092,,81.3154,,0,,8.65,1.20,warning,1.61,,CAMERA_ONLY
0,43.9676,cam_2,CAM_ONLY,19.2945,,10.5874,8.7071,,82.2407,,0,,9.09,0.89,warning,1.61,,CAMERA_ONLY
0,44.0322,cam_2,CAM_ONLY,19.2288,,10.5874,8.6415,,81.6204,,0,,11.77,1.30,warning,1.61,,CAMERA_ONLY
0,44.0322,t706,LIDAR_ONLY,12.0029,12.0029,68.3525,56.3495,56.3495,82.4396,82.4396,0,0,11.77,1.30,cautious,25.35,front,LIDAR_ONLY
0,44.0322,t706,LIDAR_ONLY,12.3506,12.3506,68.3525,56.0019,56.0019,81.9311,81.9311,0,0,11.77,1.30,cautious,21.27,front,LIDAR_ONLY
0,44.0322,t706,LIDAR_ONLY,13.2950,13.2950,68.3525,55.0574,55.0574,80.5493,80.5493,0,0,11.77,1.30,cautious,17.20,front,LIDAR_ONLY
0,44.0322,t707,LIDAR_ONLY,10.8308,10.8308,10.5874,0.2435,0.2435,2.2997,2.2997,1,1,11.77,1.30,cautious,-3.18,front,LIDAR_ONLY
0,44.0322,t707,LIDAR_ONLY,10.7340,10.7340,10.5874,0.1467,0.1467,1.3853,1.3853,1,1,11.77,1.30,cautious,4.97,front,LIDAR_ONLY
0,44.1062,cam_2,CAM_ONLY,19.3833,,10.5874,8.7959,,83.0791,,0,,19.52,1.18,warning,1.61,,CAMERA_ONLY
0,44.1062,t706,LIDAR_ONLY,13.7358,13.7358,,,,,,,,19.52,1.18,cautious,24.46,front,LIDAR_ONLY
0,44.1062,t706,LIDAR_ONLY,13.8665,13.8665,,,,,,,,19.52,1.18,cautious,28.62,front,LIDAR_ONLY
0,44.1721,cam_2,CAM_ONLY,19.3292,,10.5874,8.7418,,82.5683,,0,,16.56,1.13,warning,1.61,,CAMERA_ONLY
0,44.2340,cam_2,CAM_ONLY,19.2957,,10.5874,8.7083,,82.2523,,0,,13.48,1.00,warning,1.61,,CAMERA_ONLY
0,44.2340,t706,LIDAR_ONLY,14.1060,14.1060,68.3525,54.2465,54.2465,79.3629,79.3629,0,0,13.48,1.00,cautious,23.29,front,LIDAR_ONLY
0,44.2340,t706,LIDAR_ONLY,14.4243,14.4243,68.3525,53.9281,53.9281,78.8971,78.8971,0,0,13.48,1.00,cautious,19.19,front,LIDAR_ONLY
0,44.2340,t707,LIDAR_ONLY,10.7134,10.7134,10.5874,0.1260,0.1260,1.1902,1.1902,1,1,13.48,1.00,cautious,2.81,front,LIDAR_ONLY
0,44.2340,t707,LIDAR_ONLY,10.7170,10.7170,10.5874,0.1296,0.1296,1.2241,1.2241,1,1,13.48,1.00,cautious,-1.28,front,LIDAR_ONLY
0,44.2340,t707,LIDAR_ONLY,10.7512,10.7512,10.5874,0.1638,0.1638,1.5471,1.5471,1,1,13.48,1.00,cautious,6.91,front,LIDAR_ONLY
0,44.2995,cam_2,CAM_ONLY,19.3027,,10.5874,8.7154,,82.3186,,0,,15.19,1.05,warning,1.61,,CAMERA_ONLY
0,44.3696,cam_2,CAM_ONLY,19.2329,,10.5874,8.6455,,81.6590,,0,,15.77,1.02,warning,1.61,,CAMERA_ONLY
0,44.4305,cam_2,CAM_ONLY,19.3572,,10.5874,8.7699,,82.8333,,0,,9.93,0.93,warning,1.61,,CAMERA_ONLY
0,44.4930,t720,BOTH,19.2847,23.8304,68.3525,49.0677,44.5221,71.7863,65.1361,0,0,13.94,1.25,warning,1.61,,FULL_ANGLE
0,44.4930,t719,LIDAR_ONLY,10.3024,10.3024,,,,,,,,13.94,1.25,cautious,28.58,front,LIDAR_ONLY
0,44.4930,t720,LIDAR_ONLY,19.3332,19.3332,68.3525,49.0193,49.0193,71.7154,71.7154,0,0,13.94,1.25,drive,20.54,front,LIDAR_ONLY
0,44.4930,t720,LIDAR_ONLY,17.2686,17.2686,68.3525,51.0838,51.0838,74.7359,74.7359,0,0,13.94,1.25,drive,24.56,front,LIDAR_ONLY
0,44.5631,cam_2,CAM_ONLY,19.2418,,10.5874,8.6544,,81.7431,,0,,12.22,0.83,warning,1.61,,CAMERA_ONLY
0,44.6271,cam_2,CAM_ONLY,19.2194,,10.5874,8.6321,,81.5318,,0,,12.84,0.94,warning,1.61,,CAMERA_ONLY
0,44.6927,cam_2,CAM_ONLY,19.2766,,10.5874,8.6892,,82.0713,,0,,16.09,1.37,warning,1.61,,CAMERA_ONLY
0,44.6927,t719,LIDAR_ONLY,10.3657,10.3657,,,,,,,,16.09,1.37,cautious,27.68,front,LIDAR_ONLY
0,44.6927,t720,LIDAR_ONLY,16.1295,16.1295,68.3525,52.2230,52.2230,76.4024,76.4024,0,0,16.09,1.37,drive,23.45,front,LIDAR_ONLY
0,44.6927,t720,LIDAR_ONLY,16.2251,16.2251,68.3525,52.1274,52.1274,76.2626,76.2626,0,0,16.09,1.37,drive,19.23,front,LIDAR_ONLY
0,44.6927,t722,LIDAR_ONLY,10.6776,10.6776,10.5874,0.0902,0.0902,0.8519,0.8519,1,1,16.09,1.37,cautious,2.31,front,LIDAR_ONLY
0,44.6927,t722,LIDAR_ONLY,10.6431,10.6431,10.5874,0.0557,0.0557,0.5265,0.5265,1,1,16.09,1.37,cautious,6.54,front,LIDAR_ONLY
0,44.7593,cam_2,CAM_ONLY,19.3142,,10.5874,8.7268,,82.4268,,0,,15.59,1.26,warning,1.61,,CAMERA_ONLY
0,44.8229,cam_2,CAM_ONLY,19.3114,,10.5874,8.7240,,82.4005,,0,,12.61,1.14,warning,1.61,,CAMERA_ONLY
0,44.8889,t720,BOTH,19.2207,15.6022,68.3525,49.1318,52.7503,71.8800,77.1740,0,0,13.44,1.22,warning,1.61,,FULL_ANGLE
0,44.8889,t719,LIDAR_ONLY,10.5973,10.5973,,,,,,,,13.44,1.22,cautious,24.35,front,LIDAR_ONLY
0,44.8889,t719,LIDAR_ONLY,10.6936,10.6936,,,,,,,,13.44,1.22,cautious,28.39,front,LIDAR_ONLY
0,44.8889,t720,LIDAR_ONLY,15.1357,15.1357,68.3525,53.2167,53.2167,77.8564,77.8564,0,0,13.44,1.22,drive,20.30,front,LIDAR_ONLY
0,44.8889,t728,LIDAR_ONLY,10.8642,10.8642,10.5874,0.2768,0.2768,2.6148,2.6148,1,1,13.44,1.22,cautious,-3.98,front,LIDAR_ONLY
0,44.8889,t722,LIDAR_ONLY,10.6437,10.6437,10.5874,0.0564,0.0564,0.5323,0.5323,1,1,13.44,1.22,cautious,4.11,front,LIDAR_ONLY
0,44.9536,cam_2,CAM_ONLY,19.3417,,10.5874,8.7543,,82.6862,,0,,14.83,1.40,warning,1.61,,CAMERA_ONLY
0,45.0178,cam_2,CAM_ONLY,19.3308,,10.5874,8.7434,,82.5834,,0,,14.52,0.97,warning,1.61,,CAMERA_ONLY
0,45.0828,cam_2,CAM_ONLY,19.2497,,10.5874,8.6623,,81.8177,,0,,15.40,0.86,warning,1.61,,CAMERA_ONLY
0,45.0828,t728,LIDAR_ONLY,10.8018,10.8018,10.5874,0.2144,0.2144,2.0253,2.0253,1,1,15.40,0.86,cautious,-0.78,front,LIDAR_ONLY
0,45.0828,t722,LIDAR_ONLY,10.6450,10.6450,10.5874,0.0576,0.0576,0.5443,0.5443,1,1,15.40,0.86,cautious,3.38,front,LIDAR_ONLY
0,45.1490,cam_2,CAM_ONLY,19.2143,,10.5874,8.6269,,81.4832,,0,,11.32,1.03,warning,1.61,,CAMERA_ONLY
0,45.2115,cam_2,CAM_ONLY,19.2475,,10.5874,8.6602,,81.7972,,0,,15.49,0.86,warning,1.61,,CAMERA_ONLY
0,45.2698,cam_2,CAM_ONLY,19.2542,,10.5874,8.6668,,81.8600,,0,,11.83,1.07,warning,1.61,,CAMERA_ONLY
0,45.3341,cam_2,CAM_ONLY,19.2227,,10.5874,8.6354,,81.5630,,0,,16.42,0.93,warning,1.61,,CAMERA_ONLY
0,45.3341,t735,LIDAR_ONLY,15.5191,15.5191,68.3525,52.8333,52.8333,77.2954,77.2954,0,0,16.42,0.93,drive,20.97,front,LIDAR_ONLY
0,45.3341,t735,LIDAR_ONLY,14.2572,14.2572,68.3525,54.0953,54.0953,79.1416,79.1416,0,0,16.42,0.93,cautious,25.07,front,LIDAR_ONLY
0,45.3341,t736,LIDAR_ONLY,10.6465,10.6465,10.5874,0.0592,0.0592,0.5589,0.5589,1,1,16.42,0.93,cautious,4.57,front,LIDAR_ONLY
0,45.3341,t736,LIDAR_ONLY,10.6548,10.6548,10.5874,0.0674,0.0674,0.6365,0.6365,1,1,16.42,0.93,cautious,0.47,front,LIDAR_ONLY
0,45.3990,cam_2,CAM_ONLY,19.1916,,10.5874,8.6043,,81.2694,,0,,12.14,0.97,warning,1.61,,CAMERA_ONLY
0,45.4657,cam_2,CAM_ONLY,19.2980,,10.5874,8.7106,,82.2737,,0,,17.15,1.02,warning,1.61,,CAMERA_ONLY
0,45.5405,cam_2,CAM_ONLY,19.3145,,10.5874,8.7271,,82.4293,,0,,19.38,1.17,warning,1.61,,CAMERA_ONLY
0,45.5405,t735,LIDAR_ONLY,11.8759,11.8759,68.3525,56.4766,56.4766,82.6255,82.6255,0,0,19.38,1.17,cautious,29.25,front,LIDAR_ONLY
0,45.5405,t735,LIDAR_ONLY,11.8968,11.8968,68.3525,56.4556,56.4556,82.5949,82.5949,0,0,19.38,1.17,cautious,25.15,front,LIDAR_ONLY
0,45.5405,t735,LIDAR_ONLY,12.0542,12.0542,68.3525,56.2982,56.2982,82.3646,82.3646,0,0,19.38,1.17,cautious,21.05,front,LIDAR_ONLY
0,45.5405,t736,LIDAR_ONLY,10.6654,10.6654,10.5874,0.0780,0.0780,0.7371,0.7371,1,1,19.38,1.17,cautious,0.57,front,LIDAR_ONLY
0,45.5405,t736,LIDAR_ONLY,10.6684,10.6684,10.5874,0.0810,0.0810,0.7652,0.7652,1,1,19.38,1.17,cautious,4.66,front,LIDAR_ONLY
0,45.5405,t736,LIDAR_ONLY,10.6783,10.6783,10.5874,0.0909,0.0909,0.8585,0.8585,1,1,19.38,1.17,cautious,-3.53,front,LIDAR_ONLY
0,45.6102,cam_2,CAM_ONLY,19.1952,,10.5874,8.6079,,81.3034,,0,,13.52,1.09,warning,1.61,,CAMERA_ONLY
0,45.6708,cam_2,CAM_ONLY,19.2838,,10.5874,8.6964,,82.1399,,0,,12.23,1.00,warning,1.61,,CAMERA_ONLY
0,45.7534,cam_2,CAM_ONLY,19.2146,,10.5874,8.6272,,81.4860,,0,,27.19,1.56,warning,1.61,,CAMERA_ONLY
0,45.7534,t735,LIDAR_ONLY,11.5695,11.5695,,,,,,,,27.19,1.56,cautious,27.45,front,LIDAR_ONLY
0,45.8124,cam_2,CAM_ONLY,19.2633,,10.5874,8.6759,,81.9460,,0,,11.88,0.85,warning,1.61,,CAMERA_ONLY
0,45.8822,cam_2,CAM_ONLY,19.2358,,10.5874,8.6485,,81.6866,,0,,20.82,1.05,warning,1.61,,CAMERA_ONLY
0,45.8822,t745,LIDAR_ONLY,47.4298,47.4298,39.9893,7.4406,7.4406,18.6064,18.6064,0,0,20.82,1.05,drive,-24.59,front,LIDAR_ONLY
0,45.8822,t746,LIDAR_ONLY,10.7366,10.7366,10.5874,0.1492,0.1492,1.4091,1.4091,1,1,20.82,1.05,cautious,-0.36,front,LIDAR_ONLY
0,45.8822,t746,LIDAR_ONLY,10.6897,10.6897,10.5874,0.1024,0.1024,0.9669,0.9669,1,1,20.82,1.05,cautious,3.68,front,LIDAR_ONLY
0,45.9457,cam_2,CAM_ONLY,19.1981,,10.5874,8.6108,,81.3306,,0,,16.52,1.13,warning,1.61,,CAMERA_ONLY
0,46.0102,cam_2,CAM_ONLY,19.3139,,10.5874,8.7266,,82.4245,,0,,13.48,1.05,warning,1.61,,CAMERA_ONLY
0,46.0807,cam_2,CAM_ONLY,19.2909,,10.5874,8.7036,,82.2073,,0,,16.13,0.96,warning,1.61,,CAMERA_ONLY
0,46.1559,cam_2,CAM_ONLY,19.1975,,10.5874,8.6101,,81.3246,,0,,16.41,1.22,warning,1.61,,CAMERA_ONLY
0,46.2238,cam_2,CAM_ONLY,19.2580,,10.5874,8.6706,,81.8957,,0,,17.66,0.96,warning,1.61,,CAMERA_ONLY
0,46.2928,cam_2,CAM_ONLY,19.2693,,10.5874,8.6819,,82.0026,,0,,22.61,1.86,warning,1.61,,CAMERA_ONLY
0,46.2928,t756,LIDAR_ONLY,13.2876,13.2876,,,,,,,,22.61,1.86,cautious,23.47,front,LIDAR_ONLY
0,46.2928,t756,LIDAR_ONLY,12.1783,12.1783,,,,,,,,22.61,1.86,cautious,27.70,front,LIDAR_ONLY
0,46.3703,cam_2,CAM_ONLY,19.2488,,10.5874,8.6614,,81.8088,,0,,23.53,1.14,warning,1.61,,CAMERA_ONLY
0,46.4361,cam_2,CAM_ONLY,19.1984,,10.5874,8.6110,,81.3331,,0,,14.46,1.01,warning,1.61,,CAMERA_ONLY
0,46.4361,t756,LIDAR_ONLY,12.5039,12.5039,,,,,,,,14.46,1.01,cautious,21.97,front,LIDAR_ONLY
0,46.4361,t759,LIDAR_ONLY,44.7471,44.7471,35.7561,8.9910,8.9910,25.1455,25.1455,0,0,14.46,1.01,drive,-27.57,front,LIDAR_ONLY
0,46.4361,t756,LIDAR_ONLY,13.1371,13.1371,,,,,,,,14.46,1.01,cautious,17.85,front,LIDAR_ONLY
0,46.4361,t756,LIDAR_ONLY,13.3951,13.3951,,,,,,,,14.46,1.01,cautious,26.10,front,LIDAR_ONLY
0,46.4361,t760,LIDAR_ONLY,10.8183,10.8183,10.5874,0.2309,0.2309,2.1811,2.1811,1,1,14.46,1.01,cautious,-2.80,front,LIDAR_ONLY
0,46.5261,cam_2,CAM_ONLY,19.1679,,10.5874,8.5805,,81.0450,,0,,14.68,0.98,warning,1.61,,CAMERA_ONLY
0,46.5991,cam_2,CAM_ONLY,19.1914,,10.5874,8.6040,,81.2670,,0,,21.11,0.99,warning,1.61,,CAMERA_ONLY
0,46.6650,cam_2,CAM_ONLY,19.1715,,10.5874,8.5841,,81.0788,,0,,13.91,0.85,warning,1.61,,CAMERA_ONLY
0,46.7239,cam_2,CAM_ONLY,19.2241,,10.5874,8.6368,,81.5763,,0,,9.96,0.90,warning,1.61,,CAMERA_ONLY
0,46.7840,cam_2,CAM_ONLY,19.1732,,10.5874,8.5859,,81.0955,,0,,14.90,0.96,warning,1.61,,CAMERA_ONLY
0,46.7840,t764,LIDAR_ONLY,46.6438,46.6438,33.0700,13.5738,13.5738,41.0457,41.0457,0,0,14.90,0.96,drive,-25.42,front,LIDAR_ONLY
0,46.7840,t766,LIDAR_ONLY,10.6528,10.6528,10.5874,0.0654,0.0654,0.6179,0.6179,1,1,14.90,0.96,cautious,4.00,front,LIDAR_ONLY
0,46.7840,t767,LIDAR_ONLY,15.6974,15.6974,68.3525,52.6551,52.6551,77.0346,77.0346,0,0,14.90,0.96,drive,20.80,front,LIDAR_ONLY
0,46.7840,t766,LIDAR_ONLY,10.6643,10.6643,10.5874,0.0769,0.0769,0.7264,0.7264,1,1,14.90,0.96,cautious,-0.21,front,LIDAR_ONLY
0,46.8571,cam_2,CAM_ONLY,19.1461,,10.5874,8.5587,,80.8389,,0,,16.75,0.96,warning,1.61,,CAMERA_ONLY
0,46.9308,cam_2,CAM_ONLY,19.2154,,10.5874,8.6280,,81.4937,,0,,24.53,1.79,warning,1.61,,CAMERA_ONLY
0,46.9906,t767,BOTH,19.1768,12.3693,68.3525,49.1757,55.9832,71.9442,81.9037,0,0,10.01,1.20,warning,1.61,,FULL_ANGLE
0,46.9906,t767,LIDAR_ONLY,11.7049,11.7049,68.3525,56.6476,56.6476,82.8757,82.8757,0,0,10.01,1.20,cautious,29.19,front,LIDAR_ONLY
0,46.9906,t767,LIDAR_ONLY,11.7570,11.7570,68.3525,56.5954,56.5954,82.7994,82.7994,0,0,10.01,1.20,cautious,24.99,front,LIDAR_ONLY
0,46.9906,t766,LIDAR_ONLY,10.6770,10.6770,10.5874,0.0897,0.0897,0.8469,0.8469,1,1,10.01,1.20,cautious,-0.18,front,LIDAR_ONLY
0,47.0544,cam_2,CAM_ONLY,19.2036,,10.5874,8.6162,,81.3823,,0,,11.97,1.19,warning,1.61,,CAMERA_ONLY
0,47.1225,cam_2,CAM_ONLY,19.2440,,10.5874,8.6566,,81.7637,,0,,12.88,1.18,warning,1.61,,CAMERA_ONLY
0,47.1855,cam_2,CAM_ONLY,19.3386,,10.5874,8.7512,,82.6570,,0,,12.64,1.07,warning,1.61,,CAMERA_ONLY
0,47.1855,t767,LIDAR_ONLY,12.7749,12.7749,,,,,,,,12.64,1.07,cautious,23.51,front,LIDAR_ONLY
0,47.1855,t767,LIDAR_ONLY,12.8124,12.8124,,,,,,,,12.64,1.07,cautious,27.73,front,LIDAR_ONLY
0,47.1855,t766,LIDAR_ONLY,10.6826,10.6826,10.5874,0.0953,0.0953,0.8998,0.8998,1,1,12.64,1.07,cautious,2.39,front,LIDAR_ONLY
0,47.1855,t766,LIDAR_ONLY,10.6811,10.6811,10.5874,0.0938,0.0938,0.8856,0.8856,1,1,12.64,1.07,cautious,6.61,front,LIDAR_ONLY
0,47.2432,cam_2,CAM_ONLY,19.2488,,10.5874,8.6615,,81.8095,,0,,10.54,0.97,warning,1.61,,CAMERA_ONLY
0,47.3024,cam_2,CAM_ONLY,19.2206,,10.5874,8.6332,,81.5426,,0,,15.74,1.18,warning,1.61,,CAMERA_ONLY
0,47.3749,cam_2,CAM_ONLY,19.2103,,10.5874,8.6229,,81.4453,,0,,18.67,1.12,warning,1.61,,CAMERA_ONLY
0,47.4382,cam_2,CAM_ONLY,19.2484,,10.5874,8.6611,,81.8059,,0,,16.65,0.88,warning,1.61,,CAMERA_ONLY
0,47.4382,t786,LIDAR_ONLY,12.4196,12.4196,68.3525,55.9329,55.9329,81.8301,81.8301,0,0,16.65,0.88,cautious,24.70,front,LIDAR_ONLY
0,47.4382,t787,LIDAR_ONLY,10.7373,10.7373,10.5874,0.1499,0.1499,1.4161,1.4161,1,1,16.65,0.88,cautious,-0.39,front,LIDAR_ONLY
0,47.4382,t786,LIDAR_ONLY,12.8207,12.8207,68.3525,55.5318,55.5318,81.2433,81.2433,0,0,16.65,0.88,cautious,20.52,front,LIDAR_ONLY
0,47.4975,cam_2,CAM_ONLY,19.6843,,10.5874,9.0970,,85.9231,,0,,12.56,1.00,safe,1.61,,CAMERA_ONLY
0,47.5713,cam_2,CAM_ONLY,19.6853,,10.5888,9.0964,,85.9061,,0,,17.67,2.61,warning,1.61,,CAMERA_ONLY
0,47.6265,cam_2,CAM_ONLY,19.6909,,10.5885,9.1024,,85.9656,,0,,10.30,1.01,safe,1.61,,CAMERA_ONLY
0,47.6872,cam_2,CAM_ONLY,19.2821,,10.5875,8.6946,,82.1214,,0,,13.02,1.26,warning,1.61,,CAMERA_ONLY
0,47.6872,t794,LIDAR_ONLY,10.1808,10.1808,68.3525,58.1717,58.1717,85.1055,85.1055,0,0,13.02,1.26,cautious,28.86,front,LIDAR_ONLY
0,47.6872,t794,LIDAR_ONLY,10.7428,10.7428,68.3525,57.6097,57.6097,84.2832,84.2832,0,0,13.02,1.26,cautious,20.62,front,LIDAR_ONLY
0,47.6872,t794,LIDAR_ONLY,11.1767,11.1767,68.3525,57.1758,57.1758,83.6484,83.6484,0,0,13.02,1.26,cautious,24.74,front,LIDAR_ONLY
0,47.6872,t795,LIDAR_ONLY,10.8618,10.8618,10.5875,0.2743,0.2743,2.5909,2.5909,1,1,13.02,1.26,cautious,-4.09,front,LIDAR_ONLY
0,47.6872,t795,LIDAR_ONLY,10.7969,10.7969,10.5875,0.2093,0.2093,1.9773,1.9773,1,1,13.02,1.26,cautious,0.02,front,LIDAR_ONLY
0,47.6872,t795,LIDAR_ONLY,10.7383,10.7383,10.5875,0.1507,0.1507,1.4238,1.4238,1,1,13.02,1.26,cautious,4.14,front,LIDAR_ONLY
0,47.7455,cam_2,CAM_ONLY,19.2180,,10.5866,8.6314,,81.5317,,0,,12.88,1.21,warning,1.61,,CAMERA_ONLY
0,47.8182,cam_2,CAM_ONLY,19.2203,,10.5866,8.6338,,81.5539,,0,,14.17,1.05,warning,1.61,,CAMERA_ONLY
0,47.8867,cam_2,CAM_ONLY,19.1536,,10.5866,8.5671,,80.9238,,0,,17.37,0.91,warning,1.61,,CAMERA_ONLY
0,47.8867,t794,LIDAR_ONLY,11.8690,11.8690,68.3518,56.4828,56.4828,82.6355,82.6355,0,0,17.37,0.91,cautious,18.07,front,LIDAR_ONLY
0,47.8867,t795,LIDAR_ONLY,10.6945,10.6945,10.5866,0.1079,0.1079,1.0190,1.0190,1,1,17.37,0.91,cautious,6.04,front,LIDAR_ONLY
0,47.9578,cam_2,CAM_ONLY,19.2707,,10.5866,8.6841,,82.0294,,0,,17.96,1.24,warning,1.61,,CAMERA_ONLY
0,48.0207,cam_2,CAM_ONLY,19.7444,,10.5866,9.1578,,86.5043,,0,,12.06,0.89,safe,1.61,,CAMERA_ONLY
0,48.0855,cam_2,CAM_ONLY,19.7560,,10.5868,9.1692,,86.6101,,0,,11.38,0.97,safe,1.61,,CAMERA_ONLY
0,48.0855,t795,LIDAR_ONLY,10.6961,10.6961,10.5868,0.1093,0.1093,1.0326,1.0326,1,1,11.38,0.97,cautious,0.26,front,LIDAR_ONLY
0,48.0855,t795,LIDAR_ONLY,10.6654,10.6654,10.5868,0.0786,0.0786,0.7427,0.7427,1,1,11.38,0.97,cautious,4.31,front,LIDAR_ONLY
0,48.0855,t795,LIDAR_ONLY,10.6685,10.6685,10.5868,0.0818,0.0818,0.7723,0.7723,1,1,11.38,0.97,cautious,-3.79,front,LIDAR_ONLY
0,48.1428,cam_2,CAM_ONLY,19.2754,,10.5868,8.6886,,82.0699,,0,,13.79,1.21,warning,1.61,,CAMERA_ONLY
0,48.1428,t806,LIDAR_ONLY,11.9853,11.9853,68.3520,56.3667,56.3667,82.4653,82.4653,0,0,13.79,1.21,cautious,25.38,front,LIDAR_ONLY
0,48.1428,t806,LIDAR_ONLY,10.6827,10.6827,68.3520,57.6693,57.6693,84.3710,84.3710,0,0,13.79,1.21,cautious,29.49,front,LIDAR_ONLY
0,48.1428,t806,LIDAR_ONLY,11.0485,11.0485,68.3520,57.3035,57.3035,83.8359,83.8359,0,0,13.79,1.21,cautious,21.27,front,LIDAR_ONLY
0,48.2078,cam_2,CAM_ONLY,19.8512,,10.5863,9.2649,,87.5178,,0,,17.44,1.18,safe,1.61,,CAMERA_ONLY
0,48.2725,cam_2,CAM_ONLY,19.2871,,10.5853,8.7019,,82.2072,,0,,13.89,0.92,warning,1.61,,CAMERA_ONLY
0,48.3381,cam_2,CAM_ONLY,19.2905,,10.5844,8.7061,,82.2545,,0,,11.85,1.01,warning,1.61,,CAMERA_ONLY
0,48.3381,t806,LIDAR_ONLY,11.1176,11.1176,68.3502,57.2326,57.2326,83.7343,83.7343,0,0,11.85,1.01,cautious,28.57,front,LIDAR_ONLY
0,48.3381,t806,LIDAR_ONLY,11.2669,11.2669,68.3502,57.0833,57.0833,83.5159,83.5159,0,0,11.85,1.01,cautious,24.38,front,LIDAR_ONLY
0,48.3381,t813,LIDAR_ONLY,10.6566,10.6566,10.5844,0.0722,0.0722,0.6821,0.6821,1,1,11.85,1.01,cautious,3.46,front,LIDAR_ONLY
0,48.4032,cam_2,CAM_ONLY,19.3099,,10.5844,8.7255,,82.4372,,0,,16.04,1.17,warning,1.61,,CAMERA_ONLY
0,48.4702,cam_2,CAM_ONLY,19.3236,,10.5844,8.7392,,82.5671,,0,,14.90,1.02,warning,1.61,,CAMERA_ONLY
0,48.5326,cam_2,CAM_ONLY,19.3008,,10.5844,8.7164,,82.3514,,0,,16.16,0.94,warning,1.61,,CAMERA_ONLY
0,48.5326,t813,LIDAR_ONLY,10.6740,10.6740,10.5844,0.0896,0.0896,0.8462,0.8462,1,1,16.16,0.94,cautious,-3.32,front,LIDAR_ONLY
0,48.5326,t813,LIDAR_ONLY,10.6847,10.6847,10.5844,0.1004,0.1004,0.9481,0.9481,1,1,16.16,0.94,cautious,0.92,front,LIDAR_ONLY
0,48.5972,cam_2,CAM_ONLY,19.3943,,10.5844,8.8099,,83.2347,,0,,14.56,1.12,warning,1.61,,CAMERA_ONLY
0,48.6584,cam_2,CAM_ONLY,19.2654,,10.5844,8.6810,,82.0167,,0,,13.73,0.98,warning,1.61,,CAMERA_ONLY
0,48.7432,cam_2,CAM_ONLY,19.7607,,10.5844,9.1763,,86.6963,,0,,22.42,1.45,safe,1.61,,CAMERA_ONLY
0,48.8024,cam_2,CAM_ONLY,19.2175,,10.5846,8.6329,,81.5606,,0,,16.10,1.13,warning,1.61,,CAMERA_ONLY
0,48.8648,cam_2,CAM_ONLY,19.2551,,10.5844,8.6707,,81.9192,,0,,11.74,1.12,warning,1.61,,CAMERA_ONLY
0,48.9362,cam_2,CAM_ONLY,19.2432,,10.5844,8.6588,,81.8070,,0,,18.23,1.47,warning,1.61,,CAMERA_ONLY
0,48.9944,t830,BOTH,19.2554,24.4298,10.5844,8.6710,13.8454,81.9221,130.8089,0,0,11.34,1.25,warning,1.61,,FULL_ANGLE
0,48.9944,t828,LIDAR_ONLY,12.4673,12.4673,,,,,,,,11.34,1.25,cautious,24.62,front,LIDAR_ONLY
0,48.9944,t828,LIDAR_ONLY,11.3339,11.3339,,,,,,,,11.34,1.25,cautious,28.78,front,LIDAR_ONLY
0,48.9944,t831,LIDAR_ONLY,10.7318,10.7318,10.5844,0.1474,0.1474,1.3924,1.3924,1,1,11.34,1.25,cautious,-0.29,front,LIDAR_ONLY
0,48.9944,t831,LIDAR_ONLY,10.6902,10.6902,10.5844,0.1058,0.1058,0.9996,0.9996,1,1,11.34,1.25,cautious,3.86,front,LIDAR_ONLY
0,49.0557,cam_2,CAM_ONLY,19.3605,,10.5844,8.7760,,82.9147,,0,,12.87,1.35,warning,1.61,,CAMERA_ONLY
0,49.1195,cam_2,CAM_ONLY,19.4336,,10.5844,8.8492,,83.6055,,0,,19.85,2.04,warning,1.61,,CAMERA_ONLY
0,49.1968,cam_2,CAM_ONLY,19.4551,,10.5844,8.8706,,83.8085,,0,,20.83,1.97,warning,1.61,,CAMERA_ONLY
0,49.2617,cam_2,CAM_ONLY,19.4186,,10.5844,8.8342,,83.4638,,0,,13.92,0.80,warning,1.61,,CAMERA_ONLY
0,49.3285,cam_2,CAM_ONLY,19.4117,,10.5844,8.8273,,83.3989,,0,,16.41,1.16,warning,1.61,,CAMERA_ONLY
0,49.3834,cam_2,CAM_ONLY,19.3904,,10.5844,8.8059,,83.1972,,0,,9.98,0.97,warning,1.61,,CAMERA_ONLY
0,49.3834,t839,LIDAR_ONLY,10.6653,10.6653,10.5844,0.0809,0.0809,0.7643,0.7643,1,1,9.98,0.97,cautious,2.86,front,LIDAR_ONLY
0,49.3834,t839,LIDAR_ONLY,10.6745,10.6745,10.5844,0.0901,0.0901,0.8509,0.8509,1,1,9.98,0.97,cautious,-1.26,front,LIDAR_ONLY
0,49.4389,cam_2,CAM_ONLY,19.4401,,10.5844,8.8556,,83.6668,,0,,8.68,0.91,warning,1.61,,CAMERA_ONLY
0,49.4389,t840,LIDAR_ONLY,12.5784,12.5784,68.3502,55.7717,55.7717,81.5971,81.5971,0,0,8.68,0.91,cautious,24.46,front,LIDAR_ONLY
0,49.4389,t840,LIDAR_ONLY,13.2333,13.2333,68.3502,55.1169,55.1169,80.6390,80.6390,0,0,8.68,0.91,cautious,20.37,front,LIDAR_ONLY
0,49.4389,t839,LIDAR_ONLY,10.6949,10.6949,10.5844,0.1105,0.1105,1.0441,1.0441,1,1,8.68,0.91,cautious,-4.17,front,LIDAR_ONLY
0,49.4389,t839,LIDAR_ONLY,10.7016,10.7016,10.5844,0.1172,0.1172,1.1070,1.1070,1,1,8.68,0.91,cautious,4.01,front,LIDAR_ONLY
0,49.4958,cam_2,CAM_ONLY,19.3749,,10.5844,8.7905,,83.0515,,0,,10.54,1.32,warning,1.61,,CAMERA_ONLY
0,49.4958,t840,LIDAR_ONLY,13.3810,13.3810,68.3502,54.9691,54.9691,80.4228,80.4228,0,0,10.54,1.32,cautious,26.79,front,LIDAR_ONLY
0,49.4958,t840,LIDAR_ONLY,13.7615,13.7615,68.3502,54.5887,54.5887,79.8662,79.8662,0,0,10.54,1.32,cautious,18.62,front,LIDAR_ONLY
0,49.4958,t840,LIDAR_ONLY,13.9691,13.9691,68.3502,54.3810,54.3810,79.5624,79.5624,0,0,10.54,1.32,cautious,22.71,front,LIDAR_ONLY
0,49.5561,cam_2,CAM_ONLY,19.4627,,10.5844,8.8783,,83.8810,,0,,12.74,1.18,warning,1.61,,CAMERA_ONLY
0,49.6172,cam_2,CAM_ONLY,19.3567,,10.5844,8.7723,,82.8789,,0,,12.53,0.92,warning,1.61,,CAMERA_ONLY
0,49.6766,cam_2,CAM_ONLY,19.3020,,10.5844,8.7175,,82.3620,,0,,9.35,0.98,warning,1.61,,CAMERA_ONLY
0,49.6766,t848,LIDAR_ONLY,10.7312,10.7312,10.5844,0.1468,0.1468,1.3870,1.3870,1,1,9.35,0.98,cautious,-0.27,front,LIDAR_ONLY
0,49.6766,t848,LIDAR_ONLY,10.6747,10.6747,10.5844,0.0903,0.0903,0.8528,0.8528,1,1,9.35,0.98,cautious,3.85,front,LIDAR_ONLY
0,49.7328,cam_2,CAM_ONLY,19.4187,,10.5844,8.8343,,83.4649,,0,,12.35,1.11,warning,1.61,,CAMERA_ONLY
0,49.7328,t849,LIDAR_ONLY,14.3692,14.3692,68.3502,53.9810,53.9810,78.9771,78.9771,0,0,12.35,1.11,cautious,22.16,front,LIDAR_ONLY
0,49.7328,t849,LIDAR_ONLY,12.7456,12.7456,68.3502,55.6046,55.6046,81.3525,81.3525,0,0,12.35,1.11,cautious,26.26,front,LIDAR_ONLY
0,49.7328,t849,LIDAR_ONLY,13.4166,13.4166,68.3502,54.9335,54.9335,80.3707,80.3707,0,0,12.35,1.11,cautious,18.06,front,LIDAR_ONLY
0,49.7328,t848,LIDAR_ONLY,10.6864,10.6864,10.5844,0.1019,0.1019,0.9631,0.9631,1,1,12.35,1.11,cautious,-2.44,front,LIDAR_ONLY
0,49.7328,t848,LIDAR_ONLY,10.6929,10.6929,10.5844,0.1085,0.1085,1.0250,1.0250,1,1,12.35,1.11,cautious,1.66,front,LIDAR_ONLY
0,49.7328,t848,LIDAR_ONLY,10.6865,10.6865,10.5844,0.1021,0.1021,0.9643,0.9643,1,1,12.35,1.11,cautious,5.76,front,LIDAR_ONLY
0,49.7959,cam_2,CAM_ONLY,19.4801,,10.5844,8.8956,,84.0448,,0,,19.80,1.21,warning,1.61,,CAMERA_ONLY
0,49.7959,t852,LIDAR_ONLY,10.5077,10.5077,,,,,,,,19.80,1.21,cautious,28.14,front,LIDAR_ONLY
0,49.8656,cam_2,CAM_ONLY,19.4715,,10.5844,8.8871,,83.9637,,0,,13.19,0.94,warning,1.61,,CAMERA_ONLY
0,49.9309,cam_2,CAM_ONLY,19.4220,,10.5844,8.8376,,83.4966,,0,,18.48,0.87,warning,1.61,,CAMERA_ONLY
0,49.9947,cam_2,CAM_ONLY,19.4568,,10.5844,8.8724,,83.8250,,0,,14.82,1.19,warning,1.61,,CAMERA_ONLY
0,49.9947,t852,LIDAR_ONLY,10.1731,10.1731,,,,,,,,14.82,1.19,cautious,29.66,front,LIDAR_ONLY
0,50.0491,cam_2,CAM_ONLY,19.3423,,10.5844,8.7579,,82.7431,,0,,9.28,1.40,warning,1.61,,CAMERA_ONLY
0,50.0491,t852,LIDAR_ONLY,10.0957,10.0957,,,,,,,,9.28,1.40,cautious,29.56,front,LIDAR_ONLY
0,50.0491,t852,LIDAR_ONLY,10.1704,10.1704,,,,,,,,9.28,1.40,cautious,25.44,front,LIDAR_ONLY
0,50.1092,cam_2,CAM_ONLY,19.4426,,10.5844,8.8581,,83.6904,,0,,12.15,1.04,warning,1.61,,CAMERA_ONLY
0,50.1801,cam_2,CAM_ONLY,19.4219,,10.5844,8.8375,,83.4950,,0,,12.81,1.03,warning,1.61,,CAMERA_ONLY
0,50.1801,t860,LIDAR_ONLY,10.8418,10.8418,10.5844,0.2574,0.2574,2.4318,2.4318,1,1,12.81,1.03,cautious,-3.45,front,LIDAR_ONLY
0,50.1801,t860,LIDAR_ONLY,10.7569,10.7569,10.5844,0.1724,0.1724,1.6293,1.6293,1,1,12.81,1.03,cautious,0.75,front,LIDAR_ONLY
0,50.1801,t860,LIDAR_ONLY,10.7090,10.7090,10.5844,0.1246,0.1246,1.1775,1.1775,1,1,12.81,1.03,cautious,4.95,front,LIDAR_ONLY
0,50.2508,cam_2,CAM_ONLY,19.3455,,10.5844,8.7611,,82.7737,,0,,18.58,1.10,warning,1.61,,CAMERA_ONLY
0,50.3208,cam_2,CAM_ONLY,19.4440,,10.5844,8.8595,,83.7037,,0,,17.77,1.09,warning,1.61,,CAMERA_ONLY
0,50.3961,cam_2,CAM_ONLY,19.5361,,10.5844,8.9517,,84.5740,,0,,20.63,1.03,warning,1.61,,CAMERA_ONLY
0,50.4707,cam_2,CAM_ONLY,19.5027,,10.5844,8.9183,,84.2585,,0,,20.61,0.95,warning,1.61,,CAMERA_ONLY
0,50.5273,cam_2,CAM_ONLY,19.3495,,10.5844,8.7651,,82.8115,,0,,12.80,1.02,warning,1.61,,CAMERA_ONLY
0,50.5950,cam_2,CAM_ONLY,19.3949,,10.5844,8.8104,,83.2397,,0,,15.70,2.63,warning,1.61,,CAMERA_ONLY
0,50.5950,t868,LIDAR_ONLY,12.3118,12.3118,,,,,,,,15.70,2.63,cautious,24.86,front,LIDAR_ONLY
0,50.5950,t868,LIDAR_ONLY,12.7705,12.7705,,,,,,,,15.70,2.63,cautious,20.73,front,LIDAR_ONLY
0,50.5950,t868,LIDAR_ONLY,12.4975,12.4975,,,,,,,,15.70,2.63,cautious,28.99,front,LIDAR_ONLY
0,50.5950,t870,LIDAR_ONLY,10.6472,10.6472,10.5844,0.0628,0.0628,0.5933,0.5933,1,1,15.70,2.63,cautious,4.22,front,LIDAR_ONLY
0,50.5950,t870,LIDAR_ONLY,10.6562,10.6562,10.5844,0.0718,0.0718,0.6786,0.6786,1,1,15.70,2.63,cautious,0.10,front,LIDAR_ONLY
0,50.6571,cam_2,CAM_ONLY,19.3139,,10.5844,8.7295,,82.4747,,0,,11.88,0.84,warning,1.61,,CAMERA_ONLY
0,50.7245,cam_2,CAM_ONLY,19.4252,,10.5844,8.8408,,83.5262,,0,,19.03,1.72,warning,1.61,,CAMERA_ONLY
0,50.7868,cam_2,CAM_ONLY,19.4434,,10.5844,8.8590,,83.6984,,0,,9.11,0.94,warning,1.61,,CAMERA_ONLY
0,50.7868,t870,LIDAR_ONLY,10.6744,10.6744,10.5844,0.0900,0.0900,0.8504,0.8504,1,1,9.11,0.94,cautious,-4.11,front,LIDAR_ONLY
0,50.7868,t870,LIDAR_ONLY,10.6818,10.6818,10.5844,0.0974,0.0974,0.9200,0.9200,1,1,9.11,0.94,cautious,3.97,front,LIDAR_ONLY
0,50.8534,cam_2,CAM_ONLY,19.4072,,10.5844,8.8228,,83.3568,,0,,16.65,1.27,warning,1.61,,CAMERA_ONLY
0,50.9152,cam_2,CAM_ONLY,19.5263,,10.5844,8.9419,,84.4817,,0,,16.49,0.78,warning,1.61,,CAMERA_ONLY
0,50.9827,cam_2,CAM_ONLY,19.4634,,10.5844,8.8790,,83.8872,,0,,15.49,0.89,warning,1.61,,CAMERA_ONLY
0,50.9827,t870,LIDAR_ONLY,10.6940,10.6940,10.5844,0.1096,0.1096,1.0353,1.0353,1,1,15.49,0.89,cautious,-2.64,front,LIDAR_ONLY
0,51.0438,cam_2,CAM_ONLY,19.4910,,10.5844,8.9066,,84.1480,,0,,11.61,1.19,warning,1.61,,CAMERA_ONLY
0,51.0438,t877,LIDAR_ONLY,17.4001,17.4001,,,,,,,,11.61,1.19,drive,19.56,front,LIDAR_ONLY
0,51.0438,t877,LIDAR_ONLY,13.9797,13.9797,,,,,,,,11.61,1.19,cautious,27.88,front,LIDAR_ONLY
0,51.0438,t870,LIDAR_ONLY,10.7034,10.7034,10.5844,0.1190,0.1190,1.1241,1.1241,1,1,11.61,1.19,cautious,2.93,front,LIDAR_ONLY
0,51.0438,t870,LIDAR_ONLY,10.7381,10.7381,10.5844,0.1537,0.1537,1.4524,1.4524,1,1,11.61,1.19,cautious,7.09,front,LIDAR_ONLY
0,51.1141,cam_2,CAM_ONLY,19.4015,,10.5844,8.8171,,83.3026,,0,,14.17,0.86,warning,1.61,,CAMERA_ONLY
0,51.1863,cam_2,CAM_ONLY,19.3395,,10.5844,8.7551,,82.7166,,0,,20.11,0.97,warning,1.61,,CAMERA_ONLY
0,51.1863,t877,LIDAR_ONLY,14.0136,14.0136,,,,,,,,20.11,0.97,cautious,22.22,front,LIDAR_ONLY
0,51.1863,t877,LIDAR_ONLY,13.5358,13.5358,,,,,,,,20.11,0.97,cautious,26.25,front,LIDAR_ONLY
0,51.1863,t870,LIDAR_ONLY,10.7580,10.7580,10.5844,0.1735,0.1735,1.6396,1.6396,1,1,20.11,0.97,cautious,-2.00,front,LIDAR_ONLY
0,51.1863,t870,LIDAR_ONLY,10.7674,10.7674,10.5844,0.1830,0.1830,1.7287,1.7287,1,1,20.11,0.97,cautious,6.08,front,LIDAR_ONLY
0,51.2518,cam_2,CAM_ONLY,19.2903,,10.5844,8.7059,,82.2517,,0,,14.33,1.17,warning,1.61,,CAMERA_ONLY
0,51.3161,cam_2,CAM_ONLY,19.4617,,10.5844,8.8773,,83.8711,,0,,14.50,0.98,warning,1.61,,CAMERA_ONLY
0,51.3727,cam_2,CAM_ONLY,19.3970,,10.5844,8.8126,,83.2600,,0,,9.98,1.10,warning,1.61,,CAMERA_ONLY
0,51.4362,cam_2,CAM_ONLY,19.3538,,10.5844,8.7694,,82.8515,,0,,13.14,0.97,warning,1.61,,CAMERA_ONLY
0,51.4362,t887,LIDAR_ONLY,10.0807,10.0807,,,,,,,,13.14,0.97,cautious,29.09,front,LIDAR_ONLY
0,51.4362,t888,LIDAR_ONLY,22.8774,22.8774,68.3502,45.4728,45.4728,66.5291,66.5291,0,0,13.14,0.97,drive,16.86,front,LIDAR_ONLY
0,51.4362,t888,LIDAR_ONLY,18.6812,18.6812,68.3502,49.6689,49.6689,72.6683,72.6683,0,0,13.14,0.97,drive,20.94,front,LIDAR_ONLY
0,51.4362,t889,LIDAR_ONLY,10.8358,10.8358,10.5844,0.2514,0.2514,2.3753,2.3753,1,1,13.14,0.97,cautious,-3.51,front,LIDAR_ONLY
0,51.4362,t889,LIDAR_ONLY,10.7009,10.7009,10.5844,0.1164,0.1164,1.1001,1.1001,1,1,13.14,0.97,cautious,4.64,front,LIDAR_ONLY
0,51.4362,t889,LIDAR_ONLY,10.7016,10.7016,10.5844,0.1171,0.1171,1.1067,1.1067,1,1,13.14,0.97,cautious,0.56,front,LIDAR_ONLY
0,51.4979,cam_2,CAM_ONLY,19.4382,,10.5844,8.8538,,83.6491,,0,,10.38,1.21,warning,1.61,,CAMERA_ONLY
0,51.4979,t888,LIDAR_ONLY,16.3644,16.3644,68.3502,51.9858,51.9858,76.0580,76.0580,0,0,10.38,1.21,drive,24.79,front,LIDAR_ONLY
0,51.4979,t887,LIDAR_ONLY,10.0887,10.0887,,,,,,,,10.38,1.21,cautious,28.92,front,LIDAR_ONLY
0,51.5603,cam_2,CAM_ONLY,19.4290,,10.5844,8.8446,,83.5626,,0,,15.68,1.19,warning,1.61,,CAMERA_ONLY
0,51.6259,cam_2,CAM_ONLY,19.3334,,10.5844,8.7490,,82.6588,,0,,19.11,0.92,warning,1.61,,CAMERA_ONLY
0,51.6974,cam_2,CAM_ONLY,19.5197,,10.5844,8.9353,,84.4197,,0,,21.47,1.33,warning,1.61,,CAMERA_ONLY
0,51.6974,t887,LIDAR_ONLY,10.0410,10.0410,,,,,,,,21.47,1.33,cautious,29.43,front,LIDAR_ONLY
0,51.6974,t888,LIDAR_ONLY,14.8132,14.8132,,,,,,,,21.47,1.33,drive,25.35,front,LIDAR_ONLY
0,51.7621,cam_2,CAM_ONLY,19.5432,,10.5844,8.9588,,84.6411,,0,,13.74,1.10,warning,1.61,,CAMERA_ONLY
0,51.8255,cam_2,CAM_ONLY,19.3137,,10.5844,8.7292,,82.4725,,0,,13.79,1.25,warning,1.61,,CAMERA_ONLY
0,51.8921,cam_2,CAM_ONLY,19.3812,,10.5844,8.7968,,83.1111,,0,,14.94,1.28,warning,1.61,,CAMERA_ONLY
0,51.8921,t888,LIDAR_ONLY,14.7452,14.7452,68.3502,53.6049,53.6049,78.4269,78.4269,0,0,14.94,1.28,drive,22.00,front,LIDAR_ONLY
0,51.8921,t887,LIDAR_ONLY,10.1637,10.1637,,,,,,,,14.94,1.28,cautious,26.17,front,LIDAR_ONLY
0,51.8921,t901,LIDAR_ONLY,10.6372,10.6372,10.5844,0.0528,0.0528,0.4984,0.4984,1,1,14.94,1.28,cautious,5.32,front,LIDAR_ONLY
0,51.9582,cam_2,CAM_ONLY,19.4119,,10.5844,8.8275,,83.4012,,0,,10.80,1.21,warning,1.61,,CAMERA_ONLY
0,52.0204,cam_2,CAM_ONLY,19.4082,,10.5844,8.8238,,83.3657,,0,,15.12,1.19,warning,1.61,,CAMERA_ONLY
0,52.0798,cam_2,CAM_ONLY,19.3495,,10.5844,8.7651,,82.8113,,0,,12.33,1.00,warning,1.61,,CAMERA_ONLY
0,52.1413,cam_2,CAM_ONLY,19.3701,,10.5844,8.7857,,83.0058,,0,,13.32,1.32,warning,1.61,,CAMERA_ONLY
0,52.1413,t909,LIDAR_ONLY,17.4088,17.4088,,,,,,,,13.32,1.32,drive,19.56,front,LIDAR_ONLY
0,52.1413,t909,LIDAR_ONLY,14.9413,14.9413,,,,,,,,13.32,1.32,drive,23.71,front,LIDAR_ONLY
0,52.1413,t909,LIDAR_ONLY,13.1288,13.1288,,,,,,,,13.32,1.32,cautious,27.87,front,LIDAR_ONLY
0,52.1413,t910,LIDAR_ONLY,10.6643,10.6643,10.5844,0.0799,0.0799,0.7551,0.7551,1,1,13.32,1.32,cautious,2.93,front,LIDAR_ONLY
0,52.1413,t910,LIDAR_ONLY,10.7585,10.7585,10.5844,0.1741,0.1741,1.6447,1.6447,1,1,13.32,1.32,cautious,7.08,front,LIDAR_ONLY
0,52.2028,cam_2,CAM_ONLY,19.4746,,10.5844,8.8902,,83.9931,,0,,10.91,1.21,warning,1.61,,CAMERA_ONLY
0,52.2574,cam_2,CAM_ONLY,19.3214,,10.5844,8.7370,,82.5456,,0,,9.57,1.20,warning,1.61,,CAMERA_ONLY
0,52.3127,cam_2,CAM_ONLY,19.4414,,10.5844,8.8570,,83.6796,,0,,10.03,0.86,warning,1.61,,CAMERA_ONLY
0,52.3755,cam_2,CAM_ONLY,19.4226,,10.5844,8.8382,,83.5023,,0,,15.90,1.00,warning,1.61,,CAMERA_ONLY
0,52.4440,cam_2,CAM_ONLY,19.3986,,10.5844,8.8141,,83.2747,,0,,18.61,1.17,warning,1.61,,CAMERA_ONLY
0,52.5142,cam_2,CAM_ONLY,19.3793,,10.5844,8.7949,,83.0929,,0,,17.73,1.06,warning,1.61,,CAMERA_ONLY
0,52.5804,cam_2,CAM_ONLY,19.3586,,10.5844,8.7742,,82.8976,,0,,14.09,0.87,warning,1.61,,CAMERA_ONLY
0,52.6432,cam_2,CAM_ONLY,19.4987,,10.5844,8.9143,,84.2206,,0,,17.08,1.27,warning,1.61,,CAMERA_ONLY
0,52.6432,t923,LIDAR_ONLY,11.2980,11.2980,68.3502,57.0522,57.0522,83.4704,83.4704,0,0,17.08,1.27,cautious,26.56,front,LIDAR_ONLY
0,52.6432,t923,LIDAR_ONLY,11.6073,11.6073,68.3502,56.7428,56.7428,83.0179,83.0179,0,0,17.08,1.27,cautious,22.41,front,LIDAR_ONLY
0,52.6432,t923,LIDAR_ONLY,12.4069,12.4069,68.3502,55.9433,55.9433,81.8481,81.8481,0,0,17.08,1.27,cautious,18.25,front,LIDAR_ONLY
0,52.6990,cam_2,CAM_ONLY,19.3467,,10.5844,8.7623,,82.7852,,0,,12.92,0.98,warning,1.61,,CAMERA_ONLY
0,52.7623,cam_2,CAM_ONLY,19.4500,,10.5844,8.8656,,83.7604,,0,,18.73,1.03,warning,1.61,,CAMERA_ONLY
0,52.8238,cam_2,CAM_ONLY,19.4977,,10.5844,8.9132,,84.2109,,0,,12.97,1.32,warning,1.61,,CAMERA_ONLY
0,52.8816,cam_2,CAM_ONLY,19.4608,,10.5844,8.8764,,83.8627,,0,,9.33,0.72,warning,1.61,,CAMERA_ONLY
0,52.9371,cam_2,CAM_ONLY,19.3591,,10.5844,8.7746,,82.9015,,0,,10.88,0.90,warning,1.61,,CAMERA_ONLY
0,52.9371,t930,LIDAR_ONLY,16.0067,16.0067,68.3502,52.3434,52.3434,76.5813,76.5813,0,0,10.88,0.90,drive,20.52,front,LIDAR_ONLY
0,52.9371,t930,LIDAR_ONLY,14.1850,14.1850,68.3502,54.1651,54.1651,79.2465,79.2465,0,0,10.88,0.90,cautious,24.75,front,LIDAR_ONLY
0,52.9371,t931,LIDAR_ONLY,10.6549,10.6549,10.5844,0.0705,0.0705,0.6663,0.6663,1,1,10.88,0.90,cautious,3.59,front,LIDAR_ONLY
0,52.9913,cam_2,CAM_ONLY,19.4546,,10.5844,8.8702,,83.8041,,0,,11.07,1.22,warning,1.61,,CAMERA_ONLY
0,52.9913,t930,LIDAR_ONLY,14.5866,14.5866,,,,,,,,11.07,1.22,cautious,19.33,front,LIDAR_ONLY
0,52.9913,t930,LIDAR_ONLY,14.7606,14.7606,,,,,,,,11.07,1.22,cautious,23.49,front,LIDAR_ONLY
0,52.9913,t930,LIDAR_ONLY,14.0907,14.0907,,,,,,,,11.07,1.22,cautious,27.66,front,LIDAR_ONLY
0,52.9913,t931,LIDAR_ONLY,10.6660,10.6660,10.5844,0.0816,0.0816,0.7712,0.7712,1,1,11.07,1.22,cautious,-1.50,front,LIDAR_ONLY
0,52.9913,t931,LIDAR_ONLY,10.6707,10.6707,10.5844,0.0863,0.0863,0.8150,0.8150,1,1,11.07,1.22,cautious,2.67,front,LIDAR_ONLY
0,52.9913,t931,LIDAR_ONLY,10.6610,10.6610,10.5844,0.0766,0.0766,0.7237,0.7237,1,1,11.07,1.22,cautious,6.83,front,LIDAR_ONLY
0,53.0532,cam_2,CAM_ONLY,19.3976,,10.5844,8.8132,,83.2656,,0,,14.44,1.21,warning,1.61,,CAMERA_ONLY
0,53.1165,cam_2,CAM_ONLY,19.4214,,10.5844,8.8370,,83.4906,,0,,13.74,1.10,warning,1.61,,CAMERA_ONLY
0,53.1723,cam_2,CAM_ONLY,19.3735,,10.5844,8.7891,,83.0381,,0,,8.85,1.04,warning,1.61,,CAMERA_ONLY
0,53.2346,cam_2,CAM_ONLY,19.3443,,10.5844,8.7599,,82.7619,,0,,16.22,0.82,warning,1.61,,CAMERA_ONLY
0,53.2346,t939,LIDAR_ONLY,10.6582,10.6582,10.5844,0.0738,0.0738,0.6975,0.6975,1,1,16.22,0.82,cautious,3.34,front,LIDAR_ONLY
0,53.2977,cam_2,CAM_ONLY,19.5588,,10.5844,8.9744,,84.7886,,0,,15.68,0.97,warning,1.61,,CAMERA_ONLY
0,53.3574,cam_2,CAM_ONLY,19.4215,,10.5844,8.8371,,83.4912,,0,,12.58,1.17,warning,1.61,,CAMERA_ONLY
0,53.4242,cam_2,CAM_ONLY,19.3972,,10.5844,8.8128,,83.2618,,0,,19.27,1.24,warning,1.61,,CAMERA_ONLY
0,53.4902,cam_2,CAM_ONLY,19.3216,,10.5844,8.7372,,82.5474,,0,,16.16,1.21,warning,1.61,,CAMERA_ONLY
0,53.4902,t947,LIDAR_ONLY,10.3513,10.3513,68.3502,57.9988,57.9988,84.8554,84.8554,0,0,16.16,1.21,cautious,28.48,front,LIDAR_ONLY
0,53.4902,t947,LIDAR_ONLY,11.1232,11.1232,68.3502,57.2269,57.2269,83.7261,83.7261,0,0,16.16,1.21,cautious,20.38,front,LIDAR_ONLY
0,53.4902,t947,LIDAR_ONLY,11.6288,11.6288,68.3502,56.7214,56.7214,82.9865,82.9865,0,0,16.16,1.21,cautious,24.43,front,LIDAR_ONLY
0,53.5523,cam_2,CAM_ONLY,19.4332,,10.5844,8.8488,,83.6020,,0,,13.62,1.22,warning,1.61,,CAMERA_ONLY
0,53.6130,cam_2,CAM_ONLY,19.3646,,10.5844,8.7802,,82.9542,,0,,16.40,0.94,warning,1.61,,CAMERA_ONLY
0,53.6851,cam_2,CAM_ONLY,19.5452,,10.5844,8.9607,,84.6598,,0,,16.29,1.01,warning,1.61,,CAMERA_ONLY
0,53.6851,t950,LIDAR_ONLY,10.7498,10.7498,10.5844,0.1654,0.1654,1.5625,1.5625,1,1,16.29,1.01,cautious,-0.94,front,LIDAR_ONLY
0,53.6851,t950,LIDAR_ONLY,10.7056,10.7056,10.5844,0.1212,0.1212,1.1450,1.1450,1,1,16.29,1.01,cautious,3.07,front,LIDAR_ONLY
0,53.7432,cam_2,CAM_ONLY,19.5328,,10.5844,8.9484,,84.5430,,0,,14.56,1.19,warning,1.61,,CAMERA_ONLY
0,53.7432,t955,LIDAR_ONLY,16.8017,16.8017,68.3502,51.5485,51.5485,75.4183,75.4183,0,0,14.56,1.19,drive,19.96,front,LIDAR_ONLY
0,53.7432,t955,LIDAR_ONLY,14.2714,14.2714,68.3502,54.0787,54.0787,79.1201,79.1201,0,0,14.56,1.19,cautious,24.18,front,LIDAR_ONLY
0,53.8135,cam_2,CAM_ONLY,19.4054,,10.5844,8.8209,,83.3389,,0,,16.67,1.04,warning,1.61,,CAMERA_ONLY
0,53.8742,cam_2,CAM_ONLY,19.3680,,10.5844,8.7836,,82.9862,,0,,13.76,0.93,warning,1.61,,CAMERA_ONLY
0,53.9327,cam_2,CAM_ONLY,19.3306,,10.5844,8.7461,,82.6323,,0,,13.87,0.88,warning,1.61,,CAMERA_ONLY
0,53.9327,t959,LIDAR_ONLY,10.8752,10.8752,10.5844,0.2908,0.2908,2.7471,2.7471,1,1,13.87,0.88,cautious,-4.27,front,LIDAR_ONLY
0,53.9327,t959,LIDAR_ONLY,10.7524,10.7524,10.5844,0.1679,0.1679,1.5867,1.5867,1,1,13.87,0.88,cautious,3.82,front,LIDAR_ONLY
0,53.9934,cam_2,CAM_ONLY,19.4132,,10.5844,8.8288,,83.4128,,0,,9.74,1.16,warning,1.61,,CAMERA_ONLY
0,53.9934,t962,LIDAR_ONLY,10.2665,10.2665,68.3502,58.0837,58.0837,84.9796,84.9796,0,0,9.74,1.16,cautious,28.66,front,LIDAR_ONLY
0,53.9934,t962,LIDAR_ONLY,10.5404,10.5404,68.3502,57.8098,57.8098,84.5788,84.5788,0,0,9.74,1.16,cautious,24.61,front,LIDAR_ONLY
0,54.0553,cam_2,CAM_ONLY,19.4192,,10.5844,8.8347,,83.4692,,0,,13.32,1.22,warning,1.61,,CAMERA_ONLY
0,54.1105,cam_2,CAM_ONLY,19.3769,,10.5844,8.7925,,83.0701,,0,,10.01,0.99,warning,1.61,,CAMERA_ONLY
0,54.1681,cam_2,CAM_ONLY,19.4121,,10.5844,8.8277,,83.4030,,0,,12.89,0.86,warning,1.61,,CAMERA_ONLY
0,54.2285,cam_2,CAM_ONLY,19.3187,,10.5844,8.7343,,82.5203,,0,,14.15,0.89,warning,1.61,,CAMERA_ONLY
0,54.2934,cam_2,CAM_ONLY,19.5651,,10.5844,8.9807,,84.8484,,0,,14.60,1.26,warning,1.61,,CAMERA_ONLY
0,54.2934,t972,LIDAR_ONLY,12.0096,12.0096,,,,,,,,14.60,1.26,cautious,25.34,front,LIDAR_ONLY
0,54.2934,t972,LIDAR_ONLY,10.9366,10.9366,,,,,,,,14.60,1.26,cautious,29.57,front,LIDAR_ONLY
0,54.2934,t973,LIDAR_ONLY,22.8412,22.8412,68.3502,45.5089,45.5089,66.5821,66.5821,0,0,14.60,1.26,drive,16.88,front,LIDAR_ONLY
0,54.2934,t973,LIDAR_ONLY,17.8552,17.8552,68.3502,50.4950,50.4950,73.8769,73.8769,0,0,14.60,1.26,drive,21.11,front,LIDAR_ONLY
0,54.3568,cam_2,CAM_ONLY,19.4026,,10.5844,8.8182,,83.3130,,0,,13.10,1.21,warning,1.61,,CAMERA_ONLY
0,54.4229,cam_2,CAM_ONLY,19.3607,,10.5844,8.7763,,82.9170,,0,,14.25,1.04,warning,1.61,,CAMERA_ONLY
0,54.4859,cam_2,CAM_ONLY,19.5296,,10.5844,8.9452,,84.5131,,0,,13.27,0.96,warning,1.61,,CAMERA_ONLY
0,54.4859,t973,LIDAR_ONLY,16.3162,16.3162,68.3502,52.0340,52.0340,76.1286,76.1286,0,0,13.27,0.96,drive,24.02,front,LIDAR_ONLY
0,54.4859,t972,LIDAR_ONLY,10.7721,10.7721,,,,,,,,13.27,0.96,cautious,28.19,front,LIDAR_ONLY
0,54.4859,t980,LIDAR_ONLY,10.6606,10.6606,10.5844,0.0761,0.0761,0.7193,0.7193,1,1,13.27,0.96,cautious,3.18,front,LIDAR_ONLY
0,54.4859,t980,LIDAR_ONLY,10.6700,10.6700,10.5844,0.0856,0.0856,0.8089,0.8089,1,1,13.27,0.96,cautious,-0.99,front,LIDAR_ONLY
0,54.5548,cam_2,CAM_ONLY,19.4176,,10.5844,8.8332,,83.4550,,0,,14.21,2.41,warning,1.61,,CAMERA_ONLY
0,54.6214,cam_2,CAM_ONLY,19.3893,,10.5844,8.8049,,83.1877,,0,,12.49,1.14,warning,1.61,,CAMERA_ONLY
0,54.6913,cam_2,CAM_ONLY,19.4101,,10.5844,8.8256,,83.3833,,0,,17.22,1.36,warning,1.61,,CAMERA_ONLY
0,54.6913,t972,LIDAR_ONLY,10.8271,10.8271,,,,,,,,17.22,1.36,cautious,26.14,front,LIDAR_ONLY
0,54.6913,t973,LIDAR_ONLY,16.6034,16.6034,68.3502,51.7468,51.7468,75.7084,75.7084,0,0,17.22,1.36,drive,17.91,front,LIDAR_ONLY
0,54.6913,t980,LIDAR_ONLY,10.6765,10.6765,10.5844,0.0921,0.0921,0.8698,0.8698,1,1,17.22,1.36,cautious,1.46,front,LIDAR_ONLY
0,54.6913,t980,LIDAR_ONLY,10.6756,10.6756,10.5844,0.0912,0.0912,0.8617,0.8617,1,1,17.22,1.36,cautious,5.58,front,LIDAR_ONLY
0,54.6913,t973,LIDAR_ONLY,16.6789,16.6789,68.3502,51.6713,51.6713,75.5979,75.5979,0,0,17.22,1.36,drive,22.02,front,LIDAR_ONLY
0,54.6913,t980,LIDAR_ONLY,10.6806,10.6806,10.5844,0.0962,0.0962,0.9086,0.9086,1,1,17.22,1.36,cautious,-2.65,front,LIDAR_ONLY
0,54.7557,cam_2,CAM_ONLY,19.3421,,10.5844,8.7577,,82.7411,,0,,14.31,1.18,warning,1.61,,CAMERA_ONLY
0,54.8246,cam_2,CAM_ONLY,19.5712,,10.5844,8.9868,,84.9058,,0,,24.96,1.25,warning,1.61,,CAMERA_ONLY
0,54.8835,cam_2,CAM_ONLY,19.4695,,10.5844,8.8851,,83.9447,,0,,14.64,0.83,warning,1.61,,CAMERA_ONLY
0,54.8835,t980,LIDAR_ONLY,10.6852,10.6852,10.5844,0.1008,0.1008,0.9522,0.9522,1,1,14.64,0.83,cautious,2.35,front,LIDAR_ONLY
0,54.8835,t980,LIDAR_ONLY,10.6894,10.6894,10.5844,0.1050,0.1050,0.9916,0.9916,1,1,14.64,0.83,cautious,-1.80,front,LIDAR_ONLY
0,54.9419,cam_2,CAM_ONLY,19.3910,,10.5844,8.8066,,83.2031,,0,,10.46,1.28,warning,1.61,,CAMERA_ONLY
0,54.9419,t990,LIDAR_ONLY,11.7885,11.7885,,,,,,,,10.46,1.28,cautious,25.70,front,LIDAR_ONLY
0,54.9419,t990,LIDAR_ONLY,13.0449,13.0449,,,,,,,,10.46,1.28,cautious,17.49,front,LIDAR_ONLY
0,54.9419,t990,LIDAR_ONLY,13.7944,13.7944,,,,,,,,10.46,1.28,cautious,21.60,front,LIDAR_ONLY
0,54.9419,t990,LIDAR_ONLY,13.8173,13.8173,,,,,,,,10.46,1.28,cautious,29.80,front,LIDAR_ONLY
0,54.9419,t980,LIDAR_ONLY,10.6930,10.6930,10.5844,0.1086,0.1086,1.0259,1.0259,1,1,10.46,1.28,cautious,1.08,front,LIDAR_ONLY
0,54.9419,t980,LIDAR_ONLY,10.6945,10.6945,10.5844,0.1101,0.1101,1.0400,1.0400,1,1,10.46,1.28,cautious,5.18,front,LIDAR_ONLY
0,55.0054,cam_2,CAM_ONLY,19.4825,,10.5844,8.8981,,84.0674,,0,,13.50,1.34,warning,1.61,,CAMERA_ONLY
0,55.0707,cam_2,CAM_ONLY,19.4890,,10.5844,8.9046,,84.1295,,0,,16.65,1.05,warning,1.61,,CAMERA_ONLY
0,55.1372,cam_2,CAM_ONLY,19.5014,,10.5844,8.9170,,84.2468,,0,,18.67,1.29,warning,1.61,,CAMERA_ONLY
0,55.1372,t990,LIDAR_ONLY,12.8753,12.8753,68.3502,55.4749,55.4749,81.1627,81.1627,0,0,18.67,1.29,cautious,29.41,front,LIDAR_ONLY
0,55.1372,t997,LIDAR_ONLY,22.8735,22.8735,68.3502,45.4767,45.4767,66.5348,66.5348,0,0,18.67,1.29,drive,16.86,front,LIDAR_ONLY
0,55.1372,t990,LIDAR_ONLY,12.8908,12.8908,68.3502,55.4594,55.4594,81.1401,81.1401,0,0,18.67,1.29,cautious,25.23,front,LIDAR_ONLY
0,55.1372,t980,LIDAR_ONLY,10.6968,10.6968,10.5844,0.1124,0.1124,1.0619,1.0619,1,1,18.67,1.29,cautious,-4.05,front,LIDAR_ONLY
0,55.1372,t980,LIDAR_ONLY,10.7018,10.7018,10.5844,0.1174,0.1174,1.1089,1.1089,1,1,18.67,1.29,cautious,0.13,front,LIDAR_ONLY
0,55.1372,t980,LIDAR_ONLY,10.6927,10.6927,10.5844,0.1083,0.1083,1.0231,1.0231,1,1,18.67,1.29,cautious,4.31,front,LIDAR_ONLY
0,55.1372,t997,LIDAR_ONLY,19.1448,19.1448,68.3502,49.2054,49.2054,71.9901,71.9901,0,0,18.67,1.29,drive,21.05,front,LIDAR_ONLY
0,55.1999,cam_2,CAM_ONLY,19.4131,,10.5844,8.8287,,83.4124,,0,,18.09,1.13,warning,1.61,,CAMERA_ONLY
0,55.2659,cam_2,CAM_ONLY,19.3324,,10.5844,8.7480,,82.6496,,0,,15.28,0.85,warning,1.61,,CAMERA_ONLY
0,55.3296,cam_2,CAM_ONLY,19.5294,,10.5844,8.9449,,84.5104,,0,,18.55,0.85,warning,1.61,,CAMERA_ONLY
0,55.3964,cam_2,CAM_ONLY,19.3808,,10.5844,8.7964,,83.1069,,0,,19.02,1.99,warning,1.61,,CAMERA_ONLY
0,55.4666,cam_2,CAM_ONLY,19.5087,,10.5844,8.9243,,84.3154,,0,,16.24,0.93,warning,1.61,,CAMERA_ONLY
0,55.5243,cam_2,CAM_ONLY,19.3030,,10.5844,8.7185,,82.3715,,0,,13.79,1.01,warning,1.61,,CAMERA_ONLY
0,55.5896,cam_2,CAM_ONLY,19.4486,,10.5844,8.8642,,83.7476,,0,,15.34,1.11,warning,1.61,,CAMERA_ONLY
0,55.6581,cam_2,CAM_ONLY,19.3914,,10.5844,8.8070,,83.2074,,0,,19.25,1.18,warning,1.61,,CAMERA_ONLY
0,55.7272,cam_2,CAM_ONLY,19.4212,,10.5844,8.8368,,83.4889,,0,,19.58,1.03,warning,1.61,,CAMERA_ONLY
0,55.8152,cam_2,CAM_ONLY,19.4817,,10.5844,8.8973,,84.0600,,0,,20.80,0.82,warning,1.61,,CAMERA_ONLY
0,55.8768,cam_2,CAM_ONLY,19.4853,,10.5844,8.9008,,84.0939,,0,,9.56,0.83,warning,1.61,,CAMERA_ONLY
0,55.9344,cam_2,CAM_ONLY,19.4617,,10.5844,8.8773,,83.8714,,0,,12.69,0.86,warning,1.61,,CAMERA_ONLY
0,55.9344,t1010,LIDAR_ONLY,10.7093,10.7093,10.5844,0.1249,0.1249,1.1797,1.1797,1,1,12.69,0.86,cautious,0.61,front,LIDAR_ONLY
0,55.9344,t1010,LIDAR_ONLY,10.6694,10.6694,10.5844,0.0850,0.0850,0.8027,0.8027,1,1,12.69,0.86,cautious,4.62,front,LIDAR_ONLY
0,55.9986,cam_2,CAM_ONLY,19.3558,,10.5844,8.7714,,82.8706,,0,,12.55,1.05,warning,1.61,,CAMERA_ONLY
0,56.0625,cam_2,CAM_ONLY,19.3279,,10.5844,8.7435,,82.6070,,0,,15.69,1.13,warning,1.61,,CAMERA_ONLY
0,56.1210,cam_2,CAM_ONLY,19.3786,,10.5844,8.7941,,83.0857,,0,,13.97,1.22,warning,1.61,,CAMERA_ONLY
0,56.1780,cam_2,CAM_ONLY,19.5178,,10.5844,8.9334,,84.4011,,0,,13.39,1.01,warning,1.61,,CAMERA_ONLY
0,56.2434,cam_2,CAM_ONLY,19.4744,,10.5844,8.8900,,83.9911,,0,,14.33,1.14,warning,1.61,,CAMERA_ONLY
0,56.3064,cam_2,CAM_ONLY,19.4732,,10.5844,8.8888,,83.9803,,0,,13.48,1.21,warning,1.61,,CAMERA_ONLY
0,56.3664,cam_2,CAM_ONLY,19.5015,,10.5844,8.9171,,84.2472,,0,,12.89,1.00,warning,1.61,,CAMERA_ONLY
0,56.4242,cam_2,CAM_ONLY,19.4091,,10.5844,8.8246,,83.3739,,0,,12.36,1.12,warning,1.61,,CAMERA_ONLY
0,56.4795,cam_2,CAM_ONLY,19.5534,,10.5844,8.9690,,84.7375,,0,,11.57,0.81,warning,1.61,,CAMERA_ONLY
0,56.5479,cam_2,CAM_ONLY,19.4051,,10.5844,8.8207,,83.3366,,0,,17.38,1.02,warning,1.61,,CAMERA_ONLY
0,56.6155,cam_2,CAM_ONLY,19.4010,,10.5844,8.8166,,83.2979,,0,,17.26,0.83,warning,1.61,,CAMERA_ONLY
0,56.6846,cam_2,CAM_ONLY,19.3705,,10.5844,8.7861,,83.0100,,0,,20.61,0.92,warning,1.61,,CAMERA_ONLY
0,56.6846,t1029,LIDAR_ONLY,14.4318,14.4318,68.3502,53.9183,53.9183,78.8854,78.8854,0,0,20.61,0.92,cautious,22.09,front,LIDAR_ONLY
0,56.6846,t1030,LIDAR_ONLY,10.8050,10.8050,10.5844,0.2206,0.2206,2.0838,2.0838,1,1,20.61,0.92,cautious,-2.67,front,LIDAR_ONLY
0,56.6846,t1030,LIDAR_ONLY,10.7343,10.7343,10.5844,0.1499,0.1499,1.4164,1.4164,1,1,20.61,0.92,cautious,1.46,front,LIDAR_ONLY
0,56.6846,t1030,LIDAR_ONLY,10.6983,10.6983,10.5844,0.1139,0.1139,1.0762,1.0762,1,1,20.61,0.92,cautious,5.58,front,LIDAR_ONLY
0,56.7457,cam_2,CAM_ONLY,19.3364,,10.5844,8.7520,,82.6872,,0,,12.97,1.02,warning,1.61,,CAMERA_ONLY
0,56.8148,cam_2,CAM_ONLY,19.4711,,10.5844,8.8866,,83.9597,,0,,15.97,1.53,warning,1.61,,CAMERA_ONLY
0,56.8839,cam_2,CAM_ONLY,19.4955,,10.5844,8.9111,,84.1903,,0,,19.97,1.25,warning,1.61,,CAMERA_ONLY
0,56.8839,t1029,LIDAR_ONLY,11.5752,11.5752,,,,,,,,19.97,1.25,cautious,29.22,front,LIDAR_ONLY
0,56.8839,t1034,LIDAR_ONLY,22.4086,22.4086,68.3502,45.9416,45.9416,67.2151,67.2151,0,0,19.97,1.25,drive,17.04,front,LIDAR_ONLY
0,56.8839,t1034,LIDAR_ONLY,18.4952,18.4952,68.3502,49.8549,49.8549,72.9405,72.9405,0,0,19.97,1.25,drive,21.10,front,LIDAR_ONLY
0,56.8839,t1034,LIDAR_ONLY,15.9243,15.9243,68.3502,52.4258,52.4258,76.7018,76.7018,0,0,19.97,1.25,drive,25.16,front,LIDAR_ONLY
0,56.8839,t1030,LIDAR_ONLY,10.7080,10.7080,10.5844,0.1236,0.1236,1.1676,1.1676,1,1,19.97,1.25,cautious,-3.26,front,LIDAR_ONLY
0,56.9668,cam_2,CAM_ONLY,19.3740,,10.5844,8.7896,,83.0426,,0,,26.48,1.49,warning,1.61,,CAMERA_ONLY
0,57.0554,cam_2,CAM_ONLY,19.5671,,10.5844,8.9827,,84.8672,,0,,20.05,1.50,warning,1.61,,CAMERA_ONLY
0,57.0554,t1034,LIDAR_ONLY,15.2459,15.2459,68.3502,53.1043,53.1043,77.6945,77.6945,0,0,20.05,1.50,drive,23.13,front,LIDAR_ONLY
0,57.0554,t1029,LIDAR_ONLY,11.4142,11.4142,,,,,,,,20.05,1.50,cautious,27.19,front,LIDAR_ONLY
0,57.0554,t1034,LIDAR_ONLY,15.4160,15.4160,68.3502,52.9342,52.9342,77.4456,77.4456,0,0,20.05,1.50,drive,19.06,front,LIDAR_ONLY
0,57.1093,cam_2,CAM_ONLY,19.3714,,10.5844,8.7870,,83.0183,,0,,10.43,1.07,warning,1.61,,CAMERA_ONLY
0,57.1621,cam_2,CAM_ONLY,19.3814,,10.5844,8.7969,,83.1123,,0,,9.56,0.94,warning,1.61,,CAMERA_ONLY
0,57.2223,cam_2,CAM_ONLY,19.3601,,10.5844,8.7757,,82.9118,,0,,12.68,0.95,warning,1.61,,CAMERA_ONLY
0,57.2910,cam_2,CAM_ONLY,19.3338,,10.5844,8.7494,,82.6626,,0,,19.79,1.23,warning,1.61,,CAMERA_ONLY
0,57.2910,t1044,LIDAR_ONLY,13.4471,13.4471,68.3502,54.9031,54.9031,80.3262,80.3262,0,0,19.79,1.23,cautious,23.27,front,LIDAR_ONLY
0,57.2910,t1044,LIDAR_ONLY,12.1732,12.1732,68.3502,56.1770,56.1770,82.1900,82.1900,0,0,19.79,1.23,cautious,27.29,front,LIDAR_ONLY
0,57.2910,t1044,LIDAR_ONLY,12.5979,12.5979,68.3502,55.7522,55.7522,81.5685,81.5685,0,0,19.79,1.23,cautious,19.25,front,LIDAR_ONLY
0,57.2910,t1046,LIDAR_ONLY,10.6607,10.6607,10.5844,0.0763,0.0763,0.7205,0.7205,1,1,19.79,1.23,cautious,3.17,front,LIDAR_ONLY
0,57.3652,cam_2,CAM_ONLY,19.3945,,10.5844,8.8101,,83.2364,,0,,20.42,0.93,warning,1.61,,CAMERA_ONLY
0,57.4277,cam_2,CAM_ONLY,19.3677,,10.5844,8.7833,,82.9831,,0,,16.84,0.79,warning,1.61,,CAMERA_ONLY
0,57.4922,cam_2,CAM_ONLY,19.4955,,10.5844,8.9111,,84.1909,,0,,15.00,1.27,warning,1.61,,CAMERA_ONLY
0,57.5725,cam_2,CAM_ONLY,19.5146,,10.5844,8.9301,,84.3706,,0,,22.10,1.20,warning,1.61,,CAMERA_ONLY
0,57.6284,t1051,BOTH,19.3976,24.9468,10.5844,8.8132,14.3624,83.2658,135.6936,0,0,9.08,0.87,warning,1.61,,FULL_ANGLE
0,57.6284,t1052,LIDAR_ONLY,10.7284,10.7284,10.5844,0.1440,0.1440,1.3603,1.3603,1,1,9.08,0.87,cautious,-0.16,front,LIDAR_ONLY
0,57.6284,t1052,LIDAR_ONLY,10.6826,10.6826,10.5844,0.0981,0.0981,0.9272,0.9272,1,1,9.08,0.87,cautious,3.92,front,LIDAR_ONLY
0,57.6793,cam_2,CAM_ONLY,19.3846,,10.5844,8.8002,,83.1427,,0,,9.17,1.19,warning,1.61,,CAMERA_ONLY
0,57.7324,cam_2,CAM_ONLY,19.4016,,10.5844,8.8172,,83.3039,,0,,8.84,0.77,warning,1.61,,CAMERA_ONLY
0,57.8008,cam_2,CAM_ONLY,19.3370,,10.5844,8.7526,,82.6935,,0,,12.73,1.02,warning,1.61,,CAMERA_ONLY
0,57.8709,cam_2,CAM_ONLY,19.2862,,10.5844,8.7018,,82.2131,,0,,20.69,0.91,warning,1.61,,CAMERA_ONLY
0,57.9323,cam_2,CAM_ONLY,19.3438,,10.5844,8.7594,,82.7575,,0,,14.20,0.84,warning,1.61,,CAMERA_ONLY
0,57.9323,t1056,LIDAR_ONLY,10.6506,10.6506,10.5844,0.0662,0.0662,0.6252,0.6252,1,1,14.20,0.84,cautious,3.93,front,LIDAR_ONLY
0,57.9323,t1056,LIDAR_ONLY,10.6602,10.6602,10.5844,0.0758,0.0758,0.7159,0.7159,1,1,14.20,0.84,cautious,-0.18,front,LIDAR_ONLY
0,57.9912,t1059,BOTH,19.3701,26.0158,,,,,,,,11.78,1.11,warning,1.61,,FULL_ANGLE
0,57.9912,t1059,LIDAR_ONLY,21.0001,21.0001,,,,,,,,11.78,1.11,drive,19.82,front,LIDAR_ONLY
0,57.9912,t1056,LIDAR_ONLY,10.6791,10.6791,10.5844,0.0946,0.0946,0.8941,0.8941,1,1,11.78,1.11,cautious,-4.10,front,LIDAR_ONLY
0,57.9912,t1059,LIDAR_ONLY,18.9941,18.9941,,,,,,,,11.78,1.11,drive,23.81,front,LIDAR_ONLY
0,57.9912,t1056,LIDAR_ONLY,10.6874,10.6874,10.5844,0.1030,0.1030,0.9733,0.9733,1,1,11.78,1.11,cautious,3.87,front,LIDAR_ONLY
0,57.9912,t1059,LIDAR_ONLY,17.3053,17.3053,,,,,,,,11.78,1.11,drive,27.79,front,LIDAR_ONLY
0,58.0543,cam_2,CAM_ONLY,19.4505,,10.5844,8.8661,,83.7653,,0,,14.08,1.25,warning,1.61,,CAMERA_ONLY
0,58.1180,cam_2,CAM_ONLY,19.4388,,10.5844,8.8544,,83.6546,,0,,14.43,0.93,warning,1.61,,CAMERA_ONLY
0,58.1880,cam_2,CAM_ONLY,19.3794,,10.5844,8.7950,,83.0939,,0,,12.67,1.22,warning,1.61,,CAMERA_ONLY
0,58.1880,t1059,LIDAR_ONLY,16.4335,16.4335,,,,,,,,12.67,1.22,drive,23.61,front,LIDAR_ONLY
0,58.1880,t1059,LIDAR_ONLY,12.7740,12.7740,,,,,,,,12.67,1.22,cautious,27.80,front,LIDAR_ONLY
0,58.1880,t1056,LIDAR_ONLY,10.6914,10.6914,10.5844,0.1070,0.1070,1.0105,1.0105,1,1,12.67,1.22,cautious,2.64,front,LIDAR_ONLY
0,58.1880,t1056,LIDAR_ONLY,10.7035,10.7035,10.5844,0.1191,0.1191,1.1254,1.1254,1,1,12.67,1.22,cautious,-1.55,front,LIDAR_ONLY
0,58.2613,cam_2,CAM_ONLY,19.4603,,10.5844,8.8759,,83.8580,,0,,20.93,0.91,warning,1.61,,CAMERA_ONLY
0,58.3262,cam_2,CAM_ONLY,19.4353,,10.5844,8.8509,,83.6218,,0,,13.40,0.99,warning,1.61,,CAMERA_ONLY
0,58.3788,cam_2,CAM_ONLY,19.4171,,10.5844,8.8326,,83.4495,,0,,9.26,0.91,warning,1.61,,CAMERA_ONLY
0,58.4450,cam_2,CAM_ONLY,19.3785,,10.5844,8.7940,,83.0848,,0,,16.06,1.14,warning,1.61,,CAMERA_ONLY
0,58.5166,cam_2,CAM_ONLY,19.5593,,10.5844,8.9748,,84.7929,,0,,20.28,1.15,warning,1.61,,CAMERA_ONLY
0,58.5774,cam_2,CAM_ONLY,19.3758,,10.5844,8.7914,,83.0600,,0,,14.94,0.94,warning,1.61,,CAMERA_ONLY
0,58.6426,cam_2,CAM_ONLY,19.4026,,10.5844,8.8182,,83.3128,,0,,13.54,1.25,warning,1.61,,CAMERA_ONLY
0,58.6426,t1076,LIDAR_ONLY,14.2068,14.2068,,,,,,,,13.54,1.25,cautious,22.35,front,LIDAR_ONLY
0,58.6426,t1076,LIDAR_ONLY,12.9327,12.9327,,,,,,,,13.54,1.25,cautious,26.45,front,LIDAR_ONLY
0,58.6426,t1077,LIDAR_ONLY,10.6833,10.6833,10.5844,0.0989,0.0989,0.9339,0.9339,1,1,13.54,1.25,cautious,1.83,front,LIDAR_ONLY
0,58.7077,cam_2,CAM_ONLY,19.4711,,10.5844,8.8866,,83.9596,,0,,14.05,1.26,warning,1.61,,CAMERA_ONLY
0,58.7703,cam_2,CAM_ONLY,19.5016,,10.5844,8.9171,,84.2478,,0,,9.91,1.17,warning,1.61,,CAMERA_ONLY
0,58.8306,cam_2,CAM_ONLY,19.4625,,10.5844,8.8781,,83.8785,,0,,12.73,0.79,warning,1.61,,CAMERA_ONLY
0,58.8306,t1077,LIDAR_ONLY,10.6916,10.6916,10.5844,0.1072,0.1072,1.0128,1.0128,1,1,12.73,0.79,cautious,-0.76,front,LIDAR_ONLY
0,58.9043,cam_2,CAM_ONLY,19.4700,,10.5844,8.8856,,83.9496,,0,,12.28,1.24,warning,1.61,,CAMERA_ONLY
0,58.9875,cam_2,CAM_ONLY,19.4584,,10.5844,8.8740,,83.8405,,0,,18.16,1.05,warning,1.61,,CAMERA_ONLY
0,58.9875,t1085,LIDAR_ONLY,13.5272,13.5272,68.3502,54.8230,54.8230,80.2090,80.2090,0,0,18.16,1.05,cautious,23.17,front,LIDAR_ONLY
0,58.9875,t1085,LIDAR_ONLY,12.2479,12.2479,68.3502,56.1023,56.1023,82.0807,82.0807,0,0,18.16,1.05,cautious,27.15,front,LIDAR_ONLY
0,58.9875,t1085,LIDAR_ONLY,12.5898,12.5898,68.3502,55.7604,55.7604,81.5805,81.5805,0,0,18.16,1.05,cautious,19.18,front,LIDAR_ONLY
0,58.9875,t1077,LIDAR_ONLY,10.6847,10.6847,10.5844,0.1003,0.1003,0.9476,0.9476,1,1,18.16,1.05,cautious,3.23,front,LIDAR_ONLY
0,58.9875,t1077,LIDAR_ONLY,10.6880,10.6880,10.5844,0.1036,0.1036,0.9788,0.9788,1,1,18.16,1.05,cautious,-0.75,front,LIDAR_ONLY
0,59.0486,cam_2,CAM_ONLY,19.4377,,10.5844,8.8533,,83.6446,,0,,11.94,1.05,warning,1.61,,CAMERA_ONLY
0,59.1144,cam_2,CAM_ONLY,19.3768,,10.5844,8.7924,,83.0696,,0,,16.23,0.90,warning,1.61,,CAMERA_ONLY
0,59.1808,cam_2,CAM_ONLY,19.3487,,10.5844,8.7643,,82.8041,,0,,12.30,0.96,warning,1.61,,CAMERA_ONLY
0,59.2418,cam_2,CAM_ONLY,19.4441,,10.5844,8.8597,,83.7048,,0,,11.99,1.30,warning,1.61,,CAMERA_ONLY
0,59.2418,t1095,LIDAR_ONLY,18.3322,18.3322,68.3502,50.0180,50.0180,73.1790,73.1790,0,0,11.99,1.30,drive,18.99,front,LIDAR_ONLY
0,59.2418,t1095,LIDAR_ONLY,14.2334,14.2334,68.3502,54.1167,54.1167,79.1757,79.1757,0,0,11.99,1.30,cautious,27.34,front,LIDAR_ONLY
0,59.2418,t1095,LIDAR_ONLY,14.0818,14.0818,68.3502,54.2684,54.2684,79.3976,79.3976,0,0,11.99,1.30,cautious,23.17,front,LIDAR_ONLY
0,59.3085,cam_2,CAM_ONLY,19.3527,,10.5844,8.7683,,82.8416,,0,,17.44,1.03,warning,1.61,,CAMERA_ONLY
0,59.3746,cam_2,CAM_ONLY,19.4575,,10.5844,8.8731,,83.8316,,0,,17.56,0.88,warning,1.61,,CAMERA_ONLY
0,59.4358,cam_2,CAM_ONLY,19.4360,,10.5844,8.8516,,83.6282,,0,,11.18,2.21,warning,1.61,,CAMERA_ONLY
0,59.4358,t1095,LIDAR_ONLY,14.0340,14.0340,,,,,,,,11.18,2.21,cautious,22.68,front,LIDAR_ONLY
0,59.4358,t1095,LIDAR_ONLY,14.2257,14.2257,,,,,,,,11.18,2.21,cautious,18.63,front,LIDAR_ONLY
0,59.4358,t1095,LIDAR_ONLY,13.3119,13.3119,,,,,,,,11.18,2.21,cautious,26.73,front,LIDAR_ONLY
0,59.4358,t1098,LIDAR_ONLY,10.7696,10.7696,10.5844,0.1852,0.1852,1.7499,1.7499,1,1,11.18,2.21,cautious,-1.60,front,LIDAR_ONLY
0,59.4358,t1098,LIDAR_ONLY,10.6726,10.6726,10.5844,0.0882,0.0882,0.8332,0.8332,1,1,11.18,2.21,cautious,6.49,front,LIDAR_ONLY
0,59.5158,cam_2,CAM_ONLY,19.4226,,10.5844,8.8382,,83.5016,,0,,20.68,0.86,warning,1.61,,CAMERA_ONLY
0,59.5757,cam_2,CAM_ONLY,19.4071,,10.5844,8.8227,,83.3556,,0,,14.41,1.04,warning,1.61,,CAMERA_ONLY
0,59.6393,cam_2,CAM_ONLY,19.4587,,10.5844,8.8743,,83.8431,,0,,12.42,1.27,warning,1.61,,CAMERA_ONLY
0,59.6393,t1095,LIDAR_ONLY,13.4296,13.4296,68.3502,54.9206,54.9206,80.3518,80.3518,0,0,12.42,1.27,cautious,26.18,front,LIDAR_ONLY
0,59.6393,t1095,LIDAR_ONLY,13.8522,13.8522,68.3502,54.4980,54.4980,79.7335,79.7335,0,0,12.42,1.27,cautious,17.74,front,LIDAR_ONLY
0,59.6393,t1095,LIDAR_ONLY,14.2252,14.2252,68.3502,54.1250,54.1250,79.1878,79.1878,0,0,12.42,1.27,cautious,21.96,front,LIDAR_ONLY
0,59.6393,t1098,LIDAR_ONLY,10.6821,10.6821,10.5844,0.0977,0.0977,0.9231,0.9231,1,1,12.42,1.27,cautious,-3.37,front,LIDAR_ONLY
0,59.6393,t1098,LIDAR_ONLY,10.6887,10.6887,10.5844,0.1043,0.1043,0.9856,0.9856,1,1,12.42,1.27,cautious,0.85,front,LIDAR_ONLY
0,59.7092,cam_2,CAM_ONLY,19.4891,,10.5844,8.9047,,84.1300,,0,,11.75,1.07,warning,1.61,,CAMERA_ONLY
0,59.7732,cam_2,CAM_ONLY,19.4179,,10.5844,8.8335,,83.4572,,0,,11.82,1.28,warning,1.61,,CAMERA_ONLY
0,59.8457,cam_2,CAM_ONLY,19.3055,,10.5844,8.7211,,82.3959,,0,,14.20,1.22,warning,1.61,,CAMERA_ONLY
0,59.8457,t1095,LIDAR_ONLY,13.0480,13.0480,,,,,,,,14.20,1.22,cautious,27.87,front,LIDAR_ONLY
0,59.9104,cam_2,CAM_ONLY,19.2821,,10.5844,8.6977,,82.1742,,0,,17.90,1.23,warning,1.61,,CAMERA_ONLY
0,59.9729,cam_2,CAM_ONLY,19.4140,,10.5844,8.8296,,83.4205,,0,,13.44,0.99,warning,1.61,,CAMERA_ONLY
0,60.0362,cam_2,CAM_ONLY,19.3825,,10.5844,8.7981,,83.1230,,0,,19.79,1.16,warning,1.61,,CAMERA_ONLY
0,60.0362,t1095,LIDAR_ONLY,13.0629,13.0629,68.3502,55.2873,55.2873,80.8883,80.8883,0,0,19.79,1.16,cautious,24.85,front,LIDAR_ONLY
0,60.0362,t1095,LIDAR_ONLY,12.5589,12.5589,68.3502,55.7913,55.7913,81.6257,81.6257,0,0,19.79,1.16,cautious,28.94,front,LIDAR_ONLY
0,60.0362,t1095,LIDAR_ONLY,12.2689,12.2689,68.3502,56.0813,56.0813,82.0500,82.0500,0,0,19.79,1.16,cautious,20.75,front,LIDAR_ONLY
0,60.0362,t1107,LIDAR_ONLY,10.8541,10.8541,10.5844,0.2697,0.2697,2.5478,2.5478,1,1,19.79,1.16,cautious,-3.82,front,LIDAR_ONLY
0,60.0362,t1107,LIDAR_ONLY,10.7493,10.7493,10.5844,0.1649,0.1649,1.5579,1.5579,1,1,19.79,1.16,cautious,4.37,front,LIDAR_ONLY
0,60.1084,cam_2,CAM_ONLY,19.3181,,10.5844,8.7337,,82.5148,,0,,21.45,1.36,warning,1.61,,CAMERA_ONLY
0,60.1739,cam_2,CAM_ONLY,19.4139,,10.5844,8.8295,,83.4198,,0,,11.41,1.14,warning,1.61,,CAMERA_ONLY
0,60.2306,cam_2,CAM_ONLY,19.4904,,10.5844,8.9060,,84.1429,,0,,10.44,0.92,warning,1.61,,CAMERA_ONLY
0,60.2988,cam_2,CAM_ONLY,19.4669,,10.5844,8.8824,,83.9200,,0,,14.98,1.08,warning,1.61,,CAMERA_ONLY
0,60.3565,cam_2,CAM_ONLY,19.3480,,10.5844,8.7636,,82.7974,,0,,15.45,2.23,warning,1.61,,CAMERA_ONLY
0,60.4352,cam_2,CAM_ONLY,19.4247,,10.5844,8.8403,,83.5217,,0,,17.28,2.02,warning,1.61,,CAMERA_ONLY
0,60.4352,t1116,LIDAR_ONLY,11.3898,11.3898,68.3502,56.9604,56.9604,83.3361,83.3361,0,0,17.28,2.02,cautious,26.39,front,LIDAR_ONLY
0,60.4352,t1116,LIDAR_ONLY,12.0787,12.0787,68.3502,56.2715,56.2715,82.3282,82.3282,0,0,17.28,2.02,cautious,18.13,front,LIDAR_ONLY
0,60.4352,t1116,LIDAR_ONLY,12.5990,12.5990,68.3502,55.7512,55.7512,81.5670,81.5670,0,0,17.28,2.02,cautious,22.26,front,LIDAR_ONLY
0,60.4352,t1117,LIDAR_ONLY,10.6344,10.6344,10.5844,0.0500,0.0500,0.4720,0.4720,1,1,17.28,2.02,cautious,5.74,front,LIDAR_ONLY
0,60.5016,cam_2,CAM_ONLY,19.4674,,10.5844,8.8830,,83.9251,,0,,12.82,1.16,warning,1.61,,CAMERA_ONLY
0,60.5687,cam_2,CAM_ONLY,19.3499,,10.5844,8.7655,,82.8152,,0,,17.76,1.14,warning,1.61,,CAMERA_ONLY
0,60.6297,cam_2,CAM_ONLY,19.3245,,10.5844,8.7401,,82.5749,,0,,15.93,0.97,warning,1.61,,CAMERA_ONLY
0,60.6961,cam_2,CAM_ONLY,19.4042,,10.5844,8.8198,,83.3280,,0,,17.91,1.87,warning,1.61,,CAMERA_ONLY
0,60.7718,cam_2,CAM_ONLY,19.3415,,10.5844,8.7571,,82.7355,,0,,14.81,1.02,warning,1.61,,CAMERA_ONLY
0,60.8334,cam_2,CAM_ONLY,19.5022,,10.5844,8.9178,,84.2543,,0,,13.59,0.94,warning,1.61,,CAMERA_ONLY
0,60.8334,t1122,LIDAR_ONLY,10.6615,10.6615,10.5844,0.0771,0.0771,0.7286,0.7286,1,1,13.59,0.94,cautious,3.11,front,LIDAR_ONLY
0,60.8334,t1122,LIDAR_ONLY,10.7322,10.7322,10.5844,0.1478,0.1478,1.3961,1.3961,1,1,13.59,0.94,cautious,7.11,front,LIDAR_ONLY
0,60.8971,cam_2,CAM_ONLY,19.5335,,10.5844,8.9491,,84.5495,,0,,12.37,1.05,warning,1.61,,CAMERA_ONLY
0,60.9595,cam_2,CAM_ONLY,19.3592,,10.5844,8.7748,,82.9031,,0,,17.90,1.13,warning,1.61,,CAMERA_ONLY
0,61.0265,cam_2,CAM_ONLY,19.3540,,10.5844,8.7696,,82.8537,,0,,17.08,0.83,warning,1.61,,CAMERA_ONLY
0,61.0853,cam_2,CAM_ONLY,19.5458,,10.5844,8.9614,,84.6658,,0,,13.21,1.02,warning,1.61,,CAMERA_ONLY
0,61.0853,t1127,LIDAR_ONLY,17.5489,17.5489,68.3502,50.8013,50.8013,74.3251,74.3251,0,0,13.21,1.02,drive,19.47,front,LIDAR_ONLY
0,61.0853,t1128,LIDAR_ONLY,10.7639,10.7639,10.5844,0.1795,0.1795,1.6956,1.6956,1,1,13.21,1.02,cautious,-1.42,front,LIDAR_ONLY
0,61.0853,t1128,LIDAR_ONLY,10.7080,10.7080,10.5844,0.1236,0.1236,1.1680,1.1680,1,1,13.21,1.02,cautious,2.76,front,LIDAR_ONLY
0,61.0853,t1128,LIDAR_ONLY,10.7716,10.7716,10.5844,0.1872,0.1872,1.7687,1.7687,1,1,13.21,1.02,cautious,6.94,front,LIDAR_ONLY
0,61.1457,cam_2,CAM_ONLY,19.4693,,10.5844,8.8849,,83.9432,,0,,12.87,0.98,warning,1.61,,CAMERA_ONLY
0,61.2067,cam_2,CAM_ONLY,19.4670,,10.5844,8.8826,,83.9213,,0,,12.24,1.17,warning,1.61,,CAMERA_ONLY
0,61.2703,cam_2,CAM_ONLY,19.4440,,10.5844,8.8596,,83.7043,,0,,15.28,1.02,warning,1.61,,CAMERA_ONLY
0,61.3283,cam_2,CAM_ONLY,19.4660,,10.5844,8.8816,,83.9116,,0,,13.55,0.75,warning,1.61,,CAMERA_ONLY
0,61.3916,cam_2,CAM_ONLY,19.3689,,10.5844,8.7844,,82.9941,,0,,14.92,1.24,warning,1.61,,CAMERA_ONLY
0,61.3916,t1138,LIDAR_ONLY,13.4647,13.4647,,,,,,,,14.92,1.24,cautious,23.25,front,LIDAR_ONLY
0,61.3916,t1138,LIDAR_ONLY,14.0445,14.0445,,,,,,,,14.92,1.24,cautious,19.00,front,LIDAR_ONLY
0,61.3916,t1138,LIDAR_ONLY,13.4936,13.4936,,,,,,,,14.92,1.24,cautious,27.49,front,LIDAR_ONLY
0,61.3916,t1140,LIDAR_ONLY,10.6801,10.6801,10.5844,0.0957,0.0957,0.9039,0.9039,1,1,14.92,1.24,cautious,2.00,front,LIDAR_ONLY
0,61.4512,cam_2,CAM_ONLY,19.3206,,10.5844,8.7362,,82.5380,,0,,12.58,1.22,warning,1.61,,CAMERA_ONLY
0,61.5178,cam_2,CAM_ONLY,19.4169,,10.5844,8.8325,,83.4483,,0,,18.22,2.16,warning,1.61,,CAMERA_ONLY
0,61.5853,cam_2,CAM_ONLY,19.4128,,10.5844,8.8284,,83.4093,,0,,18.15,1.47,warning,1.61,,CAMERA_ONLY
0,61.6666,cam_2,CAM_ONLY,19.3955,,10.5844,8.8110,,83.2453,,0,,16.87,0.90,warning,1.61,,CAMERA_ONLY
0,61.7265,cam_2,CAM_ONLY,19.4112,,10.5844,8.8268,,83.3943,,0,,14.41,0.98,warning,1.61,,CAMERA_ONLY
0,61.7823,cam_2,CAM_ONLY,19.4453,,10.5844,8.8609,,83.7164,,0,,11.40,0.88,warning,1.61,,CAMERA_ONLY
0,61.7823,t1149,LIDAR_ONLY,10.8271,10.8271,10.5844,0.2426,0.2426,2.2924,2.2924,1,1,11.40,0.88,cautious,-3.17,front,LIDAR_ONLY
0,61.8568,cam_2,CAM_ONLY,19.3262,,10.5844,8.7418,,82.5913,,0,,21.54,1.49,warning,1.61,,CAMERA_ONLY
0,61.9252,cam_2,CAM_ONLY,19.4796,,10.5844,8.8951,,84.0399,,0,,16.82,0.89,warning,1.61,,CAMERA_ONLY
0,62.0101,cam_2,CAM_ONLY,19.4239,,10.5844,8.8395,,83.5141,,0,,10.56,1.14,warning,1.61,,CAMERA_ONLY
0,62.0748,cam_2,CAM_ONLY,19.4233,,10.5844,8.8389,,83.5085,,0,,14.46,0.71,warning,1.61,,CAMERA_ONLY
0,62.1334,cam_2,CAM_ONLY,19.3920,,10.5844,8.8076,,83.2125,,0,,13.43,1.36,warning,1.61,,CAMERA_ONLY
0,62.1334,t1153,LIDAR_ONLY,10.8519,10.8519,10.5844,0.2675,0.2675,2.5272,2.5272,1,1,13.43,1.36,cautious,-3.93,front,LIDAR_ONLY
0,62.1866,cam_2,CAM_ONLY,19.3177,,10.5844,8.7333,,82.5111,,0,,10.40,0.99,warning,1.61,,CAMERA_ONLY
0,62.1866,t1154,LIDAR_ONLY,16.1302,16.1302,68.3502,52.2199,52.2199,76.4006,76.4006,0,0,10.40,0.99,drive,20.44,front,LIDAR_ONLY
0,62.1866,t1154,LIDAR_ONLY,13.7124,13.7124,68.3502,54.6377,54.6377,79.9380,79.9380,0,0,10.40,0.99,cautious,24.55,front,LIDAR_ONLY
0,62.1866,t1153,LIDAR_ONLY,10.7741,10.7741,10.5844,0.1897,0.1897,1.7920,1.7920,1,1,10.40,0.99,cautious,-0.09,front,LIDAR_ONLY
0,62.1866,t1153,LIDAR_ONLY,10.7825,10.7825,10.5844,0.1981,0.1981,1.8719,1.8719,1,1,10.40,0.99,cautious,-4.20,front,LIDAR_ONLY
0,62.1866,t1153,LIDAR_ONLY,10.7441,10.7441,10.5844,0.1597,0.1597,1.5084,1.5084,1,1,10.40,0.99,cautious,4.02,front,LIDAR_ONLY
0,62.2565,cam_2,CAM_ONLY,19.3286,,10.5844,8.7442,,82.6141,,0,,12.99,0.79,warning,1.61,,CAMERA_ONLY
0,62.3265,cam_2,CAM_ONLY,19.4418,,10.5844,8.8574,,83.6830,,0,,21.51,1.24,warning,1.61,,CAMERA_ONLY
0,62.3905,cam_2,CAM_ONLY,19.4233,,10.5844,8.8389,,83.5085,,0,,14.45,1.22,warning,1.61,,CAMERA_ONLY
0,62.3905,t1154,LIDAR_ONLY,13.7679,13.7679,68.3502,54.5823,54.5823,79.8568,79.8568,0,0,14.45,1.22,cautious,22.32,front,LIDAR_ONLY
0,62.3905,t1154,LIDAR_ONLY,12.9801,12.9801,68.3502,55.3700,55.3700,81.0094,81.0094,0,0,14.45,1.22,cautious,26.39,front,LIDAR_ONLY
0,62.3905,t1154,LIDAR_ONLY,13.2193,13.2193,68.3502,55.1308,55.1308,80.6594,80.6594,0,0,14.45,1.22,cautious,18.25,front,LIDAR_ONLY
0,62.3905,t1153,LIDAR_ONLY,10.7472,10.7472,10.5844,0.1627,0.1627,1.5375,1.5375,1,1,14.45,1.22,cautious,-2.10,front,LIDAR_ONLY
0,62.3905,t1153,LIDAR_ONLY,10.7129,10.7129,10.5844,0.1285,0.1285,1.2140,1.2140,1,1,14.45,1.22,cautious,6.04,front,LIDAR_ONLY
0,62.3905,t1153,LIDAR_ONLY,10.7030,10.7030,10.5844,0.1186,0.1186,1.1204,1.1204,1,1,14.45,1.22,cautious,1.97,front,LIDAR_ONLY
0,62.4605,cam_2,CAM_ONLY,19.3714,,10.5844,8.7869,,83.0178,,0,,20.52,0.93,warning,1.61,,CAMERA_ONLY
0,62.5205,cam_2,CAM_ONLY,19.3883,,10.5844,8.8039,,83.1776,,0,,12.29,0.88,warning,1.61,,CAMERA_ONLY
0,62.5731,cam_2,CAM_ONLY,19.4510,,10.5844,8.8666,,83.7705,,0,,9.58,1.05,warning,1.61,,CAMERA_ONLY
0,62.6496,cam_2,CAM_ONLY,19.4528,,10.5844,8.8684,,83.7874,,0,,11.99,1.14,warning,1.61,,CAMERA_ONLY
0,62.7132,cam_2,CAM_ONLY,19.4955,,10.5844,8.9111,,84.1906,,0,,16.21,1.71,warning,1.61,,CAMERA_ONLY
0,62.7757,cam_2,CAM_ONLY,19.4091,,10.5844,8.8247,,83.3743,,0,,18.38,0.99,warning,1.61,,CAMERA_ONLY
0,62.8332,cam_2,CAM_ONLY,19.3552,,10.5844,8.7708,,82.8648,,0,,13.75,0.74,warning,1.61,,CAMERA_ONLY
0,62.8878,cam_2,CAM_ONLY,19.4005,,10.5844,8.8161,,83.2928,,0,,9.92,1.06,warning,1.61,,CAMERA_ONLY
0,62.8878,t1167,LIDAR_ONLY,9.8862,9.8862,,,,,,,,9.92,1.06,cautious,29.55,front,LIDAR_ONLY
0,62.8878,t1167,LIDAR_ONLY,10.2585,10.2585,,,,,,,,9.92,1.06,cautious,21.54,front,LIDAR_ONLY
0,62.8878,t1167,LIDAR_ONLY,11.3971,11.3971,,,,,,,,9.92,1.06,cautious,17.53,front,LIDAR_ONLY
0,62.8878,t1167,LIDAR_ONLY,12.0234,12.0234,,,,,,,,9.92,1.06,cautious,25.54,front,LIDAR_ONLY
0,62.8878,t1169,LIDAR_ONLY,10.8027,10.8027,10.5844,0.2183,0.2183,2.0625,2.0625,1,1,9.92,1.06,cautious,-2.49,front,LIDAR_ONLY
0,62.8878,t1169,LIDAR_ONLY,10.7314,10.7314,10.5844,0.1470,0.1470,1.3887,1.3887,1,1,9.92,1.06,cautious,1.51,front,LIDAR_ONLY
0,62.8878,t1169,LIDAR_ONLY,10.6838,10.6838,10.5844,0.0994,0.0994,0.9391,0.9391,1,1,9.92,1.06,cautious,5.52,front,LIDAR_ONLY
0,62.9556,cam_2,CAM_ONLY,19.5089,,10.5844,8.9245,,84.3172,,0,,19.50,1.24,warning,1.61,,CAMERA_ONLY
0,63.0153,cam_2,CAM_ONLY,19.5039,,10.5844,8.9195,,84.2699,,0,,12.11,0.95,warning,1.61,,CAMERA_ONLY
0,63.0754,cam_2,CAM_ONLY,19.4355,,10.5844,8.8511,,83.6237,,0,,15.24,1.00,warning,1.61,,CAMERA_ONLY
0,63.1452,cam_2,CAM_ONLY,19.4410,,10.5844,8.8566,,83.6758,,0,,18.53,2.20,warning,1.61,,CAMERA_ONLY
0,63.2018,cam_2,CAM_ONLY,19.4637,,10.5844,8.8793,,83.8899,,0,,9.44,1.06,warning,1.61,,CAMERA_ONLY
0,63.2642,cam_2,CAM_ONLY,19.3297,,10.5844,8.7453,,82.6241,,0,,15.19,0.95,warning,1.61,,CAMERA_ONLY
0,63.3210,cam_2,CAM_ONLY,19.4793,,10.5844,8.8949,,84.0374,,0,,11.69,0.89,warning,1.61,,CAMERA_ONLY
0,63.3766,cam_2,CAM_ONLY,19.3919,,10.5844,8.8075,,83.2122,,0,,14.00,0.89,warning,1.61,,CAMERA_ONLY
0,63.4355,t1187,BOTH,19.4875,14.5706,68.3502,48.8627,53.7796,71.4888,78.6825,0,0,10.57,1.36,warning,1.61,,FULL_ANGLE
0,63.4355,t1187,LIDAR_ONLY,12.7122,12.7122,68.3502,55.6380,55.6380,81.4014,81.4014,0,0,10.57,1.36,cautious,24.27,front,LIDAR_ONLY
0,63.4355,t1187,LIDAR_ONLY,13.3458,13.3458,68.3502,55.0043,55.0043,80.4743,80.4743,0,0,10.57,1.36,cautious,20.15,front,LIDAR_ONLY
0,63.4355,t1188,LIDAR_ONLY,10.3951,10.3951,,,,,,,,10.57,1.36,cautious,28.38,front,LIDAR_ONLY
0,63.4355,t1189,LIDAR_ONLY,10.7352,10.7352,10.5844,0.1508,0.1508,1.4245,1.4245,1,1,10.57,1.36,cautious,-0.42,front,LIDAR_ONLY
0,63.4936,cam_2,CAM_ONLY,19.4515,,10.5844,8.8671,,83.7751,,0,,13.36,1.27,warning,1.61,,CAMERA_ONLY
0,63.4936,t1188,LIDAR_ONLY,10.6276,10.6276,,,,,,,,13.36,1.27,cautious,24.61,front,LIDAR_ONLY
0,63.4936,t1188,LIDAR_ONLY,10.6518,10.6518,,,,,,,,13.36,1.27,cautious,28.70,front,LIDAR_ONLY
0,63.4936,t1187,LIDAR_ONLY,15.3027,15.3027,68.3502,53.0475,53.0475,77.6113,77.6113,0,0,13.36,1.27,cautious,20.51,front,LIDAR_ONLY
0,63.5612,cam_2,CAM_ONLY,19.4021,,10.5844,8.8176,,83.3077,,0,,17.71,0.82,warning,1.61,,CAMERA_ONLY
0,63.6208,cam_2,CAM_ONLY,19.4828,,10.5844,8.8984,,84.0704,,0,,12.14,0.98,warning,1.61,,CAMERA_ONLY
0,63.6831,cam_2,CAM_ONLY,19.3483,,10.5844,8.7639,,82.7997,,0,,17.88,0.84,warning,1.61,,CAMERA_ONLY
0,63.6831,t1194,LIDAR_ONLY,10.7593,10.7593,10.5844,0.1748,0.1748,1.6519,1.6519,1,1,17.88,0.84,cautious,-1.26,front,LIDAR_ONLY
0,63.6831,t1194,LIDAR_ONLY,10.8117,10.8117,10.5844,0.2273,0.2273,2.1475,2.1475,1,1,17.88,0.84,cautious,6.91,front,LIDAR_ONLY
0,63.7397,cam_2,CAM_ONLY,19.5012,,10.5844,8.9168,,84.2448,,0,,9.74,1.17,warning,1.61,,CAMERA_ONLY
0,63.7397,t1197,LIDAR_ONLY,13.5657,13.5657,68.3502,54.7845,54.7845,80.1527,80.1527,0,0,9.74,1.17,cautious,23.12,front,LIDAR_ONLY
0,63.7397,t1197,LIDAR_ONLY,12.2457,12.2457,68.3502,56.1045,56.1045,82.0839,82.0839,0,0,9.74,1.17,cautious,27.23,front,LIDAR_ONLY
0,63.7397,t1194,LIDAR_ONLY,10.8155,10.8155,10.5844,0.2311,0.2311,2.1833,2.1833,1,1,9.74,1.17,cautious,6.65,front,LIDAR_ONLY
0,63.7397,t1197,LIDAR_ONLY,12.6055,12.6055,68.3502,55.7446,55.7446,81.5574,81.5574,0,0,9.74,1.17,cautious,19.00,front,LIDAR_ONLY
0,63.8078,cam_2,CAM_ONLY,19.4238,,10.5844,8.8394,,83.5135,,0,,17.22,1.22,warning,1.61,,CAMERA_ONLY
0,63.8754,cam_2,CAM_ONLY,19.4254,,10.5844,8.8409,,83.5278,,0,,19.09,0.97,warning,1.61,,CAMERA_ONLY
0,63.9396,cam_2,CAM_ONLY,19.4098,,10.5844,8.8253,,83.3806,,0,,9.72,1.10,warning,1.61,,CAMERA_ONLY
0,63.9957,cam_2,CAM_ONLY,19.3945,,10.5844,8.8101,,83.2362,,0,,10.68,1.04,warning,1.61,,CAMERA_ONLY
0,64.0626,cam_2,CAM_ONLY,19.4338,,10.5844,8.8493,,83.6073,,0,,12.73,0.82,warning,1.61,,CAMERA_ONLY
0,64.1254,cam_2,CAM_ONLY,19.4338,,10.5844,8.8494,,83.6076,,0,,15.43,1.18,warning,1.61,,CAMERA_ONLY
0,64.1876,cam_2,CAM_ONLY,19.4591,,10.5844,8.8747,,83.8469,,0,,12.11,1.14,warning,1.61,,CAMERA_ONLY
0,64.1876,t1208,LIDAR_ONLY,12.0171,12.0171,68.3502,56.3331,56.3331,82.4184,82.4184,0,0,12.11,1.14,cautious,25.32,front,LIDAR_ONLY
0,64.1876,t1208,LIDAR_ONLY,10.7278,10.7278,68.3502,57.6223,57.6223,84.3046,84.3046,0,0,12.11,1.14,cautious,29.43,front,LIDAR_ONLY
0,64.1876,t1209,LIDAR_ONLY,10.6417,10.6417,10.5844,0.0573,0.0573,0.5413,0.5413,1,1,12.11,1.14,cautious,4.77,front,LIDAR_ONLY
0,64.1876,t1208,LIDAR_ONLY,10.9792,10.9792,68.3502,57.3710,57.3710,83.9369,83.9369,0,0,12.11,1.14,cautious,21.21,front,LIDAR_ONLY
0,64.2515,cam_2,CAM_ONLY,19.3999,,10.5844,8.8155,,83.2874,,0,,12.26,1.12,warning,1.61,,CAMERA_ONLY
0,64.3114,cam_2,CAM_ONLY,19.3393,,10.5844,8.7549,,82.7146,,0,,13.16,0.97,warning,1.61,,CAMERA_ONLY
0,64.3671,cam_2,CAM_ONLY,19.4047,,10.5844,8.8203,,83.3328,,0,,9.50,1.02,warning,1.61,,CAMERA_ONLY
0,64.4208,cam_2,CAM_ONLY,19.4700,,10.5844,8.8856,,83.9495,,0,,11.31,1.05,warning,1.61,,CAMERA_ONLY
0,64.4883,cam_2,CAM_ONLY,19.4358,,10.5844,8.8514,,83.6267,,0,,15.35,1.46,warning,1.61,,CAMERA_ONLY
0,64.4883,t1218,LIDAR_ONLY,10.6727,10.6727,10.5844,0.0883,0.0883,0.8341,0.8341,1,1,15.35,1.46,cautious,2.41,front,LIDAR_ONLY
0,64.4883,t1218,LIDAR_ONLY,10.6470,10.6470,10.5844,0.0626,0.0626,0.5915,0.5915,1,1,15.35,1.46,cautious,6.44,front,LIDAR_ONLY
0,64.5551,cam_2,CAM_ONLY,19.4707,,10.5844,8.8863,,83.9563,,0,,9.82,1.23,warning,1.61,,CAMERA_ONLY
0,64.6127,cam_2,CAM_ONLY,19.4405,,10.5844,8.8561,,83.6714,,0,,10.60,0.95,warning,1.61,,CAMERA_ONLY
0,64.6742,cam_2,CAM_ONLY,19.3508,,10.5844,8.7664,,82.8238,,0,,12.96,1.12,warning,1.61,,CAMERA_ONLY
0,64.7431,cam_2,CAM_ONLY,19.3132,,10.5844,8.7288,,82.4681,,0,,16.22,0.99,warning,1.61,,CAMERA_ONLY
0,64.8110,cam_2,CAM_ONLY,19.3281,,10.5844,8.7437,,82.6087,,0,,18.97,0.83,warning,1.61,,CAMERA_ONLY
0,64.8724,cam_2,CAM_ONLY,19.5665,,10.5844,8.9821,,84.8613,,0,,12.57,0.92,warning,1.61,,CAMERA_ONLY
0,64.9342,cam_2,CAM_ONLY,19.3982,,10.5844,8.8138,,83.2716,,0,,15.66,0.86,warning,1.61,,CAMERA_ONLY
0,64.9342,t1229,LIDAR_ONLY,14.0184,14.0184,,,,,,,,15.66,0.86,cautious,22.57,front,LIDAR_ONLY
0,64.9342,t1229,LIDAR_ONLY,12.4675,12.4675,,,,,,,,15.66,0.86,cautious,26.66,front,LIDAR_ONLY
0,64.9342,t1230,LIDAR_ONLY,10.6787,10.6787,10.5844,0.0942,0.0942,0.8904,0.8904,1,1,15.66,0.86,cautious,2.08,front,LIDAR_ONLY
0,65.0034,cam_2,CAM_ONLY,19.5592,,10.5844,8.9748,,84.7921,,0,,12.91,1.21,warning,1.61,,CAMERA_ONLY
0,65.0608,cam_2,CAM_ONLY,19.3391,,10.5844,8.7547,,82.7127,,0,,9.60,1.19,warning,1.61,,CAMERA_ONLY
0,65.1290,cam_2,CAM_ONLY,19.4840,,10.5844,8.8996,,84.0821,,0,,21.37,0.69,warning,1.61,,CAMERA_ONLY
0,65.1986,cam_2,CAM_ONLY,19.4612,,10.5844,8.8767,,83.8660,,0,,16.15,1.22,warning,1.61,,CAMERA_ONLY
0,65.2661,cam_2,CAM_ONLY,19.4739,,10.5844,8.8895,,83.9863,,0,,18.32,1.15,warning,1.61,,CAMERA_ONLY
0,65.3404,cam_2,CAM_ONLY,19.4660,,10.5844,8.8816,,83.9117,,0,,22.65,2.20,warning,1.61,,CAMERA_ONLY
0,65.3404,t1239,LIDAR_ONLY,11.6117,11.6117,68.3502,56.7385,56.7385,83.0115,83.0115,0,0,22.65,2.20,cautious,26.00,front,LIDAR_ONLY
0,65.3404,t1239,LIDAR_ONLY,12.0233,12.0233,68.3502,56.3269,56.3269,82.4093,82.4093,0,0,22.65,2.20,cautious,21.86,front,LIDAR_ONLY
0,65.3404,t1239,LIDAR_ONLY,12.8109,12.8109,68.3502,55.5392,55.5392,81.2569,81.2569,0,0,22.65,2.20,cautious,17.71,front,LIDAR_ONLY
0,65.3404,t1240,LIDAR_ONLY,10.8223,10.8223,10.5844,0.2378,0.2378,2.2471,2.2471,1,1,22.65,2.20,cautious,-3.02,front,LIDAR_ONLY
0,65.3404,t1240,LIDAR_ONLY,10.7008,10.7008,10.5844,0.1164,0.1164,1.0993,1.0993,1,1,22.65,2.20,cautious,5.27,front,LIDAR_ONLY
0,65.4157,cam_2,CAM_ONLY,19.3404,,10.5844,8.7560,,82.7256,,0,,17.87,0.92,warning,1.61,,CAMERA_ONLY
0,65.4811,cam_2,CAM_ONLY,19.3497,,10.5844,8.7652,,82.8126,,0,,14.34,0.92,warning,1.61,,CAMERA_ONLY
0,65.4811,t1240,LIDAR_ONLY,10.7062,10.7062,10.5844,0.1218,0.1218,1.1507,1.1507,1,1,14.34,0.92,cautious,-1.35,front,LIDAR_ONLY
0,65.5430,cam_2,CAM_ONLY,19.4184,,10.5844,8.8340,,83.4622,,0,,15.71,1.22,warning,1.61,,CAMERA_ONLY
0,65.5430,t1243,LIDAR_ONLY,9.9655,9.9655,,,,,,,,15.71,1.22,cautious,29.36,front,LIDAR_ONLY
0,65.5430,t1239,LIDAR_ONLY,13.3942,13.3942,,,,,,,,15.71,1.22,cautious,21.36,front,LIDAR_ONLY
0,65.5430,t1239,LIDAR_ONLY,13.5693,13.5693,,,,,,,,15.71,1.22,cautious,25.36,front,LIDAR_ONLY
0,65.6074,cam_2,CAM_ONLY,19.4161,,10.5844,8.8317,,83.4402,,0,,12.78,1.21,warning,1.61,,CAMERA_ONLY
0,65.6721,cam_2,CAM_ONLY,19.3553,,10.5844,8.7709,,82.8662,,0,,12.94,1.06,warning,1.61,,CAMERA_ONLY
0,65.7341,cam_2,CAM_ONLY,19.4241,,10.5844,8.8396,,83.5156,,0,,12.01,0.85,warning,1.61,,CAMERA_ONLY
0,65.7341,t1239,LIDAR_ONLY,13.9541,13.9541,68.3502,54.3961,54.3961,79.5844,79.5844,0,0,12.01,0.85,cautious,20.89,front,LIDAR_ONLY
0,65.7341,t1250,LIDAR_ONLY,10.8485,10.8485,10.5844,0.2641,0.2641,2.4950,2.4950,1,1,12.01,0.85,cautious,-3.69,front,LIDAR_ONLY
0,65.7924,cam_2,CAM_ONLY,19.5191,,10.5844,8.9347,,84.4139,,0,,12.38,1.13,warning,1.61,,CAMERA_ONLY
0,65.8546,cam_2,CAM_ONLY,19.4816,,10.5844,8.8972,,84.0596,,0,,12.13,1.35,warning,1.61,,CAMERA_ONLY
0,65.9203,cam_2,CAM_ONLY,19.3870,,10.5844,8.8026,,83.1652,,0,,18.77,1.09,warning,1.61,,CAMERA_ONLY
0,65.9971,cam_2,CAM_ONLY,19.3345,,10.5844,8.7500,,82.6692,,0,,20.00,1.33,warning,1.61,,CAMERA_ONLY
0,65.9971,t1259,LIDAR_ONLY,9.7209,9.7209,,,,,,,,20.00,1.33,cautious,29.96,front,LIDAR_ONLY
0,65.9971,t1259,LIDAR_ONLY,10.1726,10.1726,,,,,,,,20.00,1.33,cautious,21.79,front,LIDAR_ONLY
0,65.9971,t1259,LIDAR_ONLY,10.5322,10.5322,,,,,,,,20.00,1.33,cautious,25.87,front,LIDAR_ONLY
0,65.9971,t1261,LIDAR_ONLY,10.6361,10.6361,10.5844,0.0517,0.0517,0.4884,0.4884,1,1,20.00,1.33,cautious,5.47,front,LIDAR_ONLY
0,66.0587,cam_2,CAM_ONLY,19.3757,,10.5844,8.7912,,83.0583,,0,,12.65,1.09,warning,1.61,,CAMERA_ONLY
0,66.1332,cam_2,CAM_ONLY,19.3510,,10.5844,8.7666,,82.8253,,0,,21.48,1.52,warning,1.61,,CAMERA_ONLY
0,66.1332,t1261,LIDAR_ONLY,10.6454,10.6454,10.5844,0.0610,0.0610,0.5764,0.5764,1,1,21.48,1.52,cautious,-1.74,front,LIDAR_ONLY
0,66.1955,cam_2,CAM_ONLY,19.3407,,10.5844,8.7563,,82.7278,,0,,11.74,1.19,warning,1.61,,CAMERA_ONLY
0,66.2626,cam_2,CAM_ONLY,19.3223,,10.5844,8.7379,,82.5542,,0,,15.43,0.85,warning,1.61,,CAMERA_ONLY
0,66.3221,cam_2,CAM_ONLY,19.3736,,10.5844,8.7891,,83.0385,,0,,11.46,1.09,warning,1.61,,CAMERA_ONLY
0,66.3961,cam_2,CAM_ONLY,19.3103,,10.5844,8.7259,,82.4407,,0,,15.40,1.13,warning,1.61,,CAMERA_ONLY
0,66.3961,t1267,LIDAR_ONLY,9.8040,9.8040,,,,,,,,15.40,1.13,cautious,29.75,front,LIDAR_ONLY
0,66.3961,t1267,LIDAR_ONLY,9.9488,9.9488,,,,,,,,15.40,1.13,cautious,25.48,front,LIDAR_ONLY
0,66.4586,cam_2,CAM_ONLY,19.4495,,10.5844,8.8650,,83.7555,,0,,13.97,0.99,warning,1.61,,CAMERA_ONLY
0,66.5264,cam_2,CAM_ONLY,19.4906,,10.5844,8.9062,,84.1441,,0,,14.12,2.60,warning,1.61,,CAMERA_ONLY
0,66.6037,cam_2,CAM_ONLY,19.3876,,10.5844,8.8032,,83.1714,,0,,11.54,1.21,warning,1.61,,CAMERA_ONLY
0,66.6645,cam_2,CAM_ONLY,19.5193,,10.5844,8.9349,,84.4152,,0,,15.76,0.89,warning,1.61,,CAMERA_ONLY
0,66.7284,cam_2,CAM_ONLY,19.5094,,10.5844,8.9249,,84.3215,,0,,17.89,0.80,warning,1.61,,CAMERA_ONLY
0,66.7970,cam_2,CAM_ONLY,19.4531,,10.5844,8.8687,,83.7899,,0,,19.54,1.23,warning,1.61,,CAMERA_ONLY
0,66.8630,cam_2,CAM_ONLY,19.5099,,10.5844,8.9254,,84.3263,,0,,14.45,0.84,warning,1.61,,CAMERA_ONLY
0,66.9232,cam_2,CAM_ONLY,19.5213,,10.5844,8.9368,,84.4339,,0,,12.78,1.14,warning,1.61,,CAMERA_ONLY
0,66.9795,cam_2,CAM_ONLY,19.4655,,10.5844,8.8811,,83.9071,,0,,9.26,0.77,warning,1.61,,CAMERA_ONLY
0,67.0367,cam_2,CAM_ONLY,19.3662,,10.5844,8.7818,,82.9692,,0,,12.60,1.22,warning,1.61,,CAMERA_ONLY
0,67.0367,t1278,LIDAR_ONLY,11.2588,11.2588,68.3502,57.0913,57.0913,83.5277,83.5277,0,0,12.60,1.22,cautious,26.63,front,LIDAR_ONLY
0,67.0367,t1278,LIDAR_ONLY,12.0671,12.0671,68.3502,56.2830,56.2830,82.3452,82.3452,0,0,12.60,1.22,cautious,18.38,front,LIDAR_ONLY
0,67.0367,t1278,LIDAR_ONLY,12.6399,12.6399,68.3502,55.7102,55.7102,81.5071,81.5071,0,0,12.60,1.22,cautious,22.50,front,LIDAR_ONLY
0,67.0367,t1279,LIDAR_ONLY,10.6825,10.6825,10.5844,0.0981,0.0981,0.9270,0.9270,1,1,12.60,1.22,cautious,1.87,front,LIDAR_ONLY
0,67.0367,t1279,LIDAR_ONLY,10.6947,10.6947,10.5844,0.1103,0.1103,1.0419,1.0419,1,1,12.60,1.22,cautious,-2.26,front,LIDAR_ONLY
0,67.0957,cam_2,CAM_ONLY,19.3489,,10.5844,8.7645,,82.8058,,0,,9.37,1.17,warning,1.61,,CAMERA_ONLY
0,67.1629,cam_2,CAM_ONLY,19.3555,,10.5844,8.7711,,82.8683,,0,,12.78,0.86,warning,1.61,,CAMERA_ONLY
0,67.2285,cam_2,CAM_ONLY,19.5053,,10.5844,8.9209,,84.2831,,0,,16.45,1.67,warning,1.61,,CAMERA_ONLY
0,67.2285,t1279,LIDAR_ONLY,10.7059,10.7059,10.5844,0.1215,0.1215,1.1477,1.1477,1,1,16.45,1.67,cautious,-0.90,front,LIDAR_ONLY
0,67.2285,t1279,LIDAR_ONLY,10.7078,10.7078,10.5844,0.1234,0.1234,1.1661,1.1661,1,1,16.45,1.67,cautious,3.36,front,LIDAR_ONLY
0,67.2953,cam_2,CAM_ONLY,19.5128,,10.5844,8.9284,,84.3538,,0,,13.20,1.06,warning,1.61,,CAMERA_ONLY
0,67.3533,cam_2,CAM_ONLY,19.3526,,10.5844,8.7682,,82.8409,,0,,14.14,1.28,warning,1.61,,CAMERA_ONLY
0,67.4174,cam_2,CAM_ONLY,19.4318,,10.5844,8.8474,,83.5890,,0,,19.07,1.23,warning,1.61,,CAMERA_ONLY
0,67.4897,cam_2,CAM_ONLY,19.2578,,10.5844,8.6734,,81.9449,,0,,21.49,1.29,warning,1.61,,CAMERA_ONLY
0,67.4897,t1290,LIDAR_ONLY,10.7330,10.7330,68.3502,57.6172,57.6172,84.2970,84.2970,0,0,21.49,1.29,cautious,27.67,front,LIDAR_ONLY
0,67.4897,t1290,LIDAR_ONLY,11.7751,11.7751,68.3502,56.5751,56.5751,82.7724,82.7724,0,0,21.49,1.29,cautious,19.34,front,LIDAR_ONLY
0,67.4897,t1290,LIDAR_ONLY,12.3916,12.3916,68.3502,55.9586,55.9586,81.8705,81.8705,0,0,21.49,1.29,cautious,23.50,front,LIDAR_ONLY
0,67.4897,t1291,LIDAR_ONLY,10.6299,10.6299,10.5844,0.0455,0.0455,0.4301,0.4301,1,1,21.49,1.29,cautious,6.85,front,LIDAR_ONLY
0,67.4897,t1291,LIDAR_ONLY,10.6327,10.6327,10.5844,0.0483,0.0483,0.4564,0.4564,1,1,21.49,1.29,cautious,2.68,front,LIDAR_ONLY
0,67.5570,cam_2,CAM_ONLY,19.3813,,10.5844,8.7969,,83.1116,,0,,13.67,1.24,warning,1.61,,CAMERA_ONLY
0,67.6231,cam_2,CAM_ONLY,19.3339,,10.5844,8.7495,,82.6636,,0,,15.66,0.87,warning,1.61,,CAMERA_ONLY
0,67.6808,cam_2,CAM_ONLY,19.4928,,10.5844,8.9084,,84.1655,,0,,11.99,0.80,warning,1.61,,CAMERA_ONLY
0,67.7390,cam_2,CAM_ONLY,19.4906,,10.5844,8.9062,,84.1444,,0,,11.69,1.06,warning,1.61,,CAMERA_ONLY
0,67.7390,t1294,LIDAR_ONLY,14.8556,14.8556,,,,,,,,11.69,1.06,drive,21.64,front,LIDAR_ONLY
0,67.7390,t1294,LIDAR_ONLY,13.2676,13.2676,,,,,,,,11.69,1.06,cautious,25.85,front,LIDAR_ONLY
0,67.7390,t1296,LIDAR_ONLY,10.8475,10.8475,10.5844,0.2631,0.2631,2.4854,2.4854,1,1,11.69,1.06,cautious,-3.67,front,LIDAR_ONLY
0,67.7390,t1296,LIDAR_ONLY,10.7421,10.7421,10.5844,0.1577,0.1577,1.4899,1.4899,1,1,11.69,1.06,cautious,4.77,front,LIDAR_ONLY
0,67.7390,t1296,LIDAR_ONLY,10.7312,10.7312,10.5844,0.1468,0.1468,1.3867,1.3867,1,1,11.69,1.06,cautious,0.55,front,LIDAR_ONLY
0,67.7969,cam_2,CAM_ONLY,19.3821,,10.5844,8.7977,,83.1191,,0,,10.10,1.23,warning,1.61,,CAMERA_ONLY
0,67.8626,cam_2,CAM_ONLY,19.3516,,10.5844,8.7672,,82.8313,,0,,20.68,0.93,warning,1.61,,CAMERA_ONLY
0,67.9206,cam_2,CAM_ONLY,19.3162,,10.5844,8.7318,,82.4963,,0,,10.37,0.97,warning,1.61,,CAMERA_ONLY
0,67.9784,cam_2,CAM_ONLY,19.5055,,10.5844,8.9211,,84.2848,,0,,12.51,0.80,warning,1.61,,CAMERA_ONLY
0,68.0419,cam_2,CAM_ONLY,19.3790,,10.5844,8.7946,,83.0898,,0,,12.47,1.17,warning,1.61,,CAMERA_ONLY
0,68.0419,t1306,LIDAR_ONLY,10.6363,10.6363,68.3502,57.7139,57.7139,84.4386,84.4386,0,0,12.47,1.17,cautious,27.87,front,LIDAR_ONLY
0,68.0419,t1306,LIDAR_ONLY,11.4253,11.4253,68.3502,56.9248,56.9248,83.2841,83.2841,0,0,12.47,1.17,cautious,19.63,front,LIDAR_ONLY
0,68.0419,t1306,LIDAR_ONLY,11.9620,11.9620,68.3502,56.3882,56.3882,82.4989,82.4989,0,0,12.47,1.17,cautious,23.75,front,LIDAR_ONLY
0,68.1141,cam_2,CAM_ONLY,19.3428,,10.5844,8.7584,,82.7480,,0,,16.37,0.81,warning,1.61,,CAMERA_ONLY
0,68.1805,cam_2,CAM_ONLY,19.3502,,10.5844,8.7658,,82.8178,,0,,17.36,0.81,warning,1.61,,CAMERA_ONLY
0,68.2473,cam_2,CAM_ONLY,19.3780,,10.5844,8.7935,,83.0800,,0,,16.15,0.99,warning,1.61,,CAMERA_ONLY
0,68.3123,cam_2,CAM_ONLY,19.3683,,10.5844,8.7839,,82.9889,,0,,14.81,0.84,warning,1.61,,CAMERA_ONLY
0,68.3748,cam_2,CAM_ONLY,19.3331,,10.5844,8.7487,,82.6560,,0,,14.34,1.13,warning,1.61,,CAMERA_ONLY
0,68.4985,cam_2,CAM_ONLY,19.2828,,10.5844,8.6984,,82.1810,,0,,11.83,67.23,warning,1.61,,CAMERA_ONLY
0,68.5741,cam_2,CAM_ONLY,19.3586,,10.5844,8.7742,,82.8970,,0,,20.26,1.07,warning,1.61,,CAMERA_ONLY
0,68.6415,cam_2,CAM_ONLY,19.3630,,10.5844,8.7785,,82.9383,,0,,19.32,1.27,warning,1.61,,CAMERA_ONLY
0,68.6415,t1315,LIDAR_ONLY,9.8315,9.8315,,,,,,,,19.32,1.27,cautious,29.68,front,LIDAR_ONLY
0,68.6415,t1315,LIDAR_ONLY,10.5822,10.5822,,,,,,,,19.32,1.27,cautious,21.59,front,LIDAR_ONLY
0,68.6415,t1315,LIDAR_ONLY,11.0448,11.0448,,,,,,,,19.32,1.27,cautious,25.64,front,LIDAR_ONLY
0,68.7029,cam_2,CAM_ONLY,19.3470,,10.5844,8.7626,,82.7875,,0,,10.05,1.24,warning,1.61,,CAMERA_ONLY
0,68.7697,cam_2,CAM_ONLY,19.4594,,10.5844,8.8750,,83.8497,,0,,18.41,0.89,warning,1.61,,CAMERA_ONLY
0,68.8313,cam_2,CAM_ONLY,19.4312,,10.5844,8.8468,,83.5834,,0,,12.18,0.79,warning,1.61,,CAMERA_ONLY
0,68.8313,t1320,LIDAR_ONLY,10.8501,10.8501,10.5844,0.2656,0.2656,2.5098,2.5098,1,1,12.18,0.79,cautious,-3.75,front,LIDAR_ONLY
0,68.8999,cam_2,CAM_ONLY,19.4419,,10.5844,8.8575,,83.6843,,0,,17.30,1.22,warning,1.61,,CAMERA_ONLY
0,68.9673,cam_2,CAM_ONLY,19.5106,,10.5844,8.9262,,84.3331,,0,,18.23,0.87,warning,1.61,,CAMERA_ONLY
0,69.0393,cam_2,CAM_ONLY,19.5088,,10.5844,8.9243,,84.3158,,0,,23.50,2.38,warning,1.61,,CAMERA_ONLY
0,69.1137,cam_2,CAM_ONLY,19.5488,,10.5844,8.9644,,84.6940,,0,,16.68,0.78,warning,1.61,,CAMERA_ONLY
0,69.1823,cam_2,CAM_ONLY,19.4620,,10.5844,8.8776,,83.8740,,0,,16.46,0.87,warning,1.61,,CAMERA_ONLY
0,69.1823,t1326,LIDAR_ONLY,10.7574,10.7574,10.5844,0.1730,0.1730,1.6346,1.6346,1,1,16.46,0.87,cautious,-1.20,front,LIDAR_ONLY
0,69.1823,t1326,LIDAR_ONLY,10.7932,10.7932,10.5844,0.2087,0.2087,1.9722,1.9722,1,1,16.46,0.87,cautious,6.90,front,LIDAR_ONLY
0,69.2506,cam_2,CAM_ONLY,19.5176,,10.5844,8.9332,,84.3992,,0,,17.37,1.23,warning,1.61,,CAMERA_ONLY
0,69.3174,cam_2,CAM_ONLY,19.4819,,10.5844,8.8975,,84.0620,,0,,14.10,0.97,warning,1.61,,CAMERA_ONLY
0,69.3774,cam_2,CAM_ONLY,19.5162,,10.5844,8.9318,,84.3865,,0,,12.44,0.90,warning,1.61,,CAMERA_ONLY
0,69.4418,cam_2,CAM_ONLY,19.4147,,10.5844,8.8303,,83.4276,,0,,12.90,1.20,warning,1.61,,CAMERA_ONLY
0,69.4418,t1334,LIDAR_ONLY,13.9802,13.9802,,,,,,,,12.90,1.20,cautious,22.61,front,LIDAR_ONLY
0,69.4418,t1334,LIDAR_ONLY,14.7177,14.7177,,,,,,,,12.90,1.20,cautious,18.40,front,LIDAR_ONLY
0,69.4418,t1334,LIDAR_ONLY,14.5551,14.5551,,,,,,,,12.90,1.20,cautious,26.82,front,LIDAR_ONLY
0,69.5045,cam_2,CAM_ONLY,19.4289,,10.5844,8.8445,,83.5615,,0,,13.46,1.17,warning,1.61,,CAMERA_ONLY
0,69.5652,cam_2,CAM_ONLY,19.3358,,10.5844,8.7513,,82.6813,,0,,12.98,0.85,warning,1.61,,CAMERA_ONLY
0,69.6244,cam_2,CAM_ONLY,19.5267,,10.5844,8.9423,,84.4852,,0,,15.52,0.91,warning,1.61,,CAMERA_ONLY
0,69.6852,cam_2,CAM_ONLY,19.5389,,10.5844,8.9545,,84.6008,,0,,11.88,0.84,warning,1.61,,CAMERA_ONLY
0,69.6852,t1342,LIDAR_ONLY,10.8469,10.8469,10.5844,0.2625,0.2625,2.4802,2.4802,1,1,11.88,0.84,cautious,-3.80,front,LIDAR_ONLY
0,69.7488,cam_2,CAM_ONLY,19.4196,,10.5844,8.8351,,83.4731,,0,,12.46,1.07,warning,1.61,,CAMERA_ONLY
0,69.8172,cam_2,CAM_ONLY,19.3830,,10.5844,8.7986,,83.1276,,0,,15.93,0.91,warning,1.61,,CAMERA_ONLY
0,69.8810,cam_2,CAM_ONLY,19.4174,,10.5844,8.8330,,83.4529,,0,,17.02,0.83,warning,1.61,,CAMERA_ONLY
0,69.8810,t1342,LIDAR_ONLY,10.7724,10.7724,10.5844,0.1880,0.1880,1.7762,1.7762,1,1,17.02,0.83,cautious,-0.63,front,LIDAR_ONLY
0,69.8810,t1342,LIDAR_ONLY,10.7205,10.7205,10.5844,0.1361,0.1361,1.2855,1.2855,1,1,17.02,0.83,cautious,3.49,front,LIDAR_ONLY
0,69.9407,cam_2,CAM_ONLY,19.4663,,10.5844,8.8819,,83.9151,,0,,11.31,1.15,warning,1.61,,CAMERA_ONLY
0,69.9407,t1348,LIDAR_ONLY,11.0687,11.0687,,,,,,,,11.31,1.15,cautious,26.99,front,LIDAR_ONLY
0,70.0029,cam_2,CAM_ONLY,19.3727,,10.5844,8.7882,,83.0299,,0,,15.97,1.19,warning,1.61,,CAMERA_ONLY
0,70.0639,cam_2,CAM_ONLY,19.3999,,10.5844,8.8155,,83.2876,,0,,12.26,0.88,warning,1.61,,CAMERA_ONLY
0,70.1297,cam_2,CAM_ONLY,19.4465,,10.5844,8.8621,,83.7273,,0,,16.52,0.91,warning,1.61,,CAMERA_ONLY
0,70.1297,t1353,LIDAR_ONLY,10.7690,10.7690,10.5844,0.1846,0.1846,1.7444,1.7444,1,1,16.52,0.91,cautious,-1.58,front,LIDAR_ONLY
0,70.1297,t1353,LIDAR_ONLY,10.7258,10.7258,10.5844,0.1414,0.1414,1.3361,1.3361,1,1,16.52,0.91,cautious,2.49,front,LIDAR_ONLY
0,70.1978,cam_2,CAM_ONLY,19.3460,,10.5844,8.7616,,82.7783,,0,,12.56,1.02,warning,1.61,,CAMERA_ONLY
0,70.2595,cam_2,CAM_ONLY,19.4541,,10.5844,8.8696,,83.7991,,0,,13.00,0.94,warning,1.61,,CAMERA_ONLY
0,70.3185,cam_2,CAM_ONLY,19.4538,,10.5844,8.8694,,83.7964,,0,,9.64,0.96,warning,1.61,,CAMERA_ONLY
0,70.3826,cam_2,CAM_ONLY,19.4601,,10.5844,8.8757,,83.8565,,0,,14.52,0.95,warning,1.61,,CAMERA_ONLY
0,70.3826,t1358,LIDAR_ONLY,22.2400,22.2400,68.3502,46.1102,46.1102,67.4617,67.4617,0,0,14.52,0.95,drive,17.11,front,LIDAR_ONLY
0,70.3826,t1358,LIDAR_ONLY,18.4021,18.4021,68.3502,49.9480,49.9480,73.0767,73.0767,0,0,14.52,0.95,drive,21.13,front,LIDAR_ONLY
0,70.3826,t1358,LIDAR_ONLY,15.6328,15.6328,68.3502,52.7174,52.7174,77.1284,77.1284,0,0,14.52,0.95,drive,25.16,front,LIDAR_ONLY
0,70.3826,t1359,LIDAR_ONLY,10.8225,10.8225,10.5844,0.2380,0.2380,2.2490,2.2490,1,1,14.52,0.95,cautious,-3.03,front,LIDAR_ONLY
0,70.3826,t1359,LIDAR_ONLY,10.7035,10.7035,10.5844,0.1191,0.1191,1.1251,1.1251,1,1,14.52,0.95,cautious,5.03,front,LIDAR_ONLY
0,70.4474,cam_2,CAM_ONLY,19.3631,,10.5844,8.7787,,82.9400,,0,,17.22,1.28,warning,1.61,,CAMERA_ONLY
0,70.5096,cam_2,CAM_ONLY,19.4178,,10.5844,8.8334,,83.4563,,0,,11.37,0.99,warning,1.61,,CAMERA_ONLY
0,70.5638,cam_2,CAM_ONLY,19.3267,,10.5844,8.7422,,82.5954,,0,,10.08,0.87,warning,1.61,,CAMERA_ONLY
0,70.6237,cam_2,CAM_ONLY,19.5048,,10.5844,8.9204,,84.2786,,0,,12.68,1.05,warning,1.61,,CAMERA_ONLY
0,70.6823,cam_2,CAM_ONLY,19.4038,,10.5844,8.8193,,83.3238,,0,,9.79,0.75,warning,1.61,,CAMERA_ONLY
0,70.7535,cam_2,CAM_ONLY,19.4294,,10.5844,8.8449,,83.5658,,0,,22.01,1.22,warning,1.61,,CAMERA_ONLY
0,70.8131,cam_2,CAM_ONLY,19.2698,,10.5844,8.6854,,82.0582,,0,,13.33,0.85,warning,1.61,,CAMERA_ONLY
0,70.8765,cam_2,CAM_ONLY,19.4323,,10.5844,8.8479,,83.5937,,0,,14.67,0.91,warning,1.61,,CAMERA_ONLY
0,70.9391,cam_2,CAM_ONLY,19.4867,,10.5844,8.9023,,84.1072,,0,,15.36,1.21,warning,1.61,,CAMERA_ONLY
0,70.9391,t1372,LIDAR_ONLY,9.9080,9.9080,,,,,,,,15.36,1.21,cautious,29.50,front,LIDAR_ONLY
0,70.9391,t1372,LIDAR_ONLY,10.3113,10.3113,,,,,,,,15.36,1.21,cautious,25.30,front,LIDAR_ONLY
0,70.9391,t1373,LIDAR_ONLY,10.8644,10.8644,10.5844,0.2800,0.2800,2.6450,2.6450,1,1,15.36,1.21,cautious,-4.07,front,LIDAR_ONLY
0,70.9391,t1373,LIDAR_ONLY,10.7932,10.7932,10.5844,0.2088,0.2088,1.9725,1.9725,1,1,15.36,1.21,cautious,0.13,front,LIDAR_ONLY
0,70.9391,t1373,LIDAR_ONLY,10.7326,10.7326,10.5844,0.1481,0.1481,1.3996,1.3996,1,1,15.36,1.21,cautious,4.33,front,LIDAR_ONLY
0,70.9974,cam_2,CAM_ONLY,19.4352,,10.5844,8.8508,,83.6210,,0,,9.77,0.97,warning,1.61,,CAMERA_ONLY
0,71.0591,cam_2,CAM_ONLY,19.3843,,10.5844,8.7999,,83.1402,,0,,12.67,1.08,warning,1.61,,CAMERA_ONLY
0,71.1194,cam_2,CAM_ONLY,19.3072,,10.5844,8.7228,,82.4120,,0,,11.52,0.98,warning,1.61,,CAMERA_ONLY
0,71.1827,t1379,BOTH,19.4368,24.2795,10.5844,8.8524,13.6950,83.6357,129.3887,0,0,15.05,0.92,warning,1.61,,FULL_ANGLE
0,71.1827,t1380,LIDAR_ONLY,10.7228,10.7228,10.5844,0.1383,0.1383,1.3071,1.3071,1,1,15.05,0.92,cautious,0.05,front,LIDAR_ONLY
0,71.1827,t1380,LIDAR_ONLY,10.6785,10.6785,10.5844,0.0941,0.0941,0.8887,0.8887,1,1,15.05,0.92,cautious,4.13,front,LIDAR_ONLY
0,71.1827,t1380,LIDAR_ONLY,10.6905,10.6905,10.5844,0.1061,0.1061,1.0024,1.0024,1,1,15.05,0.92,cautious,-4.02,front,LIDAR_ONLY
0,71.2406,cam_2,CAM_ONLY,19.3875,,10.5844,8.8031,,83.1703,,0,,12.85,1.26,warning,1.61,,CAMERA_ONLY
0,71.2406,t1379,LIDAR_ONLY,19.0305,19.0305,,,,,,,,12.85,1.26,drive,20.61,front,LIDAR_ONLY
0,71.2406,t1379,LIDAR_ONLY,16.8038,16.8038,,,,,,,,12.85,1.26,drive,24.72,front,LIDAR_ONLY
0,71.2406,t1379,LIDAR_ONLY,14.5699,14.5699,,,,,,,,12.85,1.26,cautious,28.82,front,LIDAR_ONLY
0,71.3027,cam_2,CAM_ONLY,19.4486,,10.5844,8.8642,,83.7477,,0,,12.68,1.22,warning,1.61,,CAMERA_ONLY
0,71.3638,cam_2,CAM_ONLY,19.3910,,10.5844,8.8066,,83.2036,,0,,11.90,0.83,warning,1.61,,CAMERA_ONLY
0,71.4411,t1387,BOTH,19.3200,26.1629,68.3502,49.0301,42.1873,71.7338,61.7223,0,0,15.28,2.08,warning,1.61,,FULL_ANGLE
0,71.4411,t1379,LIDAR_ONLY,13.1567,13.1567,,,,,,,,15.28,2.08,cautious,28.42,front,LIDAR_ONLY
0,71.4411,t1387,LIDAR_ONLY,20.7686,20.7686,68.3502,47.5816,47.5816,69.6145,69.6145,0,0,15.28,2.08,drive,20.00,front,LIDAR_ONLY
0,71.4411,t1387,LIDAR_ONLY,18.3438,18.3438,68.3502,50.0064,50.0064,73.1620,73.1620,0,0,15.28,2.08,drive,24.21,front,LIDAR_ONLY
0,71.4411,t1388,LIDAR_ONLY,10.7529,10.7529,10.5844,0.1685,0.1685,1.5919,1.5919,1,1,15.28,2.08,cautious,-1.05,front,LIDAR_ONLY
0,71.5234,cam_2,CAM_ONLY,19.3862,,10.5844,8.8018,,83.1578,,0,,19.49,1.36,warning,1.61,,CAMERA_ONLY
0,71.5784,cam_2,CAM_ONLY,19.3939,,10.5844,8.8094,,83.2303,,0,,12.34,0.89,warning,1.61,,CAMERA_ONLY
0,71.6402,cam_2,CAM_ONLY,19.4154,,10.5844,8.8309,,83.4334,,0,,15.16,1.33,warning,1.61,,CAMERA_ONLY
0,71.6402,t1387,LIDAR_ONLY,16.8457,16.8457,68.3502,51.5044,51.5044,75.3538,75.3538,0,0,15.16,1.33,drive,22.17,front,LIDAR_ONLY
0,71.6402,t1387,LIDAR_ONLY,17.0288,17.0288,68.3502,51.3213,51.3213,75.0859,75.0859,0,0,15.16,1.33,drive,18.15,front,LIDAR_ONLY
0,71.6402,t1388,LIDAR_ONLY,10.6631,10.6631,10.5844,0.0786,0.0786,0.7429,0.7429,1,1,15.16,1.33,cautious,6.09,front,LIDAR_ONLY
0,71.6402,t1379,LIDAR_ONLY,11.7661,11.7661,,,,,,,,15.16,1.33,cautious,26.19,front,LIDAR_ONLY
0,71.6402,t1388,LIDAR_ONLY,10.6731,10.6731,10.5844,0.0887,0.0887,0.8382,0.8382,1,1,15.16,1.33,cautious,-1.95,front,LIDAR_ONLY
0,71.6402,t1388,LIDAR_ONLY,10.6787,10.6787,10.5844,0.0943,0.0943,0.8906,0.8906,1,1,15.16,1.33,cautious,2.07,front,LIDAR_ONLY
0,71.7055,cam_2,CAM_ONLY,19.4448,,10.5844,8.8604,,83.7120,,0,,18.20,1.18,warning,1.61,,CAMERA_ONLY
0,71.7654,cam_2,CAM_ONLY,19.5789,,10.5844,8.9945,,84.9787,,0,,12.85,0.76,warning,1.61,,CAMERA_ONLY
0,71.8297,cam_2,CAM_ONLY,19.4846,,10.5844,8.9002,,84.0875,,0,,14.20,0.92,warning,1.61,,CAMERA_ONLY
0,71.8941,cam_2,CAM_ONLY,19.3752,,10.5844,8.7908,,83.0544,,0,,16.90,1.08,warning,1.61,,CAMERA_ONLY
0,71.9570,cam_2,CAM_ONLY,19.4352,,10.5844,8.8508,,83.6207,,0,,14.68,0.82,warning,1.61,,CAMERA_ONLY
0,72.0126,cam_2,CAM_ONLY,19.4554,,10.5844,8.8710,,83.8119,,0,,11.68,0.95,warning,1.61,,CAMERA_ONLY
0,72.0723,cam_2,CAM_ONLY,19.3726,,10.5844,8.7882,,83.0298,,0,,9.42,1.02,warning,1.61,,CAMERA_ONLY
0,72.1236,cam_2,CAM_ONLY,19.4294,,10.5844,8.8450,,83.5659,,0,,9.15,0.98,warning,1.61,,CAMERA_ONLY
0,72.1845,cam_2,CAM_ONLY,19.3815,,10.5844,8.7971,,83.1135,,0,,15.02,0.86,warning,1.61,,CAMERA_ONLY
0,72.1845,t1407,LIDAR_ONLY,10.7811,10.7811,10.5844,0.1967,0.1967,1.8579,1.8579,1,1,15.02,0.86,cautious,-1.93,front,LIDAR_ONLY
0,72.1845,t1407,LIDAR_ONLY,10.7303,10.7303,10.5844,0.1459,0.1459,1.3785,1.3785,1,1,15.02,0.86,cautious,2.10,front,LIDAR_ONLY
0,72.2541,cam_2,CAM_ONLY,19.3277,,10.5844,8.7433,,82.6055,,0,,21.52,1.27,warning,1.61,,CAMERA_ONLY
0,72.3130,cam_2,CAM_ONLY,19.4861,,10.5844,8.9016,,84.1014,,0,,11.89,0.83,warning,1.61,,CAMERA_ONLY
0,72.3789,cam_2,CAM_ONLY,19.4317,,10.5844,8.8473,,83.5876,,0,,10.75,0.81,warning,1.61,,CAMERA_ONLY
0,72.4437,cam_2,CAM_ONLY,19.5664,,10.5844,8.9820,,84.8603,,0,,16.80,1.09,warning,1.61,,CAMERA_ONLY
0,72.4972,cam_2,CAM_ONLY,19.4708,,10.5844,8.8864,,83.9573,,0,,10.33,1.01,warning,1.61,,CAMERA_ONLY
0,72.5523,cam_2,CAM_ONLY,19.4925,,10.5844,8.9080,,84.1618,,0,,10.50,1.15,warning,1.61,,CAMERA_ONLY
0,72.6147,cam_2,CAM_ONLY,19.3979,,10.5844,8.8134,,83.2681,,0,,12.05,1.08,warning,1.61,,CAMERA_ONLY
0,72.6910,cam_2,CAM_ONLY,19.4150,,10.5844,8.8306,,83.4302,,0,,15.63,1.27,warning,1.61,,CAMERA_ONLY
0,72.6910,t1423,LIDAR_ONLY,13.5736,13.5736,,,,,,,,15.63,1.27,cautious,23.11,front,LIDAR_ONLY
0,72.6910,t1423,LIDAR_ONLY,12.5232,12.5232,,,,,,,,15.63,1.27,cautious,27.19,front,LIDAR_ONLY
0,72.7589,cam_2,CAM_ONLY,19.4535,,10.5844,8.8690,,83.7934,,0,,13.69,1.22,warning,1.61,,CAMERA_ONLY
0,72.8208,cam_2,CAM_ONLY,19.4711,,10.5844,8.8867,,83.9599,,0,,12.82,1.12,warning,1.61,,CAMERA_ONLY
0,72.8990,cam_2,CAM_ONLY,19.4121,,10.5844,8.8277,,83.4024,,0,,23.41,1.18,warning,1.61,,CAMERA_ONLY
0,72.9564,cam_2,CAM_ONLY,19.3586,,10.5844,8.7742,,82.8973,,0,,10.97,1.17,warning,1.61,,CAMERA_ONLY
0,73.0176,cam_2,CAM_ONLY,19.6004,,10.5844,9.0160,,85.1818,,0,,13.42,0.96,warning,1.61,,CAMERA_ONLY
0,73.0780,cam_2,CAM_ONLY,19.4728,,10.5844,8.8884,,83.9765,,0,,11.11,0.86,warning,1.61,,CAMERA_ONLY
0,73.1444,cam_2,CAM_ONLY,19.3925,,10.5844,8.8081,,83.2177,,0,,12.75,1.23,warning,1.61,,CAMERA_ONLY
0,73.1444,t1429,LIDAR_ONLY,12.8766,12.8766,68.3502,55.4736,55.4736,81.1608,81.1608,0,0,12.75,1.23,cautious,24.03,front,LIDAR_ONLY
0,73.1444,t1429,LIDAR_ONLY,11.5814,11.5814,68.3502,56.7688,56.7688,83.0558,83.0558,0,0,12.75,1.23,cautious,28.12,front,LIDAR_ONLY
0,73.1444,t1429,LIDAR_ONLY,11.9957,11.9957,68.3502,56.3545,56.3545,82.4497,82.4497,0,0,12.75,1.23,cautious,19.95,front,LIDAR_ONLY
0,73.2078,cam_2,CAM_ONLY,19.3002,,10.5844,8.7157,,82.3450,,0,,14.65,1.05,warning,1.61,,CAMERA_ONLY
0,73.2693,cam_2,CAM_ONLY,19.3512,,10.5844,8.7667,,82.8269,,0,,11.95,0.96,warning,1.61,,CAMERA_ONLY
0,73.3291,cam_2,CAM_ONLY,19.3789,,10.5844,8.7945,,83.0889,,0,,13.46,0.74,warning,1.61,,CAMERA_ONLY
0,73.3895,cam_2,CAM_ONLY,19.4576,,10.5844,8.8732,,83.8322,,0,,13.17,1.25,warning,1.61,,CAMERA_ONLY
0,73.3895,t1433,LIDAR_ONLY,13.2949,13.2949,68.3502,55.0553,55.0553,80.5489,80.5489,0,0,13.17,1.25,cautious,23.47,front,LIDAR_ONLY
0,73.3895,t1433,LIDAR_ONLY,11.9433,11.9433,68.3502,56.4068,56.4068,82.5262,82.5262,0,0,13.17,1.25,cautious,27.47,front,LIDAR_ONLY
0,73.3895,t1434,LIDAR_ONLY,10.7390,10.7390,10.5844,0.1546,0.1546,1.4608,1.4608,1,1,13.17,1.25,cautious,-0.56,front,LIDAR_ONLY
0,73.3895,t1433,LIDAR_ONLY,12.2997,12.2997,68.3502,56.0504,56.0504,82.0048,82.0048,0,0,13.17,1.25,cautious,19.46,front,LIDAR_ONLY
0,73.3895,t1434,LIDAR_ONLY,10.6867,10.6867,10.5844,0.1022,0.1022,0.9659,0.9659,1,1,13.17,1.25,cautious,3.44,front,LIDAR_ONLY
0,73.4589,cam_2,CAM_ONLY,19.4789,,10.5844,8.8945,,84.0339,,0,,14.49,1.20,warning,1.61,,CAMERA_ONLY
0,73.5209,cam_2,CAM_ONLY,19.4285,,10.5844,8.8441,,83.5576,,0,,11.50,1.10,warning,1.61,,CAMERA_ONLY
0,73.5799,cam_2,CAM_ONLY,19.3363,,10.5844,8.7519,,82.6867,,0,,10.13,0.94,warning,1.61,,CAMERA_ONLY
0,73.6404,cam_2,CAM_ONLY,19.5436,,10.5844,8.9592,,84.6453,,0,,13.62,1.32,warning,1.61,,CAMERA_ONLY
0,73.6404,t1444,LIDAR_ONLY,13.7506,13.7506,68.3502,54.5996,54.5996,79.8821,79.8821,0,0,13.62,1.32,cautious,22.89,front,LIDAR_ONLY
0,73.6404,t1444,LIDAR_ONLY,12.4007,12.4007,68.3502,55.9495,55.9495,81.8572,81.8572,0,0,13.62,1.32,cautious,26.99,front,LIDAR_ONLY
0,73.6404,t1444,LIDAR_ONLY,12.8678,12.8678,68.3502,55.4823,55.4823,81.1737,81.1737,0,0,13.62,1.32,cautious,18.78,front,LIDAR_ONLY
0,73.6404,t1445,LIDAR_ONLY,10.7748,10.7748,10.5844,0.1904,0.1904,1.7988,1.7988,1,1,13.62,1.32,cautious,-1.74,front,LIDAR_ONLY
0,73.6404,t1445,LIDAR_ONLY,10.7100,10.7100,10.5844,0.1255,0.1255,1.1861,1.1861,1,1,13.62,1.32,cautious,2.36,front,LIDAR_ONLY
0,73.6404,t1445,LIDAR_ONLY,10.6678,10.6678,10.5844,0.0834,0.0834,0.7879,0.7879,1,1,13.62,1.32,cautious,6.47,front,LIDAR_ONLY
0,73.7055,cam_2,CAM_ONLY,19.4402,,10.5844,8.8558,,83.6685,,0,,15.50,1.20,warning,1.61,,CAMERA_ONLY
0,73.7664,cam_2,CAM_ONLY,19.4266,,10.5844,8.8421,,83.5392,,0,,12.80,0.96,warning,1.61,,CAMERA_ONLY
0,73.8347,cam_2,CAM_ONLY,19.4167,,10.5844,8.8323,,83.4460,,0,,14.75,1.31,warning,1.61,,CAMERA_ONLY
0,73.8347,t1444,LIDAR_ONLY,13.1729,13.1729,,,,,,,,14.75,1.31,cautious,22.96,front,LIDAR_ONLY
0,73.8347,t1444,LIDAR_ONLY,13.6075,13.6075,,,,,,,,14.75,1.31,cautious,18.77,front,LIDAR_ONLY
0,73.8347,t1444,LIDAR_ONLY,13.7539,13.7539,,,,,,,,14.75,1.31,cautious,27.15,front,LIDAR_ONLY
0,73.8958,cam_2,CAM_ONLY,19.3569,,10.5844,8.7724,,82.8808,,0,,10.41,1.01,warning,1.61,,CAMERA_ONLY
0,73.9655,cam_2,CAM_ONLY,19.3892,,10.5844,8.8048,,83.1862,,0,,16.00,0.88,warning,1.61,,CAMERA_ONLY
0,74.0244,cam_2,CAM_ONLY,19.4383,,10.5844,8.8539,,83.6505,,0,,13.03,1.02,warning,1.61,,CAMERA_ONLY
0,74.0938,cam_2,CAM_ONLY,19.4249,,10.5844,8.8405,,83.5236,,0,,11.49,1.37,warning,1.61,,CAMERA_ONLY
0,74.0938,t1455,LIDAR_ONLY,13.7759,13.7759,68.3502,54.5743,54.5743,79.8451,79.8451,0,0,11.49,1.37,cautious,22.86,front,LIDAR_ONLY
0,74.0938,t1455,LIDAR_ONLY,12.1685,12.1685,68.3502,56.1817,56.1817,82.1969,82.1969,0,0,11.49,1.37,cautious,26.91,front,LIDAR_ONLY
0,74.0938,t1455,LIDAR_ONLY,12.6126,12.6126,68.3502,55.7375,55.7375,81.5470,81.5470,0,0,11.49,1.37,cautious,18.80,front,LIDAR_ONLY
0,74.0938,t1456,LIDAR_ONLY,10.7654,10.7654,10.5844,0.1810,0.1810,1.7103,1.7103,1,1,11.49,1.37,cautious,-1.47,front,LIDAR_ONLY
0,74.0938,t1456,LIDAR_ONLY,10.7176,10.7176,10.5844,0.1332,0.1332,1.2586,1.2586,1,1,11.49,1.37,cautious,2.59,front,LIDAR_ONLY
0,74.0938,t1456,LIDAR_ONLY,10.6771,10.6771,10.5844,0.0927,0.0927,0.8756,0.8756,1,1,11.49,1.37,cautious,6.64,front,LIDAR_ONLY
0,74.1552,cam_2,CAM_ONLY,19.4141,,10.5844,8.8297,,83.4217,,0,,12.27,1.25,warning,1.61,,CAMERA_ONLY
0,74.2178,cam_2,CAM_ONLY,19.3182,,10.5844,8.7338,,82.5158,,0,,14.75,1.11,warning,1.61,,CAMERA_ONLY
0,74.2773,cam_2,CAM_ONLY,19.3340,,10.5844,8.7496,,82.6645,,0,,12.25,1.03,warning,1.61,,CAMERA_ONLY
0,74.3450,cam_2,CAM_ONLY,19.5183,,10.5844,8.9339,,84.4059,,0,,14.43,1.16,warning,1.61,,CAMERA_ONLY
0,74.4200,cam_2,CAM_ONLY,19.3582,,10.5844,8.7738,,82.8936,,0,,14.49,1.02,warning,1.61,,CAMERA_ONLY
0,74.4797,cam_2,CAM_ONLY,19.5300,,10.5844,8.9456,,84.5163,,0,,12.27,0.83,warning,1.61,,CAMERA_ONLY
0,74.5419,cam_2,CAM_ONLY,19.2956,,10.5844,8.7112,,82.3024,,0,,14.46,1.28,warning,1.61,,CAMERA_ONLY
0,74.5419,t1467,LIDAR_ONLY,9.9988,9.9988,36.6077,26.6089,26.6089,72.6866,72.6866,0,0,14.46,1.28,cautious,29.28,front,LIDAR_ONLY
0,74.5419,t1467,LIDAR_ONLY,10.2459,10.2459,36.6077,26.3619,26.3619,72.0117,72.0117,0,0,14.46,1.28,cautious,25.23,front,LIDAR_ONLY
0,74.5419,t1467,LIDAR_ONLY,10.8611,10.8611,36.6077,25.7466,25.7466,70.3310,70.3310,0,0,14.46,1.28,cautious,21.18,front,LIDAR_ONLY
0,74.5419,t1467,LIDAR_ONLY,11.7777,11.7777,36.6077,24.8300,24.8300,67.8273,67.8273,0,0,14.46,1.28,cautious,17.14,front,LIDAR_ONLY
0,74.5419,t1468,LIDAR_ONLY,10.6398,10.6398,10.5844,0.0553,0.0553,0.5228,0.5228,1,1,14.46,1.28,cautious,4.99,front,LIDAR_ONLY
0,74.5971,cam_2,CAM_ONLY,19.4389,,10.5844,8.8545,,83.6557,,0,,11.02,1.00,warning,1.61,,CAMERA_ONLY
0,74.6647,cam_2,CAM_ONLY,19.3259,,10.5844,8.7415,,82.5882,,0,,10.54,0.89,warning,1.61,,CAMERA_ONLY
0,74.7247,cam_2,CAM_ONLY,19.4436,,10.5844,8.8592,,83.7002,,0,,14.91,1.27,warning,1.61,,CAMERA_ONLY
0,74.7856,cam_2,CAM_ONLY,19.3992,,10.5844,8.8147,,83.2804,,0,,13.68,1.01,warning,1.61,,CAMERA_ONLY
0,74.7856,t1475,LIDAR_ONLY,11.5676,11.5676,,,,,,,,13.68,1.01,cautious,26.08,front,LIDAR_ONLY
0,74.7856,t1476,LIDAR_ONLY,10.6807,10.6807,10.5844,0.0963,0.0963,0.9094,0.9094,1,1,13.68,1.01,cautious,1.97,front,LIDAR_ONLY
0,74.7856,t1476,LIDAR_ONLY,10.6468,10.6468,10.5844,0.0624,0.0624,0.5894,0.5894,1,1,13.68,1.01,cautious,5.99,front,LIDAR_ONLY
0,74.7856,t1476,LIDAR_ONLY,10.6549,10.6549,10.5844,0.0705,0.0705,0.6658,0.6658,1,1,13.68,1.01,cautious,-2.05,front,LIDAR_ONLY
0,74.8450,cam_2,CAM_ONLY,19.4241,,10.5844,8.8397,,83.5161,,0,,8.95,1.47,warning,1.61,,CAMERA_ONLY
0,74.8450,t1475,LIDAR_ONLY,11.5723,11.5723,,,,,,,,8.95,1.47,cautious,26.03,front,LIDAR_ONLY
0,74.9180,cam_2,CAM_ONLY,19.4261,,10.5844,8.8417,,83.5352,,0,,20.66,1.92,warning,1.61,,CAMERA_ONLY
0,74.9773,cam_2,CAM_ONLY,19.5173,,10.5844,8.9328,,84.3962,,0,,9.64,0.91,warning,1.61,,CAMERA_ONLY
0,75.0554,cam_2,CAM_ONLY,19.4846,,10.5844,8.9001,,84.0871,,0,,17.02,1.23,warning,1.61,,CAMERA_ONLY
0,75.1205,cam_2,CAM_ONLY,19.4350,,10.5844,8.8506,,83.6190,,0,,14.68,0.95,warning,1.61,,CAMERA_ONLY
0,75.1815,cam_2,CAM_ONLY,19.3223,,10.5844,8.7379,,82.5541,,0,,16.69,0.76,warning,1.61,,CAMERA_ONLY
0,75.1815,t1483,LIDAR_ONLY,10.8166,10.8166,10.5844,0.2322,0.2322,2.1935,2.1935,1,1,16.69,0.76,cautious,-2.84,front,LIDAR_ONLY
0,75.2606,cam_2,CAM_ONLY,19.3534,,10.5844,8.7690,,82.8484,,0,,24.03,1.11,warning,1.61,,CAMERA_ONLY
0,75.3220,cam_2,CAM_ONLY,19.3746,,10.5844,8.7902,,83.0484,,0,,13.02,1.17,warning,1.61,,CAMERA_ONLY
0,75.3817,cam_2,CAM_ONLY,19.5057,,10.5844,8.9213,,84.2873,,0,,11.92,0.86,warning,1.61,,CAMERA_ONLY
0,75.3817,t1483,LIDAR_ONLY,10.7945,10.7945,10.5844,0.2100,0.2100,1.9844,1.9844,1,1,11.92,0.86,cautious,-1.70,front,LIDAR_ONLY
0,75.3817,t1483,LIDAR_ONLY,10.7370,10.7370,10.5844,0.1526,0.1526,1.4416,1.4416,1,1,11.92,0.86,cautious,2.40,front,LIDAR_ONLY
0,75.4433,cam_2,CAM_ONLY,19.3954,,10.5844,8.8110,,83.2451,,0,,12.27,1.18,warning,1.61,,CAMERA_ONLY
0,75.5026,cam_2,CAM_ONLY,19.3092,,10.5844,8.7248,,82.4305,,0,,10.58,1.18,warning,1.61,,CAMERA_ONLY
0,75.5710,cam_2,CAM_ONLY,19.4085,,10.5844,8.8241,,83.3685,,0,,15.03,0.95,warning,1.61,,CAMERA_ONLY
0,75.6337,cam_2,CAM_ONLY,19.4783,,10.5844,8.8939,,84.0279,,0,,13.10,1.03,warning,1.61,,CAMERA_ONLY
0,75.6337,t1493,LIDAR_ONLY,10.7749,10.7749,10.5844,0.1904,0.1904,1.7993,1.7993,1,1,13.10,1.03,cautious,-1.75,front,LIDAR_ONLY
0,75.6337,t1493,LIDAR_ONLY,10.7222,10.7222,10.5844,0.1378,0.1378,1.3018,1.3018,1,1,13.10,1.03,cautious,2.41,front,LIDAR_ONLY
0,75.6337,t1493,LIDAR_ONLY,10.6789,10.6789,10.5844,0.0945,0.0945,0.8928,0.8928,1,1,13.10,1.03,cautious,6.58,front,LIDAR_ONLY
0,75.6874,cam_2,CAM_ONLY,19.4337,,10.5844,8.8493,,83.6067,,0,,9.67,1.03,warning,1.61,,CAMERA_ONLY
0,75.6874,t1494,LIDAR_ONLY,13.6258,13.6258,68.3502,54.7244,54.7244,80.0648,80.0648,0,0,9.67,1.03,cautious,23.04,front,LIDAR_ONLY
0,75.6874,t1494,LIDAR_ONLY,11.9396,11.9396,68.3502,56.4106,56.4106,82.5317,82.5317,0,0,9.67,1.03,cautious,27.24,front,LIDAR_ONLY
0,75.6874,t1494,LIDAR_ONLY,12.4766,12.4766,68.3502,55.8735,55.8735,81.7460,81.7460,0,0,9.67,1.03,cautious,18.85,front,LIDAR_ONLY
0,75.6874,t1493,LIDAR_ONLY,10.6789,10.6789,10.5844,0.0945,0.0945,0.8926,0.8926,1,1,9.67,1.03,cautious,2.07,front,LIDAR_ONLY
0,75.7546,cam_2,CAM_ONLY,19.4270,,10.5844,8.8426,,83.5436,,0,,15.21,1.36,warning,1.61,,CAMERA_ONLY
0,75.8187,cam_2,CAM_ONLY,19.4096,,10.5844,8.8252,,83.3794,,0,,15.67,0.95,warning,1.61,,CAMERA_ONLY
0,75.8766,cam_2,CAM_ONLY,19.4543,,10.5844,8.8699,,83.8017,,0,,9.18,0.85,warning,1.61,,CAMERA_ONLY
0,75.9374,t1502,BOTH,19.3379,23.9122,10.5844,8.7534,13.3278,82.7013,125.9190,0,0,12.14,1.05,warning,1.61,,FULL_ANGLE
0,75.9374,t1501,LIDAR_ONLY,12.5598,12.5598,,,,,,,,12.14,1.05,cautious,24.49,front,LIDAR_ONLY
0,75.9374,t1501,LIDAR_ONLY,11.1699,11.1699,,,,,,,,12.14,1.05,cautious,28.48,front,LIDAR_ONLY
0,75.9374,t1504,LIDAR_ONLY,10.7118,10.7118,10.5844,0.1274,0.1274,1.2035,1.2035,1,1,12.14,1.05,cautious,0.50,front,LIDAR_ONLY
0,75.9374,t1504,LIDAR_ONLY,10.7257,10.7257,10.5844,0.1412,0.1412,1.3344,1.3344,1,1,12.14,1.05,cautious,-3.50,front,LIDAR_ONLY
0,75.9947,cam_2,CAM_ONLY,19.3131,,10.5844,8.7287,,82.4673,,0,,9.19,1.09,warning,1.61,,CAMERA_ONLY
0,76.0663,cam_2,CAM_ONLY,19.3001,,10.5844,8.7157,,82.3447,,0,,17.03,1.11,warning,1.61,,CAMERA_ONLY
0,76.1279,cam_2,CAM_ONLY,19.4796,,10.5844,8.8952,,84.0405,,0,,12.87,0.84,warning,1.61,,CAMERA_ONLY
0,76.1900,cam_2,CAM_ONLY,19.4061,,10.5844,8.8217,,83.3461,,0,,12.12,1.25,warning,1.61,,CAMERA_ONLY
0,76.1900,t1511,LIDAR_ONLY,11.0954,11.0954,68.3502,57.2547,57.2547,83.7668,83.7668,0,0,12.12,1.25,cautious,26.94,front,LIDAR_ONLY
0,76.1900,t1511,LIDAR_ONLY,12.1748,12.1748,68.3502,56.1754,56.1754,82.1877,82.1877,0,0,12.12,1.25,cautious,18.47,front,LIDAR_ONLY
0,76.1900,t1511,LIDAR_ONLY,12.8710,12.8710,68.3502,55.4792,55.4792,81.1690,81.1690,0,0,12.12,1.25,cautious,22.70,front,LIDAR_ONLY
0,76.1900,t1512,LIDAR_ONLY,10.6893,10.6893,10.5844,0.1049,0.1049,0.9908,0.9908,1,1,12.12,1.25,cautious,1.53,front,LIDAR_ONLY
0,76.1900,t1512,LIDAR_ONLY,10.6583,10.6583,10.5844,0.0739,0.0739,0.6982,0.6982,1,1,12.12,1.25,cautious,5.76,front,LIDAR_ONLY
0,76.2511,cam_2,CAM_ONLY,19.3788,,10.5844,8.7944,,83.0879,,0,,13.19,1.13,warning,1.61,,CAMERA_ONLY
0,76.3175,cam_2,CAM_ONLY,19.5281,,10.5844,8.9437,,84.4983,,0,,16.29,1.15,warning,1.61,,CAMERA_ONLY
0,76.3748,cam_2,CAM_ONLY,19.4660,,10.5844,8.8816,,83.9123,,0,,11.64,0.92,warning,1.61,,CAMERA_ONLY
0,76.4361,cam_2,CAM_ONLY,19.5099,,10.5844,8.9255,,84.3268,,0,,12.73,1.06,warning,1.61,,CAMERA_ONLY
0,76.4361,t1518,LIDAR_ONLY,10.7852,10.7852,68.3502,57.5650,57.5650,84.2207,84.2207,0,0,12.73,1.06,cautious,27.56,front,LIDAR_ONLY
0,76.4361,t1518,LIDAR_ONLY,11.3822,11.3822,68.3502,56.9679,56.9679,83.3472,83.3472,0,0,12.73,1.06,cautious,19.48,front,LIDAR_ONLY
0,76.4361,t1520,LIDAR_ONLY,10.7434,10.7434,10.5844,0.1590,0.1590,1.5018,1.5018,1,1,12.73,1.06,cautious,-0.72,front,LIDAR_ONLY
0,76.4361,t1518,LIDAR_ONLY,11.8477,11.8477,68.3502,56.5024,56.5024,82.6661,82.6661,0,0,12.73,1.06,cautious,23.52,front,LIDAR_ONLY
0,76.4949,cam_2,CAM_ONLY,19.3947,,10.5844,8.8103,,83.2380,,0,,11.92,1.21,warning,1.61,,CAMERA_ONLY
0,76.5568,cam_2,CAM_ONLY,19.5174,,10.5844,8.9330,,84.3974,,0,,14.17,1.26,warning,1.61,,CAMERA_ONLY
0,76.6112,cam_2,CAM_ONLY,19.3894,,10.5844,8.8050,,83.1880,,0,,9.26,1.04,warning,1.61,,CAMERA_ONLY
0,76.6698,cam_2,CAM_ONLY,19.4215,,10.5844,8.8371,,83.4914,,0,,13.50,1.02,warning,1.61,,CAMERA_ONLY
0,76.7285,cam_2,CAM_ONLY,19.4854,,10.5844,8.9010,,84.0953,,0,,12.68,0.81,warning,1.61,,CAMERA_ONLY
0,76.7879,cam_2,CAM_ONLY,19.4344,,10.5844,8.8500,,83.6131,,0,,9.69,1.14,warning,1.61,,CAMERA_ONLY
0,76.7879,t1530,LIDAR_ONLY,14.7659,14.7659,,,,,,,,9.69,1.14,drive,21.73,front,LIDAR_ONLY
0,76.7879,t1530,LIDAR_ONLY,15.5842,15.5842,,,,,,,,9.69,1.14,drive,17.57,front,LIDAR_ONLY
0,76.7879,t1530,LIDAR_ONLY,14.5622,14.5622,,,,,,,,9.69,1.14,cautious,25.89,front,LIDAR_ONLY
0,76.7879,t1531,LIDAR_ONLY,10.6390,10.6390,10.5844,0.0546,0.0546,0.5157,0.5157,1,1,9.69,1.14,cautious,5.08,front,LIDAR_ONLY
0,76.7879,t1531,LIDAR_ONLY,10.6445,10.6445,10.5844,0.0601,0.0601,0.5675,0.5675,1,1,9.69,1.14,cautious,0.92,front,LIDAR_ONLY
0,76.8537,cam_2,CAM_ONLY,19.4345,,10.5844,8.8501,,83.6142,,0,,13.81,1.13,warning,1.61,,CAMERA_ONLY
0,76.9129,cam_2,CAM_ONLY,19.2923,,10.5844,8.7079,,82.2706,,0,,14.01,0.87,warning,1.61,,CAMERA_ONLY
0,76.9734,cam_2,CAM_ONLY,19.3407,,10.5844,8.7563,,82.7281,,0,,13.19,0.92,warning,1.61,,CAMERA_ONLY
0,77.0448,cam_2,CAM_ONLY,19.3431,,10.5844,8.7586,,82.7503,,0,,13.76,1.09,warning,1.61,,CAMERA_ONLY
0,77.1114,cam_2,CAM_ONLY,19.3642,,10.5844,8.7797,,82.9496,,0,,13.04,0.83,warning,1.61,,CAMERA_ONLY
0,77.1762,cam_2,CAM_ONLY,19.4442,,10.5844,8.8598,,83.7064,,0,,18.27,1.08,warning,1.61,,CAMERA_ONLY
0,77.2434,cam_2,CAM_ONLY,19.4396,,10.5844,8.8552,,83.6623,,0,,16.35,1.15,warning,1.61,,CAMERA_ONLY
0,77.3181,cam_2,CAM_ONLY,19.3241,,10.5844,8.7397,,82.5711,,0,,12.56,0.86,warning,1.61,,CAMERA_ONLY
0,77.3744,cam_2,CAM_ONLY,19.4990,,10.5844,8.9146,,84.2235,,0,,11.82,0.86,warning,1.61,,CAMERA_ONLY
0,77.4327,cam_2,CAM_ONLY,19.3652,,10.5844,8.7808,,82.9596,,0,,9.34,1.38,warning,1.61,,CAMERA_ONLY
0,77.4983,cam_2,CAM_ONLY,19.3985,,10.5844,8.8141,,83.2741,,0,,18.65,1.04,warning,1.61,,CAMERA_ONLY
0,77.5598,cam_2,CAM_ONLY,19.4565,,10.5844,8.8720,,83.8218,,0,,13.14,0.96,warning,1.61,,CAMERA_ONLY
0,77.6304,cam_2,CAM_ONLY,19.4390,,10.5844,8.8546,,83.6567,,0,,19.20,0.86,warning,1.61,,CAMERA_ONLY
0,77.6304,t1544,LIDAR_ONLY,10.8042,10.8042,10.5844,0.2198,0.2198,2.0766,2.0766,1,1,19.20,0.86,cautious,-2.53,front,LIDAR_ONLY
0,77.6304,t1544,LIDAR_ONLY,10.7378,10.7378,10.5844,0.1534,0.1534,1.4493,1.4493,1,1,19.20,0.86,cautious,1.67,front,LIDAR_ONLY
0,77.6899,cam_2,CAM_ONLY,19.5175,,10.5844,8.9330,,84.3980,,0,,12.57,1.12,warning,1.61,,CAMERA_ONLY
0,77.6899,t1546,LIDAR_ONLY,20.4981,20.4981,,,,,,,,12.57,1.12,drive,17.87,front,LIDAR_ONLY
0,77.6899,t1546,LIDAR_ONLY,17.4846,17.4846,,,,,,,,12.57,1.12,drive,22.02,front,LIDAR_ONLY
0,77.6899,t1546,LIDAR_ONLY,15.7592,15.7592,,,,,,,,12.57,1.12,drive,26.18,front,LIDAR_ONLY
0,77.6899,t1544,LIDAR_ONLY,10.7226,10.7226,10.5844,0.1382,0.1382,1.3057,1.3057,1,1,12.57,1.12,cautious,1.23,front,LIDAR_ONLY
0,77.6899,t1544,LIDAR_ONLY,10.6923,10.6923,10.5844,0.1079,0.1079,1.0197,1.0197,1,1,12.57,1.12,cautious,5.39,front,LIDAR_ONLY
0,77.7518,cam_2,CAM_ONLY,19.4193,,10.5844,8.8349,,83.4709,,0,,15.00,1.30,warning,1.61,,CAMERA_ONLY
0,77.8104,cam_2,CAM_ONLY,19.4856,,10.5844,8.9012,,84.0975,,0,,12.44,0.94,warning,1.61,,CAMERA_ONLY
0,77.8726,cam_2,CAM_ONLY,19.3593,,10.5844,8.7749,,82.9042,,0,,13.23,0.70,warning,1.61,,CAMERA_ONLY
0,77.9393,cam_2,CAM_ONLY,19.3188,,10.5844,8.7344,,82.5209,,0,,19.01,1.22,warning,1.61,,CAMERA_ONLY
0,77.9393,t1551,LIDAR_ONLY,13.0524,13.0524,68.3502,55.2977,55.2977,80.9036,80.9036,0,0,19.01,1.22,cautious,23.79,front,LIDAR_ONLY
0,77.9393,t1551,LIDAR_ONLY,11.9192,11.9192,68.3502,56.4309,56.4309,82.5615,82.5615,0,0,19.01,1.22,cautious,27.91,front,LIDAR_ONLY
0,77.9393,t1551,LIDAR_ONLY,12.2903,12.2903,68.3502,56.0598,56.0598,82.0186,82.0186,0,0,19.01,1.22,cautious,19.67,front,LIDAR_ONLY
0,77.9393,t1553,LIDAR_ONLY,10.7500,10.7500,10.5844,0.1656,0.1656,1.5648,1.5648,1,1,19.01,1.22,cautious,-0.95,front,LIDAR_ONLY
0,77.9393,t1553,LIDAR_ONLY,10.6919,10.6919,10.5844,0.1075,0.1075,1.0156,1.0156,1,1,19.01,1.22,cautious,3.17,front,LIDAR_ONLY
0,78.0076,cam_2,CAM_ONLY,19.3097,,10.5844,8.7253,,82.4351,,0,,19.43,1.19,warning,1.61,,CAMERA_ONLY
0,78.0771,cam_2,CAM_ONLY,19.3163,,10.5844,8.7319,,82.4976,,0,,18.14,1.15,warning,1.61,,CAMERA_ONLY
0,78.1364,cam_2,CAM_ONLY,19.4142,,10.5844,8.8298,,83.4226,,0,,13.60,1.06,warning,1.61,,CAMERA_ONLY
0,78.1364,t1551,LIDAR_ONLY,12.7333,12.7333,68.3502,55.6169,55.6169,81.3705,81.3705,0,0,13.60,1.06,cautious,19.65,front,LIDAR_ONLY
0,78.1364,t1551,LIDAR_ONLY,12.8296,12.8296,68.3502,55.5206,55.5206,81.2296,81.2296,0,0,13.60,1.06,cautious,27.71,front,LIDAR_ONLY
0,78.1364,t1553,LIDAR_ONLY,10.6956,10.6956,10.5844,0.1112,0.1112,1.0507,1.0507,1,1,13.60,1.06,cautious,-0.51,front,LIDAR_ONLY
0,78.1364,t1551,LIDAR_ONLY,12.9012,12.9012,68.3502,55.4489,55.4489,81.1248,81.1248,0,0,13.60,1.06,cautious,23.68,front,LIDAR_ONLY
0,78.1364,t1553,LIDAR_ONLY,10.6909,10.6909,10.5844,0.1065,0.1065,1.0062,1.0062,1,1,13.60,1.06,cautious,3.53,front,LIDAR_ONLY
0,78.2079,cam_2,CAM_ONLY,19.2976,,10.5844,8.7132,,82.3208,,0,,18.68,0.90,warning,1.61,,CAMERA_ONLY
0,78.2736,cam_2,CAM_ONLY,19.3206,,10.5844,8.7362,,82.5385,,0,,17.99,1.00,warning,1.61,,CAMERA_ONLY
0,78.3374,cam_2,CAM_ONLY,19.3924,,10.5844,8.8079,,83.2160,,0,,11.72,1.20,warning,1.61,,CAMERA_ONLY
0,78.3374,t1551,LIDAR_ONLY,13.2057,13.2057,,,,,,,,11.72,1.20,cautious,22.85,front,LIDAR_ONLY
0,78.3374,t1551,LIDAR_ONLY,13.4299,13.4299,,,,,,,,11.72,1.20,cautious,18.84,front,LIDAR_ONLY
0,78.3374,t1551,LIDAR_ONLY,12.7872,12.7872,,,,,,,,11.72,1.20,cautious,26.86,front,LIDAR_ONLY
0,78.3374,t1553,LIDAR_ONLY,10.6958,10.6958,10.5844,0.1113,0.1113,1.0520,1.0520,1,1,11.72,1.20,cautious,-1.21,front,LIDAR_ONLY
0,78.3374,t1553,LIDAR_ONLY,10.6933,10.6933,10.5844,0.1089,0.1089,1.0290,1.0290,1,1,11.72,1.20,cautious,2.80,front,LIDAR_ONLY
0,78.4125,cam_2,CAM_ONLY,19.3657,,10.5844,8.7813,,82.9647,,0,,22.41,2.07,warning,1.61,,CAMERA_ONLY
0,78.4852,cam_2,CAM_ONLY,19.3577,,10.5844,8.7732,,82.8883,,0,,14.19,0.89,warning,1.61,,CAMERA_ONLY
0,78.4852,t1551,LIDAR_ONLY,12.9868,12.9868,68.3502,55.3634,55.3634,80.9996,80.9996,0,0,14.19,0.89,cautious,23.54,front,LIDAR_ONLY
0,78.4852,t1551,LIDAR_ONLY,12.6958,12.6958,68.3502,55.6543,55.6543,81.4253,81.4253,0,0,14.19,0.89,cautious,27.61,front,LIDAR_ONLY
0,78.4852,t1551,LIDAR_ONLY,12.8109,12.8109,68.3502,55.5393,55.5393,81.2570,81.2570,0,0,14.19,0.89,cautious,19.48,front,LIDAR_ONLY
0,78.5491,cam_2,CAM_ONLY,19.4229,,10.5844,8.8385,,83.5046,,0,,12.83,1.04,warning,1.61,,CAMERA_ONLY
0,78.6150,cam_2,CAM_ONLY,19.3604,,10.5844,8.7760,,82.9144,,0,,13.12,1.98,warning,1.61,,CAMERA_ONLY
0,78.6793,cam_2,CAM_ONLY,19.2994,,10.5844,8.7150,,82.3382,,0,,19.44,1.26,warning,1.61,,CAMERA_ONLY
0,78.7401,cam_2,CAM_ONLY,19.3180,,10.5844,8.7336,,82.5137,,0,,9.78,1.15,warning,1.61,,CAMERA_ONLY
0,78.7401,t1567,LIDAR_ONLY,12.8541,12.8541,,,,,,,,9.78,1.15,cautious,24.06,front,LIDAR_ONLY
0,78.7401,t1567,LIDAR_ONLY,13.3156,13.3156,,,,,,,,9.78,1.15,cautious,19.84,front,LIDAR_ONLY
0,78.7401,t1567,LIDAR_ONLY,13.3004,13.3004,,,,,,,,9.78,1.15,cautious,28.29,front,LIDAR_ONLY
0,78.8046,cam_2,CAM_ONLY,19.2826,,10.5844,8.6982,,82.1789,,0,,16.98,1.21,warning,1.61,,CAMERA_ONLY
0,78.8690,cam_2,CAM_ONLY,19.3587,,10.5844,8.7743,,82.8982,,0,,13.58,0.97,warning,1.61,,CAMERA_ONLY
0,78.9360,cam_2,CAM_ONLY,19.5413,,10.5844,8.9569,,84.6236,,0,,17.56,1.13,warning,1.61,,CAMERA_ONLY
0,78.9360,t1567,LIDAR_ONLY,12.8588,12.8588,68.3502,55.4913,55.4913,81.1868,81.1868,0,0,17.56,1.13,cautious,25.27,front,LIDAR_ONLY
0,78.9360,t1567,LIDAR_ONLY,12.0920,12.0920,68.3502,56.2581,56.2581,82.3087,82.3087,0,0,17.56,1.13,cautious,29.39,front,LIDAR_ONLY
0,78.9360,t1567,LIDAR_ONLY,12.1754,12.1754,68.3502,56.1748,56.1748,82.1868,82.1868,0,0,17.56,1.13,cautious,21.15,front,LIDAR_ONLY
0,78.9360,t1572,LIDAR_ONLY,10.8381,10.8381,10.5844,0.2537,0.2537,2.3966,2.3966,1,1,17.56,1.13,cautious,-3.57,front,LIDAR_ONLY
0,78.9360,t1572,LIDAR_ONLY,10.7672,10.7672,10.5844,0.1828,0.1828,1.7268,1.7268,1,1,17.56,1.13,cautious,0.55,front,LIDAR_ONLY
0,78.9360,t1572,LIDAR_ONLY,10.7040,10.7040,10.5844,0.1196,0.1196,1.1296,1.1296,1,1,17.56,1.13,cautious,4.67,front,LIDAR_ONLY
0,78.9984,cam_2,CAM_ONLY,19.5346,,10.5844,8.9502,,84.5604,,0,,13.64,1.14,warning,1.61,,CAMERA_ONLY
0,79.0495,cam_2,CAM_ONLY,19.4106,,10.5844,8.8262,,83.3887,,0,,9.12,1.12,warning,1.61,,CAMERA_ONLY
0,79.1130,cam_2,CAM_ONLY,19.5337,,10.5844,8.9493,,84.5518,,0,,13.77,0.92,warning,1.61,,CAMERA_ONLY
0,79.1667,cam_2,CAM_ONLY,19.4480,,10.5844,8.8636,,83.7417,,0,,8.95,0.74,warning,1.61,,CAMERA_ONLY
0,79.2288,cam_2,CAM_ONLY,19.3160,,10.5844,8.7316,,82.4947,,0,,20.34,0.83,warning,1.61,,CAMERA_ONLY
0,79.2288,t1574,LIDAR_ONLY,10.7805,10.7805,10.5844,0.1961,0.1961,1.8527,1.8527,1,1,20.34,0.83,cautious,-1.91,front,LIDAR_ONLY
0,79.2986,cam_2,CAM_ONLY,19.3846,,10.5844,8.8002,,83.1430,,0,,18.35,1.04,warning,1.61,,CAMERA_ONLY
0,79.3657,cam_2,CAM_ONLY,19.3890,,10.5844,8.8046,,83.1847,,0,,21.11,1.03,warning,1.61,,CAMERA_ONLY
0,79.4507,cam_2,CAM_ONLY,19.3619,,10.5844,8.7775,,82.9284,,0,,21.71,1.78,warning,1.61,,CAMERA_ONLY
0,79.4507,t1574,LIDAR_ONLY,10.7835,10.7835,10.5844,0.1991,0.1991,1.8809,1.8809,1,1,21.71,1.78,cautious,-2.40,front,LIDAR_ONLY
0,79.4507,t1574,LIDAR_ONLY,10.7622,10.7622,10.5844,0.1778,0.1778,1.6797,1.6797,1,1,21.71,1.78,cautious,1.63,front,LIDAR_ONLY
0,79.4507,t1574,LIDAR_ONLY,10.7258,10.7258,10.5844,0.1414,0.1414,1.3360,1.3360,1,1,21.71,1.78,cautious,5.66,front,LIDAR_ONLY
0,79.5173,cam_2,CAM_ONLY,19.3829,,10.5844,8.7985,,83.1267,,0,,22.10,1.08,warning,1.61,,CAMERA_ONLY
0,79.5821,cam_2,CAM_ONLY,19.4832,,10.5844,8.8988,,84.0748,,0,,11.86,0.77,warning,1.61,,CAMERA_ONLY
0,79.5821,t1574,LIDAR_ONLY,10.7277,10.7277,10.5844,0.1432,0.1432,1.3534,1.3534,1,1,11.86,0.77,cautious,-1.55,front,LIDAR_ONLY
0,79.6453,cam_2,CAM_ONLY,19.4900,,10.5844,8.9056,,84.1388,,0,,10.56,0.98,warning,1.61,,CAMERA_ONLY
0,79.7038,cam_2,CAM_ONLY,19.4614,,10.5844,8.8770,,83.8686,,0,,9.38,1.05,warning,1.61,,CAMERA_ONLY
0,79.7608,cam_2,CAM_ONLY,19.4994,,10.5844,8.9150,,84.2279,,0,,10.80,0.85,warning,1.61,,CAMERA_ONLY
0,79.8273,cam_2,CAM_ONLY,19.3751,,10.5844,8.7907,,83.0532,,0,,16.59,0.83,warning,1.61,,CAMERA_ONLY
0,79.8965,cam_2,CAM_ONLY,19.3267,,10.5844,8.7423,,82.5957,,0,,14.53,1.14,warning,1.61,,CAMERA_ONLY
0,79.9585,cam_2,CAM_ONLY,19.3141,,10.5844,8.7297,,82.4768,,0,,17.16,0.83,warning,1.61,,CAMERA_ONLY
0,80.0190,cam_2,CAM_ONLY,19.2932,,10.5844,8.7088,,82.2792,,0,,12.45,1.07,warning,1.61,,CAMERA_ONLY
0,80.0805,cam_2,CAM_ONLY,19.3143,,10.5844,8.7299,,82.4785,,0,,11.23,0.88,warning,1.61,,CAMERA_ONLY
0,80.1452,cam_2,CAM_ONLY,19.4691,,10.5844,8.8847,,83.9412,,0,,13.83,1.22,warning,1.61,,CAMERA_ONLY
0,80.2124,cam_2,CAM_ONLY,19.4728,,10.5844,8.8884,,83.9764,,0,,16.66,0.93,warning,1.61,,CAMERA_ONLY
0,80.2733,cam_2,CAM_ONLY,19.4179,,10.5844,8.8335,,83.4578,,0,,11.62,1.00,warning,1.61,,CAMERA_ONLY
0,80.3442,cam_2,CAM_ONLY,19.3443,,10.5844,8.7599,,82.7621,,0,,18.49,1.15,warning,1.61,,CAMERA_ONLY
0,80.3992,cam_2,CAM_ONLY,19.3339,,10.5844,8.7495,,82.6636,,0,,9.91,1.07,warning,1.61,,CAMERA_ONLY
0,80.4633,cam_2,CAM_ONLY,19.3669,,10.5844,8.7825,,82.9756,,0,,13.76,0.85,warning,1.61,,CAMERA_ONLY
0,80.5278,cam_2,CAM_ONLY,19.3415,,10.5844,8.7570,,82.7353,,0,,9.13,0.71,warning,1.61,,CAMERA_ONLY
0,80.5908,cam_2,CAM_ONLY,19.4867,,10.5844,8.9022,,84.1070,,0,,14.66,1.03,warning,1.61,,CAMERA_ONLY
0,80.5908,t1598,LIDAR_ONLY,14.8901,14.8901,,,,,,,,14.66,1.03,drive,21.60,front,LIDAR_ONLY
0,80.5908,t1598,LIDAR_ONLY,13.2992,13.2992,,,,,,,,14.66,1.03,cautious,25.80,front,LIDAR_ONLY
0,80.5908,t1599,LIDAR_ONLY,10.6416,10.6416,10.5844,0.0572,0.0572,0.5402,0.5402,1,1,14.66,1.03,cautious,4.78,front,LIDAR_ONLY
0,80.5908,t1599,LIDAR_ONLY,10.6638,10.6638,10.5844,0.0794,0.0794,0.7500,0.7500,1,1,14.66,1.03,cautious,-3.63,front,LIDAR_ONLY
0,80.6540,cam_2,CAM_ONLY,19.4307,,10.5844,8.8463,,83.5783,,0,,18.55,1.13,warning,1.61,,CAMERA_ONLY
0,80.7128,cam_2,CAM_ONLY,19.4570,,10.5844,8.8726,,83.8270,,0,,14.42,0.85,warning,1.61,,CAMERA_ONLY
0,80.7895,cam_2,CAM_ONLY,19.4130,,10.5844,8.8286,,83.4115,,0,,23.74,2.04,warning,1.61,,CAMERA_ONLY
