frame,timestamp_s,obstacle_id,detection_source,cam_dist_m,lidar_dist_m,gt_dist_m,cam_error_m,lidar_error_m,cam_rel_error_pct,lidar_rel_error_pct,cam_within_1m,lidar_within_1m,cam_latency_ms,lidar_latency_ms,danger_level,angle_deg,sector,match_method
0,51.5899,cam_0,CAM_ONLY,33.4001,,33.1049,0.2952,,0.8917,,1,,11.36,2.18,warning,6.51,,CAMERA_ONLY
0,51.5899,t2,LIDAR_ONLY,14.8403,14.8403,12.4397,2.4005,2.4005,19.2973,19.2973,0,0,11.36,2.18,slow,28.44,front,LIDAR_ONLY
0,51.6541,cam_0,CAM_ONLY,32.9137,,32.9862,0.0725,,0.2199,,1,,16.86,3.95,warning,6.73,,CAMERA_ONLY
0,51.7161,cam_0,CAM_ONLY,32.3379,,32.8016,0.4636,,1.4134,,1,,11.31,4.91,warning,7.39,,CAMERA_ONLY
0,51.7804,t9,LIDAR_ONLY,23.2153,23.2153,,,,,,,,13.12,2.35,drive,-14.84,front,LIDAR_ONLY
0,51.7804,t9,LIDAR_ONLY,19.4108,19.4108,,,,,,,,13.12,2.35,cautious,-24.68,front,LIDAR_ONLY
0,51.9799,cam_0,CAM_ONLY,35.6955,,31.9089,3.7866,,11.8670,,0,,12.34,2.40,slowdown,14.62,,CAMERA_ONLY
0,51.9799,t13,LIDAR_ONLY,22.0842,22.0842,,,,,,,,12.34,2.40,drive,-11.62,front,LIDAR_ONLY
0,51.9799,t9,LIDAR_ONLY,18.2222,18.2222,,,,,,,,12.34,2.40,cautious,-19.45,front,LIDAR_ONLY
0,51.9799,t9,LIDAR_ONLY,18.2424,18.2424,,,,,,,,12.34,2.40,cautious,-15.55,front,LIDAR_ONLY
0,52.1933,cam_0,CAM_ONLY,34.4466,,32.2990,2.1477,,6.6493,,0,,22.13,3.18,safe,12.98,,CAMERA_ONLY
0,52.2788,cam_0,CAM_ONLY,33.1863,,32.4558,0.7305,,2.2506,,1,,23.97,6.54,slowdown,12.34,,CAMERA_ONLY
0,52.3331,cam_0,CAM_ONLY,34.8687,,32.5493,2.3194,,7.1258,,0,,11.95,2.12,safe,11.65,,CAMERA_ONLY
0,52.3331,t23,LIDAR_ONLY,20.6219,20.6219,,,,,,,,11.95,2.12,drive,-16.53,front,LIDAR_ONLY
0,52.3331,t23,LIDAR_ONLY,18.6951,18.6951,,,,,,,,11.95,2.12,drive,-23.07,front,LIDAR_ONLY
0,52.3331,t23,LIDAR_ONLY,18.7443,18.7443,,,,,,,,11.95,2.12,drive,-17.65,front,LIDAR_ONLY
0,52.3944,cam_0,CAM_ONLY,36.2833,,32.6496,3.6336,,11.1291,,0,,17.84,3.38,safe,11.40,,CAMERA_ONLY
0,52.4593,cam_0,CAM_ONLY,36.0725,,32.7653,3.3072,,10.0935,,0,,13.58,5.88,safe,10.92,,CAMERA_ONLY
0,52.5279,cam_0,CAM_ONLY,35.4503,,32.8787,2.5717,,7.8217,,0,,13.11,7.89,safe,10.49,,CAMERA_ONLY
0,52.6518,cam_0,CAM_ONLY,34.9377,,33.0796,1.8581,,5.6171,,0,,9.69,4.06,safe,9.80,,CAMERA_ONLY
0,52.7513,cam_0,CAM_ONLY,33.6517,,33.2308,0.4209,,1.2666,,1,,13.79,35.55,safe,9.49,,CAMERA_ONLY
0,52.8117,cam_0,CAM_ONLY,36.6653,,33.3125,3.3528,,10.0647,,0,,11.39,5.10,safe,8.97,,CAMERA_ONLY
0,52.9123,cam_0,CAM_ONLY,34.2835,,33.4496,0.8339,,2.4929,,1,,16.20,41.16,safe,8.75,,CAMERA_ONLY
0,53.1370,cam_0,CAM_ONLY,32.2316,,33.7434,1.5118,,4.4804,,0,,11.75,62.62,slowdown,8.14,,CAMERA_ONLY
0,53.2055,cam_0,CAM_ONLY,33.4784,,33.8216,0.3432,,1.0147,,1,,11.51,4.82,slowdown,7.83,,CAMERA_ONLY
0,53.3582,cam_0,CAM_ONLY,34.2122,,33.9608,0.2514,,0.7402,,1,,17.95,84.17,safe,7.83,,CAMERA_ONLY
0,53.6235,cam_0,CAM_ONLY,35.8954,,34.3547,1.5407,,4.4847,,0,,16.73,5.21,safe,7.74,,CAMERA_ONLY
0,53.6815,cam_0,CAM_ONLY,36.7392,,34.4357,2.3034,,6.6891,,0,,10.26,7.28,safe,7.61,,CAMERA_ONLY
0,53.7658,cam_0,CAM_ONLY,37.7175,,34.5767,3.1408,,9.0835,,0,,19.76,10.20,safe,7.52,,CAMERA_ONLY
0,53.8981,cam_0,CAM_ONLY,34.6814,,34.7785,0.0971,,0.2791,,1,,9.30,3.78,safe,7.39,,CAMERA_ONLY
0,53.9683,cam_0,CAM_ONLY,35.0252,,34.9101,0.1151,,0.3296,,1,,15.67,7.75,safe,7.35,,CAMERA_ONLY
0,54.0280,cam_0,CAM_ONLY,34.9182,,35.0243,0.1061,,0.3031,,1,,9.25,4.71,safe,7.30,,CAMERA_ONLY
0,54.0895,cam_0,CAM_ONLY,37.9098,,35.1414,2.7685,,7.8781,,0,,10.04,2.36,safe,7.30,,CAMERA_ONLY
0,54.1761,cam_0,CAM_ONLY,38.5244,,35.3598,3.1646,,8.9498,,0,,20.75,6.41,safe,7.26,,CAMERA_ONLY
0,54.1761,t50,LIDAR_ONLY,10.8541,10.8541,,,,,,,,20.75,6.41,slow,-24.57,front,LIDAR_ONLY
0,54.1761,t50,LIDAR_ONLY,11.4673,11.4673,,,,,,,,20.75,6.41,slow,-28.20,front,LIDAR_ONLY
0,54.2444,cam_0,CAM_ONLY,38.3816,,35.5301,2.8515,,8.0255,,0,,12.43,4.84,safe,7.21,,CAMERA_ONLY
0,54.3043,cam_0,CAM_ONLY,37.7817,,35.6917,2.0900,,5.8557,,0,,14.61,3.95,safe,7.21,,CAMERA_ONLY
0,54.3731,cam_0,CAM_ONLY,37.2817,,35.8841,1.3976,,3.8948,,0,,15.93,6.39,safe,7.17,,CAMERA_ONLY
0,54.4279,cam_0,CAM_ONLY,37.0928,,36.0275,1.0653,,2.9569,,0,,12.52,3.45,safe,7.17,,CAMERA_ONLY
0,54.4279,t58,LIDAR_ONLY,14.4907,14.4907,,,,,,,,12.52,3.45,cautious,-16.82,front,LIDAR_ONLY
0,54.4279,t58,LIDAR_ONLY,14.7270,14.7270,,,,,,,,12.52,3.45,cautious,-23.46,front,LIDAR_ONLY
0,54.4279,t58,LIDAR_ONLY,15.0768,15.0768,,,,,,,,12.52,3.45,cautious,-20.76,front,LIDAR_ONLY
0,54.5005,cam_0,CAM_ONLY,37.3381,,36.3340,1.0041,,2.7635,,0,,15.03,6.43,safe,7.08,,CAMERA_ONLY
0,54.5800,cam_0,CAM_ONLY,39.5803,,36.6710,2.9093,,7.9335,,0,,15.49,3.37,safe,7.13,,CAMERA_ONLY
0,54.5800,t58,LIDAR_ONLY,15.4535,15.4535,,,,,,,,15.49,3.37,cautious,-13.64,front,LIDAR_ONLY
0,54.5800,t58,LIDAR_ONLY,15.7868,15.7868,,,,,,,,15.49,3.37,cautious,-23.41,front,LIDAR_ONLY
0,54.5800,t58,LIDAR_ONLY,16.4245,16.4245,,,,,,,,15.49,3.37,drive,-25.44,front,LIDAR_ONLY
0,54.6634,cam_0,CAM_ONLY,39.3566,,37.0995,2.2571,,6.0838,,0,,15.07,7.27,safe,7.21,,CAMERA_ONLY
0,54.7317,cam_0,CAM_ONLY,40.1415,,37.4359,2.7057,,7.2275,,0,,12.83,2.46,safe,7.30,,CAMERA_ONLY
0,54.7317,t64,LIDAR_ONLY,19.2758,19.2758,19.4153,0.1395,0.1395,0.7184,0.7184,1,1,12.83,2.46,drive,-7.94,front,LIDAR_ONLY
0,54.7317,t64,LIDAR_ONLY,19.3114,19.3114,19.4153,0.1038,0.1038,0.5349,0.5349,1,1,12.83,2.46,drive,-2.67,front,LIDAR_ONLY
0,54.7317,t64,LIDAR_ONLY,19.3441,19.3441,19.4153,0.0711,0.0711,0.3663,0.3663,1,1,12.83,2.46,drive,-3.02,front,LIDAR_ONLY
0,54.7317,t58,LIDAR_ONLY,16.9041,16.9041,,,,,,,,12.83,2.46,drive,-23.17,front,LIDAR_ONLY
0,54.7317,t58,LIDAR_ONLY,17.1610,17.1610,,,,,,,,12.83,2.46,drive,-26.05,front,LIDAR_ONLY
0,54.7895,cam_0,CAM_ONLY,40.5867,,37.6825,2.9043,,7.7072,,0,,11.43,2.63,safe,7.30,,CAMERA_ONLY
0,54.7895,t64,LIDAR_ONLY,19.4693,19.4693,20.2986,0.8294,0.8294,4.0858,4.0858,1,1,11.43,2.63,drive,-7.35,front,LIDAR_ONLY
0,54.7895,t64,LIDAR_ONLY,19.5659,19.5659,20.2986,0.7328,0.7328,3.6099,3.6099,1,1,11.43,2.63,drive,-2.70,front,LIDAR_ONLY
0,54.8547,cam_0,CAM_ONLY,40.5483,,37.9297,2.6186,,6.9039,,0,,16.87,4.70,safe,7.39,,CAMERA_ONLY
0,54.9272,cam_0,CAM_ONLY,41.2985,,38.2555,3.0430,,7.9543,,0,,20.58,3.42,safe,7.43,,CAMERA_ONLY
0,54.9272,t64,LIDAR_ONLY,20.0929,20.0929,22.4687,2.3758,2.3758,10.5739,10.5739,0,0,20.58,3.42,drive,-5.46,front,LIDAR_ONLY
0,54.9272,t64,LIDAR_ONLY,20.5109,20.5109,22.4687,1.9578,1.9578,8.7133,8.7133,0,0,20.58,3.42,drive,-1.02,front,LIDAR_ONLY
0,54.9272,t58,LIDAR_ONLY,17.7253,17.7253,,,,,,,,20.58,3.42,drive,-22.89,front,LIDAR_ONLY
0,54.9272,t58,LIDAR_ONLY,17.9329,17.9329,,,,,,,,20.58,3.42,drive,-28.36,front,LIDAR_ONLY
0,55.0008,cam_0,CAM_ONLY,42.1885,,38.5551,3.6334,,9.4239,,0,,19.36,5.96,safe,7.52,,CAMERA_ONLY
0,55.0564,cam_0,CAM_ONLY,42.1383,,38.7272,3.4111,,8.8080,,0,,9.65,6.75,safe,7.57,,CAMERA_ONLY
0,55.1328,cam_0,CAM_ONLY,43.4425,,39.0069,4.4357,,11.3716,,0,,20.59,9.18,safe,7.61,,CAMERA_ONLY
0,55.1988,cam_0,CAM_ONLY,42.9042,,39.2095,3.6947,,9.4230,,0,,13.55,5.55,safe,7.65,,CAMERA_ONLY
0,55.2601,cam_0,CAM_ONLY,42.6033,,39.3916,3.2117,,8.1534,,0,,15.45,5.70,safe,7.65,,CAMERA_ONLY
0,55.3150,cam_0,CAM_ONLY,42.6084,,39.5305,3.0779,,7.7862,,0,,9.84,5.99,safe,7.74,,CAMERA_ONLY
0,55.3752,cam_0,CAM_ONLY,45.1176,,39.6962,5.4214,,13.6573,,0,,10.39,4.05,safe,7.79,,CAMERA_ONLY
0,55.4318,t81,BOTH,44.4031,30.6365,39.8075,4.5956,9.1710,11.5445,23.0383,0,0,13.00,2.47,safe,7.79,,FULL_ANGLE
0,55.4917,cam_0,CAM_ONLY,43.4862,,39.9512,3.5350,,8.8482,,0,,16.20,3.87,safe,7.87,,CAMERA_ONLY
0,55.4917,t84,LIDAR_ONLY,27.1109,27.1109,,,,,,,,16.20,3.87,drive,29.48,front,LIDAR_ONLY
0,55.5608,cam_0,CAM_ONLY,43.7724,,40.0593,3.7131,,9.2691,,0,,13.18,6.36,safe,7.92,,CAMERA_ONLY
0,55.6964,cam_0,CAM_ONLY,24.3237,,34.7952,10.4716,,30.0949,,0,,13.71,5.90,safe,1.66,,CAMERA_ONLY
0,55.6964,cam_0,CAM_ONLY,26.2613,,34.7952,8.5339,,24.5262,,0,,13.71,5.90,safe,1.70,,CAMERA_ONLY
0,55.7779,cam_0,CAM_ONLY,27.3109,,35.9525,8.6417,,24.0363,,0,,18.17,2.83,safe,2.42,,CAMERA_ONLY
0,55.7779,t90,LIDAR_ONLY,20.7386,20.7386,,,,,,,,18.17,2.83,drive,-20.61,front,LIDAR_ONLY
0,55.8329,t92,BOTH,27.5617,36.8018,40.2925,12.7307,3.4907,31.5958,8.6634,0,0,9.51,1.26,safe,3.04,,FULL_ANGLE
0,55.8329,t92,BOTH,42.4164,36.8018,40.2925,2.1239,3.4907,5.2713,8.6634,0,0,9.51,1.26,safe,8.44,,FULL_ANGLE
0,55.8329,t90,LIDAR_ONLY,20.4408,20.4408,,,,,,,,9.51,1.26,drive,-21.48,front,LIDAR_ONLY
0,55.8992,cam_0,CAM_ONLY,28.4093,,37.9319,9.5226,,25.1045,,0,,17.87,5.60,safe,3.40,,CAMERA_ONLY
0,55.9627,cam_0,CAM_ONLY,29.4825,,38.8959,9.4134,,24.2016,,0,,15.98,6.85,safe,3.80,,CAMERA_ONLY
0,56.0250,cam_0,CAM_ONLY,30.0591,,40.3668,10.3078,,25.5353,,0,,12.99,3.73,safe,4.02,,CAMERA_ONLY
0,56.0250,cam_0,CAM_ONLY,45.2004,,40.3668,4.8335,,11.9741,,0,,12.99,3.73,safe,8.62,,CAMERA_ONLY
0,56.0860,t100,BOTH,30.4598,40.7083,40.3895,9.9297,0.3188,24.5849,0.7893,0,1,16.01,2.23,safe,4.29,,FULL_ANGLE
0,56.0860,t100,BOTH,45.1651,40.7083,40.3895,4.7755,0.3188,11.8237,0.7893,0,1,16.01,2.23,safe,8.44,,FULL_ANGLE
0,56.1486,cam_0,CAM_ONLY,31.2471,,41.6999,10.4527,,25.0666,,0,,12.97,6.11,safe,4.29,,CAMERA_ONLY
0,56.2211,cam_0,CAM_ONLY,31.3935,,42.8591,11.4656,,26.7518,,0,,12.77,5.46,safe,4.20,,CAMERA_ONLY
0,56.2832,t100,BOTH,33.0176,41.0994,43.6900,10.6723,2.5906,24.4274,5.9295,0,0,12.56,1.54,safe,4.11,,FULL_ANGLE
0,56.2832,t107,LIDAR_ONLY,28.0153,28.0153,,,,,,,,12.56,1.54,drive,28.05,front,LIDAR_ONLY
0,56.3473,cam_0,CAM_ONLY,33.3311,,44.7184,11.3873,,25.4644,,0,,10.52,6.84,safe,4.16,,CAMERA_ONLY
0,56.3473,t107,LIDAR_ONLY,27.6327,27.6327,,,,,,,,10.52,6.84,drive,28.19,front,LIDAR_ONLY
0,56.4798,t100,BOTH,33.6673,42.0425,40.2879,6.6206,1.7547,16.4332,4.3553,0,0,14.11,2.10,safe,4.33,,FULL_ANGLE
0,56.4798,t100,LIDAR_ONLY,41.5987,41.5987,40.2879,1.3108,1.3108,3.2536,3.2536,0,0,14.11,2.10,drive,2.04,front,LIDAR_ONLY
0,56.5494,cam_0,CAM_ONLY,34.0860,,40.2051,6.1190,,15.2195,,0,,16.07,6.36,safe,4.38,,CAMERA_ONLY
0,56.6050,cam_0,CAM_ONLY,35.3597,,40.1177,4.7579,,11.8599,,0,,9.60,3.12,safe,4.60,,CAMERA_ONLY
0,56.6649,cam_0,CAM_ONLY,36.7511,,40.0117,3.2606,,8.1491,,0,,11.02,7.24,safe,4.87,,CAMERA_ONLY
0,56.7800,cam_0,CAM_ONLY,36.7298,,39.7179,2.9881,,7.5234,,0,,9.85,1.47,safe,6.02,,CAMERA_ONLY
0,56.8437,cam_0,CAM_ONLY,36.4235,,39.5304,3.1069,,7.8595,,0,,15.78,3.46,safe,7.04,,CAMERA_ONLY
0,56.8437,t120,LIDAR_ONLY,27.0176,27.0176,,,,,,,,15.78,3.46,drive,29.61,front,LIDAR_ONLY
0,56.8437,t120,LIDAR_ONLY,27.2407,27.2407,,,,,,,,15.78,3.46,drive,27.56,front,LIDAR_ONLY
0,56.9159,cam_0,CAM_ONLY,36.4017,,39.2997,2.8980,,7.3740,,0,,18.65,6.36,safe,7.92,,CAMERA_ONLY
0,57.0296,t126,LIDAR_ONLY,16.6956,16.6956,,,,,,,,9.90,3.33,cautious,-25.45,front,LIDAR_ONLY
0,57.2840,t132,LIDAR_ONLY,16.7637,16.7637,,,,,,,,9.28,1.33,cautious,-25.53,front,LIDAR_ONLY
0,57.2840,t132,LIDAR_ONLY,17.0534,17.0534,,,,,,,,9.28,1.33,cautious,-19.44,front,LIDAR_ONLY
0,57.4292,t132,LIDAR_ONLY,17.4014,17.4014,,,,,,,,15.88,1.20,cautious,-21.46,front,LIDAR_ONLY
0,57.6416,t143,LIDAR_ONLY,31.8855,31.8855,29.5591,2.3264,2.3264,7.8703,7.8703,0,0,10.45,2.83,drive,20.17,front,LIDAR_ONLY
0,57.7023,cam_1,CAM_ONLY,39.2311,,37.2433,1.9878,,5.3373,,0,,9.77,5.94,safe,10.53,,CAMERA_ONLY
0,57.8283,t149,LIDAR_ONLY,16.0104,16.0104,,,,,,,,17.46,2.40,cautious,-27.13,front,LIDAR_ONLY
0,57.8283,t149,LIDAR_ONLY,16.3854,16.3854,,,,,,,,17.46,2.40,cautious,-18.78,front,LIDAR_ONLY
0,57.8836,t150,LIDAR_ONLY,30.8973,30.8973,28.5192,2.3781,2.3781,8.3386,8.3386,0,0,10.54,1.36,drive,22.21,front,LIDAR_ONLY
0,57.8836,t150,LIDAR_ONLY,30.8286,30.8286,28.5192,2.3094,2.3094,8.0978,8.0978,0,0,10.54,1.36,drive,19.72,front,LIDAR_ONLY
0,57.8836,t149,LIDAR_ONLY,16.5299,16.5299,,,,,,,,10.54,1.36,cautious,-26.63,front,LIDAR_ONLY
0,57.9401,t150,LIDAR_ONLY,30.7477,30.7477,28.3279,2.4198,2.4198,8.5420,8.5420,0,0,9.88,2.48,drive,21.78,front,LIDAR_ONLY
0,58.2364,t165,BOTH,39.5645,29.3550,36.1985,3.3659,6.8435,9.2985,18.9055,0,0,10.34,1.68,safe,9.23,,FULL_ANGLE
0,58.2364,t162,LIDAR_ONLY,35.2468,35.2468,,,,,,,,10.34,1.68,drive,-6.46,front,LIDAR_ONLY
0,58.3041,cam_2,CAM_ONLY,39.7239,,36.0819,3.6420,,10.0938,,0,,14.92,5.93,safe,9.10,,CAMERA_ONLY
0,58.3720,cam_2,CAM_ONLY,41.2577,,35.9710,5.2867,,14.6971,,0,,11.80,4.33,safe,8.88,,CAMERA_ONLY
0,58.4546,cam_2,CAM_ONLY,38.5898,,35.8214,2.7684,,7.7284,,0,,24.02,8.81,safe,8.75,,CAMERA_ONLY
0,58.5162,cam_2,CAM_ONLY,37.2859,,35.7127,1.5732,,4.4053,,0,,14.52,3.98,safe,8.62,,CAMERA_ONLY
0,58.5789,cam_2,CAM_ONLY,37.2185,,35.5993,1.6192,,4.5483,,0,,11.83,5.23,safe,8.57,,CAMERA_ONLY
0,58.6429,cam_2,CAM_ONLY,37.4894,,35.4685,2.0209,,5.6977,,0,,13.56,4.08,safe,8.57,,CAMERA_ONLY
0,58.7073,cam_2,CAM_ONLY,38.4870,,35.3468,3.1402,,8.8840,,0,,13.77,5.77,safe,8.62,,CAMERA_ONLY
0,58.7791,t181,BOTH,39.3374,27.1963,35.2143,4.1231,8.0181,11.7087,22.7693,0,0,12.78,1.56,safe,8.49,,FULL_ANGLE
0,58.7791,t182,LIDAR_ONLY,19.7103,19.7103,,,,,,,,12.78,1.56,drive,-22.05,front,LIDAR_ONLY
0,58.7791,t182,LIDAR_ONLY,19.8849,19.8849,,,,,,,,12.78,1.56,drive,-19.87,front,LIDAR_ONLY
0,58.7791,t182,LIDAR_ONLY,19.3396,19.3396,,,,,,,,12.78,1.56,drive,-27.97,front,LIDAR_ONLY
0,58.7791,t182,LIDAR_ONLY,19.1720,19.1720,,,,,,,,12.78,1.56,drive,-24.29,front,LIDAR_ONLY
0,58.8431,cam_2,CAM_ONLY,38.8292,,35.0833,3.7459,,10.6771,,0,,12.81,4.11,safe,8.36,,CAMERA_ONLY
0,58.9038,cam_2,CAM_ONLY,38.0645,,34.9312,3.1333,,8.9699,,0,,9.46,4.05,safe,8.40,,CAMERA_ONLY
0,58.9640,cam_2,CAM_ONLY,38.3154,,34.7736,3.5418,,10.1853,,0,,11.26,6.34,safe,8.62,,CAMERA_ONLY
0,59.0243,cam_2,CAM_ONLY,39.5644,,34.5895,4.9749,,14.3826,,0,,9.74,3.93,safe,8.92,,CAMERA_ONLY
0,59.0847,t188,BOTH,37.2915,25.9491,34.3886,2.9029,8.4394,8.4416,24.5413,0,0,11.67,2.47,safe,9.53,,FULL_ANGLE
0,59.1509,cam_2,CAM_ONLY,38.8099,,34.1279,4.6819,,13.7187,,0,,11.21,5.29,safe,10.23,,CAMERA_ONLY
0,59.2331,t192,LIDAR_ONLY,19.9977,19.9977,,,,,,,,20.56,2.07,drive,-17.99,front,LIDAR_ONLY
0,59.2331,t188,LIDAR_ONLY,25.7316,25.7316,22.8579,2.8737,2.8737,12.5720,12.5720,0,0,20.56,2.07,drive,25.51,front,LIDAR_ONLY
0,59.2331,t192,LIDAR_ONLY,19.1607,19.1607,,,,,,,,20.56,2.07,drive,-21.22,front,LIDAR_ONLY
0,59.3919,t188,LIDAR_ONLY,25.2976,25.2976,22.2672,3.0304,3.0304,13.6092,13.6092,0,0,16.64,2.30,drive,22.38,front,LIDAR_ONLY
0,59.3919,t188,LIDAR_ONLY,25.1915,25.1915,22.2672,2.9243,2.9243,13.1326,13.1326,0,0,16.64,2.30,drive,24.42,front,LIDAR_ONLY
0,59.5342,t202,LIDAR_ONLY,29.6509,29.6509,,,,,,,,12.04,2.51,drive,-9.25,front,LIDAR_ONLY
0,59.5342,t204,LIDAR_ONLY,19.2028,19.2028,,,,,,,,12.04,2.51,drive,-20.65,front,LIDAR_ONLY
0,59.5342,t204,LIDAR_ONLY,19.4436,19.4436,,,,,,,,12.04,2.51,drive,-18.62,front,LIDAR_ONLY
0,59.5896,t188,LIDAR_ONLY,24.5944,24.5944,21.5803,3.0141,3.0141,13.9669,13.9669,0,0,9.20,2.07,drive,23.57,front,LIDAR_ONLY
0,59.8303,t210,LIDAR_ONLY,28.2404,28.2404,,,,,,,,10.90,1.55,drive,-11.43,front,LIDAR_ONLY
0,59.8303,t210,LIDAR_ONLY,24.0782,24.0782,,,,,,,,10.90,1.55,drive,-20.76,front,LIDAR_ONLY
0,59.8842,t210,LIDAR_ONLY,24.5587,24.5587,,,,,,,,9.67,1.34,drive,-11.70,front,LIDAR_ONLY
0,59.8842,t213,LIDAR_ONLY,22.5953,22.5953,20.5392,2.0561,2.0561,10.0105,10.0105,0,0,9.67,1.34,drive,23.56,front,LIDAR_ONLY
0,59.8842,t210,LIDAR_ONLY,24.0497,24.0497,,,,,,,,9.67,1.34,drive,-21.32,front,LIDAR_ONLY
0,59.8842,t210,LIDAR_ONLY,23.5478,23.5478,,,,,,,,9.67,1.34,drive,-18.57,front,LIDAR_ONLY
0,60.0798,t210,LIDAR_ONLY,23.5899,23.5899,,,,,,,,12.20,1.62,drive,-12.65,front,LIDAR_ONLY
0,60.0798,t210,LIDAR_ONLY,23.6094,23.6094,,,,,,,,12.20,1.62,drive,-21.54,front,LIDAR_ONLY
0,60.0798,t210,LIDAR_ONLY,21.1389,21.1389,,,,,,,,12.20,1.62,drive,-27.66,front,LIDAR_ONLY
0,60.1668,cam_3,CAM_ONLY,36.6114,,32.2788,4.3326,,13.4225,,0,,15.60,7.66,safe,7.96,,CAMERA_ONLY
0,60.2537,cam_3,CAM_ONLY,36.8712,,32.2378,4.6334,,14.3727,,0,,21.10,5.16,safe,7.79,,CAMERA_ONLY
0,60.3267,cam_3,CAM_ONLY,36.4104,,32.2245,4.1859,,12.9898,,0,,15.37,5.18,safe,7.79,,CAMERA_ONLY
0,60.3879,cam_3,CAM_ONLY,34.6756,,32.2309,2.4447,,7.5849,,0,,13.97,2.71,slowdown,7.74,,CAMERA_ONLY
0,60.3879,t226,LIDAR_ONLY,20.5195,20.5195,18.5573,1.9621,1.9621,10.5733,10.5733,0,0,13.97,2.71,drive,24.00,front,LIDAR_ONLY
0,60.4509,cam_3,CAM_ONLY,34.9713,,32.2483,2.7230,,8.4439,,0,,10.59,4.25,slowdown,7.70,,CAMERA_ONLY
0,60.5231,cam_3,CAM_ONLY,34.8628,,32.2823,2.5805,,7.9936,,0,,13.15,5.33,slowdown,7.74,,CAMERA_ONLY
0,60.5800,cam_3,CAM_ONLY,34.8538,,32.3163,2.5375,,7.8522,,0,,9.95,1.69,safe,8.09,,CAMERA_ONLY
0,60.5800,t226,LIDAR_ONLY,20.0854,20.0854,17.6997,2.3857,2.3857,13.4789,13.4789,0,0,9.95,1.69,drive,25.16,front,LIDAR_ONLY
0,60.6325,t230,LIDAR_ONLY,24.9259,24.9259,,,,,,,,9.72,1.31,drive,-14.65,front,LIDAR_ONLY
0,60.6325,t226,LIDAR_ONLY,19.9982,19.9982,17.4729,2.5253,2.5253,14.4528,14.4528,0,0,9.72,1.31,drive,23.20,front,LIDAR_ONLY
0,60.6325,t230,LIDAR_ONLY,22.7043,22.7043,,,,,,,,9.72,1.31,drive,-21.67,front,LIDAR_ONLY
0,60.6325,t230,LIDAR_ONLY,22.2697,22.2697,,,,,,,,9.72,1.31,drive,-20.63,front,LIDAR_ONLY
0,60.6325,t230,LIDAR_ONLY,21.8414,21.8414,,,,,,,,9.72,1.31,drive,-19.73,front,LIDAR_ONLY
0,60.6971,t226,LIDAR_ONLY,19.8214,19.8214,17.1060,2.7154,2.7154,15.8740,15.8740,0,0,13.01,5.60,drive,26.31,front,LIDAR_ONLY
0,60.7737,cam_3,CAM_ONLY,37.0027,,32.4336,4.5691,,14.0874,,0,,20.89,3.99,safe,9.62,,CAMERA_ONLY
0,60.8681,cam_3,CAM_ONLY,36.7849,,32.5621,4.2228,,12.9684,,0,,21.59,7.31,safe,10.66,,CAMERA_ONLY
0,60.9326,t240,LIDAR_ONLY,23.7781,23.7781,,,,,,,,13.13,1.33,drive,-14.07,front,LIDAR_ONLY
0,60.9326,t226,LIDAR_ONLY,19.4554,19.4554,16.0518,3.4036,3.4036,21.2037,21.2037,0,0,13.13,1.33,drive,27.84,front,LIDAR_ONLY
0,60.9326,t240,LIDAR_ONLY,21.8776,21.8776,,,,,,,,13.13,1.33,drive,-18.45,front,LIDAR_ONLY
0,60.9326,t240,LIDAR_ONLY,19.9035,19.9035,,,,,,,,13.13,1.33,drive,-24.09,front,LIDAR_ONLY
0,61.1425,t240,LIDAR_ONLY,20.0929,20.0929,,,,,,,,17.89,2.94,drive,-16.14,front,LIDAR_ONLY
0,61.1425,t226,LIDAR_ONLY,18.7297,18.7297,15.3446,3.3851,3.3851,22.0603,22.0603,0,0,17.89,2.94,drive,28.18,front,LIDAR_ONLY
0,61.3399,t226,LIDAR_ONLY,18.4411,18.4411,14.6536,3.7874,3.7874,25.8465,25.8465,0,0,13.65,3.16,drive,24.68,front,LIDAR_ONLY
0,61.3399,t226,LIDAR_ONLY,18.0179,18.0179,14.6536,3.3643,3.3643,22.9588,22.9588,0,0,13.65,3.16,cautious,28.39,front,LIDAR_ONLY
0,61.4803,t256,LIDAR_ONLY,21.5880,21.5880,,,,,,,,15.35,1.34,drive,-18.65,front,LIDAR_ONLY
0,61.4803,t226,LIDAR_ONLY,17.4373,17.4373,14.1648,3.2725,3.2725,23.1027,23.1027,0,0,15.35,1.34,cautious,28.68,front,LIDAR_ONLY
0,61.4803,t256,LIDAR_ONLY,20.0480,20.0480,,,,,,,,15.35,1.34,drive,-24.39,front,LIDAR_ONLY
0,61.5552,t226,LIDAR_ONLY,17.1610,17.1610,13.8986,3.2624,3.2624,23.4728,23.4728,0,0,19.58,5.79,cautious,24.74,front,LIDAR_ONLY
0,61.5552,t226,LIDAR_ONLY,16.6398,16.6398,13.8986,2.7412,2.7412,19.7226,19.7226,0,0,19.58,5.79,cautious,29.14,front,LIDAR_ONLY
0,61.5552,t226,LIDAR_ONLY,16.5391,16.5391,13.8986,2.6405,2.6405,18.9981,18.9981,0,0,19.58,5.79,cautious,25.29,front,LIDAR_ONLY
0,61.6242,cam_4,CAM_ONLY,41.0491,,34.8105,6.2386,,17.9217,,0,,15.23,4.85,safe,8.88,,CAMERA_ONLY
0,61.7090,cam_4,CAM_ONLY,38.8323,,35.0995,3.7328,,10.6350,,0,,25.86,5.58,safe,9.06,,CAMERA_ONLY
0,61.7846,cam_4,CAM_ONLY,39.4755,,35.3747,4.1008,,11.5925,,0,,19.54,2.05,safe,8.97,,CAMERA_ONLY
0,61.7846,t262,LIDAR_ONLY,20.4606,20.4606,,,,,,,,19.54,2.05,drive,-20.39,front,LIDAR_ONLY
0,61.7846,t226,LIDAR_ONLY,16.4664,16.4664,13.1193,3.3471,3.3471,25.5126,25.5126,0,0,19.54,2.05,cautious,23.88,front,LIDAR_ONLY
0,61.7846,t226,LIDAR_ONLY,16.1035,16.1035,13.1193,2.9842,2.9842,22.7463,22.7463,0,0,19.54,2.05,cautious,28.72,front,LIDAR_ONLY
0,61.7846,t262,LIDAR_ONLY,20.2531,20.2531,,,,,,,,19.54,2.05,drive,-21.83,front,LIDAR_ONLY
0,61.8505,cam_4,CAM_ONLY,39.0328,,35.6374,3.3954,,9.5276,,0,,10.47,4.61,safe,8.92,,CAMERA_ONLY
0,61.9243,cam_4,CAM_ONLY,38.8833,,35.8848,2.9985,,8.3560,,0,,13.54,4.07,safe,8.92,,CAMERA_ONLY
0,61.9805,cam_4,CAM_ONLY,38.9480,,36.1326,2.8154,,7.7920,,0,,10.00,1.60,safe,8.88,,CAMERA_ONLY
0,61.9805,t262,LIDAR_ONLY,20.1094,20.1094,,,,,,,,10.00,1.60,drive,-21.41,front,LIDAR_ONLY
0,62.0529,cam_4,CAM_ONLY,37.3675,,36.4153,0.9521,,2.6146,,1,,16.44,3.15,safe,8.88,,CAMERA_ONLY
0,62.1152,cam_4,CAM_ONLY,36.0727,,36.6337,0.5610,,1.5313,,1,,11.52,4.25,safe,8.84,,CAMERA_ONLY
0,62.1938,cam_4,CAM_ONLY,36.4839,,36.9512,0.4674,,1.2648,,1,,21.55,3.98,safe,8.79,,CAMERA_ONLY
0,62.3266,t276,LIDAR_ONLY,18.7286,18.7286,,,,,,,,16.09,2.92,drive,-24.04,front,LIDAR_ONLY
0,62.3266,t276,LIDAR_ONLY,18.8592,18.8592,,,,,,,,16.09,2.92,drive,-21.43,front,LIDAR_ONLY
0,62.7280,t285,LIDAR_ONLY,17.3639,17.3639,,,,,,,,13.26,2.80,cautious,-26.28,front,LIDAR_ONLY
0,63.1880,t296,LIDAR_ONLY,15.6503,15.6503,7.9102,7.7401,7.7401,97.8488,97.8488,0,0,9.78,1.65,cautious,27.77,front,LIDAR_ONLY
0,63.3862,t300,LIDAR_ONLY,20.9806,20.9806,,,,,,,,11.59,1.54,drive,-17.99,front,LIDAR_ONLY
0,63.9215,cam_5,CAM_ONLY,45.2232,,42.5142,2.7090,,6.3721,,0,,19.16,5.79,safe,10.27,,CAMERA_ONLY
0,63.9877,cam_5,CAM_ONLY,44.4360,,42.7178,1.7182,,4.0223,,0,,13.64,1.71,safe,10.27,,CAMERA_ONLY
0,64.0560,cam_5,CAM_ONLY,44.8322,,42.9712,1.8609,,4.3307,,0,,14.04,4.18,safe,10.27,,CAMERA_ONLY
0,64.2746,cam_5,CAM_ONLY,45.0907,,43.6942,1.3965,,3.1961,,0,,20.43,7.12,safe,10.19,,CAMERA_ONLY
0,64.4262,cam_5,CAM_ONLY,47.3743,,44.1711,3.2032,,7.2518,,0,,10.61,3.65,safe,10.23,,CAMERA_ONLY
0,64.4853,t324,LIDAR_ONLY,20.9874,20.9874,,,,,,,,17.21,1.71,drive,-19.71,front,LIDAR_ONLY
0,65.2317,t344,LIDAR_ONLY,19.7622,19.7622,,,,,,,,10.20,2.90,drive,-20.84,front,LIDAR_ONLY
0,65.6856,t358,LIDAR_ONLY,19.7225,19.7225,,,,,,,,14.78,1.65,drive,-21.29,front,LIDAR_ONLY
0,65.8306,t358,LIDAR_ONLY,19.7919,19.7919,,,,,,,,12.77,1.66,drive,-20.45,front,LIDAR_ONLY
0,65.8306,t358,LIDAR_ONLY,19.2315,19.2315,,,,,,,,12.77,1.66,drive,-25.77,front,LIDAR_ONLY
0,66.3315,t375,LIDAR_ONLY,20.8795,20.8795,,,,,,,,18.51,2.05,drive,-15.51,front,LIDAR_ONLY
0,66.3315,t375,LIDAR_ONLY,17.5109,17.5109,,,,,,,,18.51,2.05,cautious,-24.00,front,LIDAR_ONLY
0,66.7851,t386,LIDAR_ONLY,30.1769,30.1769,,,,,,,,12.97,1.66,drive,-9.84,front,LIDAR_ONLY
0,66.7851,t387,LIDAR_ONLY,16.3081,16.3081,,,,,,,,12.97,1.66,cautious,-25.81,front,LIDAR_ONLY
0,66.7851,t387,LIDAR_ONLY,16.4492,16.4492,,,,,,,,12.97,1.66,cautious,-23.05,front,LIDAR_ONLY
0,66.9794,t387,LIDAR_ONLY,16.8694,16.8694,,,,,,,,11.79,1.22,cautious,-18.92,front,LIDAR_ONLY
0,67.1803,t387,LIDAR_ONLY,17.6832,17.6832,,,,,,,,11.75,1.42,cautious,-12.03,front,LIDAR_ONLY
0,67.1803,t387,LIDAR_ONLY,18.3318,18.3318,,,,,,,,11.75,1.42,cautious,-19.10,front,LIDAR_ONLY
0,67.1803,t387,LIDAR_ONLY,19.1141,19.1141,,,,,,,,11.75,1.42,cautious,-21.14,front,LIDAR_ONLY
0,68.0333,t415,LIDAR_ONLY,19.8932,19.8932,,,,,,,,12.97,1.56,drive,-19.67,front,LIDAR_ONLY
0,68.0333,t415,LIDAR_ONLY,17.9784,17.9784,,,,,,,,12.97,1.56,cautious,-26.55,front,LIDAR_ONLY
0,68.5338,t426,LIDAR_ONLY,23.2206,23.2206,,,,,,,,18.06,1.68,drive,-18.16,front,LIDAR_ONLY
0,68.5338,t426,LIDAR_ONLY,21.8912,21.8912,,,,,,,,18.06,1.68,drive,-20.18,front,LIDAR_ONLY
0,68.5338,t426,LIDAR_ONLY,20.2485,20.2485,,,,,,,,18.06,1.68,drive,-26.28,front,LIDAR_ONLY
0,68.6775,t426,LIDAR_ONLY,20.4247,20.4247,,,,,,,,12.38,2.30,drive,-19.04,front,LIDAR_ONLY
0,68.6775,t426,LIDAR_ONLY,20.4748,20.4748,,,,,,,,12.38,2.30,drive,-22.06,front,LIDAR_ONLY
0,68.9288,t434,LIDAR_ONLY,21.6324,21.6324,,,,,,,,10.18,1.92,drive,-20.46,front,LIDAR_ONLY
0,68.9288,t434,LIDAR_ONLY,20.3868,20.3868,,,,,,,,10.18,1.92,drive,-22.00,front,LIDAR_ONLY
0,68.9288,t434,LIDAR_ONLY,19.0927,19.0927,,,,,,,,10.18,1.92,drive,-27.43,front,LIDAR_ONLY
0,69.6776,t444,LIDAR_ONLY,18.2476,18.2476,,,,,,,,17.80,3.68,cautious,-24.78,front,LIDAR_ONLY
0,69.6776,t444,LIDAR_ONLY,16.7292,16.7292,,,,,,,,17.80,3.68,cautious,-27.85,front,LIDAR_ONLY
0,69.6776,t444,LIDAR_ONLY,16.7586,16.7586,,,,,,,,17.80,3.68,cautious,-24.91,front,LIDAR_ONLY
0,69.6776,t444,LIDAR_ONLY,16.9128,16.9128,,,,,,,,17.80,3.68,cautious,-20.25,front,LIDAR_ONLY
0,69.9324,t450,LIDAR_ONLY,15.3423,15.3423,,,,,,,,11.31,1.15,cautious,-28.60,front,LIDAR_ONLY
0,69.9324,t450,LIDAR_ONLY,15.4408,15.4408,,,,,,,,11.31,1.15,cautious,-23.72,front,LIDAR_ONLY
0,70.0783,t450,LIDAR_ONLY,15.5577,15.5577,,,,,,,,15.39,2.97,cautious,-28.34,front,LIDAR_ONLY
0,70.0783,t450,LIDAR_ONLY,15.8609,15.8609,,,,,,,,15.39,2.97,cautious,-18.36,front,LIDAR_ONLY
0,70.0783,t450,LIDAR_ONLY,16.1006,16.1006,,,,,,,,15.39,2.97,cautious,-24.18,front,LIDAR_ONLY
0,70.0783,t450,LIDAR_ONLY,16.7531,16.7531,,,,,,,,15.39,2.97,cautious,-19.99,front,LIDAR_ONLY
0,70.2770,t450,LIDAR_ONLY,17.3882,17.3882,,,,,,,,10.33,1.57,cautious,-19.22,front,LIDAR_ONLY
0,70.2770,t450,LIDAR_ONLY,17.9339,17.9339,,,,,,,,10.33,1.57,cautious,-23.49,front,LIDAR_ONLY
0,70.5564,cam_6,CAM_ONLY,42.1522,,34.7229,7.4293,,21.3959,,0,,21.22,5.65,safe,8.84,,CAMERA_ONLY
0,70.6231,cam_6,CAM_ONLY,42.1282,,34.7581,7.3701,,21.2041,,0,,12.71,3.02,safe,8.71,,CAMERA_ONLY
0,70.6839,t467,LIDAR_ONLY,20.7240,20.7240,,,,,,,,9.71,1.63,drive,-19.59,front,LIDAR_ONLY
0,70.8169,cam_6,CAM_ONLY,42.5928,,34.8885,7.7043,,22.0826,,0,,12.00,3.50,safe,8.88,,CAMERA_ONLY
0,70.8863,cam_6,CAM_ONLY,40.4870,,34.9134,5.5736,,15.9642,,0,,13.50,2.09,safe,9.45,,CAMERA_ONLY
0,71.5824,t480,LIDAR_ONLY,19.5460,19.5460,,,,,,,,20.04,2.29,drive,-21.61,front,LIDAR_ONLY
0,71.8002,cam_7,CAM_ONLY,41.7338,,36.8338,4.9000,,13.3031,,0,,20.49,4.76,safe,8.84,,CAMERA_ONLY
0,71.9301,t489,LIDAR_ONLY,20.9729,20.9729,,,,,,,,15.22,1.70,drive,-20.37,front,LIDAR_ONLY
0,72.1347,t489,LIDAR_ONLY,20.5314,20.5314,,,,,,,,18.09,2.14,drive,-22.43,front,LIDAR_ONLY
0,72.6784,t502,LIDAR_ONLY,19.9402,19.9402,,,,,,,,14.50,2.41,drive,-19.24,front,LIDAR_ONLY
0,72.6784,t502,LIDAR_ONLY,19.9969,19.9969,,,,,,,,14.50,2.41,drive,-18.25,front,LIDAR_ONLY
0,73.4812,t515,LIDAR_ONLY,32.7755,32.7755,,,,,,,,15.39,2.46,drive,-7.91,front,LIDAR_ONLY
0,73.4812,t516,LIDAR_ONLY,19.5343,19.5343,,,,,,,,15.39,2.46,drive,-21.59,front,LIDAR_ONLY
0,73.6863,t515,LIDAR_ONLY,32.5064,32.5064,,,,,,,,9.67,0.97,drive,-8.37,front,LIDAR_ONLY
0,73.6863,t516,LIDAR_ONLY,18.9002,18.9002,,,,,,,,9.67,0.97,drive,-24.55,front,LIDAR_ONLY
0,73.8798,t515,LIDAR_ONLY,32.1787,32.1787,,,,,,,,14.89,2.31,drive,-8.73,front,LIDAR_ONLY
0,73.8798,t516,LIDAR_ONLY,18.9695,18.9695,,,,,,,,14.89,2.31,drive,-21.00,front,LIDAR_ONLY
0,74.3314,t526,LIDAR_ONLY,29.5830,29.5830,,,,,,,,12.23,1.37,drive,-10.31,front,LIDAR_ONLY
0,74.3314,t528,LIDAR_ONLY,20.2213,20.2213,,,,,,,,12.23,1.37,drive,-20.55,front,LIDAR_ONLY
0,74.6835,t537,LIDAR_ONLY,27.9737,27.9737,,,,,,,,15.20,1.85,drive,-11.52,front,LIDAR_ONLY
0,74.8171,cam_8,CAM_ONLY,49.1389,,45.2541,3.8848,,8.5844,,0,,15.81,4.39,safe,11.40,,CAMERA_ONLY
0,74.8814,t537,LIDAR_ONLY,23.6613,23.6613,,,,,,,,13.82,1.17,drive,-19.95,front,LIDAR_ONLY
0,74.8814,t537,LIDAR_ONLY,23.9754,23.9754,,,,,,,,13.82,1.17,drive,-11.26,front,LIDAR_ONLY
0,75.5302,t549,LIDAR_ONLY,24.3932,24.3932,,,,,,,,10.19,1.47,drive,-14.98,front,LIDAR_ONLY
0,75.7324,t549,LIDAR_ONLY,23.8227,23.8227,,,,,,,,18.76,1.64,drive,-16.25,front,LIDAR_ONLY
0,75.7324,t549,LIDAR_ONLY,22.0266,22.0266,,,,,,,,18.76,1.64,drive,-21.11,front,LIDAR_ONLY
0,76.5292,t562,LIDAR_ONLY,19.4966,19.4966,,,,,,,,11.79,1.30,drive,-19.02,front,LIDAR_ONLY
0,76.7307,t562,LIDAR_ONLY,19.2483,19.2483,,,,,,,,14.68,1.17,drive,-20.39,front,LIDAR_ONLY
0,76.8739,t562,LIDAR_ONLY,18.9375,18.9375,,,,,,,,18.32,2.12,drive,-22.39,front,LIDAR_ONLY
0,76.8739,t562,LIDAR_ONLY,19.0048,19.0048,,,,,,,,18.32,2.12,drive,-19.42,front,LIDAR_ONLY
0,77.6270,t586,LIDAR_ONLY,20.1114,20.1114,,,,,,,,20.08,2.75,drive,-20.92,front,LIDAR_ONLY
0,77.9788,t594,LIDAR_ONLY,19.9450,19.9450,,,,,,,,12.20,1.43,drive,-18.75,front,LIDAR_ONLY
0,77.9788,t594,LIDAR_ONLY,18.5671,18.5671,,,,,,,,12.20,1.43,cautious,-23.60,front,LIDAR_ONLY
0,78.8766,t614,LIDAR_ONLY,19.5687,19.5687,,,,,,,,10.94,1.80,drive,-21.00,front,LIDAR_ONLY
0,79.0229,cam_9,CAM_ONLY,51.8279,,47.5509,4.2771,,8.9947,,0,,12.94,2.34,safe,11.40,,CAMERA_ONLY
0,79.2856,cam_9,CAM_ONLY,52.3586,,47.6807,4.6778,,9.8108,,0,,12.99,1.61,safe,11.44,,CAMERA_ONLY
0,79.3458,cam_9,CAM_ONLY,52.2849,,47.6575,4.6274,,9.7098,,0,,11.10,4.13,safe,11.70,,CAMERA_ONLY
0,79.4144,cam_9,CAM_ONLY,51.4944,,47.5969,3.8974,,8.1884,,0,,13.77,6.52,safe,12.00,,CAMERA_ONLY
0,79.7812,t636,LIDAR_ONLY,19.4165,19.4165,,,,,,,,12.93,1.38,drive,-18.76,front,LIDAR_ONLY
0,80.1775,t642,LIDAR_ONLY,20.8739,20.8739,,,,,,,,14.05,2.31,drive,-17.94,front,LIDAR_ONLY
0,80.4271,t647,LIDAR_ONLY,19.3193,19.3193,,,,,,,,12.71,2.39,drive,-21.04,front,LIDAR_ONLY
0,80.4271,t647,LIDAR_ONLY,18.7054,18.7054,,,,,,,,12.71,2.39,drive,-23.38,front,LIDAR_ONLY
0,80.8797,t659,LIDAR_ONLY,32.2708,32.2708,,,,,,,,11.13,1.40,drive,-8.53,front,LIDAR_ONLY
0,80.8797,t660,LIDAR_ONLY,19.5856,19.5856,,,,,,,,11.13,1.40,drive,-21.82,front,LIDAR_ONLY
0,80.8797,t660,LIDAR_ONLY,19.7176,19.7176,,,,,,,,11.13,1.40,drive,-20.32,front,LIDAR_ONLY
0,81.2292,t670,LIDAR_ONLY,14.9035,14.9035,,,,,,,,15.43,2.88,cautious,-28.96,front,LIDAR_ONLY
0,81.3803,t670,LIDAR_ONLY,15.1147,15.1147,,,,,,,,13.23,1.30,cautious,-25.23,front,LIDAR_ONLY
0,81.4801,t670,LIDAR_ONLY,15.6489,15.6489,,,,,,,,15.03,1.32,cautious,-17.74,front,LIDAR_ONLY
0,81.4801,t670,LIDAR_ONLY,16.4303,16.4303,,,,,,,,15.03,1.32,cautious,-8.15,front,LIDAR_ONLY
0,81.8257,t681,LIDAR_ONLY,20.7667,20.7667,,,,,,,,15.92,2.21,drive,-17.89,front,LIDAR_ONLY
0,81.8257,t681,LIDAR_ONLY,17.3281,17.3281,,,,,,,,15.92,2.21,cautious,-27.19,front,LIDAR_ONLY
0,82.0816,t684,LIDAR_ONLY,27.0972,27.0972,,,,,,,,14.39,1.79,drive,-11.89,front,LIDAR_ONLY
0,82.0816,t684,LIDAR_ONLY,21.8814,21.8814,,,,,,,,14.39,1.79,drive,-19.71,front,LIDAR_ONLY
0,82.4788,t693,LIDAR_ONLY,17.3379,17.3379,,,,,,,,15.39,1.18,cautious,-25.35,front,LIDAR_ONLY
0,82.4788,t694,LIDAR_ONLY,25.6953,25.6953,,,,,,,,15.39,1.18,drive,-13.90,front,LIDAR_ONLY
0,82.4788,t693,LIDAR_ONLY,17.6295,17.6295,,,,,,,,15.39,1.18,cautious,-20.63,front,LIDAR_ONLY
0,82.7406,t700,LIDAR_ONLY,24.6448,24.6448,,,,,,,,15.07,1.61,drive,-15.22,front,LIDAR_ONLY
0,82.7406,t700,LIDAR_ONLY,21.9499,21.9499,,,,,,,,15.07,1.61,drive,-21.38,front,LIDAR_ONLY
0,82.7406,t700,LIDAR_ONLY,19.2438,19.2438,,,,,,,,15.07,1.61,drive,-27.52,front,LIDAR_ONLY
0,82.8129,cam_10,CAM_ONLY,47.0841,,43.7693,3.3148,,7.5733,,0,,11.92,6.58,safe,10.14,,CAMERA_ONLY
0,82.8810,cam_10,CAM_ONLY,47.7396,,43.6632,4.0765,,9.3361,,0,,13.34,1.22,safe,10.10,,CAMERA_ONLY
0,82.8810,t700,LIDAR_ONLY,19.2902,19.2902,,,,,,,,13.34,1.22,drive,-20.81,front,LIDAR_ONLY
0,82.8810,t700,LIDAR_ONLY,18.8192,18.8192,,,,,,,,13.34,1.22,drive,-27.24,front,LIDAR_ONLY
0,82.9651,cam_10,CAM_ONLY,46.7425,,43.5068,3.2357,,7.4373,,0,,22.20,6.60,safe,10.14,,CAMERA_ONLY
0,83.0280,cam_10,CAM_ONLY,47.3265,,43.3378,3.9887,,9.2037,,0,,9.43,2.38,safe,10.40,,CAMERA_ONLY
0,83.4314,t714,LIDAR_ONLY,21.9349,21.9349,,,,,,,,18.67,3.23,drive,-16.98,front,LIDAR_ONLY
0,83.4314,t714,LIDAR_ONLY,18.4665,18.4665,,,,,,,,18.67,3.23,cautious,-25.21,front,LIDAR_ONLY
0,83.8245,t725,LIDAR_ONLY,16.1236,16.1236,,,,,,,,13.81,3.14,cautious,-27.03,front,LIDAR_ONLY
0,83.9764,t725,LIDAR_ONLY,16.8544,16.8544,,,,,,,,19.17,1.83,cautious,-21.20,front,LIDAR_ONLY
0,84.3816,t732,LIDAR_ONLY,18.2190,18.2190,,,,,,,,11.55,1.26,cautious,-22.64,front,LIDAR_ONLY
0,84.3816,t732,LIDAR_ONLY,18.4277,18.4277,,,,,,,,11.55,1.26,cautious,-18.93,front,LIDAR_ONLY
0,84.3816,t732,LIDAR_ONLY,18.2845,18.2845,,,,,,,,11.55,1.26,cautious,-25.29,front,LIDAR_ONLY
0,84.5287,t732,LIDAR_ONLY,18.0970,18.0970,,,,,,,,17.27,2.32,cautious,-23.99,front,LIDAR_ONLY
0,84.5287,t732,LIDAR_ONLY,17.7346,17.7346,,,,,,,,17.27,2.32,cautious,-26.18,front,LIDAR_ONLY
0,84.5287,t732,LIDAR_ONLY,17.7443,17.7443,,,,,,,,17.27,2.32,cautious,-20.84,front,LIDAR_ONLY
0,84.5932,cam_11,CAM_ONLY,41.1207,,40.0346,1.0860,,2.7128,,0,,12.98,4.27,safe,10.62,,CAMERA_ONLY
0,84.6657,cam_11,CAM_ONLY,40.4751,,39.8866,0.5885,,1.4754,,1,,22.36,3.95,safe,10.58,,CAMERA_ONLY
0,84.7323,cam_11,CAM_ONLY,39.3526,,39.7296,0.3770,,0.9490,,1,,12.83,1.11,safe,10.62,,CAMERA_ONLY
0,84.7323,t732,LIDAR_ONLY,16.3030,16.3030,,,,,,,,12.83,1.11,cautious,-27.78,front,LIDAR_ONLY
0,84.7323,t732,LIDAR_ONLY,16.4400,16.4400,,,,,,,,12.83,1.11,cautious,-19.06,front,LIDAR_ONLY
0,84.8191,cam_11,CAM_ONLY,38.9117,,39.4522,0.5406,,1.3701,,1,,12.83,5.19,safe,10.97,,CAMERA_ONLY
0,84.9776,t732,LIDAR_ONLY,16.5830,16.5830,,,,,,,,14.41,2.32,cautious,-18.63,front,LIDAR_ONLY
0,85.5376,t755,LIDAR_ONLY,19.9774,19.9774,,,,,,,,17.54,2.00,drive,-19.71,front,LIDAR_ONLY
0,86.0641,cam_12,CAM_ONLY,39.1949,,37.4472,1.7477,,4.6670,,0,,12.37,6.48,safe,8.97,,CAMERA_ONLY
0,86.1247,cam_12,CAM_ONLY,39.1578,,37.3318,1.8260,,4.8912,,0,,12.18,3.08,safe,8.97,,CAMERA_ONLY
0,86.3856,t767,LIDAR_ONLY,19.7308,19.7308,,,,,,,,14.92,2.22,drive,-20.31,front,LIDAR_ONLY
0,86.6014,cam_13,CAM_ONLY,36.9534,,36.1533,0.8000,,2.2129,,1,,12.67,5.69,slowdown,9.97,,CAMERA_ONLY
0,86.8798,t777,LIDAR_ONLY,20.0151,20.0151,,,,,,,,14.10,1.64,drive,-18.29,front,LIDAR_ONLY
0,87.0777,t777,LIDAR_ONLY,18.4428,18.4428,,,,,,,,16.29,1.45,cautious,-25.61,front,LIDAR_ONLY
0,87.4183,cam_14,CAM_ONLY,35.7074,,34.5664,1.1410,,3.3008,,0,,14.06,5.69,safe,8.75,,CAMERA_ONLY
0,87.4862,t790,LIDAR_ONLY,16.6562,16.6562,,,,,,,,19.47,1.26,cautious,-25.93,front,LIDAR_ONLY
0,87.6826,cam_14,CAM_ONLY,38.8090,,34.1349,4.6741,,13.6929,,0,,14.34,1.30,safe,8.53,,CAMERA_ONLY
0,87.7485,cam_14,CAM_ONLY,39.2405,,34.0095,5.2311,,15.3812,,0,,11.88,5.65,safe,8.36,,CAMERA_ONLY
0,87.8138,cam_14,CAM_ONLY,38.7935,,33.8755,4.9180,,14.5179,,0,,12.94,3.07,safe,8.40,,CAMERA_ONLY
0,87.8762,cam_14,CAM_ONLY,37.6696,,33.7675,3.9021,,11.5558,,0,,11.51,1.82,safe,8.53,,CAMERA_ONLY
0,87.8762,t797,LIDAR_ONLY,16.3138,16.3138,,,,,,,,11.51,1.82,cautious,-26.81,front,LIDAR_ONLY
0,87.9367,cam_14,CAM_ONLY,37.1604,,33.6675,3.4928,,10.3745,,0,,9.13,1.01,safe,8.49,,CAMERA_ONLY
0,88.0017,cam_14,CAM_ONLY,37.0033,,33.5210,3.4824,,10.3886,,0,,11.74,4.52,safe,8.53,,CAMERA_ONLY
0,88.0642,cam_14,CAM_ONLY,35.7134,,33.3983,2.3152,,6.9320,,0,,13.20,2.98,safe,8.66,,CAMERA_ONLY
0,88.1337,cam_14,CAM_ONLY,36.0853,,33.2195,2.8658,,8.6268,,0,,17.75,3.60,safe,8.97,,CAMERA_ONLY
0,88.1337,t806,LIDAR_ONLY,19.8348,19.8348,,,,,,,,17.75,3.60,drive,-19.98,front,LIDAR_ONLY
0,88.2733,cam_14,CAM_ONLY,36.4465,,32.8538,3.5926,,10.9352,,0,,13.93,3.39,safe,10.19,,CAMERA_ONLY
0,88.3353,cam_14,CAM_ONLY,34.6611,,32.7242,1.9369,,5.9188,,0,,15.05,1.42,slowdown,10.14,,CAMERA_ONLY
0,88.3353,t806,LIDAR_ONLY,16.4730,16.4730,,,,,,,,15.05,1.42,cautious,-26.95,front,LIDAR_ONLY
0,88.4263,cam_14,CAM_ONLY,36.6715,,32.5710,4.1005,,12.5893,,0,,19.57,5.47,safe,9.88,,CAMERA_ONLY
0,88.4898,cam_14,CAM_ONLY,33.9339,,32.4468,1.4871,,4.5833,,0,,13.18,1.46,slowdown,9.58,,CAMERA_ONLY
0,88.5602,cam_14,CAM_ONLY,32.5377,,32.3325,0.2051,,0.6344,,1,,13.63,9.04,slowdown,9.27,,CAMERA_ONLY
0,88.6259,t815,LIDAR_ONLY,35.3339,35.3339,,,,,,,,10.50,2.62,drive,-6.16,front,LIDAR_ONLY
0,88.6259,t816,LIDAR_ONLY,16.4625,16.4625,,,,,,,,10.50,2.62,cautious,-26.08,front,LIDAR_ONLY
0,88.7849,t815,LIDAR_ONLY,35.1005,35.1005,,,,,,,,14.78,1.59,drive,-7.39,front,LIDAR_ONLY
0,89.0650,cam_15,CAM_ONLY,32.2204,,31.6214,0.5990,,1.8942,,1,,13.15,4.72,slowdown,7.65,,CAMERA_ONLY
0,89.1280,cam_15,CAM_ONLY,31.9430,,31.5147,0.4282,,1.3588,,1,,13.20,2.07,slowdown,7.83,,CAMERA_ONLY
0,89.1280,t830,LIDAR_ONLY,19.9006,19.9006,,,,,,,,13.20,2.07,drive,-20.93,front,LIDAR_ONLY
0,89.1280,t830,LIDAR_ONLY,18.3800,18.3800,,,,,,,,13.20,2.07,cautious,-27.72,front,LIDAR_ONLY
0,89.2043,cam_15,CAM_ONLY,31.9874,,31.3446,0.6428,,2.0507,,1,,14.58,6.18,slowdown,8.18,,CAMERA_ONLY
0,89.2831,cam_15,CAM_ONLY,30.5475,,31.1613,0.6138,,1.9697,,1,,17.90,1.45,warning,8.53,,CAMERA_ONLY
0,89.2831,t830,LIDAR_ONLY,18.5043,18.5043,,,,,,,,17.90,1.45,cautious,-19.75,front,LIDAR_ONLY
0,89.2831,t830,LIDAR_ONLY,17.8983,17.8983,,,,,,,,17.90,1.45,cautious,-26.73,front,LIDAR_ONLY
0,89.3527,cam_15,CAM_ONLY,30.5166,,31.0123,0.4956,,1.5982,,1,,20.91,4.08,warning,8.66,,CAMERA_ONLY
0,89.4135,cam_15,CAM_ONLY,31.5105,,30.8946,0.6159,,1.9935,,1,,11.42,5.32,slowdown,9.01,,CAMERA_ONLY
0,89.4707,cam_15,CAM_ONLY,30.7494,,30.7905,0.0410,,0.1332,,1,,10.81,3.21,slowdown,9.23,,CAMERA_ONLY
0,89.5269,cam_15,CAM_ONLY,30.2421,,30.6932,0.4511,,1.4698,,1,,9.95,3.14,warning,9.53,,CAMERA_ONLY
0,89.5877,cam_15,CAM_ONLY,30.8432,,30.5977,0.2455,,0.8023,,1,,9.23,1.71,slowdown,9.62,,CAMERA_ONLY
0,89.6511,cam_15,CAM_ONLY,30.8080,,30.5067,0.3013,,0.9876,,1,,10.97,3.71,slowdown,9.62,,CAMERA_ONLY
0,89.7122,cam_15,CAM_ONLY,30.6167,,30.4283,0.1884,,0.6191,,1,,14.20,4.00,slowdown,9.71,,CAMERA_ONLY
0,89.7863,cam_15,CAM_ONLY,30.8483,,30.3429,0.5054,,1.6656,,1,,11.75,1.86,slowdown,9.67,,CAMERA_ONLY
0,89.8690,cam_15,CAM_ONLY,30.8587,,30.2253,0.6335,,2.0958,,1,,17.83,3.54,slowdown,9.62,,CAMERA_ONLY
0,89.9299,cam_15,CAM_ONLY,30.3638,,30.1457,0.2181,,0.7235,,1,,14.91,2.20,slowdown,9.58,,CAMERA_ONLY
0,90.0059,cam_15,CAM_ONLY,30.1737,,30.0601,0.1136,,0.3779,,1,,15.33,6.11,slowdown,9.49,,CAMERA_ONLY
0,90.0736,cam_15,CAM_ONLY,30.2283,,29.9724,0.2559,,0.8537,,1,,18.20,3.27,slowdown,9.36,,CAMERA_ONLY
0,90.1338,cam_15,CAM_ONLY,30.4038,,29.9153,0.4885,,1.6330,,1,,12.81,1.62,slowdown,9.27,,CAMERA_ONLY
0,90.1338,t849,LIDAR_ONLY,29.4110,29.4110,,,,,,,,12.81,1.62,drive,-9.29,front,LIDAR_ONLY
0,90.1959,cam_15,CAM_ONLY,29.9199,,29.8598,0.0601,,0.2014,,1,,11.57,4.25,slowdown,9.10,,CAMERA_ONLY
0,90.2620,cam_15,CAM_ONLY,30.4905,,29.8139,0.6766,,2.2695,,1,,12.43,7.25,slowdown,8.92,,CAMERA_ONLY
0,90.3274,cam_15,CAM_ONLY,30.4478,,29.7833,0.6645,,2.2311,,1,,14.28,3.15,slowdown,8.57,,CAMERA_ONLY
0,90.4156,cam_15,CAM_ONLY,30.0264,,29.7616,0.2647,,0.8895,,1,,13.59,6.15,slowdown,7.70,,CAMERA_ONLY
0,90.5038,cam_15,CAM_ONLY,30.4561,,29.7385,0.7175,,2.4128,,1,,11.88,5.12,slowdown,6.99,,CAMERA_ONLY
0,90.5623,cam_15,CAM_ONLY,30.1617,,29.7188,0.4429,,1.4904,,1,,11.53,5.70,slowdown,6.42,,CAMERA_ONLY
0,90.6528,cam_15,CAM_ONLY,30.1678,,29.6752,0.4926,,1.6599,,1,,14.38,5.02,slowdown,5.84,,CAMERA_ONLY
0,90.7311,cam_15,CAM_ONLY,30.4032,,29.6315,0.7716,,2.6041,,1,,15.56,1.80,slowdown,5.58,,CAMERA_ONLY
0,90.7311,t861,LIDAR_ONLY,25.8949,25.8949,,,,,,,,15.56,1.80,drive,29.82,front,LIDAR_ONLY
0,90.7311,t863,LIDAR_ONLY,27.3112,27.3112,,,,,,,,15.56,1.80,drive,-14.75,front,LIDAR_ONLY
0,90.8011,cam_15,CAM_ONLY,31.1447,,29.5842,1.5605,,5.2748,,0,,12.98,5.16,slowdown,5.40,,CAMERA_ONLY
0,90.8735,cam_15,CAM_ONLY,31.0226,,29.5294,1.4932,,5.0565,,0,,19.85,3.65,slowdown,5.40,,CAMERA_ONLY
0,90.9417,cam_15,CAM_ONLY,30.4695,,29.4745,0.9950,,3.3758,,1,,13.61,3.81,slowdown,5.67,,CAMERA_ONLY
0,90.9417,t861,LIDAR_ONLY,26.1584,26.1584,,,,,,,,13.61,3.81,drive,28.93,front,LIDAR_ONLY
0,90.9417,t861,LIDAR_ONLY,26.2901,26.2901,,,,,,,,13.61,3.81,drive,29.85,front,LIDAR_ONLY
0,91.0078,cam_15,CAM_ONLY,30.9285,,29.4228,1.5057,,5.1173,,0,,13.13,4.61,slowdown,5.84,,CAMERA_ONLY
0,91.0718,cam_15,CAM_ONLY,30.6438,,29.3555,1.2883,,4.3887,,0,,11.78,3.25,slowdown,6.29,,CAMERA_ONLY
0,91.1319,cam_15,CAM_ONLY,32.6730,,29.2927,3.3803,,11.5396,,0,,10.44,1.85,slowdown,6.86,,CAMERA_ONLY
0,91.1319,t870,LIDAR_ONLY,25.7920,25.7920,,,,,,,,10.44,1.85,drive,-14.49,front,LIDAR_ONLY
0,91.2089,cam_15,CAM_ONLY,31.5970,,29.2077,2.3893,,8.1805,,0,,14.23,6.90,slowdown,7.30,,CAMERA_ONLY
0,91.2782,cam_15,CAM_ONLY,31.6270,,29.1428,2.4842,,8.5243,,0,,18.23,1.27,slowdown,7.70,,CAMERA_ONLY
0,91.2782,t870,LIDAR_ONLY,25.5601,25.5601,,,,,,,,18.23,1.27,drive,-13.92,front,LIDAR_ONLY
0,91.2782,t872,LIDAR_ONLY,16.0956,16.0956,,,,,,,,18.23,1.27,cautious,-27.34,front,LIDAR_ONLY
0,91.2782,t872,LIDAR_ONLY,16.4084,16.4084,,,,,,,,18.23,1.27,cautious,-20.68,front,LIDAR_ONLY
0,91.3447,cam_15,CAM_ONLY,32.6751,,29.0790,3.5961,,12.3667,,0,,13.51,4.25,slowdown,8.14,,CAMERA_ONLY
0,91.4122,cam_15,CAM_ONLY,31.3763,,29.0252,2.3511,,8.1001,,0,,15.89,5.42,slowdown,8.44,,CAMERA_ONLY
0,91.4815,cam_15,CAM_ONLY,31.8312,,28.9776,2.8535,,9.8474,,0,,20.16,5.23,slowdown,8.57,,CAMERA_ONLY
0,91.6967,cam_15,CAM_ONLY,31.5744,,28.8810,2.6933,,9.3255,,0,,13.49,5.54,slowdown,8.49,,CAMERA_ONLY
0,91.7592,cam_15,CAM_ONLY,32.7357,,28.8623,3.8733,,13.4200,,0,,10.81,4.70,slowdown,8.22,,CAMERA_ONLY
0,91.8336,cam_15,CAM_ONLY,33.0070,,28.8374,4.1696,,14.4588,,0,,19.27,3.29,safe,8.09,,CAMERA_ONLY
0,91.8336,t888,LIDAR_ONLY,23.2184,23.2184,,,,,,,,19.27,3.29,drive,-15.78,front,LIDAR_ONLY
0,91.8336,t888,LIDAR_ONLY,21.0412,21.0412,,,,,,,,19.27,3.29,drive,-21.34,front,LIDAR_ONLY
0,91.8336,t888,LIDAR_ONLY,19.2375,19.2375,,,,,,,,19.27,3.29,drive,-26.83,front,LIDAR_ONLY
0,91.9195,cam_15,CAM_ONLY,32.2045,,28.8260,3.3785,,11.7203,,0,,16.02,3.77,slowdown,7.92,,CAMERA_ONLY
0,91.9812,t888,LIDAR_ONLY,19.2672,19.2672,,,,,,,,13.31,1.29,drive,-21.18,front,LIDAR_ONLY
0,91.9812,t888,LIDAR_ONLY,19.3971,19.3971,,,,,,,,13.31,1.29,drive,-16.83,front,LIDAR_ONLY
0,92.1775,t888,LIDAR_ONLY,19.4347,19.4347,,,,,,,,11.51,1.74,drive,-17.98,front,LIDAR_ONLY
0,92.2495,cam_15,CAM_ONLY,32.4074,,28.8264,3.5810,,12.4228,,0,,12.59,5.28,safe,7.04,,CAMERA_ONLY
0,92.3164,cam_15,CAM_ONLY,33.0700,,28.8258,4.2443,,14.7239,,0,,15.46,7.47,safe,6.82,,CAMERA_ONLY
0,92.3821,cam_15,CAM_ONLY,32.8945,,28.8239,4.0706,,14.1223,,0,,14.09,1.35,safe,6.64,,CAMERA_ONLY
0,92.3821,t888,LIDAR_ONLY,19.5896,19.5896,,,,,,,,14.09,1.35,drive,-19.28,front,LIDAR_ONLY
0,92.3821,t888,LIDAR_ONLY,19.9883,19.9883,,,,,,,,14.09,1.35,drive,-23.80,front,LIDAR_ONLY
0,92.4501,cam_15,CAM_ONLY,31.6647,,28.8200,2.8447,,9.8706,,0,,12.62,5.22,slowdown,6.37,,CAMERA_ONLY
0,92.5127,cam_15,CAM_ONLY,31.3627,,28.8178,2.5449,,8.8310,,0,,11.96,6.22,slowdown,6.11,,CAMERA_ONLY
0,92.5728,t888,LIDAR_ONLY,20.3550,20.3550,,,,,,,,12.05,2.28,drive,-20.87,front,LIDAR_ONLY
0,92.5728,t888,LIDAR_ONLY,20.4851,20.4851,,,,,,,,12.05,2.28,drive,-23.11,front,LIDAR_ONLY
0,92.6340,cam_15,CAM_ONLY,33.9424,,28.8165,5.1259,,17.7880,,0,,10.34,1.09,safe,5.44,,CAMERA_ONLY
0,92.6340,t888,LIDAR_ONLY,20.4869,20.4869,,,,,,,,10.34,1.09,drive,-21.49,front,LIDAR_ONLY
0,92.6340,t888,LIDAR_ONLY,20.1861,20.1861,,,,,,,,10.34,1.09,drive,-23.54,front,LIDAR_ONLY
0,92.7871,t903,LIDAR_ONLY,27.7200,27.7200,,,,,,,,13.77,1.32,drive,28.72,front,LIDAR_ONLY
0,92.7871,t903,LIDAR_ONLY,27.9149,27.9149,,,,,,,,13.77,1.32,drive,27.78,front,LIDAR_ONLY
0,92.7871,t888,LIDAR_ONLY,20.2558,20.2558,,,,,,,,13.77,1.32,drive,-22.25,front,LIDAR_ONLY
0,92.8450,t903,LIDAR_ONLY,27.5615,27.5615,,,,,,,,11.65,3.87,drive,29.58,front,LIDAR_ONLY
0,92.9251,t888,LIDAR_ONLY,20.0424,20.0424,,,,,,,,10.50,2.83,drive,-23.40,front,LIDAR_ONLY
0,92.9251,t888,LIDAR_ONLY,19.5886,19.5886,,,,,,,,10.50,2.83,drive,-28.93,front,LIDAR_ONLY
0,93.0725,cam_16,CAM_ONLY,32.2055,,28.4736,3.7319,,13.1066,,0,,12.75,5.62,slowdown,5.13,,CAMERA_ONLY
0,93.1406,cam_16,CAM_ONLY,32.8636,,28.3539,4.5097,,15.9049,,0,,13.98,3.65,slowdown,5.53,,CAMERA_ONLY
0,93.2156,cam_16,CAM_ONLY,32.7617,,28.2288,4.5330,,16.0579,,0,,14.39,8.20,slowdown,6.06,,CAMERA_ONLY
0,93.3116,cam_16,CAM_ONLY,32.3128,,28.0530,4.2598,,15.1847,,0,,11.11,6.26,slowdown,6.90,,CAMERA_ONLY
0,93.3847,cam_16,CAM_ONLY,30.8025,,27.9204,2.8821,,10.3224,,0,,18.38,3.13,warning,7.35,,CAMERA_ONLY
0,93.4507,cam_16,CAM_ONLY,29.8184,,27.8240,1.9944,,7.1679,,0,,11.83,4.38,warning,7.57,,CAMERA_ONLY
0,93.5203,cam_16,CAM_ONLY,28.6752,,27.7125,0.9626,,3.4737,,1,,19.24,3.00,warning,7.79,,CAMERA_ONLY
0,93.5903,cam_16,CAM_ONLY,28.6320,,27.6382,0.9938,,3.5957,,1,,18.58,3.51,warning,7.79,,CAMERA_ONLY
0,93.6671,cam_16,CAM_ONLY,27.9315,,27.5818,0.3497,,1.2680,,1,,17.87,6.49,warning,7.74,,CAMERA_ONLY
0,93.7342,t923,BOTH,27.3718,27.9097,27.5430,0.1711,0.3667,0.6213,1.3314,1,1,15.09,1.74,warning,7.61,,FULL_ANGLE
0,93.7342,t922,LIDAR_ONLY,19.4415,19.4415,,,,,,,,15.09,1.74,drive,-20.25,front,LIDAR_ONLY
0,93.8039,cam_16,CAM_ONLY,27.2756,,27.5115,0.2359,,0.8573,,1,,16.71,5.09,warning,7.43,,CAMERA_ONLY
0,93.8778,cam_16,CAM_ONLY,29.3491,,27.4916,1.8575,,6.7566,,0,,15.69,1.54,warning,7.26,,CAMERA_ONLY
0,93.8778,t922,LIDAR_ONLY,16.8370,16.8370,,,,,,,,15.69,1.54,cautious,-27.10,front,LIDAR_ONLY
0,93.8778,t922,LIDAR_ONLY,16.9985,16.9985,,,,,,,,15.69,1.54,cautious,-20.98,front,LIDAR_ONLY
0,93.9508,cam_16,CAM_ONLY,29.3213,,27.4841,1.8372,,6.6845,,0,,20.96,4.47,slowdown,7.08,,CAMERA_ONLY
0,94.0317,cam_16,CAM_ONLY,28.7703,,27.4932,1.2771,,4.6452,,0,,17.83,3.65,slowdown,6.55,,CAMERA_ONLY
0,94.0317,t922,LIDAR_ONLY,16.7735,16.7735,,,,,,,,17.83,3.65,cautious,-28.33,front,LIDAR_ONLY
0,94.0986,cam_16,CAM_ONLY,28.1785,,27.5091,0.6695,,2.4336,,1,,12.48,4.27,warning,6.06,,CAMERA_ONLY
0,94.1813,cam_16,CAM_ONLY,29.0231,,27.5334,1.4897,,5.4106,,0,,20.15,2.37,slowdown,5.62,,CAMERA_ONLY
0,94.1813,t922,LIDAR_ONLY,16.8452,16.8452,,,,,,,,20.15,2.37,cautious,-22.77,front,LIDAR_ONLY
0,94.1813,t922,LIDAR_ONLY,16.9500,16.9500,,,,,,,,20.15,2.37,cautious,-20.60,front,LIDAR_ONLY
0,94.2531,cam_16,CAM_ONLY,27.1098,,27.5604,0.4506,,1.6348,,1,,17.44,5.53,warning,4.73,,CAMERA_ONLY
0,94.3305,cam_16,CAM_ONLY,29.9749,,27.5844,2.3905,,8.6662,,0,,14.83,3.36,slowdown,4.16,,CAMERA_ONLY
0,94.4153,cam_16,CAM_ONLY,27.4293,,27.6101,0.1808,,0.6548,,1,,19.70,3.76,warning,3.49,,CAMERA_ONLY
0,94.4766,cam_16,CAM_ONLY,27.9282,,27.6267,0.3016,,1.0916,,1,,13.78,3.53,slowdown,3.22,,CAMERA_ONLY
0,94.5457,cam_16,CAM_ONLY,29.1572,,27.6447,1.5125,,5.4712,,0,,17.22,4.39,slowdown,3.04,,CAMERA_ONLY
0,94.5457,t939,LIDAR_ONLY,26.2492,26.2492,,,,,,,,17.22,4.39,drive,28.81,front,LIDAR_ONLY
0,94.6237,cam_16,CAM_ONLY,29.2420,,27.6632,1.5788,,5.7073,,0,,11.46,3.61,slowdown,2.95,,CAMERA_ONLY
0,94.6856,cam_16,CAM_ONLY,29.2253,,27.6792,1.5461,,5.5856,,0,,9.38,1.35,slowdown,2.95,,CAMERA_ONLY
0,94.6856,t939,LIDAR_ONLY,26.4028,26.4028,,,,,,,,9.38,1.35,drive,27.76,front,LIDAR_ONLY
0,94.6856,t939,LIDAR_ONLY,26.5036,26.5036,,,,,,,,9.38,1.35,drive,28.46,front,LIDAR_ONLY
0,94.6856,t941,LIDAR_ONLY,16.8141,16.8141,,,,,,,,9.38,1.35,cautious,-29.50,front,LIDAR_ONLY
0,94.6856,t941,LIDAR_ONLY,17.2080,17.2080,,,,,,,,9.38,1.35,cautious,-24.44,front,LIDAR_ONLY
0,94.7720,cam_16,CAM_ONLY,29.2064,,27.6946,1.5118,,5.4587,,0,,18.45,9.25,slowdown,2.91,,CAMERA_ONLY
0,94.8347,cam_16,CAM_ONLY,27.9186,,27.7055,0.2131,,0.7692,,1,,9.92,1.23,slowdown,3.13,,CAMERA_ONLY
0,94.8347,t941,LIDAR_ONLY,17.6624,17.6624,,,,,,,,9.92,1.23,cautious,-23.65,front,LIDAR_ONLY
0,94.9078,cam_16,CAM_ONLY,28.0497,,27.7137,0.3360,,1.2125,,1,,14.93,5.70,slowdown,3.26,,CAMERA_ONLY
0,94.9772,cam_16,CAM_ONLY,27.7058,,27.7196,0.0138,,0.0496,,1,,15.79,3.45,warning,3.49,,CAMERA_ONLY
0,94.9772,t941,LIDAR_ONLY,18.0401,18.0401,,,,,,,,15.79,3.45,cautious,-23.62,front,LIDAR_ONLY
0,94.9772,t941,LIDAR_ONLY,18.4008,18.4008,,,,,,,,15.79,3.45,drive,-21.82,front,LIDAR_ONLY
0,95.0371,t949,BOTH,28.8086,27.9026,27.7254,1.0832,0.1772,3.9068,0.6392,0,1,11.11,1.58,slowdown,3.71,,FULL_ANGLE
0,95.0371,t947,LIDAR_ONLY,27.7266,27.7266,,,,,,,,11.11,1.58,drive,28.21,front,LIDAR_ONLY
0,95.1159,cam_16,CAM_ONLY,30.2786,,27.7260,2.5527,,9.2068,,0,,12.59,6.71,slowdown,3.98,,CAMERA_ONLY
0,95.1870,cam_16,CAM_ONLY,28.8541,,27.7179,1.1363,,4.0994,,0,,11.61,2.51,slowdown,4.29,,CAMERA_ONLY
0,95.1870,t947,LIDAR_ONLY,27.2590,27.2590,,,,,,,,11.61,2.51,drive,29.40,front,LIDAR_ONLY
0,95.2629,cam_16,CAM_ONLY,29.0236,,27.6969,1.3266,,4.7898,,0,,16.72,5.49,slowdown,4.38,,CAMERA_ONLY
0,95.3293,cam_16,CAM_ONLY,28.4186,,27.6953,0.7233,,2.6118,,1,,14.25,1.62,slowdown,4.56,,CAMERA_ONLY
0,95.3293,t956,LIDAR_ONLY,19.3731,19.3731,,,,,,,,14.25,1.62,drive,-22.82,front,LIDAR_ONLY
0,95.3936,cam_16,CAM_ONLY,27.8847,,27.6310,0.2537,,0.9183,,1,,13.04,4.09,slowdown,4.60,,CAMERA_ONLY
0,95.4863,cam_16,CAM_ONLY,28.7373,,27.5761,1.1612,,4.2108,,0,,13.34,1.39,slowdown,4.73,,CAMERA_ONLY
0,95.4863,t956,LIDAR_ONLY,19.5855,19.5855,,,,,,,,13.34,1.39,drive,-20.66,front,LIDAR_ONLY
0,95.5528,cam_16,CAM_ONLY,28.2637,,27.5226,0.7411,,2.6928,,1,,12.88,3.98,slowdown,4.73,,CAMERA_ONLY
0,95.6191,cam_16,CAM_ONLY,28.0896,,27.4675,0.6220,,2.2646,,1,,16.31,3.97,slowdown,4.78,,CAMERA_ONLY
0,95.6838,cam_16,CAM_ONLY,28.3410,,27.4143,0.9267,,3.3802,,1,,12.55,1.69,slowdown,4.78,,CAMERA_ONLY
0,95.7505,cam_16,CAM_ONLY,27.8790,,27.3596,0.5194,,1.8984,,1,,11.84,5.55,warning,4.82,,CAMERA_ONLY
0,95.8144,cam_16,CAM_ONLY,27.4264,,27.3192,0.1071,,0.3921,,1,,12.89,5.80,warning,4.78,,CAMERA_ONLY
0,95.8794,cam_16,CAM_ONLY,27.1960,,27.2851,0.0891,,0.3264,,1,,12.50,1.60,warning,4.73,,CAMERA_ONLY
0,95.8794,t967,LIDAR_ONLY,16.6755,16.6755,,,,,,,,12.50,1.60,cautious,-27.08,front,LIDAR_ONLY
0,95.9708,cam_16,CAM_ONLY,27.0662,,27.2440,0.1778,,0.6527,,1,,18.56,8.47,warning,4.69,,CAMERA_ONLY
0,96.0448,cam_16,CAM_ONLY,27.7865,,27.2141,0.5724,,2.1034,,1,,19.46,5.38,slowdown,4.69,,CAMERA_ONLY
0,96.1028,cam_16,CAM_ONLY,27.3387,,27.2009,0.1378,,0.5066,,1,,10.54,4.99,slowdown,4.65,,CAMERA_ONLY
0,96.1799,cam_16,CAM_ONLY,27.1376,,27.1847,0.0471,,0.1733,,1,,18.46,6.38,slowdown,4.60,,CAMERA_ONLY
0,96.2654,cam_16,CAM_ONLY,27.4036,,27.1741,0.2295,,0.8446,,1,,17.28,6.37,slowdown,4.51,,CAMERA_ONLY
0,96.3496,cam_16,CAM_ONLY,27.3529,,27.1604,0.1925,,0.7088,,1,,21.67,4.50,slowdown,4.33,,CAMERA_ONLY
0,96.4205,cam_16,CAM_ONLY,27.0299,,27.1464,0.1165,,0.4290,,1,,20.77,6.20,slowdown,4.20,,CAMERA_ONLY
0,96.4888,cam_16,CAM_ONLY,27.1488,,27.1328,0.0160,,0.0591,,1,,13.64,2.61,slowdown,3.75,,CAMERA_ONLY
0,96.4888,t982,LIDAR_ONLY,27.5061,27.5061,,,,,,,,13.64,2.61,drive,28.88,front,LIDAR_ONLY
0,96.5632,cam_16,CAM_ONLY,27.4191,,27.1206,0.2985,,1.1007,,1,,12.71,6.69,slowdown,3.26,,CAMERA_ONLY
0,96.6278,cam_16,CAM_ONLY,26.3647,,27.1146,0.7499,,2.7657,,1,,15.00,2.37,warning,2.91,,CAMERA_ONLY
0,96.6949,cam_16,CAM_ONLY,26.3689,,27.1027,0.7339,,2.7077,,1,,9.11,3.46,warning,2.19,,CAMERA_ONLY
0,96.6949,t982,LIDAR_ONLY,27.2465,27.2465,,,,,,,,9.11,3.46,drive,27.86,front,LIDAR_ONLY
0,96.6949,t982,LIDAR_ONLY,27.0525,27.0525,,,,,,,,9.11,3.46,drive,28.42,front,LIDAR_ONLY
0,96.6949,t982,LIDAR_ONLY,26.4559,26.4559,,,,,,,,9.11,3.46,drive,29.60,front,LIDAR_ONLY
0,96.7694,cam_16,CAM_ONLY,26.2178,,27.0846,0.8667,,3.2000,,1,,17.35,6.64,warning,1.75,,CAMERA_ONLY
0,96.8312,t986,BOTH,28.1137,27.2103,27.0688,1.0449,0.1415,3.8603,0.5229,0,1,11.98,1.39,slowdown,1.25,,FULL_ANGLE
0,96.8998,cam_16,CAM_ONLY,26.3849,,27.0519,0.6670,,2.4655,,1,,10.95,4.72,slowdown,0.72,,CAMERA_ONLY
0,96.9673,cam_16,CAM_ONLY,27.2151,,27.0391,0.1760,,0.6509,,1,,11.69,3.00,slowdown,0.54,,CAMERA_ONLY
0,97.0413,cam_16,CAM_ONLY,27.5681,,27.0588,0.5093,,1.8823,,1,,17.16,3.09,slowdown,0.40,,CAMERA_ONLY
0,97.1208,cam_16,CAM_ONLY,27.1194,,27.0228,0.0966,,0.3576,,1,,11.11,2.69,slowdown,0.36,,CAMERA_ONLY
0,97.1783,cam_16,CAM_ONLY,27.3081,,27.0167,0.2914,,1.0787,,1,,10.37,2.05,slowdown,0.36,,CAMERA_ONLY
0,97.2532,cam_16,CAM_ONLY,27.3388,,26.9981,0.3407,,1.2620,,1,,17.19,6.56,slowdown,0.45,,CAMERA_ONLY
0,97.3173,cam_16,CAM_ONLY,27.0090,,26.9788,0.0302,,0.1119,,1,,9.86,4.46,slowdown,0.54,,CAMERA_ONLY
0,97.3755,cam_16,CAM_ONLY,26.4547,,26.9593,0.5046,,1.8716,,1,,10.97,2.57,warning,0.63,,CAMERA_ONLY
0,97.4469,cam_16,CAM_ONLY,26.4486,,26.9323,0.4837,,1.7961,,1,,16.62,5.41,warning,0.72,,CAMERA_ONLY
0,97.4469,t1001,LIDAR_ONLY,27.0276,27.0276,,,,,,,,16.62,5.41,drive,26.74,front,LIDAR_ONLY
0,97.4469,t1001,LIDAR_ONLY,26.6744,26.6744,,,,,,,,16.62,5.41,drive,27.63,front,LIDAR_ONLY
0,97.4469,t1001,LIDAR_ONLY,25.9010,25.9010,,,,,,,,16.62,5.41,drive,29.40,front,LIDAR_ONLY
0,97.5230,cam_16,CAM_ONLY,27.1188,,26.9156,0.2032,,0.7549,,1,,18.25,2.90,slowdown,0.94,,CAMERA_ONLY
0,97.5989,cam_16,CAM_ONLY,28.4788,,26.9099,1.5689,,5.8302,,0,,14.25,5.18,safe,1.21,,CAMERA_ONLY
0,97.6685,cam_16,CAM_ONLY,27.0966,,26.9052,0.1914,,0.7112,,1,,11.11,2.48,slowdown,1.39,,CAMERA_ONLY
0,97.7354,cam_16,CAM_ONLY,26.4055,,26.8923,0.4867,,1.8100,,1,,14.21,2.03,slowdown,1.52,,CAMERA_ONLY
0,97.7975,cam_16,CAM_ONLY,26.6615,,26.8753,0.2138,,0.7955,,1,,9.39,4.29,slowdown,1.66,,CAMERA_ONLY
0,97.8765,cam_16,CAM_ONLY,26.1093,,26.8551,0.7459,,2.7773,,1,,21.34,5.14,warning,1.70,,CAMERA_ONLY
0,97.9568,cam_16,CAM_ONLY,27.0433,,26.8369,0.2064,,0.7690,,1,,15.45,4.51,slowdown,1.83,,CAMERA_ONLY
0,98.0222,cam_16,CAM_ONLY,26.6678,,26.8260,0.1582,,0.5899,,1,,17.85,2.57,slowdown,1.92,,CAMERA_ONLY
0,98.0888,cam_16,CAM_ONLY,26.4121,,26.8106,0.3985,,1.4864,,1,,11.63,3.19,warning,2.01,,CAMERA_ONLY
0,98.0888,t1015,LIDAR_ONLY,27.4054,27.4054,,,,,,,,11.63,3.19,drive,27.68,front,LIDAR_ONLY
0,98.1633,cam_16,CAM_ONLY,26.4265,,26.7889,0.3624,,1.3529,,1,,13.34,6.82,warning,1.97,,CAMERA_ONLY
0,98.2280,cam_16,CAM_ONLY,26.3953,,26.7717,0.3764,,1.4061,,1,,13.56,1.90,slowdown,2.06,,CAMERA_ONLY
0,98.2280,t1020,LIDAR_ONLY,16.5042,16.5042,,,,,,,,13.56,1.90,cautious,-29.70,front,LIDAR_ONLY
0,98.3002,cam_16,CAM_ONLY,26.3972,,26.7603,0.3632,,1.3571,,1,,14.08,7.37,slowdown,1.97,,CAMERA_ONLY
0,98.3634,cam_16,CAM_ONLY,26.2007,,26.7575,0.5568,,2.0811,,1,,10.29,5.60,slowdown,1.97,,CAMERA_ONLY
0,98.4259,t1024,BOTH,26.2137,26.9084,26.7583,0.5446,0.1501,2.0351,0.5611,1,1,11.74,1.72,slowdown,1.97,,FULL_ANGLE
0,98.4259,t1020,LIDAR_ONLY,16.6555,16.6555,,,,,,,,11.74,1.72,cautious,-26.73,front,LIDAR_ONLY
0,98.5028,cam_16,CAM_ONLY,26.4378,,26.7566,0.3188,,1.1914,,1,,13.86,5.00,slowdown,1.97,,CAMERA_ONLY
0,98.5742,cam_16,CAM_ONLY,26.1065,,26.7468,0.6403,,2.3941,,1,,19.69,1.78,warning,1.92,,CAMERA_ONLY
0,98.6606,cam_16,CAM_ONLY,26.4231,,26.7269,0.3039,,1.1369,,1,,15.03,5.95,slowdown,1.88,,CAMERA_ONLY
0,98.7311,cam_16,CAM_ONLY,26.3141,,26.7161,0.4020,,1.5048,,1,,16.78,3.74,slowdown,1.88,,CAMERA_ONLY
0,98.8010,cam_16,CAM_ONLY,26.2622,,26.7058,0.4435,,1.6608,,1,,10.60,5.11,slowdown,1.83,,CAMERA_ONLY
0,98.8664,cam_16,CAM_ONLY,26.8373,,26.7019,0.1354,,0.5071,,1,,12.95,4.45,slowdown,1.88,,CAMERA_ONLY
0,98.9271,cam_16,CAM_ONLY,26.5251,,26.7012,0.1760,,0.6593,,1,,13.37,2.36,slowdown,1.83,,CAMERA_ONLY
0,98.9877,t1032,BOTH,26.4771,26.8289,26.6986,0.2215,0.1303,0.8297,0.4880,1,1,12.75,2.15,slowdown,1.79,,FULL_ANGLE
0,98.9877,t1030,LIDAR_ONLY,26.1013,26.1013,,,,,,,,12.75,2.15,drive,28.83,front,LIDAR_ONLY
0,98.9877,t1030,LIDAR_ONLY,26.3719,26.3719,,,,,,,,12.75,2.15,drive,27.03,front,LIDAR_ONLY
0,99.0503,cam_16,CAM_ONLY,26.6286,,26.6918,0.0633,,0.2371,,1,,11.98,4.16,slowdown,1.75,,CAMERA_ONLY
0,99.1189,cam_16,CAM_ONLY,26.0444,,26.6782,0.6338,,2.3756,,1,,13.27,3.05,warning,1.75,,CAMERA_ONLY
0,99.1975,cam_16,CAM_ONLY,25.7524,,26.6605,0.9082,,3.4064,,1,,21.45,6.12,warning,1.61,,CAMERA_ONLY
0,99.2717,cam_16,CAM_ONLY,26.6876,,26.6524,0.0352,,0.1322,,1,,15.53,4.89,slowdown,1.39,,CAMERA_ONLY
0,99.3367,t1043,BOTH,26.3841,26.7606,26.6550,0.2709,0.1057,1.0164,0.3964,1,1,11.31,1.52,slowdown,0.94,,FULL_ANGLE
0,99.3367,t1041,LIDAR_ONLY,36.6680,36.6680,,,,,,,,11.31,1.52,drive,-14.14,front,LIDAR_ONLY
0,99.4104,cam_16,CAM_ONLY,26.5897,,26.6581,0.0684,,0.2566,,1,,14.07,4.10,slowdown,0.54,,CAMERA_ONLY
0,99.4788,cam_16,CAM_ONLY,25.8098,,26.6549,0.8451,,3.1705,,1,,13.33,1.60,warning,0.04,,CAMERA_ONLY
0,99.4788,t1046,LIDAR_ONLY,20.3554,20.3554,,,,,,,,13.33,1.60,drive,-25.32,front,LIDAR_ONLY
0,99.5471,cam_16,CAM_ONLY,26.3117,,26.6498,0.3381,,1.2688,,1,,12.59,5.30,slowdown,-0.49,,CAMERA_ONLY
0,99.6141,cam_16,CAM_ONLY,26.2784,,26.6483,0.3699,,1.3879,,1,,13.15,4.73,slowdown,-0.94,,CAMERA_ONLY
0,99.6927,cam_16,CAM_ONLY,26.1466,,26.6499,0.5033,,1.8884,,1,,22.75,3.76,slowdown,-1.25,,CAMERA_ONLY
0,99.6927,t1054,LIDAR_ONLY,27.8628,27.8628,,,,,,,,22.75,3.76,drive,24.08,front,LIDAR_ONLY
0,99.6927,t1054,LIDAR_ONLY,26.6440,26.6440,,,,,,,,22.75,3.76,drive,26.18,front,LIDAR_ONLY
0,99.6927,t1054,LIDAR_ONLY,26.1317,26.1317,,,,,,,,22.75,3.76,drive,27.73,front,LIDAR_ONLY
0,99.7658,cam_16,CAM_ONLY,27.8109,,26.6493,1.1616,,4.3589,,0,,20.69,4.25,slowdown,-1.57,,CAMERA_ONLY
0,99.8393,cam_16,CAM_ONLY,27.2144,,26.6491,0.5654,,2.1215,,1,,13.88,1.38,slowdown,-1.88,,CAMERA_ONLY
0,99.8393,t1055,LIDAR_ONLY,20.2755,20.2755,,,,,,,,13.88,1.38,drive,-27.30,front,LIDAR_ONLY
0,99.8393,t1055,LIDAR_ONLY,19.6371,19.6371,,,,,,,,13.88,1.38,drive,-29.44,front,LIDAR_ONLY
0,99.8393,t1055,LIDAR_ONLY,19.5995,19.5995,,,,,,,,13.88,1.38,drive,-28.64,front,LIDAR_ONLY
0,99.9113,cam_16,CAM_ONLY,26.8496,,26.6513,0.1982,,0.7438,,1,,13.29,6.34,slowdown,-2.06,,CAMERA_ONLY
0,99.9804,cam_16,CAM_ONLY,26.6340,,26.6509,0.0169,,0.0633,,1,,16.69,2.45,slowdown,-2.10,,CAMERA_ONLY
0,99.9804,t1055,LIDAR_ONLY,19.5539,19.5539,,,,,,,,16.69,2.45,drive,-28.54,front,LIDAR_ONLY
0,100.0419,cam_16,CAM_ONLY,27.1323,,26.6459,0.4864,,1.8254,,1,,10.92,2.16,slowdown,-1.97,,CAMERA_ONLY
0,100.0419,t1060,LIDAR_ONLY,28.0278,28.0278,,,,,,,,10.92,2.16,drive,23.56,front,LIDAR_ONLY
0,100.0419,t1060,LIDAR_ONLY,27.2157,27.2157,,,,,,,,10.92,2.16,drive,24.68,front,LIDAR_ONLY
0,100.0419,t1060,LIDAR_ONLY,26.5910,26.5910,,,,,,,,10.92,2.16,drive,26.57,front,LIDAR_ONLY
0,100.1025,cam_16,CAM_ONLY,28.4728,,26.6394,1.8335,,6.8825,,0,,10.22,5.58,slowdown,-1.79,,CAMERA_ONLY
0,100.1635,cam_16,CAM_ONLY,27.8578,,26.6291,1.2287,,4.6143,,0,,10.79,6.53,slowdown,-1.43,,CAMERA_ONLY
0,100.2371,cam_16,CAM_ONLY,27.0551,,26.6114,0.4437,,1.6673,,1,,18.68,2.06,slowdown,-1.12,,CAMERA_ONLY
0,100.2371,t1060,LIDAR_ONLY,26.6750,26.6750,,,,,,,,18.68,2.06,drive,25.23,front,LIDAR_ONLY
0,100.2371,t1060,LIDAR_ONLY,26.6882,26.6882,,,,,,,,18.68,2.06,drive,26.76,front,LIDAR_ONLY
0,100.3121,cam_16,CAM_ONLY,26.1476,,26.5857,0.4381,,1.6478,,1,,12.28,6.76,warning,-0.63,,CAMERA_ONLY
0,100.3923,cam_16,CAM_ONLY,27.5209,,26.5619,0.9590,,3.6104,,1,,18.10,4.33,slowdown,-0.22,,CAMERA_ONLY
0,100.3923,t1060,LIDAR_ONLY,26.6555,26.6555,,,,,,,,18.10,4.33,drive,25.85,front,LIDAR_ONLY
0,100.3923,t1060,LIDAR_ONLY,26.4883,26.4883,,,,,,,,18.10,4.33,drive,27.32,front,LIDAR_ONLY
0,100.4666,cam_16,CAM_ONLY,26.1159,,26.5478,0.4319,,1.6268,,1,,14.99,2.87,warning,0.00,,CAMERA_ONLY
0,100.5375,cam_16,CAM_ONLY,26.1480,,26.5342,0.3862,,1.4554,,1,,15.08,2.70,warning,0.18,,CAMERA_ONLY
0,100.5375,t1060,LIDAR_ONLY,26.5054,26.5054,,,,,,,,15.08,2.70,drive,28.34,front,LIDAR_ONLY
0,100.5375,t1060,LIDAR_ONLY,26.1159,26.1159,,,,,,,,15.08,2.70,drive,27.33,front,LIDAR_ONLY
0,100.5375,t1060,LIDAR_ONLY,26.1621,26.1621,,,,,,,,15.08,2.70,drive,26.75,front,LIDAR_ONLY
0,100.5994,cam_16,CAM_ONLY,25.9336,,26.5226,0.5890,,2.2207,,1,,10.06,5.29,warning,0.13,,CAMERA_ONLY
0,100.6659,cam_16,CAM_ONLY,26.1037,,26.5153,0.4117,,1.5526,,1,,9.86,5.32,slowdown,0.13,,CAMERA_ONLY
0,100.7368,cam_16,CAM_ONLY,25.7462,,26.5159,0.7697,,2.9028,,1,,20.14,2.20,slowdown,0.04,,CAMERA_ONLY
0,100.7368,t1060,LIDAR_ONLY,26.0246,26.0246,,,,,,,,20.14,2.20,drive,27.30,front,LIDAR_ONLY
0,100.7368,t1060,LIDAR_ONLY,25.4923,25.4923,,,,,,,,20.14,2.20,drive,29.57,front,LIDAR_ONLY
0,100.8226,cam_16,CAM_ONLY,25.5801,,26.5234,0.9433,,3.5564,,1,,26.16,4.28,warning,0.13,,CAMERA_ONLY
0,100.9024,cam_16,CAM_ONLY,25.4581,,26.5270,1.0689,,4.0295,,0,,13.69,4.59,warning,0.22,,CAMERA_ONLY
0,100.9690,cam_16,CAM_ONLY,25.9502,,26.5286,0.5784,,2.1804,,1,,11.68,4.82,slowdown,0.27,,CAMERA_ONLY
0,101.0383,t1082,BOTH,26.5308,26.6681,26.5341,0.0033,0.1340,0.0124,0.5048,1,1,15.39,2.57,slowdown,0.36,,FULL_ANGLE
0,101.0383,t1080,LIDAR_ONLY,27.1184,27.1184,,,,,,,,15.39,2.57,drive,26.86,front,LIDAR_ONLY
0,101.0383,t1080,LIDAR_ONLY,26.1406,26.1406,,,,,,,,15.39,2.57,drive,29.94,front,LIDAR_ONLY
0,101.1098,cam_16,CAM_ONLY,26.5907,,26.5436,0.0471,,0.1774,,1,,13.83,7.88,slowdown,0.54,,CAMERA_ONLY
0,101.1745,cam_16,CAM_ONLY,26.6288,,26.5571,0.0717,,0.2701,,1,,11.69,2.42,slowdown,0.63,,CAMERA_ONLY
0,101.1745,t1086,LIDAR_ONLY,19.4857,19.4857,,,,,,,,11.69,2.42,drive,-25.70,front,LIDAR_ONLY
0,101.1745,t1086,LIDAR_ONLY,18.6095,18.6095,,,,,,,,11.69,2.42,drive,-28.73,front,LIDAR_ONLY
0,101.2481,cam_16,CAM_ONLY,25.8410,,26.5682,0.7272,,2.7370,,1,,13.02,4.56,slowdown,0.67,,CAMERA_ONLY
0,101.3176,cam_16,CAM_ONLY,25.7599,,26.5718,0.8119,,3.0555,,1,,15.57,5.05,slowdown,0.76,,CAMERA_ONLY
0,101.3975,cam_16,CAM_ONLY,26.5604,,26.5732,0.0128,,0.0482,,1,,19.65,6.18,slowdown,0.85,,CAMERA_ONLY
0,101.4669,cam_16,CAM_ONLY,26.4026,,26.5994,0.1968,,0.7398,,1,,14.52,4.27,slowdown,0.94,,CAMERA_ONLY
0,101.5370,cam_16,CAM_ONLY,26.6544,,26.5803,0.0740,,0.2785,,1,,18.44,2.09,slowdown,0.98,,CAMERA_ONLY
0,101.6022,cam_16,CAM_ONLY,26.8425,,26.5807,0.2618,,0.9850,,1,,13.03,4.35,slowdown,1.03,,CAMERA_ONLY
0,101.6847,t1096,BOTH,27.2632,26.7271,26.5724,0.6908,0.1547,2.5996,0.5823,1,1,13.69,1.70,slowdown,1.16,,FULL_ANGLE
0,101.6847,t1094,LIDAR_ONLY,31.3801,31.3801,,,,,,,,13.69,1.70,drive,-16.42,front,LIDAR_ONLY
0,101.6847,t1095,LIDAR_ONLY,26.5016,26.5016,,,,,,,,13.69,1.70,drive,28.27,front,LIDAR_ONLY
0,101.7651,cam_16,CAM_ONLY,27.2480,,26.5530,0.6951,,2.6176,,1,,15.16,6.53,slowdown,1.25,,CAMERA_ONLY
0,101.8282,cam_16,CAM_ONLY,27.0612,,26.5379,0.5233,,1.9718,,1,,11.15,2.52,slowdown,1.30,,CAMERA_ONLY
0,101.8282,t1094,LIDAR_ONLY,24.5145,24.5145,,,,,,,,11.15,2.52,drive,-24.65,front,LIDAR_ONLY
0,101.8992,cam_16,CAM_ONLY,26.5812,,26.5201,0.0611,,0.2303,,1,,12.57,6.16,slowdown,1.34,,CAMERA_ONLY
0,101.9793,cam_16,CAM_ONLY,26.3784,,26.5033,0.1250,,0.4715,,1,,15.34,2.18,slowdown,1.39,,CAMERA_ONLY
0,102.0469,cam_16,CAM_ONLY,26.3383,,26.4909,0.1526,,0.5762,,1,,12.65,4.91,warning,1.43,,CAMERA_ONLY
0,102.0469,t1105,LIDAR_ONLY,26.5670,26.5670,,,,,,,,12.65,4.91,drive,28.48,front,LIDAR_ONLY
0,102.1128,cam_16,CAM_ONLY,25.8685,,26.4784,0.6099,,2.3034,,1,,11.82,6.33,warning,1.43,,CAMERA_ONLY
0,102.1761,cam_16,CAM_ONLY,25.8552,,26.4660,0.6109,,2.3081,,1,,11.77,2.36,warning,1.48,,CAMERA_ONLY
0,102.2429,cam_16,CAM_ONLY,26.1267,,26.4541,0.3273,,1.2374,,1,,12.46,3.38,slowdown,1.43,,CAMERA_ONLY
0,102.2429,t1105,LIDAR_ONLY,26.1114,26.1114,,,,,,,,12.46,3.38,drive,29.58,front,LIDAR_ONLY
0,102.3288,cam_16,CAM_ONLY,26.5272,,26.4441,0.0831,,0.3142,,1,,22.87,3.53,slowdown,1.25,,CAMERA_ONLY
0,102.3288,t1109,LIDAR_ONLY,20.2067,20.2067,,,,,,,,22.87,3.53,drive,-24.08,front,LIDAR_ONLY
0,102.4190,cam_16,CAM_ONLY,25.6121,,26.4429,0.8308,,3.1418,,1,,20.17,8.91,warning,0.81,,CAMERA_ONLY
0,102.4967,t1115,BOTH,26.7817,26.5574,26.4468,0.3349,0.1106,1.2663,0.4181,1,1,19.59,4.43,slowdown,0.45,,FULL_ANGLE
0,102.4967,t1105,LIDAR_ONLY,26.2335,26.2335,,,,,,,,19.59,4.43,drive,26.34,front,LIDAR_ONLY
0,102.4967,t1105,LIDAR_ONLY,26.1807,26.1807,,,,,,,,19.59,4.43,drive,28.24,front,LIDAR_ONLY
0,102.5713,cam_16,CAM_ONLY,26.1196,,26.4511,0.3316,,1.2535,,1,,20.21,2.22,slowdown,0.00,,CAMERA_ONLY
0,102.6400,cam_16,CAM_ONLY,25.5001,,26.4507,0.9506,,3.5937,,1,,13.14,3.10,warning,-0.63,,CAMERA_ONLY
0,102.6400,t1105,LIDAR_ONLY,25.9807,25.9807,,,,,,,,13.14,3.10,drive,28.58,front,LIDAR_ONLY
0,102.7040,cam_16,CAM_ONLY,26.1429,,26.4482,0.3053,,1.1543,,1,,11.62,4.65,slowdown,-0.98,,CAMERA_ONLY
0,102.7728,cam_16,CAM_ONLY,25.6770,,26.4504,0.7734,,2.9238,,1,,13.97,4.34,slowdown,-1.30,,CAMERA_ONLY
0,102.8499,cam_16,CAM_ONLY,27.4149,,26.4580,0.9569,,3.6167,,1,,22.29,5.74,slowdown,-1.57,,CAMERA_ONLY
0,102.9155,cam_16,CAM_ONLY,26.8428,,26.4620,0.3808,,1.4389,,1,,12.51,3.65,slowdown,-1.88,,CAMERA_ONLY
0,102.9902,cam_16,CAM_ONLY,26.0768,,26.4635,0.3867,,1.4611,,1,,15.68,3.42,slowdown,-1.97,,CAMERA_ONLY
0,102.9902,t1124,LIDAR_ONLY,26.2240,26.2240,,,,,,,,15.68,3.42,drive,25.64,front,LIDAR_ONLY
0,102.9902,t1124,LIDAR_ONLY,25.7853,25.7853,,,,,,,,15.68,3.42,drive,26.58,front,LIDAR_ONLY
0,102.9902,t1124,LIDAR_ONLY,26.0126,26.0126,,,,,,,,15.68,3.42,drive,23.98,front,LIDAR_ONLY
0,103.0566,cam_16,CAM_ONLY,26.0930,,26.4632,0.3702,,1.3990,,1,,9.99,4.55,slowdown,-2.01,,CAMERA_ONLY
0,103.1254,cam_16,CAM_ONLY,26.3560,,26.4651,0.1091,,0.4123,,1,,13.09,2.01,slowdown,-1.97,,CAMERA_ONLY
0,103.2114,cam_16,CAM_ONLY,28.4174,,26.4719,1.9455,,7.3493,,0,,18.31,8.39,safe,-1.70,,CAMERA_ONLY
0,103.2835,t1128,BOTH,25.7621,26.6799,26.4734,0.7113,0.2065,2.6869,0.7801,1,1,9.28,1.03,warning,-1.30,,FULL_ANGLE
0,103.3600,cam_16,CAM_ONLY,26.3071,,26.4632,0.1560,,0.5897,,1,,20.66,7.80,slowdown,-1.12,,CAMERA_ONLY
0,103.4240,cam_16,CAM_ONLY,25.6136,,26.4529,0.8393,,3.1727,,1,,10.88,2.32,warning,-0.67,,CAMERA_ONLY
0,103.4950,t1128,BOTH,26.9355,26.6142,26.4438,0.4918,0.1705,1.8597,0.6447,1,1,16.03,5.03,slowdown,-0.40,,FULL_ANGLE
0,103.4950,t1133,LIDAR_ONLY,25.0341,25.0341,,,,,,,,16.03,5.03,drive,28.72,front,LIDAR_ONLY
0,103.5732,cam_16,CAM_ONLY,26.5550,,26.4403,0.1146,,0.4335,,1,,16.68,11.60,slowdown,-0.13,,CAMERA_ONLY
0,103.6595,cam_16,CAM_ONLY,26.2035,,26.4330,0.2295,,0.8683,,1,,24.18,10.18,slowdown,-0.04,,CAMERA_ONLY
0,103.7332,t1128,BOTH,26.3912,26.5919,26.4202,0.0290,0.1717,0.1098,0.6498,1,1,11.42,1.63,slowdown,-0.09,,FULL_ANGLE
0,103.8045,cam_16,CAM_ONLY,26.4940,,26.4040,0.0901,,0.3411,,1,,16.07,6.79,slowdown,-0.09,,CAMERA_ONLY
0,103.8799,cam_16,CAM_ONLY,26.7370,,26.3907,0.3462,,1.3120,,1,,14.80,2.55,slowdown,-0.09,,CAMERA_ONLY
0,103.8799,t1139,LIDAR_ONLY,19.4947,19.4947,,,,,,,,14.80,2.55,drive,-26.34,front,LIDAR_ONLY
0,103.9555,cam_16,CAM_ONLY,26.8583,,26.3768,0.4815,,1.8254,,1,,16.41,6.01,slowdown,-0.09,,CAMERA_ONLY
0,104.0405,cam_16,CAM_ONLY,26.1215,,26.3559,0.2344,,0.8893,,1,,23.78,2.75,warning,0.00,,CAMERA_ONLY
0,104.0405,t1143,LIDAR_ONLY,26.2541,26.2541,,,,,,,,23.78,2.75,drive,27.69,front,LIDAR_ONLY
0,104.0405,t1143,LIDAR_ONLY,25.7386,25.7386,,,,,,,,23.78,2.75,drive,29.81,front,LIDAR_ONLY
0,104.1024,cam_16,CAM_ONLY,25.5576,,26.3383,0.7806,,2.9638,,1,,11.47,4.09,warning,0.04,,CAMERA_ONLY
0,104.1688,cam_16,CAM_ONLY,25.2056,,26.3193,1.1137,,4.2314,,0,,12.07,2.75,warning,0.22,,CAMERA_ONLY
0,104.2476,cam_16,CAM_ONLY,25.8255,,26.3060,0.4805,,1.8266,,1,,14.32,5.79,warning,0.31,,CAMERA_ONLY
0,104.3264,cam_16,CAM_ONLY,26.4383,,26.3063,0.1320,,0.5017,,1,,22.98,4.65,slowdown,0.49,,CAMERA_ONLY
0,104.3933,cam_16,CAM_ONLY,25.7176,,26.3119,0.5944,,2.2589,,1,,12.69,4.09,slowdown,0.63,,CAMERA_ONLY
0,104.3933,t1148,LIDAR_ONLY,28.1427,28.1427,,,,,,,,12.69,4.09,drive,26.58,front,LIDAR_ONLY
0,104.3933,t1148,LIDAR_ONLY,27.1295,27.1295,,,,,,,,12.69,4.09,drive,28.19,front,LIDAR_ONLY
0,104.4540,cam_16,CAM_ONLY,25.4682,,26.3147,0.8466,,3.2171,,1,,9.07,4.29,warning,0.67,,CAMERA_ONLY
0,104.5265,cam_16,CAM_ONLY,25.2033,,26.3192,1.1160,,4.2401,,0,,17.03,4.20,warning,0.67,,CAMERA_ONLY
0,104.5931,t1154,BOTH,25.1513,26.4886,26.3282,1.1769,0.1604,4.4701,0.6091,0,1,10.98,3.64,warning,0.72,,FULL_ANGLE
0,104.5931,t1148,LIDAR_ONLY,27.2110,27.2110,,,,,,,,10.98,3.64,drive,26.76,front,LIDAR_ONLY
0,104.5931,t1148,LIDAR_ONLY,26.9339,26.9339,,,,,,,,10.98,3.64,drive,29.06,front,LIDAR_ONLY
0,104.5931,t1148,LIDAR_ONLY,26.9464,26.9464,,,,,,,,10.98,3.64,drive,27.47,front,LIDAR_ONLY
0,104.5931,t1148,LIDAR_ONLY,26.7367,26.7367,,,,,,,,10.98,3.64,drive,27.92,front,LIDAR_ONLY
0,104.6645,cam_16,CAM_ONLY,25.4800,,26.3512,0.8711,,3.3059,,1,,15.96,6.72,slowdown,0.76,,CAMERA_ONLY
0,104.7369,cam_16,CAM_ONLY,25.6123,,26.3746,0.7623,,2.8904,,1,,12.76,2.01,slowdown,0.81,,CAMERA_ONLY
0,104.7369,t1148,LIDAR_ONLY,26.8339,26.8339,,,,,,,,12.76,2.01,drive,26.95,front,LIDAR_ONLY
0,104.7369,t1148,LIDAR_ONLY,26.5276,26.5276,,,,,,,,12.76,2.01,drive,29.44,front,LIDAR_ONLY
0,104.8124,cam_16,CAM_ONLY,25.7213,,26.3983,0.6769,,2.5644,,1,,17.34,6.17,slowdown,0.90,,CAMERA_ONLY
0,104.9034,cam_16,CAM_ONLY,25.9341,,26.4236,0.4895,,1.8526,,1,,20.73,6.71,slowdown,0.90,,CAMERA_ONLY
0,104.9741,cam_16,CAM_ONLY,26.1408,,26.4445,0.3038,,1.1486,,1,,12.79,4.96,slowdown,0.98,,CAMERA_ONLY
0,105.0432,cam_16,CAM_ONLY,26.3838,,26.4650,0.0812,,0.3067,,1,,11.32,4.30,slowdown,0.98,,CAMERA_ONLY
0,105.1151,cam_16,CAM_ONLY,26.3888,,26.4845,0.0957,,0.3612,,1,,12.77,5.70,slowdown,0.98,,CAMERA_ONLY
0,105.1781,t1165,BOTH,26.3840,26.6052,26.5015,0.1175,0.1037,0.4434,0.3913,1,1,11.48,1.70,slowdown,0.94,,FULL_ANGLE
0,105.1781,t1167,LIDAR_ONLY,19.1576,19.1576,,,,,,,,11.48,1.70,drive,-25.54,front,LIDAR_ONLY
0,105.2456,cam_16,CAM_ONLY,26.3161,,26.5217,0.2056,,0.7752,,1,,10.92,5.48,slowdown,0.98,,CAMERA_ONLY
0,105.3150,cam_16,CAM_ONLY,26.5543,,26.5508,0.0035,,0.0133,,1,,13.38,4.19,slowdown,0.98,,CAMERA_ONLY
0,105.3797,cam_16,CAM_ONLY,26.5536,,26.5888,0.0352,,0.1326,,1,,13.20,1.54,slowdown,0.98,,CAMERA_ONLY
0,105.4544,cam_16,CAM_ONLY,26.2994,,26.6498,0.3504,,1.3150,,1,,18.40,5.78,slowdown,0.94,,CAMERA_ONLY
0,105.5183,cam_16,CAM_ONLY,25.6331,,26.6987,1.0657,,3.9915,,0,,15.76,3.32,warning,0.81,,CAMERA_ONLY
0,105.5874,cam_16,CAM_ONLY,26.1798,,26.7758,0.5960,,2.2258,,1,,12.75,2.80,slowdown,0.67,,CAMERA_ONLY
0,105.5874,t1175,LIDAR_ONLY,27.5204,27.5204,,,,,,,,12.75,2.80,drive,27.20,front,LIDAR_ONLY
0,105.6693,cam_16,CAM_ONLY,26.1845,,26.8679,0.6834,,2.5435,,1,,15.81,3.98,slowdown,0.27,,CAMERA_ONLY
0,105.7491,cam_16,CAM_ONLY,27.5957,,26.9861,0.6096,,2.2590,,1,,10.95,5.56,slowdown,-0.18,,CAMERA_ONLY
0,105.8191,cam_16,CAM_ONLY,25.7390,,27.0758,1.3369,,4.9375,,0,,19.11,2.38,slowdown,-0.81,,CAMERA_ONLY
0,105.8889,cam_16,CAM_ONLY,26.1647,,27.2097,1.0449,,3.8403,,0,,9.31,1.31,slowdown,-1.30,,CAMERA_ONLY
0,105.9537,cam_16,CAM_ONLY,27.9369,,27.2686,0.6683,,2.4508,,1,,11.72,3.52,safe,-1.79,,CAMERA_ONLY
0,106.0164,cam_16,CAM_ONLY,26.6142,,27.3513,0.7371,,2.6949,,1,,12.20,2.14,slowdown,-2.15,,CAMERA_ONLY
0,106.0843,cam_16,CAM_ONLY,26.9619,,27.4470,0.4851,,1.7676,,1,,11.92,2.38,slowdown,-2.46,,CAMERA_ONLY
0,106.0843,t1182,LIDAR_ONLY,26.9265,26.9265,,,,,,,,11.92,2.38,drive,24.84,front,LIDAR_ONLY
0,106.0843,t1182,LIDAR_ONLY,26.0389,26.0389,,,,,,,,11.92,2.38,drive,26.12,front,LIDAR_ONLY
0,106.1604,cam_16,CAM_ONLY,27.6915,,27.5569,0.1345,,0.4882,,1,,16.25,6.94,slowdown,-2.55,,CAMERA_ONLY
0,106.2330,t1184,BOTH,28.2704,27.8306,27.6610,0.6094,0.1695,2.2031,0.6129,1,1,19.02,2.35,slowdown,-2.68,,FULL_ANGLE
0,106.3008,cam_16,CAM_ONLY,28.5519,,27.7557,0.7962,,2.8685,,1,,16.61,5.64,slowdown,-2.68,,CAMERA_ONLY
0,106.3794,cam_16,CAM_ONLY,28.7235,,27.8755,0.8480,,3.0419,,1,,17.98,2.05,slowdown,-2.55,,CAMERA_ONLY
0,106.4557,cam_16,CAM_ONLY,27.2658,,27.9714,0.7056,,2.5227,,1,,11.72,4.27,slowdown,-2.37,,CAMERA_ONLY
0,106.5317,t1194,BOTH,27.4918,28.2605,28.0984,0.6066,0.1621,2.1589,0.5770,1,1,19.87,2.55,slowdown,-2.10,,FULL_ANGLE
0,106.5317,t1193,LIDAR_ONLY,19.8888,19.8888,,,,,,,,19.87,2.55,drive,-27.53,front,LIDAR_ONLY
0,106.5983,cam_16,CAM_ONLY,29.7294,,28.1953,1.5340,,5.4408,,0,,14.00,5.68,safe,-1.79,,CAMERA_ONLY
0,106.6622,cam_16,CAM_ONLY,30.1323,,28.2872,1.8451,,6.5227,,0,,11.16,7.05,safe,-1.48,,CAMERA_ONLY
0,106.7241,cam_16,CAM_ONLY,29.1324,,28.3596,0.7728,,2.7250,,1,,12.39,2.15,slowdown,-1.30,,CAMERA_ONLY
0,106.8155,cam_16,CAM_ONLY,28.2913,,28.4752,0.1839,,0.6457,,1,,11.33,7.26,slowdown,-1.07,,CAMERA_ONLY
0,106.9030,cam_16,CAM_ONLY,28.6370,,28.5712,0.0658,,0.2303,,1,,15.22,7.46,slowdown,-0.94,,CAMERA_ONLY
0,106.9773,cam_16,CAM_ONLY,28.9200,,28.6445,0.2755,,0.9618,,1,,21.90,3.21,slowdown,-0.85,,CAMERA_ONLY
0,106.9773,t1204,LIDAR_ONLY,19.8991,19.8991,,,,,,,,21.90,3.21,drive,-28.83,front,LIDAR_ONLY
0,107.1300,cam_16,CAM_ONLY,28.0301,,28.7995,0.7693,,2.6713,,1,,15.45,2.31,warning,0.00,,CAMERA_ONLY
0,107.1300,t1204,LIDAR_ONLY,19.7004,19.7004,,,,,,,,15.45,2.31,drive,-28.68,front,LIDAR_ONLY
0,107.2039,cam_16,CAM_ONLY,28.0441,,28.8790,0.8349,,2.8910,,1,,12.87,4.53,warning,0.45,,CAMERA_ONLY
0,107.2680,cam_16,CAM_ONLY,28.8891,,28.9388,0.0497,,0.1718,,1,,13.08,3.69,slowdown,0.81,,CAMERA_ONLY
0,107.3406,cam_16,CAM_ONLY,29.9719,,29.0053,0.9666,,3.3324,,1,,19.09,2.44,slowdown,0.98,,CAMERA_ONLY
0,107.3406,t1204,LIDAR_ONLY,19.4010,19.4010,,,,,,,,19.09,2.44,drive,-28.60,front,LIDAR_ONLY
0,107.4232,cam_16,CAM_ONLY,29.6849,,29.0933,0.5916,,2.0335,,1,,19.34,8.96,slowdown,1.25,,CAMERA_ONLY
0,107.4880,cam_16,CAM_ONLY,28.9793,,29.1512,0.1718,,0.5895,,1,,14.14,1.89,slowdown,1.34,,CAMERA_ONLY
0,107.4880,t1212,LIDAR_ONLY,26.9764,26.9764,,,,,,,,14.14,1.89,drive,28.82,front,LIDAR_ONLY
0,107.5577,cam_16,CAM_ONLY,28.7693,,29.2321,0.4628,,1.5830,,1,,13.60,6.07,slowdown,1.34,,CAMERA_ONLY
0,107.6204,cam_16,CAM_ONLY,29.3462,,29.2893,0.0569,,0.1941,,1,,13.29,2.58,slowdown,1.25,,CAMERA_ONLY
0,107.6852,cam_16,CAM_ONLY,29.8494,,29.3544,0.4951,,1.6865,,1,,12.41,1.35,slowdown,1.12,,CAMERA_ONLY
0,107.6852,t1212,LIDAR_ONLY,26.9005,26.9005,,,,,,,,12.41,1.35,drive,28.89,front,LIDAR_ONLY
0,107.7606,cam_16,CAM_ONLY,30.3378,,29.4378,0.9000,,3.0573,,1,,12.36,6.47,slowdown,1.03,,CAMERA_ONLY
0,107.8354,cam_16,CAM_ONLY,29.7764,,29.5008,0.2757,,0.9345,,1,,16.64,1.78,slowdown,0.94,,CAMERA_ONLY
0,107.8354,t1218,LIDAR_ONLY,19.7585,19.7585,,,,,,,,16.64,1.78,drive,-24.50,front,LIDAR_ONLY
0,107.9184,cam_16,CAM_ONLY,29.4973,,29.5813,0.0840,,0.2840,,1,,15.84,5.61,slowdown,0.90,,CAMERA_ONLY
0,108.0683,cam_16,CAM_ONLY,29.2632,,29.7233,0.4602,,1.5481,,1,,14.80,3.12,slowdown,0.81,,CAMERA_ONLY
0,108.1455,cam_16,CAM_ONLY,28.7614,,29.7991,1.0378,,3.4825,,0,,16.11,4.36,slowdown,0.58,,CAMERA_ONLY
0,108.1455,t1226,LIDAR_ONLY,27.1581,27.1581,,,,,,,,16.11,4.36,drive,28.05,front,LIDAR_ONLY
0,108.1455,t1226,LIDAR_ONLY,26.9126,26.9126,,,,,,,,16.11,4.36,drive,28.67,front,LIDAR_ONLY
0,108.2117,cam_16,CAM_ONLY,29.2241,,29.8526,0.6284,,2.1051,,1,,11.47,6.99,slowdown,0.31,,CAMERA_ONLY
0,108.4387,cam_16,CAM_ONLY,30.4519,,29.9985,0.4534,,1.5115,,1,,17.01,2.34,slowdown,-1.52,,CAMERA_ONLY
0,108.4387,t1233,LIDAR_ONLY,20.3971,20.3971,,,,,,,,17.01,2.34,drive,-26.38,front,LIDAR_ONLY
0,108.5018,cam_16,CAM_ONLY,29.6479,,30.0205,0.3726,,1.2411,,1,,10.03,6.52,slowdown,-2.24,,CAMERA_ONLY
0,108.6409,cam_16,CAM_ONLY,30.4445,,30.0574,0.3871,,1.2880,,1,,13.16,3.25,slowdown,-3.13,,CAMERA_ONLY
0,108.8342,t1241,LIDAR_ONLY,23.4840,23.4840,,,,,,,,11.69,1.83,drive,28.51,front,LIDAR_ONLY
0,108.9701,cam_16,CAM_ONLY,31.6572,,30.1120,1.5452,,5.1315,,0,,13.60,2.25,slowdown,-3.31,,CAMERA_ONLY
0,109.0395,cam_16,CAM_ONLY,30.9448,,30.1032,0.8416,,2.7958,,1,,11.20,2.50,warning,-3.13,,CAMERA_ONLY
0,109.1189,cam_16,CAM_ONLY,29.9045,,30.0866,0.1821,,0.6053,,1,,15.05,4.98,warning,-2.91,,CAMERA_ONLY
0,109.3512,t1247,BOTH,30.4023,32.3502,30.0808,0.3215,2.2693,1.0687,7.5441,1,0,18.00,7.20,warning,-2.33,,FULL_ANGLE
0,109.3512,t1251,LIDAR_ONLY,48.9667,48.9667,,,,,,,,18.00,7.20,drive,23.57,front,LIDAR_ONLY
0,109.4164,cam_16,CAM_ONLY,30.2242,,30.0761,0.1481,,0.4926,,1,,10.81,3.79,warning,-2.33,,CAMERA_ONLY
0,109.4727,cam_16,CAM_ONLY,29.8364,,30.0727,0.2363,,0.7858,,1,,10.00,2.00,warning,-2.28,,CAMERA_ONLY
0,109.5307,cam_16,CAM_ONLY,30.3707,,30.0739,0.2968,,0.9869,,1,,11.70,1.82,warning,-2.24,,CAMERA_ONLY
0,109.5907,cam_16,CAM_ONLY,30.6184,,30.0829,0.5355,,1.7801,,1,,9.58,2.00,slowdown,-2.24,,CAMERA_ONLY
0,109.7257,cam_16,CAM_ONLY,30.3953,,30.1204,0.2749,,0.9127,,1,,11.94,1.82,slowdown,-2.10,,CAMERA_ONLY
0,109.7986,cam_16,CAM_ONLY,32.1412,,30.1479,1.9933,,6.6117,,0,,15.48,4.72,slowdown,-1.92,,CAMERA_ONLY
0,109.8727,cam_16,CAM_ONLY,31.9689,,30.1815,1.7874,,5.9222,,0,,18.82,2.01,slowdown,-1.83,,CAMERA_ONLY
0,109.8727,t1260,LIDAR_ONLY,19.2800,19.2800,,,,,,,,18.82,2.01,drive,-28.13,front,LIDAR_ONLY
0,109.9372,cam_16,CAM_ONLY,31.8341,,30.2151,1.6190,,5.3583,,0,,13.83,1.85,slowdown,-1.83,,CAMERA_ONLY
0,109.9372,t1260,LIDAR_ONLY,19.3097,19.3097,,,,,,,,13.83,1.85,drive,-27.74,front,LIDAR_ONLY
0,109.9990,cam_16,CAM_ONLY,31.9071,,30.2640,1.6432,,5.4294,,0,,11.01,5.32,slowdown,-1.83,,CAMERA_ONLY
0,110.0599,cam_16,CAM_ONLY,32.0188,,30.3120,1.7068,,5.6307,,0,,9.27,4.87,safe,-1.83,,CAMERA_ONLY
0,110.1559,cam_16,CAM_ONLY,32.0666,,30.3996,1.6670,,5.4835,,0,,13.92,5.50,safe,-1.79,,CAMERA_ONLY
0,110.2195,cam_16,CAM_ONLY,32.3619,,30.4660,1.8959,,6.2230,,0,,11.78,2.78,safe,-1.83,,CAMERA_ONLY
0,110.3036,cam_16,CAM_ONLY,32.4790,,30.5494,1.9296,,6.3162,,0,,14.65,6.92,safe,-1.88,,CAMERA_ONLY
0,110.3685,cam_16,CAM_ONLY,32.2169,,30.6034,1.6135,,5.2724,,0,,12.08,2.38,slowdown,-1.92,,CAMERA_ONLY
0,110.4554,cam_16,CAM_ONLY,32.1968,,30.6752,1.5216,,4.9604,,0,,20.13,6.77,slowdown,-2.01,,CAMERA_ONLY
0,110.5239,cam_16,CAM_ONLY,32.3209,,30.7295,1.5914,,5.1788,,0,,13.92,3.14,slowdown,-1.97,,CAMERA_ONLY
0,110.5965,cam_16,CAM_ONLY,32.6233,,30.7896,1.8336,,5.9553,,0,,13.77,4.38,slowdown,-1.92,,CAMERA_ONLY
0,110.6540,cam_16,CAM_ONLY,32.5552,,30.8391,1.7162,,5.5649,,0,,10.22,3.98,slowdown,-1.83,,CAMERA_ONLY
0,110.7297,cam_16,CAM_ONLY,32.8815,,30.9052,1.9764,,6.3950,,0,,15.53,2.42,slowdown,-1.70,,CAMERA_ONLY
0,110.7990,cam_16,CAM_ONLY,32.1826,,30.9682,1.2144,,3.9214,,0,,14.15,5.38,slowdown,-1.57,,CAMERA_ONLY
0,110.8599,cam_16,CAM_ONLY,32.6989,,31.0220,1.6769,,5.4055,,0,,9.33,5.55,slowdown,-1.48,,CAMERA_ONLY
0,111.1382,t1280,LIDAR_ONLY,25.8313,25.8313,,,,,,,,11.12,2.85,drive,16.19,front,LIDAR_ONLY
0,111.1382,t1281,LIDAR_ONLY,42.9366,42.9366,,,,,,,,11.12,2.85,drive,26.66,front,LIDAR_ONLY
0,111.5817,t1292,LIDAR_ONLY,35.0727,35.0727,,,,,,,,11.20,1.27,drive,24.72,front,LIDAR_ONLY
0,111.6345,t1292,LIDAR_ONLY,28.2322,28.2322,,,,,,,,9.78,1.45,drive,18.45,front,LIDAR_ONLY
0,111.6345,t1292,LIDAR_ONLY,28.8009,28.8009,,,,,,,,9.78,1.45,drive,25.01,front,LIDAR_ONLY
0,111.8353,t1292,LIDAR_ONLY,28.5080,28.5080,,,,,,,,11.76,2.17,drive,19.50,front,LIDAR_ONLY
0,111.8353,t1292,LIDAR_ONLY,28.8979,28.8979,,,,,,,,11.76,2.17,drive,26.04,front,LIDAR_ONLY
0,112.0892,t1306,LIDAR_ONLY,33.0357,33.0357,,,,,,,,11.10,3.11,drive,27.23,front,LIDAR_ONLY
0,112.4093,cam_17,CAM_ONLY,31.5616,,31.5641,0.0025,,0.0078,,1,,13.39,7.30,warning,-0.13,,CAMERA_ONLY
0,112.4876,cam_17,CAM_ONLY,32.8075,,31.5520,1.2556,,3.9793,,0,,12.37,1.52,warning,-0.40,,CAMERA_ONLY
0,112.4876,t1315,LIDAR_ONLY,19.9497,19.9497,,,,,,,,12.37,1.52,drive,22.02,front,LIDAR_ONLY
0,112.4876,t1315,LIDAR_ONLY,21.1897,21.1897,,,,,,,,12.37,1.52,drive,28.12,front,LIDAR_ONLY
0,112.6308,cam_17,CAM_ONLY,32.8668,,31.5502,1.3166,,4.1730,,0,,17.62,2.48,slowdown,-0.98,,CAMERA_ONLY
0,112.7780,cam_17,CAM_ONLY,33.0830,,31.5970,1.4860,,4.7030,,0,,14.40,2.51,slowdown,-0.90,,CAMERA_ONLY
0,112.7780,t1321,LIDAR_ONLY,19.1914,19.1914,,,,,,,,14.40,2.51,drive,-26.91,front,LIDAR_ONLY
0,112.9861,t1324,LIDAR_ONLY,17.8734,17.8734,,,,,,,,13.39,1.79,cautious,24.64,front,LIDAR_ONLY
0,112.9861,t1321,LIDAR_ONLY,19.3531,19.3531,,,,,,,,13.39,1.79,drive,-24.99,front,LIDAR_ONLY
0,112.9861,t1324,LIDAR_ONLY,17.3146,17.3146,,,,,,,,13.39,1.79,cautious,20.02,front,LIDAR_ONLY
0,113.2583,cam_18,CAM_ONLY,32.0340,,31.9677,0.0662,,0.2072,,1,,12.79,5.78,slowdown,-0.22,,CAMERA_ONLY
0,113.3299,cam_18,CAM_ONLY,32.0669,,32.0269,0.0400,,0.1250,,1,,15.72,2.29,slowdown,-0.18,,CAMERA_ONLY
0,113.4116,cam_18,CAM_ONLY,32.3903,,32.1257,0.2646,,0.8238,,1,,18.75,5.28,slowdown,-0.13,,CAMERA_ONLY
0,113.4833,t1337,LIDAR_ONLY,19.1792,19.1792,,,,,,,,16.69,5.03,drive,-25.88,front,LIDAR_ONLY
0,113.6804,cam_18,CAM_ONLY,32.6156,,32.4911,0.1245,,0.3832,,1,,12.96,1.34,safe,0.45,,CAMERA_ONLY
0,113.6804,t1337,LIDAR_ONLY,19.2339,19.2339,,,,,,,,12.96,1.34,drive,-24.87,front,LIDAR_ONLY
0,113.8813,t1337,LIDAR_ONLY,18.7500,18.7500,,,,,,,,15.02,1.29,drive,-28.46,front,LIDAR_ONLY
0,114.0286,t1337,LIDAR_ONLY,18.8462,18.8462,,,,,,,,22.69,3.54,drive,-23.91,front,LIDAR_ONLY
0,114.2828,t1350,LIDAR_ONLY,13.1565,13.1565,,,,,,,,11.84,1.24,slow,25.89,front,LIDAR_ONLY
0,114.2828,t1350,LIDAR_ONLY,12.2910,12.2910,,,,,,,,11.84,1.24,slow,29.22,front,LIDAR_ONLY
0,114.4389,t1350,LIDAR_ONLY,15.6425,15.6425,,,,,,,,23.09,2.16,slow,23.65,front,LIDAR_ONLY
0,114.4389,t1355,LIDAR_ONLY,16.4121,16.4121,,,,,,,,23.09,2.16,cautious,-29.13,front,LIDAR_ONLY
0,114.4389,t1350,LIDAR_ONLY,17.2551,17.2551,,,,,,,,23.09,2.16,slow,27.40,front,LIDAR_ONLY
0,114.4389,t1350,LIDAR_ONLY,17.7652,17.7652,,,,,,,,23.09,2.16,cautious,29.57,front,LIDAR_ONLY
0,114.7874,t1365,LIDAR_ONLY,39.2601,39.2601,,,,,,,,12.90,2.38,drive,24.38,front,LIDAR_ONLY
0,114.9252,t1368,LIDAR_ONLY,19.6101,19.6101,,,,,,,,11.53,2.48,drive,-23.79,front,LIDAR_ONLY
0,114.9252,t1368,LIDAR_ONLY,17.7920,17.7920,,,,,,,,11.53,2.48,cautious,-29.03,front,LIDAR_ONLY
0,114.9890,t1365,LIDAR_ONLY,38.8094,38.8094,,,,,,,,10.06,2.51,drive,24.88,front,LIDAR_ONLY
0,115.4396,t1376,LIDAR_ONLY,36.8808,36.8808,,,,,,,,14.27,2.74,drive,25.83,front,LIDAR_ONLY
0,115.9371,t1385,LIDAR_ONLY,41.5337,41.5337,,,,,,,,15.84,2.32,drive,18.33,front,LIDAR_ONLY
0,115.9371,t1385,LIDAR_ONLY,37.7150,37.7150,,,,,,,,15.84,2.32,drive,26.64,front,LIDAR_ONLY
0,116.4341,t1392,LIDAR_ONLY,39.6953,39.6953,,,,,,,,11.32,1.37,drive,18.22,front,LIDAR_ONLY
0,116.4341,t1392,LIDAR_ONLY,34.8052,34.8052,,,,,,,,11.32,1.37,drive,27.88,front,LIDAR_ONLY
0,116.6433,t1392,LIDAR_ONLY,35.0118,35.0118,,,,,,,,15.28,6.01,drive,19.42,front,LIDAR_ONLY
0,116.6433,t1392,LIDAR_ONLY,34.4380,34.4380,,,,,,,,15.28,6.01,drive,28.35,front,LIDAR_ONLY
0,116.7767,t1399,LIDAR_ONLY,19.5857,19.5857,,,,,,,,11.38,1.71,drive,-24.17,front,LIDAR_ONLY
0,116.7767,t1399,LIDAR_ONLY,18.1321,18.1321,,,,,,,,11.38,1.71,drive,-29.13,front,LIDAR_ONLY
0,117.1817,t1407,LIDAR_ONLY,19.7069,19.7069,,,,,,,,10.29,1.57,drive,-25.20,front,LIDAR_ONLY
0,117.6283,t1417,LIDAR_ONLY,30.9968,30.9968,,,,,,,,11.71,1.43,drive,-18.24,front,LIDAR_ONLY
0,117.6283,t1418,LIDAR_ONLY,35.2460,35.2460,,,,,,,,11.71,1.43,drive,18.84,front,LIDAR_ONLY
0,117.6283,t1417,LIDAR_ONLY,25.3174,25.3174,,,,,,,,11.71,1.43,drive,-25.48,front,LIDAR_ONLY
0,117.8827,t1422,LIDAR_ONLY,34.0991,34.0991,,,,,,,,9.15,1.19,drive,19.63,front,LIDAR_ONLY
0,118.2407,t1430,LIDAR_ONLY,32.4959,32.4959,,,,,,,,26.79,5.83,drive,21.65,front,LIDAR_ONLY
0,118.2407,t1431,LIDAR_ONLY,19.8883,19.8883,,,,,,,,26.79,5.83,drive,-23.56,front,LIDAR_ONLY
0,118.2407,t1431,LIDAR_ONLY,18.2112,18.2112,,,,,,,,26.79,5.83,cautious,-29.26,front,LIDAR_ONLY
0,118.3804,t1430,LIDAR_ONLY,32.0939,32.0939,,,,,,,,14.39,1.42,drive,24.38,front,LIDAR_ONLY
0,118.3804,t1431,LIDAR_ONLY,18.3591,18.3591,,,,,,,,14.39,1.42,cautious,-21.74,front,LIDAR_ONLY
0,118.5417,t1430,LIDAR_ONLY,31.9963,31.9963,,,,,,,,15.24,3.49,drive,22.77,front,LIDAR_ONLY
0,118.5417,t1430,LIDAR_ONLY,31.8452,31.8452,,,,,,,,15.24,3.49,drive,26.13,front,LIDAR_ONLY
0,118.6791,t1441,LIDAR_ONLY,20.7778,20.7778,,,,,,,,12.29,2.06,drive,-20.37,front,LIDAR_ONLY
0,118.7404,t1430,LIDAR_ONLY,31.5834,31.5834,,,,,,,,10.72,3.38,drive,23.13,front,LIDAR_ONLY
0,118.7404,t1430,LIDAR_ONLY,30.9549,30.9549,,,,,,,,10.72,3.38,drive,24.96,front,LIDAR_ONLY
0,118.9317,t1430,LIDAR_ONLY,30.1389,30.1389,,,,,,,,12.53,1.63,drive,25.35,front,LIDAR_ONLY
0,118.9317,t1448,LIDAR_ONLY,17.9574,17.9574,,,,,,,,12.53,1.63,cautious,-24.87,front,LIDAR_ONLY
0,119.0792,t1448,LIDAR_ONLY,18.1129,18.1129,,,,,,,,14.47,1.94,cautious,-23.56,front,LIDAR_ONLY
0,119.2758,t1448,LIDAR_ONLY,17.5462,17.5462,,,,,,,,11.55,2.14,cautious,-27.60,front,LIDAR_ONLY
0,119.5293,t1461,LIDAR_ONLY,15.4021,15.4021,,,,,,,,16.06,2.41,cautious,-29.21,front,LIDAR_ONLY
0,119.5866,t1464,LIDAR_ONLY,28.4531,28.4531,,,,,,,,10.57,2.40,drive,28.33,front,LIDAR_ONLY
0,119.8830,t1470,LIDAR_ONLY,15.0758,15.0758,,,,,,,,9.77,1.05,cautious,-29.96,front,LIDAR_ONLY
0,119.8830,t1470,LIDAR_ONLY,15.3307,15.3307,,,,,,,,9.77,1.05,cautious,-22.17,front,LIDAR_ONLY
0,120.2327,t1475,LIDAR_ONLY,20.3431,20.3431,,,,,,,,15.46,1.33,drive,-25.62,front,LIDAR_ONLY
0,120.2327,t1476,LIDAR_ONLY,24.7708,24.7708,,,,,,,,15.46,1.33,drive,28.11,front,LIDAR_ONLY
0,120.2327,t1476,LIDAR_ONLY,24.9840,24.9840,,,,,,,,15.46,1.33,drive,29.27,front,LIDAR_ONLY
0,120.2327,t1475,LIDAR_ONLY,18.8819,18.8819,,,,,,,,15.46,1.33,drive,-27.43,front,LIDAR_ONLY
0,120.4367,t1475,LIDAR_ONLY,18.9740,18.9740,,,,,,,,14.07,1.29,drive,-27.14,front,LIDAR_ONLY
0,120.4367,t1476,LIDAR_ONLY,25.1321,25.1321,,,,,,,,14.07,1.29,drive,29.78,front,LIDAR_ONLY
0,120.4367,t1475,LIDAR_ONLY,18.5558,18.5558,,,,,,,,14.07,1.29,drive,-28.19,front,LIDAR_ONLY
0,120.5816,t1475,LIDAR_ONLY,18.5942,18.5942,,,,,,,,18.52,2.46,drive,-28.66,front,LIDAR_ONLY
0,120.7738,t1475,LIDAR_ONLY,18.2542,18.2542,,,,,,,,11.08,2.72,cautious,-29.74,front,LIDAR_ONLY
0,120.7738,t1475,LIDAR_ONLY,18.4028,18.4028,,,,,,,,11.08,2.72,cautious,-23.75,front,LIDAR_ONLY
0,121.0439,t1495,LIDAR_ONLY,38.9273,38.9273,,,,,,,,11.84,3.63,drive,23.22,front,LIDAR_ONLY
0,121.7290,t1502,LIDAR_ONLY,35.7228,35.7228,,,,,,,,12.25,1.22,drive,25.66,front,LIDAR_ONLY
0,121.7290,t1503,LIDAR_ONLY,17.2845,17.2845,,,,,,,,12.25,1.22,cautious,-27.59,front,LIDAR_ONLY
0,122.3836,t1516,LIDAR_ONLY,40.5843,40.5843,,,,,,,,9.91,1.18,drive,19.41,front,LIDAR_ONLY
0,122.3836,t1516,LIDAR_ONLY,35.9452,35.9452,,,,,,,,9.91,1.18,drive,24.75,front,LIDAR_ONLY
0,122.5840,t1516,LIDAR_ONLY,34.7563,34.7563,,,,,,,,12.52,1.60,drive,27.41,front,LIDAR_ONLY
0,122.8413,t1526,LIDAR_ONLY,38.5159,38.5159,,,,,,,,13.13,3.34,drive,25.06,front,LIDAR_ONLY
0,123.4488,t1541,LIDAR_ONLY,35.4931,35.4931,,,,,,,,21.43,5.48,drive,24.98,front,LIDAR_ONLY
0,124.0342,t1551,LIDAR_ONLY,32.4140,32.4140,,,,,,,,16.30,1.77,drive,26.12,front,LIDAR_ONLY
0,125.3751,t1582,LIDAR_ONLY,20.1001,20.1001,,,,,,,,19.87,1.03,drive,-25.18,front,LIDAR_ONLY
0,125.3751,t1582,LIDAR_ONLY,20.2017,20.2017,,,,,,,,19.87,1.03,drive,-23.90,front,LIDAR_ONLY
0,125.5793,t1582,LIDAR_ONLY,20.0457,20.0457,,,,,,,,15.85,1.63,drive,-25.74,front,LIDAR_ONLY
0,126.6806,t1607,LIDAR_ONLY,26.6045,26.6045,,,,,,,,10.38,1.18,drive,-22.10,front,LIDAR_ONLY
0,126.6806,t1607,LIDAR_ONLY,23.7658,23.7658,,,,,,,,10.38,1.18,drive,-26.05,front,LIDAR_ONLY
0,126.9299,t1612,LIDAR_ONLY,20.0187,20.0187,,,,,,,,12.13,1.49,drive,-25.78,front,LIDAR_ONLY
0,127.5839,t1633,LIDAR_ONLY,40.3100,40.3100,,,,,,,,20.02,1.89,drive,23.92,front,LIDAR_ONLY
0,127.7786,t1635,LIDAR_ONLY,21.7855,21.7855,,,,,,,,21.78,2.28,drive,-26.05,front,LIDAR_ONLY
0,127.7786,t1635,LIDAR_ONLY,20.6573,20.6573,,,,,,,,21.78,2.28,drive,-26.43,front,LIDAR_ONLY
0,127.9834,t1635,LIDAR_ONLY,20.7008,20.7008,,,,,,,,14.89,1.63,drive,-27.38,front,LIDAR_ONLY
0,127.9834,t1635,LIDAR_ONLY,20.4478,20.4478,,,,,,,,14.89,1.63,drive,-26.83,front,LIDAR_ONLY
0,127.9834,t1635,LIDAR_ONLY,20.2648,20.2648,,,,,,,,14.89,1.63,drive,-27.97,front,LIDAR_ONLY
0,127.9834,t1635,LIDAR_ONLY,20.0992,20.0992,,,,,,,,14.89,1.63,drive,-25.05,front,LIDAR_ONLY
0,128.1787,t1635,LIDAR_ONLY,20.1437,20.1437,,,,,,,,12.35,1.53,drive,-26.94,front,LIDAR_ONLY
0,128.2404,t1647,LIDAR_ONLY,37.9149,37.9149,,,,,,,,10.53,2.68,drive,24.14,front,LIDAR_ONLY
0,128.4450,t1647,LIDAR_ONLY,37.4574,37.4574,,,,,,,,20.06,1.53,drive,24.99,front,LIDAR_ONLY
0,128.5808,t1649,LIDAR_ONLY,18.7358,18.7358,,,,,,,,17.69,1.76,cautious,-29.99,front,LIDAR_ONLY
0,128.5808,t1649,LIDAR_ONLY,18.9518,18.9518,,,,,,,,17.69,1.76,cautious,-25.03,front,LIDAR_ONLY
0,128.7244,t1649,LIDAR_ONLY,19.1705,19.1705,,,,,,,,15.77,3.24,cautious,-24.11,front,LIDAR_ONLY
0,128.7855,t1655,LIDAR_ONLY,35.6514,35.6514,,,,,,,,10.57,1.66,drive,28.86,front,LIDAR_ONLY
0,128.9376,t1655,LIDAR_ONLY,35.9577,35.9577,,,,,,,,16.08,2.62,drive,29.79,front,LIDAR_ONLY
0,128.9376,t1655,LIDAR_ONLY,35.9715,35.9715,,,,,,,,16.08,2.62,drive,29.43,front,LIDAR_ONLY
0,129.1314,t1660,LIDAR_ONLY,17.4721,17.4721,,,,,,,,8.67,1.45,cautious,-28.71,front,LIDAR_ONLY
0,129.5254,t1669,LIDAR_ONLY,19.7770,19.7770,,,,,,,,18.23,1.81,drive,-25.57,front,LIDAR_ONLY
0,130.5244,t1693,LIDAR_ONLY,19.4070,19.4070,,,,,,,,13.41,4.14,drive,-26.20,front,LIDAR_ONLY
0,130.7808,t1697,LIDAR_ONLY,39.2443,39.2443,,,,,,,,13.69,1.43,drive,7.97,front,LIDAR_ONLY
0,130.8365,t1699,LIDAR_ONLY,32.1098,32.1098,,,,,,,,9.27,0.99,drive,29.68,front,LIDAR_ONLY
0,131.0382,t1704,LIDAR_ONLY,19.1350,19.1350,,,,,,,,19.40,2.46,drive,-27.34,front,LIDAR_ONLY
0,131.8770,t1723,LIDAR_ONLY,20.0345,20.0345,,,,,,,,11.47,1.40,drive,-24.52,front,LIDAR_ONLY
0,131.8770,t1723,LIDAR_ONLY,18.8597,18.8597,,,,,,,,11.47,1.40,cautious,-29.96,front,LIDAR_ONLY
0,132.1235,t1723,LIDAR_ONLY,18.9154,18.9154,,,,,,,,12.75,2.23,cautious,-25.16,front,LIDAR_ONLY
0,132.1817,t1723,LIDAR_ONLY,18.8793,18.8793,,,,,,,,10.10,1.33,cautious,-26.52,front,LIDAR_ONLY
0,132.1817,t1723,LIDAR_ONLY,18.9359,18.9359,,,,,,,,10.10,1.33,cautious,-24.29,front,LIDAR_ONLY
0,132.3856,t1739,LIDAR_ONLY,43.4049,43.4049,,,,,,,,11.25,2.13,drive,26.65,front,LIDAR_ONLY
0,132.3856,t1739,LIDAR_ONLY,43.3699,43.3699,,,,,,,,11.25,2.13,drive,28.19,front,LIDAR_ONLY
0,132.5815,t1745,LIDAR_ONLY,20.8411,20.8411,,,,,,,,16.00,1.53,drive,-27.78,front,LIDAR_ONLY
0,132.6394,t1746,LIDAR_ONLY,42.2506,42.2506,,,,,,,,8.77,2.24,drive,24.15,front,LIDAR_ONLY
0,132.6394,t1746,LIDAR_ONLY,42.2670,42.2670,,,,,,,,8.77,2.24,drive,22.28,front,LIDAR_ONLY
0,132.6394,t1746,LIDAR_ONLY,42.4274,42.4274,,,,,,,,8.77,2.24,drive,28.03,front,LIDAR_ONLY
0,132.6394,t1746,LIDAR_ONLY,42.5086,42.5086,,,,,,,,8.77,2.24,drive,26.61,front,LIDAR_ONLY
0,132.8340,t1746,LIDAR_ONLY,42.1002,42.1002,,,,,,,,18.71,1.75,drive,24.84,front,LIDAR_ONLY
0,132.8340,t1746,LIDAR_ONLY,42.1585,42.1585,,,,,,,,18.71,1.75,drive,15.93,front,LIDAR_ONLY
0,132.8340,t1746,LIDAR_ONLY,42.0570,42.0570,,,,,,,,18.71,1.75,drive,18.65,front,LIDAR_ONLY
0,133.0790,t1760,LIDAR_ONLY,20.2038,20.2038,,,,,,,,12.33,1.31,drive,-29.02,front,LIDAR_ONLY
0,133.3431,t1769,LIDAR_ONLY,38.4235,38.4235,,,,,,,,18.48,4.40,drive,29.15,front,LIDAR_ONLY
0,133.3431,t1769,LIDAR_ONLY,38.3057,38.3057,,,,,,,,18.48,4.40,drive,26.09,front,LIDAR_ONLY
0,133.4800,t1773,LIDAR_ONLY,19.8915,19.8915,,,,,,,,14.15,2.01,cautious,-23.55,front,LIDAR_ONLY
0,133.5818,t1775,LIDAR_ONLY,24.9073,24.9073,,,,,,,,16.40,1.56,drive,14.06,front,LIDAR_ONLY
0,133.5818,t1769,LIDAR_ONLY,38.3453,38.3453,,,,,,,,16.40,1.56,drive,26.56,front,LIDAR_ONLY
0,133.5818,t1769,LIDAR_ONLY,38.3575,38.3575,,,,,,,,16.40,1.56,drive,28.64,front,LIDAR_ONLY
0,133.5818,t1773,LIDAR_ONLY,20.0148,20.0148,,,,,,,,16.40,1.56,cautious,-22.84,front,LIDAR_ONLY
0,133.5818,t1773,LIDAR_ONLY,19.2753,19.2753,,,,,,,,16.40,1.56,cautious,-28.83,front,LIDAR_ONLY
0,133.8385,t1783,LIDAR_ONLY,23.5109,23.5109,,,,,,,,17.40,2.96,drive,12.50,front,LIDAR_ONLY
0,133.8385,t1785,LIDAR_ONLY,36.4186,36.4186,,,,,,,,17.40,2.96,drive,27.95,front,LIDAR_ONLY
0,133.8385,t1785,LIDAR_ONLY,36.5531,36.5531,,,,,,,,17.40,2.96,drive,25.13,front,LIDAR_ONLY
0,133.8385,t1785,LIDAR_ONLY,37.1452,37.1452,,,,,,,,17.40,2.96,drive,28.96,front,LIDAR_ONLY
0,134.0275,t1793,LIDAR_ONLY,19.6797,19.6797,,,,,,,,14.31,1.50,cautious,-28.02,front,LIDAR_ONLY
0,134.1032,cam_19,CAM_ONLY,38.4423,,35.4320,3.0102,,8.4958,,0,,13.87,3.31,slowdown,-2.37,,CAMERA_ONLY
0,134.1723,cam_19,CAM_ONLY,37.8036,,35.3749,2.4287,,6.8657,,0,,14.85,2.93,slowdown,-2.33,,CAMERA_ONLY
0,134.2328,t1796,LIDAR_ONLY,21.2630,21.2630,,,,,,,,11.70,1.19,drive,12.78,front,LIDAR_ONLY
0,134.2328,t1796,LIDAR_ONLY,23.8790,23.8790,,,,,,,,11.70,1.19,drive,22.63,front,LIDAR_ONLY
0,134.6411,t1800,LIDAR_ONLY,35.8718,35.8718,,,,,,,,11.17,3.13,drive,27.55,front,LIDAR_ONLY
0,134.6411,t1803,LIDAR_ONLY,19.0960,19.0960,,,,,,,,11.17,3.13,cautious,16.69,front,LIDAR_ONLY
0,134.6411,t1800,LIDAR_ONLY,36.0086,36.0086,,,,,,,,11.17,3.13,drive,26.12,front,LIDAR_ONLY
0,134.7354,t1803,LIDAR_ONLY,18.7760,18.7760,,,,,,,,11.84,1.71,cautious,17.15,front,LIDAR_ONLY
0,134.7354,t1800,LIDAR_ONLY,36.0301,36.0301,,,,,,,,11.84,1.71,drive,28.38,front,LIDAR_ONLY
0,134.7354,t1800,LIDAR_ONLY,36.1142,36.1142,,,,,,,,11.84,1.71,drive,26.71,front,LIDAR_ONLY
0,134.7354,t1806,LIDAR_ONLY,19.9146,19.9146,,,,,,,,11.84,1.71,drive,-24.60,front,LIDAR_ONLY
0,134.9372,t1803,LIDAR_ONLY,18.2740,18.2740,,,,,,,,16.96,2.41,cautious,18.88,front,LIDAR_ONLY
0,134.9372,t1800,LIDAR_ONLY,36.1652,36.1652,,,,,,,,16.96,2.41,drive,28.01,front,LIDAR_ONLY
0,134.9372,t1800,LIDAR_ONLY,35.1248,35.1248,,,,,,,,16.96,2.41,drive,26.62,front,LIDAR_ONLY
0,135.0841,t1803,LIDAR_ONLY,17.8300,17.8300,,,,,,,,18.57,3.62,cautious,19.36,front,LIDAR_ONLY
0,135.0841,t1800,LIDAR_ONLY,34.8803,34.8803,,,,,,,,18.57,3.62,drive,28.40,front,LIDAR_ONLY
0,135.0841,t1800,LIDAR_ONLY,33.2124,33.2124,,,,,,,,18.57,3.62,drive,25.97,front,LIDAR_ONLY
0,135.0841,t1803,LIDAR_ONLY,17.6580,17.6580,,,,,,,,18.57,3.62,cautious,21.92,front,LIDAR_ONLY
0,135.2334,t1803,LIDAR_ONLY,17.1523,17.1523,,,,,,,,19.91,2.82,cautious,19.63,front,LIDAR_ONLY
0,135.2334,t1800,LIDAR_ONLY,32.8457,32.8457,,,,,,,,19.91,2.82,drive,28.21,front,LIDAR_ONLY
0,135.2334,t1817,LIDAR_ONLY,18.4618,18.4618,,,,,,,,19.91,2.82,cautious,-26.67,front,LIDAR_ONLY
0,135.2334,t1817,LIDAR_ONLY,18.5547,18.5547,,,,,,,,19.91,2.82,cautious,-25.67,front,LIDAR_ONLY
0,135.2334,t1817,LIDAR_ONLY,18.8136,18.8136,,,,,,,,19.91,2.82,cautious,-23.81,front,LIDAR_ONLY
0,135.2334,t1817,LIDAR_ONLY,19.0114,19.0114,,,,,,,,19.91,2.82,cautious,-24.65,front,LIDAR_ONLY
0,135.2334,t1803,LIDAR_ONLY,16.7109,16.7109,,,,,,,,19.91,2.82,cautious,22.30,front,LIDAR_ONLY
0,135.4380,t1803,LIDAR_ONLY,16.1769,16.1769,,,,,,,,20.40,2.35,cautious,20.73,front,LIDAR_ONLY
0,135.4380,t1800,LIDAR_ONLY,32.4064,32.4064,,,,,,,,20.40,2.35,drive,29.01,front,LIDAR_ONLY
0,135.4380,t1800,LIDAR_ONLY,31.7324,31.7324,,,,,,,,20.40,2.35,drive,26.82,front,LIDAR_ONLY
0,135.4380,t1803,LIDAR_ONLY,15.7827,15.7827,,,,,,,,20.40,2.35,cautious,23.33,front,LIDAR_ONLY
0,135.5000,cam_20,CAM_ONLY,37.6161,,34.6712,2.9449,,8.4938,,0,,10.03,3.49,safe,0.54,,CAMERA_ONLY
0,135.8945,t1832,LIDAR_ONLY,13.3349,13.3349,,,,,,,,14.02,2.87,slow,25.79,front,LIDAR_ONLY
0,135.8945,t1832,LIDAR_ONLY,14.6733,14.6733,,,,,,,,14.02,2.87,slow,28.66,front,LIDAR_ONLY
0,135.8945,t1832,LIDAR_ONLY,15.2104,15.2104,,,,,,,,14.02,2.87,slow,28.86,front,LIDAR_ONLY
0,136.0328,t1832,LIDAR_ONLY,14.6519,14.6519,,,,,,,,16.81,1.92,cautious,27.67,front,LIDAR_ONLY
0,136.0328,t1832,LIDAR_ONLY,15.2722,15.2722,,,,,,,,16.81,1.92,cautious,28.13,front,LIDAR_ONLY
0,136.2729,cam_21,CAM_ONLY,33.7328,,31.9500,1.7828,,5.5799,,0,,17.24,9.50,slowdown,0.45,,CAMERA_ONLY
0,136.3365,cam_21,CAM_ONLY,33.3614,,31.7978,1.5636,,4.9173,,0,,13.42,2.31,slowdown,0.36,,CAMERA_ONLY
0,136.3365,t1844,LIDAR_ONLY,27.5806,27.5806,,,,,,,,13.42,2.31,drive,25.84,front,LIDAR_ONLY
0,136.3365,t1844,LIDAR_ONLY,27.3335,27.3335,,,,,,,,13.42,2.31,drive,26.56,front,LIDAR_ONLY
0,136.3365,t1844,LIDAR_ONLY,26.8538,26.8538,,,,,,,,13.42,2.31,drive,27.63,front,LIDAR_ONLY
0,136.4852,t1844,LIDAR_ONLY,26.6256,26.6256,,,,,,,,13.94,2.21,drive,26.95,front,LIDAR_ONLY
0,136.4852,t1844,LIDAR_ONLY,26.3196,26.3196,,,,,,,,13.94,2.21,drive,27.94,front,LIDAR_ONLY
0,136.6766,t1855,LIDAR_ONLY,19.3748,19.3748,,,,,,,,13.07,1.64,drive,-26.45,front,LIDAR_ONLY
0,136.7401,t1858,LIDAR_ONLY,26.5341,26.5341,,,,,,,,10.32,2.41,drive,25.30,front,LIDAR_ONLY
0,136.7401,t1858,LIDAR_ONLY,25.7197,25.7197,,,,,,,,10.32,2.41,drive,27.07,front,LIDAR_ONLY
0,136.7401,t1858,LIDAR_ONLY,24.0259,24.0259,,,,,,,,10.32,2.41,drive,29.38,front,LIDAR_ONLY
0,136.8202,cam_22,CAM_ONLY,30.4562,,30.6905,0.2343,,0.7634,,1,,15.93,5.37,warning,-1.39,,CAMERA_ONLY
0,136.9065,cam_22,CAM_ONLY,30.5945,,30.4724,0.1220,,0.4004,,1,,26.13,6.62,warning,-1.48,,CAMERA_ONLY
0,136.9766,t1866,LIDAR_ONLY,20.0098,20.0098,65.1437,45.1339,45.1339,69.2836,69.2836,0,0,16.27,1.77,drive,-25.83,front,LIDAR_ONLY
0,137.2280,cam_22,CAM_ONLY,29.3687,,29.6833,0.3146,,1.0598,,1,,12.83,1.49,warning,0.40,,CAMERA_ONLY
0,137.3002,cam_22,CAM_ONLY,30.9756,,29.5052,1.4704,,4.9836,,0,,14.28,3.11,warning,1.07,,CAMERA_ONLY
0,137.3876,t1876,LIDAR_ONLY,27.3716,27.3716,,,,,,,,15.17,1.95,drive,27.24,front,LIDAR_ONLY
0,137.3876,t1876,LIDAR_ONLY,26.6807,26.6807,,,,,,,,15.17,1.95,drive,29.67,front,LIDAR_ONLY
0,137.5888,t1876,LIDAR_ONLY,26.7481,26.7481,,,,,,,,13.91,2.27,drive,27.05,front,LIDAR_ONLY
0,137.5888,t1876,LIDAR_ONLY,26.2276,26.2276,,,,,,,,13.91,2.27,drive,29.44,front,LIDAR_ONLY
0,137.7345,t1884,BOTH,29.5028,37.9486,28.4933,1.0095,9.4554,3.5431,33.1846,0,0,21.86,2.89,warning,1.34,,FULL_ANGLE
0,137.7345,t1876,LIDAR_ONLY,26.1703,26.1703,,,,,,,,21.86,2.89,drive,28.61,front,LIDAR_ONLY
0,137.7345,t1876,LIDAR_ONLY,25.6870,25.6870,,,,,,,,21.86,2.89,drive,29.33,front,LIDAR_ONLY
0,137.8125,cam_23,CAM_ONLY,29.9006,,28.3271,1.5735,,5.5546,,0,,14.76,8.21,warning,1.12,,CAMERA_ONLY
0,137.8842,cam_23,CAM_ONLY,29.2923,,28.1838,1.1085,,3.9331,,0,,9.99,3.16,warning,0.72,,CAMERA_ONLY
0,137.8842,t1876,LIDAR_ONLY,25.7975,25.7975,,,,,,,,9.99,3.16,drive,25.57,front,LIDAR_ONLY
0,137.8842,t1876,LIDAR_ONLY,25.7414,25.7414,,,,,,,,9.99,3.16,drive,28.00,front,LIDAR_ONLY
0,137.9511,cam_23,CAM_ONLY,28.3435,,28.0697,0.2738,,0.9754,,1,,13.39,3.06,warning,0.27,,CAMERA_ONLY
0,138.1053,cam_23,CAM_ONLY,27.5266,,27.8133,0.2867,,1.0307,,1,,12.79,3.57,warning,-1.16,,CAMERA_ONLY
0,138.2739,cam_23,CAM_ONLY,27.5187,,27.5938,0.0750,,0.2718,,1,,17.19,3.01,warning,-1.39,,CAMERA_ONLY
0,138.3491,cam_23,CAM_ONLY,28.7541,,27.4824,1.2717,,4.6272,,0,,16.64,3.86,warning,-1.66,,CAMERA_ONLY
0,138.4218,cam_23,CAM_ONLY,28.7256,,27.4023,1.3233,,4.8291,,0,,19.87,7.72,warning,-2.01,,CAMERA_ONLY
0,138.4929,cam_23,CAM_ONLY,26.8735,,27.3232,0.4496,,1.6455,,1,,10.62,3.06,warning,-2.19,,CAMERA_ONLY
0,138.5721,cam_23,CAM_ONLY,26.7993,,27.2596,0.4603,,1.6886,,1,,13.98,6.88,warning,-2.19,,CAMERA_ONLY
0,138.6341,cam_23,CAM_ONLY,27.6821,,27.2129,0.4693,,1.7245,,1,,12.50,1.43,warning,-2.06,,CAMERA_ONLY
0,138.6341,t1898,LIDAR_ONLY,27.4965,27.4965,,,,,,,,12.50,1.43,drive,23.50,front,LIDAR_ONLY
0,138.6341,t1898,LIDAR_ONLY,26.6299,26.6299,,,,,,,,12.50,1.43,drive,25.37,front,LIDAR_ONLY
0,138.6341,t1898,LIDAR_ONLY,26.2188,26.2188,,,,,,,,12.50,1.43,drive,26.47,front,LIDAR_ONLY
0,138.7035,cam_23,CAM_ONLY,28.4421,,27.1642,1.2779,,4.7043,,0,,10.36,3.44,slowdown,-1.75,,CAMERA_ONLY
0,138.7626,cam_23,CAM_ONLY,27.0391,,27.1350,0.0959,,0.3533,,1,,9.76,5.93,warning,-1.43,,CAMERA_ONLY
0,138.8329,t1905,BOTH,26.8853,27.2618,27.1064,0.2211,0.1554,0.8156,0.5732,1,1,14.63,1.30,warning,-1.16,,FULL_ANGLE
0,138.8329,t1898,LIDAR_ONLY,26.3021,26.3021,,,,,,,,14.63,1.30,drive,24.50,front,LIDAR_ONLY
0,138.8329,t1898,LIDAR_ONLY,26.3402,26.3402,,,,,,,,14.63,1.30,drive,25.85,front,LIDAR_ONLY
0,138.8972,cam_23,CAM_ONLY,26.7999,,27.0800,0.2801,,1.0343,,1,,12.34,3.21,warning,-0.81,,CAMERA_ONLY
0,139.0362,cam_23,CAM_ONLY,27.9283,,27.0363,0.8920,,3.2993,,1,,16.45,1.91,slowdown,-0.49,,CAMERA_ONLY
0,139.0362,t1898,LIDAR_ONLY,26.1803,26.1803,,,,,,,,16.45,1.91,drive,26.11,front,LIDAR_ONLY
0,139.0362,t1898,LIDAR_ONLY,26.0923,26.0923,,,,,,,,16.45,1.91,drive,27.40,front,LIDAR_ONLY
0,139.0362,t1898,LIDAR_ONLY,26.2036,26.2036,,,,,,,,16.45,1.91,drive,24.94,front,LIDAR_ONLY
0,139.0362,t1898,LIDAR_ONLY,26.2239,26.2239,,,,,,,,16.45,1.91,drive,25.35,front,LIDAR_ONLY
0,139.1139,cam_23,CAM_ONLY,28.2144,,27.0098,1.2047,,4.4601,,0,,19.41,6.93,slowdown,-0.40,,CAMERA_ONLY
0,139.1869,cam_23,CAM_ONLY,28.0249,,26.9889,1.0360,,3.8386,,0,,17.73,1.96,slowdown,-0.31,,CAMERA_ONLY
0,139.1869,t1898,LIDAR_ONLY,26.3241,26.3241,,,,,,,,17.73,1.96,drive,25.14,front,LIDAR_ONLY
0,139.2467,cam_23,CAM_ONLY,27.8324,,26.9716,0.8608,,3.1914,,1,,10.67,3.27,slowdown,-0.13,,CAMERA_ONLY
0,139.3756,cam_23,CAM_ONLY,27.1033,,26.9275,0.1758,,0.6530,,1,,13.43,2.57,slowdown,0.27,,CAMERA_ONLY
0,139.4344,cam_23,CAM_ONLY,27.0621,,26.9036,0.1586,,0.5894,,1,,12.59,1.53,slowdown,0.54,,CAMERA_ONLY
0,139.4344,t1918,LIDAR_ONLY,26.0678,26.0678,,,,,,,,12.59,1.53,drive,27.50,front,LIDAR_ONLY
0,139.4949,cam_23,CAM_ONLY,26.8399,,26.8718,0.0319,,0.1188,,1,,10.35,2.98,warning,0.67,,CAMERA_ONLY
0,139.5632,cam_23,CAM_ONLY,27.2666,,26.8417,0.4250,,1.5832,,1,,13.96,6.68,slowdown,0.81,,CAMERA_ONLY
0,139.6265,cam_23,CAM_ONLY,28.0324,,26.8216,1.2108,,4.5143,,0,,12.46,1.86,slowdown,0.85,,CAMERA_ONLY
0,139.6829,t1924,BOTH,28.1855,26.9268,26.8028,1.3827,0.1240,5.1588,0.4626,0,1,9.99,1.24,slowdown,0.85,,FULL_ANGLE
0,139.6829,t1926,LIDAR_ONLY,16.2446,16.2446,,,,,,,,9.99,1.24,cautious,-29.34,front,LIDAR_ONLY
0,139.7422,cam_23,CAM_ONLY,27.6977,,26.7753,0.9224,,3.4448,,1,,13.06,3.29,slowdown,0.76,,CAMERA_ONLY
0,139.8055,cam_23,CAM_ONLY,27.1032,,26.7463,0.3569,,1.3344,,1,,12.54,5.08,slowdown,0.67,,CAMERA_ONLY
0,139.8677,cam_23,CAM_ONLY,27.2508,,26.7156,0.5352,,2.0034,,1,,13.26,3.53,slowdown,0.63,,CAMERA_ONLY
0,139.9312,cam_23,CAM_ONLY,27.7437,,26.6842,1.0594,,3.9703,,0,,12.80,2.08,slowdown,0.49,,CAMERA_ONLY
0,139.9983,cam_23,CAM_ONLY,27.7848,,26.6531,1.1317,,4.2462,,0,,15.18,3.31,slowdown,0.49,,CAMERA_ONLY
0,140.0729,cam_23,CAM_ONLY,27.4062,,26.6224,0.7838,,2.9440,,1,,13.25,3.10,slowdown,0.49,,CAMERA_ONLY
0,140.1319,cam_23,CAM_ONLY,27.2746,,26.5943,0.6803,,2.5581,,1,,12.64,1.67,slowdown,0.49,,CAMERA_ONLY
0,140.1890,t1943,BOTH,27.5701,26.7315,26.5645,1.0056,0.1670,3.7854,0.6286,0,1,8.77,1.58,slowdown,0.36,,FULL_ANGLE
0,140.1890,t1941,LIDAR_ONLY,26.8309,26.8309,,,,,,,,8.77,1.58,drive,26.40,front,LIDAR_ONLY
0,140.1890,t1941,LIDAR_ONLY,25.8101,25.8101,,,,,,,,8.77,1.58,drive,28.28,front,LIDAR_ONLY
0,140.2477,cam_23,CAM_ONLY,26.8870,,26.5328,0.3543,,1.3353,,1,,11.23,2.56,warning,0.22,,CAMERA_ONLY
0,140.3118,cam_23,CAM_ONLY,26.8137,,26.4882,0.3255,,1.2289,,1,,13.76,6.71,warning,0.00,,CAMERA_ONLY
0,140.4642,cam_23,CAM_ONLY,27.3250,,26.4348,0.8902,,3.3676,,1,,18.16,3.82,slowdown,-0.98,,CAMERA_ONLY
0,140.5328,t1951,BOTH,27.1593,26.6063,26.4417,0.7175,0.1646,2.7137,0.6224,1,1,13.61,1.12,slowdown,-1.03,,FULL_ANGLE
0,140.5328,t1950,LIDAR_ONLY,19.4040,19.4040,39.9214,20.5174,20.5174,51.3945,51.3945,0,0,13.61,1.12,drive,-25.83,front,LIDAR_ONLY
0,140.5979,cam_23,CAM_ONLY,27.1128,,26.4705,0.6423,,2.4264,,1,,13.26,3.29,slowdown,-1.12,,CAMERA_ONLY
0,140.6662,cam_23,CAM_ONLY,26.1276,,26.5156,0.3881,,1.4635,,1,,12.42,6.55,warning,-1.25,,CAMERA_ONLY
0,140.7513,cam_23,CAM_ONLY,27.1192,,26.5957,0.5235,,1.9683,,1,,16.82,2.87,slowdown,-1.57,,CAMERA_ONLY
0,140.8219,cam_23,CAM_ONLY,26.9147,,26.6870,0.2277,,0.8532,,1,,13.64,3.04,slowdown,-1.97,,CAMERA_ONLY
0,140.9006,cam_23,CAM_ONLY,25.9889,,26.8314,0.8425,,3.1400,,1,,21.80,3.81,warning,-2.24,,CAMERA_ONLY
0,140.9592,cam_23,CAM_ONLY,26.7314,,26.9311,0.1997,,0.7417,,1,,10.34,5.81,slowdown,-2.46,,CAMERA_ONLY
0,141.0265,cam_23,CAM_ONLY,26.4287,,27.0512,0.6225,,2.3012,,1,,12.42,2.06,slowdown,-2.77,,CAMERA_ONLY
0,141.0265,t1962,LIDAR_ONLY,19.5243,19.5243,27.0716,7.5472,7.5472,27.8788,27.8788,0,0,12.42,2.06,drive,-27.48,front,LIDAR_ONLY
0,141.0940,cam_23,CAM_ONLY,27.8663,,27.2089,0.6575,,2.4163,,1,,13.06,3.42,safe,-2.95,,CAMERA_ONLY
0,141.0940,t1964,LIDAR_ONLY,27.8364,27.8364,,,,,,,,13.06,3.42,drive,22.03,front,LIDAR_ONLY
0,141.0940,t1964,LIDAR_ONLY,26.0519,26.0519,,,,,,,,13.06,3.42,drive,25.73,front,LIDAR_ONLY
0,141.1640,cam_23,CAM_ONLY,29.2030,,27.3488,1.8542,,6.7798,,0,,20.32,3.16,safe,-3.13,,CAMERA_ONLY
0,141.2260,cam_23,CAM_ONLY,28.0168,,27.4815,0.5353,,1.9479,,1,,12.03,1.92,slowdown,-3.49,,CAMERA_ONLY
0,141.3148,cam_23,CAM_ONLY,27.0129,,27.6859,0.6731,,2.4311,,1,,18.43,8.14,slowdown,-3.71,,CAMERA_ONLY
0,141.3759,cam_23,CAM_ONLY,27.7778,,27.8122,0.0343,,0.1235,,1,,16.18,2.98,slowdown,-3.84,,CAMERA_ONLY
0,141.4436,cam_23,CAM_ONLY,27.5600,,27.9652,0.4052,,1.4491,,1,,12.54,3.43,slowdown,-3.89,,CAMERA_ONLY
0,141.5180,cam_23,CAM_ONLY,28.2094,,28.1097,0.0997,,0.3548,,1,,15.30,2.90,slowdown,-3.80,,CAMERA_ONLY
0,141.5788,cam_23,CAM_ONLY,27.9099,,28.2474,0.3375,,1.1946,,1,,11.98,1.46,slowdown,-3.58,,CAMERA_ONLY
0,141.6563,cam_23,CAM_ONLY,29.6097,,28.4393,1.1704,,4.1154,,0,,20.57,4.74,safe,-3.22,,CAMERA_ONLY
0,141.7371,t1978,BOTH,28.5126,28.7967,28.6295,0.1169,0.1672,0.4084,0.5840,1,1,20.82,3.03,slowdown,-2.82,,FULL_ANGLE
0,141.7371,t1975,LIDAR_ONLY,26.7846,26.7846,,,,,,,,20.82,3.03,drive,-20.33,front,LIDAR_ONLY
0,141.7371,t1977,LIDAR_ONLY,27.4152,27.4152,,,,,,,,20.82,3.03,drive,22.72,front,LIDAR_ONLY
0,141.7371,t1977,LIDAR_ONLY,26.4996,26.4996,,,,,,,,20.82,3.03,drive,25.26,front,LIDAR_ONLY
0,141.8031,cam_23,CAM_ONLY,28.3210,,28.7686,0.4476,,1.5557,,1,,15.31,3.68,slowdown,-2.51,,CAMERA_ONLY
0,141.8770,cam_23,CAM_ONLY,28.6730,,28.9087,0.2357,,0.8152,,1,,14.65,3.05,slowdown,-2.19,,CAMERA_ONLY
0,141.9464,cam_23,CAM_ONLY,29.8043,,29.0658,0.7384,,2.5406,,1,,18.92,3.75,slowdown,-1.88,,CAMERA_ONLY
0,142.0414,cam_23,CAM_ONLY,30.0592,,29.2619,0.7973,,2.7247,,1,,13.67,2.45,slowdown,-1.70,,CAMERA_ONLY
0,142.0414,t1982,LIDAR_ONLY,25.9593,25.9593,,,,,,,,13.67,2.45,drive,-20.09,front,LIDAR_ONLY
0,142.0414,t1984,LIDAR_ONLY,27.7322,27.7322,,,,,,,,13.67,2.45,drive,23.28,front,LIDAR_ONLY
0,142.0414,t1984,LIDAR_ONLY,26.2014,26.2014,,,,,,,,13.67,2.45,drive,26.88,front,LIDAR_ONLY
0,142.0414,t1984,LIDAR_ONLY,26.0793,26.0793,,,,,,,,13.67,2.45,drive,25.27,front,LIDAR_ONLY
0,142.1017,cam_23,CAM_ONLY,30.1523,,29.3670,0.7853,,2.6740,,1,,12.11,2.52,slowdown,-1.61,,CAMERA_ONLY
0,142.1692,cam_23,CAM_ONLY,29.8315,,29.5072,0.3243,,1.0991,,1,,13.91,3.09,slowdown,-1.57,,CAMERA_ONLY
0,142.2295,cam_23,CAM_ONLY,29.8356,,29.6227,0.2129,,0.7186,,1,,10.87,1.34,slowdown,-1.48,,CAMERA_ONLY
0,142.2295,t1982,LIDAR_ONLY,25.6442,25.6442,,,,,,,,10.87,1.34,drive,-20.33,front,LIDAR_ONLY
0,142.2295,t1982,LIDAR_ONLY,22.5517,22.5517,,,,,,,,10.87,1.34,drive,-25.60,front,LIDAR_ONLY
0,142.5335,t1998,LIDAR_ONLY,24.4700,24.4700,,,,,,,,11.63,1.71,drive,-20.65,front,LIDAR_ONLY
0,142.5335,t2000,LIDAR_ONLY,25.7247,25.7247,,,,,,,,11.63,1.71,drive,25.89,front,LIDAR_ONLY
0,142.5335,t2000,LIDAR_ONLY,25.0720,25.0720,,,,,,,,11.63,1.71,drive,27.19,front,LIDAR_ONLY
0,142.7276,t1998,LIDAR_ONLY,24.2031,24.2031,,,,,,,,13.71,1.85,drive,-21.09,front,LIDAR_ONLY
0,142.7858,t2007,LIDAR_ONLY,26.7190,26.7190,,,,,,,,8.93,1.87,drive,25.10,front,LIDAR_ONLY
0,142.8497,cam_24,CAM_ONLY,32.0275,,30.5575,1.4700,,4.8107,,0,,12.27,3.42,slowdown,-0.54,,CAMERA_ONLY
0,142.9720,cam_24,CAM_ONLY,30.9348,,30.6399,0.2949,,0.9625,,1,,13.12,3.14,warning,-0.31,,CAMERA_ONLY
0,143.0407,cam_24,CAM_ONLY,31.3505,,30.6774,0.6731,,2.1943,,1,,15.02,3.59,warning,-0.13,,CAMERA_ONLY
0,143.1030,cam_24,CAM_ONLY,31.2630,,30.7072,0.5558,,1.8101,,1,,12.54,3.52,warning,-0.04,,CAMERA_ONLY
0,143.1651,cam_24,CAM_ONLY,31.0109,,30.7513,0.2597,,0.8444,,1,,11.74,2.95,warning,-0.09,,CAMERA_ONLY
0,143.2323,cam_24,CAM_ONLY,30.6458,,30.8049,0.1591,,0.5163,,1,,14.64,1.57,warning,-0.13,,CAMERA_ONLY
0,143.2323,t2019,LIDAR_ONLY,21.7990,21.7990,,,,,,,,14.64,1.57,drive,-22.86,front,LIDAR_ONLY
0,143.2323,t2019,LIDAR_ONLY,20.9050,20.9050,,,,,,,,14.64,1.57,drive,-24.70,front,LIDAR_ONLY
0,143.3631,cam_24,CAM_ONLY,30.9838,,30.9795,0.0042,,0.0136,,1,,13.68,6.08,slowdown,-0.13,,CAMERA_ONLY
0,143.4277,t2019,LIDAR_ONLY,20.9331,20.9331,,,,,,,,12.56,1.75,drive,-23.43,front,LIDAR_ONLY
0,143.4277,t2019,LIDAR_ONLY,20.8516,20.8516,,,,,,,,12.56,1.75,drive,-24.46,front,LIDAR_ONLY
0,143.4893,cam_24,CAM_ONLY,30.2447,,31.0934,0.8487,,2.7295,,1,,12.12,2.90,slowdown,0.18,,CAMERA_ONLY
0,143.4893,t2024,LIDAR_ONLY,27.1174,27.1174,,,,,,,,12.12,2.90,drive,25.69,front,LIDAR_ONLY
0,143.5577,cam_24,CAM_ONLY,30.2273,,31.1651,0.9378,,3.0092,,1,,13.10,5.95,slowdown,0.31,,CAMERA_ONLY
0,143.6329,cam_24,CAM_ONLY,30.0243,,31.2452,1.2209,,3.9076,,0,,22.39,1.37,warning,0.45,,CAMERA_ONLY
0,143.6329,t2019,LIDAR_ONLY,20.7594,20.7594,,,,,,,,22.39,1.37,drive,-24.27,front,LIDAR_ONLY
0,143.6919,cam_24,CAM_ONLY,29.8925,,31.2974,1.4049,,4.4889,,0,,12.90,3.21,warning,0.40,,CAMERA_ONLY
0,143.6919,t2024,LIDAR_ONLY,25.7030,25.7030,,,,,,,,12.90,3.21,drive,27.57,front,LIDAR_ONLY
0,143.6919,t2024,LIDAR_ONLY,25.6065,25.6065,,,,,,,,12.90,3.21,drive,28.37,front,LIDAR_ONLY
0,143.7693,cam_24,CAM_ONLY,29.9542,,31.3910,1.4368,,4.5771,,0,,23.62,4.88,slowdown,0.45,,CAMERA_ONLY
0,143.8332,cam_24,CAM_ONLY,30.5897,,31.4637,0.8740,,2.7779,,1,,11.97,1.52,slowdown,0.58,,CAMERA_ONLY
0,143.8332,t2019,LIDAR_ONLY,20.2687,20.2687,,,,,,,,11.97,1.52,drive,-25.39,front,LIDAR_ONLY
0,143.8332,t2024,LIDAR_ONLY,24.9433,24.9433,,,,,,,,11.97,1.52,drive,28.37,front,LIDAR_ONLY
0,143.9011,cam_24,CAM_ONLY,31.5733,,31.5534,0.0199,,0.0632,,1,,11.80,3.82,slowdown,0.72,,CAMERA_ONLY
0,143.9793,cam_24,CAM_ONLY,32.1559,,31.6536,0.5023,,1.5868,,1,,21.16,2.72,slowdown,0.98,,CAMERA_ONLY
0,143.9793,t2019,LIDAR_ONLY,20.0938,20.0938,,,,,,,,21.16,2.72,drive,-25.90,front,LIDAR_ONLY
0,143.9793,t2019,LIDAR_ONLY,19.5564,19.5564,,,,,,,,21.16,2.72,drive,-27.58,front,LIDAR_ONLY
0,144.0441,cam_24,CAM_ONLY,32.2671,,31.7289,0.5382,,1.6963,,1,,9.79,4.07,slowdown,1.30,,CAMERA_ONLY
0,144.1202,cam_24,CAM_ONLY,32.1739,,31.8196,0.3543,,1.1136,,1,,15.01,6.26,slowdown,1.61,,CAMERA_ONLY
0,144.1813,t2019,LIDAR_ONLY,19.3604,19.3604,,,,,,,,16.75,1.19,drive,-26.40,front,LIDAR_ONLY
0,144.1813,t2019,LIDAR_ONLY,18.8572,18.8572,,,,,,,,16.75,1.19,drive,-28.35,front,LIDAR_ONLY
0,144.3160,cam_24,CAM_ONLY,33.5696,,32.0569,1.5127,,4.7189,,0,,13.86,4.16,safe,2.19,,CAMERA_ONLY
0,144.4323,cam_24,CAM_ONLY,34.7095,,32.1625,2.5470,,7.9192,,0,,17.16,1.47,safe,2.33,,CAMERA_ONLY
0,144.4323,t2038,LIDAR_ONLY,17.7286,17.7286,,,,,,,,17.16,1.47,cautious,-27.90,front,LIDAR_ONLY
0,144.4323,t2039,LIDAR_ONLY,21.7834,21.7834,,,,,,,,17.16,1.47,drive,24.48,front,LIDAR_ONLY
0,144.4323,t2039,LIDAR_ONLY,22.7561,22.7561,,,,,,,,17.16,1.47,drive,26.87,front,LIDAR_ONLY
0,144.4323,t2039,LIDAR_ONLY,23.5085,23.5085,,,,,,,,17.16,1.47,drive,27.83,front,LIDAR_ONLY
0,144.4323,t2039,LIDAR_ONLY,23.9945,23.9945,,,,,,,,17.16,1.47,drive,28.87,front,LIDAR_ONLY
0,144.5233,cam_24,CAM_ONLY,33.8074,,32.2385,1.5689,,4.8667,,0,,10.83,3.25,slowdown,2.46,,CAMERA_ONLY
0,144.5906,cam_24,CAM_ONLY,33.8903,,32.2757,1.6146,,5.0025,,0,,18.36,2.08,slowdown,2.46,,CAMERA_ONLY
0,144.5906,t2039,LIDAR_ONLY,24.1466,24.1466,,,,,,,,18.36,2.08,drive,25.19,front,LIDAR_ONLY
0,144.5906,t2039,LIDAR_ONLY,24.4484,24.4484,,,,,,,,18.36,2.08,drive,28.31,front,LIDAR_ONLY
0,144.7262,t2047,LIDAR_ONLY,20.0633,20.0633,,,,,,,,16.85,1.76,drive,-24.26,front,LIDAR_ONLY
0,144.7886,t2039,LIDAR_ONLY,23.6306,23.6306,,,,,,,,14.35,3.54,drive,26.19,front,LIDAR_ONLY
0,144.7886,t2039,LIDAR_ONLY,23.6644,23.6644,,,,,,,,14.35,3.54,drive,27.51,front,LIDAR_ONLY
0,144.9274,t2047,LIDAR_ONLY,19.7658,19.7658,,,,,,,,10.16,2.01,drive,-24.56,front,LIDAR_ONLY
0,145.0063,cam_25,CAM_ONLY,28.2478,,32.5260,4.2782,,13.1532,,0,,16.62,5.76,warning,3.84,,CAMERA_ONLY
0,145.0718,cam_25,CAM_ONLY,25.1924,,32.5636,7.3712,,22.6363,,0,,12.60,3.30,warning,3.93,,CAMERA_ONLY
0,145.1308,cam_25,CAM_ONLY,23.6764,,32.5932,8.9168,,27.3580,,0,,9.85,1.46,warning,3.80,,CAMERA_ONLY
0,145.1867,cam_25,CAM_ONLY,26.6016,,32.6160,6.0144,,18.4399,,0,,9.44,1.62,warning,3.93,,CAMERA_ONLY
0,145.2428,cam_25,CAM_ONLY,35.7868,,32.6564,3.1304,,9.5859,,0,,9.16,3.24,safe,4.11,,CAMERA_ONLY
0,145.3137,cam_25,CAM_ONLY,35.8971,,32.7012,3.1959,,9.7729,,0,,17.81,7.57,safe,4.56,,CAMERA_ONLY
0,145.4914,t2064,LIDAR_ONLY,17.9199,17.9199,,,,,,,,12.33,3.29,cautious,29.90,front,LIDAR_ONLY
0,145.5550,cam_25,CAM_ONLY,35.0997,,32.8713,2.2284,,6.7791,,0,,14.82,3.72,safe,5.27,,CAMERA_ONLY
0,145.6175,cam_25,CAM_ONLY,35.1939,,32.9076,2.2863,,6.9477,,0,,12.24,3.06,safe,5.53,,CAMERA_ONLY
0,145.6758,cam_25,CAM_ONLY,34.1826,,32.9537,1.2289,,3.7292,,0,,10.80,3.45,slowdown,5.75,,CAMERA_ONLY
0,145.7354,cam_25,CAM_ONLY,34.0766,,32.9855,1.0910,,3.3076,,0,,10.53,1.12,slowdown,6.02,,CAMERA_ONLY
0,145.7961,cam_25,CAM_ONLY,33.5997,,33.0194,0.5803,,1.7575,,1,,9.95,5.27,slowdown,6.29,,CAMERA_ONLY
0,145.8644,cam_25,CAM_ONLY,34.0955,,33.0545,1.0409,,3.1491,,0,,9.63,3.99,slowdown,6.68,,CAMERA_ONLY
0,145.9349,t2076,LIDAR_ONLY,16.3367,16.3367,,,,,,,,13.69,2.91,cautious,-29.73,front,LIDAR_ONLY
0,146.0719,cam_25,CAM_ONLY,34.9312,,33.2010,1.7302,,5.2112,,0,,18.21,3.18,slowdown,7.61,,CAMERA_ONLY
0,146.2145,cam_25,CAM_ONLY,35.8692,,33.3169,2.5523,,7.6606,,0,,18.75,2.34,slowdown,8.18,,CAMERA_ONLY
0,146.2805,t2081,LIDAR_ONLY,20.4290,20.4290,,,,,,,,12.45,1.38,drive,-23.12,front,LIDAR_ONLY
0,146.8271,t2091,LIDAR_ONLY,20.2611,20.2611,,,,,,,,21.77,3.88,drive,-21.86,front,LIDAR_ONLY
0,146.8271,t2091,LIDAR_ONLY,18.9020,18.9020,,,,,,,,21.77,3.88,cautious,-28.34,front,LIDAR_ONLY
0,147.2425,t2099,LIDAR_ONLY,41.2671,41.2671,34.1075,7.1596,7.1596,20.9913,20.9913,0,0,24.21,3.54,drive,-26.09,front,LIDAR_ONLY
0,147.2425,t2099,LIDAR_ONLY,30.5109,30.5109,34.1075,3.5966,3.5966,10.5449,10.5449,0,0,24.21,3.54,drive,-22.19,front,LIDAR_ONLY
0,147.2425,t2099,LIDAR_ONLY,27.8816,27.8816,34.1075,6.2260,6.2260,18.2540,18.2540,0,0,24.21,3.54,drive,-21.09,front,LIDAR_ONLY
0,147.4294,t2099,LIDAR_ONLY,25.1075,25.1075,,,,,,,,14.26,1.49,drive,-21.96,front,LIDAR_ONLY
0,147.4294,t2099,LIDAR_ONLY,24.4405,24.4405,,,,,,,,14.26,1.49,drive,-20.76,front,LIDAR_ONLY
0,147.8267,t2113,LIDAR_ONLY,19.6986,19.6986,,,,,,,,13.28,2.13,cautious,-20.77,front,LIDAR_ONLY
0,147.8267,t2113,LIDAR_ONLY,19.9308,19.9308,,,,,,,,13.28,2.13,cautious,-18.76,front,LIDAR_ONLY
0,148.0786,t2117,LIDAR_ONLY,19.8083,19.8083,,,,,,,,15.15,1.98,drive,-19.70,front,LIDAR_ONLY
0,148.0786,t2117,LIDAR_ONLY,19.8823,19.8823,,,,,,,,15.15,1.98,drive,-16.94,front,LIDAR_ONLY
0,148.2821,t2117,LIDAR_ONLY,19.9069,19.9069,,,,,,,,17.81,1.04,drive,-19.01,front,LIDAR_ONLY
0,148.4284,t2117,LIDAR_ONLY,19.9608,19.9608,,,,,,,,13.47,2.86,drive,-15.98,front,LIDAR_ONLY
0,148.6256,t2128,LIDAR_ONLY,15.7450,15.7450,,,,,,,,9.36,2.14,cautious,-26.47,front,LIDAR_ONLY
0,148.6256,t2128,LIDAR_ONLY,15.9377,15.9377,,,,,,,,9.36,2.14,cautious,-22.32,front,LIDAR_ONLY
0,149.4307,t2141,LIDAR_ONLY,19.2730,19.2730,,,,,,,,11.51,1.38,drive,-14.77,front,LIDAR_ONLY
0,149.4307,t2141,LIDAR_ONLY,16.5803,16.5803,,,,,,,,11.51,1.38,cautious,-23.49,front,LIDAR_ONLY
0,149.4307,t2141,LIDAR_ONLY,16.6197,16.6197,,,,,,,,11.51,1.38,cautious,-18.53,front,LIDAR_ONLY
0,149.6799,t2149,LIDAR_ONLY,20.2666,20.2666,,,,,,,,10.12,1.86,drive,-10.51,front,LIDAR_ONLY
0,149.6799,t2149,LIDAR_ONLY,19.6897,19.6897,,,,,,,,10.12,1.86,drive,-16.89,front,LIDAR_ONLY
0,150.2883,t2162,LIDAR_ONLY,19.4389,19.4389,,,,,,,,16.35,1.61,drive,-11.44,front,LIDAR_ONLY
0,150.2883,t2162,LIDAR_ONLY,17.3104,17.3104,,,,,,,,16.35,1.61,cautious,-20.37,front,LIDAR_ONLY
0,150.2883,t2162,LIDAR_ONLY,17.3354,17.3354,,,,,,,,16.35,1.61,cautious,-15.60,front,LIDAR_ONLY
0,150.4855,t2162,LIDAR_ONLY,17.7054,17.7054,,,,,,,,13.54,1.09,cautious,-10.12,front,LIDAR_ONLY
0,150.4855,t2162,LIDAR_ONLY,17.9063,17.9063,,,,,,,,13.54,1.09,cautious,-15.47,front,LIDAR_ONLY
0,150.6825,t2162,LIDAR_ONLY,17.9180,17.9180,,,,,,,,15.18,2.11,cautious,-18.81,front,LIDAR_ONLY
0,150.6825,t2162,LIDAR_ONLY,18.0599,18.0599,,,,,,,,15.18,2.11,cautious,-16.73,front,LIDAR_ONLY
0,150.8802,t2162,LIDAR_ONLY,18.2698,18.2698,,,,,,,,14.87,1.38,cautious,-11.42,front,LIDAR_ONLY
0,150.8802,t2174,LIDAR_ONLY,13.6362,13.6362,,,,,,,,14.87,1.38,cautious,-28.43,front,LIDAR_ONLY
0,151.1325,t2180,LIDAR_ONLY,23.4716,23.4716,,,,,,,,9.52,1.40,drive,-6.81,front,LIDAR_ONLY
0,151.1325,t2180,LIDAR_ONLY,20.6566,20.6566,,,,,,,,9.52,1.40,drive,-12.07,front,LIDAR_ONLY
0,151.1325,t2181,LIDAR_ONLY,13.6817,13.6817,,,,,,,,9.52,1.40,cautious,-28.57,front,LIDAR_ONLY
0,151.7823,t2193,LIDAR_ONLY,20.0871,20.0871,,,,,,,,13.90,1.19,drive,-8.67,front,LIDAR_ONLY
0,151.7823,t2193,LIDAR_ONLY,18.8056,18.8056,,,,,,,,13.90,1.19,drive,-16.40,front,LIDAR_ONLY
0,151.9291,t2193,LIDAR_ONLY,18.8668,18.8668,,,,,,,,12.07,2.22,drive,-11.14,front,LIDAR_ONLY
0,151.9291,t2193,LIDAR_ONLY,18.9662,18.9662,,,,,,,,12.07,2.22,drive,-10.51,front,LIDAR_ONLY
0,151.9291,t2193,LIDAR_ONLY,18.8206,18.8206,,,,,,,,12.07,2.22,drive,-17.17,front,LIDAR_ONLY
0,151.9291,t2193,LIDAR_ONLY,18.2728,18.2728,,,,,,,,12.07,2.22,cautious,-14.32,front,LIDAR_ONLY
0,152.2896,t2204,LIDAR_ONLY,18.9031,18.9031,,,,,,,,14.27,3.16,drive,-15.09,front,LIDAR_ONLY
0,152.2896,t2204,LIDAR_ONLY,22.8342,22.8342,,,,,,,,14.27,3.16,drive,-11.81,front,LIDAR_ONLY
0,152.2896,t2204,LIDAR_ONLY,23.2294,23.2294,,,,,,,,14.27,3.16,drive,-12.03,front,LIDAR_ONLY
0,152.2896,t2204,LIDAR_ONLY,20.7278,20.7278,,,,,,,,14.27,3.16,drive,-21.37,front,LIDAR_ONLY
0,152.2896,t2204,LIDAR_ONLY,20.3782,20.3782,,,,,,,,14.27,3.16,drive,-15.66,front,LIDAR_ONLY
0,152.2896,t2204,LIDAR_ONLY,20.4370,20.4370,,,,,,,,14.27,3.16,drive,-8.61,front,LIDAR_ONLY
0,152.4827,t2204,LIDAR_ONLY,17.8091,17.8091,,,,,,,,10.28,1.53,cautious,-17.08,front,LIDAR_ONLY
0,152.4827,t2204,LIDAR_ONLY,17.4670,17.4670,,,,,,,,10.28,1.53,cautious,-11.90,front,LIDAR_ONLY
0,152.4827,t2209,LIDAR_ONLY,13.2333,13.2333,,,,,,,,10.28,1.53,cautious,-29.76,front,LIDAR_ONLY
0,152.6810,t2204,LIDAR_ONLY,17.8179,17.8179,,,,,,,,13.10,1.73,cautious,-19.28,front,LIDAR_ONLY
0,152.6810,t2204,LIDAR_ONLY,18.2058,18.2058,,,,,,,,13.10,1.73,cautious,-11.48,front,LIDAR_ONLY
0,152.6810,t2204,LIDAR_ONLY,18.5892,18.5892,,,,,,,,13.10,1.73,cautious,-3.15,front,LIDAR_ONLY
0,152.6810,t2209,LIDAR_ONLY,13.4592,13.4592,,,,,,,,13.10,1.73,cautious,-19.83,front,LIDAR_ONLY
0,153.2841,t2223,LIDAR_ONLY,15.6546,15.6546,,,,,,,,15.70,1.93,cautious,-25.48,front,LIDAR_ONLY
0,153.2841,t2223,LIDAR_ONLY,14.6723,14.6723,,,,,,,,15.70,1.93,cautious,-26.08,front,LIDAR_ONLY
0,153.2841,t2225,LIDAR_ONLY,17.9527,17.9527,,,,,,,,15.70,1.93,drive,-15.56,front,LIDAR_ONLY
0,153.5346,t2228,LIDAR_ONLY,45.4973,45.4973,,,,,,,,9.58,1.38,drive,-20.44,front,LIDAR_ONLY
0,153.5346,t2228,LIDAR_ONLY,19.6457,19.6457,,,,,,,,9.58,1.38,drive,-20.05,front,LIDAR_ONLY
0,153.5346,t2229,LIDAR_ONLY,20.8539,20.8539,34.8531,13.9992,13.9992,40.1662,40.1662,0,0,9.58,1.38,drive,-9.50,front,LIDAR_ONLY
0,153.5900,t2229,LIDAR_ONLY,20.8682,20.8682,33.9507,13.0826,13.0826,38.5339,38.5339,0,0,10.28,1.88,drive,-9.19,front,LIDAR_ONLY
0,153.7405,t2228,LIDAR_ONLY,20.8782,20.8782,,,,,,,,17.79,1.86,drive,-23.67,front,LIDAR_ONLY
0,153.7405,t2229,LIDAR_ONLY,22.7154,22.7154,31.1729,8.4575,8.4575,27.1310,27.1310,0,0,17.79,1.86,drive,-13.63,front,LIDAR_ONLY
0,153.7405,t2229,LIDAR_ONLY,24.9143,24.9143,31.1729,6.2585,6.2585,20.0769,20.0769,0,0,17.79,1.86,drive,-15.80,front,LIDAR_ONLY
0,153.7405,t2228,LIDAR_ONLY,16.8192,16.8192,,,,,,,,17.79,1.86,cautious,-29.75,front,LIDAR_ONLY
0,153.9318,t2228,LIDAR_ONLY,17.3725,17.3725,27.7238,10.3513,10.3513,37.3371,37.3371,0,0,11.08,2.26,cautious,-23.97,front,LIDAR_ONLY
0,153.9318,t2228,LIDAR_ONLY,17.9569,17.9569,27.7238,9.7669,9.7669,35.2292,35.2292,0,0,11.08,2.26,cautious,-20.52,front,LIDAR_ONLY
0,153.9318,t2229,LIDAR_ONLY,26.6067,26.6067,,,,,,,,11.08,2.26,drive,-17.57,front,LIDAR_ONLY
0,153.9318,t2229,LIDAR_ONLY,26.7780,26.7780,,,,,,,,11.08,2.26,drive,-10.29,front,LIDAR_ONLY
0,153.9318,t2228,LIDAR_ONLY,18.5974,18.5974,27.7238,9.1264,9.1264,32.9189,32.9189,0,0,11.08,2.26,cautious,-15.77,front,LIDAR_ONLY
0,154.1379,t2228,LIDAR_ONLY,18.7411,18.7411,23.7975,5.0564,5.0564,21.2478,21.2478,0,0,15.00,1.64,cautious,-23.25,front,LIDAR_ONLY
0,154.1379,t2228,LIDAR_ONLY,22.9733,22.9733,23.7975,0.8242,0.8242,3.4634,3.4634,1,1,15.00,1.64,drive,-24.48,front,LIDAR_ONLY
0,154.1379,t2229,LIDAR_ONLY,25.8042,25.8042,,,,,,,,15.00,1.64,drive,-11.83,front,LIDAR_ONLY
0,154.1379,t2228,LIDAR_ONLY,23.6569,23.6569,23.7975,0.1407,0.1407,0.5912,0.5912,1,1,15.00,1.64,drive,-22.35,front,LIDAR_ONLY
0,154.1379,t2228,LIDAR_ONLY,20.0697,20.0697,23.7975,3.7278,3.7278,15.6647,15.6647,0,0,15.00,1.64,drive,-18.13,front,LIDAR_ONLY
0,154.3328,t2228,LIDAR_ONLY,21.6147,21.6147,,,,,,,,11.49,2.03,drive,-25.58,front,LIDAR_ONLY
0,154.3328,t2244,LIDAR_ONLY,39.5093,39.5093,,,,,,,,11.49,2.03,drive,14.30,front,LIDAR_ONLY
0,154.3328,t2228,LIDAR_ONLY,22.6121,22.6121,,,,,,,,11.49,2.03,drive,-29.19,front,LIDAR_ONLY
0,154.3328,t2228,LIDAR_ONLY,23.6792,23.6792,,,,,,,,11.49,2.03,drive,-22.02,front,LIDAR_ONLY
0,154.3328,t2229,LIDAR_ONLY,23.8726,23.8726,,,,,,,,11.49,2.03,drive,-10.46,front,LIDAR_ONLY
0,154.3328,t2229,LIDAR_ONLY,21.2879,21.2879,,,,,,,,11.49,2.03,drive,-8.04,front,LIDAR_ONLY
0,154.3328,t2229,LIDAR_ONLY,19.8394,19.8394,,,,,,,,11.49,2.03,drive,-14.50,front,LIDAR_ONLY
0,155.0807,t2261,LIDAR_ONLY,49.2371,49.2371,21.1577,28.0794,28.0794,132.7150,132.7150,0,0,15.26,4.30,drive,-26.37,front,LIDAR_ONLY
0,155.2761,t2261,LIDAR_ONLY,23.7071,23.7071,15.6254,8.0817,8.0817,51.7219,51.7219,0,0,12.76,2.79,drive,-24.06,front,LIDAR_ONLY
0,155.3435,t2265,LIDAR_ONLY,35.6582,35.6582,49.3604,13.7022,13.7022,27.7595,27.7595,0,0,11.90,1.93,drive,11.31,front,LIDAR_ONLY
0,155.8811,t2277,LIDAR_ONLY,33.2471,33.2471,,,,,,,,9.46,2.98,drive,8.40,front,LIDAR_ONLY
0,155.8811,t2281,LIDAR_ONLY,19.8564,19.8564,,,,,,,,9.46,2.98,drive,-9.88,front,LIDAR_ONLY
0,155.8811,t2281,LIDAR_ONLY,20.1338,20.1338,,,,,,,,9.46,2.98,drive,-6.52,front,LIDAR_ONLY
0,155.8811,t2281,LIDAR_ONLY,19.9763,19.9763,,,,,,,,9.46,2.98,drive,-12.13,front,LIDAR_ONLY
0,156.0324,t2281,LIDAR_ONLY,20.0153,20.0153,,,,,,,,13.17,3.15,drive,-9.15,front,LIDAR_ONLY
0,156.0324,t2281,LIDAR_ONLY,19.7025,19.7025,,,,,,,,13.17,3.15,drive,-14.78,front,LIDAR_ONLY
0,156.2352,t2281,LIDAR_ONLY,19.7068,19.7068,36.0676,16.3607,16.3607,45.3614,45.3614,0,0,10.25,3.72,drive,-10.15,front,LIDAR_ONLY
0,156.3809,t2281,LIDAR_ONLY,19.4290,19.4290,33.6129,14.1839,14.1839,42.1977,42.1977,0,0,10.86,2.78,drive,-9.53,front,LIDAR_ONLY
0,156.3809,t2281,LIDAR_ONLY,19.6004,19.6004,33.6129,14.0125,14.0125,41.6878,41.6878,0,0,10.86,2.78,drive,-7.48,front,LIDAR_ONLY
0,156.3809,t2281,LIDAR_ONLY,19.5777,19.5777,33.6129,14.0352,14.0352,41.7553,41.7553,0,0,10.86,2.78,drive,-12.96,front,LIDAR_ONLY
0,156.4398,t2287,LIDAR_ONLY,30.8955,30.8955,,,,,,,,9.22,1.66,drive,4.44,front,LIDAR_ONLY
0,156.4398,t2281,LIDAR_ONLY,19.7516,19.7516,32.6221,12.8705,12.8705,39.4533,39.4533,0,0,9.22,1.66,drive,-9.36,front,LIDAR_ONLY
0,156.4398,t2288,LIDAR_ONLY,13.6699,13.6699,,,,,,,,9.22,1.66,cautious,-27.62,front,LIDAR_ONLY
0,156.4398,t2281,LIDAR_ONLY,19.5851,19.5851,32.6221,13.0371,13.0371,39.9639,39.9639,0,0,9.22,1.66,drive,-18.16,front,LIDAR_ONLY
0,156.4398,t2281,LIDAR_ONLY,19.3280,19.3280,32.6221,13.2941,13.2941,40.7518,40.7518,0,0,9.22,1.66,drive,-14.32,front,LIDAR_ONLY
0,156.9864,t2301,LIDAR_ONLY,20.8225,20.8225,,,,,,,,11.65,1.57,drive,-9.02,front,LIDAR_ONLY
0,156.9864,t2302,LIDAR_ONLY,14.1533,14.1533,21.8699,7.7166,7.7166,35.2843,35.2843,0,0,11.65,1.57,cautious,-26.57,front,LIDAR_ONLY
0,156.9864,t2301,LIDAR_ONLY,19.0164,19.0164,,,,,,,,11.65,1.57,drive,-15.92,front,LIDAR_ONLY
0,156.9864,t2301,LIDAR_ONLY,19.0256,19.0256,,,,,,,,11.65,1.57,drive,-12.43,front,LIDAR_ONLY
0,157.1324,t2302,LIDAR_ONLY,14.5043,14.5043,18.8160,4.3117,4.3117,22.9150,22.9150,0,0,18.83,2.99,cautious,-29.20,front,LIDAR_ONLY
0,157.4897,t2311,LIDAR_ONLY,15.9037,15.9037,,,,,,,,12.63,1.40,cautious,-20.47,front,LIDAR_ONLY
0,157.4897,t2311,LIDAR_ONLY,15.9745,15.9745,,,,,,,,12.63,1.40,cautious,-17.30,front,LIDAR_ONLY
0,157.4897,t2311,LIDAR_ONLY,16.1557,16.1557,,,,,,,,12.63,1.40,cautious,-14.77,front,LIDAR_ONLY
0,157.4897,t2311,LIDAR_ONLY,16.3867,16.3867,,,,,,,,12.63,1.40,cautious,-12.84,front,LIDAR_ONLY
0,157.8377,t2316,LIDAR_ONLY,20.5315,20.5315,25.7153,5.1838,5.1838,20.1584,20.1584,0,0,18.43,3.85,drive,-9.12,front,LIDAR_ONLY
0,158.2326,t2322,LIDAR_ONLY,20.7063,20.7063,29.0242,8.3178,8.3178,28.6583,28.6583,0,0,11.13,2.17,drive,-9.48,front,LIDAR_ONLY
0,158.2326,t2322,LIDAR_ONLY,18.8120,18.8120,29.0242,10.2122,10.2122,35.1851,35.1851,0,0,11.13,2.17,drive,-18.51,front,LIDAR_ONLY
0,158.4842,t2330,LIDAR_ONLY,20.1543,20.1543,,,,,,,,10.04,3.68,drive,-10.70,front,LIDAR_ONLY
0,158.4842,t2330,LIDAR_ONLY,19.0643,19.0643,,,,,,,,10.04,3.68,drive,-15.88,front,LIDAR_ONLY
0,158.5431,t2330,LIDAR_ONLY,19.2273,19.2273,,,,,,,,9.29,2.32,drive,-10.09,front,LIDAR_ONLY
0,158.5431,t2330,LIDAR_ONLY,19.4382,19.4382,,,,,,,,9.29,2.32,drive,-10.10,front,LIDAR_ONLY
0,158.7333,t2330,LIDAR_ONLY,19.6120,19.6120,,,,,,,,12.87,2.54,drive,-9.39,front,LIDAR_ONLY
0,158.7333,t2339,LIDAR_ONLY,15.4096,15.4096,,,,,,,,12.87,2.54,cautious,-22.13,front,LIDAR_ONLY
0,159.0865,t2346,LIDAR_ONLY,19.3564,19.3564,,,,,,,,18.18,3.13,drive,-13.99,front,LIDAR_ONLY
0,159.0865,t2346,LIDAR_ONLY,18.7745,18.7745,,,,,,,,18.18,3.13,drive,-15.17,front,LIDAR_ONLY
0,159.2826,t2346,LIDAR_ONLY,18.6731,18.6731,,,,,,,,12.72,2.39,cautious,-16.27,front,LIDAR_ONLY
0,159.2826,t2346,LIDAR_ONLY,16.8120,16.8120,,,,,,,,12.72,2.39,cautious,-21.89,front,LIDAR_ONLY
0,159.5931,t2356,LIDAR_ONLY,27.6619,27.6619,25.4598,2.2020,2.2020,8.6490,8.6490,0,0,19.28,3.37,drive,-10.20,front,LIDAR_ONLY
0,159.7335,t2358,LIDAR_ONLY,16.7044,16.7044,22.7236,6.0192,6.0192,26.4888,26.4888,0,0,11.94,2.56,cautious,-21.46,front,LIDAR_ONLY
0,159.7335,t2356,LIDAR_ONLY,30.0912,30.0912,41.8631,11.7718,11.7718,28.1199,28.1199,0,0,11.94,2.56,drive,-4.45,front,LIDAR_ONLY
0,159.7335,t2356,LIDAR_ONLY,32.9671,32.9671,41.8631,8.8960,8.8960,21.2501,21.2501,0,0,11.94,2.56,drive,-3.20,front,LIDAR_ONLY
0,159.7335,t2356,LIDAR_ONLY,35.1868,35.1868,41.8631,6.6762,6.6762,15.9477,15.9477,0,0,11.94,2.56,drive,-1.85,front,LIDAR_ONLY
0,159.7335,t2358,LIDAR_ONLY,17.9689,17.9689,22.7236,4.7547,4.7547,20.9242,20.9242,0,0,11.94,2.56,cautious,-15.40,front,LIDAR_ONLY
0,159.7335,t2358,LIDAR_ONLY,17.6004,17.6004,22.7236,5.1232,5.1232,22.5456,22.5456,0,0,11.94,2.56,cautious,-22.90,front,LIDAR_ONLY
0,160.1409,t2368,LIDAR_ONLY,15.2961,15.2961,,,,,,,,12.14,3.64,cautious,-26.14,front,LIDAR_ONLY
0,160.1409,t2369,LIDAR_ONLY,37.0342,37.0342,34.5349,2.4994,2.4994,7.2372,7.2372,0,0,12.14,3.64,drive,-10.49,front,LIDAR_ONLY
0,160.1409,t2369,LIDAR_ONLY,37.2261,37.2261,34.5349,2.6912,2.6912,7.7928,7.7928,0,0,12.14,3.64,drive,-6.88,front,LIDAR_ONLY
0,160.1409,t2369,LIDAR_ONLY,37.3574,37.3574,34.5349,2.8225,2.8225,8.1730,8.1730,0,0,12.14,3.64,drive,-13.53,front,LIDAR_ONLY
0,160.1409,t2369,LIDAR_ONLY,37.5003,37.5003,34.5349,2.9655,2.9655,8.5868,8.5868,0,0,12.14,3.64,drive,-5.99,front,LIDAR_ONLY
0,160.1409,t2369,LIDAR_ONLY,37.7204,37.7204,34.5349,3.1855,3.1855,9.2240,9.2240,0,0,12.14,3.64,drive,-4.32,front,LIDAR_ONLY
0,160.1409,t2368,LIDAR_ONLY,14.7024,14.7024,,,,,,,,12.14,3.64,cautious,-27.00,front,LIDAR_ONLY
0,160.1409,t2368,LIDAR_ONLY,14.7587,14.7587,,,,,,,,12.14,3.64,cautious,-22.87,front,LIDAR_ONLY
0,160.1409,t2368,LIDAR_ONLY,14.8736,14.8736,,,,,,,,12.14,3.64,cautious,-19.88,front,LIDAR_ONLY
0,160.2858,t2368,LIDAR_ONLY,14.9337,14.9337,,,,,,,,10.26,1.91,cautious,-27.76,front,LIDAR_ONLY
0,160.2858,t2369,LIDAR_ONLY,37.2765,37.2765,31.9958,5.2807,5.2807,16.5044,16.5044,0,0,10.26,1.91,drive,-11.47,front,LIDAR_ONLY
0,160.2858,t2369,LIDAR_ONLY,37.1654,37.1654,31.9958,5.1696,5.1696,16.1572,16.1572,0,0,10.26,1.91,drive,-6.73,front,LIDAR_ONLY
0,160.2858,t2369,LIDAR_ONLY,37.2218,37.2218,31.9958,5.2260,5.2260,16.3332,16.3332,0,0,10.26,1.91,drive,-5.65,front,LIDAR_ONLY
0,160.4461,t2368,LIDAR_ONLY,14.8310,14.8310,,,,,,,,18.00,5.06,cautious,-29.48,front,LIDAR_ONLY
0,160.4461,t2369,LIDAR_ONLY,35.6700,35.6700,29.1269,6.5431,6.5431,22.4642,22.4642,0,0,18.00,5.06,drive,-14.00,front,LIDAR_ONLY
0,160.4461,t2369,LIDAR_ONLY,35.3123,35.3123,29.1269,6.1854,6.1854,21.2359,21.2359,0,0,18.00,5.06,drive,-21.24,front,LIDAR_ONLY
0,160.6367,t2369,LIDAR_ONLY,33.3933,33.3933,25.7628,7.6305,7.6305,29.6183,29.6183,0,0,12.33,2.71,drive,-19.50,front,LIDAR_ONLY
0,160.6367,t2368,LIDAR_ONLY,15.9524,15.9524,,,,,,,,12.33,2.71,cautious,-27.80,front,LIDAR_ONLY
0,160.6367,t2369,LIDAR_ONLY,32.7038,32.7038,25.7628,6.9410,6.9410,26.9418,26.9418,0,0,12.33,2.71,drive,-20.34,front,LIDAR_ONLY
0,160.9389,t2384,LIDAR_ONLY,28.1713,28.1713,20.1935,7.9778,7.9778,39.5068,39.5068,0,0,13.82,4.43,drive,-28.08,front,LIDAR_ONLY
0,162.2383,t2408,LIDAR_ONLY,36.2833,36.2833,,,,,,,,10.36,1.57,drive,5.27,front,LIDAR_ONLY
0,162.2383,t2409,LIDAR_ONLY,18.7789,18.7789,,,,,,,,10.36,1.57,drive,-13.34,front,LIDAR_ONLY
0,162.5803,t2417,LIDAR_ONLY,18.4072,18.4072,,,,,,,,12.21,2.82,drive,-13.95,front,LIDAR_ONLY
0,162.8429,t2422,LIDAR_ONLY,16.6570,16.6570,,,,,,,,19.72,2.94,cautious,-16.31,front,LIDAR_ONLY
0,162.8429,t2422,LIDAR_ONLY,16.9549,16.9549,,,,,,,,19.72,2.94,cautious,-10.74,front,LIDAR_ONLY
0,163.2432,t2430,LIDAR_ONLY,32.1745,32.1745,,,,,,,,14.17,1.98,drive,1.94,front,LIDAR_ONLY
0,163.7321,t2440,LIDAR_ONLY,14.5790,14.5790,,,,,,,,12.63,2.03,cautious,-24.09,front,LIDAR_ONLY
0,164.0362,t2449,LIDAR_ONLY,28.5739,28.5739,,,,,,,,14.22,4.21,drive,-5.22,front,LIDAR_ONLY
0,164.0362,t2451,LIDAR_ONLY,16.1423,16.1423,,,,,,,,14.22,4.21,cautious,-20.91,front,LIDAR_ONLY
0,164.0362,t2451,LIDAR_ONLY,16.2855,16.2855,,,,,,,,14.22,4.21,cautious,-18.65,front,LIDAR_ONLY
0,164.0362,t2452,LIDAR_ONLY,13.3707,13.3707,,,,,,,,14.22,4.21,slow,-29.31,front,LIDAR_ONLY
0,164.1896,t2449,LIDAR_ONLY,28.2472,28.2472,,,,,,,,18.40,2.34,drive,-6.20,front,LIDAR_ONLY
0,164.1896,t2451,LIDAR_ONLY,16.0506,16.0506,,,,,,,,18.40,2.34,cautious,-22.36,front,LIDAR_ONLY
0,164.3844,t2449,LIDAR_ONLY,27.8325,27.8325,,,,,,,,9.49,2.29,drive,-6.48,front,LIDAR_ONLY
0,164.3844,t2451,LIDAR_ONLY,16.0543,16.0543,,,,,,,,9.49,2.29,cautious,-20.38,front,LIDAR_ONLY
0,164.9315,t2466,LIDAR_ONLY,24.6154,24.6154,,,,,,,,16.80,2.25,drive,-11.34,front,LIDAR_ONLY
0,164.9315,t2466,LIDAR_ONLY,21.2679,21.2679,,,,,,,,16.80,2.25,drive,-18.25,front,LIDAR_ONLY
0,164.9315,t2466,LIDAR_ONLY,20.9075,20.9075,,,,,,,,16.80,2.25,drive,-16.61,front,LIDAR_ONLY
0,164.9315,t2466,LIDAR_ONLY,19.2390,19.2390,,,,,,,,16.80,2.25,drive,-22.61,front,LIDAR_ONLY
0,165.1327,t2466,LIDAR_ONLY,19.5129,19.5129,,,,,,,,14.24,2.14,drive,-14.00,front,LIDAR_ONLY
0,165.1327,t2466,LIDAR_ONLY,19.1789,19.1789,,,,,,,,14.24,2.14,drive,-19.66,front,LIDAR_ONLY
0,165.3472,t2466,LIDAR_ONLY,19.3897,19.3897,,,,,,,,16.91,4.72,cautious,-16.32,front,LIDAR_ONLY
0,165.3472,t2466,LIDAR_ONLY,19.3784,19.3784,,,,,,,,16.91,4.72,cautious,-23.43,front,LIDAR_ONLY
0,165.3472,t2466,LIDAR_ONLY,19.6089,19.6089,,,,,,,,16.91,4.72,cautious,-20.96,front,LIDAR_ONLY
0,165.5431,t2466,LIDAR_ONLY,19.6453,19.6453,,,,,,,,12.20,2.87,cautious,-18.19,front,LIDAR_ONLY
0,165.5431,t2466,LIDAR_ONLY,19.6584,19.6584,,,,,,,,12.20,2.87,drive,-22.60,front,LIDAR_ONLY
0,165.5431,t2466,LIDAR_ONLY,19.1248,19.1248,,,,,,,,12.20,2.87,cautious,-20.41,front,LIDAR_ONLY
0,166.0334,t2486,LIDAR_ONLY,19.3125,19.3125,,,,,,,,16.46,1.79,drive,-18.28,front,LIDAR_ONLY
0,166.0334,t2486,LIDAR_ONLY,18.6862,18.6862,,,,,,,,16.46,1.79,cautious,-21.36,front,LIDAR_ONLY
0,166.4042,t2496,LIDAR_ONLY,17.7833,17.7833,,,,,,,,16.65,3.69,cautious,-22.84,front,LIDAR_ONLY
0,166.4042,t2496,LIDAR_ONLY,16.8228,16.8228,,,,,,,,16.65,3.69,cautious,-26.40,front,LIDAR_ONLY
0,166.9384,t2506,LIDAR_ONLY,19.2736,19.2736,,,,,,,,11.84,4.05,drive,-22.94,front,LIDAR_ONLY
0,167.2369,t2515,LIDAR_ONLY,16.2738,16.2738,,,,,,,,20.73,3.48,cautious,-27.98,front,LIDAR_ONLY
0,167.2369,t2515,LIDAR_ONLY,16.5181,16.5181,,,,,,,,20.73,3.48,cautious,-23.11,front,LIDAR_ONLY
0,167.3823,t2515,LIDAR_ONLY,16.9317,16.9317,,,,,,,,9.61,2.79,cautious,-21.65,front,LIDAR_ONLY
0,167.5881,t2515,LIDAR_ONLY,17.3716,17.3716,,,,,,,,13.69,1.67,cautious,-23.29,front,LIDAR_ONLY
0,167.5881,t2515,LIDAR_ONLY,17.5750,17.5750,,,,,,,,13.69,1.67,cautious,-29.65,front,LIDAR_ONLY
0,168.2888,t2540,LIDAR_ONLY,41.7839,41.7839,,,,,,,,11.72,3.02,drive,17.46,front,LIDAR_ONLY
0,168.2888,t2540,LIDAR_ONLY,33.0460,33.0460,,,,,,,,11.72,3.02,drive,26.40,front,LIDAR_ONLY
0,168.2888,t2540,LIDAR_ONLY,27.6168,27.6168,,,,,,,,11.72,3.02,drive,28.90,front,LIDAR_ONLY
0,168.4356,t2540,LIDAR_ONLY,25.8126,25.8126,,,,,,,,15.27,1.85,drive,29.45,front,LIDAR_ONLY
0,168.5034,t2540,LIDAR_ONLY,23.4820,23.4820,,,,,,,,8.88,4.13,drive,29.66,front,LIDAR_ONLY
0,169.5862,t2569,LIDAR_ONLY,16.8892,16.8892,,,,,,,,12.28,1.73,cautious,-29.07,front,LIDAR_ONLY
0,170.2290,t2582,LIDAR_ONLY,20.7806,20.7806,,,,,,,,20.27,4.63,drive,-24.28,front,LIDAR_ONLY
0,170.4368,t2585,LIDAR_ONLY,30.9405,30.9405,,,,,,,,12.91,1.79,drive,26.14,front,LIDAR_ONLY
0,170.9431,t2597,LIDAR_ONLY,28.9399,28.9399,,,,,,,,14.17,2.32,drive,-20.56,front,LIDAR_ONLY
0,170.9431,t2599,LIDAR_ONLY,40.5795,40.5795,,,,,,,,14.17,2.32,drive,20.10,front,LIDAR_ONLY
0,170.9431,t2599,LIDAR_ONLY,34.5294,34.5294,,,,,,,,14.17,2.32,drive,29.66,front,LIDAR_ONLY
0,171.0999,t2599,LIDAR_ONLY,28.1759,28.1759,,,,,,,,15.77,4.20,drive,28.96,front,LIDAR_ONLY
0,171.2466,t2599,LIDAR_ONLY,28.8797,28.8797,,,,,,,,11.13,7.01,drive,23.18,front,LIDAR_ONLY
0,171.5350,t2609,LIDAR_ONLY,26.0399,26.0399,,,,,,,,11.48,1.58,drive,-19.14,front,LIDAR_ONLY
0,171.5350,t2610,LIDAR_ONLY,37.9393,37.9393,,,,,,,,11.48,1.58,drive,24.97,front,LIDAR_ONLY
0,171.7310,t2609,LIDAR_ONLY,25.7077,25.7077,,,,,,,,10.52,1.68,drive,-19.11,front,LIDAR_ONLY
0,171.7310,t2618,LIDAR_ONLY,16.6508,16.6508,,,,,,,,10.52,1.68,cautious,-29.83,front,LIDAR_ONLY
0,171.7981,t2609,LIDAR_ONLY,25.3899,25.3899,,,,,,,,19.27,2.80,drive,-19.10,front,LIDAR_ONLY
0,171.7981,t2620,LIDAR_ONLY,36.9622,36.9622,,,,,,,,19.27,2.80,drive,26.61,front,LIDAR_ONLY
0,171.7981,t2609,LIDAR_ONLY,24.3300,24.3300,,,,,,,,19.27,2.80,drive,-23.79,front,LIDAR_ONLY
0,171.9924,cam_26,CAM_ONLY,42.1160,,39.3266,2.7894,,7.0929,,0,,15.38,2.82,safe,0.49,,CAMERA_ONLY
0,171.9924,t2609,LIDAR_ONLY,24.2649,24.2649,,,,,,,,15.38,2.82,drive,-20.36,front,LIDAR_ONLY
0,172.1364,t2609,LIDAR_ONLY,23.6010,23.6010,,,,,,,,9.96,2.04,drive,-22.17,front,LIDAR_ONLY
0,172.1364,t2609,LIDAR_ONLY,22.7232,22.7232,,,,,,,,9.96,2.04,drive,-25.32,front,LIDAR_ONLY
0,172.2010,t2631,LIDAR_ONLY,35.1331,35.1331,,,,,,,,11.17,4.75,drive,25.70,front,LIDAR_ONLY
0,172.3398,t2631,LIDAR_ONLY,34.7444,34.7444,,,,,,,,11.19,3.19,drive,25.67,front,LIDAR_ONLY
0,172.5446,t2631,LIDAR_ONLY,34.3185,34.3185,,,,,,,,13.56,4.37,drive,27.20,front,LIDAR_ONLY
0,172.6271,t2640,LIDAR_ONLY,21.0131,21.0131,,,,,,,,16.04,3.49,drive,-25.04,front,LIDAR_ONLY
0,172.6271,t2640,LIDAR_ONLY,20.0246,20.0246,,,,,,,,16.04,3.49,drive,-27.56,front,LIDAR_ONLY
0,172.6271,t2640,LIDAR_ONLY,19.6046,19.6046,,,,,,,,16.04,3.49,drive,-29.10,front,LIDAR_ONLY
0,172.7040,cam_27,CAM_ONLY,39.3527,,37.0923,2.2604,,6.0941,,0,,15.61,5.81,safe,-0.98,,CAMERA_ONLY
0,172.7961,cam_27,CAM_ONLY,36.3809,,36.8153,0.4344,,1.1800,,1,,15.01,3.95,slowdown,-0.67,,CAMERA_ONLY
0,172.7961,t2631,LIDAR_ONLY,33.7551,33.7551,,,,,,,,15.01,3.95,drive,29.09,front,LIDAR_ONLY
0,172.9352,t2646,LIDAR_ONLY,19.4930,19.4930,,,,,,,,15.81,1.72,drive,-25.98,front,LIDAR_ONLY
0,173.0764,t2646,LIDAR_ONLY,19.1016,19.1016,,,,,,,,10.99,3.32,cautious,-26.81,front,LIDAR_ONLY
0,173.3513,cam_28,CAM_ONLY,37.7608,,35.0713,2.6895,,7.6687,,0,,13.26,4.90,slowdown,-0.85,,CAMERA_ONLY
0,173.4892,t2662,LIDAR_ONLY,18.5798,18.5798,,,,,,,,14.08,3.86,cautious,-28.99,front,LIDAR_ONLY
0,173.6197,cam_28,CAM_ONLY,33.9834,,34.1559,0.1726,,0.5053,,1,,14.16,6.31,slowdown,-2.01,,CAMERA_ONLY
0,173.8950,cam_28,CAM_ONLY,35.2327,,33.3634,1.8694,,5.6030,,0,,21.21,5.00,slowdown,-1.12,,CAMERA_ONLY
0,174.0420,t2674,LIDAR_ONLY,19.9583,19.9583,,,,,,,,20.25,2.25,drive,-25.59,front,LIDAR_ONLY
0,174.1835,t2674,LIDAR_ONLY,19.6553,19.6553,,,,,,,,10.04,3.10,drive,-25.81,front,LIDAR_ONLY
0,174.2441,t2679,LIDAR_ONLY,32.6737,32.6737,32.4353,0.2384,0.2384,0.7349,0.7349,1,1,9.28,2.88,drive,0.98,front,LIDAR_ONLY
0,174.2441,t2674,LIDAR_ONLY,18.7584,18.7584,,,,,,,,9.28,2.88,cautious,-28.70,front,LIDAR_ONLY
0,174.3763,t2674,LIDAR_ONLY,18.2740,18.2740,,,,,,,,15.83,5.03,cautious,-29.70,front,LIDAR_ONLY
0,174.3763,t2674,LIDAR_ONLY,18.2976,18.2976,,,,,,,,15.83,5.03,cautious,-26.32,front,LIDAR_ONLY
0,174.5839,t2674,LIDAR_ONLY,18.1789,18.1789,,,,,,,,15.31,2.18,cautious,-26.71,front,LIDAR_ONLY
0,174.7443,t2674,LIDAR_ONLY,18.0238,18.0238,,,,,,,,23.28,5.70,cautious,-29.22,front,LIDAR_ONLY
0,174.7443,t2689,LIDAR_ONLY,20.8355,20.8355,,,,,,,,23.28,5.70,drive,28.83,front,LIDAR_ONLY
0,174.7443,t2674,LIDAR_ONLY,18.2032,18.2032,,,,,,,,23.28,5.70,cautious,-26.58,front,LIDAR_ONLY
0,174.8089,cam_29,CAM_ONLY,31.7655,,30.8387,0.9268,,3.0053,,1,,12.43,4.34,warning,-2.06,,CAMERA_ONLY
0,174.8732,cam_29,CAM_ONLY,30.2490,,30.6128,0.3638,,1.1884,,1,,9.54,5.00,warning,-2.33,,CAMERA_ONLY
0,174.9396,cam_29,CAM_ONLY,30.6169,,30.4438,0.1731,,0.5687,,1,,12.98,3.92,warning,-2.55,,CAMERA_ONLY
0,174.9396,t2689,LIDAR_ONLY,24.3011,24.3011,,,,,,,,12.98,3.92,drive,23.35,front,LIDAR_ONLY
0,174.9396,t2674,LIDAR_ONLY,18.4898,18.4898,,,,,,,,12.98,3.92,cautious,-28.21,front,LIDAR_ONLY
0,174.9396,t2674,LIDAR_ONLY,18.6990,18.6990,,,,,,,,12.98,3.92,cautious,-29.45,front,LIDAR_ONLY
0,175.0165,cam_29,CAM_ONLY,30.4918,,30.2350,0.2568,,0.8493,,1,,14.06,7.84,warning,-2.46,,CAMERA_ONLY
0,175.0925,cam_29,CAM_ONLY,29.6618,,30.0818,0.4200,,1.3963,,1,,18.58,4.45,warning,-2.24,,CAMERA_ONLY
0,175.0925,t2689,LIDAR_ONLY,28.1809,28.1809,,,,,,,,18.58,4.45,drive,24.91,front,LIDAR_ONLY
0,175.0925,t2689,LIDAR_ONLY,29.9853,29.9853,,,,,,,,18.58,4.45,drive,28.23,front,LIDAR_ONLY
0,175.1748,cam_29,CAM_ONLY,31.1785,,29.9223,1.2563,,4.1984,,0,,13.90,3.62,slowdown,-1.79,,CAMERA_ONLY
0,175.3208,cam_29,CAM_ONLY,29.9642,,29.6625,0.3017,,1.0172,,1,,9.42,6.87,slowdown,-1.16,,CAMERA_ONLY
0,175.4021,cam_29,CAM_ONLY,30.6905,,29.5439,1.1466,,3.8810,,0,,16.53,5.02,slowdown,-0.90,,CAMERA_ONLY
0,175.5382,cam_29,CAM_ONLY,30.6477,,29.3464,1.3013,,4.4342,,0,,14.15,1.79,slowdown,-0.49,,CAMERA_ONLY
0,175.5382,t2705,LIDAR_ONLY,46.4904,46.4904,,,,,,,,14.15,1.79,drive,26.80,front,LIDAR_ONLY
0,175.5382,t2705,LIDAR_ONLY,46.7044,46.7044,,,,,,,,14.15,1.79,drive,29.04,front,LIDAR_ONLY
0,175.5382,t2705,LIDAR_ONLY,46.8449,46.8449,,,,,,,,14.15,1.79,drive,28.07,front,LIDAR_ONLY
0,175.5382,t2706,LIDAR_ONLY,18.6612,18.6612,,,,,,,,14.15,1.79,drive,-27.42,front,LIDAR_ONLY
0,175.6088,cam_29,CAM_ONLY,31.3347,,29.2585,2.0762,,7.0959,,0,,14.33,7.05,slowdown,-0.36,,CAMERA_ONLY
0,175.6935,cam_29,CAM_ONLY,30.9730,,29.1771,1.7958,,6.1550,,0,,20.49,3.71,slowdown,-0.13,,CAMERA_ONLY
0,175.6935,t2705,LIDAR_ONLY,46.8489,46.8489,,,,,,,,20.49,3.71,drive,27.37,front,LIDAR_ONLY
0,175.6935,t2705,LIDAR_ONLY,46.8320,46.8320,,,,,,,,20.49,3.71,drive,28.80,front,LIDAR_ONLY
0,175.7722,cam_29,CAM_ONLY,29.3581,,29.1470,0.2111,,0.7241,,1,,21.50,9.05,slowdown,0.09,,CAMERA_ONLY
0,175.8585,cam_29,CAM_ONLY,29.3599,,29.1527,0.2072,,0.7108,,1,,22.92,7.72,slowdown,0.36,,CAMERA_ONLY
0,175.9299,cam_29,CAM_ONLY,30.9215,,29.1824,1.7391,,5.9594,,0,,13.51,3.40,safe,0.54,,CAMERA_ONLY
0,176.0010,cam_29,CAM_ONLY,29.8602,,29.2424,0.6178,,2.1125,,1,,10.71,5.09,safe,0.63,,CAMERA_ONLY
0,176.0687,cam_29,CAM_ONLY,30.0581,,29.3180,0.7400,,2.5241,,1,,12.42,3.98,safe,0.81,,CAMERA_ONLY
0,176.1305,cam_29,CAM_ONLY,30.0038,,29.4034,0.6004,,2.0420,,1,,10.13,2.40,safe,0.94,,CAMERA_ONLY
0,176.2045,cam_29,CAM_ONLY,30.8723,,29.5215,1.3509,,4.5758,,0,,12.87,4.32,safe,1.12,,CAMERA_ONLY
0,176.3484,t2726,LIDAR_ONLY,44.4657,44.4657,,,,,,,,10.88,3.97,drive,29.30,front,LIDAR_ONLY
0,176.4192,cam_29,CAM_ONLY,30.9346,,29.8814,1.0532,,3.5246,,0,,10.46,7.02,slowdown,1.16,,CAMERA_ONLY
0,176.4865,cam_29,CAM_ONLY,30.2765,,30.0069,0.2696,,0.8985,,1,,10.53,2.85,slowdown,0.81,,CAMERA_ONLY
0,176.4865,t2726,LIDAR_ONLY,44.2361,44.2361,,,,,,,,10.53,2.85,drive,28.45,front,LIDAR_ONLY
0,176.5538,cam_29,CAM_ONLY,29.7723,,30.1206,0.3483,,1.1562,,1,,10.69,4.27,slowdown,0.54,,CAMERA_ONLY
0,176.6901,t2726,LIDAR_ONLY,43.8462,43.8462,,,,,,,,9.21,2.10,drive,28.51,front,LIDAR_ONLY
0,176.6901,t2735,LIDAR_ONLY,30.6628,30.6628,30.4192,0.2436,0.2436,0.8009,0.8009,1,1,9.21,2.10,drive,-0.62,front,LIDAR_ONLY
0,176.6901,t2736,LIDAR_ONLY,19.1547,19.1547,,,,,,,,9.21,2.10,drive,-26.99,front,LIDAR_ONLY
0,176.6901,t2736,LIDAR_ONLY,18.8661,18.8661,,,,,,,,9.21,2.10,drive,-28.40,front,LIDAR_ONLY
0,176.7711,cam_29,CAM_ONLY,29.9011,,30.6469,0.7458,,2.4335,,1,,18.49,5.12,slowdown,-1.16,,CAMERA_ONLY
0,176.8924,cam_29,CAM_ONLY,30.7323,,30.9355,0.2031,,0.6567,,1,,9.91,2.51,slowdown,-1.83,,CAMERA_ONLY
0,176.8924,t2726,LIDAR_ONLY,43.4175,43.4175,,,,,,,,9.91,2.51,drive,27.97,front,LIDAR_ONLY
0,176.8924,t2726,LIDAR_ONLY,41.2682,41.2682,,,,,,,,9.91,2.51,drive,28.50,front,LIDAR_ONLY
0,176.9569,cam_29,CAM_ONLY,31.1047,,31.1262,0.0215,,0.0691,,1,,10.62,5.76,slowdown,-1.70,,CAMERA_ONLY
0,177.0358,cam_29,CAM_ONLY,30.2752,,31.4069,1.1317,,3.6034,,0,,22.74,2.69,slowdown,-1.52,,CAMERA_ONLY
0,177.0358,t2745,LIDAR_ONLY,18.6117,18.6117,,,,,,,,22.74,2.69,drive,-28.78,front,LIDAR_ONLY
0,177.0358,t2745,LIDAR_ONLY,18.6771,18.6771,,,,,,,,22.74,2.69,drive,-27.78,front,LIDAR_ONLY
0,177.1219,cam_29,CAM_ONLY,31.0875,,31.6837,0.5962,,1.8817,,1,,13.50,8.42,slowdown,-1.43,,CAMERA_ONLY
0,177.1877,t2748,LIDAR_ONLY,41.8795,41.8795,,,,,,,,17.16,2.11,drive,28.19,front,LIDAR_ONLY
0,177.1877,t2748,LIDAR_ONLY,41.8830,41.8830,,,,,,,,17.16,2.11,drive,29.68,front,LIDAR_ONLY
0,177.1877,t2750,LIDAR_ONLY,32.0770,32.0770,31.9005,0.1765,0.1765,0.5532,0.5532,1,1,17.16,2.11,drive,-1.19,front,LIDAR_ONLY
0,177.5849,t2761,LIDAR_ONLY,35.2975,35.2975,,,,,,,,13.06,3.34,drive,-14.68,front,LIDAR_ONLY
0,177.5849,t2762,LIDAR_ONLY,18.9736,18.9736,,,,,,,,13.06,3.34,drive,-27.54,front,LIDAR_ONLY
0,177.7354,t2762,LIDAR_ONLY,18.8352,18.8352,,,,,,,,15.06,4.58,drive,-27.52,front,LIDAR_ONLY
0,178.1866,t2772,LIDAR_ONLY,33.2019,33.2019,,,,,,,,16.43,1.98,drive,-14.78,front,LIDAR_ONLY
0,178.3363,t2772,LIDAR_ONLY,32.8977,32.8977,,,,,,,,12.76,2.37,drive,-15.19,front,LIDAR_ONLY
0,178.6808,t2785,LIDAR_ONLY,18.3557,18.3557,,,,,,,,13.55,3.85,cautious,-27.46,front,LIDAR_ONLY
0,178.8823,t2785,LIDAR_ONLY,18.5191,18.5191,,,,,,,,9.58,4.84,cautious,-26.55,front,LIDAR_ONLY
0,178.9563,cam_30,CAM_ONLY,37.4182,,37.8421,0.4239,,1.1201,,1,,12.86,7.12,safe,-0.85,,CAMERA_ONLY
0,179.3807,cam_31,CAM_ONLY,38.1239,,38.8548,0.7309,,1.8811,,1,,13.15,3.11,safe,-1.48,,CAMERA_ONLY
0,179.3807,t2793,LIDAR_ONLY,27.8520,27.8520,73.2691,45.4172,45.4172,61.9868,61.9868,0,0,13.15,3.11,drive,-19.12,front,LIDAR_ONLY
0,179.4548,cam_31,CAM_ONLY,38.1594,,39.0010,0.8415,,2.1577,,1,,15.79,6.36,safe,-1.07,,CAMERA_ONLY
0,179.4548,t2797,LIDAR_ONLY,20.8623,20.8623,,,,,,,,15.79,6.36,drive,29.22,front,LIDAR_ONLY
0,179.5265,cam_31,CAM_ONLY,39.5029,,39.2663,0.2366,,0.6026,,1,,14.95,3.72,safe,-0.90,,CAMERA_ONLY
0,179.5858,cam_31,CAM_ONLY,39.5755,,39.3512,0.2243,,0.5700,,1,,11.09,2.11,safe,-0.76,,CAMERA_ONLY
0,179.5858,t2793,LIDAR_ONLY,27.3676,27.3676,69.1945,41.8268,41.8268,60.4482,60.4482,0,0,11.09,2.11,drive,-19.15,front,LIDAR_ONLY
0,179.5858,t2802,LIDAR_ONLY,17.5811,17.5811,,,,,,,,11.09,2.11,cautious,-29.67,front,LIDAR_ONLY
0,179.8839,t2811,LIDAR_ONLY,25.4580,25.4580,63.1970,37.7391,37.7391,59.7165,59.7165,0,0,22.47,9.23,drive,-19.15,front,LIDAR_ONLY
0,179.9680,cam_31,CAM_ONLY,41.1556,,40.2011,0.9545,,2.3743,,1,,21.63,9.04,safe,0.45,,CAMERA_ONLY
0,180.1867,t2817,LIDAR_ONLY,23.9701,23.9701,,,,,,,,16.95,1.90,drive,-21.48,front,LIDAR_ONLY
0,180.1867,t2817,LIDAR_ONLY,21.3894,21.3894,,,,,,,,16.95,1.90,drive,-29.26,front,LIDAR_ONLY
0,180.2619,cam_31,CAM_ONLY,41.2593,,40.7368,0.5226,,1.2828,,1,,13.44,10.54,safe,-0.81,,CAMERA_ONLY
0,180.3307,cam_31,CAM_ONLY,40.3425,,40.8561,0.5136,,1.2571,,1,,19.19,4.57,safe,-0.90,,CAMERA_ONLY
0,180.4017,cam_31,CAM_ONLY,40.1851,,40.9744,0.7892,,1.9262,,1,,16.73,4.78,safe,-0.90,,CAMERA_ONLY
0,180.4805,cam_31,CAM_ONLY,39.1974,,41.1033,1.9059,,4.6367,,0,,18.94,3.95,slowdown,-1.03,,CAMERA_ONLY
0,180.4805,t2826,LIDAR_ONLY,22.5502,22.5502,49.7839,27.2336,27.2336,54.7038,54.7038,0,0,18.94,3.95,drive,-23.56,front,LIDAR_ONLY
0,180.4805,t2827,LIDAR_ONLY,47.0443,47.0443,,,,,,,,18.94,3.95,drive,24.00,front,LIDAR_ONLY
0,180.5475,cam_31,CAM_ONLY,40.0364,,41.2200,1.1836,,2.8713,,0,,13.66,3.89,safe,-1.34,,CAMERA_ONLY
0,180.6275,t2826,LIDAR_ONLY,22.1015,22.1015,46.4667,24.3652,24.3652,52.4359,52.4359,0,0,15.89,3.31,drive,-24.97,front,LIDAR_ONLY
0,180.7822,cam_31,CAM_ONLY,40.4676,,41.5313,1.0637,,2.5611,,0,,18.18,3.61,safe,-1.25,,CAMERA_ONLY
0,180.7822,t2826,LIDAR_ONLY,21.6343,21.6343,43.0478,21.4135,21.4135,49.7435,49.7435,0,0,18.18,3.61,drive,-25.45,front,LIDAR_ONLY
0,180.7822,t2826,LIDAR_ONLY,22.8212,22.8212,43.0478,20.2266,20.2266,46.9865,46.9865,0,0,18.18,3.61,drive,-23.16,front,LIDAR_ONLY
0,180.8686,cam_31,CAM_ONLY,40.9239,,41.6006,0.6767,,1.6266,,1,,17.55,5.48,safe,-1.07,,CAMERA_ONLY
0,180.9340,t2826,LIDAR_ONLY,23.3125,23.3125,39.8483,16.5359,16.5359,41.4970,41.4970,0,0,13.40,2.88,drive,-26.18,front,LIDAR_ONLY
0,180.9340,t2836,LIDAR_ONLY,44.7118,44.7118,,,,,,,,13.40,2.88,drive,25.63,front,LIDAR_ONLY
0,180.9340,t2836,LIDAR_ONLY,44.6694,44.6694,,,,,,,,13.40,2.88,drive,29.35,front,LIDAR_ONLY
0,180.9340,t2826,LIDAR_ONLY,24.6944,24.6944,39.8483,15.1539,15.1539,38.0290,38.0290,0,0,13.40,2.88,drive,-23.99,front,LIDAR_ONLY
0,181.0832,cam_31,CAM_ONLY,42.1327,,41.6866,0.4461,,1.0701,,1,,15.24,1.69,safe,-0.85,,CAMERA_ONLY
0,181.0832,t2826,LIDAR_ONLY,25.3989,25.3989,36.6927,11.2937,11.2937,30.7793,30.7793,0,0,15.24,1.69,drive,-26.90,front,LIDAR_ONLY
0,181.0832,t2826,LIDAR_ONLY,27.3233,27.3233,36.6927,9.3693,9.3693,25.5347,25.5347,0,0,15.24,1.69,drive,-25.41,front,LIDAR_ONLY
0,181.1520,cam_31,CAM_ONLY,42.9058,,41.6880,1.2178,,2.9212,,0,,12.99,5.40,safe,-0.72,,CAMERA_ONLY
0,181.1520,t2836,LIDAR_ONLY,44.2544,44.2544,,,,,,,,12.99,5.40,drive,26.80,front,LIDAR_ONLY
0,181.1520,t2836,LIDAR_ONLY,44.0273,44.0273,,,,,,,,12.99,5.40,drive,29.81,front,LIDAR_ONLY
0,181.1520,t2836,LIDAR_ONLY,40.8547,40.8547,,,,,,,,12.99,5.40,drive,29.36,front,LIDAR_ONLY
0,181.2922,t2836,LIDAR_ONLY,40.7735,40.7735,,,,,,,,11.40,4.80,drive,28.31,front,LIDAR_ONLY
0,181.4442,cam_31,CAM_ONLY,42.7459,,41.5832,1.1627,,2.7961,,0,,15.93,4.25,safe,0.58,,CAMERA_ONLY
0,181.4442,t2836,LIDAR_ONLY,40.4817,40.4817,,,,,,,,15.93,4.25,drive,27.47,front,LIDAR_ONLY
0,181.4442,t2836,LIDAR_ONLY,40.2545,40.2545,,,,,,,,15.93,4.25,drive,28.97,front,LIDAR_ONLY
0,181.5840,t2851,LIDAR_ONLY,16.7633,16.7633,25.8806,9.1173,9.1173,35.2283,35.2283,0,0,12.71,1.78,cautious,-29.92,front,LIDAR_ONLY
0,181.5840,t2851,LIDAR_ONLY,18.7989,18.7989,25.8806,7.0817,7.0817,27.3629,27.3629,0,0,12.71,1.78,cautious,-28.66,front,LIDAR_ONLY
0,181.5840,t2851,LIDAR_ONLY,20.8083,20.8083,25.8806,5.0723,5.0723,19.5987,19.5987,0,0,12.71,1.78,cautious,-26.05,front,LIDAR_ONLY
0,181.5840,t2851,LIDAR_ONLY,21.9143,21.9143,25.8806,3.9662,3.9662,15.3252,15.3252,0,0,12.71,1.78,cautious,-24.93,front,LIDAR_ONLY
0,181.8043,t2856,LIDAR_ONLY,40.3749,40.3749,,,,,,,,15.74,6.60,drive,29.84,front,LIDAR_ONLY
0,181.8043,t2856,LIDAR_ONLY,30.9599,30.9599,,,,,,,,15.74,6.60,drive,29.77,front,LIDAR_ONLY
0,181.9302,t2860,LIDAR_ONLY,18.7172,18.7172,,,,,,,,15.87,2.39,cautious,-29.11,front,LIDAR_ONLY
0,182.0883,t2863,LIDAR_ONLY,39.0078,39.0078,,,,,,,,20.90,2.95,drive,28.11,front,LIDAR_ONLY
0,182.0883,t2863,LIDAR_ONLY,38.9961,38.9961,,,,,,,,20.90,2.95,drive,29.82,front,LIDAR_ONLY
0,182.0883,t2863,LIDAR_ONLY,34.4855,34.4855,,,,,,,,20.90,2.95,drive,29.79,front,LIDAR_ONLY
0,182.2466,t2863,LIDAR_ONLY,31.8993,31.8993,,,,,,,,14.63,3.31,drive,28.79,front,LIDAR_ONLY
0,182.3869,t2863,LIDAR_ONLY,32.3789,32.3789,,,,,,,,16.89,3.03,drive,27.02,front,LIDAR_ONLY
0,182.6029,t2863,LIDAR_ONLY,28.9463,28.9463,,,,,,,,15.51,4.21,drive,29.64,front,LIDAR_ONLY
0,182.7398,t2874,LIDAR_ONLY,42.8175,42.8175,,,,,,,,17.18,2.53,drive,-11.44,front,LIDAR_ONLY
0,182.7398,t2875,LIDAR_ONLY,20.3521,20.3521,,,,,,,,17.18,2.53,drive,-25.00,front,LIDAR_ONLY
0,183.2818,t2892,LIDAR_ONLY,20.5430,20.5430,,,,,,,,10.59,2.99,drive,-25.85,front,LIDAR_ONLY
0,183.4979,t2895,LIDAR_ONLY,46.5307,46.5307,,,,,,,,11.30,4.78,drive,27.11,front,LIDAR_ONLY
0,185.1349,t2926,LIDAR_ONLY,28.8814,28.8814,60.5190,31.6376,31.6376,52.2771,52.2771,0,0,9.66,1.38,drive,-18.05,front,LIDAR_ONLY
0,185.5352,t2940,LIDAR_ONLY,26.5764,26.5764,51.3944,24.8180,24.8180,48.2893,48.2893,0,0,9.87,2.21,drive,-20.33,front,LIDAR_ONLY
0,185.9840,t2949,LIDAR_ONLY,23.9292,23.9292,41.8507,17.9215,17.9215,42.8225,42.8225,0,0,12.26,1.30,drive,-21.34,front,LIDAR_ONLY
0,186.0473,t2951,LIDAR_ONLY,48.9869,48.9869,,,,,,,,9.18,3.43,drive,20.15,front,LIDAR_ONLY
0,186.6312,t2963,LIDAR_ONLY,20.6409,20.6409,35.1123,14.4714,14.4714,41.2146,41.2146,0,0,10.89,1.77,drive,-23.73,front,LIDAR_ONLY
0,187.1875,t2973,LIDAR_ONLY,18.7127,18.7127,23.5027,4.7899,4.7899,20.3803,20.3803,0,0,16.37,2.00,drive,-28.91,front,LIDAR_ONLY
0,187.1875,t2974,LIDAR_ONLY,43.9334,43.9334,,,,,,,,16.37,2.00,drive,19.93,front,LIDAR_ONLY
0,187.3348,t2973,LIDAR_ONLY,18.4203,18.4203,20.5590,2.1387,2.1387,10.4027,10.4027,0,0,17.70,2.99,cautious,-29.57,front,LIDAR_ONLY
0,187.5976,cam_32,CAM_ONLY,36.2506,,35.9417,0.3089,,0.8594,,1,,12.54,4.69,slowdown,-1.48,,CAMERA_ONLY
0,187.5976,t2984,LIDAR_ONLY,42.4359,42.4359,,,,,,,,12.54,4.69,drive,21.70,front,LIDAR_ONLY
0,187.6710,cam_32,CAM_ONLY,36.2322,,35.9117,0.3204,,0.8923,,1,,12.66,6.57,slowdown,-1.43,,CAMERA_ONLY
0,187.7806,cam_32,CAM_ONLY,36.1632,,35.8656,0.2976,,0.8299,,1,,12.48,2.62,slowdown,-1.03,,CAMERA_ONLY
0,188.6881,t3005,LIDAR_ONLY,37.6513,37.6513,,,,,,,,14.31,1.73,drive,24.92,front,LIDAR_ONLY
0,188.8868,t3005,LIDAR_ONLY,39.1276,39.1276,,,,,,,,9.89,2.44,drive,17.06,front,LIDAR_ONLY
0,188.8868,t3005,LIDAR_ONLY,39.5946,39.5946,,,,,,,,9.89,2.44,drive,25.82,front,LIDAR_ONLY
0,189.1457,t3018,LIDAR_ONLY,35.9656,35.9656,,,,,,,,10.58,4.52,drive,26.82,front,LIDAR_ONLY
0,189.4349,t3025,LIDAR_ONLY,45.7078,45.7078,,,,,,,,14.78,2.17,drive,20.03,front,LIDAR_ONLY
0,189.4349,t3025,LIDAR_ONLY,39.6506,39.6506,,,,,,,,14.78,2.17,drive,28.98,front,LIDAR_ONLY
0,189.6553,t3025,LIDAR_ONLY,37.5222,37.5222,,,,,,,,19.36,8.07,drive,29.10,front,LIDAR_ONLY
0,189.6553,t3025,LIDAR_ONLY,37.9591,37.9591,,,,,,,,19.36,8.07,drive,20.67,front,LIDAR_ONLY
0,190.0913,t3040,LIDAR_ONLY,42.7491,42.7491,,,,,,,,12.43,2.23,drive,21.90,front,LIDAR_ONLY
0,190.2363,t3040,LIDAR_ONLY,42.4133,42.4133,,,,,,,,13.74,1.29,drive,22.29,front,LIDAR_ONLY
0,190.2363,t3043,LIDAR_ONLY,17.5509,17.5509,26.9358,9.3849,9.3849,34.8419,34.8419,0,0,13.74,1.29,cautious,-27.68,front,LIDAR_ONLY
0,190.5934,t3055,LIDAR_ONLY,40.8630,40.8630,,,,,,,,10.43,3.26,drive,23.09,front,LIDAR_ONLY
0,190.7316,t3058,LIDAR_ONLY,18.1335,18.1335,17.1056,1.0278,1.0278,6.0087,6.0087,0,0,12.28,1.80,drive,-26.63,front,LIDAR_ONLY
0,190.8854,t3058,LIDAR_ONLY,16.9772,16.9772,14.0972,2.8800,2.8800,20.4294,20.4294,0,0,13.71,1.41,cautious,-29.59,front,LIDAR_ONLY
0,191.0428,t3062,LIDAR_ONLY,39.6065,39.6065,,,,,,,,12.59,2.21,drive,23.68,front,LIDAR_ONLY
0,191.2033,t3062,LIDAR_ONLY,39.3198,39.3198,,,,,,,,18.08,5.28,drive,24.94,front,LIDAR_ONLY
0,191.2907,t3062,LIDAR_ONLY,38.9885,38.9885,,,,,,,,18.25,3.57,drive,25.24,front,LIDAR_ONLY
0,191.5891,t3073,LIDAR_ONLY,37.5392,37.5392,,,,,,,,11.86,3.23,drive,24.38,front,LIDAR_ONLY
0,191.7902,t3073,LIDAR_ONLY,37.1534,37.1534,,,,,,,,14.52,2.96,drive,23.54,front,LIDAR_ONLY
0,191.9280,t3078,LIDAR_ONLY,16.7505,16.7505,,,,,,,,11.08,2.40,cautious,-28.78,front,LIDAR_ONLY
0,192.2906,t3088,LIDAR_ONLY,34.9482,34.9482,,,,,,,,17.80,3.00,drive,27.59,front,LIDAR_ONLY
0,192.4378,t3088,LIDAR_ONLY,34.6581,34.6581,,,,,,,,21.03,3.20,drive,28.01,front,LIDAR_ONLY
0,192.4378,t3088,LIDAR_ONLY,34.5587,34.5587,,,,,,,,21.03,3.20,drive,23.37,front,LIDAR_ONLY
0,192.4378,t3088,LIDAR_ONLY,34.5721,34.5721,,,,,,,,21.03,3.20,drive,24.95,front,LIDAR_ONLY
0,192.5863,t3093,LIDAR_ONLY,31.6786,31.6786,29.7889,1.8897,1.8897,6.3437,6.3437,0,0,14.21,4.56,drive,-17.38,front,LIDAR_ONLY
0,193.0747,cam_33,CAM_ONLY,36.8149,,35.6612,1.1538,,3.2353,,0,,20.79,3.69,safe,-1.43,,CAMERA_ONLY
0,193.0747,t3111,LIDAR_ONLY,18.0330,18.0330,19.7893,1.7563,1.7563,8.8750,8.8750,0,0,20.79,3.69,cautious,-29.44,front,LIDAR_ONLY
0,193.1484,t3112,LIDAR_ONLY,31.6847,31.6847,,,,,,,,17.54,3.73,drive,21.95,front,LIDAR_ONLY
0,193.1484,t3112,LIDAR_ONLY,31.7250,31.7250,,,,,,,,17.54,3.73,drive,26.47,front,LIDAR_ONLY
0,193.3500,t3112,LIDAR_ONLY,31.9132,31.9132,,,,,,,,13.46,5.42,drive,23.48,front,LIDAR_ONLY
0,193.3500,t3112,LIDAR_ONLY,31.8699,31.8699,,,,,,,,13.46,5.42,drive,27.39,front,LIDAR_ONLY
0,193.5491,t3112,LIDAR_ONLY,31.6935,31.6935,,,,,,,,17.69,4.94,drive,23.46,front,LIDAR_ONLY
0,193.5491,t3112,LIDAR_ONLY,31.7850,31.7850,,,,,,,,17.69,4.94,drive,24.86,front,LIDAR_ONLY
0,193.5491,t3112,LIDAR_ONLY,31.4274,31.4274,,,,,,,,17.69,4.94,drive,28.44,front,LIDAR_ONLY
0,193.5491,t3112,LIDAR_ONLY,31.0694,31.0694,,,,,,,,17.69,4.94,drive,28.44,front,LIDAR_ONLY
0,193.7482,t3112,LIDAR_ONLY,31.1706,31.1706,,,,,,,,13.93,4.40,drive,24.73,front,LIDAR_ONLY
0,193.7482,t3112,LIDAR_ONLY,31.4251,31.4251,,,,,,,,13.93,4.40,drive,26.34,front,LIDAR_ONLY
0,193.7482,t3112,LIDAR_ONLY,31.3502,31.3502,,,,,,,,13.93,4.40,drive,27.29,front,LIDAR_ONLY
0,193.7482,t3112,LIDAR_ONLY,31.8288,31.8288,,,,,,,,13.93,4.40,drive,28.45,front,LIDAR_ONLY
0,193.8936,t3112,LIDAR_ONLY,32.2371,32.2371,,,,,,,,8.77,3.17,drive,25.55,front,LIDAR_ONLY
0,194.0360,t3112,LIDAR_ONLY,32.4546,32.4546,,,,,,,,11.92,2.97,drive,25.98,front,LIDAR_ONLY
0,194.0360,t3112,LIDAR_ONLY,31.7987,31.7987,,,,,,,,11.92,2.97,drive,29.16,front,LIDAR_ONLY
0,194.0360,t3112,LIDAR_ONLY,31.8133,31.8133,,,,,,,,11.92,2.97,drive,28.87,front,LIDAR_ONLY
0,194.0360,t3112,LIDAR_ONLY,31.6437,31.6437,,,,,,,,11.92,2.97,drive,23.85,front,LIDAR_ONLY
0,194.1810,t3112,LIDAR_ONLY,31.2966,31.2966,,,,,,,,9.90,1.61,drive,26.61,front,LIDAR_ONLY
0,194.1810,t3112,LIDAR_ONLY,31.1615,31.1615,,,,,,,,9.90,1.61,drive,24.32,front,LIDAR_ONLY
0,194.1810,t3137,LIDAR_ONLY,17.7748,17.7748,,,,,,,,9.90,1.61,cautious,-28.10,front,LIDAR_ONLY
0,194.2406,t3112,LIDAR_ONLY,31.5347,31.5347,,,,,,,,12.15,2.64,drive,25.30,front,LIDAR_ONLY
0,194.2406,t3112,LIDAR_ONLY,31.8554,31.8554,,,,,,,,12.15,2.64,drive,27.85,front,LIDAR_ONLY
0,194.4418,t3112,LIDAR_ONLY,31.9704,31.9704,,,,,,,,9.70,5.29,drive,27.48,front,LIDAR_ONLY
0,194.7348,t3148,LIDAR_ONLY,23.1898,23.1898,,,,,,,,18.39,1.86,drive,-26.04,front,LIDAR_ONLY
0,194.7348,t3150,LIDAR_ONLY,30.3488,30.3488,,,,,,,,18.39,1.86,drive,25.49,front,LIDAR_ONLY
0,194.7348,t3150,LIDAR_ONLY,30.2335,30.2335,,,,,,,,18.39,1.86,drive,29.84,front,LIDAR_ONLY
0,194.7968,t3150,LIDAR_ONLY,30.1533,30.1533,,,,,,,,9.65,4.12,drive,25.31,front,LIDAR_ONLY
0,194.7968,t3150,LIDAR_ONLY,29.3758,29.3758,,,,,,,,9.65,4.12,drive,29.32,front,LIDAR_ONLY
0,194.7968,t3150,LIDAR_ONLY,29.3882,29.3882,,,,,,,,9.65,4.12,drive,28.71,front,LIDAR_ONLY
0,194.9837,t3156,LIDAR_ONLY,22.2424,22.2424,,,,,,,,11.15,1.29,drive,-29.05,front,LIDAR_ONLY
0,195.1868,t3161,LIDAR_ONLY,28.8794,28.8794,,,,,,,,11.35,3.07,drive,25.65,front,LIDAR_ONLY
0,195.3321,cam_34,CAM_ONLY,34.8930,,34.5027,0.3903,,1.1313,,1,,10.86,1.26,slowdown,-1.75,,CAMERA_ONLY
0,195.3321,t3163,LIDAR_ONLY,20.7851,20.7851,,,,,,,,10.86,1.26,drive,-29.75,front,LIDAR_ONLY
0,195.6401,t3172,LIDAR_ONLY,26.8267,26.8267,,,,,,,,16.55,2.00,drive,29.16,front,LIDAR_ONLY
0,195.6401,t3172,LIDAR_ONLY,26.8932,26.8932,,,,,,,,16.55,2.00,drive,27.54,front,LIDAR_ONLY
0,195.6401,t3172,LIDAR_ONLY,27.0448,27.0448,,,,,,,,16.55,2.00,drive,26.08,front,LIDAR_ONLY
0,195.8453,t3172,LIDAR_ONLY,27.1490,27.1490,,,,,,,,15.28,5.22,drive,28.66,front,LIDAR_ONLY
0,195.8453,t3172,LIDAR_ONLY,27.2609,27.2609,,,,,,,,15.28,5.22,drive,24.48,front,LIDAR_ONLY
0,195.8453,t3172,LIDAR_ONLY,27.5881,27.5881,,,,,,,,15.28,5.22,drive,26.22,front,LIDAR_ONLY
0,196.0881,t3184,LIDAR_ONLY,27.5691,27.5691,,,,,,,,9.19,2.01,drive,29.16,front,LIDAR_ONLY
0,196.4361,t3196,LIDAR_ONLY,25.9875,25.9875,,,,,,,,14.85,1.37,drive,29.11,front,LIDAR_ONLY
0,196.8362,t3208,LIDAR_ONLY,17.6561,17.6561,,,,,,,,18.48,4.03,cautious,-29.53,front,LIDAR_ONLY
