frame,timestamp_s,obstacle_id,detection_source,cam_dist_m,lidar_dist_m,gt_dist_m,cam_error_m,lidar_error_m,cam_rel_error_pct,lidar_rel_error_pct,cam_within_1m,lidar_within_1m,cam_latency_ms,lidar_latency_ms,danger_level,angle_deg,sector,match_method
0,597.7183,t7,LIDAR_ONLY,24.0365,24.0365,,,,,,,,12.06,1.57,drive,28.53,front,LIDAR_ONLY
0,597.9227,t7,LIDAR_ONLY,24.3214,24.3214,,,,,,,,15.56,1.46,drive,27.35,front,LIDAR_ONLY
0,598.1107,t18,LIDAR_ONLY,20.1974,20.1974,,,,,,,,11.26,0.85,drive,-26.14,front,LIDAR_ONLY
0,598.9610,t43,LIDAR_ONLY,19.4062,19.4062,,,,,,,,14.69,0.81,drive,-23.89,front,LIDAR_ONLY
0,600.5224,t89,LIDAR_ONLY,27.0287,27.0287,,,,,,,,20.37,1.46,drive,29.46,front,LIDAR_ONLY
0,600.9668,t94,LIDAR_ONLY,26.0861,26.0861,,,,,,,,18.71,1.19,drive,30.00,front,LIDAR_ONLY
0,601.1594,t104,LIDAR_ONLY,21.0176,21.0176,,,,,,,,8.95,1.16,drive,-21.36,front,LIDAR_ONLY
0,601.5120,t116,LIDAR_ONLY,32.5107,32.5107,,,,,,,,11.69,0.92,drive,-7.87,front,LIDAR_ONLY
0,602.0131,t136,LIDAR_ONLY,21.0112,21.0112,,,,,,,,16.21,0.84,drive,-19.69,front,LIDAR_ONLY
0,602.2201,t144,LIDAR_ONLY,43.8403,43.8403,21.6706,22.1697,22.1697,102.3031,102.3031,0,0,15.86,1.24,drive,27.02,front,LIDAR_ONLY
0,602.4686,t153,LIDAR_ONLY,39.3313,39.3313,20.7908,18.5405,18.5405,89.1764,89.1764,0,0,13.30,1.25,drive,27.62,front,LIDAR_ONLY
0,602.8649,t164,LIDAR_ONLY,24.0943,24.0943,,,,,,,,19.71,1.85,drive,28.89,front,LIDAR_ONLY
0,603.4646,t177,LIDAR_ONLY,24.7510,24.7510,,,,,,,,13.94,1.05,drive,-16.97,front,LIDAR_ONLY
0,603.4646,t178,LIDAR_ONLY,27.6203,27.6203,16.9338,10.6865,10.6865,63.1075,63.1075,0,0,13.94,1.05,drive,29.13,front,LIDAR_ONLY
0,603.4646,t178,LIDAR_ONLY,22.3985,22.3985,16.9338,5.4647,5.4647,32.2713,32.2713,0,0,13.94,1.05,drive,20.75,front,LIDAR_ONLY
0,603.7136,t186,LIDAR_ONLY,19.5734,19.5734,,,,,,,,10.83,0.88,drive,-22.84,front,LIDAR_ONLY
0,603.7700,t189,LIDAR_ONLY,17.8049,17.8049,15.5742,2.2308,2.2308,14.3235,14.3235,0,0,13.95,0.98,cautious,27.47,front,LIDAR_ONLY
0,603.9651,t189,LIDAR_ONLY,18.0522,18.0522,14.8691,3.1831,3.1831,21.4075,21.4075,0,0,17.35,0.86,cautious,21.99,front,LIDAR_ONLY
0,604.2692,t205,LIDAR_ONLY,15.8816,15.8816,13.9245,1.9571,1.9571,14.0554,14.0554,0,0,19.11,1.25,cautious,27.27,front,LIDAR_ONLY
0,604.2692,t205,LIDAR_ONLY,15.9491,15.9491,13.9245,2.0247,2.0247,14.5403,14.5403,0,0,19.11,1.25,cautious,23.19,front,LIDAR_ONLY
0,604.4579,t205,LIDAR_ONLY,15.8176,15.8176,13.4827,2.3349,2.3349,17.3179,17.3179,0,0,10.25,0.82,cautious,24.57,front,LIDAR_ONLY
0,604.5133,t205,LIDAR_ONLY,15.5719,15.5719,13.3691,2.2027,2.2027,16.4762,16.4762,0,0,9.87,1.38,cautious,23.40,front,LIDAR_ONLY
0,604.7055,t220,LIDAR_ONLY,20.3859,20.3859,,,,,,,,15.63,1.02,drive,-28.28,front,LIDAR_ONLY
0,604.7627,t220,LIDAR_ONLY,20.1999,20.1999,,,,,,,,12.41,0.91,drive,-28.01,front,LIDAR_ONLY
0,604.7627,t224,LIDAR_ONLY,18.4411,18.4411,12.5819,5.8592,5.8592,46.5685,46.5685,0,0,12.41,0.91,drive,16.49,front,LIDAR_ONLY
0,604.9701,t224,LIDAR_ONLY,16.6499,16.6499,11.6159,5.0341,5.0341,43.3382,43.3382,0,0,16.34,1.36,cautious,20.86,front,LIDAR_ONLY
0,604.9701,t224,LIDAR_ONLY,15.6455,15.6455,11.6159,4.0297,4.0297,34.6911,34.6911,0,0,16.34,1.36,cautious,29.18,front,LIDAR_ONLY
0,605.2687,t241,LIDAR_ONLY,14.5380,14.5380,10.4231,4.1149,4.1149,39.4786,39.4786,0,0,14.18,0.95,cautious,23.56,front,LIDAR_ONLY
0,605.5177,t246,LIDAR_ONLY,16.5293,16.5293,9.4520,7.0773,7.0773,74.8764,74.8764,0,0,15.36,1.07,cautious,22.41,front,LIDAR_ONLY
0,605.5177,t246,LIDAR_ONLY,14.3870,14.3870,9.4520,4.9350,4.9350,52.2114,52.2114,0,0,15.36,1.07,cautious,26.58,front,LIDAR_ONLY
0,605.7121,t246,LIDAR_ONLY,14.0666,14.0666,8.7866,5.2800,5.2800,60.0920,60.0920,0,0,13.49,1.23,cautious,26.72,front,LIDAR_ONLY
0,605.8715,t255,LIDAR_ONLY,46.4569,46.4569,,,,,,,,24.12,1.78,drive,-0.21,front,LIDAR_ONLY
0,605.8715,t246,LIDAR_ONLY,13.5674,13.5674,8.2713,5.2961,5.2961,64.0307,64.0307,0,0,24.12,1.78,cautious,28.55,front,LIDAR_ONLY
0,605.8715,t246,LIDAR_ONLY,13.6596,13.6596,8.2713,5.3884,5.3884,65.1459,65.1459,0,0,24.12,1.78,cautious,24.44,front,LIDAR_ONLY
0,606.2592,t264,LIDAR_ONLY,12.2793,12.2793,7.0938,5.1854,5.1854,73.0977,73.0977,0,0,15.38,1.08,slow,29.16,front,LIDAR_ONLY
0,606.5666,t272,LIDAR_ONLY,10.4831,10.4831,6.3855,4.0976,4.0976,64.1700,64.1700,0,0,18.32,1.21,slow,29.97,front,LIDAR_ONLY
0,606.5666,t272,LIDAR_ONLY,10.7840,10.7840,6.3855,4.3984,4.3984,68.8816,68.8816,0,0,18.32,1.21,slow,25.84,front,LIDAR_ONLY
0,606.7116,t278,LIDAR_ONLY,19.3111,19.3111,,,,,,,,21.27,1.11,drive,-27.86,front,LIDAR_ONLY
0,607.4176,t297,LIDAR_ONLY,19.5842,19.5842,,,,,,,,17.02,1.21,drive,-23.93,front,LIDAR_ONLY
0,607.5734,t298,LIDAR_ONLY,40.4417,40.4417,,,,,,,,19.81,1.43,drive,-4.08,front,LIDAR_ONLY
0,607.5734,t300,LIDAR_ONLY,32.0476,32.0476,,,,,,,,19.81,1.43,drive,28.43,front,LIDAR_ONLY
0,607.7107,t303,LIDAR_ONLY,16.6093,16.6093,,,,,,,,17.51,0.89,cautious,-28.92,front,LIDAR_ONLY
0,608.5104,t328,LIDAR_ONLY,25.2371,25.2371,,,,,,,,9.36,1.09,drive,29.93,front,LIDAR_ONLY
0,608.9651,t344,LIDAR_ONLY,27.7127,27.7127,,,,,,,,14.30,1.20,drive,26.70,front,LIDAR_ONLY
0,608.9651,t344,LIDAR_ONLY,29.0293,29.0293,,,,,,,,14.30,1.20,drive,22.64,front,LIDAR_ONLY
0,609.6579,t365,LIDAR_ONLY,20.1594,20.1594,,,,,,,,10.05,1.02,drive,-21.13,front,LIDAR_ONLY
0,610.2698,t384,LIDAR_ONLY,24.5315,24.5315,,,,,,,,9.60,1.15,drive,29.82,front,LIDAR_ONLY
0,610.4493,t392,LIDAR_ONLY,20.9300,20.9300,,,,,,,,12.16,1.21,drive,-24.41,front,LIDAR_ONLY
0,610.5643,t397,LIDAR_ONLY,30.5917,30.5917,,,,,,,,13.49,1.16,drive,26.24,front,LIDAR_ONLY
0,610.6148,t392,LIDAR_ONLY,20.8050,20.8050,,,,,,,,12.46,0.96,drive,-23.32,front,LIDAR_ONLY
0,610.6744,t397,LIDAR_ONLY,28.7437,28.7437,,,,,,,,9.01,1.39,drive,28.73,front,LIDAR_ONLY
0,610.8102,t397,LIDAR_ONLY,28.9608,28.9608,,,,,,,,13.33,1.05,drive,27.78,front,LIDAR_ONLY
0,611.4233,t423,LIDAR_ONLY,31.0103,31.0103,,,,,,,,12.36,1.61,drive,29.93,front,LIDAR_ONLY
0,611.9593,t437,LIDAR_ONLY,22.6142,22.6142,,,,,,,,9.24,1.19,drive,-23.52,front,LIDAR_ONLY
0,612.4620,t453,LIDAR_ONLY,20.5247,20.5247,,,,,,,,15.44,1.06,drive,-25.12,front,LIDAR_ONLY
0,613.4298,t478,LIDAR_ONLY,27.4228,27.4228,,,,,,,,12.62,1.27,drive,29.30,front,LIDAR_ONLY
0,613.6233,t478,LIDAR_ONLY,25.9370,25.9370,,,,,,,,11.50,1.67,drive,28.32,front,LIDAR_ONLY
0,615.1110,t526,LIDAR_ONLY,20.5999,20.5999,,,,,,,,21.66,1.27,drive,-22.81,front,LIDAR_ONLY
0,615.8200,t543,LIDAR_ONLY,28.7414,28.7414,,,,,,,,13.16,1.14,drive,26.54,front,LIDAR_ONLY
0,616.1075,t551,LIDAR_ONLY,19.7791,19.7791,,,,,,,,16.31,0.99,drive,-24.53,front,LIDAR_ONLY
0,616.3546,t557,LIDAR_ONLY,35.1305,35.1305,,,,,,,,9.03,0.92,drive,-6.12,front,LIDAR_ONLY
0,616.8183,t576,LIDAR_ONLY,39.3439,39.3439,,,,,,,,15.96,1.10,drive,26.43,front,LIDAR_ONLY
0,617.0141,t580,LIDAR_ONLY,19.8732,19.8732,,,,,,,,11.37,0.80,drive,-25.01,front,LIDAR_ONLY
0,617.2184,t589,LIDAR_ONLY,26.3072,26.3072,,,,,,,,11.89,1.53,drive,26.63,front,LIDAR_ONLY
0,617.3550,t591,LIDAR_ONLY,19.4442,19.4442,,,,,,,,15.95,0.86,drive,-26.15,front,LIDAR_ONLY
0,618.0235,t613,LIDAR_ONLY,37.2358,37.2358,,,,,,,,18.09,1.50,drive,27.58,front,LIDAR_ONLY
0,618.8619,t638,LIDAR_ONLY,19.7713,19.7713,,,,,,,,16.70,0.85,drive,-28.20,front,LIDAR_ONLY
0,619.0567,t641,LIDAR_ONLY,24.4642,24.4642,,,,,,,,9.29,1.02,drive,27.13,front,LIDAR_ONLY
0,619.1701,t641,LIDAR_ONLY,24.5636,24.5636,,,,,,,,11.50,0.98,drive,27.78,front,LIDAR_ONLY
0,619.1701,t641,LIDAR_ONLY,25.3885,25.3885,,,,,,,,11.50,0.98,drive,23.57,front,LIDAR_ONLY
0,619.4086,t653,LIDAR_ONLY,21.1829,21.1829,,,,,,,,9.88,0.95,drive,-22.18,front,LIDAR_ONLY
0,619.4625,t653,LIDAR_ONLY,21.0490,21.0490,,,,,,,,10.74,0.89,drive,-22.29,front,LIDAR_ONLY
0,621.0734,t696,LIDAR_ONLY,23.1745,23.1745,,,,,,,,19.85,3.40,drive,29.15,front,LIDAR_ONLY
0,622.3618,t726,LIDAR_ONLY,23.1363,23.1363,,,,,,,,14.63,0.99,drive,29.69,front,LIDAR_ONLY
0,622.5598,t726,LIDAR_ONLY,24.7889,24.7889,68.9887,44.1998,44.1998,64.0682,64.0682,0,0,14.30,0.99,drive,24.52,front,LIDAR_ONLY
0,622.9094,t747,LIDAR_ONLY,39.0397,39.0397,,,,,,,,16.74,1.13,drive,-3.67,front,LIDAR_ONLY
0,622.9094,t748,LIDAR_ONLY,20.9577,20.9577,,,,,,,,16.74,1.13,drive,-20.11,front,LIDAR_ONLY
0,623.1734,t756,LIDAR_ONLY,33.3041,33.3041,65.8253,32.5212,32.5212,49.4053,49.4053,0,0,19.87,2.15,drive,27.85,front,LIDAR_ONLY
0,623.6772,t772,LIDAR_ONLY,23.4732,23.4732,,,,,,,,9.76,1.57,drive,27.99,front,LIDAR_ONLY
0,625.3727,t824,LIDAR_ONLY,22.1994,22.1994,,,,,,,,16.39,1.52,drive,27.62,front,LIDAR_ONLY
0,625.5102,t824,LIDAR_ONLY,21.7018,21.7018,,,,,,,,10.55,0.94,drive,29.77,front,LIDAR_ONLY
0,625.5706,t824,LIDAR_ONLY,21.7900,21.7900,58.9956,37.2056,37.2056,63.0651,63.0651,0,0,17.75,1.54,drive,28.79,front,LIDAR_ONLY
0,625.5706,t824,LIDAR_ONLY,22.3316,22.3316,58.9956,36.6640,36.6640,62.1470,62.1470,0,0,17.75,1.54,drive,24.60,front,LIDAR_ONLY
0,625.9150,t835,LIDAR_ONLY,25.5577,25.5577,,,,,,,,13.07,1.02,drive,29.25,front,LIDAR_ONLY
0,625.9150,t837,LIDAR_ONLY,19.4867,19.4867,,,,,,,,13.07,1.02,drive,-24.16,front,LIDAR_ONLY
0,626.3544,t849,LIDAR_ONLY,20.4341,20.4341,,,,,,,,9.43,0.89,drive,-19.99,front,LIDAR_ONLY
0,627.3182,t875,LIDAR_ONLY,25.8212,25.8212,,,,,,,,9.02,1.07,drive,26.57,front,LIDAR_ONLY
0,627.5553,t884,LIDAR_ONLY,42.6585,42.6585,,,,,,,,8.76,0.88,drive,22.94,front,LIDAR_ONLY
0,627.5553,t884,LIDAR_ONLY,35.1441,35.1441,,,,,,,,8.76,0.88,drive,27.07,front,LIDAR_ONLY
0,627.6234,t884,LIDAR_ONLY,33.9268,33.9268,,,,,,,,16.74,1.27,drive,25.61,front,LIDAR_ONLY
0,627.6234,t884,LIDAR_ONLY,31.5310,31.5310,,,,,,,,16.74,1.27,drive,29.68,front,LIDAR_ONLY
0,627.8113,t884,LIDAR_ONLY,30.6831,30.6831,,,,,,,,9.55,1.19,drive,29.15,front,LIDAR_ONLY
0,627.8692,t892,LIDAR_ONLY,18.6258,18.6258,,,,,,,,15.31,1.11,drive,-25.63,front,LIDAR_ONLY
0,627.8692,t884,LIDAR_ONLY,28.6604,28.6604,49.7219,21.0615,21.0615,42.3586,42.3586,0,0,15.31,1.11,drive,26.78,front,LIDAR_ONLY
0,628.3491,t911,LIDAR_ONLY,19.1427,19.1427,,,,,,,,10.07,1.07,drive,-22.62,front,LIDAR_ONLY
0,628.4101,t911,LIDAR_ONLY,19.1549,19.1549,,,,,,,,11.81,1.28,drive,-22.58,front,LIDAR_ONLY
0,629.2042,t947,LIDAR_ONLY,19.9305,19.9305,,,,,,,,10.77,0.98,drive,-25.42,front,LIDAR_ONLY
0,630.6060,t986,LIDAR_ONLY,26.4555,26.4555,,,,,,,,8.87,0.88,drive,24.59,front,LIDAR_ONLY
0,630.6060,t986,LIDAR_ONLY,27.7212,27.7212,,,,,,,,8.87,0.88,drive,20.43,front,LIDAR_ONLY
0,630.6060,t986,LIDAR_ONLY,26.6331,26.6331,,,,,,,,8.87,0.88,drive,28.76,front,LIDAR_ONLY
0,630.6647,t986,LIDAR_ONLY,26.7448,26.7448,,,,,,,,9.52,1.49,drive,24.33,front,LIDAR_ONLY
0,630.6647,t986,LIDAR_ONLY,26.2035,26.2035,,,,,,,,9.52,1.49,drive,28.44,front,LIDAR_ONLY
0,630.7238,t986,LIDAR_ONLY,26.2976,26.2976,,,,,,,,9.40,1.22,drive,25.03,front,LIDAR_ONLY
0,631.8107,t1028,LIDAR_ONLY,37.8418,37.8418,34.5128,3.3290,3.3290,9.6457,9.6457,0,0,10.45,1.05,drive,27.38,front,LIDAR_ONLY
0,632.3727,t1048,LIDAR_ONLY,22.9306,22.9306,,,,,,,,13.31,1.58,drive,28.02,front,LIDAR_ONLY
0,632.3727,t1048,LIDAR_ONLY,23.6124,23.6124,,,,,,,,13.31,1.58,drive,23.92,front,LIDAR_ONLY
0,632.6182,t1056,LIDAR_ONLY,23.8128,23.8128,,,,,,,,13.76,0.80,drive,29.86,front,LIDAR_ONLY
0,632.9213,t1062,LIDAR_ONLY,43.5373,43.5373,30.3002,13.2371,13.2371,43.6863,43.6863,0,0,16.15,2.05,drive,24.35,front,LIDAR_ONLY
0,633.8714,t1092,LIDAR_ONLY,38.0306,38.0306,,,,,,,,15.13,1.06,drive,25.17,front,LIDAR_ONLY
0,633.8714,t1092,LIDAR_ONLY,32.9024,32.9024,,,,,,,,15.13,1.06,drive,29.24,front,LIDAR_ONLY
0,634.8727,cam_0,CAM_ONLY,40.6325,,43.2357,2.6032,,6.0209,,0,,14.25,1.66,safe,5.80,,CAMERA_ONLY
0,635.0589,t1114,LIDAR_ONLY,19.6414,19.6414,,,,,,,,12.55,1.02,drive,-23.03,front,LIDAR_ONLY
0,635.1391,cam_0,CAM_ONLY,40.6152,,42.2251,1.6100,,3.8128,,0,,19.68,3.47,safe,6.33,,CAMERA_ONLY
0,635.4623,t1126,LIDAR_ONLY,22.0804,22.0804,,,,,,,,15.02,1.11,drive,-18.93,front,LIDAR_ONLY
0,635.7220,t1138,LIDAR_ONLY,33.3572,33.3572,19.6861,13.6710,13.6710,69.4449,69.4449,0,0,11.49,1.05,drive,25.06,front,LIDAR_ONLY
0,636.5713,t1162,LIDAR_ONLY,30.0139,30.0139,15.7499,14.2640,14.2640,90.5656,90.5656,0,0,17.95,0.81,drive,28.12,front,LIDAR_ONLY
0,636.6360,cam_1,CAM_ONLY,30.0864,,33.2709,3.1845,,9.5714,,0,,15.94,1.76,warning,11.91,,CAMERA_ONLY
0,636.6971,cam_1,CAM_ONLY,30.8069,,33.0495,2.2425,,6.7854,,0,,13.17,1.22,slowdown,12.08,,CAMERA_ONLY
0,636.7686,cam_1,CAM_ONLY,30.8366,,32.7854,1.9488,,5.9441,,0,,22.57,1.63,slowdown,12.17,,CAMERA_ONLY
0,636.8343,cam_1,CAM_ONLY,31.7514,,32.6124,0.8610,,2.6402,,1,,17.23,1.42,slowdown,12.08,,CAMERA_ONLY
0,637.5640,cam_2,CAM_ONLY,29.7333,,30.3911,0.6578,,2.1644,,1,,16.72,0.87,warning,6.24,,CAMERA_ONLY
0,637.7606,cam_2,CAM_ONLY,28.1479,,29.4988,1.3508,,4.5793,,0,,15.04,0.98,warning,7.74,,CAMERA_ONLY
0,637.7606,t1194,LIDAR_ONLY,14.6962,14.6962,11.7939,2.9023,2.9023,24.6082,24.6082,0,0,15.04,0.98,cautious,21.91,front,LIDAR_ONLY
0,637.9428,cam_2,CAM_ONLY,29.2875,,28.7669,0.5206,,1.8098,,1,,11.82,0.97,warning,8.88,,CAMERA_ONLY
0,638.0116,cam_2,CAM_ONLY,28.5668,,28.4671,0.0997,,0.3502,,1,,13.11,1.20,warning,9.19,,CAMERA_ONLY
0,638.0742,cam_2,CAM_ONLY,28.4803,,28.2441,0.2362,,0.8364,,1,,14.13,1.74,warning,9.27,,CAMERA_ONLY
0,638.1309,cam_2,CAM_ONLY,28.1775,,28.0379,0.1397,,0.4981,,1,,10.35,1.13,warning,9.36,,CAMERA_ONLY
0,638.6138,t1225,BOTH,27.3997,29.1497,26.4218,0.9779,2.7279,3.7012,10.3246,1,0,22.01,1.20,warning,10.23,,FULL_ANGLE
0,638.6138,t1226,LIDAR_ONLY,37.5574,37.5574,8.6669,28.8906,28.8906,333.3448,333.3448,0,0,22.01,1.20,drive,22.21,front,LIDAR_ONLY
0,638.6138,t1226,LIDAR_ONLY,33.6728,33.6728,8.6669,25.0060,25.0060,288.5236,288.5236,0,0,22.01,1.20,drive,26.28,front,LIDAR_ONLY
0,638.6138,t1226,LIDAR_ONLY,26.8665,26.8665,8.6669,18.1996,18.1996,209.9906,209.9906,0,0,22.01,1.20,drive,26.28,front,LIDAR_ONLY
0,638.6826,cam_3,CAM_ONLY,27.9695,,26.2011,1.7685,,6.7496,,0,,13.39,1.95,warning,10.45,,CAMERA_ONLY
0,638.7450,cam_3,CAM_ONLY,27.8429,,26.0168,1.8260,,7.0187,,0,,20.44,0.91,warning,10.45,,CAMERA_ONLY
0,638.8702,t1234,LIDAR_ONLY,28.2698,28.2698,28.0376,0.2322,0.2322,0.8282,0.8282,1,1,12.18,1.02,drive,2.49,front,LIDAR_ONLY
0,639.0220,t1234,LIDAR_ONLY,28.0194,28.0194,27.6171,0.4023,0.4023,1.4567,1.4567,1,1,26.95,1.12,drive,1.91,front,LIDAR_ONLY
0,639.1729,t1241,LIDAR_ONLY,29.0644,29.0644,7.2927,21.7717,21.7717,298.5393,298.5393,0,0,12.61,1.23,drive,23.73,front,LIDAR_ONLY
0,639.3886,cam_4,CAM_ONLY,26.4768,,24.1878,2.2890,,9.4635,,0,,11.82,1.53,warning,5.09,,CAMERA_ONLY
0,639.5047,t1248,LIDAR_ONLY,26.1676,26.1676,25.8507,0.3169,0.3169,1.2257,1.2257,1,1,10.60,0.81,drive,-3.17,front,LIDAR_ONLY
0,639.5709,cam_4,CAM_ONLY,25.8782,,23.4905,2.3877,,10.1647,,0,,14.45,1.12,warning,6.51,,CAMERA_ONLY
0,639.5709,t1252,LIDAR_ONLY,38.6818,38.6818,5.9209,32.7609,32.7609,553.3104,553.3104,0,0,14.45,1.12,drive,17.71,front,LIDAR_ONLY
0,639.5709,t1252,LIDAR_ONLY,24.8324,24.8324,5.9209,18.9115,18.9115,319.4028,319.4028,0,0,14.45,1.12,drive,26.16,front,LIDAR_ONLY
0,639.6300,t1252,LIDAR_ONLY,24.9401,24.9401,5.6245,19.3156,19.3156,343.4173,343.4173,0,0,9.85,1.85,drive,25.74,front,LIDAR_ONLY
0,639.7590,cam_4,CAM_ONLY,26.2915,,22.7362,3.5554,,15.6375,,0,,14.26,1.07,warning,7.70,,CAMERA_ONLY
0,639.8228,cam_4,CAM_ONLY,25.5935,,22.4523,3.1412,,13.9904,,0,,19.93,1.61,warning,8.00,,CAMERA_ONLY
0,640.0150,t1267,LIDAR_ONLY,23.7553,23.7553,4.1063,19.6490,19.6490,478.5055,478.5055,0,0,22.01,3.10,drive,29.54,front,LIDAR_ONLY
0,640.0150,t1269,LIDAR_ONLY,24.2112,24.2112,24.0079,0.2033,0.2033,0.8466,0.8466,1,1,22.01,3.10,drive,1.19,front,LIDAR_ONLY
0,640.2691,t1275,LIDAR_ONLY,24.3621,24.3621,,,,,,,,17.74,1.44,drive,29.79,front,LIDAR_ONLY
0,640.2691,t1277,LIDAR_ONLY,23.3407,23.3407,23.1405,0.2002,0.2002,0.8652,0.8652,1,1,17.74,1.44,drive,0.75,front,LIDAR_ONLY
0,640.2691,t1275,LIDAR_ONLY,24.9599,24.9599,,,,,,,,17.74,1.44,drive,25.64,front,LIDAR_ONLY
0,640.4564,t1280,LIDAR_ONLY,39.0278,39.0278,,,,,,,,9.66,0.95,drive,-11.78,front,LIDAR_ONLY
0,640.4564,t1275,LIDAR_ONLY,25.2540,25.2540,22.1411,3.1129,3.1129,14.0592,14.0592,0,0,9.66,0.95,drive,29.44,front,LIDAR_ONLY
0,640.4564,t1275,LIDAR_ONLY,26.2140,26.2140,22.1411,4.0728,4.0728,18.3949,18.3949,0,0,9.66,0.95,drive,21.19,front,LIDAR_ONLY
0,640.6672,t1275,LIDAR_ONLY,26.7979,26.7979,,,,,,,,14.82,0.88,drive,28.37,front,LIDAR_ONLY
0,640.9250,t1297,LIDAR_ONLY,30.2334,30.2334,,,,,,,,9.56,1.32,drive,26.01,front,LIDAR_ONLY
0,640.9250,t1298,LIDAR_ONLY,21.0393,21.0393,20.8165,0.2228,0.2228,1.0704,1.0704,1,1,9.56,1.32,drive,0.95,front,LIDAR_ONLY
0,641.0527,cam_5,CAM_ONLY,30.9191,,33.2998,2.3807,,7.1493,,0,,14.51,0.83,slowdown,-3.09,,CAMERA_ONLY
0,641.3142,t1306,LIDAR_ONLY,24.5937,24.5937,,,,,,,,16.40,0.97,drive,27.88,front,LIDAR_ONLY
0,641.3142,t1308,LIDAR_ONLY,19.5340,19.5340,19.3578,0.1762,0.1762,0.9101,0.9101,1,1,16.40,0.97,drive,-1.22,front,LIDAR_ONLY
0,641.3142,t1309,LIDAR_ONLY,20.7127,20.7127,,,,,,,,16.40,0.97,drive,-26.16,front,LIDAR_ONLY
0,641.3781,cam_5,CAM_ONLY,32.7187,,19.0714,13.6472,,71.5584,,0,,14.03,1.76,slowdown,-1.88,,CAMERA_ONLY
0,641.4475,cam_5,CAM_ONLY,29.9371,,31.4724,1.5353,,4.8782,,0,,15.59,0.87,warning,-8.18,,CAMERA_ONLY
0,641.5155,cam_5,CAM_ONLY,32.5724,,18.3803,14.1922,,77.2142,,0,,11.62,0.92,slowdown,-5.05,,CAMERA_ONLY
0,641.5155,t1306,LIDAR_ONLY,24.6406,24.6406,,,,,,,,11.62,0.92,drive,23.47,front,LIDAR_ONLY
0,641.5155,t1308,LIDAR_ONLY,19.1566,19.1566,18.3803,0.7764,0.7764,4.2239,4.2239,1,1,11.62,0.92,drive,-4.94,front,LIDAR_ONLY
0,641.5725,t1308,BOTH,30.7044,18.9362,18.0954,12.6090,0.8408,69.6806,4.6465,0,1,11.11,1.22,warning,-6.51,,FULL_ANGLE
0,641.5725,t1306,LIDAR_ONLY,23.3196,23.3196,,,,,,,,11.11,1.22,drive,28.57,front,LIDAR_ONLY
0,641.6312,cam_5,CAM_ONLY,30.5470,,17.7816,12.7654,,71.7899,,0,,10.24,1.08,warning,-8.05,,CAMERA_ONLY
0,641.6984,cam_5,CAM_ONLY,30.8604,,17.4848,13.3756,,76.4985,,0,,18.08,0.90,warning,-9.93,,CAMERA_ONLY
0,641.7701,t1308,BOTH,17.3252,18.5555,15.5015,1.8238,3.0540,11.7651,19.7013,0,0,17.84,1.26,stop,0.31,,FULL_ANGLE
0,641.7701,t1306,LIDAR_ONLY,22.7112,22.7112,,,,,,,,17.84,1.26,drive,22.54,front,LIDAR_ONLY
0,641.7701,t1306,LIDAR_ONLY,21.8771,21.8771,,,,,,,,17.84,1.26,drive,26.71,front,LIDAR_ONLY
0,641.8454,cam_5,CAM_ONLY,29.4117,,16.6803,12.7314,,76.3260,,0,,23.44,1.25,warning,-12.85,,CAMERA_ONLY
0,641.9139,t1320,LIDAR_ONLY,33.9522,33.9522,70.8785,36.9263,36.9263,52.0981,52.0981,0,0,19.11,1.10,drive,-28.54,front,LIDAR_ONLY
0,641.9139,t1308,LIDAR_ONLY,18.3261,18.3261,16.4166,1.9096,1.9096,11.6319,11.6319,0,0,19.11,1.10,drive,-16.08,front,LIDAR_ONLY
0,642.0533,t1308,LIDAR_ONLY,17.6602,17.6602,15.8627,1.7975,1.7975,11.3316,11.3316,0,0,20.15,1.04,cautious,-16.25,front,LIDAR_ONLY
0,642.1148,t1308,LIDAR_ONLY,17.2173,17.2173,15.7390,1.4783,1.4783,9.3929,9.3929,0,0,18.49,0.96,cautious,-14.29,front,LIDAR_ONLY
0,642.1148,t1330,LIDAR_ONLY,26.1154,26.1154,,,,,,,,18.49,0.96,drive,14.39,front,LIDAR_ONLY
0,642.1148,t1331,LIDAR_ONLY,14.6404,14.6404,14.2393,0.4011,0.4011,2.8171,2.8171,1,1,18.49,0.96,cautious,-2.00,front,LIDAR_ONLY
0,642.3178,t1330,LIDAR_ONLY,25.5898,25.5898,,,,,,,,14.76,1.33,drive,18.36,front,LIDAR_ONLY
0,642.3178,t1330,LIDAR_ONLY,24.3613,24.3613,,,,,,,,14.76,1.33,drive,22.41,front,LIDAR_ONLY
0,642.3178,t1330,LIDAR_ONLY,22.7640,22.7640,,,,,,,,14.76,1.33,drive,26.46,front,LIDAR_ONLY
0,642.3178,t1308,LIDAR_ONLY,16.7174,16.7174,15.2877,1.4297,1.4297,9.3519,9.3519,0,0,14.76,1.33,cautious,-9.97,front,LIDAR_ONLY
0,642.4635,t1330,LIDAR_ONLY,23.0584,23.0584,15.6022,7.4562,7.4562,47.7891,47.7891,0,0,15.13,0.89,drive,18.45,front,LIDAR_ONLY
0,642.4635,t1308,LIDAR_ONLY,16.2456,16.2456,14.9334,1.3122,1.3122,8.7868,8.7868,0,0,15.13,0.89,cautious,-9.93,front,LIDAR_ONLY
0,642.6625,t1330,LIDAR_ONLY,23.1840,23.1840,,,,,,,,20.75,2.24,drive,23.11,front,LIDAR_ONLY
0,642.6625,t1308,LIDAR_ONLY,15.8283,15.8283,14.4163,1.4120,1.4120,9.7946,9.7946,0,0,20.75,2.24,cautious,-10.02,front,LIDAR_ONLY
0,642.6625,t1308,LIDAR_ONLY,15.4091,15.4091,14.4163,0.9929,0.9929,6.8870,6.8870,1,1,20.75,2.24,cautious,-5.88,front,LIDAR_ONLY
0,642.6625,t1344,LIDAR_ONLY,12.9871,12.9871,12.4857,0.5014,0.5014,4.0160,4.0160,1,1,20.75,2.24,cautious,6.54,front,LIDAR_ONLY
0,642.8596,cam_6,CAM_ONLY,24.7633,,13.8802,10.8831,,78.4070,,0,,15.75,0.90,warning,-6.51,,CAMERA_ONLY
0,643.0237,cam_6,CAM_ONLY,23.7044,,13.4396,10.2649,,76.3779,,0,,29.22,1.47,warning,-5.67,,CAMERA_ONLY
0,643.0237,t1349,LIDAR_ONLY,25.3372,25.3372,13.5706,11.7666,11.7666,86.7065,86.7065,0,0,29.22,1.47,drive,24.98,front,LIDAR_ONLY
0,643.0237,t1352,LIDAR_ONLY,13.7949,13.7949,13.4396,0.3553,0.3553,2.6437,2.6437,1,1,29.22,1.47,cautious,-7.53,front,LIDAR_ONLY
0,643.1562,cam_6,CAM_ONLY,23.1329,,13.0883,10.0447,,76.7455,,0,,14.90,1.00,warning,-4.87,,CAMERA_ONLY
0,643.2180,cam_6,CAM_ONLY,23.0939,,12.9435,10.1504,,78.4212,,0,,17.54,1.22,warning,-4.60,,CAMERA_ONLY
0,643.2180,t1352,LIDAR_ONLY,13.4340,13.4340,12.9435,0.4906,0.4906,3.7900,3.7900,1,1,17.54,1.22,cautious,-4.76,front,LIDAR_ONLY
0,643.2180,t1358,LIDAR_ONLY,11.3526,11.3526,10.8021,0.5504,0.5504,5.0956,5.0956,1,1,17.54,1.22,slow,12.11,front,LIDAR_ONLY
0,643.2822,cam_6,CAM_ONLY,20.8860,,12.7763,8.1097,,63.4742,,0,,15.82,1.90,warning,-4.33,,CAMERA_ONLY
0,643.3399,cam_6,CAM_ONLY,20.5802,,12.6234,7.9567,,63.0315,,0,,11.80,0.95,warning,-4.16,,CAMERA_ONLY
0,643.4194,cam_6,CAM_ONLY,22.3422,,12.4040,9.9382,,80.1215,,0,,26.22,1.66,warning,-4.16,,CAMERA_ONLY
0,643.4194,t1365,LIDAR_ONLY,22.5555,22.5555,,,,,,,,26.22,1.66,drive,29.57,front,LIDAR_ONLY
0,643.4736,cam_6,CAM_ONLY,20.0254,,12.2687,7.7567,,63.2240,,0,,11.54,1.61,warning,-4.29,,CAMERA_ONLY
0,643.5344,cam_6,CAM_ONLY,21.4640,,12.1437,9.3203,,76.7496,,0,,13.55,1.45,warning,-4.60,,CAMERA_ONLY
0,643.5988,cam_6,CAM_ONLY,21.4513,,11.9765,9.4747,,79.1109,,0,,10.60,1.17,warning,-4.87,,CAMERA_ONLY
0,643.6583,cam_6,CAM_ONLY,21.2458,,11.8396,9.4061,,79.4458,,0,,12.98,1.04,warning,-5.09,,CAMERA_ONLY
0,643.6583,t1371,LIDAR_ONLY,26.2823,26.2823,,,,,,,,12.98,1.04,drive,24.79,front,LIDAR_ONLY
0,643.6583,t1371,LIDAR_ONLY,24.0747,24.0747,,,,,,,,12.98,1.04,drive,28.89,front,LIDAR_ONLY
0,643.6583,t1372,LIDAR_ONLY,12.1518,12.1518,11.8396,0.3122,0.3122,2.6369,2.6369,1,1,12.98,1.04,cautious,-8.00,front,LIDAR_ONLY
0,643.6583,t1372,LIDAR_ONLY,12.0986,12.0986,11.8396,0.2589,0.2589,2.1870,2.1870,1,1,12.98,1.04,cautious,-3.90,front,LIDAR_ONLY
0,643.6583,t1373,LIDAR_ONLY,10.2728,10.2728,9.7284,0.5443,0.5443,5.5954,5.5954,1,1,12.98,1.04,slow,12.50,front,LIDAR_ONLY
0,643.7447,cam_6,CAM_ONLY,20.9576,,11.6477,9.3099,,79.9284,,0,,28.57,1.28,warning,-5.80,,CAMERA_ONLY
0,643.8045,cam_6,CAM_ONLY,20.8185,,11.5268,9.2917,,80.6099,,0,,12.50,1.08,warning,-6.37,,CAMERA_ONLY
0,643.8045,t1372,LIDAR_ONLY,12.0135,12.0135,11.5268,0.4867,0.4867,4.2223,4.2223,1,1,12.50,1.08,cautious,-8.27,front,LIDAR_ONLY
0,643.8045,t1372,LIDAR_ONLY,11.9641,11.9641,11.5268,0.4373,0.4373,3.7941,3.7941,1,1,12.50,1.08,cautious,-4.20,front,LIDAR_ONLY
0,643.8045,t1376,LIDAR_ONLY,21.1217,21.1217,,,,,,,,12.50,1.08,drive,-28.61,front,LIDAR_ONLY
0,643.8683,t1371,LIDAR_ONLY,24.0743,24.0743,11.6466,12.4277,12.4277,106.7067,106.7067,0,0,14.72,1.15,drive,25.51,front,LIDAR_ONLY
0,643.8683,t1372,LIDAR_ONLY,11.9255,11.9255,11.4052,0.5203,0.5203,4.5619,4.5619,1,1,14.72,1.15,cautious,-6.77,front,LIDAR_ONLY
0,643.9413,cam_6,CAM_ONLY,20.4863,,11.2464,9.2399,,82.1593,,0,,19.64,1.60,warning,-7.83,,CAMERA_ONLY
0,644.0128,cam_6,CAM_ONLY,20.4621,,11.1058,9.3563,,84.2472,,0,,23.72,2.39,warning,-8.22,,CAMERA_ONLY
0,644.0128,t1376,LIDAR_ONLY,22.4996,22.4996,,,,,,,,23.72,2.39,drive,-24.36,front,LIDAR_ONLY
0,644.0128,t1372,LIDAR_ONLY,11.8024,11.8024,11.1058,0.6966,0.6966,6.2727,6.2727,1,1,23.72,2.39,cautious,-12.27,front,LIDAR_ONLY
0,644.0128,t1371,LIDAR_ONLY,24.0884,24.0884,,,,,,,,23.72,2.39,drive,24.01,front,LIDAR_ONLY
0,644.0128,t1371,LIDAR_ONLY,23.3897,23.3897,,,,,,,,23.72,2.39,drive,28.05,front,LIDAR_ONLY
0,644.0128,t1372,LIDAR_ONLY,11.6675,11.6675,11.1058,0.5617,0.5617,5.0577,5.0577,1,1,23.72,2.39,cautious,-8.24,front,LIDAR_ONLY
0,644.0869,t1371,LIDAR_ONLY,23.4756,23.4756,11.4353,12.0403,12.0403,105.2900,105.2900,0,0,18.27,2.47,drive,20.10,front,LIDAR_ONLY
0,644.0869,t1371,LIDAR_ONLY,23.6261,23.6261,11.4353,12.1908,12.1908,106.6062,106.6062,0,0,18.27,2.47,drive,24.26,front,LIDAR_ONLY
0,644.0869,t1371,LIDAR_ONLY,22.9568,22.9568,11.4353,11.5214,11.5214,100.7527,100.7527,0,0,18.27,2.47,drive,28.41,front,LIDAR_ONLY
0,644.0869,t1371,LIDAR_ONLY,21.0335,21.0335,11.4353,9.5982,9.5982,83.9343,83.9343,0,0,18.27,2.47,drive,24.26,front,LIDAR_ONLY
0,644.1470,cam_6,CAM_ONLY,19.5272,,10.9753,8.5519,,77.9189,,0,,12.83,0.97,warning,-9.67,,CAMERA_ONLY
0,644.2248,cam_6,CAM_ONLY,19.4924,,10.9658,8.5266,,77.7561,,0,,22.92,4.34,warning,-9.75,,CAMERA_ONLY
0,644.6115,cam_7,CAM_ONLY,19.8115,,10.9037,8.9078,,81.6946,,0,,11.25,1.18,warning,-9.58,,CAMERA_ONLY
0,644.6115,t1399,LIDAR_ONLY,48.8244,48.8244,8.9650,39.8594,39.8594,444.6120,444.6120,0,0,11.25,1.18,drive,5.16,front,LIDAR_ONLY
0,644.6115,t1401,LIDAR_ONLY,26.4064,26.4064,,,,,,,,11.25,1.18,drive,21.56,front,LIDAR_ONLY
0,644.6115,t1401,LIDAR_ONLY,24.7070,24.7070,,,,,,,,11.25,1.18,drive,25.66,front,LIDAR_ONLY
0,644.6115,t1401,LIDAR_ONLY,22.8316,22.8316,,,,,,,,11.25,1.18,drive,29.76,front,LIDAR_ONLY
0,644.6115,t1403,LIDAR_ONLY,11.3071,11.3071,10.9037,0.4034,0.4034,3.6993,3.6993,1,1,11.25,1.18,cautious,-11.23,front,LIDAR_ONLY
0,644.6115,t1403,LIDAR_ONLY,11.2673,11.2673,10.9037,0.3636,0.3636,3.3346,3.3346,1,1,11.25,1.18,cautious,-7.13,front,LIDAR_ONLY
0,644.6115,t1399,LIDAR_ONLY,24.2388,24.2388,8.9650,15.2738,15.2738,170.3718,170.3718,0,0,11.25,1.18,drive,9.26,front,LIDAR_ONLY
0,644.6691,cam_7,CAM_ONLY,19.7439,,10.8784,8.8655,,81.4959,,0,,14.92,1.28,warning,-9.53,,CAMERA_ONLY
0,644.6691,t1401,LIDAR_ONLY,22.1096,22.1096,11.2906,10.8190,10.8190,95.8237,95.8237,0,0,14.92,1.28,drive,29.01,front,LIDAR_ONLY
0,644.6691,t1403,LIDAR_ONLY,11.2694,11.2694,10.8784,0.3910,0.3910,3.5942,3.5942,1,1,14.92,1.28,cautious,-11.58,front,LIDAR_ONLY
0,644.6691,t1403,LIDAR_ONLY,11.2512,11.2512,10.8784,0.3727,0.3727,3.4261,3.4261,1,1,14.92,1.28,cautious,-7.52,front,LIDAR_ONLY
0,644.6691,t1401,LIDAR_ONLY,22.1611,22.1611,11.2906,10.8706,10.8706,96.2800,96.2800,0,0,14.92,1.28,drive,24.95,front,LIDAR_ONLY
0,644.9344,cam_7,CAM_ONLY,18.1608,,10.8581,7.3027,,67.2555,,0,,11.68,1.00,warning,-9.67,,CAMERA_ONLY
0,644.9950,cam_7,CAM_ONLY,18.2413,,10.8525,7.3888,,68.0840,,0,,12.51,1.40,warning,-9.62,,CAMERA_ONLY
0,645.0562,t1413,BOTH,18.2263,11.1780,10.8525,7.3738,0.3255,67.9455,2.9994,0,1,15.82,1.92,warning,-9.62,,FULL_ANGLE
0,645.0562,t1412,LIDAR_ONLY,23.9709,23.9709,11.2512,12.7198,12.7198,113.0529,113.0529,0,0,15.82,1.92,drive,24.15,front,LIDAR_ONLY
0,645.0562,t1413,LIDAR_ONLY,11.2106,11.2106,10.8525,0.3580,0.3580,3.2992,3.2992,1,1,15.82,1.92,cautious,-13.42,front,LIDAR_ONLY
0,645.0562,t1413,LIDAR_ONLY,11.3411,11.3411,10.8525,0.4886,0.4886,4.5021,4.5021,1,1,15.82,1.92,cautious,-5.07,front,LIDAR_ONLY
0,645.2164,t1412,LIDAR_ONLY,23.8277,23.8277,,,,,,,,21.65,1.24,drive,24.46,front,LIDAR_ONLY
0,645.2164,t1412,LIDAR_ONLY,22.5468,22.5468,,,,,,,,21.65,1.24,drive,28.55,front,LIDAR_ONLY
0,645.2164,t1413,LIDAR_ONLY,11.3926,11.3926,10.8519,0.5406,0.5406,4.9821,4.9821,1,1,21.65,1.24,cautious,-12.36,front,LIDAR_ONLY
0,645.2164,t1413,LIDAR_ONLY,11.4003,11.4003,10.8519,0.5484,0.5484,5.0536,5.0536,1,1,21.65,1.24,cautious,-8.26,front,LIDAR_ONLY
0,645.2164,t1422,LIDAR_ONLY,9.9707,9.9707,8.9009,1.0698,1.0698,12.0194,12.0194,0,0,21.65,1.24,cautious,8.10,front,LIDAR_ONLY
0,645.4085,t1413,BOTH,18.2147,11.3680,23.4512,5.2365,12.0832,22.3294,51.5248,0,0,16.41,0.97,warning,-9.53,,FULL_ANGLE
0,645.4085,t1413,LIDAR_ONLY,11.3553,11.3553,23.4512,12.0959,12.0959,51.5789,51.5789,0,0,16.41,0.97,cautious,-13.12,front,LIDAR_ONLY
0,645.7250,t1437,LIDAR_ONLY,21.7307,21.7307,11.1611,10.5695,10.5695,94.6995,94.6995,0,0,16.00,1.62,drive,27.09,front,LIDAR_ONLY
0,645.7250,t1438,LIDAR_ONLY,9.3772,9.3772,8.8239,0.5532,0.5532,6.2696,6.2696,1,1,16.00,1.62,slow,10.50,front,LIDAR_ONLY
0,645.7250,t1437,LIDAR_ONLY,17.0141,17.0141,11.1611,5.8529,5.8529,52.4402,52.4402,0,0,16.00,1.62,drive,22.94,front,LIDAR_ONLY
0,645.7803,cam_8,CAM_ONLY,18.2210,,10.7770,7.4440,,69.0727,,0,,11.86,1.67,warning,-9.06,,CAMERA_ONLY
0,645.7803,t1437,LIDAR_ONLY,17.6628,17.6628,,,,,,,,11.86,1.67,drive,24.95,front,LIDAR_ONLY
0,645.7803,t1437,LIDAR_ONLY,18.2071,18.2071,,,,,,,,11.86,1.67,drive,29.03,front,LIDAR_ONLY
0,645.8499,cam_8,CAM_ONLY,18.1247,,10.7771,7.3476,,68.1782,,0,,18.01,1.07,warning,-9.06,,CAMERA_ONLY
0,645.9177,t1440,BOTH,18.1387,11.0741,23.4103,5.2716,12.3361,22.5183,52.6953,0,0,13.00,1.17,warning,-9.06,,FULL_ANGLE
0,645.9177,t1437,LIDAR_ONLY,18.8688,18.8688,,,,,,,,13.00,1.17,drive,24.22,front,LIDAR_ONLY
0,645.9177,t1437,LIDAR_ONLY,19.3005,19.3005,,,,,,,,13.00,1.17,drive,28.35,front,LIDAR_ONLY
0,645.9177,t1438,LIDAR_ONLY,12.7999,12.7999,11.1458,1.6541,1.6541,14.8403,14.8403,0,0,13.00,1.17,slow,15.95,front,LIDAR_ONLY
0,645.9177,t1440,LIDAR_ONLY,11.0997,11.0997,23.4103,12.3105,12.3105,52.5861,52.5861,0,0,13.00,1.17,cautious,-12.99,front,LIDAR_ONLY
0,645.9177,t1438,LIDAR_ONLY,14.2772,14.2772,11.1458,3.1314,3.1314,28.0947,28.0947,0,0,13.00,1.17,slow,20.08,front,LIDAR_ONLY
0,645.9819,cam_8,CAM_ONLY,18.1382,,10.7771,7.3611,,68.3030,,0,,10.30,1.83,warning,-9.06,,CAMERA_ONLY
0,646.0488,cam_8,CAM_ONLY,18.1390,,10.7771,7.3620,,68.3113,,0,,20.83,1.15,warning,-9.10,,CAMERA_ONLY
0,646.1067,cam_8,CAM_ONLY,18.2024,,10.7771,7.4253,,68.8993,,0,,10.92,1.11,warning,-9.10,,CAMERA_ONLY
0,646.1674,cam_8,CAM_ONLY,18.1962,,10.7770,7.4191,,68.8418,,0,,11.46,1.37,warning,-9.01,,CAMERA_ONLY
0,646.1674,t1445,LIDAR_ONLY,22.8054,22.8054,11.1457,11.6597,11.6597,104.6114,104.6114,0,0,11.46,1.37,drive,25.76,front,LIDAR_ONLY
0,646.2248,cam_8,CAM_ONLY,18.1991,,10.7770,7.4220,,68.8689,,0,,12.40,1.43,warning,-9.06,,CAMERA_ONLY
0,646.2248,t1445,LIDAR_ONLY,21.2129,21.2129,11.1457,10.0672,10.0672,90.3231,90.3231,0,0,12.40,1.43,drive,29.62,front,LIDAR_ONLY
0,646.2248,t1446,LIDAR_ONLY,33.6525,33.6525,8.8106,24.8419,24.8419,281.9555,281.9555,0,0,12.40,1.43,drive,17.12,front,LIDAR_ONLY
0,646.2248,t1445,LIDAR_ONLY,21.4135,21.4135,11.1457,10.2677,10.2677,92.1225,92.1225,0,0,12.40,1.43,drive,25.45,front,LIDAR_ONLY
0,646.2248,t1446,LIDAR_ONLY,19.8139,19.8139,8.8106,11.0033,11.0033,124.8875,124.8875,0,0,12.40,1.43,drive,8.80,front,LIDAR_ONLY
0,646.2923,cam_8,CAM_ONLY,18.1710,,10.7770,7.3940,,68.6084,,0,,13.80,1.04,warning,-9.06,,CAMERA_ONLY
0,646.3542,cam_8,CAM_ONLY,18.1810,,10.7770,7.4039,,68.7007,,0,,16.72,1.05,warning,-9.01,,CAMERA_ONLY
0,646.4235,cam_8,CAM_ONLY,18.1875,,10.7770,7.4105,,68.7618,,0,,15.18,3.68,warning,-9.01,,CAMERA_ONLY
0,646.4235,t1445,LIDAR_ONLY,21.8871,21.8871,11.1457,10.7414,10.7414,96.3720,96.3720,0,0,15.18,3.68,drive,21.41,front,LIDAR_ONLY
0,646.4235,t1445,LIDAR_ONLY,21.1575,21.1575,11.1457,10.0118,10.0118,89.8265,89.8265,0,0,15.18,3.68,drive,25.55,front,LIDAR_ONLY
0,646.5001,cam_8,CAM_ONLY,18.1857,,10.7770,7.4087,,68.7449,,0,,21.12,1.08,warning,-9.01,,CAMERA_ONLY
0,646.5677,t1457,BOTH,18.2161,11.1009,10.7770,7.4390,0.3238,69.0265,3.0046,0,1,20.47,1.07,warning,-9.01,,FULL_ANGLE
0,646.5677,t1445,LIDAR_ONLY,20.6260,20.6260,11.1457,9.4803,9.4803,85.0576,85.0576,0,0,20.47,1.07,drive,29.29,front,LIDAR_ONLY
0,646.5677,t1457,LIDAR_ONLY,11.1941,11.1941,10.7770,0.4171,0.4171,3.8702,3.8702,1,1,20.47,1.07,cautious,-11.28,front,LIDAR_ONLY
0,646.5677,t1445,LIDAR_ONLY,20.7894,20.7894,11.1457,9.6437,9.6437,86.5237,86.5237,0,0,20.47,1.07,drive,25.24,front,LIDAR_ONLY
0,646.5677,t1458,LIDAR_ONLY,9.4997,9.4997,8.8106,0.6891,0.6891,7.8215,7.8215,1,1,20.47,1.07,slow,9.01,front,LIDAR_ONLY
0,646.6381,cam_8,CAM_ONLY,18.2282,,10.7770,7.4512,,69.1393,,0,,20.68,1.05,warning,-9.01,,CAMERA_ONLY
0,646.6998,cam_8,CAM_ONLY,18.2079,,10.7770,7.4308,,68.9504,,0,,11.91,0.98,warning,-9.06,,CAMERA_ONLY
0,646.7650,t1457,BOTH,18.2144,11.1043,10.7770,7.4373,0.3272,69.0106,3.0362,0,1,13.93,1.04,warning,-9.01,,FULL_ANGLE
0,646.7650,t1458,LIDAR_ONLY,15.3747,15.3747,8.8106,6.5641,6.5641,74.5030,74.5030,0,0,13.93,1.04,slow,5.61,front,LIDAR_ONLY
0,646.7650,t1457,LIDAR_ONLY,11.0860,11.0860,10.7770,0.3089,0.3089,2.8666,2.8666,1,1,13.93,1.04,cautious,-6.45,front,LIDAR_ONLY
0,646.8360,cam_8,CAM_ONLY,18.2102,,10.7770,7.4332,,68.9721,,0,,14.50,1.38,warning,-9.01,,CAMERA_ONLY
0,646.8899,cam_8,CAM_ONLY,18.2117,,10.7770,7.4347,,68.9860,,0,,12.52,1.39,warning,-9.01,,CAMERA_ONLY
0,646.9585,cam_8,CAM_ONLY,18.2239,,10.7770,7.4469,,69.0995,,0,,14.95,1.23,warning,-9.01,,CAMERA_ONLY
0,647.0244,cam_8,CAM_ONLY,18.2465,,10.7770,7.4694,,69.3087,,0,,12.03,1.60,warning,-9.01,,CAMERA_ONLY
0,647.0813,cam_8,CAM_ONLY,18.2225,,10.7770,7.4454,,69.0861,,0,,11.18,1.17,warning,-9.01,,CAMERA_ONLY
0,647.1358,cam_8,CAM_ONLY,18.2114,,10.7770,7.4343,,68.9831,,0,,10.95,0.94,warning,-9.01,,CAMERA_ONLY
0,647.1913,cam_8,CAM_ONLY,18.2234,,10.7770,7.4463,,69.0945,,0,,9.96,1.14,warning,-9.06,,CAMERA_ONLY
0,647.2561,cam_8,CAM_ONLY,18.2106,,10.7770,7.4335,,68.9753,,0,,15.86,1.16,warning,-9.06,,CAMERA_ONLY
0,647.3297,cam_8,CAM_ONLY,18.2328,,10.7770,7.4557,,69.1815,,0,,22.08,1.53,warning,-9.01,,CAMERA_ONLY
0,647.3297,t1481,LIDAR_ONLY,21.1544,21.1544,11.1457,10.0087,10.0087,89.7983,89.7983,0,0,22.08,1.53,drive,27.93,front,LIDAR_ONLY
0,647.3297,t1481,LIDAR_ONLY,22.0797,22.0797,11.1457,10.9339,10.9339,98.0996,98.0996,0,0,22.08,1.53,drive,19.60,front,LIDAR_ONLY
0,647.3297,t1481,LIDAR_ONLY,20.3164,20.3164,11.1457,9.1706,9.1706,82.2793,82.2793,0,0,22.08,1.53,drive,19.60,front,LIDAR_ONLY
0,647.3930,cam_8,CAM_ONLY,18.2384,,10.7770,7.4613,,69.2336,,0,,11.37,0.88,warning,-9.06,,CAMERA_ONLY
0,647.4654,t1485,BOTH,18.2046,11.1465,10.7770,7.4275,0.3695,68.9197,3.4285,0,1,19.62,1.43,warning,-9.06,,FULL_ANGLE
0,647.4654,t1485,LIDAR_ONLY,11.1010,11.1010,10.7770,0.3240,0.3240,3.0063,3.0063,1,1,19.62,1.43,cautious,-6.05,front,LIDAR_ONLY
0,647.4654,t1481,LIDAR_ONLY,20.9940,20.9940,8.8106,12.1835,12.1835,138.2825,138.2825,0,0,19.62,1.43,drive,18.22,front,LIDAR_ONLY
0,647.4654,t1481,LIDAR_ONLY,19.2113,19.2113,8.8106,10.4008,10.4008,118.0487,118.0487,0,0,19.62,1.43,drive,10.13,front,LIDAR_ONLY
0,647.5207,t1485,BOTH,18.2070,11.1041,10.7770,7.4300,0.3271,68.9426,3.0350,0,1,11.26,1.12,warning,-9.06,,FULL_ANGLE
0,647.5207,t1486,LIDAR_ONLY,23.1586,23.1586,,,,,,,,11.26,1.12,drive,25.34,front,LIDAR_ONLY
0,647.5207,t1485,LIDAR_ONLY,11.1075,11.1075,10.7770,0.3305,0.3305,3.0663,3.0663,1,1,11.26,1.12,cautious,-11.35,front,LIDAR_ONLY
0,647.5207,t1486,LIDAR_ONLY,21.8613,21.8613,,,,,,,,11.26,1.12,drive,29.42,front,LIDAR_ONLY
0,647.5207,t1481,LIDAR_ONLY,16.6718,16.6718,8.8106,7.8613,7.8613,89.2253,89.2253,0,0,11.26,1.12,drive,9.03,front,LIDAR_ONLY
0,647.5957,cam_8,CAM_ONLY,18.2113,,10.7770,7.4342,,68.9822,,0,,20.37,1.39,warning,-9.06,,CAMERA_ONLY
0,647.6540,cam_8,CAM_ONLY,18.1958,,10.7770,7.4188,,68.8387,,0,,15.47,0.94,warning,-9.06,,CAMERA_ONLY
0,647.7261,cam_8,CAM_ONLY,18.2476,,10.7770,7.4705,,69.3188,,0,,19.93,1.58,warning,-9.06,,CAMERA_ONLY
0,647.7261,t1486,LIDAR_ONLY,22.2707,22.2707,11.1457,11.1250,11.1250,99.8136,99.8136,0,0,19.93,1.58,drive,22.73,front,LIDAR_ONLY
0,647.7261,t1486,LIDAR_ONLY,20.8786,20.8786,11.1457,9.7328,9.7328,87.3233,87.3233,0,0,19.93,1.58,drive,22.73,front,LIDAR_ONLY
0,647.7898,cam_8,CAM_ONLY,18.1974,,10.7770,7.4204,,68.8537,,0,,13.08,1.75,warning,-9.06,,CAMERA_ONLY
0,647.8692,t1499,BOTH,18.1941,11.1104,10.7770,7.4171,0.3334,68.8228,3.0936,0,1,15.47,1.01,warning,-9.01,,FULL_ANGLE
0,647.8692,t1486,LIDAR_ONLY,21.1489,21.1489,11.1457,10.0032,10.0032,89.7489,89.7489,0,0,15.47,1.01,drive,23.42,front,LIDAR_ONLY
0,647.8692,t1499,LIDAR_ONLY,11.0834,11.0834,10.7770,0.3064,0.3064,2.8428,2.8428,1,1,15.47,1.01,cautious,-5.75,front,LIDAR_ONLY
0,647.8692,t1486,LIDAR_ONLY,19.8547,19.8547,11.1457,8.7090,8.7090,78.1373,78.1373,0,0,15.47,1.01,drive,19.25,front,LIDAR_ONLY
0,647.9532,cam_8,CAM_ONLY,18.1987,,10.7770,7.4216,,68.8652,,0,,15.12,1.01,warning,-9.01,,CAMERA_ONLY
0,648.0199,t1499,BOTH,18.2255,11.0965,23.4143,5.1888,12.3178,22.1607,52.6080,0,0,16.45,1.32,warning,-9.06,,FULL_ANGLE
0,648.0199,t1499,LIDAR_ONLY,11.0927,11.0927,23.4143,12.3216,12.3216,52.6241,52.6241,0,0,16.45,1.32,cautious,-11.49,front,LIDAR_ONLY
0,648.0199,t1486,LIDAR_ONLY,20.5599,20.5599,8.8106,11.7493,11.7493,133.3549,133.3549,0,0,16.45,1.32,drive,17.22,front,LIDAR_ONLY
0,648.0199,t1505,LIDAR_ONLY,20.0946,20.0946,,,,,,,,16.45,1.32,drive,29.53,front,LIDAR_ONLY
0,648.0199,t1486,LIDAR_ONLY,18.9011,18.9011,8.8106,10.0905,10.0905,114.5271,114.5271,0,0,16.45,1.32,drive,9.02,front,LIDAR_ONLY
0,648.0881,cam_8,CAM_ONLY,18.2199,,10.7770,7.4429,,69.0623,,0,,17.42,1.40,warning,-9.06,,CAMERA_ONLY
0,648.1563,cam_8,CAM_ONLY,18.1997,,10.7770,7.4227,,68.8749,,0,,18.64,1.02,warning,-9.06,,CAMERA_ONLY
0,648.2302,cam_8,CAM_ONLY,18.1782,,10.7770,7.4011,,68.6748,,0,,21.16,3.32,warning,-9.06,,CAMERA_ONLY
0,648.2942,cam_8,CAM_ONLY,18.2049,,10.7770,7.4279,,68.9232,,0,,14.38,1.18,warning,-9.01,,CAMERA_ONLY
0,648.3544,cam_8,CAM_ONLY,18.1932,,10.7770,7.4161,,68.8141,,0,,12.58,1.17,warning,-9.01,,CAMERA_ONLY
0,648.4079,cam_8,CAM_ONLY,18.2053,,10.7770,7.4283,,68.9269,,0,,15.65,1.14,warning,-9.01,,CAMERA_ONLY
0,648.4744,cam_8,CAM_ONLY,18.2337,,10.7770,7.4567,,69.1903,,0,,14.13,1.68,warning,-9.06,,CAMERA_ONLY
0,648.5507,cam_8,CAM_ONLY,18.1894,,10.7770,7.4124,,68.7793,,0,,20.27,1.08,warning,-9.01,,CAMERA_ONLY
0,648.6116,cam_8,CAM_ONLY,18.1861,,10.7770,7.4090,,68.7480,,0,,10.95,0.99,warning,-9.01,,CAMERA_ONLY
0,648.6780,cam_8,CAM_ONLY,18.2335,,10.7770,7.4564,,69.1881,,0,,17.79,1.74,warning,-9.01,,CAMERA_ONLY
0,648.7413,cam_8,CAM_ONLY,18.1967,,10.7770,7.4196,,68.8463,,0,,12.74,1.08,warning,-9.01,,CAMERA_ONLY
0,648.8082,cam_8,CAM_ONLY,18.1775,,10.7770,7.4004,,68.6684,,0,,18.50,1.10,warning,-9.01,,CAMERA_ONLY
0,648.8910,cam_8,CAM_ONLY,18.1865,,10.7770,7.4094,,68.7521,,0,,19.69,1.97,warning,-9.01,,CAMERA_ONLY
0,648.9730,t1534,BOTH,18.2105,11.1321,10.7770,7.4334,0.3550,68.9746,3.2943,0,1,20.10,1.17,warning,-9.01,,FULL_ANGLE
0,648.9730,t1532,LIDAR_ONLY,23.2634,23.2634,,,,,,,,20.10,1.17,drive,25.22,front,LIDAR_ONLY
0,648.9730,t1532,LIDAR_ONLY,21.7468,21.7468,,,,,,,,20.10,1.17,drive,29.27,front,LIDAR_ONLY
0,648.9730,t1533,LIDAR_ONLY,9.5698,9.5698,8.8106,0.7593,0.7593,8.6175,8.6175,1,1,20.10,1.17,slow,9.02,front,LIDAR_ONLY
0,649.0300,cam_8,CAM_ONLY,18.2018,,10.7770,7.4248,,68.8941,,0,,10.92,1.89,warning,-9.01,,CAMERA_ONLY
0,649.0925,cam_8,CAM_ONLY,18.2199,,10.7770,7.4428,,69.0619,,0,,11.08,1.49,warning,-9.01,,CAMERA_ONLY
0,649.1536,cam_8,CAM_ONLY,18.2237,,10.7770,7.4466,,69.0970,,0,,13.43,1.10,warning,-9.01,,CAMERA_ONLY
0,649.2272,cam_8,CAM_ONLY,18.1923,,10.7770,7.4152,,68.8059,,0,,16.19,1.64,warning,-9.01,,CAMERA_ONLY
0,649.2882,cam_8,CAM_ONLY,18.1942,,10.7770,7.4172,,68.8240,,0,,11.33,1.97,warning,-9.01,,CAMERA_ONLY
0,649.3552,cam_8,CAM_ONLY,18.2380,,10.7770,7.4609,,69.2296,,0,,18.74,1.06,warning,-9.01,,CAMERA_ONLY
0,649.4350,cam_8,CAM_ONLY,18.2258,,10.7770,7.4488,,69.1169,,0,,19.38,1.30,warning,-9.01,,CAMERA_ONLY
0,649.4350,t1546,LIDAR_ONLY,20.6402,20.6402,,,,,,,,19.38,1.30,drive,28.68,front,LIDAR_ONLY
0,649.4973,cam_8,CAM_ONLY,18.1951,,10.7770,7.4181,,68.8321,,0,,17.30,0.89,warning,-9.01,,CAMERA_ONLY
0,649.5541,t1548,BOTH,18.2157,11.1229,10.7770,7.4387,0.3459,69.0233,3.2093,0,1,9.90,0.94,warning,-9.01,,FULL_ANGLE
0,649.5541,t1548,LIDAR_ONLY,11.1553,11.1553,10.7770,0.3782,0.3782,3.5096,3.5096,1,1,9.90,0.94,cautious,-13.26,front,LIDAR_ONLY
0,649.5541,t1548,LIDAR_ONLY,11.1654,11.1654,10.7770,0.3884,0.3884,3.6036,3.6036,1,1,9.90,0.94,cautious,-5.17,front,LIDAR_ONLY
0,649.5541,t1549,LIDAR_ONLY,9.1970,9.1970,8.8106,0.3864,0.3864,4.3860,4.3860,1,1,9.90,0.94,slow,11.02,front,LIDAR_ONLY
0,649.6133,t1548,BOTH,18.2080,11.1681,23.4179,5.2099,12.2498,22.2474,52.3095,0,0,10.28,1.55,warning,-9.06,,FULL_ANGLE
0,649.6133,t1548,LIDAR_ONLY,11.1786,11.1786,23.4179,12.2393,12.2393,52.2648,52.2648,0,0,10.28,1.55,cautious,-12.44,front,LIDAR_ONLY
0,649.6133,t1549,LIDAR_ONLY,13.0773,13.0773,11.1457,1.9316,1.9316,17.3303,17.3303,0,0,10.28,1.55,slow,16.39,front,LIDAR_ONLY
0,649.6133,t1546,LIDAR_ONLY,20.6189,20.6189,11.1457,9.4731,9.4731,84.9933,84.9933,0,0,10.28,1.55,drive,28.75,front,LIDAR_ONLY
0,649.6133,t1549,LIDAR_ONLY,15.0000,15.0000,11.1457,3.8543,3.8543,34.5806,34.5806,0,0,10.28,1.55,slow,16.39,front,LIDAR_ONLY
0,649.6133,t1546,LIDAR_ONLY,18.5744,18.5744,11.1457,7.4287,7.4287,66.6502,66.6502,0,0,10.28,1.55,drive,24.63,front,LIDAR_ONLY
0,649.6818,cam_8,CAM_ONLY,18.1912,,10.7770,7.4141,,68.7953,,0,,16.62,1.38,warning,-9.01,,CAMERA_ONLY
0,649.7467,cam_8,CAM_ONLY,18.2200,,10.7770,7.4430,,69.0633,,0,,14.06,1.17,warning,-9.01,,CAMERA_ONLY
0,649.8232,t1548,BOTH,18.2456,11.1591,10.7770,7.4685,0.3821,69.3001,3.5453,0,1,15.11,1.25,warning,-9.01,,FULL_ANGLE
0,649.8232,t1549,LIDAR_ONLY,15.4148,15.4148,8.8106,6.6042,6.6042,74.9580,74.9580,0,0,15.11,1.25,slow,9.98,front,LIDAR_ONLY
0,649.8922,cam_8,CAM_ONLY,18.1945,,10.7770,7.4175,,68.8268,,0,,11.83,1.04,warning,-9.01,,CAMERA_ONLY
0,649.9600,cam_8,CAM_ONLY,18.1985,,10.7770,7.4215,,68.8637,,0,,19.70,1.05,warning,-9.01,,CAMERA_ONLY
0,649.9600,t1558,LIDAR_ONLY,28.1837,28.1837,,,,,,,,19.70,1.05,drive,-24.64,front,LIDAR_ONLY
0,650.0297,cam_8,CAM_ONLY,18.2191,,10.7770,7.4421,,69.0550,,0,,14.83,1.52,warning,-9.01,,CAMERA_ONLY
0,650.0994,cam_8,CAM_ONLY,18.2375,,10.7770,7.4605,,69.2255,,0,,14.50,1.43,warning,-9.01,,CAMERA_ONLY
0,650.1648,t1565,BOTH,18.1982,11.1132,23.4190,5.2209,12.3059,22.2932,52.5464,0,0,18.13,0.95,warning,-9.01,,FULL_ANGLE
0,650.1648,t1558,LIDAR_ONLY,28.1843,28.1843,,,,,,,,18.13,0.95,drive,-24.69,front,LIDAR_ONLY
0,650.1648,t1565,LIDAR_ONLY,11.2016,11.2016,23.4190,12.2174,12.2174,52.1687,52.1687,0,0,18.13,0.95,cautious,-12.14,front,LIDAR_ONLY
0,650.2362,cam_8,CAM_ONLY,18.1873,,10.7770,7.4103,,68.7599,,0,,18.85,1.38,warning,-9.01,,CAMERA_ONLY
0,650.2951,cam_8,CAM_ONLY,18.2053,,10.7770,7.4282,,68.9263,,0,,12.32,0.94,warning,-9.01,,CAMERA_ONLY
0,650.3637,cam_8,CAM_ONLY,18.2046,,10.7770,7.4275,,68.9201,,0,,21.13,1.42,warning,-9.01,,CAMERA_ONLY
0,650.3637,t1571,LIDAR_ONLY,24.1138,24.1138,,,,,,,,21.13,1.42,drive,24.27,front,LIDAR_ONLY
0,650.3637,t1571,LIDAR_ONLY,22.0713,22.0713,,,,,,,,21.13,1.42,drive,28.34,front,LIDAR_ONLY
0,650.3637,t1574,LIDAR_ONLY,9.8400,9.8400,8.8106,1.0294,1.0294,11.6838,11.6838,0,0,21.13,1.42,cautious,8.01,front,LIDAR_ONLY
0,650.4226,t1575,BOTH,18.1940,11.2057,23.4197,5.2257,12.2140,22.3133,52.1527,0,0,10.74,1.23,warning,-9.01,,FULL_ANGLE
0,650.4226,t1571,LIDAR_ONLY,22.2569,22.2569,11.1457,11.1111,11.1111,99.6896,99.6896,0,0,10.74,1.23,drive,24.46,front,LIDAR_ONLY
0,650.4226,t1571,LIDAR_ONLY,22.2634,22.2634,11.1457,11.1176,11.1176,99.7478,99.7478,0,0,10.74,1.23,drive,28.66,front,LIDAR_ONLY
0,650.4226,t1574,LIDAR_ONLY,13.1637,13.1637,11.1457,2.0179,2.0179,18.1051,18.1051,0,0,10.74,1.23,cautious,16.07,front,LIDAR_ONLY
0,650.4226,t1575,LIDAR_ONLY,11.3304,11.3304,23.4197,12.0893,12.0893,51.6203,51.6203,0,0,10.74,1.23,cautious,-13.32,front,LIDAR_ONLY
0,650.4226,t1571,LIDAR_ONLY,20.6391,20.6391,11.1457,9.4934,9.4934,85.1753,85.1753,0,0,10.74,1.23,drive,24.46,front,LIDAR_ONLY
0,650.4790,cam_8,CAM_ONLY,18.2121,,10.7770,7.4351,,68.9897,,0,,9.85,1.42,warning,-9.01,,CAMERA_ONLY
0,650.5452,cam_8,CAM_ONLY,18.2329,,10.7770,7.4559,,69.1828,,0,,12.44,1.01,warning,-9.06,,CAMERA_ONLY
0,650.6102,cam_8,CAM_ONLY,18.1881,,10.7770,7.4111,,68.7672,,0,,12.59,0.95,warning,-9.06,,CAMERA_ONLY
0,650.6756,cam_8,CAM_ONLY,18.2156,,10.7770,7.4386,,69.0222,,0,,13.88,1.91,warning,-9.01,,CAMERA_ONLY
0,650.7506,cam_8,CAM_ONLY,18.2210,,10.7770,7.4440,,69.0725,,0,,22.64,1.04,warning,-9.01,,CAMERA_ONLY
0,650.8135,t1589,BOTH,18.1876,11.1115,10.7770,7.4106,0.3344,68.7628,3.1032,0,1,13.08,0.96,warning,-9.01,,FULL_ANGLE
0,650.8135,t1589,LIDAR_ONLY,11.1053,11.1053,10.7770,0.3283,0.3283,3.0461,3.0461,1,1,13.08,0.96,cautious,-5.20,front,LIDAR_ONLY
0,650.8857,cam_8,CAM_ONLY,18.2142,,10.7770,7.4372,,69.0095,,0,,16.63,1.58,warning,-9.01,,CAMERA_ONLY
0,650.9472,cam_8,CAM_ONLY,18.2082,,10.7770,7.4312,,68.9535,,0,,14.27,1.22,warning,-9.01,,CAMERA_ONLY
0,651.0119,t1589,BOTH,18.2246,11.1074,23.4209,5.1963,12.3135,22.1865,52.5747,0,0,13.99,0.92,warning,-9.01,,FULL_ANGLE
0,651.0119,t1589,LIDAR_ONLY,11.1212,11.1212,23.4209,12.2997,12.2997,52.5159,52.5159,0,0,13.99,0.92,cautious,-13.39,front,LIDAR_ONLY
0,651.0801,cam_8,CAM_ONLY,18.1974,,10.7770,7.4204,,68.8536,,0,,16.28,1.90,warning,-9.01,,CAMERA_ONLY
0,651.1542,cam_8,CAM_ONLY,18.1975,,10.7770,7.4205,,68.8546,,0,,17.79,1.04,warning,-9.01,,CAMERA_ONLY
0,651.2085,t1589,BOTH,18.2299,11.1257,23.4213,5.1914,12.2957,22.1654,52.4978,0,0,13.21,1.09,warning,-9.06,,FULL_ANGLE
0,651.2085,t1596,LIDAR_ONLY,28.1833,28.1833,,,,,,,,13.21,1.09,drive,-24.67,front,LIDAR_ONLY
0,651.2085,t1597,LIDAR_ONLY,23.3606,23.3606,,,,,,,,13.21,1.09,drive,25.11,front,LIDAR_ONLY
0,651.2085,t1597,LIDAR_ONLY,21.7987,21.7987,,,,,,,,13.21,1.09,drive,29.26,front,LIDAR_ONLY
0,651.2085,t1589,LIDAR_ONLY,11.1332,11.1332,23.4213,12.2881,12.2881,52.4655,52.4655,0,0,13.21,1.09,cautious,-12.23,front,LIDAR_ONLY
0,651.2085,t1600,LIDAR_ONLY,9.6975,9.6975,8.8106,0.8870,0.8870,10.0671,10.0671,1,1,13.21,1.09,cautious,8.51,front,LIDAR_ONLY
0,651.2665,cam_8,CAM_ONLY,18.1957,,10.7770,7.4187,,68.8377,,0,,12.02,1.50,warning,-9.06,,CAMERA_ONLY
0,651.2665,t1597,LIDAR_ONLY,21.3747,21.3747,,,,,,,,12.02,1.50,drive,28.84,front,LIDAR_ONLY
0,651.2665,t1600,LIDAR_ONLY,9.7020,9.7020,8.8106,0.8915,0.8915,10.1182,10.1182,1,1,12.02,1.50,cautious,8.53,front,LIDAR_ONLY
0,651.3265,cam_8,CAM_ONLY,18.2171,,10.7770,7.4401,,69.0362,,0,,16.65,1.39,warning,-9.06,,CAMERA_ONLY
0,651.3265,t1597,LIDAR_ONLY,21.4152,21.4152,,,,,,,,16.65,1.39,drive,26.70,front,LIDAR_ONLY
0,651.3928,cam_8,CAM_ONLY,18.2183,,10.7770,7.4412,,69.0470,,0,,13.63,0.90,warning,-9.06,,CAMERA_ONLY
0,651.4542,cam_8,CAM_ONLY,18.1937,,10.7770,7.4166,,68.8186,,0,,15.12,1.16,warning,-9.06,,CAMERA_ONLY
0,651.5203,t1608,BOTH,18.1869,11.0655,10.7770,7.4098,0.2885,68.7555,2.6768,0,1,17.57,1.36,warning,-9.06,,FULL_ANGLE
0,651.5203,t1597,LIDAR_ONLY,21.5865,21.5865,,,,,,,,17.57,1.36,drive,24.62,front,LIDAR_ONLY
0,651.5203,t1597,LIDAR_ONLY,21.3318,21.3318,,,,,,,,17.57,1.36,drive,28.73,front,LIDAR_ONLY
0,651.5788,cam_8,CAM_ONLY,18.2300,,10.7770,7.4530,,69.1562,,0,,9.81,1.40,warning,-9.06,,CAMERA_ONLY
0,651.6475,cam_8,CAM_ONLY,18.1925,,10.7770,7.4154,,68.8075,,0,,19.01,0.90,warning,-9.06,,CAMERA_ONLY
0,651.7240,t1608,BOTH,18.1796,11.0713,10.7770,7.4025,0.2942,68.6879,2.7302,0,1,14.13,1.60,warning,-9.06,,FULL_ANGLE
0,651.7240,t1597,LIDAR_ONLY,21.3797,21.3797,,,,,,,,14.13,1.60,drive,27.90,front,LIDAR_ONLY
0,651.7240,t1613,LIDAR_ONLY,37.1452,37.1452,11.1457,25.9994,25.9994,233.2681,233.2681,0,0,14.13,1.60,drive,15.46,front,LIDAR_ONLY
0,651.7240,t1613,LIDAR_ONLY,24.8649,24.8649,11.1457,13.7192,13.7192,123.0889,123.0889,0,0,14.13,1.60,drive,19.61,front,LIDAR_ONLY
0,651.7854,cam_8,CAM_ONLY,18.2312,,10.7770,7.4542,,69.1670,,0,,17.15,1.77,warning,-9.06,,CAMERA_ONLY
0,651.8473,cam_8,CAM_ONLY,18.2000,,10.7770,7.4230,,68.8775,,0,,11.51,1.27,warning,-9.06,,CAMERA_ONLY
0,651.9178,cam_8,CAM_ONLY,18.1975,,10.7770,7.4205,,68.8546,,0,,16.80,1.52,warning,-9.01,,CAMERA_ONLY
0,651.9178,t1597,LIDAR_ONLY,21.5728,21.5728,11.1457,10.4271,10.4271,93.5521,93.5521,0,0,16.80,1.52,drive,24.45,front,LIDAR_ONLY
0,651.9178,t1613,LIDAR_ONLY,20.7338,20.7338,11.1457,9.5881,9.5881,86.0246,86.0246,0,0,16.80,1.52,drive,20.32,front,LIDAR_ONLY
0,651.9809,cam_8,CAM_ONLY,18.2254,,10.7770,7.4484,,69.1132,,0,,13.43,2.64,warning,-9.06,,CAMERA_ONLY
0,652.0508,cam_8,CAM_ONLY,18.1996,,10.7770,7.4226,,68.8741,,0,,17.87,1.19,warning,-9.06,,CAMERA_ONLY
0,652.1211,cam_8,CAM_ONLY,18.1866,,10.7770,7.4096,,68.7535,,0,,21.26,3.24,warning,-9.06,,CAMERA_ONLY
0,652.1211,t1597,LIDAR_ONLY,21.7590,21.7590,,,,,,,,21.26,3.24,drive,25.23,front,LIDAR_ONLY
0,652.1211,t1597,LIDAR_ONLY,21.5707,21.5707,,,,,,,,21.26,3.24,drive,29.41,front,LIDAR_ONLY
0,652.2030,t1622,BOTH,18.2152,11.2259,10.7770,7.4381,0.4488,69.0184,4.1648,0,1,24.74,1.92,warning,-9.01,,FULL_ANGLE
0,652.2674,t1622,BOTH,18.2034,11.1600,10.7770,7.4263,0.3829,68.9089,3.5529,0,1,14.60,0.85,warning,-9.01,,FULL_ANGLE
0,652.2674,t1623,LIDAR_ONLY,14.2404,14.2404,11.1457,3.0947,3.0947,27.7655,27.7655,0,0,14.60,0.85,cautious,16.35,front,LIDAR_ONLY
0,652.3282,cam_8,CAM_ONLY,18.2033,,10.7770,7.4263,,68.9082,,0,,13.35,1.59,warning,-9.01,,CAMERA_ONLY
0,652.3282,t1597,LIDAR_ONLY,21.7020,21.7020,,,,,,,,13.35,1.59,drive,26.63,front,LIDAR_ONLY
0,652.4015,cam_8,CAM_ONLY,18.1788,,10.7770,7.4017,,68.6807,,0,,20.02,1.16,warning,-9.01,,CAMERA_ONLY
0,652.4626,t1622,BOTH,18.1974,11.1308,10.7770,7.4204,0.3538,68.8537,3.2828,0,1,15.33,1.27,warning,-9.01,,FULL_ANGLE
0,652.4626,t1597,LIDAR_ONLY,22.0610,22.0610,,,,,,,,15.33,1.27,drive,23.28,front,LIDAR_ONLY
0,652.4626,t1597,LIDAR_ONLY,22.1675,22.1675,,,,,,,,15.33,1.27,drive,27.39,front,LIDAR_ONLY
0,652.5304,cam_8,CAM_ONLY,18.1825,,10.7770,7.4054,,68.7147,,0,,20.88,1.96,warning,-9.06,,CAMERA_ONLY
0,652.5304,t1597,LIDAR_ONLY,22.0402,22.0402,,,,,,,,20.88,1.96,drive,27.62,front,LIDAR_ONLY
0,652.5993,cam_8,CAM_ONLY,18.1800,,10.7770,7.4029,,68.6916,,0,,13.34,1.08,warning,-9.01,,CAMERA_ONLY
0,652.6695,t1622,BOTH,18.2073,11.1262,23.4243,5.2170,12.2981,22.2717,52.5015,0,0,18.65,1.32,warning,-9.06,,FULL_ANGLE
0,652.6695,t1629,LIDAR_ONLY,28.2532,28.2532,,,,,,,,18.65,1.32,drive,-24.46,front,LIDAR_ONLY
0,652.6695,t1597,LIDAR_ONLY,22.4818,22.4818,,,,,,,,18.65,1.32,drive,21.06,front,LIDAR_ONLY
0,652.6695,t1597,LIDAR_ONLY,22.8528,22.8528,,,,,,,,18.65,1.32,drive,25.20,front,LIDAR_ONLY
0,652.6695,t1597,LIDAR_ONLY,22.6427,22.6427,,,,,,,,18.65,1.32,drive,29.34,front,LIDAR_ONLY
0,652.6695,t1622,LIDAR_ONLY,11.1345,11.1345,23.4243,12.2898,12.2898,52.4660,52.4660,0,0,18.65,1.32,cautious,-12.04,front,LIDAR_ONLY
0,652.7408,cam_8,CAM_ONLY,18.1930,,10.7770,7.4160,,68.8125,,0,,15.01,1.70,warning,-9.01,,CAMERA_ONLY
0,652.7968,cam_8,CAM_ONLY,18.1725,,10.7770,7.3954,,68.6220,,0,,10.63,0.95,warning,-9.01,,CAMERA_ONLY
0,652.8559,cam_8,CAM_ONLY,18.1878,,10.7770,7.4108,,68.7642,,0,,10.87,1.26,warning,-9.01,,CAMERA_ONLY
0,652.9124,cam_8,CAM_ONLY,18.2297,,10.7770,7.4527,,69.1532,,0,,12.37,0.93,warning,-9.01,,CAMERA_ONLY
0,652.9732,t1644,BOTH,18.1953,11.0583,10.7770,7.4183,0.2813,68.8338,2.6097,0,1,12.14,1.36,warning,-9.01,,FULL_ANGLE
0,652.9732,t1642,LIDAR_ONLY,22.0040,22.0040,11.1457,10.8583,10.8583,97.4212,97.4212,0,0,12.14,1.36,drive,26.77,front,LIDAR_ONLY
0,652.9732,t1644,LIDAR_ONLY,11.0514,11.0514,10.7770,0.2744,0.2744,2.5458,2.5458,1,1,12.14,1.36,cautious,-6.18,front,LIDAR_ONLY
0,652.9732,t1642,LIDAR_ONLY,17.1301,17.1301,11.1457,5.9843,5.9843,53.6918,53.6918,0,0,12.14,1.36,drive,22.65,front,LIDAR_ONLY
0,653.0509,cam_8,CAM_ONLY,18.2285,,10.7770,7.4514,,69.1414,,0,,19.77,0.95,warning,-9.01,,CAMERA_ONLY
0,653.1165,t1644,BOTH,18.2116,11.0804,23.4252,5.2135,12.3447,22.2562,52.6987,0,0,13.21,0.90,warning,-9.01,,FULL_ANGLE
0,653.1165,t1644,LIDAR_ONLY,11.0726,11.0726,23.4252,12.3525,12.3525,52.7319,52.7319,0,0,13.21,0.90,cautious,-11.78,front,LIDAR_ONLY
0,653.1165,t1645,LIDAR_ONLY,9.7635,9.7635,8.8106,0.9530,0.9530,10.8161,10.8161,1,1,13.21,0.90,cautious,8.54,front,LIDAR_ONLY
0,653.1754,cam_8,CAM_ONLY,18.1857,,10.7770,7.4087,,68.7449,,0,,13.79,1.55,warning,-9.01,,CAMERA_ONLY
0,653.1754,t1642,LIDAR_ONLY,18.6717,18.6717,,,,,,,,13.79,1.55,drive,17.64,front,LIDAR_ONLY
0,653.1754,t1642,LIDAR_ONLY,19.7961,19.7961,,,,,,,,13.79,1.55,drive,25.76,front,LIDAR_ONLY
0,653.1754,t1642,LIDAR_ONLY,20.4352,20.4352,,,,,,,,13.79,1.55,drive,29.82,front,LIDAR_ONLY
0,653.2343,cam_8,CAM_ONLY,18.1917,,10.7770,7.4147,,68.8004,,0,,11.38,1.07,warning,-9.06,,CAMERA_ONLY
0,653.2919,cam_8,CAM_ONLY,18.2033,,10.7770,7.4262,,68.9077,,0,,10.02,1.06,warning,-9.06,,CAMERA_ONLY
0,653.3483,cam_8,CAM_ONLY,18.1992,,10.7770,7.4222,,68.8704,,0,,13.31,0.89,warning,-9.01,,CAMERA_ONLY
0,653.4064,t1650,BOTH,18.2018,11.1012,10.7770,7.4247,0.3241,68.8941,3.0077,0,1,10.74,0.96,warning,-9.01,,FULL_ANGLE
0,653.4064,t1650,LIDAR_ONLY,11.1662,11.1662,10.7770,0.3892,0.3892,3.6112,3.6112,1,1,10.74,0.96,cautious,-11.16,front,LIDAR_ONLY
0,653.4064,t1651,LIDAR_ONLY,9.4952,9.4952,8.8106,0.6846,0.6846,7.7703,7.7703,1,1,10.74,0.96,slow,8.91,front,LIDAR_ONLY
0,653.4064,t1653,LIDAR_ONLY,12.5054,12.5054,11.1457,1.3597,1.3597,12.1992,12.1992,0,0,10.74,0.96,cautious,24.96,front,LIDAR_ONLY
0,653.4692,t1650,BOTH,18.2326,11.1023,10.7770,7.4555,0.3252,69.1795,3.0179,0,1,14.24,1.20,warning,-9.06,,FULL_ANGLE
0,653.4692,t1653,LIDAR_ONLY,14.5192,14.5192,11.1457,3.3735,3.3735,30.2673,30.2673,0,0,14.24,1.20,cautious,22.47,front,LIDAR_ONLY
0,653.4692,t1650,LIDAR_ONLY,11.0868,11.0868,10.7770,0.3098,0.3098,2.8744,2.8744,1,1,14.24,1.20,cautious,-5.84,front,LIDAR_ONLY
0,653.4692,t1651,LIDAR_ONLY,9.4361,9.4361,8.8106,0.6255,0.6255,7.1000,7.1000,1,1,14.24,1.20,slow,10.34,front,LIDAR_ONLY
0,653.5302,cam_8,CAM_ONLY,18.2063,,10.7770,7.4293,,68.9359,,0,,10.27,1.27,warning,-9.06,,CAMERA_ONLY
0,653.5862,cam_8,CAM_ONLY,18.2026,,10.7770,7.4255,,68.9011,,0,,10.91,0.83,warning,-9.06,,CAMERA_ONLY
0,653.6516,cam_8,CAM_ONLY,18.2089,,10.7770,7.4318,,68.9595,,0,,16.74,1.29,warning,-9.06,,CAMERA_ONLY
0,653.7169,t1664,BOTH,18.1874,11.1073,10.7770,7.4103,0.3303,68.7601,3.0645,0,1,17.37,1.33,warning,-9.01,,FULL_ANGLE
0,653.7169,t1663,LIDAR_ONLY,24.6776,24.6776,,,,,,,,17.37,1.33,drive,23.69,front,LIDAR_ONLY
0,653.7169,t1663,LIDAR_ONLY,22.5654,22.5654,,,,,,,,17.37,1.33,drive,27.89,front,LIDAR_ONLY
0,653.7169,t1664,LIDAR_ONLY,11.1113,11.1113,10.7770,0.3342,0.3342,3.1012,3.1012,1,1,17.37,1.33,cautious,-5.70,front,LIDAR_ONLY
0,653.7844,cam_8,CAM_ONLY,18.2187,,10.7770,7.4416,,69.0507,,0,,18.70,1.88,warning,-9.01,,CAMERA_ONLY
0,653.8416,cam_8,CAM_ONLY,18.2128,,10.7770,7.4358,,68.9966,,0,,10.00,0.92,warning,-9.06,,CAMERA_ONLY
0,653.9078,t1664,BOTH,18.2045,11.1094,10.7770,7.4275,0.3324,68.9192,3.0842,0,1,13.75,1.06,warning,-9.01,,FULL_ANGLE
0,653.9078,t1673,LIDAR_ONLY,48.6862,48.6862,8.8106,39.8756,39.8756,452.5884,452.5884,0,0,13.75,1.06,drive,5.62,front,LIDAR_ONLY
0,653.9078,t1664,LIDAR_ONLY,11.0981,11.0981,10.7770,0.3211,0.3211,2.9792,2.9792,1,1,13.75,1.06,cautious,-6.50,front,LIDAR_ONLY
0,653.9078,t1663,LIDAR_ONLY,22.5792,22.5792,11.1457,11.4335,11.4335,102.5816,102.5816,0,0,13.75,1.06,drive,25.81,front,LIDAR_ONLY
0,653.9078,t1663,LIDAR_ONLY,20.8397,20.8397,11.1457,9.6939,9.6939,86.9744,86.9744,0,0,13.75,1.06,drive,17.73,front,LIDAR_ONLY
0,653.9964,cam_8,CAM_ONLY,18.2017,,10.7770,7.4246,,68.8928,,0,,24.61,1.59,warning,-9.01,,CAMERA_ONLY
0,654.0644,t1664,BOTH,18.1815,11.0886,10.7770,7.4045,0.3115,68.7061,2.8908,0,1,21.14,1.11,warning,-9.01,,FULL_ANGLE
0,654.0644,t1664,LIDAR_ONLY,11.0893,11.0893,10.7770,0.3122,0.3122,2.8969,2.8969,1,1,21.14,1.11,cautious,-11.28,front,LIDAR_ONLY
0,654.0644,t1673,LIDAR_ONLY,26.8799,26.8799,8.8106,18.0694,18.0694,205.0873,205.0873,0,0,21.14,1.11,drive,9.32,front,LIDAR_ONLY
0,654.1384,cam_8,CAM_ONLY,18.2149,,10.7770,7.4378,,69.0153,,0,,20.12,1.45,warning,-9.06,,CAMERA_ONLY
0,654.2089,cam_8,CAM_ONLY,18.1906,,10.7770,7.4135,,68.7901,,0,,15.20,1.03,warning,-9.01,,CAMERA_ONLY
0,654.2723,cam_8,CAM_ONLY,18.2149,,10.7770,7.4378,,69.0153,,0,,15.24,1.10,warning,-9.01,,CAMERA_ONLY
0,654.2723,t1682,LIDAR_ONLY,19.9567,19.9567,11.1457,8.8110,8.8110,79.0526,79.0526,0,0,15.24,1.10,drive,29.75,front,LIDAR_ONLY
0,654.2723,t1673,LIDAR_ONLY,21.5337,21.5337,8.8106,12.7232,12.7232,144.4079,144.4079,0,0,15.24,1.10,drive,8.83,front,LIDAR_ONLY
0,654.2723,t1682,LIDAR_ONLY,16.2673,16.2673,11.1457,5.1215,5.1215,45.9505,45.9505,0,0,15.24,1.10,drive,25.57,front,LIDAR_ONLY
0,654.3349,cam_8,CAM_ONLY,18.2477,,10.7770,7.4706,,69.3197,,0,,13.96,1.42,warning,-9.01,,CAMERA_ONLY
0,654.3890,cam_8,CAM_ONLY,18.1972,,10.7770,7.4201,,68.8513,,0,,11.77,0.93,warning,-9.01,,CAMERA_ONLY
0,654.4452,cam_8,CAM_ONLY,18.1836,,10.7770,7.4066,,68.7254,,0,,11.05,0.95,warning,-9.01,,CAMERA_ONLY
0,654.5098,t1690,BOTH,18.2276,11.1226,10.7770,7.4505,0.3455,69.1330,3.2063,0,1,14.04,1.17,warning,-9.10,,FULL_ANGLE
0,654.5098,t1689,LIDAR_ONLY,20.1891,20.1891,,,,,,,,14.04,1.17,drive,29.38,front,LIDAR_ONLY
0,654.5098,t1690,LIDAR_ONLY,11.1831,11.1831,10.7770,0.4061,0.4061,3.7679,3.7679,1,1,14.04,1.17,cautious,-11.37,front,LIDAR_ONLY
0,654.5098,t1692,LIDAR_ONLY,9.4920,9.4920,11.1457,1.6538,1.6538,14.8376,14.8376,0,0,14.04,1.17,slow,9.00,front,LIDAR_ONLY
0,654.5098,t1692,LIDAR_ONLY,10.1061,10.1061,11.1457,1.0396,1.0396,9.3276,9.3276,0,0,14.04,1.17,slow,17.15,front,LIDAR_ONLY
0,654.5700,t1690,BOTH,18.1897,11.1228,10.7770,7.4127,0.3457,68.7819,3.2082,0,1,16.08,1.62,warning,-9.06,,FULL_ANGLE
0,654.5700,t1689,LIDAR_ONLY,20.3553,20.3553,,,,,,,,16.08,1.62,drive,27.72,front,LIDAR_ONLY
0,654.5700,t1690,LIDAR_ONLY,11.1186,11.1186,10.7770,0.3416,0.3416,3.1693,3.1693,1,1,16.08,1.62,cautious,-5.74,front,LIDAR_ONLY
0,654.5700,t1692,LIDAR_ONLY,10.3230,10.3230,8.8106,1.5125,1.5125,17.1667,17.1667,0,0,16.08,1.62,slow,10.99,front,LIDAR_ONLY
0,654.6675,t1690,BOTH,18.1868,11.1158,10.7770,7.4097,0.3387,68.7549,3.1431,0,1,12.74,1.36,warning,-9.06,,FULL_ANGLE
0,654.6675,t1689,LIDAR_ONLY,20.8153,20.8153,11.1457,9.6696,9.6696,86.7559,86.7559,0,0,12.74,1.36,drive,23.35,front,LIDAR_ONLY
0,654.6675,t1690,LIDAR_ONLY,11.1065,11.1065,10.7770,0.3295,0.3295,3.0570,3.0570,1,1,12.74,1.36,cautious,-5.65,front,LIDAR_ONLY
0,654.6675,t1689,LIDAR_ONLY,21.6546,21.6546,11.1457,10.5088,10.5088,94.2858,94.2858,0,0,12.74,1.36,drive,19.21,front,LIDAR_ONLY
0,654.6675,t1689,LIDAR_ONLY,21.6647,21.6647,11.1457,10.5189,10.5189,94.3763,94.3763,0,0,12.74,1.36,drive,19.21,front,LIDAR_ONLY
0,654.7194,cam_8,CAM_ONLY,18.2165,,10.7770,7.4394,,69.0301,,0,,10.22,1.68,warning,-9.06,,CAMERA_ONLY
0,654.7194,t1689,LIDAR_ONLY,22.0221,22.0221,,,,,,,,10.22,1.68,drive,23.32,front,LIDAR_ONLY
0,654.7194,t1689,LIDAR_ONLY,22.2916,22.2916,,,,,,,,10.22,1.68,drive,27.35,front,LIDAR_ONLY
0,654.7841,cam_8,CAM_ONLY,18.2017,,10.7770,7.4247,,68.8934,,0,,12.85,1.58,warning,-9.01,,CAMERA_ONLY
0,654.8585,t1690,BOTH,18.2082,11.1052,23.4292,5.2210,12.3239,22.2840,52.6009,0,0,23.05,2.29,warning,-9.06,,FULL_ANGLE
0,654.8585,t1689,LIDAR_ONLY,22.6092,22.6092,11.1457,11.4635,11.4635,102.8508,102.8508,0,0,23.05,2.29,drive,21.17,front,LIDAR_ONLY
0,654.8585,t1689,LIDAR_ONLY,21.4220,21.4220,11.1457,10.2763,10.2763,92.1990,92.1990,0,0,23.05,2.29,drive,29.45,front,LIDAR_ONLY
0,654.8585,t1701,LIDAR_ONLY,33.8424,33.8424,8.8106,25.0318,25.0318,284.1111,284.1111,0,0,23.05,2.29,drive,17.02,front,LIDAR_ONLY
0,654.8585,t1690,LIDAR_ONLY,11.1057,11.1057,23.4292,12.3234,12.3234,52.5987,52.5987,0,0,23.05,2.29,cautious,-11.97,front,LIDAR_ONLY
0,654.8585,t1701,LIDAR_ONLY,19.8841,19.8841,8.8106,11.0735,11.0735,125.6843,125.6843,0,0,23.05,2.29,drive,8.74,front,LIDAR_ONLY
0,654.8585,t1689,LIDAR_ONLY,21.3376,21.3376,11.1457,10.1918,10.1918,91.4416,91.4416,0,0,23.05,2.29,drive,21.17,front,LIDAR_ONLY
0,654.8585,t1689,LIDAR_ONLY,19.0534,19.0534,11.1457,7.9077,7.9077,70.9483,70.9483,0,0,23.05,2.29,drive,25.31,front,LIDAR_ONLY
0,654.9240,t1690,BOTH,18.2289,11.0966,10.7770,7.4519,0.3196,69.1456,2.9653,0,1,19.12,2.49,warning,-9.06,,FULL_ANGLE
0,654.9240,t1701,LIDAR_ONLY,16.0933,16.0933,8.8106,7.2827,7.2827,82.6591,82.6591,0,0,19.12,2.49,drive,10.40,front,LIDAR_ONLY
0,654.9968,cam_8,CAM_ONLY,18.2205,,10.7770,7.4435,,69.0679,,0,,16.35,1.15,warning,-9.10,,CAMERA_ONLY
0,655.0595,cam_8,CAM_ONLY,18.1950,,10.7770,7.4180,,68.8311,,0,,14.75,1.07,warning,-9.06,,CAMERA_ONLY
0,655.1269,t1690,BOTH,18.1901,11.0889,10.7770,7.4131,0.3119,68.7856,2.8939,0,1,19.74,1.47,warning,-9.06,,FULL_ANGLE
0,655.1269,t1710,LIDAR_ONLY,21.2916,21.2916,11.1457,10.1459,10.1459,91.0295,91.0295,0,0,19.74,1.47,drive,27.73,front,LIDAR_ONLY
0,655.1269,t1710,LIDAR_ONLY,21.8118,21.8118,11.1457,10.6661,10.6661,95.6968,95.6968,0,0,19.74,1.47,drive,23.57,front,LIDAR_ONLY
0,655.2017,cam_8,CAM_ONLY,18.2383,,10.7770,7.4613,,69.2331,,0,,20.55,1.41,warning,-9.06,,CAMERA_ONLY
0,655.2731,cam_8,CAM_ONLY,18.2320,,10.7770,7.4549,,69.1742,,0,,16.80,1.53,warning,-9.06,,CAMERA_ONLY
0,655.3351,cam_8,CAM_ONLY,18.1944,,10.7770,7.4173,,68.8253,,0,,18.24,2.11,warning,-9.10,,CAMERA_ONLY
0,655.3351,t1716,LIDAR_ONLY,9.2565,9.2565,8.8106,0.4459,0.4459,5.0609,5.0609,1,1,18.24,2.11,slow,10.17,front,LIDAR_ONLY
0,655.4028,cam_8,CAM_ONLY,18.1984,,10.7770,7.4213,,68.8624,,0,,19.18,1.21,warning,-9.06,,CAMERA_ONLY
0,655.4721,t1721,BOTH,18.2401,11.1379,23.4305,5.1904,12.2927,22.1524,52.4643,0,0,16.42,1.44,warning,-9.06,,FULL_ANGLE
0,655.4721,t1719,LIDAR_ONLY,27.0742,27.0742,,,,,,,,16.42,1.44,drive,21.48,front,LIDAR_ONLY
0,655.4721,t1719,LIDAR_ONLY,22.8960,22.8960,,,,,,,,16.42,1.44,drive,29.89,front,LIDAR_ONLY
0,655.4721,t1721,LIDAR_ONLY,11.2198,11.2198,23.4305,12.2107,12.2107,52.1144,52.1144,0,0,16.42,1.44,cautious,-12.15,front,LIDAR_ONLY
0,655.4721,t1716,LIDAR_ONLY,9.3062,9.3062,8.8106,0.4956,0.4956,5.6251,5.6251,1,1,16.42,1.44,slow,8.87,front,LIDAR_ONLY
0,655.5369,cam_8,CAM_ONLY,18.1763,,10.7770,7.3992,,68.6572,,0,,17.65,1.29,warning,-9.06,,CAMERA_ONLY
0,655.5999,cam_8,CAM_ONLY,18.2068,,10.7770,7.4297,,68.9403,,0,,13.01,1.14,warning,-9.06,,CAMERA_ONLY
0,655.6656,t1721,BOTH,18.2578,11.1177,10.7770,7.4808,0.3407,69.4141,3.1610,0,1,14.68,1.15,warning,-9.01,,FULL_ANGLE
0,655.6656,t1719,LIDAR_ONLY,23.0906,23.0906,,,,,,,,14.68,1.15,drive,23.29,front,LIDAR_ONLY
0,655.6656,t1719,LIDAR_ONLY,22.9628,22.9628,,,,,,,,14.68,1.15,drive,27.41,front,LIDAR_ONLY
0,655.7189,t1721,BOTH,18.1927,11.1216,10.7770,7.4157,0.3445,68.8101,3.1970,0,1,14.36,1.12,warning,-9.01,,FULL_ANGLE
0,655.7189,t1721,LIDAR_ONLY,11.1222,11.1222,10.7770,0.3452,0.3452,3.2030,3.2030,1,1,14.36,1.12,cautious,-11.28,front,LIDAR_ONLY
0,655.7189,t1719,LIDAR_ONLY,23.1312,23.1312,11.1457,11.9855,11.9855,107.5342,107.5342,0,0,14.36,1.12,drive,22.25,front,LIDAR_ONLY
0,655.7189,t1723,LIDAR_ONLY,9.4528,9.4528,8.8106,0.6423,0.6423,7.2897,7.2897,1,1,14.36,1.12,slow,9.68,front,LIDAR_ONLY
0,655.7189,t1719,LIDAR_ONLY,21.0472,21.0472,11.1457,9.9015,9.9015,88.8365,88.8365,0,0,14.36,1.12,drive,18.06,front,LIDAR_ONLY
0,655.7860,cam_8,CAM_ONLY,18.1967,,10.7770,7.4197,,68.8469,,0,,11.53,1.75,warning,-9.01,,CAMERA_ONLY
0,655.8474,cam_8,CAM_ONLY,18.2343,,10.7770,7.4573,,69.1959,,0,,13.42,1.17,warning,-9.10,,CAMERA_ONLY
0,655.9183,t1721,BOTH,18.1944,11.0978,23.4314,5.2371,12.3336,22.3505,52.6372,0,0,21.43,1.08,warning,-9.01,,FULL_ANGLE
0,655.9183,t1719,LIDAR_ONLY,21.1480,21.1480,11.1457,10.0023,10.0023,89.7409,89.7409,0,0,21.43,1.08,drive,27.87,front,LIDAR_ONLY
0,655.9183,t1721,LIDAR_ONLY,11.1080,11.1080,23.4314,12.3234,12.3234,52.5935,52.5935,0,0,21.43,1.08,cautious,-12.72,front,LIDAR_ONLY
0,655.9183,t1719,LIDAR_ONLY,19.0295,19.0295,11.1457,7.8838,7.8838,70.7334,70.7334,0,0,21.43,1.08,drive,19.75,front,LIDAR_ONLY
0,655.9768,cam_8,CAM_ONLY,18.2018,,10.7770,7.4248,,68.8944,,0,,10.43,1.93,warning,-9.01,,CAMERA_ONLY
0,656.0556,cam_8,CAM_ONLY,18.2149,,10.7770,7.4379,,69.0157,,0,,17.96,0.96,warning,-9.06,,CAMERA_ONLY
0,656.1203,cam_8,CAM_ONLY,18.1974,,10.7770,7.4203,,68.8529,,0,,11.10,1.66,warning,-9.01,,CAMERA_ONLY
0,656.1786,cam_8,CAM_ONLY,18.2089,,10.7770,7.4319,,68.9604,,0,,9.90,1.42,warning,-9.06,,CAMERA_ONLY
0,656.2512,cam_8,CAM_ONLY,18.2170,,10.7770,7.4400,,69.0355,,0,,22.29,1.03,warning,-9.01,,CAMERA_ONLY
0,656.3120,t1739,BOTH,18.1961,11.0760,10.7770,7.4191,0.2990,68.8415,2.7744,0,1,12.27,1.20,warning,-9.01,,FULL_ANGLE
0,656.3120,t1739,LIDAR_ONLY,11.0705,11.0705,10.7770,0.2935,0.2935,2.7233,2.7233,1,1,12.27,1.20,cautious,-6.61,front,LIDAR_ONLY
0,656.3696,cam_8,CAM_ONLY,18.1737,,10.7770,7.3966,,68.6331,,0,,11.47,1.62,warning,-9.01,,CAMERA_ONLY
0,656.4296,cam_8,CAM_ONLY,18.2140,,10.7770,7.4369,,69.0070,,0,,15.15,2.17,warning,-9.01,,CAMERA_ONLY
0,656.4296,t1743,LIDAR_ONLY,30.2267,30.2267,11.1457,19.0810,19.0810,171.1953,171.1953,0,0,15.15,2.17,drive,19.15,front,LIDAR_ONLY
0,656.4952,cam_8,CAM_ONLY,18.1810,,10.7770,7.4040,,68.7011,,0,,12.74,1.00,warning,-9.01,,CAMERA_ONLY
0,656.5670,t1746,BOTH,18.1893,11.1295,10.7770,7.4122,0.3525,68.7777,3.2706,0,1,15.76,1.69,warning,-9.01,,FULL_ANGLE
0,656.6429,cam_8,CAM_ONLY,18.2061,,10.7770,7.4290,,68.9337,,0,,14.92,1.20,warning,-9.06,,CAMERA_ONLY
0,656.7009,cam_8,CAM_ONLY,18.2096,,10.7770,7.4326,,68.9668,,0,,11.47,0.87,warning,-9.06,,CAMERA_ONLY
0,656.7722,t1746,BOTH,18.1930,11.1082,23.4335,5.2405,12.3253,22.3634,52.5971,0,0,19.83,1.55,warning,-9.06,,FULL_ANGLE
0,656.7722,t1753,LIDAR_ONLY,23.5900,23.5900,11.1457,12.4443,12.4443,111.6506,111.6506,0,0,19.83,1.55,drive,24.85,front,LIDAR_ONLY
0,656.7722,t1746,LIDAR_ONLY,11.1131,11.1131,23.4335,12.3204,12.3204,52.5762,52.5762,0,0,19.83,1.55,cautious,-11.87,front,LIDAR_ONLY
0,656.7722,t1755,LIDAR_ONLY,9.5986,9.5986,11.1457,1.5472,1.5472,13.8811,13.8811,0,0,19.83,1.55,slow,8.53,front,LIDAR_ONLY
0,656.7722,t1755,LIDAR_ONLY,10.2578,10.2578,11.1457,0.8879,0.8879,7.9667,7.9667,1,1,19.83,1.55,slow,16.69,front,LIDAR_ONLY
0,656.7722,t1753,LIDAR_ONLY,18.0410,18.0410,11.1457,6.8953,6.8953,61.8650,61.8650,0,0,19.83,1.55,drive,24.85,front,LIDAR_ONLY
0,656.8441,cam_8,CAM_ONLY,18.1830,,10.7770,7.4059,,68.7195,,0,,16.83,1.20,warning,-9.06,,CAMERA_ONLY
0,656.9187,t1746,BOTH,18.1983,11.1006,10.7770,7.4213,0.3236,68.8617,3.0023,0,1,19.31,1.11,warning,-9.01,,FULL_ANGLE
0,656.9187,t1753,LIDAR_ONLY,18.5772,18.5772,,,,,,,,19.31,1.11,drive,25.06,front,LIDAR_ONLY
0,656.9187,t1753,LIDAR_ONLY,18.9866,18.9866,,,,,,,,19.31,1.11,drive,29.16,front,LIDAR_ONLY
0,656.9187,t1755,LIDAR_ONLY,10.4467,10.4467,8.8106,1.6362,1.6362,18.5703,18.5703,0,0,19.31,1.11,slow,8.64,front,LIDAR_ONLY
0,656.9766,cam_8,CAM_ONLY,18.1940,,10.7770,7.4169,,68.8214,,0,,15.05,2.50,warning,-9.01,,CAMERA_ONLY
0,657.0465,cam_8,CAM_ONLY,18.1861,,10.7770,7.4090,,68.7483,,0,,16.28,1.05,warning,-9.06,,CAMERA_ONLY
0,657.1233,t1746,BOTH,18.1907,11.0946,10.7770,7.4136,0.3176,68.7909,2.9466,0,1,18.66,1.43,warning,-9.01,,FULL_ANGLE
0,657.1233,t1753,LIDAR_ONLY,19.5241,19.5241,11.1457,8.3784,8.3784,75.1711,75.1711,0,0,18.66,1.43,drive,25.19,front,LIDAR_ONLY
0,657.1233,t1755,LIDAR_ONLY,10.4394,10.4394,11.1457,0.7063,0.7063,6.3372,6.3372,1,1,18.66,1.43,cautious,8.93,front,LIDAR_ONLY
0,657.1233,t1746,LIDAR_ONLY,11.0961,11.0961,10.7770,0.3191,0.3191,2.9608,2.9608,1,1,18.66,1.43,cautious,-11.39,front,LIDAR_ONLY
0,657.1233,t1755,LIDAR_ONLY,10.5993,10.5993,11.1457,0.5465,0.5465,4.9029,4.9029,1,1,18.66,1.43,cautious,17.06,front,LIDAR_ONLY
0,657.1848,cam_8,CAM_ONLY,18.2265,,10.7770,7.4494,,69.1233,,0,,13.84,1.08,warning,-9.10,,CAMERA_ONLY
0,657.2561,cam_8,CAM_ONLY,18.1952,,10.7770,7.4181,,68.8324,,0,,18.24,1.40,warning,-9.01,,CAMERA_ONLY
0,657.3304,cam_8,CAM_ONLY,18.2128,,10.7770,7.4358,,68.9966,,0,,22.57,1.96,warning,-9.01,,CAMERA_ONLY
0,657.3304,t1753,LIDAR_ONLY,19.9974,19.9974,,,,,,,,22.57,1.96,drive,23.03,front,LIDAR_ONLY
0,657.3304,t1753,LIDAR_ONLY,20.8271,20.8271,,,,,,,,22.57,1.96,drive,27.15,front,LIDAR_ONLY
0,657.3984,cam_8,CAM_ONLY,18.2047,,10.7770,7.4277,,68.9212,,0,,12.26,1.06,warning,-9.01,,CAMERA_ONLY
0,657.4673,t1772,BOTH,18.2273,11.0772,23.4350,5.2077,12.3578,22.2218,52.7321,0,0,14.94,0.95,warning,-9.06,,FULL_ANGLE
0,657.4673,t1772,LIDAR_ONLY,11.0980,11.0980,23.4350,12.3370,12.3370,52.6436,52.6436,0,0,14.94,0.95,cautious,-12.93,front,LIDAR_ONLY
0,657.5379,cam_8,CAM_ONLY,18.1751,,10.7770,7.3980,,68.6459,,0,,16.11,1.62,warning,-9.01,,CAMERA_ONLY
0,657.6024,cam_8,CAM_ONLY,18.2003,,10.7770,7.4233,,68.8803,,0,,17.32,0.94,warning,-9.06,,CAMERA_ONLY
0,657.6622,cam_8,CAM_ONLY,18.2625,,10.7770,7.4855,,69.4578,,0,,10.36,1.04,warning,-9.06,,CAMERA_ONLY
0,657.7262,cam_8,CAM_ONLY,18.2047,,10.7770,7.4277,,68.9211,,0,,11.13,1.58,warning,-9.06,,CAMERA_ONLY
0,657.7893,cam_8,CAM_ONLY,18.1994,,10.7770,7.4223,,68.8716,,0,,15.59,1.56,warning,-9.06,,CAMERA_ONLY
0,657.8525,cam_8,CAM_ONLY,18.2097,,10.7770,7.4327,,68.9675,,0,,10.44,1.14,warning,-9.01,,CAMERA_ONLY
0,657.9082,t1786,BOTH,18.2055,11.1450,23.4359,5.2303,12.2908,22.3176,52.4446,0,0,10.13,0.98,warning,-9.01,,FULL_ANGLE
0,657.9082,t1783,LIDAR_ONLY,28.2352,28.2352,,,,,,,,10.13,0.98,drive,-24.47,front,LIDAR_ONLY
0,657.9082,t1784,LIDAR_ONLY,21.0766,21.0766,11.1457,9.9308,9.9308,89.1000,89.1000,0,0,10.13,0.98,drive,28.04,front,LIDAR_ONLY
0,657.9082,t1786,LIDAR_ONLY,11.2287,11.2287,23.4359,12.2072,12.2072,52.0877,52.0877,0,0,10.13,0.98,cautious,-12.35,front,LIDAR_ONLY
0,657.9082,t1784,LIDAR_ONLY,22.2531,22.2531,11.1457,11.1074,11.1074,99.6561,99.6561,0,0,10.13,0.98,drive,19.96,front,LIDAR_ONLY
0,657.9082,t1784,LIDAR_ONLY,20.8322,20.8322,11.1457,9.6864,9.6864,86.9070,86.9070,0,0,10.13,0.98,drive,19.96,front,LIDAR_ONLY
0,657.9709,cam_8,CAM_ONLY,18.2174,,10.7770,7.4403,,69.0384,,0,,17.64,1.34,warning,-9.01,,CAMERA_ONLY
0,657.9709,t1784,LIDAR_ONLY,20.8434,20.8434,,,,,,,,17.64,1.34,drive,28.12,front,LIDAR_ONLY
0,658.0447,cam_8,CAM_ONLY,18.2225,,10.7770,7.4455,,69.0862,,0,,21.31,2.01,warning,-9.06,,CAMERA_ONLY
0,658.0972,cam_8,CAM_ONLY,18.1775,,10.7770,7.4004,,68.6684,,0,,13.24,0.94,warning,-9.06,,CAMERA_ONLY
0,658.1593,t1793,BOTH,18.1956,11.0897,10.7770,7.4185,0.3127,68.8362,2.9015,0,1,11.39,0.92,warning,-9.06,,FULL_ANGLE
0,658.1593,t1792,LIDAR_ONLY,36.6439,36.6439,11.1457,25.4981,25.4981,228.7705,228.7705,0,0,11.39,0.92,drive,15.68,front,LIDAR_ONLY
0,658.1593,t1793,LIDAR_ONLY,11.0887,11.0887,10.7770,0.3116,0.3116,2.8916,2.8916,1,1,11.39,0.92,cautious,-5.35,front,LIDAR_ONLY
0,658.2259,t1793,BOTH,18.1957,11.1090,10.7770,7.4186,0.3319,68.8371,3.0801,0,1,16.15,1.18,warning,-9.06,,FULL_ANGLE
0,658.2259,t1798,LIDAR_ONLY,21.2120,21.2120,,,,,,,,16.15,1.18,drive,27.84,front,LIDAR_ONLY
0,658.2259,t1792,LIDAR_ONLY,22.8526,22.8526,11.1457,11.7069,11.7069,105.0346,105.0346,0,0,16.15,1.18,drive,19.52,front,LIDAR_ONLY
0,658.3128,t1793,BOTH,18.2318,11.1183,23.4368,5.2050,12.3185,22.2087,52.5606,0,0,26.75,2.39,warning,-9.06,,FULL_ANGLE
0,658.3128,t1798,LIDAR_ONLY,21.5348,21.5348,11.1457,10.3891,10.3891,93.2115,93.2115,0,0,26.75,2.39,drive,25.09,front,LIDAR_ONLY
0,658.3128,t1798,LIDAR_ONLY,21.5612,21.5612,11.1457,10.4155,10.4155,93.4483,93.4483,0,0,26.75,2.39,drive,29.19,front,LIDAR_ONLY
0,658.3128,t1793,LIDAR_ONLY,11.1258,11.1258,23.4368,12.3110,12.3110,52.5284,52.5284,0,0,26.75,2.39,cautious,-11.81,front,LIDAR_ONLY
0,658.3128,t1799,LIDAR_ONLY,9.5341,9.5341,8.8106,0.7236,0.7236,8.2124,8.2124,1,1,26.75,2.39,slow,8.69,front,LIDAR_ONLY
0,658.3128,t1798,LIDAR_ONLY,19.3461,19.3461,11.1457,8.2003,8.2003,73.5738,73.5738,0,0,26.75,2.39,drive,25.09,front,LIDAR_ONLY
0,658.3876,cam_8,CAM_ONLY,18.1967,,10.7770,7.4197,,68.8469,,0,,15.43,4.26,warning,-9.06,,CAMERA_ONLY
0,658.4534,cam_8,CAM_ONLY,18.1885,,10.7770,7.4115,,68.7710,,0,,12.04,2.00,warning,-9.06,,CAMERA_ONLY
0,658.5255,cam_8,CAM_ONLY,18.1999,,10.7770,7.4229,,68.8767,,0,,20.55,1.64,warning,-9.06,,CAMERA_ONLY
0,658.5255,t1798,LIDAR_ONLY,19.4694,19.4694,11.1457,8.3237,8.3237,74.6805,74.6805,0,0,20.55,1.64,drive,28.52,front,LIDAR_ONLY
0,658.5255,t1798,LIDAR_ONLY,19.7039,19.7039,11.1457,8.5582,8.5582,76.7846,76.7846,0,0,20.55,1.64,drive,24.36,front,LIDAR_ONLY
0,658.5992,cam_8,CAM_ONLY,18.2069,,10.7770,7.4299,,68.9415,,0,,17.20,1.07,warning,-9.06,,CAMERA_ONLY
0,658.6666,t1812,BOTH,18.2154,11.1062,10.7770,7.4384,0.3291,69.0205,3.0539,0,1,13.12,1.51,warning,-9.06,,FULL_ANGLE
0,658.6666,t1798,LIDAR_ONLY,20.1955,20.1955,11.1457,9.0497,9.0497,81.1945,81.1945,0,0,13.12,1.51,drive,19.46,front,LIDAR_ONLY
0,658.6666,t1812,LIDAR_ONLY,11.1033,11.1033,10.7770,0.3263,0.3263,3.0273,3.0273,1,1,13.12,1.51,cautious,-5.54,front,LIDAR_ONLY
0,658.6666,t1798,LIDAR_ONLY,20.5905,20.5905,11.1457,9.4448,9.4448,84.7391,84.7391,0,0,13.12,1.51,drive,27.80,front,LIDAR_ONLY
0,658.6666,t1798,LIDAR_ONLY,20.8701,20.8701,11.1457,9.7243,9.7243,87.2471,87.2471,0,0,13.12,1.51,drive,19.46,front,LIDAR_ONLY
0,658.7295,t1812,BOTH,18.2015,11.1082,10.7770,7.4244,0.3312,68.8911,3.0731,0,1,18.02,1.83,warning,-9.06,,FULL_ANGLE
0,658.7295,t1798,LIDAR_ONLY,21.4635,21.4635,,,,,,,,18.02,1.83,drive,22.63,front,LIDAR_ONLY
0,658.7295,t1798,LIDAR_ONLY,21.7512,21.7512,,,,,,,,18.02,1.83,drive,26.81,front,LIDAR_ONLY
0,658.7295,t1812,LIDAR_ONLY,11.1079,11.1079,10.7770,0.3309,0.3309,3.0703,3.0703,1,1,18.02,1.83,cautious,-6.63,front,LIDAR_ONLY
0,658.7295,t1813,LIDAR_ONLY,9.5399,9.5399,8.8106,0.7294,0.7294,8.2783,8.2783,1,1,18.02,1.83,slow,10.09,front,LIDAR_ONLY
0,658.7949,cam_8,CAM_ONLY,18.1991,,10.7770,7.4220,,68.8686,,0,,16.37,1.20,warning,-9.06,,CAMERA_ONLY
0,658.8679,t1812,BOTH,18.2328,11.1039,23.4379,5.2051,12.3340,22.2080,52.6243,0,0,15.13,1.90,warning,-9.10,,FULL_ANGLE
0,658.8679,t1816,LIDAR_ONLY,28.1888,28.1888,,,,,,,,15.13,1.90,drive,-24.59,front,LIDAR_ONLY
0,658.8679,t1812,LIDAR_ONLY,11.1115,11.1115,23.4379,12.3264,12.3264,52.5919,52.5919,0,0,15.13,1.90,cautious,-12.38,front,LIDAR_ONLY
0,658.9396,cam_8,CAM_ONLY,18.1854,,10.7770,7.4084,,68.7421,,0,,21.48,1.50,warning,-9.10,,CAMERA_ONLY
0,659.0000,cam_8,CAM_ONLY,18.2025,,10.7770,7.4255,,68.9009,,0,,16.28,1.19,warning,-9.06,,CAMERA_ONLY
0,659.0540,cam_8,CAM_ONLY,18.1969,,10.7770,7.4199,,68.8489,,0,,15.23,1.18,warning,-9.06,,CAMERA_ONLY
0,659.1336,cam_8,CAM_ONLY,18.1958,,10.7770,7.4188,,68.8388,,0,,18.50,1.70,warning,-9.06,,CAMERA_ONLY
0,659.1938,cam_8,CAM_ONLY,18.2171,,10.7770,7.4400,,69.0356,,0,,13.46,0.97,warning,-9.10,,CAMERA_ONLY
0,659.2599,cam_8,CAM_ONLY,18.2166,,10.7770,7.4395,,69.0313,,0,,12.44,0.92,warning,-9.06,,CAMERA_ONLY
0,659.3266,cam_8,CAM_ONLY,18.1933,,10.7770,7.4162,,68.8148,,0,,12.40,1.71,warning,-9.06,,CAMERA_ONLY
0,659.3864,cam_8,CAM_ONLY,18.1884,,10.7770,7.4114,,68.7701,,0,,10.01,1.00,warning,-9.06,,CAMERA_ONLY
0,659.4472,cam_8,CAM_ONLY,18.2218,,10.7770,7.4447,,69.0793,,0,,11.32,0.92,warning,-9.06,,CAMERA_ONLY
0,659.5144,t1835,BOTH,18.1801,11.0687,10.7770,7.4030,0.2916,68.6925,2.7061,0,1,18.85,1.25,warning,-9.01,,FULL_ANGLE
0,659.5144,t1834,LIDAR_ONLY,25.8830,25.8830,8.8106,17.0724,17.0724,193.7717,193.7717,0,0,18.85,1.25,drive,22.52,front,LIDAR_ONLY
0,659.5144,t1834,LIDAR_ONLY,24.2540,24.2540,8.8106,15.4435,15.4435,175.2834,175.2834,0,0,18.85,1.25,drive,26.62,front,LIDAR_ONLY
0,659.5144,t1835,LIDAR_ONLY,11.0649,11.0649,10.7770,0.2878,0.2878,2.6707,2.6707,1,1,18.85,1.25,cautious,-6.15,front,LIDAR_ONLY
0,659.5144,t1834,LIDAR_ONLY,24.8844,24.8844,8.8106,16.0739,16.0739,182.4384,182.4384,0,0,18.85,1.25,drive,18.43,front,LIDAR_ONLY
0,659.5144,t1834,LIDAR_ONLY,19.9146,19.9146,8.8106,11.1040,11.1040,126.0309,126.0309,0,0,18.85,1.25,drive,10.23,front,LIDAR_ONLY
0,659.5755,t1835,BOTH,18.2066,11.0721,10.7770,7.4296,0.2951,68.9390,2.7379,0,1,16.43,2.32,warning,-9.06,,FULL_ANGLE
0,659.5755,t1837,LIDAR_ONLY,24.5073,24.5073,11.1457,13.3616,13.3616,119.8808,119.8808,0,0,16.43,2.32,drive,23.86,front,LIDAR_ONLY
0,659.5755,t1837,LIDAR_ONLY,22.4162,22.4162,11.1457,11.2704,11.2704,101.1189,101.1189,0,0,16.43,2.32,drive,27.88,front,LIDAR_ONLY
0,659.5755,t1837,LIDAR_ONLY,19.6356,19.6356,11.1457,8.4898,8.4898,76.1711,76.1711,0,0,16.43,2.32,drive,19.84,front,LIDAR_ONLY
0,659.6425,cam_8,CAM_ONLY,18.2413,,10.7770,7.4642,,69.2604,,0,,18.33,1.27,warning,-9.06,,CAMERA_ONLY
0,659.7123,cam_8,CAM_ONLY,18.1927,,10.7770,7.4156,,68.8094,,0,,13.14,0.95,warning,-9.06,,CAMERA_ONLY
0,659.7824,cam_8,CAM_ONLY,18.1945,,10.7770,7.4175,,68.8264,,0,,16.89,1.51,warning,-9.06,,CAMERA_ONLY
0,659.8452,cam_8,CAM_ONLY,18.2028,,10.7770,7.4257,,68.9031,,0,,12.51,0.82,warning,-9.06,,CAMERA_ONLY
0,659.9079,cam_8,CAM_ONLY,18.2041,,10.7770,7.4271,,68.9155,,0,,13.82,0.96,warning,-9.06,,CAMERA_ONLY
0,659.9780,cam_8,CAM_ONLY,18.1906,,10.7770,7.4136,,68.7906,,0,,18.56,1.71,warning,-9.01,,CAMERA_ONLY
0,659.9780,t1851,LIDAR_ONLY,22.5085,22.5085,,,,,,,,18.56,1.71,drive,26.12,front,LIDAR_ONLY
0,660.0449,cam_8,CAM_ONLY,18.1862,,10.7770,7.4092,,68.7497,,0,,17.51,0.94,warning,-9.06,,CAMERA_ONLY
0,660.1311,cam_8,CAM_ONLY,18.1916,,10.7770,7.4145,,68.7992,,0,,19.07,1.83,warning,-9.01,,CAMERA_ONLY
0,660.1311,t1851,LIDAR_ONLY,22.3088,22.3088,,,,,,,,19.07,1.83,drive,26.63,front,LIDAR_ONLY
0,660.1311,t1857,LIDAR_ONLY,9.2535,9.2535,8.8106,0.4430,0.4430,5.0277,5.0277,1,1,19.07,1.83,slow,10.11,front,LIDAR_ONLY
0,660.1946,cam_8,CAM_ONLY,18.2425,,10.7770,7.4655,,69.2719,,0,,12.69,0.87,warning,-9.06,,CAMERA_ONLY
0,660.2672,cam_8,CAM_ONLY,18.2010,,10.7770,7.4240,,68.8867,,0,,11.76,1.39,warning,-9.01,,CAMERA_ONLY
0,660.2672,t1851,LIDAR_ONLY,21.9143,21.9143,,,,,,,,11.76,1.39,drive,27.96,front,LIDAR_ONLY
0,660.3358,cam_8,CAM_ONLY,18.2253,,10.7770,7.4482,,69.1119,,0,,23.13,1.02,warning,-9.06,,CAMERA_ONLY
0,660.4041,cam_8,CAM_ONLY,18.2094,,10.7770,7.4323,,68.9643,,0,,16.13,1.27,warning,-9.06,,CAMERA_ONLY
0,660.4765,cam_8,CAM_ONLY,18.2277,,10.7770,7.4507,,69.1346,,0,,17.18,1.86,warning,-9.10,,CAMERA_ONLY
0,660.4765,t1863,LIDAR_ONLY,9.3353,9.3353,8.8106,0.5247,0.5247,5.9558,5.9558,1,1,17.18,1.86,slow,9.88,front,LIDAR_ONLY
0,660.5543,cam_8,CAM_ONLY,18.1880,,10.7770,7.4110,,68.7662,,0,,14.20,1.06,warning,-9.06,,CAMERA_ONLY
0,660.6120,cam_8,CAM_ONLY,18.2158,,10.7770,7.4387,,69.0237,,0,,16.13,1.15,warning,-9.06,,CAMERA_ONLY
0,660.6703,cam_8,CAM_ONLY,18.2206,,10.7770,7.4436,,69.0687,,0,,10.23,1.74,warning,-9.06,,CAMERA_ONLY
0,660.7356,cam_8,CAM_ONLY,18.1988,,10.7770,7.4218,,68.8663,,0,,17.56,1.82,warning,-9.06,,CAMERA_ONLY
0,660.8007,cam_8,CAM_ONLY,18.2080,,10.7770,7.4310,,68.9520,,0,,15.40,1.20,warning,-9.06,,CAMERA_ONLY
0,660.8756,t1872,BOTH,18.2214,11.1121,10.7770,7.4443,0.3350,69.0758,3.1086,0,1,15.09,1.04,warning,-9.06,,FULL_ANGLE
0,660.8756,t1871,LIDAR_ONLY,22.9369,22.9369,,,,,,,,15.09,1.04,drive,25.60,front,LIDAR_ONLY
0,660.8756,t1871,LIDAR_ONLY,21.4460,21.4460,,,,,,,,15.09,1.04,drive,29.71,front,LIDAR_ONLY
0,660.8756,t1872,LIDAR_ONLY,11.1671,11.1671,10.7770,0.3900,0.3900,3.6189,3.6189,1,1,15.09,1.04,cautious,-11.34,front,LIDAR_ONLY
0,660.8756,t1873,LIDAR_ONLY,9.4166,9.4166,8.8106,0.6060,0.6060,6.8779,6.8779,1,1,15.09,1.04,slow,9.18,front,LIDAR_ONLY
0,660.9492,cam_8,CAM_ONLY,18.1920,,10.7770,7.4150,,68.8035,,0,,22.23,1.48,warning,-9.01,,CAMERA_ONLY
0,661.0262,cam_8,CAM_ONLY,18.2007,,10.7770,7.4236,,68.8838,,0,,16.71,1.45,warning,-9.01,,CAMERA_ONLY
0,661.0262,t1878,LIDAR_ONLY,12.4521,12.4521,11.1457,1.3063,1.3063,11.7204,11.7204,0,0,16.71,1.45,cautious,19.24,front,LIDAR_ONLY
0,661.0887,cam_8,CAM_ONLY,18.2137,,10.7770,7.4367,,69.0049,,0,,12.16,0.88,warning,-9.01,,CAMERA_ONLY
0,661.1453,cam_8,CAM_ONLY,18.1852,,10.7770,7.4081,,68.7397,,0,,13.44,1.10,warning,-9.01,,CAMERA_ONLY
0,661.2166,t1882,BOTH,18.1850,11.1419,10.7770,7.4080,0.3648,68.7384,3.3851,0,1,22.04,0.94,warning,-9.06,,FULL_ANGLE
0,661.2166,t1882,LIDAR_ONLY,11.0900,11.0900,10.7770,0.3129,0.3129,2.9034,2.9034,1,1,22.04,0.94,cautious,-6.18,front,LIDAR_ONLY
0,661.2166,t1878,LIDAR_ONLY,12.5338,12.5338,11.1457,1.3881,1.3881,12.4541,12.4541,0,0,22.04,0.94,cautious,18.20,front,LIDAR_ONLY
0,661.2882,cam_8,CAM_ONLY,18.2097,,10.7770,7.4327,,68.9678,,0,,20.23,1.41,warning,-9.06,,CAMERA_ONLY
0,661.3544,cam_8,CAM_ONLY,18.2157,,10.7770,7.4387,,69.0233,,0,,17.52,1.08,warning,-9.06,,CAMERA_ONLY
0,661.4135,t1882,BOTH,18.2078,11.0969,10.7770,7.4307,0.3198,68.9493,2.9678,0,1,10.51,1.04,warning,-9.06,,FULL_ANGLE
0,661.4860,cam_8,CAM_ONLY,18.2071,,10.7770,7.4300,,68.9432,,0,,20.19,4.31,warning,-9.06,,CAMERA_ONLY
0,661.5483,cam_8,CAM_ONLY,18.1889,,10.7770,7.4119,,68.7748,,0,,10.46,0.97,warning,-9.06,,CAMERA_ONLY
0,661.6090,cam_8,CAM_ONLY,18.2110,,10.7770,7.4340,,68.9796,,0,,15.39,1.06,warning,-9.06,,CAMERA_ONLY
0,661.6805,cam_8,CAM_ONLY,18.1877,,10.7770,7.4107,,68.7634,,0,,22.39,2.67,warning,-9.06,,CAMERA_ONLY
0,661.7442,cam_8,CAM_ONLY,18.2213,,10.7770,7.4442,,69.0749,,0,,15.21,1.10,warning,-9.06,,CAMERA_ONLY
0,661.8230,t1898,BOTH,18.2371,11.2023,23.4438,5.2068,12.2415,22.2095,52.2163,0,0,23.22,1.37,warning,-9.14,,FULL_ANGLE
0,661.8230,t1898,LIDAR_ONLY,11.2676,11.2676,23.4438,12.1762,12.1762,51.9377,51.9377,0,0,23.22,1.37,cautious,-12.86,front,LIDAR_ONLY
0,661.8876,cam_8,CAM_ONLY,18.1974,,10.7770,7.4203,,68.8532,,0,,11.31,0.90,warning,-9.06,,CAMERA_ONLY
0,661.9468,cam_8,CAM_ONLY,18.2246,,10.7770,7.4476,,69.1061,,0,,13.74,0.96,warning,-9.06,,CAMERA_ONLY
0,662.0096,t1898,BOTH,18.2241,11.1449,10.7770,7.4470,0.3679,69.1008,3.4137,0,1,10.33,1.02,warning,-9.06,,FULL_ANGLE
0,662.0096,t1900,LIDAR_ONLY,24.1743,24.1743,,,,,,,,10.33,1.02,drive,24.21,front,LIDAR_ONLY
0,662.0096,t1900,LIDAR_ONLY,22.5379,22.5379,,,,,,,,10.33,1.02,drive,28.25,front,LIDAR_ONLY
0,662.0096,t1901,LIDAR_ONLY,9.8425,9.8425,8.8106,1.0319,1.0319,11.7123,11.7123,0,0,10.33,1.02,cautious,8.05,front,LIDAR_ONLY
0,662.0664,cam_8,CAM_ONLY,18.2021,,10.7770,7.4250,,68.8968,,0,,11.09,1.48,warning,-9.06,,CAMERA_ONLY
0,662.0664,t1900,LIDAR_ONLY,22.9813,22.9813,11.1457,11.8356,11.8356,106.1896,106.1896,0,0,11.09,1.48,drive,21.52,front,LIDAR_ONLY
0,662.0664,t1900,LIDAR_ONLY,22.5456,22.5456,11.1457,11.3999,11.3999,102.2801,102.2801,0,0,11.09,1.48,drive,29.75,front,LIDAR_ONLY
0,662.0664,t1901,LIDAR_ONLY,13.3186,13.3186,8.8106,4.5080,4.5080,51.1659,51.1659,0,0,11.09,1.48,cautious,17.41,front,LIDAR_ONLY
0,662.0664,t1900,LIDAR_ONLY,22.5649,22.5649,11.1457,11.4192,11.4192,102.4533,102.4533,0,0,11.09,1.48,drive,25.63,front,LIDAR_ONLY
0,662.0664,t1901,LIDAR_ONLY,14.2893,14.2893,8.8106,5.4788,5.4788,62.1841,62.1841,0,0,11.09,1.48,cautious,9.18,front,LIDAR_ONLY
0,662.1225,cam_8,CAM_ONLY,18.1928,,10.7770,7.4158,,68.8107,,0,,9.98,1.77,warning,-9.06,,CAMERA_ONLY
0,662.1917,cam_8,CAM_ONLY,18.2058,,10.7770,7.4287,,68.9311,,0,,23.58,1.45,warning,-9.06,,CAMERA_ONLY
0,662.2628,t1908,BOTH,18.1884,11.0672,10.7770,7.4113,0.2902,68.7694,2.6924,0,1,18.38,1.04,warning,-9.06,,FULL_ANGLE
0,662.2628,t1908,LIDAR_ONLY,11.0760,11.0760,10.7770,0.2990,0.2990,2.7743,2.7743,1,1,18.38,1.04,cautious,-11.26,front,LIDAR_ONLY
0,662.2628,t1901,LIDAR_ONLY,13.8839,13.8839,8.8106,5.0734,5.0734,57.5826,57.5826,0,0,18.38,1.04,cautious,9.37,front,LIDAR_ONLY
0,662.3214,t1908,BOTH,18.2316,11.1044,23.4451,5.2135,12.3407,22.2369,52.6366,0,0,11.14,1.23,warning,-9.06,,FULL_ANGLE
0,662.3214,t1911,LIDAR_ONLY,28.2081,28.2081,,,,,,,,11.14,1.23,drive,-24.80,front,LIDAR_ONLY
0,662.3214,t1913,LIDAR_ONLY,23.3499,23.3499,,,,,,,,11.14,1.23,drive,25.12,front,LIDAR_ONLY
0,662.3214,t1913,LIDAR_ONLY,22.1744,22.1744,,,,,,,,11.14,1.23,drive,29.28,front,LIDAR_ONLY
0,662.3214,t1908,LIDAR_ONLY,11.0942,11.0942,23.4451,12.3509,12.3509,52.6801,52.6801,0,0,11.14,1.23,cautious,-12.32,front,LIDAR_ONLY
0,662.3764,cam_8,CAM_ONLY,18.2413,,10.7770,7.4643,,69.2609,,0,,10.05,1.51,warning,-9.10,,CAMERA_ONLY
0,662.3764,t1913,LIDAR_ONLY,21.8262,21.8262,,,,,,,,10.05,1.51,drive,28.29,front,LIDAR_ONLY
0,662.4434,cam_8,CAM_ONLY,18.1917,,10.7770,7.4147,,68.8004,,0,,15.09,0.93,warning,-9.06,,CAMERA_ONLY
0,662.5031,cam_8,CAM_ONLY,18.2147,,10.7770,7.4376,,69.0136,,0,,14.84,1.15,warning,-9.06,,CAMERA_ONLY
0,662.5644,t1925,BOTH,18.2358,11.1288,23.4455,5.2098,12.3168,22.2207,52.5336,0,0,11.19,1.36,warning,-9.06,,FULL_ANGLE
0,662.5644,t1925,LIDAR_ONLY,11.2020,11.2020,23.4455,12.2435,12.2435,52.2211,52.2211,0,0,11.19,1.36,cautious,-11.81,front,LIDAR_ONLY
0,662.5644,t1913,LIDAR_ONLY,21.4552,21.4552,,,,,,,,11.19,1.36,drive,28.98,front,LIDAR_ONLY
0,662.6243,t1925,BOTH,18.1972,11.1097,23.4458,5.2485,12.3361,22.3859,52.6154,0,0,17.52,1.11,warning,-9.06,,FULL_ANGLE
0,662.6243,t1926,LIDAR_ONLY,28.2193,28.2193,,,,,,,,17.52,1.11,drive,-24.82,front,LIDAR_ONLY
0,662.6243,t1913,LIDAR_ONLY,21.1339,21.1339,,,,,,,,17.52,1.11,drive,29.77,front,LIDAR_ONLY
0,662.6243,t1925,LIDAR_ONLY,11.1150,11.1150,23.4458,12.3307,12.3307,52.5926,52.5926,0,0,17.52,1.11,cautious,-12.22,front,LIDAR_ONLY
0,662.6875,cam_8,CAM_ONLY,18.2078,,10.7770,7.4307,,68.9494,,0,,17.48,1.79,warning,-9.06,,CAMERA_ONLY
0,662.7576,cam_8,CAM_ONLY,18.1853,,10.7770,7.4083,,68.7414,,0,,16.94,1.00,warning,-9.06,,CAMERA_ONLY
0,662.8191,t1925,BOTH,18.2062,11.1192,10.7770,7.4291,0.3422,68.9348,3.1751,0,1,11.23,1.40,warning,-9.06,,FULL_ANGLE
0,662.8191,t1934,LIDAR_ONLY,48.6795,48.6795,8.8106,39.8689,39.8689,452.5128,452.5128,0,0,11.23,1.40,drive,5.59,front,LIDAR_ONLY
0,662.8191,t1913,LIDAR_ONLY,20.8395,20.8395,,,,,,,,11.23,1.40,drive,26.07,front,LIDAR_ONLY
0,662.8191,t1925,LIDAR_ONLY,11.0995,11.0995,10.7770,0.3225,0.3225,2.9923,2.9923,1,1,11.23,1.40,cautious,-6.69,front,LIDAR_ONLY
0,662.8191,t1934,LIDAR_ONLY,31.8406,31.8406,8.8106,23.0301,23.0301,261.3914,261.3914,0,0,11.23,1.40,drive,9.69,front,LIDAR_ONLY
0,662.8741,cam_8,CAM_ONLY,18.2273,,10.7770,7.4503,,69.1307,,0,,11.66,1.84,warning,-9.06,,CAMERA_ONLY
0,662.9398,cam_8,CAM_ONLY,18.1908,,10.7770,7.4137,,68.7918,,0,,17.40,1.05,warning,-9.01,,CAMERA_ONLY
0,663.0110,cam_8,CAM_ONLY,18.1944,,10.7770,7.4173,,68.8252,,0,,20.14,1.02,warning,-9.10,,CAMERA_ONLY
0,663.0828,cam_8,CAM_ONLY,18.2031,,10.7770,7.4260,,68.9060,,0,,18.08,3.45,warning,-9.06,,CAMERA_ONLY
0,663.1583,cam_8,CAM_ONLY,18.2558,,10.7770,7.4788,,69.3954,,0,,21.10,0.97,warning,-9.06,,CAMERA_ONLY
0,663.2263,cam_8,CAM_ONLY,18.1977,,10.7770,7.4207,,68.8561,,0,,13.06,1.50,warning,-9.06,,CAMERA_ONLY
0,663.2263,t1945,LIDAR_ONLY,20.7003,20.7003,,,,,,,,13.06,1.50,drive,28.59,front,LIDAR_ONLY
0,663.2937,cam_8,CAM_ONLY,18.1931,,10.7770,7.4160,,68.8133,,0,,19.46,0.95,warning,-9.10,,CAMERA_ONLY
0,663.3653,t1947,BOTH,18.2030,11.1074,23.4473,5.2443,12.3399,22.3663,52.6283,0,0,20.50,0.96,warning,-9.06,,FULL_ANGLE
0,663.3653,t1945,LIDAR_ONLY,20.7853,20.7853,,,,,,,,20.50,0.96,drive,27.93,front,LIDAR_ONLY
0,663.3653,t1947,LIDAR_ONLY,11.1256,11.1256,23.4473,12.3217,12.3217,52.5505,52.5505,0,0,20.50,0.96,cautious,-13.15,front,LIDAR_ONLY
0,663.4340,cam_8,CAM_ONLY,18.1914,,10.7770,7.4143,,68.7975,,0,,15.58,1.61,warning,-9.01,,CAMERA_ONLY
0,663.5047,t1947,BOTH,18.1964,11.1340,10.7770,7.4193,0.3570,68.8440,3.3124,0,1,20.66,1.79,warning,-9.06,,FULL_ANGLE
0,663.5047,t1947,LIDAR_ONLY,11.1111,11.1111,10.7770,0.3340,0.3340,3.0994,3.0994,1,1,20.66,1.79,cautious,-6.39,front,LIDAR_ONLY
0,663.5773,cam_8,CAM_ONLY,18.1980,,10.7770,7.4209,,68.8585,,0,,20.86,4.30,warning,-9.01,,CAMERA_ONLY
0,663.5773,t1945,LIDAR_ONLY,18.5916,18.5916,11.1457,7.4458,7.4458,66.8045,66.8045,0,0,20.86,4.30,drive,22.45,front,LIDAR_ONLY
0,663.6531,cam_8,CAM_ONLY,18.1973,,10.7770,7.4202,,68.8519,,0,,19.69,1.00,warning,-9.10,,CAMERA_ONLY
0,663.7195,t1947,BOTH,18.2126,11.1128,10.7770,7.4356,0.3358,68.9943,3.1157,0,1,21.23,1.12,warning,-9.06,,FULL_ANGLE
0,663.7195,t1945,LIDAR_ONLY,18.7817,18.7817,11.1457,7.6360,7.6360,68.5103,68.5103,0,0,21.23,1.12,drive,27.37,front,LIDAR_ONLY
0,663.7195,t1945,LIDAR_ONLY,19.4944,19.4944,11.1457,8.3486,8.3486,74.9043,74.9043,0,0,21.23,1.12,drive,19.03,front,LIDAR_ONLY
0,663.7195,t1947,LIDAR_ONLY,11.1001,11.1001,10.7770,0.3231,0.3231,2.9978,2.9978,1,1,21.23,1.12,cautious,-6.01,front,LIDAR_ONLY
0,663.7195,t1945,LIDAR_ONLY,19.5520,19.5520,11.1457,8.4063,8.4063,75.4213,75.4213,0,0,21.23,1.12,drive,23.20,front,LIDAR_ONLY
0,663.7867,cam_8,CAM_ONLY,18.2428,,10.7770,7.4658,,69.2748,,0,,13.69,1.47,warning,-9.06,,CAMERA_ONLY
0,663.8594,cam_8,CAM_ONLY,18.2074,,10.7770,7.4303,,68.9456,,0,,14.35,1.08,warning,-9.06,,CAMERA_ONLY
0,663.9320,cam_8,CAM_ONLY,18.2028,,10.7770,7.4257,,68.9033,,0,,12.97,1.71,warning,-9.10,,CAMERA_ONLY
0,664.0011,cam_8,CAM_ONLY,18.2073,,10.7770,7.4302,,68.9451,,0,,12.46,0.97,warning,-9.01,,CAMERA_ONLY
0,664.0685,cam_8,CAM_ONLY,18.2294,,10.7770,7.4523,,69.1501,,0,,11.76,1.35,warning,-9.10,,CAMERA_ONLY
0,664.0685,t1965,LIDAR_ONLY,12.2567,12.2567,11.1457,1.1110,1.1110,9.9681,9.9681,0,0,11.76,1.35,cautious,20.00,front,LIDAR_ONLY
0,664.1324,cam_8,CAM_ONLY,18.2032,,10.7770,7.4262,,68.9071,,0,,18.79,1.73,warning,-9.06,,CAMERA_ONLY
0,664.1966,cam_8,CAM_ONLY,18.2241,,10.7770,7.4471,,69.1014,,0,,11.46,1.52,warning,-9.06,,CAMERA_ONLY
0,664.2609,t1972,BOTH,18.2352,11.1348,10.7770,7.4581,0.3578,69.2036,3.3199,0,1,17.38,0.99,warning,-9.10,,FULL_ANGLE
0,664.2609,t1972,LIDAR_ONLY,11.1769,11.1769,10.7770,0.3998,0.3998,3.7101,3.7101,1,1,17.38,0.99,cautious,-11.23,front,LIDAR_ONLY
0,664.3299,cam_8,CAM_ONLY,18.1992,,10.7770,7.4221,,68.8699,,0,,13.45,1.61,warning,-9.01,,CAMERA_ONLY
0,664.3948,cam_8,CAM_ONLY,18.2036,,10.7770,7.4265,,68.9104,,0,,13.01,0.94,warning,-9.06,,CAMERA_ONLY
0,664.4656,t1972,BOTH,18.2091,11.1275,10.7770,7.4320,0.3504,68.9618,3.2517,0,1,16.12,1.35,warning,-9.01,,FULL_ANGLE
0,664.4656,t1975,LIDAR_ONLY,21.8298,21.8298,,,,,,,,16.12,1.35,drive,27.00,front,LIDAR_ONLY
0,664.4656,t1977,LIDAR_ONLY,9.2718,9.2718,8.8106,0.4612,0.4612,5.2347,5.2347,1,1,16.12,1.35,slow,10.58,front,LIDAR_ONLY
0,664.5261,cam_8,CAM_ONLY,18.2356,,10.7770,7.4585,,69.2074,,0,,15.47,1.62,warning,-9.06,,CAMERA_ONLY
0,664.5918,cam_8,CAM_ONLY,18.2029,,10.7770,7.4259,,68.9046,,0,,14.79,1.19,warning,-9.06,,CAMERA_ONLY
0,664.6588,cam_8,CAM_ONLY,18.2043,,10.7770,7.4273,,68.9175,,0,,16.96,1.03,warning,-9.06,,CAMERA_ONLY
0,664.7214,cam_8,CAM_ONLY,18.2533,,10.7770,7.4763,,69.3724,,0,,10.97,1.53,warning,-9.06,,CAMERA_ONLY
0,664.7774,cam_8,CAM_ONLY,18.1862,,10.7770,7.4091,,68.7492,,0,,14.41,1.61,warning,-9.01,,CAMERA_ONLY
0,664.7774,t1983,LIDAR_ONLY,20.0822,20.0822,,,,,,,,14.41,1.61,drive,29.55,front,LIDAR_ONLY
0,664.7774,t1984,LIDAR_ONLY,9.6169,9.6169,11.1457,1.5289,1.5289,13.7170,13.7170,0,0,14.41,1.61,cautious,8.58,front,LIDAR_ONLY
0,664.7774,t1984,LIDAR_ONLY,10.2538,10.2538,11.1457,0.8919,0.8919,8.0022,8.0022,1,1,14.41,1.61,cautious,16.97,front,LIDAR_ONLY
0,664.7774,t1984,LIDAR_ONLY,10.7373,10.7373,11.1457,0.4085,0.4085,3.6648,3.6648,1,1,14.41,1.61,cautious,21.16,front,LIDAR_ONLY
0,664.8448,cam_8,CAM_ONLY,18.2151,,10.7770,7.4380,,69.0171,,0,,16.40,1.34,warning,-9.10,,CAMERA_ONLY
0,664.9264,cam_8,CAM_ONLY,18.1975,,10.7770,7.4204,,68.8538,,0,,15.93,1.33,warning,-9.06,,CAMERA_ONLY
0,664.9264,t1983,LIDAR_ONLY,20.1619,20.1619,,,,,,,,15.93,1.33,drive,28.72,front,LIDAR_ONLY
0,664.9264,t1984,LIDAR_ONLY,11.1130,11.1130,11.1457,0.0327,0.0327,0.2936,0.2936,1,1,15.93,1.33,cautious,24.63,front,LIDAR_ONLY
0,664.9919,cam_8,CAM_ONLY,18.2044,,10.7770,7.4273,,68.9180,,0,,17.17,1.09,warning,-9.06,,CAMERA_ONLY
0,665.0749,cam_8,CAM_ONLY,18.1986,,10.7770,7.4216,,68.8647,,0,,27.04,3.53,warning,-9.01,,CAMERA_ONLY
0,665.1377,cam_8,CAM_ONLY,18.1960,,10.7770,7.4190,,68.8406,,0,,14.85,0.88,warning,-9.06,,CAMERA_ONLY
0,665.2082,cam_8,CAM_ONLY,18.2278,,10.7770,7.4507,,69.1353,,0,,18.71,1.01,warning,-9.06,,CAMERA_ONLY
0,665.2779,cam_8,CAM_ONLY,18.2538,,10.7770,7.4767,,69.3764,,0,,15.22,1.45,warning,-9.06,,CAMERA_ONLY
0,665.2779,t1998,LIDAR_ONLY,20.3337,20.3337,11.1457,9.1880,9.1880,82.4352,82.4352,0,0,15.22,1.45,drive,29.15,front,LIDAR_ONLY
0,665.2779,t1998,LIDAR_ONLY,17.5872,17.5872,11.1457,6.4415,6.4415,57.7934,57.7934,0,0,15.22,1.45,drive,21.13,front,LIDAR_ONLY
0,665.3490,cam_8,CAM_ONLY,18.2190,,10.7770,7.4420,,69.0541,,0,,19.49,1.76,warning,-9.06,,CAMERA_ONLY
0,665.4178,t2002,BOTH,18.2089,11.1608,23.4518,5.2429,12.2910,22.3560,52.4098,0,0,14.68,2.15,warning,-9.06,,FULL_ANGLE
0,665.4178,t2000,LIDAR_ONLY,28.2184,28.2184,,,,,,,,14.68,2.15,drive,-24.50,front,LIDAR_ONLY
0,665.4178,t1998,LIDAR_ONLY,18.3453,18.3453,11.1457,7.1996,7.1996,64.5947,64.5947,0,0,14.68,2.15,drive,20.89,front,LIDAR_ONLY
0,665.4178,t1998,LIDAR_ONLY,18.8871,18.8871,11.1457,7.7413,7.7413,69.4555,69.4555,0,0,14.68,2.15,drive,29.14,front,LIDAR_ONLY
0,665.4178,t2002,LIDAR_ONLY,11.2110,11.2110,23.4518,12.2408,12.2408,52.1957,52.1957,0,0,14.68,2.15,cautious,-12.12,front,LIDAR_ONLY
0,665.4178,t1998,LIDAR_ONLY,19.4308,19.4308,11.1457,8.2851,8.2851,74.3342,74.3342,0,0,14.68,2.15,drive,25.01,front,LIDAR_ONLY
0,665.4913,cam_8,CAM_ONLY,18.1992,,10.7770,7.4221,,68.8698,,0,,15.27,1.00,warning,-9.06,,CAMERA_ONLY
0,665.5695,t2002,BOTH,18.2348,11.1527,10.7770,7.4577,0.3756,69.2001,3.4854,0,1,20.14,1.11,warning,-9.06,,FULL_ANGLE
0,665.5695,t2002,LIDAR_ONLY,11.1283,11.1283,10.7770,0.3513,0.3513,3.2596,3.2596,1,1,20.14,1.11,cautious,-6.26,front,LIDAR_ONLY
0,665.6338,cam_8,CAM_ONLY,18.2088,,10.7770,7.4318,,68.9591,,0,,14.38,1.62,warning,-9.06,,CAMERA_ONLY
0,665.6955,cam_8,CAM_ONLY,18.2075,,10.7770,7.4304,,68.9467,,0,,10.23,1.14,warning,-9.06,,CAMERA_ONLY
0,665.7505,cam_8,CAM_ONLY,18.2508,,10.7770,7.4738,,69.3489,,0,,10.26,1.01,warning,-9.06,,CAMERA_ONLY
0,665.8193,t2015,BOTH,18.2022,11.1186,23.4526,5.2504,12.3340,22.3872,52.5913,0,0,16.87,1.01,warning,-9.06,,FULL_ANGLE
0,665.8193,t2014,LIDAR_ONLY,28.1927,28.1927,,,,,,,,16.87,1.01,drive,-24.72,front,LIDAR_ONLY
0,665.8193,t2015,LIDAR_ONLY,11.1961,11.1961,23.4526,12.2564,12.2564,52.2606,52.2606,0,0,16.87,1.01,cautious,-12.11,front,LIDAR_ONLY
0,665.8193,t2016,LIDAR_ONLY,9.4950,9.4950,8.8106,0.6844,0.6844,7.7678,7.7678,1,1,16.87,1.01,slow,8.90,front,LIDAR_ONLY
0,665.8910,cam_8,CAM_ONLY,18.1976,,10.7770,7.4206,,68.8553,,0,,15.43,1.15,warning,-9.06,,CAMERA_ONLY
0,665.9469,cam_8,CAM_ONLY,18.2537,,10.7770,7.4767,,69.3759,,0,,14.18,1.08,warning,-9.06,,CAMERA_ONLY
0,666.0051,cam_8,CAM_ONLY,18.2111,,10.7770,7.4341,,68.9805,,0,,13.60,1.16,warning,-9.06,,CAMERA_ONLY
0,666.0888,cam_8,CAM_ONLY,18.1972,,10.7770,7.4202,,68.8515,,0,,15.45,1.77,warning,-9.06,,CAMERA_ONLY
0,666.1700,t2029,BOTH,18.1926,11.0843,10.7770,7.4155,0.3073,68.8087,2.8513,0,1,15.88,1.15,warning,-9.06,,FULL_ANGLE
0,666.1700,t2027,LIDAR_ONLY,20.5423,20.5423,,,,,,,,15.88,1.15,drive,28.83,front,LIDAR_ONLY
0,666.1700,t2029,LIDAR_ONLY,11.1078,11.1078,10.7770,0.3307,0.3307,3.0687,3.0687,1,1,15.88,1.15,cautious,-12.81,front,LIDAR_ONLY
0,666.1700,t2029,LIDAR_ONLY,11.3998,11.3998,10.7770,0.6227,0.6227,5.7781,5.7781,1,1,15.88,1.15,cautious,-4.48,front,LIDAR_ONLY
0,666.1700,t2030,LIDAR_ONLY,9.9047,9.9047,8.8106,1.0941,1.0941,12.4178,12.4178,0,0,15.88,1.15,cautious,8.01,front,LIDAR_ONLY
0,666.2398,cam_8,CAM_ONLY,18.2460,,10.7770,7.4689,,69.3041,,0,,19.46,1.21,warning,-9.06,,CAMERA_ONLY
0,666.2982,cam_8,CAM_ONLY,18.1985,,10.7770,7.4215,,68.8636,,0,,15.62,1.08,warning,-9.06,,CAMERA_ONLY
0,666.3615,t2029,BOTH,18.1989,11.5045,10.7770,7.4218,0.7275,68.8670,6.7501,0,1,18.14,0.93,warning,-9.06,,FULL_ANGLE
0,666.3615,t2027,LIDAR_ONLY,21.1443,21.1443,11.1457,9.9986,9.9986,89.7079,89.7079,0,0,18.14,0.93,drive,22.43,front,LIDAR_ONLY
0,666.4229,cam_8,CAM_ONLY,18.2353,,10.7770,7.4582,,69.2047,,0,,17.05,1.62,warning,-9.06,,CAMERA_ONLY
0,666.4229,t2027,LIDAR_ONLY,21.5805,21.5805,11.1457,10.4347,10.4347,93.6210,93.6210,0,0,17.05,1.62,drive,25.85,front,LIDAR_ONLY
0,666.4229,t2027,LIDAR_ONLY,21.7066,21.7066,11.1457,10.5609,10.5609,94.7526,94.7526,0,0,17.05,1.62,drive,29.93,front,LIDAR_ONLY
0,666.4229,t2039,LIDAR_ONLY,9.3779,9.3779,8.8106,0.5673,0.5673,6.4392,6.4392,1,1,17.05,1.62,slow,9.56,front,LIDAR_ONLY
0,666.4229,t2027,LIDAR_ONLY,20.2674,20.2674,11.1457,9.1217,9.1217,81.8402,81.8402,0,0,17.05,1.62,drive,21.78,front,LIDAR_ONLY
0,666.4948,cam_8,CAM_ONLY,18.1974,,10.7770,7.4203,,68.8532,,0,,13.93,2.01,warning,-9.10,,CAMERA_ONLY
0,666.5583,cam_8,CAM_ONLY,18.1966,,10.7770,7.4196,,68.8462,,0,,13.65,1.01,warning,-9.06,,CAMERA_ONLY
0,666.6225,cam_8,CAM_ONLY,18.1954,,10.7770,7.4184,,68.8350,,0,,17.60,1.33,warning,-9.06,,CAMERA_ONLY
0,666.6225,t2027,LIDAR_ONLY,20.4676,20.4676,,,,,,,,17.60,1.33,drive,25.24,front,LIDAR_ONLY
0,666.6225,t2027,LIDAR_ONLY,19.8400,19.8400,,,,,,,,17.60,1.33,drive,29.45,front,LIDAR_ONLY
0,666.6225,t2039,LIDAR_ONLY,9.4233,9.4233,11.1457,1.7224,1.7224,15.4537,15.4537,0,0,17.60,1.33,slow,8.40,front,LIDAR_ONLY
0,666.6225,t2039,LIDAR_ONLY,9.8374,9.8374,11.1457,1.3084,1.3084,11.7387,11.7387,0,0,17.60,1.33,slow,16.82,front,LIDAR_ONLY
0,666.7044,cam_8,CAM_ONLY,18.2369,,10.7770,7.4598,,69.2195,,0,,24.18,1.10,warning,-9.06,,CAMERA_ONLY
0,666.7735,cam_8,CAM_ONLY,18.2075,,10.7770,7.4305,,68.9470,,0,,20.06,1.45,warning,-9.06,,CAMERA_ONLY
0,666.7735,t2039,LIDAR_ONLY,9.9931,9.9931,8.8106,1.1825,1.1825,13.4218,13.4218,0,0,20.06,1.45,slow,10.23,front,LIDAR_ONLY
0,666.8349,cam_8,CAM_ONLY,18.1803,,10.7770,7.4032,,68.6945,,0,,13.97,1.85,warning,-9.06,,CAMERA_ONLY
0,666.8923,cam_8,CAM_ONLY,18.1951,,10.7770,7.4181,,68.8321,,0,,13.29,1.00,warning,-9.06,,CAMERA_ONLY
0,666.9553,cam_8,CAM_ONLY,18.1951,,10.7770,7.4181,,68.8320,,0,,14.64,1.06,warning,-9.06,,CAMERA_ONLY
0,667.0203,t2054,BOTH,18.1960,11.2672,10.7770,7.4189,0.4901,68.8402,4.5479,0,1,18.54,1.28,warning,-9.01,,FULL_ANGLE
0,667.0203,t2053,LIDAR_ONLY,24.5314,24.5314,,,,,,,,18.54,1.28,drive,23.84,front,LIDAR_ONLY
0,667.0203,t2053,LIDAR_ONLY,22.5936,22.5936,,,,,,,,18.54,1.28,drive,27.91,front,LIDAR_ONLY
0,667.0203,t2054,LIDAR_ONLY,11.5289,11.5289,10.7770,0.7519,0.7519,6.9768,6.9768,1,1,18.54,1.28,cautious,-4.68,front,LIDAR_ONLY
0,667.0891,cam_8,CAM_ONLY,18.2072,,10.7770,7.4302,,68.9444,,0,,19.87,1.56,warning,-9.01,,CAMERA_ONLY
0,667.1530,cam_8,CAM_ONLY,18.2379,,10.7770,7.4608,,69.2287,,0,,13.93,1.19,warning,-9.06,,CAMERA_ONLY
0,667.2245,cam_8,CAM_ONLY,18.1954,,10.7770,7.4183,,68.8346,,0,,17.86,1.50,warning,-9.01,,CAMERA_ONLY
0,667.2245,t2060,LIDAR_ONLY,35.5647,35.5647,11.1457,24.4190,24.4190,219.0881,219.0881,0,0,17.86,1.50,drive,16.17,front,LIDAR_ONLY
0,667.2955,cam_8,CAM_ONLY,18.2086,,10.7770,7.4316,,68.9575,,0,,20.73,2.74,warning,-9.01,,CAMERA_ONLY
0,667.3571,cam_8,CAM_ONLY,18.2457,,10.7770,7.4686,,69.3012,,0,,14.72,1.06,warning,-9.01,,CAMERA_ONLY
0,667.4374,cam_8,CAM_ONLY,18.1975,,10.7770,7.4205,,68.8543,,0,,21.54,2.42,warning,-9.06,,CAMERA_ONLY
0,667.5025,cam_8,CAM_ONLY,18.1917,,10.7770,7.4146,,68.8001,,0,,15.98,0.96,warning,-9.06,,CAMERA_ONLY
0,667.5683,t2069,BOTH,18.1982,11.1155,23.4560,5.2578,12.3405,22.4156,52.6112,0,0,18.60,1.03,warning,-9.06,,FULL_ANGLE
0,667.5683,t2067,LIDAR_ONLY,23.7235,23.7235,11.1457,12.5777,12.5777,112.8481,112.8481,0,0,18.60,1.03,drive,24.70,front,LIDAR_ONLY
0,667.5683,t2067,LIDAR_ONLY,25.3473,25.3473,11.1457,14.2016,14.2016,127.4175,127.4175,0,0,18.60,1.03,drive,16.59,front,LIDAR_ONLY
0,667.5683,t2069,LIDAR_ONLY,11.1783,11.1783,23.4560,12.2777,12.2777,52.3436,52.3436,0,0,18.60,1.03,cautious,-11.78,front,LIDAR_ONLY
0,667.6304,cam_8,CAM_ONLY,18.2448,,10.7770,7.4678,,69.2932,,0,,12.07,1.47,warning,-9.10,,CAMERA_ONLY
0,667.6963,cam_8,CAM_ONLY,18.2141,,10.7770,7.4370,,69.0082,,0,,16.43,0.98,warning,-9.06,,CAMERA_ONLY
0,667.7643,t2069,BOTH,18.2031,11.1273,10.7770,7.4261,0.3502,68.9066,3.2498,0,1,16.45,1.00,warning,-9.06,,FULL_ANGLE
0,667.8410,cam_8,CAM_ONLY,18.2287,,10.7770,7.4517,,69.1438,,0,,19.76,1.77,warning,-9.06,,CAMERA_ONLY
0,667.9064,cam_8,CAM_ONLY,18.2352,,10.7770,7.4582,,69.2044,,0,,18.02,0.94,warning,-9.06,,CAMERA_ONLY
0,667.9775,cam_8,CAM_ONLY,18.1986,,10.7770,7.4215,,68.8643,,0,,20.31,1.55,warning,-9.01,,CAMERA_ONLY
0,668.0425,cam_8,CAM_ONLY,18.2017,,10.7770,7.4247,,68.8936,,0,,16.67,1.00,warning,-9.01,,CAMERA_ONLY
0,668.1132,t2082,BOTH,18.2205,11.0682,10.7770,7.4435,0.2911,69.0676,2.7012,0,1,11.87,1.14,warning,-9.06,,FULL_ANGLE
0,668.1132,t2082,LIDAR_ONLY,11.0637,11.0637,10.7770,0.2867,0.2867,2.6600,2.6600,1,1,11.87,1.14,cautious,-6.19,front,LIDAR_ONLY
0,668.1132,t2083,LIDAR_ONLY,9.2448,9.2448,11.1457,1.9009,1.9009,17.0552,17.0552,0,0,11.87,1.14,slow,9.96,front,LIDAR_ONLY
0,668.1132,t2083,LIDAR_ONLY,9.7328,9.7328,11.1457,1.4130,1.4130,12.6773,12.6773,0,0,11.87,1.14,slow,18.03,front,LIDAR_ONLY
0,668.1698,t2082,BOTH,18.2364,11.0749,10.7770,7.4593,0.2978,69.2148,2.7634,0,1,12.23,0.98,warning,-9.10,,FULL_ANGLE
0,668.1698,t2082,LIDAR_ONLY,11.0766,11.0766,10.7770,0.2995,0.2995,2.7795,2.7795,1,1,12.23,0.98,cautious,-6.19,front,LIDAR_ONLY
0,668.1698,t2083,LIDAR_ONLY,10.1927,10.1927,11.1457,0.9530,0.9530,8.5506,8.5506,1,1,12.23,0.98,slow,22.76,front,LIDAR_ONLY
0,668.2277,cam_8,CAM_ONLY,18.1964,,10.7770,7.4193,,68.8436,,0,,14.26,1.55,warning,-9.10,,CAMERA_ONLY
0,668.2277,t2083,LIDAR_ONLY,11.5183,11.5183,,,,,,,,14.26,1.55,cautious,22.56,front,LIDAR_ONLY
0,668.2277,t2083,LIDAR_ONLY,12.8562,12.8562,,,,,,,,14.26,1.55,cautious,26.72,front,LIDAR_ONLY
0,668.2277,t2088,LIDAR_ONLY,9.3789,9.3789,8.8106,0.5683,0.5683,6.4503,6.4503,1,1,14.26,1.55,slow,10.10,front,LIDAR_ONLY
0,668.3004,cam_8,CAM_ONLY,18.2156,,10.7770,7.4386,,69.0225,,0,,20.91,1.03,warning,-9.01,,CAMERA_ONLY
0,668.3695,t2082,BOTH,18.2304,11.0764,10.7770,7.4533,0.2993,69.1592,2.7775,0,1,19.30,1.01,warning,-9.10,,FULL_ANGLE
0,668.3695,t2088,LIDAR_ONLY,16.1196,16.1196,8.8106,7.3090,7.3090,82.9577,82.9577,0,0,19.30,1.01,slow,5.69,front,LIDAR_ONLY
0,668.3695,t2083,LIDAR_ONLY,14.7396,14.7396,,,,,,,,19.30,1.01,cautious,26.11,front,LIDAR_ONLY
0,668.3695,t2088,LIDAR_ONLY,18.3777,18.3777,8.8106,9.5671,9.5671,108.5867,108.5867,0,0,19.30,1.01,slow,9.77,front,LIDAR_ONLY
0,668.4378,cam_8,CAM_ONLY,18.2131,,10.7770,7.4361,,68.9994,,0,,16.89,1.54,warning,-9.06,,CAMERA_ONLY
0,668.5028,cam_8,CAM_ONLY,18.1993,,10.7770,7.4222,,68.8705,,0,,15.00,1.16,warning,-9.10,,CAMERA_ONLY
0,668.5671,t2083,LIDAR_ONLY,16.7582,16.7582,11.1457,5.6124,5.6124,50.3551,50.3551,0,0,18.26,1.10,cautious,24.52,front,LIDAR_ONLY
0,668.5671,t2088,LIDAR_ONLY,20.6969,20.6969,11.1457,9.5512,9.5512,85.6934,85.6934,0,0,18.26,1.10,drive,16.21,front,LIDAR_ONLY
0,668.5671,t2082,LIDAR_ONLY,11.0876,11.0876,10.7770,0.3105,0.3105,2.8812,2.8812,1,1,18.26,1.10,cautious,-12.86,front,LIDAR_ONLY
0,668.5671,t2082,LIDAR_ONLY,11.2281,11.2281,10.7770,0.4511,0.4511,4.1856,4.1856,1,1,18.26,1.10,cautious,-4.55,front,LIDAR_ONLY
0,668.5671,t2083,LIDAR_ONLY,18.1812,18.1812,11.1457,7.0354,7.0354,63.1223,63.1223,0,0,18.26,1.10,drive,24.52,front,LIDAR_ONLY
0,668.6346,cam_8,CAM_ONLY,18.2541,,10.7775,7.4766,,69.3717,,0,,13.10,1.76,warning,-9.06,,CAMERA_ONLY
0,668.6964,cam_8,CAM_ONLY,18.1863,,10.7782,7.4081,,68.7319,,0,,12.42,1.06,warning,-9.06,,CAMERA_ONLY
0,668.7658,t2082,BOTH,18.2103,11.3176,10.7782,7.4321,0.5394,68.9547,5.0042,0,1,19.25,1.22,warning,-9.06,,FULL_ANGLE
0,668.7658,t2097,LIDAR_ONLY,28.2156,28.2156,,,,,,,,19.25,1.22,drive,-24.79,front,LIDAR_ONLY
0,668.7658,t2083,LIDAR_ONLY,18.9226,18.9226,,,,,,,,19.25,1.22,drive,27.94,front,LIDAR_ONLY
0,668.7658,t2088,LIDAR_ONLY,21.3980,21.3980,11.1471,10.2509,10.2509,91.9604,91.9604,0,0,19.25,1.22,drive,19.83,front,LIDAR_ONLY
0,668.8981,cam_8,CAM_ONLY,18.1911,,10.7784,7.4127,,68.7732,,0,,10.49,0.88,warning,-9.06,,CAMERA_ONLY
0,668.9561,cam_8,CAM_ONLY,18.2045,,10.7786,7.4259,,68.8951,,0,,10.42,1.01,warning,-9.06,,CAMERA_ONLY
0,669.0138,t2104,BOTH,18.2526,11.0909,10.7786,7.4740,0.3123,69.3409,2.8977,0,1,15.07,1.01,warning,-9.06,,FULL_ANGLE
0,669.0138,t2105,LIDAR_ONLY,9.4819,9.4819,8.8123,0.6696,0.6696,7.5984,7.5984,1,1,15.07,1.01,slow,10.48,front,LIDAR_ONLY
0,669.0788,cam_8,CAM_ONLY,18.2064,,10.7786,7.4278,,68.9126,,0,,11.32,1.52,warning,-9.06,,CAMERA_ONLY
0,669.0788,t2105,LIDAR_ONLY,13.0890,13.0890,11.1476,1.9414,1.9414,17.4151,17.4151,0,0,11.32,1.52,slow,15.28,front,LIDAR_ONLY
0,669.1441,cam_8,CAM_ONLY,18.2311,,10.7786,7.4525,,69.1417,,0,,13.21,0.99,warning,-9.06,,CAMERA_ONLY
0,669.1991,cam_8,CAM_ONLY,18.2314,,10.7786,7.4528,,69.1446,,0,,12.99,0.90,warning,-9.10,,CAMERA_ONLY
0,669.2647,t2112,BOTH,18.1997,11.1451,23.4612,5.2614,12.3161,22.4262,52.4956,0,0,18.72,0.94,warning,-9.06,,FULL_ANGLE
0,669.2647,t2112,LIDAR_ONLY,11.2099,11.2099,23.4612,12.2513,12.2513,52.2194,52.2194,0,0,18.72,0.94,cautious,-11.61,front,LIDAR_ONLY
0,669.2647,t2105,LIDAR_ONLY,14.1076,14.1076,8.8123,5.2953,5.2953,60.0897,60.0897,0,0,18.72,0.94,slow,8.81,front,LIDAR_ONLY
0,669.5081,cam_8,CAM_ONLY,18.1989,,10.7778,7.4211,,68.8561,,0,,15.17,1.00,warning,-9.06,,CAMERA_ONLY
0,669.6431,cam_8,CAM_ONLY,18.1344,,10.7737,7.3607,,68.3212,,0,,20.29,2.37,warning,-9.10,,CAMERA_ONLY
0,669.7040,cam_8,CAM_ONLY,18.0899,,10.7731,7.3168,,67.9175,,0,,16.32,1.26,warning,-9.01,,CAMERA_ONLY
0,669.7816,cam_8,CAM_ONLY,18.0953,,10.7731,7.3222,,67.9673,,0,,23.17,2.01,warning,-9.06,,CAMERA_ONLY
0,669.7816,t2134,LIDAR_ONLY,23.6704,23.6704,,,,,,,,23.17,2.01,drive,24.79,front,LIDAR_ONLY
0,669.7816,t2134,LIDAR_ONLY,22.3192,22.3192,,,,,,,,23.17,2.01,drive,28.85,front,LIDAR_ONLY
0,669.7816,t2136,LIDAR_ONLY,9.8125,9.8125,8.8048,1.0077,1.0077,11.4443,11.4443,0,0,23.17,2.01,cautious,8.55,front,LIDAR_ONLY
0,669.8361,cam_8,CAM_ONLY,18.1374,,10.7731,7.3643,,68.3581,,0,,10.35,1.52,warning,-9.06,,CAMERA_ONLY
0,669.8961,cam_8,CAM_ONLY,18.0889,,10.7731,7.3158,,67.9081,,0,,11.40,1.02,warning,-9.06,,CAMERA_ONLY
0,669.9620,t2142,BOTH,18.1044,11.1549,23.4593,5.3549,12.3043,22.8264,52.4498,0,0,17.43,0.87,warning,-9.06,,FULL_ANGLE
0,669.9620,t2142,LIDAR_ONLY,11.2215,11.2215,23.4593,12.2378,12.2378,52.1661,52.1661,0,0,17.43,0.87,cautious,-12.23,front,LIDAR_ONLY
0,670.0226,cam_8,CAM_ONLY,18.1475,,10.7731,7.3744,,68.4522,,0,,10.56,1.87,warning,-9.06,,CAMERA_ONLY
0,670.1023,cam_8,CAM_ONLY,18.1050,,10.7731,7.3319,,68.0577,,0,,21.09,0.89,warning,-9.06,,CAMERA_ONLY
0,670.1713,cam_8,CAM_ONLY,18.1088,,10.7731,7.3357,,68.0932,,0,,15.76,1.77,warning,-9.06,,CAMERA_ONLY
0,670.1713,t2148,LIDAR_ONLY,25.6158,25.6158,,,,,,,,15.76,1.77,drive,22.80,front,LIDAR_ONLY
0,670.1713,t2148,LIDAR_ONLY,23.7269,23.7269,,,,,,,,15.76,1.77,drive,26.97,front,LIDAR_ONLY
0,670.1713,t2151,LIDAR_ONLY,9.4130,9.4130,11.1383,1.7253,1.7253,15.4900,15.4900,0,0,15.76,1.77,slow,10.28,front,LIDAR_ONLY
0,670.1713,t2151,LIDAR_ONLY,9.8371,9.8371,11.1383,1.3012,1.3012,11.6823,11.6823,0,0,15.76,1.77,slow,18.63,front,LIDAR_ONLY
0,670.2401,cam_8,CAM_ONLY,18.1112,,10.7731,7.3381,,68.1152,,0,,14.35,1.26,warning,-9.06,,CAMERA_ONLY
0,670.3029,cam_8,CAM_ONLY,18.1109,,10.7731,7.3378,,68.1122,,0,,11.96,1.50,warning,-9.01,,CAMERA_ONLY
0,670.3615,t2156,BOTH,18.1098,11.2935,10.7731,7.3368,0.5204,68.1026,4.8308,0,1,13.14,0.91,warning,-9.06,,FULL_ANGLE
0,670.4317,cam_8,CAM_ONLY,18.0924,,10.7731,7.3193,,67.9411,,0,,15.35,1.68,warning,-9.06,,CAMERA_ONLY
0,670.4919,cam_8,CAM_ONLY,18.1571,,10.7731,7.3840,,68.5413,,0,,17.70,0.96,warning,-9.01,,CAMERA_ONLY
0,670.5573,cam_8,CAM_ONLY,18.0945,,10.7731,7.3214,,67.9602,,0,,13.52,1.26,warning,-9.06,,CAMERA_ONLY
0,670.6276,cam_8,CAM_ONLY,18.0969,,10.7731,7.3238,,67.9828,,0,,14.07,1.30,warning,-9.06,,CAMERA_ONLY
0,670.6276,t2168,LIDAR_ONLY,19.9448,19.9448,11.1383,8.8065,8.8065,79.0646,79.0646,0,0,14.07,1.30,drive,29.80,front,LIDAR_ONLY
0,670.6276,t2170,LIDAR_ONLY,9.3775,9.3775,8.8048,0.5727,0.5727,6.5042,6.5042,1,1,14.07,1.30,slow,9.51,front,LIDAR_ONLY
0,670.6276,t2168,LIDAR_ONLY,16.2802,16.2802,11.1383,5.1419,5.1419,46.1642,46.1642,0,0,14.07,1.30,drive,25.74,front,LIDAR_ONLY
0,670.7124,t2171,LIDAR_ONLY,28.1895,28.1895,,,,,,,,23.15,1.41,drive,-24.54,front,LIDAR_ONLY
0,670.7124,t2168,LIDAR_ONLY,16.7681,16.7681,11.1383,5.6298,5.6298,50.5442,50.5442,0,0,23.15,1.41,drive,29.16,front,LIDAR_ONLY
0,670.7124,t2173,LIDAR_ONLY,11.2182,11.2182,10.7731,0.4451,0.4451,4.1317,4.1317,1,1,23.15,1.41,cautious,-12.15,front,LIDAR_ONLY
0,670.7124,t2173,LIDAR_ONLY,11.1583,11.1583,10.7731,0.3852,0.3852,3.5756,3.5756,1,1,23.15,1.41,cautious,-8.02,front,LIDAR_ONLY
0,670.7124,t2168,LIDAR_ONLY,17.4915,17.4915,11.1383,6.3532,6.3532,57.0387,57.0387,0,0,23.15,1.41,drive,25.03,front,LIDAR_ONLY
0,670.7124,t2170,LIDAR_ONLY,9.4066,9.4066,8.8048,0.6018,0.6018,6.8350,6.8350,1,1,23.15,1.41,slow,8.51,front,LIDAR_ONLY
0,670.7124,t2168,LIDAR_ONLY,17.6218,17.6218,11.1383,6.4835,6.4835,58.2085,58.2085,0,0,23.15,1.41,drive,25.03,front,LIDAR_ONLY
0,670.7881,cam_8,CAM_ONLY,18.1307,,10.7731,7.3576,,68.2961,,0,,18.70,1.63,warning,-9.06,,CAMERA_ONLY
0,670.8458,cam_8,CAM_ONLY,18.1248,,10.7731,7.3517,,68.2414,,0,,10.83,1.03,warning,-9.01,,CAMERA_ONLY
0,670.9145,t2173,BOTH,18.0917,11.1316,10.7731,7.3186,0.3586,67.9342,3.3283,0,1,16.92,1.02,warning,-9.01,,FULL_ANGLE
0,670.9145,t2173,LIDAR_ONLY,11.1215,11.1215,10.7731,0.3485,0.3485,3.2346,3.2346,1,1,16.92,1.02,cautious,-5.08,front,LIDAR_ONLY
0,670.9738,cam_8,CAM_ONLY,18.1072,,10.7731,7.3341,,68.0782,,0,,10.47,1.74,warning,-9.01,,CAMERA_ONLY
0,671.0291,cam_8,CAM_ONLY,18.1679,,10.7731,7.3948,,68.6417,,0,,10.31,1.63,warning,-9.01,,CAMERA_ONLY
0,671.0991,cam_8,CAM_ONLY,18.1221,,10.7731,7.3490,,68.2165,,0,,21.77,1.67,warning,-9.01,,CAMERA_ONLY
0,671.1642,t2185,BOTH,18.1096,11.1222,23.4618,5.3522,12.3396,22.8126,52.5944,0,0,12.96,1.06,warning,-9.01,,FULL_ANGLE
0,671.1642,t2185,LIDAR_ONLY,11.1767,11.1767,23.4618,12.2851,12.2851,52.3622,52.3622,0,0,12.96,1.06,cautious,-12.20,front,LIDAR_ONLY
0,671.2308,cam_8,CAM_ONLY,18.1295,,10.7731,7.3564,,68.2850,,0,,14.05,2.03,warning,-9.01,,CAMERA_ONLY
0,671.2979,cam_8,CAM_ONLY,18.1309,,10.7731,7.3578,,68.2980,,0,,14.52,1.01,warning,-9.01,,CAMERA_ONLY
0,671.3586,t2185,BOTH,18.1091,11.0953,10.7731,7.3361,0.3222,68.0962,2.9905,0,1,15.74,0.95,warning,-9.01,,FULL_ANGLE
0,671.3586,t2185,LIDAR_ONLY,11.0937,11.0937,10.7731,0.3206,0.3206,2.9759,2.9759,1,1,15.74,0.95,cautious,-6.13,front,LIDAR_ONLY
0,671.3586,t2194,LIDAR_ONLY,9.5019,9.5019,8.8048,0.6970,0.6970,7.9164,7.9164,1,1,15.74,0.95,slow,10.01,front,LIDAR_ONLY
0,671.4295,cam_8,CAM_ONLY,18.1156,,10.7731,7.3425,,68.1557,,0,,19.55,1.82,warning,-9.06,,CAMERA_ONLY
0,671.4880,cam_8,CAM_ONLY,18.1451,,10.7731,7.3720,,68.4301,,0,,11.66,0.99,warning,-9.01,,CAMERA_ONLY
0,671.5531,cam_8,CAM_ONLY,18.1033,,10.7731,7.3302,,68.0420,,0,,17.23,1.03,warning,-9.01,,CAMERA_ONLY
0,671.6184,t2201,BOTH,18.1268,11.1335,23.4628,5.3360,12.3293,22.7425,52.5484,0,0,17.29,1.30,warning,-9.06,,FULL_ANGLE
0,671.6184,t2200,LIDAR_ONLY,23.7422,23.7422,,,,,,,,17.29,1.30,drive,24.71,front,LIDAR_ONLY
0,671.6184,t2201,LIDAR_ONLY,11.2058,11.2058,23.4628,12.2570,12.2570,52.2401,52.2401,0,0,17.29,1.30,cautious,-12.22,front,LIDAR_ONLY
0,671.6184,t2200,LIDAR_ONLY,22.3700,22.3700,,,,,,,,17.29,1.30,drive,28.81,front,LIDAR_ONLY
0,671.6184,t2203,LIDAR_ONLY,9.7865,9.7865,8.8048,0.9817,0.9817,11.1494,11.1494,1,1,17.29,1.30,cautious,8.29,front,LIDAR_ONLY
0,671.6802,cam_8,CAM_ONLY,18.1432,,10.7731,7.3702,,68.4127,,0,,10.55,1.48,warning,-9.01,,CAMERA_ONLY
0,671.7360,cam_8,CAM_ONLY,18.1296,,10.7731,7.3565,,68.2863,,0,,10.01,1.82,warning,-9.01,,CAMERA_ONLY
0,671.8018,cam_8,CAM_ONLY,18.1247,,10.7731,7.3517,,68.2410,,0,,13.54,1.01,warning,-9.06,,CAMERA_ONLY
0,671.9234,cam_8,CAM_ONLY,18.1293,,10.7734,7.3559,,68.2782,,0,,13.92,1.50,warning,-9.06,,CAMERA_ONLY
0,671.9972,cam_8,CAM_ONLY,18.1185,,10.7739,7.3446,,68.1706,,0,,18.35,1.85,warning,-9.01,,CAMERA_ONLY
0,672.0630,t2221,LIDAR_ONLY,25.1075,25.1075,11.1394,13.9681,13.9681,125.3932,125.3932,0,0,17.18,1.00,drive,23.29,front,LIDAR_ONLY
0,672.0630,t2222,LIDAR_ONLY,11.1435,11.1435,10.7739,0.3696,0.3696,3.4306,3.4306,1,1,17.18,1.00,cautious,-10.10,front,LIDAR_ONLY
0,672.0630,t2221,LIDAR_ONLY,18.7152,18.7152,11.1394,7.5758,7.5758,68.0085,68.0085,0,0,17.18,1.00,drive,23.29,front,LIDAR_ONLY
0,672.1410,cam_8,CAM_ONLY,18.1489,,10.7744,7.3745,,68.4443,,0,,18.48,1.47,warning,-9.06,,CAMERA_ONLY
0,672.2757,t2221,LIDAR_ONLY,19.2304,19.2304,,,,,,,,21.49,1.34,drive,25.53,front,LIDAR_ONLY
0,672.2757,t2221,LIDAR_ONLY,19.5482,19.5482,,,,,,,,21.49,1.34,drive,29.71,front,LIDAR_ONLY
0,672.2757,t2230,LIDAR_ONLY,9.4800,9.4800,11.1394,1.6594,1.6594,14.8966,14.8966,0,0,21.49,1.34,slow,8.82,front,LIDAR_ONLY
0,672.2757,t2230,LIDAR_ONLY,10.0961,10.0961,11.1394,1.0433,1.0433,9.3654,9.3654,0,0,21.49,1.34,slow,17.17,front,LIDAR_ONLY
0,672.3956,cam_8,CAM_ONLY,18.1032,,10.7731,7.3301,,68.0404,,0,,13.86,1.17,warning,-9.06,,CAMERA_ONLY
0,672.4591,cam_8,CAM_ONLY,18.1110,,10.7730,7.3380,,68.1152,,0,,13.85,1.14,warning,-9.06,,CAMERA_ONLY
0,672.5248,cam_8,CAM_ONLY,18.1269,,10.7730,7.3539,,68.2623,,0,,16.15,1.45,warning,-9.06,,CAMERA_ONLY
0,672.5941,cam_8,CAM_ONLY,18.1181,,10.7730,7.3451,,68.1810,,0,,14.33,0.94,warning,-9.06,,CAMERA_ONLY
0,672.6533,cam_8,CAM_ONLY,18.1087,,10.7730,7.3357,,68.0934,,0,,14.31,1.02,warning,-9.01,,CAMERA_ONLY
0,672.7123,t2244,LIDAR_ONLY,28.1788,28.1788,,,,,,,,10.15,0.98,drive,-24.64,front,LIDAR_ONLY
0,672.7802,cam_8,CAM_ONLY,18.1347,,10.7734,7.3613,,68.3284,,0,,17.77,1.61,warning,-9.06,,CAMERA_ONLY
0,672.7802,t2249,LIDAR_ONLY,26.6357,26.6357,,,,,,,,17.77,1.61,drive,21.88,front,LIDAR_ONLY
0,672.7802,t2249,LIDAR_ONLY,24.5961,24.5961,,,,,,,,17.77,1.61,drive,26.05,front,LIDAR_ONLY
0,672.8391,cam_8,CAM_ONLY,18.0960,,10.7740,7.3220,,67.9603,,0,,11.45,0.95,warning,-9.06,,CAMERA_ONLY
0,672.9552,cam_8,CAM_ONLY,18.1559,,10.7733,7.3826,,68.5269,,0,,13.21,1.06,warning,-9.06,,CAMERA_ONLY
0,673.0187,t2255,BOTH,18.0976,11.0625,23.4650,5.3675,12.4025,22.8744,52.8554,0,0,14.73,1.01,warning,-9.06,,FULL_ANGLE
0,673.0187,t2255,LIDAR_ONLY,11.0771,11.0771,23.4650,12.3879,12.3879,52.7931,52.7931,0,0,14.73,1.01,cautious,-11.92,front,LIDAR_ONLY
0,673.0187,t2257,LIDAR_ONLY,9.4886,9.4886,8.8043,0.6843,0.6843,7.7727,7.7727,1,1,14.73,1.01,slow,8.84,front,LIDAR_ONLY
0,673.0912,cam_8,CAM_ONLY,18.1073,,10.7725,7.3348,,68.0878,,0,,16.30,1.58,warning,-9.06,,CAMERA_ONLY
0,673.1757,t2255,BOTH,18.1059,11.0853,10.7725,7.3334,0.3128,68.0751,2.9039,0,1,25.92,1.49,warning,-9.06,,FULL_ANGLE
0,673.1757,t2257,LIDAR_ONLY,13.2234,13.2234,11.1378,2.0856,2.0856,18.7251,18.7251,0,0,25.92,1.49,slow,16.74,front,LIDAR_ONLY
0,673.1757,t2266,LIDAR_ONLY,20.3569,20.3569,,,,,,,,25.92,1.49,drive,29.14,front,LIDAR_ONLY
0,673.2511,cam_8,CAM_ONLY,18.1263,,10.7725,7.3538,,68.2641,,0,,20.39,1.02,warning,-9.01,,CAMERA_ONLY
0,673.3182,cam_8,CAM_ONLY,18.0948,,10.7725,7.3223,,67.9722,,0,,17.75,1.40,warning,-9.06,,CAMERA_ONLY
0,673.3182,t2257,LIDAR_ONLY,16.1749,16.1749,11.1378,5.0371,5.0371,45.2252,45.2252,0,0,17.75,1.40,slow,22.94,front,LIDAR_ONLY
0,673.3875,cam_8,CAM_ONLY,18.0933,,10.7725,7.3207,,67.9577,,0,,16.29,1.53,warning,-9.06,,CAMERA_ONLY
0,673.4477,cam_8,CAM_ONLY,18.0950,,10.7725,7.3225,,67.9736,,0,,12.17,1.01,warning,-9.06,,CAMERA_ONLY
0,673.5074,cam_8,CAM_ONLY,18.0888,,10.7725,7.3163,,67.9167,,0,,10.04,1.11,warning,-9.06,,CAMERA_ONLY
0,673.5739,t2276,LIDAR_ONLY,11.0761,11.0761,10.7725,0.3036,0.3036,2.8183,2.8183,1,1,17.21,0.93,cautious,-8.83,front,LIDAR_ONLY
0,673.5739,t2277,LIDAR_ONLY,29.0088,29.0088,,,,,,,,17.21,0.93,drive,20.01,front,LIDAR_ONLY
0,673.5739,t2277,LIDAR_ONLY,24.9144,24.9144,,,,,,,,17.21,0.93,drive,28.25,front,LIDAR_ONLY
0,673.6330,cam_8,CAM_ONLY,18.1416,,10.7728,7.3688,,68.4017,,0,,12.14,1.35,warning,-9.06,,CAMERA_ONLY
0,673.6929,cam_8,CAM_ONLY,18.1077,,10.7732,7.3345,,68.0815,,0,,14.16,1.13,warning,-9.06,,CAMERA_ONLY
0,673.7546,t2276,BOTH,18.1380,11.0803,10.7732,7.3648,0.3071,68.3624,2.8504,0,1,13.72,1.10,warning,-9.06,,FULL_ANGLE
0,673.8198,t2276,BOTH,18.1185,11.1104,23.4641,5.3456,12.3537,22.7821,52.6495,0,0,19.00,1.22,warning,-9.06,,FULL_ANGLE
0,673.8198,t2288,LIDAR_ONLY,20.7172,20.7172,,,,,,,,19.00,1.22,drive,28.59,front,LIDAR_ONLY
0,673.8198,t2290,LIDAR_ONLY,35.5982,35.5982,11.1387,24.4595,24.4595,219.5905,219.5905,0,0,19.00,1.22,drive,16.18,front,LIDAR_ONLY
0,673.8198,t2276,LIDAR_ONLY,11.1009,11.1009,23.4641,12.3631,12.3631,52.6896,52.6896,0,0,19.00,1.22,cautious,-12.77,front,LIDAR_ONLY
0,673.8927,cam_8,CAM_ONLY,18.0931,,10.7732,7.3199,,67.9455,,0,,20.12,1.43,warning,-9.06,,CAMERA_ONLY
0,674.0174,t2276,BOTH,18.1363,11.1122,23.4634,5.3271,12.3512,22.7038,52.6402,0,0,21.60,1.04,warning,-9.01,,FULL_ANGLE
0,674.0174,t2276,LIDAR_ONLY,11.1190,11.1190,23.4634,12.3444,12.3444,52.6112,52.6112,0,0,21.60,1.04,cautious,-11.52,front,LIDAR_ONLY
0,674.0174,t2290,LIDAR_ONLY,22.4453,22.4453,11.1393,11.3060,11.3060,101.4964,101.4964,0,0,21.60,1.04,drive,9.17,front,LIDAR_ONLY
0,674.0174,t2290,LIDAR_ONLY,19.4531,19.4531,11.1393,8.3138,8.3138,74.6345,74.6345,0,0,21.60,1.04,drive,17.44,front,LIDAR_ONLY
0,674.0878,cam_8,CAM_ONLY,18.1498,,10.7742,7.3755,,68.4556,,0,,14.62,1.02,warning,-9.06,,CAMERA_ONLY
0,674.1439,cam_8,CAM_ONLY,18.0938,,10.7742,7.3196,,67.9365,,0,,9.81,1.11,warning,-9.01,,CAMERA_ONLY
0,674.2065,cam_8,CAM_ONLY,18.0960,,10.7742,7.3218,,67.9563,,0,,16.42,0.91,warning,-9.01,,CAMERA_ONLY
0,674.2712,t2302,BOTH,18.1223,11.1506,23.4637,5.3414,12.3131,22.7647,52.4772,0,0,13.36,1.42,warning,-9.06,,FULL_ANGLE
0,674.2712,t2301,LIDAR_ONLY,22.7818,22.7818,11.1402,11.6416,11.6416,104.5014,104.5014,0,0,13.36,1.42,drive,25.81,front,LIDAR_ONLY
0,674.2712,t2302,LIDAR_ONLY,11.2237,11.2237,23.4637,12.2401,12.2401,52.1659,52.1659,0,0,13.36,1.42,cautious,-12.02,front,LIDAR_ONLY
0,674.2712,t2303,LIDAR_ONLY,9.4687,9.4687,8.8063,0.6624,0.6624,7.5218,7.5218,1,1,13.36,1.42,slow,9.00,front,LIDAR_ONLY
0,674.3449,cam_8,CAM_ONLY,18.1107,,10.7742,7.3365,,68.0930,,0,,20.80,1.14,warning,-9.01,,CAMERA_ONLY
0,674.4817,cam_8,CAM_ONLY,18.1324,,10.7745,7.3579,,68.2898,,0,,24.11,1.91,warning,-9.01,,CAMERA_ONLY
0,674.5418,cam_8,CAM_ONLY,18.1106,,10.7748,7.3358,,68.0830,,0,,14.84,1.52,warning,-9.06,,CAMERA_ONLY
0,674.6181,t2312,BOTH,18.1008,11.1172,23.4640,5.3632,12.3467,22.8571,52.6200,0,0,19.72,2.68,warning,-9.01,,FULL_ANGLE
0,674.6181,t2311,LIDAR_ONLY,27.0284,27.0284,11.1411,15.8873,15.8873,142.6006,142.6006,0,0,19.72,2.68,drive,21.54,front,LIDAR_ONLY
0,674.6181,t2312,LIDAR_ONLY,11.1887,11.1887,23.4640,12.2753,12.2753,52.3156,52.3156,0,0,19.72,2.68,cautious,-11.55,front,LIDAR_ONLY
0,674.6181,t2311,LIDAR_ONLY,20.2517,20.2517,11.1411,9.1106,9.1106,81.7743,81.7743,0,0,19.72,2.68,drive,17.40,front,LIDAR_ONLY
0,674.6984,cam_8,CAM_ONLY,18.1282,,10.7748,7.3534,,68.2464,,0,,22.26,1.90,warning,-9.01,,CAMERA_ONLY
0,674.7669,t2312,BOTH,18.1363,11.1238,10.7748,7.3615,0.3490,68.3214,3.2389,0,1,17.51,1.11,warning,-9.01,,FULL_ANGLE
0,674.7669,t2317,LIDAR_ONLY,28.1793,28.1793,,,,,,,,17.51,1.11,drive,-24.64,front,LIDAR_ONLY
0,674.7669,t2311,LIDAR_ONLY,20.6042,20.6042,,,,,,,,17.51,1.11,drive,24.61,front,LIDAR_ONLY
0,674.7669,t2311,LIDAR_ONLY,20.7827,20.7827,,,,,,,,17.51,1.11,drive,28.71,front,LIDAR_ONLY
0,674.7669,t2319,LIDAR_ONLY,14.2067,14.2067,8.8071,5.3996,5.3996,61.3097,61.3097,0,0,17.51,1.11,cautious,16.40,front,LIDAR_ONLY
0,674.7669,t2319,LIDAR_ONLY,11.9862,11.9862,8.8071,3.1791,3.1791,36.0964,36.0964,0,0,17.51,1.11,cautious,8.19,front,LIDAR_ONLY
0,674.8271,cam_8,CAM_ONLY,18.1102,,10.7748,7.3354,,68.0789,,0,,14.17,1.45,warning,-9.01,,CAMERA_ONLY
0,674.8838,cam_8,CAM_ONLY,18.1441,,10.7748,7.3693,,68.3933,,0,,13.71,1.41,warning,-9.01,,CAMERA_ONLY
0,674.9472,cam_8,CAM_ONLY,18.1533,,10.7748,7.3785,,68.4791,,0,,14.82,0.90,warning,-9.01,,CAMERA_ONLY
0,675.0106,t2324,BOTH,18.1348,11.1129,10.7748,7.3599,0.3380,68.3068,3.1374,0,1,18.25,0.86,warning,-9.01,,FULL_ANGLE
0,675.0684,t2324,BOTH,18.1370,11.1366,23.4647,5.3277,12.3281,22.7051,52.5388,0,0,16.20,0.98,warning,-8.97,,FULL_ANGLE
0,675.0684,t2327,LIDAR_ONLY,36.9169,36.9169,11.1411,25.7758,25.7758,231.3573,231.3573,0,0,16.20,0.98,drive,15.58,front,LIDAR_ONLY
0,675.0684,t2324,LIDAR_ONLY,11.1356,11.1356,23.4647,12.3291,12.3291,52.5431,52.5431,0,0,16.20,0.98,cautious,-12.90,front,LIDAR_ONLY
0,675.1326,cam_8,CAM_ONLY,18.1226,,10.7748,7.3478,,68.1939,,0,,12.90,1.47,warning,-9.01,,CAMERA_ONLY
0,675.2585,cam_8,CAM_ONLY,18.1460,,10.7759,7.3702,,68.3951,,0,,15.45,0.99,warning,-9.01,,CAMERA_ONLY
0,675.3268,cam_8,CAM_ONLY,18.1135,,10.7758,7.3376,,68.0934,,0,,13.64,1.51,warning,-9.01,,CAMERA_ONLY
0,675.3268,t2335,LIDAR_ONLY,22.8356,22.8356,,,,,,,,13.64,1.51,drive,25.74,front,LIDAR_ONLY
0,675.3268,t2335,LIDAR_ONLY,21.1664,21.1664,,,,,,,,13.64,1.51,drive,29.80,front,LIDAR_ONLY
0,675.3268,t2339,LIDAR_ONLY,9.2950,9.2950,8.8084,0.4866,0.4866,5.5247,5.5247,1,1,13.64,1.51,slow,9.51,front,LIDAR_ONLY
0,675.3979,cam_8,CAM_ONLY,18.1144,,10.7758,7.3386,,68.1020,,0,,20.10,1.02,warning,-9.01,,CAMERA_ONLY
0,675.4621,t2342,BOTH,18.1266,11.1487,10.7758,7.3508,0.3729,68.2154,3.4605,0,1,12.39,0.91,warning,-9.01,,FULL_ANGLE
0,675.4621,t2342,LIDAR_ONLY,11.0950,11.0950,10.7758,0.3192,0.3192,2.9618,2.9618,1,1,12.39,0.91,cautious,-5.83,front,LIDAR_ONLY
0,675.5264,cam_8,CAM_ONLY,18.1745,,10.7758,7.3986,,68.6592,,0,,13.26,1.34,warning,-9.01,,CAMERA_ONLY
0,675.5870,cam_8,CAM_ONLY,18.1307,,10.7758,7.3549,,68.2531,,0,,10.02,1.88,warning,-9.01,,CAMERA_ONLY
0,675.6453,cam_8,CAM_ONLY,18.1548,,10.7758,7.3790,,68.4769,,0,,10.99,1.28,warning,-9.01,,CAMERA_ONLY
0,675.7100,cam_8,CAM_ONLY,18.2013,,10.7758,7.4254,,68.9082,,0,,14.07,1.08,warning,-9.01,,CAMERA_ONLY
0,675.7793,cam_8,CAM_ONLY,18.1309,,10.7758,7.3551,,68.2554,,0,,16.22,1.49,warning,-9.01,,CAMERA_ONLY
0,675.7793,t2353,LIDAR_ONLY,20.8414,20.8414,,,,,,,,16.22,1.49,drive,28.40,front,LIDAR_ONLY
0,675.8531,cam_8,CAM_ONLY,18.1580,,10.7758,7.3822,,68.5069,,0,,19.70,1.09,warning,-9.01,,CAMERA_ONLY
0,675.9236,t2356,BOTH,18.1531,11.1540,23.4661,5.3130,12.3121,22.6411,52.4676,0,0,17.92,1.49,warning,-9.01,,FULL_ANGLE
0,675.9236,t2353,LIDAR_ONLY,21.2508,21.2508,11.1426,10.1082,10.1082,90.7174,90.7174,0,0,17.92,1.49,drive,24.86,front,LIDAR_ONLY
0,675.9236,t2353,LIDAR_ONLY,21.3377,21.3377,11.1426,10.1951,10.1951,91.4969,91.4969,0,0,17.92,1.49,drive,28.93,front,LIDAR_ONLY
0,675.9236,t2356,LIDAR_ONLY,11.2073,11.2073,23.4661,12.2588,12.2588,52.2404,52.2404,0,0,17.92,1.49,cautious,-11.75,front,LIDAR_ONLY
0,675.9236,t2357,LIDAR_ONLY,9.6057,9.6057,8.8084,0.7974,0.7974,9.0528,9.0528,1,1,17.92,1.49,cautious,8.59,front,LIDAR_ONLY
0,675.9236,t2353,LIDAR_ONLY,19.7725,19.7725,11.1426,8.6299,8.6299,77.4499,77.4499,0,0,17.92,1.49,drive,20.79,front,LIDAR_ONLY
0,675.9940,cam_8,CAM_ONLY,18.1631,,10.7758,7.3872,,68.5536,,0,,18.56,2.03,warning,-9.01,,CAMERA_ONLY
0,676.0675,t2356,BOTH,18.1160,11.1289,10.7758,7.3401,0.3531,68.1165,3.2766,0,1,17.18,1.05,warning,-9.06,,FULL_ANGLE
0,676.0675,t2353,LIDAR_ONLY,19.8272,19.8272,,,,,,,,17.18,1.05,drive,28.61,front,LIDAR_ONLY
0,676.0675,t2356,LIDAR_ONLY,11.1384,11.1384,10.7758,0.3626,0.3626,3.3645,3.3645,1,1,17.18,1.05,cautious,-13.20,front,LIDAR_ONLY
0,676.0675,t2356,LIDAR_ONLY,11.1747,11.1747,10.7758,0.3989,0.3989,3.7013,3.7013,1,1,17.18,1.05,cautious,-4.84,front,LIDAR_ONLY
0,676.1278,cam_8,CAM_ONLY,18.1274,,10.7758,7.3516,,68.2225,,0,,11.54,1.56,warning,-9.01,,CAMERA_ONLY
0,676.1899,cam_8,CAM_ONLY,18.1336,,10.7758,7.3577,,68.2798,,0,,17.34,1.24,warning,-9.01,,CAMERA_ONLY
0,676.2561,cam_8,CAM_ONLY,18.1712,,10.7758,7.3953,,68.6289,,0,,14.88,1.95,warning,-9.01,,CAMERA_ONLY
0,676.3275,cam_8,CAM_ONLY,18.1446,,10.7758,7.3688,,68.3826,,0,,17.50,1.67,warning,-9.01,,CAMERA_ONLY
0,676.3275,t2365,LIDAR_ONLY,24.1148,24.1148,11.1426,12.9723,12.9723,116.4209,116.4209,0,0,17.50,1.67,drive,24.29,front,LIDAR_ONLY
0,676.3275,t2365,LIDAR_ONLY,22.2133,22.2133,11.1426,11.0707,11.0707,99.3553,99.3553,0,0,17.50,1.67,drive,28.44,front,LIDAR_ONLY
0,676.3275,t2365,LIDAR_ONLY,19.2015,19.2015,11.1426,8.0589,8.0589,72.3256,72.3256,0,0,17.50,1.67,drive,20.14,front,LIDAR_ONLY
0,676.4034,cam_8,CAM_ONLY,18.1371,,10.7758,7.3612,,68.3121,,0,,21.43,1.04,warning,-9.01,,CAMERA_ONLY
0,676.4608,t2371,BOTH,18.1558,11.1251,10.7758,7.3800,0.3492,68.4861,3.2408,0,1,10.76,1.15,warning,-9.01,,FULL_ANGLE
0,676.4608,t2365,LIDAR_ONLY,19.3633,19.3633,,,,,,,,10.76,1.15,drive,27.39,front,LIDAR_ONLY
0,676.4608,t2371,LIDAR_ONLY,11.0934,11.0934,10.7758,0.3175,0.3175,2.9467,2.9467,1,1,10.76,1.15,cautious,-5.74,front,LIDAR_ONLY
0,676.4608,t2372,LIDAR_ONLY,9.4070,9.4070,8.8084,0.5987,0.5987,6.7966,6.7966,1,1,10.76,1.15,slow,10.82,front,LIDAR_ONLY
0,676.5237,cam_8,CAM_ONLY,18.1478,,10.7758,7.3720,,68.4122,,0,,12.77,1.74,warning,-9.01,,CAMERA_ONLY
0,676.5850,cam_8,CAM_ONLY,18.1371,,10.7758,7.3612,,68.3122,,0,,13.61,1.28,warning,-9.01,,CAMERA_ONLY
0,676.6495,cam_8,CAM_ONLY,18.1935,,10.7758,7.4177,,68.8361,,0,,19.71,0.99,warning,-9.01,,CAMERA_ONLY
0,676.7086,cam_8,CAM_ONLY,18.1201,,10.7758,7.3442,,68.1547,,0,,9.76,1.07,warning,-9.01,,CAMERA_ONLY
0,676.7689,t2383,BOTH,18.1625,11.0577,10.7758,7.3866,0.2819,68.5478,2.6157,0,1,17.34,1.07,warning,-9.01,,FULL_ANGLE
0,676.7689,t2381,LIDAR_ONLY,24.7287,24.7287,11.1426,13.5861,13.5861,121.9297,121.9297,0,0,17.34,1.07,drive,23.65,front,LIDAR_ONLY
0,676.7689,t2383,LIDAR_ONLY,11.2652,11.2652,10.7758,0.4894,0.4894,4.5414,4.5414,1,1,17.34,1.07,cautious,-4.72,front,LIDAR_ONLY
0,676.7689,t2381,LIDAR_ONLY,18.5437,18.5437,11.1426,7.4011,7.4011,66.4223,66.4223,0,0,17.34,1.07,drive,23.65,front,LIDAR_ONLY
0,676.8328,cam_8,CAM_ONLY,18.1521,,10.7758,7.3763,,68.4518,,0,,11.53,1.55,warning,-9.01,,CAMERA_ONLY
0,676.9041,cam_8,CAM_ONLY,18.1720,,10.7758,7.3962,,68.6368,,0,,18.55,1.04,warning,-9.06,,CAMERA_ONLY
0,676.9791,t2383,BOTH,18.1376,11.3303,10.7758,7.3617,0.5544,68.3171,5.1450,0,1,19.16,2.70,warning,-9.01,,FULL_ANGLE
0,676.9791,t2381,LIDAR_ONLY,18.7409,18.7409,,,,,,,,19.16,2.70,drive,29.62,front,LIDAR_ONLY
0,676.9791,t2393,LIDAR_ONLY,9.4121,9.4121,8.8084,0.6038,0.6038,6.8546,6.8546,1,1,19.16,2.70,slow,9.01,front,LIDAR_ONLY
0,677.0543,t2383,BOTH,18.1417,11.3367,10.7758,7.3658,0.5608,68.3549,5.2044,0,1,21.93,1.79,warning,-9.06,,FULL_ANGLE
0,677.0543,t2383,LIDAR_ONLY,11.2878,11.2878,10.7758,0.5119,0.5119,4.7507,4.7507,1,1,21.93,1.79,cautious,-5.55,front,LIDAR_ONLY
0,677.1356,cam_8,CAM_ONLY,18.1343,,10.7758,7.3585,,68.2866,,0,,18.50,1.44,warning,-9.06,,CAMERA_ONLY
0,677.2033,t2383,BOTH,18.1436,11.2832,10.7758,7.3677,0.5074,68.3725,4.7085,0,1,17.11,1.10,warning,-9.06,,FULL_ANGLE
0,677.2660,t2383,BOTH,18.1602,11.1247,23.4672,5.3070,12.3425,22.6146,52.5948,0,0,14.77,1.02,warning,-9.06,,FULL_ANGLE
0,677.2660,t2401,LIDAR_ONLY,38.1859,38.1859,11.1426,27.0434,27.0434,242.7033,242.7033,0,0,14.77,1.02,drive,15.04,front,LIDAR_ONLY
0,677.2660,t2383,LIDAR_ONLY,11.1423,11.1423,23.4672,12.3249,12.3249,52.5196,52.5196,0,0,14.77,1.02,cautious,-13.25,front,LIDAR_ONLY
0,677.2660,t2401,LIDAR_ONLY,25.2015,25.2015,11.1426,14.0589,14.0589,126.1733,126.1733,0,0,14.77,1.02,drive,23.12,front,LIDAR_ONLY
0,677.2660,t2402,LIDAR_ONLY,9.1893,9.1893,8.8084,0.3809,0.3809,4.3245,4.3245,1,1,14.77,1.02,slow,11.00,front,LIDAR_ONLY
0,677.3276,cam_8,CAM_ONLY,18.1462,,10.7758,7.3704,,68.3973,,0,,9.67,1.50,warning,-9.01,,CAMERA_ONLY
0,677.3276,t2401,LIDAR_ONLY,25.3154,25.3154,11.1426,14.1729,14.1729,127.1958,127.1958,0,0,9.67,1.50,drive,22.07,front,LIDAR_ONLY
0,677.3276,t2401,LIDAR_ONLY,25.9024,25.9024,11.1426,14.7599,14.7599,132.4640,132.4640,0,0,9.67,1.50,drive,17.86,front,LIDAR_ONLY
0,677.3276,t2402,LIDAR_ONLY,9.2384,9.2384,8.8084,0.4301,0.4301,4.8827,4.8827,1,1,9.67,1.50,slow,9.44,front,LIDAR_ONLY
0,677.3944,cam_8,CAM_ONLY,18.1482,,10.7758,7.3724,,68.4160,,0,,21.72,1.00,warning,-9.01,,CAMERA_ONLY
0,677.4634,cam_8,CAM_ONLY,18.1796,,10.7758,7.4037,,68.7067,,0,,10.67,1.00,warning,-9.01,,CAMERA_ONLY
0,677.5194,cam_8,CAM_ONLY,18.1449,,10.7758,7.3691,,68.3853,,0,,10.42,1.61,warning,-9.01,,CAMERA_ONLY
0,677.5194,t2401,LIDAR_ONLY,26.0991,26.0991,,,,,,,,10.42,1.61,drive,24.62,front,LIDAR_ONLY
0,677.5194,t2401,LIDAR_ONLY,22.7644,22.7644,,,,,,,,10.42,1.61,drive,28.67,front,LIDAR_ONLY
0,677.5880,cam_8,CAM_ONLY,18.1598,,10.7758,7.3839,,68.5228,,0,,10.36,1.12,warning,-9.01,,CAMERA_ONLY
0,677.6528,cam_8,CAM_ONLY,18.2008,,10.7758,7.4250,,68.9036,,0,,16.89,1.12,warning,-9.06,,CAMERA_ONLY
0,677.7193,t2415,BOTH,18.1558,11.0922,10.7758,7.3800,0.3164,68.4865,2.9358,0,1,17.09,1.23,warning,-9.06,,FULL_ANGLE
0,677.7193,t2401,LIDAR_ONLY,23.2718,23.2718,,,,,,,,17.09,1.23,drive,26.88,front,LIDAR_ONLY
0,677.7193,t2415,LIDAR_ONLY,11.0942,11.0942,10.7758,0.3184,0.3184,2.9543,2.9543,1,1,17.09,1.23,cautious,-5.41,front,LIDAR_ONLY
0,677.7193,t2416,LIDAR_ONLY,9.4046,9.4046,8.8084,0.5963,0.5963,6.7695,6.7695,1,1,17.09,1.23,slow,10.73,front,LIDAR_ONLY
0,677.7807,cam_8,CAM_ONLY,18.1637,,10.7758,7.3879,,68.5595,,0,,11.41,1.58,warning,-9.01,,CAMERA_ONLY
0,677.7807,t2401,LIDAR_ONLY,23.3571,23.3571,,,,,,,,11.41,1.58,drive,26.95,front,LIDAR_ONLY
0,677.8407,cam_8,CAM_ONLY,18.1672,,10.7758,7.3914,,68.5920,,0,,12.95,1.34,warning,-9.06,,CAMERA_ONLY
0,677.9077,cam_8,CAM_ONLY,18.1349,,10.7758,7.3590,,68.2920,,0,,18.15,1.04,warning,-9.01,,CAMERA_ONLY
0,677.9686,t2425,BOTH,18.1460,11.1001,23.4677,5.3218,12.3677,22.6770,52.7008,0,0,11.46,1.19,warning,-9.01,,FULL_ANGLE
0,677.9686,t2401,LIDAR_ONLY,22.7015,22.7015,,,,,,,,11.46,1.19,drive,21.56,front,LIDAR_ONLY
0,677.9686,t2401,LIDAR_ONLY,22.5556,22.5556,,,,,,,,11.46,1.19,drive,25.74,front,LIDAR_ONLY
0,677.9686,t2401,LIDAR_ONLY,22.5801,22.5801,,,,,,,,11.46,1.19,drive,29.92,front,LIDAR_ONLY
0,677.9686,t2425,LIDAR_ONLY,11.1877,11.1877,23.4677,12.2801,12.2801,52.3274,52.3274,0,0,11.46,1.19,cautious,-11.85,front,LIDAR_ONLY
0,678.0216,cam_8,CAM_ONLY,18.1590,,10.7758,7.3832,,68.5161,,0,,11.12,1.74,warning,-9.01,,CAMERA_ONLY
0,678.0808,cam_8,CAM_ONLY,18.1377,,10.7758,7.3618,,68.3180,,0,,11.31,1.59,warning,-9.01,,CAMERA_ONLY
0,678.0808,t2401,LIDAR_ONLY,22.5428,22.5428,,,,,,,,11.31,1.59,drive,26.98,front,LIDAR_ONLY
0,678.1381,cam_8,CAM_ONLY,18.1612,,10.7758,7.3854,,68.5364,,0,,10.70,0.78,warning,-9.01,,CAMERA_ONLY
0,678.2026,cam_8,CAM_ONLY,18.1799,,10.7758,7.4040,,68.7095,,0,,15.76,1.21,warning,-9.01,,CAMERA_ONLY
0,678.2820,cam_8,CAM_ONLY,18.1663,,10.7758,7.3905,,68.5836,,0,,16.44,1.83,warning,-9.06,,CAMERA_ONLY
0,678.3364,cam_8,CAM_ONLY,18.1380,,10.7758,7.3621,,68.3208,,0,,13.23,1.51,warning,-9.06,,CAMERA_ONLY
0,678.4018,cam_8,CAM_ONLY,18.1627,,10.7758,7.3869,,68.5502,,0,,21.72,2.23,warning,-9.01,,CAMERA_ONLY
0,678.4018,t2434,LIDAR_ONLY,28.1911,28.1911,,,,,,,,21.72,2.23,drive,-24.55,front,LIDAR_ONLY
0,678.4716,t2438,BOTH,18.1482,11.0922,23.4681,5.3199,12.3759,22.6688,52.7349,0,0,17.04,0.92,warning,-9.01,,FULL_ANGLE
0,678.4716,t2434,LIDAR_ONLY,28.1876,28.1876,,,,,,,,17.04,0.92,drive,-24.61,front,LIDAR_ONLY
0,678.4716,t2439,LIDAR_ONLY,29.0680,29.0680,11.1426,17.9254,17.9254,160.8733,160.8733,0,0,17.04,0.92,drive,19.96,front,LIDAR_ONLY
0,678.4716,t2438,LIDAR_ONLY,11.1072,11.1072,23.4681,12.3608,12.3608,52.6709,52.6709,0,0,17.04,0.92,cautious,-12.46,front,LIDAR_ONLY
0,678.5412,cam_8,CAM_ONLY,18.1449,,10.7758,7.3690,,68.3847,,0,,14.55,0.93,warning,-9.01,,CAMERA_ONLY
0,678.6073,cam_8,CAM_ONLY,18.1874,,10.7758,7.4116,,68.7796,,0,,20.47,1.03,warning,-9.01,,CAMERA_ONLY
0,678.6682,cam_8,CAM_ONLY,18.1304,,10.7758,7.3545,,68.2502,,0,,12.21,1.29,warning,-9.01,,CAMERA_ONLY
0,678.6682,t2439,LIDAR_ONLY,23.7486,23.7486,,,,,,,,12.21,1.29,drive,29.83,front,LIDAR_ONLY
0,678.6682,t2445,LIDAR_ONLY,9.5386,9.5386,8.8084,0.7302,0.7302,8.2902,8.2902,1,1,12.21,1.29,slow,8.74,front,LIDAR_ONLY
0,678.7267,cam_8,CAM_ONLY,18.1646,,10.7758,7.3888,,68.5678,,0,,10.16,1.64,warning,-9.01,,CAMERA_ONLY
0,678.7954,cam_8,CAM_ONLY,18.2108,,10.7758,7.4350,,68.9966,,0,,17.31,0.98,warning,-9.06,,CAMERA_ONLY
0,678.8626,t2450,BOTH,18.1340,11.1370,10.7758,7.3582,0.3612,68.2841,3.3519,0,1,17.30,1.04,warning,-9.06,,FULL_ANGLE
0,678.8626,t2445,LIDAR_ONLY,9.4761,9.4761,8.8084,0.6677,0.6677,7.5808,7.5808,1,1,17.30,1.04,slow,10.25,front,LIDAR_ONLY
0,678.9213,t2450,BOTH,18.1338,11.1408,23.4682,5.3344,12.3273,22.7303,52.5279,0,0,16.27,2.06,warning,-9.06,,FULL_ANGLE
0,678.9213,t2445,LIDAR_ONLY,11.6000,11.6000,11.1426,0.4574,0.4574,4.1050,4.1050,1,1,16.27,2.06,slow,16.20,front,LIDAR_ONLY
0,678.9213,t2450,LIDAR_ONLY,11.1538,11.1538,23.4682,12.3144,12.3144,52.4727,52.4727,0,0,16.27,2.06,cautious,-12.86,front,LIDAR_ONLY
0,678.9872,cam_8,CAM_ONLY,18.1947,,10.7758,7.4189,,68.8470,,0,,10.52,1.53,warning,-9.01,,CAMERA_ONLY
0,679.0535,cam_8,CAM_ONLY,18.1349,,10.7758,7.3591,,68.2922,,0,,15.31,1.11,warning,-9.06,,CAMERA_ONLY
0,679.1177,t2450,BOTH,18.1532,11.1452,10.7758,7.3773,0.3694,68.4618,3.4280,0,1,12.73,0.95,warning,-9.01,,FULL_ANGLE
0,679.1177,t2445,LIDAR_ONLY,13.5209,13.5209,,,,,,,,12.73,0.95,slow,24.79,front,LIDAR_ONLY
0,679.1177,t2445,LIDAR_ONLY,14.9751,14.9751,,,,,,,,12.73,0.95,slow,28.96,front,LIDAR_ONLY
0,679.1830,cam_8,CAM_ONLY,18.1499,,10.7758,7.3740,,68.4313,,0,,12.72,1.39,warning,-9.06,,CAMERA_ONLY
0,679.2416,cam_8,CAM_ONLY,18.1267,,10.7758,7.3508,,68.2159,,0,,11.58,1.14,warning,-9.06,,CAMERA_ONLY
0,679.2995,cam_8,CAM_ONLY,18.1167,,10.7758,7.3409,,68.1236,,0,,10.10,0.97,warning,-9.01,,CAMERA_ONLY
0,679.3554,cam_8,CAM_ONLY,18.1510,,10.7758,7.3752,,68.4420,,0,,11.70,0.95,warning,-9.06,,CAMERA_ONLY
0,679.4315,cam_8,CAM_ONLY,18.1275,,10.7758,7.3516,,68.2232,,0,,17.43,3.04,warning,-9.06,,CAMERA_ONLY
0,679.4315,t2470,LIDAR_ONLY,22.1441,22.1441,,,,,,,,17.43,3.04,drive,26.60,front,LIDAR_ONLY
0,679.4976,cam_8,CAM_ONLY,18.1507,,10.7758,7.3749,,68.4390,,0,,15.21,0.82,warning,-9.01,,CAMERA_ONLY
0,679.5687,t2472,BOTH,18.1820,11.1166,10.7758,7.4062,0.3407,68.7294,3.1619,0,1,20.81,1.17,warning,-9.06,,FULL_ANGLE
0,679.5687,t2470,LIDAR_ONLY,22.5450,22.5450,11.1426,11.4024,11.4024,102.3321,102.3321,0,0,20.81,1.17,drive,23.55,front,LIDAR_ONLY
0,679.5687,t2472,LIDAR_ONLY,11.1069,11.1069,10.7758,0.3311,0.3311,3.0724,3.0724,1,1,20.81,1.17,cautious,-5.23,front,LIDAR_ONLY
0,679.6436,cam_8,CAM_ONLY,18.1790,,10.7758,7.4032,,68.7016,,0,,28.26,1.11,warning,-9.06,,CAMERA_ONLY
0,679.6966,cam_8,CAM_ONLY,18.1579,,10.7758,7.3820,,68.5053,,0,,15.28,1.09,warning,-9.06,,CAMERA_ONLY
0,679.7622,t2472,BOTH,18.1809,11.1078,10.7758,7.4051,0.3320,68.7191,3.0806,0,1,11.92,1.01,warning,-9.01,,FULL_ANGLE
0,679.7622,t2472,LIDAR_ONLY,11.1031,11.1031,10.7758,0.3272,0.3272,3.0368,3.0368,1,1,11.92,1.01,cautious,-6.38,front,LIDAR_ONLY
0,679.8184,cam_8,CAM_ONLY,18.1442,,10.7758,7.3683,,68.3780,,0,,11.40,1.51,warning,-9.06,,CAMERA_ONLY
0,679.8184,t2483,LIDAR_ONLY,24.8209,24.8209,,,,,,,,11.40,1.51,drive,23.56,front,LIDAR_ONLY
0,679.8184,t2483,LIDAR_ONLY,23.0903,23.0903,,,,,,,,11.40,1.51,drive,27.61,front,LIDAR_ONLY
0,679.8758,cam_8,CAM_ONLY,18.1440,,10.7758,7.3681,,68.3763,,0,,12.33,1.41,warning,-9.01,,CAMERA_ONLY
0,679.8758,t2483,LIDAR_ONLY,22.9079,22.9079,,,,,,,,12.33,1.41,drive,26.10,front,LIDAR_ONLY
0,679.9425,cam_8,CAM_ONLY,18.1712,,10.7758,7.3953,,68.6288,,0,,20.77,1.11,warning,-9.06,,CAMERA_ONLY
0,680.0091,t2489,BOTH,18.1252,11.1345,10.7758,7.3494,0.3587,68.2022,3.3284,0,1,11.08,1.12,warning,-9.06,,FULL_ANGLE
0,680.0091,t2489,LIDAR_ONLY,11.1052,11.1052,10.7758,0.3294,0.3294,3.0565,3.0565,1,1,11.08,1.12,cautious,-6.41,front,LIDAR_ONLY
0,680.0091,t2483,LIDAR_ONLY,23.5780,23.5780,,,,,,,,11.08,1.12,drive,18.04,front,LIDAR_ONLY
0,680.0091,t2483,LIDAR_ONLY,23.8450,23.8450,,,,,,,,11.08,1.12,drive,26.19,front,LIDAR_ONLY
0,680.0091,t2490,LIDAR_ONLY,9.2962,9.2962,8.8084,0.4879,0.4879,5.5386,5.5386,1,1,11.08,1.12,slow,9.89,front,LIDAR_ONLY
0,680.0670,cam_8,CAM_ONLY,18.1523,,10.7758,7.3765,,68.4537,,0,,11.54,1.56,warning,-9.01,,CAMERA_ONLY
0,680.0670,t2483,LIDAR_ONLY,23.7655,23.7655,11.1426,12.6230,12.6230,113.2862,113.2862,0,0,11.54,1.56,drive,28.00,front,LIDAR_ONLY
0,680.0670,t2483,LIDAR_ONLY,23.9378,23.9378,11.1426,12.7953,12.7953,114.8322,114.8322,0,0,11.54,1.56,drive,23.97,front,LIDAR_ONLY
0,680.0670,t2483,LIDAR_ONLY,21.8535,21.8535,11.1426,10.7109,10.7109,96.1260,96.1260,0,0,11.54,1.56,drive,19.95,front,LIDAR_ONLY
0,680.0670,t2483,LIDAR_ONLY,18.4162,18.4162,11.1426,7.2737,7.2737,65.2783,65.2783,0,0,11.54,1.56,drive,23.97,front,LIDAR_ONLY
0,680.1329,cam_8,CAM_ONLY,18.1458,,10.7758,7.3700,,68.3933,,0,,14.21,1.55,warning,-9.06,,CAMERA_ONLY
0,680.1938,cam_8,CAM_ONLY,18.1353,,10.7758,7.3595,,68.2962,,0,,14.00,1.09,warning,-9.06,,CAMERA_ONLY
0,680.2610,t2498,BOTH,18.1545,11.0382,10.7758,7.3786,0.2623,68.4737,2.4346,0,1,12.33,0.98,warning,-9.06,,FULL_ANGLE
0,680.2610,t2495,LIDAR_ONLY,28.1807,28.1807,,,,,,,,12.33,0.98,drive,-24.65,front,LIDAR_ONLY
0,680.2610,t2483,LIDAR_ONLY,18.6121,18.6121,11.1426,7.4695,7.4695,67.0360,67.0360,0,0,12.33,0.98,drive,21.30,front,LIDAR_ONLY
0,680.2610,t2499,LIDAR_ONLY,9.5316,9.5316,8.8084,0.7232,0.7232,8.2109,8.2109,1,1,12.33,0.98,slow,8.77,front,LIDAR_ONLY
0,680.3289,cam_8,CAM_ONLY,18.1628,,10.7758,7.3870,,68.5510,,0,,9.71,1.51,warning,-9.01,,CAMERA_ONLY
0,680.3888,cam_8,CAM_ONLY,18.1755,,10.7758,7.3997,,68.6692,,0,,11.39,1.80,warning,-9.06,,CAMERA_ONLY
0,680.4466,cam_8,CAM_ONLY,18.1451,,10.7758,7.3692,,68.3864,,0,,10.66,0.96,warning,-9.06,,CAMERA_ONLY
0,680.5109,t2503,BOTH,18.1617,11.0871,10.7758,7.3859,0.3113,68.5409,2.8886,0,1,12.58,0.97,warning,-9.06,,FULL_ANGLE
0,680.5829,cam_8,CAM_ONLY,18.1843,,10.7758,7.4084,,68.7501,,0,,13.45,0.96,warning,-9.06,,CAMERA_ONLY
0,680.6492,cam_8,CAM_ONLY,18.1355,,10.7758,7.3597,,68.2978,,0,,11.48,1.14,warning,-9.06,,CAMERA_ONLY
0,680.7112,cam_8,CAM_ONLY,18.1519,,10.7758,7.3761,,68.4502,,0,,12.72,0.83,warning,-9.01,,CAMERA_ONLY
0,680.7757,cam_8,CAM_ONLY,18.1756,,10.7758,7.3998,,68.6699,,0,,11.67,1.81,warning,-9.01,,CAMERA_ONLY
0,680.8367,cam_8,CAM_ONLY,18.1536,,10.7758,7.3778,,68.4656,,0,,12.34,1.84,warning,-9.06,,CAMERA_ONLY
0,680.8961,cam_8,CAM_ONLY,18.1390,,10.7758,7.3631,,68.3301,,0,,15.20,1.04,warning,-9.01,,CAMERA_ONLY
0,680.9571,cam_8,CAM_ONLY,18.1585,,10.7758,7.3826,,68.5109,,0,,13.39,1.17,warning,-9.06,,CAMERA_ONLY
0,681.0211,cam_8,CAM_ONLY,18.1625,,10.7758,7.3867,,68.5485,,0,,11.60,1.44,warning,-9.01,,CAMERA_ONLY
0,681.0928,cam_8,CAM_ONLY,18.1357,,10.7758,7.3599,,68.2998,,0,,16.01,1.06,warning,-9.06,,CAMERA_ONLY
0,681.1471,cam_8,CAM_ONLY,18.1615,,10.7758,7.3856,,68.5388,,0,,11.80,0.91,warning,-9.01,,CAMERA_ONLY
0,681.2118,t2525,BOTH,18.1416,11.1695,23.4699,5.3283,12.3004,22.7027,52.4092,0,0,18.08,0.94,warning,-9.01,,FULL_ANGLE
0,681.2118,t2525,LIDAR_ONLY,11.2662,11.2662,23.4699,12.2037,12.2037,51.9973,51.9973,0,0,18.08,0.94,cautious,-12.62,front,LIDAR_ONLY
0,681.2750,cam_8,CAM_ONLY,18.1532,,10.7758,7.3773,,68.4617,,0,,15.06,1.64,warning,-9.01,,CAMERA_ONLY
0,681.2750,t2532,LIDAR_ONLY,25.4327,25.4327,,,,,,,,15.06,1.64,drive,22.96,front,LIDAR_ONLY
0,681.2750,t2532,LIDAR_ONLY,23.5773,23.5773,,,,,,,,15.06,1.64,drive,27.12,front,LIDAR_ONLY
0,681.3668,t2525,BOTH,18.1630,11.1517,10.7758,7.3872,0.3758,68.5531,3.4877,0,1,20.70,1.50,warning,-9.01,,FULL_ANGLE
0,681.3668,t2532,LIDAR_ONLY,22.1498,22.1498,,,,,,,,20.70,1.50,drive,29.61,front,LIDAR_ONLY
0,681.3668,t2525,LIDAR_ONLY,11.1698,11.1698,10.7758,0.3939,0.3939,3.6555,3.6555,1,1,20.70,1.50,cautious,-11.14,front,LIDAR_ONLY
0,681.3668,t2534,LIDAR_ONLY,9.3220,9.3220,8.8084,0.5136,0.5136,5.8309,5.8309,1,1,20.70,1.50,slow,9.23,front,LIDAR_ONLY
0,681.4233,cam_8,CAM_ONLY,18.1759,,10.7758,7.4001,,68.6727,,0,,10.78,1.59,warning,-9.06,,CAMERA_ONLY
0,681.4804,cam_8,CAM_ONLY,18.1614,,10.7758,7.3856,,68.5384,,0,,9.83,1.34,warning,-9.01,,CAMERA_ONLY
0,681.5408,cam_8,CAM_ONLY,18.1886,,10.7758,7.4127,,68.7901,,0,,11.68,1.65,warning,-9.01,,CAMERA_ONLY
0,681.6028,cam_8,CAM_ONLY,18.1680,,10.7758,7.3922,,68.5995,,0,,17.50,1.11,warning,-9.06,,CAMERA_ONLY
0,681.6664,t2545,BOTH,18.1669,11.1049,10.7758,7.3911,0.3291,68.5895,3.0536,0,1,17.11,1.04,warning,-9.06,,FULL_ANGLE
0,681.6664,t2543,LIDAR_ONLY,24.5744,24.5744,11.1426,13.4319,13.4319,120.5456,120.5456,0,0,17.11,1.04,drive,23.81,front,LIDAR_ONLY
0,681.6664,t2543,LIDAR_ONLY,22.5781,22.5781,11.1426,11.4355,11.4355,102.6294,102.6294,0,0,17.11,1.04,drive,28.01,front,LIDAR_ONLY
0,681.6664,t2543,LIDAR_ONLY,23.1959,23.1959,11.1426,12.0533,12.0533,108.1738,108.1738,0,0,17.11,1.04,drive,19.61,front,LIDAR_ONLY
0,681.6664,t2543,LIDAR_ONLY,21.7935,21.7935,11.1426,10.6509,10.6509,95.5875,95.5875,0,0,17.11,1.04,drive,19.61,front,LIDAR_ONLY
0,681.7268,cam_8,CAM_ONLY,18.1940,,10.7758,7.4181,,68.8402,,0,,10.79,1.61,warning,-9.06,,CAMERA_ONLY
0,681.7863,cam_8,CAM_ONLY,18.1632,,10.7758,7.3874,,68.5552,,0,,12.52,3.05,warning,-9.06,,CAMERA_ONLY
0,681.8576,t2545,BOTH,18.1640,11.0959,23.4703,5.3063,12.3744,22.6085,52.7236,0,0,13.51,1.27,warning,-9.06,,FULL_ANGLE
0,681.8576,t2545,LIDAR_ONLY,11.1059,11.1059,23.4703,12.3644,12.3644,52.6810,52.6810,0,0,13.51,1.27,cautious,-12.08,front,LIDAR_ONLY
0,681.8576,t2552,LIDAR_ONLY,9.8495,9.8495,8.8084,1.0412,1.0412,11.8202,11.8202,0,0,13.51,1.27,cautious,8.24,front,LIDAR_ONLY
0,681.9228,cam_8,CAM_ONLY,18.2015,,10.7758,7.4256,,68.9099,,0,,16.96,1.31,warning,-9.01,,CAMERA_ONLY
0,681.9228,t2554,LIDAR_ONLY,23.4648,23.4648,11.1426,12.3222,12.3222,110.5867,110.5867,0,0,16.96,1.31,drive,25.01,front,LIDAR_ONLY
0,681.9880,cam_8,CAM_ONLY,18.1806,,10.7758,7.4047,,68.7161,,0,,11.69,1.40,warning,-9.06,,CAMERA_ONLY
0,682.0612,t2545,BOTH,18.1260,11.1093,23.4705,5.3444,12.3612,22.7709,52.6671,0,0,20.99,1.33,warning,-9.06,,FULL_ANGLE
0,682.0612,t2554,LIDAR_ONLY,21.9488,21.9488,,,,,,,,20.99,1.33,drive,28.97,front,LIDAR_ONLY
0,682.0612,t2545,LIDAR_ONLY,11.1206,11.1206,23.4705,12.3499,12.3499,52.6189,52.6189,0,0,20.99,1.33,cautious,-12.98,front,LIDAR_ONLY
0,682.1261,cam_8,CAM_ONLY,18.1483,,10.7758,7.3725,,68.4166,,0,,12.70,1.35,warning,-9.06,,CAMERA_ONLY
0,682.1261,t2554,LIDAR_ONLY,21.5037,21.5037,,,,,,,,12.70,1.35,drive,28.40,front,LIDAR_ONLY
0,682.1858,cam_8,CAM_ONLY,18.1907,,10.7758,7.4148,,68.8099,,0,,11.72,0.96,warning,-9.06,,CAMERA_ONLY
0,682.2650,t2545,BOTH,18.1572,11.1270,23.4708,5.3136,12.3438,22.6393,52.5920,0,0,21.61,1.01,warning,-9.06,,FULL_ANGLE
0,682.2650,t2545,LIDAR_ONLY,11.1370,11.1370,23.4708,12.3338,12.3338,52.5496,52.5496,0,0,21.61,1.01,cautious,-12.19,front,LIDAR_ONLY
0,682.3436,cam_8,CAM_ONLY,18.1659,,10.7758,7.3900,,68.5796,,0,,18.80,1.02,warning,-9.01,,CAMERA_ONLY
0,682.4067,cam_8,CAM_ONLY,18.1787,,10.7758,7.4029,,68.6987,,0,,18.63,1.10,warning,-9.01,,CAMERA_ONLY
0,682.5003,cam_8,CAM_ONLY,18.1817,,10.7758,7.4058,,68.7263,,0,,22.08,0.95,warning,-9.06,,CAMERA_ONLY
0,682.5633,t2564,BOTH,18.1524,11.1628,23.4708,5.3184,12.3080,22.6597,52.4395,0,0,17.33,0.97,warning,-9.06,,FULL_ANGLE
0,682.5633,t2564,LIDAR_ONLY,11.2488,11.2488,23.4708,12.2221,12.2221,52.0735,52.0735,0,0,17.33,0.97,cautious,-12.45,front,LIDAR_ONLY
0,682.5633,t2567,LIDAR_ONLY,9.7894,9.7894,8.8084,0.9810,0.9810,11.1372,11.1372,1,1,17.33,0.97,cautious,8.02,front,LIDAR_ONLY
0,682.6319,cam_8,CAM_ONLY,18.1395,,10.7758,7.3636,,68.3345,,0,,13.28,1.16,warning,-9.06,,CAMERA_ONLY
0,682.6887,cam_8,CAM_ONLY,18.1763,,10.7758,7.4005,,68.6767,,0,,12.67,0.92,warning,-9.06,,CAMERA_ONLY
0,682.7524,cam_8,CAM_ONLY,18.1735,,10.7758,7.3976,,68.6502,,0,,16.02,1.25,warning,-9.06,,CAMERA_ONLY
0,682.8138,t2577,BOTH,18.1586,11.2730,10.7758,7.3827,0.4972,68.5120,4.6140,0,1,10.23,1.26,warning,-9.06,,FULL_ANGLE
0,682.8138,t2575,LIDAR_ONLY,20.9554,20.9554,11.1426,9.8128,9.8128,88.0662,88.0662,0,0,10.23,1.26,drive,28.23,front,LIDAR_ONLY
0,682.8138,t2575,LIDAR_ONLY,21.4457,21.4457,11.1426,10.3031,10.3031,92.4663,92.4663,0,0,10.23,1.26,drive,24.14,front,LIDAR_ONLY
0,682.8138,t2575,LIDAR_ONLY,19.1250,19.1250,11.1426,7.9824,7.9824,71.6388,71.6388,0,0,10.23,1.26,drive,20.06,front,LIDAR_ONLY
0,682.8767,cam_8,CAM_ONLY,18.1425,,10.7758,7.3666,,68.3623,,0,,13.29,1.78,warning,-9.06,,CAMERA_ONLY
0,682.9410,cam_8,CAM_ONLY,18.1600,,10.7758,7.3841,,68.5249,,0,,18.22,1.28,warning,-9.06,,CAMERA_ONLY
0,683.0066,cam_8,CAM_ONLY,18.1612,,10.7758,7.3854,,68.5362,,0,,18.89,1.00,warning,-9.06,,CAMERA_ONLY
0,683.0669,t2587,BOTH,18.1450,11.1372,23.4712,5.3262,12.3340,22.6925,52.5494,0,0,12.02,1.11,warning,-9.06,,FULL_ANGLE
0,683.0669,t2587,LIDAR_ONLY,11.1920,11.1920,23.4712,12.2792,12.2792,52.3160,52.3160,0,0,12.02,1.11,cautious,-11.95,front,LIDAR_ONLY
0,683.1396,cam_8,CAM_ONLY,18.1655,,10.7758,7.3897,,68.5762,,0,,19.54,2.11,warning,-9.06,,CAMERA_ONLY
0,683.2094,cam_8,CAM_ONLY,18.1697,,10.7758,7.3939,,68.6153,,0,,13.62,1.00,warning,-9.06,,CAMERA_ONLY
0,683.2728,t2587,BOTH,18.1588,11.1194,23.4715,5.3127,12.3521,22.6346,52.6260,0,0,14.98,0.95,warning,-9.06,,FULL_ANGLE
0,683.2728,t2594,LIDAR_ONLY,21.5677,21.5677,,,,,,,,14.98,0.95,drive,27.37,front,LIDAR_ONLY
0,683.2728,t2587,LIDAR_ONLY,11.1264,11.1264,23.4715,12.3451,12.3451,52.5962,52.5962,0,0,14.98,0.95,cautious,-12.96,front,LIDAR_ONLY
0,683.3472,cam_8,CAM_ONLY,18.1645,,10.7758,7.3886,,68.5664,,0,,20.67,0.93,warning,-9.06,,CAMERA_ONLY
0,683.4127,t2587,BOTH,18.1755,11.1332,10.7758,7.3996,0.3573,68.6685,3.3160,0,1,13.29,1.18,warning,-9.06,,FULL_ANGLE
0,683.4127,t2587,LIDAR_ONLY,11.1055,11.1055,10.7758,0.3296,0.3296,3.0589,3.0589,1,1,13.29,1.18,cautious,-6.53,front,LIDAR_ONLY
0,683.4127,t2598,LIDAR_ONLY,9.2938,9.2938,8.8084,0.4854,0.4854,5.5112,5.5112,1,1,13.29,1.18,slow,9.96,front,LIDAR_ONLY
0,683.4657,cam_8,CAM_ONLY,18.1541,,10.7758,7.3783,,68.4707,,0,,11.25,1.22,warning,-9.06,,CAMERA_ONLY
0,683.4657,t2598,LIDAR_ONLY,9.3142,9.3142,8.8084,0.5058,0.5058,5.7428,5.7428,1,1,11.25,1.22,slow,10.11,front,LIDAR_ONLY
0,683.5333,cam_8,CAM_ONLY,18.1751,,10.7758,7.3993,,68.6651,,0,,17.47,1.93,warning,-9.06,,CAMERA_ONLY
0,683.5924,cam_8,CAM_ONLY,18.1927,,10.7758,7.4169,,68.8288,,0,,12.58,0.97,warning,-9.06,,CAMERA_ONLY
0,683.6775,cam_8,CAM_ONLY,18.1706,,10.7758,7.3948,,68.6236,,0,,23.44,3.04,warning,-9.06,,CAMERA_ONLY
0,683.6775,t2605,LIDAR_ONLY,23.2059,23.2059,11.1426,12.0633,12.0633,108.2632,108.2632,0,0,23.44,3.04,drive,25.30,front,LIDAR_ONLY
0,683.6775,t2598,LIDAR_ONLY,11.7941,11.7941,8.8084,2.9857,2.9857,33.8964,33.8964,0,0,23.44,3.04,slow,16.90,front,LIDAR_ONLY
0,683.6775,t2598,LIDAR_ONLY,12.9549,12.9549,8.8084,4.1465,4.1465,47.0752,47.0752,0,0,23.44,3.04,slow,8.50,front,LIDAR_ONLY
0,683.7502,cam_8,CAM_ONLY,18.1713,,10.7758,7.3954,,68.6295,,0,,17.24,1.13,warning,-9.06,,CAMERA_ONLY
0,683.8172,t2609,BOTH,18.1797,11.0958,10.7758,7.4039,0.3199,68.7080,2.9688,0,1,15.41,1.33,warning,-9.06,,FULL_ANGLE
0,683.8172,t2605,LIDAR_ONLY,22.0179,22.0179,,,,,,,,15.41,1.33,drive,27.97,front,LIDAR_ONLY
0,683.8172,t2609,LIDAR_ONLY,11.1199,11.1199,10.7758,0.3440,0.3440,3.1928,3.1928,1,1,15.41,1.33,cautious,-12.73,front,LIDAR_ONLY
0,683.8172,t2609,LIDAR_ONLY,11.3315,11.3315,10.7758,0.5557,0.5557,5.1565,5.1565,1,1,15.41,1.33,cautious,-4.59,front,LIDAR_ONLY
0,683.8865,cam_8,CAM_ONLY,18.1862,,10.7758,7.4103,,68.7681,,0,,21.19,1.53,warning,-9.06,,CAMERA_ONLY
0,683.9568,cam_8,CAM_ONLY,18.1446,,10.7758,7.3687,,68.3818,,0,,19.99,0.98,warning,-9.01,,CAMERA_ONLY
0,684.0158,t2609,BOTH,18.1571,11.4309,10.7758,7.3813,0.6550,68.4982,6.0789,0,1,11.71,0.98,warning,-9.01,,FULL_ANGLE
0,684.0715,t2609,BOTH,18.1885,11.4410,10.7758,7.4126,0.6652,68.7892,6.1730,0,1,11.44,1.01,warning,-9.01,,FULL_ANGLE
0,684.0715,t2618,LIDAR_ONLY,22.1006,22.1006,11.1426,10.9580,10.9580,98.3440,98.3440,0,0,11.44,1.01,drive,26.66,front,LIDAR_ONLY
0,684.0715,t2609,LIDAR_ONLY,11.4385,11.4385,10.7758,0.6627,0.6627,6.1495,6.1495,1,1,11.44,1.01,cautious,-6.54,front,LIDAR_ONLY
0,684.0715,t2618,LIDAR_ONLY,17.8755,17.8755,11.1426,6.7329,6.7329,60.4254,60.4254,0,0,11.44,1.01,drive,22.51,front,LIDAR_ONLY
0,684.1404,cam_8,CAM_ONLY,18.1401,,10.7758,7.3643,,68.3404,,0,,17.75,1.41,warning,-9.01,,CAMERA_ONLY
0,684.2146,t2609,BOTH,18.1651,11.1253,23.4774,5.3123,12.3521,22.6273,52.6128,0,0,20.54,2.52,warning,-9.01,,FULL_ANGLE
0,684.2146,t2609,LIDAR_ONLY,11.4314,11.4314,23.4774,12.0459,12.0459,51.3088,51.3088,0,0,20.54,2.52,cautious,-12.54,front,LIDAR_ONLY
0,684.2714,cam_8,CAM_ONLY,18.1943,,10.7758,7.4185,,68.8435,,0,,11.39,1.74,warning,-9.01,,CAMERA_ONLY
0,684.3285,cam_8,CAM_ONLY,18.1639,,10.7758,7.3881,,68.5614,,0,,13.43,1.45,warning,-9.01,,CAMERA_ONLY
0,684.4026,cam_8,CAM_ONLY,18.1753,,10.7758,7.3994,,68.6670,,0,,23.80,1.53,warning,-9.01,,CAMERA_ONLY
0,684.4918,cam_8,CAM_ONLY,18.1799,,10.7758,7.4040,,68.7097,,0,,20.15,2.54,warning,-9.01,,CAMERA_ONLY
0,684.5611,t2634,BOTH,18.1978,11.2081,10.7758,7.4220,0.4322,68.8760,4.0113,0,1,19.66,1.22,warning,-9.01,,FULL_ANGLE
0,684.6369,cam_8,CAM_ONLY,18.1312,,10.7758,7.3553,,68.2575,,0,,17.57,1.54,warning,-9.01,,CAMERA_ONLY
0,684.7135,t2634,BOTH,18.1559,11.1638,10.7758,7.3801,0.3879,68.4870,3.6001,0,1,12.33,1.33,warning,-9.01,,FULL_ANGLE
0,684.7135,t2634,LIDAR_ONLY,11.1174,11.1174,10.7758,0.3415,0.3415,3.1694,3.1694,1,1,12.33,1.33,cautious,-5.88,front,LIDAR_ONLY
0,684.7135,t2641,LIDAR_ONLY,31.5927,31.5927,11.1426,20.4501,20.4501,183.5315,183.5315,0,0,12.33,1.33,drive,18.30,front,LIDAR_ONLY
0,684.7135,t2641,LIDAR_ONLY,26.8961,26.8961,11.1426,15.7535,15.7535,141.3814,141.3814,0,0,12.33,1.33,drive,26.36,front,LIDAR_ONLY
0,684.7135,t2642,LIDAR_ONLY,9.2987,9.2987,8.8084,0.4904,0.4904,5.5669,5.5669,1,1,12.33,1.33,slow,10.24,front,LIDAR_ONLY
0,684.7135,t2641,LIDAR_ONLY,22.0152,22.0152,11.1426,10.8726,10.8726,97.5771,97.5771,0,0,12.33,1.33,drive,22.33,front,LIDAR_ONLY
0,684.7748,t2634,BOTH,18.1841,11.1045,10.7758,7.4082,0.3286,68.7486,3.0497,0,1,15.45,1.19,warning,-9.01,,FULL_ANGLE
0,684.7748,t2641,LIDAR_ONLY,22.7633,22.7633,11.1426,11.6207,11.6207,104.2915,104.2915,0,0,15.45,1.19,drive,18.04,front,LIDAR_ONLY
0,684.7748,t2634,LIDAR_ONLY,11.1077,11.1077,10.7758,0.3319,0.3319,3.0800,3.0800,1,1,15.45,1.19,cautious,-6.00,front,LIDAR_ONLY
0,684.7748,t2642,LIDAR_ONLY,9.3005,9.3005,8.8084,0.4922,0.4922,5.5877,5.5877,1,1,15.45,1.19,slow,10.02,front,LIDAR_ONLY
0,684.8400,cam_8,CAM_ONLY,18.2079,,10.7758,7.4321,,68.9698,,0,,12.40,1.16,warning,-9.06,,CAMERA_ONLY
0,684.8995,cam_8,CAM_ONLY,18.1585,,10.7758,7.3827,,68.5114,,0,,11.41,0.96,warning,-9.01,,CAMERA_ONLY
0,684.9688,cam_8,CAM_ONLY,18.1766,,10.7758,7.4007,,68.6789,,0,,19.93,1.59,warning,-9.06,,CAMERA_ONLY
0,685.0268,t2647,BOTH,18.1783,11.0602,10.7758,7.4024,0.2844,68.6946,2.6391,0,1,11.66,1.40,warning,-9.06,,FULL_ANGLE
0,685.0268,t2646,LIDAR_ONLY,20.3795,20.3795,11.1426,9.2370,9.2370,82.8981,82.8981,0,0,11.66,1.40,drive,29.10,front,LIDAR_ONLY
0,685.0268,t2648,LIDAR_ONLY,9.5401,9.5401,11.1426,1.6025,1.6025,14.3819,14.3819,0,0,11.66,1.40,slow,8.85,front,LIDAR_ONLY
0,685.0268,t2648,LIDAR_ONLY,10.1831,10.1831,11.1426,0.9595,0.9595,8.6109,8.6109,1,1,11.66,1.40,slow,16.95,front,LIDAR_ONLY
0,685.0268,t2646,LIDAR_ONLY,16.9987,16.9987,11.1426,5.8561,5.8561,52.5563,52.5563,0,0,11.66,1.40,drive,25.05,front,LIDAR_ONLY
0,685.0959,cam_8,CAM_ONLY,18.1648,,10.7758,7.3889,,68.5694,,0,,19.11,1.94,warning,-9.06,,CAMERA_ONLY
0,685.1617,cam_8,CAM_ONLY,18.1505,,10.7758,7.3746,,68.4366,,0,,16.34,1.08,warning,-9.06,,CAMERA_ONLY
0,685.2351,cam_8,CAM_ONLY,18.1624,,10.7758,7.3865,,68.5471,,0,,13.64,3.63,warning,-9.06,,CAMERA_ONLY
0,685.3191,cam_8,CAM_ONLY,18.1685,,10.7758,7.3926,,68.6036,,0,,18.33,2.13,warning,-9.06,,CAMERA_ONLY
0,685.3191,t2659,LIDAR_ONLY,23.6929,23.6929,11.1426,12.5503,12.5503,112.6342,112.6342,0,0,18.33,2.13,drive,24.75,front,LIDAR_ONLY
0,685.3191,t2659,LIDAR_ONLY,22.1005,22.1005,11.1426,10.9579,10.9579,98.3431,98.3431,0,0,18.33,2.13,drive,28.85,front,LIDAR_ONLY
0,685.3191,t2661,LIDAR_ONLY,14.1257,14.1257,8.8084,5.3173,5.3173,60.3671,60.3671,0,0,18.33,2.13,cautious,16.54,front,LIDAR_ONLY
0,685.3191,t2661,LIDAR_ONLY,11.8965,11.8965,8.8084,3.0882,3.0882,35.0596,35.0596,0,0,18.33,2.13,cautious,8.33,front,LIDAR_ONLY
0,685.3191,t2659,LIDAR_ONLY,18.8910,18.8910,11.1426,7.7484,7.7484,69.5390,69.5390,0,0,18.33,2.13,drive,24.75,front,LIDAR_ONLY
0,685.3882,cam_8,CAM_ONLY,18.1475,,10.7758,7.3716,,68.4090,,0,,17.45,1.54,warning,-9.01,,CAMERA_ONLY
0,685.4584,cam_8,CAM_ONLY,18.1546,,10.7758,7.3788,,68.4754,,0,,16.86,2.22,warning,-9.06,,CAMERA_ONLY
0,685.5158,t2665,BOTH,18.2023,11.1846,10.7758,7.4264,0.4088,68.9174,3.7935,0,1,11.65,1.03,warning,-9.06,,FULL_ANGLE
0,685.5158,t2665,LIDAR_ONLY,11.2814,11.2814,10.7758,0.5055,0.5055,4.6914,4.6914,1,1,11.65,1.03,cautious,-12.91,front,LIDAR_ONLY
0,685.5158,t2665,LIDAR_ONLY,11.2779,11.2779,10.7758,0.5021,0.5021,4.6594,4.6594,1,1,11.65,1.03,cautious,-4.73,front,LIDAR_ONLY
0,685.5815,cam_8,CAM_ONLY,18.1701,,10.7758,7.3942,,68.6187,,0,,16.47,3.46,warning,-9.06,,CAMERA_ONLY
0,685.6447,cam_8,CAM_ONLY,18.1628,,10.7758,7.3870,,68.5512,,0,,13.84,0.93,warning,-9.06,,CAMERA_ONLY
0,685.7103,cam_8,CAM_ONLY,18.2002,,10.7758,7.4244,,68.8982,,0,,12.84,1.13,warning,-9.06,,CAMERA_ONLY
0,685.7705,cam_8,CAM_ONLY,18.1766,,10.7758,7.4007,,68.6789,,0,,10.51,1.62,warning,-9.06,,CAMERA_ONLY
0,685.8461,cam_8,CAM_ONLY,18.1602,,10.7758,7.3843,,68.5266,,0,,19.72,1.12,warning,-9.06,,CAMERA_ONLY
0,685.9045,cam_8,CAM_ONLY,18.1859,,10.7758,7.4100,,68.7654,,0,,11.79,1.05,warning,-9.06,,CAMERA_ONLY
0,685.9756,cam_8,CAM_ONLY,18.1784,,10.7758,7.4025,,68.6957,,0,,19.06,1.53,warning,-9.06,,CAMERA_ONLY
0,685.9756,t2678,LIDAR_ONLY,20.7454,20.7454,,,,,,,,19.06,1.53,drive,28.54,front,LIDAR_ONLY
0,686.0444,cam_8,CAM_ONLY,18.1493,,10.7758,7.3735,,68.4259,,0,,15.55,1.11,warning,-9.06,,CAMERA_ONLY
0,686.1146,t2680,BOTH,18.1376,11.1132,10.7758,7.3618,0.3374,68.3172,3.1309,0,1,22.13,1.64,warning,-9.06,,FULL_ANGLE
0,686.1146,t2680,LIDAR_ONLY,11.0870,11.0870,10.7758,0.3112,0.3112,2.8880,2.8880,1,1,22.13,1.64,cautious,-5.96,front,LIDAR_ONLY
0,686.1886,cam_8,CAM_ONLY,18.1720,,10.7758,7.3961,,68.6363,,0,,17.54,1.54,warning,-9.06,,CAMERA_ONLY
0,686.2545,cam_8,CAM_ONLY,18.1854,,10.7758,7.4096,,68.7609,,0,,20.07,1.93,warning,-9.06,,CAMERA_ONLY
0,686.3361,cam_8,CAM_ONLY,18.1707,,10.7758,7.3948,,68.6240,,0,,17.30,1.55,warning,-9.06,,CAMERA_ONLY
0,686.3944,cam_8,CAM_ONLY,18.1390,,10.7758,7.3632,,68.3301,,0,,10.71,1.16,warning,-9.06,,CAMERA_ONLY
0,686.4526,cam_8,CAM_ONLY,18.1590,,10.7758,7.3831,,68.5153,,0,,10.35,1.06,warning,-9.06,,CAMERA_ONLY
0,686.5177,t2693,BOTH,18.1749,11.1121,10.7758,7.3991,0.3363,68.6635,3.1206,0,1,17.75,1.17,warning,-9.06,,FULL_ANGLE
0,686.5177,t2691,LIDAR_ONLY,26.0396,26.0396,11.1426,14.8971,14.8971,133.6953,133.6953,0,0,17.75,1.17,drive,22.40,front,LIDAR_ONLY
0,686.5177,t2691,LIDAR_ONLY,23.6762,23.6762,11.1426,12.5336,12.5336,112.4839,112.4839,0,0,17.75,1.17,drive,26.43,front,LIDAR_ONLY
0,686.5177,t2693,LIDAR_ONLY,11.1028,11.1028,10.7758,0.3269,0.3269,3.0339,3.0339,1,1,17.75,1.17,cautious,-5.81,front,LIDAR_ONLY
0,686.5177,t2694,LIDAR_ONLY,9.2690,9.2690,8.8084,0.4607,0.4607,5.2299,5.2299,1,1,17.75,1.17,slow,10.31,front,LIDAR_ONLY
0,686.5177,t2691,LIDAR_ONLY,20.5597,20.5597,11.1426,9.4171,9.4171,84.5149,84.5149,0,0,17.75,1.17,drive,22.40,front,LIDAR_ONLY
0,686.5843,cam_8,CAM_ONLY,18.1312,,10.7758,7.3554,,68.2579,,0,,14.93,2.34,warning,-9.06,,CAMERA_ONLY
0,686.6675,t2693,BOTH,18.1439,11.1065,10.7758,7.3681,0.3306,68.3758,3.0683,0,1,17.00,1.18,warning,-9.06,,FULL_ANGLE
0,686.6675,t2691,LIDAR_ONLY,20.6300,20.6300,11.1426,9.4875,9.4875,85.1463,85.1463,0,0,17.00,1.18,drive,27.51,front,LIDAR_ONLY
0,686.6675,t2694,LIDAR_ONLY,13.0277,13.0277,11.1426,1.8851,1.8851,16.9182,16.9182,0,0,17.00,1.18,slow,14.90,front,LIDAR_ONLY
0,686.6675,t2691,LIDAR_ONLY,20.8927,20.8927,11.1426,9.7501,9.7501,87.5035,87.5035,0,0,17.00,1.18,drive,23.31,front,LIDAR_ONLY
0,686.6675,t2693,LIDAR_ONLY,11.0978,11.0978,10.7758,0.3220,0.3220,2.9881,2.9881,1,1,17.00,1.18,cautious,-6.12,front,LIDAR_ONLY
0,686.6675,t2691,LIDAR_ONLY,19.2240,19.2240,11.1426,8.0814,8.0814,72.5275,72.5275,0,0,17.00,1.18,drive,23.31,front,LIDAR_ONLY
0,686.7326,cam_8,CAM_ONLY,18.1716,,10.7758,7.3957,,68.6323,,0,,22.12,2.70,warning,-9.06,,CAMERA_ONLY
0,686.7943,cam_8,CAM_ONLY,18.1993,,10.7758,7.4234,,68.8893,,0,,14.71,1.17,warning,-9.06,,CAMERA_ONLY
0,686.8597,cam_8,CAM_ONLY,18.1526,,10.7758,7.3768,,68.4564,,0,,14.31,1.03,warning,-9.06,,CAMERA_ONLY
0,686.9299,cam_8,CAM_ONLY,18.1435,,10.7758,7.3676,,68.3717,,0,,16.35,1.86,warning,-9.06,,CAMERA_ONLY
0,686.9942,cam_8,CAM_ONLY,18.1637,,10.7758,7.3878,,68.5590,,0,,12.03,1.43,warning,-9.06,,CAMERA_ONLY
0,687.0624,cam_8,CAM_ONLY,18.1777,,10.7758,7.4019,,68.6893,,0,,13.68,1.04,warning,-9.06,,CAMERA_ONLY
0,687.1198,cam_8,CAM_ONLY,18.1342,,10.7758,7.3583,,68.2854,,0,,9.98,1.57,warning,-9.06,,CAMERA_ONLY
0,687.1198,t2708,LIDAR_ONLY,21.1528,21.1528,,,,,,,,9.98,1.57,drive,27.95,front,LIDAR_ONLY
0,687.1929,cam_8,CAM_ONLY,18.1651,,10.7758,7.3892,,68.5720,,0,,20.56,3.51,warning,-9.06,,CAMERA_ONLY
0,687.2574,cam_8,CAM_ONLY,18.1620,,10.7758,7.3862,,68.5439,,0,,16.60,1.25,warning,-9.06,,CAMERA_ONLY
0,687.3194,t2713,BOTH,18.1453,11.1162,10.7758,7.3694,0.3403,68.3882,3.1583,0,1,12.80,1.01,warning,-9.06,,FULL_ANGLE
0,687.3194,t2713,LIDAR_ONLY,11.0775,11.0775,10.7758,0.3017,0.3017,2.7997,2.7997,1,1,12.80,1.01,cautious,-6.05,front,LIDAR_ONLY
0,687.3798,cam_8,CAM_ONLY,18.1457,,10.7758,7.3699,,68.3925,,0,,12.18,1.50,warning,-9.06,,CAMERA_ONLY
0,687.3798,t2716,LIDAR_ONLY,20.8525,20.8525,11.1426,9.7099,9.7099,87.1427,87.1427,0,0,12.18,1.50,drive,28.38,front,LIDAR_ONLY
0,687.3798,t2716,LIDAR_ONLY,17.2467,17.2467,11.1426,6.1041,6.1041,54.7823,54.7823,0,0,12.18,1.50,drive,20.00,front,LIDAR_ONLY
0,687.4558,cam_8,CAM_ONLY,18.1739,,10.7758,7.3981,,68.6544,,0,,18.18,0.97,warning,-9.06,,CAMERA_ONLY
0,687.5149,cam_8,CAM_ONLY,18.1572,,10.7758,7.3813,,68.4988,,0,,15.05,1.21,warning,-9.06,,CAMERA_ONLY
0,687.5149,t2716,LIDAR_ONLY,18.0521,18.0521,,,,,,,,15.05,1.21,drive,24.75,front,LIDAR_ONLY
0,687.5149,t2716,LIDAR_ONLY,18.6454,18.6454,,,,,,,,15.05,1.21,drive,28.97,front,LIDAR_ONLY
0,687.5804,cam_8,CAM_ONLY,18.1823,,10.7758,7.4064,,68.7317,,0,,19.10,1.68,warning,-9.06,,CAMERA_ONLY
0,687.6512,cam_8,CAM_ONLY,18.2094,,10.7758,7.4335,,68.9832,,0,,16.77,1.04,warning,-9.06,,CAMERA_ONLY
0,687.7117,t2720,BOTH,18.1818,11.1325,10.7758,7.4060,0.3566,68.7275,3.3094,0,1,10.02,1.06,warning,-9.06,,FULL_ANGLE
0,687.7117,t2716,LIDAR_ONLY,19.1061,19.1061,11.1426,7.9635,7.9635,71.4693,71.4693,0,0,10.02,1.06,drive,28.24,front,LIDAR_ONLY
0,687.7117,t2716,LIDAR_ONLY,19.6021,19.6021,11.1426,8.4595,8.4595,75.9206,75.9206,0,0,10.02,1.06,drive,24.05,front,LIDAR_ONLY
0,687.7117,t2720,LIDAR_ONLY,11.1792,11.1792,10.7758,0.4034,0.4034,3.7433,3.7433,1,1,10.02,1.06,cautious,-5.27,front,LIDAR_ONLY
0,687.7800,cam_8,CAM_ONLY,18.1517,,10.7758,7.3758,,68.4477,,0,,12.10,1.57,warning,-9.06,,CAMERA_ONLY
0,687.8420,cam_8,CAM_ONLY,18.1847,,10.7758,7.4089,,68.7545,,0,,12.97,1.13,warning,-9.06,,CAMERA_ONLY
0,687.9034,cam_8,CAM_ONLY,18.1745,,10.7758,7.3987,,68.6598,,0,,13.56,1.09,warning,-9.06,,CAMERA_ONLY
0,687.9685,t2731,BOTH,18.1339,11.1254,10.7758,7.3580,0.3496,68.2828,3.2441,0,1,15.47,1.32,warning,-9.06,,FULL_ANGLE
0,687.9685,t2731,LIDAR_ONLY,11.1005,11.1005,10.7758,0.3246,0.3246,3.0124,3.0124,1,1,15.47,1.32,cautious,-5.91,front,LIDAR_ONLY
0,687.9685,t2732,LIDAR_ONLY,38.1973,38.1973,8.8084,29.3890,29.3890,333.6491,333.6491,0,0,15.47,1.32,drive,15.04,front,LIDAR_ONLY
0,687.9685,t2732,LIDAR_ONLY,21.6861,21.6861,8.8084,12.8778,12.8778,146.1997,146.1997,0,0,15.47,1.32,drive,10.85,front,LIDAR_ONLY
0,688.0390,cam_8,CAM_ONLY,18.1363,,10.7758,7.3604,,68.3049,,0,,15.67,1.57,warning,-9.01,,CAMERA_ONLY
0,688.0998,cam_8,CAM_ONLY,18.1805,,10.7758,7.4046,,68.7152,,0,,11.87,1.02,warning,-9.06,,CAMERA_ONLY
0,688.1694,t2731,BOTH,18.1594,11.0880,23.4858,5.3264,12.3978,22.6793,52.7885,0,0,18.07,1.09,warning,-9.06,,FULL_ANGLE
0,688.1694,t2738,LIDAR_ONLY,21.0085,21.0085,11.1426,9.8659,9.8659,88.5424,88.5424,0,0,18.07,1.09,drive,28.15,front,LIDAR_ONLY
0,688.1694,t2731,LIDAR_ONLY,11.0923,11.0923,23.4858,12.3935,12.3935,52.7703,52.7703,0,0,18.07,1.09,cautious,-12.71,front,LIDAR_ONLY
0,688.1694,t2738,LIDAR_ONLY,16.7214,16.7214,11.1426,5.5788,5.5788,50.0679,50.0679,0,0,18.07,1.09,drive,19.98,front,LIDAR_ONLY
0,688.2378,cam_8,CAM_ONLY,18.1485,,10.7758,7.3726,,68.4179,,0,,18.32,1.49,warning,-9.06,,CAMERA_ONLY
0,688.3064,cam_8,CAM_ONLY,18.1581,,10.7758,7.3822,,68.5072,,0,,17.36,1.00,warning,-9.06,,CAMERA_ONLY
0,688.3745,cam_8,CAM_ONLY,18.1764,,10.7758,7.4006,,68.6775,,0,,17.06,1.59,warning,-9.06,,CAMERA_ONLY
0,688.3745,t2738,LIDAR_ONLY,18.7600,18.7600,11.1426,7.6174,7.6174,68.3635,68.3635,0,0,17.06,1.59,drive,15.38,front,LIDAR_ONLY
0,688.4542,cam_8,CAM_ONLY,18.1432,,10.7758,7.3674,,68.3696,,0,,19.65,1.14,warning,-9.01,,CAMERA_ONLY
0,688.5226,t2749,BOTH,18.1428,11.1102,23.4868,5.3439,12.3766,22.7528,52.6959,0,0,15.53,1.29,warning,-9.01,,FULL_ANGLE
0,688.5226,t2749,LIDAR_ONLY,11.1961,11.1961,23.4868,12.2907,12.2907,52.3303,52.3303,0,0,15.53,1.29,cautious,-11.87,front,LIDAR_ONLY
0,688.5226,t2750,LIDAR_ONLY,20.1455,20.1455,,,,,,,,15.53,1.29,drive,29.46,front,LIDAR_ONLY
0,688.5226,t2738,LIDAR_ONLY,18.4642,18.4642,8.8084,9.6559,9.6559,109.6218,109.6218,0,0,15.53,1.29,drive,8.80,front,LIDAR_ONLY
0,688.5891,cam_8,CAM_ONLY,18.1651,,10.7758,7.3893,,68.5728,,0,,18.94,1.51,warning,-9.06,,CAMERA_ONLY
0,688.6492,cam_8,CAM_ONLY,18.2026,,10.7758,7.4268,,68.9205,,0,,11.61,1.03,warning,-9.01,,CAMERA_ONLY
0,688.7074,cam_8,CAM_ONLY,18.1595,,10.7758,7.3837,,68.5209,,0,,13.20,1.26,warning,-9.06,,CAMERA_ONLY
0,688.7810,cam_8,CAM_ONLY,18.1476,,10.7758,7.3718,,68.4100,,0,,19.78,2.12,warning,-9.01,,CAMERA_ONLY
0,688.7810,t2761,LIDAR_ONLY,24.2290,24.2290,11.1426,13.0864,13.0864,117.4456,117.4456,0,0,19.78,2.12,drive,24.17,front,LIDAR_ONLY
0,688.7810,t2761,LIDAR_ONLY,22.5728,22.5728,11.1426,11.4302,11.4302,102.5814,102.5814,0,0,19.78,2.12,drive,28.24,front,LIDAR_ONLY
0,688.7810,t2761,LIDAR_ONLY,19.8150,19.8150,11.1426,8.6725,8.6725,77.8319,77.8319,0,0,19.78,2.12,drive,20.09,front,LIDAR_ONLY
0,688.8508,cam_8,CAM_ONLY,18.1622,,10.7758,7.3863,,68.5452,,0,,14.28,0.86,warning,-9.06,,CAMERA_ONLY
0,688.9064,t2765,BOTH,18.1363,11.1319,23.4875,5.3512,12.3556,22.7831,52.6050,0,0,10.96,1.03,warning,-9.06,,FULL_ANGLE
0,688.9064,t2764,LIDAR_ONLY,28.2127,28.2127,,,,,,,,10.96,1.03,drive,-24.49,front,LIDAR_ONLY
0,688.9064,t2765,LIDAR_ONLY,11.2168,11.2168,23.4875,12.2707,12.2707,52.2434,52.2434,0,0,10.96,1.03,cautious,-11.96,front,LIDAR_ONLY
0,688.9064,t2766,LIDAR_ONLY,9.5076,9.5076,8.8084,0.6993,0.6993,7.9386,7.9386,1,1,10.96,1.03,slow,8.92,front,LIDAR_ONLY
0,688.9767,cam_8,CAM_ONLY,18.1582,,10.7758,7.3824,,68.5088,,0,,21.50,1.74,warning,-9.06,,CAMERA_ONLY
0,689.0413,cam_8,CAM_ONLY,18.1518,,10.7758,7.3760,,68.4492,,0,,12.15,0.98,warning,-9.06,,CAMERA_ONLY
0,689.1043,cam_8,CAM_ONLY,18.1740,,10.7758,7.3981,,68.6548,,0,,15.98,1.19,warning,-9.01,,CAMERA_ONLY
0,689.1798,cam_8,CAM_ONLY,18.1156,,10.7758,7.3398,,68.1132,,0,,15.73,1.78,warning,-9.06,,CAMERA_ONLY
0,689.1798,t2772,LIDAR_ONLY,21.5729,21.5729,,,,,,,,15.73,1.78,drive,27.36,front,LIDAR_ONLY
0,689.2500,cam_8,CAM_ONLY,18.1382,,10.7758,7.3623,,68.3227,,0,,13.01,0.88,warning,-9.06,,CAMERA_ONLY
0,689.3224,t2774,BOTH,18.1423,11.1295,23.4886,5.3463,12.3591,22.7611,52.6174,0,0,20.06,1.37,warning,-9.01,,FULL_ANGLE
0,689.3224,t2772,LIDAR_ONLY,20.9647,20.9647,,,,,,,,20.06,1.37,drive,29.44,front,LIDAR_ONLY
0,689.3224,t2774,LIDAR_ONLY,11.2557,11.2557,23.4886,12.2329,12.2329,52.0802,52.0802,0,0,20.06,1.37,cautious,-12.38,front,LIDAR_ONLY
0,689.3224,t2775,LIDAR_ONLY,9.7448,9.7448,11.1426,1.3978,1.3978,12.5447,12.5447,0,0,20.06,1.37,cautious,8.53,front,LIDAR_ONLY
0,689.3224,t2775,LIDAR_ONLY,10.1944,10.1944,11.1426,0.9481,0.9481,8.5091,8.5091,1,1,20.06,1.37,cautious,16.89,front,LIDAR_ONLY
0,689.3224,t2775,LIDAR_ONLY,10.5777,10.5777,11.1426,0.5648,0.5648,5.0693,5.0693,1,1,20.06,1.37,cautious,21.07,front,LIDAR_ONLY
0,689.3899,cam_8,CAM_ONLY,18.1855,,10.7758,7.4096,,68.7614,,0,,13.59,2.06,warning,-9.06,,CAMERA_ONLY
0,689.4556,cam_8,CAM_ONLY,18.1507,,10.7758,7.3748,,68.4383,,0,,16.88,1.07,warning,-9.06,,CAMERA_ONLY
0,689.5206,t2774,BOTH,18.1744,11.1101,23.4889,5.3145,12.3788,22.6255,52.7005,0,0,19.10,1.04,warning,-9.06,,FULL_ANGLE
0,689.5206,t2772,LIDAR_ONLY,20.9796,20.9796,,,,,,,,19.10,1.04,drive,28.02,front,LIDAR_ONLY
0,689.5206,t2774,LIDAR_ONLY,11.1176,11.1176,23.4889,12.3713,12.3713,52.6688,52.6688,0,0,19.10,1.04,cautious,-12.68,front,LIDAR_ONLY
0,689.5911,cam_8,CAM_ONLY,18.1715,,10.7758,7.3956,,68.6315,,0,,14.27,1.46,warning,-9.06,,CAMERA_ONLY
0,689.6577,cam_8,CAM_ONLY,18.1639,,10.7758,7.3881,,68.5614,,0,,18.53,1.14,warning,-9.06,,CAMERA_ONLY
0,689.7269,cam_8,CAM_ONLY,18.1621,,10.7758,7.3863,,68.5447,,0,,14.34,1.31,warning,-9.06,,CAMERA_ONLY
0,689.7269,t2772,LIDAR_ONLY,20.7830,20.7830,,,,,,,,14.34,1.31,drive,29.46,front,LIDAR_ONLY
0,689.7269,t2785,LIDAR_ONLY,13.8044,13.8044,11.1426,2.6618,2.6618,23.8885,23.8885,0,0,14.34,1.31,cautious,16.92,front,LIDAR_ONLY
0,689.7269,t2785,LIDAR_ONLY,12.9861,12.9861,11.1426,1.8435,1.8435,16.5448,16.5448,0,0,14.34,1.31,cautious,21.10,front,LIDAR_ONLY
0,689.7856,cam_8,CAM_ONLY,18.1829,,10.7758,7.4071,,68.7378,,0,,12.14,1.63,warning,-9.06,,CAMERA_ONLY
0,689.8652,t2789,BOTH,18.1720,11.1605,10.7758,7.3961,0.3847,68.6363,3.5697,0,1,22.45,0.91,warning,-9.06,,FULL_ANGLE
0,689.8652,t2772,LIDAR_ONLY,20.8946,20.8946,,,,,,,,22.45,0.91,drive,26.07,front,LIDAR_ONLY
0,689.9424,cam_8,CAM_ONLY,18.1593,,10.7758,7.3835,,68.5187,,0,,21.11,1.96,warning,-9.06,,CAMERA_ONLY
0,690.0145,t2789,BOTH,18.1269,11.1097,10.7758,7.3510,0.3339,68.2178,3.0984,0,1,19.94,0.98,warning,-9.06,,FULL_ANGLE
0,690.0786,cam_8,CAM_ONLY,18.1238,,10.7758,7.3480,,68.1893,,0,,12.95,2.00,warning,-9.06,,CAMERA_ONLY
0,690.1489,cam_8,CAM_ONLY,18.1976,,10.7758,7.4217,,68.8737,,0,,15.04,0.91,warning,-9.06,,CAMERA_ONLY
0,690.2115,cam_8,CAM_ONLY,18.1364,,10.7758,7.3605,,68.3057,,0,,15.56,0.97,warning,-9.06,,CAMERA_ONLY
0,690.2701,cam_8,CAM_ONLY,18.1387,,10.7758,7.3628,,68.3271,,0,,11.17,1.56,warning,-9.06,,CAMERA_ONLY
0,690.3306,cam_8,CAM_ONLY,18.1822,,10.7758,7.4063,,68.7307,,0,,12.78,1.43,warning,-9.06,,CAMERA_ONLY
0,690.3885,cam_8,CAM_ONLY,18.1412,,10.7758,7.3654,,68.3508,,0,,10.80,1.67,warning,-9.06,,CAMERA_ONLY
0,690.4639,t2804,BOTH,18.1341,11.1257,10.7758,7.3582,0.3499,68.2846,3.2471,0,1,15.01,1.05,warning,-9.06,,FULL_ANGLE
0,690.5242,cam_8,CAM_ONLY,18.1623,,10.7758,7.3864,,68.5460,,0,,11.02,1.60,warning,-9.06,,CAMERA_ONLY
0,690.5897,cam_8,CAM_ONLY,18.1325,,10.7758,7.3566,,68.2695,,0,,14.00,3.69,warning,-9.06,,CAMERA_ONLY
0,690.6777,cam_8,CAM_ONLY,18.1470,,10.7758,7.3711,,68.4040,,0,,23.59,1.51,warning,-9.06,,CAMERA_ONLY
0,690.6777,t2809,LIDAR_ONLY,24.7887,24.7887,11.1426,13.6461,13.6461,122.4683,122.4683,0,0,23.59,1.51,drive,23.59,front,LIDAR_ONLY
0,690.7352,cam_8,CAM_ONLY,18.1351,,10.7758,7.3593,,68.2942,,0,,10.44,1.82,warning,-9.06,,CAMERA_ONLY
0,690.7906,cam_8,CAM_ONLY,18.2018,,10.7758,7.4259,,68.9127,,0,,11.10,0.89,warning,-9.06,,CAMERA_ONLY
0,690.8629,cam_8,CAM_ONLY,18.1471,,10.7758,7.3712,,68.4050,,0,,19.94,1.09,warning,-9.06,,CAMERA_ONLY
0,690.9325,cam_8,CAM_ONLY,18.1338,,10.7758,7.3579,,68.2816,,0,,18.26,1.89,warning,-9.06,,CAMERA_ONLY
0,691.0002,cam_8,CAM_ONLY,18.1644,,10.7758,7.3885,,68.5656,,0,,11.90,0.98,warning,-9.06,,CAMERA_ONLY
0,691.0652,t2817,BOTH,18.1895,11.1160,23.4920,5.3025,12.3760,22.5714,52.6819,0,0,12.46,0.94,warning,-9.01,,FULL_ANGLE
0,691.0652,t2817,LIDAR_ONLY,11.1760,11.1760,23.4920,12.3160,12.3160,52.4265,52.4265,0,0,12.46,0.94,cautious,-11.72,front,LIDAR_ONLY
0,691.0652,t2818,LIDAR_ONLY,9.5127,9.5127,8.8084,0.7044,0.7044,7.9964,7.9964,1,1,12.46,0.94,slow,8.77,front,LIDAR_ONLY
0,691.1336,cam_8,CAM_ONLY,18.1340,,10.7758,7.3582,,68.2840,,0,,16.82,1.81,warning,-9.01,,CAMERA_ONLY
0,691.2046,t2817,BOTH,18.1247,11.1109,10.7758,7.3488,0.3351,68.1970,3.1093,0,1,11.18,1.01,warning,-9.06,,FULL_ANGLE
0,691.2046,t2817,LIDAR_ONLY,11.1178,11.1178,10.7758,0.3419,0.3419,3.1732,3.1732,1,1,11.18,1.01,cautious,-5.64,front,LIDAR_ONLY
0,691.2606,t2817,BOTH,18.1366,11.0970,23.4925,5.3559,12.3955,22.7984,52.7636,0,0,13.67,1.09,warning,-9.06,,FULL_ANGLE
0,691.2606,t2822,LIDAR_ONLY,20.5436,20.5436,11.1426,9.4010,9.4010,84.3703,84.3703,0,0,13.67,1.09,drive,28.84,front,LIDAR_ONLY
0,691.2606,t2817,LIDAR_ONLY,11.1149,11.1149,23.4925,12.3776,12.3776,52.6874,52.6874,0,0,13.67,1.09,cautious,-11.61,front,LIDAR_ONLY
0,691.2606,t2822,LIDAR_ONLY,21.0053,21.0053,11.1426,9.8627,9.8627,88.5140,88.5140,0,0,13.67,1.09,drive,24.80,front,LIDAR_ONLY
0,691.2606,t2818,LIDAR_ONLY,10.1851,10.1851,11.1426,0.9575,0.9575,8.5928,8.5928,1,1,13.67,1.09,slow,16.71,front,LIDAR_ONLY
0,691.3172,t2817,BOTH,18.1233,11.1145,23.4926,5.3693,12.3781,22.8554,52.6893,0,0,13.38,0.93,warning,-9.06,,FULL_ANGLE
0,691.3172,t2817,LIDAR_ONLY,11.1104,11.1104,23.4926,12.3821,12.3821,52.7066,52.7066,0,0,13.38,0.93,cautious,-12.45,front,LIDAR_ONLY
0,691.3172,t2822,LIDAR_ONLY,18.8563,18.8563,11.1426,7.7137,7.7137,69.2273,69.2273,0,0,13.38,0.93,drive,24.18,front,LIDAR_ONLY
0,691.3777,t2817,BOTH,18.1187,11.1005,10.7758,7.3428,0.3247,68.1414,3.0132,0,1,10.43,1.36,warning,-9.06,,FULL_ANGLE
0,691.3777,t2817,LIDAR_ONLY,11.1151,11.1151,10.7758,0.3392,0.3392,3.1480,3.1480,1,1,10.43,1.36,cautious,-5.71,front,LIDAR_ONLY
0,691.3777,t2818,LIDAR_ONLY,12.5539,12.5539,8.8084,3.7456,3.7456,42.5232,42.5232,0,0,10.43,1.36,slow,18.79,front,LIDAR_ONLY
0,691.3777,t2818,LIDAR_ONLY,13.4086,13.4086,8.8084,4.6003,4.6003,52.2261,52.2261,0,0,10.43,1.36,cautious,10.63,front,LIDAR_ONLY
0,691.4379,cam_8,CAM_ONLY,18.1906,,10.7758,7.4148,,68.8092,,0,,13.40,1.65,warning,-9.06,,CAMERA_ONLY
0,691.5018,cam_8,CAM_ONLY,18.1571,,10.7758,7.3813,,68.4984,,0,,12.26,0.88,warning,-9.01,,CAMERA_ONLY
0,691.5692,t2817,BOTH,18.1734,11.1047,10.7758,7.3976,0.3288,68.6498,3.0514,0,1,18.95,1.06,warning,-9.01,,FULL_ANGLE
0,691.5692,t2817,LIDAR_ONLY,11.0757,11.0757,10.7758,0.2999,0.2999,2.7827,2.7827,1,1,18.95,1.06,cautious,-5.77,front,LIDAR_ONLY
0,691.5692,t2836,LIDAR_ONLY,12.3510,12.3510,11.1426,1.2085,1.2085,10.8456,10.8456,0,0,18.95,1.06,cautious,23.57,front,LIDAR_ONLY
0,691.5692,t2818,LIDAR_ONLY,13.6687,13.6687,8.8084,4.8603,4.8603,55.1786,55.1786,0,0,18.95,1.06,cautious,10.99,front,LIDAR_ONLY
0,691.6434,cam_8,CAM_ONLY,18.1809,,10.7758,7.4050,,68.7187,,0,,17.31,0.98,warning,-9.06,,CAMERA_ONLY
0,691.7087,t2817,BOTH,18.1810,11.0785,23.4934,5.3123,12.4149,22.6121,52.8443,0,0,13.19,0.93,warning,-9.06,,FULL_ANGLE
0,691.7087,t2837,LIDAR_ONLY,28.1824,28.1824,,,,,,,,13.19,0.93,drive,-24.66,front,LIDAR_ONLY
0,691.7087,t2817,LIDAR_ONLY,11.0857,11.0857,23.4934,12.4076,12.4076,52.8134,52.8134,0,0,13.19,0.93,cautious,-12.44,front,LIDAR_ONLY
0,691.7736,cam_8,CAM_ONLY,18.1594,,10.7758,7.3836,,68.5199,,0,,14.52,2.08,warning,-9.06,,CAMERA_ONLY
0,691.7736,t2836,LIDAR_ONLY,13.9877,13.9877,11.1426,2.8451,2.8451,25.5338,25.5338,0,0,14.52,2.08,cautious,25.23,front,LIDAR_ONLY
0,691.7736,t2818,LIDAR_ONLY,14.0784,14.0784,8.8084,5.2701,5.2701,59.8306,59.8306,0,0,14.52,2.08,cautious,16.95,front,LIDAR_ONLY
0,691.7736,t2836,LIDAR_ONLY,14.6068,14.6068,11.1426,3.4643,3.4643,31.0902,31.0902,0,0,14.52,2.08,cautious,25.23,front,LIDAR_ONLY
0,691.7736,t2818,LIDAR_ONLY,14.1221,14.1221,8.8084,5.3137,5.3137,60.3262,60.3262,0,0,14.52,2.08,cautious,8.66,front,LIDAR_ONLY
0,691.8372,cam_8,CAM_ONLY,18.1639,,10.7758,7.3881,,68.5612,,0,,15.11,1.45,warning,-9.06,,CAMERA_ONLY
0,691.9044,cam_8,CAM_ONLY,18.1570,,10.7758,7.3812,,68.4972,,0,,18.02,1.07,warning,-9.06,,CAMERA_ONLY
0,691.9721,t2847,BOTH,18.1360,11.1083,10.7758,7.3602,0.3324,68.3027,3.0851,0,1,13.90,1.08,warning,-9.06,,FULL_ANGLE
0,691.9721,t2847,LIDAR_ONLY,11.1244,11.1244,10.7758,0.3486,0.3486,3.2348,3.2348,1,1,13.90,1.08,cautious,-5.45,front,LIDAR_ONLY
0,691.9721,t2836,LIDAR_ONLY,14.7581,14.7581,11.1426,3.6155,3.6155,32.4476,32.4476,0,0,13.90,1.08,cautious,22.92,front,LIDAR_ONLY
0,692.0356,cam_8,CAM_ONLY,18.1055,,10.7758,7.3297,,68.0195,,0,,16.67,1.50,warning,-9.01,,CAMERA_ONLY
0,692.0950,cam_8,CAM_ONLY,18.1543,,10.7758,7.3785,,68.4721,,0,,14.75,1.32,warning,-9.06,,CAMERA_ONLY
0,692.1564,cam_8,CAM_ONLY,18.1261,,10.7758,7.3503,,68.2105,,0,,15.66,1.04,warning,-9.01,,CAMERA_ONLY
0,692.2248,t2853,BOTH,18.1300,11.0974,10.7758,7.3542,0.3215,68.2467,2.9839,0,1,15.43,1.39,warning,-9.01,,FULL_ANGLE
0,692.2248,t2854,LIDAR_ONLY,14.2389,14.2389,11.1426,3.0963,3.0963,27.7883,27.7883,0,0,15.43,1.39,cautious,16.37,front,LIDAR_ONLY
0,692.2248,t2854,LIDAR_ONLY,13.2115,13.2115,11.1426,2.0689,2.0689,18.5677,18.5677,0,0,15.43,1.39,cautious,20.51,front,LIDAR_ONLY
0,692.2248,t2854,LIDAR_ONLY,12.9450,12.9450,11.1426,1.8025,1.8025,16.1765,16.1765,0,0,15.43,1.39,cautious,24.65,front,LIDAR_ONLY
0,692.2867,cam_8,CAM_ONLY,18.1585,,10.7758,7.3827,,68.5111,,0,,13.76,1.11,warning,-9.01,,CAMERA_ONLY
0,692.3504,cam_8,CAM_ONLY,18.1636,,10.7758,7.3878,,68.5589,,0,,14.88,0.91,warning,-9.01,,CAMERA_ONLY
0,692.4150,t2853,BOTH,18.1314,11.0827,10.7758,7.3556,0.3068,68.2599,2.8474,0,1,16.89,1.02,warning,-9.01,,FULL_ANGLE
0,692.4150,t2853,LIDAR_ONLY,11.0818,11.0818,10.7758,0.3060,0.3060,2.8394,2.8394,1,1,16.89,1.02,cautious,-6.34,front,LIDAR_ONLY
0,692.4743,cam_8,CAM_ONLY,18.1630,,10.7758,7.3872,,68.5532,,0,,10.12,3.07,warning,-9.01,,CAMERA_ONLY
0,692.5375,cam_8,CAM_ONLY,18.1468,,10.7758,7.3709,,68.4023,,0,,19.09,1.56,warning,-9.06,,CAMERA_ONLY
0,692.6089,cam_8,CAM_ONLY,18.1213,,10.7758,7.3454,,68.1657,,0,,19.19,0.86,warning,-9.06,,CAMERA_ONLY
0,692.6790,cam_8,CAM_ONLY,18.1712,,10.7758,7.3954,,68.6294,,0,,19.72,1.71,warning,-9.06,,CAMERA_ONLY
0,692.6790,t2867,LIDAR_ONLY,22.3180,22.3180,,,,,,,,19.72,1.71,drive,26.38,front,LIDAR_ONLY
0,692.7387,cam_8,CAM_ONLY,18.2113,,10.7758,7.4354,,69.0011,,0,,11.35,0.82,warning,-9.06,,CAMERA_ONLY
0,692.8093,cam_8,CAM_ONLY,18.1500,,10.7758,7.3741,,68.4320,,0,,20.71,2.59,warning,-9.01,,CAMERA_ONLY
0,692.8815,cam_8,CAM_ONLY,18.1362,,10.7758,7.3603,,68.3038,,0,,20.34,1.52,warning,-9.06,,CAMERA_ONLY
0,692.9428,cam_8,CAM_ONLY,18.1646,,10.7758,7.3888,,68.5678,,0,,11.94,3.40,warning,-9.06,,CAMERA_ONLY
0,693.0085,cam_8,CAM_ONLY,18.1621,,10.7758,7.3863,,68.5449,,0,,15.41,1.06,warning,-9.06,,CAMERA_ONLY
0,693.0772,t2880,BOTH,18.1351,11.1072,10.7758,7.3593,0.3314,68.2940,3.0752,0,1,19.44,1.61,warning,-9.06,,FULL_ANGLE
0,693.0772,t2881,LIDAR_ONLY,36.7438,36.7438,11.1426,25.6012,25.6012,229.7608,229.7608,0,0,19.44,1.61,drive,15.65,front,LIDAR_ONLY
0,693.0772,t2882,LIDAR_ONLY,21.2094,21.2094,,,,,,,,19.44,1.61,drive,27.86,front,LIDAR_ONLY
0,693.0772,t2881,LIDAR_ONLY,22.8665,22.8665,11.1426,11.7239,11.7239,105.2173,105.2173,0,0,19.44,1.61,drive,19.72,front,LIDAR_ONLY
0,693.1492,cam_8,CAM_ONLY,18.1403,,10.7758,7.3645,,68.3423,,0,,21.30,2.25,warning,-9.06,,CAMERA_ONLY
0,693.2132,cam_8,CAM_ONLY,18.1438,,10.7758,7.3679,,68.3744,,0,,15.54,1.05,warning,-9.06,,CAMERA_ONLY
0,693.2710,t2880,BOTH,18.1282,11.1146,10.7758,7.3524,0.3387,68.2300,3.1435,0,1,11.47,1.04,warning,-9.06,,FULL_ANGLE
0,693.2710,t2881,LIDAR_ONLY,23.1737,23.1737,11.1426,12.0311,12.0311,107.9745,107.9745,0,0,11.47,1.04,drive,22.65,front,LIDAR_ONLY
0,693.2710,t2882,LIDAR_ONLY,21.3207,21.3207,,,,,,,,11.47,1.04,drive,26.85,front,LIDAR_ONLY
0,693.2710,t2880,LIDAR_ONLY,11.0982,11.0982,10.7758,0.3224,0.3224,2.9915,2.9915,1,1,11.47,1.04,cautious,-6.74,front,LIDAR_ONLY
0,693.2710,t2885,LIDAR_ONLY,9.3508,9.3508,8.8084,0.5424,0.5424,6.1582,6.1582,1,1,11.47,1.04,slow,10.05,front,LIDAR_ONLY
0,693.3308,cam_8,CAM_ONLY,18.1161,,10.7758,7.3403,,68.1177,,0,,11.03,1.64,warning,-9.01,,CAMERA_ONLY
0,693.3308,t2882,LIDAR_ONLY,21.3910,21.3910,,,,,,,,11.03,1.64,drive,27.45,front,LIDAR_ONLY
0,693.3868,cam_8,CAM_ONLY,18.1889,,10.7758,7.4131,,68.7934,,0,,10.06,0.91,warning,-9.06,,CAMERA_ONLY
0,693.4473,cam_8,CAM_ONLY,18.1447,,10.7758,7.3688,,68.3827,,0,,9.96,1.03,warning,-9.01,,CAMERA_ONLY
0,693.5025,cam_8,CAM_ONLY,18.1684,,10.7758,7.3925,,68.6029,,0,,10.97,0.96,warning,-9.06,,CAMERA_ONLY
0,693.5587,cam_8,CAM_ONLY,18.1818,,10.7758,7.4060,,68.7275,,0,,10.75,0.96,warning,-9.06,,CAMERA_ONLY
0,693.6196,cam_8,CAM_ONLY,18.1431,,10.7758,7.3673,,68.3685,,0,,9.89,1.46,warning,-9.06,,CAMERA_ONLY
0,693.6196,t2901,LIDAR_ONLY,22.7178,22.7178,,,,,,,,9.89,1.46,drive,25.88,front,LIDAR_ONLY
0,693.6196,t2901,LIDAR_ONLY,21.2549,21.2549,,,,,,,,9.89,1.46,drive,29.99,front,LIDAR_ONLY
0,693.6787,cam_8,CAM_ONLY,18.1680,,10.7758,7.3922,,68.5996,,0,,10.39,1.49,warning,-9.06,,CAMERA_ONLY
0,693.6787,t2901,LIDAR_ONLY,21.3577,21.3577,,,,,,,,10.39,1.49,drive,26.13,front,LIDAR_ONLY
0,693.6787,t2905,LIDAR_ONLY,9.3440,9.3440,8.8084,0.5357,0.5357,6.0817,6.0817,1,1,10.39,1.49,slow,9.46,front,LIDAR_ONLY
0,693.7443,cam_8,CAM_ONLY,18.1818,,10.7758,7.4060,,68.7277,,0,,14.44,1.18,warning,-9.10,,CAMERA_ONLY
0,693.8152,cam_8,CAM_ONLY,18.1306,,10.7758,7.3548,,68.2524,,0,,11.55,1.11,warning,-9.06,,CAMERA_ONLY
0,693.8941,cam_8,CAM_ONLY,18.1306,,10.7758,7.3547,,68.2520,,0,,19.90,1.27,warning,-9.06,,CAMERA_ONLY
0,693.9589,cam_8,CAM_ONLY,18.1505,,10.7758,7.3747,,68.4371,,0,,15.96,1.60,warning,-9.06,,CAMERA_ONLY
0,694.0247,cam_8,CAM_ONLY,18.1457,,10.7758,7.3699,,68.3925,,0,,12.81,1.76,warning,-9.06,,CAMERA_ONLY
0,694.0918,cam_8,CAM_ONLY,18.1204,,10.7758,7.3445,,68.1574,,0,,15.78,1.37,warning,-9.06,,CAMERA_ONLY
0,694.1503,cam_8,CAM_ONLY,18.1562,,10.7758,7.3804,,68.4901,,0,,12.89,1.01,warning,-9.06,,CAMERA_ONLY
0,694.2177,t2923,BOTH,18.1608,11.1244,23.4987,5.3379,12.3743,22.7158,52.6594,0,0,15.20,1.04,warning,-9.06,,FULL_ANGLE
0,694.2177,t2922,LIDAR_ONLY,23.3671,23.3671,,,,,,,,15.20,1.04,drive,25.12,front,LIDAR_ONLY
0,694.2177,t2922,LIDAR_ONLY,21.8177,21.8177,,,,,,,,15.20,1.04,drive,29.23,front,LIDAR_ONLY
0,694.2177,t2923,LIDAR_ONLY,11.2119,11.2119,23.4987,12.2868,12.2868,52.2870,52.2870,0,0,15.20,1.04,cautious,-11.85,front,LIDAR_ONLY
0,694.2177,t2924,LIDAR_ONLY,9.5589,9.5589,11.1426,1.5837,1.5837,14.2132,14.2132,0,0,15.20,1.04,slow,8.69,front,LIDAR_ONLY
0,694.2177,t2924,LIDAR_ONLY,10.1176,10.1176,11.1426,1.0250,1.0250,9.1986,9.1986,0,0,15.20,1.04,slow,16.90,front,LIDAR_ONLY
0,694.2885,cam_8,CAM_ONLY,18.1348,,10.7758,7.3589,,68.2911,,0,,19.26,1.98,warning,-9.06,,CAMERA_ONLY
0,694.3506,cam_8,CAM_ONLY,18.1205,,10.7758,7.3447,,68.1589,,0,,12.98,0.97,warning,-9.06,,CAMERA_ONLY
0,694.4120,t2923,BOTH,18.1635,11.1184,10.7758,7.3877,0.3425,68.5579,3.1788,0,1,18.60,0.97,warning,-9.06,,FULL_ANGLE
0,694.4784,cam_8,CAM_ONLY,18.1347,,10.7758,7.3589,,68.2904,,0,,14.46,1.77,warning,-9.06,,CAMERA_ONLY
0,694.5378,cam_8,CAM_ONLY,18.1357,,10.7758,7.3599,,68.2999,,0,,11.53,0.82,warning,-9.06,,CAMERA_ONLY
0,694.6140,t2923,BOTH,18.1421,11.1136,10.7758,7.3663,0.3378,68.3590,3.1348,0,1,19.52,0.93,warning,-9.06,,FULL_ANGLE
0,694.6763,cam_8,CAM_ONLY,18.1994,,10.7758,7.4235,,68.8903,,0,,11.36,1.94,warning,-9.06,,CAMERA_ONLY
0,694.7408,cam_8,CAM_ONLY,18.1355,,10.7758,7.3596,,68.2973,,0,,13.07,1.28,warning,-9.06,,CAMERA_ONLY
0,694.8146,cam_8,CAM_ONLY,18.1502,,10.7758,7.3743,,68.4338,,0,,18.71,0.99,warning,-9.06,,CAMERA_ONLY
0,694.8714,t2941,BOTH,18.1609,11.1988,10.7758,7.3851,0.4229,68.5337,3.9248,0,1,10.39,1.00,warning,-9.06,,FULL_ANGLE
0,694.8714,t2939,LIDAR_ONLY,19.9792,19.9792,11.1426,8.8366,8.8366,79.3053,79.3053,0,0,10.39,1.00,drive,29.73,front,LIDAR_ONLY
0,694.8714,t2939,LIDAR_ONLY,20.3653,20.3653,11.1426,9.2227,9.2227,82.7701,82.7701,0,0,10.39,1.00,drive,25.53,front,LIDAR_ONLY
0,694.8714,t2942,LIDAR_ONLY,9.5399,9.5399,8.8084,0.7315,0.7315,8.3047,8.3047,1,1,10.39,1.00,slow,8.70,front,LIDAR_ONLY
0,694.9293,cam_8,CAM_ONLY,18.1345,,10.7758,7.3587,,68.2887,,0,,9.78,1.49,warning,-9.06,,CAMERA_ONLY
0,694.9868,cam_8,CAM_ONLY,18.1279,,10.7758,7.3521,,68.2276,,0,,11.61,0.88,warning,-9.06,,CAMERA_ONLY
0,695.0417,cam_8,CAM_ONLY,18.1587,,10.7758,7.3828,,68.5128,,0,,9.84,1.04,warning,-9.06,,CAMERA_ONLY
0,695.1101,cam_8,CAM_ONLY,18.1248,,10.7758,7.3490,,68.1986,,0,,18.32,1.15,warning,-9.06,,CAMERA_ONLY
0,695.1721,cam_8,CAM_ONLY,18.1240,,10.7758,7.3481,,68.1906,,0,,11.04,1.88,warning,-9.06,,CAMERA_ONLY
0,695.1721,t2958,LIDAR_ONLY,21.5496,21.5496,,,,,,,,11.04,1.88,drive,27.39,front,LIDAR_ONLY
0,695.2282,cam_8,CAM_ONLY,18.1520,,10.7758,7.3761,,68.4506,,0,,9.85,1.37,warning,-9.06,,CAMERA_ONLY
0,695.2855,cam_8,CAM_ONLY,18.1202,,10.7758,7.3444,,68.1558,,0,,9.88,0.88,warning,-9.06,,CAMERA_ONLY
0,695.3540,t2962,BOTH,18.1638,11.0790,10.7758,7.3880,0.3031,68.5604,2.8129,0,1,19.38,1.69,warning,-9.06,,FULL_ANGLE
0,695.4297,cam_8,CAM_ONLY,18.1627,,10.7758,7.3868,,68.5499,,0,,21.36,2.23,warning,-9.06,,CAMERA_ONLY
0,695.4297,t2968,LIDAR_ONLY,19.8912,19.8912,,,,,,,,21.36,2.23,drive,29.87,front,LIDAR_ONLY
0,695.4947,cam_8,CAM_ONLY,18.1402,,10.7758,7.3643,,68.3409,,0,,20.90,1.32,warning,-9.06,,CAMERA_ONLY
0,695.5546,cam_8,CAM_ONLY,18.1477,,10.7758,7.3718,,68.4105,,0,,16.49,1.23,warning,-9.01,,CAMERA_ONLY
0,695.6187,cam_8,CAM_ONLY,18.1827,,10.7758,7.4068,,68.7356,,0,,17.28,1.46,warning,-9.06,,CAMERA_ONLY
0,695.6187,t2968,LIDAR_ONLY,20.1986,20.1986,11.1426,9.0560,9.0560,81.2743,81.2743,0,0,17.28,1.46,drive,27.19,front,LIDAR_ONLY
0,695.6187,t2968,LIDAR_ONLY,18.4494,18.4494,11.1426,7.3069,7.3069,65.5762,65.5762,0,0,17.28,1.46,drive,19.09,front,LIDAR_ONLY
0,695.6844,cam_8,CAM_ONLY,18.1739,,10.7758,7.3980,,68.6540,,0,,15.01,1.73,warning,-9.06,,CAMERA_ONLY
0,695.7405,cam_8,CAM_ONLY,18.1477,,10.7758,7.3719,,68.4113,,0,,12.25,1.39,warning,-9.06,,CAMERA_ONLY
0,695.8102,cam_8,CAM_ONLY,18.1756,,10.7758,7.3997,,68.6693,,0,,21.05,1.10,warning,-9.06,,CAMERA_ONLY
0,695.8766,cam_8,CAM_ONLY,18.1774,,10.7758,7.4016,,68.6865,,0,,16.79,1.65,warning,-9.06,,CAMERA_ONLY
0,695.8766,t2983,LIDAR_ONLY,29.8733,29.8733,11.1426,18.7308,18.7308,168.1010,168.1010,0,0,16.79,1.65,drive,19.40,front,LIDAR_ONLY
0,695.8766,t2983,LIDAR_ONLY,25.5984,25.5984,11.1426,14.4558,14.4558,129.7351,129.7351,0,0,16.79,1.65,drive,27.53,front,LIDAR_ONLY
0,695.8766,t2983,LIDAR_ONLY,21.1792,21.1792,11.1426,10.0367,10.0367,90.0751,90.0751,0,0,16.79,1.65,drive,23.46,front,LIDAR_ONLY
0,695.9485,cam_8,CAM_ONLY,18.1325,,10.7758,7.3567,,68.2700,,0,,21.41,1.09,warning,-9.06,,CAMERA_ONLY
0,696.0139,t2985,BOTH,18.1258,11.1295,23.5023,5.3765,12.3729,22.8766,52.6453,0,0,11.16,1.15,warning,-9.06,,FULL_ANGLE
0,696.0139,t2983,LIDAR_ONLY,21.3051,21.3051,,,,,,,,11.16,1.15,drive,26.07,front,LIDAR_ONLY
0,696.0139,t2985,LIDAR_ONLY,11.2084,11.2084,23.5023,12.2940,12.2940,52.3095,52.3095,0,0,11.16,1.15,cautious,-11.77,front,LIDAR_ONLY
0,696.0139,t2986,LIDAR_ONLY,9.4203,9.4203,11.1426,1.7223,1.7223,15.4569,15.4569,0,0,11.16,1.15,slow,9.25,front,LIDAR_ONLY
0,696.0139,t2986,LIDAR_ONLY,9.7649,9.7649,11.1426,1.3777,1.3777,12.3642,12.3642,0,0,11.16,1.15,slow,17.66,front,LIDAR_ONLY
0,696.0704,cam_8,CAM_ONLY,18.1723,,10.7758,7.3964,,68.6388,,0,,10.11,1.53,warning,-9.01,,CAMERA_ONLY
0,696.1293,cam_8,CAM_ONLY,18.1257,,10.7758,7.3498,,68.2065,,0,,12.03,1.36,warning,-9.01,,CAMERA_ONLY
0,696.1293,t2983,LIDAR_ONLY,21.3430,21.3430,,,,,,,,12.03,1.36,drive,28.26,front,LIDAR_ONLY
0,696.1911,cam_8,CAM_ONLY,18.1610,,10.7758,7.3851,,68.5339,,0,,11.93,1.54,warning,-9.06,,CAMERA_ONLY
0,696.2668,t2990,BOTH,18.1778,11.1199,23.5030,5.3251,12.3831,22.6573,52.6874,0,0,20.73,1.07,warning,-9.01,,FULL_ANGLE
0,696.2668,t2983,LIDAR_ONLY,20.7619,20.7619,,,,,,,,20.73,1.07,drive,24.57,front,LIDAR_ONLY
0,696.2668,t2990,LIDAR_ONLY,11.1959,11.1959,23.5030,12.3070,12.3070,52.3637,52.3637,0,0,20.73,1.07,cautious,-11.87,front,LIDAR_ONLY
0,696.2668,t2983,LIDAR_ONLY,20.6411,20.6411,,,,,,,,20.73,1.07,drive,28.62,front,LIDAR_ONLY
0,696.2668,t2991,LIDAR_ONLY,9.8679,9.8679,8.8084,1.0595,1.0595,12.0285,12.0285,0,0,20.73,1.07,cautious,8.38,front,LIDAR_ONLY
0,696.3335,cam_8,CAM_ONLY,18.1359,,10.7758,7.3601,,68.3014,,0,,16.22,1.57,warning,-9.01,,CAMERA_ONLY
0,696.3932,cam_8,CAM_ONLY,18.1322,,10.7758,7.3563,,68.2666,,0,,13.46,0.90,warning,-9.06,,CAMERA_ONLY
0,696.4501,cam_8,CAM_ONLY,18.1839,,10.7758,7.4081,,68.7469,,0,,16.39,1.14,warning,-9.01,,CAMERA_ONLY
0,696.5070,cam_8,CAM_ONLY,18.1390,,10.7758,7.3631,,68.3301,,0,,12.49,1.15,warning,-9.06,,CAMERA_ONLY
0,696.5848,cam_8,CAM_ONLY,18.1170,,10.7758,7.3411,,68.1256,,0,,16.90,1.69,warning,-9.06,,CAMERA_ONLY
0,696.6593,cam_8,CAM_ONLY,18.1523,,10.7758,7.3764,,68.4533,,0,,21.71,1.15,warning,-9.06,,CAMERA_ONLY
0,696.7206,t3006,BOTH,18.1855,11.1722,10.7758,7.4096,0.3964,68.7613,3.6785,0,1,11.86,0.90,warning,-9.06,,FULL_ANGLE
0,696.7206,t3007,LIDAR_ONLY,9.8639,9.8639,8.8084,1.0556,1.0556,11.9837,11.9837,0,0,11.86,0.90,cautious,8.40,front,LIDAR_ONLY
0,696.7848,cam_8,CAM_ONLY,18.1587,,10.7758,7.3829,,68.5131,,0,,16.85,1.69,warning,-9.06,,CAMERA_ONLY
0,696.8552,cam_8,CAM_ONLY,18.1660,,10.7758,7.3902,,68.5811,,0,,21.89,1.39,warning,-9.06,,CAMERA_ONLY
0,696.9172,t3006,BOTH,18.1914,11.1425,10.7758,7.4155,0.3667,68.8161,3.4026,0,1,16.61,1.10,warning,-9.01,,FULL_ANGLE
0,696.9172,t3010,LIDAR_ONLY,22.4332,22.4332,,,,,,,,16.61,1.10,drive,26.23,front,LIDAR_ONLY
0,696.9172,t3006,LIDAR_ONLY,11.1015,11.1015,10.7758,0.3256,0.3256,3.0218,3.0218,1,1,16.61,1.10,cautious,-6.30,front,LIDAR_ONLY
0,696.9172,t3007,LIDAR_ONLY,9.5777,9.5777,8.8084,0.7693,0.7693,8.7341,8.7341,1,1,16.61,1.10,slow,9.97,front,LIDAR_ONLY
0,696.9878,cam_8,CAM_ONLY,18.1227,,10.7758,7.3468,,68.1785,,0,,20.24,2.99,warning,-9.06,,CAMERA_ONLY
0,697.0435,cam_8,CAM_ONLY,18.1494,,10.7758,7.3736,,68.4267,,0,,15.62,1.55,warning,-9.06,,CAMERA_ONLY
0,697.1109,t3006,BOTH,18.1358,11.0999,23.5046,5.3689,12.4048,22.8417,52.7758,0,0,9.88,1.09,warning,-9.06,,FULL_ANGLE
0,697.1109,t3010,LIDAR_ONLY,22.6334,22.6334,,,,,,,,9.88,1.09,drive,24.66,front,LIDAR_ONLY
0,697.1109,t3010,LIDAR_ONLY,22.4139,22.4139,,,,,,,,9.88,1.09,drive,28.74,front,LIDAR_ONLY
0,697.1109,t3006,LIDAR_ONLY,11.1033,11.1033,23.5046,12.4013,12.4013,52.7610,52.7610,0,0,9.88,1.09,cautious,-12.08,front,LIDAR_ONLY
0,697.1109,t3007,LIDAR_ONLY,9.5873,9.5873,8.8084,0.7790,0.7790,8.8437,8.8437,1,1,9.88,1.09,slow,8.33,front,LIDAR_ONLY
0,697.1950,cam_8,CAM_ONLY,18.1608,,10.7758,7.3849,,68.5322,,0,,21.85,1.66,warning,-9.06,,CAMERA_ONLY
0,697.2587,cam_8,CAM_ONLY,18.1284,,10.7758,7.3526,,68.2322,,0,,19.69,1.01,warning,-9.06,,CAMERA_ONLY
0,697.3342,cam_8,CAM_ONLY,18.1258,,10.7758,7.3499,,68.2073,,0,,15.59,1.59,warning,-9.06,,CAMERA_ONLY
0,697.4043,cam_8,CAM_ONLY,18.1730,,10.7758,7.3972,,68.6458,,0,,21.06,1.67,warning,-9.06,,CAMERA_ONLY
0,697.4609,t3021,BOTH,18.1445,11.1131,10.7758,7.3687,0.3373,68.3817,3.1297,0,1,10.67,1.14,warning,-9.06,,FULL_ANGLE
0,697.4609,t3021,LIDAR_ONLY,11.1130,11.1130,10.7758,0.3372,0.3372,3.1290,3.1290,1,1,10.67,1.14,cautious,-5.74,front,LIDAR_ONLY
0,697.4609,t3022,LIDAR_ONLY,12.7659,12.7659,11.1426,1.6233,1.6233,14.5685,14.5685,0,0,10.67,1.14,cautious,18.64,front,LIDAR_ONLY
0,697.5199,cam_8,CAM_ONLY,18.1369,,10.7758,7.3611,,68.3107,,0,,10.40,1.47,warning,-9.06,,CAMERA_ONLY
0,697.5765,cam_8,CAM_ONLY,18.1902,,10.7758,7.4143,,68.8049,,0,,12.35,1.62,warning,-9.06,,CAMERA_ONLY
0,697.6517,cam_8,CAM_ONLY,18.1812,,10.7758,7.4053,,68.7216,,0,,15.04,1.18,warning,-9.06,,CAMERA_ONLY
0,697.7100,cam_8,CAM_ONLY,18.1390,,10.7758,7.3631,,68.3300,,0,,9.80,1.09,warning,-9.06,,CAMERA_ONLY
0,697.7846,cam_8,CAM_ONLY,18.1646,,10.7758,7.3888,,68.5679,,0,,23.77,3.68,warning,-9.06,,CAMERA_ONLY
0,697.7846,t3030,LIDAR_ONLY,22.3461,22.3461,,,,,,,,23.77,3.68,drive,26.34,front,LIDAR_ONLY
0,697.8447,cam_8,CAM_ONLY,18.1875,,10.7758,7.4117,,68.7806,,0,,13.42,0.84,warning,-9.06,,CAMERA_ONLY
0,697.9063,cam_8,CAM_ONLY,18.1439,,10.7758,7.3680,,68.3756,,0,,10.79,1.00,warning,-9.06,,CAMERA_ONLY
0,697.9735,cam_8,CAM_ONLY,18.1754,,10.7758,7.3995,,68.6675,,0,,17.74,3.91,warning,-9.06,,CAMERA_ONLY
0,697.9735,t3030,LIDAR_ONLY,22.3183,22.3183,,,,,,,,17.74,3.91,drive,26.44,front,LIDAR_ONLY
0,697.9735,t3034,LIDAR_ONLY,9.3460,9.3460,8.8084,0.5376,0.5376,6.1039,6.1039,1,1,17.74,3.91,slow,10.07,front,LIDAR_ONLY
0,698.0549,t3035,BOTH,18.1687,11.1007,23.5068,5.3381,12.4061,22.7089,52.7766,0,0,25.19,0.91,warning,-9.06,,FULL_ANGLE
0,698.0549,t3035,LIDAR_ONLY,11.1277,11.1277,23.5068,12.3790,12.3790,52.6616,52.6616,0,0,25.19,0.91,cautious,-13.06,front,LIDAR_ONLY
0,698.1320,cam_8,CAM_ONLY,18.1662,,10.7758,7.3904,,68.5828,,0,,20.31,1.61,warning,-9.06,,CAMERA_ONLY
0,698.1899,cam_8,CAM_ONLY,18.1332,,10.7758,7.3573,,68.2763,,0,,12.06,0.94,warning,-9.06,,CAMERA_ONLY
0,698.2474,cam_8,CAM_ONLY,18.1535,,10.7758,7.3776,,68.4646,,0,,10.21,1.14,warning,-9.06,,CAMERA_ONLY
0,698.3122,cam_8,CAM_ONLY,18.1600,,10.7758,7.3842,,68.5251,,0,,19.05,0.90,warning,-9.06,,CAMERA_ONLY
0,698.3819,cam_8,CAM_ONLY,18.1269,,10.7758,7.3511,,68.2183,,0,,18.11,1.63,warning,-9.06,,CAMERA_ONLY
0,698.4422,cam_8,CAM_ONLY,18.1165,,10.7758,7.3407,,68.1218,,0,,13.93,1.61,warning,-9.06,,CAMERA_ONLY
0,698.5070,cam_8,CAM_ONLY,18.1869,,10.7758,7.4110,,68.7743,,0,,16.15,1.16,warning,-9.01,,CAMERA_ONLY
0,698.5805,t3055,BOTH,18.1293,11.0676,10.7758,7.3534,0.2918,68.2399,2.7075,0,1,19.16,1.74,warning,-9.06,,FULL_ANGLE
0,698.5805,t3053,LIDAR_ONLY,23.0693,23.0693,,,,,,,,19.16,1.74,drive,25.46,front,LIDAR_ONLY
0,698.5805,t3053,LIDAR_ONLY,21.5400,21.5400,,,,,,,,19.16,1.74,drive,29.63,front,LIDAR_ONLY
0,698.6517,cam_8,CAM_ONLY,18.1450,,10.7758,7.3692,,68.3861,,0,,16.23,1.01,warning,-9.06,,CAMERA_ONLY
0,698.7201,t3055,BOTH,18.1701,11.0511,10.7758,7.3942,0.2752,68.6183,2.5542,0,1,19.46,0.89,warning,-9.06,,FULL_ANGLE
0,698.7201,t3053,LIDAR_ONLY,21.9976,21.9976,11.1426,10.8551,10.8551,97.4199,97.4199,0,0,19.46,0.89,drive,21.36,front,LIDAR_ONLY
0,698.7201,t3057,LIDAR_ONLY,9.4208,9.4208,8.8084,0.6125,0.6125,6.9534,6.9534,1,1,19.46,0.89,slow,8.93,front,LIDAR_ONLY
0,698.7851,cam_8,CAM_ONLY,18.1782,,10.7758,7.4024,,68.6941,,0,,11.40,1.20,warning,-9.06,,CAMERA_ONLY
0,698.8601,cam_8,CAM_ONLY,18.1342,,10.7758,7.3584,,68.2859,,0,,21.09,1.25,warning,-9.06,,CAMERA_ONLY
0,698.9348,cam_8,CAM_ONLY,18.1317,,10.7758,7.3559,,68.2625,,0,,18.96,1.22,warning,-9.06,,CAMERA_ONLY
0,698.9893,cam_8,CAM_ONLY,18.1736,,10.7758,7.3978,,68.6517,,0,,11.87,1.55,warning,-9.06,,CAMERA_ONLY
0,699.0491,cam_8,CAM_ONLY,18.1493,,10.7758,7.3734,,68.4253,,0,,14.87,1.03,warning,-9.06,,CAMERA_ONLY
0,699.1265,cam_8,CAM_ONLY,18.1385,,10.7758,7.3626,,68.3254,,0,,13.98,1.40,warning,-9.06,,CAMERA_ONLY
0,699.1265,t3067,LIDAR_ONLY,23.5774,23.5774,11.1426,12.4349,12.4349,111.5980,111.5980,0,0,13.98,1.40,drive,24.88,front,LIDAR_ONLY
0,699.1265,t3067,LIDAR_ONLY,21.9892,21.9892,11.1426,10.8467,10.8467,97.3445,97.3445,0,0,13.98,1.40,drive,29.02,front,LIDAR_ONLY
0,699.1265,t3069,LIDAR_ONLY,9.7838,9.7838,8.8084,0.9754,0.9754,11.0740,11.0740,1,1,13.98,1.40,cautious,8.32,front,LIDAR_ONLY
0,699.1265,t3067,LIDAR_ONLY,18.8216,18.8216,11.1426,7.6790,7.6790,68.9159,68.9159,0,0,13.98,1.40,drive,24.88,front,LIDAR_ONLY
0,699.1884,cam_8,CAM_ONLY,18.1619,,10.7758,7.3861,,68.5427,,0,,11.43,1.79,warning,-9.01,,CAMERA_ONLY
0,699.2500,cam_8,CAM_ONLY,18.1329,,10.7758,7.3571,,68.2739,,0,,15.29,0.97,warning,-9.01,,CAMERA_ONLY
0,699.3083,t3072,BOTH,18.1621,11.1207,10.7758,7.3863,0.3449,68.5450,3.2005,0,1,10.83,0.99,warning,-9.01,,FULL_ANGLE
0,699.3083,t3067,LIDAR_ONLY,19.3726,19.3726,11.1426,8.2301,8.2301,73.8617,73.8617,0,0,10.83,0.99,drive,22.24,front,LIDAR_ONLY
0,699.3083,t3072,LIDAR_ONLY,11.0733,11.0733,10.7758,0.2974,0.2974,2.7603,2.7603,1,1,10.83,0.99,cautious,-6.01,front,LIDAR_ONLY
0,699.3083,t3067,LIDAR_ONLY,19.1113,19.1113,11.1426,7.9687,7.9687,71.5160,71.5160,0,0,10.83,0.99,drive,18.20,front,LIDAR_ONLY
0,699.3083,t3069,LIDAR_ONLY,9.5673,9.5673,8.8084,0.7589,0.7589,8.6159,8.6159,1,1,10.83,0.99,slow,10.13,front,LIDAR_ONLY
0,699.3757,cam_8,CAM_ONLY,18.1573,,10.7758,7.3814,,68.4998,,0,,19.31,1.39,warning,-9.06,,CAMERA_ONLY
0,699.3757,t3076,LIDAR_ONLY,20.6071,20.6071,11.1426,9.4645,9.4645,84.9403,84.9403,0,0,19.31,1.39,drive,28.75,front,LIDAR_ONLY
0,699.3757,t3076,LIDAR_ONLY,20.9553,20.9553,11.1426,9.8127,9.8127,88.0653,88.0653,0,0,19.31,1.39,drive,24.70,front,LIDAR_ONLY
0,699.3757,t3069,LIDAR_ONLY,9.5746,9.5746,8.8084,0.7662,0.7662,8.6989,8.6989,1,1,19.31,1.39,slow,8.51,front,LIDAR_ONLY
0,699.4551,cam_8,CAM_ONLY,18.1444,,10.7758,7.3686,,68.3806,,0,,20.49,1.14,warning,-9.01,,CAMERA_ONLY
0,699.5244,t3072,BOTH,18.1298,11.0840,23.5097,5.3799,12.4256,22.8837,52.8533,0,0,16.49,3.49,warning,-9.06,,FULL_ANGLE
0,699.5244,t3067,LIDAR_ONLY,19.3257,19.3257,11.1426,8.1832,8.1832,73.4406,73.4406,0,0,16.49,3.49,drive,21.42,front,LIDAR_ONLY
0,699.5244,t3076,LIDAR_ONLY,21.3228,21.3228,,,,,,,,16.49,3.49,drive,25.53,front,LIDAR_ONLY
0,699.5244,t3072,LIDAR_ONLY,11.0808,11.0808,23.5097,12.4289,12.4289,52.8672,52.8672,0,0,16.49,3.49,cautious,-11.46,front,LIDAR_ONLY
0,699.5244,t3076,LIDAR_ONLY,21.3889,21.3889,,,,,,,,16.49,3.49,drive,29.64,front,LIDAR_ONLY
0,699.5244,t3067,LIDAR_ONLY,18.2065,18.2065,11.1426,7.0639,7.0639,63.3957,63.3957,0,0,16.49,3.49,drive,21.42,front,LIDAR_ONLY
0,699.5244,t3067,LIDAR_ONLY,18.2117,18.2117,11.1426,7.0692,7.0692,63.4429,63.4429,0,0,16.49,3.49,drive,25.53,front,LIDAR_ONLY
0,699.5849,cam_8,CAM_ONLY,18.1688,,10.7758,7.3929,,68.6066,,0,,11.58,1.07,warning,-9.06,,CAMERA_ONLY
0,699.6463,cam_8,CAM_ONLY,18.1786,,10.7758,7.4028,,68.6979,,0,,15.55,1.08,warning,-9.06,,CAMERA_ONLY
0,699.7023,cam_8,CAM_ONLY,18.1396,,10.7758,7.3637,,68.3356,,0,,14.22,1.06,warning,-9.06,,CAMERA_ONLY
0,699.7628,t3085,BOTH,18.1670,11.1627,10.7758,7.3912,0.3868,68.5903,3.5897,0,1,14.34,1.05,warning,-9.06,,FULL_ANGLE
0,699.7628,t3084,LIDAR_ONLY,28.1869,28.1869,,,,,,,,14.34,1.05,drive,-24.64,front,LIDAR_ONLY
0,699.7628,t3085,LIDAR_ONLY,11.2631,11.2631,10.7758,0.4873,0.4873,4.5217,4.5217,1,1,14.34,1.05,cautious,-12.50,front,LIDAR_ONLY
0,699.7628,t3085,LIDAR_ONLY,11.4641,11.4641,10.7758,0.6883,0.6883,6.3870,6.3870,1,1,14.34,1.05,cautious,-4.42,front,LIDAR_ONLY
0,699.8345,cam_8,CAM_ONLY,18.1816,,10.7758,7.4057,,68.7253,,0,,17.91,1.79,warning,-9.06,,CAMERA_ONLY
0,699.9019,cam_8,CAM_ONLY,18.1388,,10.7758,7.3630,,68.3287,,0,,12.32,0.92,warning,-9.06,,CAMERA_ONLY
0,699.9667,cam_8,CAM_ONLY,18.1338,,10.7758,7.3579,,68.2818,,0,,10.79,1.34,warning,-9.01,,CAMERA_ONLY
0,699.9667,t3093,LIDAR_ONLY,22.9895,22.9895,,,,,,,,10.79,1.34,drive,25.56,front,LIDAR_ONLY
0,699.9667,t3093,LIDAR_ONLY,21.5014,21.5014,,,,,,,,10.79,1.34,drive,29.63,front,LIDAR_ONLY
0,699.9667,t3095,LIDAR_ONLY,9.4573,9.4573,8.8084,0.6489,0.6489,7.3669,7.3669,1,1,10.79,1.34,slow,9.26,front,LIDAR_ONLY
0,700.0300,cam_8,CAM_ONLY,18.1535,,10.7758,7.3776,,68.4646,,0,,11.60,1.66,warning,-9.01,,CAMERA_ONLY
0,700.1018,cam_8,CAM_ONLY,18.1444,,10.7758,7.3685,,68.3802,,0,,20.69,1.05,warning,-9.06,,CAMERA_ONLY
0,700.1676,t3099,BOTH,18.1310,11.1362,10.7758,7.3551,0.3604,68.2555,3.3445,0,1,19.58,1.01,warning,-9.01,,FULL_ANGLE
0,700.1676,t3099,LIDAR_ONLY,11.0950,11.0950,10.7758,0.3192,0.3192,2.9618,2.9618,1,1,19.58,1.01,cautious,-6.11,front,LIDAR_ONLY
0,700.1676,t3095,LIDAR_ONLY,12.2026,12.2026,8.8084,3.3942,3.3942,38.5343,38.5343,0,0,19.58,1.01,slow,18.71,front,LIDAR_ONLY
0,700.1676,t3095,LIDAR_ONLY,12.9671,12.9671,8.8084,4.1588,4.1588,47.2140,47.2140,0,0,19.58,1.01,slow,10.43,front,LIDAR_ONLY
0,700.2421,cam_8,CAM_ONLY,18.1300,,10.7758,7.3541,,68.2464,,0,,18.76,1.51,warning,-9.06,,CAMERA_ONLY
0,700.3164,t3099,BOTH,18.1605,11.0928,23.5113,5.3508,12.4185,22.7583,52.8192,0,0,22.48,0.97,warning,-9.06,,FULL_ANGLE
0,700.3164,t3099,LIDAR_ONLY,11.1008,11.1008,23.5113,12.4104,12.4104,52.7851,52.7851,0,0,22.48,0.97,cautious,-11.41,front,LIDAR_ONLY
0,700.3164,t3102,LIDAR_ONLY,20.0378,20.0378,11.1426,8.8952,8.8952,79.8312,79.8312,0,0,22.48,0.97,drive,29.64,front,LIDAR_ONLY
0,700.3164,t3102,LIDAR_ONLY,16.0778,16.0778,11.1426,4.9352,4.9352,44.2917,44.2917,0,0,22.48,0.97,drive,21.43,front,LIDAR_ONLY
0,700.3865,cam_8,CAM_ONLY,18.1798,,10.7758,7.4040,,68.7090,,0,,16.29,1.73,warning,-9.06,,CAMERA_ONLY
0,700.4562,cam_8,CAM_ONLY,18.1346,,10.7758,7.3588,,68.2894,,0,,17.23,1.23,warning,-9.01,,CAMERA_ONLY
0,700.5211,t3099,BOTH,18.1277,11.0930,10.7758,7.3519,0.3172,68.2255,2.9433,0,1,17.86,1.29,warning,-9.01,,FULL_ANGLE
0,700.5211,t3102,LIDAR_ONLY,16.9300,16.9300,11.1426,5.7874,5.7874,51.9398,51.9398,0,0,17.86,1.29,drive,23.77,front,LIDAR_ONLY
0,700.5211,t3102,LIDAR_ONLY,18.8790,18.8790,11.1426,7.7364,7.7364,69.4310,69.4310,0,0,17.86,1.29,drive,15.41,front,LIDAR_ONLY
0,700.5211,t3102,LIDAR_ONLY,20.6124,20.6124,11.1426,9.4699,9.4699,84.9883,84.9883,0,0,17.86,1.29,drive,19.59,front,LIDAR_ONLY
0,700.5211,t3102,LIDAR_ONLY,21.8242,21.8242,11.1426,10.6816,10.6816,95.8631,95.8631,0,0,17.86,1.29,drive,27.94,front,LIDAR_ONLY
0,700.5211,t3102,LIDAR_ONLY,22.6813,22.6813,11.1426,11.5388,11.5388,103.5559,103.5559,0,0,17.86,1.29,drive,23.77,front,LIDAR_ONLY
0,700.5913,cam_8,CAM_ONLY,18.1620,,10.7758,7.3862,,68.5438,,0,,20.32,1.40,warning,-9.06,,CAMERA_ONLY
0,700.6484,cam_8,CAM_ONLY,18.1270,,10.7758,7.3511,,68.2187,,0,,15.08,0.84,warning,-9.06,,CAMERA_ONLY
0,700.7123,t3099,BOTH,18.1563,11.0958,10.7758,7.3804,0.3200,68.4903,2.9695,0,1,11.87,1.07,warning,-9.06,,FULL_ANGLE
0,700.7123,t3099,LIDAR_ONLY,11.0951,11.0951,10.7758,0.3192,0.3192,2.9622,2.9622,1,1,11.87,1.07,cautious,-11.15,front,LIDAR_ONLY
0,700.7123,t3109,LIDAR_ONLY,9.3851,9.3851,8.8084,0.5767,0.5767,6.5476,6.5476,1,1,11.87,1.07,slow,9.54,front,LIDAR_ONLY
0,700.7860,cam_8,CAM_ONLY,18.1743,,10.7758,7.3984,,68.6573,,0,,17.75,1.96,warning,-9.06,,CAMERA_ONLY
0,700.8532,t3099,BOTH,18.1966,11.0864,10.7758,7.4207,0.3106,68.8643,2.8819,0,1,15.08,0.99,warning,-9.06,,FULL_ANGLE
0,700.8532,t3099,LIDAR_ONLY,11.0881,11.0881,10.7758,0.3122,0.3122,2.8976,2.8976,1,1,15.08,0.99,cautious,-5.74,front,LIDAR_ONLY
0,700.9140,t3099,BOTH,18.1437,11.0967,23.5126,5.3689,12.4158,22.8342,52.8051,0,0,12.39,1.13,warning,-9.06,,FULL_ANGLE
0,700.9140,t3120,LIDAR_ONLY,28.1825,28.1825,,,,,,,,12.39,1.13,drive,-24.60,front,LIDAR_ONLY
0,700.9140,t3121,LIDAR_ONLY,22.9255,22.9255,11.1426,11.7829,11.7829,105.7468,105.7468,0,0,12.39,1.13,drive,25.63,front,LIDAR_ONLY
0,700.9140,t3121,LIDAR_ONLY,21.6255,21.6255,11.1426,10.4829,10.4829,94.0800,94.0800,0,0,12.39,1.13,drive,29.82,front,LIDAR_ONLY
0,700.9140,t3099,LIDAR_ONLY,11.0962,11.0962,23.5126,12.4164,12.4164,52.8073,52.8073,0,0,12.39,1.13,cautious,-12.04,front,LIDAR_ONLY
0,700.9140,t3109,LIDAR_ONLY,9.4065,9.4065,11.1426,1.7360,1.7360,15.5803,15.5803,0,0,12.39,1.13,slow,8.89,front,LIDAR_ONLY
0,700.9140,t3109,LIDAR_ONLY,9.6807,9.6807,11.1426,1.4619,1.4619,13.1196,13.1196,0,0,12.39,1.13,slow,17.26,front,LIDAR_ONLY
0,700.9140,t3121,LIDAR_ONLY,18.9194,18.9194,11.1426,7.7769,7.7769,69.7944,69.7944,0,0,12.39,1.13,drive,25.63,front,LIDAR_ONLY
0,700.9780,cam_8,CAM_ONLY,18.1579,,10.7758,7.3821,,68.5060,,0,,14.45,1.48,warning,-9.06,,CAMERA_ONLY
0,700.9780,t3121,LIDAR_ONLY,19.2979,19.2979,11.1426,8.1553,8.1553,73.1908,73.1908,0,0,14.45,1.48,drive,25.15,front,LIDAR_ONLY
0,700.9780,t3121,LIDAR_ONLY,19.5678,19.5678,11.1426,8.4253,8.4253,75.6135,75.6135,0,0,14.45,1.48,drive,29.22,front,LIDAR_ONLY
0,700.9780,t3109,LIDAR_ONLY,9.8260,9.8260,8.8084,1.0176,1.0176,11.5531,11.5531,0,0,14.45,1.48,slow,8.83,front,LIDAR_ONLY
0,700.9780,t3121,LIDAR_ONLY,18.0029,18.0029,11.1426,6.8604,6.8604,61.5690,61.5690,0,0,14.45,1.48,drive,21.07,front,LIDAR_ONLY
0,701.0387,cam_8,CAM_ONLY,18.1856,,10.7758,7.4098,,68.7628,,0,,14.74,1.81,warning,-9.01,,CAMERA_ONLY
0,701.1081,cam_8,CAM_ONLY,18.1393,,10.7758,7.3635,,68.3332,,0,,19.26,1.08,warning,-9.06,,CAMERA_ONLY
0,701.1684,cam_8,CAM_ONLY,18.1289,,10.7758,7.3530,,68.2362,,0,,12.64,1.49,warning,-9.06,,CAMERA_ONLY
0,701.1684,t3121,LIDAR_ONLY,18.3121,18.3121,11.1426,7.1696,7.1696,64.3440,64.3440,0,0,12.64,1.49,drive,22.99,front,LIDAR_ONLY
0,701.1684,t3121,LIDAR_ONLY,19.0427,19.0427,11.1426,7.9001,7.9001,70.9001,70.9001,0,0,12.64,1.49,drive,27.10,front,LIDAR_ONLY
0,701.1684,t3109,LIDAR_ONLY,9.8775,9.8775,8.8084,1.0691,1.0691,12.1377,12.1377,0,0,12.64,1.49,cautious,10.65,front,LIDAR_ONLY
0,701.1684,t3121,LIDAR_ONLY,18.3639,18.3639,11.1426,7.2213,7.2213,64.8084,64.8084,0,0,12.64,1.49,drive,22.99,front,LIDAR_ONLY
0,701.2328,cam_8,CAM_ONLY,18.1742,,10.7758,7.3983,,68.6564,,0,,17.99,1.57,warning,-9.06,,CAMERA_ONLY
0,701.3034,cam_8,CAM_ONLY,18.1267,,10.7758,7.3508,,68.2157,,0,,23.01,2.00,warning,-9.06,,CAMERA_ONLY
0,701.3789,cam_8,CAM_ONLY,18.1336,,10.7758,7.3578,,68.2803,,0,,21.90,1.50,warning,-9.06,,CAMERA_ONLY
0,701.4356,cam_8,CAM_ONLY,18.1604,,10.7758,7.3846,,68.5292,,0,,11.20,1.77,warning,-9.06,,CAMERA_ONLY
0,701.5069,cam_8,CAM_ONLY,18.1370,,10.7758,7.3611,,68.3114,,0,,21.12,1.89,warning,-9.06,,CAMERA_ONLY
0,701.5691,t3141,BOTH,18.1648,11.0569,10.7758,7.3889,0.2811,68.5693,2.6081,0,1,15.35,1.41,warning,-9.06,,FULL_ANGLE
0,701.5691,t3136,LIDAR_ONLY,48.6756,48.6756,8.8084,39.8672,39.8672,452.6069,452.6069,0,0,15.35,1.41,drive,5.60,front,LIDAR_ONLY
0,701.5691,t3138,LIDAR_ONLY,22.3810,22.3810,,,,,,,,15.35,1.41,drive,26.30,front,LIDAR_ONLY
0,701.5691,t3141,LIDAR_ONLY,11.0484,11.0484,10.7758,0.2726,0.2726,2.5293,2.5293,1,1,15.35,1.41,cautious,-6.82,front,LIDAR_ONLY
0,701.5691,t3136,LIDAR_ONLY,27.2057,27.2057,8.8084,18.3973,18.3973,208.8621,208.8621,0,0,15.35,1.41,drive,9.74,front,LIDAR_ONLY
0,701.6539,cam_8,CAM_ONLY,18.1539,,10.7758,7.3780,,68.4682,,0,,19.96,1.25,warning,-9.06,,CAMERA_ONLY
0,701.7232,t3141,BOTH,18.1570,11.0576,10.7758,7.3811,0.2818,68.4970,2.6147,0,1,19.53,1.27,warning,-9.06,,FULL_ANGLE
0,701.7232,t3138,LIDAR_ONLY,22.7724,22.7724,11.1426,11.6299,11.6299,104.3732,104.3732,0,0,19.53,1.27,drive,23.37,front,LIDAR_ONLY
0,701.7232,t3136,LIDAR_ONLY,23.3378,23.3378,8.8084,14.5295,14.5295,164.9512,164.9512,0,0,19.53,1.27,drive,10.83,front,LIDAR_ONLY
0,701.7883,cam_8,CAM_ONLY,18.1740,,10.7758,7.3982,,68.6550,,0,,16.90,1.22,warning,-9.06,,CAMERA_ONLY
0,701.8459,cam_8,CAM_ONLY,18.1396,,10.7758,7.3638,,68.3359,,0,,10.37,1.17,warning,-9.06,,CAMERA_ONLY
0,701.9287,cam_8,CAM_ONLY,18.1290,,10.7758,7.3531,,68.2369,,0,,25.43,4.29,warning,-9.06,,CAMERA_ONLY
0,701.9980,cam_8,CAM_ONLY,18.1603,,10.7758,7.3845,,68.5281,,0,,10.07,1.12,warning,-9.06,,CAMERA_ONLY
0,702.0622,cam_8,CAM_ONLY,18.1660,,10.7758,7.3902,,68.5807,,0,,14.54,1.15,warning,-9.06,,CAMERA_ONLY
0,702.1279,cam_8,CAM_ONLY,18.1286,,10.7758,7.3527,,68.2333,,0,,18.05,1.52,warning,-9.06,,CAMERA_ONLY
0,702.1946,cam_8,CAM_ONLY,18.1330,,10.7758,7.3572,,68.2748,,0,,13.47,1.08,warning,-9.06,,CAMERA_ONLY
0,702.2558,cam_8,CAM_ONLY,18.1688,,10.7758,7.3929,,68.6065,,0,,16.50,1.06,warning,-9.06,,CAMERA_ONLY
0,702.3238,t3157,BOTH,18.1425,11.1318,10.7758,7.3666,0.3560,68.3624,3.3037,0,1,15.49,1.04,warning,-9.06,,FULL_ANGLE
0,702.3238,t3156,LIDAR_ONLY,21.6887,21.6887,,,,,,,,15.49,1.04,drive,27.20,front,LIDAR_ONLY
0,702.3238,t3157,LIDAR_ONLY,11.1338,11.1338,10.7758,0.3579,0.3579,3.3216,3.3216,1,1,15.49,1.04,cautious,-5.11,front,LIDAR_ONLY
0,702.3238,t3158,LIDAR_ONLY,9.1971,9.1971,8.8084,0.3888,0.3888,4.4140,4.4140,1,1,15.49,1.04,slow,11.04,front,LIDAR_ONLY
0,702.3824,cam_8,CAM_ONLY,18.1368,,10.7758,7.3610,,68.3100,,0,,10.88,1.42,warning,-9.06,,CAMERA_ONLY
0,702.4482,cam_8,CAM_ONLY,18.1527,,10.7758,7.3768,,68.4568,,0,,19.45,0.82,warning,-9.06,,CAMERA_ONLY
0,702.5177,cam_8,CAM_ONLY,18.1859,,10.7758,7.4101,,68.7654,,0,,13.57,1.49,warning,-9.06,,CAMERA_ONLY
0,702.5177,t3156,LIDAR_ONLY,22.0158,22.0158,11.1426,10.8733,10.8733,97.5832,97.5832,0,0,13.57,1.49,drive,23.76,front,LIDAR_ONLY
0,702.5177,t3156,LIDAR_ONLY,22.0808,22.0808,11.1426,10.9383,10.9383,98.1665,98.1665,0,0,13.57,1.49,drive,27.95,front,LIDAR_ONLY
0,702.5177,t3156,LIDAR_ONLY,20.2402,20.2402,11.1426,9.0976,9.0976,81.6475,81.6475,0,0,13.57,1.49,drive,19.57,front,LIDAR_ONLY
0,702.5754,cam_8,CAM_ONLY,18.1264,,10.7758,7.3506,,68.2136,,0,,12.16,1.53,warning,-9.06,,CAMERA_ONLY
0,702.6371,cam_8,CAM_ONLY,18.1669,,10.7758,7.3911,,68.5894,,0,,16.46,1.48,warning,-9.06,,CAMERA_ONLY
0,702.7047,cam_8,CAM_ONLY,18.1697,,10.7758,7.3938,,68.6148,,0,,15.08,1.20,warning,-9.06,,CAMERA_ONLY
0,702.7731,cam_8,CAM_ONLY,18.1810,,10.7758,7.4051,,68.7195,,0,,15.57,1.16,warning,-9.06,,CAMERA_ONLY
0,702.7731,t3168,LIDAR_ONLY,20.7808,20.7808,,,,,,,,15.57,1.16,drive,28.49,front,LIDAR_ONLY
0,702.8450,cam_8,CAM_ONLY,18.1385,,10.7758,7.3626,,68.3252,,0,,18.27,1.38,warning,-9.06,,CAMERA_ONLY
0,702.9181,t3170,BOTH,18.1411,11.0485,10.7758,7.3652,0.2727,68.3494,2.5303,0,1,12.76,0.91,warning,-9.06,,FULL_ANGLE
0,702.9790,cam_8,CAM_ONLY,18.1927,,10.7758,7.4169,,68.8288,,0,,10.68,1.36,warning,-9.01,,CAMERA_ONLY
0,703.0469,cam_8,CAM_ONLY,18.1400,,10.7758,7.3642,,68.3397,,0,,19.93,0.87,warning,-9.01,,CAMERA_ONLY
0,703.1103,t3170,BOTH,18.1347,11.0378,10.7758,7.3589,0.2620,68.2905,2.4311,0,1,14.15,0.92,warning,-9.06,,FULL_ANGLE
0,703.1807,cam_8,CAM_ONLY,18.1501,,10.7758,7.3743,,68.4333,,0,,17.34,1.84,warning,-9.06,,CAMERA_ONLY
0,703.2517,cam_8,CAM_ONLY,18.1722,,10.7758,7.3964,,68.6383,,0,,19.08,1.09,warning,-9.06,,CAMERA_ONLY
0,703.3131,cam_8,CAM_ONLY,18.1240,,10.7758,7.3482,,68.1911,,0,,13.12,1.21,warning,-9.01,,CAMERA_ONLY
0,703.3797,t3189,BOTH,18.1546,11.0699,10.7758,7.3788,0.2941,68.4754,2.7290,0,1,17.35,2.70,warning,-9.06,,FULL_ANGLE
0,703.3797,t3188,LIDAR_ONLY,29.3609,29.3609,11.1426,18.2184,18.2184,163.5027,163.5027,0,0,17.35,2.70,drive,19.75,front,LIDAR_ONLY
0,703.3797,t3188,LIDAR_ONLY,26.8937,26.8937,11.1426,15.7511,15.7511,141.3598,141.3598,0,0,17.35,2.70,drive,23.92,front,LIDAR_ONLY
0,703.3797,t3188,LIDAR_ONLY,22.0544,22.0544,11.1426,10.9119,10.9119,97.9295,97.9295,0,0,17.35,2.70,drive,23.92,front,LIDAR_ONLY
0,703.4500,cam_8,CAM_ONLY,18.1749,,10.7758,7.3991,,68.6633,,0,,15.78,0.89,warning,-9.06,,CAMERA_ONLY
0,703.5153,t3189,BOTH,18.1490,11.0821,10.7758,7.3732,0.3063,68.4231,2.8420,0,1,18.32,1.07,warning,-9.06,,FULL_ANGLE
0,703.5153,t3189,LIDAR_ONLY,11.0853,11.0853,10.7758,0.3095,0.3095,2.8719,2.8719,1,1,18.32,1.07,cautious,-6.29,front,LIDAR_ONLY
0,703.5153,t3191,LIDAR_ONLY,9.3499,9.3499,8.8084,0.5416,0.5416,6.1486,6.1486,1,1,18.32,1.07,slow,9.92,front,LIDAR_ONLY
0,703.5759,cam_8,CAM_ONLY,18.1590,,10.7758,7.3831,,68.5157,,0,,10.57,1.88,warning,-9.06,,CAMERA_ONLY
0,703.6319,cam_8,CAM_ONLY,18.2075,,10.7758,7.4316,,68.9656,,0,,9.93,1.28,warning,-9.06,,CAMERA_ONLY
0,703.6917,cam_8,CAM_ONLY,18.1576,,10.7758,7.3817,,68.5027,,0,,12.21,1.45,warning,-9.06,,CAMERA_ONLY
0,703.7505,cam_8,CAM_ONLY,18.1778,,10.7758,7.4020,,68.6904,,0,,11.02,0.97,warning,-9.06,,CAMERA_ONLY
0,703.8105,t3198,BOTH,18.2047,11.4966,10.7758,7.4288,0.7208,68.9395,6.6886,0,1,10.43,1.00,warning,-9.06,,FULL_ANGLE
0,703.8105,t3198,LIDAR_ONLY,11.7743,11.7743,10.7758,0.9985,0.9985,9.2658,9.2658,1,1,10.43,1.00,cautious,-4.93,front,LIDAR_ONLY
0,703.8665,t3198,BOTH,18.1344,11.3607,10.7758,7.3585,0.5848,68.2874,5.4271,0,1,12.95,1.16,warning,-9.06,,FULL_ANGLE
0,703.8665,t3201,LIDAR_ONLY,48.6851,48.6851,8.8084,39.8767,39.8767,452.7151,452.7151,0,0,12.95,1.16,drive,5.61,front,LIDAR_ONLY
0,703.8665,t3198,LIDAR_ONLY,11.2513,11.2513,10.7758,0.4755,0.4755,4.4126,4.4126,1,1,12.95,1.16,cautious,-6.65,front,LIDAR_ONLY
0,703.8665,t3202,LIDAR_ONLY,32.3088,32.3088,11.1426,21.1662,21.1662,189.9584,189.9584,0,0,12.95,1.16,drive,17.88,front,LIDAR_ONLY
0,703.8665,t3202,LIDAR_ONLY,22.7590,22.7590,11.1426,11.6164,11.6164,104.2529,104.2529,0,0,12.95,1.16,drive,17.88,front,LIDAR_ONLY
0,703.9370,cam_8,CAM_ONLY,18.1605,,10.7758,7.3847,,68.5298,,0,,15.08,1.62,warning,-9.06,,CAMERA_ONLY
0,704.0074,cam_8,CAM_ONLY,18.1581,,10.7758,7.3822,,68.5073,,0,,20.07,1.24,warning,-9.06,,CAMERA_ONLY
0,704.0756,t3198,BOTH,18.1366,11.2322,10.7758,7.3608,0.4564,68.3082,4.2352,0,1,12.88,1.24,warning,-9.06,,FULL_ANGLE
0,704.0756,t3201,LIDAR_ONLY,48.6791,48.6791,8.8084,39.8708,39.8708,452.6476,452.6476,0,0,12.88,1.24,drive,5.63,front,LIDAR_ONLY
0,704.0756,t3202,LIDAR_ONLY,23.1349,23.1349,,,,,,,,12.88,1.24,drive,21.94,front,LIDAR_ONLY
0,704.0756,t3198,LIDAR_ONLY,11.1146,11.1146,10.7758,0.3388,0.3388,3.1437,3.1437,1,1,12.88,1.24,cautious,-6.59,front,LIDAR_ONLY
0,704.0756,t3202,LIDAR_ONLY,23.2843,23.2843,,,,,,,,12.88,1.24,drive,26.01,front,LIDAR_ONLY
0,704.0756,t3201,LIDAR_ONLY,38.8817,38.8817,8.8084,30.0734,30.0734,341.4191,341.4191,0,0,12.88,1.24,drive,9.71,front,LIDAR_ONLY
0,704.1344,cam_8,CAM_ONLY,18.1302,,10.7758,7.3543,,68.2484,,0,,17.40,1.71,warning,-9.06,,CAMERA_ONLY
0,704.1996,cam_8,CAM_ONLY,18.1530,,10.7758,7.3772,,68.4604,,0,,14.74,0.95,warning,-9.06,,CAMERA_ONLY
0,704.2767,cam_8,CAM_ONLY,18.1601,,10.7758,7.3843,,68.5264,,0,,22.86,1.45,warning,-9.06,,CAMERA_ONLY
0,704.2767,t3202,LIDAR_ONLY,23.3600,23.3600,11.1426,12.2175,12.2175,109.6470,109.6470,0,0,22.86,1.45,drive,25.14,front,LIDAR_ONLY
0,704.2767,t3202,LIDAR_ONLY,21.3058,21.3058,11.1426,10.1632,10.1632,91.2110,91.2110,0,0,22.86,1.45,drive,29.18,front,LIDAR_ONLY
0,704.2767,t3202,LIDAR_ONLY,21.2160,21.2160,11.1426,10.0735,10.0735,90.4054,90.4054,0,0,22.86,1.45,drive,25.14,front,LIDAR_ONLY
0,704.3452,cam_8,CAM_ONLY,18.1410,,10.7758,7.3652,,68.3487,,0,,16.98,1.06,warning,-9.06,,CAMERA_ONLY
0,704.3999,cam_8,CAM_ONLY,18.1527,,10.7758,7.3769,,68.4576,,0,,11.20,0.96,warning,-9.06,,CAMERA_ONLY
0,704.4627,t3220,BOTH,18.1491,11.1641,10.7758,7.3733,0.3883,68.4243,3.6030,0,1,12.99,1.08,warning,-9.06,,FULL_ANGLE
0,704.4627,t3220,LIDAR_ONLY,11.1315,11.1315,10.7758,0.3557,0.3557,3.3005,3.3005,1,1,12.99,1.08,cautious,-6.87,front,LIDAR_ONLY
0,704.4627,t3202,LIDAR_ONLY,20.1803,20.1803,11.1426,9.0377,9.0377,81.1097,81.1097,0,0,12.99,1.08,drive,29.77,front,LIDAR_ONLY
0,704.4627,t3221,LIDAR_ONLY,9.3698,9.3698,8.8084,0.5614,0.5614,6.3736,6.3736,1,1,12.99,1.08,slow,9.41,front,LIDAR_ONLY
0,704.4627,t3202,LIDAR_ONLY,18.6040,18.6040,11.1426,7.4614,7.4614,66.9635,66.9635,0,0,12.99,1.08,drive,25.70,front,LIDAR_ONLY
0,704.5291,cam_8,CAM_ONLY,18.1442,,10.7758,7.3684,,68.3784,,0,,17.92,1.63,warning,-9.06,,CAMERA_ONLY
0,704.5972,cam_8,CAM_ONLY,18.1634,,10.7758,7.3876,,68.5569,,0,,19.67,0.95,warning,-9.06,,CAMERA_ONLY
0,704.6824,cam_8,CAM_ONLY,18.1715,,10.7758,7.3956,,68.6314,,0,,13.02,1.80,warning,-9.06,,CAMERA_ONLY
0,704.7525,cam_8,CAM_ONLY,18.1370,,10.7758,7.3611,,68.3111,,0,,16.50,1.19,warning,-9.06,,CAMERA_ONLY
0,704.8133,t3235,BOTH,18.1219,11.0774,10.7758,7.3460,0.3015,68.1712,2.7981,0,1,16.83,0.99,warning,-9.06,,FULL_ANGLE
0,704.8133,t3235,LIDAR_ONLY,11.0773,11.0773,10.7758,0.3014,0.3014,2.7975,2.7975,1,1,16.83,0.99,cautious,-6.20,front,LIDAR_ONLY
0,704.8731,cam_8,CAM_ONLY,18.1544,,10.7758,7.3785,,68.4727,,0,,11.66,1.62,warning,-9.06,,CAMERA_ONLY
0,704.9323,cam_8,CAM_ONLY,18.1327,,10.7758,7.3568,,68.2713,,0,,12.05,1.75,warning,-9.06,,CAMERA_ONLY
0,704.9323,t3239,LIDAR_ONLY,22.5834,22.5834,,,,,,,,12.05,1.75,drive,26.05,front,LIDAR_ONLY
0,705.0017,cam_8,CAM_ONLY,18.1364,,10.7758,7.3605,,68.3060,,0,,17.58,0.95,warning,-9.06,,CAMERA_ONLY
0,705.0635,t3242,BOTH,18.1543,11.1006,23.5215,5.3671,12.4209,22.8180,52.8064,0,0,12.70,1.06,warning,-9.06,,FULL_ANGLE
0,705.0635,t3239,LIDAR_ONLY,21.4286,21.4286,,,,,,,,12.70,1.06,drive,28.54,front,LIDAR_ONLY
0,705.0635,t3242,LIDAR_ONLY,11.1277,11.1277,23.5215,12.3938,12.3938,52.6912,52.6912,0,0,12.70,1.06,cautious,-13.28,front,LIDAR_ONLY
0,705.1342,cam_8,CAM_ONLY,18.1300,,10.7758,7.3542,,68.2466,,0,,16.84,1.62,warning,-9.06,,CAMERA_ONLY
0,705.1342,t3239,LIDAR_ONLY,21.0389,21.0389,,,,,,,,16.84,1.62,drive,29.27,front,LIDAR_ONLY
0,705.1976,cam_8,CAM_ONLY,18.1182,,10.7758,7.3423,,68.1368,,0,,14.56,1.30,warning,-9.06,,CAMERA_ONLY
0,705.2614,cam_8,CAM_ONLY,18.1442,,10.7758,7.3683,,68.3781,,0,,13.43,0.92,warning,-9.06,,CAMERA_ONLY
0,705.3333,cam_8,CAM_ONLY,18.1516,,10.7758,7.3758,,68.4475,,0,,20.24,1.94,warning,-9.06,,CAMERA_ONLY
0,705.3950,cam_8,CAM_ONLY,18.1098,,10.7758,7.3339,,68.0591,,0,,14.98,1.26,warning,-9.06,,CAMERA_ONLY
0,705.4657,t3252,BOTH,18.1503,11.0958,10.7758,7.3744,0.3200,68.4346,2.9693,0,1,16.05,1.06,warning,-9.06,,FULL_ANGLE
0,705.4657,t3250,LIDAR_ONLY,21.4241,21.4241,,,,,,,,16.05,1.06,drive,27.56,front,LIDAR_ONLY
0,705.4657,t3252,LIDAR_ONLY,11.1206,11.1206,10.7758,0.3447,0.3447,3.1989,3.1989,1,1,16.05,1.06,cautious,-12.69,front,LIDAR_ONLY
0,705.4657,t3252,LIDAR_ONLY,11.3134,11.3134,10.7758,0.5376,0.5376,4.9887,4.9887,1,1,16.05,1.06,cautious,-4.64,front,LIDAR_ONLY
0,705.5232,cam_8,CAM_ONLY,18.1536,,10.7758,7.3777,,68.4654,,0,,12.41,1.19,warning,-9.06,,CAMERA_ONLY
0,705.5232,t3250,LIDAR_ONLY,20.8439,20.8439,,,,,,,,12.41,1.19,drive,29.27,front,LIDAR_ONLY
0,705.5232,t3254,LIDAR_ONLY,13.8803,13.8803,11.1426,2.7378,2.7378,24.5703,24.5703,0,0,12.41,1.19,cautious,16.96,front,LIDAR_ONLY
0,705.5874,cam_8,CAM_ONLY,18.1452,,10.7758,7.3693,,68.3875,,0,,17.14,1.66,warning,-9.06,,CAMERA_ONLY
0,705.6560,cam_8,CAM_ONLY,18.1713,,10.7758,7.3954,,68.6299,,0,,15.03,1.04,warning,-9.06,,CAMERA_ONLY
0,705.7160,t3259,BOTH,18.1868,11.1098,10.7758,7.4109,0.3339,68.7736,3.0990,0,1,18.86,1.55,warning,-9.06,,FULL_ANGLE
0,705.7160,t3250,LIDAR_ONLY,21.0140,21.0140,,,,,,,,18.86,1.55,drive,25.61,front,LIDAR_ONLY
0,705.7160,t3250,LIDAR_ONLY,20.9654,20.9654,,,,,,,,18.86,1.55,drive,29.71,front,LIDAR_ONLY
0,705.7160,t3259,LIDAR_ONLY,11.1683,11.1683,10.7758,0.3925,0.3925,3.6423,3.6423,1,1,18.86,1.55,cautious,-11.23,front,LIDAR_ONLY
0,705.7160,t3254,LIDAR_ONLY,11.6178,11.6178,8.8084,2.8094,2.8094,31.8949,31.8949,0,0,18.86,1.55,cautious,9.24,front,LIDAR_ONLY
0,705.7809,cam_8,CAM_ONLY,18.1520,,10.7758,7.3761,,68.4504,,0,,13.45,1.58,warning,-9.06,,CAMERA_ONLY
0,705.7809,t3250,LIDAR_ONLY,21.0611,21.0611,,,,,,,,13.45,1.58,drive,25.54,front,LIDAR_ONLY
0,705.7809,t3250,LIDAR_ONLY,21.0420,21.0420,,,,,,,,13.45,1.58,drive,29.66,front,LIDAR_ONLY
0,705.8570,cam_8,CAM_ONLY,18.1381,,10.7758,7.3623,,68.3222,,0,,16.09,1.13,warning,-9.06,,CAMERA_ONLY
0,705.9183,cam_8,CAM_ONLY,18.1620,,10.7758,7.3862,,68.5436,,0,,11.13,1.42,warning,-9.06,,CAMERA_ONLY
0,705.9183,t3250,LIDAR_ONLY,21.1434,21.1434,11.1426,10.0009,10.0009,89.7538,89.7538,0,0,11.13,1.42,drive,27.07,front,LIDAR_ONLY
0,705.9183,t3254,LIDAR_ONLY,11.0484,11.0484,8.8084,2.2400,2.2400,25.4310,25.4310,0,0,11.13,1.42,cautious,10.79,front,LIDAR_ONLY
0,705.9183,t3250,LIDAR_ONLY,19.6021,19.6021,11.1426,8.4595,8.4595,75.9208,75.9208,0,0,11.13,1.42,drive,23.00,front,LIDAR_ONLY
0,705.9874,cam_8,CAM_ONLY,18.1125,,10.7758,7.3366,,68.0840,,0,,21.61,1.68,warning,-9.06,,CAMERA_ONLY
0,706.0479,cam_8,CAM_ONLY,18.1265,,10.7758,7.3506,,68.2140,,0,,11.15,1.20,warning,-9.06,,CAMERA_ONLY
0,706.1721,t3269,LIDAR_ONLY,22.8911,22.8911,,,,,,,,10.86,1.06,drive,25.67,front,LIDAR_ONLY
0,706.1721,t3270,LIDAR_ONLY,11.1514,11.1514,10.7761,0.3753,0.3753,3.4827,3.4827,1,1,10.86,1.06,cautious,-10.99,front,LIDAR_ONLY
0,706.1721,t3270,LIDAR_ONLY,11.1093,11.1093,10.7761,0.3332,0.3332,3.0925,3.0925,1,1,10.86,1.06,cautious,-6.92,front,LIDAR_ONLY
0,706.1721,t3269,LIDAR_ONLY,21.6254,21.6254,,,,,,,,10.86,1.06,drive,29.75,front,LIDAR_ONLY
0,706.1721,t3271,LIDAR_ONLY,9.3473,9.3473,8.8087,0.5387,0.5387,6.1154,6.1154,1,1,10.86,1.06,slow,9.38,front,LIDAR_ONLY
0,706.2386,cam_8,CAM_ONLY,18.1468,,10.7765,7.3703,,68.3917,,0,,14.61,1.48,warning,-9.06,,CAMERA_ONLY
0,706.2978,cam_8,CAM_ONLY,18.1266,,10.7765,7.3500,,68.2037,,0,,10.94,0.88,warning,-9.01,,CAMERA_ONLY
0,706.3550,cam_8,CAM_ONLY,18.1245,,10.7765,7.3480,,68.1849,,0,,9.99,0.97,warning,-9.06,,CAMERA_ONLY
0,706.4277,cam_8,CAM_ONLY,18.1289,,10.7765,7.3523,,68.2251,,0,,22.14,1.86,warning,-9.01,,CAMERA_ONLY
0,706.4277,t3280,LIDAR_ONLY,25.3761,25.3761,,,,,,,,22.14,1.86,drive,23.01,front,LIDAR_ONLY
0,706.4277,t3280,LIDAR_ONLY,23.2619,23.2619,,,,,,,,22.14,1.86,drive,27.18,front,LIDAR_ONLY
0,706.4898,cam_8,CAM_ONLY,18.1855,,10.7765,7.4090,,68.7509,,0,,19.41,0.93,warning,-9.06,,CAMERA_ONLY
0,706.5472,cam_8,CAM_ONLY,18.1207,,10.7765,7.3441,,68.1490,,0,,10.87,1.12,warning,-9.06,,CAMERA_ONLY
0,706.6115,t3284,BOTH,18.1326,11.1272,10.7765,7.3560,0.3507,68.2596,3.2541,0,1,15.51,0.91,warning,-9.06,,FULL_ANGLE
0,706.6115,t3284,LIDAR_ONLY,11.1708,11.1708,10.7765,0.3943,0.3943,3.6585,3.6585,1,1,15.51,0.91,cautious,-11.09,front,LIDAR_ONLY
0,706.6725,t3284,BOTH,18.1605,11.1167,10.7765,7.3839,0.3401,68.5184,3.1564,0,1,11.71,1.07,warning,-9.06,,FULL_ANGLE
0,706.6725,t3287,LIDAR_ONLY,24.0795,24.0795,,,,,,,,11.71,1.07,drive,24.33,front,LIDAR_ONLY
0,706.6725,t3287,LIDAR_ONLY,22.4315,22.4315,,,,,,,,11.71,1.07,drive,28.44,front,LIDAR_ONLY
0,706.6725,t3284,LIDAR_ONLY,11.1215,11.1215,10.7765,0.3450,0.3450,3.2013,3.2013,1,1,11.71,1.07,cautious,-12.67,front,LIDAR_ONLY
0,706.6725,t3284,LIDAR_ONLY,11.2848,11.2848,10.7765,0.5082,0.5082,4.7159,4.7159,1,1,11.71,1.07,cautious,-4.45,front,LIDAR_ONLY
0,706.7381,cam_8,CAM_ONLY,18.1726,,10.7765,7.3960,,68.6305,,0,,12.25,1.45,warning,-9.06,,CAMERA_ONLY
0,706.8062,cam_8,CAM_ONLY,18.1357,,10.7765,7.3592,,68.2889,,0,,15.30,1.03,warning,-9.06,,CAMERA_ONLY
0,706.8706,t3284,BOTH,18.1563,11.4264,10.7765,7.3797,0.6499,68.4796,6.0304,0,1,15.36,1.06,warning,-9.10,,FULL_ANGLE
0,706.8706,t3295,LIDAR_ONLY,9.4123,9.4123,8.8092,0.6031,0.6031,6.8463,6.8463,1,1,15.36,1.06,slow,10.93,front,LIDAR_ONLY
0,706.9363,cam_8,CAM_ONLY,18.1940,,10.7765,7.4174,,68.8295,,0,,16.01,1.76,warning,-9.06,,CAMERA_ONLY
0,707.0010,cam_8,CAM_ONLY,18.1320,,10.7765,7.3555,,68.2546,,0,,15.98,1.29,warning,-9.10,,CAMERA_ONLY
0,707.0693,t3284,BOTH,18.1353,11.5170,10.7765,7.3588,0.7404,68.2851,6.8705,0,1,19.86,0.95,warning,-9.06,,FULL_ANGLE
0,707.0693,t3284,LIDAR_ONLY,11.5694,11.5694,10.7765,0.7929,0.7929,7.3576,7.3576,1,1,19.86,0.95,cautious,-5.94,front,LIDAR_ONLY
0,707.0693,t3295,LIDAR_ONLY,9.3928,9.3928,8.8092,0.5836,0.5836,6.6251,6.6251,1,1,19.86,0.95,slow,10.23,front,LIDAR_ONLY
0,707.1289,cam_8,CAM_ONLY,18.1746,,10.7765,7.3980,,68.6495,,0,,16.28,2.66,warning,-9.06,,CAMERA_ONLY
0,707.1830,cam_8,CAM_ONLY,18.1432,,10.7765,7.3667,,68.3586,,0,,13.25,1.07,warning,-9.01,,CAMERA_ONLY
0,707.2517,cam_8,CAM_ONLY,18.1266,,10.7765,7.3501,,68.2043,,0,,12.37,0.95,warning,-9.01,,CAMERA_ONLY
0,707.3252,t3311,BOTH,18.1417,11.1931,10.7765,7.3652,0.4165,68.3446,3.8651,0,1,19.54,1.29,warning,-9.06,,FULL_ANGLE
0,707.3252,t3308,LIDAR_ONLY,20.1113,20.1113,,,,,,,,19.54,1.29,drive,29.52,front,LIDAR_ONLY
0,707.3252,t3311,LIDAR_ONLY,11.1331,11.1331,10.7765,0.3566,0.3566,3.3087,3.3087,1,1,19.54,1.29,cautious,-7.02,front,LIDAR_ONLY
0,707.3252,t3312,LIDAR_ONLY,9.4657,9.4657,8.8092,0.6564,0.6564,7.4517,7.4517,1,1,19.54,1.29,slow,9.22,front,LIDAR_ONLY
0,707.3960,cam_8,CAM_ONLY,18.1661,,10.7765,7.3896,,68.5709,,0,,13.10,1.29,warning,-9.06,,CAMERA_ONLY
0,707.4515,cam_8,CAM_ONLY,18.1478,,10.7765,7.3712,,68.4007,,0,,12.33,0.99,warning,-9.10,,CAMERA_ONLY
0,707.5101,t3311,BOTH,18.1676,11.1363,10.7765,7.3911,0.3597,68.5849,3.3379,0,1,10.30,1.01,warning,-9.06,,FULL_ANGLE
0,707.5101,t3308,LIDAR_ONLY,20.8943,20.8943,11.1436,9.7507,9.7507,87.5001,87.5001,0,0,10.30,1.01,drive,22.15,front,LIDAR_ONLY
0,707.5101,t3311,LIDAR_ONLY,11.1127,11.1127,10.7765,0.3362,0.3362,3.1197,3.1197,1,1,10.30,1.01,cautious,-6.72,front,LIDAR_ONLY
0,707.5101,t3312,LIDAR_ONLY,9.4178,9.4178,8.8092,0.6086,0.6086,6.9084,6.9084,1,1,10.30,1.01,slow,9.78,front,LIDAR_ONLY
0,707.5101,t3308,LIDAR_ONLY,19.5714,19.5714,11.1436,8.4278,8.4278,75.6291,75.6291,0,0,10.30,1.01,drive,22.15,front,LIDAR_ONLY
0,707.5769,cam_8,CAM_ONLY,18.1534,,10.7765,7.3769,,68.4532,,0,,18.62,3.52,warning,-9.06,,CAMERA_ONLY
0,707.5769,t3308,LIDAR_ONLY,17.8982,17.8982,11.1436,6.7546,6.7546,60.6146,60.6146,0,0,18.62,3.52,drive,19.49,front,LIDAR_ONLY
0,707.5769,t3312,LIDAR_ONLY,9.4070,9.4070,8.8092,0.5977,0.5977,6.7853,6.7853,1,1,18.62,3.52,slow,11.08,front,LIDAR_ONLY
0,707.6479,cam_8,CAM_ONLY,18.1546,,10.7765,7.3780,,68.4636,,0,,19.94,0.83,warning,-9.06,,CAMERA_ONLY
0,707.7040,t3311,BOTH,18.1796,11.0907,10.7765,7.4030,0.3142,68.6957,2.9156,0,1,10.72,0.96,warning,-9.06,,FULL_ANGLE
0,707.7040,t3311,LIDAR_ONLY,11.1146,11.1146,10.7765,0.3381,0.3381,3.1370,3.1370,1,1,10.72,0.96,cautious,-11.26,front,LIDAR_ONLY
0,707.7867,cam_8,CAM_ONLY,18.2022,,10.7765,7.4256,,68.9055,,0,,23.63,1.75,warning,-9.06,,CAMERA_ONLY
0,707.8711,t3311,BOTH,18.1788,11.0868,10.7765,7.4023,0.3102,68.6888,2.8785,0,1,18.10,1.05,warning,-9.06,,FULL_ANGLE
0,707.8711,t3325,LIDAR_ONLY,9.5529,9.5529,11.1436,1.5907,1.5907,14.2743,14.2743,0,0,18.10,1.05,slow,8.63,front,LIDAR_ONLY
0,707.8711,t3325,LIDAR_ONLY,10.0992,10.0992,11.1436,1.0444,1.0444,9.3726,9.3726,0,0,18.10,1.05,slow,16.82,front,LIDAR_ONLY
0,707.9427,cam_8,CAM_ONLY,18.1363,,10.7765,7.3598,,68.2944,,0,,11.29,1.42,warning,-9.06,,CAMERA_ONLY
0,708.0078,t3311,BOTH,18.1486,11.0764,23.5282,5.3796,12.4518,22.8646,52.9228,0,0,17.59,1.01,warning,-9.10,,FULL_ANGLE
0,708.0078,t3311,LIDAR_ONLY,11.0809,11.0809,23.5282,12.4473,12.4473,52.9039,52.9039,0,0,17.59,1.01,cautious,-11.82,front,LIDAR_ONLY
0,708.0710,t3311,BOTH,18.1682,11.0846,10.7765,7.3917,0.3080,68.5904,2.8584,0,1,19.55,1.34,warning,-9.06,,FULL_ANGLE
0,708.0710,t3331,LIDAR_ONLY,19.8609,19.8609,,,,,,,,19.55,1.34,drive,29.92,front,LIDAR_ONLY
0,708.0710,t3311,LIDAR_ONLY,11.0881,11.0881,10.7765,0.3115,0.3115,2.8907,2.8907,1,1,19.55,1.34,cautious,-6.93,front,LIDAR_ONLY
0,708.0710,t3325,LIDAR_ONLY,10.2201,10.2201,8.8092,1.4109,1.4109,16.0159,16.0159,0,0,19.55,1.34,slow,9.45,front,LIDAR_ONLY
0,708.1325,cam_8,CAM_ONLY,18.1428,,10.7765,7.3663,,68.3546,,0,,19.67,1.75,warning,-9.06,,CAMERA_ONLY
0,708.1977,cam_8,CAM_ONLY,18.1522,,10.7765,7.3756,,68.4416,,0,,15.53,1.05,warning,-9.06,,CAMERA_ONLY
0,708.2576,cam_8,CAM_ONLY,18.1413,,10.7765,7.3648,,68.3409,,0,,12.20,0.92,warning,-9.06,,CAMERA_ONLY
0,708.3363,cam_8,CAM_ONLY,18.1601,,10.7765,7.3836,,68.5154,,0,,12.69,1.89,warning,-9.06,,CAMERA_ONLY
0,708.3968,cam_8,CAM_ONLY,18.1410,,10.7765,7.3644,,68.3373,,0,,12.07,1.29,warning,-9.10,,CAMERA_ONLY
0,708.4663,t3343,BOTH,18.1668,11.1143,23.5290,5.3622,12.4147,22.7898,52.7633,0,0,19.84,1.14,warning,-9.10,,FULL_ANGLE
0,708.4663,t3342,LIDAR_ONLY,20.4320,20.4320,,,,,,,,19.84,1.14,drive,29.01,front,LIDAR_ONLY
0,708.4663,t3343,LIDAR_ONLY,11.1778,11.1778,23.5290,12.3512,12.3512,52.4936,52.4936,0,0,19.84,1.14,cautious,-11.78,front,LIDAR_ONLY
0,708.4663,t3344,LIDAR_ONLY,9.5752,9.5752,8.8092,0.7660,0.7660,8.6954,8.6954,1,1,19.84,1.14,slow,8.61,front,LIDAR_ONLY
0,708.5280,t3343,BOTH,18.1667,11.1120,10.7765,7.3902,0.3354,68.5765,3.1127,0,1,15.57,1.09,warning,-9.10,,FULL_ANGLE
0,708.5280,t3342,LIDAR_ONLY,20.5495,20.5495,11.1436,9.4059,9.4059,84.4066,84.4066,0,0,15.57,1.09,drive,27.96,front,LIDAR_ONLY
0,708.5280,t3344,LIDAR_ONLY,13.7231,13.7231,11.1436,2.5795,2.5795,23.1478,23.1478,0,0,15.57,1.09,slow,15.41,front,LIDAR_ONLY
0,708.5280,t3343,LIDAR_ONLY,11.0982,11.0982,10.7765,0.3216,0.3216,2.9844,2.9844,1,1,15.57,1.09,cautious,-5.50,front,LIDAR_ONLY
0,708.5280,t3342,LIDAR_ONLY,18.7019,18.7019,11.1436,7.5583,7.5583,67.8268,67.8268,0,0,15.57,1.09,drive,23.78,front,LIDAR_ONLY
0,708.5940,cam_8,CAM_ONLY,18.1107,,10.7765,7.3342,,68.0568,,0,,13.91,1.09,warning,-9.06,,CAMERA_ONLY
0,708.6626,t3343,BOTH,18.1653,11.0841,10.7765,7.3887,0.3076,68.5629,2.8543,0,1,18.50,1.04,warning,-9.10,,FULL_ANGLE
0,708.6626,t3343,LIDAR_ONLY,11.0772,11.0772,10.7765,0.3007,0.3007,2.7899,2.7899,1,1,18.50,1.04,cautious,-11.33,front,LIDAR_ONLY
0,708.7415,cam_8,CAM_ONLY,18.1847,,10.7765,7.4081,,68.7432,,0,,14.15,1.64,warning,-9.06,,CAMERA_ONLY
0,708.8116,t3343,BOTH,18.1852,11.0803,10.7765,7.4087,0.3037,68.7482,2.8184,0,1,13.19,0.93,warning,-9.06,,FULL_ANGLE
0,708.8796,cam_8,CAM_ONLY,18.1500,,10.7765,7.3734,,68.4212,,0,,15.85,1.91,warning,-9.10,,CAMERA_ONLY
0,708.9381,cam_8,CAM_ONLY,18.1674,,10.7765,7.3909,,68.5829,,0,,11.93,0.95,warning,-9.10,,CAMERA_ONLY
0,709.0162,t3343,BOTH,18.1782,11.0825,23.5302,5.3520,12.4476,22.7451,52.9008,0,0,21.44,1.25,warning,-9.06,,FULL_ANGLE
0,709.0162,t3358,LIDAR_ONLY,35.9393,35.9393,8.8092,27.1300,27.1300,307.9732,307.9732,0,0,21.44,1.25,drive,16.01,front,LIDAR_ONLY
0,709.0162,t3343,LIDAR_ONLY,11.0889,11.0889,23.5302,12.4413,12.4413,52.8736,52.8736,0,0,21.44,1.25,cautious,-12.23,front,LIDAR_ONLY
0,709.0162,t3358,LIDAR_ONLY,22.8361,22.8361,8.8092,14.0269,14.0269,159.2291,159.2291,0,0,21.44,1.25,drive,7.94,front,LIDAR_ONLY
0,709.0732,t3343,BOTH,18.1546,11.1001,10.7765,7.3781,0.3236,68.4641,3.0028,0,1,15.04,0.85,warning,-9.10,,FULL_ANGLE
0,709.0732,t3343,LIDAR_ONLY,11.1012,11.1012,10.7765,0.3246,0.3246,3.0125,3.0125,1,1,15.04,0.85,cautious,-5.91,front,LIDAR_ONLY
0,709.1447,cam_8,CAM_ONLY,18.1443,,10.7765,7.3678,,68.3686,,0,,12.79,1.25,warning,-9.10,,CAMERA_ONLY
0,709.2115,t3343,BOTH,18.1753,11.0998,23.5304,5.3551,12.4306,22.7584,52.8278,0,0,16.88,0.88,warning,-9.06,,FULL_ANGLE
0,709.2115,t3343,LIDAR_ONLY,11.1063,11.1063,23.5304,12.4241,12.4241,52.8002,52.8002,0,0,16.88,0.88,cautious,-13.03,front,LIDAR_ONLY
0,709.2636,t3343,BOTH,18.1180,11.1111,10.7765,7.3414,0.3346,68.1241,3.1046,0,1,10.14,1.29,warning,-9.06,,FULL_ANGLE
0,709.2636,t3343,LIDAR_ONLY,11.0981,11.0981,10.7765,0.3216,0.3216,2.9839,2.9839,1,1,10.14,1.29,cautious,-6.82,front,LIDAR_ONLY
0,709.3236,t3343,BOTH,18.1661,11.1028,23.5308,5.3647,12.4279,22.7985,52.8156,0,0,16.01,1.09,warning,-9.10,,FULL_ANGLE
0,709.3236,t3365,LIDAR_ONLY,28.2087,28.2087,,,,,,,,16.01,1.09,drive,-24.78,front,LIDAR_ONLY
0,709.3236,t3366,LIDAR_ONLY,21.3096,21.3096,,,,,,,,16.01,1.09,drive,27.72,front,LIDAR_ONLY
0,709.3236,t3343,LIDAR_ONLY,11.1155,11.1155,23.5308,12.4152,12.4152,52.7617,52.7617,0,0,16.01,1.09,cautious,-12.67,front,LIDAR_ONLY
0,709.3891,cam_8,CAM_ONLY,18.1693,,10.7765,7.3927,,68.6000,,0,,18.05,1.41,warning,-9.10,,CAMERA_ONLY
0,709.4597,cam_8,CAM_ONLY,18.1318,,10.7765,7.3553,,68.2525,,0,,16.45,1.40,warning,-9.06,,CAMERA_ONLY
0,709.5165,cam_8,CAM_ONLY,18.1564,,10.7765,7.3798,,68.4802,,0,,9.89,1.37,warning,-9.06,,CAMERA_ONLY
0,709.5165,t3366,LIDAR_ONLY,21.1550,21.1550,11.1436,10.0114,10.0114,89.8398,89.8398,0,0,9.89,1.37,drive,28.16,front,LIDAR_ONLY
0,709.5165,t3366,LIDAR_ONLY,21.7977,21.7977,11.1436,10.6541,10.6541,95.6074,95.6074,0,0,9.89,1.37,drive,19.86,front,LIDAR_ONLY
0,709.5772,cam_8,CAM_ONLY,18.2206,,10.7765,7.4441,,69.0767,,0,,12.90,1.56,warning,-9.06,,CAMERA_ONLY
0,709.5772,t3366,LIDAR_ONLY,22.2749,22.2749,,,,,,,,12.90,1.56,drive,24.86,front,LIDAR_ONLY
0,709.5772,t3366,LIDAR_ONLY,22.4320,22.4320,,,,,,,,12.90,1.56,drive,28.94,front,LIDAR_ONLY
0,709.6373,cam_8,CAM_ONLY,18.1499,,10.7765,7.3734,,68.4207,,0,,11.22,0.91,warning,-9.10,,CAMERA_ONLY
0,709.6942,cam_8,CAM_ONLY,18.1794,,10.7765,7.4029,,68.6943,,0,,11.16,0.96,warning,-9.10,,CAMERA_ONLY
0,709.7574,cam_8,CAM_ONLY,18.2119,,10.7765,7.4354,,68.9961,,0,,12.45,1.06,warning,-9.06,,CAMERA_ONLY
0,709.8306,cam_8,CAM_ONLY,18.1302,,10.7765,7.3536,,68.2375,,0,,14.94,1.89,warning,-9.06,,CAMERA_ONLY
0,709.8306,t3383,LIDAR_ONLY,20.1650,20.1650,11.1436,9.0214,9.0214,80.9561,80.9561,0,0,14.94,1.89,drive,29.43,front,LIDAR_ONLY
0,709.8306,t3383,LIDAR_ONLY,20.6041,20.6041,11.1436,9.4605,9.4605,84.8962,84.8962,0,0,14.94,1.89,drive,25.40,front,LIDAR_ONLY
0,709.8306,t3383,LIDAR_ONLY,19.1564,19.1564,11.1436,8.0128,8.0128,71.9047,71.9047,0,0,14.94,1.89,drive,25.40,front,LIDAR_ONLY
0,709.8931,cam_8,CAM_ONLY,18.1330,,10.7765,7.3565,,68.2635,,0,,11.82,1.04,warning,-9.06,,CAMERA_ONLY
0,709.9576,cam_8,CAM_ONLY,18.1623,,10.7765,7.3857,,68.5350,,0,,18.83,1.03,warning,-9.06,,CAMERA_ONLY
0,710.0187,cam_8,CAM_ONLY,18.1347,,10.7765,7.3581,,68.2790,,0,,11.27,1.63,warning,-9.06,,CAMERA_ONLY
0,710.0187,t3383,LIDAR_ONLY,19.4471,19.4471,,,,,,,,11.27,1.63,drive,24.75,front,LIDAR_ONLY
0,710.0187,t3383,LIDAR_ONLY,19.6714,19.6714,,,,,,,,11.27,1.63,drive,28.85,front,LIDAR_ONLY
0,710.0187,t3388,LIDAR_ONLY,14.1287,14.1287,11.1436,2.9851,2.9851,26.7874,26.7874,0,0,11.27,1.63,cautious,16.53,front,LIDAR_ONLY
0,710.0973,cam_8,CAM_ONLY,18.1374,,10.7765,7.3609,,68.3045,,0,,17.58,0.97,warning,-9.06,,CAMERA_ONLY
0,710.1647,cam_8,CAM_ONLY,18.1514,,10.7765,7.3749,,68.4347,,0,,13.57,0.82,warning,-9.06,,CAMERA_ONLY
0,710.2346,cam_8,CAM_ONLY,18.1875,,10.7765,7.4109,,68.7689,,0,,17.97,1.75,warning,-9.01,,CAMERA_ONLY
0,710.2995,cam_8,CAM_ONLY,18.1341,,10.7765,7.3576,,68.2741,,0,,18.07,1.00,warning,-9.06,,CAMERA_ONLY
0,710.3605,cam_8,CAM_ONLY,18.1435,,10.7765,7.3669,,68.3607,,0,,16.45,1.11,warning,-9.01,,CAMERA_ONLY
0,710.4392,cam_8,CAM_ONLY,18.1568,,10.7765,7.3802,,68.4839,,0,,22.98,4.05,warning,-9.01,,CAMERA_ONLY
0,710.5108,cam_8,CAM_ONLY,18.1695,,10.7765,7.3930,,68.6025,,0,,14.22,1.13,warning,-9.01,,CAMERA_ONLY
0,710.5739,cam_8,CAM_ONLY,18.1417,,10.7765,7.3651,,68.3441,,0,,11.59,1.61,warning,-9.06,,CAMERA_ONLY
0,710.6312,cam_8,CAM_ONLY,18.1546,,10.7765,7.3781,,68.4642,,0,,10.46,1.37,warning,-9.01,,CAMERA_ONLY
0,710.6984,cam_8,CAM_ONLY,18.2045,,10.7765,7.4279,,68.9268,,0,,22.02,1.24,warning,-9.06,,CAMERA_ONLY
0,710.7550,cam_8,CAM_ONLY,18.1501,,10.7765,7.3736,,68.4224,,0,,14.34,1.01,warning,-9.06,,CAMERA_ONLY
0,710.8185,t3404,BOTH,18.1380,11.1569,10.7765,7.3615,0.3803,68.3103,3.5292,0,1,14.98,1.03,warning,-9.10,,FULL_ANGLE
0,710.8185,t3402,LIDAR_ONLY,48.7076,48.7076,8.8092,39.8984,39.8984,452.9158,452.9158,0,0,14.98,1.03,drive,5.53,front,LIDAR_ONLY
0,710.8185,t3403,LIDAR_ONLY,22.7125,22.7125,,,,,,,,14.98,1.03,drive,25.89,front,LIDAR_ONLY
0,710.8185,t3403,LIDAR_ONLY,21.0570,21.0570,,,,,,,,14.98,1.03,drive,29.96,front,LIDAR_ONLY
0,710.8851,cam_8,CAM_ONLY,18.1558,,10.7765,7.3792,,68.4750,,0,,16.15,1.60,warning,-9.06,,CAMERA_ONLY
0,710.9509,cam_8,CAM_ONLY,18.1380,,10.7765,7.3615,,68.3103,,0,,20.97,1.89,warning,-9.10,,CAMERA_ONLY
0,711.0051,t3404,BOTH,18.1516,11.1484,10.7765,7.3751,0.3719,68.4362,3.4508,0,1,11.73,0.91,warning,-9.06,,FULL_ANGLE
0,711.0645,t3404,BOTH,18.1816,11.1057,10.7765,7.4051,0.3292,68.7146,3.0543,0,1,15.11,1.06,warning,-9.06,,FULL_ANGLE
0,711.0645,t3404,LIDAR_ONLY,11.1056,11.1056,10.7765,0.3291,0.3291,3.0539,3.0539,1,1,15.11,1.06,cautious,-6.35,front,LIDAR_ONLY
0,711.1320,cam_8,CAM_ONLY,18.1166,,10.7765,7.3401,,68.1117,,0,,11.94,1.60,warning,-9.06,,CAMERA_ONLY
0,711.1914,cam_8,CAM_ONLY,18.1242,,10.7765,7.3477,,68.1820,,0,,12.69,1.60,warning,-9.06,,CAMERA_ONLY
0,711.2612,cam_8,CAM_ONLY,18.1650,,10.7765,7.3884,,68.5602,,0,,16.38,1.09,warning,-9.06,,CAMERA_ONLY
0,711.3271,t3422,BOTH,18.1445,11.1122,10.7765,7.3679,0.3357,68.3698,3.1147,0,1,15.33,1.26,warning,-9.06,,FULL_ANGLE
0,711.3271,t3422,LIDAR_ONLY,11.1115,11.1115,10.7765,0.3349,0.3349,3.1077,3.1077,1,1,15.33,1.26,cautious,-5.41,front,LIDAR_ONLY
0,711.3271,t3424,LIDAR_ONLY,12.3254,12.3254,11.1436,1.1818,1.1818,10.6048,10.6048,0,0,15.33,1.26,cautious,19.68,front,LIDAR_ONLY
0,711.3271,t3424,LIDAR_ONLY,12.3308,12.3308,11.1436,1.1872,1.1872,10.6538,10.6538,0,0,15.33,1.26,cautious,23.86,front,LIDAR_ONLY
0,711.3828,cam_8,CAM_ONLY,18.1290,,10.7765,7.3524,,68.2262,,0,,10.79,1.29,warning,-9.01,,CAMERA_ONLY
0,711.4512,cam_8,CAM_ONLY,18.1532,,10.7765,7.3767,,68.4513,,0,,15.23,0.99,warning,-9.06,,CAMERA_ONLY
0,711.5117,t3422,BOTH,18.1420,11.1120,10.7765,7.3655,0.3355,68.3473,3.1128,0,1,11.48,1.02,warning,-9.06,,FULL_ANGLE
0,711.5117,t3424,LIDAR_ONLY,13.2693,13.2693,,,,,,,,11.48,1.02,cautious,27.13,front,LIDAR_ONLY
0,711.5117,t3422,LIDAR_ONLY,11.1133,11.1133,10.7765,0.3368,0.3368,3.1249,3.1249,1,1,11.48,1.02,cautious,-5.53,front,LIDAR_ONLY
0,711.5117,t3427,LIDAR_ONLY,38.5727,38.5727,11.1436,27.4291,27.4291,246.1426,246.1426,0,0,11.48,1.02,drive,14.88,front,LIDAR_ONLY
0,711.5117,t3427,LIDAR_ONLY,25.5754,25.5754,11.1436,14.4318,14.4318,129.5080,129.5080,0,0,11.48,1.02,drive,18.96,front,LIDAR_ONLY
0,711.5798,t3422,BOTH,18.1671,11.1013,10.7765,7.3905,0.3247,68.5795,3.0134,0,1,17.54,1.02,warning,-9.06,,FULL_ANGLE
0,711.5798,t3422,LIDAR_ONLY,11.1033,11.1033,10.7765,0.3267,0.3267,3.0317,3.0317,1,1,17.54,1.02,cautious,-6.09,front,LIDAR_ONLY
0,711.5798,t3424,LIDAR_ONLY,14.6394,14.6394,11.1436,3.4958,3.4958,31.3709,31.3709,0,0,17.54,1.02,cautious,23.41,front,LIDAR_ONLY
0,711.5798,t3427,LIDAR_ONLY,20.2189,20.2189,8.8092,11.4097,11.4097,129.5202,129.5202,0,0,17.54,1.02,drive,10.76,front,LIDAR_ONLY
0,711.6466,cam_8,CAM_ONLY,18.2024,,10.7765,7.4259,,68.9079,,0,,16.88,1.19,warning,-9.06,,CAMERA_ONLY
0,711.7090,t3422,BOTH,18.1560,11.0880,10.7765,7.3794,0.3115,68.4766,2.8904,0,1,13.25,0.85,warning,-9.06,,FULL_ANGLE
0,711.7694,cam_8,CAM_ONLY,18.1623,,10.7765,7.3858,,68.5356,,0,,11.90,1.72,warning,-9.06,,CAMERA_ONLY
0,711.7694,t3424,LIDAR_ONLY,16.0160,16.0160,11.1436,4.8724,4.8724,43.7237,43.7237,0,0,11.90,1.72,cautious,23.58,front,LIDAR_ONLY
0,711.8230,cam_8,CAM_ONLY,18.1851,,10.7765,7.4085,,68.7467,,0,,10.99,1.66,warning,-9.06,,CAMERA_ONLY
0,711.8823,cam_8,CAM_ONLY,18.1299,,10.7765,7.3533,,68.2343,,0,,10.70,1.74,warning,-9.10,,CAMERA_ONLY
0,711.9532,cam_8,CAM_ONLY,18.1660,,10.7765,7.3895,,68.5700,,0,,17.75,1.08,warning,-9.10,,CAMERA_ONLY
0,712.0190,t3438,BOTH,18.1582,11.0678,10.7765,7.3817,0.2913,68.4975,2.7027,0,1,15.34,0.87,warning,-9.06,,FULL_ANGLE
0,712.0190,t3440,LIDAR_ONLY,9.3864,9.3864,8.8092,0.5772,0.5772,6.5517,6.5517,1,1,15.34,0.87,slow,10.63,front,LIDAR_ONLY
0,712.0883,cam_8,CAM_ONLY,18.1344,,10.7765,7.3579,,68.2769,,0,,17.90,4.20,warning,-9.10,,CAMERA_ONLY
0,712.1434,cam_8,CAM_ONLY,18.1359,,10.7765,7.3593,,68.2901,,0,,10.98,1.49,warning,-9.06,,CAMERA_ONLY
0,712.2159,t3438,BOTH,18.1804,11.0726,10.7765,7.4039,0.2961,68.7036,2.7474,0,1,19.72,1.06,warning,-9.06,,FULL_ANGLE
0,712.2159,t3438,LIDAR_ONLY,11.0774,11.0774,10.7765,0.3009,0.3009,2.7921,2.7921,1,1,19.72,1.06,cautious,-5.67,front,LIDAR_ONLY
0,712.2853,cam_8,CAM_ONLY,18.1606,,10.7765,7.3840,,68.5194,,0,,15.71,1.53,warning,-9.06,,CAMERA_ONLY
0,712.3549,cam_8,CAM_ONLY,18.1489,,10.7765,7.3723,,68.4110,,0,,20.21,1.14,warning,-9.06,,CAMERA_ONLY
0,712.4127,t3438,BOTH,18.1695,11.0836,10.7765,7.3929,0.3071,68.6020,2.8494,0,1,13.81,1.09,warning,-9.10,,FULL_ANGLE
0,712.4127,t3438,LIDAR_ONLY,11.0798,11.0798,10.7765,0.3032,0.3032,2.8139,2.8139,1,1,13.81,1.09,cautious,-6.96,front,LIDAR_ONLY
0,712.4860,cam_8,CAM_ONLY,18.1529,,10.7765,7.3764,,68.4482,,0,,16.83,1.79,warning,-9.10,,CAMERA_ONLY
0,712.5400,cam_8,CAM_ONLY,18.1404,,10.7765,7.3638,,68.3320,,0,,10.13,1.58,warning,-9.10,,CAMERA_ONLY
0,712.6028,cam_8,CAM_ONLY,18.1522,,10.7765,7.3756,,68.4412,,0,,17.36,1.13,warning,-9.06,,CAMERA_ONLY
0,712.6698,t3453,BOTH,18.1709,11.0750,23.5384,5.3675,12.4634,22.8034,52.9492,0,0,15.56,1.11,warning,-9.06,,FULL_ANGLE
0,712.6698,t3453,LIDAR_ONLY,11.0843,11.0843,23.5384,12.4541,12.4541,52.9097,52.9097,0,0,15.56,1.11,cautious,-11.90,front,LIDAR_ONLY
0,712.6698,t3454,LIDAR_ONLY,9.5974,9.5974,8.8092,0.7881,0.7881,8.9468,8.9468,1,1,15.56,1.11,slow,8.57,front,LIDAR_ONLY
0,712.6698,t3455,LIDAR_ONLY,12.1837,12.1837,11.1436,1.0401,1.0401,9.3340,9.3340,0,0,15.56,1.11,cautious,20.84,front,LIDAR_ONLY
0,712.7373,cam_8,CAM_ONLY,18.1406,,10.7765,7.3640,,68.3338,,0,,16.01,1.36,warning,-9.06,,CAMERA_ONLY
0,712.8031,t3453,BOTH,18.1435,11.1018,10.7765,7.3669,0.3253,68.3608,3.0184,0,1,11.13,1.23,warning,-9.06,,FULL_ANGLE
0,712.8031,t3456,LIDAR_ONLY,28.1802,28.1802,,,,,,,,11.13,1.23,drive,-24.63,front,LIDAR_ONLY
0,712.8596,t3453,BOTH,18.1969,11.1086,10.7765,7.4204,0.3321,68.8569,3.0814,0,1,9.95,1.00,warning,-9.06,,FULL_ANGLE
0,712.8596,t3455,LIDAR_ONLY,13.8044,13.8044,,,,,,,,9.95,1.00,cautious,27.21,front,LIDAR_ONLY
0,712.8596,t3454,LIDAR_ONLY,9.5309,9.5309,8.8092,0.7217,0.7217,8.1921,8.1921,1,1,9.95,1.00,slow,10.52,front,LIDAR_ONLY
0,712.9174,cam_8,CAM_ONLY,18.1435,,10.7765,7.3669,,68.3608,,0,,10.49,1.49,warning,-9.10,,CAMERA_ONLY
0,712.9174,t3455,LIDAR_ONLY,15.7619,15.7619,11.1436,4.6183,4.6183,41.4438,41.4438,0,0,10.49,1.49,cautious,21.76,front,LIDAR_ONLY
0,712.9174,t3455,LIDAR_ONLY,17.9848,17.9848,11.1436,6.8412,6.8412,61.3910,61.3910,0,0,10.49,1.49,cautious,17.61,front,LIDAR_ONLY
0,712.9174,t3455,LIDAR_ONLY,19.5114,19.5114,11.1436,8.3678,8.3678,75.0907,75.0907,0,0,10.49,1.49,drive,25.91,front,LIDAR_ONLY
0,712.9855,cam_8,CAM_ONLY,18.1551,,10.7765,7.3785,,68.4683,,0,,21.47,2.00,warning,-9.10,,CAMERA_ONLY
0,713.0541,t3453,BOTH,18.1384,11.1270,23.5391,5.4007,12.4121,22.9435,52.7296,0,0,10.77,1.22,warning,-9.06,,FULL_ANGLE
0,713.0541,t3453,LIDAR_ONLY,11.1179,11.1179,23.5391,12.4212,12.4212,52.7684,52.7684,0,0,10.77,1.22,cautious,-11.78,front,LIDAR_ONLY
0,713.1138,t3453,BOTH,18.1088,11.1294,10.7765,7.3323,0.3529,68.0390,3.2745,0,1,10.83,1.23,warning,-9.06,,FULL_ANGLE
0,713.1138,t3455,LIDAR_ONLY,21.3287,21.3287,11.1436,10.1851,10.1851,91.3985,91.3985,0,0,10.83,1.23,drive,22.89,front,LIDAR_ONLY
0,713.1138,t3453,LIDAR_ONLY,11.0988,11.0988,10.7765,0.3223,0.3223,2.9903,2.9903,1,1,10.83,1.23,cautious,-5.65,front,LIDAR_ONLY
0,713.1138,t3470,LIDAR_ONLY,9.3535,9.3535,8.8092,0.5443,0.5443,6.1789,6.1789,1,1,10.83,1.23,slow,10.66,front,LIDAR_ONLY
0,713.1818,cam_8,CAM_ONLY,18.1137,,10.7765,7.3372,,68.0848,,0,,20.45,1.70,warning,-9.06,,CAMERA_ONLY
0,713.2403,cam_8,CAM_ONLY,18.1495,,10.7765,7.3729,,68.4162,,0,,10.95,1.64,warning,-9.06,,CAMERA_ONLY
0,713.3005,cam_8,CAM_ONLY,18.1356,,10.7765,7.3591,,68.2877,,0,,10.11,1.02,warning,-9.06,,CAMERA_ONLY
0,713.3611,cam_8,CAM_ONLY,18.1289,,10.7765,7.3523,,68.2252,,0,,12.94,1.00,warning,-9.06,,CAMERA_ONLY
0,713.4315,cam_8,CAM_ONLY,18.1427,,10.7765,7.3662,,68.3536,,0,,16.57,1.68,warning,-9.06,,CAMERA_ONLY
0,713.4988,cam_8,CAM_ONLY,18.1662,,10.7765,7.3897,,68.5717,,0,,17.26,1.11,warning,-9.06,,CAMERA_ONLY
0,713.5574,t3487,BOTH,18.1629,11.1052,23.5400,5.3771,12.4348,22.8423,52.8240,0,0,10.86,0.94,warning,-9.10,,FULL_ANGLE
0,713.5574,t3487,LIDAR_ONLY,11.2216,11.2216,23.5400,12.3184,12.3184,52.3295,52.3295,0,0,10.86,0.94,cautious,-11.47,front,LIDAR_ONLY
0,713.5574,t3488,LIDAR_ONLY,9.4064,9.4064,8.8092,0.5972,0.5972,6.7792,6.7792,1,1,10.86,0.94,slow,9.53,front,LIDAR_ONLY
0,713.6128,t3487,BOTH,18.1768,11.0963,10.7765,7.4002,0.3198,68.6697,2.9674,0,1,9.77,1.21,warning,-9.06,,FULL_ANGLE
0,713.6128,t3490,LIDAR_ONLY,21.0112,21.0112,,,,,,,,9.77,1.21,drive,28.15,front,LIDAR_ONLY
0,713.6128,t3488,LIDAR_ONLY,12.8975,12.8975,11.1436,1.7539,1.7539,15.7394,15.7394,0,0,9.77,1.21,slow,15.70,front,LIDAR_ONLY
0,713.6128,t3487,LIDAR_ONLY,11.1051,11.1051,10.7765,0.3286,0.3286,3.0488,3.0488,1,1,9.77,1.21,cautious,-5.03,front,LIDAR_ONLY
0,713.6742,cam_8,CAM_ONLY,18.1463,,10.7765,7.3698,,68.3872,,0,,12.16,1.59,warning,-9.06,,CAMERA_ONLY
0,713.7317,cam_8,CAM_ONLY,18.1621,,10.7765,7.3855,,68.5331,,0,,11.01,1.45,warning,-9.06,,CAMERA_ONLY
0,713.7935,cam_8,CAM_ONLY,18.1857,,10.7765,7.4091,,68.7523,,0,,13.93,1.39,warning,-9.06,,CAMERA_ONLY
0,713.8719,t3498,BOTH,18.1421,11.1483,10.7765,7.3656,0.3718,68.3483,3.4499,0,1,21.45,1.07,warning,-9.06,,FULL_ANGLE
0,713.8719,t3498,LIDAR_ONLY,11.0941,11.0941,10.7765,0.3175,0.3175,2.9465,2.9465,1,1,21.45,1.07,cautious,-6.64,front,LIDAR_ONLY
0,713.8719,t3499,LIDAR_ONLY,9.4182,9.4182,8.8092,0.6089,0.6089,6.9125,6.9125,1,1,21.45,1.07,slow,9.87,front,LIDAR_ONLY
0,713.9406,cam_8,CAM_ONLY,18.1375,,10.7765,7.3609,,68.3051,,0,,18.10,1.24,warning,-9.06,,CAMERA_ONLY
0,714.0072,cam_8,CAM_ONLY,18.1424,,10.7765,7.3659,,68.3511,,0,,17.36,2.47,warning,-9.06,,CAMERA_ONLY
0,714.0843,cam_8,CAM_ONLY,18.1723,,10.7765,7.3958,,68.6283,,0,,16.83,1.41,warning,-9.06,,CAMERA_ONLY
0,714.1423,cam_8,CAM_ONLY,18.1534,,10.7765,7.3769,,68.4529,,0,,11.64,0.92,warning,-9.06,,CAMERA_ONLY
0,714.1979,cam_8,CAM_ONLY,18.1628,,10.7765,7.3862,,68.5398,,0,,10.89,1.18,warning,-9.10,,CAMERA_ONLY
0,714.2559,cam_8,CAM_ONLY,18.1662,,10.7765,7.3897,,68.5720,,0,,13.11,1.03,warning,-9.06,,CAMERA_ONLY
0,714.3420,cam_8,CAM_ONLY,18.1484,,10.7765,7.3719,,68.4066,,0,,22.61,1.77,warning,-9.06,,CAMERA_ONLY
0,714.4093,cam_8,CAM_ONLY,18.1454,,10.7765,7.3689,,68.3786,,0,,18.78,1.03,warning,-9.06,,CAMERA_ONLY
0,714.4737,cam_8,CAM_ONLY,18.1570,,10.7765,7.3804,,68.4858,,0,,11.66,1.69,warning,-9.06,,CAMERA_ONLY
0,714.5383,cam_8,CAM_ONLY,18.1525,,10.7765,7.3760,,68.4446,,0,,18.17,1.41,warning,-9.06,,CAMERA_ONLY
0,714.6123,cam_8,CAM_ONLY,18.1487,,10.7765,7.3721,,68.4091,,0,,19.87,2.61,warning,-9.06,,CAMERA_ONLY
0,714.6740,cam_8,CAM_ONLY,18.1587,,10.7765,7.3822,,68.5024,,0,,14.34,1.52,warning,-9.06,,CAMERA_ONLY
0,714.6740,t3520,LIDAR_ONLY,48.7217,48.7217,8.8092,39.9124,39.9124,453.0755,453.0755,0,0,14.34,1.52,drive,5.70,front,LIDAR_ONLY
0,714.6740,t3521,LIDAR_ONLY,26.6591,26.6591,,,,,,,,14.34,1.52,drive,21.85,front,LIDAR_ONLY
0,714.6740,t3521,LIDAR_ONLY,23.2033,23.2033,,,,,,,,14.34,1.52,drive,29.92,front,LIDAR_ONLY
0,714.6740,t3520,LIDAR_ONLY,25.1039,25.1039,8.8092,16.2946,16.2946,184.9724,184.9724,0,0,14.34,1.52,drive,9.74,front,LIDAR_ONLY
0,714.7490,cam_8,CAM_ONLY,18.1564,,10.7765,7.3798,,68.4806,,0,,17.30,0.97,warning,-9.06,,CAMERA_ONLY
0,714.8174,t3523,BOTH,18.1531,11.0666,10.7765,7.3766,0.2900,68.4503,2.6914,0,1,17.28,1.10,warning,-9.06,,FULL_ANGLE
0,714.8174,t3520,LIDAR_ONLY,27.1247,27.1247,8.8092,18.3155,18.3155,207.9129,207.9129,0,0,17.28,1.10,drive,5.57,front,LIDAR_ONLY
0,714.8174,t3521,LIDAR_ONLY,23.5085,23.5085,11.1436,12.3649,12.3649,110.9596,110.9596,0,0,17.28,1.10,drive,22.18,front,LIDAR_ONLY
0,714.8174,t3521,LIDAR_ONLY,23.5813,23.5813,11.1436,12.4377,12.4377,111.6126,111.6126,0,0,17.28,1.10,drive,26.33,front,LIDAR_ONLY
0,714.8174,t3523,LIDAR_ONLY,11.0571,11.0571,10.7765,0.2805,0.2805,2.6033,2.6033,1,1,17.28,1.10,cautious,-6.89,front,LIDAR_ONLY
0,714.8174,t3521,LIDAR_ONLY,24.1205,24.1205,11.1436,12.9769,12.9769,116.4517,116.4517,0,0,17.28,1.10,drive,18.03,front,LIDAR_ONLY
0,714.8839,cam_8,CAM_ONLY,18.1457,,10.7765,7.3691,,68.3810,,0,,12.18,1.79,warning,-9.10,,CAMERA_ONLY
0,714.9516,cam_8,CAM_ONLY,18.1564,,10.7765,7.3799,,68.4811,,0,,16.08,1.17,warning,-9.10,,CAMERA_ONLY
0,715.0132,t3523,BOTH,18.2019,11.0709,10.7765,7.4254,0.2944,68.9031,2.7317,0,1,10.22,1.24,warning,-9.06,,FULL_ANGLE
0,715.0132,t3531,LIDAR_ONLY,20.4018,20.4018,,,,,,,,10.22,1.24,drive,29.06,front,LIDAR_ONLY
0,715.0132,t3521,LIDAR_ONLY,24.9735,24.9735,11.1436,13.8299,13.8299,124.1066,124.1066,0,0,10.22,1.24,drive,16.57,front,LIDAR_ONLY
0,715.0132,t3521,LIDAR_ONLY,25.2391,25.2391,11.1436,14.0955,14.0955,126.4895,126.4895,0,0,10.22,1.24,drive,16.57,front,LIDAR_ONLY
0,715.0132,t3520,LIDAR_ONLY,27.3700,27.3700,8.8092,18.5607,18.5607,210.6965,210.6965,0,0,10.22,1.24,drive,8.25,front,LIDAR_ONLY
0,715.0947,cam_8,CAM_ONLY,18.1273,,10.7765,7.3507,,68.2104,,0,,19.59,1.16,warning,-9.06,,CAMERA_ONLY
0,715.1562,t3523,BOTH,18.1338,11.0759,10.7765,7.3573,0.2993,68.2709,2.7775,0,1,11.39,1.00,warning,-9.10,,FULL_ANGLE
0,715.1562,t3523,LIDAR_ONLY,11.0761,11.0761,10.7765,0.2995,0.2995,2.7796,2.7796,1,1,11.39,1.00,cautious,-5.90,front,LIDAR_ONLY
0,715.2212,t3523,BOTH,18.1587,11.0886,23.5436,5.3848,12.4549,22.8717,52.9016,0,0,14.49,1.04,warning,-9.10,,FULL_ANGLE
0,715.2212,t3523,LIDAR_ONLY,11.0859,11.0859,23.5436,12.4577,12.4577,52.9133,52.9133,0,0,14.49,1.04,cautious,-11.69,front,LIDAR_ONLY
0,715.2212,t3531,LIDAR_ONLY,20.4094,20.4094,,,,,,,,14.49,1.04,drive,28.98,front,LIDAR_ONLY
0,715.2959,cam_8,CAM_ONLY,18.1638,,10.7765,7.3873,,68.5494,,0,,15.64,1.00,warning,-9.06,,CAMERA_ONLY
0,715.3556,cam_8,CAM_ONLY,18.1281,,10.7765,7.3516,,68.2184,,0,,12.31,0.99,warning,-9.06,,CAMERA_ONLY
0,715.4283,cam_8,CAM_ONLY,18.1492,,10.7765,7.3727,,68.4142,,0,,21.08,1.97,warning,-9.10,,CAMERA_ONLY
0,715.4814,cam_8,CAM_ONLY,18.1894,,10.7765,7.4129,,68.7872,,0,,10.59,1.43,warning,-9.06,,CAMERA_ONLY
0,715.4814,t3545,LIDAR_ONLY,21.9520,21.9520,,,,,,,,10.59,1.43,drive,26.85,front,LIDAR_ONLY
0,715.5381,cam_8,CAM_ONLY,18.1463,,10.7765,7.3698,,68.3870,,0,,12.71,2.02,warning,-9.10,,CAMERA_ONLY
0,715.5990,cam_8,CAM_ONLY,18.1758,,10.7765,7.3992,,68.6603,,0,,14.26,1.71,warning,-9.06,,CAMERA_ONLY
0,715.6748,cam_8,CAM_ONLY,18.2155,,10.7765,7.4389,,69.0287,,0,,18.13,1.79,warning,-9.06,,CAMERA_ONLY
0,715.6748,t3551,LIDAR_ONLY,48.7068,48.7068,8.8092,39.8975,39.8975,452.9065,452.9065,0,0,18.13,1.79,drive,5.53,front,LIDAR_ONLY
0,715.6748,t3545,LIDAR_ONLY,22.5969,22.5969,,,,,,,,18.13,1.79,drive,22.17,front,LIDAR_ONLY
0,715.6748,t3545,LIDAR_ONLY,22.8380,22.8380,,,,,,,,18.13,1.79,drive,26.33,front,LIDAR_ONLY
0,715.6748,t3551,LIDAR_ONLY,31.2177,31.2177,8.8092,22.4085,22.4085,254.3755,254.3755,0,0,18.13,1.79,drive,9.69,front,LIDAR_ONLY
0,715.7388,cam_8,CAM_ONLY,18.1838,,10.7765,7.4073,,68.7353,,0,,12.70,1.59,warning,-9.06,,CAMERA_ONLY
0,715.8005,cam_8,CAM_ONLY,18.1461,,10.7765,7.3695,,68.3848,,0,,16.65,1.10,warning,-9.10,,CAMERA_ONLY
0,715.8686,t3555,BOTH,18.1573,11.0798,10.7765,7.3807,0.3032,68.4885,2.8137,0,1,16.84,0.98,warning,-9.14,,FULL_ANGLE
0,715.8686,t3555,LIDAR_ONLY,11.0763,11.0763,10.7765,0.2998,0.2998,2.7819,2.7819,1,1,16.84,0.98,cautious,-6.11,front,LIDAR_ONLY
0,715.8686,t3551,LIDAR_ONLY,24.4924,24.4924,8.8092,15.6832,15.6832,178.0314,178.0314,0,0,16.84,0.98,drive,10.17,front,LIDAR_ONLY
0,715.9357,cam_8,CAM_ONLY,18.1727,,10.7765,7.3961,,68.6315,,0,,16.11,1.61,warning,-9.10,,CAMERA_ONLY
0,715.9945,cam_8,CAM_ONLY,18.1167,,10.7765,7.3402,,68.1127,,0,,12.86,1.29,warning,-9.10,,CAMERA_ONLY
0,716.0616,cam_8,CAM_ONLY,18.1242,,10.7765,7.3477,,68.1822,,0,,13.09,1.00,warning,-9.10,,CAMERA_ONLY
0,716.1282,cam_8,CAM_ONLY,18.1279,,10.7765,7.3514,,68.2163,,0,,17.33,1.45,warning,-9.06,,CAMERA_ONLY
0,716.1952,cam_8,CAM_ONLY,18.1666,,10.7765,7.3901,,68.5755,,0,,16.98,0.98,warning,-9.10,,CAMERA_ONLY
0,716.2678,t3565,BOTH,18.1321,11.1011,10.7765,7.3556,0.3246,68.2555,3.0118,0,1,18.46,0.96,warning,-9.06,,FULL_ANGLE
0,716.2678,t3565,LIDAR_ONLY,11.1781,11.1781,10.7765,0.4015,0.4015,3.7260,3.7260,1,1,18.46,0.96,cautious,-4.97,front,LIDAR_ONLY
0,716.3702,t3565,BOTH,18.1412,11.2133,10.7765,7.3647,0.4368,68.3399,4.0529,0,1,30.49,3.15,warning,-9.10,,FULL_ANGLE
0,716.3702,t3566,LIDAR_ONLY,48.7055,48.7055,11.1436,37.5619,37.5619,337.0713,337.0713,0,0,30.49,3.15,drive,5.54,front,LIDAR_ONLY
0,716.3702,t3568,LIDAR_ONLY,26.1128,26.1128,,,,,,,,30.49,3.15,drive,22.33,front,LIDAR_ONLY
0,716.3702,t3568,LIDAR_ONLY,24.1411,24.1411,,,,,,,,30.49,3.15,drive,26.52,front,LIDAR_ONLY
0,716.3702,t3565,LIDAR_ONLY,11.2063,11.2063,10.7765,0.4297,0.4297,3.9874,3.9874,1,1,30.49,3.15,cautious,-11.24,front,LIDAR_ONLY
0,716.3702,t3566,LIDAR_ONLY,33.0435,33.0435,11.1436,21.8999,21.8999,196.5245,196.5245,0,0,30.49,3.15,drive,9.74,front,LIDAR_ONLY
0,716.3702,t3566,LIDAR_ONLY,28.3681,28.3681,11.1436,17.2245,17.2245,154.5685,154.5685,0,0,30.49,3.15,drive,18.13,front,LIDAR_ONLY
0,716.4485,cam_8,CAM_ONLY,18.1148,,10.7765,7.3383,,68.0946,,0,,14.08,0.95,warning,-9.10,,CAMERA_ONLY
0,716.5208,t3565,BOTH,18.1378,11.2206,23.5462,5.4084,12.3256,22.9693,52.3466,0,0,17.29,0.97,warning,-9.06,,FULL_ANGLE
0,716.5208,t3568,LIDAR_ONLY,24.0073,24.0073,11.1436,12.8637,12.8637,115.4355,115.4355,0,0,17.29,0.97,drive,24.58,front,LIDAR_ONLY
0,716.5208,t3565,LIDAR_ONLY,11.2159,11.2159,23.5462,12.3303,12.3303,52.3664,52.3664,0,0,17.29,0.97,cautious,-12.01,front,LIDAR_ONLY
0,716.5977,cam_8,CAM_ONLY,18.1661,,10.7765,7.3896,,68.5708,,0,,15.69,1.04,warning,-9.06,,CAMERA_ONLY
0,716.6572,cam_8,CAM_ONLY,18.1370,,10.7765,7.3604,,68.3002,,0,,14.14,1.11,warning,-9.06,,CAMERA_ONLY
0,716.7320,cam_8,CAM_ONLY,18.1662,,10.7765,7.3897,,68.5719,,0,,21.01,3.15,warning,-9.06,,CAMERA_ONLY
0,716.7949,cam_8,CAM_ONLY,18.1826,,10.7765,7.4061,,68.7238,,0,,15.22,1.06,warning,-9.10,,CAMERA_ONLY
0,716.8735,cam_8,CAM_ONLY,18.1830,,10.7765,7.4065,,68.7275,,0,,20.50,1.61,warning,-9.06,,CAMERA_ONLY
0,716.8735,t3580,LIDAR_ONLY,20.6007,20.6007,11.1436,9.4571,9.4571,84.8655,84.8655,0,0,20.50,1.61,drive,28.75,front,LIDAR_ONLY
0,716.8735,t3580,LIDAR_ONLY,17.5383,17.5383,11.1436,6.3947,6.3947,57.3848,57.3848,0,0,20.50,1.61,drive,24.58,front,LIDAR_ONLY
0,716.9479,cam_8,CAM_ONLY,18.1403,,10.7765,7.3638,,68.3313,,0,,18.74,0.84,warning,-9.10,,CAMERA_ONLY
0,717.0142,t3582,BOTH,18.1426,11.1089,23.5473,5.4047,12.4384,22.9527,52.8231,0,0,11.81,1.03,warning,-9.10,,FULL_ANGLE
0,717.0142,t3582,LIDAR_ONLY,11.1713,11.1713,23.5473,12.3760,12.3760,52.5579,52.5579,0,0,11.81,1.03,cautious,-11.45,front,LIDAR_ONLY
0,717.0142,t3584,LIDAR_ONLY,9.5145,9.5145,8.8092,0.7053,0.7053,8.0058,8.0058,1,1,11.81,1.03,slow,9.26,front,LIDAR_ONLY
0,717.0794,t3582,BOTH,18.1556,11.1126,10.7765,7.3791,0.3360,68.4736,3.1179,0,1,11.20,1.51,warning,-9.06,,FULL_ANGLE
0,717.0794,t3580,LIDAR_ONLY,17.8901,17.8901,11.1436,6.7465,6.7465,60.5419,60.5419,0,0,11.20,1.51,drive,27.00,front,LIDAR_ONLY
0,717.0794,t3582,LIDAR_ONLY,11.0893,11.0893,10.7765,0.3128,0.3128,2.9024,2.9024,1,1,11.20,1.51,cautious,-6.69,front,LIDAR_ONLY
0,717.0794,t3584,LIDAR_ONLY,9.5171,9.5171,8.8092,0.7079,0.7079,8.0361,8.0361,1,1,11.20,1.51,slow,10.15,front,LIDAR_ONLY
0,717.0794,t3580,LIDAR_ONLY,17.3264,17.3264,11.1436,6.1828,6.1828,55.4829,55.4829,0,0,11.20,1.51,drive,22.79,front,LIDAR_ONLY
0,717.1414,cam_8,CAM_ONLY,18.1423,,10.7765,7.3658,,68.3499,,0,,11.57,2.01,warning,-9.06,,CAMERA_ONLY
0,717.2316,cam_8,CAM_ONLY,18.1460,,10.7765,7.3695,,68.3845,,0,,11.45,1.48,warning,-9.06,,CAMERA_ONLY
0,717.2893,cam_8,CAM_ONLY,18.1687,,10.7765,7.3921,,68.5946,,0,,10.55,0.80,warning,-9.10,,CAMERA_ONLY
0,717.3486,cam_8,CAM_ONLY,18.1656,,10.7765,7.3890,,68.5658,,0,,13.93,0.96,warning,-9.06,,CAMERA_ONLY
0,717.4072,t3594,BOTH,18.1398,11.0853,23.5482,5.4084,12.4629,22.9673,52.9250,0,0,10.10,0.94,warning,-9.10,,FULL_ANGLE
0,717.4072,t3594,LIDAR_ONLY,11.0961,11.0961,23.5482,12.4521,12.4521,52.8790,52.8790,0,0,10.10,0.94,cautious,-11.48,front,LIDAR_ONLY
0,717.4072,t3595,LIDAR_ONLY,9.4773,9.4773,8.8092,0.6681,0.6681,7.5841,7.5841,1,1,10.10,0.94,slow,9.11,front,LIDAR_ONLY
0,717.4664,t3594,BOTH,18.1395,11.1044,10.7765,7.3630,0.3279,68.3241,3.0425,0,1,10.75,1.04,warning,-9.06,,FULL_ANGLE
0,717.5252,t3594,BOTH,18.1253,11.1142,23.5485,5.4231,12.4342,23.0297,52.8027,0,0,11.28,1.34,warning,-9.06,,FULL_ANGLE
0,717.5252,t3601,LIDAR_ONLY,26.5435,26.5435,,,,,,,,11.28,1.34,drive,21.95,front,LIDAR_ONLY
0,717.5252,t3601,LIDAR_ONLY,24.5198,24.5198,,,,,,,,11.28,1.34,drive,26.11,front,LIDAR_ONLY
0,717.5252,t3594,LIDAR_ONLY,11.1134,11.1134,23.5485,12.4351,12.4351,52.8065,52.8065,0,0,11.28,1.34,cautious,-11.38,front,LIDAR_ONLY
0,717.5252,t3595,LIDAR_ONLY,9.4460,9.4460,8.8092,0.6367,0.6367,7.2280,7.2280,1,1,11.28,1.34,slow,9.45,front,LIDAR_ONLY
0,717.5823,cam_8,CAM_ONLY,18.1575,,10.7765,7.3809,,68.4908,,0,,12.64,1.99,warning,-9.06,,CAMERA_ONLY
0,717.6538,cam_8,CAM_ONLY,18.1720,,10.7765,7.3954,,68.6252,,0,,13.26,1.02,warning,-9.06,,CAMERA_ONLY
0,717.7210,t3594,BOTH,18.1951,11.1189,10.7765,7.4185,0.3424,68.8393,3.1768,0,1,14.04,1.16,warning,-9.10,,FULL_ANGLE
0,717.7210,t3601,LIDAR_ONLY,24.7736,24.7736,,,,,,,,14.04,1.16,drive,21.50,front,LIDAR_ONLY
0,717.7210,t3601,LIDAR_ONLY,24.6269,24.6269,,,,,,,,14.04,1.16,drive,25.56,front,LIDAR_ONLY
0,717.7210,t3601,LIDAR_ONLY,23.3295,23.3295,,,,,,,,14.04,1.16,drive,29.63,front,LIDAR_ONLY
0,717.7210,t3594,LIDAR_ONLY,11.1056,11.1056,10.7765,0.3290,0.3290,3.0531,3.0531,1,1,14.04,1.16,cautious,-6.98,front,LIDAR_ONLY
0,717.7210,t3595,LIDAR_ONLY,9.4312,9.4312,11.1436,1.7124,1.7124,15.3671,15.3671,0,0,14.04,1.16,slow,9.29,front,LIDAR_ONLY
0,717.7210,t3595,LIDAR_ONLY,9.6281,9.6281,11.1436,1.5155,1.5155,13.5994,13.5994,0,0,14.04,1.16,slow,17.43,front,LIDAR_ONLY
0,717.7954,cam_8,CAM_ONLY,18.1506,,10.7765,7.3741,,68.4270,,0,,20.52,1.10,warning,-9.10,,CAMERA_ONLY
0,717.8669,cam_8,CAM_ONLY,18.1585,,10.7765,7.3819,,68.5001,,0,,20.62,2.08,warning,-9.06,,CAMERA_ONLY
0,717.9334,cam_8,CAM_ONLY,18.1455,,10.7765,7.3689,,68.3793,,0,,12.65,1.73,warning,-9.06,,CAMERA_ONLY
0,718.0012,cam_8,CAM_ONLY,18.1296,,10.7765,7.3530,,68.2318,,0,,14.98,2.11,warning,-9.06,,CAMERA_ONLY
0,718.0641,cam_8,CAM_ONLY,18.1300,,10.7765,7.3535,,68.2357,,0,,15.55,0.83,warning,-9.10,,CAMERA_ONLY
0,718.1399,cam_8,CAM_ONLY,18.1381,,10.7765,7.3616,,68.3111,,0,,21.82,1.72,warning,-9.01,,CAMERA_ONLY
0,718.2075,cam_8,CAM_ONLY,18.1250,,10.7765,7.3485,,68.1893,,0,,20.97,2.12,warning,-9.06,,CAMERA_ONLY
0,718.2797,cam_8,CAM_ONLY,18.1286,,10.7765,7.3520,,68.2222,,0,,16.72,1.73,warning,-9.06,,CAMERA_ONLY
0,718.2797,t3621,LIDAR_ONLY,21.4462,21.4462,11.1436,10.3026,10.3026,92.4532,92.4532,0,0,16.72,1.73,drive,27.53,front,LIDAR_ONLY
0,718.2797,t3621,LIDAR_ONLY,21.8918,21.8918,11.1436,10.7482,10.7482,96.4515,96.4515,0,0,16.72,1.73,drive,23.43,front,LIDAR_ONLY
0,718.2797,t3621,LIDAR_ONLY,19.1565,19.1565,11.1436,8.0129,8.0129,71.9059,71.9059,0,0,16.72,1.73,drive,19.33,front,LIDAR_ONLY
0,718.3437,cam_8,CAM_ONLY,18.1450,,10.7765,7.3684,,68.3748,,0,,12.44,1.10,warning,-9.06,,CAMERA_ONLY
0,718.4022,cam_8,CAM_ONLY,18.1710,,10.7765,7.3945,,68.6164,,0,,18.41,1.49,warning,-9.06,,CAMERA_ONLY
0,718.4721,t3626,BOTH,18.1426,11.0461,10.7765,7.3661,0.2695,68.3529,2.5010,0,1,18.33,1.26,warning,-9.10,,FULL_ANGLE
0,718.4721,t3621,LIDAR_ONLY,19.4239,19.4239,,,,,,,,18.33,1.26,drive,26.14,front,LIDAR_ONLY
0,718.4721,t3627,LIDAR_ONLY,9.3729,9.3729,8.8092,0.5637,0.5637,6.3985,6.3985,1,1,18.33,1.26,slow,9.71,front,LIDAR_ONLY
0,718.5389,cam_8,CAM_ONLY,18.1650,,10.7765,7.3885,,68.5605,,0,,20.00,1.46,warning,-9.10,,CAMERA_ONLY
0,718.5985,cam_8,CAM_ONLY,18.1682,,10.7765,7.3917,,68.5905,,0,,14.65,1.04,warning,-9.06,,CAMERA_ONLY
0,718.6672,t3626,BOTH,18.1327,11.0531,10.7765,7.3562,0.2765,68.2611,2.5659,0,1,15.64,0.94,warning,-9.06,,FULL_ANGLE
0,718.6672,t3626,LIDAR_ONLY,11.0629,11.0629,10.7765,0.2864,0.2864,2.6573,2.6573,1,1,15.64,0.94,cautious,-5.39,front,LIDAR_ONLY
0,718.7286,cam_8,CAM_ONLY,18.1676,,10.7765,7.3911,,68.5847,,0,,10.41,1.55,warning,-9.06,,CAMERA_ONLY
0,718.7922,cam_8,CAM_ONLY,18.1584,,10.7765,7.3818,,68.4988,,0,,14.96,1.35,warning,-9.06,,CAMERA_ONLY
0,718.8541,cam_8,CAM_ONLY,18.1457,,10.7765,7.3691,,68.3810,,0,,15.78,1.01,warning,-9.06,,CAMERA_ONLY
0,718.9136,t3637,BOTH,18.1690,11.0963,10.7765,7.3925,0.3198,68.5979,2.9672,0,1,10.83,1.29,warning,-9.10,,FULL_ANGLE
0,718.9136,t3637,LIDAR_ONLY,11.1108,11.1108,10.7765,0.3342,0.3342,3.1013,3.1013,1,1,10.83,1.29,cautious,-5.68,front,LIDAR_ONLY
0,718.9136,t3638,LIDAR_ONLY,25.3799,25.3799,11.1436,14.2363,14.2363,127.7533,127.7533,0,0,10.83,1.29,drive,23.01,front,LIDAR_ONLY
0,718.9136,t3641,LIDAR_ONLY,9.4168,9.4168,8.8092,0.6076,0.6076,6.8971,6.8971,1,1,10.83,1.29,slow,10.71,front,LIDAR_ONLY
0,718.9136,t3638,LIDAR_ONLY,18.9940,18.9940,11.1436,7.8504,7.8504,70.4476,70.4476,0,0,10.83,1.29,drive,18.91,front,LIDAR_ONLY
0,718.9779,t3637,BOTH,18.1613,11.1044,23.5513,5.3900,12.4469,22.8862,52.8503,0,0,15.56,1.17,warning,-9.10,,FULL_ANGLE
0,718.9779,t3637,LIDAR_ONLY,11.1031,11.1031,23.5513,12.4482,12.4482,52.8558,52.8558,0,0,15.56,1.17,cautious,-11.68,front,LIDAR_ONLY
0,718.9779,t3638,LIDAR_ONLY,19.2056,19.2056,,,,,,,,15.56,1.17,drive,28.71,front,LIDAR_ONLY
0,718.9779,t3641,LIDAR_ONLY,9.4825,9.4825,8.8092,0.6733,0.6733,7.6427,7.6427,1,1,15.56,1.17,slow,8.52,front,LIDAR_ONLY
0,719.0427,cam_8,CAM_ONLY,18.1503,,10.7765,7.3737,,68.4237,,0,,16.58,1.30,warning,-9.06,,CAMERA_ONLY
0,719.1113,cam_8,CAM_ONLY,18.1362,,10.7765,7.3596,,68.2931,,0,,13.77,1.04,warning,-9.06,,CAMERA_ONLY
0,719.1706,t3637,BOTH,18.1827,11.1153,23.5519,5.3691,12.4366,22.7971,52.8050,0,0,13.31,1.19,warning,-9.06,,FULL_ANGLE
0,719.1706,t3647,LIDAR_ONLY,28.1905,28.1905,,,,,,,,13.31,1.19,drive,-24.58,front,LIDAR_ONLY
0,719.1706,t3638,LIDAR_ONLY,19.5706,19.5706,,,,,,,,13.31,1.19,drive,25.45,front,LIDAR_ONLY
0,719.1706,t3637,LIDAR_ONLY,11.1110,11.1110,23.5519,12.4409,12.4409,52.8234,52.8234,0,0,13.31,1.19,cautious,-12.07,front,LIDAR_ONLY
0,719.1706,t3638,LIDAR_ONLY,19.7975,19.7975,,,,,,,,13.31,1.19,drive,29.62,front,LIDAR_ONLY
0,719.1706,t3641,LIDAR_ONLY,9.5144,9.5144,8.8092,0.7052,0.7052,8.0052,8.0052,1,1,13.31,1.19,slow,8.77,front,LIDAR_ONLY
0,719.2314,cam_8,CAM_ONLY,18.1453,,10.7765,7.3688,,68.3781,,0,,9.86,1.59,warning,-9.06,,CAMERA_ONLY
0,719.2914,cam_8,CAM_ONLY,18.1658,,10.7765,7.3892,,68.5677,,0,,11.99,0.84,warning,-9.10,,CAMERA_ONLY
0,719.3598,cam_8,CAM_ONLY,18.1660,,10.7765,7.3894,,68.5693,,0,,16.62,1.03,warning,-9.06,,CAMERA_ONLY
0,719.4199,t3655,BOTH,18.1478,11.0947,23.5523,5.4045,12.4575,22.9466,52.8931,0,0,15.08,0.95,warning,-9.06,,FULL_ANGLE
0,719.4199,t3654,LIDAR_ONLY,20.4416,20.4416,,,,,,,,15.08,0.95,drive,29.00,front,LIDAR_ONLY
0,719.4199,t3655,LIDAR_ONLY,11.1824,11.1824,23.5523,12.3699,12.3699,52.5210,52.5210,0,0,15.08,0.95,cautious,-11.71,front,LIDAR_ONLY
0,719.4199,t3656,LIDAR_ONLY,9.5641,9.5641,8.8092,0.7548,0.7548,8.5688,8.5688,1,1,15.08,0.95,slow,8.64,front,LIDAR_ONLY
0,719.4828,cam_8,CAM_ONLY,18.1750,,10.7765,7.3985,,68.6533,,0,,11.72,1.43,warning,-9.14,,CAMERA_ONLY
0,719.5393,cam_8,CAM_ONLY,18.1738,,10.7765,7.3972,,68.6420,,0,,12.26,2.37,warning,-9.10,,CAMERA_ONLY
0,719.6013,cam_8,CAM_ONLY,18.1599,,10.7765,7.3833,,68.5131,,0,,10.38,0.97,warning,-9.10,,CAMERA_ONLY
0,719.6613,cam_8,CAM_ONLY,18.1749,,10.7765,7.3984,,68.6525,,0,,10.68,1.02,warning,-9.10,,CAMERA_ONLY
0,719.7186,t3668,BOTH,18.1438,11.0957,10.7765,7.3672,0.3191,68.3633,2.9611,0,1,12.75,1.13,warning,-9.06,,FULL_ANGLE
0,719.7186,t3668,LIDAR_ONLY,11.1003,11.1003,10.7765,0.3238,0.3238,3.0046,3.0046,1,1,12.75,1.13,cautious,-11.14,front,LIDAR_ONLY
0,719.7186,t3670,LIDAR_ONLY,9.3837,9.3837,8.8092,0.5744,0.5744,6.5208,6.5208,1,1,12.75,1.13,slow,9.29,front,LIDAR_ONLY
0,719.7812,cam_8,CAM_ONLY,18.1527,,10.7765,7.3761,,68.4459,,0,,13.04,1.77,warning,-9.10,,CAMERA_ONLY
0,719.8347,cam_8,CAM_ONLY,18.1886,,10.7765,7.4120,,68.7793,,0,,11.61,1.27,warning,-9.06,,CAMERA_ONLY
0,719.9022,cam_8,CAM_ONLY,18.1388,,10.7765,7.3622,,68.3169,,0,,14.16,0.99,warning,-9.06,,CAMERA_ONLY
0,719.9641,t3682,BOTH,18.1627,11.1097,10.7765,7.3862,0.3332,68.5394,3.0918,0,1,14.82,0.99,warning,-9.10,,FULL_ANGLE
0,720.0293,cam_8,CAM_ONLY,18.1394,,10.7765,7.3628,,68.3225,,0,,12.09,1.72,warning,-9.06,,CAMERA_ONLY
0,720.0293,t3690,LIDAR_ONLY,20.1392,20.1392,,,,,,,,12.09,1.72,drive,29.47,front,LIDAR_ONLY
0,720.0930,cam_8,CAM_ONLY,18.1174,,10.7765,7.3408,,68.1186,,0,,14.26,0.97,warning,-9.06,,CAMERA_ONLY
0,720.1666,t3682,BOTH,18.1417,11.1231,23.5539,5.4122,12.4308,22.9778,52.7762,0,0,21.87,1.16,warning,-9.06,,FULL_ANGLE
0,720.1666,t3692,LIDAR_ONLY,28.1926,28.1926,,,,,,,,21.87,1.16,drive,-24.54,front,LIDAR_ONLY
0,720.1666,t3682,LIDAR_ONLY,11.1224,11.1224,23.5539,12.4315,12.4315,52.7789,52.7789,0,0,21.87,1.16,cautious,-11.97,front,LIDAR_ONLY
0,720.2232,t3682,BOTH,18.1583,11.1293,10.7765,7.3818,0.3528,68.4984,3.2736,0,1,11.27,0.98,warning,-9.06,,FULL_ANGLE
0,720.2232,t3690,LIDAR_ONLY,20.6871,20.6871,11.1436,9.5435,9.5435,85.6415,85.6415,0,0,11.27,0.98,drive,25.01,front,LIDAR_ONLY
0,720.2232,t3690,LIDAR_ONLY,19.6004,19.6004,11.1436,8.4568,8.4568,75.8891,75.8891,0,0,11.27,0.98,drive,25.01,front,LIDAR_ONLY
0,720.2829,cam_8,CAM_ONLY,18.1274,,10.7765,7.3508,,68.2113,,0,,10.97,1.64,warning,-9.06,,CAMERA_ONLY
0,720.3503,cam_8,CAM_ONLY,18.1361,,10.7765,7.3595,,68.2922,,0,,16.41,1.14,warning,-9.06,,CAMERA_ONLY
0,720.4030,cam_8,CAM_ONLY,18.1668,,10.7765,7.3903,,68.5772,,0,,10.90,1.04,warning,-9.06,,CAMERA_ONLY
0,720.4653,t3702,BOTH,18.1250,11.1012,23.5545,5.4295,12.4533,23.0507,52.8701,0,0,17.00,0.98,warning,-9.06,,FULL_ANGLE
0,720.4653,t3702,LIDAR_ONLY,11.2260,11.2260,23.5545,12.3285,12.3285,52.3404,52.3404,0,0,17.00,0.98,cautious,-12.01,front,LIDAR_ONLY
0,720.4653,t3703,LIDAR_ONLY,35.2926,35.2926,11.1436,24.1490,24.1490,216.7078,216.7078,0,0,17.00,0.98,drive,16.31,front,LIDAR_ONLY
0,720.5413,cam_8,CAM_ONLY,18.1312,,10.7765,7.3547,,68.2470,,0,,16.51,1.71,warning,-9.10,,CAMERA_ONLY
0,720.6074,t3702,BOTH,18.1488,11.0979,23.5549,5.4061,12.4570,22.9512,52.8848,0,0,9.76,1.21,warning,-9.06,,FULL_ANGLE
0,720.6074,t3702,LIDAR_ONLY,11.1136,11.1136,23.5549,12.4412,12.4412,52.8181,52.8181,0,0,9.76,1.21,cautious,-13.25,front,LIDAR_ONLY
0,720.6699,t3702,BOTH,18.1787,11.1147,10.7765,7.4021,0.3381,68.6873,3.1377,0,1,13.39,0.97,warning,-9.06,,FULL_ANGLE
0,720.6699,t3703,LIDAR_ONLY,30.7699,30.7699,,,,,,,,13.39,0.97,drive,22.14,front,LIDAR_ONLY
0,720.6699,t3702,LIDAR_ONLY,11.1182,11.1182,10.7765,0.3416,0.3416,3.1702,3.1702,1,1,13.39,0.97,cautious,-5.97,front,LIDAR_ONLY
0,720.6699,t3703,LIDAR_ONLY,27.9662,27.9662,,,,,,,,13.39,0.97,drive,26.15,front,LIDAR_ONLY
0,720.6699,t3714,LIDAR_ONLY,9.4137,9.4137,8.8092,0.6045,0.6045,6.8617,6.8617,1,1,13.39,0.97,slow,10.09,front,LIDAR_ONLY
0,720.7368,cam_8,CAM_ONLY,18.1517,,10.7765,7.3751,,68.4370,,0,,14.15,1.63,warning,-9.10,,CAMERA_ONLY
0,720.7969,cam_8,CAM_ONLY,18.1824,,10.7765,7.4059,,68.7220,,0,,16.44,1.00,warning,-9.10,,CAMERA_ONLY
0,720.8558,cam_8,CAM_ONLY,18.1858,,10.7765,7.4092,,68.7534,,0,,13.66,1.04,warning,-9.06,,CAMERA_ONLY
0,720.9127,t3722,BOTH,18.1421,11.1579,10.7765,7.3655,0.3813,68.3475,3.5384,0,1,11.18,1.05,warning,-9.10,,FULL_ANGLE
0,720.9127,t3722,LIDAR_ONLY,11.1207,11.1207,10.7765,0.3442,0.3442,3.1937,3.1937,1,1,11.18,1.05,cautious,-7.02,front,LIDAR_ONLY
0,720.9127,t3723,LIDAR_ONLY,22.6151,22.6151,,,,,,,,11.18,1.05,drive,26.01,front,LIDAR_ONLY
0,720.9127,t3724,LIDAR_ONLY,9.5649,9.5649,8.8092,0.7557,0.7557,8.5786,8.5786,1,1,11.18,1.05,slow,9.50,front,LIDAR_ONLY
0,720.9782,cam_8,CAM_ONLY,18.1505,,10.7765,7.3740,,68.4262,,0,,19.35,1.51,warning,-9.06,,CAMERA_ONLY
0,720.9782,t3723,LIDAR_ONLY,23.1340,23.1340,11.1436,11.9904,11.9904,107.5988,107.5988,0,0,19.35,1.51,drive,22.34,front,LIDAR_ONLY
0,721.0568,t3722,BOTH,18.1866,11.1132,10.7765,7.4100,0.3366,68.7608,3.1239,0,1,12.41,1.05,warning,-9.06,,FULL_ANGLE
0,721.0568,t3722,LIDAR_ONLY,11.0972,11.0972,10.7765,0.3207,0.3207,2.9759,2.9759,1,1,12.41,1.05,cautious,-5.87,front,LIDAR_ONLY
0,721.1340,cam_8,CAM_ONLY,18.1633,,10.7765,7.3867,,68.5444,,0,,16.15,1.60,warning,-9.06,,CAMERA_ONLY
0,721.2030,cam_8,CAM_ONLY,18.1298,,10.7765,7.3533,,68.2339,,0,,21.00,0.89,warning,-9.10,,CAMERA_ONLY
0,721.2631,t3722,BOTH,18.1731,11.0985,10.7765,7.3966,0.3220,68.6360,2.9877,0,1,14.68,1.02,warning,-9.10,,FULL_ANGLE
0,721.2631,t3732,LIDAR_ONLY,31.7237,31.7237,8.8092,22.9145,22.9145,260.1193,260.1193,0,0,14.68,1.02,drive,18.22,front,LIDAR_ONLY
0,721.2631,t3722,LIDAR_ONLY,11.0703,11.0703,10.7765,0.2937,0.2937,2.7258,2.7258,1,1,14.68,1.02,cautious,-6.15,front,LIDAR_ONLY
0,721.2631,t3732,LIDAR_ONLY,18.8736,18.8736,8.8092,10.0644,10.0644,114.2484,114.2484,0,0,14.68,1.02,drive,10.10,front,LIDAR_ONLY
0,721.3160,t3722,BOTH,18.1658,11.0710,10.7765,7.3893,0.2945,68.5682,2.7325,0,1,10.99,1.20,warning,-9.06,,FULL_ANGLE
0,721.3160,t3732,LIDAR_ONLY,15.4291,15.4291,8.8092,6.6199,6.6199,75.1473,75.1473,0,0,10.99,1.20,drive,9.64,front,LIDAR_ONLY
0,721.3813,cam_8,CAM_ONLY,18.1553,,10.7765,7.3788,,68.4707,,0,,21.57,1.72,warning,-9.10,,CAMERA_ONLY
0,721.4487,cam_8,CAM_ONLY,18.1878,,10.7765,7.4113,,68.7722,,0,,20.27,0.97,warning,-9.10,,CAMERA_ONLY
0,721.5183,t3722,BOTH,18.1960,11.0772,23.5567,5.3607,12.4794,22.7565,52.9762,0,0,20.11,1.00,warning,-9.06,,FULL_ANGLE
0,721.5183,t3722,LIDAR_ONLY,11.0745,11.0745,23.5567,12.4822,12.4822,52.9880,52.9880,0,0,20.11,1.00,cautious,-11.43,front,LIDAR_ONLY
0,721.5183,t3732,LIDAR_ONLY,13.7976,13.7976,8.8092,4.9884,4.9884,56.6270,56.6270,0,0,20.11,1.00,cautious,9.21,front,LIDAR_ONLY
0,721.6052,cam_8,CAM_ONLY,18.1848,,10.7765,7.4082,,68.7441,,0,,22.27,1.07,warning,-9.06,,CAMERA_ONLY
0,721.6723,t3722,BOTH,18.1670,11.0737,23.5570,5.3901,12.4833,22.8810,52.9919,0,0,17.71,1.33,warning,-9.06,,FULL_ANGLE
0,721.6723,t3744,LIDAR_ONLY,27.7914,27.7914,11.1436,16.6478,16.6478,149.3935,149.3935,0,0,17.71,1.33,drive,20.91,front,LIDAR_ONLY
0,721.6723,t3744,LIDAR_ONLY,25.6030,25.6030,11.1436,14.4594,14.4594,129.7553,129.7553,0,0,17.71,1.33,drive,25.02,front,LIDAR_ONLY
0,721.6723,t3744,LIDAR_ONLY,22.9441,22.9441,11.1436,11.8005,11.8005,105.8949,105.8949,0,0,17.71,1.33,drive,29.13,front,LIDAR_ONLY
0,721.6723,t3722,LIDAR_ONLY,11.0828,11.0828,23.5570,12.4743,12.4743,52.9535,52.9535,0,0,17.71,1.33,cautious,-11.95,front,LIDAR_ONLY
0,721.6723,t3744,LIDAR_ONLY,20.7841,20.7841,11.1436,9.6405,9.6405,86.5120,86.5120,0,0,17.71,1.33,drive,20.91,front,LIDAR_ONLY
0,721.7318,cam_8,CAM_ONLY,18.1622,,10.7765,7.3857,,68.5347,,0,,9.76,1.32,warning,-9.06,,CAMERA_ONLY
0,721.7966,cam_8,CAM_ONLY,18.2064,,10.7765,7.4298,,68.9443,,0,,16.55,0.98,warning,-9.06,,CAMERA_ONLY
0,721.8710,t3722,BOTH,18.1514,11.0923,10.7765,7.3748,0.3158,68.4341,2.9300,0,1,19.63,1.26,warning,-9.06,,FULL_ANGLE
0,721.8710,t3752,LIDAR_ONLY,48.6851,48.6851,8.8092,39.8759,39.8759,452.6610,452.6610,0,0,19.63,1.26,drive,5.58,front,LIDAR_ONLY
0,721.8710,t3744,LIDAR_ONLY,20.8802,20.8802,,,,,,,,19.63,1.26,drive,25.89,front,LIDAR_ONLY
0,721.8710,t3722,LIDAR_ONLY,11.0951,11.0951,10.7765,0.3185,0.3185,2.9556,2.9556,1,1,19.63,1.26,cautious,-6.60,front,LIDAR_ONLY
0,721.8710,t3744,LIDAR_ONLY,19.7904,19.7904,,,,,,,,19.63,1.26,drive,29.96,front,LIDAR_ONLY
0,721.8710,t3752,LIDAR_ONLY,28.9845,28.9845,8.8092,20.1753,20.1753,229.0249,229.0249,0,0,19.63,1.26,drive,9.64,front,LIDAR_ONLY
0,721.9406,cam_8,CAM_ONLY,18.1317,,10.7765,7.3552,,68.2517,,0,,15.17,1.45,warning,-9.06,,CAMERA_ONLY
0,722.0015,cam_8,CAM_ONLY,18.1478,,10.7765,7.3712,,68.4006,,0,,9.85,0.98,warning,-9.10,,CAMERA_ONLY
0,722.0719,t3722,BOTH,18.1621,11.1068,10.7765,7.3856,0.3302,68.5340,3.0642,0,1,17.28,3.42,warning,-9.10,,FULL_ANGLE
0,722.0719,t3752,LIDAR_ONLY,29.3680,29.3680,11.1436,18.2244,18.2244,163.5411,163.5411,0,0,17.28,3.42,drive,16.49,front,LIDAR_ONLY
0,722.0719,t3744,LIDAR_ONLY,19.2980,19.2980,,,,,,,,17.28,3.42,drive,28.94,front,LIDAR_ONLY
0,722.1340,cam_8,CAM_ONLY,18.1503,,10.7765,7.3738,,68.4243,,0,,14.14,1.76,warning,-9.10,,CAMERA_ONLY
0,722.1929,cam_8,CAM_ONLY,18.1738,,10.7765,7.3973,,68.6422,,0,,11.24,0.89,warning,-9.06,,CAMERA_ONLY
0,722.2578,cam_8,CAM_ONLY,18.1362,,10.7765,7.3597,,68.2934,,0,,19.10,1.03,warning,-9.06,,CAMERA_ONLY
0,722.3223,cam_8,CAM_ONLY,18.1516,,10.7765,7.3750,,68.4357,,0,,15.93,1.23,warning,-9.10,,CAMERA_ONLY
0,722.3223,t3764,LIDAR_ONLY,21.0803,21.0803,11.1436,9.9367,9.9367,89.1696,89.1696,0,0,15.93,1.23,drive,28.05,front,LIDAR_ONLY
0,722.3223,t3764,LIDAR_ONLY,16.1184,16.1184,11.1436,4.9748,4.9748,44.6424,44.6424,0,0,15.93,1.23,drive,19.76,front,LIDAR_ONLY
0,722.3941,cam_8,CAM_ONLY,18.1714,,10.7765,7.3948,,68.6195,,0,,17.72,1.39,warning,-9.10,,CAMERA_ONLY
0,722.4551,cam_8,CAM_ONLY,18.1777,,10.7765,7.4012,,68.6785,,0,,11.34,1.12,warning,-9.06,,CAMERA_ONLY
0,722.5200,t3769,BOTH,18.1459,11.0469,10.7765,7.3694,0.2703,68.3835,2.5086,0,1,16.12,1.02,warning,-9.06,,FULL_ANGLE
0,722.5200,t3769,LIDAR_ONLY,11.0423,11.0423,10.7765,0.2658,0.2658,2.4662,2.4662,1,1,16.12,1.02,cautious,-6.11,front,LIDAR_ONLY
0,722.5200,t3764,LIDAR_ONLY,13.5384,13.5384,8.8092,4.7292,4.7292,53.6841,53.6841,0,0,16.12,1.02,cautious,10.10,front,LIDAR_ONLY
0,722.6034,cam_8,CAM_ONLY,18.1546,,10.7765,7.3780,,68.4636,,0,,24.74,1.06,warning,-9.10,,CAMERA_ONLY
0,722.6704,t3769,BOTH,18.1681,11.0586,10.7765,7.3915,0.2820,68.5888,2.6169,0,1,15.47,1.22,warning,-9.10,,FULL_ANGLE
0,722.6704,t3774,LIDAR_ONLY,23.0020,23.0020,11.1436,11.8584,11.8584,106.4147,106.4147,0,0,15.47,1.22,drive,25.54,front,LIDAR_ONLY
0,722.6704,t3764,LIDAR_ONLY,14.7860,14.7860,8.8092,5.9768,5.9768,67.8469,67.8469,0,0,15.47,1.22,cautious,17.50,front,LIDAR_ONLY
0,722.6704,t3769,LIDAR_ONLY,11.0643,11.0643,10.7765,0.2878,0.2878,2.6705,2.6705,1,1,15.47,1.22,cautious,-6.62,front,LIDAR_ONLY
0,722.6704,t3764,LIDAR_ONLY,15.1035,15.1035,8.8092,6.2943,6.2943,71.4512,71.4512,0,0,15.47,1.22,cautious,9.46,front,LIDAR_ONLY
0,722.7296,cam_8,CAM_ONLY,18.1973,,10.7765,7.4207,,68.8600,,0,,10.57,1.50,warning,-9.06,,CAMERA_ONLY
0,722.7880,cam_8,CAM_ONLY,18.1566,,10.7765,7.3800,,68.4825,,0,,11.05,1.46,warning,-9.10,,CAMERA_ONLY
0,722.8516,cam_8,CAM_ONLY,18.1801,,10.7765,7.4035,,68.7003,,0,,10.36,0.98,warning,-9.06,,CAMERA_ONLY
0,722.9086,t3784,BOTH,18.1678,11.0940,23.5599,5.3921,12.4658,22.8867,52.9113,0,0,11.06,0.93,warning,-9.06,,FULL_ANGLE
0,722.9086,t3785,LIDAR_ONLY,33.4094,33.4094,11.1436,22.2658,22.2658,199.8076,199.8076,0,0,11.06,0.93,drive,17.27,front,LIDAR_ONLY
0,722.9086,t3784,LIDAR_ONLY,11.1054,11.1054,23.5599,12.4545,12.4545,52.8631,52.8631,0,0,11.06,0.93,cautious,-11.84,front,LIDAR_ONLY
0,722.9086,t3785,LIDAR_ONLY,22.7919,22.7919,11.1436,11.6483,11.6483,104.5292,104.5292,0,0,11.06,0.93,drive,21.43,front,LIDAR_ONLY
0,722.9656,cam_8,CAM_ONLY,18.1386,,10.7765,7.3620,,68.3151,,0,,10.94,0.86,warning,-9.06,,CAMERA_ONLY
0,723.0351,cam_8,CAM_ONLY,18.1693,,10.7765,7.3927,,68.6001,,0,,16.82,1.83,warning,-9.10,,CAMERA_ONLY
0,723.1023,cam_8,CAM_ONLY,18.1843,,10.7765,7.4077,,68.7391,,0,,17.40,0.94,warning,-9.06,,CAMERA_ONLY
0,723.1626,cam_8,CAM_ONLY,18.1478,,10.7765,7.3713,,68.4009,,0,,10.12,1.06,warning,-9.10,,CAMERA_ONLY
0,723.1626,t3795,LIDAR_ONLY,21.6704,21.6704,,,,,,,,10.12,1.06,drive,27.22,front,LIDAR_ONLY
0,723.1626,t3797,LIDAR_ONLY,9.4893,9.4893,8.8092,0.6801,0.6801,7.7198,7.7198,1,1,10.12,1.06,slow,10.49,front,LIDAR_ONLY
0,723.2327,cam_8,CAM_ONLY,18.1331,,10.7765,7.3565,,68.2641,,0,,15.63,1.53,warning,-9.06,,CAMERA_ONLY
0,723.2919,cam_8,CAM_ONLY,18.1735,,10.7765,7.3969,,68.6391,,0,,10.49,1.08,warning,-9.06,,CAMERA_ONLY
0,723.3593,cam_8,CAM_ONLY,18.1419,,10.7765,7.3654,,68.3464,,0,,15.51,1.10,warning,-9.06,,CAMERA_ONLY
0,723.4167,t3802,BOTH,18.1441,11.1116,10.7765,7.3676,0.3350,68.3666,3.1090,0,1,14.66,1.12,warning,-9.06,,FULL_ANGLE
0,723.4167,t3802,LIDAR_ONLY,11.1666,11.1666,10.7765,0.3900,0.3900,3.6191,3.6191,1,1,14.66,1.12,cautious,-11.20,front,LIDAR_ONLY
0,723.4167,t3804,LIDAR_ONLY,9.4759,9.4759,8.8092,0.6667,0.6667,7.5682,7.5682,1,1,14.66,1.12,slow,9.38,front,LIDAR_ONLY
0,723.4826,cam_8,CAM_ONLY,18.1651,,10.7765,7.3886,,68.5616,,0,,16.72,2.09,warning,-9.06,,CAMERA_ONLY
0,723.5502,cam_8,CAM_ONLY,18.1396,,10.7765,7.3631,,68.3251,,0,,16.55,0.86,warning,-9.06,,CAMERA_ONLY
0,723.6198,t3802,BOTH,18.1543,11.1156,23.5610,5.4067,12.4454,22.9476,52.8221,0,0,18.98,1.16,warning,-9.06,,FULL_ANGLE
0,723.6198,t3810,LIDAR_ONLY,20.4286,20.4286,11.1436,9.2851,9.2851,83.3218,83.3218,0,0,18.98,1.16,drive,29.02,front,LIDAR_ONLY
0,723.6198,t3802,LIDAR_ONLY,11.1180,11.1180,23.5610,12.4431,12.4431,52.8121,52.8121,0,0,18.98,1.16,cautious,-11.45,front,LIDAR_ONLY
0,723.6198,t3804,LIDAR_ONLY,9.4808,9.4808,8.8092,0.6716,0.6716,7.6235,7.6235,1,1,18.98,1.16,slow,8.79,front,LIDAR_ONLY
0,723.6198,t3810,LIDAR_ONLY,17.0230,17.0230,11.1436,5.8794,5.8794,52.7601,52.7601,0,0,18.98,1.16,drive,24.97,front,LIDAR_ONLY
0,723.6742,t3802,BOTH,18.1649,11.1173,10.7765,7.3883,0.3408,68.5591,3.1621,0,1,11.83,1.15,warning,-9.06,,FULL_ANGLE
0,723.6742,t3802,LIDAR_ONLY,11.0985,11.0985,10.7765,0.3220,0.3220,2.9879,2.9879,1,1,11.83,1.15,cautious,-6.32,front,LIDAR_ONLY
0,723.6742,t3804,LIDAR_ONLY,9.4582,9.4582,8.8092,0.6489,0.6489,7.3666,7.3666,1,1,11.83,1.15,slow,10.46,front,LIDAR_ONLY
0,723.7362,cam_8,CAM_ONLY,18.1664,,10.7765,7.3898,,68.5734,,0,,12.24,1.28,warning,-9.06,,CAMERA_ONLY
0,723.7931,cam_8,CAM_ONLY,18.1663,,10.7765,7.3898,,68.5726,,0,,13.54,1.41,warning,-9.10,,CAMERA_ONLY
0,723.8654,t3802,BOTH,18.1523,11.1068,10.7765,7.3758,0.3303,68.4431,3.0646,0,1,17.39,1.18,warning,-9.06,,FULL_ANGLE
0,723.9349,cam_8,CAM_ONLY,18.1256,,10.7765,7.3490,,68.1948,,0,,18.66,1.58,warning,-9.06,,CAMERA_ONLY
0,723.9970,cam_8,CAM_ONLY,18.1268,,10.7765,7.3503,,68.2062,,0,,12.56,1.34,warning,-9.10,,CAMERA_ONLY
0,724.0631,cam_8,CAM_ONLY,18.1838,,10.7765,7.4072,,68.7347,,0,,17.66,1.09,warning,-9.10,,CAMERA_ONLY
0,724.1252,t3829,BOTH,18.1645,11.1263,10.7765,7.3880,0.3498,68.5562,3.2456,0,1,15.82,1.47,warning,-9.06,,FULL_ANGLE
0,724.1252,t3827,LIDAR_ONLY,22.1316,22.1316,,,,,,,,15.82,1.47,drive,26.62,front,LIDAR_ONLY
0,724.1252,t3829,LIDAR_ONLY,11.0937,11.0937,10.7765,0.3172,0.3172,2.9432,2.9432,1,1,15.82,1.47,cautious,-5.84,front,LIDAR_ONLY
0,724.1815,cam_8,CAM_ONLY,18.1417,,10.7765,7.3651,,68.3440,,0,,10.30,1.60,warning,-9.10,,CAMERA_ONLY
0,724.2380,cam_8,CAM_ONLY,18.1826,,10.7765,7.4061,,68.7239,,0,,11.04,0.94,warning,-9.06,,CAMERA_ONLY
0,724.2942,cam_8,CAM_ONLY,18.1440,,10.7765,7.3674,,68.3656,,0,,11.36,1.46,warning,-9.06,,CAMERA_ONLY
0,724.3551,cam_8,CAM_ONLY,18.1715,,10.7765,7.3950,,68.6211,,0,,15.54,1.12,warning,-9.06,,CAMERA_ONLY
0,724.4187,t3840,BOTH,18.1697,11.0833,10.7765,7.3932,0.3067,68.6045,2.8462,0,1,13.27,1.49,warning,-9.06,,FULL_ANGLE
0,724.4187,t3837,LIDAR_ONLY,23.1000,23.1000,11.1436,11.9564,11.9564,107.2941,107.2941,0,0,13.27,1.49,drive,25.42,front,LIDAR_ONLY
0,724.4187,t3841,LIDAR_ONLY,9.5272,9.5272,11.1436,1.6164,1.6164,14.5055,14.5055,0,0,13.27,1.49,slow,8.73,front,LIDAR_ONLY
0,724.4187,t3841,LIDAR_ONLY,9.9879,9.9879,11.1436,1.1557,1.1557,10.3706,10.3706,0,0,13.27,1.49,slow,17.07,front,LIDAR_ONLY
0,724.4770,t3840,BOTH,18.1298,11.0868,10.7765,7.3532,0.3102,68.2334,2.8788,0,1,15.23,1.41,warning,-9.10,,FULL_ANGLE
0,724.4770,t3837,LIDAR_ONLY,23.2344,23.2344,,,,,,,,15.23,1.41,drive,24.25,front,LIDAR_ONLY
0,724.4770,t3837,LIDAR_ONLY,22.2676,22.2676,,,,,,,,15.23,1.41,drive,28.46,front,LIDAR_ONLY
0,724.5540,t3840,BOTH,18.1743,11.0909,10.7765,7.3978,0.3143,68.6468,2.9167,0,1,18.95,0.95,warning,-9.10,,FULL_ANGLE
0,724.5540,t3840,LIDAR_ONLY,11.0878,11.0878,10.7765,0.3113,0.3113,2.8885,2.8885,1,1,18.95,0.95,cautious,-6.67,front,LIDAR_ONLY
0,724.6257,t3840,BOTH,18.1656,11.0931,10.7765,7.3891,0.3165,68.5662,2.9371,0,1,16.82,1.28,warning,-9.06,,FULL_ANGLE
0,724.6257,t3841,LIDAR_ONLY,12.3805,12.3805,11.1436,1.2369,1.2369,11.0993,11.0993,0,0,16.82,1.28,slow,15.81,front,LIDAR_ONLY
0,724.7054,cam_8,CAM_ONLY,18.1568,,10.7765,7.3803,,68.4847,,0,,24.89,1.21,warning,-9.06,,CAMERA_ONLY
0,724.7654,t3840,BOTH,18.1556,11.0870,10.7765,7.3791,0.3104,68.4736,2.8805,0,1,10.08,1.23,warning,-9.10,,FULL_ANGLE
0,724.7654,t3845,LIDAR_ONLY,21.7719,21.7719,,,,,,,,10.08,1.23,drive,27.09,front,LIDAR_ONLY
0,724.7654,t3840,LIDAR_ONLY,11.0865,11.0865,10.7765,0.3099,0.3099,2.8759,2.8759,1,1,10.08,1.23,cautious,-6.41,front,LIDAR_ONLY
0,724.8236,t3840,BOTH,18.1871,11.0925,10.7765,7.4106,0.3160,68.7658,2.9320,0,1,11.42,1.09,warning,-9.06,,FULL_ANGLE
0,724.8236,t3840,LIDAR_ONLY,11.0861,11.0861,10.7765,0.3096,0.3096,2.8725,2.8725,1,1,11.42,1.09,cautious,-6.48,front,LIDAR_ONLY
0,724.8236,t3841,LIDAR_ONLY,13.1446,13.1446,11.1436,2.0010,2.0010,17.9561,17.9561,0,0,11.42,1.09,cautious,9.91,front,LIDAR_ONLY
0,724.8236,t3841,LIDAR_ONLY,13.5941,13.5941,11.1436,2.4505,2.4505,21.9901,21.9901,0,0,11.42,1.09,cautious,18.10,front,LIDAR_ONLY
0,724.8866,cam_8,CAM_ONLY,18.1486,,10.7765,7.3720,,68.4079,,0,,17.51,1.59,warning,-9.06,,CAMERA_ONLY
0,724.9526,cam_8,CAM_ONLY,18.1515,,10.7765,7.3750,,68.4356,,0,,14.82,1.11,warning,-9.06,,CAMERA_ONLY
0,725.0333,cam_8,CAM_ONLY,18.1415,,10.7765,7.3650,,68.3425,,0,,23.27,3.71,warning,-9.06,,CAMERA_ONLY
0,725.0333,t3856,LIDAR_ONLY,20.1191,20.1191,,,,,,,,23.27,3.71,drive,29.50,front,LIDAR_ONLY
0,725.1096,cam_8,CAM_ONLY,18.1757,,10.7765,7.3991,,68.6593,,0,,16.75,2.31,warning,-9.06,,CAMERA_ONLY
0,725.1822,cam_8,CAM_ONLY,18.1543,,10.7765,7.3778,,68.4616,,0,,12.57,1.52,warning,-9.06,,CAMERA_ONLY
0,725.2514,cam_8,CAM_ONLY,18.1707,,10.7765,7.3941,,68.6132,,0,,14.70,1.08,warning,-9.06,,CAMERA_ONLY
0,725.3239,cam_8,CAM_ONLY,18.1401,,10.7765,7.3635,,68.3290,,0,,18.83,2.26,warning,-9.01,,CAMERA_ONLY
0,725.3239,t3862,LIDAR_ONLY,23.6845,23.6845,11.1436,12.5410,12.5410,112.5395,112.5395,0,0,18.83,2.26,drive,24.76,front,LIDAR_ONLY
0,725.3239,t3862,LIDAR_ONLY,19.5320,19.5320,11.1436,8.3884,8.3884,75.2756,75.2756,0,0,18.83,2.26,drive,16.60,front,LIDAR_ONLY
0,725.3867,cam_8,CAM_ONLY,18.1826,,10.7765,7.4060,,68.7235,,0,,17.45,1.75,warning,-9.10,,CAMERA_ONLY
0,725.4510,cam_8,CAM_ONLY,18.1671,,10.7765,7.3906,,68.5801,,0,,11.82,1.05,warning,-9.06,,CAMERA_ONLY
0,725.5222,t3869,BOTH,18.1331,11.0954,10.7765,7.3565,0.3189,68.2641,2.9588,0,1,21.24,1.03,warning,-9.06,,FULL_ANGLE
0,725.5222,t3862,LIDAR_ONLY,19.8327,19.8327,11.1436,8.6891,8.6891,77.9741,77.9741,0,0,21.24,1.03,drive,26.37,front,LIDAR_ONLY
0,725.5222,t3869,LIDAR_ONLY,11.0995,11.0995,10.7765,0.3229,0.3229,2.9966,2.9966,1,1,21.24,1.03,cautious,-11.19,front,LIDAR_ONLY
0,725.5222,t3870,LIDAR_ONLY,9.6097,9.6097,8.8092,0.8005,0.8005,9.0869,9.0869,1,1,21.24,1.03,cautious,9.68,front,LIDAR_ONLY
0,725.5222,t3862,LIDAR_ONLY,18.7574,18.7574,11.1436,7.6138,7.6138,68.3242,68.3242,0,0,21.24,1.03,drive,22.20,front,LIDAR_ONLY
0,725.5882,cam_8,CAM_ONLY,18.1727,,10.7765,7.3961,,68.6316,,0,,13.26,1.69,warning,-9.06,,CAMERA_ONLY
0,725.6487,cam_8,CAM_ONLY,18.1916,,10.7765,7.4150,,68.8073,,0,,15.23,1.00,warning,-9.10,,CAMERA_ONLY
0,725.7150,t3869,BOTH,18.1969,11.1004,23.5647,5.3679,12.4643,22.7792,52.8939,0,0,18.59,0.90,warning,-9.06,,FULL_ANGLE
0,725.7150,t3869,LIDAR_ONLY,11.1070,11.1070,23.5647,12.4577,12.4577,52.8660,52.8660,0,0,18.59,0.90,cautious,-12.16,front,LIDAR_ONLY
0,725.7856,cam_8,CAM_ONLY,18.1525,,10.7765,7.3760,,68.4445,,0,,19.66,2.04,warning,-9.10,,CAMERA_ONLY
0,725.8449,cam_8,CAM_ONLY,18.1841,,10.7765,7.4076,,68.7380,,0,,17.70,0.93,warning,-9.10,,CAMERA_ONLY
0,725.9211,t3869,BOTH,18.1559,11.1100,10.7765,7.3793,0.3334,68.4756,3.0939,0,1,16.59,1.23,warning,-9.06,,FULL_ANGLE
0,725.9211,t3879,LIDAR_ONLY,25.5287,25.5287,11.1436,14.3851,14.3851,129.0889,129.0889,0,0,16.59,1.23,drive,22.87,front,LIDAR_ONLY
0,725.9211,t3881,LIDAR_ONLY,9.3378,9.3378,8.8092,0.5285,0.5285,6.0000,6.0000,1,1,16.59,1.23,slow,10.59,front,LIDAR_ONLY
0,725.9821,cam_8,CAM_ONLY,18.1495,,10.7765,7.3730,,68.4168,,0,,9.98,1.54,warning,-9.06,,CAMERA_ONLY
0,726.0500,cam_8,CAM_ONLY,18.1347,,10.7765,7.3582,,68.2793,,0,,16.41,1.13,warning,-9.10,,CAMERA_ONLY
0,726.1148,t3869,BOTH,18.1660,11.1262,23.5655,5.3995,12.4393,22.9129,52.7861,0,0,18.72,1.21,warning,-9.06,,FULL_ANGLE
0,726.1148,t3869,LIDAR_ONLY,11.1218,11.1218,23.5655,12.4437,12.4437,52.8048,52.8048,0,0,18.72,1.21,cautious,-12.97,front,LIDAR_ONLY
0,726.1798,cam_8,CAM_ONLY,18.1978,,10.7765,7.4213,,68.8651,,0,,12.56,1.52,warning,-9.06,,CAMERA_ONLY
0,726.2406,cam_8,CAM_ONLY,18.1390,,10.7765,7.3624,,68.3189,,0,,15.13,1.46,warning,-9.06,,CAMERA_ONLY
0,726.3052,cam_8,CAM_ONLY,18.1267,,10.7765,7.3501,,68.2048,,0,,15.16,0.83,warning,-9.06,,CAMERA_ONLY
0,726.3726,t3890,BOTH,18.1920,11.1663,10.7765,7.4155,0.3898,68.8114,3.6168,0,1,16.87,1.50,warning,-9.06,,FULL_ANGLE
0,726.3726,t3890,LIDAR_ONLY,11.1066,11.1066,10.7765,0.3301,0.3301,3.0629,3.0629,1,1,16.87,1.50,cautious,-6.74,front,LIDAR_ONLY
0,726.3726,t3892,LIDAR_ONLY,9.3591,9.3591,11.1436,1.7845,1.7845,16.0134,16.0134,0,0,16.87,1.50,slow,9.93,front,LIDAR_ONLY
0,726.3726,t3892,LIDAR_ONLY,9.7561,9.7561,11.1436,1.3875,1.3875,12.4508,12.4508,0,0,16.87,1.50,slow,18.26,front,LIDAR_ONLY
0,726.4251,cam_8,CAM_ONLY,18.1472,,10.7765,7.3707,,68.3955,,0,,11.05,1.55,warning,-9.10,,CAMERA_ONLY
0,726.4887,cam_8,CAM_ONLY,18.1678,,10.7765,7.3912,,68.5864,,0,,18.02,0.95,warning,-9.10,,CAMERA_ONLY
0,726.5459,cam_8,CAM_ONLY,18.1761,,10.7765,7.3996,,68.6638,,0,,9.99,1.09,warning,-9.10,,CAMERA_ONLY
0,726.6100,t3899,BOTH,18.1447,11.0840,10.7765,7.3681,0.3075,68.3720,2.8530,0,1,14.41,0.85,warning,-9.10,,FULL_ANGLE
0,726.6666,t3899,BOTH,18.1520,11.0876,10.7765,7.3755,0.3111,68.4401,2.8867,0,1,9.76,1.24,warning,-9.06,,FULL_ANGLE
0,726.6666,t3903,LIDAR_ONLY,25.5732,25.5732,11.1436,14.4296,14.4296,129.4879,129.4879,0,0,9.76,1.24,drive,22.82,front,LIDAR_ONLY
0,726.6666,t3903,LIDAR_ONLY,20.0414,20.0414,11.1436,8.8978,8.8978,79.8466,79.8466,0,0,9.76,1.24,drive,18.79,front,LIDAR_ONLY
0,726.7347,cam_8,CAM_ONLY,18.1813,,10.7765,7.4047,,68.7115,,0,,14.23,1.69,warning,-9.10,,CAMERA_ONLY
0,726.8036,cam_8,CAM_ONLY,18.1568,,10.7765,7.3802,,68.4842,,0,,18.11,2.30,warning,-9.10,,CAMERA_ONLY
0,726.8765,t3899,BOTH,18.1760,11.0996,23.5671,5.3911,12.4675,22.8756,52.9021,0,0,20.97,1.40,warning,-9.10,,FULL_ANGLE
0,726.8765,t3912,LIDAR_ONLY,28.1899,28.1899,,,,,,,,20.97,1.40,drive,-24.69,front,LIDAR_ONLY
0,726.8765,t3903,LIDAR_ONLY,20.3078,20.3078,,,,,,,,20.97,1.40,drive,25.50,front,LIDAR_ONLY
0,726.8765,t3899,LIDAR_ONLY,11.0963,11.0963,23.5671,12.4708,12.4708,52.9161,52.9161,0,0,20.97,1.40,cautious,-12.14,front,LIDAR_ONLY
0,726.8765,t3903,LIDAR_ONLY,20.4230,20.4230,,,,,,,,20.97,1.40,drive,29.68,front,LIDAR_ONLY
0,726.8765,t3915,LIDAR_ONLY,9.4825,9.4825,8.8092,0.6733,0.6733,7.6432,7.6432,1,1,20.97,1.40,slow,8.77,front,LIDAR_ONLY
0,726.9438,cam_8,CAM_ONLY,18.1839,,10.7765,7.4074,,68.7358,,0,,15.21,1.32,warning,-9.06,,CAMERA_ONLY
0,727.0152,t3899,BOTH,18.1336,11.1035,10.7765,7.3570,0.3269,68.2690,3.0338,0,1,17.42,0.99,warning,-9.10,,FULL_ANGLE
0,727.0152,t3899,LIDAR_ONLY,11.0989,11.0989,10.7765,0.3223,0.3223,2.9909,2.9909,1,1,17.42,0.99,cautious,-6.58,front,LIDAR_ONLY
0,727.0913,cam_8,CAM_ONLY,18.1232,,10.7765,7.3466,,68.1723,,0,,19.75,1.32,warning,-9.10,,CAMERA_ONLY
0,727.1579,cam_8,CAM_ONLY,18.1291,,10.7765,7.3526,,68.2274,,0,,14.66,1.02,warning,-9.06,,CAMERA_ONLY
0,727.2299,cam_8,CAM_ONLY,18.1535,,10.7765,7.3770,,68.4538,,0,,14.34,1.31,warning,-9.06,,CAMERA_ONLY
0,727.2299,t3927,LIDAR_ONLY,19.8428,19.8428,,,,,,,,14.34,1.31,drive,29.95,front,LIDAR_ONLY
0,727.2918,cam_8,CAM_ONLY,18.1339,,10.7765,7.3573,,68.2716,,0,,11.99,1.12,warning,-9.06,,CAMERA_ONLY
0,727.3598,cam_8,CAM_ONLY,18.1240,,10.7765,7.3474,,68.1796,,0,,19.01,1.13,warning,-9.06,,CAMERA_ONLY
0,727.4298,cam_8,CAM_ONLY,18.1590,,10.7765,7.3825,,68.5052,,0,,13.48,1.41,warning,-9.10,,CAMERA_ONLY
0,727.4298,t3927,LIDAR_ONLY,20.3105,20.3105,,,,,,,,13.48,1.41,drive,24.93,front,LIDAR_ONLY
0,727.4298,t3927,LIDAR_ONLY,20.5522,20.5522,,,,,,,,13.48,1.41,drive,28.98,front,LIDAR_ONLY
0,727.4298,t3933,LIDAR_ONLY,13.9837,13.9837,11.1436,2.8401,2.8401,25.4863,25.4863,0,0,13.48,1.41,cautious,16.84,front,LIDAR_ONLY
0,727.4908,cam_8,CAM_ONLY,18.1703,,10.7765,7.3938,,68.6101,,0,,12.41,1.61,warning,-9.06,,CAMERA_ONLY
0,727.5549,cam_8,CAM_ONLY,18.1600,,10.7765,7.3834,,68.5137,,0,,14.47,0.91,warning,-9.06,,CAMERA_ONLY
0,727.6227,t3940,BOTH,18.1716,11.0772,10.7765,7.3950,0.3006,68.6215,2.7896,0,1,19.89,2.71,warning,-9.06,,FULL_ANGLE
0,727.6227,t3927,LIDAR_ONLY,20.6383,20.6383,,,,,,,,19.89,2.71,drive,29.24,front,LIDAR_ONLY
0,727.6928,cam_8,CAM_ONLY,18.1980,,10.7765,7.4215,,68.8670,,0,,15.91,1.23,warning,-9.06,,CAMERA_ONLY
0,727.7728,t3940,BOTH,18.1824,11.0847,10.7765,7.4058,0.3081,68.7216,2.8594,0,1,17.02,1.27,warning,-9.10,,FULL_ANGLE
0,727.7728,t3927,LIDAR_ONLY,20.9822,20.9822,11.1436,9.8386,9.8386,88.2892,88.2892,0,0,17.02,1.27,drive,21.85,front,LIDAR_ONLY
0,727.7728,t3940,LIDAR_ONLY,11.0779,11.0779,10.7765,0.3013,0.3013,2.7962,2.7962,1,1,17.02,1.27,cautious,-6.79,front,LIDAR_ONLY
0,727.7728,t3942,LIDAR_ONLY,9.3684,9.3684,8.8092,0.5592,0.5592,6.3475,6.3475,1,1,17.02,1.27,slow,9.58,front,LIDAR_ONLY
0,727.8388,cam_8,CAM_ONLY,18.1502,,10.7765,7.3736,,68.4227,,0,,13.53,2.94,warning,-9.10,,CAMERA_ONLY
0,727.9065,cam_8,CAM_ONLY,18.1567,,10.7765,7.3802,,68.4836,,0,,17.47,0.92,warning,-9.10,,CAMERA_ONLY
0,727.9753,t3940,BOTH,18.1695,11.0876,10.7765,7.3930,0.3111,68.6026,2.8865,0,1,18.04,1.36,warning,-9.06,,FULL_ANGLE
0,727.9753,t3927,LIDAR_ONLY,21.5354,21.5354,11.1436,10.3918,10.3918,93.2539,93.2539,0,0,18.04,1.36,drive,23.29,front,LIDAR_ONLY
0,727.9753,t3927,LIDAR_ONLY,20.9204,20.9204,11.1436,9.7768,9.7768,87.7351,87.7351,0,0,18.04,1.36,drive,19.13,front,LIDAR_ONLY
0,727.9753,t3942,LIDAR_ONLY,9.2880,9.2880,8.8092,0.4788,0.4788,5.4351,5.4351,1,1,18.04,1.36,slow,10.81,front,LIDAR_ONLY
0,728.0461,cam_8,CAM_ONLY,18.1152,,10.7765,7.3386,,68.0983,,0,,18.15,1.09,warning,-9.06,,CAMERA_ONLY
0,728.1102,t3940,BOTH,18.1447,11.0841,10.7765,7.3681,0.3075,68.3720,2.8535,0,1,11.48,0.87,warning,-9.10,,FULL_ANGLE
0,728.1102,t3927,LIDAR_ONLY,21.0887,21.0887,11.1436,9.9451,9.9451,89.2449,89.2449,0,0,11.48,0.87,drive,24.88,front,LIDAR_ONLY
0,728.1102,t3942,LIDAR_ONLY,9.7901,9.7901,8.8092,0.9809,0.9809,11.1344,11.1344,1,1,11.48,0.87,slow,16.82,front,LIDAR_ONLY
0,728.1102,t3942,LIDAR_ONLY,10.0435,10.0435,8.8092,1.2342,1.2342,14.0106,14.0106,0,0,11.48,0.87,slow,8.76,front,LIDAR_ONLY
0,728.1819,cam_8,CAM_ONLY,18.1457,,10.7765,7.3692,,68.3814,,0,,20.23,2.13,warning,-9.06,,CAMERA_ONLY
0,728.1819,t3927,LIDAR_ONLY,21.4528,21.4528,,,,,,,,20.23,2.13,drive,25.54,front,LIDAR_ONLY
0,728.1819,t3927,LIDAR_ONLY,21.1285,21.1285,,,,,,,,20.23,2.13,drive,29.59,front,LIDAR_ONLY
0,728.2436,cam_8,CAM_ONLY,18.1230,,10.7765,7.3465,,68.1709,,0,,10.41,0.96,warning,-9.06,,CAMERA_ONLY
0,728.3205,t3940,BOTH,18.1422,11.0838,10.7765,7.3657,0.3072,68.3489,2.8510,0,1,15.47,1.13,warning,-9.10,,FULL_ANGLE
0,728.3205,t3927,LIDAR_ONLY,20.3045,20.3045,,,,,,,,15.47,1.13,drive,29.00,front,LIDAR_ONLY
0,728.3205,t3942,LIDAR_ONLY,10.1656,10.1656,11.1436,0.9780,0.9780,8.7759,8.7759,1,1,15.47,1.13,cautious,8.84,front,LIDAR_ONLY
0,728.3205,t3940,LIDAR_ONLY,11.0859,11.0859,10.7765,0.3094,0.3094,2.8710,2.8710,1,1,15.47,1.13,cautious,-11.33,front,LIDAR_ONLY
0,728.3205,t3942,LIDAR_ONLY,10.5283,10.5283,11.1436,0.6153,0.6153,5.5216,5.5216,1,1,15.47,1.13,cautious,16.90,front,LIDAR_ONLY
0,728.3869,cam_8,CAM_ONLY,18.1701,,10.7765,7.3935,,68.6078,,0,,18.42,1.73,warning,-9.10,,CAMERA_ONLY
0,728.4549,cam_8,CAM_ONLY,18.1884,,10.7765,7.4119,,68.7778,,0,,18.38,0.92,warning,-9.06,,CAMERA_ONLY
0,728.5235,t3940,BOTH,18.1305,11.0874,10.7765,7.3540,0.3109,68.2404,2.8849,0,1,17.59,1.45,warning,-9.10,,FULL_ANGLE
0,728.5235,t3927,LIDAR_ONLY,20.8072,20.8072,,,,,,,,17.59,1.45,drive,26.53,front,LIDAR_ONLY
0,728.5235,t3940,LIDAR_ONLY,11.0888,11.0888,10.7765,0.3122,0.3122,2.8971,2.8971,1,1,17.59,1.45,cautious,-5.83,front,LIDAR_ONLY
0,728.5235,t3942,LIDAR_ONLY,10.7961,10.7961,8.8092,1.9869,1.9869,22.5548,22.5548,0,0,17.59,1.45,cautious,10.35,front,LIDAR_ONLY
0,728.5960,cam_8,CAM_ONLY,18.1308,,10.7765,7.3542,,68.2429,,0,,22.96,1.27,warning,-9.10,,CAMERA_ONLY
0,728.6923,t3940,BOTH,18.1527,11.0914,23.5704,5.4177,12.4790,22.9853,52.9435,0,0,18.18,2.27,warning,-9.10,,FULL_ANGLE
0,728.6923,t3927,LIDAR_ONLY,21.1948,21.1948,11.1436,10.0512,10.0512,90.1971,90.1971,0,0,18.18,2.27,drive,24.13,front,LIDAR_ONLY
0,728.6923,t3927,LIDAR_ONLY,21.2775,21.2775,11.1436,10.1339,10.1339,90.9394,90.9394,0,0,18.18,2.27,drive,28.22,front,LIDAR_ONLY
0,728.6923,t3940,LIDAR_ONLY,11.0996,11.0996,23.5704,12.4708,12.4708,52.9087,52.9087,0,0,18.18,2.27,cautious,-12.65,front,LIDAR_ONLY
0,728.6923,t3927,LIDAR_ONLY,20.1940,20.1940,11.1436,9.0504,9.0504,81.2166,81.2166,0,0,18.18,2.27,drive,24.13,front,LIDAR_ONLY
0,728.7609,cam_8,CAM_ONLY,18.1754,,10.7765,7.3989,,68.6574,,0,,14.68,1.05,warning,-9.10,,CAMERA_ONLY
0,728.8259,cam_8,CAM_ONLY,18.1674,,10.7765,7.3909,,68.5829,,0,,16.86,1.59,warning,-9.06,,CAMERA_ONLY
0,728.8259,t3927,LIDAR_ONLY,20.9070,20.9070,11.1436,9.7634,9.7634,87.6146,87.6146,0,0,16.86,1.59,drive,16.42,front,LIDAR_ONLY
0,728.8259,t3927,LIDAR_ONLY,21.0026,21.0026,11.1436,9.8590,9.8590,88.4722,88.4722,0,0,16.86,1.59,drive,16.42,front,LIDAR_ONLY
0,728.8259,t3927,LIDAR_ONLY,19.2154,19.2154,11.1436,8.0718,8.0718,72.4346,72.4346,0,0,16.86,1.59,drive,20.61,front,LIDAR_ONLY
0,728.8902,cam_8,CAM_ONLY,18.1564,,10.7765,7.3799,,68.4810,,0,,13.53,1.59,warning,-9.06,,CAMERA_ONLY
0,728.9679,t3967,BOTH,18.1536,11.1323,23.5709,5.4174,12.4386,22.9832,52.7711,0,0,16.74,1.04,warning,-9.06,,FULL_ANGLE
0,728.9679,t3927,LIDAR_ONLY,19.3732,19.3732,,,,,,,,16.74,1.04,drive,24.69,front,LIDAR_ONLY
0,728.9679,t3967,LIDAR_ONLY,11.1944,11.1944,23.5709,12.3766,12.3766,52.5077,52.5077,0,0,16.74,1.04,cautious,-11.58,front,LIDAR_ONLY
0,728.9679,t3927,LIDAR_ONLY,19.9356,19.9356,,,,,,,,16.74,1.04,drive,28.72,front,LIDAR_ONLY
0,728.9679,t3969,LIDAR_ONLY,9.6846,9.6846,8.8092,0.8753,0.8753,9.9365,9.9365,1,1,16.74,1.04,cautious,8.57,front,LIDAR_ONLY
0,729.0219,t3967,BOTH,18.1963,11.1338,10.7765,7.4198,0.3572,68.8511,3.3149,0,1,13.60,0.98,warning,-9.10,,FULL_ANGLE
0,729.0219,t3927,LIDAR_ONLY,19.6129,19.6129,,,,,,,,13.60,0.98,drive,22.28,front,LIDAR_ONLY
0,729.0219,t3927,LIDAR_ONLY,20.0775,20.0775,,,,,,,,13.60,0.98,drive,26.35,front,LIDAR_ONLY
0,729.0219,t3967,LIDAR_ONLY,11.1084,11.1084,10.7765,0.3319,0.3319,3.0795,3.0795,1,1,13.60,0.98,cautious,-6.19,front,LIDAR_ONLY
0,729.0219,t3969,LIDAR_ONLY,9.4999,9.4999,8.8092,0.6907,0.6907,7.8401,7.8401,1,1,13.60,0.98,slow,10.08,front,LIDAR_ONLY
0,729.0831,cam_8,CAM_ONLY,18.1527,,10.7765,7.3761,,68.4462,,0,,12.18,1.46,warning,-9.10,,CAMERA_ONLY
0,729.1399,cam_8,CAM_ONLY,18.1746,,10.7765,7.3980,,68.6491,,0,,16.29,1.62,warning,-9.10,,CAMERA_ONLY
0,729.2113,cam_8,CAM_ONLY,18.1823,,10.7765,7.4058,,68.7211,,0,,16.64,1.08,warning,-9.06,,CAMERA_ONLY
0,729.2750,t3977,BOTH,18.1458,11.1297,10.7765,7.3693,0.3532,68.3825,3.2774,0,1,18.99,1.40,warning,-9.06,,FULL_ANGLE
0,729.2750,t3978,LIDAR_ONLY,38.4580,38.4580,8.8092,29.6488,29.6488,336.5654,336.5654,0,0,18.99,1.40,drive,14.93,front,LIDAR_ONLY
0,729.2750,t3978,LIDAR_ONLY,23.8974,23.8974,8.8092,15.0882,15.0882,171.2768,171.2768,0,0,18.99,1.40,drive,10.82,front,LIDAR_ONLY
0,729.3361,cam_8,CAM_ONLY,18.1416,,10.7765,7.3651,,68.3434,,0,,13.32,1.60,warning,-9.06,,CAMERA_ONLY
0,729.3950,cam_8,CAM_ONLY,18.1832,,10.7765,7.4067,,68.7296,,0,,9.70,0.97,warning,-9.06,,CAMERA_ONLY
0,729.4532,cam_8,CAM_ONLY,18.1460,,10.7765,7.3695,,68.3846,,0,,14.28,1.02,warning,-9.06,,CAMERA_ONLY
0,729.5199,t3984,BOTH,18.1681,11.1471,10.7765,7.3915,0.3706,68.5888,3.4387,0,1,15.38,1.22,warning,-9.06,,FULL_ANGLE
0,729.5199,t3985,LIDAR_ONLY,22.3001,22.3001,11.1436,11.1565,11.1565,100.1159,100.1159,0,0,15.38,1.22,drive,26.40,front,LIDAR_ONLY
0,729.5199,t3984,LIDAR_ONLY,11.0870,11.0870,10.7765,0.3105,0.3105,2.8809,2.8809,1,1,15.38,1.22,cautious,-6.41,front,LIDAR_ONLY
0,729.5199,t3985,LIDAR_ONLY,17.2661,17.2661,11.1436,6.1225,6.1225,54.9422,54.9422,0,0,15.38,1.22,drive,22.30,front,LIDAR_ONLY
0,729.5827,cam_8,CAM_ONLY,18.1806,,10.7765,7.4040,,68.7051,,0,,19.31,4.39,warning,-9.06,,CAMERA_ONLY
0,729.6514,cam_8,CAM_ONLY,18.1500,,10.7765,7.3735,,68.4213,,0,,15.06,1.25,warning,-9.10,,CAMERA_ONLY
0,729.7198,t3984,BOTH,18.1681,11.0979,10.7765,7.3916,0.3214,68.5896,2.9821,0,1,21.06,1.85,warning,-9.10,,FULL_ANGLE
0,729.7198,t3985,LIDAR_ONLY,17.5937,17.5937,,,,,,,,21.06,1.85,drive,29.64,front,LIDAR_ONLY
0,729.7198,t3984,LIDAR_ONLY,11.0963,11.0963,10.7765,0.3198,0.3198,2.9671,2.9671,1,1,21.06,1.85,cautious,-7.02,front,LIDAR_ONLY
0,729.7198,t3993,LIDAR_ONLY,9.3252,9.3252,8.8092,0.5159,0.5159,5.8569,5.8569,1,1,21.06,1.85,slow,9.27,front,LIDAR_ONLY
0,729.7948,cam_8,CAM_ONLY,18.1734,,10.7765,7.3969,,68.6386,,0,,17.27,1.52,warning,-9.06,,CAMERA_ONLY
0,729.8520,cam_8,CAM_ONLY,18.1383,,10.7765,7.3618,,68.3131,,0,,11.35,1.04,warning,-9.10,,CAMERA_ONLY
0,729.9102,cam_8,CAM_ONLY,18.1438,,10.7765,7.3672,,68.3636,,0,,10.66,1.12,warning,-9.06,,CAMERA_ONLY
0,729.9790,t4001,BOTH,18.1429,11.0946,10.7765,7.3664,0.3180,68.3554,2.9509,0,1,15.92,1.32,warning,-9.06,,FULL_ANGLE
0,729.9790,t4000,LIDAR_ONLY,21.9572,21.9572,11.1436,10.8136,10.8136,97.0383,97.0383,0,0,15.92,1.32,drive,26.84,front,LIDAR_ONLY
0,729.9790,t4001,LIDAR_ONLY,11.0924,11.0924,10.7765,0.3158,0.3158,2.9307,2.9307,1,1,15.92,1.32,cautious,-5.31,front,LIDAR_ONLY
0,729.9790,t4000,LIDAR_ONLY,17.8036,17.8036,11.1436,6.6600,6.6600,59.7655,59.7655,0,0,15.92,1.32,drive,22.82,front,LIDAR_ONLY
0,730.0352,cam_8,CAM_ONLY,18.1220,,10.7765,7.3455,,68.1617,,0,,10.02,1.14,warning,-9.10,,CAMERA_ONLY
0,730.0996,cam_8,CAM_ONLY,18.1385,,10.7765,7.3620,,68.3148,,0,,18.34,0.99,warning,-9.06,,CAMERA_ONLY
0,730.1670,t4001,BOTH,18.1558,11.0784,10.7765,7.3793,0.3018,68.4751,2.8008,0,1,15.61,1.02,warning,-9.06,,FULL_ANGLE
0,730.2355,cam_8,CAM_ONLY,18.1461,,10.7765,7.3696,,68.3854,,0,,19.23,1.89,warning,-9.06,,CAMERA_ONLY
0,730.3034,cam_8,CAM_ONLY,18.1220,,10.7765,7.3455,,68.1617,,0,,21.26,0.96,warning,-9.10,,CAMERA_ONLY
0,730.3704,t4001,BOTH,18.1451,11.0773,10.7765,7.3685,0.3007,68.3756,2.7904,0,1,18.75,1.03,warning,-9.06,,FULL_ANGLE
0,730.3704,t4015,LIDAR_ONLY,21.7022,21.7022,,,,,,,,18.75,1.03,drive,27.18,front,LIDAR_ONLY
0,730.3704,t4016,LIDAR_ONLY,9.3604,9.3604,8.8092,0.5511,0.5511,6.2563,6.2563,1,1,18.75,1.03,slow,10.39,front,LIDAR_ONLY
0,730.4319,cam_8,CAM_ONLY,18.1389,,10.7765,7.3623,,68.3178,,0,,10.54,1.41,warning,-9.06,,CAMERA_ONLY
0,730.4908,cam_8,CAM_ONLY,18.1320,,10.7765,7.3554,,68.2542,,0,,13.08,1.45,warning,-9.06,,CAMERA_ONLY
0,730.5581,cam_8,CAM_ONLY,18.1269,,10.7765,7.3503,,68.2069,,0,,12.47,1.18,warning,-9.10,,CAMERA_ONLY
0,730.6183,t4022,BOTH,18.1437,11.0825,10.7765,7.3671,0.3059,68.3624,2.8388,0,1,14.41,0.96,warning,-9.06,,FULL_ANGLE
0,730.6183,t4023,LIDAR_ONLY,9.5229,9.5229,8.8092,0.7136,0.7136,8.1011,8.1011,1,1,14.41,0.96,slow,10.76,front,LIDAR_ONLY
0,730.6794,cam_8,CAM_ONLY,18.1317,,10.7765,7.3552,,68.2516,,0,,9.74,1.51,warning,-9.06,,CAMERA_ONLY
0,730.6794,t4027,LIDAR_ONLY,19.9500,19.9500,11.1436,8.8064,8.8064,79.0266,79.0266,0,0,9.74,1.51,drive,29.78,front,LIDAR_ONLY
0,730.6794,t4027,LIDAR_ONLY,20.3363,20.3363,11.1436,9.1927,9.1927,82.4935,82.4935,0,0,9.74,1.51,drive,25.69,front,LIDAR_ONLY
0,730.6794,t4023,LIDAR_ONLY,9.4618,9.4618,8.8092,0.6526,0.6526,7.4080,7.4080,1,1,9.74,1.51,slow,9.33,front,LIDAR_ONLY
0,730.7481,cam_8,CAM_ONLY,18.1492,,10.7765,7.3726,,68.4134,,0,,16.24,2.02,warning,-9.10,,CAMERA_ONLY
0,730.8159,t4022,BOTH,18.1719,11.0984,10.7765,7.3953,0.3219,68.6243,2.9870,0,1,13.70,2.34,warning,-9.14,,FULL_ANGLE
0,730.8159,t4022,LIDAR_ONLY,11.0935,11.0935,10.7765,0.3169,0.3169,2.9407,2.9407,1,1,13.70,2.34,cautious,-11.32,front,LIDAR_ONLY
0,730.8945,cam_8,CAM_ONLY,18.1775,,10.7765,7.4010,,68.6766,,0,,20.01,2.39,warning,-9.06,,CAMERA_ONLY
0,730.9514,cam_8,CAM_ONLY,18.1340,,10.7765,7.3575,,68.2732,,0,,10.85,1.00,warning,-9.10,,CAMERA_ONLY
0,731.0173,t4022,BOTH,18.1545,11.0962,10.7765,7.3780,0.3197,68.4635,2.9663,0,1,20.18,0.97,warning,-9.10,,FULL_ANGLE
0,731.0173,t4022,LIDAR_ONLY,11.0952,11.0952,10.7765,0.3186,0.3186,2.9565,2.9565,1,1,20.18,0.97,cautious,-7.00,front,LIDAR_ONLY
0,731.1031,cam_8,CAM_ONLY,18.1368,,10.7765,7.3602,,68.2984,,0,,15.33,1.16,warning,-9.06,,CAMERA_ONLY
0,731.1689,t4022,BOTH,18.1527,11.0982,10.7765,7.3761,0.3217,68.4461,2.9848,0,1,18.33,0.93,warning,-9.06,,FULL_ANGLE
0,731.1689,t4039,LIDAR_ONLY,21.0639,21.0639,,,,,,,,18.33,0.93,drive,28.07,front,LIDAR_ONLY
0,731.2358,cam_8,CAM_ONLY,18.1300,,10.7765,7.3534,,68.2354,,0,,15.35,1.66,warning,-9.06,,CAMERA_ONLY
0,731.2952,cam_8,CAM_ONLY,18.1316,,10.7765,7.3550,,68.2504,,0,,12.14,1.72,warning,-9.06,,CAMERA_ONLY
0,731.3656,t4022,BOTH,18.1644,11.1011,23.5765,5.4121,12.4754,22.9556,52.9145,0,0,19.86,1.39,warning,-9.06,,FULL_ANGLE
0,731.3656,t4022,LIDAR_ONLY,11.0999,11.0999,23.5765,12.4767,12.4767,52.9198,52.9198,0,0,19.86,1.39,cautious,-12.60,front,LIDAR_ONLY
0,731.4321,cam_8,CAM_ONLY,18.1589,,10.7765,7.3823,,68.5036,,0,,10.81,1.44,warning,-9.10,,CAMERA_ONLY
0,731.4945,cam_8,CAM_ONLY,18.1435,,10.7765,7.3669,,68.3609,,0,,14.92,1.16,warning,-9.10,,CAMERA_ONLY
0,731.5592,cam_8,CAM_ONLY,18.1609,,10.7765,7.3843,,68.5223,,0,,16.61,1.09,warning,-9.10,,CAMERA_ONLY
0,731.6296,cam_8,CAM_ONLY,18.1801,,10.7765,7.4036,,68.7009,,0,,11.97,1.60,warning,-9.10,,CAMERA_ONLY
0,731.6888,cam_8,CAM_ONLY,18.1329,,10.7765,7.3564,,68.2628,,0,,12.38,1.46,warning,-9.10,,CAMERA_ONLY
0,731.7580,cam_8,CAM_ONLY,18.1761,,10.7765,7.3995,,68.6630,,0,,17.84,1.28,warning,-9.10,,CAMERA_ONLY
0,731.8221,t4060,BOTH,18.1700,11.0817,10.7765,7.3934,0.3051,68.6066,2.8313,0,1,19.09,1.10,warning,-9.10,,FULL_ANGLE
0,731.8221,t4058,LIDAR_ONLY,36.6037,36.6037,11.1436,25.4601,25.4601,228.4725,228.4725,0,0,19.09,1.10,drive,15.71,front,LIDAR_ONLY
0,731.8221,t4059,LIDAR_ONLY,21.1099,21.1099,,,,,,,,19.09,1.10,drive,28.00,front,LIDAR_ONLY
0,731.8221,t4060,LIDAR_ONLY,11.2519,11.2519,10.7765,0.4753,0.4753,4.4107,4.4107,1,1,19.09,1.10,cautious,-4.78,front,LIDAR_ONLY
0,731.8867,cam_8,CAM_ONLY,18.1297,,10.7765,7.3531,,68.2326,,0,,17.21,1.66,warning,-9.10,,CAMERA_ONLY
0,731.9554,cam_8,CAM_ONLY,18.1618,,10.7765,7.3853,,68.5312,,0,,16.82,1.19,warning,-9.10,,CAMERA_ONLY
0,732.0230,t4060,BOTH,18.1487,11.3003,10.7765,7.3721,0.5238,68.4088,4.8602,0,1,17.98,1.28,warning,-9.06,,FULL_ANGLE
0,732.0230,t4059,LIDAR_ONLY,21.8653,21.8653,11.1436,10.7217,10.7217,96.2137,96.2137,0,0,17.98,1.28,drive,22.84,front,LIDAR_ONLY
0,732.0230,t4058,LIDAR_ONLY,33.7922,33.7922,8.8092,24.9830,24.9830,283.6006,283.6006,0,0,17.98,1.28,drive,18.66,front,LIDAR_ONLY
0,732.0230,t4058,LIDAR_ONLY,25.5958,25.5958,8.8092,16.7866,16.7866,190.5570,190.5570,0,0,17.98,1.28,drive,10.30,front,LIDAR_ONLY
0,732.0911,cam_8,CAM_ONLY,18.1326,,10.7765,7.3560,,68.2593,,0,,13.73,1.25,warning,-9.06,,CAMERA_ONLY
0,732.1565,cam_8,CAM_ONLY,18.1411,,10.7765,7.3646,,68.3389,,0,,17.63,1.05,warning,-9.10,,CAMERA_ONLY
0,732.2295,cam_8,CAM_ONLY,18.1507,,10.7765,7.3741,,68.4273,,0,,16.96,1.55,warning,-9.06,,CAMERA_ONLY
0,732.2877,cam_8,CAM_ONLY,18.1664,,10.7765,7.3899,,68.5737,,0,,11.11,0.95,warning,-9.06,,CAMERA_ONLY
0,732.3417,cam_8,CAM_ONLY,18.1208,,10.7765,7.3443,,68.1507,,0,,12.17,1.37,warning,-9.10,,CAMERA_ONLY
0,732.4119,cam_8,CAM_ONLY,18.1593,,10.7765,7.3828,,68.5079,,0,,18.14,1.15,warning,-9.06,,CAMERA_ONLY
0,732.4820,cam_8,CAM_ONLY,18.1596,,10.7765,7.3830,,68.5102,,0,,16.30,1.65,warning,-9.10,,CAMERA_ONLY
0,732.5540,cam_8,CAM_ONLY,18.1382,,10.7765,7.3616,,68.3116,,0,,22.41,1.23,warning,-9.06,,CAMERA_ONLY
0,732.6178,t4089,BOTH,18.1482,11.1196,10.7765,7.3717,0.3430,68.4048,3.1831,0,1,18.04,1.07,warning,-9.06,,FULL_ANGLE
0,732.6178,t4087,LIDAR_ONLY,22.2175,22.2175,11.1436,11.0739,11.0739,99.3748,99.3748,0,0,18.04,1.07,drive,26.50,front,LIDAR_ONLY
0,732.6178,t4087,LIDAR_ONLY,22.7734,22.7734,11.1436,11.6298,11.6298,104.3630,104.3630,0,0,18.04,1.07,drive,22.47,front,LIDAR_ONLY
0,732.6178,t4089,LIDAR_ONLY,11.0879,11.0879,10.7765,0.3114,0.3114,2.8894,2.8894,1,1,18.04,1.07,cautious,-5.75,front,LIDAR_ONLY
0,732.6178,t4090,LIDAR_ONLY,9.2613,9.2613,8.8092,0.4520,0.4520,5.1315,5.1315,1,1,18.04,1.07,slow,10.38,front,LIDAR_ONLY
0,732.6178,t4087,LIDAR_ONLY,20.1332,20.1332,11.1436,8.9896,8.9896,80.6701,80.6701,0,0,18.04,1.07,drive,22.47,front,LIDAR_ONLY
0,732.6789,cam_8,CAM_ONLY,18.1789,,10.7765,7.4024,,68.6895,,0,,10.38,1.64,warning,-9.06,,CAMERA_ONLY
0,732.7491,cam_8,CAM_ONLY,18.1792,,10.7765,7.4027,,68.6925,,0,,15.66,1.81,warning,-9.06,,CAMERA_ONLY
0,732.8273,t4089,BOTH,18.1437,11.0898,10.7765,7.3671,0.3133,68.3627,2.9068,0,1,19.04,1.54,warning,-9.10,,FULL_ANGLE
0,732.8273,t4087,LIDAR_ONLY,20.5923,20.5923,,,,,,,,19.04,1.54,drive,22.19,front,LIDAR_ONLY
0,732.8273,t4087,LIDAR_ONLY,20.9676,20.9676,,,,,,,,19.04,1.54,drive,26.27,front,LIDAR_ONLY
0,732.8273,t4090,LIDAR_ONLY,12.1608,12.1608,8.8092,3.3515,3.3515,38.0457,38.0457,0,0,19.04,1.54,slow,18.12,front,LIDAR_ONLY
0,732.8273,t4090,LIDAR_ONLY,13.6617,13.6617,8.8092,4.8525,4.8525,55.0838,55.0838,0,0,19.04,1.54,slow,18.12,front,LIDAR_ONLY
0,732.8273,t4090,LIDAR_ONLY,14.0283,14.0283,8.8092,5.2191,5.2191,59.2460,59.2460,0,0,19.04,1.54,cautious,9.97,front,LIDAR_ONLY
0,732.9050,cam_8,CAM_ONLY,18.1331,,10.7765,7.3565,,68.2642,,0,,16.85,1.58,warning,-9.06,,CAMERA_ONLY
0,732.9702,t4089,BOTH,18.1495,11.0908,10.7765,7.3729,0.3143,68.4165,2.9162,0,1,13.67,0.82,warning,-9.14,,FULL_ANGLE
0,732.9702,t4087,LIDAR_ONLY,21.1127,21.1127,,,,,,,,13.67,0.82,drive,28.60,front,LIDAR_ONLY
0,733.0405,cam_8,CAM_ONLY,18.1833,,10.7765,7.4068,,68.7304,,0,,17.26,1.50,warning,-9.10,,CAMERA_ONLY
0,733.1057,cam_8,CAM_ONLY,18.1342,,10.7765,7.3577,,68.2748,,0,,15.66,0.94,warning,-9.10,,CAMERA_ONLY
0,733.1746,cam_8,CAM_ONLY,18.1427,,10.7765,7.3662,,68.3536,,0,,13.57,2.07,warning,-9.06,,CAMERA_ONLY
0,733.1746,t4087,LIDAR_ONLY,21.1952,21.1952,,,,,,,,13.57,2.07,drive,22.83,front,LIDAR_ONLY
0,733.1746,t4087,LIDAR_ONLY,21.7367,21.7367,,,,,,,,13.57,2.07,drive,26.88,front,LIDAR_ONLY
0,733.2355,cam_8,CAM_ONLY,18.1331,,10.7765,7.3566,,68.2647,,0,,11.09,1.14,warning,-9.06,,CAMERA_ONLY
0,733.2909,cam_8,CAM_ONLY,18.1162,,10.7765,7.3397,,68.1080,,0,,10.21,0.91,warning,-9.06,,CAMERA_ONLY
0,733.3487,cam_8,CAM_ONLY,18.1312,,10.7765,7.3547,,68.2468,,0,,14.41,1.09,warning,-9.06,,CAMERA_ONLY
0,733.4250,cam_8,CAM_ONLY,18.1844,,10.7765,7.4078,,68.7402,,0,,24.91,2.51,warning,-9.10,,CAMERA_ONLY
0,733.4920,cam_8,CAM_ONLY,18.1189,,10.7765,7.3423,,68.1325,,0,,18.47,1.26,warning,-9.10,,CAMERA_ONLY
0,733.5610,cam_8,CAM_ONLY,18.1641,,10.7765,7.3875,,68.5516,,0,,15.64,1.11,warning,-9.10,,CAMERA_ONLY
0,733.6264,cam_8,CAM_ONLY,18.1778,,10.7765,7.4013,,68.6795,,0,,15.93,1.76,warning,-9.14,,CAMERA_ONLY
0,733.6264,t4116,LIDAR_ONLY,19.8497,19.8497,11.1436,8.7061,8.7061,78.1266,78.1266,0,0,15.93,1.76,drive,29.94,front,LIDAR_ONLY
0,733.6264,t4118,LIDAR_ONLY,9.4801,9.4801,8.8092,0.6708,0.6708,7.6152,7.6152,1,1,15.93,1.76,slow,9.77,front,LIDAR_ONLY
0,733.6264,t4116,LIDAR_ONLY,15.9989,15.9989,11.1436,4.8553,4.8553,43.5705,43.5705,0,0,15.93,1.76,drive,21.87,front,LIDAR_ONLY
0,733.6937,cam_8,CAM_ONLY,18.2044,,10.7765,7.4279,,68.9262,,0,,15.84,0.95,warning,-9.10,,CAMERA_ONLY
0,733.7623,cam_8,CAM_ONLY,18.1750,,10.7765,7.3985,,68.6534,,0,,16.83,0.99,warning,-9.14,,CAMERA_ONLY
0,733.8359,cam_8,CAM_ONLY,18.1460,,10.7765,7.3694,,68.3840,,0,,19.27,1.91,warning,-9.10,,CAMERA_ONLY
0,733.9006,cam_8,CAM_ONLY,18.1705,,10.7765,7.3940,,68.6117,,0,,15.59,1.15,warning,-9.14,,CAMERA_ONLY
0,733.9656,t4125,BOTH,18.1692,11.1065,10.7765,7.3927,0.3299,68.5997,3.0615,0,1,16.69,0.86,warning,-9.14,,FULL_ANGLE
0,733.9656,t4125,LIDAR_ONLY,11.1160,11.1160,10.7765,0.3395,0.3395,3.1504,3.1504,1,1,16.69,0.86,cautious,-5.49,front,LIDAR_ONLY
0,734.0354,cam_8,CAM_ONLY,18.1325,,10.7765,7.3560,,68.2590,,0,,17.83,1.72,warning,-9.10,,CAMERA_ONLY
0,734.0940,cam_8,CAM_ONLY,18.1591,,10.7765,7.3826,,68.5059,,0,,12.83,0.99,warning,-9.14,,CAMERA_ONLY
0,734.1619,cam_8,CAM_ONLY,18.1706,,10.7765,7.3940,,68.6122,,0,,15.66,1.22,warning,-9.06,,CAMERA_ONLY
0,734.2279,cam_8,CAM_ONLY,18.1191,,10.7765,7.3425,,68.1345,,0,,17.76,1.53,warning,-9.10,,CAMERA_ONLY
0,734.2279,t4132,LIDAR_ONLY,25.2691,25.2691,11.1436,14.1255,14.1255,126.7586,126.7586,0,0,17.76,1.53,drive,23.11,front,LIDAR_ONLY
0,734.2923,cam_8,CAM_ONLY,18.1424,,10.7765,7.3658,,68.3506,,0,,13.78,0.92,warning,-9.10,,CAMERA_ONLY
0,734.3475,cam_8,CAM_ONLY,18.1879,,10.7765,7.4113,,68.7726,,0,,9.86,1.09,warning,-9.10,,CAMERA_ONLY
0,734.4096,cam_8,CAM_ONLY,18.1357,,10.7765,7.3592,,68.2888,,0,,16.60,1.10,warning,-9.06,,CAMERA_ONLY
0,734.4816,cam_8,CAM_ONLY,18.1384,,10.7765,7.3618,,68.3135,,0,,17.46,1.80,warning,-9.10,,CAMERA_ONLY
0,734.5450,cam_8,CAM_ONLY,18.1867,,10.7765,7.4101,,68.7615,,0,,17.66,0.96,warning,-9.06,,CAMERA_ONLY
0,734.6117,cam_8,CAM_ONLY,18.1686,,10.7765,7.3920,,68.5935,,0,,13.36,1.03,warning,-9.14,,CAMERA_ONLY
0,734.6837,cam_8,CAM_ONLY,18.1411,,10.7765,7.3646,,68.3391,,0,,22.04,2.01,warning,-9.10,,CAMERA_ONLY
0,734.6837,t4146,LIDAR_ONLY,23.2118,23.2118,11.1436,12.0682,12.0682,108.2968,108.2968,0,0,22.04,2.01,drive,25.29,front,LIDAR_ONLY
0,734.6837,t4146,LIDAR_ONLY,22.0580,22.0580,11.1436,10.9144,10.9144,97.9434,97.9434,0,0,22.04,2.01,drive,29.42,front,LIDAR_ONLY
0,734.6837,t4146,LIDAR_ONLY,19.3530,19.3530,11.1436,8.2094,8.2094,73.6694,73.6694,0,0,22.04,2.01,drive,21.16,front,LIDAR_ONLY
0,734.6837,t4146,LIDAR_ONLY,17.8957,17.8957,11.1436,6.7521,6.7521,60.5916,60.5916,0,0,22.04,2.01,drive,25.29,front,LIDAR_ONLY
0,734.7499,cam_8,CAM_ONLY,18.1755,,10.7765,7.3989,,68.6576,,0,,18.64,0.99,warning,-9.06,,CAMERA_ONLY
0,734.8176,t4149,BOTH,18.1883,11.1003,10.7765,7.4117,0.3238,68.7763,3.0044,0,1,14.85,0.96,warning,-9.06,,FULL_ANGLE
0,734.8176,t4146,LIDAR_ONLY,18.1405,18.1405,,,,,,,,14.85,0.96,drive,28.15,front,LIDAR_ONLY
0,734.8176,t4149,LIDAR_ONLY,11.1384,11.1384,10.7765,0.3619,0.3619,3.3582,3.3582,1,1,14.85,0.96,cautious,-5.36,front,LIDAR_ONLY
0,734.8710,t4149,BOTH,18.1349,11.0949,23.5838,5.4489,12.4889,23.1043,52.9554,0,0,12.51,1.25,warning,-9.10,,FULL_ANGLE
0,734.8710,t4146,LIDAR_ONLY,18.2417,18.2417,8.8092,9.4325,9.4325,107.0753,107.0753,0,0,12.51,1.25,drive,25.21,front,LIDAR_ONLY
0,734.8710,t4146,LIDAR_ONLY,18.9801,18.9801,8.8092,10.1709,10.1709,115.4573,115.4573,0,0,12.51,1.25,drive,17.07,front,LIDAR_ONLY
0,734.8710,t4150,LIDAR_ONLY,20.2594,20.2594,11.1436,9.1158,9.1158,81.8028,81.8028,0,0,12.51,1.25,drive,29.28,front,LIDAR_ONLY
0,734.8710,t4149,LIDAR_ONLY,11.1067,11.1067,23.5838,12.4771,12.4771,52.9055,52.9055,0,0,12.51,1.25,cautious,-11.41,front,LIDAR_ONLY
0,734.8710,t4146,LIDAR_ONLY,19.3491,19.3491,8.8092,10.5398,10.5398,119.6455,119.6455,0,0,12.51,1.25,drive,8.93,front,LIDAR_ONLY
0,734.8710,t4150,LIDAR_ONLY,16.3894,16.3894,11.1436,5.2459,5.2459,47.0750,47.0750,0,0,12.51,1.25,drive,25.21,front,LIDAR_ONLY
0,734.9446,cam_8,CAM_ONLY,18.1500,,10.7765,7.3735,,68.4216,,0,,16.34,1.01,warning,-9.14,,CAMERA_ONLY
0,735.0062,cam_8,CAM_ONLY,18.1554,,10.7765,7.3789,,68.4715,,0,,17.83,1.07,warning,-9.10,,CAMERA_ONLY
0,735.0682,t4149,BOTH,18.1424,11.0871,23.5842,5.4418,12.4971,23.0739,52.9894,0,0,14.21,1.03,warning,-9.10,,FULL_ANGLE
0,735.0682,t4149,LIDAR_ONLY,11.0898,11.0898,23.5842,12.4944,12.4944,52.9777,52.9777,0,0,14.21,1.03,cautious,-11.37,front,LIDAR_ONLY
0,735.1358,cam_8,CAM_ONLY,18.1548,,10.7765,7.3783,,68.4662,,0,,17.20,1.71,warning,-9.10,,CAMERA_ONLY
0,735.2058,cam_8,CAM_ONLY,18.1808,,10.7765,7.4042,,68.7070,,0,,18.61,1.16,warning,-9.06,,CAMERA_ONLY
0,735.2648,cam_8,CAM_ONLY,18.1187,,10.7765,7.3421,,68.1308,,0,,10.24,1.01,warning,-9.06,,CAMERA_ONLY
0,735.3330,cam_8,CAM_ONLY,18.1244,,10.7765,7.3479,,68.1839,,0,,18.98,1.71,warning,-9.10,,CAMERA_ONLY
0,735.3944,cam_8,CAM_ONLY,18.1357,,10.7765,7.3591,,68.2883,,0,,13.91,1.66,warning,-9.06,,CAMERA_ONLY
0,735.4562,cam_8,CAM_ONLY,18.1210,,10.7765,7.3444,,68.1520,,0,,11.07,0.97,warning,-9.10,,CAMERA_ONLY
0,735.5254,t4165,BOTH,18.1385,11.1336,10.7765,7.3619,0.3571,68.3142,3.3136,0,1,21.14,1.22,warning,-9.10,,FULL_ANGLE
0,735.5254,t4166,LIDAR_ONLY,22.1056,22.1056,,,,,,,,21.14,1.22,drive,26.65,front,LIDAR_ONLY
0,735.5254,t4165,LIDAR_ONLY,11.0915,11.0915,10.7765,0.3150,0.3150,2.9230,2.9230,1,1,21.14,1.22,cautious,-6.07,front,LIDAR_ONLY
0,735.5254,t4167,LIDAR_ONLY,9.4184,9.4184,8.8092,0.6092,0.6092,6.9155,6.9155,1,1,21.14,1.22,slow,10.29,front,LIDAR_ONLY
0,735.5893,cam_8,CAM_ONLY,18.1756,,10.7765,7.3990,,68.6584,,0,,12.14,1.46,warning,-9.10,,CAMERA_ONLY
0,735.6616,cam_8,CAM_ONLY,18.1978,,10.7765,7.4212,,68.8644,,0,,13.01,1.20,warning,-9.06,,CAMERA_ONLY
0,735.7235,t4165,BOTH,18.1470,11.0895,10.7765,7.3704,0.3129,68.3934,2.9036,0,1,10.74,1.11,warning,-9.10,,FULL_ANGLE
0,735.7235,t4170,LIDAR_ONLY,28.2333,28.2333,,,,,,,,10.74,1.11,drive,-24.81,front,LIDAR_ONLY
0,735.7235,t4166,LIDAR_ONLY,21.7422,21.7422,,,,,,,,10.74,1.11,drive,27.62,front,LIDAR_ONLY
0,735.7873,cam_8,CAM_ONLY,18.1640,,10.7765,7.3874,,68.5509,,0,,14.37,1.94,warning,-9.10,,CAMERA_ONLY
0,735.8411,cam_8,CAM_ONLY,18.1633,,10.7765,7.3867,,68.5443,,0,,9.74,1.78,warning,-9.10,,CAMERA_ONLY
0,735.9084,cam_8,CAM_ONLY,18.1327,,10.7765,7.3562,,68.2611,,0,,16.12,0.98,warning,-9.10,,CAMERA_ONLY
0,735.9781,t4181,BOTH,18.1658,11.0616,10.7765,7.3892,0.2851,68.5675,2.6453,0,1,18.10,1.97,warning,-9.10,,FULL_ANGLE
0,735.9781,t4182,LIDAR_ONLY,22.6522,22.6522,,,,,,,,18.10,1.97,drive,25.96,front,LIDAR_ONLY
0,735.9781,t4183,LIDAR_ONLY,9.3174,9.3174,11.1436,1.8262,1.8262,16.3877,16.3877,0,0,18.10,1.97,slow,9.79,front,LIDAR_ONLY
0,735.9781,t4183,LIDAR_ONLY,9.8095,9.8095,11.1436,1.3341,1.3341,11.9723,11.9723,0,0,18.10,1.97,slow,17.88,front,LIDAR_ONLY
0,736.0469,cam_8,CAM_ONLY,18.1330,,10.7765,7.3564,,68.2634,,0,,15.30,1.33,warning,-9.06,,CAMERA_ONLY
0,736.1071,t4181,BOTH,18.1103,11.0890,23.5863,5.4760,12.4973,23.2168,52.9854,0,0,10.22,0.99,warning,-9.06,,FULL_ANGLE
0,736.1071,t4184,LIDAR_ONLY,28.1881,28.1881,,,,,,,,10.22,0.99,drive,-24.71,front,LIDAR_ONLY
0,736.1071,t4181,LIDAR_ONLY,11.0795,11.0795,23.5863,12.5068,12.5068,53.0258,53.0258,0,0,10.22,0.99,cautious,-12.29,front,LIDAR_ONLY
0,736.1728,t4181,BOTH,18.1221,11.0945,10.7765,7.3455,0.3180,68.1621,2.9505,0,1,17.17,1.14,warning,-9.06,,FULL_ANGLE
0,736.1728,t4182,LIDAR_ONLY,21.9927,21.9927,,,,,,,,17.17,1.14,drive,27.45,front,LIDAR_ONLY
0,736.1728,t4181,LIDAR_ONLY,11.1030,11.1030,10.7765,0.3264,0.3264,3.0291,3.0291,1,1,17.17,1.14,cautious,-5.25,front,LIDAR_ONLY
0,736.1728,t4183,LIDAR_ONLY,10.3091,10.3091,11.1436,0.8345,0.8345,7.4887,7.4887,1,1,17.17,1.14,slow,19.28,front,LIDAR_ONLY
0,736.2429,cam_8,CAM_ONLY,18.1366,,10.7765,7.3600,,68.2965,,0,,19.84,1.18,warning,-9.06,,CAMERA_ONLY
0,736.3205,t4181,BOTH,18.1860,11.1159,10.7765,7.4094,0.3393,68.7553,3.1490,0,1,20.81,0.99,warning,-9.06,,FULL_ANGLE
0,736.3205,t4188,LIDAR_ONLY,48.6888,48.6888,8.8092,39.8795,39.8795,452.7019,452.7019,0,0,20.81,0.99,drive,5.58,front,LIDAR_ONLY
0,736.3205,t4182,LIDAR_ONLY,22.0607,22.0607,,,,,,,,20.81,0.99,drive,26.00,front,LIDAR_ONLY
0,736.3205,t4181,LIDAR_ONLY,11.1147,11.1147,10.7765,0.3382,0.3382,3.1380,3.1380,1,1,20.81,0.99,cautious,-6.67,front,LIDAR_ONLY
0,736.3205,t4188,LIDAR_ONLY,26.2601,26.2601,8.8092,17.4509,17.4509,198.0977,198.0977,0,0,20.81,0.99,drive,9.67,front,LIDAR_ONLY
0,736.3205,t4183,LIDAR_ONLY,10.7071,10.7071,11.1436,0.4365,0.4365,3.9172,3.9172,1,1,20.81,0.99,cautious,21.92,front,LIDAR_ONLY
0,736.3798,cam_8,CAM_ONLY,18.1344,,10.7765,7.3578,,68.2764,,0,,11.67,1.33,warning,-9.06,,CAMERA_ONLY
0,736.4409,cam_8,CAM_ONLY,18.1456,,10.7765,7.3691,,68.3806,,0,,13.27,1.48,warning,-9.06,,CAMERA_ONLY
0,736.5092,cam_8,CAM_ONLY,18.1412,,10.7765,7.3647,,68.3400,,0,,14.40,1.11,warning,-9.06,,CAMERA_ONLY
0,736.5905,cam_8,CAM_ONLY,18.1194,,10.7765,7.3429,,68.1377,,0,,21.27,4.36,warning,-9.10,,CAMERA_ONLY
0,736.6516,cam_8,CAM_ONLY,18.1503,,10.7765,7.3738,,68.4244,,0,,11.32,0.88,warning,-9.06,,CAMERA_ONLY
0,736.7215,t4198,BOTH,18.1462,11.1346,10.7765,7.3696,0.3581,68.3859,3.3225,0,1,15.45,0.95,warning,-9.06,,FULL_ANGLE
0,736.7215,t4198,LIDAR_ONLY,11.0780,11.0780,10.7765,0.3014,0.3014,2.7970,2.7970,1,1,15.45,0.95,cautious,-6.04,front,LIDAR_ONLY
0,736.7215,t4199,LIDAR_ONLY,31.8575,31.8575,8.8092,23.0483,23.0483,261.6381,261.6381,0,0,15.45,0.95,drive,18.14,front,LIDAR_ONLY
0,736.7215,t4199,LIDAR_ONLY,18.9538,18.9538,8.8092,10.1446,10.1446,115.1587,115.1587,0,0,15.45,0.95,drive,10.08,front,LIDAR_ONLY
0,736.7215,t4200,LIDAR_ONLY,12.2450,12.2450,11.1436,1.1014,1.1014,9.8834,9.8834,0,0,15.45,0.95,cautious,22.17,front,LIDAR_ONLY
0,736.7889,cam_8,CAM_ONLY,18.1576,,10.7765,7.3811,,68.4921,,0,,15.64,1.61,warning,-9.10,,CAMERA_ONLY
0,736.8570,cam_8,CAM_ONLY,18.1472,,10.7765,7.3706,,68.3952,,0,,19.27,1.23,warning,-9.10,,CAMERA_ONLY
0,736.9411,cam_8,CAM_ONLY,18.1382,,10.7765,7.3616,,68.3116,,0,,19.53,1.05,warning,-9.10,,CAMERA_ONLY
0,737.0043,cam_8,CAM_ONLY,18.1426,,10.7765,7.3661,,68.3529,,0,,21.74,2.61,warning,-9.06,,CAMERA_ONLY
0,737.0774,cam_8,CAM_ONLY,18.1552,,10.7765,7.3786,,68.4693,,0,,11.83,1.77,warning,-9.10,,CAMERA_ONLY
0,737.1383,cam_8,CAM_ONLY,18.1826,,10.7765,7.4061,,68.7241,,0,,12.24,1.56,warning,-9.10,,CAMERA_ONLY
0,737.1974,cam_8,CAM_ONLY,18.1281,,10.7765,7.3515,,68.2178,,0,,14.99,0.85,warning,-9.10,,CAMERA_ONLY
0,737.2646,cam_8,CAM_ONLY,18.1317,,10.7765,7.3552,,68.2515,,0,,14.62,0.98,warning,-9.06,,CAMERA_ONLY
0,737.3323,cam_8,CAM_ONLY,18.1450,,10.7765,7.3684,,68.3748,,0,,14.90,2.63,warning,-9.06,,CAMERA_ONLY
0,737.3323,t4216,LIDAR_ONLY,21.0212,21.0212,,,,,,,,14.90,2.63,drive,28.13,front,LIDAR_ONLY
0,737.3924,cam_8,CAM_ONLY,18.1809,,10.7765,7.4043,,68.7078,,0,,13.06,1.37,warning,-9.14,,CAMERA_ONLY
0,737.4578,cam_8,CAM_ONLY,18.1349,,10.7765,7.3583,,68.2808,,0,,15.28,0.97,warning,-9.10,,CAMERA_ONLY
0,737.5201,t4222,BOTH,18.1710,11.1016,10.7765,7.3944,0.3251,68.6159,3.0163,0,1,14.05,1.27,warning,-9.10,,FULL_ANGLE
0,737.5201,t4222,LIDAR_ONLY,11.1027,11.1027,10.7765,0.3261,0.3261,3.0265,3.0265,1,1,14.05,1.27,cautious,-6.46,front,LIDAR_ONLY
0,737.5201,t4223,LIDAR_ONLY,9.4733,9.4733,8.8092,0.6641,0.6641,7.5385,7.5385,1,1,14.05,1.27,slow,10.01,front,LIDAR_ONLY
0,737.5724,t4222,BOTH,18.1484,11.1019,10.7765,7.3718,0.3254,68.4064,3.0193,0,1,10.28,1.00,warning,-9.06,,FULL_ANGLE
0,737.5724,t4225,LIDAR_ONLY,25.5071,25.5071,,,,,,,,10.28,1.00,drive,22.89,front,LIDAR_ONLY
0,737.5724,t4225,LIDAR_ONLY,23.6673,23.6673,,,,,,,,10.28,1.00,drive,26.97,front,LIDAR_ONLY
0,737.5724,t4222,LIDAR_ONLY,11.0987,11.0987,10.7765,0.3222,0.3222,2.9897,2.9897,1,1,10.28,1.00,cautious,-5.71,front,LIDAR_ONLY
0,737.5724,t4223,LIDAR_ONLY,9.4785,9.4785,8.8092,0.6693,0.6693,7.5975,7.5975,1,1,10.28,1.00,slow,10.63,front,LIDAR_ONLY
0,737.6361,cam_8,CAM_ONLY,18.1492,,10.7765,7.3727,,68.4139,,0,,15.12,1.63,warning,-9.06,,CAMERA_ONLY
0,737.7045,cam_8,CAM_ONLY,18.1864,,10.7765,7.4099,,68.7594,,0,,17.33,1.16,warning,-9.10,,CAMERA_ONLY
0,737.7735,t4222,BOTH,18.1584,11.0892,23.5899,5.4315,12.5007,23.0246,52.9917,0,0,17.37,1.29,warning,-9.10,,FULL_ANGLE
0,737.7735,t4225,LIDAR_ONLY,23.9671,23.9671,11.1436,12.8235,12.8235,115.0747,115.0747,0,0,17.37,1.29,drive,21.25,front,LIDAR_ONLY
0,737.7735,t4225,LIDAR_ONLY,24.7476,24.7476,11.1436,13.6040,13.6040,122.0793,122.0793,0,0,17.37,1.29,drive,17.11,front,LIDAR_ONLY
0,737.7735,t4233,LIDAR_ONLY,20.0910,20.0910,,,,,,,,17.37,1.29,drive,29.55,front,LIDAR_ONLY
0,737.7735,t4222,LIDAR_ONLY,11.0937,11.0937,23.5899,12.4962,12.4962,52.9727,52.9727,0,0,17.37,1.29,cautious,-11.92,front,LIDAR_ONLY
0,737.7735,t4223,LIDAR_ONLY,9.4804,9.4804,8.8092,0.6712,0.6712,7.6191,7.6191,1,1,17.37,1.29,slow,8.81,front,LIDAR_ONLY
0,737.8355,cam_8,CAM_ONLY,18.1420,,10.7765,7.3654,,68.3467,,0,,13.66,1.58,warning,-9.10,,CAMERA_ONLY
0,737.8998,cam_8,CAM_ONLY,18.1691,,10.7765,7.3925,,68.5980,,0,,20.05,2.28,warning,-9.10,,CAMERA_ONLY
0,737.9659,cam_8,CAM_ONLY,18.1533,,10.7765,7.3767,,68.4514,,0,,17.02,1.19,warning,-9.14,,CAMERA_ONLY
0,738.0367,cam_8,CAM_ONLY,18.1478,,10.7765,7.3712,,68.4006,,0,,21.62,1.46,warning,-9.10,,CAMERA_ONLY
0,738.1036,cam_8,CAM_ONLY,18.1519,,10.7765,7.3754,,68.4392,,0,,12.70,1.49,warning,-9.10,,CAMERA_ONLY
0,738.1673,t4243,BOTH,18.1497,11.1038,10.7765,7.3732,0.3273,68.4187,3.0367,0,1,14.06,1.17,warning,-9.06,,FULL_ANGLE
0,738.1673,t4241,LIDAR_ONLY,21.4968,21.4968,,,,,,,,14.06,1.17,drive,27.46,front,LIDAR_ONLY
0,738.1673,t4244,LIDAR_ONLY,9.4170,9.4170,8.8092,0.6078,0.6078,6.8991,6.8991,1,1,14.06,1.17,slow,10.86,front,LIDAR_ONLY
0,738.2234,cam_8,CAM_ONLY,18.1340,,10.7765,7.3574,,68.2728,,0,,14.47,1.81,warning,-9.06,,CAMERA_ONLY
0,738.2234,t4244,LIDAR_ONLY,12.3426,12.3426,11.1436,1.1990,1.1990,10.7598,10.7598,0,0,14.47,1.81,slow,17.92,front,LIDAR_ONLY
0,738.2234,t4244,LIDAR_ONLY,13.8516,13.8516,11.1436,2.7080,2.7080,24.3007,24.3007,0,0,14.47,1.81,slow,17.92,front,LIDAR_ONLY
0,738.2234,t4244,LIDAR_ONLY,14.5486,14.5486,11.1436,3.4050,3.4050,30.5556,30.5556,0,0,14.47,1.81,cautious,22.01,front,LIDAR_ONLY
0,738.2985,cam_8,CAM_ONLY,18.1323,,10.7765,7.3558,,68.2573,,0,,19.63,1.42,warning,-9.10,,CAMERA_ONLY
0,738.3587,cam_8,CAM_ONLY,18.1586,,10.7765,7.3820,,68.5006,,0,,16.42,1.01,warning,-9.10,,CAMERA_ONLY
0,738.4299,cam_8,CAM_ONLY,18.1524,,10.7765,7.3759,,68.4436,,0,,16.13,1.57,warning,-9.14,,CAMERA_ONLY
0,738.4994,cam_8,CAM_ONLY,18.1287,,10.7765,7.3521,,68.2236,,0,,19.40,1.20,warning,-9.10,,CAMERA_ONLY
0,738.5657,cam_8,CAM_ONLY,18.1335,,10.7765,7.3569,,68.2681,,0,,14.11,1.00,warning,-9.06,,CAMERA_ONLY
0,738.6319,cam_8,CAM_ONLY,18.1441,,10.7765,7.3675,,68.3661,,0,,14.68,1.56,warning,-9.06,,CAMERA_ONLY
0,738.6319,t4254,LIDAR_ONLY,20.9003,20.9003,,,,,,,,14.68,1.56,drive,28.31,front,LIDAR_ONLY
0,738.6980,cam_8,CAM_ONLY,18.1649,,10.7765,7.3883,,68.5593,,0,,12.22,1.03,warning,-9.14,,CAMERA_ONLY
0,738.7685,t4259,BOTH,18.1507,11.0835,10.7765,7.3742,0.3070,68.4281,2.8487,0,1,15.23,1.09,warning,-9.10,,FULL_ANGLE
0,738.7685,t4257,LIDAR_ONLY,28.1860,28.1860,,,,,,,,15.23,1.09,drive,-24.65,front,LIDAR_ONLY
0,738.7685,t4254,LIDAR_ONLY,21.6300,21.6300,11.1436,10.4864,10.4864,94.1028,94.1028,0,0,15.23,1.09,drive,21.14,front,LIDAR_ONLY
0,738.7685,t4261,LIDAR_ONLY,9.5616,9.5616,8.8092,0.7523,0.7523,8.5403,8.5403,1,1,15.23,1.09,slow,8.65,front,LIDAR_ONLY
0,738.8480,cam_8,CAM_ONLY,18.1507,,10.7765,7.3742,,68.4281,,0,,18.71,0.93,warning,-9.06,,CAMERA_ONLY
0,738.9151,t4259,BOTH,18.1518,11.1469,10.7765,7.3753,0.3704,68.4380,3.4370,0,1,14.22,0.94,warning,-9.14,,FULL_ANGLE
0,738.9151,t4259,LIDAR_ONLY,11.1142,11.1142,10.7765,0.3377,0.3377,3.1333,3.1333,1,1,14.22,0.94,cautious,-13.18,front,LIDAR_ONLY
0,738.9151,t4259,LIDAR_ONLY,11.1387,11.1387,10.7765,0.3622,0.3622,3.3608,3.3608,1,1,14.22,0.94,cautious,-5.08,front,LIDAR_ONLY
0,738.9716,cam_8,CAM_ONLY,18.1285,,10.7765,7.3519,,68.2217,,0,,10.39,1.55,warning,-9.06,,CAMERA_ONLY
0,738.9716,t4254,LIDAR_ONLY,22.0238,22.0238,11.1436,10.8802,10.8802,97.6364,97.6364,0,0,10.39,1.55,drive,26.90,front,LIDAR_ONLY
0,738.9716,t4254,LIDAR_ONLY,20.6548,20.6548,11.1436,9.5112,9.5112,85.3509,85.3509,0,0,10.39,1.55,drive,22.72,front,LIDAR_ONLY
0,739.0389,cam_8,CAM_ONLY,18.1555,,10.7765,7.3790,,68.4725,,0,,19.06,1.46,warning,-9.06,,CAMERA_ONLY
0,739.1074,cam_8,CAM_ONLY,18.1744,,10.7765,7.3979,,68.6477,,0,,14.86,0.95,warning,-9.14,,CAMERA_ONLY
0,739.1785,t4273,BOTH,18.1675,11.1213,10.7765,7.3910,0.3447,68.5840,3.1988,0,1,20.15,2.79,warning,-9.10,,FULL_ANGLE
0,739.1785,t4254,LIDAR_ONLY,20.7663,20.7663,,,,,,,,20.15,2.79,drive,26.36,front,LIDAR_ONLY
0,739.1785,t4273,LIDAR_ONLY,11.0628,11.0628,10.7765,0.2863,0.2863,2.6563,2.6563,1,1,20.15,2.79,cautious,-5.99,front,LIDAR_ONLY
0,739.1785,t4275,LIDAR_ONLY,9.3409,9.3409,8.8092,0.5317,0.5317,6.0358,6.0358,1,1,20.15,2.79,slow,10.18,front,LIDAR_ONLY
0,739.2530,cam_8,CAM_ONLY,18.1416,,10.7765,7.3651,,68.3435,,0,,22.73,1.93,warning,-9.06,,CAMERA_ONLY
0,739.3123,cam_8,CAM_ONLY,18.1426,,10.7765,7.3661,,68.3530,,0,,14.80,1.18,warning,-9.10,,CAMERA_ONLY
0,739.3854,cam_8,CAM_ONLY,18.1693,,10.7765,7.3927,,68.6003,,0,,18.89,1.63,warning,-9.10,,CAMERA_ONLY
0,739.3854,t4254,LIDAR_ONLY,20.7554,20.7554,,,,,,,,18.89,1.63,drive,29.77,front,LIDAR_ONLY
0,739.4524,cam_8,CAM_ONLY,18.1796,,10.7765,7.4030,,68.6957,,0,,18.96,1.06,warning,-9.06,,CAMERA_ONLY
0,739.5220,t4281,BOTH,18.1454,11.0910,23.5935,5.4481,12.5026,23.0915,52.9915,0,0,20.15,1.10,warning,-9.10,,FULL_ANGLE
0,739.5220,t4254,LIDAR_ONLY,20.2929,20.2929,11.1436,9.1493,9.1493,82.1040,82.1040,0,0,20.15,1.10,drive,23.73,front,LIDAR_ONLY
0,739.5220,t4281,LIDAR_ONLY,11.1209,11.1209,23.5935,12.4726,12.4726,52.8645,52.8645,0,0,20.15,1.10,cautious,-13.24,front,LIDAR_ONLY
0,739.5896,cam_8,CAM_ONLY,18.1446,,10.7765,7.3681,,68.3714,,0,,18.05,1.43,warning,-9.06,,CAMERA_ONLY
0,739.6552,cam_8,CAM_ONLY,18.1754,,10.7765,7.3988,,68.6569,,0,,14.69,0.94,warning,-9.14,,CAMERA_ONLY
0,739.7284,cam_8,CAM_ONLY,18.1782,,10.7765,7.4017,,68.6832,,0,,22.36,2.21,warning,-9.10,,CAMERA_ONLY
0,739.7284,t4254,LIDAR_ONLY,20.1360,20.1360,,,,,,,,22.36,2.21,drive,28.50,front,LIDAR_ONLY
0,739.7877,cam_8,CAM_ONLY,18.1482,,10.7765,7.3716,,68.4042,,0,,15.88,1.69,warning,-9.10,,CAMERA_ONLY
0,739.8479,cam_8,CAM_ONLY,18.1584,,10.7765,7.3818,,68.4990,,0,,13.68,1.03,warning,-9.10,,CAMERA_ONLY
0,739.9033,cam_8,CAM_ONLY,18.1353,,10.7765,7.3588,,68.2850,,0,,10.80,1.11,warning,-9.06,,CAMERA_ONLY
0,739.9748,t4290,BOTH,18.1366,11.1100,10.7765,7.3601,0.3335,68.2974,3.0945,0,1,17.61,1.29,warning,-9.10,,FULL_ANGLE
0,739.9748,t4289,LIDAR_ONLY,21.0796,21.0796,,,,,,,,17.61,1.29,drive,28.05,front,LIDAR_ONLY
0,739.9748,t4290,LIDAR_ONLY,11.1331,11.1331,10.7765,0.3566,0.3566,3.3087,3.3087,1,1,17.61,1.29,cautious,-13.02,front,LIDAR_ONLY
0,739.9748,t4290,LIDAR_ONLY,11.2287,11.2287,10.7765,0.4521,0.4521,4.1953,4.1953,1,1,17.61,1.29,cautious,-4.81,front,LIDAR_ONLY
0,740.0466,cam_8,CAM_ONLY,18.1570,,10.7765,7.3804,,68.4858,,0,,15.27,1.33,warning,-9.14,,CAMERA_ONLY
0,740.1087,cam_8,CAM_ONLY,18.1527,,10.7765,7.3761,,68.4462,,0,,10.89,1.09,warning,-9.06,,CAMERA_ONLY
0,740.1826,cam_8,CAM_ONLY,18.1441,,10.7765,7.3675,,68.3663,,0,,17.03,1.56,warning,-9.10,,CAMERA_ONLY
0,740.1826,t4289,LIDAR_ONLY,20.9833,20.9833,,,,,,,,17.03,1.56,drive,28.27,front,LIDAR_ONLY
0,740.2591,t4297,BOTH,18.1324,11.1304,23.5953,5.4629,12.4648,23.1525,52.8277,0,0,19.88,0.91,warning,-9.06,,FULL_ANGLE
0,740.2591,t4297,LIDAR_ONLY,11.2022,11.2022,23.5953,12.3931,12.3931,52.5237,52.5237,0,0,19.88,0.91,cautious,-11.94,front,LIDAR_ONLY
0,740.3227,t4297,BOTH,18.1535,11.0984,10.7765,7.3769,0.3219,68.4534,2.9869,0,1,21.14,2.21,warning,-9.06,,FULL_ANGLE
0,740.3227,t4289,LIDAR_ONLY,18.1896,18.1896,8.8092,9.3804,9.3804,106.4834,106.4834,0,0,21.14,2.21,drive,19.09,front,LIDAR_ONLY
0,740.3227,t4289,LIDAR_ONLY,15.9197,15.9197,8.8092,7.1105,7.1105,80.7164,80.7164,0,0,21.14,2.21,drive,10.70,front,LIDAR_ONLY
0,740.3823,cam_8,CAM_ONLY,18.1408,,10.7765,7.3643,,68.3363,,0,,10.60,1.44,warning,-9.06,,CAMERA_ONLY
0,740.4457,cam_8,CAM_ONLY,18.1369,,10.7765,7.3603,,68.2993,,0,,18.65,1.01,warning,-9.06,,CAMERA_ONLY
0,740.5130,t4297,BOTH,18.1596,11.1022,10.7765,7.3831,0.3256,68.5107,3.0218,0,1,17.11,1.39,warning,-9.10,,FULL_ANGLE
0,740.5790,cam_8,CAM_ONLY,18.1593,,10.7765,7.3827,,68.5071,,0,,14.57,1.53,warning,-9.10,,CAMERA_ONLY
0,740.6398,cam_8,CAM_ONLY,18.1569,,10.7765,7.3803,,68.4850,,0,,10.15,1.76,warning,-9.06,,CAMERA_ONLY
0,740.6958,cam_8,CAM_ONLY,18.1648,,10.7765,7.3882,,68.5585,,0,,10.13,1.14,warning,-9.14,,CAMERA_ONLY
0,740.7577,t4312,BOTH,18.1765,11.0993,10.7765,7.4000,0.3228,68.6675,2.9949,0,1,15.47,1.40,warning,-9.14,,FULL_ANGLE
0,740.7577,t4312,LIDAR_ONLY,11.1801,11.1801,10.7765,0.4035,0.4035,3.7445,3.7445,1,1,15.47,1.40,cautious,-11.24,front,LIDAR_ONLY
0,740.8286,cam_8,CAM_ONLY,18.1529,,10.7765,7.3763,,68.4480,,0,,12.73,1.13,warning,-9.10,,CAMERA_ONLY
0,740.8955,cam_8,CAM_ONLY,18.1319,,10.7765,7.3553,,68.2532,,0,,14.15,1.10,warning,-9.06,,CAMERA_ONLY
0,740.9668,t4312,BOTH,18.1481,11.1055,23.5966,5.4485,12.4911,23.0901,52.9360,0,0,17.89,1.12,warning,-9.10,,FULL_ANGLE
0,740.9668,t4312,LIDAR_ONLY,11.1047,11.1047,23.5966,12.4918,12.4918,52.9392,52.9392,0,0,17.89,1.12,cautious,-11.71,front,LIDAR_ONLY
0,741.0282,t4312,BOTH,18.1170,11.1015,23.5968,5.4798,12.4954,23.2228,52.9535,0,0,14.27,1.26,warning,-9.10,,FULL_ANGLE
0,741.0282,t4319,LIDAR_ONLY,19.9710,19.9710,,,,,,,,14.27,1.26,drive,29.74,front,LIDAR_ONLY
0,741.0282,t4312,LIDAR_ONLY,11.1111,11.1111,23.5968,12.4857,12.4857,52.9127,52.9127,0,0,14.27,1.26,cautious,-11.79,front,LIDAR_ONLY
0,741.0282,t4320,LIDAR_ONLY,13.5704,13.5704,8.8092,4.7612,4.7612,54.0478,54.0478,0,0,14.27,1.26,cautious,17.28,front,LIDAR_ONLY
0,741.0282,t4320,LIDAR_ONLY,11.4503,11.4503,8.8092,2.6411,2.6411,29.9808,29.9808,0,0,14.27,1.26,cautious,8.98,front,LIDAR_ONLY
0,741.0972,cam_8,CAM_ONLY,18.1231,,10.7765,7.3465,,68.1715,,0,,18.53,0.93,warning,-9.10,,CAMERA_ONLY
0,741.1684,t4312,BOTH,18.1461,11.0942,10.7765,7.3696,0.3177,68.3853,2.9477,0,1,18.98,0.97,warning,-9.10,,FULL_ANGLE
0,741.1684,t4312,LIDAR_ONLY,11.1036,11.1036,10.7765,0.3270,0.3270,3.0347,3.0347,1,1,18.98,0.97,cautious,-6.32,front,LIDAR_ONLY
0,741.1684,t4320,LIDAR_ONLY,10.7186,10.7186,8.8092,1.9094,1.9094,21.6749,21.6749,0,0,18.98,0.97,cautious,10.39,front,LIDAR_ONLY
0,741.2717,t4312,BOTH,18.1592,11.0984,10.7765,7.3827,0.3219,68.5066,2.9868,0,1,25.16,1.35,warning,-9.14,,FULL_ANGLE
0,741.2717,t4312,LIDAR_ONLY,11.0689,11.0689,10.7765,0.2924,0.2924,2.7129,2.7129,1,1,25.16,1.35,cautious,-5.68,front,LIDAR_ONLY
0,741.2717,t4320,LIDAR_ONLY,10.3908,10.3908,8.8092,1.5816,1.5816,17.9534,17.9534,0,0,25.16,1.35,cautious,10.91,front,LIDAR_ONLY
0,741.3360,cam_8,CAM_ONLY,18.1604,,10.7765,7.3838,,68.5177,,0,,11.11,1.38,warning,-9.14,,CAMERA_ONLY
0,741.3978,cam_8,CAM_ONLY,18.1459,,10.7765,7.3694,,68.3834,,0,,12.22,0.93,warning,-9.10,,CAMERA_ONLY
0,741.4728,t4312,BOTH,18.1585,11.0731,10.7765,7.3819,0.2966,68.5000,2.7523,0,1,19.86,1.27,warning,-9.14,,FULL_ANGLE
0,741.4728,t4320,LIDAR_ONLY,11.9863,11.9863,11.1436,0.8427,0.8427,7.5619,7.5619,1,1,19.86,1.27,cautious,15.53,front,LIDAR_ONLY
0,741.4728,t4312,LIDAR_ONLY,11.0804,11.0804,10.7765,0.3039,0.3039,2.8196,2.8196,1,1,19.86,1.27,cautious,-5.35,front,LIDAR_ONLY
0,741.4728,t4320,LIDAR_ONLY,13.0223,13.0223,11.1436,1.8787,1.8787,16.8588,16.8588,0,0,19.86,1.27,cautious,23.88,front,LIDAR_ONLY
0,741.5474,cam_8,CAM_ONLY,18.1908,,10.7765,7.4143,,68.8001,,0,,20.81,2.87,warning,-9.10,,CAMERA_ONLY
0,741.6119,cam_8,CAM_ONLY,18.1486,,10.7765,7.3720,,68.4081,,0,,17.73,1.56,warning,-9.10,,CAMERA_ONLY
0,741.6804,cam_8,CAM_ONLY,18.1453,,10.7765,7.3688,,68.3779,,0,,20.17,1.65,warning,-9.14,,CAMERA_ONLY
0,741.6804,t4320,LIDAR_ONLY,14.4088,14.4088,11.1436,3.2652,3.2652,29.3013,29.3013,0,0,20.17,1.65,cautious,28.52,front,LIDAR_ONLY
0,741.6804,t4320,LIDAR_ONLY,15.5739,15.5739,11.1436,4.4304,4.4304,39.7569,39.7569,0,0,20.17,1.65,cautious,24.36,front,LIDAR_ONLY
0,741.7410,cam_8,CAM_ONLY,18.1789,,10.7765,7.4024,,68.6898,,0,,11.49,1.00,warning,-9.14,,CAMERA_ONLY
0,741.8157,t4339,BOTH,18.1575,11.0868,10.7765,7.3810,0.3102,68.4911,2.8787,0,1,22.76,1.03,warning,-9.06,,FULL_ANGLE
0,741.8157,t4339,LIDAR_ONLY,11.0880,11.0880,10.7765,0.3115,0.3115,2.8903,2.8903,1,1,22.76,1.03,cautious,-5.84,front,LIDAR_ONLY
0,741.8157,t4340,LIDAR_ONLY,9.4481,9.4481,8.8092,0.6389,0.6389,7.2526,7.2526,1,1,22.76,1.03,slow,10.53,front,LIDAR_ONLY
0,741.8973,cam_8,CAM_ONLY,18.1647,,10.7765,7.3882,,68.5578,,0,,16.71,1.29,warning,-9.14,,CAMERA_ONLY
0,741.9606,t4339,BOTH,18.1350,11.0870,10.7765,7.3585,0.3104,68.2823,2.8805,0,1,11.62,0.95,warning,-9.10,,FULL_ANGLE
0,741.9606,t4343,LIDAR_ONLY,12.1938,12.1938,11.1436,1.0502,1.0502,9.4243,9.4243,0,0,11.62,0.95,cautious,20.63,front,LIDAR_ONLY
0,742.0214,cam_8,CAM_ONLY,18.1435,,10.7765,7.3670,,68.3614,,0,,14.13,1.55,warning,-9.14,,CAMERA_ONLY
0,742.0214,t4343,LIDAR_ONLY,14.1339,14.1339,,,,,,,,14.13,1.55,cautious,24.93,front,LIDAR_ONLY
0,742.0214,t4343,LIDAR_ONLY,15.6770,15.6770,,,,,,,,14.13,1.55,cautious,29.04,front,LIDAR_ONLY
0,742.0214,t4340,LIDAR_ONLY,13.1986,13.1986,8.8092,4.3894,4.3894,49.8274,49.8274,0,0,14.13,1.55,slow,16.70,front,LIDAR_ONLY
0,742.0214,t4340,LIDAR_ONLY,14.3467,14.3467,8.8092,5.5375,5.5375,62.8600,62.8600,0,0,14.13,1.55,slow,8.48,front,LIDAR_ONLY
0,742.0793,cam_8,CAM_ONLY,18.1351,,10.7765,7.3585,,68.2829,,0,,9.72,1.56,warning,-9.10,,CAMERA_ONLY
0,742.1423,cam_8,CAM_ONLY,18.1157,,10.7765,7.3392,,68.1031,,0,,18.21,1.25,warning,-9.10,,CAMERA_ONLY
0,742.2019,cam_8,CAM_ONLY,18.1421,,10.7765,7.3655,,68.3475,,0,,11.65,1.12,warning,-9.14,,CAMERA_ONLY
0,742.2692,t4355,BOTH,18.1571,11.0622,10.7765,7.3805,0.2857,68.4867,2.6509,0,1,18.16,0.87,warning,-9.10,,FULL_ANGLE
0,742.2692,t4354,LIDAR_ONLY,22.9764,22.9764,11.1436,11.8328,11.8328,106.1848,106.1848,0,0,18.16,0.87,drive,25.57,front,LIDAR_ONLY
0,742.2692,t4356,LIDAR_ONLY,9.3797,9.3797,8.8092,0.5705,0.5705,6.4756,6.4756,1,1,18.16,0.87,slow,9.39,front,LIDAR_ONLY
0,742.3506,cam_8,CAM_ONLY,18.1294,,10.7765,7.3528,,68.2297,,0,,15.76,1.64,warning,-9.10,,CAMERA_ONLY
0,742.4276,cam_8,CAM_ONLY,18.1310,,10.7765,7.3544,,68.2449,,0,,19.83,2.33,warning,-9.10,,CAMERA_ONLY
0,742.4276,t4354,LIDAR_ONLY,23.9582,23.9582,,,,,,,,19.83,2.33,drive,19.59,front,LIDAR_ONLY
0,742.4276,t4354,LIDAR_ONLY,24.1265,24.1265,,,,,,,,19.83,2.33,drive,27.96,front,LIDAR_ONLY
0,742.4851,cam_8,CAM_ONLY,18.1382,,10.7765,7.3616,,68.3115,,0,,14.92,1.77,warning,-9.10,,CAMERA_ONLY
0,742.5599,cam_8,CAM_ONLY,18.1365,,10.7765,7.3599,,68.2957,,0,,14.21,1.29,warning,-9.06,,CAMERA_ONLY
0,742.6265,cam_8,CAM_ONLY,18.1086,,10.7765,7.3321,,68.0374,,0,,17.56,1.41,warning,-9.10,,CAMERA_ONLY
0,742.6265,t4354,LIDAR_ONLY,23.6132,23.6132,,,,,,,,17.56,1.41,drive,28.24,front,LIDAR_ONLY
0,742.6846,cam_8,CAM_ONLY,18.1467,,10.7765,7.3702,,68.3908,,0,,10.29,1.07,warning,-9.10,,CAMERA_ONLY
0,742.7482,cam_8,CAM_ONLY,18.1682,,10.7765,7.3916,,68.5898,,0,,19.22,0.96,warning,-9.06,,CAMERA_ONLY
0,742.8375,cam_8,CAM_ONLY,18.1598,,10.7765,7.3832,,68.5121,,0,,22.35,1.09,warning,-9.06,,CAMERA_ONLY
0,742.8933,cam_8,CAM_ONLY,18.1458,,10.7765,7.3693,,68.3823,,0,,10.04,1.09,warning,-9.10,,CAMERA_ONLY
0,742.9495,cam_8,CAM_ONLY,18.1537,,10.7765,7.3772,,68.4560,,0,,9.90,1.19,warning,-9.10,,CAMERA_ONLY
0,743.0137,cam_8,CAM_ONLY,18.1793,,10.7765,7.4028,,68.6932,,0,,13.12,0.94,warning,-9.10,,CAMERA_ONLY
0,743.0907,cam_8,CAM_ONLY,18.1283,,10.7765,7.3518,,68.2201,,0,,17.15,1.55,warning,-9.10,,CAMERA_ONLY
0,743.1513,cam_8,CAM_ONLY,18.1319,,10.7765,7.3553,,68.2531,,0,,11.29,1.00,warning,-9.10,,CAMERA_ONLY
0,743.2164,t4380,BOTH,18.1566,11.0845,10.7765,7.3801,0.3080,68.4826,2.8578,0,1,14.02,1.39,warning,-9.14,,FULL_ANGLE
0,743.2164,t4380,LIDAR_ONLY,11.1115,11.1115,10.7765,0.3349,0.3349,3.1079,3.1079,1,1,14.02,1.39,cautious,-13.11,front,LIDAR_ONLY
0,743.2164,t4380,LIDAR_ONLY,11.1239,11.1239,10.7765,0.3474,0.3474,3.2234,3.2234,1,1,14.02,1.39,cautious,-5.07,front,LIDAR_ONLY
0,743.2698,t4380,BOTH,18.1126,11.1310,10.7765,7.3360,0.3545,68.0741,3.2893,0,1,10.65,0.95,warning,-9.06,,FULL_ANGLE
0,743.2698,t4380,LIDAR_ONLY,11.1262,11.1262,10.7765,0.3497,0.3497,3.2449,3.2449,1,1,10.65,0.95,cautious,-5.71,front,LIDAR_ONLY
0,743.3323,cam_8,CAM_ONLY,18.1361,,10.7765,7.3596,,68.2924,,0,,10.26,2.01,warning,-9.10,,CAMERA_ONLY
0,743.3924,cam_8,CAM_ONLY,18.1481,,10.7765,7.3715,,68.4032,,0,,10.36,0.94,warning,-9.06,,CAMERA_ONLY
0,743.4732,t4380,BOTH,18.1762,11.1328,10.7765,7.3997,0.3563,68.6645,3.3059,0,1,28.02,1.33,warning,-9.06,,FULL_ANGLE
0,743.4732,t4389,LIDAR_ONLY,20.2479,20.2479,11.1436,9.1043,9.1043,81.6996,81.6996,0,0,28.02,1.33,drive,29.30,front,LIDAR_ONLY
0,743.4732,t4389,LIDAR_ONLY,20.6974,20.6974,11.1436,9.5538,9.5538,85.7339,85.7339,0,0,28.02,1.33,drive,25.22,front,LIDAR_ONLY
0,743.4732,t4389,LIDAR_ONLY,18.5425,18.5425,11.1436,7.3989,7.3989,66.3959,66.3959,0,0,28.02,1.33,drive,21.15,front,LIDAR_ONLY
0,743.5314,cam_8,CAM_ONLY,18.1491,,10.7765,7.3725,,68.4129,,0,,10.02,1.39,warning,-9.10,,CAMERA_ONLY
0,743.5892,cam_8,CAM_ONLY,18.1711,,10.7765,7.3946,,68.6172,,0,,10.84,0.79,warning,-9.14,,CAMERA_ONLY
0,743.6521,cam_8,CAM_ONLY,18.2001,,10.7765,7.4236,,68.8865,,0,,12.89,1.12,warning,-9.06,,CAMERA_ONLY
0,743.7104,t4395,BOTH,18.1575,11.2111,10.7765,7.3809,0.4346,68.4905,4.0327,0,1,10.53,0.82,warning,-9.10,,FULL_ANGLE
0,743.7104,t4396,LIDAR_ONLY,9.8296,9.8296,8.8092,1.0204,1.0204,11.5832,11.5832,0,0,10.53,0.82,cautious,8.49,front,LIDAR_ONLY
0,743.7782,t4395,BOTH,18.1820,11.1626,10.7765,7.4055,0.3860,68.7183,3.5819,0,1,22.41,0.86,warning,-9.10,,FULL_ANGLE
0,743.7782,t4395,LIDAR_ONLY,11.1046,11.1046,10.7765,0.3280,0.3280,3.0438,3.0438,1,1,22.41,0.86,cautious,-5.66,front,LIDAR_ONLY
0,743.8480,cam_8,CAM_ONLY,18.1480,,10.7765,7.3715,,68.4028,,0,,18.34,1.14,warning,-9.06,,CAMERA_ONLY
0,743.9179,t4395,BOTH,18.1399,11.0958,23.6028,5.4629,12.5070,23.1451,52.9894,0,0,15.33,1.13,warning,-9.10,,FULL_ANGLE
0,743.9179,t4395,LIDAR_ONLY,11.0999,11.0999,23.6028,12.5029,12.5029,52.9722,52.9722,0,0,15.33,1.13,cautious,-12.35,front,LIDAR_ONLY
0,743.9179,t4396,LIDAR_ONLY,9.7821,9.7821,8.8092,0.9729,0.9729,11.0439,11.0439,1,1,15.33,1.13,cautious,8.49,front,LIDAR_ONLY
0,743.9799,cam_8,CAM_ONLY,18.1597,,10.7765,7.3831,,68.5108,,0,,13.40,1.73,warning,-9.10,,CAMERA_ONLY
0,744.0496,cam_8,CAM_ONLY,18.1459,,10.7765,7.3694,,68.3835,,0,,18.61,1.10,warning,-9.06,,CAMERA_ONLY
0,744.1047,cam_8,CAM_ONLY,18.1385,,10.7765,7.3620,,68.3148,,0,,11.03,0.98,warning,-9.10,,CAMERA_ONLY
0,744.1700,t4409,BOTH,18.1542,11.1057,23.6034,5.4492,12.4977,23.0865,52.9486,0,0,18.69,0.97,warning,-9.10,,FULL_ANGLE
0,744.1700,t4407,LIDAR_ONLY,28.1934,28.1934,,,,,,,,18.69,0.97,drive,-24.56,front,LIDAR_ONLY
0,744.1700,t4408,LIDAR_ONLY,20.2547,20.2547,11.1436,9.1111,9.1111,81.7609,81.7609,0,0,18.69,0.97,drive,29.29,front,LIDAR_ONLY
0,744.1700,t4409,LIDAR_ONLY,11.2008,11.2008,23.6034,12.4026,12.4026,52.5458,52.5458,0,0,18.69,0.97,cautious,-12.13,front,LIDAR_ONLY
0,744.1700,t4408,LIDAR_ONLY,16.1782,16.1782,11.1436,5.0346,5.0346,45.1794,45.1794,0,0,18.69,0.97,drive,21.00,front,LIDAR_ONLY
0,744.2372,cam_8,CAM_ONLY,18.1493,,10.7765,7.3727,,68.4145,,0,,18.01,1.46,warning,-9.06,,CAMERA_ONLY
0,744.3113,t4409,BOTH,18.1340,11.1144,10.7765,7.3574,0.3379,68.2727,3.1353,0,1,14.75,0.92,warning,-9.10,,FULL_ANGLE
0,744.3742,cam_8,CAM_ONLY,18.1302,,10.7765,7.3537,,68.2378,,0,,10.28,1.83,warning,-9.10,,CAMERA_ONLY
0,744.4345,cam_8,CAM_ONLY,18.1615,,10.7765,7.3850,,68.5280,,0,,13.66,1.57,warning,-9.10,,CAMERA_ONLY
0,744.4879,cam_8,CAM_ONLY,18.1346,,10.7765,7.3580,,68.2780,,0,,11.17,1.81,warning,-9.10,,CAMERA_ONLY
0,744.5500,cam_8,CAM_ONLY,18.1265,,10.7765,7.3499,,68.2031,,0,,13.59,0.84,warning,-9.10,,CAMERA_ONLY
0,744.6027,cam_8,CAM_ONLY,18.1576,,10.7765,7.3811,,68.4918,,0,,12.69,0.93,warning,-9.06,,CAMERA_ONLY
0,744.6730,t4423,BOTH,18.1287,11.0997,10.7765,7.3521,0.3232,68.2236,2.9990,0,1,14.14,1.55,warning,-9.10,,FULL_ANGLE
0,744.6730,t4421,LIDAR_ONLY,25.2769,25.2769,,,,,,,,14.14,1.55,drive,23.11,front,LIDAR_ONLY
0,744.6730,t4421,LIDAR_ONLY,23.4820,23.4820,,,,,,,,14.14,1.55,drive,27.16,front,LIDAR_ONLY
0,744.7418,cam_8,CAM_ONLY,18.1553,,10.7765,7.3788,,68.4705,,0,,16.69,1.71,warning,-9.14,,CAMERA_ONLY
0,744.8119,t4423,BOTH,18.1781,11.1154,23.6048,5.4266,12.4894,22.9896,52.9105,0,0,16.12,1.11,warning,-9.14,,FULL_ANGLE
0,744.8119,t4426,LIDAR_ONLY,28.1819,28.1819,,,,,,,,16.12,1.11,drive,-24.61,front,LIDAR_ONLY
0,744.8119,t4423,LIDAR_ONLY,11.1138,11.1138,23.6048,12.4910,12.4910,52.9171,52.9171,0,0,16.12,1.11,cautious,-12.18,front,LIDAR_ONLY
0,744.8685,t4423,BOTH,18.1407,11.1214,23.6049,5.4642,12.4834,23.1486,52.8851,0,0,12.75,1.36,warning,-9.14,,FULL_ANGLE
0,744.8685,t4423,LIDAR_ONLY,11.1211,11.1211,23.6049,12.4838,12.4838,52.8864,52.8864,0,0,12.75,1.36,cautious,-11.51,front,LIDAR_ONLY
0,744.8685,t4421,LIDAR_ONLY,22.0637,22.0637,,,,,,,,12.75,1.36,drive,29.73,front,LIDAR_ONLY
0,744.8685,t4432,LIDAR_ONLY,9.4471,9.4471,8.8092,0.6379,0.6379,7.2413,7.2413,1,1,12.75,1.36,slow,9.11,front,LIDAR_ONLY
0,744.9249,t4423,BOTH,18.1468,11.1100,23.6050,5.4582,12.4950,23.1232,52.9337,0,0,12.06,1.06,warning,-9.14,,FULL_ANGLE
0,744.9249,t4423,LIDAR_ONLY,11.1301,11.1301,23.6050,12.4749,12.4749,52.8486,52.8486,0,0,12.06,1.06,cautious,-12.29,front,LIDAR_ONLY
0,744.9249,t4421,LIDAR_ONLY,22.5413,22.5413,,,,,,,,12.06,1.06,drive,19.93,front,LIDAR_ONLY
0,744.9249,t4421,LIDAR_ONLY,22.7318,22.7318,,,,,,,,12.06,1.06,drive,27.98,front,LIDAR_ONLY
0,744.9866,cam_8,CAM_ONLY,18.1515,,10.7765,7.3750,,68.4356,,0,,9.74,2.04,warning,-9.14,,CAMERA_ONLY
0,744.9866,t4421,LIDAR_ONLY,22.3903,22.3903,,,,,,,,9.74,2.04,drive,28.06,front,LIDAR_ONLY
0,745.0573,t4423,BOTH,18.1346,11.1149,10.7765,7.3580,0.3383,68.2780,3.1393,0,1,21.15,0.89,warning,-9.10,,FULL_ANGLE
0,745.0573,t4423,LIDAR_ONLY,11.1005,11.1005,10.7765,0.3239,0.3239,3.0057,3.0057,1,1,21.15,0.89,cautious,-6.16,front,LIDAR_ONLY
0,745.1295,cam_8,CAM_ONLY,18.1390,,10.7765,7.3625,,68.3195,,0,,22.24,1.78,warning,-9.14,,CAMERA_ONLY
0,745.1295,t4421,LIDAR_ONLY,22.6452,22.6452,11.1436,11.5016,11.5016,103.2125,103.2125,0,0,22.24,1.78,drive,22.17,front,LIDAR_ONLY
0,745.1928,cam_8,CAM_ONLY,18.1475,,10.7765,7.3710,,68.3984,,0,,14.44,1.26,warning,-9.10,,CAMERA_ONLY
0,745.2515,cam_8,CAM_ONLY,18.1070,,10.7765,7.3304,,68.0219,,0,,11.57,1.14,warning,-9.10,,CAMERA_ONLY
0,745.3191,t4443,BOTH,18.1332,11.1326,23.6058,5.4726,12.4732,23.1835,52.8397,0,0,18.55,1.11,warning,-9.10,,FULL_ANGLE
0,745.3191,t4442,LIDAR_ONLY,28.1829,28.1829,,,,,,,,18.55,1.11,drive,-24.62,front,LIDAR_ONLY
0,745.3191,t4421,LIDAR_ONLY,22.8984,22.8984,11.1436,11.7548,11.7548,105.4846,105.4846,0,0,18.55,1.11,drive,29.51,front,LIDAR_ONLY
0,745.3191,t4443,LIDAR_ONLY,11.2082,11.2082,23.6058,12.3976,12.3976,52.5194,52.5194,0,0,18.55,1.11,cautious,-12.12,front,LIDAR_ONLY
0,745.3191,t4421,LIDAR_ONLY,22.3295,22.3295,11.1436,11.1859,11.1859,100.3794,100.3794,0,0,18.55,1.11,drive,25.35,front,LIDAR_ONLY
0,745.3191,t4445,LIDAR_ONLY,9.5573,9.5573,8.8092,0.7481,0.7481,8.4921,8.4921,1,1,18.55,1.11,slow,8.69,front,LIDAR_ONLY
0,745.3884,cam_8,CAM_ONLY,18.1519,,10.7765,7.3754,,68.4392,,0,,13.54,1.67,warning,-9.14,,CAMERA_ONLY
0,745.4544,cam_8,CAM_ONLY,18.1697,,10.7765,7.3931,,68.6038,,0,,18.38,1.13,warning,-9.10,,CAMERA_ONLY
0,745.5061,cam_8,CAM_ONLY,18.1492,,10.7765,7.3726,,68.4138,,0,,12.66,0.97,warning,-9.14,,CAMERA_ONLY
0,745.5870,cam_8,CAM_ONLY,18.1544,,10.7765,7.3779,,68.4624,,0,,20.97,1.89,warning,-9.14,,CAMERA_ONLY
0,745.5870,t4453,LIDAR_ONLY,25.5110,25.5110,,,,,,,,20.97,1.89,drive,22.88,front,LIDAR_ONLY
0,745.5870,t4453,LIDAR_ONLY,23.6548,23.6548,,,,,,,,20.97,1.89,drive,27.01,front,LIDAR_ONLY
0,745.5870,t4456,LIDAR_ONLY,9.2817,9.2817,8.8092,0.4725,0.4725,5.3636,5.3636,1,1,20.97,1.89,slow,10.50,front,LIDAR_ONLY
0,745.6526,cam_8,CAM_ONLY,18.1688,,10.7765,7.3922,,68.5955,,0,,10.35,0.99,warning,-9.14,,CAMERA_ONLY
0,745.7325,cam_8,CAM_ONLY,18.1501,,10.7765,7.3735,,68.4219,,0,,19.50,1.82,warning,-9.14,,CAMERA_ONLY
0,745.7325,t4453,LIDAR_ONLY,20.5679,20.5679,11.1436,9.4243,9.4243,84.5716,84.5716,0,0,19.50,1.82,drive,23.42,front,LIDAR_ONLY
0,745.7934,cam_8,CAM_ONLY,18.1522,,10.7765,7.3756,,68.4415,,0,,14.47,1.36,warning,-9.14,,CAMERA_ONLY
0,745.8589,cam_8,CAM_ONLY,18.1825,,10.7765,7.4059,,68.7228,,0,,19.91,1.23,warning,-9.14,,CAMERA_ONLY
0,745.9302,cam_8,CAM_ONLY,18.1119,,10.7765,7.3354,,68.0680,,0,,19.78,1.65,warning,-9.10,,CAMERA_ONLY
0,745.9302,t4453,LIDAR_ONLY,20.7857,20.7857,11.1436,9.6421,9.6421,86.5262,86.5262,0,0,19.78,1.65,drive,24.46,front,LIDAR_ONLY
0,745.9997,cam_8,CAM_ONLY,18.1389,,10.7765,7.3624,,68.3184,,0,,18.03,0.92,warning,-9.14,,CAMERA_ONLY
0,746.0690,t4464,BOTH,18.1590,11.0852,10.7765,7.3825,0.3087,68.5049,2.8644,0,1,20.13,0.80,warning,-9.14,,FULL_ANGLE
0,746.1368,cam_8,CAM_ONLY,18.1604,,10.7765,7.3838,,68.5176,,0,,16.30,2.07,warning,-9.06,,CAMERA_ONLY
0,746.2051,cam_8,CAM_ONLY,18.1242,,10.7765,7.3477,,68.1819,,0,,16.50,0.89,warning,-9.10,,CAMERA_ONLY
0,746.2639,t4464,BOTH,18.1334,11.1045,23.6079,5.4745,12.5034,23.1892,52.9627,0,0,10.18,1.13,warning,-9.10,,FULL_ANGLE
0,746.2639,t4468,LIDAR_ONLY,28.1855,28.1855,,,,,,,,10.18,1.13,drive,-24.55,front,LIDAR_ONLY
0,746.2639,t4469,LIDAR_ONLY,24.2822,24.2822,11.1436,13.1386,13.1386,117.9029,117.9029,0,0,10.18,1.13,drive,24.11,front,LIDAR_ONLY
0,746.2639,t4464,LIDAR_ONLY,11.1001,11.1001,23.6079,12.5077,12.5077,52.9812,52.9812,0,0,10.18,1.13,cautious,-12.39,front,LIDAR_ONLY
0,746.3329,cam_8,CAM_ONLY,18.1397,,10.7765,7.3632,,68.3258,,0,,18.71,1.86,warning,-9.06,,CAMERA_ONLY
0,746.3912,cam_8,CAM_ONLY,18.1722,,10.7765,7.3956,,68.6272,,0,,13.54,1.68,warning,-9.10,,CAMERA_ONLY
0,746.4501,cam_8,CAM_ONLY,18.1339,,10.7765,7.3574,,68.2723,,0,,10.87,1.02,warning,-9.10,,CAMERA_ONLY
0,746.5079,t4474,BOTH,18.1508,11.1532,10.7765,7.3742,0.3766,68.4285,3.4948,0,1,10.01,0.94,warning,-9.06,,FULL_ANGLE
0,746.5079,t4474,LIDAR_ONLY,11.1282,11.1282,10.7765,0.3516,0.3516,3.2631,3.2631,1,1,10.01,0.94,cautious,-5.71,front,LIDAR_ONLY
0,746.5807,cam_8,CAM_ONLY,18.1735,,10.7765,7.3970,,68.6397,,0,,18.13,1.75,warning,-9.10,,CAMERA_ONLY
0,746.6455,cam_8,CAM_ONLY,18.1565,,10.7765,7.3799,,68.4812,,0,,10.36,1.03,warning,-9.10,,CAMERA_ONLY
0,746.6990,cam_8,CAM_ONLY,18.1648,,10.7765,7.3883,,68.5590,,0,,9.91,1.28,warning,-9.14,,CAMERA_ONLY
0,746.7687,t4484,BOTH,18.1854,11.2645,10.7765,7.4088,0.4879,68.7494,4.5275,0,1,19.80,0.88,warning,-9.14,,FULL_ANGLE
0,746.8410,cam_8,CAM_ONLY,18.1341,,10.7765,7.3575,,68.2733,,0,,16.78,0.99,warning,-9.10,,CAMERA_ONLY
0,746.9068,cam_8,CAM_ONLY,18.1288,,10.7765,7.3522,,68.2241,,0,,16.73,1.21,warning,-9.10,,CAMERA_ONLY
0,746.9774,cam_8,CAM_ONLY,18.1365,,10.7765,7.3600,,68.2961,,0,,18.63,1.26,warning,-9.06,,CAMERA_ONLY
0,746.9774,t4490,LIDAR_ONLY,22.4630,22.4630,,,,,,,,18.63,1.26,drive,26.19,front,LIDAR_ONLY
0,747.0673,cam_8,CAM_ONLY,18.1683,,10.7765,7.3918,,68.5912,,0,,20.74,1.10,warning,-9.14,,CAMERA_ONLY
0,747.1363,cam_8,CAM_ONLY,18.1195,,10.7765,7.3429,,68.1380,,0,,20.26,1.03,warning,-9.06,,CAMERA_ONLY
0,747.2080,cam_8,CAM_ONLY,18.1419,,10.7765,7.3653,,68.3461,,0,,15.34,1.14,warning,-9.10,,CAMERA_ONLY
0,747.2764,t4501,BOTH,18.1628,11.0693,10.7765,7.3862,0.2927,68.5396,2.7163,0,1,17.61,1.43,warning,-9.14,,FULL_ANGLE
0,747.2764,t4499,LIDAR_ONLY,22.0658,22.0658,,,,,,,,17.61,1.43,drive,26.70,front,LIDAR_ONLY
0,747.3416,cam_8,CAM_ONLY,18.1650,,10.7765,7.3884,,68.5602,,0,,17.72,1.28,warning,-9.10,,CAMERA_ONLY
0,747.4053,cam_8,CAM_ONLY,18.1413,,10.7765,7.3647,,68.3402,,0,,11.92,0.97,warning,-9.06,,CAMERA_ONLY
0,747.4672,t4501,BOTH,18.1424,11.0759,10.7765,7.3658,0.2994,68.3507,2.7782,0,1,16.42,1.14,warning,-9.14,,FULL_ANGLE
0,747.4672,t4506,LIDAR_ONLY,48.7042,48.7042,8.8092,39.8950,39.8950,452.8771,452.8771,0,0,16.42,1.14,drive,5.69,front,LIDAR_ONLY
0,747.4672,t4501,LIDAR_ONLY,11.0696,11.0696,10.7765,0.2931,0.2931,2.7195,2.7195,1,1,16.42,1.14,cautious,-6.81,front,LIDAR_ONLY
0,747.5461,cam_8,CAM_ONLY,18.1587,,10.7765,7.3822,,68.5023,,0,,22.35,1.14,warning,-9.14,,CAMERA_ONLY
0,747.6186,t4501,BOTH,18.1917,11.0832,10.7765,7.4151,0.3066,68.8077,2.8451,0,1,17.47,2.21,warning,-9.10,,FULL_ANGLE
0,747.6186,t4508,LIDAR_ONLY,25.4035,25.4035,,,,,,,,17.47,2.21,drive,22.99,front,LIDAR_ONLY
0,747.6186,t4508,LIDAR_ONLY,23.5583,23.5583,,,,,,,,17.47,2.21,drive,27.12,front,LIDAR_ONLY
0,747.6186,t4501,LIDAR_ONLY,11.0864,11.0864,10.7765,0.3098,0.3098,2.8751,2.8751,1,1,17.47,2.21,cautious,-5.99,front,LIDAR_ONLY
0,747.6186,t4506,LIDAR_ONLY,28.9235,28.9235,8.8092,20.1143,20.1143,228.3324,228.3324,0,0,17.47,2.21,drive,10.57,front,LIDAR_ONLY
0,747.6898,cam_8,CAM_ONLY,18.1547,,10.7765,7.3781,,68.4644,,0,,20.49,3.39,warning,-9.10,,CAMERA_ONLY
0,747.7510,cam_8,CAM_ONLY,18.1535,,10.7765,7.3769,,68.4533,,0,,10.20,0.98,warning,-9.14,,CAMERA_ONLY
0,747.8127,t4501,BOTH,18.1622,11.0982,23.6110,5.4488,12.5128,23.0773,52.9955,0,0,14.23,0.94,warning,-9.10,,FULL_ANGLE
0,747.8127,t4501,LIDAR_ONLY,11.0928,11.0928,23.6110,12.5182,12.5182,53.0186,53.0186,0,0,14.23,0.94,cautious,-12.00,front,LIDAR_ONLY
0,747.8127,t4506,LIDAR_ONLY,22.5383,22.5383,8.8092,13.7291,13.7291,155.8490,155.8490,0,0,14.23,0.94,drive,8.10,front,LIDAR_ONLY
0,747.8736,t4501,BOTH,18.1205,11.1044,10.7765,7.3439,0.3279,68.1473,3.0426,0,1,15.22,2.75,warning,-9.10,,FULL_ANGLE
0,747.8736,t4516,LIDAR_ONLY,24.4395,24.4395,,,,,,,,15.22,2.75,drive,23.95,front,LIDAR_ONLY
0,747.8736,t4516,LIDAR_ONLY,22.7564,22.7564,,,,,,,,15.22,2.75,drive,28.01,front,LIDAR_ONLY
0,747.8736,t4501,LIDAR_ONLY,11.2692,11.2692,10.7765,0.4926,0.4926,4.5712,4.5712,1,1,15.22,2.75,cautious,-4.54,front,LIDAR_ONLY
0,747.9401,cam_8,CAM_ONLY,18.1205,,10.7765,7.3440,,68.1476,,0,,13.47,1.50,warning,-9.10,,CAMERA_ONLY
0,748.0083,cam_8,CAM_ONLY,18.1551,,10.7765,7.3785,,68.4685,,0,,18.57,1.21,warning,-9.14,,CAMERA_ONLY
0,748.0713,cam_8,CAM_ONLY,18.1602,,10.7765,7.3836,,68.5156,,0,,10.14,1.59,warning,-9.10,,CAMERA_ONLY
0,748.0713,t4516,LIDAR_ONLY,22.9583,22.9583,11.1436,11.8147,11.8147,106.0224,106.0224,0,0,10.14,1.59,drive,23.94,front,LIDAR_ONLY
0,748.0713,t4516,LIDAR_ONLY,22.8967,22.8967,11.1436,11.7531,11.7531,105.4700,105.4700,0,0,10.14,1.59,drive,27.96,front,LIDAR_ONLY
0,748.0713,t4516,LIDAR_ONLY,20.8940,20.8940,11.1436,9.7504,9.7504,87.4977,87.4977,0,0,10.14,1.59,drive,19.92,front,LIDAR_ONLY
0,748.1411,cam_8,CAM_ONLY,18.1378,,10.7765,7.3612,,68.3077,,0,,19.11,1.37,warning,-9.10,,CAMERA_ONLY
0,748.2078,cam_8,CAM_ONLY,18.1321,,10.7765,7.3556,,68.2554,,0,,14.52,1.11,warning,-9.10,,CAMERA_ONLY
0,748.2777,t4529,BOTH,18.1656,11.1082,23.6118,5.4462,12.5037,23.0655,52.9551,0,0,16.64,1.28,warning,-9.14,,FULL_ANGLE
0,748.2777,t4529,LIDAR_ONLY,11.2061,11.2061,23.6118,12.4058,12.4058,52.5404,52.5404,0,0,16.64,1.28,cautious,-12.25,front,LIDAR_ONLY
0,748.3543,cam_8,CAM_ONLY,18.1583,,10.7765,7.3817,,68.4979,,0,,16.32,1.09,warning,-9.14,,CAMERA_ONLY
0,748.4276,t4529,BOTH,18.1518,11.1144,10.7765,7.3753,0.3379,68.4380,3.1351,0,1,19.79,1.08,warning,-9.14,,FULL_ANGLE
0,748.4276,t4529,LIDAR_ONLY,11.1162,11.1162,10.7765,0.3397,0.3397,3.1521,3.1521,1,1,19.79,1.08,cautious,-11.23,front,LIDAR_ONLY
0,748.4276,t4533,LIDAR_ONLY,9.2667,9.2667,8.8092,0.4575,0.4575,5.1935,5.1935,1,1,19.79,1.08,slow,9.59,front,LIDAR_ONLY
0,748.4938,cam_8,CAM_ONLY,18.1388,,10.7765,7.3622,,68.3172,,0,,19.05,1.34,warning,-9.14,,CAMERA_ONLY
0,748.5647,cam_8,CAM_ONLY,18.1310,,10.7765,7.3544,,68.2449,,0,,16.83,1.07,warning,-9.10,,CAMERA_ONLY
0,748.6402,cam_8,CAM_ONLY,18.1477,,10.7765,7.3711,,68.3998,,0,,11.32,1.18,warning,-9.10,,CAMERA_ONLY
0,748.6959,cam_8,CAM_ONLY,18.1525,,10.7765,7.3760,,68.4446,,0,,11.05,1.06,warning,-9.10,,CAMERA_ONLY
0,748.7504,cam_8,CAM_ONLY,18.1402,,10.7765,7.3637,,68.3307,,0,,9.78,1.02,warning,-9.10,,CAMERA_ONLY
0,748.8239,t4546,BOTH,18.1635,11.1461,10.7765,7.3869,0.3695,68.5465,3.4288,0,1,18.74,1.40,warning,-9.14,,FULL_ANGLE
0,748.8239,t4544,LIDAR_ONLY,25.5513,25.5513,,,,,,,,18.74,1.40,drive,22.85,front,LIDAR_ONLY
0,748.8239,t4544,LIDAR_ONLY,23.9410,23.9410,,,,,,,,18.74,1.40,drive,27.01,front,LIDAR_ONLY
0,748.8239,t4546,LIDAR_ONLY,11.1031,11.1031,10.7765,0.3265,0.3265,3.0301,3.0301,1,1,18.74,1.40,cautious,-6.31,front,LIDAR_ONLY
0,748.8239,t4547,LIDAR_ONLY,9.3323,9.3323,8.8092,0.5231,0.5231,5.9377,5.9377,1,1,18.74,1.40,slow,10.35,front,LIDAR_ONLY
0,748.8841,cam_8,CAM_ONLY,18.1406,,10.7765,7.3640,,68.3337,,0,,17.98,1.79,warning,-9.14,,CAMERA_ONLY
0,748.9559,cam_8,CAM_ONLY,18.1395,,10.7765,7.3629,,68.3234,,0,,18.45,0.92,warning,-9.14,,CAMERA_ONLY
0,749.0149,cam_8,CAM_ONLY,18.1464,,10.7765,7.3698,,68.3874,,0,,11.01,1.11,warning,-9.14,,CAMERA_ONLY
0,749.0734,cam_8,CAM_ONLY,18.1542,,10.7765,7.3777,,68.4603,,0,,10.19,1.60,warning,-9.14,,CAMERA_ONLY
0,749.1401,cam_8,CAM_ONLY,18.1423,,10.7765,7.3658,,68.3502,,0,,18.71,1.70,warning,-9.14,,CAMERA_ONLY
0,749.2071,cam_8,CAM_ONLY,18.1496,,10.7765,7.3730,,68.4171,,0,,19.01,1.06,warning,-9.14,,CAMERA_ONLY
0,749.2743,cam_8,CAM_ONLY,18.1742,,10.7765,7.3977,,68.6462,,0,,15.29,1.23,warning,-9.10,,CAMERA_ONLY
0,749.2743,t4562,LIDAR_ONLY,12.4817,12.4817,11.1436,1.3381,1.3381,12.0077,12.0077,0,0,15.29,1.23,cautious,20.23,front,LIDAR_ONLY
0,749.3447,cam_8,CAM_ONLY,18.1559,,10.7765,7.3794,,68.4761,,0,,16.13,1.41,warning,-9.10,,CAMERA_ONLY
0,749.4120,cam_8,CAM_ONLY,18.1456,,10.7765,7.3690,,68.3802,,0,,18.34,1.20,warning,-9.14,,CAMERA_ONLY
0,749.4120,t4564,LIDAR_ONLY,28.2043,28.2043,,,,,,,,18.34,1.20,drive,-24.75,front,LIDAR_ONLY
0,749.4799,cam_8,CAM_ONLY,18.1390,,10.7765,7.3624,,68.3190,,0,,15.22,1.61,warning,-9.14,,CAMERA_ONLY
0,749.5504,cam_8,CAM_ONLY,18.1861,,10.7765,7.4096,,68.7565,,0,,20.73,1.02,warning,-9.10,,CAMERA_ONLY
0,749.6097,t4570,BOTH,18.1380,11.0995,10.7765,7.3615,0.3230,68.3101,2.9972,0,1,11.84,1.01,warning,-9.14,,FULL_ANGLE
0,749.6097,t4570,LIDAR_ONLY,11.1634,11.1634,10.7765,0.3868,0.3868,3.5894,3.5894,1,1,11.84,1.01,cautious,-11.26,front,LIDAR_ONLY
0,749.6097,t4571,LIDAR_ONLY,9.4612,9.4612,8.8092,0.6520,0.6520,7.4013,7.4013,1,1,11.84,1.01,slow,8.97,front,LIDAR_ONLY
0,749.6732,t4570,BOTH,18.1540,11.0938,10.7765,7.3774,0.3173,68.4579,2.9439,0,1,13.85,1.12,warning,-9.14,,FULL_ANGLE
0,749.6732,t4573,LIDAR_ONLY,28.2108,28.2108,,,,,,,,13.85,1.12,drive,-24.50,front,LIDAR_ONLY
0,749.6732,t4571,LIDAR_ONLY,12.3594,12.3594,11.1436,1.2158,1.2158,10.9105,10.9105,0,0,13.85,1.12,slow,16.30,front,LIDAR_ONLY
0,749.6732,t4571,LIDAR_ONLY,14.7606,14.7606,11.1436,3.6170,3.6170,32.4582,32.4582,0,0,13.85,1.12,slow,24.46,front,LIDAR_ONLY
0,749.6732,t4571,LIDAR_ONLY,16.4453,16.4453,11.1436,5.3017,5.3017,47.5761,47.5761,0,0,13.85,1.12,slow,28.54,front,LIDAR_ONLY
0,749.6732,t4571,LIDAR_ONLY,17.2028,17.2028,11.1436,6.0592,6.0592,54.3734,54.3734,0,0,13.85,1.12,drive,24.46,front,LIDAR_ONLY
0,749.7434,cam_8,CAM_ONLY,18.1653,,10.7765,7.3888,,68.5635,,0,,17.98,1.39,warning,-9.10,,CAMERA_ONLY
0,749.8038,cam_8,CAM_ONLY,18.1775,,10.7765,7.4010,,68.6769,,0,,11.55,1.07,warning,-9.14,,CAMERA_ONLY
0,749.8661,t4570,BOTH,18.1362,11.0991,10.7765,7.3596,0.3225,68.2931,2.9930,0,1,14.59,1.20,warning,-9.10,,FULL_ANGLE
0,749.8661,t4570,LIDAR_ONLY,11.0912,11.0912,10.7765,0.3147,0.3147,2.9198,2.9198,1,1,14.59,1.20,cautious,-6.44,front,LIDAR_ONLY
0,749.8661,t4579,LIDAR_ONLY,9.4313,9.4313,8.8092,0.6221,0.6221,7.0621,7.0621,1,1,14.59,1.20,slow,9.90,front,LIDAR_ONLY
0,749.8661,t4571,LIDAR_ONLY,18.3517,18.3517,11.1436,7.2081,7.2081,64.6838,64.6838,0,0,14.59,1.20,drive,18.07,front,LIDAR_ONLY
0,749.9263,cam_8,CAM_ONLY,18.1537,,10.7765,7.3771,,68.4554,,0,,16.73,1.36,warning,-9.10,,CAMERA_ONLY
0,749.9263,t4571,LIDAR_ONLY,18.5672,18.5672,11.1436,7.4237,7.4237,66.6181,66.6181,0,0,16.73,1.36,drive,24.72,front,LIDAR_ONLY
0,749.9263,t4579,LIDAR_ONLY,9.4713,9.4713,8.8092,0.6621,0.6621,7.5160,7.5160,1,1,16.73,1.36,slow,8.56,front,LIDAR_ONLY
0,749.9263,t4571,LIDAR_ONLY,16.9187,16.9187,11.1436,5.7751,5.7751,51.8240,51.8240,0,0,16.73,1.36,drive,24.72,front,LIDAR_ONLY
0,749.9940,cam_8,CAM_ONLY,18.1537,,10.7765,7.3772,,68.4556,,0,,15.37,0.82,warning,-9.10,,CAMERA_ONLY
0,750.0555,cam_8,CAM_ONLY,18.1318,,10.7765,7.3553,,68.2526,,0,,17.88,1.20,warning,-9.10,,CAMERA_ONLY
0,750.1184,t4587,BOTH,18.1508,11.1144,10.7765,7.3743,0.3378,68.4287,3.1348,0,1,13.85,1.11,warning,-9.10,,FULL_ANGLE
0,750.1184,t4579,LIDAR_ONLY,11.4116,11.4116,11.1436,0.2680,0.2680,2.4052,2.4052,1,1,13.85,1.11,slow,15.41,front,LIDAR_ONLY
0,750.1184,t4571,LIDAR_ONLY,15.3588,15.3588,11.1436,4.2152,4.2152,37.8262,37.8262,0,0,13.85,1.11,drive,23.60,front,LIDAR_ONLY
0,750.1760,cam_8,CAM_ONLY,18.1788,,10.7765,7.4022,,68.6881,,0,,10.44,1.70,warning,-9.06,,CAMERA_ONLY
0,750.2416,cam_8,CAM_ONLY,18.1267,,10.7765,7.3501,,68.2049,,0,,18.21,1.37,warning,-9.10,,CAMERA_ONLY
0,750.3035,cam_8,CAM_ONLY,18.1487,,10.7765,7.3722,,68.4094,,0,,20.82,1.09,warning,-9.14,,CAMERA_ONLY
0,750.3776,cam_8,CAM_ONLY,18.1539,,10.7765,7.3773,,68.4573,,0,,19.50,1.75,warning,-9.10,,CAMERA_ONLY
0,750.4424,cam_8,CAM_ONLY,18.1237,,10.7765,7.3471,,68.1769,,0,,23.71,3.13,warning,-9.10,,CAMERA_ONLY
0,750.5058,t4598,BOTH,18.1395,11.1833,10.7765,7.3630,0.4067,68.3239,3.7740,0,1,12.11,1.16,warning,-9.10,,FULL_ANGLE
0,750.5058,t4597,LIDAR_ONLY,28.2119,28.2119,,,,,,,,12.11,1.16,drive,-24.48,front,LIDAR_ONLY
0,750.5793,t4598,BOTH,18.1525,11.1256,23.6169,5.4644,12.4913,23.1378,52.8914,0,0,19.14,1.14,warning,-9.10,,FULL_ANGLE
0,750.5793,t4601,LIDAR_ONLY,23.7073,23.7073,,,,,,,,19.14,1.14,drive,24.73,front,LIDAR_ONLY
0,750.5793,t4601,LIDAR_ONLY,21.9080,21.9080,,,,,,,,19.14,1.14,drive,28.78,front,LIDAR_ONLY
0,750.5793,t4598,LIDAR_ONLY,11.1285,11.1285,23.6169,12.4884,12.4884,52.8792,52.8792,0,0,19.14,1.14,cautious,-11.72,front,LIDAR_ONLY
0,750.5793,t4603,LIDAR_ONLY,9.8255,9.8255,8.8092,1.0163,1.0163,11.5365,11.5365,0,0,19.14,1.14,cautious,8.53,front,LIDAR_ONLY
0,750.6484,cam_8,CAM_ONLY,18.1272,,10.7765,7.3507,,68.2098,,0,,16.02,0.99,warning,-9.06,,CAMERA_ONLY
0,750.7155,t4598,BOTH,18.1528,11.1401,23.6172,5.4643,12.4771,23.1372,52.8306,0,0,12.50,1.01,warning,-9.10,,FULL_ANGLE
0,750.7155,t4598,LIDAR_ONLY,11.1394,11.1394,23.6172,12.4778,12.4778,52.8337,52.8337,0,0,12.50,1.01,cautious,-12.40,front,LIDAR_ONLY
0,750.7938,cam_8,CAM_ONLY,18.1539,,10.7765,7.3774,,68.4577,,0,,22.52,1.44,warning,-9.14,,CAMERA_ONLY
0,750.8522,cam_8,CAM_ONLY,18.1910,,10.7765,7.4145,,68.8018,,0,,9.62,0.92,warning,-9.10,,CAMERA_ONLY
0,750.9215,t4598,BOTH,18.1406,11.1275,10.7765,7.3640,0.3510,68.3339,3.2568,0,1,17.13,1.13,warning,-9.10,,FULL_ANGLE
0,750.9215,t4598,LIDAR_ONLY,11.1291,11.1291,10.7765,0.3526,0.3526,3.2715,3.2715,1,1,17.13,1.13,cautious,-5.55,front,LIDAR_ONLY
0,750.9215,t4612,LIDAR_ONLY,9.5496,9.5496,8.8092,0.7404,0.7404,8.4047,8.4047,1,1,17.13,1.13,slow,10.85,front,LIDAR_ONLY
0,750.9773,t4598,BOTH,18.1514,11.1064,10.7765,7.3749,0.3298,68.4343,3.0606,0,1,13.55,1.21,warning,-9.14,,FULL_ANGLE
0,750.9773,t4612,LIDAR_ONLY,16.2617,16.2617,8.8092,7.4525,7.4525,84.5986,84.5986,0,0,13.55,1.21,slow,5.52,front,LIDAR_ONLY
0,750.9773,t4613,LIDAR_ONLY,26.1255,26.1255,11.1436,14.9819,14.9819,134.4443,134.4443,0,0,13.55,1.21,drive,22.32,front,LIDAR_ONLY
0,750.9773,t4598,LIDAR_ONLY,11.1324,11.1324,10.7765,0.3558,0.3558,3.3018,3.3018,1,1,13.55,1.21,cautious,-11.27,front,LIDAR_ONLY
0,750.9773,t4612,LIDAR_ONLY,18.9385,18.9385,8.8092,10.1293,10.1293,114.9854,114.9854,0,0,13.55,1.21,slow,9.72,front,LIDAR_ONLY
0,751.0414,cam_8,CAM_ONLY,18.1631,,10.7765,7.3865,,68.5424,,0,,16.32,1.35,warning,-9.14,,CAMERA_ONLY
0,751.1015,cam_8,CAM_ONLY,18.1290,,10.7765,7.3524,,68.2263,,0,,16.54,0.85,warning,-9.14,,CAMERA_ONLY
0,751.1722,t4598,BOTH,18.1241,11.1127,23.6180,5.4939,12.5053,23.2615,52.9481,0,0,15.32,0.89,warning,-9.10,,FULL_ANGLE
0,751.1722,t4598,LIDAR_ONLY,11.1117,11.1117,23.6180,12.5063,12.5063,52.9523,52.9523,0,0,15.32,0.89,cautious,-11.59,front,LIDAR_ONLY
0,751.1722,t4612,LIDAR_ONLY,19.4583,19.4583,8.8092,10.6491,10.6491,120.8860,120.8860,0,0,15.32,0.89,drive,9.13,front,LIDAR_ONLY
0,751.2429,cam_8,CAM_ONLY,18.1496,,10.7765,7.3730,,68.4174,,0,,16.78,1.28,warning,-9.10,,CAMERA_ONLY
0,751.3267,t4598,BOTH,18.1684,11.1211,23.6184,5.4499,12.4973,23.0750,52.9134,0,0,17.79,1.11,warning,-9.10,,FULL_ANGLE
0,751.3267,t4619,LIDAR_ONLY,23.4863,23.4863,11.1436,12.3427,12.3427,110.7601,110.7601,0,0,17.79,1.11,drive,24.98,front,LIDAR_ONLY
0,751.3267,t4619,LIDAR_ONLY,21.9012,21.9012,11.1436,10.7577,10.7577,96.5366,96.5366,0,0,17.79,1.11,drive,29.15,front,LIDAR_ONLY
0,751.3267,t4598,LIDAR_ONLY,11.1234,11.1234,23.6184,12.4950,12.4950,52.9037,52.9037,0,0,17.79,1.11,cautious,-12.52,front,LIDAR_ONLY
0,751.3267,t4612,LIDAR_ONLY,20.5409,20.5409,11.1436,9.3973,9.3973,84.3292,84.3292,0,0,17.79,1.11,drive,16.64,front,LIDAR_ONLY
0,751.3267,t4619,LIDAR_ONLY,18.7673,18.7673,11.1436,7.6237,7.6237,68.4133,68.4133,0,0,17.79,1.11,drive,24.98,front,LIDAR_ONLY
0,751.3898,cam_8,CAM_ONLY,18.1349,,10.7765,7.3584,,68.2812,,0,,14.05,1.28,warning,-9.06,,CAMERA_ONLY
0,751.4441,cam_8,CAM_ONLY,18.1510,,10.7765,7.3745,,68.4306,,0,,11.45,0.82,warning,-9.14,,CAMERA_ONLY
0,751.5128,cam_8,CAM_ONLY,18.1820,,10.7765,7.4054,,68.7181,,0,,17.63,1.34,warning,-9.10,,CAMERA_ONLY
0,751.5769,cam_8,CAM_ONLY,18.1500,,10.7765,7.3734,,68.4209,,0,,10.62,1.65,warning,-9.10,,CAMERA_ONLY
0,751.6322,cam_8,CAM_ONLY,18.1676,,10.7765,7.3911,,68.5847,,0,,10.95,1.53,warning,-9.14,,CAMERA_ONLY
0,751.6914,cam_8,CAM_ONLY,18.1708,,10.7765,7.3942,,68.6138,,0,,11.81,1.05,warning,-9.10,,CAMERA_ONLY
0,751.7530,cam_8,CAM_ONLY,18.1497,,10.7765,7.3732,,68.4187,,0,,17.71,0.89,warning,-9.14,,CAMERA_ONLY
0,751.8241,t4634,BOTH,18.1538,11.1353,23.6193,5.4655,12.4840,23.1399,52.8552,0,0,19.08,1.07,warning,-9.10,,FULL_ANGLE
0,751.8241,t4631,LIDAR_ONLY,28.2195,28.2195,,,,,,,,19.08,1.07,drive,-24.48,front,LIDAR_ONLY
0,751.8241,t4632,LIDAR_ONLY,20.4331,20.4331,,,,,,,,19.08,1.07,drive,29.01,front,LIDAR_ONLY
0,751.8241,t4634,LIDAR_ONLY,11.2162,11.2162,23.6193,12.4031,12.4031,52.5125,52.5125,0,0,19.08,1.07,cautious,-12.13,front,LIDAR_ONLY
0,751.8241,t4635,LIDAR_ONLY,9.7024,9.7024,8.8092,0.8932,0.8932,10.1392,10.1392,1,1,19.08,1.07,cautious,8.44,front,LIDAR_ONLY
0,751.8923,cam_8,CAM_ONLY,18.1640,,10.7765,7.3874,,68.5509,,0,,18.79,1.40,warning,-9.14,,CAMERA_ONLY
0,751.9599,cam_8,CAM_ONLY,18.1268,,10.7765,7.3502,,68.2057,,0,,13.57,0.97,warning,-9.10,,CAMERA_ONLY
0,752.0312,cam_8,CAM_ONLY,18.1334,,10.7765,7.3568,,68.2671,,0,,19.07,3.20,warning,-9.14,,CAMERA_ONLY
0,752.0312,t4632,LIDAR_ONLY,21.0148,21.0148,,,,,,,,19.07,3.20,drive,24.90,front,LIDAR_ONLY
0,752.0312,t4632,LIDAR_ONLY,21.2239,21.2239,,,,,,,,19.07,3.20,drive,29.05,front,LIDAR_ONLY
0,752.1077,cam_8,CAM_ONLY,18.1408,,10.7765,7.3643,,68.3360,,0,,18.08,1.25,warning,-9.14,,CAMERA_ONLY
0,752.1903,cam_8,CAM_ONLY,18.1261,,10.7765,7.3495,,68.1995,,0,,23.18,1.18,warning,-9.10,,CAMERA_ONLY
0,752.2558,cam_8,CAM_ONLY,18.1157,,10.7765,7.3391,,68.1028,,0,,23.08,1.16,warning,-9.06,,CAMERA_ONLY
0,752.3222,t4653,BOTH,18.1351,11.2398,10.7765,7.3585,0.4632,68.2827,4.2983,0,1,18.56,0.99,warning,-9.10,,FULL_ANGLE
0,752.3222,t4652,LIDAR_ONLY,23.7387,23.7387,11.1436,12.5951,12.5951,113.0257,113.0257,0,0,18.56,0.99,drive,24.70,front,LIDAR_ONLY
0,752.3898,cam_8,CAM_ONLY,18.1444,,10.7765,7.3678,,68.3691,,0,,13.36,1.57,warning,-9.14,,CAMERA_ONLY
0,752.4571,cam_8,CAM_ONLY,18.1617,,10.7765,7.3852,,68.5298,,0,,18.67,1.02,warning,-9.10,,CAMERA_ONLY
0,752.5273,t4653,BOTH,18.1672,11.1342,10.7765,7.3906,0.3577,68.5808,3.3192,0,1,14.64,1.20,warning,-9.10,,FULL_ANGLE
0,752.5273,t4652,LIDAR_ONLY,23.2053,23.2053,11.1436,12.0617,12.0617,108.2386,108.2386,0,0,14.64,1.20,drive,25.93,front,LIDAR_ONLY
0,752.5273,t4653,LIDAR_ONLY,11.1806,11.1806,10.7765,0.4041,0.4041,3.7498,3.7498,1,1,14.64,1.20,cautious,-11.16,front,LIDAR_ONLY
0,752.5273,t4657,LIDAR_ONLY,9.4737,9.4737,8.8092,0.6644,0.6644,7.5425,7.5425,1,1,14.64,1.20,slow,9.45,front,LIDAR_ONLY
0,752.5897,cam_8,CAM_ONLY,18.1091,,10.7765,7.3326,,68.0421,,0,,11.60,1.26,warning,-9.14,,CAMERA_ONLY
0,752.6470,cam_8,CAM_ONLY,18.1191,,10.7765,7.3425,,68.1344,,0,,13.05,1.14,warning,-9.10,,CAMERA_ONLY
0,752.7057,cam_8,CAM_ONLY,18.1265,,10.7765,7.3500,,68.2034,,0,,13.49,1.27,warning,-9.06,,CAMERA_ONLY
0,752.7663,t4659,BOTH,18.1390,11.1363,23.6214,5.4824,12.4851,23.2096,52.8549,0,0,18.10,0.88,warning,-9.14,,FULL_ANGLE
0,752.7663,t4659,LIDAR_ONLY,11.2234,11.2234,23.6214,12.3980,12.3980,52.4865,52.4865,0,0,18.10,0.88,cautious,-11.96,front,LIDAR_ONLY
0,752.8244,cam_8,CAM_ONLY,18.1846,,10.7765,7.4081,,68.7423,,0,,10.05,1.58,warning,-9.10,,CAMERA_ONLY
0,752.8802,cam_8,CAM_ONLY,18.1355,,10.7765,7.3589,,68.2864,,0,,10.74,1.70,warning,-9.10,,CAMERA_ONLY
0,752.9401,cam_8,CAM_ONLY,18.1461,,10.7765,7.3695,,68.3848,,0,,10.22,0.99,warning,-9.14,,CAMERA_ONLY
0,752.9977,cam_8,CAM_ONLY,18.1477,,10.7765,7.3711,,68.3998,,0,,12.21,1.04,warning,-9.14,,CAMERA_ONLY
0,753.0509,cam_8,CAM_ONLY,18.1298,,10.7765,7.3532,,68.2335,,0,,10.25,1.07,warning,-9.14,,CAMERA_ONLY
0,753.1088,t4672,BOTH,18.1392,11.1142,10.7765,7.3626,0.3376,68.3210,3.1328,0,1,10.09,0.96,warning,-9.10,,FULL_ANGLE
0,753.1088,t4672,LIDAR_ONLY,11.1479,11.1479,10.7765,0.3714,0.3714,3.4461,3.4461,1,1,10.09,0.96,cautious,-5.59,front,LIDAR_ONLY
0,753.1088,t4673,LIDAR_ONLY,9.3785,9.3785,8.8092,0.5693,0.5693,6.4628,6.4628,1,1,10.09,0.96,slow,10.76,front,LIDAR_ONLY
0,753.1740,t4672,BOTH,18.1568,11.1004,10.7765,7.3803,0.3239,68.4845,3.0056,0,1,16.92,0.98,warning,-9.14,,FULL_ANGLE
0,753.1740,t4674,LIDAR_ONLY,22.7711,22.7711,11.1436,11.6275,11.6275,104.3423,104.3423,0,0,16.92,0.98,drive,25.82,front,LIDAR_ONLY
0,753.1740,t4672,LIDAR_ONLY,11.1175,11.1175,10.7765,0.3409,0.3409,3.1637,3.1637,1,1,16.92,0.98,cautious,-11.31,front,LIDAR_ONLY
0,753.1740,t4673,LIDAR_ONLY,9.3983,9.3983,8.8092,0.5890,0.5890,6.6865,6.6865,1,1,16.92,0.98,slow,9.31,front,LIDAR_ONLY
0,753.2379,cam_8,CAM_ONLY,18.1177,,10.7765,7.3411,,68.1214,,0,,10.08,1.45,warning,-9.10,,CAMERA_ONLY
0,753.2938,cam_8,CAM_ONLY,18.1321,,10.7765,7.3555,,68.2549,,0,,14.40,1.55,warning,-9.10,,CAMERA_ONLY
0,753.3620,t4672,BOTH,18.1137,11.1024,10.7765,7.3372,0.3258,68.0847,3.0236,0,1,19.39,1.14,warning,-9.06,,FULL_ANGLE
0,753.3620,t4674,LIDAR_ONLY,22.5575,22.5575,,,,,,,,19.39,1.14,drive,26.34,front,LIDAR_ONLY
0,753.3620,t4673,LIDAR_ONLY,9.4098,9.4098,8.8092,0.6005,0.6005,6.8172,6.8172,1,1,19.39,1.14,slow,10.28,front,LIDAR_ONLY
0,753.4296,t4673,BOTH,18.1304,11.4930,11.1436,6.9868,0.3494,62.6975,3.1357,0,1,20.20,1.55,warning,-9.10,,FULL_ANGLE
0,753.4296,t4673,LIDAR_ONLY,12.6318,12.6318,11.1436,1.4882,1.4882,13.3547,13.3547,0,0,20.20,1.55,slow,9.77,front,LIDAR_ONLY
0,753.4296,t4673,LIDAR_ONLY,13.8082,13.8082,11.1436,2.6646,2.6646,23.9115,23.9115,0,0,20.20,1.55,cautious,17.90,front,LIDAR_ONLY
0,753.4959,cam_8,CAM_ONLY,18.1406,,10.7765,7.3641,,68.3345,,0,,17.42,1.25,warning,-9.10,,CAMERA_ONLY
0,753.5605,cam_8,CAM_ONLY,18.1744,,10.7765,7.3979,,68.6480,,0,,16.51,1.14,warning,-9.10,,CAMERA_ONLY
0,753.6347,cam_8,CAM_ONLY,18.1479,,10.7765,7.3713,,68.4013,,0,,16.77,2.03,warning,-9.10,,CAMERA_ONLY
0,753.6347,t4673,LIDAR_ONLY,15.5282,15.5282,,,,,,,,16.77,2.03,cautious,27.24,front,LIDAR_ONLY
0,753.6948,cam_8,CAM_ONLY,18.1502,,10.7765,7.3736,,68.4231,,0,,11.70,0.87,warning,-9.14,,CAMERA_ONLY
0,753.7622,cam_8,CAM_ONLY,18.1645,,10.7765,7.3879,,68.5554,,0,,19.77,1.14,warning,-9.10,,CAMERA_ONLY
0,753.7622,t4691,LIDAR_ONLY,28.2118,28.2118,,,,,,,,19.77,1.14,drive,-24.49,front,LIDAR_ONLY
0,753.8378,cam_8,CAM_ONLY,18.1689,,10.7765,7.3923,,68.5964,,0,,18.84,1.98,warning,-9.10,,CAMERA_ONLY
0,753.9101,cam_8,CAM_ONLY,18.1360,,10.7765,7.3594,,68.2912,,0,,22.15,2.02,warning,-9.10,,CAMERA_ONLY
0,753.9765,t4699,BOTH,18.1453,11.0698,10.7765,7.3687,0.2932,68.3773,2.7211,0,1,18.96,1.27,warning,-9.10,,FULL_ANGLE
0,753.9765,t4700,LIDAR_ONLY,9.4487,9.4487,8.8092,0.6395,0.6395,7.2590,7.2590,1,1,18.96,1.27,slow,10.04,front,LIDAR_ONLY
0,754.0447,cam_8,CAM_ONLY,18.1353,,10.7765,7.3587,,68.2847,,0,,17.59,1.07,warning,-9.10,,CAMERA_ONLY
0,754.1232,t4699,BOTH,18.1552,11.0718,23.6243,5.4691,12.5525,23.1505,53.1337,0,0,19.85,1.08,warning,-9.06,,FULL_ANGLE
0,754.1232,t4701,LIDAR_ONLY,24.4443,24.4443,11.1436,13.3007,13.3007,119.3574,119.3574,0,0,19.85,1.08,drive,23.94,front,LIDAR_ONLY
0,754.1232,t4701,LIDAR_ONLY,22.4962,22.4962,11.1436,11.3526,11.3526,101.8759,101.8759,0,0,19.85,1.08,drive,28.07,front,LIDAR_ONLY
0,754.1232,t4701,LIDAR_ONLY,23.0959,23.0959,11.1436,11.9523,11.9523,107.2568,107.2568,0,0,19.85,1.08,drive,19.81,front,LIDAR_ONLY
0,754.1232,t4699,LIDAR_ONLY,11.0864,11.0864,23.6243,12.5380,12.5380,53.0722,53.0722,0,0,19.85,1.08,cautious,-13.26,front,LIDAR_ONLY
0,754.1925,cam_8,CAM_ONLY,18.1241,,10.7765,7.3475,,68.1806,,0,,17.46,1.51,warning,-9.06,,CAMERA_ONLY
0,754.2646,t4699,BOTH,18.1289,11.1031,23.6245,5.4955,12.5214,23.2620,53.0017,0,0,15.34,0.97,warning,-9.10,,FULL_ANGLE
0,754.2646,t4699,LIDAR_ONLY,11.0990,11.0990,23.6245,12.5255,12.5255,53.0190,53.0190,0,0,15.34,0.97,cautious,-12.14,front,LIDAR_ONLY
0,754.3257,t4699,BOTH,18.1322,11.1244,23.6247,5.4925,12.5003,23.2490,52.9119,0,0,14.71,1.39,warning,-9.10,,FULL_ANGLE
0,754.3257,t4706,LIDAR_ONLY,28.1869,28.1869,,,,,,,,14.71,1.39,drive,-24.69,front,LIDAR_ONLY
0,754.3257,t4701,LIDAR_ONLY,23.4210,23.4210,11.1436,12.2774,12.2774,110.1742,110.1742,0,0,14.71,1.39,drive,25.38,front,LIDAR_ONLY
0,754.3257,t4699,LIDAR_ONLY,11.1173,11.1173,23.6247,12.5074,12.5074,52.9422,52.9422,0,0,14.71,1.39,cautious,-12.17,front,LIDAR_ONLY
0,754.3257,t4708,LIDAR_ONLY,9.5377,9.5377,8.8092,0.7285,0.7285,8.2696,8.2696,1,1,14.71,1.39,slow,8.69,front,LIDAR_ONLY
0,754.3956,cam_8,CAM_ONLY,18.1670,,10.7765,7.3904,,68.5786,,0,,19.10,1.20,warning,-9.10,,CAMERA_ONLY
0,754.4587,t4699,BOTH,18.1276,11.1057,23.6250,5.4974,12.5194,23.2693,52.9920,0,0,13.80,1.21,warning,-9.10,,FULL_ANGLE
0,754.4587,t4699,LIDAR_ONLY,11.1073,11.1073,23.6250,12.5177,12.5177,52.9849,52.9849,0,0,13.80,1.21,cautious,-12.71,front,LIDAR_ONLY
0,754.5169,t4699,BOTH,18.1454,11.1103,23.6251,5.4797,12.5148,23.1945,52.9725,0,0,13.57,1.07,warning,-9.10,,FULL_ANGLE
0,754.5169,t4699,LIDAR_ONLY,11.1173,11.1173,23.6251,12.5078,12.5078,52.9430,52.9430,0,0,13.57,1.07,cautious,-11.50,front,LIDAR_ONLY
0,754.5867,cam_8,CAM_ONLY,18.1438,,10.7765,7.3673,,68.3640,,0,,13.63,1.72,warning,-9.10,,CAMERA_ONLY
0,754.6571,cam_8,CAM_ONLY,18.1258,,10.7765,7.3492,,68.1963,,0,,19.28,1.78,warning,-9.06,,CAMERA_ONLY
0,754.7376,cam_8,CAM_ONLY,18.1430,,10.7765,7.3664,,68.3561,,0,,23.04,2.12,warning,-9.06,,CAMERA_ONLY
0,754.7966,cam_8,CAM_ONLY,18.1727,,10.7765,7.3961,,68.6317,,0,,15.61,3.63,warning,-9.14,,CAMERA_ONLY
0,754.8546,cam_8,CAM_ONLY,18.1794,,10.7765,7.4029,,68.6941,,0,,16.89,1.02,warning,-9.14,,CAMERA_ONLY
0,754.9139,cam_8,CAM_ONLY,18.1348,,10.7765,7.3583,,68.2806,,0,,12.50,0.84,warning,-9.14,,CAMERA_ONLY
0,754.9768,cam_8,CAM_ONLY,18.1505,,10.7765,7.3739,,68.4257,,0,,12.20,1.92,warning,-9.14,,CAMERA_ONLY
0,755.0352,cam_8,CAM_ONLY,18.1094,,10.7765,7.3329,,68.0446,,0,,10.69,1.72,warning,-9.10,,CAMERA_ONLY
0,755.0965,cam_8,CAM_ONLY,18.1277,,10.7765,7.3512,,68.2144,,0,,16.39,0.81,warning,-9.10,,CAMERA_ONLY
0,755.1606,cam_8,CAM_ONLY,18.1386,,10.7765,7.3620,,68.3150,,0,,12.96,0.88,warning,-9.10,,CAMERA_ONLY
0,755.2464,cam_8,CAM_ONLY,18.1661,,10.7765,7.3895,,68.5706,,0,,23.20,1.94,warning,-9.10,,CAMERA_ONLY
0,755.3094,t4729,BOTH,18.1617,11.0902,10.7765,7.3851,0.3136,68.5294,2.9104,0,1,10.97,0.92,warning,-9.10,,FULL_ANGLE
0,755.3094,t4729,LIDAR_ONLY,11.1202,11.1202,10.7765,0.3437,0.3437,3.1889,3.1889,1,1,10.97,0.92,cautious,-13.14,front,LIDAR_ONLY
0,755.3094,t4729,LIDAR_ONLY,11.1422,11.1422,10.7765,0.3657,0.3657,3.3935,3.3935,1,1,10.97,0.92,cautious,-5.03,front,LIDAR_ONLY
0,755.3094,t4731,LIDAR_ONLY,12.6157,12.6157,11.1436,1.4721,1.4721,13.2103,13.2103,0,0,10.97,0.92,cautious,19.31,front,LIDAR_ONLY
0,755.3786,cam_8,CAM_ONLY,18.1349,,10.7765,7.3583,,68.2808,,0,,16.33,3.00,warning,-9.10,,CAMERA_ONLY
0,755.3786,t4731,LIDAR_ONLY,14.3733,14.3733,11.1436,3.2297,3.2297,28.9822,28.9822,0,0,16.33,3.00,cautious,22.16,front,LIDAR_ONLY
0,755.3786,t4736,LIDAR_ONLY,9.4089,9.4089,8.8092,0.5997,0.5997,6.8074,6.8074,1,1,16.33,3.00,slow,10.07,front,LIDAR_ONLY
0,755.4453,cam_8,CAM_ONLY,18.1677,,10.7765,7.3911,,68.5851,,0,,10.41,1.05,warning,-9.14,,CAMERA_ONLY
0,755.5039,cam_8,CAM_ONLY,18.1787,,10.7765,7.4021,,68.6872,,0,,13.06,1.03,warning,-9.14,,CAMERA_ONLY
0,755.5616,t4740,BOTH,18.1667,11.1048,23.6274,5.4607,12.5225,23.1116,53.0002,0,0,9.90,0.95,warning,-9.14,,FULL_ANGLE
0,755.5616,t4731,LIDAR_ONLY,15.7764,15.7764,11.1436,4.6328,4.6328,41.5739,41.5739,0,0,9.90,0.95,cautious,29.38,front,LIDAR_ONLY
0,755.5616,t4740,LIDAR_ONLY,11.1984,11.1984,23.6274,12.4290,12.4290,52.6040,52.6040,0,0,9.90,0.95,cautious,-11.53,front,LIDAR_ONLY
0,755.5616,t4731,LIDAR_ONLY,17.0260,17.0260,11.1436,5.8824,5.8824,52.7869,52.7869,0,0,9.90,0.95,cautious,25.29,front,LIDAR_ONLY
0,755.5616,t4736,LIDAR_ONLY,9.4254,9.4254,8.8092,0.6161,0.6161,6.9942,6.9942,1,1,9.90,0.95,slow,8.93,front,LIDAR_ONLY
0,755.6304,cam_8,CAM_ONLY,18.1742,,10.7765,7.3977,,68.6460,,0,,18.31,1.43,warning,-9.14,,CAMERA_ONLY
0,755.6304,t4731,LIDAR_ONLY,17.9500,17.9500,11.1436,6.8064,6.8064,61.0789,61.0789,0,0,18.31,1.43,drive,28.29,front,LIDAR_ONLY
0,755.6304,t4731,LIDAR_ONLY,18.5837,18.5837,11.1436,7.4401,7.4401,66.7658,66.7658,0,0,18.31,1.43,drive,20.10,front,LIDAR_ONLY
0,755.7111,t4740,BOTH,18.1962,11.1052,10.7765,7.4196,0.3287,68.8496,3.0499,0,1,20.03,2.38,warning,-9.10,,FULL_ANGLE
0,755.7111,t4740,LIDAR_ONLY,11.0885,11.0885,10.7765,0.3119,0.3119,2.8946,2.8946,1,1,20.03,2.38,cautious,-5.97,front,LIDAR_ONLY
0,755.7817,cam_8,CAM_ONLY,18.1576,,10.7765,7.3811,,68.4922,,0,,18.63,1.98,warning,-9.10,,CAMERA_ONLY
0,755.8410,cam_8,CAM_ONLY,18.1304,,10.7765,7.3538,,68.2392,,0,,14.24,1.60,warning,-9.14,,CAMERA_ONLY
0,755.9119,cam_8,CAM_ONLY,18.1703,,10.7765,7.3938,,68.6098,,0,,15.17,2.03,warning,-9.14,,CAMERA_ONLY
0,755.9711,cam_8,CAM_ONLY,18.1498,,10.7765,7.3732,,68.4193,,0,,15.41,1.45,warning,-9.14,,CAMERA_ONLY
0,755.9711,t4751,LIDAR_ONLY,27.7173,27.7173,11.1436,16.5737,16.5737,148.7285,148.7285,0,0,15.41,1.45,drive,20.97,front,LIDAR_ONLY
0,755.9711,t4751,LIDAR_ONLY,25.5121,25.5121,11.1436,14.3685,14.3685,128.9394,128.9394,0,0,15.41,1.45,drive,25.14,front,LIDAR_ONLY
0,755.9711,t4751,LIDAR_ONLY,21.1818,21.1818,11.1436,10.0382,10.0382,90.0802,90.0802,0,0,15.41,1.45,drive,25.14,front,LIDAR_ONLY
0,756.0447,cam_8,CAM_ONLY,18.1360,,10.7765,7.3595,,68.2916,,0,,18.80,1.05,warning,-9.10,,CAMERA_ONLY
0,756.1139,cam_8,CAM_ONLY,18.1398,,10.7765,7.3633,,68.3270,,0,,20.07,0.98,warning,-9.10,,CAMERA_ONLY
0,756.1950,cam_8,CAM_ONLY,18.1482,,10.7765,7.3716,,68.4041,,0,,21.80,1.96,warning,-9.14,,CAMERA_ONLY
0,756.2701,t4759,BOTH,18.1440,11.0683,23.6291,5.4851,12.5608,23.2132,53.1580,0,0,19.36,1.11,warning,-9.10,,FULL_ANGLE
0,756.2701,t4758,LIDAR_ONLY,29.2491,29.2491,11.1436,18.1055,18.1055,162.4741,162.4741,0,0,19.36,1.11,drive,19.83,front,LIDAR_ONLY
0,756.2701,t4759,LIDAR_ONLY,11.0920,11.0920,23.6291,12.5371,12.5371,53.0580,53.0580,0,0,19.36,1.11,cautious,-13.09,front,LIDAR_ONLY
0,756.2701,t4758,LIDAR_ONLY,20.8955,20.8955,11.1436,9.7519,9.7519,87.5114,87.5114,0,0,19.36,1.11,drive,19.83,front,LIDAR_ONLY
0,756.3394,cam_8,CAM_ONLY,18.1716,,10.7765,7.3951,,68.6219,,0,,12.31,1.32,warning,-9.10,,CAMERA_ONLY
0,756.4100,cam_8,CAM_ONLY,18.1518,,10.7765,7.3753,,68.4382,,0,,16.07,0.94,warning,-9.14,,CAMERA_ONLY
0,756.4700,t4759,BOTH,18.1384,11.1048,23.6294,5.4910,12.5246,23.2381,53.0041,0,0,15.33,0.96,warning,-9.10,,FULL_ANGLE
0,756.4700,t4759,LIDAR_ONLY,11.1196,11.1196,23.6294,12.5098,12.5098,52.9417,52.9417,0,0,15.33,0.96,cautious,-12.88,front,LIDAR_ONLY
0,756.4700,t4758,LIDAR_ONLY,18.1162,18.1162,11.1436,6.9726,6.9726,62.5702,62.5702,0,0,15.33,0.96,drive,19.75,front,LIDAR_ONLY
0,756.5419,cam_8,CAM_ONLY,18.1525,,10.7765,7.3759,,68.4444,,0,,19.97,1.26,warning,-9.06,,CAMERA_ONLY
0,756.6095,cam_8,CAM_ONLY,18.1555,,10.7765,7.3790,,68.4725,,0,,15.97,1.16,warning,-9.14,,CAMERA_ONLY
0,756.6764,t4759,BOTH,18.1449,11.1511,23.6298,5.4849,12.4787,23.2118,52.8091,0,0,13.70,1.08,warning,-9.06,,FULL_ANGLE
0,756.6764,t4758,LIDAR_ONLY,18.4169,18.4169,11.1436,7.2733,7.2733,65.2692,65.2692,0,0,13.70,1.08,drive,28.08,front,LIDAR_ONLY
0,756.6764,t4759,LIDAR_ONLY,11.1363,11.1363,23.6298,12.4935,12.4935,52.8717,52.8717,0,0,13.70,1.08,cautious,-12.44,front,LIDAR_ONLY
0,756.6764,t4768,LIDAR_ONLY,36.1324,36.1324,11.1436,24.9888,24.9888,224.2434,224.2434,0,0,13.70,1.08,drive,15.92,front,LIDAR_ONLY
0,756.6764,t4758,LIDAR_ONLY,17.9321,17.9321,11.1436,6.7886,6.7886,60.9189,60.9189,0,0,13.70,1.08,drive,24.03,front,LIDAR_ONLY
0,756.7434,cam_8,CAM_ONLY,18.1535,,10.7765,7.3770,,68.4538,,0,,13.66,1.34,warning,-9.10,,CAMERA_ONLY
0,756.8109,cam_8,CAM_ONLY,18.1940,,10.7765,7.4174,,68.8292,,0,,16.66,1.10,warning,-9.10,,CAMERA_ONLY
0,756.8817,cam_8,CAM_ONLY,18.1606,,10.7765,7.3841,,68.5197,,0,,15.26,1.65,warning,-9.14,,CAMERA_ONLY
0,756.9436,cam_8,CAM_ONLY,18.1383,,10.7765,7.3618,,68.3131,,0,,12.96,1.28,warning,-9.14,,CAMERA_ONLY
0,757.0090,cam_8,CAM_ONLY,18.1565,,10.7765,7.3800,,68.4817,,0,,15.95,1.06,warning,-9.10,,CAMERA_ONLY
0,757.0746,cam_8,CAM_ONLY,18.1651,,10.7765,7.3885,,68.5612,,0,,13.16,1.06,warning,-9.10,,CAMERA_ONLY
0,757.1371,cam_8,CAM_ONLY,18.1389,,10.7765,7.3623,,68.3180,,0,,13.60,1.31,warning,-9.10,,CAMERA_ONLY
0,757.1993,cam_8,CAM_ONLY,18.1625,,10.7765,7.3859,,68.5368,,0,,15.40,1.26,warning,-9.14,,CAMERA_ONLY
0,757.2688,t4786,BOTH,18.1640,11.0719,10.7765,7.3874,0.2953,68.5509,2.7404,0,1,21.40,2.38,warning,-9.10,,FULL_ANGLE
0,757.2688,t4785,LIDAR_ONLY,21.6650,21.6650,,,,,,,,21.40,2.38,drive,27.23,front,LIDAR_ONLY
0,757.2688,t4787,LIDAR_ONLY,9.4590,9.4590,8.8092,0.6498,0.6498,7.3761,7.3761,1,1,21.40,2.38,slow,10.48,front,LIDAR_ONLY
0,757.3248,cam_8,CAM_ONLY,18.1308,,10.7765,7.3542,,68.2426,,0,,11.30,1.75,warning,-9.06,,CAMERA_ONLY
0,757.3894,cam_8,CAM_ONLY,18.1680,,10.7765,7.3915,,68.5887,,0,,17.57,1.66,warning,-9.14,,CAMERA_ONLY
0,757.4555,cam_8,CAM_ONLY,18.1695,,10.7765,7.3929,,68.6018,,0,,18.76,1.27,warning,-9.10,,CAMERA_ONLY
0,757.5306,cam_8,CAM_ONLY,18.1626,,10.7765,7.3860,,68.5379,,0,,14.57,2.00,warning,-9.14,,CAMERA_ONLY
0,757.5860,cam_8,CAM_ONLY,18.1659,,10.7765,7.3893,,68.5685,,0,,13.65,1.72,warning,-9.14,,CAMERA_ONLY
0,757.6450,cam_8,CAM_ONLY,18.1719,,10.7765,7.3953,,68.6241,,0,,9.92,1.32,warning,-9.10,,CAMERA_ONLY
0,757.7157,cam_8,CAM_ONLY,18.1918,,10.7765,7.4153,,68.8094,,0,,18.03,1.03,warning,-9.10,,CAMERA_ONLY
0,757.7760,t4803,BOTH,18.1372,11.0617,10.7765,7.3607,0.2851,68.3027,2.6460,0,1,11.90,1.13,warning,-9.14,,FULL_ANGLE
0,757.7760,t4803,LIDAR_ONLY,11.0529,11.0529,10.7765,0.2763,0.2763,2.5639,2.5639,1,1,11.90,1.13,cautious,-6.41,front,LIDAR_ONLY
0,757.7760,t4804,LIDAR_ONLY,9.3960,9.3960,8.8092,0.5867,0.5867,6.6605,6.6605,1,1,11.90,1.13,slow,10.32,front,LIDAR_ONLY
0,757.8384,cam_8,CAM_ONLY,18.1582,,10.7765,7.3817,,68.4976,,0,,13.80,1.67,warning,-9.10,,CAMERA_ONLY
0,757.9142,t4803,BOTH,18.1637,11.0796,10.7765,7.3871,0.3030,68.5482,2.8117,0,1,18.47,0.95,warning,-9.14,,FULL_ANGLE
0,757.9142,t4803,LIDAR_ONLY,11.0750,11.0750,10.7765,0.2985,0.2985,2.7698,2.7698,1,1,18.47,0.95,cautious,-11.27,front,LIDAR_ONLY
0,757.9819,cam_8,CAM_ONLY,18.1360,,10.7765,7.3595,,68.2915,,0,,18.64,1.89,warning,-9.06,,CAMERA_ONLY
0,757.9819,t4808,LIDAR_ONLY,20.8673,20.8673,,,,,,,,18.64,1.89,drive,28.36,front,LIDAR_ONLY
0,758.0430,cam_8,CAM_ONLY,18.1287,,10.7765,7.3521,,68.2236,,0,,11.84,0.98,warning,-9.06,,CAMERA_ONLY
0,758.1057,cam_8,CAM_ONLY,18.1667,,10.7765,7.3901,,68.5761,,0,,13.37,1.01,warning,-9.14,,CAMERA_ONLY
0,758.1794,t4815,BOTH,18.1432,11.1562,10.7765,7.3666,0.3797,68.3578,3.5230,0,1,18.12,1.52,warning,-9.06,,FULL_ANGLE
0,758.1794,t4808,LIDAR_ONLY,21.0681,21.0681,,,,,,,,18.12,1.52,drive,26.51,front,LIDAR_ONLY
0,758.1794,t4815,LIDAR_ONLY,11.1110,11.1110,10.7765,0.3344,0.3344,3.1031,3.1031,1,1,18.12,1.52,cautious,-6.53,front,LIDAR_ONLY
0,758.1794,t4816,LIDAR_ONLY,9.2622,9.2622,8.8092,0.4530,0.4530,5.1426,5.1426,1,1,18.12,1.52,slow,9.99,front,LIDAR_ONLY
0,758.2459,cam_8,CAM_ONLY,18.1305,,10.7765,7.3540,,68.2407,,0,,15.00,1.20,warning,-9.06,,CAMERA_ONLY
0,758.3089,cam_8,CAM_ONLY,18.1545,,10.7765,7.3779,,68.4626,,0,,16.74,1.00,warning,-9.14,,CAMERA_ONLY
0,758.3681,t4815,BOTH,18.1809,11.0915,23.6331,5.4522,12.5416,23.0702,53.0680,0,0,14.52,1.15,warning,-9.06,,FULL_ANGLE
0,758.3681,t4815,LIDAR_ONLY,11.0962,11.0962,23.6331,12.5369,12.5369,53.0480,53.0480,0,0,14.52,1.15,cautious,-11.69,front,LIDAR_ONLY
0,758.4398,cam_8,CAM_ONLY,18.1356,,10.7765,7.3590,,68.2873,,0,,19.85,1.81,warning,-9.10,,CAMERA_ONLY
0,758.5081,cam_8,CAM_ONLY,18.1384,,10.7765,7.3618,,68.3133,,0,,13.66,1.01,warning,-9.06,,CAMERA_ONLY
0,758.5908,cam_8,CAM_ONLY,18.1523,,10.7765,7.3758,,68.4430,,0,,14.23,1.77,warning,-9.14,,CAMERA_ONLY
0,758.6561,cam_8,CAM_ONLY,18.1663,,10.7765,7.3898,,68.5727,,0,,17.45,0.95,warning,-9.10,,CAMERA_ONLY
0,758.7254,cam_8,CAM_ONLY,18.1317,,10.7765,7.3552,,68.2515,,0,,17.96,1.30,warning,-9.10,,CAMERA_ONLY
0,758.7254,t4830,LIDAR_ONLY,34.5557,34.5557,11.1436,23.4121,23.4121,210.0946,210.0946,0,0,17.96,1.30,drive,16.67,front,LIDAR_ONLY
0,758.7254,t4831,LIDAR_ONLY,20.4253,20.4253,,,,,,,,17.96,1.30,drive,29.02,front,LIDAR_ONLY
0,758.7254,t4830,LIDAR_ONLY,24.3106,24.3106,11.1436,13.1670,13.1670,118.1572,118.1572,0,0,17.96,1.30,drive,16.67,front,LIDAR_ONLY
0,758.8007,cam_8,CAM_ONLY,18.1351,,10.7765,7.3585,,68.2830,,0,,18.09,1.74,warning,-9.14,,CAMERA_ONLY
0,758.8741,t4833,BOTH,18.1646,11.0332,10.7765,7.3881,0.2566,68.5572,2.3814,0,1,15.68,0.88,warning,-9.14,,FULL_ANGLE
0,758.8741,t4830,LIDAR_ONLY,20.2784,20.2784,11.1436,9.1348,9.1348,81.9734,81.9734,0,0,15.68,0.88,drive,22.51,front,LIDAR_ONLY
0,758.9439,cam_8,CAM_ONLY,18.1668,,10.7765,7.3902,,68.5768,,0,,16.30,1.69,warning,-9.10,,CAMERA_ONLY
0,759.0001,cam_8,CAM_ONLY,18.1286,,10.7765,7.3520,,68.2227,,0,,10.05,1.15,warning,-9.10,,CAMERA_ONLY
0,759.0622,cam_8,CAM_ONLY,18.1525,,10.7765,7.3759,,68.4441,,0,,16.74,1.07,warning,-9.14,,CAMERA_ONLY
0,759.1381,cam_8,CAM_ONLY,18.1427,,10.7765,7.3661,,68.3534,,0,,20.34,1.91,warning,-9.14,,CAMERA_ONLY
0,759.2061,cam_8,CAM_ONLY,18.1172,,10.7765,7.3407,,68.1171,,0,,16.19,1.06,warning,-9.10,,CAMERA_ONLY
0,759.2700,t4850,BOTH,18.1268,11.1160,23.6351,5.5083,12.5191,23.3056,52.9683,0,0,14.55,1.58,warning,-9.10,,FULL_ANGLE
0,759.2700,t4848,LIDAR_ONLY,26.4254,26.4254,11.1436,15.2818,15.2818,137.1354,137.1354,0,0,14.55,1.58,drive,22.05,front,LIDAR_ONLY
0,759.2700,t4850,LIDAR_ONLY,11.1879,11.1879,23.6351,12.4472,12.4472,52.6640,52.6640,0,0,14.55,1.58,cautious,-11.43,front,LIDAR_ONLY
0,759.2700,t4851,LIDAR_ONLY,9.5061,9.5061,8.8092,0.6968,0.6968,7.9104,7.9104,1,1,14.55,1.58,slow,9.50,front,LIDAR_ONLY
0,759.2700,t4848,LIDAR_ONLY,19.8088,19.8088,11.1436,8.6652,8.6652,77.7594,77.7594,0,0,14.55,1.58,drive,17.87,front,LIDAR_ONLY
0,759.2700,t4848,LIDAR_ONLY,17.2839,17.2839,11.1436,6.1403,6.1403,55.1012,55.1012,0,0,14.55,1.58,drive,22.05,front,LIDAR_ONLY
0,759.3427,cam_8,CAM_ONLY,18.1386,,10.7765,7.3621,,68.3155,,0,,18.58,1.31,warning,-9.10,,CAMERA_ONLY
0,759.4019,cam_8,CAM_ONLY,18.1720,,10.7765,7.3954,,68.6250,,0,,9.85,0.92,warning,-9.10,,CAMERA_ONLY
0,759.4587,cam_8,CAM_ONLY,18.1376,,10.7765,7.3610,,68.3062,,0,,14.22,1.10,warning,-9.14,,CAMERA_ONLY
0,759.5178,t4856,BOTH,18.1470,11.0534,10.7765,7.3704,0.2768,68.3930,2.5689,0,1,11.14,1.37,warning,-9.10,,FULL_ANGLE
0,759.5178,t4857,LIDAR_ONLY,30.8977,30.8977,,,,,,,,11.14,1.37,drive,18.73,front,LIDAR_ONLY
0,759.5178,t4857,LIDAR_ONLY,26.2577,26.2577,,,,,,,,11.14,1.37,drive,27.11,front,LIDAR_ONLY
0,759.5899,cam_8,CAM_ONLY,18.1718,,10.7765,7.3953,,68.6236,,0,,14.95,2.82,warning,-9.10,,CAMERA_ONLY
0,759.6549,cam_8,CAM_ONLY,18.1551,,10.7765,7.3786,,68.4689,,0,,19.71,1.12,warning,-9.10,,CAMERA_ONLY
0,759.7128,t4856,BOTH,18.1735,11.0591,10.7765,7.3970,0.2825,68.6395,2.6215,0,1,10.35,1.01,warning,-9.19,,FULL_ANGLE
0,759.7128,t4862,LIDAR_ONLY,48.6974,48.6974,8.8092,39.8881,39.8881,452.7997,452.7997,0,0,10.35,1.01,drive,5.68,front,LIDAR_ONLY
0,759.7128,t4857,LIDAR_ONLY,24.3912,24.3912,11.1436,13.2476,13.2476,118.8812,118.8812,0,0,10.35,1.01,drive,26.54,front,LIDAR_ONLY
0,759.7128,t4857,LIDAR_ONLY,24.4985,24.4985,11.1436,13.3549,13.3549,119.8433,119.8433,0,0,10.35,1.01,drive,22.37,front,LIDAR_ONLY
0,759.7128,t4856,LIDAR_ONLY,11.0586,11.0586,10.7765,0.2820,0.2820,2.6169,2.6169,1,1,10.35,1.01,cautious,-6.83,front,LIDAR_ONLY
0,759.7128,t4862,LIDAR_ONLY,26.8245,26.8245,8.8092,18.0153,18.0153,204.5044,204.5044,0,0,10.35,1.01,drive,9.85,front,LIDAR_ONLY
0,759.7941,cam_8,CAM_ONLY,18.1847,,10.7765,7.4082,,68.7433,,0,,22.58,1.95,warning,-9.10,,CAMERA_ONLY
0,759.8535,cam_8,CAM_ONLY,18.1301,,10.7765,7.3535,,68.2364,,0,,16.85,1.15,warning,-9.10,,CAMERA_ONLY
0,759.9109,cam_8,CAM_ONLY,18.1310,,10.7765,7.3544,,68.2448,,0,,12.12,1.14,warning,-9.10,,CAMERA_ONLY
0,759.9820,cam_8,CAM_ONLY,18.1348,,10.7765,7.3582,,68.2798,,0,,12.34,1.61,warning,-9.06,,CAMERA_ONLY
0,760.0452,cam_8,CAM_ONLY,18.1094,,10.7765,7.3329,,68.0450,,0,,15.12,0.99,warning,-9.10,,CAMERA_ONLY
0,760.1029,cam_8,CAM_ONLY,18.1284,,10.7765,7.3519,,68.2209,,0,,12.70,1.04,warning,-9.14,,CAMERA_ONLY
0,760.1609,cam_8,CAM_ONLY,18.1727,,10.7765,7.3962,,68.6322,,0,,10.89,1.16,warning,-9.10,,CAMERA_ONLY
0,760.2261,cam_8,CAM_ONLY,18.1258,,10.7765,7.3493,,68.1967,,0,,12.58,1.82,warning,-9.06,,CAMERA_ONLY
0,760.2931,cam_8,CAM_ONLY,18.1228,,10.7765,7.3463,,68.1691,,0,,16.70,1.62,warning,-9.10,,CAMERA_ONLY
0,760.3622,t4884,BOTH,18.1529,11.0857,10.7765,7.3763,0.3092,68.4480,2.8688,0,1,11.86,0.98,warning,-9.10,,FULL_ANGLE
0,760.3622,t4883,LIDAR_ONLY,28.2129,28.2129,,,,,,,,11.86,0.98,drive,-24.78,front,LIDAR_ONLY
0,760.3622,t4884,LIDAR_ONLY,11.4396,11.4396,10.7765,0.6631,0.6631,6.1530,6.1530,1,1,11.86,0.98,cautious,-4.50,front,LIDAR_ONLY
0,760.4255,t4884,BOTH,18.1579,11.6078,10.7765,7.3814,0.8313,68.4946,7.7138,0,1,14.41,1.06,warning,-9.14,,FULL_ANGLE
0,760.4255,t4884,LIDAR_ONLY,11.6722,11.6722,10.7765,0.8957,0.8957,8.3113,8.3113,1,1,14.41,1.06,cautious,-6.46,front,LIDAR_ONLY
0,760.4880,cam_8,CAM_ONLY,18.1282,,10.7765,7.3516,,68.2188,,0,,13.46,1.61,warning,-9.10,,CAMERA_ONLY
0,760.5502,cam_8,CAM_ONLY,18.1453,,10.7765,7.3687,,68.3776,,0,,13.01,1.17,warning,-9.10,,CAMERA_ONLY
0,760.6154,t4884,BOTH,18.1260,11.6574,10.7765,7.3494,0.8808,68.1985,8.1733,0,1,20.43,1.01,warning,-9.10,,FULL_ANGLE
0,760.6154,t4884,LIDAR_ONLY,11.6520,11.6520,10.7765,0.8754,0.8754,8.1234,8.1234,1,1,20.43,1.01,cautious,-6.17,front,LIDAR_ONLY
0,760.6934,cam_8,CAM_ONLY,18.1385,,10.7765,7.3619,,68.3141,,0,,19.23,1.92,warning,-9.10,,CAMERA_ONLY
0,760.7589,cam_8,CAM_ONLY,18.1477,,10.7765,7.3712,,68.4000,,0,,15.35,0.98,warning,-9.14,,CAMERA_ONLY
0,760.8268,t4884,BOTH,18.1686,11.0990,10.7765,7.3920,0.3224,68.5934,2.9917,0,1,16.26,1.15,warning,-9.14,,FULL_ANGLE
0,760.8268,t4898,LIDAR_ONLY,9.3556,9.3556,8.8092,0.5464,0.5464,6.2024,6.2024,1,1,16.26,1.15,slow,9.37,front,LIDAR_ONLY
0,760.8905,cam_8,CAM_ONLY,18.1667,,10.7765,7.3902,,68.5766,,0,,13.86,1.57,warning,-9.14,,CAMERA_ONLY
0,760.9745,t4884,BOTH,18.1380,11.1091,23.6386,5.5006,12.5295,23.2697,53.0045,0,0,18.31,1.30,warning,-9.10,,FULL_ANGLE
0,760.9745,t4902,LIDAR_ONLY,28.1863,28.1863,,,,,,,,18.31,1.30,drive,-24.69,front,LIDAR_ONLY
0,760.9745,t4903,LIDAR_ONLY,23.7956,23.7956,,,,,,,,18.31,1.30,drive,24.63,front,LIDAR_ONLY
0,760.9745,t4903,LIDAR_ONLY,22.0097,22.0097,,,,,,,,18.31,1.30,drive,28.74,front,LIDAR_ONLY
0,760.9745,t4884,LIDAR_ONLY,11.1047,11.1047,23.6386,12.5340,12.5340,53.0232,53.0232,0,0,18.31,1.30,cautious,-12.36,front,LIDAR_ONLY
0,760.9745,t4898,LIDAR_ONLY,12.2411,12.2411,11.1436,1.0975,1.0975,9.8490,9.8490,0,0,18.31,1.30,slow,16.41,front,LIDAR_ONLY
0,760.9745,t4898,LIDAR_ONLY,13.7018,13.7018,11.1436,2.5582,2.5582,22.9568,22.9568,0,0,18.31,1.30,slow,20.52,front,LIDAR_ONLY
0,761.0432,cam_8,CAM_ONLY,18.1426,,10.7765,7.3661,,68.3531,,0,,18.25,1.33,warning,-9.10,,CAMERA_ONLY
0,761.1073,cam_8,CAM_ONLY,18.1353,,10.7765,7.3587,,68.2845,,0,,11.48,1.15,warning,-9.10,,CAMERA_ONLY
0,761.1622,t4884,BOTH,18.1249,11.1125,10.7765,7.3483,0.3359,68.1880,3.1174,0,1,9.98,0.93,warning,-9.06,,FULL_ANGLE
0,761.1622,t4903,LIDAR_ONLY,22.0150,22.0150,,,,,,,,9.98,0.93,drive,26.68,front,LIDAR_ONLY
0,761.1622,t4884,LIDAR_ONLY,11.1182,11.1182,10.7765,0.3416,0.3416,3.1702,3.1702,1,1,9.98,0.93,cautious,-6.67,front,LIDAR_ONLY
0,761.1622,t4909,LIDAR_ONLY,9.3019,9.3019,8.8092,0.4926,0.4926,5.5923,5.5923,1,1,9.98,0.93,slow,10.01,front,LIDAR_ONLY
0,761.2282,cam_8,CAM_ONLY,18.1276,,10.7765,7.3510,,68.2130,,0,,14.15,1.99,warning,-9.10,,CAMERA_ONLY
0,761.2818,cam_8,CAM_ONLY,18.1528,,10.7765,7.3762,,68.4470,,0,,14.81,1.66,warning,-9.10,,CAMERA_ONLY
0,761.2818,t4903,LIDAR_ONLY,22.1246,22.1246,,,,,,,,14.81,1.66,drive,25.02,front,LIDAR_ONLY
0,761.2818,t4903,LIDAR_ONLY,21.9787,21.9787,,,,,,,,14.81,1.66,drive,29.07,front,LIDAR_ONLY
0,761.3418,cam_8,CAM_ONLY,18.1123,,10.7765,7.3357,,68.0714,,0,,11.14,1.03,warning,-9.10,,CAMERA_ONLY
0,761.4080,cam_8,CAM_ONLY,18.1297,,10.7765,7.3532,,68.2331,,0,,13.22,0.94,warning,-9.10,,CAMERA_ONLY
0,761.4736,cam_8,CAM_ONLY,18.1883,,10.7765,7.4118,,68.7767,,0,,15.43,1.24,warning,-9.10,,CAMERA_ONLY
0,761.4736,t4903,LIDAR_ONLY,21.4573,21.4573,,,,,,,,15.43,1.24,drive,28.06,front,LIDAR_ONLY
0,761.5361,cam_8,CAM_ONLY,18.1507,,10.7765,7.3742,,68.4279,,0,,19.48,1.73,warning,-9.10,,CAMERA_ONLY
0,761.6008,cam_8,CAM_ONLY,18.1665,,10.7765,7.3899,,68.5739,,0,,12.65,0.86,warning,-9.10,,CAMERA_ONLY
0,761.6782,t4922,BOTH,18.1758,11.1050,10.7765,7.3993,0.3285,68.6611,3.0482,0,1,17.83,1.39,warning,-9.14,,FULL_ANGLE
0,761.6782,t4903,LIDAR_ONLY,20.0720,20.0720,11.1436,8.9284,8.9284,80.1217,80.1217,0,0,17.83,1.39,drive,19.95,front,LIDAR_ONLY
0,761.7390,cam_8,CAM_ONLY,18.1764,,10.7765,7.3999,,68.6663,,0,,10.54,0.98,warning,-9.10,,CAMERA_ONLY
0,761.8020,cam_8,CAM_ONLY,18.1407,,10.7765,7.3642,,68.3353,,0,,16.42,1.03,warning,-9.14,,CAMERA_ONLY
0,761.8611,t4922,BOTH,18.1447,11.0805,10.7765,7.3682,0.3039,68.3723,2.8204,0,1,10.84,0.86,warning,-9.14,,FULL_ANGLE
0,761.8611,t4903,LIDAR_ONLY,20.1419,20.1419,11.1436,8.9983,8.9983,80.7484,80.7484,0,0,10.84,0.86,drive,25.07,front,LIDAR_ONLY
0,761.9284,t4922,BOTH,18.1742,11.0752,10.7765,7.3977,0.2986,68.6462,2.7710,0,1,14.80,1.23,warning,-9.10,,FULL_ANGLE
0,761.9284,t4903,LIDAR_ONLY,19.7423,19.7423,11.1436,8.5987,8.5987,77.1631,77.1631,0,0,14.80,1.23,drive,27.47,front,LIDAR_ONLY
0,761.9284,t4922,LIDAR_ONLY,11.1272,11.1272,10.7765,0.3506,0.3506,3.2537,3.2537,1,1,14.80,1.23,cautious,-4.79,front,LIDAR_ONLY
0,761.9284,t4903,LIDAR_ONLY,18.0941,18.0941,11.1436,6.9505,6.9505,62.3719,62.3719,0,0,14.80,1.23,drive,23.44,front,LIDAR_ONLY
0,762.0056,cam_8,CAM_ONLY,18.1063,,10.7765,7.3298,,68.0160,,0,,20.51,1.00,warning,-9.14,,CAMERA_ONLY
0,762.0747,t4922,BOTH,18.1304,11.1556,10.7765,7.3539,0.3791,68.2396,3.5175,0,1,17.82,1.38,warning,-9.14,,FULL_ANGLE
0,762.0747,t4903,LIDAR_ONLY,18.1385,18.1385,,,,,,,,17.82,1.38,drive,27.05,front,LIDAR_ONLY
0,762.0747,t4922,LIDAR_ONLY,11.1711,11.1711,10.7765,0.3945,0.3945,3.6611,3.6611,1,1,17.82,1.38,cautious,-6.30,front,LIDAR_ONLY
0,762.0747,t4930,LIDAR_ONLY,9.4771,9.4771,8.8092,0.6679,0.6679,7.5816,7.5816,1,1,17.82,1.38,slow,10.38,front,LIDAR_ONLY
0,762.1427,cam_8,CAM_ONLY,18.1315,,10.7765,7.3549,,68.2492,,0,,16.83,1.40,warning,-9.10,,CAMERA_ONLY
0,762.2034,cam_8,CAM_ONLY,18.1649,,10.7765,7.3883,,68.5591,,0,,12.59,0.93,warning,-9.10,,CAMERA_ONLY
0,762.2747,cam_8,CAM_ONLY,18.1277,,10.7765,7.3512,,68.2145,,0,,22.41,3.50,warning,-9.10,,CAMERA_ONLY
0,762.3501,cam_8,CAM_ONLY,18.1111,,10.7765,7.3345,,68.0602,,0,,16.93,1.31,warning,-9.10,,CAMERA_ONLY
0,762.4173,t4940,BOTH,18.1489,11.1570,10.7765,7.3723,0.3804,68.4107,3.5301,0,1,19.42,1.01,warning,-9.10,,FULL_ANGLE
0,762.4173,t4940,LIDAR_ONLY,11.0983,11.0983,10.7765,0.3218,0.3218,2.9860,2.9860,1,1,19.42,1.01,cautious,-6.57,front,LIDAR_ONLY
0,762.4977,cam_8,CAM_ONLY,18.1692,,10.7765,7.3927,,68.5996,,0,,20.83,1.38,warning,-9.10,,CAMERA_ONLY
0,762.5547,cam_8,CAM_ONLY,18.1304,,10.7765,7.3539,,68.2395,,0,,15.99,0.95,warning,-9.06,,CAMERA_ONLY
0,762.6254,t4940,BOTH,18.1363,11.1081,10.7765,7.3598,0.3316,68.2943,3.0770,0,1,17.94,1.34,warning,-9.10,,FULL_ANGLE
0,762.6254,t4945,LIDAR_ONLY,21.9819,21.9819,,,,,,,,17.94,1.34,drive,26.81,front,LIDAR_ONLY
0,762.6254,t4940,LIDAR_ONLY,11.1065,11.1065,10.7765,0.3300,0.3300,3.0618,3.0618,1,1,17.94,1.34,cautious,-5.49,front,LIDAR_ONLY
0,762.6254,t4947,LIDAR_ONLY,9.3765,9.3765,11.1436,1.7671,1.7671,15.8579,15.8579,0,0,17.94,1.34,slow,10.66,front,LIDAR_ONLY
0,762.6254,t4947,LIDAR_ONLY,9.7979,9.7979,11.1436,1.3457,1.3457,12.0760,12.0760,0,0,17.94,1.34,slow,18.73,front,LIDAR_ONLY
0,762.6881,cam_8,CAM_ONLY,18.1593,,10.7765,7.3827,,68.5075,,0,,15.87,1.76,warning,-9.14,,CAMERA_ONLY
0,762.7476,cam_8,CAM_ONLY,18.1335,,10.7765,7.3570,,68.2683,,0,,14.82,1.21,warning,-9.10,,CAMERA_ONLY
0,762.8079,cam_8,CAM_ONLY,18.1573,,10.7765,7.3808,,68.4894,,0,,17.18,1.19,warning,-9.10,,CAMERA_ONLY
0,762.8840,cam_8,CAM_ONLY,18.1439,,10.7765,7.3674,,68.3649,,0,,21.13,2.44,warning,-9.10,,CAMERA_ONLY
0,762.9474,cam_8,CAM_ONLY,18.1542,,10.7765,7.3777,,68.4607,,0,,11.64,0.92,warning,-9.10,,CAMERA_ONLY
0,763.0119,cam_8,CAM_ONLY,18.1202,,10.7765,7.3437,,68.1451,,0,,13.67,1.34,warning,-9.14,,CAMERA_ONLY
0,763.0734,cam_8,CAM_ONLY,18.1485,,10.7765,7.3719,,68.4071,,0,,12.60,1.61,warning,-9.14,,CAMERA_ONLY
0,763.0734,t4962,LIDAR_ONLY,33.6779,33.6779,11.1436,22.5343,22.5343,202.2175,202.2175,0,0,12.60,1.61,drive,17.12,front,LIDAR_ONLY
0,763.0734,t4963,LIDAR_ONLY,20.0019,20.0019,11.1436,8.8583,8.8583,79.4920,79.4920,0,0,12.60,1.61,drive,29.69,front,LIDAR_ONLY
0,763.0734,t4963,LIDAR_ONLY,16.8134,16.8134,11.1436,5.6698,5.6698,50.8793,50.8793,0,0,12.60,1.61,drive,25.50,front,LIDAR_ONLY
0,763.1383,cam_8,CAM_ONLY,18.1534,,10.7765,7.3768,,68.4524,,0,,13.16,1.73,warning,-9.10,,CAMERA_ONLY
0,763.2070,cam_8,CAM_ONLY,18.1198,,10.7765,7.3433,,68.1412,,0,,15.43,1.05,warning,-9.10,,CAMERA_ONLY
0,763.2651,t4968,BOTH,18.1381,11.1042,23.6438,5.5057,12.5396,23.2859,53.0354,0,0,12.98,1.20,warning,-9.10,,FULL_ANGLE
0,763.2651,t4967,LIDAR_ONLY,28.2071,28.2071,,,,,,,,12.98,1.20,drive,-24.49,front,LIDAR_ONLY
0,763.2651,t4968,LIDAR_ONLY,11.1146,11.1146,23.6438,12.5292,12.5292,52.9914,52.9914,0,0,12.98,1.20,cautious,-12.03,front,LIDAR_ONLY
0,763.2651,t4962,LIDAR_ONLY,18.5359,18.5359,8.8092,9.7267,9.7267,110.4149,110.4149,0,0,12.98,1.20,drive,8.72,front,LIDAR_ONLY
0,763.3174,t4968,BOTH,18.1559,11.1023,10.7765,7.3793,0.3257,68.4760,3.0224,0,1,10.35,1.13,warning,-9.10,,FULL_ANGLE
0,763.3174,t4962,LIDAR_ONLY,15.4642,15.4642,8.8092,6.6549,6.6549,75.5450,75.5450,0,0,10.35,1.13,drive,10.11,front,LIDAR_ONLY
0,763.3817,cam_8,CAM_ONLY,18.1295,,10.7765,7.3530,,68.2312,,0,,19.25,1.92,warning,-9.14,,CAMERA_ONLY
0,763.4367,cam_8,CAM_ONLY,18.1223,,10.7765,7.3458,,68.1644,,0,,9.75,1.14,warning,-9.14,,CAMERA_ONLY
0,763.4954,cam_8,CAM_ONLY,18.1082,,10.7765,7.3316,,68.0332,,0,,9.91,0.98,warning,-9.10,,CAMERA_ONLY
0,763.5515,cam_8,CAM_ONLY,18.1278,,10.7765,7.3513,,68.2155,,0,,10.49,1.00,warning,-9.10,,CAMERA_ONLY
0,763.6174,cam_8,CAM_ONLY,18.1782,,10.7765,7.4016,,68.6825,,0,,20.35,1.29,warning,-9.10,,CAMERA_ONLY
0,763.6174,t4987,LIDAR_ONLY,9.4052,9.4052,11.1436,1.7384,1.7384,15.6002,15.6002,0,0,20.35,1.29,slow,9.21,front,LIDAR_ONLY
0,763.6174,t4987,LIDAR_ONLY,9.9047,9.9047,11.1436,1.2389,1.2389,11.1175,11.1175,0,0,20.35,1.29,slow,17.62,front,LIDAR_ONLY
0,763.6840,cam_8,CAM_ONLY,18.1479,,10.7765,7.3713,,68.4017,,0,,20.58,1.80,warning,-9.10,,CAMERA_ONLY
0,763.7498,cam_8,CAM_ONLY,18.1422,,10.7765,7.3657,,68.3491,,0,,17.97,0.89,warning,-9.14,,CAMERA_ONLY
0,763.8143,t4993,BOTH,18.1546,11.0601,10.7765,7.3780,0.2836,68.4635,2.6314,0,1,16.30,0.93,warning,-9.14,,FULL_ANGLE
0,763.8143,t4993,LIDAR_ONLY,11.0525,11.0525,10.7765,0.2760,0.2760,2.5608,2.5608,1,1,16.30,0.93,cautious,-6.85,front,LIDAR_ONLY
0,763.8685,t4993,BOTH,18.1563,11.0819,23.6449,5.4886,12.5631,23.2126,53.1322,0,0,12.36,1.28,warning,-9.14,,FULL_ANGLE
0,763.8685,t4995,LIDAR_ONLY,20.3212,20.3212,,,,,,,,12.36,1.28,drive,29.18,front,LIDAR_ONLY
0,763.8685,t4993,LIDAR_ONLY,11.0757,11.0757,23.6449,12.5693,12.5693,53.1585,53.1585,0,0,12.36,1.28,cautious,-12.55,front,LIDAR_ONLY
0,763.9231,t4993,BOTH,18.1237,11.0920,10.7765,7.3471,0.3155,68.1769,2.9274,0,1,9.57,0.87,warning,-9.14,,FULL_ANGLE
0,763.9231,t4995,LIDAR_ONLY,20.5167,20.5167,,,,,,,,9.57,0.87,drive,27.06,front,LIDAR_ONLY
0,763.9231,t4993,LIDAR_ONLY,11.0863,11.0863,10.7765,0.3097,0.3097,2.8742,2.8742,1,1,9.57,0.87,cautious,-5.40,front,LIDAR_ONLY
0,763.9860,cam_8,CAM_ONLY,18.1447,,10.7765,7.3682,,68.3722,,0,,11.76,1.25,warning,-9.10,,CAMERA_ONLY
0,764.0445,cam_8,CAM_ONLY,18.1255,,10.7765,7.3489,,68.1935,,0,,11.55,0.92,warning,-9.10,,CAMERA_ONLY
0,764.1099,cam_8,CAM_ONLY,18.1411,,10.7765,7.3646,,68.3389,,0,,15.87,1.03,warning,-9.10,,CAMERA_ONLY
0,764.1698,cam_8,CAM_ONLY,18.1390,,10.7765,7.3625,,68.3194,,0,,10.84,1.44,warning,-9.10,,CAMERA_ONLY
0,764.1698,t5007,LIDAR_ONLY,9.3931,9.3931,8.8092,0.5839,0.5839,6.6282,6.6282,1,1,10.84,1.44,slow,9.90,front,LIDAR_ONLY
0,764.1698,t5008,LIDAR_ONLY,12.2417,12.2417,11.1436,1.0981,1.0981,9.8539,9.8539,0,0,10.84,1.44,cautious,22.12,front,LIDAR_ONLY
0,764.2372,cam_8,CAM_ONLY,18.1547,,10.7765,7.3781,,68.4648,,0,,16.13,1.56,warning,-9.10,,CAMERA_ONLY
0,764.3033,cam_8,CAM_ONLY,18.1120,,10.7765,7.3355,,68.0687,,0,,19.30,1.05,warning,-9.14,,CAMERA_ONLY
0,764.3711,t5012,BOTH,18.1669,11.2865,10.7765,7.3903,0.5100,68.5780,4.7323,0,1,19.14,1.05,warning,-9.14,,FULL_ANGLE
0,764.3711,t5008,LIDAR_ONLY,14.1064,14.1064,11.1436,2.9628,2.9628,26.5879,26.5879,0,0,19.14,1.05,cautious,23.70,front,LIDAR_ONLY
0,764.3711,t5008,LIDAR_ONLY,14.8227,14.8227,11.1436,3.6791,3.6791,33.0158,33.0158,0,0,19.14,1.05,cautious,19.61,front,LIDAR_ONLY
0,764.3711,t5008,LIDAR_ONLY,15.0142,15.0142,11.1436,3.8706,3.8706,34.7337,34.7337,0,0,19.14,1.05,cautious,23.70,front,LIDAR_ONLY
0,764.4438,cam_8,CAM_ONLY,18.1628,,10.7765,7.3863,,68.5404,,0,,20.99,1.54,warning,-9.10,,CAMERA_ONLY
0,764.5036,cam_8,CAM_ONLY,18.1233,,10.7765,7.3467,,68.1732,,0,,9.92,0.98,warning,-9.10,,CAMERA_ONLY
0,764.5698,t5012,BOTH,18.1218,11.1857,10.7765,7.3453,0.4092,68.1599,3.7970,0,1,15.67,1.21,warning,-9.10,,FULL_ANGLE
0,764.5698,t5008,LIDAR_ONLY,15.7626,15.7626,11.1436,4.6190,4.6190,41.4497,41.4497,0,0,15.67,1.21,drive,22.71,front,LIDAR_ONLY
0,764.5698,t5008,LIDAR_ONLY,16.8664,16.8664,11.1436,5.7228,5.7228,51.3548,51.3548,0,0,15.67,1.21,drive,26.85,front,LIDAR_ONLY
0,764.5698,t5012,LIDAR_ONLY,11.1285,11.1285,10.7765,0.3520,0.3520,3.2662,3.2662,1,1,15.67,1.21,cautious,-6.30,front,LIDAR_ONLY
0,764.5698,t5017,LIDAR_ONLY,9.4611,9.4611,8.8092,0.6519,0.6519,7.3996,7.3996,1,1,15.67,1.21,slow,10.28,front,LIDAR_ONLY
0,764.5698,t5008,LIDAR_ONLY,16.9242,16.9242,11.1436,5.7806,5.7806,51.8740,51.8740,0,0,15.67,1.21,drive,18.56,front,LIDAR_ONLY
0,764.6294,t5012,BOTH,18.1455,11.2132,10.7765,7.3690,0.4366,68.3796,4.0515,0,1,10.66,1.49,warning,-9.10,,FULL_ANGLE
0,764.6294,t5021,LIDAR_ONLY,20.7118,20.7118,11.1436,9.5682,9.5682,85.8627,85.8627,0,0,10.66,1.49,drive,28.59,front,LIDAR_ONLY
0,764.6294,t5021,LIDAR_ONLY,21.1287,21.1287,11.1436,9.9851,9.9851,89.6037,89.6037,0,0,10.66,1.49,drive,24.42,front,LIDAR_ONLY
0,764.6294,t5008,LIDAR_ONLY,16.9599,16.9599,11.1436,5.8163,5.8163,52.1938,52.1938,0,0,10.66,1.49,drive,20.26,front,LIDAR_ONLY
0,764.6921,cam_8,CAM_ONLY,18.1362,,10.7765,7.3597,,68.2935,,0,,17.25,1.34,warning,-9.06,,CAMERA_ONLY
0,764.7502,cam_8,CAM_ONLY,18.1448,,10.7765,7.3683,,68.3733,,0,,10.03,1.11,warning,-9.14,,CAMERA_ONLY
0,764.8105,t5012,BOTH,18.1536,11.2467,10.7765,7.3770,0.4701,68.4546,4.3624,0,1,18.60,0.98,warning,-9.10,,FULL_ANGLE
0,764.8105,t5012,LIDAR_ONLY,11.2631,11.2631,10.7765,0.4865,0.4865,4.5146,4.5146,1,1,18.60,0.98,cautious,-5.36,front,LIDAR_ONLY
0,764.8745,t5012,BOTH,18.1420,11.2759,10.7765,7.3655,0.4993,68.3473,4.6335,0,1,14.22,1.02,warning,-9.10,,FULL_ANGLE
0,764.8745,t5030,LIDAR_ONLY,26.7832,26.7832,11.1436,15.6396,15.6396,140.3465,140.3465,0,0,14.22,1.02,drive,21.74,front,LIDAR_ONLY
0,764.8745,t5030,LIDAR_ONLY,24.7641,24.7641,11.1436,13.6205,13.6205,122.2270,122.2270,0,0,14.22,1.02,drive,25.81,front,LIDAR_ONLY
0,764.8745,t5012,LIDAR_ONLY,11.2810,11.2810,10.7765,0.5045,0.5045,4.6811,4.6811,1,1,14.22,1.02,cautious,-6.74,front,LIDAR_ONLY
0,764.8745,t5031,LIDAR_ONLY,9.4470,9.4470,8.8092,0.6378,0.6378,7.2402,7.2402,1,1,14.22,1.02,slow,9.54,front,LIDAR_ONLY
0,764.9464,cam_8,CAM_ONLY,18.1059,,10.7765,7.3294,,68.0123,,0,,18.25,1.27,warning,-9.14,,CAMERA_ONLY
0,765.0099,t5012,BOTH,18.1386,11.0894,10.7765,7.3621,0.3128,68.3155,2.9029,0,1,14.26,0.95,warning,-9.10,,FULL_ANGLE
0,765.0729,t5012,BOTH,18.1093,11.0900,10.7765,7.3327,0.3134,68.0432,2.9082,0,1,16.02,1.24,warning,-9.06,,FULL_ANGLE
0,765.0729,t5030,LIDAR_ONLY,23.7114,23.7114,,,,,,,,16.02,1.24,drive,27.27,front,LIDAR_ONLY
0,765.0729,t5012,LIDAR_ONLY,11.0935,11.0935,10.7765,0.3169,0.3169,2.9409,2.9409,1,1,16.02,1.24,cautious,-5.31,front,LIDAR_ONLY
0,765.1474,cam_8,CAM_ONLY,18.1298,,10.7765,7.3533,,68.2341,,0,,17.24,0.96,warning,-9.06,,CAMERA_ONLY
0,765.2017,cam_8,CAM_ONLY,18.1633,,10.7765,7.3867,,68.5443,,0,,11.76,1.01,warning,-9.14,,CAMERA_ONLY
0,765.2597,cam_8,CAM_ONLY,18.1702,,10.7765,7.3936,,68.6084,,0,,16.38,1.12,warning,-9.10,,CAMERA_ONLY
0,765.3173,t5041,BOTH,18.1309,11.1751,10.7765,7.3543,0.3986,68.2438,3.6985,0,1,15.52,1.05,warning,-9.10,,FULL_ANGLE
0,765.3904,cam_8,CAM_ONLY,18.1485,,10.7765,7.3719,,68.4070,,0,,10.63,0.86,warning,-9.14,,CAMERA_ONLY
0,765.4548,cam_8,CAM_ONLY,18.1671,,10.7765,7.3906,,68.5802,,0,,16.63,0.89,warning,-9.10,,CAMERA_ONLY
0,765.5243,t5041,BOTH,18.1215,11.1379,23.6485,5.5270,12.5106,23.3715,52.9024,0,0,17.07,1.46,warning,-9.10,,FULL_ANGLE
0,765.5243,t5045,LIDAR_ONLY,23.3629,23.3629,11.1436,12.2193,12.2193,109.6533,109.6533,0,0,17.07,1.46,drive,25.12,front,LIDAR_ONLY
0,765.5243,t5045,LIDAR_ONLY,24.7094,24.7094,11.1436,13.5658,13.5658,121.7360,121.7360,0,0,17.07,1.46,drive,16.95,front,LIDAR_ONLY
0,765.5243,t5041,LIDAR_ONLY,11.1706,11.1706,23.6485,12.4779,12.4779,52.7642,52.7642,0,0,17.07,1.46,cautious,-11.62,front,LIDAR_ONLY
0,765.5243,t5045,LIDAR_ONLY,21.1097,21.1097,11.1436,9.9661,9.9661,89.4330,89.4330,0,0,17.07,1.46,drive,8.79,front,LIDAR_ONLY
0,765.5243,t5045,LIDAR_ONLY,19.1802,19.1802,11.1436,8.0366,8.0366,72.1186,72.1186,0,0,17.07,1.46,drive,16.95,front,LIDAR_ONLY
0,765.5243,t5045,LIDAR_ONLY,18.0583,18.0583,11.1436,6.9147,6.9147,62.0512,62.0512,0,0,17.07,1.46,drive,25.12,front,LIDAR_ONLY
0,765.5991,cam_8,CAM_ONLY,18.1505,,10.7765,7.3739,,68.4255,,0,,24.06,1.34,warning,-9.10,,CAMERA_ONLY
0,765.6692,t5041,BOTH,18.1490,11.1111,10.7765,7.3725,0.3346,68.4124,3.1048,0,1,16.45,0.88,warning,-9.14,,FULL_ANGLE
0,765.6692,t5041,LIDAR_ONLY,11.1118,11.1118,10.7765,0.3352,0.3352,3.1105,3.1105,1,1,16.45,0.88,cautious,-6.24,front,LIDAR_ONLY
0,765.6692,t5051,LIDAR_ONLY,9.3484,9.3484,8.8092,0.5392,0.5392,6.1211,6.1211,1,1,16.45,0.88,slow,10.38,front,LIDAR_ONLY
0,765.7380,cam_8,CAM_ONLY,18.1819,,10.7765,7.4053,,68.7169,,0,,10.81,1.04,warning,-9.14,,CAMERA_ONLY
0,765.8127,cam_8,CAM_ONLY,18.1346,,10.7765,7.3581,,68.2786,,0,,18.87,1.02,warning,-9.14,,CAMERA_ONLY
0,765.8688,t5041,BOTH,18.1453,11.0977,10.7765,7.3687,0.3212,68.3772,2.9803,0,1,11.99,1.33,warning,-9.10,,FULL_ANGLE
0,765.8688,t5058,LIDAR_ONLY,24.7543,24.7543,,,,,,,,11.99,1.33,drive,23.62,front,LIDAR_ONLY
0,765.8688,t5051,LIDAR_ONLY,12.9145,12.9145,11.1436,1.7709,1.7709,15.8916,15.8916,0,0,11.99,1.33,slow,15.48,front,LIDAR_ONLY
0,765.8688,t5058,LIDAR_ONLY,23.0268,23.0268,,,,,,,,11.99,1.33,drive,27.69,front,LIDAR_ONLY
0,765.8688,t5041,LIDAR_ONLY,11.1017,11.1017,10.7765,0.3252,0.3252,3.0175,3.0175,1,1,11.99,1.33,cautious,-13.01,front,LIDAR_ONLY
0,765.8688,t5041,LIDAR_ONLY,11.1466,11.1466,10.7765,0.3701,0.3701,3.4340,3.4340,1,1,11.99,1.33,cautious,-4.87,front,LIDAR_ONLY
0,765.8688,t5051,LIDAR_ONLY,14.6296,14.6296,11.1436,3.4860,3.4860,31.2826,31.2826,0,0,11.99,1.33,slow,19.55,front,LIDAR_ONLY
0,765.9388,cam_8,CAM_ONLY,18.1487,,10.7765,7.3721,,68.4091,,0,,19.79,1.95,warning,-9.10,,CAMERA_ONLY
0,765.9388,t5058,LIDAR_ONLY,22.3333,22.3333,,,,,,,,19.79,1.95,drive,28.22,front,LIDAR_ONLY
0,766.0064,cam_8,CAM_ONLY,18.1221,,10.7765,7.3455,,68.1623,,0,,19.71,1.16,warning,-9.14,,CAMERA_ONLY
0,766.0780,t5041,BOTH,18.1329,11.1827,10.7765,7.3564,0.4061,68.2627,3.7688,0,1,19.38,1.57,warning,-9.14,,FULL_ANGLE
0,766.0780,t5058,LIDAR_ONLY,21.9621,21.9621,,,,,,,,19.38,1.57,drive,28.05,front,LIDAR_ONLY
0,766.0780,t5051,LIDAR_ONLY,16.5630,16.5630,11.1436,5.4194,5.4194,48.6328,48.6328,0,0,19.38,1.57,slow,19.80,front,LIDAR_ONLY
0,766.0780,t5041,LIDAR_ONLY,11.2333,11.2333,10.7765,0.4567,0.4567,4.2380,4.2380,1,1,19.38,1.57,cautious,-4.93,front,LIDAR_ONLY
0,766.0780,t5051,LIDAR_ONLY,17.4227,17.4227,11.1436,6.2791,6.2791,56.3471,56.3471,0,0,19.38,1.57,drive,23.93,front,LIDAR_ONLY
0,766.1567,cam_8,CAM_ONLY,18.1346,,10.7765,7.3580,,68.2780,,0,,23.05,1.12,warning,-9.14,,CAMERA_ONLY
0,766.2279,t5041,BOTH,18.1426,11.2753,10.7765,7.3661,0.4987,68.3530,4.6278,0,1,17.58,0.90,warning,-9.10,,FULL_ANGLE
0,766.2279,t5058,LIDAR_ONLY,21.8690,21.8690,,,,,,,,17.58,0.90,drive,27.49,front,LIDAR_ONLY
0,766.2279,t5041,LIDAR_ONLY,11.2967,11.2967,10.7765,0.5201,0.5201,4.8266,4.8266,1,1,17.58,0.90,cautious,-5.56,front,LIDAR_ONLY
0,766.2905,cam_8,CAM_ONLY,18.1388,,10.7765,7.3623,,68.3177,,0,,13.96,1.67,warning,-9.14,,CAMERA_ONLY
0,766.3603,cam_8,CAM_ONLY,18.1325,,10.7765,7.3560,,68.2589,,0,,17.41,1.09,warning,-9.14,,CAMERA_ONLY
0,766.4371,cam_8,CAM_ONLY,18.1501,,10.7765,7.3736,,68.4222,,0,,22.36,3.70,warning,-9.14,,CAMERA_ONLY
0,766.5008,cam_8,CAM_ONLY,18.1919,,10.7765,7.4153,,68.8098,,0,,12.05,0.86,warning,-9.10,,CAMERA_ONLY
0,766.5805,cam_8,CAM_ONLY,18.1202,,10.7765,7.3436,,68.1446,,0,,24.03,4.16,warning,-9.14,,CAMERA_ONLY
0,766.6575,cam_8,CAM_ONLY,18.1418,,10.7765,7.3652,,68.3451,,0,,13.31,0.87,warning,-9.14,,CAMERA_ONLY
0,766.7217,t5085,BOTH,18.1638,11.1382,23.6509,5.4871,12.5127,23.2006,52.9060,0,0,18.60,1.09,warning,-9.14,,FULL_ANGLE
0,766.7217,t5083,LIDAR_ONLY,28.2341,28.2341,,,,,,,,18.60,1.09,drive,-24.46,front,LIDAR_ONLY
0,766.7217,t5085,LIDAR_ONLY,11.2188,11.2188,23.6509,12.4321,12.4321,52.5651,52.5651,0,0,18.60,1.09,cautious,-11.99,front,LIDAR_ONLY
0,766.7217,t5086,LIDAR_ONLY,23.1191,23.1191,,,,,,,,18.60,1.09,drive,25.40,front,LIDAR_ONLY
0,766.7217,t5086,LIDAR_ONLY,21.5881,21.5881,,,,,,,,18.60,1.09,drive,29.56,front,LIDAR_ONLY
0,766.7942,cam_8,CAM_ONLY,18.1503,,10.7765,7.3738,,68.4242,,0,,15.64,1.64,warning,-9.10,,CAMERA_ONLY
0,766.8554,cam_8,CAM_ONLY,18.1422,,10.7765,7.3657,,68.3492,,0,,10.84,1.05,warning,-9.10,,CAMERA_ONLY
0,766.9161,t5085,BOTH,18.1453,11.1246,10.7765,7.3688,0.3480,68.3781,3.2296,0,1,12.14,1.12,warning,-9.14,,FULL_ANGLE
0,766.9161,t5086,LIDAR_ONLY,21.8853,21.8853,11.1436,10.7417,10.7417,96.3935,96.3935,0,0,12.14,1.12,drive,23.79,front,LIDAR_ONLY
0,766.9161,t5086,LIDAR_ONLY,21.9620,21.9620,11.1436,10.8184,10.8184,97.0817,97.0817,0,0,12.14,1.12,drive,27.93,front,LIDAR_ONLY
0,766.9161,t5086,LIDAR_ONLY,20.2861,20.2861,11.1436,9.1425,9.1425,82.0431,82.0431,0,0,12.14,1.12,drive,19.65,front,LIDAR_ONLY
0,766.9767,t5085,BOTH,18.1754,11.1185,23.6516,5.4762,12.5330,23.1537,52.9903,0,0,10.26,1.26,warning,-9.14,,FULL_ANGLE
0,766.9767,t5086,LIDAR_ONLY,19.8081,19.8081,,,,,,,,10.26,1.26,drive,29.06,front,LIDAR_ONLY
0,766.9767,t5085,LIDAR_ONLY,11.1278,11.1278,23.6516,12.5238,12.5238,52.9511,52.9511,0,0,10.26,1.26,cautious,-11.61,front,LIDAR_ONLY
0,766.9767,t5091,LIDAR_ONLY,9.5329,9.5329,8.8092,0.7236,0.7236,8.2146,8.2146,1,1,10.26,1.26,slow,8.72,front,LIDAR_ONLY
0,767.0591,t5085,BOTH,18.1572,11.1004,10.7765,7.3807,0.3239,68.4885,3.0052,0,1,19.46,0.99,warning,-9.14,,FULL_ANGLE
0,767.0591,t5085,LIDAR_ONLY,11.1472,11.1472,10.7765,0.3707,0.3707,3.4395,3.4395,1,1,19.46,0.99,cautious,-4.86,front,LIDAR_ONLY
0,767.1214,t5085,BOTH,18.1146,11.1814,10.7765,7.3380,0.4049,68.0925,3.7568,0,1,16.69,0.99,warning,-9.14,,FULL_ANGLE
0,767.1214,t5086,LIDAR_ONLY,20.0687,20.0687,11.1436,8.9251,8.9251,80.0918,80.0918,0,0,16.69,0.99,drive,23.38,front,LIDAR_ONLY
0,767.1214,t5086,LIDAR_ONLY,18.5675,18.5675,11.1436,7.4239,7.4239,66.6206,66.6206,0,0,16.69,0.99,drive,19.33,front,LIDAR_ONLY
0,767.1807,cam_8,CAM_ONLY,18.1544,,10.7765,7.3779,,68.4622,,0,,10.58,1.47,warning,-9.14,,CAMERA_ONLY
0,767.2509,cam_8,CAM_ONLY,18.1601,,10.7765,7.3836,,68.5154,,0,,21.55,1.04,warning,-9.10,,CAMERA_ONLY
0,767.3207,t5085,BOTH,18.1213,11.2060,10.7765,7.3447,0.4295,68.1548,3.9854,0,1,17.07,1.03,warning,-9.10,,FULL_ANGLE
0,767.3814,cam_8,CAM_ONLY,18.1355,,10.7765,7.3589,,68.2863,,0,,12.56,1.45,warning,-9.14,,CAMERA_ONLY
0,767.4489,cam_8,CAM_ONLY,18.1538,,10.7765,7.3773,,68.4566,,0,,17.42,0.92,warning,-9.14,,CAMERA_ONLY
0,767.5037,cam_8,CAM_ONLY,18.1393,,10.7765,7.3627,,68.3216,,0,,11.24,1.10,warning,-9.14,,CAMERA_ONLY
0,767.5688,t5109,BOTH,18.1617,11.1424,23.6526,5.4909,12.5102,23.2148,52.8914,0,0,17.60,0.92,warning,-9.10,,FULL_ANGLE
0,767.5688,t5108,LIDAR_ONLY,28.1820,28.1820,,,,,,,,17.60,0.92,drive,-24.63,front,LIDAR_ONLY
0,767.5688,t5109,LIDAR_ONLY,11.2476,11.2476,23.6526,12.4050,12.4050,52.4468,52.4468,0,0,17.60,0.92,cautious,-12.40,front,LIDAR_ONLY
0,767.6300,cam_8,CAM_ONLY,18.1568,,10.7765,7.3802,,68.4842,,0,,11.94,1.57,warning,-9.10,,CAMERA_ONLY
0,767.6876,cam_8,CAM_ONLY,18.1435,,10.7765,7.3669,,68.3605,,0,,13.61,1.68,warning,-9.10,,CAMERA_ONLY
0,767.7535,cam_8,CAM_ONLY,18.1326,,10.7765,7.3561,,68.2602,,0,,14.70,0.93,warning,-9.14,,CAMERA_ONLY
0,767.8228,t5118,BOTH,18.1745,11.0608,10.7765,7.3980,0.2842,68.6487,2.6376,0,1,16.21,0.98,warning,-9.14,,FULL_ANGLE
0,767.8228,t5117,LIDAR_ONLY,48.7037,48.7037,8.8092,39.8945,39.8945,452.8721,452.8721,0,0,16.21,0.98,drive,5.54,front,LIDAR_ONLY
0,767.8228,t5118,LIDAR_ONLY,11.0558,11.0558,10.7765,0.2792,0.2792,2.5909,2.5909,1,1,16.21,0.98,cautious,-6.73,front,LIDAR_ONLY
0,767.8955,cam_8,CAM_ONLY,18.1694,,10.7765,7.3929,,68.6015,,0,,23.83,1.49,warning,-9.14,,CAMERA_ONLY
0,767.9594,cam_8,CAM_ONLY,18.1290,,10.7765,7.3525,,68.2266,,0,,12.99,0.94,warning,-9.10,,CAMERA_ONLY
0,768.0285,cam_8,CAM_ONLY,18.1315,,10.7765,7.3549,,68.2492,,0,,18.19,1.49,warning,-9.10,,CAMERA_ONLY
0,768.0285,t5126,LIDAR_ONLY,23.3217,23.3217,11.1436,12.1782,12.1782,109.2839,109.2839,0,0,18.19,1.49,drive,25.17,front,LIDAR_ONLY
0,768.0285,t5126,LIDAR_ONLY,18.6270,18.6270,11.1436,7.4834,7.4834,67.1544,67.1544,0,0,18.19,1.49,drive,16.76,front,LIDAR_ONLY
0,768.0285,t5117,LIDAR_ONLY,26.5426,26.5426,8.8092,17.7334,17.7334,201.3046,201.3046,0,0,18.19,1.49,drive,8.36,front,LIDAR_ONLY
0,768.0976,cam_8,CAM_ONLY,18.1315,,10.7765,7.3550,,68.2499,,0,,18.58,0.88,warning,-9.10,,CAMERA_ONLY
0,768.1676,t5130,BOTH,18.1291,11.1072,23.6539,5.5248,12.5467,23.3566,53.0430,0,0,19.20,1.02,warning,-9.10,,FULL_ANGLE
0,768.1676,t5129,LIDAR_ONLY,28.1992,28.1992,,,,,,,,19.20,1.02,drive,-24.75,front,LIDAR_ONLY
0,768.1676,t5130,LIDAR_ONLY,11.2016,11.2016,23.6539,12.4523,12.4523,52.6438,52.6438,0,0,19.20,1.02,cautious,-12.15,front,LIDAR_ONLY
0,768.2456,cam_8,CAM_ONLY,18.1244,,10.7765,7.3479,,68.1837,,0,,15.54,1.66,warning,-9.06,,CAMERA_ONLY
0,768.3059,cam_8,CAM_ONLY,18.1165,,10.7765,7.3399,,68.1103,,0,,12.24,1.02,warning,-9.10,,CAMERA_ONLY
0,768.3634,t5130,BOTH,18.1713,11.1280,23.6541,5.4828,12.5261,23.1790,52.9551,0,0,10.27,0.99,warning,-9.14,,FULL_ANGLE
0,768.3634,t5141,LIDAR_ONLY,20.7943,20.7943,11.1436,9.6507,9.6507,86.6031,86.6031,0,0,10.27,0.99,drive,28.46,front,LIDAR_ONLY
0,768.3634,t5141,LIDAR_ONLY,21.1642,21.1642,11.1436,10.0206,10.0206,89.9222,89.9222,0,0,10.27,0.99,drive,24.28,front,LIDAR_ONLY
0,768.3634,t5130,LIDAR_ONLY,11.1232,11.1232,23.6541,12.5309,12.5309,52.9756,52.9756,0,0,10.27,0.99,cautious,-13.36,front,LIDAR_ONLY
0,768.4249,t5130,BOTH,18.1142,11.1338,10.7765,7.3377,0.3572,68.0892,3.3149,0,1,18.08,1.18,warning,-9.14,,FULL_ANGLE
0,768.4249,t5141,LIDAR_ONLY,21.5030,21.5030,11.1436,10.3594,10.3594,92.9629,92.9629,0,0,18.08,1.18,drive,25.53,front,LIDAR_ONLY
0,768.4249,t5130,LIDAR_ONLY,11.1097,11.1097,10.7765,0.3331,0.3331,3.0912,3.0912,1,1,18.08,1.18,cautious,-6.83,front,LIDAR_ONLY
0,768.4249,t5141,LIDAR_ONLY,22.4152,22.4152,11.1436,11.2716,11.2716,101.1485,101.1485,0,0,18.08,1.18,drive,17.44,front,LIDAR_ONLY
0,768.4249,t5141,LIDAR_ONLY,21.1373,21.1373,11.1436,9.9938,9.9938,89.6816,89.6816,0,0,18.08,1.18,drive,9.35,front,LIDAR_ONLY
0,768.4249,t5141,LIDAR_ONLY,19.8561,19.8561,11.1436,8.7125,8.7125,78.1840,78.1840,0,0,18.08,1.18,drive,17.44,front,LIDAR_ONLY
0,768.4841,cam_8,CAM_ONLY,18.1591,,10.7765,7.3825,,68.5055,,0,,10.06,1.36,warning,-9.14,,CAMERA_ONLY
0,768.5423,cam_8,CAM_ONLY,18.1683,,10.7765,7.3918,,68.5915,,0,,10.04,0.93,warning,-9.14,,CAMERA_ONLY
0,768.6080,cam_8,CAM_ONLY,18.1262,,10.7765,7.3497,,68.2006,,0,,16.22,1.24,warning,-9.14,,CAMERA_ONLY
0,768.6684,t5153,BOTH,18.1471,11.0839,10.7765,7.3705,0.3073,68.3943,2.8517,0,1,20.36,1.81,warning,-9.10,,FULL_ANGLE
0,768.6684,t5152,LIDAR_ONLY,28.2413,28.2413,,,,,,,,20.36,1.81,drive,-24.45,front,LIDAR_ONLY
0,768.6684,t5155,LIDAR_ONLY,9.5442,9.5442,8.8092,0.7350,0.7350,8.3433,8.3433,1,1,20.36,1.81,slow,9.09,front,LIDAR_ONLY
0,768.6684,t5156,LIDAR_ONLY,12.2112,12.2112,11.1436,1.0676,1.0676,9.5804,9.5804,0,0,20.36,1.81,cautious,21.67,front,LIDAR_ONLY
0,768.7317,cam_8,CAM_ONLY,18.1706,,10.7765,7.3941,,68.6129,,0,,10.72,1.36,warning,-9.14,,CAMERA_ONLY
0,768.7317,t5156,LIDAR_ONLY,15.6186,15.6186,11.1436,4.4750,4.4750,40.1578,40.1578,0,0,10.72,1.36,cautious,16.47,front,LIDAR_ONLY
0,768.7921,cam_8,CAM_ONLY,18.1413,,10.7765,7.3647,,68.3404,,0,,13.70,1.32,warning,-9.10,,CAMERA_ONLY
0,768.8605,cam_8,CAM_ONLY,18.1517,,10.7765,7.3751,,68.4370,,0,,17.01,1.02,warning,-9.14,,CAMERA_ONLY
0,768.9193,t5168,BOTH,18.1226,11.0715,23.6554,5.5328,12.5839,23.3891,53.1966,0,0,11.92,1.27,warning,-9.14,,FULL_ANGLE
0,768.9193,t5168,LIDAR_ONLY,11.0841,11.0841,23.6554,12.5713,12.5713,53.1433,53.1433,0,0,11.92,1.27,cautious,-12.41,front,LIDAR_ONLY
0,768.9959,cam_8,CAM_ONLY,18.1302,,10.7765,7.3536,,68.2372,,0,,19.96,3.01,warning,-9.14,,CAMERA_ONLY
0,769.0641,cam_8,CAM_ONLY,18.1309,,10.7765,7.3543,,68.2436,,0,,18.21,1.04,warning,-9.14,,CAMERA_ONLY
0,769.1499,cam_8,CAM_ONLY,18.1277,,10.7765,7.3511,,68.2141,,0,,17.75,0.89,warning,-9.10,,CAMERA_ONLY
0,769.2212,t5177,BOTH,18.1583,11.0466,10.7765,7.3817,0.2701,68.4979,2.5063,0,1,17.48,1.14,warning,-9.14,,FULL_ANGLE
0,769.2212,t5175,LIDAR_ONLY,22.4758,22.4758,11.1436,11.3322,11.3322,101.6921,101.6921,0,0,17.48,1.14,drive,26.18,front,LIDAR_ONLY
0,769.2212,t5175,LIDAR_ONLY,23.9340,23.9340,11.1436,12.7904,12.7904,114.7777,114.7777,0,0,17.48,1.14,drive,17.86,front,LIDAR_ONLY
0,769.2745,t5177,BOTH,18.1274,11.0598,10.7765,7.3509,0.2833,68.2120,2.6288,0,1,12.84,1.32,warning,-9.14,,FULL_ANGLE
0,769.2745,t5177,LIDAR_ONLY,11.0571,11.0571,10.7765,0.2806,0.2806,2.6035,2.6035,1,1,12.84,1.32,cautious,-11.32,front,LIDAR_ONLY
0,769.2745,t5175,LIDAR_ONLY,24.5209,24.5209,,,,,,,,12.84,1.32,drive,25.49,front,LIDAR_ONLY
0,769.2745,t5175,LIDAR_ONLY,24.4047,24.4047,,,,,,,,12.84,1.32,drive,29.58,front,LIDAR_ONLY
0,769.2745,t5178,LIDAR_ONLY,9.3814,9.3814,8.8092,0.5722,0.5722,6.4950,6.4950,1,1,12.84,1.32,slow,9.13,front,LIDAR_ONLY
0,769.3431,cam_8,CAM_ONLY,18.1367,,10.7765,7.3602,,68.2979,,0,,17.40,1.30,warning,-9.10,,CAMERA_ONLY
0,769.4202,t5177,BOTH,18.1674,11.0660,10.7765,7.3909,0.2895,68.5831,2.6864,0,1,21.12,0.99,warning,-9.10,,FULL_ANGLE
0,769.4202,t5177,LIDAR_ONLY,11.0712,11.0712,10.7765,0.2947,0.2947,2.7344,2.7344,1,1,21.12,0.99,cautious,-5.77,front,LIDAR_ONLY
0,769.4943,cam_8,CAM_ONLY,18.1771,,10.7765,7.4006,,68.6730,,0,,21.79,1.30,warning,-9.10,,CAMERA_ONLY
0,769.5611,cam_8,CAM_ONLY,18.1421,,10.7765,7.3655,,68.3475,,0,,14.87,0.94,warning,-9.10,,CAMERA_ONLY
0,769.6416,cam_8,CAM_ONLY,18.1347,,10.7765,7.3582,,68.2793,,0,,23.74,0.95,warning,-9.14,,CAMERA_ONLY
0,769.7059,cam_8,CAM_ONLY,18.1584,,10.7765,7.3818,,68.4992,,0,,14.30,1.02,warning,-9.14,,CAMERA_ONLY
0,769.7688,t5187,BOTH,18.1898,11.0749,23.6574,5.4675,12.5825,23.1114,53.1862,0,0,13.09,0.95,warning,-9.10,,FULL_ANGLE
0,769.7688,t5187,LIDAR_ONLY,11.1504,11.1504,23.6574,12.5070,12.5070,52.8672,52.8672,0,0,13.09,0.95,cautious,-4.88,front,LIDAR_ONLY
0,769.7688,t5187,LIDAR_ONLY,11.1995,11.1995,23.6574,12.4579,12.4579,52.6598,52.6598,0,0,13.09,0.95,cautious,-13.26,front,LIDAR_ONLY
0,769.8363,cam_8,CAM_ONLY,18.1274,,10.7765,7.3508,,68.2115,,0,,14.47,1.73,warning,-9.14,,CAMERA_ONLY
0,769.8943,cam_8,CAM_ONLY,18.1346,,10.7765,7.3581,,68.2786,,0,,10.96,1.36,warning,-9.14,,CAMERA_ONLY
0,769.9526,cam_8,CAM_ONLY,18.1508,,10.7765,7.3743,,68.4290,,0,,11.78,1.06,warning,-9.10,,CAMERA_ONLY
0,770.0186,t5199,BOTH,18.1212,11.0691,10.7765,7.3447,0.2926,68.1541,2.7148,0,1,14.53,1.15,warning,-9.10,,FULL_ANGLE
0,770.0186,t5198,LIDAR_ONLY,23.7973,23.7973,11.1436,12.6537,12.6537,113.5516,113.5516,0,0,14.53,1.15,drive,24.63,front,LIDAR_ONLY
0,770.0186,t5198,LIDAR_ONLY,21.9398,21.9398,11.1436,10.7962,10.7962,96.8823,96.8823,0,0,14.53,1.15,drive,28.80,front,LIDAR_ONLY
0,770.0186,t5199,LIDAR_ONLY,11.3407,11.3407,10.7765,0.5641,0.5641,5.2348,5.2348,1,1,14.53,1.15,cautious,-4.52,front,LIDAR_ONLY
0,770.0186,t5198,LIDAR_ONLY,19.0004,19.0004,11.1436,7.8568,7.8568,70.5055,70.5055,0,0,14.53,1.15,drive,20.47,front,LIDAR_ONLY
0,770.0807,cam_8,CAM_ONLY,18.1455,,10.7765,7.3690,,68.3796,,0,,17.11,1.64,warning,-9.14,,CAMERA_ONLY
0,770.0807,t5198,LIDAR_ONLY,19.1515,19.1515,,,,,,,,17.11,1.64,drive,27.88,front,LIDAR_ONLY
0,770.1517,cam_8,CAM_ONLY,18.1330,,10.7765,7.3564,,68.2630,,0,,15.84,0.96,warning,-9.10,,CAMERA_ONLY
0,770.2087,cam_8,CAM_ONLY,18.1178,,10.7765,7.3412,,68.1224,,0,,13.35,1.12,warning,-9.14,,CAMERA_ONLY
0,770.2665,t5209,BOTH,18.1341,11.0766,23.6584,5.5243,12.5817,23.3502,53.1809,0,0,13.92,1.16,warning,-9.14,,FULL_ANGLE
0,770.2665,t5198,LIDAR_ONLY,19.5322,19.5322,,,,,,,,13.92,1.16,drive,25.07,front,LIDAR_ONLY
0,770.2665,t5198,LIDAR_ONLY,19.6107,19.6107,,,,,,,,13.92,1.16,drive,29.27,front,LIDAR_ONLY
0,770.2665,t5209,LIDAR_ONLY,11.0959,11.0959,23.6584,12.5625,12.5625,53.0994,53.0994,0,0,13.92,1.16,cautious,-12.73,front,LIDAR_ONLY
0,770.2665,t5210,LIDAR_ONLY,9.7534,9.7534,8.8092,0.9442,0.9442,10.7185,10.7185,1,1,13.92,1.16,cautious,8.27,front,LIDAR_ONLY
0,770.3296,cam_8,CAM_ONLY,18.1320,,10.7765,7.3555,,68.2543,,0,,15.73,1.71,warning,-9.14,,CAMERA_ONLY
0,770.4014,cam_8,CAM_ONLY,18.1296,,10.7765,7.3531,,68.2323,,0,,16.91,0.97,warning,-9.10,,CAMERA_ONLY
0,770.4571,cam_8,CAM_ONLY,18.1532,,10.7765,7.3767,,68.4512,,0,,14.02,0.91,warning,-9.14,,CAMERA_ONLY
0,770.5165,cam_8,CAM_ONLY,18.1689,,10.7765,7.3923,,68.5965,,0,,11.48,1.00,warning,-9.14,,CAMERA_ONLY
0,770.5879,cam_8,CAM_ONLY,18.1245,,10.7765,7.3479,,68.1845,,0,,14.65,1.84,warning,-9.14,,CAMERA_ONLY
0,770.6573,t5223,BOTH,18.1503,11.1788,10.7765,7.3738,0.4022,68.4244,3.7323,0,1,18.32,0.93,warning,-9.14,,FULL_ANGLE
0,770.7119,t5223,BOTH,18.1801,11.1128,10.7765,7.4035,0.3363,68.7005,3.1205,0,1,10.87,1.35,warning,-9.14,,FULL_ANGLE
0,770.7119,t5226,LIDAR_ONLY,21.1829,21.1829,11.1436,10.0393,10.0393,90.0901,90.0901,0,0,10.87,1.35,drive,27.90,front,LIDAR_ONLY
0,770.7119,t5223,LIDAR_ONLY,11.1069,11.1069,10.7765,0.3304,0.3304,3.0658,3.0658,1,1,10.87,1.35,cautious,-5.20,front,LIDAR_ONLY
0,770.7119,t5226,LIDAR_ONLY,16.7190,16.7190,11.1436,5.5754,5.5754,50.0322,50.0322,0,0,10.87,1.35,drive,19.62,front,LIDAR_ONLY
0,770.7714,t5223,BOTH,18.1465,11.1103,10.7765,7.3700,0.3337,68.3891,3.0966,0,1,13.71,0.99,warning,-9.14,,FULL_ANGLE
0,770.7714,t5223,LIDAR_ONLY,11.0977,11.0977,10.7765,0.3212,0.3212,2.9805,2.9805,1,1,13.71,0.99,cautious,-6.55,front,LIDAR_ONLY
0,770.7714,t5226,LIDAR_ONLY,12.9688,12.9688,8.8092,4.1596,4.1596,47.2188,47.2188,0,0,13.71,0.99,cautious,9.93,front,LIDAR_ONLY
0,770.8397,cam_8,CAM_ONLY,18.1639,,10.7765,7.3873,,68.5498,,0,,13.19,1.55,warning,-9.14,,CAMERA_ONLY
0,770.9309,t5223,BOTH,18.1760,11.1011,23.6598,5.4839,12.5587,23.1780,53.0804,0,0,19.12,1.64,warning,-9.14,,FULL_ANGLE
0,770.9309,t5223,LIDAR_ONLY,11.0996,11.0996,23.6598,12.5602,12.5602,53.0866,53.0866,0,0,19.12,1.64,cautious,-11.52,front,LIDAR_ONLY
0,770.9309,t5226,LIDAR_ONLY,14.1406,14.1406,11.1436,2.9970,2.9970,26.8940,26.8940,0,0,19.12,1.64,cautious,17.76,front,LIDAR_ONLY
0,770.9309,t5226,LIDAR_ONLY,14.3939,14.3939,11.1436,3.2503,3.2503,29.1676,29.1676,0,0,19.12,1.64,cautious,9.40,front,LIDAR_ONLY
0,770.9309,t5226,LIDAR_ONLY,13.8662,13.8662,11.1436,2.7226,2.7226,24.4317,24.4317,0,0,19.12,1.64,cautious,17.77,front,LIDAR_ONLY
0,771.0011,cam_8,CAM_ONLY,18.1551,,10.7765,7.3785,,68.4683,,0,,16.26,1.01,warning,-9.14,,CAMERA_ONLY
0,771.0605,cam_8,CAM_ONLY,18.1327,,10.7765,7.3561,,68.2603,,0,,15.28,1.13,warning,-9.14,,CAMERA_ONLY
0,771.1261,cam_8,CAM_ONLY,18.1671,,10.7765,7.3906,,68.5802,,0,,14.60,1.31,warning,-9.14,,CAMERA_ONLY
0,771.1261,t5226,LIDAR_ONLY,14.8628,14.8628,8.8092,6.0536,6.0536,68.7192,68.7192,0,0,14.60,1.31,cautious,16.72,front,LIDAR_ONLY
0,771.1261,t5226,LIDAR_ONLY,15.9796,15.9796,8.8092,7.1704,7.1704,81.3959,81.3959,0,0,14.60,1.31,cautious,8.61,front,LIDAR_ONLY
0,771.2013,cam_8,CAM_ONLY,18.1667,,10.7765,7.3902,,68.5766,,0,,16.91,1.24,warning,-9.10,,CAMERA_ONLY
0,771.2869,cam_8,CAM_ONLY,18.1501,,10.7765,7.3735,,68.4218,,0,,17.16,1.64,warning,-9.10,,CAMERA_ONLY
0,771.3538,cam_8,CAM_ONLY,18.1248,,10.7765,7.3483,,68.1875,,0,,17.31,1.04,warning,-9.14,,CAMERA_ONLY
0,771.4171,cam_8,CAM_ONLY,18.1568,,10.7765,7.3803,,68.4846,,0,,13.51,1.10,warning,-9.14,,CAMERA_ONLY
0,771.4838,cam_8,CAM_ONLY,18.1756,,10.7765,7.3990,,68.6586,,0,,17.73,1.38,warning,-9.10,,CAMERA_ONLY
0,771.5464,cam_8,CAM_ONLY,18.1392,,10.7765,7.3626,,68.3207,,0,,20.03,1.23,warning,-9.14,,CAMERA_ONLY
0,771.6231,t5258,BOTH,18.1430,11.1796,10.7765,7.3665,0.4031,68.3566,3.7401,0,1,16.42,1.64,warning,-9.14,,FULL_ANGLE
0,771.6231,t5257,LIDAR_ONLY,34.5657,34.5657,11.1436,23.4221,23.4221,210.1847,210.1847,0,0,16.42,1.64,drive,16.67,front,LIDAR_ONLY
0,771.6231,t5257,LIDAR_ONLY,28.1723,28.1723,11.1436,17.0287,17.0287,152.8112,152.8112,0,0,16.42,1.64,drive,24.95,front,LIDAR_ONLY
0,771.6231,t5257,LIDAR_ONLY,25.2793,25.2793,11.1436,14.1357,14.1357,126.8502,126.8502,0,0,16.42,1.64,drive,29.10,front,LIDAR_ONLY
0,771.6231,t5259,LIDAR_ONLY,9.7225,9.7225,8.8092,0.9133,0.9133,10.3671,10.3671,1,1,16.42,1.64,cautious,8.38,front,LIDAR_ONLY
0,771.6231,t5257,LIDAR_ONLY,22.4715,22.4715,11.1436,11.3279,11.3279,101.6539,101.6539,0,0,16.42,1.64,drive,20.81,front,LIDAR_ONLY
0,771.6907,cam_8,CAM_ONLY,18.1770,,10.7765,7.4005,,68.6719,,0,,20.94,3.28,warning,-9.10,,CAMERA_ONLY
0,771.7527,cam_8,CAM_ONLY,18.1537,,10.7765,7.3771,,68.4553,,0,,20.57,1.80,warning,-9.06,,CAMERA_ONLY
0,771.8326,cam_8,CAM_ONLY,18.1526,,10.7765,7.3760,,68.4452,,0,,18.54,1.60,warning,-9.14,,CAMERA_ONLY
0,771.8326,t5257,LIDAR_ONLY,22.5977,22.5977,11.1436,11.4541,11.4541,102.7866,102.7866,0,0,18.54,1.60,drive,23.52,front,LIDAR_ONLY
0,771.9030,cam_8,CAM_ONLY,18.1554,,10.7765,7.3788,,68.4710,,0,,19.67,0.89,warning,-9.14,,CAMERA_ONLY
0,771.9870,cam_8,CAM_ONLY,18.1385,,10.7765,7.3619,,68.3143,,0,,21.79,3.64,warning,-9.06,,CAMERA_ONLY
0,771.9870,t5257,LIDAR_ONLY,20.4052,20.4052,,,,,,,,21.79,3.64,drive,29.33,front,LIDAR_ONLY
0,772.0544,cam_8,CAM_ONLY,18.1440,,10.7765,7.3675,,68.3658,,0,,14.40,1.10,warning,-9.10,,CAMERA_ONLY
0,772.1089,t5268,BOTH,18.1407,11.1359,10.7765,7.3641,0.3593,68.3349,3.3344,0,1,11.07,0.93,warning,-9.10,,FULL_ANGLE
0,772.1664,t5268,BOTH,18.1412,11.1269,10.7765,7.3646,0.3503,68.3395,3.2506,0,1,10.65,1.21,warning,-9.10,,FULL_ANGLE
0,772.1664,t5270,LIDAR_ONLY,34.6982,34.6982,8.8092,25.8890,25.8890,293.8851,293.8851,0,0,10.65,1.21,drive,16.60,front,LIDAR_ONLY
0,772.1664,t5257,LIDAR_ONLY,19.6615,19.6615,11.1436,8.5180,8.5180,76.4381,76.4381,0,0,10.65,1.21,drive,28.78,front,LIDAR_ONLY
0,772.1664,t5270,LIDAR_ONLY,19.0556,19.0556,8.8092,10.2464,10.2464,116.3144,116.3144,0,0,10.65,1.21,drive,8.49,front,LIDAR_ONLY
0,772.1664,t5257,LIDAR_ONLY,18.0390,18.0390,11.1436,6.8954,6.8954,61.8776,61.8776,0,0,10.65,1.21,drive,24.72,front,LIDAR_ONLY
0,772.2291,cam_8,CAM_ONLY,18.1191,,10.7765,7.3425,,68.1341,,0,,9.93,1.69,warning,-9.06,,CAMERA_ONLY
0,772.2844,cam_8,CAM_ONLY,18.1187,,10.7765,7.3422,,68.1311,,0,,12.88,1.92,warning,-9.06,,CAMERA_ONLY
0,772.2844,t5257,LIDAR_ONLY,18.7955,18.7955,,,,,,,,12.88,1.92,drive,23.61,front,LIDAR_ONLY
0,772.2844,t5257,LIDAR_ONLY,19.1162,19.1162,,,,,,,,12.88,1.92,drive,27.67,front,LIDAR_ONLY
0,772.3444,cam_8,CAM_ONLY,18.1559,,10.7765,7.3794,,68.4760,,0,,12.22,0.98,warning,-9.10,,CAMERA_ONLY
0,772.3979,cam_8,CAM_ONLY,18.1290,,10.7765,7.3524,,68.2262,,0,,13.56,1.31,warning,-9.06,,CAMERA_ONLY
0,772.4526,cam_8,CAM_ONLY,18.1388,,10.7765,7.3622,,68.3169,,0,,10.00,0.99,warning,-9.06,,CAMERA_ONLY
0,772.5122,cam_8,CAM_ONLY,18.1203,,10.7765,7.3438,,68.1457,,0,,11.73,1.15,warning,-9.10,,CAMERA_ONLY
0,772.5769,cam_8,CAM_ONLY,18.1258,,10.7765,7.3493,,68.1971,,0,,11.54,1.65,warning,-9.10,,CAMERA_ONLY
0,772.5769,t5285,LIDAR_ONLY,25.1884,25.1884,,,,,,,,11.54,1.65,drive,23.19,front,LIDAR_ONLY
0,772.5769,t5285,LIDAR_ONLY,23.1085,23.1085,,,,,,,,11.54,1.65,drive,27.35,front,LIDAR_ONLY
0,772.5769,t5288,LIDAR_ONLY,9.3610,9.3610,8.8092,0.5517,0.5517,6.2633,6.2633,1,1,11.54,1.65,slow,10.71,front,LIDAR_ONLY
0,772.6473,cam_8,CAM_ONLY,18.1301,,10.7765,7.3536,,68.2369,,0,,15.36,1.18,warning,-9.10,,CAMERA_ONLY
0,772.7085,t5292,BOTH,18.1734,11.1278,10.7765,7.3969,0.3513,68.6388,3.2595,0,1,12.21,1.03,warning,-9.14,,FULL_ANGLE
0,772.7779,t5292,BOTH,18.1385,11.1133,10.7765,7.3619,0.3367,68.3144,3.1244,0,1,12.00,0.93,warning,-9.10,,FULL_ANGLE
0,772.7779,t5285,LIDAR_ONLY,23.6701,23.6701,,,,,,,,12.00,0.93,drive,19.69,front,LIDAR_ONLY
0,772.7779,t5285,LIDAR_ONLY,23.7894,23.7894,,,,,,,,12.00,0.93,drive,28.04,front,LIDAR_ONLY
0,772.7779,t5292,LIDAR_ONLY,11.1123,11.1123,10.7765,0.3357,0.3357,3.1154,3.1154,1,1,12.00,0.93,cautious,-5.37,front,LIDAR_ONLY
0,772.8379,cam_8,CAM_ONLY,18.1681,,10.7765,7.3915,,68.5888,,0,,13.51,1.39,warning,-9.14,,CAMERA_ONLY
0,772.9037,cam_8,CAM_ONLY,18.1682,,10.7765,7.3916,,68.5900,,0,,19.27,0.97,warning,-9.14,,CAMERA_ONLY
0,772.9704,t5292,BOTH,18.1354,11.1126,10.7765,7.3589,0.3361,68.2860,3.1188,0,1,16.72,1.06,warning,-9.10,,FULL_ANGLE
0,772.9704,t5285,LIDAR_ONLY,23.9373,23.9373,11.1436,12.7937,12.7937,114.8079,114.8079,0,0,16.72,1.06,drive,23.16,front,LIDAR_ONLY
0,772.9704,t5292,LIDAR_ONLY,11.1007,11.1007,10.7765,0.3241,0.3241,3.0077,3.0077,1,1,16.72,1.06,cautious,-5.87,front,LIDAR_ONLY
0,772.9704,t5300,LIDAR_ONLY,9.2938,9.2938,8.8092,0.4846,0.4846,5.5007,5.5007,1,1,16.72,1.06,slow,10.72,front,LIDAR_ONLY
0,773.0452,cam_8,CAM_ONLY,18.1298,,10.7765,7.3532,,68.2337,,0,,18.01,1.14,warning,-9.10,,CAMERA_ONLY
0,773.1131,cam_8,CAM_ONLY,18.1549,,10.7765,7.3783,,68.4665,,0,,13.71,0.99,warning,-9.14,,CAMERA_ONLY
0,773.1770,t5292,BOTH,18.1626,11.0950,10.7765,7.3861,0.3184,68.5383,2.9548,0,1,17.78,1.15,warning,-9.14,,FULL_ANGLE
0,773.1770,t5285,LIDAR_ONLY,23.4902,23.4902,11.1436,12.3466,12.3466,110.7958,110.7958,0,0,17.78,1.15,drive,28.16,front,LIDAR_ONLY
0,773.1770,t5292,LIDAR_ONLY,11.1015,11.1015,10.7765,0.3249,0.3249,3.0150,3.0150,1,1,17.78,1.15,cautious,-13.07,front,LIDAR_ONLY
0,773.1770,t5292,LIDAR_ONLY,11.1506,11.1506,10.7765,0.3741,0.3741,3.4714,3.4714,1,1,17.78,1.15,cautious,-4.82,front,LIDAR_ONLY
0,773.1770,t5285,LIDAR_ONLY,21.8126,21.8126,11.1436,10.6690,10.6690,95.7410,95.7410,0,0,17.78,1.15,drive,19.92,front,LIDAR_ONLY
0,773.2417,cam_8,CAM_ONLY,18.1291,,10.7765,7.3525,,68.2271,,0,,16.20,1.39,warning,-9.14,,CAMERA_ONLY
0,773.3097,t5292,BOTH,18.1440,11.1860,10.7765,7.3674,0.4095,68.3652,3.7998,0,1,16.13,1.11,warning,-9.10,,FULL_ANGLE
0,773.3097,t5292,LIDAR_ONLY,11.2254,11.2254,10.7765,0.4489,0.4489,4.1655,4.1655,1,1,16.13,1.11,cautious,-12.80,front,LIDAR_ONLY
0,773.3097,t5292,LIDAR_ONLY,11.3906,11.3906,10.7765,0.6141,0.6141,5.6983,5.6983,1,1,16.13,1.11,cautious,-4.52,front,LIDAR_ONLY
0,773.3681,t5292,BOTH,18.1539,11.4863,10.7765,7.3773,0.7097,68.4574,6.5860,0,1,10.37,1.17,warning,-9.14,,FULL_ANGLE
0,773.3681,t5292,LIDAR_ONLY,11.4787,11.4787,10.7765,0.7022,0.7022,6.5157,6.5157,1,1,10.37,1.17,cautious,-5.71,front,LIDAR_ONLY
0,773.3681,t5285,LIDAR_ONLY,17.1975,17.1975,8.8092,8.3882,8.3882,95.2212,95.2212,0,0,10.37,1.17,drive,10.50,front,LIDAR_ONLY
0,773.4261,t5292,BOTH,18.1295,11.4819,23.6650,5.5355,12.1832,23.3912,51.4817,0,0,15.11,1.36,warning,-9.10,,FULL_ANGLE
0,773.4261,t5292,LIDAR_ONLY,11.4978,11.4978,23.6650,12.1672,12.1672,51.4143,51.4143,0,0,15.11,1.36,cautious,-12.63,front,LIDAR_ONLY
0,773.4261,t5311,LIDAR_ONLY,20.4468,20.4468,,,,,,,,15.11,1.36,drive,28.99,front,LIDAR_ONLY
0,773.4871,cam_8,CAM_ONLY,18.1461,,10.7765,7.3695,,68.3848,,0,,13.19,1.76,warning,-9.14,,CAMERA_ONLY
0,773.5493,cam_8,CAM_ONLY,18.1336,,10.7765,7.3570,,68.2687,,0,,11.65,1.13,warning,-9.10,,CAMERA_ONLY
0,773.6088,cam_8,CAM_ONLY,18.1364,,10.7765,7.3598,,68.2950,,0,,12.27,0.98,warning,-9.10,,CAMERA_ONLY
0,773.6820,cam_8,CAM_ONLY,18.1662,,10.7765,7.3897,,68.5718,,0,,17.55,1.65,warning,-9.10,,CAMERA_ONLY
0,773.6820,t5320,LIDAR_ONLY,20.4694,20.4694,,,,,,,,17.55,1.65,drive,28.95,front,LIDAR_ONLY
0,773.6820,t5322,LIDAR_ONLY,34.6116,34.6116,11.1436,23.4680,23.4680,210.5961,210.5961,0,0,17.55,1.65,drive,16.65,front,LIDAR_ONLY
0,773.7409,cam_8,CAM_ONLY,18.1371,,10.7765,7.3605,,68.3013,,0,,10.86,1.81,warning,-9.10,,CAMERA_ONLY
0,773.8085,cam_8,CAM_ONLY,18.1434,,10.7765,7.3668,,68.3596,,0,,18.15,1.09,warning,-9.10,,CAMERA_ONLY
0,773.8802,cam_8,CAM_ONLY,18.1481,,10.7765,7.3715,,68.4032,,0,,17.24,1.68,warning,-9.10,,CAMERA_ONLY
0,773.8802,t5320,LIDAR_ONLY,20.6865,20.6865,,,,,,,,17.24,1.68,drive,26.57,front,LIDAR_ONLY
0,773.8802,t5322,LIDAR_ONLY,18.8818,18.8818,11.1436,7.7382,7.7382,69.4409,69.4409,0,0,17.24,1.68,drive,10.02,front,LIDAR_ONLY
0,773.8802,t5322,LIDAR_ONLY,17.2565,17.2565,11.1436,6.1129,6.1129,54.8556,54.8556,0,0,17.24,1.68,drive,18.29,front,LIDAR_ONLY
0,773.9450,cam_8,CAM_ONLY,18.1376,,10.7765,7.3610,,68.3059,,0,,13.07,1.01,warning,-9.14,,CAMERA_ONLY
0,774.0324,cam_8,CAM_ONLY,18.1304,,10.7765,7.3539,,68.2396,,0,,27.96,3.60,warning,-9.14,,CAMERA_ONLY
0,774.0947,cam_8,CAM_ONLY,18.1178,,10.7765,7.3413,,68.1225,,0,,17.15,1.07,warning,-9.10,,CAMERA_ONLY
0,774.1630,cam_8,CAM_ONLY,18.1285,,10.7765,7.3520,,68.2218,,0,,16.46,1.06,warning,-9.10,,CAMERA_ONLY
0,774.2292,t5338,BOTH,18.1362,11.0634,10.7765,7.3596,0.2869,68.2928,2.6621,0,1,15.51,1.05,warning,-9.10,,FULL_ANGLE
0,774.2292,t5338,LIDAR_ONLY,11.0593,11.0593,10.7765,0.2827,0.2827,2.6235,2.6235,1,1,15.51,1.05,cautious,-6.43,front,LIDAR_ONLY
0,774.2292,t5339,LIDAR_ONLY,9.4482,9.4482,8.8092,0.6390,0.6390,7.2533,7.2533,1,1,15.51,1.05,slow,10.05,front,LIDAR_ONLY
0,774.3073,t5338,BOTH,18.1074,11.0732,10.7765,7.3308,0.2967,68.0258,2.7531,0,1,13.89,1.01,warning,-9.10,,FULL_ANGLE
0,774.3670,t5338,BOTH,18.1280,11.1032,23.6664,5.5384,12.5632,23.4019,53.0845,0,0,12.76,2.33,warning,-9.14,,FULL_ANGLE
0,774.3670,t5338,LIDAR_ONLY,11.0923,11.0923,23.6664,12.5742,12.5742,53.1308,53.1308,0,0,12.76,2.33,cautious,-12.33,front,LIDAR_ONLY
0,774.3670,t5341,LIDAR_ONLY,20.1386,20.1386,,,,,,,,12.76,2.33,drive,29.47,front,LIDAR_ONLY
0,774.4333,cam_8,CAM_ONLY,18.1226,,10.7765,7.3460,,68.1667,,0,,17.04,1.79,warning,-9.14,,CAMERA_ONLY
0,774.4989,cam_8,CAM_ONLY,18.1177,,10.7765,7.3412,,68.1219,,0,,19.10,0.96,warning,-9.14,,CAMERA_ONLY
0,774.5671,t5338,BOTH,18.1377,11.1143,10.7765,7.3611,0.3378,68.3068,3.1344,0,1,18.39,1.16,warning,-9.14,,FULL_ANGLE
0,774.5671,t5338,LIDAR_ONLY,11.1105,11.1105,10.7765,0.3339,0.3339,3.0987,3.0987,1,1,18.39,1.16,cautious,-6.11,front,LIDAR_ONLY
0,774.6359,cam_8,CAM_ONLY,18.1367,,10.7765,7.3601,,68.2976,,0,,23.83,2.48,warning,-9.14,,CAMERA_ONLY
0,774.6918,cam_8,CAM_ONLY,18.1308,,10.7765,7.3542,,68.2427,,0,,13.90,0.99,warning,-9.14,,CAMERA_ONLY
0,774.7640,cam_8,CAM_ONLY,18.1459,,10.7765,7.3693,,68.3828,,0,,11.48,0.93,warning,-9.14,,CAMERA_ONLY
0,774.7640,t5353,LIDAR_ONLY,26.5843,26.5843,,,,,,,,11.48,0.93,drive,21.91,front,LIDAR_ONLY
0,774.7640,t5353,LIDAR_ONLY,24.5738,24.5738,,,,,,,,11.48,0.93,drive,26.03,front,LIDAR_ONLY
0,774.7640,t5355,LIDAR_ONLY,9.2986,9.2986,8.8092,0.4893,0.4893,5.5548,5.5548,1,1,11.48,0.93,slow,9.56,front,LIDAR_ONLY
0,774.8312,cam_8,CAM_ONLY,18.1678,,10.7765,7.3913,,68.5866,,0,,15.11,1.49,warning,-9.10,,CAMERA_ONLY
0,774.8312,t5353,LIDAR_ONLY,23.4772,23.4772,11.1436,12.3336,12.3336,110.6791,110.6791,0,0,15.11,1.49,drive,26.98,front,LIDAR_ONLY
0,774.8312,t5353,LIDAR_ONLY,20.9522,20.9522,11.1436,9.8086,9.8086,88.0202,88.0202,0,0,15.11,1.49,drive,18.98,front,LIDAR_ONLY
0,774.9177,t5357,BOTH,18.1542,11.2087,10.7765,7.3777,0.4322,68.4607,4.0103,0,1,21.25,1.17,warning,-9.10,,FULL_ANGLE
0,774.9855,cam_8,CAM_ONLY,18.1405,,10.7765,7.3640,,68.3332,,0,,14.14,1.67,warning,-9.10,,CAMERA_ONLY
0,775.0612,cam_8,CAM_ONLY,18.1400,,10.7765,7.3635,,68.3285,,0,,19.00,1.16,warning,-9.14,,CAMERA_ONLY
0,775.1296,cam_8,CAM_ONLY,18.1389,,10.7765,7.3624,,68.3184,,0,,17.71,1.49,warning,-9.10,,CAMERA_ONLY
0,775.1296,t5363,LIDAR_ONLY,19.9007,19.9007,,,,,,,,17.71,1.49,drive,29.86,front,LIDAR_ONLY
0,775.1988,cam_8,CAM_ONLY,18.1541,,10.7765,7.3776,,68.4593,,0,,16.41,0.93,warning,-9.14,,CAMERA_ONLY
0,775.2716,t5366,BOTH,18.1170,11.0756,10.7765,7.3404,0.2990,68.1149,2.7746,0,1,15.42,1.06,warning,-9.06,,FULL_ANGLE
0,775.2716,t5363,LIDAR_ONLY,20.3894,20.3894,11.1436,9.2458,9.2458,82.9699,82.9699,0,0,15.42,1.06,drive,24.68,front,LIDAR_ONLY
0,775.2716,t5363,LIDAR_ONLY,20.6134,20.6134,11.1436,9.4698,9.4698,84.9799,84.9799,0,0,15.42,1.06,drive,28.77,front,LIDAR_ONLY
0,775.2716,t5363,LIDAR_ONLY,19.3993,19.3993,11.1436,8.2557,8.2557,74.0848,74.0848,0,0,15.42,1.06,drive,24.68,front,LIDAR_ONLY
0,775.3348,cam_8,CAM_ONLY,18.1533,,10.7765,7.3768,,68.4521,,0,,18.86,1.78,warning,-9.14,,CAMERA_ONLY
0,775.3988,cam_8,CAM_ONLY,18.1674,,10.7765,7.3908,,68.5825,,0,,11.21,1.56,warning,-9.10,,CAMERA_ONLY
0,775.4627,cam_8,CAM_ONLY,18.1252,,10.7765,7.3486,,68.1908,,0,,15.73,1.06,warning,-9.10,,CAMERA_ONLY
0,775.5315,cam_8,CAM_ONLY,18.1582,,10.7765,7.3817,,68.4976,,0,,16.30,1.79,warning,-9.14,,CAMERA_ONLY
0,775.5977,cam_8,CAM_ONLY,18.1911,,10.7765,7.4145,,68.8025,,0,,16.86,0.94,warning,-9.14,,CAMERA_ONLY
0,775.6547,cam_8,CAM_ONLY,18.1562,,10.7765,7.3797,,68.4791,,0,,14.95,0.90,warning,-9.10,,CAMERA_ONLY
0,775.7230,t5380,BOTH,18.1603,11.0713,10.7765,7.3837,0.2948,68.5165,2.7354,0,1,16.54,0.88,warning,-9.10,,FULL_ANGLE
0,775.7230,t5379,LIDAR_ONLY,28.1852,28.1852,,,,,,,,16.54,0.88,drive,-24.67,front,LIDAR_ONLY
0,775.7945,cam_8,CAM_ONLY,18.1716,,10.7765,7.3950,,68.6214,,0,,19.22,4.29,warning,-9.10,,CAMERA_ONLY
0,775.8507,cam_8,CAM_ONLY,18.1329,,10.7765,7.3564,,68.2630,,0,,14.28,1.05,warning,-9.14,,CAMERA_ONLY
0,775.9080,cam_8,CAM_ONLY,18.1552,,10.7765,7.3786,,68.4694,,0,,11.80,1.63,warning,-9.14,,CAMERA_ONLY
0,775.9862,cam_8,CAM_ONLY,18.1410,,10.7765,7.3645,,68.3378,,0,,25.18,3.09,warning,-9.14,,CAMERA_ONLY
0,776.0397,cam_8,CAM_ONLY,18.1368,,10.7765,7.3602,,68.2985,,0,,10.28,0.95,warning,-9.10,,CAMERA_ONLY
0,776.1169,t5393,BOTH,18.1294,11.0944,10.7765,7.3529,0.3179,68.2301,2.9496,0,1,20.10,1.10,warning,-9.10,,FULL_ANGLE
0,776.1169,t5393,LIDAR_ONLY,11.0902,11.0902,10.7765,0.3136,0.3136,2.9105,2.9105,1,1,20.10,1.10,cautious,-6.38,front,LIDAR_ONLY
0,776.1921,cam_8,CAM_ONLY,18.1368,,10.7765,7.3602,,68.2986,,0,,18.84,1.36,warning,-9.10,,CAMERA_ONLY
0,776.2548,cam_8,CAM_ONLY,18.1513,,10.7765,7.3747,,68.4333,,0,,13.65,1.16,warning,-9.10,,CAMERA_ONLY
0,776.3219,t5393,BOTH,18.1197,11.1045,23.6688,5.5491,12.5643,23.4449,53.0839,0,0,11.45,1.04,warning,-9.10,,FULL_ANGLE
0,776.3219,t5400,LIDAR_ONLY,27.7638,27.7638,8.8092,18.9545,18.9545,215.1669,215.1669,0,0,11.45,1.04,drive,20.94,front,LIDAR_ONLY
0,776.3219,t5400,LIDAR_ONLY,25.6082,25.6082,8.8092,16.7990,16.7990,190.6980,190.6980,0,0,11.45,1.04,drive,24.98,front,LIDAR_ONLY
0,776.3219,t5393,LIDAR_ONLY,11.1041,11.1041,23.6688,12.5647,12.5647,53.0853,53.0853,0,0,11.45,1.04,cautious,-11.41,front,LIDAR_ONLY
0,776.3219,t5400,LIDAR_ONLY,20.9065,20.9065,8.8092,12.0973,12.0973,137.3249,137.3249,0,0,11.45,1.04,drive,16.89,front,LIDAR_ONLY
0,776.3219,t5400,LIDAR_ONLY,17.0338,17.0338,8.8092,8.2245,8.2245,93.3628,93.3628,0,0,11.45,1.04,drive,8.81,front,LIDAR_ONLY
0,776.3855,cam_8,CAM_ONLY,18.1387,,10.7765,7.3621,,68.3162,,0,,12.13,1.47,warning,-9.14,,CAMERA_ONLY
0,776.4433,cam_8,CAM_ONLY,18.1438,,10.7765,7.3673,,68.3642,,0,,10.63,0.94,warning,-9.10,,CAMERA_ONLY
0,776.5033,cam_8,CAM_ONLY,18.1264,,10.7765,7.3498,,68.2020,,0,,12.44,1.15,warning,-9.14,,CAMERA_ONLY
0,776.5593,t5405,BOTH,18.1470,11.2931,10.7765,7.3704,0.5165,68.3931,4.7930,0,1,11.33,1.12,warning,-9.10,,FULL_ANGLE
0,776.6344,cam_8,CAM_ONLY,18.1077,,10.7765,7.3312,,68.0289,,0,,19.33,1.91,warning,-9.10,,CAMERA_ONLY
0,776.6344,t5412,LIDAR_ONLY,20.5876,20.5876,,,,,,,,19.33,1.91,drive,28.77,front,LIDAR_ONLY
0,776.7002,cam_8,CAM_ONLY,18.1289,,10.7765,7.3523,,68.2254,,0,,18.40,1.01,warning,-9.14,,CAMERA_ONLY
0,776.7786,t5405,BOTH,18.1472,11.1772,10.7765,7.3706,0.4007,68.3951,3.7179,0,1,22.33,2.39,warning,-9.14,,FULL_ANGLE
0,776.7786,t5405,LIDAR_ONLY,11.2317,11.2317,10.7765,0.4552,0.4552,4.2236,4.2236,1,1,22.33,2.39,cautious,-11.36,front,LIDAR_ONLY
0,776.7786,t5416,LIDAR_ONLY,9.3616,9.3616,8.8092,0.5524,0.5524,6.2706,6.2706,1,1,22.33,2.39,slow,9.61,front,LIDAR_ONLY
0,776.8423,cam_8,CAM_ONLY,18.1707,,10.7765,7.3942,,68.6135,,0,,15.11,1.34,warning,-9.10,,CAMERA_ONLY
0,776.9205,cam_8,CAM_ONLY,18.1481,,10.7765,7.3715,,68.4032,,0,,16.24,1.42,warning,-9.14,,CAMERA_ONLY
0,776.9205,t5418,LIDAR_ONLY,21.1893,21.1893,11.1436,10.0457,10.0457,90.1475,90.1475,0,0,16.24,1.42,drive,27.89,front,LIDAR_ONLY
0,776.9205,t5418,LIDAR_ONLY,17.9175,17.9175,11.1436,6.7739,6.7739,60.7871,60.7871,0,0,16.24,1.42,drive,19.73,front,LIDAR_ONLY
0,776.9908,cam_8,CAM_ONLY,18.1260,,10.7765,7.3494,,68.1984,,0,,14.89,1.63,warning,-9.14,,CAMERA_ONLY
0,777.0781,cam_8,CAM_ONLY,18.1324,,10.7765,7.3558,,68.2579,,0,,20.24,3.61,warning,-9.14,,CAMERA_ONLY
0,777.0781,t5418,LIDAR_ONLY,18.4240,18.4240,11.1436,7.2804,7.2804,65.3325,65.3325,0,0,20.24,3.61,drive,25.56,front,LIDAR_ONLY
0,777.0781,t5422,LIDAR_ONLY,9.5594,9.5594,8.8092,0.7502,0.7502,8.5161,8.5161,1,1,20.24,3.61,slow,9.00,front,LIDAR_ONLY
0,777.1375,cam_8,CAM_ONLY,18.1591,,10.7765,7.3826,,68.5059,,0,,15.57,1.58,warning,-9.10,,CAMERA_ONLY
0,777.2093,cam_8,CAM_ONLY,18.1469,,10.7765,7.3704,,68.3928,,0,,14.70,1.01,warning,-9.14,,CAMERA_ONLY
0,777.2733,t5428,BOTH,18.1270,11.1231,10.7765,7.3504,0.3465,68.2077,3.2156,0,1,12.88,1.32,warning,-9.14,,FULL_ANGLE
0,777.2733,t5418,LIDAR_ONLY,18.9063,18.9063,11.1436,7.7627,7.7627,69.6605,69.6605,0,0,12.88,1.32,drive,27.71,front,LIDAR_ONLY
0,777.2733,t5418,LIDAR_ONLY,19.6957,19.6957,11.1436,8.5521,8.5521,76.7448,76.7448,0,0,12.88,1.32,drive,19.49,front,LIDAR_ONLY
0,777.2733,t5428,LIDAR_ONLY,11.1198,11.1198,10.7765,0.3433,0.3433,3.1852,3.1852,1,1,12.88,1.32,cautious,-5.16,front,LIDAR_ONLY
0,777.3549,cam_8,CAM_ONLY,18.1400,,10.7765,7.3634,,68.3284,,0,,24.92,2.17,warning,-9.14,,CAMERA_ONLY
0,777.4341,cam_8,CAM_ONLY,18.1468,,10.7765,7.3703,,68.3918,,0,,22.66,1.47,warning,-9.14,,CAMERA_ONLY
0,777.5040,cam_8,CAM_ONLY,18.1636,,10.7765,7.3871,,68.5477,,0,,17.35,0.95,warning,-9.10,,CAMERA_ONLY
0,777.5845,cam_8,CAM_ONLY,18.1971,,10.7765,7.4205,,68.8580,,0,,13.17,2.12,warning,-9.10,,CAMERA_ONLY
0,777.6380,cam_8,CAM_ONLY,18.1469,,10.7765,7.3703,,68.3924,,0,,14.47,1.81,warning,-9.14,,CAMERA_ONLY
0,777.7101,cam_8,CAM_ONLY,18.1603,,10.7765,7.3838,,68.5170,,0,,18.02,0.96,warning,-9.14,,CAMERA_ONLY
0,777.7834,t5442,BOTH,18.1813,11.1096,23.6714,5.4901,12.5618,23.1929,53.0673,0,0,18.50,1.37,warning,-9.10,,FULL_ANGLE
0,777.7834,t5440,LIDAR_ONLY,22.9326,22.9326,,,,,,,,18.50,1.37,drive,25.62,front,LIDAR_ONLY
0,777.7834,t5442,LIDAR_ONLY,11.1779,11.1779,23.6714,12.4935,12.4935,52.7790,52.7790,0,0,18.50,1.37,cautious,-11.44,front,LIDAR_ONLY
0,777.7834,t5440,LIDAR_ONLY,21.4383,21.4383,,,,,,,,18.50,1.37,drive,29.74,front,LIDAR_ONLY
0,777.7834,t5443,LIDAR_ONLY,9.4430,9.4430,8.8092,0.6338,0.6338,7.1944,7.1944,1,1,18.50,1.37,slow,9.15,front,LIDAR_ONLY
0,777.8458,cam_8,CAM_ONLY,18.1244,,10.7765,7.3478,,68.1836,,0,,17.32,3.62,warning,-9.14,,CAMERA_ONLY
0,777.9077,cam_8,CAM_ONLY,18.1195,,10.7765,7.3429,,68.1382,,0,,13.58,1.02,warning,-9.10,,CAMERA_ONLY
0,777.9761,t5442,BOTH,18.1309,11.1020,10.7765,7.3543,0.3254,68.2436,3.0197,0,1,12.79,1.28,warning,-9.10,,FULL_ANGLE
0,777.9761,t5440,LIDAR_ONLY,21.9059,21.9059,,,,,,,,12.79,1.28,drive,22.26,front,LIDAR_ONLY
0,777.9761,t5440,LIDAR_ONLY,22.1614,22.1614,,,,,,,,12.79,1.28,drive,26.36,front,LIDAR_ONLY
0,777.9761,t5443,LIDAR_ONLY,9.4324,9.4324,8.8092,0.6231,0.6231,7.0738,7.0738,1,1,12.79,1.28,slow,9.96,front,LIDAR_ONLY
0,778.0440,cam_8,CAM_ONLY,18.0876,,10.7765,7.3110,,67.8421,,0,,17.52,1.14,warning,-9.06,,CAMERA_ONLY
0,778.1239,t5442,BOTH,18.1163,11.0888,10.7765,7.3398,0.3122,68.1090,2.8971,0,1,20.67,1.29,warning,-9.10,,FULL_ANGLE
0,778.1239,t5440,LIDAR_ONLY,22.3388,22.3388,,,,,,,,20.67,1.29,drive,25.86,front,LIDAR_ONLY
0,778.1239,t5440,LIDAR_ONLY,21.8788,21.8788,,,,,,,,20.67,1.29,drive,29.99,front,LIDAR_ONLY
0,778.1239,t5442,LIDAR_ONLY,11.0913,11.0913,10.7765,0.3148,0.3148,2.9208,2.9208,1,1,20.67,1.29,cautious,-11.27,front,LIDAR_ONLY
0,778.1239,t5443,LIDAR_ONLY,9.4392,9.4392,8.8092,0.6299,0.6299,7.1510,7.1510,1,1,20.67,1.29,slow,9.36,front,LIDAR_ONLY
0,778.1922,cam_8,CAM_ONLY,18.1163,,10.7765,7.3397,,68.1083,,0,,15.44,1.45,warning,-9.14,,CAMERA_ONLY
0,778.2573,cam_8,CAM_ONLY,18.1263,,10.7765,7.3497,,68.2011,,0,,18.64,0.96,warning,-9.10,,CAMERA_ONLY
0,778.3227,t5442,BOTH,18.1449,11.0954,10.7765,7.3683,0.3188,68.3738,2.9586,0,1,15.34,1.35,warning,-9.14,,FULL_ANGLE
0,778.3227,t5442,LIDAR_ONLY,11.0931,11.0931,10.7765,0.3165,0.3165,2.9372,2.9372,1,1,15.34,1.35,cautious,-11.20,front,LIDAR_ONLY
0,778.3227,t5443,LIDAR_ONLY,10.5053,10.5053,11.1436,0.6383,0.6383,5.7275,5.7275,1,1,15.34,1.35,slow,17.36,front,LIDAR_ONLY
0,778.3227,t5440,LIDAR_ONLY,21.8077,21.8077,,,,,,,,15.34,1.35,drive,29.60,front,LIDAR_ONLY
0,778.4002,cam_8,CAM_ONLY,18.1151,,10.7765,7.3385,,68.0970,,0,,19.06,1.12,warning,-9.10,,CAMERA_ONLY
0,778.4577,t5442,BOTH,18.1471,11.1010,10.7765,7.3705,0.3245,68.3942,3.0110,0,1,10.14,0.92,warning,-9.14,,FULL_ANGLE
0,778.4577,t5442,LIDAR_ONLY,11.1083,11.1083,10.7765,0.3318,0.3318,3.0786,3.0786,1,1,10.14,0.92,cautious,-5.91,front,LIDAR_ONLY
0,778.5286,t5442,BOTH,18.1466,11.1091,23.6726,5.5259,12.5635,23.3432,53.0718,0,0,14.87,2.65,warning,-9.06,,FULL_ANGLE
0,778.5286,t5440,LIDAR_ONLY,21.5492,21.5492,,,,,,,,14.87,2.65,drive,24.17,front,LIDAR_ONLY
0,778.5286,t5440,LIDAR_ONLY,21.2263,21.2263,,,,,,,,14.87,2.65,drive,28.30,front,LIDAR_ONLY
0,778.5286,t5442,LIDAR_ONLY,11.1123,11.1123,23.6726,12.5602,12.5602,53.0582,53.0582,0,0,14.87,2.65,cautious,-13.02,front,LIDAR_ONLY
0,778.5286,t5443,LIDAR_ONLY,11.2288,11.2288,11.1436,0.0852,0.0852,0.7645,0.7645,1,1,14.87,2.65,slow,20.04,front,LIDAR_ONLY
0,778.5286,t5443,LIDAR_ONLY,12.0918,12.0918,11.1436,0.9482,0.9482,8.5094,8.5094,1,1,14.87,2.65,cautious,24.17,front,LIDAR_ONLY
0,778.5989,cam_8,CAM_ONLY,18.1113,,10.7765,7.3348,,68.0621,,0,,20.45,0.94,warning,-9.10,,CAMERA_ONLY
0,778.6716,t5442,BOTH,18.1276,11.1134,23.6728,5.5452,12.5594,23.4243,53.0542,0,0,18.82,1.16,warning,-9.10,,FULL_ANGLE
0,778.6716,t5443,LIDAR_ONLY,13.6611,13.6611,11.1436,2.5175,2.5175,22.5915,22.5915,0,0,18.82,1.16,cautious,23.84,front,LIDAR_ONLY
0,778.6716,t5440,LIDAR_ONLY,20.9441,20.9441,,,,,,,,18.82,1.16,drive,27.92,front,LIDAR_ONLY
0,778.6716,t5442,LIDAR_ONLY,11.1909,11.1909,23.6728,12.4818,12.4818,52.7265,52.7265,0,0,18.82,1.16,cautious,-4.73,front,LIDAR_ONLY
0,778.6716,t5442,LIDAR_ONLY,11.2576,11.2576,23.6728,12.4152,12.4152,52.4451,52.4451,0,0,18.82,1.16,cautious,-12.89,front,LIDAR_ONLY
0,778.6716,t5443,LIDAR_ONLY,15.2594,15.2594,11.1436,4.1158,4.1158,36.9346,36.9346,0,0,18.82,1.16,cautious,23.84,front,LIDAR_ONLY
0,778.7403,cam_8,CAM_ONLY,18.1605,,10.7765,7.3840,,68.5191,,0,,17.46,1.95,warning,-9.10,,CAMERA_ONLY
0,778.8067,cam_8,CAM_ONLY,18.1555,,10.7765,7.3790,,68.4727,,0,,11.94,1.10,warning,-9.10,,CAMERA_ONLY
0,778.8711,t5442,BOTH,18.1322,11.3122,10.7765,7.3557,0.5357,68.2565,4.9707,0,1,20.89,0.98,warning,-9.10,,FULL_ANGLE
0,778.8711,t5443,LIDAR_ONLY,16.0638,16.0638,11.1436,4.9202,4.9202,44.1526,44.1526,0,0,20.89,0.98,cautious,22.99,front,LIDAR_ONLY
0,778.8711,t5443,LIDAR_ONLY,17.6481,17.6481,11.1436,6.5045,6.5045,58.3699,58.3699,0,0,20.89,0.98,drive,18.84,front,LIDAR_ONLY
0,778.8711,t5442,LIDAR_ONLY,11.3405,11.3405,10.7765,0.5640,0.5640,5.2334,5.2334,1,1,20.89,0.98,cautious,-6.05,front,LIDAR_ONLY
0,778.9351,cam_8,CAM_ONLY,18.1211,,10.7765,7.3446,,68.1532,,0,,15.39,1.65,warning,-9.10,,CAMERA_ONLY
0,779.0056,cam_8,CAM_ONLY,18.0988,,10.7765,7.3222,,67.9460,,0,,16.86,1.19,warning,-9.10,,CAMERA_ONLY
0,779.0679,t5442,BOTH,18.1212,11.1051,10.7765,7.3446,0.3285,68.1537,3.0484,0,1,13.84,0.96,warning,-9.14,,FULL_ANGLE
0,779.0679,t5442,LIDAR_ONLY,11.3528,11.3528,10.7765,0.5762,0.5762,5.3470,5.3470,1,1,13.84,0.96,cautious,-6.64,front,LIDAR_ONLY
0,779.1603,cam_8,CAM_ONLY,18.1176,,10.7765,7.3410,,68.1205,,0,,10.61,1.10,warning,-9.14,,CAMERA_ONLY
0,779.2456,cam_8,CAM_ONLY,18.1132,,10.7765,7.3366,,68.0797,,0,,17.84,1.44,warning,-9.10,,CAMERA_ONLY
0,779.3130,cam_8,CAM_ONLY,18.1302,,10.7765,7.3536,,68.2372,,0,,18.69,1.08,warning,-9.10,,CAMERA_ONLY
0,779.3728,cam_8,CAM_ONLY,18.1038,,10.7765,7.3273,,67.9927,,0,,10.05,1.78,warning,-9.10,,CAMERA_ONLY
0,779.3728,t5477,LIDAR_ONLY,22.5430,22.5430,11.1436,11.3994,11.3994,102.2954,102.2954,0,0,10.05,1.78,drive,26.10,front,LIDAR_ONLY
0,779.3728,t5477,LIDAR_ONLY,17.8185,17.8185,11.1436,6.6749,6.6749,59.8988,59.8988,0,0,10.05,1.78,drive,17.93,front,LIDAR_ONLY
0,779.4362,cam_8,CAM_ONLY,18.1184,,10.7765,7.3418,,68.1278,,0,,15.54,1.66,warning,-9.10,,CAMERA_ONLY
0,779.4923,cam_8,CAM_ONLY,18.1462,,10.7765,7.3696,,68.3858,,0,,10.40,0.95,warning,-9.10,,CAMERA_ONLY
0,779.5520,cam_8,CAM_ONLY,18.1316,,10.7765,7.3550,,68.2505,,0,,12.23,1.08,warning,-9.06,,CAMERA_ONLY
0,779.6179,t5485,BOTH,18.1678,11.0893,10.7765,7.3912,0.3127,68.5864,2.9020,0,1,14.23,1.14,warning,-9.10,,FULL_ANGLE
0,779.6179,t5485,LIDAR_ONLY,11.2302,11.2302,10.7765,0.4537,0.4537,4.2099,4.2099,1,1,14.23,1.14,cautious,-4.81,front,LIDAR_ONLY
0,779.6883,cam_8,CAM_ONLY,18.1705,,10.7765,7.3939,,68.6114,,0,,17.25,1.45,warning,-9.10,,CAMERA_ONLY
0,779.7622,t5485,BOTH,18.1661,11.2718,10.7765,7.3896,0.4953,68.5709,4.5961,0,1,18.46,0.97,warning,-9.10,,FULL_ANGLE
0,779.7622,t5485,LIDAR_ONLY,11.2793,11.2793,10.7765,0.5027,0.5027,4.6649,4.6649,1,1,18.46,0.97,cautious,-5.65,front,LIDAR_ONLY
0,779.7622,t5491,LIDAR_ONLY,9.5286,9.5286,8.8092,0.7194,0.7194,8.1666,8.1666,1,1,18.46,0.97,slow,10.82,front,LIDAR_ONLY
0,779.8322,cam_8,CAM_ONLY,18.1287,,10.7765,7.3521,,68.2232,,0,,17.09,1.30,warning,-9.10,,CAMERA_ONLY
0,779.8322,t5494,LIDAR_ONLY,21.0925,21.0925,11.1436,9.9489,9.9489,89.2789,89.2789,0,0,17.09,1.30,drive,28.03,front,LIDAR_ONLY
0,779.8322,t5494,LIDAR_ONLY,17.2239,17.2239,11.1436,6.0803,6.0803,54.5628,54.5628,0,0,17.09,1.30,drive,19.73,front,LIDAR_ONLY
0,779.8322,t5494,LIDAR_ONLY,16.0122,16.0122,11.1436,4.8686,4.8686,43.6895,43.6895,0,0,17.09,1.30,drive,23.88,front,LIDAR_ONLY
0,779.9001,cam_8,CAM_ONLY,18.1471,,10.7765,7.3705,,68.3939,,0,,19.21,1.34,warning,-9.14,,CAMERA_ONLY
0,779.9592,t5485,BOTH,18.1282,11.2510,10.7765,7.3517,0.4744,68.2191,4.4026,0,1,10.71,0.96,warning,-9.10,,FULL_ANGLE
0,779.9592,t5485,LIDAR_ONLY,11.2389,11.2389,10.7765,0.4624,0.4624,4.2905,4.2905,1,1,10.71,0.96,cautious,-6.34,front,LIDAR_ONLY
0,779.9592,t5491,LIDAR_ONLY,9.3990,9.3990,8.8092,0.5898,0.5898,6.6950,6.6950,1,1,10.71,0.96,slow,10.17,front,LIDAR_ONLY
0,780.0174,t5485,BOTH,18.1142,11.0904,10.7765,7.3377,0.3138,68.0894,2.9122,0,1,12.72,0.93,warning,-9.14,,FULL_ANGLE
0,780.0785,cam_8,CAM_ONLY,18.1320,,10.7765,7.3555,,68.2545,,0,,11.17,1.64,warning,-9.10,,CAMERA_ONLY
0,780.1359,cam_8,CAM_ONLY,18.1282,,10.7765,7.3517,,68.2190,,0,,11.14,1.37,warning,-9.06,,CAMERA_ONLY
0,780.2058,cam_8,CAM_ONLY,18.1154,,10.7765,7.3388,,68.0998,,0,,13.62,0.99,warning,-9.14,,CAMERA_ONLY
0,780.2687,t5503,BOTH,18.1384,11.0882,23.6772,5.5388,12.5890,23.3931,53.1694,0,0,11.61,1.08,warning,-9.10,,FULL_ANGLE
0,780.2687,t5503,LIDAR_ONLY,11.1670,11.1670,23.6772,12.5103,12.5103,52.8368,52.8368,0,0,11.61,1.08,cautious,-11.53,front,LIDAR_ONLY
0,780.3468,cam_8,CAM_ONLY,18.1541,,10.7765,7.3776,,68.4596,,0,,18.69,0.93,warning,-9.14,,CAMERA_ONLY
0,780.4117,t5503,BOTH,18.1184,11.0766,23.6777,5.5594,12.6011,23.4793,53.2193,0,0,13.65,0.98,warning,-9.06,,FULL_ANGLE
0,780.4117,t5503,LIDAR_ONLY,11.0830,11.0830,23.6777,12.5947,12.5947,53.1923,53.1923,0,0,13.65,0.98,cautious,-12.13,front,LIDAR_ONLY
0,780.4117,t5507,LIDAR_ONLY,12.4960,12.4960,11.1436,1.3524,1.3524,12.1359,12.1359,0,0,13.65,0.98,cautious,20.29,front,LIDAR_ONLY
0,780.4719,t5503,BOTH,18.1637,11.0859,10.7765,7.3871,0.3093,68.5483,2.8702,0,1,12.63,1.56,warning,-9.14,,FULL_ANGLE
0,780.4719,t5507,LIDAR_ONLY,12.4877,12.4877,11.1436,1.3441,1.3441,12.0615,12.0615,0,0,12.63,1.56,cautious,19.72,front,LIDAR_ONLY
0,780.4719,t5507,LIDAR_ONLY,12.4498,12.4498,11.1436,1.3062,1.3062,11.7213,11.7213,0,0,12.63,1.56,cautious,23.90,front,LIDAR_ONLY
0,780.5357,cam_8,CAM_ONLY,18.1634,,10.7765,7.3868,,68.5454,,0,,23.03,3.72,warning,-9.14,,CAMERA_ONLY
0,780.5969,cam_8,CAM_ONLY,18.1200,,10.7765,7.3435,,68.1430,,0,,15.19,1.46,warning,-9.06,,CAMERA_ONLY
0,780.6666,cam_8,CAM_ONLY,18.1349,,10.7765,7.3584,,68.2815,,0,,15.75,1.01,warning,-9.14,,CAMERA_ONLY
0,780.7372,cam_8,CAM_ONLY,18.1634,,10.7765,7.3868,,68.5452,,0,,12.26,1.74,warning,-9.14,,CAMERA_ONLY
0,780.7972,cam_8,CAM_ONLY,18.1638,,10.7765,7.3872,,68.5489,,0,,12.40,1.39,warning,-9.10,,CAMERA_ONLY
0,780.8670,t5520,BOTH,18.1484,11.1060,10.7765,7.3718,0.3295,68.4061,3.0576,0,1,14.24,1.03,warning,-9.14,,FULL_ANGLE
0,780.8670,t5520,LIDAR_ONLY,11.1494,11.1494,10.7765,0.3728,0.3728,3.4597,3.4597,1,1,14.24,1.03,cautious,-5.53,front,LIDAR_ONLY
0,780.8670,t5521,LIDAR_ONLY,21.7760,21.7760,11.1436,10.6324,10.6324,95.4130,95.4130,0,0,14.24,1.03,drive,27.08,front,LIDAR_ONLY
0,780.8670,t5521,LIDAR_ONLY,17.1566,17.1566,11.1436,6.0130,6.0130,53.9591,53.9591,0,0,14.24,1.03,drive,18.93,front,LIDAR_ONLY
0,780.9324,cam_8,CAM_ONLY,18.1582,,10.7765,7.3817,,68.4978,,0,,18.57,1.52,warning,-9.14,,CAMERA_ONLY
0,780.9979,cam_8,CAM_ONLY,18.1376,,10.7765,7.3611,,68.3062,,0,,15.40,1.06,warning,-9.14,,CAMERA_ONLY
0,781.0550,cam_8,CAM_ONLY,18.1082,,10.7765,7.3317,,68.0335,,0,,9.74,0.93,warning,-9.10,,CAMERA_ONLY
0,781.1128,t5527,BOTH,18.1348,11.1301,10.7765,7.3583,0.3535,68.2805,3.2807,0,1,10.19,1.05,warning,-9.10,,FULL_ANGLE
0,781.1128,t5526,LIDAR_ONLY,21.5338,21.5338,11.1436,10.3902,10.3902,93.2394,93.2394,0,0,10.19,1.05,drive,27.41,front,LIDAR_ONLY
0,781.1128,t5528,LIDAR_ONLY,38.3902,38.3902,8.8092,29.5810,29.5810,335.7959,335.7959,0,0,10.19,1.05,drive,14.96,front,LIDAR_ONLY
0,781.1128,t5526,LIDAR_ONLY,22.0672,22.0672,11.1436,10.9236,10.9236,98.0261,98.0261,0,0,10.19,1.05,drive,23.26,front,LIDAR_ONLY
0,781.1128,t5527,LIDAR_ONLY,11.0877,11.0877,10.7765,0.3112,0.3112,2.8877,2.8877,1,1,10.19,1.05,cautious,-5.80,front,LIDAR_ONLY
0,781.1128,t5528,LIDAR_ONLY,21.7520,21.7520,8.8092,12.9428,12.9428,146.9231,146.9231,0,0,10.19,1.05,drive,10.80,front,LIDAR_ONLY
0,781.1128,t5526,LIDAR_ONLY,19.0535,19.0535,11.1436,7.9099,7.9099,70.9812,70.9812,0,0,10.19,1.05,drive,19.11,front,LIDAR_ONLY
0,781.1714,t5527,BOTH,18.1400,11.0913,10.7765,7.3634,0.3148,68.3282,2.9210,0,1,11.43,0.96,warning,-9.10,,FULL_ANGLE
0,781.1714,t5527,LIDAR_ONLY,11.0910,11.0910,10.7765,0.3145,0.3145,2.9183,2.9183,1,1,11.43,0.96,cautious,-5.69,front,LIDAR_ONLY
0,781.2413,cam_8,CAM_ONLY,18.1198,,10.7765,7.3432,,68.1407,,0,,14.70,1.70,warning,-9.10,,CAMERA_ONLY
0,781.2983,cam_8,CAM_ONLY,18.1238,,10.7765,7.3473,,68.1783,,0,,11.40,1.21,warning,-9.10,,CAMERA_ONLY
0,781.3583,t5527,BOTH,18.1531,11.0949,10.7765,7.3765,0.3184,68.4500,2.9542,0,1,9.69,0.89,warning,-9.10,,FULL_ANGLE
0,781.3583,t5527,LIDAR_ONLY,11.0862,11.0862,10.7765,0.3097,0.3097,2.8735,2.8735,1,1,9.69,0.89,cautious,-6.62,front,LIDAR_ONLY
0,781.4254,t5527,BOTH,18.1139,11.0821,10.7765,7.3374,0.3055,68.0866,2.8349,0,1,19.32,1.07,warning,-9.10,,FULL_ANGLE
0,781.4254,t5527,LIDAR_ONLY,11.0848,11.0848,10.7765,0.3082,0.3082,2.8601,2.8601,1,1,19.32,1.07,cautious,-6.41,front,LIDAR_ONLY
0,781.4254,t5539,LIDAR_ONLY,9.3790,9.3790,11.1436,1.7646,1.7646,15.8352,15.8352,0,0,19.32,1.07,slow,9.79,front,LIDAR_ONLY
0,781.4254,t5539,LIDAR_ONLY,9.7530,9.7530,11.1436,1.3906,1.3906,12.4789,12.4789,0,0,19.32,1.07,slow,17.89,front,LIDAR_ONLY
0,781.4874,cam_8,CAM_ONLY,18.1361,,10.7765,7.3596,,68.2924,,0,,10.41,1.08,warning,-9.10,,CAMERA_ONLY
0,781.5448,cam_8,CAM_ONLY,18.1662,,10.7765,7.3896,,68.5712,,0,,13.78,1.24,warning,-9.10,,CAMERA_ONLY
0,781.6103,cam_8,CAM_ONLY,18.1270,,10.7765,7.3504,,68.2075,,0,,17.08,1.10,warning,-9.10,,CAMERA_ONLY
0,781.6691,t5543,BOTH,18.1496,11.1125,10.7765,7.3731,0.3360,68.4176,3.1177,0,1,11.24,1.03,warning,-9.10,,FULL_ANGLE
0,781.6691,t5543,LIDAR_ONLY,11.0882,11.0882,10.7765,0.3117,0.3117,2.8919,2.8919,1,1,11.24,1.03,cautious,-5.98,front,LIDAR_ONLY
0,781.7376,cam_8,CAM_ONLY,18.1570,,10.7765,7.3804,,68.4859,,0,,13.34,0.98,warning,-9.14,,CAMERA_ONLY
0,781.7953,cam_8,CAM_ONLY,18.1126,,10.7765,7.3360,,68.0737,,0,,10.76,0.96,warning,-9.10,,CAMERA_ONLY
0,781.8533,cam_8,CAM_ONLY,18.1348,,10.7765,7.3583,,68.2804,,0,,14.07,1.12,warning,-9.10,,CAMERA_ONLY
0,781.9168,cam_8,CAM_ONLY,18.1293,,10.7765,7.3528,,68.2293,,0,,14.05,1.06,warning,-9.10,,CAMERA_ONLY
0,781.9850,cam_8,CAM_ONLY,18.1359,,10.7765,7.3594,,68.2906,,0,,13.18,1.56,warning,-9.14,,CAMERA_ONLY
0,782.0570,cam_8,CAM_ONLY,18.1109,,10.7765,7.3343,,68.0584,,0,,14.66,0.97,warning,-9.06,,CAMERA_ONLY
0,782.1196,t5557,BOTH,18.1324,11.1425,10.7765,7.3559,0.3659,68.2583,3.3955,0,1,11.98,1.52,warning,-9.14,,FULL_ANGLE
0,782.1196,t5554,LIDAR_ONLY,48.6863,48.6863,8.8092,39.8771,39.8771,452.6743,452.6743,0,0,11.98,1.52,drive,5.65,front,LIDAR_ONLY
0,782.1196,t5555,LIDAR_ONLY,26.6151,26.6151,11.1436,15.4715,15.4715,138.8372,138.8372,0,0,11.98,1.52,drive,21.89,front,LIDAR_ONLY
0,782.1196,t5555,LIDAR_ONLY,24.6249,24.6249,11.1436,13.4813,13.4813,120.9776,120.9776,0,0,11.98,1.52,drive,25.94,front,LIDAR_ONLY
0,782.1196,t5557,LIDAR_ONLY,11.0767,11.0767,10.7765,0.3002,0.3002,2.7857,2.7857,1,1,11.98,1.52,cautious,-6.53,front,LIDAR_ONLY
0,782.1196,t5554,LIDAR_ONLY,26.8181,26.8181,8.8092,18.0089,18.0089,204.4326,204.4326,0,0,11.98,1.52,drive,9.71,front,LIDAR_ONLY
0,782.1196,t5555,LIDAR_ONLY,20.4901,20.4901,11.1436,9.3465,9.3465,83.8734,83.8734,0,0,11.98,1.52,drive,21.89,front,LIDAR_ONLY
0,782.1777,t5557,BOTH,18.1133,11.0767,10.7765,7.3368,0.3001,68.0808,2.7852,0,1,13.13,1.02,warning,-9.10,,FULL_ANGLE
0,782.1777,t5554,LIDAR_ONLY,27.5535,27.5535,11.1436,16.4099,16.4099,147.2585,147.2585,0,0,13.13,1.02,drive,15.56,front,LIDAR_ONLY
0,782.2509,cam_8,CAM_ONLY,18.0987,,10.7765,7.3221,,67.9452,,0,,19.37,1.45,warning,-9.10,,CAMERA_ONLY
0,782.3105,t5557,BOTH,18.1233,11.0846,10.7765,7.3467,0.3081,68.1731,2.8590,0,1,11.10,0.98,warning,-9.14,,FULL_ANGLE
0,782.3703,t5557,BOTH,18.1444,11.0898,10.7765,7.3678,0.3132,68.3693,2.9066,0,1,11.64,1.22,warning,-9.14,,FULL_ANGLE
0,782.3703,t5565,LIDAR_ONLY,21.1769,21.1769,,,,,,,,11.64,1.22,drive,27.91,front,LIDAR_ONLY
0,782.3703,t5554,LIDAR_ONLY,28.5255,28.5255,11.1436,17.3819,17.3819,155.9811,155.9811,0,0,11.64,1.22,drive,15.51,front,LIDAR_ONLY
0,782.3703,t5554,LIDAR_ONLY,29.1268,29.1268,11.1436,17.9832,17.9832,161.3769,161.3769,0,0,11.64,1.22,drive,19.64,front,LIDAR_ONLY
0,782.3703,t5557,LIDAR_ONLY,11.0917,11.0917,10.7765,0.3152,0.3152,2.9248,2.9248,1,1,11.64,1.22,cautious,-5.15,front,LIDAR_ONLY
0,782.4373,cam_8,CAM_ONLY,18.1124,,10.7765,7.3358,,68.0721,,0,,20.87,1.11,warning,-9.14,,CAMERA_ONLY
0,782.5008,cam_8,CAM_ONLY,18.1180,,10.7765,7.3414,,68.1242,,0,,16.36,0.94,warning,-9.10,,CAMERA_ONLY
0,782.5604,cam_8,CAM_ONLY,18.1258,,10.7765,7.3493,,68.1971,,0,,19.20,1.04,warning,-9.10,,CAMERA_ONLY
0,782.6229,t5571,BOTH,18.1239,11.0717,10.7765,7.3473,0.2951,68.1788,2.7387,0,1,10.73,1.05,warning,-9.14,,FULL_ANGLE
0,782.6229,t5571,LIDAR_ONLY,11.0767,11.0767,10.7765,0.3001,0.3001,2.7849,2.7849,1,1,10.73,1.05,cautious,-5.23,front,LIDAR_ONLY
0,782.6229,t5572,LIDAR_ONLY,12.4300,12.4300,11.1436,1.2864,1.2864,11.5440,11.5440,0,0,10.73,1.05,cautious,24.32,front,LIDAR_ONLY
0,782.6955,cam_8,CAM_ONLY,18.1385,,10.7765,7.3620,,68.3146,,0,,23.60,1.58,warning,-9.14,,CAMERA_ONLY
0,782.7658,cam_8,CAM_ONLY,18.1697,,10.7765,7.3931,,68.6038,,0,,15.78,0.89,warning,-9.10,,CAMERA_ONLY
0,782.8348,cam_8,CAM_ONLY,18.1349,,10.7765,7.3584,,68.2815,,0,,18.43,1.82,warning,-9.10,,CAMERA_ONLY
0,782.9144,cam_8,CAM_ONLY,18.1236,,10.7765,7.3471,,68.1764,,0,,15.26,0.93,warning,-9.10,,CAMERA_ONLY
0,782.9749,t5584,BOTH,18.1368,11.0782,10.7765,7.3602,0.3016,68.2986,2.7988,0,1,11.34,1.02,warning,-9.14,,FULL_ANGLE
0,782.9749,t5583,LIDAR_ONLY,48.6962,48.6962,8.8092,39.8870,39.8870,452.7865,452.7865,0,0,11.34,1.02,drive,5.55,front,LIDAR_ONLY
0,782.9749,t5584,LIDAR_ONLY,11.0723,11.0723,10.7765,0.2957,0.2957,2.7441,2.7441,1,1,11.34,1.02,cautious,-6.93,front,LIDAR_ONLY
0,782.9749,t5583,LIDAR_ONLY,34.4244,34.4244,8.8092,25.6152,25.6152,290.7769,290.7769,0,0,11.34,1.02,drive,9.71,front,LIDAR_ONLY
0,783.0536,cam_8,CAM_ONLY,18.1623,,10.7765,7.3858,,68.5355,,0,,16.10,1.34,warning,-9.10,,CAMERA_ONLY
0,783.1224,cam_8,CAM_ONLY,18.0974,,10.7765,7.3208,,67.9330,,0,,20.14,1.51,warning,-9.10,,CAMERA_ONLY
0,783.1839,cam_8,CAM_ONLY,18.1165,,10.7765,7.3400,,68.1105,,0,,12.96,1.54,warning,-9.10,,CAMERA_ONLY
0,783.2377,cam_8,CAM_ONLY,18.1717,,10.7765,7.3952,,68.6230,,0,,12.80,1.83,warning,-9.14,,CAMERA_ONLY
0,783.2984,cam_8,CAM_ONLY,18.1197,,10.7765,7.3432,,68.1402,,0,,13.43,0.96,warning,-9.06,,CAMERA_ONLY
0,783.3638,cam_8,CAM_ONLY,18.1471,,10.7765,7.3706,,68.3945,,0,,20.17,1.04,warning,-9.14,,CAMERA_ONLY
0,783.4484,cam_8,CAM_ONLY,18.1399,,10.7765,7.3633,,68.3272,,0,,22.80,1.99,warning,-9.10,,CAMERA_ONLY
0,783.5074,t5604,BOTH,18.1216,11.1437,10.7765,7.3451,0.3671,68.1581,3.4066,0,1,11.86,1.12,warning,-9.06,,FULL_ANGLE
0,783.5074,t5604,LIDAR_ONLY,11.0950,11.0950,10.7765,0.3185,0.3185,2.9554,2.9554,1,1,11.86,1.12,cautious,-7.00,front,LIDAR_ONLY
0,783.5711,t5604,BOTH,18.1578,11.0982,10.7765,7.3813,0.3217,68.4940,2.9849,0,1,14.45,0.98,warning,-9.14,,FULL_ANGLE
0,783.5711,t5606,LIDAR_ONLY,25.8462,25.8462,11.1436,14.7027,14.7027,131.9381,131.9381,0,0,14.45,0.98,drive,22.57,front,LIDAR_ONLY
0,783.5711,t5604,LIDAR_ONLY,11.0912,11.0912,10.7765,0.3147,0.3147,2.9200,2.9200,1,1,14.45,0.98,cautious,-6.17,front,LIDAR_ONLY
0,783.5711,t5607,LIDAR_ONLY,9.2731,9.2731,8.8092,0.4639,0.4639,5.2660,5.2660,1,1,14.45,0.98,slow,10.25,front,LIDAR_ONLY
0,783.5711,t5606,LIDAR_ONLY,19.0582,19.0582,11.1436,7.9146,7.9146,71.0242,71.0242,0,0,14.45,0.98,drive,22.57,front,LIDAR_ONLY
0,783.6410,cam_8,CAM_ONLY,18.1494,,10.7765,7.3728,,68.4155,,0,,18.41,1.59,warning,-9.10,,CAMERA_ONLY
0,783.7087,cam_8,CAM_ONLY,18.1817,,10.7765,7.4051,,68.7151,,0,,13.84,1.14,warning,-9.10,,CAMERA_ONLY
0,783.7662,t5604,BOTH,18.1465,11.0975,10.7765,7.3699,0.3210,68.3884,2.9787,0,1,10.65,0.99,warning,-9.14,,FULL_ANGLE
0,783.7662,t5606,LIDAR_ONLY,19.5467,19.5467,,,,,,,,10.65,0.99,drive,24.46,front,LIDAR_ONLY
0,783.7662,t5606,LIDAR_ONLY,19.8880,19.8880,,,,,,,,10.65,0.99,drive,28.54,front,LIDAR_ONLY
0,783.8324,cam_8,CAM_ONLY,18.1408,,10.7765,7.3643,,68.3361,,0,,13.43,1.68,warning,-9.14,,CAMERA_ONLY
0,783.8324,t5606,LIDAR_ONLY,20.2942,20.2942,,,,,,,,13.43,1.68,drive,24.99,front,LIDAR_ONLY
0,783.8324,t5606,LIDAR_ONLY,20.1590,20.1590,,,,,,,,13.43,1.68,drive,29.10,front,LIDAR_ONLY
0,783.9117,cam_8,CAM_ONLY,18.1551,,10.7765,7.3786,,68.4687,,0,,19.43,1.13,warning,-9.10,,CAMERA_ONLY
0,783.9761,cam_8,CAM_ONLY,18.1408,,10.7765,7.3642,,68.3356,,0,,10.03,1.64,warning,-9.14,,CAMERA_ONLY
0,783.9761,t5606,LIDAR_ONLY,20.6546,20.6546,11.1436,9.5110,9.5110,85.3494,85.3494,0,0,10.03,1.64,drive,27.82,front,LIDAR_ONLY
0,783.9761,t5606,LIDAR_ONLY,21.2968,21.2968,11.1436,10.1532,10.1532,91.1125,91.1125,0,0,10.03,1.64,drive,19.49,front,LIDAR_ONLY
0,784.0402,cam_8,CAM_ONLY,18.1106,,10.7765,7.3340,,68.0552,,0,,13.97,1.58,warning,-9.10,,CAMERA_ONLY
0,784.1094,cam_8,CAM_ONLY,18.1466,,10.7765,7.3700,,68.3895,,0,,16.91,1.04,warning,-9.14,,CAMERA_ONLY
0,784.1633,t5618,BOTH,18.1396,11.1425,23.6854,5.5458,12.5429,23.4146,52.9561,0,0,11.26,1.00,warning,-9.10,,FULL_ANGLE
0,784.1633,t5606,LIDAR_ONLY,21.9465,21.9465,,,,,,,,11.26,1.00,drive,23.88,front,LIDAR_ONLY
0,784.1633,t5618,LIDAR_ONLY,11.2479,11.2479,23.6854,12.4375,12.4375,52.5113,52.5113,0,0,11.26,1.00,cautious,-12.33,front,LIDAR_ONLY
0,784.1633,t5606,LIDAR_ONLY,22.2787,22.2787,,,,,,,,11.26,1.00,drive,27.90,front,LIDAR_ONLY
0,784.2285,t5618,BOTH,18.1145,11.0996,10.7765,7.3380,0.3230,68.0921,2.9974,0,1,14.72,1.11,warning,-9.06,,FULL_ANGLE
0,784.2901,cam_8,CAM_ONLY,18.1364,,10.7765,7.3599,,68.2953,,0,,17.07,2.04,warning,-9.06,,CAMERA_ONLY
0,784.3810,t5618,BOTH,18.1860,11.1103,23.6856,5.4996,12.5753,23.2193,53.0925,0,0,17.86,1.07,warning,-9.10,,FULL_ANGLE
0,784.3810,t5618,LIDAR_ONLY,11.1070,11.1070,23.6856,12.5786,12.5786,53.1065,53.1065,0,0,17.86,1.07,cautious,-11.93,front,LIDAR_ONLY
0,784.3810,t5628,LIDAR_ONLY,9.6420,9.6420,8.8092,0.8328,0.8328,9.4540,9.4540,1,1,17.86,1.07,cautious,8.56,front,LIDAR_ONLY
0,784.4458,cam_8,CAM_ONLY,18.1179,,10.7765,7.3413,,68.1230,,0,,15.02,1.07,warning,-9.06,,CAMERA_ONLY
0,784.5288,t5618,BOTH,18.1273,11.1107,10.7765,7.3508,0.3341,68.2109,3.1007,0,1,15.89,1.45,warning,-9.14,,FULL_ANGLE
0,784.5288,t5628,LIDAR_ONLY,15.4992,15.4992,8.8092,6.6899,6.6899,75.9423,75.9423,0,0,15.89,1.45,cautious,5.55,front,LIDAR_ONLY
0,784.5288,t5634,LIDAR_ONLY,22.2901,22.2901,11.1436,11.1465,11.1465,100.0259,100.0259,0,0,15.89,1.45,drive,26.41,front,LIDAR_ONLY
0,784.5288,t5618,LIDAR_ONLY,11.1044,11.1044,10.7765,0.3279,0.3279,3.0424,3.0424,1,1,15.89,1.45,cautious,-6.97,front,LIDAR_ONLY
0,784.5288,t5628,LIDAR_ONLY,17.9813,17.9813,8.8092,9.1721,9.1721,104.1191,104.1191,0,0,15.89,1.45,cautious,9.72,front,LIDAR_ONLY
0,784.5288,t5634,LIDAR_ONLY,17.2588,17.2588,11.1436,6.1153,6.1153,54.8768,54.8768,0,0,15.89,1.45,drive,22.24,front,LIDAR_ONLY
0,784.6038,cam_8,CAM_ONLY,18.1458,,10.7765,7.3692,,68.3822,,0,,21.28,1.02,warning,-9.10,,CAMERA_ONLY
0,784.6701,t5618,BOTH,18.1693,11.1051,10.7765,7.3928,0.3285,68.6007,3.0485,0,1,12.99,0.95,warning,-9.10,,FULL_ANGLE
0,784.6701,t5618,LIDAR_ONLY,11.0939,11.0939,10.7765,0.3173,0.3173,2.9444,2.9444,1,1,12.99,0.95,cautious,-11.20,front,LIDAR_ONLY
0,784.6701,t5628,LIDAR_ONLY,18.5702,18.5702,8.8092,9.7610,9.7610,110.8040,110.8040,0,0,12.99,0.95,drive,8.91,front,LIDAR_ONLY
0,784.7377,cam_8,CAM_ONLY,18.1210,,10.7765,7.3445,,68.1524,,0,,21.49,1.72,warning,-9.06,,CAMERA_ONLY
0,784.8033,cam_8,CAM_ONLY,18.1306,,10.7765,7.3541,,68.2415,,0,,16.80,1.03,warning,-9.10,,CAMERA_ONLY
0,784.8839,cam_8,CAM_ONLY,18.1690,,10.7765,7.3925,,68.5980,,0,,23.11,1.97,warning,-9.14,,CAMERA_ONLY
0,784.8839,t5645,LIDAR_ONLY,20.6813,20.6813,11.1436,9.5377,9.5377,85.5892,85.5892,0,0,23.11,1.97,drive,28.63,front,LIDAR_ONLY
0,784.8839,t5645,LIDAR_ONLY,21.1685,21.1685,11.1436,10.0250,10.0250,89.9615,89.9615,0,0,23.11,1.97,drive,24.45,front,LIDAR_ONLY
0,784.8839,t5645,LIDAR_ONLY,19.0169,19.0169,11.1436,7.8733,7.8733,70.6533,70.6533,0,0,23.11,1.97,drive,24.45,front,LIDAR_ONLY
0,784.9512,cam_8,CAM_ONLY,18.1460,,10.7765,7.3694,,68.3839,,0,,13.15,1.11,warning,-9.10,,CAMERA_ONLY
0,785.0143,t5647,BOTH,18.1180,11.0776,10.7765,7.3415,0.3011,68.1243,2.7938,0,1,14.34,1.06,warning,-9.10,,FULL_ANGLE
0,785.0143,t5647,LIDAR_ONLY,11.0690,11.0690,10.7765,0.2924,0.2924,2.7134,2.7134,1,1,14.34,1.06,cautious,-6.51,front,LIDAR_ONLY
0,785.0143,t5648,LIDAR_ONLY,9.3792,9.3792,8.8092,0.5700,0.5700,6.4702,6.4702,1,1,14.34,1.06,slow,10.14,front,LIDAR_ONLY
0,785.0143,t5645,LIDAR_ONLY,17.4515,17.4515,11.1436,6.3079,6.3079,56.6054,56.6054,0,0,14.34,1.06,drive,18.47,front,LIDAR_ONLY
0,785.0933,cam_8,CAM_ONLY,18.1165,,10.7765,7.3400,,68.1106,,0,,22.02,3.86,warning,-9.10,,CAMERA_ONLY
0,785.1631,cam_8,CAM_ONLY,18.1363,,10.7765,7.3597,,68.2941,,0,,18.07,1.14,warning,-9.10,,CAMERA_ONLY
0,785.2375,cam_8,CAM_ONLY,18.1591,,10.7765,7.3825,,68.5054,,0,,19.81,1.63,warning,-9.10,,CAMERA_ONLY
0,785.2375,t5645,LIDAR_ONLY,17.9684,17.9684,,,,,,,,19.81,1.63,drive,24.04,front,LIDAR_ONLY
0,785.2375,t5645,LIDAR_ONLY,18.3791,18.3791,,,,,,,,19.81,1.63,drive,28.16,front,LIDAR_ONLY
0,785.2375,t5648,LIDAR_ONLY,12.4114,12.4114,11.1436,1.2678,1.2678,11.3770,11.3770,0,0,19.81,1.63,slow,15.81,front,LIDAR_ONLY
0,785.2375,t5648,LIDAR_ONLY,13.9618,13.9618,11.1436,2.8182,2.8182,25.2898,25.2898,0,0,19.81,1.63,slow,19.93,front,LIDAR_ONLY
0,785.3185,t5656,BOTH,18.1102,11.0794,10.7765,7.3337,0.3029,68.0520,2.8105,0,1,25.13,1.27,warning,-9.10,,FULL_ANGLE
0,785.3185,t5656,LIDAR_ONLY,11.0784,11.0784,10.7765,0.3018,0.3018,2.8008,2.8008,1,1,25.13,1.27,cautious,-6.20,front,LIDAR_ONLY
0,785.3185,t5648,LIDAR_ONLY,15.9551,15.9551,8.8092,7.1459,7.1459,81.1181,81.1181,0,0,25.13,1.27,slow,18.21,front,LIDAR_ONLY
0,785.3185,t5648,LIDAR_ONLY,16.7550,16.7550,8.8092,7.9458,7.9458,90.1985,90.1985,0,0,25.13,1.27,slow,10.08,front,LIDAR_ONLY
0,785.3898,cam_8,CAM_ONLY,18.1186,,10.7765,7.3421,,68.1300,,0,,14.93,1.64,warning,-9.10,,CAMERA_ONLY
0,785.4491,cam_8,CAM_ONLY,18.1387,,10.7765,7.3622,,68.3167,,0,,14.61,1.59,warning,-9.10,,CAMERA_ONLY
0,785.5216,t5656,BOTH,18.1813,11.1006,23.6882,5.5070,12.5876,23.2476,53.1386,0,0,15.58,1.23,warning,-9.10,,FULL_ANGLE
0,785.5216,t5661,LIDAR_ONLY,23.3818,23.3818,,,,,,,,15.58,1.23,drive,25.10,front,LIDAR_ONLY
0,785.5216,t5661,LIDAR_ONLY,22.0447,22.0447,,,,,,,,15.58,1.23,drive,29.23,front,LIDAR_ONLY
0,785.5216,t5656,LIDAR_ONLY,11.0930,11.0930,23.6882,12.5952,12.5952,53.1706,53.1706,0,0,15.58,1.23,cautious,-12.05,front,LIDAR_ONLY
0,785.5816,cam_8,CAM_ONLY,18.1515,,10.7765,7.3750,,68.4355,,0,,17.70,1.63,warning,-9.14,,CAMERA_ONLY
0,785.6529,cam_8,CAM_ONLY,18.1631,,10.7765,7.3866,,68.5431,,0,,23.44,0.90,warning,-9.14,,CAMERA_ONLY
0,785.7227,t5656,BOTH,18.1791,11.1045,23.6884,5.5093,12.5839,23.2573,53.1227,0,0,18.34,1.17,warning,-9.10,,FULL_ANGLE
0,785.7227,t5665,LIDAR_ONLY,28.1924,28.1924,,,,,,,,18.34,1.17,drive,-24.73,front,LIDAR_ONLY
0,785.7227,t5661,LIDAR_ONLY,22.2910,22.2910,11.1436,11.1474,11.1474,100.0339,100.0339,0,0,18.34,1.17,drive,23.57,front,LIDAR_ONLY
0,785.7227,t5656,LIDAR_ONLY,11.1933,11.1933,23.6884,12.4951,12.4951,52.7476,52.7476,0,0,18.34,1.17,cautious,-4.60,front,LIDAR_ONLY
0,785.7227,t5656,LIDAR_ONLY,11.2676,11.2676,23.6884,12.4208,12.4208,52.4340,52.4340,0,0,18.34,1.17,cautious,-12.65,front,LIDAR_ONLY
0,785.7920,cam_8,CAM_ONLY,18.1690,,10.7765,7.3925,,68.5978,,0,,15.11,1.68,warning,-9.14,,CAMERA_ONLY
0,785.8592,cam_8,CAM_ONLY,18.1240,,10.7765,7.3475,,68.1803,,0,,15.23,1.00,warning,-9.14,,CAMERA_ONLY
0,785.9490,cam_8,CAM_ONLY,18.1118,,10.7765,7.3353,,68.0670,,0,,24.67,1.05,warning,-9.14,,CAMERA_ONLY
0,786.0154,t5675,BOTH,18.1508,11.0880,10.7765,7.3742,0.3114,68.4286,2.8897,0,1,14.55,0.87,warning,-9.14,,FULL_ANGLE
0,786.0154,t5674,LIDAR_ONLY,21.3026,21.3026,,,,,,,,14.55,0.87,drive,27.73,front,LIDAR_ONLY
0,786.0154,t5675,LIDAR_ONLY,11.0901,11.0901,10.7765,0.3136,0.3136,2.9100,2.9100,1,1,14.55,0.87,cautious,-5.18,front,LIDAR_ONLY
0,786.0849,cam_8,CAM_ONLY,18.1378,,10.7765,7.3612,,68.3077,,0,,15.24,1.48,warning,-9.06,,CAMERA_ONLY
0,786.0849,t5674,LIDAR_ONLY,22.0067,22.0067,,,,,,,,15.24,1.48,drive,22.95,front,LIDAR_ONLY
0,786.0849,t5674,LIDAR_ONLY,22.3268,22.3268,,,,,,,,15.24,1.48,drive,27.13,front,LIDAR_ONLY
0,786.1490,cam_8,CAM_ONLY,18.1207,,10.7765,7.3442,,68.1495,,0,,13.84,0.87,warning,-9.06,,CAMERA_ONLY
0,786.2137,cam_8,CAM_ONLY,18.1182,,10.7765,7.3417,,68.1266,,0,,15.78,1.10,warning,-9.10,,CAMERA_ONLY
0,786.2836,cam_8,CAM_ONLY,18.1393,,10.7765,7.3628,,68.3223,,0,,17.92,1.76,warning,-9.10,,CAMERA_ONLY
0,786.3547,cam_8,CAM_ONLY,18.1450,,10.7765,7.3685,,68.3751,,0,,12.73,0.90,warning,-9.10,,CAMERA_ONLY
0,786.4220,t5688,BOTH,18.1087,11.1692,23.6901,5.5814,12.5208,23.5600,52.8527,0,0,21.72,1.47,warning,-9.10,,FULL_ANGLE
0,786.4220,t5688,LIDAR_ONLY,11.2791,11.2791,23.6901,12.4110,12.4110,52.3890,52.3890,0,0,21.72,1.47,cautious,-12.65,front,LIDAR_ONLY
0,786.4220,t5690,LIDAR_ONLY,9.8555,9.8555,8.8092,1.0462,1.0462,11.8765,11.8765,0,0,21.72,1.47,cautious,8.34,front,LIDAR_ONLY
0,786.4902,cam_8,CAM_ONLY,18.1461,,10.7765,7.3695,,68.3848,,0,,16.67,1.57,warning,-9.10,,CAMERA_ONLY
0,786.5521,cam_8,CAM_ONLY,18.1663,,10.7765,7.3897,,68.5723,,0,,12.35,0.98,warning,-9.10,,CAMERA_ONLY
0,786.6072,t5688,BOTH,18.1295,11.1451,10.7765,7.3529,0.3686,68.2309,3.4200,0,1,9.80,0.97,warning,-9.06,,FULL_ANGLE
0,786.6672,t5688,BOTH,18.1571,11.1417,10.7765,7.3805,0.3651,68.4871,3.3879,0,1,10.33,1.30,warning,-9.10,,FULL_ANGLE
0,786.6672,t5695,LIDAR_ONLY,21.3686,21.3686,11.1436,10.2250,10.2250,91.7571,91.7571,0,0,10.33,1.30,drive,27.64,front,LIDAR_ONLY
0,786.6672,t5688,LIDAR_ONLY,11.1471,11.1471,10.7765,0.3706,0.3706,3.4386,3.4386,1,1,10.33,1.30,cautious,-5.50,front,LIDAR_ONLY
0,786.6672,t5695,LIDAR_ONLY,16.3154,16.3154,11.1436,5.1718,5.1718,46.4102,46.4102,0,0,10.33,1.30,drive,19.35,front,LIDAR_ONLY
0,786.7297,cam_8,CAM_ONLY,18.1631,,10.7765,7.3865,,68.5426,,0,,13.33,1.48,warning,-9.10,,CAMERA_ONLY
0,786.7993,cam_8,CAM_ONLY,18.1318,,10.7765,7.3553,,68.2526,,0,,17.61,0.92,warning,-9.06,,CAMERA_ONLY
0,786.8713,t5688,BOTH,18.1219,11.1037,23.6910,5.5691,12.5873,23.5073,53.1313,0,0,13.68,1.76,warning,-9.14,,FULL_ANGLE
0,786.8713,t5702,LIDAR_ONLY,28.2123,28.2123,,,,,,,,13.68,1.76,drive,-24.78,front,LIDAR_ONLY
0,786.8713,t5688,LIDAR_ONLY,11.1108,11.1108,23.6910,12.5802,12.5802,53.1011,53.1011,0,0,13.68,1.76,cautious,-12.38,front,LIDAR_ONLY
0,786.9330,cam_8,CAM_ONLY,18.1371,,10.7765,7.3605,,68.3014,,0,,12.27,1.70,warning,-9.10,,CAMERA_ONLY
0,786.9926,cam_8,CAM_ONLY,18.1055,,10.7765,7.3289,,68.0083,,0,,13.11,1.01,warning,-9.06,,CAMERA_ONLY
0,787.0505,cam_8,CAM_ONLY,18.1290,,10.7765,7.3525,,68.2266,,0,,12.08,1.23,warning,-9.10,,CAMERA_ONLY
0,787.1251,cam_8,CAM_ONLY,18.1518,,10.7765,7.3752,,68.4378,,0,,15.53,1.44,warning,-9.10,,CAMERA_ONLY
0,787.1864,cam_8,CAM_ONLY,18.1354,,10.7765,7.3589,,68.2862,,0,,10.09,1.26,warning,-9.10,,CAMERA_ONLY
0,787.2435,cam_8,CAM_ONLY,18.1233,,10.7765,7.3467,,68.1733,,0,,11.14,0.96,warning,-9.14,,CAMERA_ONLY
0,787.2967,cam_8,CAM_ONLY,18.1713,,10.7765,7.3947,,68.6188,,0,,10.22,1.01,warning,-9.10,,CAMERA_ONLY
0,787.3623,cam_8,CAM_ONLY,18.1044,,10.7765,7.3278,,67.9981,,0,,18.25,1.13,warning,-9.06,,CAMERA_ONLY
0,787.4328,cam_8,CAM_ONLY,18.1107,,10.7765,7.3342,,68.0570,,0,,14.84,1.18,warning,-9.14,,CAMERA_ONLY
0,787.4328,t5716,LIDAR_ONLY,24.5053,24.5053,11.1436,13.3617,13.3617,119.9045,119.9045,0,0,14.84,1.18,drive,23.88,front,LIDAR_ONLY
0,787.4328,t5716,LIDAR_ONLY,17.6089,17.6089,11.1436,6.4653,6.4653,58.0183,58.0183,0,0,14.84,1.18,drive,19.84,front,LIDAR_ONLY
0,787.4970,cam_8,CAM_ONLY,18.1319,,10.7765,7.3553,,68.2532,,0,,14.35,1.25,warning,-9.10,,CAMERA_ONLY
0,787.5583,cam_8,CAM_ONLY,18.1144,,10.7765,7.3378,,68.0908,,0,,18.61,1.06,warning,-9.10,,CAMERA_ONLY
0,787.6201,t5723,BOTH,18.1221,11.0573,23.6927,5.5705,12.6354,23.5116,53.3304,0,0,9.93,1.35,warning,-9.14,,FULL_ANGLE
0,787.6201,t5716,LIDAR_ONLY,17.9630,17.9630,11.1436,6.8194,6.8194,61.1954,61.1954,0,0,9.93,1.35,drive,28.27,front,LIDAR_ONLY
0,787.6201,t5723,LIDAR_ONLY,11.0806,11.0806,23.6927,12.6121,12.6121,53.2319,53.2319,0,0,9.93,1.35,cautious,-12.91,front,LIDAR_ONLY
0,787.6201,t5716,LIDAR_ONLY,17.3810,17.3810,11.1436,6.2374,6.2374,55.9727,55.9727,0,0,9.93,1.35,drive,20.03,front,LIDAR_ONLY
0,787.6201,t5716,LIDAR_ONLY,16.5039,16.5039,11.1436,5.3603,5.3603,48.1021,48.1021,0,0,9.93,1.35,drive,24.15,front,LIDAR_ONLY
0,787.6769,cam_8,CAM_ONLY,18.1374,,10.7765,7.3609,,68.3045,,0,,11.11,1.76,warning,-9.10,,CAMERA_ONLY
0,787.7429,cam_8,CAM_ONLY,18.1242,,10.7765,7.3476,,68.1818,,0,,18.74,1.57,warning,-9.10,,CAMERA_ONLY
0,787.8286,t5723,BOTH,18.1251,11.0934,10.7765,7.3485,0.3168,68.1900,2.9399,0,1,20.88,1.30,warning,-9.10,,FULL_ANGLE
0,787.8286,t5716,LIDAR_ONLY,16.3074,16.3074,11.1436,5.1638,5.1638,46.3388,46.3388,0,0,20.88,1.30,drive,27.26,front,LIDAR_ONLY
0,787.8286,t5723,LIDAR_ONLY,11.0991,11.0991,10.7765,0.3226,0.3226,2.9934,2.9934,1,1,20.88,1.30,cautious,-5.56,front,LIDAR_ONLY
0,787.8286,t5716,LIDAR_ONLY,16.3255,16.3255,11.1436,5.1819,5.1819,46.5013,46.5013,0,0,20.88,1.30,drive,19.05,front,LIDAR_ONLY
0,787.8956,cam_8,CAM_ONLY,18.1121,,10.7765,7.3356,,68.0698,,0,,16.26,1.16,warning,-9.14,,CAMERA_ONLY
0,787.9564,cam_8,CAM_ONLY,18.1275,,10.7765,7.3510,,68.2129,,0,,10.94,0.95,warning,-9.10,,CAMERA_ONLY
0,788.0185,t5723,BOTH,18.1185,11.1014,23.6934,5.5749,12.5920,23.5293,53.1455,0,0,14.05,1.00,warning,-9.10,,FULL_ANGLE
0,788.0185,t5731,LIDAR_ONLY,28.1855,28.1855,,,,,,,,14.05,1.00,drive,-24.58,front,LIDAR_ONLY
0,788.0185,t5723,LIDAR_ONLY,11.1113,11.1113,23.6934,12.5820,12.5820,53.1037,53.1037,0,0,14.05,1.00,cautious,-12.41,front,LIDAR_ONLY
0,788.0891,cam_8,CAM_ONLY,18.1045,,10.7765,7.3280,,67.9993,,0,,13.94,1.88,warning,-9.14,,CAMERA_ONLY
0,788.1597,cam_8,CAM_ONLY,18.1369,,10.7765,7.3603,,68.2994,,0,,22.34,1.01,warning,-9.14,,CAMERA_ONLY
0,788.2196,t5723,BOTH,18.1491,11.1125,10.7765,7.3726,0.3359,68.4130,3.1170,0,1,11.28,1.39,warning,-9.10,,FULL_ANGLE
0,788.2196,t5737,LIDAR_ONLY,20.0752,20.0752,,,,,,,,11.28,1.39,drive,29.57,front,LIDAR_ONLY
0,788.2196,t5723,LIDAR_ONLY,11.1151,11.1151,10.7765,0.3385,0.3385,3.1411,3.1411,1,1,11.28,1.39,cautious,-11.26,front,LIDAR_ONLY
0,788.2196,t5738,LIDAR_ONLY,9.3930,9.3930,11.1436,1.7506,1.7506,15.7092,15.7092,0,0,11.28,1.39,slow,9.16,front,LIDAR_ONLY
0,788.2196,t5738,LIDAR_ONLY,10.0070,10.0070,11.1436,1.1366,1.1366,10.1995,10.1995,0,0,11.28,1.39,slow,17.32,front,LIDAR_ONLY
0,788.2196,t5738,LIDAR_ONLY,10.5057,10.5057,11.1436,0.6379,0.6379,5.7247,5.7247,1,1,11.28,1.39,slow,21.41,front,LIDAR_ONLY
0,788.2196,t5738,LIDAR_ONLY,10.9146,10.9146,11.1436,0.2290,0.2290,2.0552,2.0552,1,1,11.28,1.39,cautious,25.49,front,LIDAR_ONLY
0,788.2941,cam_8,CAM_ONLY,18.1079,,10.7765,7.3314,,68.0308,,0,,21.66,1.22,warning,-9.10,,CAMERA_ONLY
0,788.3603,cam_8,CAM_ONLY,18.1088,,10.7765,7.3322,,68.0387,,0,,19.32,2.79,warning,-9.10,,CAMERA_ONLY
0,788.3603,t5739,LIDAR_ONLY,28.2055,28.2055,,,,,,,,19.32,2.79,drive,-24.51,front,LIDAR_ONLY
0,788.4243,t5723,BOTH,18.1387,11.1140,23.6943,5.5556,12.5803,23.4469,53.0941,0,0,19.16,0.97,warning,-9.10,,FULL_ANGLE
0,788.4243,t5737,LIDAR_ONLY,20.1864,20.1864,,,,,,,,19.16,0.97,drive,28.43,front,LIDAR_ONLY
0,788.4243,t5723,LIDAR_ONLY,11.1268,11.1268,23.6943,12.5675,12.5675,53.0400,53.0400,0,0,19.16,0.97,cautious,-12.79,front,LIDAR_ONLY
0,788.4930,cam_8,CAM_ONLY,18.1787,,10.7765,7.4022,,68.6876,,0,,13.20,1.31,warning,-9.10,,CAMERA_ONLY
0,788.5590,cam_8,CAM_ONLY,18.1276,,10.7765,7.3511,,68.2136,,0,,18.93,1.01,warning,-9.06,,CAMERA_ONLY
0,788.6285,t5723,BOTH,18.1169,11.1233,10.7765,7.3404,0.3468,68.1142,3.2180,0,1,17.11,1.33,warning,-9.10,,FULL_ANGLE
0,788.6979,cam_8,CAM_ONLY,18.1580,,10.7765,7.3814,,68.4954,,0,,15.87,1.46,warning,-9.19,,CAMERA_ONLY
0,788.7731,cam_8,CAM_ONLY,18.1528,,10.7765,7.3762,,68.4470,,0,,21.14,3.36,warning,-9.10,,CAMERA_ONLY
0,788.7731,t5749,LIDAR_ONLY,21.5201,21.5201,,,,,,,,21.14,3.36,drive,27.43,front,LIDAR_ONLY
0,788.7731,t5751,LIDAR_ONLY,37.4100,37.4100,11.1436,26.2664,26.2664,235.7081,235.7081,0,0,21.14,3.36,drive,15.36,front,LIDAR_ONLY
0,788.8400,cam_8,CAM_ONLY,18.1221,,10.7765,7.3456,,68.1626,,0,,14.17,1.66,warning,-9.10,,CAMERA_ONLY
0,788.9019,cam_8,CAM_ONLY,18.1246,,10.7765,7.3480,,68.1854,,0,,11.35,1.10,warning,-9.10,,CAMERA_ONLY
0,788.9669,t5755,BOTH,18.1669,11.0870,10.7765,7.3904,0.3105,68.5783,2.8809,0,1,19.06,0.88,warning,-9.10,,FULL_ANGLE
0,788.9669,t5755,LIDAR_ONLY,11.1042,11.1042,10.7765,0.3277,0.3277,3.0407,3.0407,1,1,19.06,0.88,cautious,-5.09,front,LIDAR_ONLY
0,789.0406,cam_8,CAM_ONLY,18.1498,,10.7765,7.3732,,68.4192,,0,,18.82,1.99,warning,-9.10,,CAMERA_ONLY
0,789.1021,cam_8,CAM_ONLY,18.1065,,10.7765,7.3299,,68.0174,,0,,11.74,1.14,warning,-9.14,,CAMERA_ONLY
0,789.1715,t5755,BOTH,18.1343,11.1089,10.7765,7.3578,0.3323,68.2759,3.0838,0,1,16.08,1.50,warning,-9.14,,FULL_ANGLE
0,789.1715,t5758,LIDAR_ONLY,48.6811,48.6811,8.8092,39.8719,39.8719,452.6153,452.6153,0,0,16.08,1.50,drive,5.62,front,LIDAR_ONLY
0,789.1715,t5760,LIDAR_ONLY,22.4075,22.4075,11.1436,11.2639,11.2639,101.0797,101.0797,0,0,16.08,1.50,drive,26.26,front,LIDAR_ONLY
0,789.1715,t5755,LIDAR_ONLY,11.1068,11.1068,10.7765,0.3303,0.3303,3.0647,3.0647,1,1,16.08,1.50,cautious,-6.76,front,LIDAR_ONLY
0,789.1715,t5760,LIDAR_ONLY,17.3145,17.3145,11.1436,6.1709,6.1709,55.3760,55.3760,0,0,16.08,1.50,drive,22.14,front,LIDAR_ONLY
0,789.2351,cam_8,CAM_ONLY,18.1359,,10.7765,7.3593,,68.2903,,0,,18.93,1.77,warning,-9.10,,CAMERA_ONLY
0,789.2937,cam_8,CAM_ONLY,18.0986,,10.7765,7.3220,,67.9442,,0,,10.55,1.43,warning,-9.06,,CAMERA_ONLY
0,789.3510,cam_8,CAM_ONLY,18.1433,,10.7765,7.3668,,68.3592,,0,,10.75,1.03,warning,-9.10,,CAMERA_ONLY
0,789.4174,t5768,BOTH,18.1682,11.1203,23.6964,5.5281,12.5761,23.3290,53.0716,0,0,14.11,1.15,warning,-9.10,,FULL_ANGLE
0,789.4174,t5768,LIDAR_ONLY,11.2282,11.2282,23.6964,12.4682,12.4682,52.6164,52.6164,0,0,14.11,1.15,cautious,-12.06,front,LIDAR_ONLY
0,789.4833,cam_8,CAM_ONLY,18.1154,,10.7765,7.3388,,68.0998,,0,,15.62,1.87,warning,-9.06,,CAMERA_ONLY
0,789.5588,cam_8,CAM_ONLY,18.1324,,10.7765,7.3558,,68.2575,,0,,21.45,0.91,warning,-9.10,,CAMERA_ONLY
0,789.6224,t5768,BOTH,18.1423,11.1085,23.6968,5.5545,12.5883,23.4400,53.1224,0,0,14.30,1.12,warning,-9.10,,FULL_ANGLE
0,789.6224,t5768,LIDAR_ONLY,11.1059,11.1059,23.6968,12.5908,12.5908,53.1331,53.1331,0,0,14.30,1.12,cautious,-5.07,front,LIDAR_ONLY
0,789.6224,t5768,LIDAR_ONLY,11.1132,11.1132,23.6968,12.5836,12.5836,53.1024,53.1024,0,0,14.30,1.12,cautious,-13.24,front,LIDAR_ONLY
0,789.6224,t5771,LIDAR_ONLY,12.3469,12.3469,11.1436,1.2033,1.2033,10.7978,10.7978,0,0,14.30,1.12,cautious,23.51,front,LIDAR_ONLY
0,789.6920,cam_8,CAM_ONLY,18.1628,,10.7765,7.3863,,68.5402,,0,,11.49,1.46,warning,-9.10,,CAMERA_ONLY
0,789.7568,cam_8,CAM_ONLY,18.1367,,10.7765,7.3602,,68.2982,,0,,13.68,1.34,warning,-9.10,,CAMERA_ONLY
0,789.8259,t5768,BOTH,18.1413,11.1263,23.6970,5.5557,12.5708,23.4447,53.0478,0,0,18.40,1.28,warning,-9.14,,FULL_ANGLE
0,789.8259,t5768,LIDAR_ONLY,11.1198,11.1198,23.6970,12.5772,12.5772,53.0750,53.0750,0,0,18.40,1.28,cautious,-12.42,front,LIDAR_ONLY
0,789.8892,cam_8,CAM_ONLY,18.1398,,10.7765,7.3633,,68.3266,,0,,11.65,0.94,warning,-9.10,,CAMERA_ONLY
0,789.9543,cam_8,CAM_ONLY,18.1435,,10.7765,7.3669,,68.3607,,0,,17.09,0.93,warning,-9.10,,CAMERA_ONLY
0,790.0146,t5768,BOTH,18.0977,11.1404,23.6977,5.6000,12.5573,23.6311,52.9894,0,0,12.81,1.03,warning,-9.14,,FULL_ANGLE
0,790.0146,t5776,LIDAR_ONLY,20.2187,20.2187,,,,,,,,12.81,1.03,drive,29.34,front,LIDAR_ONLY
0,790.0146,t5768,LIDAR_ONLY,11.1368,11.1368,23.6977,12.5608,12.5608,53.0046,53.0046,0,0,12.81,1.03,cautious,-11.86,front,LIDAR_ONLY
0,790.0146,t5778,LIDAR_ONLY,9.5389,9.5389,11.1436,1.6047,1.6047,14.4002,14.4002,0,0,12.81,1.03,slow,8.74,front,LIDAR_ONLY
0,790.0146,t5778,LIDAR_ONLY,10.0826,10.0826,11.1436,1.0610,1.0610,9.5210,9.5210,0,0,12.81,1.03,slow,16.98,front,LIDAR_ONLY
0,790.0842,cam_8,CAM_ONLY,18.1446,,10.7765,7.3681,,68.3715,,0,,12.77,1.87,warning,-9.14,,CAMERA_ONLY
0,790.1469,cam_8,CAM_ONLY,18.1406,,10.7765,7.3641,,68.3341,,0,,16.75,1.64,warning,-9.10,,CAMERA_ONLY
0,790.2313,t5768,BOTH,18.1276,11.1310,10.7765,7.3511,0.3544,68.2135,3.2890,0,1,20.85,1.48,warning,-9.10,,FULL_ANGLE
0,790.2313,t5776,LIDAR_ONLY,20.6355,20.6355,,,,,,,,20.85,1.48,drive,25.94,front,LIDAR_ONLY
0,790.2313,t5768,LIDAR_ONLY,11.0917,11.0917,10.7765,0.3151,0.3151,2.9244,2.9244,1,1,20.85,1.48,cautious,-6.41,front,LIDAR_ONLY
0,790.2313,t5776,LIDAR_ONLY,20.7308,20.7308,,,,,,,,20.85,1.48,drive,29.99,front,LIDAR_ONLY
0,790.3002,cam_8,CAM_ONLY,18.1095,,10.7765,7.3329,,68.0451,,0,,10.36,1.13,warning,-9.06,,CAMERA_ONLY
0,790.3760,t5768,BOTH,18.1057,11.0896,10.7765,7.3292,0.3131,68.0103,2.9053,0,1,17.81,1.33,warning,-9.10,,FULL_ANGLE
0,790.3760,t5776,LIDAR_ONLY,20.8858,20.8858,,,,,,,,17.81,1.33,drive,26.92,front,LIDAR_ONLY
0,790.3760,t5768,LIDAR_ONLY,11.0786,11.0786,10.7765,0.3021,0.3021,2.8033,2.8033,1,1,17.81,1.33,cautious,-5.21,front,LIDAR_ONLY
0,790.3760,t5791,LIDAR_ONLY,9.1840,9.1840,8.8092,0.3747,0.3747,4.2540,4.2540,1,1,17.81,1.33,slow,10.85,front,LIDAR_ONLY
0,790.4525,cam_8,CAM_ONLY,18.1348,,10.7765,7.3582,,68.2801,,0,,19.13,0.97,warning,-9.14,,CAMERA_ONLY
0,790.5248,cam_8,CAM_ONLY,18.1581,,10.7765,7.3816,,68.4969,,0,,21.74,2.57,warning,-9.10,,CAMERA_ONLY
0,790.5248,t5776,LIDAR_ONLY,20.9924,20.9924,,,,,,,,21.74,2.57,drive,27.85,front,LIDAR_ONLY
0,790.5962,cam_8,CAM_ONLY,18.1427,,10.7765,7.3661,,68.3533,,0,,19.73,1.26,warning,-9.10,,CAMERA_ONLY
0,790.6693,t5796,BOTH,18.1393,11.0980,10.7765,7.3628,0.3214,68.3221,2.9827,0,1,19.26,1.40,warning,-9.06,,FULL_ANGLE
0,790.6693,t5796,LIDAR_ONLY,11.1066,11.1066,10.7765,0.3301,0.3301,3.0628,3.0628,1,1,19.26,1.40,cautious,-11.34,front,LIDAR_ONLY
0,790.7255,t5796,BOTH,18.1275,11.1168,10.7765,7.3509,0.3402,68.2125,3.1572,0,1,13.08,1.45,warning,-9.10,,FULL_ANGLE
0,790.7255,t5776,LIDAR_ONLY,21.1875,21.1875,,,,,,,,13.08,1.45,drive,25.50,front,LIDAR_ONLY
0,790.7255,t5776,LIDAR_ONLY,21.1025,21.1025,,,,,,,,13.08,1.45,drive,29.55,front,LIDAR_ONLY
0,790.7255,t5796,LIDAR_ONLY,11.1148,11.1148,10.7765,0.3382,0.3382,3.1386,3.1386,1,1,13.08,1.45,cautious,-6.90,front,LIDAR_ONLY
0,790.7255,t5798,LIDAR_ONLY,9.3344,9.3344,11.1436,1.8092,1.8092,16.2350,16.2350,0,0,13.08,1.45,slow,9.30,front,LIDAR_ONLY
0,790.7255,t5798,LIDAR_ONLY,9.8609,9.8609,11.1436,1.2827,1.2827,11.5104,11.5104,0,0,13.08,1.45,slow,17.40,front,LIDAR_ONLY
0,790.7943,cam_8,CAM_ONLY,18.1418,,10.7765,7.3653,,68.3454,,0,,15.16,1.25,warning,-9.10,,CAMERA_ONLY
0,790.8631,cam_8,CAM_ONLY,18.1150,,10.7765,7.3384,,68.0964,,0,,14.18,0.94,warning,-9.10,,CAMERA_ONLY
0,790.9170,t5796,BOTH,18.1191,11.1105,23.6995,5.5804,12.5890,23.5466,53.1192,0,0,13.09,1.11,warning,-9.10,,FULL_ANGLE
0,790.9170,t5796,LIDAR_ONLY,11.1164,11.1164,23.6995,12.5831,12.5831,53.0945,53.0945,0,0,13.09,1.11,cautious,-12.68,front,LIDAR_ONLY
0,790.9887,cam_8,CAM_ONLY,18.1489,,10.7765,7.3724,,68.4113,,0,,18.02,1.78,warning,-9.10,,CAMERA_ONLY
0,791.0487,cam_8,CAM_ONLY,18.1074,,10.7765,7.3309,,68.0263,,0,,13.40,1.01,warning,-9.06,,CAMERA_ONLY
0,791.1096,t5796,BOTH,18.1300,11.1245,23.6999,5.5699,12.5754,23.5019,53.0609,0,0,10.72,0.98,warning,-9.10,,FULL_ANGLE
0,791.1096,t5796,LIDAR_ONLY,11.1237,11.1237,23.6999,12.5762,12.5762,53.0643,53.0643,0,0,10.72,0.98,cautious,-11.83,front,LIDAR_ONLY
0,791.1096,t5804,LIDAR_ONLY,9.4987,9.4987,8.8092,0.6895,0.6895,7.8270,7.8270,1,1,10.72,0.98,slow,8.87,front,LIDAR_ONLY
0,791.1774,cam_8,CAM_ONLY,18.1299,,10.7765,7.3533,,68.2344,,0,,10.34,1.74,warning,-9.10,,CAMERA_ONLY
0,791.2375,cam_8,CAM_ONLY,18.1200,,10.7765,7.3434,,68.1426,,0,,13.05,1.65,warning,-9.10,,CAMERA_ONLY
0,791.2948,cam_8,CAM_ONLY,18.1169,,10.7765,7.3404,,68.1144,,0,,11.38,0.98,warning,-9.10,,CAMERA_ONLY
0,791.3545,cam_8,CAM_ONLY,18.1643,,10.7765,7.3877,,68.5538,,0,,11.74,1.14,warning,-9.10,,CAMERA_ONLY
